site_id,date,temperature_2m_mean,temperature_2m_max,temperature_2m_min,relative_humidity_2m_mean,relative_humidity_2m_max,precipitation_sum,rain_sum,wind_speed_10m_max,wind_direction_10m_dominant,shortwave_radiation_sum,et0_fao_evapotranspiration,surface_pressure_mean,dew_point_2m_mean,elevation_m,lat,lon
AP-MDP,2020-12-01,20.0,25.0,16.4,82,100,0.0,0.0,17.6,41,18.91,3.58,937.7,16.5,691.0,13.532514,78.54396
AP-MDP,2020-12-02,20.3,25.2,17.1,82,98,0.0,0.0,18.7,25,16.67,3.3,936.3,16.9,691.0,13.532514,78.54396
AP-MDP,2020-12-03,19.8,20.9,18.1,95,99,23.2,23.2,22.4,17,3.81,0.8,934.8,19.0,691.0,13.532514,78.54396
AP-MDP,2020-12-04,20.5,22.6,19.7,98,100,13.5,13.5,22.9,36,6.67,1.12,934.3,20.1,691.0,13.532514,78.54396
AP-MDP,2020-12-05,20.5,22.4,19.6,97,100,14.2,14.2,19.2,33,8.16,1.38,934.9,20.0,691.0,13.532514,78.54396
AP-MDP,2020-12-06,21.0,24.1,19.2,95,100,11.1,11.1,19.6,47,10.8,1.89,936.1,20.1,691.0,13.532514,78.54396
AP-MDP,2020-12-07,21.4,24.5,19.8,93,100,11.2,11.2,21.6,70,12.84,2.26,937.5,20.2,691.0,13.532514,78.54396
AP-MDP,2020-12-08,21.4,24.5,20.0,92,100,10.9,10.9,16.6,89,12.99,2.35,938.1,19.9,691.0,13.532514,78.54396
AP-MDP,2020-12-09,20.8,24.4,17.2,91,100,8.7,8.7,16.2,93,12.32,2.26,937.5,19.3,691.0,13.532514,78.54396
AP-MDP,2020-12-10,19.4,24.6,15.1,81,99,0.0,0.0,11.1,134,20.32,3.69,937.0,15.8,691.0,13.532514,78.54396
AP-MDP,2020-12-11,18.9,24.9,14.5,80,100,0.0,0.0,9.7,125,20.81,3.84,936.9,14.8,691.0,13.532514,78.54396
AP-MDP,2020-12-12,18.5,24.5,13.8,82,100,0.0,0.0,9.5,137,20.4,3.68,936.4,15.0,691.0,13.532514,78.54396
AP-MDP,2020-12-13,19.1,24.8,13.4,80,100,0.0,0.0,8.7,117,20.7,3.76,935.8,15.2,691.0,13.532514,78.54396
AP-MDP,2020-12-14,19.7,24.6,15.3,82,100,0.0,0.0,11.5,113,19.43,3.58,936.0,16.1,691.0,13.532514,78.54396
AP-MDP,2020-12-15,19.8,23.6,15.8,82,99,0.4,0.4,15.5,70,14.41,2.76,937.2,16.4,691.0,13.532514,78.54396
AP-MDP,2020-12-16,20.6,24.4,17.9,89,100,2.3,2.3,15.0,58,11.96,2.31,937.9,18.6,691.0,13.532514,78.54396
AP-MDP,2020-12-17,20.9,24.4,19.1,89,100,2.0,2.0,15.6,56,10.89,2.2,938.0,18.9,691.0,13.532514,78.54396
AP-MDP,2020-12-18,20.6,25.8,17.1,83,100,0.0,0.0,18.4,49,17.63,3.42,937.7,17.1,691.0,13.532514,78.54396
AP-MDP,2020-12-19,20.7,24.7,18.3,85,100,2.4,2.4,16.3,65,13.95,2.78,938.4,17.7,691.0,13.532514,78.54396
AP-MDP,2020-12-20,20.1,24.2,17.6,85,100,1.2,1.2,17.7,55,13.33,2.69,938.4,17.2,691.0,13.532514,78.54396
AP-MDP,2020-12-21,18.4,23.6,14.9,82,100,0.0,0.0,14.7,66,17.78,3.22,937.3,14.8,691.0,13.532514,78.54396
AP-MDP,2020-12-22,18.0,24.3,13.4,78,99,0.0,0.0,11.0,88,20.98,3.79,936.4,13.7,691.0,13.532514,78.54396
AP-MDP,2020-12-23,18.4,23.9,13.2,78,98,0.0,0.0,9.1,92,20.12,3.65,935.6,14.0,691.0,13.532514,78.54396
AP-MDP,2020-12-24,18.6,24.3,14.3,80,99,0.0,0.0,11.5,81,20.34,3.69,934.9,14.5,691.0,13.532514,78.54396
AP-MDP,2020-12-25,18.7,24.4,14.1,79,97,0.0,0.0,9.9,93,20.33,3.69,935.8,14.6,691.0,13.532514,78.54396
AP-MDP,2020-12-26,18.5,23.9,12.9,81,100,0.0,0.0,14.0,61,18.37,3.33,936.7,14.7,691.0,13.532514,78.54396
AP-MDP,2020-12-27,19.1,24.5,15.0,81,99,0.0,0.0,12.0,47,20.43,3.66,936.2,15.5,691.0,13.532514,78.54396
AP-MDP,2020-12-28,18.3,23.9,12.1,81,100,0.0,0.0,10.7,55,20.68,3.71,935.7,14.4,691.0,13.532514,78.54396
AP-MDP,2020-12-29,19.8,25.8,14.8,80,98,0.0,0.0,13.3,85,16.07,3.2,935.7,15.9,691.0,13.532514,78.54396
AP-MDP,2020-12-30,20.6,26.2,16.1,80,97,0.8,0.8,18.0,83,15.54,3.2,936.0,16.8,691.0,13.532514,78.54396
AP-MDP,2020-12-31,19.7,22.5,17.7,86,100,0.5,0.5,16.4,57,5.59,1.46,936.6,17.2,691.0,13.532514,78.54396
AP-MDP,2021-01-01,19.4,23.8,16.4,80,99,0.2,0.2,19.1,68,14.16,2.91,937.2,15.5,691.0,13.532514,78.54396
AP-MDP,2021-01-02,18.7,23.2,13.8,88,100,0.9,0.9,15.0,51,11.19,2.17,936.6,16.5,691.0,13.532514,78.54396
AP-MDP,2021-01-03,20.6,25.8,17.3,84,99,0.2,0.2,13.3,71,11.28,2.44,935.5,17.5,691.0,13.532514,78.54396
AP-MDP,2021-01-04,20.8,25.3,18.1,81,99,0.2,0.2,14.9,90,14.36,2.93,935.7,17.1,691.0,13.532514,78.54396
AP-MDP,2021-01-05,20.5,23.8,18.2,91,99,5.2,5.2,14.8,84,8.48,1.71,936.2,18.9,691.0,13.532514,78.54396
AP-MDP,2021-01-06,21.1,23.7,19.9,93,100,9.6,9.6,17.1,110,8.9,1.71,935.4,19.9,691.0,13.532514,78.54396
AP-MDP,2021-01-07,20.9,23.2,19.7,94,99,8.2,8.2,14.8,92,7.3,1.41,934.4,19.9,691.0,13.532514,78.54396
AP-MDP,2021-01-08,21.8,25.6,19.5,89,100,4.6,4.6,12.7,102,13.54,2.63,933.9,19.8,691.0,13.532514,78.54396
AP-MDP,2021-01-09,21.5,25.1,18.7,86,99,1.0,1.0,13.1,92,11.0,2.3,934.6,18.8,691.0,13.532514,78.54396
AP-MDP,2021-01-10,21.5,25.8,18.5,85,99,1.2,1.2,13.8,70,11.92,2.55,935.2,18.5,691.0,13.532514,78.54396
AP-MDP,2021-01-11,20.9,24.4,17.5,84,99,0.0,0.0,11.8,38,9.08,2.04,936.0,17.8,691.0,13.532514,78.54396
AP-MDP,2021-01-12,20.2,25.4,16.6,81,100,0.0,0.0,17.3,41,18.59,3.62,936.0,16.3,691.0,13.532514,78.54396
AP-MDP,2021-01-13,19.7,25.6,15.7,81,100,0.0,0.0,15.6,58,20.28,3.78,935.8,16.0,691.0,13.532514,78.54396
AP-MDP,2021-01-14,20.2,25.3,15.5,82,99,0.4,0.4,14.7,64,16.85,3.25,935.5,16.8,691.0,13.532514,78.54396
AP-MDP,2021-01-15,20.7,25.6,16.7,76,100,0.0,0.0,14.0,111,19.36,3.83,935.3,15.7,691.0,13.532514,78.54396
AP-MDP,2021-01-16,20.2,26.4,15.0,74,98,0.0,0.0,9.7,134,21.38,4.19,934.4,14.6,691.0,13.532514,78.54396
AP-MDP,2021-01-17,19.8,25.7,15.6,75,100,0.0,0.0,13.0,126,21.5,4.22,935.4,14.4,691.0,13.532514,78.54396
AP-MDP,2021-01-18,19.6,25.1,14.5,78,100,0.0,0.0,13.7,103,20.64,3.95,936.5,15.1,691.0,13.532514,78.54396
AP-MDP,2021-01-19,19.7,24.7,16.2,78,99,0.0,0.0,8.9,71,17.41,3.33,936.1,15.3,691.0,13.532514,78.54396
AP-MDP,2021-01-20,20.9,26.7,15.7,70,94,0.0,0.0,9.2,85,21.81,4.22,936.5,14.6,691.0,13.532514,78.54396
AP-MDP,2021-01-21,21.7,27.8,16.7,78,100,0.1,0.1,7.9,148,20.17,3.99,936.1,17.0,691.0,13.532514,78.54396
AP-MDP,2021-01-22,22.5,27.3,18.2,73,100,0.0,0.0,10.7,111,20.85,4.24,936.3,16.5,691.0,13.532514,78.54396
AP-MDP,2021-01-23,21.2,26.6,17.2,71,100,0.0,0.0,13.1,124,22.25,4.53,936.4,14.7,691.0,13.532514,78.54396
AP-MDP,2021-01-24,20.4,26.7,15.3,69,98,0.0,0.0,9.1,156,22.8,4.46,936.6,13.3,691.0,13.532514,78.54396
AP-MDP,2021-01-25,20.2,26.8,15.1,72,98,0.0,0.0,10.3,147,22.61,4.45,937.1,14.0,691.0,13.532514,78.54396
AP-MDP,2021-01-26,20.6,27.3,16.4,69,100,0.0,0.0,10.5,122,22.86,4.62,936.7,13.3,691.0,13.532514,78.54396
AP-MDP,2021-01-27,19.9,26.8,14.3,70,100,0.0,0.0,12.8,137,22.73,4.6,936.7,12.7,691.0,13.532514,78.54396
AP-MDP,2021-01-28,19.6,26.0,13.9,76,100,0.1,0.1,14.3,116,21.81,4.24,937.1,14.3,691.0,13.532514,78.54396
AP-MDP,2021-01-29,21.3,27.6,16.3,74,100,0.1,0.1,16.2,113,21.27,4.35,937.7,15.7,691.0,13.532514,78.54396
AP-MDP,2021-01-30,21.6,27.7,16.4,71,100,0.0,0.0,13.4,105,21.0,4.35,937.1,14.9,691.0,13.532514,78.54396
AP-MDP,2021-01-31,21.7,27.7,16.7,70,100,0.0,0.0,12.6,117,21.41,4.6,937.5,14.7,691.0,13.532514,78.54396
AP-MDP,2021-02-01,20.8,27.3,15.1,65,98,0.0,0.0,14.0,78,23.22,4.93,938.9,12.2,691.0,13.532514,78.54396
AP-MDP,2021-02-02,20.9,27.0,15.7,72,100,0.0,0.0,15.0,90,19.53,4.24,939.3,14.8,691.0,13.532514,78.54396
AP-MDP,2021-02-03,20.8,26.5,15.9,70,99,0.0,0.0,14.2,96,19.75,4.18,938.7,14.2,691.0,13.532514,78.54396
AP-MDP,2021-02-04,19.7,26.5,14.0,69,99,0.0,0.0,12.9,112,22.81,4.59,938.1,12.8,691.0,13.532514,78.54396
AP-MDP,2021-02-05,19.8,27.0,14.0,63,99,0.0,0.0,10.7,76,23.67,4.85,937.4,10.7,691.0,13.532514,78.54396
AP-MDP,2021-02-06,20.0,27.8,13.2,64,98,0.0,0.0,15.4,75,23.64,5.04,936.4,11.2,691.0,13.532514,78.54396
AP-MDP,2021-02-07,20.5,27.4,14.3,52,96,0.0,0.0,14.8,76,24.26,5.3,937.1,8.8,691.0,13.532514,78.54396
AP-MDP,2021-02-08,20.7,27.0,14.7,54,85,0.0,0.0,16.8,79,23.95,5.23,937.8,10.4,691.0,13.532514,78.54396
AP-MDP,2021-02-09,19.4,26.2,13.3,71,100,0.0,0.0,14.2,119,22.28,4.48,937.1,12.9,691.0,13.532514,78.54396
AP-MDP,2021-02-10,19.5,27.3,12.8,62,100,0.0,0.0,11.4,122,24.57,5.05,936.0,10.1,691.0,13.532514,78.54396
AP-MDP,2021-02-11,20.0,27.3,14.8,65,100,0.0,0.0,12.4,132,23.85,4.99,935.7,12.0,691.0,13.532514,78.54396
AP-MDP,2021-02-12,19.3,27.4,12.8,59,97,0.0,0.0,12.0,121,24.99,5.2,936.0,8.5,691.0,13.532514,78.54396
AP-MDP,2021-02-13,19.4,27.4,12.1,59,97,0.0,0.0,10.5,113,25.14,5.13,936.9,8.6,691.0,13.532514,78.54396
AP-MDP,2021-02-14,20.8,28.2,15.5,61,100,0.0,0.0,11.5,90,24.66,5.19,937.2,10.5,691.0,13.532514,78.54396
AP-MDP,2021-02-15,21.6,29.5,15.3,56,98,0.0,0.0,10.6,65,24.72,5.43,936.1,9.7,691.0,13.532514,78.54396
AP-MDP,2021-02-16,21.4,29.1,15.1,59,97,0.0,0.0,10.7,142,24.48,5.25,935.8,10.7,691.0,13.532514,78.54396
AP-MDP,2021-02-17,21.6,28.8,15.8,62,100,0.0,0.0,11.6,124,24.51,5.26,935.6,11.9,691.0,13.532514,78.54396
AP-MDP,2021-02-18,21.3,27.5,16.2,69,98,0.0,0.0,15.2,119,22.62,4.88,936.8,14.4,691.0,13.532514,78.54396
AP-MDP,2021-02-19,21.2,28.1,17.2,73,97,0.9,0.9,15.4,75,21.58,4.49,937.5,15.2,691.0,13.532514,78.54396
AP-MDP,2021-02-20,19.8,24.3,17.2,86,100,3.8,3.8,16.7,52,13.59,2.64,937.0,17.2,691.0,13.532514,78.54396
AP-MDP,2021-02-21,19.6,22.5,18.1,91,100,13.6,13.6,14.1,83,11.3,2.05,937.5,18.1,691.0,13.532514,78.54396
AP-MDP,2021-02-22,20.8,26.4,17.5,82,100,1.5,1.5,13.0,80,16.1,3.2,938.2,17.3,691.0,13.532514,78.54396
AP-MDP,2021-02-23,21.7,28.4,16.0,68,99,0.0,0.0,11.2,109,23.91,4.98,936.7,14.3,691.0,13.532514,78.54396
AP-MDP,2021-02-24,22.2,28.8,17.0,63,100,0.0,0.0,11.2,144,24.55,5.23,936.1,13.2,691.0,13.532514,78.54396
AP-MDP,2021-02-25,22.7,29.9,15.9,53,90,0.0,0.0,10.8,114,24.87,5.56,935.8,11.1,691.0,13.532514,78.54396
AP-MDP,2021-02-26,24.0,31.4,17.1,52,87,0.0,0.0,11.0,120,25.14,5.82,934.7,11.5,691.0,13.532514,78.54396
AP-MDP,2021-02-27,24.3,31.8,18.3,55,93,0.0,0.0,10.8,150,24.4,5.72,934.0,13.0,691.0,13.532514,78.54396
AP-MDP,2021-02-28,24.3,31.5,18.4,49,83,0.0,0.0,14.8,148,25.44,6.3,934.6,11.0,691.0,13.532514,78.54396
AP-MDP,2021-03-01,24.2,31.5,17.8,41,75,0.0,0.0,14.1,153,25.97,6.45,937.0,8.1,691.0,13.532514,78.54396
AP-MDP,2021-03-02,24.3,31.5,18.2,46,79,0.0,0.0,17.1,151,23.75,6.21,937.3,10.1,691.0,13.532514,78.54396
AP-MDP,2021-03-03,23.9,31.1,17.7,45,77,0.0,0.0,17.3,123,25.72,6.43,936.4,9.2,691.0,13.532514,78.54396
AP-MDP,2021-03-04,22.5,29.8,16.3,47,74,0.0,0.0,18.8,126,26.23,6.26,936.5,8.8,691.0,13.532514,78.54396
AP-MDP,2021-03-05,22.4,30.3,14.8,56,94,0.0,0.0,12.8,150,26.14,5.87,937.2,11.3,691.0,13.532514,78.54396
AP-MDP,2021-03-06,24.1,32.5,17.0,52,95,0.0,0.0,14.1,94,26.34,6.17,937.3,10.1,691.0,13.532514,78.54396
AP-MDP,2021-03-07,24.3,32.3,17.9,55,99,0.0,0.0,16.6,127,26.16,6.26,936.5,11.7,691.0,13.532514,78.54396
AP-MDP,2021-03-08,23.6,31.3,17.2,57,100,0.0,0.0,14.4,146,26.36,6.12,937.0,11.8,691.0,13.532514,78.54396
AP-MDP,2021-03-09,23.4,31.1,16.5,61,100,0.0,0.0,14.7,150,26.3,5.99,937.5,13.2,691.0,13.532514,78.54396
AP-MDP,2021-03-10,24.5,31.3,19.0,62,98,0.0,0.0,15.0,132,25.48,5.79,937.6,14.8,691.0,13.532514,78.54396
AP-MDP,2021-03-11,24.6,31.4,19.3,60,99,0.0,0.0,13.8,151,25.64,6.04,937.4,14.5,691.0,13.532514,78.54396
AP-MDP,2021-03-12,23.6,30.5,17.0,44,75,0.0,0.0,13.2,145,26.93,6.55,938.1,8.4,691.0,13.532514,78.54396
AP-MDP,2021-03-13,23.6,30.7,16.3,49,89,0.0,0.0,14.3,151,26.48,6.45,937.7,10.3,691.0,13.532514,78.54396
AP-MDP,2021-03-14,23.8,31.2,16.5,47,82,0.0,0.0,14.8,151,26.73,6.59,936.4,9.8,691.0,13.532514,78.54396
AP-MDP,2021-03-15,24.6,31.9,17.6,44,70,0.0,0.0,15.7,153,26.61,6.51,935.8,9.9,691.0,13.532514,78.54396
AP-MDP,2021-03-16,25.1,32.5,18.4,47,81,0.0,0.0,14.5,137,26.49,6.55,935.8,10.6,691.0,13.532514,78.54396
AP-MDP,2021-03-17,25.2,32.5,18.1,48,85,0.0,0.0,15.1,148,26.3,6.64,935.0,11.2,691.0,13.532514,78.54396
AP-MDP,2021-03-18,24.9,32.0,18.6,51,92,0.0,0.0,16.9,135,25.62,6.39,935.3,11.8,691.0,13.532514,78.54396
AP-MDP,2021-03-19,24.0,31.8,16.8,50,95,0.0,0.0,13.0,144,26.56,6.32,934.8,10.7,691.0,13.532514,78.54396
AP-MDP,2021-03-20,24.7,32.0,17.3,47,81,0.0,0.0,13.2,164,26.91,6.62,933.9,10.6,691.0,13.532514,78.54396
AP-MDP,2021-03-21,25.4,32.9,18.4,47,91,0.0,0.0,13.7,139,26.81,6.73,933.9,9.9,691.0,13.532514,78.54396
AP-MDP,2021-03-22,25.7,32.8,19.5,42,79,0.0,0.0,17.7,123,26.46,6.89,935.2,9.3,691.0,13.532514,78.54396
AP-MDP,2021-03-23,25.5,32.7,18.2,54,94,0.0,0.0,13.8,144,26.43,6.54,936.0,13.3,691.0,13.532514,78.54396
AP-MDP,2021-03-24,25.8,33.1,18.5,52,92,0.0,0.0,14.4,130,26.44,6.49,936.0,13.1,691.0,13.532514,78.54396
AP-MDP,2021-03-25,26.5,34.0,19.6,51,93,0.0,0.0,17.7,105,26.1,6.79,935.2,12.8,691.0,13.532514,78.54396
AP-MDP,2021-03-26,26.4,33.9,18.2,48,85,0.0,0.0,15.5,122,26.7,6.79,934.7,12.0,691.0,13.532514,78.54396
AP-MDP,2021-03-27,26.8,33.8,19.9,51,91,0.0,0.0,14.2,141,26.54,6.81,934.5,13.7,691.0,13.532514,78.54396
AP-MDP,2021-03-28,27.2,34.3,20.6,46,80,0.0,0.0,12.9,146,24.7,6.51,933.9,12.7,691.0,13.532514,78.54396
AP-MDP,2021-03-29,27.1,34.6,20.1,46,87,0.0,0.0,13.2,134,26.09,6.86,933.6,12.2,691.0,13.532514,78.54396
AP-MDP,2021-03-30,27.8,35.1,21.8,42,74,0.0,0.0,15.3,279,26.52,7.32,932.6,12.0,691.0,13.532514,78.54396
AP-MDP,2021-03-31,29.2,35.8,23.8,33,47,0.0,0.0,15.8,271,25.67,7.41,931.2,10.6,691.0,13.532514,78.54396
AP-MDP,2021-04-01,28.4,35.7,21.1,34,75,0.0,0.0,18.0,288,27.18,7.18,930.9,9.7,691.0,13.532514,78.54396
AP-MDP,2021-04-02,28.4,35.4,22.5,35,69,0.0,0.0,18.4,288,27.12,7.59,931.6,10.2,691.0,13.532514,78.54396
AP-MDP,2021-04-03,29.1,35.6,22.8,35,61,0.0,0.0,14.2,243,25.04,7.05,932.1,10.4,691.0,13.532514,78.54396
AP-MDP,2021-04-04,28.4,33.7,23.3,44,81,0.0,0.0,15.4,338,22.92,6.35,933.7,13.8,691.0,13.532514,78.54396
AP-MDP,2021-04-05,27.2,33.0,22.9,62,98,0.1,0.1,16.1,130,22.2,5.55,934.8,17.9,691.0,13.532514,78.54396
AP-MDP,2021-04-06,26.5,33.7,19.7,56,100,0.0,0.0,14.4,143,26.25,6.54,935.3,14.5,691.0,13.532514,78.54396
AP-MDP,2021-04-07,27.0,34.0,19.8,44,79,0.0,0.0,13.8,152,26.66,6.97,935.8,11.7,691.0,13.532514,78.54396
AP-MDP,2021-04-08,27.1,34.4,19.9,42,77,0.0,0.0,14.1,161,27.14,7.25,934.3,11.0,691.0,13.532514,78.54396
AP-MDP,2021-04-09,26.4,33.8,19.5,51,93,0.0,0.0,14.3,157,27.04,6.87,933.9,13.5,691.0,13.532514,78.54396
AP-MDP,2021-04-10,25.7,32.5,19.1,55,88,0.0,0.0,14.6,140,26.76,6.53,935.3,14.6,691.0,13.532514,78.54396
AP-MDP,2021-04-11,25.9,32.5,19.9,62,98,0.0,0.0,14.0,141,25.79,6.2,936.5,16.6,691.0,13.532514,78.54396
AP-MDP,2021-04-12,26.1,32.1,20.9,65,97,0.1,0.1,16.4,136,24.52,5.93,936.9,18.0,691.0,13.532514,78.54396
AP-MDP,2021-04-13,26.2,32.4,20.2,62,97,0.0,0.0,15.1,145,23.85,5.93,936.3,17.0,691.0,13.532514,78.54396
AP-MDP,2021-04-14,25.0,30.8,21.1,74,94,0.8,0.8,14.9,161,19.56,4.4,935.7,19.6,691.0,13.532514,78.54396
AP-MDP,2021-04-15,24.5,29.4,20.8,74,97,9.6,9.6,11.7,141,19.2,4.27,935.3,19.1,691.0,13.532514,78.54396
AP-MDP,2021-04-16,25.9,31.5,20.5,61,93,0.1,0.1,13.7,155,23.42,5.67,934.7,16.8,691.0,13.532514,78.54396
AP-MDP,2021-04-17,27.1,33.6,21.5,59,98,0.0,0.0,14.4,133,24.48,6.08,935.4,16.8,691.0,13.532514,78.54396
AP-MDP,2021-04-18,27.3,33.1,21.8,56,96,0.0,0.0,12.8,153,25.75,6.27,936.3,16.1,691.0,13.532514,78.54396
AP-MDP,2021-04-19,28.4,33.9,22.9,48,73,0.0,0.0,15.9,253,23.95,6.4,934.6,15.7,691.0,13.532514,78.54396
AP-MDP,2021-04-20,28.2,32.8,23.7,52,77,0.0,0.0,13.1,214,19.95,5.14,933.9,16.8,691.0,13.532514,78.54396
AP-MDP,2021-04-21,28.0,33.2,22.5,52,73,0.2,0.2,10.3,195,20.99,5.14,935.0,16.5,691.0,13.532514,78.54396
AP-MDP,2021-04-22,27.0,32.8,22.1,66,89,2.5,2.5,17.1,131,21.97,4.9,935.4,19.6,691.0,13.532514,78.54396
AP-MDP,2021-04-23,26.7,32.7,22.2,65,90,1.0,1.0,11.3,233,19.74,4.51,935.3,19.0,691.0,13.532514,78.54396
AP-MDP,2021-04-24,26.9,32.2,21.9,67,94,0.7,0.7,11.8,104,19.59,4.73,934.6,19.4,691.0,13.532514,78.54396
AP-MDP,2021-04-25,27.8,34.3,21.7,55,87,0.0,0.0,14.4,140,25.96,6.67,934.4,16.5,691.0,13.532514,78.54396
AP-MDP,2021-04-26,27.6,34.9,21.6,56,99,0.0,0.0,13.7,134,26.74,6.55,934.1,15.3,691.0,13.532514,78.54396
AP-MDP,2021-04-27,27.3,34.0,21.3,59,98,0.0,0.0,15.7,136,26.4,6.4,934.9,16.5,691.0,13.532514,78.54396
AP-MDP,2021-04-28,28.2,34.7,21.5,55,96,0.0,0.0,14.1,124,24.36,6.23,935.4,16.6,691.0,13.532514,78.54396
AP-MDP,2021-04-29,28.1,34.3,22.1,53,90,0.0,0.0,15.0,137,23.04,5.97,934.7,15.9,691.0,13.532514,78.54396
AP-MDP,2021-04-30,27.6,33.9,21.9,59,95,0.0,0.0,13.9,130,22.72,5.87,934.2,17.3,691.0,13.532514,78.54396
AP-MDP,2021-05-01,27.3,33.6,21.7,61,98,0.0,0.0,14.6,138,26.14,6.49,934.2,17.6,691.0,13.532514,78.54396
AP-MDP,2021-05-02,27.2,33.0,21.7,62,98,0.0,0.0,13.1,133,25.1,6.2,934.3,17.9,691.0,13.532514,78.54396
AP-MDP,2021-05-03,27.2,33.0,21.9,62,95,0.0,0.0,15.5,134,24.74,6.13,933.8,18.1,691.0,13.532514,78.54396
AP-MDP,2021-05-04,26.9,32.2,21.9,67,94,0.9,0.9,17.2,150,19.89,4.85,933.8,19.6,691.0,13.532514,78.54396
AP-MDP,2021-05-05,28.0,34.6,21.3,58,93,0.0,0.0,17.7,139,26.15,6.68,933.6,17.3,691.0,13.532514,78.54396
AP-MDP,2021-05-06,27.8,34.1,21.8,60,95,0.0,0.0,17.4,151,25.22,6.46,934.5,17.9,691.0,13.532514,78.54396
AP-MDP,2021-05-07,27.3,33.2,22.5,64,92,0.0,0.0,17.1,143,23.32,6.01,935.2,19.0,691.0,13.532514,78.54396
AP-MDP,2021-05-08,27.2,34.1,21.5,64,94,0.0,0.0,19.1,137,25.16,6.27,934.4,18.6,691.0,13.532514,78.54396
AP-MDP,2021-05-09,27.9,34.3,21.7,61,96,0.1,0.1,16.6,147,25.15,6.35,933.2,18.6,691.0,13.532514,78.54396
AP-MDP,2021-05-10,28.4,33.4,23.1,61,90,0.5,0.5,14.7,147,22.68,5.82,933.0,19.1,691.0,13.532514,78.54396
AP-MDP,2021-05-11,29.3,34.7,24.1,56,82,0.4,0.4,13.7,234,22.59,5.73,932.9,18.8,691.0,13.532514,78.54396
AP-MDP,2021-05-12,28.4,34.0,23.9,61,83,2.1,2.1,14.4,136,21.5,5.33,931.9,19.7,691.0,13.532514,78.54396
AP-MDP,2021-05-13,28.3,34.7,23.7,61,81,0.2,0.2,19.7,152,20.04,5.2,931.4,19.4,691.0,13.532514,78.54396
AP-MDP,2021-05-14,28.4,35.3,22.5,61,89,1.7,1.7,19.3,165,22.32,6.47,930.3,19.3,691.0,13.532514,78.54396
AP-MDP,2021-05-15,26.2,32.8,23.1,68,85,1.8,1.8,27.6,181,16.78,4.95,929.1,19.3,691.0,13.532514,78.54396
AP-MDP,2021-05-16,25.7,29.5,22.6,69,85,1.0,1.0,19.4,192,10.58,3.37,930.7,19.4,691.0,13.532514,78.54396
AP-MDP,2021-05-17,28.0,34.5,21.8,62,94,0.7,0.7,14.8,184,23.57,5.95,932.2,19.0,691.0,13.532514,78.54396
AP-MDP,2021-05-18,28.6,35.0,22.7,57,86,0.2,0.2,15.1,187,23.31,6.13,932.7,18.5,691.0,13.532514,78.54396
AP-MDP,2021-05-19,27.7,34.4,22.3,63,92,53.9,53.9,11.4,216,22.69,5.5,932.2,18.9,691.0,13.532514,78.54396
AP-MDP,2021-05-20,26.2,32.5,22.5,76,96,84.3,84.3,11.9,267,20.53,4.58,932.6,21.1,691.0,13.532514,78.54396
AP-MDP,2021-05-21,25.1,30.6,22.4,78,91,14.0,14.0,17.5,264,16.38,3.88,932.5,20.7,691.0,13.532514,78.54396
AP-MDP,2021-05-22,24.0,27.9,22.0,79,91,7.5,7.5,20.9,276,10.58,2.59,931.8,20.1,691.0,13.532514,78.54396
AP-MDP,2021-05-23,26.6,31.2,22.5,65,86,0.1,0.1,20.9,281,19.42,5.15,932.0,19.0,691.0,13.532514,78.54396
AP-MDP,2021-05-24,26.9,31.2,23.5,65,81,0.3,0.3,23.8,293,19.62,5.46,932.3,19.4,691.0,13.532514,78.54396
AP-MDP,2021-05-25,27.1,32.0,23.6,62,77,0.7,0.7,22.5,279,18.47,5.67,930.7,18.9,691.0,13.532514,78.54396
AP-MDP,2021-05-26,27.5,32.7,22.5,58,82,0.0,0.0,24.6,278,23.88,6.94,930.0,17.8,691.0,13.532514,78.54396
AP-MDP,2021-05-27,27.3,33.1,22.4,55,79,0.0,0.0,27.0,280,24.81,7.16,931.0,16.7,691.0,13.532514,78.54396
AP-MDP,2021-05-28,27.5,33.1,22.0,52,71,0.0,0.0,23.9,286,25.35,7.06,932.1,16.2,691.0,13.532514,78.54396
AP-MDP,2021-05-29,28.4,34.2,22.7,51,79,0.0,0.0,20.9,280,23.67,6.42,932.8,16.5,691.0,13.532514,78.54396
AP-MDP,2021-05-30,28.1,34.4,23.0,59,82,1.9,1.9,18.7,281,24.44,6.51,932.7,18.6,691.0,13.532514,78.54396
AP-MDP,2021-05-31,27.8,34.2,22.5,62,87,3.5,3.5,17.3,270,22.9,5.86,931.5,19.0,691.0,13.532514,78.54396
AP-MDP,2021-06-01,26.9,32.9,23.0,69,88,13.1,13.1,13.8,270,20.1,4.79,931.9,20.3,691.0,13.532514,78.54396
AP-MDP,2021-06-02,25.9,31.6,22.0,77,94,20.0,20.0,13.9,292,21.09,4.63,932.4,21.0,691.0,13.532514,78.54396
AP-MDP,2021-06-03,26.1,31.0,22.2,74,94,3.8,3.8,10.1,320,18.3,4.16,933.2,20.8,691.0,13.532514,78.54396
AP-MDP,2021-06-04,24.8,29.8,21.8,83,97,11.0,11.0,11.1,188,14.79,3.23,933.9,21.5,691.0,13.532514,78.54396
AP-MDP,2021-06-05,24.2,27.7,21.3,84,99,27.0,27.0,11.5,229,13.95,2.94,933.0,21.1,691.0,13.532514,78.54396
AP-MDP,2021-06-06,25.3,29.8,21.7,70,93,0.8,0.8,10.2,276,22.11,4.87,933.1,18.9,691.0,13.532514,78.54396
AP-MDP,2021-06-07,26.2,30.6,22.2,66,89,0.3,0.3,13.8,292,24.17,5.5,933.3,18.9,691.0,13.532514,78.54396
AP-MDP,2021-06-08,26.7,31.3,22.0,57,82,0.0,0.0,18.5,284,26.12,6.57,932.6,17.0,691.0,13.532514,78.54396
AP-MDP,2021-06-09,26.1,31.0,22.2,63,76,1.0,1.0,22.0,276,21.95,5.9,931.7,18.3,691.0,13.532514,78.54396
AP-MDP,2021-06-10,26.3,31.5,22.1,63,77,0.0,0.0,23.1,281,23.45,6.32,930.8,18.2,691.0,13.532514,78.54396
AP-MDP,2021-06-11,26.3,31.1,22.8,58,74,0.0,0.0,26.1,278,19.57,6.18,930.8,16.9,691.0,13.532514,78.54396
AP-MDP,2021-06-12,26.0,31.3,22.7,65,78,0.8,0.8,28.4,269,20.26,5.93,930.7,18.6,691.0,13.532514,78.54396
AP-MDP,2021-06-13,25.3,30.0,23.0,68,80,0.2,0.2,30.1,270,17.1,5.18,930.2,18.7,691.0,13.532514,78.54396
AP-MDP,2021-06-14,25.0,27.8,22.9,68,78,0.2,0.2,27.4,266,12.52,4.45,930.0,18.5,691.0,13.532514,78.54396
AP-MDP,2021-06-15,25.5,29.2,22.9,65,78,0.0,0.0,28.9,259,10.86,4.45,929.5,18.2,691.0,13.532514,78.54396
AP-MDP,2021-06-16,25.8,31.1,22.5,64,76,1.8,1.8,29.1,260,19.79,5.76,931.1,18.4,691.0,13.532514,78.54396
AP-MDP,2021-06-17,26.3,30.8,22.9,61,77,0.3,0.3,27.7,260,20.52,6.1,931.7,18.0,691.0,13.532514,78.54396
AP-MDP,2021-06-18,26.4,30.8,22.7,59,77,0.4,0.4,27.1,258,18.97,5.93,933.0,17.5,691.0,13.532514,78.54396
AP-MDP,2021-06-19,26.0,30.7,22.5,60,77,0.1,0.1,26.7,264,21.53,6.24,934.4,17.3,691.0,13.532514,78.54396
AP-MDP,2021-06-20,26.6,31.8,22.4,60,80,0.2,0.2,22.7,274,23.68,6.5,934.6,17.5,691.0,13.532514,78.54396
AP-MDP,2021-06-21,26.8,32.4,21.6,60,83,0.2,0.2,22.8,282,24.67,6.64,933.7,17.7,691.0,13.532514,78.54396
AP-MDP,2021-06-22,26.8,32.0,22.2,58,79,0.0,0.0,20.1,291,20.63,5.68,932.8,17.2,691.0,13.532514,78.54396
AP-MDP,2021-06-23,27.3,32.6,23.2,57,77,0.0,0.0,17.7,277,21.96,6.0,932.6,17.4,691.0,13.532514,78.54396
AP-MDP,2021-06-24,27.1,32.3,22.6,57,80,0.0,0.0,20.0,286,22.98,6.41,933.1,17.2,691.0,13.532514,78.54396
AP-MDP,2021-06-25,26.8,31.8,22.2,55,75,0.0,0.0,21.9,291,22.84,6.57,932.2,16.5,691.0,13.532514,78.54396
AP-MDP,2021-06-26,26.0,30.4,22.7,63,86,2.8,2.8,24.9,287,16.39,5.01,931.6,18.0,691.0,13.532514,78.54396
AP-MDP,2021-06-27,23.9,26.4,21.1,75,90,4.9,4.9,25.2,296,12.38,3.41,932.5,19.1,691.0,13.532514,78.54396
AP-MDP,2021-06-28,26.0,30.4,21.0,61,90,0.0,0.0,13.7,275,16.15,4.37,932.3,17.2,691.0,13.532514,78.54396
AP-MDP,2021-06-29,28.0,33.4,21.8,55,85,0.3,0.3,12.2,229,20.84,5.04,932.5,17.5,691.0,13.532514,78.54396
AP-MDP,2021-06-30,27.9,32.4,23.6,59,80,2.7,2.7,11.5,262,20.37,5.11,932.4,18.8,691.0,13.532514,78.54396
AP-MDP,2021-07-01,26.4,32.7,23.2,71,94,18.0,18.0,12.5,243,20.44,4.7,931.2,20.4,691.0,13.532514,78.54396
AP-MDP,2021-07-02,25.5,31.2,22.0,78,94,22.0,22.0,17.6,280,21.34,4.69,932.0,20.9,691.0,13.532514,78.54396
AP-MDP,2021-07-03,25.4,31.0,22.1,75,93,4.8,4.8,12.2,285,21.76,4.79,932.5,20.1,691.0,13.532514,78.54396
AP-MDP,2021-07-04,24.5,28.2,21.8,80,94,9.4,9.4,15.2,298,16.57,3.61,932.4,20.6,691.0,13.532514,78.54396
AP-MDP,2021-07-05,24.9,30.2,21.2,76,91,7.6,7.6,17.5,304,22.29,4.76,931.5,20.2,691.0,13.532514,78.54396
AP-MDP,2021-07-06,25.1,30.1,21.3,75,92,7.1,7.1,12.7,278,22.21,4.73,930.8,20.0,691.0,13.532514,78.54396
AP-MDP,2021-07-07,25.0,29.7,21.8,80,94,18.6,18.6,13.3,259,19.52,4.09,930.9,21.1,691.0,13.532514,78.54396
AP-MDP,2021-07-08,25.7,30.2,22.1,72,91,0.3,0.3,16.2,286,20.06,4.59,931.1,20.0,691.0,13.532514,78.54396
AP-MDP,2021-07-09,24.5,28.8,21.5,81,94,21.7,21.7,15.4,276,15.88,3.55,929.6,20.9,691.0,13.532514,78.54396
AP-MDP,2021-07-10,24.5,28.1,21.6,74,90,0.4,0.4,23.1,268,14.56,3.98,928.5,19.3,691.0,13.532514,78.54396
AP-MDP,2021-07-11,24.7,28.2,21.9,69,80,0.5,0.5,32.0,276,16.66,4.67,928.3,18.5,691.0,13.532514,78.54396
AP-MDP,2021-07-12,24.0,27.5,21.6,74,90,1.6,1.6,22.0,268,7.6,2.85,928.6,19.0,691.0,13.532514,78.54396
AP-MDP,2021-07-13,23.8,27.7,21.4,78,91,3.4,3.4,25.9,269,15.47,3.81,929.3,19.5,691.0,13.532514,78.54396
AP-MDP,2021-07-14,23.5,26.3,21.9,79,89,8.5,8.5,28.0,267,9.57,2.83,929.7,19.6,691.0,13.532514,78.54396
AP-MDP,2021-07-15,23.0,26.5,20.7,80,92,12.1,12.1,25.9,258,11.26,3.04,929.4,19.2,691.0,13.532514,78.54396
AP-MDP,2021-07-16,23.8,28.7,21.3,81,92,7.6,7.6,18.4,256,15.42,3.51,931.6,20.3,691.0,13.532514,78.54396
AP-MDP,2021-07-17,24.4,28.4,21.8,78,93,9.5,9.5,21.3,290,11.91,3.12,931.7,20.1,691.0,13.532514,78.54396
AP-MDP,2021-07-18,23.6,26.7,21.3,80,94,6.6,6.6,23.7,269,11.61,3.07,930.6,19.9,691.0,13.532514,78.54396
AP-MDP,2021-07-19,24.6,29.0,21.7,72,84,0.1,0.1,29.8,275,16.25,4.55,930.7,19.0,691.0,13.532514,78.54396
AP-MDP,2021-07-20,24.7,28.9,21.6,69,80,0.5,0.5,31.6,277,19.9,5.34,932.5,18.5,691.0,13.532514,78.54396
AP-MDP,2021-07-21,23.5,26.2,22.0,76,82,4.0,4.0,28.8,275,7.7,2.97,931.6,19.1,691.0,13.532514,78.54396
AP-MDP,2021-07-22,22.7,25.5,21.2,81,88,9.2,9.2,34.0,268,8.77,2.81,928.5,19.1,691.0,13.532514,78.54396
AP-MDP,2021-07-23,23.8,27.7,21.4,75,85,3.1,3.1,32.0,270,16.37,4.34,928.5,19.0,691.0,13.532514,78.54396
AP-MDP,2021-07-24,25.0,29.6,21.5,73,86,1.7,1.7,29.8,271,21.92,5.19,930.2,19.7,691.0,13.532514,78.54396
AP-MDP,2021-07-25,26.0,30.3,22.4,66,82,0.0,0.0,23.9,272,22.82,5.89,931.4,19.0,691.0,13.532514,78.54396
AP-MDP,2021-07-26,25.4,29.9,21.7,68,84,0.1,0.1,25.9,276,18.49,4.88,931.9,18.8,691.0,13.532514,78.54396
AP-MDP,2021-07-27,25.5,30.3,21.1,65,85,0.0,0.0,27.8,268,21.46,5.68,931.4,18.0,691.0,13.532514,78.54396
AP-MDP,2021-07-28,25.6,30.1,21.4,63,82,0.0,0.0,26.5,272,21.15,5.67,931.9,17.7,691.0,13.532514,78.54396
AP-MDP,2021-07-29,25.3,30.1,21.6,64,81,0.0,0.0,29.8,273,18.85,5.49,932.6,17.6,691.0,13.532514,78.54396
AP-MDP,2021-07-30,25.5,30.0,21.8,63,77,0.0,0.0,31.4,279,20.02,5.68,933.4,17.7,691.0,13.532514,78.54396
AP-MDP,2021-07-31,25.2,30.0,21.4,67,81,0.5,0.5,30.4,282,21.58,5.69,933.7,18.4,691.0,13.532514,78.54396
AP-MDP,2021-08-01,25.3,29.6,21.6,63,81,0.2,0.2,31.9,280,18.52,5.41,932.8,17.5,691.0,13.532514,78.54396
AP-MDP,2021-08-02,25.6,30.6,21.2,62,78,0.8,0.8,25.2,273,24.11,6.29,932.7,17.3,691.0,13.532514,78.54396
AP-MDP,2021-08-03,25.7,30.7,21.7,63,79,0.0,0.0,27.5,278,23.36,6.2,934.1,17.8,691.0,13.532514,78.54396
AP-MDP,2021-08-04,25.8,30.5,21.9,65,82,0.1,0.1,29.7,279,19.95,5.71,934.4,18.4,691.0,13.532514,78.54396
AP-MDP,2021-08-05,25.6,30.7,21.5,66,82,0.7,0.7,27.6,275,20.33,5.57,932.6,18.5,691.0,13.532514,78.54396
AP-MDP,2021-08-06,26.1,30.7,22.0,65,81,0.7,0.7,29.5,278,21.8,5.77,931.6,18.6,691.0,13.532514,78.54396
AP-MDP,2021-08-07,25.9,30.7,21.7,67,85,1.0,1.0,20.7,279,22.63,5.55,932.4,19.0,691.0,13.532514,78.54396
AP-MDP,2021-08-08,26.3,31.3,21.8,70,90,1.0,1.0,14.3,282,21.3,4.85,933.1,19.9,691.0,13.532514,78.54396
AP-MDP,2021-08-09,26.1,31.3,22.4,73,90,3.1,3.1,13.4,277,21.48,4.84,933.6,20.5,691.0,13.532514,78.54396
AP-MDP,2021-08-10,25.0,29.3,21.6,74,93,4.8,4.8,19.2,291,14.62,3.87,933.2,19.7,691.0,13.532514,78.54396
AP-MDP,2021-08-11,25.7,30.9,22.1,71,84,1.9,1.9,20.5,293,22.0,5.26,933.2,19.7,691.0,13.532514,78.54396
AP-MDP,2021-08-12,24.7,28.8,22.0,75,88,7.9,7.9,22.4,290,16.49,4.16,933.7,19.8,691.0,13.532514,78.54396
AP-MDP,2021-08-13,24.7,29.6,21.1,73,91,2.9,2.9,23.7,299,17.05,4.26,932.5,19.3,691.0,13.532514,78.54396
AP-MDP,2021-08-14,25.1,29.1,21.5,68,87,0.0,0.0,23.1,292,20.35,5.16,931.2,18.4,691.0,13.532514,78.54396
AP-MDP,2021-08-15,24.2,29.1,21.2,73,88,1.9,1.9,25.5,285,15.28,4.11,931.5,18.7,691.0,13.532514,78.54396
AP-MDP,2021-08-16,24.5,28.6,21.7,71,83,0.6,0.6,22.5,289,14.63,3.99,932.5,18.7,691.0,13.532514,78.54396
AP-MDP,2021-08-17,24.8,28.8,21.6,68,87,0.6,0.6,17.9,274,15.51,4.09,932.9,18.1,691.0,13.532514,78.54396
AP-MDP,2021-08-18,25.6,31.3,21.6,68,84,2.5,2.5,16.8,269,20.45,5.17,931.6,18.9,691.0,13.532514,78.54396
AP-MDP,2021-08-19,25.5,29.5,22.0,66,82,0.1,0.1,21.0,278,15.39,4.54,931.3,18.3,691.0,13.532514,78.54396
AP-MDP,2021-08-20,25.7,30.9,21.5,63,85,0.0,0.0,15.0,288,20.55,5.09,932.0,17.7,691.0,13.532514,78.54396
AP-MDP,2021-08-21,24.3,29.7,22.0,78,94,6.7,6.7,15.5,250,17.48,3.74,933.5,19.9,691.0,13.532514,78.54396
AP-MDP,2021-08-22,24.2,29.4,20.9,80,97,11.2,11.2,10.8,244,20.91,4.34,933.4,20.0,691.0,13.532514,78.54396
AP-MDP,2021-08-23,24.1,29.2,20.3,79,95,7.8,7.8,12.2,231,20.69,4.33,933.0,19.9,691.0,13.532514,78.54396
AP-MDP,2021-08-24,24.6,29.7,20.9,78,93,5.6,5.6,13.9,272,22.25,4.63,932.8,20.1,691.0,13.532514,78.54396
AP-MDP,2021-08-25,24.3,29.2,20.9,81,93,11.1,11.1,13.3,278,20.44,4.26,932.0,20.5,691.0,13.532514,78.54396
AP-MDP,2021-08-26,24.3,29.8,21.2,80,94,10.7,10.7,12.3,267,18.77,3.97,930.8,20.4,691.0,13.532514,78.54396
AP-MDP,2021-08-27,24.1,28.8,21.4,84,94,14.3,14.3,12.1,282,18.14,3.77,930.3,21.0,691.0,13.532514,78.54396
AP-MDP,2021-08-28,22.9,25.4,21.2,87,94,7.4,7.4,16.5,280,9.51,2.11,929.0,20.6,691.0,13.532514,78.54396
AP-MDP,2021-08-29,23.1,25.8,21.0,82,93,7.1,7.1,21.3,278,11.16,2.72,928.4,19.7,691.0,13.532514,78.54396
AP-MDP,2021-08-30,23.5,27.5,21.1,79,91,2.7,2.7,20.0,280,16.47,3.73,929.6,19.4,691.0,13.532514,78.54396
AP-MDP,2021-08-31,24.5,29.1,20.9,72,87,1.4,1.4,16.4,283,22.09,4.76,931.0,18.7,691.0,13.532514,78.54396
AP-MDP,2021-09-01,24.9,28.9,20.8,73,93,0.9,0.9,9.5,283,18.45,3.96,932.5,19.4,691.0,13.532514,78.54396
AP-MDP,2021-09-02,24.0,28.3,21.3,81,93,21.7,21.7,14.7,293,19.14,3.95,932.0,20.4,691.0,13.532514,78.54396
AP-MDP,2021-09-03,23.4,26.6,20.9,81,94,5.3,5.3,20.3,296,15.81,3.36,931.2,19.8,691.0,13.532514,78.54396
AP-MDP,2021-09-04,23.6,27.8,21.2,81,92,4.2,4.2,24.2,280,14.67,3.4,931.1,20.0,691.0,13.532514,78.54396
AP-MDP,2021-09-05,23.9,28.2,21.1,79,89,7.3,7.3,23.7,274,17.78,3.95,930.8,19.9,691.0,13.532514,78.54396
AP-MDP,2021-09-06,23.5,27.2,21.2,79,91,2.2,2.2,25.9,275,12.62,3.3,930.5,19.6,691.0,13.532514,78.54396
AP-MDP,2021-09-07,24.5,28.7,21.4,70,84,1.4,1.4,27.4,260,19.52,4.98,930.7,18.4,691.0,13.532514,78.54396
AP-MDP,2021-09-08,25.2,29.7,21.4,67,84,0.0,0.0,23.2,250,21.98,5.4,932.4,18.5,691.0,13.532514,78.54396
AP-MDP,2021-09-09,25.3,30.3,21.2,68,85,0.0,0.0,24.2,277,23.36,5.49,933.4,18.6,691.0,13.532514,78.54396
AP-MDP,2021-09-10,25.4,30.2,21.3,67,85,0.0,0.0,24.8,283,21.96,5.34,933.0,18.5,691.0,13.532514,78.54396
AP-MDP,2021-09-11,25.4,30.4,21.6,70,86,0.3,0.3,20.9,267,20.88,5.19,931.8,19.2,691.0,13.532514,78.54396
AP-MDP,2021-09-12,25.2,29.9,22.0,72,84,2.6,2.6,24.1,263,19.15,4.83,930.5,19.5,691.0,13.532514,78.54396
AP-MDP,2021-09-13,25.5,29.4,22.0,68,82,0.2,0.2,30.3,259,17.98,5.04,929.8,18.9,691.0,13.532514,78.54396
AP-MDP,2021-09-14,25.9,30.8,22.1,66,84,0.3,0.3,24.1,263,20.88,5.35,930.7,18.6,691.0,13.532514,78.54396
AP-MDP,2021-09-15,25.5,30.5,20.9,66,88,1.1,1.1,14.8,261,22.82,5.24,931.8,18.4,691.0,13.532514,78.54396
AP-MDP,2021-09-16,25.6,30.1,21.5,66,89,1.2,1.2,14.3,284,22.74,5.18,932.0,18.4,691.0,13.532514,78.54396
AP-MDP,2021-09-17,25.9,31.1,21.9,62,84,1.0,1.0,11.3,291,22.72,5.27,931.8,17.5,691.0,13.532514,78.54396
AP-MDP,2021-09-18,25.9,30.5,21.4,62,81,0.7,0.7,9.7,298,23.09,5.04,933.2,17.7,691.0,13.532514,78.54396
AP-MDP,2021-09-19,26.2,30.7,21.7,63,87,1.4,1.4,7.9,330,21.65,4.75,934.5,18.0,691.0,13.532514,78.54396
AP-MDP,2021-09-20,25.8,30.3,21.5,68,91,0.5,0.5,10.3,278,20.97,4.65,933.6,19.1,691.0,13.532514,78.54396
AP-MDP,2021-09-21,25.5,29.4,21.6,68,83,1.2,1.2,16.2,291,20.98,4.98,932.8,19.0,691.0,13.532514,78.54396
AP-MDP,2021-09-22,25.0,29.8,21.2,72,91,1.5,1.5,19.2,294,15.52,4.04,931.3,19.0,691.0,13.532514,78.54396
AP-MDP,2021-09-23,25.3,30.0,21.6,71,91,0.6,0.6,16.8,290,19.6,4.58,931.4,19.1,691.0,13.532514,78.54396
AP-MDP,2021-09-24,25.3,29.8,21.5,71,90,1.0,1.0,16.8,304,20.08,4.47,932.2,19.3,691.0,13.532514,78.54396
AP-MDP,2021-09-25,24.5,29.3,21.4,80,95,10.1,10.1,13.5,294,18.42,3.91,931.9,20.7,691.0,13.532514,78.54396
AP-MDP,2021-09-26,24.5,28.7,21.1,73,92,0.0,0.0,22.2,296,16.59,3.97,929.8,19.1,691.0,13.532514,78.54396
AP-MDP,2021-09-27,24.9,29.6,21.3,68,87,0.0,0.0,23.0,277,21.88,5.46,928.6,18.1,691.0,13.532514,78.54396
AP-MDP,2021-09-28,24.7,30.5,20.8,70,83,0.9,0.9,22.0,262,21.22,5.03,930.7,18.4,691.0,13.532514,78.54396
AP-MDP,2021-09-29,25.2,30.2,20.5,67,85,0.1,0.1,18.0,276,20.52,4.76,932.7,18.1,691.0,13.532514,78.54396
AP-MDP,2021-09-30,24.3,28.8,21.5,78,95,6.5,6.5,11.0,338,17.12,3.6,933.6,20.1,691.0,13.532514,78.54396
AP-MDP,2021-10-01,24.1,28.5,21.1,84,98,6.4,6.4,14.4,47,18.55,3.75,933.2,21.0,691.0,13.532514,78.54396
AP-MDP,2021-10-02,24.0,28.6,20.4,84,99,10.3,10.3,13.8,84,19.87,4.0,933.2,20.9,691.0,13.532514,78.54396
AP-MDP,2021-10-03,24.4,29.5,21.5,83,99,3.0,3.0,13.2,113,19.84,4.13,932.9,21.0,691.0,13.532514,78.54396
AP-MDP,2021-10-04,24.2,29.6,20.8,83,100,2.2,2.2,14.8,75,21.99,4.51,932.3,20.7,691.0,13.532514,78.54396
AP-MDP,2021-10-05,23.3,28.4,20.6,87,100,3.9,3.9,18.8,27,16.57,3.36,931.9,20.7,691.0,13.532514,78.54396
AP-MDP,2021-10-06,23.1,27.4,20.7,90,100,15.1,15.1,12.2,74,15.22,2.98,930.8,21.3,691.0,13.532514,78.54396
AP-MDP,2021-10-07,24.2,29.0,19.8,82,98,12.9,12.9,6.5,212,18.56,3.81,931.3,20.7,691.0,13.532514,78.54396
AP-MDP,2021-10-08,23.8,28.3,21.3,84,96,9.0,9.0,14.0,282,15.94,3.26,932.1,20.9,691.0,13.532514,78.54396
AP-MDP,2021-10-09,24.0,28.8,20.8,81,94,7.3,7.3,16.6,288,18.45,3.88,933.2,20.4,691.0,13.532514,78.54396
AP-MDP,2021-10-10,23.8,28.0,21.6,83,94,9.5,9.5,19.5,303,16.7,3.58,932.9,20.6,691.0,13.532514,78.54396
AP-MDP,2021-10-11,23.7,28.4,21.0,85,95,13.7,13.7,15.7,302,17.11,3.43,931.6,20.9,691.0,13.532514,78.54396
AP-MDP,2021-10-12,23.5,28.6,20.6,82,95,7.4,7.4,12.0,266,17.89,3.7,931.3,20.1,691.0,13.532514,78.54396
AP-MDP,2021-10-13,23.3,28.3,20.2,83,95,7.4,7.4,13.7,272,18.48,3.74,930.9,20.0,691.0,13.532514,78.54396
AP-MDP,2021-10-14,24.2,28.6,20.8,80,94,2.6,2.6,11.4,276,17.57,3.62,930.4,20.3,691.0,13.532514,78.54396
AP-MDP,2021-10-15,23.8,28.6,20.7,83,95,9.0,9.0,11.8,249,17.27,3.56,928.3,20.5,691.0,13.532514,78.54396
AP-MDP,2021-10-16,24.1,29.1,20.7,82,95,4.6,4.6,10.6,224,17.46,3.67,927.7,20.5,691.0,13.532514,78.54396
AP-MDP,2021-10-17,24.4,29.8,21.4,78,89,0.7,0.7,11.2,274,16.83,3.73,929.4,20.2,691.0,13.532514,78.54396
AP-MDP,2021-10-18,24.8,29.2,21.5,73,92,3.4,3.4,17.8,283,21.31,4.74,932.1,19.4,691.0,13.532514,78.54396
AP-MDP,2021-10-19,25.0,28.6,22.0,71,87,0.2,0.2,15.8,299,20.45,4.44,934.7,19.2,691.0,13.532514,78.54396
AP-MDP,2021-10-20,24.0,29.0,20.8,78,97,10.4,10.4,12.9,34,16.87,3.53,936.4,19.7,691.0,13.532514,78.54396
AP-MDP,2021-10-21,23.6,28.6,19.5,83,98,13.6,13.6,10.1,69,21.14,4.19,936.5,20.2,691.0,13.532514,78.54396
AP-MDP,2021-10-22,23.8,28.5,19.0,81,99,6.6,6.6,10.4,99,21.76,4.4,936.8,19.9,691.0,13.532514,78.54396
AP-MDP,2021-10-23,23.6,28.3,20.1,82,99,4.9,4.9,11.2,151,20.56,4.14,937.2,20.1,691.0,13.532514,78.54396
AP-MDP,2021-10-24,22.4,27.6,19.8,86,97,5.6,5.6,11.7,355,17.63,3.41,937.0,19.8,691.0,13.532514,78.54396
AP-MDP,2021-10-25,22.9,27.2,19.3,79,98,0.3,0.3,16.2,36,20.88,4.18,935.8,18.8,691.0,13.532514,78.54396
AP-MDP,2021-10-26,22.7,27.1,18.5,77,99,0.6,0.6,14.8,34,20.05,4.07,934.8,18.1,691.0,13.532514,78.54396
AP-MDP,2021-10-27,22.9,27.5,18.9,72,97,0.0,0.0,15.0,33,20.29,4.23,935.2,17.2,691.0,13.532514,78.54396
AP-MDP,2021-10-28,22.6,27.2,17.8,73,94,0.2,0.2,17.3,23,16.81,3.65,935.2,17.3,691.0,13.532514,78.54396
AP-MDP,2021-10-29,21.9,26.5,20.2,89,99,9.4,9.4,16.6,45,12.03,2.39,935.8,20.0,691.0,13.532514,78.54396
AP-MDP,2021-10-30,22.6,27.2,20.2,88,100,3.2,3.2,14.9,54,14.63,2.93,936.9,20.4,691.0,13.532514,78.54396
AP-MDP,2021-10-31,22.4,26.5,20.8,90,100,8.0,8.0,22.2,43,15.7,2.9,936.5,20.6,691.0,13.532514,78.54396
AP-MDP,2021-11-01,21.6,24.9,20.7,94,100,20.0,20.0,15.3,57,8.3,1.61,935.5,20.6,691.0,13.532514,78.54396
AP-MDP,2021-11-02,21.6,24.9,20.2,93,99,9.5,9.5,16.0,92,9.05,1.73,935.3,20.4,691.0,13.532514,78.54396
AP-MDP,2021-11-03,21.7,24.4,20.5,93,100,6.9,6.9,11.0,74,9.5,1.84,935.2,20.5,691.0,13.532514,78.54396
AP-MDP,2021-11-04,21.9,26.6,19.4,91,100,6.8,6.8,11.8,49,15.86,3.01,935.0,20.2,691.0,13.532514,78.54396
AP-MDP,2021-11-05,21.6,25.0,20.1,92,99,8.5,8.5,13.3,11,9.83,1.9,934.8,20.2,691.0,13.532514,78.54396
AP-MDP,2021-11-06,21.6,25.0,20.0,91,100,5.8,5.8,14.4,14,13.89,2.56,933.6,20.0,691.0,13.532514,78.54396
AP-MDP,2021-11-07,20.6,22.1,20.0,96,100,29.6,29.6,17.3,25,6.51,1.2,933.7,19.9,691.0,13.532514,78.54396
AP-MDP,2021-11-08,21.0,23.9,19.4,89,100,2.2,2.2,14.8,34,9.03,1.9,934.7,19.0,691.0,13.532514,78.54396
AP-MDP,2021-11-09,20.5,23.5,18.3,84,97,0.1,0.1,18.6,28,13.5,2.67,934.9,17.5,691.0,13.532514,78.54396
AP-MDP,2021-11-10,19.9,23.4,17.9,86,94,9.3,9.3,16.9,3,8.05,1.81,933.9,17.4,691.0,13.532514,78.54396
AP-MDP,2021-11-11,18.5,19.0,18.1,94,98,56.3,56.3,29.2,331,2.64,0.77,929.9,17.5,691.0,13.532514,78.54396
AP-MDP,2021-11-12,20.7,23.6,18.7,95,100,10.3,10.3,16.0,29,7.33,1.38,930.7,19.9,691.0,13.532514,78.54396
AP-MDP,2021-11-13,22.2,26.1,19.7,88,100,6.5,6.5,8.4,106,12.38,2.47,932.3,20.0,691.0,13.532514,78.54396
AP-MDP,2021-11-14,21.9,26.0,20.2,92,100,10.1,10.1,11.0,69,11.17,2.19,932.6,20.5,691.0,13.532514,78.54396
AP-MDP,2021-11-15,22.3,26.1,20.4,90,100,6.7,6.7,12.6,72,12.85,2.51,931.7,20.5,691.0,13.532514,78.54396
AP-MDP,2021-11-16,22.7,26.6,20.3,88,100,10.6,10.6,15.6,105,15.99,3.11,932.1,20.5,691.0,13.532514,78.54396
AP-MDP,2021-11-17,22.2,25.8,19.8,89,98,4.9,4.9,15.5,70,13.74,2.69,933.8,20.2,691.0,13.532514,78.54396
AP-MDP,2021-11-18,20.8,22.1,20.0,97,100,57.7,57.7,19.4,352,4.08,0.82,931.7,20.3,691.0,13.532514,78.54396
AP-MDP,2021-11-19,21.1,22.7,19.6,96,100,17.7,17.7,18.4,27,6.85,1.25,928.3,20.4,691.0,13.532514,78.54396
AP-MDP,2021-11-20,22.4,26.4,20.7,91,99,29.5,29.5,13.1,163,13.57,2.61,930.5,20.7,691.0,13.532514,78.54396
AP-MDP,2021-11-21,22.5,26.9,19.9,87,98,6.5,6.5,9.0,228,16.25,3.14,933.5,20.0,691.0,13.532514,78.54396
AP-MDP,2021-11-22,22.0,26.0,18.8,90,99,9.6,9.6,14.7,55,15.65,2.9,935.2,20.1,691.0,13.532514,78.54396
AP-MDP,2021-11-23,22.5,26.9,19.0,87,100,0.6,0.6,13.2,78,16.95,3.26,934.9,20.0,691.0,13.532514,78.54396
AP-MDP,2021-11-24,21.5,25.4,18.6,90,100,6.8,6.8,14.5,62,15.44,2.81,935.2,19.6,691.0,13.532514,78.54396
AP-MDP,2021-11-25,22.0,25.4,19.7,86,100,0.5,0.5,19.6,42,13.77,2.84,935.4,19.3,691.0,13.532514,78.54396
AP-MDP,2021-11-26,21.7,24.5,19.4,86,100,0.5,0.5,20.6,39,11.74,2.48,935.6,19.0,691.0,13.532514,78.54396
AP-MDP,2021-11-27,20.3,22.1,19.3,93,100,9.0,9.0,18.7,29,6.27,1.28,935.5,19.1,691.0,13.532514,78.54396
AP-MDP,2021-11-28,20.7,23.3,19.6,96,100,12.6,12.6,13.6,50,7.62,1.42,935.7,20.0,691.0,13.532514,78.54396
AP-MDP,2021-11-29,21.3,24.9,20.0,92,100,4.9,4.9,19.6,92,10.07,1.93,936.4,19.9,691.0,13.532514,78.54396
AP-MDP,2021-11-30,21.1,24.6,19.2,91,100,9.6,9.6,17.4,84,13.34,2.43,936.6,19.6,691.0,13.532514,78.54396
AP-MDP,2021-12-01,21.8,25.5,19.4,87,99,3.8,3.8,15.1,98,14.86,2.87,936.1,19.3,691.0,13.532514,78.54396
AP-MDP,2021-12-02,21.4,25.0,19.4,85,98,0.3,0.3,11.5,62,14.16,2.73,936.0,18.6,691.0,13.532514,78.54396
AP-MDP,2021-12-03,21.1,25.6,16.9,83,100,0.0,0.0,10.8,41,18.67,3.56,935.9,17.7,691.0,13.532514,78.54396
AP-MDP,2021-12-04,21.8,26.7,17.4,78,94,0.0,0.0,10.4,347,17.87,3.58,935.8,17.5,691.0,13.532514,78.54396
AP-MDP,2021-12-05,22.5,27.4,18.3,78,94,0.0,0.0,10.4,329,18.73,3.76,935.8,18.1,691.0,13.532514,78.54396
AP-MDP,2021-12-06,22.2,25.8,19.2,81,94,0.4,0.4,10.3,28,16.99,3.29,935.9,18.7,691.0,13.532514,78.54396
AP-MDP,2021-12-07,22.2,26.8,18.4,76,95,0.0,0.0,12.7,37,20.44,4.04,936.5,17.4,691.0,13.532514,78.54396
AP-MDP,2021-12-08,21.9,26.5,17.8,82,100,0.9,0.9,14.0,42,17.94,3.45,936.8,18.4,691.0,13.532514,78.54396
AP-MDP,2021-12-09,22.3,26.2,19.9,84,99,4.1,4.1,13.1,76,16.09,3.19,938.0,19.2,691.0,13.532514,78.54396
AP-MDP,2021-12-10,21.6,26.2,18.5,84,100,0.8,0.8,13.1,75,14.99,3.02,938.8,18.4,691.0,13.532514,78.54396
AP-MDP,2021-12-11,20.8,23.7,19.6,92,99,6.2,6.2,14.4,53,11.31,2.05,938.3,19.4,691.0,13.532514,78.54396
AP-MDP,2021-12-12,21.1,24.6,18.6,86,100,2.0,2.0,17.9,55,14.94,2.88,938.5,18.4,691.0,13.532514,78.54396
AP-MDP,2021-12-13,20.5,24.8,19.1,92,100,7.6,7.6,16.6,51,12.56,2.27,937.5,19.0,691.0,13.532514,78.54396
AP-MDP,2021-12-14,20.5,23.7,18.7,89,98,3.5,3.5,15.6,59,13.21,2.46,937.1,18.5,691.0,13.532514,78.54396
AP-MDP,2021-12-15,20.3,24.4,18.0,86,100,0.1,0.1,16.3,49,13.92,2.66,937.5,17.6,691.0,13.532514,78.54396
AP-MDP,2021-12-16,20.0,24.7,16.2,83,100,0.1,0.1,14.8,38,18.75,3.46,938.1,16.7,691.0,13.532514,78.54396
AP-MDP,2021-12-17,19.6,24.3,15.6,82,100,0.0,0.0,12.3,39,19.84,3.61,938.4,16.0,691.0,13.532514,78.54396
AP-MDP,2021-12-18,18.9,23.8,14.2,78,100,0.0,0.0,13.7,32,20.79,3.77,937.7,14.6,691.0,13.532514,78.54396
AP-MDP,2021-12-19,17.9,22.8,13.3,76,94,0.0,0.0,13.6,49,20.93,3.74,938.5,13.3,691.0,13.532514,78.54396
AP-MDP,2021-12-20,18.6,23.5,14.7,79,99,0.0,0.0,11.2,51,20.62,3.69,938.6,14.5,691.0,13.532514,78.54396
AP-MDP,2021-12-21,18.6,24.1,13.3,73,99,0.0,0.0,8.6,97,20.93,3.84,938.3,13.3,691.0,13.532514,78.54396
AP-MDP,2021-12-22,19.0,24.9,13.9,72,94,0.0,0.0,8.4,101,20.96,3.92,936.9,13.3,691.0,13.532514,78.54396
AP-MDP,2021-12-23,19.1,25.6,14.7,71,96,0.0,0.0,10.2,134,20.92,4.07,936.6,12.8,691.0,13.532514,78.54396
AP-MDP,2021-12-24,19.2,26.3,14.1,66,92,0.0,0.0,9.9,170,21.05,4.15,936.4,11.5,691.0,13.532514,78.54396
AP-MDP,2021-12-25,19.7,26.8,14.7,71,98,0.0,0.0,9.3,145,21.0,4.14,937.1,13.4,691.0,13.532514,78.54396
AP-MDP,2021-12-26,20.0,26.8,15.4,76,100,0.0,0.0,11.0,143,20.67,4.06,938.2,14.7,691.0,13.532514,78.54396
AP-MDP,2021-12-27,20.1,25.6,16.5,78,100,0.0,0.0,13.0,151,20.07,3.86,938.9,15.5,691.0,13.532514,78.54396
AP-MDP,2021-12-28,19.9,25.2,14.2,81,100,0.2,0.2,13.0,131,15.75,3.16,938.0,16.0,691.0,13.532514,78.54396
AP-MDP,2021-12-29,20.6,25.7,17.0,82,100,2.1,2.1,11.5,133,15.52,3.12,937.5,17.1,691.0,13.532514,78.54396
AP-MDP,2021-12-30,19.5,25.0,15.3,87,100,2.4,2.4,16.5,79,14.94,2.82,938.7,16.9,691.0,13.532514,78.54396
AP-MDP,2021-12-31,20.1,24.3,18.2,89,100,6.6,6.6,20.8,64,14.17,2.58,939.8,18.1,691.0,13.532514,78.54396
AP-MDP,2022-01-01,20.3,24.3,18.4,89,100,3.6,3.6,17.2,57,14.37,2.64,940.0,18.2,691.0,13.532514,78.54396
AP-MDP,2022-01-02,20.6,25.6,17.4,81,100,0.2,0.2,16.3,77,15.96,3.25,939.0,16.7,691.0,13.532514,78.54396
AP-MDP,2022-01-03,20.2,24.9,16.8,80,100,0.0,0.0,13.0,72,17.07,3.28,938.4,16.2,691.0,13.532514,78.54396
AP-MDP,2022-01-04,19.9,24.6,16.6,77,100,0.3,0.3,12.7,65,20.61,3.92,938.5,15.1,691.0,13.532514,78.54396
AP-MDP,2022-01-05,19.2,25.0,13.9,77,100,0.1,0.1,8.4,113,21.07,3.89,938.1,14.4,691.0,13.532514,78.54396
AP-MDP,2022-01-06,20.9,26.8,16.9,76,97,0.0,0.0,10.6,122,20.52,4.04,937.3,16.0,691.0,13.532514,78.54396
AP-MDP,2022-01-07,21.6,26.5,17.8,74,96,0.2,0.2,14.5,141,16.57,3.58,937.7,16.0,691.0,13.532514,78.54396
AP-MDP,2022-01-08,21.2,26.1,17.8,78,98,0.1,0.1,11.5,125,15.56,3.19,938.0,16.8,691.0,13.532514,78.54396
AP-MDP,2022-01-09,21.8,27.1,18.0,74,98,0.0,0.0,10.7,142,18.8,3.84,936.7,16.4,691.0,13.532514,78.54396
AP-MDP,2022-01-10,21.9,27.0,18.0,75,98,0.2,0.2,13.9,155,18.86,3.99,936.7,16.6,691.0,13.532514,78.54396
AP-MDP,2022-01-11,22.1,27.4,18.4,76,98,0.1,0.1,13.4,158,19.0,3.98,936.6,17.1,691.0,13.532514,78.54396
AP-MDP,2022-01-12,22.7,27.7,19.3,74,97,0.3,0.3,14.0,168,18.06,3.93,936.1,17.1,691.0,13.532514,78.54396
AP-MDP,2022-01-13,23.0,28.7,19.3,71,97,0.0,0.0,14.4,184,19.41,4.2,935.6,16.7,691.0,13.532514,78.54396
AP-MDP,2022-01-14,22.6,28.4,18.5,72,97,1.0,1.0,15.0,179,19.89,4.26,935.5,16.5,691.0,13.532514,78.54396
AP-MDP,2022-01-15,22.2,28.3,18.5,78,100,0.3,0.3,15.8,123,18.73,3.81,936.3,17.5,691.0,13.532514,78.54396
AP-MDP,2022-01-16,21.2,25.5,18.2,81,99,1.9,1.9,14.4,84,17.21,3.42,938.0,17.5,691.0,13.532514,78.54396
AP-MDP,2022-01-17,20.2,24.3,16.9,83,99,3.0,3.0,15.5,83,15.96,3.07,939.4,17.0,691.0,13.532514,78.54396
AP-MDP,2022-01-18,20.5,25.7,16.4,76,99,0.0,0.0,9.2,67,18.37,3.66,938.6,15.6,691.0,13.532514,78.54396
AP-MDP,2022-01-19,20.6,26.3,16.8,68,99,0.0,0.0,12.6,59,21.6,4.32,936.9,13.5,691.0,13.532514,78.54396
AP-MDP,2022-01-20,20.8,27.8,14.5,61,95,0.0,0.0,11.6,258,21.95,4.58,935.0,12.0,691.0,13.532514,78.54396
AP-MDP,2022-01-21,22.3,30.2,15.6,54,93,0.0,0.0,16.4,291,22.28,5.25,934.8,10.3,691.0,13.532514,78.54396
AP-MDP,2022-01-22,22.7,30.1,15.5,44,84,0.0,0.0,13.0,271,22.22,5.36,933.4,8.9,691.0,13.532514,78.54396
AP-MDP,2022-01-23,23.1,30.2,17.5,55,95,0.0,0.0,12.2,243,22.0,4.97,933.5,11.7,691.0,13.532514,78.54396
AP-MDP,2022-01-24,22.4,28.6,17.3,62,98,0.0,0.0,10.5,178,20.25,4.32,933.5,13.6,691.0,13.532514,78.54396
AP-MDP,2022-01-25,22.4,28.1,18.0,71,99,0.8,0.8,12.2,157,16.65,3.74,933.8,16.0,691.0,13.532514,78.54396
AP-MDP,2022-01-26,22.1,27.3,18.7,74,97,1.1,1.1,11.7,148,15.19,3.31,934.5,16.5,691.0,13.532514,78.54396
AP-MDP,2022-01-27,20.9,24.2,18.3,79,96,2.4,2.4,13.0,107,10.13,2.39,935.3,16.8,691.0,13.532514,78.54396
AP-MDP,2022-01-28,20.4,26.1,16.7,79,99,1.6,1.6,15.8,59,16.88,3.54,936.7,16.1,691.0,13.532514,78.54396
AP-MDP,2022-01-29,19.9,24.8,15.1,82,100,0.0,0.0,17.2,57,12.21,2.61,937.6,16.4,691.0,13.532514,78.54396
AP-MDP,2022-01-30,22.1,27.9,17.2,75,100,0.0,0.0,12.9,132,16.33,3.51,936.7,16.7,691.0,13.532514,78.54396
AP-MDP,2022-01-31,23.3,29.2,18.6,70,97,0.0,0.0,14.3,127,22.25,4.73,935.9,16.4,691.0,13.532514,78.54396
AP-MDP,2022-02-01,22.6,29.0,17.8,66,98,0.0,0.0,11.9,141,22.88,4.82,935.3,14.4,691.0,13.532514,78.54396
AP-MDP,2022-02-02,22.6,29.8,17.0,68,100,0.0,0.0,10.8,146,22.85,4.92,935.8,15.2,691.0,13.532514,78.54396
AP-MDP,2022-02-03,22.7,30.0,16.5,63,97,0.0,0.0,12.8,186,21.03,4.59,935.1,14.1,691.0,13.532514,78.54396
AP-MDP,2022-02-04,22.9,29.9,17.6,58,90,0.0,0.0,13.7,244,23.31,5.13,933.9,13.0,691.0,13.532514,78.54396
AP-MDP,2022-02-05,23.2,29.8,18.5,71,100,0.0,0.0,11.5,155,21.09,4.39,934.9,16.6,691.0,13.532514,78.54396
AP-MDP,2022-02-06,23.1,28.4,19.0,68,98,0.0,0.0,13.2,119,20.96,4.59,937.4,16.0,691.0,13.532514,78.54396
AP-MDP,2022-02-07,22.1,28.0,17.3,69,99,0.0,0.0,11.5,103,21.71,4.56,937.8,15.3,691.0,13.532514,78.54396
AP-MDP,2022-02-08,21.9,28.5,16.3,66,97,0.0,0.0,11.5,98,23.34,4.89,936.6,14.0,691.0,13.532514,78.54396
AP-MDP,2022-02-09,21.4,27.7,16.5,70,99,0.0,0.0,13.1,120,23.51,4.89,936.5,14.9,691.0,13.532514,78.54396
AP-MDP,2022-02-10,20.8,27.7,15.0,65,99,0.0,0.0,11.5,77,23.97,4.98,936.1,12.4,691.0,13.532514,78.54396
AP-MDP,2022-02-11,21.8,28.4,14.6,57,88,0.0,0.0,16.5,63,23.64,5.47,936.0,11.8,691.0,13.532514,78.54396
AP-MDP,2022-02-12,21.3,29.2,14.6,61,91,0.0,0.0,17.3,86,22.69,5.08,935.6,12.5,691.0,13.532514,78.54396
AP-MDP,2022-02-13,21.3,27.8,15.2,65,99,0.0,0.0,12.6,78,23.98,4.97,934.8,13.0,691.0,13.532514,78.54396
AP-MDP,2022-02-14,21.4,27.5,16.8,70,99,0.0,0.0,10.4,95,22.64,4.63,934.8,14.5,691.0,13.532514,78.54396
AP-MDP,2022-02-15,22.1,28.3,17.4,66,98,0.0,0.0,11.5,103,21.7,4.73,934.9,14.5,691.0,13.532514,78.54396
AP-MDP,2022-02-16,22.2,28.6,16.6,64,99,0.0,0.0,14.7,105,22.29,5.1,933.2,13.7,691.0,13.532514,78.54396
AP-MDP,2022-02-17,22.0,28.6,16.0,58,91,0.0,0.0,13.9,108,21.64,5.04,932.3,12.0,691.0,13.532514,78.54396
AP-MDP,2022-02-18,21.3,28.5,15.1,68,99,0.0,0.0,15.4,112,22.01,4.87,933.9,14.0,691.0,13.532514,78.54396
AP-MDP,2022-02-19,21.7,28.7,15.0,66,99,0.0,0.0,13.4,118,24.25,5.25,935.9,13.7,691.0,13.532514,78.54396
AP-MDP,2022-02-20,22.6,29.7,16.3,57,98,0.0,0.0,11.4,175,24.93,5.36,935.0,11.6,691.0,13.532514,78.54396
AP-MDP,2022-02-21,24.3,31.0,17.6,55,92,0.0,0.0,13.2,235,24.67,5.7,934.0,13.1,691.0,13.532514,78.54396
AP-MDP,2022-02-22,24.4,30.8,19.0,56,85,0.0,0.0,12.2,145,24.43,5.79,935.8,13.8,691.0,13.532514,78.54396
AP-MDP,2022-02-23,22.9,28.9,18.3,66,100,0.0,0.0,14.5,127,24.39,5.39,938.2,14.8,691.0,13.532514,78.54396
AP-MDP,2022-02-24,21.8,28.4,16.8,66,100,0.0,0.0,12.1,137,25.06,5.27,939.0,13.7,691.0,13.532514,78.54396
AP-MDP,2022-02-25,21.6,29.5,14.4,56,94,0.0,0.0,13.0,112,25.86,5.62,937.9,10.1,691.0,13.532514,78.54396
AP-MDP,2022-02-26,21.5,28.3,15.7,68,100,0.0,0.0,13.2,135,25.17,5.27,937.9,14.1,691.0,13.532514,78.54396
AP-MDP,2022-02-27,22.5,29.0,16.7,63,99,0.0,0.0,10.7,110,25.22,5.35,938.2,13.7,691.0,13.532514,78.54396
AP-MDP,2022-02-28,22.3,29.5,14.5,55,89,0.0,0.0,12.4,134,25.4,5.68,937.4,11.0,691.0,13.532514,78.54396
AP-MDP,2022-03-01,23.0,30.2,15.8,47,91,0.0,0.0,12.9,127,25.05,5.95,937.5,9.0,691.0,13.532514,78.54396
AP-MDP,2022-03-02,22.6,30.4,15.4,36,60,0.0,0.0,16.2,102,25.71,6.41,937.0,4.9,691.0,13.532514,78.54396
AP-MDP,2022-03-03,23.5,29.9,18.2,42,78,0.0,0.0,20.3,77,25.46,6.26,937.0,8.7,691.0,13.532514,78.54396
AP-MDP,2022-03-04,22.2,29.2,14.7,55,89,0.0,0.0,19.9,31,25.44,6.0,936.4,11.3,691.0,13.532514,78.54396
AP-MDP,2022-03-05,22.7,29.2,16.5,59,92,0.0,0.0,19.3,36,24.7,5.67,936.0,13.0,691.0,13.532514,78.54396
AP-MDP,2022-03-06,22.1,29.2,15.8,67,93,0.0,0.0,20.9,71,22.2,5.14,935.7,14.8,691.0,13.532514,78.54396
AP-MDP,2022-03-07,22.3,28.3,17.5,63,88,0.2,0.2,20.3,102,14.18,3.81,936.0,14.6,691.0,13.532514,78.54396
AP-MDP,2022-03-08,23.6,30.6,17.0,59,97,0.0,0.0,14.7,132,25.52,5.92,935.9,13.5,691.0,13.532514,78.54396
AP-MDP,2022-03-09,24.4,31.6,17.4,49,88,0.0,0.0,15.8,127,25.82,6.45,935.4,11.1,691.0,13.532514,78.54396
AP-MDP,2022-03-10,24.4,31.7,16.9,43,74,0.0,0.0,14.2,123,25.58,6.32,935.1,9.8,691.0,13.532514,78.54396
AP-MDP,2022-03-11,24.3,32.2,16.8,40,61,0.0,0.0,18.3,90,26.25,6.71,934.7,8.1,691.0,13.532514,78.54396
AP-MDP,2022-03-12,24.5,32.0,17.3,39,58,0.0,0.0,16.9,83,26.1,6.66,934.4,8.4,691.0,13.532514,78.54396
AP-MDP,2022-03-13,24.8,31.6,17.8,40,58,0.0,0.0,16.5,99,23.31,6.18,934.9,9.5,691.0,13.532514,78.54396
AP-MDP,2022-03-14,25.5,32.7,18.7,44,66,0.0,0.0,15.9,105,25.83,6.55,935.2,11.2,691.0,13.532514,78.54396
AP-MDP,2022-03-15,25.5,32.5,18.4,42,74,0.0,0.0,12.3,87,26.04,6.49,934.1,9.5,691.0,13.532514,78.54396
AP-MDP,2022-03-16,25.8,33.3,18.8,38,67,0.0,0.0,18.2,67,26.43,7.0,932.9,8.3,691.0,13.532514,78.54396
AP-MDP,2022-03-17,27.0,34.2,19.5,32,53,0.0,0.0,15.6,107,25.36,6.94,932.4,7.5,691.0,13.532514,78.54396
AP-MDP,2022-03-18,27.3,34.6,20.9,32,53,0.0,0.0,13.3,165,26.26,7.12,932.2,8.0,691.0,13.532514,78.54396
AP-MDP,2022-03-19,27.2,34.4,19.4,40,83,0.0,0.0,15.5,205,22.85,6.36,931.9,11.0,691.0,13.532514,78.54396
AP-MDP,2022-03-20,27.5,32.6,23.6,44,66,0.0,0.0,14.2,280,20.3,5.56,932.1,13.8,691.0,13.532514,78.54396
AP-MDP,2022-03-21,26.5,34.0,21.2,53,74,0.4,0.4,18.5,260,20.93,5.35,932.4,15.5,691.0,13.532514,78.54396
AP-MDP,2022-03-22,26.7,32.1,20.1,56,87,0.4,0.4,15.2,288,18.76,4.84,933.1,16.6,691.0,13.532514,78.54396
AP-MDP,2022-03-23,27.0,33.7,21.8,56,93,0.2,0.2,18.3,123,21.55,5.59,932.7,16.3,691.0,13.532514,78.54396
AP-MDP,2022-03-24,26.8,33.8,20.9,60,100,0.0,0.0,16.5,148,21.66,5.53,933.1,17.1,691.0,13.532514,78.54396
AP-MDP,2022-03-25,26.5,33.3,20.7,64,99,0.0,0.0,13.8,141,22.53,5.62,934.0,17.8,691.0,13.532514,78.54396
AP-MDP,2022-03-26,27.1,33.3,21.2,61,94,0.0,0.0,13.5,154,23.85,5.83,935.6,17.6,691.0,13.532514,78.54396
AP-MDP,2022-03-27,27.2,34.6,21.2,59,98,0.0,0.0,16.1,149,24.35,6.09,935.9,16.6,691.0,13.532514,78.54396
AP-MDP,2022-03-28,27.4,34.7,21.0,53,83,0.0,0.0,15.8,158,24.57,6.3,935.3,15.5,691.0,13.532514,78.54396
AP-MDP,2022-03-29,28.1,35.0,22.3,50,81,0.0,0.0,15.3,163,23.95,6.55,934.2,15.3,691.0,13.532514,78.54396
AP-MDP,2022-03-30,28.2,34.7,22.8,45,68,0.0,0.0,14.5,169,24.22,6.67,933.9,14.0,691.0,13.532514,78.54396
AP-MDP,2022-03-31,28.5,34.8,22.7,41,65,0.0,0.0,14.5,183,24.54,6.74,934.0,12.6,691.0,13.532514,78.54396
AP-MDP,2022-04-01,27.9,34.8,21.4,44,70,0.0,0.0,15.9,162,24.33,6.76,934.3,13.5,691.0,13.532514,78.54396
AP-MDP,2022-04-02,27.0,34.2,20.7,53,94,0.0,0.0,17.6,158,24.51,6.37,935.3,15.2,691.0,13.532514,78.54396
AP-MDP,2022-04-03,26.5,34.0,20.4,58,100,0.0,0.0,18.2,153,25.52,6.35,934.9,15.6,691.0,13.532514,78.54396
AP-MDP,2022-04-04,26.2,33.5,20.0,59,99,0.0,0.0,15.3,151,25.04,6.2,935.8,15.9,691.0,13.532514,78.54396
AP-MDP,2022-04-05,26.3,33.9,20.2,58,99,0.0,0.0,17.7,152,25.38,6.35,937.2,15.1,691.0,13.532514,78.54396
AP-MDP,2022-04-06,26.6,34.3,19.4,54,97,0.0,0.0,14.5,137,26.93,6.7,937.0,14.2,691.0,13.532514,78.54396
AP-MDP,2022-04-07,26.9,34.8,20.2,55,99,0.0,0.0,20.7,106,26.08,6.71,936.1,14.6,691.0,13.532514,78.54396
AP-MDP,2022-04-08,26.6,33.4,20.7,62,100,0.0,0.0,14.4,137,24.6,5.98,935.2,17.1,691.0,13.532514,78.54396
AP-MDP,2022-04-09,26.4,33.2,20.4,62,98,0.0,0.0,14.6,129,23.28,5.71,934.4,17.0,691.0,13.532514,78.54396
AP-MDP,2022-04-10,26.5,33.1,21.0,62,99,0.0,0.0,16.0,116,21.64,5.44,934.0,17.1,691.0,13.532514,78.54396
AP-MDP,2022-04-11,26.4,32.7,20.6,65,99,0.0,0.0,14.2,109,25.16,6.07,933.3,17.8,691.0,13.532514,78.54396
AP-MDP,2022-04-12,26.4,32.8,20.4,65,100,0.0,0.0,15.5,128,24.04,5.97,932.5,17.8,691.0,13.532514,78.54396
AP-MDP,2022-04-13,26.3,31.5,22.5,72,94,0.8,0.8,16.5,131,22.5,5.24,932.3,20.4,691.0,13.532514,78.54396
AP-MDP,2022-04-14,27.2,33.2,21.3,63,96,0.0,0.0,16.9,175,24.43,5.91,932.6,18.4,691.0,13.532514,78.54396
AP-MDP,2022-04-15,28.6,34.7,23.0,50,85,0.0,0.0,12.2,216,24.15,6.3,932.3,15.9,691.0,13.532514,78.54396
AP-MDP,2022-04-16,29.0,35.7,23.7,46,65,0.0,0.0,17.6,323,24.78,6.74,931.5,15.4,691.0,13.532514,78.54396
AP-MDP,2022-04-17,27.6,34.6,22.1,53,79,0.0,0.0,20.6,355,24.55,6.36,932.2,16.5,691.0,13.532514,78.54396
AP-MDP,2022-04-18,27.0,33.3,21.8,58,75,0.7,0.7,13.7,340,24.29,5.81,934.0,17.6,691.0,13.532514,78.54396
AP-MDP,2022-04-19,27.3,34.2,21.6,61,94,0.3,0.3,18.6,128,25.05,5.93,935.0,17.9,691.0,13.532514,78.54396
AP-MDP,2022-04-20,28.2,34.9,22.1,52,80,0.0,0.0,14.5,131,24.97,6.34,933.5,16.4,691.0,13.532514,78.54396
AP-MDP,2022-04-21,27.4,34.7,21.9,63,100,0.0,0.0,16.0,154,25.7,6.34,933.0,17.7,691.0,13.532514,78.54396
AP-MDP,2022-04-22,26.3,33.7,20.3,65,100,0.0,0.0,16.6,146,25.71,6.15,934.0,17.6,691.0,13.532514,78.54396
AP-MDP,2022-04-23,26.6,33.4,20.3,61,98,0.0,0.0,14.3,153,22.74,5.79,934.6,16.9,691.0,13.532514,78.54396
AP-MDP,2022-04-24,27.8,34.8,21.3,52,88,0.0,0.0,12.1,150,22.68,5.95,933.6,15.2,691.0,13.532514,78.54396
AP-MDP,2022-04-25,28.4,34.9,21.7,50,84,0.0,0.0,13.7,163,24.68,6.65,932.9,15.3,691.0,13.532514,78.54396
AP-MDP,2022-04-26,28.7,35.3,22.6,42,60,0.0,0.0,15.0,164,25.39,6.81,933.2,13.9,691.0,13.532514,78.54396
AP-MDP,2022-04-27,28.5,35.7,21.6,52,87,0.0,0.0,15.9,150,26.21,6.82,932.9,16.3,691.0,13.532514,78.54396
AP-MDP,2022-04-28,28.5,35.4,21.8,53,91,0.0,0.0,18.2,164,25.55,6.66,933.6,16.0,691.0,13.532514,78.54396
AP-MDP,2022-04-29,29.7,36.5,23.3,43,73,0.0,0.0,14.4,131,26.35,7.42,933.5,14.3,691.0,13.532514,78.54396
AP-MDP,2022-04-30,29.5,35.7,23.8,49,85,0.0,0.0,17.7,258,24.53,6.55,932.2,16.0,691.0,13.532514,78.54396
AP-MDP,2022-05-01,29.6,35.4,23.0,43,61,0.0,0.0,16.0,295,23.77,6.39,931.1,15.4,691.0,13.532514,78.54396
AP-MDP,2022-05-02,29.2,35.5,23.0,45,66,0.0,0.0,15.7,308,23.92,6.34,931.2,15.4,691.0,13.532514,78.54396
AP-MDP,2022-05-03,28.8,35.4,22.9,53,88,0.3,0.3,14.0,269,25.35,6.43,932.2,17.5,691.0,13.532514,78.54396
AP-MDP,2022-05-04,28.0,34.6,23.1,59,86,0.3,0.3,14.0,163,23.87,5.97,933.2,18.4,691.0,13.532514,78.54396
AP-MDP,2022-05-05,27.6,33.6,22.4,61,85,0.9,0.9,20.6,325,23.43,5.57,932.7,18.7,691.0,13.532514,78.54396
AP-MDP,2022-05-06,28.3,34.3,22.5,54,81,0.0,0.0,10.8,179,23.85,5.76,932.1,17.5,691.0,13.532514,78.54396
AP-MDP,2022-05-07,28.7,34.1,22.7,48,72,0.0,0.0,13.9,327,24.16,6.27,931.6,15.9,691.0,13.532514,78.54396
AP-MDP,2022-05-08,28.6,35.3,23.1,48,71,0.6,0.6,18.9,308,21.65,6.02,929.9,15.7,691.0,13.532514,78.54396
AP-MDP,2022-05-09,28.5,33.6,23.3,50,71,0.0,0.0,20.2,288,17.09,5.88,928.5,16.5,691.0,13.532514,78.54396
AP-MDP,2022-05-10,25.8,29.5,23.5,70,86,3.2,3.2,23.8,274,6.14,3.33,927.3,19.7,691.0,13.532514,78.54396
AP-MDP,2022-05-11,24.3,26.6,22.9,69,79,2.9,2.9,30.3,268,5.83,3.45,927.2,18.2,691.0,13.532514,78.54396
AP-MDP,2022-05-12,23.7,27.8,20.9,80,91,24.7,24.7,27.0,277,11.91,3.26,928.7,19.8,691.0,13.532514,78.54396
AP-MDP,2022-05-13,25.0,30.1,21.8,77,92,15.8,15.8,26.1,290,17.9,4.21,929.3,20.5,691.0,13.532514,78.54396
AP-MDP,2022-05-14,25.7,31.3,22.1,78,94,6.2,6.2,19.8,284,23.12,5.06,929.9,21.3,691.0,13.532514,78.54396
AP-MDP,2022-05-15,25.8,30.8,22.0,77,94,3.0,3.0,15.0,276,20.88,4.7,930.7,21.2,691.0,13.532514,78.54396
AP-MDP,2022-05-16,25.1,29.7,22.8,82,95,8.0,8.0,16.2,275,17.56,3.87,930.4,21.6,691.0,13.532514,78.54396
AP-MDP,2022-05-17,25.3,30.6,21.7,81,99,6.5,6.5,11.5,73,21.36,4.41,929.3,21.5,691.0,13.532514,78.54396
AP-MDP,2022-05-18,24.3,30.0,21.9,86,98,11.0,11.0,14.0,148,18.01,3.7,929.5,21.6,691.0,13.532514,78.54396
AP-MDP,2022-05-19,24.3,29.1,21.0,76,96,0.7,0.7,21.7,217,19.94,4.56,930.2,19.5,691.0,13.532514,78.54396
AP-MDP,2022-05-20,24.5,29.4,20.9,68,83,1.8,1.8,23.1,263,20.73,5.23,931.6,18.0,691.0,13.532514,78.54396
AP-MDP,2022-05-21,24.3,29.3,20.8,67,86,0.0,0.0,30.1,276,20.64,5.39,931.0,17.5,691.0,13.532514,78.54396
AP-MDP,2022-05-22,26.1,31.0,22.5,65,78,0.0,0.0,23.1,281,24.44,6.35,929.7,18.8,691.0,13.532514,78.54396
AP-MDP,2022-05-23,26.2,31.6,21.0,67,90,0.0,0.0,22.1,286,26.63,6.21,929.6,19.0,691.0,13.532514,78.54396
AP-MDP,2022-05-24,26.7,31.6,22.3,67,87,0.1,0.1,17.3,290,24.4,5.61,931.7,19.8,691.0,13.532514,78.54396
AP-MDP,2022-05-25,26.7,31.0,23.3,69,85,1.6,1.6,15.0,294,23.16,5.26,933.2,20.3,691.0,13.532514,78.54396
AP-MDP,2022-05-26,27.0,31.8,23.0,63,79,0.7,0.7,17.1,256,22.48,5.57,933.1,19.0,691.0,13.532514,78.54396
AP-MDP,2022-05-27,26.6,31.6,22.6,58,80,0.0,0.0,20.6,286,25.79,6.5,932.7,17.1,691.0,13.532514,78.54396
AP-MDP,2022-05-28,26.8,32.3,22.2,55,78,0.0,0.0,18.8,279,25.93,6.57,931.8,16.7,691.0,13.532514,78.54396
AP-MDP,2022-05-29,27.2,32.9,22.6,57,79,0.1,0.1,19.5,277,25.46,6.45,931.7,17.3,691.0,13.532514,78.54396
AP-MDP,2022-05-30,27.5,32.9,22.8,57,75,0.3,0.3,18.0,274,24.7,6.25,931.0,17.8,691.0,13.532514,78.54396
AP-MDP,2022-05-31,26.7,32.5,22.3,64,84,0.3,0.3,22.0,281,24.04,5.99,930.6,18.9,691.0,13.532514,78.54396
AP-MDP,2022-06-01,26.5,32.9,22.0,66,85,3.4,3.4,20.5,283,24.5,5.99,930.6,19.1,691.0,13.532514,78.54396
AP-MDP,2022-06-02,26.4,33.1,22.4,67,86,6.9,6.9,19.5,282,25.03,6.06,930.7,19.3,691.0,13.532514,78.54396
AP-MDP,2022-06-03,26.8,33.9,22.0,65,87,0.9,0.9,21.0,272,25.39,6.33,930.1,19.2,691.0,13.532514,78.54396
AP-MDP,2022-06-04,27.6,34.2,23.0,60,81,1.8,1.8,19.8,284,24.55,6.27,930.4,18.7,691.0,13.532514,78.54396
AP-MDP,2022-06-05,28.0,34.2,23.3,58,73,0.8,0.8,16.5,272,25.21,6.42,930.1,18.6,691.0,13.532514,78.54396
AP-MDP,2022-06-06,26.4,31.2,21.6,66,89,0.0,0.0,21.3,287,17.11,4.41,931.0,19.2,691.0,13.532514,78.54396
AP-MDP,2022-06-07,26.3,31.1,23.1,67,78,3.1,3.1,20.5,266,21.51,5.29,931.1,19.6,691.0,13.532514,78.54396
AP-MDP,2022-06-08,26.5,32.6,22.3,64,84,1.0,1.0,21.4,280,24.84,6.27,931.1,18.7,691.0,13.532514,78.54396
AP-MDP,2022-06-09,26.9,33.3,22.2,64,86,0.7,0.7,21.0,270,24.82,6.22,930.7,18.9,691.0,13.532514,78.54396
AP-MDP,2022-06-10,27.1,32.4,22.6,60,76,0.8,0.8,18.0,260,24.9,6.28,931.4,18.4,691.0,13.532514,78.54396
AP-MDP,2022-06-11,26.7,32.0,22.1,62,79,0.5,0.5,17.3,265,23.45,5.9,932.3,18.5,691.0,13.532514,78.54396
AP-MDP,2022-06-12,26.3,32.5,22.0,64,80,2.8,2.8,17.8,267,22.08,5.52,932.1,18.5,691.0,13.532514,78.54396
AP-MDP,2022-06-13,26.1,31.6,21.9,66,85,0.5,0.5,16.5,281,23.64,5.56,932.7,18.8,691.0,13.532514,78.54396
AP-MDP,2022-06-14,26.8,31.9,22.6,63,82,0.0,0.0,15.8,277,22.58,5.59,932.4,18.6,691.0,13.532514,78.54396
AP-MDP,2022-06-15,25.2,29.6,21.6,72,90,0.2,0.2,19.9,303,19.92,4.6,931.8,19.6,691.0,13.532514,78.54396
AP-MDP,2022-06-16,25.0,30.7,21.3,75,93,14.6,14.6,12.1,274,22.19,4.75,931.7,19.9,691.0,13.532514,78.54396
AP-MDP,2022-06-17,24.3,29.6,20.7,79,96,12.9,12.9,14.5,255,20.2,4.2,931.4,20.2,691.0,13.532514,78.54396
AP-MDP,2022-06-18,24.4,28.8,20.8,79,95,6.7,6.7,8.9,240,18.13,3.8,931.6,20.4,691.0,13.532514,78.54396
AP-MDP,2022-06-19,24.8,29.1,21.7,77,90,9.9,9.9,11.2,260,18.86,4.04,931.9,20.3,691.0,13.532514,78.54396
AP-MDP,2022-06-20,25.3,30.2,21.6,73,91,0.4,0.4,14.5,279,23.26,5.1,931.0,19.9,691.0,13.532514,78.54396
AP-MDP,2022-06-21,24.8,29.0,22.1,73,85,1.4,1.4,20.4,275,18.19,4.45,929.9,19.4,691.0,13.532514,78.54396
AP-MDP,2022-06-22,25.0,30.0,22.5,74,91,2.7,2.7,16.0,257,20.87,4.76,931.0,19.7,691.0,13.532514,78.54396
AP-MDP,2022-06-23,25.3,29.7,21.6,71,86,0.8,0.8,14.3,246,16.29,4.06,931.9,19.4,691.0,13.532514,78.54396
AP-MDP,2022-06-24,25.7,29.6,21.6,67,86,0.5,0.5,23.5,260,19.52,5.06,931.2,18.9,691.0,13.532514,78.54396
AP-MDP,2022-06-25,25.6,30.5,22.2,66,81,2.2,2.2,26.3,264,20.79,5.49,929.3,18.6,691.0,13.532514,78.54396
AP-MDP,2022-06-26,26.1,31.0,22.1,63,80,0.4,0.4,25.6,264,21.2,5.74,929.9,18.2,691.0,13.532514,78.54396
AP-MDP,2022-06-27,25.7,30.3,21.8,64,82,0.9,0.9,19.6,264,19.03,5.1,931.4,18.0,691.0,13.532514,78.54396
AP-MDP,2022-06-28,25.4,29.8,22.2,65,79,0.0,0.0,16.6,273,17.87,4.61,931.5,18.1,691.0,13.532514,78.54396
AP-MDP,2022-06-29,26.0,31.3,22.4,67,81,1.1,1.1,19.9,273,21.4,5.5,930.1,19.1,691.0,13.532514,78.54396
AP-MDP,2022-06-30,25.8,31.7,21.7,69,85,0.1,0.1,22.0,277,23.17,5.86,929.6,19.2,691.0,13.532514,78.54396
AP-MDP,2022-07-01,26.0,30.6,22.2,67,83,0.3,0.3,27.4,286,18.79,5.36,929.9,19.1,691.0,13.532514,78.54396
AP-MDP,2022-07-02,26.2,31.6,22.2,66,83,0.1,0.1,28.7,289,19.76,5.51,929.1,19.0,691.0,13.532514,78.54396
AP-MDP,2022-07-03,25.9,30.9,22.6,68,82,0.6,0.6,20.4,276,20.54,5.45,929.3,19.1,691.0,13.532514,78.54396
AP-MDP,2022-07-04,24.3,27.1,22.8,74,82,0.8,0.8,28.1,272,11.29,3.64,929.3,19.2,691.0,13.532514,78.54396
AP-MDP,2022-07-05,24.2,26.5,22.4,73,83,0.0,0.0,26.0,270,7.29,2.99,928.5,19.0,691.0,13.532514,78.54396
AP-MDP,2022-07-06,23.1,25.3,21.7,82,89,5.9,5.9,23.1,270,7.52,2.3,929.8,19.8,691.0,13.532514,78.54396
AP-MDP,2022-07-07,23.5,27.7,21.4,79,89,7.8,7.8,28.1,274,11.1,3.25,931.5,19.4,691.0,13.532514,78.54396
AP-MDP,2022-07-08,23.8,28.6,21.8,75,86,1.5,1.5,32.8,280,13.45,4.05,930.5,18.8,691.0,13.532514,78.54396
AP-MDP,2022-07-09,23.9,27.7,21.1,75,89,1.9,1.9,30.9,275,13.94,4.07,928.9,18.9,691.0,13.532514,78.54396
AP-MDP,2022-07-10,23.1,26.7,21.3,79,90,2.5,2.5,29.9,276,7.48,2.79,929.2,19.2,691.0,13.532514,78.54396
AP-MDP,2022-07-11,23.9,28.8,21.7,73,83,1.4,1.4,35.0,271,11.94,4.07,930.9,18.6,691.0,13.532514,78.54396
AP-MDP,2022-07-12,24.5,29.2,21.0,68,86,1.5,1.5,34.6,266,14.09,4.72,930.5,18.0,691.0,13.532514,78.54396
AP-MDP,2022-07-13,24.4,28.1,22.3,69,78,0.8,0.8,34.6,268,16.2,4.95,928.6,18.2,691.0,13.532514,78.54396
AP-MDP,2022-07-14,24.9,30.0,22.0,66,78,1.2,1.2,37.8,265,20.81,5.98,927.6,17.8,691.0,13.532514,78.54396
AP-MDP,2022-07-15,25.9,31.4,22.3,62,74,0.6,0.6,32.8,266,22.69,6.44,928.9,17.7,691.0,13.532514,78.54396
AP-MDP,2022-07-16,25.2,30.8,22.4,70,83,3.0,3.0,29.1,273,20.13,5.29,930.2,19.0,691.0,13.532514,78.54396
AP-MDP,2022-07-17,25.0,29.7,22.5,72,83,6.9,6.9,28.9,274,15.09,4.36,930.6,19.3,691.0,13.532514,78.54396
AP-MDP,2022-07-18,24.7,28.9,21.9,75,89,3.2,3.2,25.8,271,15.6,4.02,931.4,19.6,691.0,13.532514,78.54396
AP-MDP,2022-07-19,25.2,31.1,21.0,72,89,4.5,4.5,16.6,271,22.01,5.0,931.8,19.3,691.0,13.532514,78.54396
AP-MDP,2022-07-20,24.9,31.2,21.5,77,93,12.7,12.7,14.6,284,20.88,4.55,932.0,20.1,691.0,13.532514,78.54396
AP-MDP,2022-07-21,24.7,30.4,21.2,78,93,5.0,5.0,20.2,292,20.7,4.44,931.7,20.3,691.0,13.532514,78.54396
AP-MDP,2022-07-22,24.3,28.2,21.3,78,94,4.9,4.9,19.0,288,14.98,3.47,932.0,19.9,691.0,13.532514,78.54396
AP-MDP,2022-07-23,24.8,29.3,21.5,71,87,0.9,0.9,21.7,287,20.42,4.9,931.2,18.8,691.0,13.532514,78.54396
AP-MDP,2022-07-24,24.4,28.3,20.6,71,87,3.7,3.7,21.3,283,20.18,4.64,931.5,18.6,691.0,13.532514,78.54396
AP-MDP,2022-07-25,25.2,29.8,20.9,67,86,0.4,0.4,18.3,296,24.33,5.52,932.4,18.4,691.0,13.532514,78.54396
AP-MDP,2022-07-26,24.0,28.5,21.0,77,93,0.9,0.9,17.2,311,17.17,3.88,933.0,19.4,691.0,13.532514,78.54396
AP-MDP,2022-07-27,24.4,29.4,20.0,75,95,2.1,2.1,13.6,2,21.09,4.61,932.7,19.2,691.0,13.532514,78.54396
AP-MDP,2022-07-28,24.5,29.8,20.0,78,96,1.7,1.7,9.7,92,22.32,4.66,933.3,20.1,691.0,13.532514,78.54396
AP-MDP,2022-07-29,25.7,31.7,20.5,75,99,2.7,2.7,9.4,152,23.48,5.04,932.9,20.3,691.0,13.532514,78.54396
AP-MDP,2022-07-30,25.4,31.0,20.8,73,94,0.8,0.8,8.7,327,24.21,5.11,932.0,19.8,691.0,13.532514,78.54396
AP-MDP,2022-07-31,25.3,31.1,21.0,75,96,12.8,12.8,11.9,316,21.27,4.6,930.5,20.0,691.0,13.532514,78.54396
AP-MDP,2022-08-01,24.7,30.1,21.3,79,96,30.8,30.8,14.4,319,21.05,4.48,930.1,20.4,691.0,13.532514,78.54396
AP-MDP,2022-08-02,24.0,29.4,20.6,83,96,29.6,29.6,15.2,318,19.59,3.98,928.8,20.6,691.0,13.532514,78.54396
AP-MDP,2022-08-03,23.1,26.7,20.7,85,95,5.2,5.2,15.6,317,11.6,2.52,928.3,20.4,691.0,13.532514,78.54396
AP-MDP,2022-08-04,22.8,26.5,21.0,86,97,27.4,27.4,14.2,275,11.78,2.51,928.6,20.4,691.0,13.532514,78.54396
AP-MDP,2022-08-05,23.2,26.4,21.5,80,92,3.4,3.4,24.9,261,9.63,2.79,928.9,19.6,691.0,13.532514,78.54396
AP-MDP,2022-08-06,23.6,27.8,22.0,77,88,12.6,12.6,24.9,264,12.58,3.49,928.6,19.3,691.0,13.532514,78.54396
AP-MDP,2022-08-07,23.0,25.1,21.5,83,90,13.6,13.6,24.4,261,8.11,2.4,927.6,19.9,691.0,13.532514,78.54396
AP-MDP,2022-08-08,24.2,28.5,22.1,73,79,1.5,1.5,29.8,260,15.96,4.39,927.4,18.9,691.0,13.532514,78.54396
AP-MDP,2022-08-09,24.7,28.0,22.2,67,76,0.0,0.0,33.2,255,15.5,4.78,927.8,17.9,691.0,13.532514,78.54396
AP-MDP,2022-08-10,24.8,29.2,21.4,66,79,0.5,0.5,32.0,256,23.57,6.02,928.0,17.8,691.0,13.532514,78.54396
AP-MDP,2022-08-11,25.1,29.7,21.6,66,78,0.7,0.7,30.7,260,22.29,5.75,929.7,18.0,691.0,13.532514,78.54396
AP-MDP,2022-08-12,25.1,29.2,21.9,67,80,0.0,0.0,26.5,267,18.82,4.92,931.2,18.3,691.0,13.532514,78.54396
AP-MDP,2022-08-13,25.0,29.2,21.0,66,85,0.2,0.2,24.7,277,20.06,5.22,931.6,18.0,691.0,13.532514,78.54396
AP-MDP,2022-08-14,25.0,29.6,21.3,64,76,0.0,0.0,24.1,277,20.77,5.45,932.3,17.5,691.0,13.532514,78.54396
AP-MDP,2022-08-15,25.0,30.5,21.0,68,84,0.1,0.1,17.3,269,22.24,5.13,932.9,18.4,691.0,13.532514,78.54396
AP-MDP,2022-08-16,24.9,30.4,19.8,71,94,2.8,2.8,14.1,223,22.39,4.83,933.1,18.9,691.0,13.532514,78.54396
AP-MDP,2022-08-17,25.7,31.1,21.0,68,88,0.2,0.2,10.6,272,22.22,5.03,933.1,18.9,691.0,13.532514,78.54396
AP-MDP,2022-08-18,25.8,30.6,21.7,67,87,0.6,0.6,17.8,299,21.82,5.29,932.6,18.9,691.0,13.532514,78.54396
AP-MDP,2022-08-19,25.6,31.0,22.0,69,86,2.7,2.7,21.3,295,21.37,5.26,932.4,19.1,691.0,13.532514,78.54396
AP-MDP,2022-08-20,25.7,30.5,21.6,66,83,0.5,0.5,18.2,286,22.1,5.59,932.2,18.6,691.0,13.532514,78.54396
AP-MDP,2022-08-21,25.2,30.4,21.8,71,85,0.7,0.7,21.3,279,22.21,5.37,931.5,19.3,691.0,13.532514,78.54396
AP-MDP,2022-08-22,25.2,30.3,21.0,69,86,0.7,0.7,26.6,278,23.16,5.7,930.9,18.7,691.0,13.532514,78.54396
AP-MDP,2022-08-23,25.8,31.1,21.4,66,87,0.5,0.5,21.7,286,23.92,5.93,931.5,18.5,691.0,13.532514,78.54396
AP-MDP,2022-08-24,24.8,30.3,21.4,71,87,3.1,3.1,22.1,299,17.96,4.42,933.1,18.8,691.0,13.532514,78.54396
AP-MDP,2022-08-25,24.1,29.1,20.8,76,94,18.5,18.5,19.7,313,17.74,4.05,932.0,19.3,691.0,13.532514,78.54396
AP-MDP,2022-08-26,23.5,29.0,20.5,81,95,21.5,21.5,19.9,313,17.65,3.69,931.5,20.0,691.0,13.532514,78.54396
AP-MDP,2022-08-27,23.4,28.9,20.6,82,95,7.4,7.4,18.2,302,19.7,4.07,931.5,20.0,691.0,13.532514,78.54396
AP-MDP,2022-08-28,23.4,28.7,20.6,81,95,1.9,1.9,19.3,310,17.7,3.76,931.2,19.8,691.0,13.532514,78.54396
AP-MDP,2022-08-29,23.2,28.0,20.7,86,96,17.9,17.9,12.8,332,16.38,3.29,932.0,20.5,691.0,13.532514,78.54396
AP-MDP,2022-08-30,24.0,29.0,19.9,81,98,7.0,7.0,14.0,104,22.64,4.57,932.5,20.2,691.0,13.532514,78.54396
AP-MDP,2022-08-31,23.4,29.1,21.0,85,99,5.1,5.1,18.0,143,19.97,3.99,932.1,20.6,691.0,13.532514,78.54396
AP-MDP,2022-09-01,22.7,27.1,20.1,89,99,9.5,9.5,14.4,87,16.86,3.28,932.0,20.6,691.0,13.532514,78.54396
AP-MDP,2022-09-02,23.8,28.6,20.1,79,99,0.3,0.3,11.2,143,19.9,4.11,932.5,19.7,691.0,13.532514,78.54396
AP-MDP,2022-09-03,24.9,29.7,20.2,76,96,0.2,0.2,8.6,158,22.58,4.72,932.6,20.0,691.0,13.532514,78.54396
AP-MDP,2022-09-04,24.4,29.7,21.2,81,95,5.0,5.0,13.5,302,20.59,4.24,932.2,20.6,691.0,13.532514,78.54396
AP-MDP,2022-09-05,24.1,29.7,20.2,80,96,6.9,6.9,10.9,292,23.59,4.82,931.9,20.2,691.0,13.532514,78.54396
AP-MDP,2022-09-06,23.4,29.7,20.1,85,96,6.4,6.4,8.7,273,20.42,4.12,931.3,20.4,691.0,13.532514,78.54396
AP-MDP,2022-09-07,23.6,28.9,20.8,83,95,9.7,9.7,10.0,272,16.25,3.42,931.4,20.4,691.0,13.532514,78.54396
AP-MDP,2022-09-08,22.7,25.2,21.2,86,93,11.9,11.9,18.1,269,7.86,1.92,931.0,20.2,691.0,13.532514,78.54396
AP-MDP,2022-09-09,24.1,28.7,21.2,79,92,1.8,1.8,18.4,261,18.02,4.03,930.6,20.1,691.0,13.532514,78.54396
AP-MDP,2022-09-10,24.3,28.5,21.9,77,86,1.5,1.5,24.1,264,14.62,3.72,930.5,19.8,691.0,13.532514,78.54396
AP-MDP,2022-09-11,24.4,28.0,22.1,73,81,0.2,0.2,24.8,252,12.1,3.69,929.9,19.1,691.0,13.532514,78.54396
AP-MDP,2022-09-12,24.9,29.6,21.2,68,83,0.0,0.0,27.0,247,20.28,5.18,930.1,18.4,691.0,13.532514,78.54396
AP-MDP,2022-09-13,24.4,29.6,20.5,72,85,1.3,1.3,19.4,245,22.67,5.07,932.3,18.9,691.0,13.532514,78.54396
AP-MDP,2022-09-14,24.7,29.9,20.8,75,90,0.9,0.9,14.9,248,22.82,4.88,934.4,19.6,691.0,13.532514,78.54396
AP-MDP,2022-09-15,24.4,28.3,21.2,72,85,0.5,0.5,15.6,264,15.0,3.72,935.1,18.8,691.0,13.532514,78.54396
AP-MDP,2022-09-16,24.8,30.3,20.6,71,89,1.1,1.1,17.8,276,23.41,5.22,933.4,18.8,691.0,13.532514,78.54396
AP-MDP,2022-09-17,25.1,29.8,21.0,70,89,0.6,0.6,14.8,271,22.62,5.12,933.1,18.8,691.0,13.532514,78.54396
AP-MDP,2022-09-18,25.0,29.8,20.7,68,91,0.2,0.2,16.6,286,24.34,5.48,933.6,18.1,691.0,13.532514,78.54396
AP-MDP,2022-09-19,24.9,29.3,21.1,68,87,0.2,0.2,17.7,282,20.62,5.02,933.3,18.3,691.0,13.532514,78.54396
AP-MDP,2022-09-20,24.5,29.6,19.7,61,81,0.0,0.0,17.6,282,23.67,5.8,932.8,15.8,691.0,13.532514,78.54396
AP-MDP,2022-09-21,24.8,30.8,20.5,63,86,0.0,0.0,20.5,286,24.74,5.88,932.7,16.7,691.0,13.532514,78.54396
AP-MDP,2022-09-22,24.7,29.8,21.0,59,82,0.0,0.0,20.2,277,24.27,5.98,933.4,15.6,691.0,13.532514,78.54396
AP-MDP,2022-09-23,24.7,30.6,20.5,60,80,0.0,0.0,20.2,283,23.88,5.94,934.0,15.8,691.0,13.532514,78.54396
AP-MDP,2022-09-24,25.1,30.1,21.1,64,86,0.6,0.6,17.3,292,24.61,5.84,933.6,17.3,691.0,13.532514,78.54396
AP-MDP,2022-09-25,25.3,30.1,21.1,65,85,0.3,0.3,15.8,305,21.3,4.94,932.6,17.9,691.0,13.532514,78.54396
AP-MDP,2022-09-26,24.4,28.8,21.9,71,81,2.2,2.2,13.7,300,16.99,3.95,933.3,18.6,691.0,13.532514,78.54396
AP-MDP,2022-09-27,24.9,29.9,21.5,72,89,1.0,1.0,16.0,308,19.49,4.42,932.3,19.3,691.0,13.532514,78.54396
AP-MDP,2022-09-28,24.6,29.7,21.6,75,91,9.7,9.7,17.4,306,17.76,4.07,931.4,19.6,691.0,13.532514,78.54396
AP-MDP,2022-09-29,23.9,28.2,21.3,73,91,0.3,0.3,22.2,296,15.72,4.0,931.2,18.5,691.0,13.532514,78.54396
AP-MDP,2022-09-30,22.9,26.8,20.2,81,92,6.6,6.6,23.9,295,13.59,3.17,931.6,19.4,691.0,13.532514,78.54396
AP-MDP,2022-10-01,22.3,24.5,20.9,85,93,3.7,3.7,20.2,292,7.68,2.03,931.8,19.7,691.0,13.532514,78.54396
AP-MDP,2022-10-02,23.3,26.8,21.0,78,91,0.3,0.3,25.5,301,12.45,3.18,931.8,19.2,691.0,13.532514,78.54396
AP-MDP,2022-10-03,24.4,28.6,20.5,73,91,0.3,0.3,23.5,311,19.95,4.73,931.6,18.8,691.0,13.532514,78.54396
AP-MDP,2022-10-04,24.7,29.2,21.1,69,81,0.4,0.4,24.5,313,21.5,5.05,931.6,18.3,691.0,13.532514,78.54396
AP-MDP,2022-10-05,24.2,27.7,21.6,70,81,0.4,0.4,18.7,304,12.55,3.38,931.3,18.4,691.0,13.532514,78.54396
AP-MDP,2022-10-06,23.1,26.1,20.6,79,90,2.7,2.7,20.9,271,13.16,2.98,930.9,19.2,691.0,13.532514,78.54396
AP-MDP,2022-10-07,23.6,28.3,19.6,75,91,1.4,1.4,11.0,263,18.93,4.0,932.1,18.5,691.0,13.532514,78.54396
AP-MDP,2022-10-08,23.6,28.1,20.4,77,95,3.1,3.1,14.2,336,17.24,3.81,933.4,19.0,691.0,13.532514,78.54396
AP-MDP,2022-10-09,22.6,26.2,20.1,87,98,8.7,8.7,11.4,23,15.27,3.03,933.5,20.1,691.0,13.532514,78.54396
AP-MDP,2022-10-10,22.8,27.7,20.2,87,99,3.2,3.2,12.9,111,14.81,2.96,934.3,20.4,691.0,13.532514,78.54396
AP-MDP,2022-10-11,23.5,27.7,20.6,83,98,1.4,1.4,16.4,155,18.25,3.79,934.4,20.1,691.0,13.532514,78.54396
AP-MDP,2022-10-12,23.2,27.8,20.3,84,99,8.4,8.4,9.7,177,16.61,3.32,934.6,20.2,691.0,13.532514,78.54396
AP-MDP,2022-10-13,23.1,28.2,19.7,83,98,9.8,9.8,12.0,96,19.71,3.95,934.4,19.8,691.0,13.532514,78.54396
AP-MDP,2022-10-14,23.0,28.0,19.2,85,98,2.1,2.1,10.6,25,18.52,3.66,933.6,20.1,691.0,13.532514,78.54396
AP-MDP,2022-10-15,23.1,27.3,20.0,84,98,6.8,6.8,12.9,26,18.13,3.59,932.7,20.0,691.0,13.532514,78.54396
AP-MDP,2022-10-16,23.0,27.8,20.2,86,98,10.7,10.7,13.2,131,18.09,3.56,934.5,20.4,691.0,13.532514,78.54396
AP-MDP,2022-10-17,23.1,27.6,20.5,86,98,3.2,3.2,13.7,117,19.33,3.78,936.0,20.4,691.0,13.532514,78.54396
AP-MDP,2022-10-18,23.2,28.6,19.7,83,99,7.6,7.6,13.0,311,21.67,4.31,935.6,19.7,691.0,13.532514,78.54396
AP-MDP,2022-10-19,22.9,27.8,19.0,82,96,5.7,5.7,12.4,39,21.28,4.22,934.9,19.4,691.0,13.532514,78.54396
AP-MDP,2022-10-20,22.6,27.8,18.7,85,98,3.3,3.3,13.3,72,18.99,3.67,935.5,19.8,691.0,13.532514,78.54396
AP-MDP,2022-10-21,22.2,27.3,19.4,88,100,3.2,3.2,18.4,58,18.66,3.51,936.6,19.9,691.0,13.532514,78.54396
AP-MDP,2022-10-22,22.4,27.0,18.3,79,99,1.0,1.0,16.0,7,19.18,3.9,937.0,18.3,691.0,13.532514,78.54396
AP-MDP,2022-10-23,21.6,26.6,17.8,71,94,0.0,0.0,14.7,333,24.14,4.82,935.9,15.6,691.0,13.532514,78.54396
AP-MDP,2022-10-24,21.0,26.3,17.3,56,69,0.0,0.0,15.3,310,24.43,5.33,934.4,11.6,691.0,13.532514,78.54396
AP-MDP,2022-10-25,21.7,27.0,17.0,54,68,0.0,0.0,10.5,317,24.06,5.22,935.0,11.6,691.0,13.532514,78.54396
AP-MDP,2022-10-26,21.6,27.1,16.1,57,82,0.0,0.0,11.1,26,24.17,5.0,936.4,12.2,691.0,13.532514,78.54396
AP-MDP,2022-10-27,22.4,27.3,16.2,63,92,0.0,0.0,15.6,38,18.58,4.17,936.4,14.6,691.0,13.532514,78.54396
AP-MDP,2022-10-28,21.5,26.5,17.6,83,98,7.9,7.9,17.1,44,18.66,3.63,935.6,18.2,691.0,13.532514,78.54396
AP-MDP,2022-10-29,21.7,25.7,18.0,85,98,2.7,2.7,18.2,51,18.09,3.43,935.6,18.8,691.0,13.532514,78.54396
AP-MDP,2022-10-30,22.4,26.8,19.3,82,99,1.4,1.4,17.6,50,17.16,3.48,935.7,18.8,691.0,13.532514,78.54396
AP-MDP,2022-10-31,21.7,26.7,17.7,73,94,0.0,0.0,16.0,27,18.81,4.01,935.3,16.2,691.0,13.532514,78.54396
AP-MDP,2022-11-01,19.6,20.4,18.6,95,99,36.5,36.5,16.4,7,3.27,0.72,935.8,18.9,691.0,13.532514,78.54396
AP-MDP,2022-11-02,19.9,20.9,18.9,97,100,6.9,6.9,14.2,20,4.38,0.86,935.4,19.4,691.0,13.532514,78.54396
AP-MDP,2022-11-03,21.0,24.0,19.1,92,100,2.2,2.2,15.3,39,11.75,2.18,935.3,19.5,691.0,13.532514,78.54396
AP-MDP,2022-11-04,22.0,26.4,19.7,87,99,7.4,7.4,14.7,73,17.58,3.33,936.5,19.5,691.0,13.532514,78.54396
AP-MDP,2022-11-05,22.0,26.7,19.3,85,100,1.6,1.6,15.8,82,19.01,3.72,938.0,19.0,691.0,13.532514,78.54396
AP-MDP,2022-11-06,21.7,26.4,18.3,84,100,0.3,0.3,17.7,66,19.07,3.69,938.3,18.5,691.0,13.532514,78.54396
AP-MDP,2022-11-07,21.1,26.5,17.0,79,100,0.0,0.0,14.0,51,20.68,4.09,937.6,16.7,691.0,13.532514,78.54396
AP-MDP,2022-11-08,21.6,27.3,16.3,71,91,0.0,0.0,15.5,41,20.49,4.28,937.1,15.7,691.0,13.532514,78.54396
AP-MDP,2022-11-09,22.0,27.1,18.5,66,91,0.0,0.0,12.0,47,22.56,4.64,936.8,15.0,691.0,13.532514,78.54396
AP-MDP,2022-11-10,20.7,25.6,16.2,85,100,4.3,4.3,18.3,36,17.35,3.31,936.4,17.8,691.0,13.532514,78.54396
AP-MDP,2022-11-11,20.0,22.6,18.8,93,99,15.6,15.6,24.2,22,5.63,1.23,935.9,18.7,691.0,13.532514,78.54396
AP-MDP,2022-11-12,20.4,22.8,19.3,95,100,26.7,26.7,17.9,40,6.1,1.19,935.8,19.6,691.0,13.532514,78.54396
AP-MDP,2022-11-13,21.3,24.2,19.6,92,100,4.4,4.4,17.3,83,9.87,1.92,936.4,19.9,691.0,13.532514,78.54396
AP-MDP,2022-11-14,21.1,26.0,18.9,91,99,5.7,5.7,16.6,65,12.91,2.43,937.2,19.4,691.0,13.532514,78.54396
AP-MDP,2022-11-15,21.8,26.5,19.2,84,99,0.7,0.7,13.3,68,18.86,3.64,937.3,18.7,691.0,13.532514,78.54396
AP-MDP,2022-11-16,21.7,26.4,18.7,77,100,0.0,0.0,11.7,39,21.17,4.08,936.2,17.1,691.0,13.532514,78.54396
AP-MDP,2022-11-17,20.5,25.7,15.5,64,93,0.0,0.0,12.9,19,22.68,4.48,935.5,12.9,691.0,13.532514,78.54396
AP-MDP,2022-11-18,19.6,25.3,14.4,62,80,0.0,0.0,13.9,24,22.07,4.44,935.6,11.6,691.0,13.532514,78.54396
AP-MDP,2022-11-19,19.8,24.8,14.5,69,92,0.0,0.0,16.6,34,22.29,4.2,935.4,13.6,691.0,13.532514,78.54396
AP-MDP,2022-11-20,19.3,24.5,14.5,66,89,0.0,0.0,13.8,347,19.91,3.99,934.1,12.2,691.0,13.532514,78.54396
AP-MDP,2022-11-21,18.8,21.2,15.2,70,87,3.4,3.4,15.3,343,7.97,2.2,933.9,13.1,691.0,13.532514,78.54396
AP-MDP,2022-11-22,20.6,23.9,17.9,86,98,15.8,15.8,18.2,357,8.79,1.97,934.0,18.0,691.0,13.532514,78.54396
AP-MDP,2022-11-23,20.8,24.2,19.5,94,100,18.6,18.6,18.1,4,7.14,1.41,934.3,19.8,691.0,13.532514,78.54396
AP-MDP,2022-11-24,21.8,25.4,20.0,91,100,5.4,5.4,14.7,101,13.47,2.58,935.2,20.0,691.0,13.532514,78.54396
AP-MDP,2022-11-25,22.1,26.1,19.3,85,100,1.5,1.5,13.3,114,18.03,3.46,936.4,19.2,691.0,13.532514,78.54396
AP-MDP,2022-11-26,21.9,26.3,18.4,85,100,0.7,0.7,9.0,118,17.6,3.42,935.5,18.9,691.0,13.532514,78.54396
AP-MDP,2022-11-27,22.4,27.1,19.3,80,100,0.0,0.0,10.5,113,18.23,3.68,933.9,18.3,691.0,13.532514,78.54396
AP-MDP,2022-11-28,22.3,27.4,19.0,78,100,0.0,0.0,11.5,132,19.18,3.91,934.4,17.8,691.0,13.532514,78.54396
AP-MDP,2022-11-29,21.3,26.3,16.8,77,100,0.0,0.0,11.3,84,20.04,3.98,935.3,16.6,691.0,13.532514,78.54396
AP-MDP,2022-11-30,20.2,25.6,14.7,74,99,0.1,0.1,10.2,70,21.24,4.05,935.9,14.7,691.0,13.532514,78.54396
AP-MDP,2022-12-01,21.3,25.7,18.1,87,100,1.7,1.7,14.3,89,13.31,2.62,935.9,18.9,691.0,13.532514,78.54396
AP-MDP,2022-12-02,21.9,26.7,18.8,85,100,1.0,1.0,13.2,76,15.03,3.05,935.5,19.0,691.0,13.532514,78.54396
AP-MDP,2022-12-03,22.1,27.0,19.0,84,100,0.9,0.9,14.2,77,14.58,3.05,935.7,18.9,691.0,13.532514,78.54396
AP-MDP,2022-12-04,22.2,26.8,19.0,81,99,0.6,0.6,15.5,68,16.6,3.44,936.5,18.4,691.0,13.532514,78.54396
AP-MDP,2022-12-05,21.5,26.7,16.8,83,99,0.6,0.6,13.8,86,15.6,3.16,936.8,18.1,691.0,13.532514,78.54396
AP-MDP,2022-12-06,21.3,26.4,17.1,82,100,0.0,0.0,13.5,41,16.26,3.32,936.1,17.5,691.0,13.532514,78.54396
AP-MDP,2022-12-07,20.3,25.7,16.6,70,99,0.0,0.0,15.7,6,16.49,3.61,934.8,14.0,691.0,13.532514,78.54396
AP-MDP,2022-12-08,19.9,24.0,16.8,66,84,1.3,1.3,19.4,352,11.19,3.16,933.4,13.0,691.0,13.532514,78.54396
AP-MDP,2022-12-09,17.5,19.4,14.7,78,96,7.7,7.7,24.3,338,6.61,2.02,930.9,13.5,691.0,13.532514,78.54396
AP-MDP,2022-12-10,18.4,19.5,17.4,98,100,29.4,29.4,30.9,350,2.57,0.56,928.9,18.0,691.0,13.532514,78.54396
AP-MDP,2022-12-11,19.7,22.8,17.6,92,100,8.5,8.5,15.3,107,7.01,1.4,932.4,18.3,691.0,13.532514,78.54396
AP-MDP,2022-12-12,20.4,23.1,19.1,96,100,35.5,35.5,16.9,116,6.31,1.2,933.6,19.7,691.0,13.532514,78.54396
AP-MDP,2022-12-13,20.7,24.3,19.0,93,100,7.8,7.8,15.5,127,8.81,1.66,935.4,19.5,691.0,13.532514,78.54396
AP-MDP,2022-12-14,20.8,25.6,17.9,87,100,2.6,2.6,16.0,128,15.18,2.9,936.4,18.2,691.0,13.532514,78.54396
AP-MDP,2022-12-15,20.4,25.3,15.6,72,100,0.0,0.0,9.9,106,21.01,4.0,935.8,14.5,691.0,13.532514,78.54396
AP-MDP,2022-12-16,21.3,26.0,17.1,57,74,0.0,0.0,11.3,78,20.6,4.13,935.2,12.2,691.0,13.532514,78.54396
AP-MDP,2022-12-17,21.4,26.0,16.5,73,91,0.0,0.0,14.8,46,19.27,3.8,936.0,16.1,691.0,13.532514,78.54396
AP-MDP,2022-12-18,20.7,24.3,17.2,87,100,2.0,2.0,17.8,46,15.91,2.92,935.3,18.2,691.0,13.532514,78.54396
AP-MDP,2022-12-19,19.3,23.7,15.7,82,100,0.1,0.1,15.0,45,19.04,3.43,934.8,15.9,691.0,13.532514,78.54396
AP-MDP,2022-12-20,19.2,25.1,14.5,77,97,0.0,0.0,14.1,31,20.69,3.89,934.2,14.6,691.0,13.532514,78.54396
AP-MDP,2022-12-21,18.9,24.6,14.2,75,97,0.0,0.0,12.8,21,18.85,3.62,934.5,13.8,691.0,13.532514,78.54396
AP-MDP,2022-12-22,18.8,24.6,13.9,80,100,0.0,0.0,15.7,28,20.49,3.74,934.4,14.9,691.0,13.532514,78.54396
AP-MDP,2022-12-23,18.8,25.2,13.8,76,100,0.0,0.0,15.5,16,20.67,3.96,934.4,13.9,691.0,13.532514,78.54396
AP-MDP,2022-12-24,19.3,25.8,13.8,77,98,0.0,0.0,15.6,24,19.74,3.82,935.1,14.7,691.0,13.532514,78.54396
AP-MDP,2022-12-25,20.1,22.9,17.6,95,100,5.8,5.8,17.6,36,7.46,1.35,935.8,19.3,691.0,13.532514,78.54396
AP-MDP,2022-12-26,21.7,26.0,19.4,89,100,2.5,2.5,16.3,103,14.76,2.83,937.4,19.5,691.0,13.532514,78.54396
AP-MDP,2022-12-27,21.6,25.7,19.0,88,100,2.7,2.7,14.4,118,13.52,2.65,938.7,19.3,691.0,13.532514,78.54396
AP-MDP,2022-12-28,22.0,26.8,18.8,82,99,0.1,0.1,10.6,137,18.23,3.57,939.5,18.5,691.0,13.532514,78.54396
AP-MDP,2022-12-29,21.4,27.4,17.6,76,100,0.0,0.0,11.3,155,19.64,3.99,940.1,16.3,691.0,13.532514,78.54396
AP-MDP,2022-12-30,20.9,26.9,17.0,75,100,0.0,0.0,10.4,143,20.45,4.06,940.8,15.7,691.0,13.532514,78.54396
AP-MDP,2022-12-31,20.6,26.7,16.3,71,97,0.0,0.0,9.2,155,20.93,4.15,940.0,14.2,691.0,13.532514,78.54396
AP-MDP,2023-01-01,20.6,26.6,16.6,71,100,0.0,0.0,11.1,126,20.73,4.15,939.4,14.3,691.0,13.532514,78.54396
AP-MDP,2023-01-02,20.0,25.9,15.8,76,99,0.0,0.0,12.6,144,19.9,3.89,939.3,15.0,691.0,13.532514,78.54396
AP-MDP,2023-01-03,20.7,26.1,17.2,76,99,0.0,0.0,13.8,118,18.89,3.8,939.6,15.6,691.0,13.532514,78.54396
AP-MDP,2023-01-04,20.2,25.7,16.3,79,100,0.0,0.0,13.9,113,18.72,3.74,938.8,15.8,691.0,13.532514,78.54396
AP-MDP,2023-01-05,20.2,25.1,16.1,78,98,0.1,0.1,17.3,88,15.94,3.33,939.2,15.8,691.0,13.532514,78.54396
AP-MDP,2023-01-06,19.5,25.5,14.6,80,100,0.0,0.0,20.2,64,15.38,3.22,940.2,15.5,691.0,13.532514,78.54396
AP-MDP,2023-01-07,19.5,24.7,14.7,80,100,0.0,0.0,16.4,52,15.56,3.1,939.5,15.5,691.0,13.532514,78.54396
AP-MDP,2023-01-08,19.6,25.0,15.2,72,97,0.0,0.0,13.0,41,21.18,4.04,938.4,13.9,691.0,13.532514,78.54396
AP-MDP,2023-01-09,17.9,24.4,12.0,69,97,0.0,0.0,9.5,93,21.95,4.11,939.0,11.2,691.0,13.532514,78.54396
AP-MDP,2023-01-10,18.3,25.4,12.3,68,97,0.0,0.0,12.5,79,22.0,4.24,938.9,11.4,691.0,13.532514,78.54396
AP-MDP,2023-01-11,18.6,26.1,11.5,63,91,0.0,0.0,10.5,90,22.04,4.33,937.0,10.6,691.0,13.532514,78.54396
AP-MDP,2023-01-12,18.7,26.6,11.9,62,96,0.0,0.0,12.0,111,22.26,4.49,936.0,9.4,691.0,13.532514,78.54396
AP-MDP,2023-01-13,18.9,27.0,13.4,68,97,0.0,0.0,9.5,153,21.92,4.35,936.2,11.5,691.0,13.532514,78.54396
AP-MDP,2023-01-14,19.1,27.1,13.1,64,100,0.0,0.0,9.0,169,22.3,4.43,936.3,10.3,691.0,13.532514,78.54396
AP-MDP,2023-01-15,19.3,27.5,13.6,65,100,0.0,0.0,10.5,157,22.39,4.56,935.6,10.3,691.0,13.532514,78.54396
AP-MDP,2023-01-16,20.0,28.3,14.3,65,100,0.0,0.0,10.8,137,22.54,4.59,936.3,10.9,691.0,13.532514,78.54396
AP-MDP,2023-01-17,19.4,26.8,14.6,74,100,0.0,0.0,12.1,151,21.87,4.3,937.1,13.7,691.0,13.532514,78.54396
AP-MDP,2023-01-18,19.3,26.6,12.7,72,100,0.0,0.0,11.2,132,21.72,4.32,938.5,13.2,691.0,13.532514,78.54396
AP-MDP,2023-01-19,19.5,26.7,13.7,70,100,0.0,0.0,10.8,118,22.15,4.39,938.5,12.7,691.0,13.532514,78.54396
AP-MDP,2023-01-20,19.4,25.8,12.9,78,98,0.0,0.0,15.0,124,15.55,3.25,938.0,14.9,691.0,13.532514,78.54396
AP-MDP,2023-01-21,20.6,26.7,16.2,75,100,0.2,0.2,12.3,79,14.8,3.26,937.6,15.3,691.0,13.532514,78.54396
AP-MDP,2023-01-22,19.8,26.6,13.8,69,99,0.0,0.0,15.2,111,20.96,4.45,936.7,12.7,691.0,13.532514,78.54396
AP-MDP,2023-01-23,20.4,25.4,15.5,79,99,0.4,0.4,13.0,105,12.88,2.81,936.2,16.3,691.0,13.532514,78.54396
AP-MDP,2023-01-24,21.5,27.1,16.9,72,99,0.2,0.2,13.2,119,19.94,4.25,936.3,15.4,691.0,13.532514,78.54396
AP-MDP,2023-01-25,20.1,26.7,15.7,75,99,0.0,0.0,14.5,129,21.31,4.24,936.2,14.8,691.0,13.532514,78.54396
AP-MDP,2023-01-26,20.0,26.6,14.4,74,99,0.0,0.0,11.3,119,21.63,4.27,936.2,14.5,691.0,13.532514,78.54396
AP-MDP,2023-01-27,20.2,27.1,15.2,72,100,0.0,0.0,12.8,109,21.51,4.45,936.3,13.9,691.0,13.532514,78.54396
AP-MDP,2023-01-28,20.4,27.8,15.3,56,80,0.0,0.0,17.2,72,22.85,4.97,935.5,10.2,691.0,13.532514,78.54396
AP-MDP,2023-01-29,21.0,27.5,14.7,62,93,0.0,0.0,21.3,93,21.25,4.77,934.9,12.9,691.0,13.532514,78.54396
AP-MDP,2023-01-30,21.6,26.7,18.1,80,98,0.9,0.9,15.3,72,14.7,3.14,936.2,17.7,691.0,13.532514,78.54396
AP-MDP,2023-01-31,21.7,27.7,17.0,72,100,0.0,0.0,19.1,44,19.87,4.5,936.0,15.6,691.0,13.532514,78.54396
AP-MDP,2023-02-01,21.3,27.9,15.5,64,90,0.0,0.0,20.2,32,18.01,4.43,935.5,13.5,691.0,13.532514,78.54396
AP-MDP,2023-02-02,21.5,27.4,15.6,64,93,0.0,0.0,22.9,44,18.51,4.5,936.1,13.8,691.0,13.532514,78.54396
AP-MDP,2023-02-03,21.5,28.1,15.5,67,94,0.0,0.0,20.7,62,17.37,4.25,936.4,14.5,691.0,13.532514,78.54396
AP-MDP,2023-02-04,22.4,29.7,17.0,64,95,0.0,0.0,17.3,85,21.04,4.81,936.0,14.3,691.0,13.532514,78.54396
AP-MDP,2023-02-05,22.6,30.1,15.6,51,86,0.0,0.0,13.7,110,23.27,5.38,935.5,10.6,691.0,13.532514,78.54396
AP-MDP,2023-02-06,22.0,29.6,15.5,55,88,0.0,0.0,11.2,136,23.13,5.09,935.7,11.1,691.0,13.532514,78.54396
AP-MDP,2023-02-07,22.5,30.0,16.3,58,94,0.0,0.0,10.1,147,23.25,5.07,935.7,12.3,691.0,13.532514,78.54396
AP-MDP,2023-02-08,22.9,30.8,16.4,62,97,0.0,0.0,15.0,87,23.36,5.34,935.7,13.4,691.0,13.532514,78.54396
AP-MDP,2023-02-09,22.7,30.7,16.4,56,90,0.0,0.0,15.5,99,23.72,5.47,936.3,12.1,691.0,13.532514,78.54396
AP-MDP,2023-02-10,22.3,30.1,15.6,55,93,0.0,0.0,14.3,96,23.86,5.5,937.3,10.9,691.0,13.532514,78.54396
AP-MDP,2023-02-11,22.0,30.6,14.4,48,76,0.0,0.0,14.5,101,23.73,5.54,937.3,9.1,691.0,13.532514,78.54396
AP-MDP,2023-02-12,22.4,31.4,14.7,49,83,0.0,0.0,17.0,87,23.54,5.69,937.5,9.2,691.0,13.532514,78.54396
AP-MDP,2023-02-13,23.0,30.8,15.8,43,73,0.0,0.0,15.9,88,24.4,5.92,937.7,8.5,691.0,13.532514,78.54396
AP-MDP,2023-02-14,22.0,30.0,14.7,47,75,0.0,0.0,12.5,90,24.73,5.66,937.2,8.7,691.0,13.532514,78.54396
AP-MDP,2023-02-15,22.0,30.4,15.1,54,94,0.0,0.0,14.1,80,24.9,5.7,936.1,9.9,691.0,13.532514,78.54396
AP-MDP,2023-02-16,23.1,30.5,15.8,43,79,0.0,0.0,17.5,88,24.86,5.97,936.3,8.4,691.0,13.532514,78.54396
AP-MDP,2023-02-17,22.6,30.6,15.5,51,88,0.0,0.0,15.3,129,24.85,5.84,936.7,9.8,691.0,13.532514,78.54396
AP-MDP,2023-02-18,22.5,29.9,16.0,55,93,0.0,0.0,10.2,144,24.81,5.51,936.9,10.9,691.0,13.532514,78.54396
AP-MDP,2023-02-19,22.7,29.8,17.2,61,100,0.0,0.0,12.2,137,24.34,5.41,937.3,12.8,691.0,13.532514,78.54396
AP-MDP,2023-02-20,22.7,29.9,16.6,57,100,0.0,0.0,11.7,131,24.99,5.53,937.4,11.6,691.0,13.532514,78.54396
AP-MDP,2023-02-21,23.2,31.2,16.3,45,75,0.0,0.0,12.5,104,25.2,5.91,937.5,9.0,691.0,13.532514,78.54396
AP-MDP,2023-02-22,23.1,31.4,16.7,46,71,0.0,0.0,16.7,112,25.07,6.06,937.0,9.7,691.0,13.532514,78.54396
AP-MDP,2023-02-23,22.4,31.4,15.4,43,73,0.0,0.0,17.3,121,25.7,6.37,936.8,7.0,691.0,13.532514,78.54396
AP-MDP,2023-02-24,21.9,31.3,15.2,52,97,0.0,0.0,16.9,118,25.95,6.09,937.3,8.0,691.0,13.532514,78.54396
AP-MDP,2023-02-25,23.5,32.0,15.0,39,81,0.0,0.0,17.4,95,25.62,6.51,939.0,6.7,691.0,13.532514,78.54396
AP-MDP,2023-02-26,22.4,30.3,15.5,37,55,0.0,0.0,20.0,113,25.69,6.58,939.8,5.9,691.0,13.532514,78.54396
AP-MDP,2023-02-27,21.6,29.7,14.2,38,81,0.0,0.0,15.9,125,25.83,6.31,939.9,4.9,691.0,13.532514,78.54396
AP-MDP,2023-02-28,22.3,30.6,13.9,52,89,0.0,0.0,18.9,123,23.83,5.9,939.8,10.9,691.0,13.532514,78.54396
AP-MDP,2023-03-01,23.2,30.6,16.7,57,97,0.0,0.0,17.1,96,22.67,5.65,940.2,12.8,691.0,13.532514,78.54396
AP-MDP,2023-03-02,21.9,30.1,14.9,47,96,0.0,0.0,21.7,101,25.68,6.61,940.3,6.7,691.0,13.532514,78.54396
AP-MDP,2023-03-03,22.9,31.0,14.9,32,56,0.0,0.0,24.2,102,25.89,7.1,940.8,4.1,691.0,13.532514,78.54396
AP-MDP,2023-03-04,23.6,31.1,16.2,33,47,0.0,0.0,22.0,90,25.61,7.05,940.8,5.9,691.0,13.532514,78.54396
AP-MDP,2023-03-05,24.4,31.5,18.1,30,50,0.0,0.0,21.5,105,25.73,7.07,940.5,4.6,691.0,13.532514,78.54396
AP-MDP,2023-03-06,23.9,31.5,16.6,29,50,0.0,0.0,21.7,100,25.89,7.21,939.0,3.2,691.0,13.532514,78.54396
AP-MDP,2023-03-07,23.2,31.1,15.7,38,60,0.0,0.0,19.4,116,24.13,6.25,938.1,7.0,691.0,13.532514,78.54396
AP-MDP,2023-03-08,23.5,30.8,16.8,46,83,0.0,0.0,21.1,93,24.99,6.53,938.3,8.7,691.0,13.532514,78.54396
AP-MDP,2023-03-09,23.8,30.4,17.5,42,70,0.0,0.0,18.8,93,23.75,6.07,937.9,8.3,691.0,13.532514,78.54396
AP-MDP,2023-03-10,23.1,30.4,16.3,48,77,0.0,0.0,18.6,93,24.43,6.11,937.2,10.2,691.0,13.532514,78.54396
AP-MDP,2023-03-11,24.0,30.5,18.2,48,85,0.0,0.0,19.7,66,25.66,6.31,937.5,11.5,691.0,13.532514,78.54396
AP-MDP,2023-03-12,23.3,31.4,15.9,62,100,0.0,0.0,16.7,117,25.7,6.0,937.2,13.8,691.0,13.532514,78.54396
AP-MDP,2023-03-13,24.5,32.0,16.8,53,93,0.0,0.0,14.6,135,25.7,6.25,936.3,12.2,691.0,13.532514,78.54396
AP-MDP,2023-03-14,25.6,33.2,18.2,42,73,0.0,0.0,12.5,117,24.1,6.27,935.0,9.6,691.0,13.532514,78.54396
AP-MDP,2023-03-15,25.3,33.2,18.7,60,99,0.0,0.0,18.3,149,22.83,5.89,934.2,14.7,691.0,13.532514,78.54396
AP-MDP,2023-03-16,24.3,31.7,19.7,71,100,0.2,0.2,18.3,168,20.03,4.64,935.0,17.9,691.0,13.532514,78.54396
AP-MDP,2023-03-17,22.5,27.6,19.8,82,97,25.2,25.2,14.9,166,15.64,3.29,935.4,18.9,691.0,13.532514,78.54396
AP-MDP,2023-03-18,22.7,30.4,19.2,79,98,34.5,34.5,15.3,171,17.94,3.96,934.4,18.4,691.0,13.532514,78.54396
AP-MDP,2023-03-19,23.6,30.2,19.1,69,91,5.7,5.7,18.2,235,20.89,4.78,933.5,16.7,691.0,13.532514,78.54396
AP-MDP,2023-03-20,24.5,31.6,19.2,59,94,0.0,0.0,15.3,241,23.92,5.81,932.8,14.2,691.0,13.532514,78.54396
AP-MDP,2023-03-21,25.6,33.3,20.0,54,96,0.0,0.0,14.2,243,26.34,6.16,933.0,12.9,691.0,13.532514,78.54396
AP-MDP,2023-03-22,26.0,32.5,20.2,64,100,0.0,0.0,14.2,192,23.75,5.22,933.8,17.3,691.0,13.532514,78.54396
AP-MDP,2023-03-23,26.8,33.5,21.5,55,83,0.0,0.0,17.8,209,24.26,6.06,933.8,15.3,691.0,13.532514,78.54396
AP-MDP,2023-03-24,26.5,33.8,21.1,60,95,0.0,0.0,15.7,179,22.22,5.52,934.2,16.5,691.0,13.532514,78.54396
AP-MDP,2023-03-25,26.2,31.5,21.4,60,86,1.6,1.6,16.1,183,19.63,4.92,935.5,16.9,691.0,13.532514,78.54396
AP-MDP,2023-03-26,26.3,31.9,22.3,62,82,1.3,1.3,17.8,187,19.43,4.91,934.9,17.9,691.0,13.532514,78.54396
AP-MDP,2023-03-27,27.4,34.6,21.7,52,86,0.0,0.0,16.1,266,24.79,6.43,934.5,14.6,691.0,13.532514,78.54396
AP-MDP,2023-03-28,27.2,35.1,20.9,58,93,0.0,0.0,15.5,155,25.56,6.1,934.6,15.9,691.0,13.532514,78.54396
AP-MDP,2023-03-29,27.5,34.2,22.2,59,97,0.0,0.0,18.7,160,22.8,5.98,935.5,16.9,691.0,13.532514,78.54396
AP-MDP,2023-03-30,26.2,33.3,22.5,62,87,1.5,1.5,18.7,185,21.32,5.37,934.8,17.3,691.0,13.532514,78.54396
AP-MDP,2023-03-31,27.0,32.5,22.3,53,75,0.0,0.0,15.9,239,23.63,5.65,934.0,15.9,691.0,13.532514,78.54396
AP-MDP,2023-04-01,26.2,31.2,22.4,61,82,0.1,0.1,17.8,203,20.91,5.44,934.1,17.8,691.0,13.532514,78.54396
AP-MDP,2023-04-02,26.8,33.2,21.9,57,86,0.0,0.0,16.3,204,23.11,5.76,933.8,16.0,691.0,13.532514,78.54396
AP-MDP,2023-04-03,26.6,32.1,21.8,61,86,0.3,0.3,14.5,186,23.33,5.75,933.7,17.6,691.0,13.532514,78.54396
AP-MDP,2023-04-04,26.2,32.0,21.6,63,91,0.1,0.1,18.3,183,20.42,5.14,934.9,17.7,691.0,13.532514,78.54396
AP-MDP,2023-04-05,27.6,34.1,21.2,50,77,0.0,0.0,14.0,160,24.61,6.25,934.5,15.2,691.0,13.532514,78.54396
AP-MDP,2023-04-06,27.1,33.1,21.4,59,93,0.0,0.0,15.9,158,24.22,6.07,935.1,17.1,691.0,13.532514,78.54396
AP-MDP,2023-04-07,26.2,32.7,20.6,59,95,0.0,0.0,15.6,149,25.72,6.26,936.5,16.2,691.0,13.532514,78.54396
AP-MDP,2023-04-08,25.7,32.3,19.6,54,89,0.0,0.0,17.0,117,26.61,6.56,938.0,14.1,691.0,13.532514,78.54396
AP-MDP,2023-04-09,24.9,32.3,18.2,64,99,0.0,0.0,14.6,128,26.5,6.02,938.2,16.3,691.0,13.532514,78.54396
AP-MDP,2023-04-10,26.3,33.1,20.6,59,98,0.0,0.0,14.9,134,26.66,6.48,937.4,15.7,691.0,13.532514,78.54396
AP-MDP,2023-04-11,26.1,33.6,19.8,53,99,0.0,0.0,14.1,125,27.63,6.65,937.0,12.8,691.0,13.532514,78.54396
AP-MDP,2023-04-12,26.6,34.4,19.2,38,65,0.0,0.0,16.3,132,27.75,7.21,936.6,9.2,691.0,13.532514,78.54396
AP-MDP,2023-04-13,28.1,35.3,21.2,34,53,0.0,0.0,17.3,133,27.35,7.6,936.2,9.4,691.0,13.532514,78.54396
AP-MDP,2023-04-14,28.0,35.6,21.3,34,58,0.0,0.0,15.5,151,27.48,7.56,935.8,9.0,691.0,13.532514,78.54396
AP-MDP,2023-04-15,27.8,34.6,21.3,32,48,0.0,0.0,13.4,149,25.71,6.86,935.4,8.9,691.0,13.532514,78.54396
AP-MDP,2023-04-16,27.5,34.9,20.3,39,78,0.0,0.0,15.5,139,27.23,7.34,934.2,9.6,691.0,13.532514,78.54396
AP-MDP,2023-04-17,27.8,35.0,21.2,35,60,0.0,0.0,17.0,147,27.62,7.56,934.3,9.2,691.0,13.532514,78.54396
AP-MDP,2023-04-18,28.3,35.7,21.4,32,53,0.0,0.0,13.6,156,27.56,7.55,935.2,8.7,691.0,13.532514,78.54396
AP-MDP,2023-04-19,28.2,35.7,21.8,41,73,0.0,0.0,11.2,173,27.44,7.1,933.6,11.6,691.0,13.532514,78.54396
AP-MDP,2023-04-20,29.1,36.2,22.1,37,61,0.0,0.0,14.3,198,25.52,7.16,931.5,11.7,691.0,13.532514,78.54396
AP-MDP,2023-04-21,29.1,35.3,23.5,39,61,0.1,0.1,12.6,229,24.52,6.45,931.7,13.4,691.0,13.532514,78.54396
AP-MDP,2023-04-22,28.1,34.5,22.3,53,90,0.0,0.0,15.8,212,24.08,5.86,932.1,16.6,691.0,13.532514,78.54396
AP-MDP,2023-04-23,28.3,34.6,23.7,53,77,0.0,0.0,17.8,202,23.25,6.37,932.2,16.9,691.0,13.532514,78.54396
AP-MDP,2023-04-24,27.2,34.1,22.0,62,87,6.1,6.1,17.9,165,23.27,6.09,933.5,18.4,691.0,13.532514,78.54396
AP-MDP,2023-04-25,27.0,33.1,22.6,67,95,1.5,1.5,17.4,154,23.54,5.76,934.5,19.6,691.0,13.532514,78.54396
AP-MDP,2023-04-26,27.1,33.4,21.7,62,96,0.2,0.2,13.8,139,24.21,5.94,934.4,18.1,691.0,13.532514,78.54396
AP-MDP,2023-04-27,27.4,33.8,21.4,60,98,0.0,0.0,15.9,144,26.32,6.73,934.4,17.3,691.0,13.532514,78.54396
AP-MDP,2023-04-28,27.3,33.3,21.7,63,96,0.0,0.0,15.5,153,24.23,6.16,934.9,18.7,691.0,13.532514,78.54396
AP-MDP,2023-04-29,25.8,31.5,21.7,71,93,1.8,1.8,19.2,153,22.14,5.18,934.3,19.7,691.0,13.532514,78.54396
AP-MDP,2023-04-30,26.0,32.2,21.2,70,95,1.4,1.4,18.8,165,21.23,5.13,932.8,19.5,691.0,13.532514,78.54396
AP-MDP,2023-05-01,24.1,30.2,21.3,79,96,28.7,28.7,12.7,197,18.23,3.92,932.8,20.0,691.0,13.532514,78.54396
AP-MDP,2023-05-02,24.2,28.4,20.9,80,98,0.1,0.1,14.6,150,12.63,2.97,933.3,20.4,691.0,13.532514,78.54396
AP-MDP,2023-05-03,25.4,30.7,21.1,74,96,0.4,0.4,12.3,267,17.34,4.1,934.1,19.9,691.0,13.532514,78.54396
AP-MDP,2023-05-04,24.8,31.8,21.7,80,96,17.6,17.6,18.1,172,18.17,3.91,933.7,20.7,691.0,13.532514,78.54396
AP-MDP,2023-05-05,24.5,30.5,21.5,80,95,9.5,9.5,14.2,240,15.96,3.67,932.9,20.3,691.0,13.532514,78.54396
AP-MDP,2023-05-06,25.0,31.2,22.2,77,95,2.3,2.3,12.2,254,19.2,4.27,932.6,20.3,691.0,13.532514,78.54396
AP-MDP,2023-05-07,25.7,31.0,21.5,70,91,0.6,0.6,19.8,296,19.9,4.77,932.6,19.4,691.0,13.532514,78.54396
AP-MDP,2023-05-08,26.0,31.5,22.2,72,89,0.4,0.4,11.3,305,23.6,5.18,932.0,20.1,691.0,13.532514,78.54396
AP-MDP,2023-05-09,26.3,33.1,21.4,69,89,0.3,0.3,19.7,324,25.61,5.75,932.5,19.5,691.0,13.532514,78.54396
AP-MDP,2023-05-10,27.8,34.1,21.3,60,88,0.0,0.0,13.3,14,25.57,6.22,932.1,18.4,691.0,13.532514,78.54396
AP-MDP,2023-05-11,27.7,33.8,22.5,61,94,1.2,1.2,18.1,11,23.74,5.77,933.0,18.8,691.0,13.532514,78.54396
AP-MDP,2023-05-12,28.9,35.0,23.4,49,75,0.0,0.0,14.5,304,25.45,6.91,933.1,16.1,691.0,13.532514,78.54396
AP-MDP,2023-05-13,28.7,33.8,24.2,53,76,0.0,0.0,21.0,269,20.96,6.31,933.4,17.7,691.0,13.532514,78.54396
AP-MDP,2023-05-14,29.1,35.5,24.2,51,81,0.0,0.0,24.1,283,24.83,7.31,932.6,16.6,691.0,13.532514,78.54396
AP-MDP,2023-05-15,29.9,35.8,24.5,41,66,0.0,0.0,20.9,274,24.72,7.27,933.0,14.6,691.0,13.532514,78.54396
AP-MDP,2023-05-16,29.9,35.6,24.6,41,68,0.0,0.0,17.3,289,24.27,7.09,934.3,14.7,691.0,13.532514,78.54396
AP-MDP,2023-05-17,30.5,37.0,24.9,38,51,0.0,0.0,15.3,282,24.21,6.77,934.7,13.6,691.0,13.532514,78.54396
AP-MDP,2023-05-18,30.2,36.3,24.4,44,73,0.0,0.0,13.1,233,23.77,6.66,935.9,15.6,691.0,13.532514,78.54396
AP-MDP,2023-05-19,30.3,36.1,25.0,44,66,0.1,0.1,15.5,231,24.09,6.54,934.5,15.8,691.0,13.532514,78.54396
AP-MDP,2023-05-20,29.2,35.6,25.1,53,72,0.5,0.5,17.5,257,22.86,6.12,934.1,18.0,691.0,13.532514,78.54396
AP-MDP,2023-05-21,27.4,33.1,23.5,62,85,5.9,5.9,14.0,234,20.83,5.0,934.8,19.1,691.0,13.532514,78.54396
AP-MDP,2023-05-22,27.8,34.0,22.8,60,84,0.7,0.7,16.1,203,23.49,5.79,935.5,18.8,691.0,13.532514,78.54396
AP-MDP,2023-05-23,28.8,34.8,23.0,53,77,0.0,0.0,13.7,213,24.99,6.46,935.9,17.3,691.0,13.532514,78.54396
AP-MDP,2023-05-24,29.1,35.2,24.4,52,72,0.0,0.0,14.9,259,23.55,6.34,935.4,17.8,691.0,13.532514,78.54396
AP-MDP,2023-05-25,28.3,34.7,23.7,58,84,2.4,2.4,19.7,266,20.43,5.89,935.7,18.7,691.0,13.532514,78.54396
AP-MDP,2023-05-26,28.8,35.0,23.5,52,81,0.0,0.0,19.8,285,24.99,6.82,935.9,16.9,691.0,13.532514,78.54396
AP-MDP,2023-05-27,28.5,34.1,23.9,54,73,1.1,1.1,18.4,284,22.78,6.1,934.6,18.0,691.0,13.532514,78.54396
AP-MDP,2023-05-28,29.1,35.0,24.5,50,69,0.2,0.2,16.9,277,23.5,6.4,933.8,17.1,691.0,13.532514,78.54396
AP-MDP,2023-05-29,28.9,35.1,23.7,50,70,1.2,1.2,14.3,188,18.29,5.19,934.0,16.3,691.0,13.532514,78.54396
AP-MDP,2023-05-30,26.7,34.5,23.2,64,87,3.5,3.5,18.5,251,19.52,4.82,934.5,18.8,691.0,13.532514,78.54396
AP-MDP,2023-05-31,28.3,34.5,22.6,56,80,0.6,0.6,13.1,284,23.08,5.95,933.5,17.9,691.0,13.532514,78.54396
AP-MDP,2023-06-01,28.6,35.0,23.7,56,74,0.3,0.3,17.7,281,23.08,6.22,933.2,18.3,691.0,13.532514,78.54396
AP-MDP,2023-06-02,29.1,34.5,24.4,54,74,3.1,3.1,18.9,287,23.59,6.64,933.4,18.5,691.0,13.532514,78.54396
AP-MDP,2023-06-03,29.6,35.5,25.0,50,72,0.4,0.4,20.1,292,23.05,6.73,933.3,17.5,691.0,13.532514,78.54396
AP-MDP,2023-06-04,27.9,32.3,24.9,57,72,0.5,0.5,22.3,286,18.99,5.56,933.4,18.5,691.0,13.532514,78.54396
AP-MDP,2023-06-05,28.7,34.5,24.3,55,70,1.7,1.7,20.0,283,22.83,6.56,932.6,18.5,691.0,13.532514,78.54396
AP-MDP,2023-06-06,29.4,35.2,24.3,52,76,0.0,0.0,22.0,288,24.96,7.26,932.3,18.0,691.0,13.532514,78.54396
AP-MDP,2023-06-07,28.9,34.3,24.8,55,75,3.3,3.3,20.6,276,19.53,5.96,932.2,18.5,691.0,13.532514,78.54396
AP-MDP,2023-06-08,28.9,36.0,23.6,55,78,0.8,0.8,21.6,280,20.95,6.53,932.5,17.9,691.0,13.532514,78.54396
AP-MDP,2023-06-09,28.3,36.1,23.9,58,77,6.8,6.8,24.8,272,21.28,6.32,931.2,18.7,691.0,13.532514,78.54396
AP-MDP,2023-06-10,28.7,35.7,23.5,55,78,0.1,0.1,24.1,269,23.92,7.32,931.1,17.9,691.0,13.532514,78.54396
AP-MDP,2023-06-11,28.4,34.4,23.6,57,75,1.0,1.0,22.1,278,24.44,7.04,931.1,18.5,691.0,13.532514,78.54396
AP-MDP,2023-06-12,28.9,35.3,23.7,53,75,0.2,0.2,19.5,269,21.92,6.74,931.0,17.6,691.0,13.532514,78.54396
AP-MDP,2023-06-13,28.6,35.4,23.5,55,76,0.8,0.8,20.2,268,22.86,6.67,931.6,18.1,691.0,13.532514,78.54396
AP-MDP,2023-06-14,28.9,34.9,23.7,51,72,0.0,0.0,21.1,280,24.68,7.35,933.0,17.1,691.0,13.532514,78.54396
AP-MDP,2023-06-15,29.0,35.1,23.5,50,75,0.0,0.0,19.7,285,25.95,7.44,933.2,16.7,691.0,13.532514,78.54396
AP-MDP,2023-06-16,29.6,35.1,23.9,48,75,0.0,0.0,21.7,281,24.98,7.58,932.3,16.5,691.0,13.532514,78.54396
AP-MDP,2023-06-17,28.8,34.9,23.7,52,73,0.0,0.0,22.1,286,23.27,6.87,932.3,17.2,691.0,13.532514,78.54396
AP-MDP,2023-06-18,27.9,32.9,24.4,58,76,0.5,0.5,24.8,288,17.45,5.74,932.2,18.5,691.0,13.532514,78.54396
AP-MDP,2023-06-19,26.5,32.4,23.9,67,77,5.7,5.7,20.5,280,12.47,4.0,931.1,19.6,691.0,13.532514,78.54396
AP-MDP,2023-06-20,26.5,31.4,23.4,71,88,6.1,6.1,20.6,274,17.93,4.53,930.7,20.5,691.0,13.532514,78.54396
AP-MDP,2023-06-21,26.0,32.3,23.3,74,92,16.7,16.7,17.7,270,16.96,4.26,931.4,20.4,691.0,13.532514,78.54396
AP-MDP,2023-06-22,25.7,31.8,23.0,74,85,2.6,2.6,17.3,276,16.3,4.05,931.6,20.4,691.0,13.532514,78.54396
AP-MDP,2023-06-23,26.7,31.4,22.7,65,84,0.4,0.4,16.4,274,18.44,4.99,931.7,19.2,691.0,13.532514,78.54396
AP-MDP,2023-06-24,26.5,31.2,23.0,66,79,0.4,0.4,20.3,267,17.58,4.94,931.3,19.5,691.0,13.532514,78.54396
AP-MDP,2023-06-25,26.0,31.3,22.2,67,82,5.3,5.3,17.1,263,19.89,5.14,931.1,19.0,691.0,13.532514,78.54396
AP-MDP,2023-06-26,26.2,30.9,22.6,65,83,0.1,0.1,21.1,273,19.16,5.27,931.8,18.8,691.0,13.532514,78.54396
AP-MDP,2023-06-27,26.8,32.0,22.6,60,81,0.1,0.1,18.1,264,21.0,5.77,932.1,17.9,691.0,13.532514,78.54396
AP-MDP,2023-06-28,26.9,32.4,22.5,64,83,0.5,0.5,20.1,271,23.21,6.15,933.0,19.1,691.0,13.532514,78.54396
AP-MDP,2023-06-29,27.0,32.3,22.7,62,81,0.8,0.8,19.6,272,21.94,6.06,933.6,18.8,691.0,13.532514,78.54396
AP-MDP,2023-06-30,27.4,33.4,22.5,59,80,0.0,0.0,21.7,272,22.93,6.45,933.4,18.2,691.0,13.532514,78.54396
AP-MDP,2023-07-01,27.5,32.3,22.8,60,80,0.3,0.3,19.8,282,19.47,5.74,933.6,18.5,691.0,13.532514,78.54396
AP-MDP,2023-07-02,26.7,31.6,23.5,65,80,0.0,0.0,25.3,287,15.77,4.95,932.6,19.4,691.0,13.532514,78.54396
AP-MDP,2023-07-03,26.2,30.6,22.6,67,86,0.2,0.2,29.3,280,14.67,4.8,931.3,19.1,691.0,13.532514,78.54396
AP-MDP,2023-07-04,25.4,32.5,22.7,72,90,9.0,9.0,22.6,268,19.21,5.07,929.2,19.6,691.0,13.532514,78.54396
AP-MDP,2023-07-05,24.8,29.6,22.0,74,90,1.4,1.4,33.4,272,14.86,4.34,928.1,19.5,691.0,13.532514,78.54396
AP-MDP,2023-07-06,23.8,25.7,22.6,77,89,6.2,6.2,24.9,267,8.25,2.82,930.5,19.6,691.0,13.532514,78.54396
AP-MDP,2023-07-07,26.0,31.6,22.7,67,81,4.3,4.3,22.7,258,20.48,5.54,932.6,19.1,691.0,13.532514,78.54396
AP-MDP,2023-07-08,25.5,30.3,23.2,70,78,2.6,2.6,21.6,259,17.68,4.74,933.7,19.4,691.0,13.532514,78.54396
AP-MDP,2023-07-09,26.0,30.5,22.5,67,79,1.5,1.5,21.5,279,19.06,5.03,933.3,19.2,691.0,13.532514,78.54396
AP-MDP,2023-07-10,24.6,28.2,22.8,78,89,10.1,10.1,18.0,280,9.03,2.64,932.8,20.5,691.0,13.532514,78.54396
AP-MDP,2023-07-11,24.8,28.9,21.5,76,92,5.2,5.2,20.3,284,13.41,3.57,932.2,20.0,691.0,13.532514,78.54396
AP-MDP,2023-07-12,25.4,30.3,22.3,71,85,2.3,2.3,17.2,277,18.14,4.45,932.0,19.5,691.0,13.532514,78.54396
AP-MDP,2023-07-13,25.3,30.1,22.0,71,84,1.7,1.7,20.4,266,15.76,4.17,932.2,19.4,691.0,13.532514,78.54396
AP-MDP,2023-07-14,26.0,30.4,22.2,67,83,1.7,1.7,23.5,278,21.88,5.68,933.1,19.2,691.0,13.532514,78.54396
AP-MDP,2023-07-15,26.1,31.0,22.0,67,85,0.6,0.6,24.3,284,21.63,5.7,933.2,19.2,691.0,13.532514,78.54396
AP-MDP,2023-07-16,26.4,30.8,22.4,66,85,0.0,0.0,19.2,283,19.48,5.25,932.7,19.2,691.0,13.532514,78.54396
AP-MDP,2023-07-17,26.5,31.1,22.5,63,82,0.2,0.2,23.1,274,20.04,5.83,931.9,18.7,691.0,13.532514,78.54396
AP-MDP,2023-07-18,26.3,31.2,23.2,63,81,0.8,0.8,28.9,269,17.72,5.7,930.9,18.4,691.0,13.532514,78.54396
AP-MDP,2023-07-19,24.9,28.4,22.5,68,80,0.9,0.9,33.9,266,10.18,4.13,929.6,18.5,691.0,13.532514,78.54396
AP-MDP,2023-07-20,25.1,28.9,23.0,67,80,1.0,1.0,33.8,268,12.02,4.62,929.6,18.3,691.0,13.532514,78.54396
AP-MDP,2023-07-21,24.8,29.4,22.2,71,87,9.4,9.4,34.2,273,13.06,4.5,930.3,18.8,691.0,13.532514,78.54396
AP-MDP,2023-07-22,24.0,27.3,22.1,76,89,4.0,4.0,29.7,274,9.44,3.33,931.7,19.4,691.0,13.532514,78.54396
AP-MDP,2023-07-23,23.7,27.4,22.0,79,89,3.8,3.8,30.5,274,8.05,2.86,931.9,19.8,691.0,13.532514,78.54396
AP-MDP,2023-07-24,23.7,27.3,21.6,78,89,3.5,3.5,30.3,272,9.95,3.27,931.3,19.4,691.0,13.532514,78.54396
AP-MDP,2023-07-25,22.1,23.1,21.5,89,91,21.2,21.2,27.4,276,5.92,1.69,931.1,20.2,691.0,13.532514,78.54396
AP-MDP,2023-07-26,22.1,24.3,21.0,88,91,14.4,14.4,29.2,276,6.2,1.82,932.0,20.0,691.0,13.532514,78.54396
AP-MDP,2023-07-27,24.1,29.1,21.3,75,90,2.1,2.1,35.0,274,20.41,4.98,932.5,19.1,691.0,13.532514,78.54396
AP-MDP,2023-07-28,25.2,30.0,21.4,69,81,0.4,0.4,32.6,279,21.68,5.7,932.7,18.8,691.0,13.532514,78.54396
AP-MDP,2023-07-29,25.2,30.6,21.3,69,85,0.3,0.3,31.4,287,22.51,5.85,932.8,18.7,691.0,13.532514,78.54396
AP-MDP,2023-07-30,25.6,30.1,21.4,67,85,0.2,0.2,30.5,286,22.5,5.84,932.6,18.7,691.0,13.532514,78.54396
AP-MDP,2023-07-31,26.2,31.2,21.9,66,84,0.0,0.0,28.0,281,22.5,5.96,932.4,19.1,691.0,13.532514,78.54396
AP-MDP,2023-08-01,25.9,30.0,22.0,66,83,1.1,1.1,29.0,278,20.31,5.72,932.3,18.7,691.0,13.532514,78.54396
AP-MDP,2023-08-02,25.9,30.8,21.6,60,80,0.0,0.0,30.7,277,21.89,6.37,933.0,17.2,691.0,13.532514,78.54396
AP-MDP,2023-08-03,26.0,30.6,21.8,63,81,0.3,0.3,31.3,276,22.33,6.23,932.8,18.0,691.0,13.532514,78.54396
AP-MDP,2023-08-04,26.1,31.8,21.4,63,83,1.7,1.7,29.4,276,23.46,6.2,934.5,18.3,691.0,13.532514,78.54396
AP-MDP,2023-08-05,26.4,31.2,22.1,64,83,0.4,0.4,23.7,279,22.68,5.83,935.6,18.8,691.0,13.532514,78.54396
AP-MDP,2023-08-06,26.9,31.6,22.2,63,83,0.1,0.1,18.8,278,23.47,6.01,934.9,18.9,691.0,13.532514,78.54396
AP-MDP,2023-08-07,26.7,31.5,22.3,62,83,0.2,0.2,19.6,280,22.61,5.85,933.3,18.4,691.0,13.532514,78.54396
AP-MDP,2023-08-08,26.5,31.4,22.4,62,78,0.1,0.1,18.1,281,20.96,5.52,933.5,18.3,691.0,13.532514,78.54396
AP-MDP,2023-08-09,26.6,31.9,22.3,62,82,0.8,0.8,17.9,288,23.11,5.63,934.9,18.4,691.0,13.532514,78.54396
AP-MDP,2023-08-10,25.6,32.0,21.7,71,91,11.8,11.8,18.7,285,18.1,4.32,935.4,19.5,691.0,13.532514,78.54396
AP-MDP,2023-08-11,26.0,31.0,21.7,69,90,0.7,0.7,15.6,298,18.31,4.48,934.5,19.5,691.0,13.532514,78.54396
AP-MDP,2023-08-12,26.8,32.1,22.2,63,85,1.4,1.4,18.8,293,23.26,5.9,934.0,18.6,691.0,13.532514,78.54396
AP-MDP,2023-08-13,26.9,31.6,22.4,59,82,0.3,0.3,16.6,289,23.75,5.85,933.5,17.8,691.0,13.532514,78.54396
AP-MDP,2023-08-14,26.7,31.8,22.2,60,83,0.3,0.3,14.2,283,22.81,5.5,934.0,17.7,691.0,13.532514,78.54396
AP-MDP,2023-08-15,26.5,32.0,21.6,59,82,0.6,0.6,14.2,270,23.8,5.8,934.1,17.2,691.0,13.532514,78.54396
AP-MDP,2023-08-16,26.8,32.2,21.8,58,83,0.5,0.5,14.4,281,24.45,6.07,934.2,17.3,691.0,13.532514,78.54396
AP-MDP,2023-08-17,27.5,32.4,23.0,57,82,0.2,0.2,19.0,285,23.93,6.62,933.9,17.7,691.0,13.532514,78.54396
AP-MDP,2023-08-18,26.8,31.0,22.7,57,80,0.0,0.0,22.3,283,18.83,5.91,932.7,17.1,691.0,13.532514,78.54396
AP-MDP,2023-08-19,25.8,31.6,22.5,65,79,1.9,1.9,26.1,279,21.19,5.77,932.3,18.4,691.0,13.532514,78.54396
AP-MDP,2023-08-20,26.7,32.9,22.1,59,80,0.0,0.0,21.8,285,22.95,6.15,932.3,17.4,691.0,13.532514,78.54396
AP-MDP,2023-08-21,27.4,33.3,22.6,57,83,0.0,0.0,18.5,296,25.41,6.42,932.3,17.4,691.0,13.532514,78.54396
AP-MDP,2023-08-22,26.6,33.2,22.2,64,91,21.9,21.9,16.6,273,23.68,5.54,932.5,18.5,691.0,13.532514,78.54396
AP-MDP,2023-08-23,26.4,31.9,22.0,65,94,0.7,0.7,9.0,259,20.64,4.88,932.6,18.7,691.0,13.532514,78.54396
AP-MDP,2023-08-24,26.6,32.1,22.6,55,83,0.0,0.0,15.6,267,24.34,6.11,932.4,16.1,691.0,13.532514,78.54396
AP-MDP,2023-08-25,27.3,33.0,22.7,53,72,0.0,0.0,14.8,278,24.47,6.25,932.6,16.2,691.0,13.532514,78.54396
AP-MDP,2023-08-26,26.2,32.5,21.9,69,92,10.2,10.2,14.2,289,22.51,5.21,933.8,19.6,691.0,13.532514,78.54396
AP-MDP,2023-08-27,26.4,31.4,22.3,65,93,0.7,0.7,14.2,294,18.69,4.72,934.2,18.5,691.0,13.532514,78.54396
AP-MDP,2023-08-28,27.3,32.7,22.9,56,78,0.0,0.0,16.1,284,24.12,6.2,933.4,17.2,691.0,13.532514,78.54396
AP-MDP,2023-08-29,27.4,32.5,23.3,57,83,0.0,0.0,18.4,308,24.45,6.14,933.1,17.5,691.0,13.532514,78.54396
AP-MDP,2023-08-30,25.5,31.9,21.8,72,96,13.9,13.9,18.8,294,21.88,4.96,933.4,19.5,691.0,13.532514,78.54396
AP-MDP,2023-08-31,25.5,31.7,21.8,75,95,3.8,3.8,17.9,281,21.23,4.74,933.3,20.1,691.0,13.532514,78.54396
AP-MDP,2023-09-01,25.6,32.4,21.4,72,91,9.5,9.5,17.2,251,22.53,5.06,933.2,19.7,691.0,13.532514,78.54396
AP-MDP,2023-09-02,25.5,31.8,21.9,74,93,10.7,10.7,18.7,260,19.9,4.7,932.9,20.2,691.0,13.532514,78.54396
AP-MDP,2023-09-03,25.3,29.9,22.2,70,90,0.9,0.9,19.5,289,19.59,4.74,931.6,19.0,691.0,13.532514,78.54396
AP-MDP,2023-09-04,22.9,25.5,21.1,82,91,6.9,6.9,25.7,286,7.24,2.33,929.9,19.7,691.0,13.532514,78.54396
AP-MDP,2023-09-05,23.4,27.2,21.1,75,85,0.7,0.7,25.5,282,10.77,3.34,930.0,18.5,691.0,13.532514,78.54396
AP-MDP,2023-09-06,25.6,29.6,22.7,68,81,0.0,0.0,20.1,273,19.17,4.97,930.7,18.9,691.0,13.532514,78.54396
AP-MDP,2023-09-07,25.8,31.0,22.0,68,85,0.9,0.9,18.8,267,22.07,5.47,931.5,19.0,691.0,13.532514,78.54396
AP-MDP,2023-09-08,26.2,30.8,22.3,64,83,0.1,0.1,20.9,259,22.49,5.74,932.3,18.5,691.0,13.532514,78.54396
AP-MDP,2023-09-09,26.6,32.1,22.4,64,81,0.5,0.5,20.5,271,23.91,6.05,932.0,18.9,691.0,13.532514,78.54396
AP-MDP,2023-09-10,26.1,30.7,22.3,65,82,2.3,2.3,19.5,276,18.96,5.04,931.5,18.7,691.0,13.532514,78.54396
AP-MDP,2023-09-11,25.8,29.5,22.2,67,86,0.0,0.0,22.5,282,17.38,4.75,931.9,18.9,691.0,13.532514,78.54396
AP-MDP,2023-09-12,25.9,30.1,22.7,63,75,0.3,0.3,22.3,287,19.83,5.26,932.4,18.0,691.0,13.532514,78.54396
AP-MDP,2023-09-13,26.3,31.6,22.4,63,80,0.3,0.3,20.1,283,23.79,6.08,932.3,18.4,691.0,13.532514,78.54396
AP-MDP,2023-09-14,26.1,32.0,21.9,64,82,0.6,0.6,19.8,276,22.77,5.82,932.3,18.3,691.0,13.532514,78.54396
AP-MDP,2023-09-15,25.7,31.6,22.0,69,83,2.6,2.6,21.1,262,20.22,5.16,932.5,19.3,691.0,13.532514,78.54396
AP-MDP,2023-09-16,25.8,32.9,21.9,71,88,11.0,11.0,22.7,267,18.85,4.85,932.8,19.7,691.0,13.532514,78.54396
AP-MDP,2023-09-17,25.5,31.4,22.1,71,87,12.9,12.9,17.9,277,19.88,4.64,932.5,19.6,691.0,13.532514,78.54396
AP-MDP,2023-09-18,25.7,31.7,21.4,69,91,8.1,8.1,17.3,277,22.46,5.34,932.4,19.3,691.0,13.532514,78.54396
AP-MDP,2023-09-19,25.6,30.9,21.5,68,89,1.7,1.7,17.5,284,23.03,5.39,933.4,18.8,691.0,13.532514,78.54396
AP-MDP,2023-09-20,26.2,30.8,22.0,65,82,0.0,0.0,15.9,278,22.67,5.44,933.8,18.9,691.0,13.532514,78.54396
AP-MDP,2023-09-21,25.7,30.6,22.5,73,88,1.8,1.8,13.7,267,18.89,4.33,934.0,20.2,691.0,13.532514,78.54396
AP-MDP,2023-09-22,24.9,30.1,21.3,78,92,3.6,3.6,15.5,248,18.85,4.05,933.8,20.5,691.0,13.532514,78.54396
AP-MDP,2023-09-23,25.6,31.5,21.0,76,93,8.1,8.1,10.3,281,22.5,4.76,933.9,20.6,691.0,13.532514,78.54396
AP-MDP,2023-09-24,24.9,30.7,21.1,77,93,21.4,21.4,17.6,284,22.22,4.75,933.8,20.3,691.0,13.532514,78.54396
AP-MDP,2023-09-25,24.6,29.6,21.2,78,93,3.7,3.7,20.9,293,22.56,4.72,932.9,20.3,691.0,13.532514,78.54396
AP-MDP,2023-09-26,25.1,30.2,21.6,74,92,8.8,8.8,12.5,277,22.04,4.81,932.5,19.8,691.0,13.532514,78.54396
AP-MDP,2023-09-27,24.9,30.0,21.6,76,92,5.8,5.8,14.2,281,21.1,4.49,932.4,20.2,691.0,13.532514,78.54396
AP-MDP,2023-09-28,24.4,30.4,21.3,77,87,8.9,8.9,16.9,259,17.75,4.05,932.1,19.9,691.0,13.532514,78.54396
AP-MDP,2023-09-29,24.7,30.0,21.3,76,92,9.8,9.8,19.3,251,19.91,4.58,932.3,20.1,691.0,13.532514,78.54396
AP-MDP,2023-09-30,25.4,30.2,21.6,71,86,5.2,5.2,19.5,242,19.71,4.83,932.8,19.7,691.0,13.532514,78.54396
AP-MDP,2023-10-01,25.5,29.7,22.0,69,85,0.7,0.7,24.5,247,16.54,4.54,932.5,19.3,691.0,13.532514,78.54396
AP-MDP,2023-10-02,25.7,30.9,21.6,66,84,0.0,0.0,25.4,269,22.64,5.63,933.0,18.5,691.0,13.532514,78.54396
AP-MDP,2023-10-03,25.3,30.1,21.7,67,85,0.0,0.0,16.6,286,22.44,5.14,934.0,18.4,691.0,13.532514,78.54396
AP-MDP,2023-10-04,25.4,29.3,21.9,66,79,1.0,1.0,15.3,306,20.58,4.73,934.6,18.4,691.0,13.532514,78.54396
AP-MDP,2023-10-05,25.7,30.5,21.5,64,86,0.1,0.1,10.6,317,21.66,4.89,934.2,18.1,691.0,13.532514,78.54396
AP-MDP,2023-10-06,26.7,31.4,22.0,59,79,0.0,0.0,12.6,329,20.26,4.98,933.6,17.4,691.0,13.532514,78.54396
AP-MDP,2023-10-07,26.8,31.4,21.5,59,87,0.0,0.0,13.0,349,18.32,4.74,934.0,17.5,691.0,13.532514,78.54396
AP-MDP,2023-10-08,25.0,31.3,21.6,75,93,8.1,8.1,14.5,178,19.81,4.37,935.5,19.9,691.0,13.532514,78.54396
AP-MDP,2023-10-09,25.1,30.4,21.4,76,93,4.2,4.2,12.4,174,20.6,4.48,936.6,20.3,691.0,13.532514,78.54396
AP-MDP,2023-10-10,25.6,30.7,20.6,73,94,0.3,0.3,11.9,170,21.63,4.74,936.0,19.8,691.0,13.532514,78.54396
AP-MDP,2023-10-11,25.5,30.4,20.6,70,96,1.1,1.1,12.2,60,22.82,5.02,935.8,19.1,691.0,13.532514,78.54396
AP-MDP,2023-10-12,25.1,30.8,20.8,67,100,0.0,0.0,14.4,114,22.85,5.24,936.8,17.5,691.0,13.532514,78.54396
AP-MDP,2023-10-13,24.1,30.5,17.7,62,96,0.0,0.0,14.4,111,24.16,5.37,937.2,15.4,691.0,13.532514,78.54396
AP-MDP,2023-10-14,23.8,29.6,19.9,78,100,1.3,1.3,13.9,107,19.63,4.09,937.2,19.3,691.0,13.532514,78.54396
AP-MDP,2023-10-15,24.7,30.4,20.9,73,98,0.3,0.3,14.7,105,21.29,4.71,935.9,18.8,691.0,13.532514,78.54396
AP-MDP,2023-10-16,24.7,29.1,20.8,74,95,1.2,1.2,15.5,114,20.62,4.51,936.0,19.3,691.0,13.532514,78.54396
AP-MDP,2023-10-17,25.0,30.5,20.8,68,100,0.0,0.0,15.1,92,22.81,5.23,936.8,17.9,691.0,13.532514,78.54396
AP-MDP,2023-10-18,24.3,29.4,19.6,58,75,1.0,1.0,14.7,99,22.53,5.09,937.3,15.4,691.0,13.532514,78.54396
AP-MDP,2023-10-19,24.0,30.9,18.4,65,88,0.2,0.2,15.5,68,22.54,5.15,937.2,16.4,691.0,13.532514,78.54396
AP-MDP,2023-10-20,24.3,31.1,18.6,68,96,0.7,0.7,15.4,97,22.9,5.22,937.2,17.2,691.0,13.532514,78.54396
AP-MDP,2023-10-21,24.7,29.3,19.9,67,94,1.9,1.9,15.9,60,20.93,4.84,937.5,17.6,691.0,13.532514,78.54396
AP-MDP,2023-10-22,25.2,31.0,19.7,56,93,0.0,0.0,15.0,25,23.01,5.31,937.3,14.8,691.0,13.532514,78.54396
AP-MDP,2023-10-23,23.9,30.6,18.6,43,80,0.0,0.0,17.0,337,24.33,6.01,936.4,9.4,691.0,13.532514,78.54396
AP-MDP,2023-10-24,23.7,30.2,16.8,44,77,0.0,0.0,11.4,44,24.48,5.32,936.2,9.9,691.0,13.532514,78.54396
AP-MDP,2023-10-25,23.6,30.4,17.6,56,93,0.0,0.0,9.4,118,24.02,5.3,937.3,13.0,691.0,13.532514,78.54396
AP-MDP,2023-10-26,23.6,30.1,17.5,61,92,0.0,0.0,11.2,87,23.66,5.26,937.4,14.3,691.0,13.532514,78.54396
AP-MDP,2023-10-27,24.2,30.5,17.8,66,94,0.0,0.0,12.9,79,20.36,4.65,936.4,16.4,691.0,13.532514,78.54396
AP-MDP,2023-10-28,24.7,30.2,20.5,75,98,1.1,1.1,12.7,114,21.12,4.62,936.6,19.3,691.0,13.532514,78.54396
AP-MDP,2023-10-29,23.5,28.8,20.0,82,100,9.0,9.0,15.9,104,19.09,3.96,936.4,19.9,691.0,13.532514,78.54396
AP-MDP,2023-10-30,22.8,26.5,20.1,85,98,5.9,5.9,14.8,111,15.72,3.18,936.5,20.0,691.0,13.532514,78.54396
AP-MDP,2023-10-31,22.6,27.4,19.6,84,99,3.4,3.4,16.5,79,15.84,3.22,936.9,19.5,691.0,13.532514,78.54396
AP-MDP,2023-11-01,23.5,29.3,18.4,77,100,0.3,0.3,15.0,59,20.3,4.41,937.0,18.6,691.0,13.532514,78.54396
AP-MDP,2023-11-02,23.4,28.9,20.1,82,98,2.4,2.4,12.2,73,18.15,3.66,936.2,20.0,691.0,13.532514,78.54396
AP-MDP,2023-11-03,23.6,28.2,20.8,84,99,2.7,2.7,14.1,89,18.39,3.74,935.0,20.5,691.0,13.532514,78.54396
AP-MDP,2023-11-04,22.8,26.6,20.9,87,97,14.5,14.5,15.2,89,13.45,2.65,935.0,20.4,691.0,13.532514,78.54396
AP-MDP,2023-11-05,22.6,28.0,20.6,88,97,37.7,37.7,13.2,102,14.82,2.92,936.0,20.4,691.0,13.532514,78.54396
AP-MDP,2023-11-06,23.0,28.3,20.1,86,98,17.0,17.0,10.3,144,17.22,3.44,937.0,20.3,691.0,13.532514,78.54396
AP-MDP,2023-11-07,22.7,27.4,20.3,88,97,12.5,12.5,12.0,69,14.65,2.9,937.1,20.4,691.0,13.532514,78.54396
AP-MDP,2023-11-08,23.1,28.2,20.6,86,99,2.1,2.1,12.6,110,18.61,3.66,936.9,20.5,691.0,13.532514,78.54396
AP-MDP,2023-11-09,22.9,27.0,19.7,85,99,1.5,1.5,14.8,89,15.91,3.18,937.3,20.0,691.0,13.532514,78.54396
AP-MDP,2023-11-10,23.0,27.8,19.7,77,100,0.1,0.1,15.3,80,19.2,4.05,938.5,18.5,691.0,13.532514,78.54396
AP-MDP,2023-11-11,22.0,27.2,17.1,74,98,0.0,0.0,15.8,59,21.48,4.28,938.6,17.0,691.0,13.532514,78.54396
AP-MDP,2023-11-12,21.8,27.1,16.1,74,95,0.0,0.0,18.3,48,20.33,4.16,938.6,16.6,691.0,13.532514,78.54396
AP-MDP,2023-11-13,21.8,27.3,16.3,74,100,0.0,0.0,21.8,41,19.15,4.1,937.9,16.5,691.0,13.532514,78.54396
AP-MDP,2023-11-14,21.3,24.1,19.2,88,100,1.5,1.5,17.1,37,6.96,1.69,937.3,19.1,691.0,13.532514,78.54396
AP-MDP,2023-11-15,21.7,25.1,18.9,84,97,1.1,1.1,19.1,35,14.28,2.8,936.9,18.9,691.0,13.532514,78.54396
AP-MDP,2023-11-16,22.8,28.2,17.9,75,98,0.0,0.0,11.0,38,21.21,4.31,936.9,17.5,691.0,13.532514,78.54396
AP-MDP,2023-11-17,23.0,28.4,18.0,79,99,0.3,0.3,12.2,88,17.36,3.68,937.3,18.6,691.0,13.532514,78.54396
AP-MDP,2023-11-18,23.0,28.5,18.9,76,98,0.0,0.0,15.7,71,20.99,4.37,937.2,18.1,691.0,13.532514,78.54396
AP-MDP,2023-11-19,22.8,27.9,19.2,73,94,0.0,0.0,17.9,73,18.3,3.92,937.4,17.4,691.0,13.532514,78.54396
AP-MDP,2023-11-20,21.4,25.7,17.4,85,99,1.1,1.1,17.9,28,10.13,2.21,937.0,18.7,691.0,13.532514,78.54396
AP-MDP,2023-11-21,21.8,26.6,19.7,92,100,3.3,3.3,17.2,18,10.46,2.08,936.1,20.3,691.0,13.532514,78.54396
AP-MDP,2023-11-22,22.5,26.6,20.4,89,99,6.3,6.3,13.1,72,13.6,2.68,935.7,20.5,691.0,13.532514,78.54396
AP-MDP,2023-11-23,22.4,27.1,20.3,89,99,5.4,5.4,15.3,134,13.62,2.68,935.4,20.4,691.0,13.532514,78.54396
AP-MDP,2023-11-24,22.5,27.2,20.3,88,99,6.6,6.6,15.9,108,16.01,3.09,935.7,20.2,691.0,13.532514,78.54396
AP-MDP,2023-11-25,22.0,26.2,18.7,88,99,4.7,4.7,18.1,87,15.72,3.01,937.1,19.7,691.0,13.532514,78.54396
AP-MDP,2023-11-26,22.4,27.0,19.0,82,100,0.2,0.2,19.2,85,17.01,3.57,937.8,18.7,691.0,13.532514,78.54396
AP-MDP,2023-11-27,22.0,27.0,19.6,88,99,5.2,5.2,16.4,110,14.53,2.82,936.6,19.8,691.0,13.532514,78.54396
AP-MDP,2023-11-28,22.4,27.5,20.0,86,100,4.5,4.5,14.2,104,16.92,3.32,935.8,19.8,691.0,13.532514,78.54396
AP-MDP,2023-11-29,21.9,26.4,19.3,88,100,4.5,4.5,14.7,81,14.08,2.76,936.1,19.7,691.0,13.532514,78.54396
AP-MDP,2023-11-30,21.8,26.5,19.7,88,99,7.0,7.0,15.6,93,13.8,2.68,936.7,19.5,691.0,13.532514,78.54396
AP-MDP,2023-12-01,21.8,26.3,19.3,89,99,4.5,4.5,17.1,50,13.54,2.6,935.9,19.8,691.0,13.532514,78.54396
AP-MDP,2023-12-02,21.0,24.6,18.2,91,99,4.3,4.3,22.5,30,11.86,2.24,934.6,19.3,691.0,13.532514,78.54396
AP-MDP,2023-12-03,21.0,24.2,19.7,95,100,11.5,11.5,22.3,12,6.94,1.32,933.9,20.1,691.0,13.532514,78.54396
AP-MDP,2023-12-04,20.9,21.9,20.1,90,98,5.9,5.9,30.2,330,3.49,1.22,931.3,19.2,691.0,13.532514,78.54396
AP-MDP,2023-12-05,22.2,26.4,18.6,80,95,3.2,3.2,26.1,291,10.59,2.77,931.3,18.5,691.0,13.532514,78.54396
AP-MDP,2023-12-06,22.7,28.7,17.1,77,97,0.0,0.0,7.2,268,19.43,3.93,933.9,18.1,691.0,13.532514,78.54396
AP-MDP,2023-12-07,23.2,28.2,19.8,83,100,0.3,0.3,11.4,147,18.21,3.64,935.3,19.8,691.0,13.532514,78.54396
AP-MDP,2023-12-08,22.8,27.1,19.8,85,100,3.0,3.0,10.1,104,15.9,3.14,936.2,19.9,691.0,13.532514,78.54396
AP-MDP,2023-12-09,22.5,26.3,19.9,85,100,1.0,1.0,13.4,65,15.67,3.13,937.3,19.5,691.0,13.532514,78.54396
AP-MDP,2023-12-10,22.3,26.7,19.3,83,100,0.5,0.5,11.9,68,14.85,3.05,936.7,18.9,691.0,13.532514,78.54396
AP-MDP,2023-12-11,21.8,25.9,18.6,81,98,0.1,0.1,10.2,68,14.33,2.91,937.0,18.0,691.0,13.532514,78.54396
AP-MDP,2023-12-12,20.6,25.9,17.0,78,100,0.0,0.0,12.6,74,19.47,3.8,936.2,16.1,691.0,13.532514,78.54396
AP-MDP,2023-12-13,19.6,25.1,14.8,80,100,0.2,0.2,14.5,62,20.39,3.83,936.6,15.4,691.0,13.532514,78.54396
AP-MDP,2023-12-14,20.5,25.3,16.8,82,99,1.6,1.6,14.8,66,16.77,3.28,938.1,16.8,691.0,13.532514,78.54396
AP-MDP,2023-12-15,20.1,23.9,16.7,90,100,1.3,1.3,13.0,42,9.36,1.94,938.3,18.2,691.0,13.532514,78.54396
AP-MDP,2023-12-16,21.1,24.7,19.4,92,100,4.7,4.7,13.2,56,9.58,1.87,937.6,19.7,691.0,13.532514,78.54396
AP-MDP,2023-12-17,21.3,25.6,19.0,87,99,1.5,1.5,15.9,69,12.35,2.5,937.3,18.8,691.0,13.532514,78.54396
AP-MDP,2023-12-18,21.0,25.1,18.8,84,99,2.0,2.0,18.1,63,12.56,2.65,938.1,17.8,691.0,13.532514,78.54396
AP-MDP,2023-12-19,20.4,25.2,17.5,82,100,0.3,0.3,15.1,53,18.37,3.51,938.6,16.7,691.0,13.532514,78.54396
AP-MDP,2023-12-20,20.6,25.9,17.5,80,99,0.0,0.0,12.5,58,17.5,3.39,938.6,16.7,691.0,13.532514,78.54396
AP-MDP,2023-12-21,20.6,26.8,17.2,84,99,0.0,0.0,9.8,77,18.57,3.56,938.0,17.3,691.0,13.532514,78.54396
AP-MDP,2023-12-22,20.6,25.6,17.7,81,100,0.0,0.0,10.0,55,19.57,3.7,938.1,16.8,691.0,13.532514,78.54396
AP-MDP,2023-12-23,19.6,25.5,14.0,73,100,0.0,0.0,12.8,95,20.78,4.02,938.6,13.9,691.0,13.532514,78.54396
AP-MDP,2023-12-24,19.7,26.8,13.7,81,98,0.0,0.0,15.7,58,18.46,3.49,939.8,16.1,691.0,13.532514,78.54396
AP-MDP,2023-12-25,20.7,26.9,16.6,80,100,0.0,0.0,13.9,46,17.64,3.54,939.4,16.8,691.0,13.532514,78.54396
AP-MDP,2023-12-26,19.7,25.5,13.0,76,100,0.0,0.0,12.3,50,20.88,3.97,939.3,14.7,691.0,13.532514,78.54396
AP-MDP,2023-12-27,19.5,25.5,14.9,81,100,0.0,0.0,14.7,58,20.42,3.79,939.7,15.7,691.0,13.532514,78.54396
AP-MDP,2023-12-28,20.2,26.9,14.8,79,100,0.0,0.0,14.1,85,19.38,3.81,938.6,15.9,691.0,13.532514,78.54396
AP-MDP,2023-12-29,20.8,27.1,16.6,80,100,0.5,0.5,15.2,83,17.96,3.63,938.9,16.7,691.0,13.532514,78.54396
AP-MDP,2023-12-30,20.8,26.7,15.8,78,99,0.0,0.0,10.9,100,19.36,3.82,938.3,16.3,691.0,13.532514,78.54396
AP-MDP,2023-12-31,19.8,25.8,15.2,80,100,0.0,0.0,13.5,123,19.59,3.76,937.7,15.8,691.0,13.532514,78.54396
