site_id,date,temperature_2m_mean,temperature_2m_max,temperature_2m_min,relative_humidity_2m_mean,relative_humidity_2m_max,precipitation_sum,rain_sum,wind_speed_10m_max,wind_direction_10m_dominant,shortwave_radiation_sum,et0_fao_evapotranspiration,surface_pressure_mean,dew_point_2m_mean,elevation_m,lat,lon
BR-PTN,2020-12-01,19.0,26.1,13.5,69,90,0.0,0.0,9.8,269,14.1,2.87,1009.8,12.7,55.0,25.6239,85.108696
BR-PTN,2020-12-02,19.1,25.9,13.8,70,91,0.0,0.0,10.5,262,13.94,2.97,1007.8,12.9,55.0,25.6239,85.108696
BR-PTN,2020-12-03,18.9,25.4,13.1,72,94,0.0,0.0,10.9,250,13.76,2.79,1007.5,13.2,55.0,25.6239,85.108696
BR-PTN,2020-12-04,19.6,25.6,13.7,73,97,0.0,0.0,8.0,194,13.49,2.53,1006.5,14.0,55.0,25.6239,85.108696
BR-PTN,2020-12-05,20.0,26.0,13.7,72,95,0.0,0.0,9.4,233,13.51,2.63,1007.3,14.3,55.0,25.6239,85.108696
BR-PTN,2020-12-06,19.9,26.4,13.9,75,95,0.0,0.0,8.6,199,13.49,2.65,1008.6,14.8,55.0,25.6239,85.108696
BR-PTN,2020-12-07,19.7,26.4,14.3,79,95,0.0,0.0,10.0,164,13.38,2.61,1009.5,15.6,55.0,25.6239,85.108696
BR-PTN,2020-12-08,20.1,25.4,15.7,82,98,0.0,0.0,9.3,193,12.86,2.48,1009.9,16.7,55.0,25.6239,85.108696
BR-PTN,2020-12-09,19.6,25.8,15.3,81,99,0.0,0.0,10.8,261,12.78,2.57,1008.2,15.9,55.0,25.6239,85.108696
BR-PTN,2020-12-10,19.4,25.2,15.0,79,96,0.0,0.0,12.1,274,13.4,2.62,1007.5,15.4,55.0,25.6239,85.108696
BR-PTN,2020-12-11,19.3,24.2,14.1,80,99,0.0,0.0,8.5,270,12.83,2.41,1008.0,15.6,55.0,25.6239,85.108696
BR-PTN,2020-12-12,20.4,24.6,16.9,80,96,0.0,0.0,14.2,283,10.08,2.19,1007.4,16.7,55.0,25.6239,85.108696
BR-PTN,2020-12-13,20.8,25.3,17.8,78,94,0.0,0.0,15.2,265,12.54,2.72,1006.0,16.7,55.0,25.6239,85.108696
BR-PTN,2020-12-14,19.6,24.8,15.3,66,90,0.0,0.0,12.7,271,13.09,3.08,1007.7,12.6,55.0,25.6239,85.108696
BR-PTN,2020-12-15,19.3,24.4,14.6,66,86,0.0,0.0,12.3,283,12.19,2.72,1010.1,12.4,55.0,25.6239,85.108696
BR-PTN,2020-12-16,18.3,23.1,15.2,76,93,0.0,0.0,14.1,271,9.92,2.24,1010.9,13.7,55.0,25.6239,85.108696
BR-PTN,2020-12-17,17.3,22.3,13.4,65,90,0.0,0.0,20.3,269,13.35,3.16,1010.2,10.2,55.0,25.6239,85.108696
BR-PTN,2020-12-18,13.6,18.1,9.9,63,83,0.0,0.0,15.5,269,14.14,2.75,1010.6,6.3,55.0,25.6239,85.108696
BR-PTN,2020-12-19,13.7,18.2,8.6,74,92,0.0,0.0,10.6,282,13.78,2.28,1011.9,8.9,55.0,25.6239,85.108696
BR-PTN,2020-12-20,13.8,19.3,8.6,77,96,0.0,0.0,10.3,281,13.44,2.27,1011.6,9.4,55.0,25.6239,85.108696
BR-PTN,2020-12-21,14.0,19.9,8.4,80,95,0.0,0.0,11.2,269,13.45,2.24,1009.8,10.3,55.0,25.6239,85.108696
BR-PTN,2020-12-22,14.6,20.9,9.1,80,94,0.0,0.0,11.4,267,13.54,2.33,1008.6,10.9,55.0,25.6239,85.108696
BR-PTN,2020-12-23,15.5,21.2,9.8,80,95,0.0,0.0,8.7,261,13.22,2.3,1008.0,11.8,55.0,25.6239,85.108696
BR-PTN,2020-12-24,15.5,21.8,9.7,81,96,0.0,0.0,11.7,267,13.46,2.38,1007.8,12.0,55.0,25.6239,85.108696
BR-PTN,2020-12-25,15.7,21.7,11.2,77,95,0.0,0.0,13.4,271,13.83,2.55,1008.2,11.3,55.0,25.6239,85.108696
BR-PTN,2020-12-26,14.6,20.3,9.9,74,88,0.0,0.0,11.2,274,13.86,2.49,1009.2,9.7,55.0,25.6239,85.108696
BR-PTN,2020-12-27,14.5,20.9,9.9,74,89,0.0,0.0,11.5,274,13.94,2.58,1007.7,9.4,55.0,25.6239,85.108696
BR-PTN,2020-12-28,15.8,21.3,8.7,69,93,0.0,0.0,8.9,286,13.66,2.35,1007.6,9.7,55.0,25.6239,85.108696
BR-PTN,2020-12-29,16.1,22.5,10.9,74,94,0.0,0.0,11.5,274,13.47,2.5,1008.3,11.1,55.0,25.6239,85.108696
BR-PTN,2020-12-30,16.0,21.9,10.7,79,95,0.0,0.0,10.0,289,13.56,2.42,1010.0,12.1,55.0,25.6239,85.108696
BR-PTN,2020-12-31,15.7,21.7,11.6,75,92,0.0,0.0,11.7,288,13.7,2.55,1010.1,11.0,55.0,25.6239,85.108696
BR-PTN,2021-01-01,13.9,20.7,8.3,71,92,0.0,0.0,12.6,298,14.38,2.69,1010.6,8.2,55.0,25.6239,85.108696
BR-PTN,2021-01-02,14.5,21.1,8.9,70,91,0.0,0.0,11.2,302,14.03,2.64,1009.8,8.6,55.0,25.6239,85.108696
BR-PTN,2021-01-03,16.3,21.3,10.7,70,88,0.0,0.0,10.7,26,11.67,2.11,1008.3,10.5,55.0,25.6239,85.108696
BR-PTN,2021-01-04,18.1,23.4,12.1,69,88,0.0,0.0,8.3,111,12.77,2.39,1008.9,11.8,55.0,25.6239,85.108696
BR-PTN,2021-01-05,19.0,23.7,13.7,72,91,0.0,0.0,8.8,285,9.12,1.99,1008.9,13.7,55.0,25.6239,85.108696
BR-PTN,2021-01-06,20.0,24.2,17.0,76,88,0.0,0.0,11.3,259,7.19,1.85,1006.4,15.5,55.0,25.6239,85.108696
BR-PTN,2021-01-07,19.9,26.3,14.1,75,96,0.0,0.0,12.8,266,13.96,2.94,1005.3,15.0,55.0,25.6239,85.108696
BR-PTN,2021-01-08,19.2,25.3,14.4,80,96,0.0,0.0,10.0,283,13.85,2.66,1006.1,15.3,55.0,25.6239,85.108696
BR-PTN,2021-01-09,19.7,23.9,15.1,73,95,0.0,0.0,14.6,274,10.17,2.5,1005.8,14.4,55.0,25.6239,85.108696
BR-PTN,2021-01-10,20.8,26.0,16.9,73,88,0.0,0.0,16.5,265,13.39,3.01,1005.2,15.7,55.0,25.6239,85.108696
BR-PTN,2021-01-11,18.3,23.6,12.7,73,93,0.0,0.0,14.8,280,14.32,2.93,1007.2,12.9,55.0,25.6239,85.108696
BR-PTN,2021-01-12,14.1,18.9,10.9,75,98,0.0,0.0,14.3,285,14.37,2.53,1008.8,9.2,55.0,25.6239,85.108696
BR-PTN,2021-01-13,14.1,18.8,9.5,71,93,0.0,0.0,13.4,276,14.77,2.6,1008.6,8.5,55.0,25.6239,85.108696
BR-PTN,2021-01-14,13.6,19.1,8.0,75,95,0.0,0.0,10.9,282,14.51,2.49,1008.8,8.9,55.0,25.6239,85.108696
BR-PTN,2021-01-15,13.4,19.3,8.4,80,98,0.0,0.0,9.7,267,14.09,2.3,1007.5,9.7,55.0,25.6239,85.108696
BR-PTN,2021-01-16,14.2,19.3,10.1,78,92,0.0,0.0,9.4,264,11.67,2.08,1006.5,10.1,55.0,25.6239,85.108696
BR-PTN,2021-01-17,15.2,20.6,10.6,77,94,0.0,0.0,7.6,236,13.24,2.25,1009.6,10.8,55.0,25.6239,85.108696
BR-PTN,2021-01-18,15.0,20.8,9.9,84,100,0.0,0.0,11.6,283,14.15,2.33,1009.1,12.2,55.0,25.6239,85.108696
BR-PTN,2021-01-19,15.9,21.8,10.3,83,97,0.0,0.0,9.4,269,11.99,2.12,1005.8,12.8,55.0,25.6239,85.108696
BR-PTN,2021-01-20,17.0,23.2,12.5,81,96,0.0,0.0,15.2,264,14.79,2.67,1005.7,13.5,55.0,25.6239,85.108696
BR-PTN,2021-01-21,15.9,21.7,12.1,76,94,0.0,0.0,13.3,277,15.49,2.77,1006.4,11.3,55.0,25.6239,85.108696
BR-PTN,2021-01-22,15.7,21.0,10.4,78,100,0.0,0.0,9.2,75,14.97,2.57,1008.3,11.5,55.0,25.6239,85.108696
BR-PTN,2021-01-23,15.9,21.6,9.7,76,99,0.0,0.0,7.2,281,15.2,2.61,1007.2,11.4,55.0,25.6239,85.108696
BR-PTN,2021-01-24,15.9,22.0,10.5,79,99,0.0,0.0,10.5,307,14.86,2.55,1007.6,12.0,55.0,25.6239,85.108696
BR-PTN,2021-01-25,15.7,22.4,10.8,78,95,0.0,0.0,10.0,302,15.94,2.8,1009.5,11.5,55.0,25.6239,85.108696
BR-PTN,2021-01-26,15.0,20.4,10.6,77,97,0.0,0.0,13.3,302,15.27,2.69,1009.8,10.7,55.0,25.6239,85.108696
BR-PTN,2021-01-27,12.9,18.7,8.7,76,96,0.0,0.0,11.8,292,16.28,2.67,1010.4,8.4,55.0,25.6239,85.108696
BR-PTN,2021-01-28,12.8,19.2,7.3,72,97,0.0,0.0,10.7,291,16.85,2.73,1010.9,7.2,55.0,25.6239,85.108696
BR-PTN,2021-01-29,13.7,20.0,8.7,78,95,0.0,0.0,10.8,287,13.05,2.33,1010.0,9.7,55.0,25.6239,85.108696
BR-PTN,2021-01-30,13.5,18.8,9.7,73,92,0.0,0.0,15.9,262,15.39,2.75,1009.7,8.4,55.0,25.6239,85.108696
BR-PTN,2021-01-31,13.5,20.0,7.6,74,95,0.0,0.0,12.1,273,16.72,2.91,1011.0,8.5,55.0,25.6239,85.108696
BR-PTN,2021-02-01,14.4,21.1,8.6,71,94,0.0,0.0,12.9,286,16.91,3.07,1012.1,8.8,55.0,25.6239,85.108696
BR-PTN,2021-02-02,15.0,21.7,9.3,75,92,0.0,0.0,12.9,279,16.73,3.04,1011.5,10.2,55.0,25.6239,85.108696
BR-PTN,2021-02-03,16.3,23.3,9.0,73,95,0.0,0.0,12.2,281,16.78,3.13,1010.4,11.1,55.0,25.6239,85.108696
BR-PTN,2021-02-04,17.1,24.3,8.8,72,93,0.0,0.0,11.0,185,16.98,3.14,1009.9,11.5,55.0,25.6239,85.108696
BR-PTN,2021-02-05,18.2,25.3,11.4,68,91,0.0,0.0,11.9,89,16.96,3.44,1008.3,11.6,55.0,25.6239,85.108696
BR-PTN,2021-02-06,16.4,21.3,13.8,77,89,3.3,3.3,15.6,273,9.16,1.98,1009.1,12.3,55.0,25.6239,85.108696
BR-PTN,2021-02-07,16.6,23.0,12.0,72,91,0.0,0.0,14.0,276,17.18,3.3,1010.1,11.0,55.0,25.6239,85.108696
BR-PTN,2021-02-08,16.6,23.3,11.4,73,91,0.0,0.0,13.6,271,17.55,3.36,1010.0,11.3,55.0,25.6239,85.108696
BR-PTN,2021-02-09,17.1,23.6,10.8,74,92,0.0,0.0,9.7,270,17.55,3.28,1008.2,12.1,55.0,25.6239,85.108696
BR-PTN,2021-02-10,17.9,24.1,11.4,73,94,0.0,0.0,9.0,230,17.33,3.18,1006.5,12.5,55.0,25.6239,85.108696
BR-PTN,2021-02-11,18.0,25.0,11.9,75,95,0.0,0.0,12.7,266,17.9,3.5,1006.6,13.0,55.0,25.6239,85.108696
BR-PTN,2021-02-12,18.9,25.2,12.7,74,95,0.0,0.0,10.3,267,17.46,3.37,1007.6,13.9,55.0,25.6239,85.108696
BR-PTN,2021-02-13,19.3,25.4,14.3,73,92,0.0,0.0,10.8,295,17.77,3.49,1007.9,14.1,55.0,25.6239,85.108696
BR-PTN,2021-02-14,19.0,25.7,12.7,71,96,0.0,0.0,12.1,276,18.27,3.66,1007.3,13.2,55.0,25.6239,85.108696
BR-PTN,2021-02-15,18.5,25.5,12.7,72,94,0.0,0.0,12.4,273,18.39,3.69,1006.0,13.0,55.0,25.6239,85.108696
BR-PTN,2021-02-16,19.4,26.2,12.9,70,91,0.0,0.0,10.5,239,18.12,3.6,1005.9,13.3,55.0,25.6239,85.108696
BR-PTN,2021-02-17,20.4,26.0,15.0,73,94,0.0,0.0,9.4,211,17.51,3.45,1007.2,15.1,55.0,25.6239,85.108696
BR-PTN,2021-02-18,19.7,25.3,15.8,81,97,0.3,0.3,13.4,53,16.57,3.17,1009.7,16.2,55.0,25.6239,85.108696
BR-PTN,2021-02-19,20.7,26.6,14.8,66,91,0.0,0.0,10.8,318,16.69,3.36,1011.1,13.5,55.0,25.6239,85.108696
BR-PTN,2021-02-20,19.9,27.1,13.5,64,87,0.0,0.0,12.1,291,18.59,4.06,1010.7,12.4,55.0,25.6239,85.108696
BR-PTN,2021-02-21,20.4,27.5,14.1,64,91,0.0,0.0,15.1,280,19.33,4.32,1009.4,12.7,55.0,25.6239,85.108696
BR-PTN,2021-02-22,20.4,27.2,14.3,67,89,0.0,0.0,12.7,267,19.22,4.05,1008.1,13.6,55.0,25.6239,85.108696
BR-PTN,2021-02-23,21.2,28.1,15.1,68,89,0.0,0.0,11.3,254,18.86,4.02,1005.8,14.6,55.0,25.6239,85.108696
BR-PTN,2021-02-24,22.5,29.2,16.3,64,89,0.0,0.0,16.4,258,19.21,4.4,1003.5,15.0,55.0,25.6239,85.108696
BR-PTN,2021-02-25,23.3,30.5,16.2,54,78,0.0,0.0,22.0,264,19.65,5.24,1001.3,13.0,55.0,25.6239,85.108696
BR-PTN,2021-02-26,23.5,30.5,18.2,52,71,0.0,0.0,17.7,260,19.82,5.25,999.9,12.8,55.0,25.6239,85.108696
BR-PTN,2021-02-27,24.6,31.4,18.4,50,68,0.0,0.0,19.6,264,19.55,5.7,999.7,13.0,55.0,25.6239,85.108696
BR-PTN,2021-02-28,24.6,31.6,19.7,51,63,0.0,0.0,15.7,275,19.87,5.36,1001.1,13.3,55.0,25.6239,85.108696
BR-PTN,2021-03-01,23.9,31.1,18.7,51,74,0.0,0.0,22.8,274,20.4,5.63,1004.4,12.1,55.0,25.6239,85.108696
BR-PTN,2021-03-02,22.1,28.4,17.5,45,59,0.0,0.0,20.0,273,20.99,5.56,1005.9,8.9,55.0,25.6239,85.108696
BR-PTN,2021-03-03,21.4,28.5,15.9,51,66,0.0,0.0,13.2,279,20.58,4.92,1005.5,10.6,55.0,25.6239,85.108696
BR-PTN,2021-03-04,22.2,29.8,16.2,53,70,0.0,0.0,16.4,263,20.6,5.12,1004.7,11.9,55.0,25.6239,85.108696
BR-PTN,2021-03-05,23.4,31.8,16.4,50,69,0.0,0.0,16.0,269,20.66,5.46,1002.9,11.5,55.0,25.6239,85.108696
BR-PTN,2021-03-06,23.6,30.4,17.4,47,68,0.0,0.0,21.0,273,21.22,5.42,1003.7,10.8,55.0,25.6239,85.108696
BR-PTN,2021-03-07,23.3,30.2,15.4,54,78,0.0,0.0,15.0,91,20.9,4.72,1005.0,12.8,55.0,25.6239,85.108696
BR-PTN,2021-03-08,24.2,31.0,19.2,65,90,0.0,0.0,16.6,96,19.41,4.69,1005.6,16.7,55.0,25.6239,85.108696
BR-PTN,2021-03-09,25.5,31.8,19.1,61,86,0.0,0.0,12.1,62,20.73,4.63,1004.8,16.7,55.0,25.6239,85.108696
BR-PTN,2021-03-10,25.1,31.8,19.4,67,93,0.1,0.1,13.2,164,19.54,4.55,1004.8,17.9,55.0,25.6239,85.108696
BR-PTN,2021-03-11,25.9,32.4,20.2,62,93,0.2,0.2,10.4,120,19.95,4.55,1006.0,17.2,55.0,25.6239,85.108696
BR-PTN,2021-03-12,26.1,33.5,20.2,64,98,0.0,0.0,13.3,100,19.63,4.79,1007.9,17.5,55.0,25.6239,85.108696
BR-PTN,2021-03-13,23.9,27.7,19.8,67,86,0.0,0.0,17.9,265,11.42,3.2,1008.2,17.2,55.0,25.6239,85.108696
BR-PTN,2021-03-14,24.1,31.1,17.6,63,92,0.0,0.0,18.1,268,20.28,4.97,1005.1,15.8,55.0,25.6239,85.108696
BR-PTN,2021-03-15,24.8,32.0,19.0,51,76,0.0,0.0,18.8,270,22.29,5.78,1003.9,13.1,55.0,25.6239,85.108696
BR-PTN,2021-03-16,25.3,33.4,18.4,51,73,0.0,0.0,18.0,269,21.68,5.76,1003.5,13.5,55.0,25.6239,85.108696
BR-PTN,2021-03-17,25.1,33.3,18.1,49,72,0.0,0.0,18.0,270,22.52,5.94,1003.1,12.5,55.0,25.6239,85.108696
BR-PTN,2021-03-18,25.9,34.1,19.2,47,64,0.0,0.0,17.1,267,22.36,6.0,1003.2,12.8,55.0,25.6239,85.108696
BR-PTN,2021-03-19,27.4,35.1,19.6,45,77,0.0,0.0,19.2,273,20.21,6.19,1002.3,13.4,55.0,25.6239,85.108696
BR-PTN,2021-03-20,27.1,32.8,22.1,45,61,0.0,0.0,27.7,265,18.13,5.85,1001.0,13.8,55.0,25.6239,85.108696
BR-PTN,2021-03-21,27.2,34.8,20.7,43,65,0.0,0.0,18.6,264,21.11,6.28,1001.6,12.4,55.0,25.6239,85.108696
BR-PTN,2021-03-22,27.8,35.9,19.8,42,76,0.0,0.0,14.9,273,22.54,6.38,1003.9,12.1,55.0,25.6239,85.108696
BR-PTN,2021-03-23,28.2,36.0,21.5,43,70,0.0,0.0,12.4,278,22.27,6.07,1004.6,13.6,55.0,25.6239,85.108696
BR-PTN,2021-03-24,28.5,34.4,24.1,41,57,0.0,0.0,26.9,269,21.07,6.95,1003.9,13.4,55.0,25.6239,85.108696
BR-PTN,2021-03-25,27.3,34.4,21.4,35,53,0.0,0.0,29.3,276,23.43,7.67,1003.0,9.4,55.0,25.6239,85.108696
BR-PTN,2021-03-26,25.7,32.5,20.3,35,52,0.0,0.0,21.0,271,23.9,7.16,1003.1,8.7,55.0,25.6239,85.108696
BR-PTN,2021-03-27,26.0,33.4,18.2,39,62,0.0,0.0,14.7,290,23.71,6.22,1002.7,10.2,55.0,25.6239,85.108696
BR-PTN,2021-03-28,27.2,34.7,19.7,44,70,0.0,0.0,11.4,67,23.53,5.91,1000.5,12.6,55.0,25.6239,85.108696
BR-PTN,2021-03-29,28.4,35.9,21.1,41,65,0.0,0.0,13.2,103,22.75,6.14,998.1,13.1,55.0,25.6239,85.108696
BR-PTN,2021-03-30,29.4,37.9,21.7,47,76,0.0,0.0,19.2,86,23.22,6.34,992.6,16.0,55.0,25.6239,85.108696
BR-PTN,2021-03-31,27.8,35.2,22.0,53,84,0.0,0.0,22.8,280,23.6,6.65,991.7,15.9,55.0,25.6239,85.108696
BR-PTN,2021-04-01,27.2,34.5,20.9,24,49,0.0,0.0,21.3,266,24.9,8.14,994.4,3.2,55.0,25.6239,85.108696
BR-PTN,2021-04-02,27.3,36.1,19.3,25,44,0.0,0.0,19.1,276,24.7,7.5,998.1,4.1,55.0,25.6239,85.108696
BR-PTN,2021-04-03,27.7,36.1,20.0,29,55,0.0,0.0,12.0,313,24.64,6.73,1000.5,6.0,55.0,25.6239,85.108696
BR-PTN,2021-04-04,27.6,36.7,19.0,27,47,0.0,0.0,25.1,284,24.88,7.78,1001.3,4.6,55.0,25.6239,85.108696
BR-PTN,2021-04-05,27.8,36.0,18.9,33,51,0.0,0.0,11.9,81,24.51,6.48,1002.5,8.7,55.0,25.6239,85.108696
BR-PTN,2021-04-06,29.7,37.0,22.7,44,72,0.0,0.0,13.4,88,23.59,6.75,1001.6,15.0,55.0,25.6239,85.108696
BR-PTN,2021-04-07,30.5,37.4,24.2,48,75,0.0,0.0,17.0,80,22.98,6.78,1001.3,17.2,55.0,25.6239,85.108696
BR-PTN,2021-04-08,30.5,37.8,23.3,46,76,0.0,0.0,21.6,33,22.37,6.72,999.6,16.0,55.0,25.6239,85.108696
BR-PTN,2021-04-09,29.8,37.4,24.4,52,85,0.0,0.0,14.8,67,21.65,5.88,1000.9,17.3,55.0,25.6239,85.108696
BR-PTN,2021-04-10,30.3,37.5,23.5,40,81,0.0,0.0,21.4,270,22.43,6.8,1002.5,13.1,55.0,25.6239,85.108696
BR-PTN,2021-04-11,30.1,38.3,21.9,25,55,0.0,0.0,20.5,296,24.65,8.06,1003.0,5.6,55.0,25.6239,85.108696
BR-PTN,2021-04-12,29.8,38.4,21.2,24,41,0.0,0.0,18.2,283,23.97,7.89,1003.4,5.8,55.0,25.6239,85.108696
BR-PTN,2021-04-13,30.8,39.9,21.5,22,40,0.0,0.0,24.6,264,24.99,8.82,1001.5,5.1,55.0,25.6239,85.108696
BR-PTN,2021-04-14,32.0,40.2,24.1,24,43,0.0,0.0,18.2,286,24.58,7.4,1000.2,7.6,55.0,25.6239,85.108696
BR-PTN,2021-04-15,30.7,38.2,25.0,46,82,0.1,0.1,19.2,78,23.21,6.8,999.5,16.3,55.0,25.6239,85.108696
BR-PTN,2021-04-16,30.6,38.3,24.0,49,90,0.0,0.0,21.3,82,23.46,7.21,999.9,16.6,55.0,25.6239,85.108696
BR-PTN,2021-04-17,29.5,36.3,24.2,52,77,0.0,0.0,24.3,82,22.82,7.06,1001.8,17.9,55.0,25.6239,85.108696
BR-PTN,2021-04-18,29.8,36.4,23.9,45,74,0.0,0.0,22.7,323,23.27,7.1,1001.9,14.8,55.0,25.6239,85.108696
BR-PTN,2021-04-19,31.3,38.6,24.9,22,34,0.0,0.0,29.7,274,25.61,9.94,998.5,5.5,55.0,25.6239,85.108696
BR-PTN,2021-04-20,31.7,40.1,23.3,21,35,0.0,0.0,20.3,282,25.4,8.78,998.0,5.9,55.0,25.6239,85.108696
BR-PTN,2021-04-21,29.6,36.5,24.8,55,78,0.4,0.4,18.1,83,16.56,5.49,1000.6,19.0,55.0,25.6239,85.108696
BR-PTN,2021-04-22,28.6,34.5,23.5,60,82,2.9,2.9,26.1,17,19.99,5.25,1002.7,19.2,55.0,25.6239,85.108696
BR-PTN,2021-04-23,30.2,37.9,22.0,41,81,0.0,0.0,20.2,277,25.21,7.72,1001.2,13.0,55.0,25.6239,85.108696
BR-PTN,2021-04-24,31.4,39.4,21.9,35,70,0.0,0.0,14.1,60,24.51,6.73,999.4,12.6,55.0,25.6239,85.108696
BR-PTN,2021-04-25,31.3,39.0,24.5,43,84,0.0,0.0,14.3,319,23.7,6.47,1000.0,15.1,55.0,25.6239,85.108696
BR-PTN,2021-04-26,30.5,37.8,23.9,29,54,0.0,0.0,14.2,294,25.83,7.53,999.9,8.7,55.0,25.6239,85.108696
BR-PTN,2021-04-27,31.6,40.0,22.9,25,45,0.0,0.0,13.0,282,25.0,7.27,999.9,7.5,55.0,25.6239,85.108696
BR-PTN,2021-04-28,32.1,41.1,22.7,27,66,0.0,0.0,20.5,103,25.81,7.79,1000.5,8.5,55.0,25.6239,85.108696
BR-PTN,2021-04-29,31.0,38.3,26.1,54,76,0.0,0.0,30.8,87,23.23,7.55,1001.0,19.9,55.0,25.6239,85.108696
BR-PTN,2021-04-30,30.5,37.1,25.5,52,72,0.1,0.1,18.6,84,22.06,6.43,1000.6,18.7,55.0,25.6239,85.108696
BR-PTN,2021-05-01,31.0,37.1,25.2,48,78,0.0,0.0,21.6,85,23.55,7.12,1000.9,17.9,55.0,25.6239,85.108696
BR-PTN,2021-05-02,30.3,36.2,25.6,55,70,0.1,0.1,22.0,98,21.93,6.37,1001.1,19.9,55.0,25.6239,85.108696
BR-PTN,2021-05-03,29.7,34.0,25.4,59,87,1.8,1.8,13.8,106,19.36,4.85,1000.1,20.3,55.0,25.6239,85.108696
BR-PTN,2021-05-04,28.1,32.7,24.3,67,89,0.8,0.8,22.2,96,20.69,5.5,1000.9,21.1,55.0,25.6239,85.108696
BR-PTN,2021-05-05,28.4,32.5,24.0,66,83,0.2,0.2,20.2,104,20.92,5.63,1000.7,21.2,55.0,25.6239,85.108696
BR-PTN,2021-05-06,29.2,34.7,24.4,64,85,0.3,0.3,23.4,95,21.9,6.08,1001.9,21.2,55.0,25.6239,85.108696
BR-PTN,2021-05-07,29.1,34.7,23.7,63,86,1.4,1.4,20.9,87,22.31,5.86,1002.6,20.9,55.0,25.6239,85.108696
BR-PTN,2021-05-08,30.0,34.8,25.1,59,86,0.2,0.2,15.9,84,23.03,6.03,1001.7,20.6,55.0,25.6239,85.108696
BR-PTN,2021-05-09,29.3,35.7,26.2,65,81,0.4,0.4,21.0,85,22.46,6.02,999.9,21.8,55.0,25.6239,85.108696
BR-PTN,2021-05-10,30.1,35.7,24.3,60,86,0.0,0.0,14.5,70,23.66,6.0,998.6,20.6,55.0,25.6239,85.108696
BR-PTN,2021-05-11,29.4,33.9,25.8,63,80,0.4,0.4,16.6,83,22.1,5.79,997.7,21.4,55.0,25.6239,85.108696
BR-PTN,2021-05-12,27.8,32.5,24.1,71,92,1.4,1.4,21.8,86,20.34,5.09,997.0,21.7,55.0,25.6239,85.108696
BR-PTN,2021-05-13,27.2,31.2,23.4,74,94,1.4,1.4,14.9,89,19.71,4.38,997.3,21.8,55.0,25.6239,85.108696
BR-PTN,2021-05-14,29.1,34.6,24.5,65,89,0.0,0.0,16.0,336,23.98,5.78,996.4,21.3,55.0,25.6239,85.108696
BR-PTN,2021-05-15,31.5,37.7,25.2,55,82,0.0,0.0,13.1,72,23.42,6.06,997.3,20.5,55.0,25.6239,85.108696
BR-PTN,2021-05-16,33.0,38.6,27.3,50,71,0.0,0.0,11.2,52,23.04,6.25,998.1,20.3,55.0,25.6239,85.108696
BR-PTN,2021-05-17,33.7,39.7,28.4,52,81,0.0,0.0,15.4,22,22.14,6.54,998.0,21.5,55.0,25.6239,85.108696
BR-PTN,2021-05-18,30.9,35.7,26.7,59,76,0.3,0.3,18.3,321,21.95,6.2,998.9,21.7,55.0,25.6239,85.108696
BR-PTN,2021-05-19,29.4,34.0,26.4,60,77,0.0,0.0,21.0,314,16.25,4.77,998.0,20.5,55.0,25.6239,85.108696
BR-PTN,2021-05-20,26.5,30.6,24.1,83,95,14.4,14.4,14.2,50,13.06,3.02,997.8,23.3,55.0,25.6239,85.108696
BR-PTN,2021-05-21,27.5,31.8,24.5,85,97,44.0,44.0,18.1,87,16.18,3.53,997.6,24.5,55.0,25.6239,85.108696
BR-PTN,2021-05-22,29.0,33.1,25.3,78,97,0.5,0.5,10.2,288,21.6,4.88,996.5,24.4,55.0,25.6239,85.108696
BR-PTN,2021-05-23,30.2,35.1,26.4,69,91,0.2,0.2,13.9,295,23.3,5.68,996.5,23.5,55.0,25.6239,85.108696
BR-PTN,2021-05-24,30.5,35.8,25.8,63,86,0.0,0.0,15.9,297,25.14,6.2,996.0,22.1,55.0,25.6239,85.108696
BR-PTN,2021-05-25,28.0,30.4,26.2,75,93,0.7,0.7,18.0,55,9.78,2.89,994.0,23.0,55.0,25.6239,85.108696
BR-PTN,2021-05-26,26.9,30.0,24.8,81,92,16.6,16.6,23.4,48,8.52,2.73,992.7,23.2,55.0,25.6239,85.108696
BR-PTN,2021-05-27,25.0,26.0,24.4,89,95,57.5,57.5,40.4,65,4.27,1.69,990.8,23.1,55.0,25.6239,85.108696
BR-PTN,2021-05-28,26.4,30.5,24.8,88,96,49.0,49.0,35.5,117,8.26,2.25,994.1,24.1,55.0,25.6239,85.108696
BR-PTN,2021-05-29,27.6,31.4,25.6,88,96,11.5,11.5,23.8,100,16.19,3.4,997.2,25.3,55.0,25.6239,85.108696
BR-PTN,2021-05-30,27.6,30.7,25.4,86,96,6.3,6.3,12.5,124,13.32,2.88,995.9,24.8,55.0,25.6239,85.108696
BR-PTN,2021-05-31,29.4,33.3,26.0,80,97,0.2,0.2,10.0,49,18.33,4.17,994.2,25.2,55.0,25.6239,85.108696
BR-PTN,2021-06-01,29.1,34.1,25.8,83,96,1.1,1.1,15.9,95,20.19,4.56,995.9,25.8,55.0,25.6239,85.108696
BR-PTN,2021-06-02,29.3,33.4,25.3,78,99,0.0,0.0,8.6,337,22.47,4.97,997.4,24.7,55.0,25.6239,85.108696
BR-PTN,2021-06-03,30.9,34.7,26.6,72,90,0.0,0.0,8.5,104,23.62,5.48,998.4,24.9,55.0,25.6239,85.108696
BR-PTN,2021-06-04,31.1,35.4,27.8,73,92,0.0,0.0,10.7,213,21.73,5.24,997.7,25.3,55.0,25.6239,85.108696
BR-PTN,2021-06-05,31.4,35.7,27.2,68,82,0.0,0.0,16.6,252,23.57,6.14,996.8,24.5,55.0,25.6239,85.108696
BR-PTN,2021-06-06,31.6,35.3,28.4,64,76,0.0,0.0,19.1,257,22.5,6.2,996.0,23.9,55.0,25.6239,85.108696
BR-PTN,2021-06-07,32.5,36.3,28.8,59,71,0.0,0.0,21.0,252,23.37,6.95,993.8,23.4,55.0,25.6239,85.108696
BR-PTN,2021-06-08,32.7,37.6,28.7,61,77,0.4,0.4,17.0,235,23.43,6.57,992.1,23.9,55.0,25.6239,85.108696
BR-PTN,2021-06-09,29.0,32.2,26.0,81,96,7.5,7.5,14.9,72,15.92,3.6,993.3,25.3,55.0,25.6239,85.108696
BR-PTN,2021-06-10,29.5,32.7,26.5,80,93,6.4,6.4,15.6,107,19.72,4.54,992.0,25.6,55.0,25.6239,85.108696
BR-PTN,2021-06-11,29.2,33.5,26.8,80,93,1.3,1.3,15.1,96,14.93,3.65,991.4,25.4,55.0,25.6239,85.108696
BR-PTN,2021-06-12,27.1,29.1,25.9,88,93,26.0,26.0,24.3,78,10.81,2.51,992.5,24.9,55.0,25.6239,85.108696
BR-PTN,2021-06-13,27.7,30.3,25.8,87,96,6.3,6.3,21.4,87,13.54,3.15,992.0,25.2,55.0,25.6239,85.108696
BR-PTN,2021-06-14,27.7,29.9,26.0,88,95,12.5,12.5,19.0,95,13.56,3.06,989.7,25.4,55.0,25.6239,85.108696
BR-PTN,2021-06-15,27.0,31.1,25.2,91,97,51.7,51.7,18.8,114,12.31,2.69,988.2,25.3,55.0,25.6239,85.108696
BR-PTN,2021-06-16,27.1,29.9,25.5,90,97,13.9,13.9,13.2,97,11.79,2.56,990.8,25.4,55.0,25.6239,85.108696
BR-PTN,2021-06-17,27.3,29.3,25.8,83,96,5.5,5.5,33.9,89,10.16,3.0,991.3,24.2,55.0,25.6239,85.108696
BR-PTN,2021-06-18,26.9,30.1,25.0,85,96,10.6,10.6,31.0,104,13.98,3.39,992.1,24.1,55.0,25.6239,85.108696
BR-PTN,2021-06-19,25.6,26.6,24.6,94,97,63.4,63.4,34.8,120,4.34,1.14,993.2,24.6,55.0,25.6239,85.108696
BR-PTN,2021-06-20,26.6,29.8,24.5,90,98,36.5,36.5,17.7,182,10.23,2.27,994.1,24.8,55.0,25.6239,85.108696
BR-PTN,2021-06-21,27.1,31.0,25.0,90,98,38.3,38.3,19.6,213,11.37,2.56,994.5,25.1,55.0,25.6239,85.108696
BR-PTN,2021-06-22,27.8,31.1,24.8,85,97,16.4,16.4,13.3,143,13.03,3.04,994.2,25.0,55.0,25.6239,85.108696
BR-PTN,2021-06-23,28.5,31.4,26.0,87,98,9.5,9.5,17.3,93,16.98,3.67,995.3,26.1,55.0,25.6239,85.108696
BR-PTN,2021-06-24,29.1,31.8,26.5,84,95,6.1,6.1,15.1,99,19.72,4.32,994.2,26.0,55.0,25.6239,85.108696
BR-PTN,2021-06-25,28.1,31.4,25.8,88,95,31.8,31.8,14.2,91,14.72,3.19,993.5,25.7,55.0,25.6239,85.108696
BR-PTN,2021-06-26,27.6,31.0,25.5,89,97,27.1,27.1,16.1,95,13.35,2.91,995.4,25.5,55.0,25.6239,85.108696
BR-PTN,2021-06-27,29.4,32.8,25.8,83,97,7.0,7.0,16.0,91,19.04,4.27,997.8,26.1,55.0,25.6239,85.108696
BR-PTN,2021-06-28,30.1,32.7,27.1,82,95,11.1,11.1,12.8,184,20.01,4.37,996.5,26.7,55.0,25.6239,85.108696
BR-PTN,2021-06-29,29.5,33.0,26.7,85,94,15.0,15.0,16.0,236,13.22,3.15,994.1,26.6,55.0,25.6239,85.108696
BR-PTN,2021-06-30,31.3,36.0,27.5,79,93,0.4,0.4,17.1,221,18.04,4.56,991.2,26.9,55.0,25.6239,85.108696
BR-PTN,2021-07-01,30.9,34.9,28.4,78,91,0.5,0.5,18.1,206,14.04,3.77,990.9,26.4,55.0,25.6239,85.108696
BR-PTN,2021-07-02,29.1,33.1,26.7,85,96,15.6,15.6,11.2,174,11.26,2.84,992.8,26.2,55.0,25.6239,85.108696
BR-PTN,2021-07-03,29.1,32.9,26.3,84,95,11.3,11.3,14.0,196,15.7,3.64,994.2,26.0,55.0,25.6239,85.108696
BR-PTN,2021-07-04,28.5,31.8,26.0,87,95,8.8,8.8,8.0,164,11.41,2.54,995.8,25.9,55.0,25.6239,85.108696
BR-PTN,2021-07-05,29.2,32.6,26.1,87,97,4.9,4.9,13.0,120,17.42,3.81,995.9,26.7,55.0,25.6239,85.108696
BR-PTN,2021-07-06,29.6,32.6,26.5,87,97,5.7,5.7,8.7,127,14.82,3.27,994.2,27.0,55.0,25.6239,85.108696
BR-PTN,2021-07-07,29.5,32.3,27.4,88,97,15.7,15.7,12.1,92,15.64,3.5,993.5,27.2,55.0,25.6239,85.108696
BR-PTN,2021-07-08,28.1,30.0,26.4,91,97,56.1,56.1,16.2,107,12.06,2.57,994.6,26.5,55.0,25.6239,85.108696
BR-PTN,2021-07-09,28.6,32.5,26.3,86,96,5.8,5.8,13.9,105,16.93,3.75,994.2,26.0,55.0,25.6239,85.108696
BR-PTN,2021-07-10,30.0,32.8,27.0,81,95,1.9,1.9,19.0,98,20.64,4.8,994.2,26.4,55.0,25.6239,85.108696
BR-PTN,2021-07-11,29.0,31.5,27.7,83,91,4.3,4.3,21.6,94,13.13,3.37,996.9,25.7,55.0,25.6239,85.108696
BR-PTN,2021-07-12,30.1,33.5,27.2,78,90,2.0,2.0,19.0,104,21.77,5.18,997.8,25.6,55.0,25.6239,85.108696
BR-PTN,2021-07-13,30.2,33.7,27.3,78,91,0.3,0.3,16.7,103,22.58,5.27,996.5,25.9,55.0,25.6239,85.108696
BR-PTN,2021-07-14,29.8,32.8,26.8,78,93,2.0,2.0,18.3,100,21.52,5.15,996.3,25.4,55.0,25.6239,85.108696
BR-PTN,2021-07-15,29.9,32.2,27.5,77,88,1.2,1.2,15.3,100,19.38,4.77,997.2,25.4,55.0,25.6239,85.108696
BR-PTN,2021-07-16,30.7,33.5,28.2,79,89,1.6,1.6,11.7,105,19.23,4.46,998.2,26.6,55.0,25.6239,85.108696
BR-PTN,2021-07-17,29.8,32.9,28.1,85,95,9.0,9.0,11.9,180,14.05,3.23,996.7,26.9,55.0,25.6239,85.108696
BR-PTN,2021-07-18,29.3,32.8,27.4,86,96,23.6,23.6,9.3,165,17.5,3.82,995.0,26.7,55.0,25.6239,85.108696
BR-PTN,2021-07-19,29.1,32.9,27.2,87,96,8.0,8.0,13.2,140,16.98,3.69,993.5,26.6,55.0,25.6239,85.108696
BR-PTN,2021-07-20,28.1,29.7,27.2,90,97,10.7,10.7,6.6,116,7.53,1.74,993.3,26.3,55.0,25.6239,85.108696
BR-PTN,2021-07-21,28.1,31.2,26.1,89,97,14.9,14.9,11.9,101,13.82,3.05,991.3,25.9,55.0,25.6239,85.108696
BR-PTN,2021-07-22,30.0,33.7,26.9,80,96,2.1,2.1,19.7,100,21.19,4.99,989.7,25.9,55.0,25.6239,85.108696
BR-PTN,2021-07-23,29.8,33.5,27.6,79,90,7.2,7.2,22.1,81,20.05,4.89,990.0,25.8,55.0,25.6239,85.108696
BR-PTN,2021-07-24,28.9,31.9,27.2,81,89,2.2,2.2,33.2,93,16.59,4.34,990.9,25.1,55.0,25.6239,85.108696
BR-PTN,2021-07-25,29.8,33.5,26.6,83,94,1.8,1.8,19.6,106,22.28,4.92,992.0,26.6,55.0,25.6239,85.108696
BR-PTN,2021-07-26,29.8,32.9,27.9,85,95,11.4,11.4,10.8,159,16.33,3.63,990.7,26.9,55.0,25.6239,85.108696
BR-PTN,2021-07-27,28.9,31.3,26.8,87,96,6.9,6.9,8.4,118,12.02,2.72,989.2,26.4,55.0,25.6239,85.108696
BR-PTN,2021-07-28,29.1,32.2,26.7,85,96,10.5,10.5,10.8,167,17.5,3.8,989.9,26.3,55.0,25.6239,85.108696
BR-PTN,2021-07-29,27.8,29.8,26.3,90,96,25.1,25.1,18.2,208,8.69,1.97,990.3,26.1,55.0,25.6239,85.108696
BR-PTN,2021-07-30,27.8,31.0,26.2,86,94,7.6,7.6,31.5,66,11.78,2.96,990.6,25.2,55.0,25.6239,85.108696
BR-PTN,2021-07-31,26.9,28.5,25.7,90,94,20.0,20.0,36.5,98,8.06,2.15,990.4,25.1,55.0,25.6239,85.108696
BR-PTN,2021-08-01,28.6,32.1,25.8,82,95,5.0,5.0,21.4,120,17.06,3.93,991.7,25.1,55.0,25.6239,85.108696
BR-PTN,2021-08-02,29.0,31.9,26.8,82,97,1.1,1.1,10.4,123,18.41,4.1,993.2,25.6,55.0,25.6239,85.108696
BR-PTN,2021-08-03,29.2,32.0,26.7,83,96,3.8,3.8,12.4,259,16.6,3.66,994.4,25.9,55.0,25.6239,85.108696
BR-PTN,2021-08-04,28.3,30.0,26.8,89,96,13.3,13.3,8.7,253,10.71,2.35,995.3,26.2,55.0,25.6239,85.108696
BR-PTN,2021-08-05,29.0,32.4,26.3,85,97,4.3,4.3,7.4,159,19.61,4.19,993.4,26.2,55.0,25.6239,85.108696
BR-PTN,2021-08-06,30.0,33.7,26.5,84,96,2.7,2.7,10.6,141,21.13,4.62,993.1,26.8,55.0,25.6239,85.108696
BR-PTN,2021-08-07,29.0,31.3,26.7,87,96,16.0,16.0,10.3,113,14.79,3.21,995.2,26.6,55.0,25.6239,85.108696
BR-PTN,2021-08-08,28.0,30.0,26.3,90,97,16.9,16.9,7.8,138,11.57,2.49,997.0,26.2,55.0,25.6239,85.108696
BR-PTN,2021-08-09,27.7,31.0,25.9,90,97,16.9,16.9,10.5,196,12.45,2.68,996.4,25.8,55.0,25.6239,85.108696
BR-PTN,2021-08-10,28.2,31.6,25.7,89,98,9.2,9.2,11.8,219,17.05,3.62,994.0,26.1,55.0,25.6239,85.108696
BR-PTN,2021-08-11,28.3,31.8,26.2,88,98,5.4,5.4,20.4,183,16.54,3.59,993.9,25.9,55.0,25.6239,85.108696
BR-PTN,2021-08-12,27.4,30.1,26.1,92,98,18.7,18.7,12.6,214,9.76,2.2,996.1,25.9,55.0,25.6239,85.108696
BR-PTN,2021-08-13,29.3,32.9,26.2,82,95,1.0,1.0,17.8,248,18.76,4.31,994.9,25.8,55.0,25.6239,85.108696
BR-PTN,2021-08-14,29.5,33.6,26.7,82,94,1.7,1.7,17.5,255,21.53,4.71,993.5,26.0,55.0,25.6239,85.108696
BR-PTN,2021-08-15,29.9,33.8,26.9,83,95,0.5,0.5,9.5,220,20.75,4.57,994.7,26.5,55.0,25.6239,85.108696
BR-PTN,2021-08-16,29.7,32.3,27.9,85,95,16.5,16.5,9.8,129,17.07,3.74,997.3,26.8,55.0,25.6239,85.108696
BR-PTN,2021-08-17,29.3,31.8,27.2,86,96,10.1,10.1,13.9,93,15.98,3.6,997.5,26.6,55.0,25.6239,85.108696
BR-PTN,2021-08-18,28.9,31.4,27.1,85,93,4.3,4.3,15.5,89,17.53,3.94,995.4,26.1,55.0,25.6239,85.108696
BR-PTN,2021-08-19,28.7,32.1,26.4,85,95,7.5,7.5,18.0,102,16.72,3.81,994.8,26.0,55.0,25.6239,85.108696
BR-PTN,2021-08-20,28.5,30.8,26.6,86,93,9.3,9.3,21.1,103,14.7,3.42,997.6,25.8,55.0,25.6239,85.108696
BR-PTN,2021-08-21,28.9,31.9,26.7,83,90,6.3,6.3,15.6,107,17.41,3.95,1000.0,25.7,55.0,25.6239,85.108696
BR-PTN,2021-08-22,29.2,32.7,26.7,85,96,8.0,8.0,11.7,247,17.16,3.72,998.5,26.4,55.0,25.6239,85.108696
BR-PTN,2021-08-23,28.3,31.6,26.1,88,96,13.6,13.6,15.7,252,13.57,2.94,997.1,26.1,55.0,25.6239,85.108696
BR-PTN,2021-08-24,28.3,30.8,26.7,88,95,10.9,10.9,12.5,246,11.3,2.55,996.1,26.2,55.0,25.6239,85.108696
BR-PTN,2021-08-25,27.5,30.1,25.9,90,96,13.7,13.7,19.6,250,9.88,2.25,993.4,25.7,55.0,25.6239,85.108696
BR-PTN,2021-08-26,26.8,28.6,25.6,92,97,41.6,41.6,17.2,238,4.66,1.23,993.5,25.3,55.0,25.6239,85.108696
BR-PTN,2021-08-27,27.9,31.0,25.6,87,96,12.0,12.0,9.5,127,14.14,3.03,996.1,25.5,55.0,25.6239,85.108696
BR-PTN,2021-08-28,27.9,30.8,26.0,87,97,4.5,4.5,16.8,94,13.01,2.91,995.8,25.5,55.0,25.6239,85.108696
BR-PTN,2021-08-29,27.7,30.5,26.1,87,95,1.9,1.9,22.1,88,14.85,3.28,996.5,25.3,55.0,25.6239,85.108696
BR-PTN,2021-08-30,27.7,30.8,25.3,87,96,6.8,6.8,19.1,93,15.86,3.48,999.1,25.2,55.0,25.6239,85.108696
BR-PTN,2021-08-31,28.3,30.8,26.0,84,94,0.5,0.5,17.5,108,16.55,3.64,1000.8,25.3,55.0,25.6239,85.108696
BR-PTN,2021-09-01,29.4,32.6,26.4,84,96,1.0,1.0,7.8,127,19.94,4.3,999.8,26.3,55.0,25.6239,85.108696
BR-PTN,2021-09-02,28.8,31.4,26.9,89,97,11.0,11.0,9.3,103,13.17,2.88,998.7,26.6,55.0,25.6239,85.108696
BR-PTN,2021-09-03,28.5,31.1,26.3,88,98,2.8,2.8,10.5,98,14.78,3.13,997.3,26.1,55.0,25.6239,85.108696
BR-PTN,2021-09-04,29.5,32.7,25.9,84,99,3.8,3.8,7.0,342,19.64,4.19,996.1,26.2,55.0,25.6239,85.108696
BR-PTN,2021-09-05,29.5,32.7,26.7,86,97,2.8,2.8,8.0,190,18.72,4.01,996.3,26.8,55.0,25.6239,85.108696
BR-PTN,2021-09-06,29.5,32.1,26.4,84,97,8.7,8.7,20.5,78,18.33,4.17,998.0,26.4,55.0,25.6239,85.108696
BR-PTN,2021-09-07,28.1,29.9,26.5,83,90,1.7,1.7,31.8,95,14.81,3.64,999.6,24.9,55.0,25.6239,85.108696
BR-PTN,2021-09-08,28.2,31.0,26.0,85,93,7.5,7.5,20.8,101,16.65,3.64,999.1,25.5,55.0,25.6239,85.108696
BR-PTN,2021-09-09,28.8,31.4,26.4,83,94,2.5,2.5,16.8,96,18.65,4.16,998.0,25.6,55.0,25.6239,85.108696
BR-PTN,2021-09-10,29.5,32.7,26.2,82,96,4.9,4.9,14.8,94,19.85,4.45,997.6,25.9,55.0,25.6239,85.108696
BR-PTN,2021-09-11,29.0,31.7,27.3,82,92,3.6,3.6,17.2,87,15.7,3.64,997.1,25.6,55.0,25.6239,85.108696
BR-PTN,2021-09-12,30.0,33.4,26.8,81,96,9.5,9.5,10.1,84,20.62,4.56,994.3,26.2,55.0,25.6239,85.108696
BR-PTN,2021-09-13,29.7,32.7,27.7,78,93,0.6,0.6,25.2,86,17.73,4.66,993.8,25.3,55.0,25.6239,85.108696
BR-PTN,2021-09-14,27.3,28.6,26.0,86,93,11.5,11.5,36.4,93,8.97,2.63,995.7,24.7,55.0,25.6239,85.108696
BR-PTN,2021-09-15,26.1,26.9,25.3,94,95,66.8,66.8,34.2,99,3.5,1.11,997.9,25.0,55.0,25.6239,85.108696
BR-PTN,2021-09-16,27.6,30.4,26.0,89,96,11.6,11.6,20.8,110,7.6,2.03,997.6,25.6,55.0,25.6239,85.108696
BR-PTN,2021-09-17,27.7,30.6,26.5,88,95,9.6,9.6,17.8,112,11.42,2.61,997.0,25.6,55.0,25.6239,85.108696
BR-PTN,2021-09-18,28.1,30.9,26.2,88,97,5.4,5.4,14.0,121,15.79,3.32,998.7,25.9,55.0,25.6239,85.108696
BR-PTN,2021-09-19,28.3,30.6,25.9,88,97,2.4,2.4,8.3,109,15.79,3.27,1000.5,26.0,55.0,25.6239,85.108696
BR-PTN,2021-09-20,28.6,32.2,26.4,86,97,5.9,5.9,12.6,78,18.41,3.92,999.9,25.9,55.0,25.6239,85.108696
BR-PTN,2021-09-21,28.6,32.1,26.0,81,96,0.5,0.5,17.3,89,20.22,4.52,998.6,24.9,55.0,25.6239,85.108696
BR-PTN,2021-09-22,27.9,31.0,25.4,81,94,1.0,1.0,21.0,91,18.48,4.12,998.0,24.3,55.0,25.6239,85.108696
BR-PTN,2021-09-23,27.6,30.1,25.8,85,93,5.0,5.0,22.1,96,14.32,3.25,999.2,24.8,55.0,25.6239,85.108696
BR-PTN,2021-09-24,28.9,31.9,25.9,83,94,0.6,0.6,14.2,111,18.73,4.08,999.8,25.6,55.0,25.6239,85.108696
BR-PTN,2021-09-25,29.5,32.8,26.9,82,95,0.4,0.4,15.5,92,19.08,4.19,998.8,26.0,55.0,25.6239,85.108696
BR-PTN,2021-09-26,29.5,33.0,27.4,85,95,3.1,3.1,15.0,80,16.99,3.74,998.2,26.5,55.0,25.6239,85.108696
BR-PTN,2021-09-27,28.8,32.5,26.9,86,97,3.7,3.7,13.6,89,15.39,3.46,998.6,26.1,55.0,25.6239,85.108696
BR-PTN,2021-09-28,28.2,30.3,26.4,86,97,4.8,4.8,17.0,102,13.62,3.0,1000.3,25.6,55.0,25.6239,85.108696
BR-PTN,2021-09-29,28.2,31.6,25.7,82,97,0.9,0.9,20.6,81,18.59,4.24,1001.1,24.6,55.0,25.6239,85.108696
BR-PTN,2021-09-30,26.5,28.7,25.2,87,94,44.5,44.5,30.1,76,11.21,2.73,1000.8,24.1,55.0,25.6239,85.108696
BR-PTN,2021-10-01,26.5,28.6,25.0,90,96,25.2,25.2,26.3,106,9.48,2.19,1000.3,24.8,55.0,25.6239,85.108696
BR-PTN,2021-10-02,25.7,27.6,24.1,90,95,23.0,23.0,30.3,185,6.39,1.83,998.3,23.8,55.0,25.6239,85.108696
BR-PTN,2021-10-03,25.7,28.6,23.9,91,96,22.0,22.0,32.6,261,7.42,1.76,998.2,24.0,55.0,25.6239,85.108696
BR-PTN,2021-10-04,27.5,31.2,24.2,84,97,3.3,3.3,8.3,188,13.95,2.99,999.4,24.5,55.0,25.6239,85.108696
BR-PTN,2021-10-05,28.0,30.5,25.4,85,95,1.5,1.5,11.4,75,15.23,3.18,1001.3,25.1,55.0,25.6239,85.108696
BR-PTN,2021-10-06,27.9,30.5,25.6,86,96,2.0,2.0,6.9,30,15.12,3.15,1000.7,25.2,55.0,25.6239,85.108696
BR-PTN,2021-10-07,28.1,31.0,25.3,88,98,0.3,0.3,7.0,290,16.05,3.36,999.1,25.9,55.0,25.6239,85.108696
BR-PTN,2021-10-08,28.1,31.0,25.6,88,98,0.3,0.3,8.4,275,15.13,3.19,998.4,25.7,55.0,25.6239,85.108696
BR-PTN,2021-10-09,27.9,31.7,24.7,80,95,0.1,0.1,8.1,249,18.74,4.06,998.8,24.0,55.0,25.6239,85.108696
BR-PTN,2021-10-10,27.7,31.4,24.5,82,95,0.3,0.3,6.6,242,16.87,3.6,999.6,24.3,55.0,25.6239,85.108696
BR-PTN,2021-10-11,27.9,32.1,24.7,80,96,0.0,0.0,8.6,223,19.11,4.11,999.0,23.8,55.0,25.6239,85.108696
BR-PTN,2021-10-12,28.0,32.4,24.1,81,96,0.0,0.0,7.3,257,19.04,4.11,998.7,24.1,55.0,25.6239,85.108696
BR-PTN,2021-10-13,28.3,32.6,24.7,77,93,0.0,0.0,10.0,277,18.48,4.2,998.3,23.6,55.0,25.6239,85.108696
BR-PTN,2021-10-14,28.6,33.0,24.4,77,91,0.0,0.0,7.3,284,18.21,4.07,998.2,24.1,55.0,25.6239,85.108696
BR-PTN,2021-10-15,29.2,32.6,25.9,82,94,0.4,0.4,7.2,284,14.09,3.13,996.9,25.6,55.0,25.6239,85.108696
BR-PTN,2021-10-16,29.8,33.5,26.4,80,97,0.6,0.6,12.1,71,16.02,3.75,997.9,25.9,55.0,25.6239,85.108696
BR-PTN,2021-10-17,28.5,31.9,26.4,80,92,3.2,3.2,16.6,94,16.13,3.85,999.4,24.6,55.0,25.6239,85.108696
BR-PTN,2021-10-18,26.6,28.6,25.1,86,94,14.4,14.4,28.1,87,8.23,2.23,999.0,24.1,55.0,25.6239,85.108696
BR-PTN,2021-10-19,26.1,30.4,24.3,90,97,41.9,41.9,18.8,144,8.85,2.0,999.3,24.3,55.0,25.6239,85.108696
BR-PTN,2021-10-20,26.1,28.6,24.4,83,97,3.4,3.4,16.8,253,10.61,2.64,1002.9,22.8,55.0,25.6239,85.108696
BR-PTN,2021-10-21,25.3,29.8,21.9,74,92,0.0,0.0,19.1,254,17.5,4.09,1002.8,20.0,55.0,25.6239,85.108696
BR-PTN,2021-10-22,25.1,29.8,22.0,76,89,0.0,0.0,10.7,242,17.15,3.77,1003.6,20.5,55.0,25.6239,85.108696
BR-PTN,2021-10-23,24.8,29.6,20.4,79,95,0.0,0.0,9.2,222,16.38,3.44,1006.3,20.6,55.0,25.6239,85.108696
BR-PTN,2021-10-24,25.5,29.8,21.5,77,99,0.0,0.0,7.5,172,16.15,3.33,1006.8,20.9,55.0,25.6239,85.108696
BR-PTN,2021-10-25,25.2,29.3,21.9,84,99,0.0,0.0,7.5,289,15.3,3.15,1005.5,22.0,55.0,25.6239,85.108696
BR-PTN,2021-10-26,25.0,29.3,21.9,80,98,0.0,0.0,10.8,266,15.41,3.3,1005.1,21.1,55.0,25.6239,85.108696
BR-PTN,2021-10-27,24.3,29.4,20.8,76,91,0.0,0.0,9.2,288,16.08,3.51,1006.6,19.4,55.0,25.6239,85.108696
BR-PTN,2021-10-28,23.6,29.1,19.4,71,88,0.0,0.0,11.0,307,16.79,3.71,1007.7,17.7,55.0,25.6239,85.108696
BR-PTN,2021-10-29,23.2,29.2,18.1,69,90,0.0,0.0,9.4,318,16.65,3.72,1008.9,16.7,55.0,25.6239,85.108696
BR-PTN,2021-10-30,23.1,28.6,18.1,63,82,0.0,0.0,13.8,268,16.69,4.03,1008.3,15.3,55.0,25.6239,85.108696
BR-PTN,2021-10-31,23.4,28.7,19.4,68,85,0.0,0.0,10.5,263,15.8,3.64,1007.1,16.8,55.0,25.6239,85.108696
BR-PTN,2021-11-01,22.7,28.6,17.4,68,91,0.0,0.0,10.7,237,16.09,3.48,1007.5,16.0,55.0,25.6239,85.108696
BR-PTN,2021-11-02,22.5,28.6,16.4,65,89,0.0,0.0,10.4,241,16.06,3.43,1008.2,14.9,55.0,25.6239,85.108696
BR-PTN,2021-11-03,22.6,28.3,18.2,67,88,0.0,0.0,10.4,277,15.98,3.53,1007.3,15.6,55.0,25.6239,85.108696
BR-PTN,2021-11-04,21.9,28.1,17.1,71,91,0.0,0.0,10.8,261,15.71,3.48,1006.6,16.0,55.0,25.6239,85.108696
BR-PTN,2021-11-05,22.1,28.4,17.4,69,89,0.0,0.0,11.6,259,15.39,3.52,1006.0,15.7,55.0,25.6239,85.108696
BR-PTN,2021-11-06,21.9,28.5,17.0,70,90,0.0,0.0,13.6,268,15.34,3.47,1004.3,15.7,55.0,25.6239,85.108696
BR-PTN,2021-11-07,21.2,27.8,16.5,71,86,0.0,0.0,10.5,265,15.24,3.3,1004.8,15.3,55.0,25.6239,85.108696
BR-PTN,2021-11-08,21.7,28.1,16.5,75,94,0.0,0.0,9.6,246,14.97,3.01,1005.9,16.6,55.0,25.6239,85.108696
BR-PTN,2021-11-09,22.2,28.4,17.2,74,95,0.0,0.0,10.5,267,14.88,3.07,1006.5,17.0,55.0,25.6239,85.108696
BR-PTN,2021-11-10,22.6,28.3,17.2,71,93,0.0,0.0,9.3,264,14.67,3.06,1006.0,16.7,55.0,25.6239,85.108696
BR-PTN,2021-11-11,23.0,27.9,18.0,69,90,0.0,0.0,8.5,269,14.49,2.96,1005.7,16.6,55.0,25.6239,85.108696
BR-PTN,2021-11-12,23.0,27.7,19.3,69,89,0.0,0.0,9.5,339,14.07,2.87,1006.3,16.7,55.0,25.6239,85.108696
BR-PTN,2021-11-13,23.3,27.8,19.0,67,88,0.0,0.0,9.4,64,14.09,2.98,1006.0,16.5,55.0,25.6239,85.108696
BR-PTN,2021-11-14,22.1,28.0,17.8,71,96,0.0,0.0,10.8,64,14.17,3.02,1005.4,15.9,55.0,25.6239,85.108696
BR-PTN,2021-11-15,21.5,27.8,16.7,67,90,0.0,0.0,10.0,351,14.18,3.13,1004.2,14.6,55.0,25.6239,85.108696
BR-PTN,2021-11-16,22.1,27.2,18.5,64,84,0.0,0.0,7.4,250,14.13,2.91,1005.6,14.6,55.0,25.6239,85.108696
BR-PTN,2021-11-17,22.2,26.9,16.2,63,94,0.0,0.0,8.9,97,14.04,2.87,1007.9,14.1,55.0,25.6239,85.108696
BR-PTN,2021-11-18,21.7,27.1,18.1,63,82,0.0,0.0,10.1,282,14.15,3.07,1006.1,13.8,55.0,25.6239,85.108696
BR-PTN,2021-11-19,21.1,27.1,15.2,66,88,0.0,0.0,9.1,251,13.37,2.95,1003.9,14.0,55.0,25.6239,85.108696
BR-PTN,2021-11-20,22.1,27.7,17.4,70,91,0.0,0.0,12.6,273,11.71,2.79,1003.8,16.0,55.0,25.6239,85.108696
BR-PTN,2021-11-21,22.9,28.7,18.4,66,87,0.0,0.0,14.2,269,13.19,3.32,1004.7,15.8,55.0,25.6239,85.108696
BR-PTN,2021-11-22,22.4,28.3,18.0,61,82,0.0,0.0,15.6,262,13.32,3.62,1004.3,14.1,55.0,25.6239,85.108696
BR-PTN,2021-11-23,20.1,26.6,15.7,60,77,0.0,0.0,11.9,266,13.74,3.37,1005.3,11.7,55.0,25.6239,85.108696
BR-PTN,2021-11-24,20.0,26.2,13.7,59,83,0.0,0.0,11.2,312,13.59,2.94,1007.1,11.0,55.0,25.6239,85.108696
BR-PTN,2021-11-25,20.1,26.0,13.5,62,86,0.0,0.0,10.1,156,13.37,2.81,1007.3,11.9,55.0,25.6239,85.108696
BR-PTN,2021-11-26,19.9,25.9,12.8,64,90,0.0,0.0,10.0,170,13.14,2.68,1008.0,12.4,55.0,25.6239,85.108696
BR-PTN,2021-11-27,20.4,26.0,14.5,66,88,0.0,0.0,11.0,310,12.82,2.67,1009.0,13.5,55.0,25.6239,85.108696
BR-PTN,2021-11-28,20.4,26.3,14.7,71,92,0.0,0.0,10.7,295,12.8,2.7,1009.5,14.5,55.0,25.6239,85.108696
BR-PTN,2021-11-29,19.4,26.3,14.2,72,92,0.0,0.0,9.9,267,12.78,2.78,1009.3,13.9,55.0,25.6239,85.108696
BR-PTN,2021-11-30,18.9,25.8,14.2,75,94,0.0,0.0,11.2,305,12.91,2.69,1009.4,13.9,55.0,25.6239,85.108696
BR-PTN,2021-12-01,19.2,26.3,13.7,73,93,0.0,0.0,10.9,310,12.75,2.71,1008.9,13.8,55.0,25.6239,85.108696
BR-PTN,2021-12-02,19.9,26.2,14.9,73,90,0.0,0.0,10.2,291,11.55,2.4,1008.1,14.6,55.0,25.6239,85.108696
BR-PTN,2021-12-03,20.5,26.0,14.4,73,92,0.0,0.0,8.9,306,12.02,2.4,1009.2,15.2,55.0,25.6239,85.108696
BR-PTN,2021-12-04,20.7,26.2,15.7,76,94,0.0,0.0,8.6,33,11.74,2.36,1008.4,16.0,55.0,25.6239,85.108696
BR-PTN,2021-12-05,21.6,26.9,17.0,79,97,0.0,0.0,9.9,87,11.91,2.49,1008.4,17.4,55.0,25.6239,85.108696
BR-PTN,2021-12-06,21.7,27.4,17.3,78,94,0.0,0.0,8.7,10,11.68,2.46,1006.9,17.3,55.0,25.6239,85.108696
BR-PTN,2021-12-07,21.4,27.4,16.9,73,97,0.0,0.0,12.4,277,11.89,2.79,1008.0,16.0,55.0,25.6239,85.108696
BR-PTN,2021-12-08,20.3,27.0,16.2,69,89,0.0,0.0,10.3,306,12.19,2.84,1009.9,13.9,55.0,25.6239,85.108696
BR-PTN,2021-12-09,20.7,26.6,15.7,65,87,0.0,0.0,9.0,4,11.99,2.62,1011.7,13.4,55.0,25.6239,85.108696
BR-PTN,2021-12-10,20.3,26.2,15.7,67,90,0.0,0.0,12.0,298,11.79,2.82,1011.0,13.7,55.0,25.6239,85.108696
BR-PTN,2021-12-11,17.5,23.7,12.6,68,89,0.0,0.0,12.3,270,12.49,2.79,1011.6,11.1,55.0,25.6239,85.108696
BR-PTN,2021-12-12,17.7,23.7,11.4,66,90,0.0,0.0,11.5,276,12.16,2.51,1012.5,10.9,55.0,25.6239,85.108696
BR-PTN,2021-12-13,17.2,23.2,11.0,69,94,0.0,0.0,11.4,279,12.28,2.58,1011.0,11.0,55.0,25.6239,85.108696
BR-PTN,2021-12-14,16.7,23.2,12.2,72,94,0.0,0.0,12.3,281,12.35,2.48,1009.8,11.1,55.0,25.6239,85.108696
BR-PTN,2021-12-15,16.2,22.9,11.1,70,90,0.0,0.0,10.8,262,12.09,2.56,1009.3,10.2,55.0,25.6239,85.108696
BR-PTN,2021-12-16,17.2,24.5,12.0,71,92,0.0,0.0,16.0,276,12.16,2.66,1010.0,11.5,55.0,25.6239,85.108696
BR-PTN,2021-12-17,18.2,24.9,12.3,68,93,0.0,0.0,17.0,275,11.8,2.8,1009.6,11.7,55.0,25.6239,85.108696
BR-PTN,2021-12-18,17.3,22.8,13.4,59,81,0.0,0.0,18.1,285,7.82,2.74,1010.3,8.8,55.0,25.6239,85.108696
BR-PTN,2021-12-19,13.9,19.1,9.8,61,77,0.0,0.0,15.9,267,12.54,2.73,1011.6,6.3,55.0,25.6239,85.108696
BR-PTN,2021-12-20,13.9,20.2,8.2,70,88,0.0,0.0,15.7,270,12.19,2.38,1011.1,8.2,55.0,25.6239,85.108696
BR-PTN,2021-12-21,15.1,21.5,10.3,72,92,0.0,0.0,12.9,275,11.74,2.36,1009.6,9.7,55.0,25.6239,85.108696
BR-PTN,2021-12-22,14.9,22.0,9.9,71,89,0.0,0.0,10.8,262,12.03,2.39,1007.8,9.5,55.0,25.6239,85.108696
BR-PTN,2021-12-23,15.7,22.6,10.1,69,89,0.0,0.0,9.8,251,12.13,2.34,1007.8,9.6,55.0,25.6239,85.108696
BR-PTN,2021-12-24,16.4,22.9,11.3,70,89,0.0,0.0,11.5,72,12.0,2.39,1007.7,10.5,55.0,25.6239,85.108696
BR-PTN,2021-12-25,17.4,24.0,12.9,74,90,0.0,0.0,10.9,75,11.8,2.4,1008.0,12.2,55.0,25.6239,85.108696
BR-PTN,2021-12-26,17.4,23.2,13.7,79,91,0.0,0.0,11.0,80,11.45,2.21,1010.5,13.5,55.0,25.6239,85.108696
BR-PTN,2021-12-27,17.7,23.4,12.4,76,96,0.0,0.0,10.7,71,11.67,2.21,1011.5,13.0,55.0,25.6239,85.108696
BR-PTN,2021-12-28,17.9,23.5,13.0,83,95,15.3,15.3,15.6,96,10.0,2.08,1010.6,14.6,55.0,25.6239,85.108696
BR-PTN,2021-12-29,16.6,18.0,15.0,93,99,20.2,20.2,20.8,108,2.71,0.69,1010.4,15.5,55.0,25.6239,85.108696
BR-PTN,2021-12-30,17.0,21.4,14.0,87,100,1.8,1.8,10.7,301,10.16,1.82,1014.6,14.6,55.0,25.6239,85.108696
BR-PTN,2021-12-31,15.1,20.0,12.2,83,95,0.0,0.0,11.7,269,12.2,2.06,1014.9,11.9,55.0,25.6239,85.108696
BR-PTN,2022-01-01,15.3,20.9,12.0,82,94,0.0,0.0,10.6,280,11.8,2.08,1014.2,12.2,55.0,25.6239,85.108696
BR-PTN,2022-01-02,14.8,21.0,10.7,84,97,0.0,0.0,13.6,285,12.17,2.12,1012.6,11.8,55.0,25.6239,85.108696
BR-PTN,2022-01-03,14.5,20.6,11.0,82,93,0.0,0.0,13.8,274,12.53,2.14,1011.1,11.4,55.0,25.6239,85.108696
BR-PTN,2022-01-04,15.0,20.7,9.2,80,95,0.0,0.0,10.4,267,12.52,2.14,1011.3,11.4,55.0,25.6239,85.108696
BR-PTN,2022-01-05,14.8,20.2,10.1,88,99,0.0,0.0,9.4,314,10.49,1.75,1010.7,12.7,55.0,25.6239,85.108696
BR-PTN,2022-01-06,16.2,19.7,12.9,90,100,0.1,0.1,10.2,306,7.33,1.34,1010.2,14.5,55.0,25.6239,85.108696
BR-PTN,2022-01-07,16.8,21.2,13.9,87,97,0.0,0.0,9.6,329,9.56,1.72,1011.1,14.4,55.0,25.6239,85.108696
BR-PTN,2022-01-08,16.5,22.3,12.1,90,100,0.0,0.0,9.4,310,11.03,1.91,1010.3,14.7,55.0,25.6239,85.108696
BR-PTN,2022-01-09,17.7,22.6,13.0,87,98,0.2,0.2,9.0,282,8.81,1.66,1008.2,15.3,55.0,25.6239,85.108696
BR-PTN,2022-01-10,18.4,22.7,14.5,89,99,0.0,0.0,9.0,305,10.27,1.84,1008.9,16.5,55.0,25.6239,85.108696
BR-PTN,2022-01-11,17.7,21.1,14.8,88,97,3.5,3.5,8.7,269,6.63,1.29,1009.0,15.7,55.0,25.6239,85.108696
BR-PTN,2022-01-12,16.1,18.8,13.8,91,98,5.1,5.1,14.2,277,7.6,1.29,1008.8,14.6,55.0,25.6239,85.108696
BR-PTN,2022-01-13,15.5,21.1,12.2,85,99,0.0,0.0,11.1,292,12.45,2.12,1009.8,12.8,55.0,25.6239,85.108696
BR-PTN,2022-01-14,15.6,20.5,11.2,82,97,0.0,0.0,9.4,335,10.21,1.79,1010.3,12.2,55.0,25.6239,85.108696
BR-PTN,2022-01-15,15.2,20.6,11.0,80,94,0.0,0.0,10.2,322,12.88,2.28,1011.1,11.5,55.0,25.6239,85.108696
BR-PTN,2022-01-16,14.0,19.3,10.8,80,91,0.0,0.0,14.4,290,13.73,2.32,1012.8,10.3,55.0,25.6239,85.108696
BR-PTN,2022-01-17,12.9,18.6,9.3,82,95,0.0,0.0,12.1,279,13.89,2.2,1013.4,9.6,55.0,25.6239,85.108696
BR-PTN,2022-01-18,12.7,18.6,8.7,84,95,0.0,0.0,12.3,272,13.62,2.09,1010.9,10.0,55.0,25.6239,85.108696
BR-PTN,2022-01-19,12.9,18.8,9.5,85,95,0.0,0.0,14.2,273,13.44,2.06,1008.6,10.3,55.0,25.6239,85.108696
BR-PTN,2022-01-20,12.5,18.0,7.7,85,96,0.0,0.0,10.6,279,13.16,2.01,1005.8,9.9,55.0,25.6239,85.108696
BR-PTN,2022-01-21,15.3,20.3,10.2,83,100,0.0,0.0,7.7,52,12.55,2.09,1005.2,12.2,55.0,25.6239,85.108696
BR-PTN,2022-01-22,16.1,21.2,10.7,85,100,1.5,1.5,9.4,53,9.71,1.78,1004.0,13.5,55.0,25.6239,85.108696
BR-PTN,2022-01-23,16.2,18.8,14.8,87,98,9.8,9.8,23.1,102,6.97,1.35,1004.3,14.1,55.0,25.6239,85.108696
BR-PTN,2022-01-24,16.2,19.9,14.0,90,98,1.2,1.2,16.4,93,6.88,1.28,1005.1,14.5,55.0,25.6239,85.108696
BR-PTN,2022-01-25,15.7,19.4,13.0,87,99,0.2,0.2,11.3,277,8.72,1.59,1006.3,13.4,55.0,25.6239,85.108696
BR-PTN,2022-01-26,15.4,19.3,11.6,69,90,0.0,0.0,16.6,283,11.95,2.5,1007.8,9.5,55.0,25.6239,85.108696
BR-PTN,2022-01-27,13.1,17.7,9.2,68,82,0.0,0.0,18.4,269,12.76,2.51,1008.7,7.2,55.0,25.6239,85.108696
BR-PTN,2022-01-28,13.1,19.1,9.6,76,90,0.0,0.0,18.1,267,14.31,2.51,1009.5,8.7,55.0,25.6239,85.108696
BR-PTN,2022-01-29,13.4,19.2,8.2,77,94,0.0,0.0,14.2,264,14.44,2.52,1009.5,9.1,55.0,25.6239,85.108696
BR-PTN,2022-01-30,13.9,19.8,9.6,80,92,0.0,0.0,13.3,281,14.98,2.5,1005.8,10.3,55.0,25.6239,85.108696
BR-PTN,2022-01-31,15.2,21.5,10.1,81,96,0.0,0.0,11.0,296,15.08,2.63,1005.2,11.7,55.0,25.6239,85.108696
BR-PTN,2022-02-01,15.3,21.7,9.6,82,97,0.0,0.0,18.5,279,14.81,2.59,1003.5,12.1,55.0,25.6239,85.108696
BR-PTN,2022-02-02,16.0,22.0,10.3,84,100,0.2,0.2,9.5,110,14.3,2.51,1005.8,12.9,55.0,25.6239,85.108696
BR-PTN,2022-02-03,17.1,22.2,12.4,79,93,6.1,6.1,32.2,91,15.21,3.0,1005.1,13.3,55.0,25.6239,85.108696
BR-PTN,2022-02-04,15.2,17.5,12.4,89,96,28.2,28.2,24.8,89,7.91,1.4,1002.9,13.4,55.0,25.6239,85.108696
BR-PTN,2022-02-05,13.6,17.8,11.2,84,99,1.9,1.9,22.0,273,10.83,1.86,1005.8,10.9,55.0,25.6239,85.108696
BR-PTN,2022-02-06,14.3,19.5,8.9,79,96,0.0,0.0,11.2,277,15.37,2.54,1009.6,10.4,55.0,25.6239,85.108696
BR-PTN,2022-02-07,14.8,20.7,8.8,80,95,0.0,0.0,11.9,276,16.23,2.75,1009.0,11.2,55.0,25.6239,85.108696
BR-PTN,2022-02-08,16.1,22.1,9.0,77,100,0.0,0.0,10.8,262,16.11,2.81,1007.7,11.7,55.0,25.6239,85.108696
BR-PTN,2022-02-09,16.7,23.0,11.5,83,95,0.0,0.0,16.3,88,14.59,2.62,1007.6,13.6,55.0,25.6239,85.108696
BR-PTN,2022-02-10,17.4,22.8,12.9,81,97,0.2,0.2,14.8,308,15.62,2.94,1007.4,13.8,55.0,25.6239,85.108696
BR-PTN,2022-02-11,16.3,21.4,12.8,71,90,0.0,0.0,20.0,271,16.74,3.26,1007.8,10.8,55.0,25.6239,85.108696
BR-PTN,2022-02-12,15.5,20.9,11.2,70,86,0.0,0.0,14.1,267,16.92,3.12,1007.8,10.0,55.0,25.6239,85.108696
BR-PTN,2022-02-13,15.2,21.7,9.3,75,93,0.0,0.0,11.8,271,17.21,3.1,1007.2,10.5,55.0,25.6239,85.108696
BR-PTN,2022-02-14,16.5,22.2,10.4,73,94,0.0,0.0,10.5,291,17.33,3.16,1006.8,11.4,55.0,25.6239,85.108696
BR-PTN,2022-02-15,16.5,22.9,10.3,74,95,0.0,0.0,12.2,278,17.67,3.35,1005.9,11.3,55.0,25.6239,85.108696
BR-PTN,2022-02-16,17.3,23.6,12.3,74,91,0.0,0.0,15.7,273,17.43,3.38,1003.7,12.3,55.0,25.6239,85.108696
BR-PTN,2022-02-17,18.1,24.6,12.6,67,91,0.0,0.0,16.7,273,17.79,3.76,1003.8,11.3,55.0,25.6239,85.108696
BR-PTN,2022-02-18,17.8,24.9,11.3,59,83,0.0,0.0,16.9,265,18.06,4.16,1005.3,9.2,55.0,25.6239,85.108696
BR-PTN,2022-02-19,18.8,26.5,11.4,54,77,0.0,0.0,24.2,274,17.97,4.51,1004.7,8.8,55.0,25.6239,85.108696
BR-PTN,2022-02-20,18.1,24.8,13.5,56,71,0.0,0.0,21.7,269,17.8,4.3,1001.2,8.8,55.0,25.6239,85.108696
BR-PTN,2022-02-21,17.9,25.0,13.0,56,69,0.0,0.0,16.0,288,17.61,4.13,1002.0,8.7,55.0,25.6239,85.108696
BR-PTN,2022-02-22,17.4,24.4,11.0,69,90,0.0,0.0,10.5,88,18.21,3.57,1007.6,11.2,55.0,25.6239,85.108696
BR-PTN,2022-02-23,19.1,25.6,14.0,71,89,0.0,0.0,14.0,96,18.15,3.73,1009.4,13.3,55.0,25.6239,85.108696
BR-PTN,2022-02-24,20.9,27.0,16.7,71,92,0.3,0.3,15.8,95,15.96,3.57,1008.2,15.3,55.0,25.6239,85.108696
BR-PTN,2022-02-25,20.4,24.4,16.2,79,95,2.3,2.3,16.3,74,16.11,2.92,1008.9,16.4,55.0,25.6239,85.108696
BR-PTN,2022-02-26,20.9,26.8,15.6,73,95,0.0,0.0,10.9,87,18.4,3.6,1010.3,15.4,55.0,25.6239,85.108696
BR-PTN,2022-02-27,20.5,26.9,15.3,75,91,0.5,0.5,17.8,111,14.8,3.07,1008.3,15.6,55.0,25.6239,85.108696
BR-PTN,2022-02-28,20.7,27.1,15.8,68,96,0.0,0.0,17.9,300,19.1,4.24,1007.8,13.9,55.0,25.6239,85.108696
BR-PTN,2022-03-01,20.2,26.7,14.7,68,85,0.0,0.0,11.6,308,18.94,3.87,1009.1,13.6,55.0,25.6239,85.108696
BR-PTN,2022-03-02,20.1,27.0,13.2,70,93,0.0,0.0,16.3,293,19.18,4.05,1008.7,13.9,55.0,25.6239,85.108696
BR-PTN,2022-03-03,20.9,28.7,14.7,64,88,0.0,0.0,12.5,271,19.58,4.35,1008.1,13.1,55.0,25.6239,85.108696
BR-PTN,2022-03-04,22.6,30.4,15.7,56,82,0.0,0.0,19.5,280,19.67,5.12,1006.3,12.4,55.0,25.6239,85.108696
BR-PTN,2022-03-05,21.8,29.1,15.5,59,81,0.0,0.0,20.7,271,19.89,4.85,1005.3,12.7,55.0,25.6239,85.108696
BR-PTN,2022-03-06,22.0,28.3,15.1,62,88,0.0,0.0,8.7,286,19.98,4.19,1006.7,13.9,55.0,25.6239,85.108696
BR-PTN,2022-03-07,22.3,29.4,16.1,65,89,0.0,0.0,11.7,313,20.17,4.44,1006.9,14.9,55.0,25.6239,85.108696
BR-PTN,2022-03-08,22.8,30.2,15.8,60,90,0.0,0.0,12.7,286,20.53,4.86,1005.2,13.7,55.0,25.6239,85.108696
BR-PTN,2022-03-09,22.7,30.0,16.7,56,74,0.0,0.0,11.5,265,20.49,4.93,1004.6,13.0,55.0,25.6239,85.108696
BR-PTN,2022-03-10,22.6,30.8,15.9,57,82,0.0,0.0,12.4,272,20.56,4.92,1004.2,12.7,55.0,25.6239,85.108696
BR-PTN,2022-03-11,23.5,31.0,17.1,59,85,0.0,0.0,17.6,281,20.11,5.11,1003.9,14.2,55.0,25.6239,85.108696
BR-PTN,2022-03-12,23.5,30.8,17.5,58,78,0.0,0.0,17.1,269,20.7,5.12,1003.3,14.3,55.0,25.6239,85.108696
BR-PTN,2022-03-13,23.9,31.5,17.7,59,75,0.0,0.0,13.9,284,20.78,5.06,1003.8,14.9,55.0,25.6239,85.108696
BR-PTN,2022-03-14,24.3,32.2,16.8,61,87,0.0,0.0,11.3,283,20.98,5.07,1003.4,15.5,55.0,25.6239,85.108696
BR-PTN,2022-03-15,26.1,33.3,18.9,59,86,0.0,0.0,11.4,291,20.93,5.12,1000.2,16.6,55.0,25.6239,85.108696
BR-PTN,2022-03-16,26.9,34.1,19.4,59,82,0.0,0.0,9.4,120,20.59,4.91,998.4,17.5,55.0,25.6239,85.108696
BR-PTN,2022-03-17,27.6,33.9,22.3,63,83,0.0,0.0,11.4,71,20.78,5.07,999.7,19.4,55.0,25.6239,85.108696
BR-PTN,2022-03-18,27.9,35.1,22.4,68,92,0.0,0.0,11.4,84,20.73,5.0,999.9,20.9,55.0,25.6239,85.108696
BR-PTN,2022-03-19,29.0,36.1,22.9,57,80,0.0,0.0,10.7,86,21.15,5.12,998.0,18.9,55.0,25.6239,85.108696
BR-PTN,2022-03-20,29.1,36.1,23.5,61,84,0.0,0.0,11.0,352,20.17,5.16,997.0,20.0,55.0,25.6239,85.108696
BR-PTN,2022-03-21,28.9,35.3,23.4,58,92,0.0,0.0,13.6,317,19.28,5.05,998.2,19.1,55.0,25.6239,85.108696
BR-PTN,2022-03-22,27.6,35.1,21.7,49,75,0.0,0.0,12.4,288,20.45,5.56,998.9,15.3,55.0,25.6239,85.108696
BR-PTN,2022-03-23,27.3,35.1,21.7,52,94,0.0,0.0,19.0,273,22.22,5.93,999.4,14.6,55.0,25.6239,85.108696
BR-PTN,2022-03-24,27.4,35.0,19.9,39,59,0.0,0.0,17.7,272,21.93,6.69,997.9,11.7,55.0,25.6239,85.108696
BR-PTN,2022-03-25,29.1,36.5,21.3,37,55,0.0,0.0,19.1,288,22.09,6.99,997.8,12.1,55.0,25.6239,85.108696
BR-PTN,2022-03-26,28.7,35.8,22.4,26,41,0.0,0.0,24.4,274,22.78,8.02,999.7,6.8,55.0,25.6239,85.108696
BR-PTN,2022-03-27,27.0,35.0,20.7,37,65,0.0,0.0,13.5,279,22.51,6.3,1001.5,10.2,55.0,25.6239,85.108696
BR-PTN,2022-03-28,27.0,35.6,19.2,49,84,0.0,0.0,14.6,353,22.64,6.0,1000.0,14.3,55.0,25.6239,85.108696
BR-PTN,2022-03-29,27.5,33.8,22.3,68,96,0.0,0.0,15.1,94,22.09,5.4,998.9,20.5,55.0,25.6239,85.108696
BR-PTN,2022-03-30,27.9,33.8,22.8,71,94,0.0,0.0,17.3,93,21.12,5.17,999.7,21.6,55.0,25.6239,85.108696
BR-PTN,2022-03-31,28.0,34.3,23.0,72,95,0.0,0.0,16.9,84,20.88,4.96,1000.1,21.9,55.0,25.6239,85.108696
BR-PTN,2022-04-01,29.2,36.0,23.4,71,98,0.0,0.0,15.0,83,20.92,5.34,999.0,22.6,55.0,25.6239,85.108696
BR-PTN,2022-04-02,28.8,33.6,24.9,74,95,0.1,0.1,19.8,89,20.1,5.14,1001.8,23.4,55.0,25.6239,85.108696
BR-PTN,2022-04-03,28.4,34.1,23.5,73,95,0.1,0.1,16.4,88,20.29,4.75,1001.2,22.8,55.0,25.6239,85.108696
BR-PTN,2022-04-04,29.5,38.5,23.0,50,99,0.0,0.0,18.2,294,23.64,6.68,999.8,14.7,55.0,25.6239,85.108696
BR-PTN,2022-04-05,29.1,39.1,21.5,49,91,0.0,0.0,17.1,49,23.48,6.61,1002.4,14.9,55.0,25.6239,85.108696
BR-PTN,2022-04-06,29.5,38.5,22.8,54,96,0.0,0.0,16.3,359,23.57,6.37,1002.6,16.1,55.0,25.6239,85.108696
BR-PTN,2022-04-07,28.9,34.8,24.1,71,97,0.0,0.0,16.6,88,22.31,5.34,1002.8,22.5,55.0,25.6239,85.108696
BR-PTN,2022-04-08,29.3,36.5,23.6,69,96,0.0,0.0,16.0,91,21.95,5.52,1000.6,22.2,55.0,25.6239,85.108696
BR-PTN,2022-04-09,29.2,35.1,23.7,69,96,0.0,0.0,23.7,93,22.92,6.0,999.1,22.4,55.0,25.6239,85.108696
BR-PTN,2022-04-10,28.7,33.8,23.8,67,91,0.0,0.0,20.9,86,22.64,6.1,998.0,21.7,55.0,25.6239,85.108696
BR-PTN,2022-04-11,28.7,34.8,22.9,68,89,0.0,0.0,19.9,90,22.93,5.77,997.9,21.8,55.0,25.6239,85.108696
BR-PTN,2022-04-12,29.9,36.1,24.5,68,93,0.0,0.0,18.8,89,23.09,5.98,998.2,22.8,55.0,25.6239,85.108696
BR-PTN,2022-04-13,31.2,37.5,25.6,65,92,0.0,0.0,20.3,74,20.46,5.57,996.3,23.2,55.0,25.6239,85.108696
BR-PTN,2022-04-14,32.5,40.5,26.0,51,98,0.0,0.0,26.1,298,22.07,7.52,994.4,17.5,55.0,25.6239,85.108696
BR-PTN,2022-04-15,32.2,40.2,24.3,29,56,0.0,0.0,23.4,288,23.91,8.75,994.7,10.3,55.0,25.6239,85.108696
BR-PTN,2022-04-16,31.6,40.1,22.8,31,51,0.0,0.0,24.9,302,23.04,7.76,994.8,10.6,55.0,25.6239,85.108696
BR-PTN,2022-04-17,32.8,41.5,23.1,28,54,0.0,0.0,26.8,274,23.62,7.82,995.6,9.8,55.0,25.6239,85.108696
BR-PTN,2022-04-18,31.0,39.9,22.8,43,73,0.0,0.0,19.6,58,24.3,7.19,998.0,14.8,55.0,25.6239,85.108696
BR-PTN,2022-04-19,30.7,36.6,25.9,65,92,0.1,0.1,21.3,89,22.81,6.24,999.5,22.9,55.0,25.6239,85.108696
BR-PTN,2022-04-20,29.2,34.9,23.4,64,87,0.0,0.0,25.5,91,23.44,6.84,999.1,21.3,55.0,25.6239,85.108696
BR-PTN,2022-04-21,29.4,35.0,24.1,66,84,0.1,0.1,22.3,94,22.19,5.98,999.3,22.1,55.0,25.6239,85.108696
BR-PTN,2022-04-22,30.8,36.8,26.1,60,84,0.0,0.0,18.9,17,20.92,5.9,999.5,21.0,55.0,25.6239,85.108696
BR-PTN,2022-04-23,31.7,39.5,24.0,44,95,0.0,0.0,26.1,276,24.26,7.9,998.5,15.0,55.0,25.6239,85.108696
BR-PTN,2022-04-24,31.7,39.8,24.2,25,40,0.0,0.0,29.0,278,24.75,9.14,996.6,8.2,55.0,25.6239,85.108696
BR-PTN,2022-04-25,31.4,39.9,23.4,27,42,0.0,0.0,20.9,274,24.87,8.43,996.3,9.6,55.0,25.6239,85.108696
BR-PTN,2022-04-26,31.3,40.3,23.1,36,63,0.0,0.0,19.3,314,24.41,7.33,996.9,13.1,55.0,25.6239,85.108696
BR-PTN,2022-04-27,31.3,39.9,23.6,46,74,0.0,0.0,21.3,21,23.37,7.31,996.8,16.7,55.0,25.6239,85.108696
BR-PTN,2022-04-28,31.0,37.8,25.2,63,94,0.0,0.0,17.6,84,22.78,6.36,998.4,22.4,55.0,25.6239,85.108696
BR-PTN,2022-04-29,29.9,38.1,25.9,72,89,6.0,6.0,21.1,77,22.1,5.74,997.2,23.9,55.0,25.6239,85.108696
BR-PTN,2022-04-30,29.0,34.1,24.7,68,87,0.0,0.0,29.3,85,22.73,6.47,996.5,22.2,55.0,25.6239,85.108696
BR-PTN,2022-05-01,28.5,34.1,23.8,65,82,0.9,0.9,26.6,88,21.97,6.43,996.6,21.0,55.0,25.6239,85.108696
BR-PTN,2022-05-02,28.5,34.9,24.2,63,81,0.0,0.0,26.0,82,22.25,6.5,997.1,20.6,55.0,25.6239,85.108696
BR-PTN,2022-05-03,28.9,34.1,24.3,65,81,0.0,0.0,27.5,92,22.3,6.49,998.0,21.3,55.0,25.6239,85.108696
BR-PTN,2022-05-04,28.6,33.1,23.7,66,86,0.0,0.0,24.2,91,17.6,5.17,1000.2,21.4,55.0,25.6239,85.108696
BR-PTN,2022-05-05,28.6,32.4,24.9,66,80,0.0,0.0,20.8,79,22.26,5.59,999.8,21.4,55.0,25.6239,85.108696
BR-PTN,2022-05-06,29.8,34.8,25.5,63,83,0.4,0.4,15.7,74,21.89,5.92,999.1,21.5,55.0,25.6239,85.108696
BR-PTN,2022-05-07,29.2,34.4,25.6,67,88,1.9,1.9,17.0,77,19.61,4.99,999.1,22.0,55.0,25.6239,85.108696
BR-PTN,2022-05-08,30.1,35.0,25.1,62,83,0.0,0.0,19.2,81,21.94,5.96,998.0,21.4,55.0,25.6239,85.108696
BR-PTN,2022-05-09,30.1,35.7,24.2,61,88,0.1,0.1,23.8,87,19.7,6.41,997.3,21.3,55.0,25.6239,85.108696
BR-PTN,2022-05-10,31.0,35.0,26.5,61,80,0.0,0.0,19.9,97,20.98,6.39,997.4,22.4,55.0,25.6239,85.108696
BR-PTN,2022-05-11,31.6,36.5,26.9,63,88,10.0,10.0,18.7,82,21.88,6.23,995.5,23.4,55.0,25.6239,85.108696
BR-PTN,2022-05-12,30.5,35.3,25.9,71,93,3.4,3.4,13.2,97,20.62,4.99,994.3,24.4,55.0,25.6239,85.108696
BR-PTN,2022-05-13,31.8,36.8,26.4,66,88,0.0,0.0,20.5,67,22.23,6.04,991.4,24.3,55.0,25.6239,85.108696
BR-PTN,2022-05-14,31.3,37.2,26.6,69,90,0.0,0.0,18.2,74,24.02,6.4,992.0,24.4,55.0,25.6239,85.108696
BR-PTN,2022-05-15,32.3,38.5,26.4,68,91,0.0,0.0,20.7,71,23.98,6.62,993.5,25.1,55.0,25.6239,85.108696
BR-PTN,2022-05-16,32.3,37.3,27.3,65,86,0.0,0.0,20.5,72,23.72,6.85,993.4,24.3,55.0,25.6239,85.108696
BR-PTN,2022-05-17,31.9,38.1,26.5,65,86,0.0,0.0,18.7,72,22.8,6.17,993.5,24.0,55.0,25.6239,85.108696
BR-PTN,2022-05-18,32.4,39.1,27.3,65,87,0.0,0.0,29.4,71,23.16,6.27,994.4,24.4,55.0,25.6239,85.108696
BR-PTN,2022-05-19,32.0,38.2,27.6,64,88,0.3,0.3,26.2,71,22.52,5.92,994.8,23.5,55.0,25.6239,85.108696
BR-PTN,2022-05-20,30.6,36.2,26.0,67,89,0.0,0.0,21.8,84,24.07,6.56,993.5,23.4,55.0,25.6239,85.108696
BR-PTN,2022-05-21,30.1,35.1,24.7,68,88,0.3,0.3,21.7,84,22.22,6.0,991.1,23.3,55.0,25.6239,85.108696
BR-PTN,2022-05-22,29.1,34.4,24.7,68,88,0.0,0.0,20.5,85,21.73,5.73,990.9,22.2,55.0,25.6239,85.108696
BR-PTN,2022-05-23,28.8,34.0,23.3,69,91,7.4,7.4,24.1,77,23.05,5.83,992.8,22.1,55.0,25.6239,85.108696
BR-PTN,2022-05-24,28.7,34.4,24.0,71,94,1.0,1.0,20.9,73,21.57,5.12,996.7,22.3,55.0,25.6239,85.108696
BR-PTN,2022-05-25,28.3,33.2,24.5,76,94,1.2,1.2,10.5,322,17.64,4.05,997.7,23.3,55.0,25.6239,85.108696
BR-PTN,2022-05-26,29.8,34.8,25.1,63,94,0.4,0.4,20.7,266,21.82,5.31,996.0,21.1,55.0,25.6239,85.108696
BR-PTN,2022-05-27,31.1,37.0,25.1,57,79,0.0,0.0,13.1,238,23.35,5.93,993.3,20.6,55.0,25.6239,85.108696
BR-PTN,2022-05-28,30.4,36.8,26.9,61,78,2.4,2.4,13.9,82,20.62,5.41,992.6,21.9,55.0,25.6239,85.108696
BR-PTN,2022-05-29,29.1,33.8,26.0,73,87,1.9,1.9,14.4,83,18.32,4.6,993.5,23.5,55.0,25.6239,85.108696
BR-PTN,2022-05-30,30.2,33.8,26.3,71,85,0.3,0.3,15.8,69,22.25,5.59,993.7,24.3,55.0,25.6239,85.108696
BR-PTN,2022-05-31,31.4,36.5,26.5,67,89,0.0,0.0,18.8,69,23.66,6.15,993.0,24.0,55.0,25.6239,85.108696
BR-PTN,2022-06-01,32.0,37.4,27.9,66,83,0.8,0.8,15.2,78,22.05,5.98,993.1,24.3,55.0,25.6239,85.108696
BR-PTN,2022-06-02,32.5,37.2,28.0,65,86,0.0,0.0,14.8,80,23.4,6.21,992.7,24.6,55.0,25.6239,85.108696
BR-PTN,2022-06-03,33.3,39.0,27.5,62,88,0.1,0.1,16.2,68,23.39,6.63,992.2,24.3,55.0,25.6239,85.108696
BR-PTN,2022-06-04,33.3,39.0,28.6,63,83,0.0,0.0,20.1,81,24.31,6.95,992.6,24.9,55.0,25.6239,85.108696
BR-PTN,2022-06-05,32.2,38.2,27.4,66,90,0.0,0.0,19.6,76,24.8,6.87,993.3,24.5,55.0,25.6239,85.108696
BR-PTN,2022-06-06,31.8,37.8,27.1,68,89,0.0,0.0,21.0,78,24.38,6.69,993.1,24.9,55.0,25.6239,85.108696
BR-PTN,2022-06-07,31.8,37.0,27.3,69,89,0.0,0.0,20.8,82,24.18,6.56,992.4,25.0,55.0,25.6239,85.108696
BR-PTN,2022-06-08,33.0,38.6,28.1,65,87,0.0,0.0,20.5,76,24.48,6.84,991.2,25.0,55.0,25.6239,85.108696
BR-PTN,2022-06-09,31.9,37.1,27.9,69,85,0.1,0.1,21.3,86,23.84,6.45,991.4,25.2,55.0,25.6239,85.108696
BR-PTN,2022-06-10,32.5,38.4,27.7,67,88,0.0,0.0,17.7,74,23.43,6.36,991.6,25.0,55.0,25.6239,85.108696
BR-PTN,2022-06-11,32.3,37.6,26.9,66,85,0.0,0.0,17.8,75,24.5,6.63,992.0,24.9,55.0,25.6239,85.108696
BR-PTN,2022-06-12,32.8,37.6,28.0,67,87,0.0,0.0,18.4,68,24.15,6.61,993.1,25.5,55.0,25.6239,85.108696
BR-PTN,2022-06-13,32.4,38.5,27.8,70,89,0.1,0.1,21.5,68,24.73,6.4,993.8,25.7,55.0,25.6239,85.108696
BR-PTN,2022-06-14,33.1,38.6,27.5,67,89,0.0,0.0,17.4,84,24.53,6.57,992.9,25.7,55.0,25.6239,85.108696
BR-PTN,2022-06-15,33.7,40.2,27.2,59,89,0.5,0.5,22.4,224,22.91,7.13,992.3,23.7,55.0,25.6239,85.108696
BR-PTN,2022-06-16,32.2,36.1,26.7,64,94,5.6,5.6,25.0,241,21.02,5.94,994.0,24.0,55.0,25.6239,85.108696
BR-PTN,2022-06-17,31.5,36.5,27.6,64,85,1.5,1.5,29.3,242,21.7,6.37,994.0,23.3,55.0,25.6239,85.108696
BR-PTN,2022-06-18,30.1,34.5,26.2,73,93,5.1,5.1,22.1,235,19.01,5.18,994.7,24.5,55.0,25.6239,85.108696
BR-PTN,2022-06-19,30.1,35.1,26.7,74,95,2.7,2.7,18.7,240,21.79,5.51,994.1,24.7,55.0,25.6239,85.108696
BR-PTN,2022-06-20,29.3,33.8,26.4,76,93,4.4,4.4,20.9,248,18.98,4.78,992.7,24.3,55.0,25.6239,85.108696
BR-PTN,2022-06-21,29.4,32.6,26.0,78,97,0.5,0.5,9.7,83,18.39,4.21,992.9,25.0,55.0,25.6239,85.108696
BR-PTN,2022-06-22,30.4,34.1,26.8,75,90,0.3,0.3,14.2,88,19.82,4.81,995.7,25.4,55.0,25.6239,85.108696
BR-PTN,2022-06-23,30.6,34.2,27.4,76,95,14.7,14.7,16.0,94,20.89,4.86,996.2,25.6,55.0,25.6239,85.108696
BR-PTN,2022-06-24,30.5,34.0,27.0,75,93,1.3,1.3,16.1,100,19.93,4.95,994.4,25.4,55.0,25.6239,85.108696
BR-PTN,2022-06-25,30.7,34.2,27.4,71,88,1.0,1.0,19.8,98,23.29,6.14,993.4,24.7,55.0,25.6239,85.108696
BR-PTN,2022-06-26,30.4,33.4,26.8,73,88,0.9,0.9,19.5,98,18.07,5.05,995.2,24.8,55.0,25.6239,85.108696
BR-PTN,2022-06-27,30.4,34.3,28.2,76,84,5.8,5.8,13.9,88,15.65,4.06,995.9,25.6,55.0,25.6239,85.108696
BR-PTN,2022-06-28,29.6,33.4,27.3,83,94,9.3,9.3,17.7,90,10.99,2.76,993.8,26.4,55.0,25.6239,85.108696
BR-PTN,2022-06-29,27.3,28.3,26.6,92,95,26.0,26.0,15.3,122,5.85,1.48,993.3,25.9,55.0,25.6239,85.108696
BR-PTN,2022-06-30,27.5,30.9,24.9,89,99,18.6,18.6,16.1,87,11.35,2.56,993.8,25.4,55.0,25.6239,85.108696
BR-PTN,2022-07-01,28.6,33.1,25.6,84,96,28.0,28.0,11.5,89,20.03,4.36,993.0,25.6,55.0,25.6239,85.108696
BR-PTN,2022-07-02,28.9,32.6,26.2,84,97,17.5,17.5,15.1,96,18.89,4.26,992.0,25.7,55.0,25.6239,85.108696
BR-PTN,2022-07-03,29.9,33.9,26.2,79,97,0.5,0.5,17.2,88,21.81,5.17,992.0,25.6,55.0,25.6239,85.108696
BR-PTN,2022-07-04,30.8,34.3,27.2,74,90,0.2,0.2,17.4,98,23.55,5.78,991.7,25.5,55.0,25.6239,85.108696
BR-PTN,2022-07-05,31.6,35.0,28.2,72,86,0.1,0.1,15.5,99,23.84,6.01,992.1,25.7,55.0,25.6239,85.108696
BR-PTN,2022-07-06,31.0,34.4,28.7,72,83,0.1,0.1,27.0,97,23.21,6.2,995.0,25.1,55.0,25.6239,85.108696
BR-PTN,2022-07-07,31.0,34.8,27.6,71,86,0.4,0.4,20.5,102,22.5,5.78,996.4,24.9,55.0,25.6239,85.108696
BR-PTN,2022-07-08,31.7,35.1,28.2,70,86,0.5,0.5,15.9,103,23.9,6.19,994.2,25.3,55.0,25.6239,85.108696
BR-PTN,2022-07-09,31.1,34.5,28.1,69,85,0.6,0.6,21.0,100,22.96,6.12,992.8,24.6,55.0,25.6239,85.108696
BR-PTN,2022-07-10,31.7,35.2,27.9,66,85,0.1,0.1,20.5,96,24.73,6.7,992.5,24.2,55.0,25.6239,85.108696
BR-PTN,2022-07-11,31.8,35.3,28.5,67,82,0.1,0.1,23.4,95,23.61,6.67,992.9,24.7,55.0,25.6239,85.108696
BR-PTN,2022-07-12,32.0,35.5,28.5,65,83,0.5,0.5,24.0,93,24.07,6.9,992.4,24.3,55.0,25.6239,85.108696
BR-PTN,2022-07-13,32.1,35.9,28.9,65,77,0.5,0.5,24.5,93,24.44,7.04,990.6,24.5,55.0,25.6239,85.108696
BR-PTN,2022-07-14,32.1,36.5,29.1,64,78,0.1,0.1,31.5,94,24.3,7.41,990.7,24.1,55.0,25.6239,85.108696
BR-PTN,2022-07-15,32.1,36.4,28.6,65,81,0.8,0.8,27.2,100,23.58,6.81,992.8,24.4,55.0,25.6239,85.108696
BR-PTN,2022-07-16,32.3,36.7,28.4,65,81,0.1,0.1,22.5,103,24.25,6.97,993.8,24.6,55.0,25.6239,85.108696
BR-PTN,2022-07-17,32.8,37.1,29.0,63,81,0.0,0.0,25.9,99,24.06,7.43,994.9,24.4,55.0,25.6239,85.108696
BR-PTN,2022-07-18,32.6,37.2,29.0,62,80,0.9,0.9,21.9,112,23.53,6.93,994.3,24.2,55.0,25.6239,85.108696
BR-PTN,2022-07-19,32.3,36.8,28.7,67,87,9.0,9.0,12.4,115,24.05,6.07,993.0,25.0,55.0,25.6239,85.108696
BR-PTN,2022-07-20,29.2,33.0,27.1,83,94,27.4,27.4,11.4,99,12.44,3.0,993.8,25.9,55.0,25.6239,85.108696
BR-PTN,2022-07-21,28.1,32.2,26.4,88,95,35.2,35.2,15.9,95,9.9,2.38,995.1,25.9,55.0,25.6239,85.108696
BR-PTN,2022-07-22,28.8,32.8,26.2,83,95,6.0,6.0,19.6,91,15.83,3.92,996.3,25.5,55.0,25.6239,85.108696
BR-PTN,2022-07-23,30.0,34.4,26.1,77,94,6.4,6.4,22.7,102,22.95,5.77,995.5,25.2,55.0,25.6239,85.108696
BR-PTN,2022-07-24,29.2,33.2,26.5,78,91,2.5,2.5,25.8,99,21.73,5.39,996.5,24.8,55.0,25.6239,85.108696
BR-PTN,2022-07-25,28.2,32.0,25.5,83,94,3.2,3.2,21.1,101,17.17,4.08,998.8,24.9,55.0,25.6239,85.108696
BR-PTN,2022-07-26,28.8,31.3,26.5,81,92,7.4,7.4,14.3,105,14.39,3.55,999.9,25.2,55.0,25.6239,85.108696
BR-PTN,2022-07-27,28.4,32.1,25.8,85,94,24.1,24.1,10.9,117,16.0,3.5,999.5,25.4,55.0,25.6239,85.108696
BR-PTN,2022-07-28,28.2,31.5,25.3,86,95,18.7,18.7,14.8,119,14.73,3.19,999.9,25.4,55.0,25.6239,85.108696
BR-PTN,2022-07-29,28.3,31.2,25.7,86,96,8.8,8.8,15.0,242,13.94,3.03,998.8,25.6,55.0,25.6239,85.108696
BR-PTN,2022-07-30,28.2,31.7,26.0,86,97,13.0,13.0,9.9,284,14.86,3.29,996.7,25.5,55.0,25.6239,85.108696
BR-PTN,2022-07-31,27.7,30.5,25.6,88,96,21.0,21.0,15.6,244,12.81,2.88,994.8,25.5,55.0,25.6239,85.108696
BR-PTN,2022-08-01,27.8,30.4,25.8,89,97,29.3,29.3,13.0,241,10.45,2.35,995.2,25.7,55.0,25.6239,85.108696
BR-PTN,2022-08-02,27.7,31.4,25.5,89,98,27.3,27.3,14.1,91,11.51,2.55,995.2,25.6,55.0,25.6239,85.108696
BR-PTN,2022-08-03,28.7,32.1,26.4,87,99,2.6,2.6,13.1,79,17.04,3.79,996.1,26.1,55.0,25.6239,85.108696
BR-PTN,2022-08-04,28.7,32.5,25.8,84,96,23.0,23.0,16.8,98,15.36,3.66,996.4,25.6,55.0,25.6239,85.108696
BR-PTN,2022-08-05,30.0,33.3,25.8,80,95,2.8,2.8,14.8,95,22.78,5.06,994.4,26.1,55.0,25.6239,85.108696
BR-PTN,2022-08-06,29.7,33.5,27.0,83,95,11.3,11.3,16.3,81,19.11,4.34,992.6,26.5,55.0,25.6239,85.108696
BR-PTN,2022-08-07,30.2,33.5,26.7,80,96,7.7,7.7,17.3,86,22.82,5.28,992.2,26.2,55.0,25.6239,85.108696
BR-PTN,2022-08-08,30.2,33.3,27.8,78,89,2.3,2.3,24.0,88,21.78,5.27,991.1,25.8,55.0,25.6239,85.108696
BR-PTN,2022-08-09,30.3,33.6,27.7,72,86,0.3,0.3,32.1,88,23.28,6.36,990.5,24.7,55.0,25.6239,85.108696
BR-PTN,2022-08-10,29.3,32.1,27.3,73,79,1.4,1.4,36.0,92,17.59,5.45,990.1,23.9,55.0,25.6239,85.108696
BR-PTN,2022-08-11,28.9,32.4,27.1,75,84,1.4,1.4,38.2,99,19.39,5.47,992.3,23.8,55.0,25.6239,85.108696
BR-PTN,2022-08-12,29.2,32.8,25.6,76,91,1.4,1.4,18.1,107,20.88,5.04,993.2,24.4,55.0,25.6239,85.108696
BR-PTN,2022-08-13,29.3,33.8,26.2,82,95,21.0,21.0,17.7,99,19.72,4.45,992.2,25.8,55.0,25.6239,85.108696
BR-PTN,2022-08-14,28.9,33.0,26.7,78,92,1.2,1.2,34.2,86,20.39,5.37,993.5,24.6,55.0,25.6239,85.108696
BR-PTN,2022-08-15,28.8,32.4,26.1,77,89,2.3,2.3,40.3,102,19.05,5.24,995.8,24.3,55.0,25.6239,85.108696
BR-PTN,2022-08-16,29.9,33.9,26.4,74,91,1.0,1.0,18.8,157,22.4,5.21,997.8,24.5,55.0,25.6239,85.108696
BR-PTN,2022-08-17,30.2,33.5,27.5,75,91,1.5,1.5,14.5,276,21.43,5.05,996.6,25.3,55.0,25.6239,85.108696
BR-PTN,2022-08-18,31.0,34.6,27.8,70,82,0.1,0.1,17.7,278,23.43,5.97,994.2,24.8,55.0,25.6239,85.108696
BR-PTN,2022-08-19,28.6,31.0,26.7,85,94,22.9,22.9,12.4,332,10.67,2.59,994.4,25.7,55.0,25.6239,85.108696
BR-PTN,2022-08-20,28.5,31.1,26.7,80,94,2.7,2.7,35.4,83,16.3,4.33,993.1,24.8,55.0,25.6239,85.108696
BR-PTN,2022-08-21,28.8,32.0,26.4,79,87,1.2,1.2,31.2,103,19.95,4.94,993.1,24.7,55.0,25.6239,85.108696
BR-PTN,2022-08-22,29.9,33.8,26.5,77,91,0.6,0.6,16.9,121,22.26,5.17,993.4,25.2,55.0,25.6239,85.108696
BR-PTN,2022-08-23,29.0,33.4,27.1,85,94,14.7,14.7,12.9,104,16.66,3.72,996.2,26.1,55.0,25.6239,85.108696
BR-PTN,2022-08-24,28.7,32.3,26.2,84,95,5.6,5.6,15.5,98,17.8,3.96,998.3,25.7,55.0,25.6239,85.108696
BR-PTN,2022-08-25,29.2,32.7,26.5,79,95,0.6,0.6,16.9,92,21.84,4.84,996.6,25.0,55.0,25.6239,85.108696
BR-PTN,2022-08-26,29.2,32.6,26.4,82,93,0.8,0.8,11.6,215,19.4,4.26,995.7,25.8,55.0,25.6239,85.108696
BR-PTN,2022-08-27,28.6,32.5,26.0,87,97,14.8,14.8,12.6,232,13.76,3.1,995.2,26.2,55.0,25.6239,85.108696
BR-PTN,2022-08-28,27.5,30.7,25.1,88,97,17.3,17.3,10.0,127,11.92,2.62,997.5,25.2,55.0,25.6239,85.108696
BR-PTN,2022-08-29,28.1,31.0,25.9,87,96,12.4,12.4,11.4,87,14.06,3.0,1000.3,25.6,55.0,25.6239,85.108696
BR-PTN,2022-08-30,28.4,31.5,25.9,87,97,4.7,4.7,8.2,285,15.22,3.27,1000.7,25.9,55.0,25.6239,85.108696
BR-PTN,2022-08-31,28.6,31.9,26.3,88,98,8.2,8.2,9.3,243,16.87,3.54,999.0,26.3,55.0,25.6239,85.108696
BR-PTN,2022-09-01,28.1,31.8,26.3,89,98,12.0,12.0,10.5,108,15.49,3.31,999.5,26.0,55.0,25.6239,85.108696
BR-PTN,2022-09-02,28.6,31.6,26.1,86,96,6.1,6.1,13.4,267,15.85,3.44,999.9,25.9,55.0,25.6239,85.108696
BR-PTN,2022-09-03,28.2,31.7,26.3,88,97,3.7,3.7,16.3,246,13.61,3.08,997.4,25.9,55.0,25.6239,85.108696
BR-PTN,2022-09-04,28.6,31.8,26.3,85,95,2.1,2.1,11.5,255,17.36,3.81,996.7,25.7,55.0,25.6239,85.108696
BR-PTN,2022-09-05,28.5,31.9,26.2,86,97,5.2,5.2,11.2,186,15.24,3.34,997.7,25.8,55.0,25.6239,85.108696
BR-PTN,2022-09-06,27.9,31.3,25.5,88,96,9.4,9.4,9.2,87,15.0,3.2,999.0,25.6,55.0,25.6239,85.108696
BR-PTN,2022-09-07,28.2,31.0,26.2,87,97,3.2,3.2,13.4,72,13.77,3.01,1000.3,25.9,55.0,25.6239,85.108696
BR-PTN,2022-09-08,28.9,32.4,25.7,86,95,10.8,10.8,14.4,76,19.41,4.19,1001.2,26.1,55.0,25.6239,85.108696
BR-PTN,2022-09-09,28.4,32.1,26.6,87,96,6.9,6.9,11.3,69,15.71,3.37,1000.9,26.1,55.0,25.6239,85.108696
BR-PTN,2022-09-10,28.9,32.2,25.9,83,93,4.9,4.9,17.7,81,20.19,4.48,999.3,25.7,55.0,25.6239,85.108696
BR-PTN,2022-09-11,28.3,31.5,26.4,83,93,4.0,4.0,23.6,92,18.48,4.21,997.0,25.0,55.0,25.6239,85.108696
BR-PTN,2022-09-12,26.6,29.6,24.9,87,95,9.9,9.9,31.4,99,15.38,3.36,995.6,24.2,55.0,25.6239,85.108696
BR-PTN,2022-09-13,26.5,29.8,24.2,88,97,31.1,31.1,23.5,101,11.98,2.8,997.4,24.2,55.0,25.6239,85.108696
BR-PTN,2022-09-14,25.8,28.3,24.5,92,98,23.4,23.4,18.9,104,7.16,1.66,999.2,24.3,55.0,25.6239,85.108696
BR-PTN,2022-09-15,26.6,29.9,24.6,91,98,48.6,48.6,14.2,123,12.03,2.52,998.1,24.9,55.0,25.6239,85.108696
BR-PTN,2022-09-16,27.2,30.8,24.8,89,98,21.5,21.5,12.1,150,14.82,3.09,995.1,25.1,55.0,25.6239,85.108696
BR-PTN,2022-09-17,27.2,30.7,25.5,88,96,15.3,15.3,9.4,129,14.43,3.06,996.2,25.0,55.0,25.6239,85.108696
BR-PTN,2022-09-18,27.8,31.3,25.1,86,97,18.3,18.3,9.4,141,15.52,3.31,997.6,25.2,55.0,25.6239,85.108696
BR-PTN,2022-09-19,27.7,30.2,25.3,89,98,9.1,9.1,13.4,87,14.81,3.07,998.2,25.8,55.0,25.6239,85.108696
BR-PTN,2022-09-20,27.8,31.8,25.6,87,97,7.3,7.3,23.0,86,18.06,3.86,997.1,25.3,55.0,25.6239,85.108696
BR-PTN,2022-09-21,28.3,31.2,26.1,83,93,2.0,2.0,24.6,104,17.83,4.07,997.5,25.0,55.0,25.6239,85.108696
BR-PTN,2022-09-22,28.4,31.1,26.0,84,92,0.6,0.6,17.7,105,13.82,3.26,997.8,25.4,55.0,25.6239,85.108696
BR-PTN,2022-09-23,28.7,31.7,26.2,85,96,8.9,8.9,13.7,105,17.12,3.67,997.7,25.9,55.0,25.6239,85.108696
BR-PTN,2022-09-24,27.2,30.6,25.0,88,97,9.2,9.2,12.1,126,12.84,2.68,998.4,25.1,55.0,25.6239,85.108696
BR-PTN,2022-09-25,27.5,30.8,24.7,86,97,3.7,3.7,6.0,123,16.19,3.39,999.8,24.8,55.0,25.6239,85.108696
BR-PTN,2022-09-26,27.1,29.9,24.7,87,96,5.7,5.7,7.9,88,11.56,2.46,1000.8,24.6,55.0,25.6239,85.108696
BR-PTN,2022-09-27,27.5,30.4,24.7,87,98,0.5,0.5,6.5,307,15.1,3.2,999.2,25.1,55.0,25.6239,85.108696
BR-PTN,2022-09-28,28.1,30.9,25.4,85,98,0.6,0.6,11.6,307,14.46,3.12,998.4,25.4,55.0,25.6239,85.108696
BR-PTN,2022-09-29,27.1,31.2,25.1,89,97,5.8,5.8,8.7,237,15.99,3.33,998.7,25.0,55.0,25.6239,85.108696
BR-PTN,2022-09-30,27.2,29.9,25.2,89,99,8.8,8.8,12.4,22,14.09,2.89,999.0,25.1,55.0,25.6239,85.108696
BR-PTN,2022-10-01,27.7,31.6,25.3,88,98,1.7,1.7,17.7,285,17.07,3.63,997.8,25.4,55.0,25.6239,85.108696
BR-PTN,2022-10-02,28.6,32.9,25.4,82,97,0.9,0.9,15.8,295,19.17,4.22,997.4,24.8,55.0,25.6239,85.108696
BR-PTN,2022-10-03,27.8,32.9,24.4,86,96,14.6,14.6,20.6,88,17.52,3.76,998.6,25.1,55.0,25.6239,85.108696
BR-PTN,2022-10-04,25.5,28.5,24.7,93,96,47.7,47.7,21.6,94,5.09,1.31,1001.2,24.2,55.0,25.6239,85.108696
BR-PTN,2022-10-05,27.1,30.5,24.6,87,96,7.1,7.1,21.5,105,13.95,3.1,1002.0,24.7,55.0,25.6239,85.108696
BR-PTN,2022-10-06,27.2,30.2,25.1,87,95,7.0,7.0,19.9,105,13.49,2.98,1002.4,24.8,55.0,25.6239,85.108696
BR-PTN,2022-10-07,28.1,31.5,24.9,82,96,0.3,0.3,12.1,120,17.91,3.83,1003.0,24.5,55.0,25.6239,85.108696
BR-PTN,2022-10-08,28.1,31.3,25.6,86,97,6.3,6.3,9.8,230,15.07,3.17,1003.1,25.5,55.0,25.6239,85.108696
BR-PTN,2022-10-09,28.8,32.1,25.8,85,100,2.0,2.0,7.4,112,16.42,3.53,1003.8,25.8,55.0,25.6239,85.108696
BR-PTN,2022-10-10,27.0,31.5,24.7,90,98,11.0,11.0,10.0,82,14.24,2.95,1004.2,25.1,55.0,25.6239,85.108696
BR-PTN,2022-10-11,26.1,30.1,23.9,91,99,9.2,9.2,10.2,267,11.6,2.37,1003.1,24.5,55.0,25.6239,85.108696
BR-PTN,2022-10-12,25.6,28.9,23.6,88,98,4.6,4.6,11.0,249,11.74,2.44,1003.2,23.5,55.0,25.6239,85.108696
BR-PTN,2022-10-13,26.3,30.1,23.8,83,97,0.5,0.5,8.7,332,15.88,3.36,1003.9,23.1,55.0,25.6239,85.108696
BR-PTN,2022-10-14,26.2,30.4,22.8,80,96,0.0,0.0,12.1,298,17.87,3.83,1004.0,22.2,55.0,25.6239,85.108696
BR-PTN,2022-10-15,25.5,30.1,20.9,75,95,0.0,0.0,9.0,280,18.74,4.04,1004.0,20.5,55.0,25.6239,85.108696
BR-PTN,2022-10-16,25.9,30.4,21.8,69,88,0.0,0.0,9.0,323,18.05,4.12,1006.1,19.5,55.0,25.6239,85.108696
BR-PTN,2022-10-17,25.7,30.5,21.9,71,86,0.0,0.0,11.8,310,17.56,4.02,1006.2,19.8,55.0,25.6239,85.108696
BR-PTN,2022-10-18,25.4,29.9,21.2,74,89,0.0,0.0,13.0,267,17.15,3.82,1005.2,20.0,55.0,25.6239,85.108696
BR-PTN,2022-10-19,24.7,29.2,21.0,78,93,0.0,0.0,12.1,277,16.92,3.61,1005.2,20.4,55.0,25.6239,85.108696
BR-PTN,2022-10-20,25.1,29.8,20.8,75,93,0.0,0.0,9.4,294,16.66,3.62,1006.8,20.1,55.0,25.6239,85.108696
BR-PTN,2022-10-21,25.2,30.2,20.7,73,94,0.0,0.0,8.8,311,16.99,3.55,1008.1,19.4,55.0,25.6239,85.108696
BR-PTN,2022-10-22,24.8,30.5,20.3,72,95,0.0,0.0,10.2,300,17.53,3.76,1008.5,18.9,55.0,25.6239,85.108696
BR-PTN,2022-10-23,25.0,30.8,20.4,69,84,0.0,0.0,15.4,311,15.59,3.95,1005.9,18.5,55.0,25.6239,85.108696
BR-PTN,2022-10-24,24.9,30.7,19.9,77,89,0.3,0.3,10.1,10,16.51,3.55,1001.2,20.5,55.0,25.6239,85.108696
BR-PTN,2022-10-25,24.3,29.8,21.0,76,95,0.0,0.0,16.7,253,17.29,3.82,1001.6,19.5,55.0,25.6239,85.108696
BR-PTN,2022-10-26,23.7,29.6,19.5,71,86,0.0,0.0,9.3,258,17.01,3.74,1006.1,17.9,55.0,25.6239,85.108696
BR-PTN,2022-10-27,23.6,29.2,18.7,69,91,0.0,0.0,10.5,290,16.97,3.74,1006.5,17.0,55.0,25.6239,85.108696
BR-PTN,2022-10-28,23.3,29.2,18.3,68,89,0.0,0.0,11.4,276,16.79,3.67,1006.3,16.7,55.0,25.6239,85.108696
BR-PTN,2022-10-29,23.9,29.5,19.9,70,85,0.0,0.0,9.2,312,16.49,3.59,1006.5,17.6,55.0,25.6239,85.108696
BR-PTN,2022-10-30,23.6,29.6,18.5,72,92,0.0,0.0,9.1,298,16.45,3.61,1006.5,17.7,55.0,25.6239,85.108696
BR-PTN,2022-10-31,24.1,30.0,19.1,72,93,0.0,0.0,8.8,300,15.91,3.48,1006.5,18.2,55.0,25.6239,85.108696
BR-PTN,2022-11-01,24.4,29.7,20.0,68,87,0.0,0.0,10.2,293,15.7,3.58,1007.2,17.8,55.0,25.6239,85.108696
BR-PTN,2022-11-02,24.0,29.2,19.9,71,88,0.0,0.0,10.5,279,15.89,3.62,1005.6,18.2,55.0,25.6239,85.108696
BR-PTN,2022-11-03,23.9,29.9,19.4,70,85,0.0,0.0,11.2,242,15.12,3.49,1005.1,17.7,55.0,25.6239,85.108696
BR-PTN,2022-11-04,24.3,30.3,18.2,67,92,0.0,0.0,8.6,200,15.56,3.26,1006.6,17.3,55.0,25.6239,85.108696
BR-PTN,2022-11-05,25.1,29.9,18.6,64,92,0.0,0.0,9.2,124,15.45,3.26,1008.5,17.3,55.0,25.6239,85.108696
BR-PTN,2022-11-06,24.1,29.1,20.3,74,92,0.0,0.0,10.2,25,14.48,3.12,1008.5,18.9,55.0,25.6239,85.108696
BR-PTN,2022-11-07,24.0,29.1,19.6,72,94,0.0,0.0,10.8,305,14.24,3.16,1008.1,18.3,55.0,25.6239,85.108696
BR-PTN,2022-11-08,24.1,29.0,19.3,70,94,0.0,0.0,9.2,333,14.71,3.1,1008.3,17.8,55.0,25.6239,85.108696
BR-PTN,2022-11-09,24.0,28.9,19.9,70,92,0.0,0.0,10.0,343,14.25,3.12,1008.3,17.9,55.0,25.6239,85.108696
BR-PTN,2022-11-10,23.5,28.7,18.9,71,93,0.0,0.0,10.0,285,14.18,3.13,1008.4,17.5,55.0,25.6239,85.108696
BR-PTN,2022-11-11,23.5,28.5,19.6,72,93,0.0,0.0,14.4,273,14.23,3.38,1008.1,17.8,55.0,25.6239,85.108696
BR-PTN,2022-11-12,22.0,27.3,17.9,66,87,0.0,0.0,15.7,276,14.74,3.57,1007.9,14.9,55.0,25.6239,85.108696
BR-PTN,2022-11-13,20.3,26.4,16.2,64,80,0.0,0.0,13.2,269,14.7,3.43,1007.7,13.0,55.0,25.6239,85.108696
BR-PTN,2022-11-14,19.9,26.4,14.3,70,89,0.0,0.0,11.2,269,14.53,3.16,1008.3,13.8,55.0,25.6239,85.108696
BR-PTN,2022-11-15,20.4,26.8,15.4,73,93,0.0,0.0,11.4,275,14.17,3.08,1007.3,14.8,55.0,25.6239,85.108696
BR-PTN,2022-11-16,21.5,27.3,16.2,70,90,0.0,0.0,12.3,274,13.99,3.24,1005.8,15.4,55.0,25.6239,85.108696
BR-PTN,2022-11-17,21.5,27.4,16.7,67,89,0.0,0.0,13.0,284,13.79,3.32,1006.0,14.7,55.0,25.6239,85.108696
BR-PTN,2022-11-18,19.6,25.4,14.9,63,85,0.0,0.0,12.6,300,14.2,3.31,1008.5,11.9,55.0,25.6239,85.108696
BR-PTN,2022-11-19,19.6,25.6,14.8,63,82,0.0,0.0,10.2,293,14.09,3.24,1008.1,11.9,55.0,25.6239,85.108696
BR-PTN,2022-11-20,19.3,25.9,14.5,68,90,0.0,0.0,9.7,276,13.92,3.05,1006.6,12.8,55.0,25.6239,85.108696
BR-PTN,2022-11-21,19.4,26.0,14.4,69,85,0.0,0.0,11.5,260,13.83,3.08,1005.5,13.1,55.0,25.6239,85.108696
BR-PTN,2022-11-22,19.6,25.9,15.2,72,89,0.0,0.0,11.9,268,13.62,2.95,1005.9,14.1,55.0,25.6239,85.108696
BR-PTN,2022-11-23,19.6,25.9,14.6,66,89,0.0,0.0,12.0,265,13.63,3.13,1006.3,12.6,55.0,25.6239,85.108696
BR-PTN,2022-11-24,18.7,25.2,14.1,68,88,0.0,0.0,12.0,280,13.65,3.04,1007.0,12.1,55.0,25.6239,85.108696
BR-PTN,2022-11-25,19.4,25.9,14.0,66,88,0.0,0.0,12.4,279,13.43,3.12,1007.6,12.5,55.0,25.6239,85.108696
BR-PTN,2022-11-26,19.3,25.6,14.9,69,84,0.0,0.0,11.6,272,13.21,2.95,1005.6,13.2,55.0,25.6239,85.108696
BR-PTN,2022-11-27,19.4,26.0,14.1,71,91,0.0,0.0,10.2,273,13.21,2.85,1003.9,13.5,55.0,25.6239,85.108696
BR-PTN,2022-11-28,19.6,26.1,14.4,70,88,0.0,0.0,11.1,286,13.02,2.74,1005.4,13.8,55.0,25.6239,85.108696
BR-PTN,2022-11-29,19.9,26.6,14.7,71,88,0.0,0.0,10.7,297,12.83,2.8,1007.0,14.2,55.0,25.6239,85.108696
BR-PTN,2022-11-30,20.2,26.9,14.8,72,92,0.0,0.0,9.7,294,12.79,2.84,1008.0,14.6,55.0,25.6239,85.108696
BR-PTN,2022-12-01,19.1,25.3,14.6,75,92,0.0,0.0,11.4,286,12.89,2.72,1007.7,14.1,55.0,25.6239,85.108696
BR-PTN,2022-12-02,18.2,24.9,13.6,74,91,0.0,0.0,11.6,308,12.84,2.74,1007.2,13.0,55.0,25.6239,85.108696
BR-PTN,2022-12-03,18.2,24.2,13.0,70,92,0.0,0.0,11.7,285,12.83,2.78,1007.3,12.3,55.0,25.6239,85.108696
BR-PTN,2022-12-04,18.1,24.7,13.2,75,92,0.0,0.0,11.5,276,12.72,2.65,1007.8,13.3,55.0,25.6239,85.108696
BR-PTN,2022-12-05,18.5,25.0,13.6,74,94,0.0,0.0,12.8,279,12.62,2.76,1008.9,13.4,55.0,25.6239,85.108696
BR-PTN,2022-12-06,18.3,23.8,14.0,72,92,0.0,0.0,16.5,276,12.63,2.81,1007.7,12.8,55.0,25.6239,85.108696
BR-PTN,2022-12-07,17.2,23.4,12.4,73,91,0.0,0.0,15.7,274,12.67,2.69,1007.2,12.0,55.0,25.6239,85.108696
BR-PTN,2022-12-08,17.0,23.5,11.7,74,93,0.0,0.0,11.5,271,12.55,2.53,1007.8,12.0,55.0,25.6239,85.108696
BR-PTN,2022-12-09,17.4,23.7,12.2,74,95,0.0,0.0,11.4,274,12.5,2.5,1007.0,12.4,55.0,25.6239,85.108696
BR-PTN,2022-12-10,17.5,24.7,12.0,76,94,0.0,0.0,10.5,261,12.37,2.49,1007.1,12.9,55.0,25.6239,85.108696
BR-PTN,2022-12-11,18.0,25.1,13.1,79,92,0.0,0.0,11.5,266,12.25,2.48,1007.1,13.9,55.0,25.6239,85.108696
BR-PTN,2022-12-12,18.6,25.2,13.4,80,94,0.0,0.0,11.3,266,12.15,2.39,1006.0,14.7,55.0,25.6239,85.108696
BR-PTN,2022-12-13,19.0,25.5,13.7,74,96,0.0,0.0,13.6,275,12.16,2.65,1006.5,14.0,55.0,25.6239,85.108696
BR-PTN,2022-12-14,17.4,23.5,12.5,70,88,0.0,0.0,12.3,274,12.41,2.61,1007.4,11.7,55.0,25.6239,85.108696
BR-PTN,2022-12-15,16.8,22.6,12.3,65,88,0.0,0.0,17.3,273,12.5,2.89,1006.7,9.8,55.0,25.6239,85.108696
BR-PTN,2022-12-16,15.5,21.7,10.6,69,87,0.0,0.0,13.7,272,12.3,2.57,1006.6,9.4,55.0,25.6239,85.108696
BR-PTN,2022-12-17,16.0,22.4,11.2,77,91,0.0,0.0,11.0,278,12.05,2.31,1007.9,11.8,55.0,25.6239,85.108696
BR-PTN,2022-12-18,16.9,23.7,11.3,78,95,0.0,0.0,11.2,282,11.95,2.3,1007.8,12.8,55.0,25.6239,85.108696
BR-PTN,2022-12-19,17.3,23.7,13.0,77,93,0.0,0.0,9.6,274,11.85,2.34,1006.5,13.0,55.0,25.6239,85.108696
BR-PTN,2022-12-20,16.7,23.2,12.1,78,92,0.0,0.0,11.6,272,12.02,2.34,1006.1,12.6,55.0,25.6239,85.108696
BR-PTN,2022-12-21,16.8,23.3,11.8,80,97,0.0,0.0,11.9,272,11.97,2.3,1007.0,13.1,55.0,25.6239,85.108696
BR-PTN,2022-12-22,16.7,22.8,12.0,73,93,0.0,0.0,12.6,261,12.11,2.51,1006.4,11.4,55.0,25.6239,85.108696
BR-PTN,2022-12-23,17.4,24.0,11.5,70,89,0.0,0.0,9.5,277,12.08,2.42,1006.6,11.6,55.0,25.6239,85.108696
BR-PTN,2022-12-24,17.7,23.4,12.6,81,96,1.3,1.3,13.5,44,10.89,2.21,1006.7,14.1,55.0,25.6239,85.108696
BR-PTN,2022-12-25,19.0,24.8,15.3,81,95,0.0,0.0,9.4,274,9.23,1.94,1007.5,15.4,55.0,25.6239,85.108696
BR-PTN,2022-12-26,18.5,24.4,14.2,73,92,0.0,0.0,9.4,341,11.28,2.33,1009.4,13.1,55.0,25.6239,85.108696
BR-PTN,2022-12-27,16.6,21.5,13.6,71,92,0.0,0.0,17.7,275,12.36,2.65,1008.7,10.9,55.0,25.6239,85.108696
BR-PTN,2022-12-28,14.7,19.8,10.6,74,91,0.0,0.0,11.8,272,12.43,2.34,1010.2,9.8,55.0,25.6239,85.108696
BR-PTN,2022-12-29,14.8,19.9,9.2,79,97,0.0,0.0,10.1,297,11.78,2.08,1011.8,10.9,55.0,25.6239,85.108696
BR-PTN,2022-12-30,15.2,20.5,11.5,81,99,0.0,0.0,9.8,317,11.69,2.05,1012.4,11.8,55.0,25.6239,85.108696
BR-PTN,2022-12-31,15.6,21.1,10.4,82,97,0.0,0.0,9.5,289,11.63,2.03,1011.2,12.3,55.0,25.6239,85.108696
BR-PTN,2023-01-01,15.5,21.5,10.7,85,99,0.0,0.0,10.8,301,11.71,2.03,1012.9,12.8,55.0,25.6239,85.108696
BR-PTN,2023-01-02,14.8,21.0,11.1,86,99,0.0,0.0,11.0,311,11.96,2.03,1013.8,12.2,55.0,25.6239,85.108696
BR-PTN,2023-01-03,14.0,19.9,10.1,85,99,0.0,0.0,9.4,313,12.26,2.03,1013.9,11.2,55.0,25.6239,85.108696
BR-PTN,2023-01-04,12.9,18.5,9.0,84,98,0.0,0.0,12.4,286,12.43,2.01,1014.1,10.0,55.0,25.6239,85.108696
BR-PTN,2023-01-05,12.4,18.4,9.0,85,98,0.0,0.0,10.6,287,12.72,1.95,1015.4,9.8,55.0,25.6239,85.108696
BR-PTN,2023-01-06,12.5,18.4,8.8,85,96,0.0,0.0,16.2,268,12.83,1.97,1015.1,9.9,55.0,25.6239,85.108696
BR-PTN,2023-01-07,11.7,17.2,8.5,86,97,0.0,0.0,13.8,274,11.54,1.76,1013.4,9.3,55.0,25.6239,85.108696
BR-PTN,2023-01-08,11.9,18.4,7.8,84,95,0.0,0.0,11.9,269,12.95,1.96,1012.2,9.2,55.0,25.6239,85.108696
BR-PTN,2023-01-09,11.7,18.2,7.9,89,99,0.0,0.0,10.2,274,11.05,1.64,1012.8,9.9,55.0,25.6239,85.108696
BR-PTN,2023-01-10,11.9,17.7,8.0,91,99,0.0,0.0,12.0,272,9.79,1.46,1011.2,10.3,55.0,25.6239,85.108696
BR-PTN,2023-01-11,12.5,18.9,8.2,91,99,0.0,0.0,13.7,283,11.22,1.7,1009.2,10.9,55.0,25.6239,85.108696
BR-PTN,2023-01-12,12.6,18.6,8.7,92,99,0.0,0.0,9.7,299,10.91,1.67,1007.0,11.1,55.0,25.6239,85.108696
BR-PTN,2023-01-13,14.7,21.1,9.3,86,100,0.0,0.0,9.0,318,11.89,1.95,1007.0,12.1,55.0,25.6239,85.108696
BR-PTN,2023-01-14,16.3,23.5,10.2,83,99,0.0,0.0,14.1,272,13.08,2.44,1006.6,13.1,55.0,25.6239,85.108696
BR-PTN,2023-01-15,15.6,20.2,11.2,77,95,0.0,0.0,22.0,271,13.44,2.54,1007.3,11.2,55.0,25.6239,85.108696
BR-PTN,2023-01-16,12.6,18.1,8.4,74,94,0.0,0.0,14.1,278,13.78,2.38,1009.3,7.8,55.0,25.6239,85.108696
BR-PTN,2023-01-17,12.0,17.8,7.5,79,94,0.0,0.0,11.2,280,13.88,2.27,1009.9,8.1,55.0,25.6239,85.108696
BR-PTN,2023-01-18,12.4,18.3,7.6,82,99,0.0,0.0,10.9,290,13.76,2.23,1011.8,9.2,55.0,25.6239,85.108696
BR-PTN,2023-01-19,13.1,18.5,8.8,82,99,0.0,0.0,12.1,294,13.39,2.2,1012.3,9.9,55.0,25.6239,85.108696
BR-PTN,2023-01-20,14.6,19.9,9.2,79,98,0.0,0.0,8.9,323,13.2,2.15,1010.7,10.8,55.0,25.6239,85.108696
BR-PTN,2023-01-21,16.2,22.2,11.6,82,94,0.0,0.0,9.8,300,10.68,1.99,1009.0,13.0,55.0,25.6239,85.108696
BR-PTN,2023-01-22,16.7,22.0,11.9,84,96,0.0,0.0,11.0,294,8.87,1.75,1008.5,13.8,55.0,25.6239,85.108696
BR-PTN,2023-01-23,18.0,24.8,12.9,80,96,0.0,0.0,12.4,286,13.61,2.66,1007.7,14.0,55.0,25.6239,85.108696
BR-PTN,2023-01-24,18.5,25.1,13.4,83,96,0.0,0.0,9.8,78,13.85,2.55,1008.2,15.4,55.0,25.6239,85.108696
BR-PTN,2023-01-25,18.6,25.2,13.9,85,96,0.0,0.0,10.1,55,12.59,2.33,1007.7,15.8,55.0,25.6239,85.108696
BR-PTN,2023-01-26,19.8,24.8,15.6,79,95,0.1,0.1,17.3,280,13.04,2.75,1007.7,15.9,55.0,25.6239,85.108696
BR-PTN,2023-01-27,19.9,24.8,16.7,80,95,0.0,0.0,18.4,270,13.49,2.88,1007.9,16.2,55.0,25.6239,85.108696
BR-PTN,2023-01-28,16.9,22.4,13.6,81,95,0.0,0.0,13.4,279,14.93,2.64,1008.1,13.5,55.0,25.6239,85.108696
BR-PTN,2023-01-29,16.0,22.8,12.2,85,100,0.0,0.0,11.3,315,14.12,2.5,1008.4,13.3,55.0,25.6239,85.108696
BR-PTN,2023-01-30,17.4,24.7,11.7,80,100,0.0,0.0,10.0,301,14.26,2.64,1009.2,13.4,55.0,25.6239,85.108696
BR-PTN,2023-01-31,19.2,25.2,13.8,75,94,0.0,0.0,18.7,272,14.78,3.31,1007.5,14.2,55.0,25.6239,85.108696
BR-PTN,2023-02-01,17.6,23.4,14.3,69,95,0.0,0.0,21.5,270,15.78,3.47,1008.0,11.2,55.0,25.6239,85.108696
BR-PTN,2023-02-02,16.0,21.7,12.2,78,95,0.0,0.0,11.9,266,14.83,2.71,1008.9,11.9,55.0,25.6239,85.108696
BR-PTN,2023-02-03,17.2,23.3,12.1,78,97,0.0,0.0,16.3,271,15.47,3.02,1008.1,12.9,55.0,25.6239,85.108696
BR-PTN,2023-02-04,17.7,23.6,13.0,73,92,0.0,0.0,17.3,275,15.72,3.23,1006.0,12.5,55.0,25.6239,85.108696
BR-PTN,2023-02-05,18.0,25.0,13.3,72,91,0.0,0.0,16.4,273,15.86,3.3,1005.5,12.4,55.0,25.6239,85.108696
BR-PTN,2023-02-06,18.0,24.9,12.1,71,95,0.0,0.0,15.8,273,16.02,3.38,1005.4,11.9,55.0,25.6239,85.108696
BR-PTN,2023-02-07,18.7,25.9,12.3,74,92,0.0,0.0,9.5,275,15.61,3.1,1003.6,13.8,55.0,25.6239,85.108696
BR-PTN,2023-02-08,19.4,25.6,15.0,67,93,0.0,0.0,17.6,268,16.05,3.76,1005.4,12.5,55.0,25.6239,85.108696
BR-PTN,2023-02-09,17.5,24.2,12.2,65,83,0.0,0.0,12.4,279,16.51,3.49,1006.7,10.3,55.0,25.6239,85.108696
BR-PTN,2023-02-10,18.8,26.1,13.3,70,92,0.0,0.0,10.9,286,16.51,3.41,1006.5,12.6,55.0,25.6239,85.108696
BR-PTN,2023-02-11,20.7,27.7,13.4,69,91,0.0,0.0,9.9,202,16.49,3.44,1005.2,14.3,55.0,25.6239,85.108696
BR-PTN,2023-02-12,21.2,27.0,17.3,54,89,0.0,0.0,30.3,272,17.23,5.4,1006.2,9.5,55.0,25.6239,85.108696
BR-PTN,2023-02-13,17.7,22.7,13.8,43,68,0.0,0.0,25.7,273,17.69,4.86,1006.9,4.6,55.0,25.6239,85.108696
BR-PTN,2023-02-14,16.6,23.0,10.1,62,89,0.0,0.0,10.8,276,17.26,3.54,1008.0,8.7,55.0,25.6239,85.108696
BR-PTN,2023-02-15,17.7,23.8,11.3,65,92,0.0,0.0,9.4,293,17.24,3.36,1006.1,10.4,55.0,25.6239,85.108696
BR-PTN,2023-02-16,19.3,25.7,13.4,66,87,0.0,0.0,11.2,23,17.28,3.43,1007.3,12.2,55.0,25.6239,85.108696
BR-PTN,2023-02-17,21.0,27.6,15.7,66,88,0.0,0.0,11.8,25,17.15,3.57,1008.3,13.7,55.0,25.6239,85.108696
BR-PTN,2023-02-18,21.8,28.6,15.7,65,89,0.0,0.0,10.2,350,17.3,3.7,1007.9,14.3,55.0,25.6239,85.108696
BR-PTN,2023-02-19,22.7,29.1,18.0,66,86,0.0,0.0,11.5,322,17.35,3.89,1007.1,15.5,55.0,25.6239,85.108696
BR-PTN,2023-02-20,22.4,29.2,16.4,67,94,0.0,0.0,13.7,283,16.84,3.93,1005.9,15.4,55.0,25.6239,85.108696
BR-PTN,2023-02-21,23.4,30.4,17.1,66,91,0.0,0.0,9.8,296,17.51,3.92,1005.4,16.1,55.0,25.6239,85.108696
BR-PTN,2023-02-22,24.2,31.7,17.2,60,92,0.0,0.0,19.8,250,17.94,4.9,1003.7,14.7,55.0,25.6239,85.108696
BR-PTN,2023-02-23,23.6,31.3,17.2,47,73,0.0,0.0,23.0,269,18.5,5.63,1004.4,10.7,55.0,25.6239,85.108696
BR-PTN,2023-02-24,22.2,30.0,15.3,51,83,0.0,0.0,15.5,282,18.49,4.83,1007.1,10.4,55.0,25.6239,85.108696
BR-PTN,2023-02-25,21.7,29.0,13.9,54,85,0.0,0.0,11.2,287,18.73,4.35,1010.0,11.2,55.0,25.6239,85.108696
BR-PTN,2023-02-26,22.2,28.8,15.3,59,94,0.0,0.0,11.5,304,18.71,4.31,1011.1,12.6,55.0,25.6239,85.108696
BR-PTN,2023-02-27,22.7,29.8,15.4,56,89,0.0,0.0,13.4,279,18.71,4.55,1010.4,12.4,55.0,25.6239,85.108696
BR-PTN,2023-02-28,23.2,30.9,16.9,59,89,0.0,0.0,16.8,277,18.73,4.82,1010.2,13.7,55.0,25.6239,85.108696
BR-PTN,2023-03-01,23.7,31.7,16.0,56,88,0.0,0.0,12.9,288,19.08,4.65,1010.5,13.2,55.0,25.6239,85.108696
BR-PTN,2023-03-02,24.4,32.2,17.1,49,84,0.0,0.0,20.4,265,19.18,5.65,1010.0,11.8,55.0,25.6239,85.108696
BR-PTN,2023-03-03,24.9,32.4,18.9,48,70,0.0,0.0,21.4,279,19.23,5.61,1009.9,12.4,55.0,25.6239,85.108696
BR-PTN,2023-03-04,25.0,32.3,18.3,47,69,0.0,0.0,19.7,280,19.36,5.64,1010.0,12.2,55.0,25.6239,85.108696
BR-PTN,2023-03-05,25.5,32.4,19.7,49,70,0.0,0.0,23.0,274,19.49,6.11,1009.1,13.3,55.0,25.6239,85.108696
BR-PTN,2023-03-06,25.9,32.1,20.5,42,64,0.0,0.0,24.2,272,20.07,6.75,1007.7,10.9,55.0,25.6239,85.108696
BR-PTN,2023-03-07,24.9,31.5,17.7,45,74,0.0,0.0,18.5,286,19.78,5.63,1008.4,11.2,55.0,25.6239,85.108696
BR-PTN,2023-03-08,22.2,25.8,18.4,63,85,6.6,6.6,23.4,326,11.66,3.01,1010.3,14.6,55.0,25.6239,85.108696
BR-PTN,2023-03-09,24.3,31.1,17.5,60,95,0.0,0.0,12.9,274,19.6,4.76,1008.9,14.8,55.0,25.6239,85.108696
BR-PTN,2023-03-10,24.4,31.8,18.4,54,81,0.0,0.0,12.4,290,19.32,4.92,1008.0,13.7,55.0,25.6239,85.108696
BR-PTN,2023-03-11,24.2,30.9,18.0,54,84,0.2,0.2,14.5,297,17.57,4.61,1008.2,13.2,55.0,25.6239,85.108696
BR-PTN,2023-03-12,24.7,31.6,17.7,53,86,0.0,0.0,10.9,271,20.51,4.83,1007.6,13.5,55.0,25.6239,85.108696
BR-PTN,2023-03-13,25.6,32.1,19.5,54,87,0.0,0.0,10.3,289,20.28,4.88,1006.0,14.7,55.0,25.6239,85.108696
BR-PTN,2023-03-14,25.1,31.9,19.6,56,83,0.0,0.0,14.3,294,18.22,4.85,1003.2,14.6,55.0,25.6239,85.108696
BR-PTN,2023-03-15,25.7,33.1,18.2,51,84,0.0,0.0,15.6,270,20.14,5.38,1002.5,13.6,55.0,25.6239,85.108696
BR-PTN,2023-03-16,25.6,32.8,19.8,58,84,0.0,0.0,12.8,92,18.12,4.44,1004.2,15.9,55.0,25.6239,85.108696
BR-PTN,2023-03-17,23.6,29.2,20.6,70,86,0.5,0.5,18.9,88,16.22,3.81,1005.9,17.5,55.0,25.6239,85.108696
BR-PTN,2023-03-18,23.5,29.3,19.3,76,96,1.1,1.1,11.5,107,16.72,3.67,1004.1,18.6,55.0,25.6239,85.108696
BR-PTN,2023-03-19,22.3,27.7,19.0,78,96,7.4,7.4,19.2,82,13.88,3.17,1002.7,18.1,55.0,25.6239,85.108696
BR-PTN,2023-03-20,20.4,24.2,17.7,85,98,1.1,1.1,11.8,87,9.3,1.98,1001.8,17.7,55.0,25.6239,85.108696
BR-PTN,2023-03-21,21.9,26.5,16.9,77,100,0.1,0.1,12.7,112,15.76,3.2,1002.6,17.2,55.0,25.6239,85.108696
BR-PTN,2023-03-22,22.8,28.7,17.8,68,96,0.0,0.0,19.2,282,20.8,4.75,1001.9,15.9,55.0,25.6239,85.108696
BR-PTN,2023-03-23,24.0,30.2,18.4,57,79,0.0,0.0,22.2,270,21.46,5.59,1001.7,14.3,55.0,25.6239,85.108696
BR-PTN,2023-03-24,24.9,32.0,18.4,53,77,0.0,0.0,14.4,284,21.61,5.46,1002.6,13.9,55.0,25.6239,85.108696
BR-PTN,2023-03-25,25.7,32.7,19.7,59,80,0.0,0.0,17.0,49,19.88,4.94,1003.6,16.5,55.0,25.6239,85.108696
BR-PTN,2023-03-26,27.4,33.6,20.8,50,89,0.1,0.1,22.4,276,18.96,5.75,1002.0,14.9,55.0,25.6239,85.108696
BR-PTN,2023-03-27,27.1,33.7,20.8,41,74,0.0,0.0,24.0,276,22.55,7.3,1001.5,10.9,55.0,25.6239,85.108696
BR-PTN,2023-03-28,27.2,34.0,21.1,35,53,0.0,0.0,21.4,285,22.44,7.21,1002.3,9.5,55.0,25.6239,85.108696
BR-PTN,2023-03-29,27.0,34.6,19.1,36,64,0.0,0.0,18.8,284,22.73,6.57,1003.1,9.3,55.0,25.6239,85.108696
BR-PTN,2023-03-30,27.8,35.8,20.8,37,63,0.0,0.0,20.2,304,22.1,6.45,1000.9,10.7,55.0,25.6239,85.108696
BR-PTN,2023-03-31,25.8,30.9,22.5,58,88,1.6,1.6,17.3,51,11.8,3.71,1002.0,16.6,55.0,25.6239,85.108696
BR-PTN,2023-04-01,23.6,29.4,20.4,74,96,7.9,7.9,25.7,0,17.9,3.74,1002.1,18.4,55.0,25.6239,85.108696
BR-PTN,2023-04-02,25.2,30.5,19.2,59,93,0.0,0.0,22.0,280,21.01,5.57,1000.5,15.7,55.0,25.6239,85.108696
BR-PTN,2023-04-03,26.7,32.9,19.8,44,65,0.0,0.0,24.9,274,21.36,7.01,999.9,12.3,55.0,25.6239,85.108696
BR-PTN,2023-04-04,28.5,35.7,20.9,40,68,0.0,0.0,21.7,286,21.33,7.18,999.9,12.4,55.0,25.6239,85.108696
BR-PTN,2023-04-05,27.9,34.7,21.3,36,67,0.0,0.0,26.2,282,23.47,8.02,1001.0,10.1,55.0,25.6239,85.108696
BR-PTN,2023-04-06,28.2,35.6,20.6,29,48,0.0,0.0,25.2,276,23.58,8.12,1003.0,7.4,55.0,25.6239,85.108696
BR-PTN,2023-04-07,29.1,36.6,21.8,28,48,0.0,0.0,26.6,289,23.66,8.43,1004.9,7.2,55.0,25.6239,85.108696
BR-PTN,2023-04-08,29.5,36.5,22.2,27,47,0.0,0.0,22.3,284,21.78,7.6,1006.4,7.2,55.0,25.6239,85.108696
BR-PTN,2023-04-09,30.5,37.4,23.1,28,45,0.0,0.0,21.4,289,22.83,8.36,1005.6,9.2,55.0,25.6239,85.108696
BR-PTN,2023-04-10,30.2,37.3,22.4,26,50,0.0,0.0,26.7,285,23.64,8.71,1003.7,6.9,55.0,25.6239,85.108696
BR-PTN,2023-04-11,30.3,38.1,21.9,21,36,0.0,0.0,23.7,273,24.09,8.91,1003.1,4.4,55.0,25.6239,85.108696
BR-PTN,2023-04-12,31.2,38.8,22.5,23,37,0.0,0.0,26.1,281,23.95,9.38,1002.1,6.4,55.0,25.6239,85.108696
BR-PTN,2023-04-13,32.6,40.5,25.3,25,39,0.0,0.0,31.8,281,23.77,9.54,1000.7,8.8,55.0,25.6239,85.108696
BR-PTN,2023-04-14,32.4,40.7,24.8,26,43,0.0,0.0,22.3,296,23.56,8.05,1000.6,9.5,55.0,25.6239,85.108696
BR-PTN,2023-04-15,32.6,40.6,23.1,28,65,0.0,0.0,22.6,311,23.74,7.43,1000.9,10.2,55.0,25.6239,85.108696
BR-PTN,2023-04-16,33.5,41.3,25.9,25,42,0.0,0.0,23.2,275,20.97,8.54,999.0,9.7,55.0,25.6239,85.108696
BR-PTN,2023-04-17,33.9,41.8,24.9,23,44,0.0,0.0,24.1,285,24.12,9.17,998.8,8.6,55.0,25.6239,85.108696
BR-PTN,2023-04-18,34.3,42.7,25.4,22,39,0.0,0.0,24.8,277,23.67,9.07,999.5,8.1,55.0,25.6239,85.108696
BR-PTN,2023-04-19,35.5,42.3,28.2,19,32,0.0,0.0,27.1,280,23.9,10.83,996.2,7.3,55.0,25.6239,85.108696
BR-PTN,2023-04-20,35.1,41.9,28.1,20,29,0.0,0.0,32.3,269,22.87,11.19,994.0,7.8,55.0,25.6239,85.108696
BR-PTN,2023-04-21,32.7,37.9,27.2,27,39,0.0,0.0,31.8,283,18.36,8.7,995.7,10.8,55.0,25.6239,85.108696
BR-PTN,2023-04-22,30.5,36.4,24.3,35,61,0.0,0.0,24.8,251,20.16,7.02,997.3,12.4,55.0,25.6239,85.108696
BR-PTN,2023-04-23,29.4,34.6,25.5,40,55,0.0,0.0,18.4,149,19.17,5.81,999.5,13.8,55.0,25.6239,85.108696
BR-PTN,2023-04-24,27.3,33.3,22.2,57,79,0.0,0.0,23.2,72,22.41,6.16,1004.1,17.2,55.0,25.6239,85.108696
BR-PTN,2023-04-25,28.2,33.1,23.4,55,83,0.0,0.0,10.3,47,22.49,5.14,1003.9,17.5,55.0,25.6239,85.108696
BR-PTN,2023-04-26,29.8,35.5,23.7,45,74,0.0,0.0,18.1,286,21.93,6.37,1001.3,15.0,55.0,25.6239,85.108696
BR-PTN,2023-04-27,28.9,34.8,24.5,46,68,0.1,0.1,17.4,272,14.98,4.89,1001.6,15.7,55.0,25.6239,85.108696
BR-PTN,2023-04-28,30.1,36.2,23.5,44,74,0.0,0.0,16.1,272,21.06,6.25,1001.1,15.1,55.0,25.6239,85.108696
BR-PTN,2023-04-29,29.7,36.4,24.3,41,57,0.0,0.0,21.6,276,16.42,5.91,1000.8,14.6,55.0,25.6239,85.108696
BR-PTN,2023-04-30,26.9,33.3,23.1,64,90,2.2,2.2,16.5,287,14.9,4.06,1000.9,18.9,55.0,25.6239,85.108696
BR-PTN,2023-05-01,25.2,29.7,22.4,76,96,2.8,2.8,16.0,123,12.54,2.99,1002.2,20.4,55.0,25.6239,85.108696
BR-PTN,2023-05-02,25.6,30.2,22.3,75,96,1.1,1.1,13.0,26,17.18,3.94,1002.4,20.5,55.0,25.6239,85.108696
BR-PTN,2023-05-03,26.9,31.2,22.5,72,92,1.7,1.7,8.6,325,17.16,3.85,1002.8,21.1,55.0,25.6239,85.108696
BR-PTN,2023-05-04,26.5,30.9,23.0,72,95,0.2,0.2,16.9,353,17.29,4.08,1002.0,20.7,55.0,25.6239,85.108696
BR-PTN,2023-05-05,28.1,33.5,22.8,58,93,0.0,0.0,17.2,289,23.47,6.17,999.8,18.1,55.0,25.6239,85.108696
BR-PTN,2023-05-06,29.2,35.5,23.3,46,62,0.0,0.0,20.1,282,24.46,7.21,998.0,15.7,55.0,25.6239,85.108696
BR-PTN,2023-05-07,31.0,37.8,24.7,36,53,0.0,0.0,25.1,283,24.11,8.45,997.5,13.5,55.0,25.6239,85.108696
BR-PTN,2023-05-08,31.1,38.7,23.0,32,51,0.0,0.0,23.7,290,24.33,8.43,997.6,11.3,55.0,25.6239,85.108696
BR-PTN,2023-05-09,31.9,40.0,24.0,35,65,0.0,0.0,21.8,291,24.31,8.11,997.6,13.0,55.0,25.6239,85.108696
BR-PTN,2023-05-10,32.1,38.5,26.4,26,44,0.0,0.0,24.7,295,25.34,9.3,998.0,9.2,55.0,25.6239,85.108696
BR-PTN,2023-05-11,30.6,38.4,22.7,33,60,0.0,0.0,15.8,311,25.16,7.2,999.6,10.8,55.0,25.6239,85.108696
BR-PTN,2023-05-12,31.5,37.4,25.3,41,64,0.0,0.0,11.2,57,23.97,6.18,999.3,15.9,55.0,25.6239,85.108696
BR-PTN,2023-05-13,32.3,37.6,26.9,49,75,0.0,0.0,16.3,74,21.72,6.4,998.6,19.2,55.0,25.6239,85.108696
BR-PTN,2023-05-14,33.2,39.2,27.1,41,63,0.0,0.0,21.1,27,22.9,6.83,994.8,17.1,55.0,25.6239,85.108696
BR-PTN,2023-05-15,31.8,37.3,26.0,48,76,0.5,0.5,20.6,72,22.56,6.74,994.9,18.8,55.0,25.6239,85.108696
BR-PTN,2023-05-16,32.4,40.5,25.9,47,71,0.0,0.0,22.6,54,23.22,7.85,996.1,18.0,55.0,25.6239,85.108696
BR-PTN,2023-05-17,31.0,38.4,25.6,58,80,0.0,0.0,27.8,71,23.26,6.84,998.8,21.0,55.0,25.6239,85.108696
BR-PTN,2023-05-18,30.4,35.3,25.7,64,84,0.0,0.0,17.7,82,21.97,5.92,1000.0,22.6,55.0,25.6239,85.108696
BR-PTN,2023-05-19,31.5,38.6,25.3,57,88,0.0,0.0,19.6,37,23.82,6.64,998.0,20.8,55.0,25.6239,85.108696
BR-PTN,2023-05-20,32.6,40.3,25.0,50,93,0.0,0.0,24.0,332,24.06,7.64,997.0,18.2,55.0,25.6239,85.108696
BR-PTN,2023-05-21,32.0,40.1,25.8,56,85,0.0,0.0,18.4,58,23.61,7.02,997.8,20.7,55.0,25.6239,85.108696
BR-PTN,2023-05-22,31.9,38.4,26.7,59,78,0.0,0.0,21.7,83,22.27,6.76,999.1,22.4,55.0,25.6239,85.108696
BR-PTN,2023-05-23,28.7,31.4,26.4,71,81,3.9,3.9,34.6,75,14.9,4.14,1000.2,22.8,55.0,25.6239,85.108696
BR-PTN,2023-05-24,29.4,33.7,25.3,69,86,6.8,6.8,18.4,74,18.43,4.61,998.7,22.9,55.0,25.6239,85.108696
BR-PTN,2023-05-25,30.5,37.0,26.8,64,80,0.3,0.3,18.7,33,20.91,5.61,997.9,22.3,55.0,25.6239,85.108696
BR-PTN,2023-05-26,28.2,33.6,24.1,72,92,17.3,17.3,16.5,267,19.37,4.49,999.6,22.0,55.0,25.6239,85.108696
BR-PTN,2023-05-27,28.7,34.4,23.7,68,94,0.1,0.1,8.3,255,23.9,5.33,999.1,21.3,55.0,25.6239,85.108696
BR-PTN,2023-05-28,30.0,35.2,23.9,60,88,0.0,0.0,16.7,66,23.68,5.96,1000.1,20.6,55.0,25.6239,85.108696
BR-PTN,2023-05-29,31.3,36.1,27.1,59,77,0.5,0.5,12.2,76,22.78,5.97,1000.8,22.0,55.0,25.6239,85.108696
BR-PTN,2023-05-30,33.0,38.0,27.9,52,74,0.0,0.0,12.4,24,23.12,6.44,999.5,21.4,55.0,25.6239,85.108696
BR-PTN,2023-05-31,34.1,39.5,28.4,43,70,0.0,0.0,22.5,297,24.08,8.23,997.9,19.0,55.0,25.6239,85.108696
BR-PTN,2023-06-01,33.1,38.8,27.6,36,53,0.0,0.0,25.3,289,25.26,9.35,996.6,15.4,55.0,25.6239,85.108696
BR-PTN,2023-06-02,33.4,39.8,26.7,35,51,0.0,0.0,25.6,287,24.39,9.16,996.1,15.4,55.0,25.6239,85.108696
BR-PTN,2023-06-03,33.9,40.4,27.7,33,54,0.0,0.0,21.7,292,25.4,9.07,997.0,14.5,55.0,25.6239,85.108696
BR-PTN,2023-06-04,33.7,40.6,26.1,35,57,0.0,0.0,21.7,304,25.05,8.08,996.5,15.0,55.0,25.6239,85.108696
BR-PTN,2023-06-05,33.5,39.7,26.4,37,58,0.0,0.0,17.7,305,22.95,7.18,995.7,16.3,55.0,25.6239,85.108696
BR-PTN,2023-06-06,34.6,40.4,27.8,39,61,0.0,0.0,17.1,312,22.8,7.28,994.7,18.0,55.0,25.6239,85.108696
BR-PTN,2023-06-07,34.8,40.5,28.4,35,61,0.0,0.0,17.6,287,24.33,8.3,994.2,15.9,55.0,25.6239,85.108696
BR-PTN,2023-06-08,35.0,41.6,28.0,28,45,0.0,0.0,21.3,287,25.35,9.32,993.8,12.7,55.0,25.6239,85.108696
BR-PTN,2023-06-09,35.1,42.0,27.2,30,62,0.0,0.0,20.1,277,25.65,8.98,991.6,13.4,55.0,25.6239,85.108696
BR-PTN,2023-06-10,34.9,41.6,28.1,47,75,0.0,0.0,21.2,67,23.23,7.77,990.7,20.5,55.0,25.6239,85.108696
BR-PTN,2023-06-11,35.2,40.6,29.4,49,76,0.0,0.0,23.7,13,22.95,7.57,990.1,22.1,55.0,25.6239,85.108696
BR-PTN,2023-06-12,34.8,41.2,27.9,51,82,0.0,0.0,18.3,45,23.17,7.72,990.5,22.0,55.0,25.6239,85.108696
BR-PTN,2023-06-13,35.3,42.0,29.2,52,80,0.0,0.0,28.5,11,23.82,8.31,989.4,22.9,55.0,25.6239,85.108696
BR-PTN,2023-06-14,36.9,43.3,29.8,40,78,0.0,0.0,34.4,290,24.28,10.4,989.3,18.9,55.0,25.6239,85.108696
BR-PTN,2023-06-15,38.2,42.3,33.6,30,39,0.0,0.0,36.9,276,21.22,11.38,989.9,17.0,55.0,25.6239,85.108696
BR-PTN,2023-06-16,37.9,42.5,33.4,32,42,0.0,0.0,32.4,284,23.08,11.2,990.9,18.0,55.0,25.6239,85.108696
BR-PTN,2023-06-17,38.1,42.7,33.3,33,47,0.0,0.0,26.5,288,22.82,9.73,992.1,18.4,55.0,25.6239,85.108696
BR-PTN,2023-06-18,36.3,43.6,29.6,49,77,0.0,0.0,26.4,59,22.68,7.82,992.8,22.6,55.0,25.6239,85.108696
BR-PTN,2023-06-19,34.8,41.0,29.1,56,80,0.0,0.0,20.5,63,23.25,7.15,992.5,23.8,55.0,25.6239,85.108696
BR-PTN,2023-06-20,33.2,38.3,28.5,63,80,3.6,3.6,20.3,83,20.64,6.07,992.8,24.7,55.0,25.6239,85.108696
BR-PTN,2023-06-21,32.5,37.8,29.5,68,85,19.7,19.7,16.4,74,20.39,5.52,993.5,25.5,55.0,25.6239,85.108696
BR-PTN,2023-06-22,31.2,35.0,27.5,75,93,9.6,9.6,18.0,67,19.94,4.94,994.4,26.0,55.0,25.6239,85.108696
BR-PTN,2023-06-23,32.0,36.5,28.1,70,95,0.6,0.6,18.0,81,21.72,5.81,994.2,25.5,55.0,25.6239,85.108696
BR-PTN,2023-06-24,32.5,36.6,29.0,65,79,3.6,3.6,22.1,92,21.05,6.15,993.5,24.9,55.0,25.6239,85.108696
BR-PTN,2023-06-25,32.4,36.7,26.7,65,92,3.3,3.3,24.2,89,23.1,7.12,993.4,24.5,55.0,25.6239,85.108696
BR-PTN,2023-06-26,32.1,36.0,28.9,63,77,1.0,1.0,31.8,95,22.76,7.29,993.1,23.9,55.0,25.6239,85.108696
BR-PTN,2023-06-27,30.3,35.2,27.6,70,86,1.6,1.6,30.4,96,21.75,6.48,993.0,24.0,55.0,25.6239,85.108696
BR-PTN,2023-06-28,29.6,35.5,26.4,75,91,2.2,2.2,27.3,99,16.42,4.96,994.7,24.4,55.0,25.6239,85.108696
BR-PTN,2023-06-29,27.6,31.8,25.4,88,96,41.1,41.1,22.7,118,10.85,2.62,994.9,25.4,55.0,25.6239,85.108696
BR-PTN,2023-06-30,28.3,33.6,25.5,86,96,20.3,20.3,17.7,126,14.72,3.36,995.1,25.6,55.0,25.6239,85.108696
BR-PTN,2023-07-01,29.1,33.9,26.2,84,97,12.5,12.5,9.8,116,17.44,3.92,995.2,26.0,55.0,25.6239,85.108696
BR-PTN,2023-07-02,29.0,33.4,26.1,86,97,34.8,34.8,13.4,107,15.89,3.62,994.8,26.2,55.0,25.6239,85.108696
BR-PTN,2023-07-03,29.0,32.6,26.3,86,98,20.5,20.5,11.5,111,11.93,2.87,994.9,26.3,55.0,25.6239,85.108696
BR-PTN,2023-07-04,28.9,32.4,26.3,86,96,40.7,40.7,15.1,103,15.49,3.64,994.1,26.1,55.0,25.6239,85.108696
BR-PTN,2023-07-05,28.8,32.3,26.0,87,97,18.9,18.9,19.1,88,13.15,3.11,993.6,26.3,55.0,25.6239,85.108696
BR-PTN,2023-07-06,30.4,34.7,27.1,79,93,1.9,1.9,19.5,93,23.25,5.58,994.4,26.3,55.0,25.6239,85.108696
BR-PTN,2023-07-07,28.8,32.1,26.0,85,95,4.7,4.7,24.3,98,15.65,3.82,995.3,25.9,55.0,25.6239,85.108696
BR-PTN,2023-07-08,29.9,33.9,26.6,80,93,7.4,7.4,20.9,109,20.05,4.9,996.7,25.9,55.0,25.6239,85.108696
BR-PTN,2023-07-09,30.9,34.2,26.6,78,95,2.1,2.1,16.5,102,23.23,5.45,995.7,26.3,55.0,25.6239,85.108696
BR-PTN,2023-07-10,29.9,34.3,26.6,81,95,10.2,10.2,12.6,116,20.24,4.56,995.3,26.2,55.0,25.6239,85.108696
BR-PTN,2023-07-11,30.3,33.5,27.0,83,96,5.1,5.1,12.3,117,19.01,4.36,994.8,26.9,55.0,25.6239,85.108696
BR-PTN,2023-07-12,29.7,32.6,27.8,86,93,11.5,11.5,14.3,77,13.66,3.17,995.1,27.0,55.0,25.6239,85.108696
BR-PTN,2023-07-13,29.9,33.7,27.3,82,94,14.6,14.6,14.1,83,16.53,3.89,995.4,26.4,55.0,25.6239,85.108696
BR-PTN,2023-07-14,28.7,31.6,26.4,87,95,15.2,15.2,12.8,85,11.95,2.75,995.9,26.4,55.0,25.6239,85.108696
BR-PTN,2023-07-15,28.8,32.3,25.9,87,97,34.2,34.2,14.8,89,15.15,3.32,995.4,26.4,55.0,25.6239,85.108696
BR-PTN,2023-07-16,29.9,34.1,25.3,77,96,3.5,3.5,18.8,87,23.7,5.75,994.2,25.1,55.0,25.6239,85.108696
BR-PTN,2023-07-17,30.2,33.4,27.4,74,87,1.2,1.2,23.1,94,20.76,5.48,993.5,25.0,55.0,25.6239,85.108696
BR-PTN,2023-07-18,30.5,34.3,27.3,73,89,0.5,0.5,21.4,91,17.06,4.82,993.6,25.0,55.0,25.6239,85.108696
BR-PTN,2023-07-19,31.9,35.7,28.1,69,85,0.0,0.0,21.8,90,24.49,6.55,992.4,25.3,55.0,25.6239,85.108696
BR-PTN,2023-07-20,32.2,36.0,28.3,68,86,0.0,0.0,20.6,94,24.99,6.72,992.4,25.3,55.0,25.6239,85.108696
BR-PTN,2023-07-21,31.8,36.0,28.9,70,82,1.1,1.1,25.6,97,24.09,6.62,995.1,25.5,55.0,25.6239,85.108696
BR-PTN,2023-07-22,31.4,35.1,28.1,71,85,2.6,2.6,25.6,100,23.27,6.44,998.0,25.3,55.0,25.6239,85.108696
BR-PTN,2023-07-23,32.1,36.1,28.4,67,83,0.0,0.0,21.4,109,23.96,6.76,997.6,24.9,55.0,25.6239,85.108696
BR-PTN,2023-07-24,32.0,36.1,28.6,66,81,0.0,0.0,15.9,106,21.54,6.03,995.7,24.6,55.0,25.6239,85.108696
BR-PTN,2023-07-25,31.7,34.9,28.5,69,84,0.0,0.0,17.2,99,21.01,5.76,996.3,25.0,55.0,25.6239,85.108696
BR-PTN,2023-07-26,32.2,36.2,28.3,66,88,0.0,0.0,18.8,91,24.22,6.76,996.3,24.6,55.0,25.6239,85.108696
BR-PTN,2023-07-27,31.6,35.7,26.9,69,86,1.8,1.8,19.9,91,22.63,6.28,994.9,24.9,55.0,25.6239,85.108696
BR-PTN,2023-07-28,32.0,35.5,28.3,68,85,1.6,1.6,16.9,87,23.22,6.29,992.4,25.2,55.0,25.6239,85.108696
BR-PTN,2023-07-29,30.4,34.4,28.6,78,89,2.2,2.2,15.1,55,15.6,3.94,992.6,26.1,55.0,25.6239,85.108696
BR-PTN,2023-07-30,29.1,32.0,26.4,84,94,18.4,18.4,10.8,305,13.97,3.16,992.5,26.0,55.0,25.6239,85.108696
BR-PTN,2023-07-31,30.9,35.2,27.0,78,94,6.2,6.2,11.2,276,21.97,5.09,991.3,26.4,55.0,25.6239,85.108696
BR-PTN,2023-08-01,30.0,34.9,26.8,84,97,32.4,32.4,12.3,263,21.62,4.88,990.0,26.6,55.0,25.6239,85.108696
BR-PTN,2023-08-02,30.3,34.0,26.5,77,95,9.6,9.6,30.6,73,21.15,5.59,988.8,25.6,55.0,25.6239,85.108696
BR-PTN,2023-08-03,29.5,32.8,26.8,77,91,3.5,3.5,30.6,95,16.0,4.61,989.9,25.0,55.0,25.6239,85.108696
BR-PTN,2023-08-04,30.1,33.6,27.3,74,89,2.7,2.7,23.5,110,19.68,5.2,993.0,24.8,55.0,25.6239,85.108696
BR-PTN,2023-08-05,29.4,32.8,27.0,80,95,4.3,4.3,14.0,110,17.11,4.07,994.4,25.4,55.0,25.6239,85.108696
BR-PTN,2023-08-06,28.7,31.3,26.9,87,96,23.8,23.8,14.1,267,13.89,3.07,992.2,26.3,55.0,25.6239,85.108696
BR-PTN,2023-08-07,27.2,29.5,26.1,92,97,42.0,42.0,16.4,259,5.04,1.41,991.2,25.7,55.0,25.6239,85.108696
BR-PTN,2023-08-08,27.8,30.1,25.9,87,95,17.5,17.5,14.4,260,7.85,2.13,993.0,25.3,55.0,25.6239,85.108696
BR-PTN,2023-08-09,27.7,30.5,25.9,87,95,48.5,48.5,24.9,257,10.29,2.59,995.6,25.3,55.0,25.6239,85.108696
BR-PTN,2023-08-10,28.5,32.4,25.8,84,96,6.9,6.9,18.5,227,17.69,4.03,996.8,25.5,55.0,25.6239,85.108696
BR-PTN,2023-08-11,28.6,31.7,26.1,85,93,4.2,4.2,19.4,267,15.97,3.64,996.6,25.8,55.0,25.6239,85.108696
BR-PTN,2023-08-12,29.6,33.4,26.3,81,97,7.1,7.1,22.5,272,18.93,4.54,994.8,25.8,55.0,25.6239,85.108696
BR-PTN,2023-08-13,29.3,32.6,27.2,78,94,0.8,0.8,16.3,247,13.55,3.53,995.8,25.0,55.0,25.6239,85.108696
BR-PTN,2023-08-14,29.0,33.1,26.2,86,98,0.8,0.8,15.1,296,19.37,4.22,997.5,26.2,55.0,25.6239,85.108696
BR-PTN,2023-08-15,29.9,34.0,26.6,81,96,1.5,1.5,14.4,256,21.9,4.91,997.0,26.1,55.0,25.6239,85.108696
BR-PTN,2023-08-16,30.4,34.3,26.4,79,91,0.3,0.3,14.9,249,21.43,5.03,996.3,26.2,55.0,25.6239,85.108696
BR-PTN,2023-08-17,29.2,33.5,26.3,85,96,17.8,17.8,13.2,238,17.43,3.93,996.4,26.2,55.0,25.6239,85.108696
BR-PTN,2023-08-18,29.2,32.9,26.6,85,97,7.2,7.2,17.5,88,14.95,3.49,995.9,26.3,55.0,25.6239,85.108696
BR-PTN,2023-08-19,30.4,33.7,27.4,76,90,0.6,0.6,23.8,100,21.93,5.55,996.4,25.4,55.0,25.6239,85.108696
BR-PTN,2023-08-20,30.5,34.0,27.4,75,88,0.7,0.7,17.9,104,22.29,5.39,997.2,25.4,55.0,25.6239,85.108696
BR-PTN,2023-08-21,29.9,33.3,27.5,82,90,5.7,5.7,12.2,102,17.18,4.0,996.3,26.5,55.0,25.6239,85.108696
BR-PTN,2023-08-22,29.2,32.7,26.7,85,96,16.0,16.0,12.0,70,14.91,3.3,996.2,26.3,55.0,25.6239,85.108696
BR-PTN,2023-08-23,28.3,32.4,25.7,88,97,17.8,17.8,10.5,149,15.51,3.32,995.1,26.1,55.0,25.6239,85.108696
BR-PTN,2023-08-24,27.2,30.6,25.6,91,97,27.7,27.7,17.7,270,9.4,2.09,993.2,25.6,55.0,25.6239,85.108696
BR-PTN,2023-08-25,28.4,32.1,25.9,83,97,7.2,7.2,17.5,261,19.71,4.33,993.6,25.1,55.0,25.6239,85.108696
BR-PTN,2023-08-26,27.9,31.4,25.0,85,97,13.5,13.5,21.3,270,15.22,3.44,993.9,25.1,55.0,25.6239,85.108696
BR-PTN,2023-08-27,29.9,33.4,26.7,71,81,0.0,0.0,24.9,263,21.95,5.85,993.9,24.1,55.0,25.6239,85.108696
BR-PTN,2023-08-28,29.5,32.9,26.6,70,79,0.3,0.3,19.1,259,22.62,5.76,994.9,23.4,55.0,25.6239,85.108696
BR-PTN,2023-08-29,28.8,33.0,25.5,78,87,0.6,0.6,16.0,251,21.67,4.91,996.8,24.4,55.0,25.6239,85.108696
BR-PTN,2023-08-30,29.5,33.8,25.7,78,91,0.1,0.1,11.7,250,22.18,5.03,998.1,25.0,55.0,25.6239,85.108696
BR-PTN,2023-08-31,30.4,34.1,26.4,78,93,0.2,0.2,9.6,254,21.81,4.88,998.5,25.9,55.0,25.6239,85.108696
BR-PTN,2023-09-01,30.7,34.5,26.9,78,91,0.3,0.3,16.6,265,20.86,4.82,997.9,26.3,55.0,25.6239,85.108696
BR-PTN,2023-09-02,29.6,33.3,27.6,83,93,16.8,16.8,13.7,263,14.66,3.31,996.7,26.3,55.0,25.6239,85.108696
BR-PTN,2023-09-03,29.9,35.0,27.1,84,97,10.1,10.1,14.8,73,20.15,4.48,995.6,26.7,55.0,25.6239,85.108696
BR-PTN,2023-09-04,27.8,31.7,26.2,90,98,19.1,19.1,16.9,54,13.45,2.84,995.3,25.9,55.0,25.6239,85.108696
BR-PTN,2023-09-05,28.8,32.3,26.6,87,97,2.6,2.6,15.0,79,13.94,3.13,995.7,26.2,55.0,25.6239,85.108696
BR-PTN,2023-09-06,29.6,33.9,26.7,84,95,3.3,3.3,16.1,76,18.86,4.25,996.3,26.4,55.0,25.6239,85.108696
BR-PTN,2023-09-07,29.3,33.1,26.8,82,93,5.1,5.1,22.2,88,19.82,4.49,996.4,25.9,55.0,25.6239,85.108696
BR-PTN,2023-09-08,27.3,29.4,25.8,88,95,17.5,17.5,26.9,95,11.11,2.59,996.5,25.1,55.0,25.6239,85.108696
BR-PTN,2023-09-09,27.2,30.7,25.0,90,97,16.5,16.5,19.6,98,13.32,2.86,996.7,25.4,55.0,25.6239,85.108696
BR-PTN,2023-09-10,29.3,32.5,26.2,88,97,3.8,3.8,14.6,105,19.52,4.14,995.1,26.9,55.0,25.6239,85.108696
BR-PTN,2023-09-11,30.6,34.2,27.4,81,96,0.0,0.0,11.1,100,21.16,4.69,994.1,26.8,55.0,25.6239,85.108696
BR-PTN,2023-09-12,30.4,33.5,27.4,82,93,7.4,7.4,13.1,90,19.34,4.39,994.7,26.9,55.0,25.6239,85.108696
BR-PTN,2023-09-13,29.3,32.1,26.8,87,97,5.1,5.1,16.2,81,14.59,3.25,995.4,26.8,55.0,25.6239,85.108696
BR-PTN,2023-09-14,30.0,33.6,26.8,80,94,1.0,1.0,23.1,77,20.08,4.9,996.1,26.0,55.0,25.6239,85.108696
BR-PTN,2023-09-15,29.6,32.1,27.2,78,87,10.5,10.5,26.6,98,18.08,4.61,997.3,25.3,55.0,25.6239,85.108696
BR-PTN,2023-09-16,29.4,32.4,26.8,84,93,7.1,7.1,15.3,118,17.02,3.8,998.1,26.4,55.0,25.6239,85.108696
BR-PTN,2023-09-17,28.8,32.9,25.9,86,95,3.8,3.8,19.2,34,18.13,3.97,997.4,26.2,55.0,25.6239,85.108696
BR-PTN,2023-09-18,29.0,32.9,25.8,85,97,8.9,8.9,9.2,301,19.82,4.28,997.3,26.1,55.0,25.6239,85.108696
BR-PTN,2023-09-19,29.0,32.3,25.9,84,94,4.5,4.5,16.7,76,19.43,4.2,998.9,25.9,55.0,25.6239,85.108696
BR-PTN,2023-09-20,28.8,31.7,26.3,82,93,1.4,1.4,18.0,80,18.44,4.16,998.9,25.2,55.0,25.6239,85.108696
BR-PTN,2023-09-21,27.3,30.1,24.8,87,97,13.8,13.8,20.8,76,12.17,2.86,998.3,24.9,55.0,25.6239,85.108696
BR-PTN,2023-09-22,25.6,27.9,24.5,94,98,25.7,25.7,23.3,83,6.83,1.51,998.2,24.5,55.0,25.6239,85.108696
BR-PTN,2023-09-23,25.9,29.2,24.2,92,100,21.2,21.2,16.4,101,9.86,2.08,998.3,24.5,55.0,25.6239,85.108696
BR-PTN,2023-09-24,26.6,29.6,24.5,89,98,8.9,8.9,12.9,105,11.6,2.49,998.0,24.6,55.0,25.6239,85.108696
BR-PTN,2023-09-25,26.6,30.6,24.4,90,99,6.8,6.8,14.5,96,14.55,2.97,999.3,24.8,55.0,25.6239,85.108696
BR-PTN,2023-09-26,27.2,31.1,24.3,89,97,13.1,13.1,10.4,113,13.5,2.84,1000.0,25.2,55.0,25.6239,85.108696
BR-PTN,2023-09-27,28.9,32.7,25.0,83,99,0.0,0.0,5.2,85,19.36,4.09,999.4,25.6,55.0,25.6239,85.108696
BR-PTN,2023-09-28,29.1,32.4,25.9,85,98,0.4,0.4,7.2,240,18.59,4.01,999.1,26.3,55.0,25.6239,85.108696
BR-PTN,2023-09-29,29.5,33.2,26.4,85,96,8.0,8.0,8.6,301,18.25,3.99,998.7,26.5,55.0,25.6239,85.108696
BR-PTN,2023-09-30,27.9,32.3,26.3,90,96,12.2,12.2,14.2,52,13.71,2.94,998.5,26.0,55.0,25.6239,85.108696
BR-PTN,2023-10-01,27.4,30.9,25.6,91,96,34.5,34.5,19.8,53,12.73,2.68,997.4,25.7,55.0,25.6239,85.108696
BR-PTN,2023-10-02,27.6,31.6,25.7,89,96,35.8,35.8,19.5,75,13.83,3.01,997.6,25.6,55.0,25.6239,85.108696
BR-PTN,2023-10-03,27.1,31.3,25.5,90,96,25.4,25.4,20.5,79,14.65,3.05,998.5,25.2,55.0,25.6239,85.108696
BR-PTN,2023-10-04,25.5,26.3,24.3,94,97,49.6,49.6,22.0,75,4.17,1.05,998.8,24.4,55.0,25.6239,85.108696
BR-PTN,2023-10-05,26.8,30.2,24.4,87,96,1.9,1.9,19.7,57,14.27,3.09,998.3,24.3,55.0,25.6239,85.108696
BR-PTN,2023-10-06,27.7,31.7,23.4,84,97,0.5,0.5,8.4,39,17.82,3.75,999.2,24.5,55.0,25.6239,85.108696
BR-PTN,2023-10-07,27.8,31.2,25.0,85,96,0.3,0.3,9.6,13,17.71,3.71,1000.6,24.9,55.0,25.6239,85.108696
BR-PTN,2023-10-08,28.1,32.5,24.6,82,98,2.8,2.8,14.3,266,17.49,3.87,1001.1,24.6,55.0,25.6239,85.108696
BR-PTN,2023-10-09,28.6,33.5,25.0,78,90,0.0,0.0,18.8,260,18.02,4.27,1001.7,24.1,55.0,25.6239,85.108696
BR-PTN,2023-10-10,28.8,33.6,24.8,78,94,0.0,0.0,13.9,277,18.1,4.2,1002.5,24.4,55.0,25.6239,85.108696
BR-PTN,2023-10-11,27.8,33.1,23.6,79,94,2.1,2.1,13.3,267,17.15,3.92,1002.8,23.5,55.0,25.6239,85.108696
BR-PTN,2023-10-12,27.5,33.4,21.3,68,94,0.0,0.0,10.7,277,19.54,4.57,1004.7,20.3,55.0,25.6239,85.108696
BR-PTN,2023-10-13,27.5,33.0,22.4,70,90,0.0,0.0,11.4,271,18.42,4.29,1005.5,21.2,55.0,25.6239,85.108696
BR-PTN,2023-10-14,26.2,31.5,21.1,75,93,0.0,0.0,12.2,274,18.65,4.16,1004.9,21.2,55.0,25.6239,85.108696
BR-PTN,2023-10-15,26.7,31.9,21.6,77,94,0.0,0.0,13.7,262,17.48,3.96,1003.2,21.9,55.0,25.6239,85.108696
BR-PTN,2023-10-16,26.8,30.6,22.5,81,96,0.5,0.5,14.1,88,16.57,3.36,1004.5,23.1,55.0,25.6239,85.108696
BR-PTN,2023-10-17,25.5,29.9,21.9,83,97,2.0,2.0,21.1,279,17.25,3.58,1006.2,22.2,55.0,25.6239,85.108696
BR-PTN,2023-10-18,25.4,29.9,21.9,76,93,0.0,0.0,10.9,280,17.98,3.9,1006.8,20.5,55.0,25.6239,85.108696
BR-PTN,2023-10-19,25.1,30.2,21.0,73,92,0.0,0.0,10.7,268,17.76,3.96,1007.1,19.6,55.0,25.6239,85.108696
BR-PTN,2023-10-20,24.3,30.0,19.7,71,90,0.0,0.0,10.1,285,17.52,3.92,1007.9,18.1,55.0,25.6239,85.108696
BR-PTN,2023-10-21,23.9,30.0,19.5,65,90,0.0,0.0,9.9,301,17.9,4.06,1008.6,16.3,55.0,25.6239,85.108696
BR-PTN,2023-10-22,24.5,29.9,19.1,66,87,0.0,0.0,10.4,307,17.69,3.88,1008.3,17.3,55.0,25.6239,85.108696
BR-PTN,2023-10-23,24.4,29.9,19.1,68,88,0.0,0.0,9.4,311,17.24,3.79,1006.8,17.8,55.0,25.6239,85.108696
BR-PTN,2023-10-24,25.2,30.3,20.9,68,78,0.2,0.2,8.4,332,16.07,3.66,1005.9,18.7,55.0,25.6239,85.108696
BR-PTN,2023-10-25,25.4,30.3,21.2,68,81,0.0,0.0,11.8,291,16.0,3.84,1006.4,18.9,55.0,25.6239,85.108696
BR-PTN,2023-10-26,23.9,30.1,18.8,66,86,0.0,0.0,9.9,238,17.12,4.0,1006.6,16.6,55.0,25.6239,85.108696
BR-PTN,2023-10-27,24.4,29.9,18.9,66,80,0.0,0.0,8.0,262,15.34,3.45,1006.1,17.5,55.0,25.6239,85.108696
BR-PTN,2023-10-28,24.3,30.5,19.3,67,87,0.0,0.0,9.7,276,16.17,3.73,1006.9,17.2,55.0,25.6239,85.108696
BR-PTN,2023-10-29,24.6,30.1,20.8,64,79,0.0,0.0,9.5,301,16.5,3.7,1007.1,17.0,55.0,25.6239,85.108696
BR-PTN,2023-10-30,24.2,30.0,18.6,70,90,0.0,0.0,8.6,300,16.2,3.53,1007.5,18.0,55.0,25.6239,85.108696
BR-PTN,2023-10-31,25.5,30.9,20.3,70,87,0.0,0.0,8.6,330,15.67,3.38,1008.5,19.3,55.0,25.6239,85.108696
BR-PTN,2023-11-01,25.8,31.1,21.4,71,89,0.0,0.0,8.2,336,13.52,3.11,1008.5,19.7,55.0,25.6239,85.108696
BR-PTN,2023-11-02,25.4,30.7,20.9,72,92,0.0,0.0,8.9,305,14.8,3.22,1006.8,19.6,55.0,25.6239,85.108696
BR-PTN,2023-11-03,25.3,30.1,21.1,68,87,0.0,0.0,7.3,283,14.05,3.08,1005.1,18.7,55.0,25.6239,85.108696
BR-PTN,2023-11-04,24.8,30.3,20.6,65,86,0.0,0.0,11.0,299,15.07,3.59,1005.2,17.5,55.0,25.6239,85.108696
BR-PTN,2023-11-05,24.1,30.2,18.0,63,87,0.0,0.0,10.9,286,15.19,3.64,1007.4,16.1,55.0,25.6239,85.108696
BR-PTN,2023-11-06,24.2,30.0,20.7,61,80,0.0,0.0,9.6,305,15.36,3.55,1008.5,15.6,55.0,25.6239,85.108696
BR-PTN,2023-11-07,22.6,29.0,17.3,67,89,0.0,0.0,11.3,269,14.41,3.34,1007.7,15.7,55.0,25.6239,85.108696
BR-PTN,2023-11-08,22.3,28.8,17.0,73,89,0.0,0.0,12.0,262,15.06,3.37,1006.8,16.9,55.0,25.6239,85.108696
BR-PTN,2023-11-09,23.3,29.4,17.8,73,94,0.0,0.0,9.8,262,14.56,3.19,1007.1,17.8,55.0,25.6239,85.108696
BR-PTN,2023-11-10,23.4,29.3,17.8,75,93,0.0,0.0,11.1,282,14.41,3.14,1008.7,18.4,55.0,25.6239,85.108696
BR-PTN,2023-11-11,23.5,29.4,18.3,77,93,0.0,0.0,11.3,305,13.81,2.98,1009.2,19.0,55.0,25.6239,85.108696
BR-PTN,2023-11-12,22.6,28.2,17.9,77,94,0.0,0.0,9.4,297,13.68,2.94,1009.9,18.1,55.0,25.6239,85.108696
BR-PTN,2023-11-13,22.2,28.5,17.9,72,92,0.0,0.0,10.5,303,14.46,3.22,1010.1,16.6,55.0,25.6239,85.108696
BR-PTN,2023-11-14,21.9,28.0,16.7,72,91,0.0,0.0,10.0,301,13.78,3.05,1009.6,16.2,55.0,25.6239,85.108696
BR-PTN,2023-11-15,22.0,28.1,17.0,71,92,0.0,0.0,8.8,303,13.99,3.07,1009.6,16.1,55.0,25.6239,85.108696
BR-PTN,2023-11-16,22.9,28.7,17.3,69,89,0.0,0.0,9.0,8,13.5,2.89,1010.1,16.6,55.0,25.6239,85.108696
BR-PTN,2023-11-17,23.8,29.3,19.1,76,91,0.0,0.0,9.2,3,13.08,2.9,1008.8,19.1,55.0,25.6239,85.108696
BR-PTN,2023-11-18,23.7,28.8,18.3,74,93,0.0,0.0,8.5,42,13.32,2.82,1008.7,18.5,55.0,25.6239,85.108696
BR-PTN,2023-11-19,23.6,29.3,19.1,75,94,0.0,0.0,9.7,4,13.35,2.9,1009.8,18.6,55.0,25.6239,85.108696
BR-PTN,2023-11-20,22.6,28.9,17.4,70,91,0.0,0.0,11.8,308,13.52,3.15,1009.5,16.3,55.0,25.6239,85.108696
BR-PTN,2023-11-21,21.7,27.4,17.1,69,90,0.0,0.0,16.3,279,13.4,3.21,1007.9,15.4,55.0,25.6239,85.108696
BR-PTN,2023-11-22,20.8,26.2,16.6,70,86,0.0,0.0,10.7,275,13.59,3.05,1007.2,14.9,55.0,25.6239,85.108696
BR-PTN,2023-11-23,20.6,26.5,14.9,70,94,0.0,0.0,10.2,284,13.64,2.91,1007.2,14.5,55.0,25.6239,85.108696
BR-PTN,2023-11-24,20.1,26.0,15.8,67,89,0.0,0.0,9.2,267,13.65,2.81,1008.4,13.2,55.0,25.6239,85.108696
BR-PTN,2023-11-25,19.4,26.2,13.7,73,88,0.0,0.0,10.2,262,13.08,2.76,1010.0,14.0,55.0,25.6239,85.108696
BR-PTN,2023-11-26,20.7,27.1,15.2,73,93,0.0,0.0,8.8,266,12.79,2.63,1010.7,15.4,55.0,25.6239,85.108696
BR-PTN,2023-11-27,21.8,26.9,16.8,72,93,0.0,0.0,8.1,13,10.57,2.24,1009.1,16.2,55.0,25.6239,85.108696
BR-PTN,2023-11-28,21.4,26.2,17.9,74,90,0.2,0.2,9.7,300,9.28,2.14,1007.8,16.4,55.0,25.6239,85.108696
BR-PTN,2023-11-29,21.4,27.5,16.7,76,95,0.0,0.0,9.7,281,12.38,2.6,1008.4,16.6,55.0,25.6239,85.108696
BR-PTN,2023-11-30,21.2,25.7,17.5,79,91,0.0,0.0,12.1,334,8.39,1.95,1009.5,17.1,55.0,25.6239,85.108696
BR-PTN,2023-12-01,21.3,25.0,18.1,85,96,1.2,1.2,9.6,263,5.73,1.41,1009.4,18.6,55.0,25.6239,85.108696
BR-PTN,2023-12-02,22.2,27.2,18.0,82,99,0.0,0.0,8.4,285,10.98,2.34,1009.1,18.7,55.0,25.6239,85.108696
BR-PTN,2023-12-03,22.1,28.9,17.5,78,97,0.0,0.0,12.4,278,12.23,2.75,1008.9,17.7,55.0,25.6239,85.108696
BR-PTN,2023-12-04,21.6,27.8,16.4,73,96,0.0,0.0,9.3,286,12.23,2.57,1007.7,16.1,55.0,25.6239,85.108696
BR-PTN,2023-12-05,21.1,24.6,17.6,72,86,0.0,0.0,10.7,250,5.3,1.69,1007.1,15.7,55.0,25.6239,85.108696
BR-PTN,2023-12-06,20.8,24.3,17.9,79,90,0.0,0.0,11.1,222,4.99,1.34,1009.1,17.0,55.0,25.6239,85.108696
BR-PTN,2023-12-07,19.8,21.9,17.5,88,96,8.7,8.7,6.9,315,2.62,0.68,1008.0,17.8,55.0,25.6239,85.108696
BR-PTN,2023-12-08,19.5,24.5,16.0,84,98,0.0,0.0,13.4,280,10.99,2.17,1007.3,16.5,55.0,25.6239,85.108696
BR-PTN,2023-12-09,19.8,25.5,16.3,72,96,0.0,0.0,17.4,266,11.2,2.83,1008.0,14.1,55.0,25.6239,85.108696
BR-PTN,2023-12-10,17.7,23.7,13.5,64,79,0.0,0.0,17.7,267,12.59,2.98,1007.2,10.7,55.0,25.6239,85.108696
BR-PTN,2023-12-11,16.8,23.2,11.7,71,90,0.0,0.0,10.9,272,12.47,2.6,1008.7,11.0,55.0,25.6239,85.108696
BR-PTN,2023-12-12,16.1,23.0,11.5,74,93,0.0,0.0,11.2,267,12.38,2.5,1007.3,11.1,55.0,25.6239,85.108696
BR-PTN,2023-12-13,16.3,22.7,11.4,68,87,0.0,0.0,16.5,268,12.33,2.76,1008.2,10.1,55.0,25.6239,85.108696
BR-PTN,2023-12-14,16.5,23.1,12.2,72,89,0.0,0.0,14.3,262,12.23,2.59,1010.1,11.1,55.0,25.6239,85.108696
BR-PTN,2023-12-15,15.9,22.8,10.4,71,94,0.0,0.0,11.2,265,12.29,2.54,1011.3,10.1,55.0,25.6239,85.108696
BR-PTN,2023-12-16,16.2,22.8,11.5,70,91,0.0,0.0,12.4,268,12.33,2.56,1009.8,10.4,55.0,25.6239,85.108696
BR-PTN,2023-12-17,15.9,23.1,10.3,71,92,0.0,0.0,11.2,273,12.11,2.5,1010.2,10.2,55.0,25.6239,85.108696
BR-PTN,2023-12-18,15.6,22.3,10.4,66,88,0.0,0.0,14.1,266,12.3,2.67,1011.0,8.9,55.0,25.6239,85.108696
BR-PTN,2023-12-19,15.6,22.0,11.1,72,90,0.0,0.0,10.2,271,11.58,2.34,1012.0,10.3,55.0,25.6239,85.108696
BR-PTN,2023-12-20,16.0,22.4,11.3,65,83,0.0,0.0,12.8,277,11.31,2.6,1011.6,9.1,55.0,25.6239,85.108696
BR-PTN,2023-12-21,15.8,22.5,11.1,72,87,0.0,0.0,9.8,277,11.93,2.43,1010.2,10.4,55.0,25.6239,85.108696
BR-PTN,2023-12-22,16.7,23.0,11.0,73,92,0.0,0.0,9.0,297,11.33,2.24,1010.3,11.5,55.0,25.6239,85.108696
BR-PTN,2023-12-23,18.7,24.7,14.1,76,91,0.0,0.0,9.1,360,11.27,2.22,1011.9,14.2,55.0,25.6239,85.108696
BR-PTN,2023-12-24,18.5,24.8,13.9,78,96,0.0,0.0,10.7,316,11.73,2.36,1012.5,14.2,55.0,25.6239,85.108696
BR-PTN,2023-12-25,18.2,24.9,12.9,77,96,0.0,0.0,10.0,271,11.7,2.43,1011.5,13.7,55.0,25.6239,85.108696
BR-PTN,2023-12-26,18.0,24.8,13.1,74,92,0.0,0.0,10.0,277,11.81,2.42,1011.8,13.0,55.0,25.6239,85.108696
BR-PTN,2023-12-27,18.0,24.5,12.6,76,94,0.0,0.0,10.1,280,11.88,2.37,1012.4,13.3,55.0,25.6239,85.108696
BR-PTN,2023-12-28,17.7,24.1,12.6,76,94,0.0,0.0,9.9,290,12.01,2.31,1011.4,13.0,55.0,25.6239,85.108696
BR-PTN,2023-12-29,17.1,24.0,12.1,79,94,0.0,0.0,10.7,287,12.15,2.35,1011.6,13.1,55.0,25.6239,85.108696
BR-PTN,2023-12-30,16.2,23.2,11.7,81,96,0.0,0.0,11.0,283,12.24,2.3,1010.7,12.6,55.0,25.6239,85.108696
BR-PTN,2023-12-31,14.9,21.4,10.5,84,97,0.0,0.0,9.4,294,12.22,2.08,1010.9,12.1,55.0,25.6239,85.108696
