site_id,date,temperature_2m_mean,temperature_2m_max,temperature_2m_min,relative_humidity_2m_mean,relative_humidity_2m_max,precipitation_sum,rain_sum,wind_speed_10m_max,wind_direction_10m_dominant,shortwave_radiation_sum,et0_fao_evapotranspiration,surface_pressure_mean,dew_point_2m_mean,elevation_m,lat,lon
HP-KNR,2020-12-01,4.2,8.6,1.5,34,42,0.0,0.0,2.4,116,15.48,2.04,776.4,-10.4,2309.0,31.528997,78.26555
HP-KNR,2020-12-02,2.4,6.4,-0.3,30,38,0.0,0.0,2.6,125,15.94,1.99,773.1,-13.8,2309.0,31.528997,78.26555
HP-KNR,2020-12-03,2.2,6.2,-0.6,20,23,0.0,0.0,2.4,120,16.01,1.97,771.5,-18.7,2309.0,31.528997,78.26555
HP-KNR,2020-12-04,1.7,5.1,-1.5,24,35,0.1,0.0,2.4,127,15.62,1.86,771.0,-16.9,2309.0,31.528997,78.26555
HP-KNR,2020-12-05,1.1,4.3,-3.9,47,61,0.4,0.0,3.1,147,14.32,1.74,772.2,-9.2,2309.0,31.528997,78.26555
HP-KNR,2020-12-06,0.7,5.2,-5.5,37,50,0.0,0.0,2.7,124,15.15,1.83,773.4,-12.4,2309.0,31.528997,78.26555
HP-KNR,2020-12-07,4.0,8.2,0.2,26,31,0.0,0.0,2.4,105,14.6,1.91,775.5,-13.8,2309.0,31.528997,78.26555
HP-KNR,2020-12-08,5.1,8.2,1.1,46,66,0.2,0.0,2.4,97,11.25,1.57,777.7,-6.1,2309.0,31.528997,78.26555
HP-KNR,2020-12-09,2.4,5.4,-0.9,57,74,0.8,0.0,3.1,85,8.23,1.13,775.4,-5.4,2309.0,31.528997,78.26555
HP-KNR,2020-12-10,2.3,4.8,-4.0,58,66,0.5,0.0,2.5,73,14.62,1.76,774.5,-5.3,2309.0,31.528997,78.26555
HP-KNR,2020-12-11,-0.3,3.9,-4.6,45,66,0.0,0.0,2.9,86,12.38,1.44,772.5,-11.1,2309.0,31.528997,78.26555
HP-KNR,2020-12-12,0.1,1.9,-2.1,68,76,9.0,0.1,2.5,60,6.72,0.86,771.2,-5.2,2309.0,31.528997,78.26555
HP-KNR,2020-12-13,-2.6,1.0,-5.6,27,49,0.0,0.0,2.5,80,15.68,1.67,768.0,-19.4,2309.0,31.528997,78.26555
HP-KNR,2020-12-14,-4.1,-0.8,-5.8,20,26,0.0,0.0,2.6,79,15.61,1.57,767.6,-23.8,2309.0,31.528997,78.26555
HP-KNR,2020-12-15,-4.6,-0.7,-9.2,35,47,0.0,0.0,2.6,71,14.85,1.45,769.5,-17.8,2309.0,31.528997,78.26555
HP-KNR,2020-12-16,-6.1,-1.9,-9.5,41,56,0.0,0.0,2.7,77,14.81,1.41,769.9,-17.3,2309.0,31.528997,78.26555
HP-KNR,2020-12-17,-4.5,-0.4,-8.6,17,35,0.0,0.0,2.2,108,15.59,1.57,769.2,-26.7,2309.0,31.528997,78.26555
HP-KNR,2020-12-18,-3.6,1.0,-6.0,20,24,0.0,0.0,1.8,96,15.61,1.63,768.5,-23.7,2309.0,31.528997,78.26555
HP-KNR,2020-12-19,-1.7,3.3,-5.4,17,21,0.0,0.0,1.9,104,15.47,1.72,770.0,-23.8,2309.0,31.528997,78.26555
HP-KNR,2020-12-20,1.3,6.1,-1.9,17,20,0.0,0.0,1.9,105,14.89,1.79,773.1,-21.1,2309.0,31.528997,78.26555
HP-KNR,2020-12-21,3.2,7.1,-0.1,26,38,0.0,0.0,2.2,84,10.92,1.5,773.8,-14.7,2309.0,31.528997,78.26555
HP-KNR,2020-12-22,-0.6,3.2,-3.7,36,42,0.0,0.0,2.2,86,15.35,1.74,771.2,-13.9,2309.0,31.528997,78.26555
HP-KNR,2020-12-23,-0.9,2.3,-3.5,28,37,0.0,0.0,2.3,72,14.91,1.69,770.3,-17.5,2309.0,31.528997,78.26555
HP-KNR,2020-12-24,-2.5,1.3,-5.4,31,37,0.0,0.0,2.3,71,15.08,1.6,769.1,-17.4,2309.0,31.528997,78.26555
HP-KNR,2020-12-25,-2.2,2.9,-6.5,22,36,0.0,0.0,1.9,90,15.36,1.69,769.8,-21.2,2309.0,31.528997,78.26555
HP-KNR,2020-12-26,-0.3,4.5,-3.0,21,27,0.0,0.0,1.8,43,15.45,1.79,770.9,-20.2,2309.0,31.528997,78.26555
HP-KNR,2020-12-27,-2.5,1.6,-5.7,24,36,0.0,0.0,3.3,60,15.62,1.68,766.4,-20.3,2309.0,31.528997,78.26555
HP-KNR,2020-12-28,-3.6,-0.9,-7.0,66,78,8.7,0.0,3.3,46,9.1,0.99,767.8,-9.1,2309.0,31.528997,78.26555
HP-KNR,2020-12-29,-5.1,-0.3,-9.6,29,52,0.0,0.0,3.0,75,15.72,1.6,766.5,-20.8,2309.0,31.528997,78.26555
HP-KNR,2020-12-30,-4.7,-0.7,-7.9,16,20,0.0,0.0,2.5,90,15.91,1.58,768.4,-27.0,2309.0,31.528997,78.26555
HP-KNR,2020-12-31,-2.7,1.1,-6.4,14,20,0.0,0.0,2.6,106,15.44,1.64,770.8,-27.0,2309.0,31.528997,78.26555
HP-KNR,2021-01-01,-0.0,3.6,-1.8,27,36,0.0,0.0,2.3,77,14.92,1.76,771.6,-16.9,2309.0,31.528997,78.26555
HP-KNR,2021-01-02,-0.3,2.0,-2.4,45,79,4.2,0.0,2.9,64,7.92,1.03,772.6,-12.4,2309.0,31.528997,78.26555
HP-KNR,2021-01-03,1.9,3.8,-1.4,68,79,3.8,0.0,3.1,61,9.12,1.2,773.3,-3.4,2309.0,31.528997,78.26555
HP-KNR,2021-01-04,1.0,3.7,-2.0,65,78,1.1,0.0,3.1,54,13.86,1.64,774.7,-4.9,2309.0,31.528997,78.26555
HP-KNR,2021-01-05,2.0,3.2,0.5,84,89,39.1,0.1,2.5,32,6.41,0.87,773.9,-0.5,2309.0,31.528997,78.26555
HP-KNR,2021-01-06,2.6,4.5,-2.9,74,87,25.0,0.0,2.3,27,7.83,1.08,772.3,-1.5,2309.0,31.528997,78.26555
HP-KNR,2021-01-07,1.5,4.8,-2.5,16,41,0.0,0.0,2.6,76,14.98,1.77,770.4,-22.4,2309.0,31.528997,78.26555
HP-KNR,2021-01-08,3.0,4.5,0.9,18,23,0.0,0.0,2.1,27,14.57,1.8,771.8,-19.3,2309.0,31.528997,78.26555
HP-KNR,2021-01-09,1.0,3.6,-1.0,29,34,0.0,0.0,2.4,41,16.12,1.9,772.0,-15.0,2309.0,31.528997,78.26555
HP-KNR,2021-01-10,0.2,3.5,-1.8,16,29,0.0,0.0,1.9,69,16.71,1.93,770.1,-23.2,2309.0,31.528997,78.26555
HP-KNR,2021-01-11,-0.6,3.2,-3.0,12,16,0.0,0.0,2.2,78,16.75,1.89,769.6,-27.0,2309.0,31.528997,78.26555
HP-KNR,2021-01-12,-0.3,3.6,-3.6,10,16,0.0,0.0,1.8,106,16.92,1.94,768.5,-28.9,2309.0,31.528997,78.26555
HP-KNR,2021-01-13,1.7,5.4,-0.7,6,7,0.0,0.0,1.8,119,17.0,2.06,768.2,-32.7,2309.0,31.528997,78.26555
HP-KNR,2021-01-14,3.5,7.0,0.6,7,12,0.0,0.0,2.3,109,15.78,2.02,770.2,-30.0,2309.0,31.528997,78.26555
HP-KNR,2021-01-15,5.2,8.5,1.6,24,37,0.0,0.0,2.2,89,14.52,2.03,771.3,-14.5,2309.0,31.528997,78.26555
HP-KNR,2021-01-16,1.8,6.0,-1.5,21,33,0.0,0.0,3.4,115,16.92,2.15,769.4,-18.8,2309.0,31.528997,78.26555
HP-KNR,2021-01-17,2.7,6.7,-0.1,16,21,0.0,0.0,2.6,94,16.59,2.13,771.0,-21.1,2309.0,31.528997,78.26555
HP-KNR,2021-01-18,1.5,4.6,-1.7,30,43,0.0,0.0,2.8,359,16.62,2.05,771.7,-14.4,2309.0,31.528997,78.26555
HP-KNR,2021-01-19,-1.1,3.9,-6.7,50,75,0.0,0.0,2.4,301,17.06,1.99,768.4,-10.4,2309.0,31.528997,78.26555
HP-KNR,2021-01-20,-3.2,4.1,-9.5,37,68,0.0,0.0,2.5,164,17.09,2.0,765.7,-16.7,2309.0,31.528997,78.26555
HP-KNR,2021-01-21,2.0,7.4,-2.8,17,31,0.0,0.0,3.1,117,17.53,2.19,769.4,-21.2,2309.0,31.528997,78.26555
HP-KNR,2021-01-22,4.6,8.0,2.2,18,26,0.0,0.0,2.4,359,14.24,1.96,771.1,-17.9,2309.0,31.528997,78.26555
HP-KNR,2021-01-23,1.4,4.1,-2.2,54,71,1.5,0.0,3.8,338,14.26,1.75,768.3,-7.3,2309.0,31.528997,78.26555
HP-KNR,2021-01-24,-0.8,2.5,-3.4,52,67,0.9,0.0,2.3,74,17.43,2.03,768.9,-9.7,2309.0,31.528997,78.26555
HP-KNR,2021-01-25,-2.0,2.2,-4.5,23,36,0.0,0.0,2.3,104,18.27,2.06,768.8,-20.7,2309.0,31.528997,78.26555
HP-KNR,2021-01-26,-2.6,2.1,-6.3,22,29,0.0,0.0,2.3,94,18.35,2.04,768.5,-21.4,2309.0,31.528997,78.26555
HP-KNR,2021-01-27,-2.5,2.1,-5.5,27,31,0.0,0.0,2.2,83,18.42,2.07,768.5,-19.1,2309.0,31.528997,78.26555
HP-KNR,2021-01-28,-4.0,0.1,-6.6,37,52,0.0,0.0,2.7,73,18.14,1.9,769.3,-17.1,2309.0,31.528997,78.26555
HP-KNR,2021-01-29,-3.8,1.3,-8.1,48,58,0.4,0.0,2.4,97,17.0,1.85,769.5,-13.4,2309.0,31.528997,78.26555
HP-KNR,2021-01-30,-1.8,3.5,-6.4,35,58,0.0,0.0,2.6,136,18.91,2.2,767.3,-15.6,2309.0,31.528997,78.26555
HP-KNR,2021-01-31,0.7,5.8,-3.0,35,63,0.0,0.0,2.1,112,18.67,2.33,769.4,-13.4,2309.0,31.528997,78.26555
HP-KNR,2021-02-01,0.5,6.3,-3.9,50,61,0.0,0.0,2.6,123,18.43,2.33,772.7,-8.6,2309.0,31.528997,78.26555
HP-KNR,2021-02-02,0.0,5.3,-3.7,45,65,0.5,0.0,2.4,78,19.05,2.35,772.2,-10.6,2309.0,31.528997,78.26555
HP-KNR,2021-02-03,-2.0,1.8,-5.9,59,73,3.9,0.0,2.9,45,13.16,1.56,772.8,-9.0,2309.0,31.528997,78.26555
HP-KNR,2021-02-04,-1.6,0.2,-3.2,75,82,10.6,0.0,2.5,20,10.98,1.29,772.9,-5.5,2309.0,31.528997,78.26555
HP-KNR,2021-02-05,-1.6,0.4,-4.4,74,87,3.8,0.0,2.1,106,15.56,1.8,770.5,-5.8,2309.0,31.528997,78.26555
HP-KNR,2021-02-06,-2.7,1.2,-5.9,34,58,0.0,0.0,4.2,123,20.07,2.2,770.1,-16.9,2309.0,31.528997,78.26555
HP-KNR,2021-02-07,0.8,4.8,-2.2,18,21,0.0,0.0,3.9,119,20.07,2.46,773.3,-20.9,2309.0,31.528997,78.26555
HP-KNR,2021-02-08,2.9,6.8,0.3,16,18,0.0,0.0,2.6,122,20.15,2.6,774.1,-20.5,2309.0,31.528997,78.26555
HP-KNR,2021-02-09,3.3,7.4,0.9,24,39,0.5,0.0,2.2,98,17.87,2.39,772.5,-16.2,2309.0,31.528997,78.26555
HP-KNR,2021-02-10,0.5,4.5,-3.0,33,44,0.0,0.0,2.9,118,20.24,2.46,770.6,-14.1,2309.0,31.528997,78.26555
HP-KNR,2021-02-11,1.0,6.1,-2.5,21,27,0.0,0.0,2.9,113,20.79,2.6,771.1,-19.4,2309.0,31.528997,78.26555
HP-KNR,2021-02-12,1.0,5.1,-2.2,14,16,0.0,0.0,3.0,105,21.02,2.58,772.0,-24.0,2309.0,31.528997,78.26555
HP-KNR,2021-02-13,1.9,5.7,-1.2,19,30,0.0,0.0,2.6,95,18.4,2.34,772.7,-19.8,2309.0,31.528997,78.26555
HP-KNR,2021-02-14,1.8,5.8,-1.1,35,40,0.0,0.0,2.4,103,20.84,2.66,772.0,-11.9,2309.0,31.528997,78.26555
HP-KNR,2021-02-15,-0.7,3.3,-3.9,42,55,0.0,0.0,2.4,95,20.81,2.47,770.8,-12.2,2309.0,31.528997,78.26555
HP-KNR,2021-02-16,-3.3,2.0,-9.7,57,76,0.0,0.0,3.1,108,20.76,2.35,769.8,-10.6,2309.0,31.528997,78.26555
HP-KNR,2021-02-17,-1.7,2.8,-5.4,43,49,0.0,0.0,2.6,131,21.63,2.55,771.6,-12.7,2309.0,31.528997,78.26555
HP-KNR,2021-02-18,-1.7,3.4,-5.8,44,61,0.0,0.0,2.9,136,21.68,2.57,773.4,-12.2,2309.0,31.528997,78.26555
HP-KNR,2021-02-19,0.8,6.9,-3.5,40,56,0.0,0.0,3.4,126,22.23,2.86,775.5,-11.4,2309.0,31.528997,78.26555
HP-KNR,2021-02-20,4.0,9.3,-0.2,28,48,0.0,0.0,2.8,124,21.71,3.02,776.2,-13.5,2309.0,31.528997,78.26555
HP-KNR,2021-02-21,6.1,9.8,3.1,33,56,0.0,0.0,2.3,114,21.39,3.03,776.2,-9.3,2309.0,31.528997,78.26555
HP-KNR,2021-02-22,6.0,10.0,1.2,40,67,0.0,0.0,2.4,114,19.33,2.82,776.1,-6.9,2309.0,31.528997,78.26555
HP-KNR,2021-02-23,4.9,8.3,1.2,61,74,0.2,0.0,2.3,15,20.78,2.94,775.0,-2.1,2309.0,31.528997,78.26555
HP-KNR,2021-02-24,3.8,8.1,-1.7,53,74,0.1,0.1,2.9,7,21.96,3.02,773.9,-5.3,2309.0,31.528997,78.26555
HP-KNR,2021-02-25,4.3,9.0,-0.4,56,64,0.0,0.0,2.7,125,20.88,2.98,773.5,-3.8,2309.0,31.528997,78.26555
HP-KNR,2021-02-26,4.7,9.2,-1.0,56,77,2.4,0.0,2.8,93,20.7,2.99,771.4,-3.6,2309.0,31.528997,78.26555
HP-KNR,2021-02-27,6.0,7.8,3.9,78,85,22.9,0.0,3.3,305,16.14,2.34,770.9,2.4,2309.0,31.528997,78.26555
HP-KNR,2021-02-28,2.4,6.7,-2.4,51,84,0.0,0.0,2.2,44,23.3,3.07,770.8,-7.8,2309.0,31.528997,78.26555
HP-KNR,2021-03-01,2.6,6.2,-1.3,31,41,0.0,0.0,2.2,69,23.7,3.14,771.5,-13.1,2309.0,31.528997,78.26555
HP-KNR,2021-03-02,3.5,9.2,-4.3,36,51,0.0,0.0,2.8,119,24.47,3.42,772.4,-10.6,2309.0,31.528997,78.26555
HP-KNR,2021-03-03,4.9,8.5,1.7,37,60,1.3,0.0,1.8,7,23.9,3.33,773.4,-9.0,2309.0,31.528997,78.26555
HP-KNR,2021-03-04,3.1,7.2,-0.8,49,73,0.0,0.0,2.1,178,24.11,3.25,773.1,-7.1,2309.0,31.528997,78.26555
HP-KNR,2021-03-05,1.2,6.4,-3.5,52,65,0.0,0.0,2.5,190,23.16,3.0,771.1,-7.9,2309.0,31.528997,78.26555
HP-KNR,2021-03-06,3.5,9.2,-3.8,37,64,1.9,0.0,3.3,148,23.72,3.34,771.5,-10.6,2309.0,31.528997,78.26555
HP-KNR,2021-03-07,4.4,6.9,2.7,78,93,29.8,0.1,1.5,290,14.81,2.18,774.4,0.9,2309.0,31.528997,78.26555
HP-KNR,2021-03-08,4.3,7.3,2.3,78,89,29.0,0.0,1.8,15,19.89,2.85,774.8,0.7,2309.0,31.528997,78.26555
HP-KNR,2021-03-09,2.7,6.2,0.0,46,71,0.0,0.0,2.3,100,25.33,3.35,774.6,-8.3,2309.0,31.528997,78.26555
HP-KNR,2021-03-10,1.6,4.5,-0.9,42,50,0.0,0.0,2.6,99,23.21,2.97,774.1,-10.1,2309.0,31.528997,78.26555
HP-KNR,2021-03-11,0.7,4.6,-4.4,44,65,0.0,0.0,2.7,95,24.93,3.09,775.3,-10.4,2309.0,31.528997,78.26555
HP-KNR,2021-03-12,1.4,5.3,-1.7,41,64,0.3,0.0,2.6,74,21.76,2.84,777.3,-10.9,2309.0,31.528997,78.26555
HP-KNR,2021-03-13,1.5,6.0,-3.9,57,75,0.0,0.0,3.2,113,25.91,3.29,777.6,-6.3,2309.0,31.528997,78.26555
HP-KNR,2021-03-14,3.3,7.2,0.2,36,46,0.0,0.0,2.7,94,25.46,3.5,774.4,-10.4,2309.0,31.528997,78.26555
HP-KNR,2021-03-15,1.7,6.3,-4.3,55,64,0.0,0.0,3.4,100,26.31,3.33,773.6,-6.4,2309.0,31.528997,78.26555
HP-KNR,2021-03-16,2.5,7.5,-2.3,53,67,0.0,0.0,3.1,101,26.11,3.51,774.0,-6.0,2309.0,31.528997,78.26555
HP-KNR,2021-03-17,3.7,7.7,0.7,53,73,0.0,0.0,2.2,81,25.75,3.62,774.2,-5.1,2309.0,31.528997,78.26555
HP-KNR,2021-03-18,2.0,7.3,-4.9,56,73,0.0,0.0,2.9,90,26.67,3.58,774.6,-6.0,2309.0,31.528997,78.26555
HP-KNR,2021-03-19,3.5,7.3,0.6,45,61,0.0,0.0,2.3,91,26.37,3.69,775.2,-7.4,2309.0,31.528997,78.26555
HP-KNR,2021-03-20,2.3,6.9,-3.6,53,65,0.0,0.0,3.4,108,27.15,3.7,773.1,-6.5,2309.0,31.528997,78.26555
HP-KNR,2021-03-21,3.8,7.2,0.2,44,69,0.0,0.0,2.7,96,26.81,3.72,773.8,-7.5,2309.0,31.528997,78.26555
HP-KNR,2021-03-22,3.5,4.9,0.2,81,94,12.0,0.0,2.9,55,14.32,2.01,776.9,0.5,2309.0,31.528997,78.26555
HP-KNR,2021-03-23,1.5,4.9,-2.8,76,96,12.8,0.0,3.2,68,15.76,2.15,776.8,-2.6,2309.0,31.528997,78.26555
HP-KNR,2021-03-24,1.4,6.0,-3.7,59,90,0.0,0.0,2.7,99,26.72,3.53,774.9,-6.1,2309.0,31.528997,78.26555
HP-KNR,2021-03-25,1.9,7.1,-1.7,42,62,0.0,0.0,3.5,120,28.6,3.74,773.7,-10.0,2309.0,31.528997,78.26555
HP-KNR,2021-03-26,3.5,8.1,-0.2,21,29,0.0,0.0,3.8,108,28.98,4.03,775.3,-16.9,2309.0,31.528997,78.26555
HP-KNR,2021-03-27,5.0,10.7,1.1,23,35,0.0,0.0,2.7,116,28.52,4.12,775.0,-14.7,2309.0,31.528997,78.26555
HP-KNR,2021-03-28,6.5,11.8,2.4,33,54,0.0,0.0,3.2,133,28.04,4.22,774.2,-9.0,2309.0,31.528997,78.26555
HP-KNR,2021-03-29,7.5,10.0,3.2,75,86,16.0,0.0,3.6,241,19.2,2.99,774.4,3.4,2309.0,31.528997,78.26555
HP-KNR,2021-03-30,7.6,10.1,2.5,74,94,4.6,0.0,3.9,282,22.34,3.42,770.2,3.1,2309.0,31.528997,78.26555
HP-KNR,2021-03-31,7.0,10.5,2.2,51,89,0.0,0.0,2.9,234,28.99,4.36,767.5,-4.1,2309.0,31.528997,78.26555
HP-KNR,2021-04-01,5.8,8.6,1.8,37,55,0.0,0.0,3.0,243,28.93,4.15,766.5,-7.8,2309.0,31.528997,78.26555
HP-KNR,2021-04-02,3.1,6.6,-4.0,39,62,0.0,0.0,3.0,221,29.23,4.01,767.2,-10.2,2309.0,31.528997,78.26555
HP-KNR,2021-04-03,2.2,8.1,-3.4,35,55,0.0,0.0,3.3,130,30.03,4.17,770.4,-12.2,2309.0,31.528997,78.26555
HP-KNR,2021-04-04,5.6,10.5,0.5,28,49,0.6,0.0,2.9,130,28.94,4.3,774.9,-11.6,2309.0,31.528997,78.26555
HP-KNR,2021-04-05,6.4,7.9,4.3,76,94,13.0,0.0,2.5,146,18.95,2.89,777.5,2.4,2309.0,31.528997,78.26555
HP-KNR,2021-04-06,6.5,7.6,4.8,82,98,24.0,0.0,2.7,5,17.44,2.68,777.3,3.6,2309.0,31.528997,78.26555
HP-KNR,2021-04-07,5.2,7.1,2.9,79,92,13.8,0.0,2.6,12,25.93,3.75,776.2,1.8,2309.0,31.528997,78.26555
HP-KNR,2021-04-08,3.7,6.9,1.9,73,84,5.3,0.1,1.9,63,25.14,3.53,774.5,-0.8,2309.0,31.528997,78.26555
HP-KNR,2021-04-09,3.0,7.6,-2.6,60,80,0.0,0.0,2.6,89,29.67,4.09,774.6,-4.1,2309.0,31.528997,78.26555
HP-KNR,2021-04-10,2.5,7.3,-4.6,51,69,0.0,0.0,3.4,101,30.38,4.08,776.4,-6.8,2309.0,31.528997,78.26555
HP-KNR,2021-04-11,2.3,7.3,-5.3,51,71,0.0,0.0,3.6,105,30.66,4.07,777.1,-7.1,2309.0,31.528997,78.26555
HP-KNR,2021-04-12,3.9,7.5,0.6,54,69,0.7,0.0,2.6,99,25.28,3.51,778.5,-4.6,2309.0,31.528997,78.26555
HP-KNR,2021-04-13,3.8,9.1,-3.8,52,72,0.0,0.0,3.9,106,30.81,4.35,777.8,-5.6,2309.0,31.528997,78.26555
HP-KNR,2021-04-14,6.0,9.2,2.6,43,64,0.0,0.0,2.5,83,29.37,4.33,777.6,-5.8,2309.0,31.528997,78.26555
HP-KNR,2021-04-15,5.2,8.5,0.1,56,71,0.0,0.0,2.9,95,30.23,4.35,777.0,-3.0,2309.0,31.528997,78.26555
HP-KNR,2021-04-16,4.6,8.8,-3.3,65,90,0.0,0.0,3.2,97,28.84,4.19,775.2,-1.6,2309.0,31.528997,78.26555
HP-KNR,2021-04-17,6.5,7.4,5.3,76,87,5.7,0.0,2.2,23,21.31,3.18,775.5,2.5,2309.0,31.528997,78.26555
HP-KNR,2021-04-18,6.6,10.0,0.9,73,90,2.1,0.0,3.3,149,28.8,4.42,776.5,1.9,2309.0,31.528997,78.26555
HP-KNR,2021-04-19,5.2,10.4,-0.9,54,74,0.0,0.0,3.1,138,31.19,4.69,772.8,-3.5,2309.0,31.528997,78.26555
HP-KNR,2021-04-20,4.6,8.6,2.3,63,94,17.6,0.0,2.6,70,21.1,3.13,773.8,-2.3,2309.0,31.528997,78.26555
HP-KNR,2021-04-21,5.3,7.3,2.7,79,93,17.3,0.1,3.7,15,19.31,2.84,773.7,1.9,2309.0,31.528997,78.26555
HP-KNR,2021-04-22,4.9,6.7,2.2,85,94,9.3,0.0,2.6,195,23.36,3.45,773.5,2.6,2309.0,31.528997,78.26555
HP-KNR,2021-04-23,3.7,5.1,2.3,82,93,37.4,0.1,2.2,49,13.27,1.91,773.5,0.9,2309.0,31.528997,78.26555
HP-KNR,2021-04-24,4.7,8.6,1.2,50,78,0.0,0.0,3.1,103,32.53,4.66,775.1,-5.6,2309.0,31.528997,78.26555
HP-KNR,2021-04-25,5.5,10.2,1.6,25,37,0.0,0.0,3.5,111,33.21,4.9,778.0,-13.3,2309.0,31.528997,78.26555
HP-KNR,2021-04-26,5.8,9.9,2.0,17,24,0.0,0.0,3.1,109,32.99,4.85,777.4,-17.3,2309.0,31.528997,78.26555
HP-KNR,2021-04-27,6.2,11.3,2.0,28,36,0.0,0.0,2.9,114,32.65,4.9,778.2,-11.3,2309.0,31.528997,78.26555
HP-KNR,2021-04-28,6.2,10.3,1.8,28,33,0.0,0.0,2.9,110,32.52,4.83,779.1,-10.9,2309.0,31.528997,78.26555
HP-KNR,2021-04-29,5.1,9.2,-1.4,55,73,0.0,0.0,3.1,105,31.76,4.5,778.3,-3.3,2309.0,31.528997,78.26555
HP-KNR,2021-04-30,4.6,9.8,-4.9,61,81,0.0,0.0,4.1,108,32.08,4.66,776.3,-2.6,2309.0,31.528997,78.26555
HP-KNR,2021-05-01,5.1,10.0,-3.1,61,83,0.0,0.0,3.6,103,32.17,4.77,776.3,-2.1,2309.0,31.528997,78.26555
HP-KNR,2021-05-02,8.2,10.9,2.8,56,83,0.0,0.0,3.6,109,30.72,4.77,778.1,-0.3,2309.0,31.528997,78.26555
HP-KNR,2021-05-03,6.1,11.8,-2.6,65,97,0.0,0.0,3.8,130,31.56,4.93,774.1,-0.5,2309.0,31.528997,78.26555
HP-KNR,2021-05-04,9.6,13.1,3.6,59,76,2.8,1.2,3.6,126,29.76,4.87,775.7,1.9,2309.0,31.528997,78.26555
HP-KNR,2021-05-05,10.2,11.2,9.0,78,85,1.0,0.5,2.3,65,24.44,4.03,777.1,6.6,2309.0,31.528997,78.26555
HP-KNR,2021-05-06,10.1,12.4,6.6,69,87,0.0,0.0,2.9,111,27.42,4.51,777.4,4.5,2309.0,31.528997,78.26555
HP-KNR,2021-05-07,8.9,10.0,5.5,82,100,6.0,0.5,2.6,42,19.98,3.23,777.8,6.0,2309.0,31.528997,78.26555
HP-KNR,2021-05-08,8.7,11.0,4.9,75,98,0.0,0.0,2.9,94,26.96,4.39,777.1,4.4,2309.0,31.528997,78.26555
HP-KNR,2021-05-09,9.6,11.3,7.4,71,80,0.0,0.0,2.3,97,27.92,4.58,776.5,4.5,2309.0,31.528997,78.26555
HP-KNR,2021-05-10,9.3,12.1,5.2,68,85,0.0,0.0,3.1,135,31.58,5.17,774.6,3.5,2309.0,31.528997,78.26555
HP-KNR,2021-05-11,9.9,12.7,6.6,67,79,0.0,0.0,3.1,116,28.82,4.78,774.4,4.0,2309.0,31.528997,78.26555
HP-KNR,2021-05-12,10.1,11.8,7.6,72,77,0.1,0.1,1.8,83,24.14,4.01,772.7,5.3,2309.0,31.528997,78.26555
HP-KNR,2021-05-13,8.3,10.3,4.5,85,99,4.1,0.3,3.1,102,18.89,3.07,771.9,5.9,2309.0,31.528997,78.26555
HP-KNR,2021-05-14,8.4,12.3,3.2,68,96,0.0,0.0,3.1,132,29.05,4.72,772.2,2.7,2309.0,31.528997,78.26555
HP-KNR,2021-05-15,10.2,13.4,6.9,56,71,0.0,0.0,2.2,98,30.2,5.0,775.2,1.7,2309.0,31.528997,78.26555
HP-KNR,2021-05-16,10.0,14.5,4.3,56,79,0.0,0.0,3.1,91,31.37,5.22,777.1,1.4,2309.0,31.528997,78.26555
HP-KNR,2021-05-17,11.9,15.3,6.8,54,67,0.0,0.0,2.7,76,30.12,5.15,778.8,2.7,2309.0,31.528997,78.26555
HP-KNR,2021-05-18,12.2,14.7,9.2,55,71,0.0,0.0,2.4,81,22.0,3.85,777.8,3.3,2309.0,31.528997,78.26555
HP-KNR,2021-05-19,9.0,10.8,8.2,89,100,25.8,7.7,1.8,66,10.48,1.84,774.2,7.2,2309.0,31.528997,78.26555
HP-KNR,2021-05-20,8.8,10.3,7.0,96,100,39.7,18.5,2.4,98,11.58,1.98,772.4,8.2,2309.0,31.528997,78.26555
HP-KNR,2021-05-21,9.2,13.5,4.2,48,88,0.0,0.0,2.9,94,30.71,4.94,774.1,-2.2,2309.0,31.528997,78.26555
HP-KNR,2021-05-22,9.8,13.2,6.1,45,68,0.0,0.0,2.2,83,33.3,5.33,775.1,-1.8,2309.0,31.528997,78.26555
HP-KNR,2021-05-23,10.5,13.3,8.1,49,71,0.3,0.0,2.2,82,27.63,4.59,776.0,0.1,2309.0,31.528997,78.26555
HP-KNR,2021-05-24,8.9,10.6,7.4,78,88,1.8,0.5,2.3,89,27.23,4.34,775.7,5.2,2309.0,31.528997,78.26555
HP-KNR,2021-05-25,9.8,13.1,5.6,62,77,0.0,0.0,2.9,74,30.84,5.02,774.7,2.9,2309.0,31.528997,78.26555
HP-KNR,2021-05-26,8.6,12.6,3.3,66,86,0.0,0.0,3.1,99,33.08,5.31,773.0,2.5,2309.0,31.528997,78.26555
HP-KNR,2021-05-27,10.8,14.3,7.7,49,72,0.0,0.0,3.0,113,34.05,5.68,774.6,0.1,2309.0,31.528997,78.26555
HP-KNR,2021-05-28,11.3,16.2,7.6,46,80,0.0,0.0,4.2,118,34.26,5.79,775.1,-0.3,2309.0,31.528997,78.26555
HP-KNR,2021-05-29,13.2,18.2,7.8,32,55,0.0,0.0,4.2,119,32.79,5.78,776.8,-3.7,2309.0,31.528997,78.26555
HP-KNR,2021-05-30,13.5,18.3,7.6,51,87,0.0,0.0,3.9,125,25.73,4.67,776.4,2.9,2309.0,31.528997,78.26555
HP-KNR,2021-05-31,12.6,18.6,2.5,68,97,3.9,3.9,6.8,187,24.25,4.43,774.3,6.6,2309.0,31.528997,78.26555
HP-KNR,2021-06-01,12.1,17.3,8.1,86,100,9.4,9.3,4.6,108,17.14,3.16,775.9,9.8,2309.0,31.528997,78.26555
HP-KNR,2021-06-02,13.2,19.3,6.5,71,97,0.6,0.6,5.9,170,26.59,4.84,776.7,7.7,2309.0,31.528997,78.26555
HP-KNR,2021-06-03,14.3,18.9,9.0,73,99,5.2,5.2,4.3,178,24.51,4.53,778.5,9.2,2309.0,31.528997,78.26555
HP-KNR,2021-06-04,14.2,20.3,6.2,68,100,1.9,1.9,5.5,191,25.96,4.89,778.7,7.9,2309.0,31.528997,78.26555
HP-KNR,2021-06-05,16.4,20.4,9.8,56,70,0.5,0.5,4.9,189,23.17,4.41,778.6,7.5,2309.0,31.528997,78.26555
HP-KNR,2021-06-06,14.6,21.1,5.9,69,93,0.7,0.7,4.7,166,24.96,4.74,777.6,8.6,2309.0,31.528997,78.26555
HP-KNR,2021-06-07,16.9,24.2,6.6,62,88,0.0,0.0,5.2,143,29.66,5.78,776.7,9.1,2309.0,31.528997,78.26555
HP-KNR,2021-06-08,20.3,27.2,12.3,49,69,0.0,0.0,5.2,114,31.89,6.41,777.4,8.3,2309.0,31.528997,78.26555
HP-KNR,2021-06-09,20.4,27.8,12.7,52,95,0.0,0.0,7.0,183,30.82,6.3,776.6,9.4,2309.0,31.528997,78.26555
HP-KNR,2021-06-10,18.7,26.5,9.0,67,97,0.0,0.0,5.8,187,28.66,5.79,774.8,11.7,2309.0,31.528997,78.26555
HP-KNR,2021-06-11,19.3,26.3,10.8,64,86,0.0,0.0,5.4,182,29.17,5.88,774.6,11.7,2309.0,31.528997,78.26555
HP-KNR,2021-06-12,18.8,22.5,14.9,67,80,0.8,0.8,5.8,218,21.43,4.31,775.4,12.5,2309.0,31.528997,78.26555
HP-KNR,2021-06-13,17.9,22.7,12.3,70,86,2.2,2.2,6.9,243,23.66,4.62,775.4,12.3,2309.0,31.528997,78.26555
HP-KNR,2021-06-14,18.2,23.2,14.9,68,85,1.5,1.5,9.8,256,24.2,4.75,773.8,11.8,2309.0,31.528997,78.26555
HP-KNR,2021-06-15,17.3,23.2,9.7,64,99,0.1,0.1,7.9,265,28.86,5.58,771.0,9.7,2309.0,31.528997,78.26555
HP-KNR,2021-06-16,16.7,19.2,11.3,72,94,4.3,4.3,5.3,312,10.75,2.25,772.6,11.5,2309.0,31.528997,78.26555
HP-KNR,2021-06-17,17.9,20.6,15.0,78,100,8.0,8.0,7.5,246,17.55,3.4,774.9,13.9,2309.0,31.528997,78.26555
HP-KNR,2021-06-18,14.7,16.2,10.7,86,100,43.1,43.1,4.8,156,3.45,0.92,775.2,12.3,2309.0,31.528997,78.26555
HP-KNR,2021-06-19,16.1,20.7,9.0,81,100,11.4,11.4,5.5,165,17.5,3.47,774.6,12.6,2309.0,31.528997,78.26555
HP-KNR,2021-06-20,16.8,20.0,14.1,79,91,12.9,12.9,5.2,209,13.23,2.67,775.9,13.1,2309.0,31.528997,78.26555
HP-KNR,2021-06-21,17.0,23.9,10.1,75,96,7.5,7.5,7.0,179,26.18,5.1,776.5,11.9,2309.0,31.528997,78.26555
HP-KNR,2021-06-22,17.3,23.7,9.8,71,100,2.7,2.7,7.4,238,25.82,5.05,776.9,11.3,2309.0,31.528997,78.26555
HP-KNR,2021-06-23,17.3,21.8,11.0,65,88,1.4,1.4,6.5,229,26.08,5.02,778.1,10.4,2309.0,31.528997,78.26555
HP-KNR,2021-06-24,17.7,22.6,10.6,63,87,1.1,1.1,5.4,197,27.34,5.3,777.4,10.1,2309.0,31.528997,78.26555
HP-KNR,2021-06-25,17.2,22.0,12.0,68,86,5.6,5.6,5.9,229,27.41,5.24,776.2,10.8,2309.0,31.528997,78.26555
HP-KNR,2021-06-26,17.2,21.7,11.3,70,94,1.9,1.9,6.3,231,25.59,4.9,777.5,11.4,2309.0,31.528997,78.26555
HP-KNR,2021-06-27,18.6,24.1,11.7,63,80,0.0,0.0,5.9,173,28.4,5.58,780.6,11.0,2309.0,31.528997,78.26555
HP-KNR,2021-06-28,18.9,24.2,11.5,71,91,0.5,0.5,5.9,220,25.86,5.14,779.7,13.3,2309.0,31.528997,78.26555
HP-KNR,2021-06-29,20.0,26.2,13.3,72,93,0.0,0.0,6.4,176,28.9,5.85,778.3,14.2,2309.0,31.528997,78.26555
HP-KNR,2021-06-30,20.2,25.1,14.1,73,100,0.0,0.0,6.7,229,27.46,5.52,776.4,14.8,2309.0,31.528997,78.26555
HP-KNR,2021-07-01,19.7,24.4,15.1,72,89,2.3,2.3,7.1,225,25.59,5.11,775.0,14.4,2309.0,31.528997,78.26555
HP-KNR,2021-07-02,18.6,22.2,14.7,74,91,3.2,3.2,6.5,232,24.1,4.66,775.5,13.6,2309.0,31.528997,78.26555
HP-KNR,2021-07-03,18.4,22.8,13.5,68,90,0.7,0.7,7.2,230,26.09,5.05,776.8,12.0,2309.0,31.528997,78.26555
HP-KNR,2021-07-04,19.0,23.9,11.6,64,94,0.0,0.0,7.6,246,27.12,5.34,778.2,11.7,2309.0,31.528997,78.26555
HP-KNR,2021-07-05,19.4,23.7,14.1,70,86,2.3,2.3,6.6,234,24.25,4.81,778.9,13.6,2309.0,31.528997,78.26555
HP-KNR,2021-07-06,19.7,25.3,12.6,72,100,0.2,0.2,7.2,213,26.7,5.39,778.0,13.9,2309.0,31.528997,78.26555
HP-KNR,2021-07-07,19.6,25.6,12.9,71,100,0.8,0.8,7.3,232,26.92,5.44,777.4,13.6,2309.0,31.528997,78.26555
HP-KNR,2021-07-08,19.2,24.5,12.8,74,99,2.4,2.4,7.1,226,24.84,5.02,777.3,13.9,2309.0,31.528997,78.26555
HP-KNR,2021-07-09,20.3,25.7,14.6,76,97,1.1,1.1,7.0,237,23.37,4.75,778.2,15.7,2309.0,31.528997,78.26555
HP-KNR,2021-07-10,21.1,25.8,16.6,74,92,0.6,0.6,7.0,242,24.42,5.0,778.4,16.0,2309.0,31.528997,78.26555
HP-KNR,2021-07-11,21.1,25.1,17.8,77,91,0.9,0.9,7.2,246,21.94,4.51,779.3,16.8,2309.0,31.528997,78.26555
HP-KNR,2021-07-12,19.9,21.8,18.4,77,93,14.3,14.3,5.8,263,12.65,2.68,780.2,15.6,2309.0,31.528997,78.26555
HP-KNR,2021-07-13,18.7,19.6,18.0,83,91,12.3,12.3,3.7,280,6.9,1.58,779.5,15.8,2309.0,31.528997,78.26555
HP-KNR,2021-07-14,19.8,23.3,16.6,76,90,0.9,0.9,6.0,250,20.49,4.17,779.1,15.2,2309.0,31.528997,78.26555
HP-KNR,2021-07-15,20.7,25.1,17.5,75,86,1.3,1.3,7.1,239,24.28,4.93,780.0,16.0,2309.0,31.528997,78.26555
HP-KNR,2021-07-16,21.3,25.6,16.4,77,97,0.0,0.0,6.3,241,25.96,5.3,781.4,16.8,2309.0,31.528997,78.26555
HP-KNR,2021-07-17,22.9,27.2,19.5,77,90,0.6,0.6,6.1,249,25.88,5.4,779.8,18.5,2309.0,31.528997,78.26555
HP-KNR,2021-07-18,23.6,28.4,20.5,78,92,0.6,0.6,7.1,241,25.35,5.39,777.1,19.2,2309.0,31.528997,78.26555
HP-KNR,2021-07-19,20.1,21.8,18.8,82,95,32.3,32.3,3.3,195,4.78,1.22,775.8,16.9,2309.0,31.528997,78.26555
HP-KNR,2021-07-20,19.8,22.5,18.4,78,87,3.6,3.6,5.1,249,12.32,2.6,775.2,15.9,2309.0,31.528997,78.26555
HP-KNR,2021-07-21,19.7,20.9,18.1,87,95,10.1,10.1,4.0,260,7.71,1.67,774.5,17.4,2309.0,31.528997,78.26555
HP-KNR,2021-07-22,19.3,20.5,17.9,84,91,6.9,6.9,2.9,256,8.13,1.79,774.3,16.5,2309.0,31.528997,78.26555
HP-KNR,2021-07-23,20.9,23.9,18.7,82,92,5.3,5.3,6.2,246,16.7,3.47,776.1,17.6,2309.0,31.528997,78.26555
HP-KNR,2021-07-24,20.7,25.3,15.8,81,97,2.4,2.4,6.6,234,19.88,4.12,777.2,17.1,2309.0,31.528997,78.26555
HP-KNR,2021-07-25,22.1,27.0,17.1,84,100,0.6,0.6,7.1,241,20.59,4.28,777.2,19.0,2309.0,31.528997,78.26555
HP-KNR,2021-07-26,22.7,26.3,19.5,88,99,8.5,8.5,6.5,245,19.77,4.14,776.0,20.5,2309.0,31.528997,78.26555
HP-KNR,2021-07-27,23.6,27.7,20.6,81,92,6.7,6.7,6.6,246,23.28,4.91,774.1,20.1,2309.0,31.528997,78.26555
HP-KNR,2021-07-28,20.6,23.2,19.1,87,95,14.4,14.4,4.4,264,9.32,2.09,774.5,18.4,2309.0,31.528997,78.26555
HP-KNR,2021-07-29,20.3,23.0,18.9,82,93,11.6,11.6,5.4,297,11.58,2.52,774.6,17.1,2309.0,31.528997,78.26555
HP-KNR,2021-07-30,20.0,22.4,18.2,81,89,5.2,5.2,5.0,259,10.8,2.28,776.2,16.6,2309.0,31.528997,78.26555
HP-KNR,2021-07-31,19.5,22.6,17.8,81,88,1.3,1.3,6.3,249,12.21,2.55,776.9,16.2,2309.0,31.528997,78.26555
HP-KNR,2021-08-01,20.5,24.8,16.9,79,92,1.4,1.4,7.5,263,22.94,4.62,775.4,16.6,2309.0,31.528997,78.26555
HP-KNR,2021-08-02,20.6,24.3,18.5,83,90,7.1,7.1,6.6,271,17.15,3.51,776.7,17.5,2309.0,31.528997,78.26555
HP-KNR,2021-08-03,20.5,24.1,18.7,81,91,4.1,4.1,5.7,254,16.88,3.48,777.7,17.1,2309.0,31.528997,78.26555
HP-KNR,2021-08-04,20.3,24.0,16.8,79,94,1.4,1.4,6.3,251,20.63,4.16,777.7,16.4,2309.0,31.528997,78.26555
HP-KNR,2021-08-05,20.2,24.5,16.3,76,90,0.8,0.8,7.0,247,22.46,4.51,776.8,15.8,2309.0,31.528997,78.26555
HP-KNR,2021-08-06,19.9,23.5,15.9,79,97,2.0,2.0,6.5,240,21.55,4.28,777.1,16.1,2309.0,31.528997,78.26555
HP-KNR,2021-08-07,20.1,24.0,16.8,79,92,2.2,2.2,7.8,237,20.66,4.18,778.4,16.1,2309.0,31.528997,78.26555
HP-KNR,2021-08-08,19.6,22.0,17.1,82,94,1.1,1.1,5.4,261,13.12,2.73,779.3,16.4,2309.0,31.528997,78.26555
HP-KNR,2021-08-09,19.5,22.0,17.8,80,92,4.5,4.5,4.7,245,11.38,2.39,779.0,15.9,2309.0,31.528997,78.26555
HP-KNR,2021-08-10,19.6,24.4,14.9,73,96,0.0,0.0,7.6,243,24.43,4.87,777.6,14.4,2309.0,31.528997,78.26555
HP-KNR,2021-08-11,20.1,25.5,16.2,73,89,0.9,0.9,7.2,258,24.46,4.89,777.9,14.9,2309.0,31.528997,78.26555
HP-KNR,2021-08-12,19.9,24.8,13.6,76,99,0.1,0.1,5.9,217,23.03,4.66,778.5,15.1,2309.0,31.528997,78.26555
HP-KNR,2021-08-13,19.7,24.7,14.7,79,98,2.5,2.5,7.2,227,23.12,4.62,777.3,15.8,2309.0,31.528997,78.26555
HP-KNR,2021-08-14,19.2,23.9,14.9,77,99,0.5,0.5,6.7,234,23.23,4.62,775.0,14.6,2309.0,31.528997,78.26555
HP-KNR,2021-08-15,18.7,24.1,13.7,71,100,0.6,0.6,8.0,236,25.82,5.02,776.2,12.7,2309.0,31.528997,78.26555
HP-KNR,2021-08-16,18.4,24.1,10.3,62,95,0.0,0.0,7.0,238,27.15,5.3,778.7,10.4,2309.0,31.528997,78.26555
HP-KNR,2021-08-17,18.5,23.9,11.2,68,95,0.0,0.0,7.3,233,25.58,5.04,779.2,12.0,2309.0,31.528997,78.26555
HP-KNR,2021-08-18,19.9,25.4,13.7,69,90,0.3,0.3,6.5,247,24.31,4.91,778.2,13.7,2309.0,31.528997,78.26555
HP-KNR,2021-08-19,20.9,26.0,17.6,80,95,4.9,4.9,7.1,252,20.82,4.26,778.1,17.0,2309.0,31.528997,78.26555
HP-KNR,2021-08-20,19.4,21.0,18.8,88,95,10.5,10.5,4.7,249,5.99,1.37,779.6,17.4,2309.0,31.528997,78.26555
HP-KNR,2021-08-21,19.4,22.2,17.0,82,93,9.5,9.5,5.2,243,10.14,2.2,781.3,16.2,2309.0,31.528997,78.26555
HP-KNR,2021-08-22,19.8,23.5,16.0,82,97,0.6,0.6,6.2,241,17.96,3.59,780.6,16.5,2309.0,31.528997,78.26555
HP-KNR,2021-08-23,19.8,25.2,13.4,78,98,0.0,0.0,6.7,218,23.6,4.73,778.3,15.7,2309.0,31.528997,78.26555
HP-KNR,2021-08-24,21.0,25.4,16.2,76,95,1.2,1.2,8.4,236,21.55,4.42,777.4,16.4,2309.0,31.528997,78.26555
HP-KNR,2021-08-25,21.7,25.6,19.1,79,92,0.2,0.2,7.6,251,22.15,4.55,776.1,17.8,2309.0,31.528997,78.26555
HP-KNR,2021-08-26,21.3,26.1,16.8,80,98,0.0,0.0,7.3,236,20.55,4.27,775.1,17.4,2309.0,31.528997,78.26555
HP-KNR,2021-08-27,20.9,23.4,19.5,83,93,5.2,5.2,6.1,259,11.49,2.47,776.7,17.9,2309.0,31.528997,78.26555
HP-KNR,2021-08-28,18.9,20.5,16.8,83,93,4.1,4.1,4.4,267,10.43,2.17,776.8,15.9,2309.0,31.528997,78.26555
HP-KNR,2021-08-29,17.9,22.7,12.5,73,99,0.6,0.6,6.6,234,20.84,4.1,777.1,12.5,2309.0,31.528997,78.26555
HP-KNR,2021-08-30,17.0,22.8,9.4,68,100,0.2,0.2,7.2,247,23.42,4.53,778.9,10.4,2309.0,31.528997,78.26555
HP-KNR,2021-08-31,18.0,22.1,14.8,67,85,0.9,0.9,5.2,257,20.37,4.0,781.4,11.6,2309.0,31.528997,78.26555
HP-KNR,2021-09-01,17.3,20.9,13.4,77,93,5.4,5.4,5.9,221,11.02,2.26,780.9,13.1,2309.0,31.528997,78.26555
HP-KNR,2021-09-02,18.1,19.6,17.0,79,87,14.1,14.1,3.7,270,6.1,1.43,780.0,14.3,2309.0,31.528997,78.26555
HP-KNR,2021-09-03,18.7,21.9,16.2,79,93,7.4,7.4,4.7,257,14.65,2.99,778.8,14.8,2309.0,31.528997,78.26555
HP-KNR,2021-09-04,19.2,22.4,16.4,78,90,1.6,1.6,5.9,242,15.82,3.25,778.2,15.2,2309.0,31.528997,78.26555
HP-KNR,2021-09-05,19.1,24.6,14.8,78,100,1.8,1.8,6.8,203,22.48,4.46,778.7,14.8,2309.0,31.528997,78.26555
HP-KNR,2021-09-06,19.2,25.0,13.3,80,100,0.8,0.8,7.3,214,23.11,4.61,780.2,15.2,2309.0,31.528997,78.26555
HP-KNR,2021-09-07,20.0,24.2,15.5,78,94,0.4,0.4,7.2,231,20.42,4.06,781.5,15.8,2309.0,31.528997,78.26555
HP-KNR,2021-09-08,19.1,22.1,16.4,82,93,2.5,2.5,6.3,251,14.25,2.85,780.6,16.0,2309.0,31.528997,78.26555
HP-KNR,2021-09-09,18.4,21.1,16.5,80,93,2.3,2.3,5.0,250,11.12,2.21,779.5,15.0,2309.0,31.528997,78.26555
HP-KNR,2021-09-10,18.4,21.9,16.0,81,91,3.3,3.3,6.0,256,13.18,2.67,779.6,15.1,2309.0,31.528997,78.26555
HP-KNR,2021-09-11,18.2,21.4,16.3,84,93,14.6,14.6,6.6,267,12.79,2.56,779.6,15.4,2309.0,31.528997,78.26555
HP-KNR,2021-09-12,17.4,18.5,16.2,83,95,17.1,17.1,4.0,268,5.08,1.21,777.9,14.5,2309.0,31.528997,78.26555
HP-KNR,2021-09-13,17.6,18.9,16.7,79,85,12.3,12.3,4.0,258,7.55,1.61,778.2,13.9,2309.0,31.528997,78.26555
HP-KNR,2021-09-14,17.6,21.2,15.8,68,82,10.2,10.2,2.5,24,11.03,2.22,780.7,11.6,2309.0,31.528997,78.26555
HP-KNR,2021-09-15,19.8,25.1,16.6,63,85,0.7,0.7,6.2,239,23.49,4.65,780.9,12.1,2309.0,31.528997,78.26555
HP-KNR,2021-09-16,18.1,23.6,11.9,72,95,0.2,0.2,6.6,204,22.6,4.36,778.5,12.5,2309.0,31.528997,78.26555
HP-KNR,2021-09-17,19.1,24.4,14.8,73,93,0.0,0.0,7.3,229,21.86,4.3,778.5,13.9,2309.0,31.528997,78.26555
HP-KNR,2021-09-18,19.2,26.3,12.7,73,99,0.0,0.0,6.6,202,23.91,4.74,780.2,13.7,2309.0,31.528997,78.26555
HP-KNR,2021-09-19,19.9,25.6,14.6,70,97,0.4,0.4,6.2,199,22.78,4.55,781.9,14.0,2309.0,31.528997,78.26555
HP-KNR,2021-09-20,18.9,24.5,14.0,77,95,2.1,2.1,7.1,225,20.52,4.04,780.9,14.4,2309.0,31.528997,78.26555
HP-KNR,2021-09-21,17.8,22.3,12.7,75,99,0.2,0.2,6.6,238,20.31,3.9,779.4,12.8,2309.0,31.528997,78.26555
HP-KNR,2021-09-22,17.0,20.0,15.4,78,88,9.0,9.0,5.8,260,13.21,2.6,778.7,13.1,2309.0,31.528997,78.26555
HP-KNR,2021-09-23,16.5,18.1,15.6,80,85,14.4,14.4,4.7,265,4.68,1.12,779.8,13.0,2309.0,31.528997,78.26555
HP-KNR,2021-09-24,17.3,20.6,15.5,78,85,12.9,12.9,4.7,267,11.96,2.38,781.4,13.4,2309.0,31.528997,78.26555
HP-KNR,2021-09-25,17.5,22.0,13.8,69,86,3.1,3.1,5.6,186,20.49,3.89,780.2,11.5,2309.0,31.528997,78.26555
HP-KNR,2021-09-26,17.4,23.7,10.9,68,91,2.8,2.8,6.3,188,22.58,4.32,780.0,11.0,2309.0,31.528997,78.26555
HP-KNR,2021-09-27,17.9,24.0,11.0,73,99,0.8,0.8,6.7,232,21.29,4.12,781.0,12.6,2309.0,31.528997,78.26555
HP-KNR,2021-09-28,17.3,22.0,12.2,77,92,1.0,1.0,5.5,196,19.01,3.63,781.6,13.0,2309.0,31.528997,78.26555
HP-KNR,2021-09-29,17.3,23.3,12.0,77,100,0.0,0.0,6.3,200,19.75,3.84,781.9,12.9,2309.0,31.528997,78.26555
HP-KNR,2021-09-30,17.5,23.7,12.0,79,100,0.0,0.0,6.6,201,20.07,3.87,782.1,13.4,2309.0,31.528997,78.26555
HP-KNR,2021-10-01,18.3,23.0,14.7,74,90,2.6,2.6,8.4,207,18.63,3.61,781.9,13.4,2309.0,31.528997,78.26555
HP-KNR,2021-10-02,18.3,22.1,13.9,67,83,0.0,0.0,6.8,223,17.88,3.49,780.4,11.7,2309.0,31.528997,78.26555
HP-KNR,2021-10-03,18.6,22.5,15.8,63,77,0.0,0.0,6.2,240,20.01,3.89,778.7,11.2,2309.0,31.528997,78.26555
HP-KNR,2021-10-04,16.7,21.0,10.4,65,97,0.1,0.1,6.8,235,19.0,3.57,778.3,9.4,2309.0,31.528997,78.26555
HP-KNR,2021-10-05,15.1,21.3,8.3,57,92,0.0,0.0,6.8,230,21.43,3.92,779.7,6.2,2309.0,31.528997,78.26555
HP-KNR,2021-10-06,16.0,22.1,4.5,51,93,0.0,0.0,5.1,227,22.82,4.18,779.8,5.1,2309.0,31.528997,78.26555
HP-KNR,2021-10-07,15.8,23.5,6.7,62,93,0.0,0.0,5.9,207,22.38,4.21,777.6,7.7,2309.0,31.528997,78.26555
HP-KNR,2021-10-08,16.6,22.9,9.1,52,83,0.0,0.0,6.3,206,22.29,4.17,777.6,6.0,2309.0,31.528997,78.26555
HP-KNR,2021-10-09,14.3,21.3,5.0,56,93,0.0,0.0,7.3,248,22.41,4.08,777.1,4.7,2309.0,31.528997,78.26555
HP-KNR,2021-10-10,14.8,20.2,9.9,48,70,0.0,0.0,6.9,231,22.02,3.94,778.2,3.6,2309.0,31.528997,78.26555
HP-KNR,2021-10-11,14.1,20.4,8.5,43,75,0.0,0.0,7.9,274,21.84,3.95,777.8,1.0,2309.0,31.528997,78.26555
HP-KNR,2021-10-12,13.6,19.8,5.7,46,66,0.3,0.3,7.9,308,19.69,3.55,778.4,1.9,2309.0,31.528997,78.26555
HP-KNR,2021-10-13,12.7,20.6,3.7,55,88,0.0,0.0,8.3,235,19.37,3.54,777.9,2.8,2309.0,31.528997,78.26555
HP-KNR,2021-10-14,13.7,21.0,4.6,52,86,0.0,0.0,6.2,177,21.44,3.89,779.0,2.9,2309.0,31.528997,78.26555
HP-KNR,2021-10-15,15.8,22.5,10.7,48,80,0.0,0.0,7.4,214,21.26,3.92,778.8,4.2,2309.0,31.528997,78.26555
HP-KNR,2021-10-16,14.7,22.9,7.1,53,92,0.0,0.0,8.6,223,19.85,3.76,779.3,3.9,2309.0,31.528997,78.26555
HP-KNR,2021-10-17,11.7,15.0,9.8,75,97,16.9,13.8,4.3,24,4.09,0.89,779.9,6.8,2309.0,31.528997,78.26555
HP-KNR,2021-10-18,9.6,11.5,8.5,97,100,88.6,32.1,3.2,11,4.01,0.79,775.8,9.0,2309.0,31.528997,78.26555
HP-KNR,2021-10-19,10.6,13.9,1.6,60,94,0.0,0.0,3.2,80,20.73,3.33,774.7,2.6,2309.0,31.528997,78.26555
HP-KNR,2021-10-20,6.2,11.7,0.4,70,88,0.0,0.0,3.0,106,21.06,3.1,776.2,0.9,2309.0,31.528997,78.26555
HP-KNR,2021-10-21,8.7,13.3,4.3,37,54,0.0,0.0,2.6,108,21.88,3.4,777.2,-5.5,2309.0,31.528997,78.26555
HP-KNR,2021-10-22,9.1,14.8,1.6,35,69,0.0,0.0,2.5,94,21.34,3.31,776.2,-6.2,2309.0,31.528997,78.26555
HP-KNR,2021-10-23,3.2,8.7,-1.6,73,90,4.8,0.0,3.1,88,14.6,2.16,775.8,-1.3,2309.0,31.528997,78.26555
HP-KNR,2021-10-24,5.5,9.1,-0.7,66,86,0.8,0.0,2.5,46,14.89,2.21,777.6,-0.5,2309.0,31.528997,78.26555
HP-KNR,2021-10-25,3.7,9.3,-3.9,72,84,0.0,0.0,3.5,114,19.57,2.77,775.9,-1.0,2309.0,31.528997,78.26555
HP-KNR,2021-10-26,2.4,8.4,-4.6,49,67,0.0,0.0,3.1,94,20.25,2.74,773.9,-7.5,2309.0,31.528997,78.26555
HP-KNR,2021-10-27,4.4,9.5,0.2,42,66,0.0,0.0,3.4,99,19.02,2.62,776.5,-7.4,2309.0,31.528997,78.26555
HP-KNR,2021-10-28,3.6,9.1,-2.1,44,61,0.0,0.0,4.7,108,20.73,2.89,777.5,-7.8,2309.0,31.528997,78.26555
HP-KNR,2021-10-29,4.7,11.2,-3.4,46,89,0.0,0.0,4.1,104,20.36,2.97,778.1,-7.2,2309.0,31.528997,78.26555
HP-KNR,2021-10-30,4.5,12.1,-4.8,51,82,0.0,0.0,3.5,135,20.04,2.97,776.3,-5.0,2309.0,31.528997,78.26555
HP-KNR,2021-10-31,6.6,12.9,2.7,50,80,0.0,0.0,3.2,123,19.85,2.96,775.1,-3.5,2309.0,31.528997,78.26555
HP-KNR,2021-11-01,4.4,9.6,-2.9,56,80,7.4,0.0,5.9,121,17.17,2.42,774.8,-4.3,2309.0,31.528997,78.26555
HP-KNR,2021-11-02,2.1,7.7,-4.2,50,83,0.6,0.0,5.2,105,17.8,2.48,776.2,-7.7,2309.0,31.528997,78.26555
HP-KNR,2021-11-03,2.5,8.2,-4.9,52,78,0.0,0.0,6.6,125,18.83,2.57,775.3,-6.6,2309.0,31.528997,78.26555
HP-KNR,2021-11-04,2.0,10.2,-8.1,43,66,0.0,0.0,4.4,120,19.42,2.67,773.4,-9.9,2309.0,31.528997,78.26555
HP-KNR,2021-11-05,4.6,11.3,-0.6,36,60,0.0,0.0,3.6,89,19.17,2.74,774.4,-9.5,2309.0,31.528997,78.26555
HP-KNR,2021-11-06,2.9,12.0,-5.9,46,64,0.0,0.0,4.2,104,18.91,2.72,771.9,-8.0,2309.0,31.528997,78.26555
HP-KNR,2021-11-07,5.2,12.9,-2.4,32,64,0.0,0.0,4.4,105,19.17,2.84,773.1,-11.1,2309.0,31.528997,78.26555
HP-KNR,2021-11-08,6.0,13.6,-0.5,29,58,0.0,0.0,4.2,115,18.95,2.79,775.2,-12.5,2309.0,31.528997,78.26555
HP-KNR,2021-11-09,7.8,15.2,2.1,19,35,0.0,0.0,3.8,115,18.63,2.82,776.2,-14.8,2309.0,31.528997,78.26555
HP-KNR,2021-11-10,8.0,15.7,2.4,20,28,0.0,0.0,3.4,102,18.33,2.79,776.0,-13.9,2309.0,31.528997,78.26555
HP-KNR,2021-11-11,8.0,15.9,2.4,26,45,0.0,0.0,4.0,89,18.06,2.82,775.5,-11.7,2309.0,31.528997,78.26555
HP-KNR,2021-11-12,8.6,16.9,3.0,25,41,0.0,0.0,3.6,98,17.9,2.81,775.9,-11.5,2309.0,31.528997,78.26555
HP-KNR,2021-11-13,8.5,16.5,2.6,22,37,0.0,0.0,4.7,137,17.73,2.83,775.7,-13.4,2309.0,31.528997,78.26555
HP-KNR,2021-11-14,8.7,16.1,1.8,28,59,0.0,0.0,4.8,81,17.18,2.71,774.1,-11.0,2309.0,31.528997,78.26555
HP-KNR,2021-11-15,6.1,12.3,0.3,39,53,0.0,0.0,3.7,6,17.14,2.53,772.2,-7.3,2309.0,31.528997,78.26555
HP-KNR,2021-11-16,7.8,15.2,0.7,25,36,0.0,0.0,4.7,137,17.14,2.65,774.0,-11.8,2309.0,31.528997,78.26555
HP-KNR,2021-11-17,10.0,17.4,5.1,22,34,0.0,0.0,4.1,89,16.76,2.7,777.0,-11.6,2309.0,31.528997,78.26555
HP-KNR,2021-11-18,9.8,16.9,4.5,26,39,0.0,0.0,4.8,82,16.47,2.65,776.3,-9.6,2309.0,31.528997,78.26555
HP-KNR,2021-11-19,8.9,15.5,3.8,30,39,0.0,0.0,3.4,51,16.46,2.57,774.6,-8.4,2309.0,31.528997,78.26555
HP-KNR,2021-11-20,8.7,14.9,3.3,32,51,0.0,0.0,6.2,108,16.21,2.54,774.9,-7.9,2309.0,31.528997,78.26555
HP-KNR,2021-11-21,7.1,14.4,0.7,41,57,0.0,0.0,4.3,168,16.11,2.48,775.3,-5.8,2309.0,31.528997,78.26555
HP-KNR,2021-11-22,8.3,15.3,0.7,24,52,0.0,0.0,4.9,201,16.26,2.54,774.4,-12.1,2309.0,31.528997,78.26555
HP-KNR,2021-11-23,9.9,15.5,4.5,25,33,0.0,0.0,5.6,220,16.09,2.53,774.2,-9.5,2309.0,31.528997,78.26555
HP-KNR,2021-11-24,9.2,15.1,2.8,37,64,0.0,0.0,6.0,295,15.63,2.49,775.4,-5.5,2309.0,31.528997,78.26555
HP-KNR,2021-11-25,6.2,12.5,0.2,49,71,0.0,0.0,6.2,207,14.64,2.21,774.7,-4.3,2309.0,31.528997,78.26555
HP-KNR,2021-11-26,8.3,13.8,2.9,30,42,0.0,0.0,5.4,150,15.72,2.46,774.7,-8.9,2309.0,31.528997,78.26555
HP-KNR,2021-11-27,7.9,14.5,0.4,35,63,0.0,0.0,5.8,230,15.32,2.38,775.1,-7.4,2309.0,31.528997,78.26555
HP-KNR,2021-11-28,6.4,13.7,-0.2,35,59,0.0,0.0,4.5,85,15.49,2.31,776.1,-8.7,2309.0,31.528997,78.26555
HP-KNR,2021-11-29,7.5,14.0,2.0,30,44,0.0,0.0,3.3,103,15.53,2.3,777.5,-9.5,2309.0,31.528997,78.26555
HP-KNR,2021-11-30,8.7,16.0,3.1,22,34,0.0,0.0,3.6,93,15.54,2.4,777.3,-13.0,2309.0,31.528997,78.26555
HP-KNR,2021-12-01,9.6,14.8,5.2,21,36,0.0,0.0,4.9,59,6.38,1.47,778.5,-12.9,2309.0,31.528997,78.26555
HP-KNR,2021-12-02,8.2,10.2,6.9,64,87,6.3,0.0,5.2,48,4.35,0.91,778.9,1.4,2309.0,31.528997,78.26555
HP-KNR,2021-12-03,7.6,10.3,3.3,84,98,4.9,0.1,4.3,1,7.12,1.14,777.9,4.9,2309.0,31.528997,78.26555
HP-KNR,2021-12-04,3.4,11.1,-1.3,80,100,0.0,0.0,4.5,108,14.56,2.07,775.2,0.2,2309.0,31.528997,78.26555
HP-KNR,2021-12-05,5.4,8.8,2.6,66,89,12.1,0.0,5.4,18,10.43,1.53,775.6,-0.9,2309.0,31.528997,78.26555
HP-KNR,2021-12-06,2.3,3.9,-1.9,77,93,15.7,0.1,4.4,37,7.6,1.0,773.4,-1.3,2309.0,31.528997,78.26555
HP-KNR,2021-12-07,-0.6,4.0,-4.7,40,89,0.0,0.0,3.1,112,15.82,1.82,772.1,-13.5,2309.0,31.528997,78.26555
HP-KNR,2021-12-08,1.1,5.0,-1.7,31,48,0.0,0.0,2.3,76,14.3,1.75,773.7,-14.6,2309.0,31.528997,78.26555
HP-KNR,2021-12-09,-0.9,3.2,-3.6,30,37,0.0,0.0,2.4,103,15.67,1.76,774.2,-16.6,2309.0,31.528997,78.26555
HP-KNR,2021-12-10,-2.7,1.6,-5.6,23,33,0.0,0.0,3.2,118,15.88,1.7,772.9,-21.3,2309.0,31.528997,78.26555
HP-KNR,2021-12-11,-2.5,1.6,-6.0,14,23,0.0,0.0,3.2,112,15.92,1.71,772.5,-26.3,2309.0,31.528997,78.26555
HP-KNR,2021-12-12,0.3,5.0,-3.4,27,52,0.0,0.0,2.6,100,13.1,1.58,774.0,-18.6,2309.0,31.528997,78.26555
HP-KNR,2021-12-13,0.7,4.5,-2.6,34,41,0.0,0.0,2.3,79,14.88,1.79,772.2,-13.5,2309.0,31.528997,78.26555
HP-KNR,2021-12-14,-3.9,0.6,-7.9,51,72,0.1,0.0,2.8,72,14.5,1.47,770.1,-12.9,2309.0,31.528997,78.26555
HP-KNR,2021-12-15,-5.5,-0.2,-10.8,47,63,0.0,0.0,2.9,79,15.41,1.5,770.2,-15.2,2309.0,31.528997,78.26555
HP-KNR,2021-12-16,-5.2,-0.2,-9.8,49,70,3.1,0.0,3.3,56,14.42,1.42,769.9,-14.8,2309.0,31.528997,78.26555
HP-KNR,2021-12-17,-4.0,-1.5,-5.5,61,77,3.3,0.0,2.9,55,13.08,1.31,771.5,-10.6,2309.0,31.528997,78.26555
HP-KNR,2021-12-18,-2.8,0.5,-5.0,43,70,0.3,0.0,3.2,123,15.3,1.6,770.7,-14.2,2309.0,31.528997,78.26555
HP-KNR,2021-12-19,-3.0,1.4,-6.4,23,30,0.0,0.0,3.1,110,15.77,1.66,772.5,-21.6,2309.0,31.528997,78.26555
HP-KNR,2021-12-20,-1.6,2.3,-5.1,24,43,0.0,0.0,2.7,113,15.43,1.69,771.2,-21.0,2309.0,31.528997,78.26555
HP-KNR,2021-12-21,-0.3,4.5,-5.7,32,51,0.0,0.0,2.9,132,14.64,1.74,770.2,-15.8,2309.0,31.528997,78.26555
HP-KNR,2021-12-22,-0.9,4.2,-5.8,32,41,0.0,0.0,3.1,125,14.99,1.73,768.5,-15.6,2309.0,31.528997,78.26555
HP-KNR,2021-12-23,0.5,5.3,-6.6,37,63,0.0,0.0,2.4,136,14.94,1.81,769.0,-13.2,2309.0,31.528997,78.26555
HP-KNR,2021-12-24,-2.2,2.3,-7.2,58,84,0.1,0.0,2.7,109,14.79,1.65,767.9,-9.4,2309.0,31.528997,78.26555
HP-KNR,2021-12-25,-1.1,3.4,-4.4,49,66,0.0,0.0,2.1,163,15.17,1.72,769.0,-10.7,2309.0,31.528997,78.26555
HP-KNR,2021-12-26,-1.1,2.7,-5.8,57,89,2.3,0.0,2.2,150,10.7,1.27,770.3,-9.1,2309.0,31.528997,78.26555
HP-KNR,2021-12-27,-3.8,0.3,-10.1,52,85,0.4,0.0,2.9,113,15.6,1.59,770.5,-13.0,2309.0,31.528997,78.26555
HP-KNR,2021-12-28,-4.6,-1.1,-7.6,28,36,0.0,0.0,2.3,88,15.52,1.54,770.0,-20.7,2309.0,31.528997,78.26555
HP-KNR,2021-12-29,-5.0,-1.0,-8.8,48,65,0.0,0.0,2.9,95,15.48,1.52,769.7,-14.4,2309.0,31.528997,78.26555
HP-KNR,2021-12-30,-4.1,1.0,-7.8,29,45,0.0,0.0,2.7,110,14.99,1.55,772.0,-19.9,2309.0,31.528997,78.26555
HP-KNR,2021-12-31,-2.1,3.0,-6.2,35,53,0.0,0.0,2.6,108,14.18,1.62,773.7,-16.5,2309.0,31.528997,78.26555
HP-KNR,2022-01-01,-1.7,2.7,-5.9,44,54,0.0,0.0,2.3,97,15.25,1.68,773.8,-12.6,2309.0,31.528997,78.26555
HP-KNR,2022-01-02,0.2,4.7,-3.2,49,70,0.1,0.0,2.4,109,13.69,1.66,773.6,-9.4,2309.0,31.528997,78.26555
HP-KNR,2022-01-03,0.7,6.4,-5.5,48,70,0.0,0.0,2.7,120,14.72,1.86,772.6,-9.1,2309.0,31.528997,78.26555
HP-KNR,2022-01-04,3.2,4.5,1.7,81,94,21.1,0.0,1.5,1,6.17,0.87,774.1,0.0,2309.0,31.528997,78.26555
HP-KNR,2022-01-05,2.8,3.5,1.9,85,93,22.7,0.2,2.4,34,7.73,1.03,771.5,0.5,2309.0,31.528997,78.26555
HP-KNR,2022-01-06,0.1,1.8,-2.8,64,93,10.1,0.0,2.6,101,15.33,1.66,769.4,-6.3,2309.0,31.528997,78.26555
HP-KNR,2022-01-07,-0.8,1.0,-2.4,38,53,0.0,0.0,2.5,57,14.02,1.57,770.7,-13.4,2309.0,31.528997,78.26555
HP-KNR,2022-01-08,0.1,1.6,-1.5,66,82,6.0,0.0,2.9,41,9.55,1.16,771.3,-5.6,2309.0,31.528997,78.26555
HP-KNR,2022-01-09,0.2,2.4,-2.3,73,83,2.9,0.0,2.6,35,9.43,1.15,768.6,-4.1,2309.0,31.528997,78.26555
HP-KNR,2022-01-10,-1.7,0.3,-6.8,75,92,15.3,0.0,2.9,27,7.95,0.9,769.1,-5.6,2309.0,31.528997,78.26555
HP-KNR,2022-01-11,-4.7,-2.4,-6.4,39,67,0.0,0.0,2.3,95,16.43,1.58,770.0,-17.1,2309.0,31.528997,78.26555
HP-KNR,2022-01-12,-6.0,-3.2,-7.7,30,34,0.0,0.0,3.2,114,16.47,1.52,769.0,-20.7,2309.0,31.528997,78.26555
HP-KNR,2022-01-13,-5.0,-1.5,-7.4,27,32,0.0,0.0,2.7,113,16.35,1.63,768.1,-21.4,2309.0,31.528997,78.26555
HP-KNR,2022-01-14,-5.9,-2.8,-7.7,26,30,0.0,0.0,3.1,110,16.6,1.57,768.4,-22.4,2309.0,31.528997,78.26555
HP-KNR,2022-01-15,-6.2,-1.9,-9.2,22,28,0.0,0.0,3.4,116,17.0,1.62,770.1,-24.6,2309.0,31.528997,78.26555
HP-KNR,2022-01-16,-1.9,1.8,-5.3,20,33,0.0,0.0,2.6,112,16.08,1.82,772.4,-22.3,2309.0,31.528997,78.26555
HP-KNR,2022-01-17,1.1,3.0,-1.6,53,77,2.5,0.0,2.4,111,11.39,1.43,774.1,-7.9,2309.0,31.528997,78.26555
HP-KNR,2022-01-18,1.0,5.4,-6.0,68,83,0.0,0.0,2.6,208,14.73,1.83,771.8,-4.5,2309.0,31.528997,78.26555
HP-KNR,2022-01-19,1.3,5.5,-6.0,45,74,0.7,0.0,2.2,262,11.61,1.55,769.0,-10.0,2309.0,31.528997,78.26555
HP-KNR,2022-01-20,1.7,3.3,0.0,76,85,3.8,0.0,2.5,272,11.17,1.43,765.4,-2.2,2309.0,31.528997,78.26555
HP-KNR,2022-01-21,0.5,2.2,-1.4,65,74,1.8,0.0,3.1,325,13.95,1.64,765.6,-5.4,2309.0,31.528997,78.26555
HP-KNR,2022-01-22,0.1,1.6,-2.3,65,85,12.2,0.0,2.2,2,12.46,1.49,762.5,-5.9,2309.0,31.528997,78.26555
HP-KNR,2022-01-23,0.5,1.6,-0.3,83,89,25.8,0.0,2.7,348,11.99,1.45,763.2,-2.0,2309.0,31.528997,78.26555
HP-KNR,2022-01-24,-1.0,1.3,-3.9,81,95,13.6,0.0,1.9,209,14.77,1.68,764.5,-3.9,2309.0,31.528997,78.26555
HP-KNR,2022-01-25,-2.8,-0.3,-4.7,41,68,0.7,0.0,1.8,144,17.6,1.87,764.9,-14.7,2309.0,31.528997,78.26555
HP-KNR,2022-01-26,-3.0,-0.6,-4.7,56,64,4.2,0.0,1.8,164,15.41,1.66,765.4,-10.7,2309.0,31.528997,78.26555
HP-KNR,2022-01-27,-5.0,-0.1,-8.7,41,56,0.0,0.0,2.8,173,14.36,1.53,764.8,-16.6,2309.0,31.528997,78.26555
HP-KNR,2022-01-28,-1.9,3.0,-7.3,26,36,0.0,0.0,2.6,154,18.56,2.09,767.4,-19.2,2309.0,31.528997,78.26555
HP-KNR,2022-01-29,-0.7,3.9,-5.3,40,72,0.0,0.0,1.9,294,18.19,2.15,769.7,-13.3,2309.0,31.528997,78.26555
HP-KNR,2022-01-30,-0.2,5.7,-6.0,33,70,0.0,0.0,2.1,264,17.91,2.21,766.9,-15.8,2309.0,31.528997,78.26555
HP-KNR,2022-01-31,-0.8,2.0,-4.7,52,71,0.4,0.0,3.0,302,18.43,2.08,766.5,-9.6,2309.0,31.528997,78.26555
HP-KNR,2022-02-01,-3.5,-0.3,-7.0,61,84,0.3,0.0,3.6,220,17.72,1.82,765.9,-10.5,2309.0,31.528997,78.26555
HP-KNR,2022-02-02,1.5,5.7,-1.2,41,85,6.5,0.0,1.5,198,15.99,2.07,765.7,-11.7,2309.0,31.528997,78.26555
HP-KNR,2022-02-03,0.0,1.4,-1.3,86,93,20.7,0.0,1.8,38,10.68,1.33,762.3,-2.1,2309.0,31.528997,78.26555
HP-KNR,2022-02-04,-1.0,0.3,-3.1,77,89,12.9,0.0,3.4,162,13.42,1.55,761.7,-4.6,2309.0,31.528997,78.26555
HP-KNR,2022-02-05,-2.6,2.5,-6.1,38,64,0.0,0.0,3.8,158,18.9,2.13,763.5,-15.5,2309.0,31.528997,78.26555
HP-KNR,2022-02-06,3.3,6.7,-1.8,42,51,0.3,0.0,2.8,315,15.09,2.06,770.8,-8.7,2309.0,31.528997,78.26555
HP-KNR,2022-02-07,1.5,3.2,-3.1,61,72,3.1,0.0,3.6,334,16.29,2.0,770.3,-5.2,2309.0,31.528997,78.26555
HP-KNR,2022-02-08,-2.5,2.2,-8.7,40,70,0.1,0.0,1.9,89,20.38,2.32,766.6,-15.4,2309.0,31.528997,78.26555
HP-KNR,2022-02-09,-3.2,-0.6,-11.1,68,80,11.0,0.0,3.8,86,14.23,1.6,767.7,-8.3,2309.0,31.528997,78.26555
HP-KNR,2022-02-10,-3.0,2.0,-10.6,28,55,0.0,0.0,3.2,139,20.7,2.35,766.9,-19.6,2309.0,31.528997,78.26555
HP-KNR,2022-02-11,-3.0,1.6,-6.2,19,33,0.0,0.0,3.3,131,21.2,2.33,767.9,-24.2,2309.0,31.528997,78.26555
HP-KNR,2022-02-12,-0.3,4.1,-3.5,11,15,0.0,0.0,2.1,109,21.03,2.53,768.1,-27.4,2309.0,31.528997,78.26555
HP-KNR,2022-02-13,-1.1,3.0,-4.0,18,21,0.0,0.0,2.4,104,21.09,2.48,766.9,-22.6,2309.0,31.528997,78.26555
HP-KNR,2022-02-14,-1.4,3.2,-3.9,24,36,0.0,0.0,2.3,95,20.93,2.46,767.0,-19.8,2309.0,31.528997,78.26555
HP-KNR,2022-02-15,-2.3,1.9,-4.8,32,39,0.0,0.0,2.4,112,21.01,2.38,766.8,-16.9,2309.0,31.528997,78.26555
HP-KNR,2022-02-16,-3.0,1.7,-6.8,35,44,0.0,0.0,2.3,101,21.61,2.42,764.8,-16.4,2309.0,31.528997,78.26555
HP-KNR,2022-02-17,-2.8,2.3,-8.3,28,43,0.0,0.0,2.1,82,22.01,2.51,765.4,-19.1,2309.0,31.528997,78.26555
HP-KNR,2022-02-18,-2.5,2.2,-5.5,25,36,0.0,0.0,2.7,107,22.05,2.5,766.3,-20.0,2309.0,31.528997,78.26555
HP-KNR,2022-02-19,-2.0,2.5,-5.4,36,40,0.0,0.0,2.6,136,21.93,2.54,767.4,-15.3,2309.0,31.528997,78.26555
HP-KNR,2022-02-20,-4.0,1.3,-10.3,52,70,0.5,0.0,3.4,161,18.15,1.97,761.3,-12.6,2309.0,31.528997,78.26555
HP-KNR,2022-02-21,-0.6,2.8,-3.4,36,50,0.0,0.0,2.9,151,22.31,2.64,764.9,-13.9,2309.0,31.528997,78.26555
HP-KNR,2022-02-22,3.0,5.3,0.7,51,92,11.3,0.0,1.6,353,14.02,1.92,770.7,-7.3,2309.0,31.528997,78.26555
HP-KNR,2022-02-23,1.4,3.6,-2.1,75,82,17.6,0.0,2.3,39,18.99,2.45,772.1,-2.7,2309.0,31.528997,78.26555
HP-KNR,2022-02-24,-0.4,2.6,-3.5,65,83,2.9,0.0,2.7,78,18.6,2.26,771.7,-6.5,2309.0,31.528997,78.26555
HP-KNR,2022-02-25,-0.9,1.8,-3.3,57,75,1.1,0.0,2.6,116,22.56,2.66,772.0,-8.4,2309.0,31.528997,78.26555
HP-KNR,2022-02-26,-0.5,0.9,-2.2,64,85,9.2,0.0,2.2,88,14.43,1.78,772.3,-6.6,2309.0,31.528997,78.26555
HP-KNR,2022-02-27,-0.1,2.8,-2.2,46,82,4.6,0.0,3.5,129,23.34,2.78,772.4,-11.6,2309.0,31.528997,78.26555
HP-KNR,2022-02-28,-0.5,2.9,-3.3,20,23,0.0,0.0,3.3,106,23.77,2.82,772.7,-21.0,2309.0,31.528997,78.26555
HP-KNR,2022-03-01,0.2,3.2,-5.5,44,81,1.1,0.0,2.7,75,19.94,2.47,773.5,-11.9,2309.0,31.528997,78.26555
HP-KNR,2022-03-02,-2.3,3.9,-9.4,37,82,0.0,0.0,2.7,98,24.41,2.91,771.9,-16.4,2309.0,31.528997,78.26555
HP-KNR,2022-03-03,0.2,2.9,-2.0,42,70,1.9,0.0,2.3,76,17.54,2.2,773.0,-12.6,2309.0,31.528997,78.26555
HP-KNR,2022-03-04,-1.8,3.8,-9.0,48,76,0.0,0.0,3.5,109,23.86,2.91,772.2,-11.9,2309.0,31.528997,78.26555
HP-KNR,2022-03-05,1.7,5.7,-2.2,24,28,0.0,0.0,3.8,107,24.75,3.19,774.2,-16.7,2309.0,31.528997,78.26555
HP-KNR,2022-03-06,4.3,6.9,2.2,36,62,0.0,0.0,3.3,60,18.23,2.58,775.8,-10.7,2309.0,31.528997,78.26555
HP-KNR,2022-03-07,4.0,7.3,1.5,55,69,0.1,0.0,2.4,36,20.13,2.82,777.0,-4.3,2309.0,31.528997,78.26555
HP-KNR,2022-03-08,0.5,5.9,-6.3,58,71,0.0,0.0,3.1,110,24.91,3.2,775.7,-6.9,2309.0,31.528997,78.26555
HP-KNR,2022-03-09,2.1,6.5,-1.0,36,63,0.0,0.0,2.5,93,25.43,3.36,775.6,-11.6,2309.0,31.528997,78.26555
HP-KNR,2022-03-10,2.0,6.2,-1.0,39,53,0.0,0.0,3.1,103,25.58,3.38,774.8,-10.6,2309.0,31.528997,78.26555
HP-KNR,2022-03-11,2.1,7.1,-1.6,37,70,0.0,0.0,3.1,112,26.1,3.49,775.1,-11.5,2309.0,31.528997,78.26555
HP-KNR,2022-03-12,3.9,9.0,-0.1,32,45,0.0,0.0,3.2,108,26.2,3.65,775.7,-11.6,2309.0,31.528997,78.26555
HP-KNR,2022-03-13,6.0,11.1,2.1,28,59,0.0,0.0,3.1,108,26.19,3.83,777.0,-11.6,2309.0,31.528997,78.26555
HP-KNR,2022-03-14,6.5,11.2,2.6,31,53,0.0,0.0,3.0,104,26.76,3.95,777.6,-9.8,2309.0,31.528997,78.26555
HP-KNR,2022-03-15,7.3,10.8,5.0,31,44,0.0,0.0,2.7,120,26.17,3.84,775.5,-9.0,2309.0,31.528997,78.26555
HP-KNR,2022-03-16,7.9,12.8,4.2,36,60,0.0,0.0,3.2,117,26.82,4.05,774.9,-6.5,2309.0,31.528997,78.26555
HP-KNR,2022-03-17,8.8,12.9,5.7,31,45,0.0,0.0,3.1,114,26.89,4.16,776.8,-7.6,2309.0,31.528997,78.26555
HP-KNR,2022-03-18,9.2,12.5,6.5,31,43,0.0,0.0,2.7,98,26.59,4.13,777.4,-7.8,2309.0,31.528997,78.26555
HP-KNR,2022-03-19,6.3,11.4,-1.3,69,87,0.0,0.0,3.5,107,25.01,3.69,774.6,0.8,2309.0,31.528997,78.26555
HP-KNR,2022-03-20,6.3,11.6,0.3,67,80,0.1,0.0,3.3,97,23.73,3.7,774.0,0.6,2309.0,31.528997,78.26555
HP-KNR,2022-03-21,7.2,12.7,2.8,56,78,0.0,0.0,3.8,128,26.58,3.99,775.9,-1.6,2309.0,31.528997,78.26555
HP-KNR,2022-03-22,8.3,14.2,0.5,45,74,0.0,0.0,3.6,111,27.38,4.4,774.7,-3.3,2309.0,31.528997,78.26555
HP-KNR,2022-03-23,9.8,13.3,6.7,37,64,0.1,0.0,2.5,63,26.86,4.28,775.3,-4.5,2309.0,31.528997,78.26555
HP-KNR,2022-03-24,9.3,11.1,7.0,54,73,0.2,0.0,2.3,296,21.93,3.45,775.1,0.4,2309.0,31.528997,78.26555
HP-KNR,2022-03-25,7.7,11.2,2.9,60,78,0.0,0.0,2.9,191,25.2,3.89,773.7,0.1,2309.0,31.528997,78.26555
HP-KNR,2022-03-26,8.3,14.5,0.7,47,67,0.0,0.0,2.8,126,28.1,4.55,775.2,-3.0,2309.0,31.528997,78.26555
HP-KNR,2022-03-27,12.4,17.0,8.6,23,34,0.0,0.0,3.0,171,28.2,4.72,777.2,-8.4,2309.0,31.528997,78.26555
HP-KNR,2022-03-28,12.2,15.9,9.1,34,59,0.0,0.0,2.5,194,28.03,4.66,778.2,-3.5,2309.0,31.528997,78.26555
HP-KNR,2022-03-29,12.6,17.3,8.7,30,38,0.0,0.0,2.2,161,28.31,4.81,777.0,-4.8,2309.0,31.528997,78.26555
HP-KNR,2022-03-30,12.2,15.3,9.1,32,56,0.0,0.0,2.5,240,28.47,4.74,777.4,-4.1,2309.0,31.528997,78.26555
HP-KNR,2022-03-31,10.9,15.3,6.6,37,67,0.0,0.0,2.6,175,28.78,4.78,777.8,-3.5,2309.0,31.528997,78.26555
HP-KNR,2022-04-01,12.3,17.6,7.4,35,55,0.0,0.0,2.7,106,28.87,4.94,777.3,-3.0,2309.0,31.528997,78.26555
HP-KNR,2022-04-02,12.8,16.9,9.2,33,56,0.0,0.0,3.0,319,27.66,4.73,778.8,-3.8,2309.0,31.528997,78.26555
HP-KNR,2022-04-03,9.7,13.6,3.8,46,70,0.0,0.0,3.3,176,28.39,4.57,778.9,-2.3,2309.0,31.528997,78.26555
HP-KNR,2022-04-04,11.4,17.0,5.9,33,59,0.0,0.0,4.7,136,29.12,4.96,777.8,-4.9,2309.0,31.528997,78.26555
HP-KNR,2022-04-05,11.0,16.4,5.6,39,62,0.0,0.0,4.1,116,28.9,4.87,779.9,-3.1,2309.0,31.528997,78.26555
HP-KNR,2022-04-06,10.7,16.9,2.2,43,70,0.0,0.0,4.0,131,28.9,4.85,779.9,-2.4,2309.0,31.528997,78.26555
HP-KNR,2022-04-07,10.9,17.9,1.6,45,75,0.0,0.0,4.3,153,28.37,4.81,780.1,-1.3,2309.0,31.528997,78.26555
HP-KNR,2022-04-08,11.2,18.1,0.0,47,88,0.0,0.0,5.4,162,28.57,4.93,779.1,-0.6,2309.0,31.528997,78.26555
HP-KNR,2022-04-09,10.8,17.8,-0.4,53,93,0.2,0.2,6.1,163,26.29,4.63,778.0,0.5,2309.0,31.528997,78.26555
HP-KNR,2022-04-10,11.9,19.6,0.6,47,85,0.0,0.0,6.5,141,28.59,5.14,777.9,0.0,2309.0,31.528997,78.26555
HP-KNR,2022-04-11,14.2,21.3,6.8,40,52,0.0,0.0,6.1,153,28.7,5.29,778.4,0.4,2309.0,31.528997,78.26555
HP-KNR,2022-04-12,13.6,19.6,5.9,55,95,6.7,2.9,6.4,188,23.09,4.28,778.7,4.1,2309.0,31.528997,78.26555
HP-KNR,2022-04-13,11.1,17.3,4.6,74,96,1.3,0.6,6.0,267,22.72,3.99,777.7,6.3,2309.0,31.528997,78.26555
HP-KNR,2022-04-14,9.3,13.9,4.6,73,97,2.8,0.1,7.4,186,24.4,3.99,775.4,4.5,2309.0,31.528997,78.26555
HP-KNR,2022-04-15,8.4,13.7,2.8,73,87,0.5,0.4,6.3,196,21.95,3.56,774.4,3.6,2309.0,31.528997,78.26555
HP-KNR,2022-04-16,9.5,15.9,2.6,69,91,1.5,0.3,6.4,173,26.66,4.47,774.4,3.5,2309.0,31.528997,78.26555
HP-KNR,2022-04-17,11.2,18.6,1.5,57,95,0.3,0.3,6.6,150,27.72,4.99,776.1,1.5,2309.0,31.528997,78.26555
HP-KNR,2022-04-18,14.3,20.6,8.6,45,69,0.0,0.0,7.6,193,27.17,5.06,779.8,2.2,2309.0,31.528997,78.26555
HP-KNR,2022-04-19,13.0,20.0,6.7,55,75,0.6,0.4,8.2,176,25.92,4.72,781.5,3.9,2309.0,31.528997,78.26555
HP-KNR,2022-04-20,13.1,20.1,4.9,54,78,0.7,0.7,9.1,197,27.27,4.97,779.2,3.2,2309.0,31.528997,78.26555
HP-KNR,2022-04-21,12.2,17.7,9.1,65,92,5.6,2.6,4.8,294,18.18,3.29,778.8,5.4,2309.0,31.528997,78.26555
HP-KNR,2022-04-22,10.8,16.2,5.7,75,93,18.4,2.1,7.2,234,26.24,4.39,778.6,6.1,2309.0,31.528997,78.26555
HP-KNR,2022-04-23,9.5,15.2,1.4,54,95,0.0,0.0,8.2,198,29.33,4.81,777.7,-0.3,2309.0,31.528997,78.26555
HP-KNR,2022-04-24,11.9,18.3,3.9,43,66,0.0,0.0,6.5,140,29.78,5.24,777.1,-1.1,2309.0,31.528997,78.26555
HP-KNR,2022-04-25,12.8,19.2,7.5,46,74,1.6,0.7,8.4,210,26.94,4.79,777.2,0.9,2309.0,31.528997,78.26555
HP-KNR,2022-04-26,12.2,18.4,4.1,52,82,0.1,0.1,6.9,164,28.25,5.05,778.4,2.0,2309.0,31.528997,78.26555
HP-KNR,2022-04-27,14.4,22.0,2.7,47,79,0.0,0.0,7.9,167,29.35,5.49,778.7,2.4,2309.0,31.528997,78.26555
HP-KNR,2022-04-28,14.4,20.7,3.8,52,83,0.0,0.0,7.7,191,24.8,4.66,779.5,4.3,2309.0,31.528997,78.26555
HP-KNR,2022-04-29,14.5,20.7,7.9,55,75,0.1,0.1,7.0,160,24.65,4.7,780.3,5.0,2309.0,31.528997,78.26555
HP-KNR,2022-04-30,12.8,20.1,6.1,68,89,4.6,2.9,9.0,173,23.68,4.28,777.0,6.8,2309.0,31.528997,78.26555
HP-KNR,2022-05-01,14.1,19.3,8.2,64,89,0.7,0.7,5.9,191,25.48,4.69,777.1,7.0,2309.0,31.528997,78.26555
HP-KNR,2022-05-02,14.3,22.7,5.9,65,95,0.0,0.0,7.1,203,27.78,5.28,775.9,6.8,2309.0,31.528997,78.26555
HP-KNR,2022-05-03,13.4,21.2,5.8,75,97,3.5,3.2,8.6,213,20.63,3.84,777.7,8.7,2309.0,31.528997,78.26555
HP-KNR,2022-05-04,13.5,19.0,7.6,71,87,3.4,3.3,8.0,217,22.93,4.23,779.3,7.9,2309.0,31.528997,78.26555
HP-KNR,2022-05-05,13.7,18.8,7.7,69,93,3.9,3.1,6.9,205,26.09,4.69,777.5,7.9,2309.0,31.528997,78.26555
HP-KNR,2022-05-06,13.2,18.1,7.0,66,79,3.5,2.2,8.3,203,24.21,4.3,777.7,6.9,2309.0,31.528997,78.26555
HP-KNR,2022-05-07,13.2,17.6,6.7,70,88,5.6,4.1,6.7,194,23.23,4.19,777.9,7.6,2309.0,31.528997,78.26555
HP-KNR,2022-05-08,13.7,18.9,6.1,73,91,7.0,5.4,7.9,196,24.66,4.47,777.3,8.8,2309.0,31.528997,78.26555
HP-KNR,2022-05-09,15.4,20.1,9.9,68,87,0.6,0.6,7.3,191,20.8,4.03,778.4,9.4,2309.0,31.528997,78.26555
HP-KNR,2022-05-10,16.2,21.9,9.9,66,84,0.0,0.0,7.2,198,25.82,5.01,778.2,9.6,2309.0,31.528997,78.26555
HP-KNR,2022-05-11,17.1,22.6,10.4,68,84,1.3,1.3,8.7,207,25.39,4.92,777.6,11.0,2309.0,31.528997,78.26555
HP-KNR,2022-05-12,17.6,21.8,14.2,63,77,0.2,0.2,7.2,223,24.32,4.78,777.5,10.3,2309.0,31.528997,78.26555
HP-KNR,2022-05-13,16.5,21.4,10.7,59,85,0.3,0.3,6.0,211,28.21,5.4,775.6,8.0,2309.0,31.528997,78.26555
HP-KNR,2022-05-14,16.9,23.5,7.4,56,96,0.0,0.0,7.6,222,28.84,5.66,775.9,7.1,2309.0,31.528997,78.26555
HP-KNR,2022-05-15,18.0,23.5,11.5,50,71,0.0,0.0,8.0,203,27.03,5.42,778.7,6.9,2309.0,31.528997,78.26555
HP-KNR,2022-05-16,16.5,22.0,8.2,52,80,0.3,0.3,7.7,191,26.55,5.19,777.9,5.9,2309.0,31.528997,78.26555
HP-KNR,2022-05-17,14.9,18.8,11.7,74,90,7.5,6.0,7.9,236,20.92,3.85,776.6,10.1,2309.0,31.528997,78.26555
HP-KNR,2022-05-18,15.3,19.5,10.5,62,82,1.4,1.4,7.9,206,23.24,4.42,777.6,8.0,2309.0,31.528997,78.26555
HP-KNR,2022-05-19,15.8,22.1,7.9,61,92,0.7,0.7,8.2,198,26.1,5.04,778.1,7.7,2309.0,31.528997,78.26555
HP-KNR,2022-05-20,15.6,20.8,9.6,53,70,3.2,1.7,8.1,179,26.29,4.92,777.7,5.8,2309.0,31.528997,78.26555
HP-KNR,2022-05-21,15.3,19.3,10.4,51,76,0.2,0.2,8.4,233,27.83,5.13,774.8,4.6,2309.0,31.528997,78.26555
HP-KNR,2022-05-22,13.8,18.4,8.5,63,81,1.8,1.8,8.5,212,26.06,4.62,770.9,6.8,2309.0,31.528997,78.26555
HP-KNR,2022-05-23,13.1,18.8,7.4,59,80,1.9,1.0,8.6,237,20.5,3.84,771.3,4.9,2309.0,31.528997,78.26555
HP-KNR,2022-05-24,12.2,15.5,8.7,72,88,4.5,3.9,6.8,271,14.53,2.65,773.8,7.2,2309.0,31.528997,78.26555
HP-KNR,2022-05-25,13.2,18.0,6.3,67,97,0.4,0.4,6.8,198,26.57,4.77,776.0,6.8,2309.0,31.528997,78.26555
HP-KNR,2022-05-26,15.1,21.6,7.6,64,89,0.0,0.0,7.3,202,26.78,5.07,775.6,8.0,2309.0,31.528997,78.26555
HP-KNR,2022-05-27,16.4,21.6,9.8,66,89,0.5,0.5,7.6,213,25.05,4.82,774.8,9.8,2309.0,31.528997,78.26555
HP-KNR,2022-05-28,17.5,21.7,12.1,65,81,0.5,0.5,8.3,226,22.74,4.47,775.1,10.8,2309.0,31.528997,78.26555
HP-KNR,2022-05-29,16.9,23.3,9.9,64,92,0.5,0.5,9.3,236,25.73,5.03,775.4,9.4,2309.0,31.528997,78.26555
HP-KNR,2022-05-30,15.6,22.0,9.3,64,84,2.3,2.3,9.4,237,23.6,4.57,776.5,8.2,2309.0,31.528997,78.26555
HP-KNR,2022-05-31,15.5,21.8,7.1,62,98,0.0,0.0,8.2,221,25.21,4.9,776.0,7.3,2309.0,31.528997,78.26555
HP-KNR,2022-06-01,16.2,22.1,6.0,49,97,0.0,0.0,8.2,228,28.92,5.63,776.7,3.9,2309.0,31.528997,78.26555
HP-KNR,2022-06-02,17.3,22.3,10.4,38,55,0.0,0.0,9.7,248,29.57,5.7,777.4,2.4,2309.0,31.528997,78.26555
HP-KNR,2022-06-03,17.6,22.8,11.2,38,56,0.0,0.0,8.8,263,30.55,5.89,776.8,2.7,2309.0,31.528997,78.26555
HP-KNR,2022-06-04,17.9,22.9,11.5,41,54,0.0,0.0,9.2,245,27.76,5.45,777.9,4.2,2309.0,31.528997,78.26555
HP-KNR,2022-06-05,18.3,24.5,10.2,45,69,0.0,0.0,10.3,238,28.9,5.8,778.3,5.5,2309.0,31.528997,78.26555
HP-KNR,2022-06-06,18.7,24.7,10.7,46,71,0.0,0.0,9.6,228,26.79,5.5,778.2,6.2,2309.0,31.528997,78.26555
HP-KNR,2022-06-07,19.1,24.7,11.7,49,74,0.0,0.0,9.8,228,26.85,5.48,778.2,7.7,2309.0,31.528997,78.26555
HP-KNR,2022-06-08,18.7,24.4,10.1,54,88,0.1,0.1,9.0,223,26.36,5.38,777.2,8.5,2309.0,31.528997,78.26555
HP-KNR,2022-06-09,17.9,23.0,8.4,56,98,2.8,2.8,8.0,214,27.74,5.48,776.6,8.4,2309.0,31.528997,78.26555
HP-KNR,2022-06-10,18.3,22.9,12.9,51,79,0.7,0.7,8.7,217,26.85,5.33,777.5,7.6,2309.0,31.528997,78.26555
HP-KNR,2022-06-11,18.6,23.8,11.4,50,76,0.2,0.2,8.2,219,28.3,5.63,777.1,7.3,2309.0,31.528997,78.26555
HP-KNR,2022-06-12,18.6,23.8,12.0,52,76,0.0,0.0,8.7,229,25.57,5.16,778.1,8.0,2309.0,31.528997,78.26555
HP-KNR,2022-06-13,18.4,23.6,8.8,57,96,0.4,0.4,7.6,225,28.33,5.63,779.1,9.0,2309.0,31.528997,78.26555
HP-KNR,2022-06-14,19.5,25.7,10.6,53,89,0.0,0.0,8.4,228,29.2,5.99,778.6,8.8,2309.0,31.528997,78.26555
HP-KNR,2022-06-15,19.3,24.2,13.2,58,75,0.6,0.6,8.0,228,27.08,5.38,777.7,10.5,2309.0,31.528997,78.26555
HP-KNR,2022-06-16,18.3,23.1,14.0,70,84,3.9,3.9,8.5,234,21.94,4.32,777.0,12.4,2309.0,31.528997,78.26555
HP-KNR,2022-06-17,18.3,21.9,15.8,72,86,9.4,9.4,7.3,247,21.73,4.28,776.3,13.1,2309.0,31.528997,78.26555
HP-KNR,2022-06-18,14.7,16.5,12.4,81,94,12.8,12.8,4.5,285,6.55,1.39,775.8,11.4,2309.0,31.528997,78.26555
HP-KNR,2022-06-19,15.4,19.0,11.7,76,94,16.4,16.0,6.2,242,21.86,4.06,775.3,11.2,2309.0,31.528997,78.26555
HP-KNR,2022-06-20,14.9,19.3,10.1,75,93,4.8,4.8,7.4,235,24.53,4.5,772.9,10.2,2309.0,31.528997,78.26555
HP-KNR,2022-06-21,14.6,21.1,8.1,75,100,5.7,5.7,8.7,271,18.81,3.63,773.1,9.7,2309.0,31.528997,78.26555
HP-KNR,2022-06-22,17.1,21.1,10.9,65,90,1.2,1.2,7.1,265,19.67,3.88,778.5,10.2,2309.0,31.528997,78.26555
HP-KNR,2022-06-23,17.5,22.8,9.1,64,99,2.4,2.4,7.5,244,26.32,5.16,778.7,10.0,2309.0,31.528997,78.26555
HP-KNR,2022-06-24,18.7,25.6,11.1,64,96,0.0,0.0,9.7,238,25.75,5.25,777.2,11.0,2309.0,31.528997,78.26555
HP-KNR,2022-06-25,19.7,27.0,12.4,68,96,0.4,0.4,8.7,250,28.07,5.73,777.0,12.9,2309.0,31.528997,78.26555
HP-KNR,2022-06-26,21.1,26.5,15.6,71,91,1.5,1.5,8.0,243,26.33,5.42,779.2,15.2,2309.0,31.528997,78.26555
HP-KNR,2022-06-27,21.6,26.9,15.2,73,100,0.0,0.0,7.4,227,27.1,5.63,779.7,16.0,2309.0,31.528997,78.26555
HP-KNR,2022-06-28,23.1,28.1,19.2,68,87,0.0,0.0,7.9,221,27.83,5.87,777.8,16.6,2309.0,31.528997,78.26555
HP-KNR,2022-06-29,22.6,27.2,19.5,77,93,1.6,1.6,8.7,245,23.61,4.93,775.4,18.1,2309.0,31.528997,78.26555
HP-KNR,2022-06-30,21.2,24.2,19.6,78,93,4.9,4.9,6.6,249,12.88,2.79,776.0,17.1,2309.0,31.528997,78.26555
HP-KNR,2022-07-01,21.4,25.1,18.3,74,87,2.5,2.5,7.2,237,16.3,3.5,776.7,16.6,2309.0,31.528997,78.26555
HP-KNR,2022-07-02,21.5,25.5,18.5,80,95,5.6,5.6,8.9,241,18.74,3.9,776.2,17.7,2309.0,31.528997,78.26555
HP-KNR,2022-07-03,21.4,24.8,19.3,82,93,10.8,10.8,7.1,246,15.99,3.36,777.4,18.0,2309.0,31.528997,78.26555
HP-KNR,2022-07-04,22.4,27.9,18.2,79,95,7.1,7.1,6.8,246,23.15,4.83,777.7,18.4,2309.0,31.528997,78.26555
HP-KNR,2022-07-05,22.6,28.0,18.2,76,95,3.6,3.6,8.2,208,25.78,5.38,778.4,17.9,2309.0,31.528997,78.26555
HP-KNR,2022-07-06,22.1,27.4,16.0,75,98,1.3,1.3,7.4,220,25.87,5.34,780.6,17.2,2309.0,31.528997,78.26555
HP-KNR,2022-07-07,22.1,25.9,18.2,76,94,0.2,0.2,7.3,245,23.31,4.84,781.5,17.5,2309.0,31.528997,78.26555
HP-KNR,2022-07-08,22.4,27.2,19.6,80,93,2.2,2.2,8.2,240,23.82,4.96,779.3,18.6,2309.0,31.528997,78.26555
HP-KNR,2022-07-09,21.7,26.1,17.1,78,99,1.0,1.0,8.4,238,24.2,4.99,776.7,17.3,2309.0,31.528997,78.26555
HP-KNR,2022-07-10,20.9,24.3,18.2,81,94,4.5,4.5,7.3,249,21.84,4.38,777.3,17.4,2309.0,31.528997,78.26555
HP-KNR,2022-07-11,21.4,25.1,17.2,78,97,7.8,7.8,7.9,241,24.05,4.93,778.3,17.2,2309.0,31.528997,78.26555
HP-KNR,2022-07-12,22.1,26.1,18.9,75,92,1.3,1.3,8.2,244,25.41,5.23,777.6,17.1,2309.0,31.528997,78.26555
HP-KNR,2022-07-13,20.9,25.3,15.5,79,96,2.7,2.7,8.0,240,25.38,5.1,776.2,16.9,2309.0,31.528997,78.26555
HP-KNR,2022-07-14,20.0,22.8,18.1,83,93,11.6,11.6,6.5,264,15.61,3.23,776.9,16.9,2309.0,31.528997,78.26555
HP-KNR,2022-07-15,19.7,22.3,17.7,80,94,3.8,3.8,6.9,258,17.41,3.51,779.3,16.2,2309.0,31.528997,78.26555
HP-KNR,2022-07-16,20.0,25.3,14.1,76,98,1.5,1.5,7.6,235,24.29,4.95,779.5,15.2,2309.0,31.528997,78.26555
HP-KNR,2022-07-17,20.7,25.1,15.3,76,100,1.6,1.6,6.5,238,20.82,4.3,780.9,16.2,2309.0,31.528997,78.26555
HP-KNR,2022-07-18,21.2,26.9,14.6,75,97,0.7,0.7,8.1,221,25.84,5.31,779.5,16.2,2309.0,31.528997,78.26555
HP-KNR,2022-07-19,21.7,25.0,18.1,78,96,4.4,4.4,6.1,235,20.34,4.2,778.1,17.6,2309.0,31.528997,78.26555
HP-KNR,2022-07-20,21.3,23.5,19.0,79,92,6.8,6.8,7.6,249,21.93,4.41,776.6,17.5,2309.0,31.528997,78.26555
HP-KNR,2022-07-21,20.8,24.1,19.2,83,93,15.0,15.0,7.4,263,14.38,3.0,778.3,17.8,2309.0,31.528997,78.26555
HP-KNR,2022-07-22,20.9,24.9,15.9,80,100,8.0,8.0,8.7,249,16.48,3.43,779.8,17.3,2309.0,31.528997,78.26555
HP-KNR,2022-07-23,21.0,23.6,19.1,81,93,3.1,3.1,5.5,256,16.32,3.37,779.9,17.6,2309.0,31.528997,78.26555
HP-KNR,2022-07-24,20.9,24.7,18.3,83,96,4.4,4.4,7.6,254,18.23,3.76,779.8,17.7,2309.0,31.528997,78.26555
HP-KNR,2022-07-25,20.8,23.8,18.5,84,95,6.6,6.6,6.5,249,18.59,3.79,780.7,17.9,2309.0,31.528997,78.26555
HP-KNR,2022-07-26,21.0,24.3,19.3,84,94,5.1,5.1,6.6,250,16.88,3.51,781.3,18.1,2309.0,31.528997,78.26555
HP-KNR,2022-07-27,20.3,23.3,18.8,86,93,10.1,10.1,5.4,233,12.19,2.56,780.7,17.9,2309.0,31.528997,78.26555
HP-KNR,2022-07-28,19.7,21.8,18.2,85,95,17.3,17.3,3.7,260,9.9,2.06,780.8,17.1,2309.0,31.528997,78.26555
HP-KNR,2022-07-29,20.3,23.7,17.6,83,94,2.1,2.1,6.9,238,22.84,4.53,779.8,17.2,2309.0,31.528997,78.26555
HP-KNR,2022-07-30,19.8,24.0,16.6,85,97,6.4,6.4,6.6,236,17.6,3.54,778.1,17.2,2309.0,31.528997,78.26555
HP-KNR,2022-07-31,19.8,22.9,17.2,85,96,6.2,6.2,7.3,244,14.1,2.87,776.0,17.2,2309.0,31.528997,78.26555
HP-KNR,2022-08-01,19.1,22.4,14.7,83,99,1.5,1.5,6.0,231,16.34,3.28,776.1,15.9,2309.0,31.528997,78.26555
HP-KNR,2022-08-02,20.5,26.1,15.9,68,89,0.0,0.0,7.2,225,27.36,5.54,776.9,14.2,2309.0,31.528997,78.26555
HP-KNR,2022-08-03,19.9,25.9,13.6,76,100,0.0,0.0,6.9,220,24.88,5.09,778.0,15.0,2309.0,31.528997,78.26555
HP-KNR,2022-08-04,20.4,24.1,17.4,82,95,1.2,1.2,6.8,246,17.29,3.55,779.1,17.1,2309.0,31.528997,78.26555
HP-KNR,2022-08-05,19.7,23.5,16.0,85,98,1.3,1.3,6.0,236,16.2,3.31,778.1,17.0,2309.0,31.528997,78.26555
HP-KNR,2022-08-06,20.1,23.6,16.1,81,99,0.4,0.4,6.4,219,19.38,3.92,776.5,16.5,2309.0,31.528997,78.26555
HP-KNR,2022-08-07,21.0,24.4,18.4,80,90,1.9,1.9,7.2,245,20.83,4.23,776.5,17.2,2309.0,31.528997,78.26555
HP-KNR,2022-08-08,20.8,24.1,18.4,79,94,2.7,2.7,7.7,243,18.87,3.86,778.0,16.9,2309.0,31.528997,78.26555
HP-KNR,2022-08-09,21.1,24.6,19.0,76,92,5.7,5.7,5.6,246,16.13,3.4,778.7,16.6,2309.0,31.528997,78.26555
HP-KNR,2022-08-10,21.5,27.1,16.5,79,96,0.0,0.0,6.5,240,24.37,5.03,776.7,17.5,2309.0,31.528997,78.26555
HP-KNR,2022-08-11,20.5,21.8,19.1,80,94,21.4,21.4,6.6,250,10.27,2.28,778.0,16.9,2309.0,31.528997,78.26555
HP-KNR,2022-08-12,21.4,26.2,14.9,66,91,0.9,0.9,6.8,204,26.24,5.34,778.7,14.3,2309.0,31.528997,78.26555
HP-KNR,2022-08-13,20.7,27.7,12.3,71,100,0.4,0.4,7.2,196,25.43,5.24,777.8,14.7,2309.0,31.528997,78.26555
HP-KNR,2022-08-14,20.3,26.4,13.2,77,100,3.9,3.9,6.9,219,25.11,5.1,778.1,15.7,2309.0,31.528997,78.26555
HP-KNR,2022-08-15,19.2,20.2,18.4,87,95,13.6,13.6,6.0,254,5.14,1.25,780.0,16.9,2309.0,31.528997,78.26555
HP-KNR,2022-08-16,20.6,24.9,17.7,74,91,4.0,4.0,6.5,159,20.34,4.16,780.2,15.7,2309.0,31.528997,78.26555
HP-KNR,2022-08-17,20.5,24.4,16.5,75,92,1.2,1.2,7.0,232,21.78,4.4,779.5,15.7,2309.0,31.528997,78.26555
HP-KNR,2022-08-18,20.7,27.3,15.1,75,99,0.0,0.0,7.6,201,26.81,5.45,778.2,15.6,2309.0,31.528997,78.26555
HP-KNR,2022-08-19,20.2,26.0,13.8,80,99,2.4,2.4,7.1,225,22.58,4.61,777.0,16.4,2309.0,31.528997,78.26555
HP-KNR,2022-08-20,20.1,21.3,18.8,82,94,12.7,12.7,6.1,251,8.1,1.78,778.0,16.9,2309.0,31.528997,78.26555
HP-KNR,2022-08-21,19.7,23.7,15.8,78,95,5.1,5.1,6.9,247,20.32,4.02,778.0,15.8,2309.0,31.528997,78.26555
HP-KNR,2022-08-22,19.7,25.4,13.7,76,100,0.6,0.6,7.9,206,22.72,4.59,776.7,15.0,2309.0,31.528997,78.26555
HP-KNR,2022-08-23,20.0,25.7,15.1,74,95,1.1,1.1,7.6,209,22.73,4.58,779.4,15.1,2309.0,31.528997,78.26555
HP-KNR,2022-08-24,19.4,23.5,14.7,81,100,2.9,2.9,6.5,226,17.56,3.52,780.9,15.9,2309.0,31.528997,78.26555
HP-KNR,2022-08-25,20.7,24.8,17.6,77,94,1.4,1.4,8.0,232,19.83,4.03,780.9,16.3,2309.0,31.528997,78.26555
HP-KNR,2022-08-26,19.7,25.8,14.4,75,100,0.4,0.4,7.6,205,24.02,4.83,779.2,14.7,2309.0,31.528997,78.26555
HP-KNR,2022-08-27,19.5,25.6,13.2,75,100,2.1,2.1,7.7,216,25.11,5.03,778.0,14.4,2309.0,31.528997,78.26555
HP-KNR,2022-08-28,18.9,24.8,12.3,79,100,0.7,0.7,8.0,232,24.08,4.79,777.8,14.7,2309.0,31.528997,78.26555
HP-KNR,2022-08-29,19.0,24.1,14.1,79,100,2.8,2.8,7.1,217,22.54,4.44,780.9,15.0,2309.0,31.528997,78.26555
HP-KNR,2022-08-30,19.4,24.3,13.7,75,99,0.1,0.1,6.8,220,24.09,4.79,782.0,14.4,2309.0,31.528997,78.26555
HP-KNR,2022-08-31,19.7,25.8,13.3,69,90,0.0,0.0,7.6,221,25.15,5.03,780.1,13.4,2309.0,31.528997,78.26555
HP-KNR,2022-09-01,19.1,25.6,11.7,74,99,0.0,0.0,7.8,244,23.72,4.73,779.5,13.8,2309.0,31.528997,78.26555
HP-KNR,2022-09-02,19.0,24.8,11.7,76,99,0.0,0.0,7.2,246,23.39,4.68,780.4,14.1,2309.0,31.528997,78.26555
HP-KNR,2022-09-03,18.9,23.9,12.9,77,99,0.3,0.3,8.4,223,22.41,4.44,777.8,14.4,2309.0,31.528997,78.26555
HP-KNR,2022-09-04,18.7,22.1,16.0,81,97,4.6,4.6,7.7,239,17.98,3.55,777.1,15.2,2309.0,31.528997,78.26555
HP-KNR,2022-09-05,17.3,21.6,11.7,73,98,3.0,3.0,7.6,223,21.95,4.18,778.3,12.2,2309.0,31.528997,78.26555
HP-KNR,2022-09-06,16.9,21.6,9.5,72,99,1.1,1.1,7.6,240,21.29,4.12,779.3,11.5,2309.0,31.528997,78.26555
HP-KNR,2022-09-07,19.0,24.4,12.5,65,87,0.3,0.3,7.4,241,24.49,4.83,782.0,11.8,2309.0,31.528997,78.26555
HP-KNR,2022-09-08,18.0,25.6,9.4,71,99,2.6,2.6,7.8,222,24.67,4.89,781.8,11.9,2309.0,31.528997,78.26555
HP-KNR,2022-09-09,18.9,24.5,12.6,72,99,0.3,0.3,7.9,218,24.38,4.83,782.2,13.1,2309.0,31.528997,78.26555
HP-KNR,2022-09-10,18.5,24.3,12.8,73,99,1.0,1.0,8.2,220,23.58,4.65,781.0,13.2,2309.0,31.528997,78.26555
HP-KNR,2022-09-11,18.3,23.9,12.3,73,98,0.4,0.4,7.3,226,24.48,4.75,779.3,12.8,2309.0,31.528997,78.26555
HP-KNR,2022-09-12,18.2,23.6,11.0,73,98,1.5,1.5,7.4,229,22.92,4.46,778.3,12.8,2309.0,31.528997,78.26555
HP-KNR,2022-09-13,18.6,24.4,12.8,69,90,7.2,7.2,8.7,213,22.73,4.45,779.0,12.5,2309.0,31.528997,78.26555
HP-KNR,2022-09-14,18.4,22.6,14.0,76,94,2.0,2.0,6.5,232,13.79,2.74,779.4,13.9,2309.0,31.528997,78.26555
HP-KNR,2022-09-15,18.3,20.9,16.7,81,90,9.1,9.1,5.8,251,6.09,1.41,777.4,15.0,2309.0,31.528997,78.26555
HP-KNR,2022-09-16,18.5,23.2,16.0,75,88,6.0,6.0,7.6,254,16.98,3.37,775.0,13.9,2309.0,31.528997,78.26555
HP-KNR,2022-09-17,17.2,19.1,14.2,84,93,10.5,10.5,6.3,255,7.8,1.67,776.1,14.4,2309.0,31.528997,78.26555
HP-KNR,2022-09-18,16.4,20.1,9.9,78,100,0.5,0.5,5.4,212,14.35,2.76,778.4,12.3,2309.0,31.528997,78.26555
HP-KNR,2022-09-19,17.7,21.7,13.6,72,92,9.4,9.4,7.0,167,14.44,2.88,780.5,12.5,2309.0,31.528997,78.26555
HP-KNR,2022-09-20,18.7,21.9,16.5,75,84,8.6,8.6,6.9,248,16.15,3.17,780.6,14.1,2309.0,31.528997,78.26555
HP-KNR,2022-09-21,17.9,19.5,16.8,82,92,5.6,5.6,5.4,287,6.62,1.47,780.2,14.7,2309.0,31.528997,78.26555
HP-KNR,2022-09-22,17.2,18.6,16.2,83,92,13.3,13.3,4.8,253,5.42,1.26,779.6,14.2,2309.0,31.528997,78.26555
HP-KNR,2022-09-23,17.1,18.5,15.6,81,93,8.0,8.0,3.5,286,6.01,1.32,779.2,13.7,2309.0,31.528997,78.26555
HP-KNR,2022-09-24,17.2,18.6,15.9,79,85,17.9,17.9,3.6,286,4.52,1.12,777.7,13.5,2309.0,31.528997,78.26555
HP-KNR,2022-09-25,16.4,18.7,14.9,81,90,22.8,22.4,5.8,319,6.6,1.46,776.9,13.1,2309.0,31.528997,78.26555
HP-KNR,2022-09-26,15.9,20.0,11.6,73,89,6.6,6.6,4.5,176,20.43,3.74,780.0,10.8,2309.0,31.528997,78.26555
HP-KNR,2022-09-27,15.1,22.8,7.7,68,95,0.0,0.0,8.4,176,20.48,3.89,778.4,8.5,2309.0,31.528997,78.26555
HP-KNR,2022-09-28,14.4,20.3,8.5,74,95,2.1,2.1,6.8,142,19.0,3.49,777.7,9.6,2309.0,31.528997,78.26555
HP-KNR,2022-09-29,15.2,19.2,10.4,67,86,0.8,0.8,5.1,138,19.42,3.56,778.4,9.0,2309.0,31.528997,78.26555
HP-KNR,2022-09-30,14.7,21.7,8.9,62,81,0.1,0.1,7.7,145,20.45,3.8,778.9,7.0,2309.0,31.528997,78.26555
HP-KNR,2022-10-01,14.1,19.5,9.9,70,92,7.4,5.2,6.1,136,19.45,3.53,778.0,8.4,2309.0,31.528997,78.26555
HP-KNR,2022-10-02,14.1,19.1,8.0,70,98,1.9,1.8,5.9,160,20.91,3.72,778.0,8.3,2309.0,31.528997,78.26555
HP-KNR,2022-10-03,14.7,19.9,9.7,63,78,9.4,7.5,7.2,167,20.21,3.71,780.2,7.6,2309.0,31.528997,78.26555
HP-KNR,2022-10-04,15.5,19.3,12.2,67,86,2.5,2.5,5.5,326,19.02,3.46,781.9,9.3,2309.0,31.528997,78.26555
HP-KNR,2022-10-05,15.2,20.6,8.6,61,96,1.3,1.3,6.4,191,21.1,3.89,779.7,7.2,2309.0,31.528997,78.26555
HP-KNR,2022-10-06,15.5,20.9,10.6,61,99,1.3,1.3,7.9,296,19.01,3.56,779.3,7.6,2309.0,31.528997,78.26555
HP-KNR,2022-10-07,13.8,19.5,6.7,74,100,0.7,0.7,6.2,209,17.04,3.13,779.3,8.9,2309.0,31.528997,78.26555
HP-KNR,2022-10-08,15.3,17.5,13.6,66,81,2.3,2.3,3.2,310,6.83,1.47,780.6,8.8,2309.0,31.528997,78.26555
HP-KNR,2022-10-09,15.1,19.0,11.4,72,88,3.4,3.4,5.8,242,8.61,1.76,779.9,10.1,2309.0,31.528997,78.26555
HP-KNR,2022-10-10,14.1,18.2,9.9,73,92,3.5,3.4,6.5,247,16.49,2.95,780.3,9.1,2309.0,31.528997,78.26555
HP-KNR,2022-10-11,10.3,13.7,6.9,86,100,11.2,5.5,5.2,340,7.26,1.32,777.0,7.8,2309.0,31.528997,78.26555
HP-KNR,2022-10-12,9.7,15.3,4.3,70,99,2.3,0.5,4.6,160,19.23,3.24,777.7,4.1,2309.0,31.528997,78.26555
HP-KNR,2022-10-13,9.1,15.5,3.2,68,94,0.4,0.4,4.8,164,19.73,3.27,778.5,3.2,2309.0,31.528997,78.26555
HP-KNR,2022-10-14,10.1,17.4,1.4,59,93,0.0,0.0,5.4,165,21.3,3.62,778.7,1.6,2309.0,31.528997,78.26555
HP-KNR,2022-10-15,12.2,19.0,4.6,45,61,0.0,0.0,5.4,147,21.51,3.78,778.9,-0.0,2309.0,31.528997,78.26555
HP-KNR,2022-10-16,12.6,19.0,6.1,45,70,0.0,0.0,5.9,161,20.83,3.7,780.8,0.4,2309.0,31.528997,78.26555
HP-KNR,2022-10-17,10.3,18.5,1.8,59,83,0.0,0.0,7.4,189,19.75,3.44,779.4,1.7,2309.0,31.528997,78.26555
HP-KNR,2022-10-18,9.0,13.7,3.6,58,80,1.0,0.0,5.4,181,16.38,2.74,778.1,0.8,2309.0,31.528997,78.26555
HP-KNR,2022-10-19,9.0,14.2,3.0,55,76,0.8,0.0,6.5,182,16.59,2.8,777.8,0.1,2309.0,31.528997,78.26555
HP-KNR,2022-10-20,7.8,13.5,2.0,60,85,0.1,0.0,6.6,177,17.23,2.83,778.6,0.1,2309.0,31.528997,78.26555
HP-KNR,2022-10-21,7.7,14.2,1.3,56,83,0.0,0.0,7.0,190,19.49,3.18,780.2,-1.1,2309.0,31.528997,78.26555
HP-KNR,2022-10-22,8.9,15.9,0.9,50,82,0.0,0.0,5.9,155,20.24,3.38,781.3,-1.8,2309.0,31.528997,78.26555
HP-KNR,2022-10-23,10.8,17.1,6.0,43,70,0.0,0.0,7.6,167,19.84,3.4,781.6,-1.7,2309.0,31.528997,78.26555
HP-KNR,2022-10-24,11.0,17.8,3.2,46,72,0.0,0.0,6.7,147,20.1,3.43,778.0,-0.9,2309.0,31.528997,78.26555
HP-KNR,2022-10-25,11.3,17.1,5.4,43,64,0.1,0.0,6.3,266,19.48,3.34,775.7,-1.3,2309.0,31.528997,78.26555
HP-KNR,2022-10-26,9.9,17.5,1.6,46,76,0.0,0.0,6.6,199,19.64,3.32,778.0,-2.3,2309.0,31.528997,78.26555
HP-KNR,2022-10-27,9.6,18.0,1.9,49,82,0.0,0.0,7.3,212,19.58,3.35,777.3,-1.9,2309.0,31.528997,78.26555
HP-KNR,2022-10-28,11.1,17.9,3.1,42,82,0.0,0.0,5.5,120,19.83,3.37,778.9,-2.8,2309.0,31.528997,78.26555
HP-KNR,2022-10-29,12.4,18.7,7.0,39,59,0.0,0.0,7.1,155,19.18,3.29,779.5,-1.9,2309.0,31.528997,78.26555
HP-KNR,2022-10-30,12.1,18.6,5.7,44,77,0.0,0.0,7.1,180,19.04,3.27,780.1,-0.5,2309.0,31.528997,78.26555
HP-KNR,2022-10-31,9.6,17.5,0.6,52,94,0.0,0.0,7.3,200,18.78,3.15,778.8,-1.3,2309.0,31.528997,78.26555
HP-KNR,2022-11-01,8.4,16.1,1.9,64,89,4.8,0.1,7.9,150,16.93,2.8,779.9,1.3,2309.0,31.528997,78.26555
HP-KNR,2022-11-02,9.9,16.4,2.9,41,78,0.0,0.0,5.3,127,18.87,3.06,779.3,-4.4,2309.0,31.528997,78.26555
HP-KNR,2022-11-03,11.6,17.8,5.4,30,44,0.0,0.0,5.2,152,18.57,3.15,778.5,-5.8,2309.0,31.528997,78.26555
HP-KNR,2022-11-04,11.5,18.0,5.9,41,66,0.0,0.0,5.5,165,17.12,2.92,779.6,-1.7,2309.0,31.528997,78.26555
HP-KNR,2022-11-05,9.1,16.2,-0.1,56,95,0.0,0.0,6.6,212,16.69,2.8,779.9,-0.2,2309.0,31.528997,78.26555
HP-KNR,2022-11-06,8.4,14.9,0.9,50,86,0.0,0.0,6.0,207,17.29,2.81,780.7,-2.4,2309.0,31.528997,78.26555
HP-KNR,2022-11-07,8.7,14.1,4.9,53,72,0.3,0.0,7.4,231,13.75,2.22,779.9,-0.8,2309.0,31.528997,78.26555
HP-KNR,2022-11-08,8.7,14.8,2.4,46,69,0.0,0.0,7.2,246,17.25,2.72,779.2,-2.9,2309.0,31.528997,78.26555
HP-KNR,2022-11-09,7.5,10.4,5.5,72,85,4.4,0.0,5.6,290,9.1,1.46,778.4,2.6,2309.0,31.528997,78.26555
HP-KNR,2022-11-10,3.9,6.3,-1.2,75,89,10.9,0.0,4.1,321,16.73,2.19,776.8,-0.2,2309.0,31.528997,78.26555
HP-KNR,2022-11-11,2.6,8.0,-1.8,38,63,0.0,0.0,5.1,103,18.52,2.47,775.1,-10.7,2309.0,31.528997,78.26555
HP-KNR,2022-11-12,2.8,7.0,-0.9,31,57,0.0,0.0,5.2,274,18.61,2.42,774.1,-13.4,2309.0,31.528997,78.26555
HP-KNR,2022-11-13,4.8,10.3,-1.3,31,58,0.1,0.0,4.9,7,17.11,2.41,774.3,-11.3,2309.0,31.528997,78.26555
HP-KNR,2022-11-14,5.1,6.1,4.5,82,94,21.6,0.0,2.6,333,7.87,1.16,776.7,2.0,2309.0,31.528997,78.26555
HP-KNR,2022-11-15,1.1,5.8,-6.1,63,96,0.0,0.0,2.6,99,16.02,1.91,773.4,-5.8,2309.0,31.528997,78.26555
HP-KNR,2022-11-16,1.5,6.0,-2.0,33,44,0.0,0.0,2.4,116,16.87,2.11,771.1,-13.4,2309.0,31.528997,78.26555
HP-KNR,2022-11-17,-0.6,4.9,-4.4,27,42,0.0,0.0,3.1,114,17.95,2.09,769.5,-18.0,2309.0,31.528997,78.26555
HP-KNR,2022-11-18,2.1,7.1,-2.1,22,36,0.0,0.0,3.0,105,17.6,2.19,772.9,-18.5,2309.0,31.528997,78.26555
HP-KNR,2022-11-19,5.2,9.7,1.6,22,44,0.0,0.0,2.5,71,14.12,1.97,775.5,-15.3,2309.0,31.528997,78.26555
HP-KNR,2022-11-20,1.3,6.7,-4.1,49,70,0.1,0.0,2.6,97,15.89,2.02,773.4,-8.4,2309.0,31.528997,78.26555
HP-KNR,2022-11-21,2.0,7.6,-3.8,24,39,0.0,0.0,2.3,86,17.05,2.17,772.4,-16.9,2309.0,31.528997,78.26555
HP-KNR,2022-11-22,2.0,7.6,-4.6,40,61,0.0,0.0,2.9,83,14.82,1.95,772.2,-10.4,2309.0,31.528997,78.26555
HP-KNR,2022-11-23,0.2,7.0,-4.9,41,65,0.0,0.0,3.1,120,16.58,2.02,771.9,-11.8,2309.0,31.528997,78.26555
HP-KNR,2022-11-24,3.0,8.4,-1.4,28,40,0.0,0.0,3.5,110,17.06,2.21,774.8,-14.2,2309.0,31.528997,78.26555
HP-KNR,2022-11-25,5.1,10.3,1.6,25,36,0.0,0.0,2.6,99,16.77,2.24,776.5,-13.6,2309.0,31.528997,78.26555
HP-KNR,2022-11-26,5.9,11.6,1.9,21,32,0.0,0.0,2.6,95,16.65,2.28,774.9,-15.0,2309.0,31.528997,78.26555
HP-KNR,2022-11-27,5.0,10.3,1.7,23,31,0.0,0.0,2.5,96,16.68,2.24,772.0,-14.7,2309.0,31.528997,78.26555
HP-KNR,2022-11-28,3.4,9.1,-0.9,18,26,0.0,0.0,2.6,92,16.7,2.17,772.6,-19.1,2309.0,31.528997,78.26555
HP-KNR,2022-11-29,3.5,9.8,-1.5,19,25,0.0,0.0,2.6,92,16.69,2.19,774.1,-18.0,2309.0,31.528997,78.26555
HP-KNR,2022-11-30,4.2,9.9,-0.3,19,31,0.0,0.0,2.6,84,16.42,2.17,775.3,-18.1,2309.0,31.528997,78.26555
HP-KNR,2022-12-01,4.4,10.5,-1.0,22,31,0.0,0.0,2.6,95,16.32,2.16,774.6,-15.6,2309.0,31.528997,78.26555
HP-KNR,2022-12-02,6.7,11.1,2.9,28,46,0.0,0.0,2.2,79,13.4,1.92,774.5,-11.0,2309.0,31.528997,78.26555
HP-KNR,2022-12-03,4.2,8.5,-4.1,52,70,0.0,0.0,3.2,93,15.47,2.06,774.1,-5.0,2309.0,31.528997,78.26555
HP-KNR,2022-12-04,1.6,8.0,-4.3,37,66,0.0,0.0,3.1,86,16.13,2.06,773.5,-12.0,2309.0,31.528997,78.26555
HP-KNR,2022-12-05,1.7,7.5,-4.6,42,66,0.0,0.0,2.2,85,15.89,2.03,773.8,-10.1,2309.0,31.528997,78.26555
HP-KNR,2022-12-06,3.0,9.2,-1.9,32,63,0.0,0.0,2.3,84,15.27,2.04,773.0,-12.6,2309.0,31.528997,78.26555
HP-KNR,2022-12-07,3.1,9.4,-2.6,40,73,0.0,0.0,2.2,110,15.87,2.12,772.5,-9.7,2309.0,31.528997,78.26555
HP-KNR,2022-12-08,4.4,9.2,-1.1,37,58,0.0,0.0,2.0,78,14.63,2.0,774.1,-9.5,2309.0,31.528997,78.26555
HP-KNR,2022-12-09,3.0,7.8,-1.3,59,83,4.4,0.0,4.1,61,13.03,1.75,774.2,-4.6,2309.0,31.528997,78.26555
HP-KNR,2022-12-10,2.2,7.7,-2.3,57,66,0.0,0.0,3.0,60,13.53,1.77,774.3,-5.6,2309.0,31.528997,78.26555
HP-KNR,2022-12-11,3.1,9.5,-1.9,35,49,0.0,0.0,1.9,79,15.62,2.06,774.9,-11.2,2309.0,31.528997,78.26555
HP-KNR,2022-12-12,3.3,9.9,-2.1,34,60,0.0,0.0,3.9,64,15.42,2.07,773.9,-11.3,2309.0,31.528997,78.26555
HP-KNR,2022-12-13,2.5,9.0,-3.0,36,60,0.0,0.0,4.0,76,15.64,2.09,774.2,-11.1,2309.0,31.528997,78.26555
HP-KNR,2022-12-14,4.0,11.1,-1.4,26,63,0.0,0.0,4.3,66,15.62,2.18,773.4,-14.2,2309.0,31.528997,78.26555
HP-KNR,2022-12-15,4.0,10.3,-2.0,38,64,0.0,0.0,5.0,122,15.48,2.2,772.5,-9.6,2309.0,31.528997,78.26555
HP-KNR,2022-12-16,5.1,11.6,-1.0,36,67,0.0,0.0,4.2,70,15.27,2.17,772.0,-9.1,2309.0,31.528997,78.26555
HP-KNR,2022-12-17,5.2,12.0,-1.1,39,72,0.0,0.0,3.9,126,15.29,2.18,773.6,-7.9,2309.0,31.528997,78.26555
HP-KNR,2022-12-18,5.0,11.5,-1.2,38,72,0.0,0.0,4.6,89,15.27,2.18,773.8,-8.5,2309.0,31.528997,78.26555
HP-KNR,2022-12-19,3.6,9.8,-1.6,36,60,0.0,0.0,5.4,18,15.23,2.09,771.5,-10.5,2309.0,31.528997,78.26555
HP-KNR,2022-12-20,3.5,10.5,-2.1,29,47,0.0,0.0,4.2,45,13.97,2.0,770.2,-13.4,2309.0,31.528997,78.26555
HP-KNR,2022-12-21,1.5,8.5,-4.2,31,52,0.0,0.0,4.7,59,15.22,2.05,769.6,-14.1,2309.0,31.528997,78.26555
HP-KNR,2022-12-22,1.7,8.5,-4.6,21,45,0.0,0.0,3.4,75,15.33,1.99,769.6,-18.4,2309.0,31.528997,78.26555
HP-KNR,2022-12-23,2.4,9.7,-3.1,28,63,0.0,0.0,4.4,29,14.98,2.09,767.9,-15.0,2309.0,31.528997,78.26555
HP-KNR,2022-12-24,-0.5,5.4,-7.0,48,71,0.2,0.0,4.9,335,13.68,1.69,768.9,-10.5,2309.0,31.528997,78.26555
HP-KNR,2022-12-25,1.0,6.8,-5.7,38,73,0.1,0.0,4.3,276,13.25,1.75,769.9,-13.0,2309.0,31.528997,78.26555
HP-KNR,2022-12-26,1.4,4.9,-1.4,64,84,10.2,0.0,5.0,312,10.59,1.32,773.1,-4.8,2309.0,31.528997,78.26555
HP-KNR,2022-12-27,-0.0,6.3,-7.5,53,86,0.0,0.0,5.5,299,15.12,1.89,771.2,-10.0,2309.0,31.528997,78.26555
HP-KNR,2022-12-28,0.4,7.2,-8.2,37,60,0.0,0.0,5.8,290,15.29,1.94,770.4,-12.7,2309.0,31.528997,78.26555
HP-KNR,2022-12-29,4.1,7.1,1.5,52,80,9.5,0.0,5.4,312,8.11,1.3,774.2,-5.5,2309.0,31.528997,78.26555
HP-KNR,2022-12-30,2.4,4.0,-2.4,64,75,16.1,0.0,3.1,323,12.52,1.56,773.6,-3.7,2309.0,31.528997,78.26555
HP-KNR,2022-12-31,-0.6,4.5,-5.1,29,51,0.0,0.0,2.9,160,16.05,1.88,770.3,-17.0,2309.0,31.528997,78.26555
HP-KNR,2023-01-01,-0.5,4.4,-4.4,24,35,0.0,0.0,1.6,102,12.78,1.53,771.0,-19.2,2309.0,31.528997,78.26555
HP-KNR,2023-01-02,-2.2,2.3,-6.0,43,74,1.0,0.0,2.1,91,15.55,1.7,771.1,-13.5,2309.0,31.528997,78.26555
HP-KNR,2023-01-03,-5.2,-0.0,-9.1,44,76,0.8,0.0,2.3,117,15.89,1.61,770.9,-16.3,2309.0,31.528997,78.26555
HP-KNR,2023-01-04,-5.2,-0.0,-9.7,34,40,0.0,0.0,3.1,128,16.47,1.63,772.3,-18.9,2309.0,31.528997,78.26555
HP-KNR,2023-01-05,-3.6,1.5,-7.7,21,32,0.0,0.0,3.2,107,16.51,1.74,775.9,-23.3,2309.0,31.528997,78.26555
HP-KNR,2023-01-06,-2.9,2.1,-8.3,24,35,0.0,0.0,3.4,117,16.06,1.72,776.6,-21.1,2309.0,31.528997,78.26555
HP-KNR,2023-01-07,2.5,6.1,-0.2,28,38,0.1,0.1,2.2,95,15.92,1.94,777.2,-14.2,2309.0,31.528997,78.26555
HP-KNR,2023-01-08,2.4,6.1,-3.6,51,68,0.5,0.0,2.5,83,15.06,1.82,777.2,-6.8,2309.0,31.528997,78.26555
HP-KNR,2023-01-09,2.1,4.1,0.1,73,79,0.7,0.0,1.9,45,10.97,1.4,778.9,-2.3,2309.0,31.528997,78.26555
HP-KNR,2023-01-10,1.6,6.4,-2.2,54,74,0.0,0.0,2.4,103,16.09,1.96,775.1,-7.1,2309.0,31.528997,78.26555
HP-KNR,2023-01-11,1.1,3.0,-0.7,57,82,9.6,0.0,3.1,17,5.97,0.83,770.4,-7.5,2309.0,31.528997,78.26555
HP-KNR,2023-01-12,0.6,1.8,-0.5,71,83,10.4,0.0,2.4,354,14.38,1.68,768.3,-4.1,2309.0,31.528997,78.26555
HP-KNR,2023-01-13,-0.3,0.5,-1.4,62,74,14.9,0.0,3.7,352,10.27,1.21,768.6,-6.8,2309.0,31.528997,78.26555
HP-KNR,2023-01-14,0.1,1.9,-3.6,58,72,10.9,0.0,3.2,344,13.33,1.57,768.4,-7.3,2309.0,31.528997,78.26555
HP-KNR,2023-01-15,-2.3,0.5,-5.4,22,38,0.0,0.0,1.8,77,16.79,1.83,765.3,-21.5,2309.0,31.528997,78.26555
HP-KNR,2023-01-16,-5.4,-1.9,-7.6,22,27,0.0,0.0,2.7,98,17.18,1.71,764.9,-23.7,2309.0,31.528997,78.26555
HP-KNR,2023-01-17,-5.2,-1.7,-7.6,16,24,0.0,0.0,2.2,104,16.83,1.69,765.7,-27.4,2309.0,31.528997,78.26555
HP-KNR,2023-01-18,-4.7,-0.5,-11.0,28,41,0.0,0.0,2.4,115,15.08,1.59,767.8,-20.9,2309.0,31.528997,78.26555
HP-KNR,2023-01-19,-0.8,2.1,-2.5,61,75,3.4,0.1,1.8,65,14.69,1.74,771.0,-7.4,2309.0,31.528997,78.26555
HP-KNR,2023-01-20,-0.7,1.4,-2.7,73,92,29.9,0.0,2.4,24,8.54,1.06,769.5,-5.0,2309.0,31.528997,78.26555
HP-KNR,2023-01-21,-2.1,-0.7,-4.6,47,67,2.7,0.0,2.3,67,17.31,1.79,771.3,-12.5,2309.0,31.528997,78.26555
HP-KNR,2023-01-22,-3.8,-0.8,-5.6,21,30,0.0,0.0,2.3,74,17.81,1.83,768.7,-23.2,2309.0,31.528997,78.26555
HP-KNR,2023-01-23,-4.5,-1.3,-6.7,20,22,0.0,0.0,3.0,79,17.51,1.78,768.8,-24.1,2309.0,31.528997,78.26555
HP-KNR,2023-01-24,-2.5,0.4,-6.7,50,69,6.1,0.0,3.1,60,10.58,1.22,768.8,-12.0,2309.0,31.528997,78.26555
HP-KNR,2023-01-25,1.3,3.0,-0.5,65,74,12.5,0.0,2.3,52,12.92,1.61,770.3,-4.6,2309.0,31.528997,78.26555
HP-KNR,2023-01-26,-0.4,2.5,-5.5,43,60,2.4,0.0,2.6,67,17.34,1.97,772.4,-11.9,2309.0,31.528997,78.26555
HP-KNR,2023-01-27,-2.3,1.6,-5.5,20,27,0.0,0.0,3.0,102,18.39,2.02,772.5,-22.3,2309.0,31.528997,78.26555
HP-KNR,2023-01-28,-1.1,2.5,-3.5,15,19,0.0,0.0,2.9,104,17.76,2.02,771.8,-25.0,2309.0,31.528997,78.26555
HP-KNR,2023-01-29,-0.3,1.6,-2.2,45,85,13.2,0.0,3.1,71,11.42,1.43,771.4,-12.5,2309.0,31.528997,78.26555
HP-KNR,2023-01-30,1.3,4.0,-6.5,82,96,42.1,0.0,3.3,71,8.83,1.24,771.8,-1.5,2309.0,31.528997,78.26555
HP-KNR,2023-01-31,-3.2,0.3,-7.5,32,83,0.0,0.0,3.5,104,18.4,1.94,771.7,-18.7,2309.0,31.528997,78.26555
HP-KNR,2023-02-01,-2.2,1.2,-4.3,20,23,0.0,0.0,2.9,111,19.08,2.09,772.7,-22.5,2309.0,31.528997,78.26555
HP-KNR,2023-02-02,0.3,3.9,-3.1,18,29,0.0,0.0,2.6,106,15.25,1.87,773.7,-21.6,2309.0,31.528997,78.26555
HP-KNR,2023-02-03,1.3,4.3,-1.4,40,49,0.0,0.0,2.4,110,17.89,2.15,772.5,-11.0,2309.0,31.528997,78.26555
HP-KNR,2023-02-04,0.7,4.1,-3.2,49,62,0.2,0.0,2.4,107,18.58,2.23,770.0,-8.9,2309.0,31.528997,78.26555
HP-KNR,2023-02-05,0.7,5.3,-3.2,28,38,0.0,0.0,2.1,94,19.34,2.39,768.3,-16.0,2309.0,31.528997,78.26555
HP-KNR,2023-02-06,-0.1,2.1,-4.5,51,81,7.3,0.0,2.6,76,11.99,1.43,769.5,-9.9,2309.0,31.528997,78.26555
HP-KNR,2023-02-07,-1.6,3.4,-6.5,50,92,0.0,0.0,2.1,159,19.81,2.32,767.0,-11.7,2309.0,31.528997,78.26555
HP-KNR,2023-02-08,0.8,5.0,-2.8,39,48,0.0,0.0,2.4,316,17.76,2.21,770.0,-11.8,2309.0,31.528997,78.26555
HP-KNR,2023-02-09,0.1,5.1,-5.6,61,79,10.6,0.0,3.4,328,16.59,2.06,770.0,-6.8,2309.0,31.528997,78.26555
HP-KNR,2023-02-10,2.5,4.3,1.4,59,70,53.7,0.1,3.8,305,11.48,1.57,770.3,-4.8,2309.0,31.528997,78.26555
HP-KNR,2023-02-11,1.4,3.0,-1.3,69,89,20.2,0.0,4.6,308,15.86,1.86,770.6,-3.7,2309.0,31.528997,78.26555
HP-KNR,2023-02-12,-2.7,-1.2,-4.7,50,70,0.0,0.0,3.8,295,19.48,2.01,771.0,-11.8,2309.0,31.528997,78.26555
HP-KNR,2023-02-13,3.6,7.8,-2.1,16,26,0.0,0.0,3.4,130,20.98,2.8,770.6,-20.0,2309.0,31.528997,78.26555
HP-KNR,2023-02-14,4.3,8.1,2.0,26,32,0.0,0.0,2.9,128,20.6,2.79,773.7,-13.7,2309.0,31.528997,78.26555
HP-KNR,2023-02-15,4.0,8.0,0.6,24,32,0.0,0.0,3.1,126,21.18,2.84,773.6,-15.1,2309.0,31.528997,78.26555
HP-KNR,2023-02-16,5.5,9.0,3.1,25,31,0.0,0.0,2.9,129,20.94,2.91,776.2,-13.0,2309.0,31.528997,78.26555
HP-KNR,2023-02-17,6.9,11.2,4.5,28,31,0.0,0.0,2.6,130,21.1,3.07,778.3,-10.6,2309.0,31.528997,78.26555
HP-KNR,2023-02-18,6.8,11.0,4.1,20,25,0.0,0.0,2.1,128,21.73,3.12,777.9,-14.7,2309.0,31.528997,78.26555
HP-KNR,2023-02-19,6.9,10.8,4.3,23,33,0.0,0.0,1.6,106,19.89,2.91,777.1,-13.2,2309.0,31.528997,78.26555
HP-KNR,2023-02-20,5.5,8.6,3.6,46,65,12.0,0.0,2.3,14,16.71,2.43,775.6,-5.4,2309.0,31.528997,78.26555
HP-KNR,2023-02-21,3.8,5.3,2.6,64,85,21.3,0.0,2.0,27,14.86,2.05,774.1,-2.6,2309.0,31.528997,78.26555
HP-KNR,2023-02-22,1.4,6.5,-5.5,42,88,0.1,0.0,3.3,136,21.5,2.81,771.9,-11.2,2309.0,31.528997,78.26555
HP-KNR,2023-02-23,1.5,5.7,-1.0,36,43,0.0,0.0,2.6,117,22.96,2.91,772.7,-12.2,2309.0,31.528997,78.26555
HP-KNR,2023-02-24,0.5,3.7,-2.2,26,32,0.0,0.0,2.7,109,23.22,2.83,774.7,-16.8,2309.0,31.528997,78.26555
HP-KNR,2023-02-25,-0.0,3.3,-2.9,31,37,0.0,0.0,2.4,111,23.27,2.78,775.9,-15.4,2309.0,31.528997,78.26555
HP-KNR,2023-02-26,0.1,3.9,-3.4,35,45,0.0,0.0,2.6,107,22.91,2.77,776.6,-13.8,2309.0,31.528997,78.26555
HP-KNR,2023-02-27,0.0,4.4,-4.0,44,59,0.0,0.0,2.9,106,23.32,2.79,775.5,-11.0,2309.0,31.528997,78.26555
HP-KNR,2023-02-28,0.1,1.9,-2.0,56,79,5.3,0.0,2.6,97,13.73,1.71,776.1,-8.1,2309.0,31.528997,78.26555
HP-KNR,2023-03-01,1.4,4.0,-6.5,76,90,3.7,0.0,3.4,83,17.72,2.35,778.0,-2.5,2309.0,31.528997,78.26555
HP-KNR,2023-03-02,-0.3,5.7,-7.6,62,86,0.0,0.0,3.1,101,22.51,2.83,777.2,-7.0,2309.0,31.528997,78.26555
HP-KNR,2023-03-03,2.7,7.2,-0.9,53,71,0.0,0.0,2.7,95,22.63,3.0,778.6,-5.8,2309.0,31.528997,78.26555
HP-KNR,2023-03-04,2.4,5.2,0.6,57,69,7.3,0.0,2.3,87,21.76,2.84,779.3,-5.2,2309.0,31.528997,78.26555
HP-KNR,2023-03-05,0.3,6.0,-6.5,53,78,0.0,0.0,3.1,93,23.81,3.06,776.5,-8.4,2309.0,31.528997,78.26555
HP-KNR,2023-03-06,0.3,4.2,-3.5,51,74,0.0,0.0,2.9,110,24.64,3.02,774.7,-8.9,2309.0,31.528997,78.26555
HP-KNR,2023-03-07,0.9,4.6,-1.9,33,41,0.0,0.0,2.7,100,24.79,3.12,775.4,-13.6,2309.0,31.528997,78.26555
HP-KNR,2023-03-08,1.0,4.9,-1.7,37,54,0.0,0.0,2.6,113,24.81,3.17,775.9,-12.1,2309.0,31.528997,78.26555
HP-KNR,2023-03-09,-0.9,5.2,-7.1,54,76,0.0,0.0,3.3,138,25.16,3.09,774.3,-9.0,2309.0,31.528997,78.26555
HP-KNR,2023-03-10,2.4,7.4,-0.8,41,51,0.0,0.0,2.9,119,25.79,3.47,776.1,-9.5,2309.0,31.528997,78.26555
HP-KNR,2023-03-11,2.7,8.5,-3.4,39,58,0.0,0.0,3.4,127,25.61,3.54,776.0,-10.5,2309.0,31.528997,78.26555
HP-KNR,2023-03-12,1.6,7.2,-4.2,54,82,0.0,0.0,3.3,119,25.5,3.41,775.5,-6.8,2309.0,31.528997,78.26555
HP-KNR,2023-03-13,3.2,7.6,-3.7,56,71,0.0,0.0,3.3,109,23.76,3.25,775.6,-5.1,2309.0,31.528997,78.26555
HP-KNR,2023-03-14,0.5,6.7,-7.1,72,93,0.0,0.0,3.2,107,25.3,3.32,772.0,-4.2,2309.0,31.528997,78.26555
HP-KNR,2023-03-15,3.1,8.6,-3.0,56,70,0.0,0.0,3.2,102,25.73,3.6,771.9,-5.0,2309.0,31.528997,78.26555
HP-KNR,2023-03-16,3.8,6.4,0.3,72,97,1.0,0.0,2.7,77,20.91,2.92,773.8,-1.2,2309.0,31.528997,78.26555
HP-KNR,2023-03-17,2.6,6.5,-2.1,67,94,0.1,0.0,2.9,90,24.9,3.36,774.4,-3.2,2309.0,31.528997,78.26555
HP-KNR,2023-03-18,3.3,6.6,-3.2,72,94,1.0,0.1,3.4,88,20.77,2.98,771.7,-1.4,2309.0,31.528997,78.26555
HP-KNR,2023-03-19,4.1,7.1,-0.8,69,88,0.2,0.0,3.7,111,25.15,3.62,770.7,-1.3,2309.0,31.528997,78.26555
HP-KNR,2023-03-20,3.1,6.0,-1.3,77,92,2.0,0.0,2.5,109,21.25,2.97,769.0,-0.6,2309.0,31.528997,78.26555
HP-KNR,2023-03-21,4.3,5.6,1.0,92,98,10.8,0.1,2.6,154,16.04,2.29,768.3,3.1,2309.0,31.528997,78.26555
HP-KNR,2023-03-22,3.4,7.4,-0.1,63,81,0.0,0.0,3.4,122,26.91,3.75,770.3,-3.1,2309.0,31.528997,78.26555
HP-KNR,2023-03-23,2.5,8.5,-6.4,61,73,0.0,0.0,2.9,88,27.63,3.79,768.8,-4.3,2309.0,31.528997,78.26555
HP-KNR,2023-03-24,4.2,8.9,1.4,53,79,0.7,0.0,2.3,72,26.89,3.89,771.6,-4.9,2309.0,31.528997,78.26555
HP-KNR,2023-03-25,3.4,5.4,-1.2,81,95,8.9,0.0,3.6,27,21.11,2.83,773.1,0.5,2309.0,31.528997,78.26555
HP-KNR,2023-03-26,0.5,6.9,-6.8,70,91,0.0,0.0,3.2,106,27.18,3.68,770.7,-4.5,2309.0,31.528997,78.26555
HP-KNR,2023-03-27,0.5,6.0,-5.8,66,85,0.0,0.0,2.7,103,28.33,3.71,769.7,-5.2,2309.0,31.528997,78.26555
HP-KNR,2023-03-28,3.4,8.7,-0.2,46,57,0.0,0.0,2.4,116,27.42,3.87,771.3,-7.3,2309.0,31.528997,78.26555
HP-KNR,2023-03-29,3.2,8.1,-1.2,54,70,0.0,0.0,2.8,114,28.1,3.91,772.8,-5.4,2309.0,31.528997,78.26555
HP-KNR,2023-03-30,3.4,8.2,-3.1,54,88,0.0,0.0,3.1,106,28.07,3.99,771.9,-5.5,2309.0,31.528997,78.26555
HP-KNR,2023-03-31,3.3,6.2,-2.2,70,85,3.7,0.0,2.6,95,20.72,2.97,768.8,-1.6,2309.0,31.528997,78.26555
HP-KNR,2023-04-01,4.4,6.1,1.8,84,92,5.6,0.0,2.6,127,24.67,3.51,769.9,1.9,2309.0,31.528997,78.26555
HP-KNR,2023-04-02,5.5,8.6,2.2,71,86,2.1,0.0,2.2,150,27.42,4.04,769.9,0.5,2309.0,31.528997,78.26555
HP-KNR,2023-04-03,4.3,7.3,1.2,65,93,10.8,0.0,2.1,53,25.65,3.66,770.2,-1.9,2309.0,31.528997,78.26555
HP-KNR,2023-04-04,3.1,5.1,0.1,71,79,12.6,0.0,3.2,94,21.95,3.05,771.7,-1.8,2309.0,31.528997,78.26555
HP-KNR,2023-04-05,0.9,7.0,-6.7,61,91,0.0,0.0,3.6,105,29.83,4.07,770.4,-6.2,2309.0,31.528997,78.26555
HP-KNR,2023-04-06,3.1,5.7,0.9,62,85,0.4,0.0,2.7,79,28.08,3.89,774.3,-3.7,2309.0,31.528997,78.26555
HP-KNR,2023-04-07,2.6,7.9,-2.1,41,64,0.0,0.0,2.6,101,30.46,4.22,775.9,-9.9,2309.0,31.528997,78.26555
HP-KNR,2023-04-08,3.0,7.9,-0.9,28,32,0.0,0.0,2.6,99,30.66,4.25,777.5,-14.1,2309.0,31.528997,78.26555
HP-KNR,2023-04-09,3.0,7.8,-0.2,32,38,0.0,0.0,3.0,104,30.81,4.3,777.4,-12.3,2309.0,31.528997,78.26555
HP-KNR,2023-04-10,3.1,8.5,-1.0,28,32,0.0,0.0,2.7,105,30.89,4.32,775.8,-13.9,2309.0,31.528997,78.26555
HP-KNR,2023-04-11,3.7,9.2,-0.8,32,57,0.0,0.0,3.1,103,30.91,4.37,776.3,-11.7,2309.0,31.528997,78.26555
HP-KNR,2023-04-12,3.9,9.1,-0.8,47,66,0.0,0.0,3.3,107,30.72,4.36,776.5,-6.7,2309.0,31.528997,78.26555
HP-KNR,2023-04-13,5.4,10.3,0.9,32,56,0.0,0.0,3.1,107,30.86,4.56,776.7,-10.2,2309.0,31.528997,78.26555
HP-KNR,2023-04-14,2.9,8.8,-5.2,62,84,0.0,0.0,3.6,124,30.84,4.33,775.7,-4.0,2309.0,31.528997,78.26555
HP-KNR,2023-04-15,5.6,9.7,2.1,51,70,0.0,0.0,2.9,119,30.46,4.41,777.4,-3.9,2309.0,31.528997,78.26555
HP-KNR,2023-04-16,5.2,10.2,-2.4,66,87,0.0,0.0,3.1,101,28.63,4.28,777.5,-0.7,2309.0,31.528997,78.26555
HP-KNR,2023-04-17,7.5,11.6,3.9,64,72,0.0,0.0,2.6,92,30.42,4.67,777.9,1.1,2309.0,31.528997,78.26555
HP-KNR,2023-04-18,7.3,11.4,0.7,74,90,5.1,0.0,2.9,87,26.64,4.19,779.7,2.9,2309.0,31.528997,78.26555
HP-KNR,2023-04-19,8.1,8.9,7.5,91,100,17.8,0.1,2.5,353,12.25,1.97,776.8,6.8,2309.0,31.528997,78.26555
HP-KNR,2023-04-20,7.0,8.7,3.4,93,99,23.2,0.0,2.7,340,20.28,3.14,771.3,5.9,2309.0,31.528997,78.26555
HP-KNR,2023-04-21,6.0,8.4,2.8,78,93,10.4,0.0,2.2,9,28.94,4.3,771.8,2.2,2309.0,31.528997,78.26555
HP-KNR,2023-04-22,4.3,8.5,-0.4,64,96,0.1,0.0,3.1,86,30.33,4.41,771.6,-2.4,2309.0,31.528997,78.26555
HP-KNR,2023-04-23,5.1,10.3,-3.2,50,88,0.0,0.0,3.2,121,30.72,4.65,772.7,-5.3,2309.0,31.528997,78.26555
HP-KNR,2023-04-24,7.9,11.0,4.8,42,58,0.0,0.0,2.9,164,29.88,4.67,776.3,-4.4,2309.0,31.528997,78.26555
HP-KNR,2023-04-25,7.9,11.6,2.5,45,71,0.0,0.0,3.2,143,30.94,4.89,776.7,-3.9,2309.0,31.528997,78.26555
HP-KNR,2023-04-26,7.0,12.0,-0.1,48,72,0.0,0.0,3.4,106,30.79,4.82,774.7,-3.7,2309.0,31.528997,78.26555
HP-KNR,2023-04-27,8.1,10.6,1.8,62,90,0.0,0.0,3.2,110,28.55,4.48,776.3,0.8,2309.0,31.528997,78.26555
HP-KNR,2023-04-28,6.6,10.8,1.1,63,85,0.0,0.0,3.4,97,30.21,4.67,776.8,-0.2,2309.0,31.528997,78.26555
HP-KNR,2023-04-29,9.6,12.1,6.4,43,63,0.0,0.0,2.2,85,29.69,4.78,776.0,-2.5,2309.0,31.528997,78.26555
HP-KNR,2023-04-30,9.1,11.6,5.2,65,82,0.0,0.0,3.1,157,29.78,4.7,773.4,2.7,2309.0,31.528997,78.26555
HP-KNR,2023-05-01,8.8,10.3,7.6,75,95,2.7,0.0,1.9,234,18.91,3.01,772.9,4.5,2309.0,31.528997,78.26555
HP-KNR,2023-05-02,8.4,9.9,7.6,91,99,10.4,0.5,1.9,306,21.46,3.41,773.8,7.0,2309.0,31.528997,78.26555
HP-KNR,2023-05-03,8.3,9.2,6.8,87,94,4.8,0.0,2.2,301,22.9,3.55,775.0,6.2,2309.0,31.528997,78.26555
HP-KNR,2023-05-04,8.3,11.2,4.1,61,75,0.8,0.0,3.4,133,30.43,4.74,775.4,1.0,2309.0,31.528997,78.26555
HP-KNR,2023-05-05,10.0,12.2,5.5,56,81,0.1,0.0,3.0,218,29.46,4.74,775.0,1.5,2309.0,31.528997,78.26555
HP-KNR,2023-05-06,7.1,11.9,0.5,72,88,0.5,0.0,3.5,132,26.52,4.22,773.2,2.3,2309.0,31.528997,78.26555
HP-KNR,2023-05-07,7.1,10.6,1.8,64,82,0.0,0.0,2.7,147,28.73,4.45,774.3,0.5,2309.0,31.528997,78.26555
HP-KNR,2023-05-08,6.0,9.8,0.8,68,87,7.1,0.0,2.7,10,26.32,3.96,774.6,0.2,2309.0,31.528997,78.26555
HP-KNR,2023-05-09,7.6,9.7,4.0,69,86,2.6,0.0,3.0,293,30.68,4.57,775.6,2.0,2309.0,31.528997,78.26555
HP-KNR,2023-05-10,7.6,13.1,1.0,47,70,0.0,0.0,3.6,122,33.25,5.25,774.1,-3.7,2309.0,31.528997,78.26555
HP-KNR,2023-05-11,9.9,14.6,5.7,32,59,0.0,0.0,3.3,107,33.36,5.49,777.8,-6.4,2309.0,31.528997,78.26555
HP-KNR,2023-05-12,10.2,14.1,6.0,37,56,0.0,0.0,3.1,103,32.72,5.4,778.9,-4.0,2309.0,31.528997,78.26555
HP-KNR,2023-05-13,10.1,14.8,2.2,46,86,0.0,0.0,3.2,114,29.95,5.03,778.6,-1.7,2309.0,31.528997,78.26555
HP-KNR,2023-05-14,8.3,13.3,2.9,68,90,0.0,0.0,3.4,120,29.87,4.83,776.0,2.7,2309.0,31.528997,78.26555
HP-KNR,2023-05-15,8.6,13.1,2.9,65,89,0.1,0.0,3.5,118,31.2,5.0,775.2,2.3,2309.0,31.528997,78.26555
HP-KNR,2023-05-16,8.4,13.8,1.2,68,90,0.0,0.0,3.3,118,31.6,5.14,775.9,2.7,2309.0,31.528997,78.26555
HP-KNR,2023-05-17,8.5,14.1,2.1,71,95,0.0,0.0,3.2,116,29.66,4.9,777.4,3.4,2309.0,31.528997,78.26555
HP-KNR,2023-05-18,7.4,11.3,1.4,78,94,0.6,0.2,3.4,78,18.6,3.0,778.4,3.8,2309.0,31.528997,78.26555
HP-KNR,2023-05-19,8.7,14.3,2.6,75,97,0.0,0.0,3.4,142,29.34,4.82,776.0,4.4,2309.0,31.528997,78.26555
HP-KNR,2023-05-20,8.8,14.1,2.4,70,91,0.0,0.0,4.4,140,30.54,4.92,775.5,3.4,2309.0,31.528997,78.26555
HP-KNR,2023-05-21,9.2,15.5,-2.1,59,88,0.0,0.0,4.1,141,32.79,5.48,777.0,0.9,2309.0,31.528997,78.26555
HP-KNR,2023-05-22,12.0,17.1,6.8,48,70,0.0,0.0,4.8,136,32.73,5.67,779.5,1.3,2309.0,31.528997,78.26555
HP-KNR,2023-05-23,11.3,17.1,3.5,70,79,0.0,0.0,6.0,147,30.06,5.18,779.1,5.8,2309.0,31.528997,78.26555
HP-KNR,2023-05-24,10.9,14.5,7.1,85,99,3.3,3.1,5.9,151,20.31,3.5,776.5,8.3,2309.0,31.528997,78.26555
HP-KNR,2023-05-25,10.1,15.0,5.3,87,100,1.1,0.9,5.7,262,22.14,3.65,774.6,7.9,2309.0,31.528997,78.26555
HP-KNR,2023-05-26,10.2,16.1,4.3,75,99,0.1,0.1,7.2,218,27.03,4.62,775.2,5.6,2309.0,31.528997,78.26555
HP-KNR,2023-05-27,10.9,16.5,3.1,72,96,0.3,0.1,6.5,224,29.49,5.04,775.1,5.4,2309.0,31.528997,78.26555
HP-KNR,2023-05-28,11.5,18.4,1.9,58,93,0.0,0.0,5.9,172,30.1,5.36,776.8,2.8,2309.0,31.528997,78.26555
HP-KNR,2023-05-29,12.3,19.0,2.8,71,98,1.3,1.3,5.9,234,28.17,5.1,778.7,6.7,2309.0,31.528997,78.26555
HP-KNR,2023-05-30,13.3,17.3,9.0,83,100,8.3,7.6,4.8,290,17.2,3.2,779.6,10.3,2309.0,31.528997,78.26555
HP-KNR,2023-05-31,11.8,14.3,8.2,84,100,18.7,9.6,4.1,314,13.92,2.52,776.5,9.1,2309.0,31.528997,78.26555
HP-KNR,2023-06-01,11.5,16.0,8.6,85,100,4.6,3.7,5.8,287,16.12,2.93,776.9,9.0,2309.0,31.528997,78.26555
HP-KNR,2023-06-02,11.5,14.8,8.9,75,95,5.8,2.3,4.9,299,17.05,3.03,775.6,7.2,2309.0,31.528997,78.26555
HP-KNR,2023-06-03,11.9,17.2,6.8,68,94,2.9,0.4,6.0,183,29.17,5.08,776.8,6.0,2309.0,31.528997,78.26555
HP-KNR,2023-06-04,13.4,20.9,3.8,55,89,0.0,0.0,6.0,185,29.49,5.46,778.2,3.7,2309.0,31.528997,78.26555
HP-KNR,2023-06-05,13.5,18.2,8.4,66,95,1.1,1.1,6.1,209,22.6,4.07,777.4,6.9,2309.0,31.528997,78.26555
HP-KNR,2023-06-06,12.2,18.3,6.2,75,99,6.1,2.3,7.1,215,25.5,4.55,776.6,7.5,2309.0,31.528997,78.26555
HP-KNR,2023-06-07,12.7,19.0,5.7,75,97,6.8,4.1,5.8,175,24.82,4.53,776.8,8.0,2309.0,31.528997,78.26555
HP-KNR,2023-06-08,14.2,19.9,6.6,66,89,4.8,3.2,5.4,173,25.71,4.79,777.4,7.6,2309.0,31.528997,78.26555
HP-KNR,2023-06-09,14.9,21.8,6.1,69,92,1.9,1.9,6.2,167,25.84,4.9,776.4,8.8,2309.0,31.528997,78.26555
HP-KNR,2023-06-10,16.0,21.9,8.0,70,85,4.5,4.5,4.5,190,25.36,4.88,776.0,10.4,2309.0,31.528997,78.26555
HP-KNR,2023-06-11,15.8,21.7,9.5,78,98,7.8,7.8,6.6,190,18.94,3.7,775.4,11.9,2309.0,31.528997,78.26555
HP-KNR,2023-06-12,16.8,22.1,10.2,70,95,3.8,3.7,6.6,172,25.52,4.96,775.6,11.0,2309.0,31.528997,78.26555
HP-KNR,2023-06-13,17.4,23.2,11.0,68,92,0.0,0.0,6.2,182,27.04,5.36,775.7,11.1,2309.0,31.528997,78.26555
HP-KNR,2023-06-14,17.2,21.4,11.4,70,89,0.8,0.8,6.6,225,21.91,4.3,775.8,11.4,2309.0,31.528997,78.26555
HP-KNR,2023-06-15,16.8,20.0,12.1,71,90,5.9,5.9,5.9,184,17.49,3.48,775.9,11.3,2309.0,31.528997,78.26555
HP-KNR,2023-06-16,16.8,23.6,9.5,69,95,10.4,10.4,7.7,190,25.23,4.92,776.1,10.6,2309.0,31.528997,78.26555
HP-KNR,2023-06-17,17.5,25.0,7.6,63,96,0.0,0.0,8.7,258,28.29,5.56,777.3,9.7,2309.0,31.528997,78.26555
HP-KNR,2023-06-18,19.3,21.9,16.6,70,82,3.3,3.3,4.7,275,17.63,3.56,778.7,13.6,2309.0,31.528997,78.26555
HP-KNR,2023-06-19,18.4,22.4,12.7,79,100,13.9,13.9,4.9,198,20.3,4.08,777.6,14.5,2309.0,31.528997,78.26555
HP-KNR,2023-06-20,19.7,25.1,13.8,71,96,1.9,1.9,6.4,212,26.46,5.37,777.5,13.9,2309.0,31.528997,78.26555
HP-KNR,2023-06-21,20.1,26.4,13.1,66,92,0.0,0.0,7.4,200,27.84,5.68,778.3,13.3,2309.0,31.528997,78.26555
HP-KNR,2023-06-22,20.3,26.9,12.7,72,95,1.5,1.5,5.8,200,26.94,5.56,778.3,14.8,2309.0,31.528997,78.26555
HP-KNR,2023-06-23,21.3,28.0,14.3,71,94,0.0,0.0,6.5,203,27.34,5.74,779.0,15.4,2309.0,31.528997,78.26555
HP-KNR,2023-06-24,21.9,27.0,18.0,74,88,1.9,1.9,7.0,227,21.14,4.55,778.8,16.9,2309.0,31.528997,78.26555
HP-KNR,2023-06-25,20.3,23.0,16.9,79,91,6.6,6.6,5.9,224,12.37,2.69,777.9,16.5,2309.0,31.528997,78.26555
HP-KNR,2023-06-26,19.5,22.9,18.0,82,92,12.5,12.5,7.1,245,13.38,2.79,778.6,16.3,2309.0,31.528997,78.26555
HP-KNR,2023-06-27,19.7,24.0,17.8,79,86,10.8,10.8,7.9,246,17.46,3.59,778.1,16.0,2309.0,31.528997,78.26555
HP-KNR,2023-06-28,19.9,24.2,16.3,75,95,7.3,7.3,8.9,243,25.96,5.12,779.2,15.3,2309.0,31.528997,78.26555
HP-KNR,2023-06-29,19.3,24.3,13.5,80,99,9.3,9.3,10.2,242,23.95,4.72,777.2,15.5,2309.0,31.528997,78.26555
HP-KNR,2023-06-30,19.5,25.1,13.7,75,99,2.4,2.4,9.7,234,26.46,5.28,776.2,14.5,2309.0,31.528997,78.26555
HP-KNR,2023-07-01,19.6,24.2,14.6,74,99,4.3,4.3,8.6,239,25.5,5.07,776.6,14.6,2309.0,31.528997,78.26555
HP-KNR,2023-07-02,20.4,26.7,12.7,68,98,0.0,0.0,8.7,239,28.95,5.9,777.5,13.8,2309.0,31.528997,78.26555
HP-KNR,2023-07-03,21.8,26.0,18.5,70,85,0.1,0.1,9.2,254,26.91,5.54,778.5,15.8,2309.0,31.528997,78.26555
HP-KNR,2023-07-04,20.4,24.8,14.8,74,94,0.5,0.5,9.1,251,26.74,5.36,776.8,15.3,2309.0,31.528997,78.26555
HP-KNR,2023-07-05,19.1,23.3,14.2,79,99,8.4,8.4,9.2,244,19.94,4.0,776.5,15.3,2309.0,31.528997,78.26555
HP-KNR,2023-07-06,20.1,23.5,17.0,74,89,1.8,1.8,8.7,250,25.28,4.96,778.3,15.2,2309.0,31.528997,78.26555
HP-KNR,2023-07-07,19.9,23.5,16.7,77,90,19.4,19.4,8.0,248,20.06,4.02,779.1,15.6,2309.0,31.528997,78.26555
HP-KNR,2023-07-08,19.5,20.9,18.1,82,92,14.6,14.6,5.4,276,7.8,1.81,779.2,16.4,2309.0,31.528997,78.26555
HP-KNR,2023-07-09,19.8,21.6,18.4,79,87,30.9,30.9,6.1,335,6.84,1.7,777.9,15.9,2309.0,31.528997,78.26555
HP-KNR,2023-07-10,20.2,22.3,18.2,80,90,25.1,25.1,6.8,293,9.44,2.13,778.7,16.7,2309.0,31.528997,78.26555
HP-KNR,2023-07-11,19.8,21.1,18.3,78,82,17.4,17.4,5.4,301,6.93,1.62,778.4,15.9,2309.0,31.528997,78.26555
HP-KNR,2023-07-12,19.8,22.9,18.1,79,90,7.9,7.9,6.8,259,13.98,2.94,778.5,16.1,2309.0,31.528997,78.26555
HP-KNR,2023-07-13,20.7,23.8,17.0,75,90,1.0,1.0,7.2,232,23.1,4.61,778.7,15.9,2309.0,31.528997,78.26555
HP-KNR,2023-07-14,20.5,24.3,16.9,80,96,3.1,3.1,8.3,213,21.23,4.33,779.1,16.9,2309.0,31.528997,78.26555
HP-KNR,2023-07-15,21.2,26.3,16.7,79,94,0.7,0.7,7.9,231,22.77,4.7,778.6,17.3,2309.0,31.528997,78.26555
HP-KNR,2023-07-16,20.7,23.8,18.0,84,96,5.9,5.9,7.5,251,15.47,3.22,779.0,17.9,2309.0,31.528997,78.26555
HP-KNR,2023-07-17,21.1,26.1,15.1,79,100,0.4,0.4,8.2,227,26.36,5.37,778.3,17.0,2309.0,31.528997,78.26555
HP-KNR,2023-07-18,21.8,25.2,19.2,79,94,3.4,3.4,8.4,242,22.4,4.6,778.2,17.8,2309.0,31.528997,78.26555
HP-KNR,2023-07-19,21.1,25.1,17.9,85,98,3.5,3.5,9.0,223,17.98,3.75,778.4,18.5,2309.0,31.528997,78.26555
HP-KNR,2023-07-20,21.8,25.5,19.2,82,92,5.0,5.0,7.1,246,17.4,3.69,779.2,18.5,2309.0,31.528997,78.26555
HP-KNR,2023-07-21,21.9,25.5,19.2,82,97,6.2,6.2,7.6,259,21.69,4.44,780.6,18.5,2309.0,31.528997,78.26555
HP-KNR,2023-07-22,20.2,22.7,18.2,85,98,22.2,22.2,6.6,248,11.48,2.42,782.3,17.6,2309.0,31.528997,78.26555
HP-KNR,2023-07-23,20.7,24.2,18.1,79,90,1.9,1.9,9.2,244,22.27,4.47,782.2,16.8,2309.0,31.528997,78.26555
HP-KNR,2023-07-24,21.4,25.6,18.0,76,92,1.3,1.3,8.8,248,26.06,5.27,779.9,16.7,2309.0,31.528997,78.26555
HP-KNR,2023-07-25,21.5,25.2,17.8,76,89,0.3,0.3,8.9,245,23.14,4.72,779.7,16.9,2309.0,31.528997,78.26555
HP-KNR,2023-07-26,20.5,22.4,18.7,82,89,7.0,7.0,7.6,243,12.23,2.55,780.0,17.3,2309.0,31.528997,78.26555
HP-KNR,2023-07-27,20.5,23.8,18.5,82,92,5.9,5.9,8.4,242,17.71,3.56,779.4,17.3,2309.0,31.528997,78.26555
HP-KNR,2023-07-28,19.7,21.5,16.6,85,98,6.0,6.0,6.5,258,11.72,2.42,777.1,17.0,2309.0,31.528997,78.26555
HP-KNR,2023-07-29,19.7,21.9,16.6,83,96,3.7,3.7,8.0,248,15.0,3.02,776.4,16.6,2309.0,31.528997,78.26555
HP-KNR,2023-07-30,19.8,24.7,14.3,77,100,2.0,2.0,8.1,218,24.99,4.97,775.9,15.5,2309.0,31.528997,78.26555
HP-KNR,2023-07-31,20.3,25.5,14.0,79,100,3.8,3.8,8.6,219,24.8,4.99,775.9,16.4,2309.0,31.528997,78.26555
HP-KNR,2023-08-01,20.7,26.6,14.3,77,100,0.9,0.9,9.2,219,27.03,5.5,775.8,16.3,2309.0,31.528997,78.26555
HP-KNR,2023-08-02,21.3,26.8,17.1,77,94,0.4,0.4,8.6,231,26.55,5.41,776.7,16.8,2309.0,31.528997,78.26555
HP-KNR,2023-08-03,21.9,26.1,17.8,76,95,0.7,0.7,9.0,238,26.36,5.36,776.8,17.3,2309.0,31.528997,78.26555
HP-KNR,2023-08-04,20.9,25.1,15.8,80,100,1.3,1.3,9.0,241,20.21,4.12,778.3,17.3,2309.0,31.528997,78.26555
HP-KNR,2023-08-05,21.6,25.6,17.2,79,99,0.8,0.8,9.5,235,25.77,5.19,779.0,17.5,2309.0,31.528997,78.26555
HP-KNR,2023-08-06,21.2,26.1,16.6,77,99,0.7,0.7,9.1,239,25.41,5.18,776.4,16.8,2309.0,31.528997,78.26555
HP-KNR,2023-08-07,21.0,25.1,15.5,76,99,0.9,0.9,9.4,223,24.13,4.91,774.0,16.3,2309.0,31.528997,78.26555
HP-KNR,2023-08-08,20.4,26.1,14.6,76,99,2.2,2.2,9.8,228,26.47,5.33,774.9,15.7,2309.0,31.528997,78.26555
HP-KNR,2023-08-09,20.8,26.7,15.1,76,100,0.4,0.4,8.8,238,24.62,5.02,778.5,16.1,2309.0,31.528997,78.26555
HP-KNR,2023-08-10,21.0,26.5,15.9,79,100,1.7,1.7,9.9,231,23.22,4.75,779.8,16.9,2309.0,31.528997,78.26555
HP-KNR,2023-08-11,21.1,24.1,17.9,80,92,3.6,3.6,8.7,219,13.86,2.94,780.0,17.4,2309.0,31.528997,78.26555
HP-KNR,2023-08-12,21.8,26.3,16.8,77,92,0.0,0.0,9.9,220,22.86,4.76,777.8,17.3,2309.0,31.528997,78.26555
HP-KNR,2023-08-13,22.4,27.2,18.7,78,93,1.0,1.0,10.6,227,24.06,4.97,776.5,18.3,2309.0,31.528997,78.26555
HP-KNR,2023-08-14,21.0,24.9,18.2,84,99,3.7,3.7,9.3,235,17.87,3.67,778.8,17.9,2309.0,31.528997,78.26555
HP-KNR,2023-08-15,20.4,24.5,17.5,79,97,7.1,7.1,9.8,240,22.38,4.52,779.6,16.5,2309.0,31.528997,78.26555
HP-KNR,2023-08-16,19.5,25.6,12.3,75,100,0.3,0.3,9.8,235,25.84,5.19,779.2,14.6,2309.0,31.528997,78.26555
HP-KNR,2023-08-17,20.4,26.4,15.2,76,100,1.1,1.1,10.1,226,25.52,5.15,779.3,15.6,2309.0,31.528997,78.26555
HP-KNR,2023-08-18,20.4,25.1,15.2,77,95,3.7,3.7,9.7,223,20.91,4.24,780.4,16.0,2309.0,31.528997,78.26555
HP-KNR,2023-08-19,20.5,26.4,13.9,77,100,0.2,0.2,9.2,223,22.81,4.68,781.1,15.9,2309.0,31.528997,78.26555
HP-KNR,2023-08-20,21.8,27.5,16.6,75,99,1.0,1.0,9.2,219,25.15,5.2,781.9,16.9,2309.0,31.528997,78.26555
HP-KNR,2023-08-21,22.3,28.2,16.7,74,88,0.0,0.0,9.3,221,24.9,5.19,780.5,17.3,2309.0,31.528997,78.26555
HP-KNR,2023-08-22,23.2,27.6,21.0,78,93,0.9,0.9,9.4,235,19.31,4.12,778.9,19.1,2309.0,31.528997,78.26555
HP-KNR,2023-08-23,21.4,25.2,19.7,84,92,7.6,7.6,8.2,241,12.98,2.75,776.9,18.5,2309.0,31.528997,78.26555
HP-KNR,2023-08-24,20.7,24.0,16.6,76,93,0.8,0.8,9.4,239,20.37,4.08,775.5,16.2,2309.0,31.528997,78.26555
HP-KNR,2023-08-25,19.2,24.0,14.1,71,99,0.9,0.9,9.2,229,23.88,4.76,775.3,13.5,2309.0,31.528997,78.26555
HP-KNR,2023-08-26,18.0,23.0,12.5,73,99,1.2,1.2,9.5,235,21.64,4.28,776.2,12.7,2309.0,31.528997,78.26555
HP-KNR,2023-08-27,18.0,23.7,12.5,71,96,2.8,2.8,9.2,228,25.59,4.96,775.7,12.2,2309.0,31.528997,78.26555
HP-KNR,2023-08-28,17.4,23.5,10.9,71,99,1.5,1.5,10.3,240,25.33,4.88,775.2,11.6,2309.0,31.528997,78.26555
HP-KNR,2023-08-29,17.7,24.1,10.3,68,99,1.2,1.2,9.7,227,26.0,5.07,777.6,10.9,2309.0,31.528997,78.26555
HP-KNR,2023-08-30,18.5,25.9,9.9,65,99,0.1,0.1,9.7,221,26.15,5.25,779.7,11.0,2309.0,31.528997,78.26555
HP-KNR,2023-08-31,20.0,27.0,11.4,70,98,0.0,0.0,10.0,218,25.71,5.23,781.1,13.7,2309.0,31.528997,78.26555
HP-KNR,2023-09-01,20.3,27.2,15.0,75,100,1.2,1.2,9.3,217,21.97,4.51,781.5,15.3,2309.0,31.528997,78.26555
HP-KNR,2023-09-02,20.2,26.2,14.3,72,99,1.1,1.1,8.7,213,23.36,4.77,780.3,14.6,2309.0,31.528997,78.26555
HP-KNR,2023-09-03,20.6,25.5,14.8,64,88,2.9,2.9,9.2,228,25.3,5.1,779.9,13.2,2309.0,31.528997,78.26555
HP-KNR,2023-09-04,18.8,23.9,10.8,65,99,0.0,0.0,8.9,247,25.22,4.99,779.0,11.5,2309.0,31.528997,78.26555
HP-KNR,2023-09-05,18.2,23.4,12.1,65,90,0.8,0.8,10.3,225,24.29,4.71,780.3,11.3,2309.0,31.528997,78.26555
HP-KNR,2023-09-06,17.2,22.5,10.9,70,93,1.5,1.5,8.8,223,23.43,4.54,781.1,11.2,2309.0,31.528997,78.26555
HP-KNR,2023-09-07,18.1,24.6,10.4,67,93,0.3,0.3,8.1,223,24.03,4.76,780.9,11.3,2309.0,31.528997,78.26555
HP-KNR,2023-09-08,18.7,25.4,12.1,69,99,0.4,0.4,8.4,226,22.0,4.39,780.6,12.4,2309.0,31.528997,78.26555
HP-KNR,2023-09-09,19.9,23.8,17.0,69,82,2.3,2.3,8.7,231,19.06,3.83,779.8,13.9,2309.0,31.528997,78.26555
HP-KNR,2023-09-10,19.9,25.5,15.0,72,96,0.1,0.1,9.7,248,22.9,4.56,777.7,14.3,2309.0,31.528997,78.26555
HP-KNR,2023-09-11,20.5,25.3,16.3,72,94,0.0,0.0,9.7,229,23.75,4.76,778.8,15.0,2309.0,31.528997,78.26555
HP-KNR,2023-09-12,20.6,26.8,13.5,73,99,0.0,0.0,9.1,225,23.5,4.81,779.1,15.1,2309.0,31.528997,78.26555
HP-KNR,2023-09-13,20.9,28.3,14.7,75,99,0.0,0.0,10.6,222,21.46,4.52,779.7,15.7,2309.0,31.528997,78.26555
HP-KNR,2023-09-14,20.4,25.5,15.0,76,99,1.0,1.0,10.2,208,19.71,4.04,781.0,15.8,2309.0,31.528997,78.26555
HP-KNR,2023-09-15,19.4,24.4,14.2,76,99,0.7,0.7,10.0,229,19.3,3.89,781.2,14.8,2309.0,31.528997,78.26555
HP-KNR,2023-09-16,19.6,24.4,14.9,76,99,2.6,2.6,8.9,235,19.97,3.97,781.2,14.9,2309.0,31.528997,78.26555
HP-KNR,2023-09-17,18.1,22.8,12.0,76,99,0.9,0.9,9.3,225,13.59,2.83,779.3,13.5,2309.0,31.528997,78.26555
HP-KNR,2023-09-18,18.6,23.0,13.6,79,99,2.8,2.8,9.4,243,17.76,3.53,779.3,14.6,2309.0,31.528997,78.26555
HP-KNR,2023-09-19,18.5,23.8,13.7,75,98,1.2,1.2,8.4,223,21.33,4.17,781.1,13.7,2309.0,31.528997,78.26555
HP-KNR,2023-09-20,19.1,23.7,14.0,76,97,0.6,0.6,9.0,216,20.21,4.0,781.1,14.3,2309.0,31.528997,78.26555
HP-KNR,2023-09-21,18.9,25.2,12.6,64,99,0.0,0.0,9.2,224,22.6,4.57,780.1,11.1,2309.0,31.528997,78.26555
HP-KNR,2023-09-22,17.9,24.1,9.1,63,98,0.0,0.0,9.7,238,22.33,4.43,779.5,10.2,2309.0,31.528997,78.26555
HP-KNR,2023-09-23,18.0,23.5,12.2,59,88,0.0,0.0,9.5,229,19.25,3.89,780.1,9.2,2309.0,31.528997,78.26555
HP-KNR,2023-09-24,18.1,23.8,13.7,51,70,0.0,0.0,9.8,251,23.46,4.57,779.2,7.3,2309.0,31.528997,78.26555
HP-KNR,2023-09-25,17.3,22.7,12.8,52,73,0.0,0.0,9.8,253,23.16,4.46,779.5,6.8,2309.0,31.528997,78.26555
HP-KNR,2023-09-26,17.3,23.2,11.7,52,70,0.0,0.0,9.1,251,24.6,4.69,780.4,6.6,2309.0,31.528997,78.26555
HP-KNR,2023-09-27,17.5,23.5,12.3,52,77,0.0,0.0,9.5,255,23.66,4.56,780.3,6.6,2309.0,31.528997,78.26555
HP-KNR,2023-09-28,17.0,23.8,8.6,51,81,0.0,0.0,10.0,251,23.45,4.55,779.8,5.6,2309.0,31.528997,78.26555
HP-KNR,2023-09-29,15.6,23.6,8.5,59,94,0.0,0.0,10.5,249,22.35,4.33,779.6,6.5,2309.0,31.528997,78.26555
HP-KNR,2023-09-30,15.3,19.6,10.2,73,100,2.0,2.0,9.3,240,18.45,3.41,780.1,10.2,2309.0,31.528997,78.26555
HP-KNR,2023-10-01,15.7,22.3,9.0,67,100,0.7,0.7,8.3,239,20.62,3.95,779.1,8.5,2309.0,31.528997,78.26555
HP-KNR,2023-10-02,14.9,20.1,9.0,79,100,4.9,4.9,9.2,255,16.43,3.08,778.6,10.8,2309.0,31.528997,78.26555
HP-KNR,2023-10-03,15.7,20.6,10.4,65,96,0.2,0.2,8.7,234,19.84,3.71,779.7,8.4,2309.0,31.528997,78.26555
HP-KNR,2023-10-04,15.6,22.4,6.0,59,98,0.0,0.0,9.8,244,21.11,4.07,779.4,6.7,2309.0,31.528997,78.26555
HP-KNR,2023-10-05,16.5,23.5,7.9,54,89,0.0,0.0,8.4,236,22.93,4.4,779.0,5.7,2309.0,31.528997,78.26555
HP-KNR,2023-10-06,19.1,25.5,12.7,49,87,0.0,0.0,8.6,233,22.91,4.53,779.4,7.0,2309.0,31.528997,78.26555
HP-KNR,2023-10-07,16.1,23.0,8.9,64,98,0.0,0.0,9.6,232,21.32,4.11,779.8,8.2,2309.0,31.528997,78.26555
HP-KNR,2023-10-08,16.9,22.9,8.9,51,75,0.0,0.0,8.6,234,22.3,4.28,780.7,5.4,2309.0,31.528997,78.26555
HP-KNR,2023-10-09,16.5,22.3,11.1,41,67,0.0,0.0,10.7,253,22.65,4.34,780.6,2.6,2309.0,31.528997,78.26555
HP-KNR,2023-10-10,13.7,16.5,9.9,53,67,2.0,1.5,9.4,268,17.7,3.17,780.7,4.2,2309.0,31.528997,78.26555
HP-KNR,2023-10-11,15.5,22.3,5.1,47,86,0.0,0.0,8.6,191,22.17,4.13,780.0,2.6,2309.0,31.528997,78.26555
HP-KNR,2023-10-12,16.6,23.0,9.7,49,89,0.0,0.0,8.8,234,21.92,4.16,781.6,4.7,2309.0,31.528997,78.26555
HP-KNR,2023-10-13,13.8,21.1,4.7,58,98,0.0,0.0,8.4,222,21.04,3.93,781.1,4.2,2309.0,31.528997,78.26555
HP-KNR,2023-10-14,13.9,19.0,9.4,56,73,0.0,0.0,9.0,233,18.23,3.33,781.4,4.7,2309.0,31.528997,78.26555
HP-KNR,2023-10-15,11.3,13.5,9.0,67,83,3.1,2.0,6.6,252,11.19,1.9,779.2,5.3,2309.0,31.528997,78.26555
HP-KNR,2023-10-16,8.8,13.7,4.6,75,99,7.1,0.5,5.8,332,7.64,1.4,778.3,4.2,2309.0,31.528997,78.26555
HP-KNR,2023-10-17,7.0,11.3,2.2,78,99,2.3,0.1,6.3,231,15.64,2.41,778.5,3.3,2309.0,31.528997,78.26555
HP-KNR,2023-10-18,8.0,14.4,0.2,54,86,0.2,0.0,6.7,196,21.33,3.43,778.5,-1.7,2309.0,31.528997,78.26555
HP-KNR,2023-10-19,9.0,15.1,3.0,58,96,0.0,0.0,7.4,211,20.75,3.39,778.2,0.2,2309.0,31.528997,78.26555
HP-KNR,2023-10-20,8.7,16.3,0.6,60,95,0.0,0.0,7.8,211,19.84,3.37,778.8,0.2,2309.0,31.528997,78.26555
HP-KNR,2023-10-21,9.8,16.7,1.0,59,93,0.0,0.0,8.0,226,19.91,3.36,780.2,1.3,2309.0,31.528997,78.26555
HP-KNR,2023-10-22,10.4,16.2,6.1,58,82,0.4,0.4,9.0,259,19.03,3.19,781.3,2.0,2309.0,31.528997,78.26555
HP-KNR,2023-10-23,9.3,14.0,7.4,69,82,3.7,0.1,8.6,255,16.16,2.58,780.5,3.7,2309.0,31.528997,78.26555
HP-KNR,2023-10-24,8.6,14.4,2.7,58,90,0.4,0.0,7.9,186,18.8,3.07,779.9,0.2,2309.0,31.528997,78.26555
HP-KNR,2023-10-25,8.4,14.9,1.4,57,90,0.5,0.0,7.7,176,18.63,3.07,779.9,-0.4,2309.0,31.528997,78.26555
HP-KNR,2023-10-26,10.0,17.1,3.4,52,89,0.1,0.1,8.5,210,19.4,3.28,779.3,-0.3,2309.0,31.528997,78.26555
HP-KNR,2023-10-27,10.6,18.6,2.2,52,96,0.0,0.0,8.2,210,19.38,3.34,778.8,-0.1,2309.0,31.528997,78.26555
HP-KNR,2023-10-28,12.6,18.7,7.7,48,66,0.0,0.0,8.1,224,18.94,3.31,780.1,1.2,2309.0,31.528997,78.26555
HP-KNR,2023-10-29,11.9,17.8,6.2,58,89,0.6,0.6,9.2,235,18.41,3.17,780.1,3.2,2309.0,31.528997,78.26555
HP-KNR,2023-10-30,10.2,17.6,3.0,64,98,0.3,0.3,9.4,224,17.84,3.04,780.3,2.7,2309.0,31.528997,78.26555
HP-KNR,2023-10-31,10.6,17.2,2.7,55,86,0.2,0.2,7.9,215,17.99,3.08,782.3,1.3,2309.0,31.528997,78.26555
HP-KNR,2023-11-01,11.0,17.1,5.6,50,73,0.1,0.0,7.5,225,17.63,3.04,783.2,0.4,2309.0,31.528997,78.26555
HP-KNR,2023-11-02,9.8,17.0,3.3,56,89,0.0,0.0,8.4,240,17.43,2.97,780.3,0.3,2309.0,31.528997,78.26555
HP-KNR,2023-11-03,9.1,13.8,6.1,57,85,2.7,0.0,8.1,215,15.23,2.5,777.7,0.3,2309.0,31.528997,78.26555
HP-KNR,2023-11-04,9.3,15.3,3.1,48,78,0.0,0.0,6.8,178,18.58,3.01,777.8,-1.9,2309.0,31.528997,78.26555
HP-KNR,2023-11-05,11.1,17.5,6.7,43,67,0.0,0.0,8.4,223,18.5,3.11,778.9,-2.2,2309.0,31.528997,78.26555
HP-KNR,2023-11-06,10.0,16.1,2.6,56,76,0.0,0.0,7.9,229,17.43,2.89,779.5,0.7,2309.0,31.528997,78.26555
HP-KNR,2023-11-07,10.7,16.2,6.0,52,76,0.0,0.0,8.2,236,17.66,2.9,779.6,0.2,2309.0,31.528997,78.26555
HP-KNR,2023-11-08,9.6,14.9,4.2,52,67,0.1,0.1,8.2,221,16.32,2.67,778.4,-0.2,2309.0,31.528997,78.26555
HP-KNR,2023-11-09,9.3,14.9,2.9,56,78,1.0,0.0,8.8,258,16.62,2.65,778.2,0.5,2309.0,31.528997,78.26555
HP-KNR,2023-11-10,8.5,13.4,6.3,67,83,6.8,0.1,6.5,289,10.98,1.82,779.1,2.4,2309.0,31.528997,78.26555
HP-KNR,2023-11-11,8.0,11.6,3.5,62,88,11.3,0.0,7.7,167,17.09,2.47,778.9,0.9,2309.0,31.528997,78.26555
HP-KNR,2023-11-12,10.1,16.8,3.8,32,57,0.0,0.0,6.0,110,17.73,2.95,780.5,-7.2,2309.0,31.528997,78.26555
HP-KNR,2023-11-13,11.4,16.1,7.3,34,45,0.0,0.0,7.6,290,17.43,2.87,781.2,-4.7,2309.0,31.528997,78.26555
HP-KNR,2023-11-14,10.4,15.4,7.1,40,55,0.0,0.0,7.6,316,17.01,2.78,780.7,-3.3,2309.0,31.528997,78.26555
HP-KNR,2023-11-15,9.6,15.9,3.4,36,57,0.0,0.0,5.8,111,17.39,2.81,780.8,-6.2,2309.0,31.528997,78.26555
HP-KNR,2023-11-16,10.9,16.6,6.3,32,48,0.0,0.0,6.4,9,17.07,2.77,781.8,-6.2,2309.0,31.528997,78.26555
HP-KNR,2023-11-17,11.7,16.9,8.2,36,52,0.0,0.0,6.6,238,16.66,2.74,782.4,-3.7,2309.0,31.528997,78.26555
HP-KNR,2023-11-18,11.3,16.9,6.1,30,51,0.0,0.0,6.2,41,16.78,2.76,780.4,-6.9,2309.0,31.528997,78.26555
HP-KNR,2023-11-19,11.5,16.7,7.9,33,42,0.0,0.0,7.9,338,16.12,2.74,780.3,-4.3,2309.0,31.528997,78.26555
HP-KNR,2023-11-20,9.7,15.0,3.8,40,56,0.0,0.0,7.8,293,14.62,2.44,779.9,-3.6,2309.0,31.528997,78.26555
HP-KNR,2023-11-21,8.6,15.0,1.8,37,59,0.0,0.0,6.1,152,16.27,2.58,778.7,-6.2,2309.0,31.528997,78.26555
HP-KNR,2023-11-22,11.5,16.7,7.3,19,39,0.0,0.0,5.8,113,16.55,2.75,778.1,-12.4,2309.0,31.528997,78.26555
HP-KNR,2023-11-23,9.9,15.6,5.1,35,71,0.0,0.0,8.4,283,15.94,2.62,776.5,-6.6,2309.0,31.528997,78.26555
HP-KNR,2023-11-24,8.5,14.0,2.8,40,67,0.0,0.0,6.9,228,15.68,2.47,778.7,-5.0,2309.0,31.528997,78.26555
HP-KNR,2023-11-25,10.1,15.5,5.6,30,50,0.0,0.0,6.3,62,15.2,2.46,780.2,-7.6,2309.0,31.528997,78.26555
HP-KNR,2023-11-26,11.5,16.4,7.5,30,51,0.0,0.0,5.8,7,12.83,2.24,781.2,-6.0,2309.0,31.528997,78.26555
HP-KNR,2023-11-27,10.0,14.9,5.5,57,92,12.3,0.1,9.1,280,7.99,1.45,778.2,0.6,2309.0,31.528997,78.26555
HP-KNR,2023-11-28,5.6,8.8,1.4,71,91,1.5,0.0,7.0,186,15.64,2.12,776.1,0.5,2309.0,31.528997,78.26555
HP-KNR,2023-11-29,5.4,10.6,0.2,56,80,0.0,0.0,6.1,165,15.19,2.19,776.6,-3.0,2309.0,31.528997,78.26555
HP-KNR,2023-11-30,5.3,8.9,2.4,72,90,6.3,0.1,5.8,280,11.49,1.6,776.1,0.5,2309.0,31.528997,78.26555
HP-KNR,2023-12-01,4.2,8.0,0.9,63,80,0.2,0.0,5.0,159,14.57,1.96,776.7,-2.5,2309.0,31.528997,78.26555
HP-KNR,2023-12-02,3.0,9.1,-4.8,48,74,0.0,0.0,4.0,102,16.17,2.17,775.6,-8.0,2309.0,31.528997,78.26555
HP-KNR,2023-12-03,5.3,11.0,0.4,30,43,0.0,0.0,5.6,31,16.22,2.36,776.5,-11.5,2309.0,31.528997,78.26555
HP-KNR,2023-12-04,4.5,8.7,0.8,45,64,0.4,0.0,3.8,327,13.57,1.85,774.2,-6.8,2309.0,31.528997,78.26555
HP-KNR,2023-12-05,4.0,9.1,-1.3,56,79,0.0,0.0,6.2,205,15.72,2.13,773.9,-4.5,2309.0,31.528997,78.26555
HP-KNR,2023-12-06,4.5,10.4,-1.1,42,61,0.0,0.0,4.5,161,15.72,2.17,775.7,-7.8,2309.0,31.528997,78.26555
HP-KNR,2023-12-07,5.5,11.3,-1.1,30,56,0.0,0.0,4.3,120,15.8,2.22,775.4,-12.3,2309.0,31.528997,78.26555
HP-KNR,2023-12-08,6.8,10.4,3.2,36,54,0.0,0.0,8.4,285,15.62,2.21,773.9,-7.4,2309.0,31.528997,78.26555
HP-KNR,2023-12-09,6.0,9.6,2.2,39,54,0.0,0.0,7.2,286,15.3,2.19,774.2,-7.0,2309.0,31.528997,78.26555
HP-KNR,2023-12-10,6.5,10.8,1.1,39,54,0.0,0.0,7.1,255,15.29,2.15,772.2,-7.3,2309.0,31.528997,78.26555
HP-KNR,2023-12-11,6.5,9.8,3.3,36,56,0.0,0.0,6.3,249,13.65,1.98,772.8,-7.9,2309.0,31.528997,78.26555
HP-KNR,2023-12-12,4.1,5.4,2.2,49,80,1.2,0.0,7.2,252,9.05,1.33,771.1,-5.9,2309.0,31.528997,78.26555
HP-KNR,2023-12-13,4.1,8.1,-2.4,46,58,0.0,0.0,9.7,235,14.21,2.04,772.3,-6.5,2309.0,31.528997,78.26555
HP-KNR,2023-12-14,7.9,12.5,2.7,43,56,0.0,0.0,8.0,261,14.54,2.17,775.3,-4.6,2309.0,31.528997,78.26555
HP-KNR,2023-12-15,9.5,15.3,5.5,25,40,0.0,0.0,7.3,337,11.64,2.07,777.0,-10.4,2309.0,31.528997,78.26555
HP-KNR,2023-12-16,7.3,13.4,2.2,29,50,0.6,0.0,7.6,343,14.61,2.33,773.9,-10.4,2309.0,31.528997,78.26555
HP-KNR,2023-12-17,3.6,8.3,-0.2,33,62,0.8,0.0,7.4,354,14.44,2.1,773.9,-11.6,2309.0,31.528997,78.26555
HP-KNR,2023-12-18,3.9,9.9,-3.0,24,49,0.0,0.0,3.7,126,15.03,2.04,774.7,-17.4,2309.0,31.528997,78.26555
HP-KNR,2023-12-19,8.3,15.0,2.1,17,26,0.0,0.0,6.3,104,15.01,2.36,777.9,-17.3,2309.0,31.528997,78.26555
HP-KNR,2023-12-20,11.0,17.6,5.1,16,22,0.0,0.0,5.4,86,14.67,2.38,779.8,-15.0,2309.0,31.528997,78.26555
HP-KNR,2023-12-21,11.5,18.3,5.9,16,28,0.0,0.0,5.0,66,14.69,2.4,779.4,-14.9,2309.0,31.528997,78.26555
HP-KNR,2023-12-22,11.5,17.3,6.1,15,49,0.0,0.0,5.1,54,12.86,2.24,779.0,-15.9,2309.0,31.528997,78.26555
HP-KNR,2023-12-23,7.7,9.9,2.9,57,88,3.1,0.0,5.8,290,9.42,1.46,780.1,-2.1,2309.0,31.528997,78.26555
HP-KNR,2023-12-24,7.8,15.0,-0.6,33,67,0.0,0.0,6.3,149,13.85,2.25,780.2,-9.1,2309.0,31.528997,78.26555
HP-KNR,2023-12-25,10.5,16.4,5.1,25,37,0.0,0.0,5.6,157,14.63,2.37,779.2,-9.3,2309.0,31.528997,78.26555
HP-KNR,2023-12-26,10.9,16.9,7.3,18,27,0.0,0.0,7.3,279,12.02,2.08,779.0,-13.2,2309.0,31.528997,78.26555
HP-KNR,2023-12-27,8.9,14.5,3.9,25,41,0.0,0.0,6.8,218,14.71,2.32,779.5,-10.7,2309.0,31.528997,78.26555
HP-KNR,2023-12-28,8.5,13.8,3.4,23,42,0.0,0.0,6.3,93,14.99,2.4,778.4,-13.2,2309.0,31.528997,78.26555
HP-KNR,2023-12-29,7.9,13.9,2.5,20,31,0.0,0.0,6.3,119,15.1,2.38,777.7,-15.6,2309.0,31.528997,78.26555
HP-KNR,2023-12-30,7.7,12.7,2.8,26,36,0.0,0.0,5.7,225,11.52,1.9,776.7,-11.6,2309.0,31.528997,78.26555
HP-KNR,2023-12-31,7.0,12.0,3.6,37,52,0.0,0.0,6.8,240,13.89,2.1,775.7,-7.3,2309.0,31.528997,78.26555
