site_id,date,temperature_2m_mean,temperature_2m_max,temperature_2m_min,relative_humidity_2m_mean,relative_humidity_2m_max,precipitation_sum,rain_sum,wind_speed_10m_max,wind_direction_10m_dominant,shortwave_radiation_sum,et0_fao_evapotranspiration,surface_pressure_mean,dew_point_2m_mean,elevation_m,lat,lon
HP-MNL,2020-12-01,12.0,15.4,9.3,36,78,12.3,11.4,4.3,353,14.54,2.26,820.5,-4.1,1864.0,32.161686,77.1584
HP-MNL,2020-12-02,10.5,14.0,8.6,28,53,3.2,2.7,4.1,1,15.22,2.28,817.9,-7.9,1864.0,32.161686,77.1584
HP-MNL,2020-12-03,10.4,13.5,8.2,26,53,3.1,0.8,4.0,349,15.28,2.22,816.5,-10.4,1864.0,32.161686,77.1584
HP-MNL,2020-12-04,9.3,12.7,6.8,44,80,7.8,1.8,3.3,357,13.14,1.94,815.6,-3.5,1864.0,32.161686,77.1584
HP-MNL,2020-12-05,8.7,9.9,6.5,67,78,22.6,2.1,2.7,294,11.93,1.67,816.9,2.9,1864.0,32.161686,77.1584
HP-MNL,2020-12-06,9.1,11.3,6.4,56,77,15.5,3.7,3.8,337,12.72,1.82,818.9,0.4,1864.0,32.161686,77.1584
HP-MNL,2020-12-07,11.5,13.8,7.8,31,49,0.7,0.2,3.4,336,10.44,1.67,819.8,-5.9,1864.0,32.161686,77.1584
HP-MNL,2020-12-08,10.7,12.8,9.2,63,82,10.6,9.7,3.4,254,4.23,0.81,821.0,3.7,1864.0,32.161686,77.1584
HP-MNL,2020-12-09,8.9,10.3,7.2,79,94,18.9,10.0,3.1,256,6.27,1.01,819.3,5.4,1864.0,32.161686,77.1584
HP-MNL,2020-12-10,8.7,9.9,7.8,71,91,14.1,4.4,4.0,259,7.35,1.12,818.7,3.5,1864.0,32.161686,77.1584
HP-MNL,2020-12-11,7.8,9.0,6.7,64,75,12.7,0.0,6.3,301,8.97,1.28,817.8,1.3,1864.0,32.161686,77.1584
HP-MNL,2020-12-12,5.9,7.9,4.2,79,99,35.0,0.0,4.6,230,8.22,1.08,815.3,2.4,1864.0,32.161686,77.1584
HP-MNL,2020-12-13,6.1,9.5,3.5,39,63,3.1,0.0,5.1,311,14.88,2.01,813.5,-7.7,1864.0,32.161686,77.1584
HP-MNL,2020-12-14,5.0,8.6,3.0,20,30,0.0,0.0,4.3,335,15.06,2.02,813.1,-16.8,1864.0,32.161686,77.1584
HP-MNL,2020-12-15,4.6,7.3,2.0,33,72,2.4,0.0,4.7,319,13.24,1.76,814.8,-11.0,1864.0,32.161686,77.1584
HP-MNL,2020-12-16,4.4,7.0,1.5,48,71,16.6,0.0,5.1,291,13.64,1.7,815.7,-6.5,1864.0,32.161686,77.1584
HP-MNL,2020-12-17,3.3,7.1,0.8,17,73,1.0,0.0,4.1,332,15.2,1.94,813.8,-21.3,1864.0,32.161686,77.1584
HP-MNL,2020-12-18,3.2,6.6,1.3,8,16,0.0,0.0,4.3,338,15.24,1.96,812.4,-28.4,1864.0,32.161686,77.1584
HP-MNL,2020-12-19,5.1,9.0,3.2,9,16,0.0,0.0,4.6,341,14.97,2.12,814.5,-25.9,1864.0,32.161686,77.1584
HP-MNL,2020-12-20,7.6,11.0,5.2,11,14,0.0,0.0,4.5,337,14.4,2.09,817.3,-20.8,1864.0,32.161686,77.1584
HP-MNL,2020-12-21,9.7,12.7,6.5,17,23,0.2,0.0,4.0,330,11.87,1.8,817.5,-14.4,1864.0,32.161686,77.1584
HP-MNL,2020-12-22,6.8,10.3,4.7,16,20,0.0,0.0,4.3,341,14.86,2.14,815.3,-17.6,1864.0,32.161686,77.1584
HP-MNL,2020-12-23,6.0,8.7,3.8,24,31,0.0,0.0,4.7,338,14.58,2.04,814.3,-13.7,1864.0,32.161686,77.1584
HP-MNL,2020-12-24,5.0,7.7,3.3,21,26,0.0,0.0,4.7,351,14.49,2.03,813.1,-15.7,1864.0,32.161686,77.1584
HP-MNL,2020-12-25,5.7,9.7,3.5,12,22,0.0,0.0,4.5,338,14.37,2.15,814.5,-22.4,1864.0,32.161686,77.1584
HP-MNL,2020-12-26,6.3,10.4,3.6,9,15,0.0,0.0,5.8,326,14.94,2.24,814.6,-24.4,1864.0,32.161686,77.1584
HP-MNL,2020-12-27,4.8,8.8,1.9,28,69,5.7,0.0,6.4,295,14.69,2.14,810.8,-14.2,1864.0,32.161686,77.1584
HP-MNL,2020-12-28,2.1,3.7,-0.5,75,90,39.5,0.0,5.5,276,7.99,1.0,811.3,-2.0,1864.0,32.161686,77.1584
HP-MNL,2020-12-29,3.3,6.0,1.1,61,78,12.2,0.0,5.4,320,13.92,1.69,812.1,-3.6,1864.0,32.161686,77.1584
HP-MNL,2020-12-30,3.8,7.0,1.8,20,38,0.0,0.0,4.7,350,15.42,2.08,813.4,-18.2,1864.0,32.161686,77.1584
HP-MNL,2020-12-31,5.5,9.2,3.0,7,8,0.0,0.0,5.1,348,15.18,2.24,815.5,-28.0,1864.0,32.161686,77.1584
HP-MNL,2021-01-01,6.8,9.4,4.9,9,12,0.0,0.0,4.7,346,13.33,2.08,815.5,-23.7,1864.0,32.161686,77.1584
HP-MNL,2021-01-02,6.7,7.8,5.7,35,74,6.4,0.0,4.0,336,7.5,1.25,816.4,-11.4,1864.0,32.161686,77.1584
HP-MNL,2021-01-03,6.9,8.7,5.6,62,76,18.4,0.0,4.8,332,8.16,1.28,815.9,-0.2,1864.0,32.161686,77.1584
HP-MNL,2021-01-04,7.2,8.9,5.6,54,65,4.0,0.0,5.4,338,11.24,1.65,817.5,-1.5,1864.0,32.161686,77.1584
HP-MNL,2021-01-05,6.6,7.2,6.0,83,93,48.5,0.2,3.8,271,4.3,0.7,817.1,3.8,1864.0,32.161686,77.1584
HP-MNL,2021-01-06,6.5,8.0,5.3,72,89,26.0,0.1,4.7,267,9.24,1.27,816.0,1.5,1864.0,32.161686,77.1584
HP-MNL,2021-01-07,8.1,10.5,5.3,14,41,0.0,0.0,5.5,316,13.66,2.11,814.7,-19.7,1864.0,32.161686,77.1584
HP-MNL,2021-01-08,8.3,9.9,7.0,14,23,0.0,0.0,6.9,283,13.08,2.22,815.0,-18.6,1864.0,32.161686,77.1584
HP-MNL,2021-01-09,8.1,10.2,4.8,22,28,0.0,0.0,7.6,299,15.42,2.38,816.1,-12.8,1864.0,32.161686,77.1584
HP-MNL,2021-01-10,7.1,10.9,4.8,7,11,0.0,0.0,4.9,330,16.09,2.49,814.2,-27.5,1864.0,32.161686,77.1584
HP-MNL,2021-01-11,7.2,10.8,4.8,4,6,0.0,0.0,5.1,333,16.2,2.53,814.1,-32.2,1864.0,32.161686,77.1584
HP-MNL,2021-01-12,7.1,10.1,4.8,4,7,0.0,0.0,4.8,343,16.35,2.48,813.1,-32.7,1864.0,32.161686,77.1584
HP-MNL,2021-01-13,7.3,10.5,5.0,4,8,0.0,0.0,4.9,343,16.22,2.52,812.0,-32.5,1864.0,32.161686,77.1584
HP-MNL,2021-01-14,10.3,12.9,7.9,5,8,0.0,0.0,4.7,344,15.09,2.43,814.1,-28.0,1864.0,32.161686,77.1584
HP-MNL,2021-01-15,12.0,14.0,8.8,15,24,0.5,0.0,4.0,336,13.61,2.24,814.7,-14.8,1864.0,32.161686,77.1584
HP-MNL,2021-01-16,8.9,12.1,6.3,11,17,0.0,0.0,5.4,358,16.36,2.68,812.7,-20.6,1864.0,32.161686,77.1584
HP-MNL,2021-01-17,10.6,13.2,8.9,11,16,0.0,0.0,4.3,340,16.14,2.42,814.7,-19.8,1864.0,32.161686,77.1584
HP-MNL,2021-01-18,7.7,10.4,5.3,45,72,12.4,0.0,5.9,306,14.62,2.09,815.9,-4.3,1864.0,32.161686,77.1584
HP-MNL,2021-01-19,6.9,10.7,5.1,34,74,10.4,0.0,5.7,289,15.1,2.18,812.9,-10.1,1864.0,32.161686,77.1584
HP-MNL,2021-01-20,6.9,10.8,5.1,35,73,15.9,0.2,5.4,306,16.57,2.33,812.0,-9.6,1864.0,32.161686,77.1584
HP-MNL,2021-01-21,10.4,14.2,6.3,9,27,0.0,0.0,5.4,352,17.29,2.66,813.4,-22.2,1864.0,32.161686,77.1584
HP-MNL,2021-01-22,12.0,14.3,8.1,14,21,0.0,0.0,7.0,247,14.52,2.45,815.4,-14.9,1864.0,32.161686,77.1584
HP-MNL,2021-01-23,4.4,7.0,2.7,70,96,19.8,0.0,7.1,244,9.1,1.29,810.9,-1.3,1864.0,32.161686,77.1584
HP-MNL,2021-01-24,5.1,7.3,3.0,63,93,13.3,0.0,4.9,244,15.38,1.95,812.8,-2.6,1864.0,32.161686,77.1584
HP-MNL,2021-01-25,5.3,8.8,3.3,37,83,5.8,0.1,4.3,315,17.31,2.29,814.0,-9.8,1864.0,32.161686,77.1584
HP-MNL,2021-01-26,5.0,9.1,2.7,29,74,11.0,0.0,4.0,328,17.82,2.39,813.4,-14.1,1864.0,32.161686,77.1584
HP-MNL,2021-01-27,4.6,8.5,2.2,15,30,0.6,0.0,4.3,333,18.04,2.44,813.1,-21.2,1864.0,32.161686,77.1584
HP-MNL,2021-01-28,3.2,6.2,1.0,24,39,2.2,0.0,4.3,345,17.96,2.34,813.4,-15.7,1864.0,32.161686,77.1584
HP-MNL,2021-01-29,2.2,6.8,-1.0,25,32,0.0,0.0,4.6,9,17.9,2.33,812.9,-16.2,1864.0,32.161686,77.1584
HP-MNL,2021-01-30,4.0,8.6,-0.4,21,53,0.0,0.0,4.9,356,18.53,2.53,811.5,-19.0,1864.0,32.161686,77.1584
HP-MNL,2021-01-31,6.3,10.4,3.9,19,45,7.9,0.0,3.7,329,18.19,2.49,813.7,-18.2,1864.0,32.161686,77.1584
HP-MNL,2021-02-01,5.7,7.9,3.9,56,75,19.1,0.0,4.0,348,14.65,1.97,817.2,-2.5,1864.0,32.161686,77.1584
HP-MNL,2021-02-02,6.0,10.4,3.7,50,78,19.8,0.0,4.4,332,18.34,2.59,816.7,-5.0,1864.0,32.161686,77.1584
HP-MNL,2021-02-03,2.3,4.3,1.2,66,73,15.3,0.0,4.6,338,6.8,0.95,815.9,-3.5,1864.0,32.161686,77.1584
HP-MNL,2021-02-04,2.0,2.8,0.8,74,87,27.1,0.0,4.6,342,6.71,0.91,815.0,-2.2,1864.0,32.161686,77.1584
HP-MNL,2021-02-05,2.5,4.4,1.0,57,67,0.3,0.0,3.3,352,12.06,1.56,814.4,-5.2,1864.0,32.161686,77.1584
HP-MNL,2021-02-06,3.7,7.6,0.3,22,38,0.0,0.0,5.9,12,19.37,2.68,813.7,-17.1,1864.0,32.161686,77.1584
HP-MNL,2021-02-07,9.2,13.7,5.2,11,14,0.0,0.0,6.7,4,19.41,3.17,816.6,-19.7,1864.0,32.161686,77.1584
HP-MNL,2021-02-08,11.4,15.5,8.9,12,18,0.0,0.0,4.7,354,19.32,3.12,818.4,-17.1,1864.0,32.161686,77.1584
HP-MNL,2021-02-09,11.4,15.4,7.7,17,51,0.7,0.0,4.5,327,18.68,3.0,816.7,-14.7,1864.0,32.161686,77.1584
HP-MNL,2021-02-10,7.2,10.6,4.7,30,65,6.0,0.0,5.4,355,19.75,2.93,814.6,-11.0,1864.0,32.161686,77.1584
HP-MNL,2021-02-11,8.6,13.1,5.3,12,23,0.0,0.0,4.7,349,20.2,3.08,815.1,-19.5,1864.0,32.161686,77.1584
HP-MNL,2021-02-12,8.0,11.9,5.8,7,10,0.0,0.0,4.7,352,20.43,3.08,815.6,-25.4,1864.0,32.161686,77.1584
HP-MNL,2021-02-13,9.2,12.6,7.5,12,19,0.0,0.0,4.7,354,16.36,2.62,815.9,-19.9,1864.0,32.161686,77.1584
HP-MNL,2021-02-14,7.9,11.6,5.0,21,24,0.0,0.0,4.8,1,20.29,3.01,815.7,-12.9,1864.0,32.161686,77.1584
HP-MNL,2021-02-15,6.3,10.1,3.8,16,20,0.0,0.0,5.2,358,20.24,3.01,814.4,-17.6,1864.0,32.161686,77.1584
HP-MNL,2021-02-16,5.0,9.0,2.4,21,26,0.0,0.0,5.9,4,20.92,3.03,814.1,-15.8,1864.0,32.161686,77.1584
HP-MNL,2021-02-17,4.5,9.0,1.4,18,24,0.0,0.0,5.9,7,21.1,3.06,814.8,-17.7,1864.0,32.161686,77.1584
HP-MNL,2021-02-18,4.7,8.9,1.7,22,32,0.0,0.0,5.6,5,21.18,3.04,817.0,-15.3,1864.0,32.161686,77.1584
HP-MNL,2021-02-19,6.1,10.5,2.6,15,22,0.0,0.0,6.6,10,21.45,3.25,818.8,-18.8,1864.0,32.161686,77.1584
HP-MNL,2021-02-20,10.3,13.3,7.2,20,42,0.3,0.1,4.0,360,20.4,3.13,820.0,-13.7,1864.0,32.161686,77.1584
HP-MNL,2021-02-21,11.9,15.0,9.3,39,67,6.0,4.1,4.0,334,19.59,3.13,819.8,-2.0,1864.0,32.161686,77.1584
HP-MNL,2021-02-22,12.5,14.8,10.7,42,52,1.4,0.8,3.6,340,12.92,2.19,819.7,-0.1,1864.0,32.161686,77.1584
HP-MNL,2021-02-23,10.1,12.2,4.4,59,91,21.0,8.2,6.4,278,17.6,2.66,818.1,2.1,1864.0,32.161686,77.1584
HP-MNL,2021-02-24,9.2,11.9,4.4,55,80,12.0,3.8,6.4,269,20.54,2.98,816.5,0.4,1864.0,32.161686,77.1584
HP-MNL,2021-02-25,11.1,13.5,9.1,61,77,14.0,8.9,6.1,227,16.95,2.64,817.0,3.6,1864.0,32.161686,77.1584
HP-MNL,2021-02-26,10.4,12.1,9.0,60,84,11.9,9.8,5.6,244,14.57,2.23,814.6,2.4,1864.0,32.161686,77.1584
HP-MNL,2021-02-27,7.8,9.2,5.7,85,100,23.3,12.3,6.3,212,12.8,1.76,812.4,5.5,1864.0,32.161686,77.1584
HP-MNL,2021-02-28,8.5,10.3,6.9,47,68,5.2,0.4,5.4,285,21.78,3.1,814.1,-2.7,1864.0,32.161686,77.1584
HP-MNL,2021-03-01,8.3,11.5,5.9,53,87,19.0,2.9,4.8,303,21.49,3.16,815.4,-2.0,1864.0,32.161686,77.1584
HP-MNL,2021-03-02,10.8,15.5,5.8,33,69,4.1,0.1,4.3,335,23.58,3.73,816.8,-7.0,1864.0,32.161686,77.1584
HP-MNL,2021-03-03,10.7,14.3,7.9,49,76,9.8,2.6,5.1,287,20.04,3.14,816.7,-0.1,1864.0,32.161686,77.1584
HP-MNL,2021-03-04,7.7,12.3,-0.5,56,75,23.3,0.4,5.6,311,20.06,3.02,816.2,-1.1,1864.0,32.161686,77.1584
HP-MNL,2021-03-05,9.0,12.6,6.3,55,73,20.4,8.2,5.6,291,21.3,3.21,815.5,0.2,1864.0,32.161686,77.1584
HP-MNL,2021-03-06,10.6,14.8,7.0,37,66,7.5,2.7,5.3,323,21.47,3.47,815.8,-5.1,1864.0,32.161686,77.1584
HP-MNL,2021-03-07,9.8,11.6,8.3,75,86,35.4,21.2,4.7,213,14.7,2.2,817.2,5.5,1864.0,32.161686,77.1584
HP-MNL,2021-03-08,9.8,12.0,7.4,68,80,28.6,12.0,3.6,292,19.0,2.89,818.3,4.2,1864.0,32.161686,77.1584
HP-MNL,2021-03-09,10.3,13.5,7.6,40,72,8.6,0.2,4.8,318,22.75,3.49,819.3,-3.7,1864.0,32.161686,77.1584
HP-MNL,2021-03-10,10.1,11.4,8.7,41,67,4.4,0.9,4.0,330,17.15,2.71,819.0,-3.7,1864.0,32.161686,77.1584
HP-MNL,2021-03-11,11.0,13.5,9.1,21,36,0.0,0.0,3.8,333,17.88,2.92,820.1,-11.2,1864.0,32.161686,77.1584
HP-MNL,2021-03-12,9.5,11.7,8.3,44,67,3.0,0.0,4.9,337,13.9,2.31,821.4,-2.8,1864.0,32.161686,77.1584
HP-MNL,2021-03-13,10.7,14.4,7.4,31,49,0.0,0.0,5.1,358,24.97,4.02,821.3,-6.4,1864.0,32.161686,77.1584
HP-MNL,2021-03-14,12.4,15.6,10.2,28,53,0.0,0.0,4.7,351,24.28,3.99,818.4,-7.1,1864.0,32.161686,77.1584
HP-MNL,2021-03-15,11.5,15.0,8.3,26,43,0.0,0.0,4.3,354,24.8,3.99,818.1,-7.9,1864.0,32.161686,77.1584
HP-MNL,2021-03-16,11.7,14.8,9.8,29,48,0.0,0.0,4.0,353,24.19,3.87,818.4,-6.4,1864.0,32.161686,77.1584
HP-MNL,2021-03-17,11.7,14.3,9.5,35,54,0.7,0.2,4.5,328,23.52,3.78,818.0,-3.7,1864.0,32.161686,77.1584
HP-MNL,2021-03-18,11.5,15.0,9.3,33,55,0.0,0.0,4.1,347,24.89,3.97,818.7,-5.0,1864.0,32.161686,77.1584
HP-MNL,2021-03-19,11.5,14.4,9.5,27,38,0.3,0.1,4.4,348,22.35,3.68,818.3,-7.1,1864.0,32.161686,77.1584
HP-MNL,2021-03-20,10.7,14.3,8.1,33,58,0.0,0.0,4.8,0,25.63,4.15,816.2,-5.3,1864.0,32.161686,77.1584
HP-MNL,2021-03-21,11.1,15.0,9.3,41,76,7.3,3.5,4.7,347,22.54,3.76,816.8,-3.2,1864.0,32.161686,77.1584
HP-MNL,2021-03-22,8.8,9.9,6.9,76,95,34.0,8.8,3.8,330,12.46,2.02,819.5,4.6,1864.0,32.161686,77.1584
HP-MNL,2021-03-23,8.1,10.7,6.3,68,91,16.5,0.4,5.2,335,9.66,1.56,820.2,2.1,1864.0,32.161686,77.1584
HP-MNL,2021-03-24,9.0,11.8,5.9,45,63,0.0,0.0,4.8,333,24.08,3.75,819.2,-2.4,1864.0,32.161686,77.1584
HP-MNL,2021-03-25,9.5,13.6,6.4,27,59,0.0,0.0,5.1,14,27.62,4.41,817.2,-9.2,1864.0,32.161686,77.1584
HP-MNL,2021-03-26,11.9,15.6,8.7,14,20,0.0,0.0,6.3,3,27.8,4.78,817.2,-15.5,1864.0,32.161686,77.1584
HP-MNL,2021-03-27,13.4,17.1,10.7,20,31,0.0,0.0,4.7,4,27.09,4.73,817.8,-9.9,1864.0,32.161686,77.1584
HP-MNL,2021-03-28,14.0,18.3,11.1,43,82,7.4,7.4,4.3,4,25.31,4.43,817.3,-0.1,1864.0,32.161686,77.1584
HP-MNL,2021-03-29,13.3,15.7,11.3,71,82,19.0,18.8,5.2,161,19.35,3.29,816.6,8.1,1864.0,32.161686,77.1584
HP-MNL,2021-03-30,13.0,15.0,8.7,66,82,30.1,27.7,4.7,192,22.38,3.71,812.1,6.7,1864.0,32.161686,77.1584
HP-MNL,2021-03-31,12.1,15.1,7.1,45,73,8.4,4.5,6.1,200,26.82,4.37,809.4,0.2,1864.0,32.161686,77.1584
HP-MNL,2021-04-01,10.8,13.7,7.9,62,80,23.0,14.1,4.9,162,25.49,4.03,809.3,3.5,1864.0,32.161686,77.1584
HP-MNL,2021-04-02,10.2,11.4,8.5,48,58,1.5,0.4,6.5,171,25.98,3.84,810.9,-0.5,1864.0,32.161686,77.1584
HP-MNL,2021-04-03,9.2,13.7,4.9,27,58,0.0,0.0,4.3,26,29.19,4.53,814.3,-11.5,1864.0,32.161686,77.1584
HP-MNL,2021-04-04,12.7,17.9,8.1,21,49,1.2,1.2,5.0,19,24.73,4.35,818.0,-10.9,1864.0,32.161686,77.1584
HP-MNL,2021-04-05,12.3,14.2,10.8,67,79,14.3,14.1,4.4,192,14.95,2.54,819.8,6.4,1864.0,32.161686,77.1584
HP-MNL,2021-04-06,11.3,13.2,9.7,78,85,28.6,27.1,4.2,253,10.89,1.9,819.1,7.5,1864.0,32.161686,77.1584
HP-MNL,2021-04-07,10.8,14.7,6.8,62,94,22.1,9.4,4.8,193,25.61,4.07,818.6,2.7,1864.0,32.161686,77.1584
HP-MNL,2021-04-08,9.9,11.1,6.5,58,79,11.9,5.4,4.8,324,22.56,3.44,817.1,1.8,1864.0,32.161686,77.1584
HP-MNL,2021-04-09,10.9,14.8,7.9,34,62,2.1,0.0,4.1,336,28.32,4.49,818.1,-5.3,1864.0,32.161686,77.1584
HP-MNL,2021-04-10,11.9,16.2,8.8,18,26,0.0,0.0,4.7,358,28.85,4.82,819.8,-12.1,1864.0,32.161686,77.1584
HP-MNL,2021-04-11,12.0,16.1,8.3,27,37,0.0,0.0,5.1,354,28.25,4.75,820.8,-6.8,1864.0,32.161686,77.1584
HP-MNL,2021-04-12,11.9,15.1,9.7,42,57,0.3,0.3,5.8,360,24.55,4.16,821.2,-0.9,1864.0,32.161686,77.1584
HP-MNL,2021-04-13,12.6,17.2,7.7,28,59,0.0,0.0,5.6,2,28.79,4.9,820.2,-6.3,1864.0,32.161686,77.1584
HP-MNL,2021-04-14,14.0,17.3,11.0,30,38,0.0,0.0,4.7,347,24.28,4.33,819.8,-3.3,1864.0,32.161686,77.1584
HP-MNL,2021-04-15,13.1,16.5,10.0,40,51,0.0,0.0,5.2,353,24.12,4.19,819.5,-0.4,1864.0,32.161686,77.1584
HP-MNL,2021-04-16,13.5,16.9,11.1,40,60,2.5,1.7,4.5,342,25.17,4.42,818.3,-0.5,1864.0,32.161686,77.1584
HP-MNL,2021-04-17,9.4,10.7,8.0,78,94,23.8,16.2,4.6,315,14.88,2.37,817.1,5.7,1864.0,32.161686,77.1584
HP-MNL,2021-04-18,10.2,14.2,7.5,79,99,30.5,18.3,4.6,272,23.99,3.85,819.0,6.6,1864.0,32.161686,77.1584
HP-MNL,2021-04-19,12.3,16.1,9.8,57,87,19.8,14.3,3.6,347,27.89,4.63,816.9,3.6,1864.0,32.161686,77.1584
HP-MNL,2021-04-20,11.8,15.7,6.7,37,95,16.3,1.8,4.4,345,19.95,3.52,815.8,-5.9,1864.0,32.161686,77.1584
HP-MNL,2021-04-21,8.8,11.3,6.9,80,92,32.4,11.7,3.9,312,10.41,1.72,814.8,5.5,1864.0,32.161686,77.1584
HP-MNL,2021-04-22,8.5,10.3,7.6,88,98,42.5,17.4,3.6,180,17.55,2.66,816.3,6.6,1864.0,32.161686,77.1584
HP-MNL,2021-04-23,8.4,10.6,6.8,79,97,33.6,4.3,3.2,356,10.16,1.58,816.0,4.8,1864.0,32.161686,77.1584
HP-MNL,2021-04-24,10.8,14.9,6.8,27,56,0.0,0.0,5.8,359,32.01,5.18,817.4,-9.3,1864.0,32.161686,77.1584
HP-MNL,2021-04-25,13.8,17.6,10.7,14,17,0.0,0.0,6.9,4,32.05,5.72,819.9,-13.8,1864.0,32.161686,77.1584
HP-MNL,2021-04-26,14.8,18.6,11.2,17,28,0.0,0.0,5.4,0,31.57,5.65,819.2,-11.1,1864.0,32.161686,77.1584
HP-MNL,2021-04-27,15.3,19.2,11.8,21,28,0.0,0.0,5.5,6,30.5,5.52,820.1,-7.6,1864.0,32.161686,77.1584
HP-MNL,2021-04-28,15.6,19.6,12.3,23,28,0.0,0.0,5.9,2,29.66,5.45,821.4,-5.7,1864.0,32.161686,77.1584
HP-MNL,2021-04-29,15.7,19.3,12.6,26,33,0.0,0.0,5.5,359,28.55,5.2,821.2,-3.8,1864.0,32.161686,77.1584
HP-MNL,2021-04-30,15.4,19.0,12.7,32,40,0.0,0.0,4.7,354,28.27,5.11,820.1,-1.2,1864.0,32.161686,77.1584
HP-MNL,2021-05-01,15.2,18.8,12.5,38,48,0.0,0.0,4.7,358,27.17,4.89,819.6,0.9,1864.0,32.161686,77.1584
HP-MNL,2021-05-02,15.4,18.6,13.4,36,47,0.0,0.0,4.4,355,27.7,4.9,819.8,0.3,1864.0,32.161686,77.1584
HP-MNL,2021-05-03,14.8,18.6,11.4,44,74,0.0,0.0,3.6,352,28.16,4.94,817.6,1.7,1864.0,32.161686,77.1584
HP-MNL,2021-05-04,15.0,18.7,13.0,46,71,2.9,2.9,4.3,353,23.4,4.26,817.4,2.7,1864.0,32.161686,77.1584
HP-MNL,2021-05-05,14.4,16.4,12.6,63,72,1.7,1.7,4.3,341,20.64,3.65,817.9,7.5,1864.0,32.161686,77.1584
HP-MNL,2021-05-06,15.0,18.1,12.8,56,75,0.0,0.0,4.0,358,26.92,4.7,818.7,5.8,1864.0,32.161686,77.1584
HP-MNL,2021-05-07,12.8,14.8,9.5,69,85,15.4,14.9,4.0,339,16.75,2.9,819.2,7.2,1864.0,32.161686,77.1584
HP-MNL,2021-05-08,13.5,16.7,8.2,58,74,0.0,0.0,5.2,331,23.4,4.08,818.2,5.2,1864.0,32.161686,77.1584
HP-MNL,2021-05-09,14.5,17.3,12.5,53,74,0.0,0.0,3.3,352,27.68,4.79,817.4,4.8,1864.0,32.161686,77.1584
HP-MNL,2021-05-10,15.0,18.1,12.4,56,74,0.0,0.0,5.0,356,27.09,4.78,816.2,5.9,1864.0,32.161686,77.1584
HP-MNL,2021-05-11,15.3,18.7,13.1,58,79,0.0,0.0,6.6,341,26.47,4.67,815.8,6.6,1864.0,32.161686,77.1584
HP-MNL,2021-05-12,14.5,17.5,12.7,64,85,8.0,8.0,6.4,336,23.53,4.2,813.8,7.5,1864.0,32.161686,77.1584
HP-MNL,2021-05-13,12.3,14.3,10.0,77,88,22.3,22.3,6.1,338,12.22,2.21,813.5,8.3,1864.0,32.161686,77.1584
HP-MNL,2021-05-14,14.2,17.8,12.2,66,82,10.4,10.4,7.5,332,24.08,4.29,814.7,7.9,1864.0,32.161686,77.1584
HP-MNL,2021-05-15,14.9,18.7,10.2,57,73,9.5,9.5,9.5,322,19.82,3.93,817.0,6.2,1864.0,32.161686,77.1584
HP-MNL,2021-05-16,16.6,20.7,13.0,49,71,1.8,1.8,7.3,316,25.3,5.0,819.2,5.7,1864.0,32.161686,77.1584
HP-MNL,2021-05-17,17.7,21.7,13.3,43,61,1.9,1.9,9.7,306,24.9,5.18,820.2,4.8,1864.0,32.161686,77.1584
HP-MNL,2021-05-18,18.0,22.4,15.3,43,58,0.3,0.3,8.5,268,20.47,4.36,818.8,5.0,1864.0,32.161686,77.1584
HP-MNL,2021-05-19,16.5,18.5,14.9,63,93,4.6,4.6,5.9,270,10.8,2.33,815.4,9.1,1864.0,32.161686,77.1584
HP-MNL,2021-05-20,16.8,19.5,14.3,70,89,11.6,11.6,6.8,232,16.15,3.12,814.1,11.1,1864.0,32.161686,77.1584
HP-MNL,2021-05-21,16.1,20.1,13.4,54,66,5.2,5.2,8.6,290,22.69,4.53,816.6,6.7,1864.0,32.161686,77.1584
HP-MNL,2021-05-22,18.0,20.7,14.6,37,53,0.9,0.9,7.4,273,26.86,5.27,817.5,3.1,1864.0,32.161686,77.1584
HP-MNL,2021-05-23,16.3,19.2,13.9,53,82,3.3,3.3,8.2,325,15.79,3.41,817.9,6.1,1864.0,32.161686,77.1584
HP-MNL,2021-05-24,16.8,20.7,12.8,60,80,1.7,1.7,7.9,330,21.48,4.24,818.3,8.9,1864.0,32.161686,77.1584
HP-MNL,2021-05-25,18.8,22.2,15.0,37,47,0.4,0.4,9.9,266,28.24,5.6,817.1,3.7,1864.0,32.161686,77.1584
HP-MNL,2021-05-26,19.7,23.7,14.4,40,60,2.4,2.4,8.4,332,29.24,5.92,815.9,5.4,1864.0,32.161686,77.1584
HP-MNL,2021-05-27,20.8,25.6,15.1,35,46,0.0,0.0,7.2,17,31.01,6.35,816.8,4.3,1864.0,32.161686,77.1584
HP-MNL,2021-05-28,21.1,26.0,15.2,39,71,0.0,0.0,7.6,172,30.05,6.15,817.7,5.8,1864.0,32.161686,77.1584
HP-MNL,2021-05-29,21.1,25.7,17.6,50,79,0.9,0.9,9.1,170,27.03,5.5,819.1,9.2,1864.0,32.161686,77.1584
HP-MNL,2021-05-30,20.0,23.4,17.8,60,78,0.9,0.9,7.3,166,24.05,4.67,818.2,11.8,1864.0,32.161686,77.1584
HP-MNL,2021-05-31,18.8,22.3,16.3,63,78,4.7,4.7,7.6,257,19.35,3.87,816.3,11.3,1864.0,32.161686,77.1584
HP-MNL,2021-06-01,17.5,19.9,13.3,70,91,12.2,12.2,6.6,325,16.88,3.36,816.9,11.9,1864.0,32.161686,77.1584
HP-MNL,2021-06-02,16.9,21.4,11.1,65,80,0.8,0.8,8.6,321,23.87,4.57,817.3,10.0,1864.0,32.161686,77.1584
HP-MNL,2021-06-03,18.5,22.0,14.5,56,76,0.2,0.2,7.6,18,17.61,3.51,819.4,9.4,1864.0,32.161686,77.1584
HP-MNL,2021-06-04,19.7,22.6,17.3,47,53,0.0,0.0,6.5,107,22.72,4.59,820.0,7.9,1864.0,32.161686,77.1584
HP-MNL,2021-06-05,19.8,22.8,15.7,55,68,1.3,1.3,7.6,116,19.49,3.97,819.0,10.3,1864.0,32.161686,77.1584
HP-MNL,2021-06-06,20.2,24.1,16.9,59,70,1.4,1.4,8.0,130,24.26,4.9,819.0,11.6,1864.0,32.161686,77.1584
HP-MNL,2021-06-07,20.7,25.5,16.7,65,87,0.0,0.0,8.6,154,27.66,5.45,817.4,13.5,1864.0,32.161686,77.1584
HP-MNL,2021-06-08,23.1,27.6,18.7,59,86,0.0,0.0,9.0,151,27.76,5.77,816.8,13.9,1864.0,32.161686,77.1584
HP-MNL,2021-06-09,23.8,27.8,20.9,55,83,0.0,0.0,8.0,160,27.19,5.68,816.6,13.0,1864.0,32.161686,77.1584
HP-MNL,2021-06-10,22.2,25.7,19.9,72,85,0.2,0.2,8.6,165,22.02,4.42,815.4,16.9,1864.0,32.161686,77.1584
HP-MNL,2021-06-11,22.0,25.9,19.4,73,94,5.3,5.3,8.7,172,28.72,5.67,814.5,16.8,1864.0,32.161686,77.1584
HP-MNL,2021-06-12,21.1,23.7,18.0,75,94,4.3,4.3,8.0,174,24.78,4.78,815.2,16.2,1864.0,32.161686,77.1584
HP-MNL,2021-06-13,20.3,24.3,17.8,64,93,12.2,12.2,6.5,187,18.43,3.83,815.4,13.1,1864.0,32.161686,77.1584
HP-MNL,2021-06-14,20.0,22.8,16.6,59,79,3.3,3.3,7.0,206,25.35,4.98,813.7,11.5,1864.0,32.161686,77.1584
HP-MNL,2021-06-15,20.2,22.9,16.1,60,72,3.5,3.5,6.9,188,27.35,5.28,811.1,12.1,1864.0,32.161686,77.1584
HP-MNL,2021-06-16,18.0,21.2,16.5,69,81,23.7,23.7,9.2,331,2.68,1.11,812.9,11.9,1864.0,32.161686,77.1584
HP-MNL,2021-06-17,19.4,21.4,16.2,67,83,5.7,5.7,7.2,323,15.45,3.17,814.9,13.1,1864.0,32.161686,77.1584
HP-MNL,2021-06-18,19.7,22.1,17.9,73,88,2.7,2.7,5.8,136,11.01,2.42,815.5,14.5,1864.0,32.161686,77.1584
HP-MNL,2021-06-19,20.5,23.9,17.9,71,98,4.7,4.7,8.3,180,27.25,5.27,815.3,14.5,1864.0,32.161686,77.1584
HP-MNL,2021-06-20,19.8,22.9,18.0,74,92,1.4,1.4,6.5,187,17.92,3.61,815.9,14.8,1864.0,32.161686,77.1584
HP-MNL,2021-06-21,20.7,24.2,16.6,59,79,0.1,0.1,7.2,216,24.11,4.81,816.8,12.1,1864.0,32.161686,77.1584
HP-MNL,2021-06-22,21.8,25.0,18.6,53,68,1.3,1.3,8.6,232,26.61,5.36,817.6,11.7,1864.0,32.161686,77.1584
HP-MNL,2021-06-23,21.5,24.5,18.8,50,74,0.2,0.2,8.7,221,27.56,5.57,818.5,10.2,1864.0,32.161686,77.1584
HP-MNL,2021-06-24,21.0,24.0,19.5,55,61,0.0,0.0,6.9,181,24.76,4.88,817.7,11.5,1864.0,32.161686,77.1584
HP-MNL,2021-06-25,20.3,22.2,18.7,58,72,0.6,0.6,6.6,148,23.01,4.5,816.4,11.7,1864.0,32.161686,77.1584
HP-MNL,2021-06-26,20.5,22.9,15.6,57,71,0.0,0.0,6.1,194,23.89,4.69,817.6,11.6,1864.0,32.161686,77.1584
HP-MNL,2021-06-27,21.9,24.8,19.8,60,84,0.4,0.4,6.5,175,27.48,5.43,820.6,13.5,1864.0,32.161686,77.1584
HP-MNL,2021-06-28,21.9,24.4,19.5,73,88,0.4,0.4,6.1,166,26.14,5.15,820.0,16.7,1864.0,32.161686,77.1584
HP-MNL,2021-06-29,22.2,25.2,20.0,75,87,0.0,0.0,7.2,172,25.36,5.03,818.1,17.4,1864.0,32.161686,77.1584
HP-MNL,2021-06-30,22.2,25.4,19.6,73,85,0.7,0.7,7.3,175,25.74,5.12,816.2,17.0,1864.0,32.161686,77.1584
HP-MNL,2021-07-01,21.6,24.3,19.3,75,94,9.7,9.7,6.1,182,19.39,3.96,814.5,16.7,1864.0,32.161686,77.1584
HP-MNL,2021-07-02,20.8,22.2,19.4,73,80,2.9,2.9,6.0,157,18.1,3.6,815.1,15.8,1864.0,32.161686,77.1584
HP-MNL,2021-07-03,20.8,22.9,18.7,69,84,1.6,1.6,5.0,169,20.88,4.18,816.7,14.7,1864.0,32.161686,77.1584
HP-MNL,2021-07-04,21.4,24.0,19.5,66,88,0.0,0.0,6.1,183,24.57,4.89,818.1,14.6,1864.0,32.161686,77.1584
HP-MNL,2021-07-05,21.7,24.5,19.7,77,91,0.6,0.6,7.0,168,23.74,4.72,818.8,17.2,1864.0,32.161686,77.1584
HP-MNL,2021-07-06,22.1,25.3,19.9,77,92,0.1,0.1,6.6,176,25.08,5.0,817.9,17.8,1864.0,32.161686,77.1584
HP-MNL,2021-07-07,22.4,25.3,20.3,73,88,0.0,0.0,6.2,168,24.22,4.86,817.2,17.2,1864.0,32.161686,77.1584
HP-MNL,2021-07-08,22.0,24.3,20.0,76,94,1.6,1.6,5.5,155,23.64,4.71,817.2,17.3,1864.0,32.161686,77.1584
HP-MNL,2021-07-09,22.0,25.4,19.9,80,92,0.0,0.0,7.2,159,21.18,4.29,817.7,18.1,1864.0,32.161686,77.1584
HP-MNL,2021-07-10,22.2,24.3,20.5,84,96,0.9,0.9,6.2,167,20.25,4.06,817.7,19.2,1864.0,32.161686,77.1584
HP-MNL,2021-07-11,21.7,24.3,20.1,86,100,3.0,3.0,5.7,163,13.09,2.76,818.5,19.1,1864.0,32.161686,77.1584
HP-MNL,2021-07-12,20.8,22.1,19.8,82,100,44.8,44.8,7.3,329,4.77,1.27,819.5,17.4,1864.0,32.161686,77.1584
HP-MNL,2021-07-13,20.2,21.4,18.2,81,90,36.8,36.8,8.8,310,6.16,1.5,818.9,16.7,1864.0,32.161686,77.1584
HP-MNL,2021-07-14,21.4,23.9,18.9,77,87,5.6,5.6,5.4,180,20.2,4.08,818.6,17.1,1864.0,32.161686,77.1584
HP-MNL,2021-07-15,21.6,24.6,19.4,84,95,0.3,0.3,5.9,176,21.84,4.35,819.2,18.7,1864.0,32.161686,77.1584
HP-MNL,2021-07-16,21.9,25.0,20.0,86,100,1.4,1.4,6.4,170,23.99,4.73,820.8,19.3,1864.0,32.161686,77.1584
HP-MNL,2021-07-17,22.1,24.7,20.3,92,100,3.9,3.9,7.6,162,19.61,3.84,818.6,20.7,1864.0,32.161686,77.1584
HP-MNL,2021-07-18,22.7,24.8,21.3,90,99,3.4,3.4,6.7,154,14.89,3.05,815.3,21.0,1864.0,32.161686,77.1584
HP-MNL,2021-07-19,21.8,23.0,20.5,88,100,58.5,58.5,4.9,235,4.67,1.14,814.0,19.6,1864.0,32.161686,77.1584
HP-MNL,2021-07-20,21.6,23.6,19.4,86,100,5.8,5.8,6.7,177,18.05,3.59,814.1,19.1,1864.0,32.161686,77.1584
HP-MNL,2021-07-21,21.5,24.3,19.8,84,94,0.9,0.9,4.9,180,21.56,4.27,813.5,18.6,1864.0,32.161686,77.1584
HP-MNL,2021-07-22,20.9,22.3,19.7,85,93,27.3,27.3,4.0,233,8.87,1.93,813.2,18.3,1864.0,32.161686,77.1584
HP-MNL,2021-07-23,21.9,23.8,19.9,80,88,10.6,10.6,4.2,62,10.99,2.37,815.2,18.2,1864.0,32.161686,77.1584
HP-MNL,2021-07-24,21.9,23.6,20.4,87,99,3.8,3.8,7.4,153,15.76,3.14,816.6,19.7,1864.0,32.161686,77.1584
HP-MNL,2021-07-25,22.1,24.0,21.0,90,99,2.1,2.1,6.8,158,15.3,3.09,816.0,20.4,1864.0,32.161686,77.1584
HP-MNL,2021-07-26,22.3,24.0,21.1,93,100,5.8,5.8,6.9,161,14.23,2.87,814.3,21.1,1864.0,32.161686,77.1584
HP-MNL,2021-07-27,22.6,24.0,21.5,95,100,16.2,16.2,6.4,168,13.23,2.68,812.1,21.8,1864.0,32.161686,77.1584
HP-MNL,2021-07-28,21.9,23.5,20.9,83,98,38.3,38.3,7.5,333,4.33,1.23,812.7,18.6,1864.0,32.161686,77.1584
HP-MNL,2021-07-29,21.7,23.0,20.6,73,79,1.7,1.7,3.4,189,9.66,2.14,813.2,16.6,1864.0,32.161686,77.1584
HP-MNL,2021-07-30,21.3,24.1,20.3,81,95,8.0,8.0,4.7,331,7.13,1.62,815.0,17.8,1864.0,32.161686,77.1584
HP-MNL,2021-07-31,21.0,22.4,19.6,89,99,8.3,8.3,3.7,177,8.12,1.75,816.1,19.0,1864.0,32.161686,77.1584
HP-MNL,2021-08-01,21.4,24.1,20.4,86,100,1.4,1.4,6.4,154,22.23,4.34,814.6,18.9,1864.0,32.161686,77.1584
HP-MNL,2021-08-02,22.0,24.1,20.8,80,91,0.7,0.7,4.6,122,18.01,3.63,815.5,18.4,1864.0,32.161686,77.1584
HP-MNL,2021-08-03,21.6,23.9,19.4,85,95,14.5,14.5,4.3,163,13.38,2.77,816.6,19.0,1864.0,32.161686,77.1584
HP-MNL,2021-08-04,21.6,24.3,19.9,84,94,0.5,0.5,4.7,179,16.11,3.27,816.9,18.7,1864.0,32.161686,77.1584
HP-MNL,2021-08-05,21.5,24.1,20.0,89,100,1.6,1.6,5.4,180,22.54,4.41,816.1,19.4,1864.0,32.161686,77.1584
HP-MNL,2021-08-06,21.6,24.6,19.2,83,98,1.1,1.1,5.8,188,21.94,4.39,816.5,18.5,1864.0,32.161686,77.1584
HP-MNL,2021-08-07,21.5,24.7,19.7,84,97,1.1,1.1,6.7,172,20.19,3.98,817.9,18.6,1864.0,32.161686,77.1584
HP-MNL,2021-08-08,21.0,23.2,19.6,92,100,2.5,2.5,5.8,168,20.46,3.94,818.7,19.5,1864.0,32.161686,77.1584
HP-MNL,2021-08-09,20.8,23.0,19.2,95,100,2.2,2.2,6.5,165,20.46,3.9,818.4,19.9,1864.0,32.161686,77.1584
HP-MNL,2021-08-10,20.6,23.5,18.7,89,100,0.4,0.4,5.3,174,19.92,3.89,817.1,18.7,1864.0,32.161686,77.1584
HP-MNL,2021-08-11,21.1,24.1,19.2,87,100,0.9,0.9,5.0,168,21.98,4.3,817.3,18.7,1864.0,32.161686,77.1584
HP-MNL,2021-08-12,21.6,24.6,19.9,90,100,2.8,2.8,5.5,168,21.22,4.18,818.3,19.8,1864.0,32.161686,77.1584
HP-MNL,2021-08-13,21.2,24.3,19.7,87,99,8.3,8.3,5.9,186,17.0,3.44,816.9,18.8,1864.0,32.161686,77.1584
HP-MNL,2021-08-14,20.2,22.3,18.1,96,100,2.6,2.6,5.9,180,18.19,3.46,814.8,19.5,1864.0,32.161686,77.1584
HP-MNL,2021-08-15,20.2,23.7,17.7,80,95,9.2,9.2,7.6,181,19.92,3.93,816.2,16.4,1864.0,32.161686,77.1584
HP-MNL,2021-08-16,21.1,24.1,19.2,68,83,1.9,1.9,6.0,193,24.6,4.83,819.1,14.7,1864.0,32.161686,77.1584
HP-MNL,2021-08-17,21.7,24.6,19.5,69,90,0.1,0.1,6.3,177,25.28,4.94,819.5,15.6,1864.0,32.161686,77.1584
HP-MNL,2021-08-18,21.6,24.3,19.9,76,98,0.1,0.1,5.8,163,22.43,4.4,817.8,17.0,1864.0,32.161686,77.1584
HP-MNL,2021-08-19,21.7,25.1,19.5,82,99,0.2,0.2,5.8,183,22.56,4.44,817.2,18.4,1864.0,32.161686,77.1584
HP-MNL,2021-08-20,21.0,22.9,19.7,89,96,7.6,7.6,7.3,158,10.9,2.24,819.0,19.1,1864.0,32.161686,77.1584
HP-MNL,2021-08-21,21.3,23.1,19.9,79,95,15.5,15.5,5.8,352,6.02,1.45,820.7,17.4,1864.0,32.161686,77.1584
HP-MNL,2021-08-22,21.7,23.9,19.5,76,88,0.2,0.2,5.4,164,15.51,3.16,820.2,17.2,1864.0,32.161686,77.1584
HP-MNL,2021-08-23,21.6,24.4,20.0,88,100,0.8,0.8,6.2,157,21.54,4.2,818.2,19.4,1864.0,32.161686,77.1584
HP-MNL,2021-08-24,21.2,24.6,18.6,92,100,5.4,5.4,7.9,169,21.25,4.08,816.7,19.7,1864.0,32.161686,77.1584
HP-MNL,2021-08-25,21.6,24.3,19.8,90,100,8.9,8.9,7.6,158,19.54,3.8,815.1,19.8,1864.0,32.161686,77.1584
HP-MNL,2021-08-26,21.9,24.7,20.3,88,98,6.5,6.5,7.3,160,20.01,3.91,814.1,19.8,1864.0,32.161686,77.1584
HP-MNL,2021-08-27,21.4,23.5,19.8,89,100,22.5,22.5,7.0,169,11.96,2.41,815.6,19.4,1864.0,32.161686,77.1584
HP-MNL,2021-08-28,20.8,23.1,19.1,86,100,6.5,6.5,6.5,193,15.86,3.12,816.2,18.3,1864.0,32.161686,77.1584
HP-MNL,2021-08-29,20.1,23.1,18.3,79,98,11.3,11.3,7.3,181,18.11,3.57,817.1,16.2,1864.0,32.161686,77.1584
HP-MNL,2021-08-30,20.5,23.1,18.6,74,86,0.2,0.2,5.1,179,21.43,4.16,819.8,15.6,1864.0,32.161686,77.1584
HP-MNL,2021-08-31,20.2,23.7,17.1,69,89,0.0,0.0,4.7,201,19.86,3.89,821.4,14.1,1864.0,32.161686,77.1584
HP-MNL,2021-09-01,20.2,22.8,18.8,71,93,0.3,0.3,7.2,182,21.6,4.08,821.0,14.6,1864.0,32.161686,77.1584
HP-MNL,2021-09-02,20.1,22.2,18.6,78,86,3.9,3.9,4.0,216,14.26,2.85,819.6,16.1,1864.0,32.161686,77.1584
HP-MNL,2021-09-03,20.7,22.6,18.9,74,85,10.1,10.1,4.4,81,13.54,2.8,818.2,15.8,1864.0,32.161686,77.1584
HP-MNL,2021-09-04,20.8,23.2,19.4,81,100,0.6,0.6,5.5,159,16.11,3.2,817.6,17.3,1864.0,32.161686,77.1584
HP-MNL,2021-09-05,21.5,23.7,20.1,81,97,0.8,0.8,5.6,164,20.9,4.08,818.5,18.0,1864.0,32.161686,77.1584
HP-MNL,2021-09-06,21.9,24.5,20.6,83,93,0.6,0.6,6.2,161,20.99,4.09,820.2,18.8,1864.0,32.161686,77.1584
HP-MNL,2021-09-07,21.0,23.3,19.1,86,99,1.6,1.6,5.3,153,16.14,3.17,821.2,18.5,1864.0,32.161686,77.1584
HP-MNL,2021-09-08,19.5,20.7,18.0,91,98,18.7,18.7,3.9,130,6.84,1.47,820.0,18.1,1864.0,32.161686,77.1584
HP-MNL,2021-09-09,19.6,22.2,18.3,87,95,15.7,15.7,5.9,112,9.68,1.94,819.0,17.3,1864.0,32.161686,77.1584
HP-MNL,2021-09-10,20.5,22.8,18.5,76,87,0.1,0.1,6.0,149,17.55,3.4,819.2,16.1,1864.0,32.161686,77.1584
HP-MNL,2021-09-11,19.9,21.6,18.5,74,88,25.7,25.7,6.3,334,5.31,1.34,819.6,14.9,1864.0,32.161686,77.1584
HP-MNL,2021-09-12,20.0,20.8,18.6,66,78,15.9,15.9,4.7,352,5.94,1.5,817.9,13.5,1864.0,32.161686,77.1584
HP-MNL,2021-09-13,19.7,21.3,17.6,74,90,22.8,22.8,3.7,102,11.54,2.36,818.0,14.9,1864.0,32.161686,77.1584
HP-MNL,2021-09-14,20.4,23.6,16.1,67,89,0.0,0.0,8.6,185,21.37,4.08,820.4,13.8,1864.0,32.161686,77.1584
HP-MNL,2021-09-15,20.5,21.9,18.7,80,95,0.5,0.5,7.6,169,20.63,3.8,820.7,16.9,1864.0,32.161686,77.1584
HP-MNL,2021-09-16,20.4,23.5,18.1,81,97,0.1,0.1,7.0,176,20.03,3.84,818.6,16.7,1864.0,32.161686,77.1584
HP-MNL,2021-09-17,20.0,23.5,15.0,81,95,0.0,0.0,5.2,191,20.71,3.95,817.8,16.6,1864.0,32.161686,77.1584
HP-MNL,2021-09-18,21.2,24.1,17.4,79,91,0.0,0.0,5.7,164,22.75,4.35,820.1,17.4,1864.0,32.161686,77.1584
HP-MNL,2021-09-19,21.5,23.9,20.0,85,99,0.5,0.5,6.2,171,20.74,3.97,821.7,18.8,1864.0,32.161686,77.1584
HP-MNL,2021-09-20,20.9,23.6,19.0,86,100,17.1,17.1,6.0,170,18.03,3.49,820.9,18.4,1864.0,32.161686,77.1584
HP-MNL,2021-09-21,20.2,22.8,18.6,76,100,9.9,9.9,5.8,203,13.95,2.81,819.4,15.6,1864.0,32.161686,77.1584
HP-MNL,2021-09-22,19.2,21.7,17.9,74,95,2.9,2.9,5.9,186,14.01,2.73,818.6,14.3,1864.0,32.161686,77.1584
HP-MNL,2021-09-23,18.5,19.2,18.1,79,91,7.6,7.6,4.0,189,7.96,1.61,819.8,14.9,1864.0,32.161686,77.1584
HP-MNL,2021-09-24,19.3,21.9,17.1,73,87,6.7,6.7,6.4,216,17.42,3.34,821.2,14.3,1864.0,32.161686,77.1584
HP-MNL,2021-09-25,20.1,23.0,18.0,69,88,0.0,0.0,6.3,195,20.28,3.86,819.9,14.0,1864.0,32.161686,77.1584
HP-MNL,2021-09-26,19.8,22.5,18.0,74,87,0.0,0.0,5.4,158,20.1,3.79,819.9,15.0,1864.0,32.161686,77.1584
HP-MNL,2021-09-27,20.3,22.8,18.6,72,81,0.0,0.0,6.0,144,17.5,3.38,821.2,15.1,1864.0,32.161686,77.1584
HP-MNL,2021-09-28,19.4,22.4,17.0,80,100,2.1,2.1,6.8,146,18.57,3.47,821.4,15.7,1864.0,32.161686,77.1584
HP-MNL,2021-09-29,19.7,22.1,18.2,84,100,0.4,0.4,5.5,160,16.99,3.21,822.4,16.8,1864.0,32.161686,77.1584
HP-MNL,2021-09-30,19.7,21.7,18.5,86,96,0.3,0.3,6.1,167,16.08,3.0,822.5,17.3,1864.0,32.161686,77.1584
HP-MNL,2021-10-01,19.6,21.6,18.4,91,99,3.2,3.2,6.0,176,16.88,3.11,821.8,18.1,1864.0,32.161686,77.1584
HP-MNL,2021-10-02,19.0,21.7,17.9,85,96,5.3,5.3,7.6,175,14.67,2.76,820.3,16.3,1864.0,32.161686,77.1584
HP-MNL,2021-10-03,19.0,22.2,17.1,82,94,5.7,5.7,7.2,170,18.56,3.41,818.6,15.7,1864.0,32.161686,77.1584
HP-MNL,2021-10-04,18.7,21.7,17.2,72,88,18.6,18.6,7.6,181,13.43,2.65,818.7,13.3,1864.0,32.161686,77.1584
HP-MNL,2021-10-05,18.7,22.4,14.5,58,73,5.7,5.7,8.1,277,18.96,3.68,820.9,9.9,1864.0,32.161686,77.1584
HP-MNL,2021-10-06,19.2,22.5,16.8,61,87,0.0,0.0,7.0,164,21.43,3.99,820.7,10.9,1864.0,32.161686,77.1584
HP-MNL,2021-10-07,19.6,23.1,17.9,71,92,0.0,0.0,7.8,162,20.53,3.79,819.0,13.7,1864.0,32.161686,77.1584
HP-MNL,2021-10-08,19.2,22.7,16.9,72,98,1.5,1.5,7.1,169,20.01,3.71,818.2,13.5,1864.0,32.161686,77.1584
HP-MNL,2021-10-09,18.4,21.4,16.2,57,83,0.7,0.7,7.3,243,19.45,3.73,818.7,9.3,1864.0,32.161686,77.1584
HP-MNL,2021-10-10,18.3,20.7,16.2,55,71,1.0,1.0,8.3,215,18.77,3.5,819.4,8.9,1864.0,32.161686,77.1584
HP-MNL,2021-10-11,17.9,20.2,16.4,39,50,0.8,0.8,8.2,242,18.71,3.62,819.4,3.5,1864.0,32.161686,77.1584
HP-MNL,2021-10-12,16.9,20.3,13.9,37,64,0.0,0.0,7.2,308,18.63,3.77,819.4,1.7,1864.0,32.161686,77.1584
HP-MNL,2021-10-13,16.3,20.2,10.7,47,81,6.0,5.7,13.4,322,19.2,3.8,819.2,4.5,1864.0,32.161686,77.1584
HP-MNL,2021-10-14,18.1,22.8,13.2,35,62,0.0,0.0,9.5,309,20.93,4.31,819.7,2.1,1864.0,32.161686,77.1584
HP-MNL,2021-10-15,19.6,23.9,16.9,31,38,0.0,0.0,7.2,286,20.85,4.1,819.1,1.9,1864.0,32.161686,77.1584
HP-MNL,2021-10-16,19.2,22.9,15.3,33,53,0.0,0.0,9.8,313,20.11,4.32,819.7,2.1,1864.0,32.161686,77.1584
HP-MNL,2021-10-17,15.5,19.1,12.7,59,91,34.4,34.4,9.2,330,4.76,1.54,820.1,6.1,1864.0,32.161686,77.1584
HP-MNL,2021-10-18,14.7,16.8,12.7,78,96,36.8,36.8,6.2,318,2.43,0.71,816.8,10.6,1864.0,32.161686,77.1584
HP-MNL,2021-10-19,17.5,22.4,13.6,37,54,0.0,0.0,6.2,343,20.08,3.81,817.4,2.3,1864.0,32.161686,77.1584
HP-MNL,2021-10-20,18.1,22.7,15.1,33,66,0.0,0.0,6.9,357,19.82,4.02,820.4,0.2,1864.0,32.161686,77.1584
HP-MNL,2021-10-21,18.2,23.0,14.5,36,70,0.0,0.0,8.0,4,19.27,3.91,820.2,1.8,1864.0,32.161686,77.1584
HP-MNL,2021-10-22,16.9,21.2,11.6,42,66,2.6,2.6,10.2,273,17.77,3.55,820.0,3.6,1864.0,32.161686,77.1584
HP-MNL,2021-10-23,13.3,15.0,10.1,56,82,4.6,3.4,11.7,291,5.0,1.67,820.5,4.2,1864.0,32.161686,77.1584
HP-MNL,2021-10-24,10.1,12.3,8.7,77,92,17.4,8.9,10.5,323,4.85,1.14,820.6,6.0,1864.0,32.161686,77.1584
HP-MNL,2021-10-25,10.9,13.7,9.3,60,85,15.8,7.1,7.7,337,19.43,2.86,820.1,3.1,1864.0,32.161686,77.1584
HP-MNL,2021-10-26,10.8,14.5,7.6,34,66,2.5,0.8,5.1,327,19.83,3.12,817.9,-5.6,1864.0,32.161686,77.1584
HP-MNL,2021-10-27,9.6,13.6,7.2,51,78,12.0,0.8,5.6,353,18.8,2.77,820.0,-0.9,1864.0,32.161686,77.1584
HP-MNL,2021-10-28,10.7,15.4,6.3,16,24,0.0,0.0,5.1,352,20.57,3.34,819.8,-14.7,1864.0,32.161686,77.1584
HP-MNL,2021-10-29,11.7,16.4,9.1,32,73,11.2,3.8,5.4,307,19.94,3.23,822.0,-7.0,1864.0,32.161686,77.1584
HP-MNL,2021-10-30,11.9,16.7,8.0,36,83,12.0,8.7,5.9,307,19.64,3.23,821.0,-5.6,1864.0,32.161686,77.1584
HP-MNL,2021-10-31,13.1,16.7,9.7,42,66,4.7,3.8,5.2,281,19.74,3.17,819.0,-0.6,1864.0,32.161686,77.1584
HP-MNL,2021-11-01,10.2,12.2,8.0,46,71,15.9,0.8,7.2,316,17.7,2.51,819.0,-1.3,1864.0,32.161686,77.1584
HP-MNL,2021-11-02,9.0,11.9,7.4,48,74,5.7,0.1,7.4,325,13.43,2.03,820.2,-2.2,1864.0,32.161686,77.1584
HP-MNL,2021-11-03,8.6,11.7,6.7,52,80,10.0,0.1,6.3,327,16.68,2.36,819.6,-1.1,1864.0,32.161686,77.1584
HP-MNL,2021-11-04,10.3,14.1,7.2,27,51,0.0,0.0,5.5,305,18.86,2.87,818.1,-8.5,1864.0,32.161686,77.1584
HP-MNL,2021-11-05,11.1,15.6,7.0,36,85,16.2,1.8,6.6,290,18.3,2.87,818.4,-5.4,1864.0,32.161686,77.1584
HP-MNL,2021-11-06,11.5,15.7,8.1,33,53,2.8,0.0,6.8,305,18.27,2.94,817.2,-5.0,1864.0,32.161686,77.1584
HP-MNL,2021-11-07,12.4,16.3,8.7,27,57,0.0,0.0,6.6,310,18.5,3.04,817.3,-7.3,1864.0,32.161686,77.1584
HP-MNL,2021-11-08,13.5,17.7,9.0,29,71,0.1,0.1,5.5,289,18.39,3.0,819.2,-6.8,1864.0,32.161686,77.1584
HP-MNL,2021-11-09,14.4,17.7,11.8,29,71,0.0,0.0,6.5,271,18.22,2.96,819.8,-7.0,1864.0,32.161686,77.1584
HP-MNL,2021-11-10,14.1,18.2,10.4,22,52,0.0,0.0,7.1,285,17.85,2.97,819.4,-9.4,1864.0,32.161686,77.1584
HP-MNL,2021-11-11,14.1,17.4,11.5,24,59,0.0,0.0,6.7,277,18.0,2.96,819.0,-9.1,1864.0,32.161686,77.1584
HP-MNL,2021-11-12,14.8,18.0,12.7,21,53,0.0,0.0,6.8,269,17.9,2.95,819.3,-9.5,1864.0,32.161686,77.1584
HP-MNL,2021-11-13,14.7,17.5,12.5,17,41,0.0,0.0,6.5,288,17.74,2.87,819.0,-12.8,1864.0,32.161686,77.1584
HP-MNL,2021-11-14,13.5,16.3,7.7,30,74,8.6,1.6,7.9,248,17.47,2.82,817.3,-7.4,1864.0,32.161686,77.1584
HP-MNL,2021-11-15,9.8,14.2,6.2,40,82,7.3,2.1,7.8,285,17.04,2.58,814.8,-3.9,1864.0,32.161686,77.1584
HP-MNL,2021-11-16,12.4,16.3,8.8,19,47,0.0,0.0,7.1,290,17.4,2.78,816.6,-13.5,1864.0,32.161686,77.1584
HP-MNL,2021-11-17,14.5,17.4,11.0,15,38,0.0,0.0,7.3,281,17.14,2.87,819.6,-13.9,1864.0,32.161686,77.1584
HP-MNL,2021-11-18,14.0,17.9,11.2,13,22,0.0,0.0,7.4,287,16.92,2.87,818.5,-13.9,1864.0,32.161686,77.1584
HP-MNL,2021-11-19,12.5,17.0,9.5,18,31,0.0,0.0,7.9,306,16.63,2.75,816.4,-11.8,1864.0,32.161686,77.1584
HP-MNL,2021-11-20,12.8,15.9,9.9,25,57,1.1,0.4,8.1,291,16.61,2.67,817.0,-8.0,1864.0,32.161686,77.1584
HP-MNL,2021-11-21,11.3,16.3,6.8,39,72,6.9,1.0,7.2,297,16.41,2.67,817.9,-3.7,1864.0,32.161686,77.1584
HP-MNL,2021-11-22,12.9,17.3,9.2,27,61,3.5,2.6,5.8,304,16.61,2.69,817.0,-8.5,1864.0,32.161686,77.1584
HP-MNL,2021-11-23,14.2,17.4,11.6,25,55,0.3,0.2,5.5,245,16.54,2.64,816.1,-8.3,1864.0,32.161686,77.1584
HP-MNL,2021-11-24,13.1,16.6,9.1,37,73,14.5,3.5,6.6,247,15.73,2.53,817.8,-2.2,1864.0,32.161686,77.1584
HP-MNL,2021-11-25,10.5,13.5,7.3,48,69,18.7,3.4,5.7,294,15.04,2.24,817.9,-0.2,1864.0,32.161686,77.1584
HP-MNL,2021-11-26,10.6,13.7,7.6,34,71,0.0,0.0,6.1,280,16.35,2.47,817.0,-6.6,1864.0,32.161686,77.1584
HP-MNL,2021-11-27,11.2,14.3,7.6,51,80,18.4,3.1,6.2,238,15.56,2.36,818.1,1.2,1864.0,32.161686,77.1584
HP-MNL,2021-11-28,10.1,12.7,8.5,39,57,6.0,0.4,7.7,285,15.53,2.3,819.5,-3.6,1864.0,32.161686,77.1584
HP-MNL,2021-11-29,11.7,15.0,8.3,30,50,0.0,0.0,6.9,298,15.93,2.43,820.3,-6.2,1864.0,32.161686,77.1584
HP-MNL,2021-11-30,12.8,16.5,9.7,16,35,0.0,0.0,6.6,310,16.01,2.59,819.4,-13.9,1864.0,32.161686,77.1584
HP-MNL,2021-12-01,12.7,15.6,10.8,21,46,0.0,0.0,7.2,314,12.86,2.22,819.9,-10.7,1864.0,32.161686,77.1584
HP-MNL,2021-12-02,10.8,12.1,8.9,49,73,3.2,2.6,5.9,314,6.15,1.25,820.3,-0.1,1864.0,32.161686,77.1584
HP-MNL,2021-12-03,9.4,11.5,6.4,73,86,22.5,8.7,4.5,307,6.87,1.07,819.9,4.7,1864.0,32.161686,77.1584
HP-MNL,2021-12-04,10.4,14.7,6.1,41,71,0.0,0.0,4.4,338,15.28,2.31,818.6,-2.9,1864.0,32.161686,77.1584
HP-MNL,2021-12-05,8.6,10.4,7.0,73,96,27.6,3.8,3.6,298,8.01,1.17,818.6,3.9,1864.0,32.161686,77.1584
HP-MNL,2021-12-06,6.0,6.8,4.5,72,85,24.0,0.0,4.4,281,12.68,1.58,816.6,1.1,1864.0,32.161686,77.1584
HP-MNL,2021-12-07,7.0,11.3,3.4,23,42,0.0,0.0,4.4,359,15.58,2.13,816.5,-13.1,1864.0,32.161686,77.1584
HP-MNL,2021-12-08,9.3,11.7,6.4,23,33,0.0,0.0,3.6,339,14.23,2.04,817.9,-11.2,1864.0,32.161686,77.1584
HP-MNL,2021-12-09,6.9,10.8,4.3,34,52,0.0,0.0,4.0,348,15.22,2.14,819.1,-8.1,1864.0,32.161686,77.1584
HP-MNL,2021-12-10,4.1,8.2,1.3,15,34,0.0,0.0,5.4,1,15.6,2.16,817.4,-20.6,1864.0,32.161686,77.1584
HP-MNL,2021-12-11,6.2,10.6,2.8,8,12,0.0,0.0,5.1,352,15.66,2.25,816.4,-25.8,1864.0,32.161686,77.1584
HP-MNL,2021-12-12,8.7,12.2,6.2,11,19,0.0,0.0,4.0,339,12.81,1.89,818.1,-21.2,1864.0,32.161686,77.1584
HP-MNL,2021-12-13,7.0,10.3,5.0,21,32,0.3,0.0,4.3,319,14.76,2.03,816.3,-14.4,1864.0,32.161686,77.1584
HP-MNL,2021-12-14,3.3,5.6,-0.7,57,87,29.9,0.0,6.3,299,13.69,1.62,814.7,-7.4,1864.0,32.161686,77.1584
HP-MNL,2021-12-15,2.7,6.6,-0.0,40,81,17.1,0.0,4.7,309,14.86,1.84,814.3,-10.4,1864.0,32.161686,77.1584
HP-MNL,2021-12-16,3.4,4.7,1.8,57,81,10.9,0.0,5.2,249,13.37,1.56,814.6,-4.9,1864.0,32.161686,77.1584
HP-MNL,2021-12-17,2.3,3.3,1.3,79,95,25.9,0.0,3.2,216,7.76,0.96,815.4,-1.0,1864.0,32.161686,77.1584
HP-MNL,2021-12-18,2.8,6.0,1.1,28,51,0.0,0.0,5.1,15,14.8,1.89,814.7,-15.1,1864.0,32.161686,77.1584
HP-MNL,2021-12-19,4.1,8.0,1.4,11,15,0.0,0.0,5.9,6,15.32,2.17,815.2,-24.5,1864.0,32.161686,77.1584
HP-MNL,2021-12-20,6.1,9.4,3.2,11,16,0.0,0.0,5.4,4,14.64,2.05,814.9,-22.2,1864.0,32.161686,77.1584
HP-MNL,2021-12-21,6.2,10.0,2.6,24,31,0.0,0.0,4.2,32,14.51,1.99,814.8,-13.2,1864.0,32.161686,77.1584
HP-MNL,2021-12-22,6.0,9.8,2.6,18,26,0.0,0.0,4.5,15,14.45,1.95,813.2,-16.5,1864.0,32.161686,77.1584
HP-MNL,2021-12-23,7.8,10.8,5.7,41,77,3.8,0.0,4.2,321,12.99,1.78,814.3,-5.9,1864.0,32.161686,77.1584
HP-MNL,2021-12-24,5.8,8.4,3.6,53,79,10.1,0.1,4.7,328,14.39,1.85,813.9,-3.7,1864.0,32.161686,77.1584
HP-MNL,2021-12-25,5.3,9.4,2.9,59,96,14.3,0.0,5.2,281,14.08,1.87,813.7,-2.9,1864.0,32.161686,77.1584
HP-MNL,2021-12-26,5.1,6.2,4.2,72,92,17.7,0.1,5.2,231,8.82,1.18,815.4,0.2,1864.0,32.161686,77.1584
HP-MNL,2021-12-27,4.2,6.0,3.0,77,97,15.8,0.0,4.5,228,13.2,1.59,816.3,0.3,1864.0,32.161686,77.1584
HP-MNL,2021-12-28,2.5,5.7,0.4,34,72,1.1,0.0,3.7,354,15.15,1.83,814.3,-12.6,1864.0,32.161686,77.1584
HP-MNL,2021-12-29,0.7,4.1,-1.8,28,41,0.0,0.0,4.9,9,15.29,1.83,813.1,-16.5,1864.0,32.161686,77.1584
HP-MNL,2021-12-30,1.5,5.6,-1.1,12,16,0.0,0.0,4.4,5,14.44,1.82,816.2,-25.1,1864.0,32.161686,77.1584
HP-MNL,2021-12-31,4.3,8.9,1.3,16,24,0.0,0.0,4.4,5,14.62,2.06,817.9,-19.7,1864.0,32.161686,77.1584
HP-MNL,2022-01-01,5.6,8.6,2.8,19,22,0.0,0.0,4.9,358,14.9,2.05,818.2,-16.1,1864.0,32.161686,77.1584
HP-MNL,2022-01-02,7.2,9.0,4.9,50,83,10.1,0.1,3.2,307,11.3,1.59,818.6,-3.2,1864.0,32.161686,77.1584
HP-MNL,2022-01-03,7.8,10.9,4.4,47,86,7.8,0.1,3.3,39,13.73,1.93,817.9,-4.0,1864.0,32.161686,77.1584
HP-MNL,2022-01-04,7.3,8.5,6.4,84,98,42.4,2.5,4.6,214,4.95,0.76,817.3,4.7,1864.0,32.161686,77.1584
HP-MNL,2022-01-05,6.7,8.2,5.7,90,100,48.1,1.1,4.7,211,4.94,0.75,814.8,5.1,1864.0,32.161686,77.1584
HP-MNL,2022-01-06,6.6,8.2,5.5,75,100,13.8,0.0,5.9,219,13.51,1.72,814.8,2.0,1864.0,32.161686,77.1584
HP-MNL,2022-01-07,6.9,8.3,5.3,52,83,10.1,0.0,5.8,303,9.21,1.35,815.4,-2.7,1864.0,32.161686,77.1584
HP-MNL,2022-01-08,5.9,8.3,4.1,64,87,16.7,0.0,5.9,309,7.83,1.05,814.7,-0.7,1864.0,32.161686,77.1584
HP-MNL,2022-01-09,4.6,5.9,3.5,80,96,27.4,0.0,5.6,285,6.48,0.88,812.8,1.2,1864.0,32.161686,77.1584
HP-MNL,2022-01-10,3.6,4.8,2.7,55,99,21.9,0.0,6.1,281,12.08,1.57,813.4,-6.9,1864.0,32.161686,77.1584
HP-MNL,2022-01-11,3.3,6.1,1.3,20,25,0.0,0.0,4.8,355,15.99,2.11,813.3,-17.5,1864.0,32.161686,77.1584
HP-MNL,2022-01-12,2.0,5.2,0.4,21,28,0.0,0.0,4.8,7,15.77,2.05,812.2,-17.9,1864.0,32.161686,77.1584
HP-MNL,2022-01-13,4.0,7.2,1.9,23,37,0.0,0.0,3.7,345,15.96,2.08,812.9,-15.8,1864.0,32.161686,77.1584
HP-MNL,2022-01-14,3.1,6.7,0.7,20,23,0.0,0.0,5.2,354,15.97,2.12,813.3,-17.6,1864.0,32.161686,77.1584
HP-MNL,2022-01-15,2.7,7.1,-0.6,14,18,0.0,0.0,5.6,3,16.34,2.3,814.4,-22.2,1864.0,32.161686,77.1584
HP-MNL,2022-01-16,7.8,11.9,4.7,21,28,0.0,0.0,4.3,346,14.84,2.29,816.9,-13.5,1864.0,32.161686,77.1584
HP-MNL,2022-01-17,8.1,10.7,4.7,49,76,14.8,0.0,4.5,341,9.24,1.53,818.3,-3.1,1864.0,32.161686,77.1584
HP-MNL,2022-01-18,6.5,9.6,2.5,58,80,18.5,0.2,4.1,298,12.58,1.78,815.6,-1.3,1864.0,32.161686,77.1584
HP-MNL,2022-01-19,7.9,10.1,5.5,43,66,6.1,0.1,5.7,248,8.27,1.47,813.5,-5.0,1864.0,32.161686,77.1584
HP-MNL,2022-01-20,5.3,6.4,4.4,91,99,85.6,0.1,5.5,242,7.83,1.03,808.5,3.9,1864.0,32.161686,77.1584
HP-MNL,2022-01-21,4.1,5.2,2.5,80,92,71.1,0.0,7.2,253,12.03,1.48,808.3,1.0,1864.0,32.161686,77.1584
HP-MNL,2022-01-22,4.4,5.6,3.2,72,87,21.5,0.0,6.1,253,9.97,1.31,805.5,-0.2,1864.0,32.161686,77.1584
HP-MNL,2022-01-23,4.6,5.0,4.1,90,98,47.5,0.0,4.7,231,5.9,0.84,806.6,3.0,1864.0,32.161686,77.1584
HP-MNL,2022-01-24,4.0,5.1,1.6,89,94,38.9,0.0,5.1,216,10.17,1.23,808.7,2.4,1864.0,32.161686,77.1584
HP-MNL,2022-01-25,3.3,5.2,0.8,77,88,46.4,0.0,4.1,246,13.83,1.69,809.7,-0.5,1864.0,32.161686,77.1584
HP-MNL,2022-01-26,2.4,3.5,1.5,86,96,40.3,0.0,5.8,222,13.14,1.46,810.3,0.3,1864.0,32.161686,77.1584
HP-MNL,2022-01-27,3.7,5.2,2.9,81,93,54.3,0.1,5.1,217,15.11,1.78,811.0,0.7,1864.0,32.161686,77.1584
HP-MNL,2022-01-28,7.4,11.8,4.0,30,79,2.2,0.0,3.7,308,18.06,2.54,812.0,-11.5,1864.0,32.161686,77.1584
HP-MNL,2022-01-29,6.0,11.1,3.2,31,52,0.2,0.0,7.1,294,17.21,2.5,813.4,-10.0,1864.0,32.161686,77.1584
HP-MNL,2022-01-30,7.7,12.8,2.7,21,41,0.0,0.0,4.9,299,15.76,2.5,811.3,-13.8,1864.0,32.161686,77.1584
HP-MNL,2022-01-31,7.4,9.4,4.1,39,72,4.5,0.0,7.0,236,16.41,2.31,810.8,-6.6,1864.0,32.161686,77.1584
HP-MNL,2022-02-01,6.8,9.6,3.8,36,51,0.3,0.0,6.7,236,17.05,2.47,809.4,-7.5,1864.0,32.161686,77.1584
HP-MNL,2022-02-02,8.8,11.3,4.7,37,87,7.5,0.0,6.0,195,13.97,2.15,810.1,-7.8,1864.0,32.161686,77.1584
HP-MNL,2022-02-03,3.7,4.7,2.5,94,98,38.7,0.0,3.3,169,6.97,0.95,805.8,2.8,1864.0,32.161686,77.1584
HP-MNL,2022-02-04,2.5,3.4,1.4,83,96,20.9,0.0,4.5,194,10.55,1.21,806.1,-0.1,1864.0,32.161686,77.1584
HP-MNL,2022-02-05,5.6,9.4,2.4,58,85,8.0,0.0,4.7,183,19.3,2.6,808.8,-2.4,1864.0,32.161686,77.1584
HP-MNL,2022-02-06,9.2,11.4,6.5,40,75,7.8,0.0,6.5,237,11.96,1.98,814.2,-4.4,1864.0,32.161686,77.1584
HP-MNL,2022-02-07,5.0,7.1,1.4,66,82,50.7,0.0,5.9,265,14.18,1.91,813.8,-0.9,1864.0,32.161686,77.1584
HP-MNL,2022-02-08,5.5,7.7,3.4,35,77,7.6,0.0,6.1,252,18.76,2.52,812.5,-10.5,1864.0,32.161686,77.1584
HP-MNL,2022-02-09,3.8,5.3,2.6,81,89,21.1,0.0,5.8,189,12.99,1.51,812.8,0.9,1864.0,32.161686,77.1584
HP-MNL,2022-02-10,4.7,7.0,3.2,65,92,15.2,0.0,6.1,181,19.38,2.47,813.7,-2.3,1864.0,32.161686,77.1584
HP-MNL,2022-02-11,4.9,9.0,0.3,28,88,8.0,0.0,5.6,20,20.73,2.83,812.9,-17.5,1864.0,32.161686,77.1584
HP-MNL,2022-02-12,8.1,12.4,5.2,14,32,0.0,0.0,4.6,310,20.41,3.01,812.8,-19.2,1864.0,32.161686,77.1584
HP-MNL,2022-02-13,6.8,10.4,3.4,26,71,2.5,0.0,4.2,320,20.31,2.87,812.1,-14.1,1864.0,32.161686,77.1584
HP-MNL,2022-02-14,6.5,9.6,4.6,47,79,12.6,0.2,5.8,306,19.07,2.61,813.0,-4.8,1864.0,32.161686,77.1584
HP-MNL,2022-02-15,5.5,8.7,3.2,55,82,17.2,0.3,5.7,292,19.23,2.57,812.9,-3.4,1864.0,32.161686,77.1584
HP-MNL,2022-02-16,4.7,8.2,2.3,61,82,29.3,0.0,4.3,290,17.5,2.33,810.6,-2.7,1864.0,32.161686,77.1584
HP-MNL,2022-02-17,4.6,8.4,1.9,47,75,16.8,0.0,6.0,278,20.54,2.72,810.5,-6.7,1864.0,32.161686,77.1584
HP-MNL,2022-02-18,4.9,9.1,1.7,34,77,5.2,0.0,4.2,320,20.82,2.85,811.9,-12.0,1864.0,32.161686,77.1584
HP-MNL,2022-02-19,5.3,9.3,2.3,57,95,22.1,0.1,4.9,61,21.22,2.92,813.1,-4.0,1864.0,32.161686,77.1584
HP-MNL,2022-02-20,4.8,6.9,2.5,72,93,32.2,0.0,5.2,141,21.4,2.73,807.4,-0.2,1864.0,32.161686,77.1584
HP-MNL,2022-02-21,6.8,11.9,2.0,13,22,0.0,0.0,4.7,18,22.51,3.3,807.9,-19.8,1864.0,32.161686,77.1584
HP-MNL,2022-02-22,9.4,11.2,6.5,49,84,21.6,1.7,3.6,177,13.47,2.09,813.8,-3.0,1864.0,32.161686,77.1584
HP-MNL,2022-02-23,7.1,9.5,6.0,78,95,14.4,0.1,4.9,170,15.92,2.23,816.3,3.4,1864.0,32.161686,77.1584
HP-MNL,2022-02-24,6.0,8.3,4.0,71,86,12.9,0.0,6.6,306,15.75,2.02,816.6,1.0,1864.0,32.161686,77.1584
HP-MNL,2022-02-25,5.2,7.0,4.0,69,87,5.0,0.0,5.3,174,19.87,2.58,816.7,-0.3,1864.0,32.161686,77.1584
HP-MNL,2022-02-26,4.7,5.6,4.1,84,100,33.0,0.0,5.8,160,9.68,1.34,815.9,2.1,1864.0,32.161686,77.1584
HP-MNL,2022-02-27,5.6,8.2,3.9,61,90,9.8,0.0,5.8,177,22.24,2.98,816.7,-2.4,1864.0,32.161686,77.1584
HP-MNL,2022-02-28,7.7,11.7,4.2,12,16,0.0,0.0,5.2,4,22.42,3.41,816.2,-20.0,1864.0,32.161686,77.1584
HP-MNL,2022-03-01,7.3,9.8,5.4,41,74,7.8,0.0,7.2,310,17.97,2.48,817.5,-6.4,1864.0,32.161686,77.1584
HP-MNL,2022-03-02,7.8,11.3,4.2,24,51,0.5,0.0,5.0,323,23.41,3.41,817.6,-12.3,1864.0,32.161686,77.1584
HP-MNL,2022-03-03,6.8,8.8,5.3,51,88,12.7,0.0,6.5,306,13.89,2.0,817.1,-3.8,1864.0,32.161686,77.1584
HP-MNL,2022-03-04,6.4,9.5,3.1,57,87,4.5,0.0,5.8,312,23.14,3.18,817.1,-2.1,1864.0,32.161686,77.1584
HP-MNL,2022-03-05,9.5,13.6,4.4,16,21,0.0,0.0,5.2,359,23.76,3.81,816.5,-15.0,1864.0,32.161686,77.1584
HP-MNL,2022-03-06,11.7,13.4,10.5,26,35,0.0,0.0,6.8,333,15.63,2.69,817.5,-7.7,1864.0,32.161686,77.1584
HP-MNL,2022-03-07,8.9,10.7,7.1,57,75,3.6,0.6,7.1,330,18.76,2.73,820.0,0.6,1864.0,32.161686,77.1584
HP-MNL,2022-03-08,9.5,13.0,7.0,23,39,0.0,0.0,5.6,350,24.74,3.88,819.4,-11.3,1864.0,32.161686,77.1584
HP-MNL,2022-03-09,9.7,13.5,7.1,18,22,0.0,0.0,5.2,345,24.88,4.01,818.2,-13.7,1864.0,32.161686,77.1584
HP-MNL,2022-03-10,9.3,13.1,6.9,22,27,0.0,0.0,5.5,353,25.14,3.99,817.5,-11.7,1864.0,32.161686,77.1584
HP-MNL,2022-03-11,9.4,13.5,6.8,17,23,0.0,0.0,5.6,355,25.6,4.11,817.5,-15.0,1864.0,32.161686,77.1584
HP-MNL,2022-03-12,11.6,15.9,7.8,15,25,0.0,0.0,5.9,354,25.45,4.32,817.4,-14.9,1864.0,32.161686,77.1584
HP-MNL,2022-03-13,13.1,17.0,9.5,20,24,0.0,0.0,5.8,4,25.65,4.49,818.2,-9.7,1864.0,32.161686,77.1584
HP-MNL,2022-03-14,14.8,18.6,11.5,13,22,0.0,0.0,5.9,1,26.2,4.66,819.1,-13.9,1864.0,32.161686,77.1584
HP-MNL,2022-03-15,15.1,18.8,12.4,22,31,0.0,0.0,4.7,8,25.37,4.47,818.3,-7.1,1864.0,32.161686,77.1584
HP-MNL,2022-03-16,15.3,20.3,10.2,17,27,0.0,0.0,6.2,6,26.22,4.78,816.7,-9.7,1864.0,32.161686,77.1584
HP-MNL,2022-03-17,17.1,20.5,14.4,14,22,0.0,0.0,5.9,357,26.33,4.88,818.4,-10.6,1864.0,32.161686,77.1584
HP-MNL,2022-03-18,16.4,19.2,14.2,16,27,0.0,0.0,4.7,314,25.88,4.52,819.3,-10.1,1864.0,32.161686,77.1584
HP-MNL,2022-03-19,15.5,18.5,12.0,30,42,0.0,0.0,7.4,313,24.9,4.37,817.9,-2.1,1864.0,32.161686,77.1584
HP-MNL,2022-03-20,13.9,17.4,11.2,29,62,0.8,0.6,7.6,319,24.87,4.31,816.4,-4.8,1864.0,32.161686,77.1584
HP-MNL,2022-03-21,14.0,17.9,10.4,29,49,0.0,0.0,4.5,2,26.58,4.59,817.9,-4.0,1864.0,32.161686,77.1584
HP-MNL,2022-03-22,15.6,19.4,11.5,22,43,0.0,0.0,4.6,352,26.9,4.81,817.4,-7.5,1864.0,32.161686,77.1584
HP-MNL,2022-03-23,14.3,16.7,10.7,34,65,1.3,0.5,7.9,284,25.71,4.26,817.2,-3.6,1864.0,32.161686,77.1584
HP-MNL,2022-03-24,11.5,15.8,9.5,61,74,31.8,11.5,6.9,291,23.09,3.58,816.0,4.0,1864.0,32.161686,77.1584
HP-MNL,2022-03-25,11.7,15.2,9.5,55,84,20.8,12.8,6.2,353,25.65,4.09,815.8,2.6,1864.0,32.161686,77.1584
HP-MNL,2022-03-26,14.9,19.3,10.8,24,39,0.0,0.0,5.4,39,28.08,4.96,817.8,-5.8,1864.0,32.161686,77.1584
HP-MNL,2022-03-27,16.7,19.7,13.9,26,44,0.0,0.0,5.1,180,27.74,4.89,819.1,-4.4,1864.0,32.161686,77.1584
HP-MNL,2022-03-28,16.6,19.9,12.9,31,42,0.0,0.0,5.1,92,27.09,4.75,819.8,-1.0,1864.0,32.161686,77.1584
HP-MNL,2022-03-29,16.6,20.3,11.8,26,39,0.0,0.0,4.3,347,27.46,4.97,818.2,-4.0,1864.0,32.161686,77.1584
HP-MNL,2022-03-30,17.4,20.3,13.4,27,37,0.0,0.0,6.3,185,27.55,4.88,818.6,-2.1,1864.0,32.161686,77.1584
HP-MNL,2022-03-31,15.7,20.0,12.1,25,34,0.0,0.0,5.5,52,27.96,4.89,819.0,-4.4,1864.0,32.161686,77.1584
HP-MNL,2022-04-01,16.5,21.4,12.3,17,23,0.0,0.0,4.8,3,28.41,5.11,817.9,-8.7,1864.0,32.161686,77.1584
HP-MNL,2022-04-02,15.8,19.4,11.5,37,84,7.5,7.5,5.7,297,27.28,4.75,819.5,-1.0,1864.0,32.161686,77.1584
HP-MNL,2022-04-03,15.7,19.7,11.9,29,57,0.0,0.0,4.3,352,26.62,4.67,820.3,-3.1,1864.0,32.161686,77.1584
HP-MNL,2022-04-04,15.8,20.2,11.5,27,41,0.0,0.0,4.9,305,28.36,5.08,819.1,-3.4,1864.0,32.161686,77.1584
HP-MNL,2022-04-05,16.9,20.8,13.2,19,32,0.0,0.0,4.3,345,28.17,5.03,821.6,-7.5,1864.0,32.161686,77.1584
HP-MNL,2022-04-06,16.6,20.7,13.3,23,36,0.0,0.0,4.7,355,28.21,5.07,821.6,-5.0,1864.0,32.161686,77.1584
HP-MNL,2022-04-07,16.1,20.4,12.8,22,34,0.0,0.0,4.5,4,27.73,5.02,821.4,-5.9,1864.0,32.161686,77.1584
HP-MNL,2022-04-08,15.6,20.8,11.7,23,37,0.0,0.0,5.2,2,28.41,5.25,820.0,-5.7,1864.0,32.161686,77.1584
HP-MNL,2022-04-09,15.8,21.2,12.1,33,55,2.7,2.7,5.2,12,26.51,4.94,819.4,-1.4,1864.0,32.161686,77.1584
HP-MNL,2022-04-10,15.5,21.7,10.5,34,52,0.0,0.0,10.9,4,29.06,5.49,818.5,-0.7,1864.0,32.161686,77.1584
HP-MNL,2022-04-11,17.7,23.2,11.6,21,32,0.0,0.0,11.5,9,29.07,5.83,818.6,-5.2,1864.0,32.161686,77.1584
HP-MNL,2022-04-12,17.7,21.4,15.1,32,51,0.0,0.0,8.4,314,22.65,4.65,818.6,0.4,1864.0,32.161686,77.1584
HP-MNL,2022-04-13,14.5,18.7,12.0,58,80,11.0,9.3,10.1,334,21.76,4.09,818.2,6.0,1864.0,32.161686,77.1584
HP-MNL,2022-04-14,12.7,16.5,10.0,70,83,29.1,22.8,9.0,357,21.39,3.66,816.6,7.2,1864.0,32.161686,77.1584
HP-MNL,2022-04-15,13.8,18.1,10.2,51,66,0.3,0.3,9.0,357,25.46,4.63,815.5,3.5,1864.0,32.161686,77.1584
HP-MNL,2022-04-16,14.4,18.8,10.5,48,63,0.0,0.0,7.5,2,24.93,4.57,815.4,3.4,1864.0,32.161686,77.1584
HP-MNL,2022-04-17,16.2,21.8,8.2,39,54,0.0,0.0,11.9,11,27.84,5.45,817.2,1.7,1864.0,32.161686,77.1584
HP-MNL,2022-04-18,18.3,23.7,11.9,31,55,0.0,0.0,9.5,4,27.13,5.59,820.1,0.4,1864.0,32.161686,77.1584
HP-MNL,2022-04-19,17.0,22.6,12.1,48,73,3.9,3.9,10.0,4,24.79,5.02,822.0,5.4,1864.0,32.161686,77.1584
HP-MNL,2022-04-20,16.6,22.1,11.1,49,74,1.3,1.3,11.3,337,25.24,5.12,820.4,5.6,1864.0,32.161686,77.1584
HP-MNL,2022-04-21,15.3,20.0,11.5,54,88,7.1,6.9,11.3,327,16.41,3.51,819.9,5.3,1864.0,32.161686,77.1584
HP-MNL,2022-04-22,13.7,17.7,10.4,69,90,19.2,15.5,8.5,345,23.68,4.13,819.6,7.8,1864.0,32.161686,77.1584
HP-MNL,2022-04-23,14.9,19.2,11.1,49,81,5.8,5.8,9.2,331,27.51,5.12,820.1,3.4,1864.0,32.161686,77.1584
HP-MNL,2022-04-24,16.6,21.8,11.1,43,69,0.6,0.6,10.9,5,28.66,5.58,818.6,3.4,1864.0,32.161686,77.1584
HP-MNL,2022-04-25,16.2,21.0,13.2,48,85,3.1,3.1,8.7,2,23.84,4.6,818.3,4.1,1864.0,32.161686,77.1584
HP-MNL,2022-04-26,17.1,21.4,12.1,41,65,0.1,0.1,8.8,348,28.35,5.5,819.4,3.5,1864.0,32.161686,77.1584
HP-MNL,2022-04-27,18.9,23.9,13.9,35,49,0.0,0.0,8.5,6,28.69,5.95,819.5,2.7,1864.0,32.161686,77.1584
HP-MNL,2022-04-28,18.8,23.5,13.8,38,50,0.0,0.0,8.1,8,26.05,5.39,820.4,4.0,1864.0,32.161686,77.1584
HP-MNL,2022-04-29,17.9,24.0,11.9,48,68,1.7,1.7,9.7,8,24.75,5.1,820.2,6.5,1864.0,32.161686,77.1584
HP-MNL,2022-04-30,18.0,23.4,12.7,48,65,3.0,3.0,9.4,352,24.11,5.01,818.1,6.5,1864.0,32.161686,77.1584
HP-MNL,2022-05-01,18.4,23.3,13.3,50,71,0.1,0.1,10.2,12,25.82,5.25,817.4,7.5,1864.0,32.161686,77.1584
HP-MNL,2022-05-02,18.3,22.5,12.7,52,72,0.0,0.0,7.6,330,25.92,5.14,816.7,8.2,1864.0,32.161686,77.1584
HP-MNL,2022-05-03,18.1,21.0,13.9,54,78,5.3,5.3,8.0,12,20.48,4.22,818.6,8.3,1864.0,32.161686,77.1584
HP-MNL,2022-05-04,16.9,19.8,13.0,54,75,0.6,0.6,8.3,0,18.42,3.7,819.8,7.3,1864.0,32.161686,77.1584
HP-MNL,2022-05-05,17.1,19.9,14.5,62,82,4.3,4.3,6.9,149,23.25,4.32,818.7,9.7,1864.0,32.161686,77.1584
HP-MNL,2022-05-06,16.2,19.4,13.1,69,84,9.3,9.3,8.0,115,22.17,4.02,818.9,10.3,1864.0,32.161686,77.1584
HP-MNL,2022-05-07,16.3,19.7,12.9,66,80,1.8,1.8,7.7,145,23.86,4.4,818.8,9.9,1864.0,32.161686,77.1584
HP-MNL,2022-05-08,17.1,20.6,13.5,67,85,0.3,0.3,7.4,118,24.89,4.6,818.3,10.9,1864.0,32.161686,77.1584
HP-MNL,2022-05-09,17.8,21.2,14.7,65,79,0.8,0.8,8.0,138,23.91,4.5,818.6,11.0,1864.0,32.161686,77.1584
HP-MNL,2022-05-10,18.1,21.6,14.2,67,87,0.2,0.2,7.2,159,24.34,4.6,818.3,11.5,1864.0,32.161686,77.1584
HP-MNL,2022-05-11,19.0,22.8,15.6,74,89,5.4,5.4,7.6,166,25.7,4.82,817.6,14.2,1864.0,32.161686,77.1584
HP-MNL,2022-05-12,19.3,23.2,15.4,70,94,21.2,21.2,7.6,138,24.69,4.79,817.5,13.3,1864.0,32.161686,77.1584
HP-MNL,2022-05-13,20.2,23.9,15.0,55,74,9.9,9.9,8.9,16,27.77,5.54,816.2,10.7,1864.0,32.161686,77.1584
HP-MNL,2022-05-14,21.1,25.0,15.6,46,65,0.0,0.0,7.6,225,27.4,5.66,816.0,8.9,1864.0,32.161686,77.1584
HP-MNL,2022-05-15,21.3,26.4,15.8,44,65,0.0,0.0,9.8,32,28.27,6.06,818.4,8.3,1864.0,32.161686,77.1584
HP-MNL,2022-05-16,19.7,25.2,15.0,53,86,2.8,2.8,10.0,12,24.39,5.22,817.7,8.9,1864.0,32.161686,77.1584
HP-MNL,2022-05-17,18.0,20.5,15.2,66,84,3.6,3.6,7.6,103,23.14,4.34,816.5,11.5,1864.0,32.161686,77.1584
HP-MNL,2022-05-18,18.8,21.7,15.9,60,71,0.1,0.1,6.8,142,25.1,4.8,818.0,10.7,1864.0,32.161686,77.1584
HP-MNL,2022-05-19,19.0,23.6,13.9,57,73,0.9,0.9,8.8,360,25.64,5.12,818.2,10.0,1864.0,32.161686,77.1584
HP-MNL,2022-05-20,18.7,22.4,15.1,53,74,0.3,0.3,10.9,17,21.01,4.52,817.6,8.7,1864.0,32.161686,77.1584
HP-MNL,2022-05-21,17.5,22.1,13.4,56,78,2.0,2.0,11.2,355,24.24,4.96,814.5,8.2,1864.0,32.161686,77.1584
HP-MNL,2022-05-22,16.8,20.9,13.8,63,93,19.3,19.1,9.5,98,23.58,4.47,811.3,9.5,1864.0,32.161686,77.1584
HP-MNL,2022-05-23,16.0,21.3,11.6,60,85,14.9,14.4,8.7,343,20.55,4.06,811.6,7.8,1864.0,32.161686,77.1584
HP-MNL,2022-05-24,14.3,16.4,12.0,66,78,3.4,3.0,9.3,307,12.14,2.44,814.9,8.0,1864.0,32.161686,77.1584
HP-MNL,2022-05-25,14.7,19.4,7.7,69,91,0.0,0.0,6.5,220,23.84,4.36,816.1,8.9,1864.0,32.161686,77.1584
HP-MNL,2022-05-26,16.5,21.4,10.2,71,92,1.0,1.0,7.9,190,24.26,4.55,815.6,10.9,1864.0,32.161686,77.1584
HP-MNL,2022-05-27,18.2,22.5,11.5,69,88,5.3,5.3,8.7,148,24.2,4.6,814.8,12.1,1864.0,32.161686,77.1584
HP-MNL,2022-05-28,19.4,23.1,16.1,69,86,3.2,3.2,9.1,144,24.24,4.68,815.0,13.3,1864.0,32.161686,77.1584
HP-MNL,2022-05-29,19.6,23.2,15.4,59,81,5.3,5.3,8.1,319,25.76,5.14,815.5,11.1,1864.0,32.161686,77.1584
HP-MNL,2022-05-30,19.6,23.4,15.4,50,78,0.1,0.1,8.8,357,25.6,5.32,816.6,8.5,1864.0,32.161686,77.1584
HP-MNL,2022-05-31,19.9,22.9,15.8,48,70,0.2,0.2,7.8,30,25.79,5.23,816.8,8.2,1864.0,32.161686,77.1584
HP-MNL,2022-06-01,19.6,22.8,14.0,46,68,0.6,0.6,6.9,94,26.13,5.15,817.4,7.3,1864.0,32.161686,77.1584
HP-MNL,2022-06-02,19.4,22.8,16.2,47,61,2.1,2.1,8.4,3,23.48,4.85,817.7,7.7,1864.0,32.161686,77.1584
HP-MNL,2022-06-03,20.5,24.6,16.4,46,68,0.2,0.2,6.7,7,23.72,4.94,816.7,8.0,1864.0,32.161686,77.1584
HP-MNL,2022-06-04,20.3,23.7,15.9,54,82,4.1,4.1,9.0,352,24.33,5.05,817.9,10.5,1864.0,32.161686,77.1584
HP-MNL,2022-06-05,22.3,26.0,17.5,45,74,4.2,4.2,8.5,257,23.58,5.11,818.3,9.4,1864.0,32.161686,77.1584
HP-MNL,2022-06-06,22.4,26.0,16.8,48,74,0.1,0.1,6.5,329,22.27,4.67,817.9,10.7,1864.0,32.161686,77.1584
HP-MNL,2022-06-07,22.3,25.6,18.9,50,73,0.3,0.3,7.6,7,23.83,5.04,817.8,11.3,1864.0,32.161686,77.1584
HP-MNL,2022-06-08,21.9,25.2,18.4,51,73,0.7,0.7,8.7,328,24.61,5.24,817.3,11.1,1864.0,32.161686,77.1584
HP-MNL,2022-06-09,20.7,24.7,16.8,54,75,0.2,0.2,9.5,337,23.76,5.07,816.5,10.6,1864.0,32.161686,77.1584
HP-MNL,2022-06-10,20.8,25.1,17.7,53,68,3.1,3.1,7.9,11,24.38,4.99,816.9,10.8,1864.0,32.161686,77.1584
HP-MNL,2022-06-11,21.7,25.8,17.4,49,70,0.2,0.2,8.4,354,26.52,5.5,817.1,10.3,1864.0,32.161686,77.1584
HP-MNL,2022-06-12,21.2,25.0,17.9,55,80,0.9,0.9,8.2,279,24.85,5.15,818.1,11.4,1864.0,32.161686,77.1584
HP-MNL,2022-06-13,21.7,25.0,17.0,53,76,0.4,0.4,8.6,236,26.09,5.39,819.6,11.6,1864.0,32.161686,77.1584
HP-MNL,2022-06-14,22.9,27.1,18.2,48,64,0.0,0.0,7.6,204,27.39,5.78,818.7,11.1,1864.0,32.161686,77.1584
HP-MNL,2022-06-15,21.2,25.8,17.7,61,82,3.2,3.2,7.6,186,25.38,5.15,817.0,13.1,1864.0,32.161686,77.1584
HP-MNL,2022-06-16,19.8,24.0,16.0,76,98,9.6,9.6,7.2,187,22.02,4.28,816.5,15.3,1864.0,32.161686,77.1584
HP-MNL,2022-06-17,20.1,23.0,18.3,74,86,1.3,1.3,8.7,170,21.02,4.08,815.9,15.3,1864.0,32.161686,77.1584
HP-MNL,2022-06-18,19.1,21.7,16.7,67,84,1.1,1.1,6.2,201,15.19,3.12,815.7,12.8,1864.0,32.161686,77.1584
HP-MNL,2022-06-19,19.5,21.8,17.2,58,67,0.3,0.3,8.2,179,20.38,4.05,815.4,11.0,1864.0,32.161686,77.1584
HP-MNL,2022-06-20,18.0,21.6,14.7,58,75,3.3,3.3,8.3,45,24.53,4.78,813.3,9.3,1864.0,32.161686,77.1584
HP-MNL,2022-06-21,16.9,20.5,12.5,61,90,17.0,16.6,8.7,325,10.38,2.43,813.3,8.8,1864.0,32.161686,77.1584
HP-MNL,2022-06-22,18.0,22.4,11.9,61,94,33.2,31.7,10.1,322,18.91,3.88,818.2,9.7,1864.0,32.161686,77.1584
HP-MNL,2022-06-23,21.0,25.0,16.9,48,66,0.3,0.3,8.3,326,27.44,5.8,819.0,9.1,1864.0,32.161686,77.1584
HP-MNL,2022-06-24,21.6,25.8,16.9,52,75,0.0,0.0,8.2,117,27.39,5.71,817.3,10.8,1864.0,32.161686,77.1584
HP-MNL,2022-06-25,22.3,26.1,19.1,62,91,0.0,0.0,6.9,163,25.86,5.29,816.5,14.2,1864.0,32.161686,77.1584
HP-MNL,2022-06-26,22.7,25.6,20.1,72,95,0.0,0.0,6.2,168,25.79,5.17,818.3,17.2,1864.0,32.161686,77.1584
HP-MNL,2022-06-27,22.8,25.9,20.3,82,98,0.2,0.2,6.5,171,25.98,5.18,819.1,19.4,1864.0,32.161686,77.1584
HP-MNL,2022-06-28,22.9,26.8,20.4,86,100,2.3,2.3,7.3,161,26.27,5.27,816.7,20.3,1864.0,32.161686,77.1584
HP-MNL,2022-06-29,22.2,25.1,20.4,90,100,7.9,7.9,7.1,162,19.59,3.93,814.1,20.5,1864.0,32.161686,77.1584
HP-MNL,2022-06-30,21.3,22.6,20.0,89,99,0.2,0.2,5.6,160,9.1,1.97,814.6,19.2,1864.0,32.161686,77.1584
HP-MNL,2022-07-01,21.0,23.5,19.3,85,94,1.8,1.8,5.2,187,11.31,2.42,815.4,18.4,1864.0,32.161686,77.1584
HP-MNL,2022-07-02,21.6,23.7,20.3,88,98,0.9,0.9,7.9,157,13.64,2.76,814.8,19.5,1864.0,32.161686,77.1584
HP-MNL,2022-07-03,21.2,22.9,19.9,92,99,5.1,5.1,7.1,143,8.72,1.85,816.0,19.8,1864.0,32.161686,77.1584
HP-MNL,2022-07-04,22.5,26.2,19.9,86,100,0.4,0.4,7.3,191,19.84,4.03,816.1,20.0,1864.0,32.161686,77.1584
HP-MNL,2022-07-05,23.9,27.6,21.2,84,98,1.5,1.5,8.4,153,24.13,5.0,817.0,20.9,1864.0,32.161686,77.1584
HP-MNL,2022-07-06,22.8,27.1,17.7,85,100,14.2,14.2,7.5,154,24.13,4.88,819.3,20.0,1864.0,32.161686,77.1584
HP-MNL,2022-07-07,22.1,25.3,19.9,87,100,10.3,10.3,7.3,165,23.77,4.67,820.5,19.7,1864.0,32.161686,77.1584
HP-MNL,2022-07-08,22.3,25.4,20.3,91,99,8.4,8.4,6.3,166,18.0,3.66,818.0,20.7,1864.0,32.161686,77.1584
HP-MNL,2022-07-09,21.8,24.1,19.7,91,100,14.3,14.3,6.6,159,16.59,3.33,815.5,20.2,1864.0,32.161686,77.1584
HP-MNL,2022-07-10,20.5,23.3,18.9,92,100,31.0,31.0,6.3,151,13.84,2.78,816.1,19.2,1864.0,32.161686,77.1584
HP-MNL,2022-07-11,21.3,23.8,18.6,87,97,6.6,6.6,6.3,159,17.87,3.57,817.3,19.1,1864.0,32.161686,77.1584
HP-MNL,2022-07-12,21.5,25.3,18.9,90,100,14.1,14.1,8.8,163,22.34,4.38,816.4,19.7,1864.0,32.161686,77.1584
HP-MNL,2022-07-13,21.1,23.2,19.6,90,98,20.1,20.1,8.0,167,16.99,3.35,815.2,19.3,1864.0,32.161686,77.1584
HP-MNL,2022-07-14,21.2,23.6,19.2,85,93,3.8,3.8,8.7,146,22.12,4.28,816.2,18.5,1864.0,32.161686,77.1584
HP-MNL,2022-07-15,21.8,23.4,19.3,79,95,12.9,12.9,5.3,96,20.43,4.12,818.8,17.9,1864.0,32.161686,77.1584
HP-MNL,2022-07-16,22.5,25.2,19.9,72,88,0.7,0.7,7.2,127,25.27,5.03,819.1,17.1,1864.0,32.161686,77.1584
HP-MNL,2022-07-17,22.9,26.5,21.3,72,88,3.3,3.3,6.6,297,14.93,3.28,820.0,17.5,1864.0,32.161686,77.1584
HP-MNL,2022-07-18,22.6,24.7,20.2,81,100,0.9,0.9,6.9,166,22.32,4.44,819.0,19.1,1864.0,32.161686,77.1584
HP-MNL,2022-07-19,21.5,23.1,19.6,92,99,10.3,10.3,7.0,161,16.65,3.27,816.9,20.1,1864.0,32.161686,77.1584
HP-MNL,2022-07-20,21.4,23.7,19.8,92,100,1.3,1.3,7.3,165,17.12,3.38,815.3,19.9,1864.0,32.161686,77.1584
HP-MNL,2022-07-21,20.7,22.3,19.4,82,97,4.5,4.5,5.9,269,6.96,1.61,816.9,17.5,1864.0,32.161686,77.1584
HP-MNL,2022-07-22,21.2,24.0,19.7,82,98,9.8,9.8,5.0,177,12.61,2.62,818.8,18.0,1864.0,32.161686,77.1584
HP-MNL,2022-07-23,20.9,24.0,19.5,88,98,2.2,2.2,5.8,129,10.27,2.17,818.8,18.7,1864.0,32.161686,77.1584
HP-MNL,2022-07-24,21.0,24.1,18.9,91,100,12.0,12.0,5.5,136,14.79,2.98,818.8,19.5,1864.0,32.161686,77.1584
HP-MNL,2022-07-25,20.6,22.9,18.9,94,100,7.7,7.7,6.5,143,17.0,3.25,819.8,19.5,1864.0,32.161686,77.1584
HP-MNL,2022-07-26,20.3,22.8,18.8,95,100,10.6,10.6,7.4,145,14.28,2.8,820.5,19.4,1864.0,32.161686,77.1584
HP-MNL,2022-07-27,20.5,23.2,19.3,93,99,24.8,24.8,5.6,152,11.12,2.3,819.8,19.4,1864.0,32.161686,77.1584
HP-MNL,2022-07-28,20.3,23.3,18.7,92,98,24.4,24.4,6.0,176,10.13,2.1,819.9,19.0,1864.0,32.161686,77.1584
HP-MNL,2022-07-29,21.2,23.4,19.5,87,97,15.9,15.9,8.0,161,18.72,3.66,819.1,18.9,1864.0,32.161686,77.1584
HP-MNL,2022-07-30,20.5,23.0,18.2,92,100,3.0,3.0,6.2,177,17.34,3.41,817.2,19.1,1864.0,32.161686,77.1584
HP-MNL,2022-07-31,20.0,22.3,18.1,94,100,6.8,6.8,7.2,181,12.01,2.39,814.9,19.0,1864.0,32.161686,77.1584
HP-MNL,2022-08-01,20.9,23.4,19.1,85,100,1.4,1.4,6.5,170,15.26,3.11,815.6,18.2,1864.0,32.161686,77.1584
HP-MNL,2022-08-02,21.6,25.3,17.1,81,99,0.0,0.0,7.3,163,26.84,5.26,815.8,18.0,1864.0,32.161686,77.1584
HP-MNL,2022-08-03,21.4,25.7,15.4,84,100,0.0,0.0,7.1,179,26.83,5.26,817.3,18.5,1864.0,32.161686,77.1584
HP-MNL,2022-08-04,21.4,24.5,18.5,89,97,6.3,6.3,7.4,164,19.53,3.87,818.2,19.4,1864.0,32.161686,77.1584
HP-MNL,2022-08-05,20.8,22.8,19.4,91,98,4.1,4.1,5.0,155,11.91,2.38,817.4,19.3,1864.0,32.161686,77.1584
HP-MNL,2022-08-06,21.5,24.1,20.0,88,99,2.3,2.3,7.3,166,19.83,3.87,815.9,19.5,1864.0,32.161686,77.1584
HP-MNL,2022-08-07,21.1,24.0,19.8,91,100,10.3,10.3,6.9,152,17.26,3.43,815.4,19.5,1864.0,32.161686,77.1584
HP-MNL,2022-08-08,21.9,24.7,19.4,81,98,3.2,3.2,6.7,89,18.02,3.67,817.0,18.3,1864.0,32.161686,77.1584
HP-MNL,2022-08-09,22.2,24.3,20.0,80,89,5.6,5.6,6.4,114,16.67,3.4,817.5,18.5,1864.0,32.161686,77.1584
HP-MNL,2022-08-10,21.8,25.1,19.6,84,100,3.7,3.7,7.4,152,23.22,4.56,815.6,19.0,1864.0,32.161686,77.1584
HP-MNL,2022-08-11,20.3,23.2,19.4,90,100,42.5,42.5,8.7,123,7.06,1.56,817.1,18.4,1864.0,32.161686,77.1584
HP-MNL,2022-08-12,23.4,26.6,18.8,63,83,1.8,1.8,9.0,35,20.1,4.36,817.8,16.0,1864.0,32.161686,77.1584
HP-MNL,2022-08-13,23.3,26.7,21.0,68,87,0.0,0.0,6.6,132,25.28,5.17,817.3,16.9,1864.0,32.161686,77.1584
HP-MNL,2022-08-14,21.6,25.5,17.2,83,100,11.3,11.3,7.7,159,21.23,4.21,817.7,18.3,1864.0,32.161686,77.1584
HP-MNL,2022-08-15,20.0,22.1,19.1,90,100,21.3,21.3,6.7,146,5.44,1.23,819.4,18.2,1864.0,32.161686,77.1584
HP-MNL,2022-08-16,22.1,23.7,19.7,73,83,4.8,4.8,10.1,341,11.18,2.54,818.9,16.8,1864.0,32.161686,77.1584
HP-MNL,2022-08-17,21.8,23.8,19.9,77,100,0.6,0.6,6.0,176,19.98,3.96,818.7,17.5,1864.0,32.161686,77.1584
HP-MNL,2022-08-18,21.7,24.8,17.1,84,100,0.5,0.5,8.1,180,25.6,4.94,817.3,18.8,1864.0,32.161686,77.1584
HP-MNL,2022-08-19,21.6,24.3,19.9,89,100,3.6,3.6,7.3,166,22.57,4.37,816.7,19.6,1864.0,32.161686,77.1584
HP-MNL,2022-08-20,20.2,22.2,18.6,95,100,26.5,26.5,7.8,163,13.36,2.59,817.0,19.2,1864.0,32.161686,77.1584
HP-MNL,2022-08-21,20.9,24.0,18.1,80,98,13.3,13.3,6.9,167,18.3,3.69,817.2,17.2,1864.0,32.161686,77.1584
HP-MNL,2022-08-22,21.8,24.8,18.0,78,91,0.6,0.6,7.9,173,22.42,4.39,816.2,17.6,1864.0,32.161686,77.1584
HP-MNL,2022-08-23,22.5,25.7,20.4,78,91,0.3,0.3,7.3,144,22.75,4.47,819.0,18.4,1864.0,32.161686,77.1584
HP-MNL,2022-08-24,22.0,23.9,20.2,73,83,0.7,0.7,6.6,114,14.9,3.09,820.7,16.8,1864.0,32.161686,77.1584
HP-MNL,2022-08-25,22.4,24.2,21.2,75,86,0.0,0.0,5.5,158,20.27,4.02,820.0,17.6,1864.0,32.161686,77.1584
HP-MNL,2022-08-26,22.0,24.8,19.2,77,96,0.9,0.9,6.4,162,22.73,4.46,818.9,17.6,1864.0,32.161686,77.1584
HP-MNL,2022-08-27,21.6,24.7,18.2,79,97,1.7,1.7,7.1,171,23.45,4.57,817.4,17.7,1864.0,32.161686,77.1584
HP-MNL,2022-08-28,21.7,23.9,20.1,82,97,3.6,3.6,7.3,193,22.06,4.28,817.8,18.4,1864.0,32.161686,77.1584
HP-MNL,2022-08-29,20.5,24.1,17.2,86,98,1.3,1.3,6.2,212,20.01,3.88,820.6,18.1,1864.0,32.161686,77.1584
HP-MNL,2022-08-30,20.8,23.6,18.7,88,100,1.4,1.4,6.8,175,19.94,3.86,821.9,18.7,1864.0,32.161686,77.1584
HP-MNL,2022-08-31,21.4,24.9,19.2,85,100,0.9,0.9,7.3,166,22.41,4.37,819.8,18.6,1864.0,32.161686,77.1584
HP-MNL,2022-09-01,21.1,24.3,19.0,82,98,0.3,0.3,6.2,163,24.11,4.66,819.6,17.8,1864.0,32.161686,77.1584
HP-MNL,2022-09-02,20.5,23.0,18.6,83,99,0.9,0.9,6.5,159,18.17,3.53,820.6,17.4,1864.0,32.161686,77.1584
HP-MNL,2022-09-03,19.7,22.6,18.3,92,99,13.8,13.8,7.1,169,15.7,3.0,817.7,18.4,1864.0,32.161686,77.1584
HP-MNL,2022-09-04,18.9,20.8,18.0,91,100,16.3,16.3,8.2,180,11.45,2.23,816.7,17.5,1864.0,32.161686,77.1584
HP-MNL,2022-09-05,18.8,22.9,14.1,80,98,1.1,1.1,7.3,173,20.89,3.94,818.2,15.2,1864.0,32.161686,77.1584
HP-MNL,2022-09-06,19.8,22.5,16.3,71,86,0.0,0.0,4.8,132,19.95,3.84,819.7,14.3,1864.0,32.161686,77.1584
HP-MNL,2022-09-07,21.2,23.3,19.6,70,91,0.0,0.0,6.5,140,21.35,4.21,821.7,15.3,1864.0,32.161686,77.1584
HP-MNL,2022-09-08,21.3,24.2,19.4,77,96,0.2,0.2,6.6,171,23.01,4.42,822.6,17.0,1864.0,32.161686,77.1584
HP-MNL,2022-09-09,20.8,23.4,19.5,86,96,0.6,0.6,5.4,162,19.64,3.74,822.4,18.3,1864.0,32.161686,77.1584
HP-MNL,2022-09-10,20.5,23.1,17.6,85,93,1.2,1.2,7.2,167,20.57,3.89,821.2,17.9,1864.0,32.161686,77.1584
HP-MNL,2022-09-11,19.7,23.3,15.2,83,100,5.0,5.0,6.5,171,21.32,4.06,819.0,16.6,1864.0,32.161686,77.1584
HP-MNL,2022-09-12,19.5,22.8,15.7,79,94,1.7,1.7,7.5,193,21.81,4.11,818.1,15.7,1864.0,32.161686,77.1584
HP-MNL,2022-09-13,20.6,22.9,18.0,71,90,0.8,0.8,8.2,148,21.83,4.18,818.7,14.9,1864.0,32.161686,77.1584
HP-MNL,2022-09-14,20.6,23.1,18.4,79,94,0.7,0.7,6.6,163,20.0,3.82,819.1,16.7,1864.0,32.161686,77.1584
HP-MNL,2022-09-15,19.7,22.4,18.2,88,100,11.0,11.0,7.1,173,16.9,3.21,817.0,17.5,1864.0,32.161686,77.1584
HP-MNL,2022-09-16,19.7,23.5,15.5,77,98,0.3,0.3,8.2,168,22.22,4.22,814.1,15.2,1864.0,32.161686,77.1584
HP-MNL,2022-09-17,19.0,21.7,16.2,82,95,2.2,2.2,7.8,178,19.41,3.58,816.0,15.8,1864.0,32.161686,77.1584
HP-MNL,2022-09-18,19.9,23.5,18.1,74,87,0.0,0.0,6.6,176,22.6,4.28,819.0,14.9,1864.0,32.161686,77.1584
HP-MNL,2022-09-19,20.5,23.2,18.6,70,92,1.5,1.5,7.8,129,20.2,3.93,819.9,14.5,1864.0,32.161686,77.1584
HP-MNL,2022-09-20,20.0,22.9,17.4,72,86,39.4,39.4,6.9,330,15.5,3.11,820.2,14.8,1864.0,32.161686,77.1584
HP-MNL,2022-09-21,19.4,20.3,18.0,75,86,47.6,47.6,6.9,6,5.44,1.32,820.1,14.8,1864.0,32.161686,77.1584
HP-MNL,2022-09-22,19.6,20.6,18.5,74,84,27.6,27.6,6.3,314,6.91,1.57,819.5,14.7,1864.0,32.161686,77.1584
HP-MNL,2022-09-23,20.6,21.5,19.3,63,77,2.9,2.9,6.1,326,9.83,2.28,819.2,13.1,1864.0,32.161686,77.1584
HP-MNL,2022-09-24,19.2,20.6,17.6,72,83,27.5,27.5,8.7,359,3.08,1.01,817.3,14.0,1864.0,32.161686,77.1584
HP-MNL,2022-09-25,17.8,19.6,16.3,80,95,59.1,59.1,9.2,309,8.33,1.85,816.7,14.3,1864.0,32.161686,77.1584
HP-MNL,2022-09-26,18.6,21.9,15.9,60,73,0.8,0.8,6.9,181,20.52,3.88,820.1,10.7,1864.0,32.161686,77.1584
HP-MNL,2022-09-27,18.9,23.3,15.8,54,84,0.0,0.0,8.5,96,22.04,4.36,819.1,8.5,1864.0,32.161686,77.1584
HP-MNL,2022-09-28,18.6,22.5,14.0,58,81,0.1,0.1,9.3,137,20.49,3.93,818.5,10.0,1864.0,32.161686,77.1584
HP-MNL,2022-09-29,18.9,22.3,15.6,59,81,2.0,2.0,6.8,153,19.59,3.78,818.7,10.4,1864.0,32.161686,77.1584
HP-MNL,2022-09-30,18.8,22.6,15.7,47,65,0.0,0.0,8.7,252,21.05,4.15,819.3,7.2,1864.0,32.161686,77.1584
HP-MNL,2022-10-01,18.9,21.6,15.8,55,85,0.0,0.0,9.1,205,19.9,3.83,818.6,9.2,1864.0,32.161686,77.1584
HP-MNL,2022-10-02,18.3,21.6,15.8,56,82,0.0,0.0,8.3,170,20.22,3.89,819.0,9.0,1864.0,32.161686,77.1584
HP-MNL,2022-10-03,19.0,22.4,14.9,48,70,0.8,0.8,9.9,324,19.56,4.03,820.5,7.4,1864.0,32.161686,77.1584
HP-MNL,2022-10-04,18.4,22.5,13.3,54,72,1.3,1.3,11.5,313,19.76,4.0,821.6,8.6,1864.0,32.161686,77.1584
HP-MNL,2022-10-05,18.7,22.8,15.3,51,88,0.0,0.0,7.8,258,20.94,4.07,820.2,7.9,1864.0,32.161686,77.1584
HP-MNL,2022-10-06,18.2,21.4,14.4,53,76,0.3,0.3,8.9,275,18.87,3.57,820.1,8.2,1864.0,32.161686,77.1584
HP-MNL,2022-10-07,18.1,22.5,15.0,52,85,0.2,0.2,7.0,269,20.02,3.92,820.6,7.6,1864.0,32.161686,77.1584
HP-MNL,2022-10-08,17.7,20.7,15.4,66,89,2.9,2.9,8.3,214,15.27,3.03,821.2,10.9,1864.0,32.161686,77.1584
HP-MNL,2022-10-09,18.0,21.2,13.4,64,90,0.5,0.5,8.3,216,17.99,3.43,820.5,10.6,1864.0,32.161686,77.1584
HP-MNL,2022-10-10,17.5,19.9,14.6,60,81,0.0,0.0,6.8,269,12.73,2.53,820.9,9.4,1864.0,32.161686,77.1584
HP-MNL,2022-10-11,13.4,15.4,11.5,80,95,30.9,30.0,7.5,318,5.71,1.19,818.7,10.0,1864.0,32.161686,77.1584
HP-MNL,2022-10-12,13.7,18.0,10.6,71,99,2.7,2.7,7.4,53,17.63,3.11,819.1,8.3,1864.0,32.161686,77.1584
HP-MNL,2022-10-13,14.5,18.5,11.5,51,69,1.2,1.2,7.6,18,18.61,3.45,820.6,4.4,1864.0,32.161686,77.1584
HP-MNL,2022-10-14,14.8,20.0,10.4,43,68,0.0,0.0,8.1,26,20.48,3.92,820.4,1.9,1864.0,32.161686,77.1584
HP-MNL,2022-10-15,16.1,21.3,11.1,38,72,0.0,0.0,7.9,28,20.67,4.02,820.2,1.0,1864.0,32.161686,77.1584
HP-MNL,2022-10-16,16.2,21.5,11.8,42,72,1.8,1.8,7.7,57,19.48,3.84,822.4,2.5,1864.0,32.161686,77.1584
HP-MNL,2022-10-17,15.4,20.7,11.3,45,64,3.5,3.3,9.3,25,18.97,3.63,822.0,2.8,1864.0,32.161686,77.1584
HP-MNL,2022-10-18,13.6,17.7,9.9,52,79,10.4,6.8,8.8,29,17.61,3.12,820.2,3.2,1864.0,32.161686,77.1584
HP-MNL,2022-10-19,11.4,15.4,8.1,60,81,8.5,8.3,9.8,40,18.16,2.95,819.3,3.5,1864.0,32.161686,77.1584
HP-MNL,2022-10-20,10.8,13.0,9.1,66,90,20.6,13.3,7.3,9,13.16,2.2,821.7,4.5,1864.0,32.161686,77.1584
HP-MNL,2022-10-21,11.0,15.6,7.4,45,58,0.1,0.1,9.9,4,19.81,3.37,822.4,-1.2,1864.0,32.161686,77.1584
HP-MNL,2022-10-22,11.8,16.9,7.3,36,53,0.0,0.0,9.6,13,20.76,3.72,822.8,-3.4,1864.0,32.161686,77.1584
HP-MNL,2022-10-23,12.7,17.7,8.9,33,66,0.0,0.0,8.4,359,20.61,3.8,822.5,-5.0,1864.0,32.161686,77.1584
HP-MNL,2022-10-24,13.5,18.0,9.4,33,57,0.0,0.0,7.7,1,20.19,3.74,819.0,-3.6,1864.0,32.161686,77.1584
HP-MNL,2022-10-25,13.4,18.0,10.3,36,59,0.1,0.1,9.7,353,19.38,3.54,816.5,-2.3,1864.0,32.161686,77.1584
HP-MNL,2022-10-26,13.6,19.0,9.0,43,76,2.5,2.5,8.9,359,18.83,3.54,819.9,0.3,1864.0,32.161686,77.1584
HP-MNL,2022-10-27,13.7,18.7,9.6,50,96,12.7,9.1,9.4,132,18.05,3.13,820.1,2.0,1864.0,32.161686,77.1584
HP-MNL,2022-10-28,12.4,19.0,5.1,46,74,0.0,0.0,10.9,18,19.06,3.51,819.7,0.5,1864.0,32.161686,77.1584
HP-MNL,2022-10-29,14.3,19.0,10.1,43,82,0.0,0.0,7.9,16,18.39,3.36,820.4,0.2,1864.0,32.161686,77.1584
HP-MNL,2022-10-30,14.2,19.2,9.4,41,59,0.0,0.0,7.6,351,18.39,3.36,820.9,0.8,1864.0,32.161686,77.1584
HP-MNL,2022-10-31,14.1,18.1,11.3,42,71,1.4,1.4,8.6,351,17.64,3.23,821.5,0.8,1864.0,32.161686,77.1584
HP-MNL,2022-11-01,11.6,15.1,9.8,65,89,26.4,12.1,9.7,352,14.52,2.46,822.4,5.0,1864.0,32.161686,77.1584
HP-MNL,2022-11-02,13.2,17.4,9.9,38,64,0.1,0.1,7.7,6,18.36,3.28,820.7,-1.3,1864.0,32.161686,77.1584
HP-MNL,2022-11-03,15.0,19.9,11.0,33,69,0.0,0.0,7.6,8,17.79,3.43,820.1,-1.9,1864.0,32.161686,77.1584
HP-MNL,2022-11-04,15.2,19.7,12.3,39,76,0.0,0.0,8.8,3,16.21,3.23,821.5,0.3,1864.0,32.161686,77.1584
HP-MNL,2022-11-05,14.1,17.4,9.3,46,73,3.3,1.5,9.8,318,14.36,2.65,823.1,2.1,1864.0,32.161686,77.1584
HP-MNL,2022-11-06,13.5,17.3,9.0,46,75,0.2,0.2,10.5,351,12.11,2.43,823.9,1.5,1864.0,32.161686,77.1584
HP-MNL,2022-11-07,12.1,13.9,11.1,52,64,2.2,1.4,9.5,347,9.21,1.88,822.6,2.4,1864.0,32.161686,77.1584
HP-MNL,2022-11-08,12.5,16.2,7.0,33,56,0.0,0.0,9.0,346,16.58,3.18,821.8,-3.6,1864.0,32.161686,77.1584
HP-MNL,2022-11-09,10.6,11.9,8.5,71,96,11.8,5.6,8.3,197,8.99,1.57,820.7,4.9,1864.0,32.161686,77.1584
HP-MNL,2022-11-10,8.7,11.4,7.3,81,100,34.0,9.2,7.2,237,11.45,1.7,820.2,5.6,1864.0,32.161686,77.1584
HP-MNL,2022-11-11,9.6,12.7,7.1,55,84,27.8,2.4,5.1,276,17.78,2.64,819.9,-0.1,1864.0,32.161686,77.1584
HP-MNL,2022-11-12,9.6,13.1,6.9,40,72,12.3,0.7,5.6,266,17.55,2.61,818.4,-4.2,1864.0,32.161686,77.1584
HP-MNL,2022-11-13,10.9,14.3,6.1,34,64,0.0,0.0,5.4,225,15.54,2.44,817.9,-6.3,1864.0,32.161686,77.1584
HP-MNL,2022-11-14,8.3,12.1,6.6,81,100,48.1,5.5,5.1,216,5.11,0.82,819.6,4.8,1864.0,32.161686,77.1584
HP-MNL,2022-11-15,9.2,11.8,7.5,49,79,2.8,0.3,5.9,293,17.1,2.42,818.6,-1.3,1864.0,32.161686,77.1584
HP-MNL,2022-11-16,8.2,10.8,6.5,52,81,9.5,0.5,4.2,298,15.79,2.22,815.7,-1.6,1864.0,32.161686,77.1584
HP-MNL,2022-11-17,6.8,10.5,3.7,25,51,0.0,0.0,4.4,352,17.4,2.43,814.1,-13.2,1864.0,32.161686,77.1584
HP-MNL,2022-11-18,9.7,12.8,6.2,10,15,0.0,0.0,4.7,354,17.05,2.52,816.6,-20.6,1864.0,32.161686,77.1584
HP-MNL,2022-11-19,11.9,13.6,8.3,24,71,7.6,0.5,3.6,289,11.16,1.85,819.4,-10.2,1864.0,32.161686,77.1584
HP-MNL,2022-11-20,8.0,9.5,6.5,59,85,47.5,2.8,5.5,314,15.62,2.08,818.0,-0.6,1864.0,32.161686,77.1584
HP-MNL,2022-11-21,9.7,13.4,7.1,14,33,0.0,0.0,4.0,324,16.88,2.48,816.3,-17.9,1864.0,32.161686,77.1584
HP-MNL,2022-11-22,10.0,12.4,8.3,22,33,0.0,0.0,5.5,319,16.27,2.46,816.0,-10.7,1864.0,32.161686,77.1584
HP-MNL,2022-11-23,8.7,12.5,6.2,17,27,0.0,0.0,5.5,355,16.75,2.59,816.3,-15.5,1864.0,32.161686,77.1584
HP-MNL,2022-11-24,10.5,14.3,6.8,10,14,0.0,0.0,6.2,356,16.79,2.8,816.7,-20.1,1864.0,32.161686,77.1584
HP-MNL,2022-11-25,12.4,15.2,10.5,10,13,0.0,0.0,4.3,348,16.48,2.58,819.5,-18.2,1864.0,32.161686,77.1584
HP-MNL,2022-11-26,12.4,16.3,10.3,10,14,0.0,0.0,5.1,337,16.37,2.66,817.3,-18.7,1864.0,32.161686,77.1584
HP-MNL,2022-11-27,11.2,14.6,9.3,10,16,0.0,0.0,4.0,329,16.36,2.48,814.8,-19.5,1864.0,32.161686,77.1584
HP-MNL,2022-11-28,10.6,14.1,8.4,8,10,0.0,0.0,4.0,342,16.42,2.49,815.9,-22.4,1864.0,32.161686,77.1584
HP-MNL,2022-11-29,10.9,14.7,8.2,6,6,0.0,0.0,4.0,336,16.33,2.49,817.6,-26.4,1864.0,32.161686,77.1584
HP-MNL,2022-11-30,11.3,14.5,9.5,9,12,0.0,0.0,4.3,332,15.95,2.45,818.6,-20.6,1864.0,32.161686,77.1584
HP-MNL,2022-12-01,11.9,15.3,8.6,10,13,0.0,0.0,5.0,335,15.8,2.49,818.0,-19.3,1864.0,32.161686,77.1584
HP-MNL,2022-12-02,13.4,15.2,10.9,17,22,0.0,0.0,4.8,294,12.17,1.97,817.7,-11.9,1864.0,32.161686,77.1584
HP-MNL,2022-12-03,8.8,11.5,6.7,39,57,0.9,0.0,8.5,318,14.98,2.04,816.9,-4.5,1864.0,32.161686,77.1584
HP-MNL,2022-12-04,9.1,12.7,6.8,18,30,0.0,0.0,6.5,324,15.79,2.45,817.3,-14.3,1864.0,32.161686,77.1584
HP-MNL,2022-12-05,9.4,12.3,6.6,19,25,0.0,0.0,6.5,309,15.5,2.3,818.0,-13.3,1864.0,32.161686,77.1584
HP-MNL,2022-12-06,10.6,13.6,8.3,17,34,0.1,0.0,4.5,301,14.36,2.15,817.2,-14.0,1864.0,32.161686,77.1584
HP-MNL,2022-12-07,10.5,13.6,7.4,13,18,0.0,0.0,4.7,313,15.38,2.33,816.4,-17.6,1864.0,32.161686,77.1584
HP-MNL,2022-12-08,11.6,13.9,9.4,20,33,0.0,0.0,4.7,293,11.37,1.84,818.0,-11.3,1864.0,32.161686,77.1584
HP-MNL,2022-12-09,9.5,11.4,7.0,59,82,15.8,0.7,5.8,290,11.82,1.71,817.9,1.7,1864.0,32.161686,77.1584
HP-MNL,2022-12-10,7.9,9.0,6.8,68,83,53.8,1.7,6.4,298,12.97,1.68,818.5,2.2,1864.0,32.161686,77.1584
HP-MNL,2022-12-11,9.8,13.3,7.4,21,61,1.1,0.0,5.8,315,15.36,2.33,818.7,-12.9,1864.0,32.161686,77.1584
HP-MNL,2022-12-12,10.6,13.0,8.4,14,25,1.0,0.0,7.2,310,15.13,2.34,818.0,-17.5,1864.0,32.161686,77.1584
HP-MNL,2022-12-13,9.7,13.4,6.5,15,27,0.0,0.0,5.2,330,15.31,2.34,818.1,-16.7,1864.0,32.161686,77.1584
HP-MNL,2022-12-14,11.3,14.6,9.3,5,8,0.0,0.0,5.2,318,15.42,2.34,817.2,-26.9,1864.0,32.161686,77.1584
HP-MNL,2022-12-15,11.1,14.9,8.0,11,16,0.0,0.0,4.3,346,15.18,2.33,816.3,-19.1,1864.0,32.161686,77.1584
HP-MNL,2022-12-16,12.4,15.6,10.1,13,29,0.0,0.0,3.8,320,15.08,2.32,815.9,-17.2,1864.0,32.161686,77.1584
HP-MNL,2022-12-17,12.5,16.0,9.4,20,44,0.8,0.1,3.8,320,14.96,2.29,817.6,-11.5,1864.0,32.161686,77.1584
HP-MNL,2022-12-18,12.2,15.0,9.7,21,48,0.1,0.0,4.1,306,14.98,2.3,818.0,-11.2,1864.0,32.161686,77.1584
HP-MNL,2022-12-19,10.6,13.4,7.6,15,25,1.3,0.0,6.1,280,15.09,2.26,815.7,-15.1,1864.0,32.161686,77.1584
HP-MNL,2022-12-20,9.4,12.8,6.4,16,22,0.0,0.0,6.2,295,14.54,2.18,814.2,-15.6,1864.0,32.161686,77.1584
HP-MNL,2022-12-21,8.9,10.7,6.1,25,41,0.0,0.0,5.9,284,15.23,2.12,814.9,-10.7,1864.0,32.161686,77.1584
HP-MNL,2022-12-22,8.3,11.5,5.2,13,22,0.0,0.0,5.1,309,15.47,2.14,813.8,-19.2,1864.0,32.161686,77.1584
HP-MNL,2022-12-23,8.3,10.5,5.3,22,68,4.2,0.0,6.6,276,14.99,2.09,812.8,-14.1,1864.0,32.161686,77.1584
HP-MNL,2022-12-24,5.1,8.2,2.2,48,78,10.3,0.0,6.3,298,14.66,1.88,813.4,-5.8,1864.0,32.161686,77.1584
HP-MNL,2022-12-25,6.4,9.4,2.9,35,65,3.9,0.0,4.2,300,13.91,1.87,814.2,-9.6,1864.0,32.161686,77.1584
HP-MNL,2022-12-26,6.0,7.9,4.1,48,85,9.5,0.0,8.4,268,10.86,1.44,816.3,-4.8,1864.0,32.161686,77.1584
HP-MNL,2022-12-27,7.1,12.0,3.5,55,79,23.5,0.9,4.6,262,14.66,2.07,815.4,-2.1,1864.0,32.161686,77.1584
HP-MNL,2022-12-28,9.0,13.0,5.6,33,76,8.7,0.0,4.5,261,14.6,2.16,815.8,-8.2,1864.0,32.161686,77.1584
HP-MNL,2022-12-29,9.8,11.7,7.3,39,80,8.8,0.3,6.1,229,8.25,1.51,817.9,-5.4,1864.0,32.161686,77.1584
HP-MNL,2022-12-30,5.4,7.0,3.8,87,99,36.0,0.1,6.9,225,5.46,0.77,817.0,3.3,1864.0,32.161686,77.1584
HP-MNL,2022-12-31,6.9,10.3,4.4,63,89,14.4,0.1,5.3,254,14.8,2.01,815.9,-0.6,1864.0,32.161686,77.1584
HP-MNL,2023-01-01,6.9,9.3,3.7,32,68,0.0,0.0,4.4,242,11.43,1.66,816.4,-10.0,1864.0,32.161686,77.1584
HP-MNL,2023-01-02,4.7,7.9,3.2,43,84,14.9,0.0,3.9,304,14.5,1.86,816.4,-8.5,1864.0,32.161686,77.1584
HP-MNL,2023-01-03,2.8,6.2,-0.1,46,83,13.8,0.2,4.8,314,15.14,1.89,816.5,-8.5,1864.0,32.161686,77.1584
HP-MNL,2023-01-04,1.3,5.2,-1.7,16,23,0.0,0.0,5.6,7,15.75,2.09,816.2,-22.3,1864.0,32.161686,77.1584
HP-MNL,2023-01-05,3.4,6.8,1.6,7,9,0.0,0.0,7.1,11,15.93,2.45,818.9,-28.8,1864.0,32.161686,77.1584
HP-MNL,2023-01-06,5.8,9.3,2.2,5,8,0.0,0.0,6.6,3,15.02,2.35,820.2,-30.9,1864.0,32.161686,77.1584
HP-MNL,2023-01-07,9.4,10.8,7.4,27,50,0.6,0.0,4.1,349,14.77,2.18,821.6,-9.2,1864.0,32.161686,77.1584
HP-MNL,2023-01-08,9.5,11.9,7.6,47,63,2.4,0.6,3.8,359,12.46,1.91,821.0,-1.8,1864.0,32.161686,77.1584
HP-MNL,2023-01-09,9.4,10.9,8.3,59,75,15.4,1.9,5.6,322,11.46,1.66,821.9,1.8,1864.0,32.161686,77.1584
HP-MNL,2023-01-10,9.1,11.8,7.6,38,58,1.1,0.1,6.6,336,14.82,2.15,819.3,-5.3,1864.0,32.161686,77.1584
HP-MNL,2023-01-11,7.8,11.0,4.6,52,82,16.3,0.2,6.1,262,5.71,1.02,814.6,-3.6,1864.0,32.161686,77.1584
HP-MNL,2023-01-12,4.2,4.9,2.6,71,87,47.3,0.0,6.6,247,10.73,1.41,811.2,-0.8,1864.0,32.161686,77.1584
HP-MNL,2023-01-13,2.5,4.3,1.3,73,89,24.6,0.0,7.2,245,9.2,1.18,811.2,-1.9,1864.0,32.161686,77.1584
HP-MNL,2023-01-14,4.5,6.1,2.3,74,88,45.9,0.1,5.9,241,12.65,1.65,812.3,0.1,1864.0,32.161686,77.1584
HP-MNL,2023-01-15,6.7,9.5,4.2,43,80,9.6,0.0,4.6,248,16.23,2.23,811.4,-6.1,1864.0,32.161686,77.1584
HP-MNL,2023-01-16,5.4,7.8,2.8,22,39,0.4,0.0,4.6,255,16.34,2.13,811.3,-15.4,1864.0,32.161686,77.1584
HP-MNL,2023-01-17,3.5,7.2,1.4,34,76,9.1,0.0,4.2,298,16.64,2.12,810.9,-13.5,1864.0,32.161686,77.1584
HP-MNL,2023-01-18,4.5,8.4,-0.4,28,81,12.7,0.0,4.1,314,14.85,2.0,813.8,-14.9,1864.0,32.161686,77.1584
HP-MNL,2023-01-19,5.4,7.0,4.5,67,87,13.9,0.1,5.2,234,10.83,1.4,815.8,-0.9,1864.0,32.161686,77.1584
HP-MNL,2023-01-20,3.4,5.0,1.2,87,97,44.5,0.0,5.6,231,4.28,0.61,813.9,1.4,1864.0,32.161686,77.1584
HP-MNL,2023-01-21,5.0,6.8,3.7,65,83,15.7,0.0,5.2,252,14.81,1.89,815.3,-1.3,1864.0,32.161686,77.1584
HP-MNL,2023-01-22,5.1,8.0,3.1,36,50,0.4,0.0,3.8,311,17.1,2.26,813.7,-9.3,1864.0,32.161686,77.1584
HP-MNL,2023-01-23,4.7,7.6,3.3,34,45,0.0,0.0,4.7,320,17.15,2.27,814.2,-10.2,1864.0,32.161686,77.1584
HP-MNL,2023-01-24,4.4,6.1,2.6,60,83,28.0,0.0,4.4,307,7.59,1.1,813.0,-3.6,1864.0,32.161686,77.1584
HP-MNL,2023-01-25,4.6,5.3,3.3,85,100,37.6,0.1,5.9,245,10.67,1.34,814.3,2.2,1864.0,32.161686,77.1584
HP-MNL,2023-01-26,5.5,8.1,3.9,54,83,11.3,0.0,8.1,297,15.62,2.0,816.6,-3.5,1864.0,32.161686,77.1584
HP-MNL,2023-01-27,6.4,10.2,3.7,13,22,0.0,0.0,4.5,330,17.74,2.58,817.2,-20.3,1864.0,32.161686,77.1584
HP-MNL,2023-01-28,8.6,11.5,6.1,12,20,0.0,0.0,4.8,344,13.77,2.26,816.6,-20.0,1864.0,32.161686,77.1584
HP-MNL,2023-01-29,6.5,8.9,3.3,40,86,7.0,0.0,6.5,329,10.29,1.61,814.5,-8.8,1864.0,32.161686,77.1584
HP-MNL,2023-01-30,5.3,6.5,4.8,87,100,36.0,0.0,2.5,148,8.99,1.26,816.5,3.2,1864.0,32.161686,77.1584
HP-MNL,2023-01-31,5.1,7.2,3.6,59,86,21.9,0.3,4.0,343,16.98,2.18,817.3,-2.8,1864.0,32.161686,77.1584
HP-MNL,2023-02-01,6.8,10.2,4.9,16,22,0.0,0.0,4.6,359,18.43,2.69,816.8,-17.8,1864.0,32.161686,77.1584
HP-MNL,2023-02-02,9.5,12.8,7.0,18,46,0.1,0.0,4.4,344,14.01,2.33,817.7,-15.1,1864.0,32.161686,77.1584
HP-MNL,2023-02-03,9.2,12.3,6.8,52,73,29.0,1.4,5.1,312,15.48,2.36,817.7,-0.9,1864.0,32.161686,77.1584
HP-MNL,2023-02-04,6.9,10.0,1.9,57,80,37.2,2.5,5.4,307,17.24,2.33,814.7,-1.3,1864.0,32.161686,77.1584
HP-MNL,2023-02-05,8.3,12.3,5.5,37,66,7.9,0.0,6.2,287,18.28,2.68,813.1,-7.5,1864.0,32.161686,77.1584
HP-MNL,2023-02-06,6.8,9.6,3.3,63,89,15.8,0.1,4.7,227,10.84,1.47,813.9,-1.9,1864.0,32.161686,77.1584
HP-MNL,2023-02-07,5.8,9.0,3.6,61,92,22.6,0.0,5.5,285,17.88,2.39,811.5,-1.7,1864.0,32.161686,77.1584
HP-MNL,2023-02-08,8.0,11.9,4.5,30,79,6.3,0.0,5.9,271,15.04,2.38,813.7,-10.0,1864.0,32.161686,77.1584
HP-MNL,2023-02-09,5.9,8.5,2.3,55,91,27.3,0.5,6.8,262,13.6,1.99,813.3,-3.8,1864.0,32.161686,77.1584
HP-MNL,2023-02-10,6.7,8.4,4.8,79,95,35.6,1.0,6.5,190,14.98,1.96,813.6,3.1,1864.0,32.161686,77.1584
HP-MNL,2023-02-11,2.9,7.2,0.1,66,88,16.4,0.2,8.7,247,14.31,1.8,813.5,-4.2,1864.0,32.161686,77.1584
HP-MNL,2023-02-12,3.8,6.0,2.4,53,73,12.6,0.0,6.0,226,16.0,1.92,813.8,-5.4,1864.0,32.161686,77.1584
HP-MNL,2023-02-13,10.6,14.1,4.5,18,34,0.0,0.0,3.5,359,20.14,3.04,815.3,-13.9,1864.0,32.161686,77.1584
HP-MNL,2023-02-14,10.9,14.7,8.7,28,46,0.0,0.0,4.3,342,19.95,3.13,817.4,-7.2,1864.0,32.161686,77.1584
HP-MNL,2023-02-15,11.7,15.9,9.1,22,33,0.0,0.0,5.1,12,20.4,3.35,817.4,-9.7,1864.0,32.161686,77.1584
HP-MNL,2023-02-16,13.2,17.4,10.3,22,33,0.0,0.0,4.4,13,20.01,3.37,819.9,-8.0,1864.0,32.161686,77.1584
HP-MNL,2023-02-17,14.5,18.7,12.1,21,31,0.0,0.0,4.0,8,20.04,3.42,821.7,-7.5,1864.0,32.161686,77.1584
HP-MNL,2023-02-18,14.7,19.0,12.0,18,29,0.0,0.0,4.3,341,20.52,3.5,821.3,-9.5,1864.0,32.161686,77.1584
HP-MNL,2023-02-19,15.0,16.7,13.9,22,32,0.0,0.0,4.3,227,16.31,2.79,820.6,-6.8,1864.0,32.161686,77.1584
HP-MNL,2023-02-20,10.9,13.9,8.2,52,80,19.2,3.2,6.7,271,17.36,2.52,818.3,0.3,1864.0,32.161686,77.1584
HP-MNL,2023-02-21,9.6,12.3,8.2,69,87,15.7,3.4,5.2,172,19.84,2.96,817.3,4.1,1864.0,32.161686,77.1584
HP-MNL,2023-02-22,8.7,11.5,7.0,69,95,34.3,6.5,5.8,269,17.48,2.55,816.8,3.0,1864.0,32.161686,77.1584
HP-MNL,2023-02-23,8.7,12.0,6.2,24,59,0.1,0.0,4.8,358,22.39,3.35,816.3,-12.2,1864.0,32.161686,77.1584
HP-MNL,2023-02-24,8.8,12.9,5.5,12,20,0.0,0.0,5.1,2,22.66,3.55,817.6,-19.2,1864.0,32.161686,77.1584
HP-MNL,2023-02-25,8.3,11.8,5.9,17,26,0.0,0.0,5.6,351,22.68,3.51,819.0,-16.0,1864.0,32.161686,77.1584
HP-MNL,2023-02-26,8.6,12.5,6.5,28,75,3.4,0.0,4.7,3,21.53,3.3,821.2,-10.9,1864.0,32.161686,77.1584
HP-MNL,2023-02-27,7.8,11.8,4.8,40,75,2.3,0.0,4.5,11,22.29,3.29,820.3,-6.3,1864.0,32.161686,77.1584
HP-MNL,2023-02-28,7.4,8.5,5.9,62,79,9.0,0.2,4.4,332,13.04,1.92,820.6,0.4,1864.0,32.161686,77.1584
HP-MNL,2023-03-01,7.9,9.8,6.5,68,79,12.7,0.5,4.7,294,16.25,2.34,822.1,2.4,1864.0,32.161686,77.1584
HP-MNL,2023-03-02,9.7,11.9,7.0,59,75,7.0,0.5,3.7,344,20.28,3.06,823.2,2.0,1864.0,32.161686,77.1584
HP-MNL,2023-03-03,10.9,13.0,9.7,49,70,0.7,0.3,6.5,281,22.41,3.31,823.2,0.5,1864.0,32.161686,77.1584
HP-MNL,2023-03-04,9.9,11.9,8.3,55,79,13.1,1.2,6.9,314,20.56,2.99,823.2,1.0,1864.0,32.161686,77.1584
HP-MNL,2023-03-05,9.7,13.0,7.5,39,58,0.0,0.0,6.7,323,23.14,3.45,821.8,-4.0,1864.0,32.161686,77.1584
HP-MNL,2023-03-06,8.8,12.4,6.1,25,31,0.0,0.0,4.8,349,24.15,3.72,818.8,-10.2,1864.0,32.161686,77.1584
HP-MNL,2023-03-07,8.8,12.7,6.5,21,27,0.0,0.0,5.0,349,24.19,3.71,819.0,-12.7,1864.0,32.161686,77.1584
HP-MNL,2023-03-08,8.9,12.0,6.1,25,32,0.0,0.0,5.2,357,24.41,3.76,819.9,-10.3,1864.0,32.161686,77.1584
HP-MNL,2023-03-09,8.2,11.8,5.2,20,26,0.0,0.0,4.8,0,24.54,3.69,819.7,-13.8,1864.0,32.161686,77.1584
HP-MNL,2023-03-10,9.7,13.1,6.8,15,20,0.0,0.0,5.1,356,25.21,4.0,819.3,-16.1,1864.0,32.161686,77.1584
HP-MNL,2023-03-11,10.5,13.3,7.7,19,26,0.0,0.0,4.7,358,24.71,3.9,819.9,-12.2,1864.0,32.161686,77.1584
HP-MNL,2023-03-12,10.8,14.3,7.5,23,34,0.0,0.0,5.1,2,24.63,3.99,820.3,-9.6,1864.0,32.161686,77.1584
HP-MNL,2023-03-13,11.2,14.1,9.1,30,43,0.0,0.0,4.0,356,23.77,3.8,819.6,-6.1,1864.0,32.161686,77.1584
HP-MNL,2023-03-14,10.3,13.2,7.4,31,42,0.0,0.0,4.5,360,25.35,3.97,816.6,-6.5,1864.0,32.161686,77.1584
HP-MNL,2023-03-15,10.4,13.4,7.7,31,61,0.0,0.0,4.2,10,25.16,3.91,816.0,-7.2,1864.0,32.161686,77.1584
HP-MNL,2023-03-16,10.4,11.8,6.8,43,66,0.2,0.0,4.1,5,22.46,3.41,816.9,-2.3,1864.0,32.161686,77.1584
HP-MNL,2023-03-17,9.4,11.0,7.9,53,70,1.5,0.9,6.3,319,22.17,3.2,817.8,-0.2,1864.0,32.161686,77.1584
HP-MNL,2023-03-18,9.4,11.5,7.5,69,84,3.4,1.3,5.5,288,15.31,2.23,815.4,3.9,1864.0,32.161686,77.1584
HP-MNL,2023-03-19,10.0,11.7,8.4,58,74,6.9,0.5,4.9,280,24.01,3.54,813.8,2.0,1864.0,32.161686,77.1584
HP-MNL,2023-03-20,9.1,11.1,7.3,69,82,5.6,0.4,5.9,303,17.46,2.62,812.1,3.6,1864.0,32.161686,77.1584
HP-MNL,2023-03-21,8.2,9.7,7.2,82,91,19.3,1.6,3.8,180,18.51,2.63,811.7,5.2,1864.0,32.161686,77.1584
HP-MNL,2023-03-22,9.1,11.3,7.7,67,81,7.2,0.2,4.6,269,24.76,3.59,813.6,3.1,1864.0,32.161686,77.1584
HP-MNL,2023-03-23,10.6,12.4,9.0,40,64,0.1,0.1,5.6,279,25.56,3.9,813.8,-3.2,1864.0,32.161686,77.1584
HP-MNL,2023-03-24,10.1,12.0,7.8,51,85,12.2,1.7,7.3,308,22.29,3.37,814.8,-0.9,1864.0,32.161686,77.1584
HP-MNL,2023-03-25,7.8,9.3,6.1,81,91,33.5,3.0,8.1,285,13.05,1.82,816.0,4.7,1864.0,32.161686,77.1584
HP-MNL,2023-03-26,8.7,11.6,5.7,54,83,5.3,0.3,5.8,304,26.24,3.85,815.6,-0.4,1864.0,32.161686,77.1584
HP-MNL,2023-03-27,10.4,12.7,8.8,29,49,0.0,0.0,4.6,10,27.21,4.25,814.9,-7.5,1864.0,32.161686,77.1584
HP-MNL,2023-03-28,10.8,13.3,8.4,35,62,0.0,0.0,5.0,291,25.28,3.96,815.2,-5.1,1864.0,32.161686,77.1584
HP-MNL,2023-03-29,11.9,14.2,10.0,26,39,0.0,0.0,3.0,32,26.36,4.19,817.6,-7.6,1864.0,32.161686,77.1584
HP-MNL,2023-03-30,11.2,13.8,9.2,33,55,0.0,0.0,5.2,341,24.49,3.92,816.0,-4.8,1864.0,32.161686,77.1584
HP-MNL,2023-03-31,9.2,11.1,6.9,64,85,9.1,0.7,5.2,290,12.96,1.99,812.6,2.2,1864.0,32.161686,77.1584
HP-MNL,2023-04-01,8.0,9.0,7.4,88,95,26.5,8.9,5.0,265,18.71,2.66,812.8,6.1,1864.0,32.161686,77.1584
HP-MNL,2023-04-02,8.8,12.2,4.7,78,93,30.2,5.5,4.7,236,26.0,3.85,812.7,5.1,1864.0,32.161686,77.1584
HP-MNL,2023-04-03,9.4,11.5,7.4,74,100,35.0,8.3,6.7,254,18.58,2.71,813.6,4.7,1864.0,32.161686,77.1584
HP-MNL,2023-04-04,8.9,10.2,7.4,74,87,22.2,3.1,6.8,255,22.55,3.27,814.6,4.3,1864.0,32.161686,77.1584
HP-MNL,2023-04-05,11.4,14.1,8.8,43,79,2.2,0.5,4.3,153,29.16,4.61,815.8,-1.9,1864.0,32.161686,77.1584
HP-MNL,2023-04-06,10.3,12.6,8.1,48,75,8.3,1.3,4.0,7,25.57,3.95,818.4,-1.0,1864.0,32.161686,77.1584
HP-MNL,2023-04-07,12.0,15.8,9.0,20,35,0.0,0.0,4.1,4,29.28,4.77,820.0,-11.0,1864.0,32.161686,77.1584
HP-MNL,2023-04-08,11.9,16.1,9.5,16,36,0.0,0.0,5.6,351,29.66,4.83,821.2,-14.4,1864.0,32.161686,77.1584
HP-MNL,2023-04-09,12.0,15.6,9.3,14,19,0.0,0.0,4.7,354,29.01,4.79,821.6,-15.2,1864.0,32.161686,77.1584
HP-MNL,2023-04-10,11.5,15.7,8.4,14,27,0.0,0.0,4.8,351,29.29,4.81,819.8,-16.1,1864.0,32.161686,77.1584
HP-MNL,2023-04-11,12.8,17.0,9.2,18,47,0.0,0.0,4.8,2,28.74,4.87,820.4,-13.4,1864.0,32.161686,77.1584
HP-MNL,2023-04-12,12.7,16.6,9.7,27,47,0.0,0.0,4.7,355,29.11,4.86,820.5,-6.2,1864.0,32.161686,77.1584
HP-MNL,2023-04-13,13.7,18.1,10.7,18,29,0.0,0.0,5.2,359,29.15,5.1,819.8,-10.5,1864.0,32.161686,77.1584
HP-MNL,2023-04-14,13.7,18.4,10.5,22,50,0.0,0.0,5.4,358,29.49,5.12,819.9,-8.7,1864.0,32.161686,77.1584
HP-MNL,2023-04-15,14.3,18.2,11.5,33,47,0.0,0.0,5.2,356,28.12,4.95,820.6,-2.1,1864.0,32.161686,77.1584
HP-MNL,2023-04-16,13.1,17.9,8.6,40,60,0.0,0.0,5.4,5,27.11,4.63,819.9,-0.5,1864.0,32.161686,77.1584
HP-MNL,2023-04-17,13.6,19.0,8.8,41,58,0.0,0.0,5.6,355,28.44,4.92,819.6,0.2,1864.0,32.161686,77.1584
HP-MNL,2023-04-18,13.0,15.5,10.4,65,93,19.2,17.4,5.9,334,20.9,3.5,821.5,6.3,1864.0,32.161686,77.1584
HP-MNL,2023-04-19,10.7,12.8,8.7,83,98,62.2,54.0,4.8,2,4.71,0.95,817.6,8.0,1864.0,32.161686,77.1584
HP-MNL,2023-04-20,10.4,13.5,8.2,81,95,31.7,22.9,4.3,114,20.49,3.27,813.2,7.3,1864.0,32.161686,77.1584
HP-MNL,2023-04-21,9.7,12.3,7.6,68,88,12.0,2.4,6.8,309,27.31,4.06,813.5,3.8,1864.0,32.161686,77.1584
HP-MNL,2023-04-22,11.1,13.4,9.1,43,54,0.2,0.2,4.1,46,25.32,3.99,814.5,-1.1,1864.0,32.161686,77.1584
HP-MNL,2023-04-23,11.5,15.9,8.4,33,53,0.0,0.0,4.9,341,30.05,4.86,815.1,-4.9,1864.0,32.161686,77.1584
HP-MNL,2023-04-24,12.5,16.8,9.5,35,73,0.0,0.0,4.1,33,29.29,4.92,818.3,-4.9,1864.0,32.161686,77.1584
HP-MNL,2023-04-25,11.8,15.1,8.9,48,91,0.0,0.0,3.8,54,28.18,4.61,819.0,-0.4,1864.0,32.161686,77.1584
HP-MNL,2023-04-26,12.8,15.3,10.3,42,76,0.5,0.3,5.9,68,27.5,4.55,817.5,-1.5,1864.0,32.161686,77.1584
HP-MNL,2023-04-27,11.3,15.1,7.6,56,76,1.3,1.3,4.5,327,24.21,3.89,817.3,2.5,1864.0,32.161686,77.1584
HP-MNL,2023-04-28,12.8,16.9,8.5,35,58,0.0,0.0,5.6,354,29.66,5.02,818.4,-2.9,1864.0,32.161686,77.1584
HP-MNL,2023-04-29,13.7,17.6,11.0,38,70,0.0,0.0,5.1,325,28.53,4.83,817.4,-2.2,1864.0,32.161686,77.1584
HP-MNL,2023-04-30,13.0,15.5,10.7,55,100,0.0,0.0,4.6,270,28.2,4.6,815.1,3.0,1864.0,32.161686,77.1584
HP-MNL,2023-05-01,11.9,12.9,10.7,75,92,1.8,1.2,4.1,214,21.13,3.38,814.4,7.4,1864.0,32.161686,77.1584
HP-MNL,2023-05-02,11.3,12.2,10.0,73,87,41.6,18.7,5.4,267,19.09,3.08,815.7,6.6,1864.0,32.161686,77.1584
HP-MNL,2023-05-03,10.6,12.4,9.7,81,89,55.0,34.9,4.3,342,16.73,2.68,816.8,7.5,1864.0,32.161686,77.1584
HP-MNL,2023-05-04,11.7,15.4,6.8,63,87,11.8,4.3,4.9,286,29.42,4.77,817.0,4.5,1864.0,32.161686,77.1584
HP-MNL,2023-05-05,13.0,15.2,11.0,60,82,13.2,10.3,6.4,264,26.51,4.27,816.5,5.2,1864.0,32.161686,77.1584
HP-MNL,2023-05-06,12.8,16.1,9.9,52,77,10.5,7.7,6.5,311,25.75,4.35,815.9,2.7,1864.0,32.161686,77.1584
HP-MNL,2023-05-07,12.4,15.5,10.1,56,74,14.0,6.3,4.5,280,28.32,4.65,816.6,3.6,1864.0,32.161686,77.1584
HP-MNL,2023-05-08,10.7,15.5,8.4,62,80,20.0,5.7,8.7,309,25.17,3.95,816.2,3.4,1864.0,32.161686,77.1584
HP-MNL,2023-05-09,9.8,14.3,4.2,62,87,33.6,20.3,7.8,312,27.76,4.24,816.3,2.5,1864.0,32.161686,77.1584
HP-MNL,2023-05-10,13.6,18.9,7.1,29,52,0.0,0.0,5.8,16,32.57,5.7,816.0,-5.2,1864.0,32.161686,77.1584
HP-MNL,2023-05-11,14.6,19.1,11.9,20,31,0.0,0.0,6.6,6,32.8,5.73,819.3,-8.7,1864.0,32.161686,77.1584
HP-MNL,2023-05-12,17.5,21.6,13.2,17,34,0.0,0.0,5.5,360,31.33,5.77,820.4,-9.3,1864.0,32.161686,77.1584
HP-MNL,2023-05-13,16.9,21.0,12.9,29,52,0.1,0.1,5.8,344,28.89,5.4,820.4,-2.2,1864.0,32.161686,77.1584
HP-MNL,2023-05-14,14.9,19.8,10.6,40,56,0.4,0.4,5.6,355,29.43,5.34,817.7,0.8,1864.0,32.161686,77.1584
HP-MNL,2023-05-15,15.3,19.7,11.5,37,51,0.0,0.0,5.5,355,30.33,5.41,816.5,0.5,1864.0,32.161686,77.1584
HP-MNL,2023-05-16,16.3,21.1,11.3,31,47,0.0,0.0,5.1,346,31.06,5.71,817.7,-1.6,1864.0,32.161686,77.1584
HP-MNL,2023-05-17,16.6,20.5,13.8,37,49,0.5,0.5,4.5,338,28.92,5.31,819.3,1.4,1864.0,32.161686,77.1584
HP-MNL,2023-05-18,13.5,15.2,11.2,58,82,10.0,9.7,8.1,312,13.49,2.43,819.9,4.9,1864.0,32.161686,77.1584
HP-MNL,2023-05-19,15.0,19.5,9.6,47,80,1.1,1.1,9.0,1,29.74,5.57,817.9,3.3,1864.0,32.161686,77.1584
HP-MNL,2023-05-20,16.8,21.6,12.8,37,48,0.0,0.0,7.6,13,30.52,5.74,817.6,1.9,1864.0,32.161686,77.1584
HP-MNL,2023-05-21,18.5,24.1,11.9,28,37,0.0,0.0,8.8,7,30.79,6.36,819.9,-0.9,1864.0,32.161686,77.1584
HP-MNL,2023-05-22,20.1,25.4,13.2,28,38,0.0,0.0,9.8,4,30.41,6.48,821.3,0.9,1864.0,32.161686,77.1584
HP-MNL,2023-05-23,19.9,24.9,14.8,42,72,0.6,0.6,9.7,337,27.15,5.82,821.4,6.1,1864.0,32.161686,77.1584
HP-MNL,2023-05-24,16.7,19.3,14.1,71,88,18.3,18.3,7.7,318,13.99,2.88,818.3,11.3,1864.0,32.161686,77.1584
HP-MNL,2023-05-25,15.1,17.6,12.5,77,86,13.3,13.3,6.5,287,17.2,3.2,816.3,11.0,1864.0,32.161686,77.1584
HP-MNL,2023-05-26,15.3,18.1,11.7,65,83,10.1,9.5,7.2,275,20.46,3.77,817.2,8.7,1864.0,32.161686,77.1584
HP-MNL,2023-05-27,15.1,18.8,11.4,67,82,21.7,21.0,9.4,308,23.91,4.33,817.1,8.9,1864.0,32.161686,77.1584
HP-MNL,2023-05-28,17.3,21.4,12.6,50,68,1.4,1.4,8.4,280,29.22,5.62,818.8,6.6,1864.0,32.161686,77.1584
HP-MNL,2023-05-29,17.8,21.8,14.0,50,82,2.0,2.0,7.0,228,23.69,4.69,820.5,6.7,1864.0,32.161686,77.1584
HP-MNL,2023-05-30,15.2,18.4,11.5,69,92,25.2,25.0,10.2,322,12.45,2.58,820.5,9.0,1864.0,32.161686,77.1584
HP-MNL,2023-05-31,14.3,17.1,12.1,70,86,13.3,13.3,9.8,315,7.23,1.78,817.2,8.6,1864.0,32.161686,77.1584
HP-MNL,2023-06-01,14.0,17.4,11.6,69,84,9.9,9.5,9.5,318,13.61,2.71,817.7,8.3,1864.0,32.161686,77.1584
HP-MNL,2023-06-02,14.0,16.5,11.3,61,80,5.9,5.8,7.4,322,9.1,2.03,816.0,6.6,1864.0,32.161686,77.1584
HP-MNL,2023-06-03,16.1,20.2,11.8,61,83,17.7,16.3,8.3,339,27.81,5.09,818.3,8.4,1864.0,32.161686,77.1584
HP-MNL,2023-06-04,18.5,23.1,13.4,41,68,0.1,0.1,7.2,313,28.44,5.65,818.9,4.7,1864.0,32.161686,77.1584
HP-MNL,2023-06-05,18.8,21.6,14.5,41,67,0.2,0.2,7.3,3,24.83,5.0,818.3,5.0,1864.0,32.161686,77.1584
HP-MNL,2023-06-06,16.1,19.5,10.4,61,82,2.5,2.5,8.9,38,24.12,4.6,817.4,8.3,1864.0,32.161686,77.1584
HP-MNL,2023-06-07,17.7,21.2,14.2,52,69,0.8,0.8,8.3,354,24.93,4.88,818.1,7.4,1864.0,32.161686,77.1584
HP-MNL,2023-06-08,18.7,23.4,12.0,53,74,0.3,0.3,9.2,25,27.02,5.34,817.7,8.7,1864.0,32.161686,77.1584
HP-MNL,2023-06-09,19.4,24.0,14.0,53,73,0.6,0.6,7.8,16,23.51,4.88,816.6,9.3,1864.0,32.161686,77.1584
HP-MNL,2023-06-10,20.4,25.2,14.0,55,72,0.7,0.7,8.7,4,25.1,5.19,816.3,10.7,1864.0,32.161686,77.1584
HP-MNL,2023-06-11,20.6,24.7,17.9,54,79,0.3,0.3,8.6,328,21.22,4.4,815.6,10.8,1864.0,32.161686,77.1584
HP-MNL,2023-06-12,20.7,24.3,17.3,60,83,0.4,0.4,8.5,289,25.31,5.19,815.6,12.3,1864.0,32.161686,77.1584
HP-MNL,2023-06-13,20.7,25.2,16.7,60,81,0.2,0.2,9.0,177,24.38,4.96,816.1,12.4,1864.0,32.161686,77.1584
HP-MNL,2023-06-14,20.2,23.0,18.1,73,89,11.4,11.4,7.2,168,19.83,3.87,816.0,15.1,1864.0,32.161686,77.1584
HP-MNL,2023-06-15,20.0,23.5,16.7,62,86,0.5,0.5,7.6,184,20.97,4.24,816.1,12.3,1864.0,32.161686,77.1584
HP-MNL,2023-06-16,20.7,24.1,18.0,60,82,0.1,0.1,7.8,228,23.81,4.87,816.2,12.5,1864.0,32.161686,77.1584
HP-MNL,2023-06-17,21.7,25.5,17.6,48,64,0.2,0.2,8.7,199,27.41,5.7,817.5,10.1,1864.0,32.161686,77.1584
HP-MNL,2023-06-18,22.0,25.1,19.1,58,91,4.1,4.1,9.0,177,25.62,5.27,818.2,13.0,1864.0,32.161686,77.1584
HP-MNL,2023-06-19,22.3,25.1,20.0,63,86,0.9,0.9,7.6,171,25.68,5.2,817.7,14.8,1864.0,32.161686,77.1584
HP-MNL,2023-06-20,23.1,26.4,20.7,63,93,0.9,0.9,8.6,179,28.25,5.81,817.2,14.9,1864.0,32.161686,77.1584
HP-MNL,2023-06-21,23.1,26.6,20.3,69,93,0.0,0.0,7.6,174,27.21,5.54,817.9,16.7,1864.0,32.161686,77.1584
HP-MNL,2023-06-22,24.0,27.8,21.4,60,96,0.1,0.1,8.3,170,27.41,5.75,818.1,14.6,1864.0,32.161686,77.1584
HP-MNL,2023-06-23,23.7,27.0,21.2,83,100,0.6,0.6,8.6,188,22.25,4.6,818.2,20.5,1864.0,32.161686,77.1584
HP-MNL,2023-06-24,22.9,28.0,19.5,82,100,4.9,4.9,9.7,204,15.97,3.43,817.5,19.5,1864.0,32.161686,77.1584
HP-MNL,2023-06-25,21.6,24.2,19.5,87,99,1.9,1.9,8.7,192,17.32,3.47,817.0,19.2,1864.0,32.161686,77.1584
HP-MNL,2023-06-26,22.0,23.8,19.8,68,79,0.3,0.3,6.5,295,14.87,3.29,818.1,15.8,1864.0,32.161686,77.1584
HP-MNL,2023-06-27,21.5,24.7,16.9,71,90,11.0,11.0,8.7,238,19.61,4.1,817.3,15.9,1864.0,32.161686,77.1584
HP-MNL,2023-06-28,21.2,24.2,18.4,76,93,2.4,2.4,6.9,222,24.69,4.88,818.5,16.6,1864.0,32.161686,77.1584
HP-MNL,2023-06-29,21.2,24.0,18.7,82,97,4.2,4.2,10.1,187,22.72,4.39,817.2,18.0,1864.0,32.161686,77.1584
HP-MNL,2023-06-30,20.7,24.9,14.7,84,97,7.5,7.5,8.4,191,26.0,5.09,815.4,17.8,1864.0,32.161686,77.1584
HP-MNL,2023-07-01,20.7,24.3,16.7,83,98,13.2,13.2,8.8,195,22.84,4.52,816.0,17.5,1864.0,32.161686,77.1584
HP-MNL,2023-07-02,21.4,25.2,18.6,80,98,2.3,2.3,8.7,191,26.8,5.23,817.0,17.6,1864.0,32.161686,77.1584
HP-MNL,2023-07-03,21.8,25.1,16.9,85,100,2.6,2.6,8.7,175,24.35,4.79,817.4,18.9,1864.0,32.161686,77.1584
HP-MNL,2023-07-04,21.1,24.3,16.4,81,98,0.9,0.9,8.3,195,22.15,4.42,815.7,17.5,1864.0,32.161686,77.1584
HP-MNL,2023-07-05,20.6,22.5,19.2,80,97,7.9,7.9,6.1,259,9.51,2.14,815.8,16.8,1864.0,32.161686,77.1584
HP-MNL,2023-07-06,21.7,25.0,19.1,67,89,0.5,0.5,9.0,209,24.42,4.9,817.7,15.3,1864.0,32.161686,77.1584
HP-MNL,2023-07-07,21.3,23.6,18.0,73,90,4.4,4.4,8.7,243,17.52,3.63,818.4,16.3,1864.0,32.161686,77.1584
HP-MNL,2023-07-08,20.5,22.3,19.0,77,84,36.1,36.1,7.2,337,5.52,1.53,818.5,16.4,1864.0,32.161686,77.1584
HP-MNL,2023-07-09,20.1,21.6,18.3,75,85,103.3,103.3,9.5,345,1.62,0.87,817.0,15.3,1864.0,32.161686,77.1584
HP-MNL,2023-07-10,20.3,22.0,18.7,73,82,99.3,99.3,7.3,355,2.11,0.98,817.9,15.0,1864.0,32.161686,77.1584
HP-MNL,2023-07-11,21.9,24.1,19.6,70,89,15.8,15.8,8.6,181,16.65,3.53,817.8,16.1,1864.0,32.161686,77.1584
HP-MNL,2023-07-12,22.2,25.6,19.9,71,95,0.1,0.1,9.6,203,24.88,4.98,817.7,16.3,1864.0,32.161686,77.1584
HP-MNL,2023-07-13,21.7,25.1,17.8,73,87,0.0,0.0,10.1,208,22.76,4.57,817.7,16.6,1864.0,32.161686,77.1584
HP-MNL,2023-07-14,22.2,25.0,18.4,76,93,0.0,0.0,8.6,186,20.79,4.16,818.3,17.6,1864.0,32.161686,77.1584
HP-MNL,2023-07-15,22.3,25.1,20.4,80,98,0.0,0.0,8.0,182,22.88,4.55,817.7,18.6,1864.0,32.161686,77.1584
HP-MNL,2023-07-16,21.8,24.0,18.3,83,98,1.4,1.4,5.1,213,14.1,2.96,817.9,18.7,1864.0,32.161686,77.1584
HP-MNL,2023-07-17,22.4,25.6,19.1,76,100,0.4,0.4,7.2,209,20.69,4.21,817.3,17.7,1864.0,32.161686,77.1584
HP-MNL,2023-07-18,21.8,23.9,19.9,86,96,0.2,0.2,8.4,197,17.05,3.41,816.9,19.3,1864.0,32.161686,77.1584
HP-MNL,2023-07-19,21.7,23.9,20.1,86,99,0.0,0.0,6.2,184,10.43,2.24,817.3,19.2,1864.0,32.161686,77.1584
HP-MNL,2023-07-20,21.9,24.7,19.9,90,100,3.3,3.3,7.4,177,16.62,3.33,817.9,20.2,1864.0,32.161686,77.1584
HP-MNL,2023-07-21,22.5,25.2,20.5,87,96,15.1,15.1,8.9,173,21.92,4.33,819.6,20.2,1864.0,32.161686,77.1584
HP-MNL,2023-07-22,21.3,23.1,19.5,90,98,11.8,11.8,7.1,162,12.38,2.52,821.4,19.5,1864.0,32.161686,77.1584
HP-MNL,2023-07-23,21.3,23.5,19.5,88,99,18.8,18.8,9.9,155,21.13,4.07,821.4,19.1,1864.0,32.161686,77.1584
HP-MNL,2023-07-24,21.3,24.1,19.2,87,100,11.3,11.3,7.0,159,22.75,4.41,819.1,19.0,1864.0,32.161686,77.1584
HP-MNL,2023-07-25,21.3,25.1,19.2,90,98,31.9,31.9,9.3,167,17.72,3.54,818.6,19.4,1864.0,32.161686,77.1584
HP-MNL,2023-07-26,21.0,23.1,19.1,90,100,11.2,11.2,7.9,166,14.61,2.88,819.0,19.2,1864.0,32.161686,77.1584
HP-MNL,2023-07-27,20.9,24.5,19.5,86,96,9.2,9.2,9.5,165,16.7,3.31,818.4,18.4,1864.0,32.161686,77.1584
HP-MNL,2023-07-28,20.4,22.9,17.2,86,96,11.4,11.4,6.2,180,13.54,2.73,816.1,18.0,1864.0,32.161686,77.1584
HP-MNL,2023-07-29,20.2,22.7,16.5,85,94,1.7,1.7,8.0,204,18.46,3.6,815.2,17.6,1864.0,32.161686,77.1584
HP-MNL,2023-07-30,20.8,24.1,15.7,83,96,2.0,2.0,9.1,198,22.65,4.38,815.1,17.8,1864.0,32.161686,77.1584
HP-MNL,2023-07-31,21.8,24.8,18.0,83,93,0.7,0.7,7.9,180,24.32,4.69,815.3,18.7,1864.0,32.161686,77.1584
HP-MNL,2023-08-01,22.4,25.4,19.5,81,99,0.2,0.2,7.9,184,27.09,5.31,814.9,18.9,1864.0,32.161686,77.1584
HP-MNL,2023-08-02,21.8,25.8,17.9,84,98,1.5,1.5,7.7,197,24.87,4.91,815.1,18.9,1864.0,32.161686,77.1584
HP-MNL,2023-08-03,21.5,25.4,16.5,87,97,2.8,2.8,7.8,189,24.86,4.84,815.2,19.2,1864.0,32.161686,77.1584
HP-MNL,2023-08-04,21.8,25.6,17.2,83,98,5.0,5.0,7.9,195,23.85,4.74,817.1,18.7,1864.0,32.161686,77.1584
HP-MNL,2023-08-05,21.1,24.6,17.7,89,99,2.9,2.9,7.6,190,22.36,4.35,817.8,19.2,1864.0,32.161686,77.1584
HP-MNL,2023-08-06,21.2,24.2,18.2,90,98,14.8,14.8,7.7,181,17.68,3.47,815.3,19.4,1864.0,32.161686,77.1584
HP-MNL,2023-08-07,20.8,23.6,18.8,93,98,28.2,28.2,8.9,176,17.73,3.39,813.0,19.6,1864.0,32.161686,77.1584
HP-MNL,2023-08-08,20.7,24.5,17.1,91,100,7.6,7.6,8.7,195,21.72,4.18,814.1,19.2,1864.0,32.161686,77.1584
HP-MNL,2023-08-09,21.3,25.0,17.7,90,100,1.4,1.4,8.0,181,23.59,4.58,817.5,19.4,1864.0,32.161686,77.1584
HP-MNL,2023-08-10,21.3,24.0,18.7,89,97,1.5,1.5,8.2,180,17.1,3.35,818.9,19.3,1864.0,32.161686,77.1584
HP-MNL,2023-08-11,21.6,24.6,19.4,89,98,1.1,1.1,9.4,185,15.51,3.1,819.1,19.6,1864.0,32.161686,77.1584
HP-MNL,2023-08-12,21.7,24.3,18.2,90,98,6.8,6.8,8.0,177,21.16,4.07,816.8,19.9,1864.0,32.161686,77.1584
HP-MNL,2023-08-13,21.8,24.5,18.0,90,99,36.4,36.4,9.2,195,18.81,3.7,815.0,20.0,1864.0,32.161686,77.1584
HP-MNL,2023-08-14,20.6,22.5,19.3,93,99,28.6,28.6,5.9,176,10.75,2.18,817.7,19.5,1864.0,32.161686,77.1584
HP-MNL,2023-08-15,20.7,24.2,18.4,88,100,6.9,6.9,8.0,192,18.57,3.61,818.7,18.6,1864.0,32.161686,77.1584
HP-MNL,2023-08-16,21.6,24.9,19.4,85,96,0.7,0.7,6.9,190,22.58,4.41,819.1,18.9,1864.0,32.161686,77.1584
HP-MNL,2023-08-17,21.8,24.8,19.3,82,97,2.1,2.1,8.7,174,23.6,4.61,818.6,18.4,1864.0,32.161686,77.1584
HP-MNL,2023-08-18,22.0,25.9,18.7,82,95,0.8,0.8,8.6,188,25.86,5.08,819.5,18.6,1864.0,32.161686,77.1584
HP-MNL,2023-08-19,22.6,24.6,20.3,76,92,0.6,0.6,6.9,176,18.84,3.8,820.8,18.1,1864.0,32.161686,77.1584
HP-MNL,2023-08-20,22.6,26.0,19.1,82,98,0.3,0.3,7.8,192,23.05,4.54,821.0,19.3,1864.0,32.161686,77.1584
HP-MNL,2023-08-21,22.2,25.6,18.6,91,100,11.2,11.2,9.4,174,21.37,4.18,819.2,20.6,1864.0,32.161686,77.1584
HP-MNL,2023-08-22,22.2,25.1,19.6,91,100,2.2,2.2,8.6,176,15.94,3.18,817.1,20.7,1864.0,32.161686,77.1584
HP-MNL,2023-08-23,21.5,23.3,19.8,93,98,34.5,34.5,9.2,179,11.6,2.36,815.5,20.3,1864.0,32.161686,77.1584
HP-MNL,2023-08-24,20.2,23.2,18.6,94,100,25.9,25.9,8.5,194,14.52,2.83,814.2,19.2,1864.0,32.161686,77.1584
HP-MNL,2023-08-25,20.1,24.0,18.2,87,98,17.0,17.0,8.7,185,17.43,3.34,814.7,17.8,1864.0,32.161686,77.1584
HP-MNL,2023-08-26,20.1,22.0,18.3,80,93,1.0,1.0,6.2,165,15.34,3.03,816.2,16.5,1864.0,32.161686,77.1584
HP-MNL,2023-08-27,19.5,22.6,17.9,82,97,10.5,10.5,10.2,180,20.66,3.89,815.7,16.3,1864.0,32.161686,77.1584
HP-MNL,2023-08-28,18.8,22.2,15.9,83,92,5.1,5.1,9.0,208,21.45,3.99,815.1,15.7,1864.0,32.161686,77.1584
HP-MNL,2023-08-29,19.6,23.6,15.5,73,93,0.7,0.7,9.1,201,23.49,4.47,817.8,14.4,1864.0,32.161686,77.1584
HP-MNL,2023-08-30,21.1,24.6,16.9,64,80,0.0,0.0,7.5,153,25.09,4.92,819.7,13.9,1864.0,32.161686,77.1584
HP-MNL,2023-08-31,21.5,25.0,18.1,72,98,0.0,0.0,8.6,179,25.55,5.06,820.9,15.8,1864.0,32.161686,77.1584
HP-MNL,2023-09-01,21.2,24.3,16.7,84,100,0.3,0.3,9.2,180,20.91,4.07,820.8,18.3,1864.0,32.161686,77.1584
HP-MNL,2023-09-02,20.5,24.5,15.0,84,100,2.9,2.9,9.1,210,18.67,3.67,819.1,17.4,1864.0,32.161686,77.1584
HP-MNL,2023-09-03,21.3,25.2,17.6,70,90,2.5,2.5,8.9,232,22.81,4.52,818.8,15.4,1864.0,32.161686,77.1584
HP-MNL,2023-09-04,21.1,24.1,16.5,60,77,0.0,0.0,8.6,195,22.91,4.57,818.8,12.8,1864.0,32.161686,77.1584
HP-MNL,2023-09-05,20.6,24.0,17.9,64,76,0.0,0.0,9.0,191,22.99,4.51,820.0,13.4,1864.0,32.161686,77.1584
HP-MNL,2023-09-06,20.5,24.0,13.1,62,81,0.0,0.0,8.3,232,23.76,4.74,821.0,12.6,1864.0,32.161686,77.1584
HP-MNL,2023-09-07,21.0,24.9,16.0,59,77,0.0,0.0,9.7,254,24.65,5.02,820.8,12.4,1864.0,32.161686,77.1584
HP-MNL,2023-09-08,20.7,24.0,16.8,70,92,1.5,1.5,9.2,187,22.37,4.38,820.1,14.9,1864.0,32.161686,77.1584
HP-MNL,2023-09-09,20.2,24.6,13.2,79,96,5.2,5.2,7.9,194,22.0,4.25,818.4,16.3,1864.0,32.161686,77.1584
HP-MNL,2023-09-10,20.5,23.8,17.2,82,96,0.0,0.0,8.6,172,21.93,4.17,817.1,17.3,1864.0,32.161686,77.1584
HP-MNL,2023-09-11,21.0,24.2,18.0,80,92,0.3,0.3,9.0,191,21.31,4.1,817.7,17.3,1864.0,32.161686,77.1584
HP-MNL,2023-09-12,21.8,25.3,19.3,82,97,0.0,0.0,8.3,174,22.1,4.32,818.4,18.4,1864.0,32.161686,77.1584
HP-MNL,2023-09-13,21.7,25.0,16.8,88,99,0.8,0.8,8.9,186,18.58,3.65,818.7,19.5,1864.0,32.161686,77.1584
HP-MNL,2023-09-14,22.0,25.1,18.7,83,99,7.8,7.8,8.8,187,18.81,3.74,820.2,18.8,1864.0,32.161686,77.1584
HP-MNL,2023-09-15,20.8,23.2,17.2,84,94,1.6,1.6,7.6,190,14.55,2.86,820.7,18.0,1864.0,32.161686,77.1584
HP-MNL,2023-09-16,21.2,24.7,17.7,71,84,3.2,3.2,8.7,317,15.6,3.22,820.8,15.5,1864.0,32.161686,77.1584
HP-MNL,2023-09-17,21.6,24.0,19.4,65,84,2.7,2.7,9.0,217,18.68,3.72,819.4,14.5,1864.0,32.161686,77.1584
HP-MNL,2023-09-18,20.6,23.9,18.1,71,92,15.6,15.6,7.8,302,11.89,2.52,819.4,15.1,1864.0,32.161686,77.1584
HP-MNL,2023-09-19,20.5,24.1,16.1,74,93,0.5,0.5,8.3,232,18.97,3.72,820.9,15.6,1864.0,32.161686,77.1584
HP-MNL,2023-09-20,19.8,23.5,16.1,83,98,3.0,3.0,9.2,210,16.47,3.23,820.7,16.7,1864.0,32.161686,77.1584
HP-MNL,2023-09-21,20.0,23.7,15.7,74,93,5.5,5.5,9.4,209,20.7,3.99,820.0,15.1,1864.0,32.161686,77.1584
HP-MNL,2023-09-22,19.5,22.6,17.0,74,91,2.0,2.0,9.7,185,18.91,3.57,819.8,14.5,1864.0,32.161686,77.1584
HP-MNL,2023-09-23,18.7,22.0,15.5,76,97,14.9,14.9,7.9,203,14.5,2.9,820.0,14.2,1864.0,32.161686,77.1584
HP-MNL,2023-09-24,18.6,22.6,14.3,64,91,4.7,4.7,8.8,256,17.65,3.54,819.0,11.4,1864.0,32.161686,77.1584
HP-MNL,2023-09-25,18.6,22.8,12.0,52,81,4.9,4.9,10.9,259,18.68,3.84,819.6,8.2,1864.0,32.161686,77.1584
HP-MNL,2023-09-26,18.9,22.0,14.6,52,79,0.7,0.7,9.8,250,22.24,4.4,820.5,8.7,1864.0,32.161686,77.1584
HP-MNL,2023-09-27,19.1,23.1,14.5,45,72,0.0,0.0,8.9,267,23.1,4.72,820.1,6.5,1864.0,32.161686,77.1584
HP-MNL,2023-09-28,19.3,23.5,14.8,40,76,0.0,0.0,8.8,286,23.38,4.87,819.8,4.6,1864.0,32.161686,77.1584
HP-MNL,2023-09-29,18.7,22.8,13.3,49,87,8.1,8.1,10.0,288,21.41,4.4,820.4,6.9,1864.0,32.161686,77.1584
HP-MNL,2023-09-30,16.9,20.4,12.6,70,96,34.2,34.0,8.5,313,16.97,3.32,820.8,10.9,1864.0,32.161686,77.1584
HP-MNL,2023-10-01,19.2,22.2,15.5,53,69,0.8,0.8,10.2,301,19.81,4.1,819.9,9.3,1864.0,32.161686,77.1584
HP-MNL,2023-10-02,16.5,19.2,13.5,73,98,36.6,36.6,11.2,299,13.97,2.73,819.5,11.3,1864.0,32.161686,77.1584
HP-MNL,2023-10-03,17.6,21.6,11.7,62,88,4.4,4.4,10.9,283,19.8,3.89,819.8,9.8,1864.0,32.161686,77.1584
HP-MNL,2023-10-04,18.5,21.6,15.3,58,84,0.0,0.0,9.8,220,20.26,3.87,820.4,9.6,1864.0,32.161686,77.1584
HP-MNL,2023-10-05,18.8,22.1,16.3,60,82,0.0,0.0,8.7,198,21.21,3.92,819.8,10.6,1864.0,32.161686,77.1584
HP-MNL,2023-10-06,19.8,23.2,16.6,65,88,0.0,0.0,9.7,194,21.32,3.94,819.2,12.7,1864.0,32.161686,77.1584
HP-MNL,2023-10-07,18.8,21.9,15.3,60,84,12.3,12.3,10.5,232,19.27,3.67,820.6,10.4,1864.0,32.161686,77.1584
HP-MNL,2023-10-08,17.8,22.3,12.1,59,89,11.0,11.0,10.1,275,20.28,3.97,820.8,9.4,1864.0,32.161686,77.1584
HP-MNL,2023-10-09,17.7,21.6,13.8,43,62,1.1,1.1,11.1,248,21.09,4.26,820.7,4.8,1864.0,32.161686,77.1584
HP-MNL,2023-10-10,14.6,17.1,11.5,65,90,20.2,17.0,10.1,3,14.37,2.55,821.5,7.8,1864.0,32.161686,77.1584
HP-MNL,2023-10-11,15.8,20.8,10.0,54,81,0.0,0.0,9.4,47,21.33,3.95,820.1,6.1,1864.0,32.161686,77.1584
HP-MNL,2023-10-12,17.7,21.3,14.6,50,75,0.0,0.0,9.8,213,21.12,3.88,822.0,6.4,1864.0,32.161686,77.1584
HP-MNL,2023-10-13,16.5,20.6,11.4,58,80,0.0,0.0,9.7,272,19.81,3.75,822.5,8.0,1864.0,32.161686,77.1584
HP-MNL,2023-10-14,15.2,19.4,11.4,61,86,7.6,7.6,10.5,267,13.24,2.64,822.2,7.5,1864.0,32.161686,77.1584
HP-MNL,2023-10-15,14.0,15.9,12.3,68,84,4.8,4.8,7.9,261,8.85,1.7,820.2,8.0,1864.0,32.161686,77.1584
HP-MNL,2023-10-16,11.1,13.5,9.3,63,92,9.0,5.3,9.8,327,3.97,1.26,819.2,3.9,1864.0,32.161686,77.1584
HP-MNL,2023-10-17,9.3,14.7,3.3,65,94,7.3,1.9,10.5,318,13.13,2.37,819.9,2.6,1864.0,32.161686,77.1584
HP-MNL,2023-10-18,10.5,16.1,2.7,49,84,0.0,0.0,7.9,295,19.74,3.33,819.8,-0.3,1864.0,32.161686,77.1584
HP-MNL,2023-10-19,12.1,16.6,7.7,40,64,0.0,0.0,8.5,294,19.96,3.57,820.2,-1.6,1864.0,32.161686,77.1584
HP-MNL,2023-10-20,12.1,17.3,5.5,44,73,0.0,0.0,9.5,283,19.55,3.51,821.0,-0.4,1864.0,32.161686,77.1584
HP-MNL,2023-10-21,12.7,17.3,8.6,42,70,0.0,0.0,8.8,271,19.04,3.36,821.8,-0.4,1864.0,32.161686,77.1584
HP-MNL,2023-10-22,12.5,16.7,8.8,40,67,0.0,0.0,8.1,290,16.28,3.04,822.6,-1.0,1864.0,32.161686,77.1584
HP-MNL,2023-10-23,12.5,16.2,9.4,47,61,0.2,0.2,8.9,317,17.25,3.06,821.8,1.5,1864.0,32.161686,77.1584
HP-MNL,2023-10-24,11.4,16.9,4.9,45,65,0.0,0.0,10.2,336,18.25,3.36,821.0,-0.3,1864.0,32.161686,77.1584
HP-MNL,2023-10-25,11.5,17.0,4.5,43,57,0.0,0.0,9.8,11,18.73,3.43,821.2,-0.7,1864.0,32.161686,77.1584
HP-MNL,2023-10-26,13.4,17.6,9.9,40,60,0.0,0.0,7.6,143,18.87,3.35,821.3,-0.6,1864.0,32.161686,77.1584
HP-MNL,2023-10-27,13.7,18.5,9.9,42,70,0.0,0.0,10.4,320,18.34,3.45,820.4,0.5,1864.0,32.161686,77.1584
HP-MNL,2023-10-28,14.5,18.7,11.0,42,70,0.0,0.0,9.0,305,17.43,3.32,821.2,0.7,1864.0,32.161686,77.1584
HP-MNL,2023-10-29,13.7,17.4,10.1,49,68,0.0,0.0,7.4,18,18.05,3.27,821.2,2.7,1864.0,32.161686,77.1584
HP-MNL,2023-10-30,12.6,17.5,5.5,54,81,0.0,0.0,8.2,341,17.03,3.08,821.5,3.2,1864.0,32.161686,77.1584
HP-MNL,2023-10-31,14.1,18.1,6.4,41,61,0.0,0.0,9.1,352,17.58,3.32,823.7,0.8,1864.0,32.161686,77.1584
HP-MNL,2023-11-01,14.4,18.2,9.4,35,45,0.0,0.0,9.0,332,17.94,3.43,824.6,-1.0,1864.0,32.161686,77.1584
HP-MNL,2023-11-02,13.8,17.9,8.6,37,47,0.0,0.0,9.9,305,16.98,3.32,822.2,-0.9,1864.0,32.161686,77.1584
HP-MNL,2023-11-03,12.2,16.4,7.0,40,57,0.3,0.3,10.1,347,15.03,2.91,819.2,-1.3,1864.0,32.161686,77.1584
HP-MNL,2023-11-04,11.6,16.2,4.8,44,62,0.0,0.0,8.3,80,17.45,2.98,818.8,-0.5,1864.0,32.161686,77.1584
HP-MNL,2023-11-05,13.5,17.4,11.0,43,66,0.0,0.0,8.1,53,17.4,2.99,820.4,0.5,1864.0,32.161686,77.1584
HP-MNL,2023-11-06,13.1,17.0,10.5,43,64,0.0,0.0,8.6,239,16.05,2.85,821.5,0.3,1864.0,32.161686,77.1584
HP-MNL,2023-11-07,12.5,16.4,9.4,48,60,0.0,0.0,8.5,217,16.3,2.73,820.7,1.7,1864.0,32.161686,77.1584
HP-MNL,2023-11-08,12.1,16.0,9.4,51,69,0.0,0.0,8.3,178,14.69,2.55,820.1,2.2,1864.0,32.161686,77.1584
HP-MNL,2023-11-09,10.9,15.6,8.3,54,85,7.2,3.2,9.8,280,15.51,2.64,819.5,1.4,1864.0,32.161686,77.1584
HP-MNL,2023-11-10,8.6,10.5,6.8,70,84,11.1,1.9,9.9,295,12.39,1.86,819.6,3.2,1864.0,32.161686,77.1584
HP-MNL,2023-11-11,9.8,13.7,1.8,58,77,0.0,0.0,6.9,299,17.48,2.58,820.3,1.6,1864.0,32.161686,77.1584
HP-MNL,2023-11-12,13.2,16.9,9.8,27,53,0.0,0.0,8.2,312,17.83,3.14,821.6,-7.3,1864.0,32.161686,77.1584
HP-MNL,2023-11-13,12.0,15.5,9.7,37,62,2.3,1.4,9.4,292,17.36,2.94,821.4,-3.6,1864.0,32.161686,77.1584
HP-MNL,2023-11-14,11.0,14.5,7.4,40,61,0.0,0.0,10.1,307,16.98,2.75,821.0,-3.0,1864.0,32.161686,77.1584
HP-MNL,2023-11-15,11.1,15.1,7.1,32,62,0.0,0.0,8.6,325,17.0,3.04,821.3,-6.7,1864.0,32.161686,77.1584
HP-MNL,2023-11-16,12.3,16.0,9.4,29,64,0.0,0.0,6.6,309,16.23,2.79,822.5,-7.6,1864.0,32.161686,77.1584
HP-MNL,2023-11-17,13.1,17.3,10.2,36,76,0.0,0.0,7.8,318,16.25,2.82,823.0,-3.5,1864.0,32.161686,77.1584
HP-MNL,2023-11-18,13.4,17.2,9.4,29,68,0.0,0.0,9.2,345,16.01,3.05,821.4,-6.2,1864.0,32.161686,77.1584
HP-MNL,2023-11-19,13.6,16.5,10.9,28,63,0.0,0.0,8.3,318,15.56,2.92,821.7,-5.5,1864.0,32.161686,77.1584
HP-MNL,2023-11-20,12.2,16.0,8.7,28,57,0.0,0.0,9.0,324,15.16,3.03,821.4,-6.1,1864.0,32.161686,77.1584
HP-MNL,2023-11-21,11.6,16.9,5.0,30,65,0.0,0.0,9.2,348,15.68,2.94,820.1,-6.4,1864.0,32.161686,77.1584
HP-MNL,2023-11-22,13.4,19.0,6.9,22,42,0.0,0.0,10.0,354,15.76,3.12,818.4,-9.2,1864.0,32.161686,77.1584
HP-MNL,2023-11-23,12.2,16.2,6.8,36,81,11.4,1.3,10.7,314,15.25,2.73,818.0,-5.1,1864.0,32.161686,77.1584
HP-MNL,2023-11-24,10.1,13.8,6.8,42,64,0.0,0.0,9.2,304,15.69,2.6,819.5,-2.5,1864.0,32.161686,77.1584
HP-MNL,2023-11-25,11.5,15.5,7.7,23,43,0.0,0.0,9.3,356,14.95,2.64,820.7,-10.7,1864.0,32.161686,77.1584
HP-MNL,2023-11-26,12.5,15.8,10.3,31,72,0.0,0.0,8.4,315,12.06,2.32,821.8,-5.6,1864.0,32.161686,77.1584
HP-MNL,2023-11-27,11.4,14.2,6.8,52,93,1.5,0.7,8.3,26,8.56,1.69,820.2,-0.0,1864.0,32.161686,77.1584
HP-MNL,2023-11-28,9.4,11.6,7.9,59,77,0.0,0.0,8.3,40,13.86,2.07,819.0,1.7,1864.0,32.161686,77.1584
HP-MNL,2023-11-29,10.9,13.6,8.4,46,70,0.0,0.0,7.6,31,12.74,2.3,819.9,-0.8,1864.0,32.161686,77.1584
HP-MNL,2023-11-30,8.7,9.7,6.5,58,74,1.2,0.0,9.9,337,4.62,1.08,819.1,0.6,1864.0,32.161686,77.1584
HP-MNL,2023-12-01,7.1,9.1,5.5,75,83,42.2,0.7,6.9,2,11.77,1.6,820.0,2.9,1864.0,32.161686,77.1584
HP-MNL,2023-12-02,7.1,11.4,3.4,40,77,5.2,0.0,5.9,351,15.5,2.24,818.7,-6.8,1864.0,32.161686,77.1584
HP-MNL,2023-12-03,7.5,12.3,3.1,19,28,0.0,0.0,6.4,356,15.65,2.42,818.1,-15.2,1864.0,32.161686,77.1584
HP-MNL,2023-12-04,6.6,10.7,2.8,50,96,0.1,0.1,5.6,8,14.21,2.03,816.6,-4.8,1864.0,32.161686,77.1584
HP-MNL,2023-12-05,6.7,11.3,2.3,28,48,0.0,0.0,5.7,1,15.21,2.2,816.3,-11.4,1864.0,32.161686,77.1584
HP-MNL,2023-12-06,7.1,12.2,3.3,22,36,0.0,0.0,5.9,9,15.22,2.35,818.1,-13.8,1864.0,32.161686,77.1584
HP-MNL,2023-12-07,7.1,12.2,2.3,19,34,0.0,0.0,7.1,10,15.25,2.36,817.0,-15.3,1864.0,32.161686,77.1584
HP-MNL,2023-12-08,8.2,12.5,5.5,33,83,11.5,0.0,6.2,318,15.13,2.19,815.8,-13.0,1864.0,32.161686,77.1584
HP-MNL,2023-12-09,7.6,12.6,2.9,37,68,14.5,0.5,6.0,305,15.08,2.19,815.7,-7.3,1864.0,32.161686,77.1584
HP-MNL,2023-12-10,7.8,12.9,2.9,18,43,0.0,0.0,5.1,357,15.63,2.32,813.5,-16.8,1864.0,32.161686,77.1584
HP-MNL,2023-12-11,7.4,10.9,4.2,18,44,0.0,0.0,5.1,340,15.01,2.12,814.2,-18.5,1864.0,32.161686,77.1584
HP-MNL,2023-12-12,5.7,7.5,3.0,61,83,11.9,0.1,5.8,163,9.92,1.35,813.5,-2.0,1864.0,32.161686,77.1584
HP-MNL,2023-12-13,7.1,11.8,2.4,45,80,5.2,0.0,6.9,148,15.1,2.14,814.6,-5.1,1864.0,32.161686,77.1584
HP-MNL,2023-12-14,10.2,15.0,4.8,31,48,0.0,0.0,6.3,302,14.71,2.28,816.7,-7.1,1864.0,32.161686,77.1584
HP-MNL,2023-12-15,11.1,14.5,7.0,17,36,0.0,0.0,8.0,296,13.61,2.12,818.5,-14.2,1864.0,32.161686,77.1584
HP-MNL,2023-12-16,7.6,11.4,4.5,17,36,0.6,0.0,8.0,282,15.01,2.37,815.4,-16.4,1864.0,32.161686,77.1584
HP-MNL,2023-12-17,5.0,7.9,2.0,54,76,33.4,0.6,6.2,294,14.1,1.85,816.4,-5.7,1864.0,32.161686,77.1584
HP-MNL,2023-12-18,5.4,10.7,0.7,18,36,0.0,0.0,5.4,7,15.36,2.19,816.9,-18.2,1864.0,32.161686,77.1584
HP-MNL,2023-12-19,9.3,14.9,3.5,10,26,0.0,0.0,5.8,8,15.35,2.42,818.8,-21.9,1864.0,32.161686,77.1584
HP-MNL,2023-12-20,13.1,17.4,9.5,13,29,0.0,0.0,5.9,345,14.76,2.56,820.6,-15.9,1864.0,32.161686,77.1584
HP-MNL,2023-12-21,13.8,17.8,9.6,14,33,0.0,0.0,5.8,336,14.84,2.54,820.3,-15.2,1864.0,32.161686,77.1584
HP-MNL,2023-12-22,13.3,17.2,10.0,13,30,0.0,0.0,5.4,355,13.93,2.31,820.0,-16.8,1864.0,32.161686,77.1584
HP-MNL,2023-12-23,9.2,12.4,2.6,52,81,4.2,0.8,5.3,329,10.06,1.54,821.5,-1.8,1864.0,32.161686,77.1584
HP-MNL,2023-12-24,10.3,15.0,4.6,32,54,0.2,0.2,5.0,15,12.97,2.1,822.0,-6.5,1864.0,32.161686,77.1584
HP-MNL,2023-12-25,12.5,16.3,8.5,30,53,3.5,1.7,5.2,324,14.85,2.34,820.9,-5.8,1864.0,32.161686,77.1584
HP-MNL,2023-12-26,13.8,16.5,10.3,24,49,0.0,0.0,5.7,239,11.93,2.05,821.1,-11.5,1864.0,32.161686,77.1584
HP-MNL,2023-12-27,10.9,14.9,6.5,31,59,0.1,0.0,6.0,317,14.8,2.36,821.3,-7.2,1864.0,32.161686,77.1584
HP-MNL,2023-12-28,10.2,14.9,5.3,13,26,0.0,0.0,7.0,357,15.15,2.55,819.3,-17.8,1864.0,32.161686,77.1584
HP-MNL,2023-12-29,9.6,13.6,5.9,19,53,0.0,0.0,5.7,326,15.21,2.37,819.2,-16.4,1864.0,32.161686,77.1584
HP-MNL,2023-12-30,9.9,13.0,7.1,19,46,0.0,0.0,6.6,301,12.96,2.03,818.4,-15.4,1864.0,32.161686,77.1584
HP-MNL,2023-12-31,8.4,11.3,5.3,35,54,0.0,0.0,6.5,302,14.63,2.1,817.1,-6.4,1864.0,32.161686,77.1584
