site_id,date,temperature_2m_mean,temperature_2m_max,temperature_2m_min,relative_humidity_2m_mean,relative_humidity_2m_max,precipitation_sum,rain_sum,wind_speed_10m_max,wind_direction_10m_dominant,shortwave_radiation_sum,et0_fao_evapotranspiration,surface_pressure_mean,dew_point_2m_mean,elevation_m,lat,lon
HP-SML,2020-12-01,7.7,15.1,3.2,62,93,0.0,0.0,10.2,20,13.34,2.08,784.9,0.2,2195.0,31.107204,77.17339
HP-SML,2020-12-02,8.2,13.9,2.1,56,72,0.0,0.0,11.8,14,13.49,2.22,784.0,-0.5,2195.0,31.107204,77.17339
HP-SML,2020-12-03,7.8,13.0,1.8,54,86,0.0,0.0,9.6,343,13.52,2.03,783.0,-1.7,2195.0,31.107204,77.17339
HP-SML,2020-12-04,6.0,13.2,0.7,62,83,0.0,0.0,10.0,15,13.22,1.96,780.9,-1.5,2195.0,31.107204,77.17339
HP-SML,2020-12-05,6.5,13.0,0.3,54,70,0.1,0.1,7.2,94,12.98,1.93,782.1,-2.5,2195.0,31.107204,77.17339
HP-SML,2020-12-06,6.8,12.8,2.1,63,84,0.6,0.6,9.0,141,12.73,1.88,784.4,-0.2,2195.0,31.107204,77.17339
HP-SML,2020-12-07,6.3,12.7,0.9,60,82,0.0,0.0,12.6,6,13.02,2.02,784.3,-1.5,2195.0,31.107204,77.17339
HP-SML,2020-12-08,8.1,14.3,3.8,52,74,0.0,0.0,9.9,3,12.12,1.91,785.5,-1.7,2195.0,31.107204,77.17339
HP-SML,2020-12-09,7.1,13.6,2.0,62,84,0.0,0.0,8.9,26,11.1,1.75,783.7,-0.2,2195.0,31.107204,77.17339
HP-SML,2020-12-10,6.5,12.5,2.0,64,82,0.2,0.2,7.2,100,12.02,1.79,783.3,-0.3,2195.0,31.107204,77.17339
HP-SML,2020-12-11,6.1,12.3,1.0,59,77,0.1,0.1,7.2,136,9.37,1.57,782.7,-2.1,2195.0,31.107204,77.17339
HP-SML,2020-12-12,4.2,8.3,0.0,74,87,11.8,11.8,11.9,107,9.21,1.31,781.7,-0.3,2195.0,31.107204,77.17339
HP-SML,2020-12-13,3.0,9.5,-1.5,77,99,0.0,0.0,8.4,144,12.58,1.63,779.5,-1.1,2195.0,31.107204,77.17339
HP-SML,2020-12-14,2.7,10.1,-2.6,67,96,0.0,0.0,8.1,143,13.13,1.73,779.2,-3.6,2195.0,31.107204,77.17339
HP-SML,2020-12-15,2.0,9.2,-3.0,65,95,0.0,0.0,8.5,137,13.11,1.67,780.8,-4.7,2195.0,31.107204,77.17339
HP-SML,2020-12-16,0.7,7.9,-3.8,66,91,0.0,0.0,9.7,159,13.18,1.61,781.2,-5.5,2195.0,31.107204,77.17339
HP-SML,2020-12-17,1.2,9.8,-4.5,60,87,0.0,0.0,8.7,94,13.46,1.76,780.2,-6.8,2195.0,31.107204,77.17339
HP-SML,2020-12-18,1.4,9.6,-3.8,38,63,0.0,0.0,8.4,66,13.56,1.88,779.0,-12.2,2195.0,31.107204,77.17339
HP-SML,2020-12-19,3.3,10.7,-4.0,35,54,0.0,0.0,9.4,37,13.43,2.01,781.4,-11.2,2195.0,31.107204,77.17339
HP-SML,2020-12-20,6.2,11.9,-1.4,32,58,0.0,0.0,9.8,32,13.02,2.2,784.3,-9.9,2195.0,31.107204,77.17339
HP-SML,2020-12-21,6.8,11.7,1.1,40,67,0.0,0.0,7.7,35,9.1,1.7,783.5,-6.9,2195.0,31.107204,77.17339
HP-SML,2020-12-22,4.3,12.6,-1.3,55,80,0.0,0.0,8.0,79,13.17,1.91,780.9,-4.8,2195.0,31.107204,77.17339
HP-SML,2020-12-23,3.7,11.6,-2.1,55,75,0.0,0.0,8.0,129,13.01,1.79,779.9,-5.0,2195.0,31.107204,77.17339
HP-SML,2020-12-24,2.2,9.4,-2.9,59,84,0.0,0.0,8.4,150,13.11,1.75,779.0,-5.8,2195.0,31.107204,77.17339
HP-SML,2020-12-25,2.8,11.2,-2.8,57,71,0.0,0.0,9.4,90,13.14,1.82,780.1,-5.5,2195.0,31.107204,77.17339
HP-SML,2020-12-26,3.7,12.7,-2.4,43,59,0.0,0.0,7.5,128,13.51,2.04,779.7,-8.8,2195.0,31.107204,77.17339
HP-SML,2020-12-27,2.3,9.4,-3.1,43,86,2.9,1.5,15.3,148,13.46,2.05,776.9,-9.6,2195.0,31.107204,77.17339
HP-SML,2020-12-28,-1.6,3.0,-6.2,86,100,6.0,0.1,9.7,137,10.11,1.03,777.3,-3.7,2195.0,31.107204,77.17339
HP-SML,2020-12-29,-1.6,6.7,-6.9,80,99,0.4,0.4,12.4,141,12.66,1.4,776.9,-5.0,2195.0,31.107204,77.17339
HP-SML,2020-12-30,-0.4,8.0,-6.0,75,93,0.0,0.0,7.8,116,13.25,1.63,778.7,-4.8,2195.0,31.107204,77.17339
HP-SML,2020-12-31,2.6,12.0,-5.2,42,69,0.0,0.0,6.7,81,12.73,1.88,780.3,-9.9,2195.0,31.107204,77.17339
HP-SML,2021-01-01,3.7,11.2,-1.8,44,83,0.0,0.0,6.6,120,13.3,1.83,780.8,-8.3,2195.0,31.107204,77.17339
HP-SML,2021-01-02,3.7,9.7,-2.2,44,71,1.2,1.2,9.8,101,6.03,1.41,781.5,-8.0,2195.0,31.107204,77.17339
HP-SML,2021-01-03,5.5,10.6,1.3,64,73,4.1,4.1,11.5,104,7.8,1.42,781.7,-0.9,2195.0,31.107204,77.17339
HP-SML,2021-01-04,5.6,11.4,1.0,73,93,1.4,1.4,9.2,131,10.32,1.53,783.1,1.0,2195.0,31.107204,77.17339
HP-SML,2021-01-05,4.2,5.5,3.3,82,86,21.5,21.5,15.5,90,2.76,0.68,783.0,1.4,2195.0,31.107204,77.17339
HP-SML,2021-01-06,4.9,8.4,1.0,78,91,7.4,7.4,12.8,113,9.09,1.31,782.1,1.1,2195.0,31.107204,77.17339
HP-SML,2021-01-07,3.5,10.9,-3.4,78,97,0.0,0.0,8.7,136,13.29,1.79,779.6,-0.4,2195.0,31.107204,77.17339
HP-SML,2021-01-08,4.3,12.3,-1.1,51,68,0.0,0.0,10.2,136,13.86,2.15,779.2,-5.6,2195.0,31.107204,77.17339
HP-SML,2021-01-09,4.9,11.7,0.1,62,96,0.6,0.6,13.8,139,12.3,1.87,781.2,-2.4,2195.0,31.107204,77.17339
HP-SML,2021-01-10,4.6,12.6,-0.4,72,95,0.0,0.0,6.3,125,13.87,1.97,780.1,-0.7,2195.0,31.107204,77.17339
HP-SML,2021-01-11,3.9,12.5,-2.5,51,72,0.0,0.0,5.8,117,14.28,2.09,779.0,-5.7,2195.0,31.107204,77.17339
HP-SML,2021-01-12,3.4,11.4,-2.3,44,74,0.0,0.0,8.6,46,14.67,2.13,778.7,-8.3,2195.0,31.107204,77.17339
HP-SML,2021-01-13,5.0,10.9,-0.9,36,61,0.0,0.0,8.7,25,14.74,2.22,779.4,-9.1,2195.0,31.107204,77.17339
HP-SML,2021-01-14,4.5,11.3,-1.0,48,82,0.0,0.0,7.9,27,12.68,1.85,779.5,-6.2,2195.0,31.107204,77.17339
HP-SML,2021-01-15,6.1,11.6,-1.1,50,86,0.0,0.0,8.0,29,14.03,2.01,779.7,-4.6,2195.0,31.107204,77.17339
HP-SML,2021-01-16,4.7,12.3,-1.1,53,76,0.0,0.0,10.0,43,14.76,2.2,777.7,-4.6,2195.0,31.107204,77.17339
HP-SML,2021-01-17,4.0,11.9,-2.0,62,94,0.0,0.0,7.7,136,14.41,2.03,779.0,-3.3,2195.0,31.107204,77.17339
HP-SML,2021-01-18,3.6,10.5,-2.5,65,92,0.0,0.0,8.1,157,14.72,1.98,781.3,-3.3,2195.0,31.107204,77.17339
HP-SML,2021-01-19,3.7,9.9,-1.8,64,81,0.0,0.0,10.6,6,14.78,1.98,779.4,-3.0,2195.0,31.107204,77.17339
HP-SML,2021-01-20,4.0,9.0,-2.4,51,76,0.0,0.0,16.6,351,15.08,2.05,779.3,-5.7,2195.0,31.107204,77.17339
HP-SML,2021-01-21,4.2,11.3,-3.1,46,66,0.0,0.0,10.4,25,15.3,2.32,777.8,-7.0,2195.0,31.107204,77.17339
HP-SML,2021-01-22,5.4,11.3,0.5,48,83,0.0,0.0,7.3,151,12.15,1.77,780.1,-5.7,2195.0,31.107204,77.17339
HP-SML,2021-01-23,3.9,9.8,-0.1,65,90,2.6,2.6,18.0,152,14.34,2.03,778.2,-2.7,2195.0,31.107204,77.17339
HP-SML,2021-01-24,1.7,7.9,-2.2,80,97,2.2,2.1,10.6,142,12.91,1.57,778.9,-1.8,2195.0,31.107204,77.17339
HP-SML,2021-01-25,1.7,8.2,-2.8,77,97,0.0,0.0,9.0,168,13.98,1.74,779.9,-2.2,2195.0,31.107204,77.17339
HP-SML,2021-01-26,1.8,8.7,-3.3,79,98,0.0,0.0,9.8,274,14.99,1.86,779.6,-2.0,2195.0,31.107204,77.17339
HP-SML,2021-01-27,1.7,9.4,-4.8,73,97,0.0,0.0,8.8,133,15.83,2.03,779.1,-3.6,2195.0,31.107204,77.17339
HP-SML,2021-01-28,1.1,7.9,-3.9,71,94,0.2,0.2,8.5,146,15.64,1.92,779.6,-4.5,2195.0,31.107204,77.17339
HP-SML,2021-01-29,0.4,7.1,-4.2,72,97,0.1,0.1,10.7,330,15.67,1.85,779.4,-4.5,2195.0,31.107204,77.17339
HP-SML,2021-01-30,2.1,7.1,-4.2,56,81,0.0,0.0,11.9,333,16.28,1.97,779.3,-6.2,2195.0,31.107204,77.17339
HP-SML,2021-01-31,1.8,9.3,-4.0,58,89,0.0,0.0,11.5,325,16.42,2.09,779.6,-6.5,2195.0,31.107204,77.17339
HP-SML,2021-02-01,4.7,10.4,-0.8,52,84,0.0,0.0,11.9,344,16.15,2.2,783.7,-4.8,2195.0,31.107204,77.17339
HP-SML,2021-02-02,3.9,11.1,-1.9,56,83,0.0,0.0,11.0,13,16.7,2.38,782.3,-5.1,2195.0,31.107204,77.17339
HP-SML,2021-02-03,2.5,7.4,-0.2,70,84,11.2,11.2,14.9,92,10.72,1.45,782.1,-2.5,2195.0,31.107204,77.17339
HP-SML,2021-02-04,0.6,3.2,-2.5,82,96,19.4,14.3,14.4,91,3.96,0.66,781.0,-2.2,2195.0,31.107204,77.17339
HP-SML,2021-02-05,-0.6,5.4,-4.9,78,95,0.4,0.4,9.0,93,15.7,1.81,779.6,-4.5,2195.0,31.107204,77.17339
HP-SML,2021-02-06,-0.0,7.4,-7.4,67,89,0.0,0.0,9.7,10,17.19,2.09,779.2,-6.0,2195.0,31.107204,77.17339
HP-SML,2021-02-07,3.2,11.7,-4.3,50,83,0.0,0.0,7.8,46,17.43,2.49,780.6,-6.8,2195.0,31.107204,77.17339
HP-SML,2021-02-08,5.9,13.6,-1.4,52,84,0.0,0.0,10.7,354,17.4,2.56,783.2,-3.8,2195.0,31.107204,77.17339
HP-SML,2021-02-09,6.9,14.3,1.1,61,100,0.0,0.0,10.5,5,17.07,2.66,781.8,-1.0,2195.0,31.107204,77.17339
HP-SML,2021-02-10,4.9,10.8,-0.9,74,96,0.0,0.0,9.7,349,17.23,2.31,780.3,0.2,2195.0,31.107204,77.17339
HP-SML,2021-02-11,5.4,12.9,-0.5,66,88,0.0,0.0,10.5,331,17.83,2.55,780.8,-1.1,2195.0,31.107204,77.17339
HP-SML,2021-02-12,5.2,12.9,-1.0,66,100,0.0,0.0,10.1,355,17.83,2.55,781.3,-1.5,2195.0,31.107204,77.17339
HP-SML,2021-02-13,5.5,12.0,-0.4,76,100,0.1,0.1,9.3,246,13.44,1.97,781.6,1.2,2195.0,31.107204,77.17339
HP-SML,2021-02-14,6.0,12.6,0.6,83,100,0.0,0.0,10.5,326,16.98,2.36,782.0,2.8,2195.0,31.107204,77.17339
HP-SML,2021-02-15,5.4,12.4,-0.0,73,92,0.6,0.6,10.4,275,17.19,2.44,780.5,0.3,2195.0,31.107204,77.17339
HP-SML,2021-02-16,5.2,11.9,-0.5,62,86,0.0,0.0,8.0,109,16.09,2.34,780.5,-2.4,2195.0,31.107204,77.17339
HP-SML,2021-02-17,5.1,11.8,-1.0,59,85,0.8,0.8,9.9,272,17.36,2.54,781.5,-3.1,2195.0,31.107204,77.17339
HP-SML,2021-02-18,4.9,11.8,-0.9,70,92,0.1,0.1,10.5,189,17.02,2.39,783.7,-0.7,2195.0,31.107204,77.17339
HP-SML,2021-02-19,5.5,12.3,-0.3,71,89,0.0,0.0,12.8,278,17.32,2.45,785.7,0.1,2195.0,31.107204,77.17339
HP-SML,2021-02-20,6.2,13.6,-0.1,70,90,0.0,0.0,12.1,295,18.41,2.7,785.5,0.5,2195.0,31.107204,77.17339
HP-SML,2021-02-21,7.3,15.3,1.1,70,93,0.0,0.0,12.5,345,18.43,2.82,784.5,1.3,2195.0,31.107204,77.17339
HP-SML,2021-02-22,9.9,16.5,2.6,60,87,0.0,0.0,14.2,345,18.73,3.11,785.3,1.6,2195.0,31.107204,77.17339
HP-SML,2021-02-23,8.8,16.3,3.5,60,81,0.3,0.3,13.6,345,18.58,3.06,783.4,0.6,2195.0,31.107204,77.17339
HP-SML,2021-02-24,9.0,15.4,2.9,46,76,0.0,0.0,15.0,354,19.65,3.37,782.9,-3.3,2195.0,31.107204,77.17339
HP-SML,2021-02-25,9.4,16.2,4.0,44,64,0.0,0.0,15.3,360,19.56,3.56,782.4,-2.8,2195.0,31.107204,77.17339
HP-SML,2021-02-26,9.7,16.6,3.1,48,77,0.6,0.6,13.9,346,19.69,3.48,780.7,-2.0,2195.0,31.107204,77.17339
HP-SML,2021-02-27,8.3,13.8,3.5,67,83,2.9,2.9,15.5,141,15.07,2.4,779.6,2.2,2195.0,31.107204,77.17339
HP-SML,2021-02-28,7.1,13.6,2.6,46,76,0.0,0.0,11.3,150,20.46,3.36,780.5,-4.8,2195.0,31.107204,77.17339
HP-SML,2021-03-01,6.0,12.4,-0.4,54,84,0.0,0.0,14.3,301,20.89,3.09,781.8,-3.4,2195.0,31.107204,77.17339
HP-SML,2021-03-02,7.2,15.3,0.0,52,84,0.0,0.0,14.9,360,20.97,3.44,782.6,-3.2,2195.0,31.107204,77.17339
HP-SML,2021-03-03,9.3,16.3,3.8,44,70,0.0,0.0,15.6,353,20.94,3.67,783.2,-3.4,2195.0,31.107204,77.17339
HP-SML,2021-03-04,8.3,15.5,1.3,47,79,0.0,0.0,16.2,328,21.15,3.54,782.8,-4.0,2195.0,31.107204,77.17339
HP-SML,2021-03-05,8.3,14.0,2.3,43,63,0.0,0.0,19.9,326,21.29,3.63,782.3,-4.1,2195.0,31.107204,77.17339
HP-SML,2021-03-06,9.6,16.3,1.7,40,71,0.0,0.0,17.4,353,19.45,3.67,782.5,-4.6,2195.0,31.107204,77.17339
HP-SML,2021-03-07,8.9,14.5,5.7,64,80,8.5,8.5,13.3,59,13.56,2.44,783.7,2.2,2195.0,31.107204,77.17339
HP-SML,2021-03-08,7.9,14.2,4.5,76,88,13.6,13.6,15.0,83,15.41,2.47,783.9,3.7,2195.0,31.107204,77.17339
HP-SML,2021-03-09,9.4,16.5,2.6,54,81,0.4,0.4,11.5,21,20.51,3.5,784.6,-0.8,2195.0,31.107204,77.17339
HP-SML,2021-03-10,8.5,15.6,3.5,53,72,0.6,0.6,11.2,95,17.22,2.96,783.7,-1.1,2195.0,31.107204,77.17339
HP-SML,2021-03-11,9.4,16.5,2.2,48,71,0.4,0.4,9.2,155,21.17,3.56,785.0,-1.9,2195.0,31.107204,77.17339
HP-SML,2021-03-12,7.8,13.0,3.9,59,74,3.1,3.1,11.9,118,10.08,1.82,786.0,0.1,2195.0,31.107204,77.17339
HP-SML,2021-03-13,9.2,17.1,2.3,55,80,0.0,0.0,13.2,342,22.02,3.67,786.3,-0.1,2195.0,31.107204,77.17339
HP-SML,2021-03-14,9.5,16.5,3.6,57,85,0.0,0.0,14.3,330,22.64,3.69,783.5,0.7,2195.0,31.107204,77.17339
HP-SML,2021-03-15,10.0,17.5,3.2,55,83,0.0,0.0,15.5,330,21.82,3.76,783.5,-0.1,2195.0,31.107204,77.17339
HP-SML,2021-03-16,10.1,16.9,3.1,52,81,0.0,0.0,15.9,334,22.61,3.88,783.9,-0.2,2195.0,31.107204,77.17339
HP-SML,2021-03-17,10.7,17.2,3.8,46,69,0.1,0.1,14.1,329,21.64,3.91,783.7,-1.5,2195.0,31.107204,77.17339
HP-SML,2021-03-18,10.6,17.9,3.8,45,66,0.0,0.0,12.8,345,22.41,3.97,784.0,-2.0,2195.0,31.107204,77.17339
HP-SML,2021-03-19,11.7,18.7,5.0,38,65,0.0,0.0,15.7,341,22.02,4.12,784.2,-3.2,2195.0,31.107204,77.17339
HP-SML,2021-03-20,10.9,18.4,4.1,50,75,0.1,0.1,13.9,323,21.48,3.91,782.2,-0.3,2195.0,31.107204,77.17339
HP-SML,2021-03-21,10.6,17.9,4.2,58,77,1.6,1.6,13.8,129,20.2,3.52,782.3,2.0,2195.0,31.107204,77.17339
HP-SML,2021-03-22,9.0,13.9,6.6,67,89,13.6,13.6,16.9,97,12.04,2.15,785.2,3.0,2195.0,31.107204,77.17339
HP-SML,2021-03-23,7.7,14.1,5.0,66,86,6.7,6.7,17.3,86,9.82,1.85,785.0,1.6,2195.0,31.107204,77.17339
HP-SML,2021-03-24,8.5,15.4,3.0,54,75,0.5,0.5,12.0,82,18.63,3.18,784.9,-1.0,2195.0,31.107204,77.17339
HP-SML,2021-03-25,8.6,15.8,1.2,52,79,0.0,0.0,16.0,338,24.38,3.98,783.4,-1.7,2195.0,31.107204,77.17339
HP-SML,2021-03-26,10.2,18.1,2.1,49,75,0.0,0.0,11.9,347,24.69,4.27,782.8,-1.4,2195.0,31.107204,77.17339
HP-SML,2021-03-27,12.2,19.4,4.3,53,82,0.4,0.4,14.6,301,23.54,4.18,783.5,2.1,2195.0,31.107204,77.17339
HP-SML,2021-03-28,13.4,20.2,6.1,54,81,0.9,0.9,13.9,325,23.21,4.27,783.1,3.3,2195.0,31.107204,77.17339
HP-SML,2021-03-29,14.0,20.7,8.9,49,69,3.5,3.5,12.7,78,19.47,4.1,782.6,2.7,2195.0,31.107204,77.17339
HP-SML,2021-03-30,13.2,20.6,7.1,50,76,3.8,3.8,14.3,290,21.56,4.2,778.2,2.0,2195.0,31.107204,77.17339
HP-SML,2021-03-31,11.9,17.5,5.5,37,65,0.0,0.0,16.9,318,25.9,4.97,777.1,-4.0,2195.0,31.107204,77.17339
HP-SML,2021-04-01,10.8,16.3,3.5,36,67,0.0,0.0,19.5,318,25.68,4.61,776.8,-4.6,2195.0,31.107204,77.17339
HP-SML,2021-04-02,8.9,15.6,1.8,32,57,0.0,0.0,15.2,263,26.27,4.45,778.1,-9.3,2195.0,31.107204,77.17339
HP-SML,2021-04-03,9.0,16.4,1.0,29,47,0.0,0.0,19.3,322,26.29,4.58,780.8,-9.5,2195.0,31.107204,77.17339
HP-SML,2021-04-04,12.4,19.7,3.0,31,52,0.0,0.0,17.8,348,23.76,4.99,784.2,-5.3,2195.0,31.107204,77.17339
HP-SML,2021-04-05,11.8,16.8,8.7,53,68,2.1,2.1,15.0,61,10.88,2.66,785.3,2.1,2195.0,31.107204,77.17339
HP-SML,2021-04-06,11.9,15.8,8.8,51,78,4.5,4.5,16.7,71,11.94,2.8,784.4,1.9,2195.0,31.107204,77.17339
HP-SML,2021-04-07,11.7,17.2,6.9,53,81,4.0,4.0,15.9,77,22.4,4.06,784.7,1.5,2195.0,31.107204,77.17339
HP-SML,2021-04-08,11.3,18.1,5.4,49,72,0.4,0.4,12.2,116,21.57,3.98,782.9,0.2,2195.0,31.107204,77.17339
HP-SML,2021-04-09,11.9,18.6,4.0,35,64,0.2,0.2,14.2,341,25.6,4.84,784.3,-4.9,2195.0,31.107204,77.17339
HP-SML,2021-04-10,12.6,20.2,4.2,27,47,0.0,0.0,14.0,323,26.1,4.99,785.7,-7.5,2195.0,31.107204,77.17339
HP-SML,2021-04-11,13.6,20.9,5.5,27,45,0.0,0.0,16.0,334,25.93,5.22,786.7,-6.4,2195.0,31.107204,77.17339
HP-SML,2021-04-12,12.6,19.3,7.1,38,56,0.7,0.7,15.0,25,20.05,4.14,787.3,-2.0,2195.0,31.107204,77.17339
HP-SML,2021-04-13,14.1,21.6,6.2,32,53,0.0,0.0,17.5,338,26.09,5.44,786.3,-3.6,2195.0,31.107204,77.17339
HP-SML,2021-04-14,15.0,21.7,7.4,33,54,0.0,0.0,19.2,333,21.44,4.8,785.9,-2.2,2195.0,31.107204,77.17339
HP-SML,2021-04-15,14.3,22.1,7.3,37,53,1.1,1.1,16.4,39,19.74,4.05,785.2,-0.9,2195.0,31.107204,77.17339
HP-SML,2021-04-16,13.9,22.4,7.8,48,94,4.9,4.9,12.1,132,21.03,4.33,784.2,0.9,2195.0,31.107204,77.17339
HP-SML,2021-04-17,9.8,12.6,7.8,74,87,19.7,19.7,12.3,103,8.27,1.68,783.7,5.3,2195.0,31.107204,77.17339
HP-SML,2021-04-18,10.6,16.7,5.7,64,86,3.0,3.0,14.3,21,23.2,3.86,785.2,3.4,2195.0,31.107204,77.17339
HP-SML,2021-04-19,11.9,18.2,4.6,45,73,0.0,0.0,17.2,340,26.21,4.79,782.7,-0.7,2195.0,31.107204,77.17339
HP-SML,2021-04-20,8.6,14.9,5.5,59,84,14.0,14.0,20.4,98,10.15,2.12,780.8,0.4,2195.0,31.107204,77.17339
HP-SML,2021-04-21,8.6,11.8,6.2,75,86,32.2,32.2,17.7,101,11.92,2.08,781.3,4.4,2195.0,31.107204,77.17339
HP-SML,2021-04-22,8.1,14.4,6.1,79,92,15.9,15.9,12.6,88,15.03,2.41,782.9,4.6,2195.0,31.107204,77.17339
HP-SML,2021-04-23,6.6,11.2,3.3,81,91,32.8,32.8,15.4,77,11.53,1.74,781.7,3.6,2195.0,31.107204,77.17339
HP-SML,2021-04-24,9.3,17.0,1.6,64,88,0.0,0.0,14.0,17,26.63,4.35,782.5,1.8,2195.0,31.107204,77.17339
HP-SML,2021-04-25,12.0,19.8,3.3,44,71,0.0,0.0,10.4,358,27.81,5.03,784.1,-1.0,2195.0,31.107204,77.17339
HP-SML,2021-04-26,13.7,21.3,4.7,47,77,0.0,0.0,10.9,352,27.48,5.04,784.1,1.4,2195.0,31.107204,77.17339
HP-SML,2021-04-27,15.3,22.1,7.2,45,74,0.0,0.0,14.4,358,26.38,5.21,785.3,2.3,2195.0,31.107204,77.17339
HP-SML,2021-04-28,15.7,22.5,8.2,42,61,0.0,0.0,14.1,360,25.32,5.11,786.3,1.7,2195.0,31.107204,77.17339
HP-SML,2021-04-29,15.5,22.5,9.2,42,61,0.1,0.1,13.5,12,24.29,4.95,786.2,1.9,2195.0,31.107204,77.17339
HP-SML,2021-04-30,15.4,21.5,9.5,47,68,0.3,0.3,15.0,344,24.4,4.71,785.7,3.6,2195.0,31.107204,77.17339
HP-SML,2021-05-01,14.6,20.5,8.8,57,75,0.4,0.4,15.6,339,19.96,3.77,785.3,5.6,2195.0,31.107204,77.17339
HP-SML,2021-05-02,14.5,21.5,8.9,59,79,1.7,1.7,10.4,53,20.76,3.8,785.4,6.1,2195.0,31.107204,77.17339
HP-SML,2021-05-03,13.9,19.0,9.6,66,82,4.3,4.3,15.8,323,19.44,3.45,783.8,7.5,2195.0,31.107204,77.17339
HP-SML,2021-05-04,13.9,19.3,8.7,70,87,4.5,4.5,8.7,6,20.21,3.53,783.3,8.3,2195.0,31.107204,77.17339
HP-SML,2021-05-05,14.0,19.1,10.0,67,85,3.4,3.4,11.5,322,21.64,3.74,784.1,7.7,2195.0,31.107204,77.17339
HP-SML,2021-05-06,13.3,19.6,8.0,72,95,11.6,11.6,9.5,154,20.04,3.51,784.4,7.9,2195.0,31.107204,77.17339
HP-SML,2021-05-07,12.4,15.6,8.8,77,91,10.6,10.6,11.2,112,17.18,2.81,785.3,8.4,2195.0,31.107204,77.17339
HP-SML,2021-05-08,12.5,18.5,7.6,71,87,2.2,2.2,9.4,336,22.72,3.83,784.4,6.9,2195.0,31.107204,77.17339
HP-SML,2021-05-09,12.8,17.6,7.2,69,89,0.3,0.3,14.8,335,21.24,3.65,783.2,6.9,2195.0,31.107204,77.17339
HP-SML,2021-05-10,13.3,18.6,8.3,72,87,4.1,4.1,10.0,234,20.36,3.48,782.1,8.2,2195.0,31.107204,77.17339
HP-SML,2021-05-11,13.5,20.1,8.3,74,90,3.2,3.2,12.1,337,22.36,3.83,781.6,8.6,2195.0,31.107204,77.17339
HP-SML,2021-05-12,12.8,17.7,8.3,74,88,2.0,2.0,10.8,43,21.23,3.52,779.6,7.8,2195.0,31.107204,77.17339
HP-SML,2021-05-13,10.8,15.4,6.7,79,89,10.6,10.6,9.7,83,15.74,2.57,779.3,7.1,2195.0,31.107204,77.17339
HP-SML,2021-05-14,12.5,18.3,5.3,63,88,0.1,0.1,14.1,317,25.54,4.36,780.5,4.9,2195.0,31.107204,77.17339
HP-SML,2021-05-15,13.8,20.1,7.8,61,84,1.0,1.0,9.8,360,22.73,4.15,782.3,5.6,2195.0,31.107204,77.17339
HP-SML,2021-05-16,15.1,21.6,7.7,53,79,0.1,0.1,11.6,330,26.37,5.0,784.4,4.8,2195.0,31.107204,77.17339
HP-SML,2021-05-17,16.5,22.9,8.9,46,68,0.9,0.9,10.8,239,26.22,5.11,785.2,4.0,2195.0,31.107204,77.17339
HP-SML,2021-05-18,15.6,20.9,10.1,61,94,0.1,0.1,9.0,253,14.2,2.98,783.9,7.4,2195.0,31.107204,77.17339
HP-SML,2021-05-19,13.2,15.6,11.2,84,93,3.6,3.6,6.6,19,7.37,1.48,780.8,10.5,2195.0,31.107204,77.17339
HP-SML,2021-05-20,13.5,17.7,10.3,77,90,6.7,6.7,11.8,10,10.37,2.03,779.6,9.3,2195.0,31.107204,77.17339
HP-SML,2021-05-21,14.2,20.3,8.3,72,94,0.8,0.8,12.1,257,21.76,3.97,782.1,8.6,2195.0,31.107204,77.17339
HP-SML,2021-05-22,14.8,19.8,7.3,60,91,0.3,0.3,10.3,309,25.1,4.58,782.5,6.4,2195.0,31.107204,77.17339
HP-SML,2021-05-23,14.7,20.1,9.2,61,84,0.2,0.2,11.8,6,18.41,3.61,783.0,6.5,2195.0,31.107204,77.17339
HP-SML,2021-05-24,15.4,20.9,10.0,55,84,0.1,0.1,15.5,325,26.89,5.12,783.5,5.7,2195.0,31.107204,77.17339
HP-SML,2021-05-25,16.3,22.0,8.5,40,66,0.0,0.0,14.2,332,28.43,5.69,782.3,1.6,2195.0,31.107204,77.17339
HP-SML,2021-05-26,17.2,22.8,9.8,41,63,0.0,0.0,13.5,332,27.67,5.71,781.0,3.0,2195.0,31.107204,77.17339
HP-SML,2021-05-27,18.5,24.0,10.9,40,64,0.0,0.0,16.3,303,27.93,5.92,782.1,3.8,2195.0,31.107204,77.17339
HP-SML,2021-05-28,19.7,24.1,12.5,45,72,0.0,0.0,16.9,297,27.44,5.46,783.7,7.0,2195.0,31.107204,77.17339
HP-SML,2021-05-29,17.3,23.0,12.8,74,93,2.9,2.9,16.6,309,22.84,4.29,783.8,12.2,2195.0,31.107204,77.17339
HP-SML,2021-05-30,16.8,21.8,12.0,75,96,4.0,4.0,12.3,308,22.43,4.1,783.5,12.0,2195.0,31.107204,77.17339
HP-SML,2021-05-31,16.5,21.8,11.8,70,93,1.8,1.8,15.9,340,22.3,4.26,781.7,10.2,2195.0,31.107204,77.17339
HP-SML,2021-06-01,15.3,20.7,11.5,72,91,7.0,7.0,15.5,89,21.33,3.87,782.0,10.0,2195.0,31.107204,77.17339
HP-SML,2021-06-02,14.5,20.2,9.7,74,91,12.1,12.1,11.9,151,20.29,3.53,782.8,9.7,2195.0,31.107204,77.17339
HP-SML,2021-06-03,15.1,21.2,10.3,73,90,3.2,3.2,15.4,190,21.33,3.78,784.3,10.0,2195.0,31.107204,77.17339
HP-SML,2021-06-04,15.3,20.8,10.3,69,91,0.0,0.0,8.4,165,16.51,3.17,784.2,9.1,2195.0,31.107204,77.17339
HP-SML,2021-06-05,16.1,21.9,11.0,67,84,3.2,3.2,10.0,128,20.73,3.9,783.6,9.8,2195.0,31.107204,77.17339
HP-SML,2021-06-06,17.0,21.9,11.3,66,86,1.3,1.3,8.2,354,22.45,4.22,783.8,10.2,2195.0,31.107204,77.17339
HP-SML,2021-06-07,17.0,21.3,12.0,74,90,1.4,1.4,14.1,313,21.71,3.98,782.4,12.1,2195.0,31.107204,77.17339
HP-SML,2021-06-08,20.3,25.0,14.9,67,84,0.0,0.0,14.6,311,21.48,4.59,782.5,13.6,2195.0,31.107204,77.17339
HP-SML,2021-06-09,20.9,24.4,15.2,69,94,2.7,2.7,14.8,302,21.56,4.34,782.0,14.9,2195.0,31.107204,77.17339
HP-SML,2021-06-10,17.9,21.6,14.3,84,96,16.0,16.0,12.0,303,18.12,3.25,780.5,15.1,2195.0,31.107204,77.17339
HP-SML,2021-06-11,17.0,21.3,14.0,88,97,14.0,14.0,13.9,318,15.87,2.88,779.7,14.8,2195.0,31.107204,77.17339
HP-SML,2021-06-12,16.6,21.0,13.5,87,97,6.4,6.4,11.3,347,18.95,3.37,780.4,14.3,2195.0,31.107204,77.17339
HP-SML,2021-06-13,16.6,22.9,12.6,80,99,5.6,5.6,13.9,247,21.89,3.98,780.4,12.8,2195.0,31.107204,77.17339
HP-SML,2021-06-14,16.7,22.1,11.0,73,96,0.3,0.3,12.3,294,26.1,4.78,778.9,11.2,2195.0,31.107204,77.17339
HP-SML,2021-06-15,16.7,22.5,11.0,69,93,0.0,0.0,13.0,301,25.91,4.82,776.4,10.4,2195.0,31.107204,77.17339
HP-SML,2021-06-16,14.8,17.1,12.8,87,93,9.2,9.2,7.6,123,5.81,1.23,777.6,12.6,2195.0,31.107204,77.17339
HP-SML,2021-06-17,15.7,19.6,11.9,83,97,7.2,7.2,7.6,294,19.87,3.52,780.0,12.7,2195.0,31.107204,77.17339
HP-SML,2021-06-18,15.5,19.6,13.0,89,99,13.0,13.0,7.6,236,14.39,2.63,780.6,13.5,2195.0,31.107204,77.17339
HP-SML,2021-06-19,15.9,20.4,11.7,83,98,3.8,3.8,9.8,288,22.86,3.99,780.5,12.7,2195.0,31.107204,77.17339
HP-SML,2021-06-20,15.7,19.9,11.3,84,100,3.0,3.0,7.5,304,16.32,2.98,781.0,12.9,2195.0,31.107204,77.17339
HP-SML,2021-06-21,16.7,21.8,11.7,80,99,0.0,0.0,12.2,315,25.15,4.47,782.1,12.9,2195.0,31.107204,77.17339
HP-SML,2021-06-22,17.5,22.6,11.4,70,96,0.1,0.1,14.2,316,26.77,4.97,782.2,11.5,2195.0,31.107204,77.17339
HP-SML,2021-06-23,17.9,22.8,11.7,61,86,0.0,0.0,12.2,305,24.92,4.86,783.0,9.6,2195.0,31.107204,77.17339
HP-SML,2021-06-24,16.9,21.8,12.3,72,90,0.5,0.5,14.9,299,22.68,4.15,782.3,11.5,2195.0,31.107204,77.17339
HP-SML,2021-06-25,16.6,21.1,10.6,71,91,1.1,1.1,12.6,296,23.18,4.24,781.1,11.1,2195.0,31.107204,77.17339
HP-SML,2021-06-26,16.4,21.1,12.2,78,95,2.0,2.0,13.0,310,23.79,4.2,782.3,12.2,2195.0,31.107204,77.17339
HP-SML,2021-06-27,17.6,22.7,11.3,72,93,0.2,0.2,11.8,288,26.55,4.88,785.1,12.0,2195.0,31.107204,77.17339
HP-SML,2021-06-28,18.4,22.9,12.8,73,97,0.1,0.1,14.9,303,26.45,4.95,784.8,13.1,2195.0,31.107204,77.17339
HP-SML,2021-06-29,20.2,23.9,14.9,59,82,0.0,0.0,17.6,313,27.32,5.51,783.4,11.5,2195.0,31.107204,77.17339
HP-SML,2021-06-30,21.0,25.4,16.1,55,78,0.0,0.0,18.3,312,26.92,5.89,781.7,11.2,2195.0,31.107204,77.17339
HP-SML,2021-07-01,20.2,23.8,15.5,69,94,2.7,2.7,13.9,301,22.39,4.35,780.3,14.0,2195.0,31.107204,77.17339
HP-SML,2021-07-02,18.5,22.9,14.2,74,94,1.9,1.9,11.5,290,21.9,4.15,780.3,13.4,2195.0,31.107204,77.17339
HP-SML,2021-07-03,17.6,21.9,12.9,74,96,1.3,1.3,12.2,298,24.0,4.38,781.6,12.7,2195.0,31.107204,77.17339
HP-SML,2021-07-04,18.0,22.8,12.6,74,95,1.0,1.0,13.0,299,24.42,4.54,783.1,13.0,2195.0,31.107204,77.17339
HP-SML,2021-07-05,17.6,22.0,13.5,84,97,4.0,4.0,12.2,304,20.84,3.74,783.6,14.7,2195.0,31.107204,77.17339
HP-SML,2021-07-06,18.4,23.2,13.2,79,99,0.6,0.6,13.0,309,24.42,4.51,782.8,14.4,2195.0,31.107204,77.17339
HP-SML,2021-07-07,18.8,23.7,13.2,75,96,0.2,0.2,14.0,303,24.8,4.72,782.1,13.9,2195.0,31.107204,77.17339
HP-SML,2021-07-08,18.5,23.2,12.7,77,98,0.4,0.4,11.3,284,23.34,4.42,782.0,13.9,2195.0,31.107204,77.17339
HP-SML,2021-07-09,17.8,21.2,14.1,85,99,7.3,7.3,10.1,283,18.72,3.41,782.6,15.1,2195.0,31.107204,77.17339
HP-SML,2021-07-10,17.8,21.1,14.9,91,98,5.0,5.0,10.1,244,16.52,2.98,782.7,16.2,2195.0,31.107204,77.17339
HP-SML,2021-07-11,17.9,21.9,15.5,93,98,10.3,10.3,10.4,220,15.51,2.75,783.6,16.7,2195.0,31.107204,77.17339
HP-SML,2021-07-12,17.5,21.3,15.0,86,97,4.7,4.7,11.8,153,15.87,2.96,784.7,15.0,2195.0,31.107204,77.17339
HP-SML,2021-07-13,17.0,20.6,15.2,90,100,11.0,11.0,8.1,132,13.29,2.47,783.9,15.2,2195.0,31.107204,77.17339
HP-SML,2021-07-14,17.2,21.5,14.7,87,99,5.5,5.5,10.7,250,19.82,3.52,783.7,15.0,2195.0,31.107204,77.17339
HP-SML,2021-07-15,17.3,21.6,13.6,87,98,2.4,2.4,10.4,256,20.29,3.66,784.1,14.8,2195.0,31.107204,77.17339
HP-SML,2021-07-16,17.8,21.3,14.9,87,99,5.2,5.2,10.5,284,20.19,3.57,785.7,15.5,2195.0,31.107204,77.17339
HP-SML,2021-07-17,18.3,22.5,15.1,87,98,1.0,1.0,14.2,297,21.15,3.74,783.8,16.0,2195.0,31.107204,77.17339
HP-SML,2021-07-18,18.3,20.5,16.8,92,100,19.0,19.0,11.5,255,11.48,2.09,780.8,16.9,2195.0,31.107204,77.17339
HP-SML,2021-07-19,16.8,18.5,14.9,95,100,59.3,59.3,9.7,133,4.68,1.05,779.1,15.9,2195.0,31.107204,77.17339
HP-SML,2021-07-20,17.0,21.2,14.1,91,100,12.1,12.1,7.8,238,14.4,2.61,779.2,15.5,2195.0,31.107204,77.17339
HP-SML,2021-07-21,17.3,22.3,15.2,93,100,15.6,15.6,9.4,253,16.06,2.95,779.0,16.2,2195.0,31.107204,77.17339
HP-SML,2021-07-22,16.5,18.3,14.5,93,99,23.8,23.8,8.0,49,6.71,1.33,778.3,15.2,2195.0,31.107204,77.17339
HP-SML,2021-07-23,17.2,19.6,15.3,90,97,5.3,5.3,4.2,19,9.53,1.86,779.9,15.5,2195.0,31.107204,77.17339
HP-SML,2021-07-24,17.7,21.1,14.7,88,98,2.4,2.4,9.1,300,13.11,2.47,781.2,15.6,2195.0,31.107204,77.17339
HP-SML,2021-07-25,17.8,21.5,14.3,90,99,4.1,4.1,9.2,276,15.76,2.9,780.7,16.0,2195.0,31.107204,77.17339
HP-SML,2021-07-26,17.9,20.1,16.3,96,100,11.1,11.1,8.1,246,12.38,2.2,779.6,17.2,2195.0,31.107204,77.17339
HP-SML,2021-07-27,17.9,20.0,16.5,96,100,11.8,11.8,10.9,236,11.33,2.02,777.6,17.3,2195.0,31.107204,77.17339
HP-SML,2021-07-28,16.5,17.5,15.7,97,100,154.6,154.6,6.0,119,2.07,0.58,777.5,16.0,2195.0,31.107204,77.17339
HP-SML,2021-07-29,16.9,19.0,15.3,92,99,6.9,6.9,5.9,160,8.57,1.67,778.3,15.5,2195.0,31.107204,77.17339
HP-SML,2021-07-30,16.9,19.0,15.3,92,100,13.9,13.9,5.0,111,7.7,1.56,780.0,15.6,2195.0,31.107204,77.17339
HP-SML,2021-07-31,17.5,21.1,15.3,89,99,3.9,3.9,7.8,339,14.95,2.78,781.3,15.6,2195.0,31.107204,77.17339
HP-SML,2021-08-01,17.2,21.4,13.9,88,100,2.0,2.0,10.0,298,20.93,3.68,779.5,15.0,2195.0,31.107204,77.17339
HP-SML,2021-08-02,17.1,21.0,13.7,91,98,8.0,8.0,7.5,121,15.45,2.82,780.1,15.6,2195.0,31.107204,77.17339
HP-SML,2021-08-03,17.9,21.7,15.7,88,99,5.3,5.3,10.5,320,18.34,3.31,781.9,15.8,2195.0,31.107204,77.17339
HP-SML,2021-08-04,17.4,20.7,14.8,95,100,9.1,9.1,9.9,283,16.48,2.79,782.1,16.5,2195.0,31.107204,77.17339
HP-SML,2021-08-05,17.0,20.5,14.6,95,100,5.1,5.1,9.4,275,16.83,2.88,781.3,16.2,2195.0,31.107204,77.17339
HP-SML,2021-08-06,16.8,21.3,13.4,93,100,4.5,4.5,9.1,207,18.22,3.19,781.3,15.7,2195.0,31.107204,77.17339
HP-SML,2021-08-07,17.1,20.2,13.9,90,99,10.0,10.0,7.3,246,17.85,3.16,782.8,15.4,2195.0,31.107204,77.17339
HP-SML,2021-08-08,17.1,19.4,14.9,92,99,16.5,16.5,8.0,281,15.68,2.73,783.9,15.7,2195.0,31.107204,77.17339
HP-SML,2021-08-09,16.7,19.7,13.7,91,100,2.4,2.4,11.3,298,19.06,3.21,783.5,15.2,2195.0,31.107204,77.17339
HP-SML,2021-08-10,16.8,20.9,12.4,85,100,1.1,1.1,14.4,314,22.85,3.88,782.1,14.1,2195.0,31.107204,77.17339
HP-SML,2021-08-11,16.9,21.7,12.1,83,100,0.3,0.3,12.6,307,24.74,4.29,782.2,13.7,2195.0,31.107204,77.17339
HP-SML,2021-08-12,16.9,20.8,13.8,90,100,3.2,3.2,11.8,297,18.75,3.19,783.3,15.2,2195.0,31.107204,77.17339
HP-SML,2021-08-13,17.1,19.5,14.5,92,100,6.6,6.6,14.3,309,18.23,2.98,782.3,15.8,2195.0,31.107204,77.17339
HP-SML,2021-08-14,17.3,20.5,14.8,88,99,2.3,2.3,13.0,312,19.14,3.14,780.6,15.2,2195.0,31.107204,77.17339
HP-SML,2021-08-15,16.4,20.8,12.6,84,96,1.3,1.3,15.2,320,23.16,3.93,781.3,13.5,2195.0,31.107204,77.17339
HP-SML,2021-08-16,16.2,21.3,10.8,82,98,0.0,0.0,12.6,308,25.93,4.45,783.4,12.8,2195.0,31.107204,77.17339
HP-SML,2021-08-17,16.8,21.8,11.7,79,99,0.0,0.0,12.3,316,26.2,4.61,783.8,12.7,2195.0,31.107204,77.17339
HP-SML,2021-08-18,17.1,21.5,13.1,81,99,0.0,0.0,12.2,303,24.5,4.3,782.5,13.4,2195.0,31.107204,77.17339
HP-SML,2021-08-19,17.1,20.7,13.1,86,99,2.5,2.5,12.7,302,20.8,3.55,782.0,14.7,2195.0,31.107204,77.17339
HP-SML,2021-08-20,16.2,18.8,14.5,94,98,32.9,32.9,6.9,107,5.27,1.09,783.6,15.1,2195.0,31.107204,77.17339
HP-SML,2021-08-21,16.2,19.3,14.4,93,97,29.3,29.3,5.6,66,9.69,1.81,785.2,15.1,2195.0,31.107204,77.17339
HP-SML,2021-08-22,16.7,19.8,14.2,93,99,9.2,9.2,7.9,295,14.42,2.52,785.1,15.5,2195.0,31.107204,77.17339
HP-SML,2021-08-23,16.8,20.5,13.6,92,100,5.0,5.0,9.7,290,17.2,2.94,783.0,15.4,2195.0,31.107204,77.17339
HP-SML,2021-08-24,17.3,21.2,14.3,88,100,2.2,2.2,14.2,303,21.09,3.56,782.0,15.2,2195.0,31.107204,77.17339
HP-SML,2021-08-25,17.4,19.9,15.1,92,99,3.2,3.2,13.4,305,18.21,2.92,780.7,16.0,2195.0,31.107204,77.17339
HP-SML,2021-08-26,17.0,19.8,15.2,93,100,10.7,10.7,12.4,291,13.09,2.25,779.5,15.7,2195.0,31.107204,77.17339
HP-SML,2021-08-27,16.9,19.5,15.0,93,100,5.4,5.4,9.7,239,11.21,2.0,781.2,15.7,2195.0,31.107204,77.17339
HP-SML,2021-08-28,16.1,19.3,14.1,97,100,15.5,15.5,9.7,269,11.59,1.95,781.7,15.6,2195.0,31.107204,77.17339
HP-SML,2021-08-29,16.0,20.5,12.6,87,98,1.1,1.1,12.4,321,21.49,3.63,782.1,13.7,2195.0,31.107204,77.17339
HP-SML,2021-08-30,15.9,20.1,12.3,86,100,0.6,0.6,10.8,290,19.99,3.45,784.6,13.4,2195.0,31.107204,77.17339
HP-SML,2021-08-31,15.8,19.8,12.8,93,100,5.6,5.6,9.2,293,17.17,2.91,786.3,14.5,2195.0,31.107204,77.17339
HP-SML,2021-09-01,15.1,18.8,12.2,94,100,3.6,3.6,7.8,65,10.63,1.85,785.4,14.1,2195.0,31.107204,77.17339
HP-SML,2021-09-02,16.1,19.1,13.5,87,98,1.0,1.0,5.4,51,10.25,1.92,784.3,13.8,2195.0,31.107204,77.17339
HP-SML,2021-09-03,16.3,19.7,13.2,89,99,4.1,4.1,7.2,309,14.66,2.64,783.1,14.4,2195.0,31.107204,77.17339
HP-SML,2021-09-04,16.3,19.7,13.5,92,100,7.4,7.4,9.6,302,16.96,2.87,782.7,14.9,2195.0,31.107204,77.17339
HP-SML,2021-09-05,16.1,20.4,12.0,90,100,4.6,4.6,7.6,302,18.69,3.24,782.7,14.3,2195.0,31.107204,77.17339
HP-SML,2021-09-06,16.6,20.8,13.1,92,100,2.9,2.9,7.7,270,16.37,2.89,784.5,15.2,2195.0,31.107204,77.17339
HP-SML,2021-09-07,16.3,19.9,14.2,96,100,16.7,16.7,6.4,162,10.83,1.91,785.8,15.6,2195.0,31.107204,77.17339
HP-SML,2021-09-08,16.1,20.0,14.1,90,100,12.5,12.5,7.5,112,11.9,2.17,785.1,14.4,2195.0,31.107204,77.17339
HP-SML,2021-09-09,15.8,20.3,13.4,93,100,20.5,20.5,6.8,323,13.28,2.42,783.9,14.7,2195.0,31.107204,77.17339
HP-SML,2021-09-10,15.6,19.2,13.1,93,100,8.9,8.9,7.6,98,13.33,2.31,783.7,14.5,2195.0,31.107204,77.17339
HP-SML,2021-09-11,15.9,18.4,13.5,90,98,8.7,8.7,6.1,90,9.91,1.83,784.0,14.1,2195.0,31.107204,77.17339
HP-SML,2021-09-12,15.5,17.8,14.3,90,95,7.1,7.1,5.9,55,6.45,1.28,782.1,13.9,2195.0,31.107204,77.17339
HP-SML,2021-09-13,15.9,19.6,13.7,87,99,7.6,7.6,8.0,67,10.17,1.92,782.5,13.6,2195.0,31.107204,77.17339
HP-SML,2021-09-14,16.0,19.5,13.1,85,96,4.3,4.3,8.0,108,15.47,2.75,784.8,13.4,2195.0,31.107204,77.17339
HP-SML,2021-09-15,16.2,20.3,12.9,81,95,0.5,0.5,17.9,324,21.73,3.6,785.0,12.7,2195.0,31.107204,77.17339
HP-SML,2021-09-16,16.2,21.2,12.2,88,98,0.9,0.9,6.4,115,18.35,3.28,783.4,14.0,2195.0,31.107204,77.17339
HP-SML,2021-09-17,16.1,19.9,12.3,85,100,1.1,1.1,8.4,163,17.79,3.13,782.6,13.2,2195.0,31.107204,77.17339
HP-SML,2021-09-18,16.5,21.4,12.2,80,100,0.4,0.4,12.5,308,21.48,3.72,784.6,12.9,2195.0,31.107204,77.17339
HP-SML,2021-09-19,16.5,21.2,13.0,87,100,0.0,0.0,10.9,264,20.36,3.53,786.2,14.1,2195.0,31.107204,77.17339
HP-SML,2021-09-20,16.2,20.4,12.9,90,100,2.3,2.3,10.5,278,17.91,3.08,785.4,14.4,2195.0,31.107204,77.17339
HP-SML,2021-09-21,15.9,18.7,13.5,96,100,5.1,5.1,8.1,271,13.17,2.22,784.6,15.2,2195.0,31.107204,77.17339
HP-SML,2021-09-22,15.3,18.7,13.5,94,100,9.3,9.3,7.1,82,12.25,2.12,783.7,14.3,2195.0,31.107204,77.17339
HP-SML,2021-09-23,14.1,16.7,13.0,93,100,33.1,33.1,5.4,94,4.89,0.98,784.5,12.9,2195.0,31.107204,77.17339
HP-SML,2021-09-24,15.2,19.6,12.5,86,96,0.7,0.7,6.2,81,15.28,2.69,785.7,12.6,2195.0,31.107204,77.17339
HP-SML,2021-09-25,15.3,19.7,11.7,84,100,0.9,0.9,11.0,327,19.45,3.26,784.5,12.5,2195.0,31.107204,77.17339
HP-SML,2021-09-26,15.1,19.5,11.1,89,99,1.1,1.1,7.9,320,17.86,3.0,784.5,13.3,2195.0,31.107204,77.17339
HP-SML,2021-09-27,15.7,20.2,11.9,84,98,3.7,3.7,8.8,299,18.65,3.21,785.5,12.9,2195.0,31.107204,77.17339
HP-SML,2021-09-28,15.5,20.0,12.3,87,96,2.5,2.5,8.0,242,16.82,2.86,786.3,13.2,2195.0,31.107204,77.17339
HP-SML,2021-09-29,14.9,19.5,11.5,88,98,2.5,2.5,11.9,338,17.65,2.93,786.6,12.7,2195.0,31.107204,77.17339
HP-SML,2021-09-30,14.6,18.3,11.5,92,99,3.3,3.3,10.0,293,14.85,2.41,786.9,13.2,2195.0,31.107204,77.17339
HP-SML,2021-10-01,15.3,19.3,11.8,88,99,1.1,1.1,11.6,309,17.37,2.88,786.5,13.2,2195.0,31.107204,77.17339
HP-SML,2021-10-02,14.8,19.9,10.4,86,100,0.5,0.5,13.2,323,18.56,3.07,785.0,12.3,2195.0,31.107204,77.17339
HP-SML,2021-10-03,14.5,19.4,10.4,86,97,0.2,0.2,13.6,329,19.35,3.12,783.4,12.0,2195.0,31.107204,77.17339
HP-SML,2021-10-04,14.3,19.8,9.9,84,97,0.0,0.0,9.3,322,18.66,3.15,783.0,11.4,2195.0,31.107204,77.17339
HP-SML,2021-10-05,14.1,20.1,9.9,86,100,0.9,0.9,9.5,296,18.26,3.06,785.3,11.6,2195.0,31.107204,77.17339
HP-SML,2021-10-06,13.5,19.5,8.2,81,99,0.0,0.0,10.5,341,20.65,3.44,784.6,9.8,2195.0,31.107204,77.17339
HP-SML,2021-10-07,13.7,19.1,8.6,81,98,0.0,0.0,11.8,323,17.97,2.96,783.5,10.4,2195.0,31.107204,77.17339
HP-SML,2021-10-08,13.5,19.1,8.2,84,99,0.0,0.0,11.7,330,19.68,3.21,782.6,10.6,2195.0,31.107204,77.17339
HP-SML,2021-10-09,13.7,19.6,8.0,75,92,0.0,0.0,11.6,346,20.2,3.43,783.1,8.9,2195.0,31.107204,77.17339
HP-SML,2021-10-10,13.9,19.8,7.2,66,86,0.0,0.0,10.5,293,20.08,3.47,783.6,7.1,2195.0,31.107204,77.17339
HP-SML,2021-10-11,13.6,19.7,7.8,63,87,0.0,0.0,9.2,341,18.91,3.37,783.5,6.0,2195.0,31.107204,77.17339
HP-SML,2021-10-12,13.5,20.1,7.1,57,81,0.0,0.0,8.3,360,18.94,3.39,783.7,4.5,2195.0,31.107204,77.17339
HP-SML,2021-10-13,13.2,19.7,8.0,67,91,0.6,0.6,8.2,129,18.02,3.18,783.2,6.5,2195.0,31.107204,77.17339
HP-SML,2021-10-14,14.3,21.3,9.3,63,82,0.0,0.0,9.4,122,18.28,3.37,783.8,6.7,2195.0,31.107204,77.17339
HP-SML,2021-10-15,14.9,21.9,8.9,63,84,0.0,0.0,9.3,134,18.56,3.43,783.0,7.2,2195.0,31.107204,77.17339
HP-SML,2021-10-16,14.9,21.6,9.4,61,82,0.0,0.0,12.3,150,18.35,3.47,783.6,6.7,2195.0,31.107204,77.17339
HP-SML,2021-10-17,12.7,14.3,10.5,75,89,25.4,25.4,10.7,85,4.2,1.04,784.0,8.3,2195.0,31.107204,77.17339
HP-SML,2021-10-18,10.8,12.5,6.5,83,91,48.1,48.1,10.3,69,1.56,0.56,780.7,8.0,2195.0,31.107204,77.17339
HP-SML,2021-10-19,11.1,17.8,5.4,74,98,0.0,0.0,11.1,2,18.27,2.96,781.1,6.1,2195.0,31.107204,77.17339
HP-SML,2021-10-20,11.8,17.4,7.0,76,96,0.0,0.0,11.6,348,17.65,2.84,784.3,7.6,2195.0,31.107204,77.17339
HP-SML,2021-10-21,12.3,17.4,8.1,72,88,0.0,0.0,12.9,350,17.94,2.92,784.4,7.2,2195.0,31.107204,77.17339
HP-SML,2021-10-22,12.1,17.9,7.1,67,91,0.0,0.0,9.8,355,17.96,3.02,784.3,5.7,2195.0,31.107204,77.17339
HP-SML,2021-10-23,10.2,15.9,5.4,75,86,0.0,0.0,13.5,138,14.88,2.35,784.7,5.8,2195.0,31.107204,77.17339
HP-SML,2021-10-24,9.1,12.0,6.0,79,90,10.0,10.0,10.2,114,4.88,1.01,785.7,5.6,2195.0,31.107204,77.17339
HP-SML,2021-10-25,8.8,14.4,3.8,73,86,3.2,3.2,6.6,76,15.65,2.42,785.3,3.9,2195.0,31.107204,77.17339
HP-SML,2021-10-26,8.1,14.3,3.9,74,86,1.6,1.6,7.9,110,14.8,2.25,783.2,3.6,2195.0,31.107204,77.17339
HP-SML,2021-10-27,8.3,14.2,3.7,69,88,1.0,1.0,6.9,103,15.7,2.42,785.1,2.4,2195.0,31.107204,77.17339
HP-SML,2021-10-28,8.6,15.5,2.8,67,88,0.0,0.0,10.4,21,16.44,2.6,785.3,2.4,2195.0,31.107204,77.17339
HP-SML,2021-10-29,8.9,15.4,3.6,72,89,0.4,0.4,10.0,300,15.88,2.49,787.1,3.7,2195.0,31.107204,77.17339
HP-SML,2021-10-30,9.1,14.4,3.4,64,81,0.0,0.0,12.5,2,16.73,2.64,786.4,2.3,2195.0,31.107204,77.17339
HP-SML,2021-10-31,8.6,14.3,2.3,56,75,0.0,0.0,10.5,5,16.71,2.64,784.1,0.0,2195.0,31.107204,77.17339
HP-SML,2021-11-01,7.3,13.9,1.2,57,77,0.0,0.0,9.0,170,16.63,2.56,783.3,-1.5,2195.0,31.107204,77.17339
HP-SML,2021-11-02,6.9,13.0,2.0,63,81,0.0,0.0,8.8,111,13.59,2.07,784.7,0.1,2195.0,31.107204,77.17339
HP-SML,2021-11-03,7.1,12.3,2.2,59,77,0.3,0.3,7.6,103,14.09,2.16,784.6,-0.8,2195.0,31.107204,77.17339
HP-SML,2021-11-04,7.1,13.5,1.2,59,77,0.0,0.0,8.9,56,15.84,2.42,783.5,-0.8,2195.0,31.107204,77.17339
HP-SML,2021-11-05,7.2,14.2,1.5,66,84,0.0,0.0,11.3,345,15.69,2.38,783.2,0.9,2195.0,31.107204,77.17339
HP-SML,2021-11-06,7.8,13.9,2.4,60,79,0.0,0.0,12.6,18,15.73,2.52,782.0,-0.0,2195.0,31.107204,77.17339
HP-SML,2021-11-07,7.7,14.3,1.9,60,81,0.0,0.0,11.6,13,15.74,2.5,781.8,-0.1,2195.0,31.107204,77.17339
HP-SML,2021-11-08,7.6,15.0,1.6,63,81,0.0,0.0,12.4,18,15.64,2.49,783.1,0.5,2195.0,31.107204,77.17339
HP-SML,2021-11-09,7.9,14.0,1.9,59,81,0.0,0.0,11.4,348,15.46,2.37,783.9,-0.1,2195.0,31.107204,77.17339
HP-SML,2021-11-10,7.8,14.6,1.3,61,82,0.0,0.0,10.6,344,15.39,2.39,783.6,0.1,2195.0,31.107204,77.17339
HP-SML,2021-11-11,7.4,14.4,0.9,60,76,0.0,0.0,10.4,353,15.24,2.35,782.8,-0.6,2195.0,31.107204,77.17339
HP-SML,2021-11-12,7.2,14.1,1.3,63,80,0.0,0.0,9.7,9,15.11,2.3,782.9,0.1,2195.0,31.107204,77.17339
HP-SML,2021-11-13,7.2,14.2,1.9,66,82,0.0,0.0,9.5,359,14.94,2.24,782.6,1.0,2195.0,31.107204,77.17339
HP-SML,2021-11-14,6.8,13.3,0.2,67,95,0.0,0.0,9.8,197,14.38,2.12,781.5,0.8,2195.0,31.107204,77.17339
HP-SML,2021-11-15,5.2,11.9,-0.5,78,100,0.0,0.0,10.2,344,14.32,2.0,780.0,1.1,2195.0,31.107204,77.17339
HP-SML,2021-11-16,5.8,13.4,0.0,70,90,0.0,0.0,9.1,73,14.67,2.13,780.7,0.2,2195.0,31.107204,77.17339
HP-SML,2021-11-17,6.3,13.6,0.4,68,87,0.0,0.0,8.2,116,14.36,2.13,782.6,0.2,2195.0,31.107204,77.17339
HP-SML,2021-11-18,7.0,13.9,1.7,75,96,0.0,0.0,7.6,153,14.26,2.05,782.2,2.5,2195.0,31.107204,77.17339
HP-SML,2021-11-19,7.2,15.0,1.7,79,94,0.0,0.0,7.8,119,14.2,2.1,780.7,3.2,2195.0,31.107204,77.17339
HP-SML,2021-11-20,7.2,14.6,1.2,62,88,0.0,0.0,7.8,152,14.17,2.16,780.9,-0.3,2195.0,31.107204,77.17339
HP-SML,2021-11-21,7.4,15.1,1.8,66,86,0.0,0.0,10.5,63,14.03,2.17,782.4,1.0,2195.0,31.107204,77.17339
HP-SML,2021-11-22,6.5,13.6,1.3,60,81,0.0,0.0,11.4,19,14.15,2.2,781.0,-1.2,2195.0,31.107204,77.17339
HP-SML,2021-11-23,6.7,14.5,0.6,59,80,0.0,0.0,10.2,23,14.15,2.21,779.8,-1.3,2195.0,31.107204,77.17339
HP-SML,2021-11-24,5.8,13.4,0.1,60,83,0.0,0.0,10.4,254,13.8,2.04,781.3,-2.0,2195.0,31.107204,77.17339
HP-SML,2021-11-25,5.5,12.2,0.5,66,88,0.0,0.0,10.2,309,13.48,1.9,782.2,-0.8,2195.0,31.107204,77.17339
HP-SML,2021-11-26,5.7,12.0,-0.2,64,91,0.0,0.0,9.4,294,13.53,1.92,781.9,-1.0,2195.0,31.107204,77.17339
HP-SML,2021-11-27,5.2,11.6,-0.1,71,90,0.0,0.0,8.8,217,13.39,1.85,782.8,-0.1,2195.0,31.107204,77.17339
HP-SML,2021-11-28,4.9,11.8,-1.4,77,96,0.0,0.0,8.9,219,13.17,1.84,784.0,0.6,2195.0,31.107204,77.17339
HP-SML,2021-11-29,5.4,13.3,0.2,67,85,0.0,0.0,10.7,44,13.42,1.98,783.9,-0.9,2195.0,31.107204,77.17339
HP-SML,2021-11-30,5.9,13.2,-0.1,57,82,0.0,0.0,7.3,71,13.48,2.02,783.1,-2.4,2195.0,31.107204,77.17339
HP-SML,2021-12-01,5.7,10.8,1.7,71,87,0.0,0.0,5.4,95,6.18,1.02,783.8,0.5,2195.0,31.107204,77.17339
HP-SML,2021-12-02,7.8,12.5,4.9,69,88,0.0,0.0,4.7,116,5.7,1.03,785.2,2.2,2195.0,31.107204,77.17339
HP-SML,2021-12-03,7.2,10.8,3.4,75,86,8.2,8.2,9.5,96,6.67,1.12,785.8,2.9,2195.0,31.107204,77.17339
HP-SML,2021-12-04,6.8,13.3,2.2,80,97,0.0,0.0,7.3,157,12.34,1.77,784.1,3.3,2195.0,31.107204,77.17339
HP-SML,2021-12-05,5.3,10.2,2.2,85,95,6.5,6.5,16.2,138,10.23,1.3,783.7,2.9,2195.0,31.107204,77.17339
HP-SML,2021-12-06,3.4,7.4,-1.0,84,95,3.5,3.5,6.5,86,8.99,1.15,782.3,0.8,2195.0,31.107204,77.17339
HP-SML,2021-12-07,3.2,11.8,-3.5,74,95,0.0,0.0,7.9,81,12.98,1.78,782.1,-1.7,2195.0,31.107204,77.17339
HP-SML,2021-12-08,4.7,11.4,0.3,68,88,0.0,0.0,7.5,154,12.54,1.74,782.9,-1.1,2195.0,31.107204,77.17339
HP-SML,2021-12-09,3.9,10.1,-0.4,78,96,0.5,0.5,8.2,24,11.95,1.59,784.6,0.1,2195.0,31.107204,77.17339
HP-SML,2021-12-10,3.6,10.3,-1.1,71,91,0.0,0.0,9.8,11,12.91,1.73,783.8,-1.7,2195.0,31.107204,77.17339
HP-SML,2021-12-11,2.9,10.9,-3.3,50,79,0.0,0.0,7.3,70,13.31,1.85,781.9,-7.3,2195.0,31.107204,77.17339
HP-SML,2021-12-12,4.0,10.5,-0.9,67,94,0.0,0.0,6.8,167,10.92,1.5,783.5,-2.0,2195.0,31.107204,77.17339
HP-SML,2021-12-13,2.8,8.7,-1.5,80,98,0.0,0.0,8.2,171,11.64,1.47,782.0,-0.5,2195.0,31.107204,77.17339
HP-SML,2021-12-14,1.5,8.2,-2.6,83,100,0.0,0.0,10.3,162,12.36,1.49,780.6,-1.3,2195.0,31.107204,77.17339
HP-SML,2021-12-15,1.1,8.0,-3.7,69,86,0.0,0.0,7.3,124,12.91,1.61,780.3,-4.5,2195.0,31.107204,77.17339
HP-SML,2021-12-16,0.2,5.8,-4.0,70,93,2.4,0.7,13.6,161,12.92,1.52,780.6,-5.3,2195.0,31.107204,77.17339
HP-SML,2021-12-17,-1.0,4.2,-5.3,76,92,2.0,1.1,12.2,151,11.25,1.24,780.6,-5.0,2195.0,31.107204,77.17339
HP-SML,2021-12-18,-1.4,5.7,-7.7,70,87,0.0,0.0,10.9,31,12.81,1.45,779.6,-6.5,2195.0,31.107204,77.17339
HP-SML,2021-12-19,0.7,8.9,-5.3,50,75,0.0,0.0,7.6,79,13.22,1.75,780.0,-9.2,2195.0,31.107204,77.17339
HP-SML,2021-12-20,1.9,9.9,-3.1,50,84,0.0,0.0,9.7,70,12.81,1.79,780.1,-8.3,2195.0,31.107204,77.17339
HP-SML,2021-12-21,2.2,9.2,-3.0,62,82,0.0,0.0,9.7,142,12.61,1.62,780.2,-4.9,2195.0,31.107204,77.17339
HP-SML,2021-12-22,2.4,9.7,-3.3,66,84,0.0,0.0,8.9,114,12.5,1.64,778.9,-3.8,2195.0,31.107204,77.17339
HP-SML,2021-12-23,3.9,9.8,-0.6,69,93,0.0,0.0,8.7,105,10.99,1.46,780.0,-1.6,2195.0,31.107204,77.17339
HP-SML,2021-12-24,2.6,9.0,-1.8,73,92,2.2,2.2,7.2,146,11.87,1.52,779.1,-2.1,2195.0,31.107204,77.17339
HP-SML,2021-12-25,1.4,7.5,-3.5,74,92,0.0,0.0,10.4,306,11.84,1.47,779.8,-3.1,2195.0,31.107204,77.17339
HP-SML,2021-12-26,0.7,5.7,-3.3,66,85,0.8,0.4,7.9,112,5.3,0.85,780.7,-5.2,2195.0,31.107204,77.17339
HP-SML,2021-12-27,0.5,6.4,-3.9,71,86,0.3,0.3,6.8,116,12.01,1.45,781.5,-4.4,2195.0,31.107204,77.17339
HP-SML,2021-12-28,0.4,6.7,-4.1,70,91,1.0,1.0,6.6,131,11.96,1.47,780.5,-4.9,2195.0,31.107204,77.17339
HP-SML,2021-12-29,-0.4,5.6,-4.4,75,91,0.3,0.3,9.4,352,12.48,1.4,780.1,-4.5,2195.0,31.107204,77.17339
HP-SML,2021-12-30,0.2,6.6,-4.6,77,96,0.0,0.0,7.0,55,11.83,1.42,783.6,-3.8,2195.0,31.107204,77.17339
HP-SML,2021-12-31,1.2,8.7,-3.9,64,85,0.0,0.0,8.5,72,12.91,1.68,783.5,-5.4,2195.0,31.107204,77.17339
HP-SML,2022-01-01,2.4,9.4,-2.7,66,90,0.0,0.0,8.3,145,12.82,1.66,783.5,-3.8,2195.0,31.107204,77.17339
HP-SML,2022-01-02,3.3,9.7,-1.9,66,83,0.0,0.0,6.5,92,11.76,1.59,783.3,-3.0,2195.0,31.107204,77.17339
HP-SML,2022-01-03,3.8,10.7,-1.3,57,75,0.0,0.0,9.6,27,12.18,1.77,782.4,-4.3,2195.0,31.107204,77.17339
HP-SML,2022-01-04,3.8,7.5,1.6,71,90,5.4,5.4,12.2,93,2.12,0.53,782.8,-1.3,2195.0,31.107204,77.17339
HP-SML,2022-01-05,2.9,5.6,1.1,86,93,16.0,15.4,12.2,102,2.39,0.49,781.0,0.8,2195.0,31.107204,77.17339
HP-SML,2022-01-06,2.2,7.1,-1.7,84,100,11.5,7.3,9.7,118,9.39,1.19,780.4,-0.3,2195.0,31.107204,77.17339
HP-SML,2022-01-07,2.8,8.1,-3.9,78,96,2.1,2.1,15.0,117,8.86,1.27,780.2,-0.8,2195.0,31.107204,77.17339
HP-SML,2022-01-08,3.0,5.3,1.2,81,93,20.9,19.4,19.4,109,7.01,0.91,780.3,-0.0,2195.0,31.107204,77.17339
HP-SML,2022-01-09,0.2,1.2,-3.5,91,99,44.4,24.6,8.6,93,2.51,0.38,778.5,-1.1,2195.0,31.107204,77.17339
HP-SML,2022-01-10,-1.3,5.2,-6.4,81,96,16.0,5.7,8.0,94,13.59,1.38,778.1,-4.5,2195.0,31.107204,77.17339
HP-SML,2022-01-11,-2.5,6.1,-8.5,78,92,2.0,1.8,6.6,85,12.46,1.38,777.1,-6.0,2195.0,31.107204,77.17339
HP-SML,2022-01-12,-1.0,5.8,-6.2,82,100,0.7,0.7,11.0,49,13.32,1.45,777.7,-3.9,2195.0,31.107204,77.17339
HP-SML,2022-01-13,-1.3,6.8,-9.2,68,100,0.0,0.0,8.8,61,13.72,1.64,777.5,-6.9,2195.0,31.107204,77.17339
HP-SML,2022-01-14,-0.3,7.6,-6.7,62,91,0.0,0.0,9.4,46,13.54,1.69,778.5,-7.1,2195.0,31.107204,77.17339
HP-SML,2022-01-15,0.8,9.4,-6.2,49,85,0.0,0.0,8.8,52,14.34,1.9,779.9,-9.1,2195.0,31.107204,77.17339
HP-SML,2022-01-16,3.1,10.5,-2.7,43,76,0.0,0.0,8.7,34,12.4,1.84,781.8,-8.9,2195.0,31.107204,77.17339
HP-SML,2022-01-17,3.8,8.7,-1.6,52,73,0.1,0.1,5.6,75,7.28,1.21,782.8,-5.4,2195.0,31.107204,77.17339
HP-SML,2022-01-18,3.7,10.7,-1.1,61,90,0.0,0.0,11.9,355,14.07,1.9,781.6,-3.6,2195.0,31.107204,77.17339
HP-SML,2022-01-19,3.4,8.6,-2.4,70,100,1.5,1.5,7.8,0,7.95,1.17,779.5,-2.2,2195.0,31.107204,77.17339
HP-SML,2022-01-20,2.1,4.8,-1.0,90,98,6.7,6.5,7.9,150,6.73,0.83,776.4,0.5,2195.0,31.107204,77.17339
HP-SML,2022-01-21,0.3,6.0,-4.3,85,99,1.0,0.9,10.9,134,11.37,1.29,775.2,-2.1,2195.0,31.107204,77.17339
HP-SML,2022-01-22,0.4,4.6,-1.6,82,99,11.9,8.9,12.6,109,4.49,0.74,772.2,-2.4,2195.0,31.107204,77.17339
HP-SML,2022-01-23,-1.1,0.8,-3.4,96,100,35.9,19.0,13.0,106,2.65,0.35,773.4,-1.7,2195.0,31.107204,77.17339
HP-SML,2022-01-24,-1.8,1.1,-6.0,89,99,9.1,3.0,5.8,122,9.46,0.97,775.1,-3.4,2195.0,31.107204,77.17339
HP-SML,2022-01-25,-3.4,3.7,-8.9,88,100,0.3,0.3,6.1,115,13.27,1.34,774.1,-5.2,2195.0,31.107204,77.17339
HP-SML,2022-01-26,-2.2,2.6,-7.9,89,100,0.2,0.2,5.7,14,12.43,1.27,775.9,-3.8,2195.0,31.107204,77.17339
HP-SML,2022-01-27,-2.9,3.9,-8.6,87,100,0.0,0.0,16.1,327,14.9,1.41,776.3,-5.1,2195.0,31.107204,77.17339
HP-SML,2022-01-28,-1.1,6.5,-7.9,78,100,0.0,0.0,11.5,1,15.7,1.74,776.8,-4.9,2195.0,31.107204,77.17339
HP-SML,2022-01-29,2.7,10.4,-2.9,60,90,0.0,0.0,11.1,5,15.48,2.1,779.5,-4.8,2195.0,31.107204,77.17339
HP-SML,2022-01-30,3.1,10.0,-1.9,52,75,0.0,0.0,13.0,10,15.46,2.27,777.0,-6.4,2195.0,31.107204,77.17339
HP-SML,2022-01-31,2.3,9.4,-2.6,62,99,0.3,0.3,10.5,306,15.71,2.03,776.2,-5.0,2195.0,31.107204,77.17339
HP-SML,2022-02-01,0.5,6.7,-3.9,69,88,0.0,0.0,15.9,329,16.01,1.86,774.9,-5.0,2195.0,31.107204,77.17339
HP-SML,2022-02-02,2.5,9.0,-3.9,63,86,2.3,2.3,8.6,57,9.57,1.43,775.3,-4.3,2195.0,31.107204,77.17339
HP-SML,2022-02-03,-0.0,1.7,-1.9,90,100,17.9,10.4,11.3,83,2.65,0.45,772.6,-1.5,2195.0,31.107204,77.17339
HP-SML,2022-02-04,-2.4,-0.1,-7.1,96,100,13.7,1.4,6.3,25,6.43,0.7,772.6,-3.0,2195.0,31.107204,77.17339
HP-SML,2022-02-05,-3.6,2.9,-11.5,87,100,0.0,0.0,7.2,300,17.15,1.7,773.3,-5.8,2195.0,31.107204,77.17339
HP-SML,2022-02-06,-0.2,8.2,-5.5,75,93,0.0,0.0,7.1,23,15.89,1.83,777.2,-4.6,2195.0,31.107204,77.17339
HP-SML,2022-02-07,2.3,8.8,-3.8,63,85,2.2,2.0,11.9,326,16.59,2.1,779.6,-4.5,2195.0,31.107204,77.17339
HP-SML,2022-02-08,2.2,9.3,-4.5,65,85,0.0,0.0,13.2,283,16.06,2.12,778.2,-4.5,2195.0,31.107204,77.17339
HP-SML,2022-02-09,1.4,5.5,-1.5,72,88,0.8,0.8,11.4,42,12.84,1.59,779.2,-3.3,2195.0,31.107204,77.17339
HP-SML,2022-02-10,1.3,6.0,-2.3,67,86,0.0,0.0,13.8,347,17.43,1.98,780.4,-4.3,2195.0,31.107204,77.17339
HP-SML,2022-02-11,1.5,8.9,-4.8,69,92,0.0,0.0,13.0,2,17.83,2.22,778.7,-4.1,2195.0,31.107204,77.17339
HP-SML,2022-02-12,3.7,10.3,-3.0,54,77,0.0,0.0,11.6,350,17.95,2.45,778.9,-5.3,2195.0,31.107204,77.17339
HP-SML,2022-02-13,3.1,10.0,-3.3,61,88,0.0,0.0,11.5,306,17.56,2.3,778.2,-4.3,2195.0,31.107204,77.17339
HP-SML,2022-02-14,3.2,9.3,-2.7,73,93,0.0,0.0,10.1,289,16.66,2.13,779.0,-1.5,2195.0,31.107204,77.17339
HP-SML,2022-02-15,2.8,8.9,-2.9,74,91,0.1,0.1,12.0,305,17.49,2.2,778.8,-1.7,2195.0,31.107204,77.17339
HP-SML,2022-02-16,3.1,9.2,-3.1,63,89,0.4,0.4,13.2,337,18.21,2.38,777.2,-3.9,2195.0,31.107204,77.17339
HP-SML,2022-02-17,3.0,9.7,-3.5,55,78,0.0,0.0,12.6,7,18.82,2.56,777.1,-6.0,2195.0,31.107204,77.17339
HP-SML,2022-02-18,3.1,9.8,-3.4,50,78,0.0,0.0,14.0,341,18.93,2.66,778.3,-7.0,2195.0,31.107204,77.17339
HP-SML,2022-02-19,3.2,9.5,-3.1,64,81,0.0,0.0,15.2,330,18.82,2.47,779.2,-3.7,2195.0,31.107204,77.17339
HP-SML,2022-02-20,2.8,7.6,-2.1,68,92,0.0,0.0,19.0,314,18.85,2.29,774.5,-3.2,2195.0,31.107204,77.17339
HP-SML,2022-02-21,2.7,10.4,-5.2,65,96,0.0,0.0,13.2,300,19.43,2.61,774.2,-4.3,2195.0,31.107204,77.17339
HP-SML,2022-02-22,7.6,14.0,0.1,45,70,4.2,4.2,14.2,126,17.29,3.11,779.7,-4.3,2195.0,31.107204,77.17339
HP-SML,2022-02-23,5.3,10.1,1.3,72,86,18.3,12.3,17.7,109,16.18,2.23,782.3,0.4,2195.0,31.107204,77.17339
HP-SML,2022-02-24,2.9,9.4,0.2,84,95,15.6,13.6,10.1,95,13.1,1.62,782.0,0.3,2195.0,31.107204,77.17339
HP-SML,2022-02-25,3.3,9.1,-1.8,69,90,0.2,0.2,11.0,112,16.51,2.26,782.2,-2.2,2195.0,31.107204,77.17339
HP-SML,2022-02-26,2.7,7.0,0.0,75,94,9.7,8.3,14.6,105,12.37,1.6,782.2,-1.5,2195.0,31.107204,77.17339
HP-SML,2022-02-27,2.7,9.8,-2.5,76,96,2.3,1.1,11.2,75,19.63,2.59,782.8,-1.8,2195.0,31.107204,77.17339
HP-SML,2022-02-28,4.3,11.6,-3.4,62,86,0.2,0.2,10.1,12,18.64,2.65,781.6,-3.0,2195.0,31.107204,77.17339
HP-SML,2022-03-01,4.8,11.6,-0.5,65,81,1.1,1.1,12.0,107,15.7,2.22,782.8,-1.3,2195.0,31.107204,77.17339
HP-SML,2022-03-02,5.6,12.8,-1.0,66,89,0.1,0.1,7.9,154,18.98,2.76,783.5,-0.7,2195.0,31.107204,77.17339
HP-SML,2022-03-03,4.8,9.9,2.1,71,85,5.4,5.2,11.6,108,10.57,1.57,783.0,-0.2,2195.0,31.107204,77.17339
HP-SML,2022-03-04,5.6,11.3,1.3,69,90,0.2,0.2,8.7,125,18.18,2.65,783.6,0.1,2195.0,31.107204,77.17339
HP-SML,2022-03-05,6.3,13.6,-1.0,64,90,0.0,0.0,11.3,10,20.94,3.11,781.8,-0.8,2195.0,31.107204,77.17339
HP-SML,2022-03-06,8.3,14.4,3.1,61,90,0.0,0.0,9.5,161,11.6,2.01,782.6,0.7,2195.0,31.107204,77.17339
HP-SML,2022-03-07,8.6,14.1,4.0,62,81,0.0,0.0,6.3,117,15.51,2.5,785.1,1.3,2195.0,31.107204,77.17339
HP-SML,2022-03-08,8.6,16.4,1.9,57,82,0.0,0.0,9.1,125,20.52,3.38,784.3,-0.3,2195.0,31.107204,77.17339
HP-SML,2022-03-09,8.5,15.3,2.1,51,78,0.0,0.0,11.1,359,21.5,3.46,783.5,-1.8,2195.0,31.107204,77.17339
HP-SML,2022-03-10,8.7,16.7,2.6,60,89,0.0,0.0,11.2,358,19.7,3.23,783.0,0.6,2195.0,31.107204,77.17339
HP-SML,2022-03-11,9.3,16.4,2.7,61,89,0.0,0.0,12.1,353,21.45,3.49,783.6,1.3,2195.0,31.107204,77.17339
HP-SML,2022-03-12,9.6,16.9,2.9,57,88,0.0,0.0,11.1,355,22.23,3.68,782.9,0.3,2195.0,31.107204,77.17339
HP-SML,2022-03-13,10.7,17.6,4.1,64,90,0.0,0.0,12.5,326,22.13,3.65,783.6,3.4,2195.0,31.107204,77.17339
HP-SML,2022-03-14,11.5,18.8,4.4,68,88,0.0,0.0,11.2,299,22.19,3.68,784.1,5.2,2195.0,31.107204,77.17339
HP-SML,2022-03-15,13.0,20.1,6.5,65,94,0.0,0.0,17.1,337,22.13,3.94,783.6,5.8,2195.0,31.107204,77.17339
HP-SML,2022-03-16,13.6,20.7,6.5,55,92,0.0,0.0,15.9,1,22.89,4.32,782.1,3.6,2195.0,31.107204,77.17339
HP-SML,2022-03-17,14.4,21.1,7.4,62,100,0.0,0.0,11.9,325,22.59,4.18,783.7,6.2,2195.0,31.107204,77.17339
HP-SML,2022-03-18,14.1,19.8,9.0,78,100,0.2,0.2,7.9,120,19.54,3.42,785.3,9.8,2195.0,31.107204,77.17339
HP-SML,2022-03-19,13.7,19.6,9.2,73,91,3.1,3.1,9.1,87,18.32,3.18,783.4,8.6,2195.0,31.107204,77.17339
HP-SML,2022-03-20,13.2,20.4,7.3,54,81,0.0,0.0,14.6,7,20.79,3.84,781.7,2.9,2195.0,31.107204,77.17339
HP-SML,2022-03-21,13.4,19.8,6.4,44,72,0.0,0.0,14.5,345,23.54,4.53,783.5,0.5,2195.0,31.107204,77.17339
HP-SML,2022-03-22,14.1,19.5,6.3,43,65,0.0,0.0,15.8,344,23.85,4.65,783.6,1.0,2195.0,31.107204,77.17339
HP-SML,2022-03-23,14.1,19.1,6.1,39,70,0.0,0.0,14.8,341,24.0,4.53,783.8,-1.1,2195.0,31.107204,77.17339
HP-SML,2022-03-24,11.8,17.5,6.5,45,67,0.1,0.1,11.5,150,19.26,3.69,781.4,-0.5,2195.0,31.107204,77.17339
HP-SML,2022-03-25,11.4,17.4,5.0,42,64,0.0,0.0,16.9,328,24.14,4.47,781.9,-1.9,2195.0,31.107204,77.17339
HP-SML,2022-03-26,13.0,19.2,4.6,41,63,0.0,0.0,16.1,341,24.53,4.73,783.8,-0.8,2195.0,31.107204,77.17339
HP-SML,2022-03-27,14.5,20.7,6.6,36,56,0.0,0.0,17.6,343,24.73,5.15,785.0,-1.4,2195.0,31.107204,77.17339
HP-SML,2022-03-28,15.1,22.1,6.2,36,57,0.0,0.0,17.3,341,24.39,5.2,785.2,-1.2,2195.0,31.107204,77.17339
HP-SML,2022-03-29,16.3,22.5,7.5,33,58,0.0,0.0,17.0,343,24.83,5.23,784.6,-1.1,2195.0,31.107204,77.17339
HP-SML,2022-03-30,15.2,22.9,7.1,33,59,0.0,0.0,15.5,340,25.21,5.18,784.0,-2.9,2195.0,31.107204,77.17339
HP-SML,2022-03-31,15.7,22.4,7.6,28,44,0.0,0.0,15.4,332,24.67,5.29,785.3,-3.3,2195.0,31.107204,77.17339
HP-SML,2022-04-01,15.5,22.4,7.1,37,58,0.0,0.0,14.2,318,25.1,5.0,784.2,-0.2,2195.0,31.107204,77.17339
HP-SML,2022-04-02,14.7,21.5,7.6,39,66,0.0,0.0,13.0,248,24.74,4.72,785.3,-0.3,2195.0,31.107204,77.17339
HP-SML,2022-04-03,15.6,22.9,7.6,25,48,0.0,0.0,19.0,320,24.81,5.32,786.0,-5.8,2195.0,31.107204,77.17339
HP-SML,2022-04-04,14.9,21.6,7.2,26,48,0.0,0.0,15.7,339,25.71,5.41,785.0,-5.4,2195.0,31.107204,77.17339
HP-SML,2022-04-05,15.3,22.0,7.6,34,56,0.0,0.0,15.3,325,25.13,5.14,787.4,-1.3,2195.0,31.107204,77.17339
HP-SML,2022-04-06,15.7,21.7,9.0,36,55,0.0,0.0,16.2,329,25.34,5.18,787.7,0.0,2195.0,31.107204,77.17339
HP-SML,2022-04-07,16.2,22.4,9.3,35,59,0.0,0.0,17.1,333,25.28,5.41,787.6,-0.2,2195.0,31.107204,77.17339
HP-SML,2022-04-08,16.8,23.3,9.1,33,55,0.0,0.0,18.3,327,25.38,5.56,786.3,-0.9,2195.0,31.107204,77.17339
HP-SML,2022-04-09,16.8,24.0,9.7,34,58,0.1,0.1,21.9,332,24.38,5.41,785.2,-0.6,2195.0,31.107204,77.17339
HP-SML,2022-04-10,16.8,23.6,8.8,31,46,0.0,0.0,16.3,329,25.8,5.51,784.3,-1.0,2195.0,31.107204,77.17339
HP-SML,2022-04-11,18.3,24.3,10.7,32,56,0.0,0.0,17.4,330,25.64,5.81,784.8,0.1,2195.0,31.107204,77.17339
HP-SML,2022-04-12,18.0,23.9,10.5,33,49,0.0,0.0,13.8,264,22.47,4.96,784.5,0.1,2195.0,31.107204,77.17339
HP-SML,2022-04-13,16.2,22.6,11.6,41,59,2.9,2.9,12.7,115,21.22,4.58,783.7,2.3,2195.0,31.107204,77.17339
HP-SML,2022-04-14,15.1,20.8,9.1,38,58,1.2,1.2,16.9,12,23.14,4.68,782.6,0.5,2195.0,31.107204,77.17339
HP-SML,2022-04-15,13.1,19.8,7.2,47,68,0.8,0.8,11.3,57,21.96,4.12,781.1,1.4,2195.0,31.107204,77.17339
HP-SML,2022-04-16,13.6,20.4,6.9,47,63,0.6,0.6,12.2,43,24.71,4.63,781.1,1.7,2195.0,31.107204,77.17339
HP-SML,2022-04-17,15.4,21.5,7.1,39,64,0.0,0.0,13.6,324,25.46,4.99,782.9,0.8,2195.0,31.107204,77.17339
HP-SML,2022-04-18,17.0,23.5,9.3,37,58,0.0,0.0,16.1,328,25.8,5.44,785.5,1.1,2195.0,31.107204,77.17339
HP-SML,2022-04-19,17.3,24.1,10.3,37,55,0.2,0.2,18.6,327,23.68,5.21,787.1,1.5,2195.0,31.107204,77.17339
HP-SML,2022-04-20,17.3,22.9,10.4,37,57,0.0,0.0,15.8,321,25.45,5.46,785.6,1.7,2195.0,31.107204,77.17339
HP-SML,2022-04-21,14.5,20.5,8.9,48,79,2.4,2.4,13.0,33,14.1,3.25,785.0,2.4,2195.0,31.107204,77.17339
HP-SML,2022-04-22,13.2,19.1,7.7,54,77,1.1,1.1,12.0,23,22.86,4.25,784.8,3.5,2195.0,31.107204,77.17339
HP-SML,2022-04-23,14.4,20.8,6.5,40,70,0.1,0.1,15.4,325,26.15,5.27,785.3,-0.3,2195.0,31.107204,77.17339
HP-SML,2022-04-24,15.7,20.9,9.4,35,61,0.0,0.0,16.4,323,26.75,5.47,784.3,-0.2,2195.0,31.107204,77.17339
HP-SML,2022-04-25,16.9,22.3,11.1,34,63,0.1,0.1,21.7,334,24.06,5.34,784.4,0.3,2195.0,31.107204,77.17339
HP-SML,2022-04-26,16.4,22.4,9.3,34,50,0.0,0.0,15.7,328,26.35,5.57,784.9,-0.4,2195.0,31.107204,77.17339
HP-SML,2022-04-27,17.6,23.6,9.6,36,52,0.0,0.0,15.4,321,26.67,5.71,785.0,1.4,2195.0,31.107204,77.17339
HP-SML,2022-04-28,19.3,24.7,11.8,32,56,0.0,0.0,19.3,331,24.97,5.87,786.4,1.2,2195.0,31.107204,77.17339
HP-SML,2022-04-29,18.8,25.3,11.7,32,50,0.0,0.0,21.2,325,24.66,5.94,785.8,1.1,2195.0,31.107204,77.17339
HP-SML,2022-04-30,18.6,24.9,11.7,36,53,0.0,0.0,18.7,340,25.33,5.74,783.4,2.3,2195.0,31.107204,77.17339
HP-SML,2022-05-01,17.5,24.3,12.1,41,62,0.0,0.0,17.4,326,23.06,5.03,782.4,3.3,2195.0,31.107204,77.17339
HP-SML,2022-05-02,17.1,23.6,11.1,51,69,0.0,0.0,18.9,258,21.85,4.51,782.4,6.3,2195.0,31.107204,77.17339
HP-SML,2022-05-03,16.1,22.0,11.3,62,81,4.4,4.4,9.7,140,18.45,3.5,783.7,8.7,2195.0,31.107204,77.17339
HP-SML,2022-05-04,14.9,20.4,10.4,64,82,7.4,7.4,14.3,110,17.19,3.34,784.7,7.8,2195.0,31.107204,77.17339
HP-SML,2022-05-05,15.7,21.3,8.9,53,75,0.3,0.3,15.2,312,25.15,4.8,784.4,5.6,2195.0,31.107204,77.17339
HP-SML,2022-05-06,16.8,21.6,8.7,45,77,0.9,0.9,16.9,322,25.3,5.06,785.2,4.1,2195.0,31.107204,77.17339
HP-SML,2022-05-07,15.9,20.9,8.7,51,79,2.4,2.4,17.2,320,23.91,4.64,784.7,5.3,2195.0,31.107204,77.17339
HP-SML,2022-05-08,16.7,22.7,9.5,52,78,1.2,1.2,16.3,319,23.12,4.62,783.9,6.3,2195.0,31.107204,77.17339
HP-SML,2022-05-09,16.7,21.7,10.8,57,75,1.5,1.5,16.6,311,21.43,4.23,784.0,7.8,2195.0,31.107204,77.17339
HP-SML,2022-05-10,16.4,21.0,10.8,65,87,2.9,2.9,16.2,280,20.84,3.85,784.0,9.5,2195.0,31.107204,77.17339
HP-SML,2022-05-11,18.0,23.3,11.1,62,90,0.5,0.5,17.1,307,24.14,4.69,783.6,10.1,2195.0,31.107204,77.17339
HP-SML,2022-05-12,18.8,24.5,12.5,54,83,0.3,0.3,20.0,314,23.95,5.1,783.0,8.7,2195.0,31.107204,77.17339
HP-SML,2022-05-13,19.3,25.0,12.7,41,63,0.6,0.6,21.9,318,25.73,5.82,781.1,5.1,2195.0,31.107204,77.17339
HP-SML,2022-05-14,21.1,25.9,11.3,30,61,0.0,0.0,17.7,312,27.36,6.26,782.1,1.8,2195.0,31.107204,77.17339
HP-SML,2022-05-15,20.9,27.4,12.7,32,57,0.0,0.0,19.4,309,26.32,6.07,783.3,2.4,2195.0,31.107204,77.17339
HP-SML,2022-05-16,20.0,26.1,13.7,36,59,0.0,0.0,16.9,341,22.12,5.33,782.9,3.7,2195.0,31.107204,77.17339
HP-SML,2022-05-17,18.2,22.7,13.3,45,66,0.6,0.6,15.5,348,22.83,4.89,782.5,5.6,2195.0,31.107204,77.17339
HP-SML,2022-05-18,18.1,22.5,11.2,45,65,0.7,0.7,17.7,316,24.64,5.1,783.7,5.4,2195.0,31.107204,77.17339
HP-SML,2022-05-19,18.8,24.9,11.1,44,75,0.0,0.0,20.2,320,25.5,5.57,783.8,5.6,2195.0,31.107204,77.17339
HP-SML,2022-05-20,19.4,25.2,12.1,36,61,0.0,0.0,16.6,351,22.38,5.3,782.1,3.1,2195.0,31.107204,77.17339
HP-SML,2022-05-21,18.4,23.9,12.8,34,54,0.0,0.0,13.6,143,22.75,5.04,779.4,1.7,2195.0,31.107204,77.17339
HP-SML,2022-05-22,16.0,21.2,10.7,50,63,4.5,4.5,13.4,293,22.34,4.38,777.0,5.3,2195.0,31.107204,77.17339
HP-SML,2022-05-23,13.9,19.0,9.7,63,92,2.7,2.7,16.3,109,16.47,3.22,777.0,6.6,2195.0,31.107204,77.17339
HP-SML,2022-05-24,11.7,14.9,8.7,77,94,19.6,19.6,9.5,110,15.97,2.63,780.4,7.6,2195.0,31.107204,77.17339
HP-SML,2022-05-25,13.5,19.1,7.5,65,87,0.5,0.5,12.3,261,22.47,4.03,782.2,6.6,2195.0,31.107204,77.17339
HP-SML,2022-05-26,14.5,19.8,9.0,70,88,1.2,1.2,13.3,301,21.38,3.8,781.7,8.9,2195.0,31.107204,77.17339
HP-SML,2022-05-27,16.0,20.8,10.7,72,86,2.9,2.9,15.2,313,22.32,4.0,780.7,10.7,2195.0,31.107204,77.17339
HP-SML,2022-05-28,17.1,22.7,11.8,71,92,5.6,5.6,12.8,350,24.03,4.55,780.4,11.4,2195.0,31.107204,77.17339
HP-SML,2022-05-29,17.5,23.4,11.0,64,96,0.7,0.7,13.2,274,23.75,4.64,780.6,9.6,2195.0,31.107204,77.17339
HP-SML,2022-05-30,17.6,22.4,11.6,55,79,1.9,1.9,7.4,150,22.13,4.38,781.5,8.0,2195.0,31.107204,77.17339
HP-SML,2022-05-31,17.9,22.4,11.2,47,76,0.0,0.0,14.6,312,21.67,4.79,782.0,5.6,2195.0,31.107204,77.17339
HP-SML,2022-06-01,19.2,24.3,10.4,34,68,0.0,0.0,19.3,331,26.81,6.04,783.1,1.9,2195.0,31.107204,77.17339
HP-SML,2022-06-02,19.8,25.2,12.7,28,47,0.0,0.0,17.9,330,27.68,6.36,783.1,-0.2,2195.0,31.107204,77.17339
HP-SML,2022-06-03,20.0,25.1,11.4,27,53,0.0,0.0,16.7,318,27.76,6.25,782.5,-0.4,2195.0,31.107204,77.17339
HP-SML,2022-06-04,20.5,25.9,12.5,28,53,0.0,0.0,17.4,319,27.25,6.27,783.3,0.5,2195.0,31.107204,77.17339
HP-SML,2022-06-05,21.1,26.6,13.5,28,47,0.0,0.0,15.2,306,24.0,5.72,783.7,1.4,2195.0,31.107204,77.17339
HP-SML,2022-06-06,20.8,26.5,13.3,32,54,0.0,0.0,15.3,294,20.83,5.16,782.9,2.6,2195.0,31.107204,77.17339
HP-SML,2022-06-07,22.4,27.5,14.5,28,51,0.0,0.0,19.1,314,25.49,6.02,783.5,2.6,2195.0,31.107204,77.17339
HP-SML,2022-06-08,21.9,26.2,14.9,30,52,0.0,0.0,17.4,313,26.03,6.12,782.8,3.0,2195.0,31.107204,77.17339
HP-SML,2022-06-09,21.2,26.1,14.0,32,56,0.1,0.1,15.1,336,23.08,5.5,781.8,3.3,2195.0,31.107204,77.17339
HP-SML,2022-06-10,21.3,26.5,13.8,32,57,0.0,0.0,18.6,304,25.66,6.14,782.4,3.4,2195.0,31.107204,77.17339
HP-SML,2022-06-11,21.6,26.8,14.4,34,58,0.0,0.0,19.9,303,25.96,6.12,782.7,4.3,2195.0,31.107204,77.17339
HP-SML,2022-06-12,21.1,25.6,14.0,39,63,0.3,0.3,12.7,289,23.52,5.24,783.6,6.2,2195.0,31.107204,77.17339
HP-SML,2022-06-13,20.7,25.7,14.6,42,66,0.2,0.2,18.8,314,25.94,5.98,784.7,6.6,2195.0,31.107204,77.17339
HP-SML,2022-06-14,21.9,25.9,17.8,37,66,0.0,0.0,18.2,320,26.51,6.27,784.5,5.9,2195.0,31.107204,77.17339
HP-SML,2022-06-15,22.3,25.9,19.1,40,57,0.0,0.0,18.4,306,26.05,5.76,783.7,7.9,2195.0,31.107204,77.17339
HP-SML,2022-06-16,18.2,23.3,13.7,64,89,6.4,6.4,15.3,355,22.51,4.36,782.2,11.0,2195.0,31.107204,77.17339
HP-SML,2022-06-17,16.2,21.4,12.4,80,98,5.2,5.2,12.4,331,20.2,3.62,780.8,12.5,2195.0,31.107204,77.17339
HP-SML,2022-06-18,14.9,21.0,12.4,77,91,7.3,7.3,9.2,70,12.21,2.43,780.2,10.6,2195.0,31.107204,77.17339
HP-SML,2022-06-19,15.8,20.9,11.2,69,89,0.4,0.4,9.7,329,20.53,3.8,780.1,9.8,2195.0,31.107204,77.17339
HP-SML,2022-06-20,14.6,19.9,9.3,71,90,1.0,1.0,12.3,308,21.79,3.84,778.3,9.1,2195.0,31.107204,77.17339
HP-SML,2022-06-21,14.6,18.8,9.8,71,89,2.4,2.4,12.3,128,12.36,2.42,778.2,9.0,2195.0,31.107204,77.17339
HP-SML,2022-06-22,15.7,21.2,11.2,73,94,2.7,2.7,10.4,11,17.44,3.29,782.8,10.7,2195.0,31.107204,77.17339
HP-SML,2022-06-23,17.3,22.1,11.4,67,88,0.0,0.0,13.8,306,26.84,4.98,783.9,10.7,2195.0,31.107204,77.17339
HP-SML,2022-06-24,17.6,22.0,12.6,66,85,0.5,0.5,12.0,303,24.75,4.65,782.3,10.8,2195.0,31.107204,77.17339
HP-SML,2022-06-25,18.0,22.6,13.0,70,89,2.4,2.4,10.0,238,22.91,4.32,781.4,12.3,2195.0,31.107204,77.17339
HP-SML,2022-06-26,18.2,22.4,13.5,80,95,2.9,2.9,10.6,284,21.32,3.94,783.0,14.4,2195.0,31.107204,77.17339
HP-SML,2022-06-27,18.5,22.0,14.2,84,99,2.5,2.5,13.1,286,22.81,4.08,783.9,15.7,2195.0,31.107204,77.17339
HP-SML,2022-06-28,18.7,22.7,15.3,87,98,3.2,3.2,15.6,296,21.75,3.84,781.8,16.3,2195.0,31.107204,77.17339
HP-SML,2022-06-29,18.3,21.3,15.6,88,97,4.5,4.5,11.4,305,15.46,2.79,779.4,16.2,2195.0,31.107204,77.17339
HP-SML,2022-06-30,16.8,19.0,15.2,92,98,44.5,44.5,10.8,119,7.43,1.47,779.6,15.5,2195.0,31.107204,77.17339
HP-SML,2022-07-01,16.8,20.4,14.5,90,100,9.7,9.7,7.9,294,12.21,2.32,780.6,15.1,2195.0,31.107204,77.17339
HP-SML,2022-07-02,17.1,19.7,15.0,93,100,30.7,30.7,6.1,264,14.34,2.58,779.8,15.9,2195.0,31.107204,77.17339
HP-SML,2022-07-03,17.4,21.1,14.9,89,98,3.7,3.7,9.2,143,15.45,2.86,781.0,15.5,2195.0,31.107204,77.17339
HP-SML,2022-07-04,18.1,22.3,14.7,88,97,5.9,5.9,12.6,297,19.63,3.55,781.2,15.9,2195.0,31.107204,77.17339
HP-SML,2022-07-05,18.7,24.1,15.3,87,98,5.3,5.3,12.2,272,20.55,3.79,781.6,16.4,2195.0,31.107204,77.17339
HP-SML,2022-07-06,18.7,23.3,15.6,86,97,11.3,11.3,9.7,124,20.16,3.76,784.1,16.2,2195.0,31.107204,77.17339
HP-SML,2022-07-07,18.3,21.6,15.2,87,98,4.1,4.1,11.7,284,20.93,3.71,785.4,15.9,2195.0,31.107204,77.17339
HP-SML,2022-07-08,18.2,21.3,15.4,88,97,9.1,9.1,11.0,283,19.62,3.5,783.0,16.1,2195.0,31.107204,77.17339
HP-SML,2022-07-09,17.5,20.9,15.1,90,100,8.2,8.2,9.1,216,16.89,2.99,780.6,15.9,2195.0,31.107204,77.17339
HP-SML,2022-07-10,17.1,20.1,14.9,88,98,3.8,3.8,8.7,177,14.01,2.57,781.6,15.0,2195.0,31.107204,77.17339
HP-SML,2022-07-11,17.5,20.7,14.3,89,100,5.8,5.8,9.1,283,17.33,3.1,782.3,15.5,2195.0,31.107204,77.17339
HP-SML,2022-07-12,17.5,21.7,14.0,88,99,3.9,3.9,10.9,259,21.35,3.76,781.6,15.4,2195.0,31.107204,77.17339
HP-SML,2022-07-13,17.1,20.8,13.4,90,100,16.9,16.9,8.7,136,17.46,3.11,780.3,15.4,2195.0,31.107204,77.17339
HP-SML,2022-07-14,17.6,21.2,15.0,83,94,1.8,1.8,7.2,107,19.35,3.54,780.9,14.6,2195.0,31.107204,77.17339
HP-SML,2022-07-15,17.8,22.0,14.6,80,87,6.1,6.1,8.3,82,18.71,3.42,782.9,14.2,2195.0,31.107204,77.17339
HP-SML,2022-07-16,18.3,22.7,14.1,77,96,3.8,3.8,9.8,319,23.27,4.23,783.4,14.1,2195.0,31.107204,77.17339
HP-SML,2022-07-17,17.9,21.8,15.8,89,100,6.3,6.3,8.0,292,17.4,3.2,784.7,16.1,2195.0,31.107204,77.17339
HP-SML,2022-07-18,18.8,22.2,15.0,82,97,0.6,0.6,12.7,291,24.68,4.4,783.9,15.4,2195.0,31.107204,77.17339
HP-SML,2022-07-19,18.0,21.3,13.7,87,100,1.6,1.6,13.9,298,22.61,3.9,782.0,15.6,2195.0,31.107204,77.17339
HP-SML,2022-07-20,17.5,21.0,14.7,90,98,8.1,8.1,12.4,290,17.98,3.08,780.8,15.8,2195.0,31.107204,77.17339
HP-SML,2022-07-21,16.9,19.5,14.6,89,99,4.3,4.3,7.5,158,11.87,2.22,782.1,15.0,2195.0,31.107204,77.17339
HP-SML,2022-07-22,16.8,19.9,14.2,91,99,2.4,2.4,5.6,174,12.34,2.27,783.8,15.2,2195.0,31.107204,77.17339
HP-SML,2022-07-23,16.9,20.8,14.1,91,99,7.7,7.7,7.7,65,10.68,2.03,783.7,15.4,2195.0,31.107204,77.17339
HP-SML,2022-07-24,17.7,21.4,15.4,86,96,6.8,6.8,8.8,282,18.27,3.32,783.9,15.2,2195.0,31.107204,77.17339
HP-SML,2022-07-25,17.2,20.7,15.2,89,96,7.6,7.6,8.0,248,16.89,3.01,785.2,15.3,2195.0,31.107204,77.17339
HP-SML,2022-07-26,17.0,20.4,15.2,90,98,18.3,18.3,8.6,317,15.25,2.72,785.6,15.3,2195.0,31.107204,77.17339
HP-SML,2022-07-27,16.6,20.2,14.9,91,98,26.4,26.4,8.1,198,11.23,2.1,784.9,15.1,2195.0,31.107204,77.17339
HP-SML,2022-07-28,16.6,19.5,14.0,91,99,9.3,9.3,8.3,205,13.86,2.52,785.1,15.1,2195.0,31.107204,77.17339
HP-SML,2022-07-29,16.5,19.7,14.2,93,99,8.5,8.5,7.4,172,11.85,2.15,783.9,15.3,2195.0,31.107204,77.17339
HP-SML,2022-07-30,16.0,19.1,14.0,93,99,3.9,3.9,7.7,175,10.86,1.97,782.2,14.9,2195.0,31.107204,77.17339
HP-SML,2022-07-31,15.8,18.4,13.4,92,99,3.8,3.8,6.6,136,9.23,1.69,780.0,14.5,2195.0,31.107204,77.17339
HP-SML,2022-08-01,15.9,19.9,13.0,94,100,14.9,14.9,7.6,246,12.19,2.17,780.4,14.9,2195.0,31.107204,77.17339
HP-SML,2022-08-02,16.9,21.9,12.1,87,100,0.2,0.2,13.2,307,25.41,4.37,780.8,14.5,2195.0,31.107204,77.17339
HP-SML,2022-08-03,17.0,21.1,12.8,87,100,0.6,0.6,13.1,296,21.86,3.85,782.4,14.6,2195.0,31.107204,77.17339
HP-SML,2022-08-04,16.5,19.3,14.1,92,100,5.5,5.5,5.9,192,10.68,1.97,783.1,15.2,2195.0,31.107204,77.17339
HP-SML,2022-08-05,16.6,21.8,14.4,91,98,16.1,16.1,10.4,17,13.28,2.42,782.2,15.1,2195.0,31.107204,77.17339
HP-SML,2022-08-06,16.9,21.3,13.0,90,100,5.0,5.0,10.2,321,19.13,3.45,780.5,15.1,2195.0,31.107204,77.17339
HP-SML,2022-08-07,16.7,21.2,14.0,91,100,10.3,10.3,8.9,258,15.58,2.74,780.3,15.2,2195.0,31.107204,77.17339
HP-SML,2022-08-08,18.2,22.4,15.0,84,98,4.7,4.7,7.2,15,17.39,3.31,781.7,15.3,2195.0,31.107204,77.17339
HP-SML,2022-08-09,18.4,22.1,15.9,85,97,2.4,2.4,9.5,341,15.78,2.96,782.1,15.7,2195.0,31.107204,77.17339
HP-SML,2022-08-10,18.7,22.7,15.2,79,97,0.0,0.0,13.1,285,22.44,4.11,780.7,14.8,2195.0,31.107204,77.17339
HP-SML,2022-08-11,17.0,19.8,15.8,86,97,15.6,15.6,11.0,118,6.94,1.51,782.0,14.6,2195.0,31.107204,77.17339
HP-SML,2022-08-12,18.2,21.7,15.1,74,95,0.0,0.0,12.3,283,25.43,4.5,782.3,13.2,2195.0,31.107204,77.17339
HP-SML,2022-08-13,18.1,22.5,13.9,86,97,0.2,0.2,9.8,307,23.58,4.2,781.8,15.5,2195.0,31.107204,77.17339
HP-SML,2022-08-14,17.3,21.3,14.0,90,99,7.6,7.6,9.4,263,16.73,2.96,782.8,15.7,2195.0,31.107204,77.17339
HP-SML,2022-08-15,16.4,18.0,15.0,85,95,6.0,6.0,9.0,84,5.42,1.22,783.9,13.9,2195.0,31.107204,77.17339
HP-SML,2022-08-16,17.4,21.3,14.6,82,98,3.7,3.7,10.4,283,18.96,3.46,783.6,14.0,2195.0,31.107204,77.17339
HP-SML,2022-08-17,16.9,20.5,13.7,88,98,4.7,4.7,6.9,160,17.45,3.11,783.5,14.9,2195.0,31.107204,77.17339
HP-SML,2022-08-18,16.8,20.3,13.2,91,100,4.2,4.2,10.1,287,18.03,3.15,782.3,15.2,2195.0,31.107204,77.17339
HP-SML,2022-08-19,17.0,19.6,15.2,94,100,4.5,4.5,12.9,301,14.94,2.47,782.0,16.0,2195.0,31.107204,77.17339
HP-SML,2022-08-20,15.6,16.9,14.5,96,100,15.4,15.4,9.6,292,6.05,1.11,782.3,15.0,2195.0,31.107204,77.17339
HP-SML,2022-08-21,16.8,21.9,13.7,85,95,14.6,14.6,7.7,91,18.14,3.24,781.8,14.2,2195.0,31.107204,77.17339
HP-SML,2022-08-22,16.5,21.4,11.9,87,98,3.0,3.0,10.0,188,18.68,3.27,780.4,14.2,2195.0,31.107204,77.17339
HP-SML,2022-08-23,17.5,22.5,13.5,85,97,3.9,3.9,8.0,41,19.09,3.46,783.0,14.8,2195.0,31.107204,77.17339
HP-SML,2022-08-24,16.5,20.9,13.7,90,98,4.3,4.3,8.2,126,13.94,2.49,784.9,14.7,2195.0,31.107204,77.17339
HP-SML,2022-08-25,16.8,21.1,13.1,85,96,1.9,1.9,8.2,185,20.94,3.69,784.2,14.1,2195.0,31.107204,77.17339
HP-SML,2022-08-26,16.5,21.5,11.6,89,100,2.5,2.5,9.4,300,19.99,3.49,783.3,14.5,2195.0,31.107204,77.17339
HP-SML,2022-08-27,17.3,21.1,15.0,89,100,2.8,2.8,13.7,311,20.25,3.49,782.9,15.3,2195.0,31.107204,77.17339
HP-SML,2022-08-28,16.9,19.9,14.3,92,100,3.4,3.4,11.0,312,17.59,2.96,783.0,15.5,2195.0,31.107204,77.17339
HP-SML,2022-08-29,16.1,18.9,13.4,92,100,5.1,5.1,8.4,233,13.67,2.38,785.6,14.8,2195.0,31.107204,77.17339
HP-SML,2022-08-30,16.3,20.3,12.4,90,99,3.6,3.6,12.3,310,21.2,3.54,786.6,14.6,2195.0,31.107204,77.17339
HP-SML,2022-08-31,16.5,20.9,11.9,88,100,0.9,0.9,12.6,307,22.83,3.87,784.5,14.4,2195.0,31.107204,77.17339
HP-SML,2022-09-01,16.6,20.8,12.8,87,100,1.8,1.8,14.0,302,22.11,3.75,784.6,14.3,2195.0,31.107204,77.17339
HP-SML,2022-09-02,15.8,18.9,12.1,90,100,2.3,2.3,14.5,312,18.54,2.99,785.3,14.0,2195.0,31.107204,77.17339
HP-SML,2022-09-03,16.2,18.6,13.5,87,94,7.0,7.0,15.4,317,16.0,2.61,783.4,14.0,2195.0,31.107204,77.17339
HP-SML,2022-09-04,15.5,20.3,12.3,87,98,2.1,2.1,12.2,311,20.45,3.43,782.0,13.3,2195.0,31.107204,77.17339
HP-SML,2022-09-05,15.2,20.8,10.3,84,100,0.3,0.3,11.3,280,22.9,3.94,783.1,12.3,2195.0,31.107204,77.17339
HP-SML,2022-09-06,14.9,20.7,9.1,86,100,1.3,1.3,9.5,313,20.64,3.6,783.8,12.3,2195.0,31.107204,77.17339
HP-SML,2022-09-07,15.5,21.1,9.5,82,100,0.6,0.6,8.4,238,22.21,3.94,785.5,12.1,2195.0,31.107204,77.17339
HP-SML,2022-09-08,15.6,21.3,10.2,85,100,0.8,0.8,9.5,255,21.81,3.81,786.5,12.8,2195.0,31.107204,77.17339
HP-SML,2022-09-09,15.5,20.2,11.4,90,100,2.8,2.8,10.1,292,17.4,2.99,786.5,13.7,2195.0,31.107204,77.17339
HP-SML,2022-09-10,15.3,19.3,11.1,92,100,1.4,1.4,10.1,286,17.87,2.97,785.5,14.0,2195.0,31.107204,77.17339
HP-SML,2022-09-11,15.6,20.1,11.9,87,100,2.2,2.2,9.8,270,18.96,3.24,784.1,13.4,2195.0,31.107204,77.17339
HP-SML,2022-09-12,15.1,19.7,11.1,87,100,4.4,4.4,9.1,353,19.55,3.32,782.7,12.8,2195.0,31.107204,77.17339
HP-SML,2022-09-13,15.7,19.1,12.7,85,97,6.1,6.1,10.5,315,19.07,3.16,783.1,13.1,2195.0,31.107204,77.17339
HP-SML,2022-09-14,15.8,18.9,12.3,87,100,6.3,6.3,10.2,327,14.73,2.57,783.7,13.6,2195.0,31.107204,77.17339
HP-SML,2022-09-15,15.4,17.9,13.3,92,100,14.3,14.3,8.7,311,12.58,2.1,782.3,14.1,2195.0,31.107204,77.17339
HP-SML,2022-09-16,15.0,19.5,11.1,89,99,2.4,2.4,9.7,340,16.33,2.78,779.2,13.0,2195.0,31.107204,77.17339
HP-SML,2022-09-17,15.2,18.6,11.5,85,98,0.9,0.9,8.6,296,15.44,2.64,781.0,12.6,2195.0,31.107204,77.17339
HP-SML,2022-09-18,14.6,19.9,9.5,82,97,0.0,0.0,11.8,336,22.1,3.68,783.2,11.3,2195.0,31.107204,77.17339
HP-SML,2022-09-19,15.2,19.9,10.6,86,95,7.4,7.4,8.2,78,16.91,2.89,784.1,12.8,2195.0,31.107204,77.17339
HP-SML,2022-09-20,15.7,20.1,12.1,86,96,6.4,6.4,6.4,121,15.21,2.67,784.5,13.2,2195.0,31.107204,77.17339
HP-SML,2022-09-21,16.0,19.0,13.3,87,98,2.3,2.3,9.4,71,11.79,2.13,784.8,13.7,2195.0,31.107204,77.17339
HP-SML,2022-09-22,14.9,16.1,13.9,90,97,13.5,13.5,6.5,57,4.27,0.94,783.7,13.3,2195.0,31.107204,77.17339
HP-SML,2022-09-23,15.0,18.0,13.5,89,97,10.5,10.5,6.8,70,6.29,1.24,783.1,13.1,2195.0,31.107204,77.17339
HP-SML,2022-09-24,14.6,16.4,13.4,91,98,29.4,29.4,7.2,57,4.74,1.01,781.6,13.1,2195.0,31.107204,77.17339
HP-SML,2022-09-25,14.2,17.0,11.8,89,98,50.4,50.4,10.9,129,8.56,1.54,781.6,12.4,2195.0,31.107204,77.17339
HP-SML,2022-09-26,13.5,18.5,8.7,88,100,2.3,2.3,9.2,326,19.12,3.13,784.5,11.3,2195.0,31.107204,77.17339
HP-SML,2022-09-27,13.0,19.3,7.1,87,100,1.1,1.1,9.4,314,19.24,3.21,783.0,10.7,2195.0,31.107204,77.17339
HP-SML,2022-09-28,13.3,18.8,8.6,88,100,0.9,0.9,8.1,21,16.91,2.81,782.5,11.2,2195.0,31.107204,77.17339
HP-SML,2022-09-29,14.2,19.2,9.4,83,100,0.0,0.0,10.6,320,19.43,3.25,783.2,11.1,2195.0,31.107204,77.17339
HP-SML,2022-09-30,13.4,19.5,7.0,82,100,0.0,0.0,10.9,327,20.73,3.48,783.0,9.9,2195.0,31.107204,77.17339
HP-SML,2022-10-01,13.8,18.8,9.3,81,99,0.2,0.2,9.5,314,19.27,3.24,782.6,10.3,2195.0,31.107204,77.17339
HP-SML,2022-10-02,13.7,19.4,9.0,79,95,0.0,0.0,12.2,326,20.42,3.41,783.2,9.8,2195.0,31.107204,77.17339
HP-SML,2022-10-03,14.3,20.4,9.0,74,91,1.2,1.2,7.6,51,19.21,3.38,784.1,9.5,2195.0,31.107204,77.17339
HP-SML,2022-10-04,14.6,20.5,10.5,75,95,0.0,0.0,7.6,340,18.59,3.25,785.7,10.0,2195.0,31.107204,77.17339
HP-SML,2022-10-05,13.8,19.5,9.0,78,95,0.7,0.7,10.1,304,18.5,3.13,784.6,9.7,2195.0,31.107204,77.17339
HP-SML,2022-10-06,12.9,17.7,8.1,86,99,0.8,0.8,6.6,12,18.04,2.97,784.4,10.3,2195.0,31.107204,77.17339
HP-SML,2022-10-07,12.5,17.5,8.1,88,98,0.4,0.4,6.9,154,14.6,2.4,785.0,10.4,2195.0,31.107204,77.17339
HP-SML,2022-10-08,12.6,16.5,9.8,86,99,2.8,2.8,8.3,42,10.51,1.83,785.6,10.2,2195.0,31.107204,77.17339
HP-SML,2022-10-09,12.7,17.6,8.9,84,98,0.6,0.6,8.4,180,12.17,2.09,784.9,9.8,2195.0,31.107204,77.17339
HP-SML,2022-10-10,12.2,17.1,8.8,88,96,1.6,1.6,6.3,94,13.98,2.28,785.4,10.2,2195.0,31.107204,77.17339
HP-SML,2022-10-11,10.2,13.2,8.4,92,99,27.2,27.2,8.6,65,6.16,1.07,783.3,8.8,2195.0,31.107204,77.17339
HP-SML,2022-10-12,9.9,15.6,6.0,81,93,2.0,2.0,7.7,97,15.15,2.4,783.9,6.5,2195.0,31.107204,77.17339
HP-SML,2022-10-13,10.6,16.3,5.6,75,87,0.5,0.5,8.3,73,17.16,2.74,785.0,6.1,2195.0,31.107204,77.17339
HP-SML,2022-10-14,10.9,16.8,5.4,74,92,1.0,1.0,9.3,44,17.69,2.89,784.9,5.9,2195.0,31.107204,77.17339
HP-SML,2022-10-15,10.9,17.0,5.4,76,95,0.0,0.0,11.0,346,18.89,3.02,784.3,6.3,2195.0,31.107204,77.17339
HP-SML,2022-10-16,11.3,17.5,5.9,79,100,0.0,0.0,11.1,334,18.61,2.97,786.7,7.4,2195.0,31.107204,77.17339
HP-SML,2022-10-17,11.8,16.8,6.1,77,95,0.2,0.2,11.8,337,17.47,2.78,787.0,7.7,2195.0,31.107204,77.17339
HP-SML,2022-10-18,10.3,15.7,5.5,71,93,0.0,0.0,12.5,354,16.92,2.7,784.9,4.9,2195.0,31.107204,77.17339
HP-SML,2022-10-19,9.6,15.5,4.1,65,82,0.1,0.1,11.9,350,17.48,2.79,784.4,2.9,2195.0,31.107204,77.17339
HP-SML,2022-10-20,9.0,15.2,4.4,65,78,3.9,3.9,10.0,79,13.06,2.11,785.7,2.5,2195.0,31.107204,77.17339
HP-SML,2022-10-21,9.8,16.1,4.7,56,75,0.1,0.1,11.4,22,17.27,2.93,787.4,1.0,2195.0,31.107204,77.17339
HP-SML,2022-10-22,9.4,15.8,3.3,65,83,0.0,0.0,9.4,69,17.74,2.81,787.7,2.5,2195.0,31.107204,77.17339
HP-SML,2022-10-23,10.1,16.8,4.6,68,87,0.1,0.1,10.0,56,17.42,2.82,787.3,3.8,2195.0,31.107204,77.17339
HP-SML,2022-10-24,10.4,17.0,4.9,68,84,0.0,0.0,9.9,237,17.35,2.85,784.0,4.2,2195.0,31.107204,77.17339
HP-SML,2022-10-25,9.7,15.5,4.1,70,89,0.0,0.0,12.3,357,17.43,2.74,781.5,4.1,2195.0,31.107204,77.17339
HP-SML,2022-10-26,10.0,16.3,3.9,66,85,0.0,0.0,11.3,342,17.33,2.82,784.8,3.2,2195.0,31.107204,77.17339
HP-SML,2022-10-27,9.9,16.0,4.0,63,88,0.0,0.0,13.2,349,17.33,2.89,785.0,2.5,2195.0,31.107204,77.17339
HP-SML,2022-10-28,9.6,15.4,3.7,70,90,0.0,0.0,12.5,337,17.01,2.68,784.9,3.9,2195.0,31.107204,77.17339
HP-SML,2022-10-29,9.3,15.2,3.1,72,91,0.0,0.0,12.0,332,16.86,2.6,785.3,4.1,2195.0,31.107204,77.17339
HP-SML,2022-10-30,9.5,15.8,3.6,74,91,0.0,0.0,11.6,356,16.63,2.61,785.8,4.6,2195.0,31.107204,77.17339
HP-SML,2022-10-31,9.4,16.5,3.3,70,90,0.0,0.0,10.7,346,16.44,2.64,785.5,3.6,2195.0,31.107204,77.17339
HP-SML,2022-11-01,10.2,16.7,4.7,64,87,0.1,0.1,11.3,1,15.72,2.6,786.5,3.2,2195.0,31.107204,77.17339
HP-SML,2022-11-02,9.8,15.8,4.7,60,81,0.0,0.0,13.3,3,16.2,2.75,785.0,1.9,2195.0,31.107204,77.17339
HP-SML,2022-11-03,10.1,17.1,4.6,60,78,0.0,0.0,12.4,10,15.11,2.62,784.0,2.2,2195.0,31.107204,77.17339
HP-SML,2022-11-04,10.1,16.6,4.5,65,87,0.0,0.0,11.3,343,14.98,2.47,785.3,3.4,2195.0,31.107204,77.17339
HP-SML,2022-11-05,10.0,16.6,4.4,71,90,0.0,0.0,8.4,171,15.36,2.46,787.1,4.7,2195.0,31.107204,77.17339
HP-SML,2022-11-06,10.7,17.1,4.7,56,85,0.0,0.0,12.2,24,14.67,2.57,788.0,1.3,2195.0,31.107204,77.17339
HP-SML,2022-11-07,9.8,16.0,4.9,51,67,0.3,0.3,10.3,325,13.37,2.27,786.9,-0.3,2195.0,31.107204,77.17339
HP-SML,2022-11-08,8.7,14.9,3.0,60,84,0.0,0.0,11.5,338,14.62,2.39,785.9,0.8,2195.0,31.107204,77.17339
HP-SML,2022-11-09,7.3,11.5,4.8,79,94,16.4,16.4,15.2,90,10.83,1.52,785.8,3.8,2195.0,31.107204,77.17339
HP-SML,2022-11-10,6.5,12.1,2.4,72,90,2.7,2.7,10.9,49,13.95,2.06,785.7,1.5,2195.0,31.107204,77.17339
HP-SML,2022-11-11,6.2,12.0,0.6,66,86,0.0,0.0,11.0,15,15.19,2.25,784.6,-0.3,2195.0,31.107204,77.17339
HP-SML,2022-11-12,6.0,11.7,0.9,57,82,0.0,0.0,11.0,17,15.23,2.27,783.8,-2.4,2195.0,31.107204,77.17339
HP-SML,2022-11-13,6.1,12.3,-0.5,51,68,0.0,0.0,10.9,36,14.46,2.28,782.7,-3.7,2195.0,31.107204,77.17339
HP-SML,2022-11-14,6.4,9.5,2.8,66,87,10.8,10.8,11.3,72,5.17,1.02,785.1,0.0,2195.0,31.107204,77.17339
HP-SML,2022-11-15,6.0,12.1,1.6,74,89,0.0,0.0,6.2,86,12.9,1.85,784.0,1.6,2195.0,31.107204,77.17339
HP-SML,2022-11-16,5.3,10.6,1.4,79,99,0.8,0.8,8.7,161,12.57,1.71,781.8,1.7,2195.0,31.107204,77.17339
HP-SML,2022-11-17,4.8,11.4,-0.5,80,96,0.0,0.0,9.6,19,14.41,1.94,780.7,1.2,2195.0,31.107204,77.17339
HP-SML,2022-11-18,5.4,12.8,-0.1,75,94,0.0,0.0,10.7,256,14.11,1.99,782.1,0.9,2195.0,31.107204,77.17339
HP-SML,2022-11-19,6.0,12.2,1.2,79,94,0.0,0.0,8.2,225,12.35,1.76,783.8,2.5,2195.0,31.107204,77.17339
HP-SML,2022-11-20,7.0,13.3,3.1,76,91,0.3,0.3,8.6,114,13.06,1.93,783.2,2.6,2195.0,31.107204,77.17339
HP-SML,2022-11-21,6.8,13.5,1.9,68,87,0.0,0.0,8.4,104,13.9,2.05,782.0,1.0,2195.0,31.107204,77.17339
HP-SML,2022-11-22,6.3,13.3,1.3,69,89,0.0,0.0,7.9,69,13.97,2.03,781.3,0.4,2195.0,31.107204,77.17339
HP-SML,2022-11-23,6.5,14.3,1.3,67,87,0.0,0.0,9.5,32,13.91,2.11,781.5,0.1,2195.0,31.107204,77.17339
HP-SML,2022-11-24,6.5,14.9,0.7,56,80,0.0,0.0,8.0,40,14.06,2.21,781.3,-2.5,2195.0,31.107204,77.17339
HP-SML,2022-11-25,7.0,13.3,0.5,57,83,0.0,0.0,8.6,16,13.78,2.0,784.1,-1.4,2195.0,31.107204,77.17339
HP-SML,2022-11-26,7.6,16.1,1.6,55,86,0.0,0.0,8.0,74,13.83,2.18,781.7,-1.6,2195.0,31.107204,77.17339
HP-SML,2022-11-27,6.4,13.9,1.1,61,79,0.0,0.0,6.9,143,13.64,2.05,779.6,-1.1,2195.0,31.107204,77.17339
HP-SML,2022-11-28,6.1,13.0,1.0,69,89,0.0,0.0,8.3,225,13.39,1.92,780.9,0.3,2195.0,31.107204,77.17339
HP-SML,2022-11-29,6.2,13.1,1.2,73,89,0.0,0.0,9.5,39,13.28,1.9,782.5,1.4,2195.0,31.107204,77.17339
HP-SML,2022-11-30,6.1,13.4,0.5,68,88,0.0,0.0,7.5,35,13.49,1.97,783.1,0.1,2195.0,31.107204,77.17339
HP-SML,2022-12-01,6.4,14.5,0.9,67,89,0.0,0.0,9.2,20,13.33,2.0,782.0,0.1,2195.0,31.107204,77.17339
HP-SML,2022-12-02,7.8,13.2,2.6,68,96,0.0,0.0,7.2,144,11.03,1.63,782.6,1.8,2195.0,31.107204,77.17339
HP-SML,2022-12-03,6.4,12.1,1.8,81,98,0.0,0.0,8.0,151,12.96,1.78,782.6,3.0,2195.0,31.107204,77.17339
HP-SML,2022-12-04,6.1,13.0,1.2,75,91,0.0,0.0,8.7,130,12.98,1.84,782.4,1.7,2195.0,31.107204,77.17339
HP-SML,2022-12-05,5.0,11.5,0.0,74,94,0.0,0.0,7.9,214,12.83,1.75,782.9,0.3,2195.0,31.107204,77.17339
HP-SML,2022-12-06,4.8,11.5,0.1,60,79,0.0,0.0,10.1,29,13.1,1.92,781.6,-2.7,2195.0,31.107204,77.17339
HP-SML,2022-12-07,5.1,12.6,-0.9,59,81,0.0,0.0,11.8,32,13.24,2.01,780.8,-2.9,2195.0,31.107204,77.17339
HP-SML,2022-12-08,5.1,12.2,-0.0,52,69,0.0,0.0,9.8,19,12.38,1.87,781.6,-4.4,2195.0,31.107204,77.17339
HP-SML,2022-12-09,6.3,12.5,1.1,52,74,0.0,0.0,9.9,29,12.55,1.95,782.2,-3.4,2195.0,31.107204,77.17339
HP-SML,2022-12-10,5.6,12.6,0.9,61,75,0.0,0.0,8.2,76,11.49,1.73,782.7,-1.9,2195.0,31.107204,77.17339
HP-SML,2022-12-11,5.9,13.8,0.3,52,70,0.0,0.0,7.9,109,12.91,2.02,782.9,-3.8,2195.0,31.107204,77.17339
HP-SML,2022-12-12,5.7,13.8,0.1,49,73,0.0,0.0,5.8,96,12.95,1.94,781.6,-4.7,2195.0,31.107204,77.17339
HP-SML,2022-12-13,5.4,12.9,0.2,53,72,0.0,0.0,8.4,44,13.03,2.01,782.3,-3.9,2195.0,31.107204,77.17339
HP-SML,2022-12-14,5.4,12.7,-0.1,55,87,0.0,0.0,7.1,65,13.14,1.92,781.0,-3.8,2195.0,31.107204,77.17339
HP-SML,2022-12-15,5.5,12.8,-1.0,50,71,0.0,0.0,9.2,36,13.01,2.02,780.1,-4.4,2195.0,31.107204,77.17339
HP-SML,2022-12-16,6.0,12.9,0.4,52,85,0.0,0.0,9.5,31,12.91,1.98,779.9,-4.1,2195.0,31.107204,77.17339
HP-SML,2022-12-17,5.3,13.3,-0.0,54,70,0.0,0.0,9.5,38,12.86,1.99,781.0,-3.8,2195.0,31.107204,77.17339
HP-SML,2022-12-18,5.5,12.7,-0.2,57,85,0.0,0.0,8.6,29,12.86,1.85,781.9,-3.0,2195.0,31.107204,77.17339
HP-SML,2022-12-19,3.8,11.2,-1.7,67,87,0.0,0.0,7.4,156,12.77,1.74,779.8,-2.2,2195.0,31.107204,77.17339
HP-SML,2022-12-20,3.4,10.7,-1.8,63,82,0.0,0.0,7.3,140,11.63,1.63,778.5,-3.7,2195.0,31.107204,77.17339
HP-SML,2022-12-21,2.3,9.4,-3.0,60,80,0.0,0.0,7.9,148,12.95,1.73,778.9,-5.5,2195.0,31.107204,77.17339
HP-SML,2022-12-22,1.8,8.7,-3.6,61,81,0.0,0.0,6.5,121,12.95,1.65,778.2,-5.4,2195.0,31.107204,77.17339
HP-SML,2022-12-23,1.2,8.2,-2.9,64,88,0.0,0.0,7.3,148,12.85,1.61,777.1,-5.2,2195.0,31.107204,77.17339
HP-SML,2022-12-24,1.2,6.9,-3.2,69,87,0.9,0.9,8.3,131,11.11,1.39,778.7,-4.0,2195.0,31.107204,77.17339
HP-SML,2022-12-25,2.0,8.2,-3.3,67,83,0.0,0.0,6.5,111,10.63,1.42,779.3,-3.7,2195.0,31.107204,77.17339
HP-SML,2022-12-26,3.2,9.3,-1.3,59,83,0.0,0.0,8.6,141,11.19,1.53,781.8,-4.5,2195.0,31.107204,77.17339
HP-SML,2022-12-27,3.3,8.3,-2.9,50,77,0.0,0.0,9.8,16,12.32,1.66,781.4,-6.6,2195.0,31.107204,77.17339
HP-SML,2022-12-28,4.5,9.2,-1.1,44,62,0.0,0.0,13.6,20,13.04,1.93,782.1,-7.2,2195.0,31.107204,77.17339
HP-SML,2022-12-29,3.3,7.7,-1.8,56,85,7.4,7.3,9.0,94,3.26,0.85,782.2,-4.9,2195.0,31.107204,77.17339
HP-SML,2022-12-30,2.7,6.9,-1.3,80,91,1.5,1.5,8.6,105,10.26,1.3,783.4,-0.6,2195.0,31.107204,77.17339
HP-SML,2022-12-31,1.4,8.0,-3.2,72,92,0.0,0.0,10.0,14,13.0,1.62,781.0,-3.4,2195.0,31.107204,77.17339
HP-SML,2023-01-01,1.1,6.5,-3.1,72,92,0.0,0.0,5.5,143,7.36,1.01,781.4,-3.5,2195.0,31.107204,77.17339
HP-SML,2023-01-02,0.6,6.9,-3.8,82,97,0.1,0.1,7.4,146,11.78,1.4,781.9,-2.3,2195.0,31.107204,77.17339
HP-SML,2023-01-03,-0.2,6.5,-4.4,80,96,0.2,0.2,6.9,134,12.29,1.45,782.2,-3.7,2195.0,31.107204,77.17339
HP-SML,2023-01-04,0.6,8.5,-5.0,59,88,0.0,0.0,9.2,43,13.47,1.75,782.3,-7.4,2195.0,31.107204,77.17339
HP-SML,2023-01-05,1.3,10.4,-5.2,47,77,0.0,0.0,6.5,69,13.71,1.9,783.3,-9.4,2195.0,31.107204,77.17339
HP-SML,2023-01-06,2.9,11.1,-4.1,41,76,0.0,0.0,6.8,82,13.02,1.89,784.3,-9.9,2195.0,31.107204,77.17339
HP-SML,2023-01-07,5.8,12.9,-0.7,37,61,0.6,0.6,8.4,42,12.96,2.11,785.4,-8.4,2195.0,31.107204,77.17339
HP-SML,2023-01-08,6.9,13.6,1.2,49,72,0.0,0.0,9.5,49,11.38,2.0,784.8,-3.4,2195.0,31.107204,77.17339
HP-SML,2023-01-09,6.9,14.1,1.6,54,74,0.0,0.0,6.5,125,10.35,1.75,785.4,-2.1,2195.0,31.107204,77.17339
HP-SML,2023-01-10,5.1,12.9,-0.0,62,85,0.0,0.0,12.2,122,13.08,1.9,783.3,-2.3,2195.0,31.107204,77.17339
HP-SML,2023-01-11,3.9,8.9,0.9,64,84,5.4,3.7,9.1,123,4.25,0.87,779.4,-2.5,2195.0,31.107204,77.17339
HP-SML,2023-01-12,2.8,7.3,-0.9,71,88,4.3,2.5,12.0,125,12.3,1.65,778.1,-2.4,2195.0,31.107204,77.17339
HP-SML,2023-01-13,1.8,6.1,-1.1,77,93,12.2,7.2,12.2,123,11.35,1.39,778.2,-2.0,2195.0,31.107204,77.17339
HP-SML,2023-01-14,0.1,6.4,-3.3,84,99,8.0,2.5,9.5,110,11.3,1.22,778.0,-2.5,2195.0,31.107204,77.17339
HP-SML,2023-01-15,0.1,7.9,-7.6,83,100,0.0,0.0,8.3,111,13.69,1.67,775.8,-2.7,2195.0,31.107204,77.17339
HP-SML,2023-01-16,-0.5,6.9,-5.7,82,100,0.0,0.0,8.3,115,13.08,1.55,776.7,-3.5,2195.0,31.107204,77.17339
HP-SML,2023-01-17,-0.8,6.6,-5.7,80,98,0.1,0.1,8.7,134,13.62,1.58,776.7,-4.3,2195.0,31.107204,77.17339
HP-SML,2023-01-18,0.7,8.6,-5.3,72,98,0.0,0.0,8.4,78,12.64,1.61,779.6,-4.5,2195.0,31.107204,77.17339
HP-SML,2023-01-19,3.2,8.2,-0.1,70,85,0.0,0.0,7.9,156,11.52,1.54,782.4,-2.2,2195.0,31.107204,77.17339
HP-SML,2023-01-20,0.5,2.7,-2.2,85,99,7.1,6.0,12.7,119,3.46,0.54,780.8,-1.7,2195.0,31.107204,77.17339
HP-SML,2023-01-21,0.9,7.2,-3.9,75,91,2.7,2.3,9.7,125,12.88,1.59,780.0,-3.5,2195.0,31.107204,77.17339
HP-SML,2023-01-22,1.3,7.2,-3.8,76,91,1.4,1.4,7.2,152,12.97,1.59,779.6,-2.7,2195.0,31.107204,77.17339
HP-SML,2023-01-23,2.0,9.3,-4.6,71,95,0.0,0.0,7.7,138,14.22,1.86,780.3,-3.4,2195.0,31.107204,77.17339
HP-SML,2023-01-24,2.6,7.4,-0.6,77,93,15.0,11.6,11.9,120,7.79,1.13,779.3,-1.2,2195.0,31.107204,77.17339
HP-SML,2023-01-25,3.3,7.9,-0.6,84,99,17.2,12.9,14.1,127,11.32,1.4,780.8,0.7,2195.0,31.107204,77.17339
HP-SML,2023-01-26,2.6,10.5,-3.4,80,98,0.1,0.1,11.9,131,13.89,1.82,781.3,-1.0,2195.0,31.107204,77.17339
HP-SML,2023-01-27,4.1,12.5,-1.8,54,79,0.0,0.0,7.2,92,15.42,2.24,781.9,-5.1,2195.0,31.107204,77.17339
HP-SML,2023-01-28,5.5,14.1,-1.6,39,61,0.0,0.0,7.6,78,14.73,2.38,780.6,-7.9,2195.0,31.107204,77.17339
HP-SML,2023-01-29,4.2,10.1,0.1,53,86,6.6,5.3,16.9,104,5.63,1.42,780.1,-4.9,2195.0,31.107204,77.17339
HP-SML,2023-01-30,3.2,7.4,-2.5,80,96,6.4,6.3,16.7,104,7.08,1.1,782.7,-0.2,2195.0,31.107204,77.17339
HP-SML,2023-01-31,2.1,9.4,-3.8,77,98,1.8,1.8,7.9,73,15.02,2.0,781.6,-2.1,2195.0,31.107204,77.17339
HP-SML,2023-02-01,4.1,12.2,-3.1,51,77,0.0,0.0,8.0,39,16.24,2.43,781.5,-5.8,2195.0,31.107204,77.17339
HP-SML,2023-02-02,4.9,12.7,-1.4,40,71,0.0,0.0,11.8,28,14.77,2.41,781.5,-8.1,2195.0,31.107204,77.17339
HP-SML,2023-02-03,5.7,12.8,-1.3,54,78,0.0,0.0,11.1,2,15.75,2.29,782.2,-3.2,2195.0,31.107204,77.17339
HP-SML,2023-02-04,5.8,11.2,0.2,63,87,0.0,0.0,13.6,356,16.16,2.29,780.8,-1.1,2195.0,31.107204,77.17339
HP-SML,2023-02-05,4.3,10.7,-1.3,72,92,0.0,0.0,11.6,8,16.5,2.21,778.9,-0.5,2195.0,31.107204,77.17339
HP-SML,2023-02-06,3.2,8.1,-0.5,75,86,5.6,5.6,11.2,73,11.04,1.47,779.3,-0.9,2195.0,31.107204,77.17339
HP-SML,2023-02-07,3.5,9.7,-1.5,68,92,0.0,0.0,11.5,353,16.72,2.22,778.1,-2.4,2195.0,31.107204,77.17339
HP-SML,2023-02-08,4.0,11.3,-1.7,61,88,0.0,0.0,11.3,15,15.9,2.27,779.3,-3.5,2195.0,31.107204,77.17339
HP-SML,2023-02-09,5.4,13.1,-0.4,55,73,4.8,4.8,13.1,99,11.94,2.12,780.0,-3.3,2195.0,31.107204,77.17339
HP-SML,2023-02-10,4.7,8.4,1.9,76,93,24.4,23.8,14.4,93,13.02,1.74,780.6,0.7,2195.0,31.107204,77.17339
HP-SML,2023-02-11,3.1,8.0,-2.1,79,92,3.4,3.4,10.7,103,13.22,1.69,780.5,-0.4,2195.0,31.107204,77.17339
HP-SML,2023-02-12,-0.7,4.5,-5.6,67,98,0.0,0.0,15.0,332,16.65,1.9,779.6,-6.8,2195.0,31.107204,77.17339
HP-SML,2023-02-13,3.4,11.3,-4.7,49,71,0.0,0.0,11.5,12,17.91,2.68,779.5,-6.9,2195.0,31.107204,77.17339
HP-SML,2023-02-14,6.9,13.8,1.0,54,81,0.0,0.0,12.9,9,17.07,2.77,782.7,-2.3,2195.0,31.107204,77.17339
HP-SML,2023-02-15,8.4,15.6,2.4,52,77,0.0,0.0,16.3,9,17.86,3.14,782.7,-1.5,2195.0,31.107204,77.17339
HP-SML,2023-02-16,10.0,17.1,3.2,51,78,0.0,0.0,15.8,7,17.8,3.23,785.2,-0.4,2195.0,31.107204,77.17339
HP-SML,2023-02-17,10.6,17.2,5.2,55,87,0.0,0.0,11.0,12,18.18,3.04,786.7,1.3,2195.0,31.107204,77.17339
HP-SML,2023-02-18,10.9,18.3,4.9,52,91,0.0,0.0,12.2,17,18.5,3.33,785.9,0.5,2195.0,31.107204,77.17339
HP-SML,2023-02-19,9.7,16.5,3.6,62,95,0.0,0.0,10.5,11,16.63,2.77,784.8,1.9,2195.0,31.107204,77.17339
HP-SML,2023-02-20,9.6,15.6,4.3,57,85,0.3,0.3,11.2,119,12.87,2.39,783.5,0.9,2195.0,31.107204,77.17339
HP-SML,2023-02-21,6.0,10.3,2.5,75,89,32.7,32.6,17.4,73,11.99,1.65,782.1,1.7,2195.0,31.107204,77.17339
HP-SML,2023-02-22,6.0,12.8,0.3,64,86,0.0,0.0,12.5,26,17.09,2.58,781.8,-1.1,2195.0,31.107204,77.17339
HP-SML,2023-02-23,6.4,13.5,-0.0,54,74,0.0,0.0,12.8,18,19.78,3.1,781.4,-3.2,2195.0,31.107204,77.17339
HP-SML,2023-02-24,7.3,13.9,-0.2,47,72,0.0,0.0,12.1,20,19.7,3.17,783.5,-3.9,2195.0,31.107204,77.17339
HP-SML,2023-02-25,7.4,14.7,0.4,58,83,0.0,0.0,11.0,351,19.52,3.04,784.8,-1.3,2195.0,31.107204,77.17339
HP-SML,2023-02-26,7.4,13.8,1.1,61,86,0.0,0.0,13.7,349,18.43,2.85,786.7,-0.6,2195.0,31.107204,77.17339
HP-SML,2023-02-27,6.8,13.3,0.8,60,87,0.1,0.1,14.8,354,19.17,2.89,786.0,-1.1,2195.0,31.107204,77.17339
HP-SML,2023-02-28,5.2,10.4,0.6,64,82,10.0,9.9,14.8,80,7.94,1.41,785.7,-1.5,2195.0,31.107204,77.17339
HP-SML,2023-03-01,5.9,11.8,2.6,73,87,15.1,15.1,11.6,90,14.61,2.17,787.5,1.2,2195.0,31.107204,77.17339
HP-SML,2023-03-02,8.0,14.1,1.9,58,76,0.4,0.4,13.2,16,19.53,3.07,788.3,-0.1,2195.0,31.107204,77.17339
HP-SML,2023-03-03,7.9,14.1,2.5,64,81,0.3,0.3,12.0,355,18.66,2.91,788.1,1.1,2195.0,31.107204,77.17339
HP-SML,2023-03-04,8.2,14.9,2.3,62,86,0.0,0.0,13.7,333,17.95,2.87,788.3,0.7,2195.0,31.107204,77.17339
HP-SML,2023-03-05,7.5,13.9,2.1,65,84,0.3,0.3,10.2,360,19.07,2.91,786.8,0.9,2195.0,31.107204,77.17339
HP-SML,2023-03-06,7.3,13.7,1.4,63,84,0.0,0.0,12.4,1,18.77,2.9,784.7,0.1,2195.0,31.107204,77.17339
HP-SML,2023-03-07,7.0,14.7,1.3,66,86,0.3,0.3,9.4,71,19.54,2.99,784.3,0.5,2195.0,31.107204,77.17339
HP-SML,2023-03-08,6.9,14.0,1.9,73,89,1.4,1.4,10.8,64,17.92,2.6,785.5,2.0,2195.0,31.107204,77.17339
HP-SML,2023-03-09,7.7,14.1,2.1,70,87,0.1,0.1,14.5,317,19.42,2.91,786.3,2.1,2195.0,31.107204,77.17339
HP-SML,2023-03-10,8.1,14.5,1.6,67,88,0.0,0.0,13.4,325,21.32,3.23,785.4,1.7,2195.0,31.107204,77.17339
HP-SML,2023-03-11,9.1,14.4,2.5,69,90,0.4,0.4,11.5,295,19.19,2.96,786.2,3.4,2195.0,31.107204,77.17339
HP-SML,2023-03-12,9.5,15.8,3.9,71,89,0.4,0.4,10.7,332,17.82,2.88,786.3,4.0,2195.0,31.107204,77.17339
HP-SML,2023-03-13,9.8,15.3,4.2,65,87,1.0,1.0,12.4,323,17.49,2.89,785.5,2.9,2195.0,31.107204,77.17339
HP-SML,2023-03-14,9.1,15.4,2.9,62,88,0.1,0.1,14.7,326,20.37,3.29,782.5,1.6,2195.0,31.107204,77.17339
HP-SML,2023-03-15,8.9,14.9,3.0,65,88,1.2,1.2,13.6,330,20.73,3.22,782.0,2.3,2195.0,31.107204,77.17339
HP-SML,2023-03-16,8.3,13.7,4.1,70,86,2.9,2.9,10.4,92,16.68,2.57,782.5,2.9,2195.0,31.107204,77.17339
HP-SML,2023-03-17,7.8,13.7,3.1,68,86,1.9,1.9,7.2,112,13.36,2.17,783.1,1.9,2195.0,31.107204,77.17339
HP-SML,2023-03-18,6.6,11.5,2.6,79,89,7.2,7.2,8.0,115,8.31,1.33,781.1,3.0,2195.0,31.107204,77.17339
HP-SML,2023-03-19,6.5,12.9,2.1,77,95,4.2,4.2,12.2,131,15.04,2.22,779.3,2.4,2195.0,31.107204,77.17339
HP-SML,2023-03-20,6.0,10.9,1.5,81,97,14.2,14.2,7.9,105,11.2,1.73,778.0,2.9,2195.0,31.107204,77.17339
HP-SML,2023-03-21,5.5,9.6,1.1,84,97,10.7,10.7,6.4,42,10.94,1.58,778.1,2.9,2195.0,31.107204,77.17339
HP-SML,2023-03-22,5.8,12.2,-0.2,78,95,1.4,1.4,13.4,327,21.43,2.93,779.2,1.9,2195.0,31.107204,77.17339
HP-SML,2023-03-23,6.9,12.9,0.4,72,93,0.0,0.0,15.3,336,22.87,3.22,779.3,1.8,2195.0,31.107204,77.17339
HP-SML,2023-03-24,8.4,14.2,2.6,67,89,3.8,3.8,10.6,135,17.11,2.78,780.5,2.2,2195.0,31.107204,77.17339
HP-SML,2023-03-25,7.3,12.2,3.9,76,88,4.8,4.8,14.1,119,13.06,2.06,782.2,3.0,2195.0,31.107204,77.17339
HP-SML,2023-03-26,6.4,12.5,1.7,72,89,0.5,0.5,8.4,75,20.78,3.02,781.2,1.2,2195.0,31.107204,77.17339
HP-SML,2023-03-27,7.4,14.2,1.5,66,88,0.3,0.3,11.0,202,20.83,3.21,780.4,0.9,2195.0,31.107204,77.17339
HP-SML,2023-03-28,8.3,14.0,2.5,67,87,0.5,0.5,8.5,209,19.6,3.1,781.1,2.0,2195.0,31.107204,77.17339
HP-SML,2023-03-29,9.4,15.8,2.3,61,84,0.5,0.5,10.4,239,21.06,3.46,783.0,1.4,2195.0,31.107204,77.17339
HP-SML,2023-03-30,9.5,15.7,4.5,65,91,2.3,2.3,10.5,98,19.65,3.14,781.9,2.8,2195.0,31.107204,77.17339
HP-SML,2023-03-31,6.3,7.6,3.8,85,91,17.5,17.5,11.2,102,4.8,0.85,778.7,4.0,2195.0,31.107204,77.17339
HP-SML,2023-04-01,6.3,9.8,3.5,84,94,8.5,8.5,9.0,120,13.48,1.88,779.3,3.7,2195.0,31.107204,77.17339
HP-SML,2023-04-02,6.8,11.7,1.7,79,95,3.1,3.1,12.9,321,22.56,3.07,779.0,3.2,2195.0,31.107204,77.17339
HP-SML,2023-04-03,7.7,14.4,2.4,72,88,3.5,3.5,12.0,31,14.16,2.33,779.5,2.4,2195.0,31.107204,77.17339
HP-SML,2023-04-04,6.5,12.8,2.3,77,91,3.9,3.9,12.8,86,13.37,2.07,780.3,2.5,2195.0,31.107204,77.17339
HP-SML,2023-04-05,7.5,14.3,-0.2,61,88,0.0,0.0,13.9,338,25.52,3.87,780.7,-0.2,2195.0,31.107204,77.17339
HP-SML,2023-04-06,9.5,14.1,4.4,53,74,1.7,1.7,13.0,351,24.34,3.92,784.2,-0.2,2195.0,31.107204,77.17339
HP-SML,2023-04-07,9.8,17.5,2.2,56,77,0.0,0.0,12.6,5,25.61,4.26,785.3,0.8,2195.0,31.107204,77.17339
HP-SML,2023-04-08,11.0,18.0,3.4,53,78,0.1,0.1,10.8,258,24.24,4.19,786.5,1.0,2195.0,31.107204,77.17339
HP-SML,2023-04-09,11.4,17.2,4.5,53,82,0.0,0.0,11.3,310,22.95,3.97,787.4,1.5,2195.0,31.107204,77.17339
HP-SML,2023-04-10,11.4,17.3,4.5,48,70,0.0,0.0,13.8,337,25.11,4.44,786.0,0.2,2195.0,31.107204,77.17339
HP-SML,2023-04-11,11.8,17.8,5.1,48,66,0.0,0.0,16.3,338,24.81,4.42,786.1,0.7,2195.0,31.107204,77.17339
HP-SML,2023-04-12,13.3,18.8,7.0,46,68,0.0,0.0,14.3,341,24.72,4.57,786.8,1.5,2195.0,31.107204,77.17339
HP-SML,2023-04-13,13.3,19.4,6.2,49,69,0.0,0.0,14.1,346,25.06,4.55,785.7,2.3,2195.0,31.107204,77.17339
HP-SML,2023-04-14,14.1,21.2,7.3,49,66,0.3,0.3,9.7,21,24.75,4.64,785.6,2.8,2195.0,31.107204,77.17339
HP-SML,2023-04-15,14.3,21.4,7.8,51,74,0.2,0.2,12.0,63,22.04,4.26,785.9,3.6,2195.0,31.107204,77.17339
HP-SML,2023-04-16,14.6,20.3,7.6,43,68,0.1,0.1,12.4,23,21.57,4.41,785.7,1.4,2195.0,31.107204,77.17339
HP-SML,2023-04-17,15.4,22.0,8.0,40,61,0.0,0.0,13.0,353,25.8,5.1,785.5,1.1,2195.0,31.107204,77.17339
HP-SML,2023-04-18,14.3,21.8,8.8,52,78,4.5,4.5,14.9,80,19.42,3.89,786.8,4.0,2195.0,31.107204,77.17339
HP-SML,2023-04-19,11.3,16.3,8.9,74,94,17.0,17.0,15.0,81,11.32,2.28,783.1,6.5,2195.0,31.107204,77.17339
HP-SML,2023-04-20,9.7,15.5,6.6,76,86,32.2,32.2,14.5,71,17.36,2.79,779.4,5.7,2195.0,31.107204,77.17339
HP-SML,2023-04-21,10.1,15.4,5.1,58,89,2.5,2.5,14.5,31,23.8,4.0,779.8,1.4,2195.0,31.107204,77.17339
HP-SML,2023-04-22,9.5,15.7,4.0,54,74,0.2,0.2,11.6,360,24.04,3.93,779.9,-0.0,2195.0,31.107204,77.17339
HP-SML,2023-04-23,9.9,16.7,3.3,52,76,0.1,0.1,8.3,125,21.66,3.75,780.7,-0.4,2195.0,31.107204,77.17339
HP-SML,2023-04-24,11.4,16.2,5.5,50,69,0.3,0.3,11.9,257,19.89,3.63,784.3,1.1,2195.0,31.107204,77.17339
HP-SML,2023-04-25,10.8,15.3,6.1,65,87,0.7,0.7,12.6,313,22.51,3.55,785.3,4.1,2195.0,31.107204,77.17339
HP-SML,2023-04-26,10.7,16.1,5.3,68,82,2.7,2.7,10.2,351,21.65,3.53,783.1,4.7,2195.0,31.107204,77.17339
HP-SML,2023-04-27,11.4,15.8,6.5,64,79,4.6,4.6,8.9,63,17.45,2.98,783.7,4.5,2195.0,31.107204,77.17339
HP-SML,2023-04-28,12.2,17.8,5.2,58,86,0.6,0.6,13.8,333,21.74,3.82,784.4,3.7,2195.0,31.107204,77.17339
HP-SML,2023-04-29,11.5,17.5,6.4,65,82,2.7,2.7,10.2,65,20.25,3.46,782.8,4.8,2195.0,31.107204,77.17339
HP-SML,2023-04-30,10.0,15.2,6.1,80,97,12.7,12.7,10.7,141,14.53,2.3,781.0,6.6,2195.0,31.107204,77.17339
HP-SML,2023-05-01,9.4,12.6,7.2,82,96,11.2,11.2,8.1,84,9.71,1.67,780.5,6.4,2195.0,31.107204,77.17339
HP-SML,2023-05-02,9.3,12.7,6.9,82,92,8.3,8.3,9.2,115,12.07,1.94,781.7,6.3,2195.0,31.107204,77.17339
HP-SML,2023-05-03,9.5,13.7,6.6,80,97,10.6,10.6,10.7,118,15.22,2.41,782.9,6.1,2195.0,31.107204,77.17339
HP-SML,2023-05-04,10.3,15.6,4.7,75,93,1.6,1.6,10.1,291,22.51,3.53,783.2,5.8,2195.0,31.107204,77.17339
HP-SML,2023-05-05,11.3,14.8,7.2,73,90,5.4,5.4,10.0,314,19.82,3.17,782.6,6.4,2195.0,31.107204,77.17339
HP-SML,2023-05-06,12.6,17.3,5.9,61,81,4.1,4.1,11.7,10,21.57,3.77,782.3,4.8,2195.0,31.107204,77.17339
HP-SML,2023-05-07,12.2,18.1,5.4,55,80,0.7,0.7,10.0,63,22.9,4.19,781.9,2.9,2195.0,31.107204,77.17339
HP-SML,2023-05-08,11.8,17.7,7.4,53,78,3.2,3.2,15.5,106,22.39,4.15,781.6,2.1,2195.0,31.107204,77.17339
HP-SML,2023-05-09,11.8,16.9,6.8,52,75,7.0,7.0,15.7,346,25.24,4.53,783.5,1.6,2195.0,31.107204,77.17339
HP-SML,2023-05-10,13.4,18.2,7.2,45,64,0.1,0.1,12.5,333,27.05,4.81,782.8,1.4,2195.0,31.107204,77.17339
HP-SML,2023-05-11,14.6,20.4,6.0,47,73,0.0,0.0,11.6,280,26.78,4.97,784.5,2.7,2195.0,31.107204,77.17339
HP-SML,2023-05-12,15.6,22.1,6.9,45,67,0.0,0.0,10.8,300,26.18,5.07,784.8,3.0,2195.0,31.107204,77.17339
HP-SML,2023-05-13,16.2,22.9,8.3,44,69,0.0,0.0,13.3,27,24.47,4.96,785.1,3.3,2195.0,31.107204,77.17339
HP-SML,2023-05-14,16.2,22.4,10.7,43,70,1.5,1.5,13.6,16,23.43,4.91,783.1,3.1,2195.0,31.107204,77.17339
HP-SML,2023-05-15,16.2,21.4,8.6,42,63,0.2,0.2,12.5,3,26.06,5.11,782.2,2.6,2195.0,31.107204,77.17339
HP-SML,2023-05-16,16.1,21.7,8.1,42,67,0.0,0.0,13.8,347,26.14,5.39,783.3,2.7,2195.0,31.107204,77.17339
HP-SML,2023-05-17,17.1,22.0,9.9,41,60,0.0,0.0,14.6,358,24.56,5.05,785.3,3.4,2195.0,31.107204,77.17339
HP-SML,2023-05-18,12.7,17.4,9.0,65,87,5.0,5.0,13.4,100,10.44,2.25,785.2,6.0,2195.0,31.107204,77.17339
HP-SML,2023-05-19,15.1,20.1,8.4,56,83,0.0,0.0,15.0,328,26.6,4.97,784.2,5.9,2195.0,31.107204,77.17339
HP-SML,2023-05-20,16.8,21.3,10.9,47,71,0.0,0.0,16.9,328,26.44,5.28,784.0,5.0,2195.0,31.107204,77.17339
HP-SML,2023-05-21,17.9,23.4,9.8,42,72,0.0,0.0,17.6,330,26.63,5.61,785.5,3.8,2195.0,31.107204,77.17339
HP-SML,2023-05-22,18.9,25.1,11.1,37,62,0.0,0.0,17.1,329,26.36,5.85,786.2,3.3,2195.0,31.107204,77.17339
HP-SML,2023-05-23,18.8,24.4,12.0,45,65,0.2,0.2,17.8,312,20.58,4.54,786.5,6.1,2195.0,31.107204,77.17339
HP-SML,2023-05-24,14.6,19.7,10.7,70,87,16.4,16.4,10.0,113,13.57,2.63,783.4,9.1,2195.0,31.107204,77.17339
HP-SML,2023-05-25,12.8,18.6,9.1,77,91,11.0,11.0,11.9,67,21.55,3.62,781.9,8.6,2195.0,31.107204,77.17339
HP-SML,2023-05-26,12.6,17.3,7.2,73,92,1.8,1.8,10.7,315,18.96,3.2,782.4,7.6,2195.0,31.107204,77.17339
HP-SML,2023-05-27,13.3,18.4,8.8,69,90,3.3,3.3,10.1,86,23.88,4.18,782.4,7.3,2195.0,31.107204,77.17339
HP-SML,2023-05-28,14.4,20.4,7.5,56,80,0.0,0.0,13.7,279,26.58,4.87,783.8,5.0,2195.0,31.107204,77.17339
HP-SML,2023-05-29,14.5,20.1,9.8,67,95,9.6,9.6,10.0,187,18.13,3.45,785.8,7.9,2195.0,31.107204,77.17339
HP-SML,2023-05-30,14.1,18.1,10.4,74,89,12.4,12.4,10.1,101,18.33,3.26,785.5,9.2,2195.0,31.107204,77.17339
HP-SML,2023-05-31,12.4,15.0,10.6,80,90,17.9,17.9,12.2,99,7.88,1.56,782.4,9.1,2195.0,31.107204,77.17339
HP-SML,2023-06-01,13.2,18.9,9.5,71,88,4.1,4.1,10.7,110,17.62,3.17,783.0,7.8,2195.0,31.107204,77.17339
HP-SML,2023-06-02,11.6,16.2,8.9,73,87,8.8,8.8,10.5,112,16.23,2.8,781.4,6.7,2195.0,31.107204,77.17339
HP-SML,2023-06-03,13.8,19.6,7.9,68,86,1.6,1.6,7.8,80,24.45,4.32,783.0,7.5,2195.0,31.107204,77.17339
HP-SML,2023-06-04,15.7,21.5,9.0,62,86,0.0,0.0,12.7,229,24.61,4.57,784.0,7.8,2195.0,31.107204,77.17339
HP-SML,2023-06-05,15.5,20.5,9.8,64,86,0.4,0.4,8.0,125,21.09,3.89,782.9,8.1,2195.0,31.107204,77.17339
HP-SML,2023-06-06,14.4,18.5,9.6,65,84,1.6,1.6,13.2,357,22.28,4.01,782.7,7.4,2195.0,31.107204,77.17339
HP-SML,2023-06-07,15.1,20.5,9.8,63,83,1.7,1.7,6.9,119,23.08,4.19,782.9,7.7,2195.0,31.107204,77.17339
HP-SML,2023-06-08,15.2,21.6,9.8,66,84,3.5,3.5,9.1,96,23.22,4.22,782.3,8.3,2195.0,31.107204,77.17339
HP-SML,2023-06-09,17.5,23.5,10.7,54,74,0.3,0.3,12.7,323,24.61,4.86,781.6,7.5,2195.0,31.107204,77.17339
HP-SML,2023-06-10,17.9,23.4,11.8,60,81,0.3,0.3,10.0,261,23.93,4.63,781.1,9.6,2195.0,31.107204,77.17339
HP-SML,2023-06-11,17.3,22.8,13.5,74,91,10.1,10.1,9.8,56,21.82,4.09,780.8,12.4,2195.0,31.107204,77.17339
HP-SML,2023-06-12,17.7,22.4,11.3,68,92,0.1,0.1,15.8,324,25.95,4.88,780.7,11.4,2195.0,31.107204,77.17339
HP-SML,2023-06-13,19.4,23.3,15.9,63,84,0.9,0.9,19.5,325,23.77,4.82,782.0,11.9,2195.0,31.107204,77.17339
HP-SML,2023-06-14,18.1,22.4,13.2,67,93,3.5,3.5,16.8,333,22.33,4.34,781.8,11.5,2195.0,31.107204,77.17339
HP-SML,2023-06-15,16.2,20.1,12.0,76,93,1.6,1.6,12.6,346,19.48,3.54,781.2,11.7,2195.0,31.107204,77.17339
HP-SML,2023-06-16,17.0,21.8,11.1,73,92,0.2,0.2,13.0,311,24.75,4.49,781.2,11.8,2195.0,31.107204,77.17339
HP-SML,2023-06-17,18.0,23.0,12.0,69,92,1.2,1.2,8.7,216,23.26,4.45,782.4,11.7,2195.0,31.107204,77.17339
HP-SML,2023-06-18,17.7,21.9,14.2,75,92,2.2,2.2,12.3,111,12.81,2.59,782.7,13.0,2195.0,31.107204,77.17339
HP-SML,2023-06-19,17.9,23.0,14.0,75,93,3.1,3.1,9.0,8,21.87,4.16,782.1,13.0,2195.0,31.107204,77.17339
HP-SML,2023-06-20,18.1,23.2,13.0,78,97,4.2,4.2,12.6,300,22.41,4.19,781.7,13.9,2195.0,31.107204,77.17339
HP-SML,2023-06-21,18.3,22.3,14.2,83,97,2.5,2.5,9.9,311,21.0,3.87,782.5,15.3,2195.0,31.107204,77.17339
HP-SML,2023-06-22,18.3,22.0,13.6,90,100,4.0,4.0,15.5,294,18.06,3.3,782.6,16.4,2195.0,31.107204,77.17339
HP-SML,2023-06-23,18.7,22.6,15.3,89,100,4.3,4.3,12.5,310,16.3,3.07,783.0,16.8,2195.0,31.107204,77.17339
HP-SML,2023-06-24,18.5,22.8,15.6,87,98,12.7,12.7,12.9,343,14.67,2.83,782.6,16.2,2195.0,31.107204,77.17339
HP-SML,2023-06-25,17.7,22.2,15.6,91,100,21.3,21.3,10.5,318,14.87,2.79,782.2,16.1,2195.0,31.107204,77.17339
HP-SML,2023-06-26,17.0,21.4,14.4,89,100,13.7,13.7,8.6,127,12.37,2.31,782.6,15.1,2195.0,31.107204,77.17339
HP-SML,2023-06-27,17.4,21.3,15.1,85,97,5.1,5.1,13.3,131,19.48,3.51,782.2,14.8,2195.0,31.107204,77.17339
HP-SML,2023-06-28,17.1,21.9,13.6,83,94,7.8,7.8,9.0,145,20.35,3.7,783.2,14.0,2195.0,31.107204,77.17339
HP-SML,2023-06-29,16.8,20.3,13.7,86,97,10.4,10.4,9.7,275,19.14,3.37,782.1,14.4,2195.0,31.107204,77.17339
HP-SML,2023-06-30,17.5,21.6,13.8,84,97,4.9,4.9,11.7,296,22.98,4.05,781.1,14.7,2195.0,31.107204,77.17339
HP-SML,2023-07-01,17.3,21.1,13.7,86,97,1.5,1.5,13.1,307,23.01,3.99,781.5,14.7,2195.0,31.107204,77.17339
HP-SML,2023-07-02,17.4,21.9,13.1,84,100,0.0,0.0,15.0,305,25.92,4.49,782.2,14.5,2195.0,31.107204,77.17339
HP-SML,2023-07-03,17.8,22.1,13.2,84,97,1.0,1.0,15.0,299,24.3,4.29,782.3,14.8,2195.0,31.107204,77.17339
HP-SML,2023-07-04,17.7,22.4,13.4,86,99,10.9,10.9,10.5,286,20.78,3.77,781.1,15.0,2195.0,31.107204,77.17339
HP-SML,2023-07-05,16.9,20.5,14.0,87,96,6.9,6.9,8.6,118,15.29,2.83,780.7,14.8,2195.0,31.107204,77.17339
HP-SML,2023-07-06,17.2,21.7,14.0,82,92,7.1,7.1,7.9,280,20.01,3.64,782.5,14.0,2195.0,31.107204,77.17339
HP-SML,2023-07-07,17.1,20.8,13.6,85,96,9.3,9.3,9.4,124,17.55,3.19,783.1,14.4,2195.0,31.107204,77.17339
HP-SML,2023-07-08,16.1,18.2,14.9,93,98,25.9,25.9,6.0,71,5.63,1.19,783.0,15.0,2195.0,31.107204,77.17339
HP-SML,2023-07-09,16.0,16.8,15.0,92,95,59.6,59.6,6.1,102,3.99,0.92,781.6,14.7,2195.0,31.107204,77.17339
HP-SML,2023-07-10,16.8,18.8,15.2,92,96,24.1,24.1,10.0,112,6.76,1.42,782.4,15.4,2195.0,31.107204,77.17339
HP-SML,2023-07-11,17.1,19.8,14.8,88,99,6.9,6.9,6.3,24,13.44,2.49,782.3,15.0,2195.0,31.107204,77.17339
HP-SML,2023-07-12,17.2,21.1,13.8,87,97,19.2,19.2,8.2,8,20.38,3.66,782.2,14.9,2195.0,31.107204,77.17339
HP-SML,2023-07-13,17.2,20.8,13.7,87,99,14.2,14.2,6.6,343,20.03,3.59,782.3,14.9,2195.0,31.107204,77.17339
HP-SML,2023-07-14,17.3,21.3,14.0,89,100,4.5,4.5,7.1,268,19.08,3.43,782.8,15.4,2195.0,31.107204,77.17339
HP-SML,2023-07-15,17.7,21.9,14.9,90,100,11.0,11.0,8.3,259,18.41,3.3,782.5,16.0,2195.0,31.107204,77.17339
HP-SML,2023-07-16,17.6,21.2,15.3,90,99,16.4,16.4,7.8,130,14.88,2.75,782.7,16.0,2195.0,31.107204,77.17339
HP-SML,2023-07-17,17.7,21.3,14.3,89,100,4.8,4.8,7.3,240,19.26,3.5,782.2,15.8,2195.0,31.107204,77.17339
HP-SML,2023-07-18,17.4,20.7,14.4,92,100,8.5,8.5,7.2,229,17.01,3.04,781.8,16.0,2195.0,31.107204,77.17339
HP-SML,2023-07-19,17.6,21.6,15.2,89,98,5.0,5.0,6.0,183,15.16,2.86,782.3,15.7,2195.0,31.107204,77.17339
HP-SML,2023-07-20,18.3,22.5,15.7,86,98,5.9,5.9,10.5,264,20.15,3.7,782.9,15.7,2195.0,31.107204,77.17339
HP-SML,2023-07-21,18.5,22.4,15.5,87,96,11.9,11.9,8.7,151,18.73,3.46,784.3,16.2,2195.0,31.107204,77.17339
HP-SML,2023-07-22,17.3,20.6,15.5,88,96,8.6,8.6,7.1,90,10.23,2.0,786.0,15.3,2195.0,31.107204,77.17339
HP-SML,2023-07-23,17.6,20.5,14.8,85,95,2.6,2.6,10.5,295,19.57,3.41,786.1,15.0,2195.0,31.107204,77.17339
HP-SML,2023-07-24,17.5,21.0,14.2,87,98,3.1,3.1,11.6,298,20.42,3.58,784.1,15.2,2195.0,31.107204,77.17339
HP-SML,2023-07-25,17.9,21.6,14.8,88,100,2.3,2.3,12.5,301,19.31,3.41,783.8,15.8,2195.0,31.107204,77.17339
HP-SML,2023-07-26,17.1,20.5,15.0,92,100,3.2,3.2,7.3,288,12.15,2.27,784.0,15.8,2195.0,31.107204,77.17339
HP-SML,2023-07-27,17.1,20.7,14.8,90,98,18.5,18.5,8.3,280,15.82,2.82,783.5,15.3,2195.0,31.107204,77.17339
HP-SML,2023-07-28,16.3,18.7,14.5,95,98,19.5,19.5,5.6,104,8.26,1.59,781.2,15.4,2195.0,31.107204,77.17339
HP-SML,2023-07-29,16.5,20.6,13.4,89,99,26.5,26.5,7.6,16,18.1,3.21,780.4,14.5,2195.0,31.107204,77.17339
HP-SML,2023-07-30,16.6,20.3,12.5,89,100,7.5,7.5,9.6,308,20.53,3.53,780.2,14.7,2195.0,31.107204,77.17339
HP-SML,2023-07-31,16.9,21.7,12.8,88,100,2.8,2.8,10.2,304,22.04,3.8,780.0,14.9,2195.0,31.107204,77.17339
HP-SML,2023-08-01,17.8,22.2,13.0,88,100,0.1,0.1,14.4,310,25.32,4.37,779.8,15.5,2195.0,31.107204,77.17339
HP-SML,2023-08-02,18.0,22.1,14.5,90,100,2.7,2.7,11.6,299,21.55,3.79,780.4,16.2,2195.0,31.107204,77.17339
HP-SML,2023-08-03,18.0,22.1,14.6,88,100,1.5,1.5,12.5,299,23.15,4.06,780.5,15.9,2195.0,31.107204,77.17339
HP-SML,2023-08-04,17.6,21.3,14.2,90,100,8.0,8.0,9.0,296,17.98,3.25,782.3,15.9,2195.0,31.107204,77.17339
HP-SML,2023-08-05,17.6,21.3,14.3,90,100,2.5,2.5,14.5,298,21.53,3.65,783.3,15.8,2195.0,31.107204,77.17339
HP-SML,2023-08-06,17.7,21.2,14.6,88,99,0.9,0.9,16.7,308,22.53,3.72,780.9,15.5,2195.0,31.107204,77.17339
HP-SML,2023-08-07,17.2,21.0,15.0,90,98,2.9,2.9,17.3,305,21.82,3.53,778.6,15.5,2195.0,31.107204,77.17339
HP-SML,2023-08-08,17.4,21.1,14.1,88,99,1.4,1.4,16.8,304,23.01,3.84,779.9,15.3,2195.0,31.107204,77.17339
HP-SML,2023-08-09,17.9,21.6,14.6,85,98,0.8,0.8,12.6,300,23.92,4.13,783.1,15.2,2195.0,31.107204,77.17339
HP-SML,2023-08-10,17.4,20.2,15.1,93,100,6.5,6.5,9.0,297,15.69,2.73,784.1,16.3,2195.0,31.107204,77.17339
HP-SML,2023-08-11,17.4,21.1,14.9,93,100,5.0,5.0,12.1,292,15.79,2.77,784.1,16.2,2195.0,31.107204,77.17339
HP-SML,2023-08-12,17.3,19.3,15.8,95,100,9.9,9.9,16.6,294,14.17,2.29,782.3,16.4,2195.0,31.107204,77.17339
HP-SML,2023-08-13,17.0,20.0,15.9,95,100,21.6,21.6,12.9,291,10.1,1.75,780.4,16.2,2195.0,31.107204,77.17339
HP-SML,2023-08-14,16.1,17.3,15.1,97,100,51.0,51.0,7.0,221,4.86,0.98,783.0,15.6,2195.0,31.107204,77.17339
HP-SML,2023-08-15,16.9,21.0,13.9,90,100,1.2,1.2,12.4,302,21.51,3.66,784.0,15.1,2195.0,31.107204,77.17339
HP-SML,2023-08-16,17.1,21.3,12.8,89,100,0.9,0.9,14.3,320,23.18,3.92,783.8,15.0,2195.0,31.107204,77.17339
HP-SML,2023-08-17,17.1,20.9,13.2,90,100,2.1,2.1,16.3,317,22.9,3.75,783.3,15.3,2195.0,31.107204,77.17339
HP-SML,2023-08-18,17.6,22.2,13.2,87,100,4.4,4.4,9.3,319,21.86,3.87,784.2,15.2,2195.0,31.107204,77.17339
HP-SML,2023-08-19,17.5,21.7,14.2,89,97,12.9,12.9,9.4,194,17.98,3.21,785.1,15.6,2195.0,31.107204,77.17339
HP-SML,2023-08-20,17.9,21.4,14.6,90,99,3.2,3.2,11.3,283,20.13,3.5,785.6,16.1,2195.0,31.107204,77.17339
HP-SML,2023-08-21,18.5,21.5,15.4,89,100,2.2,2.2,13.9,299,21.03,3.54,784.4,16.6,2195.0,31.107204,77.17339
HP-SML,2023-08-22,17.9,19.9,16.2,94,100,7.4,7.4,18.0,301,13.66,2.21,782.6,16.8,2195.0,31.107204,77.17339
HP-SML,2023-08-23,17.0,18.6,15.9,94,99,34.3,34.3,8.2,259,6.28,1.22,780.9,16.1,2195.0,31.107204,77.17339
HP-SML,2023-08-24,16.7,20.0,13.4,93,100,10.1,10.1,13.6,283,17.7,2.97,779.9,15.4,2195.0,31.107204,77.17339
HP-SML,2023-08-25,16.7,21.2,13.1,88,100,2.0,2.0,13.4,305,23.38,3.94,780.1,14.6,2195.0,31.107204,77.17339
HP-SML,2023-08-26,16.0,19.8,13.1,88,100,2.3,2.3,12.1,302,21.55,3.56,781.2,13.9,2195.0,31.107204,77.17339
HP-SML,2023-08-27,15.4,19.7,11.1,86,100,0.9,0.9,15.1,312,23.17,3.81,780.5,12.8,2195.0,31.107204,77.17339
HP-SML,2023-08-28,15.2,20.4,10.3,84,100,0.9,0.9,13.9,315,23.26,3.9,780.3,12.3,2195.0,31.107204,77.17339
HP-SML,2023-08-29,15.4,21.0,10.2,80,97,0.0,0.0,14.8,320,24.93,4.25,782.5,11.5,2195.0,31.107204,77.17339
HP-SML,2023-08-30,15.9,20.9,10.6,83,98,0.0,0.0,10.6,319,23.37,4.04,784.1,12.7,2195.0,31.107204,77.17339
HP-SML,2023-08-31,16.5,21.2,11.2,86,98,1.3,1.3,11.4,302,21.99,3.85,785.1,14.0,2195.0,31.107204,77.17339
HP-SML,2023-09-01,16.9,20.7,12.0,90,100,3.3,3.3,16.0,324,21.39,3.54,785.5,15.0,2195.0,31.107204,77.17339
HP-SML,2023-09-02,17.1,20.8,14.5,91,100,1.9,1.9,16.4,324,20.24,3.26,784.6,15.5,2195.0,31.107204,77.17339
HP-SML,2023-09-03,17.1,21.3,13.9,90,100,2.5,2.5,11.0,329,19.97,3.42,783.7,15.3,2195.0,31.107204,77.17339
HP-SML,2023-09-04,16.9,22.1,12.3,84,100,1.2,1.2,10.0,334,21.37,3.84,783.2,13.7,2195.0,31.107204,77.17339
HP-SML,2023-09-05,16.6,22.0,12.6,78,90,0.3,0.3,8.9,20,20.43,3.71,784.4,12.4,2195.0,31.107204,77.17339
HP-SML,2023-09-06,16.8,22.7,12.2,74,90,1.7,1.7,6.6,85,21.47,3.93,785.3,11.9,2195.0,31.107204,77.17339
HP-SML,2023-09-07,17.4,22.5,12.7,69,87,0.5,0.5,11.9,321,21.94,4.11,785.1,11.3,2195.0,31.107204,77.17339
HP-SML,2023-09-08,16.6,20.8,12.9,82,98,8.1,8.1,9.1,301,20.8,3.61,784.7,13.3,2195.0,31.107204,77.17339
HP-SML,2023-09-09,16.0,20.2,11.9,89,99,5.6,5.6,9.4,290,18.22,3.17,783.5,14.0,2195.0,31.107204,77.17339
HP-SML,2023-09-10,15.6,19.9,12.3,90,100,3.5,3.5,8.3,305,17.81,3.05,781.8,13.8,2195.0,31.107204,77.17339
HP-SML,2023-09-11,16.4,21.3,12.1,88,100,1.0,1.0,9.7,298,20.71,3.61,782.3,14.3,2195.0,31.107204,77.17339
HP-SML,2023-09-12,16.7,21.1,12.0,89,100,1.9,1.9,10.3,288,20.4,3.55,782.7,14.8,2195.0,31.107204,77.17339
HP-SML,2023-09-13,17.1,20.8,13.7,91,100,5.0,5.0,7.8,183,17.21,3.05,783.4,15.5,2195.0,31.107204,77.17339
HP-SML,2023-09-14,17.0,20.8,13.7,89,98,4.3,4.3,6.6,110,15.9,2.84,784.6,15.1,2195.0,31.107204,77.17339
HP-SML,2023-09-15,16.5,21.2,13.2,89,98,4.2,4.2,6.9,133,14.55,2.62,785.1,14.6,2195.0,31.107204,77.17339
HP-SML,2023-09-16,16.5,21.7,13.1,87,98,8.5,8.5,5.5,141,18.28,3.24,784.9,14.2,2195.0,31.107204,77.17339
HP-SML,2023-09-17,16.0,20.0,13.6,88,97,7.7,7.7,5.0,79,12.59,2.31,783.4,14.0,2195.0,31.107204,77.17339
HP-SML,2023-09-18,16.0,20.2,13.2,87,96,10.7,10.7,4.7,145,13.94,2.47,783.9,13.7,2195.0,31.107204,77.17339
HP-SML,2023-09-19,15.7,20.4,11.7,88,99,6.9,6.9,8.6,13,18.53,3.2,785.4,13.6,2195.0,31.107204,77.17339
HP-SML,2023-09-20,16.2,20.6,13.0,87,99,1.9,1.9,12.6,319,20.56,3.45,785.7,13.8,2195.0,31.107204,77.17339
HP-SML,2023-09-21,15.4,20.3,11.1,87,100,1.2,1.2,14.9,311,21.29,3.52,784.2,13.0,2195.0,31.107204,77.17339
HP-SML,2023-09-22,15.5,20.0,11.9,82,94,0.0,0.0,13.9,311,20.85,3.49,784.6,12.2,2195.0,31.107204,77.17339
HP-SML,2023-09-23,14.8,20.3,10.6,79,94,0.1,0.1,11.3,309,19.51,3.33,784.4,11.0,2195.0,31.107204,77.17339
HP-SML,2023-09-24,14.2,19.4,9.4,80,99,0.0,0.0,11.8,319,19.72,3.29,783.6,10.5,2195.0,31.107204,77.17339
HP-SML,2023-09-25,13.9,20.2,8.5,80,96,0.8,0.8,10.9,306,20.05,3.42,783.8,10.2,2195.0,31.107204,77.17339
HP-SML,2023-09-26,14.1,20.0,9.3,76,97,0.0,0.0,11.8,325,21.67,3.64,784.9,9.7,2195.0,31.107204,77.17339
HP-SML,2023-09-27,14.3,19.8,9.2,75,91,0.0,0.0,10.6,326,21.52,3.67,784.4,9.6,2195.0,31.107204,77.17339
HP-SML,2023-09-28,14.4,20.7,9.2,75,94,0.1,0.1,7.8,209,19.77,3.45,784.1,9.7,2195.0,31.107204,77.17339
HP-SML,2023-09-29,14.9,20.0,10.3,74,92,0.6,0.6,9.3,141,18.85,3.29,784.6,10.0,2195.0,31.107204,77.17339
HP-SML,2023-09-30,14.4,19.8,10.6,74,85,0.5,0.5,11.6,89,17.78,3.15,784.8,9.5,2195.0,31.107204,77.17339
HP-SML,2023-10-01,14.3,18.7,10.8,81,97,3.1,3.1,5.9,47,17.7,2.97,784.1,11.1,2195.0,31.107204,77.17339
HP-SML,2023-10-02,13.8,20.0,10.0,78,95,0.2,0.2,10.1,123,18.27,3.16,784.0,9.4,2195.0,31.107204,77.17339
HP-SML,2023-10-03,13.7,19.5,9.2,76,94,0.8,0.8,10.4,9,17.9,3.1,784.4,9.2,2195.0,31.107204,77.17339
HP-SML,2023-10-04,14.2,19.4,9.5,72,87,0.1,0.1,13.4,337,19.74,3.41,784.9,9.0,2195.0,31.107204,77.17339
HP-SML,2023-10-05,13.9,19.7,8.9,65,86,0.0,0.0,13.7,329,20.8,3.69,784.1,6.7,2195.0,31.107204,77.17339
HP-SML,2023-10-06,13.8,20.1,8.3,68,85,0.0,0.0,13.7,328,20.24,3.54,783.1,7.5,2195.0,31.107204,77.17339
HP-SML,2023-10-07,14.8,20.4,9.3,68,86,0.0,0.0,12.9,313,19.96,3.51,784.9,8.5,2195.0,31.107204,77.17339
HP-SML,2023-10-08,14.8,20.5,9.4,68,88,0.0,0.0,13.9,323,19.99,3.56,785.5,8.6,2195.0,31.107204,77.17339
HP-SML,2023-10-09,14.0,19.8,8.1,68,88,0.2,0.2,10.8,255,19.18,3.4,785.5,7.6,2195.0,31.107204,77.17339
HP-SML,2023-10-10,13.8,18.4,9.7,60,89,0.9,0.9,12.2,2,17.25,3.24,786.9,5.2,2195.0,31.107204,77.17339
HP-SML,2023-10-11,12.8,18.7,6.6,57,83,0.0,0.0,12.2,344,19.68,3.51,785.6,3.8,2195.0,31.107204,77.17339
HP-SML,2023-10-12,12.4,19.0,6.3,66,82,0.0,0.0,11.7,289,19.44,3.31,786.2,5.8,2195.0,31.107204,77.17339
HP-SML,2023-10-13,12.6,18.6,7.0,68,87,0.0,0.0,12.0,296,19.19,3.22,787.1,6.5,2195.0,31.107204,77.17339
HP-SML,2023-10-14,12.1,19.2,7.3,66,87,0.0,0.0,14.2,343,14.5,2.6,786.6,5.5,2195.0,31.107204,77.17339
HP-SML,2023-10-15,10.5,17.0,7.1,75,90,3.9,3.9,8.2,85,14.56,2.42,784.4,6.1,2195.0,31.107204,77.17339
HP-SML,2023-10-16,8.2,11.1,5.4,77,92,12.2,12.2,19.3,99,5.83,1.07,783.7,4.4,2195.0,31.107204,77.17339
HP-SML,2023-10-17,7.7,14.6,3.8,73,91,5.8,5.8,9.7,103,13.13,2.07,785.6,3.0,2195.0,31.107204,77.17339
HP-SML,2023-10-18,8.5,14.5,3.1,69,88,0.7,0.7,9.6,336,18.01,2.8,785.6,2.7,2195.0,31.107204,77.17339
HP-SML,2023-10-19,9.2,15.7,3.8,69,89,0.2,0.2,10.0,243,17.5,2.75,785.5,3.2,2195.0,31.107204,77.17339
HP-SML,2023-10-20,9.6,15.3,4.2,68,88,1.2,1.2,10.0,303,17.32,2.76,786.5,3.6,2195.0,31.107204,77.17339
HP-SML,2023-10-21,9.5,15.8,4.0,68,84,0.4,0.4,10.7,252,17.4,2.81,786.9,3.3,2195.0,31.107204,77.17339
HP-SML,2023-10-22,9.2,15.5,4.4,71,93,0.3,0.3,9.7,172,14.52,2.37,787.3,3.6,2195.0,31.107204,77.17339
HP-SML,2023-10-23,9.7,15.9,5.6,63,86,0.5,0.5,7.3,114,16.16,2.63,786.3,2.3,2195.0,31.107204,77.17339
HP-SML,2023-10-24,9.6,16.5,4.8,56,70,0.8,0.8,9.1,97,16.46,2.71,786.0,0.7,2195.0,31.107204,77.17339
HP-SML,2023-10-25,9.9,16.9,4.2,57,76,0.1,0.1,10.2,57,16.24,2.77,786.5,1.2,2195.0,31.107204,77.17339
HP-SML,2023-10-26,10.3,16.4,4.2,56,77,0.0,0.0,13.4,351,17.28,2.98,786.4,1.1,2195.0,31.107204,77.17339
HP-SML,2023-10-27,10.2,16.3,4.1,59,79,0.0,0.0,12.3,351,17.13,2.85,785.5,2.0,2195.0,31.107204,77.17339
HP-SML,2023-10-28,10.0,16.4,4.7,61,78,0.0,0.0,12.0,315,16.26,2.7,785.6,2.4,2195.0,31.107204,77.17339
HP-SML,2023-10-29,10.3,16.1,4.8,59,76,0.0,0.0,11.9,312,16.72,2.76,786.1,2.2,2195.0,31.107204,77.17339
HP-SML,2023-10-30,9.9,16.3,3.9,63,84,0.0,0.0,10.8,310,16.32,2.7,786.7,2.4,2195.0,31.107204,77.17339
HP-SML,2023-10-31,10.4,17.1,5.2,64,83,0.0,0.0,9.7,159,16.07,2.67,787.9,3.0,2195.0,31.107204,77.17339
HP-SML,2023-11-01,10.3,16.9,5.0,65,86,0.2,0.2,9.5,146,15.54,2.54,788.6,3.3,2195.0,31.107204,77.17339
HP-SML,2023-11-02,10.6,16.0,5.3,62,81,0.5,0.5,7.8,233,15.48,2.5,787.0,3.2,2195.0,31.107204,77.17339
HP-SML,2023-11-03,9.1,15.2,4.5,70,93,0.6,0.6,11.7,10,12.36,2.0,784.0,3.4,2195.0,31.107204,77.17339
HP-SML,2023-11-04,8.7,14.7,2.9,64,87,0.0,0.0,12.1,327,15.77,2.5,784.0,1.6,2195.0,31.107204,77.17339
HP-SML,2023-11-05,9.4,15.3,3.7,60,82,0.0,0.0,13.9,334,15.93,2.56,785.5,1.4,2195.0,31.107204,77.17339
HP-SML,2023-11-06,8.5,14.5,2.9,62,84,0.0,0.0,11.7,308,15.29,2.4,786.3,1.1,2195.0,31.107204,77.17339
HP-SML,2023-11-07,8.6,15.0,2.0,62,85,0.0,0.0,13.4,330,15.54,2.48,785.7,0.9,2195.0,31.107204,77.17339
HP-SML,2023-11-08,9.2,14.8,3.3,59,86,0.0,0.0,14.5,321,15.0,2.48,785.4,1.0,2195.0,31.107204,77.17339
HP-SML,2023-11-09,8.5,14.2,3.3,68,86,0.3,0.3,9.7,255,14.56,2.25,784.9,2.4,2195.0,31.107204,77.17339
HP-SML,2023-11-10,6.7,13.4,3.7,81,93,7.7,7.7,11.1,107,8.5,1.28,785.4,3.5,2195.0,31.107204,77.17339
HP-SML,2023-11-11,6.6,12.8,2.3,80,97,0.0,0.0,11.4,331,14.37,2.03,785.8,3.2,2195.0,31.107204,77.17339
HP-SML,2023-11-12,7.2,14.2,1.9,72,92,0.0,0.0,10.8,342,14.87,2.22,785.9,2.0,2195.0,31.107204,77.17339
HP-SML,2023-11-13,8.2,14.5,3.4,77,98,0.0,0.0,8.4,171,13.83,2.09,786.9,4.1,2195.0,31.107204,77.17339
HP-SML,2023-11-14,7.6,15.1,2.3,81,100,0.0,0.0,8.1,137,14.06,2.14,786.2,3.9,2195.0,31.107204,77.17339
HP-SML,2023-11-15,8.4,14.9,3.5,70,87,0.0,0.0,10.2,313,14.35,2.21,786.7,2.7,2195.0,31.107204,77.17339
HP-SML,2023-11-16,8.2,15.0,3.6,73,90,0.0,0.0,9.7,263,13.38,2.06,787.6,3.2,2195.0,31.107204,77.17339
HP-SML,2023-11-17,8.5,15.2,3.1,72,89,0.0,0.0,12.5,297,14.0,2.16,787.7,3.3,2195.0,31.107204,77.17339
HP-SML,2023-11-18,8.1,14.6,2.9,67,86,0.0,0.0,9.4,212,14.0,2.16,785.7,1.8,2195.0,31.107204,77.17339
HP-SML,2023-11-19,8.2,13.9,3.5,76,97,0.1,0.1,9.1,202,12.97,1.93,786.7,3.9,2195.0,31.107204,77.17339
HP-SML,2023-11-20,7.0,13.3,2.2,84,97,0.0,0.0,8.8,11,13.62,1.93,785.6,4.1,2195.0,31.107204,77.17339
HP-SML,2023-11-21,7.2,15.1,2.3,67,97,0.0,0.0,12.1,22,14.03,2.15,784.4,0.5,2195.0,31.107204,77.17339
HP-SML,2023-11-22,7.5,16.0,1.9,65,97,0.0,0.0,9.7,32,14.1,2.22,782.5,0.4,2195.0,31.107204,77.17339
HP-SML,2023-11-23,6.7,13.0,1.6,76,98,0.0,0.0,9.5,170,13.24,1.93,782.4,2.2,2195.0,31.107204,77.17339
HP-SML,2023-11-24,6.6,13.9,1.0,78,100,0.5,0.5,8.8,102,12.92,1.92,784.4,2.5,2195.0,31.107204,77.17339
HP-SML,2023-11-25,7.4,14.2,1.9,66,89,0.0,0.0,9.1,144,12.75,1.97,785.5,0.8,2195.0,31.107204,77.17339
HP-SML,2023-11-26,7.5,14.2,3.1,70,88,0.0,0.0,9.7,154,11.74,1.81,786.7,1.9,2195.0,31.107204,77.17339
HP-SML,2023-11-27,7.2,11.0,3.4,74,89,0.3,0.3,5.1,109,6.2,1.06,785.0,2.6,2195.0,31.107204,77.17339
HP-SML,2023-11-28,6.1,12.6,1.8,67,88,0.0,0.0,10.7,124,10.26,1.66,783.7,-0.3,2195.0,31.107204,77.17339
HP-SML,2023-11-29,6.0,12.9,1.8,65,91,0.6,0.6,7.7,124,11.47,1.69,783.7,-0.5,2195.0,31.107204,77.17339
HP-SML,2023-11-30,4.9,9.0,2.1,81,92,7.1,7.1,12.8,115,8.32,1.17,783.9,1.7,2195.0,31.107204,77.17339
HP-SML,2023-12-01,5.1,11.3,1.3,75,86,0.1,0.1,6.9,91,11.33,1.58,784.2,0.6,2195.0,31.107204,77.17339
HP-SML,2023-12-02,5.2,11.0,1.1,72,93,2.2,2.2,6.2,133,11.35,1.62,784.2,0.2,2195.0,31.107204,77.17339
HP-SML,2023-12-03,5.0,11.4,0.8,76,100,0.3,0.3,10.0,173,12.42,1.73,784.1,0.6,2195.0,31.107204,77.17339
HP-SML,2023-12-04,3.3,9.2,0.6,81,93,7.0,7.0,9.7,98,8.49,1.08,782.3,0.2,2195.0,31.107204,77.17339
HP-SML,2023-12-05,4.2,11.0,-0.9,74,91,0.0,0.0,8.8,44,12.44,1.7,782.2,-0.4,2195.0,31.107204,77.17339
HP-SML,2023-12-06,5.8,12.8,0.7,62,77,0.3,0.3,9.2,103,12.46,1.85,783.9,-1.5,2195.0,31.107204,77.17339
HP-SML,2023-12-07,5.5,12.3,0.3,62,82,0.0,0.0,11.8,7,12.83,1.89,782.9,-1.8,2195.0,31.107204,77.17339
HP-SML,2023-12-08,4.2,11.4,-0.3,57,79,0.0,0.0,13.4,4,13.07,1.86,781.3,-4.2,2195.0,31.107204,77.17339
HP-SML,2023-12-09,3.4,10.4,-1.4,57,77,0.0,0.0,11.8,20,13.08,1.85,781.0,-4.8,2195.0,31.107204,77.17339
HP-SML,2023-12-10,5.5,10.4,-0.6,41,64,0.0,0.0,12.5,17,13.26,2.04,780.7,-7.2,2195.0,31.107204,77.17339
HP-SML,2023-12-11,2.9,9.8,-1.8,58,87,0.0,0.0,9.1,136,11.87,1.65,779.5,-5.3,2195.0,31.107204,77.17339
HP-SML,2023-12-12,1.9,8.0,-1.9,61,92,0.0,0.0,10.3,198,12.57,1.61,779.0,-5.5,2195.0,31.107204,77.17339
HP-SML,2023-12-13,1.9,8.8,-3.2,57,78,0.0,0.0,13.5,291,12.72,1.65,780.2,-6.1,2195.0,31.107204,77.17339
HP-SML,2023-12-14,4.5,11.5,-1.0,45,62,0.0,0.0,11.5,29,12.66,2.03,782.0,-6.9,2195.0,31.107204,77.17339
HP-SML,2023-12-15,5.5,11.0,0.3,49,81,0.0,0.0,6.5,89,10.38,1.53,783.6,-5.1,2195.0,31.107204,77.17339
HP-SML,2023-12-16,4.2,9.9,-1.7,57,88,0.0,0.0,6.8,207,12.82,1.72,781.7,-4.2,2195.0,31.107204,77.17339
HP-SML,2023-12-17,2.2,8.3,-2.1,58,89,0.0,0.0,10.5,298,12.68,1.62,781.5,-6.0,2195.0,31.107204,77.17339
HP-SML,2023-12-18,2.6,9.7,-2.6,57,74,0.0,0.0,9.9,43,12.93,1.79,782.5,-5.7,2195.0,31.107204,77.17339
HP-SML,2023-12-19,4.2,12.3,-2.4,44,65,0.0,0.0,10.0,32,13.11,2.07,783.3,-7.5,2195.0,31.107204,77.17339
HP-SML,2023-12-20,8.0,13.9,2.6,35,62,0.0,0.0,8.4,26,12.91,2.15,785.2,-7.1,2195.0,31.107204,77.17339
HP-SML,2023-12-21,6.5,15.1,0.4,44,68,0.0,0.0,7.4,60,12.99,2.09,783.3,-5.3,2195.0,31.107204,77.17339
HP-SML,2023-12-22,7.3,14.4,1.7,48,82,0.0,0.0,6.8,120,11.11,1.74,784.3,-4.0,2195.0,31.107204,77.17339
HP-SML,2023-12-23,6.5,10.8,1.3,63,76,0.5,0.5,7.6,92,12.12,1.72,786.5,-0.3,2195.0,31.107204,77.17339
HP-SML,2023-12-24,5.1,12.7,-0.2,65,88,0.0,0.0,9.7,33,11.38,1.69,786.2,-1.5,2195.0,31.107204,77.17339
HP-SML,2023-12-25,8.4,12.8,4.0,41,59,0.0,0.0,10.8,8,12.73,2.04,786.3,-4.3,2195.0,31.107204,77.17339
HP-SML,2023-12-26,8.1,13.5,1.9,44,72,0.0,0.0,9.5,24,12.1,1.98,786.1,-4.1,2195.0,31.107204,77.17339
HP-SML,2023-12-27,6.5,12.1,1.9,52,89,0.0,0.0,8.1,17,12.74,1.88,786.2,-3.2,2195.0,31.107204,77.17339
HP-SML,2023-12-28,4.8,12.8,-1.0,68,97,0.0,0.0,8.4,79,12.88,1.84,783.5,-1.2,2195.0,31.107204,77.17339
HP-SML,2023-12-29,4.3,10.8,-1.5,77,98,0.0,0.0,8.6,181,12.66,1.68,784.3,0.1,2195.0,31.107204,77.17339
HP-SML,2023-12-30,3.7,10.2,-1.1,76,95,0.0,0.0,7.3,122,10.36,1.43,782.8,-0.4,2195.0,31.107204,77.17339
HP-SML,2023-12-31,4.0,10.8,-0.3,74,93,0.0,0.0,7.9,157,12.58,1.69,782.3,-0.6,2195.0,31.107204,77.17339
