site_id,date,temperature_2m_mean,temperature_2m_max,temperature_2m_min,relative_humidity_2m_mean,relative_humidity_2m_max,precipitation_sum,rain_sum,wind_speed_10m_max,wind_direction_10m_dominant,shortwave_radiation_sum,et0_fao_evapotranspiration,surface_pressure_mean,dew_point_2m_mean,elevation_m,lat,lon
JK-ANT,2020-12-01,2.4,9.1,-4.9,70,86,0.0,0.0,6.3,282,12.4,1.47,844.5,-2.9,1601.0,33.70826,75.13044
JK-ANT,2020-12-02,4.8,11.0,0.5,64,85,0.0,0.0,10.2,289,12.67,1.66,844.6,-1.7,1601.0,33.70826,75.13044
JK-ANT,2020-12-03,4.0,10.1,-2.3,69,87,0.0,0.0,5.9,292,12.08,1.53,842.6,-1.4,1601.0,33.70826,75.13044
JK-ANT,2020-12-04,2.2,6.6,-1.7,77,92,6.6,3.2,7.3,275,7.96,1.03,841.5,-1.6,1601.0,33.70826,75.13044
JK-ANT,2020-12-05,0.8,4.7,-2.3,87,99,21.7,5.8,9.4,269,7.66,0.85,842.0,-1.2,1601.0,33.70826,75.13044
JK-ANT,2020-12-06,1.7,5.6,-2.6,84,96,13.5,5.0,8.4,261,10.93,1.16,844.5,-0.9,1601.0,33.70826,75.13044
JK-ANT,2020-12-07,0.9,3.3,-1.7,86,100,1.1,1.1,8.7,257,7.01,0.78,845.4,-1.3,1601.0,33.70826,75.13044
JK-ANT,2020-12-08,-1.7,0.2,-3.7,100,100,11.3,10.5,12.4,287,5.39,0.46,844.7,-1.7,1601.0,33.70826,75.13044
JK-ANT,2020-12-09,-0.6,1.9,-2.4,98,100,19.9,18.4,7.3,275,9.13,0.89,843.5,-0.8,1601.0,33.70826,75.13044
JK-ANT,2020-12-10,-0.4,3.5,-2.6,92,99,13.6,6.8,7.1,288,10.52,1.05,842.9,-1.5,1601.0,33.70826,75.13044
JK-ANT,2020-12-11,-1.0,0.8,-4.2,95,99,7.0,4.2,8.2,294,7.86,0.75,841.9,-1.8,1601.0,33.70826,75.13044
JK-ANT,2020-12-12,-0.9,7.5,-3.7,92,100,24.3,2.5,14.0,299,11.29,1.16,838.2,-2.2,1601.0,33.70826,75.13044
JK-ANT,2020-12-13,-2.8,-1.4,-4.6,97,99,0.0,0.0,8.8,274,10.15,0.78,840.1,-3.3,1601.0,33.70826,75.13044
JK-ANT,2020-12-14,-5.1,-2.4,-8.2,87,98,0.0,0.0,7.5,284,11.76,0.85,839.3,-6.9,1601.0,33.70826,75.13044
JK-ANT,2020-12-15,-5.6,-2.3,-10.5,80,97,0.0,0.0,8.6,288,12.44,0.9,840.1,-8.6,1601.0,33.70826,75.13044
JK-ANT,2020-12-16,-3.8,0.3,-6.7,68,81,0.0,0.0,9.5,241,10.98,0.9,843.1,-9.0,1601.0,33.70826,75.13044
JK-ANT,2020-12-17,-5.2,-1.4,-8.0,65,78,0.0,0.0,9.1,269,12.87,0.99,844.5,-10.7,1601.0,33.70826,75.13044
JK-ANT,2020-12-18,-6.0,-1.1,-11.8,70,87,0.0,0.0,9.4,288,13.01,0.99,843.7,-10.8,1601.0,33.70826,75.13044
JK-ANT,2020-12-19,-8.8,-2.1,-14.6,78,88,0.0,0.0,8.1,286,12.92,0.95,843.9,-12.0,1601.0,33.70826,75.13044
JK-ANT,2020-12-20,-7.9,-1.0,-13.1,72,90,0.0,0.0,8.7,285,12.4,0.96,844.3,-12.1,1601.0,33.70826,75.13044
JK-ANT,2020-12-21,-5.0,-0.5,-10.8,69,80,0.0,0.0,6.6,282,11.24,0.99,843.1,-9.8,1601.0,33.70826,75.13044
JK-ANT,2020-12-22,-2.5,2.2,-6.4,81,91,0.0,0.0,8.4,287,12.58,1.16,842.7,-5.4,1601.0,33.70826,75.13044
JK-ANT,2020-12-23,-2.3,0.6,-8.6,73,87,0.0,0.0,9.0,272,12.64,1.1,841.2,-6.5,1601.0,33.70826,75.13044
JK-ANT,2020-12-24,-1.9,1.3,-8.5,69,81,0.0,0.0,6.9,271,11.16,1.02,841.1,-7.0,1601.0,33.70826,75.13044
JK-ANT,2020-12-25,-2.5,0.9,-7.2,70,85,0.0,0.0,10.0,277,11.09,1.01,842.6,-7.4,1601.0,33.70826,75.13044
JK-ANT,2020-12-26,-3.2,-0.2,-6.8,58,76,0.0,0.0,9.7,279,12.23,1.12,839.7,-10.6,1601.0,33.70826,75.13044
JK-ANT,2020-12-27,-2.1,1.9,-7.1,61,74,0.1,0.0,10.6,292,11.71,1.2,834.7,-8.8,1601.0,33.70826,75.13044
JK-ANT,2020-12-28,-0.1,2.0,-1.6,86,93,5.5,0.0,8.2,249,9.36,0.91,837.9,-2.2,1601.0,33.70826,75.13044
JK-ANT,2020-12-29,-2.3,0.3,-4.7,88,97,4.8,0.0,8.0,303,10.99,1.0,841.5,-4.1,1601.0,33.70826,75.13044
JK-ANT,2020-12-30,-3.7,-0.4,-8.2,79,90,0.0,0.0,5.8,308,12.81,1.04,845.4,-6.9,1601.0,33.70826,75.13044
JK-ANT,2020-12-31,-6.8,-2.1,-12.6,80,99,0.0,0.0,7.6,298,12.83,0.99,845.9,-9.8,1601.0,33.70826,75.13044
JK-ANT,2021-01-01,-7.3,-1.0,-12.4,69,77,0.0,0.0,6.6,295,12.83,1.12,842.6,-12.0,1601.0,33.70826,75.13044
JK-ANT,2021-01-02,-5.4,0.0,-10.6,64,77,0.0,0.0,6.4,307,12.99,1.14,842.9,-11.3,1601.0,33.70826,75.13044
JK-ANT,2021-01-03,-3.2,-0.3,-5.8,87,99,12.8,0.0,7.0,344,7.47,0.72,843.5,-5.1,1601.0,33.70826,75.13044
JK-ANT,2021-01-04,-3.4,-1.6,-5.3,96,98,8.8,0.0,7.3,316,9.76,0.78,845.4,-4.0,1601.0,33.70826,75.13044
JK-ANT,2021-01-05,-3.5,-2.1,-4.8,97,100,20.4,2.1,8.8,302,7.09,0.57,841.7,-3.9,1601.0,33.70826,75.13044
JK-ANT,2021-01-06,-1.1,0.7,-2.5,97,100,9.1,4.6,11.3,293,10.29,0.84,840.0,-1.5,1601.0,33.70826,75.13044
JK-ANT,2021-01-07,-1.5,0.8,-3.0,89,96,0.0,0.0,9.6,298,12.38,1.07,839.1,-3.0,1601.0,33.70826,75.13044
JK-ANT,2021-01-08,-0.1,7.6,-4.7,76,98,0.0,0.0,12.5,311,12.32,1.41,835.7,-4.3,1601.0,33.70826,75.13044
JK-ANT,2021-01-09,-1.6,0.7,-5.0,89,100,16.2,7.3,9.8,304,8.02,0.76,839.6,-3.2,1601.0,33.70826,75.13044
JK-ANT,2021-01-10,-2.0,0.4,-4.4,90,99,0.0,0.0,8.0,292,12.21,1.0,840.2,-3.4,1601.0,33.70826,75.13044
JK-ANT,2021-01-11,-3.6,0.4,-9.0,78,95,0.0,0.0,6.9,298,13.81,1.2,839.9,-7.1,1601.0,33.70826,75.13044
JK-ANT,2021-01-12,-4.5,0.6,-9.8,65,80,0.0,0.0,7.3,289,14.12,1.28,840.4,-10.2,1601.0,33.70826,75.13044
JK-ANT,2021-01-13,-4.0,0.7,-9.6,55,77,0.0,0.0,8.2,289,14.41,1.38,840.2,-11.9,1601.0,33.70826,75.13044
JK-ANT,2021-01-14,-4.5,0.0,-10.6,63,84,0.0,0.0,8.1,293,13.12,1.26,839.4,-10.9,1601.0,33.70826,75.13044
JK-ANT,2021-01-15,-3.2,1.1,-7.9,58,75,0.0,0.0,7.7,298,12.91,1.32,837.8,-10.4,1601.0,33.70826,75.13044
JK-ANT,2021-01-16,-1.4,3.1,-5.9,53,72,0.0,0.0,8.5,295,14.41,1.52,839.0,-10.0,1601.0,33.70826,75.13044
JK-ANT,2021-01-17,-2.0,0.8,-8.2,52,76,0.0,0.0,7.3,294,13.53,1.37,838.9,-10.8,1601.0,33.70826,75.13044
JK-ANT,2021-01-18,-0.5,2.5,-4.1,45,73,0.0,0.0,7.2,283,14.32,1.52,841.1,-11.3,1601.0,33.70826,75.13044
JK-ANT,2021-01-19,-1.3,1.9,-6.4,58,70,0.0,0.0,8.3,285,14.29,1.41,839.9,-8.6,1601.0,33.70826,75.13044
JK-ANT,2021-01-20,-0.6,2.7,-5.6,61,74,0.0,0.0,9.1,292,14.55,1.48,840.8,-7.2,1601.0,33.70826,75.13044
JK-ANT,2021-01-21,-2.8,1.7,-7.0,72,86,0.0,0.0,8.7,286,14.21,1.25,840.4,-7.3,1601.0,33.70826,75.13044
JK-ANT,2021-01-22,-3.0,3.1,-8.0,67,77,0.0,0.0,11.2,287,13.09,1.3,835.6,-8.4,1601.0,33.70826,75.13044
JK-ANT,2021-01-23,-2.0,-0.4,-4.6,93,99,10.8,0.1,14.8,296,6.78,0.57,834.2,-3.0,1601.0,33.70826,75.13044
JK-ANT,2021-01-24,-0.3,2.5,-3.2,81,95,0.0,0.0,7.8,292,13.72,1.32,841.6,-3.3,1601.0,33.70826,75.13044
JK-ANT,2021-01-25,-3.2,0.4,-7.1,87,99,0.0,0.0,7.2,286,14.76,1.24,843.1,-5.1,1601.0,33.70826,75.13044
JK-ANT,2021-01-26,-4.5,-0.8,-8.7,82,96,0.0,0.0,7.9,282,15.09,1.22,842.7,-7.3,1601.0,33.70826,75.13044
JK-ANT,2021-01-27,-4.9,-0.1,-10.7,73,89,0.0,0.0,7.2,285,15.44,1.33,842.6,-9.2,1601.0,33.70826,75.13044
JK-ANT,2021-01-28,-5.2,-1.2,-11.7,70,86,0.0,0.0,5.4,286,15.38,1.29,843.2,-10.1,1601.0,33.70826,75.13044
JK-ANT,2021-01-29,-4.1,0.7,-9.6,69,80,0.0,0.0,7.3,307,15.65,1.38,843.5,-9.1,1601.0,33.70826,75.13044
JK-ANT,2021-01-30,-4.4,0.6,-10.3,76,86,0.0,0.0,8.3,301,15.87,1.36,842.5,-8.1,1601.0,33.70826,75.13044
JK-ANT,2021-01-31,-5.4,-0.2,-11.8,73,87,0.1,0.1,8.4,289,15.68,1.35,841.4,-9.7,1601.0,33.70826,75.13044
JK-ANT,2021-02-01,-2.2,1.4,-7.5,81,93,1.6,0.0,7.2,280,13.96,1.31,845.9,-5.2,1601.0,33.70826,75.13044
JK-ANT,2021-02-02,-1.3,1.4,-6.4,74,98,0.0,0.0,5.9,277,15.66,1.47,844.3,-5.5,1601.0,33.70826,75.13044
JK-ANT,2021-02-03,-1.1,1.3,-3.4,80,93,3.8,0.0,8.0,142,9.1,0.94,843.8,-4.1,1601.0,33.70826,75.13044
JK-ANT,2021-02-04,-0.1,1.8,-1.6,88,95,0.8,0.2,8.0,312,9.43,1.03,843.1,-1.9,1601.0,33.70826,75.13044
JK-ANT,2021-02-05,0.1,3.8,-4.1,80,93,0.3,0.0,6.0,297,15.34,1.57,842.7,-3.1,1601.0,33.70826,75.13044
JK-ANT,2021-02-06,-1.8,2.2,-7.5,71,87,0.0,0.0,9.5,328,16.71,1.57,843.8,-6.5,1601.0,33.70826,75.13044
JK-ANT,2021-02-07,-2.8,3.7,-7.7,78,93,0.0,0.0,8.9,313,16.79,1.64,843.8,-6.3,1601.0,33.70826,75.13044
JK-ANT,2021-02-08,-2.2,3.5,-7.5,75,90,0.0,0.0,8.2,295,15.72,1.58,843.6,-6.1,1601.0,33.70826,75.13044
JK-ANT,2021-02-09,0.8,5.4,-3.5,70,83,2.4,1.3,8.2,291,13.56,1.58,840.7,-4.1,1601.0,33.70826,75.13044
JK-ANT,2021-02-10,2.8,8.1,-1.7,69,82,0.0,0.0,8.5,298,16.98,1.99,841.4,-2.5,1601.0,33.70826,75.13044
JK-ANT,2021-02-11,2.2,7.5,-4.5,69,89,0.0,0.0,6.6,276,17.19,1.98,841.0,-3.2,1601.0,33.70826,75.13044
JK-ANT,2021-02-12,4.1,9.1,-1.3,60,80,0.0,0.0,6.7,273,16.88,2.03,842.7,-3.3,1601.0,33.70826,75.13044
JK-ANT,2021-02-13,2.3,6.6,-3.2,65,87,0.0,0.0,6.2,276,11.93,1.51,841.2,-3.9,1601.0,33.70826,75.13044
JK-ANT,2021-02-14,4.1,10.8,-2.7,56,80,0.0,0.0,5.8,259,17.77,2.23,841.9,-4.3,1601.0,33.70826,75.13044
JK-ANT,2021-02-15,4.8,9.8,1.8,51,75,0.0,0.0,7.3,228,17.89,2.27,840.9,-4.8,1601.0,33.70826,75.13044
JK-ANT,2021-02-16,3.7,10.1,0.2,58,81,0.0,0.0,9.8,190,17.89,2.26,840.7,-3.9,1601.0,33.70826,75.13044
JK-ANT,2021-02-17,3.7,11.3,-0.7,55,77,0.0,0.0,8.1,242,17.99,2.33,841.7,-4.8,1601.0,33.70826,75.13044
JK-ANT,2021-02-18,4.8,11.7,-0.4,51,66,0.0,0.0,7.0,64,18.0,2.44,844.4,-4.8,1601.0,33.70826,75.13044
JK-ANT,2021-02-19,4.5,12.4,-1.4,53,66,0.0,0.0,5.9,299,18.15,2.52,845.9,-4.6,1601.0,33.70826,75.13044
JK-ANT,2021-02-20,5.0,11.6,-1.4,63,82,0.0,0.0,8.5,289,11.75,1.83,844.7,-1.9,1601.0,33.70826,75.13044
JK-ANT,2021-02-21,6.7,14.1,-0.7,63,83,0.0,0.0,6.8,270,16.17,2.4,844.4,-0.3,1601.0,33.70826,75.13044
JK-ANT,2021-02-22,6.6,12.3,1.5,71,99,0.0,0.0,12.7,277,11.08,1.73,843.2,1.5,1601.0,33.70826,75.13044
JK-ANT,2021-02-23,4.9,11.8,0.2,86,100,7.0,6.7,11.0,287,15.33,1.95,841.6,2.6,1601.0,33.70826,75.13044
JK-ANT,2021-02-24,6.0,12.7,0.8,76,100,4.1,4.1,12.4,269,15.04,2.14,841.4,1.6,1601.0,33.70826,75.13044
JK-ANT,2021-02-25,5.5,10.6,1.9,88,99,15.4,15.4,12.2,265,10.53,1.42,840.5,3.5,1601.0,33.70826,75.13044
JK-ANT,2021-02-26,7.5,14.4,1.7,83,100,4.5,4.5,20.2,358,7.01,1.41,835.7,4.4,1601.0,33.70826,75.13044
JK-ANT,2021-02-27,4.4,7.4,1.3,95,100,23.2,22.5,18.9,278,8.07,0.92,834.2,3.5,1601.0,33.70826,75.13044
JK-ANT,2021-02-28,5.4,12.5,0.6,77,100,0.1,0.1,7.6,257,15.91,2.25,839.7,0.9,1601.0,33.70826,75.13044
JK-ANT,2021-03-01,6.0,12.7,0.7,67,90,0.0,0.0,6.8,224,16.83,2.41,841.7,0.0,1601.0,33.70826,75.13044
JK-ANT,2021-03-02,6.8,14.9,-0.9,55,84,0.0,0.0,8.4,265,19.22,2.94,843.0,-2.1,1601.0,33.70826,75.13044
JK-ANT,2021-03-03,8.5,15.9,3.2,54,74,0.0,0.0,9.1,247,18.63,2.9,840.7,-0.5,1601.0,33.70826,75.13044
JK-ANT,2021-03-04,7.9,14.6,2.2,61,84,0.4,0.4,12.2,242,17.8,2.73,842.2,0.6,1601.0,33.70826,75.13044
JK-ANT,2021-03-05,8.0,15.6,2.9,65,85,2.9,2.9,10.7,239,19.32,2.97,841.7,1.5,1601.0,33.70826,75.13044
JK-ANT,2021-03-06,7.1,13.4,1.1,64,86,0.0,0.0,9.8,268,12.6,2.09,840.7,0.4,1601.0,33.70826,75.13044
JK-ANT,2021-03-07,6.0,11.4,2.4,80,94,24.9,24.5,20.7,282,14.15,1.92,840.7,2.7,1601.0,33.70826,75.13044
JK-ANT,2021-03-08,4.8,11.3,1.5,86,100,25.6,22.5,7.4,280,14.51,1.96,844.1,2.3,1601.0,33.70826,75.13044
JK-ANT,2021-03-09,5.5,12.8,-1.1,79,100,4.3,3.5,8.6,263,18.01,2.49,845.4,1.6,1601.0,33.70826,75.13044
JK-ANT,2021-03-10,6.2,10.8,1.7,82,98,15.8,15.8,8.7,262,14.56,1.96,844.2,3.2,1601.0,33.70826,75.13044
JK-ANT,2021-03-11,4.1,8.2,0.8,92,100,20.1,19.1,17.8,283,10.43,1.31,845.3,2.8,1601.0,33.70826,75.13044
JK-ANT,2021-03-12,0.4,2.4,-2.1,100,100,16.2,13.5,12.2,293,6.23,0.7,847.4,0.4,1601.0,33.70826,75.13044
JK-ANT,2021-03-13,4.7,11.6,-0.3,81,100,0.0,0.0,7.9,334,18.0,2.46,848.4,1.3,1601.0,33.70826,75.13044
JK-ANT,2021-03-14,4.1,11.6,0.0,82,97,5.2,4.6,18.9,282,13.6,1.91,843.3,0.9,1601.0,33.70826,75.13044
JK-ANT,2021-03-15,6.6,14.2,-0.8,75,100,0.0,0.0,9.1,274,20.05,2.94,843.4,1.9,1601.0,33.70826,75.13044
JK-ANT,2021-03-16,9.1,16.4,3.6,70,88,5.2,5.2,12.6,244,19.45,3.08,843.4,3.6,1601.0,33.70826,75.13044
JK-ANT,2021-03-17,8.7,14.2,4.2,78,94,21.8,21.8,10.6,255,16.51,2.54,842.8,4.7,1601.0,33.70826,75.13044
JK-ANT,2021-03-18,10.0,17.0,4.9,71,91,6.6,6.6,10.4,258,19.97,3.18,844.1,4.6,1601.0,33.70826,75.13044
JK-ANT,2021-03-19,10.5,17.2,5.5,66,81,0.1,0.1,7.4,216,19.76,3.2,843.1,4.0,1601.0,33.70826,75.13044
JK-ANT,2021-03-20,10.5,18.1,3.7,65,81,0.0,0.0,6.2,244,21.63,3.47,840.7,3.9,1601.0,33.70826,75.13044
JK-ANT,2021-03-21,8.6,13.6,5.3,76,95,13.7,13.7,15.8,288,9.01,1.54,839.2,4.4,1601.0,33.70826,75.13044
JK-ANT,2021-03-22,6.4,11.2,3.5,93,100,19.9,19.9,13.8,297,9.77,1.4,841.4,5.3,1601.0,33.70826,75.13044
JK-ANT,2021-03-23,4.0,7.6,1.5,95,100,42.3,42.2,16.5,299,6.18,0.84,842.4,3.3,1601.0,33.70826,75.13044
JK-ANT,2021-03-24,4.2,9.2,1.1,92,100,7.0,7.0,15.6,301,12.34,1.5,844.8,2.9,1601.0,33.70826,75.13044
JK-ANT,2021-03-25,8.3,15.1,2.2,74,99,0.0,0.0,7.9,22,19.89,2.98,845.1,3.5,1601.0,33.70826,75.13044
JK-ANT,2021-03-26,9.9,17.1,2.2,59,78,0.0,0.0,7.7,301,23.6,3.72,843.6,1.9,1601.0,33.70826,75.13044
JK-ANT,2021-03-27,11.5,19.5,2.8,64,89,0.0,0.0,8.3,273,21.51,3.63,842.0,4.3,1601.0,33.70826,75.13044
JK-ANT,2021-03-28,12.7,18.9,7.2,65,92,1.3,1.3,14.3,282,19.08,3.29,840.1,6.0,1601.0,33.70826,75.13044
JK-ANT,2021-03-29,13.3,19.8,9.2,78,98,11.5,11.5,16.0,273,13.48,2.6,836.4,9.1,1601.0,33.70826,75.13044
JK-ANT,2021-03-30,9.7,15.5,6.1,83,100,15.3,15.3,13.0,267,12.58,2.01,835.8,6.7,1601.0,33.70826,75.13044
JK-ANT,2021-03-31,10.4,17.6,5.1,78,98,0.1,0.1,15.4,226,20.63,3.33,834.2,6.0,1601.0,33.70826,75.13044
JK-ANT,2021-04-01,10.7,18.7,4.2,61,95,0.0,0.0,10.0,280,24.24,4.05,833.0,2.2,1601.0,33.70826,75.13044
JK-ANT,2021-04-02,9.0,16.0,4.2,66,94,0.6,0.6,9.7,215,21.9,3.47,834.3,2.3,1601.0,33.70826,75.13044
JK-ANT,2021-04-03,9.1,17.0,1.6,51,76,0.0,0.0,9.7,301,25.34,4.04,840.3,-1.7,1601.0,33.70826,75.13044
JK-ANT,2021-04-04,8.6,15.6,3.0,55,89,1.8,1.8,11.8,292,15.23,2.72,843.0,-0.4,1601.0,33.70826,75.13044
JK-ANT,2021-04-05,6.7,12.5,2.0,89,100,20.3,20.1,11.0,270,14.46,1.98,843.2,4.8,1601.0,33.70826,75.13044
JK-ANT,2021-04-06,8.3,13.7,4.3,91,100,44.4,44.4,12.4,294,14.57,2.11,840.7,6.8,1601.0,33.70826,75.13044
JK-ANT,2021-04-07,10.0,16.4,4.2,77,96,25.5,25.5,19.4,290,21.4,3.35,841.7,5.7,1601.0,33.70826,75.13044
JK-ANT,2021-04-08,9.7,17.1,6.0,69,91,2.3,2.3,20.8,279,21.0,3.23,841.6,3.9,1601.0,33.70826,75.13044
JK-ANT,2021-04-09,10.6,17.3,4.8,70,97,0.0,0.0,8.7,165,23.39,3.77,843.3,4.7,1601.0,33.70826,75.13044
JK-ANT,2021-04-10,10.8,18.3,3.4,64,88,0.1,0.1,8.7,286,21.45,3.6,844.5,3.9,1601.0,33.70826,75.13044
JK-ANT,2021-04-11,9.5,13.8,5.8,75,93,7.4,7.4,10.6,282,12.63,2.01,845.7,5.1,1601.0,33.70826,75.13044
JK-ANT,2021-04-12,11.5,17.4,6.9,76,99,7.9,7.9,6.0,67,21.48,3.44,846.8,6.9,1601.0,33.70826,75.13044
JK-ANT,2021-04-13,11.5,17.8,5.3,72,95,3.6,3.6,9.2,311,19.21,3.21,845.2,6.2,1601.0,33.70826,75.13044
JK-ANT,2021-04-14,13.0,19.2,8.2,75,93,0.3,0.3,6.3,162,18.23,3.15,843.9,8.3,1601.0,33.70826,75.13044
JK-ANT,2021-04-15,8.3,12.6,5.2,88,100,7.9,7.9,24.3,274,8.04,1.17,843.3,6.3,1601.0,33.70826,75.13044
JK-ANT,2021-04-16,6.8,9.9,4.1,93,100,7.7,7.7,7.2,243,7.56,1.19,842.3,5.7,1601.0,33.70826,75.13044
JK-ANT,2021-04-17,8.6,11.6,6.3,91,98,20.0,20.0,9.7,288,9.84,1.55,840.6,7.1,1601.0,33.70826,75.13044
JK-ANT,2021-04-18,10.5,16.8,7.4,85,97,25.0,25.0,13.3,297,17.19,2.79,842.6,7.8,1601.0,33.70826,75.13044
JK-ANT,2021-04-19,10.7,17.9,5.8,74,98,8.5,8.5,8.3,322,23.96,3.81,841.7,5.5,1601.0,33.70826,75.13044
JK-ANT,2021-04-20,11.1,16.7,4.5,66,96,1.5,1.5,10.9,198,17.41,3.0,839.0,4.5,1601.0,33.70826,75.13044
JK-ANT,2021-04-21,10.8,16.0,6.4,76,97,1.5,1.5,5.7,151,13.91,2.35,838.6,6.4,1601.0,33.70826,75.13044
JK-ANT,2021-04-22,9.2,13.4,5.3,84,96,14.8,14.8,12.6,304,13.65,2.07,838.8,6.6,1601.0,33.70826,75.13044
JK-ANT,2021-04-23,7.9,13.0,3.8,82,100,11.1,11.1,13.7,289,14.2,2.13,840.6,4.7,1601.0,33.70826,75.13044
JK-ANT,2021-04-24,10.4,18.5,3.1,63,93,0.0,0.0,8.4,29,27.34,4.39,843.0,2.8,1601.0,33.70826,75.13044
JK-ANT,2021-04-25,12.3,20.6,3.9,54,84,0.0,0.0,6.6,343,27.61,4.6,843.9,2.5,1601.0,33.70826,75.13044
JK-ANT,2021-04-26,13.7,21.7,6.7,55,74,0.0,0.0,7.3,342,27.38,4.75,842.8,4.4,1601.0,33.70826,75.13044
JK-ANT,2021-04-27,14.5,22.5,7.4,59,76,0.0,0.0,6.6,249,26.96,4.77,843.2,6.2,1601.0,33.70826,75.13044
JK-ANT,2021-04-28,15.1,23.3,7.8,60,84,0.0,0.0,6.1,303,26.9,4.82,844.1,6.7,1601.0,33.70826,75.13044
JK-ANT,2021-04-29,15.2,22.3,9.3,66,87,0.0,0.0,9.8,133,23.79,4.3,844.0,8.5,1601.0,33.70826,75.13044
JK-ANT,2021-04-30,15.9,22.1,9.2,63,83,0.6,0.6,6.8,103,24.64,4.46,843.4,8.6,1601.0,33.70826,75.13044
JK-ANT,2021-05-01,15.4,22.4,9.9,68,93,0.0,0.0,8.2,140,24.28,4.4,842.8,9.2,1601.0,33.70826,75.13044
JK-ANT,2021-05-02,16.0,23.9,9.8,67,90,0.0,0.0,5.8,200,26.64,4.87,842.3,9.2,1601.0,33.70826,75.13044
JK-ANT,2021-05-03,16.7,24.5,9.4,64,86,0.0,0.0,8.2,204,26.62,4.98,840.1,9.0,1601.0,33.70826,75.13044
JK-ANT,2021-05-04,16.9,23.6,11.2,66,79,0.3,0.3,17.8,188,20.61,3.98,839.9,10.1,1601.0,33.70826,75.13044
JK-ANT,2021-05-05,15.1,18.8,12.8,83,98,5.5,5.5,7.7,260,15.27,2.79,842.1,12.2,1601.0,33.70826,75.13044
JK-ANT,2021-05-06,14.3,19.4,9.9,82,96,4.4,4.4,13.5,244,19.79,3.44,842.0,11.2,1601.0,33.70826,75.13044
JK-ANT,2021-05-07,14.6,19.3,10.8,78,93,0.9,0.9,6.1,195,14.65,2.66,842.5,10.4,1601.0,33.70826,75.13044
JK-ANT,2021-05-08,15.3,20.9,10.5,75,91,0.1,0.1,10.2,218,22.49,4.02,842.1,10.7,1601.0,33.70826,75.13044
JK-ANT,2021-05-09,15.5,20.7,10.6,76,98,0.3,0.3,6.2,178,22.27,3.97,840.5,11.1,1601.0,33.70826,75.13044
JK-ANT,2021-05-10,16.0,22.7,9.9,77,99,0.5,0.5,7.8,141,23.62,4.34,838.6,11.4,1601.0,33.70826,75.13044
JK-ANT,2021-05-11,14.9,19.6,12.0,82,99,5.1,5.1,9.2,166,16.86,2.99,839.1,11.7,1601.0,33.70826,75.13044
JK-ANT,2021-05-12,13.8,18.4,11.1,84,99,5.2,5.2,7.5,264,17.47,3.01,837.2,11.0,1601.0,33.70826,75.13044
JK-ANT,2021-05-13,13.5,18.9,9.9,84,100,8.6,8.6,7.3,269,17.81,3.06,837.1,10.6,1601.0,33.70826,75.13044
JK-ANT,2021-05-14,13.4,17.7,9.0,82,96,4.5,4.5,7.9,234,19.57,3.27,837.9,10.2,1601.0,33.70826,75.13044
JK-ANT,2021-05-15,13.9,20.0,8.9,78,98,2.6,2.6,10.2,250,21.18,3.73,840.5,9.8,1601.0,33.70826,75.13044
JK-ANT,2021-05-16,14.7,20.5,9.1,77,100,0.9,0.9,13.4,212,22.85,4.06,843.3,10.3,1601.0,33.70826,75.13044
JK-ANT,2021-05-17,14.6,20.6,9.4,78,98,1.1,1.1,9.1,245,22.65,3.95,843.2,10.6,1601.0,33.70826,75.13044
JK-ANT,2021-05-18,16.4,23.9,10.8,70,95,1.8,1.8,17.8,250,25.8,4.81,841.8,10.5,1601.0,33.70826,75.13044
JK-ANT,2021-05-19,16.1,22.1,10.7,76,99,0.2,0.2,10.5,286,24.49,4.47,838.9,11.5,1601.0,33.70826,75.13044
JK-ANT,2021-05-20,17.0,23.8,11.1,68,91,0.3,0.3,8.4,203,25.03,4.7,837.2,10.3,1601.0,33.70826,75.13044
JK-ANT,2021-05-21,14.2,18.9,10.6,81,98,4.2,4.2,9.7,113,21.3,3.65,839.8,10.8,1601.0,33.70826,75.13044
JK-ANT,2021-05-22,14.2,19.9,9.4,80,99,1.4,1.4,6.5,142,23.52,4.1,840.6,10.5,1601.0,33.70826,75.13044
JK-ANT,2021-05-23,12.6,17.4,9.2,82,99,1.7,1.7,8.7,267,11.24,1.99,841.0,9.6,1601.0,33.70826,75.13044
JK-ANT,2021-05-24,14.0,20.8,8.0,79,100,0.5,0.5,7.9,192,25.63,4.48,841.6,10.0,1601.0,33.70826,75.13044
JK-ANT,2021-05-25,16.0,22.9,9.7,64,83,0.0,0.0,10.8,190,26.55,4.85,839.6,8.8,1601.0,33.70826,75.13044
JK-ANT,2021-05-26,16.7,24.7,9.6,65,83,0.0,0.0,8.4,104,27.78,5.16,838.2,9.6,1601.0,33.70826,75.13044
JK-ANT,2021-05-27,18.2,26.5,10.7,61,83,0.0,0.0,6.9,109,28.04,5.35,838.5,10.1,1601.0,33.70826,75.13044
JK-ANT,2021-05-28,19.5,27.5,11.5,57,80,0.0,0.0,6.9,104,27.72,5.43,839.2,10.3,1601.0,33.70826,75.13044
JK-ANT,2021-05-29,20.2,27.9,13.2,58,82,0.0,0.0,6.6,196,26.15,5.17,839.9,10.9,1601.0,33.70826,75.13044
JK-ANT,2021-05-30,19.8,26.5,13.2,62,82,0.0,0.0,5.6,107,25.89,5.1,839.5,11.9,1601.0,33.70826,75.13044
JK-ANT,2021-05-31,18.5,25.2,13.8,70,96,2.4,2.4,9.4,121,21.85,4.25,837.5,12.5,1601.0,33.70826,75.13044
JK-ANT,2021-06-01,17.2,22.4,13.0,80,100,4.2,4.2,10.0,154,21.2,3.98,838.8,13.4,1601.0,33.70826,75.13044
JK-ANT,2021-06-02,17.7,23.5,12.1,73,96,0.1,0.1,8.1,194,24.59,4.67,839.7,12.3,1601.0,33.70826,75.13044
JK-ANT,2021-06-03,18.2,22.7,13.7,73,90,4.3,4.3,9.8,132,20.06,3.9,840.8,13.0,1601.0,33.70826,75.13044
JK-ANT,2021-06-04,18.6,24.8,14.0,76,94,4.7,4.7,6.9,151,24.19,4.67,841.4,13.9,1601.0,33.70826,75.13044
JK-ANT,2021-06-05,19.6,26.2,14.0,66,84,0.0,0.0,10.0,133,22.26,4.49,839.7,12.7,1601.0,33.70826,75.13044
JK-ANT,2021-06-06,20.9,28.4,14.2,63,87,0.0,0.0,8.5,140,27.74,5.62,839.4,12.9,1601.0,33.70826,75.13044
JK-ANT,2021-06-07,22.3,29.9,14.8,63,85,0.0,0.0,6.2,133,28.5,5.81,838.2,14.4,1601.0,33.70826,75.13044
JK-ANT,2021-06-08,23.6,31.4,15.5,62,91,0.0,0.0,6.4,146,28.77,5.99,837.2,15.1,1601.0,33.70826,75.13044
JK-ANT,2021-06-09,25.2,32.3,19.4,58,84,0.0,0.0,10.4,140,27.64,6.03,836.2,15.5,1601.0,33.70826,75.13044
JK-ANT,2021-06-10,25.0,33.0,18.3,57,84,0.0,0.0,13.1,160,26.9,5.81,835.3,14.8,1601.0,33.70826,75.13044
JK-ANT,2021-06-11,24.9,31.5,18.2,51,80,0.0,0.0,8.6,229,24.48,5.44,835.2,13.0,1601.0,33.70826,75.13044
JK-ANT,2021-06-12,24.0,31.3,17.9,54,83,0.0,0.0,10.1,218,25.53,5.59,835.5,13.0,1601.0,33.70826,75.13044
JK-ANT,2021-06-13,21.2,27.5,16.4,66,88,5.8,5.8,17.7,274,22.59,4.76,836.1,13.7,1601.0,33.70826,75.13044
JK-ANT,2021-06-14,19.0,23.7,14.8,74,95,4.2,4.2,10.8,220,20.97,4.09,835.3,13.7,1601.0,33.70826,75.13044
JK-ANT,2021-06-15,18.7,24.6,14.2,67,92,1.0,1.0,9.4,195,21.47,4.3,832.8,11.9,1601.0,33.70826,75.13044
JK-ANT,2021-06-16,18.9,23.4,13.6,66,88,1.9,1.9,10.8,129,17.76,3.67,834.4,12.0,1601.0,33.70826,75.13044
JK-ANT,2021-06-17,17.9,23.5,13.1,72,97,0.1,0.1,12.0,310,22.01,4.2,837.0,12.3,1601.0,33.70826,75.13044
JK-ANT,2021-06-18,19.1,25.6,13.5,67,94,0.0,0.0,6.5,202,22.45,4.46,837.5,12.0,1601.0,33.70826,75.13044
JK-ANT,2021-06-19,21.0,28.3,13.8,56,82,0.0,0.0,8.0,165,26.92,5.49,836.7,10.9,1601.0,33.70826,75.13044
JK-ANT,2021-06-20,21.4,27.3,15.6,54,79,0.0,0.0,10.0,213,23.86,5.03,837.3,11.2,1601.0,33.70826,75.13044
JK-ANT,2021-06-21,19.8,25.9,14.4,65,96,0.6,0.6,11.3,325,23.89,4.76,839.7,12.4,1601.0,33.70826,75.13044
JK-ANT,2021-06-22,20.4,27.9,13.4,57,83,0.1,0.1,13.3,241,25.86,5.28,839.1,10.7,1601.0,33.70826,75.13044
JK-ANT,2021-06-23,21.3,29.6,13.8,52,76,0.0,0.0,15.3,297,26.25,5.61,839.5,10.0,1601.0,33.70826,75.13044
JK-ANT,2021-06-24,20.9,27.7,14.3,53,76,0.8,0.8,12.5,274,25.78,5.37,839.4,10.2,1601.0,33.70826,75.13044
JK-ANT,2021-06-25,20.7,28.3,13.6,58,80,0.7,0.7,8.4,223,24.7,5.06,837.6,11.3,1601.0,33.70826,75.13044
JK-ANT,2021-06-26,19.9,26.1,14.3,64,86,0.2,0.2,8.5,200,22.84,4.52,839.7,12.4,1601.0,33.70826,75.13044
JK-ANT,2021-06-27,21.4,28.4,15.2,61,82,0.0,0.0,6.5,192,26.22,5.3,842.2,12.8,1601.0,33.70826,75.13044
JK-ANT,2021-06-28,22.2,30.1,14.2,58,88,0.0,0.0,7.7,169,26.34,5.42,840.6,12.5,1601.0,33.70826,75.13044
JK-ANT,2021-06-29,23.1,30.7,15.2,53,81,0.0,0.0,9.7,143,27.91,5.91,838.4,12.0,1601.0,33.70826,75.13044
JK-ANT,2021-06-30,24.2,31.6,17.0,52,76,0.0,0.0,9.2,132,26.59,5.78,836.5,12.5,1601.0,33.70826,75.13044
JK-ANT,2021-07-01,24.3,31.0,18.1,51,81,0.0,0.0,9.4,174,24.67,5.43,835.1,12.6,1601.0,33.70826,75.13044
JK-ANT,2021-07-02,22.7,29.0,16.6,57,80,0.2,0.2,9.2,207,24.12,5.12,836.0,13.0,1601.0,33.70826,75.13044
JK-ANT,2021-07-03,20.7,25.5,16.0,70,96,5.4,5.4,8.4,211,22.36,4.48,838.3,14.7,1601.0,33.70826,75.13044
JK-ANT,2021-07-04,21.5,28.1,14.7,62,86,0.4,0.4,6.3,168,24.25,4.89,839.2,13.4,1601.0,33.70826,75.13044
JK-ANT,2021-07-05,22.0,28.5,16.6,60,88,0.0,0.0,10.5,167,23.41,4.9,839.6,13.3,1601.0,33.70826,75.13044
JK-ANT,2021-07-06,22.4,29.8,15.9,63,88,0.0,0.0,13.4,199,24.63,5.21,838.9,14.2,1601.0,33.70826,75.13044
JK-ANT,2021-07-07,22.5,29.0,16.2,60,82,1.0,1.0,13.0,201,23.0,4.9,838.1,13.8,1601.0,33.70826,75.13044
JK-ANT,2021-07-08,23.6,30.7,16.5,60,84,0.0,0.0,10.2,149,27.39,5.75,837.2,14.5,1601.0,33.70826,75.13044
JK-ANT,2021-07-09,24.9,31.9,18.9,61,83,0.0,0.0,13.5,133,26.3,5.75,837.2,16.2,1601.0,33.70826,75.13044
JK-ANT,2021-07-10,25.6,32.2,19.6,60,81,0.0,0.0,6.7,140,24.34,5.3,837.3,16.6,1601.0,33.70826,75.13044
JK-ANT,2021-07-11,25.5,31.8,20.3,63,84,0.1,0.1,11.0,133,24.58,5.35,837.9,17.4,1601.0,33.70826,75.13044
JK-ANT,2021-07-12,20.4,23.3,17.9,84,96,75.1,75.1,12.9,177,4.73,1.2,838.4,17.5,1601.0,33.70826,75.13044
JK-ANT,2021-07-13,20.5,25.4,16.3,73,92,3.9,3.9,12.6,165,19.13,3.84,839.4,15.3,1601.0,33.70826,75.13044
JK-ANT,2021-07-14,19.3,22.4,15.7,82,97,1.3,1.3,8.2,195,12.99,2.61,839.6,16.1,1601.0,33.70826,75.13044
JK-ANT,2021-07-15,22.9,29.7,17.2,71,95,0.0,0.0,9.8,152,26.46,5.48,840.0,16.6,1601.0,33.70826,75.13044
JK-ANT,2021-07-16,24.1,31.1,17.9,65,89,0.0,0.0,12.1,159,27.85,5.9,840.7,16.3,1601.0,33.70826,75.13044
JK-ANT,2021-07-17,25.3,32.1,18.6,65,89,0.0,0.0,10.0,156,27.43,5.89,838.4,17.4,1601.0,33.70826,75.13044
JK-ANT,2021-07-18,26.8,33.3,20.8,65,91,0.0,0.0,10.3,157,26.12,5.85,835.1,19.0,1601.0,33.70826,75.13044
JK-ANT,2021-07-19,23.9,28.7,20.4,80,97,9.5,9.5,10.7,61,19.11,4.04,834.0,19.9,1601.0,33.70826,75.13044
JK-ANT,2021-07-20,20.5,24.6,17.8,87,98,19.5,19.5,11.8,320,9.61,2.03,834.4,18.1,1601.0,33.70826,75.13044
JK-ANT,2021-07-21,19.4,26.3,15.6,82,99,1.3,1.3,9.7,305,17.33,3.49,834.5,16.1,1601.0,33.70826,75.13044
JK-ANT,2021-07-22,20.3,26.4,14.6,75,99,0.3,0.3,6.6,178,23.72,4.7,834.3,15.2,1601.0,33.70826,75.13044
JK-ANT,2021-07-23,22.8,28.3,18.1,63,81,0.0,0.0,7.3,181,16.55,3.61,835.6,14.8,1601.0,33.70826,75.13044
JK-ANT,2021-07-24,25.2,31.3,20.8,62,93,0.0,0.0,10.6,171,25.39,5.48,836.7,16.9,1601.0,33.70826,75.13044
JK-ANT,2021-07-25,26.0,32.6,20.1,68,93,0.0,0.0,9.0,151,26.11,5.62,835.5,18.9,1601.0,33.70826,75.13044
JK-ANT,2021-07-26,26.9,32.7,22.3,66,88,0.0,0.0,11.6,155,21.6,4.92,834.1,19.7,1601.0,33.70826,75.13044
JK-ANT,2021-07-27,27.0,32.6,23.0,68,93,4.1,4.1,9.2,128,20.83,4.76,831.8,20.1,1601.0,33.70826,75.13044
JK-ANT,2021-07-28,22.1,25.1,20.6,91,98,20.1,20.1,12.1,327,9.54,2.02,832.5,20.5,1601.0,33.70826,75.13044
JK-ANT,2021-07-29,22.8,27.9,19.3,80,99,7.0,7.0,8.4,137,18.23,3.82,833.7,18.9,1601.0,33.70826,75.13044
JK-ANT,2021-07-30,21.0,23.3,18.7,84,98,10.3,10.3,8.5,163,12.44,2.5,835.6,18.1,1601.0,33.70826,75.13044
JK-ANT,2021-07-31,21.8,26.1,18.2,80,97,1.5,1.5,10.5,183,20.06,4.01,837.0,18.0,1601.0,33.70826,75.13044
JK-ANT,2021-08-01,21.4,25.3,17.9,81,96,0.7,0.7,9.1,171,20.15,3.98,835.3,17.8,1601.0,33.70826,75.13044
JK-ANT,2021-08-02,21.8,25.9,17.6,79,99,0.1,0.1,11.9,178,21.45,4.27,836.1,17.7,1601.0,33.70826,75.13044
JK-ANT,2021-08-03,23.3,28.5,18.8,71,88,0.0,0.0,10.3,179,24.18,5.0,837.0,17.4,1601.0,33.70826,75.13044
JK-ANT,2021-08-04,22.7,27.3,18.5,70,87,0.0,0.0,9.3,189,22.01,4.51,837.4,16.5,1601.0,33.70826,75.13044
JK-ANT,2021-08-05,22.9,28.6,18.2,69,88,1.2,1.2,12.1,193,23.91,4.95,836.7,16.4,1601.0,33.70826,75.13044
JK-ANT,2021-08-06,22.2,28.1,17.3,68,86,0.6,0.6,10.2,194,22.59,4.71,837.0,15.5,1601.0,33.70826,75.13044
JK-ANT,2021-08-07,23.0,29.4,17.7,62,84,0.0,0.0,12.9,170,23.46,4.93,838.3,14.7,1601.0,33.70826,75.13044
JK-ANT,2021-08-08,23.6,30.0,18.4,62,83,0.0,0.0,11.9,170,23.71,5.05,839.1,15.2,1601.0,33.70826,75.13044
JK-ANT,2021-08-09,22.2,28.0,17.4,67,94,0.0,0.0,10.5,195,22.58,4.66,839.3,15.2,1601.0,33.70826,75.13044
JK-ANT,2021-08-10,22.8,28.7,17.2,60,77,0.0,0.0,8.8,205,23.67,4.91,838.1,14.1,1601.0,33.70826,75.13044
JK-ANT,2021-08-11,23.7,30.7,18.2,59,88,0.0,0.0,10.7,143,24.62,5.23,837.9,14.4,1601.0,33.70826,75.13044
JK-ANT,2021-08-12,24.0,30.0,18.6,65,88,0.0,0.0,7.9,175,22.44,4.74,838.9,16.3,1601.0,33.70826,75.13044
JK-ANT,2021-08-13,24.5,31.0,18.4,61,87,0.0,0.0,8.9,147,23.27,5.04,837.4,15.4,1601.0,33.70826,75.13044
JK-ANT,2021-08-14,22.3,27.7,18.0,67,90,3.2,3.2,6.6,208,20.5,4.15,836.1,15.3,1601.0,33.70826,75.13044
JK-ANT,2021-08-15,16.5,19.7,14.4,89,98,13.4,13.4,7.6,288,9.96,1.85,838.0,14.6,1601.0,33.70826,75.13044
JK-ANT,2021-08-16,18.6,26.3,11.9,73,99,0.0,0.0,5.1,192,25.04,4.7,840.7,13.0,1601.0,33.70826,75.13044
JK-ANT,2021-08-17,20.5,28.1,14.5,60,80,0.0,0.0,5.5,160,26.7,5.22,840.1,11.9,1601.0,33.70826,75.13044
JK-ANT,2021-08-18,21.9,30.0,15.7,55,84,0.0,0.0,5.4,168,25.98,5.16,838.1,11.5,1601.0,33.70826,75.13044
JK-ANT,2021-08-19,22.4,29.9,16.4,61,85,0.0,0.0,8.0,172,24.33,4.99,837.5,13.5,1601.0,33.70826,75.13044
JK-ANT,2021-08-20,23.3,30.0,18.2,60,82,0.0,0.0,11.0,144,22.09,4.7,839.5,14.3,1601.0,33.70826,75.13044
JK-ANT,2021-08-21,22.6,29.1,16.6,64,88,0.0,0.0,10.4,151,21.29,4.53,841.4,14.5,1601.0,33.70826,75.13044
JK-ANT,2021-08-22,20.9,23.1,18.7,72,92,0.6,0.6,8.2,152,5.97,1.59,841.0,15.5,1601.0,33.70826,75.13044
JK-ANT,2021-08-23,22.8,29.1,17.1,67,92,0.0,0.0,11.6,179,20.61,4.43,838.7,15.5,1601.0,33.70826,75.13044
JK-ANT,2021-08-24,23.9,31.0,17.6,64,91,0.0,0.0,11.0,148,21.9,4.67,837.2,15.8,1601.0,33.70826,75.13044
JK-ANT,2021-08-25,24.3,31.7,17.7,65,93,0.0,0.0,12.6,144,23.43,5.05,835.5,16.1,1601.0,33.70826,75.13044
JK-ANT,2021-08-26,24.5,31.7,17.8,61,88,0.0,0.0,12.1,158,22.24,4.84,834.4,15.5,1601.0,33.70826,75.13044
JK-ANT,2021-08-27,25.0,32.1,18.5,58,84,0.0,0.0,7.1,173,21.9,4.8,836.1,15.3,1601.0,33.70826,75.13044
JK-ANT,2021-08-28,23.4,29.7,18.4,59,80,0.0,0.0,8.4,199,20.71,4.42,837.2,14.3,1601.0,33.70826,75.13044
JK-ANT,2021-08-29,21.0,26.3,16.3,67,98,2.2,2.2,9.2,260,17.28,3.53,838.9,13.9,1601.0,33.70826,75.13044
JK-ANT,2021-08-30,21.6,28.4,15.0,56,85,0.0,0.0,6.1,178,21.98,4.48,841.1,11.4,1601.0,33.70826,75.13044
JK-ANT,2021-08-31,20.5,25.8,15.9,60,82,1.1,1.1,10.9,185,18.16,3.81,842.8,11.9,1601.0,33.70826,75.13044
JK-ANT,2021-09-01,20.7,26.8,15.0,60,85,0.0,0.0,7.6,195,21.46,4.32,843.2,11.7,1601.0,33.70826,75.13044
JK-ANT,2021-09-02,21.8,29.3,15.5,54,80,0.0,0.0,10.8,166,22.86,4.71,840.6,11.0,1601.0,33.70826,75.13044
JK-ANT,2021-09-03,22.5,29.3,16.0,58,85,0.0,0.0,11.5,144,21.88,4.7,839.3,12.6,1601.0,33.70826,75.13044
JK-ANT,2021-09-04,23.0,30.7,16.9,58,86,0.0,0.0,5.4,163,22.31,4.59,838.7,13.2,1601.0,33.70826,75.13044
JK-ANT,2021-09-05,23.8,31.2,17.7,55,77,0.0,0.0,13.7,146,21.2,4.66,838.7,13.3,1601.0,33.70826,75.13044
JK-ANT,2021-09-06,24.4,31.4,18.8,55,78,0.0,0.0,10.7,133,20.78,4.48,840.4,13.8,1601.0,33.70826,75.13044
JK-ANT,2021-09-07,24.1,30.2,19.0,60,79,0.0,0.0,9.5,149,18.26,4.04,841.3,15.1,1601.0,33.70826,75.13044
JK-ANT,2021-09-08,21.3,26.4,19.3,80,98,11.1,11.1,7.0,194,10.96,2.36,840.7,17.3,1601.0,33.70826,75.13044
JK-ANT,2021-09-09,20.4,23.5,17.9,82,98,1.3,1.3,8.5,206,13.86,2.77,840.0,17.0,1601.0,33.70826,75.13044
JK-ANT,2021-09-10,20.6,25.0,17.4,76,94,1.6,1.6,6.9,237,16.82,3.35,840.1,15.9,1601.0,33.70826,75.13044
JK-ANT,2021-09-11,16.6,18.2,14.7,95,100,29.7,29.7,8.5,271,6.61,1.27,840.1,15.9,1601.0,33.70826,75.13044
JK-ANT,2021-09-12,16.5,20.8,13.6,89,100,21.1,21.1,6.8,149,10.78,2.01,838.7,14.5,1601.0,33.70826,75.13044
JK-ANT,2021-09-13,19.0,24.9,14.4,76,95,0.0,0.0,6.4,155,20.61,3.94,838.4,14.3,1601.0,33.70826,75.13044
JK-ANT,2021-09-14,19.9,26.6,14.9,71,88,0.0,0.0,6.5,162,22.05,4.26,840.8,14.1,1601.0,33.70826,75.13044
JK-ANT,2021-09-15,20.5,26.2,16.1,68,82,0.0,0.0,6.5,170,21.41,4.19,841.5,14.1,1601.0,33.70826,75.13044
JK-ANT,2021-09-16,20.7,27.0,14.6,65,82,0.0,0.0,6.1,169,22.46,4.35,838.7,13.5,1601.0,33.70826,75.13044
JK-ANT,2021-09-17,21.1,27.6,14.4,67,88,0.0,0.0,5.9,172,22.59,4.38,838.2,14.2,1601.0,33.70826,75.13044
JK-ANT,2021-09-18,21.8,28.6,16.9,64,81,0.0,0.0,6.8,179,22.45,4.43,840.2,14.3,1601.0,33.70826,75.13044
JK-ANT,2021-09-19,21.6,28.1,15.4,64,86,0.0,0.0,7.0,166,18.62,3.77,841.7,13.9,1601.0,33.70826,75.13044
JK-ANT,2021-09-20,21.0,27.1,16.5,68,88,1.9,1.9,8.4,170,15.2,3.2,841.1,14.4,1601.0,33.70826,75.13044
JK-ANT,2021-09-21,21.0,26.4,15.8,68,91,0.2,0.2,8.5,186,17.51,3.53,840.6,14.5,1601.0,33.70826,75.13044
JK-ANT,2021-09-22,20.1,25.7,15.4,67,87,0.0,0.0,7.8,201,17.98,3.54,840.0,13.4,1601.0,33.70826,75.13044
JK-ANT,2021-09-23,19.0,24.3,14.9,71,92,0.3,0.3,8.2,168,16.18,3.19,841.2,13.2,1601.0,33.70826,75.13044
JK-ANT,2021-09-24,19.7,25.5,15.2,66,87,0.0,0.0,13.1,178,18.39,3.71,843.0,12.7,1601.0,33.70826,75.13044
JK-ANT,2021-09-25,20.3,27.8,14.1,61,85,0.0,0.0,8.4,158,20.98,4.16,841.1,11.7,1601.0,33.70826,75.13044
JK-ANT,2021-09-26,20.6,28.5,13.7,61,88,0.0,0.0,5.8,175,21.29,4.15,840.3,11.6,1601.0,33.70826,75.13044
JK-ANT,2021-09-27,21.4,29.2,14.4,63,88,0.0,0.0,14.9,157,19.79,4.02,841.6,12.9,1601.0,33.70826,75.13044
JK-ANT,2021-09-28,22.0,28.7,16.5,62,86,0.0,0.0,5.8,175,18.06,3.66,842.7,13.5,1601.0,33.70826,75.13044
JK-ANT,2021-09-29,21.8,29.1,16.1,65,92,0.0,0.0,9.5,173,18.88,3.87,843.2,14.1,1601.0,33.70826,75.13044
JK-ANT,2021-09-30,21.9,29.1,16.1,64,86,0.0,0.0,11.8,162,19.24,4.01,843.2,13.9,1601.0,33.70826,75.13044
JK-ANT,2021-10-01,22.3,28.7,16.9,61,84,0.0,0.0,9.2,176,17.34,3.71,842.9,13.9,1601.0,33.70826,75.13044
JK-ANT,2021-10-02,20.6,26.5,15.5,64,99,2.2,2.2,8.9,219,15.85,3.27,842.4,12.8,1601.0,33.70826,75.13044
JK-ANT,2021-10-03,19.8,26.2,15.2,68,96,3.2,3.2,9.4,235,16.95,3.36,841.1,13.0,1601.0,33.70826,75.13044
JK-ANT,2021-10-04,18.1,25.3,13.0,68,98,2.9,2.9,10.0,278,17.56,3.42,840.4,11.1,1601.0,33.70826,75.13044
JK-ANT,2021-10-05,18.3,26.3,12.5,59,85,0.0,0.0,10.0,205,17.83,3.51,842.7,8.9,1601.0,33.70826,75.13044
JK-ANT,2021-10-06,17.8,26.7,11.7,53,78,0.0,0.0,7.5,194,19.97,3.78,842.8,6.9,1601.0,33.70826,75.13044
JK-ANT,2021-10-07,18.4,27.1,11.1,46,64,0.0,0.0,7.0,215,19.97,3.86,840.4,5.6,1601.0,33.70826,75.13044
JK-ANT,2021-10-08,18.8,27.3,13.5,49,75,0.0,0.0,6.5,194,19.22,3.65,839.3,6.7,1601.0,33.70826,75.13044
JK-ANT,2021-10-09,17.8,26.4,11.7,53,83,0.0,0.0,7.1,157,19.53,3.74,840.2,6.5,1601.0,33.70826,75.13044
JK-ANT,2021-10-10,17.9,26.4,12.1,50,85,1.5,1.5,17.9,169,16.37,3.77,840.3,5.6,1601.0,33.70826,75.13044
JK-ANT,2021-10-11,12.9,18.7,8.8,77,98,5.2,5.2,12.3,275,12.56,2.19,841.8,8.7,1601.0,33.70826,75.13044
JK-ANT,2021-10-12,14.0,20.3,8.7,65,96,0.0,0.0,12.1,220,16.96,3.03,842.1,6.7,1601.0,33.70826,75.13044
JK-ANT,2021-10-13,15.2,22.4,11.0,53,76,0.0,0.0,11.9,153,17.2,3.16,841.6,5.2,1601.0,33.70826,75.13044
JK-ANT,2021-10-14,15.0,22.9,9.1,55,73,0.0,0.0,9.0,192,17.94,3.24,842.4,5.3,1601.0,33.70826,75.13044
JK-ANT,2021-10-15,16.1,23.6,10.9,51,79,0.0,0.0,7.6,187,18.15,3.26,841.1,5.3,1601.0,33.70826,75.13044
JK-ANT,2021-10-16,16.7,24.9,11.5,51,73,0.0,0.0,7.2,130,16.92,3.08,841.3,5.9,1601.0,33.70826,75.13044
JK-ANT,2021-10-17,13.0,16.0,10.3,75,96,8.1,8.1,9.4,32,10.51,1.83,842.8,8.4,1601.0,33.70826,75.13044
JK-ANT,2021-10-18,10.8,13.2,8.5,93,99,10.9,10.9,8.3,339,5.96,1.01,839.7,9.6,1601.0,33.70826,75.13044
JK-ANT,2021-10-19,12.5,18.9,7.2,79,100,0.0,0.0,6.2,189,15.83,2.61,841.0,8.7,1601.0,33.70826,75.13044
JK-ANT,2021-10-20,13.3,19.9,8.0,66,90,0.0,0.0,6.9,219,16.92,2.87,842.7,6.6,1601.0,33.70826,75.13044
JK-ANT,2021-10-21,13.5,20.3,8.1,61,73,0.0,0.0,5.4,263,16.93,2.86,842.3,5.9,1601.0,33.70826,75.13044
JK-ANT,2021-10-22,13.5,22.9,7.7,61,88,9.3,9.3,20.6,210,15.22,3.04,840.1,5.4,1601.0,33.70826,75.13044
JK-ANT,2021-10-23,5.8,9.1,4.0,96,100,72.7,72.7,13.5,302,4.01,0.55,842.9,5.2,1601.0,33.70826,75.13044
JK-ANT,2021-10-24,4.9,7.4,3.2,93,100,18.0,18.0,9.0,313,4.86,0.73,844.5,3.9,1601.0,33.70826,75.13044
JK-ANT,2021-10-25,7.5,13.2,2.9,81,100,4.8,4.3,9.8,262,12.57,1.82,845.8,4.1,1601.0,33.70826,75.13044
JK-ANT,2021-10-26,7.7,14.3,2.7,72,92,0.0,0.0,8.3,209,15.0,2.26,842.8,2.6,1601.0,33.70826,75.13044
JK-ANT,2021-10-27,9.2,16.2,4.1,67,88,0.0,0.0,6.8,91,16.06,2.51,845.0,3.0,1601.0,33.70826,75.13044
JK-ANT,2021-10-28,8.4,15.4,3.4,62,82,0.0,0.0,7.2,266,16.04,2.4,845.5,1.1,1601.0,33.70826,75.13044
JK-ANT,2021-10-29,8.5,15.6,4.4,62,87,0.0,0.0,10.8,255,15.71,2.49,846.4,1.2,1601.0,33.70826,75.13044
JK-ANT,2021-10-30,8.4,16.1,4.1,64,83,0.0,0.0,5.4,265,15.68,2.41,846.1,1.5,1601.0,33.70826,75.13044
JK-ANT,2021-10-31,9.1,16.0,3.8,50,65,0.0,0.0,6.5,319,15.6,2.43,843.9,-0.9,1601.0,33.70826,75.13044
JK-ANT,2021-11-01,9.1,15.7,5.9,60,87,0.0,0.0,11.5,269,13.76,2.19,843.3,1.3,1601.0,33.70826,75.13044
JK-ANT,2021-11-02,8.4,13.4,4.9,72,91,0.0,0.0,7.1,123,11.69,1.79,845.2,3.5,1601.0,33.70826,75.13044
JK-ANT,2021-11-03,8.6,15.1,3.6,70,95,0.2,0.2,11.4,330,14.48,2.24,845.0,3.0,1601.0,33.70826,75.13044
JK-ANT,2021-11-04,7.5,13.9,2.2,67,93,0.0,0.0,12.3,255,13.96,2.08,843.4,1.3,1601.0,33.70826,75.13044
JK-ANT,2021-11-05,4.7,8.0,0.5,79,100,1.3,0.8,14.4,271,4.53,0.83,843.7,1.2,1601.0,33.70826,75.13044
JK-ANT,2021-11-06,5.5,11.7,0.0,78,100,1.7,0.4,6.6,311,13.18,1.72,844.2,1.6,1601.0,33.70826,75.13044
JK-ANT,2021-11-07,7.2,13.6,1.1,71,96,0.0,0.0,8.8,261,14.24,2.02,842.6,1.7,1601.0,33.70826,75.13044
JK-ANT,2021-11-08,8.1,14.4,1.6,64,88,0.0,0.0,6.0,310,14.3,2.07,844.4,1.5,1601.0,33.70826,75.13044
JK-ANT,2021-11-09,7.7,14.1,1.5,58,79,0.0,0.0,8.9,293,14.3,2.1,843.8,-0.3,1601.0,33.70826,75.13044
JK-ANT,2021-11-10,8.0,14.6,2.0,59,80,0.0,0.0,6.7,302,14.15,2.07,843.0,0.2,1601.0,33.70826,75.13044
JK-ANT,2021-11-11,7.8,14.5,2.4,55,78,0.0,0.0,8.4,279,14.08,2.09,842.3,-1.0,1601.0,33.70826,75.13044
JK-ANT,2021-11-12,8.1,15.1,0.9,56,75,0.0,0.0,7.6,280,14.0,2.09,842.6,-0.5,1601.0,33.70826,75.13044
JK-ANT,2021-11-13,8.3,14.9,4.1,53,74,0.0,0.0,6.3,274,13.87,2.06,842.6,-0.9,1601.0,33.70826,75.13044
JK-ANT,2021-11-14,7.9,15.5,3.6,53,72,0.0,0.0,8.4,297,13.81,2.06,839.7,-1.2,1601.0,33.70826,75.13044
JK-ANT,2021-11-15,6.2,13.6,0.1,58,77,0.0,0.0,7.6,264,13.53,1.94,840.1,-1.6,1601.0,33.70826,75.13044
JK-ANT,2021-11-16,6.4,12.8,1.0,51,64,0.0,0.0,6.2,313,13.31,1.91,842.2,-3.3,1601.0,33.70826,75.13044
JK-ANT,2021-11-17,6.3,11.8,-0.2,53,75,0.0,0.0,7.5,304,13.54,1.85,842.5,-3.0,1601.0,33.70826,75.13044
JK-ANT,2021-11-18,7.9,13.1,3.1,51,68,0.0,0.0,7.4,302,12.15,1.82,840.8,-1.8,1601.0,33.70826,75.13044
JK-ANT,2021-11-19,7.8,13.8,2.6,52,73,0.0,0.0,6.9,286,13.17,1.92,840.1,-1.6,1601.0,33.70826,75.13044
JK-ANT,2021-11-20,7.2,12.2,3.5,53,71,0.0,0.0,6.6,264,13.09,1.78,840.3,-2.0,1601.0,33.70826,75.13044
JK-ANT,2021-11-21,7.6,12.7,3.3,52,71,0.0,0.0,6.8,249,12.92,1.82,842.4,-1.9,1601.0,33.70826,75.13044
JK-ANT,2021-11-22,7.0,14.3,2.7,52,69,0.0,0.0,5.7,302,12.92,1.86,841.6,-2.4,1601.0,33.70826,75.13044
JK-ANT,2021-11-23,7.1,13.8,2.5,51,68,0.0,0.0,8.8,288,12.9,1.89,840.6,-2.6,1601.0,33.70826,75.13044
JK-ANT,2021-11-24,7.5,11.0,4.5,53,69,0.0,0.0,8.4,260,10.59,1.54,841.1,-1.6,1601.0,33.70826,75.13044
JK-ANT,2021-11-25,8.4,14.7,3.8,57,68,0.0,0.0,6.9,252,12.21,1.85,842.9,0.2,1601.0,33.70826,75.13044
JK-ANT,2021-11-26,6.2,12.9,0.0,61,81,0.0,0.0,9.4,278,12.21,1.76,842.1,-0.9,1601.0,33.70826,75.13044
JK-ANT,2021-11-27,7.4,12.6,1.7,61,83,0.0,0.0,7.2,253,11.65,1.7,842.0,0.0,1601.0,33.70826,75.13044
JK-ANT,2021-11-28,7.3,12.9,2.7,60,73,0.0,0.0,7.8,223,11.39,1.63,844.5,-0.1,1601.0,33.70826,75.13044
JK-ANT,2021-11-29,6.4,11.9,0.4,62,84,0.0,0.0,8.3,243,11.93,1.66,845.3,-0.7,1601.0,33.70826,75.13044
JK-ANT,2021-11-30,6.0,10.6,0.3,58,81,0.0,0.0,5.9,283,10.8,1.47,843.8,-1.8,1601.0,33.70826,75.13044
JK-ANT,2021-12-01,6.8,11.1,1.1,57,77,0.0,0.0,7.8,318,12.16,1.64,843.4,-1.2,1601.0,33.70826,75.13044
JK-ANT,2021-12-02,6.9,11.5,2.9,58,76,0.0,0.0,8.0,319,9.04,1.35,843.8,-0.8,1601.0,33.70826,75.13044
JK-ANT,2021-12-03,7.8,13.8,2.7,62,75,0.0,0.0,8.3,230,11.73,1.69,844.0,0.8,1601.0,33.70826,75.13044
JK-ANT,2021-12-04,7.2,11.9,4.1,67,84,10.1,10.1,7.4,295,11.07,1.55,843.1,1.2,1601.0,33.70826,75.13044
JK-ANT,2021-12-05,4.9,10.5,0.4,90,100,1.8,1.8,11.5,310,8.69,1.08,841.7,3.2,1601.0,33.70826,75.13044
JK-ANT,2021-12-06,4.5,9.4,0.6,78,96,0.0,0.0,8.4,316,8.96,1.21,844.7,0.8,1601.0,33.70826,75.13044
JK-ANT,2021-12-07,3.1,9.0,-2.3,71,87,0.0,0.0,6.5,305,11.37,1.45,845.3,-1.9,1601.0,33.70826,75.13044
JK-ANT,2021-12-08,4.1,9.5,-1.9,58,75,0.0,0.0,6.8,271,11.65,1.53,844.0,-3.7,1601.0,33.70826,75.13044
JK-ANT,2021-12-09,4.7,10.0,-0.5,64,91,0.0,0.0,8.5,244,11.33,1.5,846.9,-1.9,1601.0,33.70826,75.13044
JK-ANT,2021-12-10,3.9,9.6,-0.4,60,77,0.0,0.0,9.7,351,11.71,1.56,848.2,-3.4,1601.0,33.70826,75.13044
JK-ANT,2021-12-11,1.3,8.2,-3.8,58,80,0.0,0.0,7.5,303,11.85,1.51,845.4,-6.5,1601.0,33.70826,75.13044
JK-ANT,2021-12-12,0.3,4.8,-4.2,56,72,0.0,0.0,5.4,266,9.27,1.14,844.4,-7.8,1601.0,33.70826,75.13044
JK-ANT,2021-12-13,2.6,7.2,-2.6,45,63,0.0,0.0,8.3,285,11.24,1.44,842.5,-8.2,1601.0,33.70826,75.13044
JK-ANT,2021-12-14,-0.8,2.5,-4.5,76,96,18.8,0.2,13.4,306,11.24,1.02,840.8,-4.8,1601.0,33.70826,75.13044
JK-ANT,2021-12-15,-2.4,0.2,-5.4,85,99,0.0,0.0,8.4,216,11.32,0.98,842.8,-4.8,1601.0,33.70826,75.13044
JK-ANT,2021-12-16,-1.9,1.7,-6.4,68,92,0.1,0.0,10.0,304,11.52,1.06,841.3,-7.4,1601.0,33.70826,75.13044
JK-ANT,2021-12-17,-1.7,2.1,-4.8,53,65,0.0,0.0,7.5,96,12.16,1.15,842.7,-10.1,1601.0,33.70826,75.13044
JK-ANT,2021-12-18,-2.8,1.8,-5.3,46,60,0.0,0.0,8.3,339,12.77,1.15,843.8,-12.9,1601.0,33.70826,75.13044
JK-ANT,2021-12-19,-2.6,2.2,-5.6,40,57,0.0,0.0,7.3,332,12.68,1.28,844.6,-14.7,1601.0,33.70826,75.13044
JK-ANT,2021-12-20,-3.2,2.6,-10.6,52,72,0.0,0.0,8.4,312,11.63,1.19,842.6,-12.1,1601.0,33.70826,75.13044
JK-ANT,2021-12-21,-0.8,4.7,-7.3,52,68,0.0,0.0,9.5,339,12.38,1.31,841.4,-9.6,1601.0,33.70826,75.13044
JK-ANT,2021-12-22,1.3,6.1,-3.0,58,75,0.0,0.0,7.3,299,11.63,1.34,840.3,-6.2,1601.0,33.70826,75.13044
JK-ANT,2021-12-23,0.6,1.7,-1.5,74,83,9.8,0.1,7.9,197,9.02,0.94,840.5,-3.6,1601.0,33.70826,75.13044
JK-ANT,2021-12-24,-0.1,2.2,-3.4,85,99,7.7,0.5,7.1,148,10.15,0.98,840.8,-2.3,1601.0,33.70826,75.13044
JK-ANT,2021-12-25,0.1,2.9,-2.3,83,100,0.8,0.1,8.3,284,10.25,1.0,842.1,-2.6,1601.0,33.70826,75.13044
JK-ANT,2021-12-26,-1.6,-0.1,-3.4,89,100,4.4,0.0,6.7,259,6.63,0.66,842.2,-3.2,1601.0,33.70826,75.13044
JK-ANT,2021-12-27,-2.6,-0.5,-3.9,93,100,3.9,0.0,9.2,269,9.3,0.77,843.9,-3.6,1601.0,33.70826,75.13044
JK-ANT,2021-12-28,-2.5,0.4,-6.3,83,97,0.0,0.0,4.7,181,11.39,1.04,844.3,-5.1,1601.0,33.70826,75.13044
JK-ANT,2021-12-29,-1.9,0.6,-5.5,68,83,0.0,0.0,7.2,323,12.11,1.06,844.2,-7.1,1601.0,33.70826,75.13044
JK-ANT,2021-12-30,-1.9,1.4,-5.1,53,73,0.0,0.0,5.9,338,11.13,1.09,847.9,-10.4,1601.0,33.70826,75.13044
JK-ANT,2021-12-31,-2.1,2.1,-6.3,67,87,0.0,0.0,6.0,314,11.94,1.14,847.9,-7.7,1601.0,33.70826,75.13044
JK-ANT,2022-01-01,-2.3,0.1,-6.3,63,82,1.2,0.0,5.7,278,8.91,0.9,846.4,-8.5,1601.0,33.70826,75.13044
JK-ANT,2022-01-02,-2.4,0.6,-6.1,86,99,0.4,0.0,7.5,244,8.95,0.83,846.3,-4.5,1601.0,33.70826,75.13044
JK-ANT,2022-01-03,-2.2,1.6,-5.6,84,100,1.1,0.0,8.1,305,9.11,0.93,845.8,-4.7,1601.0,33.70826,75.13044
JK-ANT,2022-01-04,-3.2,-1.1,-5.0,96,100,9.7,1.7,13.4,286,6.53,0.53,842.5,-3.8,1601.0,33.70826,75.13044
JK-ANT,2022-01-05,-1.6,-0.2,-2.3,97,100,38.6,8.8,12.3,309,4.49,0.46,839.1,-1.9,1601.0,33.70826,75.13044
JK-ANT,2022-01-06,-1.5,-0.2,-2.6,98,100,14.0,0.0,3.6,259,7.75,0.75,841.8,-1.7,1601.0,33.70826,75.13044
JK-ANT,2022-01-07,-2.1,-1.2,-3.0,94,100,27.9,0.0,9.5,309,4.16,0.43,841.3,-2.9,1601.0,33.70826,75.13044
JK-ANT,2022-01-08,-2.7,-1.9,-3.3,98,100,51.3,0.1,12.2,322,3.72,0.39,840.1,-3.0,1601.0,33.70826,75.13044
JK-ANT,2022-01-09,-1.8,0.0,-3.4,94,99,6.3,0.0,8.5,350,12.16,1.11,840.4,-2.7,1601.0,33.70826,75.13044
JK-ANT,2022-01-10,-1.5,1.0,-4.4,86,98,0.0,0.0,8.3,260,11.3,1.09,841.3,-3.6,1601.0,33.70826,75.13044
JK-ANT,2022-01-11,-1.4,1.2,-4.1,79,86,0.0,0.0,6.8,322,12.44,1.17,844.6,-4.5,1601.0,33.70826,75.13044
JK-ANT,2022-01-12,-3.2,-0.1,-6.4,78,91,0.0,0.0,6.9,321,12.51,1.11,844.0,-6.5,1601.0,33.70826,75.13044
JK-ANT,2022-01-13,-3.3,-0.5,-7.8,75,94,0.0,0.0,6.0,284,12.23,1.07,842.9,-7.4,1601.0,33.70826,75.13044
JK-ANT,2022-01-14,-2.5,1.0,-6.8,59,69,0.0,0.0,7.4,301,13.28,1.31,844.4,-9.4,1601.0,33.70826,75.13044
JK-ANT,2022-01-15,-5.1,-0.2,-9.7,75,89,0.0,0.0,8.4,314,13.0,1.13,845.8,-8.8,1601.0,33.70826,75.13044
JK-ANT,2022-01-16,-3.8,1.2,-8.4,77,87,0.0,0.0,8.5,317,12.29,1.16,845.4,-7.4,1601.0,33.70826,75.13044
JK-ANT,2022-01-17,-2.7,-0.2,-4.7,88,100,2.4,0.0,9.0,285,4.97,0.53,845.8,-4.5,1601.0,33.70826,75.13044
JK-ANT,2022-01-18,-2.4,0.6,-4.3,93,100,0.0,0.0,7.6,288,9.82,0.85,844.6,-3.4,1601.0,33.70826,75.13044
JK-ANT,2022-01-19,-2.4,-0.8,-4.9,92,99,3.3,0.0,11.1,271,6.98,0.64,840.6,-3.6,1601.0,33.70826,75.13044
JK-ANT,2022-01-20,0.7,3.4,-2.7,86,100,2.6,0.0,7.1,273,10.53,1.09,835.6,-1.4,1601.0,33.70826,75.13044
JK-ANT,2022-01-21,-1.1,0.7,-3.8,91,97,0.0,0.0,12.1,294,12.13,1.01,834.8,-2.4,1601.0,33.70826,75.13044
JK-ANT,2022-01-22,-1.2,0.1,-3.5,96,99,6.8,0.0,5.7,247,5.97,0.61,832.5,-1.7,1601.0,33.70826,75.13044
JK-ANT,2022-01-23,-1.3,-0.4,-2.8,98,100,10.3,0.1,5.6,269,8.55,0.81,833.6,-1.5,1601.0,33.70826,75.13044
JK-ANT,2022-01-24,-0.5,1.8,-2.8,90,100,0.4,0.0,8.1,278,10.78,1.04,836.6,-2.0,1601.0,33.70826,75.13044
JK-ANT,2022-01-25,-0.1,1.6,-2.4,81,95,1.4,0.0,6.8,267,12.98,1.23,838.6,-3.0,1601.0,33.70826,75.13044
JK-ANT,2022-01-26,0.0,2.4,-2.0,75,84,0.7,0.0,6.3,291,14.25,1.38,839.1,-3.8,1601.0,33.70826,75.13044
JK-ANT,2022-01-27,-1.2,2.0,-5.4,72,88,0.0,0.0,8.0,288,14.68,1.41,840.8,-5.6,1601.0,33.70826,75.13044
JK-ANT,2022-01-28,-3.3,0.6,-7.0,68,78,0.0,0.0,8.2,286,14.89,1.36,841.4,-8.6,1601.0,33.70826,75.13044
JK-ANT,2022-01-29,-1.6,3.5,-6.4,68,81,0.0,0.0,10.3,271,13.78,1.27,840.7,-6.9,1601.0,33.70826,75.13044
JK-ANT,2022-01-30,-1.5,1.6,-6.1,69,88,0.0,0.0,8.8,278,14.2,1.39,838.5,-6.5,1601.0,33.70826,75.13044
JK-ANT,2022-01-31,-0.8,1.0,-3.6,68,89,0.0,0.0,12.6,268,8.99,1.01,835.5,-6.3,1601.0,33.70826,75.13044
JK-ANT,2022-02-01,-1.4,2.5,-3.7,82,96,0.4,0.0,9.7,286,13.98,1.32,837.6,-4.2,1601.0,33.70826,75.13044
JK-ANT,2022-02-02,-3.3,-1.4,-6.9,81,100,1.5,0.0,10.6,284,9.2,0.89,835.1,-6.3,1601.0,33.70826,75.13044
JK-ANT,2022-02-03,-0.8,1.1,-4.0,96,99,12.3,1.5,6.6,315,6.13,0.7,833.3,-1.3,1601.0,33.70826,75.13044
JK-ANT,2022-02-04,1.4,3.6,-0.7,86,98,1.9,0.3,7.3,303,12.69,1.34,833.1,-0.9,1601.0,33.70826,75.13044
JK-ANT,2022-02-05,-1.4,2.6,-4.4,73,85,0.0,0.0,7.9,289,16.02,1.56,837.6,-5.6,1601.0,33.70826,75.13044
JK-ANT,2022-02-06,-3.2,-2.4,-4.6,87,95,0.2,0.0,12.7,268,11.84,0.92,840.0,-5.1,1601.0,33.70826,75.13044
JK-ANT,2022-02-07,-1.1,1.9,-4.7,86,99,1.0,0.0,8.2,270,13.54,1.2,841.1,-3.3,1601.0,33.70826,75.13044
JK-ANT,2022-02-08,-1.4,0.9,-3.6,82,95,2.6,0.1,8.8,284,14.32,1.33,839.0,-4.0,1601.0,33.70826,75.13044
JK-ANT,2022-02-09,-1.3,2.3,-5.3,81,98,7.2,0.0,10.7,261,13.52,1.35,840.1,-4.3,1601.0,33.70826,75.13044
JK-ANT,2022-02-10,0.3,3.6,-3.5,70,86,0.0,0.0,9.3,271,16.48,1.71,842.5,-4.7,1601.0,33.70826,75.13044
JK-ANT,2022-02-11,0.1,3.4,-4.1,61,76,0.0,0.0,9.4,309,17.14,1.8,843.5,-6.5,1601.0,33.70826,75.13044
JK-ANT,2022-02-12,-2.6,2.2,-6.5,68,93,0.0,0.0,7.6,283,16.93,1.7,839.9,-8.1,1601.0,33.70826,75.13044
JK-ANT,2022-02-13,-0.4,3.8,-5.8,52,69,0.0,0.0,7.1,282,16.24,1.82,838.9,-9.4,1601.0,33.70826,75.13044
JK-ANT,2022-02-14,1.9,5.2,-1.9,57,76,0.0,0.0,6.8,266,12.95,1.61,839.1,-5.9,1601.0,33.70826,75.13044
JK-ANT,2022-02-15,1.1,4.2,-2.5,69,84,1.4,0.0,8.3,248,17.11,1.85,839.3,-3.9,1601.0,33.70826,75.13044
JK-ANT,2022-02-16,0.8,3.9,-3.1,73,90,6.5,0.1,7.7,248,16.61,1.78,837.9,-3.6,1601.0,33.70826,75.13044
JK-ANT,2022-02-17,0.0,3.6,-3.5,73,88,3.7,0.1,9.4,250,15.9,1.76,838.0,-4.3,1601.0,33.70826,75.13044
JK-ANT,2022-02-18,0.9,3.9,-1.9,75,88,0.0,0.0,8.0,247,13.98,1.57,840.2,-3.2,1601.0,33.70826,75.13044
JK-ANT,2022-02-19,1.3,4.8,-3.6,75,87,0.7,0.1,9.4,249,17.42,1.97,840.5,-2.7,1601.0,33.70826,75.13044
JK-ANT,2022-02-20,2.6,6.0,-3.4,62,79,0.3,0.0,9.7,304,18.51,2.12,836.3,-4.0,1601.0,33.70826,75.13044
JK-ANT,2022-02-21,3.2,7.7,0.2,51,79,0.0,0.0,6.0,284,19.04,2.32,837.2,-6.8,1601.0,33.70826,75.13044
JK-ANT,2022-02-22,-0.6,2.5,-2.0,80,100,12.5,0.0,8.0,249,10.14,1.13,839.1,-4.0,1601.0,33.70826,75.13044
JK-ANT,2022-02-23,-2.6,-1.4,-3.7,99,100,34.5,2.2,9.0,283,8.99,0.81,840.0,-2.7,1601.0,33.70826,75.13044
JK-ANT,2022-02-24,-1.1,1.0,-3.2,95,99,1.2,0.0,6.5,261,13.7,1.36,842.6,-1.9,1601.0,33.70826,75.13044
JK-ANT,2022-02-25,-2.2,0.1,-4.1,96,100,9.4,0.0,7.6,306,12.32,1.13,842.1,-2.7,1601.0,33.70826,75.13044
JK-ANT,2022-02-26,-1.4,2.1,-4.3,90,100,8.1,0.0,10.5,280,16.77,1.53,841.5,-3.0,1601.0,33.70826,75.13044
JK-ANT,2022-02-27,-0.4,3.3,-4.0,80,97,1.2,0.0,10.6,311,19.4,1.91,845.4,-3.6,1601.0,33.70826,75.13044
JK-ANT,2022-02-28,-2.4,2.0,-6.4,77,99,0.0,0.0,6.4,298,17.34,1.78,844.2,-6.2,1601.0,33.70826,75.13044
JK-ANT,2022-03-01,-1.7,0.5,-3.1,89,100,10.6,0.0,7.7,275,8.64,0.9,844.3,-3.4,1601.0,33.70826,75.13044
JK-ANT,2022-03-02,-0.3,3.6,-3.5,89,100,1.4,0.0,5.5,296,17.29,1.79,845.2,-1.9,1601.0,33.70826,75.13044
JK-ANT,2022-03-03,-0.1,2.4,-2.2,90,100,13.7,1.1,6.1,269,10.24,1.12,842.5,-1.5,1601.0,33.70826,75.13044
JK-ANT,2022-03-04,0.7,3.9,-2.4,92,100,9.2,0.4,7.6,328,18.58,1.93,845.0,-0.4,1601.0,33.70826,75.13044
JK-ANT,2022-03-05,0.2,5.4,-4.5,83,100,0.0,0.0,7.8,317,18.35,2.04,843.6,-2.8,1601.0,33.70826,75.13044
JK-ANT,2022-03-06,0.5,2.5,-2.1,81,96,0.0,0.0,10.9,297,15.16,1.63,839.5,-2.4,1601.0,33.70826,75.13044
JK-ANT,2022-03-07,0.3,3.4,-2.4,95,100,10.1,8.2,11.3,280,12.52,1.27,843.6,-0.3,1601.0,33.70826,75.13044
JK-ANT,2022-03-08,0.5,4.8,-2.8,86,100,0.0,0.0,7.3,281,19.86,2.11,845.8,-1.8,1601.0,33.70826,75.13044
JK-ANT,2022-03-09,2.8,8.4,-2.4,67,89,0.0,0.0,6.1,240,20.6,2.44,842.0,-3.1,1601.0,33.70826,75.13044
JK-ANT,2022-03-10,6.3,11.6,0.8,54,78,0.0,0.0,10.7,237,21.5,2.92,842.4,-2.7,1601.0,33.70826,75.13044
JK-ANT,2022-03-11,7.9,13.2,2.4,50,63,0.0,0.0,7.4,303,21.81,2.94,843.4,-2.1,1601.0,33.70826,75.13044
JK-ANT,2022-03-12,7.9,13.8,1.4,48,76,0.0,0.0,9.2,282,20.55,3.05,842.6,-2.8,1601.0,33.70826,75.13044
JK-ANT,2022-03-13,9.3,14.6,5.1,49,71,0.0,0.0,9.5,329,22.06,3.22,844.0,-1.1,1601.0,33.70826,75.13044
JK-ANT,2022-03-14,10.5,16.9,2.8,49,80,0.0,0.0,8.4,277,21.2,3.35,844.1,-0.2,1601.0,33.70826,75.13044
JK-ANT,2022-03-15,9.7,16.8,1.1,58,85,4.3,4.3,10.5,237,20.17,3.13,842.5,1.6,1601.0,33.70826,75.13044
JK-ANT,2022-03-16,11.3,17.9,5.1,53,70,0.0,0.0,8.4,328,22.13,3.51,842.1,1.8,1601.0,33.70826,75.13044
JK-ANT,2022-03-17,12.6,19.5,5.1,54,76,0.0,0.0,6.7,308,22.45,3.65,843.0,3.0,1601.0,33.70826,75.13044
JK-ANT,2022-03-18,11.7,18.9,4.1,59,84,0.0,0.0,14.6,300,21.74,3.62,841.0,3.4,1601.0,33.70826,75.13044
JK-ANT,2022-03-19,9.7,16.5,3.4,72,91,2.1,2.1,9.4,253,18.93,2.96,841.5,4.7,1601.0,33.70826,75.13044
JK-ANT,2022-03-20,8.8,15.0,2.1,75,98,2.4,2.4,11.2,241,15.98,2.42,840.0,4.4,1601.0,33.70826,75.13044
JK-ANT,2022-03-21,11.3,18.4,6.1,62,88,0.0,0.0,9.7,238,21.8,3.54,842.6,3.9,1601.0,33.70826,75.13044
JK-ANT,2022-03-22,11.7,19.3,5.8,54,78,0.0,0.0,5.2,245,22.28,3.7,841.4,2.5,1601.0,33.70826,75.13044
JK-ANT,2022-03-23,12.2,21.0,7.6,55,83,0.5,0.5,16.6,258,21.15,3.81,840.2,2.7,1601.0,33.70826,75.13044
JK-ANT,2022-03-24,9.6,16.2,5.4,75,97,5.2,5.2,10.4,251,16.97,2.69,840.4,5.1,1601.0,33.70826,75.13044
JK-ANT,2022-03-25,10.0,18.5,3.2,61,81,0.0,0.0,9.2,236,22.66,3.67,840.7,2.5,1601.0,33.70826,75.13044
JK-ANT,2022-03-26,10.7,19.8,4.0,53,75,0.0,0.0,6.6,313,23.37,3.87,842.4,0.9,1601.0,33.70826,75.13044
JK-ANT,2022-03-27,12.6,21.1,6.2,48,70,0.0,0.0,8.0,284,23.25,4.06,842.4,1.5,1601.0,33.70826,75.13044
JK-ANT,2022-03-28,13.8,24.4,7.5,52,75,0.0,0.0,10.3,236,22.97,4.19,841.5,3.6,1601.0,33.70826,75.13044
JK-ANT,2022-03-29,13.7,24.4,7.6,51,71,0.0,0.0,10.1,208,23.28,4.3,840.2,2.8,1601.0,33.70826,75.13044
JK-ANT,2022-03-30,13.8,23.7,7.7,48,64,0.0,0.0,10.9,287,22.89,4.24,840.4,2.1,1601.0,33.70826,75.13044
JK-ANT,2022-03-31,14.5,23.1,8.9,45,62,0.0,0.0,7.4,228,23.61,4.22,842.6,2.1,1601.0,33.70826,75.13044
JK-ANT,2022-04-01,13.6,22.8,6.5,46,72,0.0,0.0,6.9,197,24.17,4.3,841.6,1.1,1601.0,33.70826,75.13044
JK-ANT,2022-04-02,15.8,25.3,9.7,43,60,0.0,0.0,10.6,356,23.7,4.55,841.6,2.4,1601.0,33.70826,75.13044
JK-ANT,2022-04-03,13.8,21.0,6.7,54,74,0.1,0.1,15.3,224,22.19,4.18,843.7,3.9,1601.0,33.70826,75.13044
JK-ANT,2022-04-04,14.7,23.2,7.3,50,68,0.0,0.0,9.2,189,23.88,4.36,843.1,3.7,1601.0,33.70826,75.13044
JK-ANT,2022-04-05,15.4,24.2,9.1,47,70,0.0,0.0,8.6,163,22.85,4.3,844.7,3.6,1601.0,33.70826,75.13044
JK-ANT,2022-04-06,16.3,25.1,9.9,42,59,0.0,0.0,8.1,102,24.24,4.59,845.1,2.8,1601.0,33.70826,75.13044
JK-ANT,2022-04-07,16.2,25.2,9.6,42,67,0.0,0.0,7.1,104,24.63,4.72,845.0,2.1,1601.0,33.70826,75.13044
JK-ANT,2022-04-08,16.5,25.8,9.6,44,75,0.0,0.0,10.8,166,24.1,4.59,843.3,3.2,1601.0,33.70826,75.13044
JK-ANT,2022-04-09,15.9,23.7,9.3,47,65,0.9,0.9,17.6,18,19.03,3.96,843.5,4.2,1601.0,33.70826,75.13044
JK-ANT,2022-04-10,15.8,24.3,8.2,48,65,0.0,0.0,6.5,320,24.74,4.52,843.1,4.0,1601.0,33.70826,75.13044
JK-ANT,2022-04-11,17.6,26.2,10.8,41,66,0.0,0.0,6.6,211,24.03,4.72,841.5,3.6,1601.0,33.70826,75.13044
JK-ANT,2022-04-12,17.7,26.1,11.0,44,84,0.0,0.0,18.4,296,20.04,4.2,841.0,4.5,1601.0,33.70826,75.13044
JK-ANT,2022-04-13,13.7,20.2,10.4,76,96,6.0,6.0,9.3,31,18.87,3.35,842.2,9.0,1601.0,33.70826,75.13044
JK-ANT,2022-04-14,12.8,18.1,8.6,78,100,0.1,0.1,10.6,348,16.59,2.92,840.8,8.5,1601.0,33.70826,75.13044
JK-ANT,2022-04-15,13.5,21.2,7.7,69,91,0.0,0.0,6.4,76,22.44,3.92,839.3,7.2,1601.0,33.70826,75.13044
JK-ANT,2022-04-16,14.4,22.8,7.3,60,90,0.0,0.0,7.6,103,24.77,4.53,838.2,5.6,1601.0,33.70826,75.13044
JK-ANT,2022-04-17,15.5,25.0,6.9,53,78,0.0,0.0,6.1,167,25.87,4.78,839.8,4.5,1601.0,33.70826,75.13044
JK-ANT,2022-04-18,17.1,25.8,9.6,48,73,0.0,0.0,11.2,124,24.0,4.7,842.2,5.2,1601.0,33.70826,75.13044
JK-ANT,2022-04-19,15.7,23.2,12.0,62,92,4.0,4.0,16.0,214,17.46,3.36,845.0,7.8,1601.0,33.70826,75.13044
JK-ANT,2022-04-20,14.2,22.2,9.6,76,97,16.0,16.0,22.3,281,19.0,3.45,843.7,9.6,1601.0,33.70826,75.13044
JK-ANT,2022-04-21,9.8,14.0,7.2,87,99,43.9,43.9,9.5,299,13.07,2.06,843.2,7.6,1601.0,33.70826,75.13044
JK-ANT,2022-04-22,10.6,16.2,5.2,83,100,8.0,8.0,13.8,215,20.48,3.21,843.8,7.7,1601.0,33.70826,75.13044
JK-ANT,2022-04-23,12.9,17.9,8.1,74,99,0.3,0.3,8.4,119,18.6,3.21,844.4,8.0,1601.0,33.70826,75.13044
JK-ANT,2022-04-24,13.9,21.5,6.6,68,91,0.0,0.0,7.2,348,25.37,4.4,842.1,7.6,1601.0,33.70826,75.13044
JK-ANT,2022-04-25,12.3,16.0,8.8,83,98,22.7,22.7,11.9,236,15.89,2.55,841.2,9.4,1601.0,33.70826,75.13044
JK-ANT,2022-04-26,14.3,21.8,8.8,77,100,0.7,0.7,6.9,44,23.84,4.14,843.2,9.7,1601.0,33.70826,75.13044
JK-ANT,2022-04-27,16.4,24.5,9.6,61,82,0.0,0.0,6.9,184,25.42,4.72,841.8,8.3,1601.0,33.70826,75.13044
JK-ANT,2022-04-28,17.2,25.7,11.7,60,89,1.9,1.9,20.8,316,21.83,4.26,843.4,9.0,1601.0,33.70826,75.13044
JK-ANT,2022-04-29,15.9,23.3,10.6,75,100,0.0,0.0,6.9,90,21.58,3.96,844.3,10.8,1601.0,33.70826,75.13044
JK-ANT,2022-04-30,16.5,23.8,10.9,68,88,0.0,0.0,7.1,152,21.7,4.09,839.5,10.2,1601.0,33.70826,75.13044
JK-ANT,2022-05-01,17.9,25.9,11.2,63,85,0.0,0.0,6.8,99,25.4,4.88,838.8,10.1,1601.0,33.70826,75.13044
JK-ANT,2022-05-02,18.5,28.1,11.1,56,80,0.0,0.0,6.6,150,25.53,4.98,837.6,8.7,1601.0,33.70826,75.13044
JK-ANT,2022-05-03,17.0,25.4,11.0,66,95,0.4,0.4,14.6,274,19.65,3.84,840.0,9.8,1601.0,33.70826,75.13044
JK-ANT,2022-05-04,13.8,20.4,8.9,83,96,7.8,7.8,10.0,46,17.79,3.17,842.3,10.6,1601.0,33.70826,75.13044
JK-ANT,2022-05-05,14.6,20.3,9.8,80,97,0.0,0.0,9.6,179,20.13,3.57,841.8,10.9,1601.0,33.70826,75.13044
JK-ANT,2022-05-06,15.0,21.4,9.4,75,96,2.3,2.3,9.9,218,21.82,3.89,841.4,10.3,1601.0,33.70826,75.13044
JK-ANT,2022-05-07,16.4,23.8,9.8,72,93,0.0,0.0,5.5,102,25.23,4.61,841.5,10.9,1601.0,33.70826,75.13044
JK-ANT,2022-05-08,17.7,26.1,10.8,65,87,0.1,0.1,7.3,110,25.34,4.92,839.5,10.4,1601.0,33.70826,75.13044
JK-ANT,2022-05-09,19.2,27.1,12.0,58,80,0.0,0.0,9.7,46,25.01,4.97,840.2,10.1,1601.0,33.70826,75.13044
JK-ANT,2022-05-10,18.7,26.4,10.9,62,85,0.0,0.0,8.5,65,25.19,4.92,840.5,10.8,1601.0,33.70826,75.13044
JK-ANT,2022-05-11,19.5,28.0,11.6,60,80,0.0,0.0,7.1,65,25.55,5.08,839.3,10.9,1601.0,33.70826,75.13044
JK-ANT,2022-05-12,19.4,26.7,12.3,60,78,0.5,0.5,9.9,289,24.67,4.95,839.6,11.0,1601.0,33.70826,75.13044
JK-ANT,2022-05-13,19.4,27.2,12.1,59,77,0.0,0.0,7.3,98,25.91,5.14,838.1,10.4,1601.0,33.70826,75.13044
JK-ANT,2022-05-14,20.1,28.6,13.4,49,67,0.0,0.0,13.4,137,26.58,5.37,837.7,8.4,1601.0,33.70826,75.13044
JK-ANT,2022-05-15,20.3,27.6,12.9,45,68,0.0,0.0,18.8,218,23.65,5.23,839.4,7.2,1601.0,33.70826,75.13044
JK-ANT,2022-05-16,17.9,25.0,12.5,61,87,0.0,0.0,8.7,60,24.11,4.6,840.5,9.7,1601.0,33.70826,75.13044
JK-ANT,2022-05-17,18.0,24.5,13.4,66,97,4.7,4.7,26.0,300,22.52,4.44,839.7,10.7,1601.0,33.70826,75.13044
JK-ANT,2022-05-18,17.8,25.9,11.3,71,100,0.2,0.2,10.0,98,25.69,4.91,840.7,11.4,1601.0,33.70826,75.13044
JK-ANT,2022-05-19,18.2,25.8,12.7,65,83,7.7,7.7,28.9,192,20.34,3.94,840.4,11.1,1601.0,33.70826,75.13044
JK-ANT,2022-05-20,14.8,21.0,10.4,79,93,10.8,10.8,13.7,330,17.49,3.1,839.4,11.1,1601.0,33.70826,75.13044
JK-ANT,2022-05-21,14.2,21.3,7.8,75,100,0.0,0.0,9.5,37,21.16,3.75,837.0,9.3,1601.0,33.70826,75.13044
JK-ANT,2022-05-22,15.2,21.4,11.2,76,100,7.4,7.4,15.5,262,22.08,3.93,833.4,10.6,1601.0,33.70826,75.13044
JK-ANT,2022-05-23,13.7,20.4,10.4,83,100,13.0,13.0,14.6,335,18.75,3.3,834.2,10.6,1601.0,33.70826,75.13044
JK-ANT,2022-05-24,13.4,18.9,9.8,79,97,12.3,12.3,7.7,104,15.05,2.72,838.4,9.6,1601.0,33.70826,75.13044
JK-ANT,2022-05-25,16.6,23.9,9.4,63,86,0.0,0.0,6.5,182,27.21,5.06,838.7,9.2,1601.0,33.70826,75.13044
JK-ANT,2022-05-26,19.0,26.1,12.2,64,89,0.0,0.0,7.7,243,26.72,5.23,837.4,11.6,1601.0,33.70826,75.13044
JK-ANT,2022-05-27,19.6,27.3,14.0,66,88,0.2,0.2,8.9,192,25.41,5.06,836.5,12.5,1601.0,33.70826,75.13044
JK-ANT,2022-05-28,17.1,22.5,13.1,79,97,5.4,5.4,11.0,123,20.34,3.73,836.7,13.1,1601.0,33.70826,75.13044
JK-ANT,2022-05-29,17.8,23.7,12.2,77,100,0.9,0.9,11.2,61,23.96,4.58,837.7,13.3,1601.0,33.70826,75.13044
JK-ANT,2022-05-30,16.3,21.6,12.1,77,99,0.6,0.6,14.9,263,18.66,3.42,838.6,12.0,1601.0,33.70826,75.13044
JK-ANT,2022-05-31,16.3,21.7,11.1,78,100,0.1,0.1,12.1,210,20.81,3.91,839.4,12.0,1601.0,33.70826,75.13044
JK-ANT,2022-06-01,16.0,22.8,11.3,78,99,2.2,2.2,10.5,248,21.69,3.98,840.4,11.9,1601.0,33.70826,75.13044
JK-ANT,2022-06-02,16.6,23.4,10.6,73,99,0.2,0.2,8.6,178,24.02,4.5,839.9,11.2,1601.0,33.70826,75.13044
JK-ANT,2022-06-03,18.2,25.2,10.5,60,84,0.0,0.0,13.0,156,24.95,4.88,839.0,10.0,1601.0,33.70826,75.13044
JK-ANT,2022-06-04,18.6,26.2,12.7,58,82,0.0,0.0,13.1,179,25.9,5.12,839.4,9.6,1601.0,33.70826,75.13044
JK-ANT,2022-06-05,19.9,27.4,12.0,53,76,0.0,0.0,15.0,159,26.71,5.38,839.6,9.5,1601.0,33.70826,75.13044
JK-ANT,2022-06-06,20.2,28.0,13.3,56,77,0.0,0.0,18.2,165,25.63,5.38,838.8,10.5,1601.0,33.70826,75.13044
JK-ANT,2022-06-07,21.7,29.0,15.6,52,73,0.0,0.0,13.7,169,25.78,5.52,838.8,10.6,1601.0,33.70826,75.13044
JK-ANT,2022-06-08,21.4,27.6,16.2,52,74,0.5,0.5,6.6,139,23.72,4.9,838.6,10.7,1601.0,33.70826,75.13044
JK-ANT,2022-06-09,21.1,27.0,15.9,54,73,0.0,0.0,8.4,249,23.71,4.93,838.0,10.8,1601.0,33.70826,75.13044
JK-ANT,2022-06-10,19.7,26.9,13.0,61,87,0.4,0.4,8.9,154,23.76,4.76,838.7,11.4,1601.0,33.70826,75.13044
JK-ANT,2022-06-11,20.2,27.4,13.7,63,90,0.0,0.0,8.7,119,24.75,4.88,838.8,12.2,1601.0,33.70826,75.13044
JK-ANT,2022-06-12,19.8,24.9,14.8,64,89,0.5,0.5,11.4,178,20.33,4.23,839.3,12.3,1601.0,33.70826,75.13044
JK-ANT,2022-06-13,19.9,26.2,15.3,66,87,0.1,0.1,9.2,125,23.35,4.65,841.4,13.1,1601.0,33.70826,75.13044
JK-ANT,2022-06-14,21.0,29.1,14.7,60,83,0.0,0.0,7.7,132,25.92,5.35,839.3,12.4,1601.0,33.70826,75.13044
JK-ANT,2022-06-15,22.1,30.5,14.0,57,82,0.0,0.0,7.4,136,25.26,5.32,837.3,12.3,1601.0,33.70826,75.13044
JK-ANT,2022-06-16,21.2,28.0,15.5,62,89,1.0,1.0,6.2,140,23.7,4.85,837.4,13.1,1601.0,33.70826,75.13044
JK-ANT,2022-06-17,19.4,24.4,15.2,72,96,6.6,6.6,13.3,249,18.72,3.75,837.1,14.1,1601.0,33.70826,75.13044
JK-ANT,2022-06-18,16.2,20.9,12.6,83,100,3.4,3.4,12.9,327,17.79,3.25,837.5,13.3,1601.0,33.70826,75.13044
JK-ANT,2022-06-19,14.3,18.4,10.3,87,100,9.6,9.6,12.3,247,17.36,3.04,837.3,12.0,1601.0,33.70826,75.13044
JK-ANT,2022-06-20,14.0,18.4,11.4,88,100,2.9,2.9,12.7,287,13.84,2.47,835.3,12.0,1601.0,33.70826,75.13044
JK-ANT,2022-06-21,11.7,13.7,10.6,96,100,20.1,20.1,7.2,1,7.18,1.27,833.9,11.0,1601.0,33.70826,75.13044
JK-ANT,2022-06-22,13.2,18.3,9.7,89,100,20.6,20.6,11.9,264,16.63,2.8,840.1,11.2,1601.0,33.70826,75.13044
JK-ANT,2022-06-23,16.7,24.0,10.4,75,97,0.0,0.0,8.0,192,25.78,4.77,841.4,11.9,1601.0,33.70826,75.13044
JK-ANT,2022-06-24,18.5,26.9,11.5,69,90,0.0,0.0,5.6,126,28.08,5.38,838.2,12.1,1601.0,33.70826,75.13044
JK-ANT,2022-06-25,20.6,28.7,13.6,61,85,0.0,0.0,8.5,152,28.1,5.64,836.1,12.1,1601.0,33.70826,75.13044
JK-ANT,2022-06-26,21.8,29.3,15.9,65,91,0.0,0.0,6.4,159,27.04,5.51,837.7,14.2,1601.0,33.70826,75.13044
JK-ANT,2022-06-27,22.5,29.4,16.2,68,92,0.0,0.0,7.9,150,26.97,5.54,838.9,15.7,1601.0,33.70826,75.13044
JK-ANT,2022-06-28,23.2,30.2,16.5,70,93,0.0,0.0,5.5,150,27.39,5.65,836.3,16.8,1601.0,33.70826,75.13044
JK-ANT,2022-06-29,24.3,30.8,17.9,71,94,0.0,0.0,6.8,149,26.84,5.66,833.8,18.3,1601.0,33.70826,75.13044
JK-ANT,2022-06-30,25.4,31.7,20.0,68,91,0.0,0.0,13.8,137,25.69,5.7,833.7,18.7,1601.0,33.70826,75.13044
JK-ANT,2022-07-01,25.2,30.6,20.4,70,92,0.8,0.8,14.3,136,26.52,5.77,834.9,19.0,1601.0,33.70826,75.13044
JK-ANT,2022-07-02,25.6,31.5,20.2,67,86,0.4,0.4,14.0,133,26.32,5.75,834.5,18.6,1601.0,33.70826,75.13044
JK-ANT,2022-07-03,25.9,31.3,20.0,65,83,0.1,0.1,8.1,135,25.88,5.68,835.8,18.3,1601.0,33.70826,75.13044
JK-ANT,2022-07-04,26.0,32.0,19.8,67,87,0.4,0.4,10.6,130,25.63,5.66,836.0,18.8,1601.0,33.70826,75.13044
JK-ANT,2022-07-05,24.2,29.6,20.4,73,89,0.8,0.8,10.7,193,18.42,4.02,837.1,18.8,1601.0,33.70826,75.13044
JK-ANT,2022-07-06,23.0,28.3,19.4,79,96,0.3,0.3,11.7,207,19.74,4.18,840.1,18.9,1601.0,33.70826,75.13044
JK-ANT,2022-07-07,23.2,28.2,19.2,76,99,1.2,1.2,7.9,205,18.61,3.9,841.1,18.4,1601.0,33.70826,75.13044
JK-ANT,2022-07-08,24.9,30.6,19.2,65,83,0.0,0.0,9.4,174,22.66,4.96,837.8,17.6,1601.0,33.70826,75.13044
JK-ANT,2022-07-09,23.4,28.3,19.9,78,96,0.2,0.2,7.2,248,18.96,3.97,835.9,19.0,1601.0,33.70826,75.13044
JK-ANT,2022-07-10,20.5,24.4,18.7,89,98,7.4,7.4,6.8,234,9.8,1.95,836.3,18.5,1601.0,33.70826,75.13044
JK-ANT,2022-07-11,21.1,25.6,17.7,81,95,2.1,2.1,9.5,242,17.01,3.46,838.2,17.5,1601.0,33.70826,75.13044
JK-ANT,2022-07-12,22.5,28.2,17.5,76,99,0.3,0.3,5.3,185,21.29,4.35,837.6,17.6,1601.0,33.70826,75.13044
JK-ANT,2022-07-13,20.7,25.7,16.9,79,97,1.0,1.0,10.6,199,13.99,2.9,835.5,16.5,1601.0,33.70826,75.13044
JK-ANT,2022-07-14,17.2,21.6,15.1,91,100,10.3,10.3,12.8,254,11.52,2.14,836.8,15.6,1601.0,33.70826,75.13044
JK-ANT,2022-07-15,16.5,19.0,14.1,95,100,67.6,67.6,6.2,151,10.71,2.02,839.3,15.7,1601.0,33.70826,75.13044
JK-ANT,2022-07-16,18.1,23.1,15.3,86,100,1.7,1.7,7.6,183,12.91,2.5,840.5,15.6,1601.0,33.70826,75.13044
JK-ANT,2022-07-17,21.4,27.9,14.9,76,100,0.0,0.0,6.8,158,22.59,4.61,840.5,16.4,1601.0,33.70826,75.13044
JK-ANT,2022-07-18,23.8,29.9,19.4,67,94,0.0,0.0,8.8,150,24.58,5.17,838.9,16.8,1601.0,33.70826,75.13044
JK-ANT,2022-07-19,24.7,30.4,19.7,68,89,0.0,0.0,7.7,171,24.74,5.24,836.9,18.0,1601.0,33.70826,75.13044
JK-ANT,2022-07-20,24.1,29.6,18.7,75,96,1.3,1.3,7.6,129,23.5,4.92,835.4,19.0,1601.0,33.70826,75.13044
JK-ANT,2022-07-21,22.5,26.3,19.9,81,97,1.2,1.2,9.6,56,12.07,2.66,836.8,18.9,1601.0,33.70826,75.13044
JK-ANT,2022-07-22,22.7,26.8,19.3,81,97,0.8,0.8,10.7,216,15.57,3.28,839.2,19.0,1601.0,33.70826,75.13044
JK-ANT,2022-07-23,23.0,26.8,18.9,73,89,0.9,0.9,8.9,198,15.23,3.35,839.0,17.7,1601.0,33.70826,75.13044
JK-ANT,2022-07-24,21.6,25.9,18.1,84,99,6.2,6.2,7.3,219,16.52,3.34,839.3,18.7,1601.0,33.70826,75.13044
JK-ANT,2022-07-25,21.5,26.8,18.8,83,96,4.7,4.7,7.1,224,17.13,3.47,840.5,18.4,1601.0,33.70826,75.13044
JK-ANT,2022-07-26,22.8,28.1,18.5,79,96,2.4,2.4,9.4,204,22.13,4.54,841.3,18.7,1601.0,33.70826,75.13044
JK-ANT,2022-07-27,21.8,25.7,18.8,86,98,9.3,9.3,7.9,228,15.85,3.21,840.2,19.3,1601.0,33.70826,75.13044
JK-ANT,2022-07-28,20.9,24.4,18.4,91,100,11.8,11.8,5.7,269,13.88,2.75,840.2,19.2,1601.0,33.70826,75.13044
JK-ANT,2022-07-29,21.2,25.1,18.0,84,99,1.3,1.3,7.7,214,18.83,3.67,839.6,18.3,1601.0,33.70826,75.13044
JK-ANT,2022-07-30,22.0,26.9,17.7,81,98,0.1,0.1,7.7,189,21.23,4.27,838.0,18.2,1601.0,33.70826,75.13044
JK-ANT,2022-07-31,20.4,24.8,17.5,86,99,11.6,11.6,9.0,305,16.85,3.3,835.8,18.0,1601.0,33.70826,75.13044
JK-ANT,2022-08-01,17.4,21.8,15.6,91,99,12.9,12.9,6.4,119,11.01,2.1,837.0,15.8,1601.0,33.70826,75.13044
JK-ANT,2022-08-02,19.8,25.9,14.1,79,100,0.0,0.0,12.8,210,23.39,4.53,836.9,15.7,1601.0,33.70826,75.13044
JK-ANT,2022-08-03,21.6,28.1,16.0,70,91,0.0,0.0,9.3,187,24.03,4.87,837.8,15.5,1601.0,33.70826,75.13044
JK-ANT,2022-08-04,23.2,29.4,18.4,66,88,0.0,0.0,8.8,174,23.98,5.01,838.5,15.9,1601.0,33.70826,75.13044
JK-ANT,2022-08-05,21.6,26.2,18.9,74,89,0.7,0.7,5.4,159,10.92,2.35,837.6,16.7,1601.0,33.70826,75.13044
JK-ANT,2022-08-06,21.4,26.3,17.7,75,92,0.0,0.0,9.4,184,16.15,3.32,835.9,16.5,1601.0,33.70826,75.13044
JK-ANT,2022-08-07,23.0,29.5,17.4,68,88,0.0,0.0,11.9,153,22.77,4.84,835.3,16.4,1601.0,33.70826,75.13044
JK-ANT,2022-08-08,22.3,27.0,18.2,74,88,0.1,0.1,6.5,173,16.38,3.46,836.6,17.3,1601.0,33.70826,75.13044
JK-ANT,2022-08-09,23.2,28.8,18.4,71,87,0.1,0.1,10.1,194,22.26,4.65,837.8,17.3,1601.0,33.70826,75.13044
JK-ANT,2022-08-10,23.9,30.1,19.4,72,96,0.3,0.3,8.8,176,23.72,4.94,836.1,18.0,1601.0,33.70826,75.13044
JK-ANT,2022-08-11,23.8,28.9,20.3,69,84,0.5,0.5,12.5,144,16.02,3.59,836.8,17.6,1601.0,33.70826,75.13044
JK-ANT,2022-08-12,21.3,25.1,17.2,79,97,1.3,1.3,10.1,236,15.36,3.15,838.6,17.4,1601.0,33.70826,75.13044
JK-ANT,2022-08-13,24.0,30.4,18.3,67,89,0.0,0.0,5.9,159,24.72,5.13,837.4,16.9,1601.0,33.70826,75.13044
JK-ANT,2022-08-14,25.1,31.7,19.4,65,88,0.0,0.0,9.7,153,24.35,5.25,838.0,17.4,1601.0,33.70826,75.13044
JK-ANT,2022-08-15,20.5,22.8,18.9,88,96,20.7,20.7,9.2,260,4.77,1.09,839.4,18.5,1601.0,33.70826,75.13044
JK-ANT,2022-08-16,20.2,23.5,17.7,88,100,6.7,6.7,9.8,167,11.84,2.43,840.0,18.0,1601.0,33.70826,75.13044
JK-ANT,2022-08-17,19.9,24.7,16.9,83,98,3.5,3.5,9.3,240,14.62,2.92,840.0,16.8,1601.0,33.70826,75.13044
JK-ANT,2022-08-18,22.4,28.7,16.4,72,93,0.0,0.0,8.7,185,23.71,4.86,838.3,16.6,1601.0,33.70826,75.13044
JK-ANT,2022-08-19,22.9,29.9,16.4,72,96,0.0,0.0,9.9,165,24.17,5.03,836.5,16.9,1601.0,33.70826,75.13044
JK-ANT,2022-08-20,22.4,27.7,18.1,77,99,10.0,10.0,10.7,167,19.92,4.11,837.7,17.9,1601.0,33.70826,75.13044
JK-ANT,2022-08-21,20.9,27.0,16.5,79,99,0.7,0.7,9.5,207,19.36,3.89,838.3,16.8,1601.0,33.70826,75.13044
JK-ANT,2022-08-22,21.6,29.0,15.5,73,94,0.0,0.0,11.0,206,23.29,4.7,836.5,15.8,1601.0,33.70826,75.13044
JK-ANT,2022-08-23,22.0,27.8,17.7,72,90,0.0,0.0,13.0,217,21.29,4.38,839.3,16.4,1601.0,33.70826,75.13044
JK-ANT,2022-08-24,21.4,26.5,17.9,74,89,0.5,0.5,15.8,231,17.75,3.7,841.9,16.3,1601.0,33.70826,75.13044
JK-ANT,2022-08-25,19.5,23.4,17.1,80,93,0.9,0.9,9.7,249,16.35,3.15,841.6,15.8,1601.0,33.70826,75.13044
JK-ANT,2022-08-26,19.9,26.5,15.0,79,100,0.4,0.4,11.7,248,20.94,4.09,840.2,15.8,1601.0,33.70826,75.13044
JK-ANT,2022-08-27,21.1,27.3,16.2,77,100,0.0,0.0,12.6,229,21.22,4.24,838.9,16.3,1601.0,33.70826,75.13044
JK-ANT,2022-08-28,20.5,26.2,15.9,79,99,0.6,0.6,11.8,227,20.39,4.04,838.7,16.3,1601.0,33.70826,75.13044
JK-ANT,2022-08-29,19.9,24.8,16.2,80,100,2.0,2.0,9.7,159,17.6,3.51,842.0,16.1,1601.0,33.70826,75.13044
JK-ANT,2022-08-30,21.3,27.4,16.1,73,98,0.0,0.0,7.4,155,20.5,4.15,842.9,15.6,1601.0,33.70826,75.13044
JK-ANT,2022-08-31,22.4,29.0,16.5,64,88,0.0,0.0,8.0,156,22.05,4.54,840.5,14.4,1601.0,33.70826,75.13044
JK-ANT,2022-09-01,22.4,29.1,16.8,62,87,0.0,0.0,12.8,179,21.38,4.5,840.3,14.0,1601.0,33.70826,75.13044
JK-ANT,2022-09-02,22.5,29.3,16.6,63,85,0.0,0.0,7.6,163,21.7,4.53,841.3,14.2,1601.0,33.70826,75.13044
JK-ANT,2022-09-03,23.0,30.3,17.1,61,85,0.0,0.0,12.0,147,23.57,4.95,838.5,14.4,1601.0,33.70826,75.13044
JK-ANT,2022-09-04,22.3,28.8,17.4,64,84,0.1,0.1,12.8,141,20.07,4.28,837.3,14.7,1601.0,33.70826,75.13044
JK-ANT,2022-09-05,20.3,25.6,17.0,73,92,1.4,1.4,10.1,194,14.3,2.96,839.8,15.1,1601.0,33.70826,75.13044
JK-ANT,2022-09-06,20.9,28.3,14.9,67,95,0.0,0.0,6.7,222,21.46,4.32,841.3,13.7,1601.0,33.70826,75.13044
JK-ANT,2022-09-07,22.0,29.4,15.8,60,84,0.0,0.0,6.8,192,21.47,4.43,842.6,13.0,1601.0,33.70826,75.13044
JK-ANT,2022-09-08,23.2,30.8,16.0,56,82,0.0,0.0,7.7,164,22.67,4.77,843.3,12.9,1601.0,33.70826,75.13044
JK-ANT,2022-09-09,23.5,31.3,17.2,55,77,0.0,0.0,11.2,148,21.48,4.6,842.9,13.2,1601.0,33.70826,75.13044
JK-ANT,2022-09-10,22.6,29.8,17.6,62,87,0.8,0.8,12.6,184,18.94,4.0,842.2,14.2,1601.0,33.70826,75.13044
JK-ANT,2022-09-11,20.0,26.3,16.5,72,91,0.0,0.0,12.9,256,17.36,3.51,840.8,14.2,1601.0,33.70826,75.13044
JK-ANT,2022-09-12,19.1,26.3,13.8,72,100,0.0,0.0,6.8,207,18.45,3.64,840.1,13.2,1601.0,33.70826,75.13044
JK-ANT,2022-09-13,20.5,28.6,14.3,58,79,0.0,0.0,9.4,199,21.4,4.31,839.9,11.0,1601.0,33.70826,75.13044
JK-ANT,2022-09-14,21.6,29.4,15.5,51,78,0.0,0.0,6.0,165,21.39,4.28,840.1,9.6,1601.0,33.70826,75.13044
JK-ANT,2022-09-15,21.6,29.7,15.6,51,75,0.0,0.0,8.8,165,22.36,4.6,838.0,9.7,1601.0,33.70826,75.13044
JK-ANT,2022-09-16,21.8,29.7,15.4,52,76,0.0,0.0,12.6,158,22.1,4.57,835.4,10.3,1601.0,33.70826,75.13044
JK-ANT,2022-09-17,19.6,25.4,14.2,63,84,2.7,2.7,10.4,257,15.16,3.18,837.4,12.0,1601.0,33.70826,75.13044
JK-ANT,2022-09-18,19.7,28.1,12.7,56,89,0.0,0.0,5.6,192,22.0,4.25,840.8,9.2,1601.0,33.70826,75.13044
JK-ANT,2022-09-19,20.8,29.9,14.5,45,73,0.0,0.0,6.8,172,22.05,4.36,840.7,7.0,1601.0,33.70826,75.13044
JK-ANT,2022-09-20,21.1,30.1,14.9,51,73,0.0,0.0,14.3,148,20.57,4.2,840.7,8.9,1601.0,33.70826,75.13044
JK-ANT,2022-09-21,20.9,28.0,15.9,59,90,0.0,0.0,14.0,140,17.78,3.88,841.0,11.6,1601.0,33.70826,75.13044
JK-ANT,2022-09-22,21.1,28.8,15.0,54,81,0.0,0.0,5.7,169,20.5,4.07,840.7,10.3,1601.0,33.70826,75.13044
JK-ANT,2022-09-23,21.5,29.3,15.5,54,79,0.0,0.0,7.9,146,19.98,4.2,839.8,10.6,1601.0,33.70826,75.13044
JK-ANT,2022-09-24,19.3,25.3,15.6,67,92,2.6,2.6,8.7,111,10.29,2.36,838.8,12.6,1601.0,33.70826,75.13044
JK-ANT,2022-09-25,16.1,19.2,14.7,91,100,8.6,8.6,7.5,353,7.25,1.38,838.1,14.5,1601.0,33.70826,75.13044
JK-ANT,2022-09-26,17.1,24.0,11.5,75,97,0.0,0.0,7.4,111,19.7,3.68,842.4,12.1,1601.0,33.70826,75.13044
JK-ANT,2022-09-27,18.0,26.7,11.4,62,88,0.0,0.0,6.3,119,20.47,3.9,839.9,9.7,1601.0,33.70826,75.13044
JK-ANT,2022-09-28,18.9,26.2,13.2,63,90,0.3,0.3,9.3,190,19.08,3.76,839.9,11.0,1601.0,33.70826,75.13044
JK-ANT,2022-09-29,17.9,25.4,11.8,65,90,0.0,0.0,9.3,141,18.93,3.68,840.4,10.7,1601.0,33.70826,75.13044
JK-ANT,2022-09-30,18.6,27.0,11.6,56,80,0.0,0.0,11.8,140,19.88,3.93,840.3,8.6,1601.0,33.70826,75.13044
JK-ANT,2022-10-01,18.4,27.1,13.0,58,84,0.0,0.0,14.1,149,18.1,3.69,839.4,8.9,1601.0,33.70826,75.13044
JK-ANT,2022-10-02,17.2,24.3,11.7,62,83,0.3,0.3,7.2,184,17.96,3.36,841.6,9.3,1601.0,33.70826,75.13044
JK-ANT,2022-10-03,17.3,25.6,10.7,55,78,0.0,0.0,10.4,181,19.11,3.7,841.8,6.9,1601.0,33.70826,75.13044
JK-ANT,2022-10-04,17.3,26.2,9.6,49,78,0.0,0.0,7.9,154,19.22,3.79,843.1,5.3,1601.0,33.70826,75.13044
JK-ANT,2022-10-05,17.3,26.1,10.8,48,77,0.0,0.0,5.4,141,19.38,3.64,841.6,5.0,1601.0,33.70826,75.13044
JK-ANT,2022-10-06,17.8,26.2,11.4,47,79,0.0,0.0,11.0,147,18.9,3.76,841.7,5.2,1601.0,33.70826,75.13044
JK-ANT,2022-10-07,17.1,25.3,11.0,47,76,0.0,0.0,6.9,160,19.06,3.57,842.8,4.2,1601.0,33.70826,75.13044
JK-ANT,2022-10-08,17.1,25.6,10.0,50,78,0.0,0.0,7.0,153,19.04,3.59,842.9,5.3,1601.0,33.70826,75.13044
JK-ANT,2022-10-09,17.3,26.1,10.1,54,85,0.0,0.0,5.8,149,19.08,3.59,841.8,6.4,1601.0,33.70826,75.13044
JK-ANT,2022-10-10,16.0,22.6,12.2,69,96,8.4,8.4,12.7,170,14.15,2.76,843.5,9.6,1601.0,33.70826,75.13044
JK-ANT,2022-10-11,14.5,20.0,11.0,76,99,0.7,0.7,13.1,137,14.65,2.67,841.9,9.9,1601.0,33.70826,75.13044
JK-ANT,2022-10-12,14.1,19.3,10.7,69,87,0.4,0.4,11.7,166,14.97,2.63,843.2,8.2,1601.0,33.70826,75.13044
JK-ANT,2022-10-13,13.5,19.8,9.6,69,91,0.0,0.0,20.6,206,16.12,2.86,844.3,7.5,1601.0,33.70826,75.13044
JK-ANT,2022-10-14,13.6,21.9,7.0,61,87,0.0,0.0,6.1,155,18.18,3.16,843.9,5.4,1601.0,33.70826,75.13044
JK-ANT,2022-10-15,14.3,23.0,7.7,51,72,0.0,0.0,7.9,164,18.37,3.27,842.8,3.2,1601.0,33.70826,75.13044
JK-ANT,2022-10-16,15.5,24.2,9.6,47,77,0.0,0.0,7.0,166,18.12,3.34,844.5,2.9,1601.0,33.70826,75.13044
JK-ANT,2022-10-17,15.5,24.3,10.2,55,79,0.0,0.0,16.4,175,16.47,3.15,844.4,5.5,1601.0,33.70826,75.13044
JK-ANT,2022-10-18,12.2,15.1,8.9,71,99,10.7,10.7,14.6,142,11.55,2.0,843.7,6.9,1601.0,33.70826,75.13044
JK-ANT,2022-10-19,11.2,17.3,7.1,79,98,4.4,4.4,12.5,227,13.62,2.27,843.6,7.3,1601.0,33.70826,75.13044
JK-ANT,2022-10-20,6.0,9.5,2.3,94,100,37.8,36.0,10.8,287,5.28,0.79,844.9,5.0,1601.0,33.70826,75.13044
JK-ANT,2022-10-21,7.7,14.8,2.3,76,100,2.6,1.3,9.3,27,15.13,2.27,848.9,3.2,1601.0,33.70826,75.13044
JK-ANT,2022-10-22,9.4,16.5,3.0,54,75,0.0,0.0,4.9,354,17.24,2.62,848.4,0.0,1601.0,33.70826,75.13044
JK-ANT,2022-10-23,9.8,17.6,4.6,55,75,0.0,0.0,6.0,263,17.02,2.7,846.8,0.6,1601.0,33.70826,75.13044
JK-ANT,2022-10-24,10.6,18.5,5.4,56,80,0.0,0.0,6.7,212,16.67,2.73,842.8,1.6,1601.0,33.70826,75.13044
JK-ANT,2022-10-25,11.2,19.2,6.0,56,87,0.0,0.0,5.5,134,16.28,2.65,840.5,2.3,1601.0,33.70826,75.13044
JK-ANT,2022-10-26,11.7,19.8,6.1,58,84,0.0,0.0,8.1,237,16.05,2.68,843.6,3.1,1601.0,33.70826,75.13044
JK-ANT,2022-10-27,11.4,19.7,6.1,55,80,0.0,0.0,11.7,310,15.2,2.63,844.1,2.2,1601.0,33.70826,75.13044
JK-ANT,2022-10-28,10.7,18.9,4.5,56,75,0.0,0.0,7.2,284,16.1,2.6,844.3,1.9,1601.0,33.70826,75.13044
JK-ANT,2022-10-29,11.4,19.2,5.9,49,73,0.0,0.0,6.9,117,16.01,2.65,844.0,0.7,1601.0,33.70826,75.13044
JK-ANT,2022-10-30,11.6,19.9,5.6,58,80,0.0,0.0,5.5,119,15.79,2.6,844.5,2.9,1601.0,33.70826,75.13044
JK-ANT,2022-10-31,10.5,17.5,6.2,65,87,3.5,3.5,16.5,296,11.79,2.05,844.4,3.8,1601.0,33.70826,75.13044
JK-ANT,2022-11-01,8.2,11.7,5.2,82,97,28.6,28.6,13.5,255,8.17,1.26,846.5,5.2,1601.0,33.70826,75.13044
JK-ANT,2022-11-02,10.3,15.7,4.7,69,88,0.0,0.0,7.3,322,14.05,2.12,846.8,4.4,1601.0,33.70826,75.13044
JK-ANT,2022-11-03,11.1,17.4,3.7,58,85,0.0,0.0,6.3,291,13.92,2.27,844.6,3.0,1601.0,33.70826,75.13044
JK-ANT,2022-11-04,12.4,18.6,7.5,54,74,0.0,0.0,5.4,315,13.01,2.27,845.2,3.0,1601.0,33.70826,75.13044
JK-ANT,2022-11-05,10.5,13.1,8.2,67,88,2.4,2.4,17.0,306,6.36,1.24,845.6,4.5,1601.0,33.70826,75.13044
JK-ANT,2022-11-06,8.2,12.1,5.8,88,100,13.0,13.0,13.4,287,8.79,1.3,846.7,6.1,1601.0,33.70826,75.13044
JK-ANT,2022-11-07,4.3,7.7,2.4,94,100,14.6,14.6,10.3,297,6.24,0.76,846.5,3.3,1601.0,33.70826,75.13044
JK-ANT,2022-11-08,5.1,10.5,2.0,83,98,0.4,0.4,8.6,298,11.03,1.48,846.9,2.2,1601.0,33.70826,75.13044
JK-ANT,2022-11-09,4.7,8.2,1.3,85,97,8.4,8.4,14.6,292,8.89,1.13,843.9,2.3,1601.0,33.70826,75.13044
JK-ANT,2022-11-10,3.7,8.7,0.8,90,100,20.9,13.3,7.6,7,10.23,1.21,845.8,2.1,1601.0,33.70826,75.13044
JK-ANT,2022-11-11,4.1,9.8,-1.3,81,99,0.5,0.5,7.3,297,12.69,1.61,845.5,0.9,1601.0,33.70826,75.13044
JK-ANT,2022-11-12,5.7,11.5,0.7,68,91,0.0,0.0,10.0,275,13.31,1.8,844.9,-0.1,1601.0,33.70826,75.13044
JK-ANT,2022-11-13,4.9,10.0,-0.7,57,85,0.4,0.4,10.1,282,10.48,1.64,843.7,-3.1,1601.0,33.70826,75.13044
JK-ANT,2022-11-14,1.3,3.1,-0.3,99,100,24.7,20.8,12.1,294,6.09,0.59,843.6,1.1,1601.0,33.70826,75.13044
JK-ANT,2022-11-15,4.5,7.6,2.1,79,99,0.0,0.0,5.7,300,9.77,1.24,846.1,1.0,1601.0,33.70826,75.13044
JK-ANT,2022-11-16,4.2,8.5,0.9,78,93,5.7,1.9,6.3,264,11.35,1.4,842.1,0.5,1601.0,33.70826,75.13044
JK-ANT,2022-11-17,4.9,11.7,-0.6,70,100,0.0,0.0,9.1,332,13.23,1.79,843.2,-0.8,1601.0,33.70826,75.13044
JK-ANT,2022-11-18,4.3,10.6,-1.8,58,84,0.0,0.0,6.5,299,12.86,1.74,843.5,-3.8,1601.0,33.70826,75.13044
JK-ANT,2022-11-19,2.3,6.2,-0.7,72,91,0.0,0.0,9.2,284,4.36,0.77,844.8,-2.4,1601.0,33.70826,75.13044
JK-ANT,2022-11-20,3.9,10.6,-2.1,75,97,0.0,0.0,6.3,284,12.1,1.57,844.8,-0.5,1601.0,33.70826,75.13044
JK-ANT,2022-11-21,4.4,10.2,-1.5,68,91,0.0,0.0,7.2,283,12.76,1.68,843.5,-1.5,1601.0,33.70826,75.13044
JK-ANT,2022-11-22,5.7,12.0,0.6,59,75,0.0,0.0,7.5,328,12.9,1.83,843.7,-2.0,1601.0,33.70826,75.13044
JK-ANT,2022-11-23,4.9,11.4,-1.3,50,68,0.0,0.0,10.6,346,12.96,1.84,845.3,-5.0,1601.0,33.70826,75.13044
JK-ANT,2022-11-24,5.1,11.9,0.7,45,66,0.0,0.0,7.9,336,12.95,1.85,844.8,-6.2,1601.0,33.70826,75.13044
JK-ANT,2022-11-25,4.2,11.9,-3.4,61,86,0.0,0.0,7.1,308,12.62,1.75,844.9,-3.4,1601.0,33.70826,75.13044
JK-ANT,2022-11-26,5.4,11.7,-1.9,62,85,0.0,0.0,4.9,283,12.25,1.65,842.3,-1.9,1601.0,33.70826,75.13044
JK-ANT,2022-11-27,7.3,12.8,0.1,56,77,0.0,0.0,5.3,298,12.46,1.71,840.8,-1.3,1601.0,33.70826,75.13044
JK-ANT,2022-11-28,6.9,12.7,0.9,51,69,0.0,0.0,5.0,309,12.35,1.74,841.8,-2.7,1601.0,33.70826,75.13044
JK-ANT,2022-11-29,6.3,11.6,0.0,60,77,0.0,0.0,6.1,267,12.29,1.66,843.6,-1.2,1601.0,33.70826,75.13044
JK-ANT,2022-11-30,6.3,12.6,-2.1,59,84,0.0,0.0,5.0,277,12.2,1.67,844.2,-1.5,1601.0,33.70826,75.13044
JK-ANT,2022-12-01,6.1,11.8,-0.7,56,78,0.0,0.0,6.3,280,11.91,1.67,843.2,-2.5,1601.0,33.70826,75.13044
JK-ANT,2022-12-02,5.9,10.0,0.2,51,69,0.0,0.0,5.9,292,10.11,1.38,840.9,-3.8,1601.0,33.70826,75.13044
JK-ANT,2022-12-03,6.5,11.8,2.2,50,65,0.0,0.0,10.1,253,11.89,1.72,842.3,-3.4,1601.0,33.70826,75.13044
JK-ANT,2022-12-04,5.8,10.6,2.6,55,71,0.0,0.0,6.8,224,11.9,1.56,843.4,-2.8,1601.0,33.70826,75.13044
JK-ANT,2022-12-05,5.0,9.2,0.0,51,70,0.0,0.0,7.5,248,11.94,1.55,843.8,-4.8,1601.0,33.70826,75.13044
JK-ANT,2022-12-06,4.3,9.0,-1.8,54,74,0.0,0.0,6.5,251,10.54,1.41,842.8,-4.6,1601.0,33.70826,75.13044
JK-ANT,2022-12-07,4.2,9.9,-2.2,53,78,0.0,0.0,7.6,262,11.77,1.58,842.6,-4.9,1601.0,33.70826,75.13044
JK-ANT,2022-12-08,2.9,5.4,-0.7,58,78,0.0,0.0,7.6,275,6.4,1.0,841.6,-4.7,1601.0,33.70826,75.13044
JK-ANT,2022-12-09,2.4,9.0,-1.3,92,100,5.8,5.3,14.6,299,9.28,1.02,841.9,1.2,1601.0,33.70826,75.13044
JK-ANT,2022-12-10,0.9,4.2,-1.1,93,100,9.5,5.0,10.8,294,7.99,0.81,843.1,-0.0,1601.0,33.70826,75.13044
JK-ANT,2022-12-11,1.9,6.3,-2.6,76,99,1.4,0.0,7.5,301,10.34,1.19,844.9,-2.2,1601.0,33.70826,75.13044
JK-ANT,2022-12-12,2.9,8.0,-3.2,58,82,0.0,0.0,9.4,309,11.58,1.47,841.7,-5.2,1601.0,33.70826,75.13044
JK-ANT,2022-12-13,3.5,8.4,-2.0,57,78,0.0,0.0,9.8,263,11.42,1.48,843.8,-4.5,1601.0,33.70826,75.13044
JK-ANT,2022-12-14,2.4,8.3,-3.2,62,85,0.0,0.0,6.3,299,10.66,1.31,842.5,-4.4,1601.0,33.70826,75.13044
JK-ANT,2022-12-15,3.6,8.4,-2.6,50,64,0.0,0.0,6.2,302,11.57,1.53,842.3,-5.9,1601.0,33.70826,75.13044
JK-ANT,2022-12-16,4.7,9.1,-1.9,45,68,0.0,0.0,7.7,296,11.49,1.59,840.9,-6.7,1601.0,33.70826,75.13044
JK-ANT,2022-12-17,5.6,10.0,1.0,46,64,0.0,0.0,6.4,298,11.42,1.56,842.9,-5.1,1601.0,33.70826,75.13044
JK-ANT,2022-12-18,4.5,8.0,-1.5,48,75,0.0,0.0,6.3,293,11.47,1.49,842.8,-5.6,1601.0,33.70826,75.13044
JK-ANT,2022-12-19,3.3,8.0,-1.8,49,68,0.0,0.0,11.5,292,11.4,1.48,840.4,-6.8,1601.0,33.70826,75.13044
JK-ANT,2022-12-20,2.4,7.5,-3.9,45,67,0.0,0.0,8.1,310,11.52,1.55,839.2,-8.7,1601.0,33.70826,75.13044
JK-ANT,2022-12-21,2.6,8.8,-2.8,46,66,0.0,0.0,6.9,308,11.58,1.53,840.6,-8.3,1601.0,33.70826,75.13044
JK-ANT,2022-12-22,2.1,7.9,-3.3,44,68,0.0,0.0,7.6,304,11.6,1.52,840.5,-9.3,1601.0,33.70826,75.13044
JK-ANT,2022-12-23,1.3,4.9,-3.9,43,70,0.0,0.0,5.5,283,10.56,1.28,838.3,-10.1,1601.0,33.70826,75.13044
JK-ANT,2022-12-24,2.6,8.6,-0.9,46,65,0.0,0.0,9.0,258,11.51,1.51,840.5,-8.2,1601.0,33.70826,75.13044
JK-ANT,2022-12-25,2.1,7.2,-2.7,49,66,0.0,0.0,8.4,279,10.49,1.39,841.9,-7.7,1601.0,33.70826,75.13044
JK-ANT,2022-12-26,3.0,5.5,-1.4,52,71,0.2,0.2,6.3,243,7.23,1.0,843.7,-6.3,1601.0,33.70826,75.13044
JK-ANT,2022-12-27,2.6,8.6,-3.0,64,90,0.0,0.0,8.3,304,11.2,1.4,843.5,-3.8,1601.0,33.70826,75.13044
JK-ANT,2022-12-28,1.3,6.2,-4.2,50,77,0.0,0.0,9.7,286,10.47,1.45,842.2,-8.5,1601.0,33.70826,75.13044
JK-ANT,2022-12-29,-1.0,3.1,-3.7,66,100,12.9,2.7,12.3,291,3.24,0.72,840.9,-7.2,1601.0,33.70826,75.13044
JK-ANT,2022-12-30,-1.0,2.9,-3.7,94,100,2.4,0.7,12.4,276,9.97,0.94,843.6,-1.9,1601.0,33.70826,75.13044
JK-ANT,2022-12-31,-2.2,1.2,-7.3,88,100,0.0,0.0,7.9,288,10.79,0.94,844.5,-4.1,1601.0,33.70826,75.13044
JK-ANT,2023-01-01,-1.3,3.4,-7.2,65,85,0.0,0.0,7.9,290,12.03,1.2,844.1,-7.5,1601.0,33.70826,75.13044
JK-ANT,2023-01-02,-0.3,2.8,-4.1,53,74,0.0,0.0,5.5,275,12.31,1.24,844.9,-8.9,1601.0,33.70826,75.13044
JK-ANT,2023-01-03,-0.3,4.1,-4.7,54,69,0.0,0.0,7.6,300,12.18,1.27,846.0,-8.6,1601.0,33.70826,75.13044
JK-ANT,2023-01-04,-0.7,4.6,-4.4,45,66,0.0,0.0,9.8,341,12.39,1.38,848.4,-11.2,1601.0,33.70826,75.13044
JK-ANT,2023-01-05,-1.0,4.6,-6.8,49,65,0.0,0.0,8.1,330,12.55,1.46,849.9,-10.5,1601.0,33.70826,75.13044
JK-ANT,2023-01-06,-3.0,1.9,-7.8,57,72,0.0,0.0,7.4,311,8.74,1.03,849.5,-10.6,1601.0,33.70826,75.13044
JK-ANT,2023-01-07,0.3,5.1,-3.6,49,65,0.7,0.0,10.4,292,9.48,1.22,848.2,-9.6,1601.0,33.70826,75.13044
JK-ANT,2023-01-08,-0.9,2.5,-2.9,85,100,5.3,3.5,8.2,278,6.84,0.76,846.3,-3.3,1601.0,33.70826,75.13044
JK-ANT,2023-01-09,-0.5,2.7,-3.3,92,100,9.3,5.2,10.2,269,7.82,0.78,845.7,-1.7,1601.0,33.70826,75.13044
JK-ANT,2023-01-10,1.8,7.1,-1.8,76,90,0.0,0.0,7.7,273,11.5,1.34,844.6,-2.1,1601.0,33.70826,75.13044
JK-ANT,2023-01-11,2.1,6.3,-1.3,86,99,11.7,11.5,11.6,329,4.63,0.57,836.9,-0.0,1601.0,33.70826,75.13044
JK-ANT,2023-01-12,2.7,6.6,-0.7,75,94,10.5,2.0,16.2,74,10.43,1.41,834.2,-1.6,1601.0,33.70826,75.13044
JK-ANT,2023-01-13,-0.9,7.1,-8.2,78,98,3.9,0.0,13.6,303,9.13,1.06,833.8,-4.6,1601.0,33.70826,75.13044
JK-ANT,2023-01-14,-3.5,0.9,-7.7,76,99,0.0,0.0,9.9,278,12.66,1.13,839.6,-7.7,1601.0,33.70826,75.13044
JK-ANT,2023-01-15,-4.1,-0.9,-7.6,65,89,0.0,0.0,10.7,258,13.34,1.12,838.0,-9.9,1601.0,33.70826,75.13044
JK-ANT,2023-01-16,-3.7,1.0,-7.4,60,68,0.0,0.0,8.1,258,13.52,1.21,839.6,-10.4,1601.0,33.70826,75.13044
JK-ANT,2023-01-17,-3.8,1.0,-7.0,57,63,0.0,0.0,9.2,287,13.71,1.33,841.1,-11.1,1601.0,33.70826,75.13044
JK-ANT,2023-01-18,-4.3,0.5,-8.1,63,75,0.0,0.0,7.1,312,12.45,1.18,844.3,-10.5,1601.0,33.70826,75.13044
JK-ANT,2023-01-19,-4.4,-2.1,-6.4,72,94,2.4,0.0,6.5,242,6.85,0.71,843.7,-8.8,1601.0,33.70826,75.13044
JK-ANT,2023-01-20,-3.8,-1.8,-6.1,98,100,12.5,0.0,5.1,223,6.36,0.61,840.8,-4.1,1601.0,33.70826,75.13044
JK-ANT,2023-01-21,-5.6,-3.4,-7.3,97,99,6.1,0.0,7.6,284,10.67,0.79,841.6,-6.1,1601.0,33.70826,75.13044
JK-ANT,2023-01-22,-6.4,-3.7,-8.1,93,98,22.9,0.0,5.6,288,10.3,0.81,839.7,-7.4,1601.0,33.70826,75.13044
JK-ANT,2023-01-23,-5.6,-2.9,-7.9,93,98,2.0,0.0,11.5,290,12.7,0.91,841.3,-6.6,1601.0,33.70826,75.13044
JK-ANT,2023-01-24,-4.9,-2.1,-7.5,82,96,6.6,0.0,8.4,324,10.37,0.79,838.7,-7.6,1601.0,33.70826,75.13044
JK-ANT,2023-01-25,-2.2,2.2,-5.1,86,94,2.2,0.0,11.5,325,12.01,1.08,837.6,-4.2,1601.0,33.70826,75.13044
JK-ANT,2023-01-26,-3.7,-1.2,-6.6,80,96,1.5,0.0,11.1,297,13.15,1.09,843.2,-6.7,1601.0,33.70826,75.13044
JK-ANT,2023-01-27,-2.6,0.8,-6.2,75,95,0.0,0.0,7.9,276,14.05,1.25,844.7,-6.8,1601.0,33.70826,75.13044
JK-ANT,2023-01-28,-2.4,0.9,-5.4,65,78,0.0,0.0,10.1,284,8.94,1.0,842.3,-8.1,1601.0,33.70826,75.13044
JK-ANT,2023-01-29,-1.4,2.8,-6.5,72,86,1.8,1.3,9.7,317,11.69,1.15,837.7,-5.9,1601.0,33.70826,75.13044
JK-ANT,2023-01-30,-0.7,1.0,-3.6,96,99,39.9,4.8,12.5,323,9.03,0.85,840.1,-1.3,1601.0,33.70826,75.13044
JK-ANT,2023-01-31,-0.9,1.2,-3.8,84,98,0.0,0.0,8.7,274,13.27,1.25,845.2,-3.4,1601.0,33.70826,75.13044
JK-ANT,2023-02-01,-2.4,1.8,-6.3,76,93,0.0,0.0,6.9,286,15.02,1.41,845.1,-6.1,1601.0,33.70826,75.13044
JK-ANT,2023-02-02,-1.5,2.5,-4.8,71,88,0.0,0.0,5.6,275,11.64,1.25,844.2,-6.3,1601.0,33.70826,75.13044
JK-ANT,2023-02-03,-0.4,2.1,-3.1,70,83,1.9,0.1,7.6,268,11.1,1.21,842.7,-5.1,1601.0,33.70826,75.13044
JK-ANT,2023-02-04,0.8,5.3,-3.3,80,92,2.9,0.1,8.6,261,14.01,1.43,841.5,-2.3,1601.0,33.70826,75.13044
JK-ANT,2023-02-05,-0.2,2.0,-4.4,78,94,0.0,0.0,8.2,275,13.69,1.35,839.1,-3.8,1601.0,33.70826,75.13044
JK-ANT,2023-02-06,0.2,3.7,-2.7,86,100,3.8,1.1,11.7,292,14.78,1.31,838.6,-1.9,1601.0,33.70826,75.13044
JK-ANT,2023-02-07,0.4,4.0,-2.5,88,99,0.0,0.0,8.2,268,13.37,1.37,840.5,-1.4,1601.0,33.70826,75.13044
JK-ANT,2023-02-08,-1.3,2.4,-5.0,80,96,0.9,0.0,8.2,262,14.53,1.43,840.4,-4.4,1601.0,33.70826,75.13044
JK-ANT,2023-02-09,-2.3,0.0,-4.5,91,100,12.7,7.1,17.4,294,5.63,0.53,837.8,-3.7,1601.0,33.70826,75.13044
JK-ANT,2023-02-10,3.0,8.3,-2.3,79,95,9.6,9.0,15.8,180,14.27,1.75,834.4,-0.5,1601.0,33.70826,75.13044
JK-ANT,2023-02-11,-2.0,2.7,-5.2,87,97,1.3,0.0,16.4,278,13.78,1.2,838.2,-3.9,1601.0,33.70826,75.13044
JK-ANT,2023-02-12,-1.2,3.2,-4.9,74,89,0.4,0.0,7.9,254,15.04,1.53,843.3,-5.3,1601.0,33.70826,75.13044
JK-ANT,2023-02-13,-3.7,1.1,-8.6,69,83,0.0,0.0,8.6,291,16.88,1.58,843.3,-8.8,1601.0,33.70826,75.13044
JK-ANT,2023-02-14,-1.7,4.3,-8.3,66,74,0.0,0.0,8.7,285,16.94,1.85,842.6,-7.2,1601.0,33.70826,75.13044
JK-ANT,2023-02-15,1.9,6.8,-4.4,64,77,0.0,0.0,9.5,274,17.16,2.04,842.6,-4.3,1601.0,33.70826,75.13044
JK-ANT,2023-02-16,3.0,7.3,-2.7,69,83,0.0,0.0,6.3,277,16.22,1.98,844.3,-2.2,1601.0,33.70826,75.13044
JK-ANT,2023-02-17,3.7,8.6,-2.8,69,87,0.0,0.0,6.6,287,15.48,1.95,845.6,-1.7,1601.0,33.70826,75.13044
JK-ANT,2023-02-18,3.8,9.8,-1.4,69,83,0.0,0.0,9.5,275,15.59,2.0,843.9,-1.4,1601.0,33.70826,75.13044
JK-ANT,2023-02-19,4.0,7.9,1.1,69,80,6.9,6.9,10.5,274,9.59,1.42,841.6,-1.3,1601.0,33.70826,75.13044
JK-ANT,2023-02-20,4.0,11.7,-0.3,82,100,39.6,32.1,21.4,298,12.13,1.59,839.6,1.1,1601.0,33.70826,75.13044
JK-ANT,2023-02-21,2.5,7.1,-1.1,89,100,3.1,1.6,6.6,346,16.12,1.76,842.6,0.7,1601.0,33.70826,75.13044
JK-ANT,2023-02-22,4.3,9.7,-0.6,75,99,0.1,0.1,7.4,268,16.44,2.04,842.5,-0.2,1601.0,33.70826,75.13044
JK-ANT,2023-02-23,5.3,10.8,0.9,59,74,0.0,0.0,9.8,14,18.21,2.4,843.5,-2.3,1601.0,33.70826,75.13044
JK-ANT,2023-02-24,5.4,12.2,-1.1,55,76,0.0,0.0,6.5,327,18.09,2.49,844.1,-3.1,1601.0,33.70826,75.13044
JK-ANT,2023-02-25,7.1,12.8,0.8,52,70,0.0,0.0,7.9,323,18.33,2.62,845.8,-2.4,1601.0,33.70826,75.13044
JK-ANT,2023-02-26,3.6,7.1,0.8,78,90,26.9,5.9,10.3,226,14.16,1.65,846.9,-0.0,1601.0,33.70826,75.13044
JK-ANT,2023-02-27,5.4,11.3,1.0,78,96,6.6,5.5,8.6,242,17.51,2.35,846.8,1.6,1601.0,33.70826,75.13044
JK-ANT,2023-02-28,3.9,6.7,-0.5,88,100,11.2,5.6,7.0,252,6.18,0.9,846.6,2.0,1601.0,33.70826,75.13044
JK-ANT,2023-03-01,1.1,4.5,-1.6,94,100,31.5,11.5,6.9,215,14.38,1.61,847.3,0.2,1601.0,33.70826,75.13044
JK-ANT,2023-03-02,1.0,4.3,-1.3,98,100,27.6,24.7,7.1,269,14.21,1.48,847.4,0.7,1601.0,33.70826,75.13044
JK-ANT,2023-03-03,3.2,7.7,-1.6,88,100,6.5,5.4,6.1,193,16.48,1.96,848.3,1.2,1601.0,33.70826,75.13044
JK-ANT,2023-03-04,6.1,11.9,1.0,79,94,2.3,2.3,8.6,234,15.08,2.05,847.2,2.6,1601.0,33.70826,75.13044
JK-ANT,2023-03-05,6.7,13.2,1.1,80,99,3.2,2.1,7.8,103,17.23,2.46,848.1,3.1,1601.0,33.70826,75.13044
JK-ANT,2023-03-06,7.1,13.9,1.2,67,79,0.0,0.0,6.2,98,18.18,2.66,845.4,1.2,1601.0,33.70826,75.13044
JK-ANT,2023-03-07,7.7,15.0,2.6,60,88,0.0,0.0,7.3,21,19.29,2.89,844.9,0.2,1601.0,33.70826,75.13044
JK-ANT,2023-03-08,7.7,15.8,1.1,56,85,0.0,0.0,9.3,20,20.12,3.08,845.5,-1.1,1601.0,33.70826,75.13044
JK-ANT,2023-03-09,7.6,15.8,1.1,55,81,0.0,0.0,10.0,10,20.57,3.22,845.6,-1.5,1601.0,33.70826,75.13044
JK-ANT,2023-03-10,8.9,16.4,2.9,53,75,0.0,0.0,6.9,350,20.44,3.23,845.3,-0.8,1601.0,33.70826,75.13044
JK-ANT,2023-03-11,9.7,17.5,4.5,54,83,0.0,0.0,9.2,329,20.78,3.35,845.3,0.3,1601.0,33.70826,75.13044
JK-ANT,2023-03-12,9.7,17.9,3.9,64,96,1.3,1.3,17.0,298,19.7,3.28,845.9,2.4,1601.0,33.70826,75.13044
JK-ANT,2023-03-13,10.8,17.5,5.1,66,89,0.2,0.2,11.5,323,18.72,3.09,845.4,4.2,1601.0,33.70826,75.13044
JK-ANT,2023-03-14,10.3,17.8,3.9,63,94,0.0,0.0,9.7,4,20.87,3.45,842.0,2.7,1601.0,33.70826,75.13044
JK-ANT,2023-03-15,10.7,18.7,3.8,53,72,0.0,0.0,11.6,345,20.8,3.6,840.2,0.8,1601.0,33.70826,75.13044
JK-ANT,2023-03-16,10.3,16.2,6.1,67,94,11.5,11.5,10.5,247,12.54,2.18,841.6,3.9,1601.0,33.70826,75.13044
JK-ANT,2023-03-17,7.9,10.6,6.1,90,97,18.3,18.3,8.1,249,6.24,1.01,842.5,6.2,1601.0,33.70826,75.13044
JK-ANT,2023-03-18,7.7,11.4,4.8,85,95,36.5,36.5,5.1,163,9.34,1.49,841.0,5.2,1601.0,33.70826,75.13044
JK-ANT,2023-03-19,7.7,14.3,3.0,83,99,28.7,25.5,11.0,297,14.33,2.21,839.1,4.8,1601.0,33.70826,75.13044
JK-ANT,2023-03-20,7.3,14.3,2.1,81,99,17.1,11.3,8.0,335,18.89,2.72,837.6,3.8,1601.0,33.70826,75.13044
JK-ANT,2023-03-21,9.1,16.2,1.9,73,100,0.0,0.0,7.8,322,18.42,2.94,836.6,3.8,1601.0,33.70826,75.13044
JK-ANT,2023-03-22,9.4,17.1,3.1,66,91,0.0,0.0,8.7,95,21.26,3.41,838.1,2.7,1601.0,33.70826,75.13044
JK-ANT,2023-03-23,9.1,16.0,3.0,63,91,0.1,0.1,9.8,275,16.48,2.78,837.8,2.1,1601.0,33.70826,75.13044
JK-ANT,2023-03-24,9.0,16.2,4.6,66,88,12.1,12.1,10.7,318,15.05,2.47,838.0,2.7,1601.0,33.70826,75.13044
JK-ANT,2023-03-25,4.2,7.8,1.3,93,100,40.6,35.9,10.0,304,8.64,1.1,841.0,3.1,1601.0,33.70826,75.13044
JK-ANT,2023-03-26,7.9,14.3,2.3,78,98,0.3,0.3,7.3,352,16.5,2.58,841.6,3.7,1601.0,33.70826,75.13044
JK-ANT,2023-03-27,8.5,16.4,1.9,70,94,0.0,0.0,5.5,235,22.5,3.52,839.5,2.7,1601.0,33.70826,75.13044
JK-ANT,2023-03-28,9.7,17.4,3.1,66,89,0.0,0.0,9.7,261,20.66,3.4,839.8,3.1,1601.0,33.70826,75.13044
JK-ANT,2023-03-29,10.9,17.9,3.2,59,93,0.0,0.0,7.1,129,20.28,3.47,841.5,2.6,1601.0,33.70826,75.13044
JK-ANT,2023-03-30,10.4,14.7,6.0,68,90,0.1,0.1,6.1,247,12.95,2.21,840.1,4.5,1601.0,33.70826,75.13044
JK-ANT,2023-03-31,10.1,14.4,6.2,74,89,2.6,2.6,9.4,314,9.23,1.74,836.9,5.5,1601.0,33.70826,75.13044
JK-ANT,2023-04-01,8.1,9.1,7.2,89,93,24.4,24.4,8.4,259,4.41,0.81,837.6,6.4,1601.0,33.70826,75.13044
JK-ANT,2023-04-02,9.4,16.5,4.0,81,100,15.1,14.6,10.2,25,19.76,3.1,838.5,5.9,1601.0,33.70826,75.13044
JK-ANT,2023-04-03,8.1,11.7,5.1,88,95,17.1,17.1,12.4,332,9.29,1.45,837.0,6.2,1601.0,33.70826,75.13044
JK-ANT,2023-04-04,7.6,14.9,4.0,90,100,16.9,16.9,11.7,313,16.7,2.42,839.9,5.8,1601.0,33.70826,75.13044
JK-ANT,2023-04-05,8.9,15.6,4.8,79,100,2.1,2.1,17.9,344,18.4,3.0,841.4,4.8,1601.0,33.70826,75.13044
JK-ANT,2023-04-06,7.3,13.4,1.3,80,100,2.7,2.7,6.3,270,17.74,2.59,843.8,3.6,1601.0,33.70826,75.13044
JK-ANT,2023-04-07,9.8,17.2,3.1,66,90,0.0,0.0,9.8,301,24.02,3.77,845.7,3.4,1601.0,33.70826,75.13044
JK-ANT,2023-04-08,11.0,19.6,3.8,53,80,0.0,0.0,7.3,96,24.55,4.13,845.5,1.4,1601.0,33.70826,75.13044
JK-ANT,2023-04-09,11.9,20.6,4.7,53,77,0.0,0.0,7.8,122,24.4,4.24,845.4,2.2,1601.0,33.70826,75.13044
JK-ANT,2023-04-10,12.2,21.1,5.2,56,79,0.0,0.0,5.9,99,24.82,4.26,844.0,2.9,1601.0,33.70826,75.13044
JK-ANT,2023-04-11,12.9,21.5,5.6,57,86,0.0,0.0,8.7,18,23.64,4.19,844.4,4.0,1601.0,33.70826,75.13044
JK-ANT,2023-04-12,13.7,22.4,6.8,57,81,0.0,0.0,6.4,73,24.62,4.4,844.4,4.5,1601.0,33.70826,75.13044
JK-ANT,2023-04-13,14.6,23.0,8.1,56,81,0.0,0.0,6.4,73,25.32,4.55,843.6,5.1,1601.0,33.70826,75.13044
JK-ANT,2023-04-14,14.4,23.3,7.5,52,78,0.0,0.0,7.4,123,25.7,4.62,842.9,4.0,1601.0,33.70826,75.13044
JK-ANT,2023-04-15,14.5,23.1,8.0,59,85,0.4,0.4,14.4,211,22.91,4.21,843.7,6.3,1601.0,33.70826,75.13044
JK-ANT,2023-04-16,12.6,18.2,9.5,77,96,8.5,8.5,14.3,286,15.22,2.64,845.0,8.4,1601.0,33.70826,75.13044
JK-ANT,2023-04-17,12.9,19.4,7.8,81,100,1.9,1.9,9.6,350,19.56,3.33,844.6,9.4,1601.0,33.70826,75.13044
JK-ANT,2023-04-18,10.1,13.3,7.5,94,99,35.2,35.2,16.0,292,7.74,1.19,842.9,9.2,1601.0,33.70826,75.13044
JK-ANT,2023-04-19,9.3,12.2,6.6,92,99,39.1,39.1,10.6,302,7.19,1.22,838.9,8.0,1601.0,33.70826,75.13044
JK-ANT,2023-04-20,10.2,19.0,5.2,83,100,4.4,4.4,24.6,309,20.6,3.26,836.1,7.0,1601.0,33.70826,75.13044
JK-ANT,2023-04-21,8.4,14.3,4.4,86,99,21.8,21.8,11.9,310,16.44,2.54,837.8,6.0,1601.0,33.70826,75.13044
JK-ANT,2023-04-22,8.1,13.8,4.4,81,100,11.7,11.6,9.2,148,14.82,2.29,839.2,4.8,1601.0,33.70826,75.13044
JK-ANT,2023-04-23,11.5,19.8,3.7,56,83,0.0,0.0,8.0,100,26.72,4.51,839.8,2.6,1601.0,33.70826,75.13044
JK-ANT,2023-04-24,12.6,21.7,4.5,53,81,0.0,0.0,7.2,103,26.97,4.71,841.1,2.4,1601.0,33.70826,75.13044
JK-ANT,2023-04-25,14.1,22.4,6.9,56,78,0.0,0.0,10.0,305,24.85,4.5,842.7,4.8,1601.0,33.70826,75.13044
JK-ANT,2023-04-26,13.1,20.8,8.2,71,100,10.6,10.6,14.1,8,19.15,3.42,841.7,7.4,1601.0,33.70826,75.13044
JK-ANT,2023-04-27,11.9,18.3,5.8,75,97,20.3,20.3,15.0,344,19.76,3.42,843.1,7.1,1601.0,33.70826,75.13044
JK-ANT,2023-04-28,10.2,16.0,6.1,83,97,4.3,4.3,6.8,182,12.93,2.12,843.9,7.2,1601.0,33.70826,75.13044
JK-ANT,2023-04-29,12.8,21.1,5.5,71,95,0.0,0.0,6.4,276,25.86,4.44,841.2,7.0,1601.0,33.70826,75.13044
JK-ANT,2023-04-30,14.2,21.6,8.6,61,83,0.0,0.0,8.8,158,24.92,4.47,838.0,6.3,1601.0,33.70826,75.13044
JK-ANT,2023-05-01,13.6,18.7,8.7,73,89,0.3,0.3,12.4,129,18.18,3.22,836.8,8.6,1601.0,33.70826,75.13044
JK-ANT,2023-05-02,11.7,14.0,9.7,88,96,33.9,33.9,7.5,291,6.84,1.27,839.2,9.7,1601.0,33.70826,75.13044
JK-ANT,2023-05-03,12.1,17.4,8.3,82,96,2.0,2.0,10.8,151,13.68,2.35,840.6,9.0,1601.0,33.70826,75.13044
JK-ANT,2023-05-04,12.2,18.7,6.9,76,97,1.1,1.1,8.7,337,20.13,3.39,841.3,7.7,1601.0,33.70826,75.13044
JK-ANT,2023-05-05,12.8,18.2,7.2,78,99,3.3,3.3,10.4,260,20.32,3.46,840.9,8.8,1601.0,33.70826,75.13044
JK-ANT,2023-05-06,11.3,16.1,7.3,81,99,8.5,8.5,16.6,285,14.37,2.37,839.6,8.0,1601.0,33.70826,75.13044
JK-ANT,2023-05-07,10.8,17.3,6.7,83,99,18.1,18.1,23.9,298,20.29,3.24,839.5,7.7,1601.0,33.70826,75.13044
JK-ANT,2023-05-08,7.5,12.7,4.7,91,100,71.0,70.5,12.1,285,15.35,2.13,839.5,5.9,1601.0,33.70826,75.13044
JK-ANT,2023-05-09,10.4,17.7,4.6,74,100,5.7,5.7,5.7,314,23.02,3.72,842.7,5.1,1601.0,33.70826,75.13044
JK-ANT,2023-05-10,13.3,21.1,6.2,62,86,0.0,0.0,6.3,67,27.61,4.74,841.8,5.5,1601.0,33.70826,75.13044
JK-ANT,2023-05-11,14.0,23.0,4.7,54,79,0.0,0.0,6.3,100,28.29,5.0,843.1,3.7,1601.0,33.70826,75.13044
JK-ANT,2023-05-12,15.6,23.9,7.1,50,69,0.0,0.0,6.8,187,26.74,4.91,842.2,4.7,1601.0,33.70826,75.13044
JK-ANT,2023-05-13,14.3,21.5,10.0,64,95,1.0,1.0,11.6,208,16.56,3.11,842.9,7.0,1601.0,33.70826,75.13044
JK-ANT,2023-05-14,13.7,18.7,9.4,79,96,0.8,0.8,10.0,192,18.53,3.2,841.4,9.8,1601.0,33.70826,75.13044
JK-ANT,2023-05-15,14.8,20.9,7.9,74,93,1.2,1.2,6.9,171,23.91,4.17,840.0,9.8,1601.0,33.70826,75.13044
JK-ANT,2023-05-16,15.5,23.5,8.3,66,86,0.3,0.3,8.9,132,22.11,4.17,840.2,8.8,1601.0,33.70826,75.13044
JK-ANT,2023-05-17,16.4,23.5,10.0,65,91,0.0,0.0,12.3,140,22.04,4.23,841.2,9.3,1601.0,33.70826,75.13044
JK-ANT,2023-05-18,13.8,16.9,10.6,79,95,3.4,3.4,8.1,145,11.83,2.16,844.1,10.1,1601.0,33.70826,75.13044
JK-ANT,2023-05-19,14.8,22.3,9.2,77,100,0.1,0.1,8.9,32,23.16,4.17,842.1,10.4,1601.0,33.70826,75.13044
JK-ANT,2023-05-20,16.7,24.5,10.2,65,86,0.0,0.0,8.4,68,27.32,5.05,840.9,9.5,1601.0,33.70826,75.13044
JK-ANT,2023-05-21,18.4,27.2,11.5,56,87,0.0,0.0,7.9,113,27.42,5.34,842.2,8.4,1601.0,33.70826,75.13044
JK-ANT,2023-05-22,19.0,27.7,11.3,54,80,0.0,0.0,12.3,234,25.84,5.16,842.8,8.8,1601.0,33.70826,75.13044
JK-ANT,2023-05-23,16.9,21.0,12.9,66,88,8.3,8.3,14.8,302,14.31,2.9,844.2,10.4,1601.0,33.70826,75.13044
JK-ANT,2023-05-24,13.3,16.3,10.8,93,100,57.9,57.9,12.4,283,12.93,2.12,840.2,12.1,1601.0,33.70826,75.13044
JK-ANT,2023-05-25,14.2,18.4,10.8,87,100,14.1,14.1,15.9,313,16.42,2.89,839.4,11.9,1601.0,33.70826,75.13044
JK-ANT,2023-05-26,13.3,19.6,9.5,84,100,11.2,11.2,21.7,298,18.82,3.22,839.4,10.4,1601.0,33.70826,75.13044
JK-ANT,2023-05-27,13.9,19.9,9.4,78,98,6.4,6.4,9.0,261,22.49,3.95,840.5,9.6,1601.0,33.70826,75.13044
JK-ANT,2023-05-28,15.8,23.4,8.7,66,88,0.0,0.0,8.4,167,26.54,4.88,841.1,8.8,1601.0,33.70826,75.13044
JK-ANT,2023-05-29,16.4,24.2,10.6,72,96,4.1,4.1,14.4,135,21.4,4.15,842.9,10.7,1601.0,33.70826,75.13044
JK-ANT,2023-05-30,13.3,14.9,11.7,87,99,18.2,18.2,7.5,12,7.86,1.44,843.0,11.1,1601.0,33.70826,75.13044
JK-ANT,2023-05-31,12.0,14.5,9.5,91,97,18.0,18.0,11.9,292,8.24,1.47,839.7,10.6,1601.0,33.70826,75.13044
JK-ANT,2023-06-01,12.1,14.5,10.3,92,98,16.6,16.6,9.0,334,10.5,1.72,839.1,10.8,1601.0,33.70826,75.13044
JK-ANT,2023-06-02,15.1,21.4,8.7,76,97,0.7,0.7,9.7,205,24.36,4.4,839.1,10.5,1601.0,33.70826,75.13044
JK-ANT,2023-06-03,15.1,21.3,9.0,75,94,4.5,4.5,10.8,202,23.98,4.27,840.6,10.5,1601.0,33.70826,75.13044
JK-ANT,2023-06-04,15.9,22.0,8.5,74,89,0.1,0.1,6.0,181,23.56,4.31,841.5,11.0,1601.0,33.70826,75.13044
JK-ANT,2023-06-05,16.2,23.2,10.6,71,92,2.8,2.8,15.6,161,23.17,4.37,840.3,10.6,1601.0,33.70826,75.13044
JK-ANT,2023-06-06,16.4,22.2,9.6,74,95,0.0,0.0,8.9,311,23.64,4.35,839.9,11.2,1601.0,33.70826,75.13044
JK-ANT,2023-06-07,16.1,22.0,10.2,75,91,1.4,1.4,12.1,157,22.0,4.06,839.6,11.3,1601.0,33.70826,75.13044
JK-ANT,2023-06-08,17.9,25.0,10.7,69,89,0.0,0.0,5.6,132,26.13,4.97,839.7,11.7,1601.0,33.70826,75.13044
JK-ANT,2023-06-09,19.7,27.2,11.5,63,80,0.0,0.0,7.7,124,27.22,5.35,837.4,11.9,1601.0,33.70826,75.13044
JK-ANT,2023-06-10,20.4,27.3,13.8,62,82,1.2,1.2,10.4,142,25.34,5.12,836.5,12.5,1601.0,33.70826,75.13044
JK-ANT,2023-06-11,20.2,25.7,14.8,67,86,0.4,0.4,10.9,149,23.92,4.77,836.6,13.6,1601.0,33.70826,75.13044
JK-ANT,2023-06-12,20.3,27.8,13.9,67,86,0.0,0.0,6.8,145,25.05,5.02,836.4,13.4,1601.0,33.70826,75.13044
JK-ANT,2023-06-13,20.2,26.6,13.6,70,89,0.0,0.0,9.3,215,24.28,4.87,837.0,14.2,1601.0,33.70826,75.13044
JK-ANT,2023-06-14,19.3,24.8,14.7,74,89,1.4,1.4,7.8,132,21.61,4.26,837.6,14.4,1601.0,33.70826,75.13044
JK-ANT,2023-06-15,19.1,24.6,13.3,72,91,0.0,0.0,7.4,147,23.09,4.5,837.2,13.6,1601.0,33.70826,75.13044
JK-ANT,2023-06-16,19.0,25.9,12.7,72,93,0.0,0.0,12.3,129,24.54,4.85,836.9,13.4,1601.0,33.70826,75.13044
JK-ANT,2023-06-17,19.7,27.2,13.5,72,92,0.2,0.2,11.4,125,24.59,4.93,838.1,13.9,1601.0,33.70826,75.13044
JK-ANT,2023-06-18,22.0,29.4,14.6,60,82,0.0,0.0,4.9,104,27.0,5.51,838.5,13.3,1601.0,33.70826,75.13044
JK-ANT,2023-06-19,22.3,30.2,14.9,62,84,0.0,0.0,8.3,116,27.51,5.72,837.4,14.0,1601.0,33.70826,75.13044
JK-ANT,2023-06-20,23.2,31.5,15.5,58,79,0.0,0.0,6.2,93,27.71,5.78,836.7,13.6,1601.0,33.70826,75.13044
JK-ANT,2023-06-21,24.7,32.2,17.4,58,84,0.0,0.0,5.2,121,27.64,5.83,837.4,14.8,1601.0,33.70826,75.13044
JK-ANT,2023-06-22,25.0,32.7,18.1,61,90,0.0,0.0,5.4,143,27.68,5.79,837.6,16.0,1601.0,33.70826,75.13044
JK-ANT,2023-06-23,26.0,33.8,19.4,60,86,0.0,0.0,9.3,138,27.51,6.06,837.5,16.8,1601.0,33.70826,75.13044
JK-ANT,2023-06-24,25.1,31.9,19.5,69,92,0.2,0.2,12.7,124,22.44,5.0,837.0,18.4,1601.0,33.70826,75.13044
JK-ANT,2023-06-25,24.2,31.0,19.1,71,91,1.6,1.6,14.4,125,22.59,4.85,837.0,18.1,1601.0,33.70826,75.13044
JK-ANT,2023-06-26,20.4,23.6,17.8,87,100,19.1,19.1,10.5,33,11.7,2.35,838.3,18.0,1601.0,33.70826,75.13044
JK-ANT,2023-06-27,21.5,26.5,16.8,77,98,0.3,0.3,8.2,187,21.31,4.32,838.3,16.9,1601.0,33.70826,75.13044
JK-ANT,2023-06-28,21.3,27.0,16.3,77,99,0.8,0.8,9.4,210,23.02,4.58,839.4,16.7,1601.0,33.70826,75.13044
JK-ANT,2023-06-29,21.3,27.3,16.4,77,97,2.6,2.6,12.3,146,21.79,4.38,837.9,16.7,1601.0,33.70826,75.13044
JK-ANT,2023-06-30,20.3,25.9,15.7,78,98,0.1,0.1,10.5,176,22.92,4.54,836.7,16.0,1601.0,33.70826,75.13044
JK-ANT,2023-07-01,21.8,29.0,15.0,67,95,0.0,0.0,7.7,133,25.7,5.28,836.8,14.5,1601.0,33.70826,75.13044
JK-ANT,2023-07-02,23.6,30.3,16.2,61,84,0.0,0.0,4.9,118,27.63,5.69,837.4,15.0,1601.0,33.70826,75.13044
JK-ANT,2023-07-03,23.9,31.6,17.6,65,94,5.2,5.2,9.8,102,25.43,5.43,837.5,16.1,1601.0,33.70826,75.13044
JK-ANT,2023-07-04,24.0,29.6,17.3,63,91,0.0,0.0,16.7,147,23.59,5.13,836.2,15.9,1601.0,33.70826,75.13044
JK-ANT,2023-07-05,18.3,21.9,16.2,86,96,17.1,17.1,10.9,40,8.2,1.74,835.8,15.9,1601.0,33.70826,75.13044
JK-ANT,2023-07-06,20.2,26.5,15.0,78,99,2.3,2.3,8.9,177,20.27,4.04,838.0,15.8,1601.0,33.70826,75.13044
JK-ANT,2023-07-07,17.1,21.7,14.2,90,100,13.9,13.9,9.8,311,13.88,2.56,839.0,15.3,1601.0,33.70826,75.13044
JK-ANT,2023-07-08,15.4,18.7,12.7,93,100,18.5,18.5,8.7,103,10.05,1.89,839.8,14.2,1601.0,33.70826,75.13044
JK-ANT,2023-07-09,18.7,24.8,14.3,82,99,0.4,0.4,8.3,50,17.02,3.34,837.6,15.2,1601.0,33.70826,75.13044
JK-ANT,2023-07-10,20.6,28.0,13.6,72,99,0.0,0.0,7.6,102,26.0,5.2,837.9,14.8,1601.0,33.70826,75.13044
JK-ANT,2023-07-11,21.0,27.5,14.8,72,97,0.0,0.0,9.2,147,25.89,5.2,838.1,15.2,1601.0,33.70826,75.13044
JK-ANT,2023-07-12,23.0,29.8,17.2,61,87,0.0,0.0,8.3,128,27.7,5.76,837.2,14.6,1601.0,33.70826,75.13044
JK-ANT,2023-07-13,23.8,30.3,17.4,65,90,0.0,0.0,9.2,112,26.82,5.64,837.4,16.1,1601.0,33.70826,75.13044
JK-ANT,2023-07-14,24.4,30.7,18.6,67,90,0.0,0.0,10.2,124,26.6,5.68,837.9,17.2,1601.0,33.70826,75.13044
JK-ANT,2023-07-15,23.2,28.7,18.5,72,89,0.7,0.7,10.5,132,19.08,4.11,837.3,17.5,1601.0,33.70826,75.13044
JK-ANT,2023-07-16,22.0,27.6,18.9,82,98,0.5,0.5,7.7,142,19.28,3.96,838.2,18.5,1601.0,33.70826,75.13044
JK-ANT,2023-07-17,22.8,28.5,17.8,78,99,0.1,0.1,7.4,164,23.0,4.74,837.9,18.2,1601.0,33.70826,75.13044
JK-ANT,2023-07-18,24.7,31.1,19.1,69,91,0.0,0.0,7.7,133,24.2,5.16,836.6,18.2,1601.0,33.70826,75.13044
JK-ANT,2023-07-19,22.0,25.5,19.9,86,96,4.4,4.4,8.7,331,9.78,2.13,837.4,19.4,1601.0,33.70826,75.13044
JK-ANT,2023-07-20,22.3,28.1,17.8,81,100,0.1,0.1,9.2,171,21.89,4.47,838.3,18.5,1601.0,33.70826,75.13044
JK-ANT,2023-07-21,22.4,27.0,19.5,83,99,0.6,0.6,6.7,184,17.82,3.67,839.5,19.2,1601.0,33.70826,75.13044
JK-ANT,2023-07-22,21.5,26.3,18.6,86,100,1.6,1.6,10.2,316,17.12,3.5,841.6,18.9,1601.0,33.70826,75.13044
JK-ANT,2023-07-23,20.6,25.4,17.6,86,99,0.5,0.5,10.8,228,17.61,3.51,842.1,18.1,1601.0,33.70826,75.13044
JK-ANT,2023-07-24,21.8,27.1,17.2,78,98,0.3,0.3,8.7,197,21.1,4.33,839.7,17.4,1601.0,33.70826,75.13044
JK-ANT,2023-07-25,22.1,27.0,17.7,77,92,0.2,0.2,6.6,171,16.49,3.47,839.3,17.6,1601.0,33.70826,75.13044
JK-ANT,2023-07-26,23.0,28.0,18.3,74,93,0.0,0.0,9.7,144,21.76,4.49,839.1,17.7,1601.0,33.70826,75.13044
JK-ANT,2023-07-27,22.7,28.1,18.1,74,95,0.2,0.2,8.0,159,21.94,4.52,838.5,17.5,1601.0,33.70826,75.13044
JK-ANT,2023-07-28,20.7,25.4,17.6,85,100,8.3,8.3,7.6,156,19.3,3.78,836.7,17.9,1601.0,33.70826,75.13044
JK-ANT,2023-07-29,19.2,24.3,16.6,85,98,2.1,2.1,15.5,317,16.02,3.14,836.6,16.5,1601.0,33.70826,75.13044
JK-ANT,2023-07-30,21.6,28.3,14.8,73,98,0.0,0.0,11.2,190,23.72,4.84,836.3,15.9,1601.0,33.70826,75.13044
JK-ANT,2023-07-31,23.0,28.7,16.3,68,94,0.0,0.0,7.1,155,23.8,4.86,835.5,16.3,1601.0,33.70826,75.13044
JK-ANT,2023-08-01,23.9,30.4,17.5,67,90,0.0,0.0,11.5,154,24.99,5.19,834.8,16.7,1601.0,33.70826,75.13044
JK-ANT,2023-08-02,24.6,31.7,17.9,66,92,0.0,0.0,7.9,126,24.01,5.12,835.2,17.1,1601.0,33.70826,75.13044
JK-ANT,2023-08-03,23.8,30.0,17.8,69,95,0.0,0.0,7.4,169,24.2,5.04,835.9,17.1,1601.0,33.70826,75.13044
JK-ANT,2023-08-04,24.7,31.3,19.6,65,87,0.1,0.1,14.5,167,23.68,5.08,837.4,17.1,1601.0,33.70826,75.13044
JK-ANT,2023-08-05,24.0,30.5,18.5,69,89,0.2,0.2,11.5,154,21.1,4.45,838.7,17.5,1601.0,33.70826,75.13044
JK-ANT,2023-08-06,23.4,29.6,18.7,74,95,3.9,3.9,10.6,237,21.2,4.45,836.0,17.9,1601.0,33.70826,75.13044
JK-ANT,2023-08-07,22.5,27.6,17.8,75,100,0.3,0.3,8.5,227,20.3,4.17,834.4,17.3,1601.0,33.70826,75.13044
JK-ANT,2023-08-08,23.8,30.6,16.9,63,93,0.0,0.0,11.6,131,23.95,5.05,835.0,15.2,1601.0,33.70826,75.13044
JK-ANT,2023-08-09,24.9,32.4,18.5,59,85,0.0,0.0,8.4,130,26.06,5.53,837.8,15.2,1601.0,33.70826,75.13044
JK-ANT,2023-08-10,25.4,32.8,19.7,63,88,0.1,0.1,8.7,152,23.22,5.1,839.1,17.1,1601.0,33.70826,75.13044
JK-ANT,2023-08-11,25.3,32.1,18.9,65,92,0.0,0.0,8.2,126,23.41,5.1,839.4,17.3,1601.0,33.70826,75.13044
JK-ANT,2023-08-12,25.5,32.6,19.1,61,86,0.0,0.0,9.4,167,23.22,5.07,837.4,16.7,1601.0,33.70826,75.13044
JK-ANT,2023-08-13,26.0,33.4,19.1,60,84,0.0,0.0,11.3,143,24.17,5.36,835.1,16.9,1601.0,33.70826,75.13044
JK-ANT,2023-08-14,24.8,30.7,19.9,64,91,0.4,0.4,15.8,146,21.55,4.77,838.4,16.8,1601.0,33.70826,75.13044
JK-ANT,2023-08-15,23.4,30.9,17.9,70,100,1.3,1.3,6.1,148,22.63,4.7,839.8,16.4,1601.0,33.70826,75.13044
JK-ANT,2023-08-16,24.5,32.0,18.3,58,82,0.0,0.0,7.1,153,23.37,4.95,839.5,14.5,1601.0,33.70826,75.13044
JK-ANT,2023-08-17,24.4,31.7,18.4,60,84,0.0,0.0,6.1,150,23.2,4.88,839.0,15.1,1601.0,33.70826,75.13044
JK-ANT,2023-08-18,25.0,32.7,18.7,56,81,0.0,0.0,8.9,158,23.48,5.04,839.7,14.1,1601.0,33.70826,75.13044
JK-ANT,2023-08-19,25.7,32.4,20.0,55,78,0.0,0.0,9.3,131,23.37,5.11,841.2,15.0,1601.0,33.70826,75.13044
JK-ANT,2023-08-20,25.9,33.1,19.7,58,84,0.0,0.0,7.9,139,22.32,4.94,841.4,16.0,1601.0,33.70826,75.13044
JK-ANT,2023-08-21,26.7,33.9,20.1,58,84,0.0,0.0,9.7,128,24.26,5.32,839.6,16.6,1601.0,33.70826,75.13044
JK-ANT,2023-08-22,27.4,34.1,21.6,57,78,0.0,0.0,11.9,154,23.62,5.34,837.7,17.2,1601.0,33.70826,75.13044
JK-ANT,2023-08-23,26.7,34.6,21.1,60,92,1.5,1.5,14.2,146,23.31,5.36,835.7,17.3,1601.0,33.70826,75.13044
JK-ANT,2023-08-24,22.4,27.4,19.2,78,98,14.8,14.8,9.2,211,15.45,3.19,834.8,17.9,1601.0,33.70826,75.13044
JK-ANT,2023-08-25,20.8,26.0,17.5,75,96,5.2,5.2,12.0,178,17.81,3.73,835.4,15.7,1601.0,33.70826,75.13044
JK-ANT,2023-08-26,19.0,23.4,15.9,78,95,1.6,1.6,7.2,108,11.48,2.41,837.4,14.9,1601.0,33.70826,75.13044
JK-ANT,2023-08-27,19.9,27.4,13.9,71,99,0.0,0.0,8.7,136,22.88,4.52,837.0,13.7,1601.0,33.70826,75.13044
JK-ANT,2023-08-28,20.1,27.4,15.0,67,93,0.0,0.0,8.4,141,21.99,4.35,836.3,12.9,1601.0,33.70826,75.13044
JK-ANT,2023-08-29,20.6,28.5,14.2,59,84,0.0,0.0,5.4,158,23.54,4.67,838.8,11.5,1601.0,33.70826,75.13044
JK-ANT,2023-08-30,22.1,30.7,14.1,50,75,0.0,0.0,6.4,130,25.08,5.03,840.3,9.9,1601.0,33.70826,75.13044
JK-ANT,2023-08-31,23.5,32.2,16.7,51,80,0.0,0.0,10.5,135,24.55,5.19,841.2,11.3,1601.0,33.70826,75.13044
JK-ANT,2023-09-01,24.0,33.0,17.6,56,81,0.0,0.0,9.2,129,23.78,5.19,841.1,13.0,1601.0,33.70826,75.13044
JK-ANT,2023-09-02,23.9,32.4,17.1,60,87,0.3,0.3,9.9,149,21.15,4.69,840.1,14.5,1601.0,33.70826,75.13044
JK-ANT,2023-09-03,22.5,28.3,17.8,61,84,0.0,0.0,6.6,174,20.96,4.29,839.8,14.1,1601.0,33.70826,75.13044
JK-ANT,2023-09-04,23.1,31.8,15.3,52,79,0.0,0.0,14.1,148,23.08,5.02,839.1,11.3,1601.0,33.70826,75.13044
JK-ANT,2023-09-05,22.9,31.1,15.4,51,82,0.0,0.0,5.0,143,22.36,4.65,840.4,10.4,1601.0,33.70826,75.13044
JK-ANT,2023-09-06,21.8,30.0,16.5,52,79,0.0,0.0,15.3,152,21.9,4.69,842.1,10.7,1601.0,33.70826,75.13044
JK-ANT,2023-09-07,22.3,31.6,14.4,53,88,0.0,0.0,6.7,150,22.91,4.69,841.7,10.4,1601.0,33.70826,75.13044
JK-ANT,2023-09-08,23.2,31.7,16.1,42,66,0.0,0.0,6.9,123,23.26,4.91,840.7,8.1,1601.0,33.70826,75.13044
JK-ANT,2023-09-09,23.6,31.8,16.2,43,70,0.0,0.0,6.2,119,23.22,4.89,839.5,9.1,1601.0,33.70826,75.13044
JK-ANT,2023-09-10,24.0,31.8,16.6,47,70,0.0,0.0,5.9,121,23.17,4.87,837.4,11.0,1601.0,33.70826,75.13044
JK-ANT,2023-09-11,24.8,32.3,17.5,57,88,0.0,0.0,10.7,115,22.99,4.89,837.9,14.5,1601.0,33.70826,75.13044
JK-ANT,2023-09-12,25.1,33.0,18.3,59,88,0.0,0.0,8.9,122,22.77,4.92,838.3,15.4,1601.0,33.70826,75.13044
JK-ANT,2023-09-13,25.1,33.6,18.7,57,84,0.0,0.0,9.5,125,21.93,4.93,838.6,14.3,1601.0,33.70826,75.13044
JK-ANT,2023-09-14,25.2,31.5,20.0,59,80,0.0,0.0,11.0,152,18.98,4.22,840.3,16.0,1601.0,33.70826,75.13044
JK-ANT,2023-09-15,24.4,31.6,19.5,64,90,1.5,1.5,11.2,126,20.13,4.47,840.7,16.2,1601.0,33.70826,75.13044
JK-ANT,2023-09-16,23.3,30.1,18.5,63,84,0.3,0.3,13.2,143,19.1,4.13,840.8,15.0,1601.0,33.70826,75.13044
JK-ANT,2023-09-17,22.7,30.3,17.5,63,89,0.0,0.0,14.4,141,20.25,4.46,839.9,14.2,1601.0,33.70826,75.13044
JK-ANT,2023-09-18,21.6,27.5,16.6,64,88,0.0,0.0,13.2,131,17.43,3.77,840.3,14.0,1601.0,33.70826,75.13044
JK-ANT,2023-09-19,20.9,27.6,15.9,72,100,9.0,9.0,10.0,129,19.82,4.09,842.5,14.7,1601.0,33.70826,75.13044
JK-ANT,2023-09-20,21.1,27.9,15.9,69,90,1.7,1.7,10.9,145,19.38,4.03,841.7,14.4,1601.0,33.70826,75.13044
JK-ANT,2023-09-21,21.8,29.7,15.8,60,88,0.7,0.7,9.4,135,20.1,4.24,840.8,12.5,1601.0,33.70826,75.13044
JK-ANT,2023-09-22,20.9,28.5,15.2,56,81,0.0,0.0,9.5,133,16.82,3.61,840.7,10.9,1601.0,33.70826,75.13044
JK-ANT,2023-09-23,19.9,27.8,14.5,58,88,0.0,0.0,5.1,154,19.51,3.84,841.3,10.1,1601.0,33.70826,75.13044
JK-ANT,2023-09-24,19.3,26.3,14.0,55,88,0.0,0.0,6.8,170,18.21,3.72,841.1,8.8,1601.0,33.70826,75.13044
JK-ANT,2023-09-25,16.7,23.0,11.4,62,91,0.8,0.8,7.8,223,15.26,2.97,842.1,8.6,1601.0,33.70826,75.13044
JK-ANT,2023-09-26,18.0,26.0,11.0,57,93,0.0,0.0,8.4,163,19.59,3.82,843.0,8.1,1601.0,33.70826,75.13044
JK-ANT,2023-09-27,18.8,28.1,11.2,51,79,0.0,0.0,5.2,138,20.47,3.91,841.9,6.5,1601.0,33.70826,75.13044
JK-ANT,2023-09-28,18.5,28.6,12.4,46,73,0.0,0.0,17.9,121,20.42,4.37,840.9,4.8,1601.0,33.70826,75.13044
JK-ANT,2023-09-29,17.9,27.6,11.7,44,73,0.0,0.0,24.5,133,20.03,4.66,841.2,4.0,1601.0,33.70826,75.13044
JK-ANT,2023-09-30,17.3,26.3,11.6,39,61,0.0,0.0,10.8,148,19.86,3.99,841.9,2.5,1601.0,33.70826,75.13044
JK-ANT,2023-10-01,17.7,25.7,10.9,48,71,0.0,0.0,13.4,101,17.71,3.65,840.9,5.9,1601.0,33.70826,75.13044
JK-ANT,2023-10-02,17.0,24.6,11.7,56,82,0.2,0.2,16.6,282,17.17,3.45,840.9,7.2,1601.0,33.70826,75.13044
JK-ANT,2023-10-03,17.3,25.7,10.2,51,76,0.0,0.0,7.3,162,19.28,3.77,841.8,6.0,1601.0,33.70826,75.13044
JK-ANT,2023-10-04,17.5,26.9,10.4,50,79,0.0,0.0,6.5,159,19.56,3.72,842.1,5.5,1601.0,33.70826,75.13044
JK-ANT,2023-10-05,17.7,27.4,11.0,43,66,0.0,0.0,6.2,115,19.96,3.9,841.4,3.7,1601.0,33.70826,75.13044
JK-ANT,2023-10-06,18.6,27.6,12.0,43,80,0.0,0.0,6.7,165,19.59,3.75,840.1,4.4,1601.0,33.70826,75.13044
JK-ANT,2023-10-07,19.1,27.3,12.0,50,77,0.0,0.0,7.9,135,17.91,3.68,841.8,7.0,1601.0,33.70826,75.13044
JK-ANT,2023-10-08,18.5,26.9,12.7,48,78,0.0,0.0,11.9,137,18.02,3.62,842.3,6.0,1601.0,33.70826,75.13044
JK-ANT,2023-10-09,17.3,26.9,10.5,52,92,2.7,2.7,17.7,136,17.8,3.91,842.8,5.8,1601.0,33.70826,75.13044
JK-ANT,2023-10-10,14.2,20.6,9.9,73,95,2.0,2.0,8.9,343,16.57,2.84,845.0,8.8,1601.0,33.70826,75.13044
JK-ANT,2023-10-11,14.9,23.2,8.8,60,90,0.0,0.0,6.9,68,18.84,3.4,844.2,6.1,1601.0,33.70826,75.13044
JK-ANT,2023-10-12,15.9,24.4,9.2,54,91,0.0,0.0,6.1,124,18.73,3.38,843.6,5.6,1601.0,33.70826,75.13044
JK-ANT,2023-10-13,16.6,24.9,11.5,62,87,0.0,0.0,10.5,121,17.05,3.18,844.4,8.3,1601.0,33.70826,75.13044
JK-ANT,2023-10-14,12.8,15.6,11.2,83,95,10.6,10.6,12.7,252,6.86,1.28,844.8,9.8,1601.0,33.70826,75.13044
JK-ANT,2023-10-15,11.3,15.3,8.8,89,100,16.3,16.3,8.0,269,10.84,1.73,842.7,9.4,1601.0,33.70826,75.13044
JK-ANT,2023-10-16,9.6,11.8,7.7,91,99,20.1,20.1,7.9,353,4.68,0.83,842.1,8.2,1601.0,33.70826,75.13044
JK-ANT,2023-10-17,6.7,9.1,4.1,94,100,8.5,8.5,9.4,36,5.63,0.88,845.4,5.7,1601.0,33.70826,75.13044
JK-ANT,2023-10-18,9.6,15.0,5.0,77,99,0.0,0.0,7.7,64,12.92,2.03,846.1,5.3,1601.0,33.70826,75.13044
JK-ANT,2023-10-19,9.3,16.6,4.2,73,100,0.0,0.0,6.3,85,14.45,2.33,845.0,4.3,1601.0,33.70826,75.13044
JK-ANT,2023-10-20,9.8,17.8,3.2,70,94,0.0,0.0,6.1,97,17.13,2.71,845.2,3.9,1601.0,33.70826,75.13044
JK-ANT,2023-10-21,10.7,18.6,3.5,65,88,0.0,0.0,8.4,78,16.81,2.73,845.2,3.8,1601.0,33.70826,75.13044
JK-ANT,2023-10-22,10.6,16.5,6.4,65,92,0.0,0.0,10.7,156,10.59,1.88,846.2,4.0,1601.0,33.70826,75.13044
JK-ANT,2023-10-23,10.1,17.1,4.6,75,96,0.0,0.0,5.2,115,15.7,2.47,845.2,5.3,1601.0,33.70826,75.13044
JK-ANT,2023-10-24,10.2,17.8,4.4,71,94,0.0,0.0,8.4,215,14.22,2.34,845.2,4.8,1601.0,33.70826,75.13044
JK-ANT,2023-10-25,10.5,17.8,4.6,72,95,0.0,0.0,6.3,102,16.4,2.6,845.9,5.2,1601.0,33.70826,75.13044
JK-ANT,2023-10-26,10.7,18.7,4.7,66,81,0.0,0.0,6.4,93,16.42,2.61,844.7,4.1,1601.0,33.70826,75.13044
JK-ANT,2023-10-27,11.1,19.2,3.4,62,82,0.0,0.0,6.4,136,16.12,2.62,843.5,3.7,1601.0,33.70826,75.13044
JK-ANT,2023-10-28,11.9,19.7,5.4,57,79,0.0,0.0,7.1,131,15.98,2.65,844.2,3.2,1601.0,33.70826,75.13044
JK-ANT,2023-10-29,12.0,20.0,7.2,61,77,0.0,0.0,7.8,156,15.83,2.67,844.0,4.3,1601.0,33.70826,75.13044
JK-ANT,2023-10-30,12.2,19.9,5.8,59,86,0.0,0.0,6.3,175,15.77,2.64,844.8,4.1,1601.0,33.70826,75.13044
JK-ANT,2023-10-31,12.3,19.7,6.5,59,76,0.0,0.0,6.5,187,15.45,2.59,846.2,3.9,1601.0,33.70826,75.13044
JK-ANT,2023-11-01,12.2,20.0,6.7,62,83,0.0,0.0,9.8,219,14.23,2.48,847.1,4.6,1601.0,33.70826,75.13044
JK-ANT,2023-11-02,11.4,17.2,6.8,68,97,0.2,0.2,8.4,202,12.93,2.16,846.3,5.1,1601.0,33.70826,75.13044
JK-ANT,2023-11-03,10.1,16.9,5.3,74,97,0.0,0.0,6.9,120,13.61,2.2,843.7,5.0,1601.0,33.70826,75.13044
JK-ANT,2023-11-04,9.7,17.6,4.6,65,86,0.0,0.0,6.1,137,15.0,2.37,842.9,3.0,1601.0,33.70826,75.13044
JK-ANT,2023-11-05,10.2,17.9,3.8,59,78,0.0,0.0,7.6,169,14.88,2.4,843.8,2.1,1601.0,33.70826,75.13044
JK-ANT,2023-11-06,10.2,17.0,5.8,61,87,0.0,0.0,6.3,205,11.91,1.98,844.7,2.7,1601.0,33.70826,75.13044
JK-ANT,2023-11-07,10.8,17.4,3.4,62,83,0.0,0.0,7.2,155,13.99,2.25,844.7,3.5,1601.0,33.70826,75.13044
JK-ANT,2023-11-08,10.6,17.0,6.1,62,82,0.0,0.0,6.9,192,12.72,2.12,843.0,3.2,1601.0,33.70826,75.13044
JK-ANT,2023-11-09,10.2,18.4,6.0,67,97,0.7,0.7,15.7,292,12.78,2.19,842.7,3.9,1601.0,33.70826,75.13044
JK-ANT,2023-11-10,6.6,9.3,4.1,92,100,19.7,19.7,10.2,323,4.25,0.68,844.7,5.2,1601.0,33.70826,75.13044
JK-ANT,2023-11-11,7.0,13.4,2.2,83,100,0.0,0.0,8.7,24,10.72,1.58,846.9,4.1,1601.0,33.70826,75.13044
JK-ANT,2023-11-12,6.8,13.5,1.6,74,97,0.0,0.0,7.1,327,13.34,1.9,846.7,2.0,1601.0,33.70826,75.13044
JK-ANT,2023-11-13,7.6,14.2,0.4,66,93,0.0,0.0,5.1,251,13.62,1.98,845.8,1.2,1601.0,33.70826,75.13044
JK-ANT,2023-11-14,8.9,15.6,4.0,65,88,0.0,0.0,5.4,59,13.42,1.98,846.5,2.2,1601.0,33.70826,75.13044
JK-ANT,2023-11-15,8.5,15.6,4.3,69,90,0.0,0.0,8.8,27,13.38,2.04,847.0,2.8,1601.0,33.70826,75.13044
JK-ANT,2023-11-16,8.6,15.1,2.4,67,88,0.0,0.0,6.6,23,12.03,1.86,847.5,2.2,1601.0,33.70826,75.13044
JK-ANT,2023-11-17,8.9,15.1,2.1,68,91,0.0,0.0,9.1,337,13.1,1.95,847.9,3.0,1601.0,33.70826,75.13044
JK-ANT,2023-11-18,8.3,13.5,1.8,72,94,0.0,0.0,7.9,256,10.39,1.56,845.1,3.3,1601.0,33.70826,75.13044
JK-ANT,2023-11-19,8.9,14.5,3.2,71,98,0.0,0.0,6.9,203,12.16,1.79,844.8,3.5,1601.0,33.70826,75.13044
JK-ANT,2023-11-20,7.7,14.7,1.4,73,92,0.0,0.0,6.2,210,12.71,1.86,844.9,2.8,1601.0,33.70826,75.13044
JK-ANT,2023-11-21,9.0,15.4,4.2,65,82,0.0,0.0,8.4,330,12.76,1.92,845.4,2.7,1601.0,33.70826,75.13044
JK-ANT,2023-11-22,8.8,14.9,2.4,60,78,0.0,0.0,6.7,326,12.78,1.85,843.3,1.3,1601.0,33.70826,75.13044
JK-ANT,2023-11-23,7.1,14.2,0.6,66,87,0.0,0.0,8.9,277,12.58,1.84,840.0,0.9,1601.0,33.70826,75.13044
JK-ANT,2023-11-24,8.0,14.2,2.9,61,78,0.0,0.0,6.4,191,12.39,1.85,844.8,0.7,1601.0,33.70826,75.13044
JK-ANT,2023-11-25,8.2,13.7,3.1,64,80,0.0,0.0,7.1,305,11.73,1.73,846.3,1.5,1601.0,33.70826,75.13044
JK-ANT,2023-11-26,6.8,12.6,2.3,75,93,0.0,0.0,9.4,315,7.5,1.18,845.5,2.3,1601.0,33.70826,75.13044
JK-ANT,2023-11-27,7.3,12.4,2.7,78,96,0.2,0.2,7.6,237,8.07,1.25,844.1,3.3,1601.0,33.70826,75.13044
JK-ANT,2023-11-28,8.1,13.6,3.4,81,97,0.2,0.2,7.1,180,10.67,1.57,844.2,4.7,1601.0,33.70826,75.13044
JK-ANT,2023-11-29,6.9,12.7,3.2,76,92,0.2,0.2,7.1,14,9.77,1.42,844.6,2.7,1601.0,33.70826,75.13044
JK-ANT,2023-11-30,3.2,5.3,1.6,98,100,17.9,15.7,5.6,3,4.71,0.6,844.8,2.8,1601.0,33.70826,75.13044
JK-ANT,2023-12-01,2.3,6.2,0.0,93,100,2.3,2.3,5.4,97,6.67,0.82,846.6,1.3,1601.0,33.70826,75.13044
JK-ANT,2023-12-02,3.4,7.5,0.6,84,96,0.0,0.0,6.1,326,6.85,0.92,847.1,0.7,1601.0,33.70826,75.13044
JK-ANT,2023-12-03,3.1,8.4,0.1,80,94,0.0,0.0,7.7,339,9.43,1.2,845.8,-0.2,1601.0,33.70826,75.13044
JK-ANT,2023-12-04,4.4,11.5,-0.4,74,92,0.0,0.0,7.2,337,11.66,1.56,843.6,-0.1,1601.0,33.70826,75.13044
JK-ANT,2023-12-05,4.4,11.0,-0.1,60,75,0.0,0.0,8.6,36,12.0,1.61,843.6,-2.9,1601.0,33.70826,75.13044
JK-ANT,2023-12-06,4.7,10.9,-0.5,60,75,0.0,0.0,7.3,13,11.89,1.61,845.2,-2.5,1601.0,33.70826,75.13044
JK-ANT,2023-12-07,4.2,10.6,0.7,65,79,0.0,0.0,8.0,1,11.82,1.58,844.6,-1.9,1601.0,33.70826,75.13044
JK-ANT,2023-12-08,3.3,9.2,-3.0,66,89,0.0,0.0,4.4,290,11.43,1.42,841.8,-2.7,1601.0,33.70826,75.13044
JK-ANT,2023-12-09,3.3,10.5,-2.8,59,80,0.0,0.0,7.2,307,11.64,1.54,842.6,-4.3,1601.0,33.70826,75.13044
JK-ANT,2023-12-10,3.5,10.4,-2.6,54,76,0.0,0.0,9.0,340,11.71,1.57,841.9,-5.2,1601.0,33.70826,75.13044
JK-ANT,2023-12-11,4.1,8.9,-2.9,54,76,0.0,0.0,5.8,271,11.28,1.46,840.7,-4.7,1601.0,33.70826,75.13044
JK-ANT,2023-12-12,4.3,11.3,-1.2,57,83,0.0,0.0,9.1,244,10.77,1.54,839.2,-4.0,1601.0,33.70826,75.13044
JK-ANT,2023-12-13,1.9,10.1,-3.5,67,83,0.0,0.0,7.2,274,11.1,1.45,841.1,-3.8,1601.0,33.70826,75.13044
JK-ANT,2023-12-14,2.2,9.2,-3.8,64,85,0.0,0.0,6.6,289,11.21,1.45,842.9,-4.4,1601.0,33.70826,75.13044
JK-ANT,2023-12-15,2.9,8.6,-3.3,57,83,0.0,0.0,6.4,300,11.47,1.49,842.3,-5.3,1601.0,33.70826,75.13044
JK-ANT,2023-12-16,3.1,11.2,-1.5,62,100,0.6,0.6,13.8,303,9.42,1.42,840.7,-4.0,1601.0,33.70826,75.13044
JK-ANT,2023-12-17,1.1,7.4,-2.7,86,100,0.0,0.0,6.7,300,9.75,1.14,843.7,-1.2,1601.0,33.70826,75.13044
JK-ANT,2023-12-18,2.4,8.4,-1.4,72,89,0.0,0.0,8.7,347,10.99,1.32,846.8,-2.5,1601.0,33.70826,75.13044
JK-ANT,2023-12-19,1.8,8.9,-2.2,64,83,0.0,0.0,8.1,336,11.48,1.48,847.0,-4.5,1601.0,33.70826,75.13044
JK-ANT,2023-12-20,1.3,8.9,-4.4,67,90,0.0,0.0,9.0,323,10.17,1.35,846.2,-4.6,1601.0,33.70826,75.13044
JK-ANT,2023-12-21,2.1,10.7,-3.5,65,82,0.0,0.0,8.6,324,11.31,1.51,844.5,-4.2,1601.0,33.70826,75.13044
JK-ANT,2023-12-22,3.0,9.6,-2.1,66,85,0.0,0.0,6.0,338,9.26,1.26,843.8,-3.1,1601.0,33.70826,75.13044
JK-ANT,2023-12-23,3.6,9.0,0.7,83,100,2.8,2.8,9.1,173,8.72,1.13,846.7,0.8,1601.0,33.70826,75.13044
JK-ANT,2023-12-24,2.0,7.3,-2.3,87,100,0.0,0.0,9.5,329,6.68,0.86,848.8,-0.1,1601.0,33.70826,75.13044
JK-ANT,2023-12-25,3.2,10.6,-2.5,78,96,0.0,0.0,7.6,339,11.22,1.44,845.7,-0.7,1601.0,33.70826,75.13044
JK-ANT,2023-12-26,4.3,9.1,-2.4,68,89,0.0,0.0,5.0,282,11.06,1.37,844.9,-1.3,1601.0,33.70826,75.13044
JK-ANT,2023-12-27,5.7,11.7,-0.9,59,73,0.0,0.0,7.1,335,11.3,1.52,847.4,-1.8,1601.0,33.70826,75.13044
JK-ANT,2023-12-28,4.3,10.4,-2.4,64,83,0.0,0.0,9.3,6,11.54,1.55,846.1,-2.3,1601.0,33.70826,75.13044
JK-ANT,2023-12-29,3.1,9.4,-3.8,65,87,0.0,0.0,4.3,347,11.4,1.43,844.4,-3.5,1601.0,33.70826,75.13044
JK-ANT,2023-12-30,3.4,8.7,-1.9,65,88,0.0,0.0,6.5,207,9.72,1.28,843.0,-3.0,1601.0,33.70826,75.13044
JK-ANT,2023-12-31,4.3,10.6,-2.4,62,80,0.0,0.0,5.5,253,11.51,1.51,842.6,-2.7,1601.0,33.70826,75.13044
