site_id,date,temperature_2m_mean,temperature_2m_max,temperature_2m_min,relative_humidity_2m_mean,relative_humidity_2m_max,precipitation_sum,rain_sum,wind_speed_10m_max,wind_direction_10m_dominant,shortwave_radiation_sum,et0_fao_evapotranspiration,surface_pressure_mean,dew_point_2m_mean,elevation_m,lat,lon
JK-BRM,2020-12-01,5.1,9.5,1.7,55,72,0.0,0.0,4.7,204,12.28,1.6,847.7,-3.3,1580.0,34.20035,74.43609
JK-BRM,2020-12-02,4.5,10.0,0.6,57,71,0.0,0.0,6.9,214,12.35,1.67,846.3,-3.4,1580.0,34.20035,74.43609
JK-BRM,2020-12-03,4.2,9.3,0.2,50,73,0.0,0.0,6.9,210,12.3,1.66,844.4,-5.6,1580.0,34.20035,74.43609
JK-BRM,2020-12-04,3.0,5.3,0.4,64,85,4.7,1.8,6.4,227,6.38,0.88,843.0,-3.4,1580.0,34.20035,74.43609
JK-BRM,2020-12-05,3.7,7.9,-0.1,78,92,3.3,0.9,6.5,242,8.41,1.1,843.6,0.1,1580.0,34.20035,74.43609
JK-BRM,2020-12-06,4.3,8.4,0.2,73,89,0.0,0.0,6.2,226,9.68,1.27,846.2,-0.2,1580.0,34.20035,74.43609
JK-BRM,2020-12-07,4.4,8.0,2.3,71,98,12.9,12.2,8.7,260,4.08,0.71,848.1,-0.7,1580.0,34.20035,74.43609
JK-BRM,2020-12-08,2.7,3.4,2.0,97,99,34.6,31.6,7.0,290,1.83,0.3,847.3,2.2,1580.0,34.20035,74.43609
JK-BRM,2020-12-09,3.8,6.4,1.6,88,96,3.2,3.2,6.3,157,7.11,0.88,845.5,2.0,1580.0,34.20035,74.43609
JK-BRM,2020-12-10,3.8,7.8,0.9,75,86,0.0,0.0,4.7,173,10.9,1.3,845.4,-0.2,1580.0,34.20035,74.43609
JK-BRM,2020-12-11,4.3,7.5,1.2,72,97,3.7,3.4,4.0,249,6.79,0.91,844.5,-0.6,1580.0,34.20035,74.43609
JK-BRM,2020-12-12,1.8,4.0,-0.9,87,97,15.1,1.9,9.4,304,7.25,0.73,841.1,-0.3,1580.0,34.20035,74.43609
JK-BRM,2020-12-13,1.1,2.4,-0.3,71,87,0.0,0.0,4.1,207,10.41,1.08,841.6,-3.7,1580.0,34.20035,74.43609
JK-BRM,2020-12-14,0.3,1.3,-1.3,67,86,0.0,0.0,3.3,206,10.84,1.07,841.1,-5.3,1580.0,34.20035,74.43609
JK-BRM,2020-12-15,-0.2,1.1,-2.5,55,86,0.0,0.0,5.2,222,12.23,1.16,842.1,-8.9,1580.0,34.20035,74.43609
JK-BRM,2020-12-16,-1.8,0.5,-4.9,58,85,0.0,0.0,5.1,224,12.12,1.18,844.2,-9.3,1580.0,34.20035,74.43609
JK-BRM,2020-12-17,-4.0,-0.3,-7.0,49,72,0.0,0.0,5.5,212,12.48,1.24,845.4,-13.7,1580.0,34.20035,74.43609
JK-BRM,2020-12-18,-4.0,-0.5,-8.2,37,69,0.0,0.0,7.0,201,12.59,1.29,845.8,-17.5,1580.0,34.20035,74.43609
JK-BRM,2020-12-19,-3.7,-0.9,-6.9,37,66,0.0,0.0,5.9,202,12.42,1.21,848.2,-17.1,1580.0,34.20035,74.43609
JK-BRM,2020-12-20,-1.7,1.2,-5.9,43,68,0.0,0.0,4.6,221,11.37,1.15,848.4,-13.2,1580.0,34.20035,74.43609
JK-BRM,2020-12-21,0.6,4.2,-5.0,57,78,2.1,0.0,7.0,219,9.8,1.09,845.9,-7.2,1580.0,34.20035,74.43609
JK-BRM,2020-12-22,0.6,2.6,-2.2,67,85,0.0,0.0,5.4,203,11.7,1.23,845.3,-5.0,1580.0,34.20035,74.43609
JK-BRM,2020-12-23,0.4,2.8,-2.9,57,84,0.0,0.0,4.1,219,11.79,1.23,843.3,-7.5,1580.0,34.20035,74.43609
JK-BRM,2020-12-24,0.1,2.8,-2.4,55,87,0.0,0.0,4.7,224,10.22,1.08,843.3,-8.1,1580.0,34.20035,74.43609
JK-BRM,2020-12-25,0.5,3.7,-3.1,42,76,0.0,0.0,4.8,195,9.6,1.13,845.3,-11.3,1580.0,34.20035,74.43609
JK-BRM,2020-12-26,1.9,5.5,-1.0,41,79,0.0,0.0,4.0,212,10.56,1.24,841.7,-10.8,1580.0,34.20035,74.43609
JK-BRM,2020-12-27,0.5,3.6,-2.6,51,81,0.0,0.0,5.5,247,8.61,1.06,836.1,-8.8,1580.0,34.20035,74.43609
JK-BRM,2020-12-28,0.3,3.0,-2.7,69,85,0.7,0.0,8.4,244,5.56,0.75,839.8,-4.9,1580.0,34.20035,74.43609
JK-BRM,2020-12-29,-1.1,3.0,-4.1,75,85,3.7,0.0,6.6,208,11.35,1.14,842.6,-5.1,1580.0,34.20035,74.43609
JK-BRM,2020-12-30,-3.5,1.2,-6.2,56,77,0.0,0.0,5.8,178,11.94,1.16,847.0,-11.3,1580.0,34.20035,74.43609
JK-BRM,2020-12-31,-4.4,0.3,-8.9,49,71,0.0,0.0,7.3,189,11.93,1.13,848.6,-13.9,1580.0,34.20035,74.43609
JK-BRM,2021-01-01,-2.4,2.7,-6.1,42,66,0.0,0.0,5.9,195,11.87,1.3,846.3,-13.9,1580.0,34.20035,74.43609
JK-BRM,2021-01-02,-1.6,3.0,-5.3,37,66,0.0,0.0,6.3,179,12.24,1.29,846.0,-15.2,1580.0,34.20035,74.43609
JK-BRM,2021-01-03,-0.6,3.8,-3.4,71,93,1.4,0.0,8.4,137,8.11,0.92,846.1,-5.7,1580.0,34.20035,74.43609
JK-BRM,2021-01-04,-1.3,1.7,-3.5,90,98,2.3,0.0,8.1,161,9.13,0.9,847.0,-2.7,1580.0,34.20035,74.43609
JK-BRM,2021-01-05,0.2,2.1,-3.1,93,98,15.1,3.2,6.5,294,5.48,0.63,843.7,-0.8,1580.0,34.20035,74.43609
JK-BRM,2021-01-06,2.2,4.1,0.4,84,97,16.0,6.2,7.9,256,9.52,1.09,842.1,-0.4,1580.0,34.20035,74.43609
JK-BRM,2021-01-07,2.7,6.1,-3.8,49,63,0.0,0.0,7.2,232,11.63,1.51,840.5,-7.1,1580.0,34.20035,74.43609
JK-BRM,2021-01-08,-0.6,7.3,-6.1,55,73,0.0,0.0,9.0,245,11.9,1.58,835.8,-8.8,1580.0,34.20035,74.43609
JK-BRM,2021-01-09,-0.2,5.4,-5.5,57,74,0.0,0.0,7.2,237,8.02,1.09,839.2,-7.9,1580.0,34.20035,74.43609
JK-BRM,2021-01-10,2.3,6.1,-2.4,59,75,0.0,0.0,5.2,228,10.97,1.38,840.8,-5.4,1580.0,34.20035,74.43609
JK-BRM,2021-01-11,2.9,5.7,0.2,33,65,0.0,0.0,4.8,231,13.33,1.62,842.1,-13.4,1580.0,34.20035,74.43609
JK-BRM,2021-01-12,1.2,3.3,-1.4,22,68,0.0,0.0,5.6,214,13.45,1.64,843.9,-22.7,1580.0,34.20035,74.43609
JK-BRM,2021-01-13,1.2,5.1,-1.5,17,41,0.0,0.0,5.6,205,13.55,1.66,843.7,-23.5,1580.0,34.20035,74.43609
JK-BRM,2021-01-14,2.0,6.2,-2.8,16,36,0.0,0.0,5.1,213,12.15,1.57,843.3,-21.9,1580.0,34.20035,74.43609
JK-BRM,2021-01-15,3.0,6.4,-0.2,20,44,0.0,0.0,5.2,194,12.93,1.61,842.0,-20.0,1580.0,34.20035,74.43609
JK-BRM,2021-01-16,2.5,5.8,-2.1,21,37,0.0,0.0,4.9,193,13.32,1.58,842.9,-18.2,1580.0,34.20035,74.43609
JK-BRM,2021-01-17,2.9,6.5,0.5,23,48,0.0,0.0,4.8,211,11.56,1.45,841.8,-17.1,1580.0,34.20035,74.43609
JK-BRM,2021-01-18,3.2,7.3,-1.4,29,50,0.0,0.0,4.5,209,12.71,1.59,842.8,-13.7,1580.0,34.20035,74.43609
JK-BRM,2021-01-19,2.8,7.2,-0.2,35,69,0.0,0.0,4.9,194,13.21,1.64,841.9,-11.9,1580.0,34.20035,74.43609
JK-BRM,2021-01-20,1.6,7.1,-2.1,31,64,0.0,0.0,6.5,192,13.51,1.73,842.5,-14.2,1580.0,34.20035,74.43609
JK-BRM,2021-01-21,1.1,6.9,-4.6,26,61,0.0,0.0,7.6,188,12.22,1.71,842.3,-17.2,1580.0,34.20035,74.43609
JK-BRM,2021-01-22,4.3,10.5,0.2,32,59,0.0,0.0,11.9,273,10.18,1.63,839.1,-12.3,1580.0,34.20035,74.43609
JK-BRM,2021-01-23,0.8,2.5,-2.9,85,96,13.9,2.6,7.0,233,4.57,0.55,837.0,-1.4,1580.0,34.20035,74.43609
JK-BRM,2021-01-24,-1.5,1.6,-4.8,60,77,0.0,0.0,7.3,219,14.16,1.47,842.6,-8.5,1580.0,34.20035,74.43609
JK-BRM,2021-01-25,-2.7,0.4,-5.4,57,80,0.0,0.0,4.8,213,14.81,1.4,844.9,-10.4,1580.0,34.20035,74.43609
JK-BRM,2021-01-26,-3.3,-0.3,-7.0,56,77,0.0,0.0,4.0,217,14.69,1.34,844.7,-11.2,1580.0,34.20035,74.43609
JK-BRM,2021-01-27,-3.2,0.1,-6.5,50,78,0.0,0.0,4.3,211,15.29,1.41,845.0,-12.4,1580.0,34.20035,74.43609
JK-BRM,2021-01-28,-3.7,0.1,-7.2,51,75,0.0,0.0,5.9,208,15.11,1.39,845.0,-12.8,1580.0,34.20035,74.43609
JK-BRM,2021-01-29,-4.1,1.1,-7.2,55,73,0.0,0.0,6.1,229,15.47,1.49,844.7,-11.9,1580.0,34.20035,74.43609
JK-BRM,2021-01-30,-3.8,0.7,-9.1,46,76,0.0,0.0,5.2,227,15.68,1.55,844.2,-14.0,1580.0,34.20035,74.43609
JK-BRM,2021-01-31,-1.9,1.9,-6.5,42,74,0.1,0.0,7.7,201,14.99,1.52,844.2,-13.8,1580.0,34.20035,74.43609
JK-BRM,2021-02-01,0.3,3.4,-2.6,66,81,1.2,0.0,7.6,199,14.65,1.62,847.9,-5.6,1580.0,34.20035,74.43609
JK-BRM,2021-02-02,0.8,4.5,-2.4,58,71,0.0,0.0,6.0,223,12.38,1.46,846.1,-6.7,1580.0,34.20035,74.43609
JK-BRM,2021-02-03,0.3,3.5,-2.2,82,94,0.7,0.0,6.2,199,11.11,1.22,845.3,-2.5,1580.0,34.20035,74.43609
JK-BRM,2021-02-04,0.2,4.7,-4.5,84,95,0.5,0.0,6.9,177,12.66,1.41,844.7,-2.1,1580.0,34.20035,74.43609
JK-BRM,2021-02-05,-0.6,4.9,-5.1,72,86,0.0,0.0,10.4,286,15.13,1.68,844.0,-5.1,1580.0,34.20035,74.43609
JK-BRM,2021-02-06,-0.3,5.5,-5.2,62,81,0.0,0.0,6.7,103,15.87,1.75,846.2,-6.8,1580.0,34.20035,74.43609
JK-BRM,2021-02-07,1.2,7.1,-4.3,42,70,0.0,0.0,6.0,182,15.9,2.02,847.4,-10.6,1580.0,34.20035,74.43609
JK-BRM,2021-02-08,3.4,9.1,-2.1,42,72,0.0,0.0,6.6,185,13.52,1.94,847.2,-8.7,1580.0,34.20035,74.43609
JK-BRM,2021-02-09,5.7,11.3,0.2,49,76,0.2,0.2,9.2,223,11.66,1.8,843.7,-4.6,1580.0,34.20035,74.43609
JK-BRM,2021-02-10,4.4,9.9,-0.4,62,75,0.0,0.0,6.9,218,16.02,2.17,844.1,-2.4,1580.0,34.20035,74.43609
JK-BRM,2021-02-11,4.6,10.7,0.2,49,70,0.0,0.0,5.9,230,16.35,2.26,843.5,-5.3,1580.0,34.20035,74.43609
JK-BRM,2021-02-12,5.7,11.0,2.2,41,66,0.0,0.0,6.0,211,16.24,2.31,844.9,-6.8,1580.0,34.20035,74.43609
JK-BRM,2021-02-13,5.6,9.4,2.6,43,70,0.0,0.0,5.0,200,10.89,1.62,844.4,-6.3,1580.0,34.20035,74.43609
JK-BRM,2021-02-14,5.8,11.6,1.8,44,65,0.0,0.0,5.6,222,16.86,2.38,844.2,-5.7,1580.0,34.20035,74.43609
JK-BRM,2021-02-15,5.8,11.2,1.8,48,66,0.0,0.0,5.5,223,17.1,2.43,843.0,-4.6,1580.0,34.20035,74.43609
JK-BRM,2021-02-16,6.0,11.3,2.8,49,66,0.0,0.0,5.6,211,17.44,2.43,843.5,-4.1,1580.0,34.20035,74.43609
JK-BRM,2021-02-17,5.2,11.0,0.9,47,69,0.0,0.0,6.0,220,17.83,2.53,844.0,-5.6,1580.0,34.20035,74.43609
JK-BRM,2021-02-18,5.6,11.5,1.4,47,69,0.0,0.0,8.0,266,17.99,2.5,846.5,-5.2,1580.0,34.20035,74.43609
JK-BRM,2021-02-19,5.4,11.2,1.4,42,63,0.0,0.0,7.1,242,18.09,2.57,848.2,-6.8,1580.0,34.20035,74.43609
JK-BRM,2021-02-20,6.7,12.0,0.9,46,68,0.0,0.0,7.0,219,10.43,1.74,847.6,-4.5,1580.0,34.20035,74.43609
JK-BRM,2021-02-21,8.6,14.3,4.3,48,75,0.0,0.0,5.1,216,16.94,2.57,847.4,-2.0,1580.0,34.20035,74.43609
JK-BRM,2021-02-22,8.3,12.1,5.2,62,80,0.5,0.5,10.8,280,8.79,1.61,845.5,1.2,1580.0,34.20035,74.43609
JK-BRM,2021-02-23,6.6,10.8,3.6,77,89,7.2,7.2,12.0,296,11.75,1.75,843.4,2.7,1580.0,34.20035,74.43609
JK-BRM,2021-02-24,7.5,12.1,3.4,67,82,0.0,0.0,13.0,284,14.39,2.2,843.2,1.5,1580.0,34.20035,74.43609
JK-BRM,2021-02-25,7.7,10.4,5.6,71,85,5.2,5.2,7.6,234,12.2,1.77,843.2,2.8,1580.0,34.20035,74.43609
JK-BRM,2021-02-26,7.1,9.3,5.4,83,91,13.8,13.8,12.1,269,6.65,1.01,838.1,4.3,1580.0,34.20035,74.43609
JK-BRM,2021-02-27,5.4,9.1,1.4,86,97,30.1,29.0,8.7,245,7.33,1.07,836.5,3.2,1580.0,34.20035,74.43609
JK-BRM,2021-02-28,5.8,12.3,-0.2,64,87,0.4,0.4,4.9,236,17.62,2.53,841.2,-0.8,1580.0,34.20035,74.43609
JK-BRM,2021-03-01,6.1,12.9,0.6,52,66,0.0,0.0,5.8,212,19.03,2.84,843.4,-3.1,1580.0,34.20035,74.43609
JK-BRM,2021-03-02,7.1,13.7,0.8,45,58,0.0,0.0,9.2,238,18.56,2.85,844.6,-4.4,1580.0,34.20035,74.43609
JK-BRM,2021-03-03,8.9,15.5,3.7,45,61,0.0,0.0,7.2,259,19.19,3.06,842.7,-2.6,1580.0,34.20035,74.43609
JK-BRM,2021-03-04,8.5,13.4,3.6,59,75,0.2,0.2,8.3,285,16.44,2.58,844.5,0.8,1580.0,34.20035,74.43609
JK-BRM,2021-03-05,8.1,14.4,3.2,57,75,0.0,0.0,8.2,233,18.9,2.96,843.7,-0.2,1580.0,34.20035,74.43609
JK-BRM,2021-03-06,8.7,13.2,2.4,51,68,0.1,0.1,7.2,229,12.3,2.09,843.1,-1.2,1580.0,34.20035,74.43609
JK-BRM,2021-03-07,7.0,9.6,4.6,74,91,14.0,12.8,9.2,288,11.62,1.73,842.9,2.5,1580.0,34.20035,74.43609
JK-BRM,2021-03-08,5.6,9.8,2.4,82,93,11.1,11.1,9.0,247,12.59,1.85,845.8,2.7,1580.0,34.20035,74.43609
JK-BRM,2021-03-09,6.7,12.9,1.3,69,84,0.0,0.0,7.4,232,18.56,2.77,847.0,1.1,1580.0,34.20035,74.43609
JK-BRM,2021-03-10,7.1,11.2,2.3,68,84,0.5,0.5,6.3,233,14.44,2.2,846.1,1.5,1580.0,34.20035,74.43609
JK-BRM,2021-03-11,4.4,5.5,3.0,89,98,19.6,18.7,7.9,267,4.89,0.74,847.4,2.7,1580.0,34.20035,74.43609
JK-BRM,2021-03-12,3.0,4.5,2.0,96,100,19.1,14.9,6.2,237,5.45,0.77,849.2,2.3,1580.0,34.20035,74.43609
JK-BRM,2021-03-13,4.6,10.7,0.3,76,92,0.0,0.0,7.4,183,18.2,2.5,850.1,0.5,1580.0,34.20035,74.43609
JK-BRM,2021-03-14,4.9,9.7,1.8,76,90,5.9,5.5,14.5,266,9.96,1.48,845.2,0.7,1580.0,34.20035,74.43609
JK-BRM,2021-03-15,6.3,13.1,-0.1,68,89,0.0,0.0,7.6,212,20.5,3.03,844.9,0.5,1580.0,34.20035,74.43609
JK-BRM,2021-03-16,9.9,14.7,3.1,56,76,0.0,0.0,5.0,240,19.54,3.08,845.6,1.4,1580.0,34.20035,74.43609
JK-BRM,2021-03-17,8.7,13.2,4.4,71,88,1.1,1.1,8.7,278,16.67,2.57,845.0,3.5,1580.0,34.20035,74.43609
JK-BRM,2021-03-18,8.6,15.0,2.2,71,90,0.1,0.1,6.3,230,19.93,3.1,845.5,3.2,1580.0,34.20035,74.43609
JK-BRM,2021-03-19,10.4,16.7,3.7,58,80,0.0,0.0,8.2,227,22.09,3.57,845.2,2.0,1580.0,34.20035,74.43609
JK-BRM,2021-03-20,10.8,17.1,5.7,53,72,0.0,0.0,7.4,261,21.25,3.52,843.3,1.1,1580.0,34.20035,74.43609
JK-BRM,2021-03-21,9.4,12.9,6.4,65,89,11.5,11.5,14.3,296,6.54,1.35,841.9,2.8,1580.0,34.20035,74.43609
JK-BRM,2021-03-22,6.6,10.2,4.2,87,98,16.0,16.0,10.0,277,5.83,0.99,844.0,4.6,1580.0,34.20035,74.43609
JK-BRM,2021-03-23,4.6,6.3,3.0,90,99,30.9,30.2,8.7,262,6.43,0.91,844.7,3.1,1580.0,34.20035,74.43609
JK-BRM,2021-03-24,4.4,7.4,1.9,89,98,9.3,9.3,9.0,272,9.99,1.32,846.3,2.6,1580.0,34.20035,74.43609
JK-BRM,2021-03-25,6.5,13.6,0.7,76,93,0.0,0.0,5.5,189,21.81,3.18,846.1,2.2,1580.0,34.20035,74.43609
JK-BRM,2021-03-26,8.3,16.1,2.1,59,81,0.0,0.0,6.3,207,24.03,3.73,844.8,0.4,1580.0,34.20035,74.43609
JK-BRM,2021-03-27,11.6,17.8,4.8,54,71,0.0,0.0,6.7,235,20.77,3.5,844.3,2.2,1580.0,34.20035,74.43609
JK-BRM,2021-03-28,11.8,16.0,5.2,61,87,1.4,1.4,11.8,288,16.5,2.9,842.3,4.2,1580.0,34.20035,74.43609
JK-BRM,2021-03-29,10.8,14.6,7.7,84,94,15.5,15.5,8.4,299,14.1,2.27,838.8,8.2,1580.0,34.20035,74.43609
JK-BRM,2021-03-30,9.8,14.6,6.3,74,95,0.2,0.2,5.9,209,18.4,2.89,837.8,5.2,1580.0,34.20035,74.43609
JK-BRM,2021-03-31,10.2,17.9,3.9,56,77,0.0,0.0,9.0,233,23.8,4.01,835.9,1.5,1580.0,34.20035,74.43609
JK-BRM,2021-04-01,10.0,17.9,2.9,41,64,0.0,0.0,10.1,275,25.08,4.39,834.7,-3.6,1580.0,34.20035,74.43609
JK-BRM,2021-04-02,8.5,15.6,0.9,39,70,0.4,0.4,10.2,272,25.11,4.21,835.9,-5.6,1580.0,34.20035,74.43609
JK-BRM,2021-04-03,8.5,16.1,1.5,35,56,0.0,0.0,9.1,269,26.04,4.35,842.1,-6.6,1580.0,34.20035,74.43609
JK-BRM,2021-04-04,8.6,14.4,3.4,48,85,3.8,3.8,12.5,264,11.1,2.27,845.2,-2.9,1580.0,34.20035,74.43609
JK-BRM,2021-04-05,8.7,12.8,5.2,78,90,6.8,6.8,8.0,255,14.01,2.23,845.5,4.9,1580.0,34.20035,74.43609
JK-BRM,2021-04-06,8.8,12.1,5.9,81,90,28.1,28.1,10.0,293,12.79,2.03,843.2,5.6,1580.0,34.20035,74.43609
JK-BRM,2021-04-07,8.4,14.1,3.3,75,98,13.0,13.0,8.2,291,20.83,3.19,844.1,3.8,1580.0,34.20035,74.43609
JK-BRM,2021-04-08,9.1,15.8,3.7,66,93,2.4,2.4,10.6,181,22.55,3.59,843.2,2.5,1580.0,34.20035,74.43609
JK-BRM,2021-04-09,9.2,15.8,2.7,68,92,0.0,0.0,6.8,232,24.17,3.85,844.8,2.9,1580.0,34.20035,74.43609
JK-BRM,2021-04-10,11.2,16.7,6.9,59,81,0.0,0.0,9.8,227,22.47,3.76,847.0,3.2,1580.0,34.20035,74.43609
JK-BRM,2021-04-11,9.4,12.9,5.7,71,87,2.7,2.7,7.8,210,13.52,2.23,847.8,4.2,1580.0,34.20035,74.43609
JK-BRM,2021-04-12,10.9,16.6,6.4,74,94,3.1,3.1,6.8,185,22.18,3.54,848.8,6.0,1580.0,34.20035,74.43609
JK-BRM,2021-04-13,11.5,17.0,6.4,70,88,0.4,0.4,6.6,223,16.44,2.82,847.5,5.9,1580.0,34.20035,74.43609
JK-BRM,2021-04-14,12.6,18.7,6.4,68,89,0.0,0.0,7.4,216,21.65,3.77,845.7,6.5,1580.0,34.20035,74.43609
JK-BRM,2021-04-15,9.4,12.2,6.5,80,89,18.5,18.5,16.4,289,6.45,1.15,845.5,6.0,1580.0,34.20035,74.43609
JK-BRM,2021-04-16,8.8,11.3,6.0,84,93,10.6,10.6,11.5,275,6.64,1.22,844.2,6.2,1580.0,34.20035,74.43609
JK-BRM,2021-04-17,9.3,11.8,7.3,83,94,16.2,16.2,8.4,294,9.11,1.57,842.9,6.6,1580.0,34.20035,74.43609
JK-BRM,2021-04-18,9.7,14.3,6.1,81,95,7.0,7.0,13.0,299,15.82,2.54,844.9,6.4,1580.0,34.20035,74.43609
JK-BRM,2021-04-19,10.8,17.6,4.7,67,93,0.9,0.9,8.7,200,25.71,4.16,843.8,4.1,1580.0,34.20035,74.43609
JK-BRM,2021-04-20,11.5,17.2,6.2,61,78,0.0,0.0,10.2,209,17.18,3.03,841.1,3.9,1580.0,34.20035,74.43609
JK-BRM,2021-04-21,11.5,16.4,6.8,69,85,7.5,7.5,8.8,125,20.91,3.44,840.9,5.9,1580.0,34.20035,74.43609
JK-BRM,2021-04-22,8.5,11.6,6.0,83,94,20.9,20.9,10.6,310,10.3,1.68,841.5,5.6,1580.0,34.20035,74.43609
JK-BRM,2021-04-23,9.2,14.3,4.9,75,91,13.9,13.9,13.5,121,15.77,2.39,842.7,4.9,1580.0,34.20035,74.43609
JK-BRM,2021-04-24,11.5,19.3,4.3,48,69,0.0,0.0,7.0,115,28.16,4.66,845.6,0.6,1580.0,34.20035,74.43609
JK-BRM,2021-04-25,12.7,20.5,5.6,46,69,0.0,0.0,6.6,205,28.29,4.93,846.0,0.8,1580.0,34.20035,74.43609
JK-BRM,2021-04-26,14.4,21.6,7.9,45,67,0.0,0.0,7.5,248,28.11,5.04,845.2,2.3,1580.0,34.20035,74.43609
JK-BRM,2021-04-27,15.8,22.9,8.9,43,61,0.0,0.0,9.5,251,27.97,5.15,845.9,2.6,1580.0,34.20035,74.43609
JK-BRM,2021-04-28,16.6,23.1,9.8,40,58,0.0,0.0,8.0,244,27.87,5.22,846.9,2.4,1580.0,34.20035,74.43609
JK-BRM,2021-04-29,16.4,22.9,10.6,47,71,0.0,0.0,10.0,194,25.39,4.87,846.5,4.3,1580.0,34.20035,74.43609
JK-BRM,2021-04-30,16.1,22.7,8.7,58,77,0.0,0.0,7.1,214,26.4,4.86,845.6,7.3,1580.0,34.20035,74.43609
JK-BRM,2021-05-01,16.6,23.0,10.2,57,74,0.0,0.0,8.3,186,26.63,4.96,845.3,7.6,1580.0,34.20035,74.43609
JK-BRM,2021-05-02,17.4,23.6,11.8,50,69,0.0,0.0,6.4,250,28.1,5.21,845.2,6.6,1580.0,34.20035,74.43609
JK-BRM,2021-05-03,17.8,24.1,12.0,49,71,0.0,0.0,7.5,263,27.31,5.16,842.9,6.5,1580.0,34.20035,74.43609
JK-BRM,2021-05-04,17.0,23.0,10.8,63,91,0.5,0.5,9.2,208,21.67,4.14,842.4,9.5,1580.0,34.20035,74.43609
JK-BRM,2021-05-05,14.8,18.2,11.1,75,93,4.0,4.0,6.1,223,17.41,3.12,844.1,10.2,1580.0,34.20035,74.43609
JK-BRM,2021-05-06,14.4,20.2,8.7,71,88,0.0,0.0,7.8,195,21.8,3.91,844.2,8.8,1580.0,34.20035,74.43609
JK-BRM,2021-05-07,14.5,18.8,10.6,77,87,4.1,4.1,8.2,169,19.31,3.32,844.7,10.4,1580.0,34.20035,74.43609
JK-BRM,2021-05-08,14.7,20.5,10.0,76,85,3.1,3.1,9.4,229,21.15,3.67,844.2,10.3,1580.0,34.20035,74.43609
JK-BRM,2021-05-09,15.6,21.0,10.1,72,84,0.1,0.1,10.1,177,23.06,4.11,842.9,10.4,1580.0,34.20035,74.43609
JK-BRM,2021-05-10,16.5,21.8,10.3,70,81,0.5,0.5,11.2,194,21.66,3.98,841.2,10.8,1580.0,34.20035,74.43609
JK-BRM,2021-05-11,14.8,18.3,11.2,76,89,1.4,1.4,5.6,250,13.7,2.53,841.4,10.4,1580.0,34.20035,74.43609
JK-BRM,2021-05-12,13.5,17.9,10.0,80,93,9.2,9.2,9.6,246,16.27,2.84,839.3,10.0,1580.0,34.20035,74.43609
JK-BRM,2021-05-13,13.1,17.2,9.4,80,93,6.2,6.2,6.5,229,16.44,2.83,839.2,9.5,1580.0,34.20035,74.43609
JK-BRM,2021-05-14,12.5,16.8,7.2,79,96,5.3,5.3,7.9,261,19.37,3.29,840.0,8.7,1580.0,34.20035,74.43609
JK-BRM,2021-05-15,13.2,18.6,8.3,75,91,0.4,0.4,10.0,237,20.49,3.54,842.5,8.6,1580.0,34.20035,74.43609
JK-BRM,2021-05-16,13.9,19.0,9.0,72,87,0.1,0.1,6.6,220,22.12,3.86,845.3,8.7,1580.0,34.20035,74.43609
JK-BRM,2021-05-17,14.8,20.3,9.6,70,89,0.3,0.3,6.0,209,23.61,4.19,845.5,8.9,1580.0,34.20035,74.43609
JK-BRM,2021-05-18,15.9,23.0,10.2,68,92,0.4,0.4,10.5,227,26.22,4.8,844.0,9.5,1580.0,34.20035,74.43609
JK-BRM,2021-05-19,15.4,21.0,9.5,71,89,0.3,0.3,10.4,231,24.1,4.34,840.8,9.8,1580.0,34.20035,74.43609
JK-BRM,2021-05-20,16.7,22.4,10.5,65,85,0.2,0.2,13.6,275,24.31,4.51,839.4,9.6,1580.0,34.20035,74.43609
JK-BRM,2021-05-21,14.4,19.1,10.4,73,91,0.5,0.5,6.8,187,21.91,3.8,842.1,9.5,1580.0,34.20035,74.43609
JK-BRM,2021-05-22,14.2,19.4,8.6,70,86,0.6,0.6,7.6,216,22.58,4.02,842.9,8.6,1580.0,34.20035,74.43609
JK-BRM,2021-05-23,12.5,15.5,8.6,76,88,4.1,4.1,7.4,251,9.48,1.77,843.1,8.4,1580.0,34.20035,74.43609
JK-BRM,2021-05-24,13.4,20.5,6.7,69,89,0.0,0.0,11.8,208,25.25,4.4,843.4,7.4,1580.0,34.20035,74.43609
JK-BRM,2021-05-25,15.0,22.0,8.2,64,81,0.0,0.0,10.3,194,26.66,4.84,841.4,7.7,1580.0,34.20035,74.43609
JK-BRM,2021-05-26,16.7,24.5,8.7,56,78,0.0,0.0,6.9,168,28.94,5.44,840.3,7.6,1580.0,34.20035,74.43609
JK-BRM,2021-05-27,19.2,26.4,11.7,43,63,0.0,0.0,6.8,216,28.8,5.58,841.0,5.6,1580.0,34.20035,74.43609
JK-BRM,2021-05-28,20.5,27.7,12.7,42,65,0.0,0.0,7.0,202,28.56,5.7,841.6,6.7,1580.0,34.20035,74.43609
JK-BRM,2021-05-29,21.1,27.2,14.1,47,69,0.0,0.0,8.8,245,25.56,5.25,842.5,8.6,1580.0,34.20035,74.43609
JK-BRM,2021-05-30,19.9,25.5,12.9,58,77,0.2,0.2,8.2,244,25.45,5.08,842.1,11.2,1580.0,34.20035,74.43609
JK-BRM,2021-05-31,18.8,25.1,14.5,63,89,0.0,0.0,11.7,160,22.04,4.34,839.9,11.4,1580.0,34.20035,74.43609
JK-BRM,2021-06-01,16.2,21.0,12.5,80,96,7.8,7.8,8.6,213,21.35,3.92,840.8,12.7,1580.0,34.20035,74.43609
JK-BRM,2021-06-02,17.1,22.9,11.0,72,90,0.0,0.0,7.8,186,23.92,4.51,841.8,11.8,1580.0,34.20035,74.43609
JK-BRM,2021-06-03,17.6,22.2,13.6,74,89,3.2,3.2,9.4,192,20.69,3.9,842.9,12.8,1580.0,34.20035,74.43609
JK-BRM,2021-06-04,18.1,24.0,12.4,70,87,0.0,0.0,7.6,185,23.89,4.57,843.4,12.3,1580.0,34.20035,74.43609
JK-BRM,2021-06-05,19.9,26.1,12.8,62,77,0.0,0.0,9.8,135,26.95,5.35,842.0,12.0,1580.0,34.20035,74.43609
JK-BRM,2021-06-06,21.5,28.3,13.8,58,73,0.0,0.0,11.8,237,27.36,5.73,841.9,12.3,1580.0,34.20035,74.43609
JK-BRM,2021-06-07,22.6,30.7,14.6,57,77,0.0,0.0,14.4,228,29.01,6.15,840.5,13.1,1580.0,34.20035,74.43609
JK-BRM,2021-06-08,24.0,31.6,16.5,53,73,0.0,0.0,9.6,148,28.99,6.14,839.6,13.2,1580.0,34.20035,74.43609
JK-BRM,2021-06-09,25.0,32.4,17.7,50,75,0.0,0.0,13.0,214,27.62,6.25,838.3,12.8,1580.0,34.20035,74.43609
JK-BRM,2021-06-10,25.3,33.9,17.1,43,63,0.0,0.0,18.4,234,27.51,6.62,837.4,10.8,1580.0,34.20035,74.43609
JK-BRM,2021-06-11,24.3,31.2,17.4,47,63,0.0,0.0,16.6,269,22.91,5.59,837.3,11.6,1580.0,34.20035,74.43609
JK-BRM,2021-06-12,23.3,29.7,17.0,48,63,1.7,1.7,19.9,247,25.0,6.04,837.6,11.4,1580.0,34.20035,74.43609
JK-BRM,2021-06-13,20.7,25.9,17.0,61,81,1.1,1.1,12.6,288,21.17,4.57,838.3,12.6,1580.0,34.20035,74.43609
JK-BRM,2021-06-14,19.2,24.6,14.2,69,93,13.2,13.2,8.3,207,23.84,4.56,837.7,12.7,1580.0,34.20035,74.43609
JK-BRM,2021-06-15,18.1,23.5,13.4,68,88,1.7,1.7,9.7,189,20.89,4.11,834.9,11.7,1580.0,34.20035,74.43609
JK-BRM,2021-06-16,18.8,24.6,13.9,63,91,0.1,0.1,8.2,266,23.21,4.57,836.5,11.0,1580.0,34.20035,74.43609
JK-BRM,2021-06-17,17.4,21.8,13.1,69,87,0.4,0.4,7.9,208,19.64,3.77,839.2,11.4,1580.0,34.20035,74.43609
JK-BRM,2021-06-18,18.7,24.6,12.8,61,85,0.0,0.0,9.0,160,24.75,4.86,839.5,10.6,1580.0,34.20035,74.43609
JK-BRM,2021-06-19,20.4,27.1,12.9,52,71,0.0,0.0,7.7,204,26.93,5.46,838.7,9.6,1580.0,34.20035,74.43609
JK-BRM,2021-06-20,20.8,26.4,15.2,56,78,0.3,0.3,7.6,205,23.81,4.88,839.4,11.1,1580.0,34.20035,74.43609
JK-BRM,2021-06-21,19.0,24.8,14.2,65,87,2.1,2.1,10.5,229,23.98,4.71,841.7,11.7,1580.0,34.20035,74.43609
JK-BRM,2021-06-22,20.1,26.3,13.5,55,76,0.0,0.0,13.4,161,26.22,5.35,841.2,10.3,1580.0,34.20035,74.43609
JK-BRM,2021-06-23,20.6,27.3,13.1,51,68,0.0,0.0,9.8,237,25.09,5.24,841.7,9.6,1580.0,34.20035,74.43609
JK-BRM,2021-06-24,20.6,26.6,14.6,55,76,0.0,0.0,7.1,198,26.65,5.34,841.5,10.8,1580.0,34.20035,74.43609
JK-BRM,2021-06-25,19.6,25.3,13.9,62,81,0.3,0.3,11.1,240,23.49,4.62,839.9,11.8,1580.0,34.20035,74.43609
JK-BRM,2021-06-26,18.7,25.1,14.4,69,86,2.3,2.3,9.3,244,22.14,4.3,841.8,12.5,1580.0,34.20035,74.43609
JK-BRM,2021-06-27,20.1,27.2,13.2,59,82,0.0,0.0,10.4,178,25.38,5.19,844.1,11.1,1580.0,34.20035,74.43609
JK-BRM,2021-06-28,22.3,29.1,14.4,50,72,0.0,0.0,11.4,254,26.75,5.69,843.1,10.6,1580.0,34.20035,74.43609
JK-BRM,2021-06-29,23.5,30.1,15.2,48,70,0.0,0.0,10.2,170,27.71,5.93,840.9,11.0,1580.0,34.20035,74.43609
JK-BRM,2021-06-30,24.8,31.7,16.8,45,67,0.0,0.0,8.4,200,26.3,5.72,838.9,11.2,1580.0,34.20035,74.43609
JK-BRM,2021-07-01,23.7,30.1,18.0,47,64,0.0,0.0,10.0,219,25.64,5.66,837.2,11.2,1580.0,34.20035,74.43609
JK-BRM,2021-07-02,22.8,27.7,17.7,52,67,0.1,0.1,7.9,289,24.1,5.16,838.6,12.0,1580.0,34.20035,74.43609
JK-BRM,2021-07-03,19.5,23.4,15.8,73,89,7.1,7.1,6.2,189,22.09,4.22,840.5,14.3,1580.0,34.20035,74.43609
JK-BRM,2021-07-04,20.5,26.4,14.7,66,83,0.1,0.1,7.7,235,24.8,4.93,841.3,13.5,1580.0,34.20035,74.43609
JK-BRM,2021-07-05,21.4,27.9,15.5,63,77,0.0,0.0,10.5,209,23.44,4.82,841.9,13.6,1580.0,34.20035,74.43609
JK-BRM,2021-07-06,21.9,28.1,15.8,62,79,1.0,1.0,8.9,190,24.68,5.1,841.1,13.9,1580.0,34.20035,74.43609
JK-BRM,2021-07-07,21.9,27.1,16.7,61,72,0.1,0.1,9.2,223,22.99,4.73,840.4,13.9,1580.0,34.20035,74.43609
JK-BRM,2021-07-08,23.2,29.8,16.7,59,73,0.0,0.0,9.4,170,28.04,5.79,839.4,14.6,1580.0,34.20035,74.43609
JK-BRM,2021-07-09,24.8,31.6,17.3,61,79,0.0,0.0,13.8,222,28.35,6.3,839.5,16.3,1580.0,34.20035,74.43609
JK-BRM,2021-07-10,24.4,30.7,18.7,66,81,1.0,1.0,6.9,241,19.56,4.25,839.5,17.2,1580.0,34.20035,74.43609
JK-BRM,2021-07-11,24.9,30.9,18.6,65,80,0.6,0.6,9.3,265,22.04,4.81,840.2,17.5,1580.0,34.20035,74.43609
JK-BRM,2021-07-12,21.2,24.3,18.6,79,90,20.3,20.3,16.0,159,14.07,2.84,841.2,17.4,1580.0,34.20035,74.43609
JK-BRM,2021-07-13,20.4,24.2,17.3,75,92,1.2,1.2,6.0,236,19.52,3.82,841.8,15.7,1580.0,34.20035,74.43609
JK-BRM,2021-07-14,19.5,22.2,17.0,80,94,3.0,3.0,6.9,218,12.55,2.53,841.9,15.9,1580.0,34.20035,74.43609
JK-BRM,2021-07-15,22.1,28.2,14.8,66,86,0.0,0.0,7.9,194,26.33,5.33,842.3,15.1,1580.0,34.20035,74.43609
JK-BRM,2021-07-16,23.6,30.6,16.3,64,82,0.0,0.0,9.6,267,27.3,5.74,842.9,16.0,1580.0,34.20035,74.43609
JK-BRM,2021-07-17,25.0,31.4,17.9,66,82,0.0,0.0,9.1,243,27.17,5.84,840.7,17.8,1580.0,34.20035,74.43609
JK-BRM,2021-07-18,26.2,32.7,20.1,66,83,0.0,0.0,15.9,257,25.62,5.76,837.5,19.1,1580.0,34.20035,74.43609
JK-BRM,2021-07-19,23.2,27.9,19.6,78,95,16.0,16.0,10.7,199,18.96,3.97,836.2,18.9,1580.0,34.20035,74.43609
JK-BRM,2021-07-20,19.7,21.7,17.4,88,95,24.1,24.1,7.1,271,9.29,1.87,836.5,17.7,1580.0,34.20035,74.43609
JK-BRM,2021-07-21,19.0,22.9,16.1,84,97,2.5,2.5,5.6,231,16.39,3.19,836.7,16.1,1580.0,34.20035,74.43609
JK-BRM,2021-07-22,20.4,26.1,14.8,71,94,0.0,0.0,5.5,191,25.16,4.86,836.6,14.5,1580.0,34.20035,74.43609
JK-BRM,2021-07-23,21.5,27.1,15.8,69,84,0.0,0.0,6.8,182,24.07,4.87,837.3,15.2,1580.0,34.20035,74.43609
JK-BRM,2021-07-24,23.6,29.4,18.0,70,85,0.0,0.0,8.0,242,23.98,5.08,838.5,17.7,1580.0,34.20035,74.43609
JK-BRM,2021-07-25,24.1,29.3,18.3,75,89,0.0,0.0,8.0,225,25.2,5.21,837.5,19.2,1580.0,34.20035,74.43609
JK-BRM,2021-07-26,25.2,29.4,21.4,77,88,0.3,0.3,6.3,196,20.17,4.28,836.2,20.8,1580.0,34.20035,74.43609
JK-BRM,2021-07-27,25.8,30.7,22.0,77,93,12.8,12.8,8.1,122,20.72,4.45,834.0,21.3,1580.0,34.20035,74.43609
JK-BRM,2021-07-28,22.0,24.1,20.2,91,98,27.1,27.1,9.3,150,9.94,2.06,835.0,20.4,1580.0,34.20035,74.43609
JK-BRM,2021-07-29,22.4,26.0,19.4,84,98,9.8,9.8,7.4,117,17.89,3.58,836.0,19.5,1580.0,34.20035,74.43609
JK-BRM,2021-07-30,21.8,25.2,19.4,83,98,6.1,6.1,9.2,156,17.65,3.54,838.2,18.8,1580.0,34.20035,74.43609
JK-BRM,2021-07-31,21.8,25.8,17.9,82,94,5.0,5.0,7.6,133,18.85,3.73,839.4,18.6,1580.0,34.20035,74.43609
JK-BRM,2021-08-01,21.4,25.3,18.3,83,94,6.6,6.6,6.6,157,19.47,3.84,837.6,18.3,1580.0,34.20035,74.43609
JK-BRM,2021-08-02,21.7,26.2,17.7,77,94,3.2,3.2,6.3,225,22.01,4.31,838.5,17.2,1580.0,34.20035,74.43609
JK-BRM,2021-08-03,22.5,27.8,17.2,73,88,1.0,1.0,9.3,219,22.52,4.62,839.0,17.2,1580.0,34.20035,74.43609
JK-BRM,2021-08-04,22.2,26.6,17.8,74,84,0.8,0.8,8.4,190,19.9,4.03,839.7,17.1,1580.0,34.20035,74.43609
JK-BRM,2021-08-05,22.3,27.6,16.8,71,87,0.6,0.6,9.0,266,23.16,4.74,838.9,16.6,1580.0,34.20035,74.43609
JK-BRM,2021-08-06,21.4,26.3,16.5,70,84,0.0,0.0,5.2,202,21.92,4.38,839.0,15.5,1580.0,34.20035,74.43609
JK-BRM,2021-08-07,21.9,27.7,16.1,69,85,0.0,0.0,7.8,219,23.67,4.84,840.2,15.6,1580.0,34.20035,74.43609
JK-BRM,2021-08-08,22.2,28.4,16.2,67,83,0.0,0.0,9.1,268,23.32,4.84,840.9,15.3,1580.0,34.20035,74.43609
JK-BRM,2021-08-09,21.6,26.9,16.9,68,83,0.0,0.0,7.6,243,22.53,4.5,841.5,15.2,1580.0,34.20035,74.43609
JK-BRM,2021-08-10,21.4,26.9,16.0,72,90,2.0,2.0,6.6,206,23.75,4.67,840.1,15.9,1580.0,34.20035,74.43609
JK-BRM,2021-08-11,22.3,27.9,16.7,73,84,0.2,0.2,9.5,173,24.08,4.81,839.9,16.9,1580.0,34.20035,74.43609
JK-BRM,2021-08-12,22.9,28.5,17.2,69,87,0.0,0.0,9.0,253,22.81,4.7,840.9,16.5,1580.0,34.20035,74.43609
JK-BRM,2021-08-13,22.9,28.9,17.1,66,84,0.0,0.0,7.7,258,22.44,4.71,839.4,15.9,1580.0,34.20035,74.43609
JK-BRM,2021-08-14,21.1,26.4,16.7,68,81,0.6,0.6,6.3,337,21.64,4.33,838.1,14.7,1580.0,34.20035,74.43609
JK-BRM,2021-08-15,17.1,19.8,14.2,78,91,5.9,5.9,6.1,217,11.63,2.22,840.4,13.2,1580.0,34.20035,74.43609
JK-BRM,2021-08-16,18.3,25.0,12.1,68,87,0.0,0.0,6.5,191,22.58,4.36,843.0,11.8,1580.0,34.20035,74.43609
JK-BRM,2021-08-17,20.6,27.3,13.2,59,78,0.0,0.0,9.3,220,26.72,5.34,842.4,11.9,1580.0,34.20035,74.43609
JK-BRM,2021-08-18,21.6,28.7,14.6,58,78,0.0,0.0,8.8,260,24.69,5.19,840.3,12.4,1580.0,34.20035,74.43609
JK-BRM,2021-08-19,22.0,28.6,15.7,60,77,0.0,0.0,8.2,214,23.48,4.89,839.5,13.3,1580.0,34.20035,74.43609
JK-BRM,2021-08-20,22.2,29.1,15.8,58,75,0.0,0.0,7.3,218,23.71,4.92,841.3,12.9,1580.0,34.20035,74.43609
JK-BRM,2021-08-21,22.0,28.7,15.7,61,78,0.0,0.0,7.6,210,23.54,4.91,843.4,13.5,1580.0,34.20035,74.43609
JK-BRM,2021-08-22,21.9,26.8,15.8,63,82,0.0,0.0,14.5,147,17.14,3.88,843.1,14.0,1580.0,34.20035,74.43609
JK-BRM,2021-08-23,23.2,29.5,17.3,62,82,0.0,0.0,7.9,217,22.73,4.81,841.1,14.9,1580.0,34.20035,74.43609
JK-BRM,2021-08-24,24.0,30.7,17.0,60,82,0.0,0.0,9.2,282,22.88,4.97,839.5,15.2,1580.0,34.20035,74.43609
JK-BRM,2021-08-25,24.5,30.5,18.0,56,73,0.0,0.0,9.8,264,22.45,5.0,838.0,14.8,1580.0,34.20035,74.43609
JK-BRM,2021-08-26,24.2,30.7,18.5,60,77,0.2,0.2,8.3,258,21.78,4.79,836.8,15.5,1580.0,34.20035,74.43609
JK-BRM,2021-08-27,24.3,31.4,18.1,55,79,0.0,0.0,9.7,270,21.41,4.89,838.3,13.9,1580.0,34.20035,74.43609
JK-BRM,2021-08-28,23.1,28.8,18.5,55,72,0.0,0.0,11.4,284,20.68,4.64,839.5,13.0,1580.0,34.20035,74.43609
JK-BRM,2021-08-29,19.8,24.7,16.2,68,88,3.6,3.6,10.1,261,18.23,3.68,841.0,13.3,1580.0,34.20035,74.43609
JK-BRM,2021-08-30,20.2,26.7,14.9,62,80,0.0,0.0,13.0,251,19.93,4.12,843.1,12.2,1580.0,34.20035,74.43609
JK-BRM,2021-08-31,19.9,24.5,15.1,60,79,0.0,0.0,4.9,216,18.75,3.67,845.2,11.6,1580.0,34.20035,74.43609
JK-BRM,2021-09-01,19.8,25.2,14.8,61,82,0.0,0.0,7.6,240,20.72,4.11,845.3,11.4,1580.0,34.20035,74.43609
JK-BRM,2021-09-02,20.8,28.2,13.9,53,76,0.0,0.0,10.2,247,23.45,4.9,842.6,10.0,1580.0,34.20035,74.43609
JK-BRM,2021-09-03,21.6,28.9,14.8,55,75,0.0,0.0,16.9,238,22.49,4.85,841.3,11.4,1580.0,34.20035,74.43609
JK-BRM,2021-09-04,22.3,28.8,17.1,56,74,0.0,0.0,14.1,247,23.01,4.85,841.0,12.6,1580.0,34.20035,74.43609
JK-BRM,2021-09-05,22.6,30.0,15.7,56,74,0.0,0.0,12.1,247,22.32,4.83,840.7,12.8,1580.0,34.20035,74.43609
JK-BRM,2021-09-06,23.2,30.4,16.6,55,73,0.0,0.0,14.4,268,20.18,4.59,842.4,13.2,1580.0,34.20035,74.43609
JK-BRM,2021-09-07,23.3,29.8,16.6,57,76,0.0,0.0,9.8,250,20.16,4.46,843.2,13.9,1580.0,34.20035,74.43609
JK-BRM,2021-09-08,21.6,27.1,17.8,71,93,0.4,0.4,8.1,222,14.16,3.07,843.0,15.7,1580.0,34.20035,74.43609
JK-BRM,2021-09-09,19.7,24.4,16.9,84,94,7.4,7.4,5.2,192,8.42,1.76,842.2,16.7,1580.0,34.20035,74.43609
JK-BRM,2021-09-10,20.6,25.5,17.6,77,93,9.7,9.7,6.1,157,16.4,3.29,842.6,16.1,1580.0,34.20035,74.43609
JK-BRM,2021-09-11,17.9,20.0,16.7,89,95,33.9,33.9,8.2,160,9.73,1.83,842.8,16.0,1580.0,34.20035,74.43609
JK-BRM,2021-09-12,18.4,22.3,15.6,79,93,0.3,0.3,9.0,185,16.14,3.04,841.4,14.4,1580.0,34.20035,74.43609
JK-BRM,2021-09-13,19.2,24.8,14.3,71,89,0.0,0.0,6.0,183,20.42,3.91,840.6,13.6,1580.0,34.20035,74.43609
JK-BRM,2021-09-14,20.0,26.3,14.7,68,83,0.0,0.0,8.0,214,21.66,4.35,843.0,13.8,1580.0,34.20035,74.43609
JK-BRM,2021-09-15,20.1,26.6,14.4,66,81,0.0,0.0,7.2,204,20.62,4.15,843.5,13.2,1580.0,34.20035,74.43609
JK-BRM,2021-09-16,20.6,27.3,14.2,64,83,0.0,0.0,9.4,145,23.02,4.59,840.8,13.3,1580.0,34.20035,74.43609
JK-BRM,2021-09-17,21.2,27.9,14.5,67,82,0.0,0.0,9.3,154,22.71,4.58,840.2,14.3,1580.0,34.20035,74.43609
JK-BRM,2021-09-18,21.6,28.2,15.4,67,84,0.0,0.0,9.4,170,21.72,4.44,842.4,15.0,1580.0,34.20035,74.43609
JK-BRM,2021-09-19,22.0,28.3,15.3,69,90,0.0,0.0,8.4,181,19.19,3.97,844.1,15.5,1580.0,34.20035,74.43609
JK-BRM,2021-09-20,21.6,27.5,16.4,66,83,0.0,0.0,7.4,178,17.42,3.61,843.6,14.5,1580.0,34.20035,74.43609
JK-BRM,2021-09-21,20.2,25.0,15.5,65,80,0.2,0.2,8.7,223,17.23,3.48,842.8,13.0,1580.0,34.20035,74.43609
JK-BRM,2021-09-22,19.7,25.1,15.4,65,90,0.8,0.8,8.0,199,17.9,3.58,842.2,12.4,1580.0,34.20035,74.43609
JK-BRM,2021-09-23,19.5,24.5,15.4,64,90,2.0,2.0,7.8,179,16.97,3.37,843.6,12.2,1580.0,34.20035,74.43609
JK-BRM,2021-09-24,19.5,25.5,14.5,63,82,0.0,0.0,6.5,175,18.71,3.73,845.1,11.7,1580.0,34.20035,74.43609
JK-BRM,2021-09-25,20.2,27.3,13.4,59,83,0.0,0.0,7.9,186,21.06,4.25,843.5,11.5,1580.0,34.20035,74.43609
JK-BRM,2021-09-26,20.9,28.4,13.9,56,77,0.0,0.0,8.6,201,21.52,4.41,842.7,11.1,1580.0,34.20035,74.43609
JK-BRM,2021-09-27,21.2,28.7,13.9,57,78,0.0,0.0,9.0,208,20.09,4.21,843.8,11.6,1580.0,34.20035,74.43609
JK-BRM,2021-09-28,21.7,28.4,16.0,58,80,0.0,0.0,7.4,223,17.5,3.77,844.8,12.4,1580.0,34.20035,74.43609
JK-BRM,2021-09-29,21.7,28.4,14.7,59,81,0.0,0.0,9.6,244,17.93,3.79,845.5,12.6,1580.0,34.20035,74.43609
JK-BRM,2021-09-30,21.9,29.0,15.0,57,77,0.0,0.0,10.6,222,18.23,3.93,845.6,12.3,1580.0,34.20035,74.43609
JK-BRM,2021-10-01,21.9,28.7,15.9,56,73,0.0,0.0,10.5,243,17.6,3.86,845.1,11.9,1580.0,34.20035,74.43609
JK-BRM,2021-10-02,19.7,25.1,15.4,60,75,0.1,0.1,8.3,215,16.09,3.28,844.4,11.5,1580.0,34.20035,74.43609
JK-BRM,2021-10-03,19.1,25.2,14.6,62,79,0.0,0.0,7.4,138,16.53,3.21,843.3,11.2,1580.0,34.20035,74.43609
JK-BRM,2021-10-04,18.6,24.4,13.4,59,91,1.5,1.5,7.8,202,15.71,3.0,843.1,9.7,1580.0,34.20035,74.43609
JK-BRM,2021-10-05,18.7,25.1,12.9,48,65,0.0,0.0,9.1,208,17.16,3.55,845.2,6.8,1580.0,34.20035,74.43609
JK-BRM,2021-10-06,18.3,26.1,11.5,44,67,0.0,0.0,7.3,203,19.78,3.95,845.3,4.9,1580.0,34.20035,74.43609
JK-BRM,2021-10-07,18.4,26.4,11.4,40,56,0.0,0.0,9.7,212,20.07,4.14,842.7,3.7,1580.0,34.20035,74.43609
JK-BRM,2021-10-08,18.4,26.8,11.1,37,59,0.0,0.0,9.0,222,19.58,4.0,841.5,2.7,1580.0,34.20035,74.43609
JK-BRM,2021-10-09,17.7,25.4,10.8,39,52,0.0,0.0,9.9,222,19.18,3.92,842.5,3.2,1580.0,34.20035,74.43609
JK-BRM,2021-10-10,17.1,23.6,11.3,43,81,2.5,2.5,8.9,311,14.9,3.12,842.6,3.5,1580.0,34.20035,74.43609
JK-BRM,2021-10-11,14.1,18.5,11.4,67,84,1.0,1.0,11.5,297,12.65,2.45,844.7,8.0,1580.0,34.20035,74.43609
JK-BRM,2021-10-12,15.5,20.5,10.0,49,80,0.1,0.1,8.0,246,15.74,3.05,844.8,4.2,1580.0,34.20035,74.43609
JK-BRM,2021-10-13,16.3,22.9,11.1,40,61,0.0,0.0,9.7,240,17.36,3.5,844.2,2.0,1580.0,34.20035,74.43609
JK-BRM,2021-10-14,17.0,23.7,10.1,35,59,0.0,0.0,7.2,233,18.32,3.4,845.3,0.6,1580.0,34.20035,74.43609
JK-BRM,2021-10-15,17.9,24.6,10.8,31,54,0.0,0.0,7.1,210,18.39,3.49,843.9,-0.3,1580.0,34.20035,74.43609
JK-BRM,2021-10-16,17.6,25.1,12.3,37,56,0.0,0.0,10.5,245,16.89,3.3,843.6,1.7,1580.0,34.20035,74.43609
JK-BRM,2021-10-17,14.2,18.1,11.4,65,93,11.7,11.7,9.9,269,9.3,1.81,845.4,7.4,1580.0,34.20035,74.43609
JK-BRM,2021-10-18,13.1,17.8,9.8,80,96,3.5,3.5,11.5,129,13.31,2.26,842.4,9.4,1580.0,34.20035,74.43609
JK-BRM,2021-10-19,12.9,19.8,7.7,69,95,0.0,0.0,5.6,199,16.75,2.82,843.1,6.7,1580.0,34.20035,74.43609
JK-BRM,2021-10-20,14.5,21.2,9.4,50,71,0.0,0.0,7.8,205,17.28,3.05,845.2,3.7,1580.0,34.20035,74.43609
JK-BRM,2021-10-21,15.0,21.3,10.1,45,68,0.0,0.0,7.2,197,16.93,3.12,844.9,2.7,1580.0,34.20035,74.43609
JK-BRM,2021-10-22,14.1,21.3,9.2,51,85,2.7,2.7,15.9,326,13.94,2.81,842.7,3.4,1580.0,34.20035,74.43609
JK-BRM,2021-10-23,8.1,10.0,6.7,81,86,19.3,19.3,13.3,153,4.59,0.87,845.1,5.0,1580.0,34.20035,74.43609
JK-BRM,2021-10-24,7.3,10.6,4.4,85,98,7.2,7.2,8.8,123,6.35,1.0,846.5,4.7,1580.0,34.20035,74.43609
JK-BRM,2021-10-25,7.8,12.7,4.3,78,96,0.7,0.7,7.6,167,13.4,1.95,847.4,3.9,1580.0,34.20035,74.43609
JK-BRM,2021-10-26,8.7,14.5,3.6,67,84,0.0,0.0,8.2,194,15.65,2.4,845.3,2.5,1580.0,34.20035,74.43609
JK-BRM,2021-10-27,9.9,15.9,4.8,61,76,0.0,0.0,6.6,192,16.16,2.58,847.4,2.4,1580.0,34.20035,74.43609
JK-BRM,2021-10-28,9.3,15.2,3.7,45,67,0.0,0.0,7.4,188,16.35,2.58,847.8,-2.5,1580.0,34.20035,74.43609
JK-BRM,2021-10-29,9.7,16.2,3.9,47,64,0.0,0.0,6.2,201,15.27,2.47,848.8,-1.7,1580.0,34.20035,74.43609
JK-BRM,2021-10-30,9.6,16.3,4.7,49,67,0.0,0.0,7.1,209,15.87,2.54,848.5,-0.9,1580.0,34.20035,74.43609
JK-BRM,2021-10-31,9.8,15.8,3.4,38,53,0.0,0.0,6.3,178,15.71,2.59,846.1,-3.9,1580.0,34.20035,74.43609
JK-BRM,2021-11-01,8.8,15.3,4.8,55,80,0.0,0.0,10.8,183,12.92,2.19,844.8,-0.2,1580.0,34.20035,74.43609
JK-BRM,2021-11-02,8.5,14.7,3.5,62,80,0.0,0.0,8.8,152,14.21,2.24,847.1,1.3,1580.0,34.20035,74.43609
JK-BRM,2021-11-03,8.2,14.5,2.9,57,73,0.0,0.0,8.7,186,14.77,2.3,846.9,-0.1,1580.0,34.20035,74.43609
JK-BRM,2021-11-04,8.1,13.6,2.3,55,79,0.0,0.0,6.6,213,14.1,2.18,845.4,-0.9,1580.0,34.20035,74.43609
JK-BRM,2021-11-05,6.8,8.9,2.9,74,97,12.4,9.7,11.5,275,5.39,1.06,845.6,2.4,1580.0,34.20035,74.43609
JK-BRM,2021-11-06,6.0,13.1,1.4,69,92,0.0,0.0,6.2,170,13.74,1.97,845.7,0.3,1580.0,34.20035,74.43609
JK-BRM,2021-11-07,7.6,14.8,1.6,53,69,0.0,0.0,6.6,188,14.81,2.27,844.3,-2.0,1580.0,34.20035,74.43609
JK-BRM,2021-11-08,8.8,15.8,2.8,48,61,0.0,0.0,5.8,184,14.52,2.27,846.4,-2.0,1580.0,34.20035,74.43609
JK-BRM,2021-11-09,10.0,15.8,3.6,41,56,0.0,0.0,5.9,196,14.5,2.28,846.5,-3.1,1580.0,34.20035,74.43609
JK-BRM,2021-11-10,10.1,17.2,4.9,37,52,0.0,0.0,4.6,196,14.3,2.25,845.1,-4.2,1580.0,34.20035,74.43609
JK-BRM,2021-11-11,10.4,16.5,4.3,34,53,0.0,0.0,7.4,221,14.24,2.28,844.9,-5.0,1580.0,34.20035,74.43609
JK-BRM,2021-11-12,10.9,16.9,5.3,32,40,0.0,0.0,6.1,212,14.19,2.25,845.3,-5.2,1580.0,34.20035,74.43609
JK-BRM,2021-11-13,10.3,16.1,6.3,35,51,0.0,0.0,7.1,204,14.09,2.24,845.3,-4.7,1580.0,34.20035,74.43609
JK-BRM,2021-11-14,9.5,16.9,3.9,37,60,0.0,0.0,11.9,259,13.66,2.36,842.0,-4.8,1580.0,34.20035,74.43609
JK-BRM,2021-11-15,7.5,14.1,1.8,42,57,0.0,0.0,7.0,213,13.74,2.11,842.4,-5.0,1580.0,34.20035,74.43609
JK-BRM,2021-11-16,7.4,13.7,0.9,41,55,0.0,0.0,6.6,183,13.55,2.1,844.2,-5.2,1580.0,34.20035,74.43609
JK-BRM,2021-11-17,9.4,15.2,2.2,35,48,0.0,0.0,5.7,178,13.21,2.01,845.0,-5.7,1580.0,34.20035,74.43609
JK-BRM,2021-11-18,9.7,16.8,4.1,37,52,0.0,0.0,7.2,215,12.48,2.12,842.6,-4.7,1580.0,34.20035,74.43609
JK-BRM,2021-11-19,9.5,15.7,3.5,39,52,0.0,0.0,6.1,201,13.23,2.0,842.1,-3.9,1580.0,34.20035,74.43609
JK-BRM,2021-11-20,10.3,15.4,5.4,37,63,0.0,0.0,4.7,196,13.25,2.01,842.7,-4.1,1580.0,34.20035,74.43609
JK-BRM,2021-11-21,10.0,15.8,4.9,38,57,0.0,0.0,5.9,215,13.06,2.05,844.4,-4.1,1580.0,34.20035,74.43609
JK-BRM,2021-11-22,9.0,15.2,5.4,42,65,0.0,0.0,6.3,196,13.05,2.04,844.1,-3.7,1580.0,34.20035,74.43609
JK-BRM,2021-11-23,8.3,13.8,2.0,40,59,0.0,0.0,7.5,182,13.08,2.03,842.9,-5.0,1580.0,34.20035,74.43609
JK-BRM,2021-11-24,9.2,14.6,6.0,44,62,0.0,0.0,6.2,206,9.03,1.46,843.2,-2.8,1580.0,34.20035,74.43609
JK-BRM,2021-11-25,8.3,14.7,4.2,53,63,0.0,0.0,7.1,206,12.39,1.9,844.7,-0.8,1580.0,34.20035,74.43609
JK-BRM,2021-11-26,7.3,12.5,2.4,51,68,0.0,0.0,6.0,184,12.46,1.83,844.4,-2.4,1580.0,34.20035,74.43609
JK-BRM,2021-11-27,8.1,14.5,4.3,54,70,0.0,0.0,9.0,215,11.57,1.74,843.9,-1.1,1580.0,34.20035,74.43609
JK-BRM,2021-11-28,8.1,13.4,4.6,49,67,0.0,0.0,6.6,206,11.92,1.76,846.2,-2.1,1580.0,34.20035,74.43609
JK-BRM,2021-11-29,8.4,13.2,2.9,43,59,0.0,0.0,6.8,219,11.82,1.74,847.4,-3.6,1580.0,34.20035,74.43609
JK-BRM,2021-11-30,8.6,13.3,3.2,46,69,0.0,0.0,4.9,175,11.54,1.67,846.4,-2.5,1580.0,34.20035,74.43609
JK-BRM,2021-12-01,9.3,15.1,5.0,42,57,0.0,0.0,6.9,250,12.28,1.9,845.5,-3.2,1580.0,34.20035,74.43609
JK-BRM,2021-12-02,9.7,14.9,6.0,38,55,0.0,0.0,7.0,199,12.01,1.91,845.9,-4.3,1580.0,34.20035,74.43609
JK-BRM,2021-12-03,8.5,13.5,4.6,47,57,0.0,0.0,7.1,240,11.98,1.85,846.3,-2.2,1580.0,34.20035,74.43609
JK-BRM,2021-12-04,9.4,13.6,5.5,54,77,0.0,0.0,6.8,161,9.88,1.5,845.7,0.4,1580.0,34.20035,74.43609
JK-BRM,2021-12-05,4.3,8.3,1.0,85,100,4.9,3.9,7.6,236,6.4,0.88,843.5,2.0,1580.0,34.20035,74.43609
JK-BRM,2021-12-06,2.0,6.7,-1.3,80,90,0.0,0.0,5.2,182,11.17,1.27,845.3,-1.1,1580.0,34.20035,74.43609
JK-BRM,2021-12-07,2.3,6.3,-2.5,64,80,0.0,0.0,5.4,171,11.1,1.3,847.1,-3.9,1580.0,34.20035,74.43609
JK-BRM,2021-12-08,3.2,8.6,-1.0,60,78,0.0,0.0,5.2,185,11.75,1.43,845.6,-4.0,1580.0,34.20035,74.43609
JK-BRM,2021-12-09,3.2,9.2,-1.1,55,69,0.0,0.0,5.6,212,11.36,1.46,847.5,-5.0,1580.0,34.20035,74.43609
JK-BRM,2021-12-10,1.7,7.2,-1.9,53,75,0.0,0.0,5.7,178,11.99,1.45,848.7,-7.0,1580.0,34.20035,74.43609
JK-BRM,2021-12-11,1.5,6.2,-3.1,42,70,0.0,0.0,6.5,175,12.0,1.48,847.6,-10.8,1580.0,34.20035,74.43609
JK-BRM,2021-12-12,2.4,6.5,-2.0,41,67,0.0,0.0,4.1,173,9.65,1.19,846.6,-9.5,1580.0,34.20035,74.43609
JK-BRM,2021-12-13,3.9,8.0,-0.3,40,46,0.0,0.0,4.9,178,11.37,1.39,844.0,-8.5,1580.0,34.20035,74.43609
JK-BRM,2021-12-14,2.4,5.8,-0.7,57,86,1.4,0.0,7.4,324,9.57,1.19,843.1,-5.7,1580.0,34.20035,74.43609
JK-BRM,2021-12-15,0.3,4.9,-3.2,72,84,0.0,0.0,5.7,173,10.85,1.16,844.2,-4.3,1580.0,34.20035,74.43609
JK-BRM,2021-12-16,-0.5,4.7,-4.3,54,68,0.0,0.0,6.5,205,10.74,1.22,842.7,-8.8,1580.0,34.20035,74.43609
JK-BRM,2021-12-17,-0.4,4.5,-3.8,49,64,0.0,0.0,6.3,177,11.58,1.25,845.0,-10.0,1580.0,34.20035,74.43609
JK-BRM,2021-12-18,-0.5,4.5,-4.5,31,55,0.0,0.0,4.9,173,11.93,1.35,846.6,-16.0,1580.0,34.20035,74.43609
JK-BRM,2021-12-19,-0.7,4.2,-4.8,29,62,0.0,0.0,6.5,184,11.73,1.44,847.0,-17.6,1580.0,34.20035,74.43609
JK-BRM,2021-12-20,0.3,5.0,-4.6,33,62,0.0,0.0,6.1,170,9.44,1.22,845.8,-15.2,1580.0,34.20035,74.43609
JK-BRM,2021-12-21,2.1,7.7,-2.5,40,70,0.0,0.0,7.7,188,11.48,1.43,844.2,-10.2,1580.0,34.20035,74.43609
JK-BRM,2021-12-22,3.3,8.0,-1.4,39,67,0.2,0.0,5.6,188,10.34,1.35,842.9,-9.8,1580.0,34.20035,74.43609
JK-BRM,2021-12-23,3.9,7.6,-0.3,62,78,0.4,0.2,5.9,217,7.96,1.09,842.5,-3.1,1580.0,34.20035,74.43609
JK-BRM,2021-12-24,1.3,5.7,-1.6,75,83,0.2,0.1,6.1,186,9.28,1.07,842.7,-2.8,1580.0,34.20035,74.43609
JK-BRM,2021-12-25,1.1,6.4,-2.2,68,78,0.0,0.0,6.1,187,10.4,1.21,843.7,-4.2,1580.0,34.20035,74.43609
JK-BRM,2021-12-26,1.3,5.2,-1.1,71,91,1.1,0.4,4.8,219,5.62,0.76,844.4,-3.6,1580.0,34.20035,74.43609
JK-BRM,2021-12-27,0.3,2.8,-1.7,82,92,8.4,0.2,9.4,264,4.74,0.6,845.8,-2.5,1580.0,34.20035,74.43609
JK-BRM,2021-12-28,-1.2,3.7,-5.1,70,84,0.0,0.0,4.7,165,11.38,1.16,845.7,-6.0,1580.0,34.20035,74.43609
JK-BRM,2021-12-29,-1.6,3.6,-5.6,57,79,0.0,0.0,5.8,155,11.8,1.2,846.0,-9.1,1580.0,34.20035,74.43609
JK-BRM,2021-12-30,-2.2,2.9,-7.0,46,65,0.0,0.0,6.3,173,10.68,1.17,849.5,-12.4,1580.0,34.20035,74.43609
JK-BRM,2021-12-31,-1.2,4.3,-4.6,51,66,0.0,0.0,5.0,167,11.58,1.27,850.2,-10.2,1580.0,34.20035,74.43609
JK-BRM,2022-01-01,-0.1,3.7,-5.4,52,86,1.2,0.0,6.6,185,6.6,0.86,848.5,-9.1,1580.0,34.20035,74.43609
JK-BRM,2022-01-02,1.0,5.5,-1.6,77,91,0.4,0.0,6.0,195,9.46,1.11,848.0,-2.8,1580.0,34.20035,74.43609
JK-BRM,2022-01-03,0.6,4.4,-3.4,65,96,4.3,0.0,5.4,174,6.69,0.87,847.9,-5.4,1580.0,34.20035,74.43609
JK-BRM,2022-01-04,0.9,1.8,-0.2,93,98,11.7,1.5,5.9,156,3.83,0.49,844.1,-0.1,1580.0,34.20035,74.43609
JK-BRM,2022-01-05,1.4,2.4,0.3,91,98,20.5,5.6,6.9,176,4.19,0.53,841.0,-0.0,1580.0,34.20035,74.43609
JK-BRM,2022-01-06,1.0,2.2,-1.1,91,95,5.9,0.1,5.7,145,8.41,0.9,843.4,-0.3,1580.0,34.20035,74.43609
JK-BRM,2022-01-07,0.3,1.8,-1.8,95,97,18.9,0.1,5.2,158,4.35,0.5,842.5,-0.5,1580.0,34.20035,74.43609
JK-BRM,2022-01-08,0.5,1.3,-0.2,95,97,43.5,0.3,5.5,2,3.58,0.46,841.8,-0.1,1580.0,34.20035,74.43609
JK-BRM,2022-01-09,-0.5,1.5,-3.1,86,98,0.7,0.0,6.9,171,12.13,1.18,842.2,-2.7,1580.0,34.20035,74.43609
JK-BRM,2022-01-10,-1.4,0.9,-4.1,68,84,0.3,0.0,9.0,209,11.31,1.2,842.7,-6.7,1580.0,34.20035,74.43609
JK-BRM,2022-01-11,-2.4,0.7,-5.4,62,80,0.0,0.0,6.1,188,12.82,1.24,845.7,-8.8,1580.0,34.20035,74.43609
JK-BRM,2022-01-12,-3.4,-0.8,-7.0,57,81,0.0,0.0,5.8,189,12.94,1.21,845.5,-10.8,1580.0,34.20035,74.43609
JK-BRM,2022-01-13,-2.8,0.3,-6.8,58,73,0.0,0.0,5.4,187,11.25,1.11,844.2,-10.1,1580.0,34.20035,74.43609
JK-BRM,2022-01-14,-3.0,0.2,-6.2,53,69,0.0,0.0,5.7,195,13.25,1.28,845.4,-11.5,1580.0,34.20035,74.43609
JK-BRM,2022-01-15,-3.6,-0.7,-7.7,53,82,0.0,0.0,6.5,183,12.56,1.21,848.1,-12.1,1580.0,34.20035,74.43609
JK-BRM,2022-01-16,-1.8,1.0,-6.2,53,68,0.0,0.0,7.1,180,12.13,1.23,848.2,-10.4,1580.0,34.20035,74.43609
JK-BRM,2022-01-17,-0.3,0.9,-2.8,72,97,4.2,0.1,7.3,188,5.41,0.68,847.6,-5.1,1580.0,34.20035,74.43609
JK-BRM,2022-01-18,0.2,2.1,-1.9,83,96,0.0,0.0,5.8,163,10.5,1.09,846.2,-2.4,1580.0,34.20035,74.43609
JK-BRM,2022-01-19,0.8,3.4,-1.2,79,94,0.7,0.3,6.5,197,5.9,0.72,841.9,-2.5,1580.0,34.20035,74.43609
JK-BRM,2022-01-20,1.1,3.1,-0.9,78,94,0.0,0.0,5.8,182,11.39,1.24,837.2,-2.3,1580.0,34.20035,74.43609
JK-BRM,2022-01-21,2.1,4.6,-0.2,63,84,0.3,0.1,8.4,271,7.6,0.92,836.5,-4.2,1580.0,34.20035,74.43609
JK-BRM,2022-01-22,1.3,2.6,-0.5,82,94,2.7,0.5,6.9,205,6.67,0.81,834.2,-1.6,1580.0,34.20035,74.43609
JK-BRM,2022-01-23,0.7,2.2,-1.1,90,95,0.8,0.0,4.9,201,8.4,0.92,835.5,-0.8,1580.0,34.20035,74.43609
JK-BRM,2022-01-24,0.4,2.7,-1.7,81,90,0.0,0.0,6.3,178,12.86,1.3,838.4,-2.6,1580.0,34.20035,74.43609
JK-BRM,2022-01-25,-0.4,2.1,-2.9,68,78,0.0,0.0,6.2,190,13.55,1.39,839.6,-5.8,1580.0,34.20035,74.43609
JK-BRM,2022-01-26,-1.5,1.9,-4.5,62,73,0.0,0.0,5.6,206,14.22,1.52,839.9,-8.0,1580.0,34.20035,74.43609
JK-BRM,2022-01-27,-2.2,2.3,-5.4,54,70,0.0,0.0,6.5,207,14.56,1.56,841.6,-10.5,1580.0,34.20035,74.43609
JK-BRM,2022-01-28,-1.7,1.5,-5.6,45,74,0.0,0.0,6.7,191,13.64,1.49,842.9,-12.8,1580.0,34.20035,74.43609
JK-BRM,2022-01-29,1.0,5.5,-3.3,50,67,0.0,0.0,5.7,196,13.77,1.63,841.4,-8.4,1580.0,34.20035,74.43609
JK-BRM,2022-01-30,1.8,4.8,-2.2,46,69,0.0,0.0,6.6,193,13.99,1.66,840.1,-8.8,1580.0,34.20035,74.43609
JK-BRM,2022-01-31,2.0,5.0,-1.0,60,89,1.4,0.7,7.4,219,10.48,1.33,837.6,-5.5,1580.0,34.20035,74.43609
JK-BRM,2022-02-01,-0.3,2.7,-3.2,66,85,0.8,0.0,7.4,202,13.04,1.46,838.9,-6.2,1580.0,34.20035,74.43609
JK-BRM,2022-02-02,0.2,3.1,-2.8,64,92,2.9,0.0,7.5,241,10.72,1.25,837.4,-6.6,1580.0,34.20035,74.43609
JK-BRM,2022-02-03,0.6,2.1,-0.9,91,95,2.3,0.1,6.6,116,9.09,0.93,835.1,-0.7,1580.0,34.20035,74.43609
JK-BRM,2022-02-04,-0.7,2.9,-3.7,75,88,0.0,0.0,6.0,273,15.16,1.59,834.2,-4.6,1580.0,34.20035,74.43609
JK-BRM,2022-02-05,-1.8,2.6,-6.2,49,71,0.0,0.0,7.4,227,16.14,1.74,838.6,-11.3,1580.0,34.20035,74.43609
JK-BRM,2022-02-06,1.7,5.0,-0.9,70,90,3.0,2.3,8.3,256,7.71,1.01,841.7,-3.6,1580.0,34.20035,74.43609
JK-BRM,2022-02-07,1.3,3.1,-1.8,84,96,4.5,2.0,6.9,198,14.22,1.57,842.4,-1.2,1580.0,34.20035,74.43609
JK-BRM,2022-02-08,0.0,3.4,-3.1,77,86,1.5,0.1,7.7,203,14.21,1.54,840.5,-3.6,1580.0,34.20035,74.43609
JK-BRM,2022-02-09,-1.2,3.4,-5.5,73,81,0.2,0.0,7.1,223,16.28,1.78,840.9,-5.5,1580.0,34.20035,74.43609
JK-BRM,2022-02-10,-1.2,3.2,-6.5,63,73,0.0,0.0,6.4,212,16.43,1.81,843.0,-7.5,1580.0,34.20035,74.43609
JK-BRM,2022-02-11,-1.3,3.6,-5.8,52,74,0.0,0.0,7.4,202,16.75,1.92,844.1,-10.3,1580.0,34.20035,74.43609
JK-BRM,2022-02-12,-0.1,3.2,-7.6,44,84,0.0,0.0,8.0,190,15.52,1.8,842.6,-11.8,1580.0,34.20035,74.43609
JK-BRM,2022-02-13,2.4,6.5,-1.8,42,71,0.0,0.0,4.3,195,16.31,1.98,841.1,-9.7,1580.0,34.20035,74.43609
JK-BRM,2022-02-14,3.9,7.5,0.4,58,84,0.0,0.0,5.6,201,11.04,1.53,841.4,-4.0,1580.0,34.20035,74.43609
JK-BRM,2022-02-15,3.2,7.5,-0.7,73,86,0.1,0.1,9.9,260,14.99,1.88,841.5,-1.3,1580.0,34.20035,74.43609
JK-BRM,2022-02-16,2.4,7.4,-1.5,69,80,0.0,0.0,4.3,185,15.53,1.92,840.1,-2.8,1580.0,34.20035,74.43609
JK-BRM,2022-02-17,2.6,8.2,-1.8,64,76,0.0,0.0,5.4,167,15.47,1.97,840.1,-3.7,1580.0,34.20035,74.43609
JK-BRM,2022-02-18,2.3,7.2,-1.1,70,85,0.2,0.0,6.9,162,12.02,1.58,841.9,-2.6,1580.0,34.20035,74.43609
JK-BRM,2022-02-19,2.6,7.6,-2.1,67,81,0.0,0.0,5.6,207,15.57,2.02,842.8,-3.2,1580.0,34.20035,74.43609
JK-BRM,2022-02-20,3.1,10.0,-2.1,52,70,0.0,0.0,7.0,181,17.74,2.39,837.8,-6.2,1580.0,34.20035,74.43609
JK-BRM,2022-02-21,3.5,9.6,-2.3,40,49,0.0,0.0,7.2,191,18.22,2.5,838.4,-9.2,1580.0,34.20035,74.43609
JK-BRM,2022-02-22,2.7,5.2,0.2,71,96,7.8,0.8,7.4,214,5.58,0.84,841.2,-2.6,1580.0,34.20035,74.43609
JK-BRM,2022-02-23,0.7,2.7,-1.4,94,98,14.7,0.2,5.8,163,8.17,0.96,841.6,-0.2,1580.0,34.20035,74.43609
JK-BRM,2022-02-24,0.2,3.7,-3.9,84,91,2.2,1.5,6.3,200,13.56,1.51,843.5,-2.1,1580.0,34.20035,74.43609
JK-BRM,2022-02-25,-0.1,2.6,-4.1,90,99,4.6,1.7,4.6,182,10.5,1.23,843.5,-1.6,1580.0,34.20035,74.43609
JK-BRM,2022-02-26,0.1,3.5,-3.7,85,97,0.7,0.0,8.3,219,14.53,1.61,842.8,-2.2,1580.0,34.20035,74.43609
JK-BRM,2022-02-27,-0.8,3.8,-6.6,69,83,0.0,0.0,6.4,195,18.95,2.09,846.7,-6.0,1580.0,34.20035,74.43609
JK-BRM,2022-02-28,0.3,4.7,-5.0,63,87,0.0,0.0,6.5,157,14.77,1.72,846.6,-6.4,1580.0,34.20035,74.43609
JK-BRM,2022-03-01,1.4,3.1,-0.9,80,97,1.7,0.3,5.7,149,6.34,0.83,846.4,-2.0,1580.0,34.20035,74.43609
JK-BRM,2022-03-02,2.2,7.5,-2.2,80,92,0.0,0.0,7.9,146,16.33,1.97,847.2,-0.9,1580.0,34.20035,74.43609
JK-BRM,2022-03-03,3.5,7.1,0.3,76,98,3.6,2.9,6.1,115,7.55,1.09,845.1,-0.4,1580.0,34.20035,74.43609
JK-BRM,2022-03-04,3.5,9.1,0.1,83,97,0.0,0.0,6.2,154,17.49,2.19,847.2,0.7,1580.0,34.20035,74.43609
JK-BRM,2022-03-05,4.1,9.9,-1.6,67,77,0.0,0.0,6.8,151,17.63,2.36,846.4,-1.5,1580.0,34.20035,74.43609
JK-BRM,2022-03-06,6.1,10.7,2.2,66,79,0.6,0.6,10.7,214,11.03,1.77,843.3,0.1,1580.0,34.20035,74.43609
JK-BRM,2022-03-07,4.7,6.8,0.5,86,100,12.3,12.0,7.3,268,7.64,1.06,846.6,2.4,1580.0,34.20035,74.43609
JK-BRM,2022-03-08,4.2,10.2,-0.7,75,93,0.0,0.0,6.2,158,17.69,2.35,847.8,-0.1,1580.0,34.20035,74.43609
JK-BRM,2022-03-09,7.0,13.0,2.0,58,72,0.0,0.0,4.9,187,15.52,2.37,844.9,-1.0,1580.0,34.20035,74.43609
JK-BRM,2022-03-10,8.5,14.9,2.3,54,66,0.0,0.0,7.6,187,19.57,3.1,844.9,-0.3,1580.0,34.20035,74.43609
JK-BRM,2022-03-11,9.4,15.4,4.8,54,70,0.0,0.0,5.5,173,20.87,3.26,846.0,0.4,1580.0,34.20035,74.43609
JK-BRM,2022-03-12,9.3,15.1,3.7,49,65,0.0,0.0,7.7,195,16.79,2.81,845.3,-0.9,1580.0,34.20035,74.43609
JK-BRM,2022-03-13,11.1,16.6,5.1,46,60,0.0,0.0,7.4,162,21.25,3.47,846.9,-0.3,1580.0,34.20035,74.43609
JK-BRM,2022-03-14,11.8,17.5,6.2,43,54,0.0,0.0,5.7,183,20.37,3.43,846.8,-0.6,1580.0,34.20035,74.43609
JK-BRM,2022-03-15,12.0,17.2,7.5,56,73,0.3,0.3,8.6,198,20.7,3.48,845.5,3.3,1580.0,34.20035,74.43609
JK-BRM,2022-03-16,12.1,18.4,5.8,55,73,0.0,0.0,7.6,203,21.45,3.69,844.4,3.2,1580.0,34.20035,74.43609
JK-BRM,2022-03-17,13.0,20.0,7.4,47,66,0.0,0.0,5.9,186,21.88,3.84,845.2,2.0,1580.0,34.20035,74.43609
JK-BRM,2022-03-18,13.8,19.7,8.2,49,71,0.0,0.0,9.7,238,20.85,3.68,844.0,3.0,1580.0,34.20035,74.43609
JK-BRM,2022-03-19,12.2,15.7,8.3,68,80,7.5,7.5,11.2,260,15.42,2.79,844.6,6.2,1580.0,34.20035,74.43609
JK-BRM,2022-03-20,10.9,15.5,7.1,63,75,1.7,1.7,11.0,249,14.92,2.65,842.3,3.9,1580.0,34.20035,74.43609
JK-BRM,2022-03-21,11.4,18.2,5.0,59,78,0.0,0.0,5.9,197,22.28,3.71,844.5,3.2,1580.0,34.20035,74.43609
JK-BRM,2022-03-22,13.1,19.7,6.8,48,67,0.0,0.0,6.0,202,22.65,3.91,844.0,2.0,1580.0,34.20035,74.43609
JK-BRM,2022-03-23,12.9,19.8,6.5,48,75,0.3,0.3,11.5,306,20.26,3.68,842.7,1.8,1580.0,34.20035,74.43609
JK-BRM,2022-03-24,10.6,16.6,5.2,67,90,1.9,1.9,9.3,176,20.64,3.3,843.1,4.3,1580.0,34.20035,74.43609
JK-BRM,2022-03-25,11.8,18.9,4.5,51,74,0.0,0.0,6.0,183,22.99,3.9,843.5,1.4,1580.0,34.20035,74.43609
JK-BRM,2022-03-26,12.8,20.5,5.5,39,45,0.0,0.0,6.8,174,23.54,4.21,845.2,-1.1,1580.0,34.20035,74.43609
JK-BRM,2022-03-27,14.0,21.7,5.8,36,48,0.0,0.0,9.1,196,23.35,4.28,844.9,-1.7,1580.0,34.20035,74.43609
JK-BRM,2022-03-28,16.3,22.9,10.9,36,49,0.0,0.0,8.5,245,22.55,4.36,844.7,0.8,1580.0,34.20035,74.43609
JK-BRM,2022-03-29,16.0,23.9,9.5,36,55,0.0,0.0,8.0,220,23.05,4.53,843.1,-0.1,1580.0,34.20035,74.43609
JK-BRM,2022-03-30,15.7,23.0,8.2,30,41,0.0,0.0,10.2,272,22.62,4.43,843.1,-2.5,1580.0,34.20035,74.43609
JK-BRM,2022-03-31,17.2,23.8,8.9,29,48,0.0,0.0,9.0,270,23.94,4.73,845.9,-1.4,1580.0,34.20035,74.43609
JK-BRM,2022-04-01,16.9,24.3,9.1,27,47,0.0,0.0,6.8,196,24.66,4.71,845.0,-3.1,1580.0,34.20035,74.43609
JK-BRM,2022-04-02,17.4,25.5,9.2,33,50,1.2,1.2,16.3,334,23.36,4.89,844.4,-0.1,1580.0,34.20035,74.43609
JK-BRM,2022-04-03,15.5,21.9,10.4,46,70,0.1,0.1,13.4,289,21.82,4.37,846.9,3.4,1580.0,34.20035,74.43609
JK-BRM,2022-04-04,16.9,23.9,9.5,38,56,0.0,0.0,8.5,214,24.08,4.75,846.2,1.5,1580.0,34.20035,74.43609
JK-BRM,2022-04-05,18.6,25.4,11.0,31,58,0.0,0.0,10.4,312,24.13,5.0,848.3,0.0,1580.0,34.20035,74.43609
JK-BRM,2022-04-06,19.0,25.8,10.7,26,51,0.0,0.0,10.9,315,24.23,5.03,848.4,-1.9,1580.0,34.20035,74.43609
JK-BRM,2022-04-07,19.2,26.2,10.6,23,42,0.0,0.0,11.5,310,25.12,5.22,848.5,-3.6,1580.0,34.20035,74.43609
JK-BRM,2022-04-08,19.5,26.3,10.4,24,38,0.0,0.0,8.7,98,24.89,5.03,846.7,-2.4,1580.0,34.20035,74.43609
JK-BRM,2022-04-09,17.8,22.4,12.7,37,58,0.0,0.0,10.1,156,21.12,4.31,846.6,2.5,1580.0,34.20035,74.43609
JK-BRM,2022-04-10,18.3,25.2,11.5,35,57,0.0,0.0,6.1,336,25.52,4.88,846.4,1.5,1580.0,34.20035,74.43609
JK-BRM,2022-04-11,19.0,26.7,10.1,30,52,0.0,0.0,8.3,216,24.78,5.04,844.3,0.2,1580.0,34.20035,74.43609
JK-BRM,2022-04-12,18.7,26.3,13.1,35,72,1.9,1.9,15.2,155,20.03,4.37,843.9,1.9,1580.0,34.20035,74.43609
JK-BRM,2022-04-13,14.2,19.6,11.3,68,89,16.6,16.6,11.5,258,17.02,3.18,844.8,7.7,1580.0,34.20035,74.43609
JK-BRM,2022-04-14,12.6,17.7,8.4,73,96,0.3,0.3,7.9,219,13.25,2.42,843.1,7.5,1580.0,34.20035,74.43609
JK-BRM,2022-04-15,14.2,21.5,7.6,60,88,0.0,0.0,9.4,118,23.12,4.18,841.7,5.8,1580.0,34.20035,74.43609
JK-BRM,2022-04-16,16.6,24.1,8.9,43,69,0.0,0.0,10.1,116,26.16,5.05,841.4,3.0,1580.0,34.20035,74.43609
JK-BRM,2022-04-17,18.8,25.5,10.5,33,56,0.0,0.0,8.1,175,26.44,5.22,843.4,0.9,1580.0,34.20035,74.43609
JK-BRM,2022-04-18,19.7,26.7,10.7,30,50,0.0,0.0,9.5,180,24.8,5.05,845.6,0.8,1580.0,34.20035,74.43609
JK-BRM,2022-04-19,17.3,23.6,10.8,47,86,0.0,0.0,12.0,221,17.8,3.66,847.9,5.1,1580.0,34.20035,74.43609
JK-BRM,2022-04-20,13.9,21.4,9.4,70,86,5.1,5.1,13.0,162,19.39,3.5,845.9,7.9,1580.0,34.20035,74.43609
JK-BRM,2022-04-21,11.9,15.9,8.9,71,93,8.3,8.3,7.2,188,10.77,2.07,846.2,6.5,1580.0,34.20035,74.43609
JK-BRM,2022-04-22,11.7,17.0,6.7,74,91,0.1,0.1,11.3,166,18.15,3.08,846.4,6.8,1580.0,34.20035,74.43609
JK-BRM,2022-04-23,13.0,18.6,8.3,67,96,0.7,0.7,10.6,168,20.53,3.58,846.5,6.4,1580.0,34.20035,74.43609
JK-BRM,2022-04-24,15.0,22.3,6.9,57,83,0.0,0.0,14.2,142,24.89,4.59,844.8,5.8,1580.0,34.20035,74.43609
JK-BRM,2022-04-25,14.2,19.0,10.4,65,91,2.1,2.1,12.3,169,15.69,2.91,844.1,7.4,1580.0,34.20035,74.43609
JK-BRM,2022-04-26,15.3,23.0,7.9,63,100,0.0,0.0,8.7,174,25.29,4.62,845.7,7.1,1580.0,34.20035,74.43609
JK-BRM,2022-04-27,18.3,25.7,10.5,44,64,0.0,0.0,10.5,163,25.84,5.22,844.8,5.0,1580.0,34.20035,74.43609
JK-BRM,2022-04-28,19.1,26.9,12.9,47,86,1.2,1.2,16.0,164,22.08,4.59,846.3,6.5,1580.0,34.20035,74.43609
JK-BRM,2022-04-29,17.8,24.6,11.9,62,96,0.0,0.0,8.9,132,25.05,4.8,847.3,9.5,1580.0,34.20035,74.43609
JK-BRM,2022-04-30,18.8,25.5,12.5,50,69,0.0,0.0,10.9,154,24.13,4.92,842.7,7.4,1580.0,34.20035,74.43609
JK-BRM,2022-05-01,20.9,28.7,12.8,44,64,0.0,0.0,7.6,111,26.91,5.48,842.1,7.0,1580.0,34.20035,74.43609
JK-BRM,2022-05-02,21.9,29.1,15.0,36,59,0.0,0.0,10.8,164,24.56,5.28,841.2,5.5,1580.0,34.20035,74.43609
JK-BRM,2022-05-03,19.0,26.9,11.8,51,86,0.5,0.5,12.2,165,21.12,4.31,843.1,7.6,1580.0,34.20035,74.43609
JK-BRM,2022-05-04,14.7,20.5,10.8,71,85,0.3,0.3,9.1,252,15.65,3.0,844.8,9.1,1580.0,34.20035,74.43609
JK-BRM,2022-05-05,15.3,22.1,8.8,68,92,0.6,0.6,9.9,188,22.37,4.02,844.1,9.0,1580.0,34.20035,74.43609
JK-BRM,2022-05-06,15.2,21.7,9.7,68,85,0.6,0.6,11.4,208,22.25,4.06,843.7,9.0,1580.0,34.20035,74.43609
JK-BRM,2022-05-07,17.3,24.9,10.3,60,79,0.0,0.0,8.6,79,25.62,4.92,844.1,9.0,1580.0,34.20035,74.43609
JK-BRM,2022-05-08,20.4,27.2,13.2,47,68,0.0,0.0,9.3,93,25.64,5.14,842.9,8.1,1580.0,34.20035,74.43609
JK-BRM,2022-05-09,20.3,27.9,14.3,48,71,0.0,0.0,15.1,282,24.0,5.0,843.1,8.4,1580.0,34.20035,74.43609
JK-BRM,2022-05-10,20.3,27.4,12.8,51,78,0.0,0.0,9.4,272,24.55,5.02,843.4,9.2,1580.0,34.20035,74.43609
JK-BRM,2022-05-11,21.3,28.2,13.7,50,73,0.3,0.3,8.3,247,25.28,5.19,842.3,9.7,1580.0,34.20035,74.43609
JK-BRM,2022-05-12,20.1,28.1,15.0,54,76,0.5,0.5,17.6,204,24.3,5.02,842.2,9.8,1580.0,34.20035,74.43609
JK-BRM,2022-05-13,21.3,28.5,13.7,42,69,0.0,0.0,9.1,204,26.48,5.42,841.0,6.2,1580.0,34.20035,74.43609
JK-BRM,2022-05-14,22.2,30.0,12.9,31,53,0.0,0.0,12.4,143,27.67,6.0,840.5,3.3,1580.0,34.20035,74.43609
JK-BRM,2022-05-15,21.5,28.6,16.0,33,53,0.0,0.0,12.6,223,22.98,5.15,842.3,3.9,1580.0,34.20035,74.43609
JK-BRM,2022-05-16,18.9,24.9,13.4,48,66,0.0,0.0,11.0,311,22.22,4.69,843.2,7.1,1580.0,34.20035,74.43609
JK-BRM,2022-05-17,18.5,26.5,13.3,58,96,2.4,2.4,10.7,204,22.56,4.57,842.0,9.0,1580.0,34.20035,74.43609
JK-BRM,2022-05-18,18.7,26.3,11.5,60,95,0.0,0.0,9.3,166,26.02,5.19,843.3,9.7,1580.0,34.20035,74.43609
JK-BRM,2022-05-19,19.6,25.5,14.5,53,75,0.0,0.0,15.0,197,21.51,4.47,843.0,9.2,1580.0,34.20035,74.43609
JK-BRM,2022-05-20,15.0,17.9,12.2,70,84,18.8,18.8,9.4,240,11.98,2.39,841.7,9.5,1580.0,34.20035,74.43609
JK-BRM,2022-05-21,14.9,21.0,9.4,68,94,0.0,0.0,9.4,180,21.39,3.97,839.3,8.5,1580.0,34.20035,74.43609
JK-BRM,2022-05-22,15.1,21.7,9.6,72,91,7.3,7.3,12.5,181,23.13,4.16,835.7,9.8,1580.0,34.20035,74.43609
JK-BRM,2022-05-23,14.6,19.6,10.6,74,97,10.3,10.3,11.3,217,18.84,3.45,836.9,9.5,1580.0,34.20035,74.43609
JK-BRM,2022-05-24,15.1,20.1,11.4,68,91,1.4,1.4,6.4,135,19.98,3.61,841.1,8.9,1580.0,34.20035,74.43609
JK-BRM,2022-05-25,17.9,25.5,9.8,60,79,0.0,0.0,10.2,90,27.93,5.32,841.4,9.6,1580.0,34.20035,74.43609
JK-BRM,2022-05-26,19.3,26.9,11.8,58,75,0.3,0.3,18.7,257,26.07,5.54,839.7,10.3,1580.0,34.20035,74.43609
JK-BRM,2022-05-27,20.6,27.1,12.6,55,76,1.1,1.1,11.0,17,24.71,5.15,839.2,10.5,1580.0,34.20035,74.43609
JK-BRM,2022-05-28,18.3,23.5,14.3,65,91,1.5,1.5,9.3,159,19.45,3.83,839.5,11.3,1580.0,34.20035,74.43609
JK-BRM,2022-05-29,18.2,24.1,12.6,65,85,1.2,1.2,15.9,219,23.78,4.64,840.2,11.1,1580.0,34.20035,74.43609
JK-BRM,2022-05-30,16.9,22.2,12.9,71,95,1.9,1.9,12.6,217,20.94,3.97,841.1,11.2,1580.0,34.20035,74.43609
JK-BRM,2022-05-31,17.1,23.5,11.8,66,90,2.4,2.4,9.7,165,22.9,4.42,842.0,10.0,1580.0,34.20035,74.43609
JK-BRM,2022-06-01,16.2,21.3,13.3,68,84,0.7,0.7,14.1,235,19.76,3.81,843.1,10.0,1580.0,34.20035,74.43609
JK-BRM,2022-06-02,17.5,24.8,10.3,59,85,0.9,0.9,13.9,205,24.58,4.91,842.5,8.7,1580.0,34.20035,74.43609
JK-BRM,2022-06-03,19.7,26.8,12.0,49,73,0.7,0.7,9.5,179,26.09,5.32,841.6,8.0,1580.0,34.20035,74.43609
JK-BRM,2022-06-04,20.2,27.8,12.5,47,70,0.0,0.0,10.0,191,26.06,5.56,842.2,7.7,1580.0,34.20035,74.43609
JK-BRM,2022-06-05,21.8,29.1,14.8,41,59,0.0,0.0,9.2,176,27.36,5.77,842.4,7.1,1580.0,34.20035,74.43609
JK-BRM,2022-06-06,22.7,30.4,15.5,38,55,0.0,0.0,11.4,198,26.77,5.95,841.8,6.9,1580.0,34.20035,74.43609
JK-BRM,2022-06-07,23.4,29.3,15.7,37,57,0.0,0.0,12.5,250,24.85,5.42,841.9,7.1,1580.0,34.20035,74.43609
JK-BRM,2022-06-08,22.3,28.7,15.7,41,62,0.4,0.4,16.5,221,23.61,5.07,841.2,7.8,1580.0,34.20035,74.43609
JK-BRM,2022-06-09,21.7,29.3,16.0,45,65,0.0,0.0,10.6,172,22.86,4.94,840.5,8.7,1580.0,34.20035,74.43609
JK-BRM,2022-06-10,20.8,27.0,13.7,50,79,0.0,0.0,11.4,149,23.46,5.03,841.5,9.2,1580.0,34.20035,74.43609
JK-BRM,2022-06-11,21.2,28.0,16.0,49,69,1.2,1.2,12.4,186,24.37,5.11,841.3,9.7,1580.0,34.20035,74.43609
JK-BRM,2022-06-12,20.2,24.1,15.6,55,69,3.2,3.2,7.2,206,22.13,4.37,842.0,10.9,1580.0,34.20035,74.43609
JK-BRM,2022-06-13,20.5,26.5,14.8,58,78,1.1,1.1,9.0,171,22.97,4.7,843.9,11.6,1580.0,34.20035,74.43609
JK-BRM,2022-06-14,23.4,30.9,15.3,45,69,0.1,0.1,9.8,204,27.0,5.8,842.4,9.9,1580.0,34.20035,74.43609
JK-BRM,2022-06-15,24.2,32.1,17.0,41,57,0.0,0.0,17.6,193,25.1,5.79,840.4,9.3,1580.0,34.20035,74.43609
JK-BRM,2022-06-16,23.0,28.8,17.7,46,66,0.0,0.0,8.4,184,23.35,5.08,840.1,10.3,1580.0,34.20035,74.43609
JK-BRM,2022-06-17,20.3,25.3,16.4,63,87,5.6,5.6,13.3,81,17.7,3.74,839.9,12.6,1580.0,34.20035,74.43609
JK-BRM,2022-06-18,16.8,20.5,14.2,73,92,2.5,2.5,7.6,200,16.21,3.1,840.2,11.6,1580.0,34.20035,74.43609
JK-BRM,2022-06-19,15.2,18.8,12.6,77,93,3.4,3.4,8.7,238,13.32,2.57,839.8,11.0,1580.0,34.20035,74.43609
JK-BRM,2022-06-20,14.8,18.2,12.2,80,95,6.0,6.0,10.0,214,13.44,2.52,837.8,11.2,1580.0,34.20035,74.43609
JK-BRM,2022-06-21,14.1,15.8,12.3,82,92,15.0,15.0,7.9,296,6.06,1.37,836.7,11.0,1580.0,34.20035,74.43609
JK-BRM,2022-06-22,14.8,18.5,11.6,76,88,16.2,16.2,8.7,275,16.93,3.07,842.9,10.5,1580.0,34.20035,74.43609
JK-BRM,2022-06-23,17.1,23.7,10.2,66,85,0.0,0.0,6.4,207,24.92,4.72,843.7,10.3,1580.0,34.20035,74.43609
JK-BRM,2022-06-24,20.1,27.5,12.5,54,72,0.0,0.0,8.0,199,28.83,5.65,841.1,10.1,1580.0,34.20035,74.43609
JK-BRM,2022-06-25,22.3,29.1,15.0,52,71,0.0,0.0,7.6,229,29.02,6.01,839.0,11.5,1580.0,34.20035,74.43609
JK-BRM,2022-06-26,22.8,30.0,15.9,57,74,0.0,0.0,8.1,199,25.64,5.46,840.2,13.3,1580.0,34.20035,74.43609
JK-BRM,2022-06-27,23.3,31.0,15.6,59,76,0.0,0.0,8.3,222,27.92,5.9,841.2,14.2,1580.0,34.20035,74.43609
JK-BRM,2022-06-28,24.3,31.0,16.8,62,76,0.0,0.0,9.5,119,27.47,5.81,838.8,16.2,1580.0,34.20035,74.43609
JK-BRM,2022-06-29,25.1,32.5,17.9,60,78,0.0,0.0,11.6,216,27.37,6.09,836.0,16.4,1580.0,34.20035,74.43609
JK-BRM,2022-06-30,25.6,32.1,19.1,63,78,0.0,0.0,11.6,195,27.3,6.08,836.1,17.8,1580.0,34.20035,74.43609
JK-BRM,2022-07-01,25.6,31.3,20.9,66,87,1.2,1.2,16.6,257,25.0,5.69,837.4,18.5,1580.0,34.20035,74.43609
JK-BRM,2022-07-02,25.9,31.6,20.4,63,81,0.3,0.3,13.8,251,26.13,5.91,836.9,18.1,1580.0,34.20035,74.43609
JK-BRM,2022-07-03,26.3,31.8,21.5,63,81,0.3,0.3,8.4,230,24.87,5.53,838.4,18.2,1580.0,34.20035,74.43609
JK-BRM,2022-07-04,26.8,32.9,20.6,63,88,0.9,0.9,8.6,207,25.65,5.67,838.8,18.5,1580.0,34.20035,74.43609
JK-BRM,2022-07-05,24.3,28.4,20.9,71,85,1.3,1.3,6.6,169,16.7,3.68,839.7,18.5,1580.0,34.20035,74.43609
JK-BRM,2022-07-06,23.8,29.9,19.9,70,90,0.3,0.3,11.9,133,19.55,4.24,842.8,17.6,1580.0,34.20035,74.43609
JK-BRM,2022-07-07,24.3,29.4,19.7,69,92,0.2,0.2,8.1,90,22.04,4.75,843.9,17.9,1580.0,34.20035,74.43609
JK-BRM,2022-07-08,25.5,30.8,19.4,63,83,2.8,2.8,9.0,152,22.57,4.96,840.6,17.5,1580.0,34.20035,74.43609
JK-BRM,2022-07-09,23.5,29.0,19.9,75,95,5.7,5.7,9.5,89,19.71,4.15,838.4,18.5,1580.0,34.20035,74.43609
JK-BRM,2022-07-10,21.9,25.6,18.4,79,97,5.0,5.0,13.2,101,16.92,3.42,839.2,17.9,1580.0,34.20035,74.43609
JK-BRM,2022-07-11,20.1,23.4,17.6,82,96,2.4,2.4,8.6,331,11.77,2.45,840.6,16.9,1580.0,34.20035,74.43609
JK-BRM,2022-07-12,21.2,26.3,15.9,72,93,0.1,0.1,7.3,165,16.21,3.41,839.7,15.5,1580.0,34.20035,74.43609
JK-BRM,2022-07-13,21.0,26.3,16.3,70,90,0.1,0.1,6.1,184,12.84,2.76,837.8,15.0,1580.0,34.20035,74.43609
JK-BRM,2022-07-14,18.2,21.5,16.5,82,94,12.8,12.8,7.1,188,10.62,2.14,839.3,15.1,1580.0,34.20035,74.43609
JK-BRM,2022-07-15,19.8,25.1,15.1,76,94,0.7,0.7,13.5,155,21.5,4.19,842.2,15.0,1580.0,34.20035,74.43609
JK-BRM,2022-07-16,20.0,24.8,17.0,76,94,3.5,3.5,10.5,161,19.38,3.81,843.4,15.3,1580.0,34.20035,74.43609
JK-BRM,2022-07-17,22.4,28.8,16.2,67,90,0.0,0.0,13.2,156,24.63,5.03,843.3,15.5,1580.0,34.20035,74.43609
JK-BRM,2022-07-18,24.6,31.0,17.4,62,84,0.0,0.0,12.2,191,26.43,5.77,841.5,16.4,1580.0,34.20035,74.43609
JK-BRM,2022-07-19,25.5,31.5,18.7,62,82,0.4,0.4,9.7,303,24.37,5.36,839.6,17.4,1580.0,34.20035,74.43609
JK-BRM,2022-07-20,24.9,30.4,19.6,68,84,0.3,0.3,9.4,139,24.73,5.32,837.9,18.2,1580.0,34.20035,74.43609
JK-BRM,2022-07-21,23.6,28.1,19.4,70,90,0.9,0.9,11.4,135,13.13,3.08,839.7,17.5,1580.0,34.20035,74.43609
JK-BRM,2022-07-22,24.9,30.0,20.2,62,83,1.2,1.2,7.1,115,18.11,4.05,842.4,16.8,1580.0,34.20035,74.43609
JK-BRM,2022-07-23,24.2,27.5,20.6,67,88,2.7,2.7,5.9,113,11.66,2.78,842.0,17.5,1580.0,34.20035,74.43609
JK-BRM,2022-07-24,22.2,26.3,19.5,84,98,35.0,35.0,6.4,94,11.73,2.51,842.1,19.2,1580.0,34.20035,74.43609
JK-BRM,2022-07-25,22.5,27.0,19.0,79,93,10.5,10.5,9.7,116,16.87,3.46,843.5,18.6,1580.0,34.20035,74.43609
JK-BRM,2022-07-26,22.9,27.3,18.9,79,93,20.8,20.8,10.5,129,19.39,3.96,843.8,18.9,1580.0,34.20035,74.43609
JK-BRM,2022-07-27,22.1,26.4,18.9,84,96,17.4,17.4,8.7,129,16.05,3.23,842.8,19.2,1580.0,34.20035,74.43609
JK-BRM,2022-07-28,21.2,24.5,19.0,88,98,29.7,29.7,10.0,136,12.04,2.44,842.9,19.1,1580.0,34.20035,74.43609
JK-BRM,2022-07-29,21.3,25.6,18.2,83,97,20.1,20.1,8.4,168,18.17,3.56,842.1,18.2,1580.0,34.20035,74.43609
JK-BRM,2022-07-30,22.2,26.8,18.3,78,91,2.9,2.9,8.1,88,21.11,4.23,840.5,17.9,1580.0,34.20035,74.43609
JK-BRM,2022-07-31,20.6,24.3,17.5,80,95,7.0,7.0,8.7,143,19.41,3.76,838.3,16.9,1580.0,34.20035,74.43609
JK-BRM,2022-08-01,18.9,23.2,15.4,81,96,0.4,0.4,12.3,172,17.37,3.28,839.6,15.4,1580.0,34.20035,74.43609
JK-BRM,2022-08-02,19.8,26.1,13.6,73,91,0.0,0.0,8.0,168,23.85,4.58,839.1,14.4,1580.0,34.20035,74.43609
JK-BRM,2022-08-03,22.3,27.7,16.5,63,84,0.0,0.0,7.8,214,22.73,4.65,840.6,14.6,1580.0,34.20035,74.43609
JK-BRM,2022-08-04,23.0,29.5,15.6,63,84,0.0,0.0,8.1,198,24.09,5.1,840.6,15.1,1580.0,34.20035,74.43609
JK-BRM,2022-08-05,22.3,27.6,16.6,68,83,0.0,0.0,11.0,164,19.61,4.15,839.8,16.0,1580.0,34.20035,74.43609
JK-BRM,2022-08-06,22.4,28.2,17.5,68,83,0.0,0.0,9.1,146,20.35,4.28,838.5,15.9,1580.0,34.20035,74.43609
JK-BRM,2022-08-07,23.8,29.6,18.0,65,80,0.0,0.0,9.7,167,23.0,4.91,837.9,16.6,1580.0,34.20035,74.43609
JK-BRM,2022-08-08,23.6,28.9,17.7,67,87,0.8,0.8,8.3,175,20.78,4.38,839.4,16.9,1580.0,34.20035,74.43609
JK-BRM,2022-08-09,23.7,29.3,19.0,68,89,6.6,6.6,7.6,222,21.77,4.53,840.5,17.2,1580.0,34.20035,74.43609
JK-BRM,2022-08-10,24.1,29.6,18.1,66,87,0.0,0.0,10.9,145,23.59,5.0,838.5,16.8,1580.0,34.20035,74.43609
JK-BRM,2022-08-11,23.8,29.1,19.6,70,86,1.1,1.1,7.3,135,18.47,3.95,839.2,17.7,1580.0,34.20035,74.43609
JK-BRM,2022-08-12,21.9,27.2,18.0,77,100,1.7,1.7,8.7,178,16.92,3.51,841.3,17.4,1580.0,34.20035,74.43609
JK-BRM,2022-08-13,24.2,30.6,18.1,64,82,0.1,0.1,10.0,150,23.76,5.09,839.8,16.4,1580.0,34.20035,74.43609
JK-BRM,2022-08-14,24.7,30.5,18.8,65,84,0.0,0.0,8.9,232,23.03,5.04,840.2,17.2,1580.0,34.20035,74.43609
JK-BRM,2022-08-15,21.4,24.3,18.9,82,95,6.1,6.1,12.8,139,11.26,2.32,842.1,18.1,1580.0,34.20035,74.43609
JK-BRM,2022-08-16,20.7,25.0,17.4,84,100,7.4,7.4,9.0,189,17.01,3.33,842.6,17.8,1580.0,34.20035,74.43609
JK-BRM,2022-08-17,20.9,24.7,17.6,76,98,1.4,1.4,7.6,199,13.92,2.82,842.7,16.3,1580.0,34.20035,74.43609
JK-BRM,2022-08-18,23.1,28.7,17.7,65,83,0.0,0.0,8.7,162,21.77,4.5,841.0,15.6,1580.0,34.20035,74.43609
JK-BRM,2022-08-19,23.9,30.4,17.5,64,81,0.0,0.0,8.6,188,23.67,5.02,839.3,16.1,1580.0,34.20035,74.43609
JK-BRM,2022-08-20,22.5,28.7,17.5,73,96,7.7,7.7,9.4,163,22.71,4.67,839.9,16.9,1580.0,34.20035,74.43609
JK-BRM,2022-08-21,20.9,27.3,17.0,75,97,0.2,0.2,14.3,124,20.79,4.18,840.8,16.0,1580.0,34.20035,74.43609
JK-BRM,2022-08-22,22.4,28.9,16.6,62,84,0.0,0.0,4.9,176,22.2,4.57,839.2,14.2,1580.0,34.20035,74.43609
JK-BRM,2022-08-23,22.9,28.2,18.4,62,83,0.0,0.0,7.4,165,20.34,4.28,842.1,14.8,1580.0,34.20035,74.43609
JK-BRM,2022-08-24,21.5,26.0,17.1,70,88,0.1,0.1,8.0,183,16.77,3.49,844.2,15.5,1580.0,34.20035,74.43609
JK-BRM,2022-08-25,19.5,22.6,18.0,81,94,1.5,1.5,6.1,340,7.87,1.75,843.9,16.1,1580.0,34.20035,74.43609
JK-BRM,2022-08-26,20.2,25.4,16.7,78,96,0.3,0.3,6.9,168,16.14,3.2,842.6,16.0,1580.0,34.20035,74.43609
JK-BRM,2022-08-27,20.7,27.6,15.3,72,87,0.4,0.4,9.4,163,20.33,4.05,841.1,15.0,1580.0,34.20035,74.43609
JK-BRM,2022-08-28,20.8,26.7,16.7,70,85,0.6,0.6,10.5,121,18.63,3.78,841.2,14.9,1580.0,34.20035,74.43609
JK-BRM,2022-08-29,20.8,26.0,16.1,70,95,0.0,0.0,10.3,163,19.5,3.86,844.6,14.8,1580.0,34.20035,74.43609
JK-BRM,2022-08-30,21.9,28.3,16.1,62,83,0.0,0.0,6.8,175,22.16,4.56,845.4,13.7,1580.0,34.20035,74.43609
JK-BRM,2022-08-31,22.6,29.7,16.5,56,80,0.0,0.0,7.5,217,22.23,4.64,842.9,12.4,1580.0,34.20035,74.43609
JK-BRM,2022-09-01,22.5,29.0,15.4,56,77,0.4,0.4,7.6,194,21.2,4.54,842.6,12.5,1580.0,34.20035,74.43609
JK-BRM,2022-09-02,22.9,30.0,15.4,57,78,0.0,0.0,9.4,267,21.63,4.79,843.7,13.1,1580.0,34.20035,74.43609
JK-BRM,2022-09-03,22.8,29.9,15.8,59,80,0.0,0.0,14.9,245,22.93,5.11,840.8,14.0,1580.0,34.20035,74.43609
JK-BRM,2022-09-04,21.9,28.8,15.5,63,86,1.4,1.4,13.4,205,20.72,4.37,839.4,14.1,1580.0,34.20035,74.43609
JK-BRM,2022-09-05,19.4,23.9,16.3,77,92,5.7,5.7,7.8,187,13.44,2.7,841.9,15.1,1580.0,34.20035,74.43609
JK-BRM,2022-09-06,19.8,26.7,13.4,71,92,0.0,0.0,8.4,199,21.6,4.24,843.3,13.9,1580.0,34.20035,74.43609
JK-BRM,2022-09-07,21.3,28.8,14.5,63,86,0.3,0.3,9.1,224,21.74,4.46,844.7,13.5,1580.0,34.20035,74.43609
JK-BRM,2022-09-08,22.6,30.2,15.9,59,75,0.3,0.3,10.1,239,22.5,4.84,845.4,13.7,1580.0,34.20035,74.43609
JK-BRM,2022-09-09,23.1,29.7,16.2,57,73,0.4,0.4,9.8,264,21.17,4.64,845.1,13.5,1580.0,34.20035,74.43609
JK-BRM,2022-09-10,21.8,28.2,15.7,61,78,0.2,0.2,12.9,201,18.57,3.92,844.3,13.6,1580.0,34.20035,74.43609
JK-BRM,2022-09-11,19.4,24.7,16.0,72,93,1.9,1.9,7.8,248,14.94,2.99,843.1,13.8,1580.0,34.20035,74.43609
JK-BRM,2022-09-12,19.0,25.3,13.9,66,92,0.0,0.0,8.0,212,18.81,3.7,842.4,11.7,1580.0,34.20035,74.43609
JK-BRM,2022-09-13,20.5,27.5,13.6,55,82,0.0,0.0,8.4,192,21.01,4.36,842.3,10.2,1580.0,34.20035,74.43609
JK-BRM,2022-09-14,21.6,28.8,14.7,45,68,0.0,0.0,8.9,226,21.7,4.52,842.4,8.0,1580.0,34.20035,74.43609
JK-BRM,2022-09-15,21.5,29.3,14.5,44,62,0.0,0.0,9.4,184,22.78,4.84,840.1,7.8,1580.0,34.20035,74.43609
JK-BRM,2022-09-16,21.2,29.1,14.0,51,67,0.1,0.1,12.6,221,21.59,4.72,837.3,10.0,1580.0,34.20035,74.43609
JK-BRM,2022-09-17,19.2,25.3,15.1,59,76,2.3,2.3,12.3,47,15.02,3.24,839.7,10.7,1580.0,34.20035,74.43609
JK-BRM,2022-09-18,20.3,27.5,13.0,46,71,0.0,0.0,9.4,143,22.04,4.53,843.4,6.9,1580.0,34.20035,74.43609
JK-BRM,2022-09-19,21.4,28.7,13.6,42,65,0.0,0.0,10.2,211,21.47,4.46,843.3,6.9,1580.0,34.20035,74.43609
JK-BRM,2022-09-20,21.6,29.2,13.9,44,67,0.0,0.0,9.1,216,21.07,4.58,843.0,7.9,1580.0,34.20035,74.43609
JK-BRM,2022-09-21,21.2,28.0,15.1,48,63,0.0,0.0,8.3,162,19.87,4.21,843.4,9.0,1580.0,34.20035,74.43609
JK-BRM,2022-09-22,21.4,28.4,14.4,44,68,0.0,0.0,8.0,168,20.42,4.42,843.1,7.9,1580.0,34.20035,74.43609
JK-BRM,2022-09-23,21.4,28.9,14.3,46,64,0.0,0.0,10.8,193,20.35,4.49,841.9,8.4,1580.0,34.20035,74.43609
JK-BRM,2022-09-24,20.2,26.3,15.6,57,71,0.1,0.1,15.5,153,17.48,3.79,841.0,11.0,1580.0,34.20035,74.43609
JK-BRM,2022-09-25,17.3,22.5,14.0,69,88,0.1,0.1,10.6,154,11.63,2.37,840.7,11.4,1580.0,34.20035,74.43609
JK-BRM,2022-09-26,18.4,25.3,12.2,58,90,0.0,0.0,8.0,150,19.9,3.9,845.0,8.9,1580.0,34.20035,74.43609
JK-BRM,2022-09-27,20.1,27.9,12.7,42,68,0.0,0.0,10.8,160,20.6,4.39,843.0,6.2,1580.0,34.20035,74.43609
JK-BRM,2022-09-28,19.8,26.4,13.2,53,73,0.2,0.2,15.9,198,17.72,3.79,842.5,9.1,1580.0,34.20035,74.43609
JK-BRM,2022-09-29,19.1,25.7,12.8,53,77,0.0,0.0,9.8,145,18.45,3.82,843.1,8.5,1580.0,34.20035,74.43609
JK-BRM,2022-09-30,20.0,27.8,13.7,43,58,0.0,0.0,10.8,349,19.22,4.18,843.2,6.3,1580.0,34.20035,74.43609
JK-BRM,2022-10-01,19.5,26.5,13.1,46,64,0.0,0.0,13.7,248,17.32,3.68,842.2,6.8,1580.0,34.20035,74.43609
JK-BRM,2022-10-02,17.9,23.7,13.1,52,79,1.3,1.3,8.4,231,17.32,3.48,844.5,7.4,1580.0,34.20035,74.43609
JK-BRM,2022-10-03,18.8,25.8,12.5,42,63,0.0,0.0,10.1,190,18.87,3.95,844.7,4.9,1580.0,34.20035,74.43609
JK-BRM,2022-10-04,19.8,26.0,13.1,35,54,0.0,0.0,7.2,178,18.85,3.79,846.4,2.9,1580.0,34.20035,74.43609
JK-BRM,2022-10-05,18.6,26.2,12.6,35,50,0.0,0.0,13.1,160,19.49,4.09,844.2,1.9,1580.0,34.20035,74.43609
JK-BRM,2022-10-06,17.8,25.8,10.4,37,55,0.0,0.0,14.2,273,18.87,3.98,843.8,2.0,1580.0,34.20035,74.43609
JK-BRM,2022-10-07,17.7,24.4,11.7,38,57,0.0,0.0,10.5,155,18.66,3.72,845.4,2.2,1580.0,34.20035,74.43609
JK-BRM,2022-10-08,17.6,25.6,11.0,32,49,0.0,0.0,7.1,202,19.56,3.84,845.1,-0.5,1580.0,34.20035,74.43609
JK-BRM,2022-10-09,17.6,25.5,10.4,37,63,0.0,0.0,8.0,179,18.94,3.76,844.1,1.8,1580.0,34.20035,74.43609
JK-BRM,2022-10-10,16.0,23.3,11.3,62,91,2.2,2.2,15.1,154,15.06,3.04,845.4,7.9,1580.0,34.20035,74.43609
JK-BRM,2022-10-11,15.0,21.2,10.0,64,90,0.2,0.2,8.7,148,15.86,2.98,844.3,7.5,1580.0,34.20035,74.43609
JK-BRM,2022-10-12,13.9,19.8,9.8,65,82,1.1,1.1,12.1,197,15.35,2.8,845.4,7.0,1580.0,34.20035,74.43609
JK-BRM,2022-10-13,14.0,20.2,8.2,62,85,0.0,0.0,8.1,194,15.74,2.86,846.6,6.2,1580.0,34.20035,74.43609
JK-BRM,2022-10-14,15.2,22.4,8.0,46,69,0.0,0.0,6.1,166,18.61,3.44,846.7,2.9,1580.0,34.20035,74.43609
JK-BRM,2022-10-15,16.3,24.2,9.3,34,52,0.0,0.0,6.6,175,18.7,3.54,845.7,-0.5,1580.0,34.20035,74.43609
JK-BRM,2022-10-16,17.5,25.3,10.8,34,71,0.0,0.0,9.4,172,18.52,3.62,847.5,-0.0,1580.0,34.20035,74.43609
JK-BRM,2022-10-17,16.5,23.9,10.4,43,66,0.0,0.0,13.8,231,16.24,3.46,847.0,2.9,1580.0,34.20035,74.43609
JK-BRM,2022-10-18,14.1,20.4,9.1,59,93,2.9,2.9,13.6,160,14.47,2.88,846.3,5.2,1580.0,34.20035,74.43609
JK-BRM,2022-10-19,11.1,16.9,6.6,74,93,4.9,4.9,8.4,173,12.78,2.15,846.0,6.3,1580.0,34.20035,74.43609
JK-BRM,2022-10-20,8.9,11.5,5.6,75,90,8.3,8.3,8.6,184,9.11,1.43,847.6,4.5,1580.0,34.20035,74.43609
JK-BRM,2022-10-21,7.9,15.2,2.7,71,97,0.0,0.0,7.3,130,15.51,2.36,850.7,2.4,1580.0,34.20035,74.43609
JK-BRM,2022-10-22,9.3,16.3,3.1,47,63,0.0,0.0,6.6,153,17.37,2.82,850.5,-1.8,1580.0,34.20035,74.43609
JK-BRM,2022-10-23,10.9,17.7,4.3,35,51,0.0,0.0,6.4,189,17.21,2.89,849.5,-4.2,1580.0,34.20035,74.43609
JK-BRM,2022-10-24,11.6,18.7,5.2,43,65,0.0,0.0,6.1,205,16.89,2.85,845.4,-1.3,1580.0,34.20035,74.43609
JK-BRM,2022-10-25,12.7,19.7,7.2,41,66,0.0,0.0,6.5,199,16.73,2.88,843.2,-1.1,1580.0,34.20035,74.43609
JK-BRM,2022-10-26,12.9,19.6,7.5,40,55,0.0,0.0,9.7,228,16.1,2.9,846.3,-1.1,1580.0,34.20035,74.43609
JK-BRM,2022-10-27,13.0,20.0,7.8,42,55,0.1,0.1,8.3,191,15.57,2.77,846.8,-0.2,1580.0,34.20035,74.43609
JK-BRM,2022-10-28,12.9,19.5,7.2,39,56,0.0,0.0,6.8,200,16.33,2.81,847.3,-1.2,1580.0,34.20035,74.43609
JK-BRM,2022-10-29,13.7,20.6,8.1,35,52,0.0,0.0,7.4,186,16.18,2.91,847.2,-2.2,1580.0,34.20035,74.43609
JK-BRM,2022-10-30,14.4,21.1,8.6,34,56,0.0,0.0,7.6,188,15.89,2.8,847.9,-1.8,1580.0,34.20035,74.43609
JK-BRM,2022-10-31,12.3,19.2,7.4,48,70,0.0,0.0,15.0,290,11.57,2.23,847.2,0.9,1580.0,34.20035,74.43609
JK-BRM,2022-11-01,9.1,11.4,4.7,69,87,4.1,4.1,10.4,219,6.99,1.25,848.7,3.6,1580.0,34.20035,74.43609
JK-BRM,2022-11-02,9.8,16.8,3.7,61,90,0.7,0.7,6.2,181,14.4,2.32,848.3,1.7,1580.0,34.20035,74.43609
JK-BRM,2022-11-03,12.2,18.9,6.1,47,70,0.0,0.0,7.0,187,14.08,2.46,847.0,0.4,1580.0,34.20035,74.43609
JK-BRM,2022-11-04,13.2,19.2,7.5,44,63,0.0,0.0,8.3,197,13.12,2.47,847.7,0.5,1580.0,34.20035,74.43609
JK-BRM,2022-11-05,12.0,16.9,8.8,59,88,1.1,1.1,9.2,277,7.71,1.5,848.3,3.5,1580.0,34.20035,74.43609
JK-BRM,2022-11-06,9.1,11.9,7.3,77,90,9.6,9.6,7.2,283,6.79,1.16,849.6,5.1,1580.0,34.20035,74.43609
JK-BRM,2022-11-07,6.9,9.1,3.1,83,97,12.3,12.3,6.2,228,3.61,0.66,848.6,4.1,1580.0,34.20035,74.43609
JK-BRM,2022-11-08,6.4,12.1,1.6,65,93,0.0,0.0,5.4,161,12.46,1.84,848.8,-0.1,1580.0,34.20035,74.43609
JK-BRM,2022-11-09,6.9,10.1,3.9,70,85,1.3,1.3,11.4,305,7.65,1.19,846.0,1.7,1580.0,34.20035,74.43609
JK-BRM,2022-11-10,6.8,12.1,3.0,69,89,0.0,0.0,7.3,240,12.56,1.79,848.1,1.3,1580.0,34.20035,74.43609
JK-BRM,2022-11-11,5.9,11.6,1.6,62,80,0.0,0.0,7.1,213,13.92,1.94,847.8,-1.3,1580.0,34.20035,74.43609
JK-BRM,2022-11-12,6.0,12.1,1.7,50,66,0.0,0.0,6.7,216,13.93,2.02,846.5,-3.9,1580.0,34.20035,74.43609
JK-BRM,2022-11-13,6.0,10.9,0.9,51,97,4.6,4.5,12.6,260,8.86,1.55,845.7,-4.3,1580.0,34.20035,74.43609
JK-BRM,2022-11-14,2.0,5.7,-1.0,91,99,21.1,5.7,8.3,272,7.17,0.88,844.9,0.7,1580.0,34.20035,74.43609
JK-BRM,2022-11-15,2.1,7.4,-3.4,76,89,0.0,0.0,6.6,207,12.21,1.47,846.8,-1.9,1580.0,34.20035,74.43609
JK-BRM,2022-11-16,3.8,9.3,-1.1,64,78,0.0,0.0,6.7,225,12.78,1.68,843.2,-2.5,1580.0,34.20035,74.43609
JK-BRM,2022-11-17,3.7,10.4,-1.3,61,78,0.0,0.0,5.4,193,13.4,1.78,844.1,-3.3,1580.0,34.20035,74.43609
JK-BRM,2022-11-18,4.1,10.2,-0.3,45,69,0.0,0.0,6.1,212,13.06,1.8,845.3,-7.0,1580.0,34.20035,74.43609
JK-BRM,2022-11-19,4.3,5.8,0.6,65,86,3.2,3.2,10.8,252,3.42,0.61,846.5,-2.2,1580.0,34.20035,74.43609
JK-BRM,2022-11-20,4.0,10.7,-0.5,69,84,0.0,0.0,5.9,200,12.63,1.66,846.0,-1.4,1580.0,34.20035,74.43609
JK-BRM,2022-11-21,4.5,10.5,-0.4,54,68,0.0,0.0,6.8,208,13.07,1.78,845.2,-4.2,1580.0,34.20035,74.43609
JK-BRM,2022-11-22,5.0,12.0,0.4,44,63,0.0,0.0,6.3,174,13.05,1.89,845.1,-6.4,1580.0,34.20035,74.43609
JK-BRM,2022-11-23,4.4,11.6,-1.4,39,63,0.0,0.0,7.4,178,13.12,1.98,846.5,-8.8,1580.0,34.20035,74.43609
JK-BRM,2022-11-24,5.1,11.7,-0.8,40,59,0.0,0.0,7.3,172,12.96,1.97,846.4,-7.9,1580.0,34.20035,74.43609
JK-BRM,2022-11-25,6.3,12.9,0.4,46,65,0.0,0.0,5.8,193,12.68,1.79,847.8,-5.0,1580.0,34.20035,74.43609
JK-BRM,2022-11-26,7.7,14.0,4.5,39,61,0.0,0.0,6.7,220,12.36,1.82,845.0,-6.1,1580.0,34.20035,74.43609
JK-BRM,2022-11-27,7.9,14.5,4.2,40,62,0.0,0.0,5.7,225,12.52,1.85,842.6,-5.5,1580.0,34.20035,74.43609
JK-BRM,2022-11-28,7.8,13.6,4.7,40,56,0.0,0.0,6.4,226,12.5,1.8,844.1,-5.4,1580.0,34.20035,74.43609
JK-BRM,2022-11-29,7.8,13.5,3.8,38,49,0.0,0.0,5.6,217,12.28,1.73,845.9,-6.0,1580.0,34.20035,74.43609
JK-BRM,2022-11-30,7.8,14.0,3.7,37,53,0.0,0.0,6.5,234,12.24,1.84,846.5,-6.5,1580.0,34.20035,74.43609
JK-BRM,2022-12-01,7.9,13.7,2.5,37,50,0.0,0.0,5.7,211,12.0,1.78,845.5,-6.2,1580.0,34.20035,74.43609
JK-BRM,2022-12-02,8.1,15.1,2.9,42,60,0.0,0.0,4.9,148,11.26,1.72,842.7,-4.4,1580.0,34.20035,74.43609
JK-BRM,2022-12-03,6.9,13.5,0.6,43,56,0.0,0.0,9.7,243,11.86,1.83,843.4,-5.0,1580.0,34.20035,74.43609
JK-BRM,2022-12-04,6.9,12.8,1.7,41,57,0.0,0.0,6.2,224,11.64,1.74,845.1,-5.6,1580.0,34.20035,74.43609
JK-BRM,2022-12-05,6.1,12.5,2.2,40,54,0.0,0.0,7.1,240,11.91,1.74,845.0,-7.0,1580.0,34.20035,74.43609
JK-BRM,2022-12-06,6.1,12.4,1.0,38,52,0.0,0.0,7.1,215,11.51,1.67,844.6,-7.5,1580.0,34.20035,74.43609
JK-BRM,2022-12-07,5.8,12.1,-0.1,38,55,0.0,0.0,7.0,214,11.62,1.7,844.3,-7.9,1580.0,34.20035,74.43609
JK-BRM,2022-12-08,6.8,11.0,1.8,41,78,1.0,1.0,5.2,194,7.84,1.21,844.1,-6.0,1580.0,34.20035,74.43609
JK-BRM,2022-12-09,5.8,10.0,2.0,79,94,8.5,6.5,7.9,280,7.06,1.03,844.2,2.2,1580.0,34.20035,74.43609
JK-BRM,2022-12-10,4.2,9.2,0.2,79,94,1.6,1.6,8.0,115,8.78,1.18,844.7,0.7,1580.0,34.20035,74.43609
JK-BRM,2022-12-11,4.1,10.0,-0.3,62,82,0.0,0.0,5.4,175,9.01,1.22,845.8,-2.7,1580.0,34.20035,74.43609
JK-BRM,2022-12-12,4.4,12.5,-0.4,49,72,0.0,0.0,6.7,180,11.27,1.6,842.6,-5.7,1580.0,34.20035,74.43609
JK-BRM,2022-12-13,5.5,11.3,0.2,49,62,0.0,0.0,7.1,202,11.38,1.57,845.2,-4.5,1580.0,34.20035,74.43609
JK-BRM,2022-12-14,5.1,9.8,0.9,45,67,0.0,0.0,6.5,184,10.62,1.43,845.1,-6.0,1580.0,34.20035,74.43609
JK-BRM,2022-12-15,5.0,10.4,-0.6,40,61,0.0,0.0,6.8,182,11.52,1.6,844.4,-7.8,1580.0,34.20035,74.43609
JK-BRM,2022-12-16,5.9,10.3,0.9,38,55,0.0,0.0,5.4,180,11.44,1.6,843.5,-7.4,1580.0,34.20035,74.43609
JK-BRM,2022-12-17,6.6,11.4,2.6,41,58,0.0,0.0,6.8,191,11.55,1.59,845.2,-5.9,1580.0,34.20035,74.43609
JK-BRM,2022-12-18,6.4,11.7,1.9,37,52,0.0,0.0,4.6,189,11.53,1.59,844.6,-7.3,1580.0,34.20035,74.43609
JK-BRM,2022-12-19,5.8,11.6,1.1,39,51,0.0,0.0,5.9,212,11.48,1.55,841.9,-7.3,1580.0,34.20035,74.43609
JK-BRM,2022-12-20,5.0,11.6,0.2,32,48,0.0,0.0,6.9,211,11.73,1.71,840.5,-11.1,1580.0,34.20035,74.43609
JK-BRM,2022-12-21,4.2,9.8,0.1,32,48,0.0,0.0,5.8,183,11.66,1.53,842.2,-11.6,1580.0,34.20035,74.43609
JK-BRM,2022-12-22,3.9,9.0,-0.9,31,46,0.0,0.0,5.6,183,11.79,1.53,842.9,-11.9,1580.0,34.20035,74.43609
JK-BRM,2022-12-23,3.8,8.9,0.1,29,49,0.0,0.0,6.6,202,10.76,1.4,840.0,-12.8,1580.0,34.20035,74.43609
JK-BRM,2022-12-24,3.5,8.9,-0.3,36,49,0.0,0.0,6.2,224,11.67,1.57,842.1,-10.7,1580.0,34.20035,74.43609
JK-BRM,2022-12-25,2.9,7.6,-2.0,39,51,0.0,0.0,6.1,194,9.94,1.32,843.7,-10.1,1580.0,34.20035,74.43609
JK-BRM,2022-12-26,3.4,8.4,-0.9,43,59,0.0,0.0,5.1,186,9.29,1.29,845.2,-8.5,1580.0,34.20035,74.43609
JK-BRM,2022-12-27,2.8,9.2,-1.7,46,56,0.0,0.0,6.4,209,11.56,1.54,845.1,-7.8,1580.0,34.20035,74.43609
JK-BRM,2022-12-28,3.3,9.9,-2.6,33,52,0.0,0.0,7.4,200,11.49,1.59,843.8,-11.8,1580.0,34.20035,74.43609
JK-BRM,2022-12-29,2.9,7.3,-0.1,61,98,7.3,4.5,7.6,243,2.73,0.55,843.1,-4.8,1580.0,34.20035,74.43609
JK-BRM,2022-12-30,2.3,6.9,-1.5,83,97,1.5,1.0,5.5,172,9.53,1.12,845.7,-0.5,1580.0,34.20035,74.43609
JK-BRM,2022-12-31,-0.4,4.6,-3.7,60,80,0.0,0.0,5.6,178,10.76,1.18,846.2,-7.5,1580.0,34.20035,74.43609
JK-BRM,2023-01-01,-0.6,5.5,-3.9,38,65,0.0,0.0,6.8,161,11.63,1.32,845.5,-13.6,1580.0,34.20035,74.43609
JK-BRM,2023-01-02,-0.3,5.0,-3.9,36,52,0.0,0.0,5.5,167,11.76,1.35,845.6,-13.9,1580.0,34.20035,74.43609
JK-BRM,2023-01-03,-0.3,5.3,-3.8,40,54,0.0,0.0,6.5,159,11.63,1.37,847.3,-12.3,1580.0,34.20035,74.43609
JK-BRM,2023-01-04,-1.3,4.4,-5.2,37,55,0.0,0.0,8.3,154,11.93,1.48,849.6,-14.2,1580.0,34.20035,74.43609
JK-BRM,2023-01-05,-1.6,4.2,-6.0,34,54,0.0,0.0,8.0,159,12.11,1.54,851.6,-16.0,1580.0,34.20035,74.43609
JK-BRM,2023-01-06,-1.1,3.0,-6.3,37,63,0.0,0.0,6.5,157,7.39,1.04,852.1,-14.8,1580.0,34.20035,74.43609
JK-BRM,2023-01-07,2.5,7.3,-1.3,47,67,0.3,0.1,4.4,158,8.26,1.18,850.2,-7.9,1580.0,34.20035,74.43609
JK-BRM,2023-01-08,3.2,6.1,1.0,81,96,5.1,5.1,7.9,244,4.19,0.67,848.5,0.1,1580.0,34.20035,74.43609
JK-BRM,2023-01-09,4.5,9.2,0.5,80,94,0.0,0.0,5.4,171,8.22,1.1,847.6,1.1,1580.0,34.20035,74.43609
JK-BRM,2023-01-10,4.9,10.5,-0.8,64,80,0.0,0.0,4.8,206,10.8,1.44,846.4,-1.6,1580.0,34.20035,74.43609
JK-BRM,2023-01-11,2.9,6.3,1.1,87,99,24.9,10.2,5.6,270,2.29,0.41,839.8,0.7,1580.0,34.20035,74.43609
JK-BRM,2023-01-12,1.9,4.4,-1.1,78,94,4.1,1.1,8.7,234,10.34,1.17,836.9,-1.7,1580.0,34.20035,74.43609
JK-BRM,2023-01-13,0.4,4.2,-4.0,77,88,13.2,0.0,8.0,259,11.44,1.22,836.6,-3.2,1580.0,34.20035,74.43609
JK-BRM,2023-01-14,-1.6,2.7,-5.2,59,74,0.0,0.0,5.7,225,13.18,1.38,840.3,-8.8,1580.0,34.20035,74.43609
JK-BRM,2023-01-15,-2.3,1.4,-7.5,49,74,0.0,0.0,5.6,224,13.64,1.34,838.2,-11.9,1580.0,34.20035,74.43609
JK-BRM,2023-01-16,-2.7,0.6,-5.9,44,58,0.0,0.0,5.5,225,13.78,1.34,840.6,-13.6,1580.0,34.20035,74.43609
JK-BRM,2023-01-17,-4.1,-1.5,-7.2,35,76,0.0,0.0,4.8,203,13.91,1.27,842.7,-18.2,1580.0,34.20035,74.43609
JK-BRM,2023-01-18,-4.9,-1.7,-10.4,36,72,0.0,0.0,6.6,193,12.44,1.2,845.3,-19.2,1580.0,34.20035,74.43609
JK-BRM,2023-01-19,-2.0,0.4,-5.5,67,88,0.1,0.0,5.9,188,11.85,1.14,845.0,-7.7,1580.0,34.20035,74.43609
JK-BRM,2023-01-20,-1.4,0.5,-2.7,85,93,0.6,0.0,7.2,148,11.02,1.04,842.5,-3.7,1580.0,34.20035,74.43609
JK-BRM,2023-01-21,-1.5,2.1,-6.3,82,91,1.4,0.0,8.7,212,10.76,1.05,843.2,-4.2,1580.0,34.20035,74.43609
JK-BRM,2023-01-22,-1.2,1.3,-4.7,72,93,0.0,0.0,5.2,187,11.45,1.07,841.6,-5.7,1580.0,34.20035,74.43609
JK-BRM,2023-01-23,-1.1,2.4,-4.7,67,89,0.1,0.0,6.6,228,9.97,1.03,842.9,-6.7,1580.0,34.20035,74.43609
JK-BRM,2023-01-24,-1.0,1.4,-7.1,74,89,0.1,0.0,7.6,257,12.25,1.19,840.3,-5.1,1580.0,34.20035,74.43609
JK-BRM,2023-01-25,-0.4,2.3,-3.8,83,92,6.5,0.0,10.5,265,9.03,0.99,839.5,-3.0,1580.0,34.20035,74.43609
JK-BRM,2023-01-26,0.2,2.7,-4.0,60,86,0.0,0.0,5.4,213,14.21,1.5,844.3,-7.2,1580.0,34.20035,74.43609
JK-BRM,2023-01-27,1.3,3.8,-1.3,48,83,0.0,0.0,4.6,202,14.08,1.52,845.9,-9.4,1580.0,34.20035,74.43609
JK-BRM,2023-01-28,2.3,4.5,-0.4,42,79,0.0,0.0,10.4,209,5.49,0.82,844.8,-10.8,1580.0,34.20035,74.43609
JK-BRM,2023-01-29,2.3,5.3,-1.6,68,92,2.8,0.2,6.2,264,8.07,0.99,840.2,-3.3,1580.0,34.20035,74.43609
JK-BRM,2023-01-30,0.8,1.8,-1.8,92,98,28.6,2.3,7.1,296,10.34,1.04,842.3,-0.3,1580.0,34.20035,74.43609
JK-BRM,2023-01-31,-0.7,2.0,-3.7,74,86,0.1,0.0,4.7,199,14.86,1.55,845.6,-4.8,1580.0,34.20035,74.43609
JK-BRM,2023-02-01,-0.3,2.0,-3.7,55,73,0.0,0.0,7.2,187,14.79,1.57,847.3,-8.4,1580.0,34.20035,74.43609
JK-BRM,2023-02-02,1.2,4.5,-1.8,55,75,0.0,0.0,5.8,192,13.05,1.48,846.2,-7.2,1580.0,34.20035,74.43609
JK-BRM,2023-02-03,2.8,6.2,-1.7,62,80,0.2,0.2,9.4,204,11.7,1.44,844.6,-4.1,1580.0,34.20035,74.43609
JK-BRM,2023-02-04,3.0,5.0,-0.8,76,86,0.2,0.2,8.4,217,15.01,1.68,842.8,-0.9,1580.0,34.20035,74.43609
JK-BRM,2023-02-05,2.5,4.8,-1.2,71,89,0.0,0.0,7.8,195,13.69,1.54,840.9,-2.2,1580.0,34.20035,74.43609
JK-BRM,2023-02-06,1.4,3.8,-1.6,85,96,7.9,1.2,9.0,286,12.36,1.33,840.5,-0.8,1580.0,34.20035,74.43609
JK-BRM,2023-02-07,-0.7,2.5,-4.6,65,84,0.0,0.0,7.1,193,15.84,1.64,841.0,-6.8,1580.0,34.20035,74.43609
JK-BRM,2023-02-08,0.2,3.7,-5.2,52,73,0.0,0.0,5.9,199,13.75,1.58,841.8,-9.0,1580.0,34.20035,74.43609
JK-BRM,2023-02-09,0.9,4.6,-1.9,79,95,16.9,2.4,8.0,252,4.98,0.71,839.9,-2.5,1580.0,34.20035,74.43609
JK-BRM,2023-02-10,2.3,7.4,-0.8,74,98,15.4,4.0,9.4,250,14.45,1.79,837.0,-2.1,1580.0,34.20035,74.43609
JK-BRM,2023-02-11,0.4,3.2,-4.1,73,82,2.2,0.0,8.7,258,13.19,1.47,840.5,-3.8,1580.0,34.20035,74.43609
JK-BRM,2023-02-12,-2.6,2.3,-7.8,61,77,0.0,0.0,7.1,211,17.15,1.84,843.8,-9.2,1580.0,34.20035,74.43609
JK-BRM,2023-02-13,-1.8,2.5,-9.0,43,63,0.0,0.0,8.3,211,17.13,1.93,844.9,-13.2,1580.0,34.20035,74.43609
JK-BRM,2023-02-14,1.6,5.0,-2.2,52,74,0.0,0.0,5.4,207,17.03,1.93,845.2,-7.5,1580.0,34.20035,74.43609
JK-BRM,2023-02-15,3.9,7.5,0.2,54,75,0.0,0.0,5.6,204,17.05,2.08,844.8,-4.6,1580.0,34.20035,74.43609
JK-BRM,2023-02-16,5.2,9.8,0.3,53,75,0.0,0.0,6.4,212,16.63,2.2,846.3,-3.8,1580.0,34.20035,74.43609
JK-BRM,2023-02-17,6.1,9.4,1.1,55,76,0.0,0.0,5.5,196,15.03,2.04,847.7,-2.5,1580.0,34.20035,74.43609
JK-BRM,2023-02-18,7.3,12.0,2.9,51,72,0.0,0.0,5.4,210,12.0,1.87,846.5,-2.4,1580.0,34.20035,74.43609
JK-BRM,2023-02-19,9.5,13.6,6.7,50,67,0.6,0.6,10.9,266,10.55,2.1,845.0,-0.8,1580.0,34.20035,74.43609
JK-BRM,2023-02-20,6.5,10.9,2.3,76,93,15.1,12.9,12.3,292,8.06,1.33,841.8,2.3,1580.0,34.20035,74.43609
JK-BRM,2023-02-21,3.9,9.4,0.0,79,96,0.0,0.0,6.2,161,16.23,2.06,844.4,0.3,1580.0,34.20035,74.43609
JK-BRM,2023-02-22,4.8,11.2,-1.1,62,80,0.0,0.0,5.2,187,16.52,2.29,844.0,-2.0,1580.0,34.20035,74.43609
JK-BRM,2023-02-23,5.6,12.2,0.5,56,73,0.0,0.0,7.9,157,18.12,2.54,845.2,-2.6,1580.0,34.20035,74.43609
JK-BRM,2023-02-24,6.7,12.3,1.2,49,67,0.0,0.0,5.9,175,18.33,2.64,846.4,-3.3,1580.0,34.20035,74.43609
JK-BRM,2023-02-25,7.4,12.2,1.0,45,62,0.0,0.0,7.2,189,18.25,2.69,847.7,-4.0,1580.0,34.20035,74.43609
JK-BRM,2023-02-26,6.7,10.4,2.4,61,80,1.1,1.1,9.0,214,14.19,2.1,849.2,-0.7,1580.0,34.20035,74.43609
JK-BRM,2023-02-27,6.2,11.8,1.5,63,78,0.0,0.0,5.9,203,18.3,2.62,848.7,-0.5,1580.0,34.20035,74.43609
JK-BRM,2023-02-28,5.5,8.9,2.0,70,88,1.5,1.5,5.8,192,7.51,1.22,848.3,0.3,1580.0,34.20035,74.43609
JK-BRM,2023-03-01,5.4,8.4,2.4,79,91,4.6,3.0,6.4,253,9.62,1.37,849.9,2.0,1580.0,34.20035,74.43609
JK-BRM,2023-03-02,6.1,8.7,4.5,83,90,4.9,4.9,4.6,199,8.62,1.29,850.0,3.4,1580.0,34.20035,74.43609
JK-BRM,2023-03-03,7.2,12.6,2.7,76,94,0.0,0.0,5.4,163,17.11,2.46,850.7,2.9,1580.0,34.20035,74.43609
JK-BRM,2023-03-04,7.6,13.4,3.3,68,78,0.0,0.0,7.6,168,16.05,2.44,849.7,1.8,1580.0,34.20035,74.43609
JK-BRM,2023-03-05,6.7,12.3,2.0,73,89,0.0,0.0,6.9,189,17.51,2.5,849.6,2.0,1580.0,34.20035,74.43609
JK-BRM,2023-03-06,7.4,12.6,2.0,65,82,0.0,0.0,5.5,180,19.42,2.76,847.7,1.2,1580.0,34.20035,74.43609
JK-BRM,2023-03-07,8.3,14.2,2.2,56,71,0.0,0.0,5.4,189,20.05,3.01,847.3,-0.0,1580.0,34.20035,74.43609
JK-BRM,2023-03-08,8.5,15.1,2.6,49,64,0.0,0.0,4.7,176,20.59,3.16,847.9,-1.7,1580.0,34.20035,74.43609
JK-BRM,2023-03-09,8.8,15.0,2.6,46,59,0.0,0.0,6.0,187,20.9,3.22,848.2,-2.3,1580.0,34.20035,74.43609
JK-BRM,2023-03-10,9.7,15.4,5.4,42,63,0.0,0.0,6.0,118,20.64,3.18,847.9,-3.0,1580.0,34.20035,74.43609
JK-BRM,2023-03-11,10.1,16.1,5.2,46,66,0.0,0.0,6.7,168,21.15,3.33,847.7,-1.3,1580.0,34.20035,74.43609
JK-BRM,2023-03-12,10.6,16.7,4.5,48,67,0.3,0.3,10.4,243,19.21,3.23,848.5,-0.2,1580.0,34.20035,74.43609
JK-BRM,2023-03-13,10.2,16.8,3.9,59,83,0.0,0.0,6.6,189,20.51,3.29,847.2,2.2,1580.0,34.20035,74.43609
JK-BRM,2023-03-14,10.2,16.8,4.3,59,72,0.0,0.0,6.6,163,21.26,3.42,844.1,2.1,1580.0,34.20035,74.43609
JK-BRM,2023-03-15,11.3,17.0,5.3,50,71,0.0,0.0,6.5,75,20.96,3.46,842.8,0.8,1580.0,34.20035,74.43609
JK-BRM,2023-03-16,10.6,16.4,5.1,55,77,0.0,0.0,8.3,200,14.62,2.61,843.5,1.4,1580.0,34.20035,74.43609
JK-BRM,2023-03-17,8.1,10.2,4.6,82,92,4.5,4.5,8.9,278,6.02,1.06,844.5,5.2,1580.0,34.20035,74.43609
JK-BRM,2023-03-18,8.0,12.3,3.9,78,93,0.3,0.3,6.4,161,10.99,1.72,842.8,4.1,1580.0,34.20035,74.43609
JK-BRM,2023-03-19,8.3,14.3,3.4,76,92,2.2,2.2,8.4,138,15.24,2.41,841.0,4.1,1580.0,34.20035,74.43609
JK-BRM,2023-03-20,8.5,14.2,4.1,76,93,6.3,5.2,6.6,163,17.5,2.63,839.8,4.2,1580.0,34.20035,74.43609
JK-BRM,2023-03-21,8.7,15.2,3.5,69,89,0.0,0.0,8.8,288,17.88,2.85,838.7,2.8,1580.0,34.20035,74.43609
JK-BRM,2023-03-22,10.3,16.2,3.6,55,78,0.0,0.0,8.5,203,20.83,3.39,840.8,1.3,1580.0,34.20035,74.43609
JK-BRM,2023-03-23,10.5,15.9,4.3,50,72,0.0,0.0,10.9,236,17.79,3.09,840.6,-0.0,1580.0,34.20035,74.43609
JK-BRM,2023-03-24,9.8,16.8,4.7,60,87,5.9,5.9,10.5,130,14.55,2.55,840.4,1.7,1580.0,34.20035,74.43609
JK-BRM,2023-03-25,5.6,8.6,3.3,90,99,18.9,18.4,11.4,118,6.24,0.89,842.7,4.1,1580.0,34.20035,74.43609
JK-BRM,2023-03-26,7.9,13.9,2.2,72,91,0.3,0.3,6.1,178,20.99,3.12,843.4,2.9,1580.0,34.20035,74.43609
JK-BRM,2023-03-27,8.9,16.0,2.3,63,79,0.0,0.0,9.9,176,22.99,3.59,841.7,1.8,1580.0,34.20035,74.43609
JK-BRM,2023-03-28,10.5,17.2,4.3,58,74,0.0,0.0,17.7,190,20.94,3.5,842.2,2.4,1580.0,34.20035,74.43609
JK-BRM,2023-03-29,11.7,17.5,5.4,54,70,0.0,0.0,9.1,223,19.16,3.39,844.1,2.2,1580.0,34.20035,74.43609
JK-BRM,2023-03-30,11.4,16.4,6.6,57,82,0.0,0.0,8.0,206,14.23,2.64,842.6,2.8,1580.0,34.20035,74.43609
JK-BRM,2023-03-31,10.2,13.7,6.5,65,91,1.4,1.4,9.5,184,9.06,1.81,839.1,3.6,1580.0,34.20035,74.43609
JK-BRM,2023-04-01,8.1,9.1,6.6,85,94,18.3,18.3,5.2,196,5.57,0.99,839.9,5.8,1580.0,34.20035,74.43609
JK-BRM,2023-04-02,9.7,15.5,4.6,72,93,0.3,0.3,6.8,167,18.25,2.97,840.5,4.5,1580.0,34.20035,74.43609
JK-BRM,2023-04-03,9.0,13.2,5.9,81,94,16.0,15.6,9.2,274,10.73,1.78,839.3,5.8,1580.0,34.20035,74.43609
JK-BRM,2023-04-04,7.4,11.7,3.7,82,95,5.3,5.3,6.1,163,14.77,2.18,841.9,4.4,1580.0,34.20035,74.43609
JK-BRM,2023-04-05,8.1,14.9,1.7,68,92,0.1,0.1,11.3,185,20.92,3.27,843.3,1.8,1580.0,34.20035,74.43609
JK-BRM,2023-04-06,7.9,12.9,4.3,72,89,6.0,5.6,5.9,213,17.31,2.63,845.6,2.9,1580.0,34.20035,74.43609
JK-BRM,2023-04-07,10.1,17.4,3.0,58,85,0.0,0.0,8.2,202,24.69,3.99,847.9,1.4,1580.0,34.20035,74.43609
JK-BRM,2023-04-08,13.1,19.8,5.7,43,61,0.0,0.0,7.7,178,25.27,4.46,848.7,-0.1,1580.0,34.20035,74.43609
JK-BRM,2023-04-09,13.9,21.5,8.1,36,54,0.0,0.0,10.7,220,24.73,4.53,848.4,-1.7,1580.0,34.20035,74.43609
JK-BRM,2023-04-10,14.4,21.4,8.8,40,59,0.0,0.0,8.5,219,24.83,4.5,847.0,0.1,1580.0,34.20035,74.43609
JK-BRM,2023-04-11,15.0,21.6,8.2,42,61,0.0,0.0,9.4,156,23.19,4.27,847.3,1.3,1580.0,34.20035,74.43609
JK-BRM,2023-04-12,16.1,23.0,8.0,41,67,0.0,0.0,8.4,211,24.89,4.8,847.6,1.7,1580.0,34.20035,74.43609
JK-BRM,2023-04-13,17.7,24.2,8.9,29,60,0.0,0.0,9.7,356,26.02,5.13,847.1,-1.5,1580.0,34.20035,74.43609
JK-BRM,2023-04-14,17.4,25.0,8.4,29,51,0.0,0.0,9.8,127,26.23,5.25,846.3,-1.8,1580.0,34.20035,74.43609
JK-BRM,2023-04-15,17.4,25.4,11.3,39,77,0.0,0.0,17.9,143,23.56,4.74,846.8,1.7,1580.0,34.20035,74.43609
JK-BRM,2023-04-16,13.2,16.6,10.1,68,92,2.3,2.3,9.7,281,11.8,2.26,847.7,7.2,1580.0,34.20035,74.43609
JK-BRM,2023-04-17,13.7,20.4,8.3,70,92,8.4,8.4,13.7,176,19.92,3.6,847.3,7.5,1580.0,34.20035,74.43609
JK-BRM,2023-04-18,10.9,12.4,8.8,84,89,33.4,33.4,12.5,277,4.41,0.95,845.8,8.2,1580.0,34.20035,74.43609
JK-BRM,2023-04-19,10.3,11.9,8.7,81,89,19.8,19.8,8.7,228,7.15,1.3,841.5,7.1,1580.0,34.20035,74.43609
JK-BRM,2023-04-20,10.1,13.7,6.8,80,95,4.6,4.6,9.4,66,15.92,2.48,838.4,6.6,1580.0,34.20035,74.43609
JK-BRM,2023-04-21,9.3,13.0,4.8,75,93,1.1,1.1,8.8,136,20.46,3.08,840.1,4.9,1580.0,34.20035,74.43609
JK-BRM,2023-04-22,9.7,15.6,4.3,68,96,0.0,0.0,10.6,168,19.21,3.08,841.3,3.6,1580.0,34.20035,74.43609
JK-BRM,2023-04-23,13.3,21.3,5.8,45,59,0.0,0.0,7.9,187,27.23,4.8,842.5,1.2,1580.0,34.20035,74.43609
JK-BRM,2023-04-24,15.3,21.9,8.4,37,70,0.0,0.0,8.5,132,27.56,4.95,844.4,-0.5,1580.0,34.20035,74.43609
JK-BRM,2023-04-25,14.7,21.6,8.2,49,69,0.0,0.0,11.9,265,22.59,4.32,845.2,3.5,1580.0,34.20035,74.43609
JK-BRM,2023-04-26,12.8,18.8,8.9,67,94,17.6,17.6,9.1,160,17.16,3.0,844.1,6.5,1580.0,34.20035,74.43609
JK-BRM,2023-04-27,11.3,16.9,7.5,75,95,0.9,0.9,11.2,216,18.83,3.17,845.2,6.8,1580.0,34.20035,74.43609
JK-BRM,2023-04-28,10.2,15.3,6.1,77,92,9.2,9.2,6.9,207,15.06,2.43,845.9,6.2,1580.0,34.20035,74.43609
JK-BRM,2023-04-29,12.3,20.2,5.1,68,91,0.0,0.0,5.9,195,25.52,4.34,843.3,6.1,1580.0,34.20035,74.43609
JK-BRM,2023-04-30,14.5,21.6,8.2,59,76,0.0,0.0,9.0,166,25.31,4.57,840.2,5.9,1580.0,34.20035,74.43609
JK-BRM,2023-05-01,13.4,19.1,8.3,70,93,10.1,10.1,16.6,232,18.04,3.2,838.8,7.9,1580.0,34.20035,74.43609
JK-BRM,2023-05-02,11.8,14.8,8.5,85,95,19.5,19.5,9.3,193,9.41,1.68,841.4,9.2,1580.0,34.20035,74.43609
JK-BRM,2023-05-03,11.7,16.6,7.1,80,93,0.9,0.9,8.4,183,16.66,2.8,842.6,8.2,1580.0,34.20035,74.43609
JK-BRM,2023-05-04,11.6,16.8,6.4,76,91,1.4,1.4,9.5,254,17.1,2.86,843.4,7.2,1580.0,34.20035,74.43609
JK-BRM,2023-05-05,12.9,17.9,8.7,73,93,0.1,0.1,8.0,196,20.22,3.45,843.2,7.9,1580.0,34.20035,74.43609
JK-BRM,2023-05-06,11.6,16.5,7.7,75,89,3.9,3.9,10.7,194,13.48,2.3,842.1,7.2,1580.0,34.20035,74.43609
JK-BRM,2023-05-07,10.2,14.1,7.8,80,94,19.5,19.5,11.1,62,17.13,2.65,842.1,6.9,1580.0,34.20035,74.43609
JK-BRM,2023-05-08,9.1,12.3,6.1,77,92,2.9,2.9,12.0,179,14.09,2.28,841.9,5.0,1580.0,34.20035,74.43609
JK-BRM,2023-05-09,10.7,17.6,4.2,67,90,1.0,0.9,6.9,169,25.7,4.17,844.7,4.3,1580.0,34.20035,74.43609
JK-BRM,2023-05-10,14.2,22.4,6.0,47,67,0.0,0.0,11.9,255,28.55,5.28,844.1,2.3,1580.0,34.20035,74.43609
JK-BRM,2023-05-11,16.2,23.0,9.1,37,53,0.0,0.0,11.1,191,28.77,5.43,846.0,0.8,1580.0,34.20035,74.43609
JK-BRM,2023-05-12,17.2,23.3,10.3,38,66,0.0,0.0,8.6,197,26.91,5.15,845.2,2.2,1580.0,34.20035,74.43609
JK-BRM,2023-05-13,16.0,21.6,9.0,55,94,1.9,1.9,12.6,175,19.97,3.88,845.5,6.5,1580.0,34.20035,74.43609
JK-BRM,2023-05-14,13.2,18.9,8.0,73,92,0.0,0.0,9.7,169,20.66,3.54,843.1,8.1,1580.0,34.20035,74.43609
JK-BRM,2023-05-15,14.5,20.7,8.2,69,89,0.0,0.0,10.0,176,23.12,4.12,842.1,8.4,1580.0,34.20035,74.43609
JK-BRM,2023-05-16,16.6,22.8,10.1,58,77,0.0,0.0,9.7,184,22.48,4.3,843.1,8.0,1580.0,34.20035,74.43609
JK-BRM,2023-05-17,17.6,24.0,11.6,57,75,0.0,0.0,12.8,174,23.62,4.71,843.9,8.6,1580.0,34.20035,74.43609
JK-BRM,2023-05-18,14.4,17.3,9.1,70,86,3.4,3.4,8.7,248,13.37,2.48,846.6,8.8,1580.0,34.20035,74.43609
JK-BRM,2023-05-19,14.9,22.1,8.1,65,86,0.0,0.0,9.7,132,25.98,4.71,844.2,7.9,1580.0,34.20035,74.43609
JK-BRM,2023-05-20,18.2,25.7,10.3,52,73,0.0,0.0,7.4,148,28.27,5.45,843.6,7.4,1580.0,34.20035,74.43609
JK-BRM,2023-05-21,20.2,26.7,12.4,41,63,0.0,0.0,9.2,163,27.42,5.62,845.2,6.1,1580.0,34.20035,74.43609
JK-BRM,2023-05-22,20.9,27.2,12.7,42,63,0.0,0.0,9.0,172,25.83,5.3,846.0,6.9,1580.0,34.20035,74.43609
JK-BRM,2023-05-23,17.8,21.4,14.7,60,86,5.1,5.1,13.4,221,13.73,2.89,847.0,9.7,1580.0,34.20035,74.43609
JK-BRM,2023-05-24,14.6,17.3,11.1,79,95,8.6,8.6,7.6,273,10.99,2.11,842.9,11.0,1580.0,34.20035,74.43609
JK-BRM,2023-05-25,13.5,17.9,9.6,83,97,11.5,11.5,6.9,208,18.24,3.15,841.3,10.7,1580.0,34.20035,74.43609
JK-BRM,2023-05-26,12.8,15.9,10.1,81,94,5.7,5.7,10.8,274,16.46,2.76,841.8,9.5,1580.0,34.20035,74.43609
JK-BRM,2023-05-27,13.7,20.3,8.4,73,96,0.0,0.0,7.6,191,24.18,4.2,842.6,8.4,1580.0,34.20035,74.43609
JK-BRM,2023-05-28,16.0,22.8,8.7,61,84,0.0,0.0,8.2,170,26.74,4.95,843.5,7.7,1580.0,34.20035,74.43609
JK-BRM,2023-05-29,16.9,24.1,11.9,63,90,9.3,9.3,24.9,216,21.48,4.28,845.4,9.2,1580.0,34.20035,74.43609
JK-BRM,2023-05-30,14.6,17.0,11.5,78,91,1.6,1.6,15.5,144,14.34,2.58,845.5,10.6,1580.0,34.20035,74.43609
JK-BRM,2023-05-31,12.7,13.8,10.9,87,92,16.3,16.3,8.4,258,4.86,1.06,842.2,10.5,1580.0,34.20035,74.43609
JK-BRM,2023-06-01,12.8,15.2,10.9,87,96,6.9,6.9,8.5,293,6.49,1.3,841.6,10.6,1580.0,34.20035,74.43609
JK-BRM,2023-06-02,14.6,20.6,7.9,75,92,0.2,0.2,6.9,137,22.04,3.88,841.3,9.9,1580.0,34.20035,74.43609
JK-BRM,2023-06-03,15.3,21.4,8.4,72,93,1.5,1.5,9.3,209,23.41,4.24,842.9,10.0,1580.0,34.20035,74.43609
JK-BRM,2023-06-04,16.6,22.9,9.8,64,83,0.0,0.0,10.2,157,24.45,4.6,843.8,9.6,1580.0,34.20035,74.43609
JK-BRM,2023-06-05,16.9,22.0,11.5,64,83,0.6,0.6,12.8,208,23.4,4.48,842.8,9.9,1580.0,34.20035,74.43609
JK-BRM,2023-06-06,16.9,21.9,11.7,70,90,0.2,0.2,10.8,180,22.15,4.11,842.6,11.1,1580.0,34.20035,74.43609
JK-BRM,2023-06-07,16.7,22.9,10.6,69,82,0.0,0.0,9.8,207,21.16,4.04,842.0,10.6,1580.0,34.20035,74.43609
JK-BRM,2023-06-08,19.0,25.8,12.4,62,78,0.0,0.0,7.6,87,27.27,5.24,842.5,11.3,1580.0,34.20035,74.43609
JK-BRM,2023-06-09,21.5,28.6,15.1,54,72,0.0,0.0,9.0,120,27.64,5.66,840.3,11.5,1580.0,34.20035,74.43609
JK-BRM,2023-06-10,22.2,28.5,16.0,55,74,0.0,0.0,11.9,141,26.22,5.47,839.3,12.3,1580.0,34.20035,74.43609
JK-BRM,2023-06-11,21.2,27.6,15.1,59,77,0.0,0.0,10.9,143,23.69,4.93,839.2,12.7,1580.0,34.20035,74.43609
JK-BRM,2023-06-12,20.1,25.9,13.5,64,78,0.0,0.0,9.0,222,22.24,4.54,838.8,12.7,1580.0,34.20035,74.43609
JK-BRM,2023-06-13,20.9,26.0,14.5,60,76,0.4,0.4,11.9,225,23.08,4.7,839.9,12.6,1580.0,34.20035,74.43609
JK-BRM,2023-06-14,19.4,24.1,14.4,68,85,4.0,4.0,7.6,215,22.04,4.39,840.1,13.1,1580.0,34.20035,74.43609
JK-BRM,2023-06-15,19.4,24.5,14.1,65,80,0.3,0.3,14.2,196,21.21,4.26,839.8,12.5,1580.0,34.20035,74.43609
JK-BRM,2023-06-16,20.5,26.3,14.3,59,78,0.0,0.0,9.8,159,25.26,5.12,839.7,11.7,1580.0,34.20035,74.43609
JK-BRM,2023-06-17,21.1,26.9,15.8,59,73,0.2,0.2,12.0,183,24.02,5.0,841.0,12.4,1580.0,34.20035,74.43609
JK-BRM,2023-06-18,22.9,29.6,15.5,54,71,0.0,0.0,8.8,206,26.19,5.57,841.1,12.6,1580.0,34.20035,74.43609
JK-BRM,2023-06-19,23.4,31.2,15.8,55,85,0.0,0.0,9.8,243,26.9,5.92,839.9,12.9,1580.0,34.20035,74.43609
JK-BRM,2023-06-20,24.1,32.4,16.1,53,74,0.0,0.0,9.2,227,26.88,5.97,839.2,13.1,1580.0,34.20035,74.43609
JK-BRM,2023-06-21,25.3,33.6,17.5,52,70,0.0,0.0,8.9,214,27.62,6.32,839.7,14.1,1580.0,34.20035,74.43609
JK-BRM,2023-06-22,26.0,34.7,18.5,55,73,0.0,0.0,15.0,222,27.82,6.54,840.1,15.4,1580.0,34.20035,74.43609
JK-BRM,2023-06-23,26.4,34.2,19.2,55,72,0.0,0.0,18.7,245,26.45,6.43,839.9,16.2,1580.0,34.20035,74.43609
JK-BRM,2023-06-24,25.8,31.4,19.2,60,75,0.3,0.3,10.3,225,22.93,5.21,839.5,17.3,1580.0,34.20035,74.43609
JK-BRM,2023-06-25,25.1,30.9,19.3,63,80,1.7,1.7,11.1,137,22.63,5.13,839.4,17.1,1580.0,34.20035,74.43609
JK-BRM,2023-06-26,21.5,25.0,18.7,76,94,8.8,8.8,10.5,122,14.27,3.0,841.1,17.0,1580.0,34.20035,74.43609
JK-BRM,2023-06-27,21.8,27.1,16.9,69,88,1.6,1.6,9.8,233,22.6,4.7,840.9,15.6,1580.0,34.20035,74.43609
JK-BRM,2023-06-28,22.0,27.4,17.3,68,89,0.5,0.5,10.2,170,21.26,4.45,841.8,15.4,1580.0,34.20035,74.43609
JK-BRM,2023-06-29,21.9,28.2,15.7,69,96,1.4,1.4,9.2,86,24.38,4.98,840.4,15.4,1580.0,34.20035,74.43609
JK-BRM,2023-06-30,21.2,27.8,15.6,68,94,3.4,3.4,9.9,218,22.99,4.71,839.3,14.4,1580.0,34.20035,74.43609
JK-BRM,2023-07-01,23.1,30.4,15.9,55,83,0.0,0.0,7.9,269,26.08,5.61,839.5,12.9,1580.0,34.20035,74.43609
JK-BRM,2023-07-02,24.4,32.3,16.3,56,86,0.0,0.0,7.9,219,27.8,5.9,839.8,13.9,1580.0,34.20035,74.43609
JK-BRM,2023-07-03,24.4,31.0,16.8,61,82,0.0,0.0,12.7,249,24.21,5.48,839.7,15.7,1580.0,34.20035,74.43609
JK-BRM,2023-07-04,24.4,30.5,18.6,56,76,1.7,1.7,11.9,126,23.54,5.21,838.8,14.4,1580.0,34.20035,74.43609
JK-BRM,2023-07-05,20.6,24.9,17.1,72,94,2.8,2.8,10.5,163,16.89,3.56,838.8,15.1,1580.0,34.20035,74.43609
JK-BRM,2023-07-06,21.9,29.3,15.3,59,87,0.1,0.1,11.3,188,22.82,4.81,840.8,12.8,1580.0,34.20035,74.43609
JK-BRM,2023-07-07,19.0,22.8,16.1,69,88,3.6,3.6,6.1,188,12.24,2.5,842.0,12.9,1580.0,34.20035,74.43609
JK-BRM,2023-07-08,17.9,21.7,14.0,77,92,6.1,6.1,5.6,175,10.09,2.13,842.6,13.6,1580.0,34.20035,74.43609
JK-BRM,2023-07-09,20.8,27.1,15.8,67,87,0.0,0.0,10.4,166,23.42,4.76,840.4,13.9,1580.0,34.20035,74.43609
JK-BRM,2023-07-10,22.6,29.5,15.0,55,88,0.0,0.0,6.2,201,24.74,5.24,840.9,12.3,1580.0,34.20035,74.43609
JK-BRM,2023-07-11,23.5,31.2,15.5,50,77,0.0,0.0,7.6,176,27.13,5.71,841.0,11.3,1580.0,34.20035,74.43609
JK-BRM,2023-07-12,24.8,32.9,16.4,49,74,0.0,0.0,12.2,182,27.71,6.22,839.8,11.9,1580.0,34.20035,74.43609
JK-BRM,2023-07-13,25.4,33.5,17.4,51,78,0.0,0.0,11.3,149,27.76,6.37,839.9,13.0,1580.0,34.20035,74.43609
JK-BRM,2023-07-14,25.8,32.6,18.5,55,80,0.1,0.1,11.2,228,25.8,6.01,840.6,15.2,1580.0,34.20035,74.43609
JK-BRM,2023-07-15,24.9,30.5,19.6,58,75,0.0,0.0,9.9,204,19.48,4.41,840.2,15.7,1580.0,34.20035,74.43609
JK-BRM,2023-07-16,22.8,27.8,19.4,76,95,15.9,15.9,7.9,138,17.73,3.72,840.9,18.1,1580.0,34.20035,74.43609
JK-BRM,2023-07-17,24.5,31.2,19.0,68,95,0.2,0.2,8.2,203,23.04,5.01,840.7,17.3,1580.0,34.20035,74.43609
JK-BRM,2023-07-18,25.6,33.0,17.2,63,93,0.2,0.2,8.3,252,25.68,5.64,839.2,17.2,1580.0,34.20035,74.43609
JK-BRM,2023-07-19,21.3,23.6,18.9,88,98,27.5,27.5,8.7,201,7.06,1.62,839.6,19.3,1580.0,34.20035,74.43609
JK-BRM,2023-07-20,23.4,30.0,18.2,75,97,0.3,0.3,7.4,180,19.95,4.21,840.9,18.3,1580.0,34.20035,74.43609
JK-BRM,2023-07-21,23.0,28.4,19.7,80,97,2.6,2.6,7.8,240,19.52,4.08,842.2,19.0,1580.0,34.20035,74.43609
JK-BRM,2023-07-22,21.7,26.0,19.5,85,98,6.8,6.8,7.4,156,15.17,3.1,844.3,18.8,1580.0,34.20035,74.43609
JK-BRM,2023-07-23,21.3,26.8,18.3,80,99,2.0,2.0,7.4,156,17.9,3.61,844.7,17.5,1580.0,34.20035,74.43609
JK-BRM,2023-07-24,22.2,27.7,17.8,74,97,9.7,9.7,7.6,216,21.36,4.38,842.2,16.9,1580.0,34.20035,74.43609
JK-BRM,2023-07-25,22.6,27.3,18.0,71,92,0.0,0.0,5.2,207,17.33,3.63,841.9,16.8,1580.0,34.20035,74.43609
JK-BRM,2023-07-26,23.4,28.4,18.6,69,84,0.6,0.6,7.5,241,22.15,4.66,841.6,17.1,1580.0,34.20035,74.43609
JK-BRM,2023-07-27,23.0,28.3,17.9,72,89,2.1,2.1,7.6,229,22.4,4.6,841.0,17.4,1580.0,34.20035,74.43609
JK-BRM,2023-07-28,21.0,26.0,17.8,81,95,9.9,9.9,6.4,127,18.64,3.72,839.2,17.3,1580.0,34.20035,74.43609
JK-BRM,2023-07-29,20.3,23.8,16.8,75,98,0.5,0.5,6.5,184,18.24,3.64,839.3,15.5,1580.0,34.20035,74.43609
JK-BRM,2023-07-30,22.4,29.0,15.3,62,84,0.0,0.0,5.8,202,24.59,5.03,838.9,14.1,1580.0,34.20035,74.43609
JK-BRM,2023-07-31,23.3,29.9,16.6,63,88,0.9,0.9,7.0,238,23.64,5.03,837.8,15.3,1580.0,34.20035,74.43609
JK-BRM,2023-08-01,24.3,31.5,17.9,61,79,0.3,0.3,9.0,251,24.76,5.42,837.2,15.6,1580.0,34.20035,74.43609
JK-BRM,2023-08-02,24.6,30.7,18.0,63,84,3.1,3.1,10.0,257,23.49,5.1,837.6,16.6,1580.0,34.20035,74.43609
JK-BRM,2023-08-03,24.3,30.9,17.0,65,91,0.2,0.2,5.8,224,24.07,5.07,838.3,16.6,1580.0,34.20035,74.43609
JK-BRM,2023-08-04,25.1,31.8,18.4,60,82,0.7,0.7,8.0,215,23.1,5.03,839.9,16.2,1580.0,34.20035,74.43609
JK-BRM,2023-08-05,25.1,30.3,19.8,62,78,0.4,0.4,8.6,348,21.87,4.76,841.5,16.9,1580.0,34.20035,74.43609
JK-BRM,2023-08-06,23.6,30.2,18.1,68,94,2.0,2.0,11.6,36,21.92,4.7,838.4,16.9,1580.0,34.20035,74.43609
JK-BRM,2023-08-07,23.1,29.4,17.5,64,97,0.7,0.7,8.0,22,22.27,4.7,837.0,15.1,1580.0,34.20035,74.43609
JK-BRM,2023-08-08,24.4,31.6,17.5,53,80,0.0,0.0,10.7,220,24.61,5.44,837.3,13.0,1580.0,34.20035,74.43609
JK-BRM,2023-08-09,24.8,33.0,16.7,55,80,0.0,0.0,18.2,251,25.69,5.96,840.0,14.4,1580.0,34.20035,74.43609
JK-BRM,2023-08-10,25.8,33.2,17.7,56,82,0.0,0.0,9.8,259,23.31,5.35,841.5,15.6,1580.0,34.20035,74.43609
JK-BRM,2023-08-11,25.9,33.4,18.7,54,77,0.0,0.0,16.2,261,24.27,5.72,842.0,15.1,1580.0,34.20035,74.43609
JK-BRM,2023-08-12,25.9,33.5,17.9,55,82,0.0,0.0,13.8,266,23.37,5.65,839.8,15.2,1580.0,34.20035,74.43609
JK-BRM,2023-08-13,26.3,34.4,19.0,58,81,0.0,0.0,16.2,254,23.98,5.82,837.5,16.5,1580.0,34.20035,74.43609
JK-BRM,2023-08-14,25.7,32.5,19.8,56,79,0.5,0.5,13.8,244,21.32,4.86,840.7,15.2,1580.0,34.20035,74.43609
JK-BRM,2023-08-15,24.6,32.1,18.3,57,86,0.0,0.0,9.9,230,23.84,5.28,842.5,14.5,1580.0,34.20035,74.43609
JK-BRM,2023-08-16,25.1,32.1,18.3,54,78,0.0,0.0,12.6,258,22.52,5.27,842.0,14.1,1580.0,34.20035,74.43609
JK-BRM,2023-08-17,25.4,33.1,17.9,48,70,0.0,0.0,14.2,232,23.8,5.4,841.5,12.3,1580.0,34.20035,74.43609
JK-BRM,2023-08-18,25.6,32.9,18.2,47,69,0.0,0.0,14.0,233,23.57,5.44,842.2,12.3,1580.0,34.20035,74.43609
JK-BRM,2023-08-19,25.9,33.1,19.3,49,71,0.0,0.0,9.2,223,23.28,5.28,843.5,13.3,1580.0,34.20035,74.43609
JK-BRM,2023-08-20,26.6,34.3,20.0,51,73,0.0,0.0,16.3,258,24.05,5.74,843.9,14.5,1580.0,34.20035,74.43609
JK-BRM,2023-08-21,27.1,35.5,19.6,52,75,0.0,0.0,18.3,254,24.05,5.87,842.0,15.4,1580.0,34.20035,74.43609
JK-BRM,2023-08-22,27.4,35.7,19.8,53,80,0.0,0.0,18.0,261,24.22,6.2,840.1,15.7,1580.0,34.20035,74.43609
JK-BRM,2023-08-23,26.9,35.1,20.2,52,69,0.0,0.0,22.5,263,22.72,5.77,838.1,15.3,1580.0,34.20035,74.43609
JK-BRM,2023-08-24,24.1,29.6,20.8,58,70,0.3,0.3,10.9,173,15.74,3.62,837.6,15.0,1580.0,34.20035,74.43609
JK-BRM,2023-08-25,22.6,28.9,18.3,58,75,0.2,0.2,11.2,191,19.77,4.27,838.3,13.3,1580.0,34.20035,74.43609
JK-BRM,2023-08-26,20.7,26.0,16.6,61,78,1.9,1.9,12.6,175,16.02,3.51,840.3,12.5,1580.0,34.20035,74.43609
JK-BRM,2023-08-27,21.3,28.9,14.3,54,82,0.0,0.0,5.9,187,22.55,4.58,839.9,10.3,1580.0,34.20035,74.43609
JK-BRM,2023-08-28,22.0,28.9,15.8,50,72,0.0,0.0,6.0,198,21.84,4.44,839.3,10.5,1580.0,34.20035,74.43609
JK-BRM,2023-08-29,22.4,30.5,15.0,46,72,0.0,0.0,13.9,276,23.32,5.35,841.7,8.8,1580.0,34.20035,74.43609
JK-BRM,2023-08-30,24.2,33.4,16.3,38,67,0.0,0.0,7.6,270,24.99,5.33,843.2,7.0,1580.0,34.20035,74.43609
JK-BRM,2023-08-31,24.3,33.5,16.0,49,70,0.0,0.0,17.0,246,23.97,5.55,843.8,11.7,1580.0,34.20035,74.43609
JK-BRM,2023-09-01,24.7,33.3,16.0,53,80,0.0,0.0,16.2,252,22.39,5.39,843.6,13.3,1580.0,34.20035,74.43609
JK-BRM,2023-09-02,24.3,32.0,17.3,55,76,0.0,0.0,16.5,261,20.66,5.15,842.8,13.8,1580.0,34.20035,74.43609
JK-BRM,2023-09-03,23.3,30.2,16.5,49,72,0.1,0.1,8.6,267,20.34,4.54,842.4,11.1,1580.0,34.20035,74.43609
JK-BRM,2023-09-04,23.9,32.3,17.0,44,63,0.0,0.0,18.6,249,22.73,5.49,841.9,9.8,1580.0,34.20035,74.43609
JK-BRM,2023-09-05,22.7,30.1,15.8,46,65,0.0,0.0,18.2,274,21.23,5.12,843.0,9.6,1580.0,34.20035,74.43609
JK-BRM,2023-09-06,22.4,29.5,16.0,43,64,0.0,0.0,19.8,226,20.5,4.56,844.5,8.4,1580.0,34.20035,74.43609
JK-BRM,2023-09-07,23.7,31.5,16.4,39,55,0.0,0.0,10.2,263,22.18,4.87,844.5,7.8,1580.0,34.20035,74.43609
JK-BRM,2023-09-08,23.8,32.7,16.6,39,61,0.0,0.0,16.6,257,22.57,5.42,843.3,7.6,1580.0,34.20035,74.43609
JK-BRM,2023-09-09,23.6,32.7,15.8,45,66,0.0,0.0,15.1,253,22.82,5.45,841.5,9.8,1580.0,34.20035,74.43609
JK-BRM,2023-09-10,24.3,33.9,16.7,52,78,0.0,0.0,17.3,248,23.25,5.52,839.5,12.3,1580.0,34.20035,74.43609
JK-BRM,2023-09-11,25.5,34.5,18.5,54,75,0.0,0.0,17.0,256,23.08,5.53,840.3,14.5,1580.0,34.20035,74.43609
JK-BRM,2023-09-12,25.7,34.2,18.9,56,76,0.0,0.0,18.7,262,22.31,5.39,840.7,15.3,1580.0,34.20035,74.43609
JK-BRM,2023-09-13,25.6,33.7,18.4,57,80,0.0,0.0,16.6,257,21.7,5.23,841.2,15.6,1580.0,34.20035,74.43609
JK-BRM,2023-09-14,25.2,31.9,19.9,59,81,0.1,0.1,11.9,240,18.49,4.29,842.7,16.0,1580.0,34.20035,74.43609
JK-BRM,2023-09-15,24.7,32.0,18.3,55,74,0.0,0.0,18.1,262,20.39,4.79,843.1,14.5,1580.0,34.20035,74.43609
JK-BRM,2023-09-16,23.7,30.3,17.8,55,72,0.1,0.1,8.2,239,17.07,3.84,843.3,13.6,1580.0,34.20035,74.43609
JK-BRM,2023-09-17,23.5,30.8,17.9,55,79,0.0,0.0,9.0,228,19.57,4.21,842.5,12.9,1580.0,34.20035,74.43609
JK-BRM,2023-09-18,22.1,28.1,17.2,60,86,0.5,0.5,12.3,216,17.49,3.77,842.9,13.4,1580.0,34.20035,74.43609
JK-BRM,2023-09-19,21.6,28.0,15.7,64,89,0.0,0.0,8.4,204,19.08,3.98,844.9,13.6,1580.0,34.20035,74.43609
JK-BRM,2023-09-20,22.6,29.8,17.1,56,77,0.0,0.0,14.1,232,19.3,4.35,844.4,12.7,1580.0,34.20035,74.43609
JK-BRM,2023-09-21,22.0,30.1,13.9,51,77,0.0,0.0,7.4,275,19.34,4.22,843.1,9.9,1580.0,34.20035,74.43609
JK-BRM,2023-09-22,21.2,28.4,15.2,46,65,0.0,0.0,12.0,239,18.54,4.09,843.0,8.3,1580.0,34.20035,74.43609
JK-BRM,2023-09-23,20.5,27.6,15.2,50,75,0.0,0.0,8.4,285,19.06,4.0,844.1,8.7,1580.0,34.20035,74.43609
JK-BRM,2023-09-24,19.7,26.1,14.0,47,68,0.0,0.0,6.1,280,17.87,3.67,843.8,7.5,1580.0,34.20035,74.43609
JK-BRM,2023-09-25,17.0,22.6,12.8,57,84,1.0,1.0,8.5,244,17.03,3.41,844.7,7.8,1580.0,34.20035,74.43609
JK-BRM,2023-09-26,18.4,25.7,12.1,48,70,0.0,0.0,8.7,211,20.19,3.99,845.3,6.3,1580.0,34.20035,74.43609
JK-BRM,2023-09-27,19.7,26.7,13.8,40,59,0.0,0.0,7.5,230,20.04,3.99,844.6,4.6,1580.0,34.20035,74.43609
JK-BRM,2023-09-28,19.1,26.7,12.8,40,61,0.0,0.0,7.8,206,20.28,4.07,843.5,4.2,1580.0,34.20035,74.43609
JK-BRM,2023-09-29,18.3,24.9,11.7,38,60,0.0,0.0,9.3,261,19.75,4.02,843.7,2.6,1580.0,34.20035,74.43609
JK-BRM,2023-09-30,18.0,24.8,10.8,35,62,0.0,0.0,10.4,246,19.7,4.07,844.3,1.5,1580.0,34.20035,74.43609
JK-BRM,2023-10-01,18.3,25.2,11.4,39,56,0.0,0.0,11.9,215,18.34,3.82,843.2,3.6,1580.0,34.20035,74.43609
JK-BRM,2023-10-02,17.6,23.9,11.5,46,69,0.1,0.1,12.7,333,16.65,3.43,843.5,5.4,1580.0,34.20035,74.43609
JK-BRM,2023-10-03,18.1,25.4,11.4,41,63,0.0,0.0,6.6,227,19.49,3.78,844.4,3.8,1580.0,34.20035,74.43609
JK-BRM,2023-10-04,18.3,26.0,12.0,38,52,0.0,0.0,6.3,203,19.41,3.85,844.6,2.9,1580.0,34.20035,74.43609
JK-BRM,2023-10-05,19.5,27.6,12.1,34,54,0.0,0.0,7.9,195,20.17,3.96,844.3,1.9,1580.0,34.20035,74.43609
JK-BRM,2023-10-06,19.4,28.1,13.3,38,57,0.0,0.0,9.4,208,19.44,4.13,842.6,3.5,1580.0,34.20035,74.43609
JK-BRM,2023-10-07,19.8,26.6,13.3,38,55,0.0,0.0,9.5,301,16.99,3.65,844.5,4.5,1580.0,34.20035,74.43609
JK-BRM,2023-10-08,19.8,27.0,13.8,41,64,0.0,0.0,8.6,260,18.19,3.75,845.2,5.3,1580.0,34.20035,74.43609
JK-BRM,2023-10-09,17.2,24.9,12.0,52,89,4.2,4.2,16.3,284,15.02,3.11,845.3,6.3,1580.0,34.20035,74.43609
JK-BRM,2023-10-10,14.4,20.6,10.2,65,91,8.6,8.6,6.7,223,17.48,3.04,847.4,7.3,1580.0,34.20035,74.43609
JK-BRM,2023-10-11,16.5,24.6,9.2,44,77,0.0,0.0,8.7,258,19.16,3.66,846.8,3.1,1580.0,34.20035,74.43609
JK-BRM,2023-10-12,17.8,25.3,10.1,41,86,0.0,0.0,9.0,255,18.89,3.62,846.4,2.5,1580.0,34.20035,74.43609
JK-BRM,2023-10-13,17.1,24.3,10.5,57,81,0.3,0.3,8.4,242,16.43,3.14,846.7,7.7,1580.0,34.20035,74.43609
JK-BRM,2023-10-14,13.3,15.7,9.8,76,95,7.3,7.3,7.7,273,8.52,1.59,847.4,9.0,1580.0,34.20035,74.43609
JK-BRM,2023-10-15,12.6,16.3,9.5,73,93,0.8,0.8,9.4,203,11.63,2.02,845.4,7.6,1580.0,34.20035,74.43609
JK-BRM,2023-10-16,10.6,12.4,8.0,83,92,15.1,15.1,11.1,290,4.03,0.86,844.7,7.7,1580.0,34.20035,74.43609
JK-BRM,2023-10-17,8.8,12.2,6.0,82,94,2.7,2.7,12.0,244,7.68,1.28,847.9,5.8,1580.0,34.20035,74.43609
JK-BRM,2023-10-18,9.1,14.7,4.3,77,95,0.0,0.0,6.0,183,14.05,2.15,848.1,5.0,1580.0,34.20035,74.43609
JK-BRM,2023-10-19,10.1,16.4,4.9,65,84,0.0,0.0,5.4,252,16.67,2.62,847.5,3.2,1580.0,34.20035,74.43609
JK-BRM,2023-10-20,12.0,17.9,6.5,49,71,0.0,0.0,8.2,248,17.14,2.86,848.4,1.4,1580.0,34.20035,74.43609
JK-BRM,2023-10-21,12.5,18.8,7.7,51,74,0.0,0.0,6.3,234,16.94,2.85,848.2,2.2,1580.0,34.20035,74.43609
JK-BRM,2023-10-22,12.0,18.0,7.1,59,81,0.1,0.1,10.2,228,11.58,2.14,848.9,3.5,1580.0,34.20035,74.43609
JK-BRM,2023-10-23,11.3,17.4,5.8,61,74,0.0,0.0,7.0,197,16.54,2.67,847.9,3.8,1580.0,34.20035,74.43609
JK-BRM,2023-10-24,11.2,17.0,6.9,65,85,0.0,0.0,13.3,213,14.55,2.45,847.7,4.5,1580.0,34.20035,74.43609
JK-BRM,2023-10-25,11.6,18.4,6.2,57,74,0.0,0.0,6.8,192,16.26,2.72,848.6,2.9,1580.0,34.20035,74.43609
JK-BRM,2023-10-26,12.6,19.1,7.3,46,59,0.0,0.0,4.9,204,16.55,2.77,847.6,1.1,1580.0,34.20035,74.43609
JK-BRM,2023-10-27,13.3,19.9,7.6,41,62,0.0,0.0,6.6,200,16.05,2.9,846.6,-0.2,1580.0,34.20035,74.43609
JK-BRM,2023-10-28,13.5,20.6,8.3,46,65,0.0,0.0,6.3,190,16.15,2.86,847.0,1.7,1580.0,34.20035,74.43609
JK-BRM,2023-10-29,13.6,20.2,8.7,47,69,0.0,0.0,6.6,208,15.93,2.77,846.8,2.2,1580.0,34.20035,74.43609
JK-BRM,2023-10-30,13.3,20.3,8.3,55,73,0.0,0.0,6.3,180,15.71,2.7,847.3,4.0,1580.0,34.20035,74.43609
JK-BRM,2023-10-31,13.3,20.4,8.7,56,75,0.0,0.0,8.0,197,15.33,2.73,848.5,4.2,1580.0,34.20035,74.43609
JK-BRM,2023-11-01,13.1,19.3,8.5,57,73,0.0,0.0,10.9,193,12.16,2.26,849.7,4.3,1580.0,34.20035,74.43609
JK-BRM,2023-11-02,11.7,16.6,6.9,61,87,0.1,0.1,7.1,238,12.33,2.07,848.5,4.0,1580.0,34.20035,74.43609
JK-BRM,2023-11-03,10.0,16.6,4.2,67,89,0.0,0.0,6.8,175,14.24,2.31,846.0,3.7,1580.0,34.20035,74.43609
JK-BRM,2023-11-04,10.7,17.2,6.1,52,67,0.0,0.0,7.2,224,15.29,2.54,845.5,0.9,1580.0,34.20035,74.43609
JK-BRM,2023-11-05,11.3,18.0,6.4,43,55,0.0,0.0,6.6,212,15.08,2.57,846.4,-1.0,1580.0,34.20035,74.43609
JK-BRM,2023-11-06,12.1,17.7,8.2,41,52,0.0,0.0,6.4,214,12.65,2.2,847.8,-1.0,1580.0,34.20035,74.43609
JK-BRM,2023-11-07,11.6,16.1,5.7,50,70,0.0,0.0,7.9,218,10.59,1.94,847.2,1.3,1580.0,34.20035,74.43609
JK-BRM,2023-11-08,11.6,17.4,7.4,51,70,0.0,0.0,6.6,214,12.18,2.13,845.6,1.2,1580.0,34.20035,74.43609
JK-BRM,2023-11-09,10.8,15.9,5.3,61,91,3.7,3.7,8.6,232,10.59,1.81,845.3,3.0,1580.0,34.20035,74.43609
JK-BRM,2023-11-10,7.4,9.2,5.7,87,95,21.8,21.8,10.1,298,3.41,0.61,847.4,5.3,1580.0,34.20035,74.43609
JK-BRM,2023-11-11,8.3,13.8,3.6,70,90,0.0,0.0,6.4,349,12.74,1.88,850.0,2.9,1580.0,34.20035,74.43609
JK-BRM,2023-11-12,8.4,14.4,2.9,54,80,0.0,0.0,7.2,228,13.81,2.05,849.3,-0.7,1580.0,34.20035,74.43609
JK-BRM,2023-11-13,9.7,16.2,4.4,49,69,0.0,0.0,6.0,226,13.76,2.12,848.4,-0.8,1580.0,34.20035,74.43609
JK-BRM,2023-11-14,9.6,16.1,3.9,50,66,0.0,0.0,6.6,235,13.62,2.11,848.7,-0.5,1580.0,34.20035,74.43609
JK-BRM,2023-11-15,10.0,16.1,6.1,46,61,0.0,0.0,5.6,225,13.68,2.15,849.6,-1.6,1580.0,34.20035,74.43609
JK-BRM,2023-11-16,9.5,15.1,3.2,47,69,0.0,0.0,6.2,214,12.63,1.98,850.1,-1.3,1580.0,34.20035,74.43609
JK-BRM,2023-11-17,9.4,15.1,3.0,48,69,0.0,0.0,5.9,220,13.42,2.09,850.4,-1.4,1580.0,34.20035,74.43609
JK-BRM,2023-11-18,9.4,14.3,3.5,53,68,0.0,0.0,5.8,197,11.2,1.73,847.8,0.2,1580.0,34.20035,74.43609
JK-BRM,2023-11-19,9.9,15.2,5.1,50,68,0.0,0.0,7.0,215,10.85,1.75,847.1,-0.2,1580.0,34.20035,74.43609
JK-BRM,2023-11-20,9.4,15.3,4.6,52,70,0.0,0.0,5.5,201,12.95,1.96,847.6,-0.3,1580.0,34.20035,74.43609
JK-BRM,2023-11-21,9.1,15.3,4.7,52,77,0.0,0.0,6.0,224,13.08,2.0,847.7,-0.6,1580.0,34.20035,74.43609
JK-BRM,2023-11-22,9.4,14.6,3.0,47,64,0.0,0.0,7.0,197,12.99,1.96,845.6,-1.7,1580.0,34.20035,74.43609
JK-BRM,2023-11-23,8.6,14.9,4.4,54,79,0.0,0.0,6.1,218,12.69,1.89,842.7,-0.5,1580.0,34.20035,74.43609
JK-BRM,2023-11-24,8.7,14.9,4.2,52,66,0.0,0.0,5.0,214,12.55,1.87,847.0,-1.0,1580.0,34.20035,74.43609
JK-BRM,2023-11-25,8.7,14.0,2.6,52,70,0.0,0.0,6.4,195,11.67,1.78,848.5,-1.0,1580.0,34.20035,74.43609
JK-BRM,2023-11-26,7.9,12.8,2.9,61,81,0.0,0.0,6.6,216,7.62,1.25,848.2,0.6,1580.0,34.20035,74.43609
JK-BRM,2023-11-27,8.6,12.6,4.8,69,87,0.1,0.1,6.2,190,6.39,1.1,846.6,3.1,1580.0,34.20035,74.43609
JK-BRM,2023-11-28,8.4,13.5,2.5,73,96,0.0,0.0,6.9,214,11.49,1.68,846.4,3.6,1580.0,34.20035,74.43609
JK-BRM,2023-11-29,8.1,13.7,2.8,72,90,7.4,7.4,8.1,212,9.61,1.45,846.9,3.2,1580.0,34.20035,74.43609
JK-BRM,2023-11-30,4.8,6.3,3.4,93,98,14.1,14.0,6.9,352,3.07,0.46,846.9,3.8,1580.0,34.20035,74.43609
JK-BRM,2023-12-01,4.1,7.6,1.7,86,98,0.8,0.6,4.7,167,8.83,1.11,848.5,1.8,1580.0,34.20035,74.43609
JK-BRM,2023-12-02,3.4,8.9,-0.2,76,89,0.0,0.0,5.1,195,10.47,1.34,848.8,-0.5,1580.0,34.20035,74.43609
JK-BRM,2023-12-03,4.3,9.0,0.4,71,83,0.0,0.0,4.8,182,8.46,1.15,848.2,-0.6,1580.0,34.20035,74.43609
JK-BRM,2023-12-04,5.4,11.2,1.8,58,73,0.0,0.0,5.1,207,11.76,1.57,846.1,-2.4,1580.0,34.20035,74.43609
JK-BRM,2023-12-05,5.0,11.0,0.6,49,72,0.0,0.0,6.0,104,12.1,1.58,845.7,-5.3,1580.0,34.20035,74.43609
JK-BRM,2023-12-06,5.0,10.5,0.4,45,72,0.0,0.0,5.2,200,11.97,1.6,847.1,-6.4,1580.0,34.20035,74.43609
JK-BRM,2023-12-07,4.3,10.5,-0.4,52,68,0.0,0.0,6.5,209,11.91,1.62,846.4,-4.7,1580.0,34.20035,74.43609
JK-BRM,2023-12-08,4.9,10.1,1.0,44,56,0.0,0.0,5.6,215,11.49,1.57,844.0,-6.5,1580.0,34.20035,74.43609
JK-BRM,2023-12-09,4.1,10.4,-1.5,41,66,0.0,0.0,6.4,211,11.74,1.55,844.2,-8.4,1580.0,34.20035,74.43609
JK-BRM,2023-12-10,4.5,11.0,-0.7,38,60,0.0,0.0,6.7,199,11.76,1.67,843.6,-9.1,1580.0,34.20035,74.43609
JK-BRM,2023-12-11,4.1,9.1,-1.0,40,60,0.0,0.0,7.3,218,11.39,1.52,842.3,-8.5,1580.0,34.20035,74.43609
JK-BRM,2023-12-12,4.3,9.9,0.4,53,76,0.0,0.0,6.1,228,10.98,1.46,840.9,-4.7,1580.0,34.20035,74.43609
JK-BRM,2023-12-13,3.1,9.0,-2.2,53,66,0.0,0.0,6.0,242,11.41,1.49,843.2,-5.7,1580.0,34.20035,74.43609
JK-BRM,2023-12-14,4.5,10.1,-1.8,43,55,0.0,0.0,5.6,226,10.72,1.49,845.2,-7.0,1580.0,34.20035,74.43609
JK-BRM,2023-12-15,5.5,12.1,0.6,43,66,0.0,0.0,5.0,253,11.69,1.6,843.9,-6.4,1580.0,34.20035,74.43609
JK-BRM,2023-12-16,3.8,8.6,0.7,66,89,0.6,0.6,6.4,254,4.04,0.65,841.6,-2.1,1580.0,34.20035,74.43609
JK-BRM,2023-12-17,2.5,8.2,-1.0,77,88,0.0,0.0,6.3,213,10.19,1.26,845.1,-1.3,1580.0,34.20035,74.43609
JK-BRM,2023-12-18,2.8,8.9,-2.0,56,78,0.0,0.0,5.7,182,11.31,1.43,848.4,-6.0,1580.0,34.20035,74.43609
JK-BRM,2023-12-19,3.1,9.5,-2.9,43,70,0.0,0.0,8.6,189,11.6,1.54,849.3,-8.9,1580.0,34.20035,74.43609
JK-BRM,2023-12-20,3.9,10.2,-1.5,39,67,0.0,0.0,9.5,171,10.7,1.55,849.3,-9.2,1580.0,34.20035,74.43609
JK-BRM,2023-12-21,5.5,11.4,1.4,34,70,0.0,0.0,6.8,178,11.43,1.6,848.0,-9.7,1580.0,34.20035,74.43609
JK-BRM,2023-12-22,5.8,10.4,2.7,42,72,0.0,0.0,5.6,151,10.2,1.4,846.9,-7.0,1580.0,34.20035,74.43609
JK-BRM,2023-12-23,5.3,10.4,1.6,70,84,1.2,1.2,6.3,223,8.8,1.24,848.9,0.1,1580.0,34.20035,74.43609
JK-BRM,2023-12-24,3.9,8.6,0.1,74,88,0.0,0.0,6.3,187,7.12,0.97,851.2,-0.4,1580.0,34.20035,74.43609
JK-BRM,2023-12-25,4.9,10.9,-0.6,59,72,0.0,0.0,7.1,176,11.2,1.49,848.7,-2.6,1580.0,34.20035,74.43609
JK-BRM,2023-12-26,6.2,11.8,0.8,49,68,0.0,0.0,4.4,202,11.48,1.54,847.1,-3.9,1580.0,34.20035,74.43609
JK-BRM,2023-12-27,5.9,12.2,0.6,48,68,0.0,0.0,6.6,220,11.42,1.6,848.7,-4.6,1580.0,34.20035,74.43609
JK-BRM,2023-12-28,5.2,10.8,0.6,44,71,0.0,0.0,6.1,185,11.7,1.63,848.2,-6.4,1580.0,34.20035,74.43609
JK-BRM,2023-12-29,5.2,10.9,-0.7,41,61,0.0,0.0,5.6,207,11.44,1.55,847.2,-7.2,1580.0,34.20035,74.43609
JK-BRM,2023-12-30,5.5,10.8,-0.0,42,65,0.0,0.0,5.0,207,8.09,1.19,845.3,-6.6,1580.0,34.20035,74.43609
JK-BRM,2023-12-31,5.4,11.0,1.2,46,67,0.0,0.0,5.8,225,11.62,1.64,845.1,-5.6,1580.0,34.20035,74.43609
