site_id,date,temperature_2m_mean,temperature_2m_max,temperature_2m_min,relative_humidity_2m_mean,relative_humidity_2m_max,precipitation_sum,rain_sum,wind_speed_10m_max,wind_direction_10m_dominant,shortwave_radiation_sum,et0_fao_evapotranspiration,surface_pressure_mean,dew_point_2m_mean,elevation_m,lat,lon
JK-SGR,2020-12-01,1.9,4.3,-1.2,68,81,0.0,0.0,6.5,130,12.96,1.36,846.0,-3.4,1589.0,34.059753,74.8125
JK-SGR,2020-12-02,2.6,6.3,-1.2,62,72,0.0,0.0,5.4,97,13.09,1.41,845.6,-3.9,1589.0,34.059753,74.8125
JK-SGR,2020-12-03,2.3,5.7,-0.4,61,78,0.0,0.0,5.4,34,12.89,1.37,843.7,-4.5,1589.0,34.059753,74.8125
JK-SGR,2020-12-04,1.2,2.6,-0.9,67,87,5.3,1.1,6.4,320,7.8,0.87,842.6,-4.7,1589.0,34.059753,74.8125
JK-SGR,2020-12-05,0.8,2.8,-1.8,87,93,6.2,1.9,6.6,309,9.76,0.96,842.7,-1.2,1589.0,34.059753,74.8125
JK-SGR,2020-12-06,1.8,5.9,-2.1,83,93,0.0,0.0,8.1,205,12.24,1.23,845.1,-0.9,1589.0,34.059753,74.8125
JK-SGR,2020-12-07,1.5,4.5,-1.9,84,100,6.1,5.9,8.4,317,6.26,0.78,846.4,-1.1,1589.0,34.059753,74.8125
JK-SGR,2020-12-08,-0.0,1.4,-1.1,100,100,22.3,18.5,10.6,302,2.37,0.29,846.1,-0.1,1589.0,34.059753,74.8125
JK-SGR,2020-12-09,0.4,2.3,-1.0,98,100,7.0,4.6,5.8,301,8.29,0.82,844.5,0.2,1589.0,34.059753,74.8125
JK-SGR,2020-12-10,1.1,4.7,-1.6,90,100,4.2,1.2,6.8,65,10.83,1.14,844.2,-0.4,1589.0,34.059753,74.8125
JK-SGR,2020-12-11,1.2,3.7,-2.1,80,100,9.1,2.4,8.2,12,7.79,0.86,842.9,-1.9,1589.0,34.059753,74.8125
JK-SGR,2020-12-12,-1.1,-0.5,-2.0,98,100,19.1,0.4,16.8,312,8.1,0.57,839.9,-1.3,1589.0,34.059753,74.8125
JK-SGR,2020-12-13,-1.4,-0.1,-2.7,87,100,0.0,0.0,5.6,167,8.99,0.83,840.3,-3.4,1589.0,34.059753,74.8125
JK-SGR,2020-12-14,-3.8,-1.3,-7.9,81,100,0.0,0.0,4.5,122,11.57,0.97,839.1,-6.6,1589.0,34.059753,74.8125
JK-SGR,2020-12-15,-2.9,-0.9,-7.6,65,81,0.0,0.0,6.1,44,12.38,1.11,840.8,-8.6,1589.0,34.059753,74.8125
JK-SGR,2020-12-16,-3.5,-1.0,-5.6,69,86,0.0,0.0,5.2,141,11.87,0.97,843.7,-8.3,1589.0,34.059753,74.8125
JK-SGR,2020-12-17,-5.5,-3.5,-7.4,65,86,0.0,0.0,7.2,131,12.73,1.0,845.4,-11.2,1589.0,34.059753,74.8125
JK-SGR,2020-12-18,-5.9,-2.6,-9.9,53,81,0.0,0.0,8.2,133,12.93,1.1,845.5,-14.4,1589.0,34.059753,74.8125
JK-SGR,2020-12-19,-7.7,-4.1,-11.0,59,86,0.0,0.0,8.3,126,12.77,0.96,846.6,-14.8,1589.0,34.059753,74.8125
JK-SGR,2020-12-20,-6.2,-2.0,-10.3,59,86,0.0,0.0,9.0,146,12.1,1.05,846.8,-13.4,1589.0,34.059753,74.8125
JK-SGR,2020-12-21,-3.6,-1.2,-7.9,67,93,0.3,0.0,8.5,125,11.38,1.04,844.5,-9.3,1589.0,34.059753,74.8125
JK-SGR,2020-12-22,-3.4,-0.2,-8.7,79,94,0.0,0.0,9.1,136,12.44,1.08,843.5,-6.6,1589.0,34.059753,74.8125
JK-SGR,2020-12-23,-3.7,-0.7,-10.6,65,82,0.0,0.0,9.6,108,12.51,1.08,841.4,-9.4,1589.0,34.059753,74.8125
JK-SGR,2020-12-24,-2.8,-0.5,-7.5,63,82,0.0,0.0,5.6,34,11.15,1.0,841.9,-9.0,1589.0,34.059753,74.8125
JK-SGR,2020-12-25,-2.9,-0.4,-5.8,63,88,0.0,0.0,7.4,117,11.31,1.04,843.9,-9.3,1589.0,34.059753,74.8125
JK-SGR,2020-12-26,-3.3,1.3,-7.9,61,83,0.0,0.0,6.9,68,11.69,1.2,839.4,-10.0,1589.0,34.059753,74.8125
JK-SGR,2020-12-27,-3.4,1.2,-8.7,67,82,0.0,0.0,12.3,351,10.89,1.08,834.0,-8.6,1589.0,34.059753,74.8125
JK-SGR,2020-12-28,-0.9,0.8,-3.5,83,94,4.2,0.0,8.7,148,7.26,0.75,838.7,-3.4,1589.0,34.059753,74.8125
JK-SGR,2020-12-29,-2.9,0.1,-7.1,80,90,1.6,0.0,8.8,132,11.08,0.98,841.6,-6.0,1589.0,34.059753,74.8125
JK-SGR,2020-12-30,-5.3,-1.9,-7.8,68,88,0.0,0.0,6.3,156,12.29,1.01,846.2,-10.5,1589.0,34.059753,74.8125
JK-SGR,2020-12-31,-8.0,-3.8,-13.7,74,94,0.0,0.0,10.7,152,12.81,0.94,847.0,-11.9,1589.0,34.059753,74.8125
JK-SGR,2021-01-01,-7.0,-1.7,-13.0,64,80,0.0,0.0,9.4,180,12.68,1.07,844.2,-12.7,1589.0,34.059753,74.8125
JK-SGR,2021-01-02,-4.9,-1.0,-8.1,56,79,0.0,0.0,8.7,154,13.06,1.12,844.8,-12.9,1589.0,34.059753,74.8125
JK-SGR,2021-01-03,-3.1,0.2,-7.0,81,100,4.9,0.0,10.2,173,8.48,0.8,844.9,-6.1,1589.0,34.059753,74.8125
JK-SGR,2021-01-04,-3.7,-2.0,-5.3,98,100,2.2,0.0,7.4,144,8.61,0.72,846.3,-4.0,1589.0,34.059753,74.8125
JK-SGR,2021-01-05,-2.3,-0.9,-3.9,99,100,17.6,0.3,12.1,354,6.23,0.56,842.7,-2.5,1589.0,34.059753,74.8125
JK-SGR,2021-01-06,-0.4,0.9,-2.1,94,100,18.0,4.0,12.4,359,8.67,0.84,840.8,-1.2,1589.0,34.059753,74.8125
JK-SGR,2021-01-07,0.5,3.8,-2.1,77,90,0.0,0.0,7.1,66,11.31,1.24,839.3,-3.1,1589.0,34.059753,74.8125
JK-SGR,2021-01-08,0.3,4.6,-2.9,72,78,0.0,0.0,12.5,21,11.76,1.39,835.3,-4.2,1589.0,34.059753,74.8125
JK-SGR,2021-01-09,0.9,2.7,-1.8,80,90,2.2,2.2,10.6,35,5.27,0.73,839.5,-2.3,1589.0,34.059753,74.8125
JK-SGR,2021-01-10,0.3,3.0,-3.6,77,88,1.3,0.8,8.6,76,9.63,1.12,839.8,-3.3,1589.0,34.059753,74.8125
JK-SGR,2021-01-11,-2.4,2.3,-6.3,60,77,0.0,0.0,10.5,84,13.48,1.53,839.7,-9.2,1589.0,34.059753,74.8125
JK-SGR,2021-01-12,-3.5,0.9,-8.1,47,66,0.0,0.0,8.7,100,13.89,1.49,841.9,-13.4,1589.0,34.059753,74.8125
JK-SGR,2021-01-13,-2.8,2.2,-7.4,38,66,0.0,0.0,10.2,107,14.09,1.63,841.8,-16.0,1589.0,34.059753,74.8125
JK-SGR,2021-01-14,-1.1,2.0,-7.9,35,67,0.0,0.0,9.4,110,12.96,1.41,842.2,-15.7,1589.0,34.059753,74.8125
JK-SGR,2021-01-15,-0.7,2.5,-5.0,44,66,0.0,0.0,5.9,130,13.63,1.37,840.7,-12.1,1589.0,34.059753,74.8125
JK-SGR,2021-01-16,-0.4,4.1,-3.7,42,72,0.0,0.0,5.4,121,14.11,1.41,841.6,-12.6,1589.0,34.059753,74.8125
JK-SGR,2021-01-17,-0.7,2.9,-4.9,55,87,0.0,0.0,5.7,159,12.66,1.22,840.4,-9.1,1589.0,34.059753,74.8125
JK-SGR,2021-01-18,-0.4,4.3,-4.3,51,77,0.0,0.0,6.3,55,14.0,1.45,841.1,-9.8,1589.0,34.059753,74.8125
JK-SGR,2021-01-19,-1.7,2.4,-7.4,58,79,0.0,0.0,8.7,88,14.13,1.41,840.2,-9.0,1589.0,34.059753,74.8125
JK-SGR,2021-01-20,-1.1,3.6,-7.1,54,72,0.0,0.0,7.2,104,14.39,1.52,841.7,-9.2,1589.0,34.059753,74.8125
JK-SGR,2021-01-21,-1.6,1.5,-5.7,51,76,0.0,0.0,7.8,104,13.97,1.4,841.5,-10.8,1589.0,34.059753,74.8125
JK-SGR,2021-01-22,-1.0,4.6,-7.0,63,88,0.0,0.0,8.4,44,12.5,1.49,836.2,-7.3,1589.0,34.059753,74.8125
JK-SGR,2021-01-23,-0.9,0.4,-2.4,94,100,15.5,0.0,13.6,349,7.92,0.65,835.8,-1.9,1589.0,34.059753,74.8125
JK-SGR,2021-01-24,-2.5,0.8,-5.7,84,94,0.0,0.0,9.4,132,13.1,1.22,842.0,-4.9,1589.0,34.059753,74.8125
JK-SGR,2021-01-25,-4.2,-1.8,-7.3,76,95,0.0,0.0,6.2,179,13.83,1.1,844.6,-8.2,1589.0,34.059753,74.8125
JK-SGR,2021-01-26,-5.4,-2.2,-7.8,73,89,0.0,0.0,6.6,165,14.79,1.17,844.1,-9.5,1589.0,34.059753,74.8125
JK-SGR,2021-01-27,-5.4,-1.9,-8.8,62,79,0.0,0.0,5.7,142,15.6,1.29,844.2,-11.6,1589.0,34.059753,74.8125
JK-SGR,2021-01-28,-5.4,-1.9,-9.0,59,77,0.0,0.0,5.3,166,15.59,1.24,844.6,-12.5,1589.0,34.059753,74.8125
JK-SGR,2021-01-29,-4.1,0.7,-9.1,53,66,0.0,0.0,6.3,126,15.91,1.48,844.9,-12.4,1589.0,34.059753,74.8125
JK-SGR,2021-01-30,-4.1,-0.1,-10.0,49,63,0.0,0.0,8.3,132,16.24,1.5,844.2,-13.6,1589.0,34.059753,74.8125
JK-SGR,2021-01-31,-4.6,-0.3,-10.5,61,73,0.1,0.0,7.8,146,15.62,1.38,843.3,-11.1,1589.0,34.059753,74.8125
JK-SGR,2021-02-01,-1.4,1.9,-4.5,71,80,0.5,0.0,7.3,145,15.77,1.55,847.4,-6.1,1589.0,34.059753,74.8125
JK-SGR,2021-02-02,-1.2,3.2,-9.5,69,83,0.0,0.0,8.4,104,15.2,1.53,845.1,-6.2,1589.0,34.059753,74.8125
JK-SGR,2021-02-03,-0.3,2.1,-3.8,76,87,9.2,0.1,9.4,148,12.56,1.28,844.6,-4.0,1589.0,34.059753,74.8125
JK-SGR,2021-02-04,-0.6,2.7,-3.5,85,91,1.4,0.0,9.0,137,12.64,1.32,843.9,-2.8,1589.0,34.059753,74.8125
JK-SGR,2021-02-05,-0.1,4.6,-4.9,72,84,0.0,0.0,7.9,134,15.39,1.68,843.5,-4.7,1589.0,34.059753,74.8125
JK-SGR,2021-02-06,-1.1,3.2,-6.9,56,70,0.0,0.0,10.8,109,16.97,1.89,845.1,-8.9,1589.0,34.059753,74.8125
JK-SGR,2021-02-07,-0.8,3.8,-5.2,57,71,0.0,0.0,5.5,169,17.06,1.78,846.6,-8.4,1589.0,34.059753,74.8125
JK-SGR,2021-02-08,-0.4,5.2,-5.9,62,78,0.0,0.0,8.2,129,15.63,1.84,845.8,-7.0,1589.0,34.059753,74.8125
JK-SGR,2021-02-09,2.2,6.7,-3.7,61,82,4.4,3.5,10.4,119,14.12,1.77,842.2,-4.9,1589.0,34.059753,74.8125
JK-SGR,2021-02-10,3.6,8.5,-1.8,63,79,0.2,0.2,8.5,125,17.14,2.12,843.2,-2.9,1589.0,34.059753,74.8125
JK-SGR,2021-02-11,3.0,8.5,-3.3,60,81,0.0,0.0,7.6,127,17.45,2.06,842.7,-4.1,1589.0,34.059753,74.8125
JK-SGR,2021-02-12,3.7,9.0,-1.1,49,71,0.0,0.0,7.4,95,17.22,2.12,843.7,-6.5,1589.0,34.059753,74.8125
JK-SGR,2021-02-13,3.4,8.5,0.4,56,74,0.0,0.0,6.2,285,13.29,1.69,843.1,-4.7,1589.0,34.059753,74.8125
JK-SGR,2021-02-14,4.5,11.2,-0.6,47,71,0.0,0.0,8.1,70,17.4,2.41,843.2,-6.0,1589.0,34.059753,74.8125
JK-SGR,2021-02-15,3.6,11.2,-2.6,49,66,0.0,0.0,7.5,11,17.41,2.39,841.2,-6.4,1589.0,34.059753,74.8125
JK-SGR,2021-02-16,2.6,11.3,-3.3,53,70,0.0,0.0,6.9,37,17.56,2.38,841.0,-6.3,1589.0,34.059753,74.8125
JK-SGR,2021-02-17,2.8,11.4,-3.5,52,72,0.0,0.0,7.3,44,17.73,2.46,842.0,-6.2,1589.0,34.059753,74.8125
JK-SGR,2021-02-18,2.9,11.7,-3.6,53,68,0.0,0.0,6.5,52,17.9,2.49,844.3,-6.0,1589.0,34.059753,74.8125
JK-SGR,2021-02-19,3.6,11.6,-4.0,48,67,0.0,0.0,7.9,13,18.19,2.53,846.5,-6.6,1589.0,34.059753,74.8125
JK-SGR,2021-02-20,4.7,9.2,-0.7,53,68,0.0,0.0,8.4,65,9.62,1.53,846.3,-4.4,1589.0,34.059753,74.8125
JK-SGR,2021-02-21,6.1,13.4,-0.3,62,76,0.0,0.0,7.8,76,17.08,2.52,845.5,-1.0,1589.0,34.059753,74.8125
JK-SGR,2021-02-22,6.4,11.9,2.8,66,92,0.0,0.0,11.7,335,9.16,1.48,843.7,0.4,1589.0,34.059753,74.8125
JK-SGR,2021-02-23,5.7,12.0,1.7,81,99,7.0,7.0,12.2,337,12.71,1.74,842.1,2.5,1589.0,34.059753,74.8125
JK-SGR,2021-02-24,5.9,13.2,0.1,71,89,0.2,0.2,13.4,356,16.07,2.33,841.6,0.7,1589.0,34.059753,74.8125
JK-SGR,2021-02-25,6.2,11.4,2.6,80,98,1.1,1.1,12.5,339,14.4,1.95,841.3,2.7,1589.0,34.059753,74.8125
JK-SGR,2021-02-26,6.2,11.6,3.4,92,98,9.6,9.6,16.3,344,9.48,1.29,836.5,4.9,1589.0,34.059753,74.8125
JK-SGR,2021-02-27,4.0,7.5,1.1,95,100,14.8,14.8,17.6,342,8.08,0.94,835.1,3.1,1589.0,34.059753,74.8125
JK-SGR,2021-02-28,5.2,12.1,-1.1,77,93,0.8,0.7,8.0,76,15.26,2.18,840.4,0.9,1589.0,34.059753,74.8125
JK-SGR,2021-03-01,5.6,12.9,0.1,69,90,0.0,0.0,7.7,78,18.13,2.58,842.6,-0.2,1589.0,34.059753,74.8125
JK-SGR,2021-03-02,5.7,13.9,-2.4,53,70,0.0,0.0,9.7,346,19.3,2.87,843.4,-3.7,1589.0,34.059753,74.8125
JK-SGR,2021-03-03,6.7,15.8,-0.3,62,92,0.7,0.7,11.0,359,19.3,3.0,840.6,-0.7,1589.0,34.059753,74.8125
JK-SGR,2021-03-04,7.0,14.6,-0.3,74,95,0.8,0.8,14.5,310,18.18,2.71,842.7,2.2,1589.0,34.059753,74.8125
JK-SGR,2021-03-05,8.2,15.5,1.3,64,82,0.0,0.0,10.4,294,19.32,2.96,842.9,1.2,1589.0,34.059753,74.8125
JK-SGR,2021-03-06,6.7,12.8,-1.0,57,85,3.3,3.3,8.8,302,12.32,2.04,841.5,-1.7,1589.0,34.059753,74.8125
JK-SGR,2021-03-07,5.8,10.5,2.3,83,97,11.5,11.2,16.9,305,14.15,1.79,841.3,3.1,1589.0,34.059753,74.8125
JK-SGR,2021-03-08,4.9,10.3,2.5,90,100,16.1,16.0,12.0,282,14.13,1.76,845.2,3.3,1589.0,34.059753,74.8125
JK-SGR,2021-03-09,5.9,13.0,0.3,79,100,2.2,2.2,10.5,259,18.25,2.55,846.4,2.0,1589.0,34.059753,74.8125
JK-SGR,2021-03-10,6.3,11.8,1.0,78,98,7.2,7.2,11.7,269,14.93,2.08,845.0,2.6,1589.0,34.059753,74.8125
JK-SGR,2021-03-11,3.2,6.0,0.8,95,100,24.7,24.4,15.1,291,6.08,0.74,846.4,2.4,1589.0,34.059753,74.8125
JK-SGR,2021-03-12,0.0,0.9,-1.3,99,100,23.9,7.7,11.6,287,6.9,0.72,848.1,-0.1,1589.0,34.059753,74.8125
JK-SGR,2021-03-13,2.9,10.1,-1.4,84,100,0.0,0.0,7.9,231,19.69,2.42,849.3,0.2,1589.0,34.059753,74.8125
JK-SGR,2021-03-14,3.4,8.7,-0.5,85,99,3.6,3.5,15.6,278,11.78,1.53,844.3,0.8,1589.0,34.059753,74.8125
JK-SGR,2021-03-15,5.7,13.1,-1.5,77,99,0.0,0.0,10.5,263,20.4,2.82,844.2,1.6,1589.0,34.059753,74.8125
JK-SGR,2021-03-16,8.5,15.6,2.2,71,93,0.4,0.4,14.4,293,19.9,3.04,843.9,3.1,1589.0,34.059753,74.8125
JK-SGR,2021-03-17,8.1,13.7,3.8,80,95,9.2,9.2,13.7,279,16.97,2.49,843.6,4.7,1589.0,34.059753,74.8125
JK-SGR,2021-03-18,9.4,15.9,4.0,71,94,0.7,0.7,13.1,273,21.18,3.22,845.0,4.0,1589.0,34.059753,74.8125
JK-SGR,2021-03-19,10.2,17.3,3.6,61,85,0.6,0.6,10.1,246,21.51,3.45,844.1,2.6,1589.0,34.059753,74.8125
JK-SGR,2021-03-20,10.6,17.7,4.1,51,70,0.0,0.0,10.2,301,22.04,3.62,842.0,0.7,1589.0,34.059753,74.8125
JK-SGR,2021-03-21,8.1,12.2,4.7,71,96,14.5,14.5,15.1,307,7.39,1.38,840.1,2.8,1589.0,34.059753,74.8125
JK-SGR,2021-03-22,5.9,10.0,3.2,93,100,16.4,16.4,17.9,294,7.08,1.06,842.8,4.8,1589.0,34.059753,74.8125
JK-SGR,2021-03-23,3.5,5.7,1.5,96,100,23.6,23.5,16.6,298,6.13,0.73,843.8,3.0,1589.0,34.059753,74.8125
JK-SGR,2021-03-24,4.1,7.5,1.9,93,100,14.3,12.1,14.1,293,9.55,1.11,845.9,3.1,1589.0,34.059753,74.8125
JK-SGR,2021-03-25,7.3,14.5,0.4,71,98,0.0,0.0,8.9,196,21.0,3.14,845.8,1.6,1589.0,34.059753,74.8125
JK-SGR,2021-03-26,9.4,16.4,1.6,56,76,0.0,0.0,10.5,265,23.82,3.7,844.7,0.9,1589.0,34.059753,74.8125
JK-SGR,2021-03-27,12.0,18.8,5.2,54,70,0.0,0.0,9.3,297,21.26,3.66,843.5,2.6,1589.0,34.059753,74.8125
JK-SGR,2021-03-28,11.5,17.2,5.2,66,95,2.3,2.3,18.0,293,17.56,3.03,841.0,4.9,1589.0,34.059753,74.8125
JK-SGR,2021-03-29,11.3,17.2,6.9,86,99,6.5,6.5,17.8,299,16.06,2.53,837.3,9.0,1589.0,34.059753,74.8125
JK-SGR,2021-03-30,9.8,16.0,5.2,79,100,3.3,3.3,11.7,283,19.73,3.09,836.8,5.9,1589.0,34.059753,74.8125
JK-SGR,2021-03-31,10.6,18.0,5.2,68,89,0.0,0.0,9.1,235,21.46,3.56,835.1,4.4,1589.0,34.059753,74.8125
JK-SGR,2021-04-01,10.5,18.9,2.4,56,82,0.0,0.0,12.5,319,25.01,4.23,833.8,0.8,1589.0,34.059753,74.8125
JK-SGR,2021-04-02,8.9,16.5,1.3,54,86,0.2,0.2,7.7,90,23.85,3.82,835.0,-1.2,1589.0,34.059753,74.8125
JK-SGR,2021-04-03,8.9,16.8,0.4,50,82,0.0,0.0,11.3,300,25.82,4.16,841.3,-2.3,1589.0,34.059753,74.8125
JK-SGR,2021-04-04,7.8,14.9,1.4,58,95,3.7,3.7,15.3,295,12.85,2.43,843.8,-0.8,1589.0,34.059753,74.8125
JK-SGR,2021-04-05,7.4,13.4,3.6,86,98,7.5,7.5,12.8,285,14.2,2.06,844.3,5.1,1589.0,34.059753,74.8125
JK-SGR,2021-04-06,8.0,12.8,4.9,91,99,41.5,41.5,14.7,294,13.77,1.88,841.8,6.6,1589.0,34.059753,74.8125
JK-SGR,2021-04-07,8.9,15.2,3.6,78,100,12.8,12.5,15.4,286,20.9,3.1,843.2,4.9,1589.0,34.059753,74.8125
JK-SGR,2021-04-08,8.7,16.2,2.9,73,98,6.2,6.2,15.5,294,21.64,3.26,842.2,3.7,1589.0,34.059753,74.8125
JK-SGR,2021-04-09,10.0,17.0,2.6,69,95,0.1,0.1,10.1,252,24.2,3.83,844.3,3.9,1589.0,34.059753,74.8125
JK-SGR,2021-04-10,10.7,17.3,4.4,62,88,0.5,0.5,20.7,283,21.3,3.55,845.7,3.3,1589.0,34.059753,74.8125
JK-SGR,2021-04-11,8.6,12.7,4.3,80,97,8.5,8.5,9.5,298,12.36,1.88,846.5,5.2,1589.0,34.059753,74.8125
JK-SGR,2021-04-12,11.2,17.2,5.8,76,96,5.6,5.6,9.8,298,23.54,3.72,847.8,6.8,1589.0,34.059753,74.8125
JK-SGR,2021-04-13,10.4,15.6,4.4,75,94,0.3,0.3,15.0,267,14.78,2.44,846.0,5.8,1589.0,34.059753,74.8125
JK-SGR,2021-04-14,12.6,18.9,6.2,75,93,0.0,0.0,8.7,268,21.73,3.66,844.8,7.9,1589.0,34.059753,74.8125
JK-SGR,2021-04-15,7.8,10.6,4.7,90,97,14.2,14.2,21.3,299,7.73,1.05,843.8,6.3,1589.0,34.059753,74.8125
JK-SGR,2021-04-16,7.1,9.4,4.2,93,100,9.6,9.6,11.6,290,6.06,0.93,843.0,6.1,1589.0,34.059753,74.8125
JK-SGR,2021-04-17,9.1,12.1,6.4,87,98,22.3,22.3,11.5,310,12.06,1.84,841.7,7.0,1589.0,34.059753,74.8125
JK-SGR,2021-04-18,9.7,15.6,6.0,87,97,18.5,18.5,16.0,294,17.48,2.59,843.7,7.4,1589.0,34.059753,74.8125
JK-SGR,2021-04-19,10.8,17.8,4.4,71,100,2.2,2.2,7.9,289,24.41,3.96,843.0,5.0,1589.0,34.059753,74.8125
JK-SGR,2021-04-20,11.3,17.3,5.1,61,85,0.1,0.1,11.5,295,18.57,3.24,840.1,3.7,1589.0,34.059753,74.8125
JK-SGR,2021-04-21,11.3,16.5,8.0,74,91,0.3,0.3,10.7,142,17.37,2.97,839.8,6.4,1589.0,34.059753,74.8125
JK-SGR,2021-04-22,8.6,12.5,5.3,88,100,19.0,19.0,14.6,307,14.49,2.0,840.2,6.7,1589.0,34.059753,74.8125
JK-SGR,2021-04-23,7.6,12.2,3.9,83,99,5.0,5.0,9.8,136,12.53,1.93,841.4,4.6,1589.0,34.059753,74.8125
JK-SGR,2021-04-24,10.2,19.0,1.4,53,76,0.0,0.0,8.7,82,27.69,4.67,844.0,0.2,1589.0,34.059753,74.8125
JK-SGR,2021-04-25,11.2,19.9,1.5,51,71,0.0,0.0,8.8,181,28.02,4.86,844.2,0.8,1589.0,34.059753,74.8125
JK-SGR,2021-04-26,13.2,21.4,5.0,46,66,0.0,0.0,9.4,151,27.76,5.03,843.7,1.4,1589.0,34.059753,74.8125
JK-SGR,2021-04-27,14.5,22.3,7.1,43,61,0.0,0.0,10.5,7,27.66,5.23,844.2,1.6,1589.0,34.059753,74.8125
JK-SGR,2021-04-28,15.4,22.7,7.5,44,67,0.0,0.0,11.5,321,27.58,5.22,845.3,2.8,1589.0,34.059753,74.8125
JK-SGR,2021-04-29,15.2,22.9,7.7,57,84,0.4,0.4,13.7,150,25.42,4.75,844.9,6.2,1589.0,34.059753,74.8125
JK-SGR,2021-04-30,15.2,22.7,8.0,61,91,0.3,0.3,8.8,178,25.01,4.61,844.0,7.4,1589.0,34.059753,74.8125
JK-SGR,2021-05-01,15.4,23.2,8.3,62,84,0.0,0.0,9.7,149,26.02,4.82,843.6,7.4,1589.0,34.059753,74.8125
JK-SGR,2021-05-02,16.1,23.7,9.3,58,80,0.0,0.0,8.1,179,26.71,4.98,843.4,7.4,1589.0,34.059753,74.8125
JK-SGR,2021-05-03,16.6,24.3,9.5,55,80,0.0,0.0,12.2,175,27.11,5.25,841.1,7.0,1589.0,34.059753,74.8125
JK-SGR,2021-05-04,16.3,24.0,9.3,65,93,4.0,4.0,10.4,37,23.41,4.53,840.7,9.2,1589.0,34.059753,74.8125
JK-SGR,2021-05-05,14.5,18.1,10.7,84,97,12.8,12.8,11.9,272,16.67,2.83,843.0,11.7,1589.0,34.059753,74.8125
JK-SGR,2021-05-06,14.8,21.0,9.3,79,96,3.0,3.0,10.9,244,21.46,3.67,843.3,11.0,1589.0,34.059753,74.8125
JK-SGR,2021-05-07,14.7,18.8,10.3,80,97,4.2,4.2,10.2,159,16.44,2.84,843.8,11.1,1589.0,34.059753,74.8125
JK-SGR,2021-05-08,15.4,20.7,10.1,75,90,0.3,0.3,11.0,318,20.07,3.55,843.4,10.8,1589.0,34.059753,74.8125
JK-SGR,2021-05-09,15.5,21.0,9.7,72,91,0.2,0.2,9.7,122,22.1,3.93,841.6,10.3,1589.0,34.059753,74.8125
JK-SGR,2021-05-10,16.4,22.4,9.5,71,89,0.3,0.3,11.7,136,23.1,4.26,839.9,10.9,1589.0,34.059753,74.8125
JK-SGR,2021-05-11,14.8,19.7,10.4,84,97,7.4,7.4,9.7,294,16.78,2.91,840.2,11.9,1589.0,34.059753,74.8125
JK-SGR,2021-05-12,13.7,18.5,9.6,85,98,12.5,12.5,12.0,268,19.26,3.15,838.3,11.1,1589.0,34.059753,74.8125
JK-SGR,2021-05-13,13.4,18.7,9.7,83,99,6.1,6.1,9.0,275,20.18,3.4,838.2,10.3,1589.0,34.059753,74.8125
JK-SGR,2021-05-14,13.2,18.2,8.8,78,97,5.2,5.2,11.9,283,21.4,3.53,839.1,9.4,1589.0,34.059753,74.8125
JK-SGR,2021-05-15,13.4,19.6,9.4,80,96,1.7,1.7,11.9,262,22.87,3.79,841.6,9.8,1589.0,34.059753,74.8125
JK-SGR,2021-05-16,13.9,19.9,9.0,79,95,1.1,1.1,18.6,266,23.76,4.0,844.3,10.1,1589.0,34.059753,74.8125
JK-SGR,2021-05-17,14.9,20.5,9.6,75,97,0.9,0.9,10.1,250,23.49,4.0,844.5,10.3,1589.0,34.059753,74.8125
JK-SGR,2021-05-18,15.5,23.3,7.9,75,97,6.0,6.0,13.1,268,25.82,4.65,842.7,10.7,1589.0,34.059753,74.8125
JK-SGR,2021-05-19,15.8,22.0,10.5,76,99,0.0,0.0,7.7,212,25.47,4.52,839.9,11.1,1589.0,34.059753,74.8125
JK-SGR,2021-05-20,16.0,23.5,9.3,70,89,0.0,0.0,11.6,157,25.15,4.69,837.8,10.1,1589.0,34.059753,74.8125
JK-SGR,2021-05-21,14.5,19.4,10.9,81,99,9.5,9.5,8.2,254,23.13,3.92,841.0,10.9,1589.0,34.059753,74.8125
JK-SGR,2021-05-22,14.5,20.3,9.6,77,100,0.7,0.7,9.0,246,24.7,4.28,841.9,10.2,1589.0,34.059753,74.8125
JK-SGR,2021-05-23,12.3,14.9,8.5,83,95,2.1,2.1,14.3,288,11.51,1.9,842.0,9.6,1589.0,34.059753,74.8125
JK-SGR,2021-05-24,13.7,20.7,6.5,75,98,0.0,0.0,11.0,221,26.4,4.49,842.6,8.9,1589.0,34.059753,74.8125
JK-SGR,2021-05-25,16.0,22.7,8.8,62,79,0.0,0.0,7.5,202,26.7,4.84,840.9,8.4,1589.0,34.059753,74.8125
JK-SGR,2021-05-26,16.6,24.0,9.2,63,86,0.0,0.0,7.6,113,28.21,5.19,839.2,9.1,1589.0,34.059753,74.8125
JK-SGR,2021-05-27,17.4,26.0,9.1,61,81,0.0,0.0,6.7,128,28.27,5.36,839.1,9.3,1589.0,34.059753,74.8125
JK-SGR,2021-05-28,18.5,27.2,10.5,59,83,0.0,0.0,6.5,126,28.16,5.52,839.6,9.6,1589.0,34.059753,74.8125
JK-SGR,2021-05-29,19.1,27.8,10.6,58,81,0.0,0.0,9.5,4,26.2,5.4,840.3,9.9,1589.0,34.059753,74.8125
JK-SGR,2021-05-30,19.4,26.7,11.6,62,84,0.0,0.0,13.5,273,26.08,5.24,840.4,11.4,1589.0,34.059753,74.8125
JK-SGR,2021-05-31,17.8,24.5,11.9,71,95,0.4,0.4,6.7,138,21.12,4.13,838.2,12.1,1589.0,34.059753,74.8125
JK-SGR,2021-06-01,16.9,22.1,13.3,83,99,3.0,3.0,7.4,275,19.94,3.68,839.9,13.6,1589.0,34.059753,74.8125
JK-SGR,2021-06-02,17.8,23.5,13.5,75,98,0.0,0.0,7.2,156,20.72,3.98,840.9,12.7,1589.0,34.059753,74.8125
JK-SGR,2021-06-03,18.4,23.1,13.1,73,90,0.4,0.4,11.8,78,18.33,3.65,842.0,13.2,1589.0,34.059753,74.8125
JK-SGR,2021-06-04,18.6,24.0,14.3,76,97,0.0,0.0,7.4,185,21.49,4.16,842.5,13.8,1589.0,34.059753,74.8125
JK-SGR,2021-06-05,19.8,26.2,13.0,67,88,0.0,0.0,10.4,105,24.09,4.92,840.6,13.0,1589.0,34.059753,74.8125
JK-SGR,2021-06-06,21.4,28.4,14.0,61,88,0.0,0.0,8.2,141,26.51,5.43,840.5,13.1,1589.0,34.059753,74.8125
JK-SGR,2021-06-07,22.0,29.7,14.0,64,89,0.0,0.0,7.9,124,27.9,5.79,839.0,14.3,1589.0,34.059753,74.8125
JK-SGR,2021-06-08,23.1,31.1,14.6,60,90,0.0,0.0,7.3,126,28.62,5.98,838.0,13.9,1589.0,34.059753,74.8125
JK-SGR,2021-06-09,23.7,31.5,15.5,56,76,0.0,0.0,7.3,128,27.96,5.95,836.5,13.9,1589.0,34.059753,74.8125
JK-SGR,2021-06-10,24.0,32.5,16.5,56,73,0.0,0.0,9.2,147,27.65,6.08,835.7,13.9,1589.0,34.059753,74.8125
JK-SGR,2021-06-11,24.7,31.2,18.4,46,68,0.0,0.0,13.1,297,24.27,5.81,836.2,11.8,1589.0,34.059753,74.8125
JK-SGR,2021-06-12,22.8,30.1,15.5,53,73,0.0,0.0,13.6,248,25.18,5.64,836.1,12.1,1589.0,34.059753,74.8125
JK-SGR,2021-06-13,20.8,26.8,17.1,63,83,2.3,2.3,11.9,224,23.7,5.07,837.0,13.1,1589.0,34.059753,74.8125
JK-SGR,2021-06-14,19.1,25.6,14.4,73,98,7.8,7.8,12.5,204,25.49,4.95,836.3,13.4,1589.0,34.059753,74.8125
JK-SGR,2021-06-15,18.9,24.6,13.4,68,93,0.9,0.9,9.7,295,22.41,4.33,834.1,12.5,1589.0,34.059753,74.8125
JK-SGR,2021-06-16,18.6,24.5,13.3,69,95,5.0,5.0,9.7,291,23.1,4.5,835.3,12.1,1589.0,34.059753,74.8125
JK-SGR,2021-06-17,17.1,22.6,13.1,78,96,5.8,5.8,10.7,291,21.75,4.04,837.9,12.8,1589.0,34.059753,74.8125
JK-SGR,2021-06-18,18.6,25.0,12.4,67,92,0.0,0.0,9.2,196,24.43,4.81,838.3,11.8,1589.0,34.059753,74.8125
JK-SGR,2021-06-19,20.2,27.0,12.7,58,80,0.0,0.0,7.3,143,26.09,5.2,837.5,11.0,1589.0,34.059753,74.8125
JK-SGR,2021-06-20,20.7,26.6,14.5,59,80,0.0,0.0,15.0,193,24.17,5.02,838.2,11.7,1589.0,34.059753,74.8125
JK-SGR,2021-06-21,18.3,24.7,13.5,73,96,5.0,5.0,10.8,275,25.1,4.84,840.2,12.9,1589.0,34.059753,74.8125
JK-SGR,2021-06-22,20.0,26.4,12.6,59,85,0.0,0.0,8.9,187,26.85,5.34,840.1,11.0,1589.0,34.059753,74.8125
JK-SGR,2021-06-23,20.8,27.4,13.8,56,78,0.0,0.0,8.7,29,26.13,5.36,840.5,11.0,1589.0,34.059753,74.8125
JK-SGR,2021-06-24,20.4,27.1,14.1,57,80,0.3,0.3,9.7,181,26.22,5.33,840.2,11.0,1589.0,34.059753,74.8125
JK-SGR,2021-06-25,20.1,26.6,14.1,64,86,0.1,0.1,11.3,319,23.88,4.87,838.7,12.4,1589.0,34.059753,74.8125
JK-SGR,2021-06-26,19.3,26.0,14.2,71,97,0.5,0.5,11.2,285,24.43,4.72,840.8,13.3,1589.0,34.059753,74.8125
JK-SGR,2021-06-27,21.0,27.8,15.2,63,85,0.0,0.0,9.4,249,26.18,5.27,843.3,13.1,1589.0,34.059753,74.8125
JK-SGR,2021-06-28,22.3,29.4,15.0,55,82,0.0,0.0,12.9,229,27.08,5.78,841.9,12.2,1589.0,34.059753,74.8125
JK-SGR,2021-06-29,22.8,30.7,15.5,53,77,0.0,0.0,7.3,98,28.04,5.79,839.3,12.1,1589.0,34.059753,74.8125
JK-SGR,2021-06-30,24.4,31.5,17.4,44,80,0.0,0.0,9.2,137,26.74,5.82,837.6,10.9,1589.0,34.059753,74.8125
JK-SGR,2021-07-01,23.5,30.6,16.8,51,69,0.0,0.0,12.8,156,25.84,5.7,835.8,12.1,1589.0,34.059753,74.8125
JK-SGR,2021-07-02,22.9,28.8,16.1,56,76,0.1,0.1,11.6,308,24.42,5.25,837.1,13.1,1589.0,34.059753,74.8125
JK-SGR,2021-07-03,20.4,25.8,15.7,75,99,1.9,1.9,11.2,280,23.61,4.64,839.5,15.4,1589.0,34.059753,74.8125
JK-SGR,2021-07-04,21.7,27.6,16.1,65,89,0.2,0.2,8.8,277,23.24,4.79,840.5,14.1,1589.0,34.059753,74.8125
JK-SGR,2021-07-05,22.4,29.3,15.7,57,79,0.0,0.0,7.6,267,25.38,5.33,840.9,13.1,1589.0,34.059753,74.8125
JK-SGR,2021-07-06,22.5,29.1,17.3,61,83,0.0,0.0,8.8,254,25.17,5.29,840.0,14.1,1589.0,34.059753,74.8125
JK-SGR,2021-07-07,22.6,29.1,17.4,61,79,0.2,0.2,11.0,58,25.29,5.25,839.3,14.2,1589.0,34.059753,74.8125
JK-SGR,2021-07-08,24.0,30.8,17.5,58,85,0.0,0.0,7.6,124,26.05,5.5,838.4,14.6,1589.0,34.059753,74.8125
JK-SGR,2021-07-09,26.2,32.5,19.4,51,73,0.0,0.0,6.9,125,26.31,5.67,838.6,14.8,1589.0,34.059753,74.8125
JK-SGR,2021-07-10,26.4,31.3,20.5,57,85,0.0,0.0,9.4,306,21.75,4.9,838.8,17.0,1589.0,34.059753,74.8125
JK-SGR,2021-07-11,25.7,30.8,19.5,63,89,0.6,0.6,11.2,291,22.53,5.08,839.1,17.8,1589.0,34.059753,74.8125
JK-SGR,2021-07-12,21.7,26.8,19.0,78,96,20.2,20.2,15.3,189,12.97,2.85,840.1,17.5,1589.0,34.059753,74.8125
JK-SGR,2021-07-13,20.8,26.4,16.5,73,95,1.1,1.1,13.4,296,19.9,4.11,840.6,15.5,1589.0,34.059753,74.8125
JK-SGR,2021-07-14,19.2,23.2,16.5,80,96,3.6,3.6,8.5,283,13.7,2.71,840.7,15.6,1589.0,34.059753,74.8125
JK-SGR,2021-07-15,23.0,30.1,15.4,64,95,1.5,1.5,10.8,281,27.19,5.64,841.2,15.0,1589.0,34.059753,74.8125
JK-SGR,2021-07-16,24.8,31.5,18.4,57,82,0.0,0.0,10.4,274,26.63,5.72,842.0,15.2,1589.0,34.059753,74.8125
JK-SGR,2021-07-17,26.5,32.7,19.9,55,76,0.0,0.0,8.0,258,26.19,5.74,839.8,16.5,1589.0,34.059753,74.8125
JK-SGR,2021-07-18,27.8,34.0,21.8,60,82,0.0,0.0,11.5,301,24.23,5.62,836.6,18.7,1589.0,34.059753,74.8125
JK-SGR,2021-07-19,24.1,29.1,19.6,77,96,22.3,22.3,8.7,248,19.28,4.13,835.2,19.6,1589.0,34.059753,74.8125
JK-SGR,2021-07-20,19.6,22.7,17.5,90,99,18.2,18.2,14.2,279,10.87,2.12,835.3,17.9,1589.0,34.059753,74.8125
JK-SGR,2021-07-21,18.8,24.4,15.8,88,100,17.8,17.8,17.5,297,17.83,3.36,835.4,16.5,1589.0,34.059753,74.8125
JK-SGR,2021-07-22,19.9,25.6,14.5,81,100,0.4,0.4,7.6,282,24.97,4.77,835.3,16.1,1589.0,34.059753,74.8125
JK-SGR,2021-07-23,22.2,27.1,17.1,70,90,0.0,0.0,7.1,125,20.55,4.23,836.4,16.1,1589.0,34.059753,74.8125
JK-SGR,2021-07-24,24.3,29.2,19.0,69,86,0.0,0.0,8.0,269,24.79,5.18,837.5,17.8,1589.0,34.059753,74.8125
JK-SGR,2021-07-25,25.5,29.9,20.9,69,90,0.0,0.0,6.6,217,23.17,4.92,836.7,19.4,1589.0,34.059753,74.8125
JK-SGR,2021-07-26,26.1,30.4,22.6,72,88,0.0,0.0,8.0,193,19.89,4.31,835.1,20.5,1589.0,34.059753,74.8125
JK-SGR,2021-07-27,26.0,31.2,22.5,76,93,4.8,4.8,10.1,46,20.18,4.42,832.7,21.2,1589.0,34.059753,74.8125
JK-SGR,2021-07-28,21.9,24.7,19.9,92,99,19.1,19.1,9.5,263,8.69,1.86,833.6,20.5,1589.0,34.059753,74.8125
JK-SGR,2021-07-29,22.8,27.9,19.1,79,96,2.8,2.8,11.0,252,20.29,4.18,834.8,18.6,1589.0,34.059753,74.8125
JK-SGR,2021-07-30,21.8,25.5,19.0,85,96,12.0,12.0,8.7,274,18.11,3.58,836.8,19.0,1589.0,34.059753,74.8125
JK-SGR,2021-07-31,22.4,27.3,18.6,80,96,0.7,0.7,8.4,244,20.49,4.15,838.2,18.5,1589.0,34.059753,74.8125
JK-SGR,2021-08-01,21.5,26.7,18.1,83,98,11.3,11.3,8.9,258,19.86,3.98,836.3,18.2,1589.0,34.059753,74.8125
JK-SGR,2021-08-02,21.5,26.5,17.0,82,98,2.8,2.8,9.8,238,23.3,4.58,837.0,18.0,1589.0,34.059753,74.8125
JK-SGR,2021-08-03,23.1,28.3,18.3,75,92,0.4,0.4,9.3,248,22.77,4.64,837.9,18.0,1589.0,34.059753,74.8125
JK-SGR,2021-08-04,22.1,27.4,17.4,78,95,7.4,7.4,8.8,338,21.68,4.32,838.3,17.7,1589.0,34.059753,74.8125
JK-SGR,2021-08-05,22.7,28.0,18.7,72,91,0.3,0.3,14.5,244,23.56,4.83,837.8,17.1,1589.0,34.059753,74.8125
JK-SGR,2021-08-06,22.2,27.5,16.4,69,90,0.0,0.0,11.5,234,24.19,4.93,838.1,16.0,1589.0,34.059753,74.8125
JK-SGR,2021-08-07,23.2,28.5,18.5,65,81,0.3,0.3,9.6,249,23.94,4.91,839.5,16.0,1589.0,34.059753,74.8125
JK-SGR,2021-08-08,22.6,28.8,17.3,68,86,0.0,0.0,14.2,223,23.95,4.98,839.8,16.0,1589.0,34.059753,74.8125
JK-SGR,2021-08-09,22.0,27.6,17.4,71,89,1.5,1.5,10.9,250,23.54,4.76,840.4,16.2,1589.0,34.059753,74.8125
JK-SGR,2021-08-10,22.4,28.4,17.9,68,81,0.1,0.1,6.3,86,22.74,4.64,839.1,15.9,1589.0,34.059753,74.8125
JK-SGR,2021-08-11,23.4,29.3,18.4,67,90,0.0,0.0,5.9,351,23.43,4.87,838.9,16.4,1589.0,34.059753,74.8125
JK-SGR,2021-08-12,23.8,29.1,17.9,68,92,0.1,0.1,12.2,252,22.71,4.8,839.9,17.1,1589.0,34.059753,74.8125
JK-SGR,2021-08-13,23.7,29.7,18.2,64,85,0.0,0.0,16.7,251,23.12,4.97,838.3,16.0,1589.0,34.059753,74.8125
JK-SGR,2021-08-14,21.4,26.5,17.3,72,94,10.5,10.5,7.1,245,21.27,4.25,837.1,15.9,1589.0,34.059753,74.8125
JK-SGR,2021-08-15,16.9,20.1,13.8,82,96,5.8,5.8,10.2,281,12.12,2.31,839.2,13.7,1589.0,34.059753,74.8125
JK-SGR,2021-08-16,18.9,26.0,11.1,67,96,0.0,0.0,9.8,229,25.71,4.93,842.1,12.0,1589.0,34.059753,74.8125
JK-SGR,2021-08-17,21.0,28.3,14.0,59,81,0.0,0.0,7.2,126,25.77,5.09,841.3,12.1,1589.0,34.059753,74.8125
JK-SGR,2021-08-18,22.5,29.4,16.8,53,75,0.0,0.0,9.8,258,25.69,5.39,839.3,12.0,1589.0,34.059753,74.8125
JK-SGR,2021-08-19,22.8,29.6,16.7,57,78,0.0,0.0,13.8,238,24.24,5.11,838.6,13.4,1589.0,34.059753,74.8125
JK-SGR,2021-08-20,22.8,29.8,17.4,59,77,0.0,0.0,13.9,255,22.9,5.0,840.3,13.6,1589.0,34.059753,74.8125
JK-SGR,2021-08-21,23.0,29.3,18.3,58,76,0.0,0.0,11.2,258,22.74,4.83,842.6,13.8,1589.0,34.059753,74.8125
JK-SGR,2021-08-22,21.7,26.0,17.3,65,86,0.3,0.3,13.5,123,11.58,2.85,842.0,14.5,1589.0,34.059753,74.8125
JK-SGR,2021-08-23,23.6,30.2,18.1,61,85,0.0,0.0,10.2,259,22.09,4.74,839.9,14.8,1589.0,34.059753,74.8125
JK-SGR,2021-08-24,24.6,31.0,17.7,59,89,0.0,0.0,10.0,210,21.87,4.82,838.4,15.4,1589.0,34.059753,74.8125
JK-SGR,2021-08-25,24.9,31.4,18.4,57,79,0.0,0.0,10.5,255,23.14,5.13,836.8,15.1,1589.0,34.059753,74.8125
JK-SGR,2021-08-26,25.2,31.5,18.2,56,81,0.1,0.1,11.2,263,22.67,5.13,835.7,15.1,1589.0,34.059753,74.8125
JK-SGR,2021-08-27,25.2,31.5,18.4,54,81,0.0,0.0,12.1,234,21.9,4.95,837.3,14.5,1589.0,34.059753,74.8125
JK-SGR,2021-08-28,23.2,29.8,18.9,56,80,0.1,0.1,16.2,214,20.8,4.71,838.2,13.5,1589.0,34.059753,74.8125
JK-SGR,2021-08-29,20.6,25.7,15.7,68,94,7.1,7.1,11.2,261,19.68,3.93,840.0,13.9,1589.0,34.059753,74.8125
JK-SGR,2021-08-30,20.9,27.5,14.7,61,87,1.9,1.9,15.3,319,21.43,4.47,842.1,12.5,1589.0,34.059753,74.8125
JK-SGR,2021-08-31,20.3,26.0,15.0,64,88,1.0,1.0,12.3,300,19.95,4.12,844.0,12.9,1589.0,34.059753,74.8125
JK-SGR,2021-09-01,19.7,25.8,14.2,69,97,4.1,4.1,12.8,289,21.1,4.21,844.1,13.0,1589.0,34.059753,74.8125
JK-SGR,2021-09-02,21.8,28.7,15.6,52,72,0.0,0.0,8.0,226,23.44,4.74,841.8,10.8,1589.0,34.059753,74.8125
JK-SGR,2021-09-03,22.4,29.3,16.6,55,80,0.1,0.1,5.2,75,22.79,4.58,840.2,12.2,1589.0,34.059753,74.8125
JK-SGR,2021-09-04,23.5,29.7,17.9,53,74,0.0,0.0,9.5,341,22.09,4.72,840.1,12.7,1589.0,34.059753,74.8125
JK-SGR,2021-09-05,24.0,30.9,17.5,50,72,0.0,0.0,10.2,359,22.04,4.79,839.8,12.3,1589.0,34.059753,74.8125
JK-SGR,2021-09-06,24.7,31.2,19.7,51,66,0.0,0.0,8.9,330,21.31,4.72,841.5,13.4,1589.0,34.059753,74.8125
JK-SGR,2021-09-07,24.1,31.2,18.9,61,83,0.0,0.0,7.5,68,19.89,4.24,842.1,15.5,1589.0,34.059753,74.8125
JK-SGR,2021-09-08,22.1,27.2,18.9,73,89,1.3,1.3,10.0,77,12.51,2.76,841.9,16.9,1589.0,34.059753,74.8125
JK-SGR,2021-09-09,20.7,26.8,18.1,78,96,5.3,5.3,8.0,274,9.96,2.15,841.2,16.5,1589.0,34.059753,74.8125
JK-SGR,2021-09-10,21.3,27.1,16.9,73,97,10.8,10.8,6.9,312,16.07,3.36,841.5,15.9,1589.0,34.059753,74.8125
JK-SGR,2021-09-11,17.1,19.4,15.5,95,98,62.1,62.1,10.6,284,5.5,1.1,841.3,16.3,1589.0,34.059753,74.8125
JK-SGR,2021-09-12,18.0,22.9,13.6,84,99,2.2,2.2,6.5,241,17.26,3.17,840.1,15.0,1589.0,34.059753,74.8125
JK-SGR,2021-09-13,19.7,25.5,15.8,75,92,1.1,1.1,6.8,172,20.73,3.92,839.7,14.9,1589.0,34.059753,74.8125
JK-SGR,2021-09-14,21.0,26.8,14.7,67,88,0.0,0.0,8.2,43,21.95,4.28,842.2,14.3,1589.0,34.059753,74.8125
JK-SGR,2021-09-15,19.9,26.4,14.8,72,87,0.0,0.0,6.7,147,21.09,4.11,842.2,14.4,1589.0,34.059753,74.8125
JK-SGR,2021-09-16,20.9,27.4,15.3,68,90,0.0,0.0,7.1,126,21.93,4.35,839.7,14.2,1589.0,34.059753,74.8125
JK-SGR,2021-09-17,21.5,27.8,15.5,64,80,0.0,0.0,6.7,130,21.78,4.41,839.2,14.0,1589.0,34.059753,74.8125
JK-SGR,2021-09-18,21.7,28.5,16.8,66,85,0.0,0.0,7.3,136,21.14,4.22,841.1,14.7,1589.0,34.059753,74.8125
JK-SGR,2021-09-19,21.7,28.2,15.7,66,85,0.0,0.0,6.4,140,19.54,4.01,842.6,14.5,1589.0,34.059753,74.8125
JK-SGR,2021-09-20,21.5,27.6,17.0,67,88,0.9,0.9,12.3,232,18.79,3.98,842.3,14.8,1589.0,34.059753,74.8125
JK-SGR,2021-09-21,20.1,26.2,15.4,76,97,4.2,4.2,12.4,276,17.83,3.58,841.5,15.1,1589.0,34.059753,74.8125
JK-SGR,2021-09-22,19.0,24.8,14.2,73,97,3.8,3.8,13.8,261,18.14,3.65,840.7,13.5,1589.0,34.059753,74.8125
JK-SGR,2021-09-23,19.0,24.6,14.6,69,96,1.6,1.6,7.8,238,18.57,3.59,842.2,12.8,1589.0,34.059753,74.8125
JK-SGR,2021-09-24,19.4,25.8,14.6,70,96,1.4,1.4,8.9,18,18.83,3.62,843.9,13.2,1589.0,34.059753,74.8125
JK-SGR,2021-09-25,20.0,26.8,14.7,63,84,0.0,0.0,7.3,120,20.02,3.95,842.2,12.2,1589.0,34.059753,74.8125
JK-SGR,2021-09-26,20.6,28.2,12.7,56,86,0.0,0.0,7.7,105,20.83,4.18,841.3,10.8,1589.0,34.059753,74.8125
JK-SGR,2021-09-27,22.0,28.9,16.1,52,73,0.0,0.0,6.0,38,20.47,4.08,842.8,11.1,1589.0,34.059753,74.8125
JK-SGR,2021-09-28,22.1,28.8,16.8,57,75,0.0,0.0,7.6,175,19.28,4.09,843.7,12.7,1589.0,34.059753,74.8125
JK-SGR,2021-09-29,21.9,28.4,14.9,60,87,0.0,0.0,10.9,235,17.91,3.83,844.3,13.2,1589.0,34.059753,74.8125
JK-SGR,2021-09-30,22.2,28.8,16.2,55,73,0.0,0.0,11.1,174,18.75,3.91,844.3,12.2,1589.0,34.059753,74.8125
JK-SGR,2021-10-01,22.5,28.7,17.0,54,78,0.0,0.0,10.6,227,18.38,3.93,844.0,12.3,1589.0,34.059753,74.8125
JK-SGR,2021-10-02,19.6,25.6,15.6,69,88,1.4,1.4,10.9,297,16.43,3.36,843.1,13.2,1589.0,34.059753,74.8125
JK-SGR,2021-10-03,18.6,25.6,14.3,72,96,2.6,2.6,9.7,296,17.39,3.42,842.0,12.7,1589.0,34.059753,74.8125
JK-SGR,2021-10-04,17.5,24.4,12.2,71,99,1.0,1.0,11.0,272,17.91,3.42,841.4,11.4,1589.0,34.059753,74.8125
JK-SGR,2021-10-05,18.5,25.9,13.0,57,75,0.0,0.0,9.5,289,17.81,3.58,844.0,8.9,1589.0,34.059753,74.8125
JK-SGR,2021-10-06,18.3,26.4,11.8,45,73,0.0,0.0,10.0,194,20.02,3.98,844.3,5.5,1589.0,34.059753,74.8125
JK-SGR,2021-10-07,18.5,26.8,11.6,41,59,0.0,0.0,6.8,207,20.06,3.93,841.7,4.0,1589.0,34.059753,74.8125
JK-SGR,2021-10-08,18.2,27.1,11.4,43,60,0.0,0.0,8.7,354,19.59,3.89,840.2,4.7,1589.0,34.059753,74.8125
JK-SGR,2021-10-09,18.1,26.2,12.2,43,62,0.0,0.0,9.3,346,19.25,3.82,841.5,4.7,1589.0,34.059753,74.8125
JK-SGR,2021-10-10,17.2,24.9,11.7,46,93,1.3,1.3,15.9,306,16.91,3.69,841.2,4.5,1589.0,34.059753,74.8125
JK-SGR,2021-10-11,12.6,18.4,8.5,80,99,4.7,4.7,17.3,297,13.25,2.26,842.9,9.0,1589.0,34.059753,74.8125
JK-SGR,2021-10-12,13.7,20.2,8.0,67,97,0.4,0.4,9.5,225,16.48,2.91,843.0,6.9,1589.0,34.059753,74.8125
JK-SGR,2021-10-13,13.7,22.2,6.1,60,80,0.0,0.0,9.7,100,17.81,3.2,841.8,5.5,1589.0,34.059753,74.8125
JK-SGR,2021-10-14,13.5,22.1,5.8,58,86,0.0,0.0,6.9,123,18.22,3.29,842.6,4.5,1589.0,34.059753,74.8125
JK-SGR,2021-10-15,14.1,22.8,6.6,52,72,0.0,0.0,8.1,116,18.28,3.35,841.1,3.7,1589.0,34.059753,74.8125
JK-SGR,2021-10-16,15.1,23.6,8.0,56,82,0.0,0.0,8.0,2,17.08,3.12,841.4,5.7,1589.0,34.059753,74.8125
JK-SGR,2021-10-17,11.7,15.2,8.9,85,100,28.0,28.0,13.7,314,11.25,1.74,843.3,9.1,1589.0,34.059753,74.8125
JK-SGR,2021-10-18,11.5,16.3,8.4,89,100,14.0,14.0,6.8,193,10.52,1.72,840.8,9.5,1589.0,34.059753,74.8125
JK-SGR,2021-10-19,11.2,18.2,6.2,81,100,0.0,0.0,8.8,191,16.68,2.64,841.5,7.7,1589.0,34.059753,74.8125
JK-SGR,2021-10-20,11.8,19.7,5.1,69,91,0.0,0.0,8.5,170,17.13,2.87,843.1,5.7,1589.0,34.059753,74.8125
JK-SGR,2021-10-21,12.5,19.8,4.8,62,84,0.0,0.0,8.0,167,16.98,2.84,842.8,4.9,1589.0,34.059753,74.8125
JK-SGR,2021-10-22,11.7,19.8,5.7,66,96,3.7,3.7,16.9,305,14.83,2.8,840.6,5.0,1589.0,34.059753,74.8125
JK-SGR,2021-10-23,6.7,9.6,4.2,95,100,52.4,52.4,11.0,258,5.73,0.78,844.0,6.0,1589.0,34.059753,74.8125
JK-SGR,2021-10-24,5.6,8.8,3.2,92,100,22.8,22.8,11.3,336,5.43,0.83,845.2,4.3,1589.0,34.059753,74.8125
JK-SGR,2021-10-25,7.2,13.2,3.2,81,100,0.7,0.7,10.6,285,14.3,2.01,846.4,3.9,1589.0,34.059753,74.8125
JK-SGR,2021-10-26,7.4,14.1,0.9,65,92,0.0,0.0,8.4,312,15.51,2.33,843.8,0.8,1589.0,34.059753,74.8125
JK-SGR,2021-10-27,8.2,15.7,2.9,59,79,0.0,0.0,8.2,88,15.86,2.49,845.6,0.3,1589.0,34.059753,74.8125
JK-SGR,2021-10-28,6.8,14.9,0.6,52,67,0.0,0.0,8.8,286,16.23,2.53,845.7,-2.8,1589.0,34.059753,74.8125
JK-SGR,2021-10-29,7.2,15.9,1.1,57,83,0.8,0.8,9.5,176,15.76,2.52,846.8,-1.1,1589.0,34.059753,74.8125
JK-SGR,2021-10-30,7.3,16.2,0.5,59,82,0.0,0.0,8.8,116,15.76,2.57,846.5,-0.9,1589.0,34.059753,74.8125
JK-SGR,2021-10-31,6.8,15.7,-0.6,51,70,0.0,0.0,7.4,140,15.54,2.51,843.7,-3.3,1589.0,34.059753,74.8125
JK-SGR,2021-11-01,7.1,15.6,0.8,64,93,0.3,0.3,19.8,214,12.59,2.09,843.1,0.1,1589.0,34.059753,74.8125
JK-SGR,2021-11-02,7.0,14.2,1.7,75,96,0.1,0.1,8.0,132,14.33,2.11,845.5,2.5,1589.0,34.059753,74.8125
JK-SGR,2021-11-03,6.2,14.3,0.4,64,78,0.0,0.0,12.5,219,14.74,2.24,845.0,-0.5,1589.0,34.059753,74.8125
JK-SGR,2021-11-04,6.3,13.6,0.5,59,75,0.0,0.0,13.6,277,14.21,2.17,843.7,-1.3,1589.0,34.059753,74.8125
JK-SGR,2021-11-05,5.0,8.0,1.4,82,100,11.4,11.0,19.2,284,4.9,0.76,844.3,2.0,1589.0,34.059753,74.8125
JK-SGR,2021-11-06,4.5,11.7,0.6,83,100,1.3,1.3,9.5,180,13.26,1.74,844.8,1.6,1589.0,34.059753,74.8125
JK-SGR,2021-11-07,4.9,13.4,-1.4,69,89,0.0,0.0,9.0,165,14.62,2.1,842.6,-1.0,1589.0,34.059753,74.8125
JK-SGR,2021-11-08,5.6,14.4,-0.4,65,88,0.0,0.0,8.0,121,14.41,2.14,844.1,-1.1,1589.0,34.059753,74.8125
JK-SGR,2021-11-09,5.4,14.2,-1.6,61,82,0.0,0.0,8.6,150,14.45,2.14,843.5,-2.1,1589.0,34.059753,74.8125
JK-SGR,2021-11-10,5.7,15.6,-0.6,65,79,0.0,0.0,7.2,99,14.27,2.12,842.4,-0.9,1589.0,34.059753,74.8125
JK-SGR,2021-11-11,5.8,15.4,-0.2,65,81,0.0,0.0,7.7,112,14.11,2.14,841.9,-0.7,1589.0,34.059753,74.8125
JK-SGR,2021-11-12,5.8,15.5,-0.8,65,85,0.0,0.0,7.2,112,14.07,2.14,842.0,-1.0,1589.0,34.059753,74.8125
JK-SGR,2021-11-13,5.5,14.8,-0.8,61,82,0.0,0.0,7.9,137,13.97,2.08,842.1,-2.1,1589.0,34.059753,74.8125
JK-SGR,2021-11-14,5.4,14.8,-1.2,61,76,0.0,0.0,9.6,38,13.33,2.03,839.2,-2.1,1589.0,34.059753,74.8125
JK-SGR,2021-11-15,4.6,13.2,-1.3,61,81,0.0,0.0,9.5,142,13.62,2.02,840.3,-2.9,1589.0,34.059753,74.8125
JK-SGR,2021-11-16,3.3,12.4,-3.9,56,72,0.0,0.0,9.4,129,13.54,1.99,841.4,-5.2,1589.0,34.059753,74.8125
JK-SGR,2021-11-17,5.3,13.4,-1.8,56,82,0.0,0.0,7.2,64,13.3,1.96,842.4,-3.0,1589.0,34.059753,74.8125
JK-SGR,2021-11-18,6.9,15.2,1.6,59,83,0.0,0.0,7.6,84,12.14,1.92,840.4,-1.1,1589.0,34.059753,74.8125
JK-SGR,2021-11-19,5.7,15.0,-1.5,66,84,0.0,0.0,7.0,89,13.07,1.96,839.3,-0.7,1589.0,34.059753,74.8125
JK-SGR,2021-11-20,5.2,14.2,-1.1,58,76,0.0,0.0,9.0,103,13.14,1.95,839.3,-3.0,1589.0,34.059753,74.8125
JK-SGR,2021-11-21,5.2,14.3,-1.3,61,78,0.0,0.0,8.3,98,12.93,1.94,841.3,-2.1,1589.0,34.059753,74.8125
JK-SGR,2021-11-22,4.6,14.4,-1.3,62,80,0.0,0.0,10.0,96,12.88,1.89,841.1,-2.4,1589.0,34.059753,74.8125
JK-SGR,2021-11-23,4.4,13.1,-3.0,54,68,0.0,0.0,8.4,118,12.96,1.9,840.2,-4.6,1589.0,34.059753,74.8125
JK-SGR,2021-11-24,6.5,13.3,1.8,58,86,1.9,1.9,6.8,65,11.16,1.63,841.1,-1.7,1589.0,34.059753,74.8125
JK-SGR,2021-11-25,6.0,14.4,-0.6,73,91,0.0,0.0,8.1,147,12.18,1.77,842.7,1.0,1589.0,34.059753,74.8125
JK-SGR,2021-11-26,4.5,11.8,-2.0,60,84,0.0,0.0,9.5,101,12.21,1.79,842.2,-3.0,1589.0,34.059753,74.8125
JK-SGR,2021-11-27,5.4,12.6,-0.4,63,84,0.0,0.0,7.3,102,11.62,1.64,841.8,-1.4,1589.0,34.059753,74.8125
JK-SGR,2021-11-28,4.6,13.0,-2.0,70,91,2.0,2.0,9.6,159,11.84,1.69,843.7,-0.9,1589.0,34.059753,74.8125
JK-SGR,2021-11-29,3.9,12.1,-1.4,67,81,0.0,0.0,8.5,140,11.93,1.66,844.6,-2.0,1589.0,34.059753,74.8125
JK-SGR,2021-11-30,3.3,11.1,-2.3,69,82,0.0,0.0,6.9,96,11.01,1.47,843.3,-2.1,1589.0,34.059753,74.8125
JK-SGR,2021-12-01,4.5,12.9,-1.1,61,82,0.0,0.0,8.0,64,12.11,1.67,842.3,-2.7,1589.0,34.059753,74.8125
JK-SGR,2021-12-02,5.0,13.3,-2.1,64,81,0.0,0.0,7.0,95,11.4,1.69,842.8,-1.7,1589.0,34.059753,74.8125
JK-SGR,2021-12-03,4.4,12.7,-2.2,70,88,0.0,0.0,8.1,126,11.79,1.67,843.3,-1.0,1589.0,34.059753,74.8125
JK-SGR,2021-12-04,5.1,12.6,-1.6,72,88,0.0,0.0,7.0,47,11.25,1.58,842.7,0.1,1589.0,34.059753,74.8125
JK-SGR,2021-12-05,4.0,9.5,0.6,86,99,1.5,1.5,13.6,304,7.35,0.99,842.7,1.7,1589.0,34.059753,74.8125
JK-SGR,2021-12-06,1.8,5.4,-2.1,85,99,8.4,0.2,9.2,63,9.5,1.02,845.1,-0.5,1589.0,34.059753,74.8125
JK-SGR,2021-12-07,0.1,5.0,-6.7,64,77,0.0,0.0,9.7,218,10.97,1.26,845.8,-6.0,1589.0,34.059753,74.8125
JK-SGR,2021-12-08,2.6,6.4,-1.6,53,65,0.0,0.0,8.0,284,11.32,1.33,845.2,-6.1,1589.0,34.059753,74.8125
JK-SGR,2021-12-09,0.7,7.2,-3.8,61,73,0.0,0.0,8.4,333,11.25,1.38,846.1,-6.2,1589.0,34.059753,74.8125
JK-SGR,2021-12-10,-0.2,7.3,-6.4,56,77,0.0,0.0,7.0,39,11.57,1.42,847.3,-8.3,1589.0,34.059753,74.8125
JK-SGR,2021-12-11,-0.4,5.3,-5.2,50,63,0.0,0.0,8.7,183,11.78,1.37,846.3,-9.7,1589.0,34.059753,74.8125
JK-SGR,2021-12-12,0.8,4.4,-2.9,46,54,0.0,0.0,6.6,244,8.66,1.05,846.1,-9.5,1589.0,34.059753,74.8125
JK-SGR,2021-12-13,1.4,6.4,-4.9,46,67,0.0,0.0,7.6,325,11.15,1.37,842.6,-9.3,1589.0,34.059753,74.8125
JK-SGR,2021-12-14,0.3,5.7,-3.0,68,91,1.3,0.1,13.6,303,9.9,1.19,841.5,-5.0,1589.0,34.059753,74.8125
JK-SGR,2021-12-15,-1.1,4.0,-5.0,74,89,0.0,0.0,8.8,326,10.31,1.06,843.3,-5.3,1589.0,34.059753,74.8125
JK-SGR,2021-12-16,-1.5,4.8,-5.6,57,73,0.0,0.0,9.4,288,11.34,1.26,841.8,-9.1,1589.0,34.059753,74.8125
JK-SGR,2021-12-17,-1.0,5.1,-5.3,59,76,0.0,0.0,7.6,84,11.39,1.26,844.1,-8.3,1589.0,34.059753,74.8125
JK-SGR,2021-12-18,-1.8,4.9,-7.5,40,59,0.0,0.0,6.7,86,11.75,1.38,845.3,-14.0,1589.0,34.059753,74.8125
JK-SGR,2021-12-19,-1.8,3.9,-7.3,36,51,0.0,0.0,10.7,230,11.63,1.34,846.2,-15.4,1589.0,34.059753,74.8125
JK-SGR,2021-12-20,-0.8,4.6,-5.9,37,57,0.0,0.0,8.1,239,9.75,1.27,845.5,-14.4,1589.0,34.059753,74.8125
JK-SGR,2021-12-21,2.0,7.8,-3.2,44,64,0.0,0.0,7.0,107,11.42,1.45,843.9,-9.4,1589.0,34.059753,74.8125
JK-SGR,2021-12-22,1.7,7.1,-3.3,46,59,0.0,0.0,10.5,248,10.26,1.32,841.9,-9.0,1589.0,34.059753,74.8125
JK-SGR,2021-12-23,2.9,7.0,-0.3,63,84,4.4,0.5,9.0,196,9.5,1.19,841.9,-3.7,1589.0,34.059753,74.8125
JK-SGR,2021-12-24,1.3,5.6,-2.9,78,91,6.3,1.2,9.7,199,10.2,1.09,842.4,-2.1,1589.0,34.059753,74.8125
JK-SGR,2021-12-25,0.6,5.3,-4.1,75,93,1.9,0.0,9.6,180,10.71,1.15,843.3,-3.7,1589.0,34.059753,74.8125
JK-SGR,2021-12-26,0.1,4.8,-2.8,80,99,9.0,0.1,9.7,272,7.69,0.89,843.7,-3.1,1589.0,34.059753,74.8125
JK-SGR,2021-12-27,-1.8,1.0,-4.0,92,99,28.1,0.0,10.2,278,8.87,0.77,844.5,-3.0,1589.0,34.059753,74.8125
JK-SGR,2021-12-28,-3.4,0.7,-8.0,78,87,0.0,0.0,8.7,127,11.61,1.01,844.7,-6.9,1589.0,34.059753,74.8125
JK-SGR,2021-12-29,-3.5,1.8,-9.8,49,61,0.0,0.0,7.9,94,12.71,1.27,844.9,-12.6,1589.0,34.059753,74.8125
JK-SGR,2021-12-30,-5.7,-0.4,-11.8,47,66,0.0,0.0,8.4,137,12.14,1.04,847.5,-15.6,1589.0,34.059753,74.8125
JK-SGR,2021-12-31,-3.7,0.2,-6.5,50,71,0.0,0.0,8.7,164,12.74,1.07,849.0,-12.9,1589.0,34.059753,74.8125
JK-SGR,2022-01-01,-2.6,0.3,-5.9,53,74,0.2,0.0,7.5,160,9.31,0.95,847.4,-11.2,1589.0,34.059753,74.8125
JK-SGR,2022-01-02,-2.2,1.2,-4.6,84,90,0.0,0.0,10.5,175,10.8,1.0,846.6,-4.6,1589.0,34.059753,74.8125
JK-SGR,2022-01-03,-3.3,0.9,-8.7,80,95,1.3,0.0,7.3,200,9.46,0.89,846.2,-6.2,1589.0,34.059753,74.8125
JK-SGR,2022-01-04,-1.8,-0.2,-3.2,99,100,7.9,0.5,9.8,294,4.28,0.41,843.6,-1.9,1589.0,34.059753,74.8125
JK-SGR,2022-01-05,-1.1,0.0,-2.5,99,100,30.0,2.3,7.2,321,4.02,0.43,840.0,-1.3,1589.0,34.059753,74.8125
JK-SGR,2022-01-06,-0.5,0.9,-1.5,97,100,9.5,0.4,5.8,107,6.36,0.67,842.4,-0.9,1589.0,34.059753,74.8125
JK-SGR,2022-01-07,-0.9,0.6,-2.6,97,100,23.6,0.0,9.2,6,5.16,0.53,841.9,-1.3,1589.0,34.059753,74.8125
JK-SGR,2022-01-08,-0.6,0.4,-1.6,99,100,49.2,0.0,9.4,309,3.86,0.43,841.1,-0.8,1589.0,34.059753,74.8125
JK-SGR,2022-01-09,-1.9,-0.3,-4.1,95,100,2.1,0.0,8.7,163,11.01,0.96,841.4,-2.6,1589.0,34.059753,74.8125
JK-SGR,2022-01-10,-2.7,-0.6,-4.8,90,98,2.1,0.0,8.6,258,11.57,1.0,841.9,-4.2,1589.0,34.059753,74.8125
JK-SGR,2022-01-11,-3.7,-1.4,-6.5,83,93,0.0,0.0,9.4,141,12.31,1.01,845.1,-6.2,1589.0,34.059753,74.8125
JK-SGR,2022-01-12,-4.3,-2.4,-6.5,71,88,0.0,0.0,8.2,209,12.81,1.01,845.1,-8.9,1589.0,34.059753,74.8125
JK-SGR,2022-01-13,-4.5,-2.3,-7.7,73,83,0.0,0.0,7.7,174,11.58,0.96,843.7,-8.7,1589.0,34.059753,74.8125
JK-SGR,2022-01-14,-4.1,-2.2,-8.7,64,76,0.0,0.0,9.0,147,13.06,1.06,845.2,-9.9,1589.0,34.059753,74.8125
JK-SGR,2022-01-15,-5.2,-2.4,-7.9,62,77,0.0,0.0,8.6,189,12.7,1.05,847.5,-11.6,1589.0,34.059753,74.8125
JK-SGR,2022-01-16,-3.9,-1.0,-7.0,70,81,0.0,0.0,8.2,176,11.69,1.07,847.4,-8.5,1589.0,34.059753,74.8125
JK-SGR,2022-01-17,-2.6,-0.8,-5.5,81,100,0.8,0.0,7.2,257,6.22,0.67,846.7,-5.6,1589.0,34.059753,74.8125
JK-SGR,2022-01-18,-2.4,-1.0,-3.3,99,100,0.7,0.0,3.7,114,10.34,0.95,845.7,-2.5,1589.0,34.059753,74.8125
JK-SGR,2022-01-19,-1.9,-0.3,-3.7,98,100,3.3,0.0,8.4,168,7.54,0.68,841.0,-2.3,1589.0,34.059753,74.8125
JK-SGR,2022-01-20,-0.4,1.8,-4.5,86,99,0.1,0.0,7.1,129,12.3,1.17,836.1,-2.5,1589.0,34.059753,74.8125
JK-SGR,2022-01-21,-1.3,1.4,-4.5,86,96,6.9,0.3,9.0,49,9.8,0.91,834.5,-3.5,1589.0,34.059753,74.8125
JK-SGR,2022-01-22,0.1,1.6,-1.6,87,96,0.6,0.1,6.0,155,8.3,0.9,833.2,-1.9,1589.0,34.059753,74.8125
JK-SGR,2022-01-23,-1.0,0.4,-2.4,97,100,17.6,0.0,6.6,312,7.95,0.77,834.3,-1.4,1589.0,34.059753,74.8125
JK-SGR,2022-01-24,-1.2,1.1,-4.0,93,100,8.3,0.0,8.2,138,12.48,1.11,837.3,-2.2,1589.0,34.059753,74.8125
JK-SGR,2022-01-25,-2.5,-0.1,-6.5,86,94,0.0,0.0,8.8,212,13.19,1.09,838.5,-4.5,1589.0,34.059753,74.8125
JK-SGR,2022-01-26,-1.5,0.1,-4.6,75,87,0.0,0.0,8.0,177,14.43,1.23,839.8,-5.5,1589.0,34.059753,74.8125
JK-SGR,2022-01-27,-3.1,0.3,-8.7,68,88,0.0,0.0,8.7,216,14.8,1.29,841.3,-8.4,1589.0,34.059753,74.8125
JK-SGR,2022-01-28,-3.3,-1.4,-6.7,56,74,0.0,0.0,7.3,123,14.63,1.31,842.6,-11.0,1589.0,34.059753,74.8125
JK-SGR,2022-01-29,-1.0,4.7,-6.4,55,82,0.0,0.0,8.3,104,14.85,1.56,841.1,-9.2,1589.0,34.059753,74.8125
JK-SGR,2022-01-30,-2.5,2.0,-7.6,77,89,0.0,0.0,7.6,123,14.26,1.32,838.6,-6.2,1589.0,34.059753,74.8125
JK-SGR,2022-01-31,0.6,2.0,-1.7,63,89,0.0,0.0,9.4,332,12.6,1.33,837.1,-6.3,1589.0,34.059753,74.8125
JK-SGR,2022-02-01,-1.6,0.0,-4.2,85,97,2.7,0.0,8.8,163,13.44,1.19,838.8,-3.8,1589.0,34.059753,74.8125
JK-SGR,2022-02-02,-2.1,0.5,-6.7,80,99,2.0,0.0,10.0,238,11.43,1.05,836.5,-5.4,1589.0,34.059753,74.8125
JK-SGR,2022-02-03,-0.0,1.8,-2.2,95,99,8.6,1.7,8.0,157,7.05,0.74,834.3,-0.7,1589.0,34.059753,74.8125
JK-SGR,2022-02-04,0.7,4.4,-1.3,84,100,3.4,0.3,9.7,145,14.06,1.48,834.0,-1.8,1589.0,34.059753,74.8125
JK-SGR,2022-02-05,-2.3,0.5,-6.2,67,79,0.0,0.0,8.7,177,16.39,1.49,838.3,-7.7,1589.0,34.059753,74.8125
JK-SGR,2022-02-06,-2.1,-0.4,-3.3,90,100,0.9,0.0,7.8,178,8.54,0.82,840.5,-3.6,1589.0,34.059753,74.8125
JK-SGR,2022-02-07,-0.8,0.7,-3.3,95,100,12.6,0.0,7.4,188,12.6,1.22,841.9,-1.6,1589.0,34.059753,74.8125
JK-SGR,2022-02-08,-2.2,-0.1,-4.8,85,95,0.1,0.0,7.0,348,14.94,1.36,839.4,-4.5,1589.0,34.059753,74.8125
JK-SGR,2022-02-09,-1.2,1.7,-3.9,81,99,9.0,0.0,7.9,275,16.22,1.46,840.8,-4.1,1589.0,34.059753,74.8125
JK-SGR,2022-02-10,-1.8,1.3,-5.9,73,87,0.0,0.0,8.4,218,16.78,1.56,842.7,-6.1,1589.0,34.059753,74.8125
JK-SGR,2022-02-11,-1.9,2.0,-7.7,70,86,0.0,0.0,5.6,56,17.24,1.69,843.8,-6.8,1589.0,34.059753,74.8125
JK-SGR,2022-02-12,-1.6,0.6,-4.5,62,74,0.0,0.0,7.4,161,16.53,1.49,842.3,-8.0,1589.0,34.059753,74.8125
JK-SGR,2022-02-13,-0.1,2.5,-4.5,55,74,0.0,0.0,6.4,183,16.89,1.68,840.2,-8.3,1589.0,34.059753,74.8125
JK-SGR,2022-02-14,2.1,4.3,-0.8,58,73,0.0,0.0,6.4,145,12.17,1.4,840.5,-5.4,1589.0,34.059753,74.8125
JK-SGR,2022-02-15,2.1,4.1,0.1,71,87,0.0,0.0,6.3,238,16.47,1.74,841.1,-2.8,1589.0,34.059753,74.8125
JK-SGR,2022-02-16,0.7,4.0,-1.5,75,94,1.9,0.1,10.5,152,15.5,1.61,839.5,-3.3,1589.0,34.059753,74.8125
JK-SGR,2022-02-17,0.0,3.5,-5.1,73,82,2.4,0.1,7.7,104,17.13,1.78,839.0,-4.3,1589.0,34.059753,74.8125
JK-SGR,2022-02-18,0.4,3.2,-4.0,73,83,2.3,0.0,7.7,158,13.95,1.52,841.0,-3.9,1589.0,34.059753,74.8125
JK-SGR,2022-02-19,1.5,4.7,-4.3,72,81,1.3,0.3,7.6,168,17.21,1.83,842.1,-3.1,1589.0,34.059753,74.8125
JK-SGR,2022-02-20,1.5,5.1,-4.0,62,74,0.0,0.0,9.0,83,18.72,2.2,836.7,-5.2,1589.0,34.059753,74.8125
JK-SGR,2022-02-21,0.8,7.3,-6.7,54,77,0.0,0.0,6.2,120,19.21,2.31,836.8,-8.3,1589.0,34.059753,74.8125
JK-SGR,2022-02-22,0.3,3.0,-1.3,79,100,12.0,0.1,10.2,298,9.95,1.03,840.2,-3.5,1589.0,34.059753,74.8125
JK-SGR,2022-02-23,-1.0,0.4,-2.7,99,100,34.4,0.4,9.0,277,9.24,0.86,840.9,-1.1,1589.0,34.059753,74.8125
JK-SGR,2022-02-24,-0.5,1.8,-3.0,90,98,4.0,0.1,6.2,193,14.36,1.39,843.1,-1.9,1589.0,34.059753,74.8125
JK-SGR,2022-02-25,-1.4,0.8,-4.0,93,100,20.2,0.1,6.8,278,13.17,1.3,842.9,-2.4,1589.0,34.059753,74.8125
JK-SGR,2022-02-26,-0.5,1.9,-2.8,88,100,3.1,0.0,11.8,276,15.58,1.36,842.9,-2.3,1589.0,34.059753,74.8125
JK-SGR,2022-02-27,-0.4,2.1,-4.0,80,87,0.5,0.0,6.6,166,18.9,1.83,847.1,-3.5,1589.0,34.059753,74.8125
JK-SGR,2022-02-28,-2.6,-0.2,-6.6,86,100,0.0,0.0,8.7,184,16.94,1.45,845.3,-4.7,1589.0,34.059753,74.8125
JK-SGR,2022-03-01,-1.1,0.3,-2.5,84,100,4.5,0.0,5.7,245,8.66,0.9,845.2,-3.6,1589.0,34.059753,74.8125
JK-SGR,2022-03-02,-0.9,1.8,-3.1,94,100,0.3,0.0,9.4,164,17.85,1.73,846.2,-1.7,1589.0,34.059753,74.8125
JK-SGR,2022-03-03,1.0,2.9,-1.6,85,96,4.7,2.4,7.6,118,10.27,1.17,843.7,-1.3,1589.0,34.059753,74.8125
JK-SGR,2022-03-04,1.0,5.2,-3.3,89,100,7.5,0.5,9.9,156,18.71,2.02,846.2,-0.7,1589.0,34.059753,74.8125
JK-SGR,2022-03-05,0.8,4.9,-3.5,80,90,0.0,0.0,9.4,169,18.43,2.02,845.1,-2.3,1589.0,34.059753,74.8125
JK-SGR,2022-03-06,2.9,5.6,0.4,74,87,0.9,0.9,10.3,290,14.88,1.84,841.7,-1.3,1589.0,34.059753,74.8125
JK-SGR,2022-03-07,1.3,2.8,-0.6,95,100,14.3,11.3,13.3,305,9.31,0.9,845.1,0.6,1589.0,34.059753,74.8125
JK-SGR,2022-03-08,1.8,6.1,-2.0,84,99,0.0,0.0,6.3,195,19.26,2.08,847.1,-0.8,1589.0,34.059753,74.8125
JK-SGR,2022-03-09,5.0,10.4,-0.1,60,75,0.0,0.0,8.4,131,19.85,2.55,843.5,-2.4,1589.0,34.059753,74.8125
JK-SGR,2022-03-10,7.0,12.3,0.4,48,64,0.0,0.0,9.8,138,21.28,3.14,843.6,-3.5,1589.0,34.059753,74.8125
JK-SGR,2022-03-11,7.7,13.1,3.5,44,60,0.0,0.0,9.8,102,21.93,3.2,844.4,-3.8,1589.0,34.059753,74.8125
JK-SGR,2022-03-12,7.1,12.0,1.6,52,77,0.0,0.0,9.0,213,19.45,2.72,843.6,-2.4,1589.0,34.059753,74.8125
JK-SGR,2022-03-13,9.0,14.4,4.9,43,51,0.0,0.0,7.3,268,22.22,3.26,845.2,-2.8,1589.0,34.059753,74.8125
JK-SGR,2022-03-14,9.1,14.2,5.3,49,71,0.0,0.0,8.5,255,20.92,2.96,844.9,-1.2,1589.0,34.059753,74.8125
JK-SGR,2022-03-15,9.2,15.1,2.6,56,82,0.8,0.8,9.2,5,21.4,3.15,843.4,0.5,1589.0,34.059753,74.8125
JK-SGR,2022-03-16,9.3,15.8,0.1,57,79,0.0,0.0,9.4,7,22.23,3.2,842.4,1.0,1589.0,34.059753,74.8125
JK-SGR,2022-03-17,11.2,17.4,4.6,50,68,0.0,0.0,9.3,60,22.67,3.64,843.7,1.0,1589.0,34.059753,74.8125
JK-SGR,2022-03-18,10.1,17.0,4.9,51,75,0.0,0.0,14.8,13,22.11,3.42,841.4,0.1,1589.0,34.059753,74.8125
JK-SGR,2022-03-19,8.3,11.3,4.1,76,92,7.1,7.1,13.8,319,17.83,2.4,841.8,4.2,1589.0,34.059753,74.8125
JK-SGR,2022-03-20,9.2,15.3,5.7,70,78,0.8,0.8,15.1,292,15.63,2.32,840.7,4.0,1589.0,34.059753,74.8125
JK-SGR,2022-03-21,10.0,17.6,1.9,63,85,0.0,0.0,7.3,328,22.19,3.49,843.0,3.0,1589.0,34.059753,74.8125
JK-SGR,2022-03-22,10.5,18.6,3.8,60,80,0.0,0.0,7.2,26,22.58,3.7,841.9,2.6,1589.0,34.059753,74.8125
JK-SGR,2022-03-23,10.7,19.8,4.9,62,89,0.0,0.0,12.4,3,20.46,3.47,840.6,3.3,1589.0,34.059753,74.8125
JK-SGR,2022-03-24,9.2,16.2,4.7,76,96,5.0,5.0,9.0,308,20.83,3.21,841.5,4.7,1589.0,34.059753,74.8125
JK-SGR,2022-03-25,9.0,17.6,1.7,63,84,0.0,0.0,5.8,64,22.5,3.55,841.4,1.6,1589.0,34.059753,74.8125
JK-SGR,2022-03-26,9.7,19.0,1.5,52,70,0.0,0.0,7.2,86,23.41,3.93,842.9,-0.4,1589.0,34.059753,74.8125
JK-SGR,2022-03-27,10.7,19.7,2.5,56,76,0.0,0.0,7.8,356,23.18,3.88,842.4,2.0,1589.0,34.059753,74.8125
JK-SGR,2022-03-28,13.6,22.2,5.1,53,74,0.0,0.0,11.5,308,22.99,4.23,842.2,3.7,1589.0,34.059753,74.8125
JK-SGR,2022-03-29,13.4,23.2,4.1,53,78,0.0,0.0,8.2,324,23.43,4.29,840.8,3.3,1589.0,34.059753,74.8125
JK-SGR,2022-03-30,13.5,22.8,4.0,47,68,0.0,0.0,12.8,271,23.23,4.42,840.9,1.3,1589.0,34.059753,74.8125
JK-SGR,2022-03-31,12.9,23.0,4.2,51,70,0.0,0.0,11.7,177,23.65,4.45,842.7,2.0,1589.0,34.059753,74.8125
JK-SGR,2022-04-01,12.7,22.7,3.2,49,79,0.0,0.0,10.0,183,24.36,4.47,842.1,0.9,1589.0,34.059753,74.8125
JK-SGR,2022-04-02,14.6,25.0,5.2,50,79,0.1,0.1,9.5,127,23.32,4.47,841.8,2.9,1589.0,34.059753,74.8125
JK-SGR,2022-04-03,14.4,21.7,9.1,56,76,0.0,0.0,13.4,311,22.01,4.12,845.1,5.3,1589.0,34.059753,74.8125
JK-SGR,2022-04-04,14.6,23.5,6.5,49,77,0.0,0.0,13.2,197,23.84,4.55,844.0,3.0,1589.0,34.059753,74.8125
JK-SGR,2022-04-05,14.8,24.8,6.2,47,67,0.0,0.0,13.1,216,24.12,4.77,845.3,2.3,1589.0,34.059753,74.8125
JK-SGR,2022-04-06,15.0,25.4,6.3,47,71,0.0,0.0,9.7,172,24.43,4.8,845.3,2.3,1589.0,34.059753,74.8125
JK-SGR,2022-04-07,15.2,25.7,5.8,43,66,0.0,0.0,11.5,147,24.7,4.89,845.3,1.3,1589.0,34.059753,74.8125
JK-SGR,2022-04-08,15.3,25.6,5.8,44,65,0.0,0.0,18.5,177,24.83,5.01,843.6,1.7,1589.0,34.059753,74.8125
JK-SGR,2022-04-09,14.7,22.7,7.7,52,67,1.9,1.9,15.8,225,19.6,3.87,844.0,4.5,1589.0,34.059753,74.8125
JK-SGR,2022-04-10,14.9,24.0,6.5,45,64,0.0,0.0,10.6,191,24.93,4.91,843.7,1.9,1589.0,34.059753,74.8125
JK-SGR,2022-04-11,15.8,25.9,5.8,45,70,0.0,0.0,11.6,227,24.81,5.01,841.6,2.5,1589.0,34.059753,74.8125
JK-SGR,2022-04-12,15.3,26.4,8.7,57,94,3.6,3.6,19.4,288,19.92,4.03,841.2,5.7,1589.0,34.059753,74.8125
JK-SGR,2022-04-13,13.3,19.9,9.5,80,99,20.1,20.1,17.0,286,19.59,3.39,843.1,9.3,1589.0,34.059753,74.8125
JK-SGR,2022-04-14,12.2,17.2,7.4,79,98,2.7,2.7,13.1,277,17.5,2.81,841.8,8.4,1589.0,34.059753,74.8125
JK-SGR,2022-04-15,13.3,20.1,6.8,66,90,0.0,0.0,7.6,158,21.89,3.84,840.4,6.7,1589.0,34.059753,74.8125
JK-SGR,2022-04-16,14.2,23.1,5.8,56,78,0.0,0.0,8.4,108,24.73,4.57,839.0,4.5,1589.0,34.059753,74.8125
JK-SGR,2022-04-17,15.4,25.2,6.3,50,77,0.0,0.0,10.0,169,25.97,5.04,840.6,3.5,1589.0,34.059753,74.8125
JK-SGR,2022-04-18,16.1,26.2,7.0,51,70,0.0,0.0,9.7,173,24.52,4.91,842.7,4.6,1589.0,34.059753,74.8125
JK-SGR,2022-04-19,14.8,22.7,9.0,66,95,1.0,1.0,14.3,319,17.39,3.43,845.5,8.0,1589.0,34.059753,74.8125
JK-SGR,2022-04-20,12.7,21.1,7.6,80,96,6.1,6.1,14.8,249,20.38,3.5,844.3,8.9,1589.0,34.059753,74.8125
JK-SGR,2022-04-21,9.8,14.7,6.5,84,97,9.4,9.4,14.8,274,10.98,1.76,844.3,7.1,1589.0,34.059753,74.8125
JK-SGR,2022-04-22,10.8,17.9,6.0,82,98,3.9,3.9,11.9,256,21.69,3.42,844.8,7.4,1589.0,34.059753,74.8125
JK-SGR,2022-04-23,12.7,17.5,7.2,74,94,0.0,0.0,10.8,227,21.52,3.54,845.4,7.8,1589.0,34.059753,74.8125
JK-SGR,2022-04-24,13.5,20.1,5.5,68,88,0.0,0.0,8.0,196,24.11,4.17,843.2,7.3,1589.0,34.059753,74.8125
JK-SGR,2022-04-25,12.8,17.2,8.2,83,97,16.4,16.4,10.5,288,17.28,2.89,842.3,9.8,1589.0,34.059753,74.8125
JK-SGR,2022-04-26,13.9,21.3,8.2,74,99,0.0,0.0,6.6,230,24.57,4.25,844.1,8.7,1589.0,34.059753,74.8125
JK-SGR,2022-04-27,15.4,23.8,6.0,61,83,0.0,0.0,9.5,197,25.66,4.71,842.4,7.3,1589.0,34.059753,74.8125
JK-SGR,2022-04-28,16.6,25.0,9.1,63,84,2.4,2.4,14.8,164,21.78,4.3,844.1,9.1,1589.0,34.059753,74.8125
JK-SGR,2022-04-29,16.0,22.5,11.0,74,96,0.0,0.0,8.8,224,23.87,4.32,845.4,10.7,1589.0,34.059753,74.8125
JK-SGR,2022-04-30,16.3,23.7,9.0,64,86,0.4,0.4,9.7,152,24.06,4.52,840.5,9.1,1589.0,34.059753,74.8125
JK-SGR,2022-05-01,17.2,26.0,9.8,62,78,0.0,0.0,7.8,112,25.58,4.97,839.4,9.1,1589.0,34.059753,74.8125
JK-SGR,2022-05-02,17.9,27.4,9.6,57,78,0.0,0.0,7.7,151,24.72,4.91,838.3,8.8,1589.0,34.059753,74.8125
JK-SGR,2022-05-03,16.5,25.6,10.3,68,92,0.6,0.6,15.0,282,21.09,4.17,840.8,9.9,1589.0,34.059753,74.8125
JK-SGR,2022-05-04,13.7,20.8,8.5,81,96,6.0,6.0,11.6,290,19.87,3.43,843.2,10.2,1589.0,34.059753,74.8125
JK-SGR,2022-05-05,14.7,21.8,8.9,78,100,4.4,4.4,8.4,185,23.49,4.12,842.7,10.4,1589.0,34.059753,74.8125
JK-SGR,2022-05-06,14.9,21.7,8.1,76,93,1.7,1.7,9.4,187,23.49,4.15,842.4,10.2,1589.0,34.059753,74.8125
JK-SGR,2022-05-07,16.0,24.2,8.8,69,92,0.0,0.0,6.7,140,24.37,4.54,842.3,9.8,1589.0,34.059753,74.8125
JK-SGR,2022-05-08,17.7,26.7,9.2,57,82,0.0,0.0,7.9,114,25.78,5.1,840.4,8.5,1589.0,34.059753,74.8125
JK-SGR,2022-05-09,18.7,27.2,10.1,57,81,0.0,0.0,15.3,270,24.62,5.05,841.0,9.3,1589.0,34.059753,74.8125
JK-SGR,2022-05-10,18.4,26.7,10.3,60,80,0.1,0.1,10.5,351,25.43,5.03,841.2,9.7,1589.0,34.059753,74.8125
JK-SGR,2022-05-11,19.5,27.9,10.7,60,82,0.0,0.0,10.6,235,25.33,5.14,840.3,10.7,1589.0,34.059753,74.8125
JK-SGR,2022-05-12,19.1,27.8,10.8,60,88,0.2,0.2,15.5,223,24.83,5.12,840.6,10.2,1589.0,34.059753,74.8125
JK-SGR,2022-05-13,19.9,28.1,10.7,53,87,0.0,0.0,7.1,188,25.81,5.2,839.4,9.1,1589.0,34.059753,74.8125
JK-SGR,2022-05-14,19.7,29.4,10.3,45,66,0.0,0.0,10.1,159,27.87,5.84,838.3,6.3,1589.0,34.059753,74.8125
JK-SGR,2022-05-15,19.4,29.2,10.6,48,77,0.6,0.6,15.5,279,24.4,5.33,840.0,7.1,1589.0,34.059753,74.8125
JK-SGR,2022-05-16,18.1,24.4,13.0,60,88,0.0,0.0,9.4,262,21.43,4.24,841.7,9.4,1589.0,34.059753,74.8125
JK-SGR,2022-05-17,17.4,25.4,10.7,64,95,1.4,1.4,10.5,186,22.15,4.36,840.4,9.5,1589.0,34.059753,74.8125
JK-SGR,2022-05-18,18.0,26.7,10.7,66,98,0.0,0.0,8.9,232,26.42,5.04,841.9,10.3,1589.0,34.059753,74.8125
JK-SGR,2022-05-19,17.9,26.6,10.7,64,90,2.4,2.4,11.0,151,23.08,4.61,841.1,10.5,1589.0,34.059753,74.8125
JK-SGR,2022-05-20,14.0,16.8,9.4,83,96,8.0,8.0,19.3,295,17.09,2.73,840.4,11.0,1589.0,34.059753,74.8125
JK-SGR,2022-05-21,14.2,21.4,8.0,75,98,2.4,2.4,7.7,248,24.26,4.17,838.1,9.4,1589.0,34.059753,74.8125
JK-SGR,2022-05-22,14.2,22.1,8.6,80,99,6.9,6.9,18.9,249,22.28,3.9,834.3,10.5,1589.0,34.059753,74.8125
JK-SGR,2022-05-23,13.7,19.8,9.5,83,100,9.4,9.4,19.3,290,19.5,3.38,835.4,10.6,1589.0,34.059753,74.8125
JK-SGR,2022-05-24,13.7,19.5,9.9,78,100,7.0,7.0,8.0,161,16.53,3.0,839.4,9.4,1589.0,34.059753,74.8125
JK-SGR,2022-05-25,16.1,24.2,8.4,69,95,0.0,0.0,8.7,144,25.55,4.81,839.5,9.6,1589.0,34.059753,74.8125
JK-SGR,2022-05-26,18.3,26.4,10.2,69,95,0.0,0.0,10.5,139,25.37,4.96,838.1,11.7,1589.0,34.059753,74.8125
JK-SGR,2022-05-27,19.2,26.9,10.9,65,90,0.1,0.1,11.0,190,25.5,5.14,837.3,11.8,1589.0,34.059753,74.8125
JK-SGR,2022-05-28,16.6,22.9,11.9,77,97,3.2,3.2,13.9,245,20.58,3.8,837.7,12.4,1589.0,34.059753,74.8125
JK-SGR,2022-05-29,17.6,24.5,11.1,74,100,0.1,0.1,10.4,221,24.35,4.67,838.8,12.3,1589.0,34.059753,74.8125
JK-SGR,2022-05-30,16.8,22.5,11.7,77,98,0.7,0.7,14.7,248,21.98,4.05,839.9,12.4,1589.0,34.059753,74.8125
JK-SGR,2022-05-31,16.7,23.4,10.1,76,99,2.2,2.2,10.2,233,22.44,4.33,840.7,11.9,1589.0,34.059753,74.8125
JK-SGR,2022-06-01,16.3,22.6,11.4,75,98,1.8,1.8,12.3,283,23.64,4.33,841.8,11.6,1589.0,34.059753,74.8125
JK-SGR,2022-06-02,17.1,24.3,9.0,68,95,0.0,0.0,11.9,218,25.29,4.84,841.2,10.4,1589.0,34.059753,74.8125
JK-SGR,2022-06-03,18.6,26.0,10.2,61,88,0.0,0.0,13.7,188,25.75,5.11,840.2,10.5,1589.0,34.059753,74.8125
JK-SGR,2022-06-04,19.6,26.5,11.1,56,79,0.0,0.0,13.0,181,25.53,5.22,840.9,9.9,1589.0,34.059753,74.8125
JK-SGR,2022-06-05,19.6,27.5,11.6,50,68,0.0,0.0,11.5,149,27.22,5.61,840.4,8.2,1589.0,34.059753,74.8125
JK-SGR,2022-06-06,20.5,28.6,13.1,50,73,0.0,0.0,7.7,148,26.46,5.51,839.8,8.7,1589.0,34.059753,74.8125
JK-SGR,2022-06-07,21.6,29.0,13.0,48,73,0.0,0.0,23.6,178,25.3,5.5,839.9,9.3,1589.0,34.059753,74.8125
JK-SGR,2022-06-08,21.3,27.8,16.6,51,72,0.1,0.1,14.0,193,23.79,5.12,839.6,10.2,1589.0,34.059753,74.8125
JK-SGR,2022-06-09,20.7,27.5,13.4,53,76,0.1,0.1,15.2,185,23.57,5.07,838.9,10.2,1589.0,34.059753,74.8125
JK-SGR,2022-06-10,20.1,26.0,13.3,59,94,0.0,0.0,7.2,223,23.96,4.81,840.0,11.1,1589.0,34.059753,74.8125
JK-SGR,2022-06-11,19.7,27.0,12.3,63,92,0.0,0.0,10.0,169,24.69,4.93,839.5,11.7,1589.0,34.059753,74.8125
JK-SGR,2022-06-12,20.2,25.0,14.2,61,79,0.1,0.1,19.0,213,22.86,4.66,840.7,12.0,1589.0,34.059753,74.8125
JK-SGR,2022-06-13,20.5,26.9,13.4,63,87,0.0,0.0,8.4,176,24.12,4.82,842.7,12.6,1589.0,34.059753,74.8125
JK-SGR,2022-06-14,21.4,29.8,13.0,55,81,0.0,0.0,6.4,159,26.58,5.49,840.4,10.9,1589.0,34.059753,74.8125
JK-SGR,2022-06-15,22.0,30.8,14.1,52,74,0.1,0.1,11.5,159,25.98,5.67,838.2,10.9,1589.0,34.059753,74.8125
JK-SGR,2022-06-16,21.5,29.0,14.5,58,82,1.2,1.2,15.1,153,23.13,5.09,838.2,11.9,1589.0,34.059753,74.8125
JK-SGR,2022-06-17,19.8,25.5,15.4,70,90,4.2,4.2,15.0,255,18.29,3.69,838.4,13.8,1589.0,34.059753,74.8125
JK-SGR,2022-06-18,15.6,20.1,12.6,85,99,12.5,12.5,11.4,286,16.76,2.94,838.6,13.1,1589.0,34.059753,74.8125
JK-SGR,2022-06-19,14.5,18.7,11.1,84,98,12.3,12.3,14.1,287,17.13,2.95,838.4,11.7,1589.0,34.059753,74.8125
JK-SGR,2022-06-20,13.8,18.7,10.9,90,99,16.1,16.1,11.2,277,14.75,2.53,836.4,12.1,1589.0,34.059753,74.8125
JK-SGR,2022-06-21,12.5,14.9,10.4,94,99,21.8,21.8,10.5,314,8.93,1.54,835.2,11.6,1589.0,34.059753,74.8125
JK-SGR,2022-06-22,13.6,18.3,10.4,88,99,20.4,20.4,12.2,303,16.59,2.7,841.3,11.6,1589.0,34.059753,74.8125
JK-SGR,2022-06-23,16.3,23.9,10.3,75,96,0.0,0.0,14.2,249,25.64,4.71,842.4,11.3,1589.0,34.059753,74.8125
JK-SGR,2022-06-24,18.2,26.9,9.9,69,86,0.0,0.0,6.3,131,27.27,5.2,839.1,12.1,1589.0,34.059753,74.8125
JK-SGR,2022-06-25,19.9,28.2,11.6,67,88,0.0,0.0,5.3,113,27.82,5.45,836.7,12.9,1589.0,34.059753,74.8125
JK-SGR,2022-06-26,21.5,29.4,12.9,67,89,0.0,0.0,7.4,164,27.34,5.58,838.4,14.4,1589.0,34.059753,74.8125
JK-SGR,2022-06-27,22.4,29.5,14.8,69,88,0.0,0.0,8.5,174,26.65,5.5,839.7,15.9,1589.0,34.059753,74.8125
JK-SGR,2022-06-28,23.3,30.4,15.7,69,89,0.0,0.0,7.0,147,26.72,5.59,837.2,16.6,1589.0,34.059753,74.8125
JK-SGR,2022-06-29,24.1,31.1,16.8,70,93,0.0,0.0,10.3,166,26.4,5.63,834.5,17.8,1589.0,34.059753,74.8125
JK-SGR,2022-06-30,25.4,31.5,18.6,68,88,0.0,0.0,9.7,145,24.62,5.39,834.7,18.5,1589.0,34.059753,74.8125
JK-SGR,2022-07-01,25.8,30.7,20.0,69,84,0.3,0.3,8.6,168,23.05,4.91,836.1,19.4,1589.0,34.059753,74.8125
JK-SGR,2022-07-02,26.3,30.9,22.1,65,85,0.6,0.6,9.3,185,22.48,4.98,835.8,19.0,1589.0,34.059753,74.8125
JK-SGR,2022-07-03,26.1,31.3,21.3,67,92,1.4,1.4,7.9,212,23.59,5.2,837.0,19.3,1589.0,34.059753,74.8125
JK-SGR,2022-07-04,26.2,31.5,21.1,70,95,2.4,2.4,8.9,221,24.21,5.24,837.2,19.7,1589.0,34.059753,74.8125
JK-SGR,2022-07-05,23.4,28.8,19.3,80,98,6.2,6.2,7.3,276,18.5,3.91,838.1,19.5,1589.0,34.059753,74.8125
JK-SGR,2022-07-06,22.4,28.0,18.6,83,98,7.1,7.1,9.8,215,20.62,4.22,840.9,19.0,1589.0,34.059753,74.8125
JK-SGR,2022-07-07,23.0,28.7,19.0,78,98,1.1,1.1,8.3,205,20.36,4.25,842.1,18.5,1589.0,34.059753,74.8125
JK-SGR,2022-07-08,24.5,30.1,19.6,71,86,0.1,0.1,7.4,171,21.39,4.6,838.8,18.7,1589.0,34.059753,74.8125
JK-SGR,2022-07-09,23.0,28.6,19.4,80,98,12.2,12.2,13.1,259,20.42,4.25,836.8,19.1,1589.0,34.059753,74.8125
JK-SGR,2022-07-10,21.3,24.9,18.5,86,99,8.4,8.4,8.7,247,15.16,2.93,837.7,18.8,1589.0,34.059753,74.8125
JK-SGR,2022-07-11,19.8,24.3,16.5,83,99,1.3,1.3,11.5,274,15.2,2.97,839.1,16.7,1589.0,34.059753,74.8125
JK-SGR,2022-07-12,20.7,26.1,15.8,77,97,0.9,0.9,8.7,260,18.6,3.68,838.3,16.1,1589.0,34.059753,74.8125
JK-SGR,2022-07-13,19.3,23.3,15.8,82,96,0.4,0.4,13.9,242,10.56,2.23,836.2,16.0,1589.0,34.059753,74.8125
JK-SGR,2022-07-14,17.0,20.0,15.1,94,100,18.4,18.4,10.3,307,8.25,1.55,837.7,15.9,1589.0,34.059753,74.8125
JK-SGR,2022-07-15,19.3,24.9,15.2,83,99,16.8,16.8,11.4,195,20.12,3.92,840.9,16.1,1589.0,34.059753,74.8125
JK-SGR,2022-07-16,18.9,24.1,15.5,84,99,20.9,20.9,9.8,259,18.76,3.56,841.7,15.9,1589.0,34.059753,74.8125
JK-SGR,2022-07-17,21.2,27.8,15.6,78,99,1.0,1.0,8.7,150,24.49,4.84,841.6,16.8,1589.0,34.059753,74.8125
JK-SGR,2022-07-18,23.8,30.1,17.9,65,85,0.0,0.0,6.9,161,25.61,5.35,839.8,16.5,1589.0,34.059753,74.8125
JK-SGR,2022-07-19,23.6,29.8,17.9,76,93,0.7,0.7,9.3,153,24.22,5.04,837.5,18.7,1589.0,34.059753,74.8125
JK-SGR,2022-07-20,23.5,28.8,18.5,77,95,0.0,0.0,8.5,122,21.59,4.51,836.2,19.0,1589.0,34.059753,74.8125
JK-SGR,2022-07-21,22.9,27.1,20.6,79,92,0.4,0.4,9.9,150,11.47,2.58,838.1,18.9,1589.0,34.059753,74.8125
JK-SGR,2022-07-22,23.4,27.9,19.2,76,95,0.3,0.3,8.5,145,19.01,4.06,840.4,18.7,1589.0,34.059753,74.8125
JK-SGR,2022-07-23,23.1,26.4,20.1,75,93,3.2,3.2,9.0,180,12.87,2.9,840.2,18.2,1589.0,34.059753,74.8125
JK-SGR,2022-07-24,21.6,24.9,18.5,85,98,11.5,11.5,8.7,247,16.18,3.26,840.5,18.8,1589.0,34.059753,74.8125
JK-SGR,2022-07-25,21.8,26.6,18.5,86,99,20.1,20.1,7.4,257,17.91,3.66,841.8,19.1,1589.0,34.059753,74.8125
JK-SGR,2022-07-26,22.2,27.6,17.9,83,99,5.6,5.6,9.3,179,19.85,4.09,842.2,18.9,1589.0,34.059753,74.8125
JK-SGR,2022-07-27,22.0,27.0,18.9,85,98,26.9,26.9,7.1,175,16.17,3.35,841.4,19.3,1589.0,34.059753,74.8125
JK-SGR,2022-07-28,21.4,25.5,19.0,88,99,9.4,9.4,9.2,255,13.0,2.68,841.5,19.2,1589.0,34.059753,74.8125
JK-SGR,2022-07-29,21.4,27.0,17.4,84,99,3.5,3.5,15.2,279,20.82,4.06,840.7,18.4,1589.0,34.059753,74.8125
JK-SGR,2022-07-30,21.7,27.0,16.8,80,97,0.0,0.0,11.3,230,22.52,4.48,838.9,17.7,1589.0,34.059753,74.8125
JK-SGR,2022-07-31,20.2,24.5,17.5,85,99,27.6,27.6,12.0,286,19.83,3.75,836.8,17.4,1589.0,34.059753,74.8125
JK-SGR,2022-08-01,17.7,22.2,15.5,88,100,18.9,18.9,9.4,247,13.7,2.63,838.1,15.6,1589.0,34.059753,74.8125
JK-SGR,2022-08-02,19.5,26.4,12.9,79,99,0.0,0.0,13.3,209,24.09,4.72,837.7,15.3,1589.0,34.059753,74.8125
JK-SGR,2022-08-03,21.2,27.6,14.5,73,90,0.0,0.0,15.6,201,24.92,4.99,838.8,15.8,1589.0,34.059753,74.8125
JK-SGR,2022-08-04,22.5,28.8,17.3,71,89,0.0,0.0,8.4,171,24.2,4.93,839.3,16.6,1589.0,34.059753,74.8125
JK-SGR,2022-08-05,22.3,26.7,16.3,74,91,0.0,0.0,9.9,148,17.93,3.69,838.6,17.2,1589.0,34.059753,74.8125
JK-SGR,2022-08-06,21.9,27.5,17.3,79,94,2.6,2.6,8.0,145,20.3,4.1,837.1,17.7,1589.0,34.059753,74.8125
JK-SGR,2022-08-07,23.2,29.1,18.0,72,93,0.0,0.0,7.6,163,22.23,4.58,836.4,17.6,1589.0,34.059753,74.8125
JK-SGR,2022-08-08,22.5,28.5,16.8,75,94,0.9,0.9,7.3,157,22.75,4.63,837.5,17.5,1589.0,34.059753,74.8125
JK-SGR,2022-08-09,22.7,28.4,17.4,77,95,4.5,4.5,12.2,258,22.62,4.65,838.8,18.1,1589.0,34.059753,74.8125
JK-SGR,2022-08-10,23.5,29.6,19.1,73,92,0.7,0.7,9.4,195,23.19,4.83,837.1,18.1,1589.0,34.059753,74.8125
JK-SGR,2022-08-11,23.0,28.4,18.0,76,92,0.3,0.3,9.8,174,16.11,3.51,837.5,18.2,1589.0,34.059753,74.8125
JK-SGR,2022-08-12,21.9,27.0,18.1,80,98,7.7,7.7,10.7,266,20.01,4.03,839.8,18.0,1589.0,34.059753,74.8125
JK-SGR,2022-08-13,23.2,29.7,17.6,72,86,0.0,0.0,9.9,186,24.34,5.05,838.1,17.5,1589.0,34.059753,74.8125
JK-SGR,2022-08-14,23.5,31.0,17.0,73,92,1.5,1.5,9.0,196,23.64,4.99,838.4,17.9,1589.0,34.059753,74.8125
JK-SGR,2022-08-15,20.6,23.7,18.2,91,99,21.2,21.2,8.4,223,9.07,1.86,840.6,19.1,1589.0,34.059753,74.8125
JK-SGR,2022-08-16,20.3,27.2,17.2,89,99,11.3,11.3,14.1,271,18.61,3.57,841.1,18.2,1589.0,34.059753,74.8125
JK-SGR,2022-08-17,19.6,24.0,16.6,86,99,12.0,12.0,10.8,278,15.98,3.06,840.9,17.0,1589.0,34.059753,74.8125
JK-SGR,2022-08-18,21.8,27.9,16.6,74,95,0.0,0.0,8.3,192,23.46,4.74,839.3,16.7,1589.0,34.059753,74.8125
JK-SGR,2022-08-19,23.1,28.9,16.3,70,90,0.0,0.0,9.9,171,23.37,4.8,837.7,17.1,1589.0,34.059753,74.8125
JK-SGR,2022-08-20,21.8,28.2,17.5,79,96,13.1,13.1,11.5,186,21.57,4.34,838.5,17.7,1589.0,34.059753,74.8125
JK-SGR,2022-08-21,20.3,26.7,16.3,81,99,4.8,4.8,18.2,276,22.39,4.36,839.3,16.6,1589.0,34.059753,74.8125
JK-SGR,2022-08-22,21.3,27.6,15.8,75,96,0.0,0.0,9.9,218,23.48,4.69,837.6,16.4,1589.0,34.059753,74.8125
JK-SGR,2022-08-23,22.1,27.5,17.4,71,91,0.0,0.0,9.1,284,20.98,4.27,840.4,16.3,1589.0,34.059753,74.8125
JK-SGR,2022-08-24,21.1,27.1,17.0,76,94,0.7,0.7,11.8,303,19.21,3.88,842.8,16.4,1589.0,34.059753,74.8125
JK-SGR,2022-08-25,18.5,22.5,15.5,85,99,3.2,3.2,11.7,321,12.21,2.37,842.3,15.9,1589.0,34.059753,74.8125
JK-SGR,2022-08-26,19.4,24.6,15.0,81,98,0.0,0.0,15.3,298,18.79,3.58,841.1,16.0,1589.0,34.059753,74.8125
JK-SGR,2022-08-27,20.2,26.8,15.1,79,95,1.0,1.0,18.0,258,21.68,4.23,839.7,16.2,1589.0,34.059753,74.8125
JK-SGR,2022-08-28,19.8,26.2,15.3,81,98,1.4,1.4,15.0,297,20.51,3.95,839.5,16.3,1589.0,34.059753,74.8125
JK-SGR,2022-08-29,19.5,25.3,15.4,80,100,1.5,1.5,10.9,269,19.96,3.87,842.7,15.7,1589.0,34.059753,74.8125
JK-SGR,2022-08-30,20.5,27.1,14.4,75,95,0.2,0.2,8.1,170,22.04,4.32,843.6,15.5,1589.0,34.059753,74.8125
JK-SGR,2022-08-31,21.6,27.9,15.4,69,87,0.0,0.0,11.8,191,22.05,4.5,841.3,15.2,1589.0,34.059753,74.8125
JK-SGR,2022-09-01,21.1,27.7,15.2,71,92,0.0,0.0,11.1,162,20.74,4.21,840.8,15.2,1589.0,34.059753,74.8125
JK-SGR,2022-09-02,22.4,29.0,15.3,63,88,0.0,0.0,10.8,171,21.34,4.45,842.2,14.5,1589.0,34.059753,74.8125
JK-SGR,2022-09-03,21.8,28.7,16.2,67,82,0.0,0.0,6.1,136,22.8,4.59,838.9,15.0,1589.0,34.059753,74.8125
JK-SGR,2022-09-04,21.4,28.3,16.7,72,87,0.4,0.4,10.5,105,20.37,4.13,837.9,15.8,1589.0,34.059753,74.8125
JK-SGR,2022-09-05,19.8,24.7,16.6,79,96,0.4,0.4,9.8,289,14.72,2.93,840.7,15.9,1589.0,34.059753,74.8125
JK-SGR,2022-09-06,20.3,27.3,14.7,75,96,0.1,0.1,6.8,168,21.98,4.3,842.1,15.0,1589.0,34.059753,74.8125
JK-SGR,2022-09-07,21.4,28.6,15.1,67,91,0.0,0.0,9.9,161,20.82,4.28,843.4,14.6,1589.0,34.059753,74.8125
JK-SGR,2022-09-08,22.8,30.1,16.1,60,84,0.0,0.0,10.4,139,21.95,4.56,844.1,14.1,1589.0,34.059753,74.8125
JK-SGR,2022-09-09,23.2,29.6,17.2,60,80,0.0,0.0,7.7,9,21.43,4.47,843.7,14.6,1589.0,34.059753,74.8125
JK-SGR,2022-09-10,21.3,28.8,16.5,70,89,1.5,1.5,24.5,198,19.7,4.09,842.8,15.3,1589.0,34.059753,74.8125
JK-SGR,2022-09-11,18.7,24.6,14.9,82,97,26.2,26.2,14.1,277,17.36,3.3,841.5,15.3,1589.0,34.059753,74.8125
JK-SGR,2022-09-12,18.8,24.3,13.4,75,98,8.1,8.1,9.8,262,20.65,3.87,841.1,13.7,1589.0,34.059753,74.8125
JK-SGR,2022-09-13,19.8,26.9,13.7,64,88,0.0,0.0,9.8,190,21.33,4.22,840.8,12.2,1589.0,34.059753,74.8125
JK-SGR,2022-09-14,20.5,27.2,14.3,55,80,0.0,0.0,11.9,203,21.95,4.54,840.8,10.6,1589.0,34.059753,74.8125
JK-SGR,2022-09-15,20.8,27.9,14.4,53,74,0.0,0.0,7.2,154,22.46,4.49,838.7,10.3,1589.0,34.059753,74.8125
JK-SGR,2022-09-16,20.5,27.8,14.2,56,75,0.9,0.9,9.5,157,21.95,4.46,835.8,11.2,1589.0,34.059753,74.8125
JK-SGR,2022-09-17,19.1,24.4,14.8,68,86,4.2,4.2,13.7,335,17.38,3.39,838.4,12.9,1589.0,34.059753,74.8125
JK-SGR,2022-09-18,18.3,26.1,12.8,59,82,0.0,0.0,6.9,135,21.91,4.21,841.4,9.8,1589.0,34.059753,74.8125
JK-SGR,2022-09-19,19.3,27.7,12.0,55,76,0.0,0.0,7.1,140,22.14,4.35,841.1,9.5,1589.0,34.059753,74.8125
JK-SGR,2022-09-20,19.3,27.2,12.8,52,71,0.0,0.0,8.4,129,21.79,4.42,840.8,8.8,1589.0,34.059753,74.8125
JK-SGR,2022-09-21,19.8,26.6,14.2,58,77,0.0,0.0,7.3,130,19.43,3.86,841.6,10.9,1589.0,34.059753,74.8125
JK-SGR,2022-09-22,19.6,27.1,12.7,61,85,0.0,0.0,8.2,173,21.08,4.2,841.1,11.2,1589.0,34.059753,74.8125
JK-SGR,2022-09-23,20.6,27.7,13.9,57,80,0.0,0.0,6.4,133,20.61,4.06,840.4,11.2,1589.0,34.059753,74.8125
JK-SGR,2022-09-24,18.7,25.4,14.5,70,92,0.4,0.4,8.9,124,12.25,2.54,839.4,12.8,1589.0,34.059753,74.8125
JK-SGR,2022-09-25,15.9,21.1,13.0,90,100,7.9,7.9,6.9,267,7.88,1.56,839.0,14.2,1589.0,34.059753,74.8125
JK-SGR,2022-09-26,16.5,23.6,11.0,75,99,0.0,0.0,10.1,97,19.36,3.57,843.1,11.4,1589.0,34.059753,74.8125
JK-SGR,2022-09-27,17.7,25.6,11.9,64,83,0.0,0.0,7.7,108,20.76,3.93,840.8,10.2,1589.0,34.059753,74.8125
JK-SGR,2022-09-28,18.0,25.8,11.8,65,85,0.2,0.2,10.8,123,18.75,3.66,840.5,10.9,1589.0,34.059753,74.8125
JK-SGR,2022-09-29,17.7,25.2,11.7,66,86,0.0,0.0,6.3,133,19.21,3.63,841.3,10.7,1589.0,34.059753,74.8125
JK-SGR,2022-09-30,18.4,26.4,10.0,53,78,0.0,0.0,8.0,149,19.61,3.93,841.2,7.9,1589.0,34.059753,74.8125
JK-SGR,2022-10-01,18.1,25.9,11.9,56,82,0.0,0.0,13.9,48,18.08,3.77,840.3,8.7,1589.0,34.059753,74.8125
JK-SGR,2022-10-02,17.5,23.2,11.7,62,91,1.2,1.2,8.8,285,18.04,3.45,843.0,9.5,1589.0,34.059753,74.8125
JK-SGR,2022-10-03,17.6,24.7,12.4,52,71,0.0,0.0,10.2,191,19.06,3.69,843.0,7.1,1589.0,34.059753,74.8125
JK-SGR,2022-10-04,18.1,25.6,10.0,46,66,0.0,0.0,7.5,186,19.6,3.86,844.5,5.7,1589.0,34.059753,74.8125
JK-SGR,2022-10-05,17.2,25.5,10.2,47,66,0.0,0.0,6.2,120,19.25,3.64,842.5,4.9,1589.0,34.059753,74.8125
JK-SGR,2022-10-06,17.2,25.1,9.7,45,66,0.0,0.0,11.7,277,18.95,3.97,842.4,4.2,1589.0,34.059753,74.8125
JK-SGR,2022-10-07,16.5,24.4,8.3,47,67,0.0,0.0,9.7,209,18.93,3.75,843.7,4.4,1589.0,34.059753,74.8125
JK-SGR,2022-10-08,16.5,25.2,10.0,45,66,0.0,0.0,6.0,119,19.3,3.63,843.5,3.7,1589.0,34.059753,74.8125
JK-SGR,2022-10-09,16.3,24.9,8.5,48,68,0.0,0.0,7.5,132,19.06,3.56,842.3,4.3,1589.0,34.059753,74.8125
JK-SGR,2022-10-10,15.1,22.7,10.5,66,95,0.4,0.4,19.4,100,15.23,3.01,843.9,8.1,1589.0,34.059753,74.8125
JK-SGR,2022-10-11,13.6,21.3,8.8,78,100,4.5,4.5,16.3,119,17.08,3.02,842.7,9.3,1589.0,34.059753,74.8125
JK-SGR,2022-10-12,13.4,20.2,7.8,77,100,3.4,3.4,8.1,294,15.39,2.65,844.1,9.0,1589.0,34.059753,74.8125
JK-SGR,2022-10-13,12.7,20.2,6.4,73,99,0.0,0.0,8.7,147,16.91,2.96,844.9,7.2,1589.0,34.059753,74.8125
JK-SGR,2022-10-14,12.9,21.4,5.7,60,83,0.0,0.0,6.3,114,18.02,3.1,844.6,4.4,1589.0,34.059753,74.8125
JK-SGR,2022-10-15,13.2,22.8,5.0,55,75,0.0,0.0,7.1,112,18.37,3.28,843.2,3.2,1589.0,34.059753,74.8125
JK-SGR,2022-10-16,13.9,24.0,5.6,51,78,0.0,0.0,9.7,115,18.12,3.36,844.7,2.9,1589.0,34.059753,74.8125
JK-SGR,2022-10-17,14.7,23.7,6.2,49,68,0.1,0.1,14.6,163,16.53,3.33,844.9,3.3,1589.0,34.059753,74.8125
JK-SGR,2022-10-18,13.0,19.0,8.5,66,88,0.9,0.9,20.0,151,12.81,2.5,844.8,6.2,1589.0,34.059753,74.8125
JK-SGR,2022-10-19,11.0,18.5,7.0,81,100,5.2,5.2,12.6,292,14.23,2.44,844.8,7.2,1589.0,34.059753,74.8125
JK-SGR,2022-10-20,7.0,11.7,3.3,88,100,18.5,18.5,11.8,291,10.07,1.42,846.3,5.0,1589.0,34.059753,74.8125
JK-SGR,2022-10-21,7.0,14.3,2.2,70,96,0.0,0.0,6.8,117,14.4,2.18,849.9,1.2,1589.0,34.059753,74.8125
JK-SGR,2022-10-22,7.6,15.9,0.7,50,71,0.0,0.0,7.4,143,17.22,2.76,848.8,-2.8,1589.0,34.059753,74.8125
JK-SGR,2022-10-23,8.3,17.2,0.4,51,76,0.0,0.0,10.9,232,17.16,2.9,847.1,-2.2,1589.0,34.059753,74.8125
JK-SGR,2022-10-24,9.1,18.2,1.4,53,74,0.0,0.0,10.0,223,16.79,2.88,843.2,-0.9,1589.0,34.059753,74.8125
JK-SGR,2022-10-25,10.0,18.9,2.5,58,80,0.0,0.0,8.7,229,16.45,2.77,840.9,1.1,1589.0,34.059753,74.8125
JK-SGR,2022-10-26,10.2,19.4,2.4,58,79,0.2,0.2,10.0,252,16.15,2.76,843.9,1.2,1589.0,34.059753,74.8125
JK-SGR,2022-10-27,9.6,19.1,2.2,61,85,0.0,0.0,10.8,162,15.61,2.73,844.2,1.5,1589.0,34.059753,74.8125
JK-SGR,2022-10-28,9.4,18.1,2.2,51,76,0.0,0.0,10.1,249,16.3,2.84,844.6,-1.1,1589.0,34.059753,74.8125
JK-SGR,2022-10-29,9.8,18.9,1.5,52,82,0.0,0.0,9.2,162,16.03,2.79,844.3,-0.7,1589.0,34.059753,74.8125
JK-SGR,2022-10-30,10.2,19.3,2.9,58,83,0.0,0.0,8.6,153,15.82,2.74,844.9,0.9,1589.0,34.059753,74.8125
JK-SGR,2022-10-31,8.8,16.2,2.6,70,91,3.0,3.0,12.6,281,11.46,1.92,844.6,3.0,1589.0,34.059753,74.8125
JK-SGR,2022-11-01,7.7,10.5,5.0,85,99,20.2,20.2,13.1,246,6.12,0.94,847.2,5.3,1589.0,34.059753,74.8125
JK-SGR,2022-11-02,7.7,15.2,1.1,72,95,0.0,0.0,8.3,167,14.28,2.18,846.7,2.2,1589.0,34.059753,74.8125
JK-SGR,2022-11-03,9.2,17.2,3.2,62,86,0.0,0.0,8.3,183,13.91,2.29,844.7,1.6,1589.0,34.059753,74.8125
JK-SGR,2022-11-04,10.0,18.1,3.1,62,83,0.0,0.0,8.4,235,13.32,2.29,845.2,2.5,1589.0,34.059753,74.8125
JK-SGR,2022-11-05,9.2,15.5,5.3,69,96,2.3,2.3,16.4,302,7.18,1.5,845.9,3.3,1589.0,34.059753,74.8125
JK-SGR,2022-11-06,7.7,10.9,5.6,91,100,37.3,37.3,15.1,301,9.0,1.19,847.9,6.2,1589.0,34.059753,74.8125
JK-SGR,2022-11-07,4.6,7.2,1.7,95,100,6.2,6.2,10.2,302,4.8,0.64,847.3,3.7,1589.0,34.059753,74.8125
JK-SGR,2022-11-08,4.2,10.5,0.0,84,96,0.9,0.9,10.9,221,11.48,1.51,847.8,1.4,1589.0,34.059753,74.8125
JK-SGR,2022-11-09,5.1,10.2,2.2,84,100,3.9,3.9,13.2,312,8.59,1.14,844.7,2.5,1589.0,34.059753,74.8125
JK-SGR,2022-11-10,4.5,10.6,0.5,83,100,9.2,4.9,6.7,57,13.61,1.75,846.5,1.6,1589.0,34.059753,74.8125
JK-SGR,2022-11-11,3.0,10.0,-2.8,63,84,0.0,0.0,9.7,351,14.02,1.85,845.9,-3.7,1589.0,34.059753,74.8125
JK-SGR,2022-11-12,3.1,11.1,-3.5,58,72,0.0,0.0,7.6,333,14.02,1.89,844.6,-4.8,1589.0,34.059753,74.8125
JK-SGR,2022-11-13,3.0,8.8,-3.2,63,99,0.8,0.8,16.9,285,9.17,1.42,843.9,-3.9,1589.0,34.059753,74.8125
JK-SGR,2022-11-14,0.7,1.6,-0.8,99,100,17.1,3.3,10.1,294,7.66,0.71,844.6,0.6,1589.0,34.059753,74.8125
JK-SGR,2022-11-15,2.0,6.0,-1.2,86,100,0.0,0.0,6.8,214,11.41,1.28,846.9,-0.3,1589.0,34.059753,74.8125
JK-SGR,2022-11-16,3.7,8.8,-1.0,68,83,0.0,0.0,6.5,347,12.22,1.52,842.9,-1.8,1589.0,34.059753,74.8125
JK-SGR,2022-11-17,2.1,9.9,-4.0,62,78,0.0,0.0,8.7,65,12.65,1.66,842.9,-4.6,1589.0,34.059753,74.8125
JK-SGR,2022-11-18,2.0,8.5,-3.5,62,81,0.0,0.0,9.7,196,12.99,1.59,843.9,-4.6,1589.0,34.059753,74.8125
JK-SGR,2022-11-19,1.7,4.2,-1.1,77,100,5.8,3.1,13.5,271,3.45,0.54,845.5,-2.2,1589.0,34.059753,74.8125
JK-SGR,2022-11-20,1.9,9.3,-2.5,80,95,0.0,0.0,7.1,126,13.04,1.57,844.7,-1.6,1589.0,34.059753,74.8125
JK-SGR,2022-11-21,0.9,8.7,-5.9,63,78,0.0,0.0,8.3,13,13.09,1.62,843.2,-5.6,1589.0,34.059753,74.8125
JK-SGR,2022-11-22,2.0,10.5,-3.6,56,72,0.0,0.0,5.8,47,13.02,1.72,843.3,-6.1,1589.0,34.059753,74.8125
JK-SGR,2022-11-23,1.4,9.7,-5.5,51,63,0.0,0.0,6.1,61,13.18,1.7,844.6,-7.9,1589.0,34.059753,74.8125
JK-SGR,2022-11-24,2.2,10.2,-4.5,48,68,0.0,0.0,8.9,121,13.02,1.83,844.5,-8.1,1589.0,34.059753,74.8125
JK-SGR,2022-11-25,3.9,10.1,-1.6,52,73,0.0,0.0,7.6,144,12.68,1.72,846.6,-5.4,1589.0,34.059753,74.8125
JK-SGR,2022-11-26,4.5,11.3,0.1,55,81,0.0,0.0,8.2,79,12.33,1.7,843.1,-4.0,1589.0,34.059753,74.8125
JK-SGR,2022-11-27,4.4,11.9,-1.0,56,73,0.0,0.0,6.5,106,12.5,1.7,840.6,-4.0,1589.0,34.059753,74.8125
JK-SGR,2022-11-28,3.4,11.4,-2.3,57,71,0.0,0.0,7.6,129,12.43,1.7,841.4,-4.7,1589.0,34.059753,74.8125
JK-SGR,2022-11-29,3.2,10.9,-2.5,57,74,0.0,0.0,7.5,130,12.25,1.62,843.2,-4.7,1589.0,34.059753,74.8125
JK-SGR,2022-11-30,4.4,11.2,-0.1,53,73,0.0,0.0,8.5,139,12.22,1.68,844.5,-4.8,1589.0,34.059753,74.8125
JK-SGR,2022-12-01,5.0,10.6,0.5,52,75,0.0,0.0,7.6,158,12.0,1.63,843.8,-4.2,1589.0,34.059753,74.8125
JK-SGR,2022-12-02,5.3,11.3,-0.9,54,81,0.0,0.0,6.6,60,10.94,1.5,840.9,-3.7,1589.0,34.059753,74.8125
JK-SGR,2022-12-03,4.1,12.1,-2.0,58,79,0.0,0.0,9.1,302,11.83,1.7,841.4,-4.0,1589.0,34.059753,74.8125
JK-SGR,2022-12-04,2.8,10.6,-3.4,61,80,0.0,0.0,8.0,56,11.73,1.55,842.7,-4.4,1589.0,34.059753,74.8125
JK-SGR,2022-12-05,3.4,10.3,-2.4,52,71,0.0,0.0,6.7,349,11.93,1.58,843.4,-5.8,1589.0,34.059753,74.8125
JK-SGR,2022-12-06,2.2,9.9,-2.7,59,75,0.0,0.0,7.3,103,11.19,1.5,842.5,-5.5,1589.0,34.059753,74.8125
JK-SGR,2022-12-07,2.7,8.7,-3.3,52,69,0.0,0.0,7.4,128,11.73,1.55,842.9,-6.3,1589.0,34.059753,74.8125
JK-SGR,2022-12-08,4.0,7.5,-1.0,53,93,2.8,2.8,8.2,336,7.06,1.14,842.5,-5.3,1589.0,34.059753,74.8125
JK-SGR,2022-12-09,1.3,4.1,-1.2,95,100,25.6,12.0,11.2,326,9.5,0.97,842.2,0.5,1589.0,34.059753,74.8125
JK-SGR,2022-12-10,0.8,6.2,-2.9,80,92,22.7,5.7,6.2,25,11.02,1.15,843.0,-2.3,1589.0,34.059753,74.8125
JK-SGR,2022-12-11,-0.7,7.3,-6.8,68,80,1.6,0.4,9.0,78,10.97,1.32,843.0,-5.9,1589.0,34.059753,74.8125
JK-SGR,2022-12-12,-1.5,5.5,-8.2,63,76,0.2,0.2,11.0,48,12.48,1.45,838.8,-7.9,1589.0,34.059753,74.8125
JK-SGR,2022-12-13,-0.0,8.8,-7.9,60,81,0.1,0.1,8.3,68,12.34,1.51,841.9,-7.1,1589.0,34.059753,74.8125
JK-SGR,2022-12-14,-0.9,6.2,-8.9,62,82,0.0,0.0,7.9,94,11.49,1.3,841.8,-7.5,1589.0,34.059753,74.8125
JK-SGR,2022-12-15,1.4,6.1,-2.3,45,67,0.0,0.0,9.7,120,12.21,1.45,842.7,-9.5,1589.0,34.059753,74.8125
JK-SGR,2022-12-16,1.5,5.9,-2.5,46,65,0.0,0.0,7.1,106,12.08,1.39,840.9,-9.0,1589.0,34.059753,74.8125
JK-SGR,2022-12-17,1.3,8.0,-5.6,50,69,0.0,0.0,8.6,103,11.93,1.41,842.0,-8.4,1589.0,34.059753,74.8125
JK-SGR,2022-12-18,0.9,8.6,-4.6,53,76,0.0,0.0,8.2,81,11.81,1.47,841.6,-8.0,1589.0,34.059753,74.8125
JK-SGR,2022-12-19,0.6,9.2,-6.2,57,77,0.0,0.0,7.3,60,11.69,1.47,839.1,-7.4,1589.0,34.059753,74.8125
JK-SGR,2022-12-20,-0.1,9.3,-7.0,54,70,0.0,0.0,7.9,50,11.75,1.51,837.8,-9.0,1589.0,34.059753,74.8125
JK-SGR,2022-12-21,-0.4,8.2,-6.8,54,73,0.0,0.0,7.0,85,11.73,1.43,839.8,-9.4,1589.0,34.059753,74.8125
JK-SGR,2022-12-22,-1.4,6.6,-8.0,47,64,0.0,0.0,6.2,73,11.79,1.39,840.0,-11.8,1589.0,34.059753,74.8125
JK-SGR,2022-12-23,-0.8,6.5,-7.1,45,74,0.0,0.0,7.1,44,10.22,1.26,837.2,-11.9,1589.0,34.059753,74.8125
JK-SGR,2022-12-24,-0.5,8.3,-6.5,51,70,0.0,0.0,6.9,85,11.6,1.46,839.5,-10.3,1589.0,34.059753,74.8125
JK-SGR,2022-12-25,-0.9,6.5,-7.6,48,65,0.0,0.0,9.0,267,10.22,1.32,841.5,-11.0,1589.0,34.059753,74.8125
JK-SGR,2022-12-26,0.5,7.0,-4.7,49,75,0.0,0.0,9.4,153,9.42,1.34,843.2,-9.5,1589.0,34.059753,74.8125
JK-SGR,2022-12-27,-0.8,8.1,-6.8,61,76,0.0,0.0,7.6,101,11.4,1.38,843.2,-7.7,1589.0,34.059753,74.8125
JK-SGR,2022-12-28,-0.7,8.0,-6.0,51,82,0.0,0.0,7.8,85,11.16,1.39,841.7,-10.3,1589.0,34.059753,74.8125
JK-SGR,2022-12-29,-0.4,3.9,-4.2,63,100,15.9,0.5,11.8,4,3.83,0.68,841.8,-7.4,1589.0,34.059753,74.8125
JK-SGR,2022-12-30,-1.7,1.2,-6.2,91,100,26.6,0.0,6.8,148,10.19,0.96,844.0,-2.9,1589.0,34.059753,74.8125
JK-SGR,2022-12-31,-4.6,-1.8,-8.2,77,100,0.0,0.0,7.1,128,11.07,0.89,844.7,-8.4,1589.0,34.059753,74.8125
JK-SGR,2023-01-01,-4.0,-0.6,-7.1,48,76,0.0,0.0,6.1,129,12.85,1.04,844.3,-13.9,1589.0,34.059753,74.8125
JK-SGR,2023-01-02,-5.0,-0.7,-9.9,41,60,0.0,0.0,8.6,116,12.96,1.14,843.5,-16.5,1589.0,34.059753,74.8125
JK-SGR,2023-01-03,-6.1,0.4,-12.2,53,67,0.0,0.0,9.0,109,12.87,1.2,844.2,-14.3,1589.0,34.059753,74.8125
JK-SGR,2023-01-04,-6.5,0.9,-15.0,47,69,0.0,0.0,8.1,102,13.15,1.33,846.7,-16.5,1589.0,34.059753,74.8125
JK-SGR,2023-01-05,-5.2,-1.3,-8.8,38,57,0.0,0.0,8.1,125,13.4,1.27,849.7,-17.7,1589.0,34.059753,74.8125
JK-SGR,2023-01-06,-5.8,-2.7,-8.8,48,73,0.0,0.0,9.5,150,9.95,0.92,850.0,-15.9,1589.0,34.059753,74.8125
JK-SGR,2023-01-07,-1.1,2.3,-3.9,53,75,0.7,0.0,6.9,161,10.59,1.17,848.4,-9.8,1589.0,34.059753,74.8125
JK-SGR,2023-01-08,-0.5,1.9,-3.4,85,100,6.6,2.7,9.3,270,6.54,0.71,846.9,-2.7,1589.0,34.059753,74.8125
JK-SGR,2023-01-09,0.1,2.6,-2.1,93,100,18.7,2.0,8.2,317,9.62,0.93,846.1,-1.0,1589.0,34.059753,74.8125
JK-SGR,2023-01-10,1.9,4.3,-0.6,71,79,0.0,0.0,6.6,140,12.42,1.26,845.0,-2.8,1589.0,34.059753,74.8125
JK-SGR,2023-01-11,0.1,2.3,-1.3,91,100,15.0,1.2,15.6,317,4.47,0.43,838.5,-1.4,1589.0,34.059753,74.8125
JK-SGR,2023-01-12,-1.0,1.3,-2.5,92,100,8.9,0.0,10.5,325,10.59,0.94,835.8,-2.2,1589.0,34.059753,74.8125
JK-SGR,2023-01-13,-2.0,1.0,-4.4,89,96,13.4,0.0,13.5,327,11.6,1.11,835.3,-3.5,1589.0,34.059753,74.8125
JK-SGR,2023-01-14,-3.5,-1.4,-6.0,81,93,1.8,0.0,6.3,114,12.86,1.1,839.8,-6.5,1589.0,34.059753,74.8125
JK-SGR,2023-01-15,-5.6,-1.9,-9.5,63,79,0.0,0.0,6.6,109,13.74,1.15,837.1,-11.8,1589.0,34.059753,74.8125
JK-SGR,2023-01-16,-5.9,-3.4,-9.1,54,73,0.0,0.0,6.6,131,13.86,1.08,839.3,-13.9,1589.0,34.059753,74.8125
JK-SGR,2023-01-17,-7.3,-5.4,-9.8,54,71,0.0,0.0,6.8,136,14.06,1.04,841.5,-15.1,1589.0,34.059753,74.8125
JK-SGR,2023-01-18,-8.2,-5.9,-12.8,55,76,0.0,0.0,9.7,143,12.98,0.94,844.3,-16.0,1589.0,34.059753,74.8125
JK-SGR,2023-01-19,-5.0,-2.8,-7.2,68,88,0.0,0.0,5.8,158,8.62,0.79,843.6,-10.1,1589.0,34.059753,74.8125
JK-SGR,2023-01-20,-3.2,-1.2,-5.7,93,100,9.7,0.0,6.1,122,9.79,0.86,841.4,-4.1,1589.0,34.059753,74.8125
JK-SGR,2023-01-21,-3.7,-2.0,-5.7,97,100,7.9,0.0,7.0,349,9.69,0.85,842.5,-4.1,1589.0,34.059753,74.8125
JK-SGR,2023-01-22,-3.4,-0.5,-5.5,92,100,7.3,0.0,8.1,357,11.15,1.0,840.4,-4.7,1589.0,34.059753,74.8125
JK-SGR,2023-01-23,-3.5,-1.8,-5.5,93,100,0.0,0.0,5.9,336,11.81,0.95,842.2,-4.6,1589.0,34.059753,74.8125
JK-SGR,2023-01-24,-3.8,-0.4,-7.6,85,92,2.0,0.0,7.3,29,12.12,1.09,839.0,-6.0,1589.0,34.059753,74.8125
JK-SGR,2023-01-25,-1.6,1.1,-3.9,88,100,4.8,0.1,9.3,348,12.2,1.11,838.8,-3.3,1589.0,34.059753,74.8125
JK-SGR,2023-01-26,-2.9,0.7,-7.1,80,89,0.0,0.0,5.9,84,13.83,1.26,843.0,-5.9,1589.0,34.059753,74.8125
JK-SGR,2023-01-27,-3.6,-0.3,-8.2,73,84,0.0,0.0,9.2,105,14.5,1.36,843.6,-7.8,1589.0,34.059753,74.8125
JK-SGR,2023-01-28,-1.3,0.6,-5.8,59,86,0.0,0.0,8.0,122,7.96,0.9,843.5,-8.6,1589.0,34.059753,74.8125
JK-SGR,2023-01-29,0.1,4.7,-4.4,71,90,1.9,1.8,7.3,29,10.32,1.18,839.1,-4.7,1589.0,34.059753,74.8125
JK-SGR,2023-01-30,-0.4,0.8,-2.1,97,100,42.7,2.6,11.2,309,7.79,0.76,841.6,-0.8,1589.0,34.059753,74.8125
JK-SGR,2023-01-31,-1.8,-0.5,-3.2,94,100,0.0,0.0,6.5,185,13.66,1.16,845.7,-2.6,1589.0,34.059753,74.8125
JK-SGR,2023-02-01,-2.2,-0.3,-4.0,73,84,0.0,0.0,7.6,177,14.85,1.3,846.6,-6.5,1589.0,34.059753,74.8125
JK-SGR,2023-02-02,-1.1,1.0,-3.5,70,82,0.0,0.0,7.7,175,11.76,1.24,845.4,-5.9,1589.0,34.059753,74.8125
JK-SGR,2023-02-03,0.0,2.9,-3.2,74,85,1.6,0.7,8.5,149,11.54,1.28,843.5,-4.1,1589.0,34.059753,74.8125
JK-SGR,2023-02-04,0.9,3.5,-2.7,80,92,6.9,0.7,7.0,124,15.21,1.52,842.1,-2.2,1589.0,34.059753,74.8125
JK-SGR,2023-02-05,-0.8,3.2,-5.2,82,92,0.0,0.0,6.4,102,13.77,1.32,839.5,-3.7,1589.0,34.059753,74.8125
JK-SGR,2023-02-06,-0.1,1.2,-1.7,92,100,11.7,0.4,13.3,305,12.83,1.12,839.6,-1.3,1589.0,34.059753,74.8125
JK-SGR,2023-02-07,-1.9,0.1,-5.1,90,99,0.0,0.0,5.9,156,14.04,1.26,840.8,-3.3,1589.0,34.059753,74.8125
JK-SGR,2023-02-08,-1.5,2.5,-5.0,76,92,1.5,0.0,8.5,151,13.5,1.27,841.6,-5.3,1589.0,34.059753,74.8125
JK-SGR,2023-02-09,-1.3,0.0,-3.8,88,100,14.6,0.2,13.2,343,6.26,0.66,839.1,-3.1,1589.0,34.059753,74.8125
JK-SGR,2023-02-10,1.7,7.0,-3.8,79,100,5.6,0.1,18.6,55,14.8,1.78,835.3,-1.7,1589.0,34.059753,74.8125
JK-SGR,2023-02-11,-1.3,0.4,-3.7,84,91,28.2,0.0,13.8,331,13.28,1.19,839.3,-3.7,1589.0,34.059753,74.8125
JK-SGR,2023-02-12,-1.5,2.1,-5.0,78,98,6.9,0.0,8.2,156,17.42,1.66,844.2,-5.0,1589.0,34.059753,74.8125
JK-SGR,2023-02-13,-4.0,-0.9,-8.1,72,85,0.0,0.0,10.2,180,17.11,1.46,844.3,-8.4,1589.0,34.059753,74.8125
JK-SGR,2023-02-14,-1.6,2.1,-5.8,68,77,0.0,0.0,7.9,148,17.11,1.67,844.1,-6.7,1589.0,34.059753,74.8125
JK-SGR,2023-02-15,2.0,4.2,-3.0,64,75,0.0,0.0,7.5,187,17.03,1.83,844.0,-4.2,1589.0,34.059753,74.8125
JK-SGR,2023-02-16,2.9,5.2,-0.8,67,83,0.0,0.0,8.0,184,15.75,1.76,845.4,-2.7,1589.0,34.059753,74.8125
JK-SGR,2023-02-17,3.0,5.1,-1.9,68,90,0.0,0.0,9.4,135,15.49,1.78,846.2,-2.5,1589.0,34.059753,74.8125
JK-SGR,2023-02-18,3.6,7.8,-1.4,66,82,0.0,0.0,7.6,121,14.21,1.64,844.6,-2.4,1589.0,34.059753,74.8125
JK-SGR,2023-02-19,5.2,7.7,2.7,61,84,2.6,2.6,7.9,40,12.34,1.66,842.3,-2.0,1589.0,34.059753,74.8125
JK-SGR,2023-02-20,3.7,8.2,-0.1,80,100,9.8,9.2,13.5,331,12.56,1.49,840.0,0.3,1589.0,34.059753,74.8125
JK-SGR,2023-02-21,1.3,5.4,-1.1,89,100,2.7,2.4,8.8,162,16.69,1.77,843.4,-0.5,1589.0,34.059753,74.8125
JK-SGR,2023-02-22,2.9,7.8,-3.7,69,93,0.0,0.0,9.3,155,18.32,2.04,843.2,-2.6,1589.0,34.059753,74.8125
JK-SGR,2023-02-23,4.1,9.4,-3.3,47,72,0.0,0.0,8.0,79,19.32,2.52,844.0,-6.3,1589.0,34.059753,74.8125
JK-SGR,2023-02-24,3.8,9.2,-1.1,49,72,0.0,0.0,7.7,151,19.47,2.35,844.6,-6.1,1589.0,34.059753,74.8125
JK-SGR,2023-02-25,4.4,7.9,-1.1,47,68,0.0,0.0,9.7,261,19.54,2.41,845.7,-6.1,1589.0,34.059753,74.8125
JK-SGR,2023-02-26,4.2,7.6,1.2,67,82,12.1,4.5,11.3,267,15.92,1.91,847.5,-1.5,1589.0,34.059753,74.8125
JK-SGR,2023-02-27,4.2,9.8,0.6,69,80,2.1,1.5,9.1,247,19.52,2.27,847.2,-1.1,1589.0,34.059753,74.8125
JK-SGR,2023-02-28,2.5,5.3,-1.5,78,95,3.0,1.3,7.9,199,10.07,1.27,846.6,-0.9,1589.0,34.059753,74.8125
JK-SGR,2023-03-01,2.5,4.6,0.5,90,97,19.0,5.3,7.3,272,14.71,1.59,848.4,0.9,1589.0,34.059753,74.8125
JK-SGR,2023-03-02,2.4,4.4,0.6,94,100,23.9,20.2,7.7,308,12.95,1.46,848.4,1.5,1589.0,34.059753,74.8125
JK-SGR,2023-03-03,4.8,10.1,-0.2,79,99,4.8,2.4,6.7,226,19.03,2.4,849.3,1.2,1589.0,34.059753,74.8125
JK-SGR,2023-03-04,5.5,11.7,2.1,70,90,0.0,0.0,12.4,144,16.98,2.3,848.0,0.4,1589.0,34.059753,74.8125
JK-SGR,2023-03-05,4.9,10.6,1.3,80,100,0.0,0.0,11.6,134,17.31,2.24,848.5,1.5,1589.0,34.059753,74.8125
JK-SGR,2023-03-06,5.5,11.1,-1.1,62,79,0.0,0.0,8.0,130,20.5,2.62,846.1,-1.3,1589.0,34.059753,74.8125
JK-SGR,2023-03-07,4.8,12.6,-2.7,56,70,0.0,0.0,8.0,63,20.99,2.86,844.6,-3.5,1589.0,34.059753,74.8125
JK-SGR,2023-03-08,6.0,13.6,-0.2,43,58,0.0,0.0,8.7,57,21.37,3.15,845.7,-6.0,1589.0,34.059753,74.8125
JK-SGR,2023-03-09,5.5,13.7,-2.9,43,65,0.0,0.0,7.9,79,21.62,3.24,845.6,-6.8,1589.0,34.059753,74.8125
JK-SGR,2023-03-10,6.2,13.7,-3.1,42,69,0.0,0.0,7.6,61,21.51,3.08,845.1,-6.2,1589.0,34.059753,74.8125
JK-SGR,2023-03-11,7.4,14.1,-0.2,39,58,0.0,0.0,8.0,70,21.91,3.32,845.4,-5.9,1589.0,34.059753,74.8125
JK-SGR,2023-03-12,6.8,13.6,-1.9,53,66,0.2,0.2,9.1,316,21.0,2.94,845.6,-2.3,1589.0,34.059753,74.8125
JK-SGR,2023-03-13,7.5,14.2,3.4,63,76,0.0,0.0,9.1,88,20.88,2.9,845.1,0.8,1589.0,34.059753,74.8125
JK-SGR,2023-03-14,6.0,15.3,-2.5,63,84,0.0,0.0,6.5,66,21.4,3.11,841.1,-0.9,1589.0,34.059753,74.8125
JK-SGR,2023-03-15,6.8,16.1,-1.0,59,80,0.0,0.0,6.0,33,21.08,3.25,839.5,-1.1,1589.0,34.059753,74.8125
JK-SGR,2023-03-16,8.0,15.6,0.4,65,92,2.6,2.6,7.6,17,15.79,2.57,841.2,1.2,1589.0,34.059753,74.8125
JK-SGR,2023-03-17,6.7,10.0,4.5,87,97,6.8,6.8,11.6,332,7.6,1.15,842.9,4.6,1589.0,34.059753,74.8125
JK-SGR,2023-03-18,7.4,11.4,4.8,84,98,14.7,14.7,7.6,326,14.26,2.03,841.7,4.7,1589.0,34.059753,74.8125
JK-SGR,2023-03-19,7.2,12.3,1.9,85,97,8.9,8.9,7.8,329,13.95,2.01,839.9,4.6,1589.0,34.059753,74.8125
JK-SGR,2023-03-20,7.2,13.7,2.5,80,100,7.0,5.8,8.7,279,19.99,2.84,838.6,3.6,1589.0,34.059753,74.8125
JK-SGR,2023-03-21,7.2,14.8,1.0,72,90,0.0,0.0,8.3,57,19.05,2.89,836.9,2.1,1589.0,34.059753,74.8125
JK-SGR,2023-03-22,8.2,16.2,1.8,65,88,1.3,1.3,6.1,56,21.73,3.35,838.7,1.5,1589.0,34.059753,74.8125
JK-SGR,2023-03-23,7.4,15.9,0.7,66,86,0.1,0.1,9.3,347,18.5,2.97,838.0,1.1,1589.0,34.059753,74.8125
JK-SGR,2023-03-24,8.0,16.0,1.8,69,96,4.9,4.9,10.2,341,15.63,2.55,838.7,2.1,1589.0,34.059753,74.8125
JK-SGR,2023-03-25,4.4,8.7,1.8,93,100,41.2,35.4,10.8,294,7.35,0.95,841.9,3.3,1589.0,34.059753,74.8125
JK-SGR,2023-03-26,7.1,14.1,2.4,78,98,0.0,0.0,6.9,62,19.17,2.88,842.2,3.0,1589.0,34.059753,74.8125
JK-SGR,2023-03-27,7.1,15.5,0.0,69,92,0.0,0.0,7.1,336,22.71,3.4,840.1,1.2,1589.0,34.059753,74.8125
JK-SGR,2023-03-28,7.9,16.5,0.2,67,90,0.0,0.0,7.6,19,20.82,3.29,840.0,1.5,1589.0,34.059753,74.8125
JK-SGR,2023-03-29,9.3,17.3,1.3,66,89,0.1,0.1,11.9,337,20.63,3.45,841.8,2.6,1589.0,34.059753,74.8125
JK-SGR,2023-03-30,9.1,15.3,2.6,68,85,0.0,0.0,7.4,29,14.19,2.41,840.5,3.0,1589.0,34.059753,74.8125
JK-SGR,2023-03-31,9.1,13.9,3.2,71,92,1.2,1.2,8.1,130,8.85,1.66,837.5,4.0,1589.0,34.059753,74.8125
JK-SGR,2023-04-01,7.9,10.2,4.4,90,97,20.7,20.7,12.0,305,7.74,1.2,838.6,6.3,1589.0,34.059753,74.8125
JK-SGR,2023-04-02,8.4,15.8,2.5,81,100,3.0,3.0,10.7,271,18.37,2.83,839.0,4.9,1589.0,34.059753,74.8125
JK-SGR,2023-04-03,8.4,13.9,4.0,86,96,15.6,15.6,9.5,296,12.65,2.02,838.0,6.0,1589.0,34.059753,74.8125
JK-SGR,2023-04-04,7.2,12.7,4.5,89,100,20.5,18.7,14.7,310,17.0,2.26,841.0,5.4,1589.0,34.059753,74.8125
JK-SGR,2023-04-05,7.7,14.9,0.6,78,100,1.0,1.0,14.0,242,21.69,3.28,842.4,3.7,1589.0,34.059753,74.8125
JK-SGR,2023-04-06,6.6,12.6,2.4,82,100,19.9,11.9,10.4,270,20.3,2.72,844.5,3.5,1589.0,34.059753,74.8125
JK-SGR,2023-04-07,7.6,16.2,-1.5,68,93,0.0,0.0,8.3,240,24.63,3.72,845.9,1.5,1589.0,34.059753,74.8125
JK-SGR,2023-04-08,9.6,19.1,1.0,61,87,0.0,0.0,9.4,248,24.98,4.13,845.9,1.6,1589.0,34.059753,74.8125
JK-SGR,2023-04-09,10.7,20.4,1.6,57,81,0.0,0.0,8.9,196,24.52,4.23,845.8,1.5,1589.0,34.059753,74.8125
JK-SGR,2023-04-10,10.6,20.7,2.0,59,82,0.0,0.0,10.8,130,25.14,4.34,844.2,2.4,1589.0,34.059753,74.8125
JK-SGR,2023-04-11,11.3,21.1,3.3,61,81,0.0,0.0,10.1,167,23.24,4.09,844.5,3.3,1589.0,34.059753,74.8125
JK-SGR,2023-04-12,12.2,21.7,3.7,60,84,0.0,0.0,11.7,184,24.78,4.37,844.7,4.0,1589.0,34.059753,74.8125
JK-SGR,2023-04-13,13.0,23.1,4.1,54,76,0.0,0.0,9.4,119,25.55,4.74,843.7,3.1,1589.0,34.059753,74.8125
JK-SGR,2023-04-14,13.9,23.5,4.6,48,70,0.0,0.0,8.9,114,25.7,4.87,843.5,2.2,1589.0,34.059753,74.8125
JK-SGR,2023-04-15,13.9,23.5,5.5,63,84,0.1,0.1,18.9,172,24.02,4.49,844.2,6.2,1589.0,34.059753,74.8125
JK-SGR,2023-04-16,11.2,14.1,7.4,82,96,5.6,5.6,16.8,292,10.07,1.68,845.7,8.1,1589.0,34.059753,74.8125
JK-SGR,2023-04-17,12.3,20.4,6.8,83,98,10.0,10.0,11.4,277,22.06,3.66,845.6,9.0,1589.0,34.059753,74.8125
JK-SGR,2023-04-18,9.2,10.4,6.3,96,100,32.9,32.9,16.9,294,5.65,0.82,844.0,8.5,1589.0,34.059753,74.8125
JK-SGR,2023-04-19,8.9,12.4,6.0,92,98,30.1,30.1,14.2,299,9.66,1.45,839.9,7.7,1589.0,34.059753,74.8125
JK-SGR,2023-04-20,8.6,15.3,4.6,88,100,10.2,10.2,18.4,300,17.86,2.51,836.8,6.5,1589.0,34.059753,74.8125
JK-SGR,2023-04-21,7.3,12.6,2.5,89,100,36.7,34.1,10.2,322,19.57,2.73,838.7,5.4,1589.0,34.059753,74.8125
JK-SGR,2023-04-22,7.9,14.3,3.1,82,99,4.8,4.8,11.8,180,18.05,2.65,840.1,4.6,1589.0,34.059753,74.8125
JK-SGR,2023-04-23,11.7,20.1,4.5,55,78,0.0,0.0,6.5,86,26.61,4.52,841.0,2.5,1589.0,34.059753,74.8125
JK-SGR,2023-04-24,12.2,21.5,2.6,51,72,0.0,0.0,6.6,144,26.92,4.77,841.8,1.7,1589.0,34.059753,74.8125
JK-SGR,2023-04-25,13.2,21.9,4.2,55,81,0.0,0.0,14.9,267,24.0,4.43,843.2,3.9,1589.0,34.059753,74.8125
JK-SGR,2023-04-26,11.0,18.6,4.8,77,96,11.1,11.1,13.4,231,17.96,3.02,842.0,6.8,1589.0,34.059753,74.8125
JK-SGR,2023-04-27,11.2,17.4,5.8,79,99,5.6,5.6,16.6,279,21.28,3.43,844.1,7.5,1589.0,34.059753,74.8125
JK-SGR,2023-04-28,10.1,15.3,5.7,82,97,7.1,7.1,11.8,250,17.02,2.61,844.9,7.0,1589.0,34.059753,74.8125
JK-SGR,2023-04-29,11.8,19.9,4.7,72,93,0.0,0.0,9.7,232,26.39,4.26,842.1,6.5,1589.0,34.059753,74.8125
JK-SGR,2023-04-30,13.2,21.2,5.5,67,87,0.0,0.0,7.7,152,24.98,4.39,838.5,6.4,1589.0,34.059753,74.8125
JK-SGR,2023-05-01,13.4,19.6,6.7,73,90,0.2,0.2,9.2,48,17.67,3.19,837.6,8.4,1589.0,34.059753,74.8125
JK-SGR,2023-05-02,11.5,14.5,9.3,92,99,14.6,14.6,7.3,280,10.0,1.65,840.2,10.3,1589.0,34.059753,74.8125
JK-SGR,2023-05-03,11.9,16.5,7.7,82,96,6.4,6.4,9.0,128,19.93,3.26,841.6,8.7,1589.0,34.059753,74.8125
JK-SGR,2023-05-04,11.2,17.0,5.3,79,99,1.9,1.9,15.5,279,19.05,3.15,842.1,7.3,1589.0,34.059753,74.8125
JK-SGR,2023-05-05,12.7,17.8,6.8,79,100,7.6,7.6,14.8,236,22.21,3.6,842.1,8.7,1589.0,34.059753,74.8125
JK-SGR,2023-05-06,10.7,16.7,6.8,81,92,3.8,3.8,25.6,277,15.45,2.46,840.6,7.5,1589.0,34.059753,74.8125
JK-SGR,2023-05-07,9.7,14.6,6.2,86,100,28.7,28.7,21.0,293,19.5,2.84,840.7,7.3,1589.0,34.059753,74.8125
JK-SGR,2023-05-08,8.5,12.8,5.5,86,98,39.9,39.9,14.8,279,18.11,2.47,840.8,6.2,1589.0,34.059753,74.8125
JK-SGR,2023-05-09,10.1,17.6,3.6,74,97,6.0,6.0,9.0,213,26.16,4.16,843.6,5.1,1589.0,34.059753,74.8125
JK-SGR,2023-05-10,12.5,21.1,4.1,56,75,0.0,0.0,9.8,111,27.99,4.95,842.4,3.3,1589.0,34.059753,74.8125
JK-SGR,2023-05-11,13.3,22.4,4.2,50,69,0.0,0.0,9.0,123,28.35,5.18,843.6,2.5,1589.0,34.059753,74.8125
JK-SGR,2023-05-12,14.7,22.9,5.3,55,73,0.0,0.0,10.5,217,27.57,5.03,842.8,5.2,1589.0,34.059753,74.8125
JK-SGR,2023-05-13,14.1,21.9,6.7,66,86,0.0,0.0,16.1,122,20.1,3.83,843.4,7.4,1589.0,34.059753,74.8125
JK-SGR,2023-05-14,13.0,18.1,7.9,82,98,4.4,4.4,10.5,214,20.79,3.41,842.3,9.9,1589.0,34.059753,74.8125
JK-SGR,2023-05-15,14.3,21.7,7.0,74,91,0.0,0.0,9.4,212,24.97,4.28,841.0,9.4,1589.0,34.059753,74.8125
JK-SGR,2023-05-16,15.2,22.6,7.4,65,87,0.0,0.0,10.9,169,23.61,4.34,841.3,8.3,1589.0,34.059753,74.8125
JK-SGR,2023-05-17,15.8,23.3,8.2,68,88,0.0,0.0,9.1,132,23.44,4.41,841.9,9.4,1589.0,34.059753,74.8125
JK-SGR,2023-05-18,13.9,17.4,9.5,77,92,2.6,2.6,10.8,282,15.14,2.64,845.3,9.9,1589.0,34.059753,74.8125
JK-SGR,2023-05-19,14.3,22.1,7.8,74,97,0.4,0.4,8.8,173,25.38,4.44,843.0,9.3,1589.0,34.059753,74.8125
JK-SGR,2023-05-20,16.0,24.4,7.5,62,84,0.0,0.0,7.4,152,27.46,5.07,841.6,8.1,1589.0,34.059753,74.8125
JK-SGR,2023-05-21,17.2,26.4,7.9,56,73,0.0,0.0,7.5,165,27.73,5.37,842.6,7.6,1589.0,34.059753,74.8125
JK-SGR,2023-05-22,18.2,27.2,9.2,57,83,0.0,0.0,10.6,200,26.58,5.25,843.5,9.0,1589.0,34.059753,74.8125
JK-SGR,2023-05-23,15.0,19.4,11.2,78,94,14.2,14.2,12.8,271,13.0,2.44,844.6,11.2,1589.0,34.059753,74.8125
JK-SGR,2023-05-24,13.7,17.6,11.4,89,97,17.5,17.5,16.0,274,14.62,2.44,841.4,11.9,1589.0,34.059753,74.8125
JK-SGR,2023-05-25,13.7,19.3,10.0,86,98,8.6,8.6,13.4,246,19.01,3.25,840.2,11.1,1589.0,34.059753,74.8125
JK-SGR,2023-05-26,12.3,17.0,9.4,90,100,17.1,17.1,15.4,292,17.63,2.76,840.4,10.6,1589.0,34.059753,74.8125
JK-SGR,2023-05-27,13.1,19.7,7.3,79,100,1.1,1.1,14.3,253,26.46,4.35,841.3,9.2,1589.0,34.059753,74.8125
JK-SGR,2023-05-28,15.9,22.0,8.9,66,89,0.0,0.0,8.1,231,27.29,4.86,842.4,9.2,1589.0,34.059753,74.8125
JK-SGR,2023-05-29,15.5,24.1,8.7,76,99,11.3,11.3,9.2,278,22.17,4.21,843.5,10.6,1589.0,34.059753,74.8125
JK-SGR,2023-05-30,13.1,16.4,9.7,90,98,5.0,5.0,10.2,150,10.31,1.78,843.9,11.3,1589.0,34.059753,74.8125
JK-SGR,2023-05-31,12.1,14.3,10.1,92,97,12.8,12.8,13.2,315,6.92,1.22,840.9,10.8,1589.0,34.059753,74.8125
JK-SGR,2023-06-01,12.4,14.5,9.9,90,99,8.8,8.8,11.9,287,9.51,1.6,840.3,10.8,1589.0,34.059753,74.8125
JK-SGR,2023-06-02,14.2,20.9,7.6,80,97,1.1,1.1,9.8,216,21.85,3.89,840.0,10.4,1589.0,34.059753,74.8125
JK-SGR,2023-06-03,15.3,21.9,8.3,76,100,0.1,0.1,9.4,234,25.52,4.5,841.7,10.7,1589.0,34.059753,74.8125
JK-SGR,2023-06-04,15.7,22.7,7.5,73,92,0.0,0.0,9.0,104,24.6,4.5,842.4,10.5,1589.0,34.059753,74.8125
JK-SGR,2023-06-05,16.1,22.8,9.0,73,93,5.8,5.8,11.0,178,23.91,4.46,841.3,10.9,1589.0,34.059753,74.8125
JK-SGR,2023-06-06,16.2,21.6,11.0,78,93,0.6,0.6,8.3,192,23.12,4.18,841.2,12.1,1589.0,34.059753,74.8125
JK-SGR,2023-06-07,16.5,22.2,9.7,72,93,0.2,0.2,8.4,154,21.49,4.04,840.8,11.2,1589.0,34.059753,74.8125
JK-SGR,2023-06-08,17.7,24.8,11.0,67,88,0.0,0.0,9.9,116,25.23,4.9,840.7,11.1,1589.0,34.059753,74.8125
JK-SGR,2023-06-09,19.2,27.0,11.0,63,82,0.0,0.0,12.8,112,25.95,5.3,838.2,11.7,1589.0,34.059753,74.8125
JK-SGR,2023-06-10,20.0,27.1,12.2,65,89,0.0,0.0,8.2,120,24.67,5.02,837.2,12.7,1589.0,34.059753,74.8125
JK-SGR,2023-06-11,19.7,26.4,13.6,68,88,0.0,0.0,9.8,128,22.87,4.71,837.3,13.2,1589.0,34.059753,74.8125
JK-SGR,2023-06-12,19.9,26.9,11.7,67,89,0.0,0.0,9.5,167,23.72,4.76,837.4,13.0,1589.0,34.059753,74.8125
JK-SGR,2023-06-13,19.9,26.1,12.9,69,91,0.6,0.6,8.4,309,23.84,4.7,838.2,13.6,1589.0,34.059753,74.8125
JK-SGR,2023-06-14,19.6,25.0,13.9,70,92,0.0,0.0,14.6,267,23.16,4.58,838.9,13.7,1589.0,34.059753,74.8125
JK-SGR,2023-06-15,19.9,25.4,13.6,67,90,0.0,0.0,11.0,298,23.21,4.56,838.7,13.2,1589.0,34.059753,74.8125
JK-SGR,2023-06-16,19.9,26.3,12.5,69,95,0.0,0.0,13.0,115,25.08,5.01,838.2,13.4,1589.0,34.059753,74.8125
JK-SGR,2023-06-17,20.4,27.4,13.2,67,85,0.2,0.2,14.9,102,24.3,4.94,839.5,13.8,1589.0,34.059753,74.8125
JK-SGR,2023-06-18,21.2,29.1,13.4,67,86,0.0,0.0,9.5,144,26.4,5.39,839.2,14.2,1589.0,34.059753,74.8125
JK-SGR,2023-06-19,22.5,30.5,14.4,62,84,0.0,0.0,7.3,128,26.51,5.5,838.3,14.2,1589.0,34.059753,74.8125
JK-SGR,2023-06-20,23.1,31.5,14.7,58,82,0.0,0.0,7.2,154,27.32,5.81,837.5,13.7,1589.0,34.059753,74.8125
JK-SGR,2023-06-21,24.1,32.7,15.2,58,80,0.0,0.0,6.5,138,27.43,5.97,838.0,14.5,1589.0,34.059753,74.8125
JK-SGR,2023-06-22,24.9,33.4,16.3,58,83,0.0,0.0,10.4,152,27.45,6.15,838.4,15.3,1589.0,34.059753,74.8125
JK-SGR,2023-06-23,26.3,33.5,17.6,56,75,0.0,0.0,9.4,171,27.19,6.21,838.4,16.1,1589.0,34.059753,74.8125
JK-SGR,2023-06-24,25.2,31.6,18.8,66,84,0.8,0.8,12.8,168,22.09,4.99,837.9,17.9,1589.0,34.059753,74.8125
JK-SGR,2023-06-25,24.3,30.8,18.5,69,87,2.5,2.5,11.3,156,23.11,5.05,837.9,17.8,1589.0,34.059753,74.8125
JK-SGR,2023-06-26,21.2,24.9,17.8,80,98,20.7,20.7,10.1,215,14.97,3.07,839.6,17.5,1589.0,34.059753,74.8125
JK-SGR,2023-06-27,21.5,27.4,17.4,78,97,1.8,1.8,9.8,254,23.79,4.8,839.4,17.1,1589.0,34.059753,74.8125
JK-SGR,2023-06-28,21.3,27.4,16.4,75,96,0.1,0.1,7.8,155,23.51,4.76,840.3,16.4,1589.0,34.059753,74.8125
JK-SGR,2023-06-29,21.2,27.4,16.5,78,100,24.5,24.5,7.9,165,25.01,4.99,838.9,16.7,1589.0,34.059753,74.8125
JK-SGR,2023-06-30,20.4,27.0,15.9,77,96,3.9,3.9,8.5,202,24.02,4.78,837.7,15.8,1589.0,34.059753,74.8125
JK-SGR,2023-07-01,21.5,28.5,15.1,70,94,5.8,5.8,6.7,155,26.86,5.47,837.8,15.1,1589.0,34.059753,74.8125
JK-SGR,2023-07-02,22.5,29.7,15.0,66,88,0.0,0.0,9.2,134,26.67,5.59,837.9,15.3,1589.0,34.059753,74.8125
JK-SGR,2023-07-03,23.1,29.7,16.5,70,89,1.9,1.9,11.8,155,24.32,5.2,838.0,16.8,1589.0,34.059753,74.8125
JK-SGR,2023-07-04,22.5,28.0,17.2,73,95,14.3,14.3,12.1,128,23.19,4.83,837.0,17.2,1589.0,34.059753,74.8125
JK-SGR,2023-07-05,19.5,24.1,15.7,83,100,4.6,4.6,8.6,245,13.28,2.73,837.2,16.2,1589.0,34.059753,74.8125
JK-SGR,2023-07-06,20.3,26.7,14.5,77,96,1.3,1.3,7.3,170,24.87,4.86,839.0,15.6,1589.0,34.059753,74.8125
JK-SGR,2023-07-07,16.7,19.5,14.4,89,100,21.2,21.2,12.3,296,10.65,1.92,840.1,14.8,1589.0,34.059753,74.8125
JK-SGR,2023-07-08,16.5,19.9,13.4,91,100,21.9,21.9,10.0,304,13.39,2.46,841.1,14.9,1589.0,34.059753,74.8125
JK-SGR,2023-07-09,19.3,25.2,14.2,79,97,0.8,0.8,8.4,167,23.55,4.51,838.7,15.3,1589.0,34.059753,74.8125
JK-SGR,2023-07-10,20.4,27.2,14.0,75,96,0.0,0.0,16.3,174,25.08,4.97,839.0,15.4,1589.0,34.059753,74.8125
JK-SGR,2023-07-11,21.3,28.2,16.0,72,90,0.0,0.0,9.6,152,27.21,5.47,839.2,15.5,1589.0,34.059753,74.8125
JK-SGR,2023-07-12,22.2,29.2,15.1,70,90,0.0,0.0,7.4,108,26.44,5.4,837.8,15.9,1589.0,34.059753,74.8125
JK-SGR,2023-07-13,22.6,29.1,17.0,62,84,0.0,0.0,12.1,111,26.03,5.51,837.8,14.5,1589.0,34.059753,74.8125
JK-SGR,2023-07-14,23.9,31.1,18.0,61,83,0.0,0.0,7.9,113,25.3,5.37,838.6,15.5,1589.0,34.059753,74.8125
JK-SGR,2023-07-15,23.9,29.7,18.2,70,87,0.1,0.1,12.3,106,22.68,4.76,838.4,17.7,1589.0,34.059753,74.8125
JK-SGR,2023-07-16,21.7,27.3,18.4,83,97,25.1,25.1,9.5,147,18.87,3.8,839.3,18.6,1589.0,34.059753,74.8125
JK-SGR,2023-07-17,23.0,29.3,17.4,79,100,1.0,1.0,8.9,151,24.81,5.08,838.9,18.6,1589.0,34.059753,74.8125
JK-SGR,2023-07-18,24.1,30.7,18.0,75,97,0.0,0.0,7.6,117,23.56,4.97,837.3,18.8,1589.0,34.059753,74.8125
JK-SGR,2023-07-19,21.5,24.0,20.0,88,96,11.7,11.7,6.9,155,6.81,1.54,838.4,19.3,1589.0,34.059753,74.8125
JK-SGR,2023-07-20,22.3,28.1,17.2,80,99,0.0,0.0,10.3,185,21.69,4.47,839.3,18.4,1589.0,34.059753,74.8125
JK-SGR,2023-07-21,22.8,27.7,18.5,83,97,9.3,9.3,8.9,280,21.57,4.35,840.7,19.6,1589.0,34.059753,74.8125
JK-SGR,2023-07-22,20.9,26.5,17.9,90,100,30.6,30.6,12.8,284,15.7,3.18,842.6,19.1,1589.0,34.059753,74.8125
JK-SGR,2023-07-23,21.0,26.0,18.0,84,100,14.5,14.5,7.6,263,18.49,3.61,843.4,18.1,1589.0,34.059753,74.8125
JK-SGR,2023-07-24,21.7,27.6,16.6,80,100,13.3,13.3,6.3,199,23.73,4.76,840.7,17.6,1589.0,34.059753,74.8125
JK-SGR,2023-07-25,21.7,26.7,17.0,81,95,0.3,0.3,7.6,124,17.81,3.64,840.2,18.1,1589.0,34.059753,74.8125
JK-SGR,2023-07-26,22.6,28.5,16.6,78,96,0.1,0.1,7.9,116,23.09,4.74,839.9,18.3,1589.0,34.059753,74.8125
JK-SGR,2023-07-27,22.8,27.8,18.3,79,95,3.0,3.0,9.5,99,23.16,4.66,839.7,18.6,1589.0,34.059753,74.8125
JK-SGR,2023-07-28,20.6,25.5,17.1,85,100,26.3,26.3,14.2,275,20.23,3.89,837.8,17.8,1589.0,34.059753,74.8125
JK-SGR,2023-07-29,19.3,24.4,15.7,86,99,17.2,17.2,11.2,273,18.73,3.55,837.7,16.8,1589.0,34.059753,74.8125
JK-SGR,2023-07-30,20.7,27.6,13.9,80,100,0.0,0.0,7.3,165,25.64,5.01,837.1,16.6,1589.0,34.059753,74.8125
JK-SGR,2023-07-31,22.1,28.8,15.9,74,92,0.0,0.0,10.0,138,24.74,4.97,836.2,16.8,1589.0,34.059753,74.8125
JK-SGR,2023-08-01,22.8,29.8,16.4,73,93,0.0,0.0,7.8,124,25.44,5.19,835.4,17.3,1589.0,34.059753,74.8125
JK-SGR,2023-08-02,23.5,29.8,17.5,75,94,0.2,0.2,8.3,125,23.25,4.85,835.8,18.3,1589.0,34.059753,74.8125
JK-SGR,2023-08-03,22.9,29.0,17.9,77,94,0.0,0.0,7.6,177,24.4,4.96,836.6,18.2,1589.0,34.059753,74.8125
JK-SGR,2023-08-04,23.5,30.1,18.0,76,96,4.2,4.2,11.8,159,24.05,5.05,838.0,18.5,1589.0,34.059753,74.8125
JK-SGR,2023-08-05,23.5,29.0,18.4,78,96,0.1,0.1,6.9,132,22.11,4.57,839.5,19.1,1589.0,34.059753,74.8125
JK-SGR,2023-08-06,22.5,28.7,17.9,81,99,20.2,20.2,14.1,169,22.41,4.55,836.9,18.8,1589.0,34.059753,74.8125
JK-SGR,2023-08-07,21.6,27.5,17.0,79,100,3.2,3.2,10.8,237,22.86,4.5,835.2,17.5,1589.0,34.059753,74.8125
JK-SGR,2023-08-08,22.1,29.7,14.9,72,100,0.0,0.0,8.2,127,24.99,5.15,835.3,16.1,1589.0,34.059753,74.8125
JK-SGR,2023-08-09,23.2,30.3,16.1,69,93,0.0,0.0,7.0,130,25.07,5.22,838.1,16.6,1589.0,34.059753,74.8125
JK-SGR,2023-08-10,24.1,30.4,17.8,70,89,0.0,0.0,8.6,152,23.2,4.95,839.5,17.7,1589.0,34.059753,74.8125
JK-SGR,2023-08-11,23.7,31.1,18.0,73,95,0.0,0.0,15.5,160,24.33,5.25,839.8,17.9,1589.0,34.059753,74.8125
JK-SGR,2023-08-12,24.4,32.0,17.5,71,98,0.0,0.0,8.2,147,24.19,5.12,837.7,17.9,1589.0,34.059753,74.8125
JK-SGR,2023-08-13,25.2,32.1,18.5,66,89,0.4,0.4,7.4,124,23.17,4.94,835.6,17.8,1589.0,34.059753,74.8125
JK-SGR,2023-08-14,23.5,29.7,18.4,73,97,3.8,3.8,17.7,150,20.45,4.45,838.9,17.7,1589.0,34.059753,74.8125
JK-SGR,2023-08-15,22.8,30.0,16.8,71,99,0.2,0.2,9.0,165,24.55,5.08,840.5,16.5,1589.0,34.059753,74.8125
JK-SGR,2023-08-16,23.4,30.3,17.0,67,92,0.0,0.0,9.8,169,23.15,4.94,840.1,16.1,1589.0,34.059753,74.8125
JK-SGR,2023-08-17,23.7,31.2,17.8,64,86,0.0,0.0,10.2,159,24.18,5.24,839.6,15.6,1589.0,34.059753,74.8125
JK-SGR,2023-08-18,23.6,31.5,16.9,64,87,0.0,0.0,11.9,169,24.37,5.3,840.1,15.4,1589.0,34.059753,74.8125
JK-SGR,2023-08-19,24.4,31.6,17.5,63,88,0.0,0.0,9.4,131,24.05,5.21,841.6,16.0,1589.0,34.059753,74.8125
JK-SGR,2023-08-20,25.3,32.2,18.6,59,81,0.0,0.0,8.2,147,23.43,5.07,842.1,16.0,1589.0,34.059753,74.8125
JK-SGR,2023-08-21,26.0,33.4,18.1,59,86,0.0,0.0,8.0,139,23.78,5.3,840.2,16.5,1589.0,34.059753,74.8125
JK-SGR,2023-08-22,27.1,33.9,19.9,54,81,0.0,0.0,10.0,163,23.82,5.41,838.5,16.2,1589.0,34.059753,74.8125
JK-SGR,2023-08-23,26.3,33.3,18.6,58,87,0.0,0.0,10.4,202,23.34,5.27,836.4,16.4,1589.0,34.059753,74.8125
JK-SGR,2023-08-24,22.7,26.1,19.8,70,89,4.3,4.3,12.4,169,14.52,3.27,836.0,16.8,1589.0,34.059753,74.8125
JK-SGR,2023-08-25,21.1,26.1,17.2,74,98,4.5,4.5,12.3,109,19.36,3.9,836.6,16.0,1589.0,34.059753,74.8125
JK-SGR,2023-08-26,19.7,25.4,16.1,73,92,3.6,3.6,11.3,129,14.88,3.14,838.7,14.5,1589.0,34.059753,74.8125
JK-SGR,2023-08-27,19.9,27.3,14.0,70,94,0.0,0.0,9.0,185,23.56,4.65,838.2,13.6,1589.0,34.059753,74.8125
JK-SGR,2023-08-28,20.4,27.2,14.6,66,93,0.8,0.8,10.0,142,22.26,4.37,837.4,13.0,1589.0,34.059753,74.8125
JK-SGR,2023-08-29,20.2,28.1,13.8,62,90,0.0,0.0,8.4,139,23.66,4.8,839.6,11.8,1589.0,34.059753,74.8125
JK-SGR,2023-08-30,20.9,30.3,13.3,52,78,0.0,0.0,7.7,103,24.88,5.18,840.7,9.7,1589.0,34.059753,74.8125
JK-SGR,2023-08-31,22.4,31.4,14.6,49,73,0.0,0.0,7.4,125,24.35,5.21,841.6,10.4,1589.0,34.059753,74.8125
JK-SGR,2023-09-01,23.5,31.8,15.4,54,83,0.0,0.0,10.7,168,23.49,5.1,841.8,12.7,1589.0,34.059753,74.8125
JK-SGR,2023-09-02,23.4,31.2,16.0,58,82,0.0,0.0,11.2,293,20.92,4.73,840.9,14.0,1589.0,34.059753,74.8125
JK-SGR,2023-09-03,21.7,28.7,16.9,64,89,3.2,3.2,7.7,125,21.18,4.36,840.6,13.9,1589.0,34.059753,74.8125
JK-SGR,2023-09-04,22.8,30.8,14.5,49,80,0.0,0.0,10.7,234,23.27,5.14,840.0,10.3,1589.0,34.059753,74.8125
JK-SGR,2023-09-05,22.2,30.3,15.5,49,73,0.0,0.0,11.6,300,22.78,4.9,841.2,9.8,1589.0,34.059753,74.8125
JK-SGR,2023-09-06,21.6,29.5,14.4,53,77,0.0,0.0,10.5,117,22.83,4.83,842.8,10.3,1589.0,34.059753,74.8125
JK-SGR,2023-09-07,22.6,30.8,14.8,47,75,0.0,0.0,6.9,111,23.32,4.78,842.8,9.0,1589.0,34.059753,74.8125
JK-SGR,2023-09-08,23.1,31.6,14.3,43,71,0.0,0.0,10.1,210,23.26,5.18,841.6,8.3,1589.0,34.059753,74.8125
JK-SGR,2023-09-09,22.9,31.7,15.2,45,70,0.0,0.0,9.2,145,22.87,4.93,840.0,9.2,1589.0,34.059753,74.8125
JK-SGR,2023-09-10,23.7,32.2,16.8,46,65,0.0,0.0,10.2,126,22.91,5.08,838.0,10.5,1589.0,34.059753,74.8125
JK-SGR,2023-09-11,24.2,32.7,17.0,51,73,0.0,0.0,8.9,120,22.01,4.91,838.5,12.5,1589.0,34.059753,74.8125
JK-SGR,2023-09-12,24.6,33.0,16.5,55,81,0.0,0.0,6.9,135,21.93,4.74,838.8,14.0,1589.0,34.059753,74.8125
JK-SGR,2023-09-13,26.0,33.8,17.8,49,82,0.0,0.0,10.0,203,22.18,5.01,839.8,13.2,1589.0,34.059753,74.8125
JK-SGR,2023-09-14,25.1,32.2,18.6,55,77,0.0,0.0,8.1,155,19.5,4.4,841.2,14.7,1589.0,34.059753,74.8125
JK-SGR,2023-09-15,24.4,32.0,18.3,61,92,1.0,1.0,13.2,202,21.03,4.75,841.6,15.3,1589.0,34.059753,74.8125
JK-SGR,2023-09-16,23.2,30.4,17.0,62,91,0.7,0.7,15.1,179,19.34,4.34,841.7,14.7,1589.0,34.059753,74.8125
JK-SGR,2023-09-17,22.3,30.2,16.9,62,85,0.0,0.0,11.4,107,20.18,4.27,840.8,14.0,1589.0,34.059753,74.8125
JK-SGR,2023-09-18,21.6,28.1,17.0,67,93,2.0,2.0,13.5,326,17.96,3.81,841.4,14.5,1589.0,34.059753,74.8125
JK-SGR,2023-09-19,20.5,28.1,15.2,72,99,8.4,8.4,9.7,174,20.05,4.03,843.3,14.4,1589.0,34.059753,74.8125
JK-SGR,2023-09-20,21.5,28.1,15.3,63,92,4.5,4.5,8.1,159,19.99,4.08,842.8,13.5,1589.0,34.059753,74.8125
JK-SGR,2023-09-21,22.1,29.2,14.7,53,89,0.5,0.5,9.3,237,20.04,4.2,841.9,10.6,1589.0,34.059753,74.8125
JK-SGR,2023-09-22,21.2,27.8,15.4,49,69,0.0,0.0,7.7,110,18.44,3.75,841.8,9.3,1589.0,34.059753,74.8125
JK-SGR,2023-09-23,19.9,26.5,13.1,54,89,0.5,0.5,9.3,267,19.59,4.08,842.6,9.4,1589.0,34.059753,74.8125
JK-SGR,2023-09-24,18.9,25.9,13.6,58,94,1.0,1.0,15.3,266,18.79,3.95,842.1,9.3,1589.0,34.059753,74.8125
JK-SGR,2023-09-25,16.5,23.3,11.4,69,99,1.6,1.6,12.6,287,18.37,3.52,843.2,9.9,1589.0,34.059753,74.8125
JK-SGR,2023-09-26,17.4,25.5,9.5,60,99,0.1,0.1,9.5,197,20.39,4.01,843.9,8.3,1589.0,34.059753,74.8125
JK-SGR,2023-09-27,18.3,27.1,10.1,52,86,0.0,0.0,9.1,177,20.76,4.12,842.8,6.9,1589.0,34.059753,74.8125
JK-SGR,2023-09-28,17.8,27.0,10.3,48,74,0.1,0.1,11.0,72,20.54,4.26,841.7,5.4,1589.0,34.059753,74.8125
JK-SGR,2023-09-29,18.1,26.5,9.8,40,66,0.7,0.7,15.8,299,19.92,4.36,842.2,2.9,1589.0,34.059753,74.8125
JK-SGR,2023-09-30,17.3,26.2,10.3,40,61,0.0,0.0,15.2,301,20.13,4.34,842.7,1.9,1589.0,34.059753,74.8125
JK-SGR,2023-10-01,17.7,25.9,9.4,42,64,0.2,0.2,7.9,172,19.18,4.0,841.6,3.6,1589.0,34.059753,74.8125
JK-SGR,2023-10-02,16.4,24.5,9.7,58,85,0.5,0.5,14.1,358,17.54,3.58,841.6,7.2,1589.0,34.059753,74.8125
JK-SGR,2023-10-03,17.1,26.0,8.4,51,85,0.0,0.0,8.5,252,19.65,3.93,842.7,5.0,1589.0,34.059753,74.8125
JK-SGR,2023-10-04,17.4,26.9,8.9,46,75,0.0,0.0,8.5,49,19.77,3.78,843.1,4.1,1589.0,34.059753,74.8125
JK-SGR,2023-10-05,17.4,27.3,9.0,40,64,0.0,0.0,8.4,127,20.02,3.95,842.3,2.3,1589.0,34.059753,74.8125
JK-SGR,2023-10-06,18.6,28.1,9.5,39,60,0.0,0.0,7.7,155,19.54,3.99,841.1,2.7,1589.0,34.059753,74.8125
JK-SGR,2023-10-07,19.3,27.7,11.3,40,60,0.3,0.3,14.5,289,18.17,4.03,842.9,4.5,1589.0,34.059753,74.8125
JK-SGR,2023-10-08,18.0,27.0,10.5,49,75,0.0,0.0,12.7,303,18.33,3.86,843.0,5.7,1589.0,34.059753,74.8125
JK-SGR,2023-10-09,16.9,26.4,10.3,51,88,1.4,1.4,24.1,273,16.87,3.81,843.7,5.2,1589.0,34.059753,74.8125
JK-SGR,2023-10-10,14.8,21.1,8.9,65,97,4.7,4.7,6.3,280,17.26,2.99,846.4,7.2,1589.0,34.059753,74.8125
JK-SGR,2023-10-11,15.2,23.5,8.3,58,85,0.0,0.0,6.9,120,18.84,3.47,845.4,5.9,1589.0,34.059753,74.8125
JK-SGR,2023-10-12,15.8,25.5,8.2,51,78,0.0,0.0,7.4,118,18.75,3.57,844.3,4.3,1589.0,34.059753,74.8125
JK-SGR,2023-10-13,16.9,25.0,10.1,52,71,0.0,0.0,9.8,289,16.89,3.37,845.4,6.4,1589.0,34.059753,74.8125
JK-SGR,2023-10-14,13.1,17.4,10.8,79,94,8.5,8.5,11.5,288,8.87,1.65,846.0,9.5,1589.0,34.059753,74.8125
JK-SGR,2023-10-15,12.2,17.4,8.3,82,100,11.7,11.7,8.9,284,12.5,2.11,844.0,9.0,1589.0,34.059753,74.8125
JK-SGR,2023-10-16,9.8,12.2,7.8,90,100,11.4,11.4,11.5,314,4.93,0.89,843.3,8.2,1589.0,34.059753,74.8125
JK-SGR,2023-10-17,7.8,11.0,4.0,87,100,4.7,4.7,13.0,328,7.04,1.12,846.7,5.6,1589.0,34.059753,74.8125
JK-SGR,2023-10-18,8.5,14.4,3.8,81,100,0.0,0.0,7.5,156,13.6,2.05,847.0,5.0,1589.0,34.059753,74.8125
JK-SGR,2023-10-19,9.4,16.0,3.2,71,97,0.0,0.0,7.1,173,15.77,2.43,846.3,3.8,1589.0,34.059753,74.8125
JK-SGR,2023-10-20,9.8,17.5,3.0,67,91,0.0,0.0,7.7,74,17.35,2.72,846.2,3.0,1589.0,34.059753,74.8125
JK-SGR,2023-10-21,10.4,18.3,3.4,66,92,0.0,0.0,6.0,90,17.02,2.71,846.1,3.6,1589.0,34.059753,74.8125
JK-SGR,2023-10-22,10.6,18.1,4.7,69,90,0.0,0.0,12.0,296,12.57,2.34,847.1,4.5,1589.0,34.059753,74.8125
JK-SGR,2023-10-23,10.1,17.0,3.7,73,97,0.0,0.0,6.9,121,16.16,2.49,846.4,4.9,1589.0,34.059753,74.8125
JK-SGR,2023-10-24,10.0,17.8,3.7,76,95,1.8,1.8,15.9,145,14.67,2.41,846.2,5.5,1589.0,34.059753,74.8125
JK-SGR,2023-10-25,10.2,17.8,3.0,72,94,0.0,0.0,8.4,136,16.14,2.58,846.9,4.8,1589.0,34.059753,74.8125
JK-SGR,2023-10-26,10.8,18.6,4.0,64,86,0.0,0.0,6.4,124,16.39,2.71,845.7,3.6,1589.0,34.059753,74.8125
JK-SGR,2023-10-27,11.3,19.4,4.1,64,87,0.0,0.0,6.0,123,16.18,2.7,844.6,4.1,1589.0,34.059753,74.8125
JK-SGR,2023-10-28,11.3,19.8,4.0,65,86,0.0,0.0,8.1,125,16.05,2.73,844.9,4.3,1589.0,34.059753,74.8125
JK-SGR,2023-10-29,11.6,19.9,4.7,66,85,0.0,0.0,8.0,125,15.84,2.67,844.7,4.8,1589.0,34.059753,74.8125
JK-SGR,2023-10-30,11.7,19.7,5.0,67,87,0.0,0.0,7.6,123,15.4,2.63,845.4,5.3,1589.0,34.059753,74.8125
JK-SGR,2023-10-31,11.9,19.8,4.8,64,88,0.0,0.0,8.0,99,15.54,2.6,846.8,4.8,1589.0,34.059753,74.8125
JK-SGR,2023-11-01,12.1,19.5,4.1,58,82,0.0,0.0,11.3,1,13.97,2.51,848.1,3.8,1589.0,34.059753,74.8125
JK-SGR,2023-11-02,10.7,17.6,6.2,70,97,0.6,0.6,12.8,283,12.88,2.18,847.0,5.1,1589.0,34.059753,74.8125
JK-SGR,2023-11-03,9.4,15.3,5.1,77,98,0.0,0.0,8.2,153,13.38,2.07,844.8,5.2,1589.0,34.059753,74.8125
JK-SGR,2023-11-04,10.1,16.9,5.2,64,78,0.0,0.0,7.3,142,14.94,2.44,844.1,3.2,1589.0,34.059753,74.8125
JK-SGR,2023-11-05,9.7,17.3,4.2,64,84,0.0,0.0,7.7,141,14.98,2.45,844.8,2.9,1589.0,34.059753,74.8125
JK-SGR,2023-11-06,10.0,16.9,4.5,65,81,0.0,0.0,6.9,130,12.72,2.07,845.8,3.4,1589.0,34.059753,74.8125
JK-SGR,2023-11-07,10.5,17.0,5.3,63,78,0.0,0.0,7.3,119,13.6,2.2,845.6,3.6,1589.0,34.059753,74.8125
JK-SGR,2023-11-08,11.0,17.4,6.5,61,78,0.0,0.0,7.6,90,13.29,2.18,844.2,3.4,1589.0,34.059753,74.8125
JK-SGR,2023-11-09,9.2,16.8,3.5,74,100,6.1,6.1,15.8,283,11.39,1.87,843.4,4.4,1589.0,34.059753,74.8125
JK-SGR,2023-11-10,6.2,8.3,4.5,92,99,7.6,7.6,15.8,305,5.31,0.75,846.0,5.0,1589.0,34.059753,74.8125
JK-SGR,2023-11-11,7.4,12.5,4.3,81,100,0.0,0.0,6.7,105,11.49,1.66,848.4,4.1,1589.0,34.059753,74.8125
JK-SGR,2023-11-12,6.0,12.2,-0.4,76,98,0.0,0.0,7.6,162,13.69,1.77,847.7,1.6,1589.0,34.059753,74.8125
JK-SGR,2023-11-13,7.6,15.0,2.5,64,83,0.0,0.0,8.3,176,13.83,2.02,846.7,0.8,1589.0,34.059753,74.8125
JK-SGR,2023-11-14,7.0,15.2,0.3,66,87,0.0,0.0,7.8,133,13.66,2.04,846.6,0.6,1589.0,34.059753,74.8125
JK-SGR,2023-11-15,6.7,14.1,-0.2,64,83,0.0,0.0,7.7,89,13.65,2.0,847.2,0.0,1589.0,34.059753,74.8125
JK-SGR,2023-11-16,7.4,13.7,2.4,70,91,0.0,0.0,7.5,116,12.93,1.87,848.1,1.8,1589.0,34.059753,74.8125
JK-SGR,2023-11-17,7.7,13.8,1.5,66,88,0.0,0.0,8.6,107,13.37,1.91,848.7,1.5,1589.0,34.059753,74.8125
JK-SGR,2023-11-18,7.7,13.4,2.5,70,83,0.0,0.0,8.4,114,11.42,1.68,846.2,2.2,1589.0,34.059753,74.8125
JK-SGR,2023-11-19,9.5,14.7,4.1,64,89,0.0,0.0,6.9,82,11.03,1.69,846.1,2.8,1589.0,34.059753,74.8125
JK-SGR,2023-11-20,7.7,14.4,1.4,69,83,0.0,0.0,7.6,115,12.85,1.91,846.0,2.0,1589.0,34.059753,74.8125
JK-SGR,2023-11-21,8.5,14.4,3.2,66,79,0.0,0.0,7.2,101,12.79,1.89,846.5,2.2,1589.0,34.059753,74.8125
JK-SGR,2023-11-22,8.1,13.6,1.3,65,86,0.0,0.0,6.3,96,12.88,1.82,844.3,1.7,1589.0,34.059753,74.8125
JK-SGR,2023-11-23,8.2,14.3,1.9,63,86,0.0,0.0,9.0,331,12.59,1.86,841.7,1.0,1589.0,34.059753,74.8125
JK-SGR,2023-11-24,7.7,14.2,0.9,59,77,0.0,0.0,8.4,145,12.57,1.93,845.7,-0.0,1589.0,34.059753,74.8125
JK-SGR,2023-11-25,7.6,13.1,3.4,61,81,0.0,0.0,8.0,125,11.88,1.73,847.3,0.4,1589.0,34.059753,74.8125
JK-SGR,2023-11-26,7.2,12.5,3.5,72,89,0.0,0.0,7.4,119,8.28,1.24,847.1,2.4,1589.0,34.059753,74.8125
JK-SGR,2023-11-27,7.9,12.3,2.6,72,90,0.3,0.3,9.6,130,6.41,1.12,845.4,2.9,1589.0,34.059753,74.8125
JK-SGR,2023-11-28,8.5,13.3,2.0,78,98,0.1,0.1,7.4,162,11.45,1.62,845.5,4.6,1589.0,34.059753,74.8125
JK-SGR,2023-11-29,5.9,12.5,0.1,84,100,9.3,9.3,6.3,54,10.36,1.44,845.0,3.1,1589.0,34.059753,74.8125
JK-SGR,2023-11-30,4.2,6.1,2.5,93,100,23.4,21.2,10.4,325,4.87,0.62,845.9,3.2,1589.0,34.059753,74.8125
JK-SGR,2023-12-01,3.6,8.1,1.0,91,100,9.0,8.3,6.6,279,8.43,1.03,847.8,2.2,1589.0,34.059753,74.8125
JK-SGR,2023-12-02,3.0,8.1,-1.1,84,100,0.0,0.0,7.9,128,9.1,1.16,848.3,0.3,1589.0,34.059753,74.8125
JK-SGR,2023-12-03,3.3,7.8,-0.2,80,95,0.0,0.0,8.5,143,8.14,1.05,847.4,0.1,1589.0,34.059753,74.8125
JK-SGR,2023-12-04,5.0,10.8,0.4,70,95,0.0,0.0,8.1,102,11.63,1.56,845.3,-0.3,1589.0,34.059753,74.8125
JK-SGR,2023-12-05,3.7,9.9,-2.7,59,73,0.0,0.0,7.6,88,11.97,1.63,844.5,-4.0,1589.0,34.059753,74.8125
JK-SGR,2023-12-06,4.5,9.8,0.3,55,67,0.0,0.0,6.6,99,11.89,1.62,846.4,-3.9,1589.0,34.059753,74.8125
JK-SGR,2023-12-07,3.6,9.1,-0.9,57,72,0.0,0.0,7.1,110,11.88,1.5,845.7,-4.4,1589.0,34.059753,74.8125
JK-SGR,2023-12-08,3.7,8.9,-1.4,62,94,0.0,0.0,7.9,198,11.56,1.42,843.3,-3.3,1589.0,34.059753,74.8125
JK-SGR,2023-12-09,2.5,9.2,-4.0,52,65,0.0,0.0,7.0,143,11.71,1.55,843.3,-6.6,1589.0,34.059753,74.8125
JK-SGR,2023-12-10,2.1,9.6,-4.3,57,75,0.0,0.0,8.9,106,11.69,1.56,842.2,-6.0,1589.0,34.059753,74.8125
JK-SGR,2023-12-11,3.8,7.6,-1.0,50,71,0.0,0.0,6.3,315,10.95,1.37,841.9,-5.8,1589.0,34.059753,74.8125
JK-SGR,2023-12-12,4.1,10.4,-4.0,51,81,0.0,0.0,8.1,281,10.91,1.5,840.1,-5.7,1589.0,34.059753,74.8125
JK-SGR,2023-12-13,1.7,9.4,-4.8,60,83,0.0,0.0,9.8,271,11.43,1.44,842.0,-5.8,1589.0,34.059753,74.8125
JK-SGR,2023-12-14,1.4,8.3,-4.3,63,81,0.0,0.0,9.2,134,10.82,1.38,843.5,-5.3,1589.0,34.059753,74.8125
JK-SGR,2023-12-15,2.9,10.8,-3.7,59,81,0.0,0.0,7.2,70,11.57,1.54,842.2,-4.9,1589.0,34.059753,74.8125
JK-SGR,2023-12-16,1.7,6.4,-3.4,66,97,3.2,1.2,12.5,11,4.74,0.82,839.9,-4.5,1589.0,34.059753,74.8125
JK-SGR,2023-12-17,-0.1,3.7,-3.3,86,97,18.4,0.2,9.0,139,11.82,1.12,843.9,-2.2,1589.0,34.059753,74.8125
JK-SGR,2023-12-18,-1.3,2.5,-7.5,79,90,0.0,0.0,8.7,112,11.82,1.17,846.5,-4.6,1589.0,34.059753,74.8125
JK-SGR,2023-12-19,-0.4,4.5,-5.6,61,75,0.0,0.0,7.7,123,12.4,1.32,847.7,-7.1,1589.0,34.059753,74.8125
JK-SGR,2023-12-20,0.3,5.3,-6.0,63,92,0.0,0.0,10.2,148,11.65,1.25,847.9,-6.1,1589.0,34.059753,74.8125
JK-SGR,2023-12-21,2.2,7.2,-2.4,57,72,0.0,0.0,5.6,138,12.02,1.36,846.5,-5.7,1589.0,34.059753,74.8125
JK-SGR,2023-12-22,2.5,7.6,-1.6,59,76,0.0,0.0,6.6,140,10.65,1.25,845.3,-5.0,1589.0,34.059753,74.8125
JK-SGR,2023-12-23,3.2,7.0,0.0,76,91,5.3,4.5,8.8,170,10.25,1.23,847.6,-0.7,1589.0,34.059753,74.8125
JK-SGR,2023-12-24,-0.3,3.2,-4.9,93,99,0.0,0.0,6.8,122,8.25,0.81,849.3,-1.2,1589.0,34.059753,74.8125
JK-SGR,2023-12-25,2.3,7.1,-2.0,76,95,0.0,0.0,7.0,136,10.61,1.16,847.3,-1.6,1589.0,34.059753,74.8125
JK-SGR,2023-12-26,2.9,8.3,-3.8,65,81,0.0,0.0,5.4,71,11.7,1.35,845.4,-3.1,1589.0,34.059753,74.8125
JK-SGR,2023-12-27,3.5,9.3,-3.5,54,76,0.0,0.0,6.8,120,11.62,1.51,847.5,-5.1,1589.0,34.059753,74.8125
JK-SGR,2023-12-28,3.1,9.1,-3.4,52,66,0.0,0.0,6.8,110,11.78,1.51,846.8,-6.1,1589.0,34.059753,74.8125
JK-SGR,2023-12-29,2.8,8.4,-2.5,58,86,0.0,0.0,7.2,205,11.59,1.38,845.8,-5.1,1589.0,34.059753,74.8125
JK-SGR,2023-12-30,3.4,9.9,-0.5,51,73,0.0,0.0,9.0,136,9.57,1.4,843.8,-6.6,1589.0,34.059753,74.8125
JK-SGR,2023-12-31,4.1,9.5,-0.7,52,67,0.0,0.0,7.2,133,11.69,1.55,844.1,-5.1,1589.0,34.059753,74.8125
