site_id,date,temperature_2m_mean,temperature_2m_max,temperature_2m_min,relative_humidity_2m_mean,relative_humidity_2m_max,precipitation_sum,rain_sum,wind_speed_10m_max,wind_direction_10m_dominant,shortwave_radiation_sum,et0_fao_evapotranspiration,surface_pressure_mean,dew_point_2m_mean,elevation_m,lat,lon
KA-CKM,2020-12-01,19.4,24.3,16.2,74,100,0.0,0.0,17.8,64,21.15,4.1,901.4,14.2,1035.0,13.321617,75.78082
KA-CKM,2020-12-02,18.9,24.5,14.4,76,99,0.0,0.0,16.4,60,20.83,3.95,900.1,14.2,1035.0,13.321617,75.78082
KA-CKM,2020-12-03,19.1,23.2,15.8,81,96,0.1,0.1,18.4,52,14.01,2.84,899.4,15.6,1035.0,13.321617,75.78082
KA-CKM,2020-12-04,19.8,23.5,17.5,87,100,0.5,0.5,25.8,58,11.52,2.35,898.6,17.3,1035.0,13.321617,75.78082
KA-CKM,2020-12-05,19.6,23.8,16.3,86,100,0.4,0.4,23.0,64,15.85,2.92,899.0,17.1,1035.0,13.321617,75.78082
KA-CKM,2020-12-06,19.4,23.5,16.6,89,100,1.0,1.0,24.7,67,13.74,2.48,900.0,17.4,1035.0,13.321617,75.78082
KA-CKM,2020-12-07,19.6,23.1,17.6,91,100,2.7,2.7,25.5,72,12.65,2.29,900.9,17.9,1035.0,13.321617,75.78082
KA-CKM,2020-12-08,19.6,22.8,17.7,93,100,11.0,11.0,24.9,86,11.85,2.08,901.4,18.2,1035.0,13.321617,75.78082
KA-CKM,2020-12-09,20.0,24.2,17.6,85,100,0.0,0.0,19.0,90,15.37,2.89,901.0,17.2,1035.0,13.321617,75.78082
KA-CKM,2020-12-10,20.0,24.4,17.3,81,100,0.3,0.3,14.6,96,18.99,3.49,900.8,16.3,1035.0,13.321617,75.78082
KA-CKM,2020-12-11,20.1,24.6,16.3,67,88,0.0,0.0,12.9,77,20.17,4.05,900.9,13.6,1035.0,13.321617,75.78082
KA-CKM,2020-12-12,19.1,24.6,14.6,67,84,0.0,0.0,10.5,73,19.88,3.86,900.2,12.5,1035.0,13.321617,75.78082
KA-CKM,2020-12-13,19.3,25.2,13.5,62,78,0.0,0.0,13.3,60,20.83,4.14,899.3,11.7,1035.0,13.321617,75.78082
KA-CKM,2020-12-14,19.6,25.5,15.6,66,92,0.0,0.0,12.7,79,20.85,4.16,899.4,12.7,1035.0,13.321617,75.78082
KA-CKM,2020-12-15,18.8,24.4,13.8,67,93,0.0,0.0,13.7,68,21.34,4.17,900.5,12.1,1035.0,13.321617,75.78082
KA-CKM,2020-12-16,19.4,24.5,15.1,77,99,0.0,0.0,17.4,74,17.23,3.44,901.3,15.0,1035.0,13.321617,75.78082
KA-CKM,2020-12-17,19.9,24.2,17.1,82,100,0.3,0.3,20.9,76,15.71,3.07,901.6,16.5,1035.0,13.321617,75.78082
KA-CKM,2020-12-18,20.2,25.2,17.3,73,100,0.0,0.0,20.3,68,20.46,4.13,901.3,14.6,1035.0,13.321617,75.78082
KA-CKM,2020-12-19,19.1,24.6,14.7,73,99,0.0,0.0,21.7,74,21.26,4.1,901.4,13.7,1035.0,13.321617,75.78082
KA-CKM,2020-12-20,18.6,23.4,15.0,74,99,0.0,0.0,21.2,80,19.96,3.88,901.5,13.4,1035.0,13.321617,75.78082
KA-CKM,2020-12-21,17.8,24.2,13.7,66,100,0.0,0.0,18.6,75,20.06,4.05,900.3,10.4,1035.0,13.321617,75.78082
KA-CKM,2020-12-22,18.8,25.3,12.7,65,95,0.0,0.0,12.2,83,20.83,4.13,899.9,11.3,1035.0,13.321617,75.78082
KA-CKM,2020-12-23,19.7,25.2,13.9,76,94,0.0,0.0,11.5,74,18.07,3.45,899.3,14.9,1035.0,13.321617,75.78082
KA-CKM,2020-12-24,21.1,25.1,15.8,73,96,0.5,0.5,9.9,72,17.13,3.41,898.7,15.7,1035.0,13.321617,75.78082
KA-CKM,2020-12-25,20.5,25.7,15.7,68,97,0.0,0.0,14.1,64,19.06,4.07,899.6,14.0,1035.0,13.321617,75.78082
KA-CKM,2020-12-26,19.2,25.3,13.6,63,92,0.0,0.0,12.8,66,20.68,4.33,900.2,11.2,1035.0,13.321617,75.78082
KA-CKM,2020-12-27,19.1,25.8,12.9,60,94,0.0,0.0,13.2,58,21.56,4.57,899.8,10.2,1035.0,13.321617,75.78082
KA-CKM,2020-12-28,19.4,25.9,12.9,57,93,0.0,0.0,13.4,56,21.35,4.53,899.5,9.4,1035.0,13.321617,75.78082
KA-CKM,2020-12-29,20.2,26.1,13.2,51,83,0.0,0.0,13.9,61,20.91,4.71,899.3,9.0,1035.0,13.321617,75.78082
KA-CKM,2020-12-30,21.1,26.6,15.9,73,100,1.4,1.4,15.6,89,18.4,3.93,899.5,15.7,1035.0,13.321617,75.78082
KA-CKM,2020-12-31,19.8,25.3,17.2,85,98,3.1,3.1,18.4,86,13.74,2.69,900.0,17.1,1035.0,13.321617,75.78082
KA-CKM,2021-01-01,18.8,24.4,14.8,73,100,0.0,0.0,16.7,76,20.11,3.94,900.1,13.2,1035.0,13.321617,75.78082
KA-CKM,2021-01-02,18.5,24.8,13.4,75,100,0.0,0.0,16.2,75,20.82,4.01,899.9,13.4,1035.0,13.321617,75.78082
KA-CKM,2021-01-03,20.0,25.8,16.6,84,100,2.4,2.4,20.6,109,17.38,3.35,899.0,16.7,1035.0,13.321617,75.78082
KA-CKM,2021-01-04,19.7,24.0,17.9,89,100,2.9,2.9,16.5,98,13.27,2.47,899.2,17.7,1035.0,13.321617,75.78082
KA-CKM,2021-01-05,20.5,25.1,15.7,79,100,0.4,0.4,14.4,91,17.68,3.49,899.7,16.4,1035.0,13.321617,75.78082
KA-CKM,2021-01-06,19.9,24.2,16.9,87,100,11.7,11.7,14.5,92,12.35,2.4,899.3,17.5,1035.0,13.321617,75.78082
KA-CKM,2021-01-07,20.3,24.0,17.9,88,100,8.5,8.5,15.9,87,13.95,2.58,898.0,18.0,1035.0,13.321617,75.78082
KA-CKM,2021-01-08,19.7,23.5,18.2,93,100,10.6,10.6,10.8,114,10.65,1.96,897.7,18.4,1035.0,13.321617,75.78082
KA-CKM,2021-01-09,20.0,23.7,17.7,87,100,1.4,1.4,13.0,93,13.54,2.57,898.3,17.7,1035.0,13.321617,75.78082
KA-CKM,2021-01-10,20.0,23.8,17.3,83,100,0.0,0.0,18.8,83,12.66,2.49,899.0,16.7,1035.0,13.321617,75.78082
KA-CKM,2021-01-11,20.2,23.9,16.9,77,98,0.1,0.1,18.7,59,15.56,3.24,900.0,15.7,1035.0,13.321617,75.78082
KA-CKM,2021-01-12,18.9,21.9,16.1,71,97,0.0,0.0,23.4,63,12.56,3.15,899.6,13.1,1035.0,13.321617,75.78082
KA-CKM,2021-01-13,19.3,24.2,16.0,62,88,0.0,0.0,23.5,64,19.14,4.41,899.1,11.2,1035.0,13.321617,75.78082
KA-CKM,2021-01-14,19.1,24.6,15.0,72,96,0.0,0.0,18.6,76,18.25,3.71,898.9,13.7,1035.0,13.321617,75.78082
KA-CKM,2021-01-15,19.4,23.1,17.0,83,98,1.0,1.0,17.1,94,10.48,2.16,898.8,16.2,1035.0,13.321617,75.78082
KA-CKM,2021-01-16,20.3,24.8,15.2,79,99,0.8,0.8,10.8,97,18.16,3.42,898.4,16.3,1035.0,13.321617,75.78082
KA-CKM,2021-01-17,20.6,25.5,15.5,73,100,0.1,0.1,13.6,84,20.28,4.2,899.1,15.2,1035.0,13.321617,75.78082
KA-CKM,2021-01-18,19.2,25.3,13.3,61,89,0.0,0.0,13.6,65,22.22,4.57,899.6,10.8,1035.0,13.321617,75.78082
KA-CKM,2021-01-19,18.9,25.3,13.4,65,93,0.0,0.0,12.5,56,22.35,4.41,899.8,11.6,1035.0,13.321617,75.78082
KA-CKM,2021-01-20,19.1,25.4,12.9,66,93,0.0,0.0,10.0,64,22.34,4.41,900.2,11.9,1035.0,13.321617,75.78082
KA-CKM,2021-01-21,20.7,26.8,14.7,63,80,0.0,0.0,11.2,63,22.05,4.51,900.2,13.1,1035.0,13.321617,75.78082
KA-CKM,2021-01-22,20.4,26.5,14.8,63,84,0.0,0.0,11.2,51,21.87,4.54,899.6,12.6,1035.0,13.321617,75.78082
KA-CKM,2021-01-23,20.5,26.0,14.7,62,93,0.0,0.0,11.4,65,22.4,4.63,900.0,12.4,1035.0,13.321617,75.78082
KA-CKM,2021-01-24,20.0,26.2,14.8,60,96,0.0,0.0,12.3,64,22.82,4.69,900.5,11.2,1035.0,13.321617,75.78082
KA-CKM,2021-01-25,19.9,25.5,12.7,54,84,0.0,0.0,11.4,57,23.26,4.68,900.9,9.5,1035.0,13.321617,75.78082
KA-CKM,2021-01-26,20.4,26.0,14.4,49,82,0.0,0.0,12.7,57,23.45,4.85,900.3,8.4,1035.0,13.321617,75.78082
KA-CKM,2021-01-27,19.6,25.7,14.2,52,78,0.0,0.0,12.1,74,23.16,4.78,900.2,8.7,1035.0,13.321617,75.78082
KA-CKM,2021-01-28,18.7,25.1,13.6,56,92,0.0,0.0,13.8,70,23.29,4.72,900.4,9.2,1035.0,13.321617,75.78082
KA-CKM,2021-01-29,18.2,25.2,12.3,63,99,0.0,0.0,11.7,65,22.62,4.52,900.7,9.9,1035.0,13.321617,75.78082
KA-CKM,2021-01-30,19.4,25.0,12.9,65,92,0.0,0.0,12.4,58,20.1,4.06,900.4,12.2,1035.0,13.321617,75.78082
KA-CKM,2021-01-31,20.7,25.4,16.0,63,98,0.0,0.0,13.5,73,19.42,4.23,900.9,12.8,1035.0,13.321617,75.78082
KA-CKM,2021-02-01,19.6,25.4,14.7,57,96,0.0,0.0,17.4,66,23.28,4.91,902.3,10.0,1035.0,13.321617,75.78082
KA-CKM,2021-02-02,19.1,25.2,13.4,55,91,0.0,0.0,17.5,70,23.62,4.95,902.4,9.0,1035.0,13.321617,75.78082
KA-CKM,2021-02-03,19.7,25.1,13.9,63,93,0.0,0.0,15.1,71,20.67,4.32,901.9,12.0,1035.0,13.321617,75.78082
KA-CKM,2021-02-04,19.7,25.4,14.0,66,100,0.0,0.0,12.4,86,19.95,4.14,901.6,12.3,1035.0,13.321617,75.78082
KA-CKM,2021-02-05,20.0,27.8,14.3,61,89,0.0,0.0,14.1,73,20.75,4.28,900.8,11.7,1035.0,13.321617,75.78082
KA-CKM,2021-02-06,19.5,25.5,13.7,54,87,0.0,0.0,13.5,68,23.3,4.86,900.0,9.2,1035.0,13.321617,75.78082
KA-CKM,2021-02-07,18.8,25.4,12.5,49,86,0.0,0.0,17.7,65,24.32,5.25,900.4,6.7,1035.0,13.321617,75.78082
KA-CKM,2021-02-08,18.9,25.7,13.4,47,72,0.0,0.0,19.8,67,24.48,5.31,901.0,6.9,1035.0,13.321617,75.78082
KA-CKM,2021-02-09,18.6,25.6,12.6,55,90,0.0,0.0,16.5,65,24.56,5.04,900.3,8.6,1035.0,13.321617,75.78082
KA-CKM,2021-02-10,19.4,26.3,12.7,51,88,0.0,0.0,11.2,66,24.72,5.2,899.6,7.7,1035.0,13.321617,75.78082
KA-CKM,2021-02-11,19.4,26.1,13.3,42,62,0.0,0.0,12.2,63,24.77,5.33,899.0,5.6,1035.0,13.321617,75.78082
KA-CKM,2021-02-12,19.8,26.7,13.6,47,86,0.0,0.0,12.1,68,24.61,5.28,899.7,7.3,1035.0,13.321617,75.78082
KA-CKM,2021-02-13,19.3,27.0,12.9,49,88,0.0,0.0,12.1,80,24.57,5.21,900.6,7.5,1035.0,13.321617,75.78082
KA-CKM,2021-02-14,19.8,27.1,13.0,51,83,0.0,0.0,11.5,71,24.53,5.19,900.7,8.4,1035.0,13.321617,75.78082
KA-CKM,2021-02-15,20.3,28.0,13.3,62,91,0.0,0.0,10.2,87,24.02,4.88,900.0,11.7,1035.0,13.321617,75.78082
KA-CKM,2021-02-16,20.3,27.3,14.8,65,94,0.4,0.4,11.6,186,20.16,4.26,899.5,12.8,1035.0,13.321617,75.78082
KA-CKM,2021-02-17,20.7,27.2,15.1,69,97,0.1,0.1,11.5,145,18.33,3.81,899.1,14.1,1035.0,13.321617,75.78082
KA-CKM,2021-02-18,19.4,25.2,16.4,78,98,5.6,5.6,16.3,125,17.85,3.5,899.9,15.1,1035.0,13.321617,75.78082
KA-CKM,2021-02-19,17.4,23.0,14.8,89,99,10.5,10.5,13.0,88,15.8,2.75,900.7,15.4,1035.0,13.321617,75.78082
KA-CKM,2021-02-20,17.4,21.9,14.1,87,100,1.3,1.3,15.8,73,17.91,3.05,900.1,15.1,1035.0,13.321617,75.78082
KA-CKM,2021-02-21,17.5,22.2,14.4,89,100,3.3,3.3,15.9,83,17.43,2.96,900.7,15.6,1035.0,13.321617,75.78082
KA-CKM,2021-02-22,18.8,23.9,14.7,83,99,1.3,1.3,13.4,86,18.64,3.48,901.6,15.6,1035.0,13.321617,75.78082
KA-CKM,2021-02-23,19.9,25.4,14.6,73,98,0.0,0.0,12.0,72,22.21,4.35,900.8,14.4,1035.0,13.321617,75.78082
KA-CKM,2021-02-24,20.4,25.4,14.4,67,89,0.0,0.0,11.6,71,20.78,4.24,900.1,13.7,1035.0,13.321617,75.78082
KA-CKM,2021-02-25,21.4,27.4,15.8,61,83,0.0,0.0,10.1,56,21.14,4.45,900.4,12.9,1035.0,13.321617,75.78082
KA-CKM,2021-02-26,21.3,27.6,16.0,58,83,0.0,0.0,13.7,37,21.62,4.77,899.1,12.2,1035.0,13.321617,75.78082
KA-CKM,2021-02-27,21.6,28.6,15.9,50,68,0.0,0.0,13.0,52,22.81,5.12,898.3,10.1,1035.0,13.321617,75.78082
KA-CKM,2021-02-28,22.4,28.5,16.9,48,76,0.0,0.0,13.0,64,24.74,5.68,898.8,10.2,1035.0,13.321617,75.78082
KA-CKM,2021-03-01,22.7,28.6,17.0,39,64,0.0,0.0,15.9,94,24.93,5.73,901.7,7.6,1035.0,13.321617,75.78082
KA-CKM,2021-03-02,22.9,28.3,17.0,39,53,0.0,0.0,17.7,58,23.4,5.51,901.8,7.8,1035.0,13.321617,75.78082
KA-CKM,2021-03-03,22.7,27.9,17.6,39,73,0.0,0.0,20.1,74,25.78,6.12,900.7,7.3,1035.0,13.321617,75.78082
KA-CKM,2021-03-04,20.9,27.4,14.3,40,72,0.0,0.0,22.3,73,26.41,6.28,900.3,5.5,1035.0,13.321617,75.78082
KA-CKM,2021-03-05,21.2,28.0,15.0,41,81,0.0,0.0,11.4,66,26.22,5.77,901.3,6.6,1035.0,13.321617,75.78082
KA-CKM,2021-03-06,21.9,29.6,14.2,36,50,0.0,0.0,12.5,36,26.34,6.0,901.3,5.6,1035.0,13.321617,75.78082
KA-CKM,2021-03-07,22.5,29.6,15.7,42,81,0.0,0.0,13.1,60,26.15,6.14,900.6,8.0,1035.0,13.321617,75.78082
KA-CKM,2021-03-08,22.8,29.2,16.2,39,73,0.0,0.0,13.4,77,26.4,6.11,901.0,6.6,1035.0,13.321617,75.78082
KA-CKM,2021-03-09,21.8,28.9,15.6,41,79,0.0,0.0,15.8,61,26.52,6.21,901.2,6.2,1035.0,13.321617,75.78082
KA-CKM,2021-03-10,22.0,28.4,15.2,49,86,0.0,0.0,13.4,68,24.89,5.58,901.2,9.9,1035.0,13.321617,75.78082
KA-CKM,2021-03-11,21.9,27.7,16.7,59,97,0.1,0.1,11.5,87,19.32,4.31,901.2,12.7,1035.0,13.321617,75.78082
KA-CKM,2021-03-12,22.6,28.5,17.4,56,98,0.2,0.2,13.6,84,22.2,5.05,902.0,11.6,1035.0,13.321617,75.78082
KA-CKM,2021-03-13,22.6,29.3,16.7,37,66,0.0,0.0,16.6,73,26.75,6.22,901.7,6.1,1035.0,13.321617,75.78082
KA-CKM,2021-03-14,22.2,29.1,15.6,45,79,0.0,0.0,13.8,88,26.6,6.06,900.3,8.2,1035.0,13.321617,75.78082
KA-CKM,2021-03-15,22.6,28.9,16.5,52,82,0.0,0.0,13.2,77,24.96,5.57,900.0,11.2,1035.0,13.321617,75.78082
KA-CKM,2021-03-16,22.6,29.3,16.5,58,96,0.0,0.0,12.1,69,24.08,5.46,899.9,12.2,1035.0,13.321617,75.78082
KA-CKM,2021-03-17,23.1,29.8,17.0,44,82,0.0,0.0,13.3,85,26.33,6.15,899.4,8.6,1035.0,13.321617,75.78082
KA-CKM,2021-03-18,23.5,29.9,16.9,43,75,0.0,0.0,13.3,104,25.16,5.92,899.9,8.9,1035.0,13.321617,75.78082
KA-CKM,2021-03-19,23.5,29.8,17.0,44,78,0.0,0.0,16.2,52,26.46,5.98,899.4,9.4,1035.0,13.321617,75.78082
KA-CKM,2021-03-20,22.9,30.3,16.5,62,99,0.0,0.0,14.4,232,25.46,5.72,898.1,12.7,1035.0,13.321617,75.78082
KA-CKM,2021-03-21,23.1,29.8,17.2,63,100,0.0,0.0,14.2,121,24.82,5.51,898.3,13.8,1035.0,13.321617,75.78082
KA-CKM,2021-03-22,23.6,30.6,17.5,52,88,0.0,0.0,14.2,72,26.07,5.98,899.6,11.7,1035.0,13.321617,75.78082
KA-CKM,2021-03-23,24.6,30.7,18.4,48,73,0.0,0.0,15.1,85,24.75,5.85,900.4,11.8,1035.0,13.321617,75.78082
KA-CKM,2021-03-24,24.7,31.1,19.0,54,95,0.0,0.0,15.5,94,25.4,6.02,900.6,13.2,1035.0,13.321617,75.78082
KA-CKM,2021-03-25,24.8,30.7,18.7,48,98,0.0,0.0,17.9,68,22.5,5.89,899.9,11.3,1035.0,13.321617,75.78082
KA-CKM,2021-03-26,25.5,32.0,18.5,35,65,0.0,0.0,17.2,73,26.31,6.94,899.6,7.5,1035.0,13.321617,75.78082
KA-CKM,2021-03-27,25.5,32.0,19.1,45,100,0.0,0.0,16.2,83,26.65,6.68,899.4,10.7,1035.0,13.321617,75.78082
KA-CKM,2021-03-28,24.3,30.6,18.9,63,100,0.0,0.0,17.1,3,22.83,5.5,899.1,14.9,1035.0,13.321617,75.78082
KA-CKM,2021-03-29,24.3,30.7,18.2,64,100,0.0,0.0,15.3,315,24.14,5.64,898.9,14.8,1035.0,13.321617,75.78082
KA-CKM,2021-03-30,24.2,30.5,20.1,67,100,0.5,0.5,14.5,298,22.32,4.99,898.7,16.5,1035.0,13.321617,75.78082
KA-CKM,2021-03-31,25.3,33.3,20.4,60,96,0.4,0.4,16.8,285,25.02,5.7,897.4,15.6,1035.0,13.321617,75.78082
KA-CKM,2021-04-01,24.7,32.7,18.7,53,91,0.1,0.1,16.0,297,26.78,6.71,897.4,12.9,1035.0,13.321617,75.78082
KA-CKM,2021-04-02,24.7,32.9,18.7,49,89,0.0,0.0,16.5,283,25.81,6.82,897.6,11.8,1035.0,13.321617,75.78082
KA-CKM,2021-04-03,22.8,30.2,17.5,67,93,0.1,0.1,14.9,268,23.59,5.4,898.1,15.3,1035.0,13.321617,75.78082
KA-CKM,2021-04-04,24.3,30.5,18.5,55,97,0.0,0.0,14.2,325,22.41,5.58,899.3,13.0,1035.0,13.321617,75.78082
KA-CKM,2021-04-05,25.4,31.9,18.7,50,97,0.0,0.0,16.9,11,24.18,6.1,899.4,11.8,1035.0,13.321617,75.78082
KA-CKM,2021-04-06,25.6,32.6,19.3,51,97,0.0,0.0,15.5,95,25.14,6.29,900.0,12.3,1035.0,13.321617,75.78082
KA-CKM,2021-04-07,25.3,32.7,19.0,59,100,0.0,0.0,15.7,82,26.06,6.17,901.0,13.6,1035.0,13.321617,75.78082
KA-CKM,2021-04-08,24.4,31.7,20.0,67,99,0.0,0.0,17.6,277,22.42,5.26,899.6,15.7,1035.0,13.321617,75.78082
KA-CKM,2021-04-09,24.6,31.6,19.0,59,97,0.0,0.0,13.8,9,20.96,5.13,898.6,14.0,1035.0,13.321617,75.78082
KA-CKM,2021-04-10,24.7,31.3,18.8,63,99,0.0,0.0,15.1,21,21.52,5.22,899.7,15.0,1035.0,13.321617,75.78082
KA-CKM,2021-04-11,24.3,30.4,19.2,68,99,0.0,0.0,15.5,14,22.05,5.16,900.9,16.2,1035.0,13.321617,75.78082
KA-CKM,2021-04-12,24.1,29.7,19.1,69,99,0.2,0.2,11.9,358,20.3,4.63,901.2,16.7,1035.0,13.321617,75.78082
KA-CKM,2021-04-13,23.4,29.6,19.6,74,100,1.3,1.3,14.0,245,19.54,4.36,900.9,17.6,1035.0,13.321617,75.78082
KA-CKM,2021-04-14,22.2,29.4,19.1,83,98,25.1,25.1,13.0,14,16.77,3.5,900.5,18.8,1035.0,13.321617,75.78082
KA-CKM,2021-04-15,21.4,25.1,18.0,85,99,11.5,11.5,10.0,297,17.87,3.55,900.0,18.5,1035.0,13.321617,75.78082
KA-CKM,2021-04-16,22.4,27.6,18.9,80,100,2.9,2.9,10.8,306,20.71,4.23,899.8,18.1,1035.0,13.321617,75.78082
KA-CKM,2021-04-17,23.5,29.3,19.4,73,99,0.5,0.5,12.3,319,21.15,4.56,900.6,17.4,1035.0,13.321617,75.78082
KA-CKM,2021-04-18,23.3,29.2,19.6,76,99,0.4,0.4,12.0,296,20.0,4.31,901.6,18.0,1035.0,13.321617,75.78082
KA-CKM,2021-04-19,22.7,28.6,19.6,82,98,2.4,2.4,13.0,280,20.16,4.07,900.4,19.1,1035.0,13.321617,75.78082
KA-CKM,2021-04-20,22.9,29.4,19.1,79,99,1.6,1.6,13.8,288,18.78,3.95,899.4,18.5,1035.0,13.321617,75.78082
KA-CKM,2021-04-21,22.4,28.7,19.3,83,99,4.5,4.5,11.8,298,17.57,3.56,900.2,19.1,1035.0,13.321617,75.78082
KA-CKM,2021-04-22,23.3,30.0,19.1,78,100,2.0,2.0,11.9,296,20.07,4.25,900.5,18.4,1035.0,13.321617,75.78082
KA-CKM,2021-04-23,22.1,27.9,19.5,86,99,13.5,13.5,10.3,304,17.35,3.45,900.2,19.4,1035.0,13.321617,75.78082
KA-CKM,2021-04-24,22.5,27.5,18.7,82,100,4.7,4.7,11.6,1,20.0,3.99,899.5,19.0,1035.0,13.321617,75.78082
KA-CKM,2021-04-25,23.6,28.4,19.4,73,97,0.9,0.9,12.0,35,20.66,4.37,899.4,18.0,1035.0,13.321617,75.78082
KA-CKM,2021-04-26,23.7,29.9,19.8,76,97,2.0,2.0,11.5,296,21.82,4.56,899.1,18.4,1035.0,13.321617,75.78082
KA-CKM,2021-04-27,23.9,29.4,20.0,73,99,0.1,0.1,12.0,317,20.69,4.5,899.7,17.8,1035.0,13.321617,75.78082
KA-CKM,2021-04-28,23.7,28.9,19.5,72,100,0.2,0.2,11.4,314,21.26,4.53,900.3,17.3,1035.0,13.321617,75.78082
KA-CKM,2021-04-29,23.0,29.4,19.6,80,99,4.7,4.7,10.7,308,20.28,4.12,899.8,19.0,1035.0,13.321617,75.78082
KA-CKM,2021-04-30,23.9,29.0,19.1,66,98,0.1,0.1,12.8,33,21.84,4.82,898.6,16.4,1035.0,13.321617,75.78082
KA-CKM,2021-05-01,23.5,29.0,19.0,70,94,0.9,0.9,8.9,47,21.08,4.51,898.5,17.1,1035.0,13.321617,75.78082
KA-CKM,2021-05-02,23.3,28.8,19.3,72,96,0.2,0.2,8.9,352,21.52,4.45,898.8,17.5,1035.0,13.321617,75.78082
KA-CKM,2021-05-03,22.7,27.8,19.7,84,99,6.8,6.8,9.4,328,18.44,3.68,898.4,19.7,1035.0,13.321617,75.78082
KA-CKM,2021-05-04,22.5,27.4,20.0,86,100,8.0,8.0,11.6,311,16.72,3.33,898.3,19.7,1035.0,13.321617,75.78082
KA-CKM,2021-05-05,23.2,29.0,18.9,79,100,2.2,2.2,9.7,353,22.0,4.53,898.4,18.8,1035.0,13.321617,75.78082
KA-CKM,2021-05-06,23.5,29.0,20.0,81,100,1.1,1.1,11.4,316,19.42,4.03,899.0,19.6,1035.0,13.321617,75.78082
KA-CKM,2021-05-07,23.0,28.5,20.5,84,100,7.3,7.3,10.5,340,19.2,3.88,899.7,19.8,1035.0,13.321617,75.78082
KA-CKM,2021-05-08,23.5,28.0,19.5,78,97,1.9,1.9,11.9,60,24.14,4.84,898.8,19.0,1035.0,13.321617,75.78082
KA-CKM,2021-05-09,23.4,28.6,19.8,80,96,1.1,1.1,9.5,266,21.96,4.45,898.0,19.3,1035.0,13.321617,75.78082
KA-CKM,2021-05-10,22.3,26.8,19.9,89,100,9.8,9.8,10.1,333,16.18,3.19,898.1,20.3,1035.0,13.321617,75.78082
KA-CKM,2021-05-11,22.4,26.2,19.5,89,100,8.3,8.3,8.9,301,15.82,3.14,898.1,20.4,1035.0,13.321617,75.78082
KA-CKM,2021-05-12,22.1,27.2,19.4,90,100,7.2,7.2,12.7,255,16.14,3.16,897.2,20.2,1035.0,13.321617,75.78082
KA-CKM,2021-05-13,22.2,25.6,19.9,89,99,5.7,5.7,11.6,266,16.97,3.29,896.4,20.3,1035.0,13.321617,75.78082
KA-CKM,2021-05-14,22.3,27.3,19.7,85,100,2.7,2.7,22.2,143,20.58,3.99,894.5,19.5,1035.0,13.321617,75.78082
KA-CKM,2021-05-15,19.7,21.1,18.8,96,100,34.8,34.8,22.7,168,5.79,1.03,891.6,19.1,1035.0,13.321617,75.78082
KA-CKM,2021-05-16,20.3,22.5,19.5,96,100,26.2,26.2,29.1,213,10.06,1.62,893.5,19.7,1035.0,13.321617,75.78082
KA-CKM,2021-05-17,20.9,23.8,19.5,93,100,8.1,8.1,20.9,218,15.24,2.6,896.6,19.7,1035.0,13.321617,75.78082
KA-CKM,2021-05-18,21.3,24.5,19.5,92,100,7.1,7.1,22.5,220,19.61,3.35,897.3,19.8,1035.0,13.321617,75.78082
KA-CKM,2021-05-19,21.1,25.2,19.2,93,100,10.2,10.2,18.3,236,17.83,3.13,897.0,19.8,1035.0,13.321617,75.78082
KA-CKM,2021-05-20,21.3,24.5,19.5,91,100,8.5,8.5,17.6,246,18.94,3.34,897.6,19.7,1035.0,13.321617,75.78082
KA-CKM,2021-05-21,20.7,24.2,18.9,93,100,6.9,6.9,13.5,258,13.42,2.5,897.8,19.5,1035.0,13.321617,75.78082
KA-CKM,2021-05-22,20.9,25.0,18.4,90,100,11.7,11.7,13.3,268,15.11,2.92,897.5,19.0,1035.0,13.321617,75.78082
KA-CKM,2021-05-23,21.7,26.8,18.5,82,99,0.0,0.0,14.6,280,21.01,4.2,898.1,18.1,1035.0,13.321617,75.78082
KA-CKM,2021-05-24,21.6,26.3,18.9,84,98,0.4,0.4,15.9,283,21.31,4.1,898.6,18.6,1035.0,13.321617,75.78082
KA-CKM,2021-05-25,20.8,24.7,18.5,91,98,5.3,5.3,18.0,282,14.71,2.69,897.1,19.3,1035.0,13.321617,75.78082
KA-CKM,2021-05-26,21.2,25.2,19.0,88,99,2.1,2.1,21.7,277,19.72,3.57,896.7,19.0,1035.0,13.321617,75.78082
KA-CKM,2021-05-27,21.1,25.5,18.0,84,100,0.4,0.4,22.5,278,22.49,4.22,897.4,18.0,1035.0,13.321617,75.78082
KA-CKM,2021-05-28,21.1,25.1,18.3,84,98,0.6,0.6,19.2,276,20.67,3.89,898.0,18.1,1035.0,13.321617,75.78082
KA-CKM,2021-05-29,20.8,24.1,18.9,91,99,1.8,1.8,16.9,261,18.42,3.18,898.6,19.3,1035.0,13.321617,75.78082
KA-CKM,2021-05-30,21.1,24.7,18.5,88,100,1.7,1.7,17.1,260,20.57,3.73,898.4,18.9,1035.0,13.321617,75.78082
KA-CKM,2021-05-31,21.1,25.9,18.3,89,100,2.9,2.9,18.7,254,20.98,3.84,897.1,18.9,1035.0,13.321617,75.78082
KA-CKM,2021-06-01,21.8,26.1,19.2,89,100,2.4,2.4,17.6,246,20.79,3.82,897.3,19.7,1035.0,13.321617,75.78082
KA-CKM,2021-06-02,22.0,27.1,19.0,87,100,2.7,2.7,13.6,256,19.96,3.89,897.6,19.6,1035.0,13.321617,75.78082
KA-CKM,2021-06-03,21.6,26.2,19.6,91,100,19.8,19.8,8.3,255,14.87,2.91,898.2,19.9,1035.0,13.321617,75.78082
KA-CKM,2021-06-04,21.0,24.2,19.5,94,100,8.9,8.9,13.8,245,9.82,1.9,898.5,20.0,1035.0,13.321617,75.78082
KA-CKM,2021-06-05,20.6,24.0,19.1,94,100,12.0,12.0,14.8,240,14.01,2.49,897.9,19.6,1035.0,13.321617,75.78082
KA-CKM,2021-06-06,20.8,24.6,19.1,91,100,3.0,3.0,13.2,255,16.39,2.99,898.2,19.3,1035.0,13.321617,75.78082
KA-CKM,2021-06-07,21.5,26.6,17.7,82,100,0.0,0.0,15.2,278,23.18,4.52,898.7,17.8,1035.0,13.321617,75.78082
KA-CKM,2021-06-08,21.0,25.5,17.5,82,99,1.1,1.1,18.4,277,22.06,4.25,898.2,17.5,1035.0,13.321617,75.78082
KA-CKM,2021-06-09,20.4,23.3,18.7,89,98,3.2,3.2,22.1,270,15.6,2.8,897.4,18.5,1035.0,13.321617,75.78082
KA-CKM,2021-06-10,20.4,24.2,18.6,89,99,1.9,1.9,22.1,271,18.47,3.25,896.7,18.4,1035.0,13.321617,75.78082
KA-CKM,2021-06-11,20.7,24.5,18.4,85,99,0.7,0.7,22.5,262,20.99,3.85,896.8,18.0,1035.0,13.321617,75.78082
KA-CKM,2021-06-12,20.2,23.1,19.0,94,98,21.1,21.1,27.7,262,13.63,2.23,896.7,19.1,1035.0,13.321617,75.78082
KA-CKM,2021-06-13,19.1,20.5,18.1,97,98,35.2,35.2,24.3,260,7.31,1.18,896.2,18.6,1035.0,13.321617,75.78082
KA-CKM,2021-06-14,18.8,19.2,18.3,97,98,57.2,57.2,26.3,261,3.19,0.67,895.5,18.3,1035.0,13.321617,75.78082
KA-CKM,2021-06-15,19.5,21.2,18.8,96,100,13.9,13.9,30.2,254,9.3,1.45,894.9,18.8,1035.0,13.321617,75.78082
KA-CKM,2021-06-16,19.8,21.8,18.9,95,98,15.5,15.5,26.8,253,14.57,2.16,895.9,19.0,1035.0,13.321617,75.78082
KA-CKM,2021-06-17,19.8,21.8,18.4,94,98,13.2,13.2,26.7,255,14.19,2.2,896.9,18.8,1035.0,13.321617,75.78082
KA-CKM,2021-06-18,19.9,22.0,18.9,95,99,8.9,8.9,28.1,246,14.21,2.14,897.8,19.0,1035.0,13.321617,75.78082
KA-CKM,2021-06-19,19.4,21.7,18.1,96,99,14.6,14.6,22.0,252,11.88,1.88,899.4,18.7,1035.0,13.321617,75.78082
KA-CKM,2021-06-20,19.5,21.9,18.2,93,98,3.6,3.6,22.6,264,13.2,2.21,899.8,18.2,1035.0,13.321617,75.78082
KA-CKM,2021-06-21,20.4,24.2,18.3,88,99,3.1,3.1,19.2,276,20.2,3.53,899.3,18.3,1035.0,13.321617,75.78082
KA-CKM,2021-06-22,20.8,24.7,18.3,86,99,1.1,1.1,18.1,288,18.49,3.52,898.4,18.2,1035.0,13.321617,75.78082
KA-CKM,2021-06-23,21.1,24.9,18.5,84,98,0.1,0.1,16.0,283,17.22,3.42,898.2,18.0,1035.0,13.321617,75.78082
KA-CKM,2021-06-24,20.7,24.6,18.4,83,97,0.1,0.1,20.0,277,20.55,3.9,898.8,17.5,1035.0,13.321617,75.78082
KA-CKM,2021-06-25,20.6,24.8,18.0,83,98,0.0,0.0,19.6,277,18.77,3.67,897.8,17.3,1035.0,13.321617,75.78082
KA-CKM,2021-06-26,20.0,22.9,18.6,89,98,2.4,2.4,22.1,284,16.64,2.9,897.3,18.1,1035.0,13.321617,75.78082
KA-CKM,2021-06-27,19.8,22.6,18.5,89,98,1.5,1.5,19.3,291,11.28,2.2,898.0,17.9,1035.0,13.321617,75.78082
KA-CKM,2021-06-28,20.5,25.4,17.3,87,99,7.4,7.4,14.0,278,18.4,3.46,897.6,18.0,1035.0,13.321617,75.78082
KA-CKM,2021-06-29,21.7,27.0,17.0,78,96,0.2,0.2,12.4,274,22.38,4.51,897.4,17.5,1035.0,13.321617,75.78082
KA-CKM,2021-06-30,22.2,26.6,18.1,80,97,1.2,1.2,14.0,278,22.46,4.5,897.6,18.3,1035.0,13.321617,75.78082
KA-CKM,2021-07-01,21.5,26.4,18.9,87,98,2.8,2.8,14.9,273,19.95,3.77,896.7,19.1,1035.0,13.321617,75.78082
KA-CKM,2021-07-02,21.1,25.1,19.0,87,98,2.4,2.4,18.5,264,16.32,3.11,897.3,18.7,1035.0,13.321617,75.78082
KA-CKM,2021-07-03,20.9,26.2,18.4,88,98,7.6,7.6,14.5,276,18.25,3.43,897.8,18.8,1035.0,13.321617,75.78082
KA-CKM,2021-07-04,20.9,26.0,18.8,89,99,8.8,8.8,14.4,288,16.68,3.17,897.8,18.9,1035.0,13.321617,75.78082
KA-CKM,2021-07-05,20.8,25.8,18.4,89,100,9.1,9.1,18.0,291,17.57,3.33,897.0,18.7,1035.0,13.321617,75.78082
KA-CKM,2021-07-06,21.5,25.9,18.2,85,99,2.7,2.7,10.5,284,21.24,4.12,896.2,18.6,1035.0,13.321617,75.78082
KA-CKM,2021-07-07,21.2,25.9,18.8,89,99,16.3,16.3,12.9,276,16.91,3.23,896.1,19.3,1035.0,13.321617,75.78082
KA-CKM,2021-07-08,21.2,24.8,19.1,89,98,3.6,3.6,16.9,277,13.32,2.63,896.6,19.2,1035.0,13.321617,75.78082
KA-CKM,2021-07-09,20.3,22.9,19.0,93,97,5.8,5.8,19.1,273,11.9,2.12,895.1,19.2,1035.0,13.321617,75.78082
KA-CKM,2021-07-10,19.4,22.4,18.3,93,98,6.8,6.8,22.3,266,10.87,1.91,894.4,18.3,1035.0,13.321617,75.78082
KA-CKM,2021-07-11,19.6,21.7,18.4,93,99,7.8,7.8,27.4,270,14.91,2.37,894.2,18.4,1035.0,13.321617,75.78082
KA-CKM,2021-07-12,19.6,21.8,18.7,95,98,12.4,12.4,25.7,266,7.48,1.38,894.1,18.7,1035.0,13.321617,75.78082
KA-CKM,2021-07-13,19.4,20.6,18.8,95,97,15.2,15.2,29.0,273,8.07,1.39,894.6,18.5,1035.0,13.321617,75.78082
KA-CKM,2021-07-14,19.2,21.1,18.2,96,98,31.0,31.0,26.2,274,5.73,1.05,895.1,18.6,1035.0,13.321617,75.78082
KA-CKM,2021-07-15,18.8,19.7,17.8,97,98,50.0,50.0,26.0,261,5.43,0.94,894.4,18.3,1035.0,13.321617,75.78082
KA-CKM,2021-07-16,19.5,21.2,18.7,97,99,21.1,21.1,19.6,262,6.96,1.19,896.4,19.0,1035.0,13.321617,75.78082
KA-CKM,2021-07-17,20.1,23.0,18.4,92,98,4.9,4.9,21.6,284,13.1,2.3,897.3,18.7,1035.0,13.321617,75.78082
KA-CKM,2021-07-18,19.2,19.9,18.8,96,99,61.9,61.9,25.2,268,4.42,0.85,896.1,18.6,1035.0,13.321617,75.78082
KA-CKM,2021-07-19,19.2,20.6,18.0,96,98,18.0,18.0,25.3,274,8.62,1.4,896.6,18.5,1035.0,13.321617,75.78082
KA-CKM,2021-07-20,19.4,21.6,18.4,94,99,8.2,8.2,23.8,268,14.4,2.26,898.4,18.3,1035.0,13.321617,75.78082
KA-CKM,2021-07-21,19.2,20.5,18.6,95,98,16.8,16.8,26.3,271,8.57,1.41,897.8,18.5,1035.0,13.321617,75.78082
KA-CKM,2021-07-22,18.7,19.6,18.2,96,98,43.2,43.2,29.7,266,5.14,0.94,895.1,18.1,1035.0,13.321617,75.78082
KA-CKM,2021-07-23,19.5,21.5,18.2,96,99,13.0,13.0,25.6,269,9.58,1.54,894.5,18.7,1035.0,13.321617,75.78082
KA-CKM,2021-07-24,20.1,22.7,18.6,93,99,5.6,5.6,26.1,275,14.1,2.34,896.0,18.8,1035.0,13.321617,75.78082
KA-CKM,2021-07-25,20.3,23.4,19.0,91,99,5.4,5.4,24.2,270,18.48,3.02,897.3,18.7,1035.0,13.321617,75.78082
KA-CKM,2021-07-26,19.9,22.6,18.3,92,99,3.1,3.1,22.3,266,12.86,2.26,897.7,18.5,1035.0,13.321617,75.78082
KA-CKM,2021-07-27,19.9,22.9,18.2,91,99,4.5,4.5,23.0,262,19.73,3.2,897.1,18.2,1035.0,13.321617,75.78082
KA-CKM,2021-07-28,20.0,22.7,18.2,88,99,2.9,2.9,26.5,263,18.96,3.2,897.6,17.9,1035.0,13.321617,75.78082
KA-CKM,2021-07-29,19.5,21.8,18.3,92,100,5.3,5.3,24.7,267,15.45,2.5,898.3,18.1,1035.0,13.321617,75.78082
KA-CKM,2021-07-30,19.8,22.9,18.0,89,98,3.4,3.4,26.0,273,18.37,3.12,899.0,17.9,1035.0,13.321617,75.78082
KA-CKM,2021-07-31,19.8,22.7,18.3,90,96,5.6,5.6,28.5,280,18.05,2.95,899.3,18.1,1035.0,13.321617,75.78082
KA-CKM,2021-08-01,20.2,24.4,18.3,86,98,1.9,1.9,30.5,274,22.18,3.83,898.4,17.5,1035.0,13.321617,75.78082
KA-CKM,2021-08-02,20.1,23.7,18.1,88,99,3.6,3.6,24.8,266,21.54,3.62,898.4,17.9,1035.0,13.321617,75.78082
KA-CKM,2021-08-03,20.0,22.9,18.3,91,98,6.9,6.9,24.0,272,19.53,3.15,899.6,18.5,1035.0,13.321617,75.78082
KA-CKM,2021-08-04,20.0,22.6,18.4,90,98,4.4,4.4,26.0,275,18.28,3.03,900.1,18.2,1035.0,13.321617,75.78082
KA-CKM,2021-08-05,20.0,22.9,18.6,92,98,4.1,4.1,26.8,273,18.15,2.83,898.2,18.6,1035.0,13.321617,75.78082
KA-CKM,2021-08-06,20.1,22.6,18.6,92,99,6.0,6.0,26.6,275,16.26,2.63,897.2,18.7,1035.0,13.321617,75.78082
KA-CKM,2021-08-07,20.2,22.9,18.8,92,98,4.5,4.5,22.6,273,17.07,2.83,897.9,18.7,1035.0,13.321617,75.78082
KA-CKM,2021-08-08,20.7,24.6,18.9,91,99,10.6,10.6,15.3,273,16.17,2.94,898.3,19.1,1035.0,13.321617,75.78082
KA-CKM,2021-08-09,20.7,24.8,18.8,91,98,9.5,9.5,14.2,264,14.42,2.66,898.8,19.1,1035.0,13.321617,75.78082
KA-CKM,2021-08-10,20.7,25.2,18.7,90,99,2.0,2.0,16.1,279,15.09,2.83,898.9,18.9,1035.0,13.321617,75.78082
KA-CKM,2021-08-11,20.3,23.7,18.9,91,99,3.1,3.1,19.6,285,13.4,2.46,898.8,18.7,1035.0,13.321617,75.78082
KA-CKM,2021-08-12,19.8,22.6,18.7,94,100,4.1,4.1,20.7,284,12.01,2.08,899.5,18.7,1035.0,13.321617,75.78082
KA-CKM,2021-08-13,20.1,23.3,18.5,92,100,3.2,3.2,19.6,286,16.82,2.9,898.2,18.7,1035.0,13.321617,75.78082
KA-CKM,2021-08-14,19.8,22.7,18.5,91,99,4.2,4.2,23.4,281,17.83,2.95,897.0,18.2,1035.0,13.321617,75.78082
KA-CKM,2021-08-15,19.9,23.5,18.2,88,98,2.0,2.0,21.3,277,16.48,2.98,897.2,17.7,1035.0,13.321617,75.78082
KA-CKM,2021-08-16,19.8,22.5,18.3,91,98,1.5,1.5,18.4,281,14.54,2.58,898.0,18.1,1035.0,13.321617,75.78082
KA-CKM,2021-08-17,19.7,22.1,18.4,93,100,9.4,9.4,15.5,270,10.2,1.89,898.0,18.5,1035.0,13.321617,75.78082
KA-CKM,2021-08-18,19.2,20.9,18.2,95,99,5.2,5.2,18.2,264,7.14,1.32,897.0,18.4,1035.0,13.321617,75.78082
KA-CKM,2021-08-19,19.7,22.0,18.1,91,99,0.8,0.8,20.6,272,12.52,2.27,896.7,18.1,1035.0,13.321617,75.78082
KA-CKM,2021-08-20,20.6,24.5,18.0,86,98,1.0,1.0,15.9,279,18.3,3.5,897.1,17.9,1035.0,13.321617,75.78082
KA-CKM,2021-08-21,20.6,25.6,17.9,86,100,7.4,7.4,12.4,273,19.29,3.68,898.3,18.0,1035.0,13.321617,75.78082
KA-CKM,2021-08-22,20.6,25.1,18.0,87,98,16.2,16.2,8.8,284,18.6,3.55,898.0,18.1,1035.0,13.321617,75.78082
KA-CKM,2021-08-23,20.7,25.1,18.1,88,100,4.6,4.6,11.0,264,18.77,3.56,898.0,18.5,1035.0,13.321617,75.78082
KA-CKM,2021-08-24,20.7,25.5,18.3,89,100,10.3,10.3,12.4,253,18.16,3.43,898.0,18.8,1035.0,13.321617,75.78082
KA-CKM,2021-08-25,20.7,25.3,18.2,89,100,3.7,3.7,15.3,246,17.27,3.25,897.3,18.6,1035.0,13.321617,75.78082
KA-CKM,2021-08-26,20.8,25.6,18.4,90,100,2.5,2.5,18.2,248,20.37,3.65,896.0,18.9,1035.0,13.321617,75.78082
KA-CKM,2021-08-27,20.3,23.8,18.6,93,99,24.7,24.7,16.5,260,12.79,2.28,895.5,19.1,1035.0,13.321617,75.78082
KA-CKM,2021-08-28,19.5,21.6,18.8,96,100,75.7,75.7,18.8,271,7.88,1.41,894.5,18.8,1035.0,13.321617,75.78082
KA-CKM,2021-08-29,19.2,21.1,18.4,95,99,33.9,33.9,20.5,272,6.46,1.24,894.1,18.4,1035.0,13.321617,75.78082
KA-CKM,2021-08-30,19.3,21.8,17.8,93,99,6.5,6.5,21.1,273,10.71,1.91,895.4,18.0,1035.0,13.321617,75.78082
KA-CKM,2021-08-31,20.6,24.5,18.4,87,100,1.9,1.9,15.6,274,19.85,3.67,896.3,18.1,1035.0,13.321617,75.78082
KA-CKM,2021-09-01,20.4,24.0,18.0,87,100,1.2,1.2,17.7,268,17.97,3.34,897.5,18.0,1035.0,13.321617,75.78082
KA-CKM,2021-09-02,20.1,24.3,18.3,90,98,5.3,5.3,18.2,279,13.45,2.53,897.2,18.4,1035.0,13.321617,75.78082
KA-CKM,2021-09-03,20.1,24.5,18.5,91,98,8.0,8.0,16.2,276,14.87,2.72,896.6,18.5,1035.0,13.321617,75.78082
KA-CKM,2021-09-04,19.3,20.0,18.7,96,98,49.8,49.8,22.3,270,4.1,0.84,896.5,18.6,1035.0,13.321617,75.78082
KA-CKM,2021-09-05,19.5,21.1,18.6,96,99,27.9,27.9,22.5,275,8.89,1.47,896.5,18.8,1035.0,13.321617,75.78082
KA-CKM,2021-09-06,18.9,19.8,18.0,96,98,19.7,19.7,23.7,270,5.58,1.05,896.4,18.2,1035.0,13.321617,75.78082
KA-CKM,2021-09-07,19.3,21.5,18.0,95,99,6.2,6.2,26.7,263,11.53,1.84,895.9,18.4,1035.0,13.321617,75.78082
KA-CKM,2021-09-08,19.8,22.9,18.2,94,99,10.2,10.2,24.3,250,16.87,2.63,897.3,18.8,1035.0,13.321617,75.78082
KA-CKM,2021-09-09,20.2,23.2,18.4,90,100,4.4,4.4,22.4,264,20.67,3.42,898.8,18.5,1035.0,13.321617,75.78082
KA-CKM,2021-09-10,20.4,24.2,18.1,88,98,1.3,1.3,23.3,275,20.37,3.55,898.6,18.1,1035.0,13.321617,75.78082
KA-CKM,2021-09-11,19.9,23.0,18.3,94,100,4.3,4.3,22.4,252,14.65,2.39,897.3,18.9,1035.0,13.321617,75.78082
KA-CKM,2021-09-12,20.0,22.9,18.7,93,99,9.1,9.1,23.4,259,17.24,2.7,896.0,18.9,1035.0,13.321617,75.78082
KA-CKM,2021-09-13,20.1,22.2,19.1,94,98,11.5,11.5,23.9,259,16.86,2.57,895.5,19.1,1035.0,13.321617,75.78082
KA-CKM,2021-09-14,20.3,23.2,18.5,93,99,5.5,5.5,23.9,259,18.14,2.87,896.1,19.1,1035.0,13.321617,75.78082
KA-CKM,2021-09-15,20.4,24.0,18.3,91,100,2.5,2.5,19.4,254,18.55,3.18,896.9,18.7,1035.0,13.321617,75.78082
KA-CKM,2021-09-16,20.8,25.1,18.2,87,99,1.5,1.5,18.0,261,20.3,3.68,897.2,18.4,1035.0,13.321617,75.78082
KA-CKM,2021-09-17,20.7,25.3,17.6,84,100,1.3,1.3,15.6,273,20.68,3.95,897.0,17.6,1035.0,13.321617,75.78082
KA-CKM,2021-09-18,20.8,25.8,16.9,84,100,1.0,1.0,14.3,280,21.82,4.2,898.2,17.7,1035.0,13.321617,75.78082
KA-CKM,2021-09-19,21.2,26.5,17.0,79,97,1.1,1.1,11.1,287,22.43,4.39,899.2,17.1,1035.0,13.321617,75.78082
KA-CKM,2021-09-20,21.4,27.7,16.5,78,98,0.2,0.2,14.7,278,23.3,4.68,898.5,16.8,1035.0,13.321617,75.78082
KA-CKM,2021-09-21,20.5,24.5,17.5,87,99,2.6,2.6,14.9,286,18.18,3.38,898.1,18.1,1035.0,13.321617,75.78082
KA-CKM,2021-09-22,20.3,24.4,18.5,90,99,2.0,2.0,18.7,288,18.47,3.23,896.8,18.6,1035.0,13.321617,75.78082
KA-CKM,2021-09-23,20.5,24.4,18.4,88,99,0.7,0.7,20.0,284,18.87,3.39,896.9,18.3,1035.0,13.321617,75.78082
KA-CKM,2021-09-24,20.9,25.9,18.4,88,99,8.9,8.9,15.9,287,19.7,3.66,897.5,18.6,1035.0,13.321617,75.78082
KA-CKM,2021-09-25,20.8,25.1,18.3,87,99,1.9,1.9,15.9,279,16.8,3.21,897.4,18.4,1035.0,13.321617,75.78082
KA-CKM,2021-09-26,20.6,25.4,17.6,86,100,1.3,1.3,16.9,286,17.88,3.44,895.6,18.0,1035.0,13.321617,75.78082
KA-CKM,2021-09-27,19.6,23.6,17.9,92,99,4.5,4.5,21.3,274,15.7,2.62,894.4,18.2,1035.0,13.321617,75.78082
KA-CKM,2021-09-28,19.8,23.0,18.3,91,99,4.3,4.3,23.9,256,19.42,3.12,895.9,18.2,1035.0,13.321617,75.78082
KA-CKM,2021-09-29,20.3,23.7,18.3,90,100,1.8,1.8,20.9,254,18.54,3.25,897.5,18.4,1035.0,13.321617,75.78082
KA-CKM,2021-09-30,20.8,25.5,18.3,89,100,15.3,15.3,11.4,271,18.77,3.54,898.5,18.7,1035.0,13.321617,75.78082
KA-CKM,2021-10-01,20.9,26.0,17.5,88,98,23.0,23.0,9.9,358,19.86,3.71,897.9,18.8,1035.0,13.321617,75.78082
KA-CKM,2021-10-02,21.7,25.7,18.6,87,100,5.0,5.0,13.4,64,20.94,3.88,897.6,19.3,1035.0,13.321617,75.78082
KA-CKM,2021-10-03,21.6,26.1,18.8,88,100,6.5,6.5,14.0,95,20.54,3.81,897.5,19.4,1035.0,13.321617,75.78082
KA-CKM,2021-10-04,21.5,26.1,19.0,90,100,14.7,14.7,13.8,56,19.7,3.63,897.1,19.5,1035.0,13.321617,75.78082
KA-CKM,2021-10-05,21.6,26.1,18.3,86,99,4.7,4.7,11.7,58,21.14,3.95,896.8,18.9,1035.0,13.321617,75.78082
KA-CKM,2021-10-06,19.8,21.8,18.7,96,100,36.4,36.4,8.4,317,4.78,1.02,895.7,19.0,1035.0,13.321617,75.78082
KA-CKM,2021-10-07,20.5,25.2,16.3,89,100,2.8,2.8,13.9,236,17.92,3.32,896.1,18.5,1035.0,13.321617,75.78082
KA-CKM,2021-10-08,21.0,25.6,18.7,90,100,8.1,8.1,15.1,249,16.91,3.14,897.4,19.2,1035.0,13.321617,75.78082
KA-CKM,2021-10-09,19.8,21.9,18.9,96,100,43.6,43.6,15.0,257,7.28,1.31,898.5,19.1,1035.0,13.321617,75.78082
KA-CKM,2021-10-10,20.7,26.0,18.5,93,100,13.9,13.9,15.5,266,14.53,2.64,898.2,19.4,1035.0,13.321617,75.78082
KA-CKM,2021-10-11,20.6,25.2,18.7,92,100,10.7,10.7,11.6,269,13.18,2.52,896.9,19.2,1035.0,13.321617,75.78082
KA-CKM,2021-10-12,20.1,22.9,18.4,96,100,15.4,15.4,13.1,257,12.03,2.11,896.3,19.4,1035.0,13.321617,75.78082
KA-CKM,2021-10-13,19.9,23.3,18.0,93,100,20.2,20.2,17.0,235,14.15,2.46,895.9,18.7,1035.0,13.321617,75.78082
KA-CKM,2021-10-14,20.3,24.5,18.2,93,100,14.1,14.1,10.2,233,16.08,2.93,895.3,19.0,1035.0,13.321617,75.78082
KA-CKM,2021-10-15,20.8,24.6,18.3,90,100,24.0,24.0,11.5,69,16.26,3.0,893.5,18.9,1035.0,13.321617,75.78082
KA-CKM,2021-10-16,21.2,26.2,18.3,87,99,8.3,8.3,11.4,15,19.21,3.64,892.9,18.8,1035.0,13.321617,75.78082
KA-CKM,2021-10-17,20.7,25.2,18.9,92,100,9.5,9.5,13.1,274,14.88,2.79,895.1,19.2,1035.0,13.321617,75.78082
KA-CKM,2021-10-18,20.6,24.3,18.0,90,100,1.3,1.3,17.2,275,17.61,3.19,897.6,18.7,1035.0,13.321617,75.78082
KA-CKM,2021-10-19,20.8,26.3,16.4,80,100,0.0,0.0,11.2,296,21.11,4.03,899.5,16.8,1035.0,13.321617,75.78082
KA-CKM,2021-10-20,21.2,25.6,17.4,79,94,1.7,1.7,10.8,27,20.41,3.92,900.8,17.2,1035.0,13.321617,75.78082
KA-CKM,2021-10-21,20.8,25.2,17.9,89,100,8.2,8.2,12.7,75,18.27,3.39,901.0,18.8,1035.0,13.321617,75.78082
KA-CKM,2021-10-22,20.5,24.6,17.4,90,99,4.0,4.0,15.3,72,16.39,2.96,901.1,18.7,1035.0,13.321617,75.78082
KA-CKM,2021-10-23,20.0,23.9,18.0,92,100,10.3,10.3,12.6,102,13.48,2.49,901.6,18.6,1035.0,13.321617,75.78082
KA-CKM,2021-10-24,19.8,24.7,17.0,93,100,26.5,26.5,9.5,3,14.49,2.68,901.4,18.5,1035.0,13.321617,75.78082
KA-CKM,2021-10-25,20.0,24.0,17.5,88,99,4.3,4.3,16.3,57,18.57,3.28,900.1,17.9,1035.0,13.321617,75.78082
KA-CKM,2021-10-26,20.4,23.7,17.8,83,97,1.1,1.1,15.2,61,18.53,3.4,899.2,17.4,1035.0,13.321617,75.78082
KA-CKM,2021-10-27,20.2,24.3,16.9,72,79,0.0,0.0,18.6,54,19.61,3.9,899.4,14.9,1035.0,13.321617,75.78082
KA-CKM,2021-10-28,20.1,23.5,17.0,73,80,0.0,0.0,16.4,53,19.39,3.74,899.4,15.0,1035.0,13.321617,75.78082
KA-CKM,2021-10-29,20.1,24.3,17.7,81,99,10.8,10.8,21.0,58,18.06,3.39,900.0,16.6,1035.0,13.321617,75.78082
KA-CKM,2021-10-30,20.4,24.7,18.6,91,100,8.3,8.3,19.1,71,15.7,2.83,900.8,18.8,1035.0,13.321617,75.78082
KA-CKM,2021-10-31,20.9,24.9,18.7,88,100,1.2,1.2,16.1,68,18.95,3.45,900.7,18.6,1035.0,13.321617,75.78082
KA-CKM,2021-11-01,20.0,23.3,18.2,92,100,5.1,5.1,17.1,64,15.0,2.57,899.6,18.7,1035.0,13.321617,75.78082
KA-CKM,2021-11-02,20.2,24.2,18.3,90,100,4.4,4.4,24.1,83,15.24,2.65,898.8,18.4,1035.0,13.321617,75.78082
KA-CKM,2021-11-03,19.6,24.5,17.9,94,100,7.6,7.6,20.9,86,12.15,2.15,899.0,18.4,1035.0,13.321617,75.78082
KA-CKM,2021-11-04,19.8,24.4,17.8,92,100,7.8,7.8,17.3,83,15.84,2.82,899.0,18.4,1035.0,13.321617,75.78082
KA-CKM,2021-11-05,19.6,23.3,17.4,93,100,12.0,12.0,10.4,84,10.44,1.95,899.0,18.4,1035.0,13.321617,75.78082
KA-CKM,2021-11-06,19.9,24.5,17.1,89,100,15.9,15.9,13.0,61,18.01,3.2,898.2,17.9,1035.0,13.321617,75.78082
KA-CKM,2021-11-07,19.6,21.9,17.4,85,100,0.9,0.9,15.6,52,11.67,2.17,898.3,16.9,1035.0,13.321617,75.78082
KA-CKM,2021-11-08,19.1,22.3,17.0,91,99,1.7,1.7,13.3,61,9.59,1.8,898.9,17.6,1035.0,13.321617,75.78082
KA-CKM,2021-11-09,19.3,23.0,17.1,81,99,0.0,0.0,15.0,56,17.65,3.27,899.1,15.7,1035.0,13.321617,75.78082
KA-CKM,2021-11-10,18.9,22.8,16.0,77,87,0.6,0.6,12.6,60,14.03,2.88,898.4,14.8,1035.0,13.321617,75.78082
KA-CKM,2021-11-11,17.6,18.9,16.9,86,92,6.7,6.7,13.6,28,6.0,1.37,896.3,15.2,1035.0,13.321617,75.78082
KA-CKM,2021-11-12,18.4,21.2,16.8,92,99,1.8,1.8,16.4,21,8.55,1.54,895.9,17.2,1035.0,13.321617,75.78082
KA-CKM,2021-11-13,20.4,24.4,18.3,91,100,14.3,14.3,11.4,33,14.9,2.79,896.9,18.7,1035.0,13.321617,75.78082
KA-CKM,2021-11-14,20.0,23.8,18.4,94,100,31.8,31.8,11.6,61,10.76,1.99,896.9,19.1,1035.0,13.321617,75.78082
KA-CKM,2021-11-15,20.2,24.0,18.6,94,100,12.9,12.9,17.5,83,13.36,2.36,895.9,19.1,1035.0,13.321617,75.78082
KA-CKM,2021-11-16,19.5,22.9,18.1,95,100,10.5,10.5,14.3,129,8.74,1.57,895.7,18.8,1035.0,13.321617,75.78082
KA-CKM,2021-11-17,20.0,24.7,17.9,92,100,8.0,8.0,9.8,178,13.96,2.57,897.8,18.6,1035.0,13.321617,75.78082
KA-CKM,2021-11-18,19.3,21.9,17.4,91,99,3.7,3.7,13.9,40,10.48,1.9,897.2,17.8,1035.0,13.321617,75.78082
KA-CKM,2021-11-19,19.1,20.2,18.0,96,99,20.3,20.3,9.2,333,4.51,0.93,894.1,18.4,1035.0,13.321617,75.78082
KA-CKM,2021-11-20,19.7,22.5,18.4,96,100,21.3,21.3,19.8,247,11.02,1.82,894.6,18.9,1035.0,13.321617,75.78082
KA-CKM,2021-11-21,20.1,24.8,17.1,88,100,1.6,1.6,13.2,238,15.86,2.98,897.9,17.9,1035.0,13.321617,75.78082
KA-CKM,2021-11-22,20.0,24.3,17.0,91,100,4.8,4.8,11.8,49,16.2,2.92,899.5,18.3,1035.0,13.321617,75.78082
KA-CKM,2021-11-23,20.7,24.7,18.0,87,100,0.3,0.3,15.2,62,17.07,3.07,899.3,18.4,1035.0,13.321617,75.78082
KA-CKM,2021-11-24,20.2,24.3,17.9,90,99,2.8,2.8,17.0,70,18.44,3.19,899.3,18.3,1035.0,13.321617,75.78082
KA-CKM,2021-11-25,20.0,23.9,17.5,85,100,0.0,0.0,21.9,63,18.43,3.37,899.2,17.2,1035.0,13.321617,75.78082
KA-CKM,2021-11-26,19.6,23.4,16.9,83,99,0.0,0.0,23.8,63,17.06,3.13,899.6,16.5,1035.0,13.321617,75.78082
KA-CKM,2021-11-27,18.8,22.3,16.1,80,98,0.0,0.0,22.6,58,18.86,3.43,899.4,15.1,1035.0,13.321617,75.78082
KA-CKM,2021-11-28,18.9,21.7,17.5,93,100,7.4,7.4,27.7,65,8.22,1.54,899.3,17.6,1035.0,13.321617,75.78082
KA-CKM,2021-11-29,19.5,23.5,17.8,92,100,11.5,11.5,24.2,88,14.61,2.46,899.6,18.0,1035.0,13.321617,75.78082
KA-CKM,2021-11-30,19.4,23.7,17.8,92,100,5.1,5.1,23.7,94,14.92,2.5,899.7,17.9,1035.0,13.321617,75.78082
KA-CKM,2021-12-01,19.9,24.6,17.4,87,100,0.7,0.7,18.9,118,17.97,3.23,899.5,17.3,1035.0,13.321617,75.78082
KA-CKM,2021-12-02,19.5,24.6,16.4,91,100,2.0,2.0,12.2,209,16.12,2.89,899.6,17.9,1035.0,13.321617,75.78082
KA-CKM,2021-12-03,19.7,24.5,17.2,91,100,3.8,3.8,8.7,132,14.62,2.69,900.2,18.1,1035.0,13.321617,75.78082
KA-CKM,2021-12-04,19.2,23.8,16.1,91,100,3.0,3.0,8.3,284,15.16,2.76,900.2,17.7,1035.0,13.321617,75.78082
KA-CKM,2021-12-05,19.9,24.6,17.1,86,100,0.9,0.9,7.9,340,17.79,3.31,900.5,17.3,1035.0,13.321617,75.78082
KA-CKM,2021-12-06,19.7,23.9,16.5,85,96,2.6,2.6,6.9,25,18.35,3.35,900.0,16.9,1035.0,13.321617,75.78082
KA-CKM,2021-12-07,20.0,24.3,16.9,78,93,0.0,0.0,12.0,60,19.21,3.64,900.4,15.7,1035.0,13.321617,75.78082
KA-CKM,2021-12-08,19.7,23.9,16.6,75,89,0.0,0.0,13.1,61,20.13,3.81,900.5,14.9,1035.0,13.321617,75.78082
KA-CKM,2021-12-09,19.6,23.6,16.4,85,99,0.3,0.3,12.7,67,16.84,3.11,901.6,16.8,1035.0,13.321617,75.78082
KA-CKM,2021-12-10,19.6,23.4,17.3,84,100,1.1,1.1,19.1,76,16.61,2.97,902.1,16.7,1035.0,13.321617,75.78082
KA-CKM,2021-12-11,18.9,23.0,15.9,87,100,0.7,0.7,21.4,67,15.42,2.73,901.6,16.6,1035.0,13.321617,75.78082
KA-CKM,2021-12-12,19.5,23.1,17.3,84,100,0.3,0.3,23.4,76,15.77,2.95,901.8,16.6,1035.0,13.321617,75.78082
KA-CKM,2021-12-13,19.0,22.8,16.2,86,100,0.0,0.0,19.4,78,16.12,2.88,901.0,16.5,1035.0,13.321617,75.78082
KA-CKM,2021-12-14,19.0,22.8,16.9,86,100,0.5,0.5,19.8,79,15.0,2.73,900.4,16.5,1035.0,13.321617,75.78082
KA-CKM,2021-12-15,19.1,23.3,16.8,84,100,0.2,0.2,16.9,79,16.51,3.03,901.0,16.1,1035.0,13.321617,75.78082
KA-CKM,2021-12-16,18.6,22.9,15.5,82,100,0.0,0.0,15.6,66,16.7,3.07,901.6,15.2,1035.0,13.321617,75.78082
KA-CKM,2021-12-17,18.6,22.8,15.0,77,95,0.0,0.0,14.3,60,20.02,3.72,901.9,14.3,1035.0,13.321617,75.78082
KA-CKM,2021-12-18,17.9,22.8,13.2,73,93,0.0,0.0,12.7,60,21.21,3.96,901.2,12.7,1035.0,13.321617,75.78082
KA-CKM,2021-12-19,16.9,22.0,13.0,66,84,0.0,0.0,14.0,64,21.61,4.03,901.6,10.2,1035.0,13.321617,75.78082
KA-CKM,2021-12-20,16.5,22.4,10.6,74,98,0.0,0.0,13.8,70,21.73,3.84,901.5,11.3,1035.0,13.321617,75.78082
KA-CKM,2021-12-21,17.4,24.6,11.6,76,92,0.0,0.0,10.2,80,20.84,3.78,901.6,13.0,1035.0,13.321617,75.78082
KA-CKM,2021-12-22,18.4,24.3,13.4,68,84,0.0,0.0,10.5,58,21.14,4.02,900.6,12.2,1035.0,13.321617,75.78082
KA-CKM,2021-12-23,19.0,25.5,14.1,63,76,0.0,0.0,13.0,54,20.23,4.0,900.3,11.7,1035.0,13.321617,75.78082
KA-CKM,2021-12-24,19.0,25.4,13.5,61,80,0.0,0.0,10.5,69,21.2,4.2,900.4,10.9,1035.0,13.321617,75.78082
KA-CKM,2021-12-25,19.6,26.2,14.1,54,73,0.0,0.0,13.5,50,21.42,4.48,900.8,9.5,1035.0,13.321617,75.78082
KA-CKM,2021-12-26,20.1,26.0,13.7,51,72,0.0,0.0,13.4,61,21.45,4.69,902.0,9.0,1035.0,13.321617,75.78082
KA-CKM,2021-12-27,19.6,25.7,14.2,60,97,0.0,0.0,12.7,102,21.32,4.32,902.3,10.8,1035.0,13.321617,75.78082
KA-CKM,2021-12-28,18.6,24.8,12.3,64,95,0.0,0.0,10.8,87,21.46,4.15,901.4,10.8,1035.0,13.321617,75.78082
KA-CKM,2021-12-29,19.2,24.4,14.5,64,95,0.0,0.0,13.9,101,19.81,4.0,900.8,11.7,1035.0,13.321617,75.78082
KA-CKM,2021-12-30,18.8,25.1,12.2,67,100,0.1,0.1,15.3,84,21.29,4.29,901.6,11.6,1035.0,13.321617,75.78082
KA-CKM,2021-12-31,19.1,24.1,16.1,82,99,1.2,1.2,22.8,81,14.73,2.99,902.9,15.7,1035.0,13.321617,75.78082
KA-CKM,2022-01-01,19.4,24.5,16.5,81,98,2.1,2.1,22.3,84,14.89,3.03,903.3,15.7,1035.0,13.321617,75.78082
KA-CKM,2022-01-02,19.8,25.4,15.9,74,100,0.0,0.0,18.0,85,19.67,3.97,902.3,14.5,1035.0,13.321617,75.78082
KA-CKM,2022-01-03,19.4,24.5,15.2,69,98,0.0,0.0,13.0,75,19.94,4.07,901.7,13.1,1035.0,13.321617,75.78082
KA-CKM,2022-01-04,18.6,24.0,14.0,68,94,0.0,0.0,15.2,67,21.27,4.13,901.6,12.0,1035.0,13.321617,75.78082
KA-CKM,2022-01-05,18.7,25.7,13.1,69,89,0.0,0.0,14.1,78,20.28,3.95,901.4,12.5,1035.0,13.321617,75.78082
KA-CKM,2022-01-06,19.5,26.3,13.2,67,87,0.0,0.0,9.4,86,20.38,4.0,900.5,12.8,1035.0,13.321617,75.78082
KA-CKM,2022-01-07,19.8,25.5,15.8,73,89,0.4,0.4,11.4,189,17.02,3.43,900.8,14.3,1035.0,13.321617,75.78082
KA-CKM,2022-01-08,20.5,27.1,15.7,70,95,0.1,0.1,11.2,249,18.96,3.79,901.2,14.2,1035.0,13.321617,75.78082
KA-CKM,2022-01-09,19.9,27.0,14.6,69,92,0.0,0.0,11.0,246,17.8,3.64,900.1,13.3,1035.0,13.321617,75.78082
KA-CKM,2022-01-10,20.2,27.3,15.2,68,92,0.0,0.0,12.4,246,17.92,3.75,900.1,13.3,1035.0,13.321617,75.78082
KA-CKM,2022-01-11,20.5,27.6,15.5,65,91,0.0,0.0,13.5,248,20.51,4.37,900.3,12.7,1035.0,13.321617,75.78082
KA-CKM,2022-01-12,19.3,25.9,14.4,58,87,0.0,0.0,15.6,254,21.87,4.59,899.6,10.0,1035.0,13.321617,75.78082
KA-CKM,2022-01-13,19.0,25.1,14.6,58,79,0.0,0.0,21.9,245,21.92,4.76,899.3,10.0,1035.0,13.321617,75.78082
KA-CKM,2022-01-14,19.1,25.8,14.3,57,78,0.0,0.0,15.0,247,21.47,4.64,899.0,9.4,1035.0,13.321617,75.78082
KA-CKM,2022-01-15,19.7,27.7,13.5,59,84,0.0,0.0,9.5,253,21.66,4.34,899.5,10.4,1035.0,13.321617,75.78082
KA-CKM,2022-01-16,19.9,25.3,14.5,65,92,0.1,0.1,13.2,72,17.5,3.73,900.9,12.7,1035.0,13.321617,75.78082
KA-CKM,2022-01-17,19.6,24.4,14.9,70,95,1.3,1.3,14.8,75,17.56,3.68,902.7,13.6,1035.0,13.321617,75.78082
KA-CKM,2022-01-18,19.3,25.2,14.7,67,99,0.0,0.0,15.0,65,20.91,4.29,902.0,12.2,1035.0,13.321617,75.78082
KA-CKM,2022-01-19,19.2,25.1,13.7,57,85,0.0,0.0,12.1,52,22.33,4.59,900.8,9.8,1035.0,13.321617,75.78082
KA-CKM,2022-01-20,20.2,27.7,14.4,50,77,0.0,0.0,12.4,23,22.42,4.86,899.4,8.5,1035.0,13.321617,75.78082
KA-CKM,2022-01-21,20.7,28.5,14.2,48,73,0.0,0.0,15.1,339,22.77,5.16,899.5,7.3,1035.0,13.321617,75.78082
KA-CKM,2022-01-22,20.5,28.2,15.2,55,94,0.0,0.0,13.4,289,22.27,5.01,898.5,9.5,1035.0,13.321617,75.78082
KA-CKM,2022-01-23,19.5,26.2,14.8,50,96,0.0,0.0,15.4,282,22.5,5.2,898.0,7.7,1035.0,13.321617,75.78082
KA-CKM,2022-01-24,18.2,26.0,12.4,66,97,0.0,0.0,14.3,270,22.89,4.68,897.3,10.2,1035.0,13.321617,75.78082
KA-CKM,2022-01-25,17.9,26.1,11.6,65,93,0.0,0.0,11.5,252,21.81,4.36,897.2,10.0,1035.0,13.321617,75.78082
KA-CKM,2022-01-26,19.0,26.1,12.8,63,92,0.0,0.0,12.7,241,21.27,4.31,897.9,10.7,1035.0,13.321617,75.78082
KA-CKM,2022-01-27,19.5,25.2,13.7,69,93,0.0,0.0,15.5,59,17.87,3.88,898.3,13.1,1035.0,13.321617,75.78082
KA-CKM,2022-01-28,19.0,23.8,15.8,75,100,6.6,6.6,23.5,75,15.11,3.29,899.7,14.1,1035.0,13.321617,75.78082
KA-CKM,2022-01-29,19.6,26.3,14.3,69,95,0.0,0.0,19.8,78,20.91,4.22,900.8,13.2,1035.0,13.321617,75.78082
KA-CKM,2022-01-30,20.2,26.2,14.9,71,100,0.0,0.0,10.2,73,17.13,3.49,900.5,14.4,1035.0,13.321617,75.78082
KA-CKM,2022-01-31,22.1,28.7,16.8,63,87,0.0,0.0,14.8,73,21.38,4.54,899.8,14.2,1035.0,13.321617,75.78082
KA-CKM,2022-02-01,21.2,27.9,16.3,59,81,0.0,0.0,10.5,48,23.2,4.88,899.1,12.0,1035.0,13.321617,75.78082
KA-CKM,2022-02-02,21.3,29.0,15.0,61,93,0.0,0.0,9.1,26,22.32,4.67,899.6,12.2,1035.0,13.321617,75.78082
KA-CKM,2022-02-03,20.9,29.0,15.2,68,94,0.0,0.0,17.8,255,21.36,4.67,899.4,13.7,1035.0,13.321617,75.78082
KA-CKM,2022-02-04,20.1,28.2,14.6,54,85,0.0,0.0,13.5,274,24.04,5.33,898.2,9.3,1035.0,13.321617,75.78082
KA-CKM,2022-02-05,20.5,28.9,14.3,51,80,0.0,0.0,11.9,29,24.08,5.28,898.3,8.2,1035.0,13.321617,75.78082
KA-CKM,2022-02-06,20.8,27.7,15.3,60,96,0.0,0.0,14.7,91,20.98,4.5,900.5,11.7,1035.0,13.321617,75.78082
KA-CKM,2022-02-07,20.4,27.4,14.1,67,95,0.0,0.0,15.0,69,21.15,4.4,901.1,13.1,1035.0,13.321617,75.78082
KA-CKM,2022-02-08,20.9,27.7,15.1,62,88,0.0,0.0,10.6,80,21.73,4.55,900.2,12.1,1035.0,13.321617,75.78082
KA-CKM,2022-02-09,20.7,27.0,14.4,61,93,0.0,0.0,11.8,85,22.34,4.69,899.7,12.0,1035.0,13.321617,75.78082
KA-CKM,2022-02-10,20.8,27.1,14.7,59,93,0.0,0.0,13.6,73,22.98,5.02,899.7,11.8,1035.0,13.321617,75.78082
KA-CKM,2022-02-11,21.0,27.5,14.9,40,69,0.0,0.0,18.2,67,24.2,5.87,899.6,5.5,1035.0,13.321617,75.78082
KA-CKM,2022-02-12,20.7,26.8,14.7,51,85,0.0,0.0,16.7,70,24.11,5.51,899.5,9.2,1035.0,13.321617,75.78082
KA-CKM,2022-02-13,21.0,27.2,14.6,57,88,0.2,0.2,13.4,70,22.2,4.88,898.6,11.5,1035.0,13.321617,75.78082
KA-CKM,2022-02-14,21.0,27.2,15.6,55,77,0.0,0.0,14.0,67,20.01,4.49,898.4,10.9,1035.0,13.321617,75.78082
KA-CKM,2022-02-15,20.7,26.7,14.3,57,91,0.0,0.0,12.3,129,17.57,3.99,898.3,11.1,1035.0,13.321617,75.78082
KA-CKM,2022-02-16,20.5,25.5,14.6,66,92,0.0,0.0,9.3,51,14.82,3.12,896.9,13.3,1035.0,13.321617,75.78082
KA-CKM,2022-02-17,21.8,27.3,15.6,58,92,0.0,0.0,10.3,79,19.65,4.23,896.2,12.4,1035.0,13.321617,75.78082
KA-CKM,2022-02-18,21.6,28.5,14.6,49,88,0.0,0.0,13.2,112,21.93,5.04,897.7,9.3,1035.0,13.321617,75.78082
KA-CKM,2022-02-19,21.4,28.0,14.4,48,92,0.0,0.0,14.8,80,24.87,5.66,899.7,8.2,1035.0,13.321617,75.78082
KA-CKM,2022-02-20,21.9,30.2,15.5,53,89,0.0,0.0,11.2,75,24.91,5.48,899.7,10.5,1035.0,13.321617,75.78082
KA-CKM,2022-02-21,22.5,30.2,15.9,49,87,0.0,0.0,15.7,359,24.83,5.72,898.5,9.9,1035.0,13.321617,75.78082
KA-CKM,2022-02-22,22.8,29.4,15.9,45,64,0.0,0.0,13.5,47,25.05,5.75,899.6,9.0,1035.0,13.321617,75.78082
KA-CKM,2022-02-23,22.5,28.6,15.8,49,83,0.0,0.0,17.2,77,24.86,5.82,901.8,10.4,1035.0,13.321617,75.78082
KA-CKM,2022-02-24,21.2,28.2,14.9,47,77,0.0,0.0,14.1,79,25.28,5.67,902.5,8.3,1035.0,13.321617,75.78082
KA-CKM,2022-02-25,21.4,28.6,14.8,36,75,0.0,0.0,13.6,58,25.76,6.17,901.6,4.0,1035.0,13.321617,75.78082
KA-CKM,2022-02-26,21.2,28.8,13.4,38,76,0.0,0.0,13.6,69,25.92,6.05,901.3,4.4,1035.0,13.321617,75.78082
KA-CKM,2022-02-27,21.6,28.8,14.1,42,82,0.0,0.0,13.7,68,25.46,6.06,901.7,6.8,1035.0,13.321617,75.78082
KA-CKM,2022-02-28,21.8,28.9,15.4,40,70,0.0,0.0,14.8,71,25.42,6.0,901.4,6.4,1035.0,13.321617,75.78082
KA-CKM,2022-03-01,22.4,28.4,15.4,38,72,0.0,0.0,13.7,66,23.98,5.75,901.4,6.5,1035.0,13.321617,75.78082
KA-CKM,2022-03-02,22.1,28.8,14.5,31,59,0.0,0.0,18.7,74,25.74,6.61,901.1,2.1,1035.0,13.321617,75.78082
KA-CKM,2022-03-03,21.9,29.1,14.5,31,64,0.0,0.0,22.3,70,26.39,6.9,900.7,2.4,1035.0,13.321617,75.78082
KA-CKM,2022-03-04,22.5,29.3,16.6,34,62,0.0,0.0,20.0,62,26.33,7.0,901.0,3.6,1035.0,13.321617,75.78082
KA-CKM,2022-03-05,22.2,29.2,15.7,33,59,0.0,0.0,16.6,60,26.23,6.42,900.3,3.7,1035.0,13.321617,75.78082
KA-CKM,2022-03-06,22.2,28.8,14.6,39,68,0.0,0.0,18.3,70,25.52,6.43,899.7,6.6,1035.0,13.321617,75.78082
KA-CKM,2022-03-07,21.8,29.0,15.8,60,85,0.0,0.0,18.3,84,22.88,5.34,899.8,13.0,1035.0,13.321617,75.78082
KA-CKM,2022-03-08,22.8,28.8,17.1,62,97,0.0,0.0,15.2,94,20.51,4.66,900.0,13.9,1035.0,13.321617,75.78082
KA-CKM,2022-03-09,23.1,30.8,17.0,51,86,0.0,0.0,14.2,73,23.88,5.58,899.6,10.7,1035.0,13.321617,75.78082
KA-CKM,2022-03-10,23.0,30.5,16.1,49,92,0.0,0.0,15.3,79,22.76,5.61,899.5,9.6,1035.0,13.321617,75.78082
KA-CKM,2022-03-11,23.7,30.3,16.6,41,85,0.0,0.0,16.3,83,25.2,6.23,899.4,7.6,1035.0,13.321617,75.78082
KA-CKM,2022-03-12,23.9,30.2,18.0,35,61,0.0,0.0,15.0,78,24.94,6.29,899.2,6.2,1035.0,13.321617,75.78082
KA-CKM,2022-03-13,23.5,30.3,16.2,38,65,0.0,0.0,18.1,67,26.02,6.67,899.4,7.2,1035.0,13.321617,75.78082
KA-CKM,2022-03-14,24.3,31.1,17.9,39,66,0.0,0.0,16.5,74,25.89,6.49,899.9,8.5,1035.0,13.321617,75.78082
KA-CKM,2022-03-15,24.3,31.3,18.8,40,93,0.0,0.0,14.7,62,26.05,6.35,899.2,8.2,1035.0,13.321617,75.78082
KA-CKM,2022-03-16,24.0,31.2,15.9,50,96,0.0,0.0,17.0,40,25.73,6.3,898.1,9.9,1035.0,13.321617,75.78082
KA-CKM,2022-03-17,24.7,32.0,18.7,39,93,0.0,0.0,17.6,39,26.23,6.43,897.8,7.2,1035.0,13.321617,75.78082
KA-CKM,2022-03-18,23.7,31.6,17.7,61,100,0.0,0.0,19.6,252,19.38,4.96,897.6,13.4,1035.0,13.321617,75.78082
KA-CKM,2022-03-19,21.5,28.5,18.4,78,100,3.1,3.1,13.0,260,14.34,3.23,897.6,17.0,1035.0,13.321617,75.78082
KA-CKM,2022-03-20,21.6,28.2,19.0,73,88,3.2,3.2,14.6,270,17.2,3.75,897.8,16.1,1035.0,13.321617,75.78082
KA-CKM,2022-03-21,22.7,30.7,17.7,69,92,0.6,0.6,12.7,277,20.0,4.35,897.8,15.6,1035.0,13.321617,75.78082
KA-CKM,2022-03-22,23.0,29.2,18.3,71,99,0.0,0.0,13.0,307,14.17,3.43,898.2,16.3,1035.0,13.321617,75.78082
KA-CKM,2022-03-23,23.7,29.8,18.5,66,97,1.4,1.4,14.8,63,17.38,4.18,897.7,16.1,1035.0,13.321617,75.78082
KA-CKM,2022-03-24,23.0,29.8,19.6,72,94,1.1,1.1,15.9,236,15.66,3.68,897.9,17.0,1035.0,13.321617,75.78082
KA-CKM,2022-03-25,23.0,29.7,19.7,71,93,0.3,0.3,11.6,311,14.84,3.41,898.6,17.0,1035.0,13.321617,75.78082
KA-CKM,2022-03-26,23.9,31.6,18.4,67,94,0.1,0.1,14.4,342,21.96,5.11,900.2,16.0,1035.0,13.321617,75.78082
KA-CKM,2022-03-27,24.6,31.9,18.3,63,99,0.0,0.0,17.3,40,23.68,5.84,900.8,14.8,1035.0,13.321617,75.78082
KA-CKM,2022-03-28,25.1,31.8,18.8,60,95,0.0,0.0,15.5,24,23.07,5.65,900.3,15.1,1035.0,13.321617,75.78082
KA-CKM,2022-03-29,23.8,30.2,19.6,74,100,4.2,4.2,12.8,282,21.33,4.64,899.5,17.8,1035.0,13.321617,75.78082
KA-CKM,2022-03-30,24.3,31.5,19.5,71,100,0.4,0.4,12.6,272,22.25,4.89,899.5,17.2,1035.0,13.321617,75.78082
KA-CKM,2022-03-31,23.9,31.2,19.7,74,100,1.0,1.0,13.7,279,21.56,4.71,899.7,17.8,1035.0,13.321617,75.78082
KA-CKM,2022-04-01,24.0,30.3,19.5,70,98,0.7,0.7,12.6,266,19.25,4.3,899.4,17.3,1035.0,13.321617,75.78082
KA-CKM,2022-04-02,23.5,31.2,19.2,74,100,1.9,1.9,12.9,270,21.38,4.68,900.3,17.5,1035.0,13.321617,75.78082
KA-CKM,2022-04-03,24.3,31.4,19.2,63,99,0.0,0.0,16.3,42,24.62,5.85,899.6,14.8,1035.0,13.321617,75.78082
KA-CKM,2022-04-04,24.4,32.3,18.0,61,99,0.0,0.0,17.1,132,26.0,6.13,900.2,14.3,1035.0,13.321617,75.78082
KA-CKM,2022-04-05,24.3,31.0,19.2,58,94,0.0,0.0,17.3,87,24.53,5.93,901.6,13.8,1035.0,13.321617,75.78082
KA-CKM,2022-04-06,23.7,31.6,18.0,65,99,0.0,0.0,16.9,360,23.55,5.41,901.7,14.6,1035.0,13.321617,75.78082
KA-CKM,2022-04-07,24.3,30.7,17.8,61,100,0.0,0.0,16.9,47,24.0,5.8,900.6,14.5,1035.0,13.321617,75.78082
KA-CKM,2022-04-08,24.9,32.1,19.2,54,98,0.0,0.0,17.7,47,26.67,6.37,899.9,12.8,1035.0,13.321617,75.78082
KA-CKM,2022-04-09,24.3,30.8,19.9,68,100,0.0,0.0,16.6,351,21.93,5.2,899.2,16.1,1035.0,13.321617,75.78082
KA-CKM,2022-04-10,24.0,30.8,19.3,67,100,0.0,0.0,18.7,13,20.57,4.99,898.8,16.1,1035.0,13.321617,75.78082
KA-CKM,2022-04-11,25.0,31.4,19.7,59,97,0.0,0.0,16.3,22,24.06,5.81,898.1,14.8,1035.0,13.321617,75.78082
KA-CKM,2022-04-12,25.1,31.7,19.5,63,95,0.0,0.0,16.1,51,23.63,5.83,897.4,15.3,1035.0,13.321617,75.78082
KA-CKM,2022-04-13,23.6,29.9,20.2,76,99,2.4,2.4,13.2,79,17.2,4.03,897.0,18.2,1035.0,13.321617,75.78082
KA-CKM,2022-04-14,22.6,27.6,19.6,80,99,0.0,0.0,12.4,234,9.87,2.35,897.7,18.4,1035.0,13.321617,75.78082
KA-CKM,2022-04-15,23.1,30.9,18.6,73,98,2.3,2.3,11.3,280,16.53,3.69,897.8,17.4,1035.0,13.321617,75.78082
KA-CKM,2022-04-16,22.6,30.6,19.0,81,99,15.0,15.0,14.9,289,19.31,3.96,897.0,18.5,1035.0,13.321617,75.78082
KA-CKM,2022-04-17,21.3,27.2,18.6,86,98,12.9,12.9,16.9,286,19.42,3.71,897.6,18.7,1035.0,13.321617,75.78082
KA-CKM,2022-04-18,21.2,27.2,18.8,86,100,8.8,8.8,13.0,291,18.36,3.54,899.2,18.6,1035.0,13.321617,75.78082
KA-CKM,2022-04-19,23.6,29.6,18.9,74,100,0.0,0.0,13.8,348,21.73,4.68,900.2,17.7,1035.0,13.321617,75.78082
KA-CKM,2022-04-20,24.5,31.1,19.5,68,99,0.0,0.0,12.0,21,24.93,5.5,898.6,17.1,1035.0,13.321617,75.78082
KA-CKM,2022-04-21,24.5,30.0,19.4,70,100,0.0,0.0,13.4,109,23.79,5.23,897.8,17.5,1035.0,13.321617,75.78082
KA-CKM,2022-04-22,24.2,30.3,19.1,70,100,0.0,0.0,14.9,52,25.14,5.57,898.5,17.1,1035.0,13.321617,75.78082
KA-CKM,2022-04-23,23.7,28.9,18.4,69,100,0.0,0.0,10.1,96,21.92,4.72,899.2,16.8,1035.0,13.321617,75.78082
KA-CKM,2022-04-24,24.0,29.8,19.5,68,100,0.0,0.0,14.7,17,21.1,4.82,898.5,16.8,1035.0,13.321617,75.78082
KA-CKM,2022-04-25,24.5,31.2,19.4,60,87,0.1,0.1,15.2,278,20.48,4.76,898.1,15.6,1035.0,13.321617,75.78082
KA-CKM,2022-04-26,25.0,31.0,20.1,67,100,0.1,0.1,17.0,19,22.68,5.29,898.5,17.2,1035.0,13.321617,75.78082
KA-CKM,2022-04-27,25.8,32.4,20.4,60,93,0.0,0.0,13.0,66,25.61,5.97,897.9,16.3,1035.0,13.321617,75.78082
KA-CKM,2022-04-28,24.5,32.5,20.7,76,100,0.0,0.0,15.5,277,22.65,4.95,899.1,18.7,1035.0,13.321617,75.78082
KA-CKM,2022-04-29,25.4,32.8,19.8,66,97,0.4,0.4,15.7,343,24.39,5.69,899.1,17.1,1035.0,13.321617,75.78082
KA-CKM,2022-04-30,24.5,30.8,20.1,76,100,0.3,0.3,17.4,291,21.97,4.85,898.7,19.3,1035.0,13.321617,75.78082
KA-CKM,2022-05-01,23.9,30.9,20.5,79,100,0.4,0.4,18.4,289,21.33,4.63,897.5,19.4,1035.0,13.321617,75.78082
KA-CKM,2022-05-02,24.0,30.5,19.6,74,100,0.1,0.1,14.3,291,24.53,5.33,897.4,17.8,1035.0,13.321617,75.78082
KA-CKM,2022-05-03,23.9,30.8,19.2,77,100,0.2,0.2,17.9,290,22.97,4.91,897.7,18.8,1035.0,13.321617,75.78082
KA-CKM,2022-05-04,23.3,30.7,19.8,82,100,14.5,14.5,12.8,294,19.32,4.08,898.6,19.7,1035.0,13.321617,75.78082
KA-CKM,2022-05-05,23.1,29.9,20.3,83,100,5.8,5.8,12.9,309,19.6,4.09,898.3,19.5,1035.0,13.321617,75.78082
KA-CKM,2022-05-06,22.0,28.3,18.7,82,93,15.8,15.8,11.7,306,20.43,4.07,897.5,18.7,1035.0,13.321617,75.78082
KA-CKM,2022-05-07,23.2,29.5,19.3,78,98,0.4,0.4,14.1,295,21.25,4.45,897.1,18.7,1035.0,13.321617,75.78082
KA-CKM,2022-05-08,23.9,30.9,19.4,74,97,0.0,0.0,12.4,296,22.98,5.04,895.8,18.1,1035.0,13.321617,75.78082
KA-CKM,2022-05-09,22.6,27.3,20.2,87,100,1.8,1.8,18.4,285,15.98,3.33,895.0,20.1,1035.0,13.321617,75.78082
KA-CKM,2022-05-10,21.9,25.3,19.9,88,99,6.8,6.8,25.1,282,11.93,2.52,894.6,19.7,1035.0,13.321617,75.78082
KA-CKM,2022-05-11,20.0,21.0,19.2,94,99,4.8,4.8,27.4,272,5.1,1.14,895.1,19.0,1035.0,13.321617,75.78082
KA-CKM,2022-05-12,20.4,23.3,17.8,91,99,0.1,0.1,27.3,282,13.62,2.45,895.3,18.8,1035.0,13.321617,75.78082
KA-CKM,2022-05-13,21.1,24.9,19.3,90,99,1.6,1.6,24.7,282,15.21,2.82,895.5,19.4,1035.0,13.321617,75.78082
KA-CKM,2022-05-14,21.6,25.8,19.6,90,100,6.0,6.0,18.9,286,14.79,2.85,895.9,19.8,1035.0,13.321617,75.78082
KA-CKM,2022-05-15,21.9,26.1,19.5,88,99,2.0,2.0,17.8,291,18.68,3.6,896.6,19.7,1035.0,13.321617,75.78082
KA-CKM,2022-05-16,22.0,28.0,19.4,88,100,17.4,17.4,16.9,306,16.57,3.34,895.8,19.8,1035.0,13.321617,75.78082
KA-CKM,2022-05-17,21.3,24.9,19.3,91,99,20.9,20.9,11.7,347,8.9,1.89,894.5,19.7,1035.0,13.321617,75.78082
KA-CKM,2022-05-18,20.4,22.1,18.9,95,100,44.4,44.4,13.7,33,6.1,1.27,894.3,19.4,1035.0,13.321617,75.78082
KA-CKM,2022-05-19,18.5,19.6,17.0,94,99,30.0,30.0,26.2,257,9.26,1.59,894.8,17.5,1035.0,13.321617,75.78082
KA-CKM,2022-05-20,19.6,22.7,17.3,91,100,2.8,2.8,22.9,257,14.6,2.58,896.8,17.9,1035.0,13.321617,75.78082
KA-CKM,2022-05-21,20.1,23.4,16.9,86,100,0.0,0.0,20.9,279,17.19,3.21,897.1,17.4,1035.0,13.321617,75.78082
KA-CKM,2022-05-22,20.6,24.2,18.6,91,100,2.9,2.9,20.2,265,17.92,3.1,896.0,19.0,1035.0,13.321617,75.78082
KA-CKM,2022-05-23,22.0,26.6,19.1,87,100,1.6,1.6,17.2,271,21.66,4.1,895.7,19.5,1035.0,13.321617,75.78082
KA-CKM,2022-05-24,22.3,27.8,19.6,86,100,1.3,1.3,16.2,286,21.93,4.25,897.6,19.5,1035.0,13.321617,75.78082
KA-CKM,2022-05-25,22.6,27.1,19.3,83,100,0.4,0.4,13.0,304,23.22,4.59,898.8,19.1,1035.0,13.321617,75.78082
KA-CKM,2022-05-26,22.0,27.2,18.5,81,100,0.8,0.8,15.5,280,24.01,4.77,898.8,18.3,1035.0,13.321617,75.78082
KA-CKM,2022-05-27,21.2,26.9,18.0,82,100,1.1,1.1,16.6,276,23.92,4.59,898.5,17.7,1035.0,13.321617,75.78082
KA-CKM,2022-05-28,21.0,25.1,18.4,86,100,1.3,1.3,15.9,273,20.32,3.8,897.7,18.3,1035.0,13.321617,75.78082
KA-CKM,2022-05-29,21.2,27.0,17.4,82,98,0.9,0.9,13.5,276,23.05,4.47,897.6,17.8,1035.0,13.321617,75.78082
KA-CKM,2022-05-30,21.4,25.8,17.7,83,98,0.7,0.7,14.9,280,21.56,4.17,897.1,18.3,1035.0,13.321617,75.78082
KA-CKM,2022-05-31,21.5,25.6,18.6,85,99,2.8,2.8,16.6,282,20.46,3.97,896.6,18.6,1035.0,13.321617,75.78082
KA-CKM,2022-06-01,21.2,26.9,18.7,89,100,17.8,17.8,14.0,273,17.85,3.43,896.5,19.1,1035.0,13.321617,75.78082
KA-CKM,2022-06-02,21.3,27.1,18.2,88,99,7.3,7.3,14.4,276,18.98,3.65,896.8,19.1,1035.0,13.321617,75.78082
KA-CKM,2022-06-03,21.3,28.0,18.3,88,99,7.3,7.3,16.8,282,20.72,4.03,896.3,19.0,1035.0,13.321617,75.78082
KA-CKM,2022-06-04,22.5,28.4,19.0,86,100,4.3,4.3,14.7,284,24.13,4.71,896.3,19.8,1035.0,13.321617,75.78082
KA-CKM,2022-06-05,22.4,28.6,19.0,87,100,13.1,13.1,14.8,274,21.91,4.25,896.3,19.8,1035.0,13.321617,75.78082
KA-CKM,2022-06-06,21.8,26.0,19.2,86,98,17.2,17.2,13.7,278,18.86,3.61,896.7,19.3,1035.0,13.321617,75.78082
KA-CKM,2022-06-07,21.0,26.0,18.7,90,100,2.1,2.1,17.0,260,16.92,3.17,897.0,19.3,1035.0,13.321617,75.78082
KA-CKM,2022-06-08,21.1,26.2,18.7,88,100,4.0,4.0,18.4,268,18.83,3.54,897.0,18.9,1035.0,13.321617,75.78082
KA-CKM,2022-06-09,21.6,26.5,18.7,84,100,0.8,0.8,20.2,263,24.22,4.53,896.7,18.5,1035.0,13.321617,75.78082
KA-CKM,2022-06-10,20.8,25.3,18.5,90,100,2.2,2.2,21.4,249,20.67,3.61,897.0,18.9,1035.0,13.321617,75.78082
KA-CKM,2022-06-11,20.5,24.7,18.5,90,100,3.8,3.8,20.6,245,18.74,3.3,897.6,18.7,1035.0,13.321617,75.78082
KA-CKM,2022-06-12,20.1,23.4,18.3,92,100,2.2,2.2,19.7,247,14.07,2.52,897.3,18.7,1035.0,13.321617,75.78082
KA-CKM,2022-06-13,20.8,24.3,18.1,88,100,4.0,4.0,16.5,253,19.95,3.62,898.1,18.6,1035.0,13.321617,75.78082
KA-CKM,2022-06-14,21.2,25.5,18.3,87,100,5.0,5.0,14.2,266,18.77,3.61,897.9,18.8,1035.0,13.321617,75.78082
KA-CKM,2022-06-15,21.1,26.8,18.6,88,100,1.1,1.1,19.8,280,16.5,3.21,897.2,18.9,1035.0,13.321617,75.78082
KA-CKM,2022-06-16,21.1,25.1,18.3,88,100,12.0,12.0,14.6,278,16.71,3.18,897.0,18.9,1035.0,13.321617,75.78082
KA-CKM,2022-06-17,21.1,26.4,18.7,88,99,6.1,6.1,12.6,283,19.23,3.69,896.4,18.7,1035.0,13.321617,75.78082
KA-CKM,2022-06-18,20.5,24.6,18.5,92,100,8.1,8.1,10.9,276,13.0,2.46,896.6,18.9,1035.0,13.321617,75.78082
KA-CKM,2022-06-19,20.6,25.2,18.5,89,100,3.6,3.6,13.7,268,15.04,2.86,897.2,18.7,1035.0,13.321617,75.78082
KA-CKM,2022-06-20,20.7,26.2,18.5,88,100,3.1,3.1,18.8,267,19.76,3.62,896.5,18.4,1035.0,13.321617,75.78082
KA-CKM,2022-06-21,19.4,20.6,18.6,96,100,14.7,14.7,19.1,265,7.26,1.32,895.2,18.7,1035.0,13.321617,75.78082
KA-CKM,2022-06-22,19.7,22.2,18.0,93,100,2.0,2.0,22.6,247,13.76,2.34,896.0,18.5,1035.0,13.321617,75.78082
KA-CKM,2022-06-23,20.0,23.2,17.9,93,100,4.2,4.2,18.2,244,13.53,2.33,896.8,18.8,1035.0,13.321617,75.78082
KA-CKM,2022-06-24,19.6,21.3,18.4,94,100,2.4,2.4,21.1,248,8.14,1.49,896.3,18.7,1035.0,13.321617,75.78082
KA-CKM,2022-06-25,19.3,21.4,18.3,95,100,5.9,5.9,23.0,251,11.72,1.89,894.7,18.5,1035.0,13.321617,75.78082
KA-CKM,2022-06-26,19.9,23.5,18.1,92,100,5.8,5.8,24.5,250,18.6,2.98,895.0,18.6,1035.0,13.321617,75.78082
KA-CKM,2022-06-27,19.7,23.0,17.7,91,100,4.4,4.4,24.7,252,18.63,3.08,896.5,18.2,1035.0,13.321617,75.78082
KA-CKM,2022-06-28,20.2,23.9,18.1,90,100,2.1,2.1,20.3,261,19.04,3.32,896.7,18.3,1035.0,13.321617,75.78082
KA-CKM,2022-06-29,19.9,22.6,18.6,94,100,2.7,2.7,23.8,267,12.77,2.14,895.6,18.8,1035.0,13.321617,75.78082
KA-CKM,2022-06-30,20.0,22.6,18.7,94,100,6.5,6.5,20.5,269,14.11,2.37,895.3,18.9,1035.0,13.321617,75.78082
KA-CKM,2022-07-01,19.8,21.8,18.7,94,100,3.6,3.6,27.2,274,11.87,1.94,895.7,18.8,1035.0,13.321617,75.78082
KA-CKM,2022-07-02,20.1,22.6,18.8,93,99,3.9,3.9,22.7,280,15.02,2.52,895.1,18.8,1035.0,13.321617,75.78082
KA-CKM,2022-07-03,20.4,23.5,18.6,90,99,4.6,4.6,24.1,271,20.1,3.37,895.2,18.5,1035.0,13.321617,75.78082
KA-CKM,2022-07-04,19.0,19.8,18.3,97,99,27.0,27.0,25.1,262,5.41,0.96,894.9,18.5,1035.0,13.321617,75.78082
KA-CKM,2022-07-05,19.0,19.5,18.6,98,100,66.3,66.3,23.7,265,2.7,0.58,894.0,18.6,1035.0,13.321617,75.78082
KA-CKM,2022-07-06,19.3,21.2,18.5,95,98,20.9,20.9,22.0,266,10.96,1.83,895.3,18.4,1035.0,13.321617,75.78082
KA-CKM,2022-07-07,19.2,21.2,18.2,95,100,17.9,17.9,23.7,267,9.75,1.65,897.2,18.3,1035.0,13.321617,75.78082
KA-CKM,2022-07-08,18.9,20.2,18.2,96,99,14.0,14.0,25.7,273,6.12,1.09,896.5,18.2,1035.0,13.321617,75.78082
KA-CKM,2022-07-09,18.7,19.8,18.2,96,98,21.4,21.4,28.5,271,5.41,0.98,895.0,18.1,1035.0,13.321617,75.78082
KA-CKM,2022-07-10,18.7,19.9,17.8,96,99,14.0,14.0,26.9,276,6.03,1.08,895.4,18.1,1035.0,13.321617,75.78082
KA-CKM,2022-07-11,18.4,19.3,17.8,97,99,21.1,21.1,26.0,269,5.32,0.94,897.1,17.9,1035.0,13.321617,75.78082
KA-CKM,2022-07-12,18.9,21.0,17.5,95,100,9.0,9.0,25.9,264,14.14,2.17,896.9,18.0,1035.0,13.321617,75.78082
KA-CKM,2022-07-13,18.6,20.4,17.9,96,100,19.0,19.0,26.3,262,9.22,1.44,894.7,18.0,1035.0,13.321617,75.78082
KA-CKM,2022-07-14,18.8,21.0,17.9,95,99,29.0,29.0,28.9,258,12.2,1.84,893.4,18.0,1035.0,13.321617,75.78082
KA-CKM,2022-07-15,19.3,21.5,17.8,94,99,17.9,17.9,27.6,257,17.0,2.52,894.4,18.3,1035.0,13.321617,75.78082
KA-CKM,2022-07-16,19.6,22.7,18.3,95,100,20.7,20.7,26.6,260,13.29,2.1,895.5,18.7,1035.0,13.321617,75.78082
KA-CKM,2022-07-17,19.9,23.1,18.3,92,100,5.9,5.9,24.2,271,14.36,2.43,896.3,18.6,1035.0,13.321617,75.78082
KA-CKM,2022-07-18,19.6,21.8,18.2,93,99,2.4,2.4,24.5,277,12.57,2.13,896.7,18.3,1035.0,13.321617,75.78082
KA-CKM,2022-07-19,20.2,24.4,18.2,91,100,2.4,2.4,18.3,270,15.71,2.82,897.0,18.6,1035.0,13.321617,75.78082
KA-CKM,2022-07-20,20.7,26.7,18.5,90,100,8.1,8.1,16.1,289,17.94,3.31,897.2,18.9,1035.0,13.321617,75.78082
KA-CKM,2022-07-21,20.7,25.3,18.6,89,100,4.2,4.2,15.4,289,18.3,3.41,897.2,18.6,1035.0,13.321617,75.78082
KA-CKM,2022-07-22,20.0,23.6,18.3,92,100,3.8,3.8,18.7,289,14.83,2.64,897.4,18.5,1035.0,13.321617,75.78082
KA-CKM,2022-07-23,20.1,23.1,18.4,90,99,2.4,2.4,22.1,277,16.71,2.96,896.7,18.2,1035.0,13.321617,75.78082
KA-CKM,2022-07-24,20.2,24.1,18.1,87,100,1.9,1.9,25.3,274,19.47,3.45,896.8,17.8,1035.0,13.321617,75.78082
KA-CKM,2022-07-25,20.4,24.5,17.7,85,99,1.0,1.0,18.9,284,19.76,3.65,897.6,17.6,1035.0,13.321617,75.78082
KA-CKM,2022-07-26,20.6,24.9,18.4,86,99,11.1,11.1,16.7,292,19.71,3.72,898.2,17.9,1035.0,13.321617,75.78082
KA-CKM,2022-07-27,20.2,25.8,17.4,90,100,33.3,33.3,10.0,310,16.81,3.2,897.5,18.5,1035.0,13.321617,75.78082
KA-CKM,2022-07-28,20.8,26.0,17.1,89,100,3.0,3.0,6.9,41,19.7,3.74,897.7,18.7,1035.0,13.321617,75.78082
KA-CKM,2022-07-29,21.4,26.7,17.7,88,100,7.6,7.6,9.1,56,21.49,4.06,897.7,19.2,1035.0,13.321617,75.78082
KA-CKM,2022-07-30,21.4,27.0,18.3,88,99,30.8,30.8,10.1,330,20.18,3.9,897.1,19.1,1035.0,13.321617,75.78082
KA-CKM,2022-07-31,21.4,26.1,19.5,90,100,19.9,19.9,11.1,298,16.3,3.14,895.6,19.4,1035.0,13.321617,75.78082
KA-CKM,2022-08-01,21.0,25.5,19.4,90,98,13.2,13.2,11.8,313,13.95,2.69,895.4,19.2,1035.0,13.321617,75.78082
KA-CKM,2022-08-02,20.8,24.5,19.1,89,97,20.4,20.4,13.5,320,15.02,2.88,894.2,18.9,1035.0,13.321617,75.78082
KA-CKM,2022-08-03,20.3,25.1,18.6,92,99,25.0,25.0,9.0,335,12.89,2.52,893.6,18.8,1035.0,13.321617,75.78082
KA-CKM,2022-08-04,20.1,24.8,18.5,94,99,33.8,33.8,23.7,267,11.11,2.11,893.7,18.9,1035.0,13.321617,75.78082
KA-CKM,2022-08-05,18.9,19.6,18.3,97,100,46.7,46.7,25.4,254,4.09,0.75,894.1,18.4,1035.0,13.321617,75.78082
KA-CKM,2022-08-06,19.2,21.2,18.3,96,98,33.8,33.8,24.1,260,9.6,1.53,894.1,18.5,1035.0,13.321617,75.78082
KA-CKM,2022-08-07,19.0,19.9,18.3,97,100,35.2,35.2,22.8,261,6.31,1.08,893.4,18.5,1035.0,13.321617,75.78082
KA-CKM,2022-08-08,19.0,20.1,18.1,97,99,23.9,23.9,25.1,254,10.07,1.51,893.2,18.4,1035.0,13.321617,75.78082
KA-CKM,2022-08-09,19.1,21.1,18.0,94,99,13.9,13.9,33.5,250,15.79,2.28,893.3,18.1,1035.0,13.321617,75.78082
KA-CKM,2022-08-10,18.9,21.3,17.8,96,100,19.9,19.9,26.4,250,15.36,2.2,893.4,18.1,1035.0,13.321617,75.78082
KA-CKM,2022-08-11,19.1,21.4,17.8,95,100,14.6,14.6,25.3,254,15.94,2.39,895.0,18.3,1035.0,13.321617,75.78082
KA-CKM,2022-08-12,20.1,23.9,18.0,88,100,3.5,3.5,28.5,263,20.81,3.51,896.4,17.9,1035.0,13.321617,75.78082
KA-CKM,2022-08-13,19.7,23.1,17.8,86,99,5.1,5.1,25.9,273,19.53,3.46,896.9,17.1,1035.0,13.321617,75.78082
KA-CKM,2022-08-14,19.9,24.1,17.2,86,96,0.9,0.9,23.9,277,16.24,3.11,897.7,17.3,1035.0,13.321617,75.78082
KA-CKM,2022-08-15,20.2,24.5,17.6,85,98,0.1,0.1,17.7,278,16.83,3.25,898.1,17.5,1035.0,13.321617,75.78082
KA-CKM,2022-08-16,20.6,26.6,16.5,82,97,0.5,0.5,17.0,284,22.23,4.32,897.9,17.1,1035.0,13.321617,75.78082
KA-CKM,2022-08-17,21.1,27.1,17.3,78,96,0.2,0.2,16.2,290,23.48,4.71,898.2,16.8,1035.0,13.321617,75.78082
KA-CKM,2022-08-18,20.8,26.6,18.1,86,98,1.1,1.1,17.2,291,18.32,3.56,898.1,18.1,1035.0,13.321617,75.78082
KA-CKM,2022-08-19,20.5,24.5,18.1,86,100,0.9,0.9,19.1,287,19.08,3.55,898.1,17.9,1035.0,13.321617,75.78082
KA-CKM,2022-08-20,20.4,24.3,17.9,88,99,1.7,1.7,19.6,283,16.64,3.12,897.9,18.2,1035.0,13.321617,75.78082
KA-CKM,2022-08-21,20.0,22.7,18.7,92,99,3.6,3.6,20.9,282,14.74,2.54,897.2,18.6,1035.0,13.321617,75.78082
KA-CKM,2022-08-22,19.9,23.6,18.6,91,99,4.6,4.6,26.8,277,17.56,2.86,896.5,18.4,1035.0,13.321617,75.78082
KA-CKM,2022-08-23,19.7,23.6,18.2,92,100,3.3,3.3,22.8,270,17.54,2.9,897.1,18.2,1035.0,13.321617,75.78082
KA-CKM,2022-08-24,19.5,23.3,18.0,92,100,2.8,2.8,17.7,284,13.35,2.39,898.4,18.1,1035.0,13.321617,75.78082
KA-CKM,2022-08-25,20.2,24.5,18.3,90,99,4.4,4.4,14.5,299,16.05,3.0,897.3,18.3,1035.0,13.321617,75.78082
KA-CKM,2022-08-26,20.0,24.6,18.2,91,100,12.2,12.2,14.8,301,14.46,2.71,896.7,18.5,1035.0,13.321617,75.78082
KA-CKM,2022-08-27,20.1,25.3,18.4,90,99,20.7,20.7,16.1,301,14.37,2.74,896.9,18.4,1035.0,13.321617,75.78082
KA-CKM,2022-08-28,21.0,26.1,17.9,84,98,2.4,2.4,13.2,315,21.33,4.09,896.4,17.9,1035.0,13.321617,75.78082
KA-CKM,2022-08-29,21.0,25.2,18.8,88,99,14.9,14.9,9.9,339,16.94,3.21,897.1,18.9,1035.0,13.321617,75.78082
KA-CKM,2022-08-30,20.9,25.1,18.6,90,99,27.1,27.1,12.9,72,17.97,3.31,897.0,19.1,1035.0,13.321617,75.78082
KA-CKM,2022-08-31,20.5,25.6,17.7,90,100,3.8,3.8,12.6,102,20.02,3.65,896.6,18.8,1035.0,13.321617,75.78082
KA-CKM,2022-09-01,20.5,25.5,17.8,90,99,25.7,25.7,12.6,58,17.98,3.36,896.4,18.8,1035.0,13.321617,75.78082
KA-CKM,2022-09-02,20.7,25.6,17.5,87,100,2.6,2.6,13.4,133,21.66,3.98,896.9,18.3,1035.0,13.321617,75.78082
KA-CKM,2022-09-03,21.1,26.8,18.2,88,100,1.4,1.4,11.5,245,19.95,3.79,897.5,18.9,1035.0,13.321617,75.78082
KA-CKM,2022-09-04,21.0,26.5,18.4,90,100,13.2,13.2,9.3,295,18.96,3.59,897.3,19.2,1035.0,13.321617,75.78082
KA-CKM,2022-09-05,21.1,25.9,18.9,91,100,25.3,25.3,12.7,358,16.75,3.23,897.0,19.4,1035.0,13.321617,75.78082
KA-CKM,2022-09-06,20.7,26.1,17.5,91,100,23.8,23.8,12.1,246,20.19,3.76,896.3,19.1,1035.0,13.321617,75.78082
KA-CKM,2022-09-07,20.0,24.7,18.3,94,100,12.3,12.3,17.9,247,13.44,2.41,896.3,18.9,1035.0,13.321617,75.78082
KA-CKM,2022-09-08,19.6,22.3,18.6,95,99,7.8,7.8,20.3,250,10.22,1.78,896.0,18.7,1035.0,13.321617,75.78082
KA-CKM,2022-09-09,20.1,23.7,18.3,93,100,3.6,3.6,23.4,243,14.89,2.55,895.8,18.8,1035.0,13.321617,75.78082
KA-CKM,2022-09-10,19.8,23.0,18.5,94,100,8.2,8.2,22.7,255,12.77,2.12,895.9,18.9,1035.0,13.321617,75.78082
KA-CKM,2022-09-11,19.6,22.3,18.1,95,100,11.0,11.0,28.0,248,16.78,2.53,895.4,18.6,1035.0,13.321617,75.78082
KA-CKM,2022-09-12,19.6,22.6,18.0,92,100,4.4,4.4,28.0,247,18.49,2.86,895.4,18.2,1035.0,13.321617,75.78082
KA-CKM,2022-09-13,19.8,23.5,17.9,93,100,6.0,6.0,22.3,247,18.08,2.89,897.2,18.6,1035.0,13.321617,75.78082
KA-CKM,2022-09-14,20.2,24.1,18.2,90,100,2.4,2.4,20.5,253,19.35,3.38,899.2,18.3,1035.0,13.321617,75.78082
KA-CKM,2022-09-15,20.0,24.4,18.1,90,100,4.4,4.4,19.0,252,19.54,3.35,900.1,18.3,1035.0,13.321617,75.78082
KA-CKM,2022-09-16,20.4,24.6,18.3,88,98,1.4,1.4,20.2,268,20.73,3.62,898.6,18.2,1035.0,13.321617,75.78082
KA-CKM,2022-09-17,20.6,25.3,18.4,87,100,3.1,3.1,16.3,263,21.19,3.85,898.4,18.3,1035.0,13.321617,75.78082
KA-CKM,2022-09-18,20.3,24.8,17.9,87,100,1.6,1.6,16.2,271,18.93,3.48,898.9,17.8,1035.0,13.321617,75.78082
KA-CKM,2022-09-19,19.9,23.6,17.5,88,98,2.6,2.6,19.1,271,16.34,2.97,898.7,17.7,1035.0,13.321617,75.78082
KA-CKM,2022-09-20,19.6,24.3,16.9,88,99,8.9,8.9,16.6,273,18.74,3.31,898.1,17.4,1035.0,13.321617,75.78082
KA-CKM,2022-09-21,20.2,24.7,17.0,84,99,0.3,0.3,16.2,274,20.24,3.81,898.1,17.2,1035.0,13.321617,75.78082
KA-CKM,2022-09-22,19.5,24.4,16.0,83,100,0.1,0.1,16.6,270,20.56,3.86,898.5,16.2,1035.0,13.321617,75.78082
KA-CKM,2022-09-23,19.3,24.0,15.5,86,99,1.2,1.2,19.2,270,19.29,3.5,898.9,16.6,1035.0,13.321617,75.78082
KA-CKM,2022-09-24,20.2,24.6,17.6,86,98,1.3,1.3,16.6,276,19.84,3.65,898.8,17.5,1035.0,13.321617,75.78082
KA-CKM,2022-09-25,20.9,25.8,17.5,84,100,0.8,0.8,12.8,295,21.35,4.09,897.9,17.7,1035.0,13.321617,75.78082
KA-CKM,2022-09-26,20.2,22.8,17.6,85,100,0.0,0.0,12.7,293,7.87,1.83,898.5,17.4,1035.0,13.321617,75.78082
KA-CKM,2022-09-27,21.1,27.1,17.9,79,99,0.0,0.0,13.9,295,23.16,4.55,897.8,16.7,1035.0,13.321617,75.78082
KA-CKM,2022-09-28,20.8,26.4,17.3,81,100,0.0,0.0,13.7,281,20.74,4.17,896.9,17.0,1035.0,13.321617,75.78082
KA-CKM,2022-09-29,20.5,26.3,16.7,82,100,0.0,0.0,17.5,290,19.79,3.97,896.8,16.9,1035.0,13.321617,75.78082
KA-CKM,2022-09-30,19.5,24.5,17.3,92,100,8.8,8.8,18.2,281,12.24,2.28,897.3,18.0,1035.0,13.321617,75.78082
KA-CKM,2022-10-01,19.1,21.0,18.0,94,99,4.5,4.5,18.2,280,7.11,1.35,897.8,18.0,1035.0,13.321617,75.78082
KA-CKM,2022-10-02,19.8,24.0,17.7,90,100,2.6,2.6,16.8,299,14.46,2.65,897.7,18.1,1035.0,13.321617,75.78082
KA-CKM,2022-10-03,20.5,24.8,18.0,87,100,1.9,1.9,15.0,304,20.27,3.76,897.6,18.1,1035.0,13.321617,75.78082
KA-CKM,2022-10-04,20.9,25.0,18.0,85,100,0.4,0.4,11.5,316,21.4,4.01,897.5,18.1,1035.0,13.321617,75.78082
KA-CKM,2022-10-05,20.8,25.1,18.1,86,100,1.0,1.0,13.9,302,19.7,3.71,897.2,18.1,1035.0,13.321617,75.78082
KA-CKM,2022-10-06,19.7,23.7,17.9,90,99,4.0,4.0,18.4,280,13.45,2.5,896.3,17.9,1035.0,13.321617,75.78082
KA-CKM,2022-10-07,19.6,23.5,17.3,87,100,1.2,1.2,15.7,267,19.16,3.46,896.9,17.2,1035.0,13.321617,75.78082
KA-CKM,2022-10-08,20.4,25.7,16.1,83,100,0.6,0.6,10.2,288,21.43,4.13,897.9,16.9,1035.0,13.321617,75.78082
KA-CKM,2022-10-09,20.9,25.9,16.5,84,100,1.7,1.7,8.4,1,20.21,3.89,898.2,17.6,1035.0,13.321617,75.78082
KA-CKM,2022-10-10,20.3,23.3,18.1,92,100,9.2,9.2,6.5,343,11.96,2.28,898.8,18.9,1035.0,13.321617,75.78082
KA-CKM,2022-10-11,20.3,24.8,18.3,91,100,12.4,12.4,9.5,238,13.67,2.62,898.5,18.8,1035.0,13.321617,75.78082
KA-CKM,2022-10-12,20.3,24.9,18.2,91,99,10.8,10.8,12.3,265,15.91,2.95,899.0,18.7,1035.0,13.321617,75.78082
KA-CKM,2022-10-13,20.3,25.2,17.7,90,100,14.8,14.8,8.1,33,17.67,3.35,898.7,18.4,1035.0,13.321617,75.78082
KA-CKM,2022-10-14,20.1,25.4,17.3,91,100,28.7,28.7,8.6,271,16.5,3.1,898.3,18.4,1035.0,13.321617,75.78082
KA-CKM,2022-10-15,20.6,24.9,17.5,88,100,2.6,2.6,13.5,50,19.7,3.61,897.2,18.3,1035.0,13.321617,75.78082
KA-CKM,2022-10-16,20.2,23.8,17.8,92,99,15.8,15.8,10.7,118,13.01,2.43,898.6,18.8,1035.0,13.321617,75.78082
KA-CKM,2022-10-17,20.2,24.7,17.5,90,100,8.4,8.4,9.4,89,15.47,2.81,900.2,18.4,1035.0,13.321617,75.78082
KA-CKM,2022-10-18,19.8,24.4,17.1,91,100,3.2,3.2,10.4,238,15.27,2.85,900.0,18.1,1035.0,13.321617,75.78082
KA-CKM,2022-10-19,19.8,24.4,16.7,91,100,13.8,13.8,10.8,52,17.0,3.09,899.4,18.2,1035.0,13.321617,75.78082
KA-CKM,2022-10-20,20.1,24.7,17.1,89,100,4.0,4.0,13.8,75,18.49,3.31,899.7,18.1,1035.0,13.321617,75.78082
KA-CKM,2022-10-21,20.3,24.8,17.7,88,100,5.7,5.7,16.9,81,20.09,3.58,900.9,18.1,1035.0,13.321617,75.78082
KA-CKM,2022-10-22,20.5,24.8,17.4,83,98,0.0,0.0,14.6,59,21.89,3.98,901.6,17.2,1035.0,13.321617,75.78082
KA-CKM,2022-10-23,19.8,24.9,16.3,76,91,0.1,0.1,10.5,45,23.04,4.3,900.7,15.4,1035.0,13.321617,75.78082
KA-CKM,2022-10-24,18.7,24.7,14.7,65,80,0.0,0.0,11.3,338,24.63,4.7,898.9,11.6,1035.0,13.321617,75.78082
KA-CKM,2022-10-25,18.6,25.1,12.5,66,83,0.0,0.0,6.5,345,24.12,4.53,899.1,11.8,1035.0,13.321617,75.78082
KA-CKM,2022-10-26,18.8,23.6,14.1,65,79,0.0,0.0,13.0,57,24.51,4.68,900.3,12.0,1035.0,13.321617,75.78082
KA-CKM,2022-10-27,18.7,23.6,14.2,66,80,0.0,0.0,14.8,61,24.29,4.62,900.1,12.0,1035.0,13.321617,75.78082
KA-CKM,2022-10-28,19.0,23.2,14.2,75,88,0.3,0.3,14.0,62,18.09,3.5,899.4,14.4,1035.0,13.321617,75.78082
KA-CKM,2022-10-29,19.9,23.9,16.7,82,97,1.4,1.4,21.1,68,20.64,3.67,899.5,16.7,1035.0,13.321617,75.78082
KA-CKM,2022-10-30,20.2,24.0,17.6,81,99,1.6,1.6,20.6,61,17.16,3.28,899.8,16.8,1035.0,13.321617,75.78082
KA-CKM,2022-10-31,19.9,24.0,16.3,71,84,0.0,0.0,16.3,51,22.64,4.35,899.4,14.4,1035.0,13.321617,75.78082
KA-CKM,2022-11-01,19.5,23.9,16.1,72,94,0.0,0.0,14.3,49,19.56,3.86,900.0,14.2,1035.0,13.321617,75.78082
KA-CKM,2022-11-02,19.2,24.0,16.4,86,100,0.9,0.9,19.4,62,16.97,3.17,899.6,16.6,1035.0,13.321617,75.78082
KA-CKM,2022-11-03,19.6,23.8,17.4,88,98,2.2,2.2,21.7,63,15.85,2.83,899.3,17.4,1035.0,13.321617,75.78082
KA-CKM,2022-11-04,20.2,24.3,17.2,84,100,1.3,1.3,22.0,70,17.43,3.29,900.4,17.2,1035.0,13.321617,75.78082
KA-CKM,2022-11-05,20.4,24.9,17.3,82,100,0.2,0.2,20.9,80,18.57,3.52,901.7,16.9,1035.0,13.321617,75.78082
KA-CKM,2022-11-06,20.1,25.2,16.9,80,99,0.1,0.1,16.5,71,20.39,3.84,902.2,16.3,1035.0,13.321617,75.78082
KA-CKM,2022-11-07,19.9,24.3,17.0,73,99,0.0,0.0,17.0,58,19.98,3.92,901.6,14.3,1035.0,13.321617,75.78082
KA-CKM,2022-11-08,20.0,24.9,15.6,64,88,0.0,0.0,15.8,54,22.82,4.6,901.1,12.7,1035.0,13.321617,75.78082
KA-CKM,2022-11-09,19.8,24.6,15.0,63,81,0.0,0.0,13.7,54,22.13,4.51,900.7,12.4,1035.0,13.321617,75.78082
KA-CKM,2022-11-10,19.6,24.4,14.4,65,85,0.0,0.0,15.5,57,22.63,4.58,900.3,12.6,1035.0,13.321617,75.78082
KA-CKM,2022-11-11,19.7,24.1,16.9,80,98,0.1,0.1,23.3,62,14.61,3.0,900.3,15.9,1035.0,13.321617,75.78082
KA-CKM,2022-11-12,19.5,22.1,17.7,83,99,0.4,0.4,27.4,54,10.39,2.34,900.0,16.5,1035.0,13.321617,75.78082
KA-CKM,2022-11-13,19.9,24.1,18.0,90,100,4.0,4.0,23.6,79,12.63,2.34,899.9,18.1,1035.0,13.321617,75.78082
KA-CKM,2022-11-14,20.5,25.2,17.6,80,100,0.5,0.5,19.5,83,18.3,3.57,900.9,16.7,1035.0,13.321617,75.78082
KA-CKM,2022-11-15,19.9,24.4,16.7,86,99,1.5,1.5,12.5,74,16.89,3.12,901.2,17.3,1035.0,13.321617,75.78082
KA-CKM,2022-11-16,20.2,25.0,16.5,77,96,0.0,0.0,12.7,57,17.66,3.45,900.2,15.8,1035.0,13.321617,75.78082
KA-CKM,2022-11-17,19.2,24.5,15.1,62,86,0.0,0.0,12.1,46,23.0,4.57,899.5,11.3,1035.0,13.321617,75.78082
KA-CKM,2022-11-18,18.1,23.9,13.2,52,69,0.0,0.0,14.0,56,22.56,4.65,899.3,7.8,1035.0,13.321617,75.78082
KA-CKM,2022-11-19,17.4,23.3,12.1,55,66,0.0,0.0,15.0,51,23.12,4.57,898.9,8.0,1035.0,13.321617,75.78082
KA-CKM,2022-11-20,17.7,23.7,12.9,62,78,0.0,0.0,11.8,49,21.93,4.27,897.9,10.0,1035.0,13.321617,75.78082
KA-CKM,2022-11-21,18.3,24.9,13.6,57,78,0.0,0.0,12.4,52,21.38,4.42,898.0,9.2,1035.0,13.321617,75.78082
KA-CKM,2022-11-22,19.0,22.9,15.7,80,95,0.2,0.2,14.6,57,13.13,2.54,898.6,15.3,1035.0,13.321617,75.78082
KA-CKM,2022-11-23,19.7,23.4,17.0,88,98,6.4,6.4,12.2,58,13.06,2.41,899.2,17.5,1035.0,13.321617,75.78082
KA-CKM,2022-11-24,20.0,24.7,17.9,90,99,3.6,3.6,18.4,62,14.54,2.64,899.2,18.1,1035.0,13.321617,75.78082
KA-CKM,2022-11-25,20.5,25.2,18.1,82,100,0.6,0.6,16.2,93,16.5,3.19,900.1,17.0,1035.0,13.321617,75.78082
KA-CKM,2022-11-26,20.5,25.9,15.2,75,100,0.0,0.0,13.0,69,20.1,3.9,899.5,15.6,1035.0,13.321617,75.78082
KA-CKM,2022-11-27,20.6,25.8,15.9,79,98,0.8,0.8,8.2,98,19.32,3.64,898.1,16.5,1035.0,13.321617,75.78082
KA-CKM,2022-11-28,20.0,24.5,16.8,86,99,3.3,3.3,9.1,57,16.75,3.09,898.4,17.4,1035.0,13.321617,75.78082
KA-CKM,2022-11-29,20.7,25.3,16.7,77,97,0.6,0.6,10.0,45,17.22,3.44,899.2,16.2,1035.0,13.321617,75.78082
KA-CKM,2022-11-30,19.5,25.2,14.3,65,90,0.0,0.0,11.8,57,21.45,4.34,899.7,12.3,1035.0,13.321617,75.78082
KA-CKM,2022-12-01,19.7,25.7,13.9,69,91,0.0,0.0,12.7,100,21.29,4.18,899.5,13.5,1035.0,13.321617,75.78082
KA-CKM,2022-12-02,20.5,25.4,16.0,79,100,1.1,1.1,15.1,79,17.71,3.45,899.3,16.3,1035.0,13.321617,75.78082
KA-CKM,2022-12-03,21.2,26.1,16.6,74,95,0.0,0.0,17.0,74,19.61,3.95,899.7,15.9,1035.0,13.321617,75.78082
KA-CKM,2022-12-04,21.0,26.3,17.0,72,100,0.0,0.0,16.9,63,19.73,4.03,900.3,15.3,1035.0,13.321617,75.78082
KA-CKM,2022-12-05,20.8,26.1,16.5,71,100,0.0,0.0,17.3,67,19.87,4.15,900.8,14.9,1035.0,13.321617,75.78082
KA-CKM,2022-12-06,19.8,24.9,15.4,73,96,0.0,0.0,16.0,64,19.04,3.74,900.1,14.5,1035.0,13.321617,75.78082
KA-CKM,2022-12-07,19.2,24.3,14.6,59,87,0.0,0.0,13.0,44,18.1,3.87,899.2,10.4,1035.0,13.321617,75.78082
KA-CKM,2022-12-08,19.5,25.2,15.2,53,68,0.0,0.0,11.1,20,18.59,4.13,898.3,9.4,1035.0,13.321617,75.78082
KA-CKM,2022-12-09,18.3,23.1,15.9,62,93,3.0,3.0,14.6,33,10.97,2.97,896.7,10.0,1035.0,13.321617,75.78082
KA-CKM,2022-12-10,17.5,20.1,15.8,91,97,21.7,21.7,16.8,4,5.11,1.12,895.9,15.9,1035.0,13.321617,75.78082
KA-CKM,2022-12-11,18.0,20.5,17.2,95,100,12.8,12.8,11.5,29,5.75,1.12,896.4,17.2,1035.0,13.321617,75.78082
KA-CKM,2022-12-12,18.4,21.9,17.0,95,100,21.8,21.8,15.9,85,9.62,1.67,896.8,17.5,1035.0,13.321617,75.78082
KA-CKM,2022-12-13,19.0,23.9,17.1,92,100,8.7,8.7,18.1,125,12.73,2.23,898.3,17.6,1035.0,13.321617,75.78082
KA-CKM,2022-12-14,19.3,23.3,16.7,85,100,2.2,2.2,15.8,117,16.9,3.04,899.8,16.5,1035.0,13.321617,75.78082
KA-CKM,2022-12-15,18.6,24.0,14.1,74,100,0.0,0.0,15.2,78,20.39,3.82,899.3,13.3,1035.0,13.321617,75.78082
KA-CKM,2022-12-16,18.8,24.1,14.3,59,71,0.0,0.0,17.2,68,21.25,4.39,898.8,10.4,1035.0,13.321617,75.78082
KA-CKM,2022-12-17,19.1,24.1,14.7,70,85,0.0,0.0,16.9,58,20.8,4.06,899.7,13.4,1035.0,13.321617,75.78082
KA-CKM,2022-12-18,19.3,24.0,15.6,78,95,0.0,0.0,19.8,53,18.41,3.49,899.2,15.1,1035.0,13.321617,75.78082
KA-CKM,2022-12-19,18.3,22.8,15.7,79,99,0.1,0.1,16.8,65,18.6,3.47,898.2,14.3,1035.0,13.321617,75.78082
KA-CKM,2022-12-20,18.9,24.4,14.2,75,93,0.0,0.0,14.0,65,19.71,3.82,898.0,14.1,1035.0,13.321617,75.78082
KA-CKM,2022-12-21,18.6,24.3,14.0,63,92,0.0,0.0,15.3,57,20.71,4.24,898.5,10.7,1035.0,13.321617,75.78082
KA-CKM,2022-12-22,18.4,24.1,14.2,57,80,0.0,0.0,19.9,53,21.54,4.55,898.4,9.1,1035.0,13.321617,75.78082
KA-CKM,2022-12-23,18.5,24.6,13.3,60,92,0.0,0.0,15.0,47,21.62,4.52,898.5,9.4,1035.0,13.321617,75.78082
KA-CKM,2022-12-24,18.4,25.0,12.0,51,82,0.0,0.0,13.6,53,21.98,4.77,899.1,6.9,1035.0,13.321617,75.78082
KA-CKM,2022-12-25,19.2,25.6,14.2,74,96,0.0,0.0,15.7,63,19.66,3.85,899.8,14.1,1035.0,13.321617,75.78082
KA-CKM,2022-12-26,20.5,25.7,17.7,83,100,1.3,1.3,21.3,88,12.83,2.71,901.0,17.1,1035.0,13.321617,75.78082
KA-CKM,2022-12-27,20.4,25.3,17.2,82,100,0.3,0.3,22.5,88,13.75,2.87,902.2,16.9,1035.0,13.321617,75.78082
KA-CKM,2022-12-28,20.6,25.7,17.1,79,100,0.3,0.3,15.5,79,17.29,3.4,903.2,16.6,1035.0,13.321617,75.78082
KA-CKM,2022-12-29,20.5,26.1,15.3,69,97,0.0,0.0,14.2,69,21.08,4.24,904.1,13.8,1035.0,13.321617,75.78082
KA-CKM,2022-12-30,20.5,25.8,16.0,57,81,0.0,0.0,14.6,65,21.39,4.43,904.8,11.4,1035.0,13.321617,75.78082
KA-CKM,2022-12-31,20.3,25.7,15.5,53,72,0.0,0.0,10.0,60,21.53,4.29,904.3,9.8,1035.0,13.321617,75.78082
KA-CKM,2023-01-01,20.1,26.0,14.6,55,74,0.0,0.0,12.3,58,20.93,4.4,903.2,10.2,1035.0,13.321617,75.78082
KA-CKM,2023-01-02,19.8,26.0,13.2,59,89,0.0,0.0,17.2,76,21.37,4.54,902.8,10.9,1035.0,13.321617,75.78082
KA-CKM,2023-01-03,19.6,25.1,14.8,58,87,0.0,0.0,15.8,74,21.54,4.45,903.2,10.4,1035.0,13.321617,75.78082
KA-CKM,2023-01-04,18.5,24.6,13.4,63,97,0.0,0.0,16.0,68,21.44,4.29,901.8,10.8,1035.0,13.321617,75.78082
KA-CKM,2023-01-05,18.8,24.5,14.1,67,100,0.0,0.0,18.6,96,20.5,4.11,902.3,11.8,1035.0,13.321617,75.78082
KA-CKM,2023-01-06,19.0,25.0,14.1,67,99,0.0,0.0,18.0,84,21.62,4.38,903.2,11.8,1035.0,13.321617,75.78082
KA-CKM,2023-01-07,18.8,25.4,14.3,71,100,0.0,0.0,17.8,71,20.62,4.14,903.0,12.8,1035.0,13.321617,75.78082
KA-CKM,2023-01-08,18.7,24.1,14.4,68,95,0.0,0.0,16.3,63,20.46,4.05,902.0,12.2,1035.0,13.321617,75.78082
KA-CKM,2023-01-09,18.4,24.5,13.7,51,76,0.0,0.0,13.0,60,22.09,4.68,902.5,7.4,1035.0,13.321617,75.78082
KA-CKM,2023-01-10,17.9,25.1,11.3,42,60,0.0,0.0,18.3,60,22.65,4.98,902.0,4.4,1035.0,13.321617,75.78082
KA-CKM,2023-01-11,18.1,25.3,12.3,46,82,0.0,0.0,13.1,56,22.72,4.79,900.7,5.4,1035.0,13.321617,75.78082
KA-CKM,2023-01-12,18.7,26.2,11.7,42,69,0.0,0.0,11.9,53,22.59,4.84,899.8,4.5,1035.0,13.321617,75.78082
KA-CKM,2023-01-13,19.7,26.8,13.0,40,56,0.0,0.0,9.5,53,22.24,4.7,900.0,5.1,1035.0,13.321617,75.78082
KA-CKM,2023-01-14,19.7,26.6,13.4,45,70,0.0,0.0,10.0,73,22.18,4.74,900.3,6.6,1035.0,13.321617,75.78082
KA-CKM,2023-01-15,19.9,26.4,14.6,45,81,0.0,0.0,10.8,91,22.59,4.69,899.5,6.7,1035.0,13.321617,75.78082
KA-CKM,2023-01-16,19.6,27.0,12.2,50,91,0.0,0.0,10.0,70,22.68,4.83,899.7,7.3,1035.0,13.321617,75.78082
KA-CKM,2023-01-17,20.2,27.0,15.6,51,86,0.0,0.0,10.2,113,22.27,4.7,900.6,8.9,1035.0,13.321617,75.78082
KA-CKM,2023-01-18,19.6,26.5,14.0,52,90,0.0,0.0,12.4,78,22.62,4.75,901.6,8.3,1035.0,13.321617,75.78082
KA-CKM,2023-01-19,18.8,26.3,11.2,51,98,0.0,0.0,11.7,72,22.85,4.86,901.6,6.8,1035.0,13.321617,75.78082
KA-CKM,2023-01-20,17.7,25.3,10.9,57,95,0.0,0.0,13.3,81,22.84,4.61,901.1,8.0,1035.0,13.321617,75.78082
KA-CKM,2023-01-21,18.7,25.0,11.8,67,100,0.0,0.0,12.6,79,20.97,4.17,900.9,11.8,1035.0,13.321617,75.78082
KA-CKM,2023-01-22,19.1,25.4,13.0,63,93,0.0,0.0,15.6,72,22.26,4.39,899.9,11.3,1035.0,13.321617,75.78082
KA-CKM,2023-01-23,19.7,26.8,13.2,66,91,0.1,0.1,12.6,112,20.92,4.26,899.4,12.7,1035.0,13.321617,75.78082
KA-CKM,2023-01-24,19.6,25.9,14.9,79,97,2.3,2.3,13.4,115,15.85,3.15,899.9,15.4,1035.0,13.321617,75.78082
KA-CKM,2023-01-25,20.1,26.7,15.3,77,98,0.1,0.1,11.8,117,19.66,3.8,899.4,15.3,1035.0,13.321617,75.78082
KA-CKM,2023-01-26,20.0,26.2,15.4,56,83,0.0,0.0,9.7,91,22.38,4.64,899.7,10.1,1035.0,13.321617,75.78082
KA-CKM,2023-01-27,19.0,26.7,12.8,56,94,0.0,0.0,12.5,79,23.05,4.85,899.5,8.6,1035.0,13.321617,75.78082
KA-CKM,2023-01-28,19.2,26.4,12.7,48,86,0.0,0.0,15.9,78,23.35,5.0,899.2,6.2,1035.0,13.321617,75.78082
KA-CKM,2023-01-29,19.3,26.7,11.8,48,84,0.0,0.0,16.3,77,23.22,5.04,898.3,6.9,1035.0,13.321617,75.78082
KA-CKM,2023-01-30,20.0,26.5,13.4,66,92,0.0,0.0,8.7,115,21.35,4.28,899.6,12.8,1035.0,13.321617,75.78082
KA-CKM,2023-01-31,20.6,26.3,15.5,66,91,0.1,0.1,18.9,57,19.07,4.17,899.9,13.6,1035.0,13.321617,75.78082
KA-CKM,2023-02-01,20.2,26.5,14.8,52,76,0.0,0.0,16.8,58,22.83,5.19,899.6,9.4,1035.0,13.321617,75.78082
KA-CKM,2023-02-02,20.2,26.4,15.2,53,82,0.0,0.0,19.6,63,23.0,5.38,899.8,9.3,1035.0,13.321617,75.78082
KA-CKM,2023-02-03,20.8,28.3,15.6,53,73,0.0,0.0,22.8,72,21.19,5.32,900.3,10.3,1035.0,13.321617,75.78082
KA-CKM,2023-02-04,22.0,27.9,16.4,54,84,0.0,0.0,17.7,60,22.33,5.17,900.1,11.5,1035.0,13.321617,75.78082
KA-CKM,2023-02-05,21.8,28.1,16.4,55,84,0.0,0.0,13.1,68,21.84,4.89,899.6,11.8,1035.0,13.321617,75.78082
KA-CKM,2023-02-06,21.3,28.2,15.0,55,94,0.0,0.0,11.0,101,22.96,4.92,900.1,10.7,1035.0,13.321617,75.78082
KA-CKM,2023-02-07,21.3,28.3,15.7,61,94,0.0,0.0,10.9,65,21.55,4.56,899.8,12.2,1035.0,13.321617,75.78082
KA-CKM,2023-02-08,21.8,28.8,14.8,51,83,0.0,0.0,12.5,50,23.8,5.32,899.8,10.4,1035.0,13.321617,75.78082
KA-CKM,2023-02-09,22.1,28.5,16.1,49,75,0.0,0.0,13.1,67,23.93,5.37,900.8,10.2,1035.0,13.321617,75.78082
KA-CKM,2023-02-10,21.9,28.0,15.7,43,64,0.0,0.0,16.3,52,23.94,5.62,901.7,8.2,1035.0,13.321617,75.78082
KA-CKM,2023-02-11,21.4,28.6,14.3,38,67,0.0,0.0,15.1,49,24.51,5.81,901.7,5.4,1035.0,13.321617,75.78082
KA-CKM,2023-02-12,22.1,29.2,16.0,35,69,0.0,0.0,18.4,54,24.67,6.15,902.0,4.8,1035.0,13.321617,75.78082
KA-CKM,2023-02-13,22.1,28.9,16.1,35,57,0.0,0.0,22.8,62,24.83,6.34,901.8,5.3,1035.0,13.321617,75.78082
KA-CKM,2023-02-14,21.3,28.4,14.8,36,65,0.0,0.0,13.7,54,25.06,5.91,901.5,4.7,1035.0,13.321617,75.78082
KA-CKM,2023-02-15,21.8,28.6,14.9,29,44,0.0,0.0,16.5,49,25.4,6.44,900.4,2.0,1035.0,13.321617,75.78082
KA-CKM,2023-02-16,21.7,28.7,14.8,33,55,0.0,0.0,20.5,57,25.21,6.46,900.3,3.7,1035.0,13.321617,75.78082
KA-CKM,2023-02-17,21.7,28.6,13.9,37,67,0.0,0.0,20.8,59,25.09,6.09,900.9,5.1,1035.0,13.321617,75.78082
KA-CKM,2023-02-18,22.2,28.8,17.4,37,55,0.0,0.0,12.4,57,24.95,5.67,901.1,6.1,1035.0,13.321617,75.78082
KA-CKM,2023-02-19,21.5,28.3,14.8,40,54,0.0,0.0,12.8,67,25.01,5.74,901.0,6.9,1035.0,13.321617,75.78082
KA-CKM,2023-02-20,21.7,28.6,15.3,46,67,0.0,0.0,12.4,72,24.72,5.58,901.4,9.1,1035.0,13.321617,75.78082
KA-CKM,2023-02-21,21.9,29.5,15.1,42,69,0.0,0.0,13.0,53,25.3,5.91,901.7,7.4,1035.0,13.321617,75.78082
KA-CKM,2023-02-22,23.0,29.2,16.7,32,54,0.0,0.0,16.3,51,25.61,6.09,901.5,4.7,1035.0,13.321617,75.78082
KA-CKM,2023-02-23,21.8,29.7,14.2,33,70,0.0,0.0,19.4,70,25.96,6.62,900.8,2.5,1035.0,13.321617,75.78082
KA-CKM,2023-02-24,21.7,29.6,14.1,28,60,0.0,0.0,19.1,59,26.33,6.66,901.5,0.2,1035.0,13.321617,75.78082
KA-CKM,2023-02-25,22.0,29.7,15.6,29,60,0.0,0.0,20.0,60,25.93,6.66,903.1,1.8,1035.0,13.321617,75.78082
KA-CKM,2023-02-26,22.0,29.3,15.3,31,58,0.0,0.0,19.8,71,25.9,6.71,903.7,2.7,1035.0,13.321617,75.78082
KA-CKM,2023-02-27,21.1,28.8,13.8,35,73,0.0,0.0,21.0,69,26.18,6.58,903.8,2.9,1035.0,13.321617,75.78082
KA-CKM,2023-02-28,21.4,28.5,14.4,32,53,0.0,0.0,18.1,75,26.25,6.34,903.3,2.9,1035.0,13.321617,75.78082
KA-CKM,2023-03-01,22.8,29.2,16.8,50,88,0.0,0.0,20.2,88,22.62,5.4,903.8,11.0,1035.0,13.321617,75.78082
KA-CKM,2023-03-02,22.5,29.6,16.5,35,66,0.0,0.0,23.0,77,25.98,6.83,904.3,3.8,1035.0,13.321617,75.78082
KA-CKM,2023-03-03,22.4,29.9,16.0,30,56,0.0,0.0,26.1,77,26.18,7.23,904.6,2.8,1035.0,13.321617,75.78082
KA-CKM,2023-03-04,23.0,30.3,16.9,25,40,0.0,0.0,24.9,86,26.1,7.7,904.7,0.7,1035.0,13.321617,75.78082
KA-CKM,2023-03-05,22.9,30.5,16.4,29,55,0.0,0.0,20.3,77,25.89,6.73,904.2,2.2,1035.0,13.321617,75.78082
KA-CKM,2023-03-06,22.6,30.3,15.5,29,56,0.0,0.0,21.7,79,26.13,6.72,902.9,1.9,1035.0,13.321617,75.78082
KA-CKM,2023-03-07,22.7,30.1,14.7,28,59,0.0,0.0,19.9,82,26.32,6.91,902.2,0.9,1035.0,13.321617,75.78082
KA-CKM,2023-03-08,23.1,30.1,16.9,31,64,0.0,0.0,23.9,70,26.25,7.23,902.1,3.4,1035.0,13.321617,75.78082
KA-CKM,2023-03-09,22.2,28.4,16.8,30,54,0.0,0.0,19.4,66,19.34,6.07,901.6,2.0,1035.0,13.321617,75.78082
KA-CKM,2023-03-10,22.5,29.6,16.0,34,68,0.0,0.0,22.0,75,26.48,6.77,901.2,4.2,1035.0,13.321617,75.78082
KA-CKM,2023-03-11,22.8,29.8,15.4,36,69,0.0,0.0,21.0,64,26.58,6.97,901.4,5.0,1035.0,13.321617,75.78082
KA-CKM,2023-03-12,23.5,30.6,17.0,31,60,0.0,0.0,22.5,65,26.85,7.23,901.2,2.8,1035.0,13.321617,75.78082
KA-CKM,2023-03-13,23.1,30.3,16.9,44,80,0.0,0.0,13.9,78,23.98,5.9,900.4,8.3,1035.0,13.321617,75.78082
KA-CKM,2023-03-14,23.5,29.5,17.9,53,83,0.0,0.0,11.5,125,20.51,4.81,899.5,12.5,1035.0,13.321617,75.78082
KA-CKM,2023-03-15,22.7,28.5,19.4,62,80,4.9,4.9,12.7,258,18.37,4.2,898.6,14.6,1035.0,13.321617,75.78082
KA-CKM,2023-03-16,23.3,30.8,18.0,62,98,0.4,0.4,15.3,257,22.62,5.29,899.5,13.8,1035.0,13.321617,75.78082
KA-CKM,2023-03-17,22.8,29.7,16.8,52,89,0.0,0.0,13.6,271,21.81,5.35,899.3,11.4,1035.0,13.321617,75.78082
KA-CKM,2023-03-18,22.4,29.3,17.4,60,86,0.1,0.1,20.3,234,23.89,5.63,898.7,13.3,1035.0,13.321617,75.78082
KA-CKM,2023-03-19,21.3,27.0,17.1,62,85,1.1,1.1,20.2,265,22.68,5.21,898.2,13.1,1035.0,13.321617,75.78082
KA-CKM,2023-03-20,21.0,29.1,14.9,53,80,0.0,0.0,19.9,266,26.04,6.04,897.6,9.8,1035.0,13.321617,75.78082
KA-CKM,2023-03-21,21.6,29.8,14.3,47,84,0.0,0.0,11.5,291,26.85,6.09,897.7,7.7,1035.0,13.321617,75.78082
KA-CKM,2023-03-22,23.7,32.5,16.8,48,86,0.0,0.0,14.8,303,23.44,5.96,898.5,10.0,1035.0,13.321617,75.78082
KA-CKM,2023-03-23,24.3,32.3,18.4,40,59,0.0,0.0,17.3,290,21.6,6.13,898.9,8.6,1035.0,13.321617,75.78082
KA-CKM,2023-03-24,24.3,32.3,17.2,37,58,0.0,0.0,12.4,302,22.31,5.73,898.9,7.8,1035.0,13.321617,75.78082
KA-CKM,2023-03-25,24.3,32.5,18.0,41,67,0.0,0.0,16.6,262,24.31,6.14,899.9,8.9,1035.0,13.321617,75.78082
KA-CKM,2023-03-26,24.8,31.7,19.5,37,59,0.0,0.0,16.0,286,21.57,5.7,899.8,8.3,1035.0,13.321617,75.78082
KA-CKM,2023-03-27,25.0,33.0,19.6,37,52,0.0,0.0,14.3,306,25.48,6.4,899.7,8.3,1035.0,13.321617,75.78082
KA-CKM,2023-03-28,25.5,33.5,19.4,33,46,0.0,0.0,14.8,305,25.11,6.79,899.3,7.5,1035.0,13.321617,75.78082
KA-CKM,2023-03-29,24.7,31.7,18.5,39,58,0.0,0.0,16.6,265,22.98,6.21,900.2,9.1,1035.0,13.321617,75.78082
KA-CKM,2023-03-30,24.6,31.5,18.9,44,74,0.0,0.0,11.3,274,20.72,5.27,899.8,10.7,1035.0,13.321617,75.78082
KA-CKM,2023-03-31,24.3,32.2,17.8,47,80,0.0,0.0,16.6,257,24.68,6.35,899.1,10.7,1035.0,13.321617,75.78082
KA-CKM,2023-04-01,24.5,32.3,20.1,38,62,0.0,0.0,22.2,268,20.11,5.71,899.1,8.7,1035.0,13.321617,75.78082
KA-CKM,2023-04-02,23.7,33.2,17.2,43,63,0.0,0.0,15.2,291,25.1,6.19,898.8,9.1,1035.0,13.321617,75.78082
KA-CKM,2023-04-03,24.3,32.8,17.6,38,59,0.0,0.0,15.5,288,25.82,6.76,898.4,7.9,1035.0,13.321617,75.78082
KA-CKM,2023-04-04,23.8,31.7,17.0,46,85,0.0,0.0,19.2,239,22.05,5.6,899.5,10.3,1035.0,13.321617,75.78082
KA-CKM,2023-04-05,24.7,32.2,18.6,52,84,0.0,0.0,15.1,306,20.93,5.25,899.6,12.4,1035.0,13.321617,75.78082
KA-CKM,2023-04-06,25.4,32.9,19.2,48,76,0.0,0.0,13.8,275,21.9,5.56,900.0,11.9,1035.0,13.321617,75.78082
KA-CKM,2023-04-07,25.0,31.5,20.1,53,90,0.1,0.1,15.2,143,22.12,5.63,901.0,13.4,1035.0,13.321617,75.78082
KA-CKM,2023-04-08,24.9,32.5,18.8,57,97,0.0,0.0,17.4,82,24.13,6.08,902.2,13.5,1035.0,13.321617,75.78082
KA-CKM,2023-04-09,24.9,32.1,19.3,53,95,0.0,0.0,12.4,99,26.93,6.08,902.7,12.6,1035.0,13.321617,75.78082
KA-CKM,2023-04-10,25.0,32.7,19.0,56,89,0.0,0.0,17.5,97,24.96,6.3,901.6,13.4,1035.0,13.321617,75.78082
KA-CKM,2023-04-11,25.3,33.4,19.3,53,93,0.0,0.0,15.8,93,27.36,6.72,901.8,11.5,1035.0,13.321617,75.78082
KA-CKM,2023-04-12,25.6,33.9,18.4,48,91,0.0,0.0,16.9,89,27.55,6.96,901.4,10.1,1035.0,13.321617,75.78082
KA-CKM,2023-04-13,27.4,34.0,21.8,34,64,0.0,0.0,17.7,111,27.22,7.18,901.8,8.0,1035.0,13.321617,75.78082
KA-CKM,2023-04-14,26.4,34.6,20.2,45,94,0.0,0.0,18.1,141,25.17,6.6,901.2,10.1,1035.0,13.321617,75.78082
KA-CKM,2023-04-15,25.8,32.9,19.6,51,100,0.0,0.0,15.1,48,23.57,6.09,900.7,12.4,1035.0,13.321617,75.78082
KA-CKM,2023-04-16,25.8,33.8,19.2,47,98,0.0,0.0,15.0,60,27.31,6.54,899.4,9.9,1035.0,13.321617,75.78082
KA-CKM,2023-04-17,25.9,33.9,19.9,58,100,0.0,0.0,17.7,53,27.27,6.75,899.7,13.3,1035.0,13.321617,75.78082
KA-CKM,2023-04-18,25.9,34.3,19.2,54,98,0.0,0.0,13.7,162,26.86,6.37,900.4,12.8,1035.0,13.321617,75.78082
KA-CKM,2023-04-19,26.2,34.3,20.2,55,92,0.0,0.0,19.6,227,25.66,6.28,899.0,13.6,1035.0,13.321617,75.78082
KA-CKM,2023-04-20,25.1,33.5,18.6,58,99,0.1,0.1,18.9,268,22.9,5.64,897.4,14.6,1035.0,13.321617,75.78082
KA-CKM,2023-04-21,24.2,31.9,19.1,62,87,0.1,0.1,15.0,275,22.0,5.2,897.3,15.4,1035.0,13.321617,75.78082
KA-CKM,2023-04-22,23.5,32.0,19.1,73,96,17.8,17.8,13.0,285,19.68,4.23,897.3,17.5,1035.0,13.321617,75.78082
KA-CKM,2023-04-23,23.9,31.6,17.8,54,84,0.0,0.0,12.3,297,25.75,5.83,896.9,12.5,1035.0,13.321617,75.78082
KA-CKM,2023-04-24,24.0,31.1,18.0,52,83,0.0,0.0,12.9,208,25.0,5.87,897.8,12.7,1035.0,13.321617,75.78082
KA-CKM,2023-04-25,23.2,29.5,19.6,70,99,1.5,1.5,11.2,224,19.61,4.23,899.1,17.1,1035.0,13.321617,75.78082
KA-CKM,2023-04-26,22.4,28.1,18.9,81,100,2.1,2.1,11.0,284,20.58,4.08,898.9,18.5,1035.0,13.321617,75.78082
KA-CKM,2023-04-27,23.5,30.3,18.2,71,97,0.3,0.3,15.1,207,22.21,4.86,898.7,17.1,1035.0,13.321617,75.78082
KA-CKM,2023-04-28,22.5,28.6,18.7,79,97,4.3,4.3,14.2,268,19.05,3.9,899.2,18.3,1035.0,13.321617,75.78082
KA-CKM,2023-04-29,22.2,27.9,18.2,81,100,3.8,3.8,13.5,339,17.89,3.65,898.8,18.5,1035.0,13.321617,75.78082
KA-CKM,2023-04-30,22.0,27.9,18.6,83,99,12.9,12.9,12.6,261,20.67,4.08,897.3,18.6,1035.0,13.321617,75.78082
KA-CKM,2023-05-01,22.2,27.0,18.5,79,100,2.4,2.4,10.4,286,19.31,4.0,897.3,18.0,1035.0,13.321617,75.78082
KA-CKM,2023-05-02,23.0,28.9,17.7,69,99,0.3,0.3,8.9,252,22.15,4.69,897.9,16.2,1035.0,13.321617,75.78082
KA-CKM,2023-05-03,22.3,27.6,18.4,74,97,0.7,0.7,13.3,281,24.06,5.05,899.2,16.8,1035.0,13.321617,75.78082
KA-CKM,2023-05-04,23.1,30.5,17.4,63,90,0.0,0.0,14.5,250,23.71,5.4,898.4,14.7,1035.0,13.321617,75.78082
KA-CKM,2023-05-05,21.8,27.7,18.3,77,96,0.6,0.6,16.3,275,19.02,4.08,898.1,16.9,1035.0,13.321617,75.78082
KA-CKM,2023-05-06,22.7,28.7,18.6,72,97,3.3,3.3,14.4,271,21.09,4.53,897.9,16.9,1035.0,13.321617,75.78082
KA-CKM,2023-05-07,22.3,26.6,18.8,78,98,1.0,1.0,12.2,277,13.21,3.04,898.3,17.9,1035.0,13.321617,75.78082
KA-CKM,2023-05-08,22.7,28.2,19.0,78,98,9.0,9.0,11.8,295,21.88,4.51,897.6,18.1,1035.0,13.321617,75.78082
KA-CKM,2023-05-09,22.3,28.7,19.1,87,99,12.6,12.6,14.8,318,20.52,4.06,897.9,19.8,1035.0,13.321617,75.78082
KA-CKM,2023-05-10,23.7,30.3,19.0,77,98,1.0,1.0,11.6,360,23.46,4.93,897.6,18.9,1035.0,13.321617,75.78082
KA-CKM,2023-05-11,23.3,30.7,20.2,79,97,8.0,8.0,10.5,318,22.34,4.57,898.6,19.1,1035.0,13.321617,75.78082
KA-CKM,2023-05-12,23.9,30.8,20.1,79,99,0.5,0.5,12.6,289,23.98,4.99,899.3,19.5,1035.0,13.321617,75.78082
KA-CKM,2023-05-13,22.5,26.0,20.5,89,100,4.3,4.3,18.9,263,17.68,3.35,900.0,20.5,1035.0,13.321617,75.78082
KA-CKM,2023-05-14,24.1,30.3,20.0,76,100,0.1,0.1,20.4,277,24.02,5.09,899.3,18.8,1035.0,13.321617,75.78082
KA-CKM,2023-05-15,23.6,30.5,19.2,74,100,0.1,0.1,15.9,262,25.32,5.41,899.4,17.8,1035.0,13.321617,75.78082
KA-CKM,2023-05-16,23.9,31.2,18.5,68,92,0.0,0.0,17.0,284,24.76,5.43,899.9,16.8,1035.0,13.321617,75.78082
KA-CKM,2023-05-17,25.0,31.6,19.9,61,90,0.1,0.1,14.2,270,24.97,5.72,900.2,15.8,1035.0,13.321617,75.78082
KA-CKM,2023-05-18,25.3,32.5,19.2,57,85,0.0,0.0,12.5,302,24.84,5.78,901.3,14.9,1035.0,13.321617,75.78082
KA-CKM,2023-05-19,25.4,32.3,20.6,51,97,0.5,0.5,15.9,298,25.72,6.5,900.4,13.0,1035.0,13.321617,75.78082
KA-CKM,2023-05-20,24.0,30.5,19.7,73,98,0.7,0.7,17.7,291,22.53,4.98,900.0,18.0,1035.0,13.321617,75.78082
KA-CKM,2023-05-21,23.7,29.7,20.3,80,100,1.0,1.0,12.6,296,19.33,4.08,900.5,19.7,1035.0,13.321617,75.78082
KA-CKM,2023-05-22,23.0,29.7,20.1,82,99,14.9,14.9,11.5,299,19.4,3.98,900.7,19.3,1035.0,13.321617,75.78082
KA-CKM,2023-05-23,23.5,31.0,19.6,80,100,0.5,0.5,12.6,268,21.07,4.46,901.3,19.1,1035.0,13.321617,75.78082
KA-CKM,2023-05-24,22.5,29.5,19.4,85,100,8.9,8.9,13.9,269,18.03,3.65,901.2,19.5,1035.0,13.321617,75.78082
KA-CKM,2023-05-25,22.3,28.2,19.2,86,100,1.4,1.4,16.9,271,20.94,4.13,901.5,19.5,1035.0,13.321617,75.78082
KA-CKM,2023-05-26,22.5,29.2,19.2,81,100,0.8,0.8,16.9,279,23.37,4.74,901.8,18.7,1035.0,13.321617,75.78082
KA-CKM,2023-05-27,22.8,28.6,18.3,78,100,0.5,0.5,16.0,292,22.98,4.81,900.4,18.1,1035.0,13.321617,75.78082
KA-CKM,2023-05-28,23.8,29.9,18.8,70,97,0.4,0.4,13.5,290,23.77,5.06,899.4,17.1,1035.0,13.321617,75.78082
KA-CKM,2023-05-29,24.0,29.9,19.6,73,93,0.5,0.5,10.3,305,20.48,4.48,899.2,18.3,1035.0,13.321617,75.78082
KA-CKM,2023-05-30,22.9,29.5,19.6,80,95,14.9,14.9,11.4,296,17.76,3.77,899.8,19.1,1035.0,13.321617,75.78082
KA-CKM,2023-05-31,22.8,29.3,20.3,86,100,6.2,6.2,11.2,278,17.16,3.48,899.3,20.1,1035.0,13.321617,75.78082
KA-CKM,2023-06-01,22.3,26.9,19.8,88,100,6.9,6.9,13.3,276,16.33,3.24,899.1,19.9,1035.0,13.321617,75.78082
KA-CKM,2023-06-02,22.5,28.3,19.6,85,100,1.2,1.2,12.3,282,13.48,2.86,899.5,19.4,1035.0,13.321617,75.78082
KA-CKM,2023-06-03,22.8,29.6,19.6,86,100,6.5,6.5,16.4,278,20.25,4.06,899.4,20.1,1035.0,13.321617,75.78082
KA-CKM,2023-06-04,22.9,29.0,19.3,79,98,1.8,1.8,19.3,278,22.86,4.66,899.3,18.8,1035.0,13.321617,75.78082
KA-CKM,2023-06-05,22.7,28.9,19.4,83,100,2.6,2.6,16.9,271,21.7,4.38,898.9,19.3,1035.0,13.321617,75.78082
KA-CKM,2023-06-06,22.7,28.7,19.2,83,100,1.4,1.4,17.3,276,22.53,4.52,898.6,19.2,1035.0,13.321617,75.78082
KA-CKM,2023-06-07,22.6,28.2,19.1,83,100,1.8,1.8,17.5,261,23.0,4.59,898.5,19.2,1035.0,13.321617,75.78082
KA-CKM,2023-06-08,22.4,27.8,19.1,85,100,2.6,2.6,18.7,261,22.59,4.44,898.8,19.3,1035.0,13.321617,75.78082
KA-CKM,2023-06-09,21.9,27.0,19.2,87,100,1.6,1.6,25.5,254,21.79,3.99,897.7,19.5,1035.0,13.321617,75.78082
KA-CKM,2023-06-10,21.2,24.4,18.9,89,100,2.9,2.9,22.6,250,16.56,3.03,897.0,19.3,1035.0,13.321617,75.78082
KA-CKM,2023-06-11,21.9,26.8,19.7,87,100,1.2,1.2,25.2,250,21.11,3.97,896.9,19.4,1035.0,13.321617,75.78082
KA-CKM,2023-06-12,21.9,26.6,19.6,88,100,2.6,2.6,19.7,248,17.74,3.43,897.0,19.6,1035.0,13.321617,75.78082
KA-CKM,2023-06-13,21.9,26.9,19.2,85,100,2.8,2.8,21.2,257,20.19,3.93,897.6,19.1,1035.0,13.321617,75.78082
KA-CKM,2023-06-14,21.9,25.7,19.1,85,100,3.7,3.7,21.5,261,21.62,4.09,899.1,19.0,1035.0,13.321617,75.78082
KA-CKM,2023-06-15,22.6,27.5,19.4,81,98,0.3,0.3,20.7,273,21.64,4.46,899.3,18.8,1035.0,13.321617,75.78082
KA-CKM,2023-06-16,22.2,26.7,19.3,81,99,0.5,0.5,20.9,272,23.23,4.62,898.7,18.4,1035.0,13.321617,75.78082
KA-CKM,2023-06-17,22.3,27.3,19.4,82,99,2.3,2.3,19.4,272,20.37,4.14,898.7,18.8,1035.0,13.321617,75.78082
KA-CKM,2023-06-18,22.2,27.5,19.6,82,97,0.5,0.5,21.3,279,20.12,4.12,898.6,18.6,1035.0,13.321617,75.78082
KA-CKM,2023-06-19,22.3,28.8,19.1,84,100,1.6,1.6,17.0,286,19.77,4.04,897.2,19.1,1035.0,13.321617,75.78082
KA-CKM,2023-06-20,21.3,26.0,19.8,91,99,33.2,33.2,18.2,289,13.59,2.66,896.5,19.8,1035.0,13.321617,75.78082
KA-CKM,2023-06-21,21.3,27.4,19.8,92,100,21.9,21.9,15.8,282,13.02,2.53,897.0,19.8,1035.0,13.321617,75.78082
KA-CKM,2023-06-22,21.4,26.3,19.2,88,98,6.3,6.3,16.9,280,17.4,3.37,897.3,19.1,1035.0,13.321617,75.78082
KA-CKM,2023-06-23,20.8,24.9,18.7,90,98,6.6,6.6,20.2,267,15.32,2.78,897.3,19.1,1035.0,13.321617,75.78082
KA-CKM,2023-06-24,20.3,22.9,19.0,93,100,2.8,2.8,21.3,259,11.7,2.09,896.7,19.1,1035.0,13.321617,75.78082
KA-CKM,2023-06-25,20.9,25.8,19.0,90,100,2.7,2.7,20.2,265,18.06,3.23,896.6,19.1,1035.0,13.321617,75.78082
KA-CKM,2023-06-26,20.7,24.2,18.9,88,100,0.5,0.5,20.9,263,16.67,3.15,897.5,18.4,1035.0,13.321617,75.78082
KA-CKM,2023-06-27,20.7,24.4,18.9,91,99,5.3,5.3,18.7,254,16.82,3.01,897.6,19.0,1035.0,13.321617,75.78082
KA-CKM,2023-06-28,20.7,23.6,18.6,89,99,2.2,2.2,21.3,268,18.62,3.26,898.6,18.7,1035.0,13.321617,75.78082
KA-CKM,2023-06-29,20.4,22.9,19.2,91,98,3.6,3.6,19.2,264,12.27,2.26,899.1,18.9,1035.0,13.321617,75.78082
KA-CKM,2023-06-30,20.9,25.6,18.6,88,100,2.8,2.8,21.7,270,20.54,3.67,899.0,18.6,1035.0,13.321617,75.78082
KA-CKM,2023-07-01,21.3,25.5,19.0,87,99,2.2,2.2,23.0,282,20.2,3.66,899.3,18.9,1035.0,13.321617,75.78082
KA-CKM,2023-07-02,21.3,25.4,19.5,88,98,2.4,2.4,24.9,285,21.34,3.77,898.5,19.0,1035.0,13.321617,75.78082
KA-CKM,2023-07-03,20.5,24.5,19.1,92,99,4.9,4.9,26.8,274,16.44,2.76,897.1,19.0,1035.0,13.321617,75.78082
KA-CKM,2023-07-04,19.6,20.8,18.8,97,99,85.5,85.5,25.8,267,4.87,0.96,894.9,19.0,1035.0,13.321617,75.78082
KA-CKM,2023-07-05,19.2,20.1,18.7,97,99,29.7,29.7,27.4,269,6.12,1.02,893.9,18.7,1035.0,13.321617,75.78082
KA-CKM,2023-07-06,19.0,19.8,18.2,96,98,20.5,20.5,26.0,266,4.89,0.93,896.0,18.4,1035.0,13.321617,75.78082
KA-CKM,2023-07-07,19.6,22.2,18.1,94,98,10.8,10.8,24.3,254,12.18,2.02,897.7,18.6,1035.0,13.321617,75.78082
KA-CKM,2023-07-08,19.4,20.8,18.6,96,99,7.7,7.7,20.9,262,8.07,1.39,898.6,18.7,1035.0,13.321617,75.78082
KA-CKM,2023-07-09,20.4,24.2,18.4,91,100,3.9,3.9,19.5,271,16.68,2.92,898.6,18.8,1035.0,13.321617,75.78082
KA-CKM,2023-07-10,21.2,25.0,19.2,87,98,1.8,1.8,17.7,274,13.73,2.77,898.3,18.8,1035.0,13.321617,75.78082
KA-CKM,2023-07-11,20.5,24.5,18.9,90,98,1.6,1.6,19.6,284,13.88,2.57,898.0,18.8,1035.0,13.321617,75.78082
KA-CKM,2023-07-12,20.9,24.7,19.0,89,99,3.1,3.1,18.0,272,19.01,3.43,897.5,18.8,1035.0,13.321617,75.78082
KA-CKM,2023-07-13,19.9,21.7,18.9,95,100,7.1,7.1,20.1,271,10.89,1.88,897.7,19.0,1035.0,13.321617,75.78082
KA-CKM,2023-07-14,20.0,22.8,18.9,93,99,2.8,2.8,23.7,277,11.66,2.08,898.7,18.7,1035.0,13.321617,75.78082
KA-CKM,2023-07-15,20.9,24.9,19.1,89,98,4.0,4.0,20.7,280,19.23,3.39,899.0,19.0,1035.0,13.321617,75.78082
KA-CKM,2023-07-16,21.2,26.0,18.8,86,99,0.9,0.9,19.2,276,19.15,3.65,898.4,18.6,1035.0,13.321617,75.78082
KA-CKM,2023-07-17,20.5,23.1,19.1,89,97,4.5,4.5,22.3,272,17.84,3.09,897.8,18.6,1035.0,13.321617,75.78082
KA-CKM,2023-07-18,19.9,22.9,18.6,91,99,4.3,4.3,28.1,266,15.91,2.66,897.0,18.4,1035.0,13.321617,75.78082
KA-CKM,2023-07-19,19.3,21.9,18.2,95,100,7.9,7.9,29.2,266,11.75,1.87,895.5,18.4,1035.0,13.321617,75.78082
KA-CKM,2023-07-20,19.2,20.9,18.1,95,99,15.1,15.1,24.6,259,13.18,2.01,895.6,18.4,1035.0,13.321617,75.78082
KA-CKM,2023-07-21,19.6,21.6,18.3,95,100,10.4,10.4,28.9,268,13.96,2.14,896.5,18.7,1035.0,13.321617,75.78082
KA-CKM,2023-07-22,19.3,20.5,18.1,96,100,28.5,28.5,27.6,270,7.11,1.18,897.6,18.7,1035.0,13.321617,75.78082
KA-CKM,2023-07-23,19.3,20.4,18.6,96,98,30.0,30.0,29.6,273,6.69,1.14,897.6,18.7,1035.0,13.321617,75.78082
KA-CKM,2023-07-24,19.4,21.2,18.3,95,98,16.7,16.7,30.2,266,9.55,1.59,897.0,18.5,1035.0,13.321617,75.78082
KA-CKM,2023-07-25,19.1,19.9,18.5,96,98,32.2,32.2,27.6,275,5.58,1.02,897.4,18.5,1035.0,13.321617,75.78082
KA-CKM,2023-07-26,18.8,19.9,18.3,96,98,15.2,15.2,27.5,276,5.23,0.95,898.2,18.3,1035.0,13.321617,75.78082
KA-CKM,2023-07-27,19.1,21.4,18.2,94,100,6.5,6.5,28.7,281,11.13,1.82,898.5,18.1,1035.0,13.321617,75.78082
KA-CKM,2023-07-28,19.7,23.3,17.7,93,100,6.3,6.3,26.7,281,18.75,2.92,898.7,18.4,1035.0,13.321617,75.78082
KA-CKM,2023-07-29,20.0,23.8,18.3,89,99,3.4,3.4,25.8,284,21.59,3.52,898.9,18.1,1035.0,13.321617,75.78082
KA-CKM,2023-07-30,20.5,24.2,18.4,88,99,2.0,2.0,25.0,283,21.55,3.67,898.6,18.3,1035.0,13.321617,75.78082
KA-CKM,2023-07-31,20.8,24.4,18.8,88,98,3.3,3.3,23.1,275,21.64,3.77,898.4,18.5,1035.0,13.321617,75.78082
KA-CKM,2023-08-01,20.7,25.2,18.9,87,98,2.8,2.8,28.1,273,20.98,3.7,898.6,18.2,1035.0,13.321617,75.78082
KA-CKM,2023-08-02,20.7,24.9,18.0,85,98,0.4,0.4,29.6,270,22.56,4.06,899.0,17.8,1035.0,13.321617,75.78082
KA-CKM,2023-08-03,20.4,24.4,18.5,87,99,1.9,1.9,28.2,274,21.03,3.61,898.6,18.1,1035.0,13.321617,75.78082
KA-CKM,2023-08-04,20.4,23.1,18.7,90,99,5.2,5.2,26.1,274,19.68,3.24,899.9,18.5,1035.0,13.321617,75.78082
KA-CKM,2023-08-05,20.7,25.0,18.8,88,98,2.6,2.6,22.3,276,19.88,3.5,901.2,18.5,1035.0,13.321617,75.78082
KA-CKM,2023-08-06,21.1,25.1,18.9,86,98,2.2,2.2,19.5,276,21.28,3.86,900.5,18.5,1035.0,13.321617,75.78082
KA-CKM,2023-08-07,21.0,25.0,18.8,86,98,1.6,1.6,19.1,277,20.89,3.85,898.9,18.4,1035.0,13.321617,75.78082
KA-CKM,2023-08-08,20.8,25.1,18.3,87,99,2.7,2.7,19.5,279,19.92,3.64,898.9,18.3,1035.0,13.321617,75.78082
KA-CKM,2023-08-09,21.1,25.8,18.1,86,99,2.2,2.2,14.8,286,19.76,3.72,900.2,18.5,1035.0,13.321617,75.78082
KA-CKM,2023-08-10,21.0,26.5,18.0,88,99,3.9,3.9,14.5,293,18.8,3.62,900.5,18.6,1035.0,13.321617,75.78082
KA-CKM,2023-08-11,21.4,26.5,18.2,84,99,4.6,4.6,12.4,297,21.77,4.24,899.9,18.3,1035.0,13.321617,75.78082
KA-CKM,2023-08-12,21.1,26.1,17.8,84,99,1.3,1.3,20.3,290,22.88,4.33,899.7,18.1,1035.0,13.321617,75.78082
KA-CKM,2023-08-13,20.8,25.1,18.1,87,100,2.3,2.3,17.0,283,20.42,3.75,899.1,18.5,1035.0,13.321617,75.78082
KA-CKM,2023-08-14,20.8,27.6,16.9,82,99,0.4,0.4,16.2,283,23.42,4.52,899.3,17.3,1035.0,13.321617,75.78082
KA-CKM,2023-08-15,20.7,27.6,16.5,82,100,0.0,0.0,17.3,275,22.89,4.45,899.4,17.0,1035.0,13.321617,75.78082
KA-CKM,2023-08-16,20.6,25.7,16.3,84,98,2.1,2.1,14.8,279,22.47,4.23,899.5,17.6,1035.0,13.321617,75.78082
KA-CKM,2023-08-17,20.8,25.2,17.4,84,100,1.4,1.4,19.9,283,22.63,4.23,899.6,17.7,1035.0,13.321617,75.78082
KA-CKM,2023-08-18,21.1,26.0,18.3,83,98,0.5,0.5,22.0,277,22.33,4.31,898.7,17.6,1035.0,13.321617,75.78082
KA-CKM,2023-08-19,19.8,22.4,18.6,92,98,5.3,5.3,20.8,276,14.46,2.49,898.0,18.4,1035.0,13.321617,75.78082
KA-CKM,2023-08-20,21.1,25.7,18.3,85,98,1.0,1.0,18.8,283,22.52,4.19,898.0,18.2,1035.0,13.321617,75.78082
KA-CKM,2023-08-21,21.5,26.6,18.2,83,99,1.1,1.1,15.3,291,21.74,4.29,897.9,18.1,1035.0,13.321617,75.78082
KA-CKM,2023-08-22,21.5,27.6,17.1,81,99,1.6,1.6,15.8,286,24.47,4.83,897.7,17.6,1035.0,13.321617,75.78082
KA-CKM,2023-08-23,21.3,26.8,17.3,81,100,1.0,1.0,13.3,281,23.83,4.69,898.1,17.5,1035.0,13.321617,75.78082
KA-CKM,2023-08-24,20.5,25.4,16.6,81,97,1.2,1.2,15.3,275,21.24,4.08,897.8,17.0,1035.0,13.321617,75.78082
KA-CKM,2023-08-25,20.8,26.6,16.9,86,100,2.1,2.1,15.3,266,21.59,4.1,898.1,18.0,1035.0,13.321617,75.78082
KA-CKM,2023-08-26,20.9,25.4,18.6,89,100,10.9,10.9,16.3,281,16.3,3.12,899.0,18.9,1035.0,13.321617,75.78082
KA-CKM,2023-08-27,20.7,26.4,17.9,89,100,10.9,10.9,15.0,288,17.76,3.34,899.6,18.5,1035.0,13.321617,75.78082
KA-CKM,2023-08-28,21.2,28.0,17.1,81,98,2.3,2.3,17.1,286,24.48,4.76,899.1,17.3,1035.0,13.321617,75.78082
KA-CKM,2023-08-29,21.2,25.8,17.9,83,98,1.3,1.3,17.9,289,23.21,4.42,898.6,17.8,1035.0,13.321617,75.78082
KA-CKM,2023-08-30,20.7,26.1,17.7,87,100,5.3,5.3,14.6,289,20.67,3.82,898.6,18.3,1035.0,13.321617,75.78082
KA-CKM,2023-08-31,21.8,27.5,18.1,81,98,1.8,1.8,10.5,287,22.43,4.5,898.5,18.0,1035.0,13.321617,75.78082
KA-CKM,2023-09-01,22.0,27.1,17.2,79,99,0.3,0.3,10.7,288,20.07,4.09,898.6,17.8,1035.0,13.321617,75.78082
KA-CKM,2023-09-02,21.4,26.4,18.5,85,99,3.0,3.0,13.7,281,18.19,3.59,898.5,18.6,1035.0,13.321617,75.78082
KA-CKM,2023-09-03,21.1,26.2,17.8,81,97,0.0,0.0,15.3,280,18.24,3.81,897.5,17.2,1035.0,13.321617,75.78082
KA-CKM,2023-09-04,19.7,22.1,18.2,88,97,3.8,3.8,16.9,286,8.5,1.87,896.5,17.5,1035.0,13.321617,75.78082
KA-CKM,2023-09-05,19.8,24.8,17.5,91,99,5.1,5.1,15.9,274,12.83,2.39,896.1,18.3,1035.0,13.321617,75.78082
KA-CKM,2023-09-06,21.0,26.5,18.5,88,100,1.2,1.2,18.5,273,19.75,3.66,896.6,18.7,1035.0,13.321617,75.78082
KA-CKM,2023-09-07,20.9,26.6,18.5,88,100,2.4,2.4,22.0,266,22.17,3.97,897.3,18.7,1035.0,13.321617,75.78082
KA-CKM,2023-09-08,20.8,25.4,18.4,88,100,2.4,2.4,22.3,261,20.74,3.69,898.1,18.6,1035.0,13.321617,75.78082
KA-CKM,2023-09-09,20.7,25.4,18.7,90,99,2.8,2.8,22.0,275,15.81,2.85,897.9,19.0,1035.0,13.321617,75.78082
KA-CKM,2023-09-10,20.7,24.4,18.6,88,98,2.8,2.8,21.0,276,18.73,3.37,897.4,18.5,1035.0,13.321617,75.78082
KA-CKM,2023-09-11,21.1,24.7,19.0,84,98,1.8,1.8,21.4,279,19.42,3.7,897.9,18.2,1035.0,13.321617,75.78082
KA-CKM,2023-09-12,21.3,26.1,19.0,84,99,1.0,1.0,21.8,279,21.56,4.08,898.3,18.3,1035.0,13.321617,75.78082
KA-CKM,2023-09-13,20.8,25.4,18.6,87,99,4.8,4.8,18.5,273,20.88,3.77,898.1,18.4,1035.0,13.321617,75.78082
KA-CKM,2023-09-14,20.5,25.2,18.5,89,100,4.3,4.3,19.2,258,17.78,3.18,898.0,18.6,1035.0,13.321617,75.78082
KA-CKM,2023-09-15,20.4,24.4,18.5,92,99,4.5,4.5,20.9,253,15.69,2.68,897.9,19.0,1035.0,13.321617,75.78082
KA-CKM,2023-09-16,20.8,24.6,18.9,89,99,1.4,1.4,23.2,265,15.14,2.8,898.4,18.8,1035.0,13.321617,75.78082
KA-CKM,2023-09-17,21.0,25.5,18.9,89,99,4.2,4.2,18.7,267,18.59,3.33,898.0,18.9,1035.0,13.321617,75.78082
KA-CKM,2023-09-18,21.0,26.1,18.6,89,100,2.8,2.8,17.1,264,21.0,3.81,897.9,18.8,1035.0,13.321617,75.78082
KA-CKM,2023-09-19,20.8,26.1,18.3,87,99,3.2,3.2,18.4,266,20.33,3.77,899.0,18.3,1035.0,13.321617,75.78082
KA-CKM,2023-09-20,20.5,25.9,18.1,90,100,5.2,5.2,15.8,271,15.2,2.84,899.2,18.7,1035.0,13.321617,75.78082
KA-CKM,2023-09-21,21.3,26.7,18.9,87,100,7.6,7.6,12.2,278,18.05,3.52,899.2,18.8,1035.0,13.321617,75.78082
KA-CKM,2023-09-22,21.5,27.5,18.6,87,99,6.2,6.2,12.0,281,18.94,3.72,898.9,18.9,1035.0,13.321617,75.78082
KA-CKM,2023-09-23,21.3,25.5,18.4,87,99,3.8,3.8,14.4,277,20.36,3.81,899.2,18.8,1035.0,13.321617,75.78082
KA-CKM,2023-09-24,21.3,25.8,19.0,84,98,0.2,0.2,17.2,284,19.95,3.84,899.5,18.3,1035.0,13.321617,75.78082
KA-CKM,2023-09-25,21.4,26.5,18.6,85,99,3.1,3.1,17.4,288,20.93,4.0,898.6,18.4,1035.0,13.321617,75.78082
KA-CKM,2023-09-26,21.0,25.3,18.5,87,99,3.4,3.4,16.7,274,20.31,3.77,898.0,18.5,1035.0,13.321617,75.78082
KA-CKM,2023-09-27,20.7,25.2,18.3,88,99,7.2,7.2,20.6,268,19.68,3.54,897.8,18.5,1035.0,13.321617,75.78082
KA-CKM,2023-09-28,20.6,24.1,18.6,92,99,10.5,10.5,20.4,247,16.69,2.89,897.2,19.2,1035.0,13.321617,75.78082
KA-CKM,2023-09-29,20.4,23.8,19.0,91,99,3.5,3.5,27.3,241,17.87,2.96,897.3,18.9,1035.0,13.321617,75.78082
KA-CKM,2023-09-30,20.3,24.0,18.5,93,99,10.7,10.7,24.3,239,16.07,2.69,897.8,18.9,1035.0,13.321617,75.78082
KA-CKM,2023-10-01,20.4,23.4,18.6,91,99,5.0,5.0,24.8,250,18.71,3.03,897.8,18.9,1035.0,13.321617,75.78082
KA-CKM,2023-10-02,21.3,26.4,18.2,82,99,0.2,0.2,21.1,279,22.23,4.28,899.1,17.8,1035.0,13.321617,75.78082
KA-CKM,2023-10-03,20.9,26.1,17.1,82,99,0.6,0.6,13.7,286,21.24,4.15,899.6,17.4,1035.0,13.321617,75.78082
KA-CKM,2023-10-04,21.4,26.5,17.4,78,98,1.0,1.0,13.6,286,21.76,4.37,899.9,17.0,1035.0,13.321617,75.78082
KA-CKM,2023-10-05,21.2,25.9,17.1,79,97,2.0,2.0,9.7,291,20.62,4.07,899.7,17.1,1035.0,13.321617,75.78082
KA-CKM,2023-10-06,21.6,26.3,18.1,81,96,17.5,17.5,9.8,287,19.57,3.88,899.0,17.8,1035.0,13.321617,75.78082
KA-CKM,2023-10-07,21.7,26.6,19.2,86,96,12.3,12.3,13.4,349,19.0,3.62,899.0,18.9,1035.0,13.321617,75.78082
KA-CKM,2023-10-08,21.8,26.9,18.2,83,100,5.5,5.5,11.2,140,21.06,4.09,900.1,18.6,1035.0,13.321617,75.78082
KA-CKM,2023-10-09,21.4,26.9,18.4,88,100,13.6,13.6,10.2,306,17.21,3.34,901.4,19.1,1035.0,13.321617,75.78082
KA-CKM,2023-10-10,21.8,26.1,18.6,85,99,2.7,2.7,10.4,1,20.03,3.86,901.0,18.9,1035.0,13.321617,75.78082
KA-CKM,2023-10-11,21.6,26.6,17.9,84,98,1.0,1.0,12.5,353,21.53,4.12,900.5,18.6,1035.0,13.321617,75.78082
KA-CKM,2023-10-12,21.9,27.1,18.2,81,100,1.8,1.8,14.3,82,22.56,4.34,901.2,18.2,1035.0,13.321617,75.78082
KA-CKM,2023-10-13,22.2,27.2,17.9,66,91,0.0,0.0,15.0,82,23.64,4.82,901.8,15.0,1035.0,13.321617,75.78082
KA-CKM,2023-10-14,21.8,27.0,16.5,62,98,0.0,0.0,14.0,63,24.65,4.98,901.5,13.6,1035.0,13.321617,75.78082
KA-CKM,2023-10-15,21.9,27.1,18.3,73,99,0.0,0.0,9.6,59,18.76,3.82,900.4,16.4,1035.0,13.321617,75.78082
KA-CKM,2023-10-16,21.2,26.8,18.2,82,99,5.6,5.6,14.9,27,16.98,3.36,900.1,17.7,1035.0,13.321617,75.78082
KA-CKM,2023-10-17,21.4,25.9,18.6,86,100,7.8,7.8,10.5,46,16.78,3.29,901.1,18.6,1035.0,13.321617,75.78082
KA-CKM,2023-10-18,22.1,27.5,18.0,72,100,0.5,0.5,17.2,72,22.77,4.64,901.6,16.2,1035.0,13.321617,75.78082
KA-CKM,2023-10-19,22.7,27.5,18.0,62,88,0.0,0.0,14.1,69,23.62,4.9,901.7,14.7,1035.0,13.321617,75.78082
KA-CKM,2023-10-20,22.4,27.7,17.3,64,89,0.0,0.0,13.8,67,22.98,4.82,901.5,14.8,1035.0,13.321617,75.78082
KA-CKM,2023-10-21,22.6,27.8,18.2,64,89,0.0,0.0,14.5,63,22.45,4.81,901.8,15.0,1035.0,13.321617,75.78082
KA-CKM,2023-10-22,22.5,28.0,18.2,63,81,0.0,0.0,11.9,43,22.14,4.72,902.0,14.7,1035.0,13.321617,75.78082
KA-CKM,2023-10-23,22.1,28.3,18.1,52,75,0.0,0.0,15.6,44,23.13,5.19,901.2,11.4,1035.0,13.321617,75.78082
KA-CKM,2023-10-24,21.7,27.7,15.8,49,67,0.0,0.0,12.8,51,23.5,5.26,900.7,10.0,1035.0,13.321617,75.78082
KA-CKM,2023-10-25,22.0,28.0,17.8,42,60,0.0,0.0,16.5,48,24.36,5.75,901.8,8.4,1035.0,13.321617,75.78082
KA-CKM,2023-10-26,22.0,27.9,16.8,43,53,0.0,0.0,15.8,50,24.09,5.49,901.7,8.5,1035.0,13.321617,75.78082
KA-CKM,2023-10-27,22.1,27.8,17.8,47,57,0.0,0.0,16.5,55,22.57,5.22,900.7,10.2,1035.0,13.321617,75.78082
KA-CKM,2023-10-28,21.8,27.4,17.4,70,88,3.2,3.2,10.6,62,19.43,3.99,900.6,15.8,1035.0,13.321617,75.78082
KA-CKM,2023-10-29,21.7,27.0,18.0,79,97,7.1,7.1,14.8,67,18.79,3.79,900.5,17.7,1035.0,13.321617,75.78082
KA-CKM,2023-10-30,21.0,26.3,17.9,84,99,6.3,6.3,16.0,79,19.06,3.66,900.6,17.8,1035.0,13.321617,75.78082
KA-CKM,2023-10-31,20.8,24.9,17.4,81,98,0.6,0.6,15.3,70,16.04,3.18,900.8,17.2,1035.0,13.321617,75.78082
KA-CKM,2023-11-01,21.6,25.7,17.5,75,99,0.0,0.0,17.6,71,14.39,3.11,901.3,16.8,1035.0,13.321617,75.78082
KA-CKM,2023-11-02,22.3,27.4,17.6,71,95,0.1,0.1,15.2,64,21.26,4.41,900.7,16.6,1035.0,13.321617,75.78082
KA-CKM,2023-11-03,22.2,27.6,18.0,77,96,0.7,0.7,16.8,70,21.47,4.25,899.4,17.7,1035.0,13.321617,75.78082
KA-CKM,2023-11-04,21.7,26.6,17.9,79,96,1.4,1.4,14.3,79,17.83,3.63,899.2,17.6,1035.0,13.321617,75.78082
KA-CKM,2023-11-05,20.4,25.9,17.9,89,100,6.6,6.6,15.6,83,13.47,2.56,900.1,18.5,1035.0,13.321617,75.78082
KA-CKM,2023-11-06,20.7,26.0,18.0,89,100,3.7,3.7,8.8,124,16.79,3.18,901.3,18.7,1035.0,13.321617,75.78082
KA-CKM,2023-11-07,20.9,25.7,17.5,88,100,5.0,5.0,7.6,45,17.22,3.26,901.2,18.7,1035.0,13.321617,75.78082
KA-CKM,2023-11-08,20.7,25.0,18.0,89,100,5.9,5.9,8.8,79,14.71,2.81,901.1,18.7,1035.0,13.321617,75.78082
KA-CKM,2023-11-09,20.5,25.2,17.8,88,100,3.5,3.5,17.0,80,15.62,2.91,901.3,18.3,1035.0,13.321617,75.78082
KA-CKM,2023-11-10,21.2,26.0,18.3,83,100,0.6,0.6,18.8,84,18.31,3.48,902.4,18.0,1035.0,13.321617,75.78082
KA-CKM,2023-11-11,21.1,25.8,17.7,64,99,0.1,0.1,20.7,70,21.84,4.76,902.5,13.0,1035.0,13.321617,75.78082
KA-CKM,2023-11-12,20.3,25.2,16.5,62,83,0.0,0.0,21.3,66,21.81,4.78,902.5,12.5,1035.0,13.321617,75.78082
KA-CKM,2023-11-13,20.2,25.2,16.1,64,83,0.0,0.0,23.3,68,21.99,4.76,901.8,12.8,1035.0,13.321617,75.78082
KA-CKM,2023-11-14,20.0,24.8,16.2,68,86,0.0,0.0,18.7,68,19.54,4.19,901.4,13.6,1035.0,13.321617,75.78082
KA-CKM,2023-11-15,20.7,25.5,16.8,74,97,0.0,0.0,16.4,61,17.97,3.74,901.2,15.6,1035.0,13.321617,75.78082
KA-CKM,2023-11-16,21.6,26.3,17.0,70,91,0.0,0.0,12.3,54,18.87,3.83,901.4,15.7,1035.0,13.321617,75.78082
KA-CKM,2023-11-17,22.0,27.2,17.6,66,82,0.0,0.0,13.1,69,19.28,4.12,901.5,15.1,1035.0,13.321617,75.78082
KA-CKM,2023-11-18,22.0,26.4,17.1,72,97,0.3,0.3,14.4,76,18.55,3.85,901.3,16.4,1035.0,13.321617,75.78082
KA-CKM,2023-11-19,21.6,26.7,16.9,67,93,0.0,0.0,16.6,70,20.24,4.29,901.4,14.7,1035.0,13.321617,75.78082
KA-CKM,2023-11-20,21.2,26.2,17.0,63,91,0.0,0.0,16.8,58,21.82,4.61,901.3,13.5,1035.0,13.321617,75.78082
KA-CKM,2023-11-21,21.5,26.4,17.4,74,94,0.0,0.0,16.4,52,18.24,3.78,900.7,16.3,1035.0,13.321617,75.78082
KA-CKM,2023-11-22,22.1,27.4,18.5,76,99,0.0,0.0,15.9,55,17.36,3.67,900.2,17.2,1035.0,13.321617,75.78082
KA-CKM,2023-11-23,21.0,26.2,18.7,86,100,3.9,3.9,13.8,76,13.74,2.69,899.3,18.5,1035.0,13.321617,75.78082
KA-CKM,2023-11-24,21.4,26.4,18.5,82,100,1.1,1.1,17.0,108,15.0,3.05,899.4,18.0,1035.0,13.321617,75.78082
KA-CKM,2023-11-25,20.7,25.8,18.0,84,100,2.2,2.2,19.1,83,15.5,3.06,900.7,17.7,1035.0,13.321617,75.78082
KA-CKM,2023-11-26,20.5,25.2,17.1,79,99,0.0,0.0,23.3,93,15.24,3.26,901.3,16.2,1035.0,13.321617,75.78082
KA-CKM,2023-11-27,21.1,26.5,17.2,76,99,0.2,0.2,17.9,96,18.02,3.66,900.4,16.3,1035.0,13.321617,75.78082
KA-CKM,2023-11-28,21.1,26.2,16.1,76,100,0.7,0.7,9.2,98,19.62,3.83,899.7,16.4,1035.0,13.321617,75.78082
KA-CKM,2023-11-29,21.3,26.1,17.2,76,98,0.3,0.3,13.7,81,19.04,3.84,899.9,16.5,1035.0,13.321617,75.78082
KA-CKM,2023-11-30,21.3,26.3,17.5,77,100,0.3,0.3,14.6,93,17.19,3.5,900.5,16.7,1035.0,13.321617,75.78082
KA-CKM,2023-12-01,21.1,26.1,17.1,78,98,0.5,0.5,12.9,58,17.87,3.6,900.2,16.7,1035.0,13.321617,75.78082
KA-CKM,2023-12-02,21.4,26.8,17.7,71,99,0.0,0.0,15.4,63,20.98,4.38,899.3,15.3,1035.0,13.321617,75.78082
KA-CKM,2023-12-03,20.8,25.7,17.6,81,99,0.5,0.5,24.5,59,14.9,3.14,899.1,17.3,1035.0,13.321617,75.78082
KA-CKM,2023-12-04,20.4,25.9,17.3,79,97,0.0,0.0,23.4,35,14.0,2.96,898.0,16.3,1035.0,13.321617,75.78082
KA-CKM,2023-12-05,20.3,26.1,16.5,79,96,0.1,0.1,10.7,336,13.76,2.82,897.3,16.2,1035.0,13.321617,75.78082
KA-CKM,2023-12-06,20.9,27.4,15.6,73,94,0.0,0.0,9.0,281,19.44,3.93,898.5,15.1,1035.0,13.321617,75.78082
KA-CKM,2023-12-07,21.1,26.8,16.3,73,94,0.0,0.0,7.4,281,17.01,3.43,899.3,15.5,1035.0,13.321617,75.78082
KA-CKM,2023-12-08,21.4,26.9,16.8,77,96,1.0,1.0,8.9,122,17.06,3.4,900.1,16.8,1035.0,13.321617,75.78082
KA-CKM,2023-12-09,20.7,25.6,17.0,86,99,2.2,2.2,14.4,70,14.55,2.83,901.0,18.0,1035.0,13.321617,75.78082
KA-CKM,2023-12-10,21.2,25.0,18.5,82,99,0.5,0.5,14.8,82,14.41,2.88,900.4,17.9,1035.0,13.321617,75.78082
KA-CKM,2023-12-11,21.1,24.7,17.0,77,96,0.2,0.2,13.3,77,13.58,2.77,900.7,16.8,1035.0,13.321617,75.78082
KA-CKM,2023-12-12,21.2,26.3,16.9,71,96,0.2,0.2,14.5,71,17.28,3.57,900.0,15.3,1035.0,13.321617,75.78082
KA-CKM,2023-12-13,19.6,24.8,14.9,69,94,0.0,0.0,14.9,67,20.58,4.07,900.0,13.4,1035.0,13.321617,75.78082
KA-CKM,2023-12-14,18.6,24.0,14.3,72,96,0.0,0.0,18.4,75,19.18,3.64,901.1,13.2,1035.0,13.321617,75.78082
KA-CKM,2023-12-15,19.8,25.6,14.9,73,99,0.0,0.0,11.2,69,18.74,3.73,901.6,14.4,1035.0,13.321617,75.78082
KA-CKM,2023-12-16,20.8,26.1,16.9,77,98,0.0,0.0,14.8,84,16.65,3.47,901.4,16.0,1035.0,13.321617,75.78082
KA-CKM,2023-12-17,20.5,24.6,18.0,80,99,1.1,1.1,18.4,80,14.49,3.07,900.8,16.6,1035.0,13.321617,75.78082
KA-CKM,2023-12-18,19.4,22.4,16.6,79,100,0.3,0.3,21.3,80,8.93,2.28,901.0,15.4,1035.0,13.321617,75.78082
KA-CKM,2023-12-19,19.7,25.1,15.6,72,99,0.0,0.0,18.4,76,18.55,3.89,901.7,14.1,1035.0,13.321617,75.78082
KA-CKM,2023-12-20,19.5,25.9,14.9,74,98,0.0,0.0,15.9,73,17.36,3.59,901.9,14.3,1035.0,13.321617,75.78082
KA-CKM,2023-12-21,20.9,26.8,15.8,71,95,0.0,0.0,14.2,75,20.76,4.13,901.7,14.9,1035.0,13.321617,75.78082
KA-CKM,2023-12-22,21.0,27.2,15.4,70,96,0.0,0.0,11.8,58,18.68,3.92,901.9,14.9,1035.0,13.321617,75.78082
KA-CKM,2023-12-23,20.6,26.1,16.1,56,87,0.0,0.0,11.4,61,21.23,4.53,902.3,10.8,1035.0,13.321617,75.78082
KA-CKM,2023-12-24,19.4,26.1,12.9,56,85,0.0,0.0,14.7,62,21.29,4.63,903.0,9.7,1035.0,13.321617,75.78082
KA-CKM,2023-12-25,20.5,27.1,15.4,68,98,0.0,0.0,19.0,70,20.42,4.37,903.0,13.7,1035.0,13.321617,75.78082
KA-CKM,2023-12-26,19.7,26.0,14.3,54,95,0.0,0.0,19.5,68,21.83,5.06,902.7,8.2,1035.0,13.321617,75.78082
KA-CKM,2023-12-27,19.3,26.2,13.3,53,92,0.0,0.0,19.8,70,21.84,5.09,902.8,8.0,1035.0,13.321617,75.78082
KA-CKM,2023-12-28,19.9,26.9,14.4,67,95,0.0,0.0,16.2,86,21.11,4.39,902.0,12.9,1035.0,13.321617,75.78082
KA-CKM,2023-12-29,20.1,27.0,14.9,69,93,0.0,0.0,17.5,84,20.77,4.32,901.9,13.7,1035.0,13.321617,75.78082
KA-CKM,2023-12-30,19.7,26.5,14.1,67,97,0.0,0.0,11.2,84,21.34,4.29,901.4,12.5,1035.0,13.321617,75.78082
KA-CKM,2023-12-31,20.1,26.4,14.1,65,96,0.0,0.0,15.0,83,21.5,4.31,901.0,12.5,1035.0,13.321617,75.78082
