site_id,date,temperature_2m_mean,temperature_2m_max,temperature_2m_min,relative_humidity_2m_mean,relative_humidity_2m_max,precipitation_sum,rain_sum,wind_speed_10m_max,wind_direction_10m_dominant,shortwave_radiation_sum,et0_fao_evapotranspiration,surface_pressure_mean,dew_point_2m_mean,elevation_m,lat,lon
KA-DVG,2020-12-01,23.5,28.8,19.4,64,95,0.0,0.0,18.1,89,19.62,4.92,947.5,15.5,598.0,14.446397,75.90362
KA-DVG,2020-12-02,23.0,29.8,17.4,61,95,0.0,0.0,17.5,84,20.1,4.93,946.1,14.4,598.0,14.446397,75.90362
KA-DVG,2020-12-03,23.3,29.8,17.2,68,96,0.0,0.0,18.5,75,16.28,4.25,945.2,16.3,598.0,14.446397,75.90362
KA-DVG,2020-12-04,24.5,30.2,19.7,68,93,0.0,0.0,23.9,77,16.79,4.54,944.5,17.6,598.0,14.446397,75.90362
KA-DVG,2020-12-05,24.3,29.8,19.4,67,95,0.0,0.0,21.4,79,17.46,4.6,944.9,17.1,598.0,14.446397,75.90362
KA-DVG,2020-12-06,23.8,28.7,19.0,71,90,0.0,0.0,25.5,81,13.57,3.91,946.0,17.8,598.0,14.446397,75.90362
KA-DVG,2020-12-07,24.3,28.5,21.5,76,91,1.4,1.4,23.3,73,12.29,3.45,947.2,19.4,598.0,14.446397,75.90362
KA-DVG,2020-12-08,24.3,29.9,21.5,77,92,6.8,6.8,23.8,87,13.62,3.51,947.5,19.7,598.0,14.446397,75.90362
KA-DVG,2020-12-09,23.9,29.4,21.1,79,95,2.4,2.4,19.0,98,13.69,3.24,946.7,19.7,598.0,14.446397,75.90362
KA-DVG,2020-12-10,24.3,29.9,20.2,59,95,0.0,0.0,15.3,106,18.78,4.9,946.4,14.5,598.0,14.446397,75.90362
KA-DVG,2020-12-11,23.9,30.2,18.4,54,82,0.0,0.0,16.1,99,19.34,5.0,946.5,13.2,598.0,14.446397,75.90362
KA-DVG,2020-12-12,23.4,30.5,17.5,51,82,0.0,0.0,15.4,105,19.89,5.07,946.1,11.2,598.0,14.446397,75.90362
KA-DVG,2020-12-13,23.1,30.4,16.4,58,95,0.0,0.0,14.2,102,19.86,4.54,945.2,13.2,598.0,14.446397,75.90362
KA-DVG,2020-12-14,24.1,31.2,17.6,54,81,0.0,0.0,18.9,112,19.79,4.95,945.0,13.2,598.0,14.446397,75.90362
KA-DVG,2020-12-15,23.6,30.8,17.8,55,87,0.0,0.0,16.9,94,20.02,5.28,946.6,12.8,598.0,14.446397,75.90362
KA-DVG,2020-12-16,24.6,30.7,19.2,61,95,0.0,0.0,19.5,89,16.88,4.88,947.2,15.8,598.0,14.446397,75.90362
KA-DVG,2020-12-17,24.9,30.0,20.5,66,91,0.4,0.4,21.0,89,14.59,4.15,947.5,17.6,598.0,14.446397,75.90362
KA-DVG,2020-12-18,25.0,31.3,19.9,61,91,0.0,0.0,19.1,92,17.8,5.05,947.2,16.0,598.0,14.446397,75.90362
KA-DVG,2020-12-19,24.0,30.1,18.7,59,94,0.0,0.0,20.6,86,19.59,5.31,947.6,14.6,598.0,14.446397,75.90362
KA-DVG,2020-12-20,23.0,28.2,18.8,64,95,0.0,0.0,22.8,84,15.57,4.41,947.8,15.2,598.0,14.446397,75.90362
KA-DVG,2020-12-21,22.4,29.1,17.3,60,96,0.0,0.0,20.2,84,19.6,5.04,946.8,12.9,598.0,14.446397,75.90362
KA-DVG,2020-12-22,22.6,30.5,16.0,52,92,0.0,0.0,17.0,97,20.45,5.29,945.8,10.3,598.0,14.446397,75.90362
KA-DVG,2020-12-23,23.7,30.2,17.7,56,86,0.0,0.0,15.7,95,18.93,4.89,945.0,13.5,598.0,14.446397,75.90362
KA-DVG,2020-12-24,24.8,31.2,19.0,53,74,0.0,0.0,15.5,91,18.21,4.9,944.1,14.2,598.0,14.446397,75.90362
KA-DVG,2020-12-25,24.8,31.1,20.0,48,75,0.0,0.0,17.7,88,19.47,5.64,945.3,12.2,598.0,14.446397,75.90362
KA-DVG,2020-12-26,23.5,30.4,17.5,52,88,0.0,0.0,15.3,90,20.13,5.25,946.3,11.6,598.0,14.446397,75.90362
KA-DVG,2020-12-27,23.7,31.0,17.2,54,84,0.0,0.0,14.4,90,20.02,5.17,945.8,12.7,598.0,14.446397,75.90362
KA-DVG,2020-12-28,23.7,31.3,17.2,49,88,0.0,0.0,14.3,91,20.17,5.14,945.3,10.8,598.0,14.446397,75.90362
KA-DVG,2020-12-29,23.9,31.3,16.8,42,82,0.0,0.0,16.8,95,20.21,5.55,945.0,7.7,598.0,14.446397,75.90362
KA-DVG,2020-12-30,25.4,31.6,19.6,56,81,0.0,0.0,21.6,96,19.09,5.51,945.0,15.3,598.0,14.446397,75.90362
KA-DVG,2020-12-31,25.2,31.4,20.6,62,86,0.0,0.0,18.6,97,17.81,5.03,945.8,16.7,598.0,14.446397,75.90362
KA-DVG,2021-01-01,24.0,29.9,19.0,57,90,0.0,0.0,20.1,91,19.0,5.37,946.4,14.1,598.0,14.446397,75.90362
KA-DVG,2021-01-02,23.3,29.6,17.2,56,85,0.0,0.0,18.5,92,19.6,5.3,946.2,13.2,598.0,14.446397,75.90362
KA-DVG,2021-01-03,24.4,30.9,19.9,66,89,0.2,0.2,20.8,119,13.71,3.82,944.7,17.0,598.0,14.446397,75.90362
KA-DVG,2021-01-04,25.1,30.3,20.8,64,87,1.1,1.1,19.0,117,14.84,4.06,944.7,17.5,598.0,14.446397,75.90362
KA-DVG,2021-01-05,25.4,31.3,20.8,59,75,0.2,0.2,19.2,100,17.86,5.0,945.3,16.3,598.0,14.446397,75.90362
KA-DVG,2021-01-06,24.8,30.1,20.4,70,91,0.8,0.8,16.4,102,13.3,3.56,944.9,18.5,598.0,14.446397,75.90362
KA-DVG,2021-01-07,23.7,28.6,20.9,79,96,6.6,6.6,18.0,94,11.79,2.95,943.6,19.6,598.0,14.446397,75.90362
KA-DVG,2021-01-08,23.4,28.6,20.5,84,99,12.4,12.4,14.1,120,12.16,2.66,943.1,20.3,598.0,14.446397,75.90362
KA-DVG,2021-01-09,24.2,29.2,20.6,75,99,0.0,0.0,14.0,104,12.16,3.1,943.8,19.0,598.0,14.446397,75.90362
KA-DVG,2021-01-10,24.4,30.1,19.7,66,90,0.0,0.0,16.3,99,17.19,4.31,944.5,17.1,598.0,14.446397,75.90362
KA-DVG,2021-01-11,24.2,30.3,19.5,65,94,0.0,0.0,17.9,92,15.76,4.31,945.6,16.4,598.0,14.446397,75.90362
KA-DVG,2021-01-12,24.0,29.7,19.6,57,85,0.0,0.0,22.0,85,12.3,4.41,945.8,14.0,598.0,14.446397,75.90362
KA-DVG,2021-01-13,24.3,30.9,19.1,53,83,0.0,0.0,22.3,85,20.2,5.89,945.4,13.0,598.0,14.446397,75.90362
KA-DVG,2021-01-14,23.8,30.5,17.9,55,90,0.0,0.0,20.7,88,20.65,5.7,945.0,13.1,598.0,14.446397,75.90362
KA-DVG,2021-01-15,24.5,29.9,20.9,57,78,0.0,0.0,16.6,105,14.42,4.15,944.5,15.0,598.0,14.446397,75.90362
KA-DVG,2021-01-16,25.8,31.7,20.2,53,76,0.0,0.0,13.2,104,18.05,4.95,943.8,14.8,598.0,14.446397,75.90362
KA-DVG,2021-01-17,25.5,31.9,19.3,50,76,0.0,0.0,19.8,107,18.35,5.38,944.5,13.7,598.0,14.446397,75.90362
KA-DVG,2021-01-18,24.9,31.9,18.6,47,72,0.0,0.0,19.2,94,20.81,6.12,945.6,11.9,598.0,14.446397,75.90362
KA-DVG,2021-01-19,24.3,31.0,18.8,53,85,0.0,0.0,15.8,82,21.11,5.31,945.8,13.0,598.0,14.446397,75.90362
KA-DVG,2021-01-20,23.9,31.6,17.7,49,77,0.0,0.0,13.0,84,21.47,5.23,946.1,11.0,598.0,14.446397,75.90362
KA-DVG,2021-01-21,24.6,32.5,17.5,44,75,0.0,0.0,11.5,78,21.47,5.32,945.5,10.3,598.0,14.446397,75.90362
KA-DVG,2021-01-22,25.1,32.7,16.9,51,88,0.0,0.0,13.3,106,20.93,5.18,945.2,12.9,598.0,14.446397,75.90362
KA-DVG,2021-01-23,25.2,32.1,18.3,46,74,0.0,0.0,13.8,93,21.48,5.53,945.4,11.7,598.0,14.446397,75.90362
KA-DVG,2021-01-24,24.8,31.9,18.1,44,72,0.0,0.0,14.9,97,21.75,5.48,946.0,10.6,598.0,14.446397,75.90362
KA-DVG,2021-01-25,25.0,32.3,17.6,37,61,0.0,0.0,15.6,96,22.18,6.11,946.4,8.2,598.0,14.446397,75.90362
KA-DVG,2021-01-26,24.6,32.6,17.6,36,67,0.0,0.0,15.5,98,22.32,5.98,945.7,6.6,598.0,14.446397,75.90362
KA-DVG,2021-01-27,24.0,32.0,16.6,38,65,0.0,0.0,16.8,107,22.03,5.81,945.8,7.9,598.0,14.446397,75.90362
KA-DVG,2021-01-28,24.3,31.5,18.0,42,67,0.0,0.0,16.6,99,22.02,5.94,946.3,9.3,598.0,14.446397,75.90362
KA-DVG,2021-01-29,24.3,31.3,18.9,46,78,0.0,0.0,19.3,99,21.96,5.74,946.8,10.5,598.0,14.446397,75.90362
KA-DVG,2021-01-30,24.6,31.5,17.9,49,85,0.0,0.0,12.8,64,21.52,5.22,946.2,12.3,598.0,14.446397,75.90362
KA-DVG,2021-01-31,25.6,31.3,20.1,42,71,0.0,0.0,15.0,88,19.14,5.57,946.5,11.0,598.0,14.446397,75.90362
KA-DVG,2021-02-01,25.1,31.1,20.3,39,71,0.0,0.0,20.1,84,22.2,6.7,948.3,9.1,598.0,14.446397,75.90362
KA-DVG,2021-02-02,24.2,30.6,17.7,44,82,0.0,0.0,18.4,88,22.38,6.25,948.5,9.9,598.0,14.446397,75.90362
KA-DVG,2021-02-03,24.4,30.8,18.6,51,83,0.0,0.0,16.2,85,21.79,5.58,947.8,12.7,598.0,14.446397,75.90362
KA-DVG,2021-02-04,24.5,30.9,19.1,44,70,0.0,0.0,16.3,94,22.11,5.74,947.4,10.6,598.0,14.446397,75.90362
KA-DVG,2021-02-05,24.2,31.4,18.0,43,64,0.0,0.0,12.6,94,21.83,5.29,946.6,10.0,598.0,14.446397,75.90362
KA-DVG,2021-02-06,24.4,31.2,17.8,40,64,0.0,0.0,12.4,96,22.72,5.81,945.8,9.1,598.0,14.446397,75.90362
KA-DVG,2021-02-07,24.2,30.9,18.2,36,61,0.0,0.0,19.1,89,23.14,6.65,946.6,7.0,598.0,14.446397,75.90362
KA-DVG,2021-02-08,23.7,31.0,17.6,35,53,0.0,0.0,22.4,86,23.35,6.62,947.2,6.8,598.0,14.446397,75.90362
KA-DVG,2021-02-09,23.8,31.0,17.1,45,81,0.0,0.0,15.5,91,23.25,6.03,946.5,10.0,598.0,14.446397,75.90362
KA-DVG,2021-02-10,24.0,31.5,16.7,42,75,0.0,0.0,14.1,95,23.59,5.77,945.4,8.6,598.0,14.446397,75.90362
KA-DVG,2021-02-11,24.0,31.8,15.8,35,58,0.0,0.0,15.3,96,23.61,6.19,944.7,6.4,598.0,14.446397,75.90362
KA-DVG,2021-02-12,24.5,31.6,18.1,35,62,0.0,0.0,18.4,102,23.55,6.45,945.4,7.0,598.0,14.446397,75.90362
KA-DVG,2021-02-13,23.6,31.2,17.4,34,60,0.0,0.0,13.4,93,23.79,5.94,946.5,5.6,598.0,14.446397,75.90362
KA-DVG,2021-02-14,23.7,31.9,16.0,34,59,0.0,0.0,11.0,79,23.68,5.83,946.5,5.7,598.0,14.446397,75.90362
KA-DVG,2021-02-15,24.1,32.4,16.3,43,81,0.0,0.0,12.0,113,23.37,5.71,945.6,9.5,598.0,14.446397,75.90362
KA-DVG,2021-02-16,24.7,32.7,16.9,53,95,0.0,0.0,14.4,145,23.23,5.63,945.0,12.2,598.0,14.446397,75.90362
KA-DVG,2021-02-17,25.1,31.9,18.2,57,98,0.0,0.0,8.8,101,21.29,4.73,944.7,14.3,598.0,14.446397,75.90362
KA-DVG,2021-02-18,24.8,31.1,21.1,58,83,2.2,2.2,15.3,149,18.95,4.82,945.7,14.8,598.0,14.446397,75.90362
KA-DVG,2021-02-19,21.7,26.6,18.6,68,85,6.1,6.1,18.0,92,16.24,3.91,947.1,15.1,598.0,14.446397,75.90362
KA-DVG,2021-02-20,22.2,27.1,17.5,67,92,0.5,0.5,20.9,86,17.03,4.08,946.5,15.2,598.0,14.446397,75.90362
KA-DVG,2021-02-21,21.7,26.4,18.6,79,91,3.6,3.6,18.7,104,14.71,3.22,947.1,17.6,598.0,14.446397,75.90362
KA-DVG,2021-02-22,23.1,28.7,17.8,72,96,0.1,0.1,13.7,98,18.99,4.21,947.6,17.3,598.0,14.446397,75.90362
KA-DVG,2021-02-23,24.7,30.9,20.8,60,85,0.0,0.0,13.9,105,21.66,5.11,946.4,15.5,598.0,14.446397,75.90362
KA-DVG,2021-02-24,25.3,32.0,18.6,51,77,0.0,0.0,12.9,102,22.64,5.32,945.4,13.6,598.0,14.446397,75.90362
KA-DVG,2021-02-25,25.4,33.3,17.7,51,92,0.0,0.0,15.3,3,22.76,5.53,945.5,12.7,598.0,14.446397,75.90362
KA-DVG,2021-02-26,25.5,34.0,18.0,56,98,0.0,0.0,11.3,12,23.59,5.56,944.4,13.4,598.0,14.446397,75.90362
KA-DVG,2021-02-27,26.1,33.5,19.0,55,97,0.0,0.0,10.2,117,22.27,5.17,943.5,14.4,598.0,14.446397,75.90362
KA-DVG,2021-02-28,26.7,34.4,19.3,42,74,0.0,0.0,12.7,114,24.02,6.28,943.7,11.0,598.0,14.446397,75.90362
KA-DVG,2021-03-01,26.6,33.9,19.3,32,54,0.0,0.0,17.8,127,24.12,6.51,946.4,7.7,598.0,14.446397,75.90362
KA-DVG,2021-03-02,25.8,34.4,18.5,52,100,0.0,0.0,15.8,111,20.47,5.21,946.8,12.8,598.0,14.446397,75.90362
KA-DVG,2021-03-03,27.1,34.5,20.1,30,51,0.0,0.0,22.3,101,24.56,7.69,945.5,6.9,598.0,14.446397,75.90362
KA-DVG,2021-03-04,26.5,33.8,19.7,29,53,0.0,0.0,20.6,99,25.25,7.99,945.7,5.5,598.0,14.446397,75.90362
KA-DVG,2021-03-05,25.5,33.7,18.7,31,54,0.0,0.0,16.2,100,25.59,6.94,946.5,5.6,598.0,14.446397,75.90362
KA-DVG,2021-03-06,24.9,34.2,16.5,39,69,0.0,0.0,9.8,87,25.32,6.1,946.6,8.2,598.0,14.446397,75.90362
KA-DVG,2021-03-07,26.2,34.9,17.1,42,95,0.0,0.0,11.4,111,25.02,6.52,945.6,10.0,598.0,14.446397,75.90362
KA-DVG,2021-03-08,27.2,35.3,19.3,29,54,0.0,0.0,20.6,99,25.35,7.44,945.8,6.1,598.0,14.446397,75.90362
KA-DVG,2021-03-09,27.0,34.9,19.9,29,53,0.0,0.0,23.0,96,25.45,7.6,946.4,5.8,598.0,14.446397,75.90362
KA-DVG,2021-03-10,27.5,34.6,21.5,33,66,0.0,0.0,22.7,99,25.02,7.36,946.3,8.4,598.0,14.446397,75.90362
KA-DVG,2021-03-11,27.2,33.6,20.5,41,83,0.0,0.0,15.9,147,21.54,5.8,946.3,11.8,598.0,14.446397,75.90362
KA-DVG,2021-03-12,27.4,34.4,21.2,48,97,0.0,0.0,16.2,96,22.69,6.35,947.2,11.0,598.0,14.446397,75.90362
KA-DVG,2021-03-13,27.2,34.6,20.3,25,47,0.0,0.0,15.8,85,25.59,7.68,946.9,4.4,598.0,14.446397,75.90362
KA-DVG,2021-03-14,27.3,34.6,21.0,30,59,0.0,0.0,16.6,101,25.61,7.53,945.4,6.8,598.0,14.446397,75.90362
KA-DVG,2021-03-15,27.5,34.5,19.8,31,47,0.0,0.0,17.7,110,25.41,6.89,944.8,7.9,598.0,14.446397,75.90362
KA-DVG,2021-03-16,27.8,34.9,20.3,53,97,0.0,0.0,12.9,140,24.62,6.02,945.0,14.6,598.0,14.446397,75.90362
KA-DVG,2021-03-17,27.7,35.2,20.9,46,95,0.0,0.0,11.3,125,25.16,6.42,944.1,11.6,598.0,14.446397,75.90362
KA-DVG,2021-03-18,27.6,35.1,20.6,46,95,0.0,0.0,11.9,153,24.54,6.11,944.4,12.1,598.0,14.446397,75.90362
KA-DVG,2021-03-19,27.5,35.2,20.2,50,98,0.0,0.0,14.5,76,23.55,6.13,944.2,13.1,598.0,14.446397,75.90362
KA-DVG,2021-03-20,28.0,35.4,20.0,35,72,0.0,0.0,15.9,158,25.51,6.68,942.9,10.0,598.0,14.446397,75.90362
KA-DVG,2021-03-21,28.0,34.8,21.7,54,94,0.0,0.0,16.3,198,23.02,5.66,943.1,15.4,598.0,14.446397,75.90362
KA-DVG,2021-03-22,28.7,36.1,21.4,50,99,0.0,0.0,16.6,113,23.57,6.42,944.4,14.3,598.0,14.446397,75.90362
KA-DVG,2021-03-23,28.6,36.0,20.9,43,98,0.0,0.0,13.1,74,25.39,6.76,945.1,11.3,598.0,14.446397,75.90362
KA-DVG,2021-03-24,30.4,36.7,25.1,32,54,0.0,0.0,16.9,104,24.74,7.78,945.1,10.9,598.0,14.446397,75.90362
KA-DVG,2021-03-25,29.5,36.6,21.6,41,92,0.0,0.0,16.1,92,22.98,6.85,944.4,12.1,598.0,14.446397,75.90362
KA-DVG,2021-03-26,30.3,37.5,23.0,28,44,0.0,0.0,17.7,89,24.96,7.78,943.8,8.8,598.0,14.446397,75.90362
KA-DVG,2021-03-27,30.1,37.6,22.5,31,69,0.0,0.0,14.4,97,25.6,7.3,943.5,9.8,598.0,14.446397,75.90362
KA-DVG,2021-03-28,29.1,34.9,23.8,55,88,0.0,0.0,13.9,259,21.36,5.55,943.7,17.7,598.0,14.446397,75.90362
KA-DVG,2021-03-29,29.5,36.0,23.1,53,93,0.0,0.0,13.3,309,23.39,5.91,943.4,16.8,598.0,14.446397,75.90362
KA-DVG,2021-03-30,29.2,34.7,24.5,58,89,0.2,0.2,15.0,274,21.48,5.78,943.2,19.0,598.0,14.446397,75.90362
KA-DVG,2021-03-31,29.7,38.3,23.1,58,95,0.0,0.0,19.8,299,25.64,6.62,941.8,17.6,598.0,14.446397,75.90362
KA-DVG,2021-04-01,28.9,37.6,22.1,49,92,0.0,0.0,18.2,277,26.51,7.36,941.9,13.4,598.0,14.446397,75.90362
KA-DVG,2021-04-02,28.7,36.9,22.0,53,89,0.0,0.0,15.0,271,25.72,6.97,942.3,15.6,598.0,14.446397,75.90362
KA-DVG,2021-04-03,27.7,35.4,21.3,58,89,0.0,0.0,20.2,261,23.66,6.48,942.9,17.0,598.0,14.446397,75.90362
KA-DVG,2021-04-04,28.0,35.6,21.4,57,91,0.0,0.0,17.3,296,22.58,5.86,944.2,16.2,598.0,14.446397,75.90362
KA-DVG,2021-04-05,28.9,36.3,21.8,50,93,0.0,0.0,14.8,17,22.99,6.38,944.0,14.7,598.0,14.446397,75.90362
KA-DVG,2021-04-06,30.5,38.4,23.5,32,84,0.0,0.0,15.9,112,25.11,7.62,944.1,10.1,598.0,14.446397,75.90362
KA-DVG,2021-04-07,30.0,37.1,23.7,52,92,0.0,0.0,14.8,194,22.22,5.9,945.3,15.9,598.0,14.446397,75.90362
KA-DVG,2021-04-08,29.3,36.0,24.2,55,89,0.0,0.0,19.7,247,22.24,6.01,944.2,17.4,598.0,14.446397,75.90362
KA-DVG,2021-04-09,29.1,35.6,23.2,56,96,0.0,0.0,13.2,249,21.69,5.49,943.2,17.2,598.0,14.446397,75.90362
KA-DVG,2021-04-10,29.4,35.9,23.0,55,98,0.0,0.0,15.7,177,22.34,5.82,944.2,17.0,598.0,14.446397,75.90362
KA-DVG,2021-04-11,29.1,34.8,24.2,60,94,0.0,0.0,13.7,278,20.66,5.34,945.6,18.8,598.0,14.446397,75.90362
KA-DVG,2021-04-12,29.2,36.1,22.6,54,94,0.0,0.0,17.2,99,22.96,6.06,945.7,16.3,598.0,14.446397,75.90362
KA-DVG,2021-04-13,28.6,34.8,23.2,60,92,0.1,0.1,17.7,216,21.42,5.47,945.6,18.7,598.0,14.446397,75.90362
KA-DVG,2021-04-14,27.2,35.6,22.9,66,89,4.4,4.4,16.1,353,22.37,5.34,945.4,19.3,598.0,14.446397,75.90362
KA-DVG,2021-04-15,26.9,33.2,21.7,67,98,1.8,1.8,16.6,272,23.12,5.45,945.0,19.1,598.0,14.446397,75.90362
KA-DVG,2021-04-16,27.8,33.5,23.0,65,96,0.0,0.0,19.4,284,22.41,5.39,944.6,19.0,598.0,14.446397,75.90362
KA-DVG,2021-04-17,28.9,35.5,22.7,60,96,0.0,0.0,14.5,278,23.52,5.78,945.2,18.3,598.0,14.446397,75.90362
KA-DVG,2021-04-18,28.5,34.5,23.2,65,98,0.1,0.1,14.8,246,21.87,5.21,946.3,19.8,598.0,14.446397,75.90362
KA-DVG,2021-04-19,28.3,34.8,24.2,67,89,4.1,4.1,16.9,259,21.03,5.5,945.0,20.7,598.0,14.446397,75.90362
KA-DVG,2021-04-20,29.0,35.5,24.0,62,91,0.6,0.6,16.9,264,21.92,5.4,944.0,19.1,598.0,14.446397,75.90362
KA-DVG,2021-04-21,28.8,35.2,23.5,59,91,0.1,0.1,14.5,264,22.0,5.38,945.1,18.5,598.0,14.446397,75.90362
KA-DVG,2021-04-22,29.2,36.3,23.4,61,92,4.5,4.5,18.5,239,22.69,5.59,945.1,19.1,598.0,14.446397,75.90362
KA-DVG,2021-04-23,27.8,35.0,23.3,70,95,1.1,1.1,17.3,240,21.62,5.14,945.0,20.9,598.0,14.446397,75.90362
KA-DVG,2021-04-24,28.5,34.0,23.2,63,93,0.2,0.2,9.1,275,22.81,5.27,944.4,19.8,598.0,14.446397,75.90362
KA-DVG,2021-04-25,29.1,35.3,23.3,63,99,0.1,0.1,16.9,241,22.35,5.49,943.8,20.0,598.0,14.446397,75.90362
KA-DVG,2021-04-26,29.4,35.7,23.7,60,92,0.0,0.0,15.4,235,23.18,5.65,943.7,19.1,598.0,14.446397,75.90362
KA-DVG,2021-04-27,29.8,36.5,24.3,58,96,0.1,0.1,18.6,282,23.35,5.79,944.4,18.4,598.0,14.446397,75.90362
KA-DVG,2021-04-28,29.6,36.2,24.6,57,91,0.0,0.0,19.5,286,21.88,5.74,945.0,18.2,598.0,14.446397,75.90362
KA-DVG,2021-04-29,28.2,35.8,24.2,66,92,0.5,0.5,16.7,286,21.63,5.21,944.8,20.2,598.0,14.446397,75.90362
KA-DVG,2021-04-30,29.1,36.4,22.1,57,99,0.0,0.0,12.9,94,23.53,5.87,943.3,17.9,598.0,14.446397,75.90362
KA-DVG,2021-05-01,28.9,35.1,22.7,58,92,0.0,0.0,10.6,188,21.65,5.37,943.1,18.5,598.0,14.446397,75.90362
KA-DVG,2021-05-02,29.3,35.3,23.3,61,97,0.0,0.0,14.1,239,22.27,5.42,943.5,19.7,598.0,14.446397,75.90362
KA-DVG,2021-05-03,29.0,35.8,24.2,62,94,0.0,0.0,17.4,239,21.65,5.69,943.0,19.9,598.0,14.446397,75.90362
KA-DVG,2021-05-04,28.2,34.6,24.0,67,93,1.4,1.4,16.3,278,19.65,4.92,943.2,20.6,598.0,14.446397,75.90362
KA-DVG,2021-05-05,29.0,36.0,23.6,63,96,2.5,2.5,13.7,260,22.65,5.47,943.1,20.2,598.0,14.446397,75.90362
KA-DVG,2021-05-06,29.3,35.5,23.5,61,97,0.0,0.0,16.3,199,21.71,5.59,943.6,20.1,598.0,14.446397,75.90362
KA-DVG,2021-05-07,28.2,34.4,24.2,72,91,9.8,9.8,13.1,271,19.46,4.64,944.4,22.1,598.0,14.446397,75.90362
KA-DVG,2021-05-08,28.4,34.3,23.3,67,96,0.1,0.1,11.9,108,22.95,5.39,943.3,20.6,598.0,14.446397,75.90362
KA-DVG,2021-05-09,27.9,33.3,24.0,75,94,3.8,3.8,11.8,249,19.92,4.68,942.6,22.6,598.0,14.446397,75.90362
KA-DVG,2021-05-10,27.4,32.0,23.6,78,95,12.6,12.6,14.0,258,18.94,4.33,942.6,22.8,598.0,14.446397,75.90362
KA-DVG,2021-05-11,26.9,32.2,22.4,77,97,6.1,6.1,19.3,260,20.78,4.74,942.8,22.3,598.0,14.446397,75.90362
KA-DVG,2021-05-12,27.9,33.3,23.9,71,93,0.9,0.9,17.7,243,20.88,5.01,941.7,21.7,598.0,14.446397,75.90362
KA-DVG,2021-05-13,27.2,32.6,23.9,76,95,13.9,13.9,15.9,249,16.85,3.97,941.0,22.3,598.0,14.446397,75.90362
KA-DVG,2021-05-14,27.5,33.6,22.9,73,95,4.2,4.2,21.2,127,20.75,4.98,938.7,21.7,598.0,14.446397,75.90362
KA-DVG,2021-05-15,25.7,30.3,23.6,74,89,15.5,15.5,29.9,140,12.9,3.94,936.3,20.6,598.0,14.446397,75.90362
KA-DVG,2021-05-16,24.1,26.6,22.8,86,91,13.9,13.9,31.6,168,7.34,2.12,937.8,21.6,598.0,14.446397,75.90362
KA-DVG,2021-05-17,25.2,30.2,22.0,82,96,6.9,6.9,21.3,194,15.2,3.48,940.9,21.7,598.0,14.446397,75.90362
KA-DVG,2021-05-18,25.9,31.6,22.2,76,94,3.7,3.7,24.7,209,21.15,4.88,941.7,21.2,598.0,14.446397,75.90362
KA-DVG,2021-05-19,25.5,30.5,22.1,80,94,5.5,5.5,19.1,227,17.67,4.0,941.6,21.5,598.0,14.446397,75.90362
KA-DVG,2021-05-20,25.4,30.4,22.7,82,94,5.3,5.3,19.5,236,18.81,4.07,942.3,21.9,598.0,14.446397,75.90362
KA-DVG,2021-05-21,24.9,29.3,22.2,85,97,5.3,5.3,16.1,255,17.68,3.75,942.7,22.0,598.0,14.446397,75.90362
KA-DVG,2021-05-22,25.1,29.8,22.5,83,96,1.4,1.4,13.8,254,18.64,4.02,942.4,21.8,598.0,14.446397,75.90362
KA-DVG,2021-05-23,26.1,30.9,22.5,74,96,0.2,0.2,17.6,270,20.79,4.98,942.9,20.7,598.0,14.446397,75.90362
KA-DVG,2021-05-24,25.9,30.9,22.9,79,96,4.4,4.4,15.6,283,19.71,4.47,943.4,21.6,598.0,14.446397,75.90362
KA-DVG,2021-05-25,25.5,31.3,23.0,80,95,1.7,1.7,20.9,261,16.83,3.93,941.7,21.7,598.0,14.446397,75.90362
KA-DVG,2021-05-26,26.3,30.9,23.1,74,92,0.2,0.2,22.7,266,20.25,5.1,941.3,20.9,598.0,14.446397,75.90362
KA-DVG,2021-05-27,26.0,31.3,22.3,70,92,0.1,0.1,23.7,269,22.23,5.6,942.2,19.6,598.0,14.446397,75.90362
KA-DVG,2021-05-28,25.8,30.7,21.8,75,95,0.8,0.8,19.5,264,21.0,4.98,942.8,20.5,598.0,14.446397,75.90362
KA-DVG,2021-05-29,25.9,30.0,22.4,77,96,1.4,1.4,18.9,250,20.24,4.63,943.3,21.4,598.0,14.446397,75.90362
KA-DVG,2021-05-30,26.2,31.5,22.5,74,93,1.2,1.2,18.3,250,21.35,5.06,943.2,20.9,598.0,14.446397,75.90362
KA-DVG,2021-05-31,26.3,31.2,22.8,75,93,1.6,1.6,18.7,244,20.21,4.83,941.7,21.1,598.0,14.446397,75.90362
KA-DVG,2021-06-01,26.8,32.5,23.1,74,93,1.1,1.1,17.0,234,21.77,5.14,941.9,21.5,598.0,14.446397,75.90362
KA-DVG,2021-06-02,26.8,32.9,23.1,74,93,2.8,2.8,19.2,241,19.62,4.42,942.3,21.5,598.0,14.446397,75.90362
KA-DVG,2021-06-03,25.8,30.4,23.1,82,96,22.1,22.1,14.4,214,16.34,3.53,943.0,22.3,598.0,14.446397,75.90362
KA-DVG,2021-06-04,24.3,27.7,22.3,88,98,21.4,21.4,8.1,209,7.19,1.65,943.4,22.2,598.0,14.446397,75.90362
KA-DVG,2021-06-05,24.6,29.0,22.9,86,97,15.3,15.3,14.8,232,14.69,3.13,942.7,22.0,598.0,14.446397,75.90362
KA-DVG,2021-06-06,24.7,28.6,22.0,83,98,2.6,2.6,14.2,251,13.74,3.1,943.0,21.5,598.0,14.446397,75.90362
KA-DVG,2021-06-07,25.6,30.3,22.1,74,96,0.4,0.4,16.2,264,21.46,5.01,943.8,20.0,598.0,14.446397,75.90362
KA-DVG,2021-06-08,25.2,30.0,21.3,76,98,0.8,0.8,23.5,261,19.68,4.69,943.2,20.2,598.0,14.446397,75.90362
KA-DVG,2021-06-09,24.3,27.5,22.6,83,94,10.2,10.2,21.0,256,12.51,2.89,942.3,21.1,598.0,14.446397,75.90362
KA-DVG,2021-06-10,24.5,28.1,22.3,81,96,2.3,2.3,23.9,258,13.41,3.31,941.5,20.9,598.0,14.446397,75.90362
KA-DVG,2021-06-11,25.2,29.1,22.3,76,92,0.8,0.8,26.6,253,19.4,4.68,941.6,20.4,598.0,14.446397,75.90362
KA-DVG,2021-06-12,24.1,27.1,22.6,86,94,17.4,17.4,29.8,252,13.28,2.92,941.4,21.5,598.0,14.446397,75.90362
KA-DVG,2021-06-13,22.6,24.1,21.5,93,95,28.7,28.7,18.7,245,7.59,1.61,940.9,21.3,598.0,14.446397,75.90362
KA-DVG,2021-06-14,22.7,24.7,21.1,91,95,17.7,17.7,24.9,246,8.69,1.89,940.4,21.1,598.0,14.446397,75.90362
KA-DVG,2021-06-15,23.7,26.3,22.2,86,95,14.1,14.1,30.8,241,16.86,3.35,939.6,21.2,598.0,14.446397,75.90362
KA-DVG,2021-06-16,23.7,25.9,22.1,86,94,6.9,6.9,29.6,250,12.68,2.83,940.9,21.2,598.0,14.446397,75.90362
KA-DVG,2021-06-17,24.1,26.7,22.2,83,93,6.1,6.1,30.4,245,15.09,3.38,941.8,21.0,598.0,14.446397,75.90362
KA-DVG,2021-06-18,24.0,27.3,22.4,85,94,6.1,6.1,28.4,243,16.38,3.43,942.8,21.2,598.0,14.446397,75.90362
KA-DVG,2021-06-19,23.5,26.2,21.9,85,94,4.3,4.3,25.2,242,12.81,2.88,944.5,20.7,598.0,14.446397,75.90362
KA-DVG,2021-06-20,24.0,27.6,21.7,81,93,2.1,2.1,27.8,249,19.27,4.07,944.9,20.3,598.0,14.446397,75.90362
KA-DVG,2021-06-21,24.4,27.8,21.8,80,94,1.7,1.7,19.8,260,17.41,3.93,944.3,20.5,598.0,14.446397,75.90362
KA-DVG,2021-06-22,25.1,29.2,22.0,76,93,0.5,0.5,19.1,276,19.59,4.54,943.4,20.3,598.0,14.446397,75.90362
KA-DVG,2021-06-23,25.2,29.6,22.1,77,95,0.9,0.9,17.3,266,19.17,4.42,943.0,20.6,598.0,14.446397,75.90362
KA-DVG,2021-06-24,24.9,29.3,22.2,76,93,1.3,1.3,23.0,266,20.88,4.8,943.8,20.0,598.0,14.446397,75.90362
KA-DVG,2021-06-25,24.4,27.2,22.0,78,93,0.0,0.0,20.5,262,11.0,3.11,942.8,20.0,598.0,14.446397,75.90362
KA-DVG,2021-06-26,23.9,27.6,22.1,83,92,2.8,2.8,22.4,265,13.54,3.06,942.3,20.7,598.0,14.446397,75.90362
KA-DVG,2021-06-27,23.3,26.3,21.7,88,96,5.9,5.9,14.4,283,8.41,1.93,943.1,21.1,598.0,14.446397,75.90362
KA-DVG,2021-06-28,24.7,29.9,21.1,78,98,1.5,1.5,19.2,267,20.03,4.48,942.5,20.2,598.0,14.446397,75.90362
KA-DVG,2021-06-29,25.3,30.8,20.7,75,98,0.0,0.0,16.3,263,20.84,4.79,942.4,20.1,598.0,14.446397,75.90362
KA-DVG,2021-06-30,26.3,32.1,22.2,73,95,0.0,0.0,18.0,263,19.8,4.88,942.4,20.4,598.0,14.446397,75.90362
KA-DVG,2021-07-01,25.6,30.8,22.5,79,94,2.3,2.3,19.4,258,18.61,4.3,941.3,21.3,598.0,14.446397,75.90362
KA-DVG,2021-07-02,25.4,29.6,22.4,77,95,1.7,1.7,20.1,257,15.69,3.9,942.1,20.9,598.0,14.446397,75.90362
KA-DVG,2021-07-03,25.1,29.7,21.7,80,97,3.8,3.8,16.2,260,19.85,4.35,942.7,21.0,598.0,14.446397,75.90362
KA-DVG,2021-07-04,25.4,30.3,22.3,79,95,4.0,4.0,14.5,270,17.66,4.0,942.8,21.3,598.0,14.446397,75.90362
KA-DVG,2021-07-05,24.9,30.0,22.3,82,96,8.0,8.0,16.6,272,18.04,3.87,942.0,21.4,598.0,14.446397,75.90362
KA-DVG,2021-07-06,25.6,30.9,21.7,77,97,0.6,0.6,14.4,262,19.98,4.5,941.0,20.7,598.0,14.446397,75.90362
KA-DVG,2021-07-07,25.3,30.3,22.2,82,98,6.2,6.2,17.0,258,19.04,4.06,940.9,21.8,598.0,14.446397,75.90362
KA-DVG,2021-07-08,24.9,28.3,22.4,82,96,2.4,2.4,16.5,263,14.03,3.2,941.4,21.6,598.0,14.446397,75.90362
KA-DVG,2021-07-09,24.0,27.9,22.3,88,95,9.8,9.8,18.4,257,11.83,2.59,939.8,21.8,598.0,14.446397,75.90362
KA-DVG,2021-07-10,23.6,27.0,21.9,87,95,7.8,7.8,23.5,253,14.54,3.09,939.1,21.1,598.0,14.446397,75.90362
KA-DVG,2021-07-11,23.9,27.9,22.0,84,94,7.3,7.3,30.3,262,17.05,3.72,938.9,20.8,598.0,14.446397,75.90362
KA-DVG,2021-07-12,23.0,24.8,22.0,89,94,31.8,31.8,23.9,251,6.54,1.66,938.8,21.1,598.0,14.446397,75.90362
KA-DVG,2021-07-13,22.8,24.8,21.8,92,95,25.4,25.4,28.1,253,8.24,1.76,939.3,21.4,598.0,14.446397,75.90362
KA-DVG,2021-07-14,22.9,24.9,22.0,91,95,14.2,14.2,24.4,255,7.59,1.7,939.8,21.3,598.0,14.446397,75.90362
KA-DVG,2021-07-15,22.7,24.4,21.7,91,95,14.6,14.6,26.9,246,6.7,1.55,939.0,21.2,598.0,14.446397,75.90362
KA-DVG,2021-07-16,23.4,25.9,21.9,88,95,11.3,11.3,24.8,252,11.03,2.42,941.4,21.3,598.0,14.446397,75.90362
KA-DVG,2021-07-17,23.8,27.9,21.9,87,96,13.4,13.4,21.7,266,13.46,2.85,942.2,21.5,598.0,14.446397,75.90362
KA-DVG,2021-07-18,22.7,23.6,22.0,93,97,31.6,31.6,21.5,261,4.84,1.19,941.0,21.5,598.0,14.446397,75.90362
KA-DVG,2021-07-19,23.3,26.8,21.8,86,95,9.2,9.2,31.7,262,15.0,3.14,941.5,20.8,598.0,14.446397,75.90362
KA-DVG,2021-07-20,23.0,25.4,21.3,88,96,5.6,5.6,29.0,256,11.47,2.48,943.4,20.8,598.0,14.446397,75.90362
KA-DVG,2021-07-21,22.9,25.6,21.7,88,93,11.5,11.5,26.4,260,9.0,2.14,942.6,20.9,598.0,14.446397,75.90362
KA-DVG,2021-07-22,22.1,22.9,21.4,92,95,20.8,20.8,27.4,255,5.22,1.33,939.7,20.8,598.0,14.446397,75.90362
KA-DVG,2021-07-23,22.8,24.8,21.4,91,95,8.7,8.7,28.4,263,8.44,1.83,939.4,21.2,598.0,14.446397,75.90362
KA-DVG,2021-07-24,24.1,27.2,22.1,84,94,2.9,2.9,26.9,266,15.94,3.46,940.7,21.2,598.0,14.446397,75.90362
KA-DVG,2021-07-25,24.5,27.7,22.4,81,93,1.7,1.7,26.6,259,19.28,4.18,942.0,20.9,598.0,14.446397,75.90362
KA-DVG,2021-07-26,24.1,27.2,21.9,81,94,1.0,1.0,27.6,256,18.63,4.01,942.5,20.5,598.0,14.446397,75.90362
KA-DVG,2021-07-27,24.1,27.7,21.9,80,92,1.5,1.5,28.7,253,17.36,3.98,941.9,20.2,598.0,14.446397,75.90362
KA-DVG,2021-07-28,24.1,27.0,21.7,79,92,1.4,1.4,30.1,255,18.33,4.12,942.5,20.2,598.0,14.446397,75.90362
KA-DVG,2021-07-29,23.8,27.3,21.7,81,91,2.1,2.1,28.4,257,16.0,3.6,943.3,20.3,598.0,14.446397,75.90362
KA-DVG,2021-07-30,23.9,26.5,22.1,81,92,1.6,1.6,28.8,263,13.82,3.36,944.0,20.4,598.0,14.446397,75.90362
KA-DVG,2021-07-31,24.0,27.0,22.1,81,91,3.0,3.0,31.4,273,17.27,3.83,944.4,20.4,598.0,14.446397,75.90362
KA-DVG,2021-08-01,24.2,28.2,21.6,79,92,1.3,1.3,30.6,263,20.57,4.53,943.4,20.1,598.0,14.446397,75.90362
KA-DVG,2021-08-02,24.1,27.7,21.3,79,93,0.8,0.8,28.1,259,18.37,4.22,943.3,20.0,598.0,14.446397,75.90362
KA-DVG,2021-08-03,24.0,27.8,21.8,81,94,3.5,3.5,28.4,265,19.62,4.24,944.6,20.3,598.0,14.446397,75.90362
KA-DVG,2021-08-04,23.7,27.0,22.0,84,93,1.3,1.3,27.4,263,12.16,2.92,945.1,20.7,598.0,14.446397,75.90362
KA-DVG,2021-08-05,24.2,27.2,22.2,81,93,2.3,2.3,29.6,264,18.13,3.98,943.1,20.6,598.0,14.446397,75.90362
KA-DVG,2021-08-06,24.3,27.6,22.1,82,94,3.9,3.9,28.1,265,18.09,3.91,942.0,20.9,598.0,14.446397,75.90362
KA-DVG,2021-08-07,24.2,27.8,21.8,84,96,2.6,2.6,21.3,257,18.64,3.83,942.7,21.2,598.0,14.446397,75.90362
KA-DVG,2021-08-08,24.6,28.8,22.1,83,95,3.2,3.2,17.3,260,19.61,4.12,943.2,21.3,598.0,14.446397,75.90362
KA-DVG,2021-08-09,24.5,29.0,21.8,83,95,3.1,3.1,18.2,256,18.5,3.94,943.8,21.2,598.0,14.446397,75.90362
KA-DVG,2021-08-10,24.7,28.6,22.1,81,94,5.2,5.2,18.8,266,18.97,4.09,943.9,21.2,598.0,14.446397,75.90362
KA-DVG,2021-08-11,24.4,28.8,21.9,82,94,3.6,3.6,19.2,269,18.53,3.96,943.9,21.0,598.0,14.446397,75.90362
KA-DVG,2021-08-12,23.3,27.3,21.8,89,96,9.3,9.3,22.7,268,11.41,2.42,944.6,21.4,598.0,14.446397,75.90362
KA-DVG,2021-08-13,24.1,28.1,21.8,85,95,2.5,2.5,16.3,274,17.5,3.67,943.3,21.2,598.0,14.446397,75.90362
KA-DVG,2021-08-14,23.9,28.0,21.5,82,96,1.7,1.7,23.4,269,17.44,3.8,942.1,20.4,598.0,14.446397,75.90362
KA-DVG,2021-08-15,24.2,28.0,21.5,79,95,1.1,1.1,22.1,271,20.52,4.44,942.2,20.1,598.0,14.446397,75.90362
KA-DVG,2021-08-16,23.7,27.2,21.8,85,96,9.0,9.0,15.4,269,12.76,2.81,943.0,21.0,598.0,14.446397,75.90362
KA-DVG,2021-08-17,22.5,24.4,21.6,93,97,8.1,8.1,14.8,249,5.67,1.27,943.1,21.3,598.0,14.446397,75.90362
KA-DVG,2021-08-18,23.3,26.7,21.6,87,96,2.3,2.3,21.7,250,15.06,3.08,942.0,20.9,598.0,14.446397,75.90362
KA-DVG,2021-08-19,23.6,26.9,21.3,84,94,1.3,1.3,20.9,260,14.3,3.16,941.7,20.5,598.0,14.446397,75.90362
KA-DVG,2021-08-20,23.9,27.4,21.5,83,94,1.6,1.6,18.4,263,16.26,3.48,942.1,20.8,598.0,14.446397,75.90362
KA-DVG,2021-08-21,24.2,28.6,20.8,81,98,2.0,2.0,16.4,256,18.97,4.05,943.3,20.5,598.0,14.446397,75.90362
KA-DVG,2021-08-22,24.5,28.9,20.9,80,99,0.3,0.3,13.0,275,19.97,4.22,943.2,20.5,598.0,14.446397,75.90362
KA-DVG,2021-08-23,25.1,30.1,21.1,77,98,0.6,0.6,15.1,255,21.01,4.58,943.1,20.3,598.0,14.446397,75.90362
KA-DVG,2021-08-24,25.0,30.0,21.5,79,98,0.6,0.6,12.9,259,20.19,4.35,942.9,20.9,598.0,14.446397,75.90362
KA-DVG,2021-08-25,24.7,29.7,21.9,82,96,5.5,5.5,19.9,247,18.57,3.92,942.2,21.3,598.0,14.446397,75.90362
KA-DVG,2021-08-26,24.3,28.6,21.7,85,96,10.5,10.5,20.6,253,17.33,3.54,940.9,21.4,598.0,14.446397,75.90362
KA-DVG,2021-08-27,24.1,29.4,21.8,88,98,17.5,17.5,18.4,269,17.63,3.62,940.5,21.8,598.0,14.446397,75.90362
KA-DVG,2021-08-28,22.9,25.1,21.8,92,97,13.7,13.7,16.2,258,8.63,1.8,939.4,21.5,598.0,14.446397,75.90362
KA-DVG,2021-08-29,23.4,26.8,21.5,86,97,1.8,1.8,21.0,260,14.88,3.11,939.1,20.8,598.0,14.446397,75.90362
KA-DVG,2021-08-30,23.4,26.6,21.6,86,96,1.6,1.6,22.0,264,15.27,3.19,940.3,20.8,598.0,14.446397,75.90362
KA-DVG,2021-08-31,24.3,28.9,21.6,81,95,1.3,1.3,16.9,263,20.19,4.3,941.1,20.5,598.0,14.446397,75.90362
KA-DVG,2021-09-01,23.9,28.3,21.1,85,98,2.3,2.3,20.1,254,18.33,3.75,942.5,21.1,598.0,14.446397,75.90362
KA-DVG,2021-09-02,23.9,28.0,21.6,85,94,5.1,5.1,18.0,260,17.15,3.54,942.2,21.1,598.0,14.446397,75.90362
KA-DVG,2021-09-03,24.1,27.2,21.9,84,95,1.9,1.9,19.1,260,14.83,3.24,941.6,21.1,598.0,14.446397,75.90362
KA-DVG,2021-09-04,23.2,25.2,21.9,88,94,13.3,13.3,22.0,263,9.94,2.16,941.6,21.1,598.0,14.446397,75.90362
KA-DVG,2021-09-05,23.2,25.3,21.8,90,96,12.1,12.1,22.3,263,9.91,2.1,941.5,21.4,598.0,14.446397,75.90362
KA-DVG,2021-09-06,22.6,25.1,21.5,91,96,26.0,26.0,18.4,258,8.55,1.83,941.3,21.0,598.0,14.446397,75.90362
KA-DVG,2021-09-07,23.2,26.6,21.0,86,95,5.8,5.8,28.7,252,14.41,3.05,940.7,20.6,598.0,14.446397,75.90362
KA-DVG,2021-09-08,23.8,27.2,21.9,83,91,2.2,2.2,28.6,242,16.66,3.61,942.0,20.7,598.0,14.446397,75.90362
KA-DVG,2021-09-09,24.4,28.1,21.9,81,92,1.4,1.4,27.2,253,19.82,4.21,943.8,20.6,598.0,14.446397,75.90362
KA-DVG,2021-09-10,24.4,28.0,22.1,81,94,2.0,2.0,25.6,258,19.56,4.18,943.5,20.7,598.0,14.446397,75.90362
KA-DVG,2021-09-11,24.0,27.1,21.8,84,93,2.9,2.9,25.3,246,15.85,3.4,942.1,21.0,598.0,14.446397,75.90362
KA-DVG,2021-09-12,24.3,27.4,22.1,83,92,2.3,2.3,29.3,248,18.37,3.92,940.7,21.0,598.0,14.446397,75.90362
KA-DVG,2021-09-13,24.3,27.4,22.3,83,91,2.4,2.4,30.3,253,17.08,3.7,940.1,21.1,598.0,14.446397,75.90362
KA-DVG,2021-09-14,24.2,27.6,22.1,83,93,2.7,2.7,24.7,252,17.33,3.72,940.8,20.9,598.0,14.446397,75.90362
KA-DVG,2021-09-15,24.4,28.2,21.7,81,95,1.6,1.6,21.0,246,18.19,3.93,941.7,20.7,598.0,14.446397,75.90362
KA-DVG,2021-09-16,24.4,28.6,21.4,80,96,1.4,1.4,19.8,256,19.3,4.19,942.0,20.4,598.0,14.446397,75.90362
KA-DVG,2021-09-17,24.4,28.8,21.1,79,96,0.6,0.6,17.1,256,20.06,4.31,942.1,20.3,598.0,14.446397,75.90362
KA-DVG,2021-09-18,24.5,29.2,20.7,78,98,0.0,0.0,12.4,266,19.85,4.3,943.4,20.0,598.0,14.446397,75.90362
KA-DVG,2021-09-19,24.5,29.5,20.4,79,99,0.0,0.0,13.6,279,22.11,4.67,944.6,20.2,598.0,14.446397,75.90362
KA-DVG,2021-09-20,24.7,29.3,21.2,79,97,0.3,0.3,13.8,271,18.86,4.1,943.9,20.5,598.0,14.446397,75.90362
KA-DVG,2021-09-21,24.0,27.3,21.7,85,97,4.4,4.4,15.0,266,13.39,2.9,943.2,21.2,598.0,14.446397,75.90362
KA-DVG,2021-09-22,24.0,28.5,21.8,84,96,9.2,9.2,19.8,273,17.04,3.54,941.7,21.0,598.0,14.446397,75.90362
KA-DVG,2021-09-23,23.7,27.7,21.2,86,98,5.0,5.0,20.3,268,16.22,3.32,941.8,21.1,598.0,14.446397,75.90362
KA-DVG,2021-09-24,24.5,28.9,21.6,83,95,11.5,11.5,15.6,279,19.22,3.99,942.4,21.2,598.0,14.446397,75.90362
KA-DVG,2021-09-25,24.8,29.0,21.6,80,97,0.7,0.7,14.6,274,18.3,4.05,942.3,20.7,598.0,14.446397,75.90362
KA-DVG,2021-09-26,24.4,28.3,21.4,78,96,0.0,0.0,13.7,281,16.07,3.68,940.6,20.1,598.0,14.446397,75.90362
KA-DVG,2021-09-27,23.6,26.9,21.7,83,93,3.2,3.2,22.5,267,12.95,2.98,939.4,20.4,598.0,14.446397,75.90362
KA-DVG,2021-09-28,23.4,26.8,21.5,83,92,2.1,2.1,24.5,244,12.52,2.94,940.7,20.3,598.0,14.446397,75.90362
KA-DVG,2021-09-29,24.7,29.0,21.6,79,95,0.9,0.9,21.1,243,19.17,4.25,942.4,20.5,598.0,14.446397,75.90362
KA-DVG,2021-09-30,24.6,29.1,21.1,80,98,0.6,0.6,14.0,248,17.32,3.76,943.7,20.7,598.0,14.446397,75.90362
KA-DVG,2021-10-01,24.9,30.0,21.9,84,98,30.1,30.1,9.2,336,18.17,3.79,943.3,21.7,598.0,14.446397,75.90362
KA-DVG,2021-10-02,25.3,29.7,21.7,80,98,3.8,3.8,12.4,55,19.26,4.05,942.6,21.3,598.0,14.446397,75.90362
KA-DVG,2021-10-03,25.6,30.0,21.7,80,97,3.2,3.2,10.7,122,21.55,4.46,942.4,21.6,598.0,14.446397,75.90362
KA-DVG,2021-10-04,25.5,30.6,22.0,84,99,8.4,8.4,10.0,97,20.51,4.24,942.0,22.1,598.0,14.446397,75.90362
KA-DVG,2021-10-05,25.1,30.1,21.2,85,99,19.5,19.5,12.4,52,19.73,4.05,941.8,22.0,598.0,14.446397,75.90362
KA-DVG,2021-10-06,23.6,26.5,21.9,90,97,54.2,54.2,13.3,68,8.72,1.86,941.0,21.8,598.0,14.446397,75.90362
KA-DVG,2021-10-07,24.8,29.1,20.9,80,97,1.9,1.9,12.2,198,17.64,3.8,941.1,20.8,598.0,14.446397,75.90362
KA-DVG,2021-10-08,24.5,28.5,21.4,87,98,10.3,10.3,16.4,246,16.56,3.39,942.3,22.0,598.0,14.446397,75.90362
KA-DVG,2021-10-09,24.0,28.0,21.5,88,98,14.5,14.5,14.8,253,12.96,2.64,943.6,21.8,598.0,14.446397,75.90362
KA-DVG,2021-10-10,24.1,28.1,22.0,88,98,7.9,7.9,13.5,261,15.4,3.05,943.3,21.9,598.0,14.446397,75.90362
KA-DVG,2021-10-11,23.9,28.3,21.8,90,98,19.1,19.1,12.6,261,15.35,3.09,941.8,22.0,598.0,14.446397,75.90362
KA-DVG,2021-10-12,23.3,27.4,21.4,90,97,49.8,49.8,14.4,240,11.37,2.34,941.4,21.4,598.0,14.446397,75.90362
KA-DVG,2021-10-13,23.3,27.6,20.3,89,97,16.1,16.1,12.2,209,15.97,3.1,941.0,21.2,598.0,14.446397,75.90362
KA-DVG,2021-10-14,24.1,29.1,20.6,86,98,12.4,12.4,10.5,124,17.34,3.52,940.3,21.5,598.0,14.446397,75.90362
KA-DVG,2021-10-15,24.3,29.1,21.1,87,100,5.3,5.3,16.5,198,20.53,4.13,938.2,21.8,598.0,14.446397,75.90362
KA-DVG,2021-10-16,24.7,29.7,21.0,80,100,0.0,0.0,10.1,279,21.94,4.57,937.6,20.6,598.0,14.446397,75.90362
KA-DVG,2021-10-17,24.8,29.6,22.2,85,98,4.3,4.3,18.2,248,19.8,4.06,939.8,21.8,598.0,14.446397,75.90362
KA-DVG,2021-10-18,24.5,28.6,21.3,81,98,0.6,0.6,16.9,266,20.36,4.22,942.5,20.9,598.0,14.446397,75.90362
KA-DVG,2021-10-19,24.4,28.7,20.6,74,99,0.0,0.0,11.7,291,22.42,4.57,945.1,18.9,598.0,14.446397,75.90362
KA-DVG,2021-10-20,24.4,29.5,19.5,80,100,0.5,0.5,9.9,40,19.88,4.2,946.0,20.4,598.0,14.446397,75.90362
KA-DVG,2021-10-21,24.4,28.2,21.4,83,96,20.3,20.3,8.2,76,15.3,3.2,946.3,21.3,598.0,14.446397,75.90362
KA-DVG,2021-10-22,24.6,29.4,20.7,82,98,3.9,3.9,14.8,88,18.85,3.93,946.4,21.0,598.0,14.446397,75.90362
KA-DVG,2021-10-23,24.1,29.2,21.4,84,96,17.3,17.3,11.0,129,17.37,3.56,946.8,21.0,598.0,14.446397,75.90362
KA-DVG,2021-10-24,23.4,28.0,20.6,87,98,13.4,13.4,8.8,180,16.42,3.3,947.2,20.9,598.0,14.446397,75.90362
KA-DVG,2021-10-25,23.8,28.3,20.0,80,99,0.4,0.4,13.8,72,20.04,4.1,945.6,19.9,598.0,14.446397,75.90362
KA-DVG,2021-10-26,23.9,28.5,20.1,68,93,0.1,0.1,17.0,61,20.57,4.58,944.4,17.4,598.0,14.446397,75.90362
KA-DVG,2021-10-27,23.7,28.6,19.7,61,75,0.0,0.0,18.8,64,22.85,5.27,944.8,15.4,598.0,14.446397,75.90362
KA-DVG,2021-10-28,22.9,28.6,17.8,62,78,0.0,0.0,15.8,63,21.23,4.72,944.8,15.1,598.0,14.446397,75.90362
KA-DVG,2021-10-29,23.4,29.1,18.7,75,92,4.3,4.3,17.7,74,17.88,4.0,945.5,18.5,598.0,14.446397,75.90362
KA-DVG,2021-10-30,24.5,29.0,21.5,82,95,1.7,1.7,19.6,75,17.25,3.69,946.4,21.0,598.0,14.446397,75.90362
KA-DVG,2021-10-31,24.7,29.4,21.2,78,97,0.0,0.0,16.2,81,18.49,4.03,946.0,20.3,598.0,14.446397,75.90362
KA-DVG,2021-11-01,24.2,29.4,20.9,81,97,3.4,3.4,17.8,80,18.17,3.79,945.1,20.6,598.0,14.446397,75.90362
KA-DVG,2021-11-02,24.2,27.5,21.3,80,95,0.0,0.0,21.6,90,13.36,3.19,944.5,20.4,598.0,14.446397,75.90362
KA-DVG,2021-11-03,23.7,27.7,20.9,83,96,12.8,12.8,18.4,93,14.04,3.08,944.7,20.4,598.0,14.446397,75.90362
KA-DVG,2021-11-04,24.2,28.7,20.7,80,97,0.8,0.8,18.2,94,17.76,3.76,944.4,20.4,598.0,14.446397,75.90362
KA-DVG,2021-11-05,23.8,28.6,20.9,84,96,7.1,7.1,14.8,103,14.79,3.09,944.5,20.8,598.0,14.446397,75.90362
KA-DVG,2021-11-06,23.8,28.3,20.6,81,97,1.6,1.6,14.8,97,20.21,4.06,943.5,19.9,598.0,14.446397,75.90362
KA-DVG,2021-11-07,23.6,28.5,19.6,78,99,0.0,0.0,14.8,98,18.83,3.95,943.6,19.1,598.0,14.446397,75.90362
KA-DVG,2021-11-08,23.2,27.6,20.0,79,94,0.4,0.4,14.5,94,14.91,3.18,944.5,19.1,598.0,14.446397,75.90362
KA-DVG,2021-11-09,22.9,27.8,18.7,71,95,0.0,0.0,13.5,88,19.54,4.23,944.7,16.9,598.0,14.446397,75.90362
KA-DVG,2021-11-10,22.2,26.5,18.1,71,85,0.0,0.0,8.1,96,12.0,2.8,944.0,16.5,598.0,14.446397,75.90362
KA-DVG,2021-11-11,20.4,22.7,19.0,81,91,3.3,3.3,9.7,20,4.79,1.33,942.3,16.9,598.0,14.446397,75.90362
KA-DVG,2021-11-12,21.9,25.4,18.8,84,94,7.2,7.2,20.9,14,12.06,2.48,941.9,19.1,598.0,14.446397,75.90362
KA-DVG,2021-11-13,23.3,27.7,20.8,89,99,33.8,33.8,13.6,50,12.52,2.53,942.2,21.3,598.0,14.446397,75.90362
KA-DVG,2021-11-14,23.6,28.4,21.2,88,97,16.2,16.2,14.8,80,14.38,2.89,942.2,21.2,598.0,14.446397,75.90362
KA-DVG,2021-11-15,24.0,28.8,21.3,85,96,25.0,25.0,17.0,86,17.24,3.47,941.2,21.1,598.0,14.446397,75.90362
KA-DVG,2021-11-16,23.4,28.1,21.0,87,97,21.7,21.7,19.9,100,13.74,2.82,941.1,21.0,598.0,14.446397,75.90362
KA-DVG,2021-11-17,23.8,28.4,21.0,86,96,10.1,10.1,14.0,131,15.47,3.12,943.0,21.0,598.0,14.446397,75.90362
KA-DVG,2021-11-18,22.7,25.2,20.4,88,98,3.8,3.8,13.4,66,6.96,1.62,942.9,20.4,598.0,14.446397,75.90362
KA-DVG,2021-11-19,22.3,24.9,21.4,93,96,50.5,50.5,15.1,18,5.13,1.14,939.6,21.1,598.0,14.446397,75.90362
KA-DVG,2021-11-20,22.9,25.1,22.0,92,96,41.3,41.3,15.5,55,6.55,1.4,939.5,21.5,598.0,14.446397,75.90362
KA-DVG,2021-11-21,23.9,28.2,19.6,80,99,0.0,0.0,11.3,213,16.71,3.34,943.1,19.9,598.0,14.446397,75.90362
KA-DVG,2021-11-22,23.6,28.2,20.5,84,98,6.0,6.0,8.1,346,15.63,3.18,945.1,20.6,598.0,14.446397,75.90362
KA-DVG,2021-11-23,24.4,29.2,20.7,81,99,0.0,0.0,13.0,68,17.65,3.71,944.5,20.6,598.0,14.446397,75.90362
KA-DVG,2021-11-24,24.5,28.9,21.2,81,96,3.4,3.4,14.8,81,18.03,3.83,944.7,20.8,598.0,14.446397,75.90362
KA-DVG,2021-11-25,24.0,28.5,21.1,78,96,0.0,0.0,20.7,79,15.57,3.59,945.0,19.6,598.0,14.446397,75.90362
KA-DVG,2021-11-26,22.9,27.8,19.7,77,94,0.0,0.0,19.6,76,19.31,3.96,945.4,18.4,598.0,14.446397,75.90362
KA-DVG,2021-11-27,21.5,27.1,17.4,71,91,0.0,0.0,20.8,76,18.01,3.92,945.2,15.5,598.0,14.446397,75.90362
KA-DVG,2021-11-28,22.3,25.4,19.3,80,91,1.4,1.4,25.2,66,11.93,2.75,945.5,18.5,598.0,14.446397,75.90362
KA-DVG,2021-11-29,23.2,27.0,21.0,83,95,17.1,17.1,22.8,87,12.75,2.88,945.6,20.1,598.0,14.446397,75.90362
KA-DVG,2021-11-30,23.5,27.6,20.8,79,94,0.8,0.8,21.9,92,14.98,3.47,945.6,19.5,598.0,14.446397,75.90362
KA-DVG,2021-12-01,23.7,28.3,20.7,79,97,7.5,7.5,22.9,112,14.9,3.44,945.0,19.6,598.0,14.446397,75.90362
KA-DVG,2021-12-02,23.5,27.9,20.0,83,95,5.0,5.0,12.5,141,17.32,3.44,945.2,20.3,598.0,14.446397,75.90362
KA-DVG,2021-12-03,23.3,28.3,20.5,85,97,3.9,3.9,9.8,132,14.93,2.98,945.6,20.5,598.0,14.446397,75.90362
KA-DVG,2021-12-04,22.9,27.3,20.1,88,100,0.6,0.6,10.1,285,15.37,3.03,946.0,20.6,598.0,14.446397,75.90362
KA-DVG,2021-12-05,23.1,27.8,19.8,83,98,0.6,0.6,6.9,331,17.82,3.51,946.1,19.7,598.0,14.446397,75.90362
KA-DVG,2021-12-06,22.7,27.6,18.7,81,100,0.2,0.2,7.9,4,17.78,3.52,945.6,19.0,598.0,14.446397,75.90362
KA-DVG,2021-12-07,23.3,28.2,18.8,72,93,0.0,0.0,11.6,80,18.78,3.98,945.9,17.7,598.0,14.446397,75.90362
KA-DVG,2021-12-08,23.1,28.4,18.8,67,84,0.0,0.0,12.6,85,20.18,4.44,946.0,16.2,598.0,14.446397,75.90362
KA-DVG,2021-12-09,23.6,28.3,20.0,77,96,0.5,0.5,15.0,84,17.44,3.78,947.5,19.1,598.0,14.446397,75.90362
KA-DVG,2021-12-10,23.5,27.5,20.4,77,95,2.2,2.2,17.6,84,16.06,3.61,948.1,19.0,598.0,14.446397,75.90362
KA-DVG,2021-12-11,23.1,27.3,19.8,76,96,0.2,0.2,18.4,85,13.88,3.31,947.8,18.5,598.0,14.446397,75.90362
KA-DVG,2021-12-12,23.4,27.9,20.2,73,92,0.0,0.0,19.9,89,17.71,4.06,947.9,17.9,598.0,14.446397,75.90362
KA-DVG,2021-12-13,23.1,27.3,19.7,75,94,0.1,0.1,17.0,91,15.9,3.65,947.1,18.2,598.0,14.446397,75.90362
KA-DVG,2021-12-14,23.0,26.9,19.9,76,95,0.7,0.7,18.5,90,14.26,3.37,946.5,18.4,598.0,14.446397,75.90362
KA-DVG,2021-12-15,22.6,26.3,19.3,75,94,0.0,0.0,17.7,90,13.24,3.22,947.0,17.7,598.0,14.446397,75.90362
KA-DVG,2021-12-16,22.3,27.4,18.3,72,93,0.0,0.0,14.8,88,16.66,3.75,947.6,16.6,598.0,14.446397,75.90362
KA-DVG,2021-12-17,21.5,27.2,16.9,71,93,0.0,0.0,12.7,84,19.7,4.07,948.0,15.7,598.0,14.446397,75.90362
KA-DVG,2021-12-18,20.7,26.8,16.4,67,93,0.0,0.0,13.2,69,20.13,4.23,947.4,13.8,598.0,14.446397,75.90362
KA-DVG,2021-12-19,19.8,25.8,15.3,58,84,0.0,0.0,17.7,89,20.6,4.63,948.2,10.6,598.0,14.446397,75.90362
KA-DVG,2021-12-20,20.4,26.5,15.2,65,90,0.0,0.0,15.0,95,20.26,4.39,948.1,13.1,598.0,14.446397,75.90362
KA-DVG,2021-12-21,20.4,27.2,13.6,66,89,0.0,0.0,11.0,101,19.95,4.17,947.8,13.4,598.0,14.446397,75.90362
KA-DVG,2021-12-22,20.9,27.8,14.0,61,90,0.0,0.0,10.9,99,20.19,4.34,946.5,12.2,598.0,14.446397,75.90362
KA-DVG,2021-12-23,21.1,28.3,14.0,62,89,0.0,0.0,9.6,115,19.89,4.19,946.0,13.1,598.0,14.446397,75.90362
KA-DVG,2021-12-24,21.8,29.3,14.5,58,87,0.0,0.0,9.4,113,20.05,4.37,945.9,12.4,598.0,14.446397,75.90362
KA-DVG,2021-12-25,21.6,29.6,14.0,58,85,0.0,0.0,8.7,97,20.19,4.37,946.4,12.2,598.0,14.446397,75.90362
KA-DVG,2021-12-26,22.7,30.3,15.7,51,77,0.0,0.0,12.0,101,20.1,4.81,947.4,11.3,598.0,14.446397,75.90362
KA-DVG,2021-12-27,23.4,30.1,17.4,52,79,0.0,0.0,17.0,106,19.99,5.23,947.8,12.3,598.0,14.446397,75.90362
KA-DVG,2021-12-28,22.8,29.7,16.8,54,85,0.0,0.0,15.0,107,20.16,4.9,947.2,11.8,598.0,14.446397,75.90362
KA-DVG,2021-12-29,23.2,29.5,17.1,55,80,0.0,0.0,15.9,102,19.71,4.91,946.5,12.8,598.0,14.446397,75.90362
KA-DVG,2021-12-30,23.4,29.1,18.2,62,94,0.0,0.0,18.4,97,19.85,5.13,947.8,14.8,598.0,14.446397,75.90362
KA-DVG,2021-12-31,23.1,28.1,18.9,70,94,0.5,0.5,23.0,91,13.05,3.77,949.3,16.9,598.0,14.446397,75.90362
KA-DVG,2022-01-01,23.4,28.1,19.8,70,91,0.8,0.8,21.4,91,14.76,3.85,949.6,17.4,598.0,14.446397,75.90362
KA-DVG,2022-01-02,23.8,29.8,18.9,61,88,0.0,0.0,17.2,93,19.75,5.19,948.2,15.0,598.0,14.446397,75.90362
KA-DVG,2022-01-03,22.9,28.9,17.9,59,94,0.0,0.0,16.2,87,19.84,4.86,947.7,13.7,598.0,14.446397,75.90362
KA-DVG,2022-01-04,22.6,28.7,17.1,58,89,0.0,0.0,15.6,88,20.22,5.02,947.8,12.9,598.0,14.446397,75.90362
KA-DVG,2022-01-05,22.3,28.4,16.9,58,83,0.0,0.0,12.6,91,20.08,4.58,947.5,13.1,598.0,14.446397,75.90362
KA-DVG,2022-01-06,23.2,29.7,17.6,56,78,0.0,0.0,13.7,94,20.22,4.69,946.3,13.6,598.0,14.446397,75.90362
KA-DVG,2022-01-07,24.6,30.3,19.6,56,76,0.0,0.0,16.5,147,17.74,4.39,946.5,14.7,598.0,14.446397,75.90362
KA-DVG,2022-01-08,24.2,29.5,19.8,59,80,0.0,0.0,8.5,278,16.86,3.79,947.1,15.2,598.0,14.446397,75.90362
KA-DVG,2022-01-09,23.7,30.3,18.8,57,83,0.0,0.0,11.4,256,19.06,4.3,945.9,14.0,598.0,14.446397,75.90362
KA-DVG,2022-01-10,23.5,29.5,18.1,58,80,0.0,0.0,9.7,278,17.12,3.81,945.9,14.2,598.0,14.446397,75.90362
KA-DVG,2022-01-11,23.5,30.6,17.3,60,94,0.0,0.0,11.4,262,20.12,4.5,945.8,14.2,598.0,14.446397,75.90362
KA-DVG,2022-01-12,22.5,29.4,16.4,63,97,0.0,0.0,13.7,250,20.53,4.58,945.5,13.8,598.0,14.446397,75.90362
KA-DVG,2022-01-13,21.6,29.4,15.3,63,97,0.0,0.0,22.4,250,20.71,4.99,945.1,13.0,598.0,14.446397,75.90362
KA-DVG,2022-01-14,21.7,29.9,15.0,64,96,0.0,0.0,13.9,261,19.61,4.48,944.9,13.3,598.0,14.446397,75.90362
KA-DVG,2022-01-15,22.3,29.2,15.6,61,96,0.0,0.0,9.2,20,20.56,4.29,945.6,13.1,598.0,14.446397,75.90362
KA-DVG,2022-01-16,23.9,29.9,18.4,60,91,0.1,0.1,17.7,101,18.94,4.76,946.8,14.8,598.0,14.446397,75.90362
KA-DVG,2022-01-17,23.8,28.8,20.1,62,87,0.4,0.4,18.8,91,18.4,4.65,948.7,15.4,598.0,14.446397,75.90362
KA-DVG,2022-01-18,23.3,29.0,18.3,60,91,0.0,0.0,13.9,81,20.63,4.86,948.1,14.1,598.0,14.446397,75.90362
KA-DVG,2022-01-19,23.2,29.1,17.5,52,76,0.0,0.0,11.7,69,21.13,5.05,946.6,12.2,598.0,14.446397,75.90362
KA-DVG,2022-01-20,22.6,30.1,15.7,52,80,0.0,0.0,9.8,59,21.16,4.69,944.7,11.3,598.0,14.446397,75.90362
KA-DVG,2022-01-21,23.6,31.8,16.2,52,89,0.0,0.0,13.7,270,21.16,4.97,944.9,11.7,598.0,14.446397,75.90362
KA-DVG,2022-01-22,23.0,31.2,16.8,61,94,0.0,0.0,15.8,257,21.03,5.01,944.1,14.0,598.0,14.446397,75.90362
KA-DVG,2022-01-23,22.3,29.5,17.4,68,98,0.0,0.0,20.0,270,20.47,4.82,944.2,15.1,598.0,14.446397,75.90362
KA-DVG,2022-01-24,21.3,28.2,16.2,67,99,0.0,0.0,9.7,283,20.84,4.3,943.7,13.8,598.0,14.446397,75.90362
KA-DVG,2022-01-25,20.9,28.2,14.2,60,95,0.0,0.0,15.0,249,20.66,4.22,943.5,12.0,598.0,14.446397,75.90362
KA-DVG,2022-01-26,22.3,29.2,15.6,58,87,0.0,0.0,14.3,350,21.15,4.55,944.0,13.0,598.0,14.446397,75.90362
KA-DVG,2022-01-27,23.3,28.7,17.6,63,88,0.0,0.0,18.6,71,15.72,4.16,944.5,15.3,598.0,14.446397,75.90362
KA-DVG,2022-01-28,23.5,29.1,19.5,59,85,0.0,0.0,22.0,86,17.75,5.01,945.9,14.2,598.0,14.446397,75.90362
KA-DVG,2022-01-29,23.5,29.7,17.9,52,81,0.0,0.0,19.5,83,21.37,5.66,946.8,12.5,598.0,14.446397,75.90362
KA-DVG,2022-01-30,24.3,31.3,18.1,53,82,0.0,0.0,12.0,70,19.21,4.66,946.0,13.5,598.0,14.446397,75.90362
KA-DVG,2022-01-31,24.8,31.2,18.2,48,70,0.0,0.0,13.7,68,21.94,5.38,944.9,12.3,598.0,14.446397,75.90362
KA-DVG,2022-02-01,24.3,31.7,16.8,49,79,0.0,0.0,11.8,72,22.3,5.19,944.2,11.9,598.0,14.446397,75.90362
KA-DVG,2022-02-02,24.5,32.2,16.9,48,72,0.0,0.0,12.2,88,22.29,5.35,944.8,11.7,598.0,14.446397,75.90362
KA-DVG,2022-02-03,24.4,31.8,17.8,58,94,0.0,0.0,17.0,258,22.15,5.02,944.8,14.3,598.0,14.446397,75.90362
KA-DVG,2022-02-04,22.6,30.1,15.8,59,91,0.0,0.0,15.3,287,22.72,5.1,943.9,12.8,598.0,14.446397,75.90362
KA-DVG,2022-02-05,23.4,32.2,16.3,58,97,0.0,0.0,11.5,28,22.33,4.99,944.1,12.2,598.0,14.446397,75.90362
KA-DVG,2022-02-06,24.4,31.9,16.3,58,97,0.0,0.0,15.5,113,21.76,5.46,946.2,14.4,598.0,14.446397,75.90362
KA-DVG,2022-02-07,24.3,30.7,17.8,61,97,0.0,0.0,9.9,25,21.35,4.59,947.0,15.1,598.0,14.446397,75.90362
KA-DVG,2022-02-08,24.5,31.6,17.6,59,97,0.0,0.0,10.2,100,22.59,4.99,945.8,14.7,598.0,14.446397,75.90362
KA-DVG,2022-02-09,24.8,31.5,17.7,54,94,0.0,0.0,14.4,97,22.61,5.52,945.3,13.6,598.0,14.446397,75.90362
KA-DVG,2022-02-10,25.5,31.2,20.3,46,68,0.0,0.0,16.0,99,22.41,6.11,945.3,12.4,598.0,14.446397,75.90362
KA-DVG,2022-02-11,25.3,31.5,19.1,38,57,0.0,0.0,20.0,86,23.27,6.97,945.2,9.1,598.0,14.446397,75.90362
KA-DVG,2022-02-12,24.6,31.2,18.8,42,75,0.0,0.0,18.8,90,23.36,6.19,945.1,9.7,598.0,14.446397,75.90362
KA-DVG,2022-02-13,24.4,31.0,18.5,44,62,0.0,0.0,14.2,83,22.89,5.81,943.9,11.0,598.0,14.446397,75.90362
KA-DVG,2022-02-14,24.8,31.2,18.1,41,60,0.0,0.0,13.7,88,22.99,5.99,943.7,9.9,598.0,14.446397,75.90362
KA-DVG,2022-02-15,25.1,32.4,18.8,41,58,0.0,0.0,14.8,104,20.68,5.41,943.5,9.9,598.0,14.446397,75.90362
KA-DVG,2022-02-16,24.5,31.1,17.9,54,90,0.0,0.0,11.8,108,17.48,4.23,942.1,13.5,598.0,14.446397,75.90362
KA-DVG,2022-02-17,25.5,31.6,19.7,47,71,0.0,0.0,15.1,93,20.62,5.17,941.3,12.4,598.0,14.446397,75.90362
KA-DVG,2022-02-18,26.9,33.6,21.3,35,60,0.0,0.0,22.0,115,21.25,6.69,942.8,9.0,598.0,14.446397,75.90362
KA-DVG,2022-02-19,26.1,32.6,20.4,36,63,0.0,0.0,18.5,103,23.88,6.68,945.1,8.6,598.0,14.446397,75.90362
KA-DVG,2022-02-20,26.2,33.0,19.9,36,62,0.0,0.0,15.1,104,23.82,6.66,944.6,9.3,598.0,14.446397,75.90362
KA-DVG,2022-02-21,25.7,33.1,18.9,43,77,0.0,0.0,13.7,352,24.02,5.74,943.9,10.4,598.0,14.446397,75.90362
KA-DVG,2022-02-22,26.1,34.2,17.6,39,73,0.0,0.0,16.6,100,23.97,6.31,944.7,9.5,598.0,14.446397,75.90362
KA-DVG,2022-02-23,27.0,33.6,20.0,40,63,0.0,0.0,18.1,99,23.81,7.04,946.9,11.3,598.0,14.446397,75.90362
KA-DVG,2022-02-24,26.4,33.1,20.5,33,58,0.0,0.0,20.2,96,24.41,7.25,948.1,7.2,598.0,14.446397,75.90362
KA-DVG,2022-02-25,25.6,33.8,18.1,26,50,0.0,0.0,14.8,94,24.9,7.1,947.1,2.4,598.0,14.446397,75.90362
KA-DVG,2022-02-26,25.8,33.4,18.2,25,50,0.0,0.0,17.0,92,25.2,7.81,946.9,2.5,598.0,14.446397,75.90362
KA-DVG,2022-02-27,25.8,33.0,19.5,36,65,0.0,0.0,14.9,88,24.79,6.91,947.3,7.9,598.0,14.446397,75.90362
KA-DVG,2022-02-28,26.0,33.0,19.4,31,56,0.0,0.0,16.9,92,25.11,7.22,946.7,5.9,598.0,14.446397,75.90362
KA-DVG,2022-03-01,27.2,33.3,21.0,31,54,0.0,0.0,18.0,101,24.04,7.38,946.6,7.8,598.0,14.446397,75.90362
KA-DVG,2022-03-02,26.9,33.9,20.2,23,42,0.0,0.0,20.5,102,24.95,7.84,946.4,2.2,598.0,14.446397,75.90362
KA-DVG,2022-03-03,26.7,33.9,19.8,24,47,0.0,0.0,23.2,98,25.33,8.57,946.2,2.9,598.0,14.446397,75.90362
KA-DVG,2022-03-04,27.0,34.1,20.5,25,45,0.0,0.0,21.6,93,25.38,8.16,946.2,3.4,598.0,14.446397,75.90362
KA-DVG,2022-03-05,27.1,34.0,20.2,28,44,0.0,0.0,17.2,90,25.07,7.53,945.5,5.5,598.0,14.446397,75.90362
KA-DVG,2022-03-06,27.4,33.7,20.9,33,57,0.0,0.0,19.1,98,24.8,7.77,944.9,8.3,598.0,14.446397,75.90362
KA-DVG,2022-03-07,27.3,33.7,21.3,42,63,0.0,0.0,20.2,101,20.89,7.19,945.0,12.6,598.0,14.446397,75.90362
KA-DVG,2022-03-08,28.3,34.2,22.5,43,72,0.0,0.0,14.1,107,21.49,6.56,945.0,13.3,598.0,14.446397,75.90362
KA-DVG,2022-03-09,28.5,35.2,22.0,37,88,0.0,0.0,14.5,110,23.86,6.91,944.6,10.5,598.0,14.446397,75.90362
KA-DVG,2022-03-10,27.7,35.1,20.0,47,98,0.0,0.0,15.8,109,22.32,6.2,944.3,11.9,598.0,14.446397,75.90362
KA-DVG,2022-03-11,27.8,35.2,20.6,44,87,0.0,0.0,14.9,108,23.92,6.62,944.1,11.1,598.0,14.446397,75.90362
KA-DVG,2022-03-12,27.7,34.4,20.9,32,68,0.0,0.0,13.4,88,22.61,6.5,943.9,8.6,598.0,14.446397,75.90362
KA-DVG,2022-03-13,28.5,35.8,21.2,29,46,0.0,0.0,17.8,100,24.16,7.46,944.2,8.2,598.0,14.446397,75.90362
KA-DVG,2022-03-14,28.9,35.7,22.3,31,50,0.0,0.0,15.1,84,24.81,7.32,944.5,9.4,598.0,14.446397,75.90362
KA-DVG,2022-03-15,28.7,35.9,21.1,25,42,0.0,0.0,14.0,61,25.56,7.34,943.6,5.8,598.0,14.446397,75.90362
KA-DVG,2022-03-16,28.1,36.6,19.8,46,98,0.0,0.0,17.0,5,23.95,6.71,942.7,11.5,598.0,14.446397,75.90362
KA-DVG,2022-03-17,28.8,37.4,20.4,45,99,0.0,0.0,12.3,202,23.73,6.15,942.3,11.5,598.0,14.446397,75.90362
KA-DVG,2022-03-18,28.5,36.6,21.5,55,97,0.0,0.0,16.6,241,23.03,6.17,942.1,15.3,598.0,14.446397,75.90362
KA-DVG,2022-03-19,27.1,34.1,21.9,62,94,0.1,0.1,22.8,241,17.64,4.95,942.3,18.2,598.0,14.446397,75.90362
KA-DVG,2022-03-20,26.4,31.9,22.1,64,91,0.8,0.8,15.5,272,16.14,4.38,942.6,18.4,598.0,14.446397,75.90362
KA-DVG,2022-03-21,27.4,34.5,20.8,62,94,0.5,0.5,21.7,266,21.14,5.44,942.6,17.9,598.0,14.446397,75.90362
KA-DVG,2022-03-22,28.2,33.7,24.0,62,91,0.2,0.2,14.6,267,17.16,4.63,943.0,19.1,598.0,14.446397,75.90362
KA-DVG,2022-03-23,29.0,36.5,23.2,57,96,0.0,0.0,20.5,180,19.63,5.67,942.2,17.3,598.0,14.446397,75.90362
KA-DVG,2022-03-24,27.7,33.6,23.2,63,93,0.0,0.0,18.7,234,14.37,4.16,942.5,18.8,598.0,14.446397,75.90362
KA-DVG,2022-03-25,28.3,35.9,22.6,62,93,0.0,0.0,15.0,272,20.78,5.21,943.4,18.8,598.0,14.446397,75.90362
KA-DVG,2022-03-26,29.0,36.8,22.4,59,96,0.0,0.0,14.4,298,22.98,5.66,945.1,18.0,598.0,14.446397,75.90362
KA-DVG,2022-03-27,29.2,35.9,23.6,55,89,0.0,0.0,13.5,347,22.25,5.87,945.5,17.5,598.0,14.446397,75.90362
KA-DVG,2022-03-28,29.5,36.7,23.0,56,95,0.0,0.0,11.7,289,23.34,5.9,944.9,17.9,598.0,14.446397,75.90362
KA-DVG,2022-03-29,29.6,36.7,23.9,59,92,0.0,0.0,18.3,266,23.85,6.09,944.0,19.0,598.0,14.446397,75.90362
KA-DVG,2022-03-30,29.2,36.3,23.5,57,90,0.0,0.0,16.0,256,24.33,6.03,943.7,17.9,598.0,14.446397,75.90362
KA-DVG,2022-03-31,29.2,36.3,23.9,59,89,0.0,0.0,18.2,265,23.69,6.03,944.0,18.3,598.0,14.446397,75.90362
KA-DVG,2022-04-01,29.1,35.3,23.5,59,91,0.0,0.0,22.2,256,22.69,5.83,944.0,18.5,598.0,14.446397,75.90362
KA-DVG,2022-04-02,29.1,35.8,23.6,60,90,0.0,0.0,17.9,246,23.57,5.83,944.9,18.6,598.0,14.446397,75.90362
KA-DVG,2022-04-03,29.2,36.4,23.5,54,89,0.0,0.0,17.7,245,24.34,6.24,944.3,16.7,598.0,14.446397,75.90362
KA-DVG,2022-04-04,28.9,36.2,22.7,54,90,0.0,0.0,17.0,217,23.49,6.24,944.8,16.5,598.0,14.446397,75.90362
KA-DVG,2022-04-05,29.7,36.4,23.4,49,82,0.0,0.0,16.5,142,23.64,6.55,946.2,15.6,598.0,14.446397,75.90362
KA-DVG,2022-04-06,28.9,35.4,23.6,57,93,0.0,0.0,15.3,262,23.16,5.92,946.6,17.7,598.0,14.446397,75.90362
KA-DVG,2022-04-07,29.9,36.9,22.9,52,94,0.0,0.0,17.1,75,23.55,6.71,945.6,16.1,598.0,14.446397,75.90362
KA-DVG,2022-04-08,29.6,37.9,22.8,53,99,0.0,0.0,18.4,129,24.47,6.4,944.3,15.5,598.0,14.446397,75.90362
KA-DVG,2022-04-09,29.0,35.2,23.9,58,94,0.0,0.0,15.2,278,20.83,5.26,943.8,17.9,598.0,14.446397,75.90362
KA-DVG,2022-04-10,28.6,35.0,23.1,60,94,0.0,0.0,11.9,295,20.14,5.13,943.5,18.7,598.0,14.446397,75.90362
KA-DVG,2022-04-11,29.7,37.5,23.5,54,96,0.0,0.0,10.8,345,22.83,5.91,942.6,17.0,598.0,14.446397,75.90362
KA-DVG,2022-04-12,30.4,38.4,23.6,49,98,0.0,0.0,18.8,90,24.4,7.08,941.5,15.1,598.0,14.446397,75.90362
KA-DVG,2022-04-13,29.4,37.0,24.2,58,91,0.0,0.0,24.5,143,17.55,5.48,941.4,18.1,598.0,14.446397,75.90362
KA-DVG,2022-04-14,29.4,35.2,25.2,59,84,0.0,0.0,17.6,246,16.62,4.75,942.2,19.2,598.0,14.446397,75.90362
KA-DVG,2022-04-15,28.2,33.5,24.7,61,83,0.0,0.0,15.1,285,12.5,3.69,942.5,19.3,598.0,14.446397,75.90362
KA-DVG,2022-04-16,26.9,35.5,23.6,75,95,9.3,9.3,19.1,265,18.55,4.44,941.8,21.2,598.0,14.446397,75.90362
KA-DVG,2022-04-17,25.9,32.6,22.1,77,99,6.5,6.5,12.5,255,21.38,4.7,942.5,20.9,598.0,14.446397,75.90362
KA-DVG,2022-04-18,25.5,32.1,21.8,75,93,2.8,2.8,29.2,269,18.94,4.24,944.2,20.4,598.0,14.446397,75.90362
KA-DVG,2022-04-19,27.3,34.1,21.3,67,98,0.0,0.0,13.5,271,22.85,5.21,945.1,19.5,598.0,14.446397,75.90362
KA-DVG,2022-04-20,28.3,35.2,22.0,65,99,0.0,0.0,8.9,260,24.08,5.6,942.9,19.8,598.0,14.446397,75.90362
KA-DVG,2022-04-21,28.9,35.7,22.6,61,99,0.0,0.0,10.2,218,24.57,5.89,942.0,19.2,598.0,14.446397,75.90362
KA-DVG,2022-04-22,29.7,36.3,23.3,57,96,0.0,0.0,16.1,170,24.32,6.14,943.0,18.1,598.0,14.446397,75.90362
KA-DVG,2022-04-23,29.0,36.2,23.5,60,98,0.0,0.0,12.8,202,24.29,6.01,943.8,18.7,598.0,14.446397,75.90362
KA-DVG,2022-04-24,29.0,35.9,23.9,57,94,0.0,0.0,15.9,310,23.91,6.03,943.2,18.1,598.0,14.446397,75.90362
KA-DVG,2022-04-25,29.1,36.5,22.8,63,99,6.7,6.7,13.9,215,24.16,5.9,942.5,19.6,598.0,14.446397,75.90362
KA-DVG,2022-04-26,29.0,36.0,24.2,63,97,2.2,2.2,15.3,340,22.41,5.77,942.8,20.1,598.0,14.446397,75.90362
KA-DVG,2022-04-27,29.4,37.1,22.7,59,99,0.0,0.0,10.1,39,24.54,6.03,941.9,18.8,598.0,14.446397,75.90362
KA-DVG,2022-04-28,28.1,36.5,24.2,70,96,13.5,13.5,20.2,252,22.96,5.55,943.5,21.4,598.0,14.446397,75.90362
KA-DVG,2022-04-29,29.1,36.8,23.1,62,95,0.0,0.0,16.2,286,22.87,5.84,943.4,19.7,598.0,14.446397,75.90362
KA-DVG,2022-04-30,29.6,36.6,24.4,63,92,0.0,0.0,17.1,269,25.01,6.53,942.8,20.7,598.0,14.446397,75.90362
KA-DVG,2022-05-01,29.1,36.0,24.6,64,94,0.0,0.0,15.0,269,23.75,6.2,941.7,19.9,598.0,14.446397,75.90362
KA-DVG,2022-05-02,28.7,35.4,24.0,61,92,0.0,0.0,18.7,276,25.54,6.61,941.9,18.8,598.0,14.446397,75.90362
KA-DVG,2022-05-03,29.1,35.4,23.8,61,90,0.0,0.0,17.0,279,24.84,6.19,942.1,19.6,598.0,14.446397,75.90362
KA-DVG,2022-05-04,29.5,35.7,24.7,64,89,0.1,0.1,15.7,271,24.39,6.13,943.1,21.0,598.0,14.446397,75.90362
KA-DVG,2022-05-05,27.8,34.0,24.2,72,91,0.0,0.0,12.5,271,21.93,5.19,942.8,21.7,598.0,14.446397,75.90362
KA-DVG,2022-05-06,27.7,33.2,23.2,72,95,2.6,2.6,13.3,263,23.67,5.5,942.3,21.5,598.0,14.446397,75.90362
KA-DVG,2022-05-07,28.4,35.1,22.8,67,97,0.0,0.0,16.0,270,24.88,6.03,941.8,20.4,598.0,14.446397,75.90362
KA-DVG,2022-05-08,27.7,35.7,23.5,71,93,0.4,0.4,17.6,269,24.16,5.79,940.3,21.1,598.0,14.446397,75.90362
KA-DVG,2022-05-09,26.7,32.4,24.0,78,94,1.6,1.6,30.9,260,22.1,5.04,939.3,22.3,598.0,14.446397,75.90362
KA-DVG,2022-05-10,26.3,31.8,23.5,79,92,0.5,0.5,21.7,265,16.12,4.2,938.8,21.9,598.0,14.446397,75.90362
KA-DVG,2022-05-11,23.9,25.1,23.1,89,92,7.8,7.8,21.8,251,6.19,1.65,939.6,22.0,598.0,14.446397,75.90362
KA-DVG,2022-05-12,24.8,28.8,22.7,84,94,4.2,4.2,25.0,271,11.66,2.92,940.0,21.8,598.0,14.446397,75.90362
KA-DVG,2022-05-13,26.1,31.5,22.9,79,94,7.1,7.1,19.8,266,21.13,4.76,940.0,21.9,598.0,14.446397,75.90362
KA-DVG,2022-05-14,27.1,32.7,23.4,74,95,0.8,0.8,19.2,270,23.37,5.55,940.4,21.6,598.0,14.446397,75.90362
KA-DVG,2022-05-15,26.9,32.7,22.7,74,94,0.0,0.0,17.0,273,22.68,5.36,941.1,21.3,598.0,14.446397,75.90362
KA-DVG,2022-05-16,26.7,32.7,23.4,78,94,27.0,27.0,17.4,289,20.2,4.68,940.6,22.2,598.0,14.446397,75.90362
KA-DVG,2022-05-17,25.2,28.9,23.2,87,97,2.9,2.9,10.7,293,11.97,2.69,939.5,22.7,598.0,14.446397,75.90362
KA-DVG,2022-05-18,24.7,28.6,22.3,89,98,15.2,15.2,16.2,331,9.98,2.18,939.4,22.8,598.0,14.446397,75.90362
KA-DVG,2022-05-19,22.7,26.7,20.2,90,98,29.6,29.6,19.7,253,8.38,1.95,939.8,20.9,598.0,14.446397,75.90362
KA-DVG,2022-05-20,22.5,25.4,20.1,86,94,7.1,7.1,23.4,249,11.94,2.59,941.7,20.0,598.0,14.446397,75.90362
KA-DVG,2022-05-21,22.5,26.0,19.8,86,93,5.0,5.0,20.9,257,9.46,2.21,942.0,20.0,598.0,14.446397,75.90362
KA-DVG,2022-05-22,24.8,30.0,21.5,82,95,2.0,2.0,22.7,255,20.05,4.34,940.7,21.3,598.0,14.446397,75.90362
KA-DVG,2022-05-23,26.1,30.8,22.6,79,92,2.4,2.4,17.6,260,20.57,4.71,940.2,21.9,598.0,14.446397,75.90362
KA-DVG,2022-05-24,26.8,31.5,22.9,77,96,0.5,0.5,15.9,274,23.71,5.34,942.1,22.0,598.0,14.446397,75.90362
KA-DVG,2022-05-25,26.9,31.4,23.8,74,91,0.1,0.1,13.0,291,23.94,5.31,943.5,21.6,598.0,14.446397,75.90362
KA-DVG,2022-05-26,26.4,31.7,22.3,72,94,0.0,0.0,18.1,263,25.35,5.82,943.6,20.2,598.0,14.446397,75.90362
KA-DVG,2022-05-27,26.1,31.0,21.6,70,97,0.0,0.0,17.2,271,23.63,5.69,943.3,19.7,598.0,14.446397,75.90362
KA-DVG,2022-05-28,26.1,31.5,21.7,70,97,0.3,0.3,16.5,270,23.86,5.66,942.5,19.5,598.0,14.446397,75.90362
KA-DVG,2022-05-29,26.3,32.0,21.9,69,95,0.0,0.0,16.4,270,25.53,5.88,942.4,19.5,598.0,14.446397,75.90362
KA-DVG,2022-05-30,26.7,32.0,22.4,69,92,0.1,0.1,18.4,266,22.99,5.6,941.8,19.9,598.0,14.446397,75.90362
KA-DVG,2022-05-31,25.8,32.0,22.5,76,92,4.3,4.3,20.6,268,20.88,4.86,941.4,20.9,598.0,14.446397,75.90362
KA-DVG,2022-06-01,26.2,32.0,22.7,75,93,7.3,7.3,14.8,272,21.11,4.91,941.3,21.0,598.0,14.446397,75.90362
KA-DVG,2022-06-02,26.7,32.8,22.8,71,89,0.6,0.6,19.8,269,24.18,5.72,941.7,20.6,598.0,14.446397,75.90362
KA-DVG,2022-06-03,26.7,33.5,22.5,72,92,1.3,1.3,17.0,273,23.83,5.64,941.1,20.7,598.0,14.446397,75.90362
KA-DVG,2022-06-04,28.1,34.4,23.4,67,90,0.0,0.0,18.0,276,25.54,6.13,941.0,20.5,598.0,14.446397,75.90362
KA-DVG,2022-06-05,27.4,34.6,23.7,71,88,1.2,1.2,16.6,266,23.01,5.54,940.9,21.2,598.0,14.446397,75.90362
KA-DVG,2022-06-06,26.6,31.6,22.8,73,94,0.5,0.5,15.9,269,21.02,4.82,941.4,21.1,598.0,14.446397,75.90362
KA-DVG,2022-06-07,24.8,30.7,22.2,82,95,9.5,9.5,20.7,255,14.36,3.29,941.8,21.4,598.0,14.446397,75.90362
KA-DVG,2022-06-08,25.9,31.5,22.0,75,95,0.9,0.9,16.9,255,20.15,4.8,941.8,20.8,598.0,14.446397,75.90362
KA-DVG,2022-06-09,26.2,31.0,22.5,72,90,1.1,1.1,22.7,247,21.82,5.38,941.4,20.3,598.0,14.446397,75.90362
KA-DVG,2022-06-10,25.6,30.9,22.5,75,90,1.1,1.1,25.1,243,20.91,4.98,941.7,20.6,598.0,14.446397,75.90362
KA-DVG,2022-06-11,24.9,29.2,22.4,79,91,7.7,7.7,23.5,240,17.92,4.09,942.4,20.8,598.0,14.446397,75.90362
KA-DVG,2022-06-12,24.8,29.8,21.9,79,92,3.0,3.0,19.0,238,15.43,3.66,942.2,20.7,598.0,14.446397,75.90362
KA-DVG,2022-06-13,25.2,30.0,21.8,77,92,1.0,1.0,18.8,246,19.34,4.42,943.0,20.7,598.0,14.446397,75.90362
KA-DVG,2022-06-14,25.8,31.5,22.6,76,92,2.6,2.6,15.0,258,20.4,4.72,942.7,20.8,598.0,14.446397,75.90362
KA-DVG,2022-06-15,25.3,29.5,22.5,79,94,1.6,1.6,17.7,268,14.75,3.52,942.2,21.2,598.0,14.446397,75.90362
KA-DVG,2022-06-16,25.2,29.0,22.3,80,95,4.0,4.0,13.7,258,17.23,3.82,941.8,21.2,598.0,14.446397,75.90362
KA-DVG,2022-06-17,25.3,31.2,22.3,79,95,4.7,4.7,21.3,266,20.72,4.51,941.3,21.1,598.0,14.446397,75.90362
KA-DVG,2022-06-18,24.7,29.3,22.0,82,97,4.5,4.5,13.9,254,16.34,3.54,941.6,21.3,598.0,14.446397,75.90362
KA-DVG,2022-06-19,24.6,29.2,21.8,82,97,6.3,6.3,20.5,256,18.11,3.87,942.1,21.2,598.0,14.446397,75.90362
KA-DVG,2022-06-20,24.7,30.5,22.3,80,92,12.1,12.1,21.4,258,19.4,4.24,941.4,20.8,598.0,14.446397,75.90362
KA-DVG,2022-06-21,23.9,27.1,22.1,83,91,8.7,8.7,22.1,251,14.4,3.19,940.1,20.8,598.0,14.446397,75.90362
KA-DVG,2022-06-22,23.1,26.0,21.8,88,93,9.3,9.3,19.5,229,8.97,2.05,940.9,20.9,598.0,14.446397,75.90362
KA-DVG,2022-06-23,24.2,29.4,21.0,82,96,2.2,2.2,22.2,232,17.32,3.74,941.5,20.9,598.0,14.446397,75.90362
KA-DVG,2022-06-24,24.1,26.7,22.0,82,92,1.7,1.7,22.1,232,11.15,2.85,941.0,20.7,598.0,14.446397,75.90362
KA-DVG,2022-06-25,24.1,27.8,22.0,81,90,5.6,5.6,28.0,240,15.02,3.54,939.4,20.5,598.0,14.446397,75.90362
KA-DVG,2022-06-26,24.3,28.1,21.7,80,90,1.5,1.5,26.2,243,15.42,3.73,939.7,20.3,598.0,14.446397,75.90362
KA-DVG,2022-06-27,24.3,28.1,21.1,78,91,1.9,1.9,25.0,242,19.23,4.34,941.4,20.1,598.0,14.446397,75.90362
KA-DVG,2022-06-28,24.7,29.5,22.1,78,91,1.9,1.9,22.0,249,19.12,4.34,941.6,20.4,598.0,14.446397,75.90362
KA-DVG,2022-06-29,23.9,27.9,22.3,84,91,11.7,11.7,22.7,254,12.7,2.92,940.5,20.9,598.0,14.446397,75.90362
KA-DVG,2022-06-30,24.0,29.4,22.1,84,94,6.5,6.5,19.8,257,14.81,3.3,940.1,21.0,598.0,14.446397,75.90362
KA-DVG,2022-07-01,24.3,27.6,21.8,83,94,4.2,4.2,26.0,260,18.01,3.81,940.7,21.1,598.0,14.446397,75.90362
KA-DVG,2022-07-02,24.7,28.6,22.5,80,91,1.7,1.7,25.2,267,18.05,4.06,939.9,20.9,598.0,14.446397,75.90362
KA-DVG,2022-07-03,24.8,28.3,22.7,79,90,1.5,1.5,23.9,256,17.87,4.14,939.9,20.7,598.0,14.446397,75.90362
KA-DVG,2022-07-04,22.7,23.7,22.1,90,94,30.6,30.6,24.2,252,4.39,1.29,939.9,21.0,598.0,14.446397,75.90362
KA-DVG,2022-07-05,22.8,23.9,21.9,91,95,19.6,19.6,25.0,254,7.82,1.7,938.8,21.3,598.0,14.446397,75.90362
KA-DVG,2022-07-06,23.2,26.2,21.7,87,95,5.7,5.7,24.9,253,10.04,2.41,940.2,20.7,598.0,14.446397,75.90362
KA-DVG,2022-07-07,23.0,25.5,21.4,87,95,13.9,13.9,27.4,256,12.4,2.67,942.2,20.7,598.0,14.446397,75.90362
KA-DVG,2022-07-08,22.8,25.4,21.4,88,95,7.7,7.7,28.2,265,11.46,2.46,941.6,20.7,598.0,14.446397,75.90362
KA-DVG,2022-07-09,22.5,24.9,21.0,90,95,8.9,8.9,29.0,260,10.2,2.13,940.0,20.7,598.0,14.446397,75.90362
KA-DVG,2022-07-10,22.4,25.0,20.9,89,95,10.5,10.5,27.2,266,9.97,2.15,940.5,20.5,598.0,14.446397,75.90362
KA-DVG,2022-07-11,22.1,24.1,20.9,91,95,11.5,11.5,27.1,259,9.89,2.0,942.1,20.5,598.0,14.446397,75.90362
KA-DVG,2022-07-12,22.7,26.1,20.7,85,94,3.5,3.5,31.5,259,11.16,2.7,941.8,20.0,598.0,14.446397,75.90362
KA-DVG,2022-07-13,22.6,25.0,21.5,87,93,4.5,4.5,31.3,257,10.97,2.52,939.6,20.2,598.0,14.446397,75.90362
KA-DVG,2022-07-14,22.9,25.5,21.4,85,92,5.8,5.8,32.4,251,14.79,3.15,938.1,20.2,598.0,14.446397,75.90362
KA-DVG,2022-07-15,23.9,27.1,21.7,81,91,2.8,2.8,33.2,248,19.64,4.2,939.1,20.3,598.0,14.446397,75.90362
KA-DVG,2022-07-16,23.7,26.6,21.9,84,92,5.9,5.9,29.6,249,13.97,3.09,940.2,20.9,598.0,14.446397,75.90362
KA-DVG,2022-07-17,23.9,27.9,21.8,84,94,8.4,8.4,27.2,259,17.53,3.63,941.1,21.0,598.0,14.446397,75.90362
KA-DVG,2022-07-18,23.6,26.5,21.5,84,94,1.7,1.7,26.8,261,15.27,3.29,941.7,20.6,598.0,14.446397,75.90362
KA-DVG,2022-07-19,24.0,28.0,21.6,83,95,5.3,5.3,21.0,254,17.45,3.64,942.0,20.9,598.0,14.446397,75.90362
KA-DVG,2022-07-20,24.3,29.9,21.5,84,96,5.6,5.6,20.0,277,19.18,3.98,942.3,21.2,598.0,14.446397,75.90362
KA-DVG,2022-07-21,24.9,29.6,21.4,79,97,0.7,0.7,16.3,281,22.13,4.78,942.2,20.6,598.0,14.446397,75.90362
KA-DVG,2022-07-22,24.1,27.2,21.9,82,94,2.8,2.8,18.8,278,15.08,3.37,942.6,20.8,598.0,14.446397,75.90362
KA-DVG,2022-07-23,23.8,27.3,21.6,83,94,1.2,1.2,21.6,265,14.95,3.31,941.7,20.6,598.0,14.446397,75.90362
KA-DVG,2022-07-24,23.4,26.7,21.2,82,93,1.4,1.4,22.7,261,12.75,2.98,941.9,20.1,598.0,14.446397,75.90362
KA-DVG,2022-07-25,24.0,27.7,21.3,80,93,1.2,1.2,19.0,265,16.21,3.67,942.7,20.2,598.0,14.446397,75.90362
KA-DVG,2022-07-26,24.3,28.6,21.8,80,93,0.4,0.4,14.1,286,18.46,3.93,943.4,20.4,598.0,14.446397,75.90362
KA-DVG,2022-07-27,24.0,28.3,21.1,85,98,13.8,13.8,8.8,288,19.12,3.86,942.7,21.1,598.0,14.446397,75.90362
KA-DVG,2022-07-28,24.9,29.3,21.0,82,99,5.8,5.8,7.6,20,20.8,4.26,943.0,21.4,598.0,14.446397,75.90362
KA-DVG,2022-07-29,25.0,29.9,22.0,84,98,7.8,7.8,10.4,247,22.36,4.58,942.8,21.8,598.0,14.446397,75.90362
KA-DVG,2022-07-30,24.9,29.7,21.1,84,98,18.1,18.1,13.1,294,21.42,4.36,941.9,21.7,598.0,14.446397,75.90362
KA-DVG,2022-07-31,24.6,29.4,22.2,86,98,7.2,7.2,14.9,295,18.86,3.85,940.4,21.9,598.0,14.446397,75.90362
KA-DVG,2022-08-01,23.5,28.4,21.0,89,100,43.6,43.6,12.6,301,14.5,2.95,940.4,21.5,598.0,14.446397,75.90362
KA-DVG,2022-08-02,23.6,27.5,21.2,87,97,31.3,31.3,17.4,327,11.42,2.48,939.4,21.2,598.0,14.446397,75.90362
KA-DVG,2022-08-03,23.8,28.5,21.1,87,98,17.2,17.2,10.6,325,16.35,3.34,938.7,21.3,598.0,14.446397,75.90362
KA-DVG,2022-08-04,23.3,27.1,20.6,89,98,2.0,2.0,15.6,257,11.46,2.43,938.6,21.3,598.0,14.446397,75.90362
KA-DVG,2022-08-05,22.8,26.2,21.8,90,96,21.3,21.3,24.4,246,9.85,2.12,939.0,21.0,598.0,14.446397,75.90362
KA-DVG,2022-08-06,22.9,25.5,21.7,88,93,11.2,11.2,30.4,251,9.39,2.18,938.8,20.8,598.0,14.446397,75.90362
KA-DVG,2022-08-07,23.6,26.4,21.8,84,93,2.5,2.5,30.7,254,16.69,3.54,938.2,20.6,598.0,14.446397,75.90362
KA-DVG,2022-08-08,23.2,25.6,21.5,86,92,9.0,9.0,31.7,252,14.45,3.04,937.8,20.6,598.0,14.446397,75.90362
KA-DVG,2022-08-09,23.3,26.1,21.8,83,90,2.3,2.3,35.1,246,16.31,3.57,938.0,20.1,598.0,14.446397,75.90362
KA-DVG,2022-08-10,23.1,26.1,21.5,83,93,4.3,4.3,34.3,244,15.36,3.44,938.0,19.9,598.0,14.446397,75.90362
KA-DVG,2022-08-11,23.8,26.8,21.6,80,90,2.2,2.2,33.5,246,19.38,4.19,939.6,20.1,598.0,14.446397,75.90362
KA-DVG,2022-08-12,24.1,28.1,22.0,78,89,1.0,1.0,33.9,253,19.84,4.46,941.2,19.9,598.0,14.446397,75.90362
KA-DVG,2022-08-13,23.8,27.6,21.2,78,92,0.8,0.8,27.8,257,19.81,4.34,941.9,19.6,598.0,14.446397,75.90362
KA-DVG,2022-08-14,23.8,27.8,21.4,79,90,0.3,0.3,24.1,262,15.77,3.74,942.8,19.8,598.0,14.446397,75.90362
KA-DVG,2022-08-15,23.8,27.3,21.1,80,92,1.4,1.4,20.2,257,16.1,3.64,943.1,20.1,598.0,14.446397,75.90362
KA-DVG,2022-08-16,23.9,28.2,20.2,81,97,1.1,1.1,19.1,257,19.77,4.14,943.1,20.2,598.0,14.446397,75.90362
KA-DVG,2022-08-17,24.0,28.9,20.3,80,98,0.3,0.3,18.4,264,19.14,4.16,943.5,20.0,598.0,14.446397,75.90362
KA-DVG,2022-08-18,24.6,29.4,21.5,79,94,0.8,0.8,19.1,276,20.09,4.45,943.2,20.5,598.0,14.446397,75.90362
KA-DVG,2022-08-19,24.6,29.2,21.7,77,93,0.9,0.9,20.4,277,21.39,4.67,943.2,20.2,598.0,14.446397,75.90362
KA-DVG,2022-08-20,24.4,28.6,21.5,80,93,2.0,2.0,22.3,267,19.56,4.25,943.0,20.6,598.0,14.446397,75.90362
KA-DVG,2022-08-21,23.7,26.9,21.7,84,96,5.6,5.6,22.3,269,14.97,3.18,942.1,20.8,598.0,14.446397,75.90362
KA-DVG,2022-08-22,23.9,27.7,21.8,82,92,2.6,2.6,27.8,268,19.9,4.1,941.5,20.5,598.0,14.446397,75.90362
KA-DVG,2022-08-23,23.7,27.9,21.4,82,92,1.5,1.5,25.2,261,17.18,3.7,942.1,20.4,598.0,14.446397,75.90362
KA-DVG,2022-08-24,23.1,26.8,21.3,85,96,6.7,6.7,17.3,266,15.16,3.11,943.7,20.5,598.0,14.446397,75.90362
KA-DVG,2022-08-25,23.8,28.3,21.1,83,96,9.7,9.7,16.2,284,16.41,3.5,942.6,20.6,598.0,14.446397,75.90362
KA-DVG,2022-08-26,23.6,28.6,21.1,86,97,11.4,11.4,14.0,292,17.87,3.69,941.9,20.9,598.0,14.446397,75.90362
KA-DVG,2022-08-27,23.3,27.9,21.4,87,97,11.6,11.6,14.5,286,17.59,3.52,942.1,20.8,598.0,14.446397,75.90362
KA-DVG,2022-08-28,23.5,27.9,21.1,86,98,5.5,5.5,15.1,312,17.07,3.37,941.6,20.8,598.0,14.446397,75.90362
KA-DVG,2022-08-29,23.6,27.4,21.3,88,98,7.1,7.1,10.5,313,14.88,2.98,942.3,21.4,598.0,14.446397,75.90362
KA-DVG,2022-08-30,24.5,29.4,20.9,84,99,13.3,13.3,10.7,59,19.11,3.93,942.1,21.4,598.0,14.446397,75.90362
KA-DVG,2022-08-31,24.5,29.4,21.4,85,99,14.8,14.8,12.7,133,22.25,4.47,941.7,21.5,598.0,14.446397,75.90362
KA-DVG,2022-09-01,23.8,28.6,21.0,87,98,11.5,11.5,12.5,34,18.06,3.64,941.7,21.4,598.0,14.446397,75.90362
KA-DVG,2022-09-02,24.9,29.4,21.4,82,99,1.7,1.7,14.5,133,22.41,4.56,941.9,21.3,598.0,14.446397,75.90362
KA-DVG,2022-09-03,24.7,29.8,21.3,83,98,4.7,4.7,12.3,263,21.46,4.4,942.5,21.5,598.0,14.446397,75.90362
KA-DVG,2022-09-04,24.8,29.6,21.1,83,98,2.2,2.2,13.6,300,19.46,4.05,942.4,21.5,598.0,14.446397,75.90362
KA-DVG,2022-09-05,24.3,28.6,22.1,87,97,22.9,22.9,13.7,304,15.84,3.27,942.0,21.9,598.0,14.446397,75.90362
KA-DVG,2022-09-06,23.9,28.6,21.2,86,97,14.5,14.5,9.9,284,17.51,3.6,941.4,21.2,598.0,14.446397,75.90362
KA-DVG,2022-09-07,23.7,28.0,21.1,87,98,6.4,6.4,19.5,240,14.5,3.03,941.3,21.2,598.0,14.446397,75.90362
KA-DVG,2022-09-08,23.2,25.3,21.8,88,95,4.8,4.8,17.2,232,7.97,1.89,941.0,21.0,598.0,14.446397,75.90362
KA-DVG,2022-09-09,23.8,27.5,21.7,85,95,7.5,7.5,18.8,236,15.25,3.22,940.6,21.1,598.0,14.446397,75.90362
KA-DVG,2022-09-10,23.6,27.5,22.0,87,95,4.7,4.7,21.7,250,12.82,2.78,940.7,21.1,598.0,14.446397,75.90362
KA-DVG,2022-09-11,23.8,26.7,21.8,83,93,3.3,3.3,31.7,240,16.98,3.62,940.0,20.7,598.0,14.446397,75.90362
KA-DVG,2022-09-12,23.9,27.2,22.1,81,90,1.3,1.3,33.6,240,20.7,4.33,939.9,20.3,598.0,14.446397,75.90362
KA-DVG,2022-09-13,24.0,27.4,21.8,82,91,4.9,4.9,25.8,240,16.72,3.63,941.9,20.7,598.0,14.446397,75.90362
KA-DVG,2022-09-14,24.4,28.3,22.0,79,90,1.0,1.0,23.2,242,20.77,4.42,944.2,20.4,598.0,14.446397,75.90362
KA-DVG,2022-09-15,24.1,28.2,21.6,81,93,1.4,1.4,23.8,244,19.96,4.2,945.2,20.4,598.0,14.446397,75.90362
KA-DVG,2022-09-16,24.0,27.7,21.8,82,92,2.4,2.4,22.7,255,18.91,3.96,943.6,20.6,598.0,14.446397,75.90362
KA-DVG,2022-09-17,24.5,29.1,22.0,81,93,1.4,1.4,20.1,249,20.46,4.33,943.3,20.7,598.0,14.446397,75.90362
KA-DVG,2022-09-18,24.1,28.6,21.4,82,95,1.9,1.9,18.9,261,19.64,4.05,944.1,20.6,598.0,14.446397,75.90362
KA-DVG,2022-09-19,23.8,27.5,20.4,77,93,0.7,0.7,20.9,267,17.16,3.93,943.9,19.4,598.0,14.446397,75.90362
KA-DVG,2022-09-20,22.6,28.0,20.0,84,97,7.0,7.0,18.9,265,16.55,3.37,943.4,19.6,598.0,14.446397,75.90362
KA-DVG,2022-09-21,23.4,28.2,19.9,78,97,0.7,0.7,17.3,269,19.62,4.23,943.3,19.1,598.0,14.446397,75.90362
KA-DVG,2022-09-22,23.1,27.7,19.0,77,99,0.2,0.2,18.7,261,21.52,4.57,943.9,18.4,598.0,14.446397,75.90362
KA-DVG,2022-09-23,22.9,27.9,19.0,81,98,2.4,2.4,20.6,258,19.9,4.15,944.4,19.1,598.0,14.446397,75.90362
KA-DVG,2022-09-24,23.7,28.5,20.9,80,95,1.3,1.3,19.1,268,21.16,4.38,944.0,19.8,598.0,14.446397,75.90362
KA-DVG,2022-09-25,24.6,29.3,20.7,76,97,0.5,0.5,12.6,285,22.09,4.69,943.0,19.7,598.0,14.446397,75.90362
KA-DVG,2022-09-26,24.1,28.1,21.1,79,96,2.3,2.3,14.0,297,15.02,3.36,943.8,20.0,598.0,14.446397,75.90362
KA-DVG,2022-09-27,24.6,29.4,21.6,75,96,0.1,0.1,13.0,286,20.06,4.4,942.8,19.6,598.0,14.446397,75.90362
KA-DVG,2022-09-28,24.6,29.9,20.9,75,98,0.1,0.1,15.1,273,20.56,4.57,942.1,19.5,598.0,14.446397,75.90362
KA-DVG,2022-09-29,24.5,29.5,20.7,75,95,0.0,0.0,17.4,281,18.94,4.4,942.0,19.3,598.0,14.446397,75.90362
KA-DVG,2022-09-30,23.1,27.5,21.6,88,96,19.8,19.8,15.4,278,10.54,2.31,942.5,20.9,598.0,14.446397,75.90362
KA-DVG,2022-10-01,22.6,26.3,21.5,91,97,31.2,31.2,15.6,277,6.43,1.48,943.1,21.0,598.0,14.446397,75.90362
KA-DVG,2022-10-02,23.0,26.7,21.1,87,97,1.1,1.1,14.2,285,12.65,2.59,943.0,20.7,598.0,14.446397,75.90362
KA-DVG,2022-10-03,24.1,28.9,21.0,81,98,0.7,0.7,14.4,298,20.87,4.36,942.7,20.3,598.0,14.446397,75.90362
KA-DVG,2022-10-04,24.3,29.4,20.9,80,99,0.7,0.7,14.1,304,19.49,4.15,942.5,20.3,598.0,14.446397,75.90362
KA-DVG,2022-10-05,24.8,29.0,21.4,81,98,0.4,0.4,13.4,282,21.49,4.48,942.1,20.9,598.0,14.446397,75.90362
KA-DVG,2022-10-06,22.8,26.7,21.3,90,97,25.5,25.5,15.3,262,10.0,2.08,941.2,20.9,598.0,14.446397,75.90362
KA-DVG,2022-10-07,23.1,26.9,20.5,85,97,2.5,2.5,16.6,252,17.21,3.43,941.9,20.2,598.0,14.446397,75.90362
KA-DVG,2022-10-08,23.4,27.6,20.1,81,98,0.3,0.3,10.0,254,16.99,3.45,943.4,19.6,598.0,14.446397,75.90362
KA-DVG,2022-10-09,23.7,28.1,19.6,85,99,13.1,13.1,9.0,309,18.4,3.73,943.7,20.8,598.0,14.446397,75.90362
KA-DVG,2022-10-10,23.5,27.4,21.2,88,98,9.4,9.4,6.8,28,13.71,2.77,944.1,21.3,598.0,14.446397,75.90362
KA-DVG,2022-10-11,23.5,27.6,21.0,87,99,9.8,9.8,9.2,189,14.72,2.99,943.6,21.2,598.0,14.446397,75.90362
KA-DVG,2022-10-12,23.4,27.8,21.5,88,97,10.8,10.8,11.6,231,16.61,3.27,944.2,21.2,598.0,14.446397,75.90362
KA-DVG,2022-10-13,23.7,28.2,20.9,86,99,23.3,23.3,8.9,247,17.89,3.59,944.0,21.1,598.0,14.446397,75.90362
KA-DVG,2022-10-14,23.2,27.7,20.5,88,98,13.0,13.0,10.2,265,14.17,2.9,943.7,21.0,598.0,14.446397,75.90362
KA-DVG,2022-10-15,23.9,28.7,20.0,84,100,11.7,11.7,11.2,53,19.08,3.87,942.5,20.8,598.0,14.446397,75.90362
KA-DVG,2022-10-16,23.3,27.8,21.2,89,97,25.3,25.3,12.9,141,14.96,2.93,943.9,21.3,598.0,14.446397,75.90362
KA-DVG,2022-10-17,23.5,28.4,20.5,87,98,3.5,3.5,11.5,108,15.26,3.08,945.5,21.0,598.0,14.446397,75.90362
KA-DVG,2022-10-18,23.0,27.4,20.1,88,99,1.9,1.9,11.9,228,14.5,2.87,945.5,20.8,598.0,14.446397,75.90362
KA-DVG,2022-10-19,23.5,28.0,20.3,87,100,8.4,8.4,9.1,8,16.98,3.41,944.9,21.1,598.0,14.446397,75.90362
KA-DVG,2022-10-20,23.6,28.3,19.9,86,99,7.0,7.0,10.6,78,17.25,3.44,945.3,21.0,598.0,14.446397,75.90362
KA-DVG,2022-10-21,24.3,28.7,20.5,80,98,0.5,0.5,16.1,86,20.23,4.21,946.3,20.4,598.0,14.446397,75.90362
KA-DVG,2022-10-22,24.0,28.8,19.9,78,98,0.5,0.5,13.8,59,21.3,4.42,947.2,19.7,598.0,14.446397,75.90362
KA-DVG,2022-10-23,22.3,27.4,17.9,68,85,0.0,0.0,14.9,42,23.29,4.79,946.3,15.6,598.0,14.446397,75.90362
KA-DVG,2022-10-24,21.1,27.0,15.9,68,94,0.0,0.0,12.1,19,23.81,4.79,944.8,14.4,598.0,14.446397,75.90362
KA-DVG,2022-10-25,21.1,26.9,14.6,67,89,0.0,0.0,7.4,127,23.44,4.62,945.0,14.3,598.0,14.446397,75.90362
KA-DVG,2022-10-26,21.6,27.5,16.9,63,83,0.0,0.0,14.2,82,23.57,4.98,946.0,13.8,598.0,14.446397,75.90362
KA-DVG,2022-10-27,21.7,27.8,15.2,63,83,0.0,0.0,15.2,86,23.34,4.98,945.9,13.9,598.0,14.446397,75.90362
KA-DVG,2022-10-28,22.4,27.5,17.5,69,82,0.0,0.0,13.3,76,16.93,3.88,945.2,16.1,598.0,14.446397,75.90362
KA-DVG,2022-10-29,24.0,28.1,21.5,68,82,0.1,0.1,19.0,76,14.79,3.79,945.2,17.6,598.0,14.446397,75.90362
KA-DVG,2022-10-30,23.5,28.1,20.0,68,92,0.0,0.0,15.5,62,17.99,4.16,945.4,16.9,598.0,14.446397,75.90362
KA-DVG,2022-10-31,22.8,28.3,18.6,60,73,0.0,0.0,16.5,59,22.43,5.12,945.0,14.3,598.0,14.446397,75.90362
KA-DVG,2022-11-01,22.8,28.7,17.4,66,88,0.0,0.0,14.4,77,20.34,4.68,945.8,15.8,598.0,14.446397,75.90362
KA-DVG,2022-11-02,23.2,27.9,19.0,77,95,0.3,0.3,19.7,85,15.6,3.56,945.5,18.6,598.0,14.446397,75.90362
KA-DVG,2022-11-03,23.9,28.3,20.4,76,93,0.7,0.7,21.5,71,19.02,4.1,945.1,19.1,598.0,14.446397,75.90362
KA-DVG,2022-11-04,24.6,29.5,20.2,72,95,0.4,0.4,19.9,85,19.77,4.55,945.9,18.9,598.0,14.446397,75.90362
KA-DVG,2022-11-05,24.7,29.6,20.4,69,90,0.0,0.0,15.6,89,21.46,4.93,947.3,18.1,598.0,14.446397,75.90362
KA-DVG,2022-11-06,24.3,28.9,20.7,70,88,0.6,0.6,17.1,87,19.65,4.44,947.8,18.3,598.0,14.446397,75.90362
KA-DVG,2022-11-07,23.6,28.9,19.4,65,94,0.0,0.0,16.0,93,20.96,4.79,947.2,16.0,598.0,14.446397,75.90362
KA-DVG,2022-11-08,23.4,29.6,19.1,59,79,0.0,0.0,15.4,81,21.94,5.15,946.7,14.5,598.0,14.446397,75.90362
KA-DVG,2022-11-09,23.8,29.3,19.0,54,69,0.0,0.0,14.9,75,21.79,5.34,946.3,13.6,598.0,14.446397,75.90362
KA-DVG,2022-11-10,23.4,29.2,18.8,55,75,0.0,0.0,17.0,77,21.46,5.22,946.1,13.5,598.0,14.446397,75.90362
KA-DVG,2022-11-11,24.1,29.0,19.9,65,89,0.0,0.0,20.6,68,16.09,4.09,946.0,16.8,598.0,14.446397,75.90362
KA-DVG,2022-11-12,24.3,29.0,20.2,67,84,0.0,0.0,24.0,67,14.21,4.04,946.1,17.4,598.0,14.446397,75.90362
KA-DVG,2022-11-13,24.2,29.7,21.2,78,92,3.6,3.6,24.0,87,15.62,3.73,945.7,19.9,598.0,14.446397,75.90362
KA-DVG,2022-11-14,24.3,29.2,20.4,74,96,0.2,0.2,17.5,90,18.28,4.28,946.7,18.8,598.0,14.446397,75.90362
KA-DVG,2022-11-15,24.5,29.6,20.4,72,95,3.0,3.0,13.1,85,19.08,4.21,946.9,18.6,598.0,14.446397,75.90362
KA-DVG,2022-11-16,23.9,29.3,19.3,66,93,0.0,0.0,11.0,68,21.46,4.66,945.8,16.5,598.0,14.446397,75.90362
KA-DVG,2022-11-17,22.1,28.7,15.9,54,79,0.0,0.0,13.6,65,22.09,5.02,945.1,11.5,598.0,14.446397,75.90362
KA-DVG,2022-11-18,21.4,28.6,14.9,47,68,0.0,0.0,15.7,92,21.84,5.15,945.1,9.1,598.0,14.446397,75.90362
KA-DVG,2022-11-19,20.8,28.0,13.6,52,66,0.0,0.0,16.9,87,21.93,5.0,944.9,10.0,598.0,14.446397,75.90362
KA-DVG,2022-11-20,21.1,27.2,15.4,53,69,0.0,0.0,13.8,59,21.67,4.81,944.1,10.8,598.0,14.446397,75.90362
KA-DVG,2022-11-21,22.1,28.4,15.8,49,60,0.0,0.0,16.9,70,19.43,4.95,944.1,10.3,598.0,14.446397,75.90362
KA-DVG,2022-11-22,23.3,28.7,19.3,67,89,0.8,0.8,15.3,86,14.4,3.48,944.3,16.6,598.0,14.446397,75.90362
KA-DVG,2022-11-23,24.0,29.9,21.0,77,94,10.2,10.2,18.4,77,14.98,3.37,944.9,19.4,598.0,14.446397,75.90362
KA-DVG,2022-11-24,24.3,30.3,19.9,77,98,2.8,2.8,18.3,88,16.5,3.85,944.8,19.5,598.0,14.446397,75.90362
KA-DVG,2022-11-25,24.9,30.5,20.5,69,95,0.0,0.0,15.3,105,19.26,4.5,945.5,18.3,598.0,14.446397,75.90362
KA-DVG,2022-11-26,25.1,30.3,19.9,65,87,0.1,0.1,11.2,111,18.33,4.27,944.9,17.7,598.0,14.446397,75.90362
KA-DVG,2022-11-27,24.9,29.7,20.5,70,94,0.3,0.3,8.6,144,18.58,3.92,943.4,18.6,598.0,14.446397,75.90362
KA-DVG,2022-11-28,25.2,30.3,21.3,74,99,0.2,0.2,14.3,268,18.11,3.86,943.9,19.4,598.0,14.446397,75.90362
KA-DVG,2022-11-29,25.1,30.8,20.3,67,100,0.0,0.0,12.5,64,18.74,4.33,944.7,17.6,598.0,14.446397,75.90362
KA-DVG,2022-11-30,23.5,29.4,17.9,51,79,0.0,0.0,14.4,76,20.82,5.16,945.5,11.9,598.0,14.446397,75.90362
KA-DVG,2022-12-01,23.5,30.6,16.0,59,75,0.0,0.0,13.0,104,20.01,4.72,945.0,14.6,598.0,14.446397,75.90362
KA-DVG,2022-12-02,25.0,30.9,19.5,66,92,0.2,0.2,14.6,99,18.0,4.3,944.8,17.8,598.0,14.446397,75.90362
KA-DVG,2022-12-03,25.9,31.6,21.2,63,90,0.0,0.0,15.9,93,19.2,5.02,945.0,17.7,598.0,14.446397,75.90362
KA-DVG,2022-12-04,25.7,31.0,21.1,61,87,0.0,0.0,15.2,87,18.77,5.0,945.8,17.0,598.0,14.446397,75.90362
KA-DVG,2022-12-05,25.4,31.0,20.6,60,87,0.0,0.0,16.6,89,18.96,4.93,946.4,16.5,598.0,14.446397,75.90362
KA-DVG,2022-12-06,24.4,30.3,19.9,60,86,0.0,0.0,14.1,79,19.68,4.69,945.8,15.5,598.0,14.446397,75.90362
KA-DVG,2022-12-07,23.0,29.9,18.2,52,76,0.0,0.0,15.7,61,19.22,4.85,944.9,11.5,598.0,14.446397,75.90362
KA-DVG,2022-12-08,22.9,28.4,17.7,49,67,0.0,0.0,16.0,37,19.37,4.93,944.2,11.1,598.0,14.446397,75.90362
KA-DVG,2022-12-09,22.4,28.5,17.7,48,73,0.0,0.0,15.0,55,16.43,4.47,942.9,10.5,598.0,14.446397,75.90362
KA-DVG,2022-12-10,22.0,25.9,19.3,77,93,24.1,24.1,21.2,27,9.24,2.47,942.4,17.6,598.0,14.446397,75.90362
KA-DVG,2022-12-11,21.5,24.1,19.9,87,94,24.6,24.6,13.7,39,6.53,1.6,942.6,19.2,598.0,14.446397,75.90362
KA-DVG,2022-12-12,22.5,26.5,20.0,86,96,13.9,13.9,17.8,77,12.57,2.62,943.0,19.9,598.0,14.446397,75.90362
KA-DVG,2022-12-13,23.0,28.0,20.6,83,96,4.7,4.7,20.6,108,14.21,3.11,944.1,19.8,598.0,14.446397,75.90362
KA-DVG,2022-12-14,23.1,27.6,19.7,75,96,0.0,0.0,16.8,115,14.42,3.38,945.5,18.1,598.0,14.446397,75.90362
KA-DVG,2022-12-15,22.6,28.2,18.7,68,93,0.0,0.0,14.4,95,19.87,4.44,945.2,15.6,598.0,14.446397,75.90362
KA-DVG,2022-12-16,22.1,28.6,15.6,59,78,0.0,0.0,14.8,89,19.93,4.73,944.7,13.3,598.0,14.446397,75.90362
KA-DVG,2022-12-17,23.2,28.8,18.5,65,78,0.0,0.0,17.9,89,18.98,4.52,945.5,15.9,598.0,14.446397,75.90362
KA-DVG,2022-12-18,23.1,28.5,18.7,71,92,0.0,0.0,18.0,78,17.49,4.02,944.9,17.2,598.0,14.446397,75.90362
KA-DVG,2022-12-19,21.9,27.0,17.8,69,97,0.0,0.0,16.6,85,19.54,4.36,944.3,15.4,598.0,14.446397,75.90362
KA-DVG,2022-12-20,21.9,28.5,16.7,65,93,0.0,0.0,14.9,86,19.9,4.58,943.9,14.5,598.0,14.446397,75.90362
KA-DVG,2022-12-21,22.0,28.7,16.5,58,93,0.0,0.0,14.4,88,19.81,4.83,944.5,12.4,598.0,14.446397,75.90362
KA-DVG,2022-12-22,21.9,28.8,16.3,57,87,0.0,0.0,16.6,90,20.19,4.87,944.3,12.0,598.0,14.446397,75.90362
KA-DVG,2022-12-23,22.2,29.3,16.4,59,91,0.0,0.0,13.7,86,19.93,4.69,944.3,12.9,598.0,14.446397,75.90362
KA-DVG,2022-12-24,21.6,29.7,14.5,51,86,0.0,0.0,13.0,98,20.5,4.92,945.0,9.8,598.0,14.446397,75.90362
KA-DVG,2022-12-25,22.4,29.9,15.9,68,93,0.0,0.0,16.3,95,19.63,4.52,945.6,15.6,598.0,14.446397,75.90362
KA-DVG,2022-12-26,24.8,30.2,20.0,71,96,0.2,0.2,18.2,96,12.78,3.55,946.7,18.7,598.0,14.446397,75.90362
KA-DVG,2022-12-27,25.1,29.8,20.2,67,95,0.0,0.0,18.7,101,13.81,3.95,947.9,17.9,598.0,14.446397,75.90362
KA-DVG,2022-12-28,25.7,31.7,20.7,61,86,0.0,0.0,13.4,97,18.2,4.68,948.6,17.2,598.0,14.446397,75.90362
KA-DVG,2022-12-29,25.5,31.6,20.5,54,82,0.0,0.0,14.1,104,19.74,5.19,949.7,14.6,598.0,14.446397,75.90362
KA-DVG,2022-12-30,24.8,31.6,19.1,47,67,0.0,0.0,14.1,101,20.15,5.28,950.3,11.7,598.0,14.446397,75.90362
KA-DVG,2022-12-31,24.0,31.1,17.9,48,69,0.0,0.0,10.8,116,20.07,4.79,949.6,11.6,598.0,14.446397,75.90362
KA-DVG,2023-01-01,23.9,30.8,17.5,53,88,0.0,0.0,9.7,115,19.89,4.56,949.0,12.7,598.0,14.446397,75.90362
KA-DVG,2023-01-02,24.7,31.0,19.0,48,70,0.0,0.0,15.9,100,20.06,5.51,948.5,12.2,598.0,14.446397,75.90362
KA-DVG,2023-01-03,24.1,30.3,18.4,47,69,0.0,0.0,14.6,108,20.11,5.34,949.0,11.6,598.0,14.446397,75.90362
KA-DVG,2023-01-04,23.5,30.0,18.3,47,71,0.0,0.0,16.6,105,20.35,5.25,947.9,10.8,598.0,14.446397,75.90362
KA-DVG,2023-01-05,23.6,29.4,18.2,52,86,0.0,0.0,18.8,101,20.36,5.44,948.4,12.3,598.0,14.446397,75.90362
KA-DVG,2023-01-06,23.5,29.5,17.8,56,85,0.0,0.0,19.5,89,20.24,5.53,949.6,13.4,598.0,14.446397,75.90362
KA-DVG,2023-01-07,23.1,29.2,18.1,60,90,0.0,0.0,15.7,87,18.01,4.63,949.3,14.1,598.0,14.446397,75.90362
KA-DVG,2023-01-08,22.9,28.8,17.7,55,81,0.0,0.0,15.8,71,20.3,5.02,948.2,12.6,598.0,14.446397,75.90362
KA-DVG,2023-01-09,21.5,28.5,16.3,39,57,0.0,0.0,13.2,74,21.2,5.49,948.8,6.1,598.0,14.446397,75.90362
KA-DVG,2023-01-10,21.6,29.6,15.4,41,67,0.0,0.0,16.4,84,21.19,5.65,948.4,7.1,598.0,14.446397,75.90362
KA-DVG,2023-01-11,21.8,30.3,14.2,45,75,0.0,0.0,12.3,92,21.25,5.18,946.8,8.0,598.0,14.446397,75.90362
KA-DVG,2023-01-12,22.2,31.3,13.6,39,67,0.0,0.0,10.5,95,21.33,5.3,945.4,6.2,598.0,14.446397,75.90362
KA-DVG,2023-01-13,22.3,30.9,13.2,41,67,0.0,0.0,11.7,79,21.08,5.06,945.7,7.6,598.0,14.446397,75.90362
KA-DVG,2023-01-14,22.6,31.0,14.9,42,65,0.0,0.0,11.5,106,21.01,5.02,945.7,8.2,598.0,14.446397,75.90362
KA-DVG,2023-01-15,22.9,31.3,15.2,42,65,0.0,0.0,11.5,104,21.32,5.16,944.8,8.1,598.0,14.446397,75.90362
KA-DVG,2023-01-16,22.3,31.2,13.9,53,99,0.0,0.0,14.2,100,21.11,4.88,945.5,10.2,598.0,14.446397,75.90362
KA-DVG,2023-01-17,24.0,31.8,17.2,38,66,0.0,0.0,15.9,108,21.34,5.9,946.0,7.7,598.0,14.446397,75.90362
KA-DVG,2023-01-18,23.3,31.3,16.5,38,58,0.0,0.0,13.5,98,21.48,5.77,947.4,7.3,598.0,14.446397,75.90362
KA-DVG,2023-01-19,23.4,30.7,17.3,39,66,0.0,0.0,14.7,97,21.58,5.94,947.6,7.6,598.0,14.446397,75.90362
KA-DVG,2023-01-20,22.7,29.9,17.1,46,74,0.0,0.0,16.6,102,21.62,5.45,947.4,9.4,598.0,14.446397,75.90362
KA-DVG,2023-01-21,23.2,29.6,18.1,54,83,0.0,0.0,12.6,89,21.01,5.01,946.9,12.8,598.0,14.446397,75.90362
KA-DVG,2023-01-22,23.7,30.3,18.2,48,76,0.0,0.0,14.4,94,21.36,5.55,945.9,11.3,598.0,14.446397,75.90362
KA-DVG,2023-01-23,24.9,32.0,18.5,49,71,0.0,0.0,16.8,117,20.41,5.48,944.9,12.8,598.0,14.446397,75.90362
KA-DVG,2023-01-24,25.1,30.8,19.8,59,83,0.0,0.0,12.3,137,18.49,4.35,945.5,16.1,598.0,14.446397,75.90362
KA-DVG,2023-01-25,25.3,31.4,19.8,56,90,0.0,0.0,15.6,108,19.55,4.97,945.1,14.8,598.0,14.446397,75.90362
KA-DVG,2023-01-26,24.5,31.5,18.6,41,68,0.0,0.0,15.1,95,21.39,5.9,945.4,9.2,598.0,14.446397,75.90362
KA-DVG,2023-01-27,24.4,31.6,18.3,42,73,0.0,0.0,16.9,90,22.07,6.23,945.6,9.0,598.0,14.446397,75.90362
KA-DVG,2023-01-28,24.2,31.4,17.8,39,73,0.0,0.0,18.5,97,22.19,6.31,945.2,7.5,598.0,14.446397,75.90362
KA-DVG,2023-01-29,24.4,31.6,17.4,40,66,0.0,0.0,18.8,105,22.13,6.33,944.1,8.4,598.0,14.446397,75.90362
KA-DVG,2023-01-30,25.0,31.4,18.9,53,74,0.0,0.0,19.1,105,21.14,5.35,945.3,14.2,598.0,14.446397,75.90362
KA-DVG,2023-01-31,25.3,31.0,20.8,57,85,0.0,0.0,18.4,79,18.65,5.19,945.7,15.0,598.0,14.446397,75.90362
KA-DVG,2023-02-01,24.7,31.2,18.8,45,71,0.0,0.0,17.4,80,21.87,5.99,945.3,11.1,598.0,14.446397,75.90362
KA-DVG,2023-02-02,24.6,31.0,19.4,44,69,0.0,0.0,20.7,81,21.81,6.28,945.7,10.8,598.0,14.446397,75.90362
KA-DVG,2023-02-03,25.0,32.4,19.2,46,64,0.0,0.0,24.5,86,20.29,6.13,946.1,11.9,598.0,14.446397,75.90362
KA-DVG,2023-02-04,25.9,32.5,19.9,47,68,0.0,0.0,17.0,85,21.72,5.87,945.4,13.2,598.0,14.446397,75.90362
KA-DVG,2023-02-05,26.4,33.1,20.0,45,66,0.0,0.0,11.8,92,22.18,5.72,944.8,12.7,598.0,14.446397,75.90362
KA-DVG,2023-02-06,26.1,32.7,19.6,42,60,0.0,0.0,13.7,103,22.44,5.81,945.2,11.5,598.0,14.446397,75.90362
KA-DVG,2023-02-07,25.7,33.2,18.7,54,97,0.0,0.0,9.8,169,22.29,5.04,945.1,13.9,598.0,14.446397,75.90362
KA-DVG,2023-02-08,26.2,34.0,18.4,48,85,0.0,0.0,11.8,87,22.67,5.81,945.1,12.7,598.0,14.446397,75.90362
KA-DVG,2023-02-09,26.8,33.9,20.4,39,58,0.0,0.0,13.4,92,22.87,6.44,945.8,11.0,598.0,14.446397,75.90362
KA-DVG,2023-02-10,26.0,33.6,18.3,41,84,0.0,0.0,16.0,85,22.79,6.13,946.9,10.4,598.0,14.446397,75.90362
KA-DVG,2023-02-11,26.2,33.8,19.5,31,48,0.0,0.0,16.9,87,23.41,6.7,947.1,6.7,598.0,14.446397,75.90362
KA-DVG,2023-02-12,26.4,34.7,19.4,30,45,0.0,0.0,18.0,87,23.55,6.97,947.1,6.1,598.0,14.446397,75.90362
KA-DVG,2023-02-13,26.2,33.9,20.0,32,48,0.0,0.0,18.6,72,23.53,7.01,947.2,7.2,598.0,14.446397,75.90362
KA-DVG,2023-02-14,25.6,33.2,19.8,26,40,0.0,0.0,15.2,69,23.98,6.94,947.1,4.3,598.0,14.446397,75.90362
KA-DVG,2023-02-15,25.7,33.9,17.9,23,35,0.0,0.0,18.1,73,24.25,7.42,945.7,1.6,598.0,14.446397,75.90362
KA-DVG,2023-02-16,26.1,34.1,19.0,26,41,0.0,0.0,21.9,76,24.2,7.51,945.6,4.2,598.0,14.446397,75.90362
KA-DVG,2023-02-17,26.1,33.9,19.1,29,48,0.0,0.0,19.9,88,24.04,7.09,946.2,5.7,598.0,14.446397,75.90362
KA-DVG,2023-02-18,25.6,33.8,16.9,32,51,0.0,0.0,14.8,82,23.97,6.51,946.1,6.7,598.0,14.446397,75.90362
KA-DVG,2023-02-19,25.4,33.1,17.6,42,92,0.0,0.0,12.8,105,23.58,6.04,946.4,10.0,598.0,14.446397,75.90362
KA-DVG,2023-02-20,26.2,33.2,19.0,37,62,0.0,0.0,11.6,92,23.88,6.34,946.8,9.4,598.0,14.446397,75.90362
KA-DVG,2023-02-21,26.6,34.5,18.5,34,63,0.0,0.0,12.4,95,24.24,6.4,947.0,8.2,598.0,14.446397,75.90362
KA-DVG,2023-02-22,27.0,35.1,18.9,28,55,0.0,0.0,17.2,96,24.5,7.11,946.2,5.5,598.0,14.446397,75.90362
KA-DVG,2023-02-23,27.3,34.9,20.4,27,50,0.0,0.0,17.9,107,24.66,7.76,946.0,5.0,598.0,14.446397,75.90362
KA-DVG,2023-02-24,27.0,34.8,19.9,22,42,0.0,0.0,19.7,99,24.94,7.95,947.0,2.0,598.0,14.446397,75.90362
KA-DVG,2023-02-25,27.1,35.1,18.2,24,44,0.0,0.0,18.4,106,24.7,7.53,948.3,3.8,598.0,14.446397,75.90362
KA-DVG,2023-02-26,27.1,34.8,20.1,23,40,0.0,0.0,20.4,93,24.88,8.12,949.1,2.7,598.0,14.446397,75.90362
KA-DVG,2023-02-27,27.1,34.3,20.1,24,48,0.0,0.0,19.0,102,24.98,8.25,949.4,3.2,598.0,14.446397,75.90362
KA-DVG,2023-02-28,26.8,33.9,20.1,21,38,0.0,0.0,21.9,94,25.28,8.45,949.1,1.1,598.0,14.446397,75.90362
KA-DVG,2023-03-01,27.6,34.1,21.6,34,59,0.0,0.0,20.5,91,24.03,7.62,949.3,9.3,598.0,14.446397,75.90362
KA-DVG,2023-03-02,27.9,34.8,21.6,23,40,0.0,0.0,23.5,96,25.06,8.79,949.8,3.6,598.0,14.446397,75.90362
KA-DVG,2023-03-03,27.3,34.4,19.5,26,52,0.0,0.0,22.8,94,25.12,8.71,950.3,4.4,598.0,14.446397,75.90362
KA-DVG,2023-03-04,28.0,34.9,21.0,22,33,0.0,0.0,22.9,94,25.06,9.08,950.2,3.4,598.0,14.446397,75.90362
KA-DVG,2023-03-05,27.9,35.0,21.0,24,45,0.0,0.0,20.9,92,24.99,8.54,949.8,4.0,598.0,14.446397,75.90362
KA-DVG,2023-03-06,28.3,35.4,21.4,21,35,0.0,0.0,21.3,104,25.02,8.71,948.2,2.7,598.0,14.446397,75.90362
KA-DVG,2023-03-07,27.9,35.4,19.6,20,40,0.0,0.0,20.8,103,25.18,8.73,947.5,1.8,598.0,14.446397,75.90362
KA-DVG,2023-03-08,27.8,34.8,21.3,30,52,0.0,0.0,21.3,87,25.04,8.34,947.4,7.3,598.0,14.446397,75.90362
KA-DVG,2023-03-09,27.3,34.1,21.6,27,46,0.0,0.0,21.6,92,23.55,8.21,947.1,4.7,598.0,14.446397,75.90362
KA-DVG,2023-03-10,27.7,34.9,20.2,30,58,0.0,0.0,21.7,93,25.37,8.45,946.6,6.9,598.0,14.446397,75.90362
KA-DVG,2023-03-11,27.7,34.9,20.8,29,50,0.0,0.0,20.0,97,25.37,7.96,946.6,6.9,598.0,14.446397,75.90362
KA-DVG,2023-03-12,28.4,35.4,21.8,28,51,0.0,0.0,21.3,88,25.55,8.73,946.3,6.0,598.0,14.446397,75.90362
KA-DVG,2023-03-13,28.7,35.1,22.7,29,56,0.0,0.0,19.2,100,25.01,7.47,945.5,7.0,598.0,14.446397,75.90362
KA-DVG,2023-03-14,29.1,35.2,20.8,31,63,0.0,0.0,14.4,135,22.34,6.16,944.1,9.5,598.0,14.446397,75.90362
KA-DVG,2023-03-15,28.2,35.0,23.2,52,84,2.7,2.7,19.2,244,18.71,5.13,943.5,16.3,598.0,14.446397,75.90362
KA-DVG,2023-03-16,27.7,33.9,21.1,53,86,1.9,1.9,16.6,266,22.34,6.01,944.5,15.7,598.0,14.446397,75.90362
KA-DVG,2023-03-17,27.2,33.7,21.6,51,86,0.0,0.0,13.6,285,21.12,5.4,944.5,14.8,598.0,14.446397,75.90362
KA-DVG,2023-03-18,27.4,34.9,21.6,45,80,0.0,0.0,23.6,259,24.87,7.14,943.5,12.8,598.0,14.446397,75.90362
KA-DVG,2023-03-19,26.6,33.6,21.0,53,94,0.0,0.0,23.0,267,23.79,7.01,943.4,13.5,598.0,14.446397,75.90362
KA-DVG,2023-03-20,25.2,32.6,18.5,52,96,0.0,0.0,15.4,273,25.51,6.26,943.0,12.1,598.0,14.446397,75.90362
KA-DVG,2023-03-21,25.7,33.6,18.3,43,79,0.0,0.0,12.6,305,25.8,6.42,943.2,9.9,598.0,14.446397,75.90362
KA-DVG,2023-03-22,27.1,35.8,19.6,47,81,0.0,0.0,18.9,301,24.77,6.32,943.7,12.5,598.0,14.446397,75.90362
KA-DVG,2023-03-23,28.0,36.3,20.4,42,79,0.0,0.0,18.0,287,25.3,6.94,943.7,11.2,598.0,14.446397,75.90362
KA-DVG,2023-03-24,28.5,37.2,21.5,38,62,0.0,0.0,16.6,275,24.29,6.14,943.7,11.1,598.0,14.446397,75.90362
KA-DVG,2023-03-25,28.2,36.5,20.5,44,83,0.0,0.0,18.4,255,23.8,6.3,944.6,12.4,598.0,14.446397,75.90362
KA-DVG,2023-03-26,28.6,36.4,21.1,35,58,0.0,0.0,13.3,284,25.59,6.76,944.5,10.2,598.0,14.446397,75.90362
KA-DVG,2023-03-27,28.1,36.7,20.6,37,66,0.0,0.0,14.8,282,25.95,6.81,944.4,10.1,598.0,14.446397,75.90362
KA-DVG,2023-03-28,28.6,37.2,20.3,33,61,0.0,0.0,12.9,253,26.19,6.71,943.9,8.5,598.0,14.446397,75.90362
KA-DVG,2023-03-29,28.9,36.8,20.6,35,59,0.0,0.0,18.0,260,25.95,7.27,944.7,10.5,598.0,14.446397,75.90362
KA-DVG,2023-03-30,28.9,37.0,21.2,37,69,0.0,0.0,17.4,232,24.59,6.83,944.2,10.9,598.0,14.446397,75.90362
KA-DVG,2023-03-31,27.9,36.0,21.1,46,86,0.0,0.0,15.8,262,25.73,7.22,943.9,12.8,598.0,14.446397,75.90362
KA-DVG,2023-04-01,27.7,35.9,20.3,49,90,0.0,0.0,16.6,274,24.08,6.39,943.9,13.6,598.0,14.446397,75.90362
KA-DVG,2023-04-02,27.6,36.3,20.5,50,91,0.0,0.0,16.8,269,26.09,6.7,943.8,13.5,598.0,14.446397,75.90362
KA-DVG,2023-04-03,27.6,36.1,20.0,44,83,0.0,0.0,16.8,281,26.35,6.42,943.3,11.4,598.0,14.446397,75.90362
KA-DVG,2023-04-04,28.2,36.8,20.4,43,74,0.0,0.0,16.6,269,26.32,6.71,944.3,11.8,598.0,14.446397,75.90362
KA-DVG,2023-04-05,28.7,36.8,20.4,46,87,0.0,0.0,14.1,307,25.73,6.56,944.0,12.7,598.0,14.446397,75.90362
KA-DVG,2023-04-06,29.6,37.4,22.6,47,76,0.0,0.0,15.7,235,23.96,6.36,944.1,14.8,598.0,14.446397,75.90362
KA-DVG,2023-04-07,28.9,36.7,23.9,56,85,0.0,0.0,14.5,194,22.43,5.72,945.6,17.6,598.0,14.446397,75.90362
KA-DVG,2023-04-08,30.1,37.1,22.9,42,79,0.0,0.0,18.0,86,23.84,7.35,946.9,13.0,598.0,14.446397,75.90362
KA-DVG,2023-04-09,29.8,36.9,22.3,42,93,0.0,0.0,13.8,99,26.41,7.39,947.3,11.8,598.0,14.446397,75.90362
KA-DVG,2023-04-10,30.1,37.9,23.0,47,94,0.0,0.0,16.6,113,25.28,7.3,946.1,13.7,598.0,14.446397,75.90362
KA-DVG,2023-04-11,30.0,37.9,22.5,44,94,0.0,0.0,15.2,105,26.22,7.43,946.3,11.3,598.0,14.446397,75.90362
KA-DVG,2023-04-12,29.8,38.6,22.1,41,87,0.0,0.0,15.5,124,26.73,7.45,945.8,9.9,598.0,14.446397,75.90362
KA-DVG,2023-04-13,30.5,39.6,21.8,45,94,0.0,0.0,20.6,133,25.95,7.02,945.5,12.7,598.0,14.446397,75.90362
KA-DVG,2023-04-14,30.8,39.2,23.8,43,77,0.0,0.0,18.1,166,24.43,6.88,945.3,13.5,598.0,14.446397,75.90362
KA-DVG,2023-04-15,30.4,37.8,24.5,41,87,0.0,0.0,14.5,59,22.76,6.53,945.2,13.0,598.0,14.446397,75.90362
KA-DVG,2023-04-16,30.3,38.4,22.6,46,93,0.0,0.0,14.7,196,24.81,6.38,943.7,13.2,598.0,14.446397,75.90362
KA-DVG,2023-04-17,30.8,39.2,23.7,48,92,0.0,0.0,17.7,112,24.84,7.14,943.8,13.9,598.0,14.446397,75.90362
KA-DVG,2023-04-18,30.6,39.9,23.0,49,96,0.0,0.0,19.8,148,26.23,7.16,944.6,14.4,598.0,14.446397,75.90362
KA-DVG,2023-04-19,30.5,39.7,23.2,50,90,0.0,0.0,19.8,174,25.68,6.98,943.1,14.3,598.0,14.446397,75.90362
KA-DVG,2023-04-20,30.0,38.3,23.3,56,90,0.0,0.0,20.5,250,24.33,6.29,941.5,17.3,598.0,14.446397,75.90362
KA-DVG,2023-04-21,29.4,36.5,23.1,56,89,0.0,0.0,15.5,282,23.66,6.18,941.8,17.9,598.0,14.446397,75.90362
KA-DVG,2023-04-22,30.1,37.6,24.8,53,88,0.1,0.1,21.6,274,24.04,6.63,941.8,17.5,598.0,14.446397,75.90362
KA-DVG,2023-04-23,28.9,37.3,22.2,48,91,0.0,0.0,14.1,287,26.64,6.76,941.8,13.7,598.0,14.446397,75.90362
KA-DVG,2023-04-24,29.0,36.6,21.0,47,86,0.0,0.0,12.4,256,26.61,6.47,942.5,13.8,598.0,14.446397,75.90362
KA-DVG,2023-04-25,29.7,37.1,22.4,52,87,0.2,0.2,18.0,204,24.16,6.44,943.5,16.9,598.0,14.446397,75.90362
KA-DVG,2023-04-26,28.5,34.3,23.4,57,81,0.1,0.1,14.3,258,21.69,5.58,943.8,18.2,598.0,14.446397,75.90362
KA-DVG,2023-04-27,29.9,36.7,23.9,49,77,0.0,0.0,15.5,225,24.34,6.04,943.4,16.9,598.0,14.446397,75.90362
KA-DVG,2023-04-28,29.2,36.0,24.5,54,72,0.9,0.9,17.8,249,21.58,5.82,944.3,18.2,598.0,14.446397,75.90362
KA-DVG,2023-04-29,28.6,34.8,24.1,57,78,2.0,2.0,9.2,356,20.88,5.1,943.5,18.4,598.0,14.446397,75.90362
KA-DVG,2023-04-30,28.5,35.8,23.0,59,86,2.2,2.2,14.3,232,22.1,5.73,942.1,18.7,598.0,14.446397,75.90362
KA-DVG,2023-05-01,28.8,35.4,22.9,53,89,0.1,0.1,17.2,266,25.21,6.49,941.9,16.9,598.0,14.446397,75.90362
KA-DVG,2023-05-02,29.1,35.9,23.3,49,82,0.0,0.0,10.5,263,24.83,6.07,942.7,15.8,598.0,14.446397,75.90362
KA-DVG,2023-05-03,28.6,34.9,23.4,53,82,0.1,0.1,20.3,271,23.63,6.74,944.0,17.0,598.0,14.446397,75.90362
KA-DVG,2023-05-04,29.0,36.4,22.7,50,81,0.0,0.0,18.7,259,24.87,6.56,943.3,15.7,598.0,14.446397,75.90362
KA-DVG,2023-05-05,28.9,36.2,23.0,51,81,0.1,0.1,18.6,243,23.21,6.72,942.8,16.5,598.0,14.446397,75.90362
KA-DVG,2023-05-06,29.4,36.7,23.1,52,85,0.1,0.1,16.3,269,23.46,6.29,942.6,17.1,598.0,14.446397,75.90362
KA-DVG,2023-05-07,29.1,36.3,23.3,57,86,2.5,2.5,15.9,262,21.85,5.84,942.9,18.4,598.0,14.446397,75.90362
KA-DVG,2023-05-08,27.6,36.0,23.8,66,91,9.7,9.7,16.9,277,19.98,5.05,942.4,20.0,598.0,14.446397,75.90362
KA-DVG,2023-05-09,26.6,34.2,23.1,78,98,6.8,6.8,13.6,251,20.12,4.47,942.7,22.0,598.0,14.446397,75.90362
KA-DVG,2023-05-10,27.1,35.6,22.0,76,98,10.1,10.1,23.4,281,23.26,5.26,942.2,21.6,598.0,14.446397,75.90362
KA-DVG,2023-05-11,27.6,35.9,23.2,76,98,10.4,10.4,24.7,261,22.85,5.28,943.1,22.1,598.0,14.446397,75.90362
KA-DVG,2023-05-12,28.3,35.0,23.5,72,95,1.1,1.1,18.9,257,23.95,5.76,943.8,21.8,598.0,14.446397,75.90362
KA-DVG,2023-05-13,27.7,34.6,24.3,73,94,1.3,1.3,20.3,257,21.48,5.42,944.3,22.1,598.0,14.446397,75.90362
KA-DVG,2023-05-14,28.9,35.8,23.4,62,91,0.0,0.0,17.3,263,24.59,6.57,943.5,19.4,598.0,14.446397,75.90362
KA-DVG,2023-05-15,28.5,35.8,22.7,63,92,0.0,0.0,19.1,259,24.48,6.41,943.9,19.5,598.0,14.446397,75.90362
KA-DVG,2023-05-16,29.0,36.8,22.7,59,97,0.0,0.0,14.3,261,26.07,6.83,944.8,17.8,598.0,14.446397,75.90362
KA-DVG,2023-05-17,29.9,38.3,22.3,55,100,0.0,0.0,16.4,267,26.62,6.82,944.7,16.3,598.0,14.446397,75.90362
KA-DVG,2023-05-18,30.1,38.6,22.4,51,96,0.0,0.0,15.2,270,26.35,6.84,945.8,15.9,598.0,14.446397,75.90362
KA-DVG,2023-05-19,30.3,39.1,23.1,51,80,0.0,0.0,21.7,269,22.83,6.49,944.5,16.7,598.0,14.446397,75.90362
KA-DVG,2023-05-20,30.5,38.3,24.0,56,88,0.0,0.0,21.1,283,24.65,6.83,944.2,18.7,598.0,14.446397,75.90362
KA-DVG,2023-05-21,29.9,38.1,24.3,61,88,17.2,17.2,16.3,265,24.04,6.25,945.0,20.0,598.0,14.446397,75.90362
KA-DVG,2023-05-22,28.2,35.8,23.5,67,95,8.1,8.1,31.2,268,19.75,4.8,945.4,20.7,598.0,14.446397,75.90362
KA-DVG,2023-05-23,29.9,37.4,24.3,62,92,0.0,0.0,21.4,241,24.54,6.26,945.8,20.2,598.0,14.446397,75.90362
KA-DVG,2023-05-24,29.0,36.6,24.2,64,89,1.1,1.1,21.1,255,23.4,6.22,945.9,20.7,598.0,14.446397,75.90362
KA-DVG,2023-05-25,28.6,35.9,24.9,63,84,1.0,1.0,27.1,256,23.05,6.41,946.2,20.1,598.0,14.446397,75.90362
KA-DVG,2023-05-26,28.9,36.2,22.7,58,92,0.1,0.1,18.9,267,24.83,6.92,946.5,18.1,598.0,14.446397,75.90362
KA-DVG,2023-05-27,29.3,36.0,23.6,58,88,0.1,0.1,15.6,267,23.85,6.45,945.1,19.0,598.0,14.446397,75.90362
KA-DVG,2023-05-28,29.7,37.1,23.0,56,88,0.1,0.1,17.3,278,24.72,6.41,944.0,18.1,598.0,14.446397,75.90362
KA-DVG,2023-05-29,30.6,37.5,23.9,55,90,0.1,0.1,16.1,276,22.73,5.91,943.7,18.7,598.0,14.446397,75.90362
KA-DVG,2023-05-30,29.4,35.5,24.5,60,92,1.2,1.2,16.3,284,18.41,4.9,944.4,19.6,598.0,14.446397,75.90362
KA-DVG,2023-05-31,29.5,37.1,25.4,62,86,1.3,1.3,16.0,264,22.86,5.83,943.8,20.7,598.0,14.446397,75.90362
KA-DVG,2023-06-01,28.3,34.0,23.6,70,94,11.4,11.4,18.4,259,18.48,4.71,943.6,21.6,598.0,14.446397,75.90362
KA-DVG,2023-06-02,28.7,34.9,24.1,65,88,0.1,0.1,16.4,262,18.42,5.18,944.2,20.6,598.0,14.446397,75.90362
KA-DVG,2023-06-03,29.3,36.5,23.5,63,89,0.0,0.0,19.2,261,24.63,6.42,943.8,20.5,598.0,14.446397,75.90362
KA-DVG,2023-06-04,28.8,34.9,23.9,65,89,3.9,3.9,18.4,270,20.1,5.49,943.9,20.7,598.0,14.446397,75.90362
KA-DVG,2023-06-05,28.2,34.2,23.7,68,95,0.6,0.6,22.8,264,22.2,5.92,943.2,21.2,598.0,14.446397,75.90362
KA-DVG,2023-06-06,28.3,34.4,23.6,66,90,2.2,2.2,21.9,264,21.55,5.93,943.0,20.8,598.0,14.446397,75.90362
KA-DVG,2023-06-07,28.7,35.3,23.5,64,94,0.0,0.0,23.6,255,23.99,6.47,942.8,20.3,598.0,14.446397,75.90362
KA-DVG,2023-06-08,28.4,35.5,23.6,65,89,0.4,0.4,23.0,252,23.0,6.36,943.2,20.5,598.0,14.446397,75.90362
KA-DVG,2023-06-09,28.1,34.7,23.8,66,89,1.6,1.6,28.0,249,23.59,6.4,942.1,20.5,598.0,14.446397,75.90362
KA-DVG,2023-06-10,27.0,31.4,23.6,70,86,3.2,3.2,26.7,241,18.23,4.99,941.6,20.9,598.0,14.446397,75.90362
KA-DVG,2023-06-11,27.5,34.0,24.0,68,86,1.0,1.0,26.8,241,21.88,5.85,941.4,20.7,598.0,14.446397,75.90362
KA-DVG,2023-06-12,28.0,34.7,23.6,67,89,0.3,0.3,23.5,243,23.26,6.3,941.3,20.7,598.0,14.446397,75.90362
KA-DVG,2023-06-13,28.0,34.4,23.6,65,88,0.1,0.1,24.1,250,22.28,6.31,942.2,19.9,598.0,14.446397,75.90362
KA-DVG,2023-06-14,27.8,34.0,23.6,66,89,1.0,1.0,26.3,253,22.77,6.32,943.8,20.2,598.0,14.446397,75.90362
KA-DVG,2023-06-15,28.2,34.1,23.8,64,88,0.1,0.1,23.8,262,22.44,6.37,943.9,20.1,598.0,14.446397,75.90362
KA-DVG,2023-06-16,27.8,33.8,23.3,65,90,1.4,1.4,26.3,259,23.17,6.42,943.3,19.8,598.0,14.446397,75.90362
KA-DVG,2023-06-17,28.3,34.9,23.9,65,87,0.8,0.8,25.2,265,22.49,6.39,943.3,20.3,598.0,14.446397,75.90362
KA-DVG,2023-06-18,27.9,34.1,24.1,65,85,2.1,2.1,23.4,270,19.97,5.85,943.2,20.2,598.0,14.446397,75.90362
KA-DVG,2023-06-19,28.2,35.3,23.4,66,87,0.2,0.2,26.3,273,19.73,5.59,941.8,20.4,598.0,14.446397,75.90362
KA-DVG,2023-06-20,27.8,34.8,24.0,69,89,0.3,0.3,18.1,261,16.44,4.68,941.1,21.0,598.0,14.446397,75.90362
KA-DVG,2023-06-21,26.7,35.2,23.7,77,94,17.7,17.7,30.9,256,19.25,4.67,941.6,21.6,598.0,14.446397,75.90362
KA-DVG,2023-06-22,26.5,33.3,23.3,76,92,7.7,7.7,18.0,263,19.44,4.64,942.0,21.5,598.0,14.446397,75.90362
KA-DVG,2023-06-23,25.7,31.4,23.0,79,93,2.5,2.5,20.4,248,16.57,4.03,942.0,21.4,598.0,14.446397,75.90362
KA-DVG,2023-06-24,24.7,27.8,23.0,82,92,2.8,2.8,27.2,244,10.88,2.89,941.5,21.3,598.0,14.446397,75.90362
KA-DVG,2023-06-25,25.1,31.3,22.6,81,96,4.1,4.1,23.4,249,17.46,3.97,941.2,21.4,598.0,14.446397,75.90362
KA-DVG,2023-06-26,25.6,30.0,22.6,74,91,0.3,0.3,24.1,254,17.0,4.47,942.2,20.2,598.0,14.446397,75.90362
KA-DVG,2023-06-27,25.6,30.4,22.4,76,93,0.6,0.6,24.2,247,16.16,4.18,942.3,20.7,598.0,14.446397,75.90362
KA-DVG,2023-06-28,25.7,29.9,23.1,74,89,1.0,1.0,25.5,254,17.6,4.53,943.4,20.5,598.0,14.446397,75.90362
KA-DVG,2023-06-29,25.3,30.2,23.0,78,90,6.0,6.0,25.3,247,16.34,4.03,943.9,20.9,598.0,14.446397,75.90362
KA-DVG,2023-06-30,25.4,31.1,22.2,77,94,3.8,3.8,25.5,256,20.51,4.77,943.8,20.7,598.0,14.446397,75.90362
KA-DVG,2023-07-01,25.9,31.3,22.3,76,93,2.3,2.3,25.6,263,19.64,4.82,944.1,21.0,598.0,14.446397,75.90362
KA-DVG,2023-07-02,25.8,31.5,22.9,77,91,2.6,2.6,27.0,269,20.91,4.96,943.3,21.2,598.0,14.446397,75.90362
KA-DVG,2023-07-03,25.2,31.0,22.5,79,91,6.6,6.6,26.2,258,16.81,4.1,941.9,21.1,598.0,14.446397,75.90362
KA-DVG,2023-07-04,24.0,28.1,22.5,88,96,29.6,29.6,26.3,258,13.58,2.86,939.6,21.8,598.0,14.446397,75.90362
KA-DVG,2023-07-05,23.8,27.2,21.7,86,95,3.3,3.3,30.1,253,14.64,3.11,938.6,21.2,598.0,14.446397,75.90362
KA-DVG,2023-07-06,22.6,23.7,21.3,93,94,33.5,33.5,21.1,248,6.69,1.45,940.8,21.3,598.0,14.446397,75.90362
KA-DVG,2023-07-07,23.7,27.7,21.1,85,95,13.9,13.9,26.9,238,19.44,3.87,942.5,20.9,598.0,14.446397,75.90362
KA-DVG,2023-07-08,23.6,27.0,21.7,85,93,2.0,2.0,23.3,240,12.82,2.84,943.6,21.0,598.0,14.446397,75.90362
KA-DVG,2023-07-09,24.3,27.7,21.8,84,93,3.2,3.2,21.8,251,13.36,3.05,943.5,21.2,598.0,14.446397,75.90362
KA-DVG,2023-07-10,25.1,29.1,22.4,81,97,2.6,2.6,20.5,258,14.24,3.46,943.1,21.3,598.0,14.446397,75.90362
KA-DVG,2023-07-11,24.7,28.5,22.5,83,95,5.6,5.6,22.0,267,16.38,3.54,942.8,21.4,598.0,14.446397,75.90362
KA-DVG,2023-07-12,24.6,28.9,22.4,83,94,5.7,5.7,19.5,260,18.15,3.87,942.1,21.3,598.0,14.446397,75.90362
KA-DVG,2023-07-13,24.0,28.6,21.8,85,95,10.1,10.1,20.5,254,14.82,3.25,942.5,21.2,598.0,14.446397,75.90362
KA-DVG,2023-07-14,24.1,28.6,21.9,85,95,4.6,4.6,26.2,261,15.47,3.37,943.6,21.3,598.0,14.446397,75.90362
KA-DVG,2023-07-15,24.6,29.5,22.3,83,93,3.4,3.4,21.4,262,18.55,3.95,943.8,21.4,598.0,14.446397,75.90362
KA-DVG,2023-07-16,25.0,29.3,22.5,80,93,1.0,1.0,18.7,266,16.41,3.83,943.1,21.2,598.0,14.446397,75.90362
KA-DVG,2023-07-17,24.4,28.6,22.3,82,92,1.7,1.7,24.6,257,15.53,3.53,942.5,21.1,598.0,14.446397,75.90362
KA-DVG,2023-07-18,23.6,26.0,21.5,84,93,4.9,4.9,30.8,253,11.73,2.83,941.8,20.7,598.0,14.446397,75.90362
KA-DVG,2023-07-19,22.7,25.1,21.3,89,94,8.7,8.7,29.5,256,8.63,2.03,940.2,20.7,598.0,14.446397,75.90362
KA-DVG,2023-07-20,22.8,24.4,21.4,89,94,6.9,6.9,27.9,255,7.92,1.93,940.3,20.8,598.0,14.446397,75.90362
KA-DVG,2023-07-21,23.5,27.1,21.4,86,95,4.0,4.0,28.6,261,12.59,2.86,941.3,20.9,598.0,14.446397,75.90362
KA-DVG,2023-07-22,22.9,24.6,21.9,91,95,12.9,12.9,27.8,259,7.72,1.73,942.4,21.3,598.0,14.446397,75.90362
KA-DVG,2023-07-23,23.1,25.2,22.0,90,94,17.7,17.7,26.1,256,8.89,2.0,942.4,21.4,598.0,14.446397,75.90362
KA-DVG,2023-07-24,23.4,26.1,21.7,87,94,8.2,8.2,27.2,256,15.1,3.08,942.0,21.0,598.0,14.446397,75.90362
KA-DVG,2023-07-25,22.5,23.7,21.6,92,95,14.1,14.1,23.2,261,6.19,1.42,942.5,21.2,598.0,14.446397,75.90362
KA-DVG,2023-07-26,22.5,23.9,21.4,92,95,17.9,17.9,25.2,259,7.67,1.63,943.3,21.1,598.0,14.446397,75.90362
KA-DVG,2023-07-27,22.5,24.2,21.5,91,95,11.5,11.5,27.8,271,9.41,1.93,943.7,21.0,598.0,14.446397,75.90362
KA-DVG,2023-07-28,24.0,28.4,21.0,83,94,3.5,3.5,29.3,269,19.63,4.09,943.7,20.8,598.0,14.446397,75.90362
KA-DVG,2023-07-29,24.5,28.3,22.0,79,93,1.1,1.1,27.6,274,22.29,4.74,944.0,20.5,598.0,14.446397,75.90362
KA-DVG,2023-07-30,24.6,28.1,22.1,80,93,1.4,1.4,25.6,270,20.73,4.43,943.6,20.7,598.0,14.446397,75.90362
KA-DVG,2023-07-31,25.0,28.9,22.7,79,92,1.7,1.7,26.3,266,21.51,4.74,943.2,20.9,598.0,14.446397,75.90362
KA-DVG,2023-08-01,24.6,28.6,22.2,79,96,1.8,1.8,29.5,263,21.25,4.64,943.4,20.6,598.0,14.446397,75.90362
KA-DVG,2023-08-02,24.6,28.3,22.3,79,92,1.9,1.9,29.2,262,20.7,4.55,943.8,20.6,598.0,14.446397,75.90362
KA-DVG,2023-08-03,24.5,28.5,22.5,78,91,0.7,0.7,29.9,263,20.37,4.6,943.5,20.3,598.0,14.446397,75.90362
KA-DVG,2023-08-04,24.8,28.6,22.3,80,90,2.2,2.2,27.8,263,21.38,4.56,944.8,20.9,598.0,14.446397,75.90362
KA-DVG,2023-08-05,24.9,28.9,22.2,80,92,1.0,1.0,22.7,261,21.4,4.61,946.1,20.9,598.0,14.446397,75.90362
KA-DVG,2023-08-06,25.1,28.9,22.5,78,92,2.2,2.2,22.8,263,20.3,4.57,945.3,20.8,598.0,14.446397,75.90362
KA-DVG,2023-08-07,25.3,29.4,22.6,77,91,0.6,0.6,23.1,264,20.93,4.81,943.7,20.7,598.0,14.446397,75.90362
KA-DVG,2023-08-08,25.1,29.4,22.3,78,92,1.1,1.1,22.7,264,19.84,4.5,943.8,20.7,598.0,14.446397,75.90362
KA-DVG,2023-08-09,25.4,30.0,21.7,78,95,1.5,1.5,16.5,272,22.33,4.85,945.2,20.9,598.0,14.446397,75.90362
KA-DVG,2023-08-10,25.4,29.9,22.0,79,96,1.0,1.0,17.2,276,20.65,4.58,945.6,21.2,598.0,14.446397,75.90362
KA-DVG,2023-08-11,25.5,30.4,21.2,77,98,0.6,0.6,15.3,285,23.03,5.1,944.8,20.7,598.0,14.446397,75.90362
KA-DVG,2023-08-12,25.3,30.2,21.3,79,98,1.6,1.6,21.0,273,21.62,4.75,944.7,21.0,598.0,14.446397,75.90362
KA-DVG,2023-08-13,25.1,29.7,21.5,77,96,1.1,1.1,20.9,271,22.06,4.88,944.1,20.5,598.0,14.446397,75.90362
KA-DVG,2023-08-14,24.9,29.6,21.1,75,97,0.2,0.2,15.7,268,21.09,4.81,944.4,19.7,598.0,14.446397,75.90362
KA-DVG,2023-08-15,24.9,29.9,21.6,75,93,0.9,0.9,20.2,259,21.48,4.84,944.6,19.8,598.0,14.446397,75.90362
KA-DVG,2023-08-16,25.4,30.5,21.4,76,95,0.2,0.2,20.9,265,24.01,5.3,944.7,20.5,598.0,14.446397,75.90362
KA-DVG,2023-08-17,25.1,30.1,21.4,77,97,1.5,1.5,23.1,271,23.44,5.23,944.7,20.3,598.0,14.446397,75.90362
KA-DVG,2023-08-18,24.9,29.6,21.5,76,95,1.1,1.1,23.4,269,20.59,4.8,943.5,20.1,598.0,14.446397,75.90362
KA-DVG,2023-08-19,24.1,27.4,22.4,82,93,5.6,5.6,25.2,262,15.07,3.38,942.9,20.8,598.0,14.446397,75.90362
KA-DVG,2023-08-20,25.2,29.6,22.0,78,93,1.7,1.7,21.8,269,22.98,5.03,942.7,20.8,598.0,14.446397,75.90362
KA-DVG,2023-08-21,25.6,30.5,21.7,75,95,1.2,1.2,15.5,276,22.48,5.07,942.8,20.4,598.0,14.446397,75.90362
KA-DVG,2023-08-22,25.7,30.8,21.5,75,97,0.2,0.2,19.1,267,24.67,5.46,942.8,20.5,598.0,14.446397,75.90362
KA-DVG,2023-08-23,25.1,30.2,21.0,76,98,1.3,1.3,17.6,262,21.13,4.76,943.1,20.2,598.0,14.446397,75.90362
KA-DVG,2023-08-24,25.2,30.7,20.3,74,96,0.7,0.7,19.4,261,22.83,5.24,942.8,19.7,598.0,14.446397,75.90362
KA-DVG,2023-08-25,25.1,30.2,21.5,79,94,4.8,4.8,19.6,250,19.63,4.36,943.1,21.0,598.0,14.446397,75.90362
KA-DVG,2023-08-26,24.4,28.8,22.4,85,96,13.4,13.4,17.7,261,16.12,3.32,944.0,21.7,598.0,14.446397,75.90362
KA-DVG,2023-08-27,25.5,30.7,21.1,74,97,0.0,0.0,17.1,266,21.97,5.12,944.5,19.9,598.0,14.446397,75.90362
KA-DVG,2023-08-28,25.0,30.5,20.9,79,98,2.9,2.9,20.7,268,22.63,4.85,944.2,20.7,598.0,14.446397,75.90362
KA-DVG,2023-08-29,25.2,30.6,21.4,77,96,1.1,1.1,21.4,276,22.6,4.93,943.6,20.7,598.0,14.446397,75.90362
KA-DVG,2023-08-30,25.6,30.6,21.6,75,97,1.4,1.4,16.2,275,22.91,5.09,943.7,20.5,598.0,14.446397,75.90362
KA-DVG,2023-08-31,25.6,31.2,22.1,79,96,6.8,6.8,15.9,274,22.02,4.75,943.5,21.3,598.0,14.446397,75.90362
KA-DVG,2023-09-01,26.1,31.8,22.3,79,97,6.0,6.0,12.9,281,22.92,4.97,943.4,21.8,598.0,14.446397,75.90362
KA-DVG,2023-09-02,26.1,30.9,22.2,75,95,0.6,0.6,18.3,269,21.48,5.04,943.3,20.9,598.0,14.446397,75.90362
KA-DVG,2023-09-03,25.3,30.4,21.3,75,96,2.6,2.6,16.8,269,19.03,4.52,942.4,20.0,598.0,14.446397,75.90362
KA-DVG,2023-09-04,23.2,24.5,22.2,88,96,10.6,10.6,17.1,276,6.38,1.61,941.4,21.1,598.0,14.446397,75.90362
KA-DVG,2023-09-05,23.2,27.7,21.8,88,96,24.5,24.5,16.6,266,9.12,2.11,941.0,21.0,598.0,14.446397,75.90362
KA-DVG,2023-09-06,24.9,29.6,21.9,80,98,1.7,1.7,18.4,267,22.26,4.8,941.2,20.9,598.0,14.446397,75.90362
KA-DVG,2023-09-07,25.1,29.4,22.2,78,94,2.0,2.0,24.9,259,21.59,4.8,941.9,20.7,598.0,14.446397,75.90362
KA-DVG,2023-09-08,25.0,29.1,22.3,79,93,1.6,1.6,25.6,256,19.11,4.38,942.7,20.8,598.0,14.446397,75.90362
KA-DVG,2023-09-09,25.5,29.4,22.8,78,94,1.1,1.1,24.9,260,20.63,4.66,942.4,21.3,598.0,14.446397,75.90362
KA-DVG,2023-09-10,25.5,30.2,22.8,77,91,0.6,0.6,25.0,264,21.2,4.85,942.0,20.9,598.0,14.446397,75.90362
KA-DVG,2023-09-11,25.4,30.3,22.5,77,93,2.5,2.5,21.3,266,21.4,4.81,942.6,20.9,598.0,14.446397,75.90362
KA-DVG,2023-09-12,25.3,29.7,22.3,77,94,0.6,0.6,23.4,269,22.11,4.93,943.1,20.7,598.0,14.446397,75.90362
KA-DVG,2023-09-13,25.5,30.7,22.6,76,93,1.2,1.2,21.4,263,22.73,5.08,942.8,20.7,598.0,14.446397,75.90362
KA-DVG,2023-09-14,24.8,30.4,22.2,80,93,3.9,3.9,23.2,249,19.49,4.27,942.8,20.8,598.0,14.446397,75.90362
KA-DVG,2023-09-15,24.8,30.0,22.7,81,91,11.1,11.1,21.1,249,18.96,4.1,942.8,21.2,598.0,14.446397,75.90362
KA-DVG,2023-09-16,25.0,30.1,22.6,81,93,1.3,1.3,23.1,256,19.35,4.25,943.1,21.2,598.0,14.446397,75.90362
KA-DVG,2023-09-17,25.2,28.8,22.4,80,94,5.7,5.7,23.6,255,20.15,4.36,942.8,21.3,598.0,14.446397,75.90362
KA-DVG,2023-09-18,25.4,30.2,22.2,78,94,2.9,2.9,23.4,251,22.55,4.97,942.6,21.0,598.0,14.446397,75.90362
KA-DVG,2023-09-19,25.2,30.2,22.1,79,93,3.6,3.6,20.5,253,20.37,4.47,943.9,21.0,598.0,14.446397,75.90362
KA-DVG,2023-09-20,25.0,30.7,22.0,80,95,1.7,1.7,22.4,250,18.31,4.1,944.2,21.1,598.0,14.446397,75.90362
KA-DVG,2023-09-21,25.5,30.8,22.1,80,96,4.1,4.1,16.9,259,19.31,4.29,944.1,21.5,598.0,14.446397,75.90362
KA-DVG,2023-09-22,25.9,30.6,22.6,77,93,5.6,5.6,16.9,266,20.76,4.68,943.7,21.2,598.0,14.446397,75.90362
KA-DVG,2023-09-23,26.0,30.9,22.9,76,93,1.4,1.4,19.7,261,20.32,4.71,944.0,21.2,598.0,14.446397,75.90362
KA-DVG,2023-09-24,25.5,30.0,22.3,77,94,5.3,5.3,20.6,269,19.48,4.55,944.3,20.9,598.0,14.446397,75.90362
KA-DVG,2023-09-25,25.6,30.9,22.5,76,92,4.8,4.8,21.5,272,20.96,4.84,943.4,20.6,598.0,14.446397,75.90362
KA-DVG,2023-09-26,25.0,30.5,22.4,80,93,3.7,3.7,17.2,260,17.84,4.03,942.7,21.0,598.0,14.446397,75.90362
KA-DVG,2023-09-27,24.7,30.0,22.3,81,92,16.5,16.5,18.2,254,16.88,3.77,942.5,21.0,598.0,14.446397,75.90362
KA-DVG,2023-09-28,24.7,29.9,22.0,83,94,20.8,20.8,18.3,232,18.76,3.9,941.9,21.5,598.0,14.446397,75.90362
KA-DVG,2023-09-29,25.0,30.3,22.6,80,93,9.7,9.7,25.3,227,19.94,4.36,942.0,21.0,598.0,14.446397,75.90362
KA-DVG,2023-09-30,25.4,30.2,22.5,77,90,1.3,1.3,26.2,224,19.46,4.58,942.3,20.8,598.0,14.446397,75.90362
KA-DVG,2023-10-01,25.1,29.4,22.5,78,90,2.1,2.1,29.6,239,19.84,4.59,942.2,20.8,598.0,14.446397,75.90362
KA-DVG,2023-10-02,25.5,30.4,22.2,73,91,1.7,1.7,19.9,269,21.8,5.11,943.6,20.0,598.0,14.446397,75.90362
KA-DVG,2023-10-03,25.3,30.5,20.8,75,97,0.7,0.7,16.1,262,22.09,4.85,944.7,19.9,598.0,14.446397,75.90362
KA-DVG,2023-10-04,25.3,30.8,21.1,77,98,1.1,1.1,10.1,270,20.88,4.49,945.2,20.4,598.0,14.446397,75.90362
KA-DVG,2023-10-05,25.6,30.8,22.1,77,96,1.3,1.3,15.1,267,20.67,4.57,944.8,20.8,598.0,14.446397,75.90362
KA-DVG,2023-10-06,26.3,31.5,22.5,73,93,1.0,1.0,13.7,272,21.12,4.67,944.0,20.5,598.0,14.446397,75.90362
KA-DVG,2023-10-07,26.6,31.8,21.6,70,97,0.3,0.3,9.3,301,21.89,4.78,944.0,19.9,598.0,14.446397,75.90362
KA-DVG,2023-10-08,27.3,32.9,22.5,68,98,0.3,0.3,12.6,298,22.37,5.1,945.0,19.8,598.0,14.446397,75.90362
KA-DVG,2023-10-09,27.2,32.6,22.5,71,96,0.4,0.4,15.2,262,22.1,4.97,946.5,20.5,598.0,14.446397,75.90362
KA-DVG,2023-10-10,27.5,32.6,23.1,71,96,0.6,0.6,11.7,267,21.17,4.74,946.1,21.0,598.0,14.446397,75.90362
KA-DVG,2023-10-11,27.7,33.0,23.5,70,98,0.3,0.3,12.5,281,21.41,4.93,945.7,20.7,598.0,14.446397,75.90362
KA-DVG,2023-10-12,27.5,33.7,22.5,68,99,0.5,0.5,13.3,143,21.12,5.04,946.3,20.1,598.0,14.446397,75.90362
KA-DVG,2023-10-13,27.7,34.7,21.3,54,95,0.0,0.0,14.6,82,21.28,5.6,946.7,15.7,598.0,14.446397,75.90362
KA-DVG,2023-10-14,27.6,35.0,21.2,56,95,0.0,0.0,21.6,55,22.87,5.77,946.8,16.0,598.0,14.446397,75.90362
KA-DVG,2023-10-15,27.8,33.7,22.0,62,99,0.2,0.2,11.6,233,21.33,5.06,945.5,18.4,598.0,14.446397,75.90362
KA-DVG,2023-10-16,26.9,33.5,22.7,70,93,1.9,1.9,19.7,235,17.49,4.31,945.3,20.2,598.0,14.446397,75.90362
KA-DVG,2023-10-17,26.6,32.7,21.4,71,95,33.8,33.8,13.3,185,20.07,4.55,946.4,19.9,598.0,14.446397,75.90362
KA-DVG,2023-10-18,28.0,34.6,22.2,57,100,0.0,0.0,16.4,74,21.57,5.78,946.6,16.7,598.0,14.446397,75.90362
KA-DVG,2023-10-19,28.2,34.8,21.5,43,72,0.0,0.0,13.0,88,22.06,6.12,946.6,13.3,598.0,14.446397,75.90362
KA-DVG,2023-10-20,27.9,34.6,20.8,43,79,0.0,0.0,12.4,89,21.9,6.01,946.4,13.0,598.0,14.446397,75.90362
KA-DVG,2023-10-21,27.5,33.9,21.1,58,99,0.0,0.0,13.0,73,21.31,5.59,946.9,16.8,598.0,14.446397,75.90362
KA-DVG,2023-10-22,27.8,34.0,21.3,50,100,0.0,0.0,13.9,42,22.18,5.8,947.1,14.8,598.0,14.446397,75.90362
KA-DVG,2023-10-23,27.7,33.8,22.8,35,58,0.0,0.0,14.5,67,23.4,6.53,946.5,10.2,598.0,14.446397,75.90362
KA-DVG,2023-10-24,27.0,33.3,20.3,38,66,0.0,0.0,17.0,48,23.41,6.15,946.2,10.2,598.0,14.446397,75.90362
KA-DVG,2023-10-25,27.7,33.7,21.8,32,47,0.0,0.0,15.9,62,23.53,7.19,947.1,8.6,598.0,14.446397,75.90362
KA-DVG,2023-10-26,27.2,33.2,21.2,34,49,0.0,0.0,17.2,61,23.29,6.84,947.1,9.2,598.0,14.446397,75.90362
KA-DVG,2023-10-27,26.9,33.1,21.5,34,47,0.0,0.0,17.7,69,23.03,6.51,945.9,9.5,598.0,14.446397,75.90362
KA-DVG,2023-10-28,27.2,33.5,20.2,47,57,0.1,0.1,10.7,92,21.52,5.55,945.7,14.6,598.0,14.446397,75.90362
KA-DVG,2023-10-29,27.0,33.2,22.6,66,92,3.8,3.8,16.8,92,18.64,4.67,945.7,19.3,598.0,14.446397,75.90362
KA-DVG,2023-10-30,26.2,32.1,21.6,69,93,2.3,2.3,17.2,81,19.97,4.69,945.9,19.3,598.0,14.446397,75.90362
KA-DVG,2023-10-31,26.2,31.8,21.5,66,92,0.3,0.3,16.9,74,19.41,4.83,946.2,18.7,598.0,14.446397,75.90362
KA-DVG,2023-11-01,27.1,32.2,21.7,59,87,0.0,0.0,15.0,89,19.85,5.05,946.4,17.7,598.0,14.446397,75.90362
KA-DVG,2023-11-02,27.3,32.8,22.2,57,80,0.0,0.0,11.2,80,18.99,5.02,945.7,17.7,598.0,14.446397,75.90362
KA-DVG,2023-11-03,27.6,33.3,22.9,61,83,0.4,0.4,15.6,84,20.15,5.18,944.2,18.9,598.0,14.446397,75.90362
KA-DVG,2023-11-04,27.2,32.8,21.9,64,93,0.3,0.3,16.1,77,19.07,5.0,944.2,18.9,598.0,14.446397,75.90362
KA-DVG,2023-11-05,26.0,32.8,22.1,71,94,9.0,9.0,15.9,91,17.36,4.43,945.4,19.6,598.0,14.446397,75.90362
KA-DVG,2023-11-06,24.3,29.4,20.8,84,97,13.0,13.0,9.8,101,14.52,3.1,946.8,21.2,598.0,14.446397,75.90362
KA-DVG,2023-11-07,25.2,29.9,20.3,76,99,1.9,1.9,10.4,104,17.15,3.77,946.5,20.3,598.0,14.446397,75.90362
KA-DVG,2023-11-08,24.5,29.7,21.2,83,97,18.4,18.4,7.2,106,17.56,3.59,946.6,21.2,598.0,14.446397,75.90362
KA-DVG,2023-11-09,24.4,29.5,21.1,83,97,23.3,23.3,15.2,85,17.44,3.65,946.9,20.9,598.0,14.446397,75.90362
KA-DVG,2023-11-10,25.3,29.9,21.3,72,95,0.3,0.3,16.5,90,20.27,4.71,947.8,19.5,598.0,14.446397,75.90362
KA-DVG,2023-11-11,25.3,30.0,21.9,55,71,0.0,0.0,18.6,91,21.24,5.77,948.0,15.2,598.0,14.446397,75.90362
KA-DVG,2023-11-12,24.7,29.9,20.4,58,74,0.0,0.0,19.4,93,21.17,5.38,948.2,15.6,598.0,14.446397,75.90362
KA-DVG,2023-11-13,24.2,29.6,20.0,56,69,0.0,0.0,20.3,89,20.6,5.28,947.6,14.6,598.0,14.446397,75.90362
KA-DVG,2023-11-14,24.4,29.5,20.2,59,74,0.0,0.0,14.8,95,18.52,4.79,947.0,15.7,598.0,14.446397,75.90362
KA-DVG,2023-11-15,24.9,30.9,19.9,67,95,0.0,0.0,14.1,82,19.77,4.51,946.6,17.8,598.0,14.446397,75.90362
KA-DVG,2023-11-16,25.5,31.1,20.4,64,87,0.1,0.1,11.9,71,19.43,4.35,946.6,17.6,598.0,14.446397,75.90362
KA-DVG,2023-11-17,26.0,31.3,21.2,55,68,0.0,0.0,13.4,86,20.49,5.18,946.5,15.9,598.0,14.446397,75.90362
KA-DVG,2023-11-18,26.2,31.9,21.0,59,80,0.1,0.1,13.6,90,19.4,4.79,946.3,17.1,598.0,14.446397,75.90362
KA-DVG,2023-11-19,26.4,32.0,21.7,56,80,0.0,0.0,15.9,94,19.78,5.41,946.6,16.4,598.0,14.446397,75.90362
KA-DVG,2023-11-20,25.9,31.5,21.2,52,73,0.0,0.0,16.2,74,20.41,5.48,946.7,14.9,598.0,14.446397,75.90362
KA-DVG,2023-11-21,25.9,31.2,20.7,58,83,0.0,0.0,16.9,58,15.91,4.37,946.0,16.7,598.0,14.446397,75.90362
KA-DVG,2023-11-22,26.9,32.8,21.7,64,91,0.0,0.0,17.3,75,17.83,4.76,945.4,18.6,598.0,14.446397,75.90362
KA-DVG,2023-11-23,25.7,31.7,22.0,74,92,3.3,3.3,16.8,107,17.65,4.06,944.4,20.2,598.0,14.446397,75.90362
KA-DVG,2023-11-24,26.3,32.1,21.5,67,91,0.0,0.0,17.1,109,18.91,4.59,944.5,19.0,598.0,14.446397,75.90362
KA-DVG,2023-11-25,25.8,31.6,21.5,69,92,0.9,0.9,19.8,91,16.6,4.3,946.1,19.3,598.0,14.446397,75.90362
KA-DVG,2023-11-26,25.8,31.0,21.7,61,88,0.0,0.0,19.6,104,17.94,5.19,946.8,17.0,598.0,14.446397,75.90362
KA-DVG,2023-11-27,25.2,30.4,20.2,64,80,0.5,0.5,19.0,109,17.19,4.41,945.8,17.5,598.0,14.446397,75.90362
KA-DVG,2023-11-28,25.9,31.8,20.8,66,93,0.1,0.1,11.9,115,19.02,4.45,944.8,18.5,598.0,14.446397,75.90362
KA-DVG,2023-11-29,26.4,32.1,21.7,61,82,0.0,0.0,19.1,94,19.48,5.15,945.2,17.9,598.0,14.446397,75.90362
KA-DVG,2023-11-30,26.5,31.7,21.3,63,91,0.1,0.1,17.3,114,17.96,4.75,945.8,18.2,598.0,14.446397,75.90362
KA-DVG,2023-12-01,26.1,31.9,20.8,65,91,0.0,0.0,15.5,84,18.17,4.57,945.6,18.5,598.0,14.446397,75.90362
KA-DVG,2023-12-02,26.3,32.5,21.6,59,87,0.0,0.0,16.6,86,19.76,5.35,944.6,16.7,598.0,14.446397,75.90362
KA-DVG,2023-12-03,26.1,32.2,21.4,64,88,0.0,0.0,22.8,77,16.48,4.87,944.7,17.9,598.0,14.446397,75.90362
KA-DVG,2023-12-04,25.4,30.6,20.3,65,93,0.1,0.1,22.7,45,13.3,3.89,943.5,17.7,598.0,14.446397,75.90362
KA-DVG,2023-12-05,25.6,31.3,21.0,63,86,0.0,0.0,15.2,5,14.39,3.93,942.7,17.5,598.0,14.446397,75.90362
KA-DVG,2023-12-06,25.4,31.7,19.2,61,94,0.0,0.0,11.2,298,19.52,4.36,943.9,16.2,598.0,14.446397,75.90362
KA-DVG,2023-12-07,25.8,32.3,19.5,60,91,0.0,0.0,9.6,69,18.59,4.21,944.7,16.8,598.0,14.446397,75.90362
KA-DVG,2023-12-08,26.1,31.6,21.6,65,89,0.5,0.5,14.0,69,17.88,4.4,945.5,18.5,598.0,14.446397,75.90362
KA-DVG,2023-12-09,26.2,31.2,22.2,67,89,4.0,4.0,15.2,83,15.96,4.03,946.5,19.2,598.0,14.446397,75.90362
KA-DVG,2023-12-10,26.7,31.5,22.6,61,89,2.0,2.0,16.3,87,15.01,4.47,945.7,17.8,598.0,14.446397,75.90362
KA-DVG,2023-12-11,26.4,31.2,22.0,57,81,0.0,0.0,15.1,86,15.97,4.38,946.0,16.7,598.0,14.446397,75.90362
KA-DVG,2023-12-12,25.4,31.5,20.4,54,81,0.0,0.0,15.3,83,19.12,5.02,945.3,14.6,598.0,14.446397,75.90362
KA-DVG,2023-12-13,24.3,30.4,18.1,52,75,0.0,0.0,16.6,85,20.09,5.24,945.8,13.1,598.0,14.446397,75.90362
KA-DVG,2023-12-14,23.6,29.7,18.2,53,88,0.0,0.0,19.2,90,20.12,5.23,947.2,12.7,598.0,14.446397,75.90362
KA-DVG,2023-12-15,24.5,30.8,18.9,61,94,0.0,0.0,17.9,92,17.33,4.51,947.5,15.4,598.0,14.446397,75.90362
KA-DVG,2023-12-16,24.9,29.9,20.1,67,89,0.0,0.0,16.9,92,10.42,3.3,946.9,17.8,598.0,14.446397,75.90362
KA-DVG,2023-12-17,25.8,31.4,21.4,62,89,0.0,0.0,18.4,94,17.94,5.03,946.4,17.3,598.0,14.446397,75.90362
KA-DVG,2023-12-18,25.2,29.7,21.0,61,89,0.0,0.0,22.7,89,16.61,5.04,947.1,16.3,598.0,14.446397,75.90362
KA-DVG,2023-12-19,24.4,29.8,20.1,58,88,0.0,0.0,18.4,87,16.81,4.93,947.9,14.9,598.0,14.446397,75.90362
KA-DVG,2023-12-20,23.9,30.2,18.6,60,92,0.0,0.0,16.2,86,18.8,4.97,947.9,14.8,598.0,14.446397,75.90362
KA-DVG,2023-12-21,24.7,31.4,18.9,57,85,0.0,0.0,14.8,87,19.57,5.05,947.2,14.9,598.0,14.446397,75.90362
KA-DVG,2023-12-22,25.1,31.1,19.5,55,79,0.0,0.0,13.3,81,17.31,4.69,947.4,14.6,598.0,14.446397,75.90362
KA-DVG,2023-12-23,24.2,31.0,18.4,48,79,0.0,0.0,14.7,87,19.82,5.44,947.9,11.6,598.0,14.446397,75.90362
KA-DVG,2023-12-24,23.6,31.3,17.2,49,82,0.0,0.0,15.3,87,20.28,5.48,949.1,10.5,598.0,14.446397,75.90362
KA-DVG,2023-12-25,24.3,31.5,18.1,58,94,0.0,0.0,17.8,87,19.85,5.29,948.9,14.3,598.0,14.446397,75.90362
KA-DVG,2023-12-26,23.9,31.4,17.0,49,84,0.0,0.0,18.3,87,20.45,5.79,948.8,10.6,598.0,14.446397,75.90362
KA-DVG,2023-12-27,23.9,31.1,17.7,50,81,0.0,0.0,18.8,91,20.48,5.74,949.0,11.5,598.0,14.446397,75.90362
KA-DVG,2023-12-28,24.3,31.7,17.5,51,88,0.0,0.0,16.9,93,20.32,5.7,947.9,11.9,598.0,14.446397,75.90362
KA-DVG,2023-12-29,24.7,31.8,18.3,55,84,0.0,0.0,16.9,91,19.87,5.59,947.9,14.3,598.0,14.446397,75.90362
KA-DVG,2023-12-30,24.8,31.9,18.5,51,84,0.0,0.0,16.3,87,20.07,5.56,947.3,12.8,598.0,14.446397,75.90362
KA-DVG,2023-12-31,24.9,31.2,19.6,46,75,0.0,0.0,17.7,92,20.25,5.89,946.8,11.7,598.0,14.446397,75.90362
