site_id,date,temperature_2m_mean,temperature_2m_max,temperature_2m_min,relative_humidity_2m_mean,relative_humidity_2m_max,precipitation_sum,rain_sum,wind_speed_10m_max,wind_direction_10m_dominant,shortwave_radiation_sum,et0_fao_evapotranspiration,surface_pressure_mean,dew_point_2m_mean,elevation_m,lat,lon
KA-KLR,2020-12-01,19.8,24.6,15.6,76,99,0.0,0.0,16.8,57,20.6,4.04,921.5,14.8,842.0,13.110721,78.11475
KA-KLR,2020-12-02,20.3,25.4,16.2,79,97,0.0,0.0,17.8,29,18.01,3.66,920.1,16.2,842.0,13.110721,78.11475
KA-KLR,2020-12-03,19.5,21.2,18.0,92,97,35.7,35.7,19.3,20,4.41,1.08,918.6,18.2,842.0,13.110721,78.11475
KA-KLR,2020-12-04,20.3,21.9,19.4,94,99,11.5,11.5,22.9,41,5.71,1.14,918.1,19.3,842.0,13.110721,78.11475
KA-KLR,2020-12-05,20.7,23.7,19.5,92,98,7.0,7.0,23.4,38,11.05,2.0,918.8,19.3,842.0,13.110721,78.11475
KA-KLR,2020-12-06,20.8,24.6,18.5,91,98,5.8,5.8,24.2,60,12.94,2.35,920.0,19.2,842.0,13.110721,78.11475
KA-KLR,2020-12-07,21.0,25.3,19.2,91,99,11.2,11.2,22.9,73,13.14,2.39,921.3,19.4,842.0,13.110721,78.11475
KA-KLR,2020-12-08,21.2,24.4,19.4,89,99,3.3,3.3,23.4,93,14.24,2.65,921.9,19.2,842.0,13.110721,78.11475
KA-KLR,2020-12-09,20.7,24.5,18.6,90,99,4.4,4.4,15.9,92,13.34,2.45,921.4,18.9,842.0,13.110721,78.11475
KA-KLR,2020-12-10,19.5,24.5,15.5,80,99,0.0,0.0,12.3,107,20.42,3.78,921.1,15.6,842.0,13.110721,78.11475
KA-KLR,2020-12-11,19.4,24.8,15.8,78,100,0.0,0.0,13.7,96,20.94,3.91,921.0,14.9,842.0,13.110721,78.11475
KA-KLR,2020-12-12,18.9,24.3,14.8,81,99,0.0,0.0,9.6,109,20.88,3.78,920.5,15.1,842.0,13.110721,78.11475
KA-KLR,2020-12-13,18.8,24.9,14.0,82,100,0.0,0.0,8.5,100,19.7,3.65,919.7,15.1,842.0,13.110721,78.11475
KA-KLR,2020-12-14,19.3,24.4,15.8,79,100,0.0,0.0,12.6,106,19.89,3.71,919.9,15.0,842.0,13.110721,78.11475
KA-KLR,2020-12-15,19.1,24.6,13.2,80,100,0.0,0.0,20.9,82,16.87,3.32,920.9,15.2,842.0,13.110721,78.11475
KA-KLR,2020-12-16,20.2,23.7,17.7,87,99,1.2,1.2,16.3,71,11.26,2.26,921.8,17.8,842.0,13.110721,78.11475
KA-KLR,2020-12-17,20.9,24.4,18.7,85,98,1.1,1.1,18.1,70,10.27,2.26,921.8,18.0,842.0,13.110721,78.11475
KA-KLR,2020-12-18,20.2,25.1,16.9,80,97,0.0,0.0,17.6,67,19.13,3.66,921.5,16.2,842.0,13.110721,78.11475
KA-KLR,2020-12-19,20.3,24.4,17.6,80,99,0.1,0.1,19.9,75,15.19,3.15,922.2,16.4,842.0,13.110721,78.11475
KA-KLR,2020-12-20,19.8,24.1,16.7,79,99,0.4,0.4,20.9,73,14.11,2.96,922.2,15.7,842.0,13.110721,78.11475
KA-KLR,2020-12-21,18.1,23.2,14.4,80,100,0.0,0.0,14.8,72,18.94,3.46,921.0,14.2,842.0,13.110721,78.11475
KA-KLR,2020-12-22,18.2,24.5,13.5,76,99,0.0,0.0,11.2,86,20.65,3.88,920.3,13.1,842.0,13.110721,78.11475
KA-KLR,2020-12-23,19.1,25.1,14.6,76,99,0.0,0.0,10.5,88,19.28,3.74,919.6,14.2,842.0,13.110721,78.11475
KA-KLR,2020-12-24,19.5,25.3,15.4,79,99,0.0,0.0,11.9,89,19.29,3.71,918.9,15.4,842.0,13.110721,78.11475
KA-KLR,2020-12-25,18.8,24.9,14.4,78,98,0.0,0.0,9.9,87,20.49,3.84,919.7,14.3,842.0,13.110721,78.11475
KA-KLR,2020-12-26,18.5,24.2,14.3,79,100,0.0,0.0,14.3,76,20.69,3.77,920.6,14.3,842.0,13.110721,78.11475
KA-KLR,2020-12-27,19.2,26.1,14.6,78,100,0.0,0.0,11.6,65,20.6,3.97,920.1,14.6,842.0,13.110721,78.11475
KA-KLR,2020-12-28,19.1,25.8,14.2,71,100,0.0,0.0,12.3,67,21.22,4.18,919.7,12.2,842.0,13.110721,78.11475
KA-KLR,2020-12-29,19.8,26.3,14.5,78,100,0.0,0.0,16.3,87,17.06,3.52,919.6,15.4,842.0,13.110721,78.11475
KA-KLR,2020-12-30,20.8,27.2,16.6,79,96,0.0,0.0,21.6,90,17.85,3.71,919.9,16.6,842.0,13.110721,78.11475
KA-KLR,2020-12-31,20.0,23.8,17.5,81,97,0.6,0.6,19.5,66,8.78,2.14,920.5,16.5,842.0,13.110721,78.11475
KA-KLR,2021-01-01,19.5,24.0,16.4,76,99,0.3,0.3,18.7,77,18.46,3.69,921.0,14.7,842.0,13.110721,78.11475
KA-KLR,2021-01-02,19.1,24.7,14.2,84,97,0.6,0.6,18.8,71,13.61,2.71,920.5,16.1,842.0,13.110721,78.11475
KA-KLR,2021-01-03,20.7,25.8,17.1,83,99,0.0,0.0,17.6,88,14.01,2.94,919.4,17.4,842.0,13.110721,78.11475
KA-KLR,2021-01-04,20.7,24.5,18.3,81,97,0.0,0.0,18.5,94,11.37,2.53,919.6,17.1,842.0,13.110721,78.11475
KA-KLR,2021-01-05,20.3,23.5,17.7,88,98,4.5,4.5,18.0,87,8.09,1.81,920.1,18.2,842.0,13.110721,78.11475
KA-KLR,2021-01-06,20.6,23.8,19.1,93,99,8.2,8.2,16.5,102,8.01,1.58,919.4,19.3,842.0,13.110721,78.11475
KA-KLR,2021-01-07,20.8,23.8,19.3,91,99,3.5,3.5,17.6,97,8.06,1.68,918.4,19.1,842.0,13.110721,78.11475
KA-KLR,2021-01-08,21.4,25.4,19.3,88,99,5.5,5.5,15.9,104,14.02,2.73,917.9,19.2,842.0,13.110721,78.11475
KA-KLR,2021-01-09,21.1,24.4,18.6,86,99,1.0,1.0,14.6,101,11.17,2.33,918.6,18.5,842.0,13.110721,78.11475
KA-KLR,2021-01-10,21.0,24.8,17.7,83,99,0.0,0.0,16.1,82,11.56,2.48,919.3,17.7,842.0,13.110721,78.11475
KA-KLR,2021-01-11,21.0,23.4,18.3,82,99,0.1,0.1,14.5,61,8.13,1.97,920.1,17.6,842.0,13.110721,78.11475
KA-KLR,2021-01-12,20.4,25.6,17.0,76,97,0.0,0.0,19.1,59,16.79,3.61,920.0,15.5,842.0,13.110721,78.11475
KA-KLR,2021-01-13,20.0,25.5,15.6,77,98,0.0,0.0,18.4,70,20.16,4.0,919.7,15.3,842.0,13.110721,78.11475
KA-KLR,2021-01-14,20.0,25.7,15.0,82,100,0.9,0.9,18.9,85,16.71,3.29,919.5,16.6,842.0,13.110721,78.11475
KA-KLR,2021-01-15,20.6,25.7,16.6,77,98,0.0,0.0,15.3,102,19.39,3.9,919.3,16.1,842.0,13.110721,78.11475
KA-KLR,2021-01-16,20.4,26.3,15.7,73,96,0.0,0.0,12.2,107,20.68,4.17,918.5,15.0,842.0,13.110721,78.11475
KA-KLR,2021-01-17,20.1,26.1,15.5,74,99,0.0,0.0,13.7,105,21.0,4.23,919.4,14.8,842.0,13.110721,78.11475
KA-KLR,2021-01-18,19.0,24.7,14.2,76,100,0.0,0.0,14.8,90,21.62,4.11,920.3,14.1,842.0,13.110721,78.11475
KA-KLR,2021-01-19,19.1,25.2,14.0,78,100,0.0,0.0,9.8,78,20.4,3.88,919.9,14.6,842.0,13.110721,78.11475
KA-KLR,2021-01-20,20.0,27.1,13.9,74,100,0.0,0.0,9.8,88,21.69,4.31,920.4,14.4,842.0,13.110721,78.11475
KA-KLR,2021-01-21,21.9,28.0,17.3,78,100,0.0,0.0,9.2,100,19.52,3.9,920.4,17.1,842.0,13.110721,78.11475
KA-KLR,2021-01-22,22.4,27.6,18.6,72,100,0.0,0.0,12.8,93,19.98,4.24,920.4,16.3,842.0,13.110721,78.11475
KA-KLR,2021-01-23,21.3,26.8,17.4,70,99,0.0,0.0,13.0,96,22.31,4.62,920.5,14.6,842.0,13.110721,78.11475
KA-KLR,2021-01-24,20.1,26.7,14.7,67,100,0.0,0.0,9.4,110,22.98,4.59,920.7,12.2,842.0,13.110721,78.11475
KA-KLR,2021-01-25,19.9,26.7,15.2,73,100,0.0,0.0,11.9,113,22.33,4.45,921.1,13.8,842.0,13.110721,78.11475
KA-KLR,2021-01-26,20.4,27.6,15.1,66,100,0.0,0.0,12.4,91,23.17,4.89,920.7,12.0,842.0,13.110721,78.11475
KA-KLR,2021-01-27,19.7,27.0,14.0,68,100,0.0,0.0,14.4,100,22.97,4.81,920.7,11.9,842.0,13.110721,78.11475
KA-KLR,2021-01-28,19.8,26.0,14.8,74,100,0.0,0.0,14.8,100,21.97,4.39,921.2,14.2,842.0,13.110721,78.11475
KA-KLR,2021-01-29,21.1,27.0,16.7,71,99,0.0,0.0,13.2,95,21.81,4.6,921.8,14.7,842.0,13.110721,78.11475
KA-KLR,2021-01-30,21.7,28.1,17.0,70,98,0.0,0.0,15.5,90,19.45,4.32,921.2,15.0,842.0,13.110721,78.11475
KA-KLR,2021-01-31,21.5,27.9,16.8,68,100,0.0,0.0,14.9,103,21.4,4.72,921.4,14.3,842.0,13.110721,78.11475
KA-KLR,2021-02-01,21.0,27.6,16.1,61,99,0.0,0.0,14.2,76,23.38,5.22,922.9,11.3,842.0,13.110721,78.11475
KA-KLR,2021-02-02,20.9,27.1,15.7,70,100,0.0,0.0,16.0,89,21.77,4.74,923.2,14.1,842.0,13.110721,78.11475
KA-KLR,2021-02-03,20.9,26.7,16.9,69,99,0.0,0.0,17.3,93,19.3,4.31,922.7,14.3,842.0,13.110721,78.11475
KA-KLR,2021-02-04,19.8,26.5,14.0,66,100,0.0,0.0,12.9,95,23.0,4.8,922.1,12.3,842.0,13.110721,78.11475
KA-KLR,2021-02-05,20.0,27.5,14.6,62,99,0.0,0.0,12.9,68,23.62,4.91,921.4,10.8,842.0,13.110721,78.11475
KA-KLR,2021-02-06,20.3,28.0,14.0,62,99,0.0,0.0,13.7,74,23.8,5.22,920.4,10.9,842.0,13.110721,78.11475
KA-KLR,2021-02-07,20.0,27.4,13.3,54,97,0.0,0.0,16.6,76,24.51,5.57,920.9,7.8,842.0,13.110721,78.11475
KA-KLR,2021-02-08,20.1,27.4,13.5,54,75,0.0,0.0,18.2,79,24.22,5.48,921.6,9.5,842.0,13.110721,78.11475
KA-KLR,2021-02-09,19.8,26.1,14.9,68,100,0.0,0.0,14.8,94,22.36,4.58,921.1,12.9,842.0,13.110721,78.11475
KA-KLR,2021-02-10,19.9,27.6,13.5,60,100,0.0,0.0,12.6,93,24.83,5.34,920.1,9.3,842.0,13.110721,78.11475
KA-KLR,2021-02-11,20.1,27.8,14.0,64,100,0.0,0.0,15.0,98,24.04,5.23,919.7,11.5,842.0,13.110721,78.11475
KA-KLR,2021-02-12,19.8,28.3,12.2,56,100,0.0,0.0,12.6,94,25.08,5.54,920.0,7.2,842.0,13.110721,78.11475
KA-KLR,2021-02-13,19.9,28.3,11.8,57,100,0.0,0.0,11.2,98,25.25,5.36,920.9,7.7,842.0,13.110721,78.11475
KA-KLR,2021-02-14,20.8,29.0,13.8,61,100,0.0,0.0,15.1,62,24.39,5.16,921.1,10.6,842.0,13.110721,78.11475
KA-KLR,2021-02-15,21.8,30.0,14.7,57,100,0.0,0.0,12.6,52,24.43,5.42,920.3,10.0,842.0,13.110721,78.11475
KA-KLR,2021-02-16,21.7,29.3,14.9,57,97,0.0,0.0,12.2,113,24.66,5.31,919.9,10.5,842.0,13.110721,78.11475
KA-KLR,2021-02-17,22.0,29.4,16.1,59,100,0.0,0.0,16.1,103,24.61,5.48,919.6,11.3,842.0,13.110721,78.11475
KA-KLR,2021-02-18,21.3,28.4,16.2,67,97,0.2,0.2,17.9,115,21.23,4.82,920.7,14.0,842.0,13.110721,78.11475
KA-KLR,2021-02-19,21.1,27.5,16.7,69,94,4.3,4.3,15.1,83,23.03,4.88,921.3,14.0,842.0,13.110721,78.11475
KA-KLR,2021-02-20,19.8,24.7,16.9,83,97,7.3,7.3,14.8,69,15.8,3.12,920.8,16.5,842.0,13.110721,78.11475
KA-KLR,2021-02-21,19.3,22.0,17.6,90,98,5.3,5.3,17.4,90,12.94,2.32,921.4,17.6,842.0,13.110721,78.11475
KA-KLR,2021-02-22,20.7,25.9,17.3,80,99,0.6,0.6,14.4,86,16.99,3.48,922.1,16.7,842.0,13.110721,78.11475
KA-KLR,2021-02-23,21.7,28.3,16.3,67,100,0.0,0.0,13.8,91,23.62,5.12,921.0,14.2,842.0,13.110721,78.11475
KA-KLR,2021-02-24,22.1,28.6,17.0,62,100,0.0,0.0,11.9,102,24.38,5.36,920.3,12.8,842.0,13.110721,78.11475
KA-KLR,2021-02-25,22.6,30.2,16.8,56,92,0.0,0.0,10.6,65,24.6,5.45,920.0,11.8,842.0,13.110721,78.11475
KA-KLR,2021-02-26,23.3,31.0,15.9,51,89,0.0,0.0,15.6,44,25.14,5.94,919.0,10.9,842.0,13.110721,78.11475
KA-KLR,2021-02-27,23.7,31.6,16.8,53,90,0.0,0.0,10.0,110,24.75,5.71,918.2,11.8,842.0,13.110721,78.11475
KA-KLR,2021-02-28,23.6,31.0,17.3,48,86,0.0,0.0,15.7,111,25.6,6.33,918.9,9.7,842.0,13.110721,78.11475
KA-KLR,2021-03-01,23.2,30.7,16.0,41,75,0.0,0.0,13.3,118,26.04,6.33,921.1,6.8,842.0,13.110721,78.11475
KA-KLR,2021-03-02,23.2,30.7,16.7,46,80,0.0,0.0,18.8,119,23.15,6.05,921.5,9.2,842.0,13.110721,78.11475
KA-KLR,2021-03-03,23.2,30.3,15.8,45,78,0.0,0.0,19.0,102,25.9,6.5,920.5,8.8,842.0,13.110721,78.11475
KA-KLR,2021-03-04,21.8,29.0,14.4,49,82,0.0,0.0,19.8,102,26.39,6.36,920.4,8.6,842.0,13.110721,78.11475
KA-KLR,2021-03-05,21.7,30.1,13.5,58,100,0.0,0.0,11.8,113,26.16,5.83,921.2,10.7,842.0,13.110721,78.11475
KA-KLR,2021-03-06,23.3,32.4,15.2,53,98,0.0,0.0,11.8,49,26.25,6.07,921.4,9.9,842.0,13.110721,78.11475
KA-KLR,2021-03-07,23.6,32.1,15.5,54,94,0.0,0.0,15.1,104,26.31,6.34,920.6,10.9,842.0,13.110721,78.11475
KA-KLR,2021-03-08,23.1,30.8,16.8,56,100,0.0,0.0,12.6,114,26.47,6.11,921.1,10.9,842.0,13.110721,78.11475
KA-KLR,2021-03-09,23.0,30.9,15.7,59,100,0.0,0.0,15.2,117,26.55,6.1,921.5,12.0,842.0,13.110721,78.11475
KA-KLR,2021-03-10,23.7,30.7,17.9,62,100,0.0,0.0,14.6,114,25.39,5.87,921.7,14.1,842.0,13.110721,78.11475
KA-KLR,2021-03-11,24.2,30.8,19.3,60,99,0.0,0.0,13.7,134,25.06,5.99,921.6,14.0,842.0,13.110721,78.11475
KA-KLR,2021-03-12,22.8,30.0,15.6,47,92,0.0,0.0,13.7,122,27.07,6.41,922.1,8.3,842.0,13.110721,78.11475
KA-KLR,2021-03-13,23.0,30.2,15.8,51,88,0.0,0.0,14.3,124,26.58,6.27,921.8,10.3,842.0,13.110721,78.11475
KA-KLR,2021-03-14,23.2,30.6,15.6,47,83,0.0,0.0,14.0,122,26.82,6.53,920.6,9.2,842.0,13.110721,78.11475
KA-KLR,2021-03-15,23.7,31.0,15.8,45,78,0.0,0.0,14.3,121,26.6,6.45,919.9,9.4,842.0,13.110721,78.11475
KA-KLR,2021-03-16,24.5,32.0,17.4,46,77,0.0,0.0,13.8,107,26.31,6.62,919.9,10.1,842.0,13.110721,78.11475
KA-KLR,2021-03-17,24.3,31.7,16.6,51,92,0.0,0.0,14.8,122,26.31,6.46,919.3,10.8,842.0,13.110721,78.11475
KA-KLR,2021-03-18,24.1,31.4,17.2,51,90,0.0,0.0,18.4,108,25.66,6.33,919.5,11.1,842.0,13.110721,78.11475
KA-KLR,2021-03-19,23.7,31.6,15.9,49,96,0.0,0.0,13.7,103,26.6,6.32,919.0,10.1,842.0,13.110721,78.11475
KA-KLR,2021-03-20,24.2,31.6,16.3,47,87,0.0,0.0,13.8,148,26.91,6.62,918.1,10.2,842.0,13.110721,78.11475
KA-KLR,2021-03-21,24.6,32.3,16.8,44,84,0.0,0.0,14.0,114,26.84,6.74,918.1,9.1,842.0,13.110721,78.11475
KA-KLR,2021-03-22,24.9,32.2,18.0,43,86,0.0,0.0,17.8,98,26.69,7.0,919.4,8.6,842.0,13.110721,78.11475
KA-KLR,2021-03-23,25.0,32.5,17.7,54,95,0.0,0.0,15.5,118,26.47,6.57,920.2,12.9,842.0,13.110721,78.11475
KA-KLR,2021-03-24,25.0,32.5,17.4,56,99,0.0,0.0,16.3,106,26.49,6.5,920.3,13.5,842.0,13.110721,78.11475
KA-KLR,2021-03-25,25.7,33.0,18.3,53,94,0.0,0.0,18.5,97,26.31,6.79,919.5,12.9,842.0,13.110721,78.11475
KA-KLR,2021-03-26,25.6,33.0,17.7,51,93,0.0,0.0,16.2,97,26.52,6.86,919.0,12.2,842.0,13.110721,78.11475
KA-KLR,2021-03-27,26.1,33.2,18.8,52,91,0.0,0.0,16.0,113,26.56,6.86,918.9,13.3,842.0,13.110721,78.11475
KA-KLR,2021-03-28,26.3,33.9,19.4,47,82,0.0,0.0,16.5,126,25.03,6.51,918.3,12.3,842.0,13.110721,78.11475
KA-KLR,2021-03-29,26.2,34.5,19.6,47,95,0.0,0.0,17.0,116,24.48,6.43,918.0,11.7,842.0,13.110721,78.11475
KA-KLR,2021-03-30,27.0,34.4,20.4,47,87,0.0,0.0,16.8,317,25.96,6.86,917.3,12.6,842.0,13.110721,78.11475
KA-KLR,2021-03-31,28.5,35.7,21.6,37,59,0.0,0.0,16.4,312,24.65,7.06,916.0,11.3,842.0,13.110721,78.11475
KA-KLR,2021-04-01,27.6,35.1,21.6,41,90,0.0,0.0,17.4,313,27.23,7.25,915.8,10.8,842.0,13.110721,78.11475
KA-KLR,2021-04-02,27.6,34.9,20.7,42,93,0.0,0.0,18.8,308,27.09,7.09,916.4,11.2,842.0,13.110721,78.11475
KA-KLR,2021-04-03,28.1,34.3,21.0,38,75,0.0,0.0,13.1,246,23.75,6.08,916.8,11.2,842.0,13.110721,78.11475
KA-KLR,2021-04-04,27.6,33.5,22.2,44,76,0.0,0.0,14.8,355,21.19,6.04,918.4,13.1,842.0,13.110721,78.11475
KA-KLR,2021-04-05,27.0,32.8,21.8,57,100,0.1,0.1,20.9,97,21.8,5.87,919.2,16.4,842.0,13.110721,78.11475
KA-KLR,2021-04-06,26.2,33.6,19.1,55,100,0.0,0.0,17.3,109,26.6,6.77,919.8,13.9,842.0,13.110721,78.11475
KA-KLR,2021-04-07,26.3,33.8,18.8,44,84,0.0,0.0,16.5,125,27.28,7.19,920.2,10.7,842.0,13.110721,78.11475
KA-KLR,2021-04-08,26.6,34.2,19.0,41,86,0.0,0.0,15.2,144,26.82,7.1,918.8,10.0,842.0,13.110721,78.11475
KA-KLR,2021-04-09,26.1,33.8,19.2,48,96,0.0,0.0,16.2,135,27.0,6.92,918.4,12.2,842.0,13.110721,78.11475
KA-KLR,2021-04-10,25.4,32.8,18.4,53,86,0.0,0.0,16.3,116,27.03,6.65,919.5,13.3,842.0,13.110721,78.11475
KA-KLR,2021-04-11,25.6,32.9,18.9,59,97,0.0,0.0,16.3,118,26.67,6.47,920.7,15.4,842.0,13.110721,78.11475
KA-KLR,2021-04-12,25.7,32.1,20.5,65,98,0.3,0.3,18.4,118,24.25,5.92,921.2,17.4,842.0,13.110721,78.11475
KA-KLR,2021-04-13,26.0,32.6,20.1,61,96,0.0,0.0,15.7,131,23.33,5.83,920.7,16.4,842.0,13.110721,78.11475
KA-KLR,2021-04-14,24.1,29.6,20.9,78,96,17.4,17.4,14.7,156,18.21,3.86,920.1,19.7,842.0,13.110721,78.11475
KA-KLR,2021-04-15,23.4,27.9,20.0,79,96,6.2,6.2,12.0,152,16.21,3.44,919.6,19.2,842.0,13.110721,78.11475
KA-KLR,2021-04-16,25.1,30.7,19.0,63,98,0.4,0.4,14.1,344,22.85,5.4,919.1,16.3,842.0,13.110721,78.11475
KA-KLR,2021-04-17,26.8,33.1,20.4,56,94,0.0,0.0,15.5,42,24.59,6.15,919.9,15.6,842.0,13.110721,78.11475
KA-KLR,2021-04-18,26.7,32.9,21.3,55,98,0.0,0.0,13.9,132,25.05,6.14,920.8,15.3,842.0,13.110721,78.11475
KA-KLR,2021-04-19,27.4,33.6,21.7,53,86,0.0,0.0,14.1,308,23.71,6.0,919.2,15.8,842.0,13.110721,78.11475
KA-KLR,2021-04-20,26.5,32.1,22.3,61,85,1.4,1.4,15.0,271,19.66,4.74,918.7,17.9,842.0,13.110721,78.11475
KA-KLR,2021-04-21,27.1,32.2,21.5,58,89,0.0,0.0,11.0,289,20.76,5.08,919.5,17.2,842.0,13.110721,78.11475
KA-KLR,2021-04-22,26.7,32.9,20.5,61,93,0.6,0.6,10.4,43,22.09,5.14,919.9,17.6,842.0,13.110721,78.11475
KA-KLR,2021-04-23,25.6,32.0,21.3,67,95,5.2,5.2,14.5,314,20.18,4.5,919.7,18.6,842.0,13.110721,78.11475
KA-KLR,2021-04-24,25.1,31.4,21.2,73,96,6.9,6.9,12.9,97,18.84,4.2,919.1,19.3,842.0,13.110721,78.11475
KA-KLR,2021-04-25,26.7,33.3,20.7,59,94,0.0,0.0,14.7,124,25.09,6.16,918.8,16.4,842.0,13.110721,78.11475
KA-KLR,2021-04-26,26.8,33.8,20.5,52,92,0.0,0.0,12.1,121,26.48,6.46,918.5,14.3,842.0,13.110721,78.11475
KA-KLR,2021-04-27,26.6,33.4,20.8,55,100,0.0,0.0,15.8,102,26.15,6.48,919.2,15.0,842.0,13.110721,78.11475
KA-KLR,2021-04-28,27.1,33.8,20.7,51,91,0.0,0.0,12.8,99,24.18,6.05,919.8,15.0,842.0,13.110721,78.11475
KA-KLR,2021-04-29,27.5,33.5,21.4,53,89,0.0,0.0,13.5,113,22.95,5.75,919.2,15.9,842.0,13.110721,78.11475
KA-KLR,2021-04-30,27.0,33.2,21.0,56,93,0.0,0.0,16.6,102,22.24,5.94,918.6,16.2,842.0,13.110721,78.11475
KA-KLR,2021-05-01,26.8,33.3,21.1,61,99,0.0,0.0,15.2,116,25.18,6.39,918.6,17.0,842.0,13.110721,78.11475
KA-KLR,2021-05-02,26.9,33.1,21.1,60,97,0.0,0.0,13.8,118,24.72,6.18,918.8,17.2,842.0,13.110721,78.11475
KA-KLR,2021-05-03,26.7,32.1,21.7,62,96,0.0,0.0,13.3,119,21.84,5.46,918.3,17.8,842.0,13.110721,78.11475
KA-KLR,2021-05-04,25.5,31.0,21.5,70,94,6.1,6.1,11.8,148,18.67,4.28,918.1,19.3,842.0,13.110721,78.11475
KA-KLR,2021-05-05,26.9,33.7,19.9,60,98,0.0,0.0,16.6,124,25.8,6.29,918.0,16.8,842.0,13.110721,78.11475
KA-KLR,2021-05-06,27.2,33.7,21.4,59,94,0.0,0.0,14.3,141,24.35,6.24,919.0,17.2,842.0,13.110721,78.11475
KA-KLR,2021-05-07,26.8,33.0,22.0,64,92,0.0,0.0,19.0,133,22.11,5.66,919.6,18.5,842.0,13.110721,78.11475
KA-KLR,2021-05-08,26.8,33.7,21.7,63,93,0.0,0.0,18.2,127,24.1,6.04,918.9,18.1,842.0,13.110721,78.11475
KA-KLR,2021-05-09,27.4,33.9,21.6,60,94,0.0,0.0,13.8,137,24.36,6.14,917.8,17.8,842.0,13.110721,78.11475
KA-KLR,2021-05-10,27.6,32.6,22.8,61,91,1.5,1.5,13.4,153,21.56,5.28,917.6,18.8,842.0,13.110721,78.11475
KA-KLR,2021-05-11,27.3,33.1,22.8,65,89,1.2,1.2,16.1,264,21.0,4.87,917.6,19.6,842.0,13.110721,78.11475
KA-KLR,2021-05-12,26.6,33.6,22.0,69,96,2.6,2.6,13.4,205,21.36,5.01,916.5,19.8,842.0,13.110721,78.11475
KA-KLR,2021-05-13,26.7,34.0,21.5,68,94,0.3,0.3,13.8,214,20.75,4.95,915.8,19.5,842.0,13.110721,78.11475
KA-KLR,2021-05-14,27.2,33.8,21.3,63,96,0.2,0.2,20.0,176,24.42,6.48,914.9,18.6,842.0,13.110721,78.11475
KA-KLR,2021-05-15,23.1,27.9,20.9,81,93,4.0,4.0,24.9,176,11.17,2.83,913.4,19.5,842.0,13.110721,78.11475
KA-KLR,2021-05-16,23.4,27.4,20.6,83,98,4.1,4.1,17.4,193,10.7,2.61,915.0,20.1,842.0,13.110721,78.11475
KA-KLR,2021-05-17,25.7,32.4,20.5,72,99,3.8,3.8,15.5,214,21.93,4.98,916.7,19.6,842.0,13.110721,78.11475
KA-KLR,2021-05-18,26.6,32.8,21.2,65,89,0.3,0.3,14.9,216,24.25,5.91,917.2,18.8,842.0,13.110721,78.11475
KA-KLR,2021-05-19,25.6,32.0,21.0,72,93,100.9,100.9,12.7,231,21.86,4.93,916.7,19.4,842.0,13.110721,78.11475
KA-KLR,2021-05-20,24.7,31.0,21.7,81,96,17.0,17.0,14.4,265,20.55,4.4,917.2,20.9,842.0,13.110721,78.11475
KA-KLR,2021-05-21,23.8,28.8,21.6,84,95,13.5,13.5,15.1,268,15.53,3.4,917.2,20.6,842.0,13.110721,78.11475
KA-KLR,2021-05-22,23.8,27.4,21.1,79,94,0.8,0.8,19.7,277,13.61,3.2,916.6,19.7,842.0,13.110721,78.11475
KA-KLR,2021-05-23,25.5,30.4,21.3,69,92,0.0,0.0,17.9,281,21.39,5.15,916.9,18.8,842.0,13.110721,78.11475
KA-KLR,2021-05-24,25.5,30.5,21.6,70,86,1.2,1.2,22.2,297,21.87,5.32,917.2,19.3,842.0,13.110721,78.11475
KA-KLR,2021-05-25,24.9,30.0,21.9,73,86,3.6,3.6,20.1,277,17.32,4.54,915.6,19.4,842.0,13.110721,78.11475
KA-KLR,2021-05-26,25.4,30.4,21.0,68,91,0.0,0.0,21.7,275,23.36,5.82,915.1,18.5,842.0,13.110721,78.11475
KA-KLR,2021-05-27,25.4,31.1,20.3,64,91,0.0,0.0,28.0,282,25.02,6.3,915.9,17.4,842.0,13.110721,78.11475
KA-KLR,2021-05-28,25.5,31.2,20.1,60,81,0.0,0.0,23.5,286,25.01,6.29,916.9,16.5,842.0,13.110721,78.11475
KA-KLR,2021-05-29,26.0,31.4,20.7,64,93,0.1,0.1,19.4,267,23.7,5.83,917.5,17.7,842.0,13.110721,78.11475
KA-KLR,2021-05-30,26.0,31.6,20.9,67,92,0.4,0.4,17.7,279,23.52,5.75,917.5,18.8,842.0,13.110721,78.11475
KA-KLR,2021-05-31,26.1,32.1,21.4,67,88,1.8,1.8,16.9,275,24.19,5.75,916.3,18.9,842.0,13.110721,78.11475
KA-KLR,2021-06-01,25.9,32.1,21.3,72,94,3.1,3.1,16.6,270,22.76,5.11,916.6,19.9,842.0,13.110721,78.11475
KA-KLR,2021-06-02,25.0,30.3,21.4,79,97,16.9,16.9,12.2,300,20.58,4.34,917.0,20.8,842.0,13.110721,78.11475
KA-KLR,2021-06-03,24.5,29.3,21.2,81,96,11.5,11.5,9.7,279,15.6,3.31,917.6,20.7,842.0,13.110721,78.11475
KA-KLR,2021-06-04,23.6,29.3,21.4,87,97,45.4,45.4,10.6,266,17.14,3.54,918.3,21.0,842.0,13.110721,78.11475
KA-KLR,2021-06-05,23.3,26.7,20.4,86,98,13.8,13.8,14.9,255,14.85,3.06,917.5,20.6,842.0,13.110721,78.11475
KA-KLR,2021-06-06,24.1,28.3,20.0,75,94,0.7,0.7,12.6,269,20.92,4.5,917.6,19.0,842.0,13.110721,78.11475
KA-KLR,2021-06-07,25.0,29.7,20.4,69,95,0.1,0.1,14.3,289,24.72,5.47,917.8,18.3,842.0,13.110721,78.11475
KA-KLR,2021-06-08,25.3,30.1,20.7,62,85,0.0,0.0,16.2,285,26.22,6.13,917.4,17.1,842.0,13.110721,78.11475
KA-KLR,2021-06-09,24.4,29.5,20.3,70,86,1.4,1.4,23.7,278,20.96,5.07,916.5,18.4,842.0,13.110721,78.11475
KA-KLR,2021-06-10,24.6,29.5,20.3,70,89,0.4,0.4,23.8,279,22.85,5.54,915.6,18.4,842.0,13.110721,78.11475
KA-KLR,2021-06-11,24.6,29.3,20.8,66,85,0.0,0.0,26.4,274,20.47,5.48,915.7,17.3,842.0,13.110721,78.11475
KA-KLR,2021-06-12,24.3,29.4,21.3,71,84,0.9,0.9,32.1,268,20.39,5.28,915.6,18.5,842.0,13.110721,78.11475
KA-KLR,2021-06-13,23.9,28.1,21.1,73,92,2.0,2.0,31.3,270,14.97,4.35,915.2,18.5,842.0,13.110721,78.11475
KA-KLR,2021-06-14,23.0,26.1,21.3,77,89,1.1,1.1,31.0,263,11.69,3.48,915.0,18.6,842.0,13.110721,78.11475
KA-KLR,2021-06-15,23.6,27.2,20.8,74,91,1.7,1.7,30.2,259,14.62,4.1,914.5,18.5,842.0,13.110721,78.11475
KA-KLR,2021-06-16,24.0,28.6,20.9,73,87,1.4,1.4,30.0,259,21.21,5.19,915.9,18.5,842.0,13.110721,78.11475
KA-KLR,2021-06-17,24.4,28.7,21.0,69,87,0.3,0.3,31.8,260,18.76,5.16,916.6,17.9,842.0,13.110721,78.11475
KA-KLR,2021-06-18,24.5,28.9,21.0,68,88,0.5,0.5,30.5,255,19.75,5.22,917.7,17.9,842.0,13.110721,78.11475
KA-KLR,2021-06-19,23.9,27.5,20.7,69,86,0.0,0.0,28.7,263,17.73,4.73,919.1,17.6,842.0,13.110721,78.11475
KA-KLR,2021-06-20,24.9,30.0,20.8,66,88,0.2,0.2,26.3,274,22.33,5.67,919.3,17.7,842.0,13.110721,78.11475
KA-KLR,2021-06-21,25.0,30.2,20.0,67,91,0.0,0.0,23.4,280,23.53,5.73,918.5,18.0,842.0,13.110721,78.11475
KA-KLR,2021-06-22,25.2,30.4,20.7,64,88,0.0,0.0,19.5,295,20.79,5.28,917.6,17.4,842.0,13.110721,78.11475
KA-KLR,2021-06-23,25.7,30.8,21.3,62,84,0.7,0.7,16.4,281,22.38,5.5,917.4,17.4,842.0,13.110721,78.11475
KA-KLR,2021-06-24,25.3,30.6,21.1,64,90,0.3,0.3,20.6,283,21.92,5.7,917.8,17.4,842.0,13.110721,78.11475
KA-KLR,2021-06-25,25.5,31.2,20.7,58,83,0.0,0.0,21.3,291,24.09,6.36,916.9,16.0,842.0,13.110721,78.11475
KA-KLR,2021-06-26,24.2,29.4,21.3,72,89,6.8,6.8,25.3,284,17.85,4.54,916.3,18.5,842.0,13.110721,78.11475
KA-KLR,2021-06-27,22.3,24.9,20.2,82,93,9.0,9.0,24.5,298,8.78,2.32,917.1,18.9,842.0,13.110721,78.11475
KA-KLR,2021-06-28,24.4,28.9,19.7,68,95,0.0,0.0,13.1,276,16.8,4.05,916.9,17.6,842.0,13.110721,78.11475
KA-KLR,2021-06-29,26.0,31.0,20.3,63,93,0.8,0.8,11.0,249,23.18,5.29,917.1,17.9,842.0,13.110721,78.11475
KA-KLR,2021-06-30,26.3,31.1,22.0,66,87,1.7,1.7,12.2,258,21.57,5.01,917.0,18.9,842.0,13.110721,78.11475
KA-KLR,2021-07-01,25.1,31.0,21.9,76,94,16.0,16.0,12.7,241,20.03,4.36,915.9,20.3,842.0,13.110721,78.11475
KA-KLR,2021-07-02,24.6,30.0,21.2,79,96,9.8,9.8,18.7,280,19.48,4.25,916.6,20.5,842.0,13.110721,78.11475
KA-KLR,2021-07-03,24.5,29.7,21.0,78,96,8.2,8.2,11.8,284,19.09,4.15,917.1,19.9,842.0,13.110721,78.11475
KA-KLR,2021-07-04,23.8,28.4,20.8,82,96,12.3,12.3,14.5,300,16.84,3.57,917.0,20.2,842.0,13.110721,78.11475
KA-KLR,2021-07-05,23.8,28.9,20.6,79,96,2.8,2.8,14.0,313,17.82,3.85,916.0,19.8,842.0,13.110721,78.11475
KA-KLR,2021-07-06,24.4,29.9,20.4,78,96,3.1,3.1,12.0,277,23.45,4.84,915.4,19.9,842.0,13.110721,78.11475
KA-KLR,2021-07-07,24.0,28.9,20.7,82,98,10.0,10.0,11.2,272,20.3,4.15,915.5,20.5,842.0,13.110721,78.11475
KA-KLR,2021-07-08,24.5,29.3,20.7,77,97,1.0,1.0,17.9,289,20.53,4.44,915.8,19.8,842.0,13.110721,78.11475
KA-KLR,2021-07-09,23.3,27.9,20.7,84,95,10.5,10.5,16.6,273,14.38,3.1,914.2,20.4,842.0,13.110721,78.11475
KA-KLR,2021-07-10,22.8,26.3,20.6,81,94,2.7,2.7,23.8,264,11.43,3.02,913.3,19.1,842.0,13.110721,78.11475
KA-KLR,2021-07-11,23.2,27.0,20.5,75,87,0.0,0.0,31.4,271,14.71,3.96,913.1,18.2,842.0,13.110721,78.11475
KA-KLR,2021-07-12,23.0,27.2,20.5,78,94,1.5,1.5,25.0,269,10.27,2.95,913.5,18.7,842.0,13.110721,78.11475
KA-KLR,2021-07-13,23.1,27.4,21.1,78,91,4.0,4.0,27.1,271,16.01,3.83,914.1,19.0,842.0,13.110721,78.11475
KA-KLR,2021-07-14,22.1,25.1,20.5,86,93,8.2,8.2,28.6,266,9.78,2.37,914.6,19.5,842.0,13.110721,78.11475
KA-KLR,2021-07-15,21.5,25.2,19.6,86,93,13.1,13.1,27.7,260,9.88,2.35,914.2,19.1,842.0,13.110721,78.11475
KA-KLR,2021-07-16,22.5,26.3,20.2,86,95,12.4,12.4,21.6,256,14.09,2.9,916.2,20.0,842.0,13.110721,78.11475
KA-KLR,2021-07-17,23.2,27.2,20.5,82,96,14.4,14.4,22.9,285,15.36,3.43,916.4,19.7,842.0,13.110721,78.11475
KA-KLR,2021-07-18,21.7,23.2,20.4,89,95,7.6,7.6,23.7,265,9.16,2.02,915.3,19.8,842.0,13.110721,78.11475
KA-KLR,2021-07-19,23.6,27.9,20.4,76,92,0.5,0.5,28.9,275,18.33,4.42,915.7,18.9,842.0,13.110721,78.11475
KA-KLR,2021-07-20,23.4,27.4,20.0,74,89,1.0,1.0,29.8,276,17.58,4.43,917.4,18.3,842.0,13.110721,78.11475
KA-KLR,2021-07-21,23.0,26.4,20.7,76,85,1.8,1.8,30.4,273,14.13,3.78,916.6,18.5,842.0,13.110721,78.11475
KA-KLR,2021-07-22,21.8,24.2,20.3,83,91,9.9,9.9,35.1,267,9.24,2.6,913.6,18.8,842.0,13.110721,78.11475
KA-KLR,2021-07-23,22.7,26.4,20.0,81,92,4.9,4.9,31.5,269,17.49,3.87,913.6,19.1,842.0,13.110721,78.11475
KA-KLR,2021-07-24,23.8,28.3,20.5,77,88,1.3,1.3,29.7,270,19.72,4.51,915.1,19.3,842.0,13.110721,78.11475
KA-KLR,2021-07-25,24.3,28.8,21.1,74,88,0.7,0.7,25.7,270,20.3,4.82,916.3,19.1,842.0,13.110721,78.11475
KA-KLR,2021-07-26,23.8,28.1,20.4,74,92,0.3,0.3,25.2,271,13.96,3.8,916.7,18.7,842.0,13.110721,78.11475
KA-KLR,2021-07-27,23.9,28.6,19.8,71,92,0.1,0.1,28.1,267,19.83,5.01,916.3,17.9,842.0,13.110721,78.11475
KA-KLR,2021-07-28,24.1,28.7,20.1,69,89,0.0,0.0,27.8,268,20.11,5.15,916.8,17.8,842.0,13.110721,78.11475
KA-KLR,2021-07-29,23.8,28.1,20.3,70,89,0.3,0.3,29.6,271,17.61,4.66,917.4,17.8,842.0,13.110721,78.11475
KA-KLR,2021-07-30,24.1,28.9,20.3,68,85,0.2,0.2,28.9,277,18.5,4.9,918.2,17.7,842.0,13.110721,78.11475
KA-KLR,2021-07-31,24.0,29.0,20.1,70,87,0.6,0.6,31.0,283,19.85,5.07,918.5,17.9,842.0,13.110721,78.11475
KA-KLR,2021-08-01,24.0,28.7,20.3,68,85,0.1,0.1,29.8,278,17.41,4.77,917.5,17.5,842.0,13.110721,78.11475
KA-KLR,2021-08-02,24.0,29.2,19.5,68,88,1.0,1.0,28.8,271,22.45,5.51,917.5,17.4,842.0,13.110721,78.11475
KA-KLR,2021-08-03,24.2,29.0,20.1,69,89,0.1,0.1,27.7,277,20.62,5.26,918.9,17.7,842.0,13.110721,78.11475
KA-KLR,2021-08-04,24.3,29.1,20.6,71,87,1.2,1.2,29.5,280,18.38,4.86,919.2,18.4,842.0,13.110721,78.11475
KA-KLR,2021-08-05,24.0,28.7,19.9,73,89,1.3,1.3,27.9,272,18.75,4.63,917.4,18.6,842.0,13.110721,78.11475
KA-KLR,2021-08-06,24.4,29.4,20.6,72,89,0.7,0.7,26.8,275,19.53,4.83,916.4,18.7,842.0,13.110721,78.11475
KA-KLR,2021-08-07,24.1,29.4,20.3,76,94,1.9,1.9,22.2,276,21.66,4.82,917.0,19.3,842.0,13.110721,78.11475
KA-KLR,2021-08-08,24.7,29.7,20.3,76,95,1.5,1.5,17.1,279,21.73,4.69,917.7,19.9,842.0,13.110721,78.11475
KA-KLR,2021-08-09,24.8,29.8,20.7,77,96,1.9,1.9,15.5,281,21.39,4.62,918.2,20.1,842.0,13.110721,78.11475
KA-KLR,2021-08-10,24.1,28.6,20.7,76,94,0.6,0.6,19.5,293,16.66,4.0,917.9,19.2,842.0,13.110721,78.11475
KA-KLR,2021-08-11,24.4,29.3,20.9,75,89,1.2,1.2,21.2,297,21.46,4.85,917.9,19.4,842.0,13.110721,78.11475
KA-KLR,2021-08-12,23.7,28.5,21.0,78,90,2.8,2.8,24.8,293,17.4,4.11,918.4,19.4,842.0,13.110721,78.11475
KA-KLR,2021-08-13,23.6,29.0,20.2,76,93,1.6,1.6,24.4,298,16.16,4.02,917.2,18.8,842.0,13.110721,78.11475
KA-KLR,2021-08-14,24.0,29.0,20.0,72,93,0.0,0.0,23.4,294,19.17,4.74,916.0,18.2,842.0,13.110721,78.11475
KA-KLR,2021-08-15,23.5,27.9,19.8,73,90,0.7,0.7,27.1,284,16.29,4.15,916.4,17.9,842.0,13.110721,78.11475
KA-KLR,2021-08-16,24.0,28.2,20.3,71,89,0.0,0.0,22.9,287,18.09,4.46,917.2,18.2,842.0,13.110721,78.11475
KA-KLR,2021-08-17,23.4,27.7,20.6,76,93,0.4,0.4,18.3,272,14.37,3.48,917.5,18.7,842.0,13.110721,78.11475
KA-KLR,2021-08-18,24.2,29.6,20.1,73,93,0.4,0.4,19.2,264,20.11,4.88,916.4,18.6,842.0,13.110721,78.11475
KA-KLR,2021-08-19,24.2,28.3,20.7,70,90,0.0,0.0,23.9,277,16.6,4.49,916.0,18.1,842.0,13.110721,78.11475
KA-KLR,2021-08-20,24.6,29.6,20.5,68,91,0.0,0.0,15.0,291,20.12,4.77,916.6,17.7,842.0,13.110721,78.11475
KA-KLR,2021-08-21,23.4,29.3,20.9,79,97,5.1,5.1,12.6,270,16.52,3.63,917.9,19.2,842.0,13.110721,78.11475
KA-KLR,2021-08-22,23.2,29.2,19.6,81,98,7.7,7.7,9.1,250,19.88,4.06,917.8,19.4,842.0,13.110721,78.11475
KA-KLR,2021-08-23,23.0,28.6,19.2,83,98,10.0,10.0,10.1,249,20.07,4.05,917.5,19.6,842.0,13.110721,78.11475
KA-KLR,2021-08-24,23.8,28.9,19.7,80,97,5.4,5.4,12.6,277,22.63,4.61,917.3,19.8,842.0,13.110721,78.11475
KA-KLR,2021-08-25,23.6,28.1,20.2,82,96,8.2,8.2,14.8,276,19.9,4.07,916.7,20.1,842.0,13.110721,78.11475
KA-KLR,2021-08-26,24.1,29.3,20.3,78,96,3.3,3.3,12.7,267,21.78,4.54,915.4,19.6,842.0,13.110721,78.11475
KA-KLR,2021-08-27,23.4,28.2,20.6,84,96,12.6,12.6,14.3,275,18.66,3.84,914.9,20.3,842.0,13.110721,78.11475
KA-KLR,2021-08-28,22.3,25.2,20.6,86,96,6.2,6.2,19.5,275,10.36,2.36,913.7,19.8,842.0,13.110721,78.11475
KA-KLR,2021-08-29,22.0,25.5,20.3,87,95,17.4,17.4,20.6,272,8.94,2.14,913.1,19.6,842.0,13.110721,78.11475
KA-KLR,2021-08-30,22.9,27.2,20.2,80,93,1.0,1.0,23.9,278,19.13,4.1,914.4,19.0,842.0,13.110721,78.11475
KA-KLR,2021-08-31,23.8,28.8,19.8,73,95,0.0,0.0,17.9,279,21.6,4.62,915.6,18.3,842.0,13.110721,78.11475
KA-KLR,2021-09-01,24.1,28.6,20.4,73,94,0.4,0.4,11.5,280,19.75,4.33,916.9,18.6,842.0,13.110721,78.11475
KA-KLR,2021-09-02,23.1,28.0,20.3,83,96,19.1,19.1,15.8,292,17.68,3.64,916.5,19.8,842.0,13.110721,78.11475
KA-KLR,2021-09-03,22.4,26.6,20.2,85,95,14.6,14.6,17.3,289,13.36,2.86,915.7,19.6,842.0,13.110721,78.11475
KA-KLR,2021-09-04,22.1,26.1,20.2,87,95,7.5,7.5,18.9,276,10.32,2.29,915.7,19.8,842.0,13.110721,78.11475
KA-KLR,2021-09-05,22.6,26.6,20.3,84,95,6.7,6.7,24.9,272,16.34,3.44,915.6,19.7,842.0,13.110721,78.11475
KA-KLR,2021-09-06,22.5,26.8,20.5,82,94,4.2,4.2,28.2,274,14.12,3.31,915.3,19.1,842.0,13.110721,78.11475
KA-KLR,2021-09-07,23.2,26.7,20.0,75,88,0.9,0.9,27.2,259,18.01,4.28,915.5,18.3,842.0,13.110721,78.11475
KA-KLR,2021-09-08,23.7,28.1,20.3,74,92,0.2,0.2,24.4,253,19.82,4.68,917.1,18.5,842.0,13.110721,78.11475
KA-KLR,2021-09-09,24.0,28.5,19.8,73,92,0.2,0.2,25.1,272,21.02,4.78,918.1,18.5,842.0,13.110721,78.11475
KA-KLR,2021-09-10,24.1,28.8,19.5,72,95,0.0,0.0,26.7,281,22.32,5.08,917.7,18.3,842.0,13.110721,78.11475
KA-KLR,2021-09-11,23.6,28.5,20.1,77,92,1.6,1.6,23.8,265,19.48,4.45,916.6,19.1,842.0,13.110721,78.11475
KA-KLR,2021-09-12,23.5,27.0,20.7,78,90,2.4,2.4,25.5,260,17.3,4.05,915.3,19.3,842.0,13.110721,78.11475
KA-KLR,2021-09-13,23.9,28.0,20.7,74,88,0.2,0.2,29.8,259,15.72,4.22,914.8,18.7,842.0,13.110721,78.11475
KA-KLR,2021-09-14,24.3,28.8,21.0,71,89,0.0,0.0,25.9,262,19.35,4.73,915.5,18.5,842.0,13.110721,78.11475
KA-KLR,2021-09-15,24.2,29.1,19.5,74,96,0.4,0.4,17.7,262,23.66,5.12,916.5,18.8,842.0,13.110721,78.11475
KA-KLR,2021-09-16,24.3,28.9,19.7,71,95,0.7,0.7,18.2,278,22.57,5.0,916.5,18.3,842.0,13.110721,78.11475
KA-KLR,2021-09-17,24.5,29.2,20.1,67,91,0.9,0.9,13.0,291,22.19,5.0,916.3,17.4,842.0,13.110721,78.11475
KA-KLR,2021-09-18,24.8,29.6,19.9,66,88,0.1,0.1,11.2,287,22.69,4.86,917.7,17.6,842.0,13.110721,78.11475
KA-KLR,2021-09-19,25.0,30.1,21.0,67,93,2.6,2.6,9.7,326,22.85,4.9,919.0,18.0,842.0,13.110721,78.11475
KA-KLR,2021-09-20,24.3,29.0,20.5,76,97,0.9,0.9,12.0,271,19.93,4.23,918.1,19.5,842.0,13.110721,78.11475
KA-KLR,2021-09-21,24.7,29.5,20.6,70,89,1.9,1.9,15.6,281,22.28,5.11,917.3,18.2,842.0,13.110721,78.11475
KA-KLR,2021-09-22,24.2,29.0,20.3,73,94,0.0,0.0,20.3,292,16.72,4.1,916.0,18.6,842.0,13.110721,78.11475
KA-KLR,2021-09-23,24.5,29.4,20.6,72,92,1.5,1.5,18.1,289,20.39,4.78,916.0,18.5,842.0,13.110721,78.11475
KA-KLR,2021-09-24,24.5,29.5,20.2,74,94,2.3,2.3,18.4,304,22.77,4.86,916.8,19.0,842.0,13.110721,78.11475
KA-KLR,2021-09-25,23.8,28.6,20.4,80,95,7.5,7.5,14.8,292,18.23,3.89,916.5,20.0,842.0,13.110721,78.11475
KA-KLR,2021-09-26,23.7,28.1,20.2,73,95,0.1,0.1,20.7,298,17.51,4.07,914.6,18.3,842.0,13.110721,78.11475
KA-KLR,2021-09-27,23.6,28.4,20.3,74,93,0.5,0.5,24.8,277,21.13,4.93,913.4,18.2,842.0,13.110721,78.11475
KA-KLR,2021-09-28,23.8,28.2,20.0,70,90,0.1,0.1,25.6,261,18.93,4.73,915.4,17.6,842.0,13.110721,78.11475
KA-KLR,2021-09-29,23.8,29.1,19.2,73,95,1.0,1.0,21.3,273,21.44,4.75,917.2,18.2,842.0,13.110721,78.11475
KA-KLR,2021-09-30,23.3,28.0,20.3,82,95,3.2,3.2,10.3,314,15.14,3.13,918.0,19.9,842.0,13.110721,78.11475
KA-KLR,2021-10-01,23.3,27.7,19.6,84,97,13.6,13.6,16.6,52,17.08,3.49,917.5,20.1,842.0,13.110721,78.11475
KA-KLR,2021-10-02,23.4,28.3,20.3,84,99,7.3,7.3,15.2,75,19.25,3.85,917.4,20.3,842.0,13.110721,78.11475
KA-KLR,2021-10-03,23.6,28.6,20.7,84,100,3.1,3.1,13.5,99,19.4,4.0,917.1,20.3,842.0,13.110721,78.11475
KA-KLR,2021-10-04,23.8,28.9,20.2,82,100,4.4,4.4,17.3,72,22.12,4.52,916.6,20.1,842.0,13.110721,78.11475
KA-KLR,2021-10-05,23.1,28.6,20.4,86,100,5.6,5.6,14.5,21,16.91,3.46,916.2,20.3,842.0,13.110721,78.11475
KA-KLR,2021-10-06,22.4,26.4,20.3,90,98,28.2,28.2,16.9,92,16.07,3.07,915.0,20.5,842.0,13.110721,78.11475
KA-KLR,2021-10-07,23.7,28.5,19.8,82,98,4.4,4.4,10.5,238,19.38,3.95,915.8,20.0,842.0,13.110721,78.11475
KA-KLR,2021-10-08,23.1,27.3,20.7,86,97,15.5,15.5,13.8,280,15.47,3.12,916.7,20.6,842.0,13.110721,78.11475
KA-KLR,2021-10-09,22.8,27.0,19.9,85,97,6.5,6.5,15.6,278,16.97,3.42,917.8,20.0,842.0,13.110721,78.11475
KA-KLR,2021-10-10,23.0,27.8,20.3,85,97,17.3,17.3,17.6,296,16.4,3.35,917.4,20.2,842.0,13.110721,78.11475
KA-KLR,2021-10-11,22.7,27.0,20.0,88,97,13.0,13.0,13.8,299,17.21,3.34,916.1,20.4,842.0,13.110721,78.11475
KA-KLR,2021-10-12,22.4,27.1,20.0,87,97,12.0,12.0,14.1,269,17.45,3.41,915.9,19.9,842.0,13.110721,78.11475
KA-KLR,2021-10-13,22.1,27.6,19.6,88,98,12.9,12.9,16.9,280,15.33,2.99,915.5,19.9,842.0,13.110721,78.11475
KA-KLR,2021-10-14,23.2,28.1,19.7,83,97,7.4,7.4,11.3,290,18.42,3.69,915.0,19.9,842.0,13.110721,78.11475
KA-KLR,2021-10-15,22.9,27.8,19.6,87,98,8.4,8.4,13.0,298,17.34,3.41,912.9,20.3,842.0,13.110721,78.11475
KA-KLR,2021-10-16,23.1,28.3,19.9,86,98,13.9,13.9,12.0,227,17.98,3.64,912.3,20.4,842.0,13.110721,78.11475
KA-KLR,2021-10-17,23.4,28.8,19.8,82,97,3.7,3.7,11.7,280,18.12,3.77,914.0,20.0,842.0,13.110721,78.11475
KA-KLR,2021-10-18,23.3,28.4,20.4,81,96,1.4,1.4,17.6,283,19.53,4.06,916.8,19.6,842.0,13.110721,78.11475
KA-KLR,2021-10-19,23.6,27.7,20.3,79,96,1.0,1.0,15.8,296,18.23,3.79,919.1,19.4,842.0,13.110721,78.11475
KA-KLR,2021-10-20,23.8,29.0,20.2,78,98,7.1,7.1,13.8,54,18.45,3.83,920.7,19.5,842.0,13.110721,78.11475
KA-KLR,2021-10-21,23.0,28.3,19.4,84,100,18.9,18.9,14.4,62,20.58,4.09,920.8,19.8,842.0,13.110721,78.11475
KA-KLR,2021-10-22,23.0,27.8,18.7,82,100,3.1,3.1,9.7,95,20.88,4.14,921.0,19.5,842.0,13.110721,78.11475
KA-KLR,2021-10-23,22.9,28.0,19.3,85,99,1.7,1.7,10.5,125,18.87,3.79,921.4,19.9,842.0,13.110721,78.11475
KA-KLR,2021-10-24,21.7,27.6,18.9,87,98,6.0,6.0,10.2,339,16.89,3.23,921.1,19.3,842.0,13.110721,78.11475
KA-KLR,2021-10-25,22.4,27.4,18.4,80,99,0.2,0.2,15.3,40,20.99,4.23,919.9,18.3,842.0,13.110721,78.11475
KA-KLR,2021-10-26,22.3,27.6,18.4,78,100,0.6,0.6,13.8,58,20.17,4.15,919.0,17.8,842.0,13.110721,78.11475
KA-KLR,2021-10-27,22.1,27.0,17.9,76,100,0.0,0.0,16.5,45,19.02,4.02,919.2,17.2,842.0,13.110721,78.11475
KA-KLR,2021-10-28,22.0,27.0,16.9,74,100,0.0,0.0,15.3,33,17.24,3.8,919.3,16.6,842.0,13.110721,78.11475
KA-KLR,2021-10-29,21.6,26.6,18.9,86,98,7.7,7.7,19.1,53,13.6,2.74,919.8,19.1,842.0,13.110721,78.11475
KA-KLR,2021-10-30,22.3,26.7,19.6,86,98,1.7,1.7,16.8,67,15.97,3.17,920.9,19.7,842.0,13.110721,78.11475
KA-KLR,2021-10-31,22.1,26.4,19.4,88,100,3.5,3.5,18.8,50,16.38,3.2,920.5,19.7,842.0,13.110721,78.11475
KA-KLR,2021-11-01,21.3,24.2,19.9,92,99,12.0,12.0,16.9,63,9.53,1.88,919.4,19.9,842.0,13.110721,78.11475
KA-KLR,2021-11-02,21.3,23.6,19.8,91,98,3.4,3.4,19.5,91,9.86,1.91,919.3,19.7,842.0,13.110721,78.11475
KA-KLR,2021-11-03,21.5,24.3,19.8,90,99,3.6,3.6,15.2,90,13.14,2.49,919.3,19.6,842.0,13.110721,78.11475
KA-KLR,2021-11-04,21.6,26.2,19.5,88,100,0.9,0.9,13.4,67,12.44,2.48,919.0,19.4,842.0,13.110721,78.11475
KA-KLR,2021-11-05,21.1,25.0,18.9,91,98,11.7,11.7,11.0,15,10.22,1.97,918.9,19.5,842.0,13.110721,78.11475
KA-KLR,2021-11-06,21.7,26.0,19.4,86,99,2.0,2.0,14.6,14,14.27,2.9,917.8,19.1,842.0,13.110721,78.11475
KA-KLR,2021-11-07,20.5,22.5,19.3,93,98,9.2,9.2,16.3,17,6.24,1.28,917.8,19.3,842.0,13.110721,78.11475
KA-KLR,2021-11-08,20.3,22.7,18.9,89,97,4.7,4.7,15.0,30,8.06,1.72,918.7,18.3,842.0,13.110721,78.11475
KA-KLR,2021-11-09,20.6,24.9,18.0,80,98,0.1,0.1,18.4,30,14.25,3.0,918.9,16.7,842.0,13.110721,78.11475
KA-KLR,2021-11-10,19.3,22.5,17.3,87,93,7.6,7.6,17.2,6,6.35,1.47,917.9,17.0,842.0,13.110721,78.11475
KA-KLR,2021-11-11,18.2,18.9,17.7,93,95,27.0,27.0,25.6,336,4.42,1.01,914.2,17.0,842.0,13.110721,78.11475
KA-KLR,2021-11-12,20.5,23.4,18.4,92,99,10.6,10.6,21.3,8,7.55,1.54,914.8,19.1,842.0,13.110721,78.11475
KA-KLR,2021-11-13,21.3,25.2,19.5,91,99,18.3,18.3,10.0,91,8.65,1.77,916.4,19.8,842.0,13.110721,78.11475
KA-KLR,2021-11-14,21.5,26.0,19.4,92,100,11.4,11.4,9.3,116,10.41,2.05,916.8,20.0,842.0,13.110721,78.11475
KA-KLR,2021-11-15,21.8,26.5,19.9,90,100,22.5,22.5,12.2,92,12.74,2.5,915.9,19.9,842.0,13.110721,78.11475
KA-KLR,2021-11-16,22.1,26.8,20.2,88,99,11.6,11.6,16.9,114,16.64,3.16,916.2,20.0,842.0,13.110721,78.11475
KA-KLR,2021-11-17,21.8,26.2,19.5,88,100,6.5,6.5,16.5,81,13.27,2.67,917.8,19.6,842.0,13.110721,78.11475
KA-KLR,2021-11-18,20.2,21.2,19.7,96,98,68.7,68.7,24.7,349,2.31,0.61,915.9,19.6,842.0,13.110721,78.11475
KA-KLR,2021-11-19,20.5,22.1,19.3,95,97,26.6,26.6,17.8,329,4.83,1.02,912.6,19.6,842.0,13.110721,78.11475
KA-KLR,2021-11-20,21.9,26.2,20.0,90,99,15.0,15.0,16.6,200,12.31,2.41,914.7,20.0,842.0,13.110721,78.11475
KA-KLR,2021-11-21,21.9,26.4,19.4,87,98,12.3,12.3,9.3,255,17.34,3.35,917.8,19.4,842.0,13.110721,78.11475
KA-KLR,2021-11-22,21.6,26.4,18.3,89,100,4.5,4.5,15.8,60,16.29,3.09,919.3,19.5,842.0,13.110721,78.11475
KA-KLR,2021-11-23,22.4,26.7,19.5,85,100,1.4,1.4,13.0,70,16.96,3.38,919.1,19.5,842.0,13.110721,78.11475
KA-KLR,2021-11-24,21.5,26.3,18.3,87,100,3.0,3.0,16.4,72,16.95,3.21,919.3,19.0,842.0,13.110721,78.11475
KA-KLR,2021-11-25,21.7,25.7,19.1,83,100,0.1,0.1,20.1,48,14.05,2.98,919.3,18.5,842.0,13.110721,78.11475
KA-KLR,2021-11-26,21.4,24.9,18.2,81,99,0.1,0.1,22.4,43,12.16,2.75,919.6,17.9,842.0,13.110721,78.11475
KA-KLR,2021-11-27,20.0,21.5,18.6,89,98,8.9,8.9,21.7,34,6.27,1.45,919.4,18.2,842.0,13.110721,78.11475
KA-KLR,2021-11-28,20.8,23.7,19.9,93,99,13.8,13.8,17.3,63,8.77,1.7,919.6,19.6,842.0,13.110721,78.11475
KA-KLR,2021-11-29,20.9,23.7,19.5,92,100,2.4,2.4,22.4,93,11.82,2.14,920.3,19.4,842.0,13.110721,78.11475
KA-KLR,2021-11-30,21.3,25.3,19.2,88,99,3.2,3.2,21.5,94,16.06,2.97,920.5,19.0,842.0,13.110721,78.11475
KA-KLR,2021-12-01,21.2,25.3,18.6,87,98,3.2,3.2,16.7,107,13.72,2.68,920.1,18.8,842.0,13.110721,78.11475
KA-KLR,2021-12-02,21.6,25.5,19.4,84,96,1.2,1.2,11.3,77,14.45,2.85,920.0,18.7,842.0,13.110721,78.11475
KA-KLR,2021-12-03,21.2,26.0,17.7,85,99,0.3,0.3,9.6,59,15.35,3.0,920.1,18.3,842.0,13.110721,78.11475
KA-KLR,2021-12-04,21.4,26.5,16.9,84,100,1.9,1.9,7.9,309,17.44,3.41,920.1,18.4,842.0,13.110721,78.11475
KA-KLR,2021-12-05,22.1,26.8,18.4,80,98,0.2,0.2,8.7,340,19.18,3.78,920.2,18.2,842.0,13.110721,78.11475
KA-KLR,2021-12-06,21.5,25.7,18.0,83,98,0.7,0.7,9.6,42,17.26,3.32,920.0,18.3,842.0,13.110721,78.11475
KA-KLR,2021-12-07,21.6,26.8,17.4,77,100,0.0,0.0,12.0,45,18.23,3.68,920.4,17.0,842.0,13.110721,78.11475
KA-KLR,2021-12-08,21.3,26.8,17.2,81,100,0.0,0.0,13.1,72,19.0,3.75,920.7,17.3,842.0,13.110721,78.11475
KA-KLR,2021-12-09,22.2,26.8,19.8,81,97,1.0,1.0,13.7,81,16.8,3.42,922.0,18.4,842.0,13.110721,78.11475
KA-KLR,2021-12-10,21.3,26.0,18.2,80,99,0.1,0.1,17.1,85,17.51,3.54,922.6,17.2,842.0,13.110721,78.11475
KA-KLR,2021-12-11,21.0,25.1,19.0,86,98,3.0,3.0,17.9,70,13.22,2.56,922.2,18.5,842.0,13.110721,78.11475
KA-KLR,2021-12-12,20.8,25.0,17.9,83,98,0.7,0.7,20.2,68,14.54,2.98,922.3,17.6,842.0,13.110721,78.11475
KA-KLR,2021-12-13,20.5,24.1,18.7,87,98,2.8,2.8,17.4,66,13.31,2.56,921.3,18.2,842.0,13.110721,78.11475
KA-KLR,2021-12-14,20.6,24.3,18.4,85,98,1.4,1.4,18.1,72,13.48,2.7,920.9,17.7,842.0,13.110721,78.11475
KA-KLR,2021-12-15,20.3,24.8,17.6,82,99,0.1,0.1,16.4,62,15.42,3.05,921.3,16.6,842.0,13.110721,78.11475
KA-KLR,2021-12-16,20.4,25.5,16.4,79,99,0.0,0.0,14.1,54,18.31,3.61,922.0,16.2,842.0,13.110721,78.11475
KA-KLR,2021-12-17,20.3,25.2,17.2,76,98,0.0,0.0,11.2,64,19.92,3.84,922.4,15.6,842.0,13.110721,78.11475
KA-KLR,2021-12-18,19.3,24.7,15.3,76,99,0.0,0.0,12.8,34,21.06,3.98,921.6,14.4,842.0,13.110721,78.11475
KA-KLR,2021-12-19,18.1,23.4,13.5,73,98,0.0,0.0,14.3,69,21.6,4.05,922.3,12.3,842.0,13.110721,78.11475
KA-KLR,2021-12-20,17.7,23.7,12.4,80,98,0.0,0.0,11.5,80,20.87,3.71,922.1,13.8,842.0,13.110721,78.11475
KA-KLR,2021-12-21,18.1,24.2,13.1,79,100,0.0,0.0,8.9,94,20.66,3.77,922.1,13.9,842.0,13.110721,78.11475
KA-KLR,2021-12-22,18.8,25.1,13.4,76,96,0.0,0.0,10.3,97,21.16,3.92,920.9,13.7,842.0,13.110721,78.11475
KA-KLR,2021-12-23,18.8,25.6,13.3,75,100,0.0,0.0,8.3,100,20.93,3.98,920.5,13.3,842.0,13.110721,78.11475
KA-KLR,2021-12-24,18.4,25.7,12.2,69,97,0.0,0.0,9.0,131,21.24,4.11,920.3,11.5,842.0,13.110721,78.11475
KA-KLR,2021-12-25,19.3,26.8,13.0,69,92,0.0,0.0,10.2,113,21.35,4.18,921.0,12.5,842.0,13.110721,78.11475
KA-KLR,2021-12-26,19.4,26.4,12.9,75,100,0.0,0.0,10.8,107,20.89,4.12,922.0,14.0,842.0,13.110721,78.11475
KA-KLR,2021-12-27,19.2,25.1,15.4,79,100,0.0,0.0,12.7,116,19.79,3.77,922.7,15.0,842.0,13.110721,78.11475
KA-KLR,2021-12-28,19.7,25.5,16.0,81,100,0.2,0.2,14.6,108,15.25,3.12,922.1,15.8,842.0,13.110721,78.11475
KA-KLR,2021-12-29,20.4,26.0,16.6,78,99,0.2,0.2,14.7,114,16.57,3.42,921.5,15.8,842.0,13.110721,78.11475
KA-KLR,2021-12-30,19.5,24.5,15.7,85,100,3.3,3.3,17.6,83,14.77,2.89,922.5,16.6,842.0,13.110721,78.11475
KA-KLR,2021-12-31,20.0,24.5,18.1,87,97,5.7,5.7,22.3,73,15.08,2.83,923.5,17.6,842.0,13.110721,78.11475
KA-KLR,2022-01-01,20.4,25.1,18.2,85,99,3.9,3.9,20.3,73,15.92,3.05,923.8,17.6,842.0,13.110721,78.11475
KA-KLR,2022-01-02,20.1,25.3,16.2,80,99,0.0,0.0,18.0,88,16.64,3.41,922.8,16.1,842.0,13.110721,78.11475
KA-KLR,2022-01-03,19.8,25.2,16.2,77,100,0.0,0.0,12.7,83,17.49,3.52,922.2,15.1,842.0,13.110721,78.11475
KA-KLR,2022-01-04,19.8,25.3,16.2,74,98,0.0,0.0,13.8,74,20.71,4.04,922.3,14.2,842.0,13.110721,78.11475
KA-KLR,2022-01-05,19.3,25.3,14.1,75,100,0.0,0.0,11.8,87,20.79,3.94,922.0,13.8,842.0,13.110721,78.11475
KA-KLR,2022-01-06,20.5,26.0,16.9,75,99,0.0,0.0,13.0,113,20.5,4.06,921.3,15.5,842.0,13.110721,78.11475
KA-KLR,2022-01-07,21.1,26.4,17.6,74,100,0.1,0.1,15.4,133,16.48,3.55,921.6,15.7,842.0,13.110721,78.11475
KA-KLR,2022-01-08,21.3,26.8,17.7,74,96,0.2,0.2,14.3,122,17.33,3.64,921.9,16.0,842.0,13.110721,78.11475
KA-KLR,2022-01-09,21.4,26.6,17.7,73,99,0.0,0.0,14.8,128,17.86,3.67,920.8,15.9,842.0,13.110721,78.11475
KA-KLR,2022-01-10,20.9,26.6,16.6,77,99,0.1,0.1,14.3,134,18.99,3.95,920.7,16.1,842.0,13.110721,78.11475
KA-KLR,2022-01-11,21.3,27.2,17.2,76,100,0.0,0.0,11.2,144,19.62,4.04,920.6,16.2,842.0,13.110721,78.11475
KA-KLR,2022-01-12,22.0,27.3,18.0,73,98,0.1,0.1,13.0,171,19.08,4.1,920.1,16.2,842.0,13.110721,78.11475
KA-KLR,2022-01-13,22.0,28.1,18.0,70,99,0.1,0.1,13.4,189,20.38,4.3,919.7,15.6,842.0,13.110721,78.11475
KA-KLR,2022-01-14,21.7,26.9,17.8,73,98,0.1,0.1,12.8,179,19.05,3.99,919.6,16.0,842.0,13.110721,78.11475
KA-KLR,2022-01-15,21.9,28.1,17.1,74,99,1.3,1.3,14.1,145,19.98,4.04,920.3,16.1,842.0,13.110721,78.11475
KA-KLR,2022-01-16,21.0,25.5,18.0,79,99,2.2,2.2,16.7,95,17.61,3.6,921.7,16.8,842.0,13.110721,78.11475
KA-KLR,2022-01-17,20.3,25.0,17.0,79,98,1.0,1.0,17.0,85,16.92,3.47,923.2,16.2,842.0,13.110721,78.11475
KA-KLR,2022-01-18,20.8,26.3,16.8,71,99,0.0,0.0,11.8,79,18.38,3.8,922.5,14.5,842.0,13.110721,78.11475
KA-KLR,2022-01-19,20.6,26.1,16.7,65,98,0.0,0.0,11.9,37,21.57,4.49,921.0,12.9,842.0,13.110721,78.11475
KA-KLR,2022-01-20,20.2,27.3,13.1,60,93,0.0,0.0,10.2,33,22.24,4.57,919.0,11.4,842.0,13.110721,78.11475
KA-KLR,2022-01-21,21.4,29.7,14.6,56,91,0.0,0.0,14.1,305,22.51,5.13,919.0,10.7,842.0,13.110721,78.11475
KA-KLR,2022-01-22,21.7,29.6,14.9,50,87,0.0,0.0,12.1,286,22.41,5.13,917.7,9.6,842.0,13.110721,78.11475
KA-KLR,2022-01-23,21.8,29.3,15.4,51,76,0.0,0.0,11.2,251,22.51,5.0,917.6,10.1,842.0,13.110721,78.11475
KA-KLR,2022-01-24,20.7,27.7,14.2,52,74,0.0,0.0,12.5,286,20.81,4.57,917.2,10.0,842.0,13.110721,78.11475
KA-KLR,2022-01-25,20.8,27.2,15.0,71,100,0.0,0.0,12.0,163,17.82,3.85,917.6,14.6,842.0,13.110721,78.11475
KA-KLR,2022-01-26,21.4,26.3,16.7,71,99,0.6,0.6,10.1,147,16.43,3.54,918.5,15.3,842.0,13.110721,78.11475
KA-KLR,2022-01-27,20.8,25.6,17.9,78,98,2.2,2.2,13.8,118,15.56,3.31,919.1,16.3,842.0,13.110721,78.11475
KA-KLR,2022-01-28,20.5,25.7,17.1,75,97,0.4,0.4,18.8,79,17.43,3.77,920.5,15.3,842.0,13.110721,78.11475
KA-KLR,2022-01-29,20.4,25.8,15.5,78,99,0.2,0.2,17.0,81,15.42,3.31,921.4,16.0,842.0,13.110721,78.11475
KA-KLR,2022-01-30,21.6,27.4,17.4,77,100,0.0,0.0,10.7,131,16.71,3.44,920.7,16.8,842.0,13.110721,78.11475
KA-KLR,2022-01-31,22.7,28.4,18.3,70,97,0.0,0.0,15.3,117,22.23,4.47,920.0,15.8,842.0,13.110721,78.11475
KA-KLR,2022-02-01,22.6,28.4,18.7,68,98,0.0,0.0,12.8,117,22.9,4.65,919.5,15.7,842.0,13.110721,78.11475
KA-KLR,2022-02-02,21.7,28.9,15.5,69,100,0.0,0.0,8.5,113,22.91,4.68,919.7,14.8,842.0,13.110721,78.11475
KA-KLR,2022-02-03,21.7,28.5,15.9,69,100,0.0,0.0,12.6,181,20.9,4.49,919.3,14.9,842.0,13.110721,78.11475
KA-KLR,2022-02-04,22.2,29.5,16.2,54,87,0.0,0.0,14.3,270,23.97,5.38,918.0,10.9,842.0,13.110721,78.11475
KA-KLR,2022-02-05,22.1,28.7,17.0,69,100,0.0,0.0,11.5,143,22.1,4.56,918.9,15.0,842.0,13.110721,78.11475
KA-KLR,2022-02-06,22.3,27.7,19.0,70,99,0.3,0.3,16.7,113,19.88,4.36,921.4,15.9,842.0,13.110721,78.11475
KA-KLR,2022-02-07,22.3,27.9,18.6,67,91,0.1,0.1,14.5,100,18.65,4.09,921.8,15.0,842.0,13.110721,78.11475
KA-KLR,2022-02-08,21.4,28.3,15.1,68,100,0.0,0.0,13.0,98,23.04,4.76,920.6,14.2,842.0,13.110721,78.11475
KA-KLR,2022-02-09,20.9,27.3,15.7,70,99,0.0,0.0,15.0,103,23.32,4.89,920.4,14.3,842.0,13.110721,78.11475
KA-KLR,2022-02-10,20.8,27.9,15.6,64,99,0.0,0.0,12.1,76,24.11,5.0,920.1,12.3,842.0,13.110721,78.11475
KA-KLR,2022-02-11,21.2,28.0,14.1,57,93,0.0,0.0,17.4,75,23.91,5.58,919.8,10.9,842.0,13.110721,78.11475
KA-KLR,2022-02-12,21.2,28.2,15.4,59,82,0.0,0.0,16.8,81,23.88,5.3,919.6,12.1,842.0,13.110721,78.11475
KA-KLR,2022-02-13,21.1,27.6,15.4,66,100,0.0,0.0,13.5,92,23.34,4.88,918.8,13.3,842.0,13.110721,78.11475
KA-KLR,2022-02-14,21.4,27.9,16.5,66,98,0.0,0.0,15.5,85,22.99,4.8,918.8,13.6,842.0,13.110721,78.11475
KA-KLR,2022-02-15,22.0,27.3,17.7,64,90,0.0,0.0,15.5,96,21.82,4.65,918.9,14.0,842.0,13.110721,78.11475
KA-KLR,2022-02-16,21.9,28.4,16.0,63,100,0.0,0.0,17.2,88,20.65,4.82,917.3,13.1,842.0,13.110721,78.11475
KA-KLR,2022-02-17,21.6,28.6,14.9,58,97,0.0,0.0,16.3,97,22.17,5.19,916.4,11.5,842.0,13.110721,78.11475
KA-KLR,2022-02-18,21.2,28.3,15.0,64,100,0.0,0.0,15.9,103,23.44,5.28,918.0,13.1,842.0,13.110721,78.11475
KA-KLR,2022-02-19,21.5,28.6,15.8,64,100,0.0,0.0,15.7,106,24.47,5.46,920.0,12.9,842.0,13.110721,78.11475
KA-KLR,2022-02-20,21.9,29.4,15.2,57,100,0.0,0.0,10.7,78,24.93,5.37,919.1,11.1,842.0,13.110721,78.11475
KA-KLR,2022-02-21,23.1,30.6,15.9,55,93,0.0,0.0,10.2,131,24.7,5.48,918.2,12.3,842.0,13.110721,78.11475
KA-KLR,2022-02-22,23.5,30.3,17.6,55,88,0.0,0.0,14.8,130,24.2,5.74,919.8,12.8,842.0,13.110721,78.11475
KA-KLR,2022-02-23,22.2,28.6,17.3,63,100,0.0,0.0,15.8,110,24.4,5.6,922.2,13.6,842.0,13.110721,78.11475
KA-KLR,2022-02-24,21.4,28.2,16.0,63,100,0.0,0.0,13.0,114,24.98,5.43,923.0,12.5,842.0,13.110721,78.11475
KA-KLR,2022-02-25,21.4,29.4,13.3,55,97,0.0,0.0,14.2,93,25.95,5.95,921.9,9.2,842.0,13.110721,78.11475
KA-KLR,2022-02-26,21.3,28.1,15.0,65,100,0.0,0.0,15.0,110,25.64,5.54,921.9,12.8,842.0,13.110721,78.11475
KA-KLR,2022-02-27,22.5,28.7,17.4,61,98,0.0,0.0,13.7,103,25.4,5.49,922.2,13.2,842.0,13.110721,78.11475
KA-KLR,2022-02-28,22.0,28.8,14.4,52,92,0.0,0.0,11.8,109,25.79,5.81,921.5,10.0,842.0,13.110721,78.11475
KA-KLR,2022-03-01,22.8,29.4,16.1,51,96,0.0,0.0,18.6,107,24.83,6.23,921.8,9.8,842.0,13.110721,78.11475
KA-KLR,2022-03-02,22.3,29.7,15.6,38,67,0.0,0.0,18.2,100,25.8,6.53,921.1,5.7,842.0,13.110721,78.11475
KA-KLR,2022-03-03,21.9,29.3,14.1,46,81,0.0,0.0,21.7,76,24.05,6.27,920.7,8.2,842.0,13.110721,78.11475
KA-KLR,2022-03-04,22.4,30.4,15.2,48,81,0.0,0.0,21.9,42,25.75,6.51,920.4,8.4,842.0,13.110721,78.11475
KA-KLR,2022-03-05,22.2,29.8,14.7,55,95,0.0,0.0,20.8,39,24.91,6.13,919.8,10.8,842.0,13.110721,78.11475
KA-KLR,2022-03-06,22.1,29.9,15.0,64,96,0.0,0.0,20.9,66,22.05,5.42,919.6,13.9,842.0,13.110721,78.11475
KA-KLR,2022-03-07,21.3,26.3,17.8,70,88,3.9,3.9,22.0,96,13.86,3.58,919.9,15.3,842.0,13.110721,78.11475
KA-KLR,2022-03-08,22.9,29.6,16.7,60,99,0.0,0.0,14.5,116,25.8,5.88,920.1,13.3,842.0,13.110721,78.11475
KA-KLR,2022-03-09,23.7,31.2,15.7,51,89,0.0,0.0,16.3,112,25.97,6.47,919.6,11.2,842.0,13.110721,78.11475
KA-KLR,2022-03-10,24.2,31.6,17.1,44,72,0.0,0.0,15.7,104,26.05,6.62,919.4,9.6,842.0,13.110721,78.11475
KA-KLR,2022-03-11,24.0,31.6,15.9,40,67,0.0,0.0,17.4,90,26.48,6.98,919.0,7.5,842.0,13.110721,78.11475
KA-KLR,2022-03-12,24.1,31.6,16.3,39,66,0.0,0.0,17.7,89,26.31,6.92,918.6,7.6,842.0,13.110721,78.11475
KA-KLR,2022-03-13,24.1,30.8,16.5,38,56,0.0,0.0,17.7,89,22.81,6.44,919.1,8.0,842.0,13.110721,78.11475
KA-KLR,2022-03-14,24.7,32.2,16.9,46,75,0.0,0.0,15.5,97,25.99,6.64,919.4,10.9,842.0,13.110721,78.11475
KA-KLR,2022-03-15,24.6,32.4,17.7,43,80,0.0,0.0,14.0,51,26.19,6.49,918.3,8.8,842.0,13.110721,78.11475
KA-KLR,2022-03-16,24.7,32.8,17.6,44,82,0.0,0.0,18.0,56,26.22,6.74,917.3,9.4,842.0,13.110721,78.11475
KA-KLR,2022-03-17,26.3,33.6,18.9,33,52,0.0,0.0,14.1,101,25.65,6.76,917.0,7.6,842.0,13.110721,78.11475
KA-KLR,2022-03-18,26.3,34.4,19.4,37,65,0.0,0.0,13.5,157,26.06,6.58,916.7,9.0,842.0,13.110721,78.11475
KA-KLR,2022-03-19,26.3,32.4,19.3,41,72,0.0,0.0,10.7,230,21.51,5.34,916.4,11.0,842.0,13.110721,78.11475
KA-KLR,2022-03-20,25.5,30.5,22.0,51,71,0.2,0.2,14.1,284,13.84,4.23,916.7,14.2,842.0,13.110721,78.11475
KA-KLR,2022-03-21,25.7,32.3,21.5,56,76,0.0,0.0,19.0,298,21.18,5.2,917.1,15.6,842.0,13.110721,78.11475
KA-KLR,2022-03-22,25.2,30.5,21.0,62,81,0.2,0.2,13.1,317,13.91,3.77,917.6,16.9,842.0,13.110721,78.11475
KA-KLR,2022-03-23,26.3,33.3,20.4,57,95,0.2,0.2,16.3,95,23.6,5.94,917.2,16.1,842.0,13.110721,78.11475
KA-KLR,2022-03-24,26.1,32.6,20.6,61,98,0.0,0.0,15.2,133,22.68,5.5,917.5,16.9,842.0,13.110721,78.11475
KA-KLR,2022-03-25,25.9,32.3,20.0,63,97,0.6,0.6,13.0,139,23.34,5.49,918.5,17.3,842.0,13.110721,78.11475
KA-KLR,2022-03-26,26.4,32.5,20.2,62,97,0.0,0.0,12.6,145,24.17,5.68,920.1,17.4,842.0,13.110721,78.11475
KA-KLR,2022-03-27,26.5,33.1,20.9,59,99,0.0,0.0,16.7,130,24.5,6.1,920.5,16.3,842.0,13.110721,78.11475
KA-KLR,2022-03-28,26.7,33.6,20.4,56,95,0.0,0.0,15.3,141,24.94,6.27,919.9,15.6,842.0,13.110721,78.11475
KA-KLR,2022-03-29,27.2,33.6,21.0,54,89,0.0,0.0,14.0,161,24.21,6.07,918.9,15.8,842.0,13.110721,78.11475
KA-KLR,2022-03-30,27.4,33.7,22.1,48,74,0.1,0.1,12.2,166,23.79,6.13,918.6,14.5,842.0,13.110721,78.11475
KA-KLR,2022-03-31,27.3,33.6,21.9,47,66,0.0,0.0,12.4,195,24.16,6.14,918.7,13.9,842.0,13.110721,78.11475
KA-KLR,2022-04-01,27.0,33.6,20.9,49,87,0.0,0.0,14.2,151,24.26,6.39,918.9,14.1,842.0,13.110721,78.11475
KA-KLR,2022-04-02,26.3,32.8,20.3,57,99,0.0,0.0,13.6,150,24.8,6.16,919.9,15.6,842.0,13.110721,78.11475
KA-KLR,2022-04-03,25.7,33.0,19.6,57,99,0.0,0.0,16.7,145,26.13,6.37,919.3,15.0,842.0,13.110721,78.11475
KA-KLR,2022-04-04,25.7,32.5,19.6,57,100,0.0,0.0,17.0,139,25.48,6.41,920.1,15.0,842.0,13.110721,78.11475
KA-KLR,2022-04-05,25.5,32.4,19.4,56,100,0.0,0.0,17.3,139,25.91,6.48,921.6,14.1,842.0,13.110721,78.11475
KA-KLR,2022-04-06,25.5,33.2,19.0,56,99,0.0,0.0,14.3,134,26.73,6.49,921.4,14.0,842.0,13.110721,78.11475
KA-KLR,2022-04-07,26.2,33.9,18.9,55,96,0.0,0.0,19.9,100,26.12,6.67,920.4,14.3,842.0,13.110721,78.11475
KA-KLR,2022-04-08,25.9,32.6,20.4,63,100,0.0,0.0,13.4,120,24.97,5.91,919.6,16.8,842.0,13.110721,78.11475
KA-KLR,2022-04-09,26.1,33.2,20.1,60,97,0.0,0.0,15.9,118,25.34,6.17,918.9,16.1,842.0,13.110721,78.11475
KA-KLR,2022-04-10,26.1,32.9,20.2,59,98,0.0,0.0,17.8,102,21.02,5.44,918.4,15.8,842.0,13.110721,78.11475
KA-KLR,2022-04-11,26.2,33.0,20.1,62,100,0.0,0.0,16.6,95,25.47,6.33,917.7,16.7,842.0,13.110721,78.11475
KA-KLR,2022-04-12,25.4,32.1,20.0,67,99,0.0,0.0,17.9,120,22.06,5.44,916.9,17.7,842.0,13.110721,78.11475
KA-KLR,2022-04-13,25.7,31.6,21.6,72,93,1.1,1.1,16.6,129,22.09,5.12,916.7,19.6,842.0,13.110721,78.11475
KA-KLR,2022-04-14,25.9,33.0,20.4,70,100,17.3,17.3,17.2,179,22.08,5.23,917.1,18.9,842.0,13.110721,78.11475
KA-KLR,2022-04-15,26.5,34.4,21.0,64,97,0.1,0.1,24.3,220,21.76,5.25,916.8,17.9,842.0,13.110721,78.11475
KA-KLR,2022-04-16,26.5,34.0,21.1,59,84,0.9,0.9,12.3,297,24.72,6.02,916.0,16.9,842.0,13.110721,78.11475
KA-KLR,2022-04-17,25.7,33.1,20.2,61,89,1.8,1.8,25.1,337,21.51,5.18,916.7,16.9,842.0,13.110721,78.11475
KA-KLR,2022-04-18,25.2,32.4,19.9,66,89,0.1,0.1,19.2,326,24.22,5.55,918.4,17.8,842.0,13.110721,78.11475
KA-KLR,2022-04-19,26.0,33.3,19.6,62,95,0.0,0.0,13.9,56,25.1,5.87,919.4,17.1,842.0,13.110721,78.11475
KA-KLR,2022-04-20,27.0,33.7,20.2,56,88,0.0,0.0,16.4,115,25.06,6.24,918.0,16.1,842.0,13.110721,78.11475
KA-KLR,2022-04-21,26.6,33.5,21.2,61,96,0.0,0.0,16.8,140,25.61,6.31,917.5,16.8,842.0,13.110721,78.11475
KA-KLR,2022-04-22,25.7,32.9,19.7,64,100,0.0,0.0,15.7,133,25.43,6.07,918.4,17.0,842.0,13.110721,78.11475
KA-KLR,2022-04-23,25.9,32.1,20.1,63,95,0.0,0.0,14.2,141,23.49,5.83,919.1,17.0,842.0,13.110721,78.11475
KA-KLR,2022-04-24,26.0,32.8,19.4,57,94,0.0,0.0,16.0,133,20.04,5.07,917.9,15.4,842.0,13.110721,78.11475
KA-KLR,2022-04-25,27.0,33.9,20.8,52,89,0.0,0.0,14.5,152,24.73,6.37,917.5,15.0,842.0,13.110721,78.11475
KA-KLR,2022-04-26,27.4,34.3,21.2,46,66,0.0,0.0,16.6,149,25.73,6.46,917.8,14.0,842.0,13.110721,78.11475
KA-KLR,2022-04-27,27.6,34.5,21.0,54,92,0.0,0.0,16.3,133,26.54,6.86,917.5,16.1,842.0,13.110721,78.11475
KA-KLR,2022-04-28,27.3,34.1,21.2,55,90,0.0,0.0,16.2,155,25.83,6.36,918.2,16.3,842.0,13.110721,78.11475
KA-KLR,2022-04-29,28.6,36.5,20.8,45,74,0.0,0.0,16.0,82,26.32,7.22,918.1,13.9,842.0,13.110721,78.11475
KA-KLR,2022-04-30,28.3,34.8,22.5,53,81,0.1,0.1,18.8,284,24.49,6.34,917.1,16.8,842.0,13.110721,78.11475
KA-KLR,2022-05-01,28.4,35.2,22.2,48,70,0.0,0.0,15.0,317,24.28,6.43,916.0,15.3,842.0,13.110721,78.11475
KA-KLR,2022-05-02,28.5,34.7,23.2,50,77,1.1,1.1,14.9,308,24.15,6.42,916.2,16.3,842.0,13.110721,78.11475
KA-KLR,2022-05-03,27.5,34.6,21.5,58,86,1.0,1.0,15.0,323,24.69,6.17,916.8,17.3,842.0,13.110721,78.11475
KA-KLR,2022-05-04,26.5,34.0,22.0,63,87,0.1,0.1,21.4,171,23.11,5.45,917.7,17.9,842.0,13.110721,78.11475
KA-KLR,2022-05-05,26.4,33.4,20.8,64,97,0.5,0.5,11.9,308,21.77,5.06,917.2,18.1,842.0,13.110721,78.11475
KA-KLR,2022-05-06,26.3,33.5,20.8,64,92,3.8,3.8,11.6,278,22.13,5.17,916.7,18.1,842.0,13.110721,78.11475
KA-KLR,2022-05-07,27.6,33.8,21.5,53,87,0.0,0.0,15.1,333,22.14,5.85,916.2,15.9,842.0,13.110721,78.11475
KA-KLR,2022-05-08,27.5,34.5,21.2,54,88,0.2,0.2,12.6,316,21.9,5.85,914.7,16.3,842.0,13.110721,78.11475
KA-KLR,2022-05-09,27.0,32.9,21.7,58,85,0.3,0.3,18.7,295,16.59,5.05,913.6,17.3,842.0,13.110721,78.11475
KA-KLR,2022-05-10,24.3,27.9,22.0,78,91,1.7,1.7,25.7,270,6.09,2.65,912.4,20.1,842.0,13.110721,78.11475
KA-KLR,2022-05-11,23.7,26.1,22.2,72,90,1.2,1.2,29.7,269,6.57,3.28,912.6,18.3,842.0,13.110721,78.11475
KA-KLR,2022-05-12,23.1,27.0,20.5,79,94,7.1,7.1,26.3,274,10.84,3.08,913.8,19.2,842.0,13.110721,78.11475
KA-KLR,2022-05-13,23.9,28.0,20.9,79,93,4.8,4.8,26.7,285,12.22,3.24,914.1,19.9,842.0,13.110721,78.11475
KA-KLR,2022-05-14,24.4,30.9,20.8,81,97,22.6,22.6,20.4,286,19.49,4.28,914.6,20.5,842.0,13.110721,78.11475
KA-KLR,2022-05-15,24.8,30.7,21.2,80,96,5.7,5.7,15.6,279,19.74,4.28,915.4,20.8,842.0,13.110721,78.11475
KA-KLR,2022-05-16,23.8,29.4,21.5,86,97,18.0,18.0,17.4,286,15.02,3.17,915.1,21.1,842.0,13.110721,78.11475
KA-KLR,2022-05-17,23.8,29.0,20.8,86,99,22.7,22.7,9.7,351,17.9,3.66,913.6,21.1,842.0,13.110721,78.11475
KA-KLR,2022-05-18,23.4,28.8,21.0,87,99,24.1,24.1,18.7,143,17.08,3.45,913.8,21.0,842.0,13.110721,78.11475
KA-KLR,2022-05-19,22.6,26.6,20.0,81,98,0.2,0.2,23.3,222,16.16,3.61,914.8,19.0,842.0,13.110721,78.11475
KA-KLR,2022-05-20,23.1,27.6,19.4,75,91,1.1,1.1,25.2,261,20.5,4.57,916.3,18.3,842.0,13.110721,78.11475
KA-KLR,2022-05-21,23.6,28.7,19.4,71,96,0.0,0.0,32.0,277,21.91,5.26,915.9,17.6,842.0,13.110721,78.11475
KA-KLR,2022-05-22,24.2,29.6,21.1,74,87,0.1,0.1,23.4,273,22.23,5.29,914.7,19.0,842.0,13.110721,78.11475
KA-KLR,2022-05-23,25.0,30.8,20.1,71,95,0.0,0.0,25.1,290,26.29,5.83,914.4,18.8,842.0,13.110721,78.11475
KA-KLR,2022-05-24,25.3,30.3,20.5,73,97,0.1,0.1,19.5,287,24.03,5.15,916.4,19.7,842.0,13.110721,78.11475
KA-KLR,2022-05-25,25.5,30.3,21.2,73,95,2.2,2.2,13.5,305,21.6,4.79,917.9,19.9,842.0,13.110721,78.11475
KA-KLR,2022-05-26,24.8,31.0,21.1,73,86,2.4,2.4,11.9,254,21.27,4.74,917.8,19.2,842.0,13.110721,78.11475
KA-KLR,2022-05-27,25.2,30.7,20.6,65,94,0.0,0.0,17.6,286,24.98,5.86,917.4,17.5,842.0,13.110721,78.11475
KA-KLR,2022-05-28,25.3,31.1,20.2,64,93,0.2,0.2,17.3,277,25.22,5.94,916.6,17.4,842.0,13.110721,78.11475
KA-KLR,2022-05-29,25.5,31.4,20.7,65,90,0.5,0.5,17.0,278,24.55,5.71,916.6,18.0,842.0,13.110721,78.11475
KA-KLR,2022-05-30,25.2,30.9,20.9,69,89,1.0,1.0,20.6,266,22.29,5.14,915.9,18.6,842.0,13.110721,78.11475
KA-KLR,2022-05-31,24.8,31.1,20.0,72,96,1.0,1.0,17.7,281,24.03,5.35,915.4,18.7,842.0,13.110721,78.11475
KA-KLR,2022-06-01,25.1,31.0,20.3,71,94,0.2,0.2,19.9,290,22.9,5.16,915.4,19.1,842.0,13.110721,78.11475
KA-KLR,2022-06-02,24.9,32.0,20.7,73,95,2.9,2.9,18.6,287,24.49,5.38,915.5,19.2,842.0,13.110721,78.11475
KA-KLR,2022-06-03,25.5,32.8,20.6,71,95,0.1,0.1,18.4,281,25.0,5.76,915.1,19.1,842.0,13.110721,78.11475
KA-KLR,2022-06-04,25.6,33.5,20.6,69,95,2.5,2.5,18.0,289,24.62,5.56,915.2,18.9,842.0,13.110721,78.11475
KA-KLR,2022-06-05,25.9,33.0,21.2,69,91,0.4,0.4,17.3,273,23.6,5.55,915.0,19.2,842.0,13.110721,78.11475
KA-KLR,2022-06-06,24.8,31.5,20.2,74,95,7.6,7.6,18.4,279,21.12,4.74,915.7,19.4,842.0,13.110721,78.11475
KA-KLR,2022-06-07,24.5,30.3,20.6,75,93,0.9,0.9,17.7,269,20.13,4.58,915.9,19.5,842.0,13.110721,78.11475
KA-KLR,2022-06-08,24.7,31.0,20.3,73,96,0.2,0.2,19.2,282,25.29,5.61,915.9,19.0,842.0,13.110721,78.11475
KA-KLR,2022-06-09,25.2,31.1,20.6,71,92,0.1,0.1,22.6,274,24.97,5.68,915.6,19.1,842.0,13.110721,78.11475
KA-KLR,2022-06-10,25.3,30.4,20.7,68,88,0.2,0.2,17.8,262,24.33,5.68,916.2,18.6,842.0,13.110721,78.11475
KA-KLR,2022-06-11,24.9,30.3,20.4,69,89,1.2,1.2,19.4,263,23.95,5.6,917.0,18.5,842.0,13.110721,78.11475
KA-KLR,2022-06-12,24.5,30.6,20.4,73,90,2.1,2.1,17.1,268,23.88,5.36,916.8,18.9,842.0,13.110721,78.11475
KA-KLR,2022-06-13,24.9,30.9,20.3,70,93,0.3,0.3,16.2,275,23.3,5.25,917.4,18.5,842.0,13.110721,78.11475
KA-KLR,2022-06-14,25.0,31.0,20.7,71,90,1.4,1.4,16.6,281,22.62,5.15,917.1,18.9,842.0,13.110721,78.11475
KA-KLR,2022-06-15,24.1,28.8,21.1,77,96,1.4,1.4,18.7,297,18.67,4.15,916.4,19.6,842.0,13.110721,78.11475
KA-KLR,2022-06-16,23.9,29.4,20.1,79,99,19.2,19.2,12.6,283,21.23,4.42,916.2,19.7,842.0,13.110721,78.11475
KA-KLR,2022-06-17,23.3,28.9,20.0,82,97,9.1,9.1,11.6,299,19.73,3.96,915.8,19.9,842.0,13.110721,78.11475
KA-KLR,2022-06-18,23.2,27.7,20.3,84,97,9.4,9.4,10.8,252,17.76,3.56,916.1,20.1,842.0,13.110721,78.11475
KA-KLR,2022-06-19,23.7,29.0,20.3,80,96,6.9,6.9,14.6,271,19.98,4.14,916.4,19.9,842.0,13.110721,78.11475
KA-KLR,2022-06-20,24.1,28.9,20.0,77,95,0.5,0.5,15.7,277,22.76,4.84,915.7,19.5,842.0,13.110721,78.11475
KA-KLR,2022-06-21,23.6,28.2,20.8,77,91,2.9,2.9,21.7,272,17.25,4.02,914.6,19.2,842.0,13.110721,78.11475
KA-KLR,2022-06-22,23.6,27.3,21.1,77,88,1.7,1.7,19.4,261,15.89,3.78,915.7,19.1,842.0,13.110721,78.11475
KA-KLR,2022-06-23,23.7,28.5,20.2,77,95,0.2,0.2,17.1,250,17.82,4.1,916.6,19.2,842.0,13.110721,78.11475
KA-KLR,2022-06-24,24.3,29.3,19.9,73,95,0.8,0.8,25.8,259,19.22,4.65,915.9,18.9,842.0,13.110721,78.11475
KA-KLR,2022-06-25,23.8,28.1,20.5,73,91,1.3,1.3,27.8,263,17.26,4.35,914.2,18.5,842.0,13.110721,78.11475
KA-KLR,2022-06-26,24.5,29.6,21.0,69,86,0.6,0.6,29.2,264,20.35,5.17,914.7,18.2,842.0,13.110721,78.11475
KA-KLR,2022-06-27,24.4,29.2,20.2,69,91,0.1,0.1,22.4,264,20.59,5.13,916.1,17.9,842.0,13.110721,78.11475
KA-KLR,2022-06-28,24.3,28.6,20.6,69,88,0.0,0.0,20.1,272,17.15,4.47,916.2,17.9,842.0,13.110721,78.11475
KA-KLR,2022-06-29,24.0,28.9,20.4,75,92,0.8,0.8,23.0,274,20.31,4.73,914.9,19.0,842.0,13.110721,78.11475
KA-KLR,2022-06-30,23.8,29.6,20.3,77,92,1.6,1.6,23.0,276,19.0,4.48,914.4,19.2,842.0,13.110721,78.11475
KA-KLR,2022-07-01,24.3,30.3,20.9,75,93,1.7,1.7,26.9,284,19.71,4.76,914.7,19.3,842.0,13.110721,78.11475
KA-KLR,2022-07-02,24.6,29.9,20.9,72,88,0.8,0.8,28.0,290,17.94,4.66,913.9,19.0,842.0,13.110721,78.11475
KA-KLR,2022-07-03,24.3,29.4,21.4,73,87,2.0,2.0,25.3,277,19.11,4.73,914.1,19.0,842.0,13.110721,78.11475
KA-KLR,2022-07-04,22.7,26.2,21.1,81,91,2.2,2.2,29.6,272,11.17,3.02,914.1,19.1,842.0,13.110721,78.11475
KA-KLR,2022-07-05,22.3,25.2,20.6,83,93,1.5,1.5,27.7,269,6.28,2.16,913.3,19.1,842.0,13.110721,78.11475
KA-KLR,2022-07-06,22.4,25.1,20.7,82,93,3.5,3.5,28.2,272,8.93,2.49,914.6,19.2,842.0,13.110721,78.11475
KA-KLR,2022-07-07,22.1,26.3,20.4,86,93,18.7,18.7,27.7,272,13.28,2.92,916.3,19.5,842.0,13.110721,78.11475
KA-KLR,2022-07-08,22.7,26.8,20.7,79,91,2.3,2.3,33.7,281,11.23,3.32,915.4,18.6,842.0,13.110721,78.11475
KA-KLR,2022-07-09,22.2,26.4,20.2,82,93,4.9,4.9,30.3,271,11.03,2.9,913.8,18.9,842.0,13.110721,78.11475
KA-KLR,2022-07-10,22.2,25.3,20.4,83,91,1.8,1.8,29.4,275,8.43,2.54,914.2,19.0,842.0,13.110721,78.11475
KA-KLR,2022-07-11,22.3,26.8,20.2,81,90,1.2,1.2,31.5,268,12.22,3.22,916.0,18.7,842.0,13.110721,78.11475
KA-KLR,2022-07-12,23.3,28.1,20.0,73,88,0.7,0.7,35.6,266,20.98,5.12,915.7,17.9,842.0,13.110721,78.11475
KA-KLR,2022-07-13,22.9,26.6,20.6,75,85,0.4,0.4,34.9,266,15.83,4.21,913.6,18.1,842.0,13.110721,78.11475
KA-KLR,2022-07-14,23.2,27.3,20.6,72,82,1.2,1.2,36.5,263,19.32,4.96,912.6,17.7,842.0,13.110721,78.11475
KA-KLR,2022-07-15,23.8,29.0,20.6,71,83,0.7,0.7,32.3,265,21.03,5.28,913.8,17.9,842.0,13.110721,78.11475
KA-KLR,2022-07-16,23.6,28.3,20.7,77,90,9.9,9.9,27.8,271,18.7,4.48,915.0,19.0,842.0,13.110721,78.11475
KA-KLR,2022-07-17,23.9,28.5,20.9,76,89,2.0,2.0,29.5,275,16.22,4.09,915.5,19.1,842.0,13.110721,78.11475
KA-KLR,2022-07-18,23.1,28.4,20.8,81,93,4.5,4.5,23.2,273,15.68,3.56,916.1,19.6,842.0,13.110721,78.11475
KA-KLR,2022-07-19,23.6,28.5,19.6,78,95,6.1,6.1,18.0,278,21.73,4.55,916.4,19.2,842.0,13.110721,78.11475
KA-KLR,2022-07-20,23.7,29.8,20.2,80,96,12.4,12.4,12.0,296,20.56,4.26,916.5,19.7,842.0,13.110721,78.11475
KA-KLR,2022-07-21,23.6,28.7,20.3,80,96,6.6,6.6,19.4,300,18.52,3.91,916.3,19.8,842.0,13.110721,78.11475
KA-KLR,2022-07-22,23.1,27.9,20.4,81,96,8.7,8.7,19.7,294,17.73,3.8,916.5,19.5,842.0,13.110721,78.11475
KA-KLR,2022-07-23,23.3,28.0,20.0,77,96,0.2,0.2,23.2,286,19.16,4.29,915.8,18.8,842.0,13.110721,78.11475
KA-KLR,2022-07-24,23.0,27.7,19.0,77,97,0.9,0.9,22.8,280,17.12,3.9,916.0,18.5,842.0,13.110721,78.11475
KA-KLR,2022-07-25,23.9,28.7,19.6,72,93,0.4,0.4,18.7,300,24.19,5.18,916.9,18.2,842.0,13.110721,78.11475
KA-KLR,2022-07-26,23.2,27.5,20.3,78,92,4.4,4.4,16.8,312,17.73,3.84,917.5,18.9,842.0,13.110721,78.11475
KA-KLR,2022-07-27,23.4,29.3,19.0,77,96,3.1,3.1,15.0,0,20.88,4.41,917.1,18.7,842.0,13.110721,78.11475
KA-KLR,2022-07-28,23.6,29.4,19.1,80,99,1.6,1.6,8.7,71,21.6,4.4,917.6,19.6,842.0,13.110721,78.11475
KA-KLR,2022-07-29,24.4,30.4,19.2,79,100,2.4,2.4,12.4,116,22.74,4.78,917.3,20.0,842.0,13.110721,78.11475
KA-KLR,2022-07-30,23.9,30.3,19.2,79,98,5.7,5.7,10.1,311,22.4,4.66,916.3,19.6,842.0,13.110721,78.11475
KA-KLR,2022-07-31,23.5,30.0,19.8,83,97,29.6,29.6,13.5,316,20.5,4.09,914.9,20.1,842.0,13.110721,78.11475
KA-KLR,2022-08-01,23.4,29.1,20.3,83,97,32.4,32.4,14.2,326,19.66,3.93,914.5,20.1,842.0,13.110721,78.11475
KA-KLR,2022-08-02,23.3,28.1,20.2,83,97,39.7,39.7,14.3,325,17.97,3.65,913.3,20.1,842.0,13.110721,78.11475
KA-KLR,2022-08-03,22.1,26.3,19.9,88,98,8.7,8.7,13.9,317,13.03,2.62,912.8,19.9,842.0,13.110721,78.11475
KA-KLR,2022-08-04,22.0,26.8,20.2,89,98,33.9,33.9,19.7,283,11.86,2.43,913.1,20.0,842.0,13.110721,78.11475
KA-KLR,2022-08-05,21.6,24.2,20.3,87,94,8.2,8.2,25.9,259,8.79,2.15,913.6,19.3,842.0,13.110721,78.11475
KA-KLR,2022-08-06,21.7,24.1,20.0,86,90,9.6,9.6,27.6,263,9.14,2.26,913.3,19.2,842.0,13.110721,78.11475
KA-KLR,2022-08-07,22.3,25.2,20.5,84,92,5.1,5.1,30.6,263,12.75,2.92,912.6,19.4,842.0,13.110721,78.11475
KA-KLR,2022-08-08,23.2,27.0,20.8,76,86,1.0,1.0,33.6,261,17.2,4.26,912.4,18.6,842.0,13.110721,78.11475
KA-KLR,2022-08-09,23.2,27.3,20.6,72,85,0.0,0.0,34.9,256,18.98,4.78,912.8,17.7,842.0,13.110721,78.11475
KA-KLR,2022-08-10,23.1,27.3,19.9,73,87,1.5,1.5,33.0,257,20.7,4.95,913.0,17.7,842.0,13.110721,78.11475
KA-KLR,2022-08-11,23.4,28.0,20.1,72,84,0.8,0.8,31.6,261,20.74,4.96,914.5,17.9,842.0,13.110721,78.11475
KA-KLR,2022-08-12,23.7,27.7,20.6,72,87,0.2,0.2,32.4,268,18.74,4.56,915.9,18.2,842.0,13.110721,78.11475
KA-KLR,2022-08-13,23.6,27.8,20.0,72,90,0.0,0.0,24.4,275,18.51,4.51,916.3,17.9,842.0,13.110721,78.11475
KA-KLR,2022-08-14,23.3,28.0,19.8,71,84,0.0,0.0,25.1,278,18.31,4.51,917.0,17.5,842.0,13.110721,78.11475
KA-KLR,2022-08-15,23.6,29.1,19.3,74,93,0.2,0.2,19.0,273,23.53,5.01,917.5,18.3,842.0,13.110721,78.11475
KA-KLR,2022-08-16,24.2,29.0,19.4,72,94,0.2,0.2,13.1,249,22.72,4.9,917.5,18.4,842.0,13.110721,78.11475
KA-KLR,2022-08-17,24.3,29.4,19.6,74,95,0.2,0.2,12.1,284,22.77,4.85,917.7,19.0,842.0,13.110721,78.11475
KA-KLR,2022-08-18,24.4,29.5,20.2,72,93,0.3,0.3,16.9,305,23.05,5.12,917.2,18.7,842.0,13.110721,78.11475
KA-KLR,2022-08-19,24.3,29.4,20.3,73,91,0.9,0.9,22.1,298,22.02,5.09,917.1,18.8,842.0,13.110721,78.11475
KA-KLR,2022-08-20,24.2,28.8,20.1,71,88,0.1,0.1,19.0,288,20.51,4.87,917.0,18.4,842.0,13.110721,78.11475
KA-KLR,2022-08-21,23.6,28.6,20.4,77,91,0.7,0.7,21.4,282,18.79,4.28,916.3,19.2,842.0,13.110721,78.11475
KA-KLR,2022-08-22,23.4,29.1,19.8,77,93,1.0,1.0,27.1,278,19.93,4.52,915.7,18.8,842.0,13.110721,78.11475
KA-KLR,2022-08-23,23.8,29.3,19.7,75,94,1.7,1.7,23.2,282,21.48,4.87,916.2,18.7,842.0,13.110721,78.11475
KA-KLR,2022-08-24,23.2,28.6,19.8,77,94,1.8,1.8,23.0,296,17.39,4.02,917.6,18.6,842.0,13.110721,78.11475
KA-KLR,2022-08-25,22.9,28.3,19.9,81,95,16.6,16.6,20.4,312,17.76,3.79,916.5,19.1,842.0,13.110721,78.11475
KA-KLR,2022-08-26,22.3,27.6,19.8,85,96,25.4,25.4,19.5,312,16.26,3.29,915.9,19.5,842.0,13.110721,78.11475
KA-KLR,2022-08-27,22.4,28.3,19.8,86,97,15.1,15.1,16.8,309,17.98,3.62,916.0,19.7,842.0,13.110721,78.11475
KA-KLR,2022-08-28,22.6,27.8,19.6,84,97,5.7,5.7,19.1,321,17.61,3.59,915.7,19.6,842.0,13.110721,78.11475
KA-KLR,2022-08-29,22.6,27.0,19.8,86,98,32.5,32.5,13.1,342,16.53,3.3,916.4,20.0,842.0,13.110721,78.11475
KA-KLR,2022-08-30,23.5,28.1,20.0,81,99,3.0,3.0,16.4,100,22.89,4.63,916.8,19.8,842.0,13.110721,78.11475
KA-KLR,2022-08-31,22.9,28.4,20.4,86,99,5.3,5.3,13.4,122,20.05,3.95,916.4,20.2,842.0,13.110721,78.11475
KA-KLR,2022-09-01,21.9,27.6,19.6,90,100,4.8,4.8,19.5,81,15.74,3.08,916.2,20.1,842.0,13.110721,78.11475
KA-KLR,2022-09-02,23.0,27.5,19.3,80,100,0.6,0.6,10.7,137,20.41,4.16,916.8,19.1,842.0,13.110721,78.11475
KA-KLR,2022-09-03,23.7,28.9,19.2,80,99,1.5,1.5,7.2,198,22.79,4.59,917.0,19.8,842.0,13.110721,78.11475
KA-KLR,2022-09-04,23.5,29.3,20.0,84,98,12.6,12.6,10.7,321,20.81,4.2,916.6,20.3,842.0,13.110721,78.11475
KA-KLR,2022-09-05,23.2,29.4,19.6,84,98,6.6,6.6,10.8,304,22.62,4.52,916.3,20.0,842.0,13.110721,78.11475
KA-KLR,2022-09-06,22.8,29.2,19.5,86,98,8.2,8.2,11.3,280,20.48,4.14,915.7,20.0,842.0,13.110721,78.11475
KA-KLR,2022-09-07,22.8,27.7,19.9,85,97,3.9,3.9,13.7,260,16.95,3.52,915.9,19.8,842.0,13.110721,78.11475
KA-KLR,2022-09-08,22.0,25.2,20.2,88,95,8.2,8.2,21.3,265,10.4,2.27,915.5,19.7,842.0,13.110721,78.11475
KA-KLR,2022-09-09,23.0,27.8,19.8,82,95,2.6,2.6,22.0,259,19.2,3.99,915.2,19.7,842.0,13.110721,78.11475
KA-KLR,2022-09-10,23.0,28.0,20.7,81,91,2.4,2.4,25.6,262,15.87,3.61,915.2,19.5,842.0,13.110721,78.11475
KA-KLR,2022-09-11,23.3,28.1,20.2,77,92,0.3,0.3,28.9,251,14.58,3.74,914.8,18.9,842.0,13.110721,78.11475
KA-KLR,2022-09-12,23.5,28.0,20.0,74,90,0.4,0.4,30.8,250,20.43,4.69,915.0,18.4,842.0,13.110721,78.11475
KA-KLR,2022-09-13,23.0,27.7,19.2,79,94,1.7,1.7,23.0,251,21.02,4.38,917.0,18.9,842.0,13.110721,78.11475
KA-KLR,2022-09-14,23.1,28.2,19.6,80,97,1.3,1.3,19.7,255,20.45,4.2,918.9,19.3,842.0,13.110721,78.11475
KA-KLR,2022-09-15,23.0,27.6,19.5,78,93,0.0,0.0,16.1,263,16.68,3.73,919.6,18.7,842.0,13.110721,78.11475
KA-KLR,2022-09-16,23.4,29.1,18.7,76,96,0.0,0.0,17.7,275,24.41,5.06,917.9,18.4,842.0,13.110721,78.11475
KA-KLR,2022-09-17,23.6,28.6,19.4,77,97,1.2,1.2,14.1,271,24.11,4.96,917.7,18.8,842.0,13.110721,78.11475
KA-KLR,2022-09-18,23.5,28.4,19.2,74,97,0.3,0.3,16.9,286,22.92,4.87,918.2,18.1,842.0,13.110721,78.11475
KA-KLR,2022-09-19,23.4,28.6,19.4,74,97,0.1,0.1,21.4,281,20.71,4.66,917.9,18.2,842.0,13.110721,78.11475
KA-KLR,2022-09-20,23.1,28.1,18.3,70,93,0.0,0.0,17.8,285,22.77,5.15,917.4,16.7,842.0,13.110721,78.11475
KA-KLR,2022-09-21,23.0,28.2,18.9,73,97,0.3,0.3,20.7,288,22.51,4.84,917.3,17.4,842.0,13.110721,78.11475
KA-KLR,2022-09-22,22.8,28.5,18.8,69,95,0.0,0.0,20.5,281,24.86,5.31,917.8,16.3,842.0,13.110721,78.11475
KA-KLR,2022-09-23,23.2,28.8,18.4,68,90,0.0,0.0,19.5,290,24.67,5.48,918.5,16.4,842.0,13.110721,78.11475
KA-KLR,2022-09-24,23.6,29.5,19.2,71,95,0.2,0.2,17.9,296,24.58,5.33,918.1,17.6,842.0,13.110721,78.11475
KA-KLR,2022-09-25,23.9,29.2,19.6,68,92,0.1,0.1,15.1,307,24.09,5.26,917.0,17.3,842.0,13.110721,78.11475
KA-KLR,2022-09-26,23.3,28.0,20.8,74,83,4.8,4.8,14.8,314,16.57,3.71,917.8,18.2,842.0,13.110721,78.11475
KA-KLR,2022-09-27,23.9,28.8,20.5,74,91,2.1,2.1,18.2,308,18.34,4.14,916.9,18.7,842.0,13.110721,78.11475
KA-KLR,2022-09-28,23.8,28.9,20.8,75,91,2.8,2.8,16.8,306,20.01,4.31,915.9,18.8,842.0,13.110721,78.11475
KA-KLR,2022-09-29,23.4,29.1,20.1,72,89,0.2,0.2,20.0,304,21.14,4.73,915.8,17.7,842.0,13.110721,78.11475
KA-KLR,2022-09-30,22.3,27.2,20.0,80,94,3.6,3.6,23.0,293,12.51,3.02,916.2,18.4,842.0,13.110721,78.11475
KA-KLR,2022-10-01,21.8,25.9,20.1,84,95,1.5,1.5,24.1,292,10.45,2.51,916.6,19.0,842.0,13.110721,78.11475
KA-KLR,2022-10-02,22.8,27.7,20.1,79,93,2.0,2.0,23.8,305,16.06,3.65,916.5,18.8,842.0,13.110721,78.11475
KA-KLR,2022-10-03,23.2,28.3,19.4,76,97,0.4,0.4,23.4,314,17.61,4.07,916.3,18.4,842.0,13.110721,78.11475
KA-KLR,2022-10-04,23.6,27.9,19.5,72,91,0.4,0.4,21.9,316,19.38,4.5,916.2,17.9,842.0,13.110721,78.11475
KA-KLR,2022-10-05,23.5,28.1,19.7,74,91,3.0,3.0,21.5,313,18.18,4.11,916.0,18.3,842.0,13.110721,78.11475
KA-KLR,2022-10-06,22.2,26.9,19.9,82,94,4.5,4.5,19.1,276,13.59,2.96,915.5,18.9,842.0,13.110721,78.11475
KA-KLR,2022-10-07,22.3,27.5,18.5,81,97,3.3,3.3,15.4,284,18.82,3.84,916.4,18.4,842.0,13.110721,78.11475
KA-KLR,2022-10-08,22.8,28.0,19.1,78,97,2.0,2.0,13.3,329,17.85,3.74,917.6,18.5,842.0,13.110721,78.11475
KA-KLR,2022-10-09,22.2,27.0,19.4,86,99,11.2,11.2,11.1,35,15.34,3.08,917.7,19.5,842.0,13.110721,78.11475
KA-KLR,2022-10-10,22.2,26.8,20.0,87,98,4.6,4.6,14.7,109,14.89,2.98,918.6,19.8,842.0,13.110721,78.11475
KA-KLR,2022-10-11,22.3,26.4,19.6,87,98,14.0,14.0,13.6,149,17.02,3.3,918.6,19.8,842.0,13.110721,78.11475
KA-KLR,2022-10-12,22.3,26.8,19.1,87,99,15.6,15.6,9.4,163,15.9,3.14,918.8,19.8,842.0,13.110721,78.11475
KA-KLR,2022-10-13,22.2,27.5,19.1,85,99,13.3,13.3,13.5,92,20.18,3.92,918.6,19.3,842.0,13.110721,78.11475
KA-KLR,2022-10-14,22.5,27.9,19.1,85,99,7.5,7.5,15.5,77,18.51,3.66,917.8,19.6,842.0,13.110721,78.11475
KA-KLR,2022-10-15,22.7,27.4,19.7,83,98,13.7,13.7,13.4,27,19.11,3.79,917.0,19.5,842.0,13.110721,78.11475
KA-KLR,2022-10-16,22.4,27.1,20.1,87,98,9.6,9.6,13.3,126,17.82,3.47,918.6,19.9,842.0,13.110721,78.11475
KA-KLR,2022-10-17,22.4,27.1,19.8,87,100,3.4,3.4,14.9,105,19.48,3.69,920.1,19.9,842.0,13.110721,78.11475
KA-KLR,2022-10-18,22.5,27.8,19.2,85,100,2.2,2.2,10.8,309,18.1,3.65,919.9,19.5,842.0,13.110721,78.11475
KA-KLR,2022-10-19,22.3,27.4,18.7,82,99,1.4,1.4,15.2,28,20.8,4.13,919.2,18.8,842.0,13.110721,78.11475
KA-KLR,2022-10-20,22.0,27.2,19.0,87,99,3.4,3.4,14.0,68,18.01,3.47,919.7,19.4,842.0,13.110721,78.11475
KA-KLR,2022-10-21,21.5,26.7,17.9,89,100,6.5,6.5,19.9,68,17.03,3.16,920.7,19.5,842.0,13.110721,78.11475
KA-KLR,2022-10-22,21.6,26.8,17.3,80,100,0.4,0.4,15.3,17,18.57,3.79,921.1,17.6,842.0,13.110721,78.11475
KA-KLR,2022-10-23,20.9,26.4,16.8,72,95,0.0,0.0,13.3,338,24.12,4.76,920.0,15.3,842.0,13.110721,78.11475
KA-KLR,2022-10-24,20.0,25.5,15.8,62,76,0.0,0.0,17.1,319,24.62,5.11,918.6,12.0,842.0,13.110721,78.11475
KA-KLR,2022-10-25,19.9,26.0,13.7,62,82,0.0,0.0,9.9,331,24.66,4.92,918.9,11.9,842.0,13.110721,78.11475
KA-KLR,2022-10-26,20.2,26.3,15.1,66,88,0.0,0.0,8.2,27,24.3,4.82,920.2,13.1,842.0,13.110721,78.11475
KA-KLR,2022-10-27,20.9,26.9,15.5,66,93,0.0,0.0,13.9,52,20.46,4.33,920.2,13.7,842.0,13.110721,78.11475
KA-KLR,2022-10-28,21.1,26.1,17.0,80,96,1.8,1.8,17.0,52,18.28,3.71,919.5,17.2,842.0,13.110721,78.11475
KA-KLR,2022-10-29,21.3,25.9,17.9,84,98,3.6,3.6,17.7,65,17.85,3.44,919.6,18.3,842.0,13.110721,78.11475
KA-KLR,2022-10-30,21.5,26.2,19.1,84,98,2.3,2.3,14.8,57,15.51,3.13,919.7,18.5,842.0,13.110721,78.11475
KA-KLR,2022-10-31,21.2,26.3,17.6,76,100,0.0,0.0,16.1,36,17.46,3.71,919.3,16.4,842.0,13.110721,78.11475
KA-KLR,2022-11-01,19.5,22.5,17.5,92,98,32.6,32.6,16.6,12,5.21,1.15,919.7,18.2,842.0,13.110721,78.11475
KA-KLR,2022-11-02,19.6,21.3,18.1,95,99,10.6,10.6,16.1,29,7.05,1.32,919.3,18.7,842.0,13.110721,78.11475
KA-KLR,2022-11-03,20.9,24.8,18.8,88,99,0.5,0.5,15.6,56,11.02,2.26,919.3,18.6,842.0,13.110721,78.11475
KA-KLR,2022-11-04,21.8,26.1,19.4,83,98,4.6,4.6,18.0,77,17.96,3.58,920.6,18.6,842.0,13.110721,78.11475
KA-KLR,2022-11-05,21.8,26.8,19.0,83,98,0.6,0.6,18.7,85,19.74,3.87,922.0,18.4,842.0,13.110721,78.11475
KA-KLR,2022-11-06,21.5,26.3,18.2,81,99,1.0,1.0,17.0,67,19.49,3.91,922.3,17.7,842.0,13.110721,78.11475
KA-KLR,2022-11-07,21.1,26.4,17.1,76,100,0.0,0.0,14.1,57,21.92,4.38,921.6,15.8,842.0,13.110721,78.11475
KA-KLR,2022-11-08,21.1,27.3,16.4,74,97,0.0,0.0,16.5,57,19.2,4.06,921.1,15.8,842.0,13.110721,78.11475
KA-KLR,2022-11-09,20.7,27.0,15.1,70,95,0.0,0.0,12.0,55,22.83,4.61,920.6,14.4,842.0,13.110721,78.11475
KA-KLR,2022-11-10,20.6,26.3,16.1,81,99,2.3,2.3,16.4,44,17.93,3.63,920.4,16.7,842.0,13.110721,78.11475
KA-KLR,2022-11-11,19.3,21.9,17.9,91,98,15.2,15.2,21.4,21,5.0,1.2,919.7,17.8,842.0,13.110721,78.11475
KA-KLR,2022-11-12,20.4,22.8,18.9,92,98,14.1,14.1,20.9,41,7.48,1.5,919.7,19.1,842.0,13.110721,78.11475
KA-KLR,2022-11-13,20.9,24.3,18.9,91,99,3.1,3.1,19.2,90,11.87,2.19,920.3,19.2,842.0,13.110721,78.11475
KA-KLR,2022-11-14,21.1,25.9,18.8,87,99,3.7,3.7,15.5,76,16.05,3.06,921.2,18.6,842.0,13.110721,78.11475
KA-KLR,2022-11-15,21.4,25.6,18.8,84,99,1.8,1.8,9.9,86,16.37,3.21,921.4,18.4,842.0,13.110721,78.11475
KA-KLR,2022-11-16,21.4,26.7,16.1,76,100,0.0,0.0,11.6,30,20.69,4.17,920.2,16.4,842.0,13.110721,78.11475
KA-KLR,2022-11-17,19.4,25.7,14.0,68,96,0.0,0.0,13.2,21,22.82,4.52,919.2,12.6,842.0,13.110721,78.11475
KA-KLR,2022-11-18,18.7,25.7,12.7,63,89,0.0,0.0,12.1,30,22.1,4.48,919.2,10.7,842.0,13.110721,78.11475
KA-KLR,2022-11-19,18.2,25.3,11.6,73,95,0.0,0.0,14.9,30,22.26,4.28,918.9,12.5,842.0,13.110721,78.11475
KA-KLR,2022-11-20,18.4,24.5,13.0,67,95,0.0,0.0,14.1,4,19.82,4.02,917.9,11.4,842.0,13.110721,78.11475
KA-KLR,2022-11-21,18.6,23.2,14.2,69,87,0.3,0.3,15.5,347,10.67,2.66,917.7,12.7,842.0,13.110721,78.11475
KA-KLR,2022-11-22,20.3,24.0,16.9,84,95,3.1,3.1,16.2,3,11.62,2.44,918.1,17.4,842.0,13.110721,78.11475
KA-KLR,2022-11-23,20.7,24.9,19.0,91,98,42.9,42.9,15.6,3,10.26,2.0,918.5,19.1,842.0,13.110721,78.11475
KA-KLR,2022-11-24,20.9,25.0,18.4,91,99,8.3,8.3,12.3,100,10.51,2.06,919.1,19.3,842.0,13.110721,78.11475
KA-KLR,2022-11-25,21.3,25.6,18.7,85,100,0.8,0.8,12.8,103,16.08,3.15,920.4,18.5,842.0,13.110721,78.11475
KA-KLR,2022-11-26,21.6,26.5,18.1,83,100,0.0,0.0,11.4,96,18.09,3.57,919.6,18.1,842.0,13.110721,78.11475
KA-KLR,2022-11-27,22.3,26.8,19.6,80,99,0.1,0.1,10.9,100,18.35,3.64,918.2,18.2,842.0,13.110721,78.11475
KA-KLR,2022-11-28,22.2,27.4,19.0,78,99,0.3,0.3,11.5,87,18.89,3.89,918.6,17.7,842.0,13.110721,78.11475
KA-KLR,2022-11-29,21.6,26.5,17.3,74,97,0.0,0.0,11.9,59,18.75,3.9,919.4,16.4,842.0,13.110721,78.11475
KA-KLR,2022-11-30,19.6,25.7,15.0,76,100,0.0,0.0,10.2,78,21.06,4.08,919.8,14.5,842.0,13.110721,78.11475
KA-KLR,2022-12-01,21.1,25.6,18.2,86,99,1.4,1.4,14.4,84,13.36,2.68,920.1,18.4,842.0,13.110721,78.11475
KA-KLR,2022-12-02,21.8,26.9,18.9,82,100,0.3,0.3,14.0,82,15.65,3.25,919.6,18.2,842.0,13.110721,78.11475
KA-KLR,2022-12-03,21.9,26.6,18.5,83,100,1.4,1.4,16.7,81,17.74,3.56,919.8,18.5,842.0,13.110721,78.11475
KA-KLR,2022-12-04,22.2,27.1,19.0,77,98,0.3,0.3,17.3,72,18.43,3.96,920.5,17.5,842.0,13.110721,78.11475
KA-KLR,2022-12-05,21.3,26.2,17.6,82,100,0.1,0.1,17.5,85,14.13,2.99,920.9,17.6,842.0,13.110721,78.11475
KA-KLR,2022-12-06,21.5,26.7,16.9,76,100,0.1,0.1,13.2,53,19.37,3.91,920.2,16.6,842.0,13.110721,78.11475
KA-KLR,2022-12-07,20.0,25.6,16.6,70,98,0.0,0.0,15.5,13,16.05,3.53,918.8,13.6,842.0,13.110721,78.11475
KA-KLR,2022-12-08,20.0,24.8,15.8,63,86,1.1,1.1,20.2,353,13.68,3.7,917.4,12.3,842.0,13.110721,78.11475
KA-KLR,2022-12-09,17.6,19.1,14.7,75,95,10.8,10.8,22.7,345,7.21,2.25,915.1,12.9,842.0,13.110721,78.11475
KA-KLR,2022-12-10,17.9,18.9,16.9,96,98,66.6,66.6,26.8,338,1.57,0.52,913.3,17.2,842.0,13.110721,78.11475
KA-KLR,2022-12-11,19.4,22.1,17.3,90,100,8.6,8.6,14.5,96,6.13,1.34,916.2,17.7,842.0,13.110721,78.11475
KA-KLR,2022-12-12,20.3,23.1,18.7,94,100,15.2,15.2,15.9,113,8.49,1.62,917.5,19.2,842.0,13.110721,78.11475
KA-KLR,2022-12-13,20.3,23.3,18.6,93,100,13.6,13.6,16.9,123,10.84,1.95,919.3,19.0,842.0,13.110721,78.11475
KA-KLR,2022-12-14,20.4,24.7,17.4,85,100,0.6,0.6,18.9,115,16.85,3.16,920.3,17.5,842.0,13.110721,78.11475
KA-KLR,2022-12-15,19.8,25.2,15.4,75,99,0.0,0.0,13.6,94,21.2,4.06,919.7,14.5,842.0,13.110721,78.11475
KA-KLR,2022-12-16,19.2,25.6,13.5,68,95,0.0,0.0,13.9,73,20.86,4.26,918.8,12.4,842.0,13.110721,78.11475
KA-KLR,2022-12-17,19.9,26.1,14.6,76,97,0.0,0.0,17.9,55,19.7,3.89,919.7,15.3,842.0,13.110721,78.11475
KA-KLR,2022-12-18,20.3,25.2,15.8,85,100,1.2,1.2,20.4,57,16.03,3.1,919.1,17.4,842.0,13.110721,78.11475
KA-KLR,2022-12-19,19.4,24.2,15.9,79,99,0.2,0.2,16.4,62,20.4,3.79,918.6,15.2,842.0,13.110721,78.11475
KA-KLR,2022-12-20,19.4,25.9,14.7,77,99,0.0,0.0,14.4,53,20.85,4.04,918.2,14.7,842.0,13.110721,78.11475
KA-KLR,2022-12-21,18.6,25.5,13.7,74,100,0.0,0.0,15.5,40,19.66,3.9,918.3,13.1,842.0,13.110721,78.11475
KA-KLR,2022-12-22,18.8,25.1,13.7,75,96,0.0,0.0,17.5,37,20.98,4.03,918.3,13.7,842.0,13.110721,78.11475
KA-KLR,2022-12-23,18.8,25.9,12.9,74,100,0.0,0.0,13.4,28,20.98,4.13,918.2,13.4,842.0,13.110721,78.11475
KA-KLR,2022-12-24,18.8,25.8,12.7,73,98,0.0,0.0,15.3,27,20.71,4.08,918.9,13.2,842.0,13.110721,78.11475
KA-KLR,2022-12-25,20.2,24.4,17.0,90,100,3.2,3.2,20.2,48,11.33,2.18,919.8,18.4,842.0,13.110721,78.11475
KA-KLR,2022-12-26,21.3,25.6,19.2,89,100,1.8,1.8,18.6,94,13.47,2.63,921.3,19.1,842.0,13.110721,78.11475
KA-KLR,2022-12-27,21.4,25.8,19.3,87,99,2.2,2.2,17.8,107,13.85,2.75,922.6,18.9,842.0,13.110721,78.11475
KA-KLR,2022-12-28,21.6,25.9,18.3,81,100,0.4,0.4,12.2,106,15.93,3.23,923.6,17.9,842.0,13.110721,78.11475
KA-KLR,2022-12-29,20.5,26.8,15.8,77,100,0.0,0.0,13.2,114,20.39,4.11,924.1,15.5,842.0,13.110721,78.11475
KA-KLR,2022-12-30,19.9,26.4,15.2,77,100,0.0,0.0,11.8,107,20.34,4.03,924.7,14.9,842.0,13.110721,78.11475
KA-KLR,2022-12-31,19.4,26.3,14.3,74,100,0.0,0.0,9.5,118,20.75,4.07,923.8,13.5,842.0,13.110721,78.11475
KA-KLR,2023-01-01,19.6,26.4,14.3,73,100,0.0,0.0,11.4,101,20.75,4.16,923.2,13.7,842.0,13.110721,78.11475
KA-KLR,2023-01-02,19.5,25.0,14.8,76,100,0.0,0.0,13.3,111,20.82,4.02,923.2,14.6,842.0,13.110721,78.11475
KA-KLR,2023-01-03,19.9,25.6,15.6,76,100,0.0,0.0,13.1,98,20.27,3.98,923.5,14.8,842.0,13.110721,78.11475
KA-KLR,2023-01-04,20.0,25.5,16.5,78,100,0.0,0.0,15.9,97,19.24,3.82,922.8,15.4,842.0,13.110721,78.11475
KA-KLR,2023-01-05,19.5,23.7,16.6,80,98,0.3,0.3,19.1,91,14.0,2.88,923.0,15.7,842.0,13.110721,78.11475
KA-KLR,2023-01-06,19.1,25.5,14.7,79,99,0.0,0.0,20.1,73,18.41,3.68,923.9,14.9,842.0,13.110721,78.11475
KA-KLR,2023-01-07,19.3,25.0,14.9,77,100,0.0,0.0,19.0,66,16.31,3.35,923.3,14.6,842.0,13.110721,78.11475
KA-KLR,2023-01-08,19.2,25.6,14.7,74,100,0.0,0.0,11.5,51,20.43,3.96,922.1,13.8,842.0,13.110721,78.11475
KA-KLR,2023-01-09,17.7,24.4,12.6,70,100,0.0,0.0,10.7,85,22.01,4.2,922.8,10.4,842.0,13.110721,78.11475
KA-KLR,2023-01-10,17.1,24.7,11.3,72,100,0.0,0.0,15.8,78,21.91,4.27,922.3,10.5,842.0,13.110721,78.11475
KA-KLR,2023-01-11,17.7,25.7,10.4,69,100,0.0,0.0,13.8,92,22.14,4.4,920.8,10.2,842.0,13.110721,78.11475
KA-KLR,2023-01-12,18.4,27.0,12.8,66,100,0.0,0.0,11.9,88,21.63,4.39,919.9,9.9,842.0,13.110721,78.11475
KA-KLR,2023-01-13,18.3,26.8,11.8,70,100,0.0,0.0,10.0,106,21.31,4.25,920.0,11.2,842.0,13.110721,78.11475
KA-KLR,2023-01-14,18.8,27.5,13.4,66,100,0.0,0.0,9.1,106,21.84,4.46,920.3,10.1,842.0,13.110721,78.11475
KA-KLR,2023-01-15,18.3,27.3,12.2,67,100,0.0,0.0,9.7,107,21.62,4.38,919.3,10.1,842.0,13.110721,78.11475
KA-KLR,2023-01-16,19.4,28.2,12.4,66,100,0.0,0.0,12.3,100,21.97,4.6,920.1,10.9,842.0,13.110721,78.11475
KA-KLR,2023-01-17,19.2,26.8,13.7,71,100,0.0,0.0,12.4,116,22.47,4.5,921.0,12.4,842.0,13.110721,78.11475
KA-KLR,2023-01-18,18.6,26.2,12.3,73,100,0.0,0.0,12.2,102,21.09,4.24,922.2,12.5,842.0,13.110721,78.11475
KA-KLR,2023-01-19,18.5,25.9,12.3,72,100,0.0,0.0,12.6,99,21.45,4.27,922.2,12.1,842.0,13.110721,78.11475
KA-KLR,2023-01-20,18.9,25.3,12.9,78,99,0.0,0.0,17.1,108,17.66,3.59,921.9,14.3,842.0,13.110721,78.11475
KA-KLR,2023-01-21,20.2,25.9,16.8,73,98,0.1,0.1,12.1,90,13.44,3.06,921.6,14.6,842.0,13.110721,78.11475
KA-KLR,2023-01-22,19.5,25.8,14.9,70,100,0.0,0.0,16.1,91,20.19,4.25,920.7,12.9,842.0,13.110721,78.11475
KA-KLR,2023-01-23,19.9,25.0,15.5,79,98,0.2,0.2,14.1,100,13.46,2.92,920.1,15.7,842.0,13.110721,78.11475
KA-KLR,2023-01-24,21.2,26.6,17.0,72,96,0.0,0.0,14.6,108,19.55,4.23,920.3,15.3,842.0,13.110721,78.11475
KA-KLR,2023-01-25,19.7,26.0,14.9,73,100,0.0,0.0,15.4,113,21.68,4.39,920.1,13.9,842.0,13.110721,78.11475
KA-KLR,2023-01-26,19.8,25.7,15.8,71,95,0.0,0.0,11.9,101,22.2,4.39,920.2,13.8,842.0,13.110721,78.11475
KA-KLR,2023-01-27,20.1,26.6,15.9,72,99,0.0,0.0,13.1,94,22.65,4.54,920.3,14.0,842.0,13.110721,78.11475
KA-KLR,2023-01-28,18.8,26.6,11.7,62,99,0.0,0.0,16.6,72,23.17,4.97,919.2,9.7,842.0,13.110721,78.11475
KA-KLR,2023-01-29,19.8,26.1,12.8,65,93,0.0,0.0,19.6,82,22.26,4.8,918.7,12.4,842.0,13.110721,78.11475
KA-KLR,2023-01-30,21.2,26.2,17.5,78,96,0.9,0.9,14.6,80,14.68,3.22,920.2,16.9,842.0,13.110721,78.11475
KA-KLR,2023-01-31,21.5,27.4,17.1,69,100,0.0,0.0,16.9,50,20.82,4.66,920.0,14.8,842.0,13.110721,78.11475
KA-KLR,2023-02-01,21.2,28.4,15.6,61,91,0.0,0.0,20.7,43,20.83,5.04,919.4,12.6,842.0,13.110721,78.11475
KA-KLR,2023-02-02,21.6,28.3,16.2,56,70,0.0,0.0,21.9,51,18.35,4.94,920.0,11.9,842.0,13.110721,78.11475
KA-KLR,2023-02-03,21.1,26.6,15.9,66,92,0.0,0.0,23.1,72,15.75,3.94,920.4,13.9,842.0,13.110721,78.11475
KA-KLR,2023-02-04,21.8,28.6,16.0,63,96,0.0,0.0,18.0,84,21.91,5.11,920.0,13.3,842.0,13.110721,78.11475
KA-KLR,2023-02-05,21.6,29.1,14.9,58,95,0.0,0.0,15.6,91,23.45,5.5,919.6,11.0,842.0,13.110721,78.11475
KA-KLR,2023-02-06,21.1,28.7,14.3,57,94,0.0,0.0,12.2,107,23.3,5.09,919.6,10.8,842.0,13.110721,78.11475
KA-KLR,2023-02-07,21.8,29.1,15.6,61,96,0.0,0.0,11.5,112,23.55,4.98,919.9,12.4,842.0,13.110721,78.11475
KA-KLR,2023-02-08,22.6,30.2,16.4,64,100,0.0,0.0,13.5,83,23.36,5.3,919.9,13.9,842.0,13.110721,78.11475
KA-KLR,2023-02-09,22.1,29.6,15.1,58,93,0.0,0.0,14.2,95,23.8,5.46,920.4,12.3,842.0,13.110721,78.11475
KA-KLR,2023-02-10,22.0,29.4,15.4,56,94,0.0,0.0,14.8,81,24.06,5.46,921.5,11.2,842.0,13.110721,78.11475
KA-KLR,2023-02-11,21.7,29.5,14.2,51,83,0.0,0.0,14.0,86,24.09,5.5,921.5,9.7,842.0,13.110721,78.11475
KA-KLR,2023-02-12,22.4,30.4,16.5,49,79,0.0,0.0,15.5,84,24.52,5.78,921.8,9.4,842.0,13.110721,78.11475
KA-KLR,2023-02-13,21.9,29.8,14.8,47,74,0.0,0.0,17.7,85,24.52,5.96,921.6,8.9,842.0,13.110721,78.11475
KA-KLR,2023-02-14,21.8,29.7,14.9,48,79,0.0,0.0,12.7,89,24.96,5.69,921.3,8.9,842.0,13.110721,78.11475
KA-KLR,2023-02-15,21.8,29.8,15.2,53,93,0.0,0.0,14.7,82,25.16,5.78,920.2,9.1,842.0,13.110721,78.11475
KA-KLR,2023-02-16,21.6,29.8,13.3,51,86,0.0,0.0,16.7,79,25.05,6.05,920.1,9.2,842.0,13.110721,78.11475
KA-KLR,2023-02-17,21.7,29.5,14.7,52,90,0.0,0.0,16.2,99,25.18,5.88,920.8,9.1,842.0,13.110721,78.11475
KA-KLR,2023-02-18,21.7,29.0,15.1,53,90,0.0,0.0,11.4,114,24.98,5.55,920.8,9.9,842.0,13.110721,78.11475
KA-KLR,2023-02-19,21.6,29.0,14.8,63,100,0.0,0.0,15.0,102,24.11,5.29,921.2,12.7,842.0,13.110721,78.11475
KA-KLR,2023-02-20,21.9,29.2,15.1,59,100,0.0,0.0,13.7,96,24.94,5.53,921.4,11.3,842.0,13.110721,78.11475
KA-KLR,2023-02-21,22.3,30.3,15.0,48,78,0.0,0.0,13.2,95,25.32,5.9,921.6,9.3,842.0,13.110721,78.11475
KA-KLR,2023-02-22,22.4,30.1,15.2,49,80,0.0,0.0,13.9,99,25.32,6.08,921.1,10.0,842.0,13.110721,78.11475
KA-KLR,2023-02-23,21.5,30.2,13.7,46,85,0.0,0.0,19.1,95,26.08,6.28,920.8,7.0,842.0,13.110721,78.11475
KA-KLR,2023-02-24,21.4,30.4,14.0,53,100,0.0,0.0,16.0,89,25.9,6.09,921.5,7.9,842.0,13.110721,78.11475
KA-KLR,2023-02-25,22.8,31.0,13.8,43,83,0.0,0.0,19.2,85,25.9,6.75,923.1,7.2,842.0,13.110721,78.11475
KA-KLR,2023-02-26,21.6,29.5,13.8,40,69,0.0,0.0,21.0,91,25.99,6.72,923.8,5.7,842.0,13.110721,78.11475
KA-KLR,2023-02-27,21.1,28.7,14.4,43,84,0.0,0.0,17.3,93,26.15,6.13,923.9,6.1,842.0,13.110721,78.11475
KA-KLR,2023-02-28,21.3,29.8,12.4,57,88,0.0,0.0,19.8,103,21.59,5.47,923.7,11.4,842.0,13.110721,78.11475
KA-KLR,2023-03-01,23.0,29.9,17.4,60,98,0.0,0.0,18.8,92,21.69,5.4,924.3,13.6,842.0,13.110721,78.11475
KA-KLR,2023-03-02,21.8,29.2,15.5,49,98,0.0,0.0,21.7,92,25.94,6.42,924.5,7.9,842.0,13.110721,78.11475
KA-KLR,2023-03-03,21.9,30.1,13.4,34,59,0.0,0.0,25.6,83,26.12,7.37,924.7,4.0,842.0,13.110721,78.11475
KA-KLR,2023-03-04,22.5,30.4,14.4,35,53,0.0,0.0,22.7,86,25.86,6.9,924.7,5.5,842.0,13.110721,78.11475
KA-KLR,2023-03-05,22.8,30.6,15.4,34,58,0.0,0.0,19.9,86,25.84,7.06,924.2,4.4,842.0,13.110721,78.11475
KA-KLR,2023-03-06,22.7,30.6,14.9,38,70,0.0,0.0,21.5,87,26.02,6.96,922.9,5.7,842.0,13.110721,78.11475
KA-KLR,2023-03-07,22.6,30.3,14.4,42,76,0.0,0.0,20.9,98,23.87,6.37,922.2,7.0,842.0,13.110721,78.11475
KA-KLR,2023-03-08,22.6,30.0,15.9,50,95,0.0,0.0,21.6,85,25.47,6.58,922.2,8.9,842.0,13.110721,78.11475
KA-KLR,2023-03-09,22.3,29.6,14.2,45,82,0.0,0.0,19.4,80,23.48,6.26,921.7,7.8,842.0,13.110721,78.11475
KA-KLR,2023-03-10,22.2,29.7,14.7,52,92,0.0,0.0,18.4,86,24.64,5.99,921.2,10.6,842.0,13.110721,78.11475
KA-KLR,2023-03-11,22.6,30.2,14.8,48,84,0.0,0.0,20.2,78,26.25,6.66,921.3,9.4,842.0,13.110721,78.11475
KA-KLR,2023-03-12,23.2,30.7,16.5,61,99,0.0,0.0,19.2,102,25.5,6.12,921.4,13.7,842.0,13.110721,78.11475
KA-KLR,2023-03-13,24.0,31.1,16.5,57,100,0.0,0.0,15.5,116,25.53,6.36,920.6,12.7,842.0,13.110721,78.11475
KA-KLR,2023-03-14,24.9,32.5,17.2,44,85,0.0,0.0,15.8,104,24.58,6.39,919.3,9.5,842.0,13.110721,78.11475
KA-KLR,2023-03-15,24.7,32.5,17.6,57,98,0.0,0.0,18.9,128,23.29,5.9,918.6,13.5,842.0,13.110721,78.11475
KA-KLR,2023-03-16,24.0,30.6,19.4,69,98,1.1,1.1,14.4,162,19.43,4.5,919.4,17.1,842.0,13.110721,78.11475
KA-KLR,2023-03-17,22.5,29.1,19.3,77,97,6.9,6.9,16.5,156,16.01,3.54,919.6,17.9,842.0,13.110721,78.11475
KA-KLR,2023-03-18,22.9,29.2,19.1,76,99,16.2,16.2,16.0,171,20.75,4.55,918.7,17.6,842.0,13.110721,78.11475
KA-KLR,2023-03-19,23.0,29.9,18.1,70,98,0.7,0.7,15.4,234,22.28,5.01,917.8,16.3,842.0,13.110721,78.11475
KA-KLR,2023-03-20,24.1,30.8,17.8,59,97,0.0,0.0,16.4,230,24.2,5.74,917.3,13.9,842.0,13.110721,78.11475
KA-KLR,2023-03-21,24.4,31.9,18.9,51,94,0.0,0.0,13.0,257,26.51,6.29,917.3,11.0,842.0,13.110721,78.11475
KA-KLR,2023-03-22,24.9,31.1,19.0,63,99,0.0,0.0,11.2,177,23.67,5.16,918.1,16.4,842.0,13.110721,78.11475
KA-KLR,2023-03-23,25.8,32.5,20.1,55,90,0.0,0.0,14.3,201,24.34,5.74,918.4,14.6,842.0,13.110721,78.11475
KA-KLR,2023-03-24,25.9,32.8,20.2,59,97,0.0,0.0,18.4,176,23.0,5.61,918.7,15.8,842.0,13.110721,78.11475
KA-KLR,2023-03-25,25.0,30.8,20.1,63,89,0.6,0.6,18.1,185,20.39,4.88,920.1,16.9,842.0,13.110721,78.11475
KA-KLR,2023-03-26,25.4,30.5,21.0,64,91,0.4,0.4,12.9,194,21.61,4.99,919.4,17.6,842.0,13.110721,78.11475
KA-KLR,2023-03-27,26.2,33.4,20.2,52,95,0.0,0.0,13.6,286,24.74,6.19,919.0,13.4,842.0,13.110721,78.11475
KA-KLR,2023-03-28,26.3,33.9,19.7,52,96,0.1,0.1,12.7,178,25.54,5.9,919.0,13.3,842.0,13.110721,78.11475
KA-KLR,2023-03-29,26.6,32.6,21.3,59,98,0.0,0.0,14.8,166,22.44,5.46,920.1,16.2,842.0,13.110721,78.11475
KA-KLR,2023-03-30,25.3,32.3,20.7,64,86,3.0,3.0,21.4,185,20.71,4.96,919.4,17.2,842.0,13.110721,78.11475
KA-KLR,2023-03-31,26.6,33.0,21.1,53,80,0.0,0.0,10.9,235,23.88,5.52,918.6,15.0,842.0,13.110721,78.11475
KA-KLR,2023-04-01,25.1,29.9,21.5,62,91,1.5,1.5,18.2,186,17.71,4.38,918.7,16.9,842.0,13.110721,78.11475
KA-KLR,2023-04-02,26.2,32.9,20.7,55,89,0.0,0.0,15.0,200,22.87,5.8,918.4,15.0,842.0,13.110721,78.11475
KA-KLR,2023-04-03,25.8,31.0,20.4,59,84,0.5,0.5,14.5,173,22.88,5.57,918.3,16.6,842.0,13.110721,78.11475
KA-KLR,2023-04-04,25.3,31.8,20.6,65,93,2.2,2.2,13.0,180,19.85,4.76,919.4,17.5,842.0,13.110721,78.11475
KA-KLR,2023-04-05,26.7,33.3,19.8,51,85,0.0,0.0,15.8,133,23.83,5.89,919.0,14.5,842.0,13.110721,78.11475
KA-KLR,2023-04-06,26.4,31.6,21.0,60,97,0.1,0.1,13.4,152,23.54,5.8,919.7,16.9,842.0,13.110721,78.11475
KA-KLR,2023-04-07,25.6,32.7,20.3,56,91,0.0,0.0,18.8,133,25.68,6.25,920.7,15.0,842.0,13.110721,78.11475
KA-KLR,2023-04-08,25.1,31.6,18.2,53,88,0.0,0.0,19.1,114,26.43,6.69,922.2,13.3,842.0,13.110721,78.11475
KA-KLR,2023-04-09,24.7,32.1,17.1,58,99,0.0,0.0,16.1,104,26.39,6.27,922.4,14.5,842.0,13.110721,78.11475
KA-KLR,2023-04-10,25.8,32.4,20.2,60,98,0.0,0.0,16.3,114,26.41,6.52,921.7,15.6,842.0,13.110721,78.11475
KA-KLR,2023-04-11,25.7,33.0,18.8,53,100,0.0,0.0,13.5,108,27.28,6.61,921.4,12.5,842.0,13.110721,78.11475
KA-KLR,2023-04-12,25.7,33.6,18.0,41,77,0.0,0.0,16.5,112,27.76,7.15,920.9,9.2,842.0,13.110721,78.11475
KA-KLR,2023-04-13,26.7,34.4,18.6,37,59,0.0,0.0,18.0,114,27.45,7.35,920.5,9.2,842.0,13.110721,78.11475
KA-KLR,2023-04-14,26.8,34.5,19.6,35,59,0.0,0.0,16.7,131,27.49,7.38,920.3,8.3,842.0,13.110721,78.11475
KA-KLR,2023-04-15,26.4,33.5,19.8,35,61,0.0,0.0,15.9,105,24.85,6.51,919.7,8.8,842.0,13.110721,78.11475
KA-KLR,2023-04-16,26.5,33.8,19.4,38,70,0.0,0.0,16.6,102,27.34,7.16,918.7,9.2,842.0,13.110721,78.11475
KA-KLR,2023-04-17,26.7,34.1,19.6,35,60,0.0,0.0,15.2,130,27.55,7.41,918.7,8.7,842.0,13.110721,78.11475
KA-KLR,2023-04-18,26.8,34.6,19.0,37,59,0.0,0.0,14.6,142,27.41,7.2,919.6,9.9,842.0,13.110721,78.11475
KA-KLR,2023-04-19,27.1,34.5,21.1,43,72,0.0,0.0,10.8,155,27.24,6.89,918.1,12.0,842.0,13.110721,78.11475
KA-KLR,2023-04-20,27.7,34.7,20.9,42,69,0.0,0.0,13.5,193,25.18,6.43,916.2,12.5,842.0,13.110721,78.11475
KA-KLR,2023-04-21,27.7,33.7,21.3,46,73,0.0,0.0,11.2,238,24.9,6.01,916.3,14.5,842.0,13.110721,78.11475
KA-KLR,2023-04-22,27.0,33.3,22.0,53,73,0.0,0.0,10.3,302,21.66,5.02,916.6,15.9,842.0,13.110721,78.11475
KA-KLR,2023-04-23,27.0,32.7,22.4,56,77,0.2,0.2,15.6,205,21.89,5.74,916.9,16.8,842.0,13.110721,78.11475
KA-KLR,2023-04-24,26.5,33.2,21.0,63,90,0.2,0.2,17.0,159,24.19,6.0,918.1,17.8,842.0,13.110721,78.11475
KA-KLR,2023-04-25,26.2,32.0,22.2,68,94,3.1,3.1,15.0,153,23.34,5.62,919.0,19.1,842.0,13.110721,78.11475
KA-KLR,2023-04-26,26.5,32.6,21.0,62,98,0.1,0.1,15.5,127,24.91,6.09,918.9,17.6,842.0,13.110721,78.11475
KA-KLR,2023-04-27,26.9,33.4,20.9,59,95,0.0,0.0,17.1,132,25.75,6.59,918.9,16.9,842.0,13.110721,78.11475
KA-KLR,2023-04-28,26.7,32.4,21.1,63,98,0.4,0.4,14.1,147,24.12,5.94,919.3,18.1,842.0,13.110721,78.11475
KA-KLR,2023-04-29,24.8,30.3,21.6,72,91,2.7,2.7,20.3,145,21.42,4.82,918.7,19.2,842.0,13.110721,78.11475
KA-KLR,2023-04-30,25.0,30.6,20.2,73,99,7.3,7.3,16.0,160,18.3,4.37,917.2,19.4,842.0,13.110721,78.11475
KA-KLR,2023-05-01,23.4,29.0,20.0,79,95,7.6,7.6,15.5,208,18.37,3.92,917.2,19.3,842.0,13.110721,78.11475
KA-KLR,2023-05-02,23.4,27.8,19.7,82,99,1.5,1.5,13.5,132,15.76,3.44,917.6,19.9,842.0,13.110721,78.11475
KA-KLR,2023-05-03,23.9,28.9,20.8,78,97,0.3,0.3,14.7,291,14.65,3.39,918.4,19.6,842.0,13.110721,78.11475
KA-KLR,2023-05-04,24.0,30.7,20.5,79,97,9.9,9.9,11.5,174,17.87,3.89,918.1,19.7,842.0,13.110721,78.11475
KA-KLR,2023-05-05,23.6,28.4,20.8,80,97,3.9,3.9,13.1,273,11.93,2.93,917.4,19.5,842.0,13.110721,78.11475
KA-KLR,2023-05-06,23.8,30.3,20.1,81,98,10.4,10.4,15.1,276,15.94,3.63,917.1,19.7,842.0,13.110721,78.11475
KA-KLR,2023-05-07,24.3,28.9,20.6,77,95,3.0,3.0,17.8,294,15.24,3.51,917.2,19.6,842.0,13.110721,78.11475
KA-KLR,2023-05-08,24.3,30.4,21.1,81,96,7.0,7.0,14.6,312,22.42,4.68,916.5,20.4,842.0,13.110721,78.11475
KA-KLR,2023-05-09,25.3,31.5,19.8,73,98,0.3,0.3,17.8,341,25.34,5.53,917.0,19.5,842.0,13.110721,78.11475
KA-KLR,2023-05-10,26.2,32.8,20.1,69,98,0.1,0.1,11.9,16,25.69,5.8,916.6,19.2,842.0,13.110721,78.11475
KA-KLR,2023-05-11,26.5,32.7,21.5,68,95,0.4,0.4,19.9,33,23.62,5.47,917.7,19.4,842.0,13.110721,78.11475
KA-KLR,2023-05-12,26.9,33.1,21.4,61,88,0.0,0.0,12.3,295,23.48,5.73,917.9,17.7,842.0,13.110721,78.11475
KA-KLR,2023-05-13,26.7,31.4,22.2,68,94,0.5,0.5,19.8,266,22.1,5.48,918.5,19.9,842.0,13.110721,78.11475
KA-KLR,2023-05-14,27.1,33.5,21.6,61,96,0.0,0.0,21.9,286,25.21,6.39,917.6,17.9,842.0,13.110721,78.11475
KA-KLR,2023-05-15,27.2,34.2,21.6,58,93,0.0,0.0,18.7,272,25.7,6.19,917.9,17.1,842.0,13.110721,78.11475
KA-KLR,2023-05-16,27.6,33.7,22.0,52,87,0.0,0.0,15.3,298,24.36,6.25,919.0,16.0,842.0,13.110721,78.11475
KA-KLR,2023-05-17,28.1,34.9,21.6,49,65,0.0,0.0,13.8,266,23.68,5.91,919.3,15.6,842.0,13.110721,78.11475
KA-KLR,2023-05-18,28.3,34.0,23.1,53,79,0.1,0.1,12.6,265,24.36,6.06,920.6,16.7,842.0,13.110721,78.11475
KA-KLR,2023-05-19,28.3,33.9,23.0,53,77,0.0,0.0,14.4,234,24.17,6.11,919.3,17.0,842.0,13.110721,78.11475
KA-KLR,2023-05-20,27.1,33.6,22.6,63,87,0.8,0.8,16.5,275,22.45,5.38,918.9,18.9,842.0,13.110721,78.11475
KA-KLR,2023-05-21,25.7,33.4,22.0,71,91,8.7,8.7,22.9,267,22.87,4.98,919.3,19.6,842.0,13.110721,78.11475
KA-KLR,2023-05-22,25.8,31.9,21.4,70,93,7.1,7.1,12.5,255,23.61,5.27,920.0,19.3,842.0,13.110721,78.11475
KA-KLR,2023-05-23,26.6,33.0,21.2,63,89,0.2,0.2,12.8,235,23.35,5.44,920.4,18.1,842.0,13.110721,78.11475
KA-KLR,2023-05-24,26.8,33.0,22.3,65,89,0.0,0.0,14.8,268,22.65,5.49,920.2,19.0,842.0,13.110721,78.11475
KA-KLR,2023-05-25,26.0,31.5,22.0,70,93,7.2,7.2,16.5,273,22.36,5.24,920.5,19.6,842.0,13.110721,78.11475
KA-KLR,2023-05-26,26.6,32.4,21.5,63,94,0.0,0.0,17.1,280,24.41,6.0,920.7,18.1,842.0,13.110721,78.11475
KA-KLR,2023-05-27,26.8,32.0,21.8,64,90,0.1,0.1,16.2,280,22.9,5.38,919.4,18.7,842.0,13.110721,78.11475
KA-KLR,2023-05-28,27.2,33.5,22.7,60,79,0.7,0.7,14.5,276,23.73,5.74,918.5,18.1,842.0,13.110721,78.11475
KA-KLR,2023-05-29,27.7,34.1,21.5,56,85,0.1,0.1,13.4,314,23.46,5.51,918.6,16.9,842.0,13.110721,78.11475
KA-KLR,2023-05-30,25.2,31.8,22.3,72,94,15.6,15.6,25.6,274,20.69,4.48,919.2,19.5,842.0,13.110721,78.11475
KA-KLR,2023-05-31,26.3,32.3,21.5,68,92,0.8,0.8,12.6,285,20.76,4.85,918.2,19.2,842.0,13.110721,78.11475
KA-KLR,2023-06-01,26.5,32.8,22.0,66,86,0.7,0.7,13.0,281,22.76,5.38,918.0,19.1,842.0,13.110721,78.11475
KA-KLR,2023-06-02,26.3,31.9,22.3,67,86,2.7,2.7,20.5,282,21.87,5.23,918.3,19.5,842.0,13.110721,78.11475
KA-KLR,2023-06-03,27.7,33.2,22.7,59,82,0.1,0.1,15.7,290,24.28,6.07,918.1,18.4,842.0,13.110721,78.11475
KA-KLR,2023-06-04,26.0,30.5,22.5,68,88,0.3,0.3,19.2,286,16.42,4.38,918.1,19.3,842.0,13.110721,78.11475
KA-KLR,2023-06-05,26.9,32.8,22.3,63,80,1.3,1.3,18.2,283,21.17,5.45,917.5,18.9,842.0,13.110721,78.11475
KA-KLR,2023-06-06,27.5,33.3,22.3,61,88,0.0,0.0,20.7,285,25.18,6.45,917.2,18.5,842.0,13.110721,78.11475
KA-KLR,2023-06-07,27.3,32.7,22.5,63,90,0.5,0.5,19.7,271,21.76,5.78,917.2,19.0,842.0,13.110721,78.11475
KA-KLR,2023-06-08,27.6,33.6,22.0,58,85,0.0,0.0,20.6,280,23.54,6.5,917.5,17.8,842.0,13.110721,78.11475
KA-KLR,2023-06-09,26.2,33.3,21.7,67,87,11.1,11.1,23.2,271,21.42,5.53,916.2,19.2,842.0,13.110721,78.11475
KA-KLR,2023-06-10,26.0,31.1,21.6,66,88,1.3,1.3,23.8,268,22.93,6.07,916.1,18.7,842.0,13.110721,78.11475
KA-KLR,2023-06-11,26.3,31.9,21.9,65,84,0.1,0.1,23.9,275,24.51,6.3,916.0,18.8,842.0,13.110721,78.11475
KA-KLR,2023-06-12,26.2,32.1,21.8,67,89,1.7,1.7,18.8,267,21.33,5.51,916.0,19.0,842.0,13.110721,78.11475
KA-KLR,2023-06-13,26.0,32.6,21.3,68,90,1.0,1.0,20.2,269,24.12,5.92,916.5,19.0,842.0,13.110721,78.11475
KA-KLR,2023-06-14,26.3,32.4,21.4,64,88,0.7,0.7,20.5,273,24.74,6.28,918.0,18.4,842.0,13.110721,78.11475
KA-KLR,2023-06-15,26.8,33.1,21.3,60,87,0.0,0.0,19.1,284,25.74,6.48,918.1,17.6,842.0,13.110721,78.11475
KA-KLR,2023-06-16,27.3,32.8,22.3,56,77,0.6,0.6,19.8,279,24.8,6.65,917.2,17.0,842.0,13.110721,78.11475
KA-KLR,2023-06-17,26.7,32.1,21.8,60,84,0.1,0.1,18.9,284,23.5,6.06,917.4,17.8,842.0,13.110721,78.11475
KA-KLR,2023-06-18,25.9,31.1,22.4,67,84,0.2,0.2,25.6,286,15.91,4.71,917.1,18.9,842.0,13.110721,78.11475
KA-KLR,2023-06-19,24.6,27.4,22.2,76,89,4.0,4.0,19.1,277,9.86,2.82,916.0,20.0,842.0,13.110721,78.11475
KA-KLR,2023-06-20,24.0,27.9,22.0,82,95,12.3,12.3,16.4,275,9.62,2.52,915.5,20.6,842.0,13.110721,78.11475
KA-KLR,2023-06-21,24.8,30.8,21.9,78,93,7.3,7.3,15.7,278,14.69,3.52,916.1,20.2,842.0,13.110721,78.11475
KA-KLR,2023-06-22,24.6,30.2,21.4,78,93,1.7,1.7,18.1,287,16.79,3.8,916.4,20.2,842.0,13.110721,78.11475
KA-KLR,2023-06-23,25.1,29.9,21.0,73,95,0.3,0.3,16.6,274,19.65,4.72,916.5,19.5,842.0,13.110721,78.11475
KA-KLR,2023-06-24,24.8,29.7,21.4,73,87,1.3,1.3,24.6,267,17.81,4.55,916.1,19.2,842.0,13.110721,78.11475
KA-KLR,2023-06-25,24.6,30.1,20.5,73,93,1.0,1.0,19.2,263,19.28,4.6,915.9,19.1,842.0,13.110721,78.11475
KA-KLR,2023-06-26,24.7,29.5,20.9,71,90,0.3,0.3,23.3,275,17.22,4.54,916.6,18.6,842.0,13.110721,78.11475
KA-KLR,2023-06-27,24.6,30.3,21.0,71,92,1.8,1.8,25.5,261,20.66,4.99,916.9,18.5,842.0,13.110721,78.11475
KA-KLR,2023-06-28,24.6,29.4,20.5,73,93,1.1,1.1,24.5,273,22.7,5.13,917.7,19.2,842.0,13.110721,78.11475
KA-KLR,2023-06-29,24.7,29.9,20.9,72,90,1.1,1.1,22.1,269,21.0,5.12,918.3,19.1,842.0,13.110721,78.11475
KA-KLR,2023-06-30,25.3,30.9,21.2,68,87,0.2,0.2,24.2,274,23.22,5.73,918.1,18.5,842.0,13.110721,78.11475
KA-KLR,2023-07-01,25.4,29.5,21.1,69,90,0.6,0.6,21.3,282,18.46,4.75,918.4,19.0,842.0,13.110721,78.11475
KA-KLR,2023-07-02,25.2,29.9,21.7,72,88,6.1,6.1,26.8,287,17.51,4.62,917.4,19.5,842.0,13.110721,78.11475
KA-KLR,2023-07-03,24.3,29.9,21.3,74,89,0.9,0.9,27.6,279,16.52,4.38,916.2,19.2,842.0,13.110721,78.11475
KA-KLR,2023-07-04,23.6,28.9,21.2,80,93,12.4,12.4,28.5,265,17.81,4.13,914.0,19.6,842.0,13.110721,78.11475
KA-KLR,2023-07-05,23.0,27.9,20.8,82,94,2.3,2.3,31.1,267,11.88,3.1,913.1,19.6,842.0,13.110721,78.11475
KA-KLR,2023-07-06,22.6,25.6,21.3,82,93,3.9,3.9,29.6,264,6.9,2.38,915.3,19.2,842.0,13.110721,78.11475
KA-KLR,2023-07-07,23.6,28.8,21.0,77,90,0.7,0.7,27.8,256,15.13,3.88,917.3,19.2,842.0,13.110721,78.11475
KA-KLR,2023-07-08,23.7,28.5,21.3,77,88,2.3,2.3,23.1,261,13.75,3.57,918.4,19.3,842.0,13.110721,78.11475
KA-KLR,2023-07-09,24.5,29.1,21.1,74,88,0.2,0.2,21.9,277,16.32,4.11,918.0,19.3,842.0,13.110721,78.11475
KA-KLR,2023-07-10,23.6,27.5,20.9,81,96,4.9,4.9,19.3,275,12.19,2.95,917.5,20.0,842.0,13.110721,78.11475
KA-KLR,2023-07-11,23.5,28.0,20.9,80,95,2.3,2.3,19.5,282,13.3,3.3,916.9,19.6,842.0,13.110721,78.11475
KA-KLR,2023-07-12,24.3,29.6,20.6,76,93,0.5,0.5,18.9,273,20.54,4.68,916.6,19.4,842.0,13.110721,78.11475
KA-KLR,2023-07-13,23.4,28.3,20.4,80,94,1.3,1.3,21.8,267,17.65,3.92,916.9,19.6,842.0,13.110721,78.11475
KA-KLR,2023-07-14,24.1,28.5,20.8,76,93,0.8,0.8,24.6,277,19.58,4.6,917.9,19.3,842.0,13.110721,78.11475
KA-KLR,2023-07-15,24.6,29.6,20.6,73,90,0.3,0.3,23.7,281,20.31,4.91,918.0,19.2,842.0,13.110721,78.11475
KA-KLR,2023-07-16,24.6,28.9,20.6,74,93,2.1,2.1,20.7,281,19.12,4.64,917.4,19.2,842.0,13.110721,78.11475
KA-KLR,2023-07-17,24.3,28.7,20.3,73,92,0.1,0.1,24.0,272,16.6,4.38,916.8,18.8,842.0,13.110721,78.11475
KA-KLR,2023-07-18,24.8,29.1,21.1,68,86,0.2,0.2,31.7,267,22.68,5.9,916.0,18.1,842.0,13.110721,78.11475
KA-KLR,2023-07-19,23.7,28.1,21.0,72,86,0.9,0.9,33.1,266,15.25,4.47,914.6,18.2,842.0,13.110721,78.11475
KA-KLR,2023-07-20,24.3,28.7,21.4,68,81,0.6,0.6,37.1,266,18.6,5.39,914.6,17.9,842.0,13.110721,78.11475
KA-KLR,2023-07-21,24.0,27.2,21.3,71,81,0.1,0.1,34.7,272,9.94,3.92,915.4,18.2,842.0,13.110721,78.11475
KA-KLR,2023-07-22,23.3,27.5,21.1,77,92,5.9,5.9,31.1,271,12.26,3.61,916.6,18.9,842.0,13.110721,78.11475
KA-KLR,2023-07-23,22.9,26.3,21.0,83,93,11.3,11.3,32.0,274,9.73,2.73,916.8,19.7,842.0,13.110721,78.11475
KA-KLR,2023-07-24,22.5,26.6,20.8,82,93,6.4,6.4,29.9,271,8.64,2.67,916.1,19.2,842.0,13.110721,78.11475
KA-KLR,2023-07-25,21.7,24.4,20.5,89,93,15.0,15.0,29.1,277,8.13,1.99,916.2,19.7,842.0,13.110721,78.11475
KA-KLR,2023-07-26,21.4,23.1,20.0,90,94,14.6,14.6,26.6,275,5.82,1.55,917.0,19.6,842.0,13.110721,78.11475
KA-KLR,2023-07-27,23.2,28.2,20.5,77,90,1.2,1.2,31.5,276,18.97,4.49,917.6,18.6,842.0,13.110721,78.11475
KA-KLR,2023-07-28,23.9,28.5,20.0,72,84,1.2,1.2,30.7,280,20.1,5.0,917.7,18.2,842.0,13.110721,78.11475
KA-KLR,2023-07-29,24.1,29.3,20.2,72,89,0.5,0.5,30.2,287,21.39,5.27,917.7,18.3,842.0,13.110721,78.11475
KA-KLR,2023-07-30,24.3,29.5,19.8,71,90,0.1,0.1,30.0,287,21.22,5.23,917.4,18.4,842.0,13.110721,78.11475
KA-KLR,2023-07-31,24.6,29.8,20.1,72,93,0.0,0.0,26.9,278,21.14,5.15,917.2,19.0,842.0,13.110721,78.11475
KA-KLR,2023-08-01,24.7,29.4,20.4,70,91,0.0,0.0,28.8,276,22.36,5.55,917.3,18.5,842.0,13.110721,78.11475
KA-KLR,2023-08-02,24.3,29.3,20.1,67,89,0.0,0.0,31.7,274,20.9,5.5,917.9,17.3,842.0,13.110721,78.11475
KA-KLR,2023-08-03,24.6,29.4,20.3,68,89,0.1,0.1,30.7,276,20.81,5.43,917.6,17.7,842.0,13.110721,78.11475
KA-KLR,2023-08-04,24.4,30.2,19.8,71,91,0.9,0.9,28.5,273,21.95,5.31,919.2,18.4,842.0,13.110721,78.11475
KA-KLR,2023-08-05,24.8,29.5,20.0,71,93,0.5,0.5,25.0,276,22.34,5.25,920.3,18.9,842.0,13.110721,78.11475
KA-KLR,2023-08-06,25.4,30.2,20.7,69,91,0.2,0.2,19.7,277,22.58,5.43,919.6,18.9,842.0,13.110721,78.11475
KA-KLR,2023-08-07,25.2,29.8,20.5,68,94,0.0,0.0,20.5,278,21.91,5.31,918.1,18.4,842.0,13.110721,78.11475
KA-KLR,2023-08-08,24.8,30.2,20.5,71,93,1.1,1.1,18.4,281,22.54,5.2,918.2,18.6,842.0,13.110721,78.11475
KA-KLR,2023-08-09,25.2,30.6,20.3,69,93,0.6,0.6,16.4,290,22.35,5.14,919.4,18.7,842.0,13.110721,78.11475
KA-KLR,2023-08-10,24.4,31.0,20.7,75,95,9.3,9.3,19.6,275,19.44,4.35,919.9,19.3,842.0,13.110721,78.11475
KA-KLR,2023-08-11,24.7,29.3,20.5,74,95,0.2,0.2,14.6,303,17.94,4.08,919.1,19.3,842.0,13.110721,78.11475
KA-KLR,2023-08-12,25.5,30.9,20.7,66,92,0.3,0.3,17.6,290,23.54,5.73,918.7,18.1,842.0,13.110721,78.11475
KA-KLR,2023-08-13,25.6,30.2,20.8,63,87,0.5,0.5,16.2,287,23.8,5.78,918.2,17.5,842.0,13.110721,78.11475
KA-KLR,2023-08-14,25.6,30.9,21.4,63,86,0.2,0.2,15.8,282,23.66,5.69,918.6,17.5,842.0,13.110721,78.11475
KA-KLR,2023-08-15,25.1,30.7,20.1,63,89,0.1,0.1,14.1,267,24.28,5.68,918.7,17.0,842.0,13.110721,78.11475
KA-KLR,2023-08-16,25.6,30.7,20.3,61,91,0.3,0.3,15.1,281,25.18,6.07,918.9,16.9,842.0,13.110721,78.11475
KA-KLR,2023-08-17,26.2,31.7,21.6,61,83,0.7,0.7,19.5,280,23.93,6.37,918.7,17.5,842.0,13.110721,78.11475
KA-KLR,2023-08-18,25.4,29.5,21.3,61,84,1.2,1.2,23.1,281,19.58,5.62,917.6,17.0,842.0,13.110721,78.11475
KA-KLR,2023-08-19,24.1,30.2,20.5,72,89,3.0,3.0,24.6,277,20.69,5.11,917.1,18.4,842.0,13.110721,78.11475
KA-KLR,2023-08-20,25.6,31.3,21.0,64,88,0.5,0.5,20.9,286,23.54,5.95,917.1,17.6,842.0,13.110721,78.11475
KA-KLR,2023-08-21,25.9,32.1,21.0,62,91,0.0,0.0,16.6,293,25.74,6.07,917.1,17.3,842.0,13.110721,78.11475
KA-KLR,2023-08-22,25.3,31.4,21.5,68,86,2.9,2.9,11.3,275,23.12,5.18,917.1,18.6,842.0,13.110721,78.11475
KA-KLR,2023-08-23,25.8,31.8,21.3,64,91,0.2,0.2,12.8,270,23.54,5.62,917.4,17.7,842.0,13.110721,78.11475
KA-KLR,2023-08-24,25.8,31.6,21.2,56,83,0.0,0.0,16.5,279,25.16,6.29,917.2,15.6,842.0,13.110721,78.11475
KA-KLR,2023-08-25,26.0,32.4,20.9,58,88,0.0,0.0,14.4,269,25.14,6.1,917.3,16.3,842.0,13.110721,78.11475
KA-KLR,2023-08-26,25.4,31.9,21.1,69,89,0.9,0.9,16.6,287,21.15,5.04,918.4,18.8,842.0,13.110721,78.11475
KA-KLR,2023-08-27,25.9,30.8,21.7,65,93,0.1,0.1,14.0,287,18.59,4.74,919.0,18.2,842.0,13.110721,78.11475
KA-KLR,2023-08-28,26.5,32.2,21.8,57,84,0.0,0.0,15.7,283,24.72,6.25,918.3,16.5,842.0,13.110721,78.11475
KA-KLR,2023-08-29,26.4,32.1,21.7,60,85,0.0,0.0,17.9,298,23.89,6.09,917.8,17.1,842.0,13.110721,78.11475
KA-KLR,2023-08-30,25.2,31.8,20.9,69,95,15.4,15.4,16.2,290,23.77,5.45,918.0,18.3,842.0,13.110721,78.11475
KA-KLR,2023-08-31,24.3,29.6,20.6,78,96,18.8,18.8,13.3,300,18.98,4.08,917.9,19.7,842.0,13.110721,78.11475
KA-KLR,2023-09-01,24.4,31.3,20.4,75,95,11.7,11.7,16.3,287,19.84,4.27,917.8,19.3,842.0,13.110721,78.11475
KA-KLR,2023-09-02,24.3,30.5,21.0,80,93,9.8,9.8,18.8,269,20.18,4.33,917.6,20.4,842.0,13.110721,78.11475
KA-KLR,2023-09-03,24.4,28.8,21.1,71,94,2.3,2.3,16.0,289,18.33,4.49,916.4,18.3,842.0,13.110721,78.11475
KA-KLR,2023-09-04,23.2,26.1,21.4,75,84,0.7,0.7,27.3,290,11.58,3.43,915.0,18.4,842.0,13.110721,78.11475
KA-KLR,2023-09-05,22.9,26.5,20.3,73,87,0.0,0.0,24.0,287,13.12,3.68,914.9,17.7,842.0,13.110721,78.11475
KA-KLR,2023-09-06,24.4,29.4,21.3,74,89,0.4,0.4,20.2,270,18.88,4.57,915.6,19.1,842.0,13.110721,78.11475
KA-KLR,2023-09-07,24.4,30.4,21.1,75,93,2.9,2.9,22.1,265,20.11,4.74,916.4,19.4,842.0,13.110721,78.11475
KA-KLR,2023-09-08,24.6,29.1,20.8,72,92,1.0,1.0,24.3,259,20.47,4.99,917.2,18.8,842.0,13.110721,78.11475
KA-KLR,2023-09-09,24.9,30.7,20.5,72,93,0.5,0.5,22.7,270,24.03,5.58,916.9,19.2,842.0,13.110721,78.11475
KA-KLR,2023-09-10,24.9,30.1,20.3,68,93,0.8,0.8,21.5,277,19.24,4.85,916.4,18.2,842.0,13.110721,78.11475
KA-KLR,2023-09-11,24.4,29.0,20.0,72,95,0.2,0.2,23.6,282,16.99,4.39,916.7,18.7,842.0,13.110721,78.11475
KA-KLR,2023-09-12,24.8,29.7,20.8,68,88,1.0,1.0,26.0,286,19.3,4.94,917.2,18.0,842.0,13.110721,78.11475
KA-KLR,2023-09-13,24.7,30.0,20.4,70,92,1.7,1.7,21.2,279,22.98,5.39,917.1,18.5,842.0,13.110721,78.11475
KA-KLR,2023-09-14,24.4,29.6,20.0,72,93,1.0,1.0,21.1,272,21.4,5.16,917.1,18.6,842.0,13.110721,78.11475
KA-KLR,2023-09-15,24.2,29.5,20.5,75,92,7.8,7.8,25.2,261,17.42,4.24,917.3,19.3,842.0,13.110721,78.11475
KA-KLR,2023-09-16,24.5,30.1,20.6,75,91,4.0,4.0,24.5,269,16.31,4.11,917.6,19.4,842.0,13.110721,78.11475
KA-KLR,2023-09-17,23.8,29.6,20.7,79,93,22.8,22.8,24.7,273,16.61,3.79,917.2,19.6,842.0,13.110721,78.11475
KA-KLR,2023-09-18,24.1,31.0,19.9,77,96,5.1,5.1,18.9,277,21.4,4.72,917.1,19.5,842.0,13.110721,78.11475
KA-KLR,2023-09-19,24.6,29.9,20.0,71,96,1.1,1.1,17.3,278,23.5,5.22,918.2,18.5,842.0,13.110721,78.11475
KA-KLR,2023-09-20,24.7,30.5,20.2,73,92,0.9,0.9,15.1,272,21.73,4.89,918.5,19.0,842.0,13.110721,78.11475
KA-KLR,2023-09-21,24.5,29.2,20.9,75,93,0.0,0.0,11.9,268,17.59,3.92,918.6,19.6,842.0,13.110721,78.11475
KA-KLR,2023-09-22,24.1,29.9,20.4,78,95,3.3,3.3,15.4,272,19.53,4.12,918.4,19.7,842.0,13.110721,78.11475
KA-KLR,2023-09-23,24.5,30.9,20.4,78,97,9.3,9.3,12.2,273,23.69,4.96,918.5,20.0,842.0,13.110721,78.11475
KA-KLR,2023-09-24,24.0,29.5,20.5,78,96,12.7,12.7,19.7,285,19.18,4.23,918.5,19.5,842.0,13.110721,78.11475
KA-KLR,2023-09-25,24.0,29.2,20.4,78,93,7.8,7.8,22.3,293,22.2,4.74,917.6,19.6,842.0,13.110721,78.11475
KA-KLR,2023-09-26,24.4,29.6,20.4,75,93,6.1,6.1,15.3,276,21.87,4.79,917.1,19.2,842.0,13.110721,78.11475
KA-KLR,2023-09-27,24.1,29.5,20.3,78,94,1.6,1.6,16.4,274,21.83,4.65,917.1,19.6,842.0,13.110721,78.11475
KA-KLR,2023-09-28,23.2,28.3,19.8,80,93,11.2,11.2,20.5,260,17.34,3.85,916.7,19.4,842.0,13.110721,78.11475
KA-KLR,2023-09-29,23.5,28.9,20.3,79,94,2.8,2.8,24.7,252,18.12,4.13,917.0,19.4,842.0,13.110721,78.11475
KA-KLR,2023-09-30,24.2,29.6,20.1,75,92,1.5,1.5,24.3,246,20.33,4.71,917.6,19.3,842.0,13.110721,78.11475
KA-KLR,2023-10-01,24.0,27.9,20.9,75,90,0.0,0.0,26.3,248,13.01,3.62,917.3,19.1,842.0,13.110721,78.11475
KA-KLR,2023-10-02,24.6,29.4,20.4,70,93,0.1,0.1,24.9,270,22.79,5.27,917.9,18.4,842.0,13.110721,78.11475
KA-KLR,2023-10-03,24.4,29.5,20.0,70,96,0.0,0.0,15.6,282,22.88,5.1,918.7,18.0,842.0,13.110721,78.11475
KA-KLR,2023-10-04,24.7,29.8,20.2,68,91,0.6,0.6,13.8,296,22.1,4.97,919.2,18.0,842.0,13.110721,78.11475
KA-KLR,2023-10-05,25.0,29.7,20.2,67,91,0.6,0.6,10.9,300,21.92,4.81,919.0,18.0,842.0,13.110721,78.11475
KA-KLR,2023-10-06,26.0,30.6,21.2,61,83,0.6,0.6,10.9,308,21.1,5.04,918.3,17.3,842.0,13.110721,78.11475
KA-KLR,2023-10-07,25.8,31.0,21.4,63,86,1.1,1.1,13.7,327,22.02,5.09,918.7,17.8,842.0,13.110721,78.11475
KA-KLR,2023-10-08,24.3,30.2,20.5,77,96,15.7,15.7,9.7,152,19.17,4.08,920.0,19.6,842.0,13.110721,78.11475
KA-KLR,2023-10-09,23.7,29.9,19.9,83,99,11.2,11.2,10.5,190,16.61,3.45,921.1,20.2,842.0,13.110721,78.11475
KA-KLR,2023-10-10,24.3,29.0,19.6,77,97,4.4,4.4,11.1,195,20.56,4.31,920.5,19.6,842.0,13.110721,78.11475
KA-KLR,2023-10-11,24.8,30.3,20.1,72,97,0.2,0.2,12.5,56,22.47,4.97,920.2,18.6,842.0,13.110721,78.11475
KA-KLR,2023-10-12,24.8,30.6,21.1,66,99,0.0,0.0,15.3,100,23.17,5.38,921.2,17.0,842.0,13.110721,78.11475
KA-KLR,2023-10-13,23.6,30.1,17.3,63,100,0.0,0.0,12.9,89,24.73,5.51,921.5,14.5,842.0,13.110721,78.11475
KA-KLR,2023-10-14,23.1,30.0,18.6,78,100,0.7,0.7,18.5,100,19.7,4.21,921.4,18.4,842.0,13.110721,78.11475
KA-KLR,2023-10-15,24.5,30.3,20.9,71,99,3.6,3.6,16.2,94,20.93,4.73,920.4,18.1,842.0,13.110721,78.11475
KA-KLR,2023-10-16,23.9,29.2,19.9,78,100,0.5,0.5,16.6,103,20.99,4.52,920.2,19.2,842.0,13.110721,78.11475
KA-KLR,2023-10-17,24.3,30.0,19.3,71,100,0.6,0.6,14.3,92,22.33,5.05,920.9,18.0,842.0,13.110721,78.11475
KA-KLR,2023-10-18,23.7,29.6,18.8,63,83,0.6,0.6,16.7,84,21.64,5.01,921.5,15.8,842.0,13.110721,78.11475
KA-KLR,2023-10-19,23.8,31.1,17.2,63,92,0.0,0.0,14.8,72,23.03,5.4,921.3,15.3,842.0,13.110721,78.11475
KA-KLR,2023-10-20,24.2,30.6,17.8,65,98,0.4,0.4,16.3,85,23.88,5.57,921.4,16.2,842.0,13.110721,78.11475
KA-KLR,2023-10-21,24.4,30.6,19.7,68,95,2.3,2.3,17.4,72,20.86,4.89,921.7,17.2,842.0,13.110721,78.11475
KA-KLR,2023-10-22,24.4,30.6,19.2,59,95,0.0,0.0,16.0,37,21.92,5.3,921.6,14.8,842.0,13.110721,78.11475
KA-KLR,2023-10-23,23.6,30.7,18.2,47,93,0.0,0.0,15.8,7,24.2,5.79,920.7,10.0,842.0,13.110721,78.11475
KA-KLR,2023-10-24,23.0,30.0,16.5,44,69,0.0,0.0,9.1,44,24.58,5.6,920.3,9.2,842.0,13.110721,78.11475
KA-KLR,2023-10-25,23.0,30.2,16.5,54,96,0.0,0.0,12.6,36,24.06,5.46,921.5,11.8,842.0,13.110721,78.11475
KA-KLR,2023-10-26,23.6,30.2,17.0,58,96,0.0,0.0,13.7,81,23.81,5.46,921.7,13.5,842.0,13.110721,78.11475
KA-KLR,2023-10-27,24.2,30.9,17.7,63,98,0.0,0.0,14.6,87,21.77,5.21,920.7,15.3,842.0,13.110721,78.11475
KA-KLR,2023-10-28,24.8,30.8,21.3,70,92,0.0,0.0,15.3,105,21.99,5.1,920.8,18.1,842.0,13.110721,78.11475
KA-KLR,2023-10-29,23.3,28.5,20.2,80,96,4.3,4.3,16.6,97,18.51,3.97,920.6,19.2,842.0,13.110721,78.11475
KA-KLR,2023-10-30,22.8,27.4,19.4,82,98,7.9,7.9,16.0,101,16.55,3.46,920.6,19.3,842.0,13.110721,78.11475
KA-KLR,2023-10-31,22.6,27.6,19.7,82,99,2.1,2.1,15.8,81,16.68,3.51,921.1,19.0,842.0,13.110721,78.11475
KA-KLR,2023-11-01,23.5,29.0,19.4,76,99,0.5,0.5,16.1,73,20.63,4.46,921.2,18.4,842.0,13.110721,78.11475
KA-KLR,2023-11-02,23.1,28.9,18.0,81,100,2.2,2.2,14.0,76,18.17,3.89,920.3,19.3,842.0,13.110721,78.11475
KA-KLR,2023-11-03,23.5,29.1,21.0,80,95,2.5,2.5,17.7,82,18.77,3.92,919.2,19.7,842.0,13.110721,78.11475
KA-KLR,2023-11-04,22.3,26.6,19.7,86,99,11.1,11.1,16.3,80,11.46,2.43,919.0,19.7,842.0,13.110721,78.11475
KA-KLR,2023-11-05,22.0,27.3,19.8,88,99,20.9,20.9,15.8,105,12.03,2.45,920.1,19.8,842.0,13.110721,78.11475
KA-KLR,2023-11-06,22.8,28.6,19.6,84,99,18.1,18.1,15.6,143,18.31,3.67,921.2,19.7,842.0,13.110721,78.11475
KA-KLR,2023-11-07,22.2,27.5,19.1,87,99,12.1,12.1,11.2,75,14.43,2.92,921.2,19.7,842.0,13.110721,78.11475
KA-KLR,2023-11-08,22.5,27.4,19.9,86,99,5.6,5.6,14.2,105,17.01,3.37,921.1,19.9,842.0,13.110721,78.11475
KA-KLR,2023-11-09,22.4,26.6,19.9,86,98,8.4,8.4,14.4,90,16.39,3.24,921.4,19.6,842.0,13.110721,78.11475
KA-KLR,2023-11-10,23.0,27.6,19.6,79,99,0.3,0.3,18.1,84,19.35,4.09,922.6,18.7,842.0,13.110721,78.11475
KA-KLR,2023-11-11,21.5,27.4,16.6,72,100,0.0,0.0,17.0,77,22.21,4.69,922.5,15.6,842.0,13.110721,78.11475
KA-KLR,2023-11-12,21.0,27.1,15.1,74,98,0.0,0.0,18.9,65,21.74,4.43,922.5,15.8,842.0,13.110721,78.11475
KA-KLR,2023-11-13,21.4,27.6,15.4,72,98,0.0,0.0,20.8,55,21.69,4.63,921.8,15.4,842.0,13.110721,78.11475
KA-KLR,2023-11-14,20.4,23.2,18.4,86,98,4.7,4.7,18.2,44,7.21,1.75,921.3,17.9,842.0,13.110721,78.11475
KA-KLR,2023-11-15,21.6,27.1,17.8,81,95,0.4,0.4,18.6,42,14.66,3.17,920.9,17.9,842.0,13.110721,78.11475
KA-KLR,2023-11-16,22.6,28.8,17.9,73,98,0.0,0.0,10.7,57,18.16,3.99,921.1,16.8,842.0,13.110721,78.11475
KA-KLR,2023-11-17,23.0,28.6,18.1,78,100,0.0,0.0,13.4,91,19.08,4.12,921.5,18.1,842.0,13.110721,78.11475
KA-KLR,2023-11-18,23.0,28.6,18.7,75,100,0.0,0.0,15.1,82,21.74,4.67,921.3,17.5,842.0,13.110721,78.11475
KA-KLR,2023-11-19,22.0,28.6,16.2,73,98,0.0,0.0,18.4,81,20.39,4.46,921.4,16.3,842.0,13.110721,78.11475
KA-KLR,2023-11-20,21.3,26.4,16.7,81,97,1.4,1.4,16.1,40,14.59,3.09,921.0,17.7,842.0,13.110721,78.11475
KA-KLR,2023-11-21,22.0,27.4,19.3,88,98,2.3,2.3,15.9,29,11.94,2.48,920.2,19.7,842.0,13.110721,78.11475
KA-KLR,2023-11-22,22.8,28.6,20.3,86,99,3.9,3.9,16.5,73,15.44,3.13,919.8,20.0,842.0,13.110721,78.11475
KA-KLR,2023-11-23,22.1,27.2,20.1,87,100,13.7,13.7,14.8,119,13.26,2.71,919.5,19.6,842.0,13.110721,78.11475
KA-KLR,2023-11-24,22.1,26.6,19.5,86,99,3.1,3.1,16.6,108,15.48,3.13,919.7,19.4,842.0,13.110721,78.11475
KA-KLR,2023-11-25,21.9,26.5,19.6,86,98,2.3,2.3,20.5,90,16.11,3.18,921.1,19.2,842.0,13.110721,78.11475
KA-KLR,2023-11-26,21.8,26.4,18.7,82,99,0.7,0.7,23.1,87,15.45,3.25,921.8,18.4,842.0,13.110721,78.11475
KA-KLR,2023-11-27,21.9,26.3,19.8,86,99,2.3,2.3,16.3,102,15.25,3.06,920.7,19.2,842.0,13.110721,78.11475
KA-KLR,2023-11-28,22.4,27.1,19.4,83,99,1.1,1.1,16.6,101,17.68,3.63,919.9,19.0,842.0,13.110721,78.11475
KA-KLR,2023-11-29,22.0,26.5,19.2,84,99,4.0,4.0,16.3,83,15.5,3.19,920.1,18.8,842.0,13.110721,78.11475
KA-KLR,2023-11-30,21.8,26.7,19.6,84,98,2.9,2.9,18.0,96,14.69,3.04,920.7,18.7,842.0,13.110721,78.11475
KA-KLR,2023-12-01,21.8,26.7,19.5,86,98,3.4,3.4,14.3,64,14.23,2.88,920.0,19.0,842.0,13.110721,78.11475
KA-KLR,2023-12-02,21.3,26.7,17.3,83,98,1.5,1.5,20.2,31,15.42,3.18,918.6,18.1,842.0,13.110721,78.11475
KA-KLR,2023-12-03,21.2,24.1,19.7,90,98,3.1,3.1,25.3,14,9.5,1.93,918.1,19.4,842.0,13.110721,78.11475
KA-KLR,2023-12-04,20.9,22.4,19.8,86,95,0.3,0.3,28.1,333,3.57,1.44,916.2,18.5,842.0,13.110721,78.11475
KA-KLR,2023-12-05,22.8,28.4,19.1,74,90,0.0,0.0,24.7,300,16.77,4.01,916.3,17.5,842.0,13.110721,78.11475
KA-KLR,2023-12-06,22.7,29.0,16.8,74,95,0.0,0.0,9.0,282,19.64,4.0,918.2,17.2,842.0,13.110721,78.11475
KA-KLR,2023-12-07,23.1,28.2,19.3,82,100,6.8,6.8,11.0,148,17.51,3.49,919.6,19.2,842.0,13.110721,78.11475
KA-KLR,2023-12-08,22.4,27.7,19.1,84,99,1.8,1.8,12.0,110,15.42,3.19,920.3,19.3,842.0,13.110721,78.11475
KA-KLR,2023-12-09,22.6,26.6,20.0,82,97,2.2,2.2,14.1,82,16.01,3.31,921.3,19.0,842.0,13.110721,78.11475
KA-KLR,2023-12-10,22.1,27.5,18.4,78,100,0.0,0.0,12.5,83,15.88,3.46,920.7,17.7,842.0,13.110721,78.11475
KA-KLR,2023-12-11,21.6,25.9,17.5,80,99,0.1,0.1,11.5,82,13.86,2.89,921.0,17.6,842.0,13.110721,78.11475
KA-KLR,2023-12-12,21.1,26.6,17.3,75,99,0.0,0.0,11.9,68,18.66,3.78,920.2,15.9,842.0,13.110721,78.11475
KA-KLR,2023-12-13,20.2,25.7,16.5,76,100,0.0,0.0,13.8,71,20.38,4.04,920.6,15.1,842.0,13.110721,78.11475
KA-KLR,2023-12-14,20.6,25.5,15.9,76,98,0.1,0.1,15.5,80,19.63,3.94,921.9,15.7,842.0,13.110721,78.11475
KA-KLR,2023-12-15,20.7,25.1,15.8,83,97,0.3,0.3,13.3,74,13.87,2.87,922.1,17.4,842.0,13.110721,78.11475
KA-KLR,2023-12-16,21.7,25.8,18.9,85,99,1.8,1.8,17.1,75,11.22,2.42,921.6,18.9,842.0,13.110721,78.11475
KA-KLR,2023-12-17,21.1,25.0,18.6,85,99,1.1,1.1,20.1,79,11.95,2.59,921.2,18.1,842.0,13.110721,78.11475
KA-KLR,2023-12-18,20.7,25.2,18.1,80,99,0.3,0.3,18.8,77,13.05,2.9,921.8,16.8,842.0,13.110721,78.11475
KA-KLR,2023-12-19,20.4,25.7,17.0,78,98,0.1,0.1,14.0,71,17.8,3.61,922.5,16.0,842.0,13.110721,78.11475
KA-KLR,2023-12-20,20.7,25.9,17.3,78,98,0.0,0.0,15.4,78,16.15,3.41,922.5,16.3,842.0,13.110721,78.11475
KA-KLR,2023-12-21,21.0,27.1,17.3,80,100,0.0,0.0,12.4,86,19.68,3.87,922.0,17.0,842.0,13.110721,78.11475
KA-KLR,2023-12-22,21.5,27.5,17.4,75,100,0.0,0.0,10.0,62,20.28,4.03,922.2,16.3,842.0,13.110721,78.11475
KA-KLR,2023-12-23,19.3,26.2,14.1,76,100,0.0,0.0,12.4,87,20.34,4.04,922.4,14.3,842.0,13.110721,78.11475
KA-KLR,2023-12-24,19.7,27.5,12.9,80,100,0.0,0.0,15.5,78,19.59,3.98,923.5,15.4,842.0,13.110721,78.11475
KA-KLR,2023-12-25,21.5,27.5,17.0,76,100,0.0,0.0,18.8,76,17.86,3.9,923.5,16.4,842.0,13.110721,78.11475
KA-KLR,2023-12-26,19.9,26.3,15.0,72,100,0.0,0.0,16.4,76,21.24,4.36,923.2,13.3,842.0,13.110721,78.11475
KA-KLR,2023-12-27,19.9,26.5,15.3,74,99,0.0,0.0,16.7,77,21.13,4.3,923.6,14.2,842.0,13.110721,78.11475
KA-KLR,2023-12-28,20.9,26.8,15.6,76,99,0.0,0.0,17.7,89,18.8,4.0,922.7,15.9,842.0,13.110721,78.11475
KA-KLR,2023-12-29,20.9,26.7,16.7,77,100,0.1,0.1,17.8,91,15.99,3.55,922.7,16.1,842.0,13.110721,78.11475
KA-KLR,2023-12-30,20.9,26.7,17.2,75,100,0.0,0.0,12.5,101,18.81,3.91,922.3,15.7,842.0,13.110721,78.11475
KA-KLR,2023-12-31,20.5,26.1,17.1,76,99,0.0,0.0,14.3,105,20.59,4.07,921.7,15.6,842.0,13.110721,78.11475
