site_id,date,temperature_2m_mean,temperature_2m_max,temperature_2m_min,relative_humidity_2m_mean,relative_humidity_2m_max,precipitation_sum,rain_sum,wind_speed_10m_max,wind_direction_10m_dominant,shortwave_radiation_sum,et0_fao_evapotranspiration,surface_pressure_mean,dew_point_2m_mean,elevation_m,lat,lon
KA-VJP,2020-12-01,23.9,28.5,19.1,64,90,0.0,0.0,19.5,95,16.6,4.35,946.7,16.2,610.0,16.836554,75.703354
KA-VJP,2020-12-02,23.3,29.2,16.9,56,91,0.0,0.0,18.0,79,19.26,5.1,945.6,12.6,610.0,16.836554,75.703354
KA-VJP,2020-12-03,23.2,30.1,16.3,51,87,0.0,0.0,14.6,77,19.4,5.17,944.8,11.1,610.0,16.836554,75.703354
KA-VJP,2020-12-04,23.7,30.1,17.1,51,83,0.0,0.0,17.1,73,19.22,5.31,944.1,12.0,610.0,16.836554,75.703354
KA-VJP,2020-12-05,23.7,30.2,17.0,42,80,0.0,0.0,17.9,76,19.48,5.86,944.5,7.7,610.0,16.836554,75.703354
KA-VJP,2020-12-06,23.2,30.1,16.0,47,81,0.0,0.0,22.0,89,19.41,5.57,945.6,10.0,610.0,16.836554,75.703354
KA-VJP,2020-12-07,24.6,30.1,18.6,57,81,0.0,0.0,23.7,88,18.22,5.39,947.1,14.9,610.0,16.836554,75.703354
KA-VJP,2020-12-08,25.6,31.1,20.8,55,76,0.0,0.0,23.2,105,16.96,5.45,947.2,15.3,610.0,16.836554,75.703354
KA-VJP,2020-12-09,25.0,29.3,20.4,62,95,0.2,0.2,20.2,108,13.18,4.35,946.2,16.1,610.0,16.836554,75.703354
KA-VJP,2020-12-10,25.8,31.1,20.2,43,76,0.0,0.0,18.8,129,18.04,6.03,945.6,11.0,610.0,16.836554,75.703354
KA-VJP,2020-12-11,25.4,30.9,19.9,45,73,0.0,0.0,16.6,134,17.4,5.33,945.6,11.6,610.0,16.836554,75.703354
KA-VJP,2020-12-12,25.1,30.8,19.6,38,65,0.0,0.0,16.3,139,18.35,5.94,945.1,9.1,610.0,16.836554,75.703354
KA-VJP,2020-12-13,24.6,30.2,18.5,45,79,0.0,0.0,15.8,138,18.05,5.23,944.2,11.2,610.0,16.836554,75.703354
KA-VJP,2020-12-14,25.1,30.1,19.4,41,65,0.0,0.0,19.3,143,17.61,5.57,944.1,10.4,610.0,16.836554,75.703354
KA-VJP,2020-12-15,24.5,30.5,19.2,44,77,0.0,0.0,21.0,127,18.35,5.67,945.8,10.6,610.0,16.836554,75.703354
KA-VJP,2020-12-16,24.1,29.9,18.5,53,86,0.0,0.0,20.3,112,17.74,5.11,946.8,13.4,610.0,16.836554,75.703354
KA-VJP,2020-12-17,25.0,30.8,19.5,56,94,0.0,0.0,19.3,96,17.68,5.09,946.9,14.6,610.0,16.836554,75.703354
KA-VJP,2020-12-18,24.8,29.4,19.4,51,85,0.0,0.0,20.0,90,17.48,5.16,946.8,13.2,610.0,16.836554,75.703354
KA-VJP,2020-12-19,23.8,29.0,18.6,48,77,0.0,0.0,22.3,86,18.01,5.48,947.2,11.4,610.0,16.836554,75.703354
KA-VJP,2020-12-20,22.4,28.5,16.6,46,70,0.0,0.0,21.7,84,19.05,5.32,947.5,9.1,610.0,16.836554,75.703354
KA-VJP,2020-12-21,21.6,28.2,15.3,43,70,0.0,0.0,18.1,82,19.21,5.27,946.3,7.2,610.0,16.836554,75.703354
KA-VJP,2020-12-22,21.2,28.0,13.3,42,71,0.0,0.0,15.5,91,19.18,5.23,945.1,6.4,610.0,16.836554,75.703354
KA-VJP,2020-12-23,22.6,29.4,15.3,45,83,0.0,0.0,15.5,114,18.74,5.3,944.1,8.8,610.0,16.836554,75.703354
KA-VJP,2020-12-24,23.3,29.3,16.9,47,74,0.0,0.0,17.2,106,18.17,5.13,943.4,10.9,610.0,16.836554,75.703354
KA-VJP,2020-12-25,23.6,29.3,18.0,50,81,0.0,0.0,17.4,101,18.44,5.3,944.6,11.7,610.0,16.836554,75.703354
KA-VJP,2020-12-26,23.3,29.4,17.6,53,82,0.0,0.0,16.3,100,18.47,5.0,945.7,12.4,610.0,16.836554,75.703354
KA-VJP,2020-12-27,23.8,29.8,17.3,51,79,0.0,0.0,11.8,107,18.47,4.75,945.0,12.4,610.0,16.836554,75.703354
KA-VJP,2020-12-28,24.5,30.6,18.0,46,73,0.0,0.0,13.7,127,18.75,5.01,944.4,11.3,610.0,16.836554,75.703354
KA-VJP,2020-12-29,24.3,30.2,18.4,45,70,0.0,0.0,17.3,127,18.74,5.33,944.1,10.8,610.0,16.836554,75.703354
KA-VJP,2020-12-30,24.2,30.1,17.9,51,81,0.0,0.0,17.7,115,18.55,5.45,944.5,12.7,610.0,16.836554,75.703354
KA-VJP,2020-12-31,24.6,29.2,19.7,59,86,0.0,0.0,22.2,111,14.24,4.59,945.2,15.7,610.0,16.836554,75.703354
KA-VJP,2021-01-01,24.3,29.4,19.7,61,90,0.0,0.0,21.2,119,14.8,4.6,945.6,15.9,610.0,16.836554,75.703354
KA-VJP,2021-01-02,23.3,29.2,17.4,50,84,0.0,0.0,20.4,119,18.93,5.64,945.7,10.7,610.0,16.836554,75.703354
KA-VJP,2021-01-03,23.9,29.6,18.3,54,81,0.0,0.0,20.1,126,15.39,4.8,944.0,13.7,610.0,16.836554,75.703354
KA-VJP,2021-01-04,24.3,28.2,20.3,56,76,0.4,0.4,18.8,133,11.4,3.86,943.9,14.7,610.0,16.836554,75.703354
KA-VJP,2021-01-05,25.2,30.3,21.6,51,67,0.0,0.0,21.7,112,12.2,4.61,944.6,13.9,610.0,16.836554,75.703354
KA-VJP,2021-01-06,24.8,30.2,20.8,67,86,5.3,5.3,18.7,123,15.64,4.19,944.3,17.8,610.0,16.836554,75.703354
KA-VJP,2021-01-07,23.5,26.8,20.5,76,93,1.8,1.8,20.4,107,8.94,2.73,943.0,18.8,610.0,16.836554,75.703354
KA-VJP,2021-01-08,23.7,27.6,20.5,69,82,1.7,1.7,17.4,142,12.73,3.25,942.3,17.5,610.0,16.836554,75.703354
KA-VJP,2021-01-09,24.9,28.4,21.3,67,85,0.3,0.3,17.6,129,11.67,3.5,943.0,18.0,610.0,16.836554,75.703354
KA-VJP,2021-01-10,25.5,30.8,20.3,55,80,0.0,0.0,20.7,118,18.56,5.03,943.8,14.9,610.0,16.836554,75.703354
KA-VJP,2021-01-11,26.0,31.7,20.4,52,81,0.0,0.0,17.7,107,18.65,5.63,945.0,14.4,610.0,16.836554,75.703354
KA-VJP,2021-01-12,25.9,31.6,19.9,46,70,0.0,0.0,19.9,88,16.44,5.39,945.4,12.6,610.0,16.836554,75.703354
KA-VJP,2021-01-13,25.8,31.3,19.7,43,71,0.0,0.0,19.7,96,18.76,5.68,944.9,11.4,610.0,16.836554,75.703354
KA-VJP,2021-01-14,25.2,31.0,18.8,48,79,0.0,0.0,15.6,105,19.24,5.45,944.4,12.4,610.0,16.836554,75.703354
KA-VJP,2021-01-15,25.5,31.1,19.2,45,73,0.0,0.0,17.2,133,19.03,5.59,943.6,11.8,610.0,16.836554,75.703354
KA-VJP,2021-01-16,26.2,31.3,20.6,50,71,0.0,0.0,18.8,129,16.83,5.04,942.8,14.3,610.0,16.836554,75.703354
KA-VJP,2021-01-17,26.6,31.7,21.5,49,71,0.0,0.0,22.1,125,16.02,5.63,943.6,14.7,610.0,16.836554,75.703354
KA-VJP,2021-01-18,25.8,31.2,20.4,49,71,0.0,0.0,19.7,117,18.11,5.87,945.0,13.7,610.0,16.836554,75.703354
KA-VJP,2021-01-19,25.4,30.8,19.7,51,80,0.0,0.0,16.3,119,19.42,5.41,944.9,13.9,610.0,16.836554,75.703354
KA-VJP,2021-01-20,25.5,31.2,19.7,45,67,0.0,0.0,14.4,134,19.83,5.04,945.2,12.1,610.0,16.836554,75.703354
KA-VJP,2021-01-21,25.5,31.0,18.6,44,67,0.0,0.0,13.3,310,19.98,4.91,944.5,11.6,610.0,16.836554,75.703354
KA-VJP,2021-01-22,26.0,31.7,19.7,45,72,0.0,0.0,13.1,143,19.97,5.29,944.4,12.3,610.0,16.836554,75.703354
KA-VJP,2021-01-23,25.9,31.8,19.7,42,67,0.0,0.0,11.8,134,20.25,5.33,944.4,11.3,610.0,16.836554,75.703354
KA-VJP,2021-01-24,25.9,31.8,19.6,44,71,0.0,0.0,14.5,145,20.37,5.22,945.0,11.9,610.0,16.836554,75.703354
KA-VJP,2021-01-25,26.1,32.0,20.0,41,67,0.0,0.0,15.3,125,20.4,5.36,945.5,10.9,610.0,16.836554,75.703354
KA-VJP,2021-01-26,25.7,31.2,19.4,40,69,0.0,0.0,15.3,182,20.53,5.14,944.9,10.3,610.0,16.836554,75.703354
KA-VJP,2021-01-27,25.3,30.9,18.8,38,64,0.0,0.0,16.9,167,20.65,5.55,944.9,9.0,610.0,16.836554,75.703354
KA-VJP,2021-01-28,25.5,30.7,19.8,44,67,0.0,0.0,17.7,146,20.02,5.81,945.4,11.7,610.0,16.836554,75.703354
KA-VJP,2021-01-29,25.6,30.4,20.5,40,63,0.0,0.0,18.9,145,19.52,5.8,945.9,10.5,610.0,16.836554,75.703354
KA-VJP,2021-01-30,25.8,30.7,20.2,39,58,0.0,0.0,16.9,132,20.32,5.51,945.5,10.1,610.0,16.836554,75.703354
KA-VJP,2021-01-31,26.0,30.6,20.4,40,60,0.0,0.0,19.0,106,18.18,5.67,945.9,10.7,610.0,16.836554,75.703354
KA-VJP,2021-02-01,25.6,30.3,20.8,42,58,0.0,0.0,27.0,93,17.65,6.39,947.8,11.1,610.0,16.836554,75.703354
KA-VJP,2021-02-02,25.1,30.0,20.4,43,71,0.0,0.0,19.1,98,20.62,6.3,948.2,10.4,610.0,16.836554,75.703354
KA-VJP,2021-02-03,24.5,30.0,18.9,35,67,0.0,0.0,18.6,115,21.46,6.71,947.2,6.7,610.0,16.836554,75.703354
KA-VJP,2021-02-04,24.4,29.7,18.4,36,65,0.0,0.0,17.4,119,21.35,5.89,946.6,7.5,610.0,16.836554,75.703354
KA-VJP,2021-02-05,24.7,30.0,18.6,37,59,0.0,0.0,19.9,175,20.92,5.97,945.6,8.4,610.0,16.836554,75.703354
KA-VJP,2021-02-06,24.6,30.3,17.9,37,63,0.0,0.0,14.5,97,21.61,5.78,945.0,7.8,610.0,16.836554,75.703354
KA-VJP,2021-02-07,24.4,30.1,18.4,37,54,0.0,0.0,17.9,73,21.74,6.47,946.2,7.9,610.0,16.836554,75.703354
KA-VJP,2021-02-08,23.9,30.4,17.3,33,60,0.0,0.0,20.2,88,22.29,6.71,946.9,5.3,610.0,16.836554,75.703354
KA-VJP,2021-02-09,24.1,30.7,17.1,36,59,0.0,0.0,15.6,102,22.17,6.2,945.9,7.2,610.0,16.836554,75.703354
KA-VJP,2021-02-10,25.1,31.1,17.8,30,52,0.0,0.0,14.1,106,22.46,5.95,944.5,5.4,610.0,16.836554,75.703354
KA-VJP,2021-02-11,25.5,31.5,18.6,33,58,0.0,0.0,14.8,110,22.29,6.17,943.7,7.2,610.0,16.836554,75.703354
KA-VJP,2021-02-12,25.5,31.3,19.0,36,61,0.0,0.0,17.4,131,21.99,6.45,944.5,8.6,610.0,16.836554,75.703354
KA-VJP,2021-02-13,25.7,31.4,19.5,32,51,0.0,0.0,22.7,134,22.31,6.7,945.6,7.2,610.0,16.836554,75.703354
KA-VJP,2021-02-14,25.7,31.2,18.4,33,53,0.0,0.0,16.0,143,22.29,6.0,945.6,7.2,610.0,16.836554,75.703354
KA-VJP,2021-02-15,25.9,31.4,19.5,31,50,0.0,0.0,18.7,181,22.4,5.93,944.6,7.0,610.0,16.836554,75.703354
KA-VJP,2021-02-16,26.0,32.0,18.5,38,84,0.0,0.0,16.0,194,22.29,6.2,943.7,8.9,610.0,16.836554,75.703354
KA-VJP,2021-02-17,26.5,31.8,20.4,40,74,0.0,0.0,17.0,180,22.07,6.22,943.5,9.9,610.0,16.836554,75.703354
KA-VJP,2021-02-18,25.8,30.5,21.0,36,64,0.0,0.0,23.1,120,20.5,7.12,945.1,8.6,610.0,16.836554,75.703354
KA-VJP,2021-02-19,23.2,27.8,19.3,48,70,0.9,0.9,22.8,82,18.53,5.82,946.9,11.4,610.0,16.836554,75.703354
KA-VJP,2021-02-20,22.8,28.0,17.5,54,86,0.0,0.0,22.3,84,19.22,5.48,946.4,11.9,610.0,16.836554,75.703354
KA-VJP,2021-02-21,23.6,28.7,19.4,57,84,0.4,0.4,22.1,102,16.08,4.88,946.7,14.4,610.0,16.836554,75.703354
KA-VJP,2021-02-22,24.8,29.9,20.3,59,81,0.7,0.7,17.2,120,15.07,4.21,947.2,15.6,610.0,16.836554,75.703354
KA-VJP,2021-02-23,26.8,32.2,20.9,44,71,0.0,0.0,16.9,102,22.06,6.13,945.6,12.1,610.0,16.836554,75.703354
KA-VJP,2021-02-24,27.5,33.3,21.0,35,59,0.0,0.0,14.8,105,22.4,6.45,944.7,9.6,610.0,16.836554,75.703354
KA-VJP,2021-02-25,28.0,33.6,20.9,29,50,0.0,0.0,10.1,225,22.73,5.68,944.6,7.4,610.0,16.836554,75.703354
KA-VJP,2021-02-26,29.1,34.2,22.6,29,49,0.0,0.0,20.9,358,22.52,7.16,943.5,8.1,610.0,16.836554,75.703354
KA-VJP,2021-02-27,29.4,34.7,23.1,26,46,0.0,0.0,19.3,11,22.66,7.66,943.1,6.7,610.0,16.836554,75.703354
KA-VJP,2021-02-28,29.5,35.0,22.5,23,43,0.0,0.0,14.8,80,23.63,7.5,943.2,4.8,610.0,16.836554,75.703354
KA-VJP,2021-03-01,29.8,34.9,23.2,20,31,0.0,0.0,14.4,132,19.38,6.37,945.5,4.0,610.0,16.836554,75.703354
KA-VJP,2021-03-02,29.5,35.0,23.1,28,54,0.0,0.0,18.2,76,19.18,6.68,945.9,7.8,610.0,16.836554,75.703354
KA-VJP,2021-03-03,29.2,35.0,22.3,26,45,0.0,0.0,17.0,88,23.81,7.39,945.1,6.8,610.0,16.836554,75.703354
KA-VJP,2021-03-04,28.8,35.0,22.1,22,39,0.0,0.0,20.6,109,24.24,8.63,945.0,3.4,610.0,16.836554,75.703354
KA-VJP,2021-03-05,28.3,34.5,21.7,22,41,0.0,0.0,20.4,131,24.32,8.23,945.9,2.9,610.0,16.836554,75.703354
KA-VJP,2021-03-06,28.5,34.8,20.2,18,33,0.0,0.0,15.1,182,24.37,6.93,945.7,1.1,610.0,16.836554,75.703354
KA-VJP,2021-03-07,29.0,35.0,20.7,30,73,0.0,0.0,13.8,154,24.13,6.51,944.7,7.3,610.0,16.836554,75.703354
KA-VJP,2021-03-08,29.7,35.2,22.7,24,43,0.0,0.0,21.9,136,24.16,8.03,945.1,5.9,610.0,16.836554,75.703354
KA-VJP,2021-03-09,29.5,35.0,23.0,23,40,0.0,0.0,21.8,137,24.15,8.67,945.6,5.3,610.0,16.836554,75.703354
KA-VJP,2021-03-10,29.3,35.1,21.4,20,35,0.0,0.0,22.6,133,24.28,7.95,945.4,3.4,610.0,16.836554,75.703354
KA-VJP,2021-03-11,29.2,35.3,22.2,20,39,0.0,0.0,19.7,136,24.39,8.54,945.3,3.1,610.0,16.836554,75.703354
KA-VJP,2021-03-12,29.1,34.9,23.4,23,41,0.0,0.0,18.4,130,22.71,7.83,946.0,4.8,610.0,16.836554,75.703354
KA-VJP,2021-03-13,28.8,34.4,22.5,19,38,0.0,0.0,16.5,118,24.49,8.25,946.3,2.0,610.0,16.836554,75.703354
KA-VJP,2021-03-14,29.0,34.7,22.0,23,43,0.0,0.0,20.7,123,24.57,8.72,944.6,5.0,610.0,16.836554,75.703354
KA-VJP,2021-03-15,29.6,35.2,22.9,22,40,0.0,0.0,19.5,130,24.58,8.47,943.9,4.6,610.0,16.836554,75.703354
KA-VJP,2021-03-16,30.1,35.6,23.2,22,39,0.0,0.0,23.7,135,24.31,8.09,944.1,5.4,610.0,16.836554,75.703354
KA-VJP,2021-03-17,30.6,35.9,23.7,24,46,0.0,0.0,24.1,161,20.9,7.83,942.9,6.6,610.0,16.836554,75.703354
KA-VJP,2021-03-18,30.5,35.9,23.0,29,55,0.0,0.0,22.9,197,21.5,7.61,943.0,9.0,610.0,16.836554,75.703354
KA-VJP,2021-03-19,30.5,35.4,24.1,34,68,0.0,0.0,14.9,343,22.37,6.3,943.2,11.4,610.0,16.836554,75.703354
KA-VJP,2021-03-20,30.6,35.1,25.8,26,37,0.0,0.0,19.5,117,22.69,7.17,942.0,8.1,610.0,16.836554,75.703354
KA-VJP,2021-03-21,30.3,35.4,23.5,27,47,0.0,0.0,19.7,121,22.78,7.87,942.0,8.4,610.0,16.836554,75.703354
KA-VJP,2021-03-22,30.6,36.0,23.9,31,52,0.0,0.0,15.9,115,21.92,7.12,943.7,10.4,610.0,16.836554,75.703354
KA-VJP,2021-03-23,30.3,35.8,24.2,34,58,0.0,0.0,20.3,69,23.18,8.15,944.9,12.1,610.0,16.836554,75.703354
KA-VJP,2021-03-24,30.2,35.5,23.9,36,58,0.0,0.0,20.6,71,22.43,7.57,945.2,12.6,610.0,16.836554,75.703354
KA-VJP,2021-03-25,31.0,35.7,24.8,31,51,0.0,0.0,14.8,67,21.21,7.15,944.1,11.2,610.0,16.836554,75.703354
KA-VJP,2021-03-26,32.0,37.2,25.7,25,41,0.0,0.0,13.4,83,24.4,7.97,943.4,8.8,610.0,16.836554,75.703354
KA-VJP,2021-03-27,32.1,37.1,25.4,25,43,0.0,0.0,16.8,73,23.55,8.07,942.9,8.9,610.0,16.836554,75.703354
KA-VJP,2021-03-28,32.7,37.6,27.4,22,34,0.0,0.0,14.5,82,23.93,7.67,942.1,7.0,610.0,16.836554,75.703354
KA-VJP,2021-03-29,31.6,37.8,24.1,35,80,0.0,0.0,27.9,313,25.46,7.11,941.8,10.5,610.0,16.836554,75.703354
KA-VJP,2021-03-30,31.0,37.7,23.7,36,74,0.0,0.0,24.9,290,25.5,8.57,941.3,10.8,610.0,16.836554,75.703354
KA-VJP,2021-03-31,32.1,39.3,24.8,20,38,0.0,0.0,23.8,308,26.28,10.19,940.1,3.8,610.0,16.836554,75.703354
KA-VJP,2021-04-01,31.1,38.1,23.8,24,48,0.0,0.0,25.8,310,26.32,9.11,939.9,6.1,610.0,16.836554,75.703354
KA-VJP,2021-04-02,30.3,37.2,22.9,31,67,0.0,0.0,20.4,290,26.16,8.46,940.5,7.8,610.0,16.836554,75.703354
KA-VJP,2021-04-03,30.5,37.5,22.9,33,62,0.0,0.0,24.9,263,25.81,8.28,940.8,10.3,610.0,16.836554,75.703354
KA-VJP,2021-04-04,30.8,37.4,23.2,36,74,0.0,0.0,21.5,325,25.05,8.26,942.7,10.5,610.0,16.836554,75.703354
KA-VJP,2021-04-05,32.2,38.2,25.3,29,64,0.0,0.0,24.9,26,26.11,9.26,942.9,8.6,610.0,16.836554,75.703354
KA-VJP,2021-04-06,32.7,38.2,25.7,24,43,0.0,0.0,15.4,122,24.64,8.18,943.3,8.5,610.0,16.836554,75.703354
KA-VJP,2021-04-07,32.7,37.2,27.0,25,42,0.0,0.0,22.3,173,17.92,6.9,943.6,9.5,610.0,16.836554,75.703354
KA-VJP,2021-04-08,31.3,34.8,28.0,29,41,0.0,0.0,22.1,253,9.64,5.01,942.4,10.8,610.0,16.836554,75.703354
KA-VJP,2021-04-09,31.2,35.2,26.4,37,63,0.0,0.0,19.4,308,16.82,6.16,942.0,13.7,610.0,16.836554,75.703354
KA-VJP,2021-04-10,31.3,35.6,27.1,32,44,0.0,0.0,26.3,69,15.99,7.28,943.4,12.4,610.0,16.836554,75.703354
KA-VJP,2021-04-11,30.0,34.8,25.6,42,64,0.4,0.4,18.8,46,20.91,6.3,945.0,15.5,610.0,16.836554,75.703354
KA-VJP,2021-04-12,29.0,34.1,24.9,48,63,0.4,0.4,17.9,64,21.3,6.17,945.6,16.6,610.0,16.836554,75.703354
KA-VJP,2021-04-13,28.7,34.5,24.6,51,71,5.9,5.9,15.6,74,20.03,5.74,945.0,17.2,610.0,16.836554,75.703354
KA-VJP,2021-04-14,26.7,31.9,21.6,61,84,0.5,0.5,15.4,82,20.72,5.19,944.2,18.2,610.0,16.836554,75.703354
KA-VJP,2021-04-15,26.8,32.1,21.4,59,87,0.0,0.0,16.9,100,23.26,5.58,943.4,17.4,610.0,16.836554,75.703354
KA-VJP,2021-04-16,28.7,35.0,21.8,48,85,0.0,0.0,16.2,314,25.94,6.81,942.7,14.7,610.0,16.836554,75.703354
KA-VJP,2021-04-17,30.7,36.4,24.3,35,63,0.0,0.0,18.5,352,22.01,7.22,943.5,12.0,610.0,16.836554,75.703354
KA-VJP,2021-04-18,31.7,36.9,25.6,32,53,0.0,0.0,22.3,192,21.82,7.14,944.3,11.8,610.0,16.836554,75.703354
KA-VJP,2021-04-19,31.5,37.5,24.7,40,70,0.0,0.0,25.2,281,23.03,8.15,942.9,13.9,610.0,16.836554,75.703354
KA-VJP,2021-04-20,31.6,37.8,24.5,36,64,0.0,0.0,30.0,289,25.19,8.32,941.8,12.4,610.0,16.836554,75.703354
KA-VJP,2021-04-21,31.3,37.4,23.8,34,72,0.0,0.0,19.1,297,24.97,8.51,943.2,10.6,610.0,16.836554,75.703354
KA-VJP,2021-04-22,32.2,37.1,26.1,29,51,0.0,0.0,25.7,21,22.53,8.4,943.2,11.0,610.0,16.836554,75.703354
KA-VJP,2021-04-23,31.1,36.2,25.0,41,79,0.0,0.0,25.5,183,22.55,7.15,943.2,15.0,610.0,16.836554,75.703354
KA-VJP,2021-04-24,31.6,36.3,25.3,35,61,0.0,0.0,15.9,105,22.27,6.76,942.9,13.0,610.0,16.836554,75.703354
KA-VJP,2021-04-25,31.1,36.9,25.7,38,57,0.7,0.7,15.3,195,22.2,6.4,942.7,14.2,610.0,16.836554,75.703354
KA-VJP,2021-04-26,30.6,36.9,26.0,39,60,0.5,0.5,25.3,287,20.21,7.11,942.6,14.4,610.0,16.836554,75.703354
KA-VJP,2021-04-27,31.8,37.3,24.5,33,61,0.0,0.0,25.4,270,22.95,7.08,942.9,12.3,610.0,16.836554,75.703354
KA-VJP,2021-04-28,32.0,37.1,25.8,32,55,0.1,0.1,33.8,287,21.51,6.54,943.5,12.2,610.0,16.836554,75.703354
KA-VJP,2021-04-29,30.7,37.0,25.4,40,68,0.0,0.0,23.0,299,20.88,6.28,943.3,14.7,610.0,16.836554,75.703354
KA-VJP,2021-04-30,31.5,36.8,23.6,34,70,0.0,0.0,13.4,85,23.41,6.73,942.2,11.9,610.0,16.836554,75.703354
KA-VJP,2021-05-01,31.3,37.4,26.0,37,54,0.0,0.0,21.2,131,21.88,7.07,942.0,13.8,610.0,16.836554,75.703354
KA-VJP,2021-05-02,30.3,36.4,25.2,45,72,0.4,0.4,22.9,335,21.18,6.47,942.5,16.4,610.0,16.836554,75.703354
KA-VJP,2021-05-03,30.3,35.8,24.6,45,72,0.1,0.1,21.9,66,22.27,6.91,942.3,16.2,610.0,16.836554,75.703354
KA-VJP,2021-05-04,30.5,35.7,26.0,45,69,1.0,1.0,35.6,22,21.38,6.29,941.9,16.4,610.0,16.836554,75.703354
KA-VJP,2021-05-05,29.5,35.5,25.5,54,73,3.0,3.0,11.2,213,21.16,5.66,942.0,18.6,610.0,16.836554,75.703354
KA-VJP,2021-05-06,30.1,34.9,25.1,53,80,0.1,0.1,15.7,181,21.59,6.05,942.4,18.8,610.0,16.836554,75.703354
KA-VJP,2021-05-07,29.7,34.9,26.7,54,65,2.6,2.6,14.8,14,18.13,5.11,943.2,19.2,610.0,16.836554,75.703354
KA-VJP,2021-05-08,30.4,36.4,25.5,53,73,0.8,0.8,18.4,60,23.34,6.13,942.4,19.2,610.0,16.836554,75.703354
KA-VJP,2021-05-09,29.4,35.4,25.6,58,74,4.2,4.2,14.8,305,20.76,5.35,941.5,19.7,610.0,16.836554,75.703354
KA-VJP,2021-05-10,29.7,34.7,24.9,59,81,1.6,1.6,19.3,238,21.75,5.77,941.0,20.2,610.0,16.836554,75.703354
KA-VJP,2021-05-11,31.0,36.1,25.6,50,72,0.3,0.3,21.0,254,20.77,6.77,940.9,18.7,610.0,16.836554,75.703354
KA-VJP,2021-05-12,32.0,38.0,25.8,42,68,0.0,0.0,21.9,273,25.66,7.92,939.6,16.2,610.0,16.836554,75.703354
KA-VJP,2021-05-13,30.2,35.1,24.8,52,80,0.2,0.2,21.0,270,22.69,6.49,939.4,18.6,610.0,16.836554,75.703354
KA-VJP,2021-05-14,31.5,36.5,26.0,48,74,0.0,0.0,23.9,138,21.55,7.46,937.9,18.4,610.0,16.836554,75.703354
KA-VJP,2021-05-15,29.4,36.7,24.6,62,88,25.3,25.3,35.9,111,20.6,6.99,935.8,20.7,610.0,16.836554,75.703354
KA-VJP,2021-05-16,25.1,28.1,23.4,79,89,11.5,11.5,42.9,134,8.76,3.36,935.6,21.1,610.0,16.836554,75.703354
KA-VJP,2021-05-17,26.6,31.4,22.8,72,88,0.1,0.1,34.0,184,20.73,5.62,938.3,20.8,610.0,16.836554,75.703354
KA-VJP,2021-05-18,26.4,31.9,23.0,77,91,5.6,5.6,31.9,204,20.08,5.04,939.3,21.8,610.0,16.836554,75.703354
KA-VJP,2021-05-19,25.8,30.5,22.9,80,92,3.2,3.2,27.1,228,19.3,4.46,939.4,21.9,610.0,16.836554,75.703354
KA-VJP,2021-05-20,26.2,30.3,22.6,74,94,1.9,1.9,20.0,264,19.96,4.71,940.3,20.9,610.0,16.836554,75.703354
KA-VJP,2021-05-21,26.8,31.0,22.6,71,95,0.2,0.2,20.0,290,22.52,5.42,940.5,20.7,610.0,16.836554,75.703354
KA-VJP,2021-05-22,27.1,32.0,23.0,64,92,0.0,0.0,24.3,279,24.02,6.46,940.2,18.9,610.0,16.836554,75.703354
KA-VJP,2021-05-23,27.8,32.8,22.9,64,87,0.0,0.0,22.0,292,23.72,6.53,940.9,19.6,610.0,16.836554,75.703354
KA-VJP,2021-05-24,27.4,31.7,23.8,65,88,0.0,0.0,25.3,289,13.97,4.93,941.5,19.4,610.0,16.836554,75.703354
KA-VJP,2021-05-25,29.2,35.0,23.2,53,88,0.0,0.0,26.1,304,22.58,7.8,939.5,17.3,610.0,16.836554,75.703354
KA-VJP,2021-05-26,29.4,36.6,22.7,55,90,0.0,0.0,31.8,284,23.79,8.36,938.5,17.5,610.0,16.836554,75.703354
KA-VJP,2021-05-27,28.0,34.8,21.9,57,86,0.0,0.0,29.7,275,23.27,7.76,939.6,17.6,610.0,16.836554,75.703354
KA-VJP,2021-05-28,27.6,32.9,23.1,63,85,0.1,0.1,24.9,270,10.96,4.61,940.5,19.4,610.0,16.836554,75.703354
KA-VJP,2021-05-29,28.6,35.7,23.9,62,86,1.0,1.0,23.9,269,21.57,6.26,941.2,20.0,610.0,16.836554,75.703354
KA-VJP,2021-05-30,27.6,33.5,24.3,70,86,15.1,15.1,24.0,265,18.68,5.07,941.1,21.4,610.0,16.836554,75.703354
KA-VJP,2021-05-31,26.6,30.4,23.5,77,92,1.1,1.1,18.1,263,20.76,4.84,939.7,22.1,610.0,16.836554,75.703354
KA-VJP,2021-06-01,27.1,32.0,23.0,75,95,4.6,4.6,15.0,242,23.4,5.29,940.0,21.8,610.0,16.836554,75.703354
KA-VJP,2021-06-02,26.8,31.2,23.4,77,94,7.4,7.4,13.9,252,20.79,4.61,940.6,22.3,610.0,16.836554,75.703354
KA-VJP,2021-06-03,25.9,28.7,23.6,82,92,5.2,5.2,14.2,183,12.83,2.92,941.4,22.6,610.0,16.836554,75.703354
KA-VJP,2021-06-04,24.9,28.8,22.5,85,96,22.5,22.5,12.7,193,12.5,2.73,942.1,22.1,610.0,16.836554,75.703354
KA-VJP,2021-06-05,24.5,28.1,22.2,85,94,20.1,20.1,18.9,215,14.25,3.09,941.0,21.8,610.0,16.836554,75.703354
KA-VJP,2021-06-06,24.9,27.9,22.3,83,95,2.4,2.4,16.9,262,16.13,3.48,941.1,21.7,610.0,16.836554,75.703354
KA-VJP,2021-06-07,25.7,29.9,22.0,74,95,0.2,0.2,21.4,266,23.78,5.47,941.6,20.4,610.0,16.836554,75.703354
KA-VJP,2021-06-08,25.3,29.6,21.6,78,96,0.9,0.9,23.9,259,21.38,4.86,940.7,21.0,610.0,16.836554,75.703354
KA-VJP,2021-06-09,24.8,27.7,22.4,81,92,3.2,3.2,30.8,268,15.91,3.85,939.6,21.2,610.0,16.836554,75.703354
KA-VJP,2021-06-10,24.3,27.7,22.6,82,92,1.2,1.2,31.7,268,12.66,3.32,938.9,20.9,610.0,16.836554,75.703354
KA-VJP,2021-06-11,24.9,28.7,22.4,79,94,0.4,0.4,35.0,256,17.27,4.32,938.6,20.8,610.0,16.836554,75.703354
KA-VJP,2021-06-12,24.8,28.1,22.7,84,92,15.7,15.7,30.6,253,16.24,3.68,938.1,21.8,610.0,16.836554,75.703354
KA-VJP,2021-06-13,25.0,29.6,22.6,82,93,3.6,3.6,26.8,265,19.04,4.29,937.9,21.5,610.0,16.836554,75.703354
KA-VJP,2021-06-14,24.9,28.6,22.0,82,93,1.3,1.3,24.9,257,17.08,3.96,937.2,21.4,610.0,16.836554,75.703354
KA-VJP,2021-06-15,23.8,26.5,22.3,88,94,10.3,10.3,24.9,242,9.74,2.29,936.4,21.7,610.0,16.836554,75.703354
KA-VJP,2021-06-16,23.5,25.8,22.1,87,94,13.4,13.4,31.3,240,10.38,2.45,937.6,21.2,610.0,16.836554,75.703354
KA-VJP,2021-06-17,24.4,27.3,22.0,82,92,2.4,2.4,34.7,248,14.49,3.55,938.5,20.9,610.0,16.836554,75.703354
KA-VJP,2021-06-18,24.2,26.9,22.5,83,93,1.4,1.4,34.7,242,13.83,3.32,939.5,21.1,610.0,16.836554,75.703354
KA-VJP,2021-06-19,23.8,26.6,21.8,83,91,6.0,6.0,34.6,245,14.74,3.48,941.1,20.7,610.0,16.836554,75.703354
KA-VJP,2021-06-20,24.7,28.6,21.6,78,92,0.5,0.5,32.0,250,20.26,4.77,941.8,20.3,610.0,16.836554,75.703354
KA-VJP,2021-06-21,25.1,29.5,21.4,76,95,0.9,0.9,25.8,265,22.51,5.21,941.6,20.2,610.0,16.836554,75.703354
KA-VJP,2021-06-22,25.4,29.9,21.6,75,94,0.3,0.3,24.5,275,21.78,5.23,941.0,20.2,610.0,16.836554,75.703354
KA-VJP,2021-06-23,25.1,28.6,21.7,78,95,0.4,0.4,20.4,274,16.12,4.0,940.7,20.8,610.0,16.836554,75.703354
KA-VJP,2021-06-24,24.2,27.4,22.0,82,94,2.3,2.3,24.6,263,10.71,2.9,941.3,20.7,610.0,16.836554,75.703354
KA-VJP,2021-06-25,24.3,27.8,21.7,81,94,3.7,3.7,26.0,263,12.22,3.21,940.3,20.8,610.0,16.836554,75.703354
KA-VJP,2021-06-26,24.8,28.9,21.9,80,93,4.7,4.7,24.0,278,13.62,3.44,939.8,21.0,610.0,16.836554,75.703354
KA-VJP,2021-06-27,23.2,24.9,22.2,87,92,22.9,22.9,21.0,293,6.56,1.78,941.1,20.9,610.0,16.836554,75.703354
KA-VJP,2021-06-28,24.7,29.0,21.2,80,93,6.2,6.2,17.3,285,20.44,4.37,940.3,20.8,610.0,16.836554,75.703354
KA-VJP,2021-06-29,25.4,29.8,21.3,78,96,0.4,0.4,19.1,261,18.99,4.35,940.3,21.1,610.0,16.836554,75.703354
KA-VJP,2021-06-30,26.2,31.7,21.7,76,95,0.2,0.2,19.1,265,25.01,5.68,940.2,21.3,610.0,16.836554,75.703354
KA-VJP,2021-07-01,25.6,29.8,22.5,80,94,1.7,1.7,22.0,264,15.35,3.81,939.0,21.7,610.0,16.836554,75.703354
KA-VJP,2021-07-02,25.7,30.0,22.7,76,93,0.1,0.1,22.3,257,16.73,4.37,939.8,20.9,610.0,16.836554,75.703354
KA-VJP,2021-07-03,25.5,29.3,21.7,76,93,0.7,0.7,18.0,266,18.86,4.48,940.6,20.8,610.0,16.836554,75.703354
KA-VJP,2021-07-04,26.0,30.3,22.0,74,94,0.0,0.0,18.4,278,22.48,5.24,940.6,20.7,610.0,16.836554,75.703354
KA-VJP,2021-07-05,26.2,30.6,22.4,75,95,0.1,0.1,16.5,283,20.57,4.74,940.1,21.1,610.0,16.836554,75.703354
KA-VJP,2021-07-06,25.8,30.2,22.7,80,94,8.4,8.4,15.8,279,20.38,4.45,939.3,21.8,610.0,16.836554,75.703354
KA-VJP,2021-07-07,26.1,29.8,23.1,81,97,10.6,10.6,16.5,274,19.17,4.22,939.1,22.4,610.0,16.836554,75.703354
KA-VJP,2021-07-08,25.0,28.0,23.0,84,95,5.8,5.8,16.4,283,12.14,2.83,939.4,22.1,610.0,16.836554,75.703354
KA-VJP,2021-07-09,24.4,27.1,22.8,87,95,7.2,7.2,13.0,268,11.37,2.53,937.5,22.0,610.0,16.836554,75.703354
KA-VJP,2021-07-10,24.2,27.6,22.3,85,94,6.4,6.4,19.0,275,10.41,2.57,936.3,21.5,610.0,16.836554,75.703354
KA-VJP,2021-07-11,24.3,28.7,21.7,83,94,12.9,12.9,27.8,260,15.89,3.67,935.9,21.2,610.0,16.836554,75.703354
KA-VJP,2021-07-12,23.4,25.2,21.8,88,95,69.6,69.6,30.6,247,7.89,2.08,935.5,21.3,610.0,16.836554,75.703354
KA-VJP,2021-07-13,23.2,25.0,21.6,88,92,15.6,15.6,30.6,250,7.07,1.96,936.2,21.0,610.0,16.836554,75.703354
KA-VJP,2021-07-14,23.4,25.2,22.4,89,94,17.5,17.5,31.5,256,7.56,1.91,936.6,21.5,610.0,16.836554,75.703354
KA-VJP,2021-07-15,24.0,27.9,22.0,86,93,14.7,14.7,29.6,253,13.05,3.02,935.8,21.5,610.0,16.836554,75.703354
KA-VJP,2021-07-16,24.5,28.4,22.3,85,94,6.6,6.6,31.6,254,17.0,3.58,938.6,21.9,610.0,16.836554,75.703354
KA-VJP,2021-07-17,24.6,28.5,22.3,85,94,16.3,16.3,27.9,267,16.18,3.49,939.8,21.8,610.0,16.836554,75.703354
KA-VJP,2021-07-18,24.6,28.1,22.3,86,95,9.1,9.1,25.2,275,16.81,3.58,938.3,21.9,610.0,16.836554,75.703354
KA-VJP,2021-07-19,23.3,25.1,22.0,88,93,22.1,22.1,29.9,254,7.47,1.99,938.2,21.2,610.0,16.836554,75.703354
KA-VJP,2021-07-20,23.6,25.8,22.2,86,92,2.5,2.5,34.6,255,12.24,2.83,940.2,21.1,610.0,16.836554,75.703354
KA-VJP,2021-07-21,23.2,25.1,22.1,88,92,11.1,11.1,33.9,257,7.91,2.16,938.9,21.1,610.0,16.836554,75.703354
KA-VJP,2021-07-22,23.4,26.4,22.0,86,91,13.9,13.9,41.2,262,9.2,2.56,935.7,20.9,610.0,16.836554,75.703354
KA-VJP,2021-07-23,23.5,26.2,22.1,87,92,6.1,6.1,38.6,257,9.82,2.52,935.8,21.2,610.0,16.836554,75.703354
KA-VJP,2021-07-24,25.0,29.1,22.0,80,92,0.7,0.7,33.9,267,19.19,4.54,937.4,21.0,610.0,16.836554,75.703354
KA-VJP,2021-07-25,25.0,28.9,22.0,80,92,0.3,0.3,36.0,258,20.25,4.62,938.7,21.1,610.0,16.836554,75.703354
KA-VJP,2021-07-26,24.9,29.1,22.1,78,92,0.3,0.3,33.3,254,21.59,4.96,939.3,20.6,610.0,16.836554,75.703354
KA-VJP,2021-07-27,24.4,28.3,21.8,78,91,0.3,0.3,33.4,253,18.96,4.53,938.8,20.2,610.0,16.836554,75.703354
KA-VJP,2021-07-28,24.5,28.7,21.5,77,90,0.6,0.6,35.4,254,18.89,4.64,939.4,20.0,610.0,16.836554,75.703354
KA-VJP,2021-07-29,23.9,26.5,21.8,81,89,0.1,0.1,35.3,257,11.81,3.31,940.2,20.3,610.0,16.836554,75.703354
KA-VJP,2021-07-30,23.8,26.4,22.0,82,89,0.0,0.0,36.5,261,12.65,3.27,940.8,20.4,610.0,16.836554,75.703354
KA-VJP,2021-07-31,24.6,28.8,22.1,78,90,0.5,0.5,38.4,267,17.09,4.39,941.2,20.2,610.0,16.836554,75.703354
KA-VJP,2021-08-01,24.1,28.0,21.4,78,90,0.2,0.2,37.8,263,14.45,3.94,940.2,19.9,610.0,16.836554,75.703354
KA-VJP,2021-08-02,24.6,28.7,21.9,77,90,0.7,0.7,34.2,259,19.86,4.79,940.4,20.1,610.0,16.836554,75.703354
KA-VJP,2021-08-03,24.7,29.0,21.5,78,91,1.9,1.9,33.5,260,19.06,4.64,941.6,20.3,610.0,16.836554,75.703354
KA-VJP,2021-08-04,24.9,29.1,22.0,78,91,0.6,0.6,37.9,257,20.34,4.88,941.9,20.5,610.0,16.836554,75.703354
KA-VJP,2021-08-05,25.0,28.9,22.1,77,91,0.9,0.9,33.8,262,19.18,4.72,940.0,20.5,610.0,16.836554,75.703354
KA-VJP,2021-08-06,25.3,29.7,22.1,76,92,2.0,2.0,31.7,265,19.88,4.9,939.1,20.5,610.0,16.836554,75.703354
KA-VJP,2021-08-07,25.3,29.4,21.3,77,95,1.5,1.5,25.2,259,20.05,4.77,940.0,20.6,610.0,16.836554,75.703354
KA-VJP,2021-08-08,25.4,29.8,21.6,77,95,1.1,1.1,18.9,257,18.69,4.43,941.1,20.6,610.0,16.836554,75.703354
KA-VJP,2021-08-09,26.1,31.2,21.8,74,95,0.6,0.6,22.5,259,23.24,5.51,941.7,20.6,610.0,16.836554,75.703354
KA-VJP,2021-08-10,26.0,31.5,21.9,73,93,1.0,1.0,24.5,271,19.29,5.03,941.7,20.2,610.0,16.836554,75.703354
KA-VJP,2021-08-11,26.2,31.7,21.6,71,93,0.8,0.8,22.8,274,22.94,5.82,941.7,19.8,610.0,16.836554,75.703354
KA-VJP,2021-08-12,25.5,30.1,21.6,74,92,3.7,3.7,25.6,274,20.34,5.04,942.3,20.3,610.0,16.836554,75.703354
KA-VJP,2021-08-13,25.3,29.7,21.4,74,94,0.7,0.7,23.9,278,16.21,4.38,941.2,19.9,610.0,16.836554,75.703354
KA-VJP,2021-08-14,25.2,29.9,21.2,72,94,1.3,1.3,29.9,273,19.66,5.17,939.9,19.5,610.0,16.836554,75.703354
KA-VJP,2021-08-15,25.4,30.7,21.7,73,90,0.8,0.8,26.2,271,20.58,5.25,939.9,19.8,610.0,16.836554,75.703354
KA-VJP,2021-08-16,24.1,27.4,21.9,82,91,5.0,5.0,18.7,277,9.45,2.64,940.9,20.7,610.0,16.836554,75.703354
KA-VJP,2021-08-17,23.1,24.9,22.0,89,93,15.7,15.7,20.7,264,6.31,1.64,940.7,21.2,610.0,16.836554,75.703354
KA-VJP,2021-08-18,23.4,26.0,21.4,86,95,3.0,3.0,21.7,263,9.41,2.37,939.3,20.8,610.0,16.836554,75.703354
KA-VJP,2021-08-19,23.8,27.1,21.2,82,94,2.0,2.0,28.2,265,16.19,3.61,939.2,20.5,610.0,16.836554,75.703354
KA-VJP,2021-08-20,23.7,27.0,20.8,84,95,1.6,1.6,21.4,265,13.32,3.02,939.8,20.7,610.0,16.836554,75.703354
KA-VJP,2021-08-21,24.5,28.4,21.2,80,95,0.5,0.5,18.8,259,17.76,4.0,941.0,20.5,610.0,16.836554,75.703354
KA-VJP,2021-08-22,24.7,29.2,21.0,80,95,4.4,4.4,13.8,266,20.26,4.29,941.5,20.8,610.0,16.836554,75.703354
KA-VJP,2021-08-23,25.4,29.7,21.6,79,96,2.5,2.5,12.8,253,21.43,4.55,941.3,21.2,610.0,16.836554,75.703354
KA-VJP,2021-08-24,25.3,29.3,22.0,80,94,5.2,5.2,16.2,262,20.33,4.37,941.1,21.6,610.0,16.836554,75.703354
KA-VJP,2021-08-25,25.8,30.0,22.3,77,94,0.8,0.8,16.7,261,21.04,4.78,940.3,21.2,610.0,16.836554,75.703354
KA-VJP,2021-08-26,25.4,29.7,22.1,78,95,1.9,1.9,19.3,255,18.51,4.32,939.0,21.0,610.0,16.836554,75.703354
KA-VJP,2021-08-27,25.2,29.7,21.8,79,96,3.5,3.5,14.8,270,18.33,4.09,938.6,21.0,610.0,16.836554,75.703354
KA-VJP,2021-08-28,24.9,29.2,22.2,78,92,2.4,2.4,19.2,264,18.02,4.15,937.4,20.6,610.0,16.836554,75.703354
KA-VJP,2021-08-29,24.9,28.3,21.9,76,93,1.2,1.2,20.5,282,13.18,3.69,936.8,20.0,610.0,16.836554,75.703354
KA-VJP,2021-08-30,24.0,26.9,22.0,81,91,5.3,5.3,24.1,278,8.83,2.69,938.0,20.3,610.0,16.836554,75.703354
KA-VJP,2021-08-31,24.5,28.7,21.7,80,94,5.3,5.3,22.3,266,15.62,3.71,938.4,20.5,610.0,16.836554,75.703354
KA-VJP,2021-09-01,24.4,29.7,21.1,82,95,5.5,5.5,23.9,243,18.08,3.98,940.0,20.9,610.0,16.836554,75.703354
KA-VJP,2021-09-02,24.5,28.2,21.5,82,95,4.6,4.6,17.9,259,18.65,4.05,940.0,21.0,610.0,16.836554,75.703354
KA-VJP,2021-09-03,24.9,29.3,21.3,78,95,0.7,0.7,20.0,261,20.27,4.62,939.3,20.6,610.0,16.836554,75.703354
KA-VJP,2021-09-04,24.0,27.5,21.8,85,94,8.4,8.4,21.8,268,11.1,2.68,939.3,21.3,610.0,16.836554,75.703354
KA-VJP,2021-09-05,23.6,26.3,21.9,88,95,21.3,21.3,22.2,287,8.64,2.11,939.1,21.4,610.0,16.836554,75.703354
KA-VJP,2021-09-06,23.2,25.3,21.5,88,95,24.3,24.3,22.0,269,8.83,2.1,938.6,21.1,610.0,16.836554,75.703354
KA-VJP,2021-09-07,23.1,25.3,21.5,87,94,12.2,12.2,31.8,254,8.63,2.23,937.0,20.8,610.0,16.836554,75.703354
KA-VJP,2021-09-08,24.1,27.6,22.0,82,91,0.0,0.0,37.4,239,15.22,3.66,938.2,20.7,610.0,16.836554,75.703354
KA-VJP,2021-09-09,24.7,29.1,21.8,79,92,0.3,0.3,33.5,249,21.06,4.77,940.8,20.7,610.0,16.836554,75.703354
KA-VJP,2021-09-10,24.6,28.6,21.6,80,93,0.0,0.0,32.7,255,19.25,4.44,940.7,20.6,610.0,16.836554,75.703354
KA-VJP,2021-09-11,24.2,28.1,21.3,83,94,2.0,2.0,31.6,242,17.95,3.86,939.3,21.0,610.0,16.836554,75.703354
KA-VJP,2021-09-12,24.5,28.2,21.8,82,93,1.2,1.2,32.9,244,17.32,3.92,937.4,21.0,610.0,16.836554,75.703354
KA-VJP,2021-09-13,24.4,28.2,22.5,85,93,2.2,2.2,29.4,250,16.25,3.59,936.7,21.6,610.0,16.836554,75.703354
KA-VJP,2021-09-14,24.7,28.4,22.0,81,92,0.7,0.7,29.3,249,16.2,3.93,937.6,20.9,610.0,16.836554,75.703354
KA-VJP,2021-09-15,24.5,29.0,20.9,77,95,0.8,0.8,26.1,245,19.53,4.54,939.0,19.9,610.0,16.836554,75.703354
KA-VJP,2021-09-16,24.3,29.1,20.7,77,95,0.0,0.0,23.9,252,17.83,4.31,939.8,19.6,610.0,16.836554,75.703354
KA-VJP,2021-09-17,24.3,28.9,20.6,77,97,0.9,0.9,21.7,254,18.82,4.37,939.8,19.7,610.0,16.836554,75.703354
KA-VJP,2021-09-18,24.5,29.3,20.3,76,97,0.3,0.3,18.6,260,20.11,4.58,941.4,19.6,610.0,16.836554,75.703354
KA-VJP,2021-09-19,24.9,29.2,21.3,76,94,0.0,0.0,15.9,265,18.83,4.34,942.9,20.0,610.0,16.836554,75.703354
KA-VJP,2021-09-20,24.7,29.1,21.9,83,94,17.2,17.2,14.4,285,14.66,3.26,942.0,21.4,610.0,16.836554,75.703354
KA-VJP,2021-09-21,23.9,27.3,22.0,86,95,15.2,15.2,19.1,273,11.71,2.64,941.0,21.4,610.0,16.836554,75.703354
KA-VJP,2021-09-22,23.5,26.3,21.2,87,95,4.3,4.3,20.2,274,9.31,2.19,939.4,21.3,610.0,16.836554,75.703354
KA-VJP,2021-09-23,23.8,27.2,21.7,87,94,14.5,14.5,18.0,272,11.33,2.49,939.5,21.4,610.0,16.836554,75.703354
KA-VJP,2021-09-24,24.7,28.7,21.2,80,96,2.0,2.0,16.4,286,19.47,4.18,940.4,20.8,610.0,16.836554,75.703354
KA-VJP,2021-09-25,24.8,28.8,21.4,81,96,1.8,1.8,19.5,287,19.72,4.24,940.4,21.0,610.0,16.836554,75.703354
KA-VJP,2021-09-26,24.2,27.7,21.9,83,95,0.4,0.4,18.7,303,16.05,3.44,938.7,20.9,610.0,16.836554,75.703354
KA-VJP,2021-09-27,23.2,24.8,22.0,87,92,21.0,21.0,22.0,282,5.54,1.7,937.0,20.8,610.0,16.836554,75.703354
KA-VJP,2021-09-28,23.5,26.5,21.4,84,94,5.0,5.0,31.2,250,16.08,3.44,937.6,20.6,610.0,16.836554,75.703354
KA-VJP,2021-09-29,24.3,28.3,21.9,83,93,1.9,1.9,24.6,231,17.68,3.79,940.0,21.1,610.0,16.836554,75.703354
KA-VJP,2021-09-30,24.7,28.9,20.8,81,98,0.9,0.9,14.9,244,18.76,3.93,941.9,21.0,610.0,16.836554,75.703354
KA-VJP,2021-10-01,25.0,29.6,21.9,84,95,10.9,10.9,14.3,335,20.3,4.13,942.0,22.0,610.0,16.836554,75.703354
KA-VJP,2021-10-02,25.4,29.5,21.9,82,97,1.0,1.0,11.0,55,15.56,3.41,941.8,21.8,610.0,16.836554,75.703354
KA-VJP,2021-10-03,25.6,29.3,22.6,84,96,5.6,5.6,10.0,63,19.26,3.88,941.6,22.6,610.0,16.836554,75.703354
KA-VJP,2021-10-04,25.9,29.8,22.3,81,98,3.2,3.2,12.2,38,20.2,4.23,940.8,22.2,610.0,16.836554,75.703354
KA-VJP,2021-10-05,25.1,29.4,21.7,85,98,5.0,5.0,20.9,42,19.25,3.92,941.0,22.2,610.0,16.836554,75.703354
KA-VJP,2021-10-06,24.5,29.1,21.5,87,97,8.1,8.1,16.5,33,15.27,3.17,940.3,22.0,610.0,16.836554,75.703354
KA-VJP,2021-10-07,25.1,28.9,22.3,84,97,7.1,7.1,17.0,117,17.11,3.55,940.0,21.9,610.0,16.836554,75.703354
KA-VJP,2021-10-08,25.0,28.2,21.2,84,98,9.5,9.5,16.3,254,16.85,3.53,940.5,22.0,610.0,16.836554,75.703354
KA-VJP,2021-10-09,24.9,28.1,22.1,85,97,2.4,2.4,12.6,290,14.79,3.16,941.9,22.1,610.0,16.836554,75.703354
KA-VJP,2021-10-10,24.5,28.1,22.3,87,96,5.9,5.9,16.3,298,15.87,3.2,941.6,22.1,610.0,16.836554,75.703354
KA-VJP,2021-10-11,24.4,28.0,21.6,85,97,2.5,2.5,13.0,13,17.89,3.6,940.1,21.5,610.0,16.836554,75.703354
KA-VJP,2021-10-12,24.3,29.0,20.4,78,100,0.0,0.0,14.1,36,21.71,4.62,939.7,19.7,610.0,16.836554,75.703354
KA-VJP,2021-10-13,24.9,29.2,20.3,67,85,0.0,0.0,13.5,59,21.09,4.5,939.6,18.2,610.0,16.836554,75.703354
KA-VJP,2021-10-14,25.4,30.0,20.7,69,87,0.0,0.0,14.1,36,21.1,4.57,939.3,19.0,610.0,16.836554,75.703354
KA-VJP,2021-10-15,25.2,30.3,21.5,70,88,0.0,0.0,15.2,24,20.93,4.76,937.3,18.9,610.0,16.836554,75.703354
KA-VJP,2021-10-16,24.4,29.2,20.8,72,88,0.1,0.1,14.8,360,20.25,4.53,936.5,18.9,610.0,16.836554,75.703354
KA-VJP,2021-10-17,25.2,29.9,21.0,75,88,0.0,0.0,20.8,284,19.43,4.56,937.6,20.2,610.0,16.836554,75.703354
KA-VJP,2021-10-18,25.1,29.9,21.1,71,92,0.0,0.0,20.2,275,22.01,5.19,940.3,18.9,610.0,16.836554,75.703354
KA-VJP,2021-10-19,24.7,29.3,20.7,71,94,0.0,0.0,16.2,308,19.95,4.61,943.4,18.6,610.0,16.836554,75.703354
KA-VJP,2021-10-20,24.9,30.9,19.8,62,85,0.0,0.0,14.1,5,21.87,5.26,945.2,16.5,610.0,16.836554,75.703354
KA-VJP,2021-10-21,25.3,31.8,19.6,58,83,0.0,0.0,16.6,39,21.66,5.42,945.4,15.7,610.0,16.836554,75.703354
KA-VJP,2021-10-22,25.9,31.5,20.0,54,81,0.0,0.0,16.5,64,20.58,5.36,945.6,15.1,610.0,16.836554,75.703354
KA-VJP,2021-10-23,26.9,32.3,20.7,52,77,0.0,0.0,18.9,121,17.96,5.01,945.6,15.3,610.0,16.836554,75.703354
KA-VJP,2021-10-24,26.7,31.9,21.6,58,88,0.1,0.1,20.6,159,19.83,5.22,945.8,16.8,610.0,16.836554,75.703354
KA-VJP,2021-10-25,26.5,31.6,21.1,53,89,0.0,0.0,21.7,60,19.04,5.82,945.0,15.0,610.0,16.836554,75.703354
KA-VJP,2021-10-26,25.8,31.2,19.6,41,69,0.0,0.0,22.3,64,22.03,6.7,944.1,10.5,610.0,16.836554,75.703354
KA-VJP,2021-10-27,25.6,30.7,19.5,42,69,0.0,0.0,23.6,64,22.36,6.83,944.7,10.7,610.0,16.836554,75.703354
KA-VJP,2021-10-28,25.7,30.9,19.6,43,67,0.0,0.0,22.9,59,22.08,6.76,944.8,11.6,610.0,16.836554,75.703354
KA-VJP,2021-10-29,26.2,30.2,22.0,49,60,0.0,0.0,22.8,58,14.28,5.47,945.7,14.5,610.0,16.836554,75.703354
KA-VJP,2021-10-30,27.0,31.3,22.1,52,66,0.0,0.0,23.1,66,16.36,5.75,946.3,16.1,610.0,16.836554,75.703354
KA-VJP,2021-10-31,27.0,31.8,22.5,61,89,0.1,0.1,19.2,69,17.61,5.12,945.7,18.4,610.0,16.836554,75.703354
KA-VJP,2021-11-01,27.0,32.1,22.0,59,85,0.3,0.3,18.3,99,19.46,5.56,944.6,17.7,610.0,16.836554,75.703354
KA-VJP,2021-11-02,25.9,30.6,21.8,69,89,0.7,0.7,23.1,97,17.44,4.69,944.3,19.4,610.0,16.836554,75.703354
KA-VJP,2021-11-03,25.0,29.1,21.4,75,94,2.1,2.1,17.0,94,14.72,3.57,944.2,20.1,610.0,16.836554,75.703354
KA-VJP,2021-11-04,25.0,30.1,21.5,74,93,8.1,8.1,18.7,83,16.98,4.1,943.9,19.6,610.0,16.836554,75.703354
KA-VJP,2021-11-05,25.1,30.0,20.6,71,93,0.9,0.9,17.5,98,18.3,4.52,943.6,19.0,610.0,16.836554,75.703354
KA-VJP,2021-11-06,25.7,31.0,20.9,62,90,0.0,0.0,20.0,88,19.88,5.2,942.7,17.0,610.0,16.836554,75.703354
KA-VJP,2021-11-07,25.5,30.8,20.5,52,78,0.0,0.0,20.6,83,19.24,5.67,942.8,14.0,610.0,16.836554,75.703354
KA-VJP,2021-11-08,25.0,30.8,19.7,46,70,0.0,0.0,18.1,73,20.78,6.1,943.9,11.6,610.0,16.836554,75.703354
KA-VJP,2021-11-09,24.9,30.7,18.7,39,64,0.0,0.0,22.9,63,20.87,6.53,944.4,9.0,610.0,16.836554,75.703354
KA-VJP,2021-11-10,24.6,30.0,17.1,44,70,0.0,0.0,19.3,55,18.82,5.61,943.6,11.0,610.0,16.836554,75.703354
KA-VJP,2021-11-11,24.8,28.9,20.5,43,56,0.0,0.0,21.6,42,12.58,5.3,942.1,11.1,610.0,16.836554,75.703354
KA-VJP,2021-11-12,25.2,30.2,18.8,55,76,1.1,1.1,21.4,51,14.91,5.12,941.8,15.3,610.0,16.836554,75.703354
KA-VJP,2021-11-13,25.7,30.8,22.6,69,88,6.1,6.1,17.3,59,13.41,3.79,942.0,19.3,610.0,16.836554,75.703354
KA-VJP,2021-11-14,24.5,28.7,21.8,83,96,1.4,1.4,19.1,85,15.79,3.32,941.7,21.2,610.0,16.836554,75.703354
KA-VJP,2021-11-15,24.5,28.3,21.7,83,95,1.8,1.8,16.5,80,16.51,3.43,940.7,21.3,610.0,16.836554,75.703354
KA-VJP,2021-11-16,24.1,27.8,21.9,85,96,8.2,8.2,25.6,97,12.87,2.87,940.7,21.3,610.0,16.836554,75.703354
KA-VJP,2021-11-17,24.0,27.8,21.8,85,96,4.1,4.1,23.2,120,13.73,3.0,942.2,21.1,610.0,16.836554,75.703354
KA-VJP,2021-11-18,23.4,25.9,21.5,85,95,0.3,0.3,18.6,127,11.13,2.4,942.1,20.6,610.0,16.836554,75.703354
KA-VJP,2021-11-19,22.9,26.6,20.6,88,97,7.6,7.6,29.7,54,9.61,2.1,939.6,20.8,610.0,16.836554,75.703354
KA-VJP,2021-11-20,23.4,26.9,21.7,88,96,6.8,6.8,22.0,87,11.42,2.45,939.2,21.2,610.0,16.836554,75.703354
KA-VJP,2021-11-21,23.1,25.9,21.5,89,97,5.9,5.9,18.6,127,8.22,1.78,941.9,21.1,610.0,16.836554,75.703354
KA-VJP,2021-11-22,23.8,27.4,20.7,86,100,2.9,2.9,10.3,69,14.86,2.92,944.2,21.1,610.0,16.836554,75.703354
KA-VJP,2021-11-23,24.5,28.3,21.1,83,98,2.0,2.0,15.3,44,15.54,3.13,944.0,21.3,610.0,16.836554,75.703354
KA-VJP,2021-11-24,24.2,28.1,21.3,83,97,0.4,0.4,16.1,74,17.33,3.51,944.1,21.0,610.0,16.836554,75.703354
KA-VJP,2021-11-25,23.4,28.0,19.8,80,98,0.0,0.0,16.6,86,19.05,3.86,944.5,19.4,610.0,16.836554,75.703354
KA-VJP,2021-11-26,22.4,27.2,18.3,76,91,0.0,0.0,16.7,73,19.65,3.94,944.7,17.6,610.0,16.836554,75.703354
KA-VJP,2021-11-27,21.8,26.6,17.4,73,94,0.0,0.0,19.2,73,18.76,3.89,944.6,16.4,610.0,16.836554,75.703354
KA-VJP,2021-11-28,21.6,27.8,17.1,71,86,0.0,0.0,20.3,84,18.14,4.11,945.1,15.8,610.0,16.836554,75.703354
KA-VJP,2021-11-29,21.8,25.5,19.1,86,95,2.5,2.5,23.9,93,9.94,2.23,945.6,19.2,610.0,16.836554,75.703354
KA-VJP,2021-11-30,22.0,26.1,19.4,85,93,4.3,4.3,24.4,100,12.14,2.6,945.3,19.2,610.0,16.836554,75.703354
KA-VJP,2021-12-01,22.7,26.5,19.8,82,96,1.8,1.8,25.8,120,11.8,2.8,944.1,19.3,610.0,16.836554,75.703354
KA-VJP,2021-12-02,22.0,26.3,19.8,88,98,17.5,17.5,20.3,166,12.62,2.48,944.0,19.9,610.0,16.836554,75.703354
KA-VJP,2021-12-03,22.5,27.0,19.9,86,98,5.9,5.9,17.0,162,14.75,2.91,944.5,19.9,610.0,16.836554,75.703354
KA-VJP,2021-12-04,22.6,26.5,19.6,86,98,2.3,2.3,10.5,339,15.61,2.99,944.8,19.9,610.0,16.836554,75.703354
KA-VJP,2021-12-05,22.7,26.8,19.5,83,98,0.7,0.7,10.0,324,16.55,3.23,944.9,19.4,610.0,16.836554,75.703354
KA-VJP,2021-12-06,22.6,26.8,18.6,76,95,0.0,0.0,11.9,344,17.25,3.43,944.6,17.9,610.0,16.836554,75.703354
KA-VJP,2021-12-07,22.5,27.3,17.8,69,91,0.0,0.0,17.0,30,17.38,3.73,945.0,16.2,610.0,16.836554,75.703354
KA-VJP,2021-12-08,22.3,26.8,18.4,68,82,0.0,0.0,15.8,68,16.4,3.64,945.3,16.0,610.0,16.836554,75.703354
KA-VJP,2021-12-09,22.8,27.0,17.8,73,92,0.4,0.4,16.2,96,16.32,3.27,946.7,17.5,610.0,16.836554,75.703354
KA-VJP,2021-12-10,22.4,26.6,19.3,80,94,1.0,1.0,21.1,102,15.21,3.15,947.5,18.7,610.0,16.836554,75.703354
KA-VJP,2021-12-11,22.6,27.1,19.3,78,93,0.3,0.3,18.2,111,16.44,3.41,947.0,18.4,610.0,16.836554,75.703354
KA-VJP,2021-12-12,22.2,27.0,18.2,75,93,0.0,0.0,21.1,97,16.29,3.47,947.1,17.3,610.0,16.836554,75.703354
KA-VJP,2021-12-13,21.8,26.5,18.3,78,94,0.4,0.4,17.4,110,15.72,3.22,946.2,17.6,610.0,16.836554,75.703354
KA-VJP,2021-12-14,21.6,25.5,18.2,80,95,0.9,0.9,15.1,99,13.17,2.72,945.7,17.9,610.0,16.836554,75.703354
KA-VJP,2021-12-15,21.7,26.4,18.6,75,93,0.0,0.0,18.5,113,14.02,3.11,946.0,16.8,610.0,16.836554,75.703354
KA-VJP,2021-12-16,21.3,26.5,16.9,67,88,0.0,0.0,16.1,116,18.27,3.88,946.7,14.3,610.0,16.836554,75.703354
KA-VJP,2021-12-17,20.5,26.2,15.8,64,85,0.0,0.0,14.9,113,18.57,4.02,947.0,13.0,610.0,16.836554,75.703354
KA-VJP,2021-12-18,20.1,26.7,14.4,56,80,0.0,0.0,18.0,83,19.02,4.54,946.6,10.2,610.0,16.836554,75.703354
KA-VJP,2021-12-19,19.6,26.1,14.0,56,76,0.0,0.0,18.4,98,19.04,4.46,947.3,10.0,610.0,16.836554,75.703354
KA-VJP,2021-12-20,20.0,26.3,13.9,61,81,0.0,0.0,14.2,94,18.65,4.18,947.2,11.8,610.0,16.836554,75.703354
KA-VJP,2021-12-21,20.4,26.6,13.7,64,87,0.0,0.0,10.0,154,18.59,3.75,946.8,12.8,610.0,16.836554,75.703354
KA-VJP,2021-12-22,21.2,27.3,14.5,59,90,0.0,0.0,12.6,130,18.66,3.94,945.4,12.0,610.0,16.836554,75.703354
KA-VJP,2021-12-23,22.1,28.0,14.9,53,82,0.0,0.0,12.6,177,18.6,4.05,945.0,11.3,610.0,16.836554,75.703354
KA-VJP,2021-12-24,22.9,28.9,15.9,53,79,0.0,0.0,10.7,197,18.69,4.16,944.8,12.0,610.0,16.836554,75.703354
KA-VJP,2021-12-25,23.2,29.5,16.4,52,79,0.0,0.0,12.5,293,18.59,4.04,945.4,12.2,610.0,16.836554,75.703354
KA-VJP,2021-12-26,23.6,29.9,16.9,51,79,0.0,0.0,12.0,215,18.55,4.27,946.4,12.0,610.0,16.836554,75.703354
KA-VJP,2021-12-27,23.1,29.1,16.6,57,81,0.0,0.0,13.9,144,18.24,4.11,946.9,13.6,610.0,16.836554,75.703354
KA-VJP,2021-12-28,23.2,29.2,17.9,53,78,0.0,0.0,18.5,160,18.6,5.04,946.1,12.1,610.0,16.836554,75.703354
KA-VJP,2021-12-29,22.5,27.9,16.9,56,77,0.0,0.0,13.2,179,17.92,4.21,945.5,12.8,610.0,16.836554,75.703354
KA-VJP,2021-12-30,22.6,28.1,17.4,60,89,0.0,0.0,21.0,107,14.21,4.19,947.2,13.9,610.0,16.836554,75.703354
KA-VJP,2021-12-31,23.0,28.6,17.4,60,87,0.0,0.0,22.2,109,16.36,4.47,948.7,14.4,610.0,16.836554,75.703354
KA-VJP,2022-01-01,23.5,28.1,19.1,61,82,0.3,0.3,20.7,107,16.0,4.3,949.0,15.2,610.0,16.836554,75.703354
KA-VJP,2022-01-02,23.3,28.4,18.5,60,81,0.0,0.0,17.5,108,17.2,4.48,947.7,14.7,610.0,16.836554,75.703354
KA-VJP,2022-01-03,22.8,28.2,17.8,59,86,0.0,0.0,16.3,95,17.34,4.45,947.1,13.7,610.0,16.836554,75.703354
KA-VJP,2022-01-04,22.4,28.1,16.7,54,76,0.0,0.0,16.3,102,18.72,4.79,946.9,12.1,610.0,16.836554,75.703354
KA-VJP,2022-01-05,22.1,28.3,16.6,55,77,0.0,0.0,17.7,140,18.83,4.62,946.5,12.1,610.0,16.836554,75.703354
KA-VJP,2022-01-06,22.2,28.3,16.5,53,76,0.0,0.0,19.5,150,19.03,4.74,945.3,11.5,610.0,16.836554,75.703354
KA-VJP,2022-01-07,23.3,28.6,17.4,57,81,0.0,0.0,22.1,155,16.19,4.48,945.1,13.8,610.0,16.836554,75.703354
KA-VJP,2022-01-08,23.9,28.9,18.8,55,83,0.0,0.0,17.4,215,15.96,4.36,945.6,13.7,610.0,16.836554,75.703354
KA-VJP,2022-01-09,22.9,29.1,17.3,55,80,0.0,0.0,20.5,240,17.82,4.43,944.4,12.4,610.0,16.836554,75.703354
KA-VJP,2022-01-10,23.4,29.1,18.1,56,83,0.0,0.0,16.4,282,17.36,4.42,944.7,13.5,610.0,16.836554,75.703354
KA-VJP,2022-01-11,23.5,29.3,18.6,49,68,0.0,0.0,21.8,258,18.8,5.48,944.3,11.5,610.0,16.836554,75.703354
KA-VJP,2022-01-12,22.1,28.2,16.5,53,76,0.0,0.0,15.5,278,19.4,4.56,943.9,11.3,610.0,16.836554,75.703354
KA-VJP,2022-01-13,21.8,27.3,16.5,53,80,0.0,0.0,20.0,243,19.44,4.93,943.4,11.0,610.0,16.836554,75.703354
KA-VJP,2022-01-14,21.9,26.8,16.4,56,86,0.0,0.0,15.2,269,19.04,4.4,943.7,11.9,610.0,16.836554,75.703354
KA-VJP,2022-01-15,22.6,28.5,16.4,55,91,0.0,0.0,21.1,50,18.41,4.31,944.9,12.2,610.0,16.836554,75.703354
KA-VJP,2022-01-16,23.2,28.7,18.4,59,83,0.8,0.8,24.1,97,16.43,4.42,946.4,14.0,610.0,16.836554,75.703354
KA-VJP,2022-01-17,22.9,27.6,18.1,62,93,0.2,0.2,21.6,96,16.46,4.25,948.1,14.7,610.0,16.836554,75.703354
KA-VJP,2022-01-18,23.4,28.5,18.0,55,86,0.0,0.0,15.0,76,19.03,4.86,947.4,12.9,610.0,16.836554,75.703354
KA-VJP,2022-01-19,23.3,29.7,16.3,45,73,0.0,0.0,19.2,28,19.93,5.24,945.9,9.5,610.0,16.836554,75.703354
KA-VJP,2022-01-20,24.9,30.8,17.5,34,56,0.0,0.0,13.2,350,19.92,5.05,943.8,7.2,610.0,16.836554,75.703354
KA-VJP,2022-01-21,25.0,31.8,18.4,34,57,0.0,0.0,18.7,331,20.16,6.15,943.6,6.9,610.0,16.836554,75.703354
KA-VJP,2022-01-22,24.4,31.2,17.9,44,73,0.0,0.0,22.3,272,20.1,6.13,942.1,10.5,610.0,16.836554,75.703354
KA-VJP,2022-01-23,22.2,27.9,17.3,63,95,0.5,0.5,24.3,270,15.95,4.78,942.1,13.8,610.0,16.836554,75.703354
KA-VJP,2022-01-24,20.0,25.0,15.3,53,75,0.0,0.0,15.5,285,20.15,4.44,942.5,9.7,610.0,16.836554,75.703354
KA-VJP,2022-01-25,21.2,27.4,14.7,45,64,0.0,0.0,16.9,348,20.54,4.89,942.5,8.2,610.0,16.836554,75.703354
KA-VJP,2022-01-26,22.5,28.2,15.5,45,68,0.0,0.0,15.5,47,20.23,4.81,943.1,9.1,610.0,16.836554,75.703354
KA-VJP,2022-01-27,23.5,28.5,18.6,42,60,0.0,0.0,20.7,64,19.23,5.82,944.4,9.6,610.0,16.836554,75.703354
KA-VJP,2022-01-28,22.5,28.4,16.9,42,64,0.0,0.0,22.3,83,20.78,5.91,945.6,8.3,610.0,16.836554,75.703354
KA-VJP,2022-01-29,22.1,28.6,15.5,36,54,0.0,0.0,19.2,76,21.16,5.76,946.5,5.2,610.0,16.836554,75.703354
KA-VJP,2022-01-30,22.9,30.0,15.3,35,53,0.0,0.0,12.0,59,21.06,5.23,945.2,5.7,610.0,16.836554,75.703354
KA-VJP,2022-01-31,24.7,31.2,16.6,31,53,0.0,0.0,10.6,27,21.33,5.34,944.0,5.4,610.0,16.836554,75.703354
KA-VJP,2022-02-01,24.8,31.4,17.2,30,50,0.0,0.0,13.2,16,21.47,5.61,943.4,5.0,610.0,16.836554,75.703354
KA-VJP,2022-02-02,25.5,32.0,17.4,32,51,0.0,0.0,12.5,201,21.34,5.27,943.7,6.9,610.0,16.836554,75.703354
KA-VJP,2022-02-03,25.8,32.9,18.6,40,64,0.0,0.0,27.4,259,21.21,6.87,942.7,9.6,610.0,16.836554,75.703354
KA-VJP,2022-02-04,22.3,28.1,15.6,45,81,0.0,0.0,19.5,313,21.82,5.51,942.7,8.9,610.0,16.836554,75.703354
KA-VJP,2022-02-05,23.9,31.1,16.0,33,56,0.0,0.0,14.0,115,21.78,5.55,943.1,5.6,610.0,16.836554,75.703354
KA-VJP,2022-02-06,24.7,31.4,17.0,37,53,0.0,0.0,20.6,132,21.55,5.96,945.2,8.4,610.0,16.836554,75.703354
KA-VJP,2022-02-07,25.4,31.3,18.5,51,90,0.0,0.0,13.0,203,21.24,4.91,945.6,13.1,610.0,16.836554,75.703354
KA-VJP,2022-02-08,26.0,31.8,19.5,46,83,0.0,0.0,23.7,228,21.35,5.94,944.4,12.6,610.0,16.836554,75.703354
KA-VJP,2022-02-09,25.9,31.4,19.6,44,71,0.0,0.0,16.6,231,21.26,5.63,944.3,11.9,610.0,16.836554,75.703354
KA-VJP,2022-02-10,25.8,31.6,19.5,42,70,0.0,0.0,17.1,117,20.3,5.39,944.4,11.2,610.0,16.836554,75.703354
KA-VJP,2022-02-11,25.9,30.5,20.8,43,66,0.0,0.0,24.9,76,19.95,6.48,944.9,11.7,610.0,16.836554,75.703354
KA-VJP,2022-02-12,25.3,30.5,19.7,39,61,0.0,0.0,22.2,89,21.97,6.72,944.7,9.7,610.0,16.836554,75.703354
KA-VJP,2022-02-13,24.9,30.6,18.1,34,53,0.0,0.0,23.8,113,22.38,6.62,943.2,7.4,610.0,16.836554,75.703354
KA-VJP,2022-02-14,26.0,31.3,19.5,33,48,0.0,0.0,19.4,138,22.25,6.42,942.6,7.9,610.0,16.836554,75.703354
KA-VJP,2022-02-15,26.6,31.3,21.5,34,47,0.0,0.0,19.6,174,20.54,6.02,942.6,8.9,610.0,16.836554,75.703354
KA-VJP,2022-02-16,26.1,31.5,19.6,32,56,0.0,0.0,19.0,321,19.73,6.53,941.0,6.8,610.0,16.836554,75.703354
KA-VJP,2022-02-17,26.0,30.9,19.5,34,51,0.0,0.0,13.7,30,18.79,5.11,940.3,8.4,610.0,16.836554,75.703354
KA-VJP,2022-02-18,26.7,32.2,21.4,33,59,0.0,0.0,22.3,153,19.84,6.55,941.9,8.1,610.0,16.836554,75.703354
KA-VJP,2022-02-19,27.0,32.3,20.7,35,61,0.0,0.0,20.3,141,22.56,6.61,944.1,9.0,610.0,16.836554,75.703354
KA-VJP,2022-02-20,27.2,32.8,20.9,33,52,0.0,0.0,16.1,312,22.61,6.28,943.4,9.1,610.0,16.836554,75.703354
KA-VJP,2022-02-21,27.1,33.1,20.7,28,44,0.0,0.0,16.0,337,23.09,6.84,942.8,6.3,610.0,16.836554,75.703354
KA-VJP,2022-02-22,27.3,34.0,19.5,30,46,0.0,0.0,15.9,78,22.86,6.97,944.0,7.9,610.0,16.836554,75.703354
KA-VJP,2022-02-23,28.1,34.1,22.0,36,58,0.0,0.0,20.3,121,22.81,7.56,946.0,10.8,610.0,16.836554,75.703354
KA-VJP,2022-02-24,27.9,33.8,21.6,31,57,0.0,0.0,20.1,131,22.95,7.8,947.1,7.9,610.0,16.836554,75.703354
KA-VJP,2022-02-25,27.5,33.5,21.0,25,38,0.0,0.0,19.4,120,23.12,7.42,946.3,5.1,610.0,16.836554,75.703354
KA-VJP,2022-02-26,27.4,33.8,20.8,25,54,0.0,0.0,20.8,128,23.47,8.12,946.0,3.5,610.0,16.836554,75.703354
KA-VJP,2022-02-27,26.8,32.9,20.4,30,57,0.0,0.0,21.7,125,23.44,7.18,946.4,6.2,610.0,16.836554,75.703354
KA-VJP,2022-02-28,27.1,33.2,20.9,28,50,0.0,0.0,18.7,128,23.35,7.37,945.8,5.7,610.0,16.836554,75.703354
KA-VJP,2022-03-01,27.5,32.9,20.4,22,34,0.0,0.0,16.3,133,23.37,6.99,945.9,3.4,610.0,16.836554,75.703354
KA-VJP,2022-03-02,28.0,34.3,21.5,23,44,0.0,0.0,19.3,120,21.8,7.88,945.4,3.8,610.0,16.836554,75.703354
KA-VJP,2022-03-03,27.9,34.4,21.0,22,35,0.0,0.0,21.9,128,23.35,8.3,945.4,3.2,610.0,16.836554,75.703354
KA-VJP,2022-03-04,27.6,34.0,21.3,26,45,0.0,0.0,18.9,121,22.64,7.25,945.5,5.3,610.0,16.836554,75.703354
KA-VJP,2022-03-05,28.1,33.6,21.9,26,42,0.0,0.0,16.6,133,22.7,6.96,944.8,5.9,610.0,16.836554,75.703354
KA-VJP,2022-03-06,28.1,33.6,22.5,29,45,0.0,0.0,19.2,122,19.79,6.92,944.1,8.1,610.0,16.836554,75.703354
KA-VJP,2022-03-07,27.9,33.8,21.7,33,63,0.0,0.0,21.9,111,23.43,7.97,944.4,8.4,610.0,16.836554,75.703354
KA-VJP,2022-03-08,27.8,33.5,22.3,34,66,0.0,0.0,20.2,125,18.34,6.43,944.1,9.2,610.0,16.836554,75.703354
KA-VJP,2022-03-09,28.4,34.0,21.8,32,47,0.0,0.0,17.2,112,22.28,6.84,943.8,9.3,610.0,16.836554,75.703354
KA-VJP,2022-03-10,28.5,33.5,22.4,32,48,0.0,0.0,14.5,62,21.36,6.55,944.0,9.6,610.0,16.836554,75.703354
KA-VJP,2022-03-11,29.0,33.7,24.2,32,42,0.0,0.0,21.0,50,20.61,6.58,943.8,10.2,610.0,16.836554,75.703354
KA-VJP,2022-03-12,27.8,32.7,23.5,38,54,0.0,0.0,18.2,19,20.59,6.69,944.0,11.7,610.0,16.836554,75.703354
KA-VJP,2022-03-13,28.5,34.2,21.5,37,62,0.0,0.0,16.8,68,20.61,6.68,943.8,11.6,610.0,16.836554,75.703354
KA-VJP,2022-03-14,29.3,34.7,22.4,29,47,0.0,0.0,15.3,75,24.28,6.86,944.1,8.4,610.0,16.836554,75.703354
KA-VJP,2022-03-15,29.5,35.7,20.9,19,35,0.0,0.0,16.1,27,25.06,6.73,942.8,2.8,610.0,16.836554,75.703354
KA-VJP,2022-03-16,30.8,36.9,22.7,19,32,0.0,0.0,20.2,64,24.76,7.64,941.4,3.4,610.0,16.836554,75.703354
KA-VJP,2022-03-17,31.0,37.9,22.3,19,38,0.0,0.0,18.6,4,24.89,7.75,940.9,3.6,610.0,16.836554,75.703354
KA-VJP,2022-03-18,31.9,38.3,23.2,20,47,0.0,0.0,19.0,21,23.77,7.92,940.1,3.8,610.0,16.836554,75.703354
KA-VJP,2022-03-19,30.0,37.3,23.5,46,87,0.0,0.0,32.0,244,21.09,6.9,939.7,14.2,610.0,16.836554,75.703354
KA-VJP,2022-03-20,29.6,35.5,24.4,48,83,0.0,0.0,28.7,245,21.14,7.02,940.4,15.0,610.0,16.836554,75.703354
KA-VJP,2022-03-21,30.0,35.7,25.2,39,72,0.0,0.0,22.9,316,15.02,6.13,940.9,12.0,610.0,16.836554,75.703354
KA-VJP,2022-03-22,30.3,36.2,24.0,38,75,0.0,0.0,23.8,102,16.34,6.43,941.3,12.8,610.0,16.836554,75.703354
KA-VJP,2022-03-23,31.2,36.9,25.1,32,58,0.0,0.0,22.7,126,17.63,6.64,941.0,11.3,610.0,16.836554,75.703354
KA-VJP,2022-03-24,31.4,35.7,25.5,35,74,0.0,0.0,17.4,187,18.69,6.05,940.9,12.6,610.0,16.836554,75.703354
KA-VJP,2022-03-25,31.5,36.1,26.6,38,63,0.0,0.0,15.6,354,19.16,6.19,942.0,14.3,610.0,16.836554,75.703354
KA-VJP,2022-03-26,31.6,36.2,25.9,38,70,0.0,0.0,18.4,352,18.08,6.85,943.8,13.8,610.0,16.836554,75.703354
KA-VJP,2022-03-27,31.8,37.4,24.7,39,78,0.0,0.0,16.7,352,19.42,6.82,944.1,13.9,610.0,16.836554,75.703354
KA-VJP,2022-03-28,32.4,38.5,25.1,35,70,0.0,0.0,14.4,5,20.68,6.57,943.4,12.7,610.0,16.836554,75.703354
KA-VJP,2022-03-29,32.9,39.3,24.8,30,77,0.0,0.0,20.4,347,25.3,8.95,942.2,9.1,610.0,16.836554,75.703354
KA-VJP,2022-03-30,33.0,39.1,26.2,18,34,0.0,0.0,24.5,360,25.77,9.66,942.0,4.0,610.0,16.836554,75.703354
KA-VJP,2022-03-31,32.5,38.6,25.4,18,38,0.0,0.0,22.9,351,25.98,9.39,942.3,3.1,610.0,16.836554,75.703354
KA-VJP,2022-04-01,32.2,38.5,24.2,17,29,0.0,0.0,22.4,355,25.87,8.62,942.3,3.6,610.0,16.836554,75.703354
KA-VJP,2022-04-02,32.6,38.9,26.0,25,61,0.0,0.0,21.4,4,24.7,8.7,942.9,9.1,610.0,16.836554,75.703354
KA-VJP,2022-04-03,31.9,37.9,24.7,37,70,0.0,0.0,19.1,56,23.18,7.37,942.8,13.2,610.0,16.836554,75.703354
KA-VJP,2022-04-04,32.8,38.2,25.3,34,74,0.0,0.0,17.3,82,22.71,7.49,943.2,13.0,610.0,16.836554,75.703354
KA-VJP,2022-04-05,33.2,38.7,27.3,31,56,0.0,0.0,18.9,93,22.88,8.01,945.0,12.4,610.0,16.836554,75.703354
KA-VJP,2022-04-06,32.2,37.5,25.7,38,76,0.0,0.0,19.8,123,22.25,6.78,945.2,14.3,610.0,16.836554,75.703354
KA-VJP,2022-04-07,33.1,38.4,26.8,30,55,0.0,0.0,20.7,53,24.06,7.99,944.1,11.9,610.0,16.836554,75.703354
KA-VJP,2022-04-08,32.7,37.7,25.9,35,75,0.0,0.0,16.9,134,22.88,7.38,943.1,13.1,610.0,16.836554,75.703354
KA-VJP,2022-04-09,32.7,38.2,26.2,34,67,0.0,0.0,16.4,110,23.22,7.57,942.4,13.0,610.0,16.836554,75.703354
KA-VJP,2022-04-10,32.1,37.1,27.6,41,69,0.0,0.0,18.9,345,20.97,6.47,942.2,16.2,610.0,16.836554,75.703354
KA-VJP,2022-04-11,32.5,38.1,26.2,40,75,0.0,0.0,18.4,49,22.58,7.37,941.4,15.1,610.0,16.836554,75.703354
KA-VJP,2022-04-12,32.7,38.4,26.5,33,64,0.0,0.0,17.8,102,22.32,7.57,940.5,13.0,610.0,16.836554,75.703354
KA-VJP,2022-04-13,32.8,39.4,26.9,27,43,0.0,0.0,21.7,131,23.07,8.54,940.2,10.6,610.0,16.836554,75.703354
KA-VJP,2022-04-14,31.8,37.2,25.6,38,77,0.1,0.1,17.6,215,18.83,6.53,940.6,14.8,610.0,16.836554,75.703354
KA-VJP,2022-04-15,29.6,35.3,26.4,54,77,0.0,0.0,28.2,271,13.15,4.83,940.9,18.5,610.0,16.836554,75.703354
KA-VJP,2022-04-16,31.3,38.7,24.8,45,85,0.0,0.0,31.3,262,24.52,7.71,940.0,15.3,610.0,16.836554,75.703354
KA-VJP,2022-04-17,31.1,38.3,23.9,43,86,0.0,0.0,26.0,254,25.15,8.41,940.7,14.6,610.0,16.836554,75.703354
KA-VJP,2022-04-18,30.9,37.8,23.9,36,62,0.0,0.0,22.4,243,23.06,7.81,942.6,13.1,610.0,16.836554,75.703354
KA-VJP,2022-04-19,31.4,38.6,25.2,39,62,0.7,0.7,30.7,283,22.37,7.25,943.8,14.5,610.0,16.836554,75.703354
KA-VJP,2022-04-20,33.4,39.3,26.0,32,61,0.0,0.0,17.7,315,24.03,7.86,941.9,12.5,610.0,16.836554,75.703354
KA-VJP,2022-04-21,34.6,39.6,29.0,25,39,0.0,0.0,23.9,2,23.9,8.84,940.7,10.7,610.0,16.836554,75.703354
KA-VJP,2022-04-22,31.7,37.5,28.0,36,48,0.2,0.2,27.3,130,20.7,6.77,942.4,14.5,610.0,16.836554,75.703354
KA-VJP,2022-04-23,31.4,36.7,25.3,39,62,0.0,0.0,18.0,130,20.26,6.64,942.8,14.8,610.0,16.836554,75.703354
KA-VJP,2022-04-24,30.3,36.0,24.8,43,67,0.4,0.4,24.5,6,21.69,7.4,942.7,15.4,610.0,16.836554,75.703354
KA-VJP,2022-04-25,31.8,39.1,26.1,36,53,0.0,0.0,37.2,3,24.13,7.99,941.2,14.2,610.0,16.836554,75.703354
KA-VJP,2022-04-26,32.7,38.6,25.7,36,71,0.0,0.0,20.7,270,21.27,7.35,941.6,13.6,610.0,16.836554,75.703354
KA-VJP,2022-04-27,33.7,39.1,27.1,31,60,0.0,0.0,18.8,57,22.89,8.45,941.1,13.0,610.0,16.836554,75.703354
KA-VJP,2022-04-28,33.2,40.4,27.0,32,55,1.3,1.3,16.3,168,22.35,7.02,941.7,13.1,610.0,16.836554,75.703354
KA-VJP,2022-04-29,33.5,40.5,25.6,36,79,0.0,0.0,19.2,317,25.32,8.63,942.0,13.6,610.0,16.836554,75.703354
KA-VJP,2022-04-30,33.8,39.7,27.0,34,67,0.0,0.0,38.2,304,24.34,9.38,940.7,12.7,610.0,16.836554,75.703354
KA-VJP,2022-05-01,32.6,39.8,25.6,35,62,0.0,0.0,28.0,302,26.45,8.92,939.6,12.4,610.0,16.836554,75.703354
KA-VJP,2022-05-02,31.8,39.2,23.7,39,78,0.0,0.0,30.6,286,26.09,9.1,939.8,12.8,610.0,16.836554,75.703354
KA-VJP,2022-05-03,32.6,38.8,25.3,38,71,0.0,0.0,28.1,299,24.49,8.1,940.4,14.3,610.0,16.836554,75.703354
KA-VJP,2022-05-04,33.8,39.8,27.5,35,58,0.0,0.0,22.1,344,24.15,9.02,941.3,14.7,610.0,16.836554,75.703354
KA-VJP,2022-05-05,33.1,38.2,26.4,35,68,0.0,0.0,19.6,330,23.56,8.14,941.0,13.4,610.0,16.836554,75.703354
KA-VJP,2022-05-06,33.3,40.5,25.5,34,77,0.0,0.0,23.7,321,23.09,8.65,940.1,11.8,610.0,16.836554,75.703354
KA-VJP,2022-05-07,33.2,39.8,25.6,35,69,0.0,0.0,26.6,322,22.09,8.64,939.8,13.1,610.0,16.836554,75.703354
KA-VJP,2022-05-08,34.0,38.6,28.7,32,53,0.0,0.0,25.3,353,18.78,8.52,938.3,13.0,610.0,16.836554,75.703354
KA-VJP,2022-05-09,33.7,41.2,26.4,39,75,0.0,0.0,28.3,309,20.52,8.99,936.7,13.6,610.0,16.836554,75.703354
KA-VJP,2022-05-10,32.7,40.9,25.8,43,76,0.0,0.0,37.9,308,19.23,8.6,935.9,15.0,610.0,16.836554,75.703354
KA-VJP,2022-05-11,30.4,37.7,25.4,52,76,0.5,0.5,34.0,283,13.53,6.74,936.6,17.3,610.0,16.836554,75.703354
KA-VJP,2022-05-12,29.0,36.5,24.5,61,83,0.7,0.7,29.9,282,15.6,6.14,937.6,19.6,610.0,16.836554,75.703354
KA-VJP,2022-05-13,28.4,34.2,24.1,64,83,0.7,0.7,26.6,269,16.61,5.64,937.8,20.4,610.0,16.836554,75.703354
KA-VJP,2022-05-14,30.2,38.3,24.4,54,84,0.0,0.0,28.8,269,18.88,6.85,938.2,18.2,610.0,16.836554,75.703354
KA-VJP,2022-05-15,31.4,38.1,24.5,47,78,0.0,0.0,20.1,288,19.74,6.6,939.0,16.8,610.0,16.836554,75.703354
KA-VJP,2022-05-16,31.6,37.9,25.5,49,80,0.9,0.9,25.3,328,23.23,7.68,938.7,18.3,610.0,16.836554,75.703354
KA-VJP,2022-05-17,30.4,38.1,25.0,56,82,0.8,0.8,28.3,256,21.05,6.42,937.9,19.7,610.0,16.836554,75.703354
KA-VJP,2022-05-18,28.9,32.2,25.9,62,78,0.2,0.2,15.5,317,10.46,3.82,938.3,20.5,610.0,16.836554,75.703354
KA-VJP,2022-05-19,26.8,30.6,23.7,77,93,25.0,25.0,18.0,309,12.89,3.42,938.6,22.1,610.0,16.836554,75.703354
KA-VJP,2022-05-20,23.7,25.8,22.1,87,95,61.9,61.9,20.1,282,5.58,1.6,939.3,21.4,610.0,16.836554,75.703354
KA-VJP,2022-05-21,24.4,28.4,20.4,79,92,8.3,8.3,29.3,255,14.3,3.77,939.1,20.4,610.0,16.836554,75.703354
KA-VJP,2022-05-22,26.3,31.5,22.2,74,94,0.0,0.0,28.9,267,24.34,5.99,937.9,20.8,610.0,16.836554,75.703354
KA-VJP,2022-05-23,27.0,32.4,22.7,73,94,0.2,0.2,27.3,266,21.68,5.7,937.7,21.2,610.0,16.836554,75.703354
KA-VJP,2022-05-24,27.3,32.7,23.0,71,94,0.0,0.0,22.6,276,25.05,6.1,939.9,21.2,610.0,16.836554,75.703354
KA-VJP,2022-05-25,27.0,32.7,22.2,67,92,0.0,0.0,20.4,281,25.95,6.31,941.5,19.8,610.0,16.836554,75.703354
KA-VJP,2022-05-26,26.7,32.9,21.6,66,91,0.0,0.0,24.5,270,26.4,6.56,941.3,19.3,610.0,16.836554,75.703354
KA-VJP,2022-05-27,26.9,33.3,21.4,65,93,0.0,0.0,26.8,265,25.99,6.78,940.8,18.8,610.0,16.836554,75.703354
KA-VJP,2022-05-28,27.7,34.6,21.4,57,89,0.0,0.0,29.8,267,26.84,7.67,940.1,16.9,610.0,16.836554,75.703354
KA-VJP,2022-05-29,28.8,35.6,22.3,54,89,0.0,0.0,28.9,262,26.09,7.83,940.0,16.8,610.0,16.836554,75.703354
KA-VJP,2022-05-30,29.6,36.3,23.1,53,86,0.0,0.0,26.0,267,25.38,7.6,939.7,17.6,610.0,16.836554,75.703354
KA-VJP,2022-05-31,28.7,35.3,23.7,57,82,8.8,8.8,28.8,277,14.26,5.07,939.0,18.4,610.0,16.836554,75.703354
KA-VJP,2022-06-01,27.7,34.5,23.1,64,87,22.3,22.3,25.0,293,20.8,5.97,939.4,19.5,610.0,16.836554,75.703354
KA-VJP,2022-06-02,28.2,36.0,23.3,67,91,14.0,14.0,22.5,279,24.67,6.4,939.3,20.3,610.0,16.836554,75.703354
KA-VJP,2022-06-03,29.0,36.8,22.5,60,90,0.0,0.0,30.8,279,25.94,7.24,938.8,19.0,610.0,16.836554,75.703354
KA-VJP,2022-06-04,31.0,37.7,23.4,48,87,0.0,0.0,22.8,276,25.12,7.17,938.9,16.3,610.0,16.836554,75.703354
KA-VJP,2022-06-05,29.7,38.3,24.3,61,85,10.0,10.0,22.7,270,24.67,6.74,938.8,19.8,610.0,16.836554,75.703354
KA-VJP,2022-06-06,27.1,32.0,23.4,73,89,0.9,0.9,19.9,260,19.21,4.81,939.4,21.5,610.0,16.836554,75.703354
KA-VJP,2022-06-07,27.3,31.7,23.7,72,87,2.6,2.6,24.8,266,21.01,5.46,939.5,21.5,610.0,16.836554,75.703354
KA-VJP,2022-06-08,27.3,33.3,22.5,71,92,0.4,0.4,23.2,272,25.19,6.08,939.4,21.2,610.0,16.836554,75.703354
KA-VJP,2022-06-09,27.5,33.3,23.1,69,91,0.4,0.4,23.3,238,24.6,6.27,938.8,20.8,610.0,16.836554,75.703354
KA-VJP,2022-06-10,26.1,31.0,22.5,74,90,9.9,9.9,30.6,231,20.62,5.17,939.2,20.9,610.0,16.836554,75.703354
KA-VJP,2022-06-11,25.5,30.8,22.4,76,89,9.4,9.4,27.6,241,17.23,4.45,939.9,20.8,610.0,16.836554,75.703354
KA-VJP,2022-06-12,26.2,30.7,22.7,72,89,0.8,0.8,27.3,235,19.05,4.93,939.8,20.6,610.0,16.836554,75.703354
KA-VJP,2022-06-13,26.9,32.2,22.6,68,88,0.5,0.5,23.5,242,22.41,5.9,940.9,20.1,610.0,16.836554,75.703354
KA-VJP,2022-06-14,27.7,33.5,22.4,65,92,0.0,0.0,21.8,270,23.03,6.28,940.9,19.7,610.0,16.836554,75.703354
KA-VJP,2022-06-15,28.0,33.7,23.0,61,87,0.0,0.0,28.0,259,18.84,6.02,940.0,18.8,610.0,16.836554,75.703354
KA-VJP,2022-06-16,28.0,34.7,23.1,63,88,2.8,2.8,32.7,259,23.58,6.62,939.9,19.6,610.0,16.836554,75.703354
KA-VJP,2022-06-17,28.2,34.1,23.4,64,87,5.0,5.0,18.5,254,22.13,5.63,939.4,20.0,610.0,16.836554,75.703354
KA-VJP,2022-06-18,26.5,31.1,23.4,74,90,7.2,7.2,18.8,249,20.16,4.71,939.6,21.3,610.0,16.836554,75.703354
KA-VJP,2022-06-19,25.5,29.6,22.8,80,93,7.6,7.6,25.9,259,16.95,4.01,939.9,21.6,610.0,16.836554,75.703354
KA-VJP,2022-06-20,25.5,30.8,22.4,78,92,3.4,3.4,28.2,257,18.4,4.47,938.8,21.1,610.0,16.836554,75.703354
KA-VJP,2022-06-21,24.4,29.3,22.6,83,91,3.6,3.6,28.8,246,16.26,3.63,937.3,21.2,610.0,16.836554,75.703354
KA-VJP,2022-06-22,24.5,29.0,21.6,82,94,0.6,0.6,26.0,228,15.68,3.63,938.3,21.1,610.0,16.836554,75.703354
KA-VJP,2022-06-23,25.3,30.4,21.7,79,96,2.1,2.1,24.2,230,21.14,4.8,939.1,21.0,610.0,16.836554,75.703354
KA-VJP,2022-06-24,25.2,28.8,22.3,78,93,0.9,0.9,28.5,233,15.85,4.09,938.3,20.9,610.0,16.836554,75.703354
KA-VJP,2022-06-25,24.5,28.1,22.2,80,92,6.4,6.4,25.1,232,10.8,3.06,936.4,20.8,610.0,16.836554,75.703354
KA-VJP,2022-06-26,24.8,27.8,22.4,78,89,1.4,1.4,30.6,239,12.21,3.61,936.7,20.5,610.0,16.836554,75.703354
KA-VJP,2022-06-27,25.0,28.7,22.2,77,90,0.8,0.8,34.8,239,15.54,4.13,938.5,20.5,610.0,16.836554,75.703354
KA-VJP,2022-06-28,25.1,29.2,22.1,77,91,0.3,0.3,25.8,254,16.14,4.15,938.9,20.6,610.0,16.836554,75.703354
KA-VJP,2022-06-29,24.8,29.8,21.8,81,94,12.7,12.7,27.4,253,17.28,3.98,937.7,21.2,610.0,16.836554,75.703354
KA-VJP,2022-06-30,24.9,30.4,21.9,82,94,17.6,17.6,23.6,261,18.81,4.21,937.3,21.5,610.0,16.836554,75.703354
KA-VJP,2022-07-01,25.2,30.1,22.3,80,93,3.3,3.3,25.8,260,18.58,4.33,938.0,21.4,610.0,16.836554,75.703354
KA-VJP,2022-07-02,25.5,30.6,22.0,77,93,0.1,0.1,32.0,263,21.13,5.03,937.0,21.0,610.0,16.836554,75.703354
KA-VJP,2022-07-03,25.4,30.3,22.3,77,92,0.5,0.5,32.7,251,19.13,4.71,936.9,20.9,610.0,16.836554,75.703354
KA-VJP,2022-07-04,24.5,29.0,22.6,82,90,6.6,6.6,32.0,250,16.42,3.86,936.8,21.1,610.0,16.836554,75.703354
KA-VJP,2022-07-05,23.7,26.1,22.4,86,93,3.9,3.9,33.4,251,8.8,2.34,935.5,21.2,610.0,16.836554,75.703354
KA-VJP,2022-07-06,23.9,27.0,21.9,84,92,5.9,5.9,29.8,253,12.63,3.1,937.2,20.9,610.0,16.836554,75.703354
KA-VJP,2022-07-07,24.0,27.3,21.7,84,93,6.8,6.8,31.3,260,14.04,3.37,939.1,21.0,610.0,16.836554,75.703354
KA-VJP,2022-07-08,23.5,26.1,21.7,86,93,12.7,12.7,29.9,263,8.61,2.39,938.5,20.9,610.0,16.836554,75.703354
KA-VJP,2022-07-09,22.3,23.7,21.4,90,93,19.8,19.8,30.0,261,4.79,1.51,936.6,20.6,610.0,16.836554,75.703354
KA-VJP,2022-07-10,22.7,25.1,21.4,86,92,10.4,10.4,36.8,264,8.34,2.27,937.3,20.3,610.0,16.836554,75.703354
KA-VJP,2022-07-11,22.4,24.3,21.1,87,91,5.9,5.9,33.5,263,6.95,2.02,938.6,20.2,610.0,16.836554,75.703354
KA-VJP,2022-07-12,22.5,24.7,21.0,88,91,9.8,9.8,32.2,262,6.24,1.91,938.2,20.3,610.0,16.836554,75.703354
KA-VJP,2022-07-13,22.1,23.4,21.2,89,92,31.6,31.6,34.2,257,3.03,1.43,935.6,20.2,610.0,16.836554,75.703354
KA-VJP,2022-07-14,22.5,23.9,21.4,88,91,15.4,15.4,33.4,249,5.03,1.74,933.9,20.4,610.0,16.836554,75.703354
KA-VJP,2022-07-15,24.1,27.8,22.0,81,89,1.4,1.4,40.4,249,16.73,3.97,935.4,20.5,610.0,16.836554,75.703354
KA-VJP,2022-07-16,24.5,28.5,22.1,81,89,2.5,2.5,34.5,245,19.84,4.42,936.8,21.0,610.0,16.836554,75.703354
KA-VJP,2022-07-17,24.9,29.6,22.4,81,92,8.6,8.6,29.2,258,17.72,4.19,938.1,21.2,610.0,16.836554,75.703354
KA-VJP,2022-07-18,23.4,25.0,22.1,87,93,3.9,3.9,31.2,256,8.63,2.24,938.7,21.0,610.0,16.836554,75.703354
KA-VJP,2022-07-19,24.9,29.1,21.8,79,92,0.4,0.4,27.3,256,22.46,4.9,939.5,20.9,610.0,16.836554,75.703354
KA-VJP,2022-07-20,24.8,29.0,21.6,80,94,1.8,1.8,21.9,269,21.15,4.6,940.1,20.9,610.0,16.836554,75.703354
KA-VJP,2022-07-21,25.0,29.4,21.4,78,94,0.6,0.6,20.5,280,19.93,4.56,940.1,20.6,610.0,16.836554,75.703354
KA-VJP,2022-07-22,24.7,29.2,21.7,81,94,0.7,0.7,20.9,281,17.82,4.05,940.4,21.1,610.0,16.836554,75.703354
KA-VJP,2022-07-23,23.6,26.6,21.6,84,94,5.8,5.8,23.4,265,9.55,2.58,939.2,20.6,610.0,16.836554,75.703354
KA-VJP,2022-07-24,23.3,26.5,21.6,86,94,4.8,4.8,26.3,249,10.41,2.53,939.1,20.7,610.0,16.836554,75.703354
KA-VJP,2022-07-25,24.5,29.2,21.4,81,95,3.4,3.4,23.0,260,21.3,4.54,940.2,20.8,610.0,16.836554,75.703354
KA-VJP,2022-07-26,23.8,27.5,21.5,85,96,4.7,4.7,17.8,274,14.03,3.07,941.5,21.0,610.0,16.836554,75.703354
KA-VJP,2022-07-27,24.1,27.8,21.3,85,96,15.6,15.6,16.8,297,18.89,3.83,941.1,21.4,610.0,16.836554,75.703354
KA-VJP,2022-07-28,25.1,29.1,21.6,82,98,11.1,11.1,20.0,356,19.98,4.07,941.9,21.7,610.0,16.836554,75.703354
KA-VJP,2022-07-29,25.2,30.3,21.1,82,99,9.5,9.5,18.0,359,23.14,4.75,941.5,21.6,610.0,16.836554,75.703354
KA-VJP,2022-07-30,24.6,28.8,21.6,86,97,11.4,11.4,14.3,336,21.68,4.31,940.5,22.0,610.0,16.836554,75.703354
KA-VJP,2022-07-31,24.7,28.0,22.0,85,95,2.9,2.9,15.3,312,15.07,3.19,938.9,21.8,610.0,16.836554,75.703354
KA-VJP,2022-08-01,25.0,28.6,22.4,83,95,1.4,1.4,16.9,313,18.18,3.83,938.9,21.8,610.0,16.836554,75.703354
KA-VJP,2022-08-02,24.4,27.9,21.7,85,93,11.2,11.2,20.2,321,13.74,2.98,938.0,21.6,610.0,16.836554,75.703354
KA-VJP,2022-08-03,24.2,27.4,21.7,86,95,23.4,23.4,16.7,306,14.72,3.03,937.3,21.7,610.0,16.836554,75.703354
KA-VJP,2022-08-04,24.6,29.3,21.7,85,98,18.7,18.7,16.5,303,18.98,3.9,936.7,21.7,610.0,16.836554,75.703354
KA-VJP,2022-08-05,24.2,27.8,22.1,86,96,8.3,8.3,27.6,236,15.79,3.33,936.0,21.6,610.0,16.836554,75.703354
KA-VJP,2022-08-06,24.2,27.8,21.8,83,93,5.4,5.4,38.3,245,16.49,3.77,935.4,21.0,610.0,16.836554,75.703354
KA-VJP,2022-08-07,24.0,27.1,22.1,84,92,6.6,6.6,37.2,251,14.12,3.31,934.8,21.1,610.0,16.836554,75.703354
KA-VJP,2022-08-08,23.2,25.6,21.9,87,92,12.0,12.0,39.1,249,8.11,2.19,934.1,20.9,610.0,16.836554,75.703354
KA-VJP,2022-08-09,23.1,25.6,22.1,86,90,12.1,12.1,40.9,244,10.61,2.56,933.9,20.7,610.0,16.836554,75.703354
KA-VJP,2022-08-10,23.8,27.3,21.8,79,88,0.3,0.3,45.8,243,16.75,4.16,933.6,20.0,610.0,16.836554,75.703354
KA-VJP,2022-08-11,24.5,28.1,22.3,78,86,0.3,0.3,44.3,242,20.78,4.84,935.3,20.3,610.0,16.836554,75.703354
KA-VJP,2022-08-12,24.6,28.6,22.3,77,88,0.1,0.1,43.0,246,19.86,4.73,937.8,20.3,610.0,16.836554,75.703354
KA-VJP,2022-08-13,24.5,28.3,21.9,78,90,0.8,0.8,34.0,250,18.68,4.45,938.7,20.4,610.0,16.836554,75.703354
KA-VJP,2022-08-14,23.9,27.8,21.8,80,90,0.3,0.3,31.0,254,12.18,3.32,939.9,20.3,610.0,16.836554,75.703354
KA-VJP,2022-08-15,23.8,27.8,21.6,81,91,5.6,5.6,30.7,252,15.44,3.7,940.1,20.3,610.0,16.836554,75.703354
KA-VJP,2022-08-16,23.9,28.6,21.1,81,92,0.0,0.0,32.4,237,14.48,3.56,940.5,20.2,610.0,16.836554,75.703354
KA-VJP,2022-08-17,24.5,29.1,20.9,79,93,0.4,0.4,26.8,248,20.93,4.65,941.2,20.4,610.0,16.836554,75.703354
KA-VJP,2022-08-18,24.6,29.5,21.2,79,93,0.7,0.7,24.1,264,19.86,4.55,940.9,20.5,610.0,16.836554,75.703354
KA-VJP,2022-08-19,24.6,29.2,21.2,78,93,0.7,0.7,27.0,269,21.02,4.74,940.9,20.4,610.0,16.836554,75.703354
KA-VJP,2022-08-20,24.6,29.4,21.4,79,93,1.4,1.4,28.8,270,17.49,4.23,940.4,20.6,610.0,16.836554,75.703354
KA-VJP,2022-08-21,24.8,29.5,21.7,78,92,1.3,1.3,27.9,272,20.13,4.73,939.3,20.4,610.0,16.836554,75.703354
KA-VJP,2022-08-22,24.7,29.6,21.5,78,91,1.3,1.3,34.9,265,19.34,4.65,938.5,20.4,610.0,16.836554,75.703354
KA-VJP,2022-08-23,24.8,29.6,21.9,78,91,2.0,2.0,27.9,255,19.34,4.5,939.2,20.6,610.0,16.836554,75.703354
KA-VJP,2022-08-24,24.7,29.3,21.7,79,92,1.5,1.5,23.9,263,20.25,4.53,941.4,20.6,610.0,16.836554,75.703354
KA-VJP,2022-08-25,24.8,30.2,21.1,77,94,0.5,0.5,17.9,284,20.1,4.55,940.7,20.3,610.0,16.836554,75.703354
KA-VJP,2022-08-26,25.1,30.1,21.2,77,95,2.6,2.6,14.1,298,19.4,4.32,940.3,20.4,610.0,16.836554,75.703354
KA-VJP,2022-08-27,24.9,28.7,22.3,78,91,10.3,10.3,16.2,294,16.79,3.86,940.4,20.7,610.0,16.836554,75.703354
KA-VJP,2022-08-28,25.4,29.5,21.6,76,93,0.2,0.2,17.6,307,23.0,4.89,940.0,20.6,610.0,16.836554,75.703354
KA-VJP,2022-08-29,25.3,29.8,22.4,78,91,6.5,6.5,17.4,336,20.08,4.33,941.0,21.1,610.0,16.836554,75.703354
KA-VJP,2022-08-30,24.8,29.1,22.1,83,98,7.8,7.8,13.4,55,20.33,4.12,941.3,21.5,610.0,16.836554,75.703354
KA-VJP,2022-08-31,25.0,30.3,21.7,81,95,16.9,16.9,18.7,136,21.75,4.54,940.6,21.2,610.0,16.836554,75.703354
KA-VJP,2022-09-01,24.2,28.5,21.5,86,98,5.3,5.3,18.9,170,17.82,3.71,940.4,21.5,610.0,16.836554,75.703354
KA-VJP,2022-09-02,25.2,30.2,20.7,81,99,1.5,1.5,19.2,101,21.36,4.57,941.0,21.3,610.0,16.836554,75.703354
KA-VJP,2022-09-03,26.2,30.5,22.4,79,96,0.9,0.9,14.8,202,22.41,4.77,941.0,21.9,610.0,16.836554,75.703354
KA-VJP,2022-09-04,25.0,29.2,22.3,84,95,2.7,2.7,15.6,291,16.09,3.47,941.0,22.0,610.0,16.836554,75.703354
KA-VJP,2022-09-05,24.6,28.0,22.6,87,97,8.4,8.4,18.2,322,16.19,3.3,940.7,22.2,610.0,16.836554,75.703354
KA-VJP,2022-09-06,24.3,28.2,21.7,86,96,14.0,14.0,14.0,14,17.97,3.67,940.2,21.7,610.0,16.836554,75.703354
KA-VJP,2022-09-07,24.5,28.8,20.8,84,98,21.5,21.5,14.0,12,17.67,3.65,939.8,21.5,610.0,16.836554,75.703354
KA-VJP,2022-09-08,24.2,28.2,21.9,86,96,13.8,13.8,17.4,192,14.93,3.16,939.1,21.7,610.0,16.836554,75.703354
KA-VJP,2022-09-09,24.6,28.7,22.1,84,97,8.7,8.7,18.9,202,18.6,3.89,938.5,21.6,610.0,16.836554,75.703354
KA-VJP,2022-09-10,23.9,27.2,21.8,87,95,7.8,7.8,23.7,245,14.59,3.06,938.4,21.5,610.0,16.836554,75.703354
KA-VJP,2022-09-11,23.7,26.8,22.0,87,94,12.6,12.6,30.5,235,10.72,2.54,936.8,21.3,610.0,16.836554,75.703354
KA-VJP,2022-09-12,23.9,26.9,22.5,86,94,6.6,6.6,35.0,234,10.81,2.7,935.8,21.3,610.0,16.836554,75.703354
KA-VJP,2022-09-13,24.6,28.7,22.3,80,91,0.7,0.7,34.7,238,19.62,4.43,938.5,20.9,610.0,16.836554,75.703354
KA-VJP,2022-09-14,24.7,29.3,21.6,79,92,0.2,0.2,31.1,235,21.78,4.9,941.1,20.5,610.0,16.836554,75.703354
KA-VJP,2022-09-15,24.4,29.3,21.6,80,91,1.3,1.3,32.6,237,20.33,4.57,942.2,20.5,610.0,16.836554,75.703354
KA-VJP,2022-09-16,24.3,28.8,21.6,81,91,1.2,1.2,33.6,250,19.05,4.33,940.6,20.5,610.0,16.836554,75.703354
KA-VJP,2022-09-17,24.8,29.6,21.6,78,93,0.9,0.9,26.5,248,22.28,4.96,940.8,20.5,610.0,16.836554,75.703354
KA-VJP,2022-09-18,24.5,29.0,21.2,77,93,0.7,0.7,22.6,260,21.72,4.82,941.9,19.9,610.0,16.836554,75.703354
KA-VJP,2022-09-19,23.8,28.7,20.1,77,96,0.1,0.1,22.6,264,20.45,4.61,941.7,19.2,610.0,16.836554,75.703354
KA-VJP,2022-09-20,23.4,27.8,20.2,78,91,1.3,1.3,23.1,284,19.55,4.38,941.2,19.1,610.0,16.836554,75.703354
KA-VJP,2022-09-21,23.6,27.2,21.0,79,91,0.4,0.4,19.7,281,15.27,3.58,941.2,19.6,610.0,16.836554,75.703354
KA-VJP,2022-09-22,23.2,27.8,19.4,75,96,0.5,0.5,20.8,264,18.87,4.39,941.6,18.1,610.0,16.836554,75.703354
KA-VJP,2022-09-23,23.7,29.6,18.7,74,96,0.0,0.0,20.5,264,22.65,5.15,942.1,18.1,610.0,16.836554,75.703354
KA-VJP,2022-09-24,23.8,28.4,20.1,77,95,0.7,0.7,22.3,265,18.12,4.18,942.0,19.3,610.0,16.836554,75.703354
KA-VJP,2022-09-25,24.1,29.1,20.5,79,96,1.4,1.4,19.9,283,17.8,4.02,941.2,19.9,610.0,16.836554,75.703354
KA-VJP,2022-09-26,23.5,26.8,21.3,85,94,8.5,8.5,15.1,315,14.59,3.02,942.3,20.8,610.0,16.836554,75.703354
KA-VJP,2022-09-27,24.4,28.6,21.0,81,95,0.8,0.8,16.9,325,19.62,4.11,941.1,20.7,610.0,16.836554,75.703354
KA-VJP,2022-09-28,24.4,28.5,21.5,82,95,4.3,4.3,16.8,306,16.52,3.57,940.3,21.0,610.0,16.836554,75.703354
KA-VJP,2022-09-29,24.1,27.6,21.9,85,94,8.7,8.7,16.8,319,13.71,2.93,940.2,21.3,610.0,16.836554,75.703354
KA-VJP,2022-09-30,24.3,29.0,21.4,83,96,2.3,2.3,21.6,317,19.66,4.12,940.7,21.1,610.0,16.836554,75.703354
KA-VJP,2022-10-01,24.1,28.7,21.2,84,95,6.1,6.1,22.5,306,18.27,3.84,941.1,21.0,610.0,16.836554,75.703354
KA-VJP,2022-10-02,24.4,29.0,20.6,79,94,1.3,1.3,23.1,322,21.81,4.61,941.2,20.3,610.0,16.836554,75.703354
KA-VJP,2022-10-03,24.6,29.0,20.8,77,94,0.0,0.0,19.9,329,22.11,4.8,941.3,19.9,610.0,16.836554,75.703354
KA-VJP,2022-10-04,24.9,29.1,21.2,75,89,0.0,0.0,21.3,333,20.66,4.73,941.2,19.8,610.0,16.836554,75.703354
KA-VJP,2022-10-05,25.5,29.6,21.8,71,88,0.7,0.7,20.3,328,19.65,4.78,940.4,19.5,610.0,16.836554,75.703354
KA-VJP,2022-10-06,23.3,27.3,21.6,83,93,17.4,17.4,19.6,313,8.74,2.28,939.2,20.3,610.0,16.836554,75.703354
KA-VJP,2022-10-07,23.5,27.2,21.5,84,95,12.0,12.0,20.6,251,14.5,3.14,939.4,20.6,610.0,16.836554,75.703354
KA-VJP,2022-10-08,24.2,28.4,21.1,78,93,1.8,1.8,16.9,241,19.66,4.19,941.6,19.9,610.0,16.836554,75.703354
KA-VJP,2022-10-09,24.0,28.3,21.0,83,96,6.0,6.0,13.3,313,19.71,3.99,942.3,20.9,610.0,16.836554,75.703354
KA-VJP,2022-10-10,23.5,26.9,21.0,87,98,3.7,3.7,11.4,63,13.53,2.72,943.1,21.2,610.0,16.836554,75.703354
KA-VJP,2022-10-11,23.9,27.5,21.5,87,98,6.8,6.8,14.0,116,14.55,2.96,942.4,21.5,610.0,16.836554,75.703354
KA-VJP,2022-10-12,23.3,26.6,21.2,88,98,14.1,14.1,16.3,181,12.28,2.54,942.8,21.1,610.0,16.836554,75.703354
KA-VJP,2022-10-13,23.5,27.1,20.9,87,98,8.3,8.3,11.4,75,13.88,2.83,943.0,21.1,610.0,16.836554,75.703354
KA-VJP,2022-10-14,23.2,26.7,20.6,88,99,5.5,5.5,12.9,70,12.92,2.63,942.8,21.0,610.0,16.836554,75.703354
KA-VJP,2022-10-15,23.7,28.1,20.4,87,99,2.7,2.7,19.0,39,17.56,3.42,941.8,21.3,610.0,16.836554,75.703354
KA-VJP,2022-10-16,22.4,25.9,20.8,91,98,29.2,29.2,16.8,58,10.61,2.14,943.1,20.7,610.0,16.836554,75.703354
KA-VJP,2022-10-17,23.8,27.9,20.6,86,98,7.9,7.9,17.6,114,16.31,3.3,944.6,21.2,610.0,16.836554,75.703354
KA-VJP,2022-10-18,23.5,27.6,20.2,86,99,3.5,3.5,12.1,142,14.75,2.91,944.3,21.0,610.0,16.836554,75.703354
KA-VJP,2022-10-19,23.8,27.9,20.8,87,99,4.1,4.1,11.2,52,17.81,3.47,943.7,21.4,610.0,16.836554,75.703354
KA-VJP,2022-10-20,23.6,27.1,20.7,86,97,4.9,4.9,12.0,65,14.2,2.87,944.5,21.1,610.0,16.836554,75.703354
KA-VJP,2022-10-21,23.7,27.6,20.6,86,99,1.6,1.6,15.8,76,15.09,3.1,945.8,21.0,610.0,16.836554,75.703354
KA-VJP,2022-10-22,23.5,27.8,20.1,74,95,0.0,0.0,16.8,52,21.68,4.7,946.8,18.2,610.0,16.836554,75.703354
KA-VJP,2022-10-23,21.9,27.0,17.5,67,86,0.0,0.0,21.0,26,22.63,4.91,945.8,15.2,610.0,16.836554,75.703354
KA-VJP,2022-10-24,21.8,26.8,17.4,62,80,0.0,0.0,16.9,341,22.58,4.91,943.7,13.8,610.0,16.836554,75.703354
KA-VJP,2022-10-25,21.8,27.3,16.3,66,85,0.0,0.0,10.9,332,22.73,4.76,943.9,14.6,610.0,16.836554,75.703354
KA-VJP,2022-10-26,22.4,27.2,18.6,64,86,0.0,0.0,16.3,79,22.4,4.71,945.4,14.9,610.0,16.836554,75.703354
KA-VJP,2022-10-27,21.9,27.2,17.4,62,76,0.0,0.0,15.0,71,22.09,4.82,945.5,13.9,610.0,16.836554,75.703354
KA-VJP,2022-10-28,22.3,27.2,17.4,63,82,0.0,0.0,15.0,45,21.78,4.8,944.7,14.4,610.0,16.836554,75.703354
KA-VJP,2022-10-29,22.6,28.4,17.5,59,79,0.0,0.0,18.9,44,21.44,5.19,944.6,13.7,610.0,16.836554,75.703354
KA-VJP,2022-10-30,22.0,28.2,16.2,57,78,0.0,0.0,19.8,57,22.02,5.28,944.9,12.2,610.0,16.836554,75.703354
KA-VJP,2022-10-31,22.1,27.9,15.9,59,82,0.0,0.0,19.0,54,21.97,5.18,944.5,12.8,610.0,16.836554,75.703354
KA-VJP,2022-11-01,23.0,29.0,16.4,58,79,0.0,0.0,20.2,62,21.07,5.3,945.3,13.7,610.0,16.836554,75.703354
KA-VJP,2022-11-02,23.8,29.0,18.7,66,88,0.0,0.0,21.1,77,14.55,3.97,944.9,16.7,610.0,16.836554,75.703354
KA-VJP,2022-11-03,25.1,30.4,19.8,59,88,0.0,0.0,19.4,39,20.83,5.35,944.6,15.8,610.0,16.836554,75.703354
KA-VJP,2022-11-04,25.6,30.9,19.8,59,76,0.1,0.1,19.8,71,18.94,5.29,945.6,16.7,610.0,16.836554,75.703354
KA-VJP,2022-11-05,25.8,30.6,21.0,63,87,0.3,0.3,18.5,83,18.55,4.95,947.0,17.7,610.0,16.836554,75.703354
KA-VJP,2022-11-06,25.6,31.5,20.3,52,86,0.0,0.0,20.5,76,20.93,5.9,947.3,13.3,610.0,16.836554,75.703354
KA-VJP,2022-11-07,25.2,31.3,18.6,44,73,0.0,0.0,17.0,77,21.16,6.06,946.6,11.1,610.0,16.836554,75.703354
KA-VJP,2022-11-08,25.6,31.3,19.0,45,76,0.0,0.0,18.4,75,20.61,6.0,946.2,11.6,610.0,16.836554,75.703354
KA-VJP,2022-11-09,24.9,30.2,18.8,37,59,0.0,0.0,18.7,68,21.15,6.38,946.1,8.4,610.0,16.836554,75.703354
KA-VJP,2022-11-10,23.5,29.3,17.1,44,63,0.0,0.0,20.5,67,21.15,6.09,946.0,9.9,610.0,16.836554,75.703354
KA-VJP,2022-11-11,24.1,30.3,17.6,47,66,0.0,0.0,25.1,54,20.71,6.29,946.0,11.4,610.0,16.836554,75.703354
KA-VJP,2022-11-12,24.8,30.5,18.7,47,69,0.0,0.0,26.6,59,20.42,6.32,946.2,12.2,610.0,16.836554,75.703354
KA-VJP,2022-11-13,25.4,32.0,19.5,50,68,0.0,0.0,24.5,80,18.73,5.71,945.5,13.7,610.0,16.836554,75.703354
KA-VJP,2022-11-14,25.6,31.5,20.5,61,90,0.0,0.0,17.7,89,18.91,5.12,946.1,16.7,610.0,16.836554,75.703354
KA-VJP,2022-11-15,25.5,30.9,19.8,55,89,0.0,0.0,19.5,84,20.48,5.32,946.1,14.9,610.0,16.836554,75.703354
KA-VJP,2022-11-16,24.7,29.9,18.6,47,75,0.0,0.0,13.7,56,20.7,5.28,945.2,11.5,610.0,16.836554,75.703354
KA-VJP,2022-11-17,23.8,29.7,16.6,42,70,0.0,0.0,17.3,55,20.82,5.82,944.8,9.2,610.0,16.836554,75.703354
KA-VJP,2022-11-18,23.0,28.8,16.7,45,67,0.0,0.0,18.0,60,20.65,5.58,944.9,9.4,610.0,16.836554,75.703354
KA-VJP,2022-11-19,22.1,27.5,16.2,47,69,0.0,0.0,21.3,62,20.56,5.5,944.9,9.6,610.0,16.836554,75.703354
KA-VJP,2022-11-20,21.0,26.4,15.4,45,69,0.0,0.0,14.5,59,20.68,5.13,943.7,7.5,610.0,16.836554,75.703354
KA-VJP,2022-11-21,22.0,28.1,14.4,47,71,0.0,0.0,13.1,55,18.97,4.77,943.3,9.3,610.0,16.836554,75.703354
KA-VJP,2022-11-22,24.7,30.2,19.3,52,71,0.0,0.0,20.4,49,17.32,5.2,943.7,13.8,610.0,16.836554,75.703354
KA-VJP,2022-11-23,25.4,30.7,20.7,55,70,0.0,0.0,20.9,65,15.96,4.91,944.3,15.5,610.0,16.836554,75.703354
KA-VJP,2022-11-24,25.7,30.8,21.0,64,84,1.4,1.4,15.7,73,16.88,4.47,944.3,18.1,610.0,16.836554,75.703354
KA-VJP,2022-11-25,26.5,31.7,21.6,62,86,0.0,0.0,16.9,105,17.61,4.7,945.0,17.9,610.0,16.836554,75.703354
KA-VJP,2022-11-26,26.1,30.2,22.0,60,77,0.0,0.0,13.2,78,15.64,4.05,944.3,17.4,610.0,16.836554,75.703354
KA-VJP,2022-11-27,26.5,30.7,21.4,55,82,0.0,0.0,13.7,63,15.39,4.13,942.3,16.3,610.0,16.836554,75.703354
KA-VJP,2022-11-28,26.8,31.8,22.1,56,84,0.1,0.1,15.2,155,15.53,3.87,942.7,16.7,610.0,16.836554,75.703354
KA-VJP,2022-11-29,25.7,30.6,21.2,52,83,0.0,0.0,17.1,80,19.31,5.21,943.9,14.3,610.0,16.836554,75.703354
KA-VJP,2022-11-30,23.8,29.5,17.9,44,67,0.0,0.0,16.0,84,19.64,5.49,944.8,10.2,610.0,16.836554,75.703354
KA-VJP,2022-12-01,23.5,29.6,15.6,48,65,0.0,0.0,13.2,96,19.39,4.97,944.5,11.3,610.0,16.836554,75.703354
KA-VJP,2022-12-02,25.3,30.5,19.8,60,81,0.0,0.0,16.4,104,15.86,4.33,944.0,16.4,610.0,16.836554,75.703354
KA-VJP,2022-12-03,26.2,31.3,21.4,60,84,0.0,0.0,16.9,115,17.56,4.76,944.3,17.4,610.0,16.836554,75.703354
KA-VJP,2022-12-04,26.2,30.9,21.6,59,85,0.0,0.0,16.8,95,17.26,4.85,945.1,17.1,610.0,16.836554,75.703354
KA-VJP,2022-12-05,25.3,29.8,21.0,60,80,0.0,0.0,17.6,90,15.4,4.43,945.8,16.6,610.0,16.836554,75.703354
KA-VJP,2022-12-06,24.1,30.4,17.8,46,74,0.0,0.0,21.3,79,19.34,5.61,945.3,10.4,610.0,16.836554,75.703354
KA-VJP,2022-12-07,23.6,29.5,16.2,48,69,0.0,0.0,18.5,66,18.4,5.2,944.4,11.5,610.0,16.836554,75.703354
KA-VJP,2022-12-08,23.1,28.5,17.4,51,80,0.0,0.0,22.1,40,17.63,5.31,943.9,11.5,610.0,16.836554,75.703354
KA-VJP,2022-12-09,21.8,28.6,13.4,41,67,0.0,0.0,16.0,44,19.13,5.4,942.3,7.1,610.0,16.836554,75.703354
KA-VJP,2022-12-10,22.5,26.0,18.9,49,70,0.0,0.0,19.1,58,9.98,3.94,942.1,11.2,610.0,16.836554,75.703354
KA-VJP,2022-12-11,23.1,27.6,20.1,72,87,0.8,0.8,23.9,73,12.18,3.45,942.7,17.7,610.0,16.836554,75.703354
KA-VJP,2022-12-12,22.9,26.7,20.4,82,95,1.0,1.0,25.3,91,12.66,2.97,943.0,19.5,610.0,16.836554,75.703354
KA-VJP,2022-12-13,23.0,27.1,20.2,82,96,3.4,3.4,24.1,109,10.15,2.67,943.8,19.5,610.0,16.836554,75.703354
KA-VJP,2022-12-14,23.5,27.5,20.2,75,96,0.0,0.0,20.9,125,13.42,3.39,945.1,18.4,610.0,16.836554,75.703354
KA-VJP,2022-12-15,24.0,29.2,20.0,68,91,0.0,0.0,16.5,127,18.14,4.37,944.6,17.2,610.0,16.836554,75.703354
KA-VJP,2022-12-16,24.4,30.3,18.4,55,77,0.0,0.0,13.7,118,18.17,4.57,944.1,14.4,610.0,16.836554,75.703354
KA-VJP,2022-12-17,25.4,30.4,20.2,61,86,0.0,0.0,17.9,57,16.26,4.49,944.9,16.6,610.0,16.836554,75.703354
KA-VJP,2022-12-18,25.5,30.9,20.6,54,80,0.0,0.0,20.1,56,18.07,5.41,944.5,14.7,610.0,16.836554,75.703354
KA-VJP,2022-12-19,23.6,29.6,17.2,44,68,0.0,0.0,18.4,77,18.72,5.38,943.7,9.8,610.0,16.836554,75.703354
KA-VJP,2022-12-20,23.7,30.8,17.0,44,76,0.0,0.0,17.0,111,18.8,5.42,943.3,8.9,610.0,16.836554,75.703354
KA-VJP,2022-12-21,24.3,30.8,17.3,39,72,0.0,0.0,15.0,114,18.27,5.33,943.8,8.4,610.0,16.836554,75.703354
KA-VJP,2022-12-22,24.3,30.7,17.5,40,65,0.0,0.0,13.4,85,18.72,5.04,943.6,9.2,610.0,16.836554,75.703354
KA-VJP,2022-12-23,24.3,30.6,17.4,42,67,0.0,0.0,13.2,103,18.78,4.98,943.6,9.7,610.0,16.836554,75.703354
KA-VJP,2022-12-24,23.9,30.6,17.2,42,62,0.0,0.0,12.8,144,18.75,4.97,944.0,9.2,610.0,16.836554,75.703354
KA-VJP,2022-12-25,23.7,30.4,17.0,46,76,0.0,0.0,16.1,139,18.86,5.18,944.6,10.3,610.0,16.836554,75.703354
KA-VJP,2022-12-26,24.6,30.0,19.5,66,96,0.1,0.1,22.4,133,11.83,3.58,945.9,17.3,610.0,16.836554,75.703354
KA-VJP,2022-12-27,25.9,30.8,20.6,63,95,0.0,0.0,15.3,127,17.02,4.27,947.1,17.5,610.0,16.836554,75.703354
KA-VJP,2022-12-28,26.5,31.4,21.3,54,79,0.0,0.0,13.5,115,17.64,4.77,947.8,15.7,610.0,16.836554,75.703354
KA-VJP,2022-12-29,25.8,30.8,20.5,51,74,0.0,0.0,11.8,93,17.89,4.64,948.8,14.1,610.0,16.836554,75.703354
KA-VJP,2022-12-30,26.2,31.3,22.0,46,62,0.0,0.0,12.1,78,18.17,4.51,949.6,13.0,610.0,16.836554,75.703354
KA-VJP,2022-12-31,25.4,30.6,19.5,47,68,0.0,0.0,8.9,294,18.45,4.18,948.7,12.6,610.0,16.836554,75.703354
KA-VJP,2023-01-01,25.8,30.4,19.8,43,66,0.0,0.0,12.9,24,18.58,4.58,948.0,11.7,610.0,16.836554,75.703354
KA-VJP,2023-01-02,25.5,30.7,19.0,48,72,0.0,0.0,17.3,95,18.62,4.99,947.8,13.1,610.0,16.836554,75.703354
KA-VJP,2023-01-03,25.6,30.2,21.5,45,63,0.0,0.0,18.2,149,16.91,4.69,948.0,12.1,610.0,16.836554,75.703354
KA-VJP,2023-01-04,24.7,29.6,19.5,47,70,0.0,0.0,19.4,137,15.9,4.94,946.9,12.0,610.0,16.836554,75.703354
KA-VJP,2023-01-05,24.3,29.2,19.7,50,75,0.0,0.0,20.2,119,16.8,5.36,947.8,12.7,610.0,16.836554,75.703354
KA-VJP,2023-01-06,23.7,28.9,18.9,62,91,0.0,0.0,20.1,103,16.74,4.77,949.3,15.1,610.0,16.836554,75.703354
KA-VJP,2023-01-07,23.5,28.0,19.2,60,87,0.5,0.5,20.9,75,14.84,4.26,948.9,14.7,610.0,16.836554,75.703354
KA-VJP,2023-01-08,22.7,27.8,17.0,46,73,0.0,0.0,15.3,69,19.14,5.08,947.7,9.7,610.0,16.836554,75.703354
KA-VJP,2023-01-09,21.1,28.0,13.1,35,64,0.0,0.0,16.0,71,20.04,5.57,948.3,3.4,610.0,16.836554,75.703354
KA-VJP,2023-01-10,21.7,29.3,13.4,37,65,0.0,0.0,15.5,84,19.95,5.63,947.8,4.8,610.0,16.836554,75.703354
KA-VJP,2023-01-11,22.9,30.0,15.0,39,66,0.0,0.0,12.9,123,19.77,4.54,946.0,6.9,610.0,16.836554,75.703354
KA-VJP,2023-01-12,23.1,29.7,16.0,41,67,0.0,0.0,13.6,161,19.7,4.62,944.7,8.4,610.0,16.836554,75.703354
KA-VJP,2023-01-13,23.3,29.5,16.6,38,56,0.0,0.0,12.8,44,19.75,4.95,945.0,7.3,610.0,16.836554,75.703354
KA-VJP,2023-01-14,24.2,30.9,17.8,39,58,0.0,0.0,15.1,162,19.9,5.17,944.8,8.5,610.0,16.836554,75.703354
KA-VJP,2023-01-15,23.9,30.8,16.9,43,70,0.0,0.0,12.4,154,19.83,5.0,944.0,9.6,610.0,16.836554,75.703354
KA-VJP,2023-01-16,24.7,31.4,18.1,39,68,0.0,0.0,18.1,174,20.06,5.63,944.3,8.5,610.0,16.836554,75.703354
KA-VJP,2023-01-17,24.7,31.1,18.2,35,52,0.0,0.0,16.8,165,20.09,5.92,945.0,7.4,610.0,16.836554,75.703354
KA-VJP,2023-01-18,24.5,31.1,17.7,37,56,0.0,0.0,15.4,131,20.06,5.94,946.5,8.2,610.0,16.836554,75.703354
KA-VJP,2023-01-19,24.5,30.5,18.2,40,69,0.0,0.0,18.9,125,20.0,6.1,946.7,9.1,610.0,16.836554,75.703354
KA-VJP,2023-01-20,24.1,30.0,18.0,42,72,0.0,0.0,23.0,143,20.18,5.94,946.3,9.2,610.0,16.836554,75.703354
KA-VJP,2023-01-21,24.0,29.2,18.1,44,68,0.0,0.0,17.8,128,20.21,5.47,946.1,10.1,610.0,16.836554,75.703354
KA-VJP,2023-01-22,24.3,29.9,18.5,45,63,0.0,0.0,18.7,139,20.16,5.78,944.9,10.9,610.0,16.836554,75.703354
KA-VJP,2023-01-23,24.0,30.3,17.5,45,77,0.0,0.0,15.8,122,20.01,5.57,944.3,10.3,610.0,16.836554,75.703354
KA-VJP,2023-01-24,25.0,30.2,19.7,57,86,0.0,0.0,20.5,137,18.24,5.3,944.3,15.3,610.0,16.836554,75.703354
KA-VJP,2023-01-25,25.7,31.1,20.6,49,67,0.1,0.1,17.2,141,18.84,5.48,944.3,13.7,610.0,16.836554,75.703354
KA-VJP,2023-01-26,25.0,30.7,19.7,45,72,0.0,0.0,20.5,110,19.78,5.9,944.9,11.2,610.0,16.836554,75.703354
KA-VJP,2023-01-27,24.9,31.5,18.8,37,72,0.0,0.0,20.8,112,20.71,6.84,945.2,6.7,610.0,16.836554,75.703354
KA-VJP,2023-01-28,24.8,31.2,17.7,35,64,0.0,0.0,20.4,119,21.01,6.66,944.3,6.6,610.0,16.836554,75.703354
KA-VJP,2023-01-29,24.9,31.4,18.7,35,56,0.0,0.0,21.6,145,20.9,6.96,943.1,7.1,610.0,16.836554,75.703354
KA-VJP,2023-01-30,25.1,31.3,18.5,47,66,0.0,0.0,22.0,119,20.11,5.39,944.8,12.6,610.0,16.836554,75.703354
KA-VJP,2023-01-31,25.6,30.7,20.6,54,82,0.0,0.0,23.8,90,18.82,5.5,945.2,14.5,610.0,16.836554,75.703354
KA-VJP,2023-02-01,25.3,30.8,20.4,46,65,0.0,0.0,20.0,67,17.46,5.58,945.1,12.2,610.0,16.836554,75.703354
KA-VJP,2023-02-02,25.0,30.8,19.1,41,65,0.0,0.0,24.6,77,20.92,6.65,945.5,9.7,610.0,16.836554,75.703354
KA-VJP,2023-02-03,24.6,30.5,18.0,34,54,0.0,0.0,19.9,85,21.14,6.33,945.9,7.2,610.0,16.836554,75.703354
KA-VJP,2023-02-04,24.9,31.4,17.3,34,57,0.0,0.0,16.2,76,21.34,6.08,944.7,7.2,610.0,16.836554,75.703354
KA-VJP,2023-02-05,25.6,31.7,18.0,36,53,0.0,0.0,16.8,82,21.3,6.11,944.2,8.9,610.0,16.836554,75.703354
KA-VJP,2023-02-06,26.5,32.4,18.8,37,61,0.0,0.0,12.9,142,21.43,5.58,944.1,9.8,610.0,16.836554,75.703354
KA-VJP,2023-02-07,26.7,32.6,20.5,32,46,0.0,0.0,14.3,344,21.19,5.84,943.8,8.2,610.0,16.836554,75.703354
KA-VJP,2023-02-08,27.0,32.9,20.7,40,63,0.0,0.0,15.3,70,21.46,5.82,944.5,11.6,610.0,16.836554,75.703354
KA-VJP,2023-02-09,27.0,33.4,20.2,38,56,0.0,0.0,15.3,68,21.69,6.03,945.2,10.7,610.0,16.836554,75.703354
KA-VJP,2023-02-10,27.5,33.4,20.4,33,53,0.0,0.0,15.6,60,21.9,5.82,946.2,8.7,610.0,16.836554,75.703354
KA-VJP,2023-02-11,27.2,33.5,19.9,30,56,0.0,0.0,14.2,45,22.21,5.89,946.5,6.9,610.0,16.836554,75.703354
KA-VJP,2023-02-12,27.3,33.7,20.2,26,43,0.0,0.0,18.7,52,22.51,6.76,946.9,5.0,610.0,16.836554,75.703354
KA-VJP,2023-02-13,26.1,33.0,19.1,26,49,0.0,0.0,19.7,59,22.76,7.36,947.2,3.3,610.0,16.836554,75.703354
KA-VJP,2023-02-14,25.0,32.3,17.2,23,39,0.0,0.0,18.2,69,23.14,6.77,946.7,1.2,610.0,16.836554,75.703354
KA-VJP,2023-02-15,25.7,33.3,17.4,22,42,0.0,0.0,18.2,70,23.09,7.15,945.3,1.1,610.0,16.836554,75.703354
KA-VJP,2023-02-16,26.4,34.4,18.0,23,42,0.0,0.0,24.6,68,23.12,8.02,945.5,2.1,610.0,16.836554,75.703354
KA-VJP,2023-02-17,26.8,34.2,18.3,23,39,0.0,0.0,18.8,51,22.94,7.64,945.7,2.9,610.0,16.836554,75.703354
KA-VJP,2023-02-18,26.2,32.9,18.4,26,44,0.0,0.0,15.2,51,23.14,6.41,945.6,4.2,610.0,16.836554,75.703354
KA-VJP,2023-02-19,26.5,32.6,19.5,33,51,0.0,0.0,18.2,90,22.96,6.97,945.8,8.3,610.0,16.836554,75.703354
KA-VJP,2023-02-20,27.1,33.2,20.2,35,55,0.0,0.0,15.8,123,23.03,6.35,945.9,9.1,610.0,16.836554,75.703354
KA-VJP,2023-02-21,28.0,34.7,20.8,29,50,0.0,0.0,15.3,126,23.25,6.78,946.0,7.0,610.0,16.836554,75.703354
KA-VJP,2023-02-22,28.0,34.6,20.0,27,50,0.0,0.0,15.3,96,23.23,6.67,945.3,6.3,610.0,16.836554,75.703354
KA-VJP,2023-02-23,28.3,34.9,20.4,26,46,0.0,0.0,18.2,121,23.26,7.21,945.1,5.8,610.0,16.836554,75.703354
KA-VJP,2023-02-24,28.2,34.6,20.6,26,47,0.0,0.0,16.7,127,23.43,7.37,946.1,5.9,610.0,16.836554,75.703354
KA-VJP,2023-02-25,28.2,34.5,21.0,26,46,0.0,0.0,16.1,127,23.31,6.73,947.5,5.9,610.0,16.836554,75.703354
KA-VJP,2023-02-26,28.0,34.7,19.9,25,43,0.0,0.0,16.6,104,23.57,7.55,948.2,4.8,610.0,16.836554,75.703354
KA-VJP,2023-02-27,28.1,33.9,21.7,24,43,0.0,0.0,23.3,136,23.51,8.27,948.4,4.9,610.0,16.836554,75.703354
KA-VJP,2023-02-28,28.2,33.6,22.6,25,43,0.0,0.0,22.3,130,23.57,8.68,948.3,5.0,610.0,16.836554,75.703354
KA-VJP,2023-03-01,27.8,33.5,22.0,24,38,0.0,0.0,23.5,122,23.72,8.81,948.6,4.3,610.0,16.836554,75.703354
KA-VJP,2023-03-02,28.0,34.0,21.5,23,38,0.0,0.0,22.1,117,23.66,8.61,949.0,4.3,610.0,16.836554,75.703354
KA-VJP,2023-03-03,28.3,34.3,21.4,25,44,0.0,0.0,26.6,131,23.75,8.87,949.4,5.6,610.0,16.836554,75.703354
KA-VJP,2023-03-04,28.8,34.7,22.4,22,34,0.0,0.0,21.6,127,23.72,8.67,949.5,4.6,610.0,16.836554,75.703354
KA-VJP,2023-03-05,28.9,35.0,22.6,24,43,0.0,0.0,22.2,127,23.84,8.91,948.9,5.1,610.0,16.836554,75.703354
KA-VJP,2023-03-06,29.2,34.8,23.4,22,37,0.0,0.0,20.9,122,23.7,8.98,947.3,4.8,610.0,16.836554,75.703354
KA-VJP,2023-03-07,27.2,32.4,21.9,28,39,0.0,0.0,24.3,59,23.57,7.99,947.6,6.5,610.0,16.836554,75.703354
KA-VJP,2023-03-08,28.0,33.8,20.9,31,58,0.0,0.0,19.6,91,22.38,7.68,947.0,7.7,610.0,16.836554,75.703354
KA-VJP,2023-03-09,28.3,34.3,21.3,24,44,0.0,0.0,24.0,93,23.44,7.99,946.4,5.1,610.0,16.836554,75.703354
KA-VJP,2023-03-10,28.0,33.9,21.6,26,46,0.0,0.0,19.3,102,23.96,7.6,946.0,5.6,610.0,16.836554,75.703354
KA-VJP,2023-03-11,28.6,34.1,21.6,26,43,0.0,0.0,20.5,110,23.23,7.99,945.9,6.8,610.0,16.836554,75.703354
KA-VJP,2023-03-12,28.9,34.5,23.2,27,50,0.0,0.0,24.6,119,23.73,8.94,945.7,6.8,610.0,16.836554,75.703354
KA-VJP,2023-03-13,29.1,34.3,23.7,24,42,0.0,0.0,22.4,118,20.61,8.05,944.6,5.0,610.0,16.836554,75.703354
KA-VJP,2023-03-14,28.9,34.3,21.5,21,35,0.0,0.0,18.3,159,20.99,6.31,943.1,3.2,610.0,16.836554,75.703354
KA-VJP,2023-03-15,28.8,34.3,21.3,28,54,0.0,0.0,19.1,179,17.94,6.95,941.9,7.3,610.0,16.836554,75.703354
KA-VJP,2023-03-16,26.3,31.6,22.4,53,80,3.6,3.6,28.2,328,19.57,5.63,943.3,15.4,610.0,16.836554,75.703354
KA-VJP,2023-03-17,26.1,31.2,20.0,54,88,0.0,0.0,18.4,101,19.58,5.04,943.4,14.8,610.0,16.836554,75.703354
KA-VJP,2023-03-18,27.2,33.8,21.4,44,70,0.0,0.0,25.5,241,22.74,6.82,941.8,12.6,610.0,16.836554,75.703354
KA-VJP,2023-03-19,26.6,33.3,20.3,42,76,0.1,0.1,26.0,286,23.93,7.12,941.5,10.4,610.0,16.836554,75.703354
KA-VJP,2023-03-20,25.2,31.0,19.7,36,63,0.0,0.0,18.7,308,25.11,6.55,941.4,7.4,610.0,16.836554,75.703354
KA-VJP,2023-03-21,26.2,32.2,20.2,36,65,0.0,0.0,22.4,326,24.15,7.25,941.8,8.3,610.0,16.836554,75.703354
KA-VJP,2023-03-22,27.4,33.3,21.9,35,60,0.0,0.0,19.7,307,24.69,7.71,942.6,9.2,610.0,16.836554,75.703354
KA-VJP,2023-03-23,27.6,33.0,21.9,36,60,0.0,0.0,20.6,331,24.7,7.58,942.8,10.1,610.0,16.836554,75.703354
KA-VJP,2023-03-24,29.1,35.6,22.5,33,60,0.0,0.0,24.9,321,24.31,8.03,942.5,10.1,610.0,16.836554,75.703354
KA-VJP,2023-03-25,29.4,36.1,23.1,30,49,0.0,0.0,25.1,313,24.29,8.52,943.5,9.0,610.0,16.836554,75.703354
KA-VJP,2023-03-26,28.9,35.6,22.3,27,48,0.0,0.0,25.0,302,25.01,8.46,943.3,7.3,610.0,16.836554,75.703354
KA-VJP,2023-03-27,28.5,35.9,22.0,31,68,0.0,0.0,19.0,307,25.34,8.15,943.1,6.9,610.0,16.836554,75.703354
KA-VJP,2023-03-28,28.9,36.3,21.7,28,54,0.0,0.0,22.2,276,25.58,8.14,942.6,6.2,610.0,16.836554,75.703354
KA-VJP,2023-03-29,29.6,36.7,22.7,32,61,0.0,0.0,23.7,256,25.45,8.25,943.2,9.3,610.0,16.836554,75.703354
KA-VJP,2023-03-30,28.9,36.3,21.5,27,55,0.0,0.0,24.3,257,26.03,8.2,942.5,5.4,610.0,16.836554,75.703354
KA-VJP,2023-03-31,28.0,35.5,20.9,37,69,0.0,0.0,23.2,283,25.35,7.76,942.2,9.8,610.0,16.836554,75.703354
KA-VJP,2023-04-01,29.2,35.1,23.1,35,64,0.0,0.0,24.2,318,25.15,8.46,942.6,10.5,610.0,16.836554,75.703354
KA-VJP,2023-04-02,29.4,36.2,23.0,26,41,0.0,0.0,23.0,304,25.65,8.91,942.3,6.6,610.0,16.836554,75.703354
KA-VJP,2023-04-03,28.9,35.9,22.0,34,61,0.0,0.0,22.0,290,25.77,7.8,942.0,9.0,610.0,16.836554,75.703354
KA-VJP,2023-04-04,29.9,36.2,22.6,33,66,0.0,0.0,18.8,330,25.38,7.86,942.9,9.5,610.0,16.836554,75.703354
KA-VJP,2023-04-05,31.6,36.7,25.3,29,54,0.0,0.0,25.0,6,24.32,9.0,942.5,9.3,610.0,16.836554,75.703354
KA-VJP,2023-04-06,31.2,36.8,26.9,33,47,0.0,0.0,25.5,61,20.8,7.47,943.4,12.5,610.0,16.836554,75.703354
KA-VJP,2023-04-07,25.9,31.2,22.0,67,85,32.2,32.2,18.3,66,16.24,4.38,945.1,18.8,610.0,16.836554,75.703354
KA-VJP,2023-04-08,26.7,33.0,21.5,63,90,0.1,0.1,24.3,39,23.25,6.02,946.6,18.1,610.0,16.836554,75.703354
KA-VJP,2023-04-09,28.0,35.1,22.0,51,87,0.0,0.0,13.6,33,25.5,6.59,946.6,14.8,610.0,16.836554,75.703354
KA-VJP,2023-04-10,30.4,36.6,22.8,33,63,0.0,0.0,17.3,93,23.62,7.9,945.2,11.1,610.0,16.836554,75.703354
KA-VJP,2023-04-11,31.9,38.1,24.6,23,44,0.0,0.0,17.2,115,25.77,8.5,945.4,7.1,610.0,16.836554,75.703354
KA-VJP,2023-04-12,32.4,38.8,23.7,22,48,0.0,0.0,16.4,115,25.43,8.26,944.7,6.4,610.0,16.836554,75.703354
KA-VJP,2023-04-13,33.1,38.4,25.3,22,43,0.0,0.0,19.5,121,23.02,7.14,944.4,8.1,610.0,16.836554,75.703354
KA-VJP,2023-04-14,32.5,39.4,27.4,30,47,0.0,0.0,21.4,40,20.23,7.41,944.4,11.5,610.0,16.836554,75.703354
KA-VJP,2023-04-15,29.5,35.6,22.3,41,72,0.1,0.1,27.1,16,22.36,6.74,944.3,13.5,610.0,16.836554,75.703354
KA-VJP,2023-04-16,31.1,36.8,23.4,34,66,0.0,0.0,24.4,24,24.05,7.78,942.7,11.7,610.0,16.836554,75.703354
KA-VJP,2023-04-17,32.4,38.4,25.6,30,53,0.3,0.3,25.8,21,21.28,8.55,942.8,11.2,610.0,16.836554,75.703354
KA-VJP,2023-04-18,33.2,40.5,25.1,23,53,0.0,0.0,22.6,96,25.98,9.09,943.5,7.0,610.0,16.836554,75.703354
KA-VJP,2023-04-19,33.9,40.3,26.2,22,39,0.0,0.0,18.2,111,25.28,8.34,941.7,8.1,610.0,16.836554,75.703354
KA-VJP,2023-04-20,33.2,39.5,26.2,27,53,0.0,0.0,23.3,242,24.94,8.71,939.7,10.2,610.0,16.836554,75.703354
KA-VJP,2023-04-21,31.6,36.6,25.8,35,69,0.0,0.0,19.1,331,23.94,7.42,940.2,13.3,610.0,16.836554,75.703354
KA-VJP,2023-04-22,31.3,37.6,25.1,29,54,0.0,0.0,26.6,289,26.27,9.58,940.2,9.3,610.0,16.836554,75.703354
KA-VJP,2023-04-23,30.2,36.9,23.9,31,49,0.0,0.0,23.7,325,26.15,8.4,940.3,9.8,610.0,16.836554,75.703354
KA-VJP,2023-04-24,31.4,37.7,25.0,30,52,0.0,0.0,20.2,301,25.2,8.21,941.0,9.8,610.0,16.836554,75.703354
KA-VJP,2023-04-25,31.7,37.7,25.6,36,61,0.0,0.0,22.9,261,24.84,7.74,941.5,12.7,610.0,16.836554,75.703354
KA-VJP,2023-04-26,30.2,35.2,24.0,44,73,0.0,0.0,17.8,222,23.55,6.88,942.2,15.3,610.0,16.836554,75.703354
KA-VJP,2023-04-27,29.8,35.6,26.0,45,60,3.0,3.0,21.4,341,21.12,6.58,942.2,16.1,610.0,16.836554,75.703354
KA-VJP,2023-04-28,26.8,31.5,23.6,66,81,6.6,6.6,22.5,74,19.86,4.92,943.2,19.7,610.0,16.836554,75.703354
KA-VJP,2023-04-29,26.9,31.6,22.7,66,86,2.7,2.7,15.1,98,20.46,4.74,942.3,19.7,610.0,16.836554,75.703354
KA-VJP,2023-04-30,28.3,33.7,23.1,59,88,0.3,0.3,17.0,217,23.02,5.96,940.4,18.7,610.0,16.836554,75.703354
KA-VJP,2023-05-01,28.4,33.3,22.9,50,88,0.0,0.0,18.5,323,23.63,6.28,940.4,15.9,610.0,16.836554,75.703354
KA-VJP,2023-05-02,29.6,35.8,23.9,36,55,0.0,0.0,23.8,294,25.47,7.58,941.2,12.0,610.0,16.836554,75.703354
KA-VJP,2023-05-03,30.0,36.8,24.1,41,69,0.0,0.0,25.8,277,22.99,7.11,942.3,13.8,610.0,16.836554,75.703354
KA-VJP,2023-05-04,30.0,34.5,24.6,40,61,0.1,0.1,17.6,296,23.13,6.33,941.7,14.2,610.0,16.836554,75.703354
KA-VJP,2023-05-05,30.3,35.0,25.7,41,59,0.3,0.3,17.6,316,22.87,6.57,941.0,14.8,610.0,16.836554,75.703354
KA-VJP,2023-05-06,30.9,36.0,25.4,42,62,0.0,0.0,14.5,323,22.92,6.27,941.0,15.6,610.0,16.836554,75.703354
KA-VJP,2023-05-07,31.2,36.1,26.2,43,58,1.5,1.5,19.8,49,20.98,6.4,941.0,16.7,610.0,16.836554,75.703354
KA-VJP,2023-05-08,27.9,33.7,23.8,64,84,6.2,6.2,16.4,104,22.38,5.58,941.0,20.0,610.0,16.836554,75.703354
KA-VJP,2023-05-09,28.3,32.7,24.5,72,90,2.6,2.6,17.8,360,20.69,4.9,941.5,22.3,610.0,16.836554,75.703354
KA-VJP,2023-05-10,29.9,35.6,24.9,62,87,0.8,0.8,20.5,319,21.28,5.85,941.0,21.1,610.0,16.836554,75.703354
KA-VJP,2023-05-11,31.9,38.2,25.6,46,81,0.1,0.1,18.6,79,22.81,7.28,941.5,17.3,610.0,16.836554,75.703354
KA-VJP,2023-05-12,32.6,38.7,25.8,47,84,0.0,0.0,32.8,254,23.25,7.53,941.7,17.7,610.0,16.836554,75.703354
KA-VJP,2023-05-13,32.0,39.9,24.5,48,86,0.0,0.0,31.2,274,24.53,8.36,941.8,16.2,610.0,16.836554,75.703354
KA-VJP,2023-05-14,31.9,39.3,24.4,45,84,0.0,0.0,27.4,280,24.11,8.4,941.2,15.2,610.0,16.836554,75.703354
KA-VJP,2023-05-15,31.8,39.1,24.6,41,76,0.0,0.0,24.1,280,25.41,9.25,941.9,14.5,610.0,16.836554,75.703354
KA-VJP,2023-05-16,32.0,38.6,25.0,37,76,0.0,0.0,23.3,303,27.03,8.71,943.2,12.4,610.0,16.836554,75.703354
KA-VJP,2023-05-17,32.5,38.5,26.3,32,54,0.0,0.0,30.2,325,26.69,9.29,943.5,11.5,610.0,16.836554,75.703354
KA-VJP,2023-05-18,33.3,39.1,26.8,33,62,0.0,0.0,23.8,322,23.91,8.29,944.2,13.1,610.0,16.836554,75.703354
KA-VJP,2023-05-19,34.6,40.0,28.3,29,54,0.0,0.0,25.2,331,24.6,9.64,942.9,12.3,610.0,16.836554,75.703354
KA-VJP,2023-05-20,33.9,38.8,28.6,30,58,0.0,0.0,23.4,327,24.17,8.91,942.4,11.6,610.0,16.836554,75.703354
KA-VJP,2023-05-21,34.2,39.1,28.3,31,49,0.0,0.0,24.4,336,24.51,9.01,942.9,13.4,610.0,16.836554,75.703354
KA-VJP,2023-05-22,32.3,37.6,26.5,42,73,1.3,1.3,19.8,248,23.98,7.2,943.9,16.8,610.0,16.836554,75.703354
KA-VJP,2023-05-23,34.0,39.5,28.4,30,47,0.1,0.1,26.7,3,25.37,8.18,943.8,13.0,610.0,16.836554,75.703354
KA-VJP,2023-05-24,32.4,38.9,26.4,44,74,0.0,0.0,27.5,271,24.45,8.32,943.5,16.8,610.0,16.836554,75.703354
KA-VJP,2023-05-25,31.0,37.2,24.9,50,83,0.1,0.1,26.4,270,22.8,7.61,944.0,18.2,610.0,16.836554,75.703354
KA-VJP,2023-05-26,30.6,37.2,23.4,48,80,0.0,0.0,26.4,282,24.26,8.33,944.4,16.8,610.0,16.836554,75.703354
KA-VJP,2023-05-27,31.3,37.7,24.7,42,81,0.0,0.0,27.4,295,25.68,8.0,943.0,14.6,610.0,16.836554,75.703354
KA-VJP,2023-05-28,31.9,37.6,25.4,39,69,0.0,0.0,30.5,307,24.6,7.95,942.2,14.5,610.0,16.836554,75.703354
KA-VJP,2023-05-29,32.3,38.4,27.1,38,52,1.0,1.0,22.6,343,21.55,8.03,942.3,15.7,610.0,16.836554,75.703354
KA-VJP,2023-05-30,30.7,36.4,26.4,49,70,2.7,2.7,24.6,190,20.06,6.4,942.8,18.3,610.0,16.836554,75.703354
KA-VJP,2023-05-31,32.6,38.4,26.2,43,76,2.2,2.2,36.2,347,22.96,7.81,942.0,17.0,610.0,16.836554,75.703354
KA-VJP,2023-06-01,31.8,37.2,27.2,47,82,0.8,0.8,22.9,277,22.53,7.27,941.8,17.8,610.0,16.836554,75.703354
KA-VJP,2023-06-02,32.3,39.2,25.0,45,87,0.0,0.0,32.2,290,25.26,8.63,942.1,15.9,610.0,16.836554,75.703354
KA-VJP,2023-06-03,32.6,39.1,25.5,42,79,0.0,0.0,33.3,293,25.87,8.86,941.8,15.4,610.0,16.836554,75.703354
KA-VJP,2023-06-04,30.3,37.8,25.1,55,83,3.4,3.4,30.3,294,24.92,7.57,941.9,19.2,610.0,16.836554,75.703354
KA-VJP,2023-06-05,31.7,38.2,25.1,45,75,0.0,0.0,32.1,291,25.49,8.5,941.0,16.4,610.0,16.836554,75.703354
KA-VJP,2023-06-06,32.0,38.5,25.3,45,79,0.0,0.0,28.0,282,24.92,8.85,940.7,16.3,610.0,16.836554,75.703354
KA-VJP,2023-06-07,30.9,36.9,24.9,49,79,0.1,0.1,29.7,272,22.58,7.75,940.8,18.2,610.0,16.836554,75.703354
KA-VJP,2023-06-08,30.0,37.6,25.0,55,80,2.2,2.2,29.8,270,21.11,7.16,941.2,19.1,610.0,16.836554,75.703354
KA-VJP,2023-06-09,30.3,38.1,24.5,55,83,0.0,0.0,45.8,254,24.04,7.91,939.7,19.2,610.0,16.836554,75.703354
KA-VJP,2023-06-10,28.9,37.3,24.4,62,83,6.5,6.5,29.5,238,23.82,7.18,939.2,20.3,610.0,16.836554,75.703354
KA-VJP,2023-06-11,29.1,35.7,23.9,60,85,0.4,0.4,34.3,237,23.57,7.38,939.2,19.8,610.0,16.836554,75.703354
KA-VJP,2023-06-12,29.5,36.4,23.6,57,88,0.0,0.0,28.8,235,24.37,8.13,939.0,18.7,610.0,16.836554,75.703354
KA-VJP,2023-06-13,29.3,36.4,23.9,57,86,1.2,1.2,30.5,243,23.99,7.89,939.9,18.9,610.0,16.836554,75.703354
KA-VJP,2023-06-14,29.6,36.8,23.9,57,86,0.0,0.0,29.4,252,23.97,8.14,941.3,19.0,610.0,16.836554,75.703354
KA-VJP,2023-06-15,29.4,35.7,23.9,56,85,0.0,0.0,26.4,257,22.47,7.66,941.7,18.7,610.0,16.836554,75.703354
KA-VJP,2023-06-16,29.6,36.2,23.5,56,84,0.0,0.0,31.7,252,24.39,8.32,940.8,18.7,610.0,16.836554,75.703354
KA-VJP,2023-06-17,29.9,37.1,24.5,56,81,0.0,0.0,29.1,262,24.0,8.14,941.1,19.4,610.0,16.836554,75.703354
KA-VJP,2023-06-18,29.4,35.9,23.6,57,83,0.5,0.5,30.7,275,22.56,7.51,940.9,19.1,610.0,16.836554,75.703354
KA-VJP,2023-06-19,30.5,37.4,24.2,52,83,0.4,0.4,24.5,289,24.4,8.07,939.7,18.3,610.0,16.836554,75.703354
KA-VJP,2023-06-20,30.7,37.8,24.7,50,78,0.0,0.0,29.5,282,25.58,8.66,938.9,17.7,610.0,16.836554,75.703354
KA-VJP,2023-06-21,30.2,37.0,24.1,52,81,0.2,0.2,28.4,283,24.89,8.28,939.5,18.2,610.0,16.836554,75.703354
KA-VJP,2023-06-22,30.2,36.2,24.8,53,78,0.0,0.0,29.2,278,22.47,7.85,939.8,18.4,610.0,16.836554,75.703354
KA-VJP,2023-06-23,29.1,35.7,24.2,60,84,0.7,0.7,34.6,260,21.69,6.94,939.6,19.9,610.0,16.836554,75.703354
KA-VJP,2023-06-24,27.2,33.3,24.4,69,82,17.3,17.3,38.2,254,15.51,5.06,938.7,20.7,610.0,16.836554,75.703354
KA-VJP,2023-06-25,26.6,30.9,23.4,71,87,0.8,0.8,28.1,259,16.37,4.87,938.6,20.8,610.0,16.836554,75.703354
KA-VJP,2023-06-26,27.0,31.3,23.1,68,89,0.0,0.0,29.5,265,14.4,5.05,939.6,20.1,610.0,16.836554,75.703354
KA-VJP,2023-06-27,27.2,33.0,23.6,68,88,0.5,0.5,29.3,259,18.23,5.65,939.6,20.4,610.0,16.836554,75.703354
KA-VJP,2023-06-28,26.2,30.1,23.3,73,87,3.6,3.6,34.9,248,16.38,4.8,940.5,20.7,610.0,16.836554,75.703354
KA-VJP,2023-06-29,26.0,32.5,23.5,74,86,3.0,3.0,39.6,252,17.31,4.88,940.8,20.8,610.0,16.836554,75.703354
KA-VJP,2023-06-30,26.3,31.9,23.2,72,87,0.7,0.7,37.5,252,17.43,5.32,940.7,20.5,610.0,16.836554,75.703354
KA-VJP,2023-07-01,27.2,32.7,22.9,68,86,0.8,0.8,34.8,256,22.18,6.28,941.4,20.4,610.0,16.836554,75.703354
KA-VJP,2023-07-02,27.1,33.0,23.3,70,88,2.1,2.1,33.8,262,20.22,5.89,940.6,20.8,610.0,16.836554,75.703354
KA-VJP,2023-07-03,26.7,31.9,23.4,74,88,2.3,2.3,27.4,258,18.24,4.93,938.9,21.4,610.0,16.836554,75.703354
KA-VJP,2023-07-04,26.4,30.7,23.5,76,89,4.3,4.3,22.7,264,16.29,4.41,936.9,21.6,610.0,16.836554,75.703354
KA-VJP,2023-07-05,25.5,30.3,23.1,78,89,5.9,5.9,28.9,253,15.39,4.07,935.4,21.3,610.0,16.836554,75.703354
KA-VJP,2023-07-06,25.0,28.9,23.0,79,90,1.3,1.3,35.5,249,13.74,3.91,937.4,20.9,610.0,16.836554,75.703354
KA-VJP,2023-07-07,25.0,28.5,23.1,80,88,2.5,2.5,41.1,240,15.67,3.96,939.1,21.2,610.0,16.836554,75.703354
KA-VJP,2023-07-08,25.4,28.4,23.1,78,89,2.0,2.0,34.0,246,16.22,4.3,940.3,21.0,610.0,16.836554,75.703354
KA-VJP,2023-07-09,26.0,30.6,22.7,74,90,1.0,1.0,26.8,252,21.0,5.27,940.8,20.8,610.0,16.836554,75.703354
KA-VJP,2023-07-10,26.5,30.7,22.7,72,90,0.8,0.8,26.5,259,18.79,5.13,940.7,20.7,610.0,16.836554,75.703354
KA-VJP,2023-07-11,26.0,30.7,22.4,72,92,0.2,0.2,27.3,276,15.35,4.57,940.6,20.2,610.0,16.836554,75.703354
KA-VJP,2023-07-12,26.4,30.2,22.8,71,89,0.9,0.9,24.5,273,18.49,5.02,939.6,20.4,610.0,16.836554,75.703354
KA-VJP,2023-07-13,26.4,32.3,22.7,72,91,1.7,1.7,27.6,257,19.43,5.25,939.6,20.6,610.0,16.836554,75.703354
KA-VJP,2023-07-14,26.0,31.2,22.9,74,88,4.8,4.8,34.4,264,15.7,4.64,940.7,20.6,610.0,16.836554,75.703354
KA-VJP,2023-07-15,26.0,30.0,22.4,74,90,1.4,1.4,31.4,267,18.35,4.94,941.2,20.7,610.0,16.836554,75.703354
KA-VJP,2023-07-16,25.7,30.4,22.5,75,90,1.5,1.5,27.4,267,14.06,4.14,940.5,20.6,610.0,16.836554,75.703354
KA-VJP,2023-07-17,25.2,29.5,22.8,77,90,0.7,0.7,33.5,258,12.2,3.77,939.5,20.7,610.0,16.836554,75.703354
KA-VJP,2023-07-18,23.3,24.6,22.5,87,90,15.4,15.4,32.3,252,5.65,1.89,938.2,21.1,610.0,16.836554,75.703354
KA-VJP,2023-07-19,23.7,26.6,21.9,86,91,14.6,14.6,37.3,256,11.01,2.8,936.3,21.1,610.0,16.836554,75.703354
KA-VJP,2023-07-20,23.4,25.0,22.5,88,92,22.3,22.3,32.0,254,5.23,1.83,936.6,21.2,610.0,16.836554,75.703354
KA-VJP,2023-07-21,24.1,26.6,22.4,86,92,5.5,5.5,32.8,262,8.95,2.52,938.0,21.5,610.0,16.836554,75.703354
KA-VJP,2023-07-22,23.7,25.8,22.4,87,93,6.0,6.0,38.8,257,8.12,2.26,938.8,21.4,610.0,16.836554,75.703354
KA-VJP,2023-07-23,24.1,26.6,22.7,86,91,5.1,5.1,37.2,255,10.79,2.75,938.8,21.5,610.0,16.836554,75.703354
KA-VJP,2023-07-24,24.6,28.3,22.4,82,91,7.7,7.7,36.4,257,16.83,3.93,938.7,21.2,610.0,16.836554,75.703354
KA-VJP,2023-07-25,23.2,24.9,22.4,89,93,36.0,36.0,29.7,266,6.51,1.81,939.6,21.3,610.0,16.836554,75.703354
KA-VJP,2023-07-26,23.6,26.4,22.1,87,94,34.3,34.3,34.7,270,10.11,2.46,940.3,21.3,610.0,16.836554,75.703354
KA-VJP,2023-07-27,22.9,24.5,22.1,89,93,29.7,29.7,32.6,265,5.26,1.74,940.3,20.9,610.0,16.836554,75.703354
KA-VJP,2023-07-28,24.5,28.5,22.0,81,91,4.3,4.3,36.7,272,18.27,4.25,940.5,21.0,610.0,16.836554,75.703354
KA-VJP,2023-07-29,24.7,28.3,21.9,80,91,1.2,1.2,34.1,276,18.99,4.42,941.1,20.7,610.0,16.836554,75.703354
KA-VJP,2023-07-30,24.9,28.9,21.7,80,91,1.3,1.3,34.4,269,21.21,4.72,940.7,21.0,610.0,16.836554,75.703354
KA-VJP,2023-07-31,24.9,28.9,22.2,81,91,3.8,3.8,32.4,265,19.45,4.37,940.4,21.2,610.0,16.836554,75.703354
KA-VJP,2023-08-01,25.0,29.3,22.5,80,91,1.5,1.5,33.5,264,20.74,4.7,940.3,21.1,610.0,16.836554,75.703354
KA-VJP,2023-08-02,24.7,29.1,22.4,80,90,1.6,1.6,34.2,263,19.9,4.53,940.8,20.9,610.0,16.836554,75.703354
KA-VJP,2023-08-03,24.8,28.7,22.3,79,90,1.3,1.3,37.8,263,19.52,4.63,940.4,20.6,610.0,16.836554,75.703354
KA-VJP,2023-08-04,25.2,29.8,22.2,78,90,1.7,1.7,31.1,262,22.85,5.16,941.7,21.0,610.0,16.836554,75.703354
KA-VJP,2023-08-05,25.3,30.0,22.1,79,91,1.2,1.2,30.4,261,22.25,4.96,943.4,21.1,610.0,16.836554,75.703354
KA-VJP,2023-08-06,25.5,30.1,22.2,77,92,0.7,0.7,31.0,266,23.05,5.34,942.6,20.8,610.0,16.836554,75.703354
KA-VJP,2023-08-07,25.3,29.7,22.0,76,92,0.8,0.8,30.7,266,20.28,4.94,941.0,20.6,610.0,16.836554,75.703354
KA-VJP,2023-08-08,25.2,29.4,21.8,77,93,1.6,1.6,27.5,264,19.85,4.74,941.3,20.6,610.0,16.836554,75.703354
KA-VJP,2023-08-09,25.5,30.5,21.5,77,95,1.8,1.8,24.4,274,22.18,5.04,943.1,20.9,610.0,16.836554,75.703354
KA-VJP,2023-08-10,25.4,30.3,21.4,77,95,1.6,1.6,22.1,274,19.94,4.67,943.5,20.8,610.0,16.836554,75.703354
KA-VJP,2023-08-11,25.9,30.5,21.3,74,96,0.6,0.6,20.4,285,23.39,5.44,942.9,20.4,610.0,16.836554,75.703354
KA-VJP,2023-08-12,25.9,31.1,21.6,73,95,0.3,0.3,25.5,278,22.36,5.53,942.6,20.3,610.0,16.836554,75.703354
KA-VJP,2023-08-13,25.7,31.4,21.3,73,94,0.8,0.8,27.0,270,22.73,5.58,941.8,20.0,610.0,16.836554,75.703354
KA-VJP,2023-08-14,26.0,31.5,21.3,71,93,0.2,0.2,22.1,266,23.95,5.93,942.1,19.8,610.0,16.836554,75.703354
KA-VJP,2023-08-15,26.1,31.6,22.0,70,92,0.9,0.9,22.3,264,23.58,5.8,942.5,19.6,610.0,16.836554,75.703354
KA-VJP,2023-08-16,26.3,32.4,21.5,70,92,1.5,1.5,27.2,270,23.84,6.03,942.7,19.6,610.0,16.836554,75.703354
KA-VJP,2023-08-17,26.4,31.7,21.7,68,93,1.9,1.9,27.4,284,22.47,6.09,942.4,19.3,610.0,16.836554,75.703354
KA-VJP,2023-08-18,26.1,31.6,21.6,68,90,0.9,0.9,27.7,286,20.6,5.79,941.1,19.3,610.0,16.836554,75.703354
KA-VJP,2023-08-19,24.8,28.2,22.7,78,88,3.8,3.8,27.0,277,10.72,3.31,940.1,20.5,610.0,16.836554,75.703354
KA-VJP,2023-08-20,25.9,30.6,21.8,73,93,2.7,2.7,25.5,276,20.57,5.31,940.2,20.2,610.0,16.836554,75.703354
KA-VJP,2023-08-21,26.3,32.0,21.2,70,96,1.6,1.6,20.7,281,23.47,5.77,940.8,19.8,610.0,16.836554,75.703354
KA-VJP,2023-08-22,26.9,32.2,21.9,66,91,0.0,0.0,26.0,270,23.7,6.21,940.8,19.4,610.0,16.836554,75.703354
KA-VJP,2023-08-23,26.9,32.5,22.1,66,91,0.0,0.0,28.2,267,23.71,6.46,941.0,19.2,610.0,16.836554,75.703354
KA-VJP,2023-08-24,26.3,32.2,21.1,68,91,1.1,1.1,27.9,260,21.06,5.84,940.5,19.4,610.0,16.836554,75.703354
KA-VJP,2023-08-25,26.2,32.2,22.9,73,87,3.2,3.2,26.4,248,19.81,5.15,940.8,20.7,610.0,16.836554,75.703354
KA-VJP,2023-08-26,26.8,32.2,22.9,68,91,0.6,0.6,28.1,264,22.49,6.01,941.8,20.0,610.0,16.836554,75.703354
KA-VJP,2023-08-27,26.6,32.4,21.6,67,90,0.7,0.7,28.0,272,21.6,6.06,942.5,19.6,610.0,16.836554,75.703354
KA-VJP,2023-08-28,26.5,32.0,21.8,69,92,3.0,3.0,31.4,271,21.72,5.9,942.0,19.7,610.0,16.836554,75.703354
KA-VJP,2023-08-29,26.2,32.1,21.7,70,94,6.0,6.0,20.2,275,20.25,5.15,941.6,19.7,610.0,16.836554,75.703354
KA-VJP,2023-08-30,26.9,31.9,22.2,67,91,2.0,2.0,18.3,301,20.66,5.21,942.0,19.7,610.0,16.836554,75.703354
KA-VJP,2023-08-31,28.0,33.0,23.5,61,86,2.0,2.0,17.7,319,22.93,5.82,941.9,19.3,610.0,16.836554,75.703354
KA-VJP,2023-09-01,29.1,34.8,23.4,59,90,0.5,0.5,20.0,301,24.55,6.34,941.8,19.1,610.0,16.836554,75.703354
KA-VJP,2023-09-02,27.8,32.4,24.1,67,86,3.2,3.2,24.3,279,17.71,5.07,941.6,20.7,610.0,16.836554,75.703354
KA-VJP,2023-09-03,26.2,31.6,23.4,75,89,20.4,20.4,17.9,294,16.68,4.18,940.4,21.1,610.0,16.836554,75.703354
KA-VJP,2023-09-04,24.1,26.8,22.8,84,91,10.6,10.6,23.7,284,7.84,2.28,939.2,21.2,610.0,16.836554,75.703354
KA-VJP,2023-09-05,24.7,28.1,21.9,79,89,1.1,1.1,23.4,286,12.46,3.33,938.6,20.7,610.0,16.836554,75.703354
KA-VJP,2023-09-06,25.9,30.4,21.9,72,91,0.2,0.2,24.4,280,22.92,5.58,938.7,20.1,610.0,16.836554,75.703354
KA-VJP,2023-09-07,25.4,30.8,21.5,75,93,0.5,0.5,31.7,267,22.98,5.55,939.0,20.2,610.0,16.836554,75.703354
KA-VJP,2023-09-08,24.3,27.4,22.2,84,93,8.5,8.5,34.3,255,15.39,3.45,939.5,21.4,610.0,16.836554,75.703354
KA-VJP,2023-09-09,25.4,29.5,22.5,81,93,3.3,3.3,34.0,274,20.02,4.48,939.4,21.8,610.0,16.836554,75.703354
KA-VJP,2023-09-10,25.9,30.8,22.2,76,93,0.7,0.7,33.6,275,22.33,5.3,939.3,21.1,610.0,16.836554,75.703354
KA-VJP,2023-09-11,25.6,30.8,21.7,77,94,1.8,1.8,25.9,275,22.42,5.19,940.0,21.0,610.0,16.836554,75.703354
KA-VJP,2023-09-12,25.6,30.8,21.4,73,93,0.0,0.0,23.7,279,23.99,5.75,940.7,20.0,610.0,16.836554,75.703354
KA-VJP,2023-09-13,25.6,30.7,21.4,73,94,0.4,0.4,24.6,274,22.62,5.49,940.4,19.9,610.0,16.836554,75.703354
KA-VJP,2023-09-14,25.9,30.8,21.7,72,95,0.8,0.8,23.2,274,21.1,5.33,940.4,20.0,610.0,16.836554,75.703354
KA-VJP,2023-09-15,26.3,32.2,21.1,69,95,0.0,0.0,30.1,261,22.25,6.15,940.3,19.4,610.0,16.836554,75.703354
KA-VJP,2023-09-16,26.5,32.5,22.7,69,89,1.5,1.5,31.7,257,21.61,6.09,940.5,19.7,610.0,16.836554,75.703354
KA-VJP,2023-09-17,26.9,32.4,22.5,68,89,0.1,0.1,31.4,256,22.54,6.39,940.1,19.8,610.0,16.836554,75.703354
KA-VJP,2023-09-18,27.0,34.0,22.8,68,90,1.0,1.0,32.0,249,22.45,6.28,940.3,20.0,610.0,16.836554,75.703354
KA-VJP,2023-09-19,26.9,33.3,22.5,69,90,1.4,1.4,30.1,252,19.17,5.65,941.6,20.1,610.0,16.836554,75.703354
KA-VJP,2023-09-20,26.5,32.8,22.8,72,90,4.5,4.5,24.5,255,16.86,4.61,942.0,20.7,610.0,16.836554,75.703354
KA-VJP,2023-09-21,26.7,32.5,22.5,74,93,1.3,1.3,24.2,258,18.48,4.78,941.8,21.3,610.0,16.836554,75.703354
KA-VJP,2023-09-22,25.5,29.7,22.7,80,92,4.8,4.8,16.1,282,14.01,3.34,941.8,21.6,610.0,16.836554,75.703354
KA-VJP,2023-09-23,25.5,29.5,22.9,81,96,11.5,11.5,18.6,281,17.01,3.82,942.0,21.8,610.0,16.836554,75.703354
KA-VJP,2023-09-24,24.9,28.7,22.1,83,96,1.4,1.4,23.5,290,15.22,3.45,942.1,21.6,610.0,16.836554,75.703354
KA-VJP,2023-09-25,24.8,29.7,22.0,82,93,9.1,9.1,20.2,283,17.33,3.77,941.3,21.3,610.0,16.836554,75.703354
KA-VJP,2023-09-26,24.8,29.3,21.8,83,96,11.5,11.5,14.9,311,20.97,4.27,940.7,21.5,610.0,16.836554,75.703354
KA-VJP,2023-09-27,24.8,28.9,21.7,83,96,12.0,12.0,12.9,288,18.91,3.88,940.2,21.6,610.0,16.836554,75.703354
KA-VJP,2023-09-28,25.2,29.2,22.1,84,97,5.4,5.4,14.8,216,18.63,3.84,939.8,22.3,610.0,16.836554,75.703354
KA-VJP,2023-09-29,25.0,29.7,22.0,84,98,6.6,6.6,19.4,210,18.99,3.98,939.9,21.8,610.0,16.836554,75.703354
KA-VJP,2023-09-30,25.2,29.8,21.7,81,95,2.0,2.0,29.6,197,17.85,3.99,939.8,21.4,610.0,16.836554,75.703354
KA-VJP,2023-10-01,24.6,28.6,22.2,84,94,16.3,16.3,20.8,196,13.94,3.15,938.9,21.7,610.0,16.836554,75.703354
KA-VJP,2023-10-02,24.5,28.1,21.9,79,96,2.3,2.3,26.2,307,10.17,2.98,941.0,20.4,610.0,16.836554,75.703354
KA-VJP,2023-10-03,25.3,29.4,21.5,74,90,0.2,0.2,20.9,302,19.92,4.59,942.6,20.1,610.0,16.836554,75.703354
KA-VJP,2023-10-04,25.9,30.4,22.4,71,88,0.0,0.0,17.2,322,20.26,4.78,943.2,19.7,610.0,16.836554,75.703354
KA-VJP,2023-10-05,25.2,30.6,21.0,67,88,0.0,0.0,16.1,329,22.98,5.45,943.0,18.0,610.0,16.836554,75.703354
KA-VJP,2023-10-06,25.1,30.6,20.3,64,80,0.0,0.0,16.0,328,23.98,5.48,942.2,17.3,610.0,16.836554,75.703354
KA-VJP,2023-10-07,26.1,31.3,20.8,63,84,0.0,0.0,12.9,353,22.91,5.13,942.6,17.9,610.0,16.836554,75.703354
KA-VJP,2023-10-08,26.6,31.7,21.2,58,79,0.0,0.0,13.1,45,22.18,5.26,943.8,17.0,610.0,16.836554,75.703354
KA-VJP,2023-10-09,26.5,31.8,20.9,62,84,0.0,0.0,13.6,10,20.58,5.04,944.9,18.1,610.0,16.836554,75.703354
KA-VJP,2023-10-10,26.4,31.7,20.8,64,86,0.0,0.0,15.2,360,21.62,5.33,944.6,18.6,610.0,16.836554,75.703354
KA-VJP,2023-10-11,27.3,31.5,21.4,60,85,0.0,0.0,14.9,53,21.14,5.07,944.6,18.4,610.0,16.836554,75.703354
KA-VJP,2023-10-12,28.7,34.3,23.3,54,84,0.1,0.1,20.1,86,20.72,5.92,945.3,17.6,610.0,16.836554,75.703354
KA-VJP,2023-10-13,28.5,34.9,22.6,46,81,0.0,0.0,21.9,75,21.96,7.01,946.0,14.0,610.0,16.836554,75.703354
KA-VJP,2023-10-14,28.2,34.2,22.3,51,77,0.0,0.0,15.9,65,19.78,5.8,946.0,16.1,610.0,16.836554,75.703354
KA-VJP,2023-10-15,28.7,33.4,24.5,49,70,0.7,0.7,18.0,76,19.58,5.6,944.6,16.5,610.0,16.836554,75.703354
KA-VJP,2023-10-16,29.1,33.6,24.4,49,73,0.0,0.0,16.1,80,20.42,5.99,944.3,16.7,610.0,16.836554,75.703354
KA-VJP,2023-10-17,28.9,33.9,23.8,50,77,0.0,0.0,21.9,69,20.69,6.17,945.5,16.5,610.0,16.836554,75.703354
KA-VJP,2023-10-18,28.8,34.2,23.9,45,67,0.0,0.0,22.8,78,20.74,6.9,946.2,14.9,610.0,16.836554,75.703354
KA-VJP,2023-10-19,28.9,34.8,23.2,44,68,0.0,0.0,25.0,68,20.71,6.82,946.0,14.6,610.0,16.836554,75.703354
KA-VJP,2023-10-20,29.1,34.9,23.6,43,68,0.0,0.0,20.3,77,20.5,6.95,946.0,14.2,610.0,16.836554,75.703354
KA-VJP,2023-10-21,29.2,34.7,23.5,42,67,0.0,0.0,23.6,68,20.62,7.23,946.3,13.9,610.0,16.836554,75.703354
KA-VJP,2023-10-22,28.8,34.2,23.4,39,66,0.0,0.0,25.2,62,21.3,7.51,946.7,12.2,610.0,16.836554,75.703354
KA-VJP,2023-10-23,27.9,33.3,21.3,36,61,0.0,0.0,23.7,54,21.91,7.37,945.7,10.7,610.0,16.836554,75.703354
KA-VJP,2023-10-24,27.9,33.5,21.6,39,67,0.0,0.0,24.5,62,22.01,7.11,945.4,11.5,610.0,16.836554,75.703354
KA-VJP,2023-10-25,28.3,33.8,22.1,35,58,0.0,0.0,22.2,59,20.56,7.46,946.8,10.3,610.0,16.836554,75.703354
KA-VJP,2023-10-26,27.5,32.3,21.5,34,56,0.0,0.0,21.9,61,22.28,7.35,946.9,9.5,610.0,16.836554,75.703354
KA-VJP,2023-10-27,27.0,32.3,20.8,34,58,0.0,0.0,21.7,75,22.34,7.52,945.5,8.9,610.0,16.836554,75.703354
KA-VJP,2023-10-28,27.2,32.5,20.2,37,56,0.0,0.0,18.7,76,21.74,6.79,945.2,10.5,610.0,16.836554,75.703354
KA-VJP,2023-10-29,28.1,33.1,22.0,43,66,0.0,0.0,22.2,76,19.79,6.61,945.0,14.0,610.0,16.836554,75.703354
KA-VJP,2023-10-30,28.3,33.3,22.6,45,76,0.0,0.0,24.6,65,20.42,6.88,945.2,14.4,610.0,16.836554,75.703354
KA-VJP,2023-10-31,28.1,33.2,22.5,43,67,0.0,0.0,19.3,59,20.0,6.19,945.7,13.9,610.0,16.836554,75.703354
KA-VJP,2023-11-01,27.9,33.1,22.2,46,63,0.0,0.0,21.3,64,19.91,5.92,946.0,14.8,610.0,16.836554,75.703354
KA-VJP,2023-11-02,28.4,33.2,22.7,49,75,0.0,0.0,20.0,68,20.86,6.32,945.2,15.9,610.0,16.836554,75.703354
KA-VJP,2023-11-03,28.0,32.5,23.8,57,80,0.7,0.7,20.8,86,17.4,5.5,943.9,18.2,610.0,16.836554,75.703354
KA-VJP,2023-11-04,27.2,31.7,22.5,62,86,0.6,0.6,18.8,94,17.42,5.1,943.9,18.8,610.0,16.836554,75.703354
KA-VJP,2023-11-05,27.9,33.1,22.5,54,85,0.0,0.0,18.7,85,19.36,5.92,944.9,16.8,610.0,16.836554,75.703354
KA-VJP,2023-11-06,27.3,32.5,22.7,57,83,0.0,0.0,20.0,98,17.1,5.42,946.0,17.4,610.0,16.836554,75.703354
KA-VJP,2023-11-07,26.0,32.0,22.2,69,88,5.6,5.6,20.6,85,16.06,4.4,946.0,19.5,610.0,16.836554,75.703354
KA-VJP,2023-11-08,24.7,27.9,22.2,82,92,11.6,11.6,13.7,101,13.22,2.92,945.7,21.2,610.0,16.836554,75.703354
KA-VJP,2023-11-09,23.6,27.7,21.4,86,95,7.7,7.7,17.4,93,14.1,2.88,946.3,21.0,610.0,16.836554,75.703354
KA-VJP,2023-11-10,24.3,28.1,21.3,83,94,2.3,2.3,16.5,83,16.76,3.34,947.3,21.1,610.0,16.836554,75.703354
KA-VJP,2023-11-11,24.8,28.9,21.3,72,90,0.0,0.0,18.2,90,19.69,4.47,947.5,19.0,610.0,16.836554,75.703354
KA-VJP,2023-11-12,24.5,29.3,19.5,68,86,0.0,0.0,19.9,99,20.06,4.72,947.4,17.9,610.0,16.836554,75.703354
KA-VJP,2023-11-13,23.9,28.9,19.7,70,85,0.0,0.0,17.6,100,20.02,4.45,946.9,17.8,610.0,16.836554,75.703354
KA-VJP,2023-11-14,23.9,28.3,19.4,72,87,0.0,0.0,12.7,74,18.89,4.02,946.3,18.1,610.0,16.836554,75.703354
KA-VJP,2023-11-15,23.7,28.6,19.1,69,90,0.0,0.0,12.4,49,20.27,4.37,945.9,17.1,610.0,16.836554,75.703354
KA-VJP,2023-11-16,23.7,29.1,18.9,66,84,0.0,0.0,13.8,35,20.06,4.49,945.9,16.5,610.0,16.836554,75.703354
KA-VJP,2023-11-17,23.9,29.3,18.6,65,85,0.0,0.0,14.8,47,20.02,4.45,945.9,16.4,610.0,16.836554,75.703354
KA-VJP,2023-11-18,25.7,31.6,19.2,61,84,0.0,0.0,13.4,77,18.87,4.6,945.5,17.0,610.0,16.836554,75.703354
KA-VJP,2023-11-19,27.1,32.6,22.4,55,78,0.0,0.0,18.8,101,18.75,5.64,945.9,16.8,610.0,16.836554,75.703354
KA-VJP,2023-11-20,25.9,31.1,20.9,55,81,0.0,0.0,18.5,81,18.58,5.36,946.2,15.5,610.0,16.836554,75.703354
KA-VJP,2023-11-21,25.8,31.0,19.7,54,75,0.0,0.0,19.4,64,19.97,5.5,945.5,15.0,610.0,16.836554,75.703354
KA-VJP,2023-11-22,26.4,31.6,20.8,60,89,0.0,0.0,16.3,77,18.06,4.94,944.8,17.4,610.0,16.836554,75.703354
KA-VJP,2023-11-23,26.8,32.0,21.4,62,90,0.1,0.1,20.9,104,17.97,4.96,943.6,18.1,610.0,16.836554,75.703354
KA-VJP,2023-11-24,25.5,30.2,21.5,71,93,1.6,1.6,19.6,102,15.12,3.96,944.0,19.6,610.0,16.836554,75.703354
KA-VJP,2023-11-25,25.2,30.5,21.4,71,88,8.8,8.8,23.7,108,16.86,4.38,945.7,19.2,610.0,16.836554,75.703354
KA-VJP,2023-11-26,25.2,30.4,20.5,68,91,0.1,0.1,23.7,139,18.05,4.67,946.0,18.5,610.0,16.836554,75.703354
KA-VJP,2023-11-27,25.2,30.1,21.3,68,88,0.3,0.3,19.0,150,18.16,4.54,944.8,18.4,610.0,16.836554,75.703354
KA-VJP,2023-11-28,23.7,27.9,20.9,81,93,5.5,5.5,16.7,164,13.27,2.9,943.9,20.1,610.0,16.836554,75.703354
KA-VJP,2023-11-29,24.1,28.6,19.7,76,94,3.9,3.9,19.5,112,14.82,3.52,944.4,19.3,610.0,16.836554,75.703354
KA-VJP,2023-11-30,24.4,29.2,20.7,76,94,1.8,1.8,21.8,133,13.01,3.22,945.0,19.6,610.0,16.836554,75.703354
KA-VJP,2023-12-01,24.1,28.0,20.9,75,93,0.5,0.5,12.2,94,12.66,2.92,944.8,19.2,610.0,16.836554,75.703354
KA-VJP,2023-12-02,24.7,30.2,19.7,64,87,0.0,0.0,17.9,86,18.69,4.74,943.9,16.6,610.0,16.836554,75.703354
KA-VJP,2023-12-03,25.1,30.4,19.3,62,84,0.0,0.0,22.3,86,17.49,4.86,944.2,16.8,610.0,16.836554,75.703354
KA-VJP,2023-12-04,25.0,30.8,19.8,63,84,0.1,0.1,22.2,43,16.82,4.63,943.1,17.0,610.0,16.836554,75.703354
KA-VJP,2023-12-05,24.6,29.0,20.4,69,89,0.1,0.1,24.6,11,13.84,3.97,942.0,18.0,610.0,16.836554,75.703354
KA-VJP,2023-12-06,23.8,28.0,20.7,74,91,0.1,0.1,14.1,357,13.95,3.38,943.1,18.5,610.0,16.836554,75.703354
KA-VJP,2023-12-07,23.2,28.6,18.6,76,98,0.5,0.5,11.0,29,16.55,3.43,944.1,18.2,610.0,16.836554,75.703354
KA-VJP,2023-12-08,23.6,28.4,18.8,73,98,0.1,0.1,14.0,50,14.35,3.27,944.8,17.9,610.0,16.836554,75.703354
KA-VJP,2023-12-09,24.6,29.5,20.0,64,82,0.0,0.0,16.5,65,16.61,4.29,945.8,16.8,610.0,16.836554,75.703354
KA-VJP,2023-12-10,24.6,28.7,20.1,59,79,0.0,0.0,19.0,76,16.46,4.31,945.2,15.7,610.0,16.836554,75.703354
KA-VJP,2023-12-11,24.5,29.4,19.4,56,74,0.0,0.0,17.8,89,17.59,4.53,945.4,14.5,610.0,16.836554,75.703354
KA-VJP,2023-12-12,24.3,29.3,18.7,53,73,0.0,0.0,18.0,101,18.33,4.82,944.4,13.5,610.0,16.836554,75.703354
KA-VJP,2023-12-13,24.2,29.0,19.2,50,73,0.0,0.0,17.6,99,18.51,5.2,945.1,12.6,610.0,16.836554,75.703354
KA-VJP,2023-12-14,23.0,28.1,18.2,51,73,0.0,0.0,20.6,102,18.84,5.31,946.6,11.6,610.0,16.836554,75.703354
KA-VJP,2023-12-15,22.5,27.6,17.1,55,78,0.0,0.0,18.6,87,18.55,4.79,947.0,12.5,610.0,16.836554,75.703354
KA-VJP,2023-12-16,23.6,29.0,17.9,60,82,0.0,0.0,17.2,82,14.44,3.88,946.3,15.0,610.0,16.836554,75.703354
KA-VJP,2023-12-17,24.2,29.0,20.0,67,91,0.1,0.1,21.1,96,12.84,3.88,946.0,17.2,610.0,16.836554,75.703354
KA-VJP,2023-12-18,24.2,28.4,20.6,60,79,0.0,0.0,25.1,84,14.57,4.65,946.9,15.6,610.0,16.836554,75.703354
KA-VJP,2023-12-19,23.1,27.8,18.7,55,72,0.0,0.0,22.0,74,15.7,4.93,947.6,13.1,610.0,16.836554,75.703354
KA-VJP,2023-12-20,22.9,28.5,17.1,55,74,0.0,0.0,18.6,75,17.59,4.87,947.6,13.1,610.0,16.836554,75.703354
KA-VJP,2023-12-21,23.6,29.5,17.7,55,74,0.0,0.0,15.5,72,18.16,4.83,946.9,13.3,610.0,16.836554,75.703354
KA-VJP,2023-12-22,23.9,30.4,18.0,48,71,0.0,0.0,15.2,62,17.54,4.92,946.7,11.3,610.0,16.836554,75.703354
KA-VJP,2023-12-23,23.5,30.1,17.0,45,70,0.0,0.0,16.7,77,18.37,5.3,947.2,9.8,610.0,16.836554,75.703354
KA-VJP,2023-12-24,23.6,30.0,17.4,53,84,0.0,0.0,19.0,89,18.59,5.33,948.7,12.4,610.0,16.836554,75.703354
KA-VJP,2023-12-25,23.4,30.3,16.7,56,89,0.0,0.0,16.7,92,18.6,4.91,948.4,13.3,610.0,16.836554,75.703354
KA-VJP,2023-12-26,24.0,30.8,17.8,49,76,0.0,0.0,16.8,92,18.48,5.27,948.3,11.2,610.0,16.836554,75.703354
KA-VJP,2023-12-27,24.0,30.5,17.4,46,73,0.0,0.0,20.0,84,18.89,5.62,948.5,10.8,610.0,16.836554,75.703354
KA-VJP,2023-12-28,24.2,30.4,18.0,52,89,0.0,0.0,16.6,111,18.82,5.41,947.3,12.6,610.0,16.836554,75.703354
KA-VJP,2023-12-29,23.9,30.3,17.6,49,84,0.0,0.0,18.1,115,18.82,5.46,947.2,11.2,610.0,16.836554,75.703354
KA-VJP,2023-12-30,24.2,30.3,17.9,50,82,0.0,0.0,16.6,108,18.8,5.16,946.7,12.3,610.0,16.836554,75.703354
KA-VJP,2023-12-31,24.3,29.9,18.2,50,75,0.0,0.0,17.2,113,18.75,5.26,946.0,12.6,610.0,16.836554,75.703354
