site_id,date,temperature_2m_mean,temperature_2m_max,temperature_2m_min,relative_humidity_2m_mean,relative_humidity_2m_max,precipitation_sum,rain_sum,wind_speed_10m_max,wind_direction_10m_dominant,shortwave_radiation_sum,et0_fao_evapotranspiration,surface_pressure_mean,dew_point_2m_mean,elevation_m,lat,lon
MH-AMR,2020-12-01,23.4,29.3,18.5,63,83,0.0,0.0,9.8,84,16.65,3.68,976.3,15.4,343.0,20.913883,77.78116
MH-AMR,2020-12-02,22.6,28.8,16.9,62,86,0.0,0.0,9.8,62,16.93,3.5,975.3,14.2,343.0,20.913883,77.78116
MH-AMR,2020-12-03,22.2,28.8,15.7,50,73,0.0,0.0,8.9,71,17.22,3.81,974.7,10.7,343.0,20.913883,77.78116
MH-AMR,2020-12-04,21.6,28.8,15.5,54,79,0.0,0.0,9.2,92,17.17,3.75,973.6,11.2,343.0,20.913883,77.78116
MH-AMR,2020-12-05,22.3,28.6,15.0,51,81,0.0,0.0,7.6,108,17.05,3.74,974.4,10.8,343.0,20.913883,77.78116
MH-AMR,2020-12-06,21.7,28.7,15.7,55,77,0.0,0.0,9.3,88,17.01,3.92,975.6,11.5,343.0,20.913883,77.78116
MH-AMR,2020-12-07,21.5,28.7,14.3,57,87,0.0,0.0,8.9,83,16.99,3.64,977.1,11.8,343.0,20.913883,77.78116
MH-AMR,2020-12-08,22.3,28.9,15.7,56,77,0.0,0.0,8.0,86,16.9,3.63,977.0,12.3,343.0,20.913883,77.78116
MH-AMR,2020-12-09,21.8,28.3,15.4,57,82,0.0,0.0,8.8,118,16.39,3.6,975.6,12.4,343.0,20.913883,77.78116
MH-AMR,2020-12-10,22.4,28.5,16.3,57,81,0.0,0.0,7.9,114,15.83,3.57,974.7,13.1,343.0,20.913883,77.78116
MH-AMR,2020-12-11,23.2,28.8,17.7,57,76,0.0,0.0,10.9,96,15.57,3.64,974.6,13.9,343.0,20.913883,77.78116
MH-AMR,2020-12-12,22.6,27.0,19.4,62,74,0.0,0.0,13.2,45,10.08,2.9,974.7,14.8,343.0,20.913883,77.78116
MH-AMR,2020-12-13,22.1,25.8,19.7,72,91,1.8,1.8,9.7,88,9.42,2.28,973.9,16.5,343.0,20.913883,77.78116
MH-AMR,2020-12-14,22.6,26.6,19.5,69,87,1.4,1.4,12.0,101,11.12,2.73,973.8,16.4,343.0,20.913883,77.78116
MH-AMR,2020-12-15,23.1,27.4,19.9,68,80,0.0,0.0,12.5,112,14.2,3.24,975.4,16.6,343.0,20.913883,77.78116
MH-AMR,2020-12-16,22.9,28.3,18.6,68,89,0.0,0.0,12.0,85,15.45,3.35,976.5,16.4,343.0,20.913883,77.78116
MH-AMR,2020-12-17,21.6,26.4,17.7,77,95,0.2,0.2,14.0,45,13.13,2.77,977.1,17.0,343.0,20.913883,77.78116
MH-AMR,2020-12-18,21.8,26.6,17.5,68,91,0.0,0.0,10.9,42,14.95,3.13,977.1,15.0,343.0,20.913883,77.78116
MH-AMR,2020-12-19,20.3,26.0,15.7,63,84,0.0,0.0,11.7,61,16.49,3.54,977.6,12.5,343.0,20.913883,77.78116
MH-AMR,2020-12-20,18.8,25.8,13.1,46,64,0.0,0.0,11.6,67,17.23,3.77,978.2,5.8,343.0,20.913883,77.78116
MH-AMR,2020-12-21,18.3,25.8,12.2,48,68,0.0,0.0,10.1,88,17.33,3.84,976.5,6.0,343.0,20.913883,77.78116
MH-AMR,2020-12-22,18.4,26.1,11.7,51,78,0.0,0.0,10.1,92,17.16,3.57,975.2,7.2,343.0,20.913883,77.78116
MH-AMR,2020-12-23,18.3,26.0,11.5,51,79,0.0,0.0,10.5,98,17.09,3.7,973.9,7.0,343.0,20.913883,77.78116
MH-AMR,2020-12-24,19.1,26.4,11.6,53,77,0.0,0.0,8.8,92,16.8,3.57,973.5,8.5,343.0,20.913883,77.78116
MH-AMR,2020-12-25,19.4,26.8,13.8,51,67,0.0,0.0,12.0,84,16.87,3.82,974.7,8.3,343.0,20.913883,77.78116
MH-AMR,2020-12-26,19.3,26.8,13.1,53,80,0.0,0.0,10.2,100,16.93,3.65,975.3,8.8,343.0,20.913883,77.78116
MH-AMR,2020-12-27,20.3,27.9,13.2,55,82,0.0,0.0,9.7,115,16.51,3.57,974.1,10.4,343.0,20.913883,77.78116
MH-AMR,2020-12-28,21.3,27.8,15.4,58,77,0.0,0.0,11.0,341,16.44,3.58,973.6,12.4,343.0,20.913883,77.78116
MH-AMR,2020-12-29,21.1,27.5,15.6,59,79,0.0,0.0,11.6,86,16.42,3.74,973.9,12.4,343.0,20.913883,77.78116
MH-AMR,2020-12-30,21.2,27.8,15.5,62,88,0.0,0.0,10.9,100,16.42,3.68,974.7,13.1,343.0,20.913883,77.78116
MH-AMR,2020-12-31,20.9,27.4,15.4,58,82,0.0,0.0,11.5,100,16.53,3.81,975.4,11.9,343.0,20.913883,77.78116
MH-AMR,2021-01-01,21.2,27.7,16.2,57,72,0.0,0.0,11.6,102,16.48,3.92,975.6,11.9,343.0,20.913883,77.78116
MH-AMR,2021-01-02,21.6,27.2,17.1,59,76,0.0,0.0,12.0,114,15.25,3.59,975.4,12.9,343.0,20.913883,77.78116
MH-AMR,2021-01-03,22.3,28.3,18.2,56,71,0.0,0.0,10.1,119,16.26,3.97,973.7,12.8,343.0,20.913883,77.78116
MH-AMR,2021-01-04,21.8,27.5,17.1,63,82,0.0,0.0,12.5,105,11.39,2.95,973.8,14.1,343.0,20.913883,77.78116
MH-AMR,2021-01-05,20.6,22.7,19.3,67,77,0.3,0.3,11.9,84,3.42,1.45,974.9,14.3,343.0,20.913883,77.78116
MH-AMR,2021-01-06,22.9,28.6,18.0,64,82,0.0,0.0,6.9,50,14.38,3.11,973.9,15.2,343.0,20.913883,77.78116
MH-AMR,2021-01-07,23.8,28.7,19.1,65,82,0.0,0.0,9.0,106,11.07,2.82,972.5,16.4,343.0,20.913883,77.78116
MH-AMR,2021-01-08,23.9,28.7,21.5,69,92,0.9,0.9,12.4,73,9.8,2.56,971.8,17.7,343.0,20.913883,77.78116
MH-AMR,2021-01-09,24.9,29.9,20.9,54,74,0.0,0.0,13.3,111,15.38,4.07,972.6,14.4,343.0,20.913883,77.78116
MH-AMR,2021-01-10,24.0,30.2,18.7,54,80,0.0,0.0,7.3,91,16.09,3.62,973.3,13.3,343.0,20.913883,77.78116
MH-AMR,2021-01-11,24.1,30.6,18.4,58,88,0.0,0.0,10.9,39,16.81,3.9,974.3,14.6,343.0,20.913883,77.78116
MH-AMR,2021-01-12,24.1,29.6,19.3,68,92,0.0,0.0,10.8,38,15.71,3.51,974.9,17.3,343.0,20.913883,77.78116
MH-AMR,2021-01-13,21.4,28.2,16.1,57,84,0.0,0.0,10.7,35,17.71,3.93,974.5,11.6,343.0,20.913883,77.78116
MH-AMR,2021-01-14,21.0,28.3,15.0,52,72,0.0,0.0,12.0,85,17.3,3.97,974.0,10.4,343.0,20.913883,77.78116
MH-AMR,2021-01-15,21.6,28.7,14.8,50,72,0.0,0.0,9.4,99,17.54,3.96,973.0,10.2,343.0,20.913883,77.78116
MH-AMR,2021-01-16,22.9,29.2,16.7,49,63,0.0,0.0,10.1,104,17.02,3.94,971.9,11.3,343.0,20.913883,77.78116
MH-AMR,2021-01-17,23.7,29.7,17.9,49,69,0.0,0.0,14.7,110,15.61,4.32,973.1,11.8,343.0,20.913883,77.78116
MH-AMR,2021-01-18,23.7,29.3,17.7,49,72,0.0,0.0,11.8,119,16.07,4.15,974.2,11.8,343.0,20.913883,77.78116
MH-AMR,2021-01-19,25.0,30.7,19.6,55,78,0.0,0.0,12.5,248,16.33,4.06,973.3,15.0,343.0,20.913883,77.78116
MH-AMR,2021-01-20,24.7,30.6,19.3,58,84,0.0,0.0,15.7,327,17.4,4.31,973.5,15.4,343.0,20.913883,77.78116
MH-AMR,2021-01-21,23.4,29.4,18.2,53,75,0.0,0.0,11.2,31,17.91,4.1,973.8,12.7,343.0,20.913883,77.78116
MH-AMR,2021-01-22,22.5,29.7,16.3,42,53,0.0,0.0,10.6,67,18.28,4.43,973.7,8.4,343.0,20.913883,77.78116
MH-AMR,2021-01-23,23.4,30.9,15.9,48,69,0.0,0.0,10.7,27,18.35,4.37,973.0,10.9,343.0,20.913883,77.78116
MH-AMR,2021-01-24,23.6,30.3,17.0,54,83,0.0,0.0,12.4,300,18.24,4.27,973.5,13.1,343.0,20.913883,77.78116
MH-AMR,2021-01-25,22.9,29.8,16.5,54,76,0.0,0.0,11.3,4,18.31,4.23,974.4,12.5,343.0,20.913883,77.78116
MH-AMR,2021-01-26,22.9,30.1,17.0,54,73,0.0,0.0,14.1,28,18.22,4.48,974.1,12.6,343.0,20.913883,77.78116
MH-AMR,2021-01-27,22.7,29.3,16.7,56,74,0.0,0.0,16.3,66,16.96,4.07,974.3,13.1,343.0,20.913883,77.78116
MH-AMR,2021-01-28,24.3,30.7,18.9,55,79,0.0,0.0,13.6,79,16.17,4.15,974.2,14.1,343.0,20.913883,77.78116
MH-AMR,2021-01-29,22.9,28.7,18.7,54,72,0.0,0.0,15.1,28,16.61,4.36,975.4,12.8,343.0,20.913883,77.78116
MH-AMR,2021-01-30,21.0,27.9,15.1,39,53,0.0,0.0,12.9,41,18.72,4.57,975.8,6.0,343.0,20.913883,77.78116
MH-AMR,2021-01-31,21.3,28.2,15.1,35,47,0.0,0.0,12.9,68,18.76,4.59,976.2,4.9,343.0,20.913883,77.78116
MH-AMR,2021-02-01,21.8,28.8,15.6,35,48,0.0,0.0,11.4,56,19.32,4.86,978.0,5.0,343.0,20.913883,77.78116
MH-AMR,2021-02-02,22.1,29.8,15.0,34,53,0.0,0.0,11.1,90,19.67,4.6,977.8,4.7,343.0,20.913883,77.78116
MH-AMR,2021-02-03,22.2,29.9,14.3,35,68,0.0,0.0,12.9,105,19.64,4.64,976.6,4.7,343.0,20.913883,77.78116
MH-AMR,2021-02-04,22.7,29.9,14.7,28,50,0.0,0.0,13.1,121,19.64,5.2,975.9,2.7,343.0,20.913883,77.78116
MH-AMR,2021-02-05,23.3,30.0,15.5,34,56,0.0,0.0,13.6,336,18.97,4.8,974.8,6.1,343.0,20.913883,77.78116
MH-AMR,2021-02-06,22.3,28.6,17.2,45,66,0.0,0.0,16.4,19,19.18,5.28,975.4,9.2,343.0,20.913883,77.78116
MH-AMR,2021-02-07,20.4,27.3,14.8,35,54,0.0,0.0,14.5,41,20.49,5.22,977.2,3.4,343.0,20.913883,77.78116
MH-AMR,2021-02-08,20.4,28.0,13.8,36,59,0.0,0.0,13.0,57,20.59,4.92,977.2,3.9,343.0,20.913883,77.78116
MH-AMR,2021-02-09,21.4,29.4,12.3,41,76,0.0,0.0,10.8,52,20.47,4.46,975.3,6.0,343.0,20.913883,77.78116
MH-AMR,2021-02-10,22.9,30.8,13.7,37,73,0.0,0.0,11.6,4,20.43,4.87,973.5,5.9,343.0,20.913883,77.78116
MH-AMR,2021-02-11,23.6,31.4,15.2,38,65,0.0,0.0,9.7,45,20.33,4.8,972.7,7.3,343.0,20.913883,77.78116
MH-AMR,2021-02-12,24.2,31.7,16.5,38,62,0.0,0.0,10.1,69,20.2,4.8,973.4,7.9,343.0,20.913883,77.78116
MH-AMR,2021-02-13,25.3,32.5,18.0,38,57,0.0,0.0,11.7,140,20.31,5.16,974.1,9.3,343.0,20.913883,77.78116
MH-AMR,2021-02-14,26.3,32.2,21.6,37,56,0.0,0.0,11.3,217,17.4,4.86,974.1,10.0,343.0,20.913883,77.78116
MH-AMR,2021-02-15,26.2,32.6,21.1,37,56,0.0,0.0,11.0,67,18.54,4.96,972.8,9.5,343.0,20.913883,77.78116
MH-AMR,2021-02-16,26.0,32.1,20.6,39,56,0.0,0.0,15.7,332,17.33,5.27,972.1,10.4,343.0,20.913883,77.78116
MH-AMR,2021-02-17,23.5,28.2,19.8,55,74,1.0,1.0,17.7,64,16.84,4.59,974.2,13.7,343.0,20.913883,77.78116
MH-AMR,2021-02-18,22.0,27.4,17.7,64,87,1.7,1.7,13.0,84,16.54,3.8,976.0,14.3,343.0,20.913883,77.78116
MH-AMR,2021-02-19,21.4,27.3,16.4,60,84,0.0,0.0,8.4,101,16.0,3.57,977.4,12.5,343.0,20.913883,77.78116
MH-AMR,2021-02-20,22.9,29.5,17.1,50,76,0.0,0.0,15.5,68,19.82,5.21,977.0,10.8,343.0,20.913883,77.78116
MH-AMR,2021-02-21,23.6,30.6,18.1,45,64,0.0,0.0,13.9,62,20.61,5.33,976.8,10.1,343.0,20.913883,77.78116
MH-AMR,2021-02-22,24.1,31.5,17.7,44,69,0.0,0.0,10.0,59,21.53,4.98,976.2,10.2,343.0,20.913883,77.78116
MH-AMR,2021-02-23,24.7,32.0,18.0,41,57,0.0,0.0,9.7,82,21.59,5.02,974.5,9.6,343.0,20.913883,77.78116
MH-AMR,2021-02-24,25.1,32.7,17.4,35,58,0.0,0.0,12.6,85,21.96,5.24,973.0,7.7,343.0,20.913883,77.78116
MH-AMR,2021-02-25,25.9,33.8,17.8,38,63,0.0,0.0,10.4,326,21.7,5.33,972.7,9.6,343.0,20.913883,77.78116
MH-AMR,2021-02-26,26.2,34.3,18.9,38,64,0.0,0.0,18.1,304,20.87,6.17,971.3,9.6,343.0,20.913883,77.78116
MH-AMR,2021-02-27,25.7,34.3,17.7,40,64,0.0,0.0,10.6,327,22.06,5.82,970.8,9.8,343.0,20.913883,77.78116
MH-AMR,2021-02-28,27.1,33.9,18.9,38,61,0.0,0.0,9.6,317,19.75,5.08,971.6,11.0,343.0,20.913883,77.78116
MH-AMR,2021-03-01,27.4,35.0,20.3,34,56,0.0,0.0,10.9,337,20.34,5.74,973.6,9.1,343.0,20.913883,77.78116
MH-AMR,2021-03-02,26.9,35.1,19.6,29,49,0.0,0.0,15.1,7,22.83,6.31,974.6,6.3,343.0,20.913883,77.78116
MH-AMR,2021-03-03,25.6,33.9,18.7,32,48,0.0,0.0,11.2,58,22.99,6.01,973.8,6.7,343.0,20.913883,77.78116
MH-AMR,2021-03-04,26.8,34.4,17.4,30,56,0.0,0.0,11.3,79,23.01,5.76,973.5,6.3,343.0,20.913883,77.78116
MH-AMR,2021-03-05,27.1,35.3,19.1,26,47,0.0,0.0,14.6,319,22.96,6.32,973.5,4.9,343.0,20.913883,77.78116
MH-AMR,2021-03-06,26.5,34.4,18.8,25,41,0.0,0.0,11.8,53,23.13,6.29,973.9,4.3,343.0,20.913883,77.78116
MH-AMR,2021-03-07,26.8,35.1,18.4,29,45,0.0,0.0,10.8,85,23.12,6.0,972.8,6.1,343.0,20.913883,77.78116
MH-AMR,2021-03-08,27.5,35.6,19.1,31,50,0.0,0.0,13.2,287,22.86,6.02,973.1,8.0,343.0,20.913883,77.78116
MH-AMR,2021-03-09,28.6,35.5,20.8,30,48,0.0,0.0,10.9,21,20.82,5.61,973.4,8.3,343.0,20.913883,77.78116
MH-AMR,2021-03-10,29.2,35.2,24.0,29,44,0.0,0.0,14.6,70,20.69,6.51,973.3,9.0,343.0,20.913883,77.78116
MH-AMR,2021-03-11,28.7,35.5,23.0,31,48,0.0,0.0,14.1,132,18.55,5.86,973.3,9.1,343.0,20.913883,77.78116
MH-AMR,2021-03-12,28.9,36.1,21.7,28,51,0.0,0.0,21.3,143,22.57,7.04,974.4,7.3,343.0,20.913883,77.78116
MH-AMR,2021-03-13,27.0,33.1,21.4,42,66,0.0,0.0,19.3,74,21.7,6.11,975.7,12.5,343.0,20.913883,77.78116
MH-AMR,2021-03-14,28.4,34.4,22.8,35,56,0.0,0.0,10.3,107,20.47,5.64,973.3,10.6,343.0,20.913883,77.78116
MH-AMR,2021-03-15,28.9,35.7,22.6,32,52,0.0,0.0,12.5,99,22.05,6.38,972.1,9.3,343.0,20.913883,77.78116
MH-AMR,2021-03-16,29.5,35.9,23.5,32,52,0.0,0.0,9.7,122,21.4,5.98,972.0,10.0,343.0,20.913883,77.78116
MH-AMR,2021-03-17,29.3,34.8,23.6,34,52,0.0,0.0,12.9,87,18.72,5.55,971.4,11.4,343.0,20.913883,77.78116
MH-AMR,2021-03-18,29.7,34.8,24.2,35,46,0.0,0.0,14.7,118,17.06,6.08,971.6,12.2,343.0,20.913883,77.78116
MH-AMR,2021-03-19,27.0,33.7,21.7,52,83,2.2,2.2,19.7,63,18.46,5.41,972.6,15.6,343.0,20.913883,77.78116
MH-AMR,2021-03-20,26.7,34.4,19.7,51,95,0.0,0.0,20.2,281,20.89,5.3,971.2,14.4,343.0,20.913883,77.78116
MH-AMR,2021-03-21,27.3,35.0,19.6,48,97,0.0,0.0,16.6,258,21.13,5.73,970.5,13.5,343.0,20.913883,77.78116
MH-AMR,2021-03-22,27.7,34.0,22.2,42,66,0.0,0.0,16.3,275,17.57,4.89,973.1,12.9,343.0,20.913883,77.78116
MH-AMR,2021-03-23,26.5,34.0,22.1,55,75,0.4,0.4,12.2,124,19.21,4.97,974.6,15.7,343.0,20.913883,77.78116
MH-AMR,2021-03-24,27.1,35.1,19.2,52,94,0.0,0.0,8.4,85,22.51,5.3,973.9,14.2,343.0,20.913883,77.78116
MH-AMR,2021-03-25,28.8,35.8,20.6,37,69,0.0,0.0,13.3,4,22.77,6.08,972.4,11.0,343.0,20.913883,77.78116
MH-AMR,2021-03-26,28.3,35.9,21.0,30,52,0.0,0.0,15.5,23,24.75,6.97,972.2,8.1,343.0,20.913883,77.78116
MH-AMR,2021-03-27,28.3,36.6,19.9,26,44,0.0,0.0,12.5,9,25.22,7.12,971.1,5.3,343.0,20.913883,77.78116
MH-AMR,2021-03-28,29.6,37.5,21.0,29,57,0.0,0.0,11.2,290,24.84,6.54,969.8,8.1,343.0,20.913883,77.78116
MH-AMR,2021-03-29,30.4,38.4,22.1,24,41,0.0,0.0,11.9,281,25.11,7.2,968.8,6.4,343.0,20.913883,77.78116
MH-AMR,2021-03-30,30.6,38.7,22.1,22,34,0.0,0.0,22.8,281,25.35,8.93,967.3,5.7,343.0,20.913883,77.78116
MH-AMR,2021-03-31,30.1,38.5,22.5,26,40,0.0,0.0,16.3,280,25.41,7.99,966.3,7.8,343.0,20.913883,77.78116
MH-AMR,2021-04-01,30.4,37.9,23.9,33,63,0.0,0.0,16.4,290,25.21,7.55,966.0,10.7,343.0,20.913883,77.78116
MH-AMR,2021-04-02,29.9,37.3,21.7,25,43,0.0,0.0,11.2,291,25.54,6.76,967.2,6.7,343.0,20.913883,77.78116
MH-AMR,2021-04-03,30.2,38.3,21.2,22,45,0.0,0.0,9.9,343,25.72,7.12,967.8,4.5,343.0,20.913883,77.78116
MH-AMR,2021-04-04,30.4,38.7,22.1,20,33,0.0,0.0,11.1,20,25.77,7.29,969.8,4.1,343.0,20.913883,77.78116
MH-AMR,2021-04-05,30.5,38.8,21.1,20,38,0.0,0.0,11.5,77,26.0,7.16,970.8,3.8,343.0,20.913883,77.78116
MH-AMR,2021-04-06,31.9,39.4,21.8,20,42,0.0,0.0,12.3,275,25.6,7.01,970.6,5.3,343.0,20.913883,77.78116
MH-AMR,2021-04-07,32.3,39.6,23.6,21,33,0.0,0.0,9.7,302,23.66,6.63,970.6,6.4,343.0,20.913883,77.78116
MH-AMR,2021-04-08,32.7,39.2,25.4,23,42,0.0,0.0,15.1,301,23.82,6.89,968.8,7.8,343.0,20.913883,77.78116
MH-AMR,2021-04-09,32.2,38.0,25.5,26,38,0.0,0.0,13.4,177,22.39,6.78,969.2,9.6,343.0,20.913883,77.78116
MH-AMR,2021-04-10,31.0,37.7,25.2,37,58,0.0,0.0,25.2,110,23.34,7.01,971.1,13.8,343.0,20.913883,77.78116
MH-AMR,2021-04-11,29.4,34.7,25.9,42,57,0.3,0.3,18.0,141,18.25,5.55,973.3,14.8,343.0,20.913883,77.78116
MH-AMR,2021-04-12,30.6,37.5,24.4,35,59,0.0,0.0,17.6,88,21.71,5.92,973.4,12.3,343.0,20.913883,77.78116
MH-AMR,2021-04-13,31.1,37.8,24.0,34,65,0.0,0.0,11.2,181,22.22,6.06,972.5,12.1,343.0,20.913883,77.78116
MH-AMR,2021-04-14,29.5,37.2,23.8,39,58,0.1,0.1,22.9,263,21.15,6.08,972.2,13.4,343.0,20.913883,77.78116
MH-AMR,2021-04-15,29.1,35.6,21.9,37,66,0.0,0.0,13.6,99,23.84,6.5,971.3,11.8,343.0,20.913883,77.78116
MH-AMR,2021-04-16,30.4,36.8,24.0,31,56,0.0,0.0,12.0,190,23.78,6.06,970.6,10.6,343.0,20.913883,77.78116
MH-AMR,2021-04-17,31.2,37.6,24.8,28,54,0.0,0.0,15.6,295,22.37,6.76,971.2,9.7,343.0,20.913883,77.78116
MH-AMR,2021-04-18,31.3,38.0,24.0,28,50,0.0,0.0,11.2,312,22.76,6.64,971.6,9.5,343.0,20.913883,77.78116
MH-AMR,2021-04-19,32.1,38.1,24.7,27,43,0.0,0.0,11.9,332,22.96,6.43,969.5,9.6,343.0,20.913883,77.78116
MH-AMR,2021-04-20,32.1,39.0,24.2,25,44,0.0,0.0,14.0,289,24.22,7.48,968.1,8.5,343.0,20.913883,77.78116
MH-AMR,2021-04-21,31.2,36.6,24.5,30,50,0.0,0.0,13.4,292,20.67,6.56,970.3,10.8,343.0,20.913883,77.78116
MH-AMR,2021-04-22,30.7,37.8,23.8,26,47,0.0,0.0,12.6,340,22.45,6.57,971.1,7.4,343.0,20.913883,77.78116
MH-AMR,2021-04-23,30.7,38.0,21.9,21,41,0.0,0.0,12.3,248,25.65,7.31,970.5,4.6,343.0,20.913883,77.78116
MH-AMR,2021-04-24,31.4,38.8,23.4,22,39,0.0,0.0,10.7,297,25.7,6.94,970.0,6.6,343.0,20.913883,77.78116
MH-AMR,2021-04-25,32.5,39.2,23.6,21,36,0.0,0.0,14.6,29,25.5,7.45,969.8,6.9,343.0,20.913883,77.78116
MH-AMR,2021-04-26,32.5,39.4,23.9,18,34,0.0,0.0,11.1,73,25.26,7.04,969.5,4.1,343.0,20.913883,77.78116
MH-AMR,2021-04-27,32.1,39.1,24.7,27,54,0.0,0.0,13.4,260,24.94,7.34,969.9,8.8,343.0,20.913883,77.78116
MH-AMR,2021-04-28,33.4,40.5,25.1,19,33,0.0,0.0,15.0,310,25.44,7.15,970.2,5.0,343.0,20.913883,77.78116
MH-AMR,2021-04-29,33.5,40.2,25.0,19,35,0.0,0.0,12.3,264,24.2,7.13,969.6,5.7,343.0,20.913883,77.78116
MH-AMR,2021-04-30,33.2,39.4,26.1,21,34,0.0,0.0,14.1,249,21.98,7.18,968.7,7.3,343.0,20.913883,77.78116
MH-AMR,2021-05-01,32.3,37.8,27.4,28,41,0.0,0.0,21.1,250,17.34,6.79,969.7,11.0,343.0,20.913883,77.78116
MH-AMR,2021-05-02,31.2,37.6,25.4,38,58,0.2,0.2,15.1,259,22.29,6.41,970.9,14.3,343.0,20.913883,77.78116
MH-AMR,2021-05-03,30.8,37.1,24.7,41,72,0.0,0.0,18.9,301,23.84,6.8,969.9,14.9,343.0,20.913883,77.78116
MH-AMR,2021-05-04,31.6,37.0,24.9,35,61,0.0,0.0,9.2,208,21.48,6.11,969.1,13.2,343.0,20.913883,77.78116
MH-AMR,2021-05-05,33.2,39.2,26.1,26,41,0.0,0.0,15.2,303,22.59,6.61,968.3,10.5,343.0,20.913883,77.78116
MH-AMR,2021-05-06,33.3,38.7,27.6,33,48,0.0,0.0,13.8,194,21.07,6.25,969.3,13.7,343.0,20.913883,77.78116
MH-AMR,2021-05-07,32.2,37.0,27.4,42,56,0.0,0.0,16.2,161,19.31,5.88,970.5,17.1,343.0,20.913883,77.78116
MH-AMR,2021-05-08,33.1,38.1,27.5,36,57,0.0,0.0,13.4,194,20.96,6.52,969.5,15.4,343.0,20.913883,77.78116
MH-AMR,2021-05-09,32.8,38.3,27.2,43,64,0.2,0.2,21.2,164,20.95,6.46,968.1,18.0,343.0,20.913883,77.78116
MH-AMR,2021-05-10,32.8,37.9,26.6,41,67,0.0,0.0,12.6,158,21.42,6.33,967.7,17.1,343.0,20.913883,77.78116
MH-AMR,2021-05-11,34.0,40.0,28.0,34,61,0.0,0.0,20.9,280,25.23,8.37,966.9,14.7,343.0,20.913883,77.78116
MH-AMR,2021-05-12,33.4,39.6,26.1,26,43,0.0,0.0,20.3,272,26.19,8.28,965.4,10.7,343.0,20.913883,77.78116
MH-AMR,2021-05-13,33.4,38.8,27.0,26,38,0.0,0.0,15.1,282,23.78,8.21,965.3,11.1,343.0,20.913883,77.78116
MH-AMR,2021-05-14,34.2,39.7,26.7,27,38,0.0,0.0,19.6,325,22.4,6.96,964.9,11.8,343.0,20.913883,77.78116
MH-AMR,2021-05-15,33.9,38.4,29.7,41,57,0.0,0.0,18.0,121,22.89,8.0,965.5,18.3,343.0,20.913883,77.78116
MH-AMR,2021-05-16,32.0,37.5,28.2,50,70,0.4,0.4,26.2,129,19.1,6.91,966.5,19.9,343.0,20.913883,77.78116
MH-AMR,2021-05-17,32.3,38.1,27.2,52,80,0.0,0.0,21.2,139,21.73,7.49,966.8,20.7,343.0,20.913883,77.78116
MH-AMR,2021-05-18,32.7,37.5,29.1,48,62,0.5,0.5,24.2,161,20.2,7.41,966.4,20.0,343.0,20.913883,77.78116
MH-AMR,2021-05-19,31.8,37.2,27.8,53,71,2.3,2.3,24.8,207,20.8,6.9,965.5,20.7,343.0,20.913883,77.78116
MH-AMR,2021-05-20,30.0,35.9,25.5,50,71,0.1,0.1,21.6,274,21.05,6.51,966.7,17.9,343.0,20.913883,77.78116
MH-AMR,2021-05-21,31.5,38.2,23.6,38,68,0.0,0.0,12.6,342,25.96,7.39,967.4,14.1,343.0,20.913883,77.78116
MH-AMR,2021-05-22,32.7,38.1,26.0,35,55,0.0,0.0,12.9,352,19.87,6.15,966.7,14.5,343.0,20.913883,77.78116
MH-AMR,2021-05-23,32.3,38.3,28.1,38,53,0.0,0.0,16.7,318,14.58,5.84,967.4,15.7,343.0,20.913883,77.78116
MH-AMR,2021-05-24,32.9,39.2,27.3,31,45,0.0,0.0,22.7,325,23.27,8.19,967.4,12.8,343.0,20.913883,77.78116
MH-AMR,2021-05-25,32.9,39.5,25.7,29,59,0.0,0.0,24.5,320,24.05,8.61,964.9,10.8,343.0,20.913883,77.78116
MH-AMR,2021-05-26,33.8,39.1,28.9,33,50,0.0,0.0,31.2,304,22.87,9.39,963.1,14.6,343.0,20.913883,77.78116
MH-AMR,2021-05-27,33.2,39.2,27.7,43,66,0.0,0.0,25.5,293,21.28,8.7,963.8,18.2,343.0,20.913883,77.78116
MH-AMR,2021-05-28,33.7,39.1,28.2,42,65,0.2,0.2,19.2,285,23.3,7.77,965.5,18.4,343.0,20.913883,77.78116
MH-AMR,2021-05-29,33.8,39.2,29.6,45,63,2.1,2.1,16.2,281,20.67,6.78,966.7,19.7,343.0,20.913883,77.78116
MH-AMR,2021-05-30,33.0,38.5,28.2,48,68,0.0,0.0,21.6,279,22.36,7.43,967.3,19.9,343.0,20.913883,77.78116
MH-AMR,2021-05-31,33.0,37.5,27.5,46,70,0.0,0.0,16.8,285,19.32,6.26,965.3,19.3,343.0,20.913883,77.78116
MH-AMR,2021-06-01,31.5,33.9,29.3,51,62,0.0,0.0,13.0,273,9.04,3.89,966.5,19.9,343.0,20.913883,77.78116
MH-AMR,2021-06-02,29.6,34.1,26.3,59,78,1.7,1.7,7.6,188,11.16,2.96,967.8,20.4,343.0,20.913883,77.78116
MH-AMR,2021-06-03,30.9,34.8,26.8,52,73,0.3,0.3,14.4,216,13.5,4.47,968.6,19.5,343.0,20.913883,77.78116
MH-AMR,2021-06-04,28.4,33.5,25.0,65,87,3.0,3.0,13.0,174,10.95,3.26,969.7,20.7,343.0,20.913883,77.78116
MH-AMR,2021-06-05,29.0,34.7,25.1,68,94,3.8,3.8,11.8,238,17.97,4.53,968.8,21.8,343.0,20.913883,77.78116
MH-AMR,2021-06-06,29.2,35.6,25.1,67,94,5.3,5.3,16.1,247,21.52,5.12,968.4,21.9,343.0,20.913883,77.78116
MH-AMR,2021-06-07,28.8,34.0,24.4,72,96,3.5,3.5,14.3,275,20.67,5.09,967.9,22.9,343.0,20.913883,77.78116
MH-AMR,2021-06-08,30.1,36.4,25.9,63,82,1.7,1.7,19.5,273,21.64,5.8,966.3,21.8,343.0,20.913883,77.78116
MH-AMR,2021-06-09,28.7,34.7,24.1,73,96,6.4,6.4,18.5,271,19.11,4.8,965.0,23.0,343.0,20.913883,77.78116
MH-AMR,2021-06-10,27.8,32.5,24.7,77,89,3.8,3.8,22.7,269,15.75,4.15,963.8,23.2,343.0,20.913883,77.78116
MH-AMR,2021-06-11,29.5,34.7,24.8,62,80,0.5,0.5,25.8,274,14.59,5.35,962.9,21.3,343.0,20.913883,77.78116
MH-AMR,2021-06-12,27.8,33.1,24.8,72,89,2.1,2.1,22.4,262,9.6,3.19,963.0,22.1,343.0,20.913883,77.78116
MH-AMR,2021-06-13,29.4,34.4,25.1,70,90,3.9,3.9,23.5,286,16.62,4.69,962.4,22.9,343.0,20.913883,77.78116
MH-AMR,2021-06-14,29.6,33.2,26.2,64,77,1.1,1.1,23.1,281,17.15,5.1,961.7,21.9,343.0,20.913883,77.78116
MH-AMR,2021-06-15,28.9,33.8,25.3,69,87,2.1,2.1,22.7,266,15.1,4.47,960.9,22.5,343.0,20.913883,77.78116
MH-AMR,2021-06-16,28.6,33.9,24.4,70,95,0.4,0.4,16.3,248,19.02,4.93,962.5,22.2,343.0,20.913883,77.78116
MH-AMR,2021-06-17,27.7,31.3,25.4,74,87,2.1,2.1,19.6,253,11.04,3.55,963.5,22.4,343.0,20.913883,77.78116
MH-AMR,2021-06-18,28.2,33.3,24.6,68,84,0.8,0.8,19.8,247,19.88,5.42,964.1,21.3,343.0,20.913883,77.78116
MH-AMR,2021-06-19,28.7,33.6,25.5,62,77,0.1,0.1,24.0,244,13.65,4.9,965.4,20.4,343.0,20.913883,77.78116
MH-AMR,2021-06-20,28.9,32.9,24.9,58,73,0.7,0.7,21.7,261,16.88,5.38,966.6,19.7,343.0,20.913883,77.78116
MH-AMR,2021-06-21,29.3,34.4,25.0,58,71,0.4,0.4,22.2,276,20.29,6.02,967.0,20.0,343.0,20.913883,77.78116
MH-AMR,2021-06-22,29.7,34.5,26.3,62,77,1.1,1.1,23.2,285,19.13,5.88,966.6,21.3,343.0,20.913883,77.78116
MH-AMR,2021-06-23,27.1,31.7,24.5,79,95,11.8,11.8,19.1,269,12.64,3.43,966.4,23.1,343.0,20.913883,77.78116
MH-AMR,2021-06-24,25.8,28.7,23.5,85,95,3.8,3.8,23.0,269,9.61,2.64,966.5,23.0,343.0,20.913883,77.78116
MH-AMR,2021-06-25,26.4,30.2,23.6,80,93,4.7,4.7,20.5,275,10.71,3.01,965.5,22.7,343.0,20.913883,77.78116
MH-AMR,2021-06-26,28.5,32.8,24.7,70,83,1.2,1.2,19.9,283,18.76,4.99,965.5,22.4,343.0,20.913883,77.78116
MH-AMR,2021-06-27,27.8,33.0,24.4,79,96,20.9,20.9,15.0,288,16.67,4.08,967.0,23.6,343.0,20.913883,77.78116
MH-AMR,2021-06-28,27.2,32.7,23.6,83,99,11.4,11.4,11.1,258,19.41,4.21,967.1,23.9,343.0,20.913883,77.78116
MH-AMR,2021-06-29,28.1,31.9,24.2,80,97,1.2,1.2,14.4,259,20.63,4.56,966.9,24.3,343.0,20.913883,77.78116
MH-AMR,2021-06-30,29.6,34.2,26.1,71,85,1.7,1.7,17.8,271,21.63,5.43,966.1,23.5,343.0,20.913883,77.78116
MH-AMR,2021-07-01,29.4,33.7,26.3,69,83,1.6,1.6,18.1,265,21.89,5.6,964.8,22.9,343.0,20.913883,77.78116
MH-AMR,2021-07-02,28.9,32.4,25.9,61,76,0.1,0.1,21.3,262,15.47,4.94,965.5,20.5,343.0,20.913883,77.78116
MH-AMR,2021-07-03,29.4,33.8,25.5,58,76,0.0,0.0,18.0,273,22.17,6.03,966.8,19.9,343.0,20.913883,77.78116
MH-AMR,2021-07-04,30.3,35.0,26.2,55,73,0.0,0.0,16.5,286,23.73,6.38,967.0,19.9,343.0,20.913883,77.78116
MH-AMR,2021-07-05,31.0,36.0,26.2,52,70,0.0,0.0,13.4,292,23.74,6.28,966.8,19.6,343.0,20.913883,77.78116
MH-AMR,2021-07-06,31.1,35.6,26.6,55,70,0.4,0.4,12.0,297,21.48,5.57,965.8,20.8,343.0,20.913883,77.78116
MH-AMR,2021-07-07,31.3,35.2,27.9,58,68,1.2,1.2,20.4,278,20.12,5.43,965.3,21.8,343.0,20.913883,77.78116
MH-AMR,2021-07-08,27.0,29.7,24.9,77,97,3.1,3.1,15.4,246,6.43,2.38,965.7,22.4,343.0,20.913883,77.78116
MH-AMR,2021-07-09,26.0,29.1,24.3,89,96,13.7,13.7,10.9,258,12.2,2.62,964.1,23.9,343.0,20.913883,77.78116
MH-AMR,2021-07-10,27.1,30.3,23.9,84,99,13.8,13.8,11.9,275,16.37,3.54,962.8,23.9,343.0,20.913883,77.78116
MH-AMR,2021-07-11,26.7,30.2,24.4,88,97,31.4,31.4,9.8,228,12.97,2.8,962.5,24.4,343.0,20.913883,77.78116
MH-AMR,2021-07-12,27.3,31.6,24.1,83,97,5.9,5.9,15.6,116,19.19,4.21,962.8,24.0,343.0,20.913883,77.78116
MH-AMR,2021-07-13,27.5,32.2,24.3,82,96,8.8,8.8,10.8,108,20.29,4.37,962.7,24.0,343.0,20.913883,77.78116
MH-AMR,2021-07-14,26.5,31.1,24.0,88,98,26.7,26.7,8.5,311,15.45,3.23,962.8,24.2,343.0,20.913883,77.78116
MH-AMR,2021-07-15,27.5,31.7,24.4,79,100,1.6,1.6,17.4,110,21.56,4.89,962.9,23.3,343.0,20.913883,77.78116
MH-AMR,2021-07-16,27.9,31.6,24.7,78,89,0.8,0.8,15.0,129,20.77,4.74,966.0,23.5,343.0,20.913883,77.78116
MH-AMR,2021-07-17,28.7,32.3,25.5,80,92,1.0,1.0,7.8,177,21.23,4.64,966.5,24.8,343.0,20.913883,77.78116
MH-AMR,2021-07-18,28.3,32.9,25.3,82,96,10.2,10.2,11.5,254,20.38,4.41,964.7,24.8,343.0,20.913883,77.78116
MH-AMR,2021-07-19,27.4,31.3,24.4,84,97,3.2,3.2,16.4,252,20.39,4.38,963.4,24.3,343.0,20.913883,77.78116
MH-AMR,2021-07-20,26.1,28.3,24.2,84,94,7.1,7.1,21.5,272,9.42,2.54,965.2,23.2,343.0,20.913883,77.78116
MH-AMR,2021-07-21,24.4,25.5,23.5,94,97,37.3,37.3,21.0,265,4.86,1.2,963.1,23.3,343.0,20.913883,77.78116
MH-AMR,2021-07-22,24.4,25.9,23.2,95,98,100.6,100.6,21.1,284,3.81,0.95,959.5,23.6,343.0,20.913883,77.78116
MH-AMR,2021-07-23,25.2,26.9,24.1,94,97,20.7,20.7,19.8,270,5.27,1.24,960.2,24.2,343.0,20.913883,77.78116
MH-AMR,2021-07-24,25.9,28.4,23.6,86,95,2.1,2.1,24.9,270,9.32,2.49,961.7,23.3,343.0,20.913883,77.78116
MH-AMR,2021-07-25,25.9,28.2,24.1,84,90,4.6,4.6,28.0,259,10.05,2.77,962.6,22.8,343.0,20.913883,77.78116
MH-AMR,2021-07-26,26.5,28.6,24.7,78,85,5.1,5.1,23.8,257,10.14,3.12,963.8,22.2,343.0,20.913883,77.78116
MH-AMR,2021-07-27,26.5,30.2,24.2,76,84,1.2,1.2,27.8,266,16.6,4.29,963.5,21.8,343.0,20.913883,77.78116
MH-AMR,2021-07-28,25.7,28.3,24.3,79,87,1.3,1.3,21.1,263,9.55,2.9,964.4,21.8,343.0,20.913883,77.78116
MH-AMR,2021-07-29,24.8,27.4,23.2,85,93,4.7,4.7,25.7,260,6.75,2.08,965.0,22.1,343.0,20.913883,77.78116
MH-AMR,2021-07-30,24.3,25.6,23.1,89,94,17.4,17.4,22.5,256,6.19,1.7,965.1,22.3,343.0,20.913883,77.78116
MH-AMR,2021-07-31,26.3,28.7,23.8,75,82,1.2,1.2,31.4,271,16.97,4.52,965.2,21.4,343.0,20.913883,77.78116
MH-AMR,2021-08-01,26.0,28.8,24.3,77,85,1.9,1.9,28.5,265,14.26,3.88,964.2,21.5,343.0,20.913883,77.78116
MH-AMR,2021-08-02,25.1,28.2,23.6,82,94,3.3,3.3,26.8,260,10.22,2.87,965.1,21.8,343.0,20.913883,77.78116
MH-AMR,2021-08-03,25.3,28.5,23.4,80,93,0.3,0.3,25.1,263,14.91,3.55,966.8,21.5,343.0,20.913883,77.78116
MH-AMR,2021-08-04,26.0,29.4,23.9,80,89,0.7,0.7,24.9,259,14.97,3.63,966.8,22.1,343.0,20.913883,77.78116
MH-AMR,2021-08-05,25.5,27.2,24.4,84,93,4.5,4.5,24.5,269,6.47,2.01,965.1,22.5,343.0,20.913883,77.78116
MH-AMR,2021-08-06,25.7,28.6,23.8,82,91,1.0,1.0,23.9,267,13.91,3.28,964.6,22.3,343.0,20.913883,77.78116
MH-AMR,2021-08-07,26.5,30.5,23.3,78,92,0.3,0.3,20.9,271,20.85,4.61,966.1,22.1,343.0,20.913883,77.78116
MH-AMR,2021-08-08,26.8,30.3,23.5,82,94,0.8,0.8,12.9,249,19.43,4.1,967.6,23.4,343.0,20.913883,77.78116
MH-AMR,2021-08-09,27.3,31.2,23.7,79,94,0.7,0.7,16.0,274,22.47,4.83,968.2,23.2,343.0,20.913883,77.78116
MH-AMR,2021-08-10,27.5,31.5,24.5,74,93,0.2,0.2,18.6,280,22.67,5.2,967.9,22.3,343.0,20.913883,77.78116
MH-AMR,2021-08-11,27.0,31.1,24.1,72,83,0.3,0.3,17.9,281,16.24,4.15,968.1,21.5,343.0,20.913883,77.78116
MH-AMR,2021-08-12,27.4,32.0,23.8,74,92,0.4,0.4,14.4,284,21.93,5.01,968.7,22.2,343.0,20.913883,77.78116
MH-AMR,2021-08-13,27.4,31.5,24.3,74,91,0.4,0.4,14.4,281,22.89,5.13,967.5,22.1,343.0,20.913883,77.78116
MH-AMR,2021-08-14,27.2,31.0,24.6,73,88,0.2,0.2,17.7,282,19.89,4.71,965.9,21.7,343.0,20.913883,77.78116
MH-AMR,2021-08-15,27.1,30.9,24.3,76,86,0.4,0.4,18.3,287,20.43,4.63,966.2,22.4,343.0,20.913883,77.78116
MH-AMR,2021-08-16,27.3,31.4,24.1,79,95,4.2,4.2,11.0,290,19.75,4.37,967.4,23.1,343.0,20.913883,77.78116
MH-AMR,2021-08-17,25.6,28.6,24.2,93,97,26.9,26.9,14.8,275,8.44,1.85,966.7,24.2,343.0,20.913883,77.78116
MH-AMR,2021-08-18,24.5,26.8,23.2,95,99,43.9,43.9,14.8,275,8.82,1.76,965.1,23.6,343.0,20.913883,77.78116
MH-AMR,2021-08-19,24.6,26.8,23.3,94,99,21.9,21.9,13.5,273,9.29,1.91,964.7,23.5,343.0,20.913883,77.78116
MH-AMR,2021-08-20,23.9,25.9,22.8,95,99,19.6,19.6,13.8,262,7.48,1.53,965.9,23.1,343.0,20.913883,77.78116
MH-AMR,2021-08-21,24.5,28.7,22.8,93,99,83.3,83.3,11.0,247,11.55,2.37,967.6,23.1,343.0,20.913883,77.78116
MH-AMR,2021-08-22,25.9,29.4,23.2,87,98,2.3,2.3,12.8,241,18.55,3.75,968.6,23.4,343.0,20.913883,77.78116
MH-AMR,2021-08-23,26.7,30.7,23.2,81,97,1.2,1.2,15.3,262,21.0,4.41,968.5,23.0,343.0,20.913883,77.78116
MH-AMR,2021-08-24,26.9,30.6,23.3,79,94,0.6,0.6,14.4,264,21.17,4.58,968.2,22.7,343.0,20.913883,77.78116
MH-AMR,2021-08-25,26.8,30.8,23.4,77,94,0.1,0.1,20.0,273,23.3,5.02,966.8,22.1,343.0,20.913883,77.78116
MH-AMR,2021-08-26,26.4,30.6,23.2,75,90,0.0,0.0,18.9,270,21.97,4.87,965.6,21.3,343.0,20.913883,77.78116
MH-AMR,2021-08-27,26.4,30.4,23.0,76,94,0.5,0.5,14.2,274,22.77,4.89,965.6,21.5,343.0,20.913883,77.78116
MH-AMR,2021-08-28,26.7,30.8,22.3,76,95,0.3,0.3,10.3,298,19.8,4.38,964.3,21.7,343.0,20.913883,77.78116
MH-AMR,2021-08-29,26.5,29.7,24.2,84,97,27.0,27.0,13.0,303,15.26,3.33,963.5,23.4,343.0,20.913883,77.78116
MH-AMR,2021-08-30,25.8,29.5,23.4,91,98,26.2,26.2,8.4,351,15.34,3.13,964.4,24.0,343.0,20.913883,77.78116
MH-AMR,2021-08-31,25.7,28.7,23.9,89,97,12.3,12.3,17.5,102,14.94,3.11,965.4,23.6,343.0,20.913883,77.78116
MH-AMR,2021-09-01,25.3,28.5,23.5,90,97,18.8,18.8,16.1,157,14.12,2.88,967.3,23.5,343.0,20.913883,77.78116
MH-AMR,2021-09-02,25.7,29.4,23.4,89,97,8.6,8.6,8.9,164,18.51,3.73,967.4,23.6,343.0,20.913883,77.78116
MH-AMR,2021-09-03,26.3,29.6,23.3,87,99,9.1,9.1,6.5,236,15.6,3.2,966.5,23.8,343.0,20.913883,77.78116
MH-AMR,2021-09-04,25.7,29.5,23.6,90,99,26.9,26.9,11.1,302,14.36,2.92,966.3,23.9,343.0,20.913883,77.78116
MH-AMR,2021-09-05,25.5,29.2,22.9,89,99,3.3,3.3,14.3,287,15.37,3.14,965.8,23.5,343.0,20.913883,77.78116
MH-AMR,2021-09-06,26.0,29.9,23.5,90,99,14.0,14.0,12.9,297,14.7,3.06,965.2,24.1,343.0,20.913883,77.78116
MH-AMR,2021-09-07,26.2,29.8,23.7,88,98,25.3,25.3,15.1,43,14.99,3.12,962.7,24.0,343.0,20.913883,77.78116
MH-AMR,2021-09-08,25.6,29.0,23.8,90,98,11.9,11.9,20.0,168,12.19,2.55,963.4,23.8,343.0,20.913883,77.78116
MH-AMR,2021-09-09,26.3,29.2,23.6,81,94,1.7,1.7,22.3,243,14.66,3.4,966.5,22.7,343.0,20.913883,77.78116
MH-AMR,2021-09-10,25.9,29.4,23.4,86,94,7.4,7.4,18.2,259,16.87,3.44,966.6,23.3,343.0,20.913883,77.78116
MH-AMR,2021-09-11,26.0,29.2,23.5,87,97,10.0,10.0,12.3,249,17.72,3.59,965.4,23.6,343.0,20.913883,77.78116
MH-AMR,2021-09-12,25.9,29.5,23.0,86,97,3.9,3.9,12.8,244,16.16,3.42,963.4,23.2,343.0,20.913883,77.78116
MH-AMR,2021-09-13,25.8,28.8,23.5,89,98,8.4,8.4,16.1,259,16.28,3.28,962.4,23.7,343.0,20.913883,77.78116
MH-AMR,2021-09-14,25.8,29.4,24.0,88,97,6.2,6.2,19.2,268,11.29,2.53,962.9,23.7,343.0,20.913883,77.78116
MH-AMR,2021-09-15,25.8,28.3,23.5,82,93,0.6,0.6,23.5,260,12.22,3.06,964.7,22.4,343.0,20.913883,77.78116
MH-AMR,2021-09-16,24.8,27.3,23.5,88,96,11.5,11.5,19.8,259,9.71,2.25,966.1,22.6,343.0,20.913883,77.78116
MH-AMR,2021-09-17,25.3,27.9,23.1,84,97,2.5,2.5,21.7,257,15.18,3.25,966.3,22.3,343.0,20.913883,77.78116
MH-AMR,2021-09-18,25.7,29.8,22.7,80,95,0.0,0.0,17.0,263,20.43,4.31,968.2,21.7,343.0,20.913883,77.78116
MH-AMR,2021-09-19,26.0,29.8,22.2,81,97,0.8,0.8,12.0,249,19.41,4.04,970.1,22.4,343.0,20.913883,77.78116
MH-AMR,2021-09-20,25.4,27.9,23.9,87,94,6.2,6.2,10.4,268,9.52,2.1,969.2,23.1,343.0,20.913883,77.78116
MH-AMR,2021-09-21,24.9,27.3,22.7,92,99,10.4,10.4,10.1,269,11.7,2.36,967.8,23.4,343.0,20.913883,77.78116
MH-AMR,2021-09-22,25.8,29.4,22.8,88,98,3.1,3.1,11.2,275,16.02,3.31,965.9,23.5,343.0,20.913883,77.78116
MH-AMR,2021-09-23,26.0,29.7,23.5,90,100,4.0,4.0,9.9,276,17.32,3.48,966.2,24.0,343.0,20.913883,77.78116
MH-AMR,2021-09-24,25.3,27.8,23.5,93,99,4.3,4.3,8.6,263,11.83,2.35,967.7,24.0,343.0,20.913883,77.78116
MH-AMR,2021-09-25,25.2,29.3,23.0,91,99,7.8,7.8,10.4,274,15.04,3.01,967.6,23.5,343.0,20.913883,77.78116
MH-AMR,2021-09-26,25.6,29.7,23.0,89,98,3.7,3.7,10.9,294,15.52,3.17,965.9,23.5,343.0,20.913883,77.78116
MH-AMR,2021-09-27,26.0,30.3,23.4,87,98,19.7,19.7,16.3,6,16.1,3.38,963.9,23.7,343.0,20.913883,77.78116
MH-AMR,2021-09-28,24.6,26.2,23.8,89,94,27.1,27.1,33.9,90,7.12,1.9,962.3,22.6,343.0,20.913883,77.78116
MH-AMR,2021-09-29,25.9,29.5,22.6,80,95,1.0,1.0,17.2,153,17.56,3.77,967.8,22.1,343.0,20.913883,77.78116
MH-AMR,2021-09-30,26.9,31.0,22.5,77,95,0.4,0.4,8.1,151,19.73,4.15,969.8,22.3,343.0,20.913883,77.78116
MH-AMR,2021-10-01,26.6,30.7,23.0,86,98,6.5,6.5,6.7,68,17.49,3.64,970.2,24.0,343.0,20.913883,77.78116
MH-AMR,2021-10-02,26.0,29.8,23.2,87,99,6.7,6.7,10.2,218,15.69,3.26,970.6,23.4,343.0,20.913883,77.78116
MH-AMR,2021-10-03,26.6,30.7,23.2,86,98,5.8,5.8,10.1,272,17.08,3.52,969.9,24.0,343.0,20.913883,77.78116
MH-AMR,2021-10-04,27.3,30.8,24.6,85,96,1.5,1.5,5.2,285,18.18,3.78,969.2,24.3,343.0,20.913883,77.78116
MH-AMR,2021-10-05,27.0,31.1,24.1,86,100,3.7,3.7,10.2,18,17.84,3.78,969.7,24.3,343.0,20.913883,77.78116
MH-AMR,2021-10-06,26.9,30.0,24.0,86,98,5.3,5.3,8.9,68,15.69,3.23,969.4,24.2,343.0,20.913883,77.78116
MH-AMR,2021-10-07,27.7,31.1,23.8,83,100,2.0,2.0,5.2,36,18.86,3.9,968.7,24.4,343.0,20.913883,77.78116
MH-AMR,2021-10-08,27.3,30.7,24.1,83,97,5.9,5.9,9.1,336,17.4,3.61,968.5,24.1,343.0,20.913883,77.78116
MH-AMR,2021-10-09,26.7,31.7,24.2,86,99,1.9,1.9,16.5,289,18.93,3.9,969.2,24.0,343.0,20.913883,77.78116
MH-AMR,2021-10-10,26.9,32.0,23.2,75,100,0.0,0.0,8.7,329,21.2,4.54,969.3,21.5,343.0,20.913883,77.78116
MH-AMR,2021-10-11,26.2,31.4,21.2,73,100,0.0,0.0,8.0,281,20.75,4.34,968.5,20.5,343.0,20.913883,77.78116
MH-AMR,2021-10-12,26.7,31.4,21.7,70,96,0.0,0.0,8.3,352,20.26,4.33,968.5,20.1,343.0,20.913883,77.78116
MH-AMR,2021-10-13,26.7,32.3,21.0,68,90,0.0,0.0,8.2,324,20.64,4.55,968.2,19.9,343.0,20.913883,77.78116
MH-AMR,2021-10-14,26.9,32.6,22.2,61,82,0.0,0.0,14.1,27,21.28,5.17,967.9,18.3,343.0,20.913883,77.78116
MH-AMR,2021-10-15,26.3,31.9,21.3,57,75,0.0,0.0,12.0,23,21.44,5.09,965.7,16.7,343.0,20.913883,77.78116
MH-AMR,2021-10-16,25.6,31.0,23.3,75,97,16.2,16.2,10.4,56,14.2,3.29,965.3,20.5,343.0,20.913883,77.78116
MH-AMR,2021-10-17,24.5,27.8,22.9,91,98,35.6,35.6,14.6,78,11.07,2.23,965.3,22.9,343.0,20.913883,77.78116
MH-AMR,2021-10-18,25.5,29.2,22.7,83,98,1.9,1.9,20.8,268,17.11,3.65,966.3,22.1,343.0,20.913883,77.78116
MH-AMR,2021-10-19,24.1,29.6,19.4,75,93,0.0,0.0,15.9,278,20.91,4.45,970.6,19.1,343.0,20.913883,77.78116
MH-AMR,2021-10-20,23.4,29.7,18.1,74,97,0.0,0.0,8.3,279,21.1,4.39,973.7,17.8,343.0,20.913883,77.78116
MH-AMR,2021-10-21,23.5,30.2,17.6,66,93,0.0,0.0,8.7,314,21.04,4.46,974.1,16.0,343.0,20.913883,77.78116
MH-AMR,2021-10-22,23.7,29.6,16.9,60,85,0.0,0.0,8.9,285,21.05,4.46,974.4,14.9,343.0,20.913883,77.78116
MH-AMR,2021-10-23,24.3,29.9,18.3,59,82,0.0,0.0,9.8,355,20.68,4.25,974.6,15.3,343.0,20.913883,77.78116
MH-AMR,2021-10-24,23.8,29.5,18.0,63,86,0.0,0.0,8.7,359,19.77,4.31,974.6,15.6,343.0,20.913883,77.78116
MH-AMR,2021-10-25,23.8,29.6,18.9,58,78,0.0,0.0,10.0,14,20.32,4.5,974.1,14.4,343.0,20.913883,77.78116
MH-AMR,2021-10-26,23.3,29.4,17.4,62,86,0.0,0.0,8.6,30,19.74,4.22,973.2,15.2,343.0,20.913883,77.78116
MH-AMR,2021-10-27,24.2,29.7,19.5,63,82,0.0,0.0,11.8,41,19.1,4.38,974.2,16.4,343.0,20.913883,77.78116
MH-AMR,2021-10-28,23.9,29.3,20.3,55,73,0.0,0.0,14.1,41,19.7,4.87,974.9,14.0,343.0,20.913883,77.78116
MH-AMR,2021-10-29,22.8,28.9,17.8,52,65,0.0,0.0,14.3,37,20.25,5.0,975.9,12.1,343.0,20.913883,77.78116
MH-AMR,2021-10-30,22.7,29.0,17.8,51,63,0.0,0.0,13.3,27,19.92,4.78,976.2,11.7,343.0,20.913883,77.78116
MH-AMR,2021-10-31,22.9,28.8,16.8,56,76,0.0,0.0,11.1,10,20.19,4.5,975.2,12.9,343.0,20.913883,77.78116
MH-AMR,2021-11-01,22.6,28.8,16.2,60,82,0.0,0.0,9.7,61,19.85,4.2,974.1,13.9,343.0,20.913883,77.78116
MH-AMR,2021-11-02,23.0,29.4,17.0,62,77,0.0,0.0,11.6,65,19.51,4.3,974.0,15.1,343.0,20.913883,77.78116
MH-AMR,2021-11-03,24.3,29.8,19.5,64,85,0.0,0.0,11.1,63,18.55,3.94,973.8,16.7,343.0,20.913883,77.78116
MH-AMR,2021-11-04,24.4,29.2,19.6,70,89,0.0,0.0,10.0,68,17.35,3.7,973.6,18.3,343.0,20.913883,77.78116
MH-AMR,2021-11-05,24.4,29.7,19.9,67,84,0.0,0.0,9.7,63,17.61,3.88,973.2,17.5,343.0,20.913883,77.78116
MH-AMR,2021-11-06,24.3,29.5,19.0,61,81,0.0,0.0,9.2,46,18.38,4.14,972.4,16.0,343.0,20.913883,77.78116
MH-AMR,2021-11-07,23.9,29.2,19.3,53,65,0.0,0.0,11.5,73,19.0,4.46,972.6,13.3,343.0,20.913883,77.78116
MH-AMR,2021-11-08,23.1,29.5,17.8,51,65,0.0,0.0,13.2,64,19.14,4.61,973.8,11.8,343.0,20.913883,77.78116
MH-AMR,2021-11-09,22.9,29.7,17.1,52,73,0.0,0.0,12.7,56,19.02,4.56,974.3,11.6,343.0,20.913883,77.78116
MH-AMR,2021-11-10,22.9,29.4,17.3,48,67,0.0,0.0,13.6,47,19.0,4.79,973.6,10.9,343.0,20.913883,77.78116
MH-AMR,2021-11-11,22.8,28.8,17.8,50,64,0.0,0.0,15.9,43,17.68,4.75,972.1,11.7,343.0,20.913883,77.78116
MH-AMR,2021-11-12,24.5,29.8,19.5,59,73,0.0,0.0,14.0,51,15.12,4.13,971.8,15.8,343.0,20.913883,77.78116
MH-AMR,2021-11-13,25.7,30.6,21.8,66,76,0.5,0.5,14.3,57,15.12,3.91,971.7,18.7,343.0,20.913883,77.78116
MH-AMR,2021-11-14,25.4,29.8,22.2,75,93,0.8,0.8,13.1,80,14.22,3.34,971.4,20.4,343.0,20.913883,77.78116
MH-AMR,2021-11-15,25.6,30.7,21.3,65,89,0.0,0.0,10.5,71,16.01,3.81,970.5,18.3,343.0,20.913883,77.78116
MH-AMR,2021-11-16,25.7,30.4,21.4,59,67,0.0,0.0,13.4,76,13.9,4.02,971.1,17.0,343.0,20.913883,77.78116
MH-AMR,2021-11-17,26.3,30.5,23.3,66,81,0.6,0.6,15.1,95,12.95,3.65,972.7,19.3,343.0,20.913883,77.78116
MH-AMR,2021-11-18,26.5,31.4,22.2,69,92,0.0,0.0,12.3,93,16.28,4.0,971.6,20.1,343.0,20.913883,77.78116
MH-AMR,2021-11-19,27.0,31.8,23.0,57,73,0.0,0.0,16.8,95,16.46,4.7,969.7,17.2,343.0,20.913883,77.78116
MH-AMR,2021-11-20,25.8,30.6,22.2,69,94,4.3,4.3,15.4,86,10.48,3.16,969.8,19.6,343.0,20.913883,77.78116
MH-AMR,2021-11-21,25.7,30.5,21.7,74,97,12.3,12.3,12.6,97,13.99,3.28,972.2,20.4,343.0,20.913883,77.78116
MH-AMR,2021-11-22,25.7,30.2,22.9,76,90,0.5,0.5,7.6,62,13.15,2.92,973.4,21.0,343.0,20.913883,77.78116
MH-AMR,2021-11-23,25.7,30.8,21.3,74,98,0.0,0.0,7.7,8,15.59,3.37,972.9,20.2,343.0,20.913883,77.78116
MH-AMR,2021-11-24,26.3,31.3,21.6,63,82,0.0,0.0,9.7,65,15.76,3.68,973.4,18.4,343.0,20.913883,77.78116
MH-AMR,2021-11-25,25.5,30.9,20.7,63,85,0.0,0.0,7.4,26,16.91,3.76,973.9,17.4,343.0,20.913883,77.78116
MH-AMR,2021-11-26,24.7,30.5,19.6,54,78,0.0,0.0,10.1,53,17.06,4.02,974.3,14.3,343.0,20.913883,77.78116
MH-AMR,2021-11-27,23.5,29.7,17.9,44,66,0.0,0.0,10.7,85,17.4,4.67,975.0,10.0,343.0,20.913883,77.78116
MH-AMR,2021-11-28,22.0,28.8,16.7,44,59,0.0,0.0,14.9,87,17.33,4.59,976.0,8.4,343.0,20.913883,77.78116
MH-AMR,2021-11-29,21.9,28.8,16.7,46,62,0.0,0.0,15.1,62,16.64,4.45,976.2,9.0,343.0,20.913883,77.78116
MH-AMR,2021-11-30,22.3,28.4,17.7,46,65,0.1,0.1,13.4,73,14.18,4.09,976.0,9.7,343.0,20.913883,77.78116
MH-AMR,2021-12-01,23.1,29.0,18.8,50,65,0.0,0.0,12.7,73,16.31,4.23,974.7,11.8,343.0,20.913883,77.78116
MH-AMR,2021-12-02,22.4,27.1,18.7,52,64,0.0,0.0,15.2,74,10.3,3.37,974.2,11.6,343.0,20.913883,77.78116
MH-AMR,2021-12-03,22.2,27.5,19.3,59,79,0.3,0.3,12.4,71,12.14,3.38,974.8,13.4,343.0,20.913883,77.78116
MH-AMR,2021-12-04,23.0,28.8,18.4,61,80,0.0,0.0,12.4,83,16.0,3.78,974.3,14.5,343.0,20.913883,77.78116
MH-AMR,2021-12-05,24.4,29.5,20.1,59,75,0.0,0.0,9.4,74,16.03,3.59,974.1,15.6,343.0,20.913883,77.78116
MH-AMR,2021-12-06,24.0,29.6,19.0,60,80,0.0,0.0,10.7,26,15.89,3.86,974.1,15.4,343.0,20.913883,77.78116
MH-AMR,2021-12-07,24.2,29.4,19.6,60,79,0.0,0.0,14.2,44,15.4,3.83,975.4,15.5,343.0,20.913883,77.78116
MH-AMR,2021-12-08,23.7,28.5,19.3,58,78,0.0,0.0,12.9,71,13.67,3.56,975.8,14.6,343.0,20.913883,77.78116
MH-AMR,2021-12-09,23.7,29.4,19.8,56,77,0.0,0.0,14.5,50,15.28,3.91,977.0,13.7,343.0,20.913883,77.78116
MH-AMR,2021-12-10,23.3,29.0,18.8,58,76,0.0,0.0,13.9,47,15.45,3.88,977.8,14.2,343.0,20.913883,77.78116
MH-AMR,2021-12-11,22.8,28.6,18.7,56,76,0.0,0.0,13.0,54,15.81,3.89,977.5,13.2,343.0,20.913883,77.78116
MH-AMR,2021-12-12,21.6,27.9,17.2,56,72,0.0,0.0,14.0,83,16.5,3.9,977.6,11.9,343.0,20.913883,77.78116
MH-AMR,2021-12-13,21.2,27.2,16.3,53,75,0.0,0.0,10.2,77,16.62,3.74,976.5,10.7,343.0,20.913883,77.78116
MH-AMR,2021-12-14,21.2,27.6,16.3,53,66,0.0,0.0,10.8,90,16.18,3.83,975.6,10.7,343.0,20.913883,77.78116
MH-AMR,2021-12-15,21.4,26.9,17.3,54,68,0.0,0.0,10.5,115,15.81,3.61,976.0,11.3,343.0,20.913883,77.78116
MH-AMR,2021-12-16,21.0,26.7,16.2,58,74,0.0,0.0,11.2,121,15.72,3.56,976.7,12.0,343.0,20.913883,77.78116
MH-AMR,2021-12-17,20.8,26.6,15.5,58,79,0.0,0.0,10.6,88,15.65,3.38,977.2,11.9,343.0,20.913883,77.78116
MH-AMR,2021-12-18,20.3,25.8,15.9,65,88,0.0,0.0,12.7,44,16.1,3.4,977.4,13.2,343.0,20.913883,77.78116
MH-AMR,2021-12-19,18.7,24.0,14.2,61,80,0.0,0.0,12.5,51,16.37,3.4,978.3,10.6,343.0,20.913883,77.78116
MH-AMR,2021-12-20,17.4,23.4,11.6,42,61,0.0,0.0,12.7,80,16.89,3.62,977.9,4.0,343.0,20.913883,77.78116
MH-AMR,2021-12-21,17.8,24.7,11.0,53,82,0.0,0.0,8.4,98,16.7,3.34,976.8,7.3,343.0,20.913883,77.78116
MH-AMR,2021-12-22,18.6,26.0,11.1,54,79,0.0,0.0,8.9,88,16.57,3.34,974.9,8.5,343.0,20.913883,77.78116
MH-AMR,2021-12-23,19.9,27.4,12.7,58,82,0.0,0.0,8.5,109,16.43,3.39,974.2,10.7,343.0,20.913883,77.78116
MH-AMR,2021-12-24,20.8,28.1,14.7,60,80,0.0,0.0,10.2,241,16.14,3.59,973.6,12.4,343.0,20.913883,77.78116
MH-AMR,2021-12-25,20.6,27.4,14.5,61,84,0.0,0.0,10.6,291,16.34,3.54,974.4,12.2,343.0,20.913883,77.78116
MH-AMR,2021-12-26,21.1,27.3,15.5,55,74,0.0,0.0,9.2,18,16.27,3.61,976.0,11.1,343.0,20.913883,77.78116
MH-AMR,2021-12-27,20.9,27.5,15.5,62,81,0.0,0.0,8.3,75,16.12,3.4,976.5,12.7,343.0,20.913883,77.78116
MH-AMR,2021-12-28,21.1,28.5,17.4,76,95,6.3,6.3,27.9,166,13.94,3.23,975.1,16.1,343.0,20.913883,77.78116
MH-AMR,2021-12-29,19.2,24.2,15.5,78,100,0.1,0.1,14.3,46,13.73,2.74,976.4,14.8,343.0,20.913883,77.78116
MH-AMR,2021-12-30,18.7,23.9,14.6,71,85,0.0,0.0,14.4,80,12.54,2.86,979.3,13.1,343.0,20.913883,77.78116
MH-AMR,2021-12-31,19.5,25.2,14.7,73,92,0.0,0.0,11.3,88,15.36,3.07,980.0,14.1,343.0,20.913883,77.78116
MH-AMR,2022-01-01,20.4,25.8,15.1,72,92,0.0,0.0,12.6,92,15.67,3.05,979.5,14.7,343.0,20.913883,77.78116
MH-AMR,2022-01-02,20.6,26.4,16.1,70,92,0.0,0.0,9.8,88,15.66,3.11,978.1,14.6,343.0,20.913883,77.78116
MH-AMR,2022-01-03,20.4,26.5,15.7,69,90,0.0,0.0,9.6,95,16.46,3.26,977.3,14.0,343.0,20.913883,77.78116
MH-AMR,2022-01-04,21.2,27.3,15.5,66,90,0.0,0.0,9.5,100,16.37,3.35,976.9,13.9,343.0,20.913883,77.78116
MH-AMR,2022-01-05,21.5,27.5,15.5,60,87,0.0,0.0,10.8,121,16.32,3.75,976.1,12.8,343.0,20.913883,77.78116
MH-AMR,2022-01-06,22.5,28.3,17.3,61,81,0.0,0.0,11.1,136,15.58,3.59,974.9,14.3,343.0,20.913883,77.78116
MH-AMR,2022-01-07,22.7,28.6,17.8,57,82,0.0,0.0,14.9,136,16.65,4.31,974.6,12.9,343.0,20.913883,77.78116
MH-AMR,2022-01-08,21.7,27.1,18.2,70,92,3.9,3.9,15.7,142,12.04,2.94,974.7,15.7,343.0,20.913883,77.78116
MH-AMR,2022-01-09,20.1,24.5,17.1,85,97,5.6,5.6,13.8,9,10.46,2.13,973.8,17.2,343.0,20.913883,77.78116
MH-AMR,2022-01-10,18.9,23.4,16.4,84,96,2.7,2.7,10.2,53,10.76,2.06,975.1,16.1,343.0,20.913883,77.78116
MH-AMR,2022-01-11,18.5,22.6,15.4,85,97,1.0,1.0,10.9,72,9.57,1.83,975.0,15.7,343.0,20.913883,77.78116
MH-AMR,2022-01-12,18.4,23.4,14.9,80,97,0.6,0.6,10.8,52,14.61,2.65,974.7,14.6,343.0,20.913883,77.78116
MH-AMR,2022-01-13,19.2,24.4,15.4,69,85,0.1,0.1,13.4,76,15.44,3.23,974.6,13.1,343.0,20.913883,77.78116
MH-AMR,2022-01-14,17.8,20.3,16.1,86,95,6.3,6.3,13.6,50,8.32,1.62,974.6,15.3,343.0,20.913883,77.78116
MH-AMR,2022-01-15,18.8,24.4,14.9,78,97,0.0,0.0,10.2,72,13.37,2.55,975.9,14.4,343.0,20.913883,77.78116
MH-AMR,2022-01-16,19.1,25.0,14.3,74,94,0.0,0.0,12.1,74,17.24,3.23,977.5,14.0,343.0,20.913883,77.78116
MH-AMR,2022-01-17,19.4,25.7,14.4,70,92,0.0,0.0,10.7,53,17.08,3.46,978.3,13.4,343.0,20.913883,77.78116
MH-AMR,2022-01-18,19.9,25.7,14.8,70,91,0.0,0.0,12.4,17,17.55,3.58,976.8,13.7,343.0,20.913883,77.78116
MH-AMR,2022-01-19,19.3,25.3,14.3,64,88,0.0,0.0,10.5,9,17.87,3.64,975.0,11.8,343.0,20.913883,77.78116
MH-AMR,2022-01-20,20.1,27.4,12.9,55,81,0.0,0.0,9.4,289,17.88,3.96,971.6,10.1,343.0,20.913883,77.78116
MH-AMR,2022-01-21,20.9,27.9,14.5,53,78,0.0,0.0,16.4,299,18.09,4.29,971.5,10.2,343.0,20.913883,77.78116
MH-AMR,2022-01-22,21.4,28.3,15.0,56,82,0.0,0.0,22.2,234,17.15,4.3,969.4,11.6,343.0,20.913883,77.78116
MH-AMR,2022-01-23,19.7,24.7,15.5,57,90,0.0,0.0,21.4,282,17.9,4.32,970.3,10.0,343.0,20.913883,77.78116
MH-AMR,2022-01-24,17.0,22.9,12.2,54,73,0.0,0.0,9.4,321,18.8,3.7,972.2,7.1,343.0,20.913883,77.78116
MH-AMR,2022-01-25,16.8,22.4,11.9,55,77,0.0,0.0,12.9,12,18.75,3.77,973.2,7.0,343.0,20.913883,77.78116
MH-AMR,2022-01-26,16.7,23.0,11.7,50,67,0.0,0.0,13.4,26,18.86,4.04,974.3,5.7,343.0,20.913883,77.78116
MH-AMR,2022-01-27,16.7,23.3,11.2,49,70,0.0,0.0,12.6,34,19.09,4.09,975.6,5.5,343.0,20.913883,77.78116
MH-AMR,2022-01-28,16.4,23.5,10.9,51,71,0.0,0.0,12.1,51,19.26,3.89,976.7,5.6,343.0,20.913883,77.78116
MH-AMR,2022-01-29,17.9,25.5,10.3,52,81,0.0,0.0,10.5,47,19.44,3.84,976.6,6.9,343.0,20.913883,77.78116
MH-AMR,2022-01-30,19.3,26.8,10.3,49,85,0.0,0.0,10.8,338,19.6,3.97,974.3,6.5,343.0,20.913883,77.78116
MH-AMR,2022-01-31,20.1,28.5,10.8,48,87,0.0,0.0,10.9,308,19.47,4.35,972.7,7.8,343.0,20.913883,77.78116
MH-AMR,2022-02-01,20.4,28.9,12.5,47,70,0.0,0.0,11.0,329,19.47,4.56,972.1,7.9,343.0,20.913883,77.78116
MH-AMR,2022-02-02,21.6,29.5,13.1,47,74,0.0,0.0,11.0,0,19.52,4.48,972.3,8.8,343.0,20.913883,77.78116
MH-AMR,2022-02-03,22.3,29.6,15.6,44,74,0.0,0.0,20.1,264,19.39,5.07,969.6,8.5,343.0,20.913883,77.78116
MH-AMR,2022-02-04,19.2,25.3,14.3,46,76,0.0,0.0,14.1,306,20.05,4.69,971.1,6.2,343.0,20.913883,77.78116
MH-AMR,2022-02-05,18.6,26.5,11.5,38,71,0.0,0.0,9.0,27,20.33,4.39,973.0,2.2,343.0,20.913883,77.78116
MH-AMR,2022-02-06,20.1,27.9,13.0,42,62,0.0,0.0,11.0,83,19.99,4.54,975.1,6.0,343.0,20.913883,77.78116
MH-AMR,2022-02-07,22.0,29.3,13.8,45,68,0.0,0.0,8.1,81,19.77,4.35,975.0,8.9,343.0,20.913883,77.78116
MH-AMR,2022-02-08,23.1,30.7,15.8,50,71,0.0,0.0,11.7,111,18.49,4.61,973.4,11.4,343.0,20.913883,77.78116
MH-AMR,2022-02-09,24.0,30.0,19.3,53,77,0.0,0.0,13.9,247,18.79,4.77,972.9,13.3,343.0,20.913883,77.78116
MH-AMR,2022-02-10,22.2,27.9,17.6,46,62,0.0,0.0,15.5,29,19.88,4.93,974.9,9.4,343.0,20.913883,77.78116
MH-AMR,2022-02-11,20.1,26.5,14.6,47,71,0.0,0.0,13.0,41,20.52,4.61,975.9,7.5,343.0,20.913883,77.78116
MH-AMR,2022-02-12,20.2,27.7,13.5,43,61,0.0,0.0,13.0,54,20.81,4.74,974.7,6.3,343.0,20.913883,77.78116
MH-AMR,2022-02-13,21.1,28.7,14.3,46,67,0.0,0.0,10.7,78,20.68,4.6,972.8,8.4,343.0,20.913883,77.78116
MH-AMR,2022-02-14,22.7,29.7,16.0,42,63,0.0,0.0,13.1,102,20.52,5.1,972.2,8.4,343.0,20.913883,77.78116
MH-AMR,2022-02-15,23.6,30.6,16.7,44,68,0.0,0.0,11.4,81,18.87,4.77,971.9,9.9,343.0,20.913883,77.78116
MH-AMR,2022-02-16,23.3,28.9,17.8,53,71,0.0,0.0,12.6,93,16.98,4.22,970.3,12.7,343.0,20.913883,77.78116
MH-AMR,2022-02-17,22.2,28.0,17.7,68,85,0.5,0.5,15.8,93,16.61,3.9,970.7,15.6,343.0,20.913883,77.78116
MH-AMR,2022-02-18,23.2,28.9,17.7,66,95,0.6,0.6,14.8,87,16.9,4.0,971.9,15.7,343.0,20.913883,77.78116
MH-AMR,2022-02-19,24.3,30.1,19.6,58,75,0.1,0.1,14.8,65,17.98,4.51,973.1,15.1,343.0,20.913883,77.78116
MH-AMR,2022-02-20,24.0,31.6,17.8,55,99,0.0,0.0,17.0,328,21.12,5.4,971.2,12.2,343.0,20.913883,77.78116
MH-AMR,2022-02-21,23.0,31.5,15.3,39,66,0.0,0.0,10.2,337,21.71,5.42,971.0,6.7,343.0,20.913883,77.78116
MH-AMR,2022-02-22,24.1,32.4,15.4,38,67,0.0,0.0,12.1,112,21.59,5.39,972.9,7.7,343.0,20.913883,77.78116
MH-AMR,2022-02-23,25.1,33.5,16.8,41,65,0.0,0.0,12.1,119,21.57,5.46,974.6,10.3,343.0,20.913883,77.78116
MH-AMR,2022-02-24,25.9,33.8,19.1,45,78,0.0,0.0,13.9,204,20.3,5.51,975.1,11.7,343.0,20.913883,77.78116
MH-AMR,2022-02-25,25.4,32.3,19.4,33,49,0.0,0.0,13.3,47,21.74,5.96,975.2,7.1,343.0,20.913883,77.78116
MH-AMR,2022-02-26,26.2,33.0,19.6,39,63,0.0,0.0,15.2,127,18.95,6.01,974.9,10.3,343.0,20.913883,77.78116
MH-AMR,2022-02-27,26.9,34.1,20.6,37,57,0.0,0.0,14.2,166,19.75,5.41,974.9,10.0,343.0,20.913883,77.78116
MH-AMR,2022-02-28,26.4,33.1,20.1,39,60,0.0,0.0,12.1,133,19.88,5.23,974.5,10.6,343.0,20.913883,77.78116
MH-AMR,2022-03-01,26.6,33.5,20.8,41,64,0.0,0.0,11.9,65,20.17,5.54,975.0,10.9,343.0,20.913883,77.78116
MH-AMR,2022-03-02,26.4,32.6,20.5,39,59,0.0,0.0,14.3,62,20.6,5.75,974.9,10.5,343.0,20.913883,77.78116
MH-AMR,2022-03-03,26.6,32.6,20.9,40,60,0.0,0.0,14.5,76,18.67,5.37,974.8,11.3,343.0,20.913883,77.78116
MH-AMR,2022-03-04,26.3,32.6,19.7,46,74,0.0,0.0,13.4,64,20.28,5.15,974.9,12.9,343.0,20.913883,77.78116
MH-AMR,2022-03-05,26.9,33.0,20.3,44,74,0.2,0.2,10.8,19,20.75,5.35,973.8,12.4,343.0,20.913883,77.78116
MH-AMR,2022-03-06,26.9,33.7,20.9,38,53,0.0,0.0,12.1,66,22.09,5.86,973.2,10.5,343.0,20.913883,77.78116
MH-AMR,2022-03-07,27.1,33.2,20.8,37,55,0.0,0.0,14.5,79,19.76,5.74,973.7,10.7,343.0,20.913883,77.78116
MH-AMR,2022-03-08,26.2,33.3,20.7,45,69,0.0,0.0,21.7,25,19.44,5.46,973.8,12.4,343.0,20.913883,77.78116
MH-AMR,2022-03-09,25.3,31.7,20.7,47,65,0.0,0.0,16.8,328,16.0,4.45,973.9,12.3,343.0,20.913883,77.78116
MH-AMR,2022-03-10,26.6,33.7,19.7,43,68,0.0,0.0,11.4,355,21.03,5.26,972.8,11.8,343.0,20.913883,77.78116
MH-AMR,2022-03-11,26.9,34.4,22.2,40,52,0.9,0.9,21.1,57,19.11,5.52,972.6,11.4,343.0,20.913883,77.78116
MH-AMR,2022-03-12,27.0,34.1,20.1,34,62,0.0,0.0,11.6,41,23.02,5.9,972.5,8.7,343.0,20.913883,77.78116
MH-AMR,2022-03-13,27.3,34.8,19.2,27,47,0.0,0.0,10.2,13,23.73,6.4,972.8,5.2,343.0,20.913883,77.78116
MH-AMR,2022-03-14,27.7,35.9,18.3,29,51,0.0,0.0,10.8,42,23.67,6.1,972.5,6.7,343.0,20.913883,77.78116
MH-AMR,2022-03-15,29.5,38.7,20.5,28,51,0.0,0.0,19.9,5,23.63,6.86,970.5,7.9,343.0,20.913883,77.78116
MH-AMR,2022-03-16,30.1,39.3,21.0,26,49,0.0,0.0,19.1,351,23.7,7.37,968.9,6.6,343.0,20.913883,77.78116
MH-AMR,2022-03-17,30.2,40.2,21.0,23,42,0.0,0.0,21.7,341,23.83,7.6,968.2,5.5,343.0,20.913883,77.78116
MH-AMR,2022-03-18,30.9,39.6,22.4,24,39,0.0,0.0,20.2,2,23.86,7.52,967.6,7.1,343.0,20.913883,77.78116
MH-AMR,2022-03-19,31.0,39.2,23.0,29,50,0.0,0.0,19.7,355,21.36,6.83,966.9,9.4,343.0,20.913883,77.78116
MH-AMR,2022-03-20,30.5,38.6,22.9,30,58,0.0,0.0,21.5,358,21.43,7.02,967.0,8.8,343.0,20.913883,77.78116
MH-AMR,2022-03-21,31.0,39.7,22.7,23,49,0.0,0.0,19.1,355,20.65,7.33,968.4,5.7,343.0,20.913883,77.78116
MH-AMR,2022-03-22,30.9,38.7,22.3,24,47,0.0,0.0,12.6,12,18.45,6.15,969.1,6.4,343.0,20.913883,77.78116
MH-AMR,2022-03-23,30.7,38.8,22.5,24,44,0.0,0.0,10.5,71,20.3,6.3,968.8,6.4,343.0,20.913883,77.78116
MH-AMR,2022-03-24,32.1,39.1,24.4,22,37,0.0,0.0,13.2,114,21.1,6.06,968.3,6.7,343.0,20.913883,77.78116
MH-AMR,2022-03-25,32.6,39.1,25.0,25,45,0.0,0.0,13.7,25,21.0,6.16,969.1,9.4,343.0,20.913883,77.78116
MH-AMR,2022-03-26,32.4,39.8,25.0,24,47,0.0,0.0,18.0,355,22.68,7.23,971.1,7.9,343.0,20.913883,77.78116
MH-AMR,2022-03-27,31.8,39.8,23.3,21,46,0.0,0.0,13.1,25,24.96,7.36,971.7,4.8,343.0,20.913883,77.78116
MH-AMR,2022-03-28,31.5,39.9,23.3,20,38,0.0,0.0,16.1,347,25.09,7.23,970.9,4.5,343.0,20.913883,77.78116
MH-AMR,2022-03-29,31.5,39.9,23.2,18,30,0.0,0.0,17.1,315,25.4,8.25,969.4,2.9,343.0,20.913883,77.78116
MH-AMR,2022-03-30,31.2,40.3,23.2,19,30,0.0,0.0,14.9,292,25.44,7.95,969.0,3.5,343.0,20.913883,77.78116
MH-AMR,2022-03-31,31.2,40.3,22.4,17,32,0.0,0.0,11.5,285,25.78,7.76,969.3,1.8,343.0,20.913883,77.78116
MH-AMR,2022-04-01,31.7,40.7,22.5,18,30,0.0,0.0,13.0,282,25.66,7.89,969.2,3.0,343.0,20.913883,77.78116
MH-AMR,2022-04-02,32.2,40.3,22.9,20,38,0.0,0.0,12.2,268,25.28,6.94,970.3,4.7,343.0,20.913883,77.78116
MH-AMR,2022-04-03,33.2,41.1,25.9,20,35,0.0,0.0,15.9,348,25.16,7.65,970.1,6.1,343.0,20.913883,77.78116
MH-AMR,2022-04-04,33.0,40.4,24.6,18,37,0.0,0.0,11.7,4,25.42,6.79,970.6,4.3,343.0,20.913883,77.78116
MH-AMR,2022-04-05,32.8,40.9,25.7,25,50,0.0,0.0,11.5,257,24.34,7.23,972.3,8.1,343.0,20.913883,77.78116
MH-AMR,2022-04-06,33.3,40.8,26.1,19,32,0.0,0.0,13.7,311,25.53,7.54,972.1,5.3,343.0,20.913883,77.78116
MH-AMR,2022-04-07,33.9,41.1,26.0,22,40,0.0,0.0,14.6,161,24.97,7.38,971.3,8.1,343.0,20.913883,77.78116
MH-AMR,2022-04-08,34.0,40.7,27.3,28,46,0.0,0.0,13.0,174,22.98,6.92,970.1,11.4,343.0,20.913883,77.78116
MH-AMR,2022-04-09,34.4,40.6,27.1,27,50,0.0,0.0,19.4,200,23.07,7.34,969.1,10.9,343.0,20.913883,77.78116
MH-AMR,2022-04-10,34.6,42.1,27.2,23,45,0.0,0.0,11.7,232,24.03,6.94,968.5,8.3,343.0,20.913883,77.78116
MH-AMR,2022-04-11,34.9,41.6,26.9,20,31,0.0,0.0,13.8,314,23.57,7.39,968.0,8.0,343.0,20.913883,77.78116
MH-AMR,2022-04-12,34.2,41.2,26.6,22,36,0.0,0.0,7.4,356,21.63,6.13,967.3,9.1,343.0,20.913883,77.78116
MH-AMR,2022-04-13,35.3,41.0,29.7,24,38,0.0,0.0,15.5,182,22.55,7.24,967.1,10.8,343.0,20.913883,77.78116
MH-AMR,2022-04-14,35.2,41.8,28.8,23,39,0.0,0.0,14.0,198,22.83,7.06,966.8,9.4,343.0,20.913883,77.78116
MH-AMR,2022-04-15,33.7,41.0,25.7,20,42,0.0,0.0,16.8,284,24.49,8.22,966.9,5.0,343.0,20.913883,77.78116
MH-AMR,2022-04-16,33.2,41.0,25.6,15,27,0.0,0.0,21.7,273,26.58,9.17,966.3,1.5,343.0,20.913883,77.78116
MH-AMR,2022-04-17,33.0,40.7,23.9,16,28,0.0,0.0,11.8,237,26.24,7.9,967.0,3.1,343.0,20.913883,77.78116
MH-AMR,2022-04-18,34.2,41.9,25.3,17,29,0.0,0.0,14.9,307,26.05,8.05,969.1,4.6,343.0,20.913883,77.78116
MH-AMR,2022-04-19,34.7,42.6,25.9,17,28,0.0,0.0,16.4,333,24.88,8.6,970.1,5.2,343.0,20.913883,77.78116
MH-AMR,2022-04-20,35.5,43.1,27.3,15,22,0.0,0.0,22.1,334,22.65,7.85,968.3,4.0,343.0,20.913883,77.78116
MH-AMR,2022-04-21,35.0,41.9,28.1,19,30,0.0,0.0,23.3,309,21.38,8.16,967.7,7.3,343.0,20.913883,77.78116
MH-AMR,2022-04-22,33.6,39.9,27.8,27,37,0.0,0.0,17.3,86,23.83,7.38,970.1,11.1,343.0,20.913883,77.78116
MH-AMR,2022-04-23,33.4,38.9,28.1,33,53,0.0,0.0,17.1,166,20.32,6.91,970.2,13.8,343.0,20.913883,77.78116
MH-AMR,2022-04-24,34.7,42.2,27.8,25,47,0.0,0.0,14.4,302,24.36,7.07,969.1,9.8,343.0,20.913883,77.78116
MH-AMR,2022-04-25,34.7,41.8,26.6,17,31,0.0,0.0,16.8,338,26.18,8.14,967.8,5.4,343.0,20.913883,77.78116
MH-AMR,2022-04-26,35.4,42.4,27.5,17,28,0.0,0.0,14.9,347,25.18,7.4,968.1,5.5,343.0,20.913883,77.78116
MH-AMR,2022-04-27,35.8,43.3,27.2,16,30,0.0,0.0,13.9,335,26.49,7.99,967.9,5.1,343.0,20.913883,77.78116
MH-AMR,2022-04-28,36.0,43.3,27.7,15,27,0.0,0.0,12.3,309,25.03,7.57,968.1,4.6,343.0,20.913883,77.78116
MH-AMR,2022-04-29,35.7,43.6,27.4,15,29,0.0,0.0,16.7,294,26.47,9.06,968.2,3.4,343.0,20.913883,77.78116
MH-AMR,2022-04-30,35.6,42.6,28.5,17,27,0.0,0.0,21.6,269,24.45,8.64,966.4,6.0,343.0,20.913883,77.78116
MH-AMR,2022-05-01,34.9,41.7,27.7,22,41,0.0,0.0,17.9,280,24.41,8.9,964.9,9.2,343.0,20.913883,77.78116
MH-AMR,2022-05-02,35.3,42.1,28.9,25,41,0.0,0.0,15.1,295,24.87,8.54,965.2,11.3,343.0,20.913883,77.78116
MH-AMR,2022-05-03,35.5,41.9,28.4,23,32,0.0,0.0,11.0,290,23.67,7.36,966.4,10.9,343.0,20.913883,77.78116
MH-AMR,2022-05-04,35.1,40.8,28.2,23,37,0.0,0.0,12.8,285,24.67,7.57,968.2,10.0,343.0,20.913883,77.78116
MH-AMR,2022-05-05,35.3,41.7,28.2,19,32,0.0,0.0,15.5,297,26.68,9.18,967.5,7.0,343.0,20.913883,77.78116
MH-AMR,2022-05-06,35.4,41.7,28.6,19,33,0.0,0.0,17.4,317,24.14,8.68,967.0,7.1,343.0,20.913883,77.78116
MH-AMR,2022-05-07,35.1,41.6,27.9,20,31,0.0,0.0,17.3,19,21.25,7.71,966.9,8.5,343.0,20.913883,77.78116
MH-AMR,2022-05-08,35.1,42.4,27.4,21,37,0.0,0.0,14.4,19,22.36,7.15,965.3,8.4,343.0,20.913883,77.78116
MH-AMR,2022-05-09,36.3,43.4,27.7,16,27,0.0,0.0,20.4,23,23.23,9.23,963.1,5.4,343.0,20.913883,77.78116
MH-AMR,2022-05-10,36.8,43.7,30.6,20,35,0.0,0.0,28.6,41,22.77,10.47,963.1,9.1,343.0,20.913883,77.78116
MH-AMR,2022-05-11,35.4,41.8,29.8,31,45,0.0,0.0,20.5,68,23.22,8.05,963.2,15.0,343.0,20.913883,77.78116
MH-AMR,2022-05-12,36.1,41.5,30.4,35,51,0.0,0.0,15.3,134,20.15,7.04,963.5,17.2,343.0,20.913883,77.78116
MH-AMR,2022-05-13,36.4,42.6,31.0,29,46,0.0,0.0,16.2,239,23.47,7.67,962.9,13.9,343.0,20.913883,77.78116
MH-AMR,2022-05-14,36.3,43.6,29.8,26,46,0.0,0.0,19.6,273,23.25,8.44,963.5,12.4,343.0,20.913883,77.78116
MH-AMR,2022-05-15,36.5,42.8,30.5,28,45,0.0,0.0,16.7,272,23.33,7.89,964.8,13.9,343.0,20.913883,77.78116
MH-AMR,2022-05-16,35.9,41.1,30.3,21,31,0.0,0.0,10.2,277,21.14,6.79,965.3,9.9,343.0,20.913883,77.78116
MH-AMR,2022-05-17,36.0,43.2,28.4,20,33,0.0,0.0,17.4,289,25.26,7.8,963.9,8.8,343.0,20.913883,77.78116
MH-AMR,2022-05-18,36.2,41.3,29.6,21,33,0.0,0.0,18.9,318,21.27,7.41,964.7,9.6,343.0,20.913883,77.78116
MH-AMR,2022-05-19,35.3,41.3,30.9,37,55,0.8,0.8,14.5,166,21.33,6.69,965.7,17.7,343.0,20.913883,77.78116
MH-AMR,2022-05-20,35.7,41.7,30.6,37,57,0.0,0.0,20.8,196,23.91,7.65,964.8,17.5,343.0,20.913883,77.78116
MH-AMR,2022-05-21,35.1,41.7,29.4,32,48,0.0,0.0,25.3,270,25.21,10.3,963.3,14.9,343.0,20.913883,77.78116
MH-AMR,2022-05-22,33.9,40.0,28.1,33,52,0.0,0.0,24.2,279,25.11,10.23,962.1,14.0,343.0,20.913883,77.78116
MH-AMR,2022-05-23,33.6,39.1,28.1,37,56,0.0,0.0,22.3,277,25.25,8.81,962.4,16.0,343.0,20.913883,77.78116
MH-AMR,2022-05-24,33.5,38.6,27.5,39,54,0.0,0.0,21.1,293,24.03,7.48,965.7,17.2,343.0,20.913883,77.78116
MH-AMR,2022-05-25,34.1,40.1,28.6,37,57,0.1,0.1,20.1,280,23.88,7.41,967.6,16.4,343.0,20.913883,77.78116
MH-AMR,2022-05-26,34.4,40.1,27.9,35,59,0.0,0.0,17.1,273,23.68,8.05,966.7,16.1,343.0,20.913883,77.78116
MH-AMR,2022-05-27,34.2,40.3,28.9,29,50,0.0,0.0,21.7,273,25.89,9.44,966.0,12.6,343.0,20.913883,77.78116
MH-AMR,2022-05-28,33.8,40.0,28.0,35,57,0.0,0.0,22.0,278,25.72,9.41,965.1,15.5,343.0,20.913883,77.78116
MH-AMR,2022-05-29,33.7,39.5,28.3,38,57,0.0,0.0,24.3,286,25.63,8.94,965.2,16.8,343.0,20.913883,77.78116
MH-AMR,2022-05-30,34.6,40.4,28.8,34,55,0.0,0.0,19.4,282,24.0,8.35,965.0,15.4,343.0,20.913883,77.78116
MH-AMR,2022-05-31,35.1,41.2,30.0,34,52,0.0,0.0,18.2,282,22.98,7.88,964.5,16.1,343.0,20.913883,77.78116
MH-AMR,2022-06-01,34.9,42.1,30.2,34,50,0.7,0.7,29.8,280,21.72,8.41,964.4,16.2,343.0,20.913883,77.78116
MH-AMR,2022-06-02,35.7,42.1,29.9,27,46,0.0,0.0,22.6,307,23.06,8.83,964.3,12.9,343.0,20.913883,77.78116
MH-AMR,2022-06-03,36.8,42.5,30.1,22,37,0.0,0.0,19.4,296,22.87,9.39,963.7,10.6,343.0,20.913883,77.78116
MH-AMR,2022-06-04,36.3,41.8,31.1,22,32,0.0,0.0,19.3,296,21.19,8.65,964.3,10.8,343.0,20.913883,77.78116
MH-AMR,2022-06-05,36.6,42.8,30.5,21,30,0.0,0.0,19.1,282,21.36,7.99,964.1,9.8,343.0,20.913883,77.78116
MH-AMR,2022-06-06,36.7,43.0,30.2,20,32,0.0,0.0,19.9,284,22.91,9.31,964.1,9.8,343.0,20.913883,77.78116
MH-AMR,2022-06-07,36.5,42.0,31.0,25,42,0.0,0.0,21.6,300,24.01,9.68,964.1,12.1,343.0,20.913883,77.78116
MH-AMR,2022-06-08,35.7,41.7,30.1,30,44,0.0,0.0,21.1,294,24.23,9.41,964.4,14.8,343.0,20.913883,77.78116
MH-AMR,2022-06-09,34.6,41.0,30.4,39,54,0.4,0.4,21.7,278,23.94,8.83,964.3,18.2,343.0,20.913883,77.78116
MH-AMR,2022-06-10,34.1,40.4,29.8,40,59,0.0,0.0,19.9,264,19.47,7.15,964.8,18.3,343.0,20.913883,77.78116
MH-AMR,2022-06-11,32.2,37.6,24.3,52,93,14.6,14.6,20.9,261,18.63,6.1,965.6,20.3,343.0,20.913883,77.78116
MH-AMR,2022-06-12,29.5,34.9,24.8,66,93,3.7,3.7,18.7,251,22.35,5.58,966.3,21.9,343.0,20.913883,77.78116
MH-AMR,2022-06-13,29.9,35.5,25.0,63,93,0.4,0.4,13.4,270,23.38,6.0,967.4,21.4,343.0,20.913883,77.78116
MH-AMR,2022-06-14,30.9,36.7,26.7,58,75,0.7,0.7,15.7,254,22.1,6.24,967.0,21.2,343.0,20.913883,77.78116
MH-AMR,2022-06-15,30.8,36.1,26.3,60,80,2.4,2.4,17.0,241,18.98,5.52,966.2,21.5,343.0,20.913883,77.78116
MH-AMR,2022-06-16,28.5,34.4,23.8,71,91,16.6,16.6,12.0,205,18.91,4.56,966.6,22.4,343.0,20.913883,77.78116
MH-AMR,2022-06-17,27.7,31.4,24.3,78,95,15.0,15.0,10.9,255,12.77,3.02,966.4,23.2,343.0,20.913883,77.78116
MH-AMR,2022-06-18,28.3,32.6,25.1,75,93,11.1,11.1,10.9,192,15.07,3.77,966.7,23.2,343.0,20.913883,77.78116
MH-AMR,2022-06-19,27.5,32.7,24.6,80,95,17.2,17.2,11.6,250,17.03,3.95,966.6,23.2,343.0,20.913883,77.78116
MH-AMR,2022-06-20,27.5,33.4,23.9,79,96,25.5,25.5,18.6,261,18.99,4.53,964.6,23.0,343.0,20.913883,77.78116
MH-AMR,2022-06-21,26.7,33.0,22.9,80,96,15.4,15.4,13.8,253,19.27,4.36,963.4,22.6,343.0,20.913883,77.78116
MH-AMR,2022-06-22,27.3,32.6,23.2,79,97,6.1,6.1,11.0,257,18.08,3.95,965.2,23.0,343.0,20.913883,77.78116
MH-AMR,2022-06-23,28.4,33.9,24.2,74,96,0.0,0.0,13.5,63,22.9,5.16,966.3,23.1,343.0,20.913883,77.78116
MH-AMR,2022-06-24,27.7,33.5,24.3,80,95,5.6,5.6,13.6,184,20.23,4.48,965.2,23.7,343.0,20.913883,77.78116
MH-AMR,2022-06-25,27.9,32.5,25.3,75,89,0.0,0.0,12.3,239,10.2,2.87,962.8,22.9,343.0,20.913883,77.78116
MH-AMR,2022-06-26,28.7,32.7,26.0,71,84,1.9,1.9,11.6,232,16.0,4.08,962.7,22.7,343.0,20.913883,77.78116
MH-AMR,2022-06-27,27.9,31.8,24.9,77,95,8.9,8.9,16.7,198,16.65,3.82,964.7,23.4,343.0,20.913883,77.78116
MH-AMR,2022-06-28,27.4,31.4,23.9,81,98,10.8,10.8,17.0,264,16.58,3.83,964.5,23.6,343.0,20.913883,77.78116
MH-AMR,2022-06-29,29.0,32.9,25.3,69,86,0.1,0.1,18.1,273,21.43,5.32,963.3,22.6,343.0,20.913883,77.78116
MH-AMR,2022-06-30,27.8,32.2,24.6,78,94,4.7,4.7,14.9,268,15.56,3.8,963.2,23.5,343.0,20.913883,77.78116
MH-AMR,2022-07-01,27.9,32.8,24.2,76,92,1.5,1.5,19.3,267,20.07,4.89,963.6,22.9,343.0,20.913883,77.78116
MH-AMR,2022-07-02,27.0,30.5,24.7,79,92,5.6,5.6,18.7,269,12.34,3.32,962.7,22.9,343.0,20.913883,77.78116
MH-AMR,2022-07-03,26.6,31.2,24.4,85,96,9.4,9.4,19.7,262,16.7,3.72,962.7,23.7,343.0,20.913883,77.78116
MH-AMR,2022-07-04,25.3,28.7,23.9,91,97,24.7,24.7,16.9,267,7.31,1.77,962.1,23.6,343.0,20.913883,77.78116
MH-AMR,2022-07-05,25.6,28.7,23.5,86,98,30.8,30.8,23.9,255,12.44,2.83,960.6,23.0,343.0,20.913883,77.78116
MH-AMR,2022-07-06,26.1,30.7,22.9,84,98,4.1,4.1,15.0,272,15.47,3.48,962.9,23.0,343.0,20.913883,77.78116
MH-AMR,2022-07-07,26.0,29.8,23.8,87,98,8.6,8.6,19.2,275,12.99,2.97,964.6,23.6,343.0,20.913883,77.78116
MH-AMR,2022-07-08,25.8,29.2,23.9,86,95,6.7,6.7,20.1,279,11.73,2.83,963.3,23.2,343.0,20.913883,77.78116
MH-AMR,2022-07-09,25.6,30.0,23.1,87,97,12.7,12.7,22.6,284,14.82,3.27,961.3,23.2,343.0,20.913883,77.78116
MH-AMR,2022-07-10,24.9,28.7,23.1,90,97,13.8,13.8,21.5,281,9.59,2.24,961.6,23.1,343.0,20.913883,77.78116
MH-AMR,2022-07-11,24.3,26.8,23.2,92,98,36.5,36.5,22.0,277,5.18,1.39,962.7,23.0,343.0,20.913883,77.78116
MH-AMR,2022-07-12,24.3,27.3,23.0,93,98,27.1,27.1,24.9,278,8.09,1.74,961.7,23.1,343.0,20.913883,77.78116
MH-AMR,2022-07-13,24.3,27.8,23.1,93,98,38.8,38.8,20.5,277,8.44,1.81,958.5,23.1,343.0,20.913883,77.78116
MH-AMR,2022-07-14,25.1,28.0,23.0,88,99,24.2,24.2,22.7,276,12.1,2.73,958.0,22.9,343.0,20.913883,77.78116
MH-AMR,2022-07-15,25.1,27.7,23.2,89,98,40.6,40.6,21.1,261,9.66,2.22,960.5,23.0,343.0,20.913883,77.78116
MH-AMR,2022-07-16,26.1,31.1,23.4,86,97,11.0,11.0,14.8,248,17.99,3.76,962.7,23.5,343.0,20.913883,77.78116
MH-AMR,2022-07-17,25.9,29.4,23.8,88,96,15.9,15.9,21.4,281,11.17,2.57,963.5,23.7,343.0,20.913883,77.78116
MH-AMR,2022-07-18,24.0,24.7,23.5,93,96,95.6,95.6,28.2,265,2.66,0.96,962.5,22.9,343.0,20.913883,77.78116
MH-AMR,2022-07-19,25.2,28.0,23.4,83,92,0.5,0.5,23.8,258,9.33,2.61,965.0,22.0,343.0,20.913883,77.78116
MH-AMR,2022-07-20,26.3,30.7,23.6,81,93,0.5,0.5,22.0,268,20.76,4.54,966.0,22.7,343.0,20.913883,77.78116
MH-AMR,2022-07-21,26.4,29.9,24.0,81,92,2.3,2.3,22.1,279,16.07,3.74,966.2,22.7,343.0,20.913883,77.78116
MH-AMR,2022-07-22,25.5,28.1,24.3,87,97,6.9,6.9,18.4,284,11.62,2.61,966.4,23.1,343.0,20.913883,77.78116
MH-AMR,2022-07-23,24.0,25.1,23.5,95,98,34.3,34.3,19.8,267,5.89,1.27,964.4,23.1,343.0,20.913883,77.78116
MH-AMR,2022-07-24,24.3,27.2,23.0,91,97,20.4,20.4,20.3,260,7.53,1.74,964.3,22.8,343.0,20.913883,77.78116
MH-AMR,2022-07-25,25.7,28.9,23.1,83,96,1.2,1.2,16.4,269,13.38,3.17,966.7,22.3,343.0,20.913883,77.78116
MH-AMR,2022-07-26,24.9,28.3,23.1,90,97,14.3,14.3,14.8,267,9.97,2.16,968.5,23.1,343.0,20.913883,77.78116
MH-AMR,2022-07-27,25.4,28.3,22.6,88,98,3.2,3.2,10.8,267,14.83,3.06,968.8,23.1,343.0,20.913883,77.78116
MH-AMR,2022-07-28,26.4,30.9,23.0,85,99,1.9,1.9,9.9,287,20.66,4.33,969.8,23.4,343.0,20.913883,77.78116
MH-AMR,2022-07-29,26.5,30.3,23.8,85,96,2.3,2.3,12.7,290,14.72,3.11,969.2,23.8,343.0,20.913883,77.78116
MH-AMR,2022-07-30,27.2,30.9,24.0,83,98,0.8,0.8,8.7,284,19.8,4.19,967.7,23.8,343.0,20.913883,77.78116
MH-AMR,2022-07-31,27.6,31.5,23.8,78,95,1.1,1.1,12.0,284,22.85,4.95,966.0,23.2,343.0,20.913883,77.78116
MH-AMR,2022-08-01,27.5,31.6,24.0,75,91,0.2,0.2,12.9,282,23.56,5.17,966.0,22.6,343.0,20.913883,77.78116
MH-AMR,2022-08-02,27.7,31.3,24.2,74,91,0.2,0.2,12.1,286,21.3,4.83,965.2,22.5,343.0,20.913883,77.78116
MH-AMR,2022-08-03,27.3,31.3,24.9,83,92,3.8,3.8,9.5,309,16.62,3.62,964.6,24.0,343.0,20.913883,77.78116
MH-AMR,2022-08-04,26.7,30.3,23.7,86,96,23.4,23.4,14.7,334,18.3,3.76,964.4,24.0,343.0,20.913883,77.78116
MH-AMR,2022-08-05,26.6,30.6,23.5,86,98,33.6,33.6,12.7,161,19.19,4.06,963.1,23.9,343.0,20.913883,77.78116
MH-AMR,2022-08-06,26.5,30.7,23.6,85,97,13.6,13.6,12.7,251,19.61,4.1,961.7,23.7,343.0,20.913883,77.78116
MH-AMR,2022-08-07,25.8,30.5,23.8,90,99,12.6,12.6,12.7,282,15.17,3.06,960.8,24.1,343.0,20.913883,77.78116
MH-AMR,2022-08-08,24.9,29.3,23.6,94,100,19.6,19.6,16.9,289,10.98,2.21,959.0,23.8,343.0,20.913883,77.78116
MH-AMR,2022-08-09,24.6,26.7,23.0,93,100,30.0,30.0,20.6,263,6.25,1.46,958.5,23.3,343.0,20.913883,77.78116
MH-AMR,2022-08-10,24.2,25.4,23.4,93,98,50.9,50.9,23.5,254,5.14,1.31,957.4,23.0,343.0,20.913883,77.78116
MH-AMR,2022-08-11,25.1,27.9,23.4,87,94,14.0,14.0,19.6,229,9.61,2.27,960.3,22.8,343.0,20.913883,77.78116
MH-AMR,2022-08-12,26.1,30.3,23.7,82,95,4.2,4.2,22.2,240,18.23,4.0,963.2,22.7,343.0,20.913883,77.78116
MH-AMR,2022-08-13,25.8,30.2,23.4,83,96,9.2,9.2,24.1,262,17.97,3.9,964.4,22.5,343.0,20.913883,77.78116
MH-AMR,2022-08-14,24.7,26.7,23.2,90,97,17.0,17.0,22.7,274,7.35,1.82,965.0,23.0,343.0,20.913883,77.78116
MH-AMR,2022-08-15,23.4,24.1,22.8,94,96,32.3,32.3,26.0,262,3.37,1.02,964.1,22.3,343.0,20.913883,77.78116
MH-AMR,2022-08-16,25.2,29.2,22.9,85,95,23.8,23.8,23.8,216,17.24,3.67,966.0,22.3,343.0,20.913883,77.78116
MH-AMR,2022-08-17,26.3,30.1,22.8,78,92,1.3,1.3,18.6,231,22.31,4.79,967.7,22.0,343.0,20.913883,77.78116
MH-AMR,2022-08-18,26.7,31.0,22.9,78,94,0.6,0.6,18.0,271,21.5,4.76,967.3,22.2,343.0,20.913883,77.78116
MH-AMR,2022-08-19,26.8,30.5,23.8,79,94,0.9,0.9,20.3,280,22.5,4.96,967.0,22.6,343.0,20.913883,77.78116
MH-AMR,2022-08-20,26.1,30.6,24.1,81,89,1.8,1.8,23.3,286,18.19,4.16,966.0,22.5,343.0,20.913883,77.78116
MH-AMR,2022-08-21,25.7,29.5,23.1,82,94,3.6,3.6,26.1,279,18.15,4.08,963.9,22.3,343.0,20.913883,77.78116
MH-AMR,2022-08-22,24.2,25.9,23.0,89,94,7.1,7.1,31.1,261,9.39,2.17,962.9,22.1,343.0,20.913883,77.78116
MH-AMR,2022-08-23,26.3,30.8,23.2,78,93,0.9,0.9,16.6,248,22.06,4.72,965.1,22.0,343.0,20.913883,77.78116
MH-AMR,2022-08-24,26.4,30.3,23.6,78,94,0.1,0.1,14.0,273,20.95,4.51,968.1,22.1,343.0,20.913883,77.78116
MH-AMR,2022-08-25,26.1,30.0,22.8,79,96,0.2,0.2,12.1,284,20.08,4.27,967.8,22.0,343.0,20.913883,77.78116
MH-AMR,2022-08-26,26.1,30.1,23.0,81,93,1.4,1.4,15.8,292,21.27,4.42,967.5,22.4,343.0,20.913883,77.78116
MH-AMR,2022-08-27,26.7,30.9,22.9,76,91,0.5,0.5,15.9,288,23.33,5.1,967.3,22.0,343.0,20.913883,77.78116
MH-AMR,2022-08-28,26.3,29.8,23.3,79,87,0.2,0.2,14.9,300,19.31,4.21,967.4,22.2,343.0,20.913883,77.78116
MH-AMR,2022-08-29,25.2,28.4,23.6,87,95,8.6,8.6,8.6,316,14.35,2.97,969.2,22.9,343.0,20.913883,77.78116
MH-AMR,2022-08-30,26.4,31.2,22.8,85,97,4.2,4.2,7.7,150,20.64,4.31,969.7,23.4,343.0,20.913883,77.78116
MH-AMR,2022-08-31,26.6,31.2,23.1,86,99,6.7,6.7,10.5,183,21.03,4.37,968.7,23.9,343.0,20.913883,77.78116
MH-AMR,2022-09-01,26.6,30.6,23.2,85,99,8.7,8.7,10.0,180,19.43,4.07,968.7,23.6,343.0,20.913883,77.78116
MH-AMR,2022-09-02,27.2,31.0,23.3,83,98,1.0,1.0,7.1,204,22.18,4.58,969.7,23.7,343.0,20.913883,77.78116
MH-AMR,2022-09-03,27.9,31.8,25.0,83,98,0.5,0.5,9.1,266,19.9,4.22,968.8,24.6,343.0,20.913883,77.78116
MH-AMR,2022-09-04,25.8,29.2,23.9,90,97,15.1,15.1,14.3,264,10.97,2.35,968.4,23.9,343.0,20.913883,77.78116
MH-AMR,2022-09-05,25.6,29.6,23.6,89,99,5.8,5.8,13.7,273,15.62,3.18,968.5,23.5,343.0,20.913883,77.78116
MH-AMR,2022-09-06,26.2,30.4,23.5,86,99,0.9,0.9,12.2,295,18.5,3.82,968.1,23.5,343.0,20.913883,77.78116
MH-AMR,2022-09-07,27.0,31.2,23.5,83,99,0.9,0.9,11.4,30,19.73,4.19,968.0,23.7,343.0,20.913883,77.78116
MH-AMR,2022-09-08,27.0,31.0,23.7,84,98,15.7,15.7,11.7,68,18.69,3.93,967.6,23.9,343.0,20.913883,77.78116
MH-AMR,2022-09-09,27.1,31.9,22.2,84,100,16.0,16.0,13.8,91,20.51,4.38,967.3,23.9,343.0,20.913883,77.78116
MH-AMR,2022-09-10,26.7,32.1,23.0,85,97,2.8,2.8,13.3,34,21.34,4.46,966.0,23.7,343.0,20.913883,77.78116
MH-AMR,2022-09-11,25.2,29.7,23.3,92,99,60.8,60.8,14.4,283,12.26,2.59,963.2,23.7,343.0,20.913883,77.78116
MH-AMR,2022-09-12,24.8,28.1,23.4,91,100,23.6,23.6,11.8,267,9.33,2.03,961.3,23.2,343.0,20.913883,77.78116
MH-AMR,2022-09-13,24.3,27.2,22.8,93,99,30.0,30.0,16.2,244,8.76,1.8,963.6,23.1,343.0,20.913883,77.78116
MH-AMR,2022-09-14,25.2,29.4,23.3,88,97,23.6,23.6,25.2,235,13.76,2.84,966.6,23.0,343.0,20.913883,77.78116
MH-AMR,2022-09-15,25.4,29.7,23.3,86,97,14.9,14.9,22.7,231,15.47,3.37,967.4,22.7,343.0,20.913883,77.78116
MH-AMR,2022-09-16,24.4,28.3,23.3,90,98,21.7,21.7,20.6,253,11.49,2.4,965.7,22.6,343.0,20.913883,77.78116
MH-AMR,2022-09-17,25.3,30.2,22.9,87,98,0.6,0.6,19.5,265,20.62,4.17,967.2,22.8,343.0,20.913883,77.78116
MH-AMR,2022-09-18,25.7,29.9,22.3,86,99,2.9,2.9,12.2,278,19.7,3.99,968.7,22.9,343.0,20.913883,77.78116
MH-AMR,2022-09-19,25.5,30.7,22.7,87,99,1.3,1.3,13.9,272,20.97,4.27,968.1,23.0,343.0,20.913883,77.78116
MH-AMR,2022-09-20,26.4,30.2,22.3,81,99,0.3,0.3,17.6,286,20.43,4.48,966.9,22.6,343.0,20.913883,77.78116
MH-AMR,2022-09-21,26.0,29.3,23.6,81,92,2.3,2.3,22.1,287,15.6,3.67,966.7,22.3,343.0,20.913883,77.78116
MH-AMR,2022-09-22,25.1,28.0,23.0,84,94,0.7,0.7,20.4,275,15.54,3.37,967.5,22.1,343.0,20.913883,77.78116
MH-AMR,2022-09-23,24.8,28.4,22.8,79,88,0.1,0.1,20.9,268,16.24,3.75,968.4,20.9,343.0,20.913883,77.78116
MH-AMR,2022-09-24,25.2,28.7,22.5,80,91,0.0,0.0,18.0,275,21.11,4.33,968.7,21.4,343.0,20.913883,77.78116
MH-AMR,2022-09-25,26.0,29.8,22.1,81,96,0.6,0.6,8.9,299,20.8,4.29,969.0,22.3,343.0,20.913883,77.78116
MH-AMR,2022-09-26,26.0,29.9,22.8,81,92,1.7,1.7,10.9,340,17.75,3.72,970.0,22.3,343.0,20.913883,77.78116
MH-AMR,2022-09-27,26.0,31.4,21.9,83,97,1.5,1.5,12.7,322,21.18,4.39,968.8,22.6,343.0,20.913883,77.78116
MH-AMR,2022-09-28,25.9,30.8,23.0,84,96,1.3,1.3,12.3,9,18.28,3.71,968.0,23.0,343.0,20.913883,77.78116
MH-AMR,2022-09-29,27.3,32.5,22.9,75,100,0.2,0.2,10.1,358,21.39,4.71,967.7,21.9,343.0,20.913883,77.78116
MH-AMR,2022-09-30,27.4,32.6,23.2,68,83,0.0,0.0,9.4,9,21.76,4.98,968.2,20.5,343.0,20.913883,77.78116
MH-AMR,2022-10-01,27.2,32.8,22.4,68,93,0.0,0.0,14.0,320,20.73,4.96,968.1,20.2,343.0,20.913883,77.78116
MH-AMR,2022-10-02,26.9,32.1,22.6,69,83,0.1,0.1,15.6,316,20.69,4.92,968.4,20.2,343.0,20.913883,77.78116
MH-AMR,2022-10-03,26.6,32.2,21.7,67,87,0.0,0.0,19.2,328,20.29,5.01,968.8,19.3,343.0,20.913883,77.78116
MH-AMR,2022-10-04,27.5,32.7,22.2,59,76,0.0,0.0,17.6,336,19.63,5.37,968.6,18.3,343.0,20.913883,77.78116
MH-AMR,2022-10-05,26.2,31.1,23.3,78,96,12.5,12.5,11.4,354,14.87,3.25,967.8,22.0,343.0,20.913883,77.78116
MH-AMR,2022-10-06,24.8,28.8,23.3,89,96,20.3,20.3,13.0,116,12.11,2.49,967.4,22.9,343.0,20.913883,77.78116
MH-AMR,2022-10-07,24.8,28.8,22.0,85,96,3.2,3.2,19.7,120,15.42,3.31,968.1,22.0,343.0,20.913883,77.78116
MH-AMR,2022-10-08,26.0,30.4,22.6,80,97,0.6,0.6,16.7,148,19.13,4.13,969.8,22.0,343.0,20.913883,77.78116
MH-AMR,2022-10-09,26.2,30.6,23.3,84,97,2.2,2.2,9.3,142,18.47,3.82,970.8,23.1,343.0,20.913883,77.78116
MH-AMR,2022-10-10,25.1,29.2,22.5,87,98,10.4,10.4,10.0,123,14.1,2.91,972.3,22.7,343.0,20.913883,77.78116
MH-AMR,2022-10-11,24.6,28.6,22.3,89,99,17.1,17.1,9.5,141,13.55,2.77,971.5,22.6,343.0,20.913883,77.78116
MH-AMR,2022-10-12,24.3,27.7,22.2,90,99,15.7,15.7,9.9,139,12.53,2.47,971.9,22.6,343.0,20.913883,77.78116
MH-AMR,2022-10-13,24.8,29.4,21.7,85,99,9.2,9.2,12.8,61,18.2,3.74,972.4,21.9,343.0,20.913883,77.78116
MH-AMR,2022-10-14,25.4,29.7,21.8,77,96,0.0,0.0,13.8,44,19.66,4.17,972.1,20.9,343.0,20.913883,77.78116
MH-AMR,2022-10-15,25.1,29.9,21.6,62,71,0.0,0.0,14.5,36,21.21,4.99,971.5,17.1,343.0,20.913883,77.78116
MH-AMR,2022-10-16,25.2,28.8,21.8,71,89,0.1,0.1,13.0,73,16.51,3.92,973.2,19.3,343.0,20.913883,77.78116
MH-AMR,2022-10-17,25.1,30.2,22.5,85,96,8.0,8.0,9.9,68,16.79,3.46,974.2,22.3,343.0,20.913883,77.78116
MH-AMR,2022-10-18,24.4,27.7,21.7,88,100,5.3,5.3,7.6,43,11.65,2.38,973.3,22.2,343.0,20.913883,77.78116
MH-AMR,2022-10-19,25.1,29.0,20.9,83,99,3.1,3.1,7.1,75,17.56,3.54,972.8,21.8,343.0,20.913883,77.78116
MH-AMR,2022-10-20,24.8,29.3,21.7,76,88,0.3,0.3,10.8,73,18.75,4.04,973.9,20.2,343.0,20.913883,77.78116
MH-AMR,2022-10-21,24.8,29.4,21.5,65,90,0.0,0.0,12.6,95,19.77,4.64,975.8,17.4,343.0,20.913883,77.78116
MH-AMR,2022-10-22,24.0,29.8,19.8,58,83,0.0,0.0,13.9,57,21.17,5.05,976.7,14.7,343.0,20.913883,77.78116
MH-AMR,2022-10-23,23.7,30.2,18.9,57,72,0.0,0.0,14.9,33,21.05,5.03,974.9,14.1,343.0,20.913883,77.78116
MH-AMR,2022-10-24,22.9,29.1,17.5,60,86,0.0,0.0,15.6,355,21.05,4.79,971.9,14.1,343.0,20.913883,77.78116
MH-AMR,2022-10-25,23.1,29.8,17.1,62,86,0.0,0.0,11.0,328,20.91,4.55,972.1,14.9,343.0,20.913883,77.78116
MH-AMR,2022-10-26,23.8,29.8,17.3,59,81,0.0,0.0,8.7,109,20.42,4.22,974.5,14.7,343.0,20.913883,77.78116
MH-AMR,2022-10-27,24.6,30.2,18.6,55,79,0.0,0.0,9.6,168,20.49,4.26,974.8,14.4,343.0,20.913883,77.78116
MH-AMR,2022-10-28,23.9,29.9,18.8,54,76,0.0,0.0,9.6,46,20.21,4.36,974.3,13.7,343.0,20.913883,77.78116
MH-AMR,2022-10-29,23.9,30.5,17.3,55,84,0.0,0.0,10.7,55,20.31,4.4,974.2,13.5,343.0,20.913883,77.78116
MH-AMR,2022-10-30,23.5,29.9,17.2,58,81,0.0,0.0,8.1,72,19.79,4.31,974.3,14.0,343.0,20.913883,77.78116
MH-AMR,2022-10-31,22.6,29.1,17.1,59,85,0.0,0.0,12.3,68,20.12,4.56,974.3,13.4,343.0,20.913883,77.78116
MH-AMR,2022-11-01,23.2,29.2,17.1,60,85,0.0,0.0,10.1,57,19.83,4.15,975.1,14.5,343.0,20.913883,77.78116
MH-AMR,2022-11-02,23.6,30.1,18.5,58,81,0.0,0.0,10.8,52,20.01,4.7,974.3,14.1,343.0,20.913883,77.78116
MH-AMR,2022-11-03,23.6,31.3,16.6,60,90,0.0,0.0,8.9,75,19.74,4.41,974.0,14.3,343.0,20.913883,77.78116
MH-AMR,2022-11-04,24.3,31.1,17.1,56,84,0.0,0.0,9.5,103,19.7,4.32,975.1,14.0,343.0,20.913883,77.78116
MH-AMR,2022-11-05,25.3,31.2,20.2,54,70,0.0,0.0,9.1,221,19.29,4.09,976.2,15.0,343.0,20.913883,77.78116
MH-AMR,2022-11-06,25.7,31.5,20.0,52,74,0.0,0.0,8.4,291,18.9,4.18,976.2,14.8,343.0,20.913883,77.78116
MH-AMR,2022-11-07,24.7,31.6,18.6,55,74,0.0,0.0,9.0,68,18.99,4.3,975.5,14.3,343.0,20.913883,77.78116
MH-AMR,2022-11-08,24.7,31.2,19.1,50,75,0.0,0.0,9.0,86,19.07,4.46,975.3,12.9,343.0,20.913883,77.78116
MH-AMR,2022-11-09,23.8,30.3,17.7,50,73,0.0,0.0,12.7,61,19.06,4.7,975.5,12.0,343.0,20.913883,77.78116
MH-AMR,2022-11-10,24.2,30.3,18.7,54,75,0.0,0.0,10.2,80,18.2,4.49,976.1,13.8,343.0,20.913883,77.78116
MH-AMR,2022-11-11,24.3,30.7,18.9,56,77,0.0,0.0,13.0,56,18.11,4.38,976.2,14.4,343.0,20.913883,77.78116
MH-AMR,2022-11-12,24.4,30.2,20.4,56,71,0.0,0.0,13.1,53,17.04,4.45,976.3,14.7,343.0,20.913883,77.78116
MH-AMR,2022-11-13,23.3,29.4,18.3,53,73,0.0,0.0,10.8,79,18.64,4.47,975.8,12.7,343.0,20.913883,77.78116
MH-AMR,2022-11-14,22.6,29.0,17.4,54,75,0.0,0.0,9.6,70,18.73,4.14,975.8,12.2,343.0,20.913883,77.78116
MH-AMR,2022-11-15,22.6,29.0,16.2,53,84,0.0,0.0,8.2,68,18.62,3.97,975.5,11.8,343.0,20.913883,77.78116
MH-AMR,2022-11-16,22.4,29.0,16.0,54,80,0.0,0.0,9.2,47,18.57,4.04,974.4,11.7,343.0,20.913883,77.78116
MH-AMR,2022-11-17,22.9,29.8,16.6,49,70,0.0,0.0,12.0,35,18.35,4.57,974.1,10.7,343.0,20.913883,77.78116
MH-AMR,2022-11-18,22.3,28.2,18.1,45,64,0.0,0.0,13.1,48,18.3,4.64,975.3,9.0,343.0,20.913883,77.78116
MH-AMR,2022-11-19,20.9,27.2,16.3,44,60,0.0,0.0,12.9,49,18.4,4.48,975.2,7.8,343.0,20.913883,77.78116
MH-AMR,2022-11-20,20.2,26.5,15.2,45,60,0.0,0.0,10.6,48,18.37,4.25,973.7,7.5,343.0,20.913883,77.78116
MH-AMR,2022-11-21,21.3,28.1,15.5,49,66,0.0,0.0,13.7,44,18.36,4.15,973.3,9.3,343.0,20.913883,77.78116
MH-AMR,2022-11-22,21.9,29.0,16.1,49,69,0.0,0.0,14.6,45,18.29,4.42,973.5,9.9,343.0,20.913883,77.78116
MH-AMR,2022-11-23,22.5,29.4,17.2,46,62,0.0,0.0,13.6,48,17.96,4.5,974.0,9.6,343.0,20.913883,77.78116
MH-AMR,2022-11-24,22.2,28.7,16.5,49,68,0.0,0.0,11.2,67,17.73,3.98,974.1,10.4,343.0,20.913883,77.78116
MH-AMR,2022-11-25,22.4,29.0,16.6,48,67,0.0,0.0,13.0,53,17.7,4.18,974.9,10.1,343.0,20.913883,77.78116
MH-AMR,2022-11-26,22.0,28.3,15.9,45,61,0.0,0.0,11.8,46,17.74,4.07,973.5,9.1,343.0,20.913883,77.78116
MH-AMR,2022-11-27,21.2,28.5,14.3,51,78,0.0,0.0,9.4,81,17.77,3.9,971.3,9.7,343.0,20.913883,77.78116
MH-AMR,2022-11-28,21.6,28.8,14.5,50,79,0.0,0.0,9.8,89,17.65,3.9,972.0,9.8,343.0,20.913883,77.78116
MH-AMR,2022-11-29,22.1,28.9,15.5,51,76,0.0,0.0,9.7,90,17.43,3.97,973.4,10.8,343.0,20.913883,77.78116
MH-AMR,2022-11-30,21.7,28.4,15.8,53,77,0.0,0.0,9.4,86,16.86,3.8,974.7,11.1,343.0,20.913883,77.78116
MH-AMR,2022-12-01,21.7,28.3,16.0,56,85,0.0,0.0,10.1,97,16.86,3.77,974.3,11.6,343.0,20.913883,77.78116
MH-AMR,2022-12-02,22.1,29.2,15.3,58,84,0.0,0.0,9.0,89,17.07,3.61,973.4,12.6,343.0,20.913883,77.78116
MH-AMR,2022-12-03,23.0,29.9,16.1,58,87,0.0,0.0,9.6,28,16.54,3.81,973.5,13.5,343.0,20.913883,77.78116
MH-AMR,2022-12-04,23.6,30.0,18.0,54,70,0.0,0.0,10.5,48,16.54,3.96,974.5,13.3,343.0,20.913883,77.78116
MH-AMR,2022-12-05,23.7,29.8,17.2,56,75,0.0,0.0,10.0,61,16.33,3.74,975.6,14.1,343.0,20.913883,77.78116
MH-AMR,2022-12-06,24.0,29.9,18.5,54,74,0.0,0.0,10.3,52,16.48,3.93,975.1,13.7,343.0,20.913883,77.78116
MH-AMR,2022-12-07,23.1,29.5,18.5,52,77,0.0,0.0,18.8,32,16.61,4.68,974.7,12.2,343.0,20.913883,77.78116
MH-AMR,2022-12-08,20.4,27.8,14.9,39,56,0.0,0.0,13.9,55,17.19,4.59,974.4,5.3,343.0,20.913883,77.78116
MH-AMR,2022-12-09,20.6,27.9,14.8,43,58,0.0,0.0,13.7,65,17.22,4.56,972.9,7.1,343.0,20.913883,77.78116
MH-AMR,2022-12-10,21.8,29.0,14.3,46,63,0.0,0.0,11.5,69,16.14,4.32,972.6,9.0,343.0,20.913883,77.78116
MH-AMR,2022-12-11,24.4,30.1,19.2,57,72,0.1,0.1,13.2,88,14.45,4.12,973.3,15.1,343.0,20.913883,77.78116
MH-AMR,2022-12-12,24.2,29.8,20.9,76,93,3.6,3.6,13.7,89,13.87,3.3,973.4,19.3,343.0,20.913883,77.78116
MH-AMR,2022-12-13,24.1,30.3,20.3,77,94,1.0,1.0,13.2,72,13.68,3.19,974.5,19.3,343.0,20.913883,77.78116
MH-AMR,2022-12-14,25.2,31.2,20.6,66,91,0.3,0.3,12.5,65,15.31,3.6,974.9,17.7,343.0,20.913883,77.78116
MH-AMR,2022-12-15,24.7,30.9,20.4,66,85,0.2,0.2,13.5,42,15.12,3.52,974.3,17.3,343.0,20.913883,77.78116
MH-AMR,2022-12-16,24.9,30.9,19.9,69,98,0.0,0.0,10.5,9,15.31,3.5,973.4,18.2,343.0,20.913883,77.78116
MH-AMR,2022-12-17,24.3,30.9,19.9,48,73,0.0,0.0,13.3,34,16.22,4.52,974.6,11.3,343.0,20.913883,77.78116
MH-AMR,2022-12-18,22.1,28.8,17.7,43,64,0.0,0.0,12.8,53,16.6,4.27,974.5,8.1,343.0,20.913883,77.78116
MH-AMR,2022-12-19,21.8,28.9,16.0,50,72,0.0,0.0,8.9,80,16.54,3.7,973.4,10.0,343.0,20.913883,77.78116
MH-AMR,2022-12-20,22.1,29.2,15.6,52,83,0.0,0.0,9.5,78,16.41,3.64,972.7,10.8,343.0,20.913883,77.78116
MH-AMR,2022-12-21,22.1,28.9,15.5,50,78,0.0,0.0,8.4,92,16.17,3.66,973.3,10.2,343.0,20.913883,77.78116
MH-AMR,2022-12-22,22.2,29.2,15.9,53,78,0.0,0.0,8.6,103,16.4,3.75,972.9,11.7,343.0,20.913883,77.78116
MH-AMR,2022-12-23,22.9,29.5,16.3,54,81,0.0,0.0,10.0,118,16.43,3.65,972.6,12.4,343.0,20.913883,77.78116
MH-AMR,2022-12-24,22.7,28.6,16.4,57,80,0.0,0.0,10.4,242,16.21,3.66,973.1,13.5,343.0,20.913883,77.78116
MH-AMR,2022-12-25,22.4,29.3,16.9,63,90,0.0,0.0,10.6,98,16.29,3.59,973.8,14.4,343.0,20.913883,77.78116
MH-AMR,2022-12-26,23.0,29.4,17.0,66,89,0.0,0.0,12.1,110,15.71,3.53,975.3,15.7,343.0,20.913883,77.78116
MH-AMR,2022-12-27,24.1,29.9,19.6,66,85,0.0,0.0,9.6,20,15.2,3.55,976.1,17.0,343.0,20.913883,77.78116
MH-AMR,2022-12-28,23.7,29.4,19.5,63,83,0.0,0.0,11.2,41,16.1,3.77,977.2,15.8,343.0,20.913883,77.78116
MH-AMR,2022-12-29,22.4,28.5,16.5,53,69,0.0,0.0,12.0,64,16.37,3.74,978.3,12.1,343.0,20.913883,77.78116
MH-AMR,2022-12-30,22.5,29.5,16.5,62,86,0.0,0.0,10.6,319,16.3,3.73,978.5,14.2,343.0,20.913883,77.78116
MH-AMR,2022-12-31,22.1,28.7,17.0,56,81,0.0,0.0,10.1,335,16.44,3.79,977.6,12.4,343.0,20.913883,77.78116
MH-AMR,2023-01-01,21.3,27.5,16.4,55,70,0.0,0.0,12.5,27,16.53,3.86,977.7,11.6,343.0,20.913883,77.78116
MH-AMR,2023-01-02,20.7,27.0,15.6,63,80,0.0,0.0,12.0,57,16.55,3.56,977.9,12.9,343.0,20.913883,77.78116
MH-AMR,2023-01-03,21.1,27.6,15.7,66,85,0.0,0.0,11.3,60,15.95,3.32,977.7,14.0,343.0,20.913883,77.78116
MH-AMR,2023-01-04,20.4,24.6,17.0,71,83,0.2,0.2,12.8,61,11.68,2.77,977.7,14.8,343.0,20.913883,77.78116
MH-AMR,2023-01-05,19.2,25.0,15.7,76,93,0.4,0.4,12.9,78,12.55,2.6,979.1,14.6,343.0,20.913883,77.78116
MH-AMR,2023-01-06,20.3,26.2,15.9,76,95,0.0,0.0,9.8,77,15.45,3.03,980.1,15.4,343.0,20.913883,77.78116
MH-AMR,2023-01-07,19.7,25.8,15.5,63,91,0.0,0.0,9.0,57,16.95,3.48,979.1,11.6,343.0,20.913883,77.78116
MH-AMR,2023-01-08,18.6,25.3,12.6,51,78,0.0,0.0,10.3,46,17.65,3.57,977.7,7.1,343.0,20.913883,77.78116
MH-AMR,2023-01-09,19.0,26.4,11.8,47,65,0.0,0.0,9.1,70,17.61,3.53,978.5,6.6,343.0,20.913883,77.78116
MH-AMR,2023-01-10,19.6,27.5,12.3,51,77,0.0,0.0,10.1,10,17.57,3.72,977.6,8.3,343.0,20.913883,77.78116
MH-AMR,2023-01-11,20.2,27.8,13.2,53,78,0.0,0.0,10.5,48,17.47,3.84,975.0,9.6,343.0,20.913883,77.78116
MH-AMR,2023-01-12,20.5,27.7,13.7,51,79,0.0,0.0,11.6,279,17.63,4.07,973.3,9.1,343.0,20.913883,77.78116
MH-AMR,2023-01-13,20.6,27.9,15.3,54,69,0.0,0.0,11.3,287,17.53,3.94,973.8,10.6,343.0,20.913883,77.78116
MH-AMR,2023-01-14,19.8,26.8,13.8,60,87,0.0,0.0,11.9,325,17.51,3.77,974.5,11.2,343.0,20.913883,77.78116
MH-AMR,2023-01-15,20.4,27.2,14.6,56,73,0.0,0.0,11.3,28,17.55,3.73,973.7,11.0,343.0,20.913883,77.78116
MH-AMR,2023-01-16,21.2,28.0,15.2,62,76,0.0,0.0,10.8,80,17.34,3.81,973.6,13.2,343.0,20.913883,77.78116
MH-AMR,2023-01-17,22.2,29.3,16.6,62,87,0.0,0.0,11.2,33,17.45,3.98,974.1,13.7,343.0,20.913883,77.78116
MH-AMR,2023-01-18,22.0,28.8,16.9,60,78,0.0,0.0,14.0,64,17.46,3.89,975.9,13.4,343.0,20.913883,77.78116
MH-AMR,2023-01-19,22.5,29.1,16.5,62,91,0.0,0.0,11.1,88,17.52,3.85,976.0,14.1,343.0,20.913883,77.78116
MH-AMR,2023-01-20,23.7,30.2,18.0,54,76,0.0,0.0,13.2,158,16.45,4.27,975.1,13.3,343.0,20.913883,77.78116
MH-AMR,2023-01-21,23.4,30.4,17.3,53,81,0.0,0.0,11.5,160,17.6,4.3,974.8,12.6,343.0,20.913883,77.78116
MH-AMR,2023-01-22,23.5,30.0,17.6,51,75,0.0,0.0,12.9,167,17.48,4.52,974.0,12.2,343.0,20.913883,77.78116
MH-AMR,2023-01-23,23.4,29.4,18.3,53,72,0.0,0.0,14.4,139,17.52,4.47,973.6,12.8,343.0,20.913883,77.78116
MH-AMR,2023-01-24,24.1,30.2,18.4,57,81,0.0,0.0,14.0,152,16.56,4.36,973.5,14.6,343.0,20.913883,77.78116
MH-AMR,2023-01-25,24.3,29.7,20.3,49,62,0.0,0.0,12.0,147,17.15,4.38,973.6,12.7,343.0,20.913883,77.78116
MH-AMR,2023-01-26,23.0,29.3,17.5,57,90,0.0,0.0,10.0,99,17.46,3.99,974.5,13.5,343.0,20.913883,77.78116
MH-AMR,2023-01-27,23.2,29.9,17.6,60,86,0.0,0.0,11.9,51,17.99,4.03,975.1,14.2,343.0,20.913883,77.78116
MH-AMR,2023-01-28,23.7,30.1,18.4,60,85,0.0,0.0,13.8,83,18.23,4.27,973.9,14.6,343.0,20.913883,77.78116
MH-AMR,2023-01-29,24.3,30.5,18.9,50,70,0.0,0.0,13.1,125,18.55,4.86,972.3,12.7,343.0,20.913883,77.78116
MH-AMR,2023-01-30,24.4,31.3,18.0,51,76,0.0,0.0,13.6,127,18.31,4.65,974.5,12.9,343.0,20.913883,77.78116
MH-AMR,2023-01-31,23.8,30.1,18.8,58,83,0.0,0.0,16.9,32,17.89,4.32,975.2,14.2,343.0,20.913883,77.78116
MH-AMR,2023-02-01,22.8,29.1,18.4,52,78,0.0,0.0,15.0,43,17.3,4.41,975.8,11.7,343.0,20.913883,77.78116
MH-AMR,2023-02-02,21.4,29.0,15.5,36,62,0.0,0.0,13.3,48,19.82,4.98,976.0,4.2,343.0,20.913883,77.78116
MH-AMR,2023-02-03,21.2,29.1,13.8,34,53,0.0,0.0,12.1,64,20.2,4.76,975.8,3.0,343.0,20.913883,77.78116
MH-AMR,2023-02-04,21.0,29.7,13.8,35,58,0.0,0.0,10.1,59,20.17,4.81,974.2,3.7,343.0,20.913883,77.78116
MH-AMR,2023-02-05,21.8,30.0,13.1,39,69,0.0,0.0,10.0,65,20.01,4.58,973.4,6.0,343.0,20.913883,77.78116
MH-AMR,2023-02-06,22.9,31.0,15.4,38,58,0.0,0.0,10.6,129,19.71,4.71,973.0,6.8,343.0,20.913883,77.78116
MH-AMR,2023-02-07,23.5,30.9,16.5,42,67,0.0,0.0,11.4,324,19.64,4.87,972.6,9.2,343.0,20.913883,77.78116
MH-AMR,2023-02-08,23.2,30.8,16.6,39,59,0.0,0.0,12.3,23,20.13,5.05,973.9,7.3,343.0,20.913883,77.78116
MH-AMR,2023-02-09,23.2,31.4,14.8,35,58,0.0,0.0,10.8,27,20.42,5.03,974.1,5.7,343.0,20.913883,77.78116
MH-AMR,2023-02-10,23.9,33.4,15.0,34,62,0.0,0.0,11.3,334,20.46,5.26,974.4,5.5,343.0,20.913883,77.78116
MH-AMR,2023-02-11,24.3,33.9,16.1,35,64,0.0,0.0,14.1,311,20.47,5.54,974.8,6.2,343.0,20.913883,77.78116
MH-AMR,2023-02-12,23.7,31.8,16.7,36,60,0.0,0.0,15.9,14,20.56,5.94,976.7,6.4,343.0,20.913883,77.78116
MH-AMR,2023-02-13,22.5,30.4,15.8,33,54,0.0,0.0,11.3,13,21.06,5.3,977.0,4.0,343.0,20.913883,77.78116
MH-AMR,2023-02-14,22.6,31.0,13.1,31,61,0.0,0.0,10.8,25,21.17,4.94,976.3,2.4,343.0,20.913883,77.78116
MH-AMR,2023-02-15,24.4,33.8,16.0,28,45,0.0,0.0,15.9,15,21.0,6.0,974.4,3.7,343.0,20.913883,77.78116
MH-AMR,2023-02-16,25.3,34.7,17.3,31,57,0.0,0.0,17.5,3,21.1,6.13,974.7,5.8,343.0,20.913883,77.78116
MH-AMR,2023-02-17,25.1,34.3,17.9,35,57,0.0,0.0,17.7,16,21.23,6.1,974.8,7.0,343.0,20.913883,77.78116
MH-AMR,2023-02-18,24.9,32.6,17.8,42,66,0.0,0.0,10.0,32,21.24,5.15,974.8,10.1,343.0,20.913883,77.78116
MH-AMR,2023-02-19,25.4,33.2,18.2,40,68,0.0,0.0,10.7,40,21.29,5.33,974.9,9.6,343.0,20.913883,77.78116
MH-AMR,2023-02-20,26.0,34.3,17.7,36,64,0.0,0.0,11.2,345,21.5,5.52,974.1,8.5,343.0,20.913883,77.78116
MH-AMR,2023-02-21,26.5,34.8,17.5,30,56,0.0,0.0,10.0,333,21.59,5.69,974.2,6.3,343.0,20.913883,77.78116
MH-AMR,2023-02-22,25.8,34.8,17.2,28,53,0.0,0.0,10.9,322,21.89,6.06,973.8,3.7,343.0,20.913883,77.78116
MH-AMR,2023-02-23,25.3,34.6,17.8,31,63,0.0,0.0,12.3,318,21.88,5.91,973.6,4.5,343.0,20.913883,77.78116
MH-AMR,2023-02-24,25.6,34.8,16.7,30,62,0.0,0.0,11.2,358,22.14,5.93,974.9,5.0,343.0,20.913883,77.78116
MH-AMR,2023-02-25,26.2,34.4,18.2,25,48,0.0,0.0,13.0,32,22.19,6.05,976.4,3.3,343.0,20.913883,77.78116
MH-AMR,2023-02-26,26.7,34.7,19.1,26,48,0.0,0.0,12.5,47,21.81,6.31,977.1,4.6,343.0,20.913883,77.78116
MH-AMR,2023-02-27,27.1,34.8,19.7,26,48,0.0,0.0,18.3,69,21.86,6.27,976.7,5.0,343.0,20.913883,77.78116
MH-AMR,2023-02-28,27.5,35.0,19.4,30,52,0.0,0.0,13.0,142,19.06,5.89,976.8,7.3,343.0,20.913883,77.78116
MH-AMR,2023-03-01,27.9,34.4,21.4,30,51,0.0,0.0,10.4,146,18.07,5.13,977.3,8.1,343.0,20.913883,77.78116
MH-AMR,2023-03-02,28.2,35.4,20.8,30,49,0.0,0.0,9.9,115,21.05,5.57,977.7,8.2,343.0,20.913883,77.78116
MH-AMR,2023-03-03,28.8,35.5,20.7,31,48,0.0,0.0,12.9,75,20.3,5.58,978.3,8.9,343.0,20.913883,77.78116
MH-AMR,2023-03-04,29.3,36.0,23.2,28,41,0.0,0.0,11.3,72,19.62,5.7,978.1,8.1,343.0,20.913883,77.78116
MH-AMR,2023-03-05,28.2,34.5,23.0,32,46,0.0,0.0,22.0,26,19.68,6.44,978.3,9.5,343.0,20.913883,77.78116
MH-AMR,2023-03-06,27.3,33.9,21.9,36,58,0.1,0.1,14.3,16,19.15,5.73,976.6,10.0,343.0,20.913883,77.78116
MH-AMR,2023-03-07,22.2,26.5,18.6,55,73,3.5,3.5,20.8,341,13.11,3.59,977.8,12.5,343.0,20.913883,77.78116
MH-AMR,2023-03-08,24.4,33.4,16.2,43,84,0.0,0.0,11.3,353,22.67,5.47,976.5,8.1,343.0,20.913883,77.78116
MH-AMR,2023-03-09,26.4,33.1,20.0,32,54,0.0,0.0,13.6,10,20.55,6.11,975.9,7.6,343.0,20.913883,77.78116
MH-AMR,2023-03-10,26.7,33.4,20.0,31,55,0.0,0.0,15.1,16,19.63,5.89,975.4,7.1,343.0,20.913883,77.78116
MH-AMR,2023-03-11,27.6,34.8,21.1,30,52,0.0,0.0,15.5,32,20.68,6.08,975.2,7.1,343.0,20.913883,77.78116
MH-AMR,2023-03-12,27.9,34.9,21.5,27,40,0.0,0.0,14.5,70,23.02,6.9,974.6,6.2,343.0,20.913883,77.78116
MH-AMR,2023-03-13,28.9,35.5,22.7,26,39,0.0,0.0,12.1,34,20.69,6.3,973.4,6.9,343.0,20.913883,77.78116
MH-AMR,2023-03-14,28.0,35.0,23.0,30,39,0.2,0.2,18.0,35,19.97,5.84,971.9,8.3,343.0,20.913883,77.78116
MH-AMR,2023-03-15,26.8,34.1,21.1,39,59,0.0,0.0,20.6,61,17.55,5.11,971.4,11.2,343.0,20.913883,77.78116
MH-AMR,2023-03-16,24.2,28.2,20.1,57,81,2.8,2.8,13.3,310,12.92,3.17,973.2,14.6,343.0,20.913883,77.78116
MH-AMR,2023-03-17,24.1,29.9,19.8,62,86,2.1,2.1,11.2,151,19.07,4.26,972.9,15.9,343.0,20.913883,77.78116
MH-AMR,2023-03-18,22.5,28.4,18.8,72,94,11.1,11.1,18.1,71,18.74,3.91,971.6,16.9,343.0,20.913883,77.78116
MH-AMR,2023-03-19,22.6,29.9,17.5,68,98,4.6,4.6,13.4,43,21.66,4.56,969.8,15.6,343.0,20.913883,77.78116
MH-AMR,2023-03-20,24.2,30.7,17.9,53,88,0.0,0.0,15.9,300,22.15,5.57,969.2,12.7,343.0,20.913883,77.78116
MH-AMR,2023-03-21,25.1,30.9,19.8,49,74,0.0,0.0,17.1,291,20.65,5.44,969.7,12.8,343.0,20.913883,77.78116
MH-AMR,2023-03-22,25.4,31.0,20.2,51,75,0.0,0.0,11.5,312,19.18,4.81,970.6,13.7,343.0,20.913883,77.78116
MH-AMR,2023-03-23,25.8,31.9,19.7,50,77,0.0,0.0,13.8,302,21.07,5.39,970.6,13.6,343.0,20.913883,77.78116
MH-AMR,2023-03-24,27.1,34.6,20.3,45,75,0.0,0.0,13.0,297,23.09,6.12,970.5,12.7,343.0,20.913883,77.78116
MH-AMR,2023-03-25,27.8,35.1,20.9,40,65,0.0,0.0,9.7,321,22.82,5.92,971.6,11.9,343.0,20.913883,77.78116
MH-AMR,2023-03-26,28.6,35.6,22.1,37,63,0.0,0.0,18.1,303,22.55,6.72,970.8,11.2,343.0,20.913883,77.78116
MH-AMR,2023-03-27,27.3,35.2,20.2,30,53,0.0,0.0,17.8,285,24.94,6.97,970.8,7.2,343.0,20.913883,77.78116
MH-AMR,2023-03-28,27.8,35.6,19.9,29,51,0.0,0.0,15.4,295,24.89,6.93,970.2,6.7,343.0,20.913883,77.78116
MH-AMR,2023-03-29,29.3,37.1,21.2,28,46,0.0,0.0,12.3,346,24.66,6.77,970.4,7.7,343.0,20.913883,77.78116
MH-AMR,2023-03-30,29.7,36.9,22.6,29,46,0.0,0.0,19.6,281,24.4,7.59,969.1,9.0,343.0,20.913883,77.78116
MH-AMR,2023-03-31,27.6,31.9,23.8,40,53,0.2,0.2,17.7,292,17.15,5.37,969.9,12.6,343.0,20.913883,77.78116
MH-AMR,2023-04-01,27.1,34.2,20.0,38,84,0.0,0.0,16.1,295,25.03,6.39,970.5,10.0,343.0,20.913883,77.78116
MH-AMR,2023-04-02,28.6,35.6,21.5,34,59,0.0,0.0,17.8,323,24.66,6.96,969.9,10.0,343.0,20.913883,77.78116
MH-AMR,2023-04-03,29.3,36.4,21.8,31,59,0.0,0.0,21.6,299,23.8,6.73,969.3,8.9,343.0,20.913883,77.78116
MH-AMR,2023-04-04,29.8,36.8,22.2,30,50,0.0,0.0,20.7,277,23.21,7.04,970.5,9.5,343.0,20.913883,77.78116
MH-AMR,2023-04-05,30.2,36.6,23.1,28,44,0.0,0.0,19.7,326,22.83,7.36,970.7,9.1,343.0,20.913883,77.78116
MH-AMR,2023-04-06,30.4,36.3,24.8,28,44,0.0,0.0,15.5,357,20.31,6.73,971.8,9.3,343.0,20.913883,77.78116
MH-AMR,2023-04-07,28.4,34.8,23.4,40,64,1.1,1.1,18.1,80,20.61,5.72,974.2,13.2,343.0,20.913883,77.78116
MH-AMR,2023-04-08,26.9,33.0,21.3,61,99,0.8,0.8,16.7,213,17.64,4.39,975.9,17.7,343.0,20.913883,77.78116
MH-AMR,2023-04-09,28.1,34.4,22.3,51,80,0.4,0.4,13.2,104,20.29,5.04,975.7,16.3,343.0,20.913883,77.78116
MH-AMR,2023-04-10,29.3,35.8,22.4,46,73,0.0,0.0,14.1,33,22.5,5.54,974.1,15.3,343.0,20.913883,77.78116
MH-AMR,2023-04-11,31.0,37.8,23.9,40,67,0.0,0.0,8.8,70,21.85,5.57,973.5,14.8,343.0,20.913883,77.78116
MH-AMR,2023-04-12,31.6,38.5,24.4,34,60,0.0,0.0,10.1,311,22.08,6.35,972.6,12.8,343.0,20.913883,77.78116
MH-AMR,2023-04-13,31.6,39.2,25.2,32,58,0.3,0.3,21.3,294,22.17,6.57,972.2,12.3,343.0,20.913883,77.78116
MH-AMR,2023-04-14,31.3,37.2,24.2,33,49,0.1,0.1,12.5,278,19.92,6.28,971.9,12.5,343.0,20.913883,77.78116
MH-AMR,2023-04-15,29.3,34.7,26.2,38,54,0.2,0.2,15.0,49,13.33,4.78,972.8,13.2,343.0,20.913883,77.78116
MH-AMR,2023-04-16,30.5,37.8,22.6,36,66,0.0,0.0,9.6,320,24.65,6.36,970.7,12.5,343.0,20.913883,77.78116
MH-AMR,2023-04-17,32.1,39.3,23.6,27,47,0.0,0.0,11.4,325,22.85,6.55,970.5,9.9,343.0,20.913883,77.78116
MH-AMR,2023-04-18,32.1,40.1,24.4,29,45,0.1,0.1,15.6,327,19.75,6.51,971.6,10.8,343.0,20.913883,77.78116
MH-AMR,2023-04-19,32.4,39.6,24.1,27,44,0.0,0.0,16.3,309,22.64,7.2,969.4,9.6,343.0,20.913883,77.78116
MH-AMR,2023-04-20,30.4,37.0,25.1,34,48,0.1,0.1,17.5,289,22.26,6.48,967.7,12.2,343.0,20.913883,77.78116
MH-AMR,2023-04-21,29.7,36.4,22.0,41,78,0.0,0.0,18.8,237,24.81,6.76,968.0,13.6,343.0,20.913883,77.78116
MH-AMR,2023-04-22,30.2,36.7,23.3,33,67,0.0,0.0,21.8,274,23.79,7.45,967.1,10.8,343.0,20.913883,77.78116
MH-AMR,2023-04-23,29.0,34.6,23.5,38,57,0.0,0.0,12.5,83,22.58,6.23,968.1,13.0,343.0,20.913883,77.78116
MH-AMR,2023-04-24,29.8,36.6,23.4,30,54,0.0,0.0,15.9,244,26.29,7.5,969.3,8.7,343.0,20.913883,77.78116
MH-AMR,2023-04-25,28.0,36.0,23.7,55,78,2.2,2.2,19.5,134,21.14,5.69,970.7,17.3,343.0,20.913883,77.78116
MH-AMR,2023-04-26,28.2,35.8,23.6,60,86,5.6,5.6,9.9,156,21.17,5.11,970.4,19.0,343.0,20.913883,77.78116
MH-AMR,2023-04-27,26.3,31.5,21.3,68,92,5.5,5.5,20.2,127,22.5,5.22,971.3,19.5,343.0,20.913883,77.78116
MH-AMR,2023-04-28,26.4,32.6,21.4,69,93,2.4,2.4,16.3,175,21.87,5.18,971.7,19.6,343.0,20.913883,77.78116
MH-AMR,2023-04-29,25.3,30.8,21.1,74,94,17.7,17.7,11.6,91,20.19,4.38,971.2,20.0,343.0,20.913883,77.78116
MH-AMR,2023-04-30,23.7,29.9,20.0,82,98,13.4,13.4,15.1,137,21.89,4.47,969.7,20.0,343.0,20.913883,77.78116
MH-AMR,2023-05-01,24.4,29.1,20.3,76,98,1.2,1.2,10.0,146,16.17,3.57,969.2,19.6,343.0,20.913883,77.78116
MH-AMR,2023-05-02,25.7,31.1,21.1,72,93,2.4,2.4,17.1,114,23.23,5.11,969.8,20.0,343.0,20.913883,77.78116
MH-AMR,2023-05-03,24.0,29.0,19.8,81,99,15.5,15.5,13.8,109,16.74,3.6,971.5,20.3,343.0,20.913883,77.78116
MH-AMR,2023-05-04,25.2,29.6,21.6,80,96,4.0,4.0,12.0,75,18.68,3.89,970.5,21.4,343.0,20.913883,77.78116
MH-AMR,2023-05-05,26.7,31.9,21.2,70,94,0.0,0.0,8.4,324,20.41,4.6,969.5,20.5,343.0,20.913883,77.78116
MH-AMR,2023-05-06,29.1,34.6,23.0,59,85,0.0,0.0,9.5,308,23.46,5.74,968.6,19.7,343.0,20.913883,77.78116
MH-AMR,2023-05-07,29.8,36.1,23.6,54,79,0.0,0.0,13.3,315,24.27,6.41,968.4,18.9,343.0,20.913883,77.78116
MH-AMR,2023-05-08,31.0,37.5,23.5,50,86,0.0,0.0,12.0,303,24.32,6.63,967.9,18.0,343.0,20.913883,77.78116
MH-AMR,2023-05-09,31.7,38.9,24.7,41,61,0.0,0.0,10.7,341,24.91,6.6,968.2,15.8,343.0,20.913883,77.78116
MH-AMR,2023-05-10,31.6,40.4,23.9,39,77,0.0,0.0,14.3,12,25.68,7.04,968.0,13.7,343.0,20.913883,77.78116
MH-AMR,2023-05-11,31.7,40.1,23.2,28,44,0.0,0.0,13.1,63,26.92,7.37,968.6,9.8,343.0,20.913883,77.78116
MH-AMR,2023-05-12,33.1,41.6,23.5,23,42,0.0,0.0,16.1,19,27.01,7.88,967.7,7.2,343.0,20.913883,77.78116
MH-AMR,2023-05-13,33.1,42.1,23.1,21,41,0.0,0.0,18.6,332,27.21,9.07,967.2,6.2,343.0,20.913883,77.78116
MH-AMR,2023-05-14,34.3,42.4,25.9,22,31,0.0,0.0,23.8,289,25.66,9.94,965.8,8.7,343.0,20.913883,77.78116
MH-AMR,2023-05-15,34.3,40.9,27.9,28,42,0.0,0.0,22.3,277,25.42,9.98,967.1,12.3,343.0,20.913883,77.78116
MH-AMR,2023-05-16,33.6,39.2,28.2,32,51,0.0,0.0,19.7,270,25.2,9.27,969.1,13.7,343.0,20.913883,77.78116
MH-AMR,2023-05-17,33.3,39.0,27.4,37,54,0.0,0.0,15.3,306,24.4,7.68,970.2,15.8,343.0,20.913883,77.78116
MH-AMR,2023-05-18,34.5,40.4,28.1,32,53,0.0,0.0,16.7,313,24.07,8.02,970.9,14.3,343.0,20.913883,77.78116
MH-AMR,2023-05-19,34.3,40.6,27.3,25,39,0.0,0.0,19.6,291,24.85,8.56,969.6,10.9,343.0,20.913883,77.78116
MH-AMR,2023-05-20,35.0,41.2,27.9,26,38,0.0,0.0,13.8,296,24.56,8.03,968.6,11.7,343.0,20.913883,77.78116
MH-AMR,2023-05-21,34.1,42.7,27.9,29,46,0.1,0.1,15.3,311,24.04,7.45,969.6,12.6,343.0,20.913883,77.78116
MH-AMR,2023-05-22,33.0,38.9,26.9,35,53,0.0,0.0,27.6,315,22.77,6.77,970.7,14.6,343.0,20.913883,77.78116
MH-AMR,2023-05-23,34.7,40.4,28.7,30,47,0.0,0.0,13.8,275,22.54,7.41,970.6,14.1,343.0,20.913883,77.78116
MH-AMR,2023-05-24,35.1,41.5,29.1,29,46,0.0,0.0,20.6,277,24.59,8.79,969.3,13.6,343.0,20.913883,77.78116
MH-AMR,2023-05-25,34.6,40.4,29.3,29,41,0.0,0.0,21.9,284,25.19,9.75,969.1,13.1,343.0,20.913883,77.78116
MH-AMR,2023-05-26,32.9,38.3,28.5,31,45,0.0,0.0,23.9,284,24.22,9.0,970.2,13.1,343.0,20.913883,77.78116
MH-AMR,2023-05-27,33.5,40.0,27.4,31,44,0.0,0.0,21.0,279,24.77,8.94,968.9,13.6,343.0,20.913883,77.78116
MH-AMR,2023-05-28,34.0,40.6,28.5,33,51,0.0,0.0,20.2,295,24.85,8.58,968.8,14.1,343.0,20.913883,77.78116
MH-AMR,2023-05-29,33.1,39.8,26.2,38,64,0.0,0.0,25.3,336,24.68,7.55,969.3,15.5,343.0,20.913883,77.78116
MH-AMR,2023-05-30,34.3,39.9,27.8,32,51,0.0,0.0,20.8,298,25.77,7.89,969.6,14.2,343.0,20.913883,77.78116
MH-AMR,2023-05-31,34.6,40.6,27.8,28,53,0.0,0.0,20.0,338,25.76,9.39,969.1,11.8,343.0,20.913883,77.78116
MH-AMR,2023-06-01,35.4,41.8,28.7,21,33,0.0,0.0,23.0,325,24.84,9.36,968.1,8.7,343.0,20.913883,77.78116
MH-AMR,2023-06-02,34.6,40.2,28.3,24,36,0.0,0.0,21.5,299,24.7,9.33,968.0,10.8,343.0,20.913883,77.78116
MH-AMR,2023-06-03,35.2,41.3,29.4,34,52,0.0,0.0,17.7,292,24.9,8.57,967.7,15.8,343.0,20.913883,77.78116
MH-AMR,2023-06-04,33.0,40.0,28.5,39,54,0.9,0.9,26.2,293,22.6,7.65,967.8,16.7,343.0,20.913883,77.78116
MH-AMR,2023-06-05,33.2,39.4,25.5,39,63,0.0,0.0,19.1,299,24.25,8.19,967.1,16.0,343.0,20.913883,77.78116
MH-AMR,2023-06-06,34.7,40.3,29.3,35,52,0.0,0.0,19.4,308,23.79,8.76,966.5,15.8,343.0,20.913883,77.78116
MH-AMR,2023-06-07,35.4,41.6,29.5,32,49,0.0,0.0,25.2,309,23.4,9.07,966.1,15.2,343.0,20.913883,77.78116
MH-AMR,2023-06-08,35.2,40.6,29.7,31,47,0.0,0.0,20.9,318,24.13,8.31,966.5,14.6,343.0,20.913883,77.78116
MH-AMR,2023-06-09,35.7,40.8,30.0,33,48,0.0,0.0,17.8,309,22.9,8.21,964.8,16.2,343.0,20.913883,77.78116
MH-AMR,2023-06-10,35.0,40.1,30.9,33,45,0.0,0.0,18.8,300,23.42,8.04,964.1,15.8,343.0,20.913883,77.78116
MH-AMR,2023-06-11,34.5,40.5,28.9,40,61,0.0,0.0,21.7,258,24.53,8.65,964.6,18.1,343.0,20.913883,77.78116
MH-AMR,2023-06-12,33.3,40.8,29.9,45,60,0.1,0.1,25.1,272,19.99,6.53,964.5,19.2,343.0,20.913883,77.78116
MH-AMR,2023-06-13,34.9,40.5,27.9,36,69,0.0,0.0,22.3,270,25.05,9.01,964.8,16.0,343.0,20.913883,77.78116
MH-AMR,2023-06-14,34.6,39.6,30.2,37,51,0.0,0.0,20.6,270,25.11,9.51,966.5,17.4,343.0,20.913883,77.78116
MH-AMR,2023-06-15,34.2,39.3,29.9,39,59,0.0,0.0,20.9,275,24.79,8.67,966.9,17.5,343.0,20.913883,77.78116
MH-AMR,2023-06-16,34.2,40.1,29.6,34,51,0.0,0.0,23.6,262,24.87,8.54,966.0,15.8,343.0,20.913883,77.78116
MH-AMR,2023-06-17,34.1,39.3,29.2,40,61,0.0,0.0,20.2,276,25.41,9.25,966.3,18.1,343.0,20.913883,77.78116
MH-AMR,2023-06-18,33.5,39.0,28.0,42,62,0.0,0.0,22.3,274,25.4,8.91,966.5,18.2,343.0,20.913883,77.78116
MH-AMR,2023-06-19,33.3,38.4,28.5,43,58,0.0,0.0,22.0,283,25.61,8.95,965.5,18.5,343.0,20.913883,77.78116
MH-AMR,2023-06-20,33.7,38.4,28.9,43,58,0.0,0.0,18.1,282,24.13,8.11,964.6,19.2,343.0,20.913883,77.78116
MH-AMR,2023-06-21,33.9,39.1,29.3,43,64,0.3,0.3,19.1,290,23.28,8.1,965.0,19.3,343.0,20.913883,77.78116
MH-AMR,2023-06-22,33.5,38.8,29.7,44,56,0.0,0.0,19.7,289,21.37,7.81,965.5,19.2,343.0,20.913883,77.78116
MH-AMR,2023-06-23,29.1,38.3,25.2,70,96,23.2,23.2,23.7,302,14.96,4.21,965.8,22.2,343.0,20.913883,77.78116
MH-AMR,2023-06-24,28.5,33.7,24.1,73,96,17.9,17.9,16.2,289,20.16,5.0,964.7,22.7,343.0,20.913883,77.78116
MH-AMR,2023-06-25,29.5,34.2,25.3,64,90,2.0,2.0,18.0,272,17.64,5.04,963.8,21.6,343.0,20.913883,77.78116
MH-AMR,2023-06-26,25.4,28.1,24.3,90,96,14.7,14.7,20.0,275,6.52,1.77,964.8,23.6,343.0,20.913883,77.78116
MH-AMR,2023-06-27,25.1,26.6,24.0,90,96,13.8,13.8,23.0,271,6.4,1.75,964.3,23.3,343.0,20.913883,77.78116
MH-AMR,2023-06-28,26.4,30.3,24.6,83,92,3.8,3.8,19.8,263,9.15,2.62,965.6,23.2,343.0,20.913883,77.78116
MH-AMR,2023-06-29,26.9,31.4,24.3,81,94,5.9,5.9,20.7,257,17.14,4.04,965.5,23.2,343.0,20.913883,77.78116
MH-AMR,2023-06-30,28.3,32.9,25.2,70,85,2.3,2.3,23.5,257,21.6,5.64,965.4,22.1,343.0,20.913883,77.78116
MH-AMR,2023-07-01,28.4,32.9,25.6,70,82,3.3,3.3,23.8,263,21.63,5.69,966.3,22.3,343.0,20.913883,77.78116
MH-AMR,2023-07-02,29.0,33.3,25.0,67,84,1.0,1.0,22.8,278,22.23,5.76,966.1,22.0,343.0,20.913883,77.78116
MH-AMR,2023-07-03,29.9,34.7,25.8,69,84,0.8,0.8,15.3,289,22.91,5.68,965.0,23.2,343.0,20.913883,77.78116
MH-AMR,2023-07-04,30.0,35.4,26.0,71,88,8.6,8.6,17.7,284,18.89,4.57,962.7,24.0,343.0,20.913883,77.78116
MH-AMR,2023-07-05,26.9,32.0,24.4,86,97,18.0,18.0,16.7,260,15.4,3.32,961.6,24.2,343.0,20.913883,77.78116
MH-AMR,2023-07-06,27.7,32.6,24.8,82,95,5.4,5.4,16.9,251,17.69,3.98,962.9,24.1,343.0,20.913883,77.78116
MH-AMR,2023-07-07,26.9,30.3,24.5,84,96,7.9,7.9,16.5,251,11.74,2.85,964.2,23.8,343.0,20.913883,77.78116
MH-AMR,2023-07-08,26.6,31.4,23.9,85,96,8.3,8.3,17.0,240,12.32,2.94,965.5,23.6,343.0,20.913883,77.78116
MH-AMR,2023-07-09,25.4,29.2,24.2,89,96,25.9,25.9,14.1,246,6.5,1.6,966.7,23.4,343.0,20.913883,77.78116
MH-AMR,2023-07-10,27.2,31.9,24.2,81,95,18.0,18.0,21.2,264,18.85,4.33,966.4,23.4,343.0,20.913883,77.78116
MH-AMR,2023-07-11,25.1,26.3,24.1,89,96,29.3,29.3,19.3,265,5.91,1.65,966.1,23.2,343.0,20.913883,77.78116
MH-AMR,2023-07-12,26.0,30.4,23.5,87,97,21.3,21.3,20.6,269,15.87,3.47,965.1,23.5,343.0,20.913883,77.78116
MH-AMR,2023-07-13,26.4,30.5,23.8,87,98,14.1,14.1,17.8,268,16.14,3.4,965.3,23.9,343.0,20.913883,77.78116
MH-AMR,2023-07-14,27.6,31.9,24.4,81,93,4.3,4.3,15.9,265,20.42,4.62,966.3,23.8,343.0,20.913883,77.78116
MH-AMR,2023-07-15,26.2,29.8,24.5,85,95,9.5,9.5,20.9,272,12.02,2.95,966.7,23.3,343.0,20.913883,77.78116
MH-AMR,2023-07-16,25.2,28.2,24.0,91,96,11.8,11.8,18.6,270,8.08,1.9,965.8,23.6,343.0,20.913883,77.78116
MH-AMR,2023-07-17,26.0,30.3,23.8,87,96,10.9,10.9,21.8,274,14.23,3.14,964.1,23.6,343.0,20.913883,77.78116
MH-AMR,2023-07-18,25.5,28.8,23.9,91,98,30.3,30.3,22.5,280,11.5,2.44,962.3,23.9,343.0,20.913883,77.78116
MH-AMR,2023-07-19,26.2,29.9,23.7,90,99,9.8,9.8,13.7,275,13.81,2.88,960.6,24.3,343.0,20.913883,77.78116
MH-AMR,2023-07-20,26.6,30.7,24.3,89,99,13.3,13.3,17.0,277,14.38,3.11,961.1,24.4,343.0,20.913883,77.78116
MH-AMR,2023-07-21,25.6,29.2,24.2,91,96,32.6,32.6,20.6,282,9.2,2.09,962.8,24.0,343.0,20.913883,77.78116
MH-AMR,2023-07-22,25.6,28.7,23.9,90,98,31.7,31.7,13.7,271,11.1,2.4,963.0,23.9,343.0,20.913883,77.78116
MH-AMR,2023-07-23,26.5,30.4,23.8,84,99,3.9,3.9,18.7,259,16.0,3.63,963.7,23.3,343.0,20.913883,77.78116
MH-AMR,2023-07-24,26.8,30.9,23.5,84,97,12.0,12.0,19.1,276,19.93,4.26,964.2,23.7,343.0,20.913883,77.78116
MH-AMR,2023-07-25,27.1,30.9,24.4,84,94,5.0,5.0,17.5,283,19.96,4.29,965.1,24.0,343.0,20.913883,77.78116
MH-AMR,2023-07-26,27.5,31.0,24.4,81,92,2.7,2.7,17.6,289,19.16,4.41,965.4,23.9,343.0,20.913883,77.78116
MH-AMR,2023-07-27,26.8,31.4,24.4,85,94,10.6,10.6,20.9,286,16.06,3.67,964.5,24.0,343.0,20.913883,77.78116
MH-AMR,2023-07-28,26.4,30.0,23.9,86,96,4.7,4.7,22.0,280,13.58,3.19,964.9,23.8,343.0,20.913883,77.78116
MH-AMR,2023-07-29,26.8,30.9,24.3,78,89,0.9,0.9,24.3,278,19.61,4.67,966.3,22.6,343.0,20.913883,77.78116
MH-AMR,2023-07-30,27.1,30.3,24.2,76,88,2.5,2.5,25.1,278,21.46,5.06,965.8,22.5,343.0,20.913883,77.78116
MH-AMR,2023-07-31,27.1,30.9,24.4,79,87,8.3,8.3,23.8,276,17.81,4.3,965.4,23.0,343.0,20.913883,77.78116
MH-AMR,2023-08-01,27.3,30.8,24.6,78,87,1.4,1.4,24.9,277,21.32,5.02,964.9,23.0,343.0,20.913883,77.78116
MH-AMR,2023-08-02,26.4,29.5,24.9,79,86,1.0,1.0,28.6,275,11.87,3.51,965.2,22.4,343.0,20.913883,77.78116
MH-AMR,2023-08-03,24.4,25.7,23.5,90,93,12.3,12.3,26.8,275,5.57,1.64,964.6,22.6,343.0,20.913883,77.78116
MH-AMR,2023-08-04,25.8,28.9,23.4,83,95,1.1,1.1,27.2,272,14.83,3.47,966.6,22.7,343.0,20.913883,77.78116
MH-AMR,2023-08-05,26.5,30.9,23.6,81,92,2.4,2.4,24.1,269,22.8,4.87,968.7,22.9,343.0,20.913883,77.78116
MH-AMR,2023-08-06,26.6,30.1,24.1,79,90,1.1,1.1,23.4,269,22.31,4.87,967.7,22.7,343.0,20.913883,77.78116
MH-AMR,2023-08-07,26.3,29.6,24.1,76,86,0.2,0.2,23.5,271,14.84,3.93,966.3,21.7,343.0,20.913883,77.78116
MH-AMR,2023-08-08,26.4,30.0,23.8,76,88,1.8,1.8,21.9,273,20.39,4.68,967.2,21.8,343.0,20.913883,77.78116
MH-AMR,2023-08-09,26.4,29.8,23.5,79,91,0.7,0.7,19.4,275,18.3,4.13,969.3,22.3,343.0,20.913883,77.78116
MH-AMR,2023-08-10,27.0,30.7,23.5,76,92,0.5,0.5,20.5,278,23.56,5.2,969.9,22.3,343.0,20.913883,77.78116
MH-AMR,2023-08-11,27.2,31.1,23.5,75,92,0.7,0.7,19.7,281,23.12,5.16,969.5,22.2,343.0,20.913883,77.78116
MH-AMR,2023-08-12,27.1,31.2,23.9,74,89,0.2,0.2,18.6,275,24.22,5.49,968.7,21.9,343.0,20.913883,77.78116
MH-AMR,2023-08-13,26.9,30.9,24.0,74,87,0.3,0.3,19.1,269,21.47,4.97,967.7,21.7,343.0,20.913883,77.78116
MH-AMR,2023-08-14,26.1,29.8,23.7,79,91,1.0,1.0,15.7,272,20.19,4.36,968.7,22.1,343.0,20.913883,77.78116
MH-AMR,2023-08-15,26.4,30.5,23.1,80,94,0.2,0.2,15.1,272,20.4,4.34,969.0,22.5,343.0,20.913883,77.78116
MH-AMR,2023-08-16,26.8,31.2,23.8,79,91,0.7,0.7,16.1,282,21.25,4.63,969.1,22.8,343.0,20.913883,77.78116
MH-AMR,2023-08-17,27.4,31.7,24.1,74,90,0.3,0.3,17.6,284,22.81,5.36,968.4,22.2,343.0,20.913883,77.78116
MH-AMR,2023-08-18,25.1,27.5,23.9,89,95,14.3,14.3,17.5,284,8.71,2.06,966.8,23.1,343.0,20.913883,77.78116
MH-AMR,2023-08-19,24.2,25.6,23.3,93,95,25.5,25.5,19.8,281,5.81,1.4,965.1,22.9,343.0,20.913883,77.78116
MH-AMR,2023-08-20,25.5,28.9,22.9,87,97,14.4,14.4,19.2,273,15.65,3.3,965.6,23.1,343.0,20.913883,77.78116
MH-AMR,2023-08-21,26.4,30.6,23.4,83,93,2.4,2.4,18.0,274,20.52,4.39,966.9,23.1,343.0,20.913883,77.78116
MH-AMR,2023-08-22,26.6,31.2,23.1,81,94,0.3,0.3,17.2,272,20.7,4.55,967.0,22.9,343.0,20.913883,77.78116
MH-AMR,2023-08-23,26.7,31.0,24.0,82,95,2.0,2.0,18.7,277,21.26,4.51,966.8,23.3,343.0,20.913883,77.78116
MH-AMR,2023-08-24,26.5,30.4,24.1,79,89,2.7,2.7,19.2,270,18.85,4.19,966.4,22.6,343.0,20.913883,77.78116
MH-AMR,2023-08-25,26.7,30.3,24.1,78,91,0.7,0.7,18.8,266,17.65,4.07,966.6,22.4,343.0,20.913883,77.78116
MH-AMR,2023-08-26,26.8,30.3,24.0,78,90,1.2,1.2,18.4,270,22.53,4.96,968.0,22.4,343.0,20.913883,77.78116
MH-AMR,2023-08-27,26.7,30.7,23.6,76,94,0.1,0.1,18.5,277,23.63,5.22,968.6,21.8,343.0,20.913883,77.78116
MH-AMR,2023-08-28,26.1,30.2,22.9,75,89,0.1,0.1,16.5,278,23.86,5.1,968.3,21.1,343.0,20.913883,77.78116
MH-AMR,2023-08-29,26.2,30.0,22.4,76,94,0.9,0.9,15.7,299,22.33,4.77,968.5,21.5,343.0,20.913883,77.78116
MH-AMR,2023-08-30,26.8,31.5,22.6,72,87,0.1,0.1,9.0,302,23.99,5.25,969.4,21.0,343.0,20.913883,77.78116
MH-AMR,2023-08-31,27.4,32.5,22.1,72,95,0.0,0.0,8.1,317,21.4,4.82,969.5,21.3,343.0,20.913883,77.78116
MH-AMR,2023-09-01,28.6,33.2,24.2,71,92,0.2,0.2,10.7,325,23.36,5.35,969.2,22.4,343.0,20.913883,77.78116
MH-AMR,2023-09-02,28.3,32.3,24.7,77,92,1.5,1.5,13.2,309,20.77,4.63,968.5,23.6,343.0,20.913883,77.78116
MH-AMR,2023-09-03,28.2,33.1,25.5,76,90,0.8,0.8,14.2,305,19.42,4.4,967.0,23.3,343.0,20.913883,77.78116
MH-AMR,2023-09-04,28.6,32.9,25.7,70,83,0.0,0.0,18.1,309,22.93,5.64,965.2,22.4,343.0,20.913883,77.78116
MH-AMR,2023-09-05,28.6,33.1,25.6,67,78,0.1,0.1,22.4,311,23.21,5.87,964.1,21.7,343.0,20.913883,77.78116
MH-AMR,2023-09-06,26.6,29.6,24.6,83,96,13.5,13.5,18.5,295,14.98,3.34,963.7,23.5,343.0,20.913883,77.78116
MH-AMR,2023-09-07,25.6,28.7,23.5,90,99,32.0,32.0,12.8,271,12.73,2.67,963.7,23.9,343.0,20.913883,77.78116
MH-AMR,2023-09-08,25.5,29.3,23.3,90,100,6.8,6.8,13.4,258,14.35,2.99,963.7,23.6,343.0,20.913883,77.78116
MH-AMR,2023-09-09,25.5,29.2,23.3,91,99,4.5,4.5,20.0,267,16.85,3.3,964.2,23.7,343.0,20.913883,77.78116
MH-AMR,2023-09-10,25.3,28.9,23.3,88,94,5.9,5.9,21.6,273,12.59,2.68,964.5,23.2,343.0,20.913883,77.78116
MH-AMR,2023-09-11,26.0,30.1,24.0,82,90,8.5,8.5,22.2,279,18.15,3.95,965.6,22.7,343.0,20.913883,77.78116
MH-AMR,2023-09-12,26.7,30.6,23.9,78,89,1.1,1.1,23.1,286,20.53,4.64,966.3,22.5,343.0,20.913883,77.78116
MH-AMR,2023-09-13,25.6,29.3,23.3,83,89,3.7,3.7,17.9,278,12.43,2.94,966.3,22.5,343.0,20.913883,77.78116
MH-AMR,2023-09-14,25.6,29.7,23.5,86,95,7.9,7.9,18.0,281,16.77,3.58,966.1,23.0,343.0,20.913883,77.78116
MH-AMR,2023-09-15,24.4,25.4,23.7,94,96,39.4,39.4,28.1,267,5.13,1.25,964.5,23.3,343.0,20.913883,77.78116
MH-AMR,2023-09-16,25.2,28.8,22.6,81,93,11.5,11.5,28.7,241,15.29,3.63,964.7,21.7,343.0,20.913883,77.78116
MH-AMR,2023-09-17,26.2,30.2,23.3,76,90,0.3,0.3,18.4,241,21.65,4.77,966.3,21.4,343.0,20.913883,77.78116
MH-AMR,2023-09-18,26.1,30.4,22.9,81,92,0.1,0.1,14.4,231,22.05,4.57,966.8,22.5,343.0,20.913883,77.78116
MH-AMR,2023-09-19,26.8,31.1,22.9,82,98,0.0,0.0,9.4,261,22.13,4.64,968.3,23.2,343.0,20.913883,77.78116
MH-AMR,2023-09-20,27.1,31.0,23.7,83,97,2.6,2.6,11.9,288,20.44,4.29,968.6,23.8,343.0,20.913883,77.78116
MH-AMR,2023-09-21,26.6,31.6,24.4,86,96,3.9,3.9,9.4,277,16.77,3.6,968.6,24.0,343.0,20.913883,77.78116
MH-AMR,2023-09-22,25.4,28.0,23.8,92,99,5.4,5.4,11.2,268,9.07,1.9,968.7,24.1,343.0,20.913883,77.78116
MH-AMR,2023-09-23,26.2,30.1,23.5,87,99,0.5,0.5,12.1,279,14.53,3.06,969.2,23.7,343.0,20.913883,77.78116
MH-AMR,2023-09-24,26.5,30.7,23.2,86,98,13.7,13.7,13.0,284,18.41,3.88,968.9,23.8,343.0,20.913883,77.78116
MH-AMR,2023-09-25,26.0,31.0,23.0,87,99,10.9,10.9,11.9,305,18.36,3.76,968.4,23.7,343.0,20.913883,77.78116
MH-AMR,2023-09-26,25.9,30.9,22.7,89,99,4.4,4.4,10.3,339,18.22,3.72,968.3,23.8,343.0,20.913883,77.78116
MH-AMR,2023-09-27,26.6,30.8,22.5,86,100,2.1,2.1,15.3,13,18.65,3.82,968.3,24.0,343.0,20.913883,77.78116
MH-AMR,2023-09-28,27.8,31.5,23.6,83,97,0.5,0.5,6.8,298,19.94,4.23,967.9,24.5,343.0,20.913883,77.78116
MH-AMR,2023-09-29,26.5,31.3,24.3,85,96,12.6,12.6,14.1,62,18.12,3.83,968.0,23.7,343.0,20.913883,77.78116
MH-AMR,2023-09-30,26.7,32.3,23.6,85,99,1.7,1.7,14.9,2,18.77,3.99,967.9,23.8,343.0,20.913883,77.78116
MH-AMR,2023-10-01,27.4,33.0,23.0,74,100,0.0,0.0,12.0,346,21.24,4.89,966.8,21.7,343.0,20.913883,77.78116
MH-AMR,2023-10-02,27.3,32.6,21.9,72,88,0.0,0.0,13.3,335,20.37,4.72,967.3,21.4,343.0,20.913883,77.78116
MH-AMR,2023-10-03,27.2,32.7,22.9,65,91,0.0,0.0,18.1,319,21.71,5.38,969.1,19.5,343.0,20.913883,77.78116
MH-AMR,2023-10-04,25.6,32.4,20.0,66,87,0.0,0.0,16.1,297,22.68,5.28,970.3,18.3,343.0,20.913883,77.78116
MH-AMR,2023-10-05,25.7,32.4,20.4,64,85,0.0,0.0,16.9,283,22.76,5.42,970.1,18.0,343.0,20.913883,77.78116
MH-AMR,2023-10-06,26.1,32.9,20.7,62,80,0.0,0.0,13.8,290,22.68,5.44,969.6,17.9,343.0,20.913883,77.78116
MH-AMR,2023-10-07,26.9,33.5,21.8,59,79,0.0,0.0,10.9,307,22.06,5.46,970.4,17.6,343.0,20.913883,77.78116
MH-AMR,2023-10-08,27.9,34.1,22.6,59,76,0.0,0.0,9.0,305,21.54,5.11,971.8,18.7,343.0,20.913883,77.78116
MH-AMR,2023-10-09,27.5,33.8,21.6,65,87,0.0,0.0,8.7,302,21.69,5.06,973.1,19.7,343.0,20.913883,77.78116
MH-AMR,2023-10-10,27.4,33.7,22.5,62,89,0.0,0.0,9.8,267,21.53,5.01,973.1,18.8,343.0,20.913883,77.78116
MH-AMR,2023-10-11,27.7,33.8,21.6,58,79,0.0,0.0,9.3,307,20.99,5.04,973.1,18.3,343.0,20.913883,77.78116
MH-AMR,2023-10-12,27.9,33.5,21.7,55,81,0.0,0.0,10.2,23,19.28,4.46,974.0,17.4,343.0,20.913883,77.78116
MH-AMR,2023-10-13,28.0,33.5,21.9,51,80,0.0,0.0,8.2,68,18.5,4.27,974.8,16.2,343.0,20.913883,77.78116
MH-AMR,2023-10-14,28.0,33.6,22.0,53,78,0.0,0.0,8.7,288,19.23,4.58,974.3,16.9,343.0,20.913883,77.78116
MH-AMR,2023-10-15,27.2,32.4,20.7,58,83,0.2,0.2,14.4,125,19.14,4.38,972.8,17.6,343.0,20.913883,77.78116
MH-AMR,2023-10-16,26.7,31.9,21.6,64,88,0.0,0.0,10.4,60,19.3,4.29,973.2,18.8,343.0,20.913883,77.78116
MH-AMR,2023-10-17,26.9,32.1,21.9,63,87,0.0,0.0,9.0,19,19.75,4.52,974.4,18.7,343.0,20.913883,77.78116
MH-AMR,2023-10-18,26.6,31.7,22.2,65,85,0.0,0.0,8.3,24,19.47,4.38,975.1,19.1,343.0,20.913883,77.78116
MH-AMR,2023-10-19,26.5,31.6,22.4,64,81,0.0,0.0,9.1,77,19.05,4.39,975.1,18.9,343.0,20.913883,77.78116
MH-AMR,2023-10-20,26.5,31.4,21.4,62,86,0.0,0.0,10.0,69,19.18,4.57,975.5,18.3,343.0,20.913883,77.78116
MH-AMR,2023-10-21,26.3,32.3,20.6,54,81,0.0,0.0,15.3,84,19.76,4.99,975.9,15.6,343.0,20.913883,77.78116
MH-AMR,2023-10-22,26.1,32.2,19.5,45,81,0.0,0.0,16.6,20,18.79,5.27,975.7,12.2,343.0,20.913883,77.78116
MH-AMR,2023-10-23,25.3,32.1,19.7,50,70,0.0,0.0,10.6,50,20.56,5.09,974.4,13.6,343.0,20.913883,77.78116
MH-AMR,2023-10-24,25.7,31.8,20.7,48,70,0.0,0.0,17.2,36,20.59,5.6,974.3,13.0,343.0,20.913883,77.78116
MH-AMR,2023-10-25,24.8,31.0,18.6,48,77,0.0,0.0,16.8,33,19.61,5.13,975.6,12.2,343.0,20.913883,77.78116
MH-AMR,2023-10-26,24.4,31.1,18.9,47,62,0.0,0.0,12.7,34,20.15,4.82,975.7,11.8,343.0,20.913883,77.78116
MH-AMR,2023-10-27,24.6,31.2,18.5,49,66,0.0,0.0,9.0,43,20.39,4.55,974.5,12.5,343.0,20.913883,77.78116
MH-AMR,2023-10-28,24.4,30.7,18.2,53,79,0.0,0.0,10.1,84,20.33,4.47,974.6,13.5,343.0,20.913883,77.78116
MH-AMR,2023-10-29,24.5,30.8,17.5,54,75,0.0,0.0,9.8,78,20.18,4.39,974.4,13.8,343.0,20.913883,77.78116
MH-AMR,2023-10-30,24.9,31.3,18.9,52,68,0.0,0.0,13.3,81,19.85,4.91,974.5,14.1,343.0,20.913883,77.78116
MH-AMR,2023-10-31,24.9,30.9,19.9,58,79,0.0,0.0,10.5,89,19.57,4.67,975.1,15.6,343.0,20.913883,77.78116
MH-AMR,2023-11-01,25.2,30.7,20.4,59,79,0.0,0.0,12.3,82,17.38,4.37,975.5,16.1,343.0,20.913883,77.78116
MH-AMR,2023-11-02,25.1,31.0,20.0,59,81,0.0,0.0,9.3,62,18.79,4.34,974.5,16.1,343.0,20.913883,77.78116
MH-AMR,2023-11-03,25.1,31.3,18.9,56,81,0.0,0.0,9.7,25,19.23,4.38,972.8,14.9,343.0,20.913883,77.78116
MH-AMR,2023-11-04,25.9,32.0,20.9,40,61,0.0,0.0,13.8,52,19.56,5.43,973.0,10.2,343.0,20.913883,77.78116
MH-AMR,2023-11-05,25.3,32.0,20.1,41,65,0.0,0.0,14.0,70,18.86,5.49,974.7,10.3,343.0,20.913883,77.78116
MH-AMR,2023-11-06,24.9,31.9,19.3,39,56,0.0,0.0,13.7,81,19.2,5.51,975.8,9.5,343.0,20.913883,77.78116
MH-AMR,2023-11-07,24.9,31.9,19.0,41,59,0.0,0.0,12.2,81,19.21,5.19,975.5,10.1,343.0,20.913883,77.78116
MH-AMR,2023-11-08,25.4,31.9,20.2,41,61,0.0,0.0,12.7,86,18.87,5.24,975.0,10.8,343.0,20.913883,77.78116
MH-AMR,2023-11-09,25.0,31.9,18.2,46,71,0.0,0.0,9.5,100,18.58,4.74,975.2,12.1,343.0,20.913883,77.78116
MH-AMR,2023-11-10,25.3,32.0,19.0,46,65,0.0,0.0,11.2,120,18.44,4.82,976.4,12.4,343.0,20.913883,77.78116
MH-AMR,2023-11-11,26.3,32.5,19.5,49,71,0.0,0.0,10.0,41,18.33,4.23,976.9,14.3,343.0,20.913883,77.78116
MH-AMR,2023-11-12,25.7,32.2,21.1,46,56,0.0,0.0,12.5,34,18.37,4.91,977.0,12.7,343.0,20.913883,77.78116
MH-AMR,2023-11-13,24.4,31.0,18.8,49,71,0.0,0.0,11.2,47,18.52,4.48,976.5,12.2,343.0,20.913883,77.78116
MH-AMR,2023-11-14,24.5,30.6,18.6,49,69,0.0,0.0,11.2,48,18.42,4.35,975.9,12.4,343.0,20.913883,77.78116
MH-AMR,2023-11-15,24.3,30.1,18.3,49,70,0.0,0.0,10.7,69,18.35,4.39,975.7,12.3,343.0,20.913883,77.78116
MH-AMR,2023-11-16,24.2,30.2,18.9,53,73,0.0,0.0,11.7,61,18.07,4.52,975.8,13.7,343.0,20.913883,77.78116
MH-AMR,2023-11-17,24.3,30.1,18.9,52,71,0.0,0.0,11.4,56,18.16,4.35,975.8,13.4,343.0,20.913883,77.78116
MH-AMR,2023-11-18,24.5,30.5,19.1,54,70,0.0,0.0,11.6,67,17.3,4.33,975.3,14.1,343.0,20.913883,77.78116
MH-AMR,2023-11-19,25.2,31.5,19.2,48,62,0.0,0.0,11.2,80,17.09,4.46,975.6,13.3,343.0,20.913883,77.78116
MH-AMR,2023-11-20,25.4,31.1,20.3,53,68,0.0,0.0,10.4,80,17.18,4.34,975.9,14.5,343.0,20.913883,77.78116
MH-AMR,2023-11-21,24.7,30.8,19.9,58,84,0.0,0.0,10.8,58,17.65,4.17,975.3,15.2,343.0,20.913883,77.78116
MH-AMR,2023-11-22,24.6,30.9,19.6,56,80,0.0,0.0,10.1,45,17.28,4.18,974.3,14.5,343.0,20.913883,77.78116
MH-AMR,2023-11-23,24.7,30.7,19.7,53,78,0.0,0.0,11.8,60,16.32,4.12,973.1,13.9,343.0,20.913883,77.78116
MH-AMR,2023-11-24,24.9,30.7,19.8,54,74,0.0,0.0,11.6,75,15.71,4.1,974.0,14.6,343.0,20.913883,77.78116
MH-AMR,2023-11-25,24.8,30.5,19.7,56,73,0.0,0.0,11.7,97,15.84,4.01,975.7,15.0,343.0,20.913883,77.78116
MH-AMR,2023-11-26,24.6,29.6,20.0,55,70,0.0,0.0,12.7,92,12.57,3.8,975.7,14.5,343.0,20.913883,77.78116
MH-AMR,2023-11-27,20.8,23.7,19.0,80,93,39.0,39.0,14.3,93,7.01,1.77,975.0,17.1,343.0,20.913883,77.78116
MH-AMR,2023-11-28,20.4,23.8,17.8,87,96,5.0,5.0,12.1,73,7.93,1.6,973.9,18.1,343.0,20.913883,77.78116
MH-AMR,2023-11-29,21.0,25.0,19.0,91,99,22.7,22.7,12.2,105,7.9,1.59,974.6,19.3,343.0,20.913883,77.78116
MH-AMR,2023-11-30,22.5,26.5,19.0,85,98,0.6,0.6,7.6,67,8.38,1.8,974.8,19.6,343.0,20.913883,77.78116
MH-AMR,2023-12-01,21.8,23.3,20.0,90,98,6.7,6.7,11.3,28,3.73,0.9,974.6,20.1,343.0,20.913883,77.78116
MH-AMR,2023-12-02,24.2,29.5,19.5,74,94,0.0,0.0,12.6,72,15.87,3.57,974.0,18.8,343.0,20.913883,77.78116
MH-AMR,2023-12-03,24.0,29.3,20.4,70,85,0.0,0.0,14.6,78,16.16,3.87,974.4,17.8,343.0,20.913883,77.78116
MH-AMR,2023-12-04,24.1,29.5,19.6,70,87,0.0,0.0,11.7,70,15.58,3.66,973.1,18.0,343.0,20.913883,77.78116
MH-AMR,2023-12-05,23.6,27.9,20.6,74,88,0.4,0.4,15.3,63,12.37,3.1,972.3,18.5,343.0,20.913883,77.78116
MH-AMR,2023-12-06,23.0,26.2,20.8,74,84,0.2,0.2,18.3,59,8.87,2.61,972.9,18.0,343.0,20.913883,77.78116
MH-AMR,2023-12-07,22.2,25.6,19.4,80,96,0.8,0.8,9.7,36,12.27,2.49,973.5,18.5,343.0,20.913883,77.78116
MH-AMR,2023-12-08,21.5,26.1,18.1,81,97,0.5,0.5,7.9,48,14.11,2.76,974.6,17.8,343.0,20.913883,77.78116
MH-AMR,2023-12-09,22.1,26.9,17.8,74,96,0.2,0.2,11.2,46,15.55,3.17,976.0,16.7,343.0,20.913883,77.78116
MH-AMR,2023-12-10,21.0,26.5,16.6,63,76,0.0,0.0,11.8,62,16.38,3.5,975.0,13.3,343.0,20.913883,77.78116
MH-AMR,2023-12-11,20.8,27.0,15.7,66,84,0.0,0.0,8.6,68,16.22,3.38,975.0,13.9,343.0,20.913883,77.78116
MH-AMR,2023-12-12,21.0,27.0,16.0,66,85,0.0,0.0,9.4,80,14.26,3.12,973.8,14.1,343.0,20.913883,77.78116
MH-AMR,2023-12-13,21.8,27.4,17.1,68,86,0.0,0.0,10.2,59,15.34,3.32,975.0,15.2,343.0,20.913883,77.78116
MH-AMR,2023-12-14,21.1,26.8,16.4,64,82,0.0,0.0,12.6,69,16.35,3.5,976.7,13.6,343.0,20.913883,77.78116
MH-AMR,2023-12-15,20.4,26.6,15.8,66,82,0.0,0.0,9.7,84,16.46,3.47,977.4,13.3,343.0,20.913883,77.78116
MH-AMR,2023-12-16,20.4,26.1,15.7,59,79,0.0,0.0,10.9,47,16.31,3.49,976.5,11.5,343.0,20.913883,77.78116
MH-AMR,2023-12-17,20.0,26.0,15.7,61,75,0.0,0.0,12.1,57,16.27,3.68,976.5,11.7,343.0,20.913883,77.78116
MH-AMR,2023-12-18,19.3,24.8,15.8,58,78,0.0,0.0,14.8,53,15.17,3.65,978.0,10.5,343.0,20.913883,77.78116
MH-AMR,2023-12-19,18.4,24.3,14.7,50,63,0.0,0.0,16.1,58,16.29,3.94,978.7,7.3,343.0,20.913883,77.78116
MH-AMR,2023-12-20,18.1,24.8,13.4,51,67,0.0,0.0,14.3,58,16.57,3.79,978.2,7.4,343.0,20.913883,77.78116
MH-AMR,2023-12-21,19.0,25.9,13.6,55,76,0.0,0.0,9.1,61,15.33,3.33,976.8,8.9,343.0,20.913883,77.78116
MH-AMR,2023-12-22,20.4,27.2,13.7,57,81,0.0,0.0,7.8,48,15.82,3.22,976.2,10.9,343.0,20.913883,77.78116
MH-AMR,2023-12-23,21.2,28.6,14.5,55,80,0.0,0.0,9.0,98,16.49,3.67,976.9,11.1,343.0,20.913883,77.78116
MH-AMR,2023-12-24,21.2,28.7,15.5,59,80,0.0,0.0,10.5,82,16.35,3.57,978.5,12.2,343.0,20.913883,77.78116
MH-AMR,2023-12-25,21.7,28.5,15.0,56,81,0.0,0.0,8.6,87,16.47,3.25,978.1,11.7,343.0,20.913883,77.78116
MH-AMR,2023-12-26,21.7,29.1,15.2,63,92,0.0,0.0,10.2,53,16.45,3.49,977.6,13.6,343.0,20.913883,77.78116
MH-AMR,2023-12-27,21.9,28.8,15.8,63,85,0.0,0.0,9.2,68,16.52,3.44,978.2,13.8,343.0,20.913883,77.78116
MH-AMR,2023-12-28,22.0,28.4,16.1,65,92,0.0,0.0,9.2,91,16.34,3.54,976.8,14.6,343.0,20.913883,77.78116
MH-AMR,2023-12-29,22.2,28.3,16.8,63,82,0.0,0.0,10.0,101,15.74,3.49,976.8,14.5,343.0,20.913883,77.78116
MH-AMR,2023-12-30,22.2,28.2,16.1,64,82,0.0,0.0,10.2,105,16.37,3.51,976.2,14.8,343.0,20.913883,77.78116
MH-AMR,2023-12-31,22.2,28.1,16.5,67,91,0.0,0.0,9.2,103,16.43,3.5,975.8,15.4,343.0,20.913883,77.78116
