site_id,date,temperature_2m_mean,temperature_2m_max,temperature_2m_min,relative_humidity_2m_mean,relative_humidity_2m_max,precipitation_sum,rain_sum,wind_speed_10m_max,wind_direction_10m_dominant,shortwave_radiation_sum,et0_fao_evapotranspiration,surface_pressure_mean,dew_point_2m_mean,elevation_m,lat,lon
MH-LTR,2020-12-01,22.6,28.8,17.5,67,92,0.0,0.0,11.9,75,17.06,3.89,944.4,15.4,633.0,18.383127,76.53959
MH-LTR,2020-12-02,21.5,28.5,16.6,58,82,0.0,0.0,10.5,68,18.49,4.2,943.2,11.9,633.0,18.383127,76.53959
MH-LTR,2020-12-03,20.8,28.7,14.3,56,84,0.0,0.0,11.2,90,18.81,4.28,942.4,10.4,633.0,18.383127,76.53959
MH-LTR,2020-12-04,20.5,28.8,13.7,54,84,0.0,0.0,10.5,80,18.57,4.34,941.5,9.7,633.0,18.383127,76.53959
MH-LTR,2020-12-05,20.5,28.5,14.7,49,70,0.0,0.0,11.7,71,18.79,4.44,942.0,8.4,633.0,18.383127,76.53959
MH-LTR,2020-12-06,20.4,28.5,12.7,49,80,0.0,0.0,12.8,84,18.63,4.58,943.2,8.4,633.0,18.383127,76.53959
MH-LTR,2020-12-07,20.7,28.9,13.3,53,83,0.0,0.0,12.9,84,18.4,4.37,944.8,9.9,633.0,18.383127,76.53959
MH-LTR,2020-12-08,20.9,29.3,13.9,53,80,0.0,0.0,10.8,95,18.31,4.38,944.6,10.1,633.0,18.383127,76.53959
MH-LTR,2020-12-09,21.6,29.1,14.3,52,79,0.0,0.0,10.5,112,18.0,4.27,943.6,10.3,633.0,18.383127,76.53959
MH-LTR,2020-12-10,22.8,29.3,17.0,50,68,0.0,0.0,9.4,129,17.3,4.18,943.0,11.2,633.0,18.383127,76.53959
MH-LTR,2020-12-11,23.2,29.5,18.5,53,73,0.0,0.0,11.5,157,16.62,4.01,943.0,12.6,633.0,18.383127,76.53959
MH-LTR,2020-12-12,23.4,29.7,18.5,49,67,0.0,0.0,12.1,145,17.3,4.33,942.6,11.8,633.0,18.383127,76.53959
MH-LTR,2020-12-13,22.8,28.7,17.7,57,78,0.0,0.0,10.2,144,15.92,3.68,941.7,13.6,633.0,18.383127,76.53959
MH-LTR,2020-12-14,23.6,28.9,19.3,50,63,0.0,0.0,13.6,155,15.74,4.11,941.8,12.3,633.0,18.383127,76.53959
MH-LTR,2020-12-15,23.3,29.2,19.0,53,71,0.0,0.0,11.7,142,16.64,4.14,943.4,12.8,633.0,18.383127,76.53959
MH-LTR,2020-12-16,23.1,29.0,18.0,59,83,0.0,0.0,11.6,132,17.03,3.98,944.5,14.2,633.0,18.383127,76.53959
MH-LTR,2020-12-17,22.7,29.2,16.9,61,90,0.0,0.0,9.0,92,17.07,3.86,944.7,14.0,633.0,18.383127,76.53959
MH-LTR,2020-12-18,22.8,28.5,16.6,56,84,0.0,0.0,12.0,72,17.1,4.11,944.6,12.9,633.0,18.383127,76.53959
MH-LTR,2020-12-19,21.5,27.7,16.3,57,83,0.0,0.0,12.0,79,17.06,4.11,945.1,11.8,633.0,18.383127,76.53959
MH-LTR,2020-12-20,19.4,26.9,13.5,52,84,0.0,0.0,13.9,71,18.43,4.29,945.3,7.8,633.0,18.383127,76.53959
MH-LTR,2020-12-21,18.3,26.9,11.4,47,75,0.0,0.0,11.6,75,18.68,4.34,943.8,5.3,633.0,18.383127,76.53959
MH-LTR,2020-12-22,18.3,26.8,11.7,47,79,0.0,0.0,10.4,96,18.65,4.21,942.6,5.5,633.0,18.383127,76.53959
MH-LTR,2020-12-23,19.0,27.4,11.0,47,79,0.0,0.0,10.5,120,18.34,4.19,941.4,6.3,633.0,18.383127,76.53959
MH-LTR,2020-12-24,20.0,28.0,13.1,52,75,0.0,0.0,10.7,107,17.78,4.13,941.0,9.1,633.0,18.383127,76.53959
MH-LTR,2020-12-25,20.4,27.7,14.3,57,84,0.0,0.0,10.3,98,17.74,4.02,942.3,10.9,633.0,18.383127,76.53959
MH-LTR,2020-12-26,20.4,28.6,13.7,57,93,0.0,0.0,10.1,103,17.86,4.01,943.0,10.6,633.0,18.383127,76.53959
MH-LTR,2020-12-27,20.9,29.1,14.0,58,88,0.0,0.0,10.8,115,17.78,3.86,942.2,11.3,633.0,18.383127,76.53959
MH-LTR,2020-12-28,22.1,29.1,16.2,55,76,0.0,0.0,10.9,163,17.86,4.06,941.7,12.0,633.0,18.383127,76.53959
MH-LTR,2020-12-29,21.8,29.0,14.7,54,81,0.0,0.0,11.6,124,17.86,4.12,941.6,11.3,633.0,18.383127,76.53959
MH-LTR,2020-12-30,22.1,29.1,16.5,54,86,0.0,0.0,12.9,125,18.01,4.4,942.3,11.7,633.0,18.383127,76.53959
MH-LTR,2020-12-31,22.5,28.7,16.6,63,94,0.0,0.0,12.4,111,16.66,3.99,943.1,14.2,633.0,18.383127,76.53959
MH-LTR,2021-01-01,22.9,28.5,18.1,67,93,0.0,0.0,12.9,116,14.05,3.5,943.4,15.7,633.0,18.383127,76.53959
MH-LTR,2021-01-02,21.8,28.3,16.4,58,88,0.0,0.0,11.9,134,15.74,3.77,943.3,12.5,633.0,18.383127,76.53959
MH-LTR,2021-01-03,21.5,28.7,15.5,58,91,0.0,0.0,14.4,141,17.82,4.08,941.6,11.9,633.0,18.383127,76.53959
MH-LTR,2021-01-04,22.5,28.4,17.6,55,84,0.1,0.1,11.9,132,12.75,3.46,941.6,12.1,633.0,18.383127,76.53959
MH-LTR,2021-01-05,21.1,24.5,18.7,60,75,0.0,0.0,11.2,62,5.7,1.84,942.6,12.9,633.0,18.383127,76.53959
MH-LTR,2021-01-06,22.7,29.7,17.6,70,90,1.0,1.0,11.9,119,15.01,3.33,942.1,16.5,633.0,18.383127,76.53959
MH-LTR,2021-01-07,22.5,26.8,19.4,79,96,2.9,2.9,12.5,125,10.57,2.42,941.0,18.5,633.0,18.383127,76.53959
MH-LTR,2021-01-08,24.4,30.0,18.8,64,95,0.2,0.2,12.8,127,16.43,4.05,940.1,16.2,633.0,18.383127,76.53959
MH-LTR,2021-01-09,24.1,28.8,20.1,64,83,0.1,0.1,11.3,144,14.22,3.54,940.8,16.5,633.0,18.383127,76.53959
MH-LTR,2021-01-10,24.1,30.2,18.7,54,77,0.0,0.0,11.2,130,17.5,4.33,941.6,13.8,633.0,18.383127,76.53959
MH-LTR,2021-01-11,24.0,31.2,18.2,45,64,0.0,0.0,10.9,111,18.25,4.68,942.7,10.4,633.0,18.383127,76.53959
MH-LTR,2021-01-12,24.3,31.3,18.3,51,74,0.0,0.0,13.9,72,17.76,4.41,943.1,12.7,633.0,18.383127,76.53959
MH-LTR,2021-01-13,23.7,30.3,18.0,53,77,0.0,0.0,10.9,54,18.0,4.28,942.5,12.8,633.0,18.383127,76.53959
MH-LTR,2021-01-14,22.8,29.8,16.2,56,88,0.0,0.0,8.4,117,18.41,4.17,941.9,12.8,633.0,18.383127,76.53959
MH-LTR,2021-01-15,22.8,29.6,17.0,58,79,0.0,0.0,10.0,150,18.36,4.07,941.1,13.6,633.0,18.383127,76.53959
MH-LTR,2021-01-16,24.2,30.4,17.9,57,81,0.0,0.0,11.9,134,16.48,4.11,940.4,14.4,633.0,18.383127,76.53959
MH-LTR,2021-01-17,24.6,29.7,19.7,56,76,0.0,0.0,12.4,129,12.57,3.63,941.5,15.0,633.0,18.383127,76.53959
MH-LTR,2021-01-18,24.6,30.0,19.1,55,78,0.0,0.0,11.8,138,16.86,4.39,942.7,14.3,633.0,18.383127,76.53959
MH-LTR,2021-01-19,24.2,29.5,18.5,57,79,0.0,0.0,11.0,170,16.15,3.72,942.4,14.7,633.0,18.383127,76.53959
MH-LTR,2021-01-20,24.5,30.5,19.4,54,76,0.0,0.0,9.3,217,18.63,4.37,942.6,14.1,633.0,18.383127,76.53959
MH-LTR,2021-01-21,23.8,30.4,17.7,56,80,0.0,0.0,9.5,350,18.84,4.22,942.0,13.8,633.0,18.383127,76.53959
MH-LTR,2021-01-22,24.0,30.9,17.3,55,81,0.0,0.0,10.2,107,18.95,4.39,941.9,13.7,633.0,18.383127,76.53959
MH-LTR,2021-01-23,23.6,30.9,16.5,54,82,0.0,0.0,9.6,189,19.38,4.38,941.8,12.9,633.0,18.383127,76.53959
MH-LTR,2021-01-24,23.9,31.0,17.9,55,74,0.0,0.0,9.0,223,19.47,4.44,942.4,13.8,633.0,18.383127,76.53959
MH-LTR,2021-01-25,23.9,30.5,17.4,53,73,0.0,0.0,9.4,290,19.47,4.18,942.9,13.3,633.0,18.383127,76.53959
MH-LTR,2021-01-26,23.7,30.3,16.7,53,83,0.0,0.0,8.4,211,19.4,4.31,942.3,12.9,633.0,18.383127,76.53959
MH-LTR,2021-01-27,23.5,30.0,16.8,51,79,0.0,0.0,10.5,185,19.57,4.52,942.3,11.9,633.0,18.383127,76.53959
MH-LTR,2021-01-28,23.6,29.9,18.0,53,76,0.0,0.0,15.9,173,17.66,4.29,942.7,12.8,633.0,18.383127,76.53959
MH-LTR,2021-01-29,23.4,29.5,17.7,52,73,0.0,0.0,14.4,224,17.92,4.24,943.4,12.3,633.0,18.383127,76.53959
MH-LTR,2021-01-30,23.8,29.2,17.6,51,76,0.0,0.0,11.6,34,17.91,4.24,943.3,12.3,633.0,18.383127,76.53959
MH-LTR,2021-01-31,23.6,29.3,18.7,55,77,0.0,0.0,14.0,108,15.3,3.82,943.9,13.4,633.0,18.383127,76.53959
MH-LTR,2021-02-01,23.1,29.2,18.0,53,76,0.0,0.0,12.6,86,16.77,4.37,945.6,12.2,633.0,18.383127,76.53959
MH-LTR,2021-02-02,21.9,29.6,14.8,43,79,0.0,0.0,14.1,97,20.63,5.25,945.6,6.8,633.0,18.383127,76.53959
MH-LTR,2021-02-03,22.1,29.5,15.0,35,65,0.0,0.0,12.6,118,20.91,5.43,944.7,4.3,633.0,18.383127,76.53959
MH-LTR,2021-02-04,22.0,29.6,14.7,36,63,0.0,0.0,12.4,130,20.91,5.11,944.0,4.8,633.0,18.383127,76.53959
MH-LTR,2021-02-05,22.7,29.6,16.6,40,59,0.0,0.0,14.2,201,20.31,5.24,943.0,7.5,633.0,18.383127,76.53959
MH-LTR,2021-02-06,22.3,29.3,15.1,40,64,0.0,0.0,11.7,4,20.73,4.85,942.8,7.2,633.0,18.383127,76.53959
MH-LTR,2021-02-07,21.7,28.6,16.2,39,57,0.0,0.0,15.6,44,21.15,5.47,944.4,6.4,633.0,18.383127,76.53959
MH-LTR,2021-02-08,21.1,29.1,13.6,36,68,0.0,0.0,11.8,87,21.77,5.41,944.6,3.5,633.0,18.383127,76.53959
MH-LTR,2021-02-09,21.3,30.8,13.1,33,63,0.0,0.0,10.1,103,21.95,5.16,943.2,2.2,633.0,18.383127,76.53959
MH-LTR,2021-02-10,22.0,30.9,12.9,38,73,0.0,0.0,10.6,143,21.83,4.95,941.7,5.1,633.0,18.383127,76.53959
MH-LTR,2021-02-11,23.3,31.5,14.6,36,64,0.0,0.0,9.6,125,21.59,5.26,941.2,6.1,633.0,18.383127,76.53959
MH-LTR,2021-02-12,23.8,31.3,16.9,39,65,0.0,0.0,13.0,145,21.31,5.22,942.0,7.8,633.0,18.383127,76.53959
MH-LTR,2021-02-13,24.3,31.3,17.9,37,61,0.0,0.0,13.9,143,21.48,5.52,943.1,8.0,633.0,18.383127,76.53959
MH-LTR,2021-02-14,24.5,31.1,18.4,38,55,0.0,0.0,10.9,172,20.39,4.89,943.1,8.8,633.0,18.383127,76.53959
MH-LTR,2021-02-15,25.4,31.6,20.5,34,48,0.0,0.0,17.3,205,20.44,5.67,942.0,7.8,633.0,18.383127,76.53959
MH-LTR,2021-02-16,25.4,32.0,21.3,36,49,0.0,0.0,16.5,189,19.54,5.72,941.1,8.4,633.0,18.383127,76.53959
MH-LTR,2021-02-17,25.2,32.1,19.5,37,53,0.0,0.0,14.1,175,20.6,5.37,941.2,8.7,633.0,18.383127,76.53959
MH-LTR,2021-02-18,23.5,29.1,18.8,43,66,0.0,0.0,15.8,105,17.75,5.0,943.2,9.3,633.0,18.383127,76.53959
MH-LTR,2021-02-19,17.9,21.3,14.0,79,94,10.0,10.0,13.3,63,9.75,2.09,945.1,14.1,633.0,18.383127,76.53959
MH-LTR,2021-02-20,20.5,27.7,13.9,62,94,0.2,0.2,17.5,74,19.47,4.53,944.3,12.1,633.0,18.383127,76.53959
MH-LTR,2021-02-21,22.2,29.0,16.7,57,77,0.1,0.1,13.8,81,19.0,4.66,944.5,12.6,633.0,18.383127,76.53959
MH-LTR,2021-02-22,23.2,30.4,16.9,56,88,0.0,0.0,11.2,79,19.84,4.77,944.6,12.8,633.0,18.383127,76.53959
MH-LTR,2021-02-23,24.1,31.8,17.3,45,71,0.0,0.0,10.7,89,22.33,5.33,943.1,10.0,633.0,18.383127,76.53959
MH-LTR,2021-02-24,24.3,33.0,16.5,40,66,0.0,0.0,10.3,110,22.6,5.56,941.7,8.3,633.0,18.383127,76.53959
MH-LTR,2021-02-25,25.2,33.2,17.5,37,63,0.0,0.0,9.6,252,21.75,5.4,941.8,8.6,633.0,18.383127,76.53959
MH-LTR,2021-02-26,25.5,32.4,18.5,40,60,0.0,0.0,10.7,337,19.48,5.03,940.8,10.1,633.0,18.383127,76.53959
MH-LTR,2021-02-27,25.6,33.5,18.2,35,56,0.0,0.0,11.9,335,22.5,6.04,940.3,8.1,633.0,18.383127,76.53959
MH-LTR,2021-02-28,26.1,34.6,17.7,33,60,0.0,0.0,13.2,16,21.91,6.03,940.6,7.0,633.0,18.383127,76.53959
MH-LTR,2021-03-01,27.1,33.5,21.1,31,43,0.0,0.0,10.1,57,14.85,4.68,943.0,7.7,633.0,18.383127,76.53959
MH-LTR,2021-03-02,26.9,34.5,20.8,31,50,0.0,0.0,14.6,15,22.37,6.32,943.6,7.1,633.0,18.383127,76.53959
MH-LTR,2021-03-03,26.1,34.1,18.3,30,48,0.0,0.0,12.1,42,23.33,6.26,942.6,5.9,633.0,18.383127,76.53959
MH-LTR,2021-03-04,25.4,34.2,17.4,31,59,0.0,0.0,11.2,113,23.57,6.34,942.2,5.5,633.0,18.383127,76.53959
MH-LTR,2021-03-05,26.0,33.7,18.6,31,47,0.0,0.0,11.8,200,23.5,5.74,943.2,6.4,633.0,18.383127,76.53959
MH-LTR,2021-03-06,26.5,34.5,18.4,29,50,0.0,0.0,11.5,267,23.53,5.96,943.0,5.6,633.0,18.383127,76.53959
MH-LTR,2021-03-07,26.8,34.4,17.7,29,45,0.0,0.0,12.1,180,23.6,5.79,942.0,6.4,633.0,18.383127,76.53959
MH-LTR,2021-03-08,27.2,34.5,18.7,31,52,0.0,0.0,13.7,193,23.18,6.05,942.5,7.7,633.0,18.383127,76.53959
MH-LTR,2021-03-09,27.7,34.3,21.0,29,45,0.0,0.0,13.4,177,20.65,5.85,943.0,7.1,633.0,18.383127,76.53959
MH-LTR,2021-03-10,28.3,34.6,22.2,27,42,0.0,0.0,17.1,194,21.82,6.43,942.9,6.7,633.0,18.383127,76.53959
MH-LTR,2021-03-11,28.0,34.7,22.7,25,39,0.0,0.0,16.3,176,22.07,7.02,942.7,5.3,633.0,18.383127,76.53959
MH-LTR,2021-03-12,27.5,34.8,20.9,23,40,0.0,0.0,14.3,170,24.26,7.47,943.5,3.8,633.0,18.383127,76.53959
MH-LTR,2021-03-13,27.1,34.2,20.4,25,42,0.0,0.0,13.2,118,23.88,6.47,944.0,4.5,633.0,18.383127,76.53959
MH-LTR,2021-03-14,27.3,34.5,20.1,28,44,0.0,0.0,15.4,143,23.22,6.41,942.2,6.2,633.0,18.383127,76.53959
MH-LTR,2021-03-15,27.8,34.8,21.0,24,35,0.0,0.0,14.5,169,23.75,6.53,941.5,4.8,633.0,18.383127,76.53959
MH-LTR,2021-03-16,28.4,35.1,21.7,26,41,0.0,0.0,16.3,184,22.6,6.55,941.5,6.5,633.0,18.383127,76.53959
MH-LTR,2021-03-17,28.4,34.8,23.4,30,44,0.0,0.0,14.3,177,18.6,5.6,940.4,8.8,633.0,18.383127,76.53959
MH-LTR,2021-03-18,29.1,34.9,23.8,31,49,0.0,0.0,16.3,170,18.63,6.19,940.6,9.5,633.0,18.383127,76.53959
MH-LTR,2021-03-19,28.9,35.0,23.6,32,48,0.0,0.0,14.8,185,19.22,6.14,940.5,10.1,633.0,18.383127,76.53959
MH-LTR,2021-03-20,27.7,33.3,21.4,42,75,0.0,0.0,14.7,47,19.72,5.53,940.3,12.5,633.0,18.383127,76.53959
MH-LTR,2021-03-21,27.7,34.5,19.5,40,85,0.0,0.0,12.4,94,20.83,5.57,940.0,11.4,633.0,18.383127,76.53959
MH-LTR,2021-03-22,28.1,35.2,21.2,39,73,0.0,0.0,15.0,35,21.29,6.09,941.9,12.2,633.0,18.383127,76.53959
MH-LTR,2021-03-23,26.8,32.7,21.4,51,85,1.8,1.8,16.9,48,20.86,5.66,943.5,15.2,633.0,18.383127,76.53959
MH-LTR,2021-03-24,27.5,33.6,21.0,49,88,3.0,3.0,14.5,61,21.31,5.36,943.1,14.5,633.0,18.383127,76.53959
MH-LTR,2021-03-25,29.2,35.9,21.7,34,57,0.0,0.0,10.1,29,22.39,5.96,941.7,10.8,633.0,18.383127,76.53959
MH-LTR,2021-03-26,29.2,36.4,21.7,29,44,0.0,0.0,12.0,28,24.45,6.9,941.1,8.4,633.0,18.383127,76.53959
MH-LTR,2021-03-27,28.9,36.1,20.6,29,52,0.0,0.0,13.3,26,23.07,6.52,940.5,7.9,633.0,18.383127,76.53959
MH-LTR,2021-03-28,29.5,37.3,20.3,20,42,0.0,0.0,14.0,47,25.37,7.26,939.6,2.8,633.0,18.383127,76.53959
MH-LTR,2021-03-29,29.5,37.6,19.7,22,40,0.0,0.0,9.5,168,25.34,6.41,938.9,4.1,633.0,18.383127,76.53959
MH-LTR,2021-03-30,29.9,38.0,22.0,22,36,0.0,0.0,15.1,316,25.47,7.88,938.0,4.6,633.0,18.383127,76.53959
MH-LTR,2021-03-31,29.7,38.4,20.8,19,41,0.0,0.0,16.1,318,26.33,8.08,937.0,1.3,633.0,18.383127,76.53959
MH-LTR,2021-04-01,30.4,37.8,22.6,25,55,0.0,0.0,20.7,314,25.78,8.2,936.7,6.1,633.0,18.383127,76.53959
MH-LTR,2021-04-02,29.7,37.4,22.8,26,61,0.0,0.0,13.8,299,25.83,7.68,937.4,5.5,633.0,18.383127,76.53959
MH-LTR,2021-04-03,30.0,38.2,21.4,22,39,0.0,0.0,11.8,320,25.7,6.87,937.6,4.6,633.0,18.383127,76.53959
MH-LTR,2021-04-04,30.6,37.8,24.3,25,51,0.0,0.0,16.2,344,25.52,8.13,939.8,6.9,633.0,18.383127,76.53959
MH-LTR,2021-04-05,30.6,38.3,23.5,23,37,0.0,0.0,20.6,29,25.77,8.19,940.4,6.4,633.0,18.383127,76.53959
MH-LTR,2021-04-06,31.3,38.2,23.0,26,46,0.0,0.0,11.8,162,24.44,6.83,940.7,8.1,633.0,18.383127,76.53959
MH-LTR,2021-04-07,31.7,37.1,25.1,26,45,0.0,0.0,13.4,197,18.97,5.71,941.3,9.2,633.0,18.383127,76.53959
MH-LTR,2021-04-08,30.8,35.1,26.5,28,37,0.0,0.0,13.6,230,13.32,5.13,939.8,10.0,633.0,18.383127,76.53959
MH-LTR,2021-04-09,30.9,35.8,26.7,27,39,0.0,0.0,18.4,15,16.28,5.77,939.3,9.2,633.0,18.383127,76.53959
MH-LTR,2021-04-10,29.7,36.2,25.9,38,57,0.7,0.7,22.9,186,19.71,5.84,940.9,13.4,633.0,18.383127,76.53959
MH-LTR,2021-04-11,28.4,35.0,24.2,49,63,0.4,0.4,23.0,137,17.58,4.4,942.8,16.1,633.0,18.383127,76.53959
MH-LTR,2021-04-12,27.5,34.6,23.2,53,72,4.3,4.3,15.9,125,17.44,4.54,943.1,16.6,633.0,18.383127,76.53959
MH-LTR,2021-04-13,28.1,34.6,22.5,50,74,0.2,0.2,17.2,121,17.01,4.92,942.4,15.7,633.0,18.383127,76.53959
MH-LTR,2021-04-14,27.3,34.4,23.1,49,66,0.1,0.1,15.7,72,19.89,5.6,941.9,15.3,633.0,18.383127,76.53959
MH-LTR,2021-04-15,28.1,35.9,20.9,39,71,0.0,0.0,15.7,75,22.63,6.03,940.7,10.8,633.0,18.383127,76.53959
MH-LTR,2021-04-16,29.5,36.5,22.6,32,60,0.0,0.0,15.3,60,23.24,6.85,940.1,9.4,633.0,18.383127,76.53959
MH-LTR,2021-04-17,30.0,36.1,23.3,30,48,0.0,0.0,14.4,197,21.81,6.08,941.2,9.5,633.0,18.383127,76.53959
MH-LTR,2021-04-18,31.0,37.1,24.8,25,40,0.0,0.0,16.0,12,22.78,6.88,941.8,8.3,633.0,18.383127,76.53959
MH-LTR,2021-04-19,31.6,37.6,24.8,28,55,0.0,0.0,13.7,316,21.96,6.97,939.8,9.6,633.0,18.383127,76.53959
MH-LTR,2021-04-20,31.3,37.6,24.3,25,41,0.0,0.0,15.8,326,22.4,6.51,938.8,8.4,633.0,18.383127,76.53959
MH-LTR,2021-04-21,31.0,36.4,25.0,27,41,0.0,0.0,14.0,342,23.17,6.96,940.4,9.3,633.0,18.383127,76.53959
MH-LTR,2021-04-22,30.7,36.7,23.7,26,46,0.0,0.0,15.5,20,24.02,7.22,941.0,8.0,633.0,18.383127,76.53959
MH-LTR,2021-04-23,29.8,35.6,24.6,34,58,0.0,0.0,8.4,216,19.71,5.11,940.6,11.4,633.0,18.383127,76.53959
MH-LTR,2021-04-24,30.5,36.9,24.5,30,59,0.0,0.0,17.1,339,24.41,7.14,940.3,9.3,633.0,18.383127,76.53959
MH-LTR,2021-04-25,30.9,37.3,23.2,31,53,0.0,0.0,17.4,183,22.85,6.41,939.8,11.2,633.0,18.383127,76.53959
MH-LTR,2021-04-26,30.2,37.0,24.8,40,64,0.9,0.9,15.8,230,20.46,6.27,940.2,14.8,633.0,18.383127,76.53959
MH-LTR,2021-04-27,31.4,38.1,23.8,30,58,0.0,0.0,11.6,219,23.68,6.65,940.2,10.8,633.0,18.383127,76.53959
MH-LTR,2021-04-28,30.6,37.9,24.3,32,53,0.2,0.2,16.5,225,21.62,6.48,941.0,11.3,633.0,18.383127,76.53959
MH-LTR,2021-04-29,30.4,37.6,23.5,32,46,0.0,0.0,14.2,207,21.08,6.13,940.4,11.1,633.0,18.383127,76.53959
MH-LTR,2021-04-30,31.2,37.6,23.4,31,59,0.0,0.0,13.7,236,21.82,6.61,939.6,10.3,633.0,18.383127,76.53959
MH-LTR,2021-05-01,29.9,37.4,24.7,37,54,0.1,0.1,15.0,163,21.37,5.62,939.7,13.2,633.0,18.383127,76.53959
MH-LTR,2021-05-02,27.8,36.1,23.8,55,72,5.4,5.4,23.4,349,18.97,4.94,940.3,17.4,633.0,18.383127,76.53959
MH-LTR,2021-05-03,27.6,35.8,22.1,57,87,3.3,3.3,15.5,135,20.3,4.97,939.8,17.5,633.0,18.383127,76.53959
MH-LTR,2021-05-04,29.9,35.8,24.0,45,67,0.0,0.0,12.6,176,20.66,5.45,939.2,15.6,633.0,18.383127,76.53959
MH-LTR,2021-05-05,30.1,35.9,24.8,48,68,0.1,0.1,14.2,207,20.07,5.74,939.2,17.2,633.0,18.383127,76.53959
MH-LTR,2021-05-06,30.4,36.5,25.2,48,74,1.8,1.8,13.4,211,19.17,5.42,940.0,17.2,633.0,18.383127,76.53959
MH-LTR,2021-05-07,29.6,35.0,25.7,52,67,1.4,1.4,14.1,250,18.61,4.68,940.8,18.3,633.0,18.383127,76.53959
MH-LTR,2021-05-08,30.8,37.0,25.5,50,75,0.0,0.0,10.3,146,21.45,5.77,939.9,18.3,633.0,18.383127,76.53959
MH-LTR,2021-05-09,29.8,35.9,25.3,56,75,1.1,1.1,12.5,210,20.04,5.19,939.0,19.7,633.0,18.383127,76.53959
MH-LTR,2021-05-10,30.5,35.6,24.2,51,82,0.6,0.6,8.5,203,22.19,5.42,938.3,18.4,633.0,18.383127,76.53959
MH-LTR,2021-05-11,31.8,38.3,26.1,39,72,0.0,0.0,16.6,293,25.29,7.39,937.9,14.5,633.0,18.383127,76.53959
MH-LTR,2021-05-12,31.6,37.7,24.5,33,55,0.0,0.0,14.6,279,25.43,7.15,936.5,12.8,633.0,18.383127,76.53959
MH-LTR,2021-05-13,31.0,36.7,26.1,40,65,0.0,0.0,12.0,259,22.96,6.45,936.4,14.9,633.0,18.383127,76.53959
MH-LTR,2021-05-14,31.0,35.5,25.9,45,64,0.0,0.0,15.3,164,20.07,5.8,935.7,17.2,633.0,18.383127,76.53959
MH-LTR,2021-05-15,31.1,36.3,26.1,49,78,0.0,0.0,23.4,117,21.29,7.44,934.4,18.7,633.0,18.383127,76.53959
MH-LTR,2021-05-16,28.2,32.3,24.7,63,83,1.1,1.1,24.1,135,13.04,5.08,934.8,20.1,633.0,18.383127,76.53959
MH-LTR,2021-05-17,29.2,34.1,24.4,53,76,0.1,0.1,28.0,167,22.09,7.24,936.3,18.2,633.0,18.383127,76.53959
MH-LTR,2021-05-18,29.1,35.4,24.3,59,81,0.8,0.8,25.2,200,19.88,6.51,936.8,19.7,633.0,18.383127,76.53959
MH-LTR,2021-05-19,27.8,32.6,24.1,68,87,1.7,1.7,23.7,224,19.24,5.49,936.6,20.9,633.0,18.383127,76.53959
MH-LTR,2021-05-20,29.2,35.4,23.3,52,90,0.0,0.0,17.3,274,24.22,6.91,937.3,16.6,633.0,18.383127,76.53959
MH-LTR,2021-05-21,30.8,36.5,24.8,39,59,0.1,0.1,18.1,316,22.39,7.04,937.6,14.2,633.0,18.383127,76.53959
MH-LTR,2021-05-22,31.4,37.7,25.4,38,65,0.0,0.0,15.3,304,22.51,7.05,936.8,14.1,633.0,18.383127,76.53959
MH-LTR,2021-05-23,31.5,36.8,25.5,39,69,0.0,0.0,17.4,327,21.63,7.4,937.9,15.0,633.0,18.383127,76.53959
MH-LTR,2021-05-24,31.6,37.6,25.8,37,66,0.0,0.0,17.2,314,20.8,7.04,938.1,14.1,633.0,18.383127,76.53959
MH-LTR,2021-05-25,31.8,37.9,26.1,35,66,0.0,0.0,20.1,321,21.96,8.17,936.2,12.9,633.0,18.383127,76.53959
MH-LTR,2021-05-26,31.7,37.6,24.9,38,73,0.0,0.0,21.9,302,22.49,8.73,935.0,13.8,633.0,18.383127,76.53959
MH-LTR,2021-05-27,29.3,36.0,23.1,50,77,0.1,0.1,19.8,284,18.61,6.86,935.9,16.7,633.0,18.383127,76.53959
MH-LTR,2021-05-28,29.6,35.8,23.6,55,84,0.1,0.1,18.9,254,18.0,5.69,937.1,18.9,633.0,18.383127,76.53959
MH-LTR,2021-05-29,29.7,37.1,24.7,58,88,6.4,6.4,19.2,270,20.4,5.9,938.1,19.8,633.0,18.383127,76.53959
MH-LTR,2021-05-30,29.0,35.5,23.9,62,93,2.8,2.8,18.4,281,18.54,4.96,938.1,20.1,633.0,18.383127,76.53959
MH-LTR,2021-05-31,28.7,33.4,25.6,65,80,6.0,6.0,13.0,278,17.74,4.63,936.7,21.2,633.0,18.383127,76.53959
MH-LTR,2021-06-01,28.1,34.5,23.9,72,91,2.7,2.7,18.5,241,21.57,5.07,937.1,22.1,633.0,18.383127,76.53959
MH-LTR,2021-06-02,27.5,32.6,24.0,73,91,14.9,14.9,12.6,265,16.01,3.77,938.0,22.0,633.0,18.383127,76.53959
MH-LTR,2021-06-03,26.9,29.5,24.5,74,88,1.1,1.1,9.1,215,9.91,2.51,938.8,21.7,633.0,18.383127,76.53959
MH-LTR,2021-06-04,25.9,29.0,23.1,78,94,9.2,9.2,10.1,200,9.85,2.34,939.6,21.5,633.0,18.383127,76.53959
MH-LTR,2021-06-05,26.3,30.7,22.8,74,95,3.1,3.1,14.2,207,16.84,4.03,938.6,20.9,633.0,18.383127,76.53959
MH-LTR,2021-06-06,26.5,30.7,22.2,74,98,5.7,5.7,11.3,225,18.61,4.39,938.3,21.0,633.0,18.383127,76.53959
MH-LTR,2021-06-07,27.9,32.2,23.7,62,84,2.7,2.7,16.4,271,19.5,5.32,938.5,19.6,633.0,18.383127,76.53959
MH-LTR,2021-06-08,27.9,33.0,23.3,64,83,1.8,1.8,15.5,263,22.25,5.91,937.5,19.9,633.0,18.383127,76.53959
MH-LTR,2021-06-09,25.8,30.8,23.2,79,93,12.9,12.9,18.8,270,12.82,3.39,936.2,21.6,633.0,18.383127,76.53959
MH-LTR,2021-06-10,24.9,27.7,22.6,78,94,2.5,2.5,24.2,264,9.94,3.06,935.4,20.6,633.0,18.383127,76.53959
MH-LTR,2021-06-11,26.2,31.7,22.5,71,87,2.1,2.1,25.6,263,21.0,5.53,935.0,20.2,633.0,18.383127,76.53959
MH-LTR,2021-06-12,26.7,31.9,22.3,72,90,2.4,2.4,21.3,261,17.46,4.66,934.5,21.0,633.0,18.383127,76.53959
MH-LTR,2021-06-13,27.5,33.9,23.7,70,88,1.6,1.6,22.0,277,20.76,5.53,934.2,21.1,633.0,18.383127,76.53959
MH-LTR,2021-06-14,26.9,31.7,23.5,72,90,2.6,2.6,18.2,268,14.49,4.33,933.7,20.8,633.0,18.383127,76.53959
MH-LTR,2021-06-15,26.5,31.6,22.9,74,94,2.6,2.6,19.4,248,19.94,4.99,933.0,21.3,633.0,18.383127,76.53959
MH-LTR,2021-06-16,24.7,27.9,22.9,81,94,1.7,1.7,23.4,237,9.54,2.8,934.2,21.1,633.0,18.383127,76.53959
MH-LTR,2021-06-17,24.5,28.0,21.5,80,94,2.8,2.8,21.1,243,7.53,2.54,935.1,20.6,633.0,18.383127,76.53959
MH-LTR,2021-06-18,25.7,30.4,22.3,74,90,0.9,0.9,26.9,239,17.55,4.78,935.9,20.4,633.0,18.383127,76.53959
MH-LTR,2021-06-19,24.9,30.2,22.1,77,95,1.6,1.6,26.7,240,13.05,3.76,937.4,20.3,633.0,18.383127,76.53959
MH-LTR,2021-06-20,26.4,31.6,22.0,66,88,0.1,0.1,25.9,248,19.8,5.69,938.3,19.1,633.0,18.383127,76.53959
MH-LTR,2021-06-21,27.0,32.5,21.8,64,91,1.2,1.2,20.9,265,22.73,6.08,938.3,19.0,633.0,18.383127,76.53959
MH-LTR,2021-06-22,27.9,33.4,22.5,59,87,0.0,0.0,20.6,279,22.56,6.45,937.8,18.4,633.0,18.383127,76.53959
MH-LTR,2021-06-23,26.4,30.2,23.8,66,79,0.1,0.1,14.5,273,7.3,2.97,937.6,19.4,633.0,18.383127,76.53959
MH-LTR,2021-06-24,25.0,29.3,22.3,76,94,4.0,4.0,22.0,265,9.3,3.02,938.0,20.2,633.0,18.383127,76.53959
MH-LTR,2021-06-25,24.8,29.2,22.0,79,94,10.5,10.5,22.0,267,11.75,3.2,936.8,20.7,633.0,18.383127,76.53959
MH-LTR,2021-06-26,25.1,30.2,22.6,78,88,9.7,9.7,19.9,287,15.64,3.82,936.5,20.8,633.0,18.383127,76.53959
MH-LTR,2021-06-27,24.2,26.5,21.9,84,95,8.6,8.6,16.6,290,9.63,2.35,937.8,21.2,633.0,18.383127,76.53959
MH-LTR,2021-06-28,24.7,28.8,21.9,84,96,4.1,4.1,15.6,297,14.69,3.17,937.2,21.6,633.0,18.383127,76.53959
MH-LTR,2021-06-29,26.8,31.9,21.9,73,98,1.0,1.0,9.8,261,21.22,4.83,937.3,21.1,633.0,18.383127,76.53959
MH-LTR,2021-06-30,27.9,32.6,23.1,68,92,0.8,0.8,15.6,261,23.71,5.72,937.2,21.0,633.0,18.383127,76.53959
MH-LTR,2021-07-01,27.3,32.2,24.0,70,85,0.4,0.4,18.0,260,19.57,5.01,935.9,21.1,633.0,18.383127,76.53959
MH-LTR,2021-07-02,27.0,32.4,22.9,63,83,0.0,0.0,19.2,256,17.67,5.06,936.6,18.8,633.0,18.383127,76.53959
MH-LTR,2021-07-03,27.7,33.7,22.6,59,85,0.0,0.0,18.5,274,23.52,6.18,937.5,18.1,633.0,18.383127,76.53959
MH-LTR,2021-07-04,28.2,33.0,23.1,58,82,0.0,0.0,13.7,289,19.97,5.25,937.7,18.7,633.0,18.383127,76.53959
MH-LTR,2021-07-05,28.7,33.0,24.6,59,78,0.0,0.0,14.1,311,19.42,5.12,937.4,19.6,633.0,18.383127,76.53959
MH-LTR,2021-07-06,28.4,32.8,24.8,65,87,3.3,3.3,14.7,274,19.81,4.82,936.6,20.9,633.0,18.383127,76.53959
MH-LTR,2021-07-07,27.0,32.5,23.7,76,92,7.0,7.0,13.6,254,18.17,4.15,936.3,22.2,633.0,18.383127,76.53959
MH-LTR,2021-07-08,24.4,26.1,23.3,88,94,24.1,24.1,13.5,273,6.25,1.53,936.4,22.3,633.0,18.383127,76.53959
MH-LTR,2021-07-09,24.3,27.0,22.5,88,96,14.6,14.6,11.3,266,8.07,1.87,934.5,22.1,633.0,18.383127,76.53959
MH-LTR,2021-07-10,25.2,29.5,22.2,83,97,4.1,4.1,11.2,283,16.28,3.49,933.2,21.9,633.0,18.383127,76.53959
MH-LTR,2021-07-11,25.4,30.0,22.7,83,95,6.9,6.9,15.2,263,15.75,3.48,932.7,22.1,633.0,18.383127,76.53959
MH-LTR,2021-07-12,25.3,29.8,22.7,82,96,12.1,12.1,13.7,236,19.68,4.22,932.3,21.7,633.0,18.383127,76.53959
MH-LTR,2021-07-13,23.9,26.3,22.1,88,95,24.3,24.3,18.6,255,10.54,2.33,932.8,21.8,633.0,18.383127,76.53959
MH-LTR,2021-07-14,23.8,25.8,22.3,89,95,11.1,11.1,19.1,272,7.87,1.91,933.1,21.8,633.0,18.383127,76.53959
MH-LTR,2021-07-15,24.1,27.8,22.1,88,95,8.7,8.7,14.6,256,10.79,2.4,932.5,21.9,633.0,18.383127,76.53959
MH-LTR,2021-07-16,25.4,30.5,22.5,83,95,7.4,7.4,12.8,240,19.33,4.1,935.5,22.0,633.0,18.383127,76.53959
MH-LTR,2021-07-17,25.8,31.1,22.6,81,95,3.5,3.5,14.0,261,18.87,4.13,936.7,22.0,633.0,18.383127,76.53959
MH-LTR,2021-07-18,25.6,30.1,22.7,83,96,4.9,4.9,13.8,275,18.7,3.97,935.1,22.4,633.0,18.383127,76.53959
MH-LTR,2021-07-19,24.8,28.2,22.7,85,95,14.1,14.1,18.9,253,16.38,3.5,934.6,22.0,633.0,18.383127,76.53959
MH-LTR,2021-07-20,24.6,28.9,22.4,83,93,6.3,6.3,23.3,260,15.13,3.56,936.5,21.3,633.0,18.383127,76.53959
MH-LTR,2021-07-21,22.8,23.7,22.2,92,94,21.4,21.4,25.9,258,4.45,1.28,934.9,21.4,633.0,18.383127,76.53959
MH-LTR,2021-07-22,23.3,25.9,21.6,89,94,22.7,22.7,29.2,269,6.78,1.86,931.4,21.4,633.0,18.383127,76.53959
MH-LTR,2021-07-23,24.0,26.9,22.2,86,94,5.0,5.0,29.2,266,8.8,2.43,931.9,21.4,633.0,18.383127,76.53959
MH-LTR,2021-07-24,25.4,29.6,22.1,76,91,0.7,0.7,25.6,267,16.62,4.29,933.5,20.7,633.0,18.383127,76.53959
MH-LTR,2021-07-25,25.6,29.5,22.2,76,90,0.3,0.3,28.6,258,19.67,4.77,934.8,20.8,633.0,18.383127,76.53959
MH-LTR,2021-07-26,25.6,29.3,22.5,74,90,0.4,0.4,27.4,253,19.99,4.91,935.6,20.5,633.0,18.383127,76.53959
MH-LTR,2021-07-27,25.4,29.6,22.1,73,90,0.6,0.6,26.7,252,21.12,5.15,935.1,20.0,633.0,18.383127,76.53959
MH-LTR,2021-07-28,25.2,29.1,21.6,73,90,0.7,0.7,26.0,254,19.92,4.91,935.8,19.8,633.0,18.383127,76.53959
MH-LTR,2021-07-29,23.6,25.2,22.3,82,86,0.9,0.9,25.6,251,5.35,2.07,936.5,20.2,633.0,18.383127,76.53959
MH-LTR,2021-07-30,23.9,26.4,22.1,79,87,0.0,0.0,26.2,257,8.26,2.75,937.0,20.0,633.0,18.383127,76.53959
MH-LTR,2021-07-31,25.3,29.8,22.0,72,87,0.2,0.2,30.3,267,19.65,5.08,937.2,19.6,633.0,18.383127,76.53959
MH-LTR,2021-08-01,24.5,27.9,22.3,75,85,0.5,0.5,29.3,260,13.18,3.86,936.3,19.7,633.0,18.383127,76.53959
MH-LTR,2021-08-02,25.0,29.0,21.8,73,87,1.2,1.2,27.0,260,19.0,4.78,936.6,19.5,633.0,18.383127,76.53959
MH-LTR,2021-08-03,25.1,29.1,21.7,74,87,0.8,0.8,25.2,262,16.64,4.26,938.0,20.0,633.0,18.383127,76.53959
MH-LTR,2021-08-04,25.4,29.3,22.0,75,92,1.3,1.3,25.4,257,18.29,4.56,938.1,20.4,633.0,18.383127,76.53959
MH-LTR,2021-08-05,25.6,29.8,22.3,73,87,1.5,1.5,24.5,264,17.55,4.52,936.4,20.1,633.0,18.383127,76.53959
MH-LTR,2021-08-06,25.7,29.9,22.4,71,88,0.9,0.9,22.5,269,18.99,4.75,935.7,19.8,633.0,18.383127,76.53959
MH-LTR,2021-08-07,25.9,30.2,21.5,70,92,0.6,0.6,17.3,263,20.6,4.88,936.8,19.8,633.0,18.383127,76.53959
MH-LTR,2021-08-08,26.5,31.3,22.7,68,88,0.1,0.1,13.7,251,20.61,4.93,938.0,19.9,633.0,18.383127,76.53959
MH-LTR,2021-08-09,26.9,31.7,22.9,71,89,0.8,0.8,12.5,264,19.85,4.68,938.6,20.9,633.0,18.383127,76.53959
MH-LTR,2021-08-10,27.2,31.8,23.1,66,85,0.1,0.1,17.0,275,22.76,5.53,938.6,20.1,633.0,18.383127,76.53959
MH-LTR,2021-08-11,27.1,31.1,22.7,63,83,2.6,2.6,16.9,287,21.61,5.42,938.5,19.2,633.0,18.383127,76.53959
MH-LTR,2021-08-12,27.0,30.9,22.9,64,84,1.7,1.7,16.9,290,20.41,5.26,939.1,19.2,633.0,18.383127,76.53959
MH-LTR,2021-08-13,26.9,31.5,22.8,64,85,0.3,0.3,17.2,286,19.87,5.18,938.0,19.0,633.0,18.383127,76.53959
MH-LTR,2021-08-14,26.2,30.9,22.5,66,82,1.9,1.9,18.6,278,21.55,5.53,936.7,19.0,633.0,18.383127,76.53959
MH-LTR,2021-08-15,25.8,30.9,22.3,71,84,2.3,2.3,18.3,280,19.49,4.7,936.7,20.0,633.0,18.383127,76.53959
MH-LTR,2021-08-16,23.8,26.2,22.4,87,94,12.1,12.1,13.4,271,7.21,1.76,937.7,21.6,633.0,18.383127,76.53959
MH-LTR,2021-08-17,23.0,25.0,22.2,92,96,19.1,19.1,14.5,290,5.93,1.41,937.2,21.6,633.0,18.383127,76.53959
MH-LTR,2021-08-18,23.3,25.6,21.6,86,96,5.6,5.6,18.4,284,9.5,2.26,935.8,20.7,633.0,18.383127,76.53959
MH-LTR,2021-08-19,23.5,25.7,21.6,84,96,5.4,5.4,22.4,273,11.98,2.77,935.8,20.6,633.0,18.383127,76.53959
MH-LTR,2021-08-20,23.4,25.9,21.5,84,93,1.0,1.0,16.7,269,9.03,2.21,936.5,20.5,633.0,18.383127,76.53959
MH-LTR,2021-08-21,24.3,27.8,21.6,82,96,3.3,3.3,15.1,249,17.01,3.63,937.9,20.9,633.0,18.383127,76.53959
MH-LTR,2021-08-22,24.9,29.2,21.3,76,92,0.8,0.8,14.4,256,20.55,4.4,938.5,20.3,633.0,18.383127,76.53959
MH-LTR,2021-08-23,25.4,29.5,21.8,79,94,3.5,3.5,12.4,252,20.04,4.17,938.6,21.2,633.0,18.383127,76.53959
MH-LTR,2021-08-24,25.6,29.4,22.6,82,96,6.7,6.7,8.9,246,19.34,3.98,938.2,22.2,633.0,18.383127,76.53959
MH-LTR,2021-08-25,25.5,29.7,22.7,82,96,1.5,1.5,11.9,262,18.52,3.93,937.2,22.0,633.0,18.383127,76.53959
MH-LTR,2021-08-26,25.8,29.7,22.4,73,90,0.4,0.4,16.3,269,21.22,4.75,935.9,20.5,633.0,18.383127,76.53959
MH-LTR,2021-08-27,25.9,30.1,22.1,72,92,1.1,1.1,10.7,277,20.85,4.64,935.7,20.2,633.0,18.383127,76.53959
MH-LTR,2021-08-28,24.9,28.0,22.9,82,96,2.0,2.0,12.6,287,14.78,3.18,934.5,21.5,633.0,18.383127,76.53959
MH-LTR,2021-08-29,24.4,28.1,22.5,85,97,1.7,1.7,15.3,301,14.05,3.05,933.7,21.6,633.0,18.383127,76.53959
MH-LTR,2021-08-30,23.3,26.2,22.1,88,94,11.9,11.9,23.1,292,7.17,1.77,934.3,21.3,633.0,18.383127,76.53959
MH-LTR,2021-08-31,23.3,26.1,21.9,89,96,5.9,5.9,18.0,265,9.95,2.13,934.9,21.3,633.0,18.383127,76.53959
MH-LTR,2021-09-01,24.5,28.2,21.4,83,96,5.6,5.6,15.0,232,17.76,3.75,937.0,21.2,633.0,18.383127,76.53959
MH-LTR,2021-09-02,24.6,28.9,21.7,85,98,1.4,1.4,12.3,245,18.41,3.81,937.0,21.6,633.0,18.383127,76.53959
MH-LTR,2021-09-03,24.9,29.4,21.5,81,96,3.9,3.9,11.3,256,19.21,4.03,936.3,21.2,633.0,18.383127,76.53959
MH-LTR,2021-09-04,24.2,28.2,22.1,88,96,23.7,23.7,11.5,282,12.93,2.74,936.2,21.9,633.0,18.383127,76.53959
MH-LTR,2021-09-05,24.0,27.7,21.7,86,97,22.1,22.1,17.6,308,14.72,3.11,935.9,21.4,633.0,18.383127,76.53959
MH-LTR,2021-09-06,23.3,25.2,21.9,91,96,13.7,13.7,15.0,295,7.57,1.7,935.3,21.6,633.0,18.383127,76.53959
MH-LTR,2021-09-07,22.5,23.2,21.8,95,98,137.3,137.3,23.5,255,3.88,0.91,933.0,21.6,633.0,18.383127,76.53959
MH-LTR,2021-09-08,24.4,27.7,21.8,83,95,18.1,18.1,29.5,230,15.15,3.49,934.2,21.1,633.0,18.383127,76.53959
MH-LTR,2021-09-09,24.9,28.6,21.9,79,91,0.6,0.6,24.8,245,18.32,4.19,937.4,20.8,633.0,18.383127,76.53959
MH-LTR,2021-09-10,24.7,28.7,21.3,80,95,0.5,0.5,21.7,253,19.02,4.15,937.4,20.9,633.0,18.383127,76.53959
MH-LTR,2021-09-11,24.4,28.7,21.3,84,94,2.7,2.7,19.7,241,18.85,3.91,935.9,21.3,633.0,18.383127,76.53959
MH-LTR,2021-09-12,24.4,27.8,21.6,83,94,1.8,1.8,23.7,239,17.45,3.76,934.0,21.2,633.0,18.383127,76.53959
MH-LTR,2021-09-13,24.7,28.3,22.4,85,94,7.1,7.1,20.9,247,16.28,3.47,933.1,22.0,633.0,18.383127,76.53959
MH-LTR,2021-09-14,24.7,27.6,22.3,82,94,1.2,1.2,19.8,247,13.94,3.24,934.0,21.3,633.0,18.383127,76.53959
MH-LTR,2021-09-15,24.5,28.0,21.4,77,94,0.0,0.0,21.1,240,17.88,3.99,935.7,20.0,633.0,18.383127,76.53959
MH-LTR,2021-09-16,23.9,27.7,20.5,77,94,0.0,0.0,20.5,250,16.77,3.77,936.5,19.4,633.0,18.383127,76.53959
MH-LTR,2021-09-17,24.0,28.0,19.8,77,95,0.2,0.2,17.2,257,19.61,4.16,936.7,19.5,633.0,18.383127,76.53959
MH-LTR,2021-09-18,24.5,28.5,21.6,74,86,0.0,0.0,14.6,259,18.76,4.12,938.3,19.4,633.0,18.383127,76.53959
MH-LTR,2021-09-19,25.1,28.9,21.4,74,90,0.4,0.4,11.2,249,19.97,4.35,939.9,19.9,633.0,18.383127,76.53959
MH-LTR,2021-09-20,24.3,26.7,22.3,86,95,7.9,7.9,11.0,288,10.51,2.27,939.0,21.7,633.0,18.383127,76.53959
MH-LTR,2021-09-21,23.5,26.6,22.1,90,97,33.9,33.9,14.1,265,11.24,2.29,937.9,21.7,633.0,18.383127,76.53959
MH-LTR,2021-09-22,23.0,24.5,21.7,91,96,19.9,19.9,14.8,277,6.61,1.48,936.1,21.5,633.0,18.383127,76.53959
MH-LTR,2021-09-23,23.6,26.7,21.8,88,97,10.7,10.7,12.9,285,10.8,2.26,936.3,21.5,633.0,18.383127,76.53959
MH-LTR,2021-09-24,23.6,26.5,21.7,89,96,5.1,5.1,11.6,296,14.41,2.84,937.5,21.7,633.0,18.383127,76.53959
MH-LTR,2021-09-25,23.8,26.5,21.6,86,97,8.9,8.9,13.3,306,14.36,2.9,937.5,21.3,633.0,18.383127,76.53959
MH-LTR,2021-09-26,23.5,26.4,21.7,84,94,2.2,2.2,15.1,318,11.08,2.51,935.7,20.5,633.0,18.383127,76.53959
MH-LTR,2021-09-27,23.5,25.8,21.5,91,97,23.7,23.7,15.1,317,9.28,1.95,933.6,21.9,633.0,18.383127,76.53959
MH-LTR,2021-09-28,22.4,24.3,21.7,92,95,53.9,53.9,22.1,252,5.6,1.35,933.3,21.1,633.0,18.383127,76.53959
MH-LTR,2021-09-29,24.1,28.1,21.0,83,96,0.5,0.5,17.7,218,15.62,3.37,937.1,20.9,633.0,18.383127,76.53959
MH-LTR,2021-09-30,24.7,28.8,21.2,82,97,0.3,0.3,11.9,246,19.95,4.08,939.2,21.2,633.0,18.383127,76.53959
MH-LTR,2021-10-01,24.8,29.0,21.6,86,97,12.4,12.4,9.0,18,17.36,3.52,939.5,22.2,633.0,18.383127,76.53959
MH-LTR,2021-10-02,24.6,28.6,21.4,85,100,0.8,0.8,7.4,56,15.4,3.21,939.6,21.7,633.0,18.383127,76.53959
MH-LTR,2021-10-03,24.8,29.7,21.4,86,97,4.4,4.4,9.7,124,18.24,3.7,939.2,22.1,633.0,18.383127,76.53959
MH-LTR,2021-10-04,25.3,30.1,21.6,86,99,3.4,3.4,10.3,43,19.58,3.96,938.5,22.6,633.0,18.383127,76.53959
MH-LTR,2021-10-05,24.6,28.7,21.5,88,99,1.8,1.8,10.9,32,15.81,3.17,938.7,22.4,633.0,18.383127,76.53959
MH-LTR,2021-10-06,24.6,28.5,21.4,88,99,11.1,11.1,11.7,48,16.71,3.33,938.2,22.4,633.0,18.383127,76.53959
MH-LTR,2021-10-07,25.0,29.4,20.8,84,100,2.3,2.3,8.6,106,18.8,3.86,937.7,21.8,633.0,18.383127,76.53959
MH-LTR,2021-10-08,24.9,29.2,21.9,86,97,14.3,14.3,9.5,239,16.67,3.45,938.0,22.3,633.0,18.383127,76.53959
MH-LTR,2021-10-09,24.1,26.9,21.9,90,97,3.5,3.5,9.8,285,12.77,2.58,939.0,22.2,633.0,18.383127,76.53959
MH-LTR,2021-10-10,24.4,28.4,21.5,87,98,5.5,5.5,11.2,351,17.31,3.47,938.8,22.0,633.0,18.383127,76.53959
MH-LTR,2021-10-11,24.4,29.3,20.4,77,99,0.0,0.0,9.8,29,20.34,4.3,937.6,19.6,633.0,18.383127,76.53959
MH-LTR,2021-10-12,23.8,29.0,19.2,69,89,0.0,0.0,10.1,48,22.55,4.77,937.4,17.2,633.0,18.383127,76.53959
MH-LTR,2021-10-13,23.7,29.3,17.8,69,90,0.0,0.0,14.8,29,21.92,4.71,937.2,17.4,633.0,18.383127,76.53959
MH-LTR,2021-10-14,24.6,29.8,19.2,71,89,0.3,0.3,11.3,14,20.22,4.43,936.9,18.7,633.0,18.383127,76.53959
MH-LTR,2021-10-15,23.7,29.3,19.4,68,86,0.0,0.0,14.0,17,21.93,4.82,934.8,17.1,633.0,18.383127,76.53959
MH-LTR,2021-10-16,24.1,29.2,20.6,73,96,10.2,10.2,13.2,10,18.57,4.08,934.3,18.8,633.0,18.383127,76.53959
MH-LTR,2021-10-17,24.2,28.6,21.3,85,97,3.0,3.0,14.4,306,15.02,3.11,934.6,21.4,633.0,18.383127,76.53959
MH-LTR,2021-10-18,24.7,29.5,20.8,74,88,0.0,0.0,15.7,277,21.15,4.55,936.9,19.5,633.0,18.383127,76.53959
MH-LTR,2021-10-19,23.9,29.1,19.6,67,82,0.0,0.0,11.6,322,21.49,4.73,940.6,16.8,633.0,18.383127,76.53959
MH-LTR,2021-10-20,22.7,28.5,17.9,67,85,0.0,0.0,10.5,360,21.64,4.6,942.8,15.9,633.0,18.383127,76.53959
MH-LTR,2021-10-21,22.4,28.6,16.9,65,84,0.0,0.0,10.6,6,21.88,4.72,943.0,14.9,633.0,18.383127,76.53959
MH-LTR,2021-10-22,22.4,28.6,17.0,63,83,0.0,0.0,10.5,29,21.57,4.67,943.1,14.4,633.0,18.383127,76.53959
MH-LTR,2021-10-23,22.9,29.4,16.9,63,84,0.0,0.0,10.3,61,20.46,4.48,942.9,14.9,633.0,18.383127,76.53959
MH-LTR,2021-10-24,23.4,29.4,17.8,64,87,0.0,0.0,9.4,76,20.35,4.46,943.2,15.7,633.0,18.383127,76.53959
MH-LTR,2021-10-25,23.1,28.8,18.5,59,82,0.0,0.0,12.0,56,21.37,4.89,942.6,14.0,633.0,18.383127,76.53959
MH-LTR,2021-10-26,22.6,28.6,16.4,54,80,0.0,0.0,12.6,58,21.82,5.14,941.6,11.9,633.0,18.383127,76.53959
MH-LTR,2021-10-27,22.3,28.3,15.9,59,89,0.0,0.0,18.1,57,18.91,4.69,942.3,13.3,633.0,18.383127,76.53959
MH-LTR,2021-10-28,22.7,28.7,16.1,59,86,0.0,0.0,17.5,39,19.93,5.01,942.7,13.7,633.0,18.383127,76.53959
MH-LTR,2021-10-29,23.0,28.7,17.0,59,81,0.0,0.0,15.2,39,19.99,4.86,943.7,14.0,633.0,18.383127,76.53959
MH-LTR,2021-10-30,23.6,29.1,18.6,59,70,0.0,0.0,14.5,33,19.76,4.79,944.3,14.9,633.0,18.383127,76.53959
MH-LTR,2021-10-31,23.8,29.7,19.1,63,79,0.0,0.0,11.6,48,20.23,4.65,943.5,16.0,633.0,18.383127,76.53959
MH-LTR,2021-11-01,23.8,29.9,18.1,62,86,0.0,0.0,10.9,67,20.17,4.69,942.3,15.4,633.0,18.383127,76.53959
MH-LTR,2021-11-02,24.1,30.2,18.1,60,81,0.0,0.0,12.3,83,18.36,4.43,942.1,15.4,633.0,18.383127,76.53959
MH-LTR,2021-11-03,23.6,28.8,19.6,79,96,0.6,0.6,11.6,76,14.29,3.13,942.2,19.4,633.0,18.383127,76.53959
MH-LTR,2021-11-04,23.8,29.3,19.8,77,96,0.6,0.6,10.1,76,15.59,3.4,941.7,19.2,633.0,18.383127,76.53959
MH-LTR,2021-11-05,24.0,29.0,19.3,73,97,0.6,0.6,10.9,88,18.33,3.99,941.5,18.5,633.0,18.383127,76.53959
MH-LTR,2021-11-06,24.4,30.2,19.0,63,94,0.0,0.0,12.3,79,20.22,4.74,940.6,16.1,633.0,18.383127,76.53959
MH-LTR,2021-11-07,22.9,28.9,18.2,57,83,0.0,0.0,13.4,93,18.92,4.57,940.6,13.3,633.0,18.383127,76.53959
MH-LTR,2021-11-08,22.0,28.5,16.2,55,82,0.0,0.0,15.1,65,20.21,4.74,941.6,11.7,633.0,18.383127,76.53959
MH-LTR,2021-11-09,21.3,28.2,14.8,53,74,0.0,0.0,17.4,54,19.03,4.61,942.0,10.7,633.0,18.383127,76.53959
MH-LTR,2021-11-10,21.7,28.4,14.3,57,87,0.0,0.0,13.2,36,19.7,4.77,941.4,12.0,633.0,18.383127,76.53959
MH-LTR,2021-11-11,21.5,25.6,16.5,54,75,0.0,0.0,17.1,33,12.46,3.69,939.9,11.5,633.0,18.383127,76.53959
MH-LTR,2021-11-12,23.2,28.9,18.7,63,78,0.4,0.4,17.7,45,17.38,4.16,939.7,15.6,633.0,18.383127,76.53959
MH-LTR,2021-11-13,24.2,29.0,20.4,76,90,1.1,1.1,14.5,48,13.8,3.21,939.8,19.5,633.0,18.383127,76.53959
MH-LTR,2021-11-14,24.4,29.6,20.1,79,98,1.3,1.3,10.8,69,14.39,3.19,939.6,20.2,633.0,18.383127,76.53959
MH-LTR,2021-11-15,24.7,29.4,21.1,78,97,2.2,2.2,12.5,68,15.98,3.53,938.8,20.2,633.0,18.383127,76.53959
MH-LTR,2021-11-16,24.9,30.7,21.2,76,95,6.4,6.4,17.5,90,15.19,3.62,939.0,20.1,633.0,18.383127,76.53959
MH-LTR,2021-11-17,24.3,29.5,21.3,79,97,0.8,0.8,15.0,116,13.09,3.08,940.4,20.2,633.0,18.383127,76.53959
MH-LTR,2021-11-18,23.9,28.5,19.9,81,98,0.2,0.2,9.5,103,12.46,2.71,939.9,20.2,633.0,18.383127,76.53959
MH-LTR,2021-11-19,24.4,28.3,20.6,77,97,0.4,0.4,17.8,67,12.66,3.12,937.8,19.7,633.0,18.383127,76.53959
MH-LTR,2021-11-20,24.5,29.0,21.8,79,92,3.5,3.5,16.3,92,12.94,3.06,937.6,20.5,633.0,18.383127,76.53959
MH-LTR,2021-11-21,23.8,28.8,21.3,84,96,2.7,2.7,19.0,122,12.88,2.85,940.1,20.7,633.0,18.383127,76.53959
MH-LTR,2021-11-22,23.9,28.5,20.3,84,99,0.9,0.9,7.2,88,14.94,3.04,941.9,20.7,633.0,18.383127,76.53959
MH-LTR,2021-11-23,24.1,29.1,20.6,83,98,1.4,1.4,7.3,67,14.68,2.97,941.7,20.9,633.0,18.383127,76.53959
MH-LTR,2021-11-24,24.3,29.5,20.6,77,98,0.6,0.6,10.8,70,16.86,3.61,942.0,19.6,633.0,18.383127,76.53959
MH-LTR,2021-11-25,23.3,29.5,18.2,71,95,0.0,0.0,10.9,71,18.7,4.11,942.4,17.1,633.0,18.383127,76.53959
MH-LTR,2021-11-26,22.6,28.8,17.2,66,92,0.0,0.0,10.8,54,18.91,4.18,942.5,15.3,633.0,18.383127,76.53959
MH-LTR,2021-11-27,21.9,28.3,16.4,65,92,0.0,0.0,13.7,65,18.27,4.13,942.6,14.2,633.0,18.383127,76.53959
MH-LTR,2021-11-28,21.3,27.4,15.6,57,83,0.0,0.0,17.8,64,18.89,4.5,943.3,11.7,633.0,18.383127,76.53959
MH-LTR,2021-11-29,22.4,28.2,17.1,59,75,0.0,0.0,16.5,74,16.0,4.08,943.9,13.4,633.0,18.383127,76.53959
MH-LTR,2021-11-30,22.9,28.3,20.3,59,73,1.2,1.2,12.9,70,11.63,3.28,943.6,14.3,633.0,18.383127,76.53959
MH-LTR,2021-12-01,23.6,29.6,17.7,55,76,0.0,0.0,13.0,97,16.85,4.38,942.2,13.5,633.0,18.383127,76.53959
MH-LTR,2021-12-02,23.2,27.1,20.3,70,91,1.8,1.8,15.9,149,10.7,2.73,942.0,17.3,633.0,18.383127,76.53959
MH-LTR,2021-12-03,23.2,28.4,20.2,80,98,2.5,2.5,11.2,115,12.24,2.69,942.3,19.1,633.0,18.383127,76.53959
MH-LTR,2021-12-04,23.2,28.7,19.0,69,92,0.2,0.2,9.0,35,15.76,3.41,942.5,16.7,633.0,18.383127,76.53959
MH-LTR,2021-12-05,23.3,29.2,18.6,64,84,0.0,0.0,9.4,22,15.87,3.46,942.4,15.8,633.0,18.383127,76.53959
MH-LTR,2021-12-06,23.4,29.5,17.2,58,86,0.0,0.0,14.0,28,17.43,4.07,942.4,13.9,633.0,18.383127,76.53959
MH-LTR,2021-12-07,23.8,29.2,19.3,56,79,0.0,0.0,13.3,38,16.91,4.33,943.3,14.0,633.0,18.383127,76.53959
MH-LTR,2021-12-08,23.3,29.3,18.2,55,79,0.0,0.0,13.0,61,16.0,4.09,943.4,13.1,633.0,18.383127,76.53959
MH-LTR,2021-12-09,23.7,28.7,19.4,56,73,0.0,0.0,10.7,83,14.79,3.56,944.9,14.1,633.0,18.383127,76.53959
MH-LTR,2021-12-10,23.0,28.8,17.4,59,83,0.0,0.0,11.1,74,14.08,3.54,945.4,14.1,633.0,18.383127,76.53959
MH-LTR,2021-12-11,23.2,28.7,18.0,60,91,0.0,0.0,12.5,74,15.65,3.92,945.1,14.5,633.0,18.383127,76.53959
MH-LTR,2021-12-12,22.8,29.0,17.7,53,75,0.0,0.0,12.8,87,17.16,4.29,945.3,12.0,633.0,18.383127,76.53959
MH-LTR,2021-12-13,21.5,27.8,15.5,58,81,0.0,0.0,9.2,79,16.88,3.69,944.2,12.5,633.0,18.383127,76.53959
MH-LTR,2021-12-14,21.8,27.7,16.1,57,79,0.0,0.0,11.8,99,15.95,3.69,943.6,12.3,633.0,18.383127,76.53959
MH-LTR,2021-12-15,21.5,27.1,17.0,56,75,0.0,0.0,11.7,106,14.4,3.34,944.0,11.8,633.0,18.383127,76.53959
MH-LTR,2021-12-16,20.7,26.9,15.0,54,78,0.0,0.0,9.3,99,15.71,3.76,944.6,10.6,633.0,18.383127,76.53959
MH-LTR,2021-12-17,20.4,26.9,15.3,54,74,0.0,0.0,10.1,90,17.45,3.98,944.9,10.2,633.0,18.383127,76.53959
MH-LTR,2021-12-18,19.5,26.7,12.7,56,84,0.0,0.0,11.0,81,18.04,4.02,944.7,9.7,633.0,18.383127,76.53959
MH-LTR,2021-12-19,19.2,26.1,13.1,62,91,0.0,0.0,11.5,78,17.97,3.79,945.3,11.0,633.0,18.383127,76.53959
MH-LTR,2021-12-20,19.1,26.2,13.2,60,86,0.0,0.0,9.3,78,17.92,3.74,945.1,10.4,633.0,18.383127,76.53959
MH-LTR,2021-12-21,18.7,26.3,12.0,62,89,0.0,0.0,9.7,81,17.83,3.62,944.4,10.3,633.0,18.383127,76.53959
MH-LTR,2021-12-22,19.6,27.1,13.0,58,89,0.0,0.0,9.3,109,17.84,3.64,942.9,10.2,633.0,18.383127,76.53959
MH-LTR,2021-12-23,20.4,28.3,13.0,53,75,0.0,0.0,9.7,168,17.77,3.9,942.3,9.8,633.0,18.383127,76.53959
MH-LTR,2021-12-24,21.1,29.2,13.4,57,85,0.0,0.0,8.4,245,17.82,3.93,941.9,11.3,633.0,18.383127,76.53959
MH-LTR,2021-12-25,21.6,28.8,14.6,61,86,0.0,0.0,8.5,358,17.63,3.67,942.8,13.1,633.0,18.383127,76.53959
MH-LTR,2021-12-26,21.3,28.8,14.1,59,87,0.0,0.0,10.5,3,17.6,3.72,943.9,12.2,633.0,18.383127,76.53959
MH-LTR,2021-12-27,21.7,28.3,16.3,61,79,0.0,0.0,9.3,125,16.85,3.59,944.5,13.4,633.0,18.383127,76.53959
MH-LTR,2021-12-28,21.9,28.4,17.1,60,85,0.0,0.0,15.6,185,17.07,4.03,943.5,13.0,633.0,18.383127,76.53959
MH-LTR,2021-12-29,21.0,27.3,15.7,64,91,0.0,0.0,12.2,50,16.12,3.52,943.4,13.3,633.0,18.383127,76.53959
MH-LTR,2021-12-30,20.6,26.5,16.1,71,95,0.1,0.1,18.6,79,13.45,3.27,945.8,14.6,633.0,18.383127,76.53959
MH-LTR,2021-12-31,21.0,27.5,15.8,69,98,0.0,0.0,14.2,87,16.88,3.64,946.9,14.4,633.0,18.383127,76.53959
MH-LTR,2022-01-01,21.6,27.2,16.2,67,94,0.0,0.0,10.5,90,16.18,3.48,946.9,14.8,633.0,18.383127,76.53959
MH-LTR,2022-01-02,21.4,27.2,16.3,65,90,0.0,0.0,11.4,101,16.49,3.57,945.5,14.1,633.0,18.383127,76.53959
MH-LTR,2022-01-03,20.7,27.4,14.7,63,90,0.0,0.0,10.6,85,17.78,3.8,944.8,12.6,633.0,18.383127,76.53959
MH-LTR,2022-01-04,20.6,27.5,14.9,59,84,0.0,0.0,10.0,85,17.81,3.96,944.6,11.8,633.0,18.383127,76.53959
MH-LTR,2022-01-05,21.0,27.3,15.3,62,86,0.0,0.0,13.7,162,17.77,3.7,944.2,12.8,633.0,18.383127,76.53959
MH-LTR,2022-01-06,21.0,27.6,15.6,62,87,0.0,0.0,13.3,161,18.08,3.8,942.9,12.7,633.0,18.383127,76.53959
MH-LTR,2022-01-07,21.6,27.8,16.3,60,87,0.0,0.0,17.4,156,17.67,4.14,942.7,13.0,633.0,18.383127,76.53959
MH-LTR,2022-01-08,22.7,28.6,18.7,60,82,0.3,0.3,20.9,183,16.03,4.17,943.0,14.2,633.0,18.383127,76.53959
MH-LTR,2022-01-09,22.5,28.0,18.4,60,88,0.1,0.1,18.9,205,14.44,3.96,941.8,13.7,633.0,18.383127,76.53959
MH-LTR,2022-01-10,21.5,27.3,16.9,65,87,0.0,0.0,11.7,34,16.74,3.65,942.4,14.1,633.0,18.383127,76.53959
MH-LTR,2022-01-11,20.7,27.7,16.4,74,98,0.7,0.7,17.6,138,14.32,3.29,942.0,15.0,633.0,18.383127,76.53959
MH-LTR,2022-01-12,20.3,26.3,16.4,74,99,0.4,0.4,12.4,54,13.77,2.94,941.9,14.8,633.0,18.383127,76.53959
MH-LTR,2022-01-13,20.2,25.8,16.4,77,97,1.2,1.2,15.0,89,13.74,2.92,941.3,15.7,633.0,18.383127,76.53959
MH-LTR,2022-01-14,20.1,26.4,15.7,72,98,0.2,0.2,11.5,58,15.08,3.25,941.3,14.1,633.0,18.383127,76.53959
MH-LTR,2022-01-15,19.8,25.3,15.4,71,98,0.0,0.0,13.4,56,13.94,3.03,943.2,13.9,633.0,18.383127,76.53959
MH-LTR,2022-01-16,20.3,26.9,15.5,71,97,0.0,0.0,16.9,78,16.21,3.43,944.6,14.2,633.0,18.383127,76.53959
MH-LTR,2022-01-17,20.7,26.5,15.8,70,96,0.1,0.1,13.5,83,16.24,3.41,945.9,14.3,633.0,18.383127,76.53959
MH-LTR,2022-01-18,20.5,27.7,14.6,66,94,0.0,0.0,11.2,52,18.67,3.96,944.7,12.9,633.0,18.383127,76.53959
MH-LTR,2022-01-19,20.3,27.2,14.1,58,88,0.0,0.0,11.7,360,19.02,4.18,943.2,10.6,633.0,18.383127,76.53959
MH-LTR,2022-01-20,21.1,29.6,13.7,53,84,0.0,0.0,9.8,315,19.04,4.36,940.5,10.1,633.0,18.383127,76.53959
MH-LTR,2022-01-21,21.8,29.9,16.0,46,60,0.0,0.0,15.5,319,19.18,4.94,940.5,9.0,633.0,18.383127,76.53959
MH-LTR,2022-01-22,21.8,29.3,15.2,53,83,0.0,0.0,19.1,256,19.2,4.9,938.6,10.5,633.0,18.383127,76.53959
MH-LTR,2022-01-23,20.7,26.0,16.2,59,94,0.0,0.0,20.2,270,17.49,4.35,939.0,11.5,633.0,18.383127,76.53959
MH-LTR,2022-01-24,18.1,23.7,13.1,55,76,0.0,0.0,11.6,354,19.75,3.92,940.0,8.3,633.0,18.383127,76.53959
MH-LTR,2022-01-25,18.3,25.2,11.7,55,80,0.0,0.0,10.5,16,19.95,3.99,940.3,8.1,633.0,18.383127,76.53959
MH-LTR,2022-01-26,18.7,25.7,12.5,55,75,0.0,0.0,12.8,40,19.63,4.17,941.1,8.9,633.0,18.383127,76.53959
MH-LTR,2022-01-27,19.1,25.7,13.9,53,71,0.0,0.0,13.6,50,19.69,4.41,942.5,8.7,633.0,18.383127,76.53959
MH-LTR,2022-01-28,18.8,25.7,13.1,50,73,0.0,0.0,12.9,61,20.18,4.48,943.5,7.5,633.0,18.383127,76.53959
MH-LTR,2022-01-29,18.5,26.8,11.9,46,71,0.0,0.0,10.2,63,20.67,4.54,944.1,5.4,633.0,18.383127,76.53959
MH-LTR,2022-01-30,20.2,29.0,12.2,46,75,0.0,0.0,9.7,69,20.52,4.25,942.6,7.0,633.0,18.383127,76.53959
MH-LTR,2022-01-31,21.8,30.0,15.2,41,60,0.0,0.0,9.5,359,20.79,4.44,941.4,6.7,633.0,18.383127,76.53959
MH-LTR,2022-02-01,21.7,30.0,13.3,40,64,0.0,0.0,11.1,10,20.59,4.82,940.7,6.5,633.0,18.383127,76.53959
MH-LTR,2022-02-02,22.7,30.7,14.1,39,62,0.0,0.0,9.7,258,20.71,4.42,941.0,7.2,633.0,18.383127,76.53959
MH-LTR,2022-02-03,23.0,31.3,15.9,39,64,0.0,0.0,20.2,238,20.57,5.64,939.1,7.0,633.0,18.383127,76.53959
MH-LTR,2022-02-04,20.3,27.2,14.2,46,80,0.0,0.0,12.8,336,21.07,4.89,939.8,7.2,633.0,18.383127,76.53959
MH-LTR,2022-02-05,20.4,28.8,11.9,42,67,0.0,0.0,10.7,76,21.0,4.62,940.7,5.9,633.0,18.383127,76.53959
MH-LTR,2022-02-06,21.7,30.0,14.5,42,62,0.0,0.0,14.2,111,20.92,5.02,942.9,7.4,633.0,18.383127,76.53959
MH-LTR,2022-02-07,23.5,30.9,16.0,45,63,0.0,0.0,12.6,168,20.56,5.09,943.1,10.4,633.0,18.383127,76.53959
MH-LTR,2022-02-08,24.8,31.5,18.0,47,72,0.0,0.0,15.7,180,20.07,5.39,941.8,12.1,633.0,18.383127,76.53959
MH-LTR,2022-02-09,24.2,31.1,18.6,45,65,0.0,0.0,11.5,247,20.8,5.02,941.5,11.1,633.0,18.383127,76.53959
MH-LTR,2022-02-10,23.2,29.5,18.2,44,58,0.0,0.0,13.6,30,19.61,4.96,942.7,9.8,633.0,18.383127,76.53959
MH-LTR,2022-02-11,22.4,28.8,16.6,52,76,0.0,0.0,15.9,58,21.1,5.14,943.1,11.2,633.0,18.383127,76.53959
MH-LTR,2022-02-12,22.6,29.8,16.2,43,61,0.0,0.0,10.7,75,21.43,5.21,942.5,8.6,633.0,18.383127,76.53959
MH-LTR,2022-02-13,22.4,29.7,14.9,42,69,0.0,0.0,12.1,108,21.52,5.07,940.8,7.9,633.0,18.383127,76.53959
MH-LTR,2022-02-14,23.8,31.0,17.0,35,53,0.0,0.0,12.7,155,21.69,5.56,940.2,6.7,633.0,18.383127,76.53959
MH-LTR,2022-02-15,24.6,31.0,17.6,41,66,0.0,0.0,15.3,176,18.53,5.1,940.3,10.0,633.0,18.383127,76.53959
MH-LTR,2022-02-16,24.8,31.2,19.2,39,66,0.1,0.1,15.3,252,20.47,5.68,938.4,8.8,633.0,18.383127,76.53959
MH-LTR,2022-02-17,24.3,30.2,17.5,39,59,0.0,0.0,11.5,184,13.93,3.85,937.9,8.8,633.0,18.383127,76.53959
MH-LTR,2022-02-18,24.8,31.4,19.1,45,69,0.0,0.0,13.5,143,18.59,4.97,939.7,11.1,633.0,18.383127,76.53959
MH-LTR,2022-02-19,25.7,32.3,19.9,36,61,0.0,0.0,14.8,177,21.83,5.74,941.4,8.5,633.0,18.383127,76.53959
MH-LTR,2022-02-20,25.3,32.6,19.5,37,57,0.0,0.0,15.3,322,21.77,5.79,940.5,8.9,633.0,18.383127,76.53959
MH-LTR,2022-02-21,24.3,32.2,16.8,31,54,0.0,0.0,11.4,4,22.6,5.86,940.1,4.9,633.0,18.383127,76.53959
MH-LTR,2022-02-22,25.0,33.5,16.5,28,53,0.0,0.0,10.1,80,22.56,5.49,941.5,4.3,633.0,18.383127,76.53959
MH-LTR,2022-02-23,26.1,33.8,18.8,36,59,0.0,0.0,14.5,141,22.34,5.84,943.6,8.9,633.0,18.383127,76.53959
MH-LTR,2022-02-24,26.3,32.7,20.2,38,64,0.0,0.0,15.3,197,21.01,5.33,944.6,9.6,633.0,18.383127,76.53959
MH-LTR,2022-02-25,26.0,33.0,18.4,31,45,0.0,0.0,13.2,202,22.31,5.71,943.8,7.2,633.0,18.383127,76.53959
MH-LTR,2022-02-26,26.6,33.5,20.8,27,43,0.0,0.0,16.8,167,21.63,6.43,943.6,5.3,633.0,18.383127,76.53959
MH-LTR,2022-02-27,26.1,33.0,20.0,32,58,0.0,0.0,17.0,178,21.67,6.11,944.0,6.9,633.0,18.383127,76.53959
MH-LTR,2022-02-28,26.3,32.8,20.5,32,52,0.0,0.0,14.1,156,20.67,5.63,943.4,7.3,633.0,18.383127,76.53959
MH-LTR,2022-03-01,26.5,32.8,21.2,25,37,0.0,0.0,13.5,155,19.7,5.62,943.5,4.7,633.0,18.383127,76.53959
MH-LTR,2022-03-02,27.2,33.6,20.7,25,40,0.0,0.0,14.6,123,20.07,6.06,943.4,4.8,633.0,18.383127,76.53959
MH-LTR,2022-03-03,26.5,32.5,20.5,28,43,0.0,0.0,12.3,129,15.87,5.27,943.2,5.7,633.0,18.383127,76.53959
MH-LTR,2022-03-04,26.7,33.6,19.8,30,44,0.0,0.0,12.0,120,21.41,5.84,943.2,6.8,633.0,18.383127,76.53959
MH-LTR,2022-03-05,26.3,33.2,19.2,34,52,0.0,0.0,10.0,85,21.47,5.54,942.5,8.2,633.0,18.383127,76.53959
MH-LTR,2022-03-06,26.3,32.7,19.9,37,56,0.0,0.0,12.2,98,19.91,5.49,941.9,9.6,633.0,18.383127,76.53959
MH-LTR,2022-03-07,26.8,33.2,21.0,35,56,0.0,0.0,13.7,124,20.35,6.12,942.2,9.3,633.0,18.383127,76.53959
MH-LTR,2022-03-08,27.3,33.8,21.3,32,50,0.0,0.0,13.0,113,20.91,5.89,942.1,8.4,633.0,18.383127,76.53959
MH-LTR,2022-03-09,26.4,33.5,19.9,37,54,0.1,0.1,11.9,36,20.86,5.54,942.0,9.8,633.0,18.383127,76.53959
MH-LTR,2022-03-10,26.2,32.2,20.4,38,58,0.0,0.0,10.8,39,17.47,5.04,941.9,10.3,633.0,18.383127,76.53959
MH-LTR,2022-03-11,26.0,33.5,20.7,42,66,0.2,0.2,15.1,355,17.23,4.46,941.5,11.5,633.0,18.383127,76.53959
MH-LTR,2022-03-12,25.7,33.2,20.3,48,74,1.0,1.0,19.2,274,17.67,4.01,941.5,13.2,633.0,18.383127,76.53959
MH-LTR,2022-03-13,27.2,34.2,20.0,36,65,0.0,0.0,13.5,20,21.87,6.16,941.5,9.2,633.0,18.383127,76.53959
MH-LTR,2022-03-14,26.9,35.6,18.1,26,47,0.0,0.0,14.5,354,24.29,6.59,941.6,4.4,633.0,18.383127,76.53959
MH-LTR,2022-03-15,27.8,36.0,18.0,22,36,0.0,0.0,15.9,34,24.39,6.75,940.2,3.1,633.0,18.383127,76.53959
MH-LTR,2022-03-16,28.4,37.1,19.8,25,42,0.0,0.0,16.9,24,24.34,7.32,938.7,4.6,633.0,18.383127,76.53959
MH-LTR,2022-03-17,28.9,37.9,19.4,23,42,0.0,0.0,16.3,355,24.52,6.88,938.1,3.9,633.0,18.383127,76.53959
MH-LTR,2022-03-18,29.2,37.8,21.5,22,33,0.0,0.0,15.0,349,24.35,7.43,937.4,3.9,633.0,18.383127,76.53959
MH-LTR,2022-03-19,29.8,38.1,21.4,20,32,0.0,0.0,14.8,355,21.17,6.88,936.7,3.6,633.0,18.383127,76.53959
MH-LTR,2022-03-20,29.3,36.6,22.4,28,74,0.0,0.0,14.8,353,19.16,5.94,936.9,7.3,633.0,18.383127,76.53959
MH-LTR,2022-03-21,29.7,37.4,22.4,25,56,0.0,0.0,19.2,11,21.36,7.26,938.2,6.0,633.0,18.383127,76.53959
MH-LTR,2022-03-22,29.3,36.1,21.5,29,41,0.0,0.0,12.8,66,18.35,5.54,939.0,8.8,633.0,18.383127,76.53959
MH-LTR,2022-03-23,29.5,36.5,21.2,28,50,0.0,0.0,12.1,79,18.01,5.43,938.5,8.0,633.0,18.383127,76.53959
MH-LTR,2022-03-24,30.0,36.2,24.1,28,40,0.0,0.0,15.5,147,15.3,5.56,938.3,9.0,633.0,18.383127,76.53959
MH-LTR,2022-03-25,30.9,36.9,25.6,30,42,0.0,0.0,12.3,151,17.65,5.58,939.5,10.9,633.0,18.383127,76.53959
MH-LTR,2022-03-26,30.4,36.2,24.0,34,56,0.0,0.0,12.6,123,16.03,5.05,941.0,11.8,633.0,18.383127,76.53959
MH-LTR,2022-03-27,31.3,38.8,22.9,25,46,0.0,0.0,14.5,7,21.38,6.04,941.3,7.5,633.0,18.383127,76.53959
MH-LTR,2022-03-28,31.1,39.1,22.6,20,32,0.0,0.0,11.7,24,25.02,7.48,940.9,4.6,633.0,18.383127,76.53959
MH-LTR,2022-03-29,31.0,38.6,23.3,19,31,0.0,0.0,14.9,352,25.32,7.64,939.7,3.9,633.0,18.383127,76.53959
MH-LTR,2022-03-30,31.1,39.0,22.9,18,31,0.0,0.0,13.9,353,25.46,7.82,939.3,2.9,633.0,18.383127,76.53959
MH-LTR,2022-03-31,30.5,38.9,21.9,16,30,0.0,0.0,11.7,355,25.78,7.54,939.6,0.6,633.0,18.383127,76.53959
MH-LTR,2022-04-01,30.7,39.0,20.8,17,35,0.0,0.0,13.5,7,25.87,7.19,939.6,1.4,633.0,18.383127,76.53959
MH-LTR,2022-04-02,30.6,39.2,22.0,20,31,0.0,0.0,22.1,352,23.84,7.09,940.3,4.0,633.0,18.383127,76.53959
MH-LTR,2022-04-03,31.3,39.3,23.5,26,38,0.0,0.0,13.5,134,23.28,6.65,940.2,9.1,633.0,18.383127,76.53959
MH-LTR,2022-04-04,32.2,39.0,24.8,27,44,0.0,0.0,11.6,143,23.32,6.68,940.7,10.1,633.0,18.383127,76.53959
MH-LTR,2022-04-05,31.9,38.4,26.2,29,47,0.0,0.0,14.3,142,22.76,7.13,942.3,10.5,633.0,18.383127,76.53959
MH-LTR,2022-04-06,31.8,39.2,24.7,29,50,0.0,0.0,10.6,149,23.64,6.95,942.3,10.2,633.0,18.383127,76.53959
MH-LTR,2022-04-07,32.5,39.5,25.5,29,64,0.0,0.0,15.7,148,23.2,7.23,941.3,10.2,633.0,18.383127,76.53959
MH-LTR,2022-04-08,32.2,38.2,26.1,28,45,0.0,0.0,15.6,171,22.22,7.03,940.6,10.9,633.0,18.383127,76.53959
MH-LTR,2022-04-09,32.3,37.8,26.7,29,48,0.0,0.0,14.0,178,20.9,6.76,939.7,11.4,633.0,18.383127,76.53959
MH-LTR,2022-04-10,32.4,38.0,26.8,35,63,0.0,0.0,13.7,201,20.49,6.24,939.4,14.1,633.0,18.383127,76.53959
MH-LTR,2022-04-11,32.6,38.6,26.5,34,64,0.0,0.0,14.3,192,22.57,6.68,938.7,13.5,633.0,18.383127,76.53959
MH-LTR,2022-04-12,33.3,38.5,28.1,28,43,0.0,0.0,14.4,159,21.15,6.93,938.1,11.4,633.0,18.383127,76.53959
MH-LTR,2022-04-13,32.5,38.2,27.3,28,41,0.0,0.0,13.9,186,21.11,6.34,937.8,11.2,633.0,18.383127,76.53959
MH-LTR,2022-04-14,31.6,39.0,27.2,33,41,0.1,0.1,14.7,194,20.25,6.74,937.8,12.8,633.0,18.383127,76.53959
MH-LTR,2022-04-15,31.7,39.0,26.6,39,69,0.0,0.0,22.7,243,20.47,6.9,937.8,14.3,633.0,18.383127,76.53959
MH-LTR,2022-04-16,32.4,39.2,25.3,32,66,0.0,0.0,16.1,273,24.67,7.66,937.0,11.1,633.0,18.383127,76.53959
MH-LTR,2022-04-17,32.2,39.2,25.6,30,50,0.0,0.0,15.5,177,24.04,7.23,937.8,10.6,633.0,18.383127,76.53959
MH-LTR,2022-04-18,32.5,39.2,25.7,28,52,0.0,0.0,15.1,121,22.24,6.82,939.6,10.0,633.0,18.383127,76.53959
MH-LTR,2022-04-19,33.1,40.3,25.7,24,47,0.0,0.0,12.6,13,23.54,7.07,940.8,8.2,633.0,18.383127,76.53959
MH-LTR,2022-04-20,33.4,40.6,27.1,22,45,0.0,0.0,15.5,27,25.25,7.89,939.1,7.1,633.0,18.383127,76.53959
MH-LTR,2022-04-21,33.2,39.4,26.2,22,35,0.1,0.1,16.7,14,22.96,7.04,938.2,8.4,633.0,18.383127,76.53959
MH-LTR,2022-04-22,31.9,39.0,25.5,30,47,0.2,0.2,21.7,49,22.14,7.57,939.9,11.5,633.0,18.383127,76.53959
MH-LTR,2022-04-23,30.6,37.4,25.7,42,58,0.0,0.0,23.8,201,19.19,5.6,940.6,15.6,633.0,18.383127,76.53959
MH-LTR,2022-04-24,29.6,34.2,24.3,43,68,0.1,0.1,17.7,238,10.59,4.37,940.2,15.1,633.0,18.383127,76.53959
MH-LTR,2022-04-25,32.0,38.6,25.2,32,53,0.6,0.6,22.7,228,22.68,6.52,938.6,12.0,633.0,18.383127,76.53959
MH-LTR,2022-04-26,33.5,40.4,27.3,27,49,0.0,0.0,13.3,313,22.71,7.43,938.8,10.1,633.0,18.383127,76.53959
MH-LTR,2022-04-27,34.0,41.2,27.2,25,44,0.0,0.0,13.5,53,24.86,7.63,938.5,9.3,633.0,18.383127,76.53959
MH-LTR,2022-04-28,33.0,40.2,26.7,29,45,0.8,0.8,16.6,179,21.63,7.02,939.2,11.8,633.0,18.383127,76.53959
MH-LTR,2022-04-29,33.9,40.9,26.9,25,58,0.0,0.0,21.9,294,24.24,8.16,939.4,8.4,633.0,18.383127,76.53959
MH-LTR,2022-04-30,33.5,40.0,26.5,19,32,0.0,0.0,12.9,305,23.61,6.91,937.7,6.2,633.0,18.383127,76.53959
MH-LTR,2022-05-01,32.7,40.5,24.6,24,48,0.0,0.0,15.5,301,22.76,7.21,936.2,7.9,633.0,18.383127,76.53959
MH-LTR,2022-05-02,33.2,39.8,26.8,26,46,0.0,0.0,20.2,301,21.93,7.81,936.5,9.7,633.0,18.383127,76.53959
MH-LTR,2022-05-03,33.4,39.2,27.0,29,49,0.0,0.0,17.9,323,23.05,7.12,937.4,12.2,633.0,18.383127,76.53959
MH-LTR,2022-05-04,33.3,39.0,27.6,30,40,0.0,0.0,19.9,38,23.77,7.13,938.8,13.1,633.0,18.383127,76.53959
MH-LTR,2022-05-05,32.8,39.2,26.8,29,59,0.0,0.0,17.6,310,23.61,6.99,938.5,10.4,633.0,18.383127,76.53959
MH-LTR,2022-05-06,32.7,40.3,24.9,21,33,0.0,0.0,18.4,352,24.96,7.94,937.5,6.7,633.0,18.383127,76.53959
MH-LTR,2022-05-07,33.7,40.2,26.9,20,33,0.0,0.0,19.8,12,22.53,8.31,937.1,7.3,633.0,18.383127,76.53959
MH-LTR,2022-05-08,33.6,39.7,27.4,24,39,0.0,0.0,21.3,63,20.13,7.09,935.8,9.9,633.0,18.383127,76.53959
MH-LTR,2022-05-09,34.2,41.1,27.0,23,47,0.0,0.0,21.7,14,19.42,8.0,934.0,8.0,633.0,18.383127,76.53959
MH-LTR,2022-05-10,35.1,41.5,28.3,20,30,0.0,0.0,26.0,7,22.89,9.57,933.1,7.8,633.0,18.383127,76.53959
MH-LTR,2022-05-11,33.5,38.3,27.8,26,38,0.0,0.0,27.3,39,16.59,7.25,933.4,11.1,633.0,18.383127,76.53959
MH-LTR,2022-05-12,32.7,38.3,27.3,43,69,0.0,0.0,19.7,336,18.26,7.29,934.5,17.2,633.0,18.383127,76.53959
MH-LTR,2022-05-13,32.3,38.6,27.0,42,67,0.0,0.0,14.6,295,16.27,5.74,934.5,16.4,633.0,18.383127,76.53959
MH-LTR,2022-05-14,33.8,40.9,28.2,33,57,0.0,0.0,17.3,279,23.01,7.49,935.0,14.2,633.0,18.383127,76.53959
MH-LTR,2022-05-15,34.4,41.1,28.2,32,52,0.0,0.0,18.5,295,21.16,7.5,936.0,14.1,633.0,18.383127,76.53959
MH-LTR,2022-05-16,33.9,40.1,29.0,34,48,0.0,0.0,16.8,77,22.94,7.5,936.1,15.1,633.0,18.383127,76.53959
MH-LTR,2022-05-17,33.0,40.3,26.8,41,65,0.0,0.0,22.1,191,22.96,7.14,935.0,16.5,633.0,18.383127,76.53959
MH-LTR,2022-05-18,31.6,37.5,27.4,47,73,0.5,0.5,15.8,245,14.12,5.13,935.8,17.7,633.0,18.383127,76.53959
MH-LTR,2022-05-19,29.5,33.2,27.0,59,72,0.9,0.9,13.0,175,11.97,3.63,936.2,20.4,633.0,18.383127,76.53959
MH-LTR,2022-05-20,27.6,36.2,24.6,71,89,12.0,12.0,24.6,241,14.17,3.88,936.2,21.5,633.0,18.383127,76.53959
MH-LTR,2022-05-21,28.7,34.8,23.0,53,75,0.1,0.1,24.6,250,19.82,6.89,935.3,17.4,633.0,18.383127,76.53959
MH-LTR,2022-05-22,29.4,36.3,22.5,50,81,0.0,0.0,22.7,268,24.99,8.19,934.0,16.5,633.0,18.383127,76.53959
MH-LTR,2022-05-23,30.0,36.6,23.4,48,76,0.0,0.0,22.0,266,25.87,8.07,934.3,16.8,633.0,18.383127,76.53959
MH-LTR,2022-05-24,30.6,37.8,24.1,46,78,0.0,0.0,18.4,270,25.5,7.13,936.6,16.5,633.0,18.383127,76.53959
MH-LTR,2022-05-25,31.4,37.6,25.5,41,75,0.0,0.0,18.5,269,23.86,7.16,938.5,15.2,633.0,18.383127,76.53959
MH-LTR,2022-05-26,31.6,37.9,25.8,40,66,0.1,0.1,17.0,262,22.73,7.14,938.0,15.8,633.0,18.383127,76.53959
MH-LTR,2022-05-27,31.3,37.8,25.0,40,74,0.0,0.0,26.4,261,24.54,8.14,937.4,14.3,633.0,18.383127,76.53959
MH-LTR,2022-05-28,31.1,38.0,24.4,40,67,0.0,0.0,16.6,269,24.83,7.66,936.6,14.5,633.0,18.383127,76.53959
MH-LTR,2022-05-29,31.6,38.6,25.2,38,66,0.0,0.0,20.3,281,25.16,7.84,936.6,14.0,633.0,18.383127,76.53959
MH-LTR,2022-05-30,31.9,38.7,25.4,37,65,0.0,0.0,13.8,280,25.05,7.28,936.3,14.3,633.0,18.383127,76.53959
MH-LTR,2022-05-31,31.6,38.3,26.9,41,61,0.6,0.6,17.5,274,21.45,6.94,935.7,15.7,633.0,18.383127,76.53959
MH-LTR,2022-06-01,29.1,35.4,26.9,57,71,2.1,2.1,23.0,274,16.06,5.23,936.3,19.4,633.0,18.383127,76.53959
MH-LTR,2022-06-02,32.1,39.0,25.7,43,71,0.0,0.0,24.3,291,23.1,7.28,936.0,16.5,633.0,18.383127,76.53959
MH-LTR,2022-06-03,32.2,38.9,25.4,41,80,0.0,0.0,19.0,266,24.11,7.67,935.7,15.4,633.0,18.383127,76.53959
MH-LTR,2022-06-04,33.4,40.1,27.6,31,50,0.0,0.0,17.6,296,22.8,7.32,935.9,12.7,633.0,18.383127,76.53959
MH-LTR,2022-06-05,33.3,39.2,28.0,30,45,0.0,0.0,19.7,306,21.34,7.52,935.7,13.0,633.0,18.383127,76.53959
MH-LTR,2022-06-06,31.1,35.8,27.8,43,64,0.0,0.0,15.8,287,11.43,4.49,936.4,16.4,633.0,18.383127,76.53959
MH-LTR,2022-06-07,32.0,38.8,26.4,40,67,0.0,0.0,16.6,294,25.61,7.88,936.2,15.4,633.0,18.383127,76.53959
MH-LTR,2022-06-08,30.5,39.0,25.0,50,70,0.6,0.6,22.2,271,21.99,6.85,936.4,17.7,633.0,18.383127,76.53959
MH-LTR,2022-06-09,30.1,35.8,24.8,55,81,0.0,0.0,16.3,257,20.84,6.05,935.8,19.4,633.0,18.383127,76.53959
MH-LTR,2022-06-10,30.2,36.3,25.2,55,79,0.2,0.2,21.4,230,24.17,6.98,936.2,19.6,633.0,18.383127,76.53959
MH-LTR,2022-06-11,27.4,34.8,23.4,69,90,4.8,4.8,23.1,240,19.8,5.35,936.8,20.6,633.0,18.383127,76.53959
MH-LTR,2022-06-12,26.9,33.7,22.9,71,94,3.3,3.3,20.7,252,21.12,5.08,936.8,20.4,633.0,18.383127,76.53959
MH-LTR,2022-06-13,28.3,34.3,22.7,63,90,0.8,0.8,14.1,246,23.37,5.93,938.0,19.8,633.0,18.383127,76.53959
MH-LTR,2022-06-14,27.2,34.0,23.5,70,85,11.7,11.7,12.0,254,16.74,4.02,937.8,20.9,633.0,18.383127,76.53959
MH-LTR,2022-06-15,28.8,34.7,24.6,57,73,0.0,0.0,12.5,265,21.82,5.71,936.8,18.9,633.0,18.383127,76.53959
MH-LTR,2022-06-16,28.6,34.2,23.2,60,89,2.4,2.4,9.7,266,21.66,5.16,936.8,19.6,633.0,18.383127,76.53959
MH-LTR,2022-06-17,27.7,34.0,23.1,67,92,6.6,6.6,13.2,230,18.44,4.56,936.5,20.5,633.0,18.383127,76.53959
MH-LTR,2022-06-18,26.2,30.8,23.0,78,94,14.0,14.0,11.0,214,17.18,3.77,936.7,21.8,633.0,18.383127,76.53959
MH-LTR,2022-06-19,26.8,31.5,22.8,73,95,3.7,3.7,12.6,246,17.54,4.17,936.8,21.3,633.0,18.383127,76.53959
MH-LTR,2022-06-20,27.0,31.9,23.3,70,89,2.1,2.1,18.4,256,21.77,5.43,935.5,20.8,633.0,18.383127,76.53959
MH-LTR,2022-06-21,26.0,30.9,23.5,75,85,7.3,7.3,21.1,249,17.61,4.35,934.1,21.0,633.0,18.383127,76.53959
MH-LTR,2022-06-22,25.5,30.2,22.4,78,96,5.4,5.4,15.8,240,15.7,3.55,935.5,21.0,633.0,18.383127,76.53959
MH-LTR,2022-06-23,27.0,32.0,22.5,71,97,0.3,0.3,14.3,221,23.7,5.41,936.2,20.8,633.0,18.383127,76.53959
MH-LTR,2022-06-24,26.7,31.0,23.3,70,87,1.1,1.1,17.1,233,17.44,4.57,935.4,20.4,633.0,18.383127,76.53959
MH-LTR,2022-06-25,25.4,29.5,22.7,77,92,3.7,3.7,16.2,236,14.24,3.56,933.5,20.9,633.0,18.383127,76.53959
MH-LTR,2022-06-26,24.1,28.0,22.4,87,95,8.5,8.5,19.6,233,9.95,2.38,933.5,21.6,633.0,18.383127,76.53959
MH-LTR,2022-06-27,24.3,27.8,22.2,85,95,22.2,22.2,21.8,235,11.98,2.87,935.2,21.4,633.0,18.383127,76.53959
MH-LTR,2022-06-28,24.8,30.5,22.1,82,95,4.5,4.5,19.7,258,17.05,3.78,935.6,21.4,633.0,18.383127,76.53959
MH-LTR,2022-06-29,25.6,31.2,22.2,79,96,8.5,8.5,16.2,257,20.47,4.56,934.4,21.4,633.0,18.383127,76.53959
MH-LTR,2022-06-30,25.4,30.0,22.8,82,95,6.3,6.3,18.4,263,17.78,3.93,934.0,21.8,633.0,18.383127,76.53959
MH-LTR,2022-07-01,25.6,29.8,22.4,79,93,11.5,11.5,18.2,264,16.47,3.95,934.6,21.4,633.0,18.383127,76.53959
MH-LTR,2022-07-02,26.0,29.8,22.7,76,91,2.3,2.3,23.8,264,19.72,4.7,933.7,21.2,633.0,18.383127,76.53959
MH-LTR,2022-07-03,25.7,29.7,22.7,77,91,1.3,1.3,21.4,254,14.82,3.8,933.6,21.2,633.0,18.383127,76.53959
MH-LTR,2022-07-04,24.5,27.7,22.5,83,94,8.8,8.8,17.3,253,7.49,2.26,933.3,21.3,633.0,18.383127,76.53959
MH-LTR,2022-07-05,23.8,26.8,22.5,89,95,21.1,21.1,19.6,255,8.51,2.0,931.9,21.8,633.0,18.383127,76.53959
MH-LTR,2022-07-06,23.8,27.8,21.9,88,95,7.0,7.0,19.1,248,8.25,2.07,933.7,21.6,633.0,18.383127,76.53959
MH-LTR,2022-07-07,24.3,28.4,22.4,83,93,5.1,5.1,22.7,263,12.08,2.96,935.7,21.2,633.0,18.383127,76.53959
MH-LTR,2022-07-08,23.1,24.3,22.0,90,93,23.8,23.8,20.5,270,6.81,1.7,934.6,21.4,633.0,18.383127,76.53959
MH-LTR,2022-07-09,22.6,24.2,21.9,92,93,43.8,43.8,22.1,274,4.83,1.27,932.6,21.2,633.0,18.383127,76.53959
MH-LTR,2022-07-10,22.5,24.9,21.6,91,93,16.3,16.3,22.4,275,5.16,1.44,933.3,20.9,633.0,18.383127,76.53959
MH-LTR,2022-07-11,22.7,25.2,21.4,88,93,8.4,8.4,25.7,271,6.36,1.82,934.6,20.6,633.0,18.383127,76.53959
MH-LTR,2022-07-12,22.3,23.7,21.5,91,93,20.3,20.3,25.6,269,5.56,1.5,934.0,20.7,633.0,18.383127,76.53959
MH-LTR,2022-07-13,21.9,22.7,21.4,92,93,54.4,54.4,31.0,261,3.21,1.15,931.0,20.4,633.0,18.383127,76.53959
MH-LTR,2022-07-14,23.0,26.3,21.3,86,93,6.9,6.9,29.3,251,8.79,2.4,929.9,20.4,633.0,18.383127,76.53959
MH-LTR,2022-07-15,24.0,27.4,22.0,83,91,3.1,3.1,29.1,242,15.4,3.5,931.8,20.8,633.0,18.383127,76.53959
MH-LTR,2022-07-16,24.6,29.0,21.6,82,92,1.6,1.6,26.1,236,17.49,3.9,933.4,21.1,633.0,18.383127,76.53959
MH-LTR,2022-07-17,25.2,29.8,22.5,81,94,18.8,18.8,22.0,263,18.13,4.09,934.6,21.6,633.0,18.383127,76.53959
MH-LTR,2022-07-18,23.5,25.4,22.3,89,94,15.4,15.4,27.4,258,9.94,2.21,934.9,21.5,633.0,18.383127,76.53959
MH-LTR,2022-07-19,24.9,28.4,21.6,80,95,1.5,1.5,22.3,253,18.55,4.13,936.1,21.0,633.0,18.383127,76.53959
MH-LTR,2022-07-20,25.3,29.9,21.5,77,95,0.9,0.9,18.0,272,21.6,4.7,936.8,20.8,633.0,18.383127,76.53959
MH-LTR,2022-07-21,25.4,29.3,22.2,75,90,0.6,0.6,18.7,281,17.16,4.03,937.0,20.5,633.0,18.383127,76.53959
MH-LTR,2022-07-22,24.8,28.5,22.8,81,94,6.9,6.9,16.3,285,13.73,3.17,937.1,21.3,633.0,18.383127,76.53959
MH-LTR,2022-07-23,23.0,24.7,22.0,90,94,12.7,12.7,18.1,264,6.16,1.52,935.6,21.3,633.0,18.383127,76.53959
MH-LTR,2022-07-24,23.3,27.1,21.6,87,95,7.6,7.6,21.7,249,11.93,2.64,935.6,21.0,633.0,18.383127,76.53959
MH-LTR,2022-07-25,24.1,28.3,21.8,85,96,6.5,6.5,15.2,258,14.4,3.11,937.0,21.2,633.0,18.383127,76.53959
MH-LTR,2022-07-26,23.0,25.2,22.0,90,96,13.9,13.9,12.7,276,7.37,1.64,938.6,21.3,633.0,18.383127,76.53959
MH-LTR,2022-07-27,23.9,27.9,21.3,88,98,5.1,5.1,8.2,315,15.08,3.05,938.4,21.6,633.0,18.383127,76.53959
MH-LTR,2022-07-28,24.7,29.4,21.0,84,99,8.1,8.1,11.8,20,20.17,4.13,939.4,21.7,633.0,18.383127,76.53959
MH-LTR,2022-07-29,25.2,30.0,21.7,86,100,7.8,7.8,12.0,333,22.26,4.53,938.9,22.5,633.0,18.383127,76.53959
MH-LTR,2022-07-30,25.0,29.6,21.9,85,99,2.3,2.3,10.4,338,19.2,3.89,937.8,22.2,633.0,18.383127,76.53959
MH-LTR,2022-07-31,25.0,29.2,21.8,86,96,0.5,0.5,13.3,301,18.02,3.66,936.1,22.2,633.0,18.383127,76.53959
MH-LTR,2022-08-01,25.4,28.9,22.3,82,95,2.4,2.4,10.4,311,19.77,4.07,936.0,21.9,633.0,18.383127,76.53959
MH-LTR,2022-08-02,25.6,29.1,22.7,80,93,0.5,0.5,13.1,322,20.29,4.23,935.2,21.8,633.0,18.383127,76.53959
MH-LTR,2022-08-03,25.2,28.6,22.5,83,96,8.0,8.0,11.6,325,16.79,3.53,934.5,21.9,633.0,18.383127,76.53959
MH-LTR,2022-08-04,24.6,29.0,21.5,87,98,23.6,23.6,15.5,349,17.18,3.51,934.0,22.1,633.0,18.383127,76.53959
MH-LTR,2022-08-05,24.5,28.6,22.2,86,97,13.3,13.3,14.8,228,16.25,3.36,932.9,21.9,633.0,18.383127,76.53959
MH-LTR,2022-08-06,24.4,29.1,22.2,85,95,10.0,10.0,17.8,239,17.52,3.67,932.1,21.6,633.0,18.383127,76.53959
MH-LTR,2022-08-07,23.8,27.4,22.2,88,94,28.4,28.4,19.8,252,12.02,2.62,931.3,21.6,633.0,18.383127,76.53959
MH-LTR,2022-08-08,22.8,24.4,21.9,92,95,40.0,40.0,21.1,251,5.64,1.35,930.3,21.5,633.0,18.383127,76.53959
MH-LTR,2022-08-09,23.3,25.5,22.0,87,93,6.1,6.1,29.3,239,9.06,2.26,930.0,21.0,633.0,18.383127,76.53959
MH-LTR,2022-08-10,23.6,26.2,21.7,82,92,3.5,3.5,28.4,236,7.38,2.51,929.5,20.2,633.0,18.383127,76.53959
MH-LTR,2022-08-11,24.6,27.7,22.6,77,86,0.7,0.7,28.9,233,14.28,3.83,931.6,20.3,633.0,18.383127,76.53959
MH-LTR,2022-08-12,25.0,28.9,22.6,76,86,1.3,1.3,29.0,238,20.38,4.74,934.3,20.4,633.0,18.383127,76.53959
MH-LTR,2022-08-13,24.2,28.4,21.9,82,91,11.8,11.8,23.3,245,18.66,4.0,935.4,20.9,633.0,18.383127,76.53959
MH-LTR,2022-08-14,23.6,26.5,21.6,84,92,2.2,2.2,21.4,256,8.24,2.3,936.3,20.7,633.0,18.383127,76.53959
MH-LTR,2022-08-15,22.8,25.0,21.5,89,94,5.5,5.5,22.0,251,7.26,1.79,936.3,20.9,633.0,18.383127,76.53959
MH-LTR,2022-08-16,23.7,27.6,20.9,82,94,0.7,0.7,25.1,226,13.61,3.24,937.0,20.2,633.0,18.383127,76.53959
MH-LTR,2022-08-17,24.4,28.6,21.1,80,93,1.0,1.0,21.2,235,19.82,4.27,938.1,20.5,633.0,18.383127,76.53959
MH-LTR,2022-08-18,24.6,29.2,21.2,80,95,1.5,1.5,18.4,261,19.53,4.18,937.8,20.9,633.0,18.383127,76.53959
MH-LTR,2022-08-19,24.7,28.7,21.3,79,93,0.5,0.5,19.5,271,19.99,4.35,937.7,20.6,633.0,18.383127,76.53959
MH-LTR,2022-08-20,24.4,29.1,21.5,80,91,4.9,4.9,20.4,276,19.85,4.27,937.0,20.6,633.0,18.383127,76.53959
MH-LTR,2022-08-21,24.9,28.7,21.9,76,90,1.0,1.0,20.7,276,20.07,4.59,935.7,20.3,633.0,18.383127,76.53959
MH-LTR,2022-08-22,24.7,28.6,21.7,77,89,3.3,3.3,28.1,264,18.53,4.23,934.8,20.4,633.0,18.383127,76.53959
MH-LTR,2022-08-23,25.1,28.8,22.0,77,91,1.3,1.3,20.8,252,20.35,4.55,935.8,20.6,633.0,18.383127,76.53959
MH-LTR,2022-08-24,24.6,29.3,21.5,82,96,4.4,4.4,15.1,266,19.44,4.05,938.3,21.2,633.0,18.383127,76.53959
MH-LTR,2022-08-25,24.7,29.2,21.5,79,93,0.7,0.7,16.2,298,21.51,4.5,937.8,20.6,633.0,18.383127,76.53959
MH-LTR,2022-08-26,24.5,28.6,21.8,83,94,2.1,2.1,11.6,314,19.72,3.97,937.4,21.3,633.0,18.383127,76.53959
MH-LTR,2022-08-27,24.8,29.0,21.7,82,95,1.3,1.3,10.8,310,21.71,4.35,937.4,21.4,633.0,18.383127,76.53959
MH-LTR,2022-08-28,25.1,29.5,21.8,75,90,0.4,0.4,14.2,322,23.41,4.92,937.2,20.1,633.0,18.383127,76.53959
MH-LTR,2022-08-29,25.3,29.3,22.2,76,93,0.8,0.8,11.2,1,21.93,4.66,938.5,20.5,633.0,18.383127,76.53959
MH-LTR,2022-08-30,25.0,29.4,22.1,85,98,9.7,9.7,8.9,76,18.58,3.83,938.9,22.2,633.0,18.383127,76.53959
MH-LTR,2022-08-31,25.1,30.2,21.7,83,99,14.4,14.4,9.4,156,22.83,4.7,938.2,21.7,633.0,18.383127,76.53959
MH-LTR,2022-09-01,24.8,29.1,21.9,86,98,1.4,1.4,10.4,169,19.98,4.07,938.0,22.1,633.0,18.383127,76.53959
MH-LTR,2022-09-02,25.6,29.9,21.4,81,98,7.1,7.1,13.0,130,22.69,4.64,938.8,21.8,633.0,18.383127,76.53959
MH-LTR,2022-09-03,26.3,30.8,22.5,79,94,12.4,12.4,7.7,188,22.98,4.82,938.5,22.0,633.0,18.383127,76.53959
MH-LTR,2022-09-04,24.4,28.8,21.8,88,98,27.1,27.1,16.6,313,15.21,3.13,938.2,22.1,633.0,18.383127,76.53959
MH-LTR,2022-09-05,24.1,28.1,22.4,89,98,4.4,4.4,14.4,339,12.68,2.63,938.1,22.2,633.0,18.383127,76.53959
MH-LTR,2022-09-06,24.3,28.5,21.6,87,98,12.6,12.6,11.2,2,19.17,3.77,937.7,21.9,633.0,18.383127,76.53959
MH-LTR,2022-09-07,24.1,28.5,20.9,89,100,11.1,11.1,11.9,128,14.77,2.99,937.3,22.1,633.0,18.383127,76.53959
MH-LTR,2022-09-08,24.0,27.4,22.3,90,98,19.1,19.1,10.5,83,12.05,2.48,936.7,22.2,633.0,18.383127,76.53959
MH-LTR,2022-09-09,24.2,28.2,21.8,89,98,16.3,16.3,13.3,109,14.14,2.88,936.2,22.2,633.0,18.383127,76.53959
MH-LTR,2022-09-10,23.6,26.9,22.0,91,99,16.9,16.9,10.4,20,10.72,2.22,935.5,21.9,633.0,18.383127,76.53959
MH-LTR,2022-09-11,23.6,26.1,21.8,91,97,11.2,11.2,17.1,247,9.89,2.11,933.6,21.9,633.0,18.383127,76.53959
MH-LTR,2022-09-12,23.4,25.3,22.1,90,96,6.4,6.4,18.4,227,8.86,1.94,932.4,21.7,633.0,18.383127,76.53959
MH-LTR,2022-09-13,24.3,28.0,22.2,85,95,4.4,4.4,27.0,231,17.52,3.57,934.7,21.6,633.0,18.383127,76.53959
MH-LTR,2022-09-14,24.7,28.4,21.8,79,91,1.9,1.9,24.9,229,16.69,3.94,937.6,20.7,633.0,18.383127,76.53959
MH-LTR,2022-09-15,24.6,28.5,21.7,79,91,0.8,0.8,28.1,233,18.21,4.15,938.6,20.6,633.0,18.383127,76.53959
MH-LTR,2022-09-16,24.2,27.6,21.8,81,90,0.9,0.9,27.6,245,13.97,3.31,937.0,20.7,633.0,18.383127,76.53959
MH-LTR,2022-09-17,24.4,28.7,21.9,82,94,3.0,3.0,17.2,252,18.75,3.91,937.6,20.9,633.0,18.383127,76.53959
MH-LTR,2022-09-18,24.2,28.0,20.8,81,97,1.2,1.2,13.8,276,19.93,4.09,938.7,20.5,633.0,18.383127,76.53959
MH-LTR,2022-09-19,23.4,27.4,20.8,85,95,3.3,3.3,16.9,273,14.86,3.14,938.4,20.6,633.0,18.383127,76.53959
MH-LTR,2022-09-20,22.9,27.2,21.0,87,96,6.4,6.4,16.1,287,13.71,2.83,937.8,20.6,633.0,18.383127,76.53959
MH-LTR,2022-09-21,24.0,28.6,20.7,82,96,0.4,0.4,15.2,284,22.53,4.56,937.8,20.6,633.0,18.383127,76.53959
MH-LTR,2022-09-22,23.6,28.3,20.8,82,95,1.2,1.2,15.2,273,17.86,3.75,938.3,20.1,633.0,18.383127,76.53959
MH-LTR,2022-09-23,23.6,27.8,20.4,77,88,0.6,0.6,17.4,271,20.07,4.23,938.9,19.1,633.0,18.383127,76.53959
MH-LTR,2022-09-24,23.7,28.1,19.9,78,95,0.6,0.6,13.6,263,22.04,4.55,938.8,19.2,633.0,18.383127,76.53959
MH-LTR,2022-09-25,23.7,28.4,20.4,84,96,1.8,1.8,10.9,300,20.1,4.02,938.4,20.6,633.0,18.383127,76.53959
MH-LTR,2022-09-26,23.8,28.0,20.3,84,98,2.5,2.5,10.7,336,16.83,3.41,939.4,20.8,633.0,18.383127,76.53959
MH-LTR,2022-09-27,24.1,29.4,20.8,85,98,1.1,1.1,16.6,335,19.4,3.91,938.4,21.1,633.0,18.383127,76.53959
MH-LTR,2022-09-28,24.2,28.5,21.4,87,96,8.2,8.2,11.0,334,16.67,3.34,937.5,21.7,633.0,18.383127,76.53959
MH-LTR,2022-09-29,24.1,29.2,20.9,85,98,13.4,13.4,11.1,327,18.32,3.65,937.4,21.2,633.0,18.383127,76.53959
MH-LTR,2022-09-30,24.8,29.6,21.0,80,97,0.1,0.1,13.4,346,22.19,4.55,937.7,20.9,633.0,18.383127,76.53959
MH-LTR,2022-10-01,24.9,29.2,21.4,80,94,0.5,0.5,14.0,325,20.35,4.3,938.1,20.9,633.0,18.383127,76.53959
MH-LTR,2022-10-02,24.5,29.0,21.1,77,94,0.2,0.2,18.2,324,22.0,4.6,938.3,20.0,633.0,18.383127,76.53959
MH-LTR,2022-10-03,24.6,28.9,21.2,76,89,0.5,0.5,16.2,335,21.21,4.59,938.5,19.9,633.0,18.383127,76.53959
MH-LTR,2022-10-04,25.0,28.8,21.6,69,86,0.0,0.0,18.1,340,20.33,4.77,938.5,18.7,633.0,18.383127,76.53959
MH-LTR,2022-10-05,25.4,28.9,22.2,68,92,4.0,4.0,16.5,337,18.19,4.43,937.6,19.0,633.0,18.383127,76.53959
MH-LTR,2022-10-06,22.5,24.4,21.2,92,98,29.0,29.0,12.6,335,8.79,1.77,936.4,21.0,633.0,18.383127,76.53959
MH-LTR,2022-10-07,23.3,27.3,20.7,86,98,3.8,3.8,16.6,177,15.59,3.13,936.4,20.8,633.0,18.383127,76.53959
MH-LTR,2022-10-08,24.1,28.7,20.7,80,96,0.5,0.5,16.8,223,18.04,3.77,938.9,20.1,633.0,18.383127,76.53959
MH-LTR,2022-10-09,24.5,29.2,20.2,82,98,9.7,9.7,11.3,84,18.43,3.75,939.8,20.9,633.0,18.383127,76.53959
MH-LTR,2022-10-10,23.3,27.0,20.9,88,99,15.4,15.4,10.8,66,14.14,2.8,940.9,21.2,633.0,18.383127,76.53959
MH-LTR,2022-10-11,23.5,28.2,21.0,89,99,10.5,10.5,10.0,153,14.55,2.93,940.2,21.4,633.0,18.383127,76.53959
MH-LTR,2022-10-12,23.3,27.3,20.7,88,98,5.5,5.5,11.9,154,15.19,3.01,940.5,21.2,633.0,18.383127,76.53959
MH-LTR,2022-10-13,23.1,27.4,20.5,90,99,6.1,6.1,7.5,59,13.6,2.69,940.8,21.2,633.0,18.383127,76.53959
MH-LTR,2022-10-14,22.5,26.0,19.8,90,100,5.0,5.0,8.4,63,10.98,2.2,940.6,20.7,633.0,18.383127,76.53959
MH-LTR,2022-10-15,23.7,27.2,20.3,84,98,0.2,0.2,17.2,38,16.08,3.29,939.7,20.7,633.0,18.383127,76.53959
MH-LTR,2022-10-16,22.6,26.4,20.7,91,99,16.1,16.1,13.4,72,10.49,2.1,941.2,21.0,633.0,18.383127,76.53959
MH-LTR,2022-10-17,24.1,28.6,20.5,85,98,0.6,0.6,11.7,109,16.93,3.42,942.4,21.2,633.0,18.383127,76.53959
MH-LTR,2022-10-18,23.4,28.3,19.6,88,100,1.6,1.6,8.7,344,16.86,3.36,942.0,21.1,633.0,18.383127,76.53959
MH-LTR,2022-10-19,23.3,28.1,20.3,88,100,2.6,2.6,9.0,44,15.84,3.16,941.4,21.1,633.0,18.383127,76.53959
MH-LTR,2022-10-20,23.2,28.2,20.2,87,98,7.2,7.2,8.6,54,16.28,3.27,942.2,20.8,633.0,18.383127,76.53959
MH-LTR,2022-10-21,23.2,27.5,20.2,86,98,2.7,2.7,11.6,62,13.69,2.86,943.8,20.5,633.0,18.383127,76.53959
MH-LTR,2022-10-22,22.4,27.2,17.8,68,90,0.0,0.0,17.3,47,21.54,4.64,944.7,15.7,633.0,18.383127,76.53959
MH-LTR,2022-10-23,20.7,26.6,15.5,65,85,0.0,0.0,18.5,23,22.09,4.69,943.2,13.3,633.0,18.383127,76.53959
MH-LTR,2022-10-24,20.3,26.8,15.6,67,83,0.0,0.0,14.5,329,22.04,4.55,940.8,13.6,633.0,18.383127,76.53959
MH-LTR,2022-10-25,20.8,27.6,13.5,66,87,0.0,0.0,10.3,321,21.96,4.54,941.0,13.6,633.0,18.383127,76.53959
MH-LTR,2022-10-26,20.9,27.4,14.4,67,91,0.0,0.0,11.9,19,21.81,4.56,942.8,13.9,633.0,18.383127,76.53959
MH-LTR,2022-10-27,21.0,27.4,15.0,65,87,0.0,0.0,12.7,79,21.84,4.62,943.0,13.5,633.0,18.383127,76.53959
MH-LTR,2022-10-28,20.9,27.0,15.0,60,78,0.0,0.0,12.7,50,21.82,4.61,942.5,12.3,633.0,18.383127,76.53959
MH-LTR,2022-10-29,20.4,27.2,15.2,58,81,0.0,0.0,14.8,56,21.9,4.78,942.3,11.2,633.0,18.383127,76.53959
MH-LTR,2022-10-30,20.7,27.4,13.9,58,81,0.0,0.0,14.3,53,21.63,4.85,942.5,11.7,633.0,18.383127,76.53959
MH-LTR,2022-10-31,20.6,26.5,14.7,63,87,0.0,0.0,13.5,64,21.2,4.54,942.3,12.8,633.0,18.383127,76.53959
MH-LTR,2022-11-01,21.2,27.3,14.4,65,85,0.0,0.0,11.6,45,20.76,4.42,943.0,13.9,633.0,18.383127,76.53959
MH-LTR,2022-11-02,22.9,28.2,18.2,70,88,0.0,0.0,13.1,41,18.6,4.08,942.6,16.9,633.0,18.383127,76.53959
MH-LTR,2022-11-03,21.9,28.1,15.5,67,94,0.0,0.0,15.6,36,20.81,4.49,942.3,14.8,633.0,18.383127,76.53959
MH-LTR,2022-11-04,21.9,28.9,15.9,59,83,0.0,0.0,13.7,50,20.68,4.8,943.2,12.8,633.0,18.383127,76.53959
MH-LTR,2022-11-05,21.6,29.1,15.0,59,87,0.0,0.0,10.4,83,21.02,4.73,944.3,12.5,633.0,18.383127,76.53959
MH-LTR,2022-11-06,21.8,29.3,15.0,57,80,0.0,0.0,11.3,80,20.8,4.81,944.5,12.1,633.0,18.383127,76.53959
MH-LTR,2022-11-07,22.5,29.3,15.1,56,78,0.0,0.0,11.6,78,20.65,4.69,943.9,12.6,633.0,18.383127,76.53959
MH-LTR,2022-11-08,23.5,29.6,17.2,52,80,0.0,0.0,13.3,71,18.29,4.59,943.8,12.4,633.0,18.383127,76.53959
MH-LTR,2022-11-09,22.1,28.7,16.3,48,69,0.0,0.0,15.8,57,20.59,5.17,943.5,9.8,633.0,18.383127,76.53959
MH-LTR,2022-11-10,21.2,28.0,14.7,56,83,0.0,0.0,17.0,64,20.42,4.81,943.8,11.5,633.0,18.383127,76.53959
MH-LTR,2022-11-11,21.7,28.4,15.3,60,84,0.0,0.0,19.4,52,20.21,4.85,943.9,12.9,633.0,18.383127,76.53959
MH-LTR,2022-11-12,21.9,28.3,16.7,60,82,0.0,0.0,17.6,53,20.1,4.66,944.0,13.3,633.0,18.383127,76.53959
MH-LTR,2022-11-13,22.0,28.4,16.5,63,81,0.0,0.0,14.6,70,19.76,4.4,943.3,14.2,633.0,18.383127,76.53959
MH-LTR,2022-11-14,22.1,28.9,16.1,64,90,0.0,0.0,9.7,75,19.85,4.3,943.7,14.3,633.0,18.383127,76.53959
MH-LTR,2022-11-15,21.8,28.7,15.6,62,86,0.0,0.0,11.2,57,19.71,4.33,943.5,13.6,633.0,18.383127,76.53959
MH-LTR,2022-11-16,21.4,27.7,15.4,57,81,0.0,0.0,10.6,39,20.17,4.44,942.6,11.6,633.0,18.383127,76.53959
MH-LTR,2022-11-17,20.9,27.5,14.7,57,81,0.0,0.0,13.5,33,20.01,4.52,942.2,11.3,633.0,18.383127,76.53959
MH-LTR,2022-11-18,20.2,26.7,13.5,57,83,0.0,0.0,14.4,39,19.68,4.47,942.7,10.7,633.0,18.383127,76.53959
MH-LTR,2022-11-19,19.6,25.6,14.1,52,74,0.0,0.0,14.4,43,19.86,4.53,942.7,8.8,633.0,18.383127,76.53959
MH-LTR,2022-11-20,18.6,25.0,12.4,54,76,0.0,0.0,11.8,43,19.98,4.36,941.3,8.3,633.0,18.383127,76.53959
MH-LTR,2022-11-21,19.6,26.7,11.8,58,84,0.0,0.0,10.0,37,18.5,4.06,940.9,10.4,633.0,18.383127,76.53959
MH-LTR,2022-11-22,22.4,28.4,17.0,56,71,0.0,0.0,13.0,34,18.01,4.31,941.6,12.8,633.0,18.383127,76.53959
MH-LTR,2022-11-23,23.1,29.0,18.0,57,72,0.0,0.0,11.3,38,18.17,4.28,942.1,13.8,633.0,18.383127,76.53959
MH-LTR,2022-11-24,23.5,29.5,18.3,58,76,0.0,0.0,10.7,49,17.49,4.2,942.2,14.5,633.0,18.383127,76.53959
MH-LTR,2022-11-25,23.8,29.2,18.6,59,77,0.0,0.0,13.2,69,14.83,3.77,942.8,15.1,633.0,18.383127,76.53959
MH-LTR,2022-11-26,23.6,29.2,19.7,54,74,0.0,0.0,9.7,56,15.62,3.78,941.9,13.4,633.0,18.383127,76.53959
MH-LTR,2022-11-27,23.0,29.8,16.6,62,88,0.0,0.0,12.8,53,16.15,3.83,939.7,14.6,633.0,18.383127,76.53959
MH-LTR,2022-11-28,23.6,30.1,17.9,55,74,0.0,0.0,12.6,73,16.83,4.15,940.3,13.4,633.0,18.383127,76.53959
MH-LTR,2022-11-29,22.3,28.8,16.0,53,77,0.0,0.0,11.8,65,18.61,4.44,941.5,11.5,633.0,18.383127,76.53959
MH-LTR,2022-11-30,20.8,28.2,14.7,50,73,0.0,0.0,11.2,77,18.99,4.41,942.4,8.8,633.0,18.383127,76.53959
MH-LTR,2022-12-01,21.1,28.0,13.5,57,77,0.0,0.0,9.8,84,18.79,4.11,942.2,11.5,633.0,18.383127,76.53959
MH-LTR,2022-12-02,23.1,29.4,15.9,61,87,0.0,0.0,10.0,91,17.47,3.89,941.7,14.5,633.0,18.383127,76.53959
MH-LTR,2022-12-03,23.6,29.1,17.5,69,96,0.0,0.0,8.9,81,16.11,3.45,942.0,17.1,633.0,18.383127,76.53959
MH-LTR,2022-12-04,23.8,29.1,19.4,70,92,0.3,0.3,9.7,88,15.54,3.51,942.9,17.6,633.0,18.383127,76.53959
MH-LTR,2022-12-05,23.4,29.4,17.9,60,88,0.0,0.0,14.6,76,17.36,4.2,943.6,14.6,633.0,18.383127,76.53959
MH-LTR,2022-12-06,22.5,29.5,15.7,57,80,0.0,0.0,13.6,76,18.07,4.35,943.1,12.9,633.0,18.383127,76.53959
MH-LTR,2022-12-07,22.2,28.5,16.2,60,86,0.0,0.0,15.7,45,18.1,4.32,942.3,13.6,633.0,18.383127,76.53959
MH-LTR,2022-12-08,19.9,25.7,15.9,58,91,0.0,0.0,16.4,34,17.02,4.1,941.7,10.4,633.0,18.383127,76.53959
MH-LTR,2022-12-09,19.2,26.9,12.2,49,69,0.0,0.0,13.8,42,18.68,4.45,940.1,7.3,633.0,18.383127,76.53959
MH-LTR,2022-12-10,21.3,27.5,16.3,54,68,0.0,0.0,14.0,46,13.95,3.72,940.0,11.3,633.0,18.383127,76.53959
MH-LTR,2022-12-11,22.6,28.3,19.4,74,92,5.3,5.3,19.9,81,14.59,3.36,940.7,17.5,633.0,18.383127,76.53959
MH-LTR,2022-12-12,22.5,27.5,19.7,82,98,11.1,11.1,15.4,96,11.28,2.6,941.2,18.8,633.0,18.383127,76.53959
MH-LTR,2022-12-13,22.7,27.6,19.0,80,98,0.7,0.7,16.6,113,13.44,2.97,942.1,18.6,633.0,18.383127,76.53959
MH-LTR,2022-12-14,23.1,28.6,19.3,77,97,0.0,0.0,12.0,136,16.37,3.46,942.9,18.4,633.0,18.383127,76.53959
MH-LTR,2022-12-15,23.2,28.8,17.9,70,96,0.0,0.0,10.5,104,16.08,3.44,942.3,16.7,633.0,18.383127,76.53959
MH-LTR,2022-12-16,23.4,29.2,18.1,70,95,0.0,0.0,9.6,80,16.68,3.63,941.9,16.9,633.0,18.383127,76.53959
MH-LTR,2022-12-17,23.5,29.4,18.5,69,93,0.0,0.0,15.1,38,16.45,3.8,942.7,17.0,633.0,18.383127,76.53959
MH-LTR,2022-12-18,21.7,28.4,16.8,64,94,0.0,0.0,14.4,49,17.42,3.99,942.3,13.8,633.0,18.383127,76.53959
MH-LTR,2022-12-19,20.6,28.3,14.2,55,82,0.0,0.0,10.1,66,17.9,4.12,941.2,10.3,633.0,18.383127,76.53959
MH-LTR,2022-12-20,21.1,29.2,14.3,53,83,0.0,0.0,10.1,86,17.86,4.08,940.8,10.0,633.0,18.383127,76.53959
MH-LTR,2022-12-21,21.8,29.2,14.1,51,82,0.0,0.0,10.4,105,17.31,4.03,941.4,10.4,633.0,18.383127,76.53959
MH-LTR,2022-12-22,21.9,29.7,14.8,52,80,0.0,0.0,9.8,80,17.92,4.21,941.1,10.4,633.0,18.383127,76.53959
MH-LTR,2022-12-23,22.0,29.9,15.3,51,74,0.0,0.0,10.6,118,17.9,4.14,941.0,10.4,633.0,18.383127,76.53959
MH-LTR,2022-12-24,22.6,30.0,16.8,49,65,0.0,0.0,10.9,175,17.86,4.28,941.4,10.8,633.0,18.383127,76.53959
MH-LTR,2022-12-25,22.1,29.7,16.2,50,66,0.0,0.0,10.1,161,17.96,4.27,942.1,10.3,633.0,18.383127,76.53959
MH-LTR,2022-12-26,22.9,29.3,16.8,67,93,0.0,0.0,14.0,160,15.12,3.61,943.6,15.9,633.0,18.383127,76.53959
MH-LTR,2022-12-27,24.1,30.0,19.3,69,96,0.0,0.0,10.2,139,16.76,3.56,944.6,17.4,633.0,18.383127,76.53959
MH-LTR,2022-12-28,23.8,29.7,18.3,66,94,0.0,0.0,8.5,63,16.39,3.51,945.4,16.6,633.0,18.383127,76.53959
MH-LTR,2022-12-29,23.2,29.6,18.4,61,81,0.0,0.0,9.4,67,17.6,3.78,946.3,14.6,633.0,18.383127,76.53959
MH-LTR,2022-12-30,23.1,29.7,17.6,56,83,0.0,0.0,10.1,37,17.71,3.95,947.0,13.1,633.0,18.383127,76.53959
MH-LTR,2022-12-31,23.0,29.5,17.2,54,83,0.0,0.0,8.1,4,17.67,3.85,946.0,12.7,633.0,18.383127,76.53959
MH-LTR,2023-01-01,22.2,28.8,15.7,61,90,0.0,0.0,11.8,20,17.76,3.83,945.4,13.6,633.0,18.383127,76.53959
MH-LTR,2023-01-02,22.1,29.1,15.6,64,92,0.0,0.0,9.3,63,17.74,3.86,945.4,14.4,633.0,18.383127,76.53959
MH-LTR,2023-01-03,22.3,28.8,16.7,66,95,0.0,0.0,11.3,150,16.34,3.55,945.3,14.9,633.0,18.383127,76.53959
MH-LTR,2023-01-04,22.7,28.4,17.3,62,89,0.0,0.0,9.8,135,15.64,3.5,944.6,14.5,633.0,18.383127,76.53959
MH-LTR,2023-01-05,22.2,27.4,17.4,69,98,0.2,0.2,12.8,84,15.49,3.59,946.0,15.6,633.0,18.383127,76.53959
MH-LTR,2023-01-06,21.4,27.0,17.1,74,98,0.3,0.3,12.8,76,15.33,3.26,947.4,16.2,633.0,18.383127,76.53959
MH-LTR,2023-01-07,20.9,26.8,16.8,69,96,0.0,0.0,11.4,51,16.72,3.66,946.8,14.3,633.0,18.383127,76.53959
MH-LTR,2023-01-08,19.0,26.1,13.3,61,89,0.0,0.0,12.6,42,18.66,4.05,945.2,10.2,633.0,18.383127,76.53959
MH-LTR,2023-01-09,18.2,26.4,9.7,51,83,0.0,0.0,10.7,53,19.14,4.14,945.8,6.7,633.0,18.383127,76.53959
MH-LTR,2023-01-10,18.9,27.9,12.1,52,78,0.0,0.0,10.9,59,18.99,4.24,945.2,7.6,633.0,18.383127,76.53959
MH-LTR,2023-01-11,20.5,28.7,12.4,50,77,0.0,0.0,9.9,87,18.85,4.08,943.3,8.7,633.0,18.383127,76.53959
MH-LTR,2023-01-12,20.7,29.5,13.5,49,79,0.0,0.0,9.4,244,18.96,4.17,941.7,8.4,633.0,18.383127,76.53959
MH-LTR,2023-01-13,20.1,28.4,13.0,53,80,0.0,0.0,8.6,10,18.88,4.02,942.1,9.2,633.0,18.383127,76.53959
MH-LTR,2023-01-14,20.6,29.0,13.5,58,86,0.0,0.0,13.4,52,18.9,3.81,942.2,10.9,633.0,18.383127,76.53959
MH-LTR,2023-01-15,21.3,29.5,14.1,60,86,0.0,0.0,14.0,144,18.89,4.23,941.4,12.3,633.0,18.383127,76.53959
MH-LTR,2023-01-16,22.0,29.7,15.6,54,81,0.0,0.0,14.2,186,19.02,4.51,941.6,11.3,633.0,18.383127,76.53959
MH-LTR,2023-01-17,22.2,29.9,15.3,48,73,0.0,0.0,11.3,189,19.05,4.64,942.3,10.0,633.0,18.383127,76.53959
MH-LTR,2023-01-18,22.2,29.6,15.1,46,65,0.0,0.0,12.3,168,19.13,4.54,943.8,9.2,633.0,18.383127,76.53959
MH-LTR,2023-01-19,22.5,29.6,16.7,45,64,0.0,0.0,11.9,143,19.16,4.72,944.1,9.3,633.0,18.383127,76.53959
MH-LTR,2023-01-20,22.1,29.1,17.0,52,75,0.0,0.0,15.6,163,19.12,4.64,943.7,10.9,633.0,18.383127,76.53959
MH-LTR,2023-01-21,22.9,29.0,17.4,46,64,0.0,0.0,13.6,156,19.13,4.8,943.3,10.3,633.0,18.383127,76.53959
MH-LTR,2023-01-22,22.6,29.3,16.9,49,74,0.0,0.0,15.5,161,19.19,4.74,942.4,10.7,633.0,18.383127,76.53959
MH-LTR,2023-01-23,22.5,29.2,16.6,54,84,0.0,0.0,13.2,155,19.09,4.6,941.8,12.2,633.0,18.383127,76.53959
MH-LTR,2023-01-24,23.5,30.3,17.8,57,88,0.0,0.0,14.8,154,18.35,4.7,942.0,13.8,633.0,18.383127,76.53959
MH-LTR,2023-01-25,23.8,30.2,18.6,51,75,0.0,0.0,10.9,147,18.95,4.73,941.9,12.4,633.0,18.383127,76.53959
MH-LTR,2023-01-26,23.5,29.7,18.0,46,69,0.0,0.0,12.1,127,18.98,4.62,942.7,10.7,633.0,18.383127,76.53959
MH-LTR,2023-01-27,22.8,30.6,16.1,37,66,0.0,0.0,10.9,115,19.82,5.07,942.9,6.0,633.0,18.383127,76.53959
MH-LTR,2023-01-28,22.5,30.6,15.1,43,77,0.0,0.0,12.0,124,20.12,4.96,941.8,7.5,633.0,18.383127,76.53959
MH-LTR,2023-01-29,23.2,30.6,17.5,41,63,0.0,0.0,14.6,153,19.99,5.52,940.7,8.2,633.0,18.383127,76.53959
MH-LTR,2023-01-30,23.5,30.1,16.7,53,84,0.0,0.0,14.4,135,19.86,4.7,942.6,12.5,633.0,18.383127,76.53959
MH-LTR,2023-01-31,22.9,28.7,17.5,66,96,0.5,0.5,11.8,66,17.29,3.9,943.1,15.4,633.0,18.383127,76.53959
MH-LTR,2023-02-01,23.0,28.8,18.5,55,77,0.0,0.0,18.0,48,17.7,4.61,943.2,12.8,633.0,18.383127,76.53959
MH-LTR,2023-02-02,22.5,29.4,16.6,47,77,0.0,0.0,16.1,58,20.26,5.22,943.5,9.4,633.0,18.383127,76.53959
MH-LTR,2023-02-03,21.7,28.9,14.4,34,54,0.0,0.0,13.2,40,20.67,5.38,943.5,4.0,633.0,18.383127,76.53959
MH-LTR,2023-02-04,22.0,30.5,14.1,35,58,0.0,0.0,11.5,45,20.8,5.32,942.3,4.6,633.0,18.383127,76.53959
MH-LTR,2023-02-05,22.3,30.8,14.4,35,54,0.0,0.0,10.3,90,20.93,5.06,941.6,5.2,633.0,18.383127,76.53959
MH-LTR,2023-02-06,23.6,31.9,16.5,37,48,0.0,0.0,10.8,145,20.75,5.23,941.4,7.4,633.0,18.383127,76.53959
MH-LTR,2023-02-07,24.0,31.5,16.3,44,67,0.0,0.0,10.2,26,20.51,4.74,941.2,10.4,633.0,18.383127,76.53959
MH-LTR,2023-02-08,23.9,31.8,16.8,44,70,0.0,0.0,12.3,20,20.92,5.35,942.2,9.9,633.0,18.383127,76.53959
MH-LTR,2023-02-09,24.1,32.9,16.5,39,64,0.0,0.0,10.4,36,21.36,5.29,942.6,7.4,633.0,18.383127,76.53959
MH-LTR,2023-02-10,24.6,33.6,16.0,31,55,0.0,0.0,13.3,3,21.53,5.45,943.4,4.3,633.0,18.383127,76.53959
MH-LTR,2023-02-11,25.0,33.4,15.9,29,52,0.0,0.0,11.6,7,21.53,5.5,943.9,4.3,633.0,18.383127,76.53959
MH-LTR,2023-02-12,24.2,32.4,16.8,33,51,0.0,0.0,14.7,25,21.72,5.98,944.8,6.0,633.0,18.383127,76.53959
MH-LTR,2023-02-13,22.9,31.3,16.3,33,52,0.0,0.0,14.3,45,22.14,5.9,945.0,4.6,633.0,18.383127,76.53959
MH-LTR,2023-02-14,22.5,31.4,14.5,29,50,0.0,0.0,11.3,34,22.35,5.77,944.4,1.9,633.0,18.383127,76.53959
MH-LTR,2023-02-15,23.7,32.6,14.8,28,58,0.0,0.0,14.5,26,22.26,5.83,943.0,2.6,633.0,18.383127,76.53959
MH-LTR,2023-02-16,23.6,33.3,15.4,30,50,0.0,0.0,17.9,34,22.34,6.36,943.1,3.5,633.0,18.383127,76.53959
MH-LTR,2023-02-17,23.7,32.6,16.3,31,48,0.0,0.0,16.4,17,22.28,6.35,943.3,4.4,633.0,18.383127,76.53959
MH-LTR,2023-02-18,23.6,32.5,15.3,35,54,0.0,0.0,14.2,24,22.43,6.06,943.2,6.2,633.0,18.383127,76.53959
MH-LTR,2023-02-19,24.0,32.8,15.2,39,63,0.0,0.0,12.2,44,22.44,5.79,943.3,7.6,633.0,18.383127,76.53959
MH-LTR,2023-02-20,24.7,32.9,15.7,38,72,0.0,0.0,11.2,119,22.45,5.34,943.2,7.8,633.0,18.383127,76.53959
MH-LTR,2023-02-21,26.1,34.7,17.6,30,47,0.0,0.0,11.3,157,22.54,5.78,943.3,5.6,633.0,18.383127,76.53959
MH-LTR,2023-02-22,26.3,34.4,19.0,27,46,0.0,0.0,12.3,13,22.17,5.77,943.0,5.0,633.0,18.383127,76.53959
MH-LTR,2023-02-23,26.0,34.2,17.8,26,49,0.0,0.0,11.8,46,22.63,5.86,942.6,4.0,633.0,18.383127,76.53959
MH-LTR,2023-02-24,25.8,34.1,18.4,24,44,0.0,0.0,11.4,53,22.82,5.68,943.6,3.3,633.0,18.383127,76.53959
MH-LTR,2023-02-25,26.5,34.4,18.2,26,44,0.0,0.0,11.4,85,22.79,6.0,945.1,4.0,633.0,18.383127,76.53959
MH-LTR,2023-02-26,26.1,34.2,17.9,24,41,0.0,0.0,11.1,134,22.88,5.67,945.8,2.9,633.0,18.383127,76.53959
MH-LTR,2023-02-27,26.1,33.5,20.0,27,43,0.0,0.0,15.5,169,22.76,6.26,945.7,5.2,633.0,18.383127,76.53959
MH-LTR,2023-02-28,26.2,33.5,20.1,30,47,0.0,0.0,14.8,154,22.37,6.3,945.7,6.7,633.0,18.383127,76.53959
MH-LTR,2023-03-01,27.0,33.6,20.3,26,39,0.0,0.0,14.8,141,22.74,6.84,946.2,5.1,633.0,18.383127,76.53959
MH-LTR,2023-03-02,27.1,34.7,20.1,27,43,0.0,0.0,20.6,110,22.19,6.88,946.6,5.4,633.0,18.383127,76.53959
MH-LTR,2023-03-03,27.6,35.6,20.3,26,41,0.0,0.0,18.5,119,21.41,6.86,947.0,5.5,633.0,18.383127,76.53959
MH-LTR,2023-03-04,27.7,34.5,21.4,28,44,0.0,0.0,12.1,124,21.76,6.43,947.0,6.5,633.0,18.383127,76.53959
MH-LTR,2023-03-05,27.9,35.0,21.4,27,43,0.0,0.0,14.8,122,22.96,6.91,946.6,6.1,633.0,18.383127,76.53959
MH-LTR,2023-03-06,27.7,34.2,21.1,29,46,0.0,0.0,18.7,38,20.61,5.65,945.2,7.4,633.0,18.383127,76.53959
MH-LTR,2023-03-07,24.3,30.5,18.4,44,70,0.0,0.0,18.4,27,21.96,5.83,946.1,10.4,633.0,18.383127,76.53959
MH-LTR,2023-03-08,25.2,33.2,17.6,39,73,0.0,0.0,9.2,40,21.52,5.5,944.8,8.6,633.0,18.383127,76.53959
MH-LTR,2023-03-09,26.7,33.2,20.0,28,43,0.0,0.0,11.9,36,21.37,5.74,944.3,6.1,633.0,18.383127,76.53959
MH-LTR,2023-03-10,26.8,33.4,20.4,30,45,0.0,0.0,13.1,33,21.63,5.44,943.8,7.1,633.0,18.383127,76.53959
MH-LTR,2023-03-11,27.8,33.8,22.0,28,38,0.0,0.0,13.0,65,21.24,5.63,943.9,7.5,633.0,18.383127,76.53959
MH-LTR,2023-03-12,27.5,34.4,21.2,28,46,0.0,0.0,12.8,95,22.23,6.52,943.5,6.4,633.0,18.383127,76.53959
MH-LTR,2023-03-13,28.0,34.9,21.0,27,49,0.0,0.0,21.3,112,21.96,7.14,942.4,6.5,633.0,18.383127,76.53959
MH-LTR,2023-03-14,27.9,34.2,21.4,24,39,0.0,0.0,14.4,166,18.64,6.01,940.7,4.8,633.0,18.383127,76.53959
MH-LTR,2023-03-15,27.2,33.6,20.5,30,48,0.0,0.0,13.8,138,18.16,5.84,939.8,7.3,633.0,18.383127,76.53959
MH-LTR,2023-03-16,25.0,30.4,20.1,50,89,6.8,6.8,13.6,68,18.73,4.8,941.4,13.2,633.0,18.383127,76.53959
MH-LTR,2023-03-17,23.8,29.9,19.3,65,95,3.6,3.6,14.8,96,16.02,3.93,941.1,15.9,633.0,18.383127,76.53959
MH-LTR,2023-03-18,22.2,29.7,18.0,74,98,1.6,1.6,13.4,128,18.17,3.98,939.6,16.7,633.0,18.383127,76.53959
MH-LTR,2023-03-19,23.0,30.3,17.0,59,99,0.0,0.0,18.0,242,22.92,5.43,938.5,12.3,633.0,18.383127,76.53959
MH-LTR,2023-03-20,23.2,29.7,18.2,46,73,0.0,0.0,13.4,282,22.32,5.65,938.1,10.1,633.0,18.383127,76.53959
MH-LTR,2023-03-21,23.9,31.8,17.8,39,56,0.0,0.0,14.8,301,22.72,6.02,938.8,8.2,633.0,18.383127,76.53959
MH-LTR,2023-03-22,24.6,31.0,18.9,49,74,0.0,0.0,11.2,332,21.24,5.21,939.7,12.3,633.0,18.383127,76.53959
MH-LTR,2023-03-23,25.6,33.3,19.6,42,61,0.0,0.0,14.4,323,22.85,6.02,939.8,10.9,633.0,18.383127,76.53959
MH-LTR,2023-03-24,26.7,34.7,18.4,39,58,0.0,0.0,10.9,18,23.64,5.9,939.7,10.8,633.0,18.383127,76.53959
MH-LTR,2023-03-25,27.9,35.2,20.9,37,55,0.0,0.0,15.3,16,22.62,6.1,940.9,10.9,633.0,18.383127,76.53959
MH-LTR,2023-03-26,27.7,35.8,20.5,35,62,0.0,0.0,19.3,282,24.22,6.81,940.4,9.6,633.0,18.383127,76.53959
MH-LTR,2023-03-27,26.7,35.4,19.6,27,49,0.0,0.0,19.0,307,25.06,7.22,940.3,4.7,633.0,18.383127,76.53959
MH-LTR,2023-03-28,26.9,35.6,18.6,28,48,0.0,0.0,11.3,346,25.14,6.54,939.6,5.8,633.0,18.383127,76.53959
MH-LTR,2023-03-29,28.3,37.0,20.2,28,50,0.0,0.0,18.1,230,25.22,7.35,940.0,6.5,633.0,18.383127,76.53959
MH-LTR,2023-03-30,28.5,36.2,21.8,28,56,0.0,0.0,19.5,260,25.08,7.65,939.4,6.5,633.0,18.383127,76.53959
MH-LTR,2023-03-31,27.4,34.9,20.8,36,66,0.0,0.0,21.3,293,23.54,6.92,939.3,9.4,633.0,18.383127,76.53959
MH-LTR,2023-04-01,27.5,34.4,21.8,32,58,0.0,0.0,12.7,326,25.38,6.88,940.0,7.7,633.0,18.383127,76.53959
MH-LTR,2023-04-02,27.6,35.5,19.9,28,47,0.0,0.0,16.1,319,25.16,7.2,939.5,6.5,633.0,18.383127,76.53959
MH-LTR,2023-04-03,28.7,35.9,21.3,28,46,0.0,0.0,14.6,309,23.2,6.7,939.0,7.4,633.0,18.383127,76.53959
MH-LTR,2023-04-04,29.1,36.2,22.4,27,45,0.0,0.0,12.7,350,21.78,6.5,940.2,7.4,633.0,18.383127,76.53959
MH-LTR,2023-04-05,29.6,36.7,22.5,27,45,0.0,0.0,17.3,10,24.31,7.17,940.3,8.0,633.0,18.383127,76.53959
MH-LTR,2023-04-06,30.5,36.6,24.7,28,41,0.0,0.0,15.0,32,22.55,7.05,941.2,9.4,633.0,18.383127,76.53959
MH-LTR,2023-04-07,28.3,34.1,23.6,46,75,6.0,6.0,16.4,132,15.52,4.87,943.1,15.2,633.0,18.383127,76.53959
MH-LTR,2023-04-08,25.3,32.5,20.3,65,91,3.5,3.5,14.2,34,19.33,4.69,945.2,17.6,633.0,18.383127,76.53959
MH-LTR,2023-04-09,26.6,33.2,20.7,58,87,0.0,0.0,13.5,32,21.94,5.54,944.8,16.9,633.0,18.383127,76.53959
MH-LTR,2023-04-10,27.7,34.9,20.5,48,84,0.0,0.0,10.2,74,23.77,6.12,943.2,14.0,633.0,18.383127,76.53959
MH-LTR,2023-04-11,29.5,36.0,22.9,36,53,0.0,0.0,9.5,130,23.77,6.58,943.0,12.0,633.0,18.383127,76.53959
MH-LTR,2023-04-12,30.3,37.5,22.8,34,54,0.0,0.0,12.9,54,23.71,6.58,942.5,11.8,633.0,18.383127,76.53959
MH-LTR,2023-04-13,30.3,36.9,23.8,36,51,0.0,0.0,9.5,38,20.92,5.59,942.2,12.4,633.0,18.383127,76.53959
MH-LTR,2023-04-14,29.3,35.5,24.3,40,58,0.2,0.2,21.1,335,20.28,5.5,942.4,13.9,633.0,18.383127,76.53959
MH-LTR,2023-04-15,26.6,33.7,20.8,51,90,0.5,0.5,14.5,32,15.71,4.35,942.1,14.7,633.0,18.383127,76.53959
MH-LTR,2023-04-16,28.8,36.6,20.5,40,72,0.0,0.0,9.3,348,24.31,6.28,940.3,12.7,633.0,18.383127,76.53959
MH-LTR,2023-04-17,29.5,37.0,23.3,37,56,0.0,0.0,14.0,352,20.17,6.03,940.7,12.3,633.0,18.383127,76.53959
MH-LTR,2023-04-18,29.3,36.5,22.7,37,53,0.2,0.2,16.4,9,19.71,6.06,941.5,12.1,633.0,18.383127,76.53959
MH-LTR,2023-04-19,30.6,38.1,23.7,32,56,0.0,0.0,15.9,62,21.24,6.25,939.5,11.3,633.0,18.383127,76.53959
MH-LTR,2023-04-20,30.1,38.2,23.2,36,53,0.1,0.1,13.6,359,23.12,6.39,937.3,12.4,633.0,18.383127,76.53959
MH-LTR,2023-04-21,28.9,35.8,22.9,42,66,0.2,0.2,15.9,58,22.89,6.11,937.6,13.8,633.0,18.383127,76.53959
MH-LTR,2023-04-22,29.7,36.6,23.2,32,58,0.0,0.0,16.2,274,25.71,7.46,937.2,9.7,633.0,18.383127,76.53959
MH-LTR,2023-04-23,28.2,34.9,21.4,39,67,0.0,0.0,12.8,331,24.36,6.6,937.6,11.9,633.0,18.383127,76.53959
MH-LTR,2023-04-24,28.8,35.1,21.1,39,57,0.0,0.0,15.4,108,23.48,6.61,938.9,12.6,633.0,18.383127,76.53959
MH-LTR,2023-04-25,29.5,36.2,24.6,49,68,0.1,0.1,20.0,143,21.05,6.44,939.4,16.7,633.0,18.383127,76.53959
MH-LTR,2023-04-26,28.6,35.1,21.7,52,85,7.9,7.9,17.7,162,22.42,5.98,939.5,16.3,633.0,18.383127,76.53959
MH-LTR,2023-04-27,27.2,35.1,23.9,58,74,1.6,1.6,14.7,125,19.11,4.92,940.0,17.8,633.0,18.383127,76.53959
MH-LTR,2023-04-28,24.9,30.7,21.6,72,94,12.8,12.8,14.7,145,19.87,4.45,941.1,19.2,633.0,18.383127,76.53959
MH-LTR,2023-04-29,24.6,30.4,19.8,75,99,6.8,6.8,12.2,63,20.56,4.33,939.9,19.5,633.0,18.383127,76.53959
MH-LTR,2023-04-30,25.5,32.5,20.3,71,94,4.3,4.3,13.2,231,22.8,5.24,938.1,19.2,633.0,18.383127,76.53959
MH-LTR,2023-05-01,25.5,32.0,19.9,64,97,0.1,0.1,15.3,200,24.16,5.7,937.6,16.8,633.0,18.383127,76.53959
MH-LTR,2023-05-02,26.1,31.7,20.8,63,86,0.6,0.6,17.5,167,23.49,5.29,938.5,17.9,633.0,18.383127,76.53959
MH-LTR,2023-05-03,26.8,31.7,22.8,60,81,0.0,0.0,18.0,243,22.34,5.35,939.8,17.8,633.0,18.383127,76.53959
MH-LTR,2023-05-04,26.0,32.6,21.1,66,83,0.3,0.3,15.5,120,20.76,4.97,939.5,18.8,633.0,18.383127,76.53959
MH-LTR,2023-05-05,26.0,32.3,21.0,66,93,0.0,0.0,14.0,98,20.49,4.83,938.8,18.6,633.0,18.383127,76.53959
MH-LTR,2023-05-06,27.9,33.6,21.9,58,87,0.2,0.2,11.9,351,23.49,5.4,938.4,18.1,633.0,18.383127,76.53959
MH-LTR,2023-05-07,28.2,33.8,24.2,58,72,0.4,0.4,11.9,12,22.36,5.38,938.6,18.8,633.0,18.383127,76.53959
MH-LTR,2023-05-08,29.3,34.8,23.1,57,85,1.5,1.5,13.4,231,22.51,5.56,938.4,19.1,633.0,18.383127,76.53959
MH-LTR,2023-05-09,29.0,36.0,24.1,59,92,0.7,0.7,19.1,274,18.23,5.1,939.0,19.5,633.0,18.383127,76.53959
MH-LTR,2023-05-10,30.9,37.3,24.4,47,82,0.0,0.0,12.7,356,23.4,6.35,938.3,17.0,633.0,18.383127,76.53959
MH-LTR,2023-05-11,31.0,39.3,22.8,43,73,0.0,0.0,20.0,98,24.33,6.6,938.6,15.0,633.0,18.383127,76.53959
MH-LTR,2023-05-12,31.2,38.7,24.4,38,71,0.0,0.0,15.4,298,23.17,6.72,938.4,13.2,633.0,18.383127,76.53959
MH-LTR,2023-05-13,31.8,39.7,22.8,27,44,0.0,0.0,15.4,326,26.88,7.73,938.1,9.3,633.0,18.383127,76.53959
MH-LTR,2023-05-14,32.1,39.7,25.1,29,54,0.0,0.0,18.0,287,24.58,8.16,937.5,10.3,633.0,18.383127,76.53959
MH-LTR,2023-05-15,31.9,38.7,25.8,32,53,0.0,0.0,16.8,288,24.77,8.28,938.4,12.0,633.0,18.383127,76.53959
MH-LTR,2023-05-16,31.6,37.8,25.7,32,58,0.0,0.0,16.7,303,26.77,8.32,940.1,11.2,633.0,18.383127,76.53959
MH-LTR,2023-05-17,31.3,37.5,25.4,36,64,0.0,0.0,15.0,316,24.81,7.29,940.7,13.6,633.0,18.383127,76.53959
MH-LTR,2023-05-18,32.5,38.2,26.6,31,44,0.0,0.0,12.8,331,24.08,7.35,941.3,12.6,633.0,18.383127,76.53959
MH-LTR,2023-05-19,32.8,38.7,27.3,27,38,0.0,0.0,18.7,333,24.64,7.75,940.1,11.0,633.0,18.383127,76.53959
MH-LTR,2023-05-20,32.9,39.2,26.3,28,45,0.0,0.0,16.1,326,23.59,7.21,939.3,11.3,633.0,18.383127,76.53959
MH-LTR,2023-05-21,32.8,39.0,25.7,28,41,0.0,0.0,13.4,353,23.94,7.03,939.9,11.5,633.0,18.383127,76.53959
MH-LTR,2023-05-22,31.9,38.3,25.6,38,64,0.3,0.3,15.9,252,24.03,6.74,941.2,15.2,633.0,18.383127,76.53959
MH-LTR,2023-05-23,32.9,38.4,26.7,33,52,0.0,0.0,11.1,122,24.8,6.42,941.3,13.7,633.0,18.383127,76.53959
MH-LTR,2023-05-24,33.0,38.8,28.5,34,46,0.2,0.2,12.5,290,21.86,6.16,940.5,14.6,633.0,18.383127,76.53959
MH-LTR,2023-05-25,32.5,37.8,27.8,35,63,0.0,0.0,17.0,285,24.32,8.15,940.5,14.2,633.0,18.383127,76.53959
MH-LTR,2023-05-26,31.2,36.5,25.1,39,67,0.0,0.0,16.6,291,22.6,7.1,941.2,14.3,633.0,18.383127,76.53959
MH-LTR,2023-05-27,31.6,38.1,25.6,36,66,0.0,0.0,13.5,302,24.33,7.59,939.9,13.1,633.0,18.383127,76.53959
MH-LTR,2023-05-28,31.7,37.9,26.0,37,60,0.0,0.0,15.5,310,24.55,7.19,939.2,14.4,633.0,18.383127,76.53959
MH-LTR,2023-05-29,32.5,38.0,27.6,34,49,0.0,0.0,20.7,347,23.72,7.47,939.5,13.8,633.0,18.383127,76.53959
MH-LTR,2023-05-30,31.3,38.4,25.6,43,63,0.2,0.2,13.3,172,23.94,6.33,939.9,16.3,633.0,18.383127,76.53959
MH-LTR,2023-05-31,32.6,38.2,27.4,34,55,0.0,0.0,14.8,338,23.8,7.4,939.4,13.2,633.0,18.383127,76.53959
MH-LTR,2023-06-01,32.7,39.3,26.6,26,44,0.0,0.0,14.4,344,25.5,7.97,938.7,10.1,633.0,18.383127,76.53959
MH-LTR,2023-06-02,33.2,39.8,27.5,27,52,0.0,0.0,18.4,309,25.21,8.73,938.8,10.5,633.0,18.383127,76.53959
MH-LTR,2023-06-03,32.3,38.6,26.6,35,58,0.0,0.0,14.6,307,24.66,7.43,938.7,14.2,633.0,18.383127,76.53959
MH-LTR,2023-06-04,30.6,37.7,25.6,50,72,0.5,0.5,18.5,316,21.38,6.2,938.8,18.2,633.0,18.383127,76.53959
MH-LTR,2023-06-05,31.3,38.0,24.2,43,72,0.0,0.0,16.4,302,24.01,7.09,937.9,15.8,633.0,18.383127,76.53959
MH-LTR,2023-06-06,32.7,38.0,27.4,38,63,0.0,0.0,16.1,327,23.91,7.29,937.5,15.8,633.0,18.383127,76.53959
MH-LTR,2023-06-07,33.1,38.6,28.1,36,63,0.0,0.0,16.3,287,22.76,7.4,937.3,15.4,633.0,18.383127,76.53959
MH-LTR,2023-06-08,32.5,38.0,26.7,40,66,0.0,0.0,19.8,279,24.3,7.85,937.9,16.2,633.0,18.383127,76.53959
MH-LTR,2023-06-09,32.6,37.6,27.2,44,73,0.0,0.0,16.4,267,24.36,7.79,936.4,17.9,633.0,18.383127,76.53959
MH-LTR,2023-06-10,31.5,37.7,26.8,49,68,0.2,0.2,25.1,256,24.54,7.35,936.1,18.8,633.0,18.383127,76.53959
MH-LTR,2023-06-11,30.3,36.3,25.6,54,73,0.7,0.7,17.4,237,22.25,6.56,936.2,19.3,633.0,18.383127,76.53959
MH-LTR,2023-06-12,31.2,36.7,25.2,46,73,0.0,0.0,20.7,245,25.01,7.89,936.0,17.1,633.0,18.383127,76.53959
MH-LTR,2023-06-13,30.9,37.0,25.0,46,70,0.0,0.0,21.9,247,24.69,8.03,936.7,17.2,633.0,18.383127,76.53959
MH-LTR,2023-06-14,30.7,36.6,25.2,49,73,0.0,0.0,21.7,252,23.94,7.81,938.1,18.0,633.0,18.383127,76.53959
MH-LTR,2023-06-15,30.7,36.5,24.9,47,74,0.0,0.0,20.7,259,24.05,7.78,938.4,17.1,633.0,18.383127,76.53959
MH-LTR,2023-06-16,30.8,37.2,24.7,48,73,0.0,0.0,21.2,249,24.52,8.12,937.5,17.8,633.0,18.383127,76.53959
MH-LTR,2023-06-17,31.0,37.2,25.3,49,73,0.0,0.0,20.7,261,24.78,7.89,937.8,18.3,633.0,18.383127,76.53959
MH-LTR,2023-06-18,30.8,36.3,24.8,49,76,0.0,0.0,20.3,285,23.28,7.24,937.6,17.9,633.0,18.383127,76.53959
MH-LTR,2023-06-19,31.3,38.1,25.2,46,74,0.0,0.0,18.8,296,25.86,7.73,936.6,17.3,633.0,18.383127,76.53959
MH-LTR,2023-06-20,31.9,37.9,26.1,41,70,0.0,0.0,15.6,297,25.52,7.84,935.7,16.3,633.0,18.383127,76.53959
MH-LTR,2023-06-21,31.6,36.7,26.5,44,67,0.1,0.1,16.0,300,22.02,7.21,936.2,17.5,633.0,18.383127,76.53959
MH-LTR,2023-06-22,31.3,37.0,22.9,45,89,0.3,0.3,15.8,296,20.93,6.63,936.5,16.9,633.0,18.383127,76.53959
MH-LTR,2023-06-23,30.4,35.4,26.4,52,79,0.1,0.1,17.1,266,17.07,5.46,936.2,18.9,633.0,18.383127,76.53959
MH-LTR,2023-06-24,26.0,29.6,23.3,78,94,52.5,52.5,16.6,258,9.86,2.75,935.6,21.7,633.0,18.383127,76.53959
MH-LTR,2023-06-25,25.4,30.5,23.2,82,95,10.2,10.2,20.7,261,12.25,3.12,935.1,21.9,633.0,18.383127,76.53959
MH-LTR,2023-06-26,25.7,29.0,23.2,77,92,1.4,1.4,23.0,266,11.77,3.41,936.2,21.2,633.0,18.383127,76.53959
MH-LTR,2023-06-27,25.5,30.4,23.6,80,94,3.5,3.5,22.7,263,12.53,3.39,936.1,21.5,633.0,18.383127,76.53959
MH-LTR,2023-06-28,25.6,30.9,22.9,82,95,20.9,20.9,18.9,247,19.15,4.3,936.9,22.0,633.0,18.383127,76.53959
MH-LTR,2023-06-29,26.0,30.5,22.7,75,94,1.3,1.3,26.7,254,18.32,4.64,937.2,21.0,633.0,18.383127,76.53959
MH-LTR,2023-06-30,26.5,31.7,23.1,71,87,0.9,0.9,27.3,250,19.32,5.2,937.0,20.7,633.0,18.383127,76.53959
MH-LTR,2023-07-01,27.0,31.8,23.4,70,89,0.9,0.9,25.7,256,22.43,5.67,937.9,20.8,633.0,18.383127,76.53959
MH-LTR,2023-07-02,26.9,32.3,22.8,72,89,1.8,1.8,21.7,266,19.68,4.99,937.2,21.2,633.0,18.383127,76.53959
MH-LTR,2023-07-03,27.6,32.4,23.4,71,92,1.9,1.9,19.5,259,21.79,5.25,935.7,21.5,633.0,18.383127,76.53959
MH-LTR,2023-07-04,27.4,31.9,24.0,75,92,3.7,3.7,14.8,255,18.97,4.57,933.6,22.3,633.0,18.383127,76.53959
MH-LTR,2023-07-05,26.2,30.4,23.6,79,95,8.6,8.6,13.8,256,15.97,3.73,932.2,22.1,633.0,18.383127,76.53959
MH-LTR,2023-07-06,24.5,27.2,23.0,86,95,5.1,5.1,20.1,244,9.67,2.39,933.7,21.9,633.0,18.383127,76.53959
MH-LTR,2023-07-07,24.9,30.4,22.3,83,93,9.0,9.0,22.7,238,13.92,3.34,935.3,21.6,633.0,18.383127,76.53959
MH-LTR,2023-07-08,25.8,30.2,23.1,77,88,2.5,2.5,24.2,239,19.36,4.61,936.7,21.4,633.0,18.383127,76.53959
MH-LTR,2023-07-09,25.8,30.0,22.6,76,94,3.0,3.0,21.1,248,16.07,4.1,937.5,21.0,633.0,18.383127,76.53959
MH-LTR,2023-07-10,26.7,30.8,22.8,69,87,0.5,0.5,20.6,260,20.94,5.34,937.4,20.3,633.0,18.383127,76.53959
MH-LTR,2023-07-11,25.2,28.3,22.2,76,92,6.2,6.2,18.5,275,8.65,2.81,937.3,20.4,633.0,18.383127,76.53959
MH-LTR,2023-07-12,25.2,30.1,22.5,80,92,2.9,2.9,18.3,274,16.96,3.96,936.2,21.2,633.0,18.383127,76.53959
MH-LTR,2023-07-13,25.8,30.7,22.5,79,93,2.1,2.1,21.3,261,21.14,4.64,936.2,21.6,633.0,18.383127,76.53959
MH-LTR,2023-07-14,25.4,29.9,22.6,81,95,3.3,3.3,17.9,259,17.75,4.0,937.3,21.8,633.0,18.383127,76.53959
MH-LTR,2023-07-15,25.1,30.0,22.3,81,92,11.1,11.1,19.5,274,15.43,3.69,937.6,21.4,633.0,18.383127,76.53959
MH-LTR,2023-07-16,24.2,27.8,22.5,86,94,8.1,8.1,18.0,267,9.51,2.37,937.0,21.6,633.0,18.383127,76.53959
MH-LTR,2023-07-17,24.5,28.8,22.4,83,94,6.9,6.9,21.7,259,11.36,2.94,935.7,21.4,633.0,18.383127,76.53959
MH-LTR,2023-07-18,23.1,24.5,22.4,92,94,27.1,27.1,24.6,257,5.68,1.41,934.1,21.7,633.0,18.383127,76.53959
MH-LTR,2023-07-19,24.2,26.9,22.3,85,94,17.8,17.8,28.5,261,10.78,2.71,932.2,21.4,633.0,18.383127,76.53959
MH-LTR,2023-07-20,23.9,26.0,22.6,87,93,11.8,11.8,20.7,262,8.24,2.15,932.6,21.6,633.0,18.383127,76.53959
MH-LTR,2023-07-21,24.3,29.1,22.3,87,93,19.3,19.3,24.0,274,12.91,2.91,934.3,21.9,633.0,18.383127,76.53959
MH-LTR,2023-07-22,24.6,28.7,22.5,85,94,10.6,10.6,25.0,265,14.28,3.27,934.9,21.7,633.0,18.383127,76.53959
MH-LTR,2023-07-23,24.7,29.4,22.6,85,94,8.1,8.1,23.0,252,16.42,3.51,935.0,21.9,633.0,18.383127,76.53959
MH-LTR,2023-07-24,24.9,29.4,22.6,83,93,9.4,9.4,23.4,260,17.68,3.87,935.2,21.7,633.0,18.383127,76.53959
MH-LTR,2023-07-25,24.0,26.9,22.4,88,94,29.4,29.4,21.4,277,11.82,2.58,936.1,21.9,633.0,18.383127,76.53959
MH-LTR,2023-07-26,24.2,27.7,22.2,86,93,7.1,7.1,21.6,279,13.73,3.07,936.5,21.6,633.0,18.383127,76.53959
MH-LTR,2023-07-27,23.0,24.8,22.2,91,93,18.1,18.1,24.9,272,4.92,1.42,936.3,21.4,633.0,18.383127,76.53959
MH-LTR,2023-07-28,24.4,28.5,22.1,83,93,8.6,8.6,24.4,276,14.37,3.37,936.7,21.3,633.0,18.383127,76.53959
MH-LTR,2023-07-29,24.8,28.7,22.3,80,91,1.9,1.9,22.8,280,16.5,3.85,937.6,21.0,633.0,18.383127,76.53959
MH-LTR,2023-07-30,25.2,29.5,22.0,78,89,2.2,2.2,23.3,273,19.81,4.53,937.2,21.0,633.0,18.383127,76.53959
MH-LTR,2023-07-31,25.0,28.6,22.2,81,91,3.7,3.7,24.2,268,19.51,4.18,936.8,21.4,633.0,18.383127,76.53959
MH-LTR,2023-08-01,25.2,28.6,22.6,80,90,1.8,1.8,26.2,269,18.71,4.21,936.6,21.3,633.0,18.383127,76.53959
MH-LTR,2023-08-02,25.0,29.1,22.8,78,87,2.1,2.1,26.6,266,17.28,4.17,937.0,20.8,633.0,18.383127,76.53959
MH-LTR,2023-08-03,24.9,28.5,22.4,77,86,1.1,1.1,28.4,266,14.92,3.93,936.6,20.5,633.0,18.383127,76.53959
MH-LTR,2023-08-04,25.6,29.5,22.9,76,86,1.1,1.1,24.8,264,19.99,4.72,938.1,20.9,633.0,18.383127,76.53959
MH-LTR,2023-08-05,25.4,29.6,22.2,78,92,2.9,2.9,22.5,261,20.48,4.53,939.9,21.2,633.0,18.383127,76.53959
MH-LTR,2023-08-06,25.6,29.9,22.0,75,93,0.8,0.8,24.1,267,22.68,5.2,939.0,20.6,633.0,18.383127,76.53959
MH-LTR,2023-08-07,25.2,28.9,22.0,74,89,0.2,0.2,25.6,267,18.63,4.5,937.5,20.2,633.0,18.383127,76.53959
MH-LTR,2023-08-08,25.5,29.7,21.6,74,90,1.4,1.4,21.3,269,21.19,4.85,937.9,20.4,633.0,18.383127,76.53959
MH-LTR,2023-08-09,25.7,29.6,21.7,74,93,0.3,0.3,19.0,280,19.79,4.58,939.9,20.5,633.0,18.383127,76.53959
MH-LTR,2023-08-10,25.5,30.1,22.0,76,92,0.6,0.6,15.0,284,22.13,4.83,940.5,20.7,633.0,18.383127,76.53959
MH-LTR,2023-08-11,25.8,30.2,21.5,74,93,0.2,0.2,15.3,290,23.99,5.22,939.8,20.3,633.0,18.383127,76.53959
MH-LTR,2023-08-12,25.7,30.1,22.1,74,91,0.6,0.6,18.4,284,23.48,5.11,939.3,20.6,633.0,18.383127,76.53959
MH-LTR,2023-08-13,25.3,30.1,21.4,74,92,2.0,2.0,18.8,271,23.09,5.15,938.5,20.0,633.0,18.383127,76.53959
MH-LTR,2023-08-14,25.3,29.7,21.3,75,93,0.7,0.7,15.8,273,19.0,4.38,939.0,20.1,633.0,18.383127,76.53959
MH-LTR,2023-08-15,25.9,30.8,21.6,70,93,1.0,1.0,19.1,281,23.44,5.32,939.3,19.6,633.0,18.383127,76.53959
MH-LTR,2023-08-16,26.2,30.3,22.3,70,89,0.3,0.3,15.9,288,23.39,5.36,939.5,19.8,633.0,18.383127,76.53959
MH-LTR,2023-08-17,26.1,30.5,22.5,69,91,0.2,0.2,19.9,288,22.48,5.37,939.1,19.6,633.0,18.383127,76.53959
MH-LTR,2023-08-18,24.4,27.2,22.1,78,87,1.9,1.9,19.9,300,11.1,2.91,937.7,20.3,633.0,18.383127,76.53959
MH-LTR,2023-08-19,23.9,26.8,22.4,84,92,10.0,10.0,20.2,290,11.07,2.66,936.5,20.9,633.0,18.383127,76.53959
MH-LTR,2023-08-20,24.8,29.7,21.3,81,96,1.7,1.7,17.3,274,20.42,4.35,936.7,21.1,633.0,18.383127,76.53959
MH-LTR,2023-08-21,25.4,29.9,21.3,75,96,0.0,0.0,15.9,289,21.63,4.81,937.6,20.2,633.0,18.383127,76.53959
MH-LTR,2023-08-22,26.1,30.6,22.1,72,89,0.1,0.1,14.3,278,24.08,5.37,937.6,20.3,633.0,18.383127,76.53959
MH-LTR,2023-08-23,26.2,30.3,22.3,73,94,0.2,0.2,15.9,275,22.18,5.08,937.6,20.7,633.0,18.383127,76.53959
MH-LTR,2023-08-24,26.0,30.3,22.2,70,87,0.6,0.6,17.0,271,21.29,5.07,937.2,19.9,633.0,18.383127,76.53959
MH-LTR,2023-08-25,25.5,30.7,22.4,78,94,6.5,6.5,19.2,254,21.09,4.67,937.5,21.2,633.0,18.383127,76.53959
MH-LTR,2023-08-26,25.3,30.2,22.0,79,96,0.9,0.9,19.8,273,22.25,4.66,938.6,21.2,633.0,18.383127,76.53959
MH-LTR,2023-08-27,25.1,30.1,22.2,79,91,2.7,2.7,22.2,281,20.35,4.41,939.3,21.1,633.0,18.383127,76.53959
MH-LTR,2023-08-28,24.8,29.4,21.1,77,95,0.7,0.7,16.5,281,20.65,4.44,938.6,20.3,633.0,18.383127,76.53959
MH-LTR,2023-08-29,25.2,29.4,21.7,74,90,1.0,1.0,14.3,300,23.52,5.0,938.6,20.0,633.0,18.383127,76.53959
MH-LTR,2023-08-30,25.4,30.2,21.2,73,90,0.1,0.1,13.0,338,24.33,5.21,939.1,19.8,633.0,18.383127,76.53959
MH-LTR,2023-08-31,25.9,31.0,20.2,70,94,0.2,0.2,12.6,359,24.3,5.39,939.1,19.5,633.0,18.383127,76.53959
MH-LTR,2023-09-01,26.5,31.7,20.9,70,92,0.3,0.3,11.5,350,24.34,5.43,939.1,20.1,633.0,18.383127,76.53959
MH-LTR,2023-09-02,26.8,31.4,22.9,74,93,1.0,1.0,10.1,308,21.51,4.79,938.6,21.5,633.0,18.383127,76.53959
MH-LTR,2023-09-03,25.7,30.5,22.5,81,94,3.5,3.5,12.7,320,13.49,3.18,937.4,21.9,633.0,18.383127,76.53959
MH-LTR,2023-09-04,25.2,30.0,21.8,81,95,9.2,9.2,18.5,306,17.49,3.83,935.8,21.6,633.0,18.383127,76.53959
MH-LTR,2023-09-05,25.5,30.1,22.7,78,92,2.9,2.9,18.1,305,18.54,4.23,935.1,21.2,633.0,18.383127,76.53959
MH-LTR,2023-09-06,26.4,30.2,23.6,71,81,0.1,0.1,18.0,298,17.04,4.54,935.1,20.4,633.0,18.383127,76.53959
MH-LTR,2023-09-07,24.8,28.7,23.2,80,92,12.1,12.1,18.7,269,11.01,2.88,935.2,21.1,633.0,18.383127,76.53959
MH-LTR,2023-09-08,24.2,27.6,22.4,83,90,7.1,7.1,23.7,255,14.76,3.28,935.6,21.1,633.0,18.383127,76.53959
MH-LTR,2023-09-09,24.6,27.7,22.7,86,93,9.6,9.6,19.9,275,14.96,3.16,935.7,22.0,633.0,18.383127,76.53959
MH-LTR,2023-09-10,25.2,29.7,21.9,82,96,3.9,3.9,20.3,277,17.89,3.92,935.7,21.8,633.0,18.383127,76.53959
MH-LTR,2023-09-11,25.5,30.1,21.7,77,94,0.8,0.8,19.0,287,21.46,4.69,936.6,20.9,633.0,18.383127,76.53959
MH-LTR,2023-09-12,25.5,29.8,21.7,77,95,0.6,0.6,14.9,287,22.95,4.98,937.4,20.8,633.0,18.383127,76.53959
MH-LTR,2023-09-13,25.3,29.5,21.6,73,91,0.1,0.1,16.9,288,20.59,4.64,937.1,19.7,633.0,18.383127,76.53959
MH-LTR,2023-09-14,25.0,27.9,22.7,76,90,0.4,0.4,15.1,284,11.17,2.97,937.1,20.5,633.0,18.383127,76.53959
MH-LTR,2023-09-15,25.1,28.1,22.4,74,87,0.0,0.0,17.7,281,12.7,3.3,936.8,20.0,633.0,18.383127,76.53959
MH-LTR,2023-09-16,25.4,29.3,22.7,74,86,0.5,0.5,24.7,262,15.73,4.18,936.8,20.2,633.0,18.383127,76.53959
MH-LTR,2023-09-17,25.8,30.5,21.8,69,90,0.0,0.0,25.3,258,21.53,5.16,936.7,19.2,633.0,18.383127,76.53959
MH-LTR,2023-09-18,25.8,31.2,21.6,71,91,0.1,0.1,18.8,244,22.95,5.22,937.0,19.9,633.0,18.383127,76.53959
MH-LTR,2023-09-19,26.0,30.7,22.1,73,90,0.2,0.2,17.1,253,20.8,4.7,938.5,20.6,633.0,18.383127,76.53959
MH-LTR,2023-09-20,25.9,31.2,22.5,77,91,2.5,2.5,15.7,255,19.01,4.24,938.8,21.4,633.0,18.383127,76.53959
MH-LTR,2023-09-21,26.1,30.6,23.5,80,94,7.4,7.4,14.1,265,17.28,3.85,938.8,22.2,633.0,18.383127,76.53959
MH-LTR,2023-09-22,23.8,27.6,21.8,90,97,19.2,19.2,9.8,290,11.84,2.46,938.9,21.9,633.0,18.383127,76.53959
MH-LTR,2023-09-23,23.8,26.9,21.5,90,98,26.3,26.3,12.8,295,12.34,2.48,939.1,22.0,633.0,18.383127,76.53959
MH-LTR,2023-09-24,24.2,28.2,21.6,87,98,8.6,8.6,13.5,309,16.05,3.29,939.1,21.7,633.0,18.383127,76.53959
MH-LTR,2023-09-25,24.3,29.4,22.0,86,96,11.7,11.7,16.2,321,16.32,3.38,938.3,21.7,633.0,18.383127,76.53959
MH-LTR,2023-09-26,23.9,28.2,21.8,89,98,16.7,16.7,13.0,354,15.98,3.15,937.9,21.8,633.0,18.383127,76.53959
MH-LTR,2023-09-27,24.4,28.8,20.8,85,99,29.9,29.9,10.3,14,17.33,3.53,937.6,21.6,633.0,18.383127,76.53959
MH-LTR,2023-09-28,24.9,30.1,21.8,87,98,11.3,11.3,11.1,16,17.9,3.69,937.4,22.5,633.0,18.383127,76.53959
MH-LTR,2023-09-29,25.0,30.0,22.1,87,98,15.8,15.8,10.0,199,18.68,3.83,937.5,22.4,633.0,18.383127,76.53959
MH-LTR,2023-09-30,25.0,29.8,21.6,84,99,16.9,16.9,9.2,206,21.16,4.28,937.5,21.8,633.0,18.383127,76.53959
MH-LTR,2023-10-01,24.6,29.7,21.6,86,98,14.2,14.2,11.0,163,19.66,3.99,936.9,21.9,633.0,18.383127,76.53959
MH-LTR,2023-10-02,25.7,29.8,22.0,76,98,0.3,0.3,18.6,302,18.27,4.33,938.0,20.8,633.0,18.383127,76.53959
MH-LTR,2023-10-03,26.0,30.1,23.3,68,77,0.0,0.0,17.3,326,18.03,4.49,939.6,19.5,633.0,18.383127,76.53959
MH-LTR,2023-10-04,25.2,30.4,21.6,65,78,0.0,0.0,17.3,331,21.72,5.12,940.4,17.7,633.0,18.383127,76.53959
MH-LTR,2023-10-05,24.6,30.3,18.8,65,83,0.0,0.0,13.0,323,22.97,5.14,940.2,17.0,633.0,18.383127,76.53959
MH-LTR,2023-10-06,24.4,30.3,19.3,65,80,0.0,0.0,12.2,322,23.67,5.24,939.6,16.9,633.0,18.383127,76.53959
MH-LTR,2023-10-07,25.2,31.0,19.2,66,88,0.0,0.0,11.2,339,21.98,4.9,940.1,18.0,633.0,18.383127,76.53959
MH-LTR,2023-10-08,25.7,31.8,19.1,64,92,0.0,0.0,8.7,358,21.75,4.78,941.5,17.7,633.0,18.383127,76.53959
MH-LTR,2023-10-09,25.3,31.7,20.0,63,88,0.0,0.0,12.7,6,19.93,4.73,942.4,17.1,633.0,18.383127,76.53959
MH-LTR,2023-10-10,25.3,30.9,20.0,66,83,0.0,0.0,11.8,19,18.65,4.49,942.3,18.0,633.0,18.383127,76.53959
MH-LTR,2023-10-11,25.6,31.5,20.5,65,86,0.0,0.0,10.8,29,20.35,4.84,942.0,17.7,633.0,18.383127,76.53959
MH-LTR,2023-10-12,25.8,32.1,20.0,60,84,0.0,0.0,11.2,80,22.28,5.29,942.9,16.7,633.0,18.383127,76.53959
MH-LTR,2023-10-13,26.0,31.7,19.2,59,87,0.0,0.0,11.6,80,20.16,4.91,943.8,16.9,633.0,18.383127,76.53959
MH-LTR,2023-10-14,25.9,31.8,20.5,62,88,0.0,0.0,13.3,96,19.74,4.67,943.5,17.2,633.0,18.383127,76.53959
MH-LTR,2023-10-15,25.7,31.8,20.7,60,82,0.0,0.0,14.8,77,18.93,4.67,942.0,16.7,633.0,18.383127,76.53959
MH-LTR,2023-10-16,25.8,31.4,19.8,60,85,0.0,0.0,9.7,59,20.56,4.81,942.0,16.9,633.0,18.383127,76.53959
MH-LTR,2023-10-17,25.7,31.3,20.6,62,85,0.0,0.0,11.3,58,20.7,4.91,943.2,17.2,633.0,18.383127,76.53959
MH-LTR,2023-10-18,25.4,30.7,20.2,62,84,0.1,0.1,10.8,41,20.75,4.86,944.0,17.1,633.0,18.383127,76.53959
MH-LTR,2023-10-19,25.2,30.7,20.5,68,88,0.5,0.5,11.5,56,17.18,3.98,943.8,18.5,633.0,18.383127,76.53959
MH-LTR,2023-10-20,25.8,31.7,20.3,60,89,0.0,0.0,13.4,58,19.99,5.02,943.8,16.5,633.0,18.383127,76.53959
MH-LTR,2023-10-21,25.5,30.4,20.8,61,88,0.4,0.4,12.5,63,18.65,4.64,944.3,16.9,633.0,18.383127,76.53959
MH-LTR,2023-10-22,25.2,31.4,18.3,52,85,0.0,0.0,16.5,59,21.54,5.48,944.4,13.6,633.0,18.383127,76.53959
MH-LTR,2023-10-23,24.9,30.5,18.1,50,80,0.0,0.0,17.1,43,21.36,5.34,943.2,13.2,633.0,18.383127,76.53959
MH-LTR,2023-10-24,24.1,30.4,18.0,56,81,0.0,0.0,15.1,58,21.75,5.25,942.9,14.0,633.0,18.383127,76.53959
MH-LTR,2023-10-25,23.9,30.5,17.6,53,83,0.0,0.0,15.8,60,21.59,5.31,944.2,12.6,633.0,18.383127,76.53959
MH-LTR,2023-10-26,23.6,30.0,17.5,50,78,0.0,0.0,15.3,53,21.7,5.48,944.3,11.5,633.0,18.383127,76.53959
MH-LTR,2023-10-27,23.7,30.2,17.8,48,68,0.0,0.0,15.1,57,21.59,5.37,943.2,11.3,633.0,18.383127,76.53959
MH-LTR,2023-10-28,24.0,30.5,17.5,47,70,0.0,0.0,13.1,72,21.71,5.44,943.0,11.2,633.0,18.383127,76.53959
MH-LTR,2023-10-29,24.1,30.6,16.9,47,72,0.0,0.0,12.2,62,21.29,5.38,942.8,11.4,633.0,18.383127,76.53959
MH-LTR,2023-10-30,23.7,30.2,16.7,51,77,0.0,0.0,13.9,53,21.3,5.37,942.8,12.2,633.0,18.383127,76.53959
MH-LTR,2023-10-31,23.7,30.2,17.4,54,82,0.0,0.0,11.4,45,21.17,5.0,943.2,13.0,633.0,18.383127,76.53959
MH-LTR,2023-11-01,24.0,30.3,17.2,60,82,0.0,0.0,12.4,51,19.5,4.56,943.7,15.2,633.0,18.383127,76.53959
MH-LTR,2023-11-02,24.4,30.5,19.0,60,88,0.0,0.0,13.3,31,19.67,4.7,943.0,15.3,633.0,18.383127,76.53959
MH-LTR,2023-11-03,25.2,31.8,19.0,58,88,0.0,0.0,14.0,49,19.92,4.92,941.5,15.5,633.0,18.383127,76.53959
MH-LTR,2023-11-04,25.1,31.4,19.1,58,87,0.0,0.0,14.1,48,19.35,4.84,941.5,15.5,633.0,18.383127,76.53959
MH-LTR,2023-11-05,25.1,31.4,18.6,52,82,0.0,0.0,15.8,54,20.1,5.32,942.8,13.6,633.0,18.383127,76.53959
MH-LTR,2023-11-06,25.5,31.6,19.2,59,91,0.0,0.0,14.7,59,18.18,4.74,943.9,16.3,633.0,18.383127,76.53959
MH-LTR,2023-11-07,25.5,31.0,20.4,68,95,0.0,0.0,11.7,82,17.1,4.09,943.8,18.6,633.0,18.383127,76.53959
MH-LTR,2023-11-08,23.6,28.5,21.1,81,91,9.9,9.9,13.3,125,14.94,3.06,943.6,20.1,633.0,18.383127,76.53959
MH-LTR,2023-11-09,25.0,31.0,20.1,71,97,0.1,0.1,12.1,146,17.72,4.1,944.1,18.7,633.0,18.383127,76.53959
MH-LTR,2023-11-10,25.4,31.0,19.9,63,93,0.0,0.0,12.5,111,17.57,4.24,945.2,16.8,633.0,18.383127,76.53959
MH-LTR,2023-11-11,26.2,32.2,21.0,51,75,0.0,0.0,13.2,74,19.3,4.97,945.6,14.6,633.0,18.383127,76.53959
MH-LTR,2023-11-12,26.0,32.3,19.8,50,76,0.0,0.0,14.0,85,19.54,5.11,945.5,13.9,633.0,18.383127,76.53959
MH-LTR,2023-11-13,25.2,31.8,19.1,49,77,0.0,0.0,10.9,68,19.48,5.13,945.0,12.7,633.0,18.383127,76.53959
MH-LTR,2023-11-14,24.7,31.1,18.8,47,72,0.0,0.0,14.4,60,17.78,4.81,944.2,12.0,633.0,18.383127,76.53959
MH-LTR,2023-11-15,24.2,29.8,17.3,51,84,0.0,0.0,14.4,57,19.8,5.09,943.9,12.5,633.0,18.383127,76.53959
MH-LTR,2023-11-16,23.7,29.7,17.4,55,83,0.0,0.0,14.0,51,19.72,4.83,943.9,13.5,633.0,18.383127,76.53959
MH-LTR,2023-11-17,23.9,30.4,17.6,55,83,0.0,0.0,10.8,48,19.5,4.73,943.8,13.6,633.0,18.383127,76.53959
MH-LTR,2023-11-18,25.4,32.2,18.7,58,89,0.0,0.0,11.0,97,18.3,4.42,943.4,15.6,633.0,18.383127,76.53959
MH-LTR,2023-11-19,26.1,31.9,20.8,54,83,0.0,0.0,11.5,105,18.41,4.74,943.9,15.5,633.0,18.383127,76.53959
MH-LTR,2023-11-20,24.8,30.9,19.0,54,85,0.0,0.0,14.2,62,19.08,4.87,944.2,14.2,633.0,18.383127,76.53959
MH-LTR,2023-11-21,24.7,30.8,18.6,56,82,0.0,0.0,14.0,44,19.21,4.69,943.4,14.6,633.0,18.383127,76.53959
MH-LTR,2023-11-22,25.3,30.7,20.0,59,85,0.0,0.0,9.2,71,17.86,4.26,942.8,16.1,633.0,18.383127,76.53959
MH-LTR,2023-11-23,25.3,31.6,20.0,62,87,0.1,0.1,14.1,104,16.12,4.06,941.6,16.9,633.0,18.383127,76.53959
MH-LTR,2023-11-24,24.2,29.0,20.3,75,98,0.6,0.6,12.8,104,14.76,3.36,942.1,19.1,633.0,18.383127,76.53959
MH-LTR,2023-11-25,24.4,29.8,20.2,71,97,0.6,0.6,14.3,103,15.35,3.68,943.9,18.2,633.0,18.383127,76.53959
MH-LTR,2023-11-26,24.6,30.4,19.8,69,89,1.1,1.1,15.0,123,16.24,3.91,943.9,18.1,633.0,18.383127,76.53959
MH-LTR,2023-11-27,23.4,28.8,19.4,74,98,22.7,22.7,14.2,155,16.89,3.72,942.6,18.0,633.0,18.383127,76.53959
MH-LTR,2023-11-28,21.7,26.5,18.7,86,98,9.3,9.3,14.6,196,12.88,2.49,941.9,19.1,633.0,18.383127,76.53959
MH-LTR,2023-11-29,22.5,27.6,18.7,80,97,4.7,4.7,10.4,136,15.66,3.19,942.3,18.4,633.0,18.383127,76.53959
MH-LTR,2023-11-30,23.1,27.7,19.7,79,92,1.6,1.6,16.0,157,11.76,2.65,942.8,19.1,633.0,18.383127,76.53959
MH-LTR,2023-12-01,23.0,27.5,19.7,79,96,0.2,0.2,8.7,140,11.72,2.54,942.6,18.8,633.0,18.383127,76.53959
MH-LTR,2023-12-02,23.4,29.5,17.8,71,96,0.0,0.0,12.5,82,17.82,3.95,941.9,17.2,633.0,18.383127,76.53959
MH-LTR,2023-12-03,23.5,29.4,18.1,68,95,0.0,0.0,13.6,72,17.65,4.02,942.2,16.7,633.0,18.383127,76.53959
MH-LTR,2023-12-04,23.2,28.3,18.6,71,90,0.6,0.6,14.0,37,15.49,3.58,941.0,17.2,633.0,18.383127,76.53959
MH-LTR,2023-12-05,23.0,27.1,19.8,76,88,0.1,0.1,19.9,25,12.0,2.99,939.8,18.2,633.0,18.383127,76.53959
MH-LTR,2023-12-06,21.7,25.1,19.4,81,97,0.0,0.0,16.4,17,10.56,2.41,940.7,18.2,633.0,18.383127,76.53959
MH-LTR,2023-12-07,21.4,27.1,17.4,82,100,0.5,0.5,7.8,11,13.88,2.85,941.6,17.7,633.0,18.383127,76.53959
MH-LTR,2023-12-08,21.3,27.3,16.7,78,99,0.1,0.1,9.4,34,15.78,3.19,942.4,16.8,633.0,18.383127,76.53959
MH-LTR,2023-12-09,21.8,27.5,17.0,73,97,0.0,0.0,9.4,51,16.72,3.52,943.8,16.2,633.0,18.383127,76.53959
MH-LTR,2023-12-10,21.5,27.2,16.2,68,91,0.0,0.0,10.1,62,16.07,3.46,942.8,14.8,633.0,18.383127,76.53959
MH-LTR,2023-12-11,21.6,27.6,17.0,64,81,0.0,0.0,11.1,108,17.83,3.75,943.0,14.1,633.0,18.383127,76.53959
MH-LTR,2023-12-12,21.5,27.8,16.6,63,81,0.0,0.0,9.4,102,16.96,3.6,941.9,13.6,633.0,18.383127,76.53959
MH-LTR,2023-12-13,21.6,27.4,16.2,59,79,0.0,0.0,12.4,106,17.57,3.92,942.7,12.8,633.0,18.383127,76.53959
MH-LTR,2023-12-14,20.6,26.4,16.3,62,81,0.0,0.0,13.3,97,17.97,3.95,944.3,12.6,633.0,18.383127,76.53959
MH-LTR,2023-12-15,20.7,26.1,15.5,61,89,0.0,0.0,10.4,95,18.03,3.89,944.9,12.5,633.0,18.383127,76.53959
MH-LTR,2023-12-16,20.6,26.7,14.9,69,91,0.0,0.0,9.4,57,14.52,3.0,944.2,14.3,633.0,18.383127,76.53959
MH-LTR,2023-12-17,22.0,27.0,16.9,62,80,0.0,0.0,14.0,67,15.36,3.76,944.1,14.0,633.0,18.383127,76.53959
MH-LTR,2023-12-18,21.0,25.5,17.3,60,72,0.0,0.0,16.3,62,16.21,3.8,945.2,12.7,633.0,18.383127,76.53959
MH-LTR,2023-12-19,19.4,23.8,16.3,56,71,0.0,0.0,13.8,51,13.53,3.46,945.8,10.1,633.0,18.383127,76.53959
MH-LTR,2023-12-20,19.2,25.3,14.3,56,72,0.0,0.0,11.6,53,16.88,3.72,945.4,9.7,633.0,18.383127,76.53959
MH-LTR,2023-12-21,19.0,26.7,12.5,61,79,0.0,0.0,9.9,51,17.2,3.71,944.3,10.6,633.0,18.383127,76.53959
MH-LTR,2023-12-22,19.6,27.9,13.9,55,81,0.0,0.0,10.2,71,16.69,3.7,943.9,9.2,633.0,18.383127,76.53959
MH-LTR,2023-12-23,20.5,28.4,14.8,52,71,0.0,0.0,10.5,76,17.7,4.12,944.7,9.4,633.0,18.383127,76.53959
MH-LTR,2023-12-24,20.6,28.9,12.8,58,85,0.0,0.0,10.6,101,17.32,4.05,946.1,11.0,633.0,18.383127,76.53959
MH-LTR,2023-12-25,20.8,28.8,14.1,61,85,0.0,0.0,10.7,96,17.91,3.94,945.9,12.3,633.0,18.383127,76.53959
MH-LTR,2023-12-26,21.3,28.9,14.9,61,90,0.0,0.0,10.0,78,17.85,3.81,945.8,12.8,633.0,18.383127,76.53959
MH-LTR,2023-12-27,20.6,28.7,13.8,57,81,0.0,0.0,11.3,92,18.12,4.06,945.9,11.0,633.0,18.383127,76.53959
MH-LTR,2023-12-28,20.8,28.3,15.0,67,93,0.0,0.0,10.7,119,17.87,3.8,944.7,13.9,633.0,18.383127,76.53959
MH-LTR,2023-12-29,21.1,28.4,14.6,70,93,0.0,0.0,8.9,127,17.76,3.68,944.6,14.7,633.0,18.383127,76.53959
MH-LTR,2023-12-30,21.4,28.2,14.7,71,93,0.0,0.0,9.1,110,17.82,3.64,944.2,15.2,633.0,18.383127,76.53959
MH-LTR,2023-12-31,21.8,28.6,16.2,64,87,0.0,0.0,10.0,111,17.96,3.82,943.6,14.1,633.0,18.383127,76.53959
