site_id,date,temperature_2m_mean,temperature_2m_max,temperature_2m_min,relative_humidity_2m_mean,relative_humidity_2m_max,precipitation_sum,rain_sum,wind_speed_10m_max,wind_direction_10m_dominant,shortwave_radiation_sum,et0_fao_evapotranspiration,surface_pressure_mean,dew_point_2m_mean,elevation_m,lat,lon
MH-MHB,2020-12-01,19.8,24.9,15.0,72,93,0.0,0.0,9.7,80,15.78,3.19,878.2,14.2,1267.0,17.891035,73.660194
MH-MHB,2020-12-02,19.2,24.5,14.2,66,91,0.0,0.0,12.8,77,18.84,3.65,876.9,12.4,1267.0,17.891035,73.660194
MH-MHB,2020-12-03,18.5,24.7,13.0,50,67,0.0,0.0,13.0,86,19.24,4.0,875.9,7.5,1267.0,17.891035,73.660194
MH-MHB,2020-12-04,18.4,24.9,13.9,44,60,0.0,0.0,13.4,89,19.38,4.15,875.0,5.5,1267.0,17.891035,73.660194
MH-MHB,2020-12-05,18.2,24.5,12.5,46,64,0.0,0.0,12.6,90,19.34,4.1,875.4,6.0,1267.0,17.891035,73.660194
MH-MHB,2020-12-06,18.4,23.9,15.2,41,50,0.0,0.0,18.5,90,19.35,4.66,876.3,4.7,1267.0,17.891035,73.660194
MH-MHB,2020-12-07,18.7,24.3,13.6,48,65,0.0,0.0,17.7,89,19.43,4.43,877.7,7.1,1267.0,17.891035,73.660194
MH-MHB,2020-12-08,19.7,25.1,16.3,57,69,0.0,0.0,22.0,96,18.69,4.37,878.1,10.7,1267.0,17.891035,73.660194
MH-MHB,2020-12-09,19.8,24.4,15.5,62,88,0.0,0.0,16.2,96,16.11,3.4,877.3,12.0,1267.0,17.891035,73.660194
MH-MHB,2020-12-10,20.1,25.2,16.0,65,90,0.2,0.2,10.1,100,13.74,2.96,877.0,12.8,1267.0,17.891035,73.660194
MH-MHB,2020-12-11,18.5,22.2,16.1,88,97,1.1,1.1,7.2,281,10.23,1.91,876.8,16.4,1267.0,17.891035,73.660194
MH-MHB,2020-12-12,19.3,24.7,15.4,76,94,0.1,0.1,10.1,135,16.21,3.18,876.2,14.2,1267.0,17.891035,73.660194
MH-MHB,2020-12-13,19.0,23.3,15.5,78,94,0.3,0.3,9.8,233,10.41,2.04,875.4,14.8,1267.0,17.891035,73.660194
MH-MHB,2020-12-14,17.3,18.9,15.1,90,100,7.7,7.7,4.9,114,4.67,0.9,874.8,15.5,1267.0,17.891035,73.660194
MH-MHB,2020-12-15,19.0,24.3,15.0,71,91,0.0,0.0,9.0,82,16.18,3.13,876.6,13.2,1267.0,17.891035,73.660194
MH-MHB,2020-12-16,19.0,24.4,15.1,63,79,0.0,0.0,12.3,82,17.79,3.54,877.6,11.5,1267.0,17.891035,73.660194
MH-MHB,2020-12-17,18.5,24.2,13.5,66,88,0.0,0.0,15.0,87,17.25,3.31,877.7,11.8,1267.0,17.891035,73.660194
MH-MHB,2020-12-18,18.8,24.1,14.8,59,71,0.0,0.0,14.1,82,17.22,3.56,877.6,10.4,1267.0,17.891035,73.660194
MH-MHB,2020-12-19,18.0,23.6,14.6,58,70,0.0,0.0,17.5,94,18.38,3.84,877.6,9.3,1267.0,17.891035,73.660194
MH-MHB,2020-12-20,17.1,22.8,13.8,52,68,0.0,0.0,18.8,89,19.3,4.07,877.6,6.8,1267.0,17.891035,73.660194
MH-MHB,2020-12-21,16.8,23.1,12.4,44,55,0.0,0.0,17.3,93,19.3,4.24,876.4,4.2,1267.0,17.891035,73.660194
MH-MHB,2020-12-22,16.5,23.2,11.6,42,63,0.0,0.0,10.4,86,19.31,3.95,875.4,3.0,1267.0,17.891035,73.660194
MH-MHB,2020-12-23,16.5,23.5,10.9,49,65,0.0,0.0,9.0,79,18.95,3.74,874.2,5.3,1267.0,17.891035,73.660194
MH-MHB,2020-12-24,17.7,24.0,12.0,55,68,0.0,0.0,9.1,86,18.42,3.55,873.9,8.3,1267.0,17.891035,73.660194
MH-MHB,2020-12-25,18.5,24.3,14.3,59,69,0.0,0.0,12.0,96,18.2,3.72,875.2,10.0,1267.0,17.891035,73.660194
MH-MHB,2020-12-26,18.7,24.6,13.9,60,72,0.0,0.0,10.1,85,18.31,3.66,876.5,10.5,1267.0,17.891035,73.660194
MH-MHB,2020-12-27,18.9,24.5,14.1,65,86,0.0,0.0,9.4,350,17.99,3.47,876.3,11.7,1267.0,17.891035,73.660194
MH-MHB,2020-12-28,18.7,24.2,14.2,64,82,0.0,0.0,9.5,328,18.62,3.54,875.5,11.2,1267.0,17.891035,73.660194
MH-MHB,2020-12-29,18.4,24.2,14.1,63,87,0.0,0.0,8.7,109,18.78,3.56,875.0,10.5,1267.0,17.891035,73.660194
MH-MHB,2020-12-30,18.1,24.4,12.9,59,81,0.0,0.0,10.5,92,18.87,3.6,875.0,9.2,1267.0,17.891035,73.660194
MH-MHB,2020-12-31,19.1,24.6,14.8,63,78,0.0,0.0,16.6,100,17.15,3.66,875.9,11.6,1267.0,17.891035,73.660194
MH-MHB,2021-01-01,19.3,23.9,15.3,73,87,0.2,0.2,11.3,93,14.57,2.86,876.4,14.0,1267.0,17.891035,73.660194
MH-MHB,2021-01-02,18.6,23.9,14.5,70,90,0.0,0.0,11.4,90,16.62,3.16,876.4,12.7,1267.0,17.891035,73.660194
MH-MHB,2021-01-03,18.3,23.6,13.5,59,84,0.4,0.4,11.4,115,16.89,3.4,874.8,9.9,1267.0,17.891035,73.660194
MH-MHB,2021-01-04,17.9,22.0,15.7,82,93,4.8,4.8,14.0,135,13.56,2.47,874.6,14.6,1267.0,17.891035,73.660194
MH-MHB,2021-01-05,18.0,21.8,15.0,83,95,2.1,2.1,11.9,101,10.93,2.05,875.4,15.0,1267.0,17.891035,73.660194
MH-MHB,2021-01-06,18.7,23.6,15.0,80,100,5.1,5.1,10.9,108,14.4,2.7,875.4,14.7,1267.0,17.891035,73.660194
MH-MHB,2021-01-07,18.0,22.5,15.4,89,99,11.1,11.1,10.4,89,10.58,1.92,873.9,16.1,1267.0,17.891035,73.660194
MH-MHB,2021-01-08,18.1,21.4,16.1,88,97,1.4,1.4,11.4,108,7.43,1.43,873.3,16.0,1267.0,17.891035,73.660194
MH-MHB,2021-01-09,18.7,23.2,15.8,85,98,3.6,3.6,10.9,113,12.14,2.31,874.2,16.0,1267.0,17.891035,73.660194
MH-MHB,2021-01-10,19.3,24.3,15.6,80,100,0.9,0.9,15.6,97,15.3,2.88,875.2,15.5,1267.0,17.891035,73.660194
MH-MHB,2021-01-11,19.6,24.6,15.6,69,87,0.9,0.9,13.8,84,16.79,3.26,876.3,13.6,1267.0,17.891035,73.660194
MH-MHB,2021-01-12,20.1,25.3,15.9,56,71,0.0,0.0,14.2,82,17.96,3.88,876.9,10.7,1267.0,17.891035,73.660194
MH-MHB,2021-01-13,19.8,25.3,15.6,55,71,0.0,0.0,15.2,65,18.03,3.91,876.4,10.2,1267.0,17.891035,73.660194
MH-MHB,2021-01-14,20.2,25.7,15.3,56,76,0.0,0.0,8.4,50,18.34,3.67,875.9,10.7,1267.0,17.891035,73.660194
MH-MHB,2021-01-15,19.4,25.0,14.9,60,87,0.0,0.0,9.8,107,19.24,3.86,875.0,10.8,1267.0,17.891035,73.660194
MH-MHB,2021-01-16,19.7,26.0,13.9,60,79,0.0,0.0,11.1,81,17.28,3.58,874.0,11.4,1267.0,17.891035,73.660194
MH-MHB,2021-01-17,20.8,25.1,16.1,62,77,0.0,0.0,10.7,274,16.14,3.37,875.1,13.0,1267.0,17.891035,73.660194
MH-MHB,2021-01-18,20.6,25.4,16.7,66,83,0.1,0.1,9.7,41,15.46,3.25,876.3,13.7,1267.0,17.891035,73.660194
MH-MHB,2021-01-19,19.9,24.5,16.1,67,82,0.0,0.0,10.6,312,14.08,2.96,876.3,13.4,1267.0,17.891035,73.660194
MH-MHB,2021-01-20,19.8,25.4,15.1,64,81,0.0,0.0,11.5,318,19.01,3.79,876.9,12.4,1267.0,17.891035,73.660194
MH-MHB,2021-01-21,18.9,24.7,14.3,61,77,0.0,0.0,10.2,318,19.93,3.95,876.2,10.8,1267.0,17.891035,73.660194
MH-MHB,2021-01-22,19.3,26.0,13.2,57,78,0.0,0.0,7.3,48,20.19,3.91,875.8,10.1,1267.0,17.891035,73.660194
MH-MHB,2021-01-23,20.1,26.0,14.6,55,73,0.0,0.0,8.8,335,20.32,4.08,876.1,10.2,1267.0,17.891035,73.660194
MH-MHB,2021-01-24,20.3,25.1,14.8,54,75,0.0,0.0,10.0,325,20.46,4.18,877.0,10.4,1267.0,17.891035,73.660194
MH-MHB,2021-01-25,18.8,25.3,13.6,57,73,0.0,0.0,10.5,348,20.47,4.16,876.8,9.5,1267.0,17.891035,73.660194
MH-MHB,2021-01-26,18.9,24.3,14.3,52,67,0.0,0.0,11.2,328,20.44,4.25,876.4,8.6,1267.0,17.891035,73.660194
MH-MHB,2021-01-27,20.3,24.5,14.3,44,74,0.0,0.0,11.8,269,20.67,4.23,876.6,7.2,1267.0,17.891035,73.660194
MH-MHB,2021-01-28,20.2,24.7,14.5,45,72,0.0,0.0,11.8,296,20.75,4.15,876.9,7.1,1267.0,17.891035,73.660194
MH-MHB,2021-01-29,19.4,24.3,13.6,47,63,0.0,0.0,11.2,337,16.87,3.71,877.2,7.5,1267.0,17.891035,73.660194
MH-MHB,2021-01-30,18.8,24.7,13.2,49,64,0.0,0.0,10.6,19,19.18,4.1,876.6,7.4,1267.0,17.891035,73.660194
MH-MHB,2021-01-31,18.6,24.5,13.9,54,72,0.0,0.0,10.0,51,17.52,3.76,876.8,8.6,1267.0,17.891035,73.660194
MH-MHB,2021-02-01,19.3,24.2,14.4,53,68,0.0,0.0,17.8,96,17.03,3.87,878.5,9.1,1267.0,17.891035,73.660194
MH-MHB,2021-02-02,19.2,25.0,15.3,47,70,0.0,0.0,15.8,95,20.68,4.59,878.9,7.0,1267.0,17.891035,73.660194
MH-MHB,2021-02-03,17.9,24.1,11.6,43,68,0.0,0.0,14.2,91,21.42,4.45,877.6,4.3,1267.0,17.891035,73.660194
MH-MHB,2021-02-04,17.7,24.5,11.6,46,69,0.0,0.0,8.9,104,20.68,4.25,877.0,5.4,1267.0,17.891035,73.660194
MH-MHB,2021-02-05,18.3,23.4,13.7,49,66,0.0,0.0,12.4,312,21.15,4.33,876.8,7.0,1267.0,17.891035,73.660194
MH-MHB,2021-02-06,18.0,24.5,12.1,46,67,0.0,0.0,15.2,80,21.92,4.57,875.9,5.7,1267.0,17.891035,73.660194
MH-MHB,2021-02-07,18.1,24.2,13.1,41,57,0.0,0.0,16.6,85,22.21,4.86,877.1,4.3,1267.0,17.891035,73.660194
MH-MHB,2021-02-08,18.6,25.3,14.3,35,46,0.0,0.0,16.0,89,22.65,5.2,877.5,2.3,1267.0,17.891035,73.660194
MH-MHB,2021-02-09,18.6,26.0,12.9,32,43,0.0,0.0,12.2,73,22.75,5.04,876.7,1.2,1267.0,17.891035,73.660194
MH-MHB,2021-02-10,18.5,25.9,13.3,35,51,0.0,0.0,11.4,22,22.64,4.87,875.6,2.1,1267.0,17.891035,73.660194
MH-MHB,2021-02-11,19.0,26.5,13.0,38,52,0.0,0.0,10.9,26,22.56,4.91,874.9,3.8,1267.0,17.891035,73.660194
MH-MHB,2021-02-12,19.4,26.1,13.6,45,62,0.0,0.0,9.7,328,22.33,4.71,875.6,6.3,1267.0,17.891035,73.660194
MH-MHB,2021-02-13,19.6,25.8,14.7,49,65,0.0,0.0,11.8,256,20.4,4.46,876.8,8.0,1267.0,17.891035,73.660194
MH-MHB,2021-02-14,19.6,25.6,13.9,51,71,0.0,0.0,11.2,329,19.94,4.33,876.8,8.4,1267.0,17.891035,73.660194
MH-MHB,2021-02-15,19.4,25.4,14.8,55,78,0.0,0.0,13.8,307,20.54,4.38,876.0,9.4,1267.0,17.891035,73.660194
MH-MHB,2021-02-16,19.3,25.2,14.0,57,94,0.0,0.0,12.8,298,21.76,4.36,875.4,9.6,1267.0,17.891035,73.660194
MH-MHB,2021-02-17,18.6,25.4,13.4,65,93,0.5,0.5,9.4,11,20.11,3.99,874.9,10.9,1267.0,17.891035,73.660194
MH-MHB,2021-02-18,17.5,24.8,14.2,71,99,4.1,4.1,16.6,103,17.86,3.51,875.7,11.6,1267.0,17.891035,73.660194
MH-MHB,2021-02-19,16.3,20.6,13.6,71,85,2.8,2.8,21.0,88,18.04,3.45,876.8,10.9,1267.0,17.891035,73.660194
MH-MHB,2021-02-20,17.1,23.0,12.6,55,77,0.0,0.0,24.9,90,22.8,4.88,876.6,7.3,1267.0,17.891035,73.660194
MH-MHB,2021-02-21,18.5,23.2,15.0,55,71,0.0,0.0,19.1,95,19.97,4.54,877.3,9.0,1267.0,17.891035,73.660194
MH-MHB,2021-02-22,18.9,24.0,14.1,64,82,1.3,1.3,15.6,91,18.78,3.85,878.2,11.7,1267.0,17.891035,73.660194
MH-MHB,2021-02-23,19.9,25.5,14.0,59,83,0.3,0.3,7.0,65,20.11,4.09,877.4,11.2,1267.0,17.891035,73.660194
MH-MHB,2021-02-24,20.5,27.4,15.1,51,71,0.0,0.0,13.4,59,21.29,4.55,876.4,9.2,1267.0,17.891035,73.660194
MH-MHB,2021-02-25,21.3,27.2,15.7,45,63,0.0,0.0,8.9,342,18.43,4.2,877.0,8.1,1267.0,17.891035,73.660194
MH-MHB,2021-02-26,21.4,27.0,16.7,43,58,0.0,0.0,13.7,341,19.52,4.67,876.2,7.7,1267.0,17.891035,73.660194
MH-MHB,2021-02-27,22.0,28.2,16.0,40,59,0.0,0.0,13.0,360,19.21,4.71,875.4,6.9,1267.0,17.891035,73.660194
MH-MHB,2021-02-28,22.2,28.8,16.0,37,53,0.0,0.0,11.9,71,21.64,5.23,875.6,5.9,1267.0,17.891035,73.660194
MH-MHB,2021-03-01,23.3,28.0,18.1,36,56,0.0,0.0,11.7,32,13.64,3.85,878.3,7.0,1267.0,17.891035,73.660194
MH-MHB,2021-03-02,22.9,28.9,17.1,35,56,0.0,0.0,18.0,65,21.96,5.64,878.5,6.1,1267.0,17.891035,73.660194
MH-MHB,2021-03-03,22.9,29.2,16.9,29,45,0.0,0.0,16.0,77,24.42,5.97,877.3,3.1,1267.0,17.891035,73.660194
MH-MHB,2021-03-04,22.9,29.3,18.7,30,44,0.0,0.0,11.6,85,24.06,5.83,877.3,3.9,1267.0,17.891035,73.660194
MH-MHB,2021-03-05,22.3,29.3,17.1,34,62,0.0,0.0,9.2,5,24.23,5.51,877.8,4.6,1267.0,17.891035,73.660194
MH-MHB,2021-03-06,22.0,28.1,16.9,42,82,0.0,0.0,11.9,306,24.27,5.3,878.2,7.3,1267.0,17.891035,73.660194
MH-MHB,2021-03-07,22.5,29.0,16.7,33,53,0.0,0.0,13.0,339,24.47,5.96,877.2,4.4,1267.0,17.891035,73.660194
MH-MHB,2021-03-08,23.1,29.7,17.2,27,38,0.0,0.0,11.3,23,23.39,5.68,877.4,2.6,1267.0,17.891035,73.660194
MH-MHB,2021-03-09,22.8,29.2,17.9,37,57,0.0,0.0,11.6,23,18.15,4.77,877.6,6.7,1267.0,17.891035,73.660194
MH-MHB,2021-03-10,22.4,28.5,18.0,39,57,0.0,0.0,15.2,308,18.82,4.67,877.5,7.2,1267.0,17.891035,73.660194
MH-MHB,2021-03-11,22.2,28.4,16.4,39,71,0.0,0.0,13.6,302,21.25,5.1,877.3,6.7,1267.0,17.891035,73.660194
MH-MHB,2021-03-12,22.1,29.2,16.3,38,55,0.0,0.0,12.4,1,20.1,4.92,877.9,6.3,1267.0,17.891035,73.660194
MH-MHB,2021-03-13,23.0,29.4,19.0,37,56,0.0,0.0,19.8,63,20.39,5.24,878.4,7.1,1267.0,17.891035,73.660194
MH-MHB,2021-03-14,22.6,29.8,15.8,40,63,0.0,0.0,11.2,151,23.49,5.44,876.6,7.1,1267.0,17.891035,73.660194
MH-MHB,2021-03-15,23.0,30.1,17.9,37,57,0.0,0.0,14.2,315,23.15,5.55,876.3,6.6,1267.0,17.891035,73.660194
MH-MHB,2021-03-16,23.7,29.5,17.0,32,48,0.0,0.0,13.0,336,21.52,5.38,876.7,5.6,1267.0,17.891035,73.660194
MH-MHB,2021-03-17,23.9,29.1,18.7,32,51,0.0,0.0,13.1,343,18.12,4.91,875.9,5.8,1267.0,17.891035,73.660194
MH-MHB,2021-03-18,23.2,28.4,17.3,39,68,0.0,0.0,12.9,303,18.66,4.73,875.9,7.6,1267.0,17.891035,73.660194
MH-MHB,2021-03-19,22.6,28.5,18.0,34,55,0.0,0.0,17.4,337,21.52,5.74,876.0,5.5,1267.0,17.891035,73.660194
MH-MHB,2021-03-20,22.7,28.6,17.5,36,55,0.0,0.0,14.0,348,20.22,5.0,874.8,6.2,1267.0,17.891035,73.660194
MH-MHB,2021-03-21,22.0,28.4,17.0,49,80,0.0,0.0,14.8,64,18.3,4.37,874.6,9.8,1267.0,17.891035,73.660194
MH-MHB,2021-03-22,22.6,28.0,17.4,46,76,0.7,0.7,12.0,58,19.4,4.62,876.4,9.9,1267.0,17.891035,73.660194
MH-MHB,2021-03-23,22.6,28.6,18.9,50,66,0.7,0.7,16.2,84,20.46,5.0,877.5,11.3,1267.0,17.891035,73.660194
MH-MHB,2021-03-24,22.6,28.1,18.2,50,66,0.9,0.9,18.7,79,19.05,4.59,877.6,11.1,1267.0,17.891035,73.660194
MH-MHB,2021-03-25,24.4,30.4,19.0,36,58,0.0,0.0,13.0,45,18.0,4.7,877.1,7.5,1267.0,17.891035,73.660194
MH-MHB,2021-03-26,25.5,32.3,20.0,25,34,0.0,0.0,14.4,54,24.39,6.35,876.6,3.5,1267.0,17.891035,73.660194
MH-MHB,2021-03-27,24.8,32.2,19.7,29,47,0.0,0.0,16.9,66,22.54,6.11,876.0,5.1,1267.0,17.891035,73.660194
MH-MHB,2021-03-28,24.1,31.9,18.1,39,88,0.2,0.2,12.7,331,24.24,5.72,875.4,7.0,1267.0,17.891035,73.660194
MH-MHB,2021-03-29,23.8,32.6,17.6,43,84,0.5,0.5,14.4,334,25.52,5.98,875.0,8.0,1267.0,17.891035,73.660194
MH-MHB,2021-03-30,22.1,29.0,15.8,43,71,0.0,0.0,16.9,317,26.37,6.16,874.4,8.1,1267.0,17.891035,73.660194
MH-MHB,2021-03-31,22.6,30.5,15.0,31,62,0.0,0.0,15.7,325,27.33,6.69,873.5,3.2,1267.0,17.891035,73.660194
MH-MHB,2021-04-01,21.5,29.2,14.6,40,83,0.0,0.0,15.3,322,26.86,6.32,873.1,5.7,1267.0,17.891035,73.660194
MH-MHB,2021-04-02,20.6,29.0,13.2,52,82,0.0,0.0,13.3,300,26.81,5.9,873.1,8.3,1267.0,17.891035,73.660194
MH-MHB,2021-04-03,21.0,28.0,16.1,65,97,0.2,0.2,13.3,257,25.08,5.02,874.1,13.4,1267.0,17.891035,73.660194
MH-MHB,2021-04-04,22.0,30.0,13.9,56,98,0.0,0.0,16.2,312,26.4,5.82,875.8,9.8,1267.0,17.891035,73.660194
MH-MHB,2021-04-05,23.9,30.9,17.3,45,70,0.3,0.3,16.8,345,21.95,5.45,876.3,10.4,1267.0,17.891035,73.660194
MH-MHB,2021-04-06,26.2,32.8,19.9,27,45,0.0,0.0,16.4,25,21.64,6.18,876.7,5.1,1267.0,17.891035,73.660194
MH-MHB,2021-04-07,25.9,32.7,20.4,27,50,0.0,0.0,18.4,335,24.65,6.78,877.2,4.4,1267.0,17.891035,73.660194
MH-MHB,2021-04-08,23.4,29.8,19.1,46,94,0.0,0.0,13.7,296,20.39,4.9,875.7,9.3,1267.0,17.891035,73.660194
MH-MHB,2021-04-09,23.4,29.5,17.3,53,96,0.0,0.0,8.7,318,18.1,4.29,875.0,11.5,1267.0,17.891035,73.660194
MH-MHB,2021-04-10,24.3,29.6,18.3,43,60,0.1,0.1,10.9,89,17.56,4.18,876.6,10.0,1267.0,17.891035,73.660194
MH-MHB,2021-04-11,23.7,29.2,18.9,49,69,1.4,1.4,12.6,85,19.57,4.93,877.7,11.6,1267.0,17.891035,73.660194
MH-MHB,2021-04-12,23.6,29.0,17.7,47,74,0.4,0.4,8.0,15,17.66,4.15,878.1,11.1,1267.0,17.891035,73.660194
MH-MHB,2021-04-13,23.7,29.3,19.6,49,67,0.7,0.7,12.6,76,19.89,4.63,877.7,11.6,1267.0,17.891035,73.660194
MH-MHB,2021-04-14,22.7,29.1,17.2,53,81,1.2,1.2,8.4,21,23.81,4.98,876.7,11.9,1267.0,17.891035,73.660194
MH-MHB,2021-04-15,21.7,27.9,16.5,54,78,0.1,0.1,15.3,330,20.64,4.58,876.0,11.2,1267.0,17.891035,73.660194
MH-MHB,2021-04-16,22.4,30.0,16.3,48,76,0.0,0.0,16.3,333,23.56,5.66,875.8,9.6,1267.0,17.891035,73.660194
MH-MHB,2021-04-17,23.9,31.7,16.6,40,80,0.0,0.0,18.1,339,25.56,6.32,876.7,7.8,1267.0,17.891035,73.660194
MH-MHB,2021-04-18,25.2,32.1,19.0,38,66,0.0,0.0,16.4,350,22.35,5.94,877.8,8.4,1267.0,17.891035,73.660194
MH-MHB,2021-04-19,23.0,29.6,17.0,57,100,0.2,0.2,14.7,297,24.44,5.72,876.5,12.1,1267.0,17.891035,73.660194
MH-MHB,2021-04-20,22.2,29.3,16.1,57,92,0.0,0.0,14.7,314,25.97,5.9,875.3,11.6,1267.0,17.891035,73.660194
MH-MHB,2021-04-21,22.2,29.0,16.2,49,78,0.0,0.0,15.3,321,24.05,5.72,876.3,9.9,1267.0,17.891035,73.660194
MH-MHB,2021-04-22,23.8,31.1,18.1,39,70,0.0,0.0,14.6,345,20.93,5.29,876.5,7.2,1267.0,17.891035,73.660194
MH-MHB,2021-04-23,23.5,30.3,17.5,36,52,0.0,0.0,18.5,326,24.62,6.19,876.4,6.7,1267.0,17.891035,73.660194
MH-MHB,2021-04-24,23.8,30.8,18.0,33,76,0.0,0.0,16.1,320,27.43,6.53,876.0,4.2,1267.0,17.891035,73.660194
MH-MHB,2021-04-25,24.7,32.9,18.4,45,84,0.0,0.0,17.0,354,22.74,5.52,875.6,10.3,1267.0,17.891035,73.660194
MH-MHB,2021-04-26,23.6,29.4,19.0,58,84,3.8,3.8,11.0,304,23.94,5.08,875.7,14.5,1267.0,17.891035,73.660194
MH-MHB,2021-04-27,23.7,30.2,18.1,57,92,4.6,4.6,12.4,303,22.28,4.8,876.3,13.6,1267.0,17.891035,73.660194
MH-MHB,2021-04-28,23.0,29.5,18.2,63,91,3.7,3.7,12.1,321,22.83,4.88,876.8,14.8,1267.0,17.891035,73.660194
MH-MHB,2021-04-29,23.0,30.3,17.7,61,94,1.9,1.9,8.5,331,22.97,4.89,876.3,14.0,1267.0,17.891035,73.660194
MH-MHB,2021-04-30,22.9,29.2,18.7,63,89,3.2,3.2,9.2,327,22.73,4.69,875.4,15.2,1267.0,17.891035,73.660194
MH-MHB,2021-05-01,23.9,29.4,18.4,54,87,1.3,1.3,12.6,349,22.42,4.9,875.0,13.1,1267.0,17.891035,73.660194
MH-MHB,2021-05-02,22.6,26.9,18.5,70,100,4.5,4.5,8.3,327,19.7,3.94,875.4,16.5,1267.0,17.891035,73.660194
MH-MHB,2021-05-03,22.0,29.0,17.0,70,92,1.9,1.9,8.3,31,20.44,4.2,874.7,15.6,1267.0,17.891035,73.660194
MH-MHB,2021-05-04,22.4,27.8,18.3,71,93,2.8,2.8,8.7,343,20.31,4.12,874.7,16.3,1267.0,17.891035,73.660194
MH-MHB,2021-05-05,22.6,28.5,18.5,72,89,6.9,6.9,8.9,313,22.1,4.5,874.6,16.9,1267.0,17.891035,73.660194
MH-MHB,2021-05-06,22.7,28.0,18.5,71,91,8.1,8.1,7.6,313,21.41,4.31,875.2,16.8,1267.0,17.891035,73.660194
MH-MHB,2021-05-07,22.7,27.5,19.4,71,95,4.9,4.9,7.2,327,15.95,3.38,875.9,16.7,1267.0,17.891035,73.660194
MH-MHB,2021-05-08,23.3,28.3,19.3,71,93,2.6,2.6,9.9,346,21.43,4.37,875.3,17.2,1267.0,17.891035,73.660194
MH-MHB,2021-05-09,22.7,27.1,19.3,74,90,5.1,5.1,8.3,300,20.49,4.11,874.5,17.5,1267.0,17.891035,73.660194
MH-MHB,2021-05-10,22.9,28.6,17.4,64,85,0.5,0.5,11.8,299,23.26,4.98,874.1,15.1,1267.0,17.891035,73.660194
MH-MHB,2021-05-11,22.1,27.4,17.4,68,85,0.9,0.9,13.7,303,25.09,5.13,874.2,15.5,1267.0,17.891035,73.660194
MH-MHB,2021-05-12,21.7,27.7,17.0,68,100,0.8,0.8,13.8,300,24.56,5.11,872.9,15.2,1267.0,17.891035,73.660194
MH-MHB,2021-05-13,21.8,27.6,17.0,75,100,0.6,0.6,12.7,280,24.62,4.91,872.4,16.7,1267.0,17.891035,73.660194
MH-MHB,2021-05-14,23.0,28.4,17.4,70,95,1.2,1.2,11.0,67,18.27,4.01,871.0,16.7,1267.0,17.891035,73.660194
MH-MHB,2021-05-15,24.4,30.5,19.8,64,87,2.5,2.5,20.6,79,20.03,5.31,868.9,16.4,1267.0,17.891035,73.660194
MH-MHB,2021-05-16,19.5,22.3,18.4,92,99,29.5,29.5,34.2,95,5.28,1.3,864.3,18.2,1267.0,17.891035,73.660194
MH-MHB,2021-05-17,18.9,20.0,18.1,99,100,85.0,85.0,32.1,178,5.29,0.78,867.0,18.9,1267.0,17.891035,73.660194
MH-MHB,2021-05-18,19.6,22.1,18.7,98,100,17.8,17.8,24.1,196,10.66,1.67,870.6,19.3,1267.0,17.891035,73.660194
MH-MHB,2021-05-19,19.3,21.8,18.4,98,100,19.6,19.6,17.2,222,10.85,1.75,871.4,19.0,1267.0,17.891035,73.660194
MH-MHB,2021-05-20,20.8,25.1,18.5,85,100,0.3,0.3,10.9,294,23.08,4.33,873.2,17.9,1267.0,17.891035,73.660194
MH-MHB,2021-05-21,20.6,25.0,16.3,81,100,0.3,0.3,10.4,305,23.9,4.53,873.8,16.7,1267.0,17.891035,73.660194
MH-MHB,2021-05-22,19.9,23.0,17.7,89,100,0.2,0.2,13.0,279,12.48,2.41,873.4,17.9,1267.0,17.891035,73.660194
MH-MHB,2021-05-23,20.4,24.3,17.7,90,100,2.4,2.4,11.8,300,20.23,3.65,874.3,18.5,1267.0,17.891035,73.660194
MH-MHB,2021-05-24,20.2,23.5,18.1,90,100,0.5,0.5,11.8,312,14.04,2.64,874.8,18.5,1267.0,17.891035,73.660194
MH-MHB,2021-05-25,20.8,25.3,17.7,87,100,1.2,1.2,14.4,314,22.78,4.19,873.4,18.2,1267.0,17.891035,73.660194
MH-MHB,2021-05-26,20.4,24.4,17.6,86,100,1.0,1.0,16.3,292,23.67,4.23,872.7,17.6,1267.0,17.891035,73.660194
MH-MHB,2021-05-27,19.9,23.4,17.6,87,100,4.0,4.0,19.6,272,17.85,3.23,872.8,17.5,1267.0,17.891035,73.660194
MH-MHB,2021-05-28,20.2,23.9,18.2,90,100,4.1,4.1,15.6,266,15.28,2.82,873.3,18.4,1267.0,17.891035,73.660194
MH-MHB,2021-05-29,20.4,24.8,18.1,92,100,6.1,6.1,12.5,264,18.46,3.32,874.1,18.9,1267.0,17.891035,73.660194
MH-MHB,2021-05-30,20.1,23.4,18.6,94,100,8.3,8.3,11.9,249,14.1,2.59,873.8,19.0,1267.0,17.891035,73.660194
MH-MHB,2021-05-31,20.2,23.7,18.1,95,100,9.6,9.6,8.1,227,15.12,2.73,872.4,19.4,1267.0,17.891035,73.660194
MH-MHB,2021-06-01,20.4,23.5,17.8,94,100,4.3,4.3,8.7,210,16.95,3.07,872.5,19.4,1267.0,17.891035,73.660194
MH-MHB,2021-06-02,20.6,25.5,17.1,91,100,13.6,13.6,9.8,227,18.81,3.48,873.1,19.0,1267.0,17.891035,73.660194
MH-MHB,2021-06-03,20.9,24.7,18.5,92,100,15.1,15.1,6.9,226,15.84,3.02,873.8,19.5,1267.0,17.891035,73.660194
MH-MHB,2021-06-04,20.3,24.3,18.0,92,100,8.4,8.4,5.0,3,11.8,2.26,874.2,19.0,1267.0,17.891035,73.660194
MH-MHB,2021-06-05,19.1,20.8,17.7,97,100,25.2,25.2,7.1,281,10.35,1.9,873.1,18.7,1267.0,17.891035,73.660194
MH-MHB,2021-06-06,19.5,22.5,17.9,91,100,2.3,2.3,11.7,258,12.94,2.4,873.5,17.8,1267.0,17.891035,73.660194
MH-MHB,2021-06-07,19.3,21.6,17.7,93,100,8.8,8.8,14.5,246,18.5,3.08,874.0,18.0,1267.0,17.891035,73.660194
MH-MHB,2021-06-08,19.3,22.0,18.1,98,100,19.3,19.3,13.7,257,15.46,2.51,873.1,18.9,1267.0,17.891035,73.660194
MH-MHB,2021-06-09,19.1,21.3,18.2,97,100,45.4,45.4,19.6,272,13.04,2.03,872.0,18.7,1267.0,17.891035,73.660194
MH-MHB,2021-06-10,18.3,18.7,17.8,100,100,39.0,39.0,15.5,263,4.78,0.81,871.3,18.2,1267.0,17.891035,73.660194
MH-MHB,2021-06-11,19.0,21.0,18.3,98,100,25.6,25.6,18.1,248,12.8,1.93,870.9,18.7,1267.0,17.891035,73.660194
MH-MHB,2021-06-12,19.0,20.8,17.9,99,100,91.7,91.7,17.6,261,8.36,1.39,870.4,19.0,1267.0,17.891035,73.660194
MH-MHB,2021-06-13,19.2,22.1,17.8,96,100,13.6,13.6,15.3,265,15.46,2.52,870.6,18.5,1267.0,17.891035,73.660194
MH-MHB,2021-06-14,19.4,21.8,18.1,96,100,9.6,9.6,13.4,259,15.75,2.6,869.8,18.7,1267.0,17.891035,73.660194
MH-MHB,2021-06-15,18.8,20.8,17.6,98,100,14.0,14.0,13.7,250,10.26,1.7,868.7,18.5,1267.0,17.891035,73.660194
MH-MHB,2021-06-16,17.5,18.1,16.8,100,100,71.7,71.7,13.7,232,2.79,0.58,869.0,17.5,1267.0,17.891035,73.660194
MH-MHB,2021-06-17,17.9,18.7,16.9,99,100,39.7,39.7,18.0,238,7.48,1.2,870.1,17.7,1267.0,17.891035,73.660194
MH-MHB,2021-06-18,18.0,19.2,17.3,99,100,55.5,55.5,21.4,243,9.04,1.33,870.7,17.9,1267.0,17.891035,73.660194
MH-MHB,2021-06-19,17.8,19.8,16.8,99,100,54.1,54.1,20.4,245,9.69,1.43,872.4,17.6,1267.0,17.891035,73.660194
MH-MHB,2021-06-20,18.3,20.0,16.9,98,100,28.4,28.4,19.0,249,12.88,1.93,873.3,17.9,1267.0,17.891035,73.660194
MH-MHB,2021-06-21,18.6,20.9,17.3,97,100,11.7,11.7,13.4,261,15.33,2.45,873.8,18.2,1267.0,17.891035,73.660194
MH-MHB,2021-06-22,19.0,21.3,18.0,97,100,8.1,8.1,14.0,274,14.98,2.39,873.5,18.5,1267.0,17.891035,73.660194
MH-MHB,2021-06-23,19.1,21.4,18.0,96,100,8.8,8.8,14.1,267,16.01,2.61,873.3,18.5,1267.0,17.891035,73.660194
MH-MHB,2021-06-24,18.1,19.3,17.6,99,100,16.7,16.7,13.8,257,6.06,1.08,873.3,17.9,1267.0,17.891035,73.660194
MH-MHB,2021-06-25,18.3,20.0,17.7,97,100,19.1,19.1,15.5,268,9.3,1.55,872.4,17.8,1267.0,17.891035,73.660194
MH-MHB,2021-06-26,18.8,21.1,17.7,94,100,8.8,8.8,16.2,282,15.19,2.5,872.4,17.7,1267.0,17.891035,73.660194
MH-MHB,2021-06-27,18.1,19.2,17.1,99,100,16.2,16.2,12.9,303,5.79,1.01,873.4,18.0,1267.0,17.891035,73.660194
MH-MHB,2021-06-28,18.8,21.5,17.0,98,100,9.8,9.8,9.8,282,13.59,2.31,872.7,18.5,1267.0,17.891035,73.660194
MH-MHB,2021-06-29,19.5,22.7,17.5,95,100,6.6,6.6,11.1,248,16.1,2.77,872.8,18.7,1267.0,17.891035,73.660194
MH-MHB,2021-06-30,19.7,22.5,18.0,95,100,6.5,6.5,11.9,257,16.74,2.81,873.0,18.9,1267.0,17.891035,73.660194
MH-MHB,2021-07-01,19.4,21.9,18.1,93,100,6.4,6.4,17.1,263,16.2,2.69,871.7,18.2,1267.0,17.891035,73.660194
MH-MHB,2021-07-02,19.3,22.0,17.4,91,100,4.7,4.7,17.9,246,18.39,3.07,872.1,17.7,1267.0,17.891035,73.660194
MH-MHB,2021-07-03,19.5,22.6,17.9,91,100,5.8,5.8,14.4,253,19.65,3.34,873.0,18.0,1267.0,17.891035,73.660194
MH-MHB,2021-07-04,19.6,22.3,17.9,95,100,4.5,4.5,12.1,268,15.6,2.65,873.3,18.8,1267.0,17.891035,73.660194
MH-MHB,2021-07-05,19.7,22.3,18.0,94,100,3.1,3.1,9.3,283,15.02,2.66,873.1,18.7,1267.0,17.891035,73.660194
MH-MHB,2021-07-06,19.8,23.1,17.7,94,100,12.7,12.7,8.3,279,14.86,2.71,872.1,18.7,1267.0,17.891035,73.660194
MH-MHB,2021-07-07,20.1,23.3,18.3,95,100,8.4,8.4,9.8,288,16.57,2.91,872.1,19.2,1267.0,17.891035,73.660194
MH-MHB,2021-07-08,19.5,22.4,18.6,97,100,12.0,12.0,14.1,278,11.18,1.96,871.9,19.0,1267.0,17.891035,73.660194
MH-MHB,2021-07-09,18.6,19.4,18.1,100,100,30.3,30.3,12.1,291,6.29,1.11,870.0,18.6,1267.0,17.891035,73.660194
MH-MHB,2021-07-10,18.8,20.8,17.8,99,100,14.6,14.6,13.0,276,10.71,1.83,869.1,18.6,1267.0,17.891035,73.660194
MH-MHB,2021-07-11,19.0,21.6,17.8,98,100,32.8,32.8,14.9,239,11.16,1.89,868.4,18.6,1267.0,17.891035,73.660194
MH-MHB,2021-07-12,18.6,20.4,18.1,99,100,62.4,62.4,21.5,250,8.13,1.3,867.5,18.4,1267.0,17.891035,73.660194
MH-MHB,2021-07-13,18.6,19.4,18.1,99,100,53.1,53.1,22.4,258,7.36,1.1,868.3,18.5,1267.0,17.891035,73.660194
MH-MHB,2021-07-14,18.4,19.0,18.0,100,100,94.5,94.5,22.0,267,4.08,0.68,868.7,18.4,1267.0,17.891035,73.660194
MH-MHB,2021-07-15,18.6,19.9,18.0,100,100,98.3,98.3,22.1,260,5.59,0.91,867.9,18.5,1267.0,17.891035,73.660194
MH-MHB,2021-07-16,18.8,19.8,18.2,99,100,77.4,77.4,18.8,254,9.78,1.48,870.5,18.7,1267.0,17.891035,73.660194
MH-MHB,2021-07-17,18.9,20.6,18.2,98,100,22.8,22.8,18.7,272,11.43,1.74,872.0,18.7,1267.0,17.891035,73.660194
MH-MHB,2021-07-18,18.7,19.5,18.3,100,100,79.7,79.7,21.4,291,5.91,0.95,870.7,18.6,1267.0,17.891035,73.660194
MH-MHB,2021-07-19,18.5,19.4,17.9,99,100,94.8,94.8,24.5,276,7.83,1.17,870.3,18.3,1267.0,17.891035,73.660194
MH-MHB,2021-07-20,18.2,19.1,17.0,99,100,84.1,84.1,24.5,261,7.32,1.06,872.1,18.0,1267.0,17.891035,73.660194
MH-MHB,2021-07-21,18.1,18.7,17.3,99,100,120.8,120.8,28.0,263,4.53,0.68,871.1,18.0,1267.0,17.891035,73.660194
MH-MHB,2021-07-22,18.2,18.7,17.3,100,100,125.8,125.8,27.0,268,4.11,0.62,868.9,18.1,1267.0,17.891035,73.660194
MH-MHB,2021-07-23,17.6,18.2,16.9,100,100,89.7,89.7,17.7,273,3.87,0.73,868.9,17.6,1267.0,17.891035,73.660194
MH-MHB,2021-07-24,18.2,20.2,17.0,99,100,51.9,51.9,18.8,267,11.66,1.71,870.0,18.0,1267.0,17.891035,73.660194
MH-MHB,2021-07-25,18.5,20.3,17.9,98,100,47.4,47.4,21.3,262,10.62,1.57,870.8,18.2,1267.0,17.891035,73.660194
MH-MHB,2021-07-26,18.1,19.1,17.6,99,100,49.4,49.4,21.1,257,11.51,1.57,871.1,18.0,1267.0,17.891035,73.660194
MH-MHB,2021-07-27,18.1,20.0,17.3,97,100,35.9,35.9,23.3,249,14.52,2.06,870.6,17.5,1267.0,17.891035,73.660194
MH-MHB,2021-07-28,17.8,18.9,17.1,99,100,46.8,46.8,22.0,249,11.05,1.49,871.0,17.7,1267.0,17.891035,73.660194
MH-MHB,2021-07-29,17.8,18.9,17.3,99,100,42.9,42.9,26.4,254,5.99,0.85,871.9,17.7,1267.0,17.891035,73.660194
MH-MHB,2021-07-30,17.7,18.4,17.0,99,100,30.4,30.4,22.2,260,5.17,0.76,872.7,17.6,1267.0,17.891035,73.660194
MH-MHB,2021-07-31,18.0,19.6,17.1,99,100,23.7,23.7,26.6,266,16.6,2.06,873.2,17.8,1267.0,17.891035,73.660194
MH-MHB,2021-08-01,17.5,18.8,17.0,99,100,19.4,19.4,23.6,263,5.28,0.78,872.0,17.4,1267.0,17.891035,73.660194
MH-MHB,2021-08-02,17.8,19.9,17.1,98,100,23.2,23.2,21.0,258,13.36,1.88,872.1,17.5,1267.0,17.891035,73.660194
MH-MHB,2021-08-03,18.0,19.5,17.3,99,100,39.8,39.8,22.8,260,8.94,1.27,873.2,17.8,1267.0,17.891035,73.660194
MH-MHB,2021-08-04,18.0,18.6,17.6,100,100,40.4,40.4,23.8,259,9.05,1.23,873.5,17.9,1267.0,17.891035,73.660194
MH-MHB,2021-08-05,18.1,19.7,17.3,99,100,24.8,24.8,23.2,262,11.09,1.59,871.9,17.9,1267.0,17.891035,73.660194
MH-MHB,2021-08-06,18.4,20.0,17.6,97,100,14.9,14.9,19.5,262,16.52,2.4,871.3,17.9,1267.0,17.891035,73.660194
MH-MHB,2021-08-07,18.7,20.8,17.4,99,100,12.6,12.6,15.3,259,14.14,2.13,872.1,18.5,1267.0,17.891035,73.660194
MH-MHB,2021-08-08,19.1,22.1,17.7,98,100,13.0,13.0,11.3,249,15.6,2.59,873.1,18.7,1267.0,17.891035,73.660194
MH-MHB,2021-08-09,19.1,21.6,17.6,96,100,6.4,6.4,11.8,247,16.08,2.67,874.1,18.4,1267.0,17.891035,73.660194
MH-MHB,2021-08-10,18.7,21.6,17.5,97,100,9.4,9.4,14.0,257,16.94,2.66,873.9,18.3,1267.0,17.891035,73.660194
MH-MHB,2021-08-11,18.6,20.9,17.5,99,100,12.6,12.6,15.5,263,14.66,2.22,873.8,18.3,1267.0,17.891035,73.660194
MH-MHB,2021-08-12,18.5,20.8,17.4,98,100,15.0,15.0,14.9,274,16.06,2.45,874.5,18.2,1267.0,17.891035,73.660194
MH-MHB,2021-08-13,18.2,20.3,17.0,98,100,14.8,14.8,15.3,270,14.98,2.29,873.4,17.8,1267.0,17.891035,73.660194
MH-MHB,2021-08-14,17.8,20.3,17.1,98,100,23.5,23.5,15.7,263,14.75,2.18,871.9,17.6,1267.0,17.891035,73.660194
MH-MHB,2021-08-15,17.9,20.2,16.9,98,100,15.3,15.3,13.4,260,12.35,1.92,872.0,17.7,1267.0,17.891035,73.660194
MH-MHB,2021-08-16,18.0,19.8,17.3,99,100,8.3,8.3,10.0,271,7.53,1.3,873.0,17.9,1267.0,17.891035,73.660194
MH-MHB,2021-08-17,17.6,18.1,17.2,100,100,14.4,14.4,9.7,269,5.98,1.05,872.8,17.6,1267.0,17.891035,73.660194
MH-MHB,2021-08-18,17.7,19.1,17.1,100,100,10.1,10.1,11.9,272,6.26,1.05,871.5,17.6,1267.0,17.891035,73.660194
MH-MHB,2021-08-19,17.4,18.1,17.1,100,100,22.7,22.7,16.5,266,4.52,0.77,871.1,17.3,1267.0,17.891035,73.660194
MH-MHB,2021-08-20,17.9,19.4,17.1,97,100,16.4,16.4,11.4,266,7.59,1.37,871.7,17.3,1267.0,17.891035,73.660194
MH-MHB,2021-08-21,18.0,20.9,16.9,97,100,16.7,16.7,15.5,266,12.47,2.04,873.0,17.4,1267.0,17.891035,73.660194
MH-MHB,2021-08-22,18.4,21.6,16.8,94,100,4.5,4.5,12.2,250,15.92,2.7,873.4,17.4,1267.0,17.891035,73.660194
MH-MHB,2021-08-23,18.9,23.0,16.2,92,100,4.5,4.5,10.6,246,19.09,3.31,873.4,17.5,1267.0,17.891035,73.660194
MH-MHB,2021-08-24,19.2,24.0,16.5,91,100,3.4,3.4,12.7,244,20.49,3.61,873.4,17.5,1267.0,17.891035,73.660194
MH-MHB,2021-08-25,19.0,22.2,16.8,94,100,4.1,4.1,13.1,260,17.48,2.91,872.7,18.0,1267.0,17.891035,73.660194
MH-MHB,2021-08-26,18.5,21.1,17.0,97,100,6.7,6.7,13.7,257,14.28,2.28,871.2,17.9,1267.0,17.891035,73.660194
MH-MHB,2021-08-27,18.7,21.8,16.8,95,100,7.2,7.2,13.0,256,17.4,2.88,870.9,17.9,1267.0,17.891035,73.660194
MH-MHB,2021-08-28,18.6,21.5,16.7,93,100,4.1,4.1,13.8,267,17.56,2.97,869.9,17.3,1267.0,17.891035,73.660194
MH-MHB,2021-08-29,18.3,20.4,17.0,93,100,3.1,3.1,11.9,290,12.7,2.2,869.5,17.1,1267.0,17.891035,73.660194
MH-MHB,2021-08-30,18.1,20.2,16.8,97,100,10.5,10.5,12.1,294,10.31,1.73,870.6,17.6,1267.0,17.891035,73.660194
MH-MHB,2021-08-31,18.0,19.1,17.3,99,100,17.1,17.1,11.8,281,6.52,1.09,870.7,17.9,1267.0,17.891035,73.660194
MH-MHB,2021-09-01,18.3,19.9,17.7,99,100,16.6,16.6,14.5,249,9.48,1.47,871.8,18.2,1267.0,17.891035,73.660194
MH-MHB,2021-09-02,18.5,21.1,17.6,97,100,14.9,14.9,13.9,249,15.35,2.4,871.9,18.0,1267.0,17.891035,73.660194
MH-MHB,2021-09-03,18.7,21.2,17.4,96,100,10.6,10.6,14.1,242,16.15,2.58,871.4,18.0,1267.0,17.891035,73.660194
MH-MHB,2021-09-04,18.5,20.2,17.8,99,100,17.4,17.4,14.1,265,9.5,1.55,871.6,18.3,1267.0,17.891035,73.660194
MH-MHB,2021-09-05,18.2,20.0,17.4,98,100,21.7,21.7,12.5,284,8.95,1.49,871.6,18.0,1267.0,17.891035,73.660194
MH-MHB,2021-09-06,18.5,20.8,17.4,99,100,26.1,26.1,10.6,276,9.81,1.68,870.8,18.2,1267.0,17.891035,73.660194
MH-MHB,2021-09-07,18.6,20.6,17.4,100,100,20.2,20.2,15.0,242,5.19,1.0,869.4,18.5,1267.0,17.891035,73.660194
MH-MHB,2021-09-08,18.3,18.8,17.9,99,100,95.7,95.7,23.5,246,6.22,0.9,869.6,18.2,1267.0,17.891035,73.660194
MH-MHB,2021-09-09,18.3,19.3,17.8,99,100,48.8,48.8,21.6,249,10.1,1.38,872.3,18.2,1267.0,17.891035,73.660194
MH-MHB,2021-09-10,18.2,19.3,17.5,98,100,31.6,31.6,20.7,250,12.69,1.84,872.5,17.8,1267.0,17.891035,73.660194
MH-MHB,2021-09-11,18.4,19.6,17.7,99,100,44.7,44.7,20.0,244,9.51,1.4,870.7,18.3,1267.0,17.891035,73.660194
MH-MHB,2021-09-12,18.5,19.4,17.8,100,100,49.7,49.7,20.7,246,6.97,1.06,869.1,18.4,1267.0,17.891035,73.660194
MH-MHB,2021-09-13,18.7,19.8,18.0,99,100,52.6,52.6,22.4,261,10.03,1.43,868.8,18.6,1267.0,17.891035,73.660194
MH-MHB,2021-09-14,18.5,20.3,17.6,97,100,33.9,33.9,20.2,254,14.06,2.11,869.6,18.0,1267.0,17.891035,73.660194
MH-MHB,2021-09-15,18.2,20.1,17.1,94,100,12.1,12.1,17.9,232,16.16,2.49,870.7,17.3,1267.0,17.891035,73.660194
MH-MHB,2021-09-16,18.4,21.3,16.8,92,100,5.7,5.7,17.9,235,16.76,2.71,871.6,17.1,1267.0,17.891035,73.660194
MH-MHB,2021-09-17,18.3,20.5,17.0,93,100,7.2,7.2,15.6,243,15.65,2.55,871.9,17.0,1267.0,17.891035,73.660194
MH-MHB,2021-09-18,18.4,20.8,16.9,95,100,10.6,10.6,14.1,239,16.71,2.66,873.3,17.6,1267.0,17.891035,73.660194
MH-MHB,2021-09-19,18.7,21.1,17.1,96,100,7.6,7.6,13.0,244,14.67,2.46,874.8,18.0,1267.0,17.891035,73.660194
MH-MHB,2021-09-20,18.8,21.3,17.8,96,100,9.0,9.0,12.4,274,14.92,2.46,874.3,18.2,1267.0,17.891035,73.660194
MH-MHB,2021-09-21,18.3,19.7,17.2,98,100,15.8,15.8,15.0,274,8.36,1.39,873.1,18.0,1267.0,17.891035,73.660194
MH-MHB,2021-09-22,18.0,18.7,17.6,100,100,25.9,25.9,15.4,285,6.42,1.0,871.5,17.9,1267.0,17.891035,73.660194
MH-MHB,2021-09-23,18.4,20.2,17.4,99,100,13.4,13.4,13.0,275,8.16,1.37,871.8,18.2,1267.0,17.891035,73.660194
MH-MHB,2021-09-24,18.9,21.7,17.4,93,100,4.7,4.7,11.2,271,17.23,2.94,872.9,17.6,1267.0,17.891035,73.660194
MH-MHB,2021-09-25,18.7,21.5,16.4,92,100,5.3,5.3,12.0,274,16.14,2.78,872.9,17.4,1267.0,17.891035,73.660194
MH-MHB,2021-09-26,18.6,21.9,16.4,92,100,5.0,5.0,11.2,301,17.0,2.9,871.2,17.2,1267.0,17.891035,73.660194
MH-MHB,2021-09-27,17.7,18.8,17.0,100,100,27.0,27.0,9.5,290,4.28,0.8,869.7,17.6,1267.0,17.891035,73.660194
MH-MHB,2021-09-28,17.8,19.8,17.4,99,100,20.0,20.0,15.0,253,6.44,1.06,869.6,17.6,1267.0,17.891035,73.660194
MH-MHB,2021-09-29,18.5,21.1,17.6,98,100,12.4,12.4,16.9,221,11.69,1.78,871.2,18.2,1267.0,17.891035,73.660194
MH-MHB,2021-09-30,19.0,21.6,17.6,96,100,5.7,5.7,13.1,212,15.34,2.52,873.8,18.4,1267.0,17.891035,73.660194
MH-MHB,2021-10-01,19.4,23.8,15.8,90,100,11.7,11.7,6.5,321,17.58,3.25,874.2,17.6,1267.0,17.891035,73.660194
MH-MHB,2021-10-02,20.3,24.3,17.9,90,100,8.2,8.2,7.4,68,14.75,2.8,874.0,18.4,1267.0,17.891035,73.660194
MH-MHB,2021-10-03,20.4,24.6,17.8,90,100,6.9,6.9,11.2,72,17.44,3.21,873.9,18.6,1267.0,17.891035,73.660194
MH-MHB,2021-10-04,20.3,24.1,17.4,90,99,10.3,10.3,5.2,47,16.01,3.02,873.4,18.5,1267.0,17.891035,73.660194
MH-MHB,2021-10-05,20.3,25.2,16.5,89,99,5.9,5.9,7.6,68,17.78,3.35,873.3,18.3,1267.0,17.891035,73.660194
MH-MHB,2021-10-06,20.1,24.7,17.7,90,97,8.4,8.4,10.8,72,15.29,2.83,872.8,18.3,1267.0,17.891035,73.660194
MH-MHB,2021-10-07,20.5,25.2,18.0,89,100,6.7,6.7,16.6,96,17.86,3.3,872.4,18.4,1267.0,17.891035,73.660194
MH-MHB,2021-10-08,19.5,23.3,17.4,95,100,9.6,9.6,8.9,197,14.68,2.58,873.0,18.6,1267.0,17.891035,73.660194
MH-MHB,2021-10-09,19.3,22.5,16.7,94,100,8.9,8.9,10.0,222,15.34,2.68,874.1,18.3,1267.0,17.891035,73.660194
MH-MHB,2021-10-10,19.4,22.5,17.7,95,100,20.5,20.5,8.8,279,13.31,2.36,874.0,18.6,1267.0,17.891035,73.660194
MH-MHB,2021-10-11,19.5,22.9,17.3,93,100,26.5,26.5,5.9,77,13.35,2.48,872.5,18.3,1267.0,17.891035,73.660194
MH-MHB,2021-10-12,20.1,25.0,15.2,80,98,0.0,0.0,12.0,84,19.72,3.7,872.2,15.9,1267.0,17.891035,73.660194
MH-MHB,2021-10-13,20.2,25.4,15.8,68,83,0.0,0.0,11.7,75,22.13,4.31,872.1,13.8,1267.0,17.891035,73.660194
MH-MHB,2021-10-14,20.6,25.7,16.0,68,83,0.0,0.0,10.7,74,20.74,4.1,872.0,14.2,1267.0,17.891035,73.660194
MH-MHB,2021-10-15,20.8,25.5,16.2,70,87,0.0,0.0,12.8,70,17.63,3.51,870.3,14.9,1267.0,17.891035,73.660194
MH-MHB,2021-10-16,20.3,25.8,15.2,69,87,0.0,0.0,9.4,16,19.47,3.89,869.4,14.2,1267.0,17.891035,73.660194
MH-MHB,2021-10-17,20.1,24.1,16.1,78,100,0.5,0.5,13.0,287,19.15,3.64,870.5,15.9,1267.0,17.891035,73.660194
MH-MHB,2021-10-18,18.1,22.0,14.5,88,100,2.4,2.4,14.5,289,18.82,3.13,872.7,16.0,1267.0,17.891035,73.660194
MH-MHB,2021-10-19,18.3,22.7,14.6,83,100,0.0,0.0,9.8,320,21.9,3.85,875.5,15.0,1267.0,17.891035,73.660194
MH-MHB,2021-10-20,19.3,25.3,14.5,73,96,0.1,0.1,8.0,40,20.2,3.89,877.0,13.9,1267.0,17.891035,73.660194
MH-MHB,2021-10-21,19.8,25.3,15.4,61,77,0.0,0.0,14.4,77,20.91,4.23,877.2,11.7,1267.0,17.891035,73.660194
MH-MHB,2021-10-22,19.6,25.2,14.5,61,81,0.0,0.0,12.2,53,21.29,4.32,877.2,11.7,1267.0,17.891035,73.660194
MH-MHB,2021-10-23,19.8,25.4,15.0,64,87,0.0,0.0,10.2,38,20.74,4.17,877.3,12.4,1267.0,17.891035,73.660194
MH-MHB,2021-10-24,19.1,23.6,14.8,70,97,0.4,0.4,9.5,333,20.01,3.82,877.4,13.1,1267.0,17.891035,73.660194
MH-MHB,2021-10-25,19.1,24.4,14.7,68,88,0.0,0.0,9.8,35,17.9,3.57,876.4,12.7,1267.0,17.891035,73.660194
MH-MHB,2021-10-26,19.4,25.5,15.2,58,72,0.0,0.0,12.7,73,18.8,4.01,875.5,10.6,1267.0,17.891035,73.660194
MH-MHB,2021-10-27,19.7,24.3,16.0,50,63,0.0,0.0,15.1,83,22.18,4.73,876.1,8.8,1267.0,17.891035,73.660194
MH-MHB,2021-10-28,19.1,24.1,14.4,54,67,0.0,0.0,17.6,80,22.03,4.63,876.1,9.4,1267.0,17.891035,73.660194
MH-MHB,2021-10-29,19.7,24.5,15.9,51,69,0.0,0.0,20.3,85,22.1,5.01,877.0,9.0,1267.0,17.891035,73.660194
MH-MHB,2021-10-30,20.3,25.0,16.4,56,73,0.0,0.0,20.9,84,20.59,4.77,877.8,11.0,1267.0,17.891035,73.660194
MH-MHB,2021-10-31,20.9,26.3,17.1,64,81,0.6,0.6,14.5,74,18.55,4.0,877.5,13.7,1267.0,17.891035,73.660194
MH-MHB,2021-11-01,20.3,25.1,16.9,69,88,0.5,0.5,12.0,73,17.77,3.63,876.3,14.2,1267.0,17.891035,73.660194
MH-MHB,2021-11-02,20.4,25.0,16.4,69,85,0.5,0.5,16.5,91,19.04,3.8,875.7,14.3,1267.0,17.891035,73.660194
MH-MHB,2021-11-03,20.1,24.8,17.1,76,93,1.9,1.9,18.4,88,15.63,3.12,875.9,15.6,1267.0,17.891035,73.660194
MH-MHB,2021-11-04,19.6,24.6,16.9,82,95,3.7,3.7,14.0,84,15.86,3.02,875.4,16.4,1267.0,17.891035,73.660194
MH-MHB,2021-11-05,19.4,23.9,16.8,83,99,9.8,9.8,15.1,98,16.36,3.1,875.2,16.2,1267.0,17.891035,73.660194
MH-MHB,2021-11-06,19.7,24.6,16.3,81,95,0.9,0.9,14.6,94,14.01,2.71,874.3,16.0,1267.0,17.891035,73.660194
MH-MHB,2021-11-07,19.6,23.9,15.9,69,85,0.0,0.0,17.6,100,14.21,2.98,874.2,13.4,1267.0,17.891035,73.660194
MH-MHB,2021-11-08,19.0,24.6,15.3,61,91,0.0,0.0,18.7,85,20.34,4.15,875.0,10.9,1267.0,17.891035,73.660194
MH-MHB,2021-11-09,18.5,23.6,15.5,47,61,0.0,0.0,15.9,83,20.59,4.56,875.5,6.8,1267.0,17.891035,73.660194
MH-MHB,2021-11-10,18.7,24.0,15.1,49,65,0.0,0.0,14.2,85,20.65,4.46,874.9,7.7,1267.0,17.891035,73.660194
MH-MHB,2021-11-11,18.5,23.4,14.8,49,60,0.0,0.0,17.7,79,18.92,4.32,873.5,7.5,1267.0,17.891035,73.660194
MH-MHB,2021-11-12,20.2,24.9,15.3,53,66,0.0,0.0,16.4,79,19.65,4.45,873.8,10.1,1267.0,17.891035,73.660194
MH-MHB,2021-11-13,20.8,25.5,17.4,69,83,0.4,0.4,15.6,71,17.73,3.74,874.2,14.7,1267.0,17.891035,73.660194
MH-MHB,2021-11-14,20.3,24.6,17.7,83,94,2.6,2.6,14.2,70,11.93,2.47,874.0,17.1,1267.0,17.891035,73.660194
MH-MHB,2021-11-15,20.4,25.2,17.0,82,97,1.7,1.7,14.2,69,16.3,3.08,872.9,17.0,1267.0,17.891035,73.660194
MH-MHB,2021-11-16,20.2,25.3,17.4,83,95,6.9,6.9,20.9,86,13.88,2.79,872.4,17.1,1267.0,17.891035,73.660194
MH-MHB,2021-11-17,19.2,24.1,17.6,90,99,11.6,11.6,22.2,105,12.1,2.23,873.2,17.5,1267.0,17.891035,73.660194
MH-MHB,2021-11-18,19.2,24.2,16.4,89,99,3.2,3.2,14.8,117,13.76,2.45,873.5,17.3,1267.0,17.891035,73.660194
MH-MHB,2021-11-19,19.7,24.0,16.3,80,93,0.2,0.2,13.9,90,16.62,3.16,871.9,16.0,1267.0,17.891035,73.660194
MH-MHB,2021-11-20,19.8,24.2,17.2,85,96,2.1,2.1,19.9,91,12.84,2.49,871.2,17.1,1267.0,17.891035,73.660194
MH-MHB,2021-11-21,19.1,23.5,17.2,92,100,8.8,8.8,17.0,117,10.77,2.0,873.5,17.7,1267.0,17.891035,73.660194
MH-MHB,2021-11-22,18.8,22.9,16.0,88,100,6.0,6.0,5.9,348,13.98,2.5,876.0,16.7,1267.0,17.891035,73.660194
MH-MHB,2021-11-23,19.4,24.4,15.6,88,100,2.0,2.0,6.5,60,14.46,2.66,875.7,17.1,1267.0,17.891035,73.660194
MH-MHB,2021-11-24,20.2,24.8,17.0,83,98,1.3,1.3,13.0,80,16.88,3.14,876.0,16.9,1267.0,17.891035,73.660194
MH-MHB,2021-11-25,20.0,25.6,16.1,75,93,0.0,0.0,9.7,77,19.35,3.7,876.4,15.1,1267.0,17.891035,73.660194
MH-MHB,2021-11-26,19.0,24.6,15.0,69,86,0.0,0.0,12.2,83,19.3,3.71,876.4,12.7,1267.0,17.891035,73.660194
MH-MHB,2021-11-27,18.3,23.6,13.1,66,87,0.0,0.0,16.7,82,19.31,3.73,876.0,11.3,1267.0,17.891035,73.660194
MH-MHB,2021-11-28,17.5,22.1,13.4,60,84,0.0,0.0,18.7,85,19.24,4.03,876.0,9.4,1267.0,17.891035,73.660194
MH-MHB,2021-11-29,18.5,22.1,15.7,70,82,0.0,0.0,22.2,94,17.01,3.63,876.5,12.8,1267.0,17.891035,73.660194
MH-MHB,2021-11-30,18.6,21.8,16.5,81,90,0.2,0.2,21.6,94,11.13,2.4,876.1,15.1,1267.0,17.891035,73.660194
MH-MHB,2021-12-01,17.1,18.9,15.5,92,99,23.6,23.6,22.0,98,4.14,1.01,874.3,15.8,1267.0,17.891035,73.660194
MH-MHB,2021-12-02,16.8,19.0,14.4,98,100,24.7,24.7,16.3,148,7.58,1.2,874.1,16.4,1267.0,17.891035,73.660194
MH-MHB,2021-12-03,16.8,18.6,14.6,97,100,12.7,12.7,8.8,164,6.84,1.17,875.1,16.3,1267.0,17.891035,73.660194
MH-MHB,2021-12-04,17.1,20.1,15.0,92,99,3.1,3.1,7.6,93,14.51,2.4,875.8,15.7,1267.0,17.891035,73.660194
MH-MHB,2021-12-05,17.0,21.1,11.0,71,95,0.0,0.0,9.4,221,19.04,3.29,876.0,11.2,1267.0,17.891035,73.660194
MH-MHB,2021-12-06,17.3,22.4,11.4,71,88,0.0,0.0,8.8,102,17.77,3.12,875.7,11.7,1267.0,17.891035,73.660194
MH-MHB,2021-12-07,17.3,22.2,13.0,75,96,0.0,0.0,15.5,94,17.76,3.18,876.1,12.6,1267.0,17.891035,73.660194
MH-MHB,2021-12-08,17.8,22.4,13.5,68,82,0.0,0.0,14.3,99,17.69,3.41,876.5,11.5,1267.0,17.891035,73.660194
MH-MHB,2021-12-09,17.9,22.8,12.5,69,88,0.0,0.0,8.6,99,16.69,3.15,877.7,11.7,1267.0,17.891035,73.660194
MH-MHB,2021-12-10,18.1,22.9,14.8,75,87,0.0,0.0,15.5,94,17.21,3.19,878.3,13.4,1267.0,17.891035,73.660194
MH-MHB,2021-12-11,18.4,22.4,14.8,73,85,0.0,0.0,17.1,94,17.18,3.23,878.1,13.3,1267.0,17.891035,73.660194
MH-MHB,2021-12-12,18.0,22.5,14.9,70,81,0.0,0.0,14.8,93,16.93,3.25,878.0,12.3,1267.0,17.891035,73.660194
MH-MHB,2021-12-13,17.4,22.5,13.3,71,90,0.0,0.0,8.7,86,16.59,3.04,877.0,11.8,1267.0,17.891035,73.660194
MH-MHB,2021-12-14,17.3,22.7,13.4,69,89,0.0,0.0,8.7,46,15.9,3.01,876.3,11.3,1267.0,17.891035,73.660194
MH-MHB,2021-12-15,17.1,22.2,13.3,79,93,0.4,0.4,11.4,98,14.22,2.55,876.7,13.2,1267.0,17.891035,73.660194
MH-MHB,2021-12-16,17.1,21.0,13.7,78,91,1.0,1.0,8.5,91,13.66,2.44,877.4,13.1,1267.0,17.891035,73.660194
MH-MHB,2021-12-17,17.3,22.5,13.4,69,85,0.0,0.0,10.9,91,17.37,3.14,877.8,11.3,1267.0,17.891035,73.660194
MH-MHB,2021-12-18,16.4,22.5,10.9,63,83,0.0,0.0,12.0,83,18.69,3.46,877.3,9.2,1267.0,17.891035,73.660194
MH-MHB,2021-12-19,16.2,21.3,12.8,63,75,0.0,0.0,16.7,90,18.78,3.67,877.7,9.0,1267.0,17.891035,73.660194
MH-MHB,2021-12-20,15.8,21.8,11.5,66,80,0.0,0.0,12.6,92,18.71,3.39,877.4,9.2,1267.0,17.891035,73.660194
MH-MHB,2021-12-21,15.5,22.5,10.1,65,85,0.0,0.0,8.3,35,18.65,3.37,877.0,8.6,1267.0,17.891035,73.660194
MH-MHB,2021-12-22,16.4,22.8,11.3,66,84,0.0,0.0,9.2,354,18.54,3.4,876.1,9.5,1267.0,17.891035,73.660194
MH-MHB,2021-12-23,17.6,23.4,13.2,63,84,0.0,0.0,8.8,340,18.5,3.45,876.1,9.9,1267.0,17.891035,73.660194
MH-MHB,2021-12-24,18.2,22.9,12.1,61,85,0.0,0.0,10.6,285,18.68,3.46,876.4,10.1,1267.0,17.891035,73.660194
MH-MHB,2021-12-25,18.3,22.4,12.0,54,93,0.0,0.0,9.4,298,18.82,3.41,876.9,8.1,1267.0,17.891035,73.660194
MH-MHB,2021-12-26,17.7,23.7,12.1,62,85,0.0,0.0,10.0,303,18.46,3.45,877.4,9.8,1267.0,17.891035,73.660194
MH-MHB,2021-12-27,17.5,23.7,11.8,63,82,0.0,0.0,8.7,81,17.67,3.4,877.4,9.9,1267.0,17.891035,73.660194
MH-MHB,2021-12-28,17.9,22.6,12.9,61,85,0.0,0.0,12.5,289,17.33,3.39,877.0,10.0,1267.0,17.891035,73.660194
MH-MHB,2021-12-29,17.4,21.9,11.8,53,74,0.0,0.0,8.8,22,18.78,3.5,876.3,7.3,1267.0,17.891035,73.660194
MH-MHB,2021-12-30,16.3,21.7,11.7,69,91,0.0,0.0,17.7,96,16.73,3.18,877.3,10.3,1267.0,17.891035,73.660194
MH-MHB,2021-12-31,17.0,22.1,13.5,67,89,0.0,0.0,17.8,95,17.63,3.42,878.7,10.5,1267.0,17.891035,73.660194
MH-MHB,2022-01-01,17.6,22.2,14.3,69,80,0.5,0.5,14.6,93,17.08,3.25,879.2,11.7,1267.0,17.891035,73.660194
MH-MHB,2022-01-02,17.3,21.6,13.8,74,90,0.6,0.6,16.5,95,16.27,2.96,878.1,12.3,1267.0,17.891035,73.660194
MH-MHB,2022-01-03,17.5,21.6,14.2,71,82,1.0,1.0,14.4,91,16.93,3.1,877.7,11.9,1267.0,17.891035,73.660194
MH-MHB,2022-01-04,17.0,22.7,12.5,66,83,0.0,0.0,12.0,98,18.15,3.39,877.3,10.2,1267.0,17.891035,73.660194
MH-MHB,2022-01-05,17.0,23.0,12.1,67,85,0.0,0.0,8.2,110,17.84,3.29,876.8,10.4,1267.0,17.891035,73.660194
MH-MHB,2022-01-06,17.1,22.5,12.0,67,94,0.0,0.0,10.6,203,17.46,3.22,876.1,10.5,1267.0,17.891035,73.660194
MH-MHB,2022-01-07,17.2,22.2,12.1,69,98,0.0,0.0,12.8,209,18.27,3.36,875.8,10.9,1267.0,17.891035,73.660194
MH-MHB,2022-01-08,15.6,19.7,11.0,83,99,0.0,0.0,11.5,233,15.79,2.69,875.9,12.4,1267.0,17.891035,73.660194
MH-MHB,2022-01-09,15.0,19.1,12.1,80,97,1.6,1.6,11.6,300,14.84,2.53,875.1,11.5,1267.0,17.891035,73.660194
MH-MHB,2022-01-10,14.6,20.2,9.8,69,85,0.0,0.0,11.3,228,18.82,3.24,874.6,8.6,1267.0,17.891035,73.660194
MH-MHB,2022-01-11,13.6,18.6,8.4,67,93,0.0,0.0,11.3,220,19.64,3.26,874.4,7.3,1267.0,17.891035,73.660194
MH-MHB,2022-01-12,13.4,20.5,7.9,75,96,0.0,0.0,9.0,51,18.13,3.08,873.8,8.6,1267.0,17.891035,73.660194
MH-MHB,2022-01-13,13.9,18.4,9.0,81,100,2.4,2.4,9.4,153,13.66,2.35,873.7,10.5,1267.0,17.891035,73.660194
MH-MHB,2022-01-14,13.3,17.9,9.0,85,99,1.0,1.0,7.4,72,13.0,2.15,873.6,10.6,1267.0,17.891035,73.660194
MH-MHB,2022-01-15,15.2,21.3,10.5,74,96,0.0,0.0,13.3,76,16.78,2.91,875.0,10.0,1267.0,17.891035,73.660194
MH-MHB,2022-01-16,16.3,22.0,12.3,71,91,0.0,0.0,18.9,95,17.99,3.33,876.4,10.7,1267.0,17.891035,73.660194
MH-MHB,2022-01-17,17.3,21.8,14.1,72,87,0.1,0.1,16.1,92,16.92,3.18,878.5,11.9,1267.0,17.891035,73.660194
MH-MHB,2022-01-18,17.1,23.6,12.5,68,89,0.0,0.0,11.2,61,19.31,3.63,877.9,10.6,1267.0,17.891035,73.660194
MH-MHB,2022-01-19,17.2,23.2,11.0,56,81,0.0,0.0,11.9,37,20.01,3.94,876.7,7.5,1267.0,17.891035,73.660194
MH-MHB,2022-01-20,18.3,23.4,12.6,48,70,0.0,0.0,11.5,337,19.99,4.1,875.4,6.6,1267.0,17.891035,73.660194
MH-MHB,2022-01-21,18.8,23.5,12.1,51,93,0.0,0.0,10.4,338,20.14,4.09,875.4,7.6,1267.0,17.891035,73.660194
MH-MHB,2022-01-22,16.5,19.6,10.6,75,99,1.1,1.1,15.9,267,15.65,2.73,873.7,11.8,1267.0,17.891035,73.660194
MH-MHB,2022-01-23,13.5,17.2,8.2,83,100,2.5,2.5,17.4,282,15.91,2.47,872.6,10.4,1267.0,17.891035,73.660194
MH-MHB,2022-01-24,10.9,17.7,5.6,69,95,0.0,0.0,8.1,324,20.71,3.31,871.6,4.8,1267.0,17.891035,73.660194
MH-MHB,2022-01-25,12.8,20.2,7.1,66,83,0.0,0.0,9.0,47,20.83,3.56,872.3,6.1,1267.0,17.891035,73.660194
MH-MHB,2022-01-26,14.0,21.1,7.7,65,84,0.0,0.0,10.1,75,20.64,3.63,873.0,7.0,1267.0,17.891035,73.660194
MH-MHB,2022-01-27,15.5,21.5,10.0,58,80,0.0,0.0,14.8,87,20.26,3.83,874.4,7.0,1267.0,17.891035,73.660194
MH-MHB,2022-01-28,15.7,21.7,11.3,55,70,0.0,0.0,16.0,93,21.02,4.11,875.6,6.4,1267.0,17.891035,73.660194
MH-MHB,2022-01-29,16.0,22.9,10.6,49,61,0.0,0.0,12.3,91,21.34,4.05,876.5,5.1,1267.0,17.891035,73.660194
MH-MHB,2022-01-30,16.4,24.3,9.6,51,68,0.0,0.0,9.7,19,21.23,4.22,875.6,5.7,1267.0,17.891035,73.660194
MH-MHB,2022-01-31,19.7,24.7,12.8,40,60,0.0,0.0,10.1,321,21.43,4.38,876.0,5.3,1267.0,17.891035,73.660194
MH-MHB,2022-02-01,18.4,25.0,12.8,45,65,0.0,0.0,9.4,350,21.39,4.35,874.8,5.8,1267.0,17.891035,73.660194
MH-MHB,2022-02-02,20.6,25.6,15.4,43,77,0.0,0.0,11.8,274,21.56,4.4,876.0,6.7,1267.0,17.891035,73.660194
MH-MHB,2022-02-03,17.0,22.2,9.6,54,100,0.0,0.0,13.3,283,22.05,4.3,874.3,6.4,1267.0,17.891035,73.660194
MH-MHB,2022-02-04,14.6,20.5,10.0,75,100,0.0,0.0,10.4,299,20.63,3.55,873.1,9.6,1267.0,17.891035,73.660194
MH-MHB,2022-02-05,16.1,24.0,9.9,61,84,0.0,0.0,10.5,70,21.78,4.08,873.6,7.9,1267.0,17.891035,73.660194
MH-MHB,2022-02-06,17.3,24.9,11.7,56,83,0.0,0.0,13.3,102,21.87,4.45,875.9,7.5,1267.0,17.891035,73.660194
MH-MHB,2022-02-07,18.1,23.9,12.1,63,91,0.0,0.0,10.6,307,21.75,4.14,877.0,10.3,1267.0,17.891035,73.660194
MH-MHB,2022-02-08,17.3,22.5,11.6,64,94,0.0,0.0,12.8,310,21.86,3.99,875.8,10.1,1267.0,17.891035,73.660194
MH-MHB,2022-02-09,16.1,22.4,8.4,61,86,0.0,0.0,9.4,311,22.55,4.15,874.9,7.7,1267.0,17.891035,73.660194
MH-MHB,2022-02-10,16.9,24.4,10.4,57,82,0.0,0.0,13.7,79,21.01,4.1,875.0,7.6,1267.0,17.891035,73.660194
MH-MHB,2022-02-11,18.3,24.3,13.2,51,64,0.0,0.0,18.0,89,22.08,4.72,875.8,7.5,1267.0,17.891035,73.660194
MH-MHB,2022-02-12,18.7,25.2,14.3,48,66,0.0,0.0,15.9,87,21.86,4.64,875.8,7.1,1267.0,17.891035,73.660194
MH-MHB,2022-02-13,18.4,25.1,12.7,50,69,0.0,0.0,10.1,74,22.35,4.66,874.1,7.1,1267.0,17.891035,73.660194
MH-MHB,2022-02-14,18.4,25.1,12.5,46,70,0.0,0.0,13.0,338,22.64,4.79,873.8,5.7,1267.0,17.891035,73.660194
MH-MHB,2022-02-15,17.8,24.7,12.9,45,74,0.0,0.0,15.9,337,22.36,4.75,873.6,4.8,1267.0,17.891035,73.660194
MH-MHB,2022-02-16,17.7,22.7,12.9,46,72,0.0,0.0,15.9,306,21.62,4.55,872.6,5.4,1267.0,17.891035,73.660194
MH-MHB,2022-02-17,18.5,23.3,13.2,44,63,0.0,0.0,11.3,282,22.38,4.61,872.0,5.6,1267.0,17.891035,73.660194
MH-MHB,2022-02-18,19.9,24.9,14.1,42,67,0.0,0.0,12.8,298,22.68,4.66,873.5,6.1,1267.0,17.891035,73.660194
MH-MHB,2022-02-19,19.6,26.1,14.3,49,64,0.0,0.0,14.4,314,19.52,4.51,875.4,8.0,1267.0,17.891035,73.660194
MH-MHB,2022-02-20,20.2,25.8,14.6,39,58,0.0,0.0,12.5,311,23.31,5.21,875.5,5.2,1267.0,17.891035,73.660194
MH-MHB,2022-02-21,20.4,27.2,12.1,35,58,0.0,0.0,11.5,345,23.45,5.05,874.6,3.4,1267.0,17.891035,73.660194
MH-MHB,2022-02-22,20.6,28.8,12.9,35,48,0.0,0.0,6.4,55,23.53,4.98,875.5,3.6,1267.0,17.891035,73.660194
MH-MHB,2022-02-23,21.3,29.1,15.2,41,65,0.0,0.0,12.6,85,23.07,5.12,877.4,6.4,1267.0,17.891035,73.660194
MH-MHB,2022-02-24,20.9,27.3,14.9,47,64,0.1,0.1,8.3,344,20.03,4.5,878.5,8.8,1267.0,17.891035,73.660194
MH-MHB,2022-02-25,21.0,27.1,15.6,39,51,0.0,0.0,10.2,326,21.43,4.89,877.9,6.0,1267.0,17.891035,73.660194
MH-MHB,2022-02-26,21.2,27.5,15.8,32,44,0.0,0.0,11.1,9,21.0,5.12,877.5,3.5,1267.0,17.891035,73.660194
MH-MHB,2022-02-27,20.9,28.2,15.1,35,51,0.0,0.0,13.6,9,19.46,4.83,877.8,4.4,1267.0,17.891035,73.660194
MH-MHB,2022-02-28,20.9,27.9,14.5,32,53,0.0,0.0,11.4,0,20.73,5.18,877.5,3.0,1267.0,17.891035,73.660194
MH-MHB,2022-03-01,21.6,27.8,15.4,28,38,0.0,0.0,13.7,34,16.47,4.47,877.7,2.1,1267.0,17.891035,73.660194
MH-MHB,2022-03-02,22.0,28.2,15.3,32,49,0.0,0.0,12.4,55,21.0,5.37,877.4,3.8,1267.0,17.891035,73.660194
MH-MHB,2022-03-03,22.0,28.4,15.9,33,47,0.0,0.0,11.3,50,19.7,5.01,877.2,4.2,1267.0,17.891035,73.660194
MH-MHB,2022-03-04,21.9,29.2,15.1,33,50,0.0,0.0,11.9,8,20.25,5.1,877.2,4.0,1267.0,17.891035,73.660194
MH-MHB,2022-03-05,21.9,29.0,14.1,33,53,0.0,0.0,12.6,59,22.1,5.54,876.8,4.2,1267.0,17.891035,73.660194
MH-MHB,2022-03-06,21.7,27.8,15.2,37,56,0.0,0.0,13.1,60,16.71,4.38,875.8,5.5,1267.0,17.891035,73.660194
MH-MHB,2022-03-07,21.8,27.6,16.7,41,55,0.0,0.0,12.5,80,16.03,4.21,876.1,7.4,1267.0,17.891035,73.660194
MH-MHB,2022-03-08,21.9,27.4,17.1,42,58,0.0,0.0,12.1,81,14.72,3.99,876.3,7.8,1267.0,17.891035,73.660194
MH-MHB,2022-03-09,21.6,27.5,16.6,48,64,1.3,1.3,13.8,65,18.85,4.45,876.2,9.3,1267.0,17.891035,73.660194
MH-MHB,2022-03-10,20.7,26.9,16.8,53,84,0.2,0.2,11.4,75,17.28,3.95,876.0,10.3,1267.0,17.891035,73.660194
MH-MHB,2022-03-11,19.8,27.4,16.3,58,87,9.2,9.2,14.7,82,17.25,3.72,875.5,10.9,1267.0,17.891035,73.660194
MH-MHB,2022-03-12,20.4,26.9,16.6,52,67,3.5,3.5,12.7,83,19.01,4.27,875.5,10.0,1267.0,17.891035,73.660194
MH-MHB,2022-03-13,21.2,27.8,14.3,46,66,0.0,0.0,17.0,72,22.92,5.09,875.7,8.5,1267.0,17.891035,73.660194
MH-MHB,2022-03-14,22.7,29.3,17.7,29,44,0.0,0.0,16.2,76,25.06,6.25,876.5,3.3,1267.0,17.891035,73.660194
MH-MHB,2022-03-15,23.2,30.0,15.0,30,50,0.0,0.0,14.2,54,25.23,6.11,875.6,4.0,1267.0,17.891035,73.660194
MH-MHB,2022-03-16,23.9,30.6,16.9,31,48,0.0,0.0,13.2,43,25.16,6.01,874.7,4.8,1267.0,17.891035,73.660194
MH-MHB,2022-03-17,24.4,32.2,17.9,34,55,0.0,0.0,14.4,36,24.82,6.17,874.3,6.2,1267.0,17.891035,73.660194
MH-MHB,2022-03-18,23.4,31.8,17.9,45,86,0.0,0.0,13.0,342,20.21,4.79,873.6,9.0,1267.0,17.891035,73.660194
MH-MHB,2022-03-19,21.4,28.8,15.8,66,97,0.0,0.0,13.4,297,14.51,3.47,873.1,13.7,1267.0,17.891035,73.660194
MH-MHB,2022-03-20,21.0,27.6,16.7,65,98,0.1,0.1,14.6,315,16.75,4.01,873.3,12.9,1267.0,17.891035,73.660194
MH-MHB,2022-03-21,21.4,26.9,16.0,58,86,0.0,0.0,12.3,336,10.45,2.85,873.9,12.1,1267.0,17.891035,73.660194
MH-MHB,2022-03-22,23.1,30.3,18.4,46,71,0.0,0.0,13.9,40,11.99,3.56,874.2,9.9,1267.0,17.891035,73.660194
MH-MHB,2022-03-23,23.9,29.7,19.3,45,81,0.0,0.0,8.7,46,14.32,3.59,874.2,10.0,1267.0,17.891035,73.660194
MH-MHB,2022-03-24,22.7,28.7,18.5,60,100,0.5,0.5,12.8,271,17.04,3.87,874.1,13.6,1267.0,17.891035,73.660194
MH-MHB,2022-03-25,22.2,27.9,17.8,71,99,0.2,0.2,13.3,300,11.6,2.67,875.1,15.3,1267.0,17.891035,73.660194
MH-MHB,2022-03-26,23.0,31.7,18.2,68,100,0.5,0.5,11.2,328,16.18,3.66,877.0,15.0,1267.0,17.891035,73.660194
MH-MHB,2022-03-27,23.3,32.6,18.0,54,97,0.0,0.0,12.0,3,17.06,4.26,877.1,11.6,1267.0,17.891035,73.660194
MH-MHB,2022-03-28,24.4,32.9,17.3,51,80,0.0,0.0,12.9,20,18.75,4.99,876.7,11.3,1267.0,17.891035,73.660194
MH-MHB,2022-03-29,25.3,32.5,18.8,38,61,0.0,0.0,17.0,343,23.26,6.23,876.0,8.6,1267.0,17.891035,73.660194
MH-MHB,2022-03-30,25.4,32.0,18.4,32,57,0.0,0.0,16.9,335,26.25,6.92,875.9,6.3,1267.0,17.891035,73.660194
MH-MHB,2022-03-31,25.0,30.6,19.8,24,48,0.0,0.0,16.4,329,26.66,7.27,876.2,2.1,1267.0,17.891035,73.660194
MH-MHB,2022-04-01,24.1,31.7,17.4,25,60,0.0,0.0,16.3,316,26.89,6.77,875.7,1.2,1267.0,17.891035,73.660194
MH-MHB,2022-04-02,23.0,30.1,16.7,45,94,0.0,0.0,14.5,316,24.3,5.66,876.1,8.4,1267.0,17.891035,73.660194
MH-MHB,2022-04-03,23.1,32.9,15.5,57,89,0.0,0.0,13.7,345,23.54,5.33,875.7,11.4,1267.0,17.891035,73.660194
MH-MHB,2022-04-04,23.2,31.1,17.1,60,93,2.1,2.1,12.1,322,20.95,4.76,876.2,13.5,1267.0,17.891035,73.660194
MH-MHB,2022-04-05,22.9,30.0,17.2,64,96,0.3,0.3,14.5,305,18.22,4.17,877.8,14.5,1267.0,17.891035,73.660194
MH-MHB,2022-04-06,22.5,30.3,16.8,65,97,4.1,4.1,13.9,306,19.71,4.34,877.9,14.6,1267.0,17.891035,73.660194
MH-MHB,2022-04-07,23.3,31.8,17.4,61,96,0.5,0.5,15.9,323,20.11,4.63,877.0,13.8,1267.0,17.891035,73.660194
MH-MHB,2022-04-08,23.8,30.6,17.0,55,93,0.1,0.1,13.7,273,20.41,4.77,876.0,12.9,1267.0,17.891035,73.660194
MH-MHB,2022-04-09,23.4,29.2,18.7,62,99,0.1,0.1,12.2,283,17.31,4.03,875.7,14.7,1267.0,17.891035,73.660194
MH-MHB,2022-04-10,22.8,30.3,17.4,70,99,0.0,0.0,18.3,296,22.28,5.05,875.3,15.2,1267.0,17.891035,73.660194
MH-MHB,2022-04-11,23.7,31.7,17.3,56,95,0.0,0.0,14.1,304,24.05,5.51,874.7,12.6,1267.0,17.891035,73.660194
MH-MHB,2022-04-12,25.0,32.4,18.8,43,69,0.6,0.6,12.0,326,22.46,5.52,874.0,10.3,1267.0,17.891035,73.660194
MH-MHB,2022-04-13,25.3,32.1,19.6,41,67,0.0,0.0,10.5,352,19.75,4.96,873.6,10.3,1267.0,17.891035,73.660194
MH-MHB,2022-04-14,23.9,29.7,19.7,58,98,0.0,0.0,14.4,278,21.98,5.01,874.2,14.0,1267.0,17.891035,73.660194
MH-MHB,2022-04-15,22.5,29.7,17.1,70,100,0.0,0.0,15.0,284,24.08,5.26,874.1,15.3,1267.0,17.891035,73.660194
MH-MHB,2022-04-16,23.4,30.4,16.9,42,89,0.0,0.0,16.1,294,27.08,5.9,873.5,7.9,1267.0,17.891035,73.660194
MH-MHB,2022-04-17,22.0,30.2,15.0,62,100,0.0,0.0,17.5,296,26.87,5.8,873.8,12.2,1267.0,17.891035,73.660194
MH-MHB,2022-04-18,21.5,29.6,15.3,64,100,0.1,0.1,15.2,295,24.11,5.19,875.4,12.9,1267.0,17.891035,73.660194
MH-MHB,2022-04-19,22.4,29.9,15.5,67,93,0.5,0.5,13.8,321,23.95,5.17,876.8,15.1,1267.0,17.891035,73.660194
MH-MHB,2022-04-20,24.2,30.0,18.5,57,90,1.3,1.3,13.0,335,22.02,5.13,875.5,13.9,1267.0,17.891035,73.660194
MH-MHB,2022-04-21,25.6,32.7,19.7,40,69,1.2,1.2,15.1,30,19.47,5.35,874.4,10.0,1267.0,17.891035,73.660194
MH-MHB,2022-04-22,25.3,31.4,20.1,41,70,0.0,0.0,11.5,64,20.56,5.09,875.4,10.3,1267.0,17.891035,73.660194
MH-MHB,2022-04-23,25.1,29.6,20.0,53,89,0.8,0.8,6.4,245,23.0,4.85,876.4,14.0,1267.0,17.891035,73.660194
MH-MHB,2022-04-24,23.7,30.7,19.1,58,89,2.5,2.5,10.5,8,19.39,4.32,875.7,14.2,1267.0,17.891035,73.660194
MH-MHB,2022-04-25,24.7,31.4,19.2,51,70,3.9,3.9,10.2,20,22.28,4.91,874.9,13.2,1267.0,17.891035,73.660194
MH-MHB,2022-04-26,24.7,32.1,19.0,51,84,0.6,0.6,13.0,331,22.15,5.22,875.2,12.6,1267.0,17.891035,73.660194
MH-MHB,2022-04-27,26.2,33.9,19.3,43,67,0.0,0.0,9.4,31,21.65,5.35,874.6,11.2,1267.0,17.891035,73.660194
MH-MHB,2022-04-28,24.9,32.2,19.9,52,93,0.4,0.4,13.2,315,22.49,5.25,875.2,12.8,1267.0,17.891035,73.660194
MH-MHB,2022-04-29,24.0,31.1,18.0,67,97,0.1,0.1,15.1,325,22.65,5.24,876.1,16.1,1267.0,17.891035,73.660194
MH-MHB,2022-04-30,23.5,30.1,18.0,57,84,0.3,0.3,13.3,308,25.88,5.82,874.7,13.5,1267.0,17.891035,73.660194
MH-MHB,2022-05-01,22.8,30.1,18.0,57,100,0.0,0.0,15.8,311,26.7,6.17,873.5,12.7,1267.0,17.891035,73.660194
MH-MHB,2022-05-02,22.0,29.3,16.7,72,100,0.0,0.0,14.6,306,26.26,5.53,873.5,15.6,1267.0,17.891035,73.660194
MH-MHB,2022-05-03,21.9,29.1,15.5,73,99,0.0,0.0,14.8,309,26.62,5.51,874.0,15.8,1267.0,17.891035,73.660194
MH-MHB,2022-05-04,23.0,30.1,16.5,64,95,0.0,0.0,14.3,317,26.08,5.73,874.9,14.5,1267.0,17.891035,73.660194
MH-MHB,2022-05-05,23.1,30.7,16.4,60,94,0.2,0.2,15.4,334,25.35,5.64,874.6,13.3,1267.0,17.891035,73.660194
MH-MHB,2022-05-06,22.6,29.8,16.5,60,85,0.0,0.0,18.0,327,23.69,5.32,873.9,13.3,1267.0,17.891035,73.660194
MH-MHB,2022-05-07,22.8,29.3,17.9,64,95,0.1,0.1,17.2,324,24.15,5.38,873.7,14.5,1267.0,17.891035,73.660194
MH-MHB,2022-05-08,23.5,30.7,17.6,62,94,0.0,0.0,16.8,332,20.96,5.1,872.4,14.6,1267.0,17.891035,73.660194
MH-MHB,2022-05-09,23.1,28.8,18.8,67,100,0.8,0.8,15.6,315,21.77,4.98,871.7,16.1,1267.0,17.891035,73.660194
MH-MHB,2022-05-10,21.9,27.8,18.1,81,100,1.2,1.2,17.7,311,21.63,4.41,871.2,18.1,1267.0,17.891035,73.660194
MH-MHB,2022-05-11,21.5,27.6,17.9,79,98,1.3,1.3,16.3,293,19.62,4.1,871.1,17.2,1267.0,17.891035,73.660194
MH-MHB,2022-05-12,21.2,26.0,18.7,86,99,0.9,0.9,16.9,273,18.06,3.57,872.0,18.5,1267.0,17.891035,73.660194
MH-MHB,2022-05-13,20.9,25.6,18.5,85,100,3.1,3.1,14.5,270,13.22,2.81,871.7,17.9,1267.0,17.891035,73.660194
MH-MHB,2022-05-14,21.6,28.3,17.5,80,100,0.0,0.0,16.8,282,25.17,5.03,872.2,17.4,1267.0,17.891035,73.660194
MH-MHB,2022-05-15,22.1,28.9,17.4,80,100,0.7,0.7,12.9,296,25.53,5.14,873.2,17.8,1267.0,17.891035,73.660194
MH-MHB,2022-05-16,23.2,31.4,18.5,76,99,1.3,1.3,15.2,311,24.58,5.23,872.8,17.7,1267.0,17.891035,73.660194
MH-MHB,2022-05-17,22.5,28.9,18.3,77,99,0.5,0.5,13.3,301,24.95,5.17,871.9,17.6,1267.0,17.891035,73.660194
MH-MHB,2022-05-18,22.5,29.1,17.6,75,100,0.0,0.0,10.7,299,20.23,4.41,872.1,17.0,1267.0,17.891035,73.660194
MH-MHB,2022-05-19,21.6,27.3,18.7,81,100,4.4,4.4,14.7,296,14.18,3.08,872.3,17.8,1267.0,17.891035,73.660194
MH-MHB,2022-05-20,19.7,22.9,17.8,90,100,9.5,9.5,14.5,277,10.97,2.19,872.6,17.8,1267.0,17.891035,73.660194
MH-MHB,2022-05-21,20.5,25.5,17.0,83,100,2.9,2.9,19.8,262,23.63,4.44,872.9,17.1,1267.0,17.891035,73.660194
MH-MHB,2022-05-22,20.7,25.2,18.1,85,100,3.9,3.9,20.6,263,22.2,4.07,871.4,17.8,1267.0,17.891035,73.660194
MH-MHB,2022-05-23,21.1,25.7,18.4,86,100,4.5,4.5,19.9,263,21.05,3.98,871.0,18.3,1267.0,17.891035,73.660194
MH-MHB,2022-05-24,21.4,26.1,18.7,82,100,1.7,1.7,17.3,271,22.73,4.47,873.3,17.8,1267.0,17.891035,73.660194
MH-MHB,2022-05-25,21.3,26.6,18.3,80,100,0.5,0.5,14.1,289,24.27,4.78,874.9,17.2,1267.0,17.891035,73.660194
MH-MHB,2022-05-26,21.0,26.2,17.5,80,100,1.2,1.2,14.1,284,24.25,4.74,874.6,16.8,1267.0,17.891035,73.660194
MH-MHB,2022-05-27,20.8,26.4,17.8,80,100,1.2,1.2,16.3,275,24.18,4.7,874.3,16.7,1267.0,17.891035,73.660194
MH-MHB,2022-05-28,20.7,25.0,17.6,79,99,2.2,2.2,16.9,276,22.15,4.33,873.6,16.6,1267.0,17.891035,73.660194
MH-MHB,2022-05-29,20.7,26.2,17.7,81,99,2.4,2.4,17.1,279,23.04,4.43,873.6,17.0,1267.0,17.891035,73.660194
MH-MHB,2022-05-30,21.4,27.7,17.3,78,100,0.4,0.4,16.7,282,24.18,4.9,873.3,16.7,1267.0,17.891035,73.660194
MH-MHB,2022-05-31,21.6,28.3,17.8,79,99,1.7,1.7,15.8,291,25.49,5.05,872.8,17.2,1267.0,17.891035,73.660194
MH-MHB,2022-06-01,21.0,26.9,17.9,85,100,12.9,12.9,12.8,287,17.27,3.52,872.8,18.0,1267.0,17.891035,73.660194
MH-MHB,2022-06-02,21.2,27.4,17.4,83,100,25.9,25.9,13.2,295,21.62,4.31,873.1,17.7,1267.0,17.891035,73.660194
MH-MHB,2022-06-03,21.7,27.2,17.4,77,99,0.3,0.3,12.9,302,24.69,4.96,872.8,16.9,1267.0,17.891035,73.660194
MH-MHB,2022-06-04,22.2,29.0,17.7,77,100,0.1,0.1,11.2,303,25.84,5.23,872.8,17.2,1267.0,17.891035,73.660194
MH-MHB,2022-06-05,22.2,27.5,18.9,82,100,1.0,1.0,11.2,285,22.96,4.56,872.7,18.6,1267.0,17.891035,73.660194
MH-MHB,2022-06-06,21.1,26.5,18.7,89,99,16.0,16.0,8.9,276,16.07,3.14,872.9,19.0,1267.0,17.891035,73.660194
MH-MHB,2022-06-07,20.6,24.5,17.2,87,100,5.8,5.8,14.1,274,19.65,3.62,873.0,18.2,1267.0,17.891035,73.660194
MH-MHB,2022-06-08,20.8,24.4,18.1,88,100,1.7,1.7,11.5,265,17.77,3.35,872.8,18.6,1267.0,17.891035,73.660194
MH-MHB,2022-06-09,20.7,25.6,18.8,90,100,5.5,5.5,10.7,225,16.02,3.09,871.7,18.9,1267.0,17.891035,73.660194
MH-MHB,2022-06-10,19.7,23.6,17.9,93,100,13.9,13.9,13.2,191,17.59,3.09,871.4,18.4,1267.0,17.891035,73.660194
MH-MHB,2022-06-11,18.6,19.8,18.0,98,100,13.3,13.3,13.3,218,8.77,1.47,871.5,18.3,1267.0,17.891035,73.660194
MH-MHB,2022-06-12,18.4,20.3,17.5,99,100,11.4,11.4,13.9,201,9.32,1.54,871.4,18.2,1267.0,17.891035,73.660194
MH-MHB,2022-06-13,19.3,23.0,17.7,93,100,8.6,8.6,15.0,206,17.68,3.01,872.9,18.1,1267.0,17.891035,73.660194
MH-MHB,2022-06-14,20.1,23.8,17.9,88,100,2.5,2.5,16.0,231,21.68,3.88,873.3,17.9,1267.0,17.891035,73.660194
MH-MHB,2022-06-15,20.1,23.8,18.0,89,100,3.4,3.4,16.5,244,21.46,3.79,872.7,18.1,1267.0,17.891035,73.660194
MH-MHB,2022-06-16,19.7,22.8,18.2,93,100,3.4,3.4,13.5,240,16.38,2.86,872.3,18.4,1267.0,17.891035,73.660194
MH-MHB,2022-06-17,19.8,22.1,18.3,93,100,4.1,4.1,12.9,235,15.23,2.67,871.8,18.6,1267.0,17.891035,73.660194
MH-MHB,2022-06-18,19.6,22.5,18.2,94,100,5.7,5.7,13.1,236,16.65,2.82,872.0,18.5,1267.0,17.891035,73.660194
MH-MHB,2022-06-19,19.1,22.5,18.2,96,100,14.1,14.1,13.7,235,12.6,2.13,872.1,18.5,1267.0,17.891035,73.660194
MH-MHB,2022-06-20,18.3,19.2,17.7,99,100,28.6,28.6,12.5,242,7.86,1.29,870.9,18.2,1267.0,17.891035,73.660194
MH-MHB,2022-06-21,18.0,19.7,17.2,99,100,23.5,23.5,11.9,230,7.51,1.28,869.1,17.8,1267.0,17.891035,73.660194
MH-MHB,2022-06-22,18.8,21.6,16.9,95,100,7.2,7.2,11.0,200,10.51,1.93,870.1,17.9,1267.0,17.891035,73.660194
MH-MHB,2022-06-23,19.1,22.1,17.6,94,100,8.3,8.3,12.0,197,16.49,2.85,871.0,18.0,1267.0,17.891035,73.660194
MH-MHB,2022-06-24,18.5,20.9,17.7,97,100,14.7,14.7,16.5,193,11.51,1.87,869.7,18.0,1267.0,17.891035,73.660194
MH-MHB,2022-06-25,18.2,19.2,17.4,100,100,33.7,33.7,16.1,197,6.92,1.1,867.4,18.1,1267.0,17.891035,73.660194
MH-MHB,2022-06-26,18.1,19.0,17.6,100,100,55.5,55.5,16.5,212,3.34,0.62,867.7,18.1,1267.0,17.891035,73.660194
MH-MHB,2022-06-27,18.1,19.3,17.5,100,100,47.7,47.7,18.8,226,6.62,1.0,869.7,18.1,1267.0,17.891035,73.660194
MH-MHB,2022-06-28,18.3,19.3,17.4,97,100,13.2,13.2,14.0,235,9.48,1.6,870.8,17.7,1267.0,17.891035,73.660194
MH-MHB,2022-06-29,18.5,20.7,17.7,99,100,11.0,11.0,12.8,240,10.36,1.69,869.8,18.3,1267.0,17.891035,73.660194
MH-MHB,2022-06-30,18.4,20.5,17.6,99,100,21.6,21.6,13.7,247,8.86,1.45,869.6,18.3,1267.0,17.891035,73.660194
MH-MHB,2022-07-01,18.3,19.4,17.7,99,100,25.7,25.7,16.0,249,8.65,1.38,870.2,18.1,1267.0,17.891035,73.660194
MH-MHB,2022-07-02,18.0,19.3,17.3,100,100,23.3,23.3,17.4,249,7.84,1.17,869.1,18.0,1267.0,17.891035,73.660194
MH-MHB,2022-07-03,18.2,19.5,17.5,100,100,21.9,21.9,15.8,238,10.57,1.6,868.9,18.1,1267.0,17.891035,73.660194
MH-MHB,2022-07-04,18.0,19.1,17.4,100,100,45.1,45.1,15.5,248,5.53,0.95,868.7,18.0,1267.0,17.891035,73.660194
MH-MHB,2022-07-05,18.0,18.6,17.6,100,100,85.3,85.3,17.8,256,3.47,0.61,867.4,18.0,1267.0,17.891035,73.660194
MH-MHB,2022-07-06,17.8,18.3,17.3,100,100,32.2,32.2,16.8,246,4.25,0.73,868.7,17.7,1267.0,17.891035,73.660194
MH-MHB,2022-07-07,17.9,18.9,17.4,100,100,36.6,36.6,17.7,257,4.74,0.79,871.1,17.9,1267.0,17.891035,73.660194
MH-MHB,2022-07-08,17.4,18.2,16.8,100,100,51.3,51.3,19.2,268,3.63,0.63,870.5,17.4,1267.0,17.891035,73.660194
MH-MHB,2022-07-09,16.8,17.4,16.1,100,100,71.5,71.5,17.0,266,3.14,0.58,869.1,16.8,1267.0,17.891035,73.660194
MH-MHB,2022-07-10,16.8,17.6,16.3,100,100,49.8,49.8,18.1,266,4.51,0.74,869.6,16.8,1267.0,17.891035,73.660194
MH-MHB,2022-07-11,16.7,17.4,16.3,100,100,95.5,95.5,16.2,268,4.18,0.71,871.0,16.7,1267.0,17.891035,73.660194
MH-MHB,2022-07-12,16.8,17.6,16.3,100,100,91.4,91.4,19.6,266,3.32,0.58,870.5,16.8,1267.0,17.891035,73.660194
MH-MHB,2022-07-13,17.0,17.6,16.4,100,100,124.0,124.0,23.1,262,2.84,0.5,867.9,17.0,1267.0,17.891035,73.660194
MH-MHB,2022-07-14,17.3,18.0,16.6,100,100,123.5,123.5,21.9,250,3.65,0.59,866.1,17.3,1267.0,17.891035,73.660194
MH-MHB,2022-07-15,17.7,18.5,17.0,100,100,122.8,122.8,25.8,245,3.98,0.62,866.7,17.6,1267.0,17.891035,73.660194
MH-MHB,2022-07-16,18.2,19.3,17.7,100,100,110.6,110.6,22.4,247,6.73,1.02,868.1,18.2,1267.0,17.891035,73.660194
MH-MHB,2022-07-17,18.2,19.9,17.5,100,100,49.1,49.1,17.0,255,8.17,1.28,870.2,18.2,1267.0,17.891035,73.660194
MH-MHB,2022-07-18,17.6,18.0,17.2,100,100,44.2,44.2,17.9,256,3.11,0.57,870.6,17.5,1267.0,17.891035,73.660194
MH-MHB,2022-07-19,17.6,18.4,16.9,100,100,28.6,28.6,14.5,256,4.73,0.8,871.2,17.6,1267.0,17.891035,73.660194
MH-MHB,2022-07-20,17.9,19.2,17.3,99,100,17.9,17.9,14.8,262,8.97,1.41,872.0,17.8,1267.0,17.891035,73.660194
MH-MHB,2022-07-21,18.2,20.2,17.3,96,100,18.7,18.7,13.8,268,15.42,2.46,872.3,17.6,1267.0,17.891035,73.660194
MH-MHB,2022-07-22,18.2,20.0,17.2,97,100,12.6,12.6,14.7,279,13.72,2.15,872.7,17.7,1267.0,17.891035,73.660194
MH-MHB,2022-07-23,17.6,18.5,17.1,99,100,23.4,23.4,15.6,261,6.44,1.06,871.1,17.4,1267.0,17.891035,73.660194
MH-MHB,2022-07-24,17.6,18.9,17.0,100,100,38.2,38.2,15.8,253,5.84,0.95,870.6,17.5,1267.0,17.891035,73.660194
MH-MHB,2022-07-25,17.5,18.1,17.1,99,100,13.6,13.6,14.1,248,4.4,0.81,871.8,17.3,1267.0,17.891035,73.660194
MH-MHB,2022-07-26,18.1,19.7,17.3,97,100,10.7,10.7,10.7,254,9.21,1.62,873.4,17.6,1267.0,17.891035,73.660194
MH-MHB,2022-07-27,18.5,22.4,17.4,96,100,25.2,25.2,11.0,296,10.68,1.95,873.2,17.8,1267.0,17.891035,73.660194
MH-MHB,2022-07-28,19.3,23.7,16.2,93,100,8.9,8.9,7.4,350,15.86,2.89,874.0,18.0,1267.0,17.891035,73.660194
MH-MHB,2022-07-29,20.1,24.2,17.5,92,100,10.6,10.6,8.4,343,18.01,3.34,873.9,18.7,1267.0,17.891035,73.660194
MH-MHB,2022-07-30,19.6,22.9,17.7,94,100,3.3,3.3,9.7,317,16.16,2.88,873.0,18.4,1267.0,17.891035,73.660194
MH-MHB,2022-07-31,18.8,22.3,16.5,94,100,4.0,4.0,13.7,309,14.91,2.55,871.5,17.8,1267.0,17.891035,73.660194
MH-MHB,2022-08-01,19.0,21.8,17.0,94,100,4.5,4.5,14.7,305,18.13,3.01,871.8,18.0,1267.0,17.891035,73.660194
MH-MHB,2022-08-02,19.3,22.4,17.5,91,100,4.0,4.0,12.8,310,18.41,3.22,871.0,17.7,1267.0,17.891035,73.660194
MH-MHB,2022-08-03,19.0,21.4,17.9,96,100,12.2,12.2,9.0,301,11.55,2.07,870.1,18.3,1267.0,17.891035,73.660194
MH-MHB,2022-08-04,19.3,22.1,18.2,96,100,27.7,27.7,9.3,289,12.01,2.16,869.3,18.6,1267.0,17.891035,73.660194
MH-MHB,2022-08-05,18.7,21.4,18.0,98,100,59.8,59.8,10.2,223,8.71,1.58,868.0,18.4,1267.0,17.891035,73.660194
MH-MHB,2022-08-06,18.2,18.8,17.7,100,100,52.1,52.1,15.9,236,5.71,0.93,867.0,18.2,1267.0,17.891035,73.660194
MH-MHB,2022-08-07,18.1,19.2,17.5,100,100,74.7,74.7,19.6,248,5.68,0.94,866.6,18.0,1267.0,17.891035,73.660194
MH-MHB,2022-08-08,18.0,18.5,17.5,100,100,102.0,102.0,21.1,252,3.72,0.61,865.7,18.0,1267.0,17.891035,73.660194
MH-MHB,2022-08-09,17.7,18.1,17.0,100,100,187.0,187.0,23.2,246,2.56,0.47,865.4,17.7,1267.0,17.891035,73.660194
MH-MHB,2022-08-10,17.6,18.7,17.1,100,100,173.5,173.5,25.6,244,5.31,0.78,864.9,17.6,1267.0,17.891035,73.660194
MH-MHB,2022-08-11,17.7,18.3,17.3,100,100,181.3,181.3,21.7,244,3.71,0.62,866.5,17.7,1267.0,17.891035,73.660194
MH-MHB,2022-08-12,17.7,18.7,17.2,100,100,110.0,110.0,30.1,242,6.39,0.89,869.1,17.6,1267.0,17.891035,73.660194
MH-MHB,2022-08-13,17.7,19.0,17.1,100,100,69.0,69.0,18.7,247,7.45,1.1,870.3,17.7,1267.0,17.891035,73.660194
MH-MHB,2022-08-14,17.5,19.0,17.0,100,100,46.1,46.1,19.4,251,6.74,1.02,871.5,17.4,1267.0,17.891035,73.660194
MH-MHB,2022-08-15,17.4,18.5,17.0,100,100,49.1,49.1,18.7,253,5.34,0.85,871.7,17.4,1267.0,17.891035,73.660194
MH-MHB,2022-08-16,17.3,18.1,16.8,100,100,58.8,58.8,19.0,239,4.55,0.73,871.3,17.3,1267.0,17.891035,73.660194
MH-MHB,2022-08-17,17.6,18.7,16.9,99,100,37.6,37.6,19.1,237,8.11,1.21,872.3,17.4,1267.0,17.891035,73.660194
MH-MHB,2022-08-18,17.7,19.9,17.1,98,100,26.4,26.4,19.9,250,9.79,1.5,872.6,17.3,1267.0,17.891035,73.660194
MH-MHB,2022-08-19,17.6,18.8,17.0,99,100,17.1,17.1,17.2,252,8.31,1.27,872.8,17.4,1267.0,17.891035,73.660194
MH-MHB,2022-08-20,17.8,19.0,17.1,98,100,24.2,24.2,17.5,263,9.98,1.54,872.5,17.5,1267.0,17.891035,73.660194
MH-MHB,2022-08-21,17.6,18.8,17.0,99,100,25.5,25.5,17.3,268,9.5,1.43,871.4,17.4,1267.0,17.891035,73.660194
MH-MHB,2022-08-22,17.5,18.7,17.0,100,100,34.7,34.7,20.9,265,7.56,1.09,870.5,17.5,1267.0,17.891035,73.660194
MH-MHB,2022-08-23,17.6,18.9,17.2,99,100,27.6,27.6,19.1,256,8.21,1.2,870.7,17.5,1267.0,17.891035,73.660194
MH-MHB,2022-08-24,17.4,18.6,16.7,99,100,22.4,22.4,15.2,257,8.89,1.37,872.8,17.3,1267.0,17.891035,73.660194
MH-MHB,2022-08-25,17.8,20.1,16.9,97,100,8.5,8.5,12.0,259,13.41,2.18,872.7,17.3,1267.0,17.891035,73.660194
MH-MHB,2022-08-26,18.3,20.5,16.8,94,100,5.6,5.6,12.3,280,17.7,2.91,872.7,17.2,1267.0,17.891035,73.660194
MH-MHB,2022-08-27,18.5,21.9,16.5,92,100,3.6,3.6,13.9,296,19.18,3.22,872.9,17.0,1267.0,17.891035,73.660194
MH-MHB,2022-08-28,18.7,23.1,16.4,90,100,1.8,1.8,13.0,308,20.35,3.55,872.6,16.8,1267.0,17.891035,73.660194
MH-MHB,2022-08-29,19.0,22.6,15.5,88,100,2.9,2.9,10.9,329,20.35,3.65,873.5,16.8,1267.0,17.891035,73.660194
MH-MHB,2022-08-30,19.6,23.5,16.9,90,99,13.2,13.2,6.8,21,16.01,2.97,873.7,17.7,1267.0,17.891035,73.660194
MH-MHB,2022-08-31,20.2,25.1,17.8,89,99,12.8,12.8,9.7,89,19.89,3.68,872.9,18.2,1267.0,17.891035,73.660194
MH-MHB,2022-09-01,19.7,23.7,17.6,92,98,12.6,12.6,8.4,339,15.29,2.87,872.5,18.3,1267.0,17.891035,73.660194
MH-MHB,2022-09-02,20.1,24.8,16.9,88,100,5.3,5.3,11.8,104,19.44,3.59,873.1,17.9,1267.0,17.891035,73.660194
MH-MHB,2022-09-03,20.1,24.2,17.3,89,100,8.4,8.4,9.0,199,18.03,3.31,873.5,18.2,1267.0,17.891035,73.660194
MH-MHB,2022-09-04,19.3,22.7,18.3,97,100,14.6,14.6,9.9,272,10.45,1.91,873.4,18.7,1267.0,17.891035,73.660194
MH-MHB,2022-09-05,19.1,21.4,18.1,95,100,4.1,4.1,12.7,312,10.73,1.93,873.1,18.2,1267.0,17.891035,73.660194
MH-MHB,2022-09-06,19.0,23.1,17.5,95,100,22.5,22.5,10.7,323,11.52,2.03,872.6,18.3,1267.0,17.891035,73.660194
MH-MHB,2022-09-07,19.4,23.7,17.0,93,100,34.5,34.5,7.3,37,13.31,2.5,872.2,18.1,1267.0,17.891035,73.660194
MH-MHB,2022-09-08,19.7,23.3,17.1,92,100,7.5,7.5,5.8,98,11.69,2.26,871.3,18.3,1267.0,17.891035,73.660194
MH-MHB,2022-09-09,19.7,24.1,17.3,92,100,22.3,22.3,8.0,129,14.88,2.75,870.5,18.2,1267.0,17.891035,73.660194
MH-MHB,2022-09-10,19.2,22.3,17.5,95,100,16.8,16.8,10.1,163,10.54,2.01,870.5,18.3,1267.0,17.891035,73.660194
MH-MHB,2022-09-11,19.2,22.7,16.5,93,100,10.4,10.4,8.3,136,11.71,2.18,868.3,18.0,1267.0,17.891035,73.660194
MH-MHB,2022-09-12,18.6,19.5,18.2,100,100,36.1,36.1,13.3,232,6.27,1.09,867.4,18.5,1267.0,17.891035,73.660194
MH-MHB,2022-09-13,18.2,18.8,17.7,100,100,79.6,79.6,17.6,245,5.15,0.82,869.6,18.2,1267.0,17.891035,73.660194
MH-MHB,2022-09-14,17.9,19.1,17.1,100,100,51.7,51.7,20.2,234,9.59,1.37,872.2,17.9,1267.0,17.891035,73.660194
MH-MHB,2022-09-15,17.8,19.0,17.2,100,100,52.1,52.1,22.1,240,9.14,1.31,873.2,17.8,1267.0,17.891035,73.660194
MH-MHB,2022-09-16,17.7,18.4,17.1,100,100,40.9,40.9,16.6,250,6.2,0.98,872.0,17.7,1267.0,17.891035,73.660194
MH-MHB,2022-09-17,17.6,19.2,16.7,100,100,20.8,20.8,13.8,223,9.42,1.45,872.2,17.6,1267.0,17.891035,73.660194
MH-MHB,2022-09-18,17.7,19.6,16.7,95,100,9.9,9.9,14.2,246,15.65,2.44,873.6,16.8,1267.0,17.891035,73.660194
MH-MHB,2022-09-19,17.1,19.2,16.1,97,100,12.9,12.9,13.3,279,12.21,1.96,873.6,16.6,1267.0,17.891035,73.660194
MH-MHB,2022-09-20,17.3,20.1,16.3,96,100,21.8,21.8,11.7,286,14.36,2.3,873.3,16.7,1267.0,17.891035,73.660194
MH-MHB,2022-09-21,17.1,18.9,16.2,96,100,5.4,5.4,10.1,288,9.08,1.58,873.2,16.4,1267.0,17.891035,73.660194
MH-MHB,2022-09-22,16.6,17.9,15.6,96,100,3.9,3.9,12.1,259,7.79,1.35,873.4,15.9,1267.0,17.891035,73.660194
MH-MHB,2022-09-23,17.0,20.0,15.5,95,100,5.2,5.2,13.6,248,12.52,2.02,873.8,16.2,1267.0,17.891035,73.660194
MH-MHB,2022-09-24,17.1,18.7,16.2,99,100,11.7,11.7,12.9,237,8.6,1.35,873.3,17.0,1267.0,17.891035,73.660194
MH-MHB,2022-09-25,17.9,20.8,16.7,96,100,6.6,6.6,12.3,272,13.68,2.26,873.2,17.3,1267.0,17.891035,73.660194
MH-MHB,2022-09-26,18.2,21.5,16.6,93,100,4.6,4.6,11.6,298,18.35,3.06,874.7,17.0,1267.0,17.891035,73.660194
MH-MHB,2022-09-27,18.1,21.6,15.2,90,100,2.9,2.9,8.9,310,19.63,3.36,873.5,16.2,1267.0,17.891035,73.660194
MH-MHB,2022-09-28,18.2,21.1,15.0,92,99,4.3,4.3,12.0,302,18.24,3.08,872.7,16.8,1267.0,17.891035,73.660194
MH-MHB,2022-09-29,18.3,20.5,16.2,96,100,15.1,15.1,9.5,310,12.02,2.04,872.6,17.6,1267.0,17.891035,73.660194
MH-MHB,2022-09-30,18.7,23.3,15.1,93,100,13.0,13.0,8.1,340,16.83,3.02,873.2,17.6,1267.0,17.891035,73.660194
MH-MHB,2022-10-01,18.7,21.7,17.2,94,100,5.1,5.1,10.2,321,13.07,2.31,873.7,17.7,1267.0,17.891035,73.660194
MH-MHB,2022-10-02,18.4,21.8,16.6,92,100,2.1,2.1,11.3,324,15.87,2.73,873.9,17.1,1267.0,17.891035,73.660194
MH-MHB,2022-10-03,18.7,21.7,16.4,91,100,1.5,1.5,9.4,329,17.57,3.05,874.2,17.1,1267.0,17.891035,73.660194
MH-MHB,2022-10-04,19.0,23.5,15.8,86,100,2.1,2.1,8.7,8,19.57,3.54,874.0,16.3,1267.0,17.891035,73.660194
MH-MHB,2022-10-05,19.0,23.0,16.2,85,98,3.2,3.2,8.4,353,17.36,3.13,873.2,16.4,1267.0,17.891035,73.660194
MH-MHB,2022-10-06,18.4,22.6,17.1,92,100,17.5,17.5,11.8,320,13.73,2.35,871.8,17.1,1267.0,17.891035,73.660194
MH-MHB,2022-10-07,17.6,19.1,16.8,98,100,15.8,15.8,12.9,262,8.88,1.47,870.9,17.2,1267.0,17.891035,73.660194
MH-MHB,2022-10-08,18.1,21.3,16.5,93,100,4.7,4.7,14.0,244,14.01,2.39,873.2,16.8,1267.0,17.891035,73.660194
MH-MHB,2022-10-09,18.9,23.6,15.2,89,100,1.4,1.4,7.9,279,20.11,3.61,874.3,16.8,1267.0,17.891035,73.660194
MH-MHB,2022-10-10,18.9,23.3,16.4,92,100,19.7,19.7,7.1,34,12.5,2.34,874.8,17.4,1267.0,17.891035,73.660194
MH-MHB,2022-10-11,18.9,23.2,16.5,94,100,15.9,15.9,5.8,62,13.48,2.5,874.0,17.8,1267.0,17.891035,73.660194
MH-MHB,2022-10-12,18.1,21.5,16.2,96,100,22.7,22.7,6.9,83,9.08,1.7,874.0,17.3,1267.0,17.891035,73.660194
MH-MHB,2022-10-13,19.0,23.4,15.8,92,100,3.8,3.8,12.7,84,16.22,2.9,874.5,17.5,1267.0,17.891035,73.660194
MH-MHB,2022-10-14,19.0,23.1,17.1,93,100,27.9,27.9,12.8,87,12.54,2.25,874.5,17.7,1267.0,17.891035,73.660194
MH-MHB,2022-10-15,19.4,23.1,16.3,86,100,0.6,0.6,17.5,75,15.61,2.85,873.7,16.9,1267.0,17.891035,73.660194
MH-MHB,2022-10-16,19.6,23.7,17.5,85,99,4.6,4.6,18.6,76,18.28,3.42,874.9,16.9,1267.0,17.891035,73.660194
MH-MHB,2022-10-17,19.0,23.8,17.2,92,99,14.5,14.5,13.3,119,14.46,2.58,876.0,17.6,1267.0,17.891035,73.660194
MH-MHB,2022-10-18,18.3,21.6,16.0,95,100,13.8,13.8,7.2,175,8.93,1.66,875.9,17.5,1267.0,17.891035,73.660194
MH-MHB,2022-10-19,19.0,23.1,16.6,93,100,1.9,1.9,6.8,71,13.76,2.5,875.5,17.7,1267.0,17.891035,73.660194
MH-MHB,2022-10-20,19.1,23.5,16.2,91,99,1.3,1.3,6.2,82,14.98,2.73,875.9,17.4,1267.0,17.891035,73.660194
MH-MHB,2022-10-21,19.1,23.1,16.7,91,100,0.7,0.7,11.5,91,13.35,2.42,877.1,17.4,1267.0,17.891035,73.660194
MH-MHB,2022-10-22,19.3,23.6,16.3,79,98,0.8,0.8,16.7,88,16.08,3.18,878.2,15.3,1267.0,17.891035,73.660194
MH-MHB,2022-10-23,18.7,22.9,15.4,56,65,0.0,0.0,18.1,82,22.7,4.83,877.5,9.6,1267.0,17.891035,73.660194
MH-MHB,2022-10-24,17.4,23.0,11.8,59,77,0.0,0.0,8.2,63,22.79,4.28,875.3,9.0,1267.0,17.891035,73.660194
MH-MHB,2022-10-25,17.8,23.5,11.9,60,79,0.0,0.0,7.6,10,21.75,4.09,875.4,9.4,1267.0,17.891035,73.660194
MH-MHB,2022-10-26,17.7,22.9,12.4,60,73,0.0,0.0,11.2,85,22.65,4.28,876.5,9.5,1267.0,17.891035,73.660194
MH-MHB,2022-10-27,17.4,22.4,11.8,60,82,0.0,0.0,14.8,86,22.55,4.33,876.5,9.2,1267.0,17.891035,73.660194
MH-MHB,2022-10-28,17.2,22.4,11.3,59,83,0.0,0.0,16.9,91,22.44,4.34,875.7,8.6,1267.0,17.891035,73.660194
MH-MHB,2022-10-29,18.0,22.9,13.7,54,69,0.0,0.0,15.4,93,22.07,4.63,875.9,8.2,1267.0,17.891035,73.660194
MH-MHB,2022-10-30,18.2,22.8,14.4,49,58,0.0,0.0,15.3,82,22.27,4.72,876.4,7.1,1267.0,17.891035,73.660194
MH-MHB,2022-10-31,17.8,22.7,12.7,56,69,0.0,0.0,13.7,87,21.76,4.37,875.7,8.6,1267.0,17.891035,73.660194
MH-MHB,2022-11-01,17.4,22.5,11.9,59,84,0.0,0.0,13.7,91,21.95,4.25,876.2,8.9,1267.0,17.891035,73.660194
MH-MHB,2022-11-02,18.8,23.8,14.2,66,77,0.4,0.4,17.0,83,20.42,4.0,876.1,12.2,1267.0,17.891035,73.660194
MH-MHB,2022-11-03,19.2,24.0,15.7,59,76,0.0,0.0,15.9,79,21.49,4.49,876.1,10.6,1267.0,17.891035,73.660194
MH-MHB,2022-11-04,20.1,24.7,16.9,54,63,0.0,0.0,18.8,88,21.27,4.92,877.0,10.4,1267.0,17.891035,73.660194
MH-MHB,2022-11-05,20.5,25.3,17.3,51,61,0.0,0.0,17.6,89,20.21,4.84,878.3,9.8,1267.0,17.891035,73.660194
MH-MHB,2022-11-06,20.0,25.5,16.2,50,65,0.0,0.0,15.5,89,20.35,4.53,878.4,9.0,1267.0,17.891035,73.660194
MH-MHB,2022-11-07,19.3,25.4,14.3,50,65,0.0,0.0,13.0,77,20.05,4.24,877.7,8.1,1267.0,17.891035,73.660194
MH-MHB,2022-11-08,19.3,25.1,14.4,53,68,0.0,0.0,12.0,71,17.05,3.7,877.4,9.0,1267.0,17.891035,73.660194
MH-MHB,2022-11-09,19.3,24.4,15.3,49,63,0.0,0.0,14.3,88,17.32,3.97,877.3,8.1,1267.0,17.891035,73.660194
MH-MHB,2022-11-10,18.6,23.6,15.1,48,59,0.0,0.0,20.9,77,21.3,4.79,877.1,7.0,1267.0,17.891035,73.660194
MH-MHB,2022-11-11,19.0,24.1,14.4,49,67,0.0,0.0,23.3,81,21.27,4.96,877.1,7.8,1267.0,17.891035,73.660194
MH-MHB,2022-11-12,19.5,24.6,16.5,52,65,0.0,0.0,22.0,83,20.95,4.91,877.4,9.1,1267.0,17.891035,73.660194
MH-MHB,2022-11-13,19.3,24.6,15.1,57,69,0.0,0.0,16.2,93,20.83,4.48,876.8,10.2,1267.0,17.891035,73.660194
MH-MHB,2022-11-14,19.9,25.6,16.2,68,86,0.0,0.0,13.7,86,18.19,3.67,877.3,13.5,1267.0,17.891035,73.660194
MH-MHB,2022-11-15,19.5,25.8,14.3,67,88,0.0,0.0,8.7,47,17.72,3.51,877.4,12.8,1267.0,17.891035,73.660194
MH-MHB,2022-11-16,18.7,25.0,12.9,58,82,0.0,0.0,10.5,70,20.1,3.94,876.3,9.7,1267.0,17.891035,73.660194
MH-MHB,2022-11-17,18.2,23.9,13.5,51,74,0.0,0.0,14.5,68,20.66,4.25,876.0,7.4,1267.0,17.891035,73.660194
MH-MHB,2022-11-18,17.5,22.9,13.6,49,58,0.0,0.0,15.2,83,20.53,4.3,875.9,6.3,1267.0,17.891035,73.660194
MH-MHB,2022-11-19,16.9,22.6,11.6,53,71,0.0,0.0,13.3,85,20.42,4.04,875.6,6.9,1267.0,17.891035,73.660194
MH-MHB,2022-11-20,15.8,22.4,9.9,51,74,0.0,0.0,11.5,86,20.66,3.96,874.1,5.0,1267.0,17.891035,73.660194
MH-MHB,2022-11-21,16.2,22.6,9.9,50,71,0.0,0.0,13.0,87,20.51,4.01,873.9,5.3,1267.0,17.891035,73.660194
MH-MHB,2022-11-22,18.8,25.1,14.5,57,74,0.0,0.0,13.0,82,15.87,3.52,875.1,9.7,1267.0,17.891035,73.660194
MH-MHB,2022-11-23,19.7,25.8,15.8,62,78,0.1,0.1,13.7,82,18.05,3.74,875.9,11.9,1267.0,17.891035,73.660194
MH-MHB,2022-11-24,20.3,25.9,16.2,62,76,0.5,0.5,11.4,69,16.11,3.42,876.0,12.5,1267.0,17.891035,73.660194
MH-MHB,2022-11-25,19.9,24.2,16.2,72,85,1.3,1.3,13.4,91,15.35,3.05,876.6,14.6,1267.0,17.891035,73.660194
MH-MHB,2022-11-26,20.1,23.5,17.5,79,95,2.3,2.3,10.0,67,12.92,2.52,876.2,16.1,1267.0,17.891035,73.660194
MH-MHB,2022-11-27,19.7,22.6,17.2,83,97,2.6,2.6,7.8,318,14.3,2.63,874.4,16.6,1267.0,17.891035,73.660194
MH-MHB,2022-11-28,19.7,23.2,16.6,73,93,1.3,1.3,6.9,339,13.36,2.65,874.7,14.5,1267.0,17.891035,73.660194
MH-MHB,2022-11-29,19.2,25.4,14.2,65,82,0.0,0.0,11.2,55,17.18,3.44,875.1,12.0,1267.0,17.891035,73.660194
MH-MHB,2022-11-30,18.7,25.0,13.8,58,76,0.0,0.0,10.9,84,19.02,3.81,875.8,9.8,1267.0,17.891035,73.660194
MH-MHB,2022-12-01,17.9,24.2,12.7,49,61,0.0,0.0,11.3,90,19.6,3.93,875.4,6.6,1267.0,17.891035,73.660194
MH-MHB,2022-12-02,18.6,25.2,13.4,61,80,0.0,0.0,10.4,92,16.72,3.36,875.0,10.5,1267.0,17.891035,73.660194
MH-MHB,2022-12-03,19.2,25.1,14.7,72,87,0.1,0.1,10.2,81,16.25,3.1,875.5,13.7,1267.0,17.891035,73.660194
MH-MHB,2022-12-04,19.4,24.7,15.8,76,91,0.8,0.8,12.1,80,16.05,3.05,876.5,14.8,1267.0,17.891035,73.660194
MH-MHB,2022-12-05,19.8,24.1,16.4,74,91,1.5,1.5,11.7,76,16.0,3.09,877.3,14.8,1267.0,17.891035,73.660194
MH-MHB,2022-12-06,19.9,25.9,15.0,63,90,0.0,0.0,11.2,78,17.73,3.64,876.9,12.1,1267.0,17.891035,73.660194
MH-MHB,2022-12-07,19.3,25.3,14.7,60,78,0.0,0.0,14.8,71,18.88,3.85,876.0,10.9,1267.0,17.891035,73.660194
MH-MHB,2022-12-08,18.2,24.2,13.5,63,85,0.0,0.0,11.7,64,18.6,3.76,875.3,10.4,1267.0,17.891035,73.660194
MH-MHB,2022-12-09,16.8,23.2,12.2,44,66,0.0,0.0,17.3,82,19.93,4.29,873.0,3.6,1267.0,17.891035,73.660194
MH-MHB,2022-12-10,18.5,25.1,13.0,43,60,0.0,0.0,12.7,72,18.89,4.07,873.3,5.3,1267.0,17.891035,73.660194
MH-MHB,2022-12-11,18.9,24.2,15.7,70,90,7.5,7.5,15.3,77,13.86,3.03,874.5,13.2,1267.0,17.891035,73.660194
MH-MHB,2022-12-12,18.7,23.2,15.5,82,99,0.8,0.8,13.7,87,12.19,2.42,874.3,15.3,1267.0,17.891035,73.660194
MH-MHB,2022-12-13,18.9,22.1,16.2,82,97,0.0,0.0,20.8,96,9.26,2.1,874.9,15.7,1267.0,17.891035,73.660194
MH-MHB,2022-12-14,19.6,24.0,16.9,76,94,0.4,0.4,18.6,108,13.01,2.76,876.1,15.0,1267.0,17.891035,73.660194
MH-MHB,2022-12-15,19.3,24.1,15.7,75,86,0.5,0.5,13.4,100,14.77,2.93,876.0,14.4,1267.0,17.891035,73.660194
MH-MHB,2022-12-16,19.7,25.7,14.5,68,91,0.0,0.0,10.5,91,17.88,3.47,875.8,12.9,1267.0,17.891035,73.660194
MH-MHB,2022-12-17,19.7,24.8,15.2,67,83,0.7,0.7,13.3,82,16.39,3.3,876.5,13.2,1267.0,17.891035,73.660194
MH-MHB,2022-12-18,19.8,25.0,15.3,68,89,0.1,0.1,11.6,74,17.07,3.41,876.2,13.4,1267.0,17.891035,73.660194
MH-MHB,2022-12-19,19.3,25.4,15.1,55,75,0.0,0.0,11.1,76,18.33,3.98,875.1,9.7,1267.0,17.891035,73.660194
MH-MHB,2022-12-20,18.7,25.6,12.5,49,64,0.0,0.0,9.7,85,18.75,3.8,874.3,7.4,1267.0,17.891035,73.660194
MH-MHB,2022-12-21,18.8,25.8,12.3,49,70,0.0,0.0,9.6,80,18.73,3.85,874.9,7.2,1267.0,17.891035,73.660194
MH-MHB,2022-12-22,19.2,26.2,13.7,51,69,0.0,0.0,8.3,61,18.52,3.69,875.0,8.2,1267.0,17.891035,73.660194
MH-MHB,2022-12-23,20.1,25.1,14.4,48,73,0.0,0.0,11.2,333,18.61,3.73,875.5,8.2,1267.0,17.891035,73.660194
MH-MHB,2022-12-24,19.9,24.4,14.2,44,59,0.0,0.0,9.4,285,18.75,3.68,875.8,7.1,1267.0,17.891035,73.660194
MH-MHB,2022-12-25,20.0,23.8,14.0,42,67,0.0,0.0,11.0,234,18.88,3.87,876.2,6.1,1267.0,17.891035,73.660194
MH-MHB,2022-12-26,18.3,24.9,12.6,58,77,0.0,0.0,9.4,113,18.5,3.75,876.5,9.7,1267.0,17.891035,73.660194
MH-MHB,2022-12-27,19.3,25.6,14.9,68,81,0.0,0.0,11.0,79,15.77,3.17,878.0,12.7,1267.0,17.891035,73.660194
MH-MHB,2022-12-28,19.8,26.5,13.8,59,83,0.0,0.0,11.2,39,16.89,3.59,879.0,11.0,1267.0,17.891035,73.660194
MH-MHB,2022-12-29,19.4,26.3,14.4,57,76,0.0,0.0,8.3,47,16.86,3.41,879.9,10.1,1267.0,17.891035,73.660194
MH-MHB,2022-12-30,19.1,26.1,14.0,55,71,0.0,0.0,7.8,49,17.49,3.61,880.5,9.3,1267.0,17.891035,73.660194
MH-MHB,2022-12-31,19.1,25.0,14.4,53,71,0.0,0.0,11.6,333,18.31,3.86,879.9,8.8,1267.0,17.891035,73.660194
MH-MHB,2023-01-01,19.8,24.4,14.5,45,62,0.0,0.0,9.3,290,18.77,3.81,879.5,7.0,1267.0,17.891035,73.660194
MH-MHB,2023-01-02,18.5,25.6,12.3,54,78,0.0,0.0,10.8,48,18.67,3.85,878.6,8.7,1267.0,17.891035,73.660194
MH-MHB,2023-01-03,18.6,25.1,13.3,59,83,0.0,0.0,11.5,140,16.53,3.45,878.6,9.9,1267.0,17.891035,73.660194
MH-MHB,2023-01-04,18.7,23.1,14.1,62,88,0.0,0.0,9.0,110,12.77,2.64,877.7,10.9,1267.0,17.891035,73.660194
MH-MHB,2023-01-05,17.9,23.7,13.5,64,87,0.0,0.0,13.7,95,15.35,3.17,878.1,10.4,1267.0,17.891035,73.660194
MH-MHB,2023-01-06,17.8,23.5,12.1,65,87,0.0,0.0,16.7,98,17.68,3.48,879.5,10.7,1267.0,17.891035,73.660194
MH-MHB,2023-01-07,17.8,23.0,14.1,69,95,0.0,0.0,18.0,86,14.32,3.04,879.4,11.7,1267.0,17.891035,73.660194
MH-MHB,2023-01-08,17.3,23.2,12.2,61,85,0.0,0.0,10.5,72,17.76,3.56,878.2,9.2,1267.0,17.891035,73.660194
MH-MHB,2023-01-09,16.9,23.8,11.1,46,65,0.0,0.0,10.1,87,19.59,3.9,878.6,4.9,1267.0,17.891035,73.660194
MH-MHB,2023-01-10,16.9,24.6,11.3,43,61,0.0,0.0,11.9,91,19.88,4.05,878.0,3.7,1267.0,17.891035,73.660194
MH-MHB,2023-01-11,17.1,24.8,10.5,40,58,0.0,0.0,11.6,354,19.84,4.15,876.7,2.8,1267.0,17.891035,73.660194
MH-MHB,2023-01-12,18.2,24.2,11.0,37,70,0.0,0.0,10.4,326,19.99,4.09,876.0,2.2,1267.0,17.891035,73.660194
MH-MHB,2023-01-13,16.5,23.3,8.9,46,79,0.0,0.0,10.2,342,20.14,4.05,875.7,4.1,1267.0,17.891035,73.660194
MH-MHB,2023-01-14,16.9,23.5,10.3,50,72,0.0,0.0,11.5,191,19.97,3.94,875.4,5.8,1267.0,17.891035,73.660194
MH-MHB,2023-01-15,17.2,24.8,10.8,52,76,0.0,0.0,12.4,206,20.07,3.95,874.7,6.7,1267.0,17.891035,73.660194
MH-MHB,2023-01-16,18.9,23.9,13.8,45,69,0.0,0.0,11.5,209,20.22,4.2,875.8,6.0,1267.0,17.891035,73.660194
MH-MHB,2023-01-17,19.3,24.8,14.0,43,70,0.0,0.0,11.1,285,20.08,4.01,876.4,5.9,1267.0,17.891035,73.660194
MH-MHB,2023-01-18,20.2,25.7,14.1,39,54,0.0,0.0,10.4,324,20.07,4.09,877.9,5.4,1267.0,17.891035,73.660194
MH-MHB,2023-01-19,19.4,25.5,12.3,42,67,0.0,0.0,9.4,103,19.99,4.23,877.6,5.6,1267.0,17.891035,73.660194
MH-MHB,2023-01-20,18.4,24.5,12.1,49,73,0.0,0.0,10.6,280,20.02,4.2,877.0,6.6,1267.0,17.891035,73.660194
MH-MHB,2023-01-21,18.4,23.9,11.7,48,70,0.0,0.0,12.0,313,19.81,4.06,876.9,6.7,1267.0,17.891035,73.660194
MH-MHB,2023-01-22,17.3,23.7,11.8,52,69,0.0,0.0,11.2,306,20.01,4.09,875.4,6.8,1267.0,17.891035,73.660194
MH-MHB,2023-01-23,17.1,23.6,11.3,56,79,0.0,0.0,11.8,234,20.28,3.94,874.7,7.5,1267.0,17.891035,73.660194
MH-MHB,2023-01-24,16.7,23.0,11.9,63,83,0.0,0.0,12.0,249,19.87,3.7,874.7,9.2,1267.0,17.891035,73.660194
MH-MHB,2023-01-25,17.4,23.1,12.0,65,87,0.3,0.3,11.0,227,18.45,3.5,874.8,10.4,1267.0,17.891035,73.660194
MH-MHB,2023-01-26,18.4,23.8,13.6,67,86,1.7,1.7,12.6,113,17.88,3.44,875.6,11.8,1267.0,17.891035,73.660194
MH-MHB,2023-01-27,19.3,25.8,14.4,58,85,0.0,0.0,16.3,95,19.76,4.19,876.0,9.8,1267.0,17.891035,73.660194
MH-MHB,2023-01-28,18.8,25.6,12.8,43,63,0.0,0.0,14.8,117,20.99,4.36,875.2,4.8,1267.0,17.891035,73.660194
MH-MHB,2023-01-29,18.3,23.7,13.9,67,100,0.1,0.1,12.0,218,20.01,3.82,874.2,11.5,1267.0,17.891035,73.660194
MH-MHB,2023-01-30,18.0,24.8,12.3,67,100,0.0,0.0,9.3,78,20.23,3.89,875.7,11.0,1267.0,17.891035,73.660194
MH-MHB,2023-01-31,19.1,25.0,13.8,52,70,0.0,0.0,12.6,83,17.94,3.87,876.2,8.4,1267.0,17.891035,73.660194
MH-MHB,2023-02-01,18.9,24.0,14.5,59,80,0.0,0.0,15.1,84,16.66,3.75,876.4,10.3,1267.0,17.891035,73.660194
MH-MHB,2023-02-02,19.3,25.1,15.4,53,73,0.0,0.0,17.4,88,20.62,4.54,876.8,8.9,1267.0,17.891035,73.660194
MH-MHB,2023-02-03,19.1,25.1,13.0,41,63,0.0,0.0,14.8,85,21.41,4.71,877.0,5.0,1267.0,17.891035,73.660194
MH-MHB,2023-02-04,19.0,26.9,13.4,41,59,0.0,0.0,12.6,56,21.58,4.75,875.8,4.6,1267.0,17.891035,73.660194
MH-MHB,2023-02-05,19.4,26.9,12.9,40,56,0.0,0.0,12.5,11,21.69,4.87,875.4,4.7,1267.0,17.891035,73.660194
MH-MHB,2023-02-06,20.1,26.1,14.7,38,51,0.0,0.0,12.4,308,21.81,4.93,876.1,5.0,1267.0,17.891035,73.660194
MH-MHB,2023-02-07,20.4,26.7,12.8,39,62,0.0,0.0,11.8,315,21.8,4.77,875.7,5.2,1267.0,17.891035,73.660194
MH-MHB,2023-02-08,21.1,28.6,13.8,38,56,0.0,0.0,8.7,66,21.75,4.55,876.3,5.8,1267.0,17.891035,73.660194
MH-MHB,2023-02-09,20.8,29.3,12.5,38,67,0.0,0.0,8.5,46,22.38,4.94,876.8,4.3,1267.0,17.891035,73.660194
MH-MHB,2023-02-10,21.2,29.4,14.2,32,50,0.0,0.0,10.1,23,22.35,5.03,877.9,2.7,1267.0,17.891035,73.660194
MH-MHB,2023-02-11,21.7,29.4,14.8,29,43,0.0,0.0,11.4,15,22.4,5.25,878.3,2.4,1267.0,17.891035,73.660194
MH-MHB,2023-02-12,21.5,29.7,13.9,28,42,0.0,0.0,15.4,70,22.65,5.42,878.5,1.7,1267.0,17.891035,73.660194
MH-MHB,2023-02-13,21.0,28.3,15.4,29,47,0.0,0.0,16.1,86,22.98,5.83,878.8,1.5,1267.0,17.891035,73.660194
MH-MHB,2023-02-14,20.4,28.4,13.2,28,46,0.0,0.0,11.2,82,23.09,5.23,878.1,0.4,1267.0,17.891035,73.660194
MH-MHB,2023-02-15,20.6,29.2,11.8,23,42,0.0,0.0,11.9,80,23.5,5.57,876.8,-2.6,1267.0,17.891035,73.660194
MH-MHB,2023-02-16,20.8,28.6,12.6,25,45,0.0,0.0,14.0,71,23.5,5.88,877.3,-0.8,1267.0,17.891035,73.660194
MH-MHB,2023-02-17,21.1,28.5,13.9,27,45,0.0,0.0,13.8,70,23.41,5.77,877.7,0.1,1267.0,17.891035,73.660194
MH-MHB,2023-02-18,20.9,29.0,13.5,26,46,0.0,0.0,14.6,77,23.84,5.69,877.4,-0.2,1267.0,17.891035,73.660194
MH-MHB,2023-02-19,20.5,28.5,13.0,28,45,0.0,0.0,15.5,79,23.93,5.69,877.2,0.7,1267.0,17.891035,73.660194
MH-MHB,2023-02-20,21.2,29.4,14.4,37,62,0.0,0.0,8.9,49,23.34,5.07,877.6,5.0,1267.0,17.891035,73.660194
MH-MHB,2023-02-21,21.9,29.5,15.2,36,54,0.0,0.0,11.8,342,23.36,5.43,878.1,5.1,1267.0,17.891035,73.660194
MH-MHB,2023-02-22,22.7,30.1,15.7,30,47,0.0,0.0,11.8,36,23.4,5.51,877.7,3.3,1267.0,17.891035,73.660194
MH-MHB,2023-02-23,22.0,30.3,14.5,32,50,0.0,0.0,10.7,70,23.65,5.39,876.9,3.1,1267.0,17.891035,73.660194
MH-MHB,2023-02-24,22.0,30.1,15.0,28,44,0.0,0.0,11.9,71,23.85,5.62,878.0,1.9,1267.0,17.891035,73.660194
MH-MHB,2023-02-25,22.9,30.2,16.0,25,39,0.0,0.0,11.5,74,23.77,5.6,879.5,0.8,1267.0,17.891035,73.660194
MH-MHB,2023-02-26,22.2,30.2,15.3,24,37,0.0,0.0,12.3,63,23.91,5.71,879.8,0.1,1267.0,17.891035,73.660194
MH-MHB,2023-02-27,21.4,29.1,15.5,35,63,0.0,0.0,16.2,281,23.6,5.49,879.6,4.4,1267.0,17.891035,73.660194
MH-MHB,2023-02-28,21.6,28.9,16.6,29,47,0.0,0.0,14.7,321,20.87,5.15,879.6,2.2,1267.0,17.891035,73.660194
MH-MHB,2023-03-01,22.3,28.9,15.8,25,36,0.0,0.0,13.1,51,23.31,5.54,880.2,0.9,1267.0,17.891035,73.660194
MH-MHB,2023-03-02,21.6,29.3,15.3,33,51,0.0,0.0,11.1,83,22.73,5.38,880.3,3.5,1267.0,17.891035,73.660194
MH-MHB,2023-03-03,21.8,29.4,15.4,32,49,0.0,0.0,14.6,89,23.62,5.54,880.9,3.3,1267.0,17.891035,73.660194
MH-MHB,2023-03-04,22.2,28.8,16.5,32,46,0.0,0.0,14.4,71,16.82,4.51,881.0,3.9,1267.0,17.891035,73.660194
MH-MHB,2023-03-05,22.3,29.8,16.4,34,46,0.0,0.0,9.0,56,20.09,4.9,880.6,4.6,1267.0,17.891035,73.660194
MH-MHB,2023-03-06,21.9,28.9,16.2,38,60,0.5,0.5,12.9,78,17.38,4.61,879.3,6.1,1267.0,17.891035,73.660194
MH-MHB,2023-03-07,19.7,25.0,14.9,47,74,1.5,1.5,15.6,77,20.69,4.78,879.0,7.7,1267.0,17.891035,73.660194
MH-MHB,2023-03-08,21.5,27.5,14.6,38,60,0.0,0.0,14.4,71,21.52,5.07,878.9,5.7,1267.0,17.891035,73.660194
MH-MHB,2023-03-09,22.5,27.7,18.4,33,44,0.3,0.3,20.0,70,18.8,5.22,878.7,5.0,1267.0,17.891035,73.660194
MH-MHB,2023-03-10,22.0,28.2,17.6,35,49,0.0,0.0,12.2,76,18.24,4.68,877.9,5.2,1267.0,17.891035,73.660194
MH-MHB,2023-03-11,22.1,29.1,16.4,34,47,0.0,0.0,15.9,87,20.2,5.23,877.7,4.6,1267.0,17.891035,73.660194
MH-MHB,2023-03-12,22.1,29.4,16.8,38,53,0.0,0.0,13.2,88,18.81,4.94,877.3,6.5,1267.0,17.891035,73.660194
MH-MHB,2023-03-13,22.0,28.9,16.6,40,62,0.0,0.0,11.2,86,15.81,4.16,876.7,6.5,1267.0,17.891035,73.660194
MH-MHB,2023-03-14,22.4,28.6,16.0,40,60,0.0,0.0,9.8,358,14.65,3.99,875.5,6.8,1267.0,17.891035,73.660194
MH-MHB,2023-03-15,22.1,28.3,17.1,49,98,0.1,0.1,11.2,44,15.44,3.71,874.5,9.2,1267.0,17.891035,73.660194
MH-MHB,2023-03-16,19.2,25.5,15.5,71,89,4.2,4.2,11.2,83,16.06,3.28,875.0,13.2,1267.0,17.891035,73.660194
MH-MHB,2023-03-17,19.1,25.7,14.3,68,97,0.1,0.1,15.4,305,18.53,3.94,874.9,11.8,1267.0,17.891035,73.660194
MH-MHB,2023-03-18,19.0,25.2,13.8,70,98,1.7,1.7,15.9,306,20.89,4.26,873.9,12.3,1267.0,17.891035,73.660194
MH-MHB,2023-03-19,18.1,24.4,12.4,63,95,0.2,0.2,17.3,289,23.55,4.83,873.4,9.2,1267.0,17.891035,73.660194
MH-MHB,2023-03-20,17.6,24.1,12.6,66,98,0.0,0.0,14.7,305,25.12,4.94,873.0,9.1,1267.0,17.891035,73.660194
MH-MHB,2023-03-21,17.2,22.5,11.5,66,88,3.5,3.5,14.7,298,21.97,4.29,873.4,10.4,1267.0,17.891035,73.660194
MH-MHB,2023-03-22,17.8,24.0,12.2,63,89,0.0,0.0,13.9,319,24.26,4.87,874.4,9.7,1267.0,17.891035,73.660194
MH-MHB,2023-03-23,18.4,24.7,12.3,65,89,0.1,0.1,14.0,315,23.45,4.78,874.7,10.8,1267.0,17.891035,73.660194
MH-MHB,2023-03-24,19.4,26.9,13.2,54,80,0.0,0.0,16.6,323,25.02,5.5,874.8,9.1,1267.0,17.891035,73.660194
MH-MHB,2023-03-25,19.4,26.9,12.5,35,69,0.0,0.0,14.7,318,26.4,5.96,875.5,1.9,1267.0,17.891035,73.660194
MH-MHB,2023-03-26,19.0,26.2,12.0,41,89,0.0,0.0,13.0,309,26.43,5.76,875.1,3.0,1267.0,17.891035,73.660194
MH-MHB,2023-03-27,18.8,27.0,11.5,56,94,0.0,0.0,12.6,318,26.69,5.47,874.9,7.0,1267.0,17.891035,73.660194
MH-MHB,2023-03-28,19.6,27.4,12.7,55,89,0.0,0.0,13.4,317,26.35,5.56,874.6,8.6,1267.0,17.891035,73.660194
MH-MHB,2023-03-29,21.2,27.1,14.9,49,84,0.0,0.0,15.2,279,26.6,5.44,875.8,9.0,1267.0,17.891035,73.660194
MH-MHB,2023-03-30,19.3,25.6,13.6,59,93,0.1,0.1,14.0,279,25.76,5.05,874.8,10.5,1267.0,17.891035,73.660194
MH-MHB,2023-03-31,18.3,25.0,12.8,73,99,0.7,0.7,15.0,299,23.1,4.54,874.2,12.6,1267.0,17.891035,73.660194
MH-MHB,2023-04-01,19.7,26.3,13.7,50,92,0.0,0.0,15.4,317,26.51,5.68,874.9,7.5,1267.0,17.891035,73.660194
MH-MHB,2023-04-02,18.8,26.4,12.0,62,98,0.0,0.0,13.7,302,26.64,5.4,874.3,10.0,1267.0,17.891035,73.660194
MH-MHB,2023-04-03,18.6,27.4,11.5,70,100,0.0,0.0,12.4,313,26.83,5.32,873.9,11.1,1267.0,17.891035,73.660194
MH-MHB,2023-04-04,21.0,29.1,13.2,58,95,0.0,0.0,15.8,295,24.66,5.38,875.2,10.8,1267.0,17.891035,73.660194
MH-MHB,2023-04-05,22.1,28.4,15.7,53,76,0.4,0.4,12.4,326,22.04,4.92,875.6,11.5,1267.0,17.891035,73.660194
MH-MHB,2023-04-06,24.3,29.5,19.1,39,58,0.0,0.0,10.7,360,19.9,5.04,876.3,8.6,1267.0,17.891035,73.660194
MH-MHB,2023-04-07,23.1,28.6,18.6,49,69,6.6,6.6,13.8,71,18.4,4.59,877.4,11.4,1267.0,17.891035,73.660194
MH-MHB,2023-04-08,20.8,26.6,16.3,68,86,4.9,4.9,14.2,91,17.77,3.95,878.5,14.3,1267.0,17.891035,73.660194
MH-MHB,2023-04-09,22.0,29.5,17.5,61,81,1.5,1.5,13.9,93,19.72,4.41,878.9,13.4,1267.0,17.891035,73.660194
MH-MHB,2023-04-10,23.2,30.5,16.2,51,81,0.0,0.0,13.1,102,22.85,5.25,877.8,11.5,1267.0,17.891035,73.660194
MH-MHB,2023-04-11,24.4,31.1,19.2,47,65,0.0,0.0,13.3,354,21.22,5.31,878.4,11.5,1267.0,17.891035,73.660194
MH-MHB,2023-04-12,25.8,31.8,18.6,38,61,0.0,0.0,11.0,49,21.81,5.66,878.1,9.3,1267.0,17.891035,73.660194
MH-MHB,2023-04-13,25.5,32.4,20.2,40,62,1.1,1.1,10.9,22,19.18,5.18,878.0,10.1,1267.0,17.891035,73.660194
MH-MHB,2023-04-14,25.3,30.4,20.9,40,67,0.1,0.1,8.7,90,19.31,4.88,877.8,10.1,1267.0,17.891035,73.660194
MH-MHB,2023-04-15,23.8,30.7,18.9,49,73,1.3,1.3,12.5,42,23.23,5.3,877.2,11.6,1267.0,17.891035,73.660194
MH-MHB,2023-04-16,24.0,30.7,17.3,48,73,0.0,0.0,11.8,330,23.04,5.32,876.0,11.3,1267.0,17.891035,73.660194
MH-MHB,2023-04-17,24.3,31.3,19.4,45,76,3.6,3.6,9.7,42,18.04,4.28,876.2,10.9,1267.0,17.891035,73.660194
MH-MHB,2023-04-18,25.4,31.9,20.6,40,58,0.1,0.1,12.7,59,20.78,5.44,877.0,10.1,1267.0,17.891035,73.660194
MH-MHB,2023-04-19,25.5,32.5,19.6,40,59,0.0,0.0,13.4,50,22.14,5.72,875.5,10.2,1267.0,17.891035,73.660194
MH-MHB,2023-04-20,24.1,29.5,17.9,52,89,0.6,0.6,13.2,311,23.07,5.37,873.8,12.7,1267.0,17.891035,73.660194
MH-MHB,2023-04-21,22.7,29.1,17.4,41,68,0.0,0.0,15.3,316,25.53,6.06,873.3,7.8,1267.0,17.891035,73.660194
MH-MHB,2023-04-22,21.3,27.6,15.8,46,91,0.0,0.0,15.3,314,25.79,5.94,873.2,8.2,1267.0,17.891035,73.660194
MH-MHB,2023-04-23,20.8,28.0,14.2,54,90,0.0,0.0,14.9,329,25.55,5.68,873.0,10.1,1267.0,17.891035,73.660194
MH-MHB,2023-04-24,22.3,30.8,15.7,55,89,0.0,0.0,15.1,336,24.6,5.51,874.0,11.0,1267.0,17.891035,73.660194
MH-MHB,2023-04-25,22.6,29.7,16.6,56,100,0.0,0.0,16.6,262,24.36,5.53,874.5,11.8,1267.0,17.891035,73.660194
MH-MHB,2023-04-26,21.0,26.7,15.4,70,99,0.8,0.8,12.7,251,21.24,4.48,874.5,14.3,1267.0,17.891035,73.660194
MH-MHB,2023-04-27,21.8,27.9,16.8,69,99,0.8,0.8,13.9,273,22.09,4.68,874.7,14.9,1267.0,17.891035,73.660194
MH-MHB,2023-04-28,21.7,27.3,17.3,70,96,3.1,3.1,13.3,257,21.92,4.48,875.5,15.4,1267.0,17.891035,73.660194
MH-MHB,2023-04-29,21.1,26.9,16.5,68,96,0.6,0.6,15.3,257,23.95,4.89,874.6,14.3,1267.0,17.891035,73.660194
MH-MHB,2023-04-30,21.0,27.5,15.3,61,95,0.2,0.2,16.8,287,24.76,5.25,873.2,12.0,1267.0,17.891035,73.660194
MH-MHB,2023-05-01,20.3,27.1,14.8,60,93,0.0,0.0,16.9,297,27.33,5.73,872.9,10.6,1267.0,17.891035,73.660194
MH-MHB,2023-05-02,19.6,25.0,14.6,72,97,0.8,0.8,11.9,281,19.93,4.0,873.5,14.2,1267.0,17.891035,73.660194
MH-MHB,2023-05-03,19.8,25.1,15.4,75,99,1.6,1.6,12.0,299,22.89,4.52,874.8,14.6,1267.0,17.891035,73.660194
MH-MHB,2023-05-04,19.9,26.7,14.0,69,98,0.3,0.3,13.8,307,23.96,4.86,874.1,13.2,1267.0,17.891035,73.660194
MH-MHB,2023-05-05,20.8,27.7,15.9,71,98,0.6,0.6,14.0,284,23.36,4.79,873.9,14.5,1267.0,17.891035,73.660194
MH-MHB,2023-05-06,20.8,26.9,15.4,73,100,2.6,2.6,10.8,319,23.13,4.67,873.9,15.1,1267.0,17.891035,73.660194
MH-MHB,2023-05-07,20.5,25.6,16.9,83,100,12.8,12.8,8.1,314,17.59,3.38,874.1,17.3,1267.0,17.891035,73.660194
MH-MHB,2023-05-08,20.4,25.5,18.8,90,100,22.2,22.2,8.2,330,11.34,2.28,873.8,18.6,1267.0,17.891035,73.660194
MH-MHB,2023-05-09,21.7,27.0,18.3,83,93,5.5,5.5,9.5,22,16.43,3.24,874.5,18.6,1267.0,17.891035,73.660194
MH-MHB,2023-05-10,22.9,27.5,19.5,77,91,5.7,5.7,10.4,337,19.11,3.88,874.4,18.6,1267.0,17.891035,73.660194
MH-MHB,2023-05-11,23.8,29.3,19.0,69,94,0.4,0.4,9.8,313,22.13,4.72,874.9,17.5,1267.0,17.891035,73.660194
MH-MHB,2023-05-12,23.5,29.6,18.5,72,100,0.0,0.0,13.8,302,24.61,5.19,875.4,17.3,1267.0,17.891035,73.660194
MH-MHB,2023-05-13,22.2,28.0,17.6,81,100,0.6,0.6,13.9,282,24.96,4.91,875.7,18.3,1267.0,17.891035,73.660194
MH-MHB,2023-05-14,22.0,28.2,17.1,69,98,0.0,0.0,15.9,300,27.3,5.66,874.9,15.1,1267.0,17.891035,73.660194
MH-MHB,2023-05-15,21.3,27.2,16.4,80,100,0.7,0.7,15.5,300,24.02,4.7,875.3,17.3,1267.0,17.891035,73.660194
MH-MHB,2023-05-16,21.7,28.0,17.2,74,100,0.0,0.0,15.0,319,26.41,5.37,876.6,16.1,1267.0,17.891035,73.660194
MH-MHB,2023-05-17,22.8,29.4,16.6,62,100,0.0,0.0,14.9,315,26.23,5.83,876.8,14.1,1267.0,17.891035,73.660194
MH-MHB,2023-05-18,22.9,29.7,17.2,67,100,0.0,0.0,13.2,322,25.44,5.52,877.7,15.2,1267.0,17.891035,73.660194
MH-MHB,2023-05-19,23.9,30.8,18.0,57,100,0.0,0.0,15.4,318,27.11,6.19,876.6,13.0,1267.0,17.891035,73.660194
MH-MHB,2023-05-20,22.7,28.5,17.9,67,98,0.9,0.9,11.9,318,24.31,5.25,876.1,15.4,1267.0,17.891035,73.660194
MH-MHB,2023-05-21,22.3,28.4,16.8,69,96,0.2,0.2,13.9,319,24.17,5.15,876.4,15.6,1267.0,17.891035,73.660194
MH-MHB,2023-05-22,23.1,29.0,18.6,62,94,0.2,0.2,14.8,326,24.28,5.35,877.1,14.8,1267.0,17.891035,73.660194
MH-MHB,2023-05-23,24.1,30.4,19.1,56,81,0.2,0.2,14.0,317,24.27,5.51,877.3,14.0,1267.0,17.891035,73.660194
MH-MHB,2023-05-24,22.5,28.7,18.4,72,98,0.1,0.1,13.7,295,25.22,5.25,877.0,16.5,1267.0,17.891035,73.660194
MH-MHB,2023-05-25,21.7,27.7,17.9,80,100,0.0,0.0,17.3,282,24.88,4.92,877.4,17.5,1267.0,17.891035,73.660194
MH-MHB,2023-05-26,20.9,24.9,18.3,86,100,4.4,4.4,16.9,274,21.74,4.01,877.6,18.1,1267.0,17.891035,73.660194
MH-MHB,2023-05-27,21.4,27.3,17.5,77,100,0.0,0.0,14.6,290,24.7,4.98,876.6,16.5,1267.0,17.891035,73.660194
MH-MHB,2023-05-28,22.2,29.2,17.6,73,100,0.0,0.0,14.5,315,25.64,5.35,875.9,16.2,1267.0,17.891035,73.660194
MH-MHB,2023-05-29,23.4,31.0,18.1,70,99,1.7,1.7,12.9,334,23.48,5.12,875.8,16.3,1267.0,17.891035,73.660194
MH-MHB,2023-05-30,24.1,31.1,18.7,64,99,0.1,0.1,15.1,325,23.25,5.34,876.1,15.2,1267.0,17.891035,73.660194
MH-MHB,2023-05-31,24.5,31.3,18.9,65,99,0.0,0.0,12.0,335,22.15,5.1,875.7,16.0,1267.0,17.891035,73.660194
MH-MHB,2023-06-01,23.6,30.3,18.7,69,100,0.0,0.0,14.4,313,23.84,5.19,875.5,16.4,1267.0,17.891035,73.660194
MH-MHB,2023-06-02,22.5,28.0,18.7,76,100,0.0,0.0,14.0,305,25.97,5.32,876.0,17.3,1267.0,17.891035,73.660194
MH-MHB,2023-06-03,22.6,29.1,18.3,79,100,0.1,0.1,14.0,305,25.86,5.28,875.6,18.1,1267.0,17.891035,73.660194
MH-MHB,2023-06-04,21.4,25.5,18.0,84,100,2.7,2.7,15.2,293,19.8,3.73,875.1,18.4,1267.0,17.891035,73.660194
MH-MHB,2023-06-05,22.0,26.3,17.7,83,100,1.0,1.0,14.2,285,23.44,4.56,874.8,18.7,1267.0,17.891035,73.660194
MH-MHB,2023-06-06,22.3,28.3,18.3,76,100,0.0,0.0,12.4,287,26.14,5.26,874.6,17.2,1267.0,17.891035,73.660194
MH-MHB,2023-06-07,22.1,27.8,18.6,80,100,1.5,1.5,12.1,261,23.03,4.62,874.4,18.1,1267.0,17.891035,73.660194
MH-MHB,2023-06-08,22.0,28.1,18.9,84,100,2.7,2.7,12.4,237,23.12,4.47,874.8,18.8,1267.0,17.891035,73.660194
MH-MHB,2023-06-09,21.4,26.7,18.7,86,100,14.2,14.2,14.8,206,20.73,3.93,873.0,18.8,1267.0,17.891035,73.660194
MH-MHB,2023-06-10,21.1,25.3,18.9,88,100,9.5,9.5,17.4,193,16.72,3.16,871.8,18.8,1267.0,17.891035,73.660194
MH-MHB,2023-06-11,20.5,24.1,18.2,88,100,7.4,7.4,20.7,189,20.52,3.55,871.2,18.3,1267.0,17.891035,73.660194
MH-MHB,2023-06-12,20.8,25.7,18.4,86,100,5.2,5.2,24.2,192,21.2,3.91,871.1,18.1,1267.0,17.891035,73.660194
MH-MHB,2023-06-13,19.9,22.7,18.3,92,100,15.5,15.5,20.2,207,19.07,3.1,872.0,18.6,1267.0,17.891035,73.660194
MH-MHB,2023-06-14,19.5,22.4,18.3,96,100,11.4,11.4,18.2,218,14.29,2.32,873.4,18.7,1267.0,17.891035,73.660194
MH-MHB,2023-06-15,20.3,23.9,18.7,90,100,8.7,8.7,20.2,228,19.49,3.36,873.9,18.4,1267.0,17.891035,73.660194
MH-MHB,2023-06-16,19.5,22.7,18.3,95,100,13.9,13.9,22.4,227,16.34,2.57,873.0,18.6,1267.0,17.891035,73.660194
MH-MHB,2023-06-17,20.0,23.1,18.5,93,100,12.0,12.0,19.3,243,18.09,2.97,873.5,18.9,1267.0,17.891035,73.660194
MH-MHB,2023-06-18,19.7,23.1,18.6,95,100,8.4,8.4,17.3,264,18.31,2.92,873.7,18.8,1267.0,17.891035,73.660194
MH-MHB,2023-06-19,20.6,24.7,18.5,88,100,3.1,3.1,16.6,274,19.31,3.53,873.1,18.3,1267.0,17.891035,73.660194
MH-MHB,2023-06-20,20.5,23.7,18.5,89,100,5.2,5.2,15.9,265,20.26,3.59,872.3,18.5,1267.0,17.891035,73.660194
MH-MHB,2023-06-21,20.6,23.8,18.4,89,100,3.0,3.0,15.8,269,19.05,3.4,872.6,18.6,1267.0,17.891035,73.660194
MH-MHB,2023-06-22,20.7,23.7,18.5,88,100,3.6,3.6,16.6,265,22.8,4.01,872.9,18.5,1267.0,17.891035,73.660194
MH-MHB,2023-06-23,20.0,23.5,18.5,93,100,9.6,9.6,15.1,240,18.82,3.21,872.3,18.7,1267.0,17.891035,73.660194
MH-MHB,2023-06-24,19.0,21.1,18.1,99,100,20.9,20.9,13.2,244,9.47,1.58,870.7,18.9,1267.0,17.891035,73.660194
MH-MHB,2023-06-25,18.5,20.1,17.9,99,100,14.9,14.9,15.8,247,7.35,1.25,870.7,18.2,1267.0,17.891035,73.660194
MH-MHB,2023-06-26,18.3,19.1,17.6,99,100,14.2,14.2,16.9,247,6.27,1.03,871.6,18.1,1267.0,17.891035,73.660194
MH-MHB,2023-06-27,18.3,19.0,17.6,98,100,10.9,10.9,13.0,246,6.52,1.16,871.5,17.9,1267.0,17.891035,73.660194
MH-MHB,2023-06-28,18.5,19.9,17.7,99,100,43.3,43.3,16.6,245,6.63,1.14,872.1,18.3,1267.0,17.891035,73.660194
MH-MHB,2023-06-29,18.3,19.2,17.7,100,100,44.8,44.8,16.6,256,6.76,1.12,872.3,18.3,1267.0,17.891035,73.660194
MH-MHB,2023-06-30,18.3,19.1,17.8,100,100,78.8,78.8,18.5,252,5.48,0.9,872.4,18.2,1267.0,17.891035,73.660194
MH-MHB,2023-07-01,18.2,19.6,17.2,99,100,31.8,31.8,16.1,249,9.22,1.44,872.9,18.1,1267.0,17.891035,73.660194
MH-MHB,2023-07-02,18.5,20.0,17.6,100,100,25.8,25.8,14.3,246,5.79,0.97,872.4,18.4,1267.0,17.891035,73.660194
MH-MHB,2023-07-03,19.1,21.6,17.9,98,100,20.8,20.8,12.3,246,9.79,1.68,871.0,18.8,1267.0,17.891035,73.660194
MH-MHB,2023-07-04,18.9,19.5,18.2,100,100,33.6,33.6,14.8,258,5.04,0.91,869.4,18.8,1267.0,17.891035,73.660194
MH-MHB,2023-07-05,19.0,21.5,18.3,98,100,39.1,39.1,12.6,256,9.31,1.63,867.8,18.7,1267.0,17.891035,73.660194
MH-MHB,2023-07-06,18.4,19.5,17.6,100,100,67.4,67.4,20.5,244,7.86,1.16,869.0,18.3,1267.0,17.891035,73.660194
MH-MHB,2023-07-07,18.5,19.5,17.9,100,100,81.1,81.1,19.5,246,6.25,0.97,870.3,18.5,1267.0,17.891035,73.660194
MH-MHB,2023-07-08,18.2,19.4,17.5,100,100,45.3,45.3,16.6,245,7.83,1.19,871.8,18.2,1267.0,17.891035,73.660194
MH-MHB,2023-07-09,18.3,19.8,17.6,99,100,23.5,23.5,17.9,247,10.55,1.57,872.3,18.2,1267.0,17.891035,73.660194
MH-MHB,2023-07-10,18.4,20.8,17.8,99,100,16.8,16.8,16.3,250,10.93,1.67,872.6,18.2,1267.0,17.891035,73.660194
MH-MHB,2023-07-11,18.3,20.2,17.5,98,100,12.7,12.7,13.0,267,11.24,1.8,872.7,17.9,1267.0,17.891035,73.660194
MH-MHB,2023-07-12,18.6,19.9,18.0,96,100,10.2,10.2,13.4,264,10.86,1.82,871.9,18.1,1267.0,17.891035,73.660194
MH-MHB,2023-07-13,18.4,19.9,17.5,98,100,12.1,12.1,12.8,244,10.2,1.68,871.6,18.0,1267.0,17.891035,73.660194
MH-MHB,2023-07-14,18.2,19.2,17.6,100,100,22.3,22.3,15.9,258,6.17,1.0,872.6,18.2,1267.0,17.891035,73.660194
MH-MHB,2023-07-15,18.2,18.8,17.6,99,100,11.3,11.3,15.2,263,6.66,1.1,873.0,18.1,1267.0,17.891035,73.660194
MH-MHB,2023-07-16,18.1,19.6,17.5,99,100,16.8,16.8,14.8,253,8.17,1.34,872.3,18.0,1267.0,17.891035,73.660194
MH-MHB,2023-07-17,17.9,19.1,17.0,99,100,23.5,23.5,15.3,255,7.3,1.16,871.3,17.8,1267.0,17.891035,73.660194
MH-MHB,2023-07-18,17.9,18.4,17.5,100,100,66.5,66.5,19.4,256,3.18,0.56,870.2,17.8,1267.0,17.891035,73.660194
MH-MHB,2023-07-19,18.1,18.9,17.5,100,100,104.9,104.9,21.6,263,3.4,0.58,868.5,18.0,1267.0,17.891035,73.660194
MH-MHB,2023-07-20,18.1,18.9,17.7,100,100,65.8,65.8,22.1,261,5.37,0.8,868.8,18.1,1267.0,17.891035,73.660194
MH-MHB,2023-07-21,18.2,19.0,17.6,100,100,43.3,43.3,17.7,263,3.95,0.7,870.3,18.1,1267.0,17.891035,73.660194
MH-MHB,2023-07-22,18.0,18.8,17.7,100,100,69.7,69.7,18.9,261,4.2,0.7,870.8,18.0,1267.0,17.891035,73.660194
MH-MHB,2023-07-23,18.3,19.1,17.8,100,100,115.4,115.4,19.6,257,3.92,0.69,870.5,18.3,1267.0,17.891035,73.660194
MH-MHB,2023-07-24,18.2,19.4,17.5,100,100,88.2,88.2,18.3,256,7.08,1.07,870.5,18.2,1267.0,17.891035,73.660194
MH-MHB,2023-07-25,18.0,18.7,17.5,100,100,70.4,70.4,16.8,262,3.18,0.6,871.7,17.9,1267.0,17.891035,73.660194
MH-MHB,2023-07-26,18.0,18.9,17.6,100,100,70.4,70.4,17.7,267,4.21,0.72,872.5,18.0,1267.0,17.891035,73.660194
MH-MHB,2023-07-27,17.9,18.5,17.4,100,100,94.2,94.2,21.6,269,3.3,0.56,872.7,17.8,1267.0,17.891035,73.660194
MH-MHB,2023-07-28,17.8,19.0,17.3,100,100,46.3,46.3,19.6,269,4.46,0.74,872.7,17.7,1267.0,17.891035,73.660194
MH-MHB,2023-07-29,17.6,18.3,17.1,99,100,29.8,29.8,20.5,267,4.08,0.7,873.1,17.5,1267.0,17.891035,73.660194
MH-MHB,2023-07-30,18.0,20.0,17.4,100,100,24.8,24.8,20.2,262,9.47,1.4,872.7,18.0,1267.0,17.891035,73.660194
MH-MHB,2023-07-31,18.1,18.9,17.5,100,100,38.1,38.1,19.6,263,7.72,1.15,872.2,18.0,1267.0,17.891035,73.660194
MH-MHB,2023-08-01,18.0,18.7,17.5,99,100,32.9,32.9,20.5,259,7.29,1.08,872.2,17.9,1267.0,17.891035,73.660194
MH-MHB,2023-08-02,17.8,19.1,17.3,98,100,15.7,15.7,21.5,258,9.46,1.42,872.7,17.4,1267.0,17.891035,73.660194
MH-MHB,2023-08-03,17.7,18.6,17.0,100,100,27.4,27.4,22.9,258,8.55,1.15,872.3,17.7,1267.0,17.891035,73.660194
MH-MHB,2023-08-04,17.8,19.0,17.0,99,100,18.2,18.2,18.7,258,7.29,1.08,873.2,17.8,1267.0,17.891035,73.660194
MH-MHB,2023-08-05,18.1,19.2,17.3,99,100,23.6,23.6,18.5,258,7.72,1.17,874.9,18.0,1267.0,17.891035,73.660194
MH-MHB,2023-08-06,18.1,19.3,17.4,97,100,17.7,17.7,18.8,262,12.32,1.82,874.5,17.6,1267.0,17.891035,73.660194
MH-MHB,2023-08-07,18.2,20.3,17.4,96,100,16.8,16.8,21.7,261,15.54,2.28,873.0,17.6,1267.0,17.891035,73.660194
MH-MHB,2023-08-08,18.3,19.7,17.6,96,100,16.0,16.0,16.8,261,12.84,1.99,873.3,17.7,1267.0,17.891035,73.660194
MH-MHB,2023-08-09,18.6,20.8,17.6,95,100,13.6,13.6,16.3,272,16.57,2.6,875.1,17.7,1267.0,17.891035,73.660194
MH-MHB,2023-08-10,18.5,20.8,17.6,96,100,10.9,10.9,14.8,272,15.51,2.44,875.6,17.8,1267.0,17.891035,73.660194
MH-MHB,2023-08-11,18.5,20.8,17.2,94,100,8.0,8.0,12.7,285,18.2,2.95,875.2,17.4,1267.0,17.891035,73.660194
MH-MHB,2023-08-12,18.2,20.8,17.0,95,100,9.3,9.3,16.4,275,16.89,2.67,874.8,17.3,1267.0,17.891035,73.660194
MH-MHB,2023-08-13,18.0,19.8,17.3,97,100,16.6,16.6,15.8,264,12.75,1.96,873.7,17.5,1267.0,17.891035,73.660194
MH-MHB,2023-08-14,18.3,20.6,17.4,96,100,12.2,12.2,16.9,250,15.07,2.37,874.0,17.6,1267.0,17.891035,73.660194
MH-MHB,2023-08-15,18.4,21.6,17.0,94,100,7.2,7.2,15.7,251,16.03,2.64,874.5,17.4,1267.0,17.891035,73.660194
MH-MHB,2023-08-16,18.5,21.3,17.1,95,100,7.2,7.2,16.8,272,15.78,2.55,874.8,17.7,1267.0,17.891035,73.660194
MH-MHB,2023-08-17,18.2,21.0,16.9,95,100,12.4,12.4,14.8,293,18.72,2.9,874.8,17.3,1267.0,17.891035,73.660194
MH-MHB,2023-08-18,18.2,20.7,16.9,95,100,8.6,8.6,14.5,297,16.83,2.68,873.6,17.3,1267.0,17.891035,73.660194
MH-MHB,2023-08-19,18.0,20.0,17.0,97,100,11.5,11.5,14.7,294,10.93,1.78,872.4,17.5,1267.0,17.891035,73.660194
MH-MHB,2023-08-20,18.4,20.4,17.2,96,100,9.7,9.7,15.8,291,17.32,2.7,872.7,17.6,1267.0,17.891035,73.660194
MH-MHB,2023-08-21,18.3,20.5,17.4,95,100,12.8,12.8,14.1,294,17.61,2.78,873.0,17.4,1267.0,17.891035,73.660194
MH-MHB,2023-08-22,18.5,20.9,17.1,95,100,7.6,7.6,13.4,280,15.36,2.51,873.2,17.6,1267.0,17.891035,73.660194
MH-MHB,2023-08-23,18.3,20.9,16.8,94,100,9.2,9.2,13.8,266,18.22,2.92,873.2,17.3,1267.0,17.891035,73.660194
MH-MHB,2023-08-24,18.2,20.4,17.1,98,100,18.5,18.5,14.5,251,12.89,2.02,872.4,17.8,1267.0,17.891035,73.660194
MH-MHB,2023-08-25,18.3,20.4,17.5,99,100,14.5,14.5,14.5,242,9.42,1.54,872.4,18.1,1267.0,17.891035,73.660194
MH-MHB,2023-08-26,18.4,20.4,17.7,97,100,17.6,17.6,15.8,247,13.4,2.1,873.7,17.9,1267.0,17.891035,73.660194
MH-MHB,2023-08-27,18.1,20.3,17.3,97,100,12.1,12.1,17.1,258,11.94,1.87,874.4,17.7,1267.0,17.891035,73.660194
MH-MHB,2023-08-28,18.0,20.5,17.3,97,100,10.0,10.0,15.5,264,14.35,2.26,874.0,17.5,1267.0,17.891035,73.660194
MH-MHB,2023-08-29,18.7,21.5,17.1,92,100,3.8,3.8,11.6,274,19.45,3.25,873.9,17.4,1267.0,17.891035,73.660194
MH-MHB,2023-08-30,19.5,23.9,15.4,87,100,0.5,0.5,11.3,307,24.23,4.32,874.5,17.1,1267.0,17.891035,73.660194
MH-MHB,2023-08-31,19.8,24.4,15.9,87,100,3.0,3.0,7.4,321,20.53,3.84,874.5,17.4,1267.0,17.891035,73.660194
MH-MHB,2023-09-01,20.3,25.5,17.4,90,100,16.3,16.3,9.0,289,22.99,4.22,874.6,18.4,1267.0,17.891035,73.660194
MH-MHB,2023-09-02,19.5,22.9,16.8,92,100,7.5,7.5,10.2,294,19.31,3.35,874.3,18.1,1267.0,17.891035,73.660194
MH-MHB,2023-09-03,18.4,21.9,16.0,96,100,18.1,18.1,10.9,303,13.42,2.37,872.9,17.6,1267.0,17.891035,73.660194
MH-MHB,2023-09-04,19.0,22.4,16.8,91,100,3.0,3.0,13.0,308,18.99,3.27,872.2,17.3,1267.0,17.891035,73.660194
MH-MHB,2023-09-05,19.4,23.1,16.8,88,100,0.4,0.4,14.4,310,24.17,4.15,871.9,17.1,1267.0,17.891035,73.660194
MH-MHB,2023-09-06,19.1,22.7,16.7,90,100,4.3,4.3,14.3,300,21.65,3.68,872.0,17.2,1267.0,17.891035,73.660194
MH-MHB,2023-09-07,18.0,19.8,16.9,98,100,10.2,10.2,16.1,285,9.27,1.49,871.7,17.6,1267.0,17.891035,73.660194
MH-MHB,2023-09-08,18.1,19.3,16.8,100,100,39.8,39.8,17.3,280,5.75,0.94,871.9,18.1,1267.0,17.891035,73.660194
MH-MHB,2023-09-09,18.8,20.5,18.0,98,100,22.8,22.8,13.6,287,10.5,1.69,872.2,18.6,1267.0,17.891035,73.660194
MH-MHB,2023-09-10,18.8,20.7,17.8,96,100,8.1,8.1,15.5,274,15.32,2.37,872.2,18.2,1267.0,17.891035,73.660194
MH-MHB,2023-09-11,18.7,21.7,17.7,96,100,9.0,9.0,14.6,281,14.86,2.37,872.7,18.0,1267.0,17.891035,73.660194
MH-MHB,2023-09-12,18.7,22.2,17.0,93,100,4.0,4.0,14.9,281,19.33,3.17,873.3,17.4,1267.0,17.891035,73.660194
MH-MHB,2023-09-13,18.6,21.4,17.3,94,100,7.2,7.2,14.8,273,16.14,2.61,872.8,17.6,1267.0,17.891035,73.660194
MH-MHB,2023-09-14,18.8,21.6,16.8,92,100,6.7,6.7,13.8,272,19.63,3.25,872.9,17.4,1267.0,17.891035,73.660194
MH-MHB,2023-09-15,18.6,21.6,15.1,93,100,5.8,5.8,13.3,263,18.53,3.08,872.7,17.3,1267.0,17.891035,73.660194
MH-MHB,2023-09-16,18.2,19.6,17.5,97,100,16.1,16.1,16.0,258,11.02,1.72,872.4,17.8,1267.0,17.891035,73.660194
MH-MHB,2023-09-17,18.1,18.8,17.4,99,100,17.4,17.4,17.3,247,6.39,1.04,871.7,17.8,1267.0,17.891035,73.660194
MH-MHB,2023-09-18,18.2,20.2,17.4,98,100,17.9,17.9,16.4,233,13.01,2.02,871.8,17.8,1267.0,17.891035,73.660194
MH-MHB,2023-09-19,18.3,20.2,17.0,99,100,14.2,14.2,14.3,226,9.48,1.49,873.1,18.1,1267.0,17.891035,73.660194
MH-MHB,2023-09-20,18.7,21.3,17.6,98,100,9.5,9.5,12.4,227,12.19,1.98,873.7,18.4,1267.0,17.891035,73.660194
MH-MHB,2023-09-21,19.1,22.0,18.0,98,100,18.0,18.0,11.1,234,11.04,1.89,873.8,18.7,1267.0,17.891035,73.660194
MH-MHB,2023-09-22,19.3,21.6,18.4,96,100,14.9,14.9,8.7,266,11.27,2.03,874.0,18.7,1267.0,17.891035,73.660194
MH-MHB,2023-09-23,18.7,20.9,17.3,97,100,21.0,21.0,11.2,272,9.4,1.68,874.1,18.2,1267.0,17.891035,73.660194
MH-MHB,2023-09-24,18.4,20.9,16.9,97,100,16.0,16.0,10.5,289,9.9,1.71,874.4,17.9,1267.0,17.891035,73.660194
MH-MHB,2023-09-25,18.8,22.1,17.7,96,100,10.3,10.3,9.5,282,11.99,2.12,873.6,18.0,1267.0,17.891035,73.660194
MH-MHB,2023-09-26,19.2,23.2,16.7,93,100,7.5,7.5,8.1,323,17.69,3.16,873.3,17.8,1267.0,17.891035,73.660194
MH-MHB,2023-09-27,19.0,23.1,16.3,94,100,23.6,23.6,8.2,7,13.4,2.46,872.4,17.9,1267.0,17.891035,73.660194
MH-MHB,2023-09-28,19.4,23.2,17.3,94,99,16.2,16.2,7.9,66,10.98,2.06,871.7,18.4,1267.0,17.891035,73.660194
MH-MHB,2023-09-29,20.0,24.3,17.1,90,99,2.5,2.5,11.8,88,17.79,3.25,871.7,18.2,1267.0,17.891035,73.660194
MH-MHB,2023-09-30,19.8,24.2,17.9,92,99,12.1,12.1,14.1,85,12.44,2.31,871.1,18.4,1267.0,17.891035,73.660194
MH-MHB,2023-10-01,18.9,21.1,18.0,97,100,58.8,58.8,14.4,14,5.43,1.04,871.0,18.4,1267.0,17.891035,73.660194
MH-MHB,2023-10-02,19.3,22.3,17.1,88,100,8.6,8.6,14.0,302,19.13,3.34,874.7,17.1,1267.0,17.891035,73.660194
MH-MHB,2023-10-03,19.5,23.6,15.8,87,100,2.0,2.0,8.7,309,18.68,3.44,875.6,17.1,1267.0,17.891035,73.660194
MH-MHB,2023-10-04,19.8,23.5,17.5,91,100,2.9,2.9,9.0,330,18.54,3.38,876.2,18.1,1267.0,17.891035,73.660194
MH-MHB,2023-10-05,20.0,25.1,16.0,83,100,2.1,2.1,9.7,335,20.18,3.75,875.8,16.7,1267.0,17.891035,73.660194
MH-MHB,2023-10-06,19.6,24.9,15.0,81,100,2.0,2.0,9.8,343,21.39,3.99,874.8,15.8,1267.0,17.891035,73.660194
MH-MHB,2023-10-07,20.4,25.9,15.3,70,95,0.0,0.0,6.5,36,23.36,4.5,874.9,14.2,1267.0,17.891035,73.660194
MH-MHB,2023-10-08,21.2,26.5,17.1,65,83,0.0,0.0,8.3,79,20.73,4.12,876.2,14.1,1267.0,17.891035,73.660194
MH-MHB,2023-10-09,21.3,25.9,17.3,69,81,0.8,0.8,9.5,358,17.76,3.58,877.7,15.1,1267.0,17.891035,73.660194
MH-MHB,2023-10-10,21.5,25.9,17.4,67,81,0.0,0.0,9.6,22,17.04,3.7,877.5,14.8,1267.0,17.891035,73.660194
MH-MHB,2023-10-11,21.2,25.8,18.0,70,83,0.3,0.3,7.6,41,18.47,3.7,877.1,15.2,1267.0,17.891035,73.660194
MH-MHB,2023-10-12,21.7,26.3,17.7,70,88,0.4,0.4,11.4,79,20.94,4.12,877.7,15.8,1267.0,17.891035,73.660194
MH-MHB,2023-10-13,22.2,27.1,18.2,63,82,0.0,0.0,13.7,78,20.57,4.26,878.4,14.5,1267.0,17.891035,73.660194
MH-MHB,2023-10-14,21.4,25.9,16.3,55,75,0.0,0.0,12.4,94,20.14,4.21,878.0,11.8,1267.0,17.891035,73.660194
MH-MHB,2023-10-15,21.3,25.8,17.1,65,89,0.8,0.8,9.2,47,19.51,3.89,877.0,14.1,1267.0,17.891035,73.660194
MH-MHB,2023-10-16,21.4,25.9,17.5,70,84,1.5,1.5,10.5,45,17.45,3.5,876.7,15.2,1267.0,17.891035,73.660194
MH-MHB,2023-10-17,20.7,25.7,17.1,72,88,1.8,1.8,8.7,43,19.49,3.82,877.6,15.2,1267.0,17.891035,73.660194
MH-MHB,2023-10-18,21.6,25.4,17.5,67,84,0.7,0.7,12.1,67,20.26,4.1,878.5,14.8,1267.0,17.891035,73.660194
MH-MHB,2023-10-19,21.0,25.3,17.5,69,84,1.4,1.4,10.1,67,18.48,3.79,878.2,14.7,1267.0,17.891035,73.660194
MH-MHB,2023-10-20,20.5,25.5,16.6,73,97,4.2,4.2,9.0,61,16.89,3.39,878.0,15.2,1267.0,17.891035,73.660194
MH-MHB,2023-10-21,21.1,24.6,17.9,68,81,0.1,0.1,14.1,73,17.58,3.62,878.5,15.0,1267.0,17.891035,73.660194
MH-MHB,2023-10-22,20.5,25.5,17.3,67,85,1.4,1.4,10.7,62,16.66,3.42,878.6,13.9,1267.0,17.891035,73.660194
MH-MHB,2023-10-23,20.7,26.5,16.2,61,83,0.0,0.0,11.6,42,19.1,4.04,877.6,12.4,1267.0,17.891035,73.660194
MH-MHB,2023-10-24,20.9,25.7,15.7,59,77,0.3,0.3,9.8,68,15.04,3.22,877.3,12.3,1267.0,17.891035,73.660194
MH-MHB,2023-10-25,20.7,25.7,17.0,54,67,0.0,0.0,13.8,69,17.33,3.95,878.4,10.8,1267.0,17.891035,73.660194
MH-MHB,2023-10-26,20.1,25.5,16.3,49,62,0.0,0.0,14.8,77,21.47,4.76,878.3,8.8,1267.0,17.891035,73.660194
MH-MHB,2023-10-27,20.0,25.0,16.1,45,60,0.0,0.0,13.7,81,22.12,4.91,877.1,7.5,1267.0,17.891035,73.660194
MH-MHB,2023-10-28,20.2,26.3,15.4,48,59,0.0,0.0,12.0,90,21.42,4.52,876.8,8.4,1267.0,17.891035,73.660194
MH-MHB,2023-10-29,20.5,26.4,16.5,48,59,0.0,0.0,15.2,96,19.98,4.46,876.6,8.9,1267.0,17.891035,73.660194
MH-MHB,2023-10-30,20.2,26.5,16.4,55,77,0.0,0.0,15.2,87,19.39,4.44,876.7,10.5,1267.0,17.891035,73.660194
MH-MHB,2023-10-31,20.3,26.0,15.6,56,72,0.0,0.0,15.9,80,19.21,4.13,877.0,10.9,1267.0,17.891035,73.660194
MH-MHB,2023-11-01,20.1,26.3,15.4,54,74,0.0,0.0,11.9,61,20.55,4.47,877.4,10.1,1267.0,17.891035,73.660194
MH-MHB,2023-11-02,20.7,26.6,16.4,55,67,0.0,0.0,11.1,54,20.69,4.5,877.0,11.1,1267.0,17.891035,73.660194
MH-MHB,2023-11-03,20.8,25.9,16.6,59,74,0.4,0.4,14.4,83,19.58,4.21,875.5,12.3,1267.0,17.891035,73.660194
MH-MHB,2023-11-04,20.7,25.3,16.6,64,78,1.2,1.2,15.1,83,19.41,3.96,875.5,13.4,1267.0,17.891035,73.660194
MH-MHB,2023-11-05,20.9,26.1,16.4,64,83,0.4,0.4,13.7,78,19.08,3.98,876.8,13.6,1267.0,17.891035,73.660194
MH-MHB,2023-11-06,21.2,26.3,17.2,52,67,0.0,0.0,16.9,80,18.49,4.53,877.6,10.8,1267.0,17.891035,73.660194
MH-MHB,2023-11-07,20.7,26.3,16.3,67,83,1.4,1.4,12.2,75,17.95,3.73,877.5,14.2,1267.0,17.891035,73.660194
MH-MHB,2023-11-08,19.5,23.9,16.9,86,99,6.9,6.9,14.5,93,14.41,2.68,877.1,16.9,1267.0,17.891035,73.660194
MH-MHB,2023-11-09,19.2,24.5,15.9,86,99,4.6,4.6,13.0,95,15.65,2.85,877.4,16.7,1267.0,17.891035,73.660194
MH-MHB,2023-11-10,19.3,24.4,16.5,87,98,7.4,7.4,13.5,98,16.57,3.01,878.7,16.9,1267.0,17.891035,73.660194
MH-MHB,2023-11-11,20.7,25.9,16.9,72,94,0.1,0.1,16.6,85,18.82,3.73,879.1,15.0,1267.0,17.891035,73.660194
MH-MHB,2023-11-12,20.9,26.1,16.9,62,88,0.0,0.0,15.2,89,18.72,3.89,879.3,13.1,1267.0,17.891035,73.660194
MH-MHB,2023-11-13,20.5,25.9,16.5,64,83,0.7,0.7,11.6,76,18.36,3.66,878.7,13.0,1267.0,17.891035,73.660194
MH-MHB,2023-11-14,19.7,26.1,15.3,62,85,0.0,0.0,12.0,42,18.79,3.87,877.8,11.7,1267.0,17.891035,73.660194
MH-MHB,2023-11-15,19.6,25.4,15.4,52,78,0.0,0.0,9.7,68,18.81,3.95,877.5,9.1,1267.0,17.891035,73.660194
MH-MHB,2023-11-16,19.4,25.5,14.7,56,73,0.0,0.0,10.2,85,17.87,3.56,877.4,10.1,1267.0,17.891035,73.660194
MH-MHB,2023-11-17,19.4,25.5,14.9,60,77,0.0,0.0,12.3,85,18.8,3.8,877.4,11.0,1267.0,17.891035,73.660194
MH-MHB,2023-11-18,19.4,25.6,13.6,60,75,0.0,0.0,9.8,93,14.93,3.2,876.9,11.2,1267.0,17.891035,73.660194
MH-MHB,2023-11-19,20.6,26.3,15.8,60,77,0.0,0.0,13.5,100,17.48,3.57,877.5,12.3,1267.0,17.891035,73.660194
MH-MHB,2023-11-20,20.1,25.7,16.4,66,86,0.0,0.0,13.4,84,14.78,3.15,877.8,13.2,1267.0,17.891035,73.660194
MH-MHB,2023-11-21,19.8,25.1,15.7,59,82,0.0,0.0,14.5,75,19.84,4.08,877.2,11.1,1267.0,17.891035,73.660194
MH-MHB,2023-11-22,20.0,25.9,15.8,56,67,0.0,0.0,11.2,80,18.31,3.79,876.4,10.7,1267.0,17.891035,73.660194
MH-MHB,2023-11-23,19.8,24.6,15.5,62,74,0.0,0.0,10.5,89,14.98,3.03,875.1,12.1,1267.0,17.891035,73.660194
MH-MHB,2023-11-24,19.7,25.4,15.7,70,91,0.0,0.0,12.7,101,17.47,3.49,875.3,13.8,1267.0,17.891035,73.660194
MH-MHB,2023-11-25,19.5,25.0,16.3,78,91,5.2,5.2,15.0,93,14.3,2.82,876.9,15.4,1267.0,17.891035,73.660194
MH-MHB,2023-11-26,19.1,24.6,15.7,82,99,11.3,11.3,16.9,111,16.04,3.05,877.0,15.5,1267.0,17.891035,73.660194
MH-MHB,2023-11-27,18.8,22.7,15.3,83,100,2.1,2.1,12.0,199,16.46,2.92,876.0,15.7,1267.0,17.891035,73.660194
MH-MHB,2023-11-28,18.3,23.2,14.9,85,98,1.5,1.5,11.2,254,16.63,2.92,874.9,15.6,1267.0,17.891035,73.660194
MH-MHB,2023-11-29,17.8,22.8,14.3,84,97,2.0,2.0,10.4,185,16.17,2.85,875.1,14.8,1267.0,17.891035,73.660194
MH-MHB,2023-11-30,18.3,22.9,14.6,81,97,2.4,2.4,12.0,157,15.65,2.85,875.9,14.8,1267.0,17.891035,73.660194
MH-MHB,2023-12-01,18.5,23.3,14.0,73,89,0.1,0.1,11.1,233,17.74,3.28,875.7,13.4,1267.0,17.891035,73.660194
MH-MHB,2023-12-02,19.0,23.8,14.4,75,95,0.3,0.3,13.6,106,16.06,3.08,875.2,14.1,1267.0,17.891035,73.660194
MH-MHB,2023-12-03,19.3,24.6,15.4,72,93,0.0,0.0,17.3,96,17.8,3.46,875.7,13.9,1267.0,17.891035,73.660194
MH-MHB,2023-12-04,19.5,25.0,15.5,72,94,0.0,0.0,10.8,88,17.6,3.4,875.0,13.8,1267.0,17.891035,73.660194
MH-MHB,2023-12-05,19.3,25.1,15.3,71,91,0.0,0.0,10.8,73,17.12,3.32,874.1,13.3,1267.0,17.891035,73.660194
MH-MHB,2023-12-06,18.3,23.5,14.9,77,96,0.0,0.0,10.0,89,13.66,2.65,874.6,13.7,1267.0,17.891035,73.660194
MH-MHB,2023-12-07,17.5,22.2,14.3,81,97,0.4,0.4,8.9,81,14.35,2.62,875.0,13.9,1267.0,17.891035,73.660194
MH-MHB,2023-12-08,18.2,23.7,14.1,76,96,0.0,0.0,8.7,107,17.43,3.22,875.8,13.4,1267.0,17.891035,73.660194
MH-MHB,2023-12-09,18.6,24.5,14.1,72,91,0.0,0.0,10.0,99,17.36,3.29,876.7,13.1,1267.0,17.891035,73.660194
MH-MHB,2023-12-10,18.7,23.8,15.4,68,87,0.0,0.0,13.4,90,16.35,3.16,876.1,12.3,1267.0,17.891035,73.660194
MH-MHB,2023-12-11,18.9,24.5,14.5,64,85,0.0,0.0,10.0,66,16.38,3.28,876.3,11.5,1267.0,17.891035,73.660194
MH-MHB,2023-12-12,18.7,24.4,13.7,61,83,0.0,0.0,11.2,331,17.91,3.53,875.3,10.7,1267.0,17.891035,73.660194
MH-MHB,2023-12-13,18.7,24.1,12.8,59,81,0.0,0.0,8.2,105,18.03,3.43,875.9,10.2,1267.0,17.891035,73.660194
MH-MHB,2023-12-14,17.3,22.4,13.4,60,71,0.0,0.0,13.2,99,18.86,3.76,876.9,9.2,1267.0,17.891035,73.660194
MH-MHB,2023-12-15,16.4,22.0,11.8,61,74,0.0,0.0,13.0,102,18.94,3.58,877.2,8.5,1267.0,17.891035,73.660194
MH-MHB,2023-12-16,17.0,23.1,12.2,63,77,0.0,0.0,10.7,99,18.0,3.4,876.7,9.7,1267.0,17.891035,73.660194
MH-MHB,2023-12-17,18.6,23.9,14.9,71,88,0.0,0.0,14.5,98,16.74,3.35,876.7,12.8,1267.0,17.891035,73.660194
MH-MHB,2023-12-18,18.7,23.0,15.0,69,90,0.0,0.0,18.4,92,17.58,3.66,877.5,12.5,1267.0,17.891035,73.660194
MH-MHB,2023-12-19,17.6,22.0,14.5,66,78,0.0,0.0,16.2,92,13.77,3.11,878.0,11.1,1267.0,17.891035,73.660194
MH-MHB,2023-12-20,17.5,23.4,13.4,61,73,0.0,0.0,13.0,93,16.74,3.57,877.8,9.8,1267.0,17.891035,73.660194
MH-MHB,2023-12-21,19.0,25.2,14.7,59,77,0.0,0.0,10.8,91,17.87,3.64,877.6,10.6,1267.0,17.891035,73.660194
MH-MHB,2023-12-22,19.1,26.1,14.3,60,85,0.0,0.0,11.5,57,17.56,3.62,877.6,10.6,1267.0,17.891035,73.660194
MH-MHB,2023-12-23,19.0,26.3,14.0,46,68,0.0,0.0,6.1,89,18.36,3.67,878.1,6.4,1267.0,17.891035,73.660194
MH-MHB,2023-12-24,18.8,25.6,14.6,48,68,0.0,0.0,11.2,85,17.62,3.89,879.2,7.2,1267.0,17.891035,73.660194
MH-MHB,2023-12-25,18.8,25.9,14.4,56,74,0.0,0.0,11.2,86,18.55,3.78,879.0,9.3,1267.0,17.891035,73.660194
MH-MHB,2023-12-26,19.4,26.5,14.7,49,67,0.0,0.0,10.1,89,18.82,3.89,879.2,7.7,1267.0,17.891035,73.660194
MH-MHB,2023-12-27,19.0,26.1,14.2,49,64,0.0,0.0,12.6,86,18.9,4.07,879.2,7.4,1267.0,17.891035,73.660194
MH-MHB,2023-12-28,19.2,25.8,14.7,57,84,0.0,0.0,11.5,87,18.92,3.9,877.9,9.8,1267.0,17.891035,73.660194
MH-MHB,2023-12-29,18.7,25.7,13.6,54,73,0.0,0.0,8.7,95,18.95,3.8,877.8,8.6,1267.0,17.891035,73.660194
MH-MHB,2023-12-30,18.9,26.0,13.4,56,87,0.0,0.0,6.8,68,18.46,3.73,877.5,9.4,1267.0,17.891035,73.660194
MH-MHB,2023-12-31,19.1,25.6,14.3,52,69,0.0,0.0,14.1,93,18.69,3.66,877.0,8.6,1267.0,17.891035,73.660194
