site_id,date,temperature_2m_mean,temperature_2m_max,temperature_2m_min,relative_humidity_2m_mean,relative_humidity_2m_max,precipitation_sum,rain_sum,wind_speed_10m_max,wind_direction_10m_dominant,shortwave_radiation_sum,et0_fao_evapotranspiration,surface_pressure_mean,dew_point_2m_mean,elevation_m,lat,lon
MH-NGP,2020-12-01,23.1,29.9,17.6,55,76,0.0,0.0,8.4,38,16.85,3.82,980.0,13.0,311.0,21.124779,79.11585
MH-NGP,2020-12-02,22.1,29.7,15.0,53,88,0.0,0.0,8.0,19,17.09,3.76,978.9,10.9,311.0,21.124779,79.11585
MH-NGP,2020-12-03,22.0,30.2,13.8,47,76,0.0,0.0,8.8,17,17.18,3.93,978.2,9.0,311.0,21.124779,79.11585
MH-NGP,2020-12-04,21.3,29.8,14.5,50,78,0.0,0.0,10.8,54,17.16,3.99,977.2,9.4,311.0,21.124779,79.11585
MH-NGP,2020-12-05,22.0,29.8,14.5,47,72,0.0,0.0,8.6,31,16.99,3.67,977.9,9.1,311.0,21.124779,79.11585
MH-NGP,2020-12-06,21.8,30.2,14.0,51,79,0.0,0.0,8.9,35,16.91,3.86,979.3,10.2,311.0,21.124779,79.11585
MH-NGP,2020-12-07,22.1,30.3,14.0,52,84,0.0,0.0,8.4,52,16.87,3.78,980.7,10.5,311.0,21.124779,79.11585
MH-NGP,2020-12-08,22.0,30.1,14.6,54,84,0.0,0.0,9.8,71,16.74,3.75,980.5,11.5,311.0,21.124779,79.11585
MH-NGP,2020-12-09,22.0,29.9,14.5,55,88,0.0,0.0,10.0,31,16.51,3.62,979.2,11.6,311.0,21.124779,79.11585
MH-NGP,2020-12-10,22.6,29.7,15.9,54,81,0.0,0.0,10.4,72,16.16,3.68,978.4,12.0,311.0,21.124779,79.11585
MH-NGP,2020-12-11,22.9,29.7,16.1,53,79,0.0,0.0,10.1,71,15.76,3.66,978.4,12.2,311.0,21.124779,79.11585
MH-NGP,2020-12-12,23.4,28.7,18.3,56,73,0.0,0.0,11.7,31,13.11,3.33,978.3,13.8,311.0,21.124779,79.11585
MH-NGP,2020-12-13,22.9,28.0,19.6,62,77,0.0,0.0,8.7,60,10.24,2.71,977.5,14.9,311.0,21.124779,79.11585
MH-NGP,2020-12-14,23.0,27.4,20.2,63,76,0.0,0.0,10.8,84,10.3,2.75,977.7,15.2,311.0,21.124779,79.11585
MH-NGP,2020-12-15,23.5,28.3,19.9,63,79,0.3,0.3,9.5,84,13.21,3.08,979.3,15.8,311.0,21.124779,79.11585
MH-NGP,2020-12-16,23.7,29.1,19.0,65,85,0.0,0.0,14.2,74,15.15,3.41,980.4,16.3,311.0,21.124779,79.11585
MH-NGP,2020-12-17,22.2,28.1,17.7,70,93,0.0,0.0,11.5,29,14.93,3.31,980.8,16.0,311.0,21.124779,79.11585
MH-NGP,2020-12-18,21.5,27.4,16.6,63,84,0.0,0.0,8.0,33,15.91,3.35,980.8,13.7,311.0,21.124779,79.11585
MH-NGP,2020-12-19,19.6,26.5,14.6,51,76,0.0,0.0,10.2,34,16.7,3.82,981.6,8.6,311.0,21.124779,79.11585
MH-NGP,2020-12-20,18.4,26.9,12.2,42,66,0.0,0.0,11.3,32,17.19,4.19,981.9,4.0,311.0,21.124779,79.11585
MH-NGP,2020-12-21,18.4,27.0,10.9,43,67,0.0,0.0,9.7,28,17.21,3.94,980.3,4.3,311.0,21.124779,79.11585
MH-NGP,2020-12-22,18.3,27.2,10.7,45,72,0.0,0.0,10.8,41,17.12,3.91,978.9,5.0,311.0,21.124779,79.11585
MH-NGP,2020-12-23,18.5,27.2,11.0,48,78,0.0,0.0,9.7,55,17.0,3.76,977.7,6.1,311.0,21.124779,79.11585
MH-NGP,2020-12-24,19.1,27.4,11.3,47,76,0.0,0.0,9.5,42,16.81,3.72,977.3,6.6,311.0,21.124779,79.11585
MH-NGP,2020-12-25,19.5,27.5,13.0,48,68,0.0,0.0,9.8,38,16.8,3.94,978.6,7.2,311.0,21.124779,79.11585
MH-NGP,2020-12-26,18.9,27.4,11.7,52,79,0.0,0.0,10.7,56,16.9,3.72,979.0,7.7,311.0,21.124779,79.11585
MH-NGP,2020-12-27,19.7,28.4,11.9,55,87,0.0,0.0,9.6,90,16.58,3.48,977.8,9.6,311.0,21.124779,79.11585
MH-NGP,2020-12-28,21.0,28.5,13.4,57,88,0.0,0.0,9.0,195,16.4,3.54,977.1,11.3,311.0,21.124779,79.11585
MH-NGP,2020-12-29,21.2,28.2,15.3,57,76,0.0,0.0,10.7,57,16.34,3.54,977.7,11.9,311.0,21.124779,79.11585
MH-NGP,2020-12-30,21.1,28.7,15.0,59,85,0.0,0.0,11.5,69,16.42,3.71,978.5,12.0,311.0,21.124779,79.11585
MH-NGP,2020-12-31,20.7,28.1,14.4,59,93,0.0,0.0,9.4,60,16.53,3.71,979.3,11.6,311.0,21.124779,79.11585
MH-NGP,2021-01-01,20.4,28.3,13.8,59,87,0.0,0.0,11.9,77,16.49,3.77,979.5,11.3,311.0,21.124779,79.11585
MH-NGP,2021-01-02,20.7,28.3,13.9,60,91,0.0,0.0,9.0,82,15.81,3.53,979.1,11.8,311.0,21.124779,79.11585
MH-NGP,2021-01-03,21.9,29.4,15.8,55,84,0.0,0.0,9.5,104,16.07,3.7,977.5,11.7,311.0,21.124779,79.11585
MH-NGP,2021-01-04,21.3,28.8,15.8,59,85,0.0,0.0,9.3,68,14.72,3.5,977.6,12.2,311.0,21.124779,79.11585
MH-NGP,2021-01-05,22.2,29.2,16.3,58,78,0.0,0.0,11.1,22,14.09,3.46,978.3,12.7,311.0,21.124779,79.11585
MH-NGP,2021-01-06,24.5,29.9,19.1,56,80,0.0,0.0,8.0,19,14.5,3.12,977.5,14.6,311.0,21.124779,79.11585
MH-NGP,2021-01-07,24.4,29.3,19.1,60,84,0.0,0.0,8.5,85,11.63,2.99,976.2,15.7,311.0,21.124779,79.11585
MH-NGP,2021-01-08,25.1,29.9,21.7,59,75,0.0,0.0,10.5,75,10.51,3.11,975.7,16.1,311.0,21.124779,79.11585
MH-NGP,2021-01-09,25.2,31.0,20.2,56,77,0.0,0.0,8.1,93,16.22,3.77,976.4,15.4,311.0,21.124779,79.11585
MH-NGP,2021-01-10,24.9,30.7,19.0,58,88,0.0,0.0,7.9,43,15.49,3.31,976.9,15.4,311.0,21.124779,79.11585
MH-NGP,2021-01-11,24.7,31.5,18.8,60,87,0.0,0.0,8.6,29,16.69,3.81,978.0,15.9,311.0,21.124779,79.11585
MH-NGP,2021-01-12,24.1,30.6,19.3,66,91,0.0,0.0,10.8,18,15.88,3.62,978.5,16.9,311.0,21.124779,79.11585
MH-NGP,2021-01-13,21.2,28.4,16.1,54,80,0.0,0.0,10.0,30,17.57,3.87,978.4,10.5,311.0,21.124779,79.11585
MH-NGP,2021-01-14,19.8,27.9,13.5,42,57,0.0,0.0,9.7,45,17.77,4.16,978.1,5.9,311.0,21.124779,79.11585
MH-NGP,2021-01-15,19.8,28.5,12.1,43,61,0.0,0.0,10.6,57,17.89,3.96,976.8,6.1,311.0,21.124779,79.11585
MH-NGP,2021-01-16,21.6,29.5,14.5,45,64,0.0,0.0,7.7,57,17.41,3.88,975.6,8.4,311.0,21.124779,79.11585
MH-NGP,2021-01-17,22.5,29.6,16.3,43,60,0.0,0.0,10.1,88,14.34,3.84,977.0,8.8,311.0,21.124779,79.11585
MH-NGP,2021-01-18,22.5,30.0,15.3,48,74,0.0,0.0,8.3,106,17.39,4.08,977.9,10.2,311.0,21.124779,79.11585
MH-NGP,2021-01-19,24.6,31.3,18.1,53,79,0.0,0.0,10.7,232,15.26,3.97,976.7,13.9,311.0,21.124779,79.11585
MH-NGP,2021-01-20,25.2,31.6,19.7,57,82,0.0,0.0,10.8,324,14.41,3.6,976.9,15.6,311.0,21.124779,79.11585
MH-NGP,2021-01-21,23.2,30.1,17.7,44,63,0.0,0.0,10.3,34,17.83,4.4,977.4,9.3,311.0,21.124779,79.11585
MH-NGP,2021-01-22,21.6,29.9,14.3,37,55,0.0,0.0,11.0,55,18.48,4.43,977.5,5.7,311.0,21.124779,79.11585
MH-NGP,2021-01-23,22.7,31.1,14.4,44,67,0.0,0.0,10.8,216,18.34,4.31,976.6,8.9,311.0,21.124779,79.11585
MH-NGP,2021-01-24,23.3,31.9,15.7,56,85,0.0,0.0,12.1,289,18.01,4.18,976.8,13.2,311.0,21.124779,79.11585
MH-NGP,2021-01-25,23.4,30.7,16.8,54,81,0.0,0.0,12.2,3,18.22,4.27,977.9,12.7,311.0,21.124779,79.11585
MH-NGP,2021-01-26,23.1,30.1,16.9,51,68,0.0,0.0,15.5,27,18.17,4.28,977.8,12.0,311.0,21.124779,79.11585
MH-NGP,2021-01-27,22.6,29.5,17.2,53,65,0.0,0.0,13.9,45,16.93,4.02,978.1,12.3,311.0,21.124779,79.11585
MH-NGP,2021-01-28,23.7,29.7,18.7,55,74,0.6,0.6,11.3,91,15.82,3.93,978.1,13.8,311.0,21.124779,79.11585
MH-NGP,2021-01-29,22.1,28.1,17.5,63,93,0.5,0.5,12.6,21,15.47,3.69,979.3,14.0,311.0,21.124779,79.11585
MH-NGP,2021-01-30,19.9,27.8,14.2,34,55,0.0,0.0,14.4,28,19.12,4.79,979.7,2.5,311.0,21.124779,79.11585
MH-NGP,2021-01-31,19.8,28.2,13.1,35,47,0.0,0.0,10.2,45,19.21,4.62,980.1,3.2,311.0,21.124779,79.11585
MH-NGP,2021-02-01,20.3,28.6,13.1,32,46,0.0,0.0,10.1,43,19.4,4.64,981.7,2.6,311.0,21.124779,79.11585
MH-NGP,2021-02-02,20.6,29.8,12.4,33,54,0.0,0.0,11.3,62,19.76,4.75,981.4,2.7,311.0,21.124779,79.11585
MH-NGP,2021-02-03,21.3,30.4,12.8,34,68,0.0,0.0,10.5,77,19.75,4.69,980.2,3.1,311.0,21.124779,79.11585
MH-NGP,2021-02-04,21.6,30.3,13.5,31,57,0.0,0.0,11.6,101,19.74,4.75,979.7,2.5,311.0,21.124779,79.11585
MH-NGP,2021-02-05,22.4,30.5,14.6,33,55,0.0,0.0,11.7,193,19.14,4.96,978.1,4.7,311.0,21.124779,79.11585
MH-NGP,2021-02-06,22.5,29.1,17.2,44,69,0.0,0.0,13.7,360,19.06,5.11,978.8,8.7,311.0,21.124779,79.11585
MH-NGP,2021-02-07,20.2,27.3,14.7,35,54,0.0,0.0,14.5,25,20.44,5.0,980.9,3.1,311.0,21.124779,79.11585
MH-NGP,2021-02-08,19.8,28.1,12.8,38,60,0.0,0.0,10.3,40,20.56,4.56,980.9,4.1,311.0,21.124779,79.11585
MH-NGP,2021-02-09,20.7,29.7,11.8,41,72,0.0,0.0,9.7,15,20.42,4.52,978.9,6.0,311.0,21.124779,79.11585
MH-NGP,2021-02-10,21.9,31.1,13.2,42,73,0.0,0.0,10.7,280,20.36,4.62,976.9,6.8,311.0,21.124779,79.11585
MH-NGP,2021-02-11,23.2,31.9,14.6,37,63,0.0,0.0,10.0,15,20.26,4.84,976.3,6.6,311.0,21.124779,79.11585
MH-NGP,2021-02-12,23.6,31.6,15.9,40,66,0.0,0.0,8.9,69,20.02,4.67,977.1,8.4,311.0,21.124779,79.11585
MH-NGP,2021-02-13,24.5,32.3,16.5,43,71,0.0,0.0,12.2,242,20.12,4.81,977.7,10.3,311.0,21.124779,79.11585
MH-NGP,2021-02-14,25.3,31.9,18.3,45,67,0.0,0.0,9.4,264,15.89,4.05,977.6,11.8,311.0,21.124779,79.11585
MH-NGP,2021-02-15,25.5,32.0,18.9,42,67,0.0,0.0,9.3,219,17.35,4.49,976.6,11.1,311.0,21.124779,79.11585
MH-NGP,2021-02-16,25.8,32.6,19.2,43,68,0.0,0.0,17.4,258,16.94,4.82,975.8,11.3,311.0,21.124779,79.11585
MH-NGP,2021-02-17,22.5,27.8,18.6,62,79,1.2,1.2,13.8,59,15.12,3.72,978.3,14.6,311.0,21.124779,79.11585
MH-NGP,2021-02-18,21.8,27.9,17.3,65,94,1.5,1.5,8.8,95,16.38,3.43,979.8,14.3,311.0,21.124779,79.11585
MH-NGP,2021-02-19,21.0,26.1,15.0,65,90,0.0,0.0,8.7,37,13.36,2.85,981.0,13.6,311.0,21.124779,79.11585
MH-NGP,2021-02-20,22.2,29.0,16.1,59,92,0.0,0.0,14.7,54,19.04,4.59,980.7,12.7,311.0,21.124779,79.11585
MH-NGP,2021-02-21,22.9,30.4,16.1,50,76,0.0,0.0,11.0,64,20.89,4.96,980.5,11.0,311.0,21.124779,79.11585
MH-NGP,2021-02-22,23.2,31.8,15.3,45,78,0.0,0.0,10.1,22,21.75,5.08,979.7,8.7,311.0,21.124779,79.11585
MH-NGP,2021-02-23,24.1,33.0,15.8,39,67,0.0,0.0,8.9,345,21.77,5.1,978.0,7.5,311.0,21.124779,79.11585
MH-NGP,2021-02-24,24.2,33.6,15.8,37,60,0.0,0.0,10.5,351,21.87,5.24,976.4,7.3,311.0,21.124779,79.11585
MH-NGP,2021-02-25,25.6,34.9,16.4,38,67,0.0,0.0,13.6,306,21.76,5.71,975.9,8.7,311.0,21.124779,79.11585
MH-NGP,2021-02-26,27.2,35.2,20.1,35,59,0.0,0.0,17.0,311,21.27,6.52,974.4,9.1,311.0,21.124779,79.11585
MH-NGP,2021-02-27,27.0,35.1,19.0,34,56,0.0,0.0,12.7,326,21.97,6.13,974.0,8.8,311.0,21.124779,79.11585
MH-NGP,2021-02-28,26.9,35.8,19.1,36,59,0.0,0.0,10.7,305,20.03,5.72,974.6,9.6,311.0,21.124779,79.11585
MH-NGP,2021-03-01,27.7,36.4,19.2,33,53,0.0,0.0,16.3,320,19.32,5.72,976.8,8.4,311.0,21.124779,79.11585
MH-NGP,2021-03-02,26.6,35.3,19.0,29,52,0.0,0.0,11.2,350,22.64,6.25,978.1,5.6,311.0,21.124779,79.11585
MH-NGP,2021-03-03,25.1,33.5,17.6,30,50,0.0,0.0,10.2,35,23.02,5.77,977.5,5.4,311.0,21.124779,79.11585
MH-NGP,2021-03-04,26.0,35.4,17.1,30,54,0.0,0.0,9.6,79,23.01,5.54,977.0,5.3,311.0,21.124779,79.11585
MH-NGP,2021-03-05,27.4,36.4,19.0,25,45,0.0,0.0,16.4,296,22.82,6.94,976.7,4.3,311.0,21.124779,79.11585
MH-NGP,2021-03-06,26.9,35.4,18.3,21,33,0.0,0.0,12.4,334,23.18,6.25,977.3,2.0,311.0,21.124779,79.11585
MH-NGP,2021-03-07,26.6,35.9,17.3,28,49,0.0,0.0,11.0,86,23.09,5.93,976.5,5.0,311.0,21.124779,79.11585
MH-NGP,2021-03-08,28.4,36.7,19.3,28,45,0.0,0.0,11.6,218,22.5,6.07,976.6,7.1,311.0,21.124779,79.11585
MH-NGP,2021-03-09,28.8,36.9,21.4,31,50,0.0,0.0,13.5,225,19.12,5.81,976.8,8.8,311.0,21.124779,79.11585
MH-NGP,2021-03-10,29.2,36.2,22.3,32,51,0.0,0.0,14.5,237,19.63,5.87,976.8,10.0,311.0,21.124779,79.11585
MH-NGP,2021-03-11,28.5,35.4,22.3,33,52,0.0,0.0,12.6,171,18.56,5.35,977.2,9.8,311.0,21.124779,79.11585
MH-NGP,2021-03-12,28.4,35.9,20.8,34,63,0.0,0.0,13.4,127,21.6,5.93,978.2,10.0,311.0,21.124779,79.11585
MH-NGP,2021-03-13,27.0,33.5,20.1,43,71,0.0,0.0,20.5,56,21.33,5.89,979.6,12.6,311.0,21.124779,79.11585
MH-NGP,2021-03-14,28.0,34.7,21.9,40,59,0.0,0.0,9.7,42,19.12,5.06,977.0,12.5,311.0,21.124779,79.11585
MH-NGP,2021-03-15,28.5,35.2,20.9,38,64,0.0,0.0,9.5,57,20.14,5.3,975.9,11.9,311.0,21.124779,79.11585
MH-NGP,2021-03-16,29.1,35.7,22.1,35,57,0.0,0.0,9.7,92,19.51,5.28,975.7,11.2,311.0,21.124779,79.11585
MH-NGP,2021-03-17,28.8,35.5,21.5,35,60,0.0,0.0,9.2,61,19.02,5.25,975.0,10.9,311.0,21.124779,79.11585
MH-NGP,2021-03-18,28.7,34.9,22.7,37,50,0.0,0.0,10.4,127,16.41,4.83,975.3,11.9,311.0,21.124779,79.11585
MH-NGP,2021-03-19,26.9,33.0,22.2,52,71,0.3,0.3,17.2,337,17.88,4.92,976.3,15.6,311.0,21.124779,79.11585
MH-NGP,2021-03-20,27.7,34.9,20.2,48,88,0.0,0.0,11.1,261,20.75,5.47,974.5,14.3,311.0,21.124779,79.11585
MH-NGP,2021-03-21,28.3,36.5,21.4,43,82,0.0,0.0,12.1,258,21.47,6.02,973.9,13.1,311.0,21.124779,79.11585
MH-NGP,2021-03-22,27.8,35.4,21.5,42,63,0.0,0.0,15.5,326,19.17,5.64,976.4,12.8,311.0,21.124779,79.11585
MH-NGP,2021-03-23,26.0,32.1,21.7,54,79,0.0,0.0,10.1,89,12.45,3.41,978.2,15.1,311.0,21.124779,79.11585
MH-NGP,2021-03-24,27.6,35.8,20.5,49,89,0.0,0.0,8.6,345,23.29,5.63,977.4,13.9,311.0,21.124779,79.11585
MH-NGP,2021-03-25,28.8,36.1,21.0,36,59,0.0,0.0,10.3,327,21.69,5.87,975.8,11.1,311.0,21.124779,79.11585
MH-NGP,2021-03-26,29.0,36.6,22.5,27,41,0.0,0.0,15.7,354,24.57,6.93,975.8,7.2,311.0,21.124779,79.11585
MH-NGP,2021-03-27,28.8,37.4,20.1,23,37,0.0,0.0,12.2,329,25.1,6.84,974.5,4.0,311.0,21.124779,79.11585
MH-NGP,2021-03-28,29.7,39.0,19.7,27,53,0.0,0.0,12.0,303,24.56,6.69,972.9,6.5,311.0,21.124779,79.11585
MH-NGP,2021-03-29,30.7,40.2,20.9,26,52,0.0,0.0,10.2,296,25.01,6.67,971.8,6.5,311.0,21.124779,79.11585
MH-NGP,2021-03-30,31.6,40.5,21.8,22,42,0.0,0.0,21.5,288,25.2,8.94,969.8,5.3,311.0,21.124779,79.11585
MH-NGP,2021-03-31,32.1,39.9,25.6,20,30,0.0,0.0,16.9,302,25.52,9.17,968.9,5.3,311.0,21.124779,79.11585
MH-NGP,2021-04-01,32.2,39.4,26.9,26,49,0.0,0.0,18.4,319,25.02,8.26,968.8,8.7,311.0,21.124779,79.11585
MH-NGP,2021-04-02,30.2,38.8,21.8,20,35,0.0,0.0,9.8,351,25.7,6.5,970.2,3.1,311.0,21.124779,79.11585
MH-NGP,2021-04-03,31.3,39.6,22.1,16,27,0.0,0.0,14.3,342,25.6,7.08,971.0,1.8,311.0,21.124779,79.11585
MH-NGP,2021-04-04,31.8,39.8,24.1,17,26,0.0,0.0,13.1,14,25.67,7.73,973.1,3.0,311.0,21.124779,79.11585
MH-NGP,2021-04-05,30.9,39.9,21.7,19,34,0.0,0.0,10.8,40,25.91,7.38,974.2,2.8,311.0,21.124779,79.11585
MH-NGP,2021-04-06,31.1,40.4,21.5,23,40,0.0,0.0,12.6,242,25.41,7.36,973.7,6.4,311.0,21.124779,79.11585
MH-NGP,2021-04-07,32.7,41.1,24.1,22,37,0.0,0.0,10.7,272,23.07,6.84,973.9,7.1,311.0,21.124779,79.11585
MH-NGP,2021-04-08,33.2,39.7,26.8,23,36,0.0,0.0,13.0,215,22.21,6.97,972.1,8.6,311.0,21.124779,79.11585
MH-NGP,2021-04-09,32.1,38.5,27.1,32,50,0.0,0.0,19.4,178,21.91,7.04,972.8,12.6,311.0,21.124779,79.11585
MH-NGP,2021-04-10,30.6,37.6,24.1,44,69,0.0,0.0,17.9,154,23.15,6.69,975.0,16.0,311.0,21.124779,79.11585
MH-NGP,2021-04-11,29.6,35.6,24.3,45,66,0.0,0.0,11.9,237,15.24,4.38,976.6,15.5,311.0,21.124779,79.11585
MH-NGP,2021-04-12,30.9,38.3,24.5,35,58,0.0,0.0,10.5,5,23.59,6.06,976.7,12.1,311.0,21.124779,79.11585
MH-NGP,2021-04-13,31.3,38.3,23.7,32,65,0.0,0.0,11.0,294,23.9,6.3,975.9,10.8,311.0,21.124779,79.11585
MH-NGP,2021-04-14,30.8,38.3,22.9,32,60,0.0,0.0,17.9,248,22.68,6.98,975.3,11.3,311.0,21.124779,79.11585
MH-NGP,2021-04-15,29.0,36.7,24.6,36,54,0.9,0.9,18.7,196,19.71,5.65,974.9,12.0,311.0,21.124779,79.11585
MH-NGP,2021-04-16,30.3,38.0,22.1,33,58,0.0,0.0,11.5,187,24.2,6.35,973.9,10.1,311.0,21.124779,79.11585
MH-NGP,2021-04-17,31.9,38.8,25.1,27,43,0.0,0.0,15.4,268,21.73,6.33,974.4,9.5,311.0,21.124779,79.11585
MH-NGP,2021-04-18,31.9,39.2,24.3,26,42,0.0,0.0,11.7,298,23.6,6.91,974.7,8.6,311.0,21.124779,79.11585
MH-NGP,2021-04-19,32.8,39.6,25.6,23,38,0.0,0.0,16.6,355,22.89,6.86,972.7,8.3,311.0,21.124779,79.11585
MH-NGP,2021-04-20,32.9,39.9,26.0,30,52,0.0,0.0,14.3,190,22.18,6.56,971.4,12.0,311.0,21.124779,79.11585
MH-NGP,2021-04-21,32.0,38.4,25.7,40,70,0.0,0.0,14.5,200,21.9,6.31,973.5,15.2,311.0,21.124779,79.11585
MH-NGP,2021-04-22,31.7,38.7,24.7,31,69,0.0,0.0,13.2,302,25.03,7.05,974.5,10.1,311.0,21.124779,79.11585
MH-NGP,2021-04-23,31.6,39.2,23.2,21,33,0.0,0.0,14.5,43,23.93,7.27,973.9,5.9,311.0,21.124779,79.11585
MH-NGP,2021-04-24,32.8,40.2,24.2,26,55,0.0,0.0,10.5,257,24.69,6.73,973.1,8.4,311.0,21.124779,79.11585
MH-NGP,2021-04-25,33.0,40.4,25.3,21,32,0.0,0.0,15.6,16,25.4,8.0,973.1,7.0,311.0,21.124779,79.11585
MH-NGP,2021-04-26,32.9,40.4,24.1,18,43,0.0,0.0,14.8,51,25.71,7.81,972.9,3.2,311.0,21.124779,79.11585
MH-NGP,2021-04-27,32.7,40.3,24.6,28,55,0.0,0.0,12.2,261,24.07,6.93,973.2,9.6,311.0,21.124779,79.11585
MH-NGP,2021-04-28,33.4,41.5,23.2,20,37,0.0,0.0,13.5,201,24.65,7.27,973.4,6.0,311.0,21.124779,79.11585
MH-NGP,2021-04-29,34.0,41.8,26.0,19,33,0.0,0.0,12.1,224,23.98,6.82,972.7,6.2,311.0,21.124779,79.11585
MH-NGP,2021-04-30,34.0,40.9,26.2,21,34,0.0,0.0,17.0,184,24.47,7.76,972.0,7.3,311.0,21.124779,79.11585
MH-NGP,2021-05-01,34.0,39.9,27.3,27,43,0.0,0.0,19.6,212,20.59,7.41,972.8,11.6,311.0,21.124779,79.11585
MH-NGP,2021-05-02,31.9,37.5,26.7,34,55,0.0,0.0,14.8,293,20.55,6.04,974.0,13.4,311.0,21.124779,79.11585
MH-NGP,2021-05-03,30.7,37.5,26.5,41,56,0.0,0.0,16.0,287,21.76,6.21,973.3,15.4,311.0,21.124779,79.11585
MH-NGP,2021-05-04,31.6,38.2,24.8,39,64,0.0,0.0,10.4,263,23.28,6.27,972.4,14.8,311.0,21.124779,79.11585
MH-NGP,2021-05-05,33.5,39.3,27.3,32,51,0.0,0.0,15.6,209,22.24,7.09,971.8,13.9,311.0,21.124779,79.11585
MH-NGP,2021-05-06,33.2,39.2,28.6,39,52,0.0,0.0,19.1,199,21.59,7.69,973.0,16.9,311.0,21.124779,79.11585
MH-NGP,2021-05-07,32.3,38.8,27.2,45,62,1.3,1.3,12.1,189,21.41,6.12,974.1,18.5,311.0,21.124779,79.11585
MH-NGP,2021-05-08,32.5,39.0,26.7,46,69,0.0,0.0,15.4,161,22.01,6.48,973.4,18.6,311.0,21.124779,79.11585
MH-NGP,2021-05-09,31.1,38.7,24.8,55,88,3.1,3.1,17.3,139,21.24,6.27,972.0,20.2,311.0,21.124779,79.11585
MH-NGP,2021-05-10,31.5,38.1,24.4,52,85,0.2,0.2,10.7,195,23.17,6.22,971.1,19.5,311.0,21.124779,79.11585
MH-NGP,2021-05-11,32.5,39.2,26.1,47,79,0.1,0.1,13.4,210,22.51,6.47,970.1,18.5,311.0,21.124779,79.11585
MH-NGP,2021-05-12,33.6,39.6,27.2,37,69,0.0,0.0,16.9,237,24.45,7.99,968.5,14.9,311.0,21.124779,79.11585
MH-NGP,2021-05-13,32.9,39.0,25.7,30,46,0.0,0.0,16.2,283,23.55,7.44,968.2,12.0,311.0,21.124779,79.11585
MH-NGP,2021-05-14,32.7,38.2,26.7,38,49,0.0,0.0,15.7,155,20.62,6.71,968.5,15.9,311.0,21.124779,79.11585
MH-NGP,2021-05-15,32.2,37.1,27.6,49,72,0.0,0.0,15.3,142,21.5,6.33,969.5,19.6,311.0,21.124779,79.11585
MH-NGP,2021-05-16,32.6,38.4,28.3,49,62,0.0,0.0,19.0,152,21.35,6.73,970.4,20.3,311.0,21.124779,79.11585
MH-NGP,2021-05-17,32.5,37.9,26.9,52,83,0.0,0.0,16.5,159,21.61,6.84,971.0,20.9,311.0,21.124779,79.11585
MH-NGP,2021-05-18,32.5,37.8,29.3,53,63,2.3,2.3,20.2,182,21.31,6.46,970.3,21.4,311.0,21.124779,79.11585
MH-NGP,2021-05-19,31.9,37.7,25.4,57,91,4.4,4.4,22.7,189,22.22,6.85,969.0,21.6,311.0,21.124779,79.11585
MH-NGP,2021-05-20,30.9,36.1,27.1,53,75,0.1,0.1,22.6,248,23.04,6.98,969.7,19.4,311.0,21.124779,79.11585
MH-NGP,2021-05-21,31.5,38.0,23.8,43,74,0.0,0.0,12.6,358,26.04,7.18,970.7,15.9,311.0,21.124779,79.11585
MH-NGP,2021-05-22,32.4,38.8,25.0,40,67,0.0,0.0,14.3,10,23.13,6.71,969.7,16.2,311.0,21.124779,79.11585
MH-NGP,2021-05-23,32.9,38.8,27.2,40,63,0.0,0.0,17.4,317,18.53,6.77,970.2,16.7,311.0,21.124779,79.11585
MH-NGP,2021-05-24,33.3,39.0,27.4,32,53,0.0,0.0,19.1,334,21.06,7.79,970.0,13.3,311.0,21.124779,79.11585
MH-NGP,2021-05-25,33.5,40.1,26.4,23,37,0.0,0.0,24.7,334,23.96,9.28,967.3,8.6,311.0,21.124779,79.11585
MH-NGP,2021-05-26,34.1,40.7,26.0,24,36,0.0,0.0,26.8,323,24.89,10.15,965.0,10.3,311.0,21.124779,79.11585
MH-NGP,2021-05-27,34.3,39.9,29.7,36,47,0.0,0.0,24.6,303,18.89,8.44,965.7,16.5,311.0,21.124779,79.11585
MH-NGP,2021-05-28,34.5,39.7,28.8,37,53,0.0,0.0,16.6,290,20.19,7.25,967.9,17.2,311.0,21.124779,79.11585
MH-NGP,2021-05-29,34.6,41.0,29.7,40,51,0.4,0.4,20.2,305,21.64,6.76,969.3,18.7,311.0,21.124779,79.11585
MH-NGP,2021-05-30,33.9,39.9,29.3,44,58,0.2,0.2,24.6,261,20.34,7.16,969.8,19.3,311.0,21.124779,79.11585
MH-NGP,2021-05-31,34.0,38.4,30.9,41,51,0.0,0.0,12.3,293,13.88,5.02,968.1,18.6,311.0,21.124779,79.11585
MH-NGP,2021-06-01,33.1,38.1,29.4,43,60,0.0,0.0,14.5,279,16.39,5.41,969.4,18.6,311.0,21.124779,79.11585
MH-NGP,2021-06-02,31.4,34.2,27.7,51,66,0.0,0.0,15.3,265,12.47,4.15,970.9,19.8,311.0,21.124779,79.11585
MH-NGP,2021-06-03,30.3,36.4,25.2,61,86,2.1,2.1,12.1,215,17.5,4.81,971.9,21.3,311.0,21.124779,79.11585
MH-NGP,2021-06-04,28.7,32.4,25.9,70,95,8.4,8.4,13.5,212,13.01,3.53,973.1,22.5,311.0,21.124779,79.11585
MH-NGP,2021-06-05,30.5,35.8,25.4,60,89,0.4,0.4,12.8,237,22.36,5.67,972.0,21.3,311.0,21.124779,79.11585
MH-NGP,2021-06-06,30.1,35.3,26.6,67,97,6.2,6.2,17.1,252,21.13,5.39,971.6,22.7,311.0,21.124779,79.11585
MH-NGP,2021-06-07,30.9,36.8,26.1,61,87,0.9,0.9,18.2,262,22.49,6.1,970.6,22.0,311.0,21.124779,79.11585
MH-NGP,2021-06-08,30.1,36.5,26.7,67,83,4.5,4.5,15.2,269,21.05,5.45,969.2,23.0,311.0,21.124779,79.11585
MH-NGP,2021-06-09,28.8,33.5,24.5,74,95,8.9,8.9,16.4,262,16.72,4.27,967.9,23.5,311.0,21.124779,79.11585
MH-NGP,2021-06-10,27.4,31.0,25.1,82,94,14.1,14.1,18.0,258,14.17,3.48,966.5,23.9,311.0,21.124779,79.11585
MH-NGP,2021-06-11,26.9,30.5,24.1,84,96,24.3,24.3,18.1,265,14.39,3.34,965.5,23.8,311.0,21.124779,79.11585
MH-NGP,2021-06-12,27.6,31.9,24.4,80,96,10.6,10.6,14.4,268,13.41,3.4,965.6,23.6,311.0,21.124779,79.11585
MH-NGP,2021-06-13,28.6,32.4,24.3,77,95,6.8,6.8,20.5,279,18.42,4.43,965.1,24.0,311.0,21.124779,79.11585
MH-NGP,2021-06-14,28.4,31.8,25.3,77,90,3.8,3.8,21.9,267,12.67,3.48,964.2,23.8,311.0,21.124779,79.11585
MH-NGP,2021-06-15,27.8,31.3,24.7,79,94,4.1,4.1,18.2,237,15.78,3.91,964.0,23.6,311.0,21.124779,79.11585
MH-NGP,2021-06-16,28.2,31.7,24.8,75,90,0.2,0.2,17.1,235,18.82,4.61,965.6,23.3,311.0,21.124779,79.11585
MH-NGP,2021-06-17,27.6,30.8,24.8,78,93,1.9,1.9,17.5,244,16.15,3.99,966.3,23.2,311.0,21.124779,79.11585
MH-NGP,2021-06-18,26.8,30.1,24.5,80,94,4.5,4.5,16.2,236,9.08,2.74,967.2,22.9,311.0,21.124779,79.11585
MH-NGP,2021-06-19,27.5,31.8,24.4,75,94,0.6,0.6,21.9,230,20.3,5.05,968.5,22.5,311.0,21.124779,79.11585
MH-NGP,2021-06-20,27.9,31.4,25.0,68,79,0.3,0.3,19.6,241,18.59,4.93,969.7,21.4,311.0,21.124779,79.11585
MH-NGP,2021-06-21,28.5,32.4,25.0,66,78,0.3,0.3,16.0,261,22.82,5.55,969.8,21.3,311.0,21.124779,79.11585
MH-NGP,2021-06-22,28.7,32.9,25.2,73,93,14.2,14.2,16.7,274,19.15,4.76,969.2,23.2,311.0,21.124779,79.11585
MH-NGP,2021-06-23,26.3,28.5,24.7,88,95,6.6,6.6,15.5,244,9.86,2.32,969.1,24.2,311.0,21.124779,79.11585
MH-NGP,2021-06-24,27.0,29.7,24.1,81,96,3.9,3.9,19.5,261,10.2,2.87,968.8,23.3,311.0,21.124779,79.11585
MH-NGP,2021-06-25,26.7,30.5,24.0,83,93,5.3,5.3,19.1,272,12.75,3.1,967.9,23.5,311.0,21.124779,79.11585
MH-NGP,2021-06-26,28.4,32.6,24.9,78,91,1.3,1.3,15.8,271,20.15,4.68,968.0,23.9,311.0,21.124779,79.11585
MH-NGP,2021-06-27,28.0,32.6,24.8,83,95,17.0,17.0,10.1,285,18.54,4.06,969.7,24.7,311.0,21.124779,79.11585
MH-NGP,2021-06-28,27.6,32.3,24.1,85,98,10.4,10.4,7.8,249,21.03,4.43,970.2,24.7,311.0,21.124779,79.11585
MH-NGP,2021-06-29,28.6,32.3,25.1,82,95,1.4,1.4,14.3,236,21.43,4.68,969.9,25.0,311.0,21.124779,79.11585
MH-NGP,2021-06-30,29.1,32.3,26.6,80,89,12.3,12.3,11.2,241,19.58,4.51,969.0,25.2,311.0,21.124779,79.11585
MH-NGP,2021-07-01,29.0,33.8,26.5,77,89,4.0,4.0,15.8,244,21.75,5.06,967.7,24.4,311.0,21.124779,79.11585
MH-NGP,2021-07-02,27.4,29.9,25.4,78,95,0.7,0.7,17.9,223,13.13,3.48,968.6,23.1,311.0,21.124779,79.11585
MH-NGP,2021-07-03,28.8,32.7,25.3,68,81,0.2,0.2,12.1,248,22.12,5.41,969.6,22.0,311.0,21.124779,79.11585
MH-NGP,2021-07-04,29.6,34.1,25.1,65,82,0.0,0.0,12.6,276,23.81,5.76,969.8,22.0,311.0,21.124779,79.11585
MH-NGP,2021-07-05,29.9,34.0,26.4,65,78,0.0,0.0,10.7,269,20.2,5.09,969.8,22.4,311.0,21.124779,79.11585
MH-NGP,2021-07-06,29.5,33.5,26.0,72,90,0.0,0.0,9.3,239,20.01,4.75,968.9,23.5,311.0,21.124779,79.11585
MH-NGP,2021-07-07,29.9,34.6,26.5,73,82,3.9,3.9,12.1,239,21.98,5.18,968.3,24.3,311.0,21.124779,79.11585
MH-NGP,2021-07-08,25.8,28.5,24.5,92,96,50.4,50.4,16.4,233,3.88,1.12,968.6,24.3,311.0,21.124779,79.11585
MH-NGP,2021-07-09,26.6,30.2,24.4,88,96,9.4,9.4,9.5,239,15.28,3.27,967.1,24.3,311.0,21.124779,79.11585
MH-NGP,2021-07-10,27.2,31.1,24.6,87,98,18.1,18.1,9.0,290,17.61,3.69,965.8,24.8,311.0,21.124779,79.11585
MH-NGP,2021-07-11,27.8,31.3,25.3,86,99,18.7,18.7,10.2,108,19.21,4.09,965.8,25.1,311.0,21.124779,79.11585
MH-NGP,2021-07-12,27.7,31.4,24.6,83,98,6.0,6.0,11.6,101,19.47,4.19,966.5,24.4,311.0,21.124779,79.11585
MH-NGP,2021-07-13,27.6,32.0,24.2,85,97,14.0,14.0,10.3,87,21.61,4.5,966.2,24.8,311.0,21.124779,79.11585
MH-NGP,2021-07-14,27.2,30.4,24.1,86,98,9.6,9.6,14.0,50,20.8,4.26,965.9,24.6,311.0,21.124779,79.11585
MH-NGP,2021-07-15,27.4,31.1,24.6,79,97,1.3,1.3,16.2,128,21.0,4.59,966.7,23.2,311.0,21.124779,79.11585
MH-NGP,2021-07-16,27.9,31.9,25.0,78,90,0.8,0.8,12.6,142,22.06,4.8,969.8,23.6,311.0,21.124779,79.11585
MH-NGP,2021-07-17,28.6,32.9,25.1,81,96,1.4,1.4,9.5,189,21.89,4.72,969.9,24.7,311.0,21.124779,79.11585
MH-NGP,2021-07-18,28.6,32.4,26.0,84,93,3.7,3.7,10.8,222,19.18,4.18,968.0,25.5,311.0,21.124779,79.11585
MH-NGP,2021-07-19,28.1,32.1,25.0,82,98,0.6,0.6,11.5,224,22.05,4.78,966.6,24.6,311.0,21.124779,79.11585
MH-NGP,2021-07-20,26.5,28.6,25.2,87,94,10.7,10.7,20.5,256,9.63,2.31,967.9,24.1,311.0,21.124779,79.11585
MH-NGP,2021-07-21,24.6,25.6,24.2,93,96,80.8,80.8,18.7,249,2.82,0.9,965.9,23.5,311.0,21.124779,79.11585
MH-NGP,2021-07-22,25.7,28.6,24.2,91,95,32.9,32.9,14.0,286,10.99,2.35,962.1,24.0,311.0,21.124779,79.11585
MH-NGP,2021-07-23,25.3,26.6,24.3,93,95,61.1,61.1,16.9,275,7.64,1.63,962.9,24.1,311.0,21.124779,79.11585
MH-NGP,2021-07-24,25.7,28.0,24.2,91,95,63.7,63.7,15.6,254,6.08,1.57,964.2,24.1,311.0,21.124779,79.11585
MH-NGP,2021-07-25,26.9,30.1,24.8,80,91,1.0,1.0,28.8,242,17.77,4.31,965.4,23.0,311.0,21.124779,79.11585
MH-NGP,2021-07-26,27.1,29.4,25.0,77,84,0.2,0.2,26.4,243,12.73,3.69,966.6,22.6,311.0,21.124779,79.11585
MH-NGP,2021-07-27,26.6,30.0,24.8,78,91,4.2,4.2,27.3,256,15.51,4.02,966.2,22.4,311.0,21.124779,79.11585
MH-NGP,2021-07-28,26.1,28.3,24.1,80,90,1.9,1.9,25.3,256,12.5,3.28,967.3,22.3,311.0,21.124779,79.11585
MH-NGP,2021-07-29,25.7,27.4,23.9,82,91,6.9,6.9,26.2,253,7.39,2.38,967.7,22.4,311.0,21.124779,79.11585
MH-NGP,2021-07-30,24.5,25.1,23.9,89,93,24.2,24.2,19.6,244,5.78,1.61,968.0,22.6,311.0,21.124779,79.11585
MH-NGP,2021-07-31,26.4,30.3,23.7,77,88,0.9,0.9,24.9,256,15.79,4.18,967.5,21.9,311.0,21.124779,79.11585
MH-NGP,2021-08-01,26.8,29.3,25.1,73,81,1.0,1.0,26.1,251,15.81,4.41,966.8,21.6,311.0,21.124779,79.11585
MH-NGP,2021-08-02,26.0,29.4,24.5,78,88,2.1,2.1,26.6,248,13.2,3.67,967.9,21.8,311.0,21.124779,79.11585
MH-NGP,2021-08-03,26.1,29.1,24.2,78,89,0.5,0.5,23.7,248,16.93,4.06,969.8,21.8,311.0,21.124779,79.11585
MH-NGP,2021-08-04,26.7,31.0,23.6,78,92,0.8,0.8,22.6,246,19.69,4.54,969.8,22.5,311.0,21.124779,79.11585
MH-NGP,2021-08-05,26.4,29.3,24.6,80,90,1.4,1.4,21.3,253,13.29,3.32,968.0,22.6,311.0,21.124779,79.11585
MH-NGP,2021-08-06,26.3,29.5,24.2,83,95,3.4,3.4,19.2,249,17.17,3.85,967.5,22.9,311.0,21.124779,79.11585
MH-NGP,2021-08-07,27.5,32.2,24.2,77,95,0.0,0.0,18.5,248,23.54,5.23,969.0,22.7,311.0,21.124779,79.11585
MH-NGP,2021-08-08,27.4,30.6,24.1,82,96,1.7,1.7,16.2,234,18.06,3.9,970.7,24.0,311.0,21.124779,79.11585
MH-NGP,2021-08-09,28.1,31.9,24.2,78,97,0.5,0.5,14.6,256,21.91,4.87,971.3,23.8,311.0,21.124779,79.11585
MH-NGP,2021-08-10,27.9,31.8,25.5,79,87,2.8,2.8,16.3,278,17.4,4.05,970.6,23.8,311.0,21.124779,79.11585
MH-NGP,2021-08-11,27.3,31.6,24.7,78,87,0.7,0.7,15.3,283,19.19,4.29,970.9,23.0,311.0,21.124779,79.11585
MH-NGP,2021-08-12,28.0,32.0,24.8,77,88,0.6,0.6,13.5,294,22.13,4.93,971.4,23.3,311.0,21.124779,79.11585
MH-NGP,2021-08-13,27.8,31.5,25.1,79,89,1.3,1.3,10.8,287,20.25,4.45,970.4,23.8,311.0,21.124779,79.11585
MH-NGP,2021-08-14,27.9,31.5,24.8,76,85,0.2,0.2,13.7,283,21.95,4.9,968.7,23.2,311.0,21.124779,79.11585
MH-NGP,2021-08-15,27.6,31.5,24.8,77,87,0.4,0.4,13.8,295,21.25,4.71,969.0,23.0,311.0,21.124779,79.11585
MH-NGP,2021-08-16,27.9,32.2,24.8,79,94,7.9,7.9,12.4,321,19.21,4.37,970.2,23.6,311.0,21.124779,79.11585
MH-NGP,2021-08-17,26.5,29.2,24.7,90,96,39.0,39.0,10.9,310,10.82,2.37,969.5,24.6,311.0,21.124779,79.11585
MH-NGP,2021-08-18,25.6,28.9,24.0,91,98,39.1,39.1,9.7,273,12.07,2.52,967.9,24.1,311.0,21.124779,79.11585
MH-NGP,2021-08-19,25.6,29.9,23.9,90,97,22.1,22.1,11.6,271,10.84,2.38,967.4,23.7,311.0,21.124779,79.11585
MH-NGP,2021-08-20,25.5,27.9,23.9,91,97,12.0,12.0,12.1,225,10.12,2.11,968.8,23.9,311.0,21.124779,79.11585
MH-NGP,2021-08-21,26.3,29.7,23.6,85,97,2.9,2.9,16.8,209,19.73,4.05,971.0,23.6,311.0,21.124779,79.11585
MH-NGP,2021-08-22,26.4,29.5,23.8,86,97,4.8,4.8,12.7,221,19.2,3.91,971.9,23.8,311.0,21.124779,79.11585
MH-NGP,2021-08-23,27.0,31.2,24.1,85,95,1.7,1.7,11.1,239,20.18,4.22,971.7,24.0,311.0,21.124779,79.11585
MH-NGP,2021-08-24,27.5,31.3,24.4,82,96,1.1,1.1,10.8,244,19.9,4.3,971.2,24.0,311.0,21.124779,79.11585
MH-NGP,2021-08-25,27.8,31.9,24.2,78,94,0.3,0.3,15.5,269,21.64,4.82,969.6,23.4,311.0,21.124779,79.11585
MH-NGP,2021-08-26,27.3,31.4,23.7,73,89,0.7,0.7,14.4,259,20.45,4.74,968.5,21.9,311.0,21.124779,79.11585
MH-NGP,2021-08-27,27.4,31.6,23.9,75,89,0.3,0.3,12.2,272,21.99,4.81,968.7,22.3,311.0,21.124779,79.11585
MH-NGP,2021-08-28,27.1,30.4,23.4,80,90,1.1,1.1,6.9,310,15.06,3.34,967.3,23.2,311.0,21.124779,79.11585
MH-NGP,2021-08-29,26.7,30.2,24.1,87,97,17.6,17.6,8.8,339,17.38,3.59,966.4,24.3,311.0,21.124779,79.11585
MH-NGP,2021-08-30,26.4,30.4,24.1,90,97,25.4,25.4,13.4,58,17.98,3.62,967.6,24.4,311.0,21.124779,79.11585
MH-NGP,2021-08-31,26.3,30.2,24.1,88,97,10.5,10.5,19.6,112,18.41,3.77,969.4,24.1,311.0,21.124779,79.11585
MH-NGP,2021-09-01,26.0,28.8,24.3,88,96,15.9,15.9,15.6,170,15.77,3.23,971.3,23.7,311.0,21.124779,79.11585
MH-NGP,2021-09-02,26.3,29.5,23.6,88,98,12.1,12.1,10.4,210,19.53,3.91,971.0,23.9,311.0,21.124779,79.11585
MH-NGP,2021-09-03,26.6,30.4,23.6,87,98,7.0,7.0,6.8,284,18.39,3.8,969.8,24.1,311.0,21.124779,79.11585
MH-NGP,2021-09-04,26.2,29.5,24.0,88,99,12.6,12.6,8.2,329,15.94,3.29,969.4,24.0,311.0,21.124779,79.11585
MH-NGP,2021-09-05,27.0,31.0,23.8,86,98,1.4,1.4,9.3,322,19.41,4.05,968.6,24.3,311.0,21.124779,79.11585
MH-NGP,2021-09-06,27.0,30.1,24.6,89,98,20.9,20.9,10.2,2,16.73,3.46,968.1,24.9,311.0,21.124779,79.11585
MH-NGP,2021-09-07,26.3,29.7,24.3,89,96,42.1,42.1,17.7,75,16.02,3.22,966.0,24.4,311.0,21.124779,79.11585
MH-NGP,2021-09-08,25.6,29.4,24.0,88,97,6.7,6.7,17.7,170,11.35,2.55,967.6,23.4,311.0,21.124779,79.11585
MH-NGP,2021-09-09,26.1,29.3,24.0,85,97,12.3,12.3,17.3,227,10.67,2.49,969.9,23.3,311.0,21.124779,79.11585
MH-NGP,2021-09-10,25.9,30.2,24.1,87,95,30.6,30.6,14.2,247,14.77,3.13,969.8,23.5,311.0,21.124779,79.11585
MH-NGP,2021-09-11,25.6,28.5,23.3,90,97,12.9,12.9,10.8,234,12.13,2.54,968.7,23.8,311.0,21.124779,79.11585
MH-NGP,2021-09-12,26.2,29.9,23.9,88,97,6.7,6.7,14.8,235,15.23,3.17,966.8,23.9,311.0,21.124779,79.11585
MH-NGP,2021-09-13,26.2,29.3,24.3,89,97,6.8,6.8,11.6,243,13.67,2.94,965.4,24.3,311.0,21.124779,79.11585
MH-NGP,2021-09-14,26.5,30.1,24.9,89,95,14.6,14.6,14.3,266,12.32,2.69,965.5,24.5,311.0,21.124779,79.11585
MH-NGP,2021-09-15,25.6,27.6,24.2,87,94,16.3,16.3,21.8,240,6.94,1.96,967.4,23.2,311.0,21.124779,79.11585
MH-NGP,2021-09-16,25.1,27.2,24.1,87,94,10.7,10.7,19.8,235,8.76,2.13,969.0,22.9,311.0,21.124779,79.11585
MH-NGP,2021-09-17,25.6,28.9,23.8,86,96,4.2,4.2,17.5,236,11.68,2.66,969.3,23.0,311.0,21.124779,79.11585
MH-NGP,2021-09-18,26.2,30.3,23.2,80,95,0.9,0.9,13.8,235,19.04,4.11,971.4,22.3,311.0,21.124779,79.11585
MH-NGP,2021-09-19,26.6,30.6,22.4,80,97,0.9,0.9,12.1,230,19.79,4.24,973.4,22.6,311.0,21.124779,79.11585
MH-NGP,2021-09-20,25.4,27.0,24.2,93,97,9.1,9.1,8.2,224,7.41,1.6,972.5,24.1,311.0,21.124779,79.11585
MH-NGP,2021-09-21,25.3,28.3,23.3,90,97,9.6,9.6,8.9,253,11.83,2.45,970.8,23.6,311.0,21.124779,79.11585
MH-NGP,2021-09-22,26.2,30.8,23.5,88,97,4.8,4.8,8.9,314,18.68,3.81,968.9,23.9,311.0,21.124779,79.11585
MH-NGP,2021-09-23,26.3,30.5,23.7,88,97,12.0,12.0,7.2,288,16.66,3.42,969.2,24.0,311.0,21.124779,79.11585
MH-NGP,2021-09-24,26.1,29.2,23.9,89,99,2.9,2.9,7.9,224,14.21,2.89,970.9,24.2,311.0,21.124779,79.11585
MH-NGP,2021-09-25,25.8,29.3,23.7,91,99,14.0,14.0,5.6,276,14.67,2.97,970.7,24.1,311.0,21.124779,79.11585
MH-NGP,2021-09-26,27.0,31.2,23.6,87,98,3.4,3.4,7.7,351,19.49,4.05,968.8,24.5,311.0,21.124779,79.11585
MH-NGP,2021-09-27,27.1,31.0,24.0,83,96,10.7,10.7,23.3,43,17.28,3.94,966.9,23.8,311.0,21.124779,79.11585
MH-NGP,2021-09-28,26.2,29.0,24.5,81,90,3.4,3.4,29.7,104,14.27,3.62,967.5,22.6,311.0,21.124779,79.11585
MH-NGP,2021-09-29,26.5,30.4,23.0,81,96,0.2,0.2,8.4,157,17.37,3.66,971.6,22.7,311.0,21.124779,79.11585
MH-NGP,2021-09-30,26.8,31.0,22.9,85,98,6.5,6.5,11.5,343,19.53,4.07,973.2,23.8,311.0,21.124779,79.11585
MH-NGP,2021-10-01,27.1,30.9,23.7,87,98,2.7,2.7,6.6,33,19.72,4.07,973.5,24.7,311.0,21.124779,79.11585
MH-NGP,2021-10-02,26.6,30.2,23.8,86,99,7.4,7.4,9.4,207,15.99,3.35,973.9,23.8,311.0,21.124779,79.11585
MH-NGP,2021-10-03,26.7,31.1,23.9,87,98,8.8,8.8,7.9,256,18.87,3.92,973.2,24.1,311.0,21.124779,79.11585
MH-NGP,2021-10-04,27.5,31.7,24.0,84,97,0.4,0.4,7.2,302,20.24,4.25,972.3,24.3,311.0,21.124779,79.11585
MH-NGP,2021-10-05,27.5,32.0,24.6,84,97,4.1,4.1,6.4,8,18.18,3.87,973.1,24.4,311.0,21.124779,79.11585
MH-NGP,2021-10-06,27.1,30.6,24.4,87,98,6.5,6.5,8.7,36,17.36,3.58,972.7,24.6,311.0,21.124779,79.11585
MH-NGP,2021-10-07,27.6,31.5,23.9,84,98,0.2,0.2,6.6,0,19.79,4.13,972.0,24.5,311.0,21.124779,79.11585
MH-NGP,2021-10-08,28.0,32.1,24.6,80,96,1.3,1.3,6.4,313,19.38,4.14,971.5,24.1,311.0,21.124779,79.11585
MH-NGP,2021-10-09,27.6,31.8,24.1,78,96,0.1,0.1,8.0,322,19.53,4.24,972.2,23.1,311.0,21.124779,79.11585
MH-NGP,2021-10-10,26.7,32.7,21.8,72,95,0.0,0.0,8.7,329,21.28,4.7,972.4,20.6,311.0,21.124779,79.11585
MH-NGP,2021-10-11,26.1,32.1,20.5,70,90,0.0,0.0,8.6,315,20.68,4.54,971.5,19.5,311.0,21.124779,79.11585
MH-NGP,2021-10-12,26.0,32.3,20.0,69,93,0.0,0.0,8.2,337,21.04,4.63,971.6,19.2,311.0,21.124779,79.11585
MH-NGP,2021-10-13,26.9,32.7,21.5,64,84,0.0,0.0,10.5,331,20.34,4.74,971.2,19.2,311.0,21.124779,79.11585
MH-NGP,2021-10-14,27.0,32.8,22.3,61,82,0.0,0.0,13.4,355,21.3,5.38,971.0,18.2,311.0,21.124779,79.11585
MH-NGP,2021-10-15,26.8,32.5,21.4,63,81,0.1,0.1,11.8,11,20.21,4.83,968.9,18.9,311.0,21.124779,79.11585
MH-NGP,2021-10-16,27.2,32.4,23.2,77,96,7.6,7.6,14.8,53,18.67,4.17,968.5,22.6,311.0,21.124779,79.11585
MH-NGP,2021-10-17,25.5,28.4,23.3,89,99,13.6,13.6,16.7,90,13.02,2.65,968.9,23.4,311.0,21.124779,79.11585
MH-NGP,2021-10-18,26.0,29.5,23.4,86,98,2.6,2.6,14.0,228,13.73,2.99,969.4,23.2,311.0,21.124779,79.11585
MH-NGP,2021-10-19,26.3,31.0,22.9,72,89,0.0,0.0,13.4,286,20.3,4.63,973.3,20.7,311.0,21.124779,79.11585
MH-NGP,2021-10-20,25.1,30.6,21.1,72,92,0.0,0.0,8.9,302,19.92,4.3,976.8,19.4,311.0,21.124779,79.11585
MH-NGP,2021-10-21,24.0,30.8,19.1,64,87,0.0,0.0,8.6,311,21.1,4.59,977.3,16.0,311.0,21.124779,79.11585
MH-NGP,2021-10-22,23.3,30.3,17.3,59,77,0.0,0.0,9.7,269,21.11,4.59,977.5,14.4,311.0,21.124779,79.11585
MH-NGP,2021-10-23,23.5,30.3,17.1,63,86,0.0,0.0,9.7,351,20.61,4.47,978.0,15.5,311.0,21.124779,79.11585
MH-NGP,2021-10-24,23.8,30.1,17.6,65,84,0.0,0.0,8.4,347,20.25,4.33,978.0,16.4,311.0,21.124779,79.11585
MH-NGP,2021-10-25,24.1,29.9,18.8,64,85,0.0,0.0,9.9,2,18.85,4.09,977.4,16.4,311.0,21.124779,79.11585
MH-NGP,2021-10-26,24.1,29.6,18.9,65,84,0.0,0.0,9.9,342,17.55,3.78,976.7,16.6,311.0,21.124779,79.11585
MH-NGP,2021-10-27,24.4,30.0,19.3,63,81,0.0,0.0,9.7,21,18.39,4.18,977.6,16.6,311.0,21.124779,79.11585
MH-NGP,2021-10-28,23.9,29.6,18.8,55,74,0.0,0.0,13.6,17,19.43,4.75,978.4,14.0,311.0,21.124779,79.11585
MH-NGP,2021-10-29,22.9,29.6,17.5,55,68,0.0,0.0,11.6,15,20.0,4.71,979.4,13.0,311.0,21.124779,79.11585
MH-NGP,2021-10-30,23.3,29.7,17.8,55,65,0.0,0.0,11.1,12,19.6,4.61,979.7,13.4,311.0,21.124779,79.11585
MH-NGP,2021-10-31,22.5,29.3,16.1,58,77,0.0,0.0,10.5,8,20.03,4.34,978.7,13.3,311.0,21.124779,79.11585
MH-NGP,2021-11-01,22.0,29.1,15.9,60,81,0.0,0.0,9.1,17,19.94,4.35,977.7,13.0,311.0,21.124779,79.11585
MH-NGP,2021-11-02,23.4,29.7,17.2,65,87,0.0,0.0,12.6,59,18.67,4.21,977.8,16.1,311.0,21.124779,79.11585
MH-NGP,2021-11-03,24.4,29.7,20.2,72,91,0.2,0.2,9.7,72,17.95,3.83,977.5,18.8,311.0,21.124779,79.11585
MH-NGP,2021-11-04,24.3,29.8,19.8,71,95,0.1,0.1,9.2,51,17.74,3.86,977.2,18.4,311.0,21.124779,79.11585
MH-NGP,2021-11-05,24.4,30.4,19.2,64,85,0.0,0.0,9.1,52,18.24,4.11,976.9,16.8,311.0,21.124779,79.11585
MH-NGP,2021-11-06,23.8,29.8,18.0,63,91,0.0,0.0,10.8,41,18.83,4.15,975.9,15.8,311.0,21.124779,79.11585
MH-NGP,2021-11-07,22.9,29.4,17.0,53,71,0.0,0.0,11.4,52,19.11,4.45,976.2,12.2,311.0,21.124779,79.11585
MH-NGP,2021-11-08,22.3,29.4,16.3,55,73,0.0,0.0,10.8,32,19.09,4.45,977.3,12.1,311.0,21.124779,79.11585
MH-NGP,2021-11-09,22.6,29.6,16.3,53,76,0.0,0.0,12.6,39,18.94,4.44,977.8,11.8,311.0,21.124779,79.11585
MH-NGP,2021-11-10,22.5,29.4,15.9,54,75,0.0,0.0,12.2,29,18.72,4.41,977.0,12.0,311.0,21.124779,79.11585
MH-NGP,2021-11-11,22.7,28.7,17.4,54,67,0.0,0.0,14.6,33,16.11,4.21,975.6,12.6,311.0,21.124779,79.11585
MH-NGP,2021-11-12,25.0,30.4,19.8,61,77,0.2,0.2,14.2,51,16.16,4.29,975.4,16.9,311.0,21.124779,79.11585
MH-NGP,2021-11-13,25.7,30.4,22.4,71,86,0.4,0.4,15.1,58,12.84,3.33,975.3,20.0,311.0,21.124779,79.11585
MH-NGP,2021-11-14,25.3,29.5,22.5,78,92,0.4,0.4,13.4,64,10.08,2.49,975.1,21.0,311.0,21.124779,79.11585
MH-NGP,2021-11-15,25.8,30.7,21.2,65,95,1.1,1.1,10.5,40,15.71,3.83,974.1,18.5,311.0,21.124779,79.11585
MH-NGP,2021-11-16,26.0,31.2,21.2,58,65,0.0,0.0,13.6,53,14.54,4.1,974.9,16.9,311.0,21.124779,79.11585
MH-NGP,2021-11-17,26.4,30.7,22.3,62,76,1.0,1.0,13.7,74,13.51,3.89,976.6,18.4,311.0,21.124779,79.11585
MH-NGP,2021-11-18,26.4,32.0,22.0,65,84,0.0,0.0,12.7,77,16.4,4.15,975.4,18.7,311.0,21.124779,79.11585
MH-NGP,2021-11-19,26.7,31.8,22.2,58,76,0.0,0.0,14.5,76,14.09,4.08,973.5,17.3,311.0,21.124779,79.11585
MH-NGP,2021-11-20,26.5,31.0,22.5,66,98,3.4,3.4,13.0,80,12.76,3.63,973.6,19.4,311.0,21.124779,79.11585
MH-NGP,2021-11-21,25.3,30.1,21.8,81,96,8.7,8.7,10.0,61,14.18,2.96,975.9,21.6,311.0,21.124779,79.11585
MH-NGP,2021-11-22,25.6,30.7,22.0,79,95,0.5,0.5,10.8,32,15.08,3.21,977.0,21.3,311.0,21.124779,79.11585
MH-NGP,2021-11-23,25.6,30.5,21.2,76,100,0.2,0.2,9.7,28,15.56,3.23,976.4,20.7,311.0,21.124779,79.11585
MH-NGP,2021-11-24,25.1,31.0,20.1,67,89,0.0,0.0,7.3,54,16.44,3.52,977.0,18.2,311.0,21.124779,79.11585
MH-NGP,2021-11-25,25.0,31.2,18.9,63,93,0.0,0.0,11.1,352,16.67,3.82,977.5,16.8,311.0,21.124779,79.11585
MH-NGP,2021-11-26,23.9,30.0,18.5,58,87,0.0,0.0,9.2,35,17.0,3.98,977.9,14.5,311.0,21.124779,79.11585
MH-NGP,2021-11-27,22.1,29.5,16.1,48,72,0.0,0.0,12.3,56,17.29,4.37,978.6,9.6,311.0,21.124779,79.11585
MH-NGP,2021-11-28,21.0,28.6,14.5,48,72,0.0,0.0,12.1,50,17.32,4.3,979.7,8.8,311.0,21.124779,79.11585
MH-NGP,2021-11-29,21.2,28.7,15.5,48,66,0.0,0.0,11.8,33,16.42,4.05,980.0,9.1,311.0,21.124779,79.11585
MH-NGP,2021-11-30,21.4,28.1,15.4,49,65,0.0,0.0,12.4,48,16.48,4.04,979.7,9.5,311.0,21.124779,79.11585
MH-NGP,2021-12-01,21.9,28.2,16.7,51,68,0.0,0.0,12.3,60,16.43,4.09,978.5,10.8,311.0,21.124779,79.11585
MH-NGP,2021-12-02,21.6,27.9,16.2,54,76,0.0,0.0,12.0,72,16.53,3.93,977.9,11.4,311.0,21.124779,79.11585
MH-NGP,2021-12-03,22.5,28.5,17.3,54,74,0.0,0.0,13.0,48,14.8,3.78,978.4,12.3,311.0,21.124779,79.11585
MH-NGP,2021-12-04,22.8,29.0,17.8,57,78,0.0,0.0,9.9,47,16.17,3.9,977.9,13.4,311.0,21.124779,79.11585
MH-NGP,2021-12-05,22.8,29.3,17.2,64,87,0.0,0.0,8.9,29,16.34,3.53,977.6,15.2,311.0,21.124779,79.11585
MH-NGP,2021-12-06,23.3,29.7,17.4,63,85,0.0,0.0,13.9,11,16.32,3.76,977.5,15.3,311.0,21.124779,79.11585
MH-NGP,2021-12-07,23.6,29.3,19.0,63,81,0.0,0.0,11.7,29,16.14,3.65,979.0,15.8,311.0,21.124779,79.11585
MH-NGP,2021-12-08,23.3,29.2,18.4,59,81,0.0,0.0,11.3,54,16.3,3.74,979.5,14.1,311.0,21.124779,79.11585
MH-NGP,2021-12-09,23.4,29.3,18.2,57,79,0.0,0.0,10.8,24,15.75,3.76,980.7,14.0,311.0,21.124779,79.11585
MH-NGP,2021-12-10,23.1,28.9,17.5,59,82,0.0,0.0,9.4,36,15.59,3.65,981.6,14.4,311.0,21.124779,79.11585
MH-NGP,2021-12-11,22.7,28.3,18.4,56,70,0.0,0.0,10.8,38,15.88,3.73,981.4,13.0,311.0,21.124779,79.11585
MH-NGP,2021-12-12,21.1,27.5,15.7,56,77,0.0,0.0,10.9,43,16.38,3.56,981.6,11.4,311.0,21.124779,79.11585
MH-NGP,2021-12-13,20.4,27.1,14.1,58,85,0.0,0.0,9.8,83,16.59,3.47,980.3,11.0,311.0,21.124779,79.11585
MH-NGP,2021-12-14,20.8,27.1,13.8,54,83,0.0,0.0,12.3,54,16.52,3.74,979.6,10.2,311.0,21.124779,79.11585
MH-NGP,2021-12-15,20.4,27.1,14.1,57,79,0.0,0.0,9.5,77,15.61,3.55,979.8,10.9,311.0,21.124779,79.11585
MH-NGP,2021-12-16,20.3,26.9,14.1,59,85,0.0,0.0,9.7,98,15.73,3.51,980.6,11.3,311.0,21.124779,79.11585
MH-NGP,2021-12-17,20.1,27.3,13.3,61,93,0.0,0.0,9.4,51,15.51,3.36,980.8,11.6,311.0,21.124779,79.11585
MH-NGP,2021-12-18,20.3,26.6,15.3,62,91,0.0,0.0,12.8,13,15.93,3.62,981.2,12.2,311.0,21.124779,79.11585
MH-NGP,2021-12-19,18.0,24.1,13.5,47,69,0.0,0.0,11.8,22,16.44,3.74,982.2,6.0,311.0,21.124779,79.11585
MH-NGP,2021-12-20,16.7,23.5,10.1,37,57,0.0,0.0,10.0,32,16.95,3.53,981.8,1.4,311.0,21.124779,79.11585
MH-NGP,2021-12-21,17.1,24.4,9.0,45,74,0.0,0.0,7.3,1,16.76,3.21,980.7,4.2,311.0,21.124779,79.11585
MH-NGP,2021-12-22,17.6,25.5,9.9,51,75,0.0,0.0,9.7,343,16.55,3.22,978.7,6.5,311.0,21.124779,79.11585
MH-NGP,2021-12-23,18.8,27.1,11.6,56,78,0.0,0.0,11.2,127,16.4,3.42,977.9,9.0,311.0,21.124779,79.11585
MH-NGP,2021-12-24,20.3,28.1,12.4,60,90,0.0,0.0,9.8,215,15.98,3.46,977.2,11.5,311.0,21.124779,79.11585
MH-NGP,2021-12-25,21.3,28.3,15.7,57,83,0.0,0.0,12.2,330,16.14,3.68,977.8,11.7,311.0,21.124779,79.11585
MH-NGP,2021-12-26,21.2,27.8,15.0,55,76,0.0,0.0,9.4,16,16.05,3.46,979.7,11.2,311.0,21.124779,79.11585
MH-NGP,2021-12-27,20.8,27.8,14.8,62,86,0.0,0.0,9.4,49,15.89,3.37,980.3,12.8,311.0,21.124779,79.11585
MH-NGP,2021-12-28,20.8,28.5,16.2,78,98,9.4,9.4,18.6,151,14.04,3.17,979.0,16.1,311.0,21.124779,79.11585
MH-NGP,2021-12-29,19.3,24.3,16.1,80,100,2.2,2.2,12.3,39,12.13,2.35,980.2,15.5,311.0,21.124779,79.11585
MH-NGP,2021-12-30,18.0,23.3,14.0,75,90,0.0,0.0,15.5,59,12.09,2.47,983.3,13.3,311.0,21.124779,79.11585
MH-NGP,2021-12-31,18.6,24.8,13.3,72,88,0.0,0.0,11.3,51,15.8,3.08,983.9,13.2,311.0,21.124779,79.11585
MH-NGP,2022-01-01,19.1,25.2,13.8,71,85,0.0,0.0,9.2,55,15.78,3.11,983.4,13.6,311.0,21.124779,79.11585
MH-NGP,2022-01-02,19.5,25.8,14.8,74,91,0.0,0.0,9.1,44,15.88,3.1,982.0,14.3,311.0,21.124779,79.11585
MH-NGP,2022-01-03,19.5,25.7,14.2,70,93,0.0,0.0,9.7,19,16.45,3.2,981.1,13.4,311.0,21.124779,79.11585
MH-NGP,2022-01-04,19.5,26.8,13.3,64,89,0.0,0.0,9.9,61,16.54,3.33,980.7,11.8,311.0,21.124779,79.11585
MH-NGP,2022-01-05,19.8,27.2,13.3,67,96,0.0,0.0,9.3,90,16.31,3.31,979.8,12.6,311.0,21.124779,79.11585
MH-NGP,2022-01-06,21.2,28.1,15.9,67,85,0.0,0.0,9.7,132,16.21,3.37,978.7,14.3,311.0,21.124779,79.11585
MH-NGP,2022-01-07,21.7,28.8,16.3,66,91,0.0,0.0,13.6,139,16.51,3.86,978.7,14.1,311.0,21.124779,79.11585
MH-NGP,2022-01-08,20.9,27.9,16.1,75,99,3.4,3.4,16.3,152,14.4,3.15,978.8,15.7,311.0,21.124779,79.11585
MH-NGP,2022-01-09,19.3,25.3,16.7,90,99,16.4,16.4,16.9,3,10.1,1.91,977.5,17.4,311.0,21.124779,79.11585
MH-NGP,2022-01-10,19.2,23.9,16.1,87,100,1.1,1.1,9.5,39,9.68,1.9,978.9,16.9,311.0,21.124779,79.11585
MH-NGP,2022-01-11,18.5,23.2,15.8,87,98,4.7,4.7,9.4,26,8.69,1.69,978.7,16.1,311.0,21.124779,79.11585
MH-NGP,2022-01-12,18.0,22.6,14.8,84,98,0.4,0.4,9.5,40,12.16,2.23,978.5,15.0,311.0,21.124779,79.11585
MH-NGP,2022-01-13,18.6,24.3,13.9,71,87,0.0,0.0,13.0,49,15.17,3.09,978.5,12.9,311.0,21.124779,79.11585
MH-NGP,2022-01-14,18.0,21.0,15.3,81,96,2.0,2.0,11.5,50,6.58,1.58,978.4,14.6,311.0,21.124779,79.11585
MH-NGP,2022-01-15,18.3,23.2,15.1,82,97,0.0,0.0,12.1,49,11.91,2.26,979.8,14.8,311.0,21.124779,79.11585
MH-NGP,2022-01-16,18.1,24.4,13.3,76,94,0.0,0.0,9.7,52,17.33,3.2,981.4,13.4,311.0,21.124779,79.11585
MH-NGP,2022-01-17,18.7,25.0,12.9,72,92,0.0,0.0,10.7,55,17.46,3.27,982.2,13.0,311.0,21.124779,79.11585
MH-NGP,2022-01-18,19.2,25.6,13.5,71,94,0.0,0.0,9.0,9,17.41,3.34,980.5,13.3,311.0,21.124779,79.11585
MH-NGP,2022-01-19,18.1,25.3,12.8,66,92,0.0,0.0,8.5,35,17.91,3.38,978.6,10.8,311.0,21.124779,79.11585
MH-NGP,2022-01-20,18.9,27.4,11.7,64,95,0.0,0.0,10.5,231,17.8,3.64,975.2,10.6,311.0,21.124779,79.11585
MH-NGP,2022-01-21,20.3,28.4,13.8,58,85,0.0,0.0,18.4,308,18.01,4.26,974.6,10.7,311.0,21.124779,79.11585
MH-NGP,2022-01-22,21.0,29.2,12.8,58,92,0.0,0.0,20.0,250,17.33,4.47,972.9,11.3,311.0,21.124779,79.11585
MH-NGP,2022-01-23,21.2,27.1,16.7,57,89,0.3,0.3,21.6,275,16.85,4.4,973.4,11.1,311.0,21.124779,79.11585
MH-NGP,2022-01-24,18.4,23.9,13.7,53,70,0.0,0.0,12.2,332,18.45,4.05,975.7,8.1,311.0,21.124779,79.11585
MH-NGP,2022-01-25,17.2,23.0,11.9,54,74,0.0,0.0,13.5,0,18.57,3.83,976.9,7.1,311.0,21.124779,79.11585
MH-NGP,2022-01-26,16.7,23.2,11.4,50,71,0.0,0.0,13.4,2,18.67,4.03,978.0,5.7,311.0,21.124779,79.11585
MH-NGP,2022-01-27,16.2,23.5,10.4,52,76,0.0,0.0,11.5,10,19.08,3.96,979.4,5.3,311.0,21.124779,79.11585
MH-NGP,2022-01-28,16.1,23.3,10.3,54,77,0.0,0.0,10.2,30,19.23,3.67,980.5,6.0,311.0,21.124779,79.11585
MH-NGP,2022-01-29,17.2,25.7,9.1,52,85,0.0,0.0,9.6,7,19.36,3.84,980.4,6.0,311.0,21.124779,79.11585
MH-NGP,2022-01-30,18.0,27.6,9.6,54,86,0.0,0.0,9.3,288,19.26,3.98,977.7,7.4,311.0,21.124779,79.11585
MH-NGP,2022-01-31,19.6,29.1,11.4,49,79,0.0,0.0,10.7,298,19.34,4.21,976.1,7.5,311.0,21.124779,79.11585
MH-NGP,2022-02-01,20.6,29.1,13.0,45,64,0.0,0.0,12.0,338,19.3,4.42,975.6,7.2,311.0,21.124779,79.11585
MH-NGP,2022-02-02,21.3,29.3,13.9,50,72,0.0,0.0,9.7,356,19.26,4.24,975.9,9.8,311.0,21.124779,79.11585
MH-NGP,2022-02-03,23.1,30.9,16.3,50,84,0.0,0.0,18.6,224,18.71,5.01,972.9,11.1,311.0,21.124779,79.11585
MH-NGP,2022-02-04,19.8,25.3,14.8,45,77,0.0,0.0,12.5,313,19.76,4.44,974.4,6.7,311.0,21.124779,79.11585
MH-NGP,2022-02-05,17.8,26.4,9.8,44,74,0.0,0.0,9.3,19,20.2,4.03,976.8,3.9,311.0,21.124779,79.11585
MH-NGP,2022-02-06,19.5,27.7,11.8,46,73,0.0,0.0,10.5,65,19.94,4.21,978.9,6.5,311.0,21.124779,79.11585
MH-NGP,2022-02-07,20.6,29.4,12.0,52,84,0.0,0.0,10.9,10,19.73,4.21,978.6,9.3,311.0,21.124779,79.11585
MH-NGP,2022-02-08,22.1,30.0,14.6,49,71,0.0,0.0,12.6,66,19.4,4.5,977.3,10.1,311.0,21.124779,79.11585
MH-NGP,2022-02-09,23.9,30.6,19.2,56,81,0.5,0.5,16.3,211,17.07,4.35,976.4,14.2,311.0,21.124779,79.11585
MH-NGP,2022-02-10,22.4,28.8,18.0,55,93,0.0,0.0,14.8,15,18.66,4.68,978.5,11.7,311.0,21.124779,79.11585
MH-NGP,2022-02-11,19.9,26.8,14.5,49,78,0.0,0.0,12.6,18,20.37,4.56,979.6,7.7,311.0,21.124779,79.11585
MH-NGP,2022-02-12,19.4,27.9,11.5,47,73,0.0,0.0,11.5,25,20.82,4.53,978.5,6.6,311.0,21.124779,79.11585
MH-NGP,2022-02-13,20.4,28.5,13.1,48,70,0.0,0.0,9.5,69,20.71,4.4,976.7,8.0,311.0,21.124779,79.11585
MH-NGP,2022-02-14,21.7,29.6,13.7,47,75,0.0,0.0,13.0,65,20.47,4.51,976.1,9.0,311.0,21.124779,79.11585
MH-NGP,2022-02-15,22.4,29.9,15.6,46,69,0.0,0.0,9.4,97,19.98,4.62,975.7,9.5,311.0,21.124779,79.11585
MH-NGP,2022-02-16,22.8,29.3,17.3,56,82,0.8,0.8,18.5,359,17.93,4.25,974.1,13.0,311.0,21.124779,79.11585
MH-NGP,2022-02-17,21.7,27.3,17.5,65,86,0.0,0.0,12.4,80,13.79,3.22,974.7,14.3,311.0,21.124779,79.11585
MH-NGP,2022-02-18,23.3,29.1,17.8,65,96,0.2,0.2,14.8,61,16.83,3.7,975.9,15.7,311.0,21.124779,79.11585
MH-NGP,2022-02-19,23.1,28.8,19.0,69,85,0.2,0.2,15.0,36,15.66,3.59,977.0,16.6,311.0,21.124779,79.11585
MH-NGP,2022-02-20,24.1,32.0,18.1,57,98,0.0,0.0,15.6,322,20.55,5.29,974.4,13.1,311.0,21.124779,79.11585
MH-NGP,2022-02-21,23.0,31.4,15.5,37,61,0.0,0.0,12.2,328,21.57,5.59,974.4,6.0,311.0,21.124779,79.11585
MH-NGP,2022-02-22,23.4,32.6,14.9,38,64,0.0,0.0,10.8,101,21.52,5.15,976.7,6.7,311.0,21.124779,79.11585
MH-NGP,2022-02-23,24.1,33.0,15.1,43,66,0.0,0.0,11.5,142,21.54,5.33,978.5,9.7,311.0,21.124779,79.11585
MH-NGP,2022-02-24,26.5,33.4,20.3,50,81,0.0,0.0,15.6,215,20.08,5.7,978.8,14.3,311.0,21.124779,79.11585
MH-NGP,2022-02-25,25.3,32.9,18.2,39,57,0.0,0.0,11.7,8,21.6,5.33,978.8,9.2,311.0,21.124779,79.11585
MH-NGP,2022-02-26,25.1,32.1,19.1,43,58,0.0,0.0,11.2,113,19.12,5.1,979.0,11.3,311.0,21.124779,79.11585
MH-NGP,2022-02-27,25.7,32.4,19.1,46,77,0.0,0.0,14.0,195,20.07,5.32,978.8,12.1,311.0,21.124779,79.11585
MH-NGP,2022-02-28,25.9,32.8,19.0,43,72,0.0,0.0,10.2,198,20.7,5.31,978.4,11.6,311.0,21.124779,79.11585
MH-NGP,2022-03-01,26.0,33.0,19.9,45,72,0.0,0.0,8.8,50,20.43,5.02,978.8,12.1,311.0,21.124779,79.11585
MH-NGP,2022-03-02,26.4,33.4,20.2,41,66,0.0,0.0,11.4,30,20.88,5.32,978.6,11.1,311.0,21.124779,79.11585
MH-NGP,2022-03-03,26.5,32.9,20.5,40,58,0.0,0.0,14.8,49,18.13,4.95,978.7,11.0,311.0,21.124779,79.11585
MH-NGP,2022-03-04,26.4,33.4,19.7,47,76,0.0,0.0,10.7,332,20.66,5.01,978.4,13.1,311.0,21.124779,79.11585
MH-NGP,2022-03-05,27.5,34.2,20.8,41,69,0.0,0.0,14.9,350,21.11,5.54,977.3,12.0,311.0,21.124779,79.11585
MH-NGP,2022-03-06,26.7,34.1,20.5,39,57,0.0,0.0,9.7,71,22.37,5.6,977.0,10.6,311.0,21.124779,79.11585
MH-NGP,2022-03-07,26.6,34.5,20.4,36,51,0.0,0.0,12.6,93,22.28,6.03,977.3,9.4,311.0,21.124779,79.11585
MH-NGP,2022-03-08,27.1,35.7,20.3,36,57,0.0,0.0,14.9,6,21.64,6.06,977.0,9.3,311.0,21.124779,79.11585
MH-NGP,2022-03-09,27.3,34.6,20.5,37,58,0.0,0.0,11.2,12,22.06,5.68,976.9,10.4,311.0,21.124779,79.11585
MH-NGP,2022-03-10,27.7,34.1,21.1,38,61,0.0,0.0,11.5,329,20.64,5.54,976.2,11.2,311.0,21.124779,79.11585
MH-NGP,2022-03-11,27.1,34.9,22.3,39,51,0.5,0.5,22.4,355,20.85,5.77,976.2,11.4,311.0,21.124779,79.11585
MH-NGP,2022-03-12,27.7,34.9,21.6,31,59,0.0,0.0,12.8,357,22.86,6.56,976.0,7.6,311.0,21.124779,79.11585
MH-NGP,2022-03-13,27.2,35.2,18.5,28,53,0.0,0.0,12.8,341,23.64,6.16,976.1,5.7,311.0,21.124779,79.11585
MH-NGP,2022-03-14,27.7,36.2,18.3,29,47,0.0,0.0,10.5,348,23.55,6.15,975.8,6.9,311.0,21.124779,79.11585
MH-NGP,2022-03-15,29.6,38.8,21.1,28,44,0.0,0.0,18.9,338,23.16,7.15,973.4,8.0,311.0,21.124779,79.11585
MH-NGP,2022-03-16,30.7,40.1,23.4,24,37,0.0,0.0,23.7,333,23.57,7.92,971.8,6.3,311.0,21.124779,79.11585
MH-NGP,2022-03-17,30.9,40.3,21.9,24,41,0.0,0.0,21.2,318,23.53,7.61,971.2,6.7,311.0,21.124779,79.11585
MH-NGP,2022-03-18,31.4,39.5,24.1,27,40,0.0,0.0,15.1,2,23.56,7.44,970.7,9.2,311.0,21.124779,79.11585
MH-NGP,2022-03-19,30.8,38.1,23.4,32,55,0.0,0.0,12.8,286,22.45,6.44,970.3,11.0,311.0,21.124779,79.11585
MH-NGP,2022-03-20,30.8,37.6,23.7,34,58,0.0,0.0,14.2,258,19.98,6.27,970.4,12.0,311.0,21.124779,79.11585
MH-NGP,2022-03-21,30.9,38.2,25.1,35,56,0.0,0.0,17.4,218,19.44,6.06,971.7,12.2,311.0,21.124779,79.11585
MH-NGP,2022-03-22,31.3,39.3,22.8,22,43,0.0,0.0,17.4,337,21.68,7.48,972.3,4.8,311.0,21.124779,79.11585
MH-NGP,2022-03-23,30.7,39.3,21.3,22,37,0.0,0.0,11.0,11,22.11,6.61,972.2,5.3,311.0,21.124779,79.11585
MH-NGP,2022-03-24,30.4,38.9,22.2,28,46,0.0,0.0,16.0,178,20.96,6.79,971.8,8.5,311.0,21.124779,79.11585
MH-NGP,2022-03-25,31.4,38.7,24.5,34,59,0.0,0.0,16.6,207,19.58,6.45,972.5,12.6,311.0,21.124779,79.11585
MH-NGP,2022-03-26,32.7,40.1,25.8,26,43,0.0,0.0,16.3,284,20.96,6.88,974.2,9.3,311.0,21.124779,79.11585
MH-NGP,2022-03-27,31.2,39.8,23.6,25,58,0.0,0.0,12.2,326,24.97,7.34,975.0,5.4,311.0,21.124779,79.11585
MH-NGP,2022-03-28,30.9,40.2,21.6,19,32,0.0,0.0,12.4,306,25.16,7.14,974.0,3.0,311.0,21.124779,79.11585
MH-NGP,2022-03-29,32.1,41.0,22.0,18,35,0.0,0.0,17.5,312,25.22,8.23,972.4,2.9,311.0,21.124779,79.11585
MH-NGP,2022-03-30,32.5,40.9,25.4,18,27,0.0,0.0,14.0,311,25.29,7.93,971.9,3.7,311.0,21.124779,79.11585
MH-NGP,2022-03-31,31.7,40.5,22.7,19,33,0.0,0.0,11.0,326,25.33,6.93,972.3,3.8,311.0,21.124779,79.11585
MH-NGP,2022-04-01,31.9,40.7,24.7,18,27,0.0,0.0,11.2,249,25.41,7.12,972.4,3.6,311.0,21.124779,79.11585
MH-NGP,2022-04-02,32.2,40.8,23.5,26,52,0.0,0.0,11.5,208,25.0,6.61,973.6,9.0,311.0,21.124779,79.11585
MH-NGP,2022-04-03,32.7,39.8,25.3,30,58,0.0,0.0,9.8,186,22.82,6.17,973.6,11.8,311.0,21.124779,79.11585
MH-NGP,2022-04-04,33.2,40.8,25.2,29,46,0.0,0.0,17.2,218,24.14,7.05,973.8,11.2,311.0,21.124779,79.11585
MH-NGP,2022-04-05,32.9,40.8,26.0,31,58,0.0,0.0,10.0,234,22.44,6.0,975.6,11.6,311.0,21.124779,79.11585
MH-NGP,2022-04-06,33.4,40.7,25.6,29,55,0.0,0.0,13.6,186,24.01,7.25,975.7,11.9,311.0,21.124779,79.11585
MH-NGP,2022-04-07,33.7,39.9,27.6,31,48,0.0,0.0,11.9,183,23.16,6.83,975.1,13.4,311.0,21.124779,79.11585
MH-NGP,2022-04-08,34.2,40.4,28.1,31,48,0.0,0.0,16.9,198,22.95,7.36,973.8,14.1,311.0,21.124779,79.11585
MH-NGP,2022-04-09,34.2,40.9,27.0,31,55,0.0,0.0,16.1,206,22.81,7.84,972.6,13.2,311.0,21.124779,79.11585
MH-NGP,2022-04-10,34.7,41.1,27.8,30,50,0.0,0.0,19.9,206,23.16,7.91,971.9,12.9,311.0,21.124779,79.11585
MH-NGP,2022-04-11,34.9,42.7,27.4,26,46,0.0,0.0,16.9,223,23.75,8.21,971.2,10.8,311.0,21.124779,79.11585
MH-NGP,2022-04-12,34.6,41.3,28.1,30,54,0.0,0.0,16.4,196,22.01,6.93,970.8,13.1,311.0,21.124779,79.11585
MH-NGP,2022-04-13,34.8,41.2,28.3,30,46,0.0,0.0,15.2,220,22.53,7.3,970.5,13.8,311.0,21.124779,79.11585
MH-NGP,2022-04-14,34.5,40.4,28.9,31,47,0.0,0.0,17.0,201,19.79,6.87,970.4,14.3,311.0,21.124779,79.11585
MH-NGP,2022-04-15,34.3,41.9,26.3,25,55,0.0,0.0,16.4,245,23.95,7.47,969.9,8.8,311.0,21.124779,79.11585
MH-NGP,2022-04-16,33.8,42.1,26.5,17,36,0.0,0.0,17.7,277,26.32,8.56,969.2,3.9,311.0,21.124779,79.11585
MH-NGP,2022-04-17,33.7,42.5,25.4,18,30,0.0,0.0,9.6,237,25.89,7.13,970.0,4.7,311.0,21.124779,79.11585
MH-NGP,2022-04-18,34.7,42.7,25.6,19,36,0.0,0.0,17.1,271,25.76,8.07,972.1,6.3,311.0,21.124779,79.11585
MH-NGP,2022-04-19,35.3,43.3,27.1,17,31,0.0,0.0,11.2,327,24.81,7.71,972.8,5.6,311.0,21.124779,79.11585
MH-NGP,2022-04-20,36.3,44.1,29.0,16,25,0.0,0.0,14.8,325,25.28,7.79,971.3,5.6,311.0,21.124779,79.11585
MH-NGP,2022-04-21,36.1,43.2,30.4,18,28,0.0,0.0,20.9,267,25.0,8.01,970.4,7.2,311.0,21.124779,79.11585
MH-NGP,2022-04-22,33.3,39.8,28.3,30,45,0.0,0.0,21.1,74,23.66,7.79,973.7,12.8,311.0,21.124779,79.11585
MH-NGP,2022-04-23,33.0,39.8,27.1,40,60,0.0,0.0,15.3,213,21.03,6.41,973.6,16.6,311.0,21.124779,79.11585
MH-NGP,2022-04-24,34.5,41.8,27.1,29,57,0.0,0.0,12.3,280,24.52,7.23,972.1,11.3,311.0,21.124779,79.11585
MH-NGP,2022-04-25,35.0,44.4,26.5,17,34,0.0,0.0,26.7,330,24.63,8.4,970.6,3.9,311.0,21.124779,79.11585
MH-NGP,2022-04-26,35.4,42.5,27.3,16,27,0.0,0.0,17.8,316,24.29,7.32,971.2,5.2,311.0,21.124779,79.11585
MH-NGP,2022-04-27,36.0,43.6,27.5,15,28,0.0,0.0,15.2,287,26.23,8.4,970.8,4.0,311.0,21.124779,79.11585
MH-NGP,2022-04-28,35.3,43.7,26.8,16,27,0.0,0.0,12.6,281,22.81,7.2,971.1,4.4,311.0,21.124779,79.11585
MH-NGP,2022-04-29,36.5,45.5,30.0,18,37,0.0,0.0,24.7,271,24.92,9.51,970.8,5.8,311.0,21.124779,79.11585
MH-NGP,2022-04-30,36.9,43.9,31.2,14,20,0.0,0.0,22.4,272,23.7,9.33,969.1,4.0,311.0,21.124779,79.11585
MH-NGP,2022-05-01,36.2,42.4,28.7,19,26,0.0,0.0,20.0,269,24.24,8.94,967.7,8.1,311.0,21.124779,79.11585
MH-NGP,2022-05-02,36.5,42.8,30.4,22,30,0.0,0.0,14.9,299,24.36,8.4,968.1,10.7,311.0,21.124779,79.11585
MH-NGP,2022-05-03,35.7,42.7,28.7,25,39,0.0,0.0,16.3,296,21.96,6.88,969.3,11.8,311.0,21.124779,79.11585
MH-NGP,2022-05-04,35.7,42.6,28.6,24,47,0.0,0.0,15.5,257,24.84,7.76,971.1,10.8,311.0,21.124779,79.11585
MH-NGP,2022-05-05,35.8,42.6,29.3,19,34,0.0,0.0,16.2,287,23.82,8.13,970.2,7.2,311.0,21.124779,79.11585
MH-NGP,2022-05-06,34.8,42.3,26.1,18,31,0.0,0.0,15.5,356,25.78,7.76,969.9,6.2,311.0,21.124779,79.11585
MH-NGP,2022-05-07,34.5,40.1,28.1,24,39,0.0,0.0,19.3,46,20.33,7.05,970.3,10.7,311.0,21.124779,79.11585
MH-NGP,2022-05-08,35.3,42.8,27.1,21,38,0.0,0.0,19.8,19,23.54,7.61,968.4,8.2,311.0,21.124779,79.11585
MH-NGP,2022-05-09,36.2,43.2,28.8,19,34,0.0,0.0,20.2,55,22.09,7.89,966.4,8.0,311.0,21.124779,79.11585
MH-NGP,2022-05-10,35.5,44.1,29.2,25,38,0.0,0.0,27.1,57,25.26,9.61,966.5,11.1,311.0,21.124779,79.11585
MH-NGP,2022-05-11,35.2,41.2,29.5,37,58,0.0,0.0,20.9,72,23.12,8.18,966.6,17.4,311.0,21.124779,79.11585
MH-NGP,2022-05-12,35.0,41.1,30.8,44,59,0.0,0.0,13.0,163,22.33,6.54,967.2,20.2,311.0,21.124779,79.11585
MH-NGP,2022-05-13,36.6,42.8,30.7,34,57,0.0,0.0,17.5,199,22.76,7.87,966.0,16.8,311.0,21.124779,79.11585
MH-NGP,2022-05-14,37.4,44.1,31.2,27,51,0.0,0.0,17.7,231,22.37,7.71,966.2,13.6,311.0,21.124779,79.11585
MH-NGP,2022-05-15,37.7,43.5,31.5,25,38,0.0,0.0,15.2,241,23.38,7.92,967.7,13.5,311.0,21.124779,79.11585
MH-NGP,2022-05-16,36.4,41.5,30.7,33,56,0.0,0.0,22.5,222,20.91,7.81,968.4,16.5,311.0,21.124779,79.11585
MH-NGP,2022-05-17,36.8,42.9,30.8,28,48,0.0,0.0,19.2,239,24.21,8.4,967.1,13.3,311.0,21.124779,79.11585
MH-NGP,2022-05-18,35.4,41.3,30.1,39,58,0.0,0.0,17.8,157,17.79,6.12,968.0,18.5,311.0,21.124779,79.11585
MH-NGP,2022-05-19,34.6,39.8,29.2,42,63,0.0,0.0,17.0,180,21.54,6.93,969.2,19.2,311.0,21.124779,79.11585
MH-NGP,2022-05-20,35.8,42.1,30.4,40,61,0.0,0.0,20.9,207,24.17,7.98,967.9,19.4,311.0,21.124779,79.11585
MH-NGP,2022-05-21,36.6,43.1,30.8,30,56,0.0,0.0,19.8,269,24.86,9.32,965.7,14.9,311.0,21.124779,79.11585
MH-NGP,2022-05-22,35.0,41.0,30.5,30,48,0.0,0.0,23.0,291,24.32,9.19,964.2,13.7,311.0,21.124779,79.11585
MH-NGP,2022-05-23,34.2,39.9,29.3,35,52,0.0,0.0,20.0,275,24.86,9.01,965.1,15.5,311.0,21.124779,79.11585
MH-NGP,2022-05-24,31.3,38.3,26.4,48,62,0.0,0.0,14.4,6,24.39,6.15,968.8,18.5,311.0,21.124779,79.11585
MH-NGP,2022-05-25,33.6,40.4,26.9,40,69,0.0,0.0,14.4,276,23.43,6.23,970.5,16.9,311.0,21.124779,79.11585
MH-NGP,2022-05-26,33.6,40.0,27.7,38,65,0.0,0.0,16.4,271,20.7,6.91,969.7,16.6,311.0,21.124779,79.11585
MH-NGP,2022-05-27,34.7,41.6,27.8,32,63,0.0,0.0,16.9,252,25.28,8.4,968.5,13.6,311.0,21.124779,79.11585
MH-NGP,2022-05-28,35.1,40.9,29.1,29,48,0.0,0.0,19.6,292,25.1,9.08,967.4,13.5,311.0,21.124779,79.11585
MH-NGP,2022-05-29,35.0,41.1,30.0,32,49,0.0,0.0,18.9,295,24.33,8.7,967.5,15.2,311.0,21.124779,79.11585
MH-NGP,2022-05-30,34.9,42.1,29.5,34,47,0.0,0.0,20.5,329,24.51,8.23,967.7,15.8,311.0,21.124779,79.11585
MH-NGP,2022-05-31,35.6,41.8,30.7,32,46,0.0,0.0,14.3,284,20.65,7.49,967.0,16.0,311.0,21.124779,79.11585
MH-NGP,2022-06-01,36.5,42.9,30.5,27,50,0.0,0.0,17.6,263,21.42,7.47,966.5,13.1,311.0,21.124779,79.11585
MH-NGP,2022-06-02,37.3,43.5,30.4,22,44,0.0,0.0,18.1,308,22.91,8.59,966.3,11.0,311.0,21.124779,79.11585
MH-NGP,2022-06-03,38.0,44.0,32.2,19,28,0.0,0.0,20.3,311,22.24,9.11,965.7,9.7,311.0,21.124779,79.11585
MH-NGP,2022-06-04,38.2,43.8,32.4,19,27,0.0,0.0,20.2,291,19.74,8.78,966.4,10.4,311.0,21.124779,79.11585
MH-NGP,2022-06-05,38.3,44.2,32.1,18,29,0.0,0.0,20.5,297,21.92,9.12,966.5,9.5,311.0,21.124779,79.11585
MH-NGP,2022-06-06,38.3,44.9,32.9,17,25,0.0,0.0,16.0,324,22.25,8.73,966.1,8.6,311.0,21.124779,79.11585
MH-NGP,2022-06-07,37.4,43.0,31.9,20,29,0.0,0.0,17.1,326,20.55,8.86,966.3,9.8,311.0,21.124779,79.11585
MH-NGP,2022-06-08,37.3,42.9,32.2,22,32,0.0,0.0,25.3,301,21.41,9.47,966.3,11.7,311.0,21.124779,79.11585
MH-NGP,2022-06-09,36.1,41.6,32.0,33,46,0.0,0.0,18.7,282,22.61,8.85,966.6,17.1,311.0,21.124779,79.11585
MH-NGP,2022-06-10,33.8,41.1,27.1,45,72,3.9,3.9,21.8,273,20.23,7.08,967.6,19.3,311.0,21.124779,79.11585
MH-NGP,2022-06-11,33.2,39.2,28.8,47,63,3.0,3.0,20.1,241,20.3,6.67,968.4,20.0,311.0,21.124779,79.11585
MH-NGP,2022-06-12,30.8,36.3,25.6,61,90,0.4,0.4,15.6,254,21.24,5.37,969.2,21.8,311.0,21.124779,79.11585
MH-NGP,2022-06-13,32.1,37.5,27.6,53,72,2.8,2.8,15.4,260,22.71,6.4,970.1,21.1,311.0,21.124779,79.11585
MH-NGP,2022-06-14,32.3,39.1,27.3,52,76,2.5,2.5,19.2,257,22.31,6.53,969.7,20.8,311.0,21.124779,79.11585
MH-NGP,2022-06-15,30.0,38.5,25.7,67,86,15.8,15.8,20.5,254,20.01,5.18,969.4,22.8,311.0,21.124779,79.11585
MH-NGP,2022-06-16,29.0,34.7,25.8,72,89,6.6,6.6,14.8,235,19.44,4.66,969.8,23.0,311.0,21.124779,79.11585
MH-NGP,2022-06-17,28.8,33.1,24.7,74,94,20.1,20.1,17.4,232,17.12,4.25,969.7,23.4,311.0,21.124779,79.11585
MH-NGP,2022-06-18,28.9,33.2,25.2,73,90,8.1,8.1,16.3,212,18.48,4.55,970.1,23.3,311.0,21.124779,79.11585
MH-NGP,2022-06-19,27.5,31.8,25.1,82,97,17.6,17.6,16.1,243,14.37,3.31,969.8,24.1,311.0,21.124779,79.11585
MH-NGP,2022-06-20,27.1,33.0,23.9,81,96,37.3,37.3,14.9,251,15.26,3.61,968.0,23.3,311.0,21.124779,79.11585
MH-NGP,2022-06-21,26.1,32.1,23.2,84,96,13.4,13.4,16.0,225,15.61,3.44,966.6,23.1,311.0,21.124779,79.11585
MH-NGP,2022-06-22,27.6,32.2,23.2,81,98,6.7,6.7,8.1,226,20.48,4.41,968.4,23.8,311.0,21.124779,79.11585
MH-NGP,2022-06-23,28.2,33.5,24.8,79,99,3.8,3.8,10.4,335,23.57,5.1,969.6,23.9,311.0,21.124779,79.11585
MH-NGP,2022-06-24,28.4,32.8,24.2,76,94,3.5,3.5,13.1,221,22.34,5.01,968.3,23.5,311.0,21.124779,79.11585
MH-NGP,2022-06-25,28.3,32.1,25.4,77,94,0.7,0.7,15.5,228,12.64,3.35,965.7,23.6,311.0,21.124779,79.11585
MH-NGP,2022-06-26,27.9,31.8,25.9,81,91,8.2,8.2,10.9,197,15.9,3.61,966.1,24.1,311.0,21.124779,79.11585
MH-NGP,2022-06-27,27.6,31.1,24.6,81,97,12.5,12.5,12.1,193,19.31,4.23,968.1,24.0,311.0,21.124779,79.11585
MH-NGP,2022-06-28,28.6,33.1,24.5,76,92,1.5,1.5,12.8,232,20.64,4.74,967.5,23.9,311.0,21.124779,79.11585
MH-NGP,2022-06-29,27.9,32.3,26.1,82,93,18.6,18.6,14.0,239,17.02,3.83,966.4,24.4,311.0,21.124779,79.11585
MH-NGP,2022-06-30,26.9,30.0,24.8,86,97,26.4,26.4,11.5,217,13.49,2.99,966.3,24.4,311.0,21.124779,79.11585
MH-NGP,2022-07-01,27.8,30.9,25.1,81,94,1.3,1.3,13.5,249,14.11,3.3,966.5,24.1,311.0,21.124779,79.11585
MH-NGP,2022-07-02,27.0,28.7,25.5,84,95,6.9,6.9,13.0,254,10.0,2.46,965.6,24.1,311.0,21.124779,79.11585
MH-NGP,2022-07-03,26.1,30.2,24.2,90,97,32.5,32.5,14.6,262,10.55,2.34,965.6,24.2,311.0,21.124779,79.11585
MH-NGP,2022-07-04,25.5,28.5,24.2,91,97,37.2,37.2,18.9,257,8.13,1.91,964.7,23.8,311.0,21.124779,79.11585
MH-NGP,2022-07-05,26.3,30.3,23.9,87,96,128.0,128.0,21.3,229,14.66,3.17,963.6,23.8,311.0,21.124779,79.11585
MH-NGP,2022-07-06,26.5,30.4,23.9,85,94,3.0,3.0,12.2,257,13.59,3.01,965.9,23.6,311.0,21.124779,79.11585
MH-NGP,2022-07-07,26.5,30.0,24.5,87,96,11.3,11.3,13.6,264,16.36,3.4,967.4,24.1,311.0,21.124779,79.11585
MH-NGP,2022-07-08,26.4,30.8,24.5,87,96,34.5,34.5,11.5,294,13.68,3.04,965.8,24.0,311.0,21.124779,79.11585
MH-NGP,2022-07-09,26.1,30.4,23.8,87,97,33.5,33.5,17.8,317,15.1,3.25,963.8,23.7,311.0,21.124779,79.11585
MH-NGP,2022-07-10,25.0,28.7,23.3,91,97,49.7,49.7,16.3,314,11.93,2.48,964.0,23.4,311.0,21.124779,79.11585
MH-NGP,2022-07-11,25.4,28.9,23.9,89,96,53.3,53.3,16.4,306,10.98,2.45,964.9,23.5,311.0,21.124779,79.11585
MH-NGP,2022-07-12,25.3,29.5,23.8,92,97,69.0,69.0,16.3,293,8.88,1.97,963.7,23.9,311.0,21.124779,79.11585
MH-NGP,2022-07-13,25.7,29.7,23.9,90,96,54.8,54.8,19.2,332,12.4,2.68,960.7,23.9,311.0,21.124779,79.11585
MH-NGP,2022-07-14,25.4,28.0,23.9,91,98,28.1,28.1,11.8,299,9.35,2.0,960.6,23.9,311.0,21.124779,79.11585
MH-NGP,2022-07-15,25.1,27.6,23.7,91,96,32.1,32.1,16.1,247,6.35,1.49,963.7,23.6,311.0,21.124779,79.11585
MH-NGP,2022-07-16,26.4,30.3,23.7,88,97,22.0,22.0,11.9,246,15.28,3.19,965.8,24.2,311.0,21.124779,79.11585
MH-NGP,2022-07-17,26.1,29.6,24.7,90,94,46.2,46.2,16.0,287,9.01,2.1,966.0,24.3,311.0,21.124779,79.11585
MH-NGP,2022-07-18,24.9,26.4,24.2,92,96,47.8,47.8,22.9,266,5.17,1.35,964.7,23.5,311.0,21.124779,79.11585
MH-NGP,2022-07-19,26.0,29.7,23.8,79,93,2.1,2.1,22.5,243,11.25,3.21,967.9,22.0,311.0,21.124779,79.11585
MH-NGP,2022-07-20,26.4,30.5,23.7,82,92,6.5,6.5,16.6,251,16.34,3.66,968.7,23.1,311.0,21.124779,79.11585
MH-NGP,2022-07-21,26.3,29.6,24.6,85,92,15.0,15.0,18.4,274,12.38,2.78,968.9,23.5,311.0,21.124779,79.11585
MH-NGP,2022-07-22,26.4,29.1,24.0,84,94,19.0,19.0,20.0,295,11.52,2.73,968.9,23.4,311.0,21.124779,79.11585
MH-NGP,2022-07-23,25.0,27.2,24.2,91,95,16.3,16.3,14.9,266,7.12,1.69,967.0,23.4,311.0,21.124779,79.11585
MH-NGP,2022-07-24,24.5,26.4,23.6,93,96,36.9,36.9,16.2,238,6.09,1.41,967.3,23.2,311.0,21.124779,79.11585
MH-NGP,2022-07-25,25.0,27.0,23.5,92,96,17.0,17.0,15.1,246,8.41,1.8,969.7,23.6,311.0,21.124779,79.11585
MH-NGP,2022-07-26,25.5,29.6,23.9,90,97,19.5,19.5,11.5,244,14.55,3.01,971.6,23.6,311.0,21.124779,79.11585
MH-NGP,2022-07-27,26.0,29.8,23.0,88,98,5.7,5.7,8.9,248,16.51,3.41,972.0,23.8,311.0,21.124779,79.11585
MH-NGP,2022-07-28,26.8,31.2,23.6,85,97,13.5,13.5,12.8,254,21.3,4.43,973.0,24.0,311.0,21.124779,79.11585
MH-NGP,2022-07-29,26.4,30.2,24.2,89,100,14.1,14.1,9.8,245,17.63,3.62,972.5,24.3,311.0,21.124779,79.11585
MH-NGP,2022-07-30,27.3,31.4,23.9,85,99,5.9,5.9,14.1,250,21.76,4.45,970.9,24.4,311.0,21.124779,79.11585
MH-NGP,2022-07-31,27.4,31.4,24.5,84,94,5.1,5.1,11.8,277,21.41,4.43,969.0,24.4,311.0,21.124779,79.11585
MH-NGP,2022-08-01,28.2,31.8,24.7,79,98,0.0,0.0,9.5,300,21.76,4.73,968.9,24.0,311.0,21.124779,79.11585
MH-NGP,2022-08-02,28.5,32.1,25.1,76,88,0.1,0.1,10.7,311,21.18,4.69,968.1,23.6,311.0,21.124779,79.11585
MH-NGP,2022-08-03,27.6,32.0,25.2,84,95,9.1,9.1,12.4,25,20.89,4.39,967.8,24.5,311.0,21.124779,79.11585
MH-NGP,2022-08-04,27.0,30.6,24.4,86,100,16.4,16.4,9.0,132,18.99,3.99,967.7,24.4,311.0,21.124779,79.11585
MH-NGP,2022-08-05,27.1,31.1,23.9,86,99,25.0,25.0,13.7,160,20.3,4.27,966.5,24.5,311.0,21.124779,79.11585
MH-NGP,2022-08-06,26.8,31.1,23.6,87,99,17.5,17.5,8.4,228,20.66,4.31,965.0,24.3,311.0,21.124779,79.11585
MH-NGP,2022-08-07,26.4,30.3,24.0,88,97,13.9,13.9,12.3,297,15.52,3.22,963.7,24.2,311.0,21.124779,79.11585
MH-NGP,2022-08-08,26.1,29.8,23.9,89,96,21.0,21.0,11.7,343,16.26,3.41,961.7,24.0,311.0,21.124779,79.11585
MH-NGP,2022-08-09,25.5,28.2,23.7,90,98,46.7,46.7,17.2,269,10.43,2.27,961.0,23.8,311.0,21.124779,79.11585
MH-NGP,2022-08-10,24.5,25.9,24.1,92,95,83.7,83.7,26.5,242,5.41,1.42,960.0,23.2,311.0,21.124779,79.11585
MH-NGP,2022-08-11,25.3,27.1,23.8,88,96,12.4,12.4,23.5,225,9.61,2.28,963.8,23.1,311.0,21.124779,79.11585
MH-NGP,2022-08-12,26.7,30.5,23.8,82,96,6.4,6.4,20.0,235,18.64,4.15,966.4,23.2,311.0,21.124779,79.11585
MH-NGP,2022-08-13,26.4,29.9,24.5,82,94,16.0,16.0,22.4,258,13.98,3.35,967.2,22.9,311.0,21.124779,79.11585
MH-NGP,2022-08-14,25.3,27.8,24.3,88,93,21.5,21.5,20.6,276,7.66,2.04,967.2,23.0,311.0,21.124779,79.11585
MH-NGP,2022-08-15,24.0,24.5,23.7,92,93,77.6,77.6,27.1,248,3.14,1.16,966.2,22.5,311.0,21.124779,79.11585
MH-NGP,2022-08-16,25.5,29.3,23.2,85,96,10.4,10.4,24.2,213,20.28,4.08,969.8,22.7,311.0,21.124779,79.11585
MH-NGP,2022-08-17,26.9,31.2,23.3,78,96,0.3,0.3,17.5,229,23.75,5.09,971.1,22.5,311.0,21.124779,79.11585
MH-NGP,2022-08-18,27.7,31.8,24.0,74,91,0.6,0.6,16.9,268,23.41,5.28,970.1,22.5,311.0,21.124779,79.11585
MH-NGP,2022-08-19,27.6,31.6,24.7,76,88,0.1,0.1,18.7,287,21.02,4.92,969.4,22.8,311.0,21.124779,79.11585
MH-NGP,2022-08-20,26.3,29.0,24.7,81,89,6.1,6.1,22.7,288,12.94,3.26,968.3,22.8,311.0,21.124779,79.11585
MH-NGP,2022-08-21,26.0,29.7,23.8,81,91,10.7,10.7,25.6,267,13.1,3.5,965.7,22.3,311.0,21.124779,79.11585
MH-NGP,2022-08-22,25.5,28.7,23.7,82,92,2.5,2.5,31.7,240,15.5,3.62,965.7,22.1,311.0,21.124779,79.11585
MH-NGP,2022-08-23,26.4,30.2,22.8,81,94,0.0,0.0,15.3,221,21.53,4.57,968.6,22.7,311.0,21.124779,79.11585
MH-NGP,2022-08-24,27.4,31.8,23.3,78,96,0.8,0.8,11.0,274,22.03,4.72,971.0,23.0,311.0,21.124779,79.11585
MH-NGP,2022-08-25,26.8,30.3,24.6,79,92,0.3,0.3,10.8,316,15.89,3.61,970.8,22.6,311.0,21.124779,79.11585
MH-NGP,2022-08-26,27.2,31.4,22.8,76,96,1.0,1.0,12.9,309,23.19,5.08,970.4,22.2,311.0,21.124779,79.11585
MH-NGP,2022-08-27,27.6,32.0,24.1,75,90,1.0,1.0,14.1,316,22.79,5.04,970.0,22.7,311.0,21.124779,79.11585
MH-NGP,2022-08-28,26.9,30.5,24.8,80,90,10.3,10.3,12.1,331,18.5,4.07,970.3,23.0,311.0,21.124779,79.11585
MH-NGP,2022-08-29,25.8,29.7,24.1,88,98,21.0,21.0,9.7,336,15.53,3.2,972.3,23.6,311.0,21.124779,79.11585
MH-NGP,2022-08-30,27.0,31.4,23.4,83,98,4.1,4.1,9.2,140,20.84,4.33,973.0,23.6,311.0,21.124779,79.11585
MH-NGP,2022-08-31,26.9,31.6,23.7,85,97,9.4,9.4,9.7,228,19.94,4.12,972.1,24.0,311.0,21.124779,79.11585
MH-NGP,2022-09-01,27.1,30.9,23.8,84,98,6.8,6.8,9.0,209,19.9,4.14,972.2,23.9,311.0,21.124779,79.11585
MH-NGP,2022-09-02,28.0,32.1,24.4,82,97,0.5,0.5,7.0,237,22.32,4.66,973.0,24.3,311.0,21.124779,79.11585
MH-NGP,2022-09-03,27.7,31.9,24.8,85,98,7.8,7.8,9.9,256,17.7,3.75,972.0,24.8,311.0,21.124779,79.11585
MH-NGP,2022-09-04,26.1,29.4,24.3,90,98,12.3,12.3,14.9,243,9.44,2.08,971.4,24.2,311.0,21.124779,79.11585
MH-NGP,2022-09-05,25.9,29.6,23.4,88,98,15.5,15.5,13.0,269,15.13,3.07,971.5,23.7,311.0,21.124779,79.11585
MH-NGP,2022-09-06,26.9,31.1,23.6,85,99,2.1,2.1,12.2,324,22.63,4.66,971.2,24.0,311.0,21.124779,79.11585
MH-NGP,2022-09-07,27.1,31.5,23.7,86,97,7.9,7.9,13.0,19,19.74,4.13,971.2,24.5,311.0,21.124779,79.11585
MH-NGP,2022-09-08,27.6,31.6,24.6,84,95,4.5,4.5,14.2,55,21.09,4.41,971.0,24.6,311.0,21.124779,79.11585
MH-NGP,2022-09-09,27.8,31.4,25.1,83,93,3.0,3.0,13.6,69,20.09,4.26,970.6,24.6,311.0,21.124779,79.11585
MH-NGP,2022-09-10,27.7,31.6,24.8,82,97,4.5,4.5,15.8,31,22.53,4.77,969.0,24.2,311.0,21.124779,79.11585
MH-NGP,2022-09-11,25.8,29.8,24.1,90,96,33.0,33.0,14.0,335,12.14,2.57,965.8,24.0,311.0,21.124779,79.11585
MH-NGP,2022-09-12,24.8,27.2,23.6,92,96,29.0,29.0,15.0,250,8.77,1.85,964.2,23.5,311.0,21.124779,79.11585
MH-NGP,2022-09-13,24.9,27.9,23.6,92,98,27.2,27.2,18.3,216,10.69,2.15,967.0,23.6,311.0,21.124779,79.11585
MH-NGP,2022-09-14,25.6,28.1,23.5,87,97,15.5,15.5,25.0,219,13.89,2.94,970.0,23.2,311.0,21.124779,79.11585
MH-NGP,2022-09-15,26.0,29.1,23.8,84,95,6.7,6.7,25.7,225,16.64,3.63,970.8,22.9,311.0,21.124779,79.11585
MH-NGP,2022-09-16,25.5,29.1,23.4,86,96,27.2,27.2,24.6,233,15.44,3.31,968.7,22.8,311.0,21.124779,79.11585
MH-NGP,2022-09-17,26.3,31.4,23.3,81,96,2.3,2.3,18.7,259,16.17,3.65,970.1,22.6,311.0,21.124779,79.11585
MH-NGP,2022-09-18,27.0,31.2,23.2,81,95,0.2,0.2,11.5,276,21.82,4.66,971.4,23.2,311.0,21.124779,79.11585
MH-NGP,2022-09-19,27.3,31.8,24.3,77,91,0.0,0.0,16.3,288,21.69,4.84,970.8,22.6,311.0,21.124779,79.11585
MH-NGP,2022-09-20,26.6,31.0,24.1,82,88,6.6,6.6,18.4,289,17.07,3.75,969.3,23.1,311.0,21.124779,79.11585
MH-NGP,2022-09-21,25.8,30.3,23.9,85,93,17.0,17.0,16.1,294,13.31,3.02,969.2,23.0,311.0,21.124779,79.11585
MH-NGP,2022-09-22,25.7,28.6,23.9,83,91,0.2,0.2,17.1,268,11.5,2.76,970.1,22.6,311.0,21.124779,79.11585
MH-NGP,2022-09-23,25.9,29.7,23.5,80,92,0.3,0.3,15.7,252,19.04,4.07,971.3,22.0,311.0,21.124779,79.11585
MH-NGP,2022-09-24,25.2,29.7,22.1,84,96,1.8,1.8,12.2,263,19.97,4.03,971.8,22.1,311.0,21.124779,79.11585
MH-NGP,2022-09-25,26.1,30.6,23.0,84,98,1.2,1.2,9.7,292,20.78,4.23,972.2,23.1,311.0,21.124779,79.11585
MH-NGP,2022-09-26,26.6,30.9,23.3,83,99,6.0,6.0,14.9,350,20.8,4.33,973.1,23.2,311.0,21.124779,79.11585
MH-NGP,2022-09-27,26.8,30.9,23.5,82,94,5.5,5.5,9.5,356,20.41,4.3,971.9,23.4,311.0,21.124779,79.11585
MH-NGP,2022-09-28,26.3,30.4,23.6,86,96,16.0,16.0,11.4,27,16.77,3.41,971.2,23.7,311.0,21.124779,79.11585
MH-NGP,2022-09-29,27.2,32.1,23.5,77,99,0.0,0.0,12.0,16,20.94,4.61,970.8,22.5,311.0,21.124779,79.11585
MH-NGP,2022-09-30,27.1,31.9,22.9,73,88,0.0,0.0,12.2,11,21.64,4.83,971.3,21.4,311.0,21.124779,79.11585
MH-NGP,2022-10-01,27.1,32.1,22.8,71,87,0.0,0.0,14.1,344,20.46,4.76,970.9,21.1,311.0,21.124779,79.11585
MH-NGP,2022-10-02,27.3,32.4,22.6,66,86,0.0,0.0,18.4,337,20.02,5.12,970.8,19.8,311.0,21.124779,79.11585
MH-NGP,2022-10-03,27.2,32.2,22.9,64,75,0.0,0.0,18.7,347,20.73,5.36,971.4,19.6,311.0,21.124779,79.11585
MH-NGP,2022-10-04,26.2,30.5,23.6,75,94,1.3,1.3,15.8,0,13.5,3.39,971.4,21.2,311.0,21.124779,79.11585
MH-NGP,2022-10-05,25.9,30.2,23.1,87,99,29.9,29.9,9.3,85,14.49,3.06,971.2,23.5,311.0,21.124779,79.11585
MH-NGP,2022-10-06,25.2,29.0,23.2,90,98,31.4,31.4,11.6,114,12.2,2.51,971.1,23.3,311.0,21.124779,79.11585
MH-NGP,2022-10-07,25.2,28.8,22.2,86,99,25.6,25.6,16.8,132,15.99,3.29,972.3,22.6,311.0,21.124779,79.11585
MH-NGP,2022-10-08,25.9,30.3,22.4,84,98,3.2,3.2,14.1,151,18.75,3.91,973.9,22.7,311.0,21.124779,79.11585
MH-NGP,2022-10-09,26.1,30.8,22.6,86,98,14.3,14.3,9.5,130,20.22,4.12,974.5,23.3,311.0,21.124779,79.11585
MH-NGP,2022-10-10,25.4,29.5,22.5,89,99,9.0,9.0,10.4,131,17.34,3.47,975.9,23.3,311.0,21.124779,79.11585
MH-NGP,2022-10-11,24.6,28.3,22.8,90,98,19.3,19.3,11.0,178,10.8,2.24,975.1,22.9,311.0,21.124779,79.11585
MH-NGP,2022-10-12,24.5,27.9,22.3,90,99,11.1,11.1,10.3,110,12.33,2.47,975.5,22.6,311.0,21.124779,79.11585
MH-NGP,2022-10-13,25.0,28.8,22.0,87,99,11.6,11.6,7.6,31,16.85,3.39,975.8,22.5,311.0,21.124779,79.11585
MH-NGP,2022-10-14,25.6,29.5,22.4,80,93,0.5,0.5,11.5,28,19.31,4.05,975.4,21.8,311.0,21.124779,79.11585
MH-NGP,2022-10-15,25.3,29.9,21.2,70,88,0.0,0.0,13.8,27,20.69,4.57,974.9,19.2,311.0,21.124779,79.11585
MH-NGP,2022-10-16,24.6,28.3,21.6,83,96,4.9,4.9,11.6,46,13.68,2.89,976.8,21.4,311.0,21.124779,79.11585
MH-NGP,2022-10-17,25.3,30.0,22.4,88,98,7.5,7.5,12.4,27,19.08,3.82,977.7,23.1,311.0,21.124779,79.11585
MH-NGP,2022-10-18,24.2,28.1,21.8,89,99,8.6,8.6,13.3,359,14.75,2.89,976.8,22.2,311.0,21.124779,79.11585
MH-NGP,2022-10-19,25.1,29.3,21.6,82,97,0.0,0.0,8.7,44,19.7,4.01,976.2,21.6,311.0,21.124779,79.11585
MH-NGP,2022-10-20,24.5,29.7,20.3,73,86,0.0,0.0,9.7,59,20.28,4.33,977.5,19.2,311.0,21.124779,79.11585
MH-NGP,2022-10-21,23.5,29.1,18.9,70,91,0.0,0.0,11.8,64,20.58,4.39,979.4,17.2,311.0,21.124779,79.11585
MH-NGP,2022-10-22,23.1,29.9,17.1,63,86,0.0,0.0,14.3,23,20.94,4.81,980.1,15.1,311.0,21.124779,79.11585
MH-NGP,2022-10-23,23.2,29.8,17.9,63,81,0.0,0.0,15.5,8,20.88,4.74,978.1,15.3,311.0,21.124779,79.11585
MH-NGP,2022-10-24,22.8,28.9,17.6,62,78,0.0,0.0,12.2,332,21.02,4.59,975.0,14.8,311.0,21.124779,79.11585
MH-NGP,2022-10-25,22.5,29.6,16.4,62,86,0.0,0.0,10.3,310,20.89,4.47,975.2,14.2,311.0,21.124779,79.11585
MH-NGP,2022-10-26,22.5,29.5,15.8,66,89,0.0,0.0,10.2,30,20.52,4.29,977.9,15.2,311.0,21.124779,79.11585
MH-NGP,2022-10-27,22.9,29.7,16.3,66,94,0.0,0.0,9.5,343,20.38,4.24,978.1,15.4,311.0,21.124779,79.11585
MH-NGP,2022-10-28,22.8,29.8,16.9,64,88,0.0,0.0,9.7,326,20.13,4.23,977.6,14.9,311.0,21.124779,79.11585
MH-NGP,2022-10-29,22.3,29.7,15.7,65,90,0.0,0.0,9.4,355,20.31,4.28,977.5,14.6,311.0,21.124779,79.11585
MH-NGP,2022-10-30,22.2,29.0,16.1,65,83,0.0,0.0,7.9,22,19.69,4.16,977.9,14.9,311.0,21.124779,79.11585
MH-NGP,2022-10-31,22.0,27.8,15.5,64,92,0.0,0.0,8.4,55,20.02,4.19,977.9,14.2,311.0,21.124779,79.11585
MH-NGP,2022-11-01,22.4,28.6,16.2,68,91,0.0,0.0,8.4,30,19.58,4.05,978.7,15.6,311.0,21.124779,79.11585
MH-NGP,2022-11-02,22.9,29.4,17.3,67,91,0.0,0.0,9.4,29,19.76,4.23,977.7,15.9,311.0,21.124779,79.11585
MH-NGP,2022-11-03,22.7,30.1,15.9,65,91,0.0,0.0,10.2,27,19.65,4.27,977.4,15.2,311.0,21.124779,79.11585
MH-NGP,2022-11-04,23.2,30.7,16.6,63,87,0.0,0.0,10.5,351,19.55,4.23,978.5,15.2,311.0,21.124779,79.11585
MH-NGP,2022-11-05,23.9,30.9,17.4,65,90,0.0,0.0,9.4,320,19.17,4.13,979.5,16.3,311.0,21.124779,79.11585
MH-NGP,2022-11-06,24.4,31.4,18.3,65,91,0.0,0.0,9.1,335,18.94,4.11,979.4,16.6,311.0,21.124779,79.11585
MH-NGP,2022-11-07,23.7,30.8,17.9,64,88,0.0,0.0,10.2,30,18.94,4.25,979.0,15.9,311.0,21.124779,79.11585
MH-NGP,2022-11-08,22.3,29.5,16.4,60,81,0.0,0.0,10.7,48,19.17,4.27,978.9,13.6,311.0,21.124779,79.11585
MH-NGP,2022-11-09,22.2,29.2,15.9,63,85,0.0,0.0,11.1,52,18.84,4.22,979.0,14.1,311.0,21.124779,79.11585
MH-NGP,2022-11-10,22.7,29.0,16.8,65,91,0.0,0.0,10.5,51,18.5,4.0,979.6,15.2,311.0,21.124779,79.11585
MH-NGP,2022-11-11,22.8,30.0,17.0,66,87,0.0,0.0,11.2,36,18.24,4.11,979.6,15.7,311.0,21.124779,79.11585
MH-NGP,2022-11-12,23.0,29.3,18.6,66,84,0.0,0.0,9.4,39,17.78,3.94,979.9,16.0,311.0,21.124779,79.11585
MH-NGP,2022-11-13,21.5,28.1,16.6,63,77,0.0,0.0,10.5,57,18.57,4.03,979.4,13.6,311.0,21.124779,79.11585
MH-NGP,2022-11-14,21.8,27.7,15.2,60,83,0.0,0.0,7.6,41,18.57,3.8,979.5,13.2,311.0,21.124779,79.11585
MH-NGP,2022-11-15,21.5,27.9,14.7,60,92,0.0,0.0,9.0,60,18.64,3.85,979.1,12.6,311.0,21.124779,79.11585
MH-NGP,2022-11-16,20.9,28.1,14.5,61,87,0.0,0.0,9.8,343,18.54,3.81,977.8,12.5,311.0,21.124779,79.11585
MH-NGP,2022-11-17,22.0,29.1,14.9,59,90,0.0,0.0,11.8,13,18.06,4.21,977.5,12.7,311.0,21.124779,79.11585
MH-NGP,2022-11-18,21.1,27.3,15.8,52,68,0.0,0.0,11.3,31,18.26,4.16,978.8,10.3,311.0,21.124779,79.11585
MH-NGP,2022-11-19,19.3,26.0,13.4,55,76,0.0,0.0,9.2,14,18.33,3.78,978.8,9.4,311.0,21.124779,79.11585
MH-NGP,2022-11-20,19.1,25.4,12.0,56,81,0.0,0.0,9.6,3,18.31,3.53,977.3,9.4,311.0,21.124779,79.11585
MH-NGP,2022-11-21,20.1,26.8,13.0,60,82,0.0,0.0,10.9,5,17.93,3.6,976.8,11.2,311.0,21.124779,79.11585
MH-NGP,2022-11-22,20.7,27.9,14.5,60,80,0.0,0.0,10.7,11,18.11,3.78,977.1,12.1,311.0,21.124779,79.11585
MH-NGP,2022-11-23,21.3,28.1,15.5,57,71,0.0,0.0,10.4,11,17.62,3.74,977.6,12.0,311.0,21.124779,79.11585
MH-NGP,2022-11-24,20.4,27.7,14.3,58,81,0.0,0.0,9.7,29,17.78,3.8,977.8,11.0,311.0,21.124779,79.11585
MH-NGP,2022-11-25,20.2,27.2,14.3,59,78,0.0,0.0,10.0,35,17.6,3.67,978.6,11.4,311.0,21.124779,79.11585
MH-NGP,2022-11-26,19.9,27.2,13.3,53,70,0.0,0.0,9.9,37,17.79,3.78,977.1,9.5,311.0,21.124779,79.11585
MH-NGP,2022-11-27,19.4,27.2,12.1,60,91,0.0,0.0,9.5,32,17.72,3.53,974.9,10.5,311.0,21.124779,79.11585
MH-NGP,2022-11-28,20.0,27.7,12.6,61,91,0.0,0.0,10.2,45,17.54,3.6,975.6,11.4,311.0,21.124779,79.11585
MH-NGP,2022-11-29,20.5,27.7,13.5,61,86,0.0,0.0,11.0,49,17.32,3.67,977.2,12.0,311.0,21.124779,79.11585
MH-NGP,2022-11-30,20.7,27.6,13.8,61,88,0.0,0.0,8.7,37,16.88,3.54,978.4,12.2,311.0,21.124779,79.11585
MH-NGP,2022-12-01,21.2,27.8,14.1,60,89,0.0,0.0,7.9,9,16.95,3.22,978.1,12.4,311.0,21.124779,79.11585
MH-NGP,2022-12-02,21.0,28.1,14.5,64,87,0.0,0.0,7.3,349,16.73,3.38,977.1,13.4,311.0,21.124779,79.11585
MH-NGP,2022-12-03,21.2,28.6,14.2,67,95,0.0,0.0,13.7,53,16.74,3.48,977.2,14.1,311.0,21.124779,79.11585
MH-NGP,2022-12-04,21.8,29.0,15.5,65,86,0.0,0.0,8.4,29,16.63,3.56,978.1,14.3,311.0,21.124779,79.11585
MH-NGP,2022-12-05,21.5,28.7,14.6,63,91,0.0,0.0,9.0,37,16.48,3.63,979.3,13.4,311.0,21.124779,79.11585
MH-NGP,2022-12-06,22.2,29.3,16.6,60,82,0.0,0.0,10.0,28,16.43,3.69,978.6,13.7,311.0,21.124779,79.11585
MH-NGP,2022-12-07,21.6,28.5,16.7,52,82,0.0,0.0,15.5,17,16.58,4.39,978.2,10.2,311.0,21.124779,79.11585
MH-NGP,2022-12-08,19.2,26.5,13.2,47,65,0.0,0.0,15.3,37,16.49,4.04,978.0,7.0,311.0,21.124779,79.11585
MH-NGP,2022-12-09,19.5,27.2,13.8,49,67,0.0,0.0,11.9,43,16.62,4.05,976.6,7.9,311.0,21.124779,79.11585
MH-NGP,2022-12-10,20.8,28.5,13.4,53,73,0.0,0.0,12.4,56,14.71,3.79,976.3,10.3,311.0,21.124779,79.11585
MH-NGP,2022-12-11,23.8,29.5,19.0,58,70,0.0,0.0,12.8,75,14.75,3.89,977.1,14.8,311.0,21.124779,79.11585
MH-NGP,2022-12-12,24.3,29.6,20.3,73,93,0.8,0.8,19.8,67,12.71,2.98,977.1,18.7,311.0,21.124779,79.11585
MH-NGP,2022-12-13,24.6,30.4,20.2,74,95,0.0,0.0,14.0,27,14.01,3.15,978.2,19.1,311.0,21.124779,79.11585
MH-NGP,2022-12-14,25.4,31.0,20.4,59,86,0.0,0.0,10.6,20,15.4,3.75,978.5,16.4,311.0,21.124779,79.11585
MH-NGP,2022-12-15,24.8,30.6,20.3,61,90,0.2,0.2,20.2,15,15.07,3.8,977.8,15.9,311.0,21.124779,79.11585
MH-NGP,2022-12-16,24.7,30.6,20.0,65,95,0.0,0.0,9.0,6,15.51,3.63,976.9,17.1,311.0,21.124779,79.11585
MH-NGP,2022-12-17,23.4,29.7,19.0,45,70,0.0,0.0,10.7,17,16.32,4.37,978.2,9.7,311.0,21.124779,79.11585
MH-NGP,2022-12-18,21.1,28.3,15.6,48,70,0.0,0.0,9.7,20,16.7,3.87,978.1,8.8,311.0,21.124779,79.11585
MH-NGP,2022-12-19,21.1,28.4,13.8,49,75,0.0,0.0,8.4,26,16.53,3.64,977.1,8.9,311.0,21.124779,79.11585
MH-NGP,2022-12-20,21.1,29.1,13.5,52,79,0.0,0.0,9.6,32,16.42,3.73,976.5,9.8,311.0,21.124779,79.11585
MH-NGP,2022-12-21,21.5,29.1,14.1,48,73,0.0,0.0,10.1,42,16.14,3.84,977.0,9.3,311.0,21.124779,79.11585
MH-NGP,2022-12-22,21.2,29.2,14.3,54,75,0.0,0.0,9.9,70,16.24,3.71,976.6,10.8,311.0,21.124779,79.11585
MH-NGP,2022-12-23,21.5,29.6,14.2,55,86,0.0,0.0,9.3,90,16.48,3.61,976.3,11.2,311.0,21.124779,79.11585
MH-NGP,2022-12-24,22.1,29.2,14.5,55,82,0.0,0.0,9.1,202,16.21,3.56,976.7,12.1,311.0,21.124779,79.11585
MH-NGP,2022-12-25,21.7,28.8,15.7,66,94,0.0,0.0,9.3,115,16.08,3.43,977.6,14.3,311.0,21.124779,79.11585
MH-NGP,2022-12-26,23.0,29.5,16.4,63,91,0.0,0.0,10.0,138,16.03,3.44,979.2,15.1,311.0,21.124779,79.11585
MH-NGP,2022-12-27,23.2,29.4,17.0,71,97,0.3,0.3,9.4,331,14.57,3.12,979.7,17.2,311.0,21.124779,79.11585
MH-NGP,2022-12-28,23.2,29.4,18.4,61,86,0.0,0.0,11.2,14,16.04,3.71,980.9,14.7,311.0,21.124779,79.11585
MH-NGP,2022-12-29,21.3,28.4,15.4,47,66,0.0,0.0,9.0,54,16.42,3.68,982.0,8.9,311.0,21.124779,79.11585
MH-NGP,2022-12-30,21.7,29.4,14.7,63,88,0.0,0.0,10.4,322,16.16,3.4,982.0,13.6,311.0,21.124779,79.11585
MH-NGP,2022-12-31,22.3,29.2,16.4,54,73,0.0,0.0,11.5,345,16.27,3.86,981.0,12.2,311.0,21.124779,79.11585
MH-NGP,2023-01-01,21.1,27.4,16.2,56,72,0.0,0.0,10.0,20,16.33,3.7,981.4,11.4,311.0,21.124779,79.11585
MH-NGP,2023-01-02,20.5,27.3,15.2,61,77,0.0,0.0,11.4,39,16.43,3.53,981.8,12.2,311.0,21.124779,79.11585
MH-NGP,2023-01-03,20.8,27.8,14.9,62,78,0.0,0.0,9.2,28,15.91,3.34,981.7,12.9,311.0,21.124779,79.11585
MH-NGP,2023-01-04,20.3,25.3,16.1,68,81,0.1,0.1,11.9,35,12.88,2.98,981.6,13.9,311.0,21.124779,79.11585
MH-NGP,2023-01-05,19.5,26.5,15.1,72,90,0.2,0.2,11.8,38,15.12,3.13,982.9,13.9,311.0,21.124779,79.11585
MH-NGP,2023-01-06,19.9,26.5,15.1,69,87,0.0,0.0,10.2,43,16.23,3.35,983.9,13.6,311.0,21.124779,79.11585
MH-NGP,2023-01-07,18.4,25.4,13.0,46,61,0.0,0.0,9.9,32,17.47,3.68,983.0,5.9,311.0,21.124779,79.11585
MH-NGP,2023-01-08,17.8,26.2,10.6,46,74,0.0,0.0,9.9,25,17.72,3.84,981.5,4.2,311.0,21.124779,79.11585
MH-NGP,2023-01-09,18.6,27.3,10.3,46,71,0.0,0.0,8.6,14,17.44,3.62,982.2,5.7,311.0,21.124779,79.11585
MH-NGP,2023-01-10,19.5,28.5,10.7,50,81,0.0,0.0,9.5,341,17.52,3.62,981.2,7.3,311.0,21.124779,79.11585
MH-NGP,2023-01-11,19.3,28.1,11.6,54,85,0.0,0.0,10.0,239,17.4,3.73,978.7,8.7,311.0,21.124779,79.11585
MH-NGP,2023-01-12,20.4,28.5,12.9,57,89,0.0,0.0,9.2,285,17.34,3.76,976.6,10.4,311.0,21.124779,79.11585
MH-NGP,2023-01-13,20.7,29.1,12.8,54,84,0.0,0.0,11.8,253,17.38,3.96,977.2,10.1,311.0,21.124779,79.11585
MH-NGP,2023-01-14,21.0,28.0,15.8,60,84,0.0,0.0,11.0,334,17.26,3.77,977.9,12.4,311.0,21.124779,79.11585
MH-NGP,2023-01-15,20.5,27.6,14.3,56,76,0.0,0.0,10.6,0,17.42,3.76,977.5,10.8,311.0,21.124779,79.11585
MH-NGP,2023-01-16,20.7,28.0,14.4,59,75,0.0,0.0,9.5,59,17.19,3.68,977.7,12.1,311.0,21.124779,79.11585
MH-NGP,2023-01-17,22.0,29.0,15.9,61,79,0.0,0.0,10.9,51,17.23,3.75,977.9,13.7,311.0,21.124779,79.11585
MH-NGP,2023-01-18,21.7,28.7,16.1,59,76,0.0,0.0,10.0,80,17.33,3.84,979.9,12.8,311.0,21.124779,79.11585
MH-NGP,2023-01-19,22.0,29.0,15.5,59,76,0.0,0.0,7.9,86,17.37,3.71,980.0,13.2,311.0,21.124779,79.11585
MH-NGP,2023-01-20,22.8,29.6,16.2,61,93,0.0,0.0,12.0,153,17.46,4.03,979.1,14.1,311.0,21.124779,79.11585
MH-NGP,2023-01-21,23.5,29.8,17.4,55,84,0.0,0.0,12.1,186,16.61,4.17,978.7,13.4,311.0,21.124779,79.11585
MH-NGP,2023-01-22,22.9,29.9,17.6,57,80,0.0,0.0,10.6,173,17.68,4.13,977.7,13.1,311.0,21.124779,79.11585
MH-NGP,2023-01-23,22.8,29.6,16.8,59,85,0.0,0.0,9.6,153,17.92,4.06,977.5,13.6,311.0,21.124779,79.11585
MH-NGP,2023-01-24,23.6,29.9,17.4,60,88,0.0,0.0,10.2,161,17.71,4.11,977.5,14.7,311.0,21.124779,79.11585
MH-NGP,2023-01-25,23.1,29.7,18.0,49,78,0.0,0.0,11.9,172,17.64,4.43,977.5,11.2,311.0,21.124779,79.11585
MH-NGP,2023-01-26,22.2,29.0,15.1,54,73,0.0,0.0,8.9,263,17.9,3.79,978.3,12.0,311.0,21.124779,79.11585
MH-NGP,2023-01-27,22.9,30.0,16.6,61,95,0.0,0.0,11.1,360,17.93,3.93,978.7,14.2,311.0,21.124779,79.11585
MH-NGP,2023-01-28,23.4,30.3,17.8,59,86,0.0,0.0,10.8,67,18.18,4.2,977.7,14.2,311.0,21.124779,79.11585
MH-NGP,2023-01-29,23.5,30.7,16.9,57,89,0.0,0.0,13.0,91,18.33,4.32,976.3,13.6,311.0,21.124779,79.11585
MH-NGP,2023-01-30,24.0,30.6,17.7,57,81,0.4,0.4,12.2,72,17.84,3.96,978.3,14.3,311.0,21.124779,79.11585
MH-NGP,2023-01-31,24.3,30.6,19.0,56,81,0.0,0.0,13.5,15,17.66,4.41,978.8,14.3,311.0,21.124779,79.11585
MH-NGP,2023-02-01,22.8,29.3,18.2,48,73,0.0,0.0,11.8,20,17.92,4.66,979.4,10.1,311.0,21.124779,79.11585
MH-NGP,2023-02-02,20.5,28.7,14.3,35,59,0.0,0.0,11.0,21,20.26,4.82,979.7,2.9,311.0,21.124779,79.11585
MH-NGP,2023-02-03,20.4,29.5,12.9,38,59,0.0,0.0,9.7,16,19.9,4.66,979.4,4.1,311.0,21.124779,79.11585
MH-NGP,2023-02-04,20.3,29.8,12.0,37,58,0.0,0.0,8.2,357,20.09,4.61,978.0,3.9,311.0,21.124779,79.11585
MH-NGP,2023-02-05,20.8,30.1,11.8,38,59,0.0,0.0,11.6,339,20.02,4.54,977.1,4.5,311.0,21.124779,79.11585
MH-NGP,2023-02-06,22.1,31.0,13.2,41,65,0.0,0.0,10.3,313,19.67,4.56,976.5,7.2,311.0,21.124779,79.11585
MH-NGP,2023-02-07,23.3,31.4,15.7,45,70,0.0,0.0,13.9,320,19.49,4.63,975.8,10.0,311.0,21.124779,79.11585
MH-NGP,2023-02-08,22.9,31.2,15.8,40,64,0.0,0.0,11.0,357,19.96,5.09,977.4,7.3,311.0,21.124779,79.11585
MH-NGP,2023-02-09,22.3,31.4,14.1,39,58,0.0,0.0,10.2,335,20.17,4.72,977.6,6.9,311.0,21.124779,79.11585
MH-NGP,2023-02-10,23.9,33.9,14.8,37,61,0.0,0.0,10.4,311,20.26,5.14,977.7,6.7,311.0,21.124779,79.11585
MH-NGP,2023-02-11,24.8,34.1,16.3,34,58,0.0,0.0,15.2,318,20.34,5.97,978.1,6.3,311.0,21.124779,79.11585
MH-NGP,2023-02-12,23.5,32.1,16.5,39,67,0.0,0.0,15.6,4,20.51,5.64,980.0,7.3,311.0,21.124779,79.11585
MH-NGP,2023-02-13,22.0,30.5,14.6,35,55,0.0,0.0,11.7,338,21.01,5.24,980.4,4.1,311.0,21.124779,79.11585
MH-NGP,2023-02-14,21.8,31.1,12.6,33,58,0.0,0.0,9.7,330,20.89,4.95,979.6,3.7,311.0,21.124779,79.11585
MH-NGP,2023-02-15,23.6,33.4,14.7,32,49,0.0,0.0,10.8,346,20.83,5.24,977.7,4.9,311.0,21.124779,79.11585
MH-NGP,2023-02-16,24.8,34.6,16.5,33,55,0.0,0.0,14.8,339,20.91,5.97,977.8,6.2,311.0,21.124779,79.11585
MH-NGP,2023-02-17,24.7,32.0,18.2,41,57,0.0,0.0,11.5,1,20.9,5.48,978.2,10.1,311.0,21.124779,79.11585
MH-NGP,2023-02-18,24.8,32.3,18.2,45,65,0.0,0.0,13.3,24,21.05,5.3,978.2,11.1,311.0,21.124779,79.11585
MH-NGP,2023-02-19,25.4,33.3,17.2,42,72,0.0,0.0,12.3,333,21.19,5.14,978.3,10.1,311.0,21.124779,79.11585
MH-NGP,2023-02-20,25.3,34.5,16.3,39,63,0.0,0.0,10.8,328,21.37,5.14,977.6,9.1,311.0,21.124779,79.11585
MH-NGP,2023-02-21,26.1,35.6,16.7,33,53,0.0,0.0,10.3,287,21.5,5.37,977.4,7.4,311.0,21.124779,79.11585
MH-NGP,2023-02-22,26.1,35.1,17.8,27,47,0.0,0.0,11.8,308,21.77,6.27,977.0,3.6,311.0,21.124779,79.11585
MH-NGP,2023-02-23,25.6,34.9,16.6,34,59,0.0,0.0,14.0,299,21.32,5.51,976.9,7.5,311.0,21.124779,79.11585
MH-NGP,2023-02-24,26.1,34.9,17.8,31,54,0.0,0.0,11.7,338,21.96,6.18,978.3,6.0,311.0,21.124779,79.11585
MH-NGP,2023-02-25,26.0,34.7,17.9,29,45,0.0,0.0,11.3,13,21.87,5.76,979.9,5.7,311.0,21.124779,79.11585
MH-NGP,2023-02-26,26.5,34.6,18.5,31,53,0.0,0.0,12.2,11,21.62,5.45,980.7,6.8,311.0,21.124779,79.11585
MH-NGP,2023-02-27,26.7,34.8,17.8,31,58,0.0,0.0,16.3,122,21.42,6.03,980.5,7.4,311.0,21.124779,79.11585
MH-NGP,2023-02-28,26.7,34.6,18.9,35,62,0.0,0.0,10.4,138,20.12,5.36,980.6,8.9,311.0,21.124779,79.11585
MH-NGP,2023-03-01,27.2,34.2,19.5,34,61,0.0,0.0,13.0,161,20.19,5.45,980.9,9.2,311.0,21.124779,79.11585
MH-NGP,2023-03-02,27.5,34.9,20.6,35,57,0.0,0.0,9.7,45,20.22,5.21,981.3,10.1,311.0,21.124779,79.11585
MH-NGP,2023-03-03,28.4,35.6,21.7,33,54,0.0,0.0,11.1,61,19.87,5.52,981.9,9.7,311.0,21.124779,79.11585
MH-NGP,2023-03-04,27.9,35.7,20.7,26,42,0.0,0.0,12.7,87,21.13,5.97,981.7,5.4,311.0,21.124779,79.11585
MH-NGP,2023-03-05,27.5,34.8,19.9,30,49,0.0,0.0,15.3,22,20.96,6.43,981.7,7.8,311.0,21.124779,79.11585
MH-NGP,2023-03-06,26.4,35.1,20.7,41,55,0.5,0.5,19.4,4,19.21,5.32,979.9,11.6,311.0,21.124779,79.11585
MH-NGP,2023-03-07,24.3,29.9,19.4,47,74,0.3,0.3,23.5,319,19.59,5.51,981.0,11.5,311.0,21.124779,79.11585
MH-NGP,2023-03-08,24.5,33.3,16.9,43,84,0.0,0.0,12.0,325,22.27,5.53,980.0,8.9,311.0,21.124779,79.11585
MH-NGP,2023-03-09,26.3,33.7,19.3,36,57,0.0,0.0,17.1,6,20.49,5.47,979.3,9.0,311.0,21.124779,79.11585
MH-NGP,2023-03-10,27.1,33.5,20.3,32,56,0.0,0.0,14.8,3,20.97,5.83,978.9,8.2,311.0,21.124779,79.11585
MH-NGP,2023-03-11,27.2,35.0,20.7,31,56,0.0,0.0,13.1,1,22.93,6.4,978.7,7.4,311.0,21.124779,79.11585
MH-NGP,2023-03-12,27.7,35.6,20.9,28,44,0.0,0.0,10.9,12,23.03,6.23,978.2,6.6,311.0,21.124779,79.11585
MH-NGP,2023-03-13,28.6,37.1,21.6,27,41,0.0,0.0,15.3,35,21.87,6.37,976.8,6.7,311.0,21.124779,79.11585
MH-NGP,2023-03-14,27.4,36.0,21.1,34,56,1.1,1.1,22.2,8,19.92,5.73,975.3,9.3,311.0,21.124779,79.11585
MH-NGP,2023-03-15,27.6,34.8,19.6,38,67,0.0,0.0,22.1,278,20.2,6.01,974.5,10.3,311.0,21.124779,79.11585
MH-NGP,2023-03-16,25.8,30.0,22.7,49,71,1.0,1.0,20.1,294,14.27,4.54,976.6,13.8,311.0,21.124779,79.11585
MH-NGP,2023-03-17,25.3,29.7,20.4,56,76,3.3,3.3,18.0,200,19.9,4.56,976.5,15.4,311.0,21.124779,79.11585
MH-NGP,2023-03-18,22.5,27.3,19.3,75,95,9.8,9.8,10.5,47,18.39,3.72,975.4,17.4,311.0,21.124779,79.11585
MH-NGP,2023-03-19,22.7,29.3,18.7,71,97,1.4,1.4,19.6,210,21.83,4.64,973.4,16.5,311.0,21.124779,79.11585
MH-NGP,2023-03-20,23.6,30.5,17.1,62,95,0.0,0.0,13.8,282,21.97,4.99,972.5,14.7,311.0,21.124779,79.11585
MH-NGP,2023-03-21,25.2,31.1,19.8,51,77,0.0,0.0,14.8,319,19.14,5.01,973.0,13.4,311.0,21.124779,79.11585
MH-NGP,2023-03-22,25.5,32.8,19.8,53,75,0.0,0.0,15.9,324,19.33,4.95,973.9,14.5,311.0,21.124779,79.11585
MH-NGP,2023-03-23,26.5,33.4,19.5,53,85,0.0,0.0,11.3,309,20.9,5.17,973.8,14.8,311.0,21.124779,79.11585
MH-NGP,2023-03-24,28.1,35.4,20.8,44,71,0.0,0.0,10.4,289,21.91,5.58,973.8,13.4,311.0,21.124779,79.11585
MH-NGP,2023-03-25,29.0,36.0,22.6,43,64,0.0,0.0,16.6,15,21.36,5.51,975.0,14.0,311.0,21.124779,79.11585
MH-NGP,2023-03-26,27.6,34.0,21.1,58,91,13.8,13.8,17.0,262,20.88,5.15,974.2,17.4,311.0,21.124779,79.11585
MH-NGP,2023-03-27,28.6,36.0,21.4,40,89,0.0,0.0,20.6,283,24.71,6.92,973.9,10.0,311.0,21.124779,79.11585
MH-NGP,2023-03-28,28.9,36.7,21.9,27,42,0.0,0.0,20.0,288,24.57,7.16,973.5,7.0,311.0,21.124779,79.11585
MH-NGP,2023-03-29,29.5,37.7,21.0,33,55,0.0,0.0,16.0,226,23.63,6.71,973.8,10.6,311.0,21.124779,79.11585
MH-NGP,2023-03-30,30.6,38.1,22.4,36,76,0.0,0.0,18.4,229,23.44,6.81,972.1,11.7,311.0,21.124779,79.11585
MH-NGP,2023-03-31,29.9,34.4,26.1,31,43,0.0,0.0,20.9,310,16.43,6.81,972.7,10.2,311.0,21.124779,79.11585
MH-NGP,2023-04-01,28.7,35.3,22.6,36,64,0.0,0.0,15.9,295,24.24,7.0,973.5,10.7,311.0,21.124779,79.11585
MH-NGP,2023-04-02,28.8,35.5,21.9,32,51,0.0,0.0,18.6,336,19.71,5.92,973.2,9.3,311.0,21.124779,79.11585
MH-NGP,2023-04-03,29.8,37.2,22.8,29,47,0.0,0.0,16.2,10,20.85,6.13,972.7,8.8,311.0,21.124779,79.11585
MH-NGP,2023-04-04,31.1,37.9,23.2,27,45,0.0,0.0,17.7,315,20.77,7.23,973.3,8.9,311.0,21.124779,79.11585
MH-NGP,2023-04-05,30.9,36.8,23.6,29,43,0.0,0.0,16.8,328,22.2,6.81,974.0,9.7,311.0,21.124779,79.11585
MH-NGP,2023-04-06,30.5,37.2,23.4,27,40,0.0,0.0,17.3,304,17.49,6.18,975.0,8.7,311.0,21.124779,79.11585
MH-NGP,2023-04-07,28.2,37.8,22.6,48,78,4.4,4.4,25.1,342,19.21,5.09,977.5,14.2,311.0,21.124779,79.11585
MH-NGP,2023-04-08,26.9,32.9,21.3,58,83,0.6,0.6,11.0,87,19.32,4.84,979.4,17.1,311.0,21.124779,79.11585
MH-NGP,2023-04-09,27.1,35.5,22.4,57,84,5.7,5.7,25.1,343,19.06,4.84,979.5,17.2,311.0,21.124779,79.11585
MH-NGP,2023-04-10,29.7,37.0,22.6,44,72,0.0,0.0,10.7,286,21.82,5.58,977.4,14.8,311.0,21.124779,79.11585
MH-NGP,2023-04-11,31.6,39.3,23.5,36,61,0.0,0.0,11.0,307,23.17,6.59,976.6,13.1,311.0,21.124779,79.11585
MH-NGP,2023-04-12,32.3,39.8,24.6,30,50,0.0,0.0,10.5,300,22.87,6.53,975.8,11.6,311.0,21.124779,79.11585
MH-NGP,2023-04-13,33.5,41.0,25.4,26,47,0.0,0.0,19.4,301,22.55,8.11,975.1,10.3,311.0,21.124779,79.11585
MH-NGP,2023-04-14,32.7,40.0,27.4,29,40,0.0,0.0,23.9,319,20.37,7.14,974.9,11.7,311.0,21.124779,79.11585
MH-NGP,2023-04-15,29.1,35.4,24.8,43,71,0.9,0.9,21.0,310,12.02,5.06,975.9,14.5,311.0,21.124779,79.11585
MH-NGP,2023-04-16,31.8,39.8,23.7,33,61,0.0,0.0,12.0,304,24.79,7.13,973.7,11.5,311.0,21.124779,79.11585
MH-NGP,2023-04-17,33.0,40.5,25.3,24,41,0.0,0.0,11.2,287,24.02,6.91,973.6,9.0,311.0,21.124779,79.11585
MH-NGP,2023-04-18,33.6,41.7,26.3,23,38,0.0,0.0,21.6,320,21.6,7.45,974.7,8.7,311.0,21.124779,79.11585
MH-NGP,2023-04-19,33.9,41.6,26.7,23,38,0.0,0.0,21.2,305,22.48,7.89,972.3,9.2,311.0,21.124779,79.11585
MH-NGP,2023-04-20,32.4,39.3,25.7,28,41,0.1,0.1,19.9,307,21.85,7.35,970.8,11.1,311.0,21.124779,79.11585
MH-NGP,2023-04-21,31.0,37.7,22.6,37,76,0.0,0.0,15.6,216,24.31,7.22,971.3,13.5,311.0,21.124779,79.11585
MH-NGP,2023-04-22,29.2,37.4,23.7,46,68,2.6,2.6,15.4,268,21.56,6.01,970.5,15.2,311.0,21.124779,79.11585
MH-NGP,2023-04-23,28.8,35.7,22.0,48,92,0.1,0.1,15.0,226,23.32,5.97,971.7,14.9,311.0,21.124779,79.11585
MH-NGP,2023-04-24,28.3,34.8,23.1,55,85,1.8,1.8,13.5,154,23.47,6.07,973.4,17.6,311.0,21.124779,79.11585
MH-NGP,2023-04-25,27.0,33.9,22.3,63,82,1.5,1.5,17.1,135,21.3,5.18,974.6,19.0,311.0,21.124779,79.11585
MH-NGP,2023-04-26,28.1,34.0,22.3,61,92,0.0,0.0,11.5,186,21.23,5.05,973.9,18.8,311.0,21.124779,79.11585
MH-NGP,2023-04-27,26.5,32.5,21.2,68,95,4.7,4.7,20.5,253,21.09,4.85,974.7,19.7,311.0,21.124779,79.11585
MH-NGP,2023-04-28,26.5,33.3,20.6,68,96,17.3,17.3,16.6,228,23.16,5.43,975.2,19.1,311.0,21.124779,79.11585
MH-NGP,2023-04-29,25.3,32.3,21.2,75,94,15.4,15.4,13.8,347,21.28,4.72,974.7,20.1,311.0,21.124779,79.11585
MH-NGP,2023-04-30,23.2,28.5,20.3,84,96,56.7,56.7,17.3,44,18.38,3.77,973.7,20.2,311.0,21.124779,79.11585
MH-NGP,2023-05-01,23.9,29.1,19.0,81,98,1.0,1.0,11.8,173,17.55,3.69,972.9,20.1,311.0,21.124779,79.11585
MH-NGP,2023-05-02,23.9,29.9,20.0,83,96,10.2,10.2,14.0,106,21.17,4.32,974.0,20.5,311.0,21.124779,79.11585
MH-NGP,2023-05-03,23.5,27.8,20.4,85,99,30.7,30.7,12.0,10,12.39,2.58,975.2,20.7,311.0,21.124779,79.11585
MH-NGP,2023-05-04,25.8,31.4,21.2,78,96,1.6,1.6,19.6,15,21.34,4.68,973.9,21.3,311.0,21.124779,79.11585
MH-NGP,2023-05-05,26.9,32.7,21.6,69,94,4.6,4.6,15.6,287,21.47,4.93,972.7,20.3,311.0,21.124779,79.11585
MH-NGP,2023-05-06,29.0,35.1,22.7,60,88,0.0,0.0,14.4,334,23.47,5.8,971.6,19.6,311.0,21.124779,79.11585
MH-NGP,2023-05-07,28.6,36.9,23.2,61,86,1.6,1.6,17.4,315,24.14,5.76,971.7,19.2,311.0,21.124779,79.11585
MH-NGP,2023-05-08,31.0,38.3,22.4,57,96,0.0,0.0,15.0,289,23.96,6.25,970.9,20.1,311.0,21.124779,79.11585
MH-NGP,2023-05-09,31.6,38.7,24.8,50,81,0.0,0.0,22.7,149,22.73,6.32,971.7,19.0,311.0,21.124779,79.11585
MH-NGP,2023-05-10,32.2,40.2,25.9,40,70,0.0,0.0,14.1,353,25.17,7.18,971.3,14.7,311.0,21.124779,79.11585
MH-NGP,2023-05-11,31.7,40.9,21.6,31,59,0.0,0.0,12.8,21,27.02,7.42,971.8,10.1,311.0,21.124779,79.11585
MH-NGP,2023-05-12,31.8,41.3,21.8,28,53,0.0,0.0,18.7,14,27.01,7.85,971.1,8.4,311.0,21.124779,79.11585
MH-NGP,2023-05-13,33.6,42.3,22.7,22,45,0.0,0.0,19.8,340,26.89,8.17,970.1,6.6,311.0,21.124779,79.11585
MH-NGP,2023-05-14,34.4,43.8,24.6,21,35,0.0,0.0,24.5,317,25.28,9.85,968.0,7.0,311.0,21.124779,79.11585
MH-NGP,2023-05-15,35.6,41.8,29.9,23,33,0.0,0.0,22.1,297,24.98,10.26,969.3,10.5,311.0,21.124779,79.11585
MH-NGP,2023-05-16,34.7,40.1,30.0,31,43,0.0,0.0,23.3,310,24.12,8.99,971.6,14.4,311.0,21.124779,79.11585
MH-NGP,2023-05-17,34.4,40.0,27.5,34,52,0.0,0.0,21.5,303,24.49,8.09,972.8,15.1,311.0,21.124779,79.11585
MH-NGP,2023-05-18,34.9,41.4,29.0,33,47,0.2,0.2,15.5,295,22.7,7.59,973.6,15.2,311.0,21.124779,79.11585
MH-NGP,2023-05-19,35.6,42.1,29.5,25,34,0.0,0.0,20.9,315,24.12,9.15,972.2,11.6,311.0,21.124779,79.11585
MH-NGP,2023-05-20,35.5,42.3,28.6,24,37,0.0,0.0,20.1,320,24.18,8.91,971.3,11.2,311.0,21.124779,79.11585
MH-NGP,2023-05-21,34.0,42.6,27.5,32,60,1.2,1.2,17.9,295,22.33,7.49,972.4,13.5,311.0,21.124779,79.11585
MH-NGP,2023-05-22,33.5,39.5,26.2,32,56,0.1,0.1,17.7,288,21.7,7.26,973.7,13.6,311.0,21.124779,79.11585
MH-NGP,2023-05-23,35.1,41.8,27.2,29,47,0.0,0.0,12.9,298,23.81,7.38,973.3,13.3,311.0,21.124779,79.11585
MH-NGP,2023-05-24,36.0,41.6,29.2,27,40,0.0,0.0,16.5,293,22.87,8.42,971.9,13.2,311.0,21.124779,79.11585
MH-NGP,2023-05-25,35.3,41.0,30.1,27,42,0.0,0.0,23.4,293,24.28,9.78,971.6,13.0,311.0,21.124779,79.11585
MH-NGP,2023-05-26,34.1,38.5,29.7,28,36,0.0,0.0,24.5,301,23.52,9.22,972.6,12.6,311.0,21.124779,79.11585
MH-NGP,2023-05-27,34.6,40.6,28.0,29,43,0.0,0.0,19.6,302,24.32,8.92,971.5,12.9,311.0,21.124779,79.11585
MH-NGP,2023-05-28,32.8,40.6,27.4,42,59,0.0,0.0,22.1,354,23.17,7.26,972.0,17.0,311.0,21.124779,79.11585
MH-NGP,2023-05-29,32.6,40.9,26.0,43,72,0.0,0.0,26.5,344,24.03,7.01,972.5,16.9,311.0,21.124779,79.11585
MH-NGP,2023-05-30,34.2,40.8,27.3,38,59,0.0,0.0,19.7,223,24.07,7.04,972.7,16.8,311.0,21.124779,79.11585
MH-NGP,2023-05-31,35.0,41.4,27.8,29,56,0.0,0.0,23.5,344,25.29,8.33,971.9,12.5,311.0,21.124779,79.11585
MH-NGP,2023-06-01,35.0,42.4,27.7,23,39,0.0,0.0,19.5,325,25.24,8.36,971.0,9.6,311.0,21.124779,79.11585
MH-NGP,2023-06-02,35.4,41.8,27.8,23,36,0.0,0.0,22.1,311,24.97,9.72,970.4,10.1,311.0,21.124779,79.11585
MH-NGP,2023-06-03,35.1,41.5,29.2,32,49,0.3,0.3,17.8,342,23.81,8.27,970.6,15.1,311.0,21.124779,79.11585
MH-NGP,2023-06-04,34.1,39.6,28.2,34,51,0.0,0.0,22.3,333,21.98,7.07,970.3,15.4,311.0,21.124779,79.11585
MH-NGP,2023-06-05,34.5,40.3,27.8,31,49,0.0,0.0,17.6,306,24.07,8.73,969.6,13.8,311.0,21.124779,79.11585
MH-NGP,2023-06-06,35.9,41.9,28.6,27,45,0.0,0.0,18.7,322,24.26,9.26,968.8,12.5,311.0,21.124779,79.11585
MH-NGP,2023-06-07,35.3,41.5,30.1,33,43,0.0,0.0,25.5,315,23.05,8.46,968.7,15.8,311.0,21.124779,79.11585
MH-NGP,2023-06-08,35.9,42.7,29.0,28,49,0.0,0.0,20.9,316,24.98,9.43,968.7,12.2,311.0,21.124779,79.11585
MH-NGP,2023-06-09,35.7,40.4,30.8,31,39,0.2,0.2,20.3,327,21.45,8.32,967.4,15.4,311.0,21.124779,79.11585
MH-NGP,2023-06-10,35.4,40.5,28.8,32,56,0.7,0.7,17.5,297,22.69,8.07,966.8,15.8,311.0,21.124779,79.11585
MH-NGP,2023-06-11,36.0,42.0,30.3,32,49,0.0,0.0,20.9,275,23.34,8.29,967.0,16.1,311.0,21.124779,79.11585
MH-NGP,2023-06-12,34.3,42.1,30.3,42,54,0.4,0.4,25.7,264,23.45,7.68,967.3,18.9,311.0,21.124779,79.11585
MH-NGP,2023-06-13,34.3,41.5,29.5,44,62,0.5,0.5,21.1,285,20.58,6.78,967.5,19.8,311.0,21.124779,79.11585
MH-NGP,2023-06-14,35.7,41.5,30.6,33,54,0.0,0.0,20.3,281,25.0,9.21,968.8,16.4,311.0,21.124779,79.11585
MH-NGP,2023-06-15,35.5,41.0,31.3,36,53,0.0,0.0,20.3,273,24.97,8.95,969.3,17.4,311.0,21.124779,79.11585
MH-NGP,2023-06-16,35.3,40.6,30.4,32,48,0.0,0.0,19.1,276,23.66,8.5,968.7,15.6,311.0,21.124779,79.11585
MH-NGP,2023-06-17,35.2,40.3,30.4,36,50,0.0,0.0,19.7,269,25.26,8.52,968.8,17.3,311.0,21.124779,79.11585
MH-NGP,2023-06-18,34.9,40.0,30.7,37,50,0.0,0.0,18.7,283,25.07,8.15,969.0,17.7,311.0,21.124779,79.11585
MH-NGP,2023-06-19,35.1,40.4,30.6,38,49,0.0,0.0,17.9,285,25.67,8.85,967.9,18.0,311.0,21.124779,79.11585
MH-NGP,2023-06-20,35.2,39.9,30.5,38,51,0.0,0.0,18.4,285,24.66,8.74,967.2,18.4,311.0,21.124779,79.11585
MH-NGP,2023-06-21,34.2,40.7,28.2,46,77,0.0,0.0,14.5,309,20.77,6.87,967.5,20.3,311.0,21.124779,79.11585
MH-NGP,2023-06-22,32.3,39.1,29.2,54,70,0.3,0.3,15.8,310,17.83,5.55,968.3,21.3,311.0,21.124779,79.11585
MH-NGP,2023-06-23,26.5,27.9,25.3,86,94,20.8,20.8,14.3,241,5.93,1.6,969.0,24.0,311.0,21.124779,79.11585
MH-NGP,2023-06-24,28.4,32.3,25.2,78,94,4.9,4.9,18.9,270,16.82,3.94,967.5,23.9,311.0,21.124779,79.11585
MH-NGP,2023-06-25,28.6,33.9,25.8,74,92,3.7,3.7,14.4,254,14.14,3.82,966.7,23.2,311.0,21.124779,79.11585
MH-NGP,2023-06-26,26.0,28.6,24.9,89,93,24.3,24.3,20.2,267,5.76,1.72,967.0,23.9,311.0,21.124779,79.11585
MH-NGP,2023-06-27,25.8,28.6,24.6,88,92,23.9,23.9,21.4,262,6.9,1.9,966.3,23.7,311.0,21.124779,79.11585
MH-NGP,2023-06-28,26.2,29.0,24.9,88,94,9.4,9.4,19.3,241,9.24,2.23,968.4,24.1,311.0,21.124779,79.11585
MH-NGP,2023-06-29,27.6,32.0,24.6,80,94,1.5,1.5,18.9,235,18.44,4.34,968.5,23.6,311.0,21.124779,79.11585
MH-NGP,2023-06-30,28.5,32.0,25.4,72,87,0.3,0.3,21.2,242,17.06,4.64,968.4,22.8,311.0,21.124779,79.11585
MH-NGP,2023-07-01,29.2,33.6,26.1,69,83,1.1,1.1,21.3,249,23.17,6.04,969.0,22.7,311.0,21.124779,79.11585
MH-NGP,2023-07-02,29.1,33.7,26.0,70,84,1.1,1.1,17.7,281,21.66,5.33,968.9,22.9,311.0,21.124779,79.11585
MH-NGP,2023-07-03,29.9,34.5,25.7,73,86,0.9,0.9,9.8,291,22.9,5.29,967.8,24.3,311.0,21.124779,79.11585
MH-NGP,2023-07-04,29.5,32.6,25.9,78,95,16.0,16.0,14.8,296,20.08,4.57,965.8,25.1,311.0,21.124779,79.11585
MH-NGP,2023-07-05,28.2,32.0,24.5,82,97,17.7,17.7,12.9,248,15.4,3.55,964.6,24.6,311.0,21.124779,79.11585
MH-NGP,2023-07-06,28.5,32.9,25.6,79,94,9.6,9.6,13.7,224,20.62,4.73,966.1,24.3,311.0,21.124779,79.11585
MH-NGP,2023-07-07,26.8,30.0,25.0,87,96,41.8,41.8,15.8,234,10.34,2.4,967.3,24.3,311.0,21.124779,79.11585
MH-NGP,2023-07-08,26.9,29.9,24.2,84,96,25.2,25.2,17.9,228,13.58,3.21,968.8,23.9,311.0,21.124779,79.11585
MH-NGP,2023-07-09,25.8,28.1,24.7,88,96,23.8,23.8,16.3,238,8.1,1.97,970.1,23.6,311.0,21.124779,79.11585
MH-NGP,2023-07-10,27.7,31.5,24.2,80,94,14.9,14.9,18.5,251,20.01,4.58,969.4,23.7,311.0,21.124779,79.11585
MH-NGP,2023-07-11,25.7,27.7,24.7,88,94,12.9,12.9,17.2,242,9.61,2.21,969.0,23.6,311.0,21.124779,79.11585
MH-NGP,2023-07-12,26.5,31.2,24.1,87,96,27.1,27.1,12.8,243,16.57,3.54,968.0,24.2,311.0,21.124779,79.11585
MH-NGP,2023-07-13,26.8,31.1,24.0,87,99,19.5,19.5,13.4,237,16.5,3.48,968.2,24.4,311.0,21.124779,79.11585
MH-NGP,2023-07-14,27.7,31.5,24.9,84,97,8.2,8.2,9.1,244,15.39,3.44,969.2,24.5,311.0,21.124779,79.11585
MH-NGP,2023-07-15,26.7,29.8,25.2,86,95,16.3,16.3,15.5,266,9.79,2.39,969.3,24.2,311.0,21.124779,79.11585
MH-NGP,2023-07-16,26.2,29.3,24.6,88,95,12.3,12.3,15.9,270,12.28,2.75,968.3,24.0,311.0,21.124779,79.11585
MH-NGP,2023-07-17,26.5,31.5,24.1,86,95,21.8,21.8,19.1,274,13.71,3.15,966.5,24.0,311.0,21.124779,79.11585
MH-NGP,2023-07-18,26.5,30.2,24.1,88,96,29.9,29.9,14.8,292,13.51,2.94,964.6,24.3,311.0,21.124779,79.11585
MH-NGP,2023-07-19,26.6,30.4,24.3,90,98,15.4,15.4,10.1,317,13.82,2.9,963.3,24.8,311.0,21.124779,79.11585
MH-NGP,2023-07-20,27.1,30.8,24.5,88,99,12.9,12.9,11.9,313,15.69,3.32,963.7,24.8,311.0,21.124779,79.11585
MH-NGP,2023-07-21,26.6,30.9,24.6,90,96,23.4,23.4,12.7,308,10.9,2.41,965.2,24.8,311.0,21.124779,79.11585
MH-NGP,2023-07-22,26.5,30.1,24.5,89,97,14.2,14.2,15.3,85,14.0,2.94,966.1,24.5,311.0,21.124779,79.11585
MH-NGP,2023-07-23,26.6,30.2,24.1,87,98,26.3,26.3,14.8,223,12.93,2.86,966.9,24.1,311.0,21.124779,79.11585
MH-NGP,2023-07-24,27.4,31.8,23.6,84,99,36.5,36.5,12.1,258,20.19,4.3,967.2,24.3,311.0,21.124779,79.11585
MH-NGP,2023-07-25,27.9,31.9,24.5,83,95,2.6,2.6,14.0,309,20.6,4.43,967.7,24.5,311.0,21.124779,79.11585
MH-NGP,2023-07-26,28.0,31.9,24.9,82,93,32.6,32.6,16.4,317,18.86,4.21,967.5,24.6,311.0,21.124779,79.11585
MH-NGP,2023-07-27,27.0,31.8,24.9,87,94,49.5,49.5,18.0,306,18.23,3.86,966.6,24.6,311.0,21.124779,79.11585
MH-NGP,2023-07-28,27.0,29.9,24.9,85,95,33.3,33.3,21.3,282,9.07,2.49,967.0,24.1,311.0,21.124779,79.11585
MH-NGP,2023-07-29,27.9,31.0,26.0,76,85,6.0,6.0,19.5,284,15.29,4.01,968.5,23.1,311.0,21.124779,79.11585
MH-NGP,2023-07-30,27.7,32.0,25.0,77,88,1.1,1.1,19.1,279,15.1,3.84,968.2,23.2,311.0,21.124779,79.11585
MH-NGP,2023-07-31,27.5,30.9,25.6,79,85,5.8,5.8,19.7,277,14.67,3.62,967.9,23.4,311.0,21.124779,79.11585
MH-NGP,2023-08-01,28.4,31.9,25.7,74,86,1.2,1.2,22.0,274,20.37,5.08,967.2,23.3,311.0,21.124779,79.11585
MH-NGP,2023-08-02,26.4,28.9,24.8,82,91,9.6,9.6,20.3,271,7.69,2.48,967.2,23.1,311.0,21.124779,79.11585
MH-NGP,2023-08-03,24.6,26.0,24.2,88,91,30.0,30.0,25.3,269,3.17,1.38,966.5,22.5,311.0,21.124779,79.11585
MH-NGP,2023-08-04,26.7,31.3,23.9,80,91,1.5,1.5,19.7,257,12.24,3.39,969.1,22.7,311.0,21.124779,79.11585
MH-NGP,2023-08-05,27.5,31.5,24.5,78,87,1.5,1.5,19.6,259,21.74,4.99,971.2,23.1,311.0,21.124779,79.11585
MH-NGP,2023-08-06,27.7,31.8,24.8,77,87,0.3,0.3,19.8,260,22.73,5.24,970.2,23.1,311.0,21.124779,79.11585
MH-NGP,2023-08-07,27.2,30.5,25.0,74,84,0.1,0.1,20.3,262,18.41,4.61,968.9,21.9,311.0,21.124779,79.11585
MH-NGP,2023-08-08,27.4,31.3,24.5,72,82,0.2,0.2,18.2,268,20.7,5.0,969.9,21.7,311.0,21.124779,79.11585
MH-NGP,2023-08-09,27.3,31.7,23.7,75,91,2.1,2.1,17.6,261,20.85,4.85,972.1,22.3,311.0,21.124779,79.11585
MH-NGP,2023-08-10,28.2,32.8,23.7,73,90,0.3,0.3,13.9,278,24.33,5.45,972.7,22.6,311.0,21.124779,79.11585
MH-NGP,2023-08-11,28.0,31.9,24.7,74,85,0.7,0.7,14.5,290,23.68,5.31,972.3,22.8,311.0,21.124779,79.11585
MH-NGP,2023-08-12,28.4,32.7,24.8,69,87,0.1,0.1,15.6,279,23.94,5.65,971.4,21.9,311.0,21.124779,79.11585
MH-NGP,2023-08-13,27.7,31.3,24.6,72,85,0.7,0.7,14.5,254,21.59,5.06,970.6,22.0,311.0,21.124779,79.11585
MH-NGP,2023-08-14,27.5,31.4,24.8,73,88,1.0,1.0,10.9,258,19.14,4.38,971.6,22.0,311.0,21.124779,79.11585
MH-NGP,2023-08-15,27.2,30.9,24.5,78,90,1.9,1.9,13.0,266,20.5,4.46,971.9,23.0,311.0,21.124779,79.11585
MH-NGP,2023-08-16,27.9,32.4,24.3,76,88,1.1,1.1,13.0,276,21.84,4.9,971.7,23.1,311.0,21.124779,79.11585
MH-NGP,2023-08-17,27.8,33.1,25.3,78,95,15.8,15.8,15.3,290,19.06,4.53,971.0,23.4,311.0,21.124779,79.11585
MH-NGP,2023-08-18,25.7,29.4,24.4,90,95,48.4,48.4,14.4,305,10.43,2.34,969.0,23.8,311.0,21.124779,79.11585
MH-NGP,2023-08-19,25.4,28.1,23.9,90,96,33.4,33.4,16.2,292,10.33,2.25,967.2,23.6,311.0,21.124779,79.11585
MH-NGP,2023-08-20,26.7,29.8,24.3,85,95,5.8,5.8,12.7,267,17.34,3.68,968.3,23.8,311.0,21.124779,79.11585
MH-NGP,2023-08-21,27.0,30.8,24.4,84,95,1.9,1.9,14.6,265,17.53,3.74,969.7,24.0,311.0,21.124779,79.11585
MH-NGP,2023-08-22,28.0,32.1,24.3,76,90,0.2,0.2,12.0,268,22.44,5.09,969.8,23.2,311.0,21.124779,79.11585
MH-NGP,2023-08-23,27.2,30.7,24.8,83,95,21.7,21.7,15.0,270,17.51,3.87,969.7,24.0,311.0,21.124779,79.11585
MH-NGP,2023-08-24,26.9,31.4,24.4,84,94,10.5,10.5,15.5,264,20.25,4.28,969.3,23.7,311.0,21.124779,79.11585
MH-NGP,2023-08-25,27.5,30.8,24.6,77,94,0.8,0.8,17.8,253,21.15,4.79,969.6,23.0,311.0,21.124779,79.11585
MH-NGP,2023-08-26,27.9,32.0,24.5,73,88,0.2,0.2,15.2,270,23.91,5.42,970.7,22.4,311.0,21.124779,79.11585
MH-NGP,2023-08-27,27.7,32.0,24.2,72,89,0.0,0.0,13.9,280,23.83,5.43,971.2,22.0,311.0,21.124779,79.11585
MH-NGP,2023-08-28,26.9,31.4,23.0,71,90,0.0,0.0,14.4,275,24.51,5.47,971.1,20.9,311.0,21.124779,79.11585
MH-NGP,2023-08-29,26.5,31.5,22.1,76,91,1.4,1.4,15.4,315,22.35,4.87,971.5,21.6,311.0,21.124779,79.11585
MH-NGP,2023-08-30,27.0,31.8,23.5,77,91,0.4,0.4,12.7,336,19.52,4.38,972.3,22.3,311.0,21.124779,79.11585
MH-NGP,2023-08-31,27.8,32.9,23.8,76,94,0.2,0.2,10.7,340,22.83,5.01,972.6,22.8,311.0,21.124779,79.11585
MH-NGP,2023-09-01,28.5,33.6,24.5,77,95,0.6,0.6,13.9,352,22.87,5.1,972.2,23.7,311.0,21.124779,79.11585
MH-NGP,2023-09-02,28.7,33.9,25.3,77,89,5.9,5.9,11.0,319,19.77,4.49,971.3,24.2,311.0,21.124779,79.11585
MH-NGP,2023-09-03,27.4,32.8,25.3,82,92,3.6,3.6,14.1,311,14.52,3.33,969.9,23.9,311.0,21.124779,79.11585
MH-NGP,2023-09-04,28.5,34.3,24.9,73,92,1.7,1.7,16.9,336,20.81,5.21,967.4,22.7,311.0,21.124779,79.11585
MH-NGP,2023-09-05,27.7,32.8,24.8,75,94,19.0,19.0,18.9,337,20.1,4.8,966.4,22.6,311.0,21.124779,79.11585
MH-NGP,2023-09-06,26.3,30.0,24.1,89,98,7.2,7.2,10.1,345,16.02,3.31,966.8,24.2,311.0,21.124779,79.11585
MH-NGP,2023-09-07,26.2,30.0,24.2,89,98,18.0,18.0,8.7,71,13.76,2.9,966.6,24.2,311.0,21.124779,79.11585
MH-NGP,2023-09-08,26.1,29.7,24.0,90,97,13.3,13.3,14.8,220,14.99,3.09,966.9,24.3,311.0,21.124779,79.11585
MH-NGP,2023-09-09,26.2,30.2,24.0,89,98,9.9,9.9,12.3,227,16.4,3.41,967.1,24.2,311.0,21.124779,79.11585
MH-NGP,2023-09-10,26.5,29.5,24.1,86,96,11.2,11.2,17.9,263,13.78,3.04,967.2,23.9,311.0,21.124779,79.11585
MH-NGP,2023-09-11,27.4,31.9,24.9,78,91,0.8,0.8,19.7,284,18.4,4.41,968.1,23.1,311.0,21.124779,79.11585
MH-NGP,2023-09-12,27.1,31.5,24.8,78,86,1.5,1.5,19.9,294,15.37,3.87,968.8,22.8,311.0,21.124779,79.11585
MH-NGP,2023-09-13,26.6,30.5,24.8,81,94,21.8,21.8,17.1,290,15.39,3.64,968.9,23.0,311.0,21.124779,79.11585
MH-NGP,2023-09-14,26.1,30.4,23.9,88,94,40.5,40.5,17.4,303,12.87,2.85,968.3,23.8,311.0,21.124779,79.11585
MH-NGP,2023-09-15,24.8,25.9,24.2,93,95,50.5,50.5,32.5,252,2.92,1.02,966.3,23.5,311.0,21.124779,79.11585
MH-NGP,2023-09-16,26.2,30.3,24.1,81,94,0.5,0.5,23.0,215,17.36,4.01,968.5,22.6,311.0,21.124779,79.11585
MH-NGP,2023-09-17,26.7,30.8,23.3,80,94,0.5,0.5,15.7,232,21.47,4.57,969.8,22.8,311.0,21.124779,79.11585
MH-NGP,2023-09-18,26.9,31.6,22.8,79,92,0.0,0.0,10.3,253,22.14,4.72,970.1,22.8,311.0,21.124779,79.11585
MH-NGP,2023-09-19,27.6,32.0,22.7,78,96,0.0,0.0,8.4,283,21.81,4.75,971.4,23.3,311.0,21.124779,79.11585
MH-NGP,2023-09-20,26.6,31.6,24.6,82,91,5.2,5.2,14.1,302,15.01,3.35,971.6,23.3,311.0,21.124779,79.11585
MH-NGP,2023-09-21,25.7,30.1,23.7,89,95,18.0,18.0,14.3,258,11.92,2.51,971.7,23.7,311.0,21.124779,79.11585
MH-NGP,2023-09-22,25.8,29.3,24.2,92,97,16.6,16.6,9.8,268,9.97,2.12,971.6,24.4,311.0,21.124779,79.11585
MH-NGP,2023-09-23,25.3,28.3,23.4,91,100,39.5,39.5,11.2,251,6.97,1.6,972.5,23.6,311.0,21.124779,79.11585
MH-NGP,2023-09-24,26.9,31.0,23.3,85,97,6.9,6.9,15.6,268,17.88,3.85,971.7,24.1,311.0,21.124779,79.11585
MH-NGP,2023-09-25,27.1,31.9,23.4,82,95,0.5,0.5,10.7,322,17.36,3.8,971.2,23.4,311.0,21.124779,79.11585
MH-NGP,2023-09-26,26.8,30.8,24.3,83,99,2.0,2.0,12.5,61,15.83,3.44,971.5,23.5,311.0,21.124779,79.11585
MH-NGP,2023-09-27,26.9,30.3,23.1,82,93,0.5,0.5,7.9,28,14.69,3.19,971.7,23.5,311.0,21.124779,79.11585
MH-NGP,2023-09-28,27.6,32.0,23.7,81,98,0.0,0.0,11.6,360,20.21,4.42,971.2,23.8,311.0,21.124779,79.11585
MH-NGP,2023-09-29,26.2,29.6,24.0,89,97,17.6,17.6,12.0,7,14.14,2.93,971.2,24.2,311.0,21.124779,79.11585
MH-NGP,2023-09-30,26.4,31.1,23.5,89,99,6.5,6.5,11.1,336,17.5,3.57,971.1,24.3,311.0,21.124779,79.11585
MH-NGP,2023-10-01,27.8,32.6,24.1,78,96,0.2,0.2,12.5,319,19.48,4.34,969.8,23.3,311.0,21.124779,79.11585
MH-NGP,2023-10-02,27.7,32.3,23.3,75,92,4.7,4.7,14.8,339,18.28,4.44,970.2,22.7,311.0,21.124779,79.11585
MH-NGP,2023-10-03,28.1,33.2,23.6,62,84,0.0,0.0,19.1,347,20.26,5.52,971.7,19.5,311.0,21.124779,79.11585
MH-NGP,2023-10-04,26.4,33.2,21.4,56,70,0.0,0.0,16.4,316,22.72,5.84,972.9,16.4,311.0,21.124779,79.11585
MH-NGP,2023-10-05,26.3,33.6,20.2,59,80,0.0,0.0,17.9,318,22.92,5.81,972.6,17.0,311.0,21.124779,79.11585
MH-NGP,2023-10-06,26.1,33.5,20.0,63,78,0.0,0.0,15.0,325,22.76,5.48,972.2,18.0,311.0,21.124779,79.11585
MH-NGP,2023-10-07,27.5,33.7,22.5,60,80,0.0,0.0,12.7,328,21.81,5.46,973.3,18.6,311.0,21.124779,79.11585
MH-NGP,2023-10-08,28.3,34.5,24.0,58,70,0.0,0.0,12.5,323,20.98,5.33,974.8,19.0,311.0,21.124779,79.11585
MH-NGP,2023-10-09,27.9,34.4,22.9,58,78,0.0,0.0,12.0,313,21.83,5.41,976.1,18.4,311.0,21.124779,79.11585
MH-NGP,2023-10-10,28.2,34.6,22.5,55,81,0.0,0.0,12.5,320,21.79,5.36,976.2,17.6,311.0,21.124779,79.11585
MH-NGP,2023-10-11,28.4,34.5,22.7,55,76,0.0,0.0,10.8,334,21.25,5.16,976.2,17.9,311.0,21.124779,79.11585
MH-NGP,2023-10-12,27.4,33.6,21.1,60,81,0.0,0.0,9.4,13,17.97,4.39,977.4,18.2,311.0,21.124779,79.11585
MH-NGP,2023-10-13,27.3,34.1,21.7,55,77,0.0,0.0,13.4,1,20.54,5.17,978.0,16.7,311.0,21.124779,79.11585
MH-NGP,2023-10-14,27.0,33.7,20.7,60,86,0.0,0.0,9.9,343,20.04,4.76,977.6,17.7,311.0,21.124779,79.11585
MH-NGP,2023-10-15,26.8,31.1,22.2,63,80,1.0,1.0,10.1,188,16.88,3.99,976.3,18.9,311.0,21.124779,79.11585
MH-NGP,2023-10-16,27.5,32.7,21.6,61,87,0.3,0.3,7.1,278,19.73,4.32,976.5,18.5,311.0,21.124779,79.11585
MH-NGP,2023-10-17,27.0,32.9,21.7,64,85,0.0,0.0,7.4,349,20.11,4.4,977.8,19.0,311.0,21.124779,79.11585
MH-NGP,2023-10-18,27.0,32.7,22.3,65,87,0.0,0.0,8.9,5,19.76,4.57,978.5,19.3,311.0,21.124779,79.11585
MH-NGP,2023-10-19,26.7,31.6,22.7,65,82,0.0,0.0,11.2,37,18.4,4.26,978.7,19.3,311.0,21.124779,79.11585
MH-NGP,2023-10-20,26.0,31.8,21.5,66,88,0.3,0.3,12.6,38,18.63,4.42,979.1,18.6,311.0,21.124779,79.11585
MH-NGP,2023-10-21,25.8,32.0,20.1,48,72,0.0,0.0,11.8,57,20.14,4.84,979.5,13.4,311.0,21.124779,79.11585
MH-NGP,2023-10-22,25.5,32.7,19.2,49,75,0.0,0.0,13.9,14,20.33,5.09,979.1,13.2,311.0,21.124779,79.11585
MH-NGP,2023-10-23,25.5,31.3,20.0,49,68,0.0,0.0,15.5,16,20.78,5.29,977.8,13.2,311.0,21.124779,79.11585
MH-NGP,2023-10-24,25.0,31.5,19.3,52,79,0.0,0.0,14.1,10,20.67,5.18,977.7,13.6,311.0,21.124779,79.11585
MH-NGP,2023-10-25,24.8,31.9,18.5,50,77,0.0,0.0,13.0,356,20.33,5.06,978.9,12.5,311.0,21.124779,79.11585
MH-NGP,2023-10-26,24.8,31.9,18.3,45,71,0.0,0.0,15.5,357,20.5,5.21,979.1,11.0,311.0,21.124779,79.11585
MH-NGP,2023-10-27,24.2,31.3,17.2,49,78,0.0,0.0,10.0,13,20.28,4.75,978.0,12.0,311.0,21.124779,79.11585
MH-NGP,2023-10-28,24.5,31.2,17.7,50,77,0.0,0.0,9.4,42,20.2,4.52,978.1,12.6,311.0,21.124779,79.11585
MH-NGP,2023-10-29,24.1,31.2,17.6,55,77,0.0,0.0,9.5,41,19.99,4.54,978.0,13.9,311.0,21.124779,79.11585
MH-NGP,2023-10-30,24.3,31.0,18.0,56,78,0.0,0.0,11.0,63,19.82,4.68,978.2,14.4,311.0,21.124779,79.11585
MH-NGP,2023-10-31,24.8,31.2,18.4,58,87,0.0,0.0,11.8,76,19.56,4.72,978.7,15.1,311.0,21.124779,79.11585
MH-NGP,2023-11-01,25.0,31.3,19.7,61,85,0.0,0.0,13.8,62,17.49,4.3,979.1,16.2,311.0,21.124779,79.11585
MH-NGP,2023-11-02,24.9,31.5,19.6,64,82,0.1,0.1,8.7,5,17.64,4.07,977.9,17.1,311.0,21.124779,79.11585
MH-NGP,2023-11-03,25.5,32.1,19.4,58,82,0.0,0.0,11.5,344,18.24,4.4,976.2,15.9,311.0,21.124779,79.11585
MH-NGP,2023-11-04,25.3,32.9,20.4,43,64,0.0,0.0,11.5,16,19.49,5.18,976.4,11.0,311.0,21.124779,79.11585
MH-NGP,2023-11-05,24.8,32.4,19.1,42,67,0.0,0.0,11.4,42,18.82,5.13,978.2,10.4,311.0,21.124779,79.11585
MH-NGP,2023-11-06,24.2,32.4,16.8,42,71,0.0,0.0,13.5,57,19.11,5.21,979.3,9.5,311.0,21.124779,79.11585
MH-NGP,2023-11-07,24.2,32.3,17.4,44,66,0.0,0.0,9.9,44,19.05,4.87,979.1,10.4,311.0,21.124779,79.11585
MH-NGP,2023-11-08,24.6,32.4,17.2,46,76,0.0,0.0,11.0,42,18.71,4.62,978.6,11.4,311.0,21.124779,79.11585
MH-NGP,2023-11-09,24.5,32.4,17.7,48,77,0.0,0.0,10.4,70,18.45,4.55,978.8,11.9,311.0,21.124779,79.11585
MH-NGP,2023-11-10,24.6,32.5,17.3,50,82,0.0,0.0,7.7,62,18.28,4.43,980.0,12.8,311.0,21.124779,79.11585
MH-NGP,2023-11-11,25.7,33.0,18.9,50,79,0.0,0.0,9.1,351,18.18,4.39,980.3,13.8,311.0,21.124779,79.11585
MH-NGP,2023-11-12,25.4,32.4,20.4,46,63,0.0,0.0,10.6,358,18.38,4.85,980.5,12.5,311.0,21.124779,79.11585
MH-NGP,2023-11-13,24.2,31.5,16.9,52,77,0.0,0.0,10.5,41,18.31,4.47,980.1,13.0,311.0,21.124779,79.11585
MH-NGP,2023-11-14,24.1,30.8,17.5,52,81,0.0,0.0,10.1,35,17.68,4.33,979.5,12.9,311.0,21.124779,79.11585
MH-NGP,2023-11-15,23.7,30.4,17.5,54,75,0.0,0.0,10.2,59,18.04,4.29,979.3,13.4,311.0,21.124779,79.11585
MH-NGP,2023-11-16,23.5,30.2,17.9,57,82,0.0,0.0,11.8,39,18.0,4.38,979.4,13.8,311.0,21.124779,79.11585
MH-NGP,2023-11-17,23.5,30.1,17.7,57,79,0.0,0.0,9.7,35,17.96,4.24,979.3,13.9,311.0,21.124779,79.11585
MH-NGP,2023-11-18,23.5,30.6,17.4,54,80,0.0,0.0,10.4,46,17.79,4.27,978.9,13.0,311.0,21.124779,79.11585
MH-NGP,2023-11-19,24.2,31.7,17.7,56,77,0.0,0.0,9.8,53,17.51,4.1,979.2,14.4,311.0,21.124779,79.11585
MH-NGP,2023-11-20,24.7,31.2,18.2,59,82,0.0,0.0,12.8,44,17.07,4.19,979.5,15.4,311.0,21.124779,79.11585
MH-NGP,2023-11-21,24.6,30.9,19.0,59,92,0.0,0.0,9.5,46,17.49,4.01,978.9,15.3,311.0,21.124779,79.11585
MH-NGP,2023-11-22,24.3,31.2,18.4,55,79,0.0,0.0,11.9,11,17.17,4.14,977.9,14.0,311.0,21.124779,79.11585
MH-NGP,2023-11-23,23.9,31.2,17.6,57,80,0.0,0.0,9.9,51,17.19,4.14,976.8,13.9,311.0,21.124779,79.11585
MH-NGP,2023-11-24,24.3,31.0,19.0,57,77,0.0,0.0,11.5,60,14.99,3.81,977.7,14.8,311.0,21.124779,79.11585
MH-NGP,2023-11-25,24.2,30.7,18.3,54,72,0.0,0.0,9.6,49,16.11,3.93,979.5,13.9,311.0,21.124779,79.11585
MH-NGP,2023-11-26,24.2,30.7,18.1,50,60,0.0,0.0,11.6,70,15.12,4.07,979.6,13.0,311.0,21.124779,79.11585
MH-NGP,2023-11-27,21.6,24.7,19.2,63,77,1.5,1.5,10.0,70,7.16,2.06,978.9,14.1,311.0,21.124779,79.11585
MH-NGP,2023-11-28,21.1,26.4,18.4,79,96,2.4,2.4,8.6,61,10.53,2.24,977.8,17.1,311.0,21.124779,79.11585
MH-NGP,2023-11-29,21.2,26.5,17.0,87,99,14.1,14.1,8.7,84,10.98,2.17,978.4,18.7,311.0,21.124779,79.11585
MH-NGP,2023-11-30,23.4,29.0,19.3,80,97,1.8,1.8,10.7,22,12.6,2.62,978.5,19.4,311.0,21.124779,79.11585
MH-NGP,2023-12-01,24.0,28.9,20.7,75,91,0.0,0.0,10.1,40,9.7,2.35,978.1,18.9,311.0,21.124779,79.11585
MH-NGP,2023-12-02,24.5,30.0,19.9,73,94,0.0,0.0,13.1,49,16.08,3.68,977.8,18.9,311.0,21.124779,79.11585
MH-NGP,2023-12-03,24.5,30.2,20.0,66,86,0.0,0.0,14.4,67,16.07,4.0,978.2,17.2,311.0,21.124779,79.11585
MH-NGP,2023-12-04,24.6,30.2,19.8,68,87,0.0,0.0,12.3,69,15.17,3.69,976.8,17.9,311.0,21.124779,79.11585
MH-NGP,2023-12-05,23.7,28.0,20.9,71,89,1.3,1.3,16.3,54,12.22,3.19,976.2,18.1,311.0,21.124779,79.11585
MH-NGP,2023-12-06,21.9,24.5,20.2,77,93,3.3,3.3,20.2,54,8.25,2.37,976.6,17.5,311.0,21.124779,79.11585
MH-NGP,2023-12-07,21.6,25.2,19.2,83,96,1.3,1.3,10.5,32,8.95,1.93,976.9,18.5,311.0,21.124779,79.11585
MH-NGP,2023-12-08,20.9,26.2,16.8,83,97,0.3,0.3,8.0,28,14.03,2.68,978.1,17.6,311.0,21.124779,79.11585
MH-NGP,2023-12-09,21.2,27.2,16.4,74,97,0.0,0.0,9.1,2,15.81,3.26,979.6,15.8,311.0,21.124779,79.11585
MH-NGP,2023-12-10,19.9,26.3,14.3,65,89,0.0,0.0,9.3,29,16.47,3.41,978.6,12.7,311.0,21.124779,79.11585
MH-NGP,2023-12-11,20.0,26.7,13.7,67,94,0.0,0.0,9.2,44,16.39,3.4,978.7,12.9,311.0,21.124779,79.11585
MH-NGP,2023-12-12,20.2,27.2,14.2,70,95,0.0,0.0,11.1,30,15.76,3.19,977.5,13.8,311.0,21.124779,79.11585
MH-NGP,2023-12-13,20.9,27.2,15.1,69,93,0.0,0.0,10.1,32,15.3,3.29,978.8,14.4,311.0,21.124779,79.11585
MH-NGP,2023-12-14,20.2,27.0,14.6,64,86,0.0,0.0,9.8,46,16.46,3.57,980.4,12.4,311.0,21.124779,79.11585
MH-NGP,2023-12-15,20.0,26.6,14.1,60,85,0.0,0.0,8.8,36,16.41,3.51,981.2,11.5,311.0,21.124779,79.11585
MH-NGP,2023-12-16,19.7,26.6,13.4,61,92,0.0,0.0,10.2,9,16.46,3.53,980.2,11.0,311.0,21.124779,79.11585
MH-NGP,2023-12-17,19.6,25.8,13.5,62,91,0.0,0.0,9.4,26,16.16,3.43,980.2,11.5,311.0,21.124779,79.11585
MH-NGP,2023-12-18,18.9,24.9,14.6,55,80,0.0,0.0,14.6,20,15.25,3.78,981.9,8.7,311.0,21.124779,79.11585
MH-NGP,2023-12-19,17.9,24.4,13.2,51,65,0.0,0.0,14.8,22,16.22,3.8,982.5,7.0,311.0,21.124779,79.11585
MH-NGP,2023-12-20,17.9,24.9,12.1,53,73,0.0,0.0,13.5,21,16.12,3.49,981.9,7.4,311.0,21.124779,79.11585
MH-NGP,2023-12-21,18.5,25.9,11.8,55,76,0.0,0.0,11.1,18,15.84,3.36,980.6,8.6,311.0,21.124779,79.11585
MH-NGP,2023-12-22,19.1,26.9,11.7,59,86,0.0,0.0,8.8,15,16.1,3.3,979.8,9.8,311.0,21.124779,79.11585
MH-NGP,2023-12-23,20.3,28.2,14.0,58,86,0.0,0.0,10.2,42,16.32,3.64,980.8,11.0,311.0,21.124779,79.11585
MH-NGP,2023-12-24,20.5,28.6,12.6,57,89,0.0,0.0,8.9,38,16.23,3.52,982.3,10.7,311.0,21.124779,79.11585
MH-NGP,2023-12-25,20.7,28.7,14.1,63,92,0.0,0.0,9.3,20,16.26,3.38,981.6,12.8,311.0,21.124779,79.11585
MH-NGP,2023-12-26,21.2,29.0,14.3,63,85,0.0,0.0,14.1,29,16.28,3.43,981.3,13.5,311.0,21.124779,79.11585
MH-NGP,2023-12-27,21.0,28.4,14.4,59,73,0.0,0.0,10.0,62,16.29,3.5,981.9,12.4,311.0,21.124779,79.11585
MH-NGP,2023-12-28,21.1,28.2,14.7,65,94,0.0,0.0,10.5,45,16.18,3.46,980.6,13.7,311.0,21.124779,79.11585
MH-NGP,2023-12-29,21.5,28.2,15.0,62,94,0.0,0.0,9.2,57,15.63,3.32,980.6,13.1,311.0,21.124779,79.11585
MH-NGP,2023-12-30,20.8,28.0,13.8,65,89,0.0,0.0,9.9,47,16.33,3.42,979.9,13.5,311.0,21.124779,79.11585
MH-NGP,2023-12-31,21.4,28.2,14.6,67,96,0.0,0.0,11.1,57,16.38,3.48,979.5,14.3,311.0,21.124779,79.11585
