site_id,date,temperature_2m_mean,temperature_2m_max,temperature_2m_min,relative_humidity_2m_mean,relative_humidity_2m_max,precipitation_sum,rain_sum,wind_speed_10m_max,wind_direction_10m_dominant,shortwave_radiation_sum,et0_fao_evapotranspiration,surface_pressure_mean,dew_point_2m_mean,elevation_m,lat,lon
MH-NSK,2020-12-01,24.1,29.8,18.4,67,93,0.0,0.0,11.1,61,16.48,3.71,949.9,17.0,584.0,19.999998,73.8
MH-NSK,2020-12-02,23.0,29.3,17.9,62,92,0.0,0.0,11.5,64,17.55,4.06,948.9,14.7,584.0,19.999998,73.8
MH-NSK,2020-12-03,21.8,29.3,16.1,60,85,0.0,0.0,11.5,75,17.73,4.03,948.0,13.0,584.0,19.999998,73.8
MH-NSK,2020-12-04,21.2,28.8,15.0,56,88,0.0,0.0,13.7,82,17.89,4.2,947.0,11.0,584.0,19.999998,73.8
MH-NSK,2020-12-05,20.8,28.7,13.8,50,80,0.0,0.0,11.9,77,17.99,4.28,947.4,9.0,584.0,19.999998,73.8
MH-NSK,2020-12-06,20.0,28.2,13.5,49,71,0.0,0.0,16.7,79,18.04,4.47,948.6,8.3,584.0,19.999998,73.8
MH-NSK,2020-12-07,19.9,28.4,12.7,55,84,0.0,0.0,14.3,77,17.85,4.2,950.1,9.7,584.0,19.999998,73.8
MH-NSK,2020-12-08,20.8,29.3,14.2,58,83,0.0,0.0,13.2,80,17.71,4.07,949.9,11.3,584.0,19.999998,73.8
MH-NSK,2020-12-09,21.9,29.1,15.5,57,77,0.0,0.0,10.5,88,17.22,3.94,948.7,12.5,584.0,19.999998,73.8
MH-NSK,2020-12-10,23.6,29.2,17.8,56,82,0.0,0.0,9.8,83,14.79,3.4,947.9,13.8,584.0,19.999998,73.8
MH-NSK,2020-12-11,22.2,26.9,18.6,77,97,0.5,0.5,12.5,288,8.18,1.99,948.1,17.8,584.0,19.999998,73.8
MH-NSK,2020-12-12,20.8,25.4,17.7,82,97,0.5,0.5,14.6,55,9.12,2.15,947.9,17.3,584.0,19.999998,73.8
MH-NSK,2020-12-13,20.6,25.6,17.7,82,96,0.3,0.3,7.6,54,9.18,1.94,946.9,17.2,584.0,19.999998,73.8
MH-NSK,2020-12-14,20.4,23.6,18.0,88,98,5.9,5.9,8.5,22,7.86,1.56,946.9,18.2,584.0,19.999998,73.8
MH-NSK,2020-12-15,20.9,27.0,16.4,82,100,0.1,0.1,12.2,344,13.46,2.8,948.4,17.2,584.0,19.999998,73.8
MH-NSK,2020-12-16,21.1,27.1,16.3,81,100,0.0,0.0,11.4,55,13.61,2.8,949.8,17.2,584.0,19.999998,73.8
MH-NSK,2020-12-17,20.9,26.8,16.8,77,98,0.0,0.0,11.9,71,15.63,3.05,950.2,16.4,584.0,19.999998,73.8
MH-NSK,2020-12-18,20.6,27.0,16.6,76,99,0.0,0.0,12.3,80,16.49,3.3,949.8,15.5,584.0,19.999998,73.8
MH-NSK,2020-12-19,20.1,26.7,15.4,73,99,0.0,0.0,13.1,76,17.08,3.45,950.4,14.6,584.0,19.999998,73.8
MH-NSK,2020-12-20,19.1,26.4,13.7,65,92,0.0,0.0,15.6,87,17.56,3.78,950.7,11.5,584.0,19.999998,73.8
MH-NSK,2020-12-21,17.9,25.8,11.7,56,91,0.0,0.0,13.3,86,17.94,3.89,949.3,7.8,584.0,19.999998,73.8
MH-NSK,2020-12-22,18.0,26.3,11.3,49,71,0.0,0.0,11.4,76,17.93,3.92,947.8,6.6,584.0,19.999998,73.8
MH-NSK,2020-12-23,18.4,26.4,10.7,52,76,0.0,0.0,9.2,50,17.71,3.51,946.4,7.6,584.0,19.999998,73.8
MH-NSK,2020-12-24,18.8,27.1,11.1,57,83,0.0,0.0,11.5,75,17.64,3.83,945.8,9.4,584.0,19.999998,73.8
MH-NSK,2020-12-25,19.9,27.6,13.7,59,81,0.0,0.0,15.0,82,17.31,4.01,947.1,11.0,584.0,19.999998,73.8
MH-NSK,2020-12-26,21.1,28.7,15.1,60,77,0.0,0.0,9.3,59,17.13,3.7,948.1,12.6,584.0,19.999998,73.8
MH-NSK,2020-12-27,21.0,29.2,15.3,67,90,0.0,0.0,14.7,322,16.97,3.81,947.6,14.0,584.0,19.999998,73.8
MH-NSK,2020-12-28,19.0,27.6,12.2,64,93,0.0,0.0,17.3,342,17.37,3.74,947.1,11.1,584.0,19.999998,73.8
MH-NSK,2020-12-29,19.1,27.3,12.3,66,85,0.0,0.0,12.2,59,17.29,3.45,946.7,12.2,584.0,19.999998,73.8
MH-NSK,2020-12-30,19.6,27.5,12.8,68,94,0.0,0.0,10.8,62,17.33,3.42,947.1,12.9,584.0,19.999998,73.8
MH-NSK,2020-12-31,20.6,28.1,14.5,71,96,0.0,0.0,14.7,95,16.98,3.63,947.6,14.4,584.0,19.999998,73.8
MH-NSK,2021-01-01,22.2,28.4,16.8,70,87,0.0,0.0,11.7,99,13.95,3.18,947.7,16.1,584.0,19.999998,73.8
MH-NSK,2021-01-02,22.0,28.1,17.7,77,96,0.6,0.6,8.4,185,14.33,2.99,947.8,17.4,584.0,19.999998,73.8
MH-NSK,2021-01-03,21.6,28.3,17.0,73,100,0.0,0.0,15.7,107,16.7,3.56,946.2,15.4,584.0,19.999998,73.8
MH-NSK,2021-01-04,21.1,26.4,17.3,77,90,1.4,1.4,13.5,112,11.07,2.47,946.2,16.7,584.0,19.999998,73.8
MH-NSK,2021-01-05,21.2,26.0,18.0,82,98,1.1,1.1,13.9,120,11.96,2.43,947.3,17.7,584.0,19.999998,73.8
MH-NSK,2021-01-06,21.5,26.9,17.5,79,98,0.5,0.5,10.7,77,14.13,2.85,947.2,17.5,584.0,19.999998,73.8
MH-NSK,2021-01-07,21.4,26.7,18.1,83,95,2.1,2.1,14.3,89,12.76,2.59,945.9,18.3,584.0,19.999998,73.8
MH-NSK,2021-01-08,22.0,26.4,19.4,86,98,5.3,5.3,9.1,104,10.58,2.15,945.1,19.4,584.0,19.999998,73.8
MH-NSK,2021-01-09,22.4,27.1,19.3,84,98,0.9,0.9,11.2,86,14.02,2.75,945.9,19.2,584.0,19.999998,73.8
MH-NSK,2021-01-10,22.6,28.7,19.0,83,98,1.0,1.0,13.0,78,15.84,3.15,946.9,19.3,584.0,19.999998,73.8
MH-NSK,2021-01-11,22.9,28.9,18.4,75,97,0.0,0.0,11.2,67,17.1,3.54,948.0,17.8,584.0,19.999998,73.8
MH-NSK,2021-01-12,22.7,29.3,17.0,71,95,0.0,0.0,11.5,55,16.56,3.64,948.7,16.5,584.0,19.999998,73.8
MH-NSK,2021-01-13,21.8,28.7,16.5,68,98,0.0,0.0,11.1,38,17.45,3.76,947.9,14.8,584.0,19.999998,73.8
MH-NSK,2021-01-14,21.2,29.4,14.3,65,92,0.0,0.0,16.1,16,18.0,3.85,946.7,13.5,584.0,19.999998,73.8
MH-NSK,2021-01-15,21.6,29.3,15.6,68,89,0.0,0.0,14.3,263,17.62,3.95,945.7,14.6,584.0,19.999998,73.8
MH-NSK,2021-01-16,22.1,29.6,16.1,68,92,0.0,0.0,12.9,210,17.71,3.93,944.8,15.1,584.0,19.999998,73.8
MH-NSK,2021-01-17,22.7,30.0,16.8,69,93,0.0,0.0,9.4,246,15.81,3.55,945.4,16.1,584.0,19.999998,73.8
MH-NSK,2021-01-18,23.4,30.1,18.9,60,82,0.0,0.0,13.6,280,15.13,3.7,947.1,14.9,584.0,19.999998,73.8
MH-NSK,2021-01-19,23.0,30.3,17.2,58,82,0.0,0.0,13.8,297,17.61,4.13,947.2,13.7,584.0,19.999998,73.8
MH-NSK,2021-01-20,21.8,29.8,15.7,56,84,0.0,0.0,12.5,291,18.82,4.39,947.7,11.7,584.0,19.999998,73.8
MH-NSK,2021-01-21,20.1,29.4,12.2,62,92,0.0,0.0,11.9,299,19.12,4.02,947.2,11.4,584.0,19.999998,73.8
MH-NSK,2021-01-22,21.1,29.3,14.2,66,91,0.0,0.0,10.3,18,19.01,3.93,947.0,13.5,584.0,19.999998,73.8
MH-NSK,2021-01-23,21.9,30.6,15.2,62,88,0.0,0.0,13.3,306,19.11,4.29,947.0,13.1,584.0,19.999998,73.8
MH-NSK,2021-01-24,21.0,29.8,14.6,60,88,0.0,0.0,13.6,294,19.31,4.43,947.7,11.8,584.0,19.999998,73.8
MH-NSK,2021-01-25,20.0,30.0,11.6,58,93,0.0,0.0,13.6,306,19.6,4.49,948.1,9.7,584.0,19.999998,73.8
MH-NSK,2021-01-26,20.0,29.4,12.3,58,89,0.0,0.0,15.1,315,19.35,4.46,947.5,10.2,584.0,19.999998,73.8
MH-NSK,2021-01-27,19.9,29.0,13.4,64,90,0.0,0.0,11.6,47,19.39,4.18,947.5,11.6,584.0,19.999998,73.8
MH-NSK,2021-01-28,20.2,29.4,12.7,61,93,0.0,0.0,14.4,339,19.62,4.41,947.7,10.9,584.0,19.999998,73.8
MH-NSK,2021-01-29,19.5,27.5,12.5,63,89,0.0,0.0,12.6,59,19.58,4.03,948.7,11.6,584.0,19.999998,73.8
MH-NSK,2021-01-30,19.7,27.6,13.3,55,71,0.0,0.0,11.9,69,19.77,4.23,948.6,9.8,584.0,19.999998,73.8
MH-NSK,2021-01-31,20.3,28.0,13.1,57,76,0.0,0.0,11.3,51,19.35,4.18,948.8,10.9,584.0,19.999998,73.8
MH-NSK,2021-02-01,21.0,28.5,13.8,56,85,0.0,0.0,12.9,66,19.34,4.35,950.8,11.3,584.0,19.999998,73.8
MH-NSK,2021-02-02,20.9,28.9,14.3,49,74,0.0,0.0,11.5,72,20.25,4.52,950.9,8.7,584.0,19.999998,73.8
MH-NSK,2021-02-03,21.0,28.5,13.6,44,65,0.0,0.0,13.5,88,18.6,4.51,949.3,7.6,584.0,19.999998,73.8
MH-NSK,2021-02-04,21.2,28.4,14.0,50,83,0.0,0.0,17.8,293,19.54,4.6,948.9,8.9,584.0,19.999998,73.8
MH-NSK,2021-02-05,20.6,27.7,14.7,52,76,0.0,0.0,14.6,335,19.56,4.49,948.5,9.7,584.0,19.999998,73.8
MH-NSK,2021-02-06,19.3,26.8,13.0,52,72,0.0,0.0,15.6,53,20.78,4.73,948.7,8.5,584.0,19.999998,73.8
MH-NSK,2021-02-07,18.9,27.2,12.8,48,69,0.0,0.0,14.5,76,21.15,4.71,949.7,6.7,584.0,19.999998,73.8
MH-NSK,2021-02-08,19.1,28.2,11.9,42,58,0.0,0.0,14.2,73,21.49,5.06,949.7,4.9,584.0,19.999998,73.8
MH-NSK,2021-02-09,19.7,29.0,11.4,42,63,0.0,0.0,11.4,46,21.68,4.81,948.4,5.2,584.0,19.999998,73.8
MH-NSK,2021-02-10,21.1,29.8,13.8,44,69,0.0,0.0,14.9,12,21.6,4.77,947.2,6.8,584.0,19.999998,73.8
MH-NSK,2021-02-11,21.3,29.8,13.5,46,78,0.0,0.0,9.4,28,21.37,4.64,946.4,7.9,584.0,19.999998,73.8
MH-NSK,2021-02-12,22.1,30.5,14.1,45,69,0.0,0.0,17.5,358,21.41,5.04,946.8,8.2,584.0,19.999998,73.8
MH-NSK,2021-02-13,22.9,30.6,14.8,46,76,0.0,0.0,18.6,296,21.11,5.13,947.9,9.8,584.0,19.999998,73.8
MH-NSK,2021-02-14,23.7,30.4,17.0,44,67,0.0,0.0,16.1,324,20.61,4.82,948.3,10.0,584.0,19.999998,73.8
MH-NSK,2021-02-15,23.2,29.8,17.0,50,75,0.0,0.0,13.5,312,18.49,4.66,947.3,11.3,584.0,19.999998,73.8
MH-NSK,2021-02-16,22.5,29.5,16.5,53,79,0.0,0.0,13.5,292,19.93,4.79,946.7,11.5,584.0,19.999998,73.8
MH-NSK,2021-02-17,22.2,28.5,16.3,54,80,0.0,0.0,10.4,34,19.08,4.27,946.9,11.8,584.0,19.999998,73.8
MH-NSK,2021-02-18,22.0,29.4,17.6,58,77,1.5,1.5,15.7,87,18.27,4.43,948.3,13.0,584.0,19.999998,73.8
MH-NSK,2021-02-19,21.0,26.4,16.2,59,88,0.1,0.1,20.5,94,19.18,4.47,950.1,12.2,584.0,19.999998,73.8
MH-NSK,2021-02-20,20.7,27.6,14.4,55,93,0.0,0.0,21.2,79,20.17,4.99,949.8,10.3,584.0,19.999998,73.8
MH-NSK,2021-02-21,21.8,28.7,15.9,50,67,0.0,0.0,20.3,93,21.66,5.4,949.8,10.4,584.0,19.999998,73.8
MH-NSK,2021-02-22,22.6,29.9,16.2,56,86,0.0,0.0,14.7,67,22.01,5.06,949.9,12.6,584.0,19.999998,73.8
MH-NSK,2021-02-23,23.6,30.8,17.2,46,66,0.0,0.0,9.1,37,22.4,5.19,948.5,10.4,584.0,19.999998,73.8
MH-NSK,2021-02-24,24.1,31.4,17.1,46,68,0.0,0.0,11.9,29,22.5,5.21,947.4,10.8,584.0,19.999998,73.8
MH-NSK,2021-02-25,24.7,32.1,16.9,47,78,0.0,0.0,13.5,314,21.93,5.54,947.7,11.6,584.0,19.999998,73.8
MH-NSK,2021-02-26,24.2,31.7,17.3,44,73,0.0,0.0,15.1,307,22.87,5.9,946.6,9.9,584.0,19.999998,73.8
MH-NSK,2021-02-27,24.3,31.9,16.3,43,70,0.0,0.0,13.8,335,21.73,5.85,946.0,10.1,584.0,19.999998,73.8
MH-NSK,2021-02-28,25.5,32.9,17.2,46,76,0.0,0.0,14.5,352,22.48,5.34,946.3,11.6,584.0,19.999998,73.8
MH-NSK,2021-03-01,26.0,33.1,19.7,43,70,0.0,0.0,12.7,1,21.92,5.61,948.7,11.4,584.0,19.999998,73.8
MH-NSK,2021-03-02,25.0,33.1,17.4,43,73,0.0,0.0,15.3,5,23.34,5.52,949.3,10.0,584.0,19.999998,73.8
MH-NSK,2021-03-03,24.9,33.1,16.5,36,61,0.0,0.0,11.5,22,23.77,5.76,948.0,7.6,584.0,19.999998,73.8
MH-NSK,2021-03-04,24.7,33.0,16.2,34,62,0.0,0.0,14.7,20,23.77,5.88,947.7,6.5,584.0,19.999998,73.8
MH-NSK,2021-03-05,25.6,33.4,17.4,33,61,0.0,0.0,13.6,31,23.82,5.6,948.5,7.3,584.0,19.999998,73.8
MH-NSK,2021-03-06,26.1,33.6,17.7,35,64,0.0,0.0,13.0,302,23.75,5.5,948.7,8.6,584.0,19.999998,73.8
MH-NSK,2021-03-07,25.4,33.1,18.5,33,70,0.0,0.0,16.3,293,23.99,6.54,947.8,6.3,584.0,19.999998,73.8
MH-NSK,2021-03-08,25.1,33.4,16.4,33,53,0.0,0.0,13.2,318,23.9,5.82,947.6,6.7,584.0,19.999998,73.8
MH-NSK,2021-03-09,25.6,33.5,17.5,37,65,0.0,0.0,14.3,4,23.07,5.81,948.1,8.6,584.0,19.999998,73.8
MH-NSK,2021-03-10,26.2,33.6,18.7,37,65,0.0,0.0,16.8,343,23.82,5.99,947.9,9.2,584.0,19.999998,73.8
MH-NSK,2021-03-11,25.7,32.5,18.2,41,69,0.0,0.0,18.1,298,19.84,5.42,947.7,10.3,584.0,19.999998,73.8
MH-NSK,2021-03-12,25.5,33.5,17.6,34,59,0.0,0.0,18.2,313,22.96,6.03,948.8,7.2,584.0,19.999998,73.8
MH-NSK,2021-03-13,25.7,33.3,18.5,37,55,0.0,0.0,17.0,52,23.95,6.22,949.3,8.7,584.0,19.999998,73.8
MH-NSK,2021-03-14,26.8,33.8,18.5,33,53,0.0,0.0,13.5,1,21.6,6.07,947.2,8.4,584.0,19.999998,73.8
MH-NSK,2021-03-15,26.9,33.8,19.1,37,66,0.0,0.0,16.6,323,21.37,5.96,946.6,9.6,584.0,19.999998,73.8
MH-NSK,2021-03-16,27.2,34.3,20.3,31,49,0.0,0.0,15.6,317,23.67,6.49,946.8,7.5,584.0,19.999998,73.8
MH-NSK,2021-03-17,27.6,34.4,20.7,30,57,0.0,0.0,18.0,334,21.5,6.12,945.9,7.5,584.0,19.999998,73.8
MH-NSK,2021-03-18,27.9,34.6,20.6,30,60,0.0,0.0,16.9,309,20.12,6.29,945.9,7.8,584.0,19.999998,73.8
MH-NSK,2021-03-19,26.6,33.3,20.3,33,55,0.0,0.0,14.8,290,22.45,6.24,946.3,8.3,584.0,19.999998,73.8
MH-NSK,2021-03-20,26.1,33.8,18.4,37,59,0.0,0.0,15.3,202,22.57,6.08,945.1,9.1,584.0,19.999998,73.8
MH-NSK,2021-03-21,26.1,34.0,19.0,45,83,0.0,0.0,14.5,255,22.38,5.87,944.8,11.1,584.0,19.999998,73.8
MH-NSK,2021-03-22,26.0,33.6,18.1,40,71,0.0,0.0,9.0,251,22.75,5.52,946.8,9.9,584.0,19.999998,73.8
MH-NSK,2021-03-23,26.4,33.6,20.1,45,77,0.0,0.0,18.0,106,21.61,5.68,948.0,12.6,584.0,19.999998,73.8
MH-NSK,2021-03-24,27.2,34.0,19.7,41,71,0.0,0.0,10.2,47,21.37,5.29,948.2,11.3,584.0,19.999998,73.8
MH-NSK,2021-03-25,27.2,34.9,18.9,28,50,0.0,0.0,14.6,3,25.57,6.91,947.4,4.9,584.0,19.999998,73.8
MH-NSK,2021-03-26,27.3,35.6,17.8,22,40,0.0,0.0,17.2,25,25.78,6.8,946.8,3.0,584.0,19.999998,73.8
MH-NSK,2021-03-27,28.5,36.2,21.2,20,32,0.0,0.0,16.3,33,25.86,6.93,946.1,2.5,584.0,19.999998,73.8
MH-NSK,2021-03-28,29.0,37.0,21.1,23,37,0.0,0.0,18.1,339,26.02,6.6,945.2,4.4,584.0,19.999998,73.8
MH-NSK,2021-03-29,28.6,37.7,19.3,28,50,0.0,0.0,20.1,287,26.11,7.03,944.6,6.6,584.0,19.999998,73.8
MH-NSK,2021-03-30,27.6,35.5,20.8,27,49,0.0,0.0,22.5,276,26.33,8.12,944.3,5.3,584.0,19.999998,73.8
MH-NSK,2021-03-31,27.2,35.9,19.8,35,58,0.0,0.0,17.1,279,26.04,7.44,943.3,9.7,584.0,19.999998,73.8
MH-NSK,2021-04-01,27.1,35.3,20.3,42,73,0.0,0.0,16.1,270,26.2,7.35,943.0,11.5,584.0,19.999998,73.8
MH-NSK,2021-04-02,26.5,35.2,18.7,52,94,0.0,0.0,16.5,270,26.47,6.47,943.4,12.6,584.0,19.999998,73.8
MH-NSK,2021-04-03,27.4,36.0,19.7,58,96,0.0,0.0,19.4,275,25.47,6.31,944.2,15.8,584.0,19.999998,73.8
MH-NSK,2021-04-04,27.6,36.2,20.2,54,92,0.0,0.0,22.3,294,25.85,6.67,946.3,14.7,584.0,19.999998,73.8
MH-NSK,2021-04-05,28.5,37.1,20.5,48,87,0.0,0.0,20.7,311,26.22,6.96,946.5,13.5,584.0,19.999998,73.8
MH-NSK,2021-04-06,29.7,37.9,21.9,32,60,0.0,0.0,18.8,294,26.07,7.46,946.2,9.4,584.0,19.999998,73.8
MH-NSK,2021-04-07,29.6,37.7,20.9,28,44,0.0,0.0,17.3,296,26.27,7.74,946.5,7.7,584.0,19.999998,73.8
MH-NSK,2021-04-08,28.9,36.7,21.0,32,55,0.0,0.0,19.3,279,23.68,6.89,945.1,9.0,584.0,19.999998,73.8
MH-NSK,2021-04-09,28.8,36.7,20.6,41,86,0.0,0.0,18.2,277,25.33,7.02,944.9,10.9,584.0,19.999998,73.8
MH-NSK,2021-04-10,29.5,37.5,21.0,29,52,0.0,0.0,17.7,275,26.1,6.99,945.9,7.0,584.0,19.999998,73.8
MH-NSK,2021-04-11,29.7,36.4,23.6,37,65,0.0,0.0,15.0,249,22.22,6.08,947.4,11.7,584.0,19.999998,73.8
MH-NSK,2021-04-12,29.7,36.4,22.5,34,65,0.0,0.0,17.8,307,23.26,6.31,948.1,10.3,584.0,19.999998,73.8
MH-NSK,2021-04-13,29.4,35.6,23.4,30,52,0.0,0.0,17.2,309,17.87,5.5,947.5,8.5,584.0,19.999998,73.8
MH-NSK,2021-04-14,27.8,34.0,22.2,35,66,0.1,0.1,18.3,309,20.83,5.65,947.2,9.8,584.0,19.999998,73.8
MH-NSK,2021-04-15,27.7,35.5,21.2,33,49,0.0,0.0,25.1,314,24.33,6.88,946.4,8.7,584.0,19.999998,73.8
MH-NSK,2021-04-16,28.4,36.0,21.9,31,48,0.0,0.0,19.5,297,25.7,7.66,946.2,8.4,584.0,19.999998,73.8
MH-NSK,2021-04-17,28.4,35.9,19.7,35,57,0.0,0.0,19.6,301,21.78,6.77,947.0,9.9,584.0,19.999998,73.8
MH-NSK,2021-04-18,29.5,37.0,21.0,33,59,0.0,0.0,16.3,319,22.98,6.9,947.5,9.7,584.0,19.999998,73.8
MH-NSK,2021-04-19,29.2,36.1,21.4,35,58,0.0,0.0,17.2,285,24.1,7.38,946.0,10.9,584.0,19.999998,73.8
MH-NSK,2021-04-20,28.2,35.0,21.8,41,81,0.0,0.0,17.7,275,25.38,7.68,945.1,11.8,584.0,19.999998,73.8
MH-NSK,2021-04-21,27.4,34.2,21.4,48,82,0.0,0.0,16.8,286,22.55,6.58,946.4,14.0,584.0,19.999998,73.8
MH-NSK,2021-04-22,28.2,36.3,20.9,40,78,0.0,0.0,15.2,297,23.99,6.09,946.7,10.1,584.0,19.999998,73.8
MH-NSK,2021-04-23,28.5,36.0,22.6,31,48,0.0,0.0,17.6,285,25.7,7.4,946.5,7.8,584.0,19.999998,73.8
MH-NSK,2021-04-24,28.2,37.0,18.8,37,61,0.0,0.0,19.0,293,26.41,7.29,945.9,10.2,584.0,19.999998,73.8
MH-NSK,2021-04-25,30.2,37.9,22.4,32,52,0.0,0.0,24.4,324,23.25,7.27,945.5,10.5,584.0,19.999998,73.8
MH-NSK,2021-04-26,30.6,36.2,23.4,31,61,0.0,0.0,16.1,309,23.49,7.43,945.2,10.2,584.0,19.999998,73.8
MH-NSK,2021-04-27,29.4,36.7,22.0,41,86,0.0,0.0,17.3,291,22.46,6.57,945.8,12.7,584.0,19.999998,73.8
MH-NSK,2021-04-28,29.4,36.2,22.4,39,65,0.0,0.0,18.9,294,22.76,6.78,946.8,12.3,584.0,19.999998,73.8
MH-NSK,2021-04-29,29.2,38.1,22.7,44,76,1.0,1.0,23.7,305,21.47,6.08,946.3,13.9,584.0,19.999998,73.8
MH-NSK,2021-04-30,29.1,37.2,23.0,48,87,0.7,0.7,26.9,289,21.52,5.89,945.5,15.6,584.0,19.999998,73.8
MH-NSK,2021-05-01,28.7,33.3,24.0,47,69,0.7,0.7,18.1,334,20.39,5.43,945.1,15.4,584.0,19.999998,73.8
MH-NSK,2021-05-02,28.7,34.8,23.0,45,67,0.0,0.0,14.0,272,20.7,5.21,945.5,14.7,584.0,19.999998,73.8
MH-NSK,2021-05-03,28.9,35.6,21.3,49,88,0.0,0.0,13.0,318,23.67,6.17,945.0,15.1,584.0,19.999998,73.8
MH-NSK,2021-05-04,29.4,36.4,21.8,43,79,0.0,0.0,18.4,300,23.48,6.9,944.5,13.5,584.0,19.999998,73.8
MH-NSK,2021-05-05,29.8,35.8,23.0,37,53,0.0,0.0,14.4,298,22.28,6.81,944.6,12.8,584.0,19.999998,73.8
MH-NSK,2021-05-06,29.9,35.8,23.0,39,62,0.0,0.0,14.7,263,20.6,6.41,944.9,13.8,584.0,19.999998,73.8
MH-NSK,2021-05-07,30.3,37.6,24.2,45,82,0.0,0.0,20.3,281,23.86,6.77,945.8,15.0,584.0,19.999998,73.8
MH-NSK,2021-05-08,30.6,37.6,23.6,40,63,0.0,0.0,14.8,278,24.04,6.91,944.9,14.2,584.0,19.999998,73.8
MH-NSK,2021-05-09,30.0,36.1,24.2,52,87,0.0,0.0,15.5,257,22.76,6.66,944.0,17.6,584.0,19.999998,73.8
MH-NSK,2021-05-10,29.5,37.4,23.0,48,82,0.0,0.0,18.0,270,26.77,7.6,943.6,15.2,584.0,19.999998,73.8
MH-NSK,2021-05-11,28.4,35.8,22.5,49,85,0.0,0.0,19.1,276,26.27,7.47,944.0,15.1,584.0,19.999998,73.8
MH-NSK,2021-05-12,28.0,36.3,22.0,57,91,0.0,0.0,19.8,264,27.13,7.34,942.6,16.8,584.0,19.999998,73.8
MH-NSK,2021-05-13,27.7,35.1,21.6,58,91,0.0,0.0,15.8,263,25.92,6.73,942.0,17.2,584.0,19.999998,73.8
MH-NSK,2021-05-14,29.4,37.5,21.8,50,90,0.0,0.0,21.3,281,25.78,6.49,940.7,15.0,584.0,19.999998,73.8
MH-NSK,2021-05-15,31.7,37.7,26.8,42,66,0.1,0.1,24.4,53,17.11,6.3,939.3,16.4,584.0,19.999998,73.8
MH-NSK,2021-05-16,28.8,33.4,24.9,60,85,4.6,4.6,28.5,96,13.05,5.42,938.3,19.9,584.0,19.999998,73.8
MH-NSK,2021-05-17,25.0,28.8,23.1,76,88,17.6,17.6,39.7,127,8.01,3.36,937.0,20.4,584.0,19.999998,73.8
MH-NSK,2021-05-18,24.9,27.9,22.9,82,91,10.9,10.9,35.9,200,13.6,3.38,938.8,21.5,584.0,19.999998,73.8
MH-NSK,2021-05-19,24.7,28.4,22.3,82,95,14.5,14.5,28.2,237,16.19,3.64,940.5,21.3,584.0,19.999998,73.8
MH-NSK,2021-05-20,26.0,30.9,22.3,73,97,0.2,0.2,18.6,267,22.27,5.25,943.0,20.2,584.0,19.999998,73.8
MH-NSK,2021-05-21,26.6,33.6,21.3,68,97,0.0,0.0,15.2,262,24.52,5.95,943.8,18.7,584.0,19.999998,73.8
MH-NSK,2021-05-22,26.2,31.8,22.2,72,92,0.1,0.1,14.6,267,20.15,4.96,943.5,20.1,584.0,19.999998,73.8
MH-NSK,2021-05-23,26.5,31.5,22.6,72,92,0.1,0.1,15.9,274,18.89,4.71,944.5,20.4,584.0,19.999998,73.8
MH-NSK,2021-05-24,26.9,32.9,22.1,69,96,0.0,0.0,20.5,293,23.73,5.9,945.1,20.2,584.0,19.999998,73.8
MH-NSK,2021-05-25,27.1,33.3,22.2,68,93,0.0,0.0,19.3,281,22.79,5.84,943.3,20.1,584.0,19.999998,73.8
MH-NSK,2021-05-26,26.9,34.1,22.5,65,90,0.0,0.0,22.7,260,25.98,6.92,942.0,18.5,584.0,19.999998,73.8
MH-NSK,2021-05-27,26.6,31.7,22.9,72,89,0.4,0.4,22.9,257,18.31,5.09,942.3,20.7,584.0,19.999998,73.8
MH-NSK,2021-05-28,27.1,33.1,22.9,73,92,0.9,0.9,21.1,252,20.62,5.28,942.9,21.4,584.0,19.999998,73.8
MH-NSK,2021-05-29,27.8,35.0,23.1,71,93,0.5,0.5,18.8,259,23.64,5.86,944.0,21.4,584.0,19.999998,73.8
MH-NSK,2021-05-30,27.0,34.2,23.5,76,94,5.8,5.8,16.2,252,21.61,5.08,944.0,21.8,584.0,19.999998,73.8
MH-NSK,2021-05-31,27.4,33.6,23.8,74,93,0.8,0.8,16.3,244,21.03,5.18,942.1,21.9,584.0,19.999998,73.8
MH-NSK,2021-06-01,27.1,34.0,23.6,76,96,2.6,2.6,15.4,243,20.73,4.87,942.5,22.1,584.0,19.999998,73.8
MH-NSK,2021-06-02,27.2,33.0,22.9,76,97,7.3,7.3,11.1,254,20.06,4.63,943.3,22.1,584.0,19.999998,73.8
MH-NSK,2021-06-03,27.6,35.2,23.0,73,97,1.1,1.1,19.6,249,23.77,5.45,944.0,21.5,584.0,19.999998,73.8
MH-NSK,2021-06-04,26.8,32.2,22.7,75,98,1.1,1.1,13.3,247,21.36,4.8,944.7,21.6,584.0,19.999998,73.8
MH-NSK,2021-06-05,25.4,28.6,23.3,80,94,2.3,2.3,10.8,235,9.46,2.37,943.7,21.6,584.0,19.999998,73.8
MH-NSK,2021-06-06,25.7,30.9,23.0,77,95,2.3,2.3,12.4,246,18.37,4.21,943.8,21.0,584.0,19.999998,73.8
MH-NSK,2021-06-07,25.2,29.9,22.3,80,97,3.0,3.0,19.4,242,20.67,4.52,944.0,21.2,584.0,19.999998,73.8
MH-NSK,2021-06-08,25.4,29.0,22.5,81,95,3.5,3.5,19.3,248,20.14,4.4,942.9,21.7,584.0,19.999998,73.8
MH-NSK,2021-06-09,24.9,28.3,22.9,84,95,2.8,2.8,23.9,250,17.81,3.85,941.6,21.8,584.0,19.999998,73.8
MH-NSK,2021-06-10,24.0,27.2,22.6,88,95,17.4,17.4,23.1,244,13.7,2.84,940.8,21.8,584.0,19.999998,73.8
MH-NSK,2021-06-11,25.0,28.5,22.9,84,96,2.5,2.5,29.2,241,21.03,4.32,940.1,21.9,584.0,19.999998,73.8
MH-NSK,2021-06-12,25.9,30.8,23.1,81,95,2.1,2.1,21.4,250,20.65,4.59,940.0,22.1,584.0,19.999998,73.8
MH-NSK,2021-06-13,26.1,30.2,23.6,80,94,1.9,1.9,21.4,254,20.23,4.68,940.1,22.1,584.0,19.999998,73.8
MH-NSK,2021-06-14,26.2,30.6,23.4,78,94,1.2,1.2,21.8,251,20.4,4.78,939.1,21.8,584.0,19.999998,73.8
MH-NSK,2021-06-15,25.0,27.9,23.1,83,94,1.8,1.8,23.7,240,16.55,3.69,937.9,21.8,584.0,19.999998,73.8
MH-NSK,2021-06-16,24.7,27.4,22.9,85,94,2.8,2.8,27.8,232,18.15,3.73,938.3,21.9,584.0,19.999998,73.8
MH-NSK,2021-06-17,23.5,25.0,22.4,88,95,1.4,1.4,26.2,226,8.99,2.07,939.4,21.4,584.0,19.999998,73.8
MH-NSK,2021-06-18,23.5,27.4,21.3,86,95,3.6,3.6,28.2,233,16.52,3.36,940.1,21.0,584.0,19.999998,73.8
MH-NSK,2021-06-19,23.4,27.0,21.5,85,96,2.1,2.1,29.5,233,18.66,3.74,941.7,20.6,584.0,19.999998,73.8
MH-NSK,2021-06-20,23.7,27.7,21.8,86,96,5.2,5.2,31.7,239,19.86,3.83,942.7,21.1,584.0,19.999998,73.8
MH-NSK,2021-06-21,24.5,28.2,21.8,81,96,1.5,1.5,25.5,249,20.8,4.39,943.5,20.8,584.0,19.999998,73.8
MH-NSK,2021-06-22,24.6,27.3,22.6,83,96,3.1,3.1,22.0,257,18.53,3.91,943.4,21.5,584.0,19.999998,73.8
MH-NSK,2021-06-23,24.9,28.2,22.6,81,96,2.5,2.5,20.3,254,18.75,4.12,943.1,21.3,584.0,19.999998,73.8
MH-NSK,2021-06-24,23.2,25.0,22.4,91,96,9.8,9.8,24.0,244,5.74,1.48,943.0,21.6,584.0,19.999998,73.8
MH-NSK,2021-06-25,23.8,26.8,22.1,88,96,9.5,9.5,20.3,250,13.35,2.79,942.1,21.6,584.0,19.999998,73.8
MH-NSK,2021-06-26,24.2,27.3,22.2,83,97,0.7,0.7,20.6,259,12.04,2.87,942.3,21.0,584.0,19.999998,73.8
MH-NSK,2021-06-27,23.8,26.5,22.3,86,96,3.5,3.5,17.2,275,9.63,2.28,944.0,21.3,584.0,19.999998,73.8
MH-NSK,2021-06-28,23.6,26.5,22.3,92,98,7.5,7.5,12.1,274,9.42,1.97,943.1,22.1,584.0,19.999998,73.8
MH-NSK,2021-06-29,25.0,29.4,21.9,85,99,6.7,6.7,12.9,251,19.59,4.05,942.8,22.2,584.0,19.999998,73.8
MH-NSK,2021-06-30,25.2,29.0,22.6,83,97,0.8,0.8,20.2,250,18.94,4.06,942.7,22.0,584.0,19.999998,73.8
MH-NSK,2021-07-01,25.2,29.0,23.0,79,94,0.1,0.1,23.4,246,19.53,4.42,941.1,21.2,584.0,19.999998,73.8
MH-NSK,2021-07-02,25.1,28.8,22.5,78,93,0.1,0.1,26.7,241,20.78,4.72,941.5,20.8,584.0,19.999998,73.8
MH-NSK,2021-07-03,25.3,29.3,22.4,79,95,1.2,1.2,20.5,242,19.56,4.49,942.7,21.0,584.0,19.999998,73.8
MH-NSK,2021-07-04,25.6,30.2,22.4,77,96,1.8,1.8,18.2,259,19.15,4.44,943.4,21.0,584.0,19.999998,73.8
MH-NSK,2021-07-05,26.1,30.6,22.1,74,97,0.3,0.3,15.4,270,22.28,5.08,943.3,20.6,584.0,19.999998,73.8
MH-NSK,2021-07-06,26.4,31.0,21.9,73,95,0.7,0.7,13.0,268,20.87,4.84,942.3,20.7,584.0,19.999998,73.8
MH-NSK,2021-07-07,26.1,31.0,22.7,77,92,6.5,6.5,16.3,270,20.11,4.57,942.2,21.5,584.0,19.999998,73.8
MH-NSK,2021-07-08,25.5,30.2,23.0,79,93,1.1,1.1,19.3,257,16.28,3.9,941.8,21.4,584.0,19.999998,73.8
MH-NSK,2021-07-09,25.3,28.5,22.9,81,96,2.6,2.6,15.5,267,16.07,3.67,940.1,21.7,584.0,19.999998,73.8
MH-NSK,2021-07-10,24.8,29.5,22.7,86,97,7.3,7.3,13.1,262,15.77,3.36,938.9,22.2,584.0,19.999998,73.8
MH-NSK,2021-07-11,25.1,29.4,22.7,86,97,7.9,7.9,13.0,264,14.62,3.16,938.0,22.5,584.0,19.999998,73.8
MH-NSK,2021-07-12,24.7,29.3,22.6,88,98,7.9,7.9,18.7,202,15.47,3.24,936.6,22.5,584.0,19.999998,73.8
MH-NSK,2021-07-13,24.3,27.9,22.8,89,96,9.9,9.9,21.4,234,14.77,3.03,937.5,22.3,584.0,19.999998,73.8
MH-NSK,2021-07-14,24.0,27.2,22.4,90,97,6.4,6.4,20.1,236,14.49,2.88,938.4,22.2,584.0,19.999998,73.8
MH-NSK,2021-07-15,24.1,27.3,22.3,90,98,18.6,18.6,15.5,226,10.7,2.3,937.5,22.4,584.0,19.999998,73.8
MH-NSK,2021-07-16,24.4,28.4,22.6,88,97,6.4,6.4,28.8,223,15.6,3.12,940.0,22.3,584.0,19.999998,73.8
MH-NSK,2021-07-17,25.0,29.2,22.4,86,96,3.7,3.7,16.8,233,18.76,3.88,941.8,22.4,584.0,19.999998,73.8
MH-NSK,2021-07-18,23.8,26.0,23.0,92,96,50.9,50.9,23.2,256,8.67,1.84,940.2,22.5,584.0,19.999998,73.8
MH-NSK,2021-07-19,24.0,26.3,22.6,89,96,21.2,21.2,22.3,261,12.43,2.58,939.5,22.1,584.0,19.999998,73.8
MH-NSK,2021-07-20,24.0,26.6,22.6,88,95,8.5,8.5,26.8,253,16.1,3.16,941.2,21.9,584.0,19.999998,73.8
MH-NSK,2021-07-21,23.9,26.4,22.5,90,96,12.5,12.5,29.5,255,13.15,2.63,939.7,22.1,584.0,19.999998,73.8
MH-NSK,2021-07-22,23.7,24.9,23.2,91,94,5.4,5.4,24.9,264,6.37,1.62,937.4,22.2,584.0,19.999998,73.8
MH-NSK,2021-07-23,23.0,23.6,22.1,93,96,12.0,12.0,24.3,244,7.96,1.61,937.3,21.9,584.0,19.999998,73.8
MH-NSK,2021-07-24,23.5,26.0,21.8,90,95,3.0,3.0,29.5,256,10.81,2.28,939.0,21.7,584.0,19.999998,73.8
MH-NSK,2021-07-25,23.6,25.1,22.6,90,96,4.4,4.4,28.6,252,10.83,2.29,939.6,21.8,584.0,19.999998,73.8
MH-NSK,2021-07-26,23.6,25.6,22.5,88,96,8.5,8.5,32.5,249,16.96,3.17,939.9,21.6,584.0,19.999998,73.8
MH-NSK,2021-07-27,23.3,25.5,21.8,88,95,7.6,7.6,30.6,243,16.46,3.14,939.6,21.1,584.0,19.999998,73.8
MH-NSK,2021-07-28,23.3,25.9,22.1,90,95,9.5,9.5,28.3,242,15.84,2.94,940.1,21.6,584.0,19.999998,73.8
MH-NSK,2021-07-29,23.2,25.0,22.3,90,94,11.5,11.5,31.1,246,10.27,2.22,940.9,21.4,584.0,19.999998,73.8
MH-NSK,2021-07-30,23.4,25.6,22.0,87,94,5.8,5.8,34.8,251,13.92,2.91,941.5,21.2,584.0,19.999998,73.8
MH-NSK,2021-07-31,23.9,26.3,22.4,84,92,3.3,3.3,35.9,258,19.33,3.86,942.3,21.0,584.0,19.999998,73.8
MH-NSK,2021-08-01,23.6,25.9,22.3,84,91,1.1,1.1,36.5,258,17.46,3.65,941.1,20.7,584.0,19.999998,73.8
MH-NSK,2021-08-02,23.6,26.2,22.1,84,93,1.4,1.4,30.1,255,18.89,3.86,941.5,20.6,584.0,19.999998,73.8
MH-NSK,2021-08-03,23.6,26.1,22.2,86,95,3.3,3.3,30.5,252,15.61,3.21,942.6,21.1,584.0,19.999998,73.8
MH-NSK,2021-08-04,23.7,26.6,22.4,87,94,3.1,3.1,30.7,249,14.62,3.05,942.7,21.3,584.0,19.999998,73.8
MH-NSK,2021-08-05,24.4,27.6,22.1,82,93,1.3,1.3,27.4,256,19.41,4.08,941.3,21.1,584.0,19.999998,73.8
MH-NSK,2021-08-06,24.2,27.6,22.1,83,93,1.3,1.3,24.7,253,17.92,3.81,940.9,20.9,584.0,19.999998,73.8
MH-NSK,2021-08-07,24.2,27.3,21.9,83,95,1.3,1.3,20.7,250,20.01,4.05,941.9,20.9,584.0,19.999998,73.8
MH-NSK,2021-08-08,24.4,28.5,21.9,85,96,2.4,2.4,18.7,242,21.22,4.21,943.2,21.5,584.0,19.999998,73.8
MH-NSK,2021-08-09,24.4,28.7,21.7,85,96,1.1,1.1,22.0,246,21.48,4.23,944.3,21.6,584.0,19.999998,73.8
MH-NSK,2021-08-10,23.7,27.4,21.4,84,97,1.3,1.3,19.6,247,17.81,3.64,944.1,20.8,584.0,19.999998,73.8
MH-NSK,2021-08-11,23.8,27.5,21.8,84,96,1.5,1.5,20.4,251,19.7,3.94,944.0,20.8,584.0,19.999998,73.8
MH-NSK,2021-08-12,23.9,27.3,21.6,83,96,1.2,1.2,20.0,258,17.81,3.7,944.7,20.8,584.0,19.999998,73.8
MH-NSK,2021-08-13,23.8,27.5,21.5,82,94,1.8,1.8,20.8,253,19.38,3.97,943.6,20.4,584.0,19.999998,73.8
MH-NSK,2021-08-14,23.3,26.5,21.5,86,95,3.8,3.8,23.3,249,18.86,3.67,941.9,20.7,584.0,19.999998,73.8
MH-NSK,2021-08-15,23.3,27.5,21.6,88,97,4.7,4.7,20.3,249,18.93,3.56,942.1,21.1,584.0,19.999998,73.8
MH-NSK,2021-08-16,23.9,27.7,21.8,86,97,3.1,3.1,15.5,264,18.88,3.74,943.5,21.3,584.0,19.999998,73.8
MH-NSK,2021-08-17,22.5,24.2,21.4,92,97,10.5,10.5,13.8,263,6.71,1.46,943.4,21.2,584.0,19.999998,73.8
MH-NSK,2021-08-18,22.2,23.8,21.4,95,96,47.7,47.7,14.0,268,4.23,0.98,941.6,21.3,584.0,19.999998,73.8
MH-NSK,2021-08-19,22.1,23.8,21.1,94,97,33.0,33.0,18.8,260,5.09,1.14,941.2,21.1,584.0,19.999998,73.8
MH-NSK,2021-08-20,21.9,22.7,21.2,95,98,30.1,30.1,14.0,237,4.79,1.05,941.8,21.0,584.0,19.999998,73.8
MH-NSK,2021-08-21,22.6,25.4,21.4,92,98,7.1,7.1,18.9,232,10.74,2.15,942.8,21.1,584.0,19.999998,73.8
MH-NSK,2021-08-22,23.3,26.9,21.3,88,97,5.0,5.0,20.5,244,14.92,2.94,943.6,21.1,584.0,19.999998,73.8
MH-NSK,2021-08-23,23.8,28.5,20.8,86,98,1.4,1.4,16.2,243,19.29,3.85,943.8,21.1,584.0,19.999998,73.8
MH-NSK,2021-08-24,24.1,28.3,21.2,85,98,1.4,1.4,16.5,248,18.65,3.77,943.8,21.3,584.0,19.999998,73.8
MH-NSK,2021-08-25,23.8,27.5,21.1,84,97,1.9,1.9,19.2,252,19.16,3.85,942.7,20.8,584.0,19.999998,73.8
MH-NSK,2021-08-26,23.5,26.7,21.3,86,96,1.6,1.6,21.2,251,17.8,3.51,941.2,20.8,584.0,19.999998,73.8
MH-NSK,2021-08-27,23.8,27.1,21.2,85,98,1.4,1.4,16.3,246,19.21,3.77,940.9,21.0,584.0,19.999998,73.8
MH-NSK,2021-08-28,23.9,28.3,20.6,82,98,0.2,0.2,14.3,262,20.74,4.27,940.1,20.3,584.0,19.999998,73.8
MH-NSK,2021-08-29,23.9,28.6,21.0,82,98,0.6,0.6,16.6,269,19.85,4.04,939.9,20.5,584.0,19.999998,73.8
MH-NSK,2021-08-30,23.0,24.9,21.8,90,96,6.0,6.0,16.1,282,8.15,1.76,941.0,21.3,584.0,19.999998,73.8
MH-NSK,2021-08-31,22.6,23.9,21.6,95,96,39.9,39.9,15.6,252,5.05,1.1,940.4,21.7,584.0,19.999998,73.8
MH-NSK,2021-09-01,23.4,26.4,21.8,89,97,1.4,1.4,27.8,231,16.5,3.13,941.0,21.4,584.0,19.999998,73.8
MH-NSK,2021-09-02,23.6,26.8,22.0,87,95,1.1,1.1,23.7,221,18.77,3.61,941.5,21.2,584.0,19.999998,73.8
MH-NSK,2021-09-03,23.9,27.4,21.8,87,96,1.5,1.5,25.1,224,18.58,3.59,941.3,21.4,584.0,19.999998,73.8
MH-NSK,2021-09-04,23.7,26.7,21.7,89,98,8.2,8.2,16.9,246,14.98,2.94,941.7,21.8,584.0,19.999998,73.8
MH-NSK,2021-09-05,23.3,25.9,22.0,91,98,5.1,5.1,14.8,260,11.34,2.26,941.8,21.7,584.0,19.999998,73.8
MH-NSK,2021-09-06,23.8,27.2,21.6,90,99,9.1,9.1,14.7,268,14.67,2.96,941.3,21.9,584.0,19.999998,73.8
MH-NSK,2021-09-07,23.6,26.1,22.2,93,98,14.9,14.9,11.4,284,7.66,1.66,939.5,22.3,584.0,19.999998,73.8
MH-NSK,2021-09-08,23.2,25.4,21.9,93,99,25.8,25.8,30.5,224,10.03,1.97,938.1,21.9,584.0,19.999998,73.8
MH-NSK,2021-09-09,23.7,26.3,22.2,88,95,6.5,6.5,30.4,240,18.45,3.45,941.5,21.5,584.0,19.999998,73.8
MH-NSK,2021-09-10,23.8,26.2,22.3,88,96,4.4,4.4,29.9,238,18.78,3.43,941.8,21.6,584.0,19.999998,73.8
MH-NSK,2021-09-11,23.8,26.8,22.3,90,96,6.1,6.1,28.7,232,16.74,3.09,939.8,22.0,584.0,19.999998,73.8
MH-NSK,2021-09-12,23.4,26.8,22.0,92,96,7.5,7.5,21.2,241,13.12,2.51,938.1,22.0,584.0,19.999998,73.8
MH-NSK,2021-09-13,22.9,23.8,22.2,95,96,79.9,79.9,28.0,233,3.5,0.95,936.9,22.0,584.0,19.999998,73.8
MH-NSK,2021-09-14,23.7,26.3,22.6,87,95,9.4,9.4,27.8,242,16.92,3.36,938.3,21.3,584.0,19.999998,73.8
MH-NSK,2021-09-15,23.5,25.9,21.9,87,96,1.6,1.6,25.5,229,15.32,3.09,940.0,21.0,584.0,19.999998,73.8
MH-NSK,2021-09-16,23.2,25.6,21.7,86,95,0.1,0.1,25.3,235,13.9,2.91,941.3,20.6,584.0,19.999998,73.8
MH-NSK,2021-09-17,23.1,25.7,21.6,86,96,1.6,1.6,20.0,241,12.5,2.66,941.8,20.6,584.0,19.999998,73.8
MH-NSK,2021-09-18,23.3,26.9,21.3,85,97,0.7,0.7,19.0,238,17.63,3.53,943.4,20.6,584.0,19.999998,73.8
MH-NSK,2021-09-19,23.6,26.9,21.4,88,98,2.5,2.5,19.0,237,17.99,3.48,945.0,21.4,584.0,19.999998,73.8
MH-NSK,2021-09-20,23.7,28.1,22.0,89,98,3.9,3.9,18.2,251,17.31,3.31,944.5,21.7,584.0,19.999998,73.8
MH-NSK,2021-09-21,23.4,26.6,22.2,91,97,7.6,7.6,19.8,257,13.47,2.58,943.2,21.7,584.0,19.999998,73.8
MH-NSK,2021-09-22,22.7,24.0,21.8,93,96,10.5,10.5,17.5,263,6.67,1.38,941.6,21.6,584.0,19.999998,73.8
MH-NSK,2021-09-23,23.4,26.9,21.6,91,99,10.5,10.5,17.8,255,13.38,2.59,941.9,21.8,584.0,19.999998,73.8
MH-NSK,2021-09-24,23.9,27.4,21.5,85,98,1.3,1.3,14.2,248,15.93,3.27,943.2,21.1,584.0,19.999998,73.8
MH-NSK,2021-09-25,23.7,27.8,21.1,83,97,0.1,0.1,14.1,267,14.55,3.17,943.4,20.4,584.0,19.999998,73.8
MH-NSK,2021-09-26,23.3,26.4,20.9,87,97,3.9,3.9,13.2,289,14.97,2.99,941.8,20.9,584.0,19.999998,73.8
MH-NSK,2021-09-27,23.1,26.9,21.3,90,97,17.4,17.4,11.3,272,11.98,2.42,940.3,21.3,584.0,19.999998,73.8
MH-NSK,2021-09-28,22.6,24.7,21.0,94,98,75.1,75.1,17.3,246,6.93,1.41,939.1,21.5,584.0,19.999998,73.8
MH-NSK,2021-09-29,23.0,25.1,21.5,91,96,20.0,20.0,32.4,216,10.45,2.06,940.2,21.4,584.0,19.999998,73.8
MH-NSK,2021-09-30,23.5,27.6,20.3,89,99,4.0,4.0,17.2,215,17.05,3.28,944.2,21.4,584.0,19.999998,73.8
MH-NSK,2021-10-01,24.2,29.2,21.2,87,99,2.5,2.5,8.8,281,18.81,3.83,945.2,21.7,584.0,19.999998,73.8
MH-NSK,2021-10-02,23.7,27.1,21.2,90,100,1.4,1.4,10.1,41,11.64,2.39,945.0,21.9,584.0,19.999998,73.8
MH-NSK,2021-10-03,24.3,29.6,20.5,86,100,1.0,1.0,12.3,330,19.75,4.0,944.6,21.6,584.0,19.999998,73.8
MH-NSK,2021-10-04,24.9,30.0,20.8,83,100,0.3,0.3,10.2,301,21.21,4.39,944.0,21.5,584.0,19.999998,73.8
MH-NSK,2021-10-05,25.1,29.8,21.7,87,100,1.5,1.5,8.7,46,17.65,3.62,944.4,22.6,584.0,19.999998,73.8
MH-NSK,2021-10-06,24.7,29.0,21.6,88,99,6.3,6.3,8.5,61,16.46,3.31,943.9,22.5,584.0,19.999998,73.8
MH-NSK,2021-10-07,25.6,30.1,21.9,84,100,0.7,0.7,12.8,91,20.73,4.21,943.1,22.4,584.0,19.999998,73.8
MH-NSK,2021-10-08,24.5,28.9,22.3,90,99,5.8,5.8,9.2,241,16.08,3.23,943.4,22.6,584.0,19.999998,73.8
MH-NSK,2021-10-09,23.7,27.6,21.9,92,99,17.4,17.4,12.8,268,12.21,2.44,944.7,22.2,584.0,19.999998,73.8
MH-NSK,2021-10-10,24.4,29.0,21.6,87,99,0.9,0.9,8.4,306,19.08,3.83,944.7,21.7,584.0,19.999998,73.8
MH-NSK,2021-10-11,24.5,28.5,21.4,87,100,1.1,1.1,7.1,13,18.68,3.74,943.4,21.9,584.0,19.999998,73.8
MH-NSK,2021-10-12,24.2,28.6,20.3,82,100,0.5,0.5,8.0,50,18.48,3.76,943.3,20.8,584.0,19.999998,73.8
MH-NSK,2021-10-13,24.3,29.1,20.5,79,97,0.2,0.2,11.7,71,20.61,4.23,943.2,20.2,584.0,19.999998,73.8
MH-NSK,2021-10-14,24.6,30.2,19.9,70,91,0.0,0.0,13.1,52,21.04,4.65,943.0,18.3,584.0,19.999998,73.8
MH-NSK,2021-10-15,23.7,29.9,18.6,70,88,0.0,0.0,10.0,41,21.65,4.61,940.9,17.4,584.0,19.999998,73.8
MH-NSK,2021-10-16,23.8,29.5,17.2,66,87,0.0,0.0,9.0,40,21.7,4.51,940.0,16.6,584.0,19.999998,73.8
MH-NSK,2021-10-17,24.5,30.3,20.3,70,85,0.0,0.0,13.9,319,16.51,3.93,940.4,18.5,584.0,19.999998,73.8
MH-NSK,2021-10-18,24.0,29.2,20.0,72,96,0.0,0.0,17.4,262,20.98,4.73,942.8,18.0,584.0,19.999998,73.8
MH-NSK,2021-10-19,23.3,28.7,18.2,73,98,0.0,0.0,12.4,273,20.23,4.38,946.5,17.4,584.0,19.999998,73.8
MH-NSK,2021-10-20,22.4,29.0,15.9,66,95,0.0,0.0,7.4,351,21.95,4.36,948.4,14.4,584.0,19.999998,73.8
MH-NSK,2021-10-21,23.1,28.9,16.9,56,78,0.0,0.0,10.6,17,21.73,4.56,948.8,13.2,584.0,19.999998,73.8
MH-NSK,2021-10-22,22.3,29.1,16.5,58,81,0.0,0.0,9.4,325,21.65,4.52,948.5,13.2,584.0,19.999998,73.8
MH-NSK,2021-10-23,22.3,29.7,15.3,66,94,0.0,0.0,11.3,284,21.25,4.49,948.5,14.7,584.0,19.999998,73.8
MH-NSK,2021-10-24,22.1,28.8,16.2,74,98,0.0,0.0,10.8,290,19.67,4.11,948.8,16.5,584.0,19.999998,73.8
MH-NSK,2021-10-25,22.3,28.4,17.0,74,100,0.0,0.0,8.3,12,20.66,4.07,948.3,16.5,584.0,19.999998,73.8
MH-NSK,2021-10-26,22.4,28.7,16.7,66,92,0.0,0.0,9.2,53,20.43,4.28,947.2,15.0,584.0,19.999998,73.8
MH-NSK,2021-10-27,22.5,28.8,16.6,60,87,0.0,0.0,11.7,58,19.21,4.45,948.0,13.6,584.0,19.999998,73.8
MH-NSK,2021-10-28,22.6,28.5,16.6,63,90,0.0,0.0,13.8,58,18.56,4.49,948.7,14.6,584.0,19.999998,73.8
MH-NSK,2021-10-29,21.5,27.8,14.9,47,70,0.0,0.0,15.5,62,21.2,5.3,949.6,9.2,584.0,19.999998,73.8
MH-NSK,2021-10-30,20.9,27.7,14.2,53,74,0.0,0.0,16.4,66,20.6,4.79,949.9,10.3,584.0,19.999998,73.8
MH-NSK,2021-10-31,21.8,29.1,15.3,60,76,0.0,0.0,12.2,71,20.41,4.5,948.7,13.3,584.0,19.999998,73.8
MH-NSK,2021-11-01,22.5,29.3,16.6,62,81,0.0,0.0,11.2,61,18.99,4.17,947.3,14.6,584.0,19.999998,73.8
MH-NSK,2021-11-02,23.0,29.5,17.8,62,81,0.0,0.0,12.8,72,19.65,4.47,947.3,15.1,584.0,19.999998,73.8
MH-NSK,2021-11-03,22.5,29.0,16.8,63,82,0.0,0.0,12.6,72,20.06,4.37,947.4,14.6,584.0,19.999998,73.8
MH-NSK,2021-11-04,22.8,29.0,17.2,62,74,0.0,0.0,13.0,72,18.52,4.2,947.0,14.8,584.0,19.999998,73.8
MH-NSK,2021-11-05,23.8,29.2,19.0,69,87,0.3,0.3,12.8,74,17.58,3.96,946.8,17.5,584.0,19.999998,73.8
MH-NSK,2021-11-06,23.9,29.4,20.4,73,95,0.2,0.2,14.2,89,18.09,3.97,946.0,18.5,584.0,19.999998,73.8
MH-NSK,2021-11-07,23.6,28.7,19.6,62,91,0.0,0.0,14.2,77,12.38,3.39,945.9,15.6,584.0,19.999998,73.8
MH-NSK,2021-11-08,22.4,28.5,17.8,58,81,0.0,0.0,16.5,84,19.41,4.52,947.3,13.3,584.0,19.999998,73.8
MH-NSK,2021-11-09,21.3,28.0,14.6,55,80,0.0,0.0,15.5,73,19.66,4.57,947.8,11.4,584.0,19.999998,73.8
MH-NSK,2021-11-10,20.9,27.9,14.3,52,73,0.0,0.0,14.5,69,19.41,4.57,947.0,10.2,584.0,19.999998,73.8
MH-NSK,2021-11-11,20.6,27.6,14.6,49,65,0.0,0.0,19.9,66,19.32,4.89,945.8,8.9,584.0,19.999998,73.8
MH-NSK,2021-11-12,21.1,27.7,14.9,53,63,0.0,0.0,18.1,69,19.05,4.65,945.6,10.8,584.0,19.999998,73.8
MH-NSK,2021-11-13,22.7,29.8,16.0,64,78,0.0,0.0,14.0,71,18.52,4.24,945.6,15.3,584.0,19.999998,73.8
MH-NSK,2021-11-14,23.6,30.0,18.5,71,88,0.0,0.0,11.2,73,18.44,3.89,945.1,17.8,584.0,19.999998,73.8
MH-NSK,2021-11-15,24.4,30.1,20.1,71,96,0.0,0.0,15.1,72,17.78,3.89,944.1,18.4,584.0,19.999998,73.8
MH-NSK,2021-11-16,24.7,30.7,19.8,67,87,0.0,0.0,21.4,85,16.97,4.31,944.1,17.6,584.0,19.999998,73.8
MH-NSK,2021-11-17,24.3,29.8,21.4,75,93,12.5,12.5,23.5,97,11.04,3.15,945.3,19.3,584.0,19.999998,73.8
MH-NSK,2021-11-18,23.2,29.2,20.1,86,98,2.0,2.0,15.7,106,12.87,2.76,944.9,20.4,584.0,19.999998,73.8
MH-NSK,2021-11-19,23.4,28.4,19.9,82,99,0.4,0.4,15.8,90,14.32,3.03,943.2,20.0,584.0,19.999998,73.8
MH-NSK,2021-11-20,24.0,29.1,20.4,80,97,0.7,0.7,19.2,83,15.01,3.39,942.9,20.0,584.0,19.999998,73.8
MH-NSK,2021-11-21,24.0,28.4,21.2,83,96,1.1,1.1,20.0,98,11.52,2.71,945.2,20.7,584.0,19.999998,73.8
MH-NSK,2021-11-22,23.4,28.5,20.7,88,100,2.4,2.4,9.0,42,10.88,2.24,947.4,21.2,584.0,19.999998,73.8
MH-NSK,2021-11-23,24.3,29.2,19.7,81,100,0.6,0.6,8.3,47,16.12,3.25,947.0,20.4,584.0,19.999998,73.8
MH-NSK,2021-11-24,24.6,29.6,20.2,77,96,0.0,0.0,13.6,78,16.49,3.48,947.4,19.8,584.0,19.999998,73.8
MH-NSK,2021-11-25,24.0,29.6,18.9,72,97,0.0,0.0,9.1,42,17.49,3.69,948.0,18.2,584.0,19.999998,73.8
MH-NSK,2021-11-26,23.0,29.0,17.5,70,95,0.0,0.0,7.8,72,18.18,3.71,948.1,16.6,584.0,19.999998,73.8
MH-NSK,2021-11-27,21.5,28.4,15.8,66,91,0.0,0.0,13.6,87,18.18,3.98,947.9,14.0,584.0,19.999998,73.8
MH-NSK,2021-11-28,20.8,27.2,16.1,57,84,0.0,0.0,14.8,84,17.87,4.2,948.6,11.3,584.0,19.999998,73.8
MH-NSK,2021-11-29,20.3,26.9,14.9,59,72,0.0,0.0,16.5,93,16.56,3.96,949.0,11.8,584.0,19.999998,73.8
MH-NSK,2021-11-30,21.6,27.2,17.2,63,77,0.3,0.3,16.1,89,13.1,3.56,948.5,13.8,584.0,19.999998,73.8
MH-NSK,2021-12-01,18.3,20.5,16.1,84,93,41.0,41.0,15.8,71,3.52,1.16,947.8,15.4,584.0,19.999998,73.8
MH-NSK,2021-12-02,17.8,20.9,15.5,89,94,38.4,38.4,22.7,83,5.62,1.28,946.6,15.9,584.0,19.999998,73.8
MH-NSK,2021-12-03,19.6,23.3,16.8,88,97,0.3,0.3,13.8,85,7.97,1.64,947.5,17.5,584.0,19.999998,73.8
MH-NSK,2021-12-04,20.9,25.7,18.2,87,99,0.7,0.7,16.7,106,13.68,2.58,947.8,18.5,584.0,19.999998,73.8
MH-NSK,2021-12-05,20.5,26.0,17.4,82,100,0.0,0.0,10.0,327,14.91,2.9,947.9,16.9,584.0,19.999998,73.8
MH-NSK,2021-12-06,20.3,25.5,16.1,81,99,0.4,0.4,7.8,26,15.37,2.93,948.0,16.7,584.0,19.999998,73.8
MH-NSK,2021-12-07,20.1,25.9,15.6,81,99,0.0,0.0,12.3,75,16.7,3.19,948.8,16.5,584.0,19.999998,73.8
MH-NSK,2021-12-08,20.4,25.8,15.3,78,97,0.0,0.0,10.7,89,16.39,3.13,949.0,16.1,584.0,19.999998,73.8
MH-NSK,2021-12-09,20.6,25.5,16.8,77,97,0.0,0.0,9.7,65,14.54,2.89,950.3,16.1,584.0,19.999998,73.8
MH-NSK,2021-12-10,20.4,26.1,16.2,78,94,0.0,0.0,13.2,81,15.9,3.18,951.0,16.1,584.0,19.999998,73.8
MH-NSK,2021-12-11,20.1,26.2,15.0,78,97,0.0,0.0,13.4,83,16.66,3.24,950.5,15.7,584.0,19.999998,73.8
MH-NSK,2021-12-12,20.3,26.6,15.5,74,95,0.0,0.0,12.5,84,16.68,3.34,950.2,15.0,584.0,19.999998,73.8
MH-NSK,2021-12-13,20.2,26.2,15.3,69,83,0.0,0.0,14.0,72,16.03,3.26,949.2,14.0,584.0,19.999998,73.8
MH-NSK,2021-12-14,20.1,25.8,15.3,72,94,0.0,0.0,11.1,31,16.05,3.1,948.5,14.6,584.0,19.999998,73.8
MH-NSK,2021-12-15,19.7,26.2,14.6,77,94,0.0,0.0,9.0,47,15.39,2.96,948.6,15.2,584.0,19.999998,73.8
MH-NSK,2021-12-16,20.3,25.9,15.5,77,97,0.0,0.0,11.2,42,14.5,2.88,949.5,15.7,584.0,19.999998,73.8
MH-NSK,2021-12-17,19.6,25.6,14.2,76,100,0.0,0.0,10.0,54,16.14,3.07,950.1,14.8,584.0,19.999998,73.8
MH-NSK,2021-12-18,18.6,25.1,13.8,73,92,0.0,0.0,11.2,67,17.2,3.26,950.2,13.3,584.0,19.999998,73.8
MH-NSK,2021-12-19,18.0,24.6,13.4,78,96,0.0,0.0,14.5,85,17.16,3.15,950.8,13.6,584.0,19.999998,73.8
MH-NSK,2021-12-20,17.9,25.1,12.3,74,94,0.0,0.0,10.8,78,17.23,3.21,950.3,12.6,584.0,19.999998,73.8
MH-NSK,2021-12-21,18.1,25.9,11.3,71,96,0.0,0.0,9.0,41,17.25,3.26,949.6,12.0,584.0,19.999998,73.8
MH-NSK,2021-12-22,18.6,27.0,11.4,70,96,0.0,0.0,9.2,327,17.14,3.3,948.0,12.3,584.0,19.999998,73.8
MH-NSK,2021-12-23,19.5,27.9,13.7,63,86,0.0,0.0,9.5,273,17.15,3.48,947.6,11.7,584.0,19.999998,73.8
MH-NSK,2021-12-24,18.9,27.8,12.7,64,92,0.0,0.0,12.5,279,17.51,3.74,947.5,10.7,584.0,19.999998,73.8
MH-NSK,2021-12-25,18.7,26.3,12.5,71,95,0.0,0.0,10.6,323,17.25,3.31,948.3,12.7,584.0,19.999998,73.8
MH-NSK,2021-12-26,19.4,27.1,13.5,72,96,0.0,0.0,11.3,5,16.88,3.31,949.5,13.4,584.0,19.999998,73.8
MH-NSK,2021-12-27,19.4,26.7,13.0,72,95,0.0,0.0,9.0,47,17.0,3.28,949.6,13.6,584.0,19.999998,73.8
MH-NSK,2021-12-28,19.6,27.6,13.1,67,96,0.0,0.0,15.0,302,16.84,3.71,948.4,12.1,584.0,19.999998,73.8
MH-NSK,2021-12-29,17.6,23.5,12.3,74,97,0.0,0.0,13.4,67,16.83,3.2,948.9,12.4,584.0,19.999998,73.8
MH-NSK,2021-12-30,17.9,23.6,12.8,74,92,0.0,0.0,21.7,89,14.45,3.03,951.0,13.0,584.0,19.999998,73.8
MH-NSK,2021-12-31,19.2,26.0,14.6,77,98,0.0,0.0,17.5,86,15.57,3.05,951.9,14.6,584.0,19.999998,73.8
MH-NSK,2022-01-01,19.3,26.4,14.1,75,100,0.0,0.0,11.6,72,15.78,3.07,951.8,14.1,584.0,19.999998,73.8
MH-NSK,2022-01-02,19.6,25.9,15.0,78,97,0.2,0.2,10.7,75,15.93,3.05,950.6,15.3,584.0,19.999998,73.8
MH-NSK,2022-01-03,20.5,26.5,15.5,72,94,0.0,0.0,12.1,83,16.26,3.18,950.0,14.8,584.0,19.999998,73.8
MH-NSK,2022-01-04,20.6,27.0,15.2,69,93,0.0,0.0,10.8,83,16.95,3.45,949.7,14.1,584.0,19.999998,73.8
MH-NSK,2022-01-05,20.4,27.2,14.5,70,94,0.0,0.0,14.3,230,16.42,3.51,948.6,14.0,584.0,19.999998,73.8
MH-NSK,2022-01-06,20.0,26.6,15.3,76,98,0.0,0.0,13.8,277,16.14,3.32,947.9,14.9,584.0,19.999998,73.8
MH-NSK,2022-01-07,19.7,27.0,14.4,77,100,0.0,0.0,18.1,199,15.83,3.38,947.5,14.6,584.0,19.999998,73.8
MH-NSK,2022-01-08,18.6,23.6,14.0,81,96,1.8,1.8,11.2,276,12.02,2.31,948.1,15.1,584.0,19.999998,73.8
MH-NSK,2022-01-09,17.8,23.1,12.6,67,91,1.0,1.0,12.1,321,16.88,3.41,947.7,11.0,584.0,19.999998,73.8
MH-NSK,2022-01-10,15.5,22.7,8.8,66,83,0.0,0.0,12.0,35,18.13,3.3,947.5,8.6,584.0,19.999998,73.8
MH-NSK,2022-01-11,17.2,23.6,12.5,72,90,0.0,0.0,13.0,51,14.71,2.92,947.8,11.6,584.0,19.999998,73.8
MH-NSK,2022-01-12,16.6,23.0,11.4,73,99,0.0,0.0,14.9,74,17.39,3.17,947.4,11.1,584.0,19.999998,73.8
MH-NSK,2022-01-13,16.3,22.9,11.4,74,92,0.1,0.1,15.4,86,15.14,2.79,946.8,11.3,584.0,19.999998,73.8
MH-NSK,2022-01-14,17.3,23.7,12.3,75,94,0.2,0.2,10.8,66,16.36,3.01,947.0,12.3,584.0,19.999998,73.8
MH-NSK,2022-01-15,17.7,24.1,12.9,74,98,0.0,0.0,16.6,80,17.74,3.35,948.4,12.4,584.0,19.999998,73.8
MH-NSK,2022-01-16,18.3,25.7,12.5,72,95,0.0,0.0,15.5,87,18.08,3.53,949.6,12.6,584.0,19.999998,73.8
MH-NSK,2022-01-17,19.1,26.3,13.6,74,96,0.0,0.0,11.5,60,17.61,3.41,951.0,13.8,584.0,19.999998,73.8
MH-NSK,2022-01-18,19.7,26.6,13.8,72,96,0.0,0.0,10.0,50,18.24,3.58,950.4,14.0,584.0,19.999998,73.8
MH-NSK,2022-01-19,19.7,26.8,13.1,65,88,0.0,0.0,11.2,25,18.39,3.79,948.9,12.2,584.0,19.999998,73.8
MH-NSK,2022-01-20,20.0,27.6,14.0,53,79,0.0,0.0,13.7,291,18.71,4.37,946.4,9.0,584.0,19.999998,73.8
MH-NSK,2022-01-21,20.3,27.5,14.8,67,91,0.0,0.0,14.3,271,18.46,3.99,946.1,13.4,584.0,19.999998,73.8
MH-NSK,2022-01-22,19.1,24.2,15.4,79,97,0.7,0.7,27.4,255,15.06,3.16,944.3,15.1,584.0,19.999998,73.8
MH-NSK,2022-01-23,16.4,20.6,11.4,68,93,0.1,0.1,17.0,284,16.75,3.33,944.8,10.1,584.0,19.999998,73.8
MH-NSK,2022-01-24,14.0,21.0,8.0,57,87,0.0,0.0,9.2,6,19.82,3.58,945.4,4.8,584.0,19.999998,73.8
MH-NSK,2022-01-25,14.5,22.3,7.1,55,77,0.0,0.0,10.8,41,19.81,3.72,945.8,5.1,584.0,19.999998,73.8
MH-NSK,2022-01-26,15.4,23.6,8.4,59,81,0.0,0.0,12.2,70,19.67,3.76,946.7,6.7,584.0,19.999998,73.8
MH-NSK,2022-01-27,16.3,24.3,10.3,55,69,0.0,0.0,14.2,78,19.59,3.97,947.9,6.7,584.0,19.999998,73.8
MH-NSK,2022-01-28,16.8,25.1,10.3,55,79,0.0,0.0,13.4,75,19.97,4.05,948.8,7.0,584.0,19.999998,73.8
MH-NSK,2022-01-29,17.2,26.2,9.7,54,77,0.0,0.0,10.1,70,20.33,4.12,949.2,7.1,584.0,19.999998,73.8
MH-NSK,2022-01-30,18.4,28.0,9.8,53,84,0.0,0.0,11.8,3,20.42,4.17,947.8,7.1,584.0,19.999998,73.8
MH-NSK,2022-01-31,19.2,28.5,11.8,50,79,0.0,0.0,12.7,307,20.46,4.45,946.7,7.2,584.0,19.999998,73.8
MH-NSK,2022-02-01,19.2,28.5,11.6,54,82,0.0,0.0,13.6,326,20.56,4.25,946.1,8.0,584.0,19.999998,73.8
MH-NSK,2022-02-02,20.6,30.1,13.4,51,75,0.0,0.0,11.8,289,20.5,4.52,946.3,9.0,584.0,19.999998,73.8
MH-NSK,2022-02-03,19.5,27.1,13.1,56,96,0.0,0.0,20.1,264,20.5,4.92,945.1,9.3,584.0,19.999998,73.8
MH-NSK,2022-02-04,18.4,25.6,13.8,68,100,0.0,0.0,11.4,276,20.16,3.92,945.2,11.0,584.0,19.999998,73.8
MH-NSK,2022-02-05,18.4,27.1,10.3,56,84,0.0,0.0,15.2,5,20.88,4.3,945.9,8.3,584.0,19.999998,73.8
MH-NSK,2022-02-06,19.8,29.2,12.1,49,69,0.0,0.0,18.6,61,20.86,4.7,947.9,7.7,584.0,19.999998,73.8
MH-NSK,2022-02-07,20.5,29.0,13.0,55,80,0.0,0.0,13.4,288,20.8,4.49,948.4,10.1,584.0,19.999998,73.8
MH-NSK,2022-02-08,20.0,28.4,13.0,65,93,0.0,0.0,15.0,270,20.67,4.41,947.4,12.2,584.0,19.999998,73.8
MH-NSK,2022-02-09,19.0,26.3,12.1,64,94,0.0,0.0,13.8,306,21.11,4.33,947.4,10.9,584.0,19.999998,73.8
MH-NSK,2022-02-10,20.0,27.4,13.2,50,73,0.0,0.0,16.2,57,21.15,4.83,948.2,8.3,584.0,19.999998,73.8
MH-NSK,2022-02-11,19.8,27.7,13.7,48,66,0.0,0.0,15.5,77,21.44,4.91,948.5,7.7,584.0,19.999998,73.8
MH-NSK,2022-02-12,20.4,28.6,12.8,47,69,0.0,0.0,12.9,54,21.39,4.76,947.7,7.9,584.0,19.999998,73.8
MH-NSK,2022-02-13,21.5,29.3,13.0,46,74,0.0,0.0,18.4,49,21.27,4.99,945.9,8.6,584.0,19.999998,73.8
MH-NSK,2022-02-14,21.0,28.8,14.2,46,74,0.0,0.0,14.2,287,21.65,5.25,945.6,7.7,584.0,19.999998,73.8
MH-NSK,2022-02-15,21.1,28.9,13.6,42,66,0.0,0.0,15.3,288,21.54,5.04,945.6,7.1,584.0,19.999998,73.8
MH-NSK,2022-02-16,20.4,27.5,13.8,53,88,0.0,0.0,12.1,241,20.93,4.62,944.0,8.7,584.0,19.999998,73.8
MH-NSK,2022-02-17,21.5,28.9,14.7,54,91,0.0,0.0,13.0,88,18.04,4.43,943.1,10.1,584.0,19.999998,73.8
MH-NSK,2022-02-18,22.1,30.2,15.4,57,84,0.0,0.0,13.1,270,20.43,4.85,944.4,11.8,584.0,19.999998,73.8
MH-NSK,2022-02-19,23.4,31.4,16.8,54,87,0.0,0.0,13.5,287,20.43,5.01,946.8,12.2,584.0,19.999998,73.8
MH-NSK,2022-02-20,23.6,30.8,16.7,37,68,0.0,0.0,17.1,327,22.57,6.11,946.4,6.5,584.0,19.999998,73.8
MH-NSK,2022-02-21,23.1,31.3,16.5,31,47,0.0,0.0,13.4,327,22.71,5.57,945.7,3.7,584.0,19.999998,73.8
MH-NSK,2022-02-22,23.8,33.5,14.9,39,71,0.0,0.0,14.0,276,22.79,5.46,946.5,6.7,584.0,19.999998,73.8
MH-NSK,2022-02-23,24.9,34.2,16.2,39,72,0.0,0.0,17.1,279,22.64,5.84,948.2,8.1,584.0,19.999998,73.8
MH-NSK,2022-02-24,24.8,33.0,17.1,38,67,0.0,0.0,16.1,325,22.68,5.8,949.5,7.3,584.0,19.999998,73.8
MH-NSK,2022-02-25,23.7,32.1,15.2,34,60,0.0,0.0,12.8,360,22.97,5.57,948.8,5.4,584.0,19.999998,73.8
MH-NSK,2022-02-26,24.5,33.2,15.9,33,63,0.0,0.0,17.8,291,22.4,5.94,948.5,5.9,584.0,19.999998,73.8
MH-NSK,2022-02-27,24.4,32.4,16.1,30,53,0.0,0.0,16.9,335,22.96,5.87,949.0,4.7,584.0,19.999998,73.8
MH-NSK,2022-02-28,24.4,33.1,16.5,33,64,0.0,0.0,17.1,326,22.92,5.92,948.6,5.5,584.0,19.999998,73.8
MH-NSK,2022-03-01,24.4,32.5,15.4,34,59,0.0,0.0,14.2,4,22.91,5.73,948.8,6.1,584.0,19.999998,73.8
MH-NSK,2022-03-02,25.0,33.1,17.5,31,52,0.0,0.0,19.1,3,21.46,6.22,948.5,5.5,584.0,19.999998,73.8
MH-NSK,2022-03-03,25.7,33.4,18.3,30,46,0.0,0.0,17.4,6,21.28,5.86,948.3,6.0,584.0,19.999998,73.8
MH-NSK,2022-03-04,25.6,33.0,18.1,29,44,0.0,0.0,19.3,9,22.15,5.94,948.7,6.0,584.0,19.999998,73.8
MH-NSK,2022-03-05,25.3,32.9,17.3,34,50,0.0,0.0,15.9,45,23.34,6.1,947.8,7.5,584.0,19.999998,73.8
MH-NSK,2022-03-06,25.9,33.1,18.4,34,53,0.0,0.0,20.0,24,22.05,6.19,946.9,7.9,584.0,19.999998,73.8
MH-NSK,2022-03-07,26.9,33.1,20.7,33,47,0.0,0.0,16.8,53,19.88,5.47,947.0,9.0,584.0,19.999998,73.8
MH-NSK,2022-03-08,25.2,31.9,21.0,47,69,0.1,0.1,15.8,96,16.41,4.65,947.7,12.4,584.0,19.999998,73.8
MH-NSK,2022-03-09,24.4,30.3,19.3,51,79,0.7,0.7,12.6,101,19.92,4.72,947.6,12.9,584.0,19.999998,73.8
MH-NSK,2022-03-10,25.2,32.8,16.8,44,82,0.0,0.0,10.9,52,22.06,5.17,947.0,10.5,584.0,19.999998,73.8
MH-NSK,2022-03-11,24.9,33.2,18.8,45,62,1.2,1.2,15.3,72,20.61,5.13,946.8,11.5,584.0,19.999998,73.8
MH-NSK,2022-03-12,25.4,33.1,17.2,41,71,0.0,0.0,11.9,70,23.75,5.74,946.6,9.6,584.0,19.999998,73.8
MH-NSK,2022-03-13,25.7,33.8,18.0,29,56,0.0,0.0,11.2,75,24.78,6.02,947.2,5.0,584.0,19.999998,73.8
MH-NSK,2022-03-14,26.5,35.3,18.5,25,37,0.0,0.0,11.9,43,24.99,6.18,947.4,3.3,584.0,19.999998,73.8
MH-NSK,2022-03-15,27.4,36.3,18.4,29,55,0.0,0.0,13.8,35,24.66,6.72,946.0,6.3,584.0,19.999998,73.8
MH-NSK,2022-03-16,28.8,37.4,20.3,24,50,0.0,0.0,16.3,5,24.73,6.94,944.8,4.5,584.0,19.999998,73.8
MH-NSK,2022-03-17,28.9,37.9,20.2,23,39,0.0,0.0,18.2,354,24.95,7.34,944.2,4.2,584.0,19.999998,73.8
MH-NSK,2022-03-18,29.8,38.5,20.6,22,43,0.0,0.0,15.3,349,23.6,7.28,943.6,4.7,584.0,19.999998,73.8
MH-NSK,2022-03-19,29.3,37.8,20.3,23,55,0.0,0.0,18.6,320,21.11,7.13,942.9,4.8,584.0,19.999998,73.8
MH-NSK,2022-03-20,27.0,33.7,20.6,35,50,0.0,0.0,20.0,295,15.97,5.34,943.4,9.3,584.0,19.999998,73.8
MH-NSK,2022-03-21,27.7,36.2,19.4,32,65,0.0,0.0,16.0,346,16.91,5.84,944.5,7.8,584.0,19.999998,73.8
MH-NSK,2022-03-22,30.1,36.8,24.7,19,28,0.0,0.0,18.6,352,20.96,7.77,944.9,3.5,584.0,19.999998,73.8
MH-NSK,2022-03-23,29.8,37.3,21.6,19,28,0.0,0.0,19.8,350,22.6,7.42,944.3,3.1,584.0,19.999998,73.8
MH-NSK,2022-03-24,29.7,37.7,22.7,21,32,0.0,0.0,24.6,314,21.33,6.85,944.0,4.4,584.0,19.999998,73.8
MH-NSK,2022-03-25,28.9,38.1,20.2,35,74,0.0,0.0,19.7,282,25.08,6.87,944.9,9.4,584.0,19.999998,73.8
MH-NSK,2022-03-26,30.0,38.7,22.4,36,61,0.0,0.0,17.0,308,22.03,6.25,947.0,11.4,584.0,19.999998,73.8
MH-NSK,2022-03-27,29.6,38.9,20.9,40,69,0.0,0.0,18.8,327,21.99,6.52,947.2,12.1,584.0,19.999998,73.8
MH-NSK,2022-03-28,30.9,38.8,23.7,32,68,0.0,0.0,16.2,327,25.15,7.64,946.8,9.7,584.0,19.999998,73.8
MH-NSK,2022-03-29,29.8,37.6,20.7,29,69,0.0,0.0,16.4,307,25.78,7.67,945.8,7.5,584.0,19.999998,73.8
MH-NSK,2022-03-30,29.7,37.5,20.8,21,40,0.0,0.0,17.4,294,26.28,8.44,945.3,3.6,584.0,19.999998,73.8
MH-NSK,2022-03-31,28.8,37.7,19.2,22,52,0.0,0.0,15.5,270,26.87,7.96,945.5,2.1,584.0,19.999998,73.8
MH-NSK,2022-04-01,28.2,38.0,18.6,27,48,0.0,0.0,17.1,273,26.81,7.44,945.4,4.6,584.0,19.999998,73.8
MH-NSK,2022-04-02,28.7,38.3,19.0,31,58,0.0,0.0,18.1,286,26.31,7.48,946.0,7.6,584.0,19.999998,73.8
MH-NSK,2022-04-03,29.5,38.9,19.6,36,68,0.0,0.0,20.6,324,26.23,6.81,945.8,9.1,584.0,19.999998,73.8
MH-NSK,2022-04-04,30.7,39.7,21.0,35,72,0.0,0.0,19.3,314,24.02,7.02,946.1,11.3,584.0,19.999998,73.8
MH-NSK,2022-04-05,30.5,39.8,22.3,42,74,0.0,0.0,19.4,318,21.14,6.55,947.7,12.4,584.0,19.999998,73.8
MH-NSK,2022-04-06,30.2,38.9,21.4,42,77,0.0,0.0,20.6,313,23.66,7.52,947.9,12.9,584.0,19.999998,73.8
MH-NSK,2022-04-07,30.2,38.8,21.5,39,83,0.0,0.0,18.2,309,26.27,7.86,947.0,11.0,584.0,19.999998,73.8
MH-NSK,2022-04-08,30.9,39.7,21.6,32,60,0.0,0.0,20.6,284,25.95,6.92,945.5,9.9,584.0,19.999998,73.8
MH-NSK,2022-04-09,30.0,39.1,22.0,42,91,0.0,0.0,19.7,279,24.42,7.33,945.1,12.7,584.0,19.999998,73.8
MH-NSK,2022-04-10,29.5,37.4,22.6,40,74,0.0,0.0,19.6,285,25.5,7.35,945.1,12.7,584.0,19.999998,73.8
MH-NSK,2022-04-11,30.1,38.8,22.0,32,69,0.0,0.0,20.0,288,25.47,7.49,944.3,9.4,584.0,19.999998,73.8
MH-NSK,2022-04-12,30.6,39.3,22.0,26,51,0.0,0.0,20.4,291,23.95,7.43,943.3,7.7,584.0,19.999998,73.8
MH-NSK,2022-04-13,31.2,39.5,22.6,24,42,0.0,0.0,17.6,308,25.65,7.86,942.9,7.4,584.0,19.999998,73.8
MH-NSK,2022-04-14,31.0,38.5,22.2,23,38,0.0,0.0,17.2,295,26.21,8.03,943.2,6.4,584.0,19.999998,73.8
MH-NSK,2022-04-15,28.7,37.1,21.1,45,94,0.0,0.0,16.8,278,26.49,7.59,943.8,12.9,584.0,19.999998,73.8
MH-NSK,2022-04-16,28.8,37.5,19.5,31,62,0.0,0.0,17.9,295,27.15,8.07,942.8,7.6,584.0,19.999998,73.8
MH-NSK,2022-04-17,28.5,37.7,20.5,37,61,0.0,0.0,18.7,292,26.78,7.74,943.6,10.4,584.0,19.999998,73.8
MH-NSK,2022-04-18,29.2,37.7,21.0,34,61,0.0,0.0,17.6,304,26.55,8.03,945.7,9.9,584.0,19.999998,73.8
MH-NSK,2022-04-19,30.0,38.1,22.6,39,65,0.0,0.0,21.5,307,25.1,7.83,947.1,12.6,584.0,19.999998,73.8
MH-NSK,2022-04-20,29.5,36.4,22.0,37,59,0.5,0.5,23.8,317,22.74,7.49,945.6,12.5,584.0,19.999998,73.8
MH-NSK,2022-04-21,31.3,37.5,26.1,26,38,0.0,0.0,21.8,340,23.27,7.78,944.5,8.9,584.0,19.999998,73.8
MH-NSK,2022-04-22,30.8,38.7,24.3,28,43,0.0,0.0,20.3,338,22.11,6.45,944.9,9.2,584.0,19.999998,73.8
MH-NSK,2022-04-23,32.0,39.0,24.1,23,45,0.0,0.0,20.2,298,24.37,7.32,945.5,7.7,584.0,19.999998,73.8
MH-NSK,2022-04-24,31.4,39.7,24.0,31,67,0.0,0.0,20.0,314,24.09,7.19,945.4,9.7,584.0,19.999998,73.8
MH-NSK,2022-04-25,31.5,39.7,22.2,28,51,0.0,0.0,17.3,302,25.91,7.5,944.3,8.5,584.0,19.999998,73.8
MH-NSK,2022-04-26,31.4,38.8,23.4,24,46,0.0,0.0,17.7,304,26.02,8.4,944.7,7.2,584.0,19.999998,73.8
MH-NSK,2022-04-27,32.5,40.2,23.7,20,37,0.0,0.0,18.9,323,26.34,8.88,944.1,5.5,584.0,19.999998,73.8
MH-NSK,2022-04-28,33.0,41.1,24.3,21,37,0.0,0.0,18.6,317,25.33,8.06,944.5,6.2,584.0,19.999998,73.8
MH-NSK,2022-04-29,31.1,38.3,23.6,38,84,0.0,0.0,19.0,290,24.92,7.81,945.8,13.4,584.0,19.999998,73.8
MH-NSK,2022-04-30,30.7,38.7,24.0,37,74,0.0,0.0,23.4,275,27.32,8.91,943.9,12.0,584.0,19.999998,73.8
MH-NSK,2022-05-01,29.6,37.7,22.3,48,87,0.0,0.0,18.0,270,25.25,7.83,942.8,14.7,584.0,19.999998,73.8
MH-NSK,2022-05-02,29.1,37.2,22.7,56,88,0.0,0.0,19.3,273,25.57,7.43,943.0,17.0,584.0,19.999998,73.8
MH-NSK,2022-05-03,29.2,37.5,22.4,54,93,0.0,0.0,20.0,270,25.96,7.33,943.9,16.8,584.0,19.999998,73.8
MH-NSK,2022-05-04,29.1,37.5,22.2,50,84,0.0,0.0,18.6,288,27.26,7.22,944.9,14.5,584.0,19.999998,73.8
MH-NSK,2022-05-05,29.5,37.7,21.1,37,67,0.0,0.0,21.1,302,27.34,8.16,944.6,11.5,584.0,19.999998,73.8
MH-NSK,2022-05-06,29.4,37.8,20.8,42,76,0.0,0.0,20.1,297,25.83,7.46,944.1,13.0,584.0,19.999998,73.8
MH-NSK,2022-05-07,30.6,38.9,22.3,37,70,0.0,0.0,23.3,303,25.43,7.89,943.6,12.0,584.0,19.999998,73.8
MH-NSK,2022-05-08,31.3,40.0,22.5,34,54,0.0,0.0,20.9,309,22.35,7.54,942.0,11.7,584.0,19.999998,73.8
MH-NSK,2022-05-09,31.2,39.2,23.8,39,59,0.0,0.0,23.1,303,23.49,8.13,940.9,14.0,584.0,19.999998,73.8
MH-NSK,2022-05-10,30.6,39.1,23.8,50,76,0.3,0.3,22.1,303,21.93,7.5,940.6,16.3,584.0,19.999998,73.8
MH-NSK,2022-05-11,30.4,40.0,24.3,53,81,0.0,0.0,26.6,279,21.73,7.07,940.2,18.0,584.0,19.999998,73.8
MH-NSK,2022-05-12,29.0,36.4,23.4,63,89,0.0,0.0,19.9,258,22.28,6.43,941.1,20.3,584.0,19.999998,73.8
MH-NSK,2022-05-13,29.1,37.0,23.2,60,85,0.0,0.0,19.1,250,26.29,7.39,940.9,19.2,584.0,19.999998,73.8
MH-NSK,2022-05-14,28.8,36.7,22.4,58,91,0.0,0.0,20.1,259,25.78,7.35,941.4,18.2,584.0,19.999998,73.8
MH-NSK,2022-05-15,29.4,37.6,22.7,58,89,0.0,0.0,16.3,274,25.81,7.27,942.6,18.6,584.0,19.999998,73.8
MH-NSK,2022-05-16,29.8,37.9,22.5,54,89,0.0,0.0,17.4,287,26.18,7.37,942.2,17.6,584.0,19.999998,73.8
MH-NSK,2022-05-17,29.3,37.1,23.1,50,76,0.0,0.0,16.5,271,24.42,7.19,941.2,16.5,584.0,19.999998,73.8
MH-NSK,2022-05-18,29.3,37.6,21.8,53,90,0.0,0.0,17.6,283,25.5,7.17,941.5,16.4,584.0,19.999998,73.8
MH-NSK,2022-05-19,30.3,39.0,22.5,52,92,0.0,0.0,21.7,284,24.97,7.15,941.7,16.9,584.0,19.999998,73.8
MH-NSK,2022-05-20,28.4,36.0,23.5,61,84,0.0,0.0,19.9,258,25.59,7.12,942.5,19.1,584.0,19.999998,73.8
MH-NSK,2022-05-21,27.3,34.4,23.0,63,83,0.0,0.0,26.6,251,26.69,7.37,942.0,18.8,584.0,19.999998,73.8
MH-NSK,2022-05-22,27.2,33.5,23.2,66,87,0.0,0.0,28.6,253,22.74,6.62,940.2,19.5,584.0,19.999998,73.8
MH-NSK,2022-05-23,27.6,34.2,23.4,66,89,0.0,0.0,27.6,250,24.36,6.9,939.7,19.9,584.0,19.999998,73.8
MH-NSK,2022-05-24,27.7,34.0,23.4,66,92,0.7,0.7,21.2,253,23.42,6.38,942.4,20.1,584.0,19.999998,73.8
MH-NSK,2022-05-25,28.1,34.9,22.6,63,92,0.0,0.0,17.8,270,25.1,6.58,944.7,19.1,584.0,19.999998,73.8
MH-NSK,2022-05-26,27.9,34.5,23.1,64,90,0.0,0.0,18.8,260,24.45,6.55,944.3,19.4,584.0,19.999998,73.8
MH-NSK,2022-05-27,27.1,33.8,22.4,63,90,0.0,0.0,24.1,257,24.74,6.83,943.8,18.6,584.0,19.999998,73.8
MH-NSK,2022-05-28,27.2,33.8,22.4,64,88,0.0,0.0,24.4,257,22.94,6.5,942.9,18.9,584.0,19.999998,73.8
MH-NSK,2022-05-29,27.1,32.9,22.8,65,88,0.0,0.0,25.4,260,20.16,5.89,943.0,19.4,584.0,19.999998,73.8
MH-NSK,2022-05-30,27.4,33.7,22.7,66,90,0.0,0.0,20.4,262,24.18,6.44,942.9,19.7,584.0,19.999998,73.8
MH-NSK,2022-05-31,28.0,34.8,22.8,65,89,0.1,0.1,18.1,274,25.06,6.58,942.3,19.9,584.0,19.999998,73.8
MH-NSK,2022-06-01,28.2,35.5,22.9,64,89,0.3,0.3,18.9,280,24.12,6.43,942.5,19.8,584.0,19.999998,73.8
MH-NSK,2022-06-02,27.8,34.3,22.8,61,89,0.0,0.0,17.2,269,22.01,6.15,942.7,18.7,584.0,19.999998,73.8
MH-NSK,2022-06-03,28.0,35.5,22.1,58,90,0.0,0.0,19.4,269,26.71,7.29,942.3,17.0,584.0,19.999998,73.8
MH-NSK,2022-06-04,28.8,35.9,22.4,56,89,0.0,0.0,16.8,276,26.18,7.19,942.2,17.8,584.0,19.999998,73.8
MH-NSK,2022-06-05,29.0,37.0,22.5,59,90,0.1,0.1,20.8,274,25.19,6.81,942.1,18.9,584.0,19.999998,73.8
MH-NSK,2022-06-06,28.7,35.8,23.7,61,90,1.4,1.4,16.9,261,22.75,6.25,942.5,19.3,584.0,19.999998,73.8
MH-NSK,2022-06-07,28.0,34.3,22.5,62,88,1.8,1.8,16.4,267,21.9,6.02,942.7,19.5,584.0,19.999998,73.8
MH-NSK,2022-06-08,28.5,35.4,23.5,66,90,3.6,3.6,16.7,266,23.95,6.21,942.5,20.8,584.0,19.999998,73.8
MH-NSK,2022-06-09,28.5,36.2,24.4,68,87,6.1,6.1,14.0,251,22.0,5.58,941.5,21.4,584.0,19.999998,73.8
MH-NSK,2022-06-10,27.2,32.8,23.8,75,92,4.3,4.3,15.0,252,19.32,4.58,941.4,21.9,584.0,19.999998,73.8
MH-NSK,2022-06-11,25.2,32.1,22.7,83,97,12.7,12.7,19.8,227,14.49,3.33,941.7,21.8,584.0,19.999998,73.8
MH-NSK,2022-06-12,25.1,30.3,22.1,80,97,2.1,2.1,19.1,230,17.66,4.01,941.7,21.1,584.0,19.999998,73.8
MH-NSK,2022-06-13,26.1,31.6,22.4,75,95,2.5,2.5,18.9,230,21.86,5.11,943.0,21.0,584.0,19.999998,73.8
MH-NSK,2022-06-14,26.7,32.1,22.5,72,95,2.0,2.0,21.5,232,23.98,5.85,943.2,20.7,584.0,19.999998,73.8
MH-NSK,2022-06-15,26.2,31.5,22.8,76,95,1.2,1.2,26.3,239,21.48,5.17,942.4,21.2,584.0,19.999998,73.8
MH-NSK,2022-06-16,26.4,32.1,23.2,75,92,1.1,1.1,19.9,242,21.87,5.23,942.1,21.1,584.0,19.999998,73.8
MH-NSK,2022-06-17,26.4,31.4,23.0,76,95,2.8,2.8,18.8,236,20.91,5.0,941.6,21.4,584.0,19.999998,73.8
MH-NSK,2022-06-18,26.7,31.4,23.0,73,94,1.1,1.1,20.6,237,22.85,5.53,941.8,21.1,584.0,19.999998,73.8
MH-NSK,2022-06-19,25.5,29.4,23.1,81,94,2.6,2.6,24.8,234,19.37,4.4,941.8,21.7,584.0,19.999998,73.8
MH-NSK,2022-06-20,24.5,28.5,22.6,84,96,3.4,3.4,27.2,238,16.96,3.66,940.5,21.6,584.0,19.999998,73.8
MH-NSK,2022-06-21,24.2,29.2,21.9,84,95,3.9,3.9,22.1,233,17.1,3.65,938.7,21.3,584.0,19.999998,73.8
MH-NSK,2022-06-22,25.0,31.7,22.0,83,98,19.7,19.7,20.2,236,19.48,4.08,940.4,21.6,584.0,19.999998,73.8
MH-NSK,2022-06-23,24.8,29.9,21.9,85,99,18.8,18.8,9.1,292,15.39,3.2,941.4,21.9,584.0,19.999998,73.8
MH-NSK,2022-06-24,24.3,29.4,22.3,89,98,14.3,14.3,13.0,216,14.04,2.93,940.1,22.2,584.0,19.999998,73.8
MH-NSK,2022-06-25,25.0,29.0,21.3,84,99,9.3,9.3,13.0,194,18.89,3.85,937.7,21.9,584.0,19.999998,73.8
MH-NSK,2022-06-26,24.8,29.5,21.4,85,100,1.6,1.6,22.0,217,19.53,4.0,937.7,21.8,584.0,19.999998,73.8
MH-NSK,2022-06-27,24.1,28.4,22.3,88,97,17.3,17.3,18.8,224,14.59,3.0,939.5,21.9,584.0,19.999998,73.8
MH-NSK,2022-06-28,24.1,28.0,22.2,87,98,4.7,4.7,21.6,236,17.66,3.52,940.6,21.8,584.0,19.999998,73.8
MH-NSK,2022-06-29,24.8,28.3,22.4,86,97,8.0,8.0,19.7,241,18.8,3.87,939.5,22.1,584.0,19.999998,73.8
MH-NSK,2022-06-30,24.4,28.3,22.5,87,98,3.7,3.7,19.8,240,18.15,3.63,939.3,22.1,584.0,19.999998,73.8
MH-NSK,2022-07-01,23.6,26.2,21.8,89,96,3.5,3.5,26.6,235,14.15,2.79,939.6,21.7,584.0,19.999998,73.8
MH-NSK,2022-07-02,23.3,25.5,22.1,91,98,3.8,3.8,26.4,234,8.56,1.86,938.4,21.7,584.0,19.999998,73.8
MH-NSK,2022-07-03,24.0,27.5,22.0,87,96,3.1,3.1,27.6,232,18.32,3.59,938.4,21.6,584.0,19.999998,73.8
MH-NSK,2022-07-04,23.4,25.9,21.9,90,96,3.5,3.5,22.4,234,9.41,2.08,938.1,21.5,584.0,19.999998,73.8
MH-NSK,2022-07-05,23.2,24.8,22.2,92,97,6.2,6.2,21.5,242,6.88,1.6,936.6,21.7,584.0,19.999998,73.8
MH-NSK,2022-07-06,23.4,26.5,21.6,89,96,2.2,2.2,26.7,231,16.26,3.11,938.2,21.4,584.0,19.999998,73.8
MH-NSK,2022-07-07,23.7,26.2,22.2,89,96,2.9,2.9,26.8,247,14.09,2.81,940.7,21.7,584.0,19.999998,73.8
MH-NSK,2022-07-08,22.8,24.5,21.7,93,96,11.3,11.3,21.7,252,5.93,1.42,940.0,21.5,584.0,19.999998,73.8
MH-NSK,2022-07-09,22.6,25.2,21.0,91,96,16.3,16.3,22.0,263,8.96,1.91,938.5,21.0,584.0,19.999998,73.8
MH-NSK,2022-07-10,22.5,24.6,21.2,91,95,23.1,23.1,26.0,261,10.16,2.12,939.2,20.9,584.0,19.999998,73.8
MH-NSK,2022-07-11,22.2,23.1,21.2,94,97,38.9,38.9,26.0,256,5.59,1.28,940.2,21.1,584.0,19.999998,73.8
MH-NSK,2022-07-12,22.1,23.5,21.2,93,95,42.9,42.9,26.2,257,5.21,1.26,939.8,20.9,584.0,19.999998,73.8
MH-NSK,2022-07-13,22.4,23.6,21.4,93,95,58.3,58.3,26.9,253,3.69,1.06,936.6,21.3,584.0,19.999998,73.8
MH-NSK,2022-07-14,22.7,24.0,21.9,93,96,46.4,46.4,31.2,239,7.89,1.61,934.2,21.6,584.0,19.999998,73.8
MH-NSK,2022-07-15,23.1,24.9,22.2,92,96,9.7,9.7,30.8,232,13.42,2.43,935.2,21.7,584.0,19.999998,73.8
MH-NSK,2022-07-16,23.7,26.5,22.2,90,96,8.5,8.5,29.8,224,19.89,3.51,937.0,21.9,584.0,19.999998,73.8
MH-NSK,2022-07-17,24.2,27.2,22.6,87,96,2.4,2.4,25.8,241,20.01,3.85,939.8,21.8,584.0,19.999998,73.8
MH-NSK,2022-07-18,22.7,23.6,21.5,93,96,15.5,15.5,22.3,252,6.16,1.37,940.2,21.5,584.0,19.999998,73.8
MH-NSK,2022-07-19,22.8,25.1,21.8,91,96,7.1,7.1,28.1,248,10.61,2.11,940.9,21.3,584.0,19.999998,73.8
MH-NSK,2022-07-20,23.6,26.9,21.7,88,98,3.0,3.0,23.6,247,18.91,3.52,942.0,21.5,584.0,19.999998,73.8
MH-NSK,2022-07-21,23.8,27.1,21.8,86,96,2.3,2.3,20.9,254,17.61,3.54,942.5,21.1,584.0,19.999998,73.8
MH-NSK,2022-07-22,24.0,27.6,21.8,84,96,1.3,1.3,21.6,264,19.94,4.0,943.0,21.0,584.0,19.999998,73.8
MH-NSK,2022-07-23,23.3,25.6,22.0,88,95,6.5,6.5,24.1,257,15.23,3.02,941.0,21.1,584.0,19.999998,73.8
MH-NSK,2022-07-24,22.6,23.8,21.9,92,96,19.2,19.2,22.6,248,6.76,1.5,940.1,21.3,584.0,19.999998,73.8
MH-NSK,2022-07-25,22.8,25.5,21.5,91,98,2.8,2.8,20.9,235,12.32,2.39,942.0,21.2,584.0,19.999998,73.8
MH-NSK,2022-07-26,23.9,27.2,21.7,86,98,4.1,4.1,18.4,248,18.89,3.73,943.8,21.3,584.0,19.999998,73.8
MH-NSK,2022-07-27,23.6,27.7,21.1,89,99,7.7,7.7,11.9,263,13.99,2.85,943.9,21.5,584.0,19.999998,73.8
MH-NSK,2022-07-28,24.5,29.3,21.2,84,98,2.9,2.9,13.7,286,21.24,4.3,944.9,21.4,584.0,19.999998,73.8
MH-NSK,2022-07-29,24.8,29.4,21.8,85,100,2.6,2.6,14.0,285,20.17,4.14,944.5,21.8,584.0,19.999998,73.8
MH-NSK,2022-07-30,24.6,28.9,21.4,84,99,1.4,1.4,14.4,275,21.5,4.35,943.4,21.4,584.0,19.999998,73.8
MH-NSK,2022-07-31,24.4,28.4,21.2,82,97,1.4,1.4,16.2,268,21.68,4.46,941.9,20.8,584.0,19.999998,73.8
MH-NSK,2022-08-01,24.5,28.2,21.6,84,99,1.2,1.2,16.7,267,22.53,4.5,942.0,21.4,584.0,19.999998,73.8
MH-NSK,2022-08-02,24.4,27.6,21.9,83,96,1.5,1.5,15.9,271,17.23,3.63,941.2,21.2,584.0,19.999998,73.8
MH-NSK,2022-08-03,24.7,29.7,22.1,85,96,6.4,6.4,13.2,273,19.97,4.06,940.4,21.8,584.0,19.999998,73.8
MH-NSK,2022-08-04,24.7,29.1,22.0,88,98,18.6,18.6,10.7,259,16.96,3.49,939.5,22.4,584.0,19.999998,73.8
MH-NSK,2022-08-05,23.6,27.4,22.2,91,98,39.9,39.9,11.5,238,10.5,2.18,937.9,22.1,584.0,19.999998,73.8
MH-NSK,2022-08-06,23.9,28.1,21.9,89,98,13.0,13.0,16.5,232,16.71,3.25,936.8,21.9,584.0,19.999998,73.8
MH-NSK,2022-08-07,24.2,28.6,22.1,88,99,25.2,25.2,11.3,246,17.7,3.57,936.4,22.0,584.0,19.999998,73.8
MH-NSK,2022-08-08,23.9,27.2,22.2,89,97,12.8,12.8,12.7,234,12.34,2.6,935.1,21.9,584.0,19.999998,73.8
MH-NSK,2022-08-09,23.5,25.5,22.5,91,96,3.4,3.4,34.5,221,11.39,2.22,933.8,21.9,584.0,19.999998,73.8
MH-NSK,2022-08-10,23.2,25.5,22.3,91,96,9.1,9.1,29.9,229,11.18,2.2,933.1,21.7,584.0,19.999998,73.8
MH-NSK,2022-08-11,23.3,25.8,22.2,90,96,8.1,8.1,36.3,227,18.16,3.11,934.3,21.6,584.0,19.999998,73.8
MH-NSK,2022-08-12,23.0,25.2,21.8,91,96,8.4,8.4,35.7,231,15.21,2.7,937.5,21.4,584.0,19.999998,73.8
MH-NSK,2022-08-13,23.1,26.0,21.3,90,98,10.3,10.3,30.2,240,16.66,3.06,939.6,21.3,584.0,19.999998,73.8
MH-NSK,2022-08-14,23.3,26.6,22.0,88,95,5.9,5.9,28.7,241,20.77,3.76,941.2,21.1,584.0,19.999998,73.8
MH-NSK,2022-08-15,22.3,24.5,21.5,92,96,8.5,8.5,27.1,246,7.1,1.55,941.0,21.0,584.0,19.999998,73.8
MH-NSK,2022-08-16,22.3,23.9,21.6,93,96,16.8,16.8,29.6,232,8.69,1.69,940.0,21.2,584.0,19.999998,73.8
MH-NSK,2022-08-17,22.7,25.0,21.6,91,96,6.3,6.3,29.4,226,15.75,2.76,941.8,21.1,584.0,19.999998,73.8
MH-NSK,2022-08-18,23.0,26.5,21.5,90,97,4.8,4.8,28.9,235,18.63,3.28,942.4,21.2,584.0,19.999998,73.8
MH-NSK,2022-08-19,23.3,26.8,21.5,88,98,2.3,2.3,25.3,239,19.09,3.55,942.8,21.0,584.0,19.999998,73.8
MH-NSK,2022-08-20,23.7,26.9,21.8,86,96,1.7,1.7,25.3,252,19.41,3.75,942.6,21.1,584.0,19.999998,73.8
MH-NSK,2022-08-21,23.5,26.7,21.7,87,97,2.1,2.1,23.7,258,19.46,3.72,941.4,21.1,584.0,19.999998,73.8
MH-NSK,2022-08-22,22.7,24.2,21.9,91,96,2.9,2.9,26.7,255,9.06,1.88,939.9,21.2,584.0,19.999998,73.8
MH-NSK,2022-08-23,23.1,25.1,22.0,89,95,2.7,2.7,26.8,242,14.07,2.7,940.1,21.2,584.0,19.999998,73.8
MH-NSK,2022-08-24,23.0,26.0,21.6,89,95,3.2,3.2,22.9,238,17.38,3.2,943.0,21.0,584.0,19.999998,73.8
MH-NSK,2022-08-25,23.5,27.1,21.6,87,95,3.1,3.1,17.9,241,19.77,3.74,943.1,21.1,584.0,19.999998,73.8
MH-NSK,2022-08-26,23.7,27.5,21.1,84,97,2.8,2.8,15.9,254,21.33,4.17,943.2,20.6,584.0,19.999998,73.8
MH-NSK,2022-08-27,23.5,27.4,20.4,83,97,1.0,1.0,15.9,266,20.16,4.04,943.4,20.2,584.0,19.999998,73.8
MH-NSK,2022-08-28,23.6,28.0,20.3,81,98,1.0,1.0,12.8,272,19.56,4.04,943.2,20.0,584.0,19.999998,73.8
MH-NSK,2022-08-29,24.1,29.7,19.8,80,98,0.1,0.1,15.8,287,23.61,4.86,944.5,19.9,584.0,19.999998,73.8
MH-NSK,2022-08-30,24.5,29.9,20.8,84,99,10.6,10.6,7.4,337,21.38,4.38,944.7,21.5,584.0,19.999998,73.8
MH-NSK,2022-08-31,24.9,29.8,22.0,87,99,5.3,5.3,12.0,40,19.08,3.9,943.5,22.5,584.0,19.999998,73.8
MH-NSK,2022-09-01,24.0,29.2,21.9,89,98,14.6,14.6,15.0,59,15.68,3.22,943.3,22.0,584.0,19.999998,73.8
MH-NSK,2022-09-02,25.0,30.1,21.5,84,99,1.0,1.0,11.9,115,21.64,4.4,944.0,21.9,584.0,19.999998,73.8
MH-NSK,2022-09-03,25.0,30.2,21.5,87,100,3.2,3.2,11.7,242,21.59,4.37,943.9,22.4,584.0,19.999998,73.8
MH-NSK,2022-09-04,24.5,27.8,22.9,89,98,9.6,9.6,14.8,253,13.08,2.74,943.8,22.4,584.0,19.999998,73.8
MH-NSK,2022-09-05,24.0,27.5,21.8,87,98,1.9,1.9,13.1,268,15.75,3.2,943.7,21.5,584.0,19.999998,73.8
MH-NSK,2022-09-06,23.9,28.3,21.8,87,98,1.5,1.5,10.2,291,17.38,3.53,943.4,21.4,584.0,19.999998,73.8
MH-NSK,2022-09-07,24.2,29.4,21.2,88,99,9.7,9.7,13.6,347,18.87,3.75,943.2,21.9,584.0,19.999998,73.8
MH-NSK,2022-09-08,24.0,28.5,21.9,90,99,15.8,15.8,14.2,74,14.5,2.93,942.3,22.1,584.0,19.999998,73.8
MH-NSK,2022-09-09,24.5,29.3,21.9,89,98,8.4,8.4,14.6,87,17.04,3.41,941.4,22.4,584.0,19.999998,73.8
MH-NSK,2022-09-10,24.0,29.5,21.6,90,99,26.5,26.5,12.7,80,17.4,3.42,941.1,22.1,584.0,19.999998,73.8
MH-NSK,2022-09-11,24.3,29.2,21.5,89,98,16.9,16.9,10.3,27,16.02,3.24,938.8,22.3,584.0,19.999998,73.8
MH-NSK,2022-09-12,23.8,26.6,22.1,90,98,14.0,14.0,12.2,268,11.01,2.3,937.3,22.0,584.0,19.999998,73.8
MH-NSK,2022-09-13,23.2,26.2,21.9,93,98,10.9,10.9,23.9,230,10.01,1.96,938.8,22.0,584.0,19.999998,73.8
MH-NSK,2022-09-14,23.2,25.1,22.1,91,96,3.1,3.1,28.3,226,10.82,2.14,941.2,21.6,584.0,19.999998,73.8
MH-NSK,2022-09-15,23.0,25.4,21.9,92,96,8.3,8.3,30.0,230,9.12,1.84,942.1,21.7,584.0,19.999998,73.8
MH-NSK,2022-09-16,22.4,23.4,21.6,94,96,56.6,56.6,21.5,249,3.9,0.97,941.3,21.4,584.0,19.999998,73.8
MH-NSK,2022-09-17,22.7,25.3,21.0,91,98,8.0,8.0,17.8,231,13.82,2.6,942.4,21.0,584.0,19.999998,73.8
MH-NSK,2022-09-18,22.3,24.9,20.7,92,98,29.1,29.1,16.3,243,8.22,1.73,943.9,20.8,584.0,19.999998,73.8
MH-NSK,2022-09-19,22.4,25.4,21.0,90,97,14.0,14.0,17.3,272,9.93,2.09,944.3,20.6,584.0,19.999998,73.8
MH-NSK,2022-09-20,22.5,25.7,20.8,89,96,0.9,0.9,16.5,273,13.23,2.62,944.1,20.5,584.0,19.999998,73.8
MH-NSK,2022-09-21,23.0,27.3,20.5,85,97,0.8,0.8,17.0,275,17.66,3.54,944.1,20.3,584.0,19.999998,73.8
MH-NSK,2022-09-22,22.5,26.2,20.4,86,98,1.9,1.9,19.5,267,16.72,3.3,944.2,20.0,584.0,19.999998,73.8
MH-NSK,2022-09-23,22.6,26.5,20.3,84,98,0.9,0.9,21.3,252,17.11,3.48,944.4,19.5,584.0,19.999998,73.8
MH-NSK,2022-09-24,23.0,27.8,20.5,86,99,2.0,2.0,17.1,245,19.34,3.75,944.0,20.3,584.0,19.999998,73.8
MH-NSK,2022-09-25,23.1,27.9,20.3,84,100,0.8,0.8,13.3,252,20.89,4.14,944.0,20.0,584.0,19.999998,73.8
MH-NSK,2022-09-26,22.6,26.0,20.0,89,100,1.5,1.5,13.6,255,14.53,2.82,945.7,20.6,584.0,19.999998,73.8
MH-NSK,2022-09-27,23.2,27.9,20.2,87,99,3.7,3.7,9.9,289,19.76,3.9,944.6,20.7,584.0,19.999998,73.8
MH-NSK,2022-09-28,22.6,27.9,19.7,90,100,11.4,11.4,14.8,283,17.62,3.37,943.6,20.7,584.0,19.999998,73.8
MH-NSK,2022-09-29,23.4,28.4,20.1,88,99,2.3,2.3,11.5,312,17.8,3.52,943.5,21.2,584.0,19.999998,73.8
MH-NSK,2022-09-30,23.7,29.1,19.9,86,98,1.4,1.4,14.6,317,21.1,4.21,944.1,20.9,584.0,19.999998,73.8
MH-NSK,2022-10-01,23.7,28.7,20.5,87,99,1.7,1.7,16.6,298,19.15,3.8,944.5,21.2,584.0,19.999998,73.8
MH-NSK,2022-10-02,23.3,27.6,20.1,85,98,2.3,2.3,13.3,286,19.66,3.84,944.9,20.5,584.0,19.999998,73.8
MH-NSK,2022-10-03,23.3,28.1,20.1,82,99,0.1,0.1,12.0,306,20.87,4.19,945.3,19.8,584.0,19.999998,73.8
MH-NSK,2022-10-04,23.9,28.4,20.7,83,99,0.3,0.3,12.4,320,19.56,3.96,945.3,20.7,584.0,19.999998,73.8
MH-NSK,2022-10-05,24.2,28.3,21.0,80,96,0.4,0.4,16.2,311,18.8,3.96,944.1,20.3,584.0,19.999998,73.8
MH-NSK,2022-10-06,24.3,28.6,21.5,80,96,8.9,8.9,17.4,306,18.67,3.98,942.4,20.4,584.0,19.999998,73.8
MH-NSK,2022-10-07,22.3,24.0,21.1,94,98,14.0,14.0,12.1,222,6.87,1.39,941.0,21.4,584.0,19.999998,73.8
MH-NSK,2022-10-08,22.3,25.1,21.0,91,98,5.1,5.1,23.2,222,10.67,2.06,943.1,20.7,584.0,19.999998,73.8
MH-NSK,2022-10-09,23.6,27.6,21.3,87,98,1.0,1.0,15.5,235,16.7,3.3,945.1,21.1,584.0,19.999998,73.8
MH-NSK,2022-10-10,23.5,28.9,20.2,88,100,9.6,9.6,6.9,8,18.91,3.76,946.4,21.2,584.0,19.999998,73.8
MH-NSK,2022-10-11,23.7,28.5,20.9,89,100,5.6,5.6,9.3,53,18.6,3.66,945.3,21.5,584.0,19.999998,73.8
MH-NSK,2022-10-12,23.2,27.7,20.3,88,99,2.6,2.6,10.1,69,14.51,2.91,945.8,21.0,584.0,19.999998,73.8
MH-NSK,2022-10-13,24.0,28.9,20.4,83,98,1.2,1.2,15.9,64,18.18,3.73,946.3,20.6,584.0,19.999998,73.8
MH-NSK,2022-10-14,23.1,28.6,20.2,83,95,8.0,8.0,18.6,75,18.17,3.58,946.3,19.9,584.0,19.999998,73.8
MH-NSK,2022-10-15,22.7,27.7,19.0,68,96,0.0,0.0,18.6,60,21.98,4.79,945.5,15.9,584.0,19.999998,73.8
MH-NSK,2022-10-16,23.0,29.0,17.2,67,77,0.0,0.0,17.0,72,20.89,4.63,946.7,16.5,584.0,19.999998,73.8
MH-NSK,2022-10-17,23.6,28.4,21.4,86,97,17.3,17.3,19.9,96,14.95,3.09,947.7,20.9,584.0,19.999998,73.8
MH-NSK,2022-10-18,23.1,27.3,20.7,89,98,4.9,4.9,12.3,115,14.27,2.76,947.2,21.1,584.0,19.999998,73.8
MH-NSK,2022-10-19,23.1,27.3,20.4,88,99,2.9,2.9,10.6,70,13.91,2.73,946.9,20.9,584.0,19.999998,73.8
MH-NSK,2022-10-20,23.0,27.4,19.8,88,99,0.5,0.5,13.1,89,14.4,2.84,947.5,20.7,584.0,19.999998,73.8
MH-NSK,2022-10-21,22.6,27.5,20.1,88,99,4.2,4.2,15.9,96,16.2,3.11,949.2,20.4,584.0,19.999998,73.8
MH-NSK,2022-10-22,22.7,27.5,18.5,75,97,0.0,0.0,18.2,90,20.12,4.22,950.4,17.5,584.0,19.999998,73.8
MH-NSK,2022-10-23,21.0,27.2,15.5,65,90,0.0,0.0,14.4,63,21.64,4.53,949.5,13.7,584.0,19.999998,73.8
MH-NSK,2022-10-24,21.3,28.0,15.5,62,80,0.0,0.0,9.7,329,21.49,4.46,946.9,13.2,584.0,19.999998,73.8
MH-NSK,2022-10-25,21.5,28.1,15.4,61,78,0.0,0.0,9.2,310,21.51,4.48,946.8,13.1,584.0,19.999998,73.8
MH-NSK,2022-10-26,21.5,27.7,14.8,60,83,0.0,0.0,8.4,85,21.44,4.35,948.6,12.9,584.0,19.999998,73.8
MH-NSK,2022-10-27,21.1,27.5,16.1,62,85,0.0,0.0,11.2,85,21.15,4.3,948.6,13.0,584.0,19.999998,73.8
MH-NSK,2022-10-28,21.3,27.2,15.9,63,82,0.0,0.0,15.5,75,21.06,4.34,948.1,13.5,584.0,19.999998,73.8
MH-NSK,2022-10-29,21.1,27.7,16.0,62,79,0.0,0.0,16.7,71,20.86,4.49,948.1,12.9,584.0,19.999998,73.8
MH-NSK,2022-10-30,21.1,27.6,14.9,60,84,0.0,0.0,12.7,64,20.4,4.47,948.3,12.6,584.0,19.999998,73.8
MH-NSK,2022-10-31,21.6,27.5,16.5,54,79,0.0,0.0,11.2,71,20.8,4.47,948.0,11.5,584.0,19.999998,73.8
MH-NSK,2022-11-01,20.1,27.0,13.8,62,80,0.0,0.0,15.1,71,20.93,4.42,948.5,12.0,584.0,19.999998,73.8
MH-NSK,2022-11-02,20.9,28.5,14.0,59,86,0.0,0.0,16.4,65,20.71,4.77,948.1,11.7,584.0,19.999998,73.8
MH-NSK,2022-11-03,21.6,29.7,14.7,55,81,0.0,0.0,15.9,64,20.67,4.96,947.8,11.0,584.0,19.999998,73.8
MH-NSK,2022-11-04,21.2,28.9,15.0,55,71,0.0,0.0,19.1,78,20.62,4.84,948.7,11.2,584.0,19.999998,73.8
MH-NSK,2022-11-05,21.5,29.6,14.8,58,83,0.0,0.0,18.5,82,20.4,4.82,949.7,12.0,584.0,19.999998,73.8
MH-NSK,2022-11-06,22.0,29.7,15.2,54,86,0.0,0.0,16.5,83,20.31,4.77,950.0,11.2,584.0,19.999998,73.8
MH-NSK,2022-11-07,22.7,29.7,17.1,48,69,0.0,0.0,11.5,52,19.69,4.31,949.4,10.6,584.0,19.999998,73.8
MH-NSK,2022-11-08,22.9,29.9,16.0,51,74,0.0,0.0,12.5,309,19.56,4.33,949.0,11.4,584.0,19.999998,73.8
MH-NSK,2022-11-09,21.9,29.4,15.7,55,80,0.0,0.0,11.3,63,18.64,4.28,948.9,11.6,584.0,19.999998,73.8
MH-NSK,2022-11-10,21.5,28.2,14.8,55,79,0.0,0.0,13.6,61,19.52,4.58,949.6,11.5,584.0,19.999998,73.8
MH-NSK,2022-11-11,21.6,28.6,14.5,57,82,0.0,0.0,15.6,60,19.38,4.65,949.8,12.1,584.0,19.999998,73.8
MH-NSK,2022-11-12,21.7,28.3,15.3,61,84,0.0,0.0,16.6,77,19.22,4.42,949.7,13.3,584.0,19.999998,73.8
MH-NSK,2022-11-13,21.6,28.4,16.1,62,88,0.0,0.0,16.4,90,19.34,4.39,948.7,13.2,584.0,19.999998,73.8
MH-NSK,2022-11-14,22.0,29.0,15.6,65,91,0.0,0.0,12.3,68,19.0,4.07,948.8,14.4,584.0,19.999998,73.8
MH-NSK,2022-11-15,22.5,29.3,16.3,63,88,0.0,0.0,11.2,47,18.94,4.11,949.0,14.5,584.0,19.999998,73.8
MH-NSK,2022-11-16,21.8,28.4,15.4,63,92,0.0,0.0,9.9,68,19.09,3.99,948.4,13.7,584.0,19.999998,73.8
MH-NSK,2022-11-17,21.2,28.2,14.5,52,79,0.0,0.0,13.1,55,19.08,4.46,948.3,10.3,584.0,19.999998,73.8
MH-NSK,2022-11-18,19.6,26.7,13.3,48,67,0.0,0.0,14.8,66,19.29,4.68,948.5,7.4,584.0,19.999998,73.8
MH-NSK,2022-11-19,18.9,25.8,12.9,50,68,0.0,0.0,14.1,70,19.15,4.48,948.4,7.7,584.0,19.999998,73.8
MH-NSK,2022-11-20,18.6,26.0,10.9,51,79,0.0,0.0,15.2,64,19.2,4.49,947.1,7.5,584.0,19.999998,73.8
MH-NSK,2022-11-21,18.4,25.9,11.8,55,80,0.0,0.0,12.0,77,19.23,4.22,946.7,8.4,584.0,19.999998,73.8
MH-NSK,2022-11-22,19.3,27.4,10.9,60,87,0.0,0.0,11.5,74,18.58,4.03,947.1,10.6,584.0,19.999998,73.8
MH-NSK,2022-11-23,20.4,28.3,13.8,58,80,0.0,0.0,11.6,71,18.36,4.11,947.5,11.1,584.0,19.999998,73.8
MH-NSK,2022-11-24,20.7,28.4,13.2,59,81,0.0,0.0,11.9,75,18.37,4.06,947.3,11.9,584.0,19.999998,73.8
MH-NSK,2022-11-25,21.9,29.5,15.3,59,72,0.0,0.0,12.3,70,17.58,3.97,947.9,13.2,584.0,19.999998,73.8
MH-NSK,2022-11-26,22.9,30.0,16.5,60,83,0.0,0.0,12.3,50,17.19,3.92,947.1,14.2,584.0,19.999998,73.8
MH-NSK,2022-11-27,22.6,30.1,16.6,60,79,0.0,0.0,11.2,5,16.69,3.97,945.0,13.9,584.0,19.999998,73.8
MH-NSK,2022-11-28,22.1,29.6,15.2,59,86,0.0,0.0,9.9,331,17.87,3.94,945.5,13.0,584.0,19.999998,73.8
MH-NSK,2022-11-29,21.8,29.1,15.4,61,88,0.0,0.0,12.0,65,17.92,3.96,946.7,13.1,584.0,19.999998,73.8
MH-NSK,2022-11-30,21.7,28.9,16.0,59,82,0.0,0.0,11.9,77,17.76,4.06,947.8,12.6,584.0,19.999998,73.8
MH-NSK,2022-12-01,21.1,28.4,15.2,54,79,0.0,0.0,11.3,77,17.8,4.13,947.5,10.5,584.0,19.999998,73.8
MH-NSK,2022-12-02,21.1,29.0,14.2,55,84,0.0,0.0,16.4,45,18.0,4.0,946.6,10.7,584.0,19.999998,73.8
MH-NSK,2022-12-03,21.7,29.4,13.7,62,90,0.0,0.0,10.6,51,17.33,3.7,946.9,13.5,584.0,19.999998,73.8
MH-NSK,2022-12-04,22.8,29.0,18.0,66,86,0.0,0.0,11.6,69,14.7,3.31,948.0,15.8,584.0,19.999998,73.8
MH-NSK,2022-12-05,23.6,29.6,18.8,71,94,0.2,0.2,10.1,53,15.37,3.34,948.8,17.6,584.0,19.999998,73.8
MH-NSK,2022-12-06,23.9,30.4,18.9,64,91,0.0,0.0,12.6,54,16.6,3.7,948.6,16.1,584.0,19.999998,73.8
MH-NSK,2022-12-07,22.6,28.9,16.9,66,94,0.0,0.0,12.9,69,17.21,3.85,948.1,15.4,584.0,19.999998,73.8
MH-NSK,2022-12-08,20.7,27.2,15.7,63,94,0.0,0.0,13.4,69,17.54,3.92,947.7,12.7,584.0,19.999998,73.8
MH-NSK,2022-12-09,18.9,26.4,12.5,49,69,0.0,0.0,17.3,84,18.17,4.35,945.8,7.3,584.0,19.999998,73.8
MH-NSK,2022-12-10,18.7,27.2,11.5,52,79,0.0,0.0,11.9,75,18.27,4.13,945.4,7.7,584.0,19.999998,73.8
MH-NSK,2022-12-11,21.3,28.7,14.2,62,81,0.0,0.0,11.8,75,16.71,3.79,946.2,13.5,584.0,19.999998,73.8
MH-NSK,2022-12-12,23.0,28.7,19.1,75,92,0.3,0.3,17.0,82,15.28,3.37,946.3,18.0,584.0,19.999998,73.8
MH-NSK,2022-12-13,23.4,29.1,19.2,75,95,0.3,0.3,18.4,92,14.78,3.48,947.0,18.3,584.0,19.999998,73.8
MH-NSK,2022-12-14,23.1,29.9,20.1,79,95,5.2,5.2,16.4,91,14.02,3.21,948.0,18.9,584.0,19.999998,73.8
MH-NSK,2022-12-15,22.8,28.8,18.9,82,99,0.4,0.4,11.8,86,14.84,3.06,947.9,19.0,584.0,19.999998,73.8
MH-NSK,2022-12-16,23.0,29.0,18.2,75,98,0.0,0.0,9.1,63,15.96,3.22,947.3,17.7,584.0,19.999998,73.8
MH-NSK,2022-12-17,23.1,29.0,18.1,73,96,0.0,0.0,10.8,66,15.8,3.51,948.2,17.5,584.0,19.999998,73.8
MH-NSK,2022-12-18,22.8,28.8,18.1,67,93,0.0,0.0,11.9,73,16.69,3.85,948.1,15.5,584.0,19.999998,73.8
MH-NSK,2022-12-19,21.1,27.7,16.2,63,93,0.0,0.0,13.0,72,16.93,3.85,946.8,13.0,584.0,19.999998,73.8
MH-NSK,2022-12-20,21.0,28.8,15.1,58,83,0.0,0.0,10.5,69,17.08,3.82,946.0,11.6,584.0,19.999998,73.8
MH-NSK,2022-12-21,21.3,29.4,14.8,62,90,0.0,0.0,10.2,50,17.13,3.63,946.5,12.6,584.0,19.999998,73.8
MH-NSK,2022-12-22,21.7,29.8,14.5,62,92,0.0,0.0,9.1,50,17.21,3.63,946.3,13.0,584.0,19.999998,73.8
MH-NSK,2022-12-23,21.4,29.5,16.2,59,87,0.0,0.0,12.8,291,17.16,4.02,946.1,12.0,584.0,19.999998,73.8
MH-NSK,2022-12-24,18.5,27.3,11.6,55,85,0.0,0.0,8.8,335,17.63,3.54,946.5,8.0,584.0,19.999998,73.8
MH-NSK,2022-12-25,18.7,28.7,11.9,54,83,0.0,0.0,15.3,70,17.63,4.08,946.7,7.6,584.0,19.999998,73.8
MH-NSK,2022-12-26,20.5,29.4,12.9,51,76,0.0,0.0,14.0,278,17.33,4.01,948.1,9.3,584.0,19.999998,73.8
MH-NSK,2022-12-27,20.8,29.9,13.5,63,91,0.0,0.0,12.7,334,16.7,3.83,949.4,12.5,584.0,19.999998,73.8
MH-NSK,2022-12-28,21.3,29.8,14.6,59,83,0.0,0.0,11.2,31,17.28,3.78,950.5,12.2,584.0,19.999998,73.8
MH-NSK,2022-12-29,21.6,30.3,14.5,61,95,0.0,0.0,11.7,342,17.25,3.81,951.6,12.5,584.0,19.999998,73.8
MH-NSK,2022-12-30,22.1,30.2,15.2,53,74,0.0,0.0,13.0,324,17.23,3.88,952.5,11.1,584.0,19.999998,73.8
MH-NSK,2022-12-31,20.9,29.3,14.5,57,86,0.0,0.0,12.5,329,17.51,3.95,951.5,10.6,584.0,19.999998,73.8
MH-NSK,2023-01-01,19.4,28.4,11.9,60,86,0.0,0.0,10.2,38,17.55,3.56,950.8,10.3,584.0,19.999998,73.8
MH-NSK,2023-01-02,19.7,28.4,12.8,63,92,0.0,0.0,11.6,63,17.63,3.65,950.8,11.3,584.0,19.999998,73.8
MH-NSK,2023-01-03,19.9,28.5,12.4,62,89,0.0,0.0,13.2,48,17.32,3.74,950.5,11.4,584.0,19.999998,73.8
MH-NSK,2023-01-04,19.6,27.1,13.8,71,94,0.0,0.0,15.6,80,16.38,3.61,949.9,13.6,584.0,19.999998,73.8
MH-NSK,2023-01-05,20.5,27.7,14.6,72,96,0.0,0.0,18.9,94,12.78,3.08,950.9,14.5,584.0,19.999998,73.8
MH-NSK,2023-01-06,20.7,27.2,16.0,76,98,0.0,0.0,16.5,84,14.77,3.15,952.6,15.6,584.0,19.999998,73.8
MH-NSK,2023-01-07,21.0,27.1,16.3,74,98,0.0,0.0,14.8,76,16.63,3.47,952.3,15.5,584.0,19.999998,73.8
MH-NSK,2023-01-08,19.5,26.3,14.2,64,92,0.0,0.0,11.1,69,17.62,3.7,951.0,11.9,584.0,19.999998,73.8
MH-NSK,2023-01-09,17.9,26.2,10.7,54,81,0.0,0.0,13.0,69,18.33,3.92,951.4,7.3,584.0,19.999998,73.8
MH-NSK,2023-01-10,17.8,27.1,9.5,50,72,0.0,0.0,11.7,71,18.49,4.12,950.8,6.3,584.0,19.999998,73.8
MH-NSK,2023-01-11,18.9,29.4,10.7,54,85,0.0,0.0,12.3,342,18.35,4.22,948.6,7.9,584.0,19.999998,73.8
MH-NSK,2023-01-12,18.8,27.2,12.0,57,81,0.0,0.0,12.5,305,18.41,3.83,947.3,9.2,584.0,19.999998,73.8
MH-NSK,2023-01-13,18.7,25.8,13.9,66,99,0.0,0.0,10.7,288,18.28,3.81,948.0,11.3,584.0,19.999998,73.8
MH-NSK,2023-01-14,16.9,26.6,9.7,65,93,0.0,0.0,11.5,7,18.47,3.67,947.8,9.2,584.0,19.999998,73.8
MH-NSK,2023-01-15,17.8,27.6,10.8,62,90,0.0,0.0,11.3,51,18.55,3.87,946.6,9.6,584.0,19.999998,73.8
MH-NSK,2023-01-16,18.3,28.2,11.0,62,91,0.0,0.0,13.4,326,18.78,4.03,946.7,9.1,584.0,19.999998,73.8
MH-NSK,2023-01-17,18.9,28.9,11.1,61,92,0.0,0.0,12.3,352,18.65,4.01,947.4,9.6,584.0,19.999998,73.8
MH-NSK,2023-01-18,19.5,28.6,11.6,62,93,0.0,0.0,13.6,50,18.58,3.96,948.8,10.7,584.0,19.999998,73.8
MH-NSK,2023-01-19,20.2,30.1,12.2,60,91,0.0,0.0,13.8,321,18.64,4.32,948.6,10.5,584.0,19.999998,73.8
MH-NSK,2023-01-20,20.7,29.0,14.2,48,79,0.0,0.0,17.1,256,18.76,4.55,948.1,7.9,584.0,19.999998,73.8
MH-NSK,2023-01-21,20.3,28.7,13.4,51,80,0.0,0.0,15.3,269,18.77,4.54,948.2,8.5,584.0,19.999998,73.8
MH-NSK,2023-01-22,19.1,27.4,12.0,50,73,0.0,0.0,16.3,299,18.83,4.31,947.4,7.6,584.0,19.999998,73.8
MH-NSK,2023-01-23,19.2,27.5,13.2,54,73,0.0,0.0,17.1,278,18.89,4.21,946.7,9.0,584.0,19.999998,73.8
MH-NSK,2023-01-24,18.8,27.6,12.0,59,84,0.0,0.0,13.8,303,18.69,4.1,946.7,9.9,584.0,19.999998,73.8
MH-NSK,2023-01-25,19.2,27.2,12.3,55,75,0.0,0.0,14.7,327,17.94,3.96,947.1,9.5,584.0,19.999998,73.8
MH-NSK,2023-01-26,21.0,29.6,14.6,60,82,0.0,0.0,15.9,12,17.79,4.31,947.7,12.4,584.0,19.999998,73.8
MH-NSK,2023-01-27,22.1,29.7,16.4,65,97,0.0,0.0,15.4,89,18.1,4.12,948.3,14.0,584.0,19.999998,73.8
MH-NSK,2023-01-28,22.2,30.2,16.1,57,95,0.0,0.0,13.0,108,19.35,4.46,946.9,11.3,584.0,19.999998,73.8
MH-NSK,2023-01-29,20.7,28.7,14.7,71,98,0.0,0.0,20.5,246,18.04,4.07,945.0,14.3,584.0,19.999998,73.8
MH-NSK,2023-01-30,21.1,28.6,15.8,73,100,0.3,0.3,13.6,291,16.58,3.67,948.0,14.8,584.0,19.999998,73.8
MH-NSK,2023-01-31,21.7,28.9,16.2,64,95,0.0,0.0,13.8,64,18.72,4.45,948.9,13.4,584.0,19.999998,73.8
MH-NSK,2023-02-01,21.8,28.1,17.5,61,83,0.0,0.0,14.9,79,16.62,4.18,949.3,13.4,584.0,19.999998,73.8
MH-NSK,2023-02-02,21.7,29.0,15.6,54,79,0.0,0.0,15.9,85,19.19,4.64,949.1,11.3,584.0,19.999998,73.8
MH-NSK,2023-02-03,21.3,29.2,13.4,50,82,0.0,0.0,11.6,64,20.16,4.5,949.0,9.1,584.0,19.999998,73.8
MH-NSK,2023-02-04,21.5,29.8,14.1,46,73,0.0,0.0,10.1,52,20.49,4.56,947.8,8.2,584.0,19.999998,73.8
MH-NSK,2023-02-05,21.9,30.5,13.7,47,77,0.0,0.0,15.2,61,20.6,4.82,946.9,8.7,584.0,19.999998,73.8
MH-NSK,2023-02-06,22.1,30.4,14.0,47,82,0.0,0.0,15.9,333,20.62,5.07,946.9,9.0,584.0,19.999998,73.8
MH-NSK,2023-02-07,22.0,30.0,14.1,41,67,0.0,0.0,14.9,357,20.99,4.65,946.9,7.2,584.0,19.999998,73.8
MH-NSK,2023-02-08,22.4,31.6,14.0,47,79,0.0,0.0,9.4,54,21.02,4.74,947.7,8.5,584.0,19.999998,73.8
MH-NSK,2023-02-09,23.0,33.0,14.1,43,78,0.0,0.0,14.3,31,21.38,5.11,948.0,7.3,584.0,19.999998,73.8
MH-NSK,2023-02-10,24.5,33.8,16.7,34,59,0.0,0.0,17.3,315,21.48,5.44,949.1,5.3,584.0,19.999998,73.8
MH-NSK,2023-02-11,23.2,32.8,14.8,34,56,0.0,0.0,14.1,311,21.81,5.48,949.5,4.3,584.0,19.999998,73.8
MH-NSK,2023-02-12,21.8,31.6,12.3,42,77,0.0,0.0,15.8,62,21.75,5.75,950.5,6.0,584.0,19.999998,73.8
MH-NSK,2023-02-13,22.1,31.4,13.5,39,71,0.0,0.0,15.6,78,21.97,5.55,950.5,5.8,584.0,19.999998,73.8
MH-NSK,2023-02-14,21.7,31.8,13.3,34,61,0.0,0.0,13.1,75,22.28,5.55,949.9,2.8,584.0,19.999998,73.8
MH-NSK,2023-02-15,22.9,33.3,14.1,29,52,0.0,0.0,12.6,59,22.37,6.1,948.5,2.0,584.0,19.999998,73.8
MH-NSK,2023-02-16,24.1,33.8,14.7,30,59,0.0,0.0,14.4,66,22.29,6.19,949.2,3.8,584.0,19.999998,73.8
MH-NSK,2023-02-17,24.3,34.3,15.2,29,58,0.0,0.0,12.8,44,22.53,6.24,949.3,3.1,584.0,19.999998,73.8
MH-NSK,2023-02-18,23.3,33.1,15.3,31,57,0.0,0.0,14.9,60,22.76,6.02,948.9,3.3,584.0,19.999998,73.8
MH-NSK,2023-02-19,23.5,33.5,14.1,31,59,0.0,0.0,15.1,69,22.93,5.89,948.8,3.6,584.0,19.999998,73.8
MH-NSK,2023-02-20,25.0,34.5,17.2,31,52,0.0,0.0,17.9,9,22.74,5.57,948.6,4.8,584.0,19.999998,73.8
MH-NSK,2023-02-21,25.2,34.6,16.3,30,50,0.0,0.0,16.6,305,22.7,5.91,948.9,4.6,584.0,19.999998,73.8
MH-NSK,2023-02-22,25.0,34.2,14.8,28,49,0.0,0.0,16.1,299,22.51,5.84,948.5,3.5,584.0,19.999998,73.8
MH-NSK,2023-02-23,25.2,34.0,17.1,29,56,0.0,0.0,14.3,353,23.21,5.44,948.1,3.5,584.0,19.999998,73.8
MH-NSK,2023-02-24,25.2,33.7,16.9,28,55,0.0,0.0,14.8,355,23.04,5.56,949.2,3.6,584.0,19.999998,73.8
MH-NSK,2023-02-25,25.3,33.7,16.0,28,56,0.0,0.0,15.8,337,23.0,5.58,950.7,3.8,584.0,19.999998,73.8
MH-NSK,2023-02-26,24.9,34.0,15.2,28,60,0.0,0.0,17.3,344,23.17,5.66,951.1,2.9,584.0,19.999998,73.8
MH-NSK,2023-02-27,24.8,33.6,16.3,28,56,0.0,0.0,17.4,341,23.09,5.92,950.7,3.4,584.0,19.999998,73.8
MH-NSK,2023-02-28,24.9,34.0,16.6,28,54,0.0,0.0,14.8,276,22.68,6.0,950.5,3.6,584.0,19.999998,73.8
MH-NSK,2023-03-01,25.3,33.2,16.6,28,50,0.0,0.0,20.4,286,23.05,6.06,951.1,4.2,584.0,19.999998,73.8
MH-NSK,2023-03-02,26.1,34.0,17.9,29,49,0.0,0.0,13.8,56,21.64,5.95,951.7,5.4,584.0,19.999998,73.8
MH-NSK,2023-03-03,26.5,34.4,18.3,31,53,0.0,0.0,10.5,54,22.1,5.9,952.1,6.7,584.0,19.999998,73.8
MH-NSK,2023-03-04,27.1,35.1,18.7,31,49,0.0,0.0,13.8,22,21.08,6.12,951.8,7.3,584.0,19.999998,73.8
MH-NSK,2023-03-05,26.6,34.1,21.6,35,46,0.2,0.2,17.8,67,20.67,5.84,952.1,9.2,584.0,19.999998,73.8
MH-NSK,2023-03-06,23.6,30.0,19.1,50,78,1.8,1.8,14.9,52,16.99,4.28,951.5,12.2,584.0,19.999998,73.8
MH-NSK,2023-03-07,23.0,30.5,17.0,51,85,4.0,4.0,15.9,160,19.57,4.81,950.5,10.7,584.0,19.999998,73.8
MH-NSK,2023-03-08,24.0,31.7,15.4,41,81,0.0,0.0,12.2,42,21.88,5.3,950.3,8.4,584.0,19.999998,73.8
MH-NSK,2023-03-09,24.3,32.5,15.6,34,66,0.0,0.0,12.6,17,22.47,5.77,949.7,5.8,584.0,19.999998,73.8
MH-NSK,2023-03-10,24.1,32.2,17.5,33,47,0.0,0.0,14.8,72,22.87,5.84,949.2,6.2,584.0,19.999998,73.8
MH-NSK,2023-03-11,25.1,33.1,17.7,36,55,0.0,0.0,16.7,92,21.68,5.88,948.9,7.7,584.0,19.999998,73.8
MH-NSK,2023-03-12,25.3,33.5,17.6,38,57,0.0,0.0,19.4,91,21.55,5.91,948.4,9.0,584.0,19.999998,73.8
MH-NSK,2023-03-13,26.2,32.8,19.6,36,51,0.1,0.1,15.4,63,20.84,5.54,947.6,9.1,584.0,19.999998,73.8
MH-NSK,2023-03-14,26.0,32.2,18.9,37,60,0.0,0.0,11.0,7,20.67,5.12,946.4,9.5,584.0,19.999998,73.8
MH-NSK,2023-03-15,24.9,30.8,19.3,41,69,0.6,0.6,14.8,56,13.58,4.15,945.1,10.1,584.0,19.999998,73.8
MH-NSK,2023-03-16,22.8,28.7,18.4,61,84,1.0,1.0,13.4,132,17.94,4.06,946.5,14.3,584.0,19.999998,73.8
MH-NSK,2023-03-17,22.1,28.8,16.7,67,92,0.8,0.8,12.7,24,17.25,3.73,946.2,15.0,584.0,19.999998,73.8
MH-NSK,2023-03-18,21.5,29.8,16.2,69,97,4.3,4.3,22.5,30,21.22,4.31,945.0,14.8,584.0,19.999998,73.8
MH-NSK,2023-03-19,21.8,29.1,15.2,62,94,0.0,0.0,18.2,252,22.91,5.31,943.9,12.5,584.0,19.999998,73.8
MH-NSK,2023-03-20,21.8,28.6,16.9,61,97,0.0,0.0,16.9,273,22.29,5.28,943.9,12.4,584.0,19.999998,73.8
MH-NSK,2023-03-21,22.1,28.3,17.8,66,95,0.0,0.0,14.1,263,21.51,4.64,944.8,14.8,584.0,19.999998,73.8
MH-NSK,2023-03-22,22.4,28.8,16.6,65,96,0.0,0.0,17.5,280,22.55,5.23,945.7,14.3,584.0,19.999998,73.8
MH-NSK,2023-03-23,22.7,29.7,16.9,63,96,0.0,0.0,16.4,284,21.34,5.13,945.9,14.0,584.0,19.999998,73.8
MH-NSK,2023-03-24,23.0,31.3,15.9,62,92,0.0,0.0,15.9,280,24.38,5.83,945.9,14.0,584.0,19.999998,73.8
MH-NSK,2023-03-25,22.7,31.0,14.6,57,99,0.0,0.0,19.5,288,25.66,5.92,946.7,11.6,584.0,19.999998,73.8
MH-NSK,2023-03-26,22.5,30.4,14.4,49,84,0.0,0.0,15.8,301,25.77,6.08,946.5,10.1,584.0,19.999998,73.8
MH-NSK,2023-03-27,23.7,31.7,15.3,52,99,0.0,0.0,17.1,296,25.61,6.0,946.3,11.3,584.0,19.999998,73.8
MH-NSK,2023-03-28,24.3,32.5,16.5,52,96,0.0,0.0,15.5,273,25.39,5.7,945.8,11.8,584.0,19.999998,73.8
MH-NSK,2023-03-29,24.9,33.4,17.4,50,77,0.0,0.0,16.4,262,25.52,6.34,946.0,11.8,584.0,19.999998,73.8
MH-NSK,2023-03-30,23.9,31.2,17.4,59,92,0.0,0.0,16.6,269,24.5,5.96,945.4,14.5,584.0,19.999998,73.8
MH-NSK,2023-03-31,23.8,30.0,18.8,54,95,0.1,0.1,19.2,277,23.61,5.99,945.3,12.3,584.0,19.999998,73.8
MH-NSK,2023-04-01,23.8,31.8,16.0,52,95,0.0,0.0,19.6,291,25.49,6.03,945.8,11.5,584.0,19.999998,73.8
MH-NSK,2023-04-02,24.6,32.3,17.5,51,94,0.0,0.0,16.4,298,25.89,6.19,945.6,12.2,584.0,19.999998,73.8
MH-NSK,2023-04-03,25.2,33.4,17.7,55,96,0.0,0.0,19.4,299,25.86,6.24,945.3,13.2,584.0,19.999998,73.8
MH-NSK,2023-04-04,26.7,34.2,18.5,44,85,0.0,0.0,18.1,303,23.24,6.77,946.3,11.2,584.0,19.999998,73.8
MH-NSK,2023-04-05,27.4,35.1,19.2,32,60,0.0,0.0,18.6,308,24.26,7.05,946.2,8.1,584.0,19.999998,73.8
MH-NSK,2023-04-06,27.8,34.6,20.7,33,60,0.0,0.0,15.3,317,22.3,6.3,946.7,9.0,584.0,19.999998,73.8
MH-NSK,2023-04-07,27.7,34.6,21.1,38,60,0.0,0.0,19.3,66,20.94,5.92,947.9,11.3,584.0,19.999998,73.8
MH-NSK,2023-04-08,27.0,33.1,21.7,51,79,0.0,0.0,12.2,105,19.44,5.06,949.7,14.9,584.0,19.999998,73.8
MH-NSK,2023-04-09,27.9,34.4,20.3,44,74,0.0,0.0,9.2,176,23.2,5.58,949.7,13.1,584.0,19.999998,73.8
MH-NSK,2023-04-10,28.0,34.7,23.1,47,66,0.0,0.0,23.2,259,21.54,5.51,948.5,14.6,584.0,19.999998,73.8
MH-NSK,2023-04-11,28.8,36.3,21.5,42,70,0.0,0.0,9.7,20,22.48,5.73,948.5,13.6,584.0,19.999998,73.8
MH-NSK,2023-04-12,29.8,36.9,22.7,36,62,0.0,0.0,14.6,301,23.77,6.58,948.2,11.6,584.0,19.999998,73.8
MH-NSK,2023-04-13,29.3,36.5,23.7,35,49,0.1,0.1,30.6,323,19.05,5.89,947.9,11.7,584.0,19.999998,73.8
MH-NSK,2023-04-14,29.6,36.9,22.5,36,59,0.0,0.0,15.0,307,24.22,6.5,947.3,11.7,584.0,19.999998,73.8
MH-NSK,2023-04-15,28.4,36.7,22.0,40,69,0.0,0.0,15.5,231,23.8,5.97,947.2,12.5,584.0,19.999998,73.8
MH-NSK,2023-04-16,28.9,36.6,20.5,39,78,0.0,0.0,18.8,266,25.11,6.64,945.9,11.7,584.0,19.999998,73.8
MH-NSK,2023-04-17,29.4,36.9,21.0,32,56,0.0,0.0,13.5,271,24.58,6.54,946.1,9.4,584.0,19.999998,73.8
MH-NSK,2023-04-18,30.2,37.3,22.9,29,41,0.0,0.0,19.8,315,22.35,6.93,947.5,9.4,584.0,19.999998,73.8
MH-NSK,2023-04-19,30.3,37.8,23.2,31,54,0.0,0.0,19.4,327,23.36,6.85,945.2,10.6,584.0,19.999998,73.8
MH-NSK,2023-04-20,29.4,36.6,21.9,33,64,0.0,0.0,19.7,287,24.22,7.38,943.0,10.5,584.0,19.999998,73.8
MH-NSK,2023-04-21,27.5,35.1,20.5,37,62,0.0,0.0,20.1,275,26.47,7.47,943.0,10.2,584.0,19.999998,73.8
MH-NSK,2023-04-22,26.6,34.0,20.1,46,77,0.0,0.0,18.0,274,24.73,6.79,943.2,12.8,584.0,19.999998,73.8
MH-NSK,2023-04-23,26.7,33.3,20.0,48,87,0.0,0.0,15.9,296,23.8,6.65,943.6,12.9,584.0,19.999998,73.8
MH-NSK,2023-04-24,28.1,35.5,19.8,32,58,0.0,0.0,22.8,310,26.72,7.29,944.3,7.3,584.0,19.999998,73.8
MH-NSK,2023-04-25,28.8,36.0,21.8,30,61,0.0,0.0,17.6,258,25.87,6.82,944.5,7.8,584.0,19.999998,73.8
MH-NSK,2023-04-26,26.7,33.7,20.3,60,97,0.0,0.0,19.1,241,20.67,5.51,944.5,16.3,584.0,19.999998,73.8
MH-NSK,2023-04-27,26.8,33.4,20.8,58,95,0.0,0.0,16.5,247,22.93,5.7,945.1,16.0,584.0,19.999998,73.8
MH-NSK,2023-04-28,27.4,33.5,21.8,53,80,0.2,0.2,18.2,243,23.44,6.22,945.7,16.2,584.0,19.999998,73.8
MH-NSK,2023-04-29,25.9,31.9,20.5,56,75,0.0,0.0,19.5,253,22.86,5.86,945.0,15.8,584.0,19.999998,73.8
MH-NSK,2023-04-30,24.6,30.9,19.2,61,83,1.1,1.1,21.3,283,21.72,5.1,943.5,15.9,584.0,19.999998,73.8
MH-NSK,2023-05-01,24.3,29.4,19.7,60,90,0.0,0.0,15.9,255,15.64,4.29,943.3,15.2,584.0,19.999998,73.8
MH-NSK,2023-05-02,25.7,31.6,20.4,60,83,0.0,0.0,12.6,258,22.46,5.43,944.1,16.5,584.0,19.999998,73.8
MH-NSK,2023-05-03,26.0,32.5,19.6,62,99,0.0,0.0,14.5,281,24.13,5.85,945.4,16.4,584.0,19.999998,73.8
MH-NSK,2023-05-04,26.4,32.5,19.7,59,96,0.0,0.0,10.3,292,22.28,5.06,945.0,16.5,584.0,19.999998,73.8
MH-NSK,2023-05-05,27.0,34.2,20.5,61,95,0.0,0.0,11.3,280,24.48,5.66,944.5,17.6,584.0,19.999998,73.8
MH-NSK,2023-05-06,27.4,33.1,22.0,62,97,0.5,0.5,17.8,298,23.07,5.58,944.6,18.6,584.0,19.999998,73.8
MH-NSK,2023-05-07,27.6,33.1,22.3,59,85,0.5,0.5,15.5,291,19.75,5.27,944.6,18.3,584.0,19.999998,73.8
MH-NSK,2023-05-08,29.0,34.9,23.7,52,73,0.1,0.1,15.0,299,23.05,6.32,944.2,17.2,584.0,19.999998,73.8
MH-NSK,2023-05-09,30.1,37.4,24.1,51,78,0.1,0.1,20.4,307,25.3,7.01,944.6,17.4,584.0,19.999998,73.8
MH-NSK,2023-05-10,31.4,39.4,23.5,41,81,0.0,0.0,18.4,323,24.9,7.63,944.2,13.7,584.0,19.999998,73.8
MH-NSK,2023-05-11,32.0,39.7,23.8,32,69,0.0,0.0,19.0,323,26.7,7.92,944.5,10.6,584.0,19.999998,73.8
MH-NSK,2023-05-12,31.4,39.3,22.9,34,65,0.0,0.0,20.8,299,25.26,8.37,944.7,11.9,584.0,19.999998,73.8
MH-NSK,2023-05-13,30.7,38.5,24.1,41,73,0.0,0.0,19.1,273,25.44,7.9,945.1,14.7,584.0,19.999998,73.8
MH-NSK,2023-05-14,29.2,37.2,23.2,52,84,0.0,0.0,19.7,260,26.11,7.7,944.3,16.8,584.0,19.999998,73.8
MH-NSK,2023-05-15,28.4,35.8,22.6,61,95,0.0,0.0,21.3,271,26.12,7.24,945.1,18.4,584.0,19.999998,73.8
MH-NSK,2023-05-16,28.1,35.2,22.6,61,92,0.0,0.0,23.3,271,25.85,7.23,946.5,18.4,584.0,19.999998,73.8
MH-NSK,2023-05-17,28.7,36.1,22.5,58,93,0.0,0.0,18.6,287,25.09,6.81,946.9,18.0,584.0,19.999998,73.8
MH-NSK,2023-05-18,29.1,36.1,22.2,53,91,0.0,0.0,18.7,295,24.32,7.1,948.1,16.5,584.0,19.999998,73.8
MH-NSK,2023-05-19,29.8,37.9,21.8,45,77,0.0,0.0,19.2,298,26.74,7.73,946.6,14.5,584.0,19.999998,73.8
MH-NSK,2023-05-20,29.3,36.5,21.9,52,87,0.0,0.0,15.6,281,24.76,7.06,945.9,16.4,584.0,19.999998,73.8
MH-NSK,2023-05-21,28.8,36.3,21.9,58,94,0.0,0.0,17.2,275,25.34,6.86,946.6,17.8,584.0,19.999998,73.8
MH-NSK,2023-05-22,29.2,36.3,22.3,53,78,0.0,0.0,16.1,289,25.76,7.08,947.2,17.3,584.0,19.999998,73.8
MH-NSK,2023-05-23,29.5,37.5,22.2,46,72,0.0,0.0,18.2,286,26.43,7.58,947.2,15.6,584.0,19.999998,73.8
MH-NSK,2023-05-24,28.8,36.5,22.9,57,88,0.0,0.0,20.2,275,25.61,7.3,946.6,18.0,584.0,19.999998,73.8
MH-NSK,2023-05-25,28.0,35.4,22.7,62,90,0.0,0.0,22.7,261,25.22,7.03,946.9,18.7,584.0,19.999998,73.8
MH-NSK,2023-05-26,27.7,34.6,22.9,63,89,0.0,0.0,24.7,255,24.68,6.97,947.2,18.9,584.0,19.999998,73.8
MH-NSK,2023-05-27,27.7,34.5,22.4,64,91,0.0,0.0,23.3,258,24.68,6.78,946.2,19.5,584.0,19.999998,73.8
MH-NSK,2023-05-28,28.7,36.0,22.6,61,91,0.0,0.0,17.9,267,25.52,6.99,945.7,19.1,584.0,19.999998,73.8
MH-NSK,2023-05-29,30.0,37.5,23.4,54,92,0.0,0.0,19.0,296,25.06,7.33,945.5,17.1,584.0,19.999998,73.8
MH-NSK,2023-05-30,30.1,37.4,22.3,43,70,0.0,0.0,18.6,314,25.28,7.29,945.7,14.7,584.0,19.999998,73.8
MH-NSK,2023-05-31,30.7,37.5,23.1,42,83,0.0,0.0,18.1,311,25.79,7.83,945.5,14.5,584.0,19.999998,73.8
MH-NSK,2023-06-01,30.7,37.4,23.6,38,58,0.0,0.0,17.3,297,24.29,7.85,945.0,13.7,584.0,19.999998,73.8
MH-NSK,2023-06-02,28.6,35.7,22.5,57,88,0.0,0.0,21.6,281,26.14,7.38,945.5,18.1,584.0,19.999998,73.8
MH-NSK,2023-06-03,28.9,35.6,23.9,62,88,0.0,0.0,21.2,272,23.12,6.47,945.1,20.1,584.0,19.999998,73.8
MH-NSK,2023-06-04,28.4,33.4,24.4,67,90,1.5,1.5,18.2,269,23.17,5.75,945.0,21.0,584.0,19.999998,73.8
MH-NSK,2023-06-05,28.0,33.8,23.3,68,94,0.2,0.2,18.1,267,24.53,6.22,944.2,20.8,584.0,19.999998,73.8
MH-NSK,2023-06-06,28.7,35.6,23.1,63,93,0.0,0.0,16.2,273,24.86,6.45,944.0,19.8,584.0,19.999998,73.8
MH-NSK,2023-06-07,29.1,35.7,22.8,61,93,0.0,0.0,15.7,262,24.99,6.52,943.7,19.3,584.0,19.999998,73.8
MH-NSK,2023-06-08,29.3,36.1,23.6,60,90,0.0,0.0,15.8,262,24.81,6.66,944.3,19.5,584.0,19.999998,73.8
MH-NSK,2023-06-09,29.2,36.6,24.1,65,92,0.3,0.3,23.3,250,24.81,6.48,942.4,20.7,584.0,19.999998,73.8
MH-NSK,2023-06-10,28.8,35.2,24.6,64,87,1.7,1.7,20.9,231,23.52,6.12,941.3,20.6,584.0,19.999998,73.8
MH-NSK,2023-06-11,28.8,35.2,24.1,58,81,1.9,1.9,25.5,214,22.58,6.36,940.7,19.3,584.0,19.999998,73.8
MH-NSK,2023-06-12,28.8,34.5,23.4,57,80,1.3,1.3,26.1,208,22.17,6.55,940.4,18.7,584.0,19.999998,73.8
MH-NSK,2023-06-13,27.8,33.2,23.3,65,89,1.5,1.5,28.8,217,22.06,6.25,941.3,20.2,584.0,19.999998,73.8
MH-NSK,2023-06-14,26.7,32.5,23.3,73,91,0.8,0.8,35.6,225,22.52,5.76,942.8,21.0,584.0,19.999998,73.8
MH-NSK,2023-06-15,27.1,33.0,23.2,70,94,0.9,0.9,31.3,222,24.26,6.52,943.0,20.4,584.0,19.999998,73.8
MH-NSK,2023-06-16,25.9,30.6,23.3,78,92,2.4,2.4,36.7,226,21.84,5.21,941.9,21.5,584.0,19.999998,73.8
MH-NSK,2023-06-17,26.3,32.1,23.0,78,97,0.6,0.6,31.3,237,22.17,5.39,942.6,21.6,584.0,19.999998,73.8
MH-NSK,2023-06-18,26.9,32.3,23.6,73,94,1.6,1.6,27.4,253,22.86,5.87,943.2,21.0,584.0,19.999998,73.8
MH-NSK,2023-06-19,27.1,33.5,23.0,70,94,0.0,0.0,26.2,258,21.37,5.85,942.4,20.5,584.0,19.999998,73.8
MH-NSK,2023-06-20,27.2,33.3,23.0,69,94,1.4,1.4,22.8,259,21.54,5.75,941.8,20.4,584.0,19.999998,73.8
MH-NSK,2023-06-21,27.4,33.0,23.0,69,91,1.8,1.8,20.5,260,22.61,5.84,942.2,20.6,584.0,19.999998,73.8
MH-NSK,2023-06-22,27.7,33.2,23.3,68,92,0.9,0.9,19.9,258,24.15,6.23,942.5,20.5,584.0,19.999998,73.8
MH-NSK,2023-06-23,27.4,32.4,23.3,71,94,1.9,1.9,21.1,250,22.63,5.72,942.0,21.1,584.0,19.999998,73.8
MH-NSK,2023-06-24,25.4,29.1,22.5,81,94,2.2,2.2,17.1,249,12.46,3.12,940.7,21.7,584.0,19.999998,73.8
MH-NSK,2023-06-25,24.6,28.2,22.1,85,97,2.6,2.6,26.8,239,15.36,3.43,940.3,21.7,584.0,19.999998,73.8
MH-NSK,2023-06-26,23.1,25.0,22.0,93,98,11.1,11.1,22.6,240,5.71,1.37,941.2,21.8,584.0,19.999998,73.8
MH-NSK,2023-06-27,23.0,25.2,21.8,92,97,7.7,7.7,19.1,238,6.92,1.56,941.0,21.7,584.0,19.999998,73.8
MH-NSK,2023-06-28,23.4,25.4,22.3,93,97,16.2,16.2,19.5,239,10.43,2.06,941.5,22.2,584.0,19.999998,73.8
MH-NSK,2023-06-29,23.1,24.5,22.1,92,96,13.9,13.9,24.8,245,6.76,1.53,941.4,21.7,584.0,19.999998,73.8
MH-NSK,2023-06-30,23.0,24.6,22.1,93,96,17.2,17.2,26.0,243,6.79,1.48,941.1,21.8,584.0,19.999998,73.8
MH-NSK,2023-07-01,23.0,24.8,21.8,93,98,20.5,20.5,30.0,242,8.76,1.77,942.0,21.7,584.0,19.999998,73.8
MH-NSK,2023-07-02,24.0,27.0,21.9,90,98,6.1,6.1,22.9,235,16.76,3.2,941.9,22.1,584.0,19.999998,73.8
MH-NSK,2023-07-03,25.0,28.8,22.2,87,98,3.7,3.7,18.4,232,16.97,3.54,940.7,22.5,584.0,19.999998,73.8
MH-NSK,2023-07-04,25.2,28.6,23.4,87,97,3.0,3.0,17.8,243,18.77,3.77,939.0,22.9,584.0,19.999998,73.8
MH-NSK,2023-07-05,24.4,28.5,23.0,91,98,20.8,20.8,15.3,243,11.7,2.43,937.4,22.8,584.0,19.999998,73.8
MH-NSK,2023-07-06,24.1,27.9,22.2,90,98,10.2,10.2,26.0,226,15.02,3.0,938.3,22.2,584.0,19.999998,73.8
MH-NSK,2023-07-07,23.9,26.8,22.2,91,98,6.9,6.9,25.5,227,13.38,2.6,939.1,22.3,584.0,19.999998,73.8
MH-NSK,2023-07-08,23.7,25.3,22.5,91,97,7.1,7.1,27.9,233,13.77,2.59,940.6,22.1,584.0,19.999998,73.8
MH-NSK,2023-07-09,23.8,26.9,22.1,90,98,6.2,6.2,30.4,235,18.09,3.35,941.5,21.9,584.0,19.999998,73.8
MH-NSK,2023-07-10,24.2,27.0,22.1,86,97,3.1,3.1,26.4,243,19.71,3.83,942.2,21.7,584.0,19.999998,73.8
MH-NSK,2023-07-11,24.2,27.7,22.5,86,97,3.6,3.6,23.9,258,17.31,3.63,942.5,21.5,584.0,19.999998,73.8
MH-NSK,2023-07-12,23.8,26.8,22.1,89,99,5.4,5.4,18.8,250,11.59,2.47,941.6,21.8,584.0,19.999998,73.8
MH-NSK,2023-07-13,24.2,28.0,22.2,89,99,4.7,4.7,18.4,242,15.76,3.15,941.3,22.2,584.0,19.999998,73.8
MH-NSK,2023-07-14,24.0,27.2,22.1,89,99,15.6,15.6,19.9,245,15.41,3.07,942.4,22.0,584.0,19.999998,73.8
MH-NSK,2023-07-15,23.8,26.6,22.3,89,97,8.9,8.9,23.3,252,14.17,2.83,942.8,21.8,584.0,19.999998,73.8
MH-NSK,2023-07-16,23.2,25.5,21.9,91,97,4.6,4.6,19.6,245,9.36,2.0,942.1,21.6,584.0,19.999998,73.8
MH-NSK,2023-07-17,23.6,26.1,21.8,90,96,3.3,3.3,21.3,244,13.16,2.62,940.9,21.8,584.0,19.999998,73.8
MH-NSK,2023-07-18,23.7,25.8,22.6,92,97,15.6,15.6,22.4,255,9.31,1.93,939.4,22.4,584.0,19.999998,73.8
MH-NSK,2023-07-19,23.6,25.6,22.6,91,96,10.8,10.8,26.3,249,9.99,2.09,937.4,22.1,584.0,19.999998,73.8
MH-NSK,2023-07-20,24.0,26.9,22.5,88,97,9.3,9.3,32.1,252,19.15,3.6,937.8,21.8,584.0,19.999998,73.8
MH-NSK,2023-07-21,24.3,27.6,22.4,90,96,7.4,7.4,21.8,254,16.13,3.22,939.8,22.4,584.0,19.999998,73.8
MH-NSK,2023-07-22,23.6,25.6,22.4,92,98,16.8,16.8,25.8,254,9.62,2.0,939.9,22.2,584.0,19.999998,73.8
MH-NSK,2023-07-23,23.8,27.0,22.0,90,97,9.9,9.9,29.6,241,16.08,3.05,939.2,22.0,584.0,19.999998,73.8
MH-NSK,2023-07-24,23.8,26.3,22.5,90,96,8.3,8.3,26.6,243,15.53,2.93,939.7,22.0,584.0,19.999998,73.8
MH-NSK,2023-07-25,23.9,26.9,22.3,89,96,6.3,6.3,21.2,252,14.39,2.86,941.5,22.0,584.0,19.999998,73.8
MH-NSK,2023-07-26,23.8,26.2,22.5,91,97,14.1,14.1,18.8,253,11.06,2.3,942.4,22.1,584.0,19.999998,73.8
MH-NSK,2023-07-27,23.5,25.4,22.7,91,96,16.9,16.9,24.5,262,8.89,1.93,942.3,22.0,584.0,19.999998,73.8
MH-NSK,2023-07-28,23.1,24.9,22.2,92,96,18.1,18.1,24.1,264,8.73,1.85,942.4,21.8,584.0,19.999998,73.8
MH-NSK,2023-07-29,23.2,24.8,22.2,91,96,4.4,4.4,24.0,257,9.5,2.05,942.9,21.5,584.0,19.999998,73.8
MH-NSK,2023-07-30,23.6,26.6,22.2,88,96,4.4,4.4,27.1,255,18.33,3.47,942.3,21.5,584.0,19.999998,73.8
MH-NSK,2023-07-31,23.8,26.9,22.2,89,96,4.4,4.4,26.7,253,16.36,3.12,941.8,21.9,584.0,19.999998,73.8
MH-NSK,2023-08-01,23.9,26.6,22.6,88,96,3.3,3.3,29.3,256,17.37,3.32,941.7,21.7,584.0,19.999998,73.8
MH-NSK,2023-08-02,23.6,26.4,22.0,88,95,4.5,4.5,30.7,251,18.51,3.48,942.1,21.4,584.0,19.999998,73.8
MH-NSK,2023-08-03,23.6,25.9,22.3,88,95,2.8,2.8,31.7,254,14.23,2.89,941.6,21.5,584.0,19.999998,73.8
MH-NSK,2023-08-04,23.6,26.5,22.5,90,96,1.8,1.8,29.3,247,10.13,2.19,942.6,21.9,584.0,19.999998,73.8
MH-NSK,2023-08-05,23.8,26.6,22.1,90,96,3.7,3.7,28.7,248,16.79,3.15,944.6,21.9,584.0,19.999998,73.8
MH-NSK,2023-08-06,23.8,26.4,22.1,88,97,2.4,2.4,31.5,254,16.12,3.19,944.0,21.5,584.0,19.999998,73.8
MH-NSK,2023-08-07,23.9,27.4,22.0,86,98,1.2,1.2,30.5,252,18.22,3.73,942.3,21.2,584.0,19.999998,73.8
MH-NSK,2023-08-08,24.0,27.3,21.9,85,96,1.1,1.1,28.1,250,19.22,3.91,942.9,21.1,584.0,19.999998,73.8
MH-NSK,2023-08-09,24.1,27.3,22.0,85,96,2.1,2.1,24.5,253,20.74,4.08,945.1,21.3,584.0,19.999998,73.8
MH-NSK,2023-08-10,23.8,26.5,22.2,87,96,2.1,2.1,21.0,252,18.34,3.57,945.8,21.4,584.0,19.999998,73.8
MH-NSK,2023-08-11,24.2,27.5,21.9,82,94,1.6,1.6,20.0,260,21.82,4.41,945.4,20.8,584.0,19.999998,73.8
MH-NSK,2023-08-12,23.6,26.9,21.9,85,96,2.5,2.5,23.2,253,20.84,3.99,944.9,21.0,584.0,19.999998,73.8
MH-NSK,2023-08-13,23.7,26.8,21.8,86,97,4.2,4.2,25.5,251,22.2,4.11,943.5,21.2,584.0,19.999998,73.8
MH-NSK,2023-08-14,23.7,26.7,21.9,86,97,2.4,2.4,25.4,245,18.22,3.59,943.8,21.2,584.0,19.999998,73.8
MH-NSK,2023-08-15,23.5,26.2,21.7,86,95,1.5,1.5,22.3,244,16.67,3.34,944.5,21.0,584.0,19.999998,73.8
MH-NSK,2023-08-16,24.3,28.5,21.8,82,97,1.0,1.0,21.7,258,21.83,4.48,945.0,20.9,584.0,19.999998,73.8
MH-NSK,2023-08-17,24.0,27.5,21.5,80,93,0.4,0.4,21.6,271,19.99,4.22,945.1,20.3,584.0,19.999998,73.8
MH-NSK,2023-08-18,23.9,27.6,21.6,81,93,0.4,0.4,21.4,279,18.14,3.95,943.8,20.3,584.0,19.999998,73.8
MH-NSK,2023-08-19,24.0,27.4,22.1,84,94,1.0,1.0,21.6,278,15.94,3.48,942.6,20.9,584.0,19.999998,73.8
MH-NSK,2023-08-20,23.8,27.1,22.0,84,96,4.5,4.5,22.5,274,14.57,3.2,942.4,20.9,584.0,19.999998,73.8
MH-NSK,2023-08-21,24.2,27.4,21.6,83,97,1.2,1.2,21.0,267,21.13,4.25,943.1,20.9,584.0,19.999998,73.8
MH-NSK,2023-08-22,23.7,27.8,21.7,87,96,3.5,3.5,19.1,260,14.82,3.1,943.2,21.3,584.0,19.999998,73.8
MH-NSK,2023-08-23,23.8,27.5,21.8,86,97,2.0,2.0,21.9,251,20.49,3.97,943.0,21.1,584.0,19.999998,73.8
MH-NSK,2023-08-24,24.0,27.5,22.0,85,96,1.5,1.5,25.6,248,21.05,4.08,942.1,21.2,584.0,19.999998,73.8
MH-NSK,2023-08-25,24.0,27.2,22.1,88,98,3.9,3.9,26.1,243,21.04,3.91,942.2,21.7,584.0,19.999998,73.8
MH-NSK,2023-08-26,23.4,26.2,21.9,89,97,4.4,4.4,24.3,238,17.83,3.25,943.6,21.5,584.0,19.999998,73.8
MH-NSK,2023-08-27,23.3,26.9,21.4,88,98,2.2,2.2,21.1,248,17.71,3.37,944.5,21.0,584.0,19.999998,73.8
MH-NSK,2023-08-28,23.8,27.8,21.6,85,97,2.4,2.4,21.7,251,21.78,4.25,944.1,20.9,584.0,19.999998,73.8
MH-NSK,2023-08-29,24.2,28.2,21.3,83,97,2.6,2.6,17.2,260,21.18,4.32,944.3,20.8,584.0,19.999998,73.8
MH-NSK,2023-08-30,24.5,29.8,20.6,80,99,0.4,0.4,11.9,277,24.08,4.99,945.2,20.5,584.0,19.999998,73.8
MH-NSK,2023-08-31,24.6,29.8,20.3,80,100,0.2,0.2,13.8,284,23.44,4.9,945.2,20.4,584.0,19.999998,73.8
MH-NSK,2023-09-01,25.6,30.8,20.9,77,100,0.2,0.2,10.8,307,24.5,5.17,945.1,20.6,584.0,19.999998,73.8
MH-NSK,2023-09-02,24.7,29.3,21.4,83,99,4.8,4.8,13.6,287,22.39,4.52,944.8,21.4,584.0,19.999998,73.8
MH-NSK,2023-09-03,24.5,28.9,21.4,83,98,2.1,2.1,16.1,283,19.93,4.11,943.8,21.2,584.0,19.999998,73.8
MH-NSK,2023-09-04,24.1,28.2,20.9,81,96,1.2,1.2,17.7,289,19.54,4.07,942.7,20.5,584.0,19.999998,73.8
MH-NSK,2023-09-05,24.6,29.5,21.0,78,96,0.1,0.1,17.1,291,22.97,4.89,942.2,20.2,584.0,19.999998,73.8
MH-NSK,2023-09-06,24.2,28.3,21.3,83,96,5.1,5.1,19.2,276,19.29,3.96,941.9,21.1,584.0,19.999998,73.8
MH-NSK,2023-09-07,23.9,26.9,22.6,87,94,5.4,5.4,24.9,271,14.4,3.02,941.2,21.5,584.0,19.999998,73.8
MH-NSK,2023-09-08,23.1,24.8,22.1,93,95,20.2,20.2,23.0,275,6.36,1.43,941.3,21.8,584.0,19.999998,73.8
MH-NSK,2023-09-09,24.4,27.5,22.7,87,96,2.4,2.4,24.6,274,12.76,2.81,941.7,22.0,584.0,19.999998,73.8
MH-NSK,2023-09-10,24.5,28.2,22.2,86,99,0.8,0.8,24.9,261,19.19,3.86,941.7,21.9,584.0,19.999998,73.8
MH-NSK,2023-09-11,24.3,27.4,22.1,86,99,1.6,1.6,23.3,263,19.29,3.82,942.5,21.7,584.0,19.999998,73.8
MH-NSK,2023-09-12,24.1,28.2,21.4,81,97,0.3,0.3,21.3,264,20.29,4.26,943.3,20.5,584.0,19.999998,73.8
MH-NSK,2023-09-13,24.0,27.7,21.5,84,97,1.3,1.3,19.7,257,20.47,4.12,942.8,20.9,584.0,19.999998,73.8
MH-NSK,2023-09-14,24.2,28.0,22.2,84,96,1.9,1.9,18.0,261,19.57,3.97,943.0,21.2,584.0,19.999998,73.8
MH-NSK,2023-09-15,23.8,27.6,21.7,85,96,1.2,1.2,18.4,264,15.29,3.28,942.8,21.0,584.0,19.999998,73.8
MH-NSK,2023-09-16,22.9,24.0,22.3,93,97,7.8,7.8,25.3,257,6.17,1.39,941.8,21.7,584.0,19.999998,73.8
MH-NSK,2023-09-17,23.1,25.9,21.8,91,99,2.2,2.2,29.8,243,11.84,2.35,940.9,21.4,584.0,19.999998,73.8
MH-NSK,2023-09-18,23.2,26.8,21.2,90,99,4.9,4.9,26.4,226,18.66,3.34,941.2,21.4,584.0,19.999998,73.8
MH-NSK,2023-09-19,23.5,26.9,21.5,90,97,3.0,3.0,24.1,223,16.87,3.1,942.8,21.8,584.0,19.999998,73.8
MH-NSK,2023-09-20,24.0,27.5,21.9,91,98,5.3,5.3,19.5,226,16.12,3.08,943.7,22.3,584.0,19.999998,73.8
MH-NSK,2023-09-21,24.3,28.7,22.3,89,98,10.2,10.2,12.6,237,16.42,3.28,944.0,22.3,584.0,19.999998,73.8
MH-NSK,2023-09-22,23.8,26.6,22.2,93,99,17.0,17.0,10.4,261,9.64,1.96,944.4,22.5,584.0,19.999998,73.8
MH-NSK,2023-09-23,23.8,28.2,21.6,90,98,12.5,12.5,12.8,272,13.34,2.75,944.8,21.9,584.0,19.999998,73.8
MH-NSK,2023-09-24,23.7,26.6,22.1,90,98,7.1,7.1,11.9,269,14.05,2.76,945.0,21.9,584.0,19.999998,73.8
MH-NSK,2023-09-25,24.1,28.6,21.7,87,98,1.8,1.8,11.9,262,17.56,3.5,944.1,21.7,584.0,19.999998,73.8
MH-NSK,2023-09-26,24.5,29.4,21.4,87,100,6.2,6.2,11.7,301,20.15,4.04,944.1,21.9,584.0,19.999998,73.8
MH-NSK,2023-09-27,24.0,29.0,21.5,90,98,20.0,20.0,12.0,328,14.05,2.84,943.6,22.2,584.0,19.999998,73.8
MH-NSK,2023-09-28,24.7,29.1,21.5,86,98,2.5,2.5,10.5,26,18.95,3.82,942.9,22.1,584.0,19.999998,73.8
MH-NSK,2023-09-29,24.5,29.2,20.9,87,99,11.5,11.5,13.7,55,17.68,3.52,942.7,22.1,584.0,19.999998,73.8
MH-NSK,2023-09-30,26.0,31.1,21.5,78,99,0.2,0.2,14.8,55,20.77,4.62,942.6,21.4,584.0,19.999998,73.8
MH-NSK,2023-10-01,26.1,31.2,21.4,67,95,0.0,0.0,14.9,4,19.57,4.79,942.4,18.9,584.0,19.999998,73.8
MH-NSK,2023-10-02,24.4,28.5,22.0,83,98,0.9,0.9,16.6,262,17.26,3.57,944.7,21.2,584.0,19.999998,73.8
MH-NSK,2023-10-03,24.7,29.5,21.7,79,97,0.0,0.0,14.9,283,21.25,4.49,946.2,20.5,584.0,19.999998,73.8
MH-NSK,2023-10-04,24.8,30.3,21.0,75,100,0.0,0.0,11.0,296,23.01,4.91,946.8,19.2,584.0,19.999998,73.8
MH-NSK,2023-10-05,24.3,30.1,20.2,76,99,0.0,0.0,12.6,280,22.59,4.72,946.5,19.1,584.0,19.999998,73.8
MH-NSK,2023-10-06,24.3,30.1,19.3,75,97,0.0,0.0,16.6,283,23.16,4.69,945.7,18.5,584.0,19.999998,73.8
MH-NSK,2023-10-07,24.5,30.4,19.3,72,97,0.0,0.0,12.9,299,23.26,4.77,946.1,18.3,584.0,19.999998,73.8
MH-NSK,2023-10-08,24.8,30.8,19.3,69,95,0.0,0.0,11.5,345,23.25,4.94,947.2,17.8,584.0,19.999998,73.8
MH-NSK,2023-10-09,25.5,31.7,20.2,65,90,0.0,0.0,14.1,325,22.78,5.07,948.4,17.8,584.0,19.999998,73.8
MH-NSK,2023-10-10,25.2,30.9,19.5,64,85,0.0,0.0,13.4,314,21.79,4.86,948.3,17.1,584.0,19.999998,73.8
MH-NSK,2023-10-11,25.3,31.1,19.7,68,95,0.0,0.0,14.8,310,21.59,4.64,948.1,18.3,584.0,19.999998,73.8
MH-NSK,2023-10-12,26.2,31.9,20.7,63,88,0.0,0.0,12.1,31,20.6,4.68,948.6,18.0,584.0,19.999998,73.8
MH-NSK,2023-10-13,25.6,31.7,20.7,62,84,0.0,0.0,8.9,32,19.41,4.45,949.0,17.1,584.0,19.999998,73.8
MH-NSK,2023-10-14,26.1,31.6,20.5,57,79,0.0,0.0,10.5,343,18.46,4.1,948.9,16.4,584.0,19.999998,73.8
MH-NSK,2023-10-15,25.5,30.5,20.4,62,85,0.1,0.1,12.8,331,19.81,4.54,947.7,17.2,584.0,19.999998,73.8
MH-NSK,2023-10-16,25.1,30.3,20.0,65,86,0.0,0.0,9.4,7,19.11,4.23,947.5,17.7,584.0,19.999998,73.8
MH-NSK,2023-10-17,24.9,30.4,20.2,65,86,0.4,0.4,10.7,37,19.64,4.46,948.7,17.4,584.0,19.999998,73.8
MH-NSK,2023-10-18,24.8,30.0,19.7,64,82,0.0,0.0,9.6,50,19.58,4.3,949.5,17.2,584.0,19.999998,73.8
MH-NSK,2023-10-19,25.7,31.6,20.0,55,83,0.0,0.0,17.8,1,21.31,5.04,949.1,15.3,584.0,19.999998,73.8
MH-NSK,2023-10-20,25.7,31.3,20.4,54,75,0.0,0.0,12.9,64,19.47,4.5,949.1,15.2,584.0,19.999998,73.8
MH-NSK,2023-10-21,24.7,30.4,20.4,66,81,0.3,0.3,13.9,70,17.95,4.07,949.6,17.5,584.0,19.999998,73.8
MH-NSK,2023-10-22,24.8,31.0,19.1,58,82,0.0,0.0,10.3,24,20.02,4.61,949.7,15.2,584.0,19.999998,73.8
MH-NSK,2023-10-23,25.3,31.4,18.8,51,80,0.0,0.0,10.3,41,19.32,4.57,948.7,14.1,584.0,19.999998,73.8
MH-NSK,2023-10-24,24.8,31.1,18.9,53,76,0.0,0.0,10.3,57,20.76,4.84,948.3,13.8,584.0,19.999998,73.8
MH-NSK,2023-10-25,24.2,30.9,18.7,52,71,0.0,0.0,10.9,62,18.64,4.57,949.7,13.2,584.0,19.999998,73.8
MH-NSK,2023-10-26,24.1,30.6,17.9,47,65,0.0,0.0,11.6,63,20.87,4.91,949.9,11.5,584.0,19.999998,73.8
MH-NSK,2023-10-27,23.7,30.3,16.8,44,66,0.0,0.0,13.2,65,21.02,5.28,948.6,10.1,584.0,19.999998,73.8
MH-NSK,2023-10-28,23.7,30.2,16.9,46,66,0.0,0.0,11.0,74,21.0,4.99,948.3,10.7,584.0,19.999998,73.8
MH-NSK,2023-10-29,23.4,30.5,16.9,47,67,0.0,0.0,10.6,63,20.77,5.09,947.9,10.9,584.0,19.999998,73.8
MH-NSK,2023-10-30,23.6,30.5,18.2,47,59,0.0,0.0,12.1,68,20.3,4.91,947.8,11.3,584.0,19.999998,73.8
MH-NSK,2023-10-31,23.4,30.5,18.4,50,68,0.0,0.0,14.9,61,19.77,4.81,948.6,12.0,584.0,19.999998,73.8
MH-NSK,2023-11-01,23.2,30.0,17.6,54,72,0.0,0.0,13.3,68,20.43,4.91,949.1,13.0,584.0,19.999998,73.8
MH-NSK,2023-11-02,23.2,29.8,17.9,56,76,0.0,0.0,12.6,62,20.28,4.59,948.3,13.3,584.0,19.999998,73.8
MH-NSK,2023-11-03,23.8,30.4,17.7,52,76,0.0,0.0,11.2,60,20.12,4.77,946.9,12.8,584.0,19.999998,73.8
MH-NSK,2023-11-04,24.1,30.9,17.6,50,76,0.0,0.0,14.6,73,19.65,4.71,946.7,12.2,584.0,19.999998,73.8
MH-NSK,2023-11-05,24.3,30.8,18.9,48,62,0.0,0.0,13.7,70,18.86,4.84,948.1,12.2,584.0,19.999998,73.8
MH-NSK,2023-11-06,23.9,30.7,18.4,45,62,0.0,0.0,15.0,83,19.65,5.01,949.2,11.0,584.0,19.999998,73.8
MH-NSK,2023-11-07,23.8,30.3,17.9,47,61,0.0,0.0,14.4,69,19.54,5.08,949.0,11.3,584.0,19.999998,73.8
MH-NSK,2023-11-08,24.8,30.8,19.3,50,61,0.0,0.0,10.8,64,17.89,4.41,948.6,13.6,584.0,19.999998,73.8
MH-NSK,2023-11-09,25.2,31.0,19.7,55,70,0.0,0.0,12.9,76,17.6,4.32,949.0,15.2,584.0,19.999998,73.8
MH-NSK,2023-11-10,24.3,30.6,19.3,68,88,3.4,3.4,16.4,119,15.81,3.48,950.2,17.7,584.0,19.999998,73.8
MH-NSK,2023-11-11,25.0,32.1,19.0,61,92,0.0,0.0,13.4,54,18.17,4.47,950.8,15.8,584.0,19.999998,73.8
MH-NSK,2023-11-12,24.7,31.5,19.1,52,68,0.0,0.0,12.1,57,18.32,4.55,950.9,13.6,584.0,19.999998,73.8
MH-NSK,2023-11-13,24.2,30.9,18.2,49,72,0.0,0.0,11.2,79,19.24,4.53,950.1,12.2,584.0,19.999998,73.8
MH-NSK,2023-11-14,23.5,30.3,18.3,49,67,0.0,0.0,11.2,57,19.2,4.65,949.4,11.5,584.0,19.999998,73.8
MH-NSK,2023-11-15,23.0,29.3,17.5,49,64,0.0,0.0,10.5,64,19.17,4.41,949.2,11.1,584.0,19.999998,73.8
MH-NSK,2023-11-16,22.8,29.0,16.6,51,71,0.0,0.0,10.8,71,19.02,4.3,949.4,11.7,584.0,19.999998,73.8
MH-NSK,2023-11-17,22.2,28.6,16.1,56,74,0.0,0.0,11.2,72,18.85,4.07,949.2,12.5,584.0,19.999998,73.8
MH-NSK,2023-11-18,22.5,29.1,17.1,58,77,0.0,0.0,13.2,69,18.53,4.26,948.6,13.5,584.0,19.999998,73.8
MH-NSK,2023-11-19,24.0,30.6,17.0,59,78,0.0,0.0,16.5,34,17.38,4.21,948.6,14.9,584.0,19.999998,73.8
MH-NSK,2023-11-20,25.0,30.3,20.7,56,73,0.0,0.0,12.9,72,17.8,4.34,949.3,15.3,584.0,19.999998,73.8
MH-NSK,2023-11-21,23.7,29.3,19.2,56,76,0.0,0.0,12.4,64,18.27,4.37,949.1,14.1,584.0,19.999998,73.8
MH-NSK,2023-11-22,22.5,28.8,16.3,58,84,0.0,0.0,12.5,54,18.51,4.08,948.1,13.3,584.0,19.999998,73.8
MH-NSK,2023-11-23,22.6,29.0,17.1,62,80,0.0,0.0,9.7,66,17.17,3.74,946.5,14.3,584.0,19.999998,73.8
MH-NSK,2023-11-24,23.5,29.2,19.1,70,92,0.0,0.0,13.6,78,16.5,3.76,947.0,17.2,584.0,19.999998,73.8
MH-NSK,2023-11-25,23.4,29.1,19.0,71,93,0.1,0.1,16.0,101,15.8,3.54,948.5,17.6,584.0,19.999998,73.8
MH-NSK,2023-11-26,22.3,28.1,19.1,79,98,15.1,15.1,15.8,114,11.1,2.61,948.3,18.3,584.0,19.999998,73.8
MH-NSK,2023-11-27,21.3,25.9,18.4,87,99,4.4,4.4,12.8,140,12.94,2.53,947.2,18.8,584.0,19.999998,73.8
MH-NSK,2023-11-28,21.5,27.0,18.2,82,99,1.4,1.4,10.7,1,15.6,3.13,946.2,17.9,584.0,19.999998,73.8
MH-NSK,2023-11-29,21.1,26.9,17.6,82,100,0.1,0.1,13.4,149,13.78,2.86,946.9,17.6,584.0,19.999998,73.8
MH-NSK,2023-11-30,21.3,27.6,16.7,83,99,1.3,1.3,11.4,126,15.65,3.12,947.3,17.9,584.0,19.999998,73.8
MH-NSK,2023-12-01,21.3,27.8,18.0,79,100,0.1,0.1,11.7,93,14.34,3.0,947.2,17.1,584.0,19.999998,73.8
MH-NSK,2023-12-02,22.4,28.1,18.7,78,98,0.3,0.3,16.2,93,15.83,3.42,947.0,18.0,584.0,19.999998,73.8
MH-NSK,2023-12-03,22.9,28.6,18.6,78,96,0.1,0.1,15.0,92,16.2,3.4,947.6,18.4,584.0,19.999998,73.8
MH-NSK,2023-12-04,22.8,28.0,19.1,76,97,0.0,0.0,9.7,69,15.85,3.32,946.8,17.9,584.0,19.999998,73.8
MH-NSK,2023-12-05,22.2,27.5,18.3,77,97,0.1,0.1,12.8,74,16.23,3.44,946.1,17.5,584.0,19.999998,73.8
MH-NSK,2023-12-06,21.0,25.7,17.4,81,98,0.8,0.8,14.9,80,13.14,2.71,946.7,17.4,584.0,19.999998,73.8
MH-NSK,2023-12-07,20.8,26.2,16.9,76,98,0.2,0.2,12.6,80,16.05,3.05,947.1,15.8,584.0,19.999998,73.8
MH-NSK,2023-12-08,21.1,27.0,16.9,73,98,0.0,0.0,12.8,76,16.55,3.33,947.8,15.4,584.0,19.999998,73.8
MH-NSK,2023-12-09,21.3,27.1,16.9,74,97,0.0,0.0,12.8,76,17.19,3.45,948.9,15.9,584.0,19.999998,73.8
MH-NSK,2023-12-10,21.4,27.4,16.7,72,94,0.0,0.0,11.8,58,17.1,3.51,948.0,15.6,584.0,19.999998,73.8
MH-NSK,2023-12-11,21.6,28.4,16.7,68,89,0.0,0.0,12.1,53,16.88,3.57,948.0,14.9,584.0,19.999998,73.8
MH-NSK,2023-12-12,21.1,28.0,15.4,71,97,0.0,0.0,14.3,347,16.35,3.5,946.9,14.9,584.0,19.999998,73.8
MH-NSK,2023-12-13,21.0,27.4,15.4,67,92,0.0,0.0,11.0,61,17.15,3.54,947.7,14.1,584.0,19.999998,73.8
MH-NSK,2023-12-14,21.1,27.1,16.3,66,90,0.0,0.0,12.8,87,17.13,3.72,949.3,13.9,584.0,19.999998,73.8
MH-NSK,2023-12-15,20.2,26.2,16.1,66,88,0.0,0.0,13.2,88,17.07,3.68,949.9,13.1,584.0,19.999998,73.8
MH-NSK,2023-12-16,19.5,25.9,14.2,64,91,0.0,0.0,10.2,64,17.31,3.59,949.3,12.0,584.0,19.999998,73.8
MH-NSK,2023-12-17,19.8,26.2,14.3,64,82,0.0,0.0,15.4,79,16.91,3.73,949.1,12.4,584.0,19.999998,73.8
MH-NSK,2023-12-18,20.1,25.7,15.3,64,83,0.0,0.0,18.2,87,16.0,3.89,950.3,12.7,584.0,19.999998,73.8
MH-NSK,2023-12-19,20.1,25.5,16.4,60,75,0.0,0.0,19.1,87,16.4,4.04,951.0,11.8,584.0,19.999998,73.8
MH-NSK,2023-12-20,19.5,25.9,14.6,56,72,0.0,0.0,18.5,87,15.26,4.03,950.7,10.0,584.0,19.999998,73.8
MH-NSK,2023-12-21,20.6,26.9,15.7,55,74,0.0,0.0,15.8,80,13.73,3.75,949.7,10.9,584.0,19.999998,73.8
MH-NSK,2023-12-22,21.0,28.1,16.4,60,78,0.0,0.0,11.2,56,13.36,3.31,949.4,12.7,584.0,19.999998,73.8
MH-NSK,2023-12-23,20.9,29.6,13.5,58,89,0.0,0.0,11.0,68,17.25,3.96,949.9,11.3,584.0,19.999998,73.8
MH-NSK,2023-12-24,21.1,29.2,16.0,51,67,0.0,0.0,12.6,73,17.5,4.4,951.4,9.7,584.0,19.999998,73.8
MH-NSK,2023-12-25,21.4,29.4,15.7,58,76,0.0,0.0,11.0,73,17.38,4.05,951.2,12.1,584.0,19.999998,73.8
MH-NSK,2023-12-26,21.9,30.0,15.9,53,74,0.0,0.0,15.3,31,17.35,3.98,950.9,11.4,584.0,19.999998,73.8
MH-NSK,2023-12-27,21.7,30.0,15.3,57,82,0.0,0.0,8.4,32,17.15,3.78,951.1,12.1,584.0,19.999998,73.8
MH-NSK,2023-12-28,22.1,29.5,16.2,63,85,0.0,0.0,10.4,77,17.37,3.78,949.6,14.0,584.0,19.999998,73.8
MH-NSK,2023-12-29,22.0,29.6,16.5,63,87,0.0,0.0,9.7,48,17.25,3.62,949.5,14.0,584.0,19.999998,73.8
MH-NSK,2023-12-30,21.9,29.7,15.6,62,90,0.0,0.0,10.2,29,17.23,3.79,949.0,13.6,584.0,19.999998,73.8
MH-NSK,2023-12-31,21.9,29.1,16.3,60,84,0.0,0.0,9.6,43,17.24,3.71,948.4,12.9,584.0,19.999998,73.8
