site_id,date,temperature_2m_mean,temperature_2m_max,temperature_2m_min,relative_humidity_2m_mean,relative_humidity_2m_max,precipitation_sum,rain_sum,wind_speed_10m_max,wind_direction_10m_dominant,shortwave_radiation_sum,et0_fao_evapotranspiration,surface_pressure_mean,dew_point_2m_mean,elevation_m,lat,lon
MH-SNG,2020-12-01,24.1,29.2,19.3,67,94,0.0,0.0,14.6,83,15.7,3.79,952.2,17.1,556.0,16.836554,74.58373
MH-SNG,2020-12-02,22.6,29.3,16.7,60,89,0.0,0.0,16.3,71,18.93,4.43,951.0,13.7,556.0,16.836554,74.58373
MH-SNG,2020-12-03,22.1,29.7,16.1,54,73,0.0,0.0,12.6,82,19.17,4.5,950.1,11.7,556.0,16.836554,74.58373
MH-SNG,2020-12-04,22.0,29.8,16.5,58,79,0.0,0.0,11.7,81,19.0,4.42,949.3,12.8,556.0,16.836554,74.58373
MH-SNG,2020-12-05,21.8,29.7,16.7,53,75,0.0,0.0,11.6,74,19.16,4.55,949.6,11.0,556.0,16.836554,74.58373
MH-SNG,2020-12-06,21.3,29.5,14.9,49,75,0.0,0.0,14.4,95,19.25,4.76,950.8,9.6,556.0,16.836554,74.58373
MH-SNG,2020-12-07,23.8,30.0,18.4,56,78,0.0,0.0,16.9,90,17.93,4.64,952.3,14.2,556.0,16.836554,74.58373
MH-SNG,2020-12-08,24.4,29.5,20.1,64,81,0.0,0.0,18.3,116,15.08,3.94,952.6,16.9,556.0,16.836554,74.58373
MH-SNG,2020-12-09,23.7,28.8,20.4,76,95,3.6,3.6,16.9,98,12.61,3.0,951.5,19.0,556.0,16.836554,74.58373
MH-SNG,2020-12-10,24.3,30.2,20.1,60,85,0.0,0.0,11.8,126,17.16,4.16,950.7,15.6,556.0,16.836554,74.58373
MH-SNG,2020-12-11,23.6,28.8,19.6,55,80,0.0,0.0,11.1,118,13.63,3.3,950.9,13.7,556.0,16.836554,74.58373
MH-SNG,2020-12-12,24.1,30.0,19.3,49,75,0.0,0.0,13.3,128,17.53,4.28,950.4,12.3,556.0,16.836554,74.58373
MH-SNG,2020-12-13,23.4,29.7,18.1,53,75,0.0,0.0,11.8,133,17.64,4.09,949.4,12.7,556.0,16.836554,74.58373
MH-SNG,2020-12-14,24.1,30.4,19.5,56,79,0.0,0.0,12.0,123,16.95,4.01,949.4,14.2,556.0,16.836554,74.58373
MH-SNG,2020-12-15,24.1,29.8,19.3,52,72,0.0,0.0,13.7,110,17.85,4.43,951.0,13.4,556.0,16.836554,74.58373
MH-SNG,2020-12-16,23.2,29.7,18.2,54,75,0.0,0.0,13.7,114,18.14,4.51,952.0,13.0,556.0,16.836554,74.58373
MH-SNG,2020-12-17,23.8,30.0,19.1,59,91,0.0,0.0,13.1,95,17.59,4.24,952.2,14.7,556.0,16.836554,74.58373
MH-SNG,2020-12-18,24.2,29.4,19.5,55,75,0.0,0.0,15.2,88,17.59,4.36,952.0,14.3,556.0,16.836554,74.58373
MH-SNG,2020-12-19,23.3,29.3,19.0,51,74,0.0,0.0,17.1,90,17.82,4.68,952.4,12.1,556.0,16.836554,74.58373
MH-SNG,2020-12-20,21.9,28.5,17.6,48,67,0.0,0.0,18.4,86,18.88,4.89,952.7,9.6,556.0,16.836554,74.58373
MH-SNG,2020-12-21,21.3,28.9,16.6,45,64,0.0,0.0,15.1,91,18.95,4.83,951.5,8.3,556.0,16.836554,74.58373
MH-SNG,2020-12-22,20.6,28.1,13.0,45,66,0.0,0.0,11.2,103,18.99,4.46,950.4,7.9,556.0,16.836554,74.58373
MH-SNG,2020-12-23,21.3,28.7,13.5,51,70,0.0,0.0,12.8,118,18.54,4.21,949.3,10.1,556.0,16.836554,74.58373
MH-SNG,2020-12-24,22.2,29.0,15.4,56,72,0.0,0.0,12.2,111,17.67,4.11,948.6,12.6,556.0,16.836554,74.58373
MH-SNG,2020-12-25,22.9,29.4,17.8,56,73,0.0,0.0,12.7,107,18.13,4.3,949.7,13.3,556.0,16.836554,74.58373
MH-SNG,2020-12-26,22.5,29.4,17.6,57,76,0.0,0.0,12.8,97,18.23,4.26,951.0,13.3,556.0,16.836554,74.58373
MH-SNG,2020-12-27,22.8,29.5,16.4,57,85,0.0,0.0,9.3,110,18.16,3.84,950.4,13.5,556.0,16.836554,74.58373
MH-SNG,2020-12-28,23.5,29.8,15.8,53,86,0.0,0.0,8.5,131,18.65,3.82,949.9,12.7,556.0,16.836554,74.58373
MH-SNG,2020-12-29,22.2,29.4,16.3,56,75,0.0,0.0,11.5,125,18.66,4.19,949.3,12.5,556.0,16.836554,74.58373
MH-SNG,2020-12-30,22.4,29.8,16.1,57,79,0.0,0.0,13.5,119,18.7,4.43,949.6,12.8,556.0,16.836554,74.58373
MH-SNG,2020-12-31,24.3,29.4,19.5,62,87,0.0,0.0,18.7,112,15.52,4.04,950.3,16.1,556.0,16.836554,74.58373
MH-SNG,2021-01-01,24.6,29.6,20.2,62,83,0.0,0.0,15.6,119,16.4,4.3,950.8,16.4,556.0,16.836554,74.58373
MH-SNG,2021-01-02,22.7,29.0,18.1,54,81,0.0,0.0,13.9,115,16.19,4.22,950.9,12.1,556.0,16.836554,74.58373
MH-SNG,2021-01-03,22.9,28.1,17.9,61,78,0.0,0.0,13.8,133,13.74,3.43,949.4,14.8,556.0,16.836554,74.58373
MH-SNG,2021-01-04,21.7,24.2,20.7,78,89,3.3,3.3,15.9,112,7.38,1.84,949.3,17.6,556.0,16.836554,74.58373
MH-SNG,2021-01-05,23.5,28.3,20.4,74,96,4.2,4.2,14.9,90,15.57,3.37,950.0,18.2,556.0,16.836554,74.58373
MH-SNG,2021-01-06,24.5,29.7,20.9,69,93,2.0,2.0,16.8,110,14.75,3.48,949.7,18.1,556.0,16.836554,74.58373
MH-SNG,2021-01-07,22.9,27.1,20.7,85,97,36.1,36.1,16.4,96,10.98,2.32,948.4,20.2,556.0,16.836554,74.58373
MH-SNG,2021-01-08,23.2,27.8,20.3,80,97,9.6,9.6,13.5,125,12.3,2.73,947.7,19.4,556.0,16.836554,74.58373
MH-SNG,2021-01-09,23.3,28.1,19.9,85,99,1.7,1.7,11.5,119,13.56,2.79,948.4,20.4,556.0,16.836554,74.58373
MH-SNG,2021-01-10,23.6,28.8,20.5,74,98,0.0,0.0,12.3,86,17.14,3.66,949.1,18.2,556.0,16.836554,74.58373
MH-SNG,2021-01-11,24.1,30.1,18.9,66,89,0.0,0.0,12.6,83,18.47,4.13,950.2,16.9,556.0,16.836554,74.58373
MH-SNG,2021-01-12,23.5,30.3,18.2,62,86,0.0,0.0,18.3,65,18.58,4.56,950.7,15.1,556.0,16.836554,74.58373
MH-SNG,2021-01-13,23.1,29.6,17.9,61,84,0.0,0.0,15.9,61,16.59,4.14,950.2,14.4,556.0,16.836554,74.58373
MH-SNG,2021-01-14,22.9,29.9,17.7,60,79,0.0,0.0,11.7,77,18.81,4.31,949.5,14.3,556.0,16.836554,74.58373
MH-SNG,2021-01-15,22.6,29.5,16.1,61,88,0.0,0.0,8.8,90,18.63,4.05,948.9,13.9,556.0,16.836554,74.58373
MH-SNG,2021-01-16,24.2,30.5,17.5,62,89,0.0,0.0,13.2,126,16.78,3.72,948.0,15.8,556.0,16.836554,74.58373
MH-SNG,2021-01-17,25.4,31.2,19.3,60,93,0.0,0.0,12.2,142,18.22,4.21,948.7,16.2,556.0,16.836554,74.58373
MH-SNG,2021-01-18,25.3,31.0,20.1,56,79,0.0,0.0,10.9,109,18.42,4.3,950.2,15.5,556.0,16.836554,74.58373
MH-SNG,2021-01-19,24.8,30.6,19.3,56,80,0.0,0.0,10.9,95,19.26,4.59,950.3,14.9,556.0,16.836554,74.58373
MH-SNG,2021-01-20,23.7,30.0,17.5,59,85,0.0,0.0,8.3,123,19.6,4.17,950.8,14.7,556.0,16.836554,74.58373
MH-SNG,2021-01-21,23.4,30.4,16.8,63,95,0.0,0.0,15.0,330,19.7,4.28,950.2,15.1,556.0,16.836554,74.58373
MH-SNG,2021-01-22,23.6,31.1,16.8,58,87,0.0,0.0,10.5,353,19.9,4.29,949.7,14.0,556.0,16.836554,74.58373
MH-SNG,2021-01-23,23.8,30.7,16.3,58,92,0.0,0.0,6.0,360,20.1,4.08,949.9,13.8,556.0,16.836554,74.58373
MH-SNG,2021-01-24,23.8,30.8,17.7,55,78,0.0,0.0,10.1,19,20.26,4.25,950.5,13.7,556.0,16.836554,74.58373
MH-SNG,2021-01-25,23.8,30.8,17.1,56,84,0.0,0.0,10.4,59,20.17,4.23,951.0,13.7,556.0,16.836554,74.58373
MH-SNG,2021-01-26,23.4,30.7,15.8,57,91,0.0,0.0,9.4,310,20.35,4.19,950.3,13.2,556.0,16.836554,74.58373
MH-SNG,2021-01-27,23.2,30.4,16.4,53,85,0.0,0.0,9.7,287,20.41,4.46,950.2,12.3,556.0,16.836554,74.58373
MH-SNG,2021-01-28,23.3,30.3,15.8,55,87,0.0,0.0,12.4,164,20.4,4.53,950.6,12.7,556.0,16.836554,74.58373
MH-SNG,2021-01-29,22.9,29.6,16.7,57,85,0.0,0.0,12.0,96,19.9,4.33,951.3,12.8,556.0,16.836554,74.58373
MH-SNG,2021-01-30,23.2,29.9,17.4,53,83,0.0,0.0,9.4,35,20.53,4.5,950.9,12.2,556.0,16.836554,74.58373
MH-SNG,2021-01-31,23.4,30.0,15.6,50,82,0.0,0.0,11.5,72,20.44,4.59,951.0,11.6,556.0,16.836554,74.58373
MH-SNG,2021-02-01,24.2,30.0,18.8,46,64,0.0,0.0,13.4,101,16.53,4.48,953.0,11.3,556.0,16.836554,74.58373
MH-SNG,2021-02-02,24.0,29.8,20.0,47,69,0.0,0.0,14.7,105,19.45,5.14,953.4,11.4,556.0,16.836554,74.58373
MH-SNG,2021-02-03,22.7,29.9,16.6,44,65,0.0,0.0,15.9,120,21.24,5.35,952.3,8.6,556.0,16.836554,74.58373
MH-SNG,2021-02-04,23.0,29.7,16.5,44,66,0.0,0.0,13.7,129,20.7,4.79,951.9,9.3,556.0,16.836554,74.58373
MH-SNG,2021-02-05,23.0,30.0,16.0,45,66,0.0,0.0,13.7,272,19.2,4.69,951.1,9.7,556.0,16.836554,74.58373
MH-SNG,2021-02-06,23.0,30.2,15.6,44,71,0.0,0.0,11.5,39,21.54,5.34,950.4,9.1,556.0,16.836554,74.58373
MH-SNG,2021-02-07,23.5,30.4,17.5,37,49,0.0,0.0,15.0,66,21.65,5.9,951.5,7.5,556.0,16.836554,74.58373
MH-SNG,2021-02-08,23.4,30.9,18.3,35,53,0.0,0.0,16.5,87,22.19,6.02,952.1,6.1,556.0,16.836554,74.58373
MH-SNG,2021-02-09,22.8,31.2,15.3,38,54,0.0,0.0,12.0,83,22.26,5.42,951.1,7.0,556.0,16.836554,74.58373
MH-SNG,2021-02-10,23.3,31.1,15.5,39,71,0.0,0.0,10.5,98,22.42,5.0,950.0,7.5,556.0,16.836554,74.58373
MH-SNG,2021-02-11,23.3,31.5,14.7,42,66,0.0,0.0,9.0,68,22.25,4.94,948.9,8.3,556.0,16.836554,74.58373
MH-SNG,2021-02-12,24.2,31.1,15.2,41,73,0.0,0.0,9.8,146,21.95,4.82,949.8,9.2,556.0,16.836554,74.58373
MH-SNG,2021-02-13,23.9,31.3,17.1,41,66,0.0,0.0,11.4,165,22.23,5.19,950.9,8.8,556.0,16.836554,74.58373
MH-SNG,2021-02-14,23.7,31.2,16.6,50,89,0.0,0.0,9.9,254,22.18,4.86,951.1,11.2,556.0,16.836554,74.58373
MH-SNG,2021-02-15,24.0,31.5,16.6,52,86,0.0,0.0,12.6,236,22.1,5.02,950.1,12.1,556.0,16.836554,74.58373
MH-SNG,2021-02-16,24.5,31.6,17.0,57,94,0.0,0.0,16.7,246,20.9,4.89,949.4,13.8,556.0,16.836554,74.58373
MH-SNG,2021-02-17,24.5,31.5,18.1,59,97,0.0,0.0,13.6,287,20.69,4.69,949.1,14.3,556.0,16.836554,74.58373
MH-SNG,2021-02-18,23.9,30.5,19.4,57,81,0.0,0.0,18.6,122,18.35,4.85,950.4,14.1,556.0,16.836554,74.58373
MH-SNG,2021-02-19,22.1,28.4,18.1,60,93,2.0,2.0,17.3,72,17.93,4.42,952.2,13.3,556.0,16.836554,74.58373
MH-SNG,2021-02-20,22.7,28.3,17.2,51,81,0.1,0.1,18.7,80,18.57,5.13,951.8,11.2,556.0,16.836554,74.58373
MH-SNG,2021-02-21,23.0,27.5,19.2,59,74,0.3,0.3,22.9,94,15.48,4.27,952.0,14.3,556.0,16.836554,74.58373
MH-SNG,2021-02-22,23.8,30.1,18.4,65,90,0.4,0.4,15.0,86,17.4,4.25,952.6,16.1,556.0,16.836554,74.58373
MH-SNG,2021-02-23,25.3,32.2,18.5,56,90,0.0,0.0,8.3,76,21.38,4.81,951.1,14.7,556.0,16.836554,74.58373
MH-SNG,2021-02-24,26.6,33.2,19.3,42,66,0.0,0.0,13.5,127,22.09,5.46,950.1,11.6,556.0,16.836554,74.58373
MH-SNG,2021-02-25,26.3,33.0,18.6,49,80,0.0,0.0,12.7,296,21.19,4.94,950.3,13.1,556.0,16.836554,74.58373
MH-SNG,2021-02-26,27.1,33.8,21.3,40,63,0.0,0.0,13.2,343,20.71,5.86,949.3,11.1,556.0,16.836554,74.58373
MH-SNG,2021-02-27,27.3,34.5,20.6,35,60,0.0,0.0,13.0,14,20.97,6.06,948.5,9.0,556.0,16.836554,74.58373
MH-SNG,2021-02-28,27.6,35.0,19.3,27,49,0.0,0.0,14.4,45,22.28,5.98,948.5,6.0,556.0,16.836554,74.58373
MH-SNG,2021-03-01,26.8,35.1,17.9,34,78,0.0,0.0,14.4,339,20.12,5.81,950.8,7.5,556.0,16.836554,74.58373
MH-SNG,2021-03-02,27.8,34.8,21.0,46,97,0.0,0.0,13.0,13,18.94,5.58,951.4,11.9,556.0,16.836554,74.58373
MH-SNG,2021-03-03,27.9,35.3,21.0,31,63,0.0,0.0,13.0,65,23.04,6.76,950.3,7.7,556.0,16.836554,74.58373
MH-SNG,2021-03-04,27.4,35.3,21.0,26,40,0.0,0.0,13.5,104,24.0,7.02,950.2,5.0,556.0,16.836554,74.58373
MH-SNG,2021-03-05,26.5,34.6,18.5,27,46,0.0,0.0,10.3,121,24.12,6.29,951.1,4.8,556.0,16.836554,74.58373
MH-SNG,2021-03-06,26.2,35.1,17.1,48,92,0.0,0.0,14.6,290,24.15,5.74,951.4,11.1,556.0,16.836554,74.58373
MH-SNG,2021-03-07,27.5,35.1,19.6,46,89,0.0,0.0,12.3,283,23.91,5.52,950.4,12.4,556.0,16.836554,74.58373
MH-SNG,2021-03-08,28.0,35.5,20.9,29,46,0.0,0.0,11.1,214,23.97,6.38,950.4,7.3,556.0,16.836554,74.58373
MH-SNG,2021-03-09,27.7,35.2,19.5,36,65,0.0,0.0,13.7,147,23.73,6.2,950.7,9.3,556.0,16.836554,74.58373
MH-SNG,2021-03-10,28.0,35.1,21.2,42,81,0.0,0.0,13.7,190,24.2,5.97,950.9,11.0,556.0,16.836554,74.58373
MH-SNG,2021-03-11,27.5,35.3,19.6,40,76,0.0,0.0,11.2,174,23.66,6.07,950.7,9.8,556.0,16.836554,74.58373
MH-SNG,2021-03-12,27.3,34.6,19.8,47,82,0.0,0.0,15.6,200,20.32,5.54,951.5,12.7,556.0,16.836554,74.58373
MH-SNG,2021-03-13,28.0,35.1,22.3,40,76,0.0,0.0,13.0,109,21.48,5.47,951.4,11.4,556.0,16.836554,74.58373
MH-SNG,2021-03-14,27.7,35.2,19.0,36,89,0.0,0.0,11.0,111,24.56,6.23,949.8,8.7,556.0,16.836554,74.58373
MH-SNG,2021-03-15,28.2,35.5,19.3,34,78,0.0,0.0,12.7,147,24.58,6.01,949.3,8.6,556.0,16.836554,74.58373
MH-SNG,2021-03-16,28.1,35.7,20.0,37,69,0.0,0.0,15.6,186,23.25,6.35,949.4,10.0,556.0,16.836554,74.58373
MH-SNG,2021-03-17,28.2,35.4,21.6,37,59,0.0,0.0,15.9,265,20.08,5.47,948.4,10.5,556.0,16.836554,74.58373
MH-SNG,2021-03-18,28.1,36.0,21.0,45,73,0.0,0.0,19.5,265,20.8,6.1,948.5,13.4,556.0,16.836554,74.58373
MH-SNG,2021-03-19,28.9,35.7,22.7,39,72,0.0,0.0,17.1,329,20.24,5.83,948.7,11.5,556.0,16.836554,74.58373
MH-SNG,2021-03-20,28.9,35.3,23.3,31,42,0.0,0.0,11.8,314,21.58,6.24,947.4,9.3,556.0,16.836554,74.58373
MH-SNG,2021-03-21,28.7,35.1,22.5,40,68,0.0,0.0,18.8,295,21.12,5.9,947.5,12.3,556.0,16.836554,74.58373
MH-SNG,2021-03-22,29.3,35.8,23.1,41,73,0.0,0.0,17.4,4,21.51,6.14,949.1,12.5,556.0,16.836554,74.58373
MH-SNG,2021-03-23,29.9,35.8,24.5,37,57,0.0,0.0,18.6,55,22.2,7.33,950.3,12.9,556.0,16.836554,74.58373
MH-SNG,2021-03-24,29.7,35.4,23.4,37,65,0.0,0.0,18.4,53,22.2,6.65,950.5,12.6,556.0,16.836554,74.58373
MH-SNG,2021-03-25,29.8,36.1,23.3,35,55,0.0,0.0,15.4,53,21.03,6.33,949.4,11.8,556.0,16.836554,74.58373
MH-SNG,2021-03-26,30.8,37.5,23.4,28,44,0.0,0.0,13.0,53,24.14,6.91,948.7,9.5,556.0,16.836554,74.58373
MH-SNG,2021-03-27,30.7,37.4,24.5,28,43,0.0,0.0,15.3,68,23.02,6.77,948.1,9.3,556.0,16.836554,74.58373
MH-SNG,2021-03-28,30.3,38.0,23.6,38,81,0.0,0.0,17.3,343,22.56,6.74,947.7,11.7,556.0,16.836554,74.58373
MH-SNG,2021-03-29,29.9,38.7,22.6,53,97,0.0,0.0,16.5,319,25.3,6.74,947.7,14.6,556.0,16.836554,74.58373
MH-SNG,2021-03-30,29.1,37.3,21.2,49,93,0.0,0.0,16.9,279,25.44,7.17,947.4,14.1,556.0,16.836554,74.58373
MH-SNG,2021-03-31,29.6,39.1,20.6,36,77,0.0,0.0,20.7,286,26.09,8.0,946.0,9.0,556.0,16.836554,74.58373
MH-SNG,2021-04-01,28.2,37.9,18.9,40,69,0.0,0.0,20.1,284,26.26,7.12,945.9,10.5,556.0,16.836554,74.58373
MH-SNG,2021-04-02,28.0,37.0,20.7,45,81,0.0,0.0,15.9,276,25.99,7.16,946.5,11.4,556.0,16.836554,74.58373
MH-SNG,2021-04-03,27.1,36.3,19.4,54,94,0.0,0.0,19.8,263,25.64,6.87,947.1,14.8,556.0,16.836554,74.58373
MH-SNG,2021-04-04,28.3,37.7,20.6,54,96,0.0,0.0,19.8,311,22.49,6.02,948.7,14.7,556.0,16.836554,74.58373
MH-SNG,2021-04-05,30.5,38.6,22.5,41,76,0.0,0.0,18.2,346,25.57,7.55,948.5,12.2,556.0,16.836554,74.58373
MH-SNG,2021-04-06,31.4,38.4,24.3,33,58,0.0,0.0,17.1,38,22.33,6.72,948.6,11.7,556.0,16.836554,74.58373
MH-SNG,2021-04-07,31.2,37.8,25.4,30,47,0.0,0.0,13.1,285,19.57,5.63,949.2,10.6,556.0,16.836554,74.58373
MH-SNG,2021-04-08,29.8,36.0,24.9,40,64,0.0,0.0,19.3,265,15.91,5.49,948.3,13.8,556.0,16.836554,74.58373
MH-SNG,2021-04-09,28.5,36.0,24.3,53,77,0.8,0.8,20.5,298,16.3,4.8,947.7,16.9,556.0,16.836554,74.58373
MH-SNG,2021-04-10,29.2,36.0,22.3,49,93,0.3,0.3,16.8,15,20.49,6.17,948.9,15.7,556.0,16.836554,74.58373
MH-SNG,2021-04-11,29.3,36.3,25.0,44,58,0.6,0.6,17.3,33,19.86,5.92,950.4,15.3,556.0,16.836554,74.58373
MH-SNG,2021-04-12,28.5,35.3,22.9,53,78,0.0,0.0,18.8,41,19.59,4.91,951.1,17.1,556.0,16.836554,74.58373
MH-SNG,2021-04-13,28.3,35.4,23.4,53,76,2.1,2.1,16.3,58,21.18,5.61,950.5,17.3,556.0,16.836554,74.58373
MH-SNG,2021-04-14,27.1,35.0,20.7,58,96,0.3,0.3,16.1,50,23.12,5.6,949.9,17.3,556.0,16.836554,74.58373
MH-SNG,2021-04-15,27.6,34.4,21.3,51,77,0.0,0.0,15.3,294,22.8,5.87,949.3,14.9,556.0,16.836554,74.58373
MH-SNG,2021-04-16,28.6,36.9,21.5,49,83,0.0,0.0,20.5,308,24.58,6.5,948.7,14.1,556.0,16.836554,74.58373
MH-SNG,2021-04-17,29.4,37.8,21.3,44,81,0.0,0.0,15.6,338,23.78,6.75,949.2,13.0,556.0,16.836554,74.58373
MH-SNG,2021-04-18,30.4,38.3,23.5,45,78,0.0,0.0,20.2,317,21.76,6.81,950.0,14.2,556.0,16.836554,74.58373
MH-SNG,2021-04-19,29.2,37.0,23.0,56,92,0.0,0.0,20.2,276,22.42,6.44,949.1,17.2,556.0,16.836554,74.58373
MH-SNG,2021-04-20,29.2,37.7,22.1,49,85,0.0,0.0,20.6,280,25.29,6.92,947.9,14.8,556.0,16.836554,74.58373
MH-SNG,2021-04-21,29.0,37.7,21.3,50,91,0.0,0.0,20.1,290,25.19,6.8,949.2,14.0,556.0,16.836554,74.58373
MH-SNG,2021-04-22,30.2,37.5,23.0,43,71,0.0,0.0,20.3,324,21.65,6.64,948.9,14.0,556.0,16.836554,74.58373
MH-SNG,2021-04-23,29.9,37.7,23.5,47,83,0.0,0.0,20.9,273,23.07,6.45,949.0,15.3,556.0,16.836554,74.58373
MH-SNG,2021-04-24,29.7,37.7,21.6,42,82,0.0,0.0,13.4,281,23.49,6.17,948.5,13.0,556.0,16.836554,74.58373
MH-SNG,2021-04-25,30.3,37.3,22.6,43,71,0.0,0.0,14.3,212,22.09,5.81,948.3,14.8,556.0,16.836554,74.58373
MH-SNG,2021-04-26,29.7,37.0,25.3,52,78,1.1,1.1,19.6,236,20.06,5.08,948.5,18.0,556.0,16.836554,74.58373
MH-SNG,2021-04-27,30.0,37.6,24.0,48,74,0.1,0.1,17.1,271,22.81,6.23,948.8,16.4,556.0,16.836554,74.58373
MH-SNG,2021-04-28,29.7,37.0,23.0,54,91,0.0,0.0,17.0,272,20.94,5.84,949.4,16.9,556.0,16.836554,74.58373
MH-SNG,2021-04-29,28.5,37.0,23.4,56,85,1.2,1.2,22.6,300,21.18,5.27,949.1,18.0,556.0,16.836554,74.58373
MH-SNG,2021-04-30,30.2,37.6,22.7,49,88,0.0,0.0,13.8,288,22.08,5.6,947.9,15.9,556.0,16.836554,74.58373
MH-SNG,2021-05-01,30.2,38.7,23.7,49,86,0.4,0.4,18.0,275,22.65,5.64,947.5,15.9,556.0,16.836554,74.58373
MH-SNG,2021-05-02,28.5,36.7,25.2,55,74,10.1,10.1,16.4,312,20.39,5.11,948.2,18.1,556.0,16.836554,74.58373
MH-SNG,2021-05-03,28.5,35.6,23.2,54,78,0.2,0.2,12.6,27,21.8,5.47,947.9,17.8,556.0,16.836554,74.58373
MH-SNG,2021-05-04,28.9,35.2,23.8,57,89,0.3,0.3,11.9,305,20.05,5.11,947.6,18.7,556.0,16.836554,74.58373
MH-SNG,2021-05-05,28.7,35.6,23.8,65,97,0.9,0.9,15.5,270,20.49,5.1,947.7,20.6,556.0,16.836554,74.58373
MH-SNG,2021-05-06,30.0,36.7,24.3,58,97,0.1,0.1,15.8,230,20.07,5.24,948.2,19.6,556.0,16.836554,74.58373
MH-SNG,2021-05-07,28.1,36.4,25.0,68,84,7.8,7.8,13.8,335,18.62,4.4,949.0,20.9,556.0,16.836554,74.58373
MH-SNG,2021-05-08,29.5,36.7,24.0,61,91,2.6,2.6,14.1,69,21.69,5.35,948.0,20.3,556.0,16.836554,74.58373
MH-SNG,2021-05-09,29.0,35.6,24.0,63,91,1.8,1.8,16.9,285,19.13,4.8,947.2,20.6,556.0,16.836554,74.58373
MH-SNG,2021-05-10,28.8,35.8,23.5,64,94,3.8,3.8,16.0,267,21.7,5.16,946.8,20.6,556.0,16.836554,74.58373
MH-SNG,2021-05-11,29.4,35.4,23.9,56,85,0.2,0.2,17.0,272,22.21,6.14,946.9,18.8,556.0,16.836554,74.58373
MH-SNG,2021-05-12,29.0,35.8,23.3,59,86,0.0,0.0,18.8,270,23.86,6.19,945.5,19.1,556.0,16.836554,74.58373
MH-SNG,2021-05-13,28.8,34.7,23.4,61,89,0.2,0.2,12.5,273,21.8,5.43,945.1,19.7,556.0,16.836554,74.58373
MH-SNG,2021-05-14,30.0,36.3,24.4,58,86,0.4,0.4,16.0,90,21.48,5.78,943.3,19.9,556.0,16.836554,74.58373
MH-SNG,2021-05-15,28.3,35.4,24.6,67,90,16.2,16.2,25.2,92,17.75,5.34,940.5,21.3,556.0,16.836554,74.58373
MH-SNG,2021-05-16,23.7,26.2,22.6,87,92,66.9,66.9,42.1,116,5.16,1.95,938.6,21.4,556.0,16.836554,74.58373
MH-SNG,2021-05-17,26.0,30.6,22.7,76,94,4.1,4.1,27.9,183,20.14,4.95,943.1,21.3,556.0,16.836554,74.58373
MH-SNG,2021-05-18,25.8,30.2,23.5,81,95,11.7,11.7,24.6,198,18.33,4.13,944.9,22.1,556.0,16.836554,74.58373
MH-SNG,2021-05-19,25.1,29.0,22.5,84,95,5.1,5.1,23.1,230,17.7,3.72,945.3,22.1,556.0,16.836554,74.58373
MH-SNG,2021-05-20,26.2,31.4,22.6,76,97,0.7,0.7,15.5,261,20.95,4.64,946.3,21.1,556.0,16.836554,74.58373
MH-SNG,2021-05-21,26.4,31.3,22.8,74,97,0.1,0.1,16.3,284,22.41,5.11,946.9,20.8,556.0,16.836554,74.58373
MH-SNG,2021-05-22,25.8,29.6,23.0,74,93,0.0,0.0,18.2,279,18.04,4.37,946.5,20.6,556.0,16.836554,74.58373
MH-SNG,2021-05-23,26.1,31.2,22.2,76,94,1.9,1.9,16.9,286,21.73,4.9,947.2,21.3,556.0,16.836554,74.58373
MH-SNG,2021-05-24,25.5,30.5,23.0,78,94,1.0,1.0,14.4,282,8.19,2.39,947.7,21.1,556.0,16.836554,74.58373
MH-SNG,2021-05-25,27.0,32.9,22.3,70,96,0.0,0.0,17.2,293,23.59,5.82,945.9,20.0,556.0,16.836554,74.58373
MH-SNG,2021-05-26,26.6,32.7,22.5,72,94,0.0,0.0,22.5,282,24.53,6.04,945.2,20.5,556.0,16.836554,74.58373
MH-SNG,2021-05-27,26.2,31.5,22.0,69,91,0.0,0.0,25.4,277,22.01,5.77,946.0,19.4,556.0,16.836554,74.58373
MH-SNG,2021-05-28,26.1,30.9,23.0,75,94,0.3,0.3,18.2,271,11.71,3.41,946.6,21.1,556.0,16.836554,74.58373
MH-SNG,2021-05-29,26.6,32.0,23.2,75,94,1.6,1.6,17.7,270,20.75,4.88,947.3,21.6,556.0,16.836554,74.58373
MH-SNG,2021-05-30,26.5,31.9,23.0,77,94,4.8,4.8,19.4,262,20.37,4.67,947.2,21.7,556.0,16.836554,74.58373
MH-SNG,2021-05-31,26.4,32.0,22.8,79,96,8.5,8.5,18.7,250,20.95,4.7,945.7,22.0,556.0,16.836554,74.58373
MH-SNG,2021-06-01,26.5,32.7,22.3,78,99,6.0,6.0,16.8,245,20.78,4.73,945.9,21.9,556.0,16.836554,74.58373
MH-SNG,2021-06-02,26.4,32.3,22.8,80,99,11.7,11.7,11.4,241,19.77,4.31,946.4,22.3,556.0,16.836554,74.58373
MH-SNG,2021-06-03,25.5,30.7,23.3,87,98,47.9,47.9,12.9,231,15.52,3.31,947.2,23.0,556.0,16.836554,74.58373
MH-SNG,2021-06-04,24.2,26.6,22.3,89,98,15.8,15.8,8.9,117,8.01,1.78,947.8,22.2,556.0,16.836554,74.58373
MH-SNG,2021-06-05,24.2,28.4,21.1,85,97,3.1,3.1,12.1,218,15.75,3.27,946.7,21.4,556.0,16.836554,74.58373
MH-SNG,2021-06-06,25.1,29.0,22.1,82,98,0.7,0.7,13.4,263,17.67,3.85,947.1,21.6,556.0,16.836554,74.58373
MH-SNG,2021-06-07,25.3,30.4,21.9,77,97,0.9,0.9,20.9,259,22.6,5.02,947.8,20.5,556.0,16.836554,74.58373
MH-SNG,2021-06-08,25.0,29.3,21.8,82,98,2.0,2.0,20.2,257,20.4,4.36,946.9,21.5,556.0,16.836554,74.58373
MH-SNG,2021-06-09,24.6,27.4,22.5,82,94,2.3,2.3,22.7,270,12.55,3.04,945.9,21.3,556.0,16.836554,74.58373
MH-SNG,2021-06-10,24.3,27.2,22.4,84,96,6.0,6.0,23.8,267,14.72,3.23,945.2,21.3,556.0,16.836554,74.58373
MH-SNG,2021-06-11,24.4,27.2,22.8,84,96,1.1,1.1,28.1,252,14.88,3.31,944.9,21.5,556.0,16.836554,74.58373
MH-SNG,2021-06-12,24.2,28.6,22.1,88,95,19.4,19.4,24.3,254,11.83,2.63,944.3,21.9,556.0,16.836554,74.58373
MH-SNG,2021-06-13,24.5,28.6,22.0,84,95,5.2,5.2,20.0,265,17.34,3.67,944.2,21.5,556.0,16.836554,74.58373
MH-SNG,2021-06-14,24.6,28.9,22.0,84,95,2.3,2.3,19.2,260,16.91,3.64,943.4,21.5,556.0,16.836554,74.58373
MH-SNG,2021-06-15,23.2,25.6,22.2,91,97,24.3,24.3,15.6,247,6.55,1.56,942.4,21.6,556.0,16.836554,74.58373
MH-SNG,2021-06-16,22.2,23.3,21.5,94,95,55.7,55.7,18.2,244,4.82,1.13,943.4,21.1,556.0,16.836554,74.58373
MH-SNG,2021-06-17,23.6,26.9,22.0,88,95,19.9,19.9,25.2,250,13.11,2.69,944.5,21.4,556.0,16.836554,74.58373
MH-SNG,2021-06-18,23.6,25.9,21.8,88,95,7.3,7.3,25.0,243,13.1,2.74,945.4,21.4,556.0,16.836554,74.58373
MH-SNG,2021-06-19,22.8,25.5,21.6,90,95,29.4,29.4,26.8,245,10.4,2.18,947.1,21.1,556.0,16.836554,74.58373
MH-SNG,2021-06-20,23.9,27.3,21.4,83,95,1.4,1.4,27.0,248,19.07,3.91,947.9,20.7,556.0,16.836554,74.58373
MH-SNG,2021-06-21,24.5,29.3,21.5,80,96,1.0,1.0,20.2,264,21.38,4.58,947.9,20.5,556.0,16.836554,74.58373
MH-SNG,2021-06-22,25.0,29.1,21.6,78,97,0.1,0.1,21.8,273,21.27,4.66,947.2,20.7,556.0,16.836554,74.58373
MH-SNG,2021-06-23,24.7,27.5,22.1,81,96,0.6,0.6,17.8,267,13.98,3.26,947.0,21.1,556.0,16.836554,74.58373
MH-SNG,2021-06-24,24.0,26.5,22.4,84,94,1.4,1.4,21.3,264,13.12,2.94,947.5,21.0,556.0,16.836554,74.58373
MH-SNG,2021-06-25,24.0,27.0,22.2,84,95,0.7,0.7,20.6,259,11.94,2.83,946.5,20.9,556.0,16.836554,74.58373
MH-SNG,2021-06-26,24.9,28.6,22.3,78,94,0.7,0.7,22.9,275,19.38,4.46,946.1,20.5,556.0,16.836554,74.58373
MH-SNG,2021-06-27,23.1,24.6,22.3,89,93,13.2,13.2,12.1,288,5.61,1.4,947.3,21.3,556.0,16.836554,74.58373
MH-SNG,2021-06-28,24.2,28.4,20.8,80,96,4.2,4.2,15.2,283,20.0,4.18,946.4,20.4,556.0,16.836554,74.58373
MH-SNG,2021-06-29,25.0,29.9,21.3,80,98,0.6,0.6,15.3,262,18.2,4.1,946.4,20.9,556.0,16.836554,74.58373
MH-SNG,2021-06-30,25.5,30.6,21.9,80,98,0.9,0.9,19.1,268,18.74,4.25,946.4,21.4,556.0,16.836554,74.58373
MH-SNG,2021-07-01,25.2,28.6,22.2,80,97,0.8,0.8,21.6,266,13.59,3.35,945.2,21.4,556.0,16.836554,74.58373
MH-SNG,2021-07-02,25.4,29.6,22.3,76,94,0.1,0.1,21.9,251,17.62,4.31,945.8,20.7,556.0,16.836554,74.58373
MH-SNG,2021-07-03,25.4,29.8,22.2,78,95,1.1,1.1,17.2,260,20.39,4.56,946.7,21.0,556.0,16.836554,74.58373
MH-SNG,2021-07-04,25.9,30.3,22.4,77,94,0.8,0.8,16.6,271,19.63,4.53,946.8,21.2,556.0,16.836554,74.58373
MH-SNG,2021-07-05,25.7,31.2,22.6,79,95,0.4,0.4,13.8,281,19.58,4.36,946.3,21.4,556.0,16.836554,74.58373
MH-SNG,2021-07-06,25.4,29.5,22.2,82,96,3.0,3.0,10.5,278,17.4,3.72,945.3,21.8,556.0,16.836554,74.58373
MH-SNG,2021-07-07,25.4,29.4,22.6,84,98,8.5,8.5,19.2,271,17.45,3.73,945.1,22.3,556.0,16.836554,74.58373
MH-SNG,2021-07-08,24.7,28.1,22.6,86,96,3.7,3.7,14.4,269,10.96,2.5,945.4,22.2,556.0,16.836554,74.58373
MH-SNG,2021-07-09,23.6,26.5,22.4,92,97,46.2,46.2,16.9,267,9.5,1.99,943.4,22.2,556.0,16.836554,74.58373
MH-SNG,2021-07-10,23.6,26.8,21.9,90,97,21.2,21.2,16.8,264,14.31,2.79,942.5,21.9,556.0,16.836554,74.58373
MH-SNG,2021-07-11,23.9,27.7,21.7,86,97,10.3,10.3,26.0,259,15.77,3.31,942.0,21.3,556.0,16.836554,74.58373
MH-SNG,2021-07-12,23.1,24.4,22.3,91,96,33.5,33.5,20.9,251,6.59,1.57,941.5,21.6,556.0,16.836554,74.58373
MH-SNG,2021-07-13,23.0,25.0,22.1,91,96,18.3,18.3,24.1,251,7.01,1.62,942.2,21.5,556.0,16.836554,74.58373
MH-SNG,2021-07-14,22.8,23.8,22.3,93,95,18.1,18.1,20.8,256,4.32,1.1,942.7,21.7,556.0,16.836554,74.58373
MH-SNG,2021-07-15,23.6,26.7,21.9,89,95,16.9,16.9,27.8,255,13.33,2.64,941.7,21.7,556.0,16.836554,74.58373
MH-SNG,2021-07-16,23.7,25.6,22.3,90,95,20.1,20.1,21.4,255,10.74,2.19,944.5,22.0,556.0,16.836554,74.58373
MH-SNG,2021-07-17,24.1,27.4,22.2,89,97,15.4,15.4,23.8,267,14.22,2.88,945.8,22.0,556.0,16.836554,74.58373
MH-SNG,2021-07-18,23.8,26.8,22.1,90,97,42.9,42.9,19.6,275,13.72,2.74,944.6,21.9,556.0,16.836554,74.58373
MH-SNG,2021-07-19,22.8,23.9,21.5,93,95,32.7,32.7,21.1,255,6.28,1.41,944.4,21.5,556.0,16.836554,74.58373
MH-SNG,2021-07-20,22.7,24.0,21.7,92,95,17.0,17.0,24.0,253,7.66,1.62,946.3,21.4,556.0,16.836554,74.58373
MH-SNG,2021-07-21,22.7,23.6,21.6,93,94,27.5,27.5,24.7,257,6.0,1.41,945.2,21.4,556.0,16.836554,74.58373
MH-SNG,2021-07-22,23.2,25.5,22.1,89,93,12.9,12.9,29.2,262,10.14,2.3,942.4,21.2,556.0,16.836554,74.58373
MH-SNG,2021-07-23,22.9,24.6,21.9,92,94,7.4,7.4,21.6,262,7.56,1.68,942.5,21.5,556.0,16.836554,74.58373
MH-SNG,2021-07-24,24.3,27.4,21.6,83,94,1.2,1.2,29.2,269,18.14,3.85,943.8,21.1,556.0,16.836554,74.58373
MH-SNG,2021-07-25,24.3,27.3,22.3,84,94,3.5,3.5,28.4,260,18.94,3.85,944.9,21.4,556.0,16.836554,74.58373
MH-SNG,2021-07-26,24.1,27.3,22.0,84,94,2.6,2.6,28.0,255,20.6,4.08,945.5,21.1,556.0,16.836554,74.58373
MH-SNG,2021-07-27,24.0,27.4,21.9,82,92,1.7,1.7,28.7,252,19.05,4.0,945.0,20.6,556.0,16.836554,74.58373
MH-SNG,2021-07-28,23.8,26.6,22.1,83,91,3.0,3.0,26.9,253,16.53,3.6,945.5,20.6,556.0,16.836554,74.58373
MH-SNG,2021-07-29,23.1,24.6,22.1,87,92,1.6,1.6,26.3,256,8.05,2.04,946.3,20.8,556.0,16.836554,74.58373
MH-SNG,2021-07-30,23.2,25.1,21.9,87,91,1.5,1.5,25.2,262,7.29,1.94,946.9,20.9,556.0,16.836554,74.58373
MH-SNG,2021-07-31,24.0,27.2,22.0,82,90,1.8,1.8,33.4,269,17.6,3.84,947.4,20.5,556.0,16.836554,74.58373
MH-SNG,2021-08-01,23.7,26.5,21.9,82,90,1.7,1.7,30.3,262,15.2,3.45,946.4,20.4,556.0,16.836554,74.58373
MH-SNG,2021-08-02,23.7,27.0,21.8,84,95,1.6,1.6,27.2,259,18.65,3.81,946.6,20.6,556.0,16.836554,74.58373
MH-SNG,2021-08-03,23.9,26.9,21.7,83,95,3.5,3.5,28.5,262,19.55,3.94,947.7,20.8,556.0,16.836554,74.58373
MH-SNG,2021-08-04,23.8,26.5,22.0,85,93,3.4,3.4,28.3,257,16.43,3.4,948.1,21.0,556.0,16.836554,74.58373
MH-SNG,2021-08-05,24.1,26.9,21.9,83,93,3.1,3.1,28.2,263,18.27,3.78,946.1,20.9,556.0,16.836554,74.58373
MH-SNG,2021-08-06,24.4,27.6,21.8,82,93,1.9,1.9,26.9,267,20.24,4.2,945.2,20.9,556.0,16.836554,74.58373
MH-SNG,2021-08-07,24.6,28.0,22.1,82,96,1.0,1.0,22.0,264,21.0,4.32,946.1,21.1,556.0,16.836554,74.58373
MH-SNG,2021-08-08,24.6,29.1,21.2,83,98,1.2,1.2,16.3,252,19.06,4.0,947.0,21.4,556.0,16.836554,74.58373
MH-SNG,2021-08-09,24.7,29.4,21.3,81,98,1.2,1.2,19.7,259,18.26,3.99,947.8,21.0,556.0,16.836554,74.58373
MH-SNG,2021-08-10,24.7,29.1,22.1,80,95,1.7,1.7,20.5,265,20.05,4.33,947.8,20.8,556.0,16.836554,74.58373
MH-SNG,2021-08-11,24.4,28.5,21.7,80,94,1.3,1.3,21.6,273,19.18,4.16,947.8,20.5,556.0,16.836554,74.58373
MH-SNG,2021-08-12,24.1,27.9,21.4,84,96,1.5,1.5,20.4,272,18.75,3.88,948.5,21.0,556.0,16.836554,74.58373
MH-SNG,2021-08-13,24.2,28.2,21.0,81,98,1.3,1.3,21.8,275,18.06,3.94,947.4,20.5,556.0,16.836554,74.58373
MH-SNG,2021-08-14,24.0,27.5,21.6,81,96,1.5,1.5,24.5,268,19.99,4.19,946.1,20.3,556.0,16.836554,74.58373
MH-SNG,2021-08-15,24.2,28.0,21.4,80,95,0.6,0.6,21.4,270,20.05,4.26,946.1,20.3,556.0,16.836554,74.58373
MH-SNG,2021-08-16,23.8,27.2,21.9,86,96,6.9,6.9,15.9,275,13.36,2.88,947.0,21.1,556.0,16.836554,74.58373
MH-SNG,2021-08-17,23.0,25.3,21.6,90,97,5.0,5.0,15.2,270,7.9,1.78,946.9,21.2,556.0,16.836554,74.58373
MH-SNG,2021-08-18,23.2,26.2,21.5,88,97,1.3,1.3,18.4,264,11.04,2.4,945.5,21.0,556.0,16.836554,74.58373
MH-SNG,2021-08-19,23.1,25.7,21.3,86,94,0.9,0.9,21.3,267,10.07,2.34,945.5,20.5,556.0,16.836554,74.58373
MH-SNG,2021-08-20,23.4,26.7,21.0,86,96,2.6,2.6,16.9,261,13.3,2.85,945.9,20.8,556.0,16.836554,74.58373
MH-SNG,2021-08-21,23.7,26.9,21.1,83,97,0.7,0.7,17.7,264,15.68,3.31,947.1,20.6,556.0,16.836554,74.58373
MH-SNG,2021-08-22,23.6,28.1,20.7,86,98,2.2,2.2,14.7,259,15.94,3.3,947.4,20.9,556.0,16.836554,74.58373
MH-SNG,2021-08-23,24.8,29.5,21.2,79,99,0.3,0.3,14.7,262,19.59,4.29,947.2,20.5,556.0,16.836554,74.58373
MH-SNG,2021-08-24,25.1,30.1,21.2,80,99,0.4,0.4,17.4,259,21.75,4.68,947.1,21.0,556.0,16.836554,74.58373
MH-SNG,2021-08-25,25.1,30.5,21.7,80,98,1.3,1.3,20.5,263,20.49,4.43,946.4,21.1,556.0,16.836554,74.58373
MH-SNG,2021-08-26,24.4,29.2,21.7,83,98,2.8,2.8,18.4,262,15.16,3.32,945.0,21.1,556.0,16.836554,74.58373
MH-SNG,2021-08-27,24.3,29.2,21.5,84,98,2.5,2.5,17.6,265,17.12,3.66,944.5,21.3,556.0,16.836554,74.58373
MH-SNG,2021-08-28,24.3,28.1,21.3,82,97,2.0,2.0,16.6,270,17.04,3.68,943.5,20.7,556.0,16.836554,74.58373
MH-SNG,2021-08-29,24.3,28.3,21.2,79,98,0.4,0.4,16.7,278,15.08,3.61,943.0,20.2,556.0,16.836554,74.58373
MH-SNG,2021-08-30,23.6,26.2,21.8,86,96,3.3,3.3,17.8,275,9.75,2.33,944.3,20.9,556.0,16.836554,74.58373
MH-SNG,2021-08-31,23.9,27.7,21.6,83,96,6.6,6.6,19.7,274,17.71,3.75,944.7,20.6,556.0,16.836554,74.58373
MH-SNG,2021-09-01,23.9,28.4,21.6,86,96,8.8,8.8,18.7,248,17.81,3.57,946.0,21.3,556.0,16.836554,74.58373
MH-SNG,2021-09-02,24.0,28.5,21.5,84,97,0.8,0.8,20.2,258,19.08,3.9,946.0,21.0,556.0,16.836554,74.58373
MH-SNG,2021-09-03,24.3,28.8,21.3,82,98,0.9,0.9,22.3,253,19.51,4.1,945.4,20.8,556.0,16.836554,74.58373
MH-SNG,2021-09-04,23.7,26.7,21.9,88,96,10.1,10.1,18.7,262,12.05,2.52,945.4,21.5,556.0,16.836554,74.58373
MH-SNG,2021-09-05,23.3,25.9,21.9,90,96,9.7,9.7,18.5,279,9.33,2.03,945.3,21.5,556.0,16.836554,74.58373
MH-SNG,2021-09-06,23.1,25.9,21.6,90,96,17.1,17.1,17.7,269,11.12,2.31,944.8,21.3,556.0,16.836554,74.58373
MH-SNG,2021-09-07,23.1,25.8,21.3,89,95,29.2,29.2,20.0,253,9.9,2.21,943.3,21.1,556.0,16.836554,74.58373
MH-SNG,2021-09-08,23.4,25.3,22.1,88,94,4.3,4.3,28.5,243,10.85,2.41,944.2,21.2,556.0,16.836554,74.58373
MH-SNG,2021-09-09,24.2,27.5,22.2,83,92,1.8,1.8,28.9,250,19.54,3.99,946.9,21.0,556.0,16.836554,74.58373
MH-SNG,2021-09-10,24.0,27.2,21.8,83,94,1.2,1.2,25.7,254,19.52,3.97,946.9,20.9,556.0,16.836554,74.58373
MH-SNG,2021-09-11,24.1,27.0,22.3,85,92,2.3,2.3,25.4,242,16.56,3.47,945.2,21.3,556.0,16.836554,74.58373
MH-SNG,2021-09-12,23.9,27.0,22.1,86,95,6.7,6.7,26.5,244,16.37,3.31,943.4,21.3,556.0,16.836554,74.58373
MH-SNG,2021-09-13,24.1,27.1,22.3,87,95,5.7,5.7,23.1,253,16.54,3.3,942.7,21.8,556.0,16.836554,74.58373
MH-SNG,2021-09-14,24.3,27.7,22.4,83,93,1.8,1.8,25.5,251,19.23,3.97,943.7,21.2,556.0,16.836554,74.58373
MH-SNG,2021-09-15,24.0,27.6,21.2,81,94,0.3,0.3,23.2,245,17.12,3.78,945.0,20.3,556.0,16.836554,74.58373
MH-SNG,2021-09-16,23.9,27.9,20.7,80,97,0.0,0.0,20.9,249,17.79,3.92,945.7,20.0,556.0,16.836554,74.58373
MH-SNG,2021-09-17,24.0,28.1,21.0,81,97,0.5,0.5,19.8,252,18.83,4.04,945.9,20.1,556.0,16.836554,74.58373
MH-SNG,2021-09-18,23.9,28.7,20.8,81,98,1.6,1.6,18.1,256,18.21,3.91,947.3,20.1,556.0,16.836554,74.58373
MH-SNG,2021-09-19,23.9,27.2,21.1,82,98,0.3,0.3,15.2,257,11.02,2.57,949.0,20.5,556.0,16.836554,74.58373
MH-SNG,2021-09-20,24.0,27.3,21.4,86,98,8.3,8.3,15.6,278,15.29,3.16,948.1,21.4,556.0,16.836554,74.58373
MH-SNG,2021-09-21,23.6,28.0,21.4,88,97,7.8,7.8,18.0,274,13.23,2.76,947.1,21.4,556.0,16.836554,74.58373
MH-SNG,2021-09-22,23.5,26.6,21.3,86,96,1.0,1.0,20.7,275,11.82,2.6,945.6,20.9,556.0,16.836554,74.58373
MH-SNG,2021-09-23,23.2,25.8,21.6,89,97,8.7,8.7,17.3,266,10.94,2.25,945.6,21.3,556.0,16.836554,74.58373
MH-SNG,2021-09-24,24.2,28.0,20.8,83,98,1.5,1.5,14.8,272,17.46,3.69,946.6,20.9,556.0,16.836554,74.58373
MH-SNG,2021-09-25,24.3,28.8,21.2,82,98,0.7,0.7,16.0,280,17.73,3.82,946.6,20.7,556.0,16.836554,74.58373
MH-SNG,2021-09-26,24.0,28.5,20.9,82,98,1.9,1.9,13.0,284,16.25,3.56,944.8,20.5,556.0,16.836554,74.58373
MH-SNG,2021-09-27,22.7,24.7,21.4,89,96,3.8,3.8,14.9,278,7.29,1.74,943.4,20.7,556.0,16.836554,74.58373
MH-SNG,2021-09-28,22.5,23.8,21.4,91,95,6.5,6.5,19.9,247,7.39,1.57,943.7,21.0,556.0,16.836554,74.58373
MH-SNG,2021-09-29,23.6,27.0,21.3,87,97,2.0,2.0,20.3,233,14.45,2.97,945.7,21.1,556.0,16.836554,74.58373
MH-SNG,2021-09-30,24.5,28.8,21.5,84,97,2.2,2.2,13.4,240,17.63,3.66,947.8,21.4,556.0,16.836554,74.58373
MH-SNG,2021-10-01,24.5,30.0,21.3,86,100,10.8,10.8,8.4,318,18.84,3.85,948.0,21.8,556.0,16.836554,74.58373
MH-SNG,2021-10-02,25.2,29.5,21.6,82,98,1.3,1.3,10.2,62,17.35,3.63,947.4,21.7,556.0,16.836554,74.58373
MH-SNG,2021-10-03,25.4,30.3,22.2,86,98,4.4,4.4,11.5,65,19.79,4.03,947.2,22.6,556.0,16.836554,74.58373
MH-SNG,2021-10-04,25.4,30.5,22.1,84,99,6.0,6.0,8.1,5,19.76,4.09,946.7,22.2,556.0,16.836554,74.58373
MH-SNG,2021-10-05,25.0,29.6,21.7,87,98,17.0,17.0,11.5,53,18.59,3.76,946.7,22.5,556.0,16.836554,74.58373
MH-SNG,2021-10-06,24.6,28.4,21.6,87,98,12.1,12.1,10.7,40,15.16,3.13,946.1,22.1,556.0,16.836554,74.58373
MH-SNG,2021-10-07,24.9,30.0,21.8,84,98,7.5,7.5,18.0,100,18.33,3.81,945.7,21.8,556.0,16.836554,74.58373
MH-SNG,2021-10-08,24.7,29.6,21.4,85,99,2.5,2.5,13.7,258,18.26,3.83,946.6,21.8,556.0,16.836554,74.58373
MH-SNG,2021-10-09,24.7,28.9,21.3,84,99,2.7,2.7,10.8,274,16.64,3.51,947.8,21.5,556.0,16.836554,74.58373
MH-SNG,2021-10-10,24.5,27.9,22.1,86,98,3.0,3.0,10.0,283,15.39,3.17,947.6,21.9,556.0,16.836554,74.58373
MH-SNG,2021-10-11,23.9,27.7,21.2,89,99,12.3,12.3,10.3,293,14.27,2.89,946.1,22.0,556.0,16.836554,74.58373
MH-SNG,2021-10-12,24.5,29.8,20.7,77,100,0.1,0.1,11.7,44,20.65,4.44,945.5,19.7,556.0,16.836554,74.58373
MH-SNG,2021-10-13,23.6,29.7,18.1,74,100,0.0,0.0,12.6,44,21.06,4.55,945.2,18.1,556.0,16.836554,74.58373
MH-SNG,2021-10-14,24.6,30.2,18.6,71,92,0.0,0.0,12.1,46,20.79,4.52,945.0,18.6,556.0,16.836554,74.58373
MH-SNG,2021-10-15,25.2,30.3,20.5,67,89,0.0,0.0,14.5,34,20.55,4.73,943.0,18.2,556.0,16.836554,74.58373
MH-SNG,2021-10-16,24.8,30.6,19.9,67,87,0.0,0.0,8.8,342,20.22,4.5,942.3,17.8,556.0,16.836554,74.58373
MH-SNG,2021-10-17,24.9,30.9,20.3,74,93,0.2,0.2,18.5,267,20.39,4.62,943.6,19.5,556.0,16.836554,74.58373
MH-SNG,2021-10-18,24.5,30.0,20.9,76,98,0.0,0.0,19.1,279,20.6,4.59,946.6,19.5,556.0,16.836554,74.58373
MH-SNG,2021-10-19,24.2,29.9,20.1,72,98,0.0,0.0,9.7,314,21.15,4.52,949.4,17.9,556.0,16.836554,74.58373
MH-SNG,2021-10-20,24.3,30.4,18.8,66,95,0.0,0.0,10.9,11,21.44,4.83,951.0,16.9,556.0,16.836554,74.58373
MH-SNG,2021-10-21,24.5,30.6,18.5,60,84,0.0,0.0,11.2,27,21.15,4.89,951.0,15.8,556.0,16.836554,74.58373
MH-SNG,2021-10-22,25.0,30.5,19.3,58,78,0.0,0.0,11.2,34,21.47,4.95,951.2,15.5,556.0,16.836554,74.58373
MH-SNG,2021-10-23,25.2,31.7,19.6,63,84,0.0,0.0,16.2,289,19.66,4.58,951.2,16.9,556.0,16.836554,74.58373
MH-SNG,2021-10-24,24.8,30.5,19.9,66,90,0.0,0.0,15.2,315,20.1,4.54,951.4,17.4,556.0,16.836554,74.58373
MH-SNG,2021-10-25,24.5,30.1,19.2,71,100,0.1,0.1,9.5,16,19.17,4.12,950.4,18.1,556.0,16.836554,74.58373
MH-SNG,2021-10-26,25.3,31.0,21.4,48,76,0.0,0.0,16.3,48,19.88,5.18,949.5,13.0,556.0,16.836554,74.58373
MH-SNG,2021-10-27,24.9,30.3,19.2,44,67,0.0,0.0,16.9,64,22.18,5.71,950.1,11.2,556.0,16.836554,74.58373
MH-SNG,2021-10-28,25.1,30.3,19.9,44,61,0.0,0.0,17.9,57,21.77,6.06,950.2,11.7,556.0,16.836554,74.58373
MH-SNG,2021-10-29,26.2,31.6,21.6,49,61,0.0,0.0,19.3,69,18.46,5.39,951.0,14.2,556.0,16.836554,74.58373
MH-SNG,2021-10-30,26.9,31.9,22.4,50,61,0.0,0.0,17.3,69,17.58,5.19,951.6,15.5,556.0,16.836554,74.58373
MH-SNG,2021-10-31,26.3,31.2,22.3,65,84,0.6,0.6,15.3,71,17.5,4.26,951.1,18.8,556.0,16.836554,74.58373
MH-SNG,2021-11-01,26.0,31.4,21.1,65,89,0.0,0.0,14.0,102,19.37,4.39,950.0,18.4,556.0,16.836554,74.58373
MH-SNG,2021-11-02,25.8,31.9,21.5,70,92,1.4,1.4,16.7,99,17.77,4.27,949.6,19.5,556.0,16.836554,74.58373
MH-SNG,2021-11-03,24.4,29.3,21.0,78,95,9.2,9.2,16.6,88,14.44,3.28,949.7,20.2,556.0,16.836554,74.58373
MH-SNG,2021-11-04,24.0,29.1,20.8,81,95,1.5,1.5,12.6,72,15.96,3.38,949.4,20.3,556.0,16.836554,74.58373
MH-SNG,2021-11-05,23.9,29.2,20.9,79,96,2.3,2.3,19.1,100,15.87,3.54,949.2,19.7,556.0,16.836554,74.58373
MH-SNG,2021-11-06,24.7,29.4,20.1,74,97,0.0,0.0,16.9,85,17.77,3.92,948.2,19.3,556.0,16.836554,74.58373
MH-SNG,2021-11-07,24.3,29.7,20.1,65,90,0.0,0.0,19.1,92,18.57,4.32,948.1,16.9,556.0,16.836554,74.58373
MH-SNG,2021-11-08,23.6,28.9,18.5,55,78,0.0,0.0,14.5,79,20.33,4.83,949.3,13.6,556.0,16.836554,74.58373
MH-SNG,2021-11-09,23.0,28.9,18.3,48,66,0.0,0.0,14.8,66,20.71,5.15,949.7,10.8,556.0,16.836554,74.58373
MH-SNG,2021-11-10,23.0,29.2,16.8,51,70,0.0,0.0,12.4,53,20.78,4.8,949.0,11.9,556.0,16.836554,74.58373
MH-SNG,2021-11-11,23.4,27.0,19.5,48,61,0.0,0.0,15.5,43,13.26,3.92,947.6,11.6,556.0,16.836554,74.58373
MH-SNG,2021-11-12,24.3,29.7,19.6,54,71,0.0,0.0,13.2,32,15.96,4.2,947.5,14.1,556.0,16.836554,74.58373
MH-SNG,2021-11-13,25.6,31.2,21.1,71,97,1.1,1.1,18.1,53,16.19,3.95,947.5,19.5,556.0,16.836554,74.58373
MH-SNG,2021-11-14,24.9,30.9,22.0,82,97,6.1,6.1,13.4,89,14.63,3.21,947.4,21.2,556.0,16.836554,74.58373
MH-SNG,2021-11-15,24.9,30.4,21.6,81,97,2.6,2.6,15.9,83,16.39,3.51,946.2,21.0,556.0,16.836554,74.58373
MH-SNG,2021-11-16,24.4,29.8,21.5,82,95,11.0,11.0,22.4,96,14.24,3.24,946.1,21.0,556.0,16.836554,74.58373
MH-SNG,2021-11-17,23.8,29.2,21.2,85,95,6.1,6.1,21.3,124,14.01,3.06,947.5,20.9,556.0,16.836554,74.58373
MH-SNG,2021-11-18,23.5,28.7,20.5,81,97,0.5,0.5,15.3,120,12.78,2.84,947.7,19.8,556.0,16.836554,74.58373
MH-SNG,2021-11-19,23.4,26.4,20.8,83,94,1.5,1.5,13.6,53,7.31,1.78,945.4,20.3,556.0,16.836554,74.58373
MH-SNG,2021-11-20,24.0,28.5,21.7,84,96,7.0,7.0,18.0,85,14.74,3.08,944.8,21.0,556.0,16.836554,74.58373
MH-SNG,2021-11-21,23.1,26.0,21.5,90,97,4.0,4.0,11.9,128,6.78,1.49,947.4,21.4,556.0,16.836554,74.58373
MH-SNG,2021-11-22,23.7,28.3,19.9,86,100,2.5,2.5,7.0,5,14.14,2.85,949.9,20.9,556.0,16.836554,74.58373
MH-SNG,2021-11-23,24.2,29.1,20.8,85,98,3.3,3.3,9.3,51,16.55,3.33,949.7,21.2,556.0,16.836554,74.58373
MH-SNG,2021-11-24,24.5,29.4,20.6,80,99,1.1,1.1,13.1,72,17.56,3.7,949.8,20.6,556.0,16.836554,74.58373
MH-SNG,2021-11-25,23.9,29.4,20.1,77,97,0.0,0.0,14.3,72,18.76,3.99,950.2,19.1,556.0,16.836554,74.58373
MH-SNG,2021-11-26,23.0,28.7,18.2,72,91,0.0,0.0,14.1,68,19.06,4.09,950.4,17.1,556.0,16.836554,74.58373
MH-SNG,2021-11-27,22.1,28.2,16.6,69,91,0.0,0.0,16.5,73,18.75,4.14,950.3,15.6,556.0,16.836554,74.58373
MH-SNG,2021-11-28,22.4,27.9,17.2,63,84,0.0,0.0,17.7,76,19.37,4.55,950.7,14.4,556.0,16.836554,74.58373
MH-SNG,2021-11-29,22.5,27.5,18.8,78,92,1.0,1.0,19.6,84,11.84,2.84,951.2,18.3,556.0,16.836554,74.58373
MH-SNG,2021-11-30,22.9,28.0,20.2,80,95,0.4,0.4,19.2,95,11.45,2.77,950.8,19.1,556.0,16.836554,74.58373
MH-SNG,2021-12-01,22.3,28.4,20.0,85,96,10.7,10.7,19.8,115,9.04,2.22,949.5,19.4,556.0,16.836554,74.58373
MH-SNG,2021-12-02,21.3,25.6,19.5,91,98,7.4,7.4,13.7,139,7.83,1.59,949.4,19.8,556.0,16.836554,74.58373
MH-SNG,2021-12-03,22.0,27.1,19.0,89,100,4.2,4.2,15.6,159,11.24,2.28,950.0,19.9,556.0,16.836554,74.58373
MH-SNG,2021-12-04,22.1,26.6,18.9,88,98,1.9,1.9,10.2,115,12.5,2.42,950.5,19.9,556.0,16.836554,74.58373
MH-SNG,2021-12-05,21.6,27.0,17.9,80,100,0.0,0.0,8.4,304,15.97,3.13,950.8,17.4,556.0,16.836554,74.58373
MH-SNG,2021-12-06,21.0,27.9,15.1,76,97,0.0,0.0,9.5,359,17.72,3.52,950.2,16.2,556.0,16.836554,74.58373
MH-SNG,2021-12-07,22.3,28.2,16.5,70,96,0.0,0.0,13.1,78,17.85,3.79,950.7,16.2,556.0,16.836554,74.58373
MH-SNG,2021-12-08,22.4,28.3,17.2,65,82,0.0,0.0,12.3,86,17.62,4.0,950.9,15.1,556.0,16.836554,74.58373
MH-SNG,2021-12-09,22.0,26.8,16.6,74,86,1.0,1.0,10.1,71,15.57,3.3,952.2,17.0,556.0,16.836554,74.58373
MH-SNG,2021-12-10,22.7,27.5,18.4,76,94,0.7,0.7,15.9,86,16.19,3.45,953.0,17.8,556.0,16.836554,74.58373
MH-SNG,2021-12-11,23.1,28.5,18.9,74,92,0.1,0.1,15.6,87,16.23,3.54,952.7,17.8,556.0,16.836554,74.58373
MH-SNG,2021-12-12,23.1,28.7,19.0,69,90,0.0,0.0,16.7,89,17.01,3.9,952.7,16.7,556.0,16.836554,74.58373
MH-SNG,2021-12-13,22.4,27.7,17.7,72,92,0.1,0.1,15.1,88,15.98,3.43,951.8,16.8,556.0,16.836554,74.58373
MH-SNG,2021-12-14,22.3,27.1,18.0,73,89,0.6,0.6,12.4,85,13.87,3.04,951.3,17.1,556.0,16.836554,74.58373
MH-SNG,2021-12-15,22.8,27.7,19.0,70,88,0.2,0.2,15.4,104,14.59,3.32,951.6,16.6,556.0,16.836554,74.58373
MH-SNG,2021-12-16,22.4,28.4,17.7,65,91,0.0,0.0,12.6,91,17.31,3.92,952.4,14.7,556.0,16.836554,74.58373
MH-SNG,2021-12-17,21.7,28.0,16.5,58,84,0.0,0.0,10.8,91,18.17,4.11,952.7,12.5,556.0,16.836554,74.58373
MH-SNG,2021-12-18,21.1,28.0,16.3,52,76,0.0,0.0,14.8,71,18.75,4.56,952.5,10.1,556.0,16.836554,74.58373
MH-SNG,2021-12-19,20.7,27.7,15.6,50,65,0.0,0.0,14.6,82,18.78,4.5,953.1,9.2,556.0,16.836554,74.58373
MH-SNG,2021-12-20,20.3,27.7,13.9,57,74,0.0,0.0,11.8,86,18.58,4.12,952.8,10.9,556.0,16.836554,74.58373
MH-SNG,2021-12-21,20.3,28.1,13.2,62,91,0.0,0.0,9.0,80,18.53,3.82,952.5,11.7,556.0,16.836554,74.58373
MH-SNG,2021-12-22,21.0,29.0,13.2,60,90,0.0,0.0,9.3,43,18.56,3.75,951.1,12.1,556.0,16.836554,74.58373
MH-SNG,2021-12-23,21.7,29.7,15.1,57,79,0.0,0.0,8.8,8,18.41,3.82,950.6,12.0,556.0,16.836554,74.58373
MH-SNG,2021-12-24,21.9,30.0,14.4,60,91,0.0,0.0,12.0,295,18.58,4.03,950.6,12.6,556.0,16.836554,74.58373
MH-SNG,2021-12-25,22.1,29.7,14.6,63,96,0.0,0.0,8.6,315,18.45,3.79,951.3,13.6,556.0,16.836554,74.58373
MH-SNG,2021-12-26,22.2,30.5,15.1,58,93,0.0,0.0,10.0,326,18.42,3.94,952.0,12.6,556.0,16.836554,74.58373
MH-SNG,2021-12-27,22.3,29.9,15.0,56,83,0.0,0.0,9.2,78,18.13,3.96,952.3,12.4,556.0,16.836554,74.58373
MH-SNG,2021-12-28,22.4,29.7,16.0,60,85,0.0,0.0,12.2,162,18.18,3.96,951.6,13.4,556.0,16.836554,74.58373
MH-SNG,2021-12-29,21.7,28.5,16.0,62,93,0.0,0.0,9.7,15,18.1,3.76,951.0,13.2,556.0,16.836554,74.58373
MH-SNG,2021-12-30,22.3,28.3,17.5,60,78,0.0,0.0,14.8,89,16.98,4.16,952.5,13.6,556.0,16.836554,74.58373
MH-SNG,2021-12-31,23.1,29.3,18.3,59,83,0.0,0.0,17.7,106,17.22,4.37,954.0,14.1,556.0,16.836554,74.58373
MH-SNG,2022-01-01,23.0,27.8,18.6,64,81,0.3,0.3,17.6,108,15.38,3.67,954.3,15.6,556.0,16.836554,74.58373
MH-SNG,2022-01-02,22.9,28.5,18.5,63,81,0.0,0.0,14.9,101,17.5,4.03,953.1,15.1,556.0,16.836554,74.58373
MH-SNG,2022-01-03,22.6,28.2,18.1,62,82,0.0,0.0,13.5,97,17.1,3.83,952.6,14.5,556.0,16.836554,74.58373
MH-SNG,2022-01-04,22.0,28.5,16.0,57,81,0.0,0.0,11.8,101,18.63,4.33,952.3,12.4,556.0,16.836554,74.58373
MH-SNG,2022-01-05,21.9,28.7,15.2,58,85,0.0,0.0,12.2,119,18.76,4.04,952.0,12.4,556.0,16.836554,74.58373
MH-SNG,2022-01-06,21.6,28.6,15.4,56,78,0.0,0.0,10.4,117,18.77,4.02,950.9,11.9,556.0,16.836554,74.58373
MH-SNG,2022-01-07,21.8,29.8,14.9,65,93,0.0,0.0,14.6,194,16.75,4.04,950.4,13.9,556.0,16.836554,74.58373
MH-SNG,2022-01-08,21.4,29.0,15.8,70,100,0.0,0.0,17.1,241,18.03,4.1,951.2,14.7,556.0,16.836554,74.58373
MH-SNG,2022-01-09,20.4,27.7,14.1,76,100,0.0,0.0,18.6,280,15.7,3.45,950.3,15.2,556.0,16.836554,74.58373
MH-SNG,2022-01-10,21.2,28.4,15.5,67,100,0.0,0.0,14.6,284,17.46,3.96,950.4,13.8,556.0,16.836554,74.58373
MH-SNG,2022-01-11,20.2,28.5,13.7,63,94,0.0,0.0,19.3,262,19.11,4.28,950.1,12.0,556.0,16.836554,74.58373
MH-SNG,2022-01-12,19.2,27.0,12.5,67,98,0.0,0.0,14.1,273,19.53,3.97,949.7,11.7,556.0,16.836554,74.58373
MH-SNG,2022-01-13,19.4,26.9,13.3,70,99,0.0,0.0,18.4,267,18.91,4.05,949.4,12.7,556.0,16.836554,74.58373
MH-SNG,2022-01-14,19.6,26.7,13.5,71,100,0.0,0.0,10.0,289,15.56,3.38,949.5,13.1,556.0,16.836554,74.58373
MH-SNG,2022-01-15,21.2,28.5,14.3,64,93,0.0,0.0,12.7,44,18.76,3.97,950.3,13.0,556.0,16.836554,74.58373
MH-SNG,2022-01-16,22.9,29.6,17.1,58,80,0.3,0.3,20.5,99,17.4,4.06,951.6,13.5,556.0,16.836554,74.58373
MH-SNG,2022-01-17,22.8,27.7,19.0,62,83,0.9,0.9,17.6,88,16.48,3.88,953.5,14.8,556.0,16.836554,74.58373
MH-SNG,2022-01-18,23.0,29.2,17.4,56,81,0.0,0.0,11.3,65,19.1,4.54,952.9,13.0,556.0,16.836554,74.58373
MH-SNG,2022-01-19,22.7,29.5,16.2,49,75,0.0,0.0,13.0,31,19.76,4.8,951.5,10.7,556.0,16.836554,74.58373
MH-SNG,2022-01-20,22.6,30.9,14.1,49,85,0.0,0.0,15.3,317,19.72,4.64,949.4,9.8,556.0,16.836554,74.58373
MH-SNG,2022-01-21,23.0,32.1,14.2,46,81,0.0,0.0,14.8,315,20.1,4.86,949.2,8.8,556.0,16.836554,74.58373
MH-SNG,2022-01-22,22.0,29.2,15.5,69,100,0.0,0.0,19.5,274,19.78,4.55,948.2,15.1,556.0,16.836554,74.58373
MH-SNG,2022-01-23,20.9,27.1,16.7,70,98,0.5,0.5,22.8,267,16.13,3.92,948.3,14.3,556.0,16.836554,74.58373
MH-SNG,2022-01-24,18.5,24.6,12.2,61,95,0.0,0.0,12.4,290,19.66,3.83,948.3,9.8,556.0,16.836554,74.58373
MH-SNG,2022-01-25,19.4,27.4,11.8,55,87,0.0,0.0,10.0,285,20.57,4.31,948.2,8.9,556.0,16.836554,74.58373
MH-SNG,2022-01-26,20.1,28.0,12.8,59,94,0.0,0.0,11.3,11,20.28,4.21,948.7,10.5,556.0,16.836554,74.58373
MH-SNG,2022-01-27,22.2,29.4,15.2,50,82,0.0,0.0,15.9,52,19.0,4.8,949.5,10.5,556.0,16.836554,74.58373
MH-SNG,2022-01-28,22.4,29.2,17.4,43,60,0.0,0.0,16.9,85,20.64,5.42,951.0,8.7,556.0,16.836554,74.58373
MH-SNG,2022-01-29,22.1,29.5,15.9,38,54,0.0,0.0,15.3,73,20.99,5.47,951.9,6.6,556.0,16.836554,74.58373
MH-SNG,2022-01-30,22.2,30.5,13.5,41,69,0.0,0.0,10.4,5,20.88,4.75,950.7,7.7,556.0,16.836554,74.58373
MH-SNG,2022-01-31,23.2,31.9,13.6,42,77,0.0,0.0,11.6,323,21.15,4.76,949.5,8.2,556.0,16.836554,74.58373
MH-SNG,2022-02-01,23.5,32.4,14.9,40,68,0.0,0.0,9.8,360,21.32,4.8,949.0,7.5,556.0,16.836554,74.58373
MH-SNG,2022-02-02,23.8,32.9,14.5,41,68,0.0,0.0,14.7,285,21.38,5.1,949.3,8.2,556.0,16.836554,74.58373
MH-SNG,2022-02-03,23.1,32.5,15.8,52,84,0.0,0.0,22.1,260,21.29,5.77,948.8,10.7,556.0,16.836554,74.58373
MH-SNG,2022-02-04,21.0,28.9,13.8,64,95,0.0,0.0,10.4,290,21.27,4.54,948.4,12.5,556.0,16.836554,74.58373
MH-SNG,2022-02-05,22.4,31.6,14.8,58,100,0.0,0.0,13.8,256,21.54,4.76,948.7,10.8,556.0,16.836554,74.58373
MH-SNG,2022-02-06,23.3,32.2,14.7,55,94,0.0,0.0,18.4,214,21.67,5.0,950.7,11.3,556.0,16.836554,74.58373
MH-SNG,2022-02-07,23.9,31.8,17.1,60,95,0.0,0.0,15.5,282,21.26,4.75,951.4,13.9,556.0,16.836554,74.58373
MH-SNG,2022-02-08,23.9,32.4,17.1,61,97,0.0,0.0,17.4,277,21.35,5.21,950.4,14.3,556.0,16.836554,74.58373
MH-SNG,2022-02-09,23.5,31.9,15.6,56,96,0.0,0.0,14.8,274,21.71,4.87,949.8,12.2,556.0,16.836554,74.58373
MH-SNG,2022-02-10,23.8,31.5,16.5,45,72,0.0,0.0,8.5,359,21.65,4.91,949.9,9.9,556.0,16.836554,74.58373
MH-SNG,2022-02-11,25.5,31.8,20.2,40,58,0.0,0.0,20.9,72,20.59,6.04,950.2,10.5,556.0,16.836554,74.58373
MH-SNG,2022-02-12,25.6,31.4,20.4,40,53,0.0,0.0,17.0,85,21.72,5.67,950.1,10.5,556.0,16.836554,74.58373
MH-SNG,2022-02-13,24.7,31.8,16.7,37,66,0.0,0.0,14.8,101,22.34,5.24,948.5,7.9,556.0,16.836554,74.58373
MH-SNG,2022-02-14,24.7,32.3,17.2,35,55,0.0,0.0,14.2,270,22.28,5.62,948.0,7.2,556.0,16.836554,74.58373
MH-SNG,2022-02-15,25.1,32.0,19.1,31,47,0.0,0.0,11.3,334,21.7,5.53,948.2,6.0,556.0,16.836554,74.58373
MH-SNG,2022-02-16,24.1,31.8,16.5,41,72,0.0,0.0,16.0,305,18.0,5.42,946.6,8.5,556.0,16.836554,74.58373
MH-SNG,2022-02-17,24.4,31.2,17.8,40,66,0.0,0.0,9.6,312,17.05,4.22,945.8,8.7,556.0,16.836554,74.58373
MH-SNG,2022-02-18,25.1,32.7,17.1,38,54,0.0,0.0,17.0,191,18.39,5.35,947.0,9.0,556.0,16.836554,74.58373
MH-SNG,2022-02-19,25.6,33.5,18.4,43,67,0.0,0.0,14.2,234,22.38,5.62,949.4,10.6,556.0,16.836554,74.58373
MH-SNG,2022-02-20,25.8,33.2,17.8,40,71,0.0,0.0,16.2,297,22.55,5.61,949.2,9.9,556.0,16.836554,74.58373
MH-SNG,2022-02-21,25.8,34.4,18.1,32,51,0.0,0.0,12.4,314,23.02,5.72,948.3,6.6,556.0,16.836554,74.58373
MH-SNG,2022-02-22,26.1,35.0,16.5,38,76,0.0,0.0,13.3,32,23.02,6.1,949.4,8.5,556.0,16.836554,74.58373
MH-SNG,2022-02-23,27.0,34.9,18.9,36,58,0.0,0.0,13.5,109,22.81,6.21,951.2,9.8,556.0,16.836554,74.58373
MH-SNG,2022-02-24,27.3,34.4,20.6,39,69,0.0,0.0,10.8,132,22.7,5.81,952.5,10.4,556.0,16.836554,74.58373
MH-SNG,2022-02-25,26.5,34.4,19.1,38,85,0.0,0.0,11.6,125,23.17,5.94,951.7,8.0,556.0,16.836554,74.58373
MH-SNG,2022-02-26,26.5,34.4,17.8,31,65,0.0,0.0,10.9,99,23.3,6.29,951.3,5.5,556.0,16.836554,74.58373
MH-SNG,2022-02-27,25.8,33.8,17.1,29,57,0.0,0.0,12.0,137,23.61,5.9,951.7,4.4,556.0,16.836554,74.58373
MH-SNG,2022-02-28,26.0,34.1,17.3,31,62,0.0,0.0,13.6,62,23.4,6.09,951.1,6.1,556.0,16.836554,74.58373
MH-SNG,2022-03-01,26.7,34.4,18.7,27,46,0.0,0.0,10.2,55,23.43,6.0,951.2,4.6,556.0,16.836554,74.58373
MH-SNG,2022-03-02,26.4,34.9,18.8,26,42,0.0,0.0,14.5,119,21.06,6.16,950.6,4.5,556.0,16.836554,74.58373
MH-SNG,2022-03-03,26.6,34.7,17.8,27,55,0.0,0.0,15.5,116,23.46,6.95,950.6,4.2,556.0,16.836554,74.58373
MH-SNG,2022-03-04,26.7,34.6,18.9,24,37,0.0,0.0,14.2,95,22.69,6.38,950.8,4.1,556.0,16.836554,74.58373
MH-SNG,2022-03-05,27.1,34.9,19.3,27,40,0.0,0.0,15.4,61,22.51,6.25,950.1,5.5,556.0,16.836554,74.58373
MH-SNG,2022-03-06,27.5,33.8,20.6,30,43,0.0,0.0,14.8,99,18.46,5.68,949.4,7.7,556.0,16.836554,74.58373
MH-SNG,2022-03-07,28.0,34.7,20.5,31,55,0.0,0.0,14.1,102,21.43,6.46,949.7,8.4,556.0,16.836554,74.58373
MH-SNG,2022-03-08,27.7,33.9,20.8,32,51,0.0,0.0,13.5,136,18.22,5.89,949.6,8.9,556.0,16.836554,74.58373
MH-SNG,2022-03-09,27.5,34.6,20.1,44,79,0.0,0.0,14.0,272,20.84,5.51,949.4,12.5,556.0,16.836554,74.58373
MH-SNG,2022-03-10,28.2,34.6,21.8,35,55,0.0,0.0,14.8,43,21.19,5.94,949.4,10.3,556.0,16.836554,74.58373
MH-SNG,2022-03-11,28.0,34.0,23.5,36,46,0.2,0.2,15.5,18,18.48,5.75,949.3,11.2,556.0,16.836554,74.58373
MH-SNG,2022-03-12,26.7,31.7,22.1,41,60,0.0,0.0,18.8,26,17.49,5.28,949.6,11.8,556.0,16.836554,74.58373
MH-SNG,2022-03-13,27.8,35.3,19.1,37,63,0.0,0.0,15.6,56,22.01,6.42,949.2,10.7,556.0,16.836554,74.58373
MH-SNG,2022-03-14,29.5,36.7,22.4,28,44,0.0,0.0,16.6,73,23.52,6.99,949.5,7.9,556.0,16.836554,74.58373
MH-SNG,2022-03-15,28.2,36.8,18.6,25,50,0.0,0.0,13.0,29,25.02,6.98,948.2,3.9,556.0,16.836554,74.58373
MH-SNG,2022-03-16,29.0,37.8,20.4,23,41,0.0,0.0,17.8,14,24.76,7.07,946.8,4.5,556.0,16.836554,74.58373
MH-SNG,2022-03-17,29.4,39.5,20.7,30,69,0.0,0.0,22.5,0,24.43,7.01,946.4,6.8,556.0,16.836554,74.58373
MH-SNG,2022-03-18,29.3,39.6,20.3,48,93,0.0,0.0,19.6,328,23.24,6.76,946.0,12.2,556.0,16.836554,74.58373
MH-SNG,2022-03-19,28.3,37.2,22.1,58,96,0.0,0.0,20.8,277,16.59,4.92,945.9,15.7,556.0,16.836554,74.58373
MH-SNG,2022-03-20,28.1,36.6,23.6,56,86,0.0,0.0,27.0,274,17.05,5.27,946.4,16.3,556.0,16.836554,74.58373
MH-SNG,2022-03-21,28.0,36.1,22.7,52,84,0.0,0.0,15.4,307,9.27,3.6,947.0,15.0,556.0,16.836554,74.58373
MH-SNG,2022-03-22,28.6,35.6,23.3,47,79,0.0,0.0,17.6,270,12.25,4.27,947.0,14.8,556.0,16.836554,74.58373
MH-SNG,2022-03-23,29.9,36.1,24.6,48,85,0.0,0.0,16.2,211,15.23,4.82,946.7,15.6,556.0,16.836554,74.58373
MH-SNG,2022-03-24,29.1,36.3,25.2,56,79,0.0,0.0,26.6,264,18.32,4.92,946.8,18.0,556.0,16.836554,74.58373
MH-SNG,2022-03-25,28.9,36.2,24.3,58,87,0.0,0.0,16.8,290,16.92,4.87,947.9,18.0,556.0,16.836554,74.58373
MH-SNG,2022-03-26,29.7,37.6,23.8,55,85,0.0,0.0,19.0,319,19.47,5.55,949.6,17.3,556.0,16.836554,74.58373
MH-SNG,2022-03-27,29.6,39.1,22.5,55,95,0.0,0.0,16.4,290,19.3,5.08,949.9,16.5,556.0,16.836554,74.58373
MH-SNG,2022-03-28,30.2,39.5,21.7,47,84,0.0,0.0,17.4,330,21.13,6.07,949.1,14.5,556.0,16.836554,74.58373
MH-SNG,2022-03-29,30.3,39.0,21.9,47,86,0.0,0.0,20.2,339,25.23,7.08,948.1,13.5,556.0,16.836554,74.58373
MH-SNG,2022-03-30,30.3,39.6,21.4,45,89,0.0,0.0,16.4,325,25.63,7.04,947.8,12.5,556.0,16.836554,74.58373
MH-SNG,2022-03-31,30.1,39.6,20.7,42,88,0.0,0.0,21.3,324,26.07,7.34,948.1,10.6,556.0,16.836554,74.58373
MH-SNG,2022-04-01,30.2,39.1,20.7,27,48,0.0,0.0,21.8,321,26.21,7.21,948.0,5.8,556.0,16.836554,74.58373
MH-SNG,2022-04-02,29.7,40.1,21.4,41,69,0.0,0.0,22.2,283,25.27,6.99,948.7,11.6,556.0,16.836554,74.58373
MH-SNG,2022-04-03,30.1,39.2,22.4,48,80,0.0,0.0,18.5,281,23.21,6.31,948.6,15.1,556.0,16.836554,74.58373
MH-SNG,2022-04-04,29.8,37.9,23.3,51,79,0.0,0.0,20.3,276,19.48,5.63,949.0,17.0,556.0,16.836554,74.58373
MH-SNG,2022-04-05,30.4,38.5,24.1,53,86,0.0,0.0,20.1,323,20.7,6.07,950.6,17.2,556.0,16.836554,74.58373
MH-SNG,2022-04-06,30.3,38.1,23.3,52,90,0.0,0.0,14.8,323,22.75,6.29,951.0,16.7,556.0,16.836554,74.58373
MH-SNG,2022-04-07,31.0,39.4,24.5,49,78,0.1,0.1,19.7,302,21.72,5.86,949.8,16.3,556.0,16.836554,74.58373
MH-SNG,2022-04-08,30.3,38.2,23.4,54,91,0.0,0.0,18.8,258,21.46,5.87,948.7,17.9,556.0,16.836554,74.58373
MH-SNG,2022-04-09,29.8,38.1,23.9,59,92,0.5,0.5,26.3,257,20.28,5.43,948.2,19.2,556.0,16.836554,74.58373
MH-SNG,2022-04-10,29.6,37.3,24.1,59,89,0.0,0.0,14.7,276,20.17,5.48,948.1,19.3,556.0,16.836554,74.58373
MH-SNG,2022-04-11,30.0,38.3,23.7,56,90,0.0,0.0,20.0,300,19.72,5.48,947.2,18.3,556.0,16.836554,74.58373
MH-SNG,2022-04-12,31.0,39.1,23.6,47,81,0.0,0.0,12.3,336,21.2,6.03,946.1,16.0,556.0,16.836554,74.58373
MH-SNG,2022-04-13,31.4,39.2,24.0,43,79,0.0,0.0,12.7,95,23.12,6.54,945.5,14.6,556.0,16.836554,74.58373
MH-SNG,2022-04-14,29.0,35.4,23.7,61,91,0.1,0.1,15.5,257,19.09,5.44,946.6,19.7,556.0,16.836554,74.58373
MH-SNG,2022-04-15,27.7,36.9,24.4,71,89,9.2,9.2,20.6,273,18.76,4.72,946.8,20.9,556.0,16.836554,74.58373
MH-SNG,2022-04-16,28.6,36.5,21.9,58,98,0.0,0.0,19.8,275,25.09,6.38,946.0,16.7,556.0,16.836554,74.58373
MH-SNG,2022-04-17,28.3,37.4,20.3,50,91,0.0,0.0,21.9,273,25.32,6.55,946.6,14.3,556.0,16.836554,74.58373
MH-SNG,2022-04-18,28.6,37.2,21.3,54,91,0.0,0.0,15.3,284,23.36,5.94,948.6,16.3,556.0,16.836554,74.58373
MH-SNG,2022-04-19,28.5,38.0,22.3,55,84,0.0,0.0,28.1,271,19.59,5.26,949.6,17.1,556.0,16.836554,74.58373
MH-SNG,2022-04-20,30.9,39.0,23.7,48,82,0.0,0.0,23.2,295,22.11,5.92,947.7,16.3,556.0,16.836554,74.58373
MH-SNG,2022-04-21,32.1,39.3,24.3,40,79,0.0,0.0,16.5,338,23.03,6.96,946.2,14.2,556.0,16.836554,74.58373
MH-SNG,2022-04-22,29.9,37.9,24.9,49,81,1.3,1.3,21.0,189,21.19,5.61,947.8,17.1,556.0,16.836554,74.58373
MH-SNG,2022-04-23,29.5,37.6,24.8,47,67,1.2,1.2,16.5,271,20.42,5.5,948.5,16.2,556.0,16.836554,74.58373
MH-SNG,2022-04-24,29.0,36.4,24.4,48,82,0.0,0.0,16.3,11,20.4,5.97,948.3,15.6,556.0,16.836554,74.58373
MH-SNG,2022-04-25,30.0,39.3,22.6,43,65,0.7,0.7,19.2,338,22.62,6.26,946.9,14.8,556.0,16.836554,74.58373
MH-SNG,2022-04-26,30.9,39.4,24.0,52,92,0.0,0.0,16.9,300,20.98,6.04,947.5,16.7,556.0,16.836554,74.58373
MH-SNG,2022-04-27,32.1,40.2,23.8,41,84,0.0,0.0,11.6,357,23.26,6.46,946.5,14.3,556.0,16.836554,74.58373
MH-SNG,2022-04-28,30.8,40.1,24.7,46,73,0.9,0.9,18.0,270,23.11,6.5,947.5,16.6,556.0,16.836554,74.58373
MH-SNG,2022-04-29,31.2,40.8,23.7,55,96,0.0,0.0,23.0,312,24.88,6.99,948.1,17.5,556.0,16.836554,74.58373
MH-SNG,2022-04-30,30.8,40.2,23.9,54,92,0.0,0.0,22.7,270,24.42,7.25,946.9,17.5,556.0,16.836554,74.58373
MH-SNG,2022-05-01,29.7,38.9,22.6,51,84,0.0,0.0,23.1,271,25.15,7.42,945.7,15.9,556.0,16.836554,74.58373
MH-SNG,2022-05-02,29.6,38.2,22.4,54,92,0.0,0.0,19.4,278,24.27,7.2,946.1,16.7,556.0,16.836554,74.58373
MH-SNG,2022-05-03,29.7,38.9,22.2,56,93,0.0,0.0,20.6,278,24.88,7.15,946.5,17.2,556.0,16.836554,74.58373
MH-SNG,2022-05-04,31.0,40.1,23.4,51,89,0.0,0.0,22.3,300,24.39,6.74,947.2,16.9,556.0,16.836554,74.58373
MH-SNG,2022-05-05,30.8,39.8,22.8,49,87,0.0,0.0,19.8,314,24.47,7.07,946.9,15.5,556.0,16.836554,74.58373
MH-SNG,2022-05-06,30.6,39.9,23.1,51,92,0.0,0.0,20.4,301,21.04,6.52,946.3,15.6,556.0,16.836554,74.58373
MH-SNG,2022-05-07,30.1,38.9,22.7,53,87,0.0,0.0,20.6,279,21.38,6.17,946.0,16.7,556.0,16.836554,74.58373
MH-SNG,2022-05-08,31.5,39.8,24.7,48,80,0.0,0.0,23.4,314,17.58,6.63,944.2,16.2,556.0,16.836554,74.58373
MH-SNG,2022-05-09,30.5,40.7,25.0,57,88,0.0,0.0,28.1,287,19.39,6.66,943.1,18.2,556.0,16.836554,74.58373
MH-SNG,2022-05-10,29.2,39.4,23.8,61,87,0.1,0.1,35.3,280,19.14,6.45,942.7,19.3,556.0,16.836554,74.58373
MH-SNG,2022-05-11,28.3,37.3,23.7,65,86,0.6,0.6,28.4,271,18.2,5.85,943.2,20.0,556.0,16.836554,74.58373
MH-SNG,2022-05-12,28.4,35.6,24.4,66,85,0.5,0.5,25.2,275,17.69,5.56,944.3,20.8,556.0,16.836554,74.58373
MH-SNG,2022-05-13,27.3,33.8,23.3,69,94,0.1,0.1,21.0,270,15.42,4.62,944.2,20.7,556.0,16.836554,74.58373
MH-SNG,2022-05-14,28.9,37.0,23.8,62,86,0.3,0.3,20.7,269,23.55,6.68,944.5,20.0,556.0,16.836554,74.58373
MH-SNG,2022-05-15,29.2,37.7,22.9,62,90,0.5,0.5,20.2,279,24.64,6.83,945.3,19.7,556.0,16.836554,74.58373
MH-SNG,2022-05-16,29.6,37.4,24.8,60,84,0.0,0.0,22.1,301,14.48,4.78,944.7,19.4,556.0,16.836554,74.58373
MH-SNG,2022-05-17,29.1,38.1,24.1,64,84,2.0,2.0,23.1,270,18.59,5.4,943.9,20.3,556.0,16.836554,74.58373
MH-SNG,2022-05-18,28.2,33.4,24.0,63,87,0.1,0.1,14.0,273,9.6,2.93,944.2,19.9,556.0,16.836554,74.58373
MH-SNG,2022-05-19,26.2,30.7,23.2,77,95,14.0,14.0,16.0,292,7.59,2.54,944.7,21.6,556.0,16.836554,74.58373
MH-SNG,2022-05-20,22.9,23.9,21.1,93,96,42.5,42.5,18.8,294,4.19,1.11,945.4,21.7,556.0,16.836554,74.58373
MH-SNG,2022-05-21,24.4,29.0,20.8,79,94,1.4,1.4,22.1,270,13.55,3.41,945.7,20.3,556.0,16.836554,74.58373
MH-SNG,2022-05-22,26.3,31.4,22.9,74,94,0.2,0.2,24.6,266,22.76,5.52,944.3,20.9,556.0,16.836554,74.58373
MH-SNG,2022-05-23,26.9,31.4,23.8,76,93,0.8,0.8,20.9,264,21.48,5.19,943.9,21.8,556.0,16.836554,74.58373
MH-SNG,2022-05-24,27.3,32.7,23.6,72,93,0.4,0.4,17.9,272,21.95,5.47,946.1,21.3,556.0,16.836554,74.58373
MH-SNG,2022-05-25,26.9,32.9,21.9,70,97,0.0,0.0,14.8,281,26.07,6.09,947.7,20.0,556.0,16.836554,74.58373
MH-SNG,2022-05-26,26.3,32.8,21.0,70,98,0.0,0.0,17.7,271,25.51,6.05,947.5,19.7,556.0,16.836554,74.58373
MH-SNG,2022-05-27,26.4,32.5,21.6,69,95,0.0,0.0,21.6,276,24.72,6.13,947.3,19.4,556.0,16.836554,74.58373
MH-SNG,2022-05-28,26.5,32.8,20.9,66,95,0.0,0.0,18.5,276,25.59,6.39,946.5,18.6,556.0,16.836554,74.58373
MH-SNG,2022-05-29,27.2,33.2,22.0,65,95,0.0,0.0,20.0,272,24.79,6.38,946.4,19.2,556.0,16.836554,74.58373
MH-SNG,2022-05-30,27.9,34.5,22.3,63,92,0.1,0.1,18.5,271,25.53,6.66,945.9,19.3,556.0,16.836554,74.58373
MH-SNG,2022-05-31,27.8,35.3,22.9,65,89,0.3,0.3,22.0,270,24.43,6.42,945.2,20.0,556.0,16.836554,74.58373
MH-SNG,2022-06-01,27.0,33.3,23.3,69,93,14.7,14.7,16.6,278,15.55,4.34,945.6,20.3,556.0,16.836554,74.58373
MH-SNG,2022-06-02,26.8,36.5,22.6,75,96,23.8,23.8,28.0,273,21.33,5.02,945.6,21.2,556.0,16.836554,74.58373
MH-SNG,2022-06-03,27.4,36.1,22.9,70,89,0.7,0.7,20.1,276,24.54,5.89,945.1,20.5,556.0,16.836554,74.58373
MH-SNG,2022-06-04,28.3,35.7,22.5,65,93,0.2,0.2,17.3,270,25.88,6.36,945.0,19.8,556.0,16.836554,74.58373
MH-SNG,2022-06-05,27.7,34.6,23.3,73,93,2.4,2.4,21.2,270,22.75,5.36,945.1,21.8,556.0,16.836554,74.58373
MH-SNG,2022-06-06,26.9,32.2,23.4,72,89,1.7,1.7,13.2,277,18.22,4.46,945.7,21.2,556.0,16.836554,74.58373
MH-SNG,2022-06-07,26.5,30.8,23.1,73,89,2.3,2.3,19.0,269,16.8,4.29,946.0,21.0,556.0,16.836554,74.58373
MH-SNG,2022-06-08,27.1,34.4,22.2,70,92,0.2,0.2,16.8,264,24.33,5.89,945.8,20.6,556.0,16.836554,74.58373
MH-SNG,2022-06-09,27.1,34.1,22.8,70,93,0.8,0.8,19.9,227,22.82,5.61,945.0,20.6,556.0,16.836554,74.58373
MH-SNG,2022-06-10,25.8,31.7,22.9,76,91,6.0,6.0,22.7,229,17.99,4.39,945.2,21.0,556.0,16.836554,74.58373
MH-SNG,2022-06-11,24.8,29.0,22.7,82,91,12.2,12.2,21.1,236,16.16,3.59,945.9,21.3,556.0,16.836554,74.58373
MH-SNG,2022-06-12,24.9,29.1,22.3,80,95,0.2,0.2,17.1,233,11.7,3.02,945.7,21.0,556.0,16.836554,74.58373
MH-SNG,2022-06-13,25.8,31.4,22.6,75,91,1.0,1.0,19.4,237,19.75,4.67,946.8,20.9,556.0,16.836554,74.58373
MH-SNG,2022-06-14,26.4,31.6,23.0,73,90,0.7,0.7,18.4,258,20.57,4.98,946.9,20.7,556.0,16.836554,74.58373
MH-SNG,2022-06-15,26.5,32.8,21.7,72,98,0.0,0.0,19.9,262,23.81,5.72,946.2,20.2,556.0,16.836554,74.58373
MH-SNG,2022-06-16,26.2,31.7,22.8,75,93,2.1,2.1,18.6,259,20.93,4.95,945.9,21.0,556.0,16.836554,74.58373
MH-SNG,2022-06-17,26.8,32.8,22.9,72,91,1.9,1.9,17.2,251,21.28,5.14,945.3,20.9,556.0,16.836554,74.58373
MH-SNG,2022-06-18,26.0,32.1,22.8,77,94,5.1,5.1,18.9,258,21.12,4.74,945.6,21.3,556.0,16.836554,74.58373
MH-SNG,2022-06-19,25.6,31.1,23.0,77,91,3.7,3.7,24.1,256,18.16,4.22,945.9,21.2,556.0,16.836554,74.58373
MH-SNG,2022-06-20,25.4,30.1,22.9,78,90,4.8,4.8,22.4,255,21.3,4.76,945.0,21.0,556.0,16.836554,74.58373
MH-SNG,2022-06-21,23.5,26.6,21.6,87,95,5.2,5.2,21.4,242,9.27,2.17,943.4,21.1,556.0,16.836554,74.58373
MH-SNG,2022-06-22,23.8,28.2,21.1,87,97,4.8,4.8,17.1,225,12.12,2.62,944.1,21.2,556.0,16.836554,74.58373
MH-SNG,2022-06-23,24.8,29.6,21.6,81,97,2.6,2.6,17.8,232,19.03,4.09,944.9,21.0,556.0,16.836554,74.58373
MH-SNG,2022-06-24,24.6,29.0,22.6,81,93,3.2,3.2,23.9,229,15.13,3.49,944.2,21.1,556.0,16.836554,74.58373
MH-SNG,2022-06-25,24.1,27.7,21.8,83,94,3.8,3.8,24.8,231,15.16,3.34,942.1,21.0,556.0,16.836554,74.58373
MH-SNG,2022-06-26,23.2,24.9,22.1,90,95,16.7,16.7,20.5,232,8.86,1.9,942.4,21.5,556.0,16.836554,74.58373
MH-SNG,2022-06-27,24.1,27.9,21.8,83,96,4.6,4.6,29.7,239,18.58,3.88,944.4,20.9,556.0,16.836554,74.58373
MH-SNG,2022-06-28,24.0,26.8,22.0,83,94,1.6,1.6,20.2,247,10.19,2.59,945.0,20.9,556.0,16.836554,74.58373
MH-SNG,2022-06-29,24.4,28.6,22.2,83,93,15.7,15.7,20.9,252,16.12,3.53,943.9,21.3,556.0,16.836554,74.58373
MH-SNG,2022-06-30,24.4,29.1,21.6,84,94,12.7,12.7,21.3,258,16.89,3.64,943.5,21.4,556.0,16.836554,74.58373
MH-SNG,2022-07-01,24.6,28.5,22.3,83,94,3.3,3.3,24.3,257,18.9,3.99,944.2,21.4,556.0,16.836554,74.58373
MH-SNG,2022-07-02,24.7,29.0,21.9,81,94,2.4,2.4,27.4,258,20.64,4.42,943.3,21.0,556.0,16.836554,74.58373
MH-SNG,2022-07-03,24.8,28.6,22.3,80,92,1.7,1.7,24.5,249,19.24,4.27,943.1,20.9,556.0,16.836554,74.58373
MH-SNG,2022-07-04,24.0,27.5,22.0,85,94,9.8,9.8,26.5,251,13.63,3.01,942.9,21.2,556.0,16.836554,74.58373
MH-SNG,2022-07-05,23.3,25.6,21.9,89,95,13.5,13.5,27.0,254,9.09,2.14,941.6,21.2,556.0,16.836554,74.58373
MH-SNG,2022-07-06,23.1,26.3,21.5,89,96,5.9,5.9,23.0,248,9.82,2.24,943.1,21.0,556.0,16.836554,74.58373
MH-SNG,2022-07-07,23.3,26.2,21.6,87,95,3.2,3.2,22.7,257,10.36,2.37,945.4,21.0,556.0,16.836554,74.58373
MH-SNG,2022-07-08,22.9,26.5,21.4,88,95,8.9,8.9,28.6,263,9.67,2.2,944.8,20.8,556.0,16.836554,74.58373
MH-SNG,2022-07-09,21.9,23.4,21.1,93,95,20.3,20.3,20.9,265,5.44,1.25,943.2,20.7,556.0,16.836554,74.58373
MH-SNG,2022-07-10,22.2,24.7,20.6,89,95,13.5,13.5,25.9,265,8.03,1.87,943.9,20.3,556.0,16.836554,74.58373
MH-SNG,2022-07-11,21.5,22.8,20.6,93,95,21.1,21.1,20.9,260,6.09,1.36,945.2,20.3,556.0,16.836554,74.58373
MH-SNG,2022-07-12,22.0,24.5,20.9,91,94,18.5,18.5,27.4,262,7.46,1.68,944.7,20.5,556.0,16.836554,74.58373
MH-SNG,2022-07-13,21.8,23.0,20.9,93,94,25.3,25.3,25.1,255,5.61,1.3,942.1,20.6,556.0,16.836554,74.58373
MH-SNG,2022-07-14,22.0,23.2,21.1,92,94,23.2,23.2,25.8,250,6.06,1.41,940.1,20.7,556.0,16.836554,74.58373
MH-SNG,2022-07-15,23.3,26.1,21.8,86,92,4.8,4.8,32.2,248,11.93,2.7,941.3,20.8,556.0,16.836554,74.58373
MH-SNG,2022-07-16,24.1,27.8,22.3,84,90,4.3,4.3,29.1,247,18.13,3.79,942.7,21.2,556.0,16.836554,74.58373
MH-SNG,2022-07-17,24.4,28.4,22.2,83,93,3.0,3.0,25.7,257,19.34,4.06,944.3,21.2,556.0,16.836554,74.58373
MH-SNG,2022-07-18,22.9,24.4,22.1,90,93,6.4,6.4,23.7,254,7.98,1.79,944.9,21.1,556.0,16.836554,74.58373
MH-SNG,2022-07-19,24.0,27.5,22.0,83,93,1.7,1.7,22.7,258,18.13,3.79,945.6,20.8,556.0,16.836554,74.58373
MH-SNG,2022-07-20,24.5,28.7,21.9,81,94,3.2,3.2,21.0,269,21.66,4.49,946.2,20.9,556.0,16.836554,74.58373
MH-SNG,2022-07-21,24.6,28.8,21.9,79,93,1.1,1.1,21.1,275,19.58,4.3,946.4,20.6,556.0,16.836554,74.58373
MH-SNG,2022-07-22,24.4,29.1,21.6,81,96,2.0,2.0,20.4,280,17.99,3.93,946.7,20.7,556.0,16.836554,74.58373
MH-SNG,2022-07-23,23.7,27.1,21.8,84,93,1.4,1.4,19.5,266,12.03,2.82,945.5,20.6,556.0,16.836554,74.58373
MH-SNG,2022-07-24,22.9,26.0,21.5,89,96,3.9,3.9,22.9,248,10.3,2.22,945.1,20.9,556.0,16.836554,74.58373
MH-SNG,2022-07-25,24.0,28.7,21.6,83,95,1.9,1.9,19.1,254,20.21,4.15,946.3,20.7,556.0,16.836554,74.58373
MH-SNG,2022-07-26,24.1,28.0,21.4,84,96,2.1,2.1,14.2,269,15.02,3.25,947.5,21.0,556.0,16.836554,74.58373
MH-SNG,2022-07-27,24.0,29.2,21.3,86,99,24.0,24.0,10.0,276,18.27,3.74,947.1,21.4,556.0,16.836554,74.58373
MH-SNG,2022-07-28,25.0,29.9,21.3,83,99,5.3,5.3,10.2,342,19.3,4.0,947.7,21.6,556.0,16.836554,74.58373
MH-SNG,2022-07-29,25.3,30.7,21.2,83,100,3.9,3.9,13.0,283,21.77,4.49,947.2,21.9,556.0,16.836554,74.58373
MH-SNG,2022-07-30,24.2,29.9,21.7,89,99,10.9,10.9,15.9,311,16.92,3.45,946.4,22.0,556.0,16.836554,74.58373
MH-SNG,2022-07-31,24.9,30.1,21.7,84,99,9.2,9.2,13.6,287,21.07,4.36,944.9,21.8,556.0,16.836554,74.58373
MH-SNG,2022-08-01,24.9,30.7,21.4,81,98,4.9,4.9,19.1,291,23.39,4.9,945.0,21.1,556.0,16.836554,74.58373
MH-SNG,2022-08-02,24.4,28.2,21.8,83,96,1.4,1.4,11.6,299,14.38,3.13,944.2,21.3,556.0,16.836554,74.58373
MH-SNG,2022-08-03,24.0,29.2,21.5,87,97,23.2,23.2,15.8,289,15.38,3.16,943.4,21.6,556.0,16.836554,74.58373
MH-SNG,2022-08-04,24.1,28.7,22.0,89,98,27.9,27.9,11.3,278,14.97,3.05,942.6,22.0,556.0,16.836554,74.58373
MH-SNG,2022-08-05,23.6,26.5,21.8,90,98,9.7,9.7,17.4,234,12.78,2.58,941.8,21.7,556.0,16.836554,74.58373
MH-SNG,2022-08-06,23.3,25.2,21.8,88,93,2.9,2.9,26.1,243,9.94,2.24,941.4,21.2,556.0,16.836554,74.58373
MH-SNG,2022-08-07,23.1,25.4,21.8,89,94,9.3,9.3,26.0,248,10.85,2.26,940.9,21.3,556.0,16.836554,74.58373
MH-SNG,2022-08-08,22.7,24.0,21.6,92,94,19.8,19.8,28.4,246,7.57,1.65,940.0,21.2,556.0,16.836554,74.58373
MH-SNG,2022-08-09,22.5,23.4,22.1,91,93,19.9,19.9,26.6,243,7.21,1.71,939.9,20.9,556.0,16.836554,74.58373
MH-SNG,2022-08-10,23.1,25.3,21.6,85,91,4.0,4.0,36.4,242,15.25,3.25,939.7,20.4,556.0,16.836554,74.58373
MH-SNG,2022-08-11,23.4,25.3,22.3,84,88,3.9,3.9,32.8,242,12.27,2.91,941.4,20.6,556.0,16.836554,74.58373
MH-SNG,2022-08-12,23.9,26.8,22.4,82,89,1.3,1.3,39.1,246,20.3,4.13,943.7,20.6,556.0,16.836554,74.58373
MH-SNG,2022-08-13,23.8,26.9,22.0,83,91,2.2,2.2,26.5,248,17.91,3.76,944.9,20.6,556.0,16.836554,74.58373
MH-SNG,2022-08-14,23.7,26.9,21.9,83,91,1.7,1.7,27.5,253,16.17,3.55,946.1,20.4,556.0,16.836554,74.58373
MH-SNG,2022-08-15,23.5,27.2,21.7,84,93,7.4,7.4,27.0,255,17.56,3.62,946.2,20.6,556.0,16.836554,74.58373
MH-SNG,2022-08-16,23.3,25.6,21.9,84,92,1.1,1.1,25.1,238,13.28,2.91,946.4,20.5,556.0,16.836554,74.58373
MH-SNG,2022-08-17,23.9,27.5,21.5,82,92,1.2,1.2,24.8,243,18.38,3.85,947.2,20.5,556.0,16.836554,74.58373
MH-SNG,2022-08-18,24.1,28.1,21.6,82,93,1.1,1.1,23.1,261,19.78,4.12,947.1,20.7,556.0,16.836554,74.58373
MH-SNG,2022-08-19,23.9,28.0,21.4,82,95,2.0,2.0,25.2,264,18.94,3.95,947.2,20.5,556.0,16.836554,74.58373
MH-SNG,2022-08-20,24.2,28.1,21.9,82,93,1.2,1.2,24.5,268,19.07,4.04,946.8,20.8,556.0,16.836554,74.58373
MH-SNG,2022-08-21,24.1,27.5,22.1,81,92,1.1,1.1,27.2,274,18.8,4.02,945.7,20.5,556.0,16.836554,74.58373
MH-SNG,2022-08-22,24.0,27.5,21.9,82,92,1.2,1.2,29.4,267,19.93,4.07,944.8,20.6,556.0,16.836554,74.58373
MH-SNG,2022-08-23,24.1,27.5,22.0,83,93,1.4,1.4,24.8,258,19.05,3.94,945.3,20.8,556.0,16.836554,74.58373
MH-SNG,2022-08-24,23.7,27.8,21.3,84,95,4.4,4.4,21.3,262,17.71,3.66,947.5,20.6,556.0,16.836554,74.58373
MH-SNG,2022-08-25,24.1,28.7,21.1,82,95,1.7,1.7,14.5,271,19.71,4.1,946.8,20.6,556.0,16.836554,74.58373
MH-SNG,2022-08-26,24.5,29.0,21.0,78,97,2.0,2.0,16.7,287,19.8,4.37,946.4,20.1,556.0,16.836554,74.58373
MH-SNG,2022-08-27,24.4,29.6,20.7,79,98,0.4,0.4,18.0,283,18.17,4.05,946.5,20.1,556.0,16.836554,74.58373
MH-SNG,2022-08-28,25.0,30.6,20.4,75,97,0.2,0.2,15.3,294,23.14,5.07,946.1,19.6,556.0,16.836554,74.58373
MH-SNG,2022-08-29,24.9,30.5,21.1,80,98,2.6,2.6,11.4,313,21.42,4.5,947.0,21.0,556.0,16.836554,74.58373
MH-SNG,2022-08-30,24.8,28.8,21.7,84,97,6.4,6.4,8.9,15,14.6,3.03,947.1,21.7,556.0,16.836554,74.58373
MH-SNG,2022-08-31,24.8,30.6,21.4,83,98,8.3,8.3,9.4,107,21.23,4.37,946.3,21.4,556.0,16.836554,74.58373
MH-SNG,2022-09-01,24.4,29.7,21.4,86,99,1.3,1.3,9.6,82,16.02,3.33,946.1,21.7,556.0,16.836554,74.58373
MH-SNG,2022-09-02,25.0,30.7,21.0,83,98,2.3,2.3,16.3,113,22.36,4.63,946.6,21.5,556.0,16.836554,74.58373
MH-SNG,2022-09-03,25.1,30.5,21.6,84,99,2.1,2.1,20.9,236,21.63,4.49,947.0,21.9,556.0,16.836554,74.58373
MH-SNG,2022-09-04,24.7,29.9,22.3,85,98,1.3,1.3,14.8,290,16.61,3.48,947.0,21.8,556.0,16.836554,74.58373
MH-SNG,2022-09-05,24.4,27.6,22.3,87,97,4.8,4.8,14.3,304,12.76,2.74,946.6,22.0,556.0,16.836554,74.58373
MH-SNG,2022-09-06,23.9,29.2,21.8,90,99,23.6,23.6,9.3,328,13.9,2.82,946.0,22.1,556.0,16.836554,74.58373
MH-SNG,2022-09-07,24.0,29.0,21.8,88,99,17.5,17.5,9.7,36,13.46,2.81,945.7,21.7,556.0,16.836554,74.58373
MH-SNG,2022-09-08,24.1,29.0,21.6,88,99,11.7,11.7,6.6,127,13.03,2.76,944.9,21.7,556.0,16.836554,74.58373
MH-SNG,2022-09-09,24.3,29.3,21.8,86,99,4.4,4.4,14.2,182,15.41,3.26,944.1,21.7,556.0,16.836554,74.58373
MH-SNG,2022-09-10,23.4,26.6,21.7,91,98,24.3,24.3,17.0,241,12.68,2.48,944.3,21.7,556.0,16.836554,74.58373
MH-SNG,2022-09-11,22.8,24.1,21.8,93,97,36.9,36.9,19.3,216,6.57,1.43,942.4,21.6,556.0,16.836554,74.58373
MH-SNG,2022-09-12,23.5,25.4,22.4,89,96,12.1,12.1,27.4,237,9.61,2.14,941.6,21.6,556.0,16.836554,74.58373
MH-SNG,2022-09-13,24.0,27.3,22.4,84,92,2.3,2.3,28.0,242,17.84,3.67,944.4,21.1,556.0,16.836554,74.58373
MH-SNG,2022-09-14,24.0,27.9,21.7,82,92,1.3,1.3,27.6,237,21.68,4.38,947.1,20.7,556.0,16.836554,74.58373
MH-SNG,2022-09-15,23.9,27.6,21.6,83,92,2.3,2.3,29.6,240,20.63,4.15,948.2,20.7,556.0,16.836554,74.58373
MH-SNG,2022-09-16,23.7,26.4,21.8,85,93,2.1,2.1,27.1,249,14.68,3.15,946.7,20.8,556.0,16.836554,74.58373
MH-SNG,2022-09-17,24.1,28.2,21.9,82,94,1.1,1.1,23.7,243,21.27,4.33,946.9,20.6,556.0,16.836554,74.58373
MH-SNG,2022-09-18,24.0,28.0,21.4,80,93,0.8,0.8,20.4,259,20.58,4.3,948.0,20.1,556.0,16.836554,74.58373
MH-SNG,2022-09-19,23.5,27.6,20.3,79,94,0.3,0.3,20.3,269,18.53,3.98,948.0,19.4,556.0,16.836554,74.58373
MH-SNG,2022-09-20,23.2,28.2,19.9,78,97,0.1,0.1,18.7,279,21.14,4.47,947.6,18.9,556.0,16.836554,74.58373
MH-SNG,2022-09-21,23.5,29.0,20.1,77,95,0.0,0.0,18.4,270,20.86,4.54,947.4,18.8,556.0,16.836554,74.58373
MH-SNG,2022-09-22,22.8,27.7,19.4,77,97,0.1,0.1,19.0,260,20.76,4.41,948.0,18.2,556.0,16.836554,74.58373
MH-SNG,2022-09-23,23.0,28.0,19.2,80,98,0.5,0.5,19.5,262,20.11,4.24,948.3,18.9,556.0,16.836554,74.58373
MH-SNG,2022-09-24,22.9,25.9,20.7,82,96,0.4,0.4,19.9,256,12.48,2.76,948.0,19.7,556.0,16.836554,74.58373
MH-SNG,2022-09-25,24.1,28.6,20.6,80,97,0.9,0.9,17.8,274,19.68,4.21,947.3,20.2,556.0,16.836554,74.58373
MH-SNG,2022-09-26,23.5,27.6,20.7,84,98,7.0,7.0,11.0,301,12.07,2.71,948.4,20.4,556.0,16.836554,74.58373
MH-SNG,2022-09-27,24.0,29.8,19.4,77,98,0.0,0.0,17.6,288,20.84,4.52,947.3,19.2,556.0,16.836554,74.58373
MH-SNG,2022-09-28,24.3,29.9,19.8,78,98,0.2,0.2,15.7,282,21.75,4.71,946.5,19.7,556.0,16.836554,74.58373
MH-SNG,2022-09-29,23.5,29.3,20.2,85,99,6.9,6.9,14.8,295,16.74,3.45,946.4,20.7,556.0,16.836554,74.58373
MH-SNG,2022-09-30,24.2,30.2,21.2,85,99,4.1,4.1,10.6,299,19.27,3.96,947.0,21.2,556.0,16.836554,74.58373
MH-SNG,2022-10-01,23.5,29.4,20.9,87,98,13.5,13.5,15.0,298,17.46,3.53,947.4,20.9,556.0,16.836554,74.58373
MH-SNG,2022-10-02,23.9,29.1,20.8,84,99,0.7,0.7,13.8,304,17.7,3.64,947.6,20.8,556.0,16.836554,74.58373
MH-SNG,2022-10-03,24.1,29.7,20.0,81,99,0.7,0.7,15.9,314,20.96,4.43,947.6,20.2,556.0,16.836554,74.58373
MH-SNG,2022-10-04,24.4,29.7,20.0,77,97,0.3,0.3,12.6,340,19.94,4.35,947.5,19.6,556.0,16.836554,74.58373
MH-SNG,2022-10-05,24.9,30.5,20.1,73,93,0.1,0.1,13.8,329,20.33,4.6,946.6,19.3,556.0,16.836554,74.58373
MH-SNG,2022-10-06,23.7,29.4,21.0,83,95,20.9,20.9,15.9,295,14.0,3.08,945.3,20.4,556.0,16.836554,74.58373
MH-SNG,2022-10-07,22.8,26.3,21.3,88,96,13.4,13.4,20.6,257,12.9,2.66,945.4,20.6,556.0,16.836554,74.58373
MH-SNG,2022-10-08,23.9,28.9,21.0,79,95,0.7,0.7,11.9,253,19.38,4.08,947.5,19.7,556.0,16.836554,74.58373
MH-SNG,2022-10-09,24.5,29.5,20.1,78,99,0.7,0.7,7.2,276,20.34,4.11,948.3,20.0,556.0,16.836554,74.58373
MH-SNG,2022-10-10,23.9,27.3,21.4,87,99,5.5,5.5,9.7,52,11.19,2.36,948.9,21.4,556.0,16.836554,74.58373
MH-SNG,2022-10-11,23.8,28.7,21.7,88,97,11.3,11.3,9.6,83,13.94,2.85,948.0,21.6,556.0,16.836554,74.58373
MH-SNG,2022-10-12,23.1,27.1,21.2,90,98,21.8,21.8,12.0,119,12.14,2.44,948.5,21.3,556.0,16.836554,74.58373
MH-SNG,2022-10-13,23.6,27.9,20.9,87,99,9.3,9.3,9.4,85,13.84,2.81,948.7,21.2,556.0,16.836554,74.58373
MH-SNG,2022-10-14,23.1,28.1,20.9,89,98,17.6,17.6,10.9,65,14.77,2.92,948.6,21.1,556.0,16.836554,74.58373
MH-SNG,2022-10-15,23.5,28.7,19.9,86,98,5.9,5.9,12.2,63,15.66,3.17,947.5,20.8,556.0,16.836554,74.58373
MH-SNG,2022-10-16,23.0,27.0,21.1,89,97,19.1,19.1,14.5,59,12.86,2.55,948.8,21.0,556.0,16.836554,74.58373
MH-SNG,2022-10-17,23.6,28.6,20.8,88,98,6.3,6.3,12.3,110,15.46,3.07,950.2,21.5,556.0,16.836554,74.58373
MH-SNG,2022-10-18,23.5,27.7,20.7,87,99,0.3,0.3,10.0,206,13.07,2.71,950.1,21.1,556.0,16.836554,74.58373
MH-SNG,2022-10-19,24.0,28.9,21.3,87,99,3.9,3.9,13.0,20,16.97,3.4,949.5,21.4,556.0,16.836554,74.58373
MH-SNG,2022-10-20,23.9,28.2,20.6,85,97,10.7,10.7,9.7,87,15.53,3.13,950.1,21.1,556.0,16.836554,74.58373
MH-SNG,2022-10-21,23.5,28.1,20.6,86,98,3.7,3.7,11.2,71,15.77,3.2,951.4,20.8,556.0,16.836554,74.58373
MH-SNG,2022-10-22,23.9,28.7,20.3,75,98,2.7,2.7,14.7,66,20.13,4.38,952.5,18.7,556.0,16.836554,74.58373
MH-SNG,2022-10-23,22.2,27.6,18.1,64,78,0.0,0.0,14.5,45,22.46,4.82,951.8,14.7,556.0,16.836554,74.58373
MH-SNG,2022-10-24,20.6,27.8,14.0,69,94,0.0,0.0,11.4,15,22.5,4.59,949.6,13.9,556.0,16.836554,74.58373
MH-SNG,2022-10-25,20.9,28.1,14.5,68,96,0.0,0.0,8.9,4,22.49,4.52,949.6,13.9,556.0,16.836554,74.58373
MH-SNG,2022-10-26,21.2,27.9,14.7,68,93,0.0,0.0,13.4,54,22.19,4.59,950.9,14.5,556.0,16.836554,74.58373
MH-SNG,2022-10-27,21.7,27.7,15.4,62,88,0.0,0.0,13.4,71,21.86,4.81,951.1,13.4,556.0,16.836554,74.58373
MH-SNG,2022-10-28,22.4,27.7,16.3,55,76,0.0,0.0,14.8,56,20.91,4.98,950.3,12.6,556.0,16.836554,74.58373
MH-SNG,2022-10-29,23.4,29.3,18.8,51,64,0.0,0.0,16.5,57,19.85,5.25,950.2,12.5,556.0,16.836554,74.58373
MH-SNG,2022-10-30,22.4,28.6,17.0,52,65,0.0,0.0,14.7,57,21.72,5.15,950.6,11.6,556.0,16.836554,74.58373
MH-SNG,2022-10-31,22.2,28.4,16.1,56,79,0.0,0.0,13.9,58,21.83,5.01,950.2,12.5,556.0,16.836554,74.58373
MH-SNG,2022-11-01,22.6,28.6,17.5,57,75,0.0,0.0,13.9,62,21.46,4.93,950.8,13.3,556.0,16.836554,74.58373
MH-SNG,2022-11-02,24.1,30.8,18.4,64,85,0.6,0.6,18.2,73,18.64,4.43,950.4,16.4,556.0,16.836554,74.58373
MH-SNG,2022-11-03,24.2,30.3,18.7,58,89,0.0,0.0,15.5,41,20.99,5.22,950.1,14.4,556.0,16.836554,74.58373
MH-SNG,2022-11-04,25.0,30.2,20.0,57,65,0.4,0.4,16.6,77,18.39,4.81,951.1,15.8,556.0,16.836554,74.58373
MH-SNG,2022-11-05,25.5,30.5,21.1,62,81,0.2,0.2,14.6,83,19.03,4.6,952.4,17.4,556.0,16.836554,74.58373
MH-SNG,2022-11-06,25.2,31.3,20.8,57,87,0.3,0.3,14.6,81,19.12,4.85,952.7,15.0,556.0,16.836554,74.58373
MH-SNG,2022-11-07,24.4,31.4,18.0,46,70,0.0,0.0,12.6,60,20.96,5.29,951.9,11.1,556.0,16.836554,74.58373
MH-SNG,2022-11-08,24.4,31.3,17.0,49,80,0.0,0.0,12.4,61,20.02,4.9,951.6,12.3,556.0,16.836554,74.58373
MH-SNG,2022-11-09,24.3,30.8,17.6,45,73,0.0,0.0,17.2,61,20.67,5.51,951.4,10.5,556.0,16.836554,74.58373
MH-SNG,2022-11-10,23.7,29.5,18.7,42,53,0.0,0.0,16.8,65,21.07,5.74,951.5,9.4,556.0,16.836554,74.58373
MH-SNG,2022-11-11,24.3,30.4,19.0,44,64,0.0,0.0,19.2,59,20.8,5.94,951.5,10.7,556.0,16.836554,74.58373
MH-SNG,2022-11-12,24.7,31.0,19.6,48,65,0.0,0.0,20.1,62,20.43,5.63,951.6,12.4,556.0,16.836554,74.58373
MH-SNG,2022-11-13,25.3,31.8,20.0,51,66,0.0,0.0,18.4,86,19.15,5.28,950.9,14.2,556.0,16.836554,74.58373
MH-SNG,2022-11-14,25.5,30.9,20.6,61,86,0.1,0.1,14.6,94,18.91,4.51,951.4,16.9,556.0,16.836554,74.58373
MH-SNG,2022-11-15,25.3,30.8,19.5,57,88,0.0,0.0,10.3,78,20.08,4.74,951.7,15.5,556.0,16.836554,74.58373
MH-SNG,2022-11-16,24.4,30.1,18.9,49,76,0.0,0.0,11.3,44,20.44,4.92,950.7,12.5,556.0,16.836554,74.58373
MH-SNG,2022-11-17,23.2,29.5,16.3,45,72,0.0,0.0,14.2,46,20.59,5.25,950.3,9.8,556.0,16.836554,74.58373
MH-SNG,2022-11-18,22.7,29.1,16.8,45,64,0.0,0.0,16.3,59,20.42,5.21,950.4,9.4,556.0,16.836554,74.58373
MH-SNG,2022-11-19,22.2,28.3,16.6,46,66,0.0,0.0,17.9,59,20.37,5.25,950.4,9.5,556.0,16.836554,74.58373
MH-SNG,2022-11-20,21.0,27.1,14.9,44,69,0.0,0.0,12.6,51,20.49,4.93,949.4,7.5,556.0,16.836554,74.58373
MH-SNG,2022-11-21,21.6,28.5,14.6,44,64,0.0,0.0,10.1,74,19.67,4.55,949.0,7.9,556.0,16.836554,74.58373
MH-SNG,2022-11-22,24.0,30.5,19.6,50,67,0.0,0.0,16.3,49,15.09,4.47,949.3,12.5,556.0,16.836554,74.58373
MH-SNG,2022-11-23,25.2,31.0,20.5,54,67,0.0,0.0,15.4,53,17.28,4.63,949.8,15.0,556.0,16.836554,74.58373
MH-SNG,2022-11-24,25.5,30.8,20.0,63,83,0.5,0.5,13.3,79,16.56,4.01,949.8,17.6,556.0,16.836554,74.58373
MH-SNG,2022-11-25,25.7,30.9,21.5,66,86,0.6,0.6,13.2,97,17.74,4.19,950.4,18.4,556.0,16.836554,74.58373
MH-SNG,2022-11-26,25.8,30.5,21.5,65,83,0.6,0.6,13.4,90,16.05,3.74,949.9,18.4,556.0,16.836554,74.58373
MH-SNG,2022-11-27,25.8,30.9,21.7,66,87,0.7,0.7,9.7,296,15.93,3.57,948.0,18.5,556.0,16.836554,74.58373
MH-SNG,2022-11-28,25.1,31.0,20.7,72,97,1.2,1.2,11.2,266,16.34,3.52,948.4,19.0,556.0,16.836554,74.58373
MH-SNG,2022-11-29,25.4,31.3,19.9,65,100,0.0,0.0,11.7,69,18.21,4.23,949.3,17.3,556.0,16.836554,74.58373
MH-SNG,2022-11-30,23.8,30.0,17.5,50,80,0.0,0.0,12.8,74,19.37,4.77,950.3,11.9,556.0,16.836554,74.58373
MH-SNG,2022-12-01,22.4,29.8,14.5,52,74,0.0,0.0,13.7,99,19.47,4.64,949.9,11.2,556.0,16.836554,74.58373
MH-SNG,2022-12-02,24.1,30.3,18.0,64,86,0.0,0.0,12.9,101,16.34,3.78,949.4,16.5,556.0,16.836554,74.58373
MH-SNG,2022-12-03,25.5,30.9,19.9,64,87,0.1,0.1,14.1,94,17.06,4.03,949.7,17.9,556.0,16.836554,74.58373
MH-SNG,2022-12-04,25.5,30.7,20.8,64,87,0.2,0.2,12.7,83,16.14,3.84,950.5,17.8,556.0,16.836554,74.58373
MH-SNG,2022-12-05,25.7,31.4,21.3,59,79,0.0,0.0,11.3,94,17.0,4.23,951.2,16.6,556.0,16.836554,74.58373
MH-SNG,2022-12-06,24.3,30.8,19.2,51,77,0.0,0.0,14.4,74,18.87,4.88,950.8,12.6,556.0,16.836554,74.58373
MH-SNG,2022-12-07,22.9,30.0,15.5,53,72,0.0,0.0,13.3,53,18.86,4.55,949.9,12.3,556.0,16.836554,74.58373
MH-SNG,2022-12-08,23.1,28.5,17.1,54,82,0.0,0.0,13.7,43,17.42,4.46,949.6,12.6,556.0,16.836554,74.58373
MH-SNG,2022-12-09,20.8,28.2,13.3,43,64,0.0,0.0,11.9,44,19.64,4.72,947.9,7.1,556.0,16.836554,74.58373
MH-SNG,2022-12-10,22.8,29.1,16.9,44,65,0.0,0.0,12.6,43,17.87,4.6,947.6,9.4,556.0,16.836554,74.58373
MH-SNG,2022-12-11,23.0,28.0,20.7,74,94,10.6,10.6,19.1,60,9.01,2.44,948.4,17.8,556.0,16.836554,74.58373
MH-SNG,2022-12-12,22.9,27.9,19.9,82,95,11.5,11.5,19.5,81,11.85,2.73,948.4,19.4,556.0,16.836554,74.58373
MH-SNG,2022-12-13,23.4,27.4,20.6,80,95,1.2,1.2,23.3,98,11.49,2.8,949.2,19.6,556.0,16.836554,74.58373
MH-SNG,2022-12-14,23.6,28.0,20.7,75,93,0.4,0.4,19.5,116,15.01,3.51,950.4,18.5,556.0,16.836554,74.58373
MH-SNG,2022-12-15,23.5,29.2,19.3,68,91,0.0,0.0,13.6,111,17.37,3.98,949.9,16.9,556.0,16.836554,74.58373
MH-SNG,2022-12-16,23.3,29.6,17.1,62,82,0.0,0.0,13.6,84,18.17,4.16,949.6,15.1,556.0,16.836554,74.58373
MH-SNG,2022-12-17,23.9,29.5,18.4,65,86,0.3,0.3,12.7,66,17.0,3.96,950.4,16.6,556.0,16.836554,74.58373
MH-SNG,2022-12-18,24.4,29.9,19.8,64,85,0.0,0.0,14.0,56,17.58,4.25,950.0,16.7,556.0,16.836554,74.58373
MH-SNG,2022-12-19,23.1,28.8,18.5,51,68,0.0,0.0,13.0,64,18.51,4.72,949.2,12.0,556.0,16.836554,74.58373
MH-SNG,2022-12-20,21.9,29.7,15.3,55,86,0.0,0.0,11.5,86,18.66,4.3,948.5,11.6,556.0,16.836554,74.58373
MH-SNG,2022-12-21,22.2,30.1,14.8,51,76,0.0,0.0,10.5,84,18.36,4.41,949.1,10.8,556.0,16.836554,74.58373
MH-SNG,2022-12-22,22.6,30.4,14.4,50,80,0.0,0.0,10.1,68,18.67,4.33,949.0,10.7,556.0,16.836554,74.58373
MH-SNG,2022-12-23,22.8,30.6,14.7,52,84,0.0,0.0,10.0,67,18.25,4.02,949.0,11.5,556.0,16.836554,74.58373
MH-SNG,2022-12-24,22.8,30.2,14.5,52,90,0.0,0.0,7.5,110,18.64,4.02,949.5,11.6,556.0,16.836554,74.58373
MH-SNG,2022-12-25,21.8,30.0,14.0,52,82,0.0,0.0,9.9,122,18.81,4.26,949.9,10.6,556.0,16.836554,74.58373
MH-SNG,2022-12-26,23.1,29.6,17.0,65,86,0.0,0.0,17.3,115,13.03,3.3,951.2,15.9,556.0,16.836554,74.58373
MH-SNG,2022-12-27,25.0,31.3,19.7,65,91,0.0,0.0,11.9,110,17.41,3.98,952.3,17.3,556.0,16.836554,74.58373
MH-SNG,2022-12-28,25.1,31.1,19.5,58,81,0.0,0.0,10.4,75,17.18,4.22,953.2,15.6,556.0,16.836554,74.58373
MH-SNG,2022-12-29,24.6,31.0,18.9,54,82,0.0,0.0,7.9,58,17.42,3.98,954.3,14.2,556.0,16.836554,74.58373
MH-SNG,2022-12-30,24.2,31.3,17.8,53,79,0.0,0.0,9.9,55,18.27,4.29,954.9,13.3,556.0,16.836554,74.58373
MH-SNG,2022-12-31,23.5,30.7,16.5,53,82,0.0,0.0,10.2,328,18.42,4.07,954.2,12.7,556.0,16.836554,74.58373
MH-SNG,2023-01-01,23.5,30.7,17.0,54,82,0.0,0.0,8.9,334,18.47,4.04,953.5,12.8,556.0,16.836554,74.58373
MH-SNG,2023-01-02,23.4,30.5,16.8,56,80,0.0,0.0,10.0,55,18.55,4.11,953.1,13.4,556.0,16.836554,74.58373
MH-SNG,2023-01-03,23.8,30.5,18.5,56,82,0.0,0.0,10.4,124,18.14,4.01,953.3,13.9,556.0,16.836554,74.58373
MH-SNG,2023-01-04,23.4,29.8,16.9,57,90,0.0,0.0,11.5,127,16.44,3.83,952.2,13.3,556.0,16.836554,74.58373
MH-SNG,2023-01-05,23.5,29.6,18.3,52,73,0.0,0.0,14.0,116,16.6,4.26,953.1,12.6,556.0,16.836554,74.58373
MH-SNG,2023-01-06,23.7,29.4,18.8,57,86,0.0,0.0,14.6,110,17.35,4.43,954.5,13.9,556.0,16.836554,74.58373
MH-SNG,2023-01-07,23.3,28.1,19.3,62,84,0.1,0.1,16.5,86,15.52,3.83,954.3,15.2,556.0,16.836554,74.58373
MH-SNG,2023-01-08,22.1,28.2,17.2,53,74,0.0,0.0,12.1,64,18.76,4.44,953.2,11.5,556.0,16.836554,74.58373
MH-SNG,2023-01-09,20.9,28.4,15.0,40,58,0.0,0.0,13.0,74,19.76,4.83,953.8,5.9,556.0,16.836554,74.58373
MH-SNG,2023-01-10,20.6,29.9,12.8,38,57,0.0,0.0,12.4,78,19.76,4.88,953.2,5.1,556.0,16.836554,74.58373
MH-SNG,2023-01-11,21.3,29.8,12.5,42,72,0.0,0.0,9.8,109,19.74,4.05,951.6,7.1,556.0,16.836554,74.58373
MH-SNG,2023-01-12,21.5,30.0,12.0,43,75,0.0,0.0,8.6,311,19.77,4.12,950.3,7.1,556.0,16.836554,74.58373
MH-SNG,2023-01-13,21.4,30.4,13.3,44,70,0.0,0.0,9.8,326,19.69,4.21,950.5,7.8,556.0,16.836554,74.58373
MH-SNG,2023-01-14,22.0,30.8,13.3,47,79,0.0,0.0,14.8,270,19.72,4.55,950.3,9.0,556.0,16.836554,74.58373
MH-SNG,2023-01-15,22.4,30.9,14.4,52,82,0.0,0.0,13.8,271,19.77,4.5,949.6,10.5,556.0,16.836554,74.58373
MH-SNG,2023-01-16,22.9,30.9,15.0,55,94,0.0,0.0,11.5,267,19.76,4.33,949.9,11.7,556.0,16.836554,74.58373
MH-SNG,2023-01-17,22.5,31.4,14.6,49,84,0.0,0.0,11.5,267,20.04,4.57,950.3,9.6,556.0,16.836554,74.58373
MH-SNG,2023-01-18,23.2,31.3,14.8,45,78,0.0,0.0,10.2,92,19.99,4.54,951.8,9.1,556.0,16.836554,74.58373
MH-SNG,2023-01-19,23.4,30.9,16.3,42,70,0.0,0.0,12.0,124,20.0,4.68,951.9,8.7,556.0,16.836554,74.58373
MH-SNG,2023-01-20,22.7,30.5,15.6,44,70,0.0,0.0,12.1,155,19.91,4.68,951.6,9.0,556.0,16.836554,74.58373
MH-SNG,2023-01-21,22.7,30.0,15.1,46,75,0.0,0.0,8.4,153,20.01,4.31,951.4,9.5,556.0,16.836554,74.58373
MH-SNG,2023-01-22,22.9,30.3,15.4,46,70,0.0,0.0,10.0,145,19.9,4.48,950.3,9.9,556.0,16.836554,74.58373
MH-SNG,2023-01-23,23.1,30.6,16.4,50,72,0.0,0.0,12.0,137,19.92,4.63,949.5,11.4,556.0,16.836554,74.58373
MH-SNG,2023-01-24,23.3,31.0,16.8,59,80,0.5,0.5,13.0,204,18.57,4.45,949.5,14.4,556.0,16.836554,74.58373
MH-SNG,2023-01-25,23.8,31.6,18.5,63,85,1.7,1.7,9.4,254,18.8,4.11,949.6,15.6,556.0,16.836554,74.58373
MH-SNG,2023-01-26,24.7,31.8,18.6,58,91,0.0,0.0,11.9,87,18.38,4.45,950.1,14.8,556.0,16.836554,74.58373
MH-SNG,2023-01-27,24.8,31.8,19.4,35,60,0.0,0.0,14.2,112,20.17,5.81,950.4,7.3,556.0,16.836554,74.58373
MH-SNG,2023-01-28,23.8,31.6,17.9,35,58,0.0,0.0,14.2,132,20.97,5.79,949.6,5.7,556.0,16.836554,74.58373
MH-SNG,2023-01-29,23.0,31.3,15.3,48,96,0.0,0.0,14.8,161,20.64,5.05,948.4,9.5,556.0,16.836554,74.58373
MH-SNG,2023-01-30,23.5,31.0,17.0,62,100,0.0,0.0,9.3,54,20.35,4.37,950.2,14.1,556.0,16.836554,74.58373
MH-SNG,2023-01-31,24.9,31.6,19.7,47,74,0.1,0.1,13.8,75,18.29,4.91,950.4,12.3,556.0,16.836554,74.58373
MH-SNG,2023-02-01,25.1,31.3,20.8,47,66,0.0,0.0,14.1,71,18.39,5.03,950.5,12.3,556.0,16.836554,74.58373
MH-SNG,2023-02-02,24.8,31.3,20.0,42,61,0.0,0.0,19.2,77,20.75,5.9,950.8,10.3,556.0,16.836554,74.58373
MH-SNG,2023-02-03,24.4,31.3,18.4,37,52,0.0,0.0,16.6,69,21.05,5.76,951.2,7.9,556.0,16.836554,74.58373
MH-SNG,2023-02-04,24.9,32.2,18.3,34,48,0.0,0.0,13.7,67,21.23,5.68,950.1,7.5,556.0,16.836554,74.58373
MH-SNG,2023-02-05,25.0,32.6,17.2,36,58,0.0,0.0,11.2,72,21.24,5.08,949.6,8.4,556.0,16.836554,74.58373
MH-SNG,2023-02-06,25.1,32.9,17.6,40,66,0.0,0.0,11.3,284,21.4,5.09,949.7,9.6,556.0,16.836554,74.58373
MH-SNG,2023-02-07,24.9,32.9,17.0,39,62,0.0,0.0,8.7,296,21.19,5.12,949.3,9.2,556.0,16.836554,74.58373
MH-SNG,2023-02-08,25.8,33.6,17.6,41,68,0.0,0.0,15.1,30,21.55,5.89,949.9,10.3,556.0,16.836554,74.58373
MH-SNG,2023-02-09,26.7,33.9,20.2,34,48,0.0,0.0,12.1,55,21.69,6.04,950.6,9.1,556.0,16.836554,74.58373
MH-SNG,2023-02-10,25.8,34.2,17.6,32,59,0.0,0.0,13.3,41,21.99,5.92,951.5,6.5,556.0,16.836554,74.58373
MH-SNG,2023-02-11,25.8,34.5,16.8,29,51,0.0,0.0,11.3,45,22.1,5.78,951.8,5.3,556.0,16.836554,74.58373
MH-SNG,2023-02-12,25.9,34.4,16.1,28,50,0.0,0.0,17.4,39,22.42,6.46,952.2,4.7,556.0,16.836554,74.58373
MH-SNG,2023-02-13,26.1,33.5,19.3,26,47,0.0,0.0,16.8,50,22.56,6.76,952.7,4.2,556.0,16.836554,74.58373
MH-SNG,2023-02-14,24.7,33.1,16.3,23,45,0.0,0.0,13.7,58,22.95,6.46,952.2,1.2,556.0,16.836554,74.58373
MH-SNG,2023-02-15,25.2,33.9,15.7,21,40,0.0,0.0,15.9,60,23.09,6.91,950.7,0.2,556.0,16.836554,74.58373
MH-SNG,2023-02-16,26.3,34.5,18.4,22,37,0.0,0.0,20.4,59,23.13,7.57,951.0,1.6,556.0,16.836554,74.58373
MH-SNG,2023-02-17,27.0,34.3,20.4,22,38,0.0,0.0,18.7,47,22.93,7.65,951.4,2.6,556.0,16.836554,74.58373
MH-SNG,2023-02-18,26.1,33.9,19.4,25,38,0.0,0.0,12.3,52,23.13,6.35,951.3,3.4,556.0,16.836554,74.58373
MH-SNG,2023-02-19,26.0,33.5,18.2,30,45,0.0,0.0,16.3,66,23.07,6.66,951.1,6.2,556.0,16.836554,74.58373
MH-SNG,2023-02-20,25.8,33.8,17.3,35,59,0.0,0.0,10.3,86,22.92,5.61,951.4,8.1,556.0,16.836554,74.58373
MH-SNG,2023-02-21,26.6,35.5,17.4,39,79,0.0,0.0,12.1,55,23.04,5.81,951.5,9.1,556.0,16.836554,74.58373
MH-SNG,2023-02-22,27.3,35.8,18.8,31,59,0.0,0.0,12.0,40,23.22,6.12,950.7,6.8,556.0,16.836554,74.58373
MH-SNG,2023-02-23,27.5,35.6,19.6,27,52,0.0,0.0,11.3,80,23.22,6.0,950.5,5.8,556.0,16.836554,74.58373
MH-SNG,2023-02-24,27.0,35.3,18.6,29,47,0.0,0.0,10.0,85,23.39,6.05,951.4,6.2,556.0,16.836554,74.58373
MH-SNG,2023-02-25,27.1,35.3,19.3,30,50,0.0,0.0,9.8,87,23.24,6.04,952.8,6.6,556.0,16.836554,74.58373
MH-SNG,2023-02-26,27.1,35.3,17.6,26,46,0.0,0.0,10.9,88,23.4,6.32,953.4,4.7,556.0,16.836554,74.58373
MH-SNG,2023-02-27,26.9,34.8,19.9,27,51,0.0,0.0,15.0,150,23.45,6.34,953.6,5.5,556.0,16.836554,74.58373
MH-SNG,2023-02-28,26.5,34.4,18.8,36,71,0.0,0.0,14.8,97,23.43,6.18,953.6,8.0,556.0,16.836554,74.58373
MH-SNG,2023-03-01,26.2,34.5,17.9,32,64,0.0,0.0,14.4,110,23.6,6.58,953.7,6.2,556.0,16.836554,74.58373
MH-SNG,2023-03-02,27.7,35.2,20.5,24,40,0.0,0.0,16.3,99,23.53,7.49,954.4,4.6,556.0,16.836554,74.58373
MH-SNG,2023-03-03,27.7,35.2,20.5,25,42,0.0,0.0,19.9,106,23.73,7.43,954.8,4.9,556.0,16.836554,74.58373
MH-SNG,2023-03-04,28.2,35.4,20.8,24,39,0.0,0.0,16.0,106,23.59,7.11,954.8,4.8,556.0,16.836554,74.58373
MH-SNG,2023-03-05,28.3,35.7,21.1,25,41,0.0,0.0,12.8,108,23.56,7.16,954.2,5.3,556.0,16.836554,74.58373
MH-SNG,2023-03-06,28.3,35.8,20.8,24,39,0.0,0.0,19.4,120,23.44,6.95,952.6,5.1,556.0,16.836554,74.58373
MH-SNG,2023-03-07,26.5,32.4,20.4,34,56,0.0,0.0,18.7,39,23.32,7.02,953.1,8.7,556.0,16.836554,74.58373
MH-SNG,2023-03-08,27.6,34.4,20.8,31,56,0.0,0.0,21.2,71,22.47,6.96,952.5,7.3,556.0,16.836554,74.58373
MH-SNG,2023-03-09,28.4,34.5,22.8,25,36,0.0,0.0,15.6,60,22.16,7.14,951.8,5.6,556.0,16.836554,74.58373
MH-SNG,2023-03-10,27.7,34.8,20.1,26,41,0.0,0.0,10.9,95,23.64,6.46,951.2,5.9,556.0,16.836554,74.58373
MH-SNG,2023-03-11,28.4,34.8,20.1,25,38,0.0,0.0,13.8,95,22.88,6.74,951.2,5.8,556.0,16.836554,74.58373
MH-SNG,2023-03-12,29.3,35.7,22.8,25,43,0.0,0.0,19.3,107,22.03,7.22,951.0,6.7,556.0,16.836554,74.58373
MH-SNG,2023-03-13,28.6,34.8,21.4,25,42,0.0,0.0,18.8,114,19.14,6.09,950.1,5.9,556.0,16.836554,74.58373
MH-SNG,2023-03-14,27.9,35.5,20.6,35,61,0.0,0.0,15.2,48,20.77,5.73,948.6,8.7,556.0,16.836554,74.58373
MH-SNG,2023-03-15,27.1,34.7,20.6,44,79,2.8,2.8,23.8,237,17.71,5.1,947.4,11.5,556.0,16.836554,74.58373
MH-SNG,2023-03-16,26.4,33.0,20.2,56,96,9.0,9.0,17.7,269,19.47,5.35,949.1,15.2,556.0,16.836554,74.58373
MH-SNG,2023-03-17,25.9,32.1,20.6,52,78,0.0,0.0,17.0,281,19.46,5.09,949.1,14.2,556.0,16.836554,74.58373
MH-SNG,2023-03-18,25.9,32.4,20.5,55,87,0.0,0.0,21.0,290,22.29,5.95,947.8,14.4,556.0,16.836554,74.58373
MH-SNG,2023-03-19,25.2,32.4,19.1,55,98,0.0,0.0,21.9,277,23.56,6.28,947.6,12.6,556.0,16.836554,74.58373
MH-SNG,2023-03-20,24.0,31.3,17.2,53,97,0.0,0.0,16.9,294,24.98,5.82,947.3,11.0,556.0,16.836554,74.58373
MH-SNG,2023-03-21,24.8,32.9,17.6,50,83,0.0,0.0,18.9,287,21.18,5.78,947.7,12.0,556.0,16.836554,74.58373
MH-SNG,2023-03-22,25.7,34.1,18.3,45,82,0.0,0.0,20.9,301,24.55,6.81,948.5,10.7,556.0,16.836554,74.58373
MH-SNG,2023-03-23,25.9,34.3,17.9,46,80,0.0,0.0,18.9,300,23.86,6.57,948.5,11.5,556.0,16.836554,74.58373
MH-SNG,2023-03-24,27.2,35.7,20.1,44,75,0.0,0.0,21.6,298,24.74,6.64,948.5,11.8,556.0,16.836554,74.58373
MH-SNG,2023-03-25,27.5,35.8,20.0,36,67,0.0,0.0,19.6,288,25.16,7.2,949.3,8.2,556.0,16.836554,74.58373
MH-SNG,2023-03-26,26.8,35.8,19.1,31,54,0.0,0.0,21.4,281,25.26,7.06,949.1,6.6,556.0,16.836554,74.58373
MH-SNG,2023-03-27,26.2,35.6,17.8,44,89,0.0,0.0,16.1,279,25.89,6.85,949.0,8.2,556.0,16.836554,74.58373
MH-SNG,2023-03-28,26.5,36.2,17.7,50,94,0.0,0.0,14.6,272,25.69,6.23,948.4,11.3,556.0,16.836554,74.58373
MH-SNG,2023-03-29,27.3,36.6,19.2,44,85,0.0,0.0,22.6,264,25.73,7.53,949.1,10.2,556.0,16.836554,74.58373
MH-SNG,2023-03-30,26.3,36.2,17.1,47,94,0.0,0.0,18.4,275,26.16,7.03,948.4,10.6,556.0,16.836554,74.58373
MH-SNG,2023-03-31,26.0,34.8,18.2,52,88,0.0,0.0,20.5,285,24.35,6.73,948.0,13.1,556.0,16.836554,74.58373
MH-SNG,2023-04-01,26.9,34.7,18.9,48,94,0.0,0.0,19.9,291,24.55,6.86,948.5,12.3,556.0,16.836554,74.58373
MH-SNG,2023-04-02,26.8,35.8,18.8,33,68,0.0,0.0,20.5,284,26.04,7.31,948.3,7.3,556.0,16.836554,74.58373
MH-SNG,2023-04-03,26.4,35.9,18.2,50,90,0.0,0.0,18.0,280,26.04,6.77,947.9,11.3,556.0,16.836554,74.58373
MH-SNG,2023-04-04,27.6,36.8,18.6,52,97,0.0,0.0,16.9,285,25.65,6.46,948.8,12.7,556.0,16.836554,74.58373
MH-SNG,2023-04-05,29.2,37.7,21.3,48,91,0.0,0.0,20.9,315,22.18,6.47,948.4,13.9,556.0,16.836554,74.58373
MH-SNG,2023-04-06,31.1,37.6,24.1,35,67,0.0,0.0,18.9,30,21.88,7.21,948.7,12.3,556.0,16.836554,74.58373
MH-SNG,2023-04-07,28.1,34.8,24.1,51,74,0.5,0.5,19.8,122,19.84,6.07,950.7,16.2,556.0,16.836554,74.58373
MH-SNG,2023-04-08,26.9,33.8,22.1,60,81,18.5,18.5,20.8,40,20.28,5.63,952.5,17.8,556.0,16.836554,74.58373
MH-SNG,2023-04-09,29.6,36.2,23.0,41,75,0.0,0.0,14.6,60,23.03,6.99,952.3,12.9,556.0,16.836554,74.58373
MH-SNG,2023-04-10,29.8,36.7,22.4,41,68,0.0,0.0,18.4,105,21.86,6.22,950.7,13.7,556.0,16.836554,74.58373
MH-SNG,2023-04-11,30.9,38.5,23.7,39,70,0.0,0.0,19.8,63,25.15,7.48,950.9,12.6,556.0,16.836554,74.58373
MH-SNG,2023-04-12,31.4,39.2,23.3,34,64,0.0,0.0,16.6,57,25.71,7.1,950.3,10.6,556.0,16.836554,74.58373
MH-SNG,2023-04-13,31.6,39.8,23.5,35,61,0.0,0.0,15.3,301,22.75,6.62,949.9,12.1,556.0,16.836554,74.58373
MH-SNG,2023-04-14,30.7,37.9,25.3,36,49,0.8,0.8,14.1,358,19.04,5.96,950.3,13.4,556.0,16.836554,74.58373
MH-SNG,2023-04-15,29.5,38.2,23.8,40,65,2.7,2.7,19.6,20,21.11,6.19,950.1,13.7,556.0,16.836554,74.58373
MH-SNG,2023-04-16,30.4,37.4,22.7,37,63,0.0,0.0,15.5,351,23.22,6.54,948.4,12.7,556.0,16.836554,74.58373
MH-SNG,2023-04-17,30.0,36.3,23.3,37,64,0.8,0.8,19.6,9,20.26,6.44,948.5,12.9,556.0,16.836554,74.58373
MH-SNG,2023-04-18,31.5,39.3,23.7,31,53,0.0,0.0,16.4,103,25.17,7.42,949.0,10.1,556.0,16.836554,74.58373
MH-SNG,2023-04-19,31.5,40.4,23.2,40,69,0.0,0.0,20.5,269,25.04,7.36,947.3,13.2,556.0,16.836554,74.58373
MH-SNG,2023-04-20,30.1,38.6,23.6,53,90,0.1,0.1,20.8,274,23.02,6.55,945.8,17.2,556.0,16.836554,74.58373
MH-SNG,2023-04-21,29.8,37.3,23.2,51,93,0.0,0.0,20.0,278,23.75,6.37,946.0,15.8,556.0,16.836554,74.58373
MH-SNG,2023-04-22,28.7,37.2,21.3,40,75,0.0,0.0,22.5,281,25.92,7.42,946.1,11.7,556.0,16.836554,74.58373
MH-SNG,2023-04-23,28.2,36.4,20.8,43,73,0.0,0.0,16.7,300,26.31,6.95,946.3,11.8,556.0,16.836554,74.58373
MH-SNG,2023-04-24,29.4,37.9,22.2,47,84,0.0,0.0,25.3,279,25.22,7.11,946.8,13.6,556.0,16.836554,74.58373
MH-SNG,2023-04-25,28.9,37.9,22.0,52,90,0.0,0.0,26.7,257,24.15,6.65,947.3,15.5,556.0,16.836554,74.58373
MH-SNG,2023-04-26,28.2,35.1,21.7,56,92,0.3,0.3,17.5,262,22.46,6.06,947.9,17.1,556.0,16.836554,74.58373
MH-SNG,2023-04-27,29.1,35.9,22.7,52,82,0.0,0.0,17.5,259,22.1,5.9,947.8,16.9,556.0,16.836554,74.58373
MH-SNG,2023-04-28,28.7,33.8,23.9,52,73,0.4,0.4,15.9,287,17.99,4.97,948.7,17.1,556.0,16.836554,74.58373
MH-SNG,2023-04-29,28.7,35.0,23.7,54,82,0.0,0.0,14.9,270,23.22,5.7,948.0,17.6,556.0,16.836554,74.58373
MH-SNG,2023-04-30,28.7,35.9,23.1,50,77,0.0,0.0,20.6,261,24.27,6.9,946.3,16.0,556.0,16.836554,74.58373
MH-SNG,2023-05-01,28.0,35.7,21.5,50,86,0.0,0.0,18.2,278,25.44,6.97,946.2,14.6,556.0,16.836554,74.58373
MH-SNG,2023-05-02,27.5,34.6,20.6,46,73,0.0,0.0,18.0,273,24.35,6.45,947.0,13.6,556.0,16.836554,74.58373
MH-SNG,2023-05-03,27.4,33.8,21.7,56,91,0.1,0.1,19.6,277,21.78,5.93,948.4,16.3,556.0,16.836554,74.58373
MH-SNG,2023-05-04,27.8,35.4,21.5,53,87,0.0,0.0,20.3,274,23.04,6.32,947.6,15.6,556.0,16.836554,74.58373
MH-SNG,2023-05-05,28.6,36.1,22.9,51,76,0.0,0.0,22.3,265,23.79,6.45,947.0,16.0,556.0,16.836554,74.58373
MH-SNG,2023-05-06,28.9,36.1,22.7,52,82,0.0,0.0,16.6,304,23.5,6.05,946.9,16.7,556.0,16.836554,74.58373
MH-SNG,2023-05-07,28.8,35.6,23.5,57,81,1.2,1.2,14.3,287,22.13,5.84,947.1,18.7,556.0,16.836554,74.58373
MH-SNG,2023-05-08,26.3,32.6,22.4,76,93,23.1,23.1,13.7,293,17.15,3.98,946.9,21.5,556.0,16.836554,74.58373
MH-SNG,2023-05-09,27.3,33.8,23.6,74,98,3.7,3.7,16.9,313,19.87,4.42,947.5,22.0,556.0,16.836554,74.58373
MH-SNG,2023-05-10,29.5,35.6,24.0,63,94,1.1,1.1,12.9,297,22.29,5.52,946.9,20.8,556.0,16.836554,74.58373
MH-SNG,2023-05-11,31.0,38.5,24.5,57,90,0.0,0.0,16.3,290,22.37,5.94,947.3,19.2,556.0,16.836554,74.58373
MH-SNG,2023-05-12,30.6,38.7,24.6,58,85,0.0,0.0,19.9,269,23.73,6.56,947.8,19.5,556.0,16.836554,74.58373
MH-SNG,2023-05-13,29.3,37.2,23.0,64,95,0.2,0.2,22.7,269,23.56,6.6,948.4,20.5,556.0,16.836554,74.58373
MH-SNG,2023-05-14,29.9,37.6,24.0,55,90,0.0,0.0,17.3,279,25.07,7.43,947.7,17.8,556.0,16.836554,74.58373
MH-SNG,2023-05-15,29.1,36.7,22.3,59,91,0.0,0.0,18.4,282,25.53,7.21,948.2,18.6,556.0,16.836554,74.58373
MH-SNG,2023-05-16,29.4,37.7,21.6,56,98,0.0,0.0,18.8,290,27.01,7.42,949.3,16.5,556.0,16.836554,74.58373
MH-SNG,2023-05-17,30.5,39.4,22.5,46,84,0.0,0.0,23.0,279,27.19,7.42,949.4,13.7,556.0,16.836554,74.58373
MH-SNG,2023-05-18,30.9,40.2,22.7,49,93,0.0,0.0,20.6,303,24.18,6.74,950.2,15.8,556.0,16.836554,74.58373
MH-SNG,2023-05-19,31.8,40.1,24.1,46,83,0.0,0.0,23.3,302,22.78,6.94,948.8,15.8,556.0,16.836554,74.58373
MH-SNG,2023-05-20,31.0,39.2,23.8,51,91,0.0,0.0,22.4,293,24.42,6.89,948.4,16.6,556.0,16.836554,74.58373
MH-SNG,2023-05-21,30.8,39.6,23.7,52,85,0.0,0.0,27.6,290,23.79,7.08,948.8,17.1,556.0,16.836554,74.58373
MH-SNG,2023-05-22,31.2,39.1,24.2,49,85,0.0,0.0,19.1,316,22.32,6.64,949.8,17.1,556.0,16.836554,74.58373
MH-SNG,2023-05-23,31.5,40.2,26.2,49,73,1.3,1.3,23.0,287,22.95,6.4,949.7,18.2,556.0,16.836554,74.58373
MH-SNG,2023-05-24,29.7,39.2,24.0,57,87,0.0,0.0,28.2,269,23.12,6.48,949.7,19.0,556.0,16.836554,74.58373
MH-SNG,2023-05-25,29.1,36.9,23.8,59,88,0.2,0.2,25.8,276,24.15,7.1,950.3,19.0,556.0,16.836554,74.58373
MH-SNG,2023-05-26,28.8,35.3,22.8,59,87,0.0,0.0,19.8,283,24.0,6.99,950.8,18.9,556.0,16.836554,74.58373
MH-SNG,2023-05-27,29.3,36.7,22.8,54,89,0.0,0.0,22.3,282,25.83,7.51,949.3,17.0,556.0,16.836554,74.58373
MH-SNG,2023-05-28,30.0,38.7,23.1,51,84,0.0,0.0,19.6,295,23.31,6.62,948.3,16.5,556.0,16.836554,74.58373
MH-SNG,2023-05-29,30.8,37.9,23.5,51,81,0.0,0.0,16.8,313,23.69,6.52,948.1,17.6,556.0,16.836554,74.58373
MH-SNG,2023-05-30,30.2,38.3,25.0,60,90,0.0,0.0,16.2,299,21.59,5.74,948.6,19.9,556.0,16.836554,74.58373
MH-SNG,2023-05-31,30.7,37.9,23.9,57,94,0.0,0.0,14.9,310,22.96,6.25,947.9,19.2,556.0,16.836554,74.58373
MH-SNG,2023-06-01,30.5,38.0,25.5,60,92,0.0,0.0,15.2,284,21.59,5.72,947.8,20.0,556.0,16.836554,74.58373
MH-SNG,2023-06-02,29.8,37.1,24.5,61,91,0.0,0.0,20.9,274,24.54,6.82,948.4,19.8,556.0,16.836554,74.58373
MH-SNG,2023-06-03,29.9,37.8,23.0,58,92,0.0,0.0,19.4,280,25.19,6.93,947.9,18.8,556.0,16.836554,74.58373
MH-SNG,2023-06-04,29.1,35.9,24.0,63,89,0.2,0.2,21.9,281,24.06,6.51,947.9,20.4,556.0,16.836554,74.58373
MH-SNG,2023-06-05,29.4,36.2,23.6,62,96,0.0,0.0,19.1,278,24.18,6.68,947.3,20.0,556.0,16.836554,74.58373
MH-SNG,2023-06-06,29.7,36.5,23.7,56,91,0.0,0.0,21.6,272,25.03,7.05,947.0,18.4,556.0,16.836554,74.58373
MH-SNG,2023-06-07,29.2,36.0,24.0,61,89,0.4,0.4,22.7,265,23.9,6.63,947.0,20.1,556.0,16.836554,74.58373
MH-SNG,2023-06-08,28.2,36.5,23.8,68,90,5.6,5.6,20.6,263,23.12,5.94,947.5,21.0,556.0,16.836554,74.58373
MH-SNG,2023-06-09,28.2,36.6,23.4,68,94,8.0,8.0,18.7,249,22.98,5.9,946.0,20.9,556.0,16.836554,74.58373
MH-SNG,2023-06-10,27.1,32.0,23.9,73,88,5.3,5.3,22.1,228,19.48,4.84,945.2,21.6,556.0,16.836554,74.58373
MH-SNG,2023-06-11,27.2,32.9,23.6,70,88,2.0,2.0,25.9,225,22.77,5.63,944.9,20.9,556.0,16.836554,74.58373
MH-SNG,2023-06-12,27.7,33.8,22.9,67,92,0.1,0.1,26.1,224,24.11,6.39,944.7,20.3,556.0,16.836554,74.58373
MH-SNG,2023-06-13,27.6,34.1,23.5,68,90,0.8,0.8,27.0,235,22.75,6.06,945.7,20.7,556.0,16.836554,74.58373
MH-SNG,2023-06-14,27.7,33.9,24.1,69,90,0.0,0.0,26.1,245,24.07,6.33,947.4,20.9,556.0,16.836554,74.58373
MH-SNG,2023-06-15,27.8,33.9,23.7,67,89,0.0,0.0,25.7,249,23.86,6.53,947.7,20.4,556.0,16.836554,74.58373
MH-SNG,2023-06-16,27.3,33.4,22.7,69,94,0.0,0.0,28.0,248,22.5,6.13,946.9,20.6,556.0,16.836554,74.58373
MH-SNG,2023-06-17,27.7,33.9,24.2,68,89,0.8,0.8,24.6,255,21.27,5.86,947.2,20.9,556.0,16.836554,74.58373
MH-SNG,2023-06-18,27.5,33.3,22.8,68,92,1.6,1.6,23.3,273,21.11,5.81,947.1,20.6,556.0,16.836554,74.58373
MH-SNG,2023-06-19,28.5,35.4,23.4,64,93,0.0,0.0,19.9,280,24.3,6.76,946.0,19.9,556.0,16.836554,74.58373
MH-SNG,2023-06-20,28.6,36.4,23.1,62,92,0.0,0.0,20.6,279,25.38,6.98,945.3,19.5,556.0,16.836554,74.58373
MH-SNG,2023-06-21,28.3,35.0,22.5,64,96,0.0,0.0,24.4,278,23.87,6.5,945.7,19.9,556.0,16.836554,74.58373
MH-SNG,2023-06-22,27.9,34.3,23.6,67,90,0.8,0.8,22.3,268,21.75,5.88,946.0,20.6,556.0,16.836554,74.58373
MH-SNG,2023-06-23,27.4,34.6,23.6,70,91,1.8,1.8,24.3,257,21.78,5.62,945.8,21.0,556.0,16.836554,74.58373
MH-SNG,2023-06-24,26.0,31.0,23.4,78,89,8.7,8.7,26.3,251,18.11,4.35,944.7,21.5,556.0,16.836554,74.58373
MH-SNG,2023-06-25,25.3,30.2,23.0,79,93,0.4,0.4,22.7,257,13.46,3.5,944.8,21.2,556.0,16.836554,74.58373
MH-SNG,2023-06-26,26.0,31.0,23.1,74,90,1.0,1.0,24.9,260,16.83,4.58,945.8,20.6,556.0,16.836554,74.58373
MH-SNG,2023-06-27,26.1,30.9,23.6,75,90,1.5,1.5,23.6,256,17.18,4.49,945.8,21.0,556.0,16.836554,74.58373
MH-SNG,2023-06-28,24.4,27.1,23.0,84,91,6.1,6.1,23.2,244,9.57,2.49,946.5,21.4,556.0,16.836554,74.58373
MH-SNG,2023-06-29,24.6,28.8,23.0,83,90,11.4,11.4,24.6,253,14.24,3.26,946.9,21.4,556.0,16.836554,74.58373
MH-SNG,2023-06-30,24.7,29.0,22.4,82,92,2.7,2.7,28.7,249,17.42,3.91,946.9,21.2,556.0,16.836554,74.58373
MH-SNG,2023-07-01,25.3,30.2,21.9,79,95,2.6,2.6,28.2,254,21.16,4.74,947.4,21.1,556.0,16.836554,74.58373
MH-SNG,2023-07-02,25.4,29.4,22.9,79,91,2.9,2.9,27.1,259,18.45,4.28,946.8,21.3,556.0,16.836554,74.58373
MH-SNG,2023-07-03,25.4,29.3,22.6,81,92,18.9,18.9,21.4,252,17.77,4.0,945.0,21.8,556.0,16.836554,74.58373
MH-SNG,2023-07-04,25.2,28.2,23.0,82,94,14.2,14.2,21.0,260,14.89,3.4,943.1,21.8,556.0,16.836554,74.58373
MH-SNG,2023-07-05,24.9,28.8,23.0,82,92,4.2,4.2,23.1,251,14.12,3.36,941.5,21.6,556.0,16.836554,74.58373
MH-SNG,2023-07-06,24.1,27.1,22.7,85,93,4.1,4.1,30.0,249,14.55,3.24,943.4,21.3,556.0,16.836554,74.58373
MH-SNG,2023-07-07,23.8,26.1,22.5,88,94,8.5,8.5,31.0,241,12.67,2.67,944.8,21.6,556.0,16.836554,74.58373
MH-SNG,2023-07-08,24.2,27.0,22.6,85,93,3.3,3.3,25.8,248,14.9,3.2,946.3,21.4,556.0,16.836554,74.58373
MH-SNG,2023-07-09,24.9,29.0,22.2,81,93,3.5,3.5,24.2,250,20.6,4.38,946.8,21.3,556.0,16.836554,74.58373
MH-SNG,2023-07-10,25.3,28.8,22.9,80,94,1.6,1.6,22.8,255,21.28,4.54,946.8,21.4,556.0,16.836554,74.58373
MH-SNG,2023-07-11,25.1,28.1,22.7,78,93,0.0,0.0,21.2,270,13.81,3.49,946.7,20.9,556.0,16.836554,74.58373
MH-SNG,2023-07-12,24.8,27.8,22.7,81,92,2.0,2.0,19.8,264,10.54,2.73,945.7,21.3,556.0,16.836554,74.58373
MH-SNG,2023-07-13,24.4,29.9,21.8,83,94,6.5,6.5,20.8,254,19.29,4.02,945.8,21.3,556.0,16.836554,74.58373
MH-SNG,2023-07-14,24.2,27.5,22.0,85,94,3.3,3.3,23.9,262,15.11,3.23,946.9,21.4,556.0,16.836554,74.58373
MH-SNG,2023-07-15,24.6,28.0,22.5,83,92,3.7,3.7,23.5,264,15.4,3.42,947.4,21.4,556.0,16.836554,74.58373
MH-SNG,2023-07-16,25.0,28.7,22.7,79,90,1.5,1.5,24.0,261,18.66,4.21,946.6,21.0,556.0,16.836554,74.58373
MH-SNG,2023-07-17,24.2,27.4,22.4,83,92,2.1,2.1,25.2,256,13.83,3.18,945.8,21.0,556.0,16.836554,74.58373
MH-SNG,2023-07-18,22.6,23.7,21.9,93,95,15.7,15.7,23.3,252,5.42,1.3,944.5,21.3,556.0,16.836554,74.58373
MH-SNG,2023-07-19,22.7,24.4,21.5,92,95,17.4,17.4,27.5,255,8.63,1.77,942.6,21.4,556.0,16.836554,74.58373
MH-SNG,2023-07-20,23.5,26.2,22.0,88,94,11.1,11.1,29.5,257,12.19,2.62,942.9,21.4,556.0,16.836554,74.58373
MH-SNG,2023-07-21,23.9,26.8,22.1,87,95,11.3,11.3,26.4,261,11.07,2.58,944.4,21.5,556.0,16.836554,74.58373
MH-SNG,2023-07-22,23.3,25.7,22.3,90,95,9.8,9.8,27.1,262,9.0,2.02,945.1,21.5,556.0,16.836554,74.58373
MH-SNG,2023-07-23,23.6,25.8,22.2,89,95,8.2,8.2,27.3,254,9.01,2.11,944.8,21.6,556.0,16.836554,74.58373
MH-SNG,2023-07-24,23.9,26.8,22.1,86,94,11.6,11.6,30.2,255,16.69,3.38,944.9,21.3,556.0,16.836554,74.58373
MH-SNG,2023-07-25,22.7,23.5,22.0,93,95,20.1,20.1,21.0,260,4.29,1.11,945.8,21.5,556.0,16.836554,74.58373
MH-SNG,2023-07-26,23.0,24.5,22.0,91,95,17.5,17.5,25.9,266,7.86,1.72,946.6,21.5,556.0,16.836554,74.58373
MH-SNG,2023-07-27,22.6,23.8,21.8,92,95,19.6,19.6,23.4,266,5.78,1.39,946.9,21.2,556.0,16.836554,74.58373
MH-SNG,2023-07-28,23.6,26.4,21.9,86,93,4.8,4.8,28.0,272,15.45,3.21,947.0,21.1,556.0,16.836554,74.58373
MH-SNG,2023-07-29,24.2,27.3,22.3,82,91,0.5,0.5,28.0,276,21.33,4.32,947.6,20.8,556.0,16.836554,74.58373
MH-SNG,2023-07-30,24.2,27.9,22.0,83,93,2.5,2.5,26.3,264,20.33,4.1,947.0,21.1,556.0,16.836554,74.58373
MH-SNG,2023-07-31,24.4,27.9,22.1,84,93,3.8,3.8,25.3,263,20.34,4.03,946.6,21.4,556.0,16.836554,74.58373
MH-SNG,2023-08-01,24.3,27.7,22.6,83,92,2.2,2.2,28.5,261,20.09,4.12,946.6,21.1,556.0,16.836554,74.58373
MH-SNG,2023-08-02,24.2,28.0,22.4,82,91,1.8,1.8,29.5,260,18.38,3.92,947.1,20.9,556.0,16.836554,74.58373
MH-SNG,2023-08-03,24.1,27.6,22.0,82,92,1.7,1.7,33.5,262,19.82,4.09,946.7,20.8,556.0,16.836554,74.58373
MH-SNG,2023-08-04,24.4,27.7,21.8,82,91,1.5,1.5,28.5,261,20.3,4.17,947.9,21.0,556.0,16.836554,74.58373
MH-SNG,2023-08-05,24.7,28.4,22.6,82,93,2.6,2.6,25.3,261,21.23,4.32,949.5,21.3,556.0,16.836554,74.58373
MH-SNG,2023-08-06,24.9,28.7,22.5,80,93,1.6,1.6,26.3,264,22.49,4.7,948.9,21.1,556.0,16.836554,74.58373
MH-SNG,2023-08-07,24.8,28.4,22.4,80,92,1.1,1.1,25.1,265,20.61,4.46,947.3,20.9,556.0,16.836554,74.58373
MH-SNG,2023-08-08,24.8,28.4,22.0,80,93,1.1,1.1,22.7,266,20.65,4.4,947.5,20.9,556.0,16.836554,74.58373
MH-SNG,2023-08-09,25.3,29.9,22.0,78,95,1.1,1.1,19.9,273,22.77,4.93,949.2,21.0,556.0,16.836554,74.58373
MH-SNG,2023-08-10,25.0,29.3,22.1,80,93,1.2,1.2,18.1,277,21.64,4.6,949.7,21.1,556.0,16.836554,74.58373
MH-SNG,2023-08-11,25.1,30.1,21.6,78,96,1.3,1.3,17.2,282,22.58,4.89,949.1,20.8,556.0,16.836554,74.58373
MH-SNG,2023-08-12,24.8,29.5,21.1,79,98,0.3,0.3,23.2,278,22.03,4.78,948.9,20.6,556.0,16.836554,74.58373
MH-SNG,2023-08-13,24.7,29.4,21.5,79,95,3.0,3.0,22.7,271,22.16,4.75,948.0,20.4,556.0,16.836554,74.58373
MH-SNG,2023-08-14,25.0,30.0,21.7,77,94,0.4,0.4,21.0,261,20.89,4.72,948.2,20.4,556.0,16.836554,74.58373
MH-SNG,2023-08-15,25.1,29.3,22.1,76,92,1.6,1.6,18.9,260,22.61,4.99,948.6,20.4,556.0,16.836554,74.58373
MH-SNG,2023-08-16,24.8,29.6,21.6,79,95,2.1,2.1,21.2,270,20.97,4.54,948.7,20.8,556.0,16.836554,74.58373
MH-SNG,2023-08-17,24.7,29.8,20.5,77,98,1.6,1.6,23.7,282,22.36,4.97,948.7,20.1,556.0,16.836554,74.58373
MH-SNG,2023-08-18,24.9,29.6,21.4,77,94,0.6,0.6,22.5,283,19.11,4.53,947.4,20.2,556.0,16.836554,74.58373
MH-SNG,2023-08-19,24.2,27.6,22.8,83,92,1.4,1.4,20.7,275,9.93,2.63,946.4,20.9,556.0,16.836554,74.58373
MH-SNG,2023-08-20,25.2,29.9,22.0,77,93,1.2,1.2,21.9,275,22.19,4.94,946.6,20.6,556.0,16.836554,74.58373
MH-SNG,2023-08-21,25.3,30.1,21.9,76,94,1.0,1.0,22.3,281,22.59,5.08,946.9,20.4,556.0,16.836554,74.58373
MH-SNG,2023-08-22,25.3,31.7,20.6,75,99,0.2,0.2,19.4,277,23.62,5.37,947.0,20.0,556.0,16.836554,74.58373
MH-SNG,2023-08-23,24.9,31.0,20.7,76,98,2.7,2.7,21.3,270,21.92,4.93,947.1,20.0,556.0,16.836554,74.58373
MH-SNG,2023-08-24,24.8,29.9,20.4,79,97,2.9,2.9,24.4,255,20.53,4.56,946.5,20.7,556.0,16.836554,74.58373
MH-SNG,2023-08-25,24.9,28.8,22.7,82,95,3.8,3.8,20.7,248,16.17,3.61,946.7,21.4,556.0,16.836554,74.58373
MH-SNG,2023-08-26,25.5,30.3,22.1,75,96,0.4,0.4,22.8,259,22.53,5.15,947.9,20.3,556.0,16.836554,74.58373
MH-SNG,2023-08-27,25.1,29.8,21.1,78,97,0.9,0.9,23.1,268,21.57,4.77,948.6,20.6,556.0,16.836554,74.58373
MH-SNG,2023-08-28,25.2,30.0,22.2,77,93,2.0,2.0,24.9,270,21.82,4.82,948.1,20.6,556.0,16.836554,74.58373
MH-SNG,2023-08-29,25.0,29.9,22.0,78,92,1.8,1.8,19.9,272,18.94,4.18,947.7,20.7,556.0,16.836554,74.58373
MH-SNG,2023-08-30,25.9,31.7,21.2,74,98,0.1,0.1,13.8,289,24.4,5.4,948.0,20.3,556.0,16.836554,74.58373
MH-SNG,2023-08-31,26.1,32.1,21.5,77,99,1.9,1.9,12.4,295,23.12,5.03,947.9,21.4,556.0,16.836554,74.58373
MH-SNG,2023-09-01,26.5,33.3,22.1,76,97,2.9,2.9,14.1,273,24.22,5.3,947.9,21.4,556.0,16.836554,74.58373
MH-SNG,2023-09-02,25.7,31.1,22.3,78,96,3.8,3.8,17.0,285,20.09,4.47,947.7,21.3,556.0,16.836554,74.58373
MH-SNG,2023-09-03,24.8,32.4,21.7,83,97,19.2,19.2,20.2,282,19.04,4.02,946.6,21.5,556.0,16.836554,74.58373
MH-SNG,2023-09-04,24.3,29.0,21.6,83,96,5.8,5.8,16.4,280,11.13,2.77,945.5,21.0,556.0,16.836554,74.58373
MH-SNG,2023-09-05,25.1,31.3,21.5,76,96,0.4,0.4,20.9,284,20.08,4.62,945.0,20.3,556.0,16.836554,74.58373
MH-SNG,2023-09-06,25.4,31.2,20.9,74,96,0.0,0.0,21.6,278,24.71,5.61,945.2,19.8,556.0,16.836554,74.58373
MH-SNG,2023-09-07,24.9,29.6,21.6,78,96,3.3,3.3,24.6,272,17.91,4.24,945.5,20.4,556.0,16.836554,74.58373
MH-SNG,2023-09-08,23.6,26.7,22.1,89,96,15.1,15.1,25.7,260,10.7,2.31,945.9,21.7,556.0,16.836554,74.58373
MH-SNG,2023-09-09,24.9,29.3,22.8,83,95,1.4,1.4,24.9,272,16.12,3.64,945.9,21.7,556.0,16.836554,74.58373
MH-SNG,2023-09-10,25.3,30.3,22.1,78,94,0.1,0.1,23.9,276,20.74,4.69,945.7,20.9,556.0,16.836554,74.58373
MH-SNG,2023-09-11,25.1,29.1,22.1,79,94,1.8,1.8,22.8,274,20.52,4.5,946.4,21.1,556.0,16.836554,74.58373
MH-SNG,2023-09-12,25.0,30.2,21.4,77,96,0.6,0.6,22.1,278,20.82,4.72,947.0,20.4,556.0,16.836554,74.58373
MH-SNG,2023-09-13,25.0,30.1,21.1,77,97,1.9,1.9,20.9,275,22.06,4.9,946.6,20.4,556.0,16.836554,74.58373
MH-SNG,2023-09-14,25.3,30.1,21.9,77,94,0.6,0.6,20.3,268,22.63,5.05,946.6,20.6,556.0,16.836554,74.58373
MH-SNG,2023-09-15,25.3,30.7,21.5,76,96,0.6,0.6,22.7,265,21.37,4.97,946.5,20.2,556.0,16.836554,74.58373
MH-SNG,2023-09-16,25.0,29.7,22.4,78,92,1.1,1.1,24.8,258,17.8,4.24,946.6,20.6,556.0,16.836554,74.58373
MH-SNG,2023-09-17,25.4,30.1,22.9,77,93,0.9,0.9,26.8,252,22.06,4.94,946.2,20.9,556.0,16.836554,74.58373
MH-SNG,2023-09-18,25.0,29.9,21.4,80,96,2.1,2.1,25.2,247,21.29,4.67,946.2,20.9,556.0,16.836554,74.58373
MH-SNG,2023-09-19,25.3,30.5,22.0,78,93,1.5,1.5,23.5,246,20.86,4.67,947.6,21.0,556.0,16.836554,74.58373
MH-SNG,2023-09-20,25.6,31.0,22.4,79,94,5.9,5.9,20.6,248,19.88,4.44,947.9,21.5,556.0,16.836554,74.58373
MH-SNG,2023-09-21,25.7,31.0,22.7,80,94,3.4,3.4,19.5,253,20.49,4.49,947.8,21.7,556.0,16.836554,74.58373
MH-SNG,2023-09-22,24.9,29.7,22.6,85,97,1.6,1.6,13.0,272,12.96,2.91,947.7,21.9,556.0,16.836554,74.58373
MH-SNG,2023-09-23,24.6,29.8,21.7,85,98,6.9,6.9,17.7,270,15.7,3.37,948.1,21.8,556.0,16.836554,74.58373
MH-SNG,2023-09-24,24.6,30.0,21.8,82,98,4.1,4.1,17.8,278,15.14,3.45,948.3,21.1,556.0,16.836554,74.58373
MH-SNG,2023-09-25,24.2,30.1,21.7,86,97,8.2,8.2,21.3,275,15.77,3.34,947.4,21.4,556.0,16.836554,74.58373
MH-SNG,2023-09-26,24.6,29.5,21.6,84,98,14.4,14.4,14.9,301,18.58,3.89,946.8,21.5,556.0,16.836554,74.58373
MH-SNG,2023-09-27,24.2,29.2,21.4,87,98,5.6,5.6,13.7,302,16.74,3.4,946.1,21.7,556.0,16.836554,74.58373
MH-SNG,2023-09-28,24.4,29.5,21.6,87,99,13.8,13.8,8.9,201,15.96,3.25,945.5,22.0,556.0,16.836554,74.58373
MH-SNG,2023-09-29,24.3,28.2,21.7,87,98,9.8,9.8,15.3,157,13.33,2.75,945.4,21.8,556.0,16.836554,74.58373
MH-SNG,2023-09-30,24.3,28.3,21.9,87,95,16.4,16.4,21.4,142,13.0,2.79,944.8,21.9,556.0,16.836554,74.58373
MH-SNG,2023-10-01,24.2,29.0,22.5,88,96,37.0,37.0,21.6,153,13.09,2.88,943.8,22.0,556.0,16.836554,74.58373
MH-SNG,2023-10-02,24.7,29.4,21.7,80,96,8.3,8.3,19.5,293,18.2,4.01,947.7,20.7,556.0,16.836554,74.58373
MH-SNG,2023-10-03,24.7,29.3,20.3,79,99,0.1,0.1,11.9,289,18.82,3.92,949.0,20.3,556.0,16.836554,74.58373
MH-SNG,2023-10-04,25.4,30.6,21.6,77,98,0.0,0.0,16.3,302,18.57,4.03,949.5,20.6,556.0,16.836554,74.58373
MH-SNG,2023-10-05,25.2,31.0,20.9,75,100,0.0,0.0,10.5,315,20.18,4.37,949.2,19.7,556.0,16.836554,74.58373
MH-SNG,2023-10-06,25.0,31.1,20.5,72,100,0.0,0.0,9.8,322,23.37,5.0,948.3,18.4,556.0,16.836554,74.58373
MH-SNG,2023-10-07,25.0,31.9,20.4,72,100,0.0,0.0,10.5,13,23.12,5.0,948.4,18.7,556.0,16.836554,74.58373
MH-SNG,2023-10-08,25.6,31.8,19.8,64,90,0.0,0.0,11.1,25,20.03,4.7,949.4,17.5,556.0,16.836554,74.58373
MH-SNG,2023-10-09,26.0,32.6,19.5,67,91,0.0,0.0,13.7,346,21.16,4.9,950.8,18.6,556.0,16.836554,74.58373
MH-SNG,2023-10-10,26.3,32.0,20.6,67,96,0.0,0.0,12.8,12,19.85,4.74,950.5,18.9,556.0,16.836554,74.58373
MH-SNG,2023-10-11,26.3,31.9,20.3,66,91,0.0,0.0,10.0,20,20.91,4.85,950.2,18.8,556.0,16.836554,74.58373
MH-SNG,2023-10-12,26.8,32.2,21.9,63,85,0.5,0.5,11.9,66,20.46,4.83,950.8,18.8,556.0,16.836554,74.58373
MH-SNG,2023-10-13,26.7,33.5,21.3,58,98,0.0,0.0,16.8,66,21.89,5.65,951.4,16.6,556.0,16.836554,74.58373
MH-SNG,2023-10-14,26.0,32.3,19.1,57,78,0.0,0.0,10.6,60,19.89,4.71,951.4,16.1,556.0,16.836554,74.58373
MH-SNG,2023-10-15,27.1,32.0,22.7,60,83,0.9,0.9,12.7,52,19.56,4.6,950.2,18.2,556.0,16.836554,74.58373
MH-SNG,2023-10-16,27.3,32.6,22.7,62,90,0.6,0.6,13.3,63,20.28,4.87,949.8,18.7,556.0,16.836554,74.58373
MH-SNG,2023-10-17,27.3,32.9,22.4,63,90,0.9,0.9,11.9,28,19.53,4.68,951.0,18.7,556.0,16.836554,74.58373
MH-SNG,2023-10-18,27.3,33.4,22.1,57,91,0.0,0.0,14.3,40,19.71,5.29,951.6,16.9,556.0,16.836554,74.58373
MH-SNG,2023-10-19,27.6,33.7,21.3,52,77,0.0,0.0,13.3,31,19.92,5.43,951.4,15.9,556.0,16.836554,74.58373
MH-SNG,2023-10-20,28.2,33.5,23.0,51,73,0.0,0.0,14.6,57,20.5,5.42,951.4,16.4,556.0,16.836554,74.58373
MH-SNG,2023-10-21,28.6,34.1,23.9,46,66,0.1,0.1,13.2,51,19.82,5.91,951.8,15.3,556.0,16.836554,74.58373
MH-SNG,2023-10-22,28.0,33.7,23.5,43,65,0.4,0.4,12.8,45,19.76,5.64,952.1,13.6,556.0,16.836554,74.58373
MH-SNG,2023-10-23,27.1,33.1,20.3,41,66,0.0,0.0,14.3,30,20.66,5.66,951.2,11.7,556.0,16.836554,74.58373
MH-SNG,2023-10-24,27.4,33.2,22.1,40,58,0.0,0.0,13.2,49,19.81,5.54,950.9,12.0,556.0,16.836554,74.58373
MH-SNG,2023-10-25,27.5,32.9,22.6,39,56,0.0,0.0,15.0,40,20.57,5.85,952.2,11.9,556.0,16.836554,74.58373
MH-SNG,2023-10-26,27.3,32.8,21.3,35,54,0.0,0.0,17.3,40,20.29,6.05,952.4,10.0,556.0,16.836554,74.58373
MH-SNG,2023-10-27,27.1,32.5,21.8,34,52,0.0,0.0,17.2,63,22.09,6.7,951.0,9.3,556.0,16.836554,74.58373
MH-SNG,2023-10-28,26.6,32.8,20.3,37,51,0.0,0.0,14.4,42,21.81,5.9,950.6,10.2,556.0,16.836554,74.58373
MH-SNG,2023-10-29,27.9,33.6,22.6,41,54,0.0,0.0,15.3,71,19.98,5.49,950.2,13.4,556.0,16.836554,74.58373
MH-SNG,2023-10-30,27.7,32.8,23.0,49,76,0.0,0.0,16.4,78,19.42,5.39,950.7,15.4,556.0,16.836554,74.58373
MH-SNG,2023-10-31,27.3,32.6,21.2,53,97,0.0,0.0,14.8,52,18.81,5.05,951.0,15.6,556.0,16.836554,74.58373
MH-SNG,2023-11-01,27.2,32.8,21.5,44,61,0.0,0.0,11.6,27,20.34,5.47,951.3,13.4,556.0,16.836554,74.58373
MH-SNG,2023-11-02,27.2,32.9,22.3,53,71,0.0,0.0,9.7,40,19.99,4.97,950.6,16.3,556.0,16.836554,74.58373
MH-SNG,2023-11-03,27.6,32.5,23.5,54,78,0.6,0.6,16.8,78,18.73,5.16,949.2,17.3,556.0,16.836554,74.58373
MH-SNG,2023-11-04,27.1,32.1,21.8,63,88,0.2,0.2,13.2,96,18.75,4.66,949.3,18.8,556.0,16.836554,74.58373
MH-SNG,2023-11-05,27.7,33.4,22.8,55,82,0.0,0.0,15.1,82,19.29,5.06,950.3,17.1,556.0,16.836554,74.58373
MH-SNG,2023-11-06,27.5,32.7,23.0,50,70,0.0,0.0,15.2,80,17.86,5.22,951.4,15.8,556.0,16.836554,74.58373
MH-SNG,2023-11-07,26.2,31.4,22.0,70,91,5.8,5.8,16.5,83,16.4,3.97,951.5,19.9,556.0,16.836554,74.58373
MH-SNG,2023-11-08,24.1,27.8,20.9,84,97,27.2,27.2,11.8,114,10.5,2.28,951.4,21.0,556.0,16.836554,74.58373
MH-SNG,2023-11-09,23.7,28.7,20.2,85,98,7.9,7.9,12.4,87,14.68,2.98,951.9,20.9,556.0,16.836554,74.58373
MH-SNG,2023-11-10,24.2,28.7,21.2,82,94,1.6,1.6,14.1,82,15.0,3.18,953.0,20.7,556.0,16.836554,74.58373
MH-SNG,2023-11-11,25.2,29.9,21.6,73,88,0.0,0.0,15.0,77,18.45,4.17,953.0,19.7,556.0,16.836554,74.58373
MH-SNG,2023-11-12,24.6,30.5,20.8,66,85,0.0,0.0,14.4,83,19.93,4.63,953.0,17.4,556.0,16.836554,74.58373
MH-SNG,2023-11-13,24.1,29.6,19.9,68,86,0.0,0.0,14.1,78,19.65,4.38,952.6,17.4,556.0,16.836554,74.58373
MH-SNG,2023-11-14,24.0,29.3,19.5,68,87,0.0,0.0,10.5,77,19.25,4.25,951.9,17.3,556.0,16.836554,74.58373
MH-SNG,2023-11-15,23.5,29.3,18.7,66,91,0.0,0.0,11.3,73,19.32,4.29,951.6,16.5,556.0,16.836554,74.58373
MH-SNG,2023-11-16,22.9,29.4,17.4,67,90,0.0,0.0,9.5,56,19.63,4.22,951.5,16.0,556.0,16.836554,74.58373
MH-SNG,2023-11-17,23.4,29.6,18.3,65,83,0.0,0.0,9.7,59,20.05,4.29,951.5,16.0,556.0,16.836554,74.58373
MH-SNG,2023-11-18,24.3,30.7,18.5,65,86,0.0,0.0,8.8,51,19.05,4.04,950.9,16.9,556.0,16.836554,74.58373
MH-SNG,2023-11-19,25.3,30.8,20.1,66,86,0.1,0.1,13.5,80,18.55,4.21,951.3,18.0,556.0,16.836554,74.58373
MH-SNG,2023-11-20,24.8,30.1,21.3,65,79,0.0,0.0,13.6,73,18.09,4.26,951.6,17.2,556.0,16.836554,74.58373
MH-SNG,2023-11-21,24.2,29.9,19.9,60,78,0.0,0.0,17.2,55,19.84,4.69,950.9,15.5,556.0,16.836554,74.58373
MH-SNG,2023-11-22,24.4,30.3,19.5,64,77,0.0,0.0,11.2,50,18.13,4.2,950.2,16.9,556.0,16.836554,74.58373
MH-SNG,2023-11-23,25.2,30.8,19.9,65,82,0.4,0.4,10.7,79,17.87,4.05,948.8,17.8,556.0,16.836554,74.58373
MH-SNG,2023-11-24,25.2,29.7,21.3,71,91,1.5,1.5,14.4,99,16.46,3.81,949.3,19.4,556.0,16.836554,74.58373
MH-SNG,2023-11-25,24.8,30.8,20.5,74,95,11.1,11.1,17.2,93,16.42,3.82,951.1,19.2,556.0,16.836554,74.58373
MH-SNG,2023-11-26,25.1,30.6,19.9,69,96,0.4,0.4,17.7,133,18.14,4.35,951.4,18.3,556.0,16.836554,74.58373
MH-SNG,2023-11-27,24.9,30.3,19.7,68,97,0.0,0.0,12.5,145,17.42,4.02,950.2,18.1,556.0,16.836554,74.58373
MH-SNG,2023-11-28,24.5,29.9,20.5,74,91,0.4,0.4,13.2,151,15.4,3.32,949.5,19.2,556.0,16.836554,74.58373
MH-SNG,2023-11-29,24.3,29.7,20.4,76,95,1.3,1.3,12.1,125,16.35,3.5,949.9,19.5,556.0,16.836554,74.58373
MH-SNG,2023-11-30,24.7,30.6,19.9,73,98,5.5,5.5,16.3,135,15.85,3.66,950.5,19.0,556.0,16.836554,74.58373
MH-SNG,2023-12-01,24.3,29.4,19.7,73,92,0.4,0.4,12.3,116,16.6,3.7,950.5,18.7,556.0,16.836554,74.58373
MH-SNG,2023-12-02,25.0,30.2,20.0,66,91,0.0,0.0,13.9,91,17.49,4.23,949.4,17.5,556.0,16.836554,74.58373
MH-SNG,2023-12-03,24.9,30.1,19.8,64,78,0.6,0.6,14.9,82,17.24,4.3,949.8,17.2,556.0,16.836554,74.58373
MH-SNG,2023-12-04,24.8,30.1,20.5,65,82,0.0,0.0,17.0,52,17.37,4.24,948.9,17.2,556.0,16.836554,74.58373
MH-SNG,2023-12-05,24.5,30.0,19.8,68,89,0.0,0.0,14.5,32,16.88,3.96,947.9,17.6,556.0,16.836554,74.58373
MH-SNG,2023-12-06,23.6,29.3,19.2,71,95,0.0,0.0,11.6,19,16.37,3.5,948.8,17.4,556.0,16.836554,74.58373
MH-SNG,2023-12-07,23.1,29.7,17.9,73,98,0.1,0.1,10.8,62,17.76,3.73,949.7,17.1,556.0,16.836554,74.58373
MH-SNG,2023-12-08,23.3,28.8,18.5,75,97,0.3,0.3,11.2,72,15.81,3.3,950.3,18.1,556.0,16.836554,74.58373
MH-SNG,2023-12-09,24.0,29.9,18.3,67,96,0.0,0.0,13.0,63,17.37,4.05,951.2,16.9,556.0,16.836554,74.58373
MH-SNG,2023-12-10,24.6,29.6,20.7,61,77,0.0,0.0,14.9,80,16.44,4.11,950.5,16.4,556.0,16.836554,74.58373
MH-SNG,2023-12-11,24.4,29.7,20.6,60,73,0.0,0.0,15.5,92,17.14,3.99,950.7,15.8,556.0,16.836554,74.58373
MH-SNG,2023-12-12,23.4,29.4,17.3,60,88,0.0,0.0,11.1,95,18.22,4.05,949.8,14.7,556.0,16.836554,74.58373
MH-SNG,2023-12-13,23.6,28.9,18.1,56,78,0.0,0.0,12.9,91,18.43,4.32,950.5,13.9,556.0,16.836554,74.58373
MH-SNG,2023-12-14,22.5,27.8,18.6,55,71,0.0,0.0,16.4,94,18.7,4.65,951.9,12.5,556.0,16.836554,74.58373
MH-SNG,2023-12-15,21.8,27.7,17.1,58,73,0.0,0.0,15.0,92,18.55,4.31,952.4,12.9,556.0,16.836554,74.58373
MH-SNG,2023-12-16,22.9,29.1,16.8,61,78,0.0,0.0,11.3,75,17.17,3.95,951.7,14.8,556.0,16.836554,74.58373
MH-SNG,2023-12-17,24.2,29.4,20.0,67,86,0.1,0.1,16.6,97,13.96,3.7,951.3,17.3,556.0,16.836554,74.58373
MH-SNG,2023-12-18,23.9,27.8,21.0,66,81,0.0,0.0,19.6,85,10.48,3.17,952.2,16.9,556.0,16.836554,74.58373
MH-SNG,2023-12-19,23.2,27.7,19.7,57,68,0.0,0.0,15.3,75,15.01,4.26,953.0,14.2,556.0,16.836554,74.58373
MH-SNG,2023-12-20,22.9,28.7,17.8,58,68,0.0,0.0,14.9,72,17.22,4.32,953.0,14.0,556.0,16.836554,74.58373
MH-SNG,2023-12-21,23.3,29.4,17.4,61,78,0.0,0.0,12.4,77,17.91,4.09,952.3,15.2,556.0,16.836554,74.58373
MH-SNG,2023-12-22,23.6,29.9,18.3,57,83,0.0,0.0,11.8,72,15.82,3.9,952.2,14.2,556.0,16.836554,74.58373
MH-SNG,2023-12-23,22.7,30.1,15.8,51,83,0.0,0.0,12.4,63,18.29,4.57,952.6,11.3,556.0,16.836554,74.58373
MH-SNG,2023-12-24,22.9,30.3,17.1,51,79,0.0,0.0,12.7,85,17.96,4.67,954.0,11.7,556.0,16.836554,74.58373
MH-SNG,2023-12-25,22.9,30.2,17.0,57,77,0.0,0.0,10.9,93,18.49,4.44,953.7,13.5,556.0,16.836554,74.58373
MH-SNG,2023-12-26,23.1,30.6,16.2,53,83,0.0,0.0,12.2,86,18.54,4.55,953.7,12.1,556.0,16.836554,74.58373
MH-SNG,2023-12-27,23.2,31.1,17.4,47,63,0.0,0.0,14.2,82,18.83,4.96,953.7,10.4,556.0,16.836554,74.58373
MH-SNG,2023-12-28,23.2,30.4,17.8,53,79,0.0,0.0,12.6,109,18.65,4.59,952.4,12.7,556.0,16.836554,74.58373
MH-SNG,2023-12-29,23.1,30.4,17.6,52,75,0.0,0.0,12.4,112,18.65,4.7,952.4,12.1,556.0,16.836554,74.58373
MH-SNG,2023-12-30,23.4,30.1,16.4,52,82,0.0,0.0,13.0,102,18.7,4.41,951.9,12.5,556.0,16.836554,74.58373
MH-SNG,2023-12-31,23.2,30.4,16.8,51,72,0.0,0.0,12.1,115,18.68,4.58,951.2,11.9,556.0,16.836554,74.58373
