site_id,date,temperature_2m_mean,temperature_2m_max,temperature_2m_min,relative_humidity_2m_mean,relative_humidity_2m_max,precipitation_sum,rain_sum,wind_speed_10m_max,wind_direction_10m_dominant,shortwave_radiation_sum,et0_fao_evapotranspiration,surface_pressure_mean,dew_point_2m_mean,elevation_m,lat,lon
MH-SLP,2020-12-01,26.0,31.1,21.0,58,86,0.0,0.0,16.3,86,16.16,4.68,962.0,16.3,469.0,17.68014,75.885765
MH-SLP,2020-12-02,25.2,31.6,19.0,45,73,0.0,0.0,16.9,80,18.58,5.54,960.9,11.2,469.0,17.68014,75.885765
MH-SLP,2020-12-03,24.9,31.8,18.2,40,67,0.0,0.0,13.4,85,18.88,5.34,960.2,8.7,469.0,17.68014,75.885765
MH-SLP,2020-12-04,25.1,32.2,18.6,38,59,0.0,0.0,14.3,82,18.68,5.73,959.3,8.4,469.0,17.68014,75.885765
MH-SLP,2020-12-05,25.0,32.0,17.8,35,61,0.0,0.0,15.3,81,18.9,5.87,959.8,6.9,469.0,17.68014,75.885765
MH-SLP,2020-12-06,24.8,31.5,17.6,35,58,0.0,0.0,17.7,88,18.8,6.24,961.0,7.3,469.0,17.68014,75.885765
MH-SLP,2020-12-07,25.3,32.1,18.0,44,71,0.0,0.0,19.9,83,18.38,5.98,962.5,11.2,469.0,17.68014,75.885765
MH-SLP,2020-12-08,26.2,32.0,20.4,41,61,0.0,0.0,16.8,105,18.22,5.9,962.5,11.2,469.0,17.68014,75.885765
MH-SLP,2020-12-09,26.0,31.6,19.7,41,62,0.0,0.0,16.8,110,16.92,5.74,961.4,10.7,469.0,17.68014,75.885765
MH-SLP,2020-12-10,26.4,31.7,21.2,37,54,0.0,0.0,15.5,126,17.24,5.89,960.7,10.3,469.0,17.68014,75.885765
MH-SLP,2020-12-11,26.1,30.9,20.9,44,66,0.0,0.0,18.8,139,15.54,5.01,960.7,12.4,469.0,17.68014,75.885765
MH-SLP,2020-12-12,25.9,31.4,20.6,39,61,0.0,0.0,17.1,138,17.49,5.92,960.2,10.5,469.0,17.68014,75.885765
MH-SLP,2020-12-13,25.6,30.8,20.1,45,70,0.0,0.0,15.5,141,17.36,5.26,959.3,12.3,469.0,17.68014,75.885765
MH-SLP,2020-12-14,25.9,30.8,20.9,42,58,0.0,0.0,19.7,136,16.64,5.54,959.3,11.6,469.0,17.68014,75.885765
MH-SLP,2020-12-15,25.6,30.9,20.7,43,67,0.0,0.0,18.2,135,17.28,5.44,961.0,11.5,469.0,17.68014,75.885765
MH-SLP,2020-12-16,25.5,30.9,20.2,49,76,0.0,0.0,17.8,124,17.5,5.25,962.0,13.5,469.0,17.68014,75.885765
MH-SLP,2020-12-17,25.6,31.2,19.8,49,75,0.0,0.0,14.8,100,17.64,5.07,962.2,13.3,469.0,17.68014,75.885765
MH-SLP,2020-12-18,26.1,30.9,21.7,46,62,0.0,0.0,16.8,96,16.79,5.32,962.0,12.9,469.0,17.68014,75.885765
MH-SLP,2020-12-19,24.9,30.3,19.7,44,67,0.0,0.0,16.9,86,17.65,5.68,962.6,11.1,469.0,17.68014,75.885765
MH-SLP,2020-12-20,23.9,29.8,18.4,39,62,0.0,0.0,19.7,74,18.51,6.03,963.0,7.9,469.0,17.68014,75.885765
MH-SLP,2020-12-21,23.1,29.9,17.2,32,52,0.0,0.0,16.4,81,18.74,5.94,961.8,4.2,469.0,17.68014,75.885765
MH-SLP,2020-12-22,22.3,29.1,14.4,35,59,0.0,0.0,17.0,95,18.63,5.32,960.6,5.0,469.0,17.68014,75.885765
MH-SLP,2020-12-23,23.0,29.8,15.5,38,59,0.0,0.0,15.7,119,18.2,5.32,959.4,7.1,469.0,17.68014,75.885765
MH-SLP,2020-12-24,23.7,29.8,17.3,44,67,0.0,0.0,18.4,106,17.58,5.17,958.8,10.0,469.0,17.68014,75.885765
MH-SLP,2020-12-25,24.2,30.3,18.3,44,67,0.0,0.0,16.6,99,17.81,5.46,959.9,10.7,469.0,17.68014,75.885765
MH-SLP,2020-12-26,24.2,30.2,18.2,51,79,0.0,0.0,13.9,108,17.73,4.65,961.0,12.7,469.0,17.68014,75.885765
MH-SLP,2020-12-27,24.6,30.6,18.3,48,71,0.0,0.0,11.6,109,17.7,4.19,960.2,12.3,469.0,17.68014,75.885765
MH-SLP,2020-12-28,25.0,30.6,18.6,46,68,0.0,0.0,14.8,130,17.97,4.77,959.6,11.9,469.0,17.68014,75.885765
MH-SLP,2020-12-29,24.7,30.5,18.7,45,69,0.0,0.0,15.3,132,18.0,4.97,959.3,11.5,469.0,17.68014,75.885765
MH-SLP,2020-12-30,24.8,31.1,18.7,48,79,0.0,0.0,19.1,123,18.1,5.4,959.7,12.1,469.0,17.68014,75.885765
MH-SLP,2020-12-31,25.3,30.4,20.0,55,79,0.0,0.0,20.5,115,14.5,4.68,960.4,15.2,469.0,17.68014,75.885765
MH-SLP,2021-01-01,25.5,30.9,20.7,58,79,0.0,0.0,20.5,125,16.06,4.9,960.8,16.0,469.0,17.68014,75.885765
MH-SLP,2021-01-02,24.2,30.3,18.9,48,73,0.0,0.0,17.1,127,17.32,5.25,961.0,11.5,469.0,17.68014,75.885765
MH-SLP,2021-01-03,24.4,30.1,18.6,50,76,0.0,0.0,18.7,126,17.49,5.18,959.3,12.5,469.0,17.68014,75.885765
MH-SLP,2021-01-04,24.4,29.2,20.9,56,72,0.6,0.6,18.2,131,8.38,3.36,959.1,14.5,469.0,17.68014,75.885765
MH-SLP,2021-01-05,23.9,27.6,21.2,58,69,1.3,1.3,17.7,86,8.53,3.12,960.0,15.0,469.0,17.68014,75.885765
MH-SLP,2021-01-06,25.0,30.5,20.9,63,77,2.2,2.2,18.2,120,15.42,4.07,959.4,17.3,469.0,17.68014,75.885765
MH-SLP,2021-01-07,24.4,28.5,21.4,73,90,3.5,3.5,18.4,120,11.39,3.23,958.3,18.9,469.0,17.68014,75.885765
MH-SLP,2021-01-08,25.6,30.9,21.2,60,80,0.0,0.0,14.3,136,15.7,4.33,957.4,16.7,469.0,17.68014,75.885765
MH-SLP,2021-01-09,25.9,29.7,22.5,62,84,0.0,0.0,16.7,124,11.19,3.39,958.2,17.7,469.0,17.68014,75.885765
MH-SLP,2021-01-10,26.5,32.0,21.4,49,72,0.0,0.0,14.0,119,17.17,5.07,959.0,14.4,469.0,17.68014,75.885765
MH-SLP,2021-01-11,27.0,33.1,21.3,40,58,0.0,0.0,16.2,103,18.16,5.72,960.1,11.4,469.0,17.68014,75.885765
MH-SLP,2021-01-12,26.9,33.4,20.0,41,66,0.0,0.0,18.9,75,16.77,5.65,960.4,11.9,469.0,17.68014,75.885765
MH-SLP,2021-01-13,26.6,32.2,20.4,44,70,0.0,0.0,14.5,77,18.03,5.29,960.1,12.5,469.0,17.68014,75.885765
MH-SLP,2021-01-14,26.4,31.7,20.7,44,62,0.0,0.0,17.5,104,18.51,5.29,959.5,12.5,469.0,17.68014,75.885765
MH-SLP,2021-01-15,25.9,31.0,20.0,46,69,0.0,0.0,15.6,130,18.36,4.79,958.8,13.0,469.0,17.68014,75.885765
MH-SLP,2021-01-16,26.7,31.8,21.0,50,70,0.0,0.0,15.3,137,17.31,4.97,957.8,14.7,469.0,17.68014,75.885765
MH-SLP,2021-01-17,27.6,32.1,23.4,49,66,0.0,0.0,18.3,134,15.98,5.48,958.7,15.6,469.0,17.68014,75.885765
MH-SLP,2021-01-18,27.0,32.2,21.6,47,68,0.0,0.0,18.7,125,17.16,5.54,960.0,14.3,469.0,17.68014,75.885765
MH-SLP,2021-01-19,26.7,31.3,20.9,48,70,0.0,0.0,17.0,130,18.47,4.89,960.0,14.3,469.0,17.68014,75.885765
MH-SLP,2021-01-20,26.7,31.8,21.3,46,66,0.0,0.0,13.5,183,19.08,4.94,960.3,13.4,469.0,17.68014,75.885765
MH-SLP,2021-01-21,26.6,31.9,19.9,43,67,0.0,0.0,14.1,226,19.17,4.71,959.6,12.5,469.0,17.68014,75.885765
MH-SLP,2021-01-22,27.3,32.8,21.3,42,63,0.0,0.0,13.0,113,19.21,5.15,959.4,12.5,469.0,17.68014,75.885765
MH-SLP,2021-01-23,26.7,32.3,20.2,42,66,0.0,0.0,10.6,127,19.49,4.52,959.5,12.1,469.0,17.68014,75.885765
MH-SLP,2021-01-24,26.8,32.3,20.9,44,67,0.0,0.0,11.7,128,19.62,4.9,960.1,12.6,469.0,17.68014,75.885765
MH-SLP,2021-01-25,26.9,32.4,20.9,44,70,0.0,0.0,12.8,131,19.44,4.81,960.6,12.8,469.0,17.68014,75.885765
MH-SLP,2021-01-26,26.8,32.1,20.4,39,61,0.0,0.0,12.4,164,19.68,4.99,960.0,10.8,469.0,17.68014,75.885765
MH-SLP,2021-01-27,26.4,32.0,20.3,38,59,0.0,0.0,16.9,147,19.85,5.51,959.9,9.9,469.0,17.68014,75.885765
MH-SLP,2021-01-28,26.7,31.7,20.9,42,64,0.0,0.0,17.9,149,18.95,5.62,960.4,11.9,469.0,17.68014,75.885765
MH-SLP,2021-01-29,27.0,31.1,21.3,40,60,0.0,0.0,18.1,153,18.74,5.42,961.1,11.5,469.0,17.68014,75.885765
MH-SLP,2021-01-30,26.9,31.1,20.9,38,62,0.0,0.0,12.2,115,19.3,5.11,960.7,10.9,469.0,17.68014,75.885765
MH-SLP,2021-01-31,27.0,31.1,22.4,40,55,0.0,0.0,19.6,93,17.5,5.27,961.2,11.6,469.0,17.68014,75.885765
MH-SLP,2021-02-01,26.5,30.1,22.4,43,65,0.0,0.0,22.6,99,14.49,5.44,963.1,12.4,469.0,17.68014,75.885765
MH-SLP,2021-02-02,25.7,31.6,19.9,35,64,0.0,0.0,16.3,94,20.65,6.53,963.3,7.2,469.0,17.68014,75.885765
MH-SLP,2021-02-03,25.1,31.4,18.6,30,55,0.0,0.0,15.8,113,20.98,6.74,962.4,4.4,469.0,17.68014,75.885765
MH-SLP,2021-02-04,25.1,31.1,18.3,32,53,0.0,0.0,17.9,126,20.91,6.11,961.7,6.1,469.0,17.68014,75.885765
MH-SLP,2021-02-05,25.4,31.0,19.1,35,54,0.0,0.0,18.7,134,19.93,5.72,960.8,8.1,469.0,17.68014,75.885765
MH-SLP,2021-02-06,25.4,30.8,18.8,34,52,0.0,0.0,17.6,70,20.91,5.63,960.4,7.5,469.0,17.68014,75.885765
MH-SLP,2021-02-07,25.0,31.1,19.0,33,50,0.0,0.0,17.8,70,21.15,6.56,961.7,6.6,469.0,17.68014,75.885765
MH-SLP,2021-02-08,24.9,31.3,18.6,29,51,0.0,0.0,18.4,79,21.75,7.05,962.2,4.1,469.0,17.68014,75.885765
MH-SLP,2021-02-09,24.6,31.7,17.3,29,50,0.0,0.0,15.7,89,21.78,5.88,961.1,4.0,469.0,17.68014,75.885765
MH-SLP,2021-02-10,25.3,31.7,17.3,30,54,0.0,0.0,14.6,100,21.72,5.56,959.7,5.7,469.0,17.68014,75.885765
MH-SLP,2021-02-11,26.3,32.4,19.0,34,60,0.0,0.0,14.4,110,21.56,5.55,958.8,7.9,469.0,17.68014,75.885765
MH-SLP,2021-02-12,26.4,32.0,20.0,37,57,0.0,0.0,16.3,133,21.22,5.78,959.7,9.5,469.0,17.68014,75.885765
MH-SLP,2021-02-13,26.5,32.1,20.4,34,52,0.0,0.0,15.4,132,21.57,5.86,960.7,8.5,469.0,17.68014,75.885765
MH-SLP,2021-02-14,26.4,32.0,20.0,35,53,0.0,0.0,13.2,133,21.51,5.28,960.7,8.7,469.0,17.68014,75.885765
MH-SLP,2021-02-15,27.1,32.5,20.6,31,50,0.0,0.0,19.1,146,21.69,6.59,959.5,7.6,469.0,17.68014,75.885765
MH-SLP,2021-02-16,27.8,33.4,22.0,31,45,0.0,0.0,17.5,173,21.33,6.27,958.6,8.4,469.0,17.68014,75.885765
MH-SLP,2021-02-17,27.6,32.9,21.7,32,44,0.0,0.0,17.2,150,21.04,6.1,958.4,8.7,469.0,17.68014,75.885765
MH-SLP,2021-02-18,26.5,31.4,21.8,35,57,0.0,0.0,22.3,107,19.19,6.95,960.4,8.8,469.0,17.68014,75.885765
MH-SLP,2021-02-19,22.1,25.3,18.9,60,73,4.7,4.7,22.6,65,15.22,4.41,962.6,13.9,469.0,17.68014,75.885765
MH-SLP,2021-02-20,22.9,29.2,17.1,56,79,0.0,0.0,19.3,75,18.89,5.34,961.8,12.8,469.0,17.68014,75.885765
MH-SLP,2021-02-21,24.9,30.5,19.6,50,69,0.0,0.0,18.8,98,18.82,5.73,961.9,13.2,469.0,17.68014,75.885765
MH-SLP,2021-02-22,26.0,31.3,20.4,49,71,0.0,0.0,23.0,100,18.66,5.36,962.3,14.0,469.0,17.68014,75.885765
MH-SLP,2021-02-23,27.3,33.3,20.6,41,70,0.0,0.0,13.8,77,21.99,5.67,960.7,11.7,469.0,17.68014,75.885765
MH-SLP,2021-02-24,27.8,34.0,21.1,32,52,0.0,0.0,13.4,106,22.33,6.13,959.5,8.8,469.0,17.68014,75.885765
MH-SLP,2021-02-25,28.4,34.4,21.6,29,44,0.0,0.0,13.4,83,22.2,6.18,959.5,7.8,469.0,17.68014,75.885765
MH-SLP,2021-02-26,29.9,34.9,24.2,28,42,0.0,0.0,18.8,1,21.33,7.49,958.3,8.8,469.0,17.68014,75.885765
MH-SLP,2021-02-27,29.6,35.6,22.5,26,45,0.0,0.0,17.0,353,21.14,7.0,957.8,7.3,469.0,17.68014,75.885765
MH-SLP,2021-02-28,30.0,35.6,22.4,24,45,0.0,0.0,11.9,78,22.97,6.07,958.1,6.0,469.0,17.68014,75.885765
MH-SLP,2021-03-01,30.3,35.4,24.3,22,37,0.0,0.0,13.2,72,17.8,5.69,960.4,5.7,469.0,17.68014,75.885765
MH-SLP,2021-03-02,30.4,36.3,24.6,25,38,0.0,0.0,16.9,56,21.72,7.48,960.9,6.8,469.0,17.68014,75.885765
MH-SLP,2021-03-03,29.7,35.9,22.6,25,39,0.0,0.0,22.4,82,23.19,7.61,959.9,6.4,469.0,17.68014,75.885765
MH-SLP,2021-03-04,29.9,36.1,23.0,22,39,0.0,0.0,22.5,105,23.53,8.41,959.8,4.7,469.0,17.68014,75.885765
MH-SLP,2021-03-05,29.0,35.1,22.5,23,38,0.0,0.0,13.1,126,23.58,6.69,960.8,5.0,469.0,17.68014,75.885765
MH-SLP,2021-03-06,29.7,35.9,22.2,19,32,0.0,0.0,15.3,55,23.75,6.41,960.7,2.8,469.0,17.68014,75.885765
MH-SLP,2021-03-07,29.7,35.6,22.1,23,39,0.0,0.0,11.9,76,23.63,6.59,959.5,5.1,469.0,17.68014,75.885765
MH-SLP,2021-03-08,30.2,35.8,22.8,24,42,0.0,0.0,14.5,127,23.52,6.65,959.9,6.7,469.0,17.68014,75.885765
MH-SLP,2021-03-09,30.4,35.6,23.6,23,39,0.0,0.0,21.4,131,23.31,6.98,960.5,5.9,469.0,17.68014,75.885765
MH-SLP,2021-03-10,30.5,35.8,24.6,20,31,0.0,0.0,14.8,134,23.42,7.35,960.2,4.7,469.0,17.68014,75.885765
MH-SLP,2021-03-11,30.2,36.2,23.5,21,39,0.0,0.0,19.1,137,23.34,8.38,960.1,4.4,469.0,17.68014,75.885765
MH-SLP,2021-03-12,30.2,36.4,22.8,18,30,0.0,0.0,22.4,135,24.1,8.76,960.9,2.7,469.0,17.68014,75.885765
MH-SLP,2021-03-13,29.6,35.4,22.6,20,35,0.0,0.0,16.0,104,24.03,7.67,961.3,3.9,469.0,17.68014,75.885765
MH-SLP,2021-03-14,29.5,35.6,22.4,23,36,0.0,0.0,17.4,121,23.82,8.04,959.5,5.9,469.0,17.68014,75.885765
MH-SLP,2021-03-15,29.9,35.6,23.2,22,32,0.0,0.0,16.1,119,23.91,6.97,958.9,5.4,469.0,17.68014,75.885765
MH-SLP,2021-03-16,30.5,36.2,23.1,22,33,0.0,0.0,16.2,135,24.01,7.06,958.8,5.7,469.0,17.68014,75.885765
MH-SLP,2021-03-17,31.5,36.5,23.2,23,39,0.0,0.0,16.5,140,20.01,6.56,957.6,7.0,469.0,17.68014,75.885765
MH-SLP,2021-03-18,32.3,37.5,26.5,23,35,0.0,0.0,19.5,160,20.0,7.93,957.5,7.9,469.0,17.68014,75.885765
MH-SLP,2021-03-19,31.6,36.1,26.1,28,46,0.0,0.0,14.1,280,22.24,6.27,957.7,10.3,469.0,17.68014,75.885765
MH-SLP,2021-03-20,31.2,36.0,25.0,29,53,0.0,0.0,22.8,85,21.44,7.08,956.9,9.8,469.0,17.68014,75.885765
MH-SLP,2021-03-21,30.7,36.3,22.8,32,67,0.0,0.0,21.1,89,21.06,6.9,956.9,10.7,469.0,17.68014,75.885765
MH-SLP,2021-03-22,31.3,36.3,24.9,30,54,0.0,0.0,17.3,89,21.75,6.92,958.7,11.0,469.0,17.68014,75.885765
MH-SLP,2021-03-23,30.4,35.3,25.0,39,62,0.0,0.0,28.4,59,20.53,8.12,960.1,14.4,469.0,17.68014,75.885765
MH-SLP,2021-03-24,30.6,35.8,24.5,38,63,0.0,0.0,26.2,51,21.88,7.23,960.1,13.5,469.0,17.68014,75.885765
MH-SLP,2021-03-25,32.1,37.3,25.1,29,51,0.0,0.0,12.8,38,22.71,7.07,958.8,10.7,469.0,17.68014,75.885765
MH-SLP,2021-03-26,32.7,37.7,26.3,24,38,0.0,0.0,20.7,55,24.06,7.71,958.1,8.6,469.0,17.68014,75.885765
MH-SLP,2021-03-27,32.7,37.7,26.7,24,36,0.0,0.0,16.9,58,22.02,7.46,957.6,8.8,469.0,17.68014,75.885765
MH-SLP,2021-03-28,32.5,38.4,25.7,19,31,0.0,0.0,13.8,36,23.89,7.89,956.6,4.7,469.0,17.68014,75.885765
MH-SLP,2021-03-29,32.5,38.9,24.2,17,30,0.0,0.0,13.4,40,25.17,7.53,956.2,4.0,469.0,17.68014,75.885765
MH-SLP,2021-03-30,32.7,39.4,25.7,23,49,0.0,0.0,26.0,305,25.2,9.55,955.5,7.1,469.0,17.68014,75.885765
MH-SLP,2021-03-31,32.6,39.9,24.8,18,40,0.0,0.0,25.6,312,25.99,10.29,954.5,2.1,469.0,17.68014,75.885765
MH-SLP,2021-04-01,32.3,39.4,24.9,26,54,0.0,0.0,24.5,307,25.71,9.5,954.2,7.5,469.0,17.68014,75.885765
MH-SLP,2021-04-02,31.5,38.2,24.2,24,50,0.0,0.0,20.1,309,25.83,8.85,954.9,5.6,469.0,17.68014,75.885765
MH-SLP,2021-04-03,31.8,38.5,23.6,32,72,0.0,0.0,31.5,311,25.44,7.91,955.2,10.1,469.0,17.68014,75.885765
MH-SLP,2021-04-04,32.7,39.2,25.4,34,68,0.0,0.0,25.3,335,23.22,8.99,957.2,11.0,469.0,17.68014,75.885765
MH-SLP,2021-04-05,34.0,40.0,26.8,19,34,0.0,0.0,24.7,30,25.65,9.73,957.3,5.4,469.0,17.68014,75.885765
MH-SLP,2021-04-06,33.9,39.0,27.2,23,37,0.0,0.0,16.4,122,24.17,7.43,957.7,8.6,469.0,17.68014,75.885765
MH-SLP,2021-04-07,34.8,39.2,30.0,21,33,0.0,0.0,18.4,155,18.97,7.83,958.0,8.6,469.0,17.68014,75.885765
MH-SLP,2021-04-08,33.2,36.7,29.7,25,32,0.0,0.0,17.9,121,14.2,5.39,956.9,10.3,469.0,17.68014,75.885765
MH-SLP,2021-04-09,32.6,36.3,29.2,27,37,0.0,0.0,12.2,330,15.28,5.53,956.4,10.7,469.0,17.68014,75.885765
MH-SLP,2021-04-10,32.2,36.4,27.4,32,47,0.0,0.0,23.0,98,20.64,7.1,958.1,13.1,469.0,17.68014,75.885765
MH-SLP,2021-04-11,30.8,35.9,26.7,42,56,1.3,1.3,20.8,57,19.13,6.0,959.8,16.0,469.0,17.68014,75.885765
MH-SLP,2021-04-12,29.3,35.1,25.5,50,66,1.4,1.4,26.5,84,18.39,5.4,960.4,17.7,469.0,17.68014,75.885765
MH-SLP,2021-04-13,29.5,35.6,25.3,51,77,0.1,0.1,23.8,91,21.81,6.27,959.7,17.5,469.0,17.68014,75.885765
MH-SLP,2021-04-14,27.9,33.9,23.2,54,76,1.3,1.3,24.9,107,22.32,6.06,959.1,17.4,469.0,17.68014,75.885765
MH-SLP,2021-04-15,28.5,34.0,22.6,48,73,0.0,0.0,15.7,323,23.5,6.15,958.1,15.7,469.0,17.68014,75.885765
MH-SLP,2021-04-16,30.3,37.1,22.5,39,77,0.0,0.0,26.1,302,25.33,7.68,957.2,12.5,469.0,17.68014,75.885765
MH-SLP,2021-04-17,32.6,37.6,26.7,27,42,0.0,0.0,16.8,49,22.12,6.85,958.2,10.4,469.0,17.68014,75.885765
MH-SLP,2021-04-18,33.7,38.0,28.0,25,37,0.0,0.0,19.4,69,21.95,6.78,958.8,10.3,469.0,17.68014,75.885765
MH-SLP,2021-04-19,33.6,39.1,26.6,27,62,0.0,0.0,28.2,296,24.04,9.26,957.0,10.4,469.0,17.68014,75.885765
MH-SLP,2021-04-20,33.3,38.6,27.0,29,55,0.0,0.0,25.3,308,23.91,8.46,956.0,11.3,469.0,17.68014,75.885765
MH-SLP,2021-04-21,33.0,38.8,26.9,28,53,0.0,0.0,20.9,304,25.28,9.54,957.5,10.3,469.0,17.68014,75.885765
MH-SLP,2021-04-22,33.8,38.7,27.3,22,34,0.0,0.0,18.7,28,23.38,8.71,957.8,8.4,469.0,17.68014,75.885765
MH-SLP,2021-04-23,32.9,37.4,28.0,32,56,0.0,0.0,15.3,120,20.78,6.72,957.7,13.1,469.0,17.68014,75.885765
MH-SLP,2021-04-24,33.1,37.7,27.0,30,54,0.0,0.0,12.3,70,22.69,7.11,957.4,11.4,469.0,17.68014,75.885765
MH-SLP,2021-04-25,33.2,38.4,27.0,30,44,0.0,0.0,22.8,157,22.36,7.35,957.0,12.8,469.0,17.68014,75.885765
MH-SLP,2021-04-26,32.5,38.0,27.3,36,53,0.5,0.5,25.6,239,21.47,7.25,957.3,14.7,469.0,17.68014,75.885765
MH-SLP,2021-04-27,33.3,38.1,26.4,29,52,0.0,0.0,15.2,200,23.73,6.96,957.4,11.4,469.0,17.68014,75.885765
MH-SLP,2021-04-28,33.5,38.1,27.3,29,51,0.0,0.0,20.6,15,22.5,7.77,958.1,11.8,469.0,17.68014,75.885765
MH-SLP,2021-04-29,32.4,38.7,27.7,30,42,0.5,0.5,24.3,192,21.05,6.51,957.7,12.2,469.0,17.68014,75.885765
MH-SLP,2021-04-30,32.7,38.2,26.0,30,52,0.0,0.0,14.9,149,22.5,6.55,956.7,11.8,469.0,17.68014,75.885765
MH-SLP,2021-05-01,32.2,38.2,28.0,33,45,0.2,0.2,21.3,105,21.64,7.47,956.7,13.7,469.0,17.68014,75.885765
MH-SLP,2021-05-02,30.6,36.7,26.6,47,66,0.1,0.1,37.8,6,20.4,6.07,957.3,17.3,469.0,17.68014,75.885765
MH-SLP,2021-05-03,31.0,36.7,25.1,45,71,0.0,0.0,17.7,35,21.67,6.69,956.9,16.7,469.0,17.68014,75.885765
MH-SLP,2021-05-04,32.3,37.0,27.2,40,62,0.0,0.0,27.8,120,20.6,6.34,956.4,16.2,469.0,17.68014,75.885765
MH-SLP,2021-05-05,31.3,37.3,27.4,47,62,0.4,0.4,34.3,179,21.93,6.6,956.4,18.2,469.0,17.68014,75.885765
MH-SLP,2021-05-06,32.1,37.8,27.5,45,69,0.0,0.0,16.3,205,20.01,6.48,957.1,17.9,469.0,17.68014,75.885765
MH-SLP,2021-05-07,31.2,36.2,28.9,48,58,1.6,1.6,11.9,359,18.51,5.27,957.9,18.6,469.0,17.68014,75.885765
MH-SLP,2021-05-08,31.4,37.8,26.5,50,67,0.5,0.5,21.6,142,22.77,6.38,956.9,19.0,469.0,17.68014,75.885765
MH-SLP,2021-05-09,30.5,36.2,26.0,55,73,2.6,2.6,23.8,177,21.74,5.67,956.1,19.7,469.0,17.68014,75.885765
MH-SLP,2021-05-10,32.1,37.1,26.9,49,72,0.5,0.5,18.6,167,22.4,6.05,955.4,19.1,469.0,17.68014,75.885765
MH-SLP,2021-05-11,33.9,39.1,28.0,37,63,0.0,0.0,24.3,288,24.7,8.75,955.1,15.8,469.0,17.68014,75.885765
MH-SLP,2021-05-12,33.9,39.2,28.2,34,54,0.0,0.0,24.2,300,25.48,8.81,953.7,14.9,469.0,17.68014,75.885765
MH-SLP,2021-05-13,32.8,37.7,27.5,41,65,0.0,0.0,19.5,298,23.54,7.71,953.7,17.2,469.0,17.68014,75.885765
MH-SLP,2021-05-14,33.4,37.5,29.8,42,53,0.1,0.1,18.1,129,20.45,6.81,952.4,18.4,469.0,17.68014,75.885765
MH-SLP,2021-05-15,32.1,39.2,26.0,50,83,3.9,3.9,35.0,113,22.45,8.87,950.7,19.5,469.0,17.68014,75.885765
MH-SLP,2021-05-16,27.4,31.3,25.0,72,90,3.3,3.3,38.5,127,12.99,4.72,950.9,21.8,469.0,17.68014,75.885765
MH-SLP,2021-05-17,28.1,33.3,24.5,67,81,0.2,0.2,35.8,170,20.57,6.25,953.0,21.0,469.0,17.68014,75.885765
MH-SLP,2021-05-18,27.7,33.0,24.1,73,88,4.0,4.0,29.5,196,19.83,5.29,954.0,22.2,469.0,17.68014,75.885765
MH-SLP,2021-05-19,27.1,30.5,24.3,76,89,3.9,3.9,22.7,221,16.36,4.2,954.1,22.5,469.0,17.68014,75.885765
MH-SLP,2021-05-20,27.6,32.4,23.6,68,92,0.0,0.0,20.6,283,23.04,5.82,954.8,20.5,469.0,17.68014,75.885765
MH-SLP,2021-05-21,28.7,33.7,23.5,61,87,0.0,0.0,17.9,305,23.05,6.34,955.0,19.6,469.0,17.68014,75.885765
MH-SLP,2021-05-22,29.5,34.7,24.5,54,86,0.0,0.0,21.6,294,25.01,7.51,954.6,18.3,469.0,17.68014,75.885765
MH-SLP,2021-05-23,30.4,36.1,24.6,53,85,0.0,0.0,26.1,306,21.83,7.59,955.4,18.7,469.0,17.68014,75.885765
MH-SLP,2021-05-24,30.2,36.1,25.6,54,81,0.0,0.0,25.7,298,16.44,6.5,955.8,18.7,469.0,17.68014,75.885765
MH-SLP,2021-05-25,31.5,37.8,25.0,46,80,0.0,0.0,27.8,307,21.34,8.74,953.7,16.6,469.0,17.68014,75.885765
MH-SLP,2021-05-26,31.5,38.1,24.9,47,80,0.0,0.0,31.1,296,23.45,9.6,952.7,17.0,469.0,17.68014,75.885765
MH-SLP,2021-05-27,30.2,37.3,23.7,50,73,0.0,0.0,27.9,288,23.87,8.7,953.8,17.5,469.0,17.68014,75.885765
MH-SLP,2021-05-28,28.0,33.3,24.3,67,89,4.7,4.7,23.3,254,12.74,4.15,954.7,21.1,469.0,17.68014,75.885765
MH-SLP,2021-05-29,29.2,36.1,25.3,64,88,9.7,9.7,16.3,294,23.47,6.04,955.5,20.9,469.0,17.68014,75.885765
MH-SLP,2021-05-30,27.8,31.8,24.8,76,91,3.6,3.6,18.7,300,18.77,4.62,955.5,22.9,469.0,17.68014,75.885765
MH-SLP,2021-05-31,27.9,31.8,25.3,76,88,2.3,2.3,16.6,281,21.35,5.0,954.2,23.2,469.0,17.68014,75.885765
MH-SLP,2021-06-01,28.2,32.6,24.4,74,92,2.7,2.7,13.1,254,23.67,5.36,954.5,22.8,469.0,17.68014,75.885765
MH-SLP,2021-06-02,27.7,31.1,24.6,80,94,2.6,2.6,10.4,295,16.03,3.65,955.2,23.7,469.0,17.68014,75.885765
MH-SLP,2021-06-03,26.6,29.5,24.1,82,90,1.7,1.7,9.4,213,11.8,2.67,956.0,23.2,469.0,17.68014,75.885765
MH-SLP,2021-06-04,25.6,29.4,23.6,83,95,2.1,2.1,11.3,195,7.6,1.87,956.9,22.3,469.0,17.68014,75.885765
MH-SLP,2021-06-05,25.4,29.7,22.6,83,95,3.4,3.4,16.1,204,15.93,3.42,955.9,22.0,469.0,17.68014,75.885765
MH-SLP,2021-06-06,26.3,29.6,23.5,80,96,2.6,2.6,13.2,267,18.5,4.08,955.7,22.4,469.0,17.68014,75.885765
MH-SLP,2021-06-07,27.1,31.4,23.8,72,89,0.5,0.5,18.8,280,22.98,5.42,956.1,21.3,469.0,17.68014,75.885765
MH-SLP,2021-06-08,26.8,31.6,22.7,73,90,0.6,0.6,17.7,268,21.52,5.17,955.1,21.3,469.0,17.68014,75.885765
MH-SLP,2021-06-09,25.8,28.8,23.5,80,89,5.2,5.2,28.1,270,14.04,3.51,954.1,22.0,469.0,17.68014,75.885765
MH-SLP,2021-06-10,25.5,28.5,23.2,79,90,2.5,2.5,22.9,270,9.15,2.82,953.4,21.5,469.0,17.68014,75.885765
MH-SLP,2021-06-11,26.2,30.8,23.3,76,88,4.2,4.2,27.7,261,18.49,4.68,953.0,21.4,469.0,17.68014,75.885765
MH-SLP,2021-06-12,26.3,30.6,23.5,79,89,6.7,6.7,21.7,260,17.58,4.18,952.4,22.3,469.0,17.68014,75.885765
MH-SLP,2021-06-13,26.6,31.3,23.7,78,90,2.0,2.0,26.4,277,19.67,4.75,952.2,22.2,469.0,17.68014,75.885765
MH-SLP,2021-06-14,26.8,31.5,23.5,77,89,1.9,1.9,22.5,270,19.74,4.73,951.5,22.2,469.0,17.68014,75.885765
MH-SLP,2021-06-15,26.1,29.6,23.3,80,92,2.8,2.8,27.0,242,17.01,4.0,950.8,22.3,469.0,17.68014,75.885765
MH-SLP,2021-06-16,24.7,26.6,23.2,84,90,7.5,7.5,25.8,238,7.6,2.26,952.1,21.8,469.0,17.68014,75.885765
MH-SLP,2021-06-17,25.0,28.0,22.7,82,91,7.2,7.2,23.4,243,8.84,2.62,953.0,21.6,469.0,17.68014,75.885765
MH-SLP,2021-06-18,25.5,29.4,22.8,80,90,1.1,1.1,32.8,239,16.45,3.98,953.9,21.7,469.0,17.68014,75.885765
MH-SLP,2021-06-19,25.1,28.4,23.1,80,89,2.4,2.4,29.7,243,14.51,3.67,955.6,21.4,469.0,17.68014,75.885765
MH-SLP,2021-06-20,26.2,31.1,22.3,73,90,1.5,1.5,29.2,250,22.26,5.54,956.2,20.6,469.0,17.68014,75.885765
MH-SLP,2021-06-21,26.6,31.6,22.3,71,92,1.3,1.3,22.5,277,23.64,5.81,956.1,20.5,469.0,17.68014,75.885765
MH-SLP,2021-06-22,26.8,31.7,22.2,69,92,0.3,0.3,22.1,291,20.25,5.43,955.6,20.3,469.0,17.68014,75.885765
MH-SLP,2021-06-23,27.0,31.6,23.0,69,89,1.2,1.2,17.9,289,18.92,5.05,955.3,20.3,469.0,17.68014,75.885765
MH-SLP,2021-06-24,25.3,27.3,23.9,80,89,4.4,4.4,19.2,264,7.81,2.42,955.9,21.5,469.0,17.68014,75.885765
MH-SLP,2021-06-25,25.2,28.5,23.1,80,90,4.2,4.2,24.1,274,10.56,2.99,954.8,21.3,469.0,17.68014,75.885765
MH-SLP,2021-06-26,26.3,31.4,22.5,73,91,3.1,3.1,25.5,296,18.06,4.75,954.4,20.9,469.0,17.68014,75.885765
MH-SLP,2021-06-27,24.3,26.4,23.1,83,92,15.3,15.3,21.9,286,7.02,2.16,955.8,21.3,469.0,17.68014,75.885765
MH-SLP,2021-06-28,25.5,29.2,22.1,82,94,9.1,9.1,18.6,295,18.05,3.86,954.9,22.1,469.0,17.68014,75.885765
MH-SLP,2021-06-29,26.8,31.5,22.9,77,96,0.2,0.2,14.5,260,19.36,4.4,954.8,22.2,469.0,17.68014,75.885765
MH-SLP,2021-06-30,27.7,32.4,23.3,74,92,0.5,0.5,15.5,274,24.1,5.54,954.7,22.2,469.0,17.68014,75.885765
MH-SLP,2021-07-01,26.9,30.6,24.0,78,92,1.7,1.7,16.6,277,15.57,3.81,953.5,22.5,469.0,17.68014,75.885765
MH-SLP,2021-07-02,27.0,31.0,23.2,71,89,0.0,0.0,21.6,257,17.6,4.68,954.3,21.1,469.0,17.68014,75.885765
MH-SLP,2021-07-03,26.9,31.4,22.6,72,91,0.2,0.2,16.3,275,21.38,5.0,955.1,21.2,469.0,17.68014,75.885765
MH-SLP,2021-07-04,27.7,32.2,23.0,68,91,0.0,0.0,18.9,299,23.14,5.58,955.1,20.7,469.0,17.68014,75.885765
MH-SLP,2021-07-05,28.5,33.4,23.9,66,88,0.0,0.0,15.6,296,22.56,5.61,954.7,21.0,469.0,17.68014,75.885765
MH-SLP,2021-07-06,28.5,33.3,24.8,67,84,5.0,5.0,15.8,297,20.81,5.19,954.0,21.4,469.0,17.68014,75.885765
MH-SLP,2021-07-07,28.3,33.1,24.8,72,92,8.4,8.4,14.5,273,17.22,4.39,953.7,22.5,469.0,17.68014,75.885765
MH-SLP,2021-07-08,26.0,28.9,24.1,82,91,12.3,12.3,13.7,287,8.97,2.34,954.0,22.6,469.0,17.68014,75.885765
MH-SLP,2021-07-09,25.6,28.6,23.6,85,94,7.7,7.7,15.2,278,11.96,2.7,952.2,22.8,469.0,17.68014,75.885765
MH-SLP,2021-07-10,25.5,28.8,23.1,85,94,10.5,10.5,16.3,295,16.47,3.48,950.8,22.6,469.0,17.68014,75.885765
MH-SLP,2021-07-11,25.6,29.8,23.1,82,92,2.5,2.5,16.5,262,15.63,3.57,950.4,22.2,469.0,17.68014,75.885765
MH-SLP,2021-07-12,25.3,29.4,23.2,84,94,17.8,17.8,22.6,242,14.84,3.45,949.9,22.2,469.0,17.68014,75.885765
MH-SLP,2021-07-13,24.6,27.3,23.1,87,92,19.4,19.4,26.0,245,8.22,2.09,950.6,22.3,469.0,17.68014,75.885765
MH-SLP,2021-07-14,24.3,26.4,23.1,89,94,49.4,49.4,17.7,264,5.07,1.46,951.1,22.4,469.0,17.68014,75.885765
MH-SLP,2021-07-15,25.0,28.9,22.9,86,94,26.3,26.3,24.7,250,14.31,3.12,950.1,22.5,469.0,17.68014,75.885765
MH-SLP,2021-07-16,25.7,29.3,23.0,84,92,14.4,14.4,20.7,241,18.08,3.8,953.0,22.8,469.0,17.68014,75.885765
MH-SLP,2021-07-17,26.1,30.5,23.4,83,92,11.2,11.2,20.3,270,20.7,4.35,954.3,22.9,469.0,17.68014,75.885765
MH-SLP,2021-07-18,25.9,29.4,23.3,83,95,10.4,10.4,21.0,287,17.56,3.85,952.8,22.8,469.0,17.68014,75.885765
MH-SLP,2021-07-19,25.0,28.6,23.0,86,92,21.5,21.5,28.3,255,14.16,3.14,952.6,22.4,469.0,17.68014,75.885765
MH-SLP,2021-07-20,25.0,27.9,23.1,84,92,6.1,6.1,25.9,259,10.98,2.82,954.6,21.9,469.0,17.68014,75.885765
MH-SLP,2021-07-21,24.1,25.8,22.9,87,90,23.8,23.8,23.2,260,5.75,1.8,953.3,21.8,469.0,17.68014,75.885765
MH-SLP,2021-07-22,24.5,27.7,22.5,85,92,20.2,20.2,32.7,267,9.91,2.58,950.0,21.8,469.0,17.68014,75.885765
MH-SLP,2021-07-23,24.9,28.2,22.7,83,92,17.0,17.0,27.8,270,10.03,2.79,950.3,21.8,469.0,17.68014,75.885765
MH-SLP,2021-07-24,26.2,30.7,22.9,76,90,0.5,0.5,30.1,272,18.22,4.66,951.6,21.4,469.0,17.68014,75.885765
MH-SLP,2021-07-25,26.3,30.8,22.9,76,91,2.0,2.0,30.0,262,19.8,4.89,952.8,21.6,469.0,17.68014,75.885765
MH-SLP,2021-07-26,26.2,30.4,23.0,76,90,1.6,1.6,30.9,254,20.28,5.03,953.5,21.3,469.0,17.68014,75.885765
MH-SLP,2021-07-27,25.8,30.1,22.4,75,90,1.2,1.2,31.4,251,21.48,5.25,953.1,20.8,469.0,17.68014,75.885765
MH-SLP,2021-07-28,25.8,30.1,22.4,74,88,1.1,1.1,30.9,254,20.49,5.19,953.8,20.5,469.0,17.68014,75.885765
MH-SLP,2021-07-29,24.6,26.9,22.6,80,87,0.7,0.7,24.7,255,6.79,2.43,954.7,20.9,469.0,17.68014,75.885765
MH-SLP,2021-07-30,25.1,28.9,22.5,77,88,0.1,0.1,30.6,262,12.67,3.67,955.1,20.7,469.0,17.68014,75.885765
MH-SLP,2021-07-31,25.9,30.4,22.6,73,86,1.4,1.4,32.4,269,19.15,4.98,955.4,20.5,469.0,17.68014,75.885765
MH-SLP,2021-08-01,25.4,29.1,22.3,73,85,0.2,0.2,33.2,265,15.52,4.44,954.5,20.1,469.0,17.68014,75.885765
MH-SLP,2021-08-02,25.7,30.6,22.1,74,90,1.9,1.9,29.2,262,19.0,4.93,954.7,20.4,469.0,17.68014,75.885765
MH-SLP,2021-08-03,26.0,31.1,22.3,74,89,2.4,2.4,30.3,262,19.97,5.03,955.9,20.7,469.0,17.68014,75.885765
MH-SLP,2021-08-04,26.1,30.8,23.0,75,89,1.9,1.9,31.0,258,18.18,4.8,956.1,21.0,469.0,17.68014,75.885765
MH-SLP,2021-08-05,26.5,31.0,23.0,73,89,0.9,0.9,28.7,266,18.06,4.92,954.2,20.8,469.0,17.68014,75.885765
MH-SLP,2021-08-06,26.6,31.2,23.0,72,90,0.7,0.7,24.9,276,19.83,5.08,953.4,20.7,469.0,17.68014,75.885765
MH-SLP,2021-08-07,26.6,31.4,22.1,73,93,1.1,1.1,18.8,265,21.16,5.02,954.5,20.9,469.0,17.68014,75.885765
MH-SLP,2021-08-08,27.1,31.6,22.6,71,92,0.8,0.8,15.4,257,21.72,5.1,955.6,20.9,469.0,17.68014,75.885765
MH-SLP,2021-08-09,28.0,32.6,23.6,68,89,0.6,0.6,18.4,268,21.54,5.44,956.2,21.1,469.0,17.68014,75.885765
MH-SLP,2021-08-10,27.9,32.8,23.8,65,86,0.7,0.7,19.1,281,18.31,5.2,956.2,20.2,469.0,17.68014,75.885765
MH-SLP,2021-08-11,28.1,33.3,23.4,62,85,0.0,0.0,20.4,282,16.92,5.36,956.2,19.5,469.0,17.68014,75.885765
MH-SLP,2021-08-12,28.2,33.6,23.8,62,82,1.7,1.7,26.6,291,21.43,6.27,956.8,19.6,469.0,17.68014,75.885765
MH-SLP,2021-08-13,27.8,32.5,23.5,62,83,2.0,2.0,21.9,294,16.63,5.56,955.8,19.3,469.0,17.68014,75.885765
MH-SLP,2021-08-14,27.2,32.6,23.3,64,83,2.3,2.3,27.2,284,20.32,5.84,954.5,19.4,469.0,17.68014,75.885765
MH-SLP,2021-08-15,27.2,32.5,23.2,66,82,1.1,1.1,27.4,283,19.56,5.39,954.5,20.0,469.0,17.68014,75.885765
MH-SLP,2021-08-16,25.4,27.4,23.9,77,88,8.3,8.3,16.6,283,7.35,2.44,955.6,21.1,469.0,17.68014,75.885765
MH-SLP,2021-08-17,24.1,25.1,23.2,89,93,43.2,43.2,24.9,287,4.76,1.43,955.3,22.1,469.0,17.68014,75.885765
MH-SLP,2021-08-18,24.7,27.6,22.6,84,95,9.0,9.0,23.7,284,13.78,3.11,953.8,21.7,469.0,17.68014,75.885765
MH-SLP,2021-08-19,24.5,26.8,22.6,82,92,1.7,1.7,23.1,279,11.88,2.91,953.8,21.2,469.0,17.68014,75.885765
MH-SLP,2021-08-20,24.6,27.4,21.9,83,93,1.5,1.5,18.7,279,14.33,3.15,954.5,21.5,469.0,17.68014,75.885765
MH-SLP,2021-08-21,25.3,28.7,22.5,81,94,0.6,0.6,15.1,268,13.42,3.11,955.7,21.6,469.0,17.68014,75.885765
MH-SLP,2021-08-22,25.6,29.5,22.3,79,92,4.2,4.2,10.6,268,17.5,3.83,956.2,21.4,469.0,17.68014,75.885765
MH-SLP,2021-08-23,26.2,29.9,22.6,80,95,3.7,3.7,10.1,264,19.72,4.18,956.0,22.3,469.0,17.68014,75.885765
MH-SLP,2021-08-24,26.6,30.5,23.4,79,93,1.4,1.4,12.9,278,21.6,4.6,955.7,22.4,469.0,17.68014,75.885765
MH-SLP,2021-08-25,26.6,30.4,23.6,78,92,5.2,5.2,14.4,289,18.66,4.11,954.9,22.4,469.0,17.68014,75.885765
MH-SLP,2021-08-26,26.5,30.2,23.6,77,94,0.1,0.1,14.9,281,18.46,4.29,953.5,21.8,469.0,17.68014,75.885765
MH-SLP,2021-08-27,26.3,30.5,23.1,77,91,1.3,1.3,13.8,290,20.49,4.53,953.2,21.6,469.0,17.68014,75.885765
MH-SLP,2021-08-28,26.4,30.4,23.6,76,91,0.7,0.7,16.4,285,21.43,4.63,952.0,21.6,469.0,17.68014,75.885765
MH-SLP,2021-08-29,25.9,29.1,23.4,78,88,1.4,1.4,19.3,312,15.2,3.79,951.3,21.5,469.0,17.68014,75.885765
MH-SLP,2021-08-30,24.5,26.3,23.2,84,91,19.6,19.6,26.8,287,7.53,2.19,952.5,21.5,469.0,17.68014,75.885765
MH-SLP,2021-08-31,24.4,27.9,22.5,83,92,2.1,2.1,24.1,284,12.03,2.83,952.9,21.3,469.0,17.68014,75.885765
MH-SLP,2021-09-01,25.3,29.6,22.0,81,93,7.9,7.9,15.8,240,18.09,3.95,954.7,21.7,469.0,17.68014,75.885765
MH-SLP,2021-09-02,25.3,28.9,22.2,83,95,8.0,8.0,16.7,252,19.42,4.0,954.6,22.1,469.0,17.68014,75.885765
MH-SLP,2021-09-03,25.8,30.1,22.3,78,94,5.9,5.9,15.0,261,19.93,4.37,953.9,21.5,469.0,17.68014,75.885765
MH-SLP,2021-09-04,25.0,28.4,23.1,87,94,32.3,32.3,16.3,275,15.28,3.16,954.0,22.6,469.0,17.68014,75.885765
MH-SLP,2021-09-05,24.6,27.0,23.1,87,95,11.6,11.6,24.4,297,10.03,2.41,953.8,22.1,469.0,17.68014,75.885765
MH-SLP,2021-09-06,24.5,27.5,22.8,86,94,16.5,16.5,21.4,289,9.86,2.35,953.2,21.9,469.0,17.68014,75.885765
MH-SLP,2021-09-07,24.1,26.8,22.6,88,95,10.8,10.8,24.5,263,9.59,2.28,951.5,21.8,469.0,17.68014,75.885765
MH-SLP,2021-09-08,25.3,28.7,22.9,80,91,0.5,0.5,37.0,234,17.19,4.12,952.4,21.5,469.0,17.68014,75.885765
MH-SLP,2021-09-09,25.8,30.0,22.6,78,90,0.9,0.9,30.7,247,19.38,4.6,955.3,21.4,469.0,17.68014,75.885765
MH-SLP,2021-09-10,25.6,30.2,22.2,78,92,1.0,1.0,25.6,254,19.52,4.53,955.2,21.4,469.0,17.68014,75.885765
MH-SLP,2021-09-11,25.3,29.3,21.9,82,94,3.1,3.1,23.6,241,17.63,3.94,953.7,21.8,469.0,17.68014,75.885765
MH-SLP,2021-09-12,25.4,28.7,22.6,81,92,1.3,1.3,26.6,239,13.51,3.42,951.8,21.8,469.0,17.68014,75.885765
MH-SLP,2021-09-13,25.7,29.7,23.0,82,93,7.8,7.8,24.3,247,14.91,3.58,951.0,22.3,469.0,17.68014,75.885765
MH-SLP,2021-09-14,25.7,29.3,23.4,80,91,0.6,0.6,21.5,247,11.46,3.14,951.9,21.8,469.0,17.68014,75.885765
MH-SLP,2021-09-15,25.6,30.3,21.9,75,93,0.1,0.1,23.5,240,19.79,4.78,953.5,20.5,469.0,17.68014,75.885765
MH-SLP,2021-09-16,25.3,30.2,21.2,75,95,0.1,0.1,21.2,249,17.77,4.4,954.3,20.0,469.0,17.68014,75.885765
MH-SLP,2021-09-17,25.2,29.7,21.0,76,95,0.8,0.8,19.4,262,20.46,4.51,954.5,20.5,469.0,17.68014,75.885765
MH-SLP,2021-09-18,25.6,29.9,22.0,74,90,0.0,0.0,14.1,271,19.12,4.37,956.1,20.3,469.0,17.68014,75.885765
MH-SLP,2021-09-19,26.0,30.2,22.3,75,93,0.3,0.3,13.6,255,18.24,4.23,957.6,20.9,469.0,17.68014,75.885765
MH-SLP,2021-09-20,25.7,29.3,23.1,82,93,24.3,24.3,15.2,296,14.58,3.31,956.7,22.2,469.0,17.68014,75.885765
MH-SLP,2021-09-21,24.7,28.4,23.0,86,93,12.4,12.4,17.7,283,11.41,2.58,955.7,22.2,469.0,17.68014,75.885765
MH-SLP,2021-09-22,24.4,27.0,22.6,87,96,3.7,3.7,24.1,284,8.67,2.09,954.1,22.0,469.0,17.68014,75.885765
MH-SLP,2021-09-23,24.6,28.2,22.6,88,95,24.1,24.1,15.7,283,13.04,2.77,954.1,22.4,469.0,17.68014,75.885765
MH-SLP,2021-09-24,25.3,28.8,22.7,82,94,8.1,8.1,16.6,309,18.53,3.86,955.2,21.9,469.0,17.68014,75.885765
MH-SLP,2021-09-25,25.3,28.5,23.0,82,95,0.0,0.0,18.9,305,14.04,3.27,955.2,21.9,469.0,17.68014,75.885765
MH-SLP,2021-09-26,24.5,26.6,22.8,84,94,4.1,4.1,21.0,313,12.66,2.78,953.4,21.5,469.0,17.68014,75.885765
MH-SLP,2021-09-27,23.5,24.5,22.7,89,94,15.7,15.7,22.3,282,5.12,1.44,951.6,21.6,469.0,17.68014,75.885765
MH-SLP,2021-09-28,23.8,26.5,22.1,86,94,19.6,19.6,24.4,253,7.99,2.11,952.0,21.4,469.0,17.68014,75.885765
MH-SLP,2021-09-29,25.3,29.4,22.3,81,93,1.0,1.0,19.1,221,18.59,4.05,954.7,21.7,469.0,17.68014,75.885765
MH-SLP,2021-09-30,25.7,29.8,21.7,80,96,0.6,0.6,10.9,250,18.58,3.91,956.7,21.7,469.0,17.68014,75.885765
MH-SLP,2021-10-01,26.1,30.6,23.1,83,95,11.6,11.6,15.2,345,20.13,4.26,956.9,22.7,469.0,17.68014,75.885765
MH-SLP,2021-10-02,26.2,30.1,22.5,82,98,1.6,1.6,9.4,48,17.95,3.78,956.8,22.6,469.0,17.68014,75.885765
MH-SLP,2021-10-03,26.7,30.3,24.0,81,92,4.3,4.3,11.2,108,18.94,4.0,956.5,23.1,469.0,17.68014,75.885765
MH-SLP,2021-10-04,26.9,31.1,23.4,80,96,3.8,3.8,9.3,48,19.49,4.16,955.7,22.9,469.0,17.68014,75.885765
MH-SLP,2021-10-05,26.2,30.5,23.1,84,97,1.4,1.4,22.7,34,18.8,3.95,955.9,23.1,469.0,17.68014,75.885765
MH-SLP,2021-10-06,25.8,29.2,22.8,86,98,10.7,10.7,16.0,49,15.66,3.29,955.3,23.1,469.0,17.68014,75.885765
MH-SLP,2021-10-07,26.4,30.1,23.3,81,94,3.5,3.5,14.2,98,17.99,3.87,954.9,22.7,469.0,17.68014,75.885765
MH-SLP,2021-10-08,26.1,29.9,22.5,84,98,9.1,9.1,13.6,267,17.16,3.66,955.4,22.9,469.0,17.68014,75.885765
MH-SLP,2021-10-09,25.4,28.6,22.9,86,96,8.6,8.6,15.8,303,14.59,3.05,956.6,22.9,469.0,17.68014,75.885765
MH-SLP,2021-10-10,25.6,29.6,22.8,86,98,6.3,6.3,19.7,314,16.88,3.45,956.4,22.8,469.0,17.68014,75.885765
MH-SLP,2021-10-11,25.8,30.8,22.4,78,98,0.5,0.5,13.0,45,19.07,4.28,955.0,21.2,469.0,17.68014,75.885765
MH-SLP,2021-10-12,25.2,30.5,20.6,70,93,0.0,0.0,14.8,53,21.73,4.85,954.6,18.8,469.0,17.68014,75.885765
MH-SLP,2021-10-13,25.3,31.2,20.0,69,89,0.0,0.0,18.1,48,21.56,5.09,954.4,18.6,469.0,17.68014,75.885765
MH-SLP,2021-10-14,26.1,31.5,20.9,70,89,0.0,0.0,14.7,46,18.86,4.48,954.1,19.7,469.0,17.68014,75.885765
MH-SLP,2021-10-15,25.8,31.4,21.0,69,87,0.0,0.0,17.7,25,20.67,5.01,952.2,19.1,469.0,17.68014,75.885765
MH-SLP,2021-10-16,25.1,31.0,20.8,71,86,0.0,0.0,20.4,11,17.78,4.38,951.3,19.1,469.0,17.68014,75.885765
MH-SLP,2021-10-17,25.9,30.3,21.8,78,96,0.2,0.2,18.8,290,18.15,4.16,952.2,21.5,469.0,17.68014,75.885765
MH-SLP,2021-10-18,25.7,30.7,21.4,71,91,0.0,0.0,19.7,291,21.71,5.14,954.9,19.6,469.0,17.68014,75.885765
MH-SLP,2021-10-19,25.5,30.7,21.4,70,92,0.0,0.0,16.3,316,21.17,4.87,958.3,18.8,469.0,17.68014,75.885765
MH-SLP,2021-10-20,25.1,31.3,19.5,61,87,0.0,0.0,13.3,12,21.56,5.23,960.3,16.4,469.0,17.68014,75.885765
MH-SLP,2021-10-21,25.5,31.6,20.0,55,77,0.0,0.0,13.1,23,21.58,5.49,960.5,15.0,469.0,17.68014,75.885765
MH-SLP,2021-10-22,26.0,31.6,19.7,52,80,0.0,0.0,13.0,35,21.28,5.57,960.7,14.6,469.0,17.68014,75.885765
MH-SLP,2021-10-23,26.8,33.0,20.3,47,74,0.0,0.0,22.8,23,20.56,5.58,960.6,13.9,469.0,17.68014,75.885765
MH-SLP,2021-10-24,27.6,31.8,22.4,51,71,0.3,0.3,12.0,87,19.38,4.98,960.8,16.1,469.0,17.68014,75.885765
MH-SLP,2021-10-25,27.5,33.1,22.0,45,70,0.0,0.0,25.0,69,20.5,6.36,960.2,13.3,469.0,17.68014,75.885765
MH-SLP,2021-10-26,26.5,32.7,20.0,39,71,0.0,0.0,21.6,60,21.64,6.73,959.3,10.2,469.0,17.68014,75.885765
MH-SLP,2021-10-27,26.7,31.9,20.1,41,69,0.0,0.0,24.5,62,21.54,7.14,959.9,11.4,469.0,17.68014,75.885765
MH-SLP,2021-10-28,26.7,32.5,20.0,42,69,0.0,0.0,22.7,57,20.36,6.92,960.1,11.9,469.0,17.68014,75.885765
MH-SLP,2021-10-29,27.3,32.3,21.9,43,55,0.0,0.0,23.7,60,15.91,6.31,960.8,13.2,469.0,17.68014,75.885765
MH-SLP,2021-10-30,27.8,33.1,22.5,47,61,0.0,0.0,21.7,60,17.43,6.29,961.5,15.0,469.0,17.68014,75.885765
MH-SLP,2021-10-31,28.0,33.6,23.0,49,68,0.0,0.0,17.7,68,16.4,5.66,960.7,15.9,469.0,17.68014,75.885765
MH-SLP,2021-11-01,27.7,33.3,22.0,49,71,0.0,0.0,17.2,86,20.54,6.25,959.6,15.4,469.0,17.68014,75.885765
MH-SLP,2021-11-02,27.0,33.1,22.2,57,73,2.6,2.6,23.1,97,18.51,5.48,959.5,17.4,469.0,17.68014,75.885765
MH-SLP,2021-11-03,26.5,31.4,22.8,68,86,2.0,2.0,17.2,89,14.55,4.06,959.5,19.8,469.0,17.68014,75.885765
MH-SLP,2021-11-04,25.7,30.2,22.1,74,90,2.7,2.7,16.4,92,16.91,3.97,959.0,20.4,469.0,17.68014,75.885765
MH-SLP,2021-11-05,25.6,30.0,22.1,73,93,0.4,0.4,14.4,97,17.99,4.18,958.7,20.0,469.0,17.68014,75.885765
MH-SLP,2021-11-06,25.7,30.5,21.5,67,85,0.0,0.0,14.3,95,19.3,4.53,957.8,18.7,469.0,17.68014,75.885765
MH-SLP,2021-11-07,24.9,30.4,20.5,56,77,0.0,0.0,17.0,97,19.31,5.22,957.9,15.0,469.0,17.68014,75.885765
MH-SLP,2021-11-08,24.8,30.8,19.0,50,72,0.0,0.0,19.8,83,20.03,5.66,959.0,12.8,469.0,17.68014,75.885765
MH-SLP,2021-11-09,25.0,31.2,19.0,41,62,0.0,0.0,21.4,62,20.5,6.46,959.6,10.0,469.0,17.68014,75.885765
MH-SLP,2021-11-10,25.5,31.4,18.4,44,67,0.0,0.0,19.0,57,20.07,6.33,958.8,11.5,469.0,17.68014,75.885765
MH-SLP,2021-11-11,25.2,29.2,20.3,42,59,0.0,0.0,20.7,47,13.25,5.57,957.4,11.1,469.0,17.68014,75.885765
MH-SLP,2021-11-12,26.3,31.8,20.5,52,67,0.3,0.3,22.8,51,14.94,5.34,957.0,15.4,469.0,17.68014,75.885765
MH-SLP,2021-11-13,27.3,32.1,23.6,63,80,1.5,1.5,15.9,68,15.73,4.43,957.0,19.3,469.0,17.68014,75.885765
MH-SLP,2021-11-14,26.9,31.5,23.2,71,92,0.5,0.5,13.4,99,16.94,4.03,956.9,20.8,469.0,17.68014,75.885765
MH-SLP,2021-11-15,26.7,31.0,23.2,71,89,1.8,1.8,14.3,79,15.91,3.91,955.8,20.7,469.0,17.68014,75.885765
MH-SLP,2021-11-16,26.6,31.7,22.9,72,89,7.5,7.5,21.4,102,15.74,4.24,955.9,20.8,469.0,17.68014,75.885765
MH-SLP,2021-11-17,25.6,29.6,22.7,78,92,0.9,0.9,23.4,122,14.12,3.55,957.4,21.3,469.0,17.68014,75.885765
MH-SLP,2021-11-18,24.8,28.3,22.0,78,95,0.0,0.0,17.4,132,10.92,2.56,957.2,20.5,469.0,17.68014,75.885765
MH-SLP,2021-11-19,24.7,29.5,21.9,80,90,5.2,5.2,21.3,64,10.88,2.76,954.8,20.8,469.0,17.68014,75.885765
MH-SLP,2021-11-20,25.2,29.8,22.6,80,91,3.5,3.5,19.7,101,15.02,3.51,954.4,21.4,469.0,17.68014,75.885765
MH-SLP,2021-11-21,24.2,27.9,22.2,87,96,3.2,3.2,26.8,120,11.09,2.46,957.2,21.7,469.0,17.68014,75.885765
MH-SLP,2021-11-22,24.7,28.5,21.2,85,98,0.8,0.8,8.7,77,15.39,3.12,959.2,21.7,469.0,17.68014,75.885765
MH-SLP,2021-11-23,25.3,29.1,21.7,82,97,3.9,3.9,21.1,67,16.56,3.39,959.0,21.9,469.0,17.68014,75.885765
MH-SLP,2021-11-24,25.4,30.3,22.0,78,97,0.4,0.4,13.0,66,17.25,3.79,959.2,21.1,469.0,17.68014,75.885765
MH-SLP,2021-11-25,24.6,30.0,20.6,73,89,0.0,0.0,15.3,70,18.14,4.13,959.7,19.2,469.0,17.68014,75.885765
MH-SLP,2021-11-26,24.0,29.5,19.6,67,83,0.0,0.0,15.8,60,18.93,4.48,959.9,17.0,469.0,17.68014,75.885765
MH-SLP,2021-11-27,23.3,29.3,18.6,66,85,0.0,0.0,14.8,71,18.58,4.42,959.9,16.2,469.0,17.68014,75.885765
MH-SLP,2021-11-28,22.8,28.7,18.0,63,79,0.0,0.0,20.6,71,18.89,4.62,960.5,14.6,469.0,17.68014,75.885765
MH-SLP,2021-11-29,22.7,28.5,18.9,73,91,19.7,19.7,19.7,83,14.07,3.47,961.0,17.5,469.0,17.68014,75.885765
MH-SLP,2021-11-30,23.4,27.8,20.8,74,85,0.0,0.0,17.1,99,11.11,2.97,960.6,18.4,469.0,17.68014,75.885765
MH-SLP,2021-12-01,23.6,28.4,19.7,70,86,3.6,3.6,19.5,113,11.67,3.38,959.2,17.8,469.0,17.68014,75.885765
MH-SLP,2021-12-02,22.9,26.9,20.8,86,95,9.1,9.1,22.3,152,10.12,2.13,959.3,20.3,469.0,17.68014,75.885765
MH-SLP,2021-12-03,23.3,28.2,20.7,85,98,3.8,3.8,20.6,140,13.63,2.85,959.6,20.4,469.0,17.68014,75.885765
MH-SLP,2021-12-04,23.7,28.4,20.3,80,95,0.3,0.3,13.0,293,15.24,3.19,959.9,19.7,469.0,17.68014,75.885765
MH-SLP,2021-12-05,23.8,28.5,20.2,78,97,0.1,0.1,10.2,323,17.39,3.59,960.0,19.2,469.0,17.68014,75.885765
MH-SLP,2021-12-06,23.8,28.9,20.3,71,94,0.0,0.0,11.8,352,17.29,3.77,959.7,17.8,469.0,17.68014,75.885765
MH-SLP,2021-12-07,23.9,29.7,19.7,64,82,0.0,0.0,15.8,52,17.58,4.15,960.3,16.2,469.0,17.68014,75.885765
MH-SLP,2021-12-08,24.4,29.8,20.1,61,74,0.0,0.0,15.4,65,16.66,4.21,960.5,15.7,469.0,17.68014,75.885765
MH-SLP,2021-12-09,23.9,28.4,19.4,67,86,0.1,0.1,15.1,80,15.9,3.83,962.0,17.2,469.0,17.68014,75.885765
MH-SLP,2021-12-10,24.3,29.5,19.8,70,85,0.1,0.1,10.9,113,15.13,3.53,962.7,18.0,469.0,17.68014,75.885765
MH-SLP,2021-12-11,24.6,30.0,20.0,66,87,0.0,0.0,14.8,90,16.03,3.82,962.3,17.3,469.0,17.68014,75.885765
MH-SLP,2021-12-12,24.6,29.6,20.6,58,74,0.0,0.0,15.5,90,16.74,4.26,962.5,15.4,469.0,17.68014,75.885765
MH-SLP,2021-12-13,23.8,29.0,19.0,59,73,0.0,0.0,13.7,101,16.33,4.0,961.6,15.2,469.0,17.68014,75.885765
MH-SLP,2021-12-14,23.7,27.9,19.6,66,89,0.2,0.2,14.6,124,14.34,3.51,961.1,16.6,469.0,17.68014,75.885765
MH-SLP,2021-12-15,23.7,28.5,19.8,58,73,0.0,0.0,15.3,111,14.1,3.69,961.4,14.6,469.0,17.68014,75.885765
MH-SLP,2021-12-16,23.4,28.9,18.0,48,69,0.0,0.0,16.4,104,16.2,4.43,962.2,11.1,469.0,17.68014,75.885765
MH-SLP,2021-12-17,23.4,28.8,17.5,45,65,0.0,0.0,16.0,96,17.49,4.59,962.7,10.2,469.0,17.68014,75.885765
MH-SLP,2021-12-18,23.0,29.7,16.2,42,68,0.0,0.0,16.8,73,18.05,5.26,962.5,8.5,469.0,17.68014,75.885765
MH-SLP,2021-12-19,22.9,29.1,17.0,43,68,0.0,0.0,16.0,82,18.13,5.0,963.1,8.7,469.0,17.68014,75.885765
MH-SLP,2021-12-20,22.5,27.8,16.8,49,68,0.0,0.0,14.1,96,17.8,4.23,962.9,10.8,469.0,17.68014,75.885765
MH-SLP,2021-12-21,22.2,27.8,15.6,49,73,0.0,0.0,12.9,110,17.83,4.24,962.5,10.4,469.0,17.68014,75.885765
MH-SLP,2021-12-22,22.6,28.3,15.8,48,73,0.0,0.0,11.0,117,17.85,4.13,960.9,10.5,469.0,17.68014,75.885765
MH-SLP,2021-12-23,23.3,29.5,16.4,44,63,0.0,0.0,11.6,124,17.85,4.23,960.4,9.8,469.0,17.68014,75.885765
MH-SLP,2021-12-24,23.6,30.2,16.8,51,79,0.0,0.0,11.1,138,17.87,4.08,960.0,12.2,469.0,17.68014,75.885765
MH-SLP,2021-12-25,24.0,30.4,17.3,53,83,0.0,0.0,11.8,294,17.77,4.1,960.6,13.0,469.0,17.68014,75.885765
MH-SLP,2021-12-26,24.2,30.4,17.7,50,81,0.0,0.0,12.7,61,17.73,4.19,961.7,12.2,469.0,17.68014,75.885765
MH-SLP,2021-12-27,24.1,29.9,18.3,52,77,0.0,0.0,14.0,124,17.23,4.42,962.2,13.0,469.0,17.68014,75.885765
MH-SLP,2021-12-28,24.6,30.3,19.2,49,73,0.0,0.0,19.8,150,17.47,5.06,961.3,12.5,469.0,17.68014,75.885765
MH-SLP,2021-12-29,24.0,29.3,18.0,49,72,0.0,0.0,14.0,149,17.36,4.58,960.9,12.0,469.0,17.68014,75.885765
MH-SLP,2021-12-30,24.1,29.3,19.8,55,75,0.0,0.0,20.4,95,15.65,4.71,962.9,14.1,469.0,17.68014,75.885765
MH-SLP,2021-12-31,24.4,30.0,19.0,55,82,0.0,0.0,21.5,106,17.27,4.82,964.2,14.0,469.0,17.68014,75.885765
MH-SLP,2022-01-01,24.7,29.0,20.3,54,73,0.1,0.1,19.4,106,16.27,4.57,964.4,14.5,469.0,17.68014,75.885765
MH-SLP,2022-01-02,24.7,29.2,20.6,54,71,0.0,0.0,15.3,105,16.34,4.55,963.2,14.3,469.0,17.68014,75.885765
MH-SLP,2022-01-03,24.2,29.2,19.2,50,71,0.0,0.0,15.1,108,17.58,4.78,962.5,12.5,469.0,17.68014,75.885765
MH-SLP,2022-01-04,23.9,29.9,18.4,48,69,0.0,0.0,14.1,99,17.82,4.76,962.3,11.4,469.0,17.68014,75.885765
MH-SLP,2022-01-05,23.8,29.6,18.4,48,69,0.0,0.0,17.5,138,17.87,5.04,962.0,11.5,469.0,17.68014,75.885765
MH-SLP,2022-01-06,23.9,29.5,18.2,48,75,0.0,0.0,20.2,139,18.11,4.96,960.7,11.3,469.0,17.68014,75.885765
MH-SLP,2022-01-07,24.6,30.4,18.8,51,76,0.0,0.0,22.4,143,17.16,5.18,960.3,13.0,469.0,17.68014,75.885765
MH-SLP,2022-01-08,25.6,30.6,19.9,49,78,0.7,0.7,17.2,193,16.89,4.85,960.7,13.4,469.0,17.68014,75.885765
MH-SLP,2022-01-09,24.5,29.9,19.2,50,74,0.0,0.0,22.9,255,16.8,4.82,959.7,12.6,469.0,17.68014,75.885765
MH-SLP,2022-01-10,24.9,30.0,20.3,52,73,0.0,0.0,15.3,346,16.77,4.71,959.9,13.5,469.0,17.68014,75.885765
MH-SLP,2022-01-11,24.6,30.8,19.6,51,82,0.0,0.0,20.1,235,17.54,5.39,959.4,12.4,469.0,17.68014,75.885765
MH-SLP,2022-01-12,23.3,29.1,18.0,58,90,0.0,0.0,13.4,23,18.14,4.31,959.3,13.4,469.0,17.68014,75.885765
MH-SLP,2022-01-13,23.9,29.8,18.8,54,88,0.0,0.0,21.3,124,17.68,5.12,958.6,12.5,469.0,17.68014,75.885765
MH-SLP,2022-01-14,22.7,28.2,17.5,60,91,0.0,0.0,14.6,334,16.76,4.12,959.0,13.4,469.0,17.68014,75.885765
MH-SLP,2022-01-15,23.2,28.5,17.8,57,88,0.0,0.0,19.8,56,17.86,4.3,960.4,13.1,469.0,17.68014,75.885765
MH-SLP,2022-01-16,23.7,29.6,18.6,58,84,0.1,0.1,21.5,87,16.65,4.79,961.9,14.4,469.0,17.68014,75.885765
MH-SLP,2022-01-17,23.8,28.6,19.1,58,84,0.1,0.1,18.0,103,16.94,4.44,963.6,14.5,469.0,17.68014,75.885765
MH-SLP,2022-01-18,24.2,29.1,18.7,52,77,0.0,0.0,17.4,74,18.0,4.61,962.7,13.1,469.0,17.68014,75.885765
MH-SLP,2022-01-19,24.2,30.2,17.4,43,71,0.0,0.0,16.6,29,18.99,5.28,961.0,9.4,469.0,17.68014,75.885765
MH-SLP,2022-01-20,25.0,31.7,18.1,36,57,0.0,0.0,14.1,322,19.04,4.88,958.8,8.2,469.0,17.68014,75.885765
MH-SLP,2022-01-21,25.3,32.7,18.3,36,57,0.0,0.0,16.8,330,19.28,5.8,958.5,7.9,469.0,17.68014,75.885765
MH-SLP,2022-01-22,25.1,32.3,19.0,42,62,0.0,0.0,21.4,272,19.2,5.55,956.9,10.2,469.0,17.68014,75.885765
MH-SLP,2022-01-23,23.3,29.1,18.7,55,85,0.0,0.0,22.7,277,15.88,5.02,957.2,12.8,469.0,17.68014,75.885765
MH-SLP,2022-01-24,20.8,25.1,16.5,47,66,0.0,0.0,15.6,332,19.58,4.51,957.9,8.6,469.0,17.68014,75.885765
MH-SLP,2022-01-25,21.8,27.9,15.3,43,69,0.0,0.0,13.5,43,19.87,4.84,957.9,8.0,469.0,17.68014,75.885765
MH-SLP,2022-01-26,22.9,28.5,16.7,42,57,0.0,0.0,21.5,58,19.62,5.03,958.7,8.8,469.0,17.68014,75.885765
MH-SLP,2022-01-27,23.6,29.0,19.0,41,54,0.0,0.0,23.3,63,19.53,6.02,959.9,9.1,469.0,17.68014,75.885765
MH-SLP,2022-01-28,22.9,28.8,17.1,40,60,0.0,0.0,20.0,72,19.99,5.97,961.2,7.6,469.0,17.68014,75.885765
MH-SLP,2022-01-29,22.7,29.2,15.9,36,58,0.0,0.0,17.5,74,20.4,5.28,962.0,5.8,469.0,17.68014,75.885765
MH-SLP,2022-01-30,23.2,30.0,15.5,34,59,0.0,0.0,12.9,65,20.5,4.58,960.6,5.2,469.0,17.68014,75.885765
MH-SLP,2022-01-31,24.5,31.8,15.5,32,59,0.0,0.0,11.2,333,20.67,5.29,959.0,5.2,469.0,17.68014,75.885765
MH-SLP,2022-02-01,25.1,32.1,16.7,31,54,0.0,0.0,15.8,6,20.66,5.31,958.5,5.4,469.0,17.68014,75.885765
MH-SLP,2022-02-02,25.7,32.5,17.6,31,54,0.0,0.0,14.1,87,20.69,5.24,958.7,6.1,469.0,17.68014,75.885765
MH-SLP,2022-02-03,26.6,33.6,19.8,32,55,0.0,0.0,26.8,275,20.52,7.45,957.4,7.3,469.0,17.68014,75.885765
MH-SLP,2022-02-04,23.0,29.1,17.0,42,79,0.0,0.0,15.9,313,20.98,5.5,957.9,7.9,469.0,17.68014,75.885765
MH-SLP,2022-02-05,24.0,30.8,16.8,32,52,0.0,0.0,16.4,83,21.02,5.23,958.3,5.2,469.0,17.68014,75.885765
MH-SLP,2022-02-06,25.2,31.7,18.5,33,50,0.0,0.0,19.8,102,20.92,6.1,960.5,7.3,469.0,17.68014,75.885765
MH-SLP,2022-02-07,26.4,32.5,20.3,37,52,0.0,0.0,13.7,141,20.52,5.64,960.6,10.2,469.0,17.68014,75.885765
MH-SLP,2022-02-08,27.1,32.7,20.9,41,65,0.0,0.0,18.0,171,20.67,5.8,959.2,11.9,469.0,17.68014,75.885765
MH-SLP,2022-02-09,26.5,31.3,20.8,42,67,0.0,0.0,17.2,343,20.82,5.58,959.3,11.9,469.0,17.68014,75.885765
MH-SLP,2022-02-10,26.5,31.1,21.7,39,51,0.0,0.0,20.0,62,17.96,5.79,959.8,11.1,469.0,17.68014,75.885765
MH-SLP,2022-02-11,26.1,31.3,20.2,42,72,0.0,0.0,21.6,74,20.67,6.46,960.2,11.2,469.0,17.68014,75.885765
MH-SLP,2022-02-12,25.9,31.3,20.2,36,52,0.0,0.0,18.2,88,21.19,6.31,959.9,9.1,469.0,17.68014,75.885765
MH-SLP,2022-02-13,25.7,31.3,19.2,33,52,0.0,0.0,18.4,115,21.5,6.06,958.4,7.5,469.0,17.68014,75.885765
MH-SLP,2022-02-14,26.3,31.7,19.7,29,42,0.0,0.0,15.9,109,21.64,6.2,957.7,6.4,469.0,17.68014,75.885765
MH-SLP,2022-02-15,27.5,32.2,21.5,31,51,0.0,0.0,18.2,147,19.59,6.06,957.6,8.6,469.0,17.68014,75.885765
MH-SLP,2022-02-16,27.4,33.4,21.2,28,41,0.0,0.0,31.0,315,21.09,7.44,955.9,6.3,469.0,17.68014,75.885765
MH-SLP,2022-02-17,27.1,31.9,21.0,29,46,0.0,0.0,18.9,291,17.95,5.22,955.3,6.9,469.0,17.68014,75.885765
MH-SLP,2022-02-18,28.1,33.7,22.6,32,54,0.0,0.0,19.1,125,19.89,6.83,956.9,8.9,469.0,17.68014,75.885765
MH-SLP,2022-02-19,28.0,33.2,22.0,31,56,0.0,0.0,20.6,147,21.83,6.61,959.0,8.3,469.0,17.68014,75.885765
MH-SLP,2022-02-20,28.4,33.5,22.2,30,49,0.0,0.0,20.8,328,21.84,6.91,958.2,8.5,469.0,17.68014,75.885765
MH-SLP,2022-02-21,27.6,34.0,20.3,26,42,0.0,0.0,17.5,337,22.41,6.76,957.7,5.4,469.0,17.68014,75.885765
MH-SLP,2022-02-22,27.9,34.8,19.8,25,41,0.0,0.0,15.3,79,22.38,5.73,958.9,5.5,469.0,17.68014,75.885765
MH-SLP,2022-02-23,28.7,35.1,22.1,32,50,0.0,0.0,17.4,124,22.14,6.9,960.9,9.7,469.0,17.68014,75.885765
MH-SLP,2022-02-24,28.8,34.0,22.8,34,55,0.0,0.0,17.1,143,21.77,6.19,962.1,10.5,469.0,17.68014,75.885765
MH-SLP,2022-02-25,28.4,33.9,21.8,23,34,0.0,0.0,12.0,142,22.47,5.83,961.4,4.5,469.0,17.68014,75.885765
MH-SLP,2022-02-26,28.4,34.3,21.6,24,37,0.0,0.0,15.0,144,22.52,6.63,961.0,4.7,469.0,17.68014,75.885765
MH-SLP,2022-02-27,28.0,33.6,21.2,28,49,0.0,0.0,21.1,141,22.55,6.43,961.5,6.7,469.0,17.68014,75.885765
MH-SLP,2022-02-28,28.1,33.7,21.7,28,48,0.0,0.0,16.2,140,22.55,6.26,960.9,7.1,469.0,17.68014,75.885765
MH-SLP,2022-03-01,28.5,34.0,21.4,20,31,0.0,0.0,15.9,126,21.97,6.94,960.8,3.4,469.0,17.68014,75.885765
MH-SLP,2022-03-02,29.2,35.3,22.9,22,36,0.0,0.0,27.4,117,22.17,7.88,960.4,4.3,469.0,17.68014,75.885765
MH-SLP,2022-03-03,29.0,35.1,22.2,21,34,0.0,0.0,16.7,117,21.46,7.18,960.4,3.9,469.0,17.68014,75.885765
MH-SLP,2022-03-04,29.0,34.3,21.9,24,41,0.0,0.0,15.1,112,22.1,6.75,960.6,5.9,469.0,17.68014,75.885765
MH-SLP,2022-03-05,29.0,34.2,23.3,27,39,0.0,0.0,19.6,98,21.55,6.14,959.8,7.4,469.0,17.68014,75.885765
MH-SLP,2022-03-06,29.2,34.1,23.8,29,40,0.0,0.0,16.6,100,19.09,6.91,959.1,9.0,469.0,17.68014,75.885765
MH-SLP,2022-03-07,29.1,34.7,23.6,30,52,0.0,0.0,20.3,112,21.57,7.75,959.4,9.0,469.0,17.68014,75.885765
MH-SLP,2022-03-08,29.1,34.4,23.5,28,46,0.0,0.0,16.7,109,19.6,6.77,959.2,7.7,469.0,17.68014,75.885765
MH-SLP,2022-03-09,29.5,34.6,24.0,30,40,0.0,0.0,22.2,76,21.41,6.79,959.0,9.6,469.0,17.68014,75.885765
MH-SLP,2022-03-10,29.2,34.3,23.9,34,49,0.0,0.0,17.9,57,20.46,6.35,958.9,10.9,469.0,17.68014,75.885765
MH-SLP,2022-03-11,29.0,34.3,24.0,35,47,0.3,0.3,23.5,30,21.2,6.16,958.8,11.3,469.0,17.68014,75.885765
MH-SLP,2022-03-12,28.4,32.6,23.7,39,55,0.0,0.0,25.7,68,15.61,5.35,958.9,12.5,469.0,17.68014,75.885765
MH-SLP,2022-03-13,30.2,35.8,24.1,33,49,0.0,0.0,14.4,72,20.97,6.23,958.7,11.0,469.0,17.68014,75.885765
MH-SLP,2022-03-14,30.6,36.2,23.8,23,38,0.0,0.0,14.7,45,23.91,7.1,959.1,5.7,469.0,17.68014,75.885765
MH-SLP,2022-03-15,30.2,38.1,20.8,18,33,0.0,0.0,22.7,46,24.21,7.98,957.4,2.5,469.0,17.68014,75.885765
MH-SLP,2022-03-16,31.7,39.2,22.7,18,35,0.0,0.0,21.7,49,24.11,8.48,956.1,3.5,469.0,17.68014,75.885765
MH-SLP,2022-03-17,32.2,40.0,23.8,17,33,0.0,0.0,23.2,38,24.28,8.09,955.4,2.7,469.0,17.68014,75.885765
MH-SLP,2022-03-18,32.8,41.0,23.9,16,32,0.0,0.0,30.6,51,23.16,8.77,954.5,2.8,469.0,17.68014,75.885765
MH-SLP,2022-03-19,32.6,39.3,25.8,19,55,0.0,0.0,38.6,4,20.26,7.81,953.8,4.2,469.0,17.68014,75.885765
MH-SLP,2022-03-20,31.9,37.9,25.6,34,69,0.0,0.0,25.9,284,20.08,6.94,954.5,11.3,469.0,17.68014,75.885765
MH-SLP,2022-03-21,32.9,37.9,26.7,22,41,0.0,0.0,30.9,357,17.31,7.95,955.2,7.1,469.0,17.68014,75.885765
MH-SLP,2022-03-22,32.6,37.0,27.3,22,34,0.0,0.0,22.7,62,14.97,6.94,956.0,8.0,469.0,17.68014,75.885765
MH-SLP,2022-03-23,32.6,37.9,25.5,27,52,0.0,0.0,17.7,88,17.47,6.42,955.6,9.7,469.0,17.68014,75.885765
MH-SLP,2022-03-24,33.1,37.9,28.7,24,34,0.0,0.0,19.1,126,18.4,7.31,955.3,9.4,469.0,17.68014,75.885765
MH-SLP,2022-03-25,32.7,36.6,27.8,35,67,0.0,0.0,23.0,24,16.4,6.34,956.6,13.8,469.0,17.68014,75.885765
MH-SLP,2022-03-26,33.5,38.4,27.3,31,66,0.0,0.0,16.5,21,19.94,6.67,958.2,12.7,469.0,17.68014,75.885765
MH-SLP,2022-03-27,34.0,39.2,26.4,29,67,0.0,0.0,20.2,327,21.94,7.22,958.5,11.2,469.0,17.68014,75.885765
MH-SLP,2022-03-28,34.6,40.1,27.4,23,51,0.0,0.0,14.5,75,22.94,7.57,957.9,8.9,469.0,17.68014,75.885765
MH-SLP,2022-03-29,33.8,40.2,26.1,18,30,0.0,0.0,13.8,8,24.99,8.08,956.7,5.2,469.0,17.68014,75.885765
MH-SLP,2022-03-30,33.7,41.1,25.9,16,26,0.0,0.0,22.3,5,25.23,8.52,956.3,3.0,469.0,17.68014,75.885765
MH-SLP,2022-03-31,33.7,40.6,26.0,13,21,0.0,0.0,22.3,335,25.6,9.43,956.7,0.1,469.0,17.68014,75.885765
MH-SLP,2022-04-01,33.2,39.8,25.1,14,23,0.0,0.0,20.3,343,25.65,7.56,956.7,1.1,469.0,17.68014,75.885765
MH-SLP,2022-04-02,34.0,39.5,25.7,20,32,0.0,0.0,25.6,46,22.88,8.57,957.4,7.6,469.0,17.68014,75.885765
MH-SLP,2022-04-03,34.1,39.5,27.5,27,49,0.0,0.0,14.2,117,23.15,7.08,957.2,11.6,469.0,17.68014,75.885765
MH-SLP,2022-04-04,34.6,40.0,28.9,25,38,0.0,0.0,16.1,127,22.28,7.51,957.6,11.0,469.0,17.68014,75.885765
MH-SLP,2022-04-05,34.9,39.7,30.8,24,34,0.1,0.1,16.6,136,23.08,8.39,959.3,10.9,469.0,17.68014,75.885765
MH-SLP,2022-04-06,34.0,39.3,27.6,30,60,0.0,0.0,14.9,177,23.5,7.06,959.6,12.7,469.0,17.68014,75.885765
MH-SLP,2022-04-07,34.5,39.4,28.3,30,60,0.0,0.0,17.1,354,23.5,7.07,958.5,12.5,469.0,17.68014,75.885765
MH-SLP,2022-04-08,34.6,39.1,29.2,25,37,0.0,0.0,19.3,142,22.69,7.98,957.5,11.1,469.0,17.68014,75.885765
MH-SLP,2022-04-09,34.5,39.1,28.7,25,39,0.0,0.0,18.1,127,22.26,7.25,956.8,11.2,469.0,17.68014,75.885765
MH-SLP,2022-04-10,32.9,38.5,28.3,41,64,3.1,3.1,39.7,260,21.64,6.93,956.5,16.8,469.0,17.68014,75.885765
MH-SLP,2022-04-11,33.4,38.3,28.0,38,63,0.0,0.0,20.5,202,23.01,7.41,955.8,16.0,469.0,17.68014,75.885765
MH-SLP,2022-04-12,34.7,39.7,29.4,28,48,0.0,0.0,15.8,160,21.84,6.6,955.0,12.7,469.0,17.68014,75.885765
MH-SLP,2022-04-13,34.4,39.2,29.1,25,35,0.0,0.0,13.7,147,22.55,6.82,954.8,11.0,469.0,17.68014,75.885765
MH-SLP,2022-04-14,34.2,39.2,29.4,27,36,0.1,0.1,29.8,147,21.33,6.77,954.8,12.0,469.0,17.68014,75.885765
MH-SLP,2022-04-15,32.8,39.0,28.4,42,68,0.1,0.1,35.8,272,18.62,7.5,955.1,16.5,469.0,17.68014,75.885765
MH-SLP,2022-04-16,33.6,40.1,26.9,34,69,0.0,0.0,28.2,281,24.82,8.33,954.2,12.4,469.0,17.68014,75.885765
MH-SLP,2022-04-17,33.2,39.6,26.0,28,45,0.0,0.0,27.7,234,24.79,8.8,954.9,11.3,469.0,17.68014,75.885765
MH-SLP,2022-04-18,33.6,39.4,26.8,32,56,0.0,0.0,22.9,244,23.0,7.93,956.8,12.7,469.0,17.68014,75.885765
MH-SLP,2022-04-19,34.1,40.1,27.8,31,56,0.0,0.0,26.4,231,22.78,8.14,958.0,13.0,469.0,17.68014,75.885765
MH-SLP,2022-04-20,35.3,41.2,28.9,26,50,0.0,0.0,15.1,252,22.67,7.91,956.1,10.3,469.0,17.68014,75.885765
MH-SLP,2022-04-21,35.8,40.8,30.1,21,31,0.0,0.0,27.8,339,22.92,8.31,954.9,9.7,469.0,17.68014,75.885765
MH-SLP,2022-04-22,33.6,40.3,29.2,33,47,0.0,0.0,32.0,121,22.3,7.77,956.7,14.3,469.0,17.68014,75.885765
MH-SLP,2022-04-23,32.0,38.3,27.6,41,66,0.7,0.7,26.4,106,20.21,5.99,957.7,16.5,469.0,17.68014,75.885765
MH-SLP,2022-04-24,29.6,35.0,25.0,50,72,3.2,3.2,16.2,19,13.58,4.39,957.4,17.5,469.0,17.68014,75.885765
MH-SLP,2022-04-25,32.5,39.3,25.4,39,65,0.0,0.0,29.5,334,23.62,7.5,955.6,15.3,469.0,17.68014,75.885765
MH-SLP,2022-04-26,34.4,40.1,27.2,29,57,0.0,0.0,18.8,249,21.27,7.14,955.8,12.0,469.0,17.68014,75.885765
MH-SLP,2022-04-27,35.5,41.0,27.9,26,51,0.0,0.0,21.5,136,23.59,7.92,955.2,11.5,469.0,17.68014,75.885765
MH-SLP,2022-04-28,35.6,41.2,29.7,24,36,0.0,0.0,25.4,141,23.77,8.22,956.0,11.6,469.0,17.68014,75.885765
MH-SLP,2022-04-29,35.8,42.1,27.6,28,65,0.0,0.0,21.2,310,24.27,8.76,956.4,11.0,469.0,17.68014,75.885765
MH-SLP,2022-04-30,36.2,41.7,30.4,19,34,0.0,0.0,28.8,310,24.3,9.97,954.7,8.0,469.0,17.68014,75.885765
MH-SLP,2022-05-01,34.6,41.6,27.3,25,48,0.0,0.0,28.9,283,25.11,9.78,953.7,9.9,469.0,17.68014,75.885765
MH-SLP,2022-05-02,34.2,41.1,27.1,30,56,0.0,0.0,29.3,289,24.53,9.99,953.9,11.5,469.0,17.68014,75.885765
MH-SLP,2022-05-03,34.3,40.2,27.5,33,60,0.0,0.0,31.2,306,24.0,8.47,954.5,13.6,469.0,17.68014,75.885765
MH-SLP,2022-05-04,35.4,40.9,29.7,29,50,0.0,0.0,26.7,339,24.78,9.0,955.6,13.7,469.0,17.68014,75.885765
MH-SLP,2022-05-05,35.0,40.1,28.2,26,48,0.0,0.0,17.0,295,23.27,7.6,955.3,10.8,469.0,17.68014,75.885765
MH-SLP,2022-05-06,35.7,41.5,28.4,20,43,0.0,0.0,33.9,332,23.39,9.82,954.3,7.7,469.0,17.68014,75.885765
MH-SLP,2022-05-07,36.0,41.2,29.3,20,36,0.0,0.0,33.0,341,20.6,9.74,954.0,8.9,469.0,17.68014,75.885765
MH-SLP,2022-05-08,36.1,40.9,30.9,22,45,0.0,0.0,27.5,28,18.64,8.91,952.4,10.3,469.0,17.68014,75.885765
MH-SLP,2022-05-09,36.7,43.5,30.0,20,45,0.0,0.0,29.6,5,22.92,9.89,950.6,8.0,469.0,17.68014,75.885765
MH-SLP,2022-05-10,35.9,42.9,28.9,30,60,0.0,0.0,30.3,339,20.26,10.71,949.9,12.1,469.0,17.68014,75.885765
MH-SLP,2022-05-11,34.5,40.9,29.2,35,62,0.0,0.0,30.7,339,16.66,9.09,950.3,14.9,469.0,17.68014,75.885765
MH-SLP,2022-05-12,32.3,40.1,27.4,48,69,0.0,0.0,31.2,288,19.73,8.17,951.8,18.5,469.0,17.68014,75.885765
MH-SLP,2022-05-13,32.5,38.9,27.1,45,69,0.0,0.0,23.8,298,17.62,7.24,952.0,17.6,469.0,17.68014,75.885765
MH-SLP,2022-05-14,33.6,40.0,27.6,37,64,0.0,0.0,22.2,289,24.09,8.69,952.4,15.2,469.0,17.68014,75.885765
MH-SLP,2022-05-15,34.2,40.6,27.5,36,57,0.0,0.0,41.0,320,22.21,8.45,953.1,15.8,469.0,17.68014,75.885765
MH-SLP,2022-05-16,33.9,41.1,27.9,42,69,9.4,9.4,24.2,321,16.34,7.22,952.7,17.8,469.0,17.68014,75.885765
MH-SLP,2022-05-17,32.9,40.2,28.0,46,70,0.0,0.0,28.3,207,23.04,7.85,952.0,18.5,469.0,17.68014,75.885765
MH-SLP,2022-05-18,31.1,35.9,28.2,52,67,0.5,0.5,17.2,248,11.46,4.3,952.7,19.8,469.0,17.68014,75.885765
MH-SLP,2022-05-19,28.6,33.8,25.7,68,83,8.2,8.2,14.1,169,12.06,3.37,953.3,21.7,469.0,17.68014,75.885765
MH-SLP,2022-05-20,26.5,28.8,24.4,79,88,6.1,6.1,18.8,273,11.02,3.01,953.9,22.5,469.0,17.68014,75.885765
MH-SLP,2022-05-21,26.7,32.5,23.3,70,86,0.3,0.3,30.9,260,11.4,4.01,953.3,20.6,469.0,17.68014,75.885765
MH-SLP,2022-05-22,27.9,35.0,22.6,66,90,0.0,0.0,25.5,267,24.33,6.72,952.1,20.4,469.0,17.68014,75.885765
MH-SLP,2022-05-23,29.0,36.3,23.2,63,91,0.1,0.1,27.3,265,24.22,6.96,951.9,20.2,469.0,17.68014,75.885765
MH-SLP,2022-05-24,29.8,36.2,23.7,57,89,0.0,0.0,24.8,266,25.12,7.14,954.2,19.2,469.0,17.68014,75.885765
MH-SLP,2022-05-25,31.4,37.5,25.2,46,77,0.0,0.0,21.9,278,25.05,8.0,956.0,16.6,469.0,17.68014,75.885765
MH-SLP,2022-05-26,31.9,38.2,25.7,42,71,0.0,0.0,29.0,270,25.94,8.58,955.6,15.8,469.0,17.68014,75.885765
MH-SLP,2022-05-27,31.7,38.1,25.4,43,74,0.0,0.0,25.9,277,25.84,8.24,955.1,15.6,469.0,17.68014,75.885765
MH-SLP,2022-05-28,31.6,38.5,24.9,42,72,0.0,0.0,29.9,293,26.24,8.91,954.3,15.4,469.0,17.68014,75.885765
MH-SLP,2022-05-29,32.5,38.7,26.2,37,65,0.0,0.0,23.5,293,25.58,8.83,954.2,14.3,469.0,17.68014,75.885765
MH-SLP,2022-05-30,32.5,38.8,25.7,40,68,0.0,0.0,27.4,294,25.49,8.3,953.9,15.5,469.0,17.68014,75.885765
MH-SLP,2022-05-31,31.5,38.2,26.3,46,71,1.1,1.1,30.8,299,17.37,6.93,953.2,17.3,469.0,17.68014,75.885765
MH-SLP,2022-06-01,29.5,36.1,25.1,59,79,5.2,5.2,26.3,291,18.78,6.05,953.8,20.1,469.0,17.68014,75.885765
MH-SLP,2022-06-02,31.1,38.9,24.9,54,83,3.4,3.4,24.3,287,24.34,7.51,953.6,19.4,469.0,17.68014,75.885765
MH-SLP,2022-06-03,31.4,38.1,25.4,52,82,0.0,0.0,23.7,295,25.26,7.52,953.0,19.1,469.0,17.68014,75.885765
MH-SLP,2022-06-04,33.1,39.5,27.2,42,69,0.0,0.0,22.5,302,25.72,8.14,953.0,17.1,469.0,17.68014,75.885765
MH-SLP,2022-06-05,33.3,40.2,28.1,43,67,0.0,0.0,32.8,287,24.25,8.25,952.9,18.0,469.0,17.68014,75.885765
MH-SLP,2022-06-06,31.6,37.3,27.3,51,75,0.0,0.0,24.3,267,21.92,7.22,953.7,19.4,469.0,17.68014,75.885765
MH-SLP,2022-06-07,32.0,39.6,26.9,48,73,0.9,0.9,39.0,281,22.81,7.91,953.6,18.4,469.0,17.68014,75.885765
MH-SLP,2022-06-08,31.5,39.2,26.6,51,74,4.6,4.6,23.4,285,24.7,7.46,954.0,18.8,469.0,17.68014,75.885765
MH-SLP,2022-06-09,28.9,33.1,25.7,69,86,0.8,0.8,20.2,260,16.61,4.51,953.2,22.5,469.0,17.68014,75.885765
MH-SLP,2022-06-10,28.6,34.3,24.6,65,83,0.1,0.1,28.9,223,21.45,6.09,953.7,20.9,469.0,17.68014,75.885765
MH-SLP,2022-06-11,27.9,34.1,24.3,67,83,8.7,8.7,22.2,244,18.78,5.29,954.4,20.9,469.0,17.68014,75.885765
MH-SLP,2022-06-12,28.4,33.7,24.4,64,86,3.4,3.4,28.2,243,19.29,5.54,954.3,20.5,469.0,17.68014,75.885765
MH-SLP,2022-06-13,29.3,35.8,23.7,60,92,16.8,16.8,22.1,244,21.3,6.31,955.4,19.9,469.0,17.68014,75.885765
MH-SLP,2022-06-14,29.1,34.7,24.2,62,86,8.5,8.5,19.1,270,21.73,5.84,955.3,20.4,469.0,17.68014,75.885765
MH-SLP,2022-06-15,30.6,36.4,25.3,50,74,1.8,1.8,20.7,261,22.76,7.16,954.4,18.0,469.0,17.68014,75.885765
MH-SLP,2022-06-16,30.8,36.7,26.5,52,73,0.5,0.5,25.2,276,22.73,6.8,954.2,19.1,469.0,17.68014,75.885765
MH-SLP,2022-06-17,29.2,34.4,24.7,64,85,13.1,13.1,18.6,235,23.41,5.6,953.8,21.1,469.0,17.68014,75.885765
MH-SLP,2022-06-18,28.5,33.1,25.0,67,82,11.7,11.7,21.6,260,21.54,5.34,954.2,21.4,469.0,17.68014,75.885765
MH-SLP,2022-06-19,26.9,31.6,24.0,76,88,7.4,7.4,16.5,259,19.62,4.56,954.4,22.1,469.0,17.68014,75.885765
MH-SLP,2022-06-20,27.0,32.8,24.0,75,90,18.9,18.9,28.0,259,20.11,4.82,953.2,21.9,469.0,17.68014,75.885765
MH-SLP,2022-06-21,25.8,29.8,23.7,80,89,3.2,3.2,20.1,243,14.57,3.61,951.8,21.9,469.0,17.68014,75.885765
MH-SLP,2022-06-22,26.0,30.3,22.8,80,92,1.0,1.0,19.9,227,18.32,4.05,952.9,22.1,469.0,17.68014,75.885765
MH-SLP,2022-06-23,26.8,31.4,23.4,76,92,0.5,0.5,26.6,218,22.92,5.26,953.6,21.9,469.0,17.68014,75.885765
MH-SLP,2022-06-24,26.6,30.5,23.7,76,90,5.8,5.8,26.7,230,19.85,4.7,952.9,21.8,469.0,17.68014,75.885765
MH-SLP,2022-06-25,25.4,27.9,23.8,81,89,13.2,13.2,20.5,229,10.53,2.75,951.0,21.8,469.0,17.68014,75.885765
MH-SLP,2022-06-26,25.3,28.0,23.4,82,89,9.5,9.5,20.8,237,9.23,2.6,951.3,21.9,469.0,17.68014,75.885765
MH-SLP,2022-06-27,25.5,28.9,23.3,80,90,11.5,11.5,28.5,236,14.35,3.54,953.0,21.7,469.0,17.68014,75.885765
MH-SLP,2022-06-28,25.7,30.6,22.9,81,92,2.0,2.0,21.0,264,18.48,4.13,953.4,22.0,469.0,17.68014,75.885765
MH-SLP,2022-06-29,26.0,31.2,22.9,80,92,10.0,10.0,25.3,257,19.18,4.34,952.2,22.0,469.0,17.68014,75.885765
MH-SLP,2022-06-30,26.1,30.9,23.1,81,93,8.0,8.0,22.4,271,18.94,4.25,951.8,22.3,469.0,17.68014,75.885765
MH-SLP,2022-07-01,25.6,30.6,23.4,82,92,16.6,16.6,24.8,267,16.1,3.63,952.5,22.2,469.0,17.68014,75.885765
MH-SLP,2022-07-02,26.5,31.1,22.9,76,90,0.6,0.6,27.1,263,17.36,4.43,951.3,21.7,469.0,17.68014,75.885765
MH-SLP,2022-07-03,26.6,31.0,23.2,76,90,1.8,1.8,23.1,254,19.24,4.74,951.3,21.7,469.0,17.68014,75.885765
MH-SLP,2022-07-04,25.7,30.2,23.4,80,89,8.5,8.5,22.8,255,15.18,3.76,951.2,21.8,469.0,17.68014,75.885765
MH-SLP,2022-07-05,24.6,27.3,23.4,86,91,26.1,26.1,21.3,253,5.83,1.82,949.8,22.1,469.0,17.68014,75.885765
MH-SLP,2022-07-06,24.9,28.0,22.6,83,91,7.3,7.3,24.3,250,11.99,3.02,951.6,21.7,469.0,17.68014,75.885765
MH-SLP,2022-07-07,24.9,29.0,22.9,84,92,7.1,7.1,24.3,267,10.34,2.65,953.6,21.9,469.0,17.68014,75.885765
MH-SLP,2022-07-08,24.2,26.0,23.1,86,91,14.0,14.0,22.1,271,5.21,1.75,952.9,21.8,469.0,17.68014,75.885765
MH-SLP,2022-07-09,23.8,25.2,22.6,88,92,24.9,24.9,24.3,271,5.16,1.64,951.0,21.6,469.0,17.68014,75.885765
MH-SLP,2022-07-10,23.8,25.9,22.3,86,91,14.6,14.6,26.5,275,8.23,2.2,951.8,21.2,469.0,17.68014,75.885765
MH-SLP,2022-07-11,23.5,25.0,22.0,86,92,8.5,8.5,25.2,270,5.85,1.82,953.2,21.1,469.0,17.68014,75.885765
MH-SLP,2022-07-12,23.5,25.5,22.1,86,91,12.5,12.5,28.4,268,6.42,1.93,952.7,21.1,469.0,17.68014,75.885765
MH-SLP,2022-07-13,23.1,25.2,21.9,88,91,30.1,30.1,30.4,261,4.56,1.63,949.9,20.9,469.0,17.68014,75.885765
MH-SLP,2022-07-14,23.8,26.0,22.1,85,91,5.2,5.2,31.6,250,5.7,2.03,948.3,21.0,469.0,17.68014,75.885765
MH-SLP,2022-07-15,25.2,28.7,23.0,79,87,4.5,4.5,36.6,244,16.33,4.05,949.8,21.2,469.0,17.68014,75.885765
MH-SLP,2022-07-16,25.6,30.5,22.9,80,90,21.2,21.2,29.7,241,18.91,4.38,951.2,21.7,469.0,17.68014,75.885765
MH-SLP,2022-07-17,25.7,30.4,23.2,81,90,8.8,8.8,23.5,263,18.84,4.26,952.5,22.1,469.0,17.68014,75.885765
MH-SLP,2022-07-18,24.3,26.0,23.2,87,93,13.2,13.2,25.7,260,7.39,1.95,953.2,22.1,469.0,17.68014,75.885765
MH-SLP,2022-07-19,25.6,29.3,22.3,80,92,1.9,1.9,22.8,257,18.07,4.12,954.0,21.7,469.0,17.68014,75.885765
MH-SLP,2022-07-20,25.9,30.3,22.1,80,94,1.4,1.4,21.8,277,22.85,4.84,954.6,22.0,469.0,17.68014,75.885765
MH-SLP,2022-07-21,26.1,30.4,22.5,77,93,0.3,0.3,20.2,292,19.29,4.53,954.7,21.4,469.0,17.68014,75.885765
MH-SLP,2022-07-22,25.6,29.4,22.8,80,91,3.6,3.6,24.8,294,17.91,4.13,955.0,21.7,469.0,17.68014,75.885765
MH-SLP,2022-07-23,24.4,27.4,22.6,85,94,6.7,6.7,18.6,271,8.4,2.2,953.8,21.7,469.0,17.68014,75.885765
MH-SLP,2022-07-24,24.0,26.3,22.6,87,92,8.5,8.5,23.0,246,6.49,1.8,953.6,21.6,469.0,17.68014,75.885765
MH-SLP,2022-07-25,25.4,29.9,22.1,80,94,4.3,4.3,23.3,255,21.17,4.53,954.8,21.5,469.0,17.68014,75.885765
MH-SLP,2022-07-26,24.4,26.2,22.8,86,95,8.5,8.5,12.6,278,7.28,1.83,956.4,21.8,469.0,17.68014,75.885765
MH-SLP,2022-07-27,25.3,28.6,22.2,84,98,9.2,9.2,12.0,309,17.25,3.61,955.9,22.3,469.0,17.68014,75.885765
MH-SLP,2022-07-28,25.8,29.9,22.3,82,96,14.1,14.1,12.9,10,22.66,4.75,956.7,22.3,469.0,17.68014,75.885765
MH-SLP,2022-07-29,26.1,30.8,22.9,82,96,10.6,10.6,12.9,327,23.48,4.86,956.3,22.6,469.0,17.68014,75.885765
MH-SLP,2022-07-30,25.3,29.4,22.8,87,98,20.1,20.1,17.3,324,20.23,4.08,955.3,22.8,469.0,17.68014,75.885765
MH-SLP,2022-07-31,25.8,29.6,22.9,84,97,0.9,0.9,13.1,306,17.65,3.75,953.6,22.8,469.0,17.68014,75.885765
MH-SLP,2022-08-01,26.5,30.2,23.3,81,92,0.6,0.6,16.1,312,22.01,4.63,953.5,22.9,469.0,17.68014,75.885765
MH-SLP,2022-08-02,26.4,29.7,23.2,80,91,1.4,1.4,18.6,316,18.14,4.02,952.7,22.5,469.0,17.68014,75.885765
MH-SLP,2022-08-03,25.5,28.9,23.4,85,94,13.0,13.0,16.0,307,15.77,3.31,952.0,22.6,469.0,17.68014,75.885765
MH-SLP,2022-08-04,25.7,30.2,22.7,85,98,19.4,19.4,15.5,313,20.1,4.19,951.4,22.7,469.0,17.68014,75.885765
MH-SLP,2022-08-05,25.0,28.4,23.3,85,94,21.2,21.2,17.1,232,13.55,2.93,950.5,22.3,469.0,17.68014,75.885765
MH-SLP,2022-08-06,25.2,28.8,23.3,83,92,18.1,18.1,29.6,242,13.85,3.27,949.8,22.0,469.0,17.68014,75.885765
MH-SLP,2022-08-07,25.0,28.3,23.0,83,90,32.5,32.5,24.8,252,13.91,3.29,949.2,21.9,469.0,17.68014,75.885765
MH-SLP,2022-08-08,24.0,25.7,22.8,87,92,19.1,19.1,29.1,247,5.94,1.77,948.5,21.7,469.0,17.68014,75.885765
MH-SLP,2022-08-09,24.1,25.9,23.0,85,90,9.3,9.3,31.1,239,6.46,2.16,948.3,21.3,469.0,17.68014,75.885765
MH-SLP,2022-08-10,25.0,28.5,22.7,78,87,0.2,0.2,39.5,240,14.89,4.06,947.9,20.7,469.0,17.68014,75.885765
MH-SLP,2022-08-11,25.5,29.1,23.2,77,85,0.3,0.3,39.2,236,17.35,4.51,949.7,21.0,469.0,17.68014,75.885765
MH-SLP,2022-08-12,25.9,30.2,23.2,75,87,1.2,1.2,39.3,242,20.93,5.18,952.1,21.0,469.0,17.68014,75.885765
MH-SLP,2022-08-13,25.5,30.3,22.7,78,89,6.9,6.9,30.8,248,17.91,4.27,953.2,21.3,469.0,17.68014,75.885765
MH-SLP,2022-08-14,24.8,29.7,22.6,81,89,6.0,6.0,27.6,257,13.93,3.49,954.4,21.1,469.0,17.68014,75.885765
MH-SLP,2022-08-15,24.3,27.8,22.5,83,89,6.3,6.3,25.6,254,10.72,2.78,954.6,21.2,469.0,17.68014,75.885765
MH-SLP,2022-08-16,24.9,28.6,22.1,80,91,0.5,0.5,30.7,227,19.56,4.35,955.0,21.0,469.0,17.68014,75.885765
MH-SLP,2022-08-17,25.2,29.9,21.6,79,92,2.2,2.2,23.5,237,20.78,4.56,955.9,21.2,469.0,17.68014,75.885765
MH-SLP,2022-08-18,25.6,30.8,22.0,78,93,1.1,1.1,21.5,264,19.99,4.57,955.5,21.2,469.0,17.68014,75.885765
MH-SLP,2022-08-19,25.5,30.1,21.9,78,92,0.8,0.8,21.7,275,17.85,4.2,955.5,21.1,469.0,17.68014,75.885765
MH-SLP,2022-08-20,25.5,30.7,22.0,79,93,1.9,1.9,24.1,277,20.56,4.62,955.0,21.4,469.0,17.68014,75.885765
MH-SLP,2022-08-21,25.5,30.4,22.0,78,94,1.1,1.1,27.0,280,19.58,4.56,953.7,21.2,469.0,17.68014,75.885765
MH-SLP,2022-08-22,25.5,30.7,22.1,77,90,1.9,1.9,29.1,269,18.46,4.42,952.8,21.0,469.0,17.68014,75.885765
MH-SLP,2022-08-23,25.7,29.8,22.3,77,90,1.0,1.0,23.3,252,19.02,4.53,953.6,21.2,469.0,17.68014,75.885765
MH-SLP,2022-08-24,25.4,30.3,22.0,79,93,9.3,9.3,19.1,263,20.31,4.41,956.0,21.3,469.0,17.68014,75.885765
MH-SLP,2022-08-25,25.6,30.1,22.1,79,94,0.8,0.8,17.6,292,22.2,4.74,955.5,21.5,469.0,17.68014,75.885765
MH-SLP,2022-08-26,26.1,30.3,22.6,77,93,0.8,0.8,14.8,314,22.63,4.87,954.9,21.7,469.0,17.68014,75.885765
MH-SLP,2022-08-27,26.4,30.1,23.0,77,91,1.1,1.1,16.1,305,22.11,4.75,955.0,21.8,469.0,17.68014,75.885765
MH-SLP,2022-08-28,26.5,31.2,22.7,72,90,0.6,0.6,16.3,324,22.99,5.22,954.7,20.8,469.0,17.68014,75.885765
MH-SLP,2022-08-29,26.9,31.2,23.3,76,90,0.1,0.1,13.5,344,22.43,4.9,955.8,21.9,469.0,17.68014,75.885765
MH-SLP,2022-08-30,26.2,30.2,23.9,81,93,10.0,10.0,9.5,91,18.21,3.88,956.3,22.5,469.0,17.68014,75.885765
MH-SLP,2022-08-31,26.3,31.0,23.3,79,95,14.6,14.6,17.6,151,23.27,4.93,955.6,22.2,469.0,17.68014,75.885765
MH-SLP,2022-09-01,25.9,29.9,22.5,82,98,5.9,5.9,12.8,138,20.11,4.22,955.3,22.4,469.0,17.68014,75.885765
MH-SLP,2022-09-02,26.4,30.9,22.5,78,96,1.5,1.5,16.4,119,20.13,4.43,956.0,21.9,469.0,17.68014,75.885765
MH-SLP,2022-09-03,27.2,31.5,23.2,77,94,1.2,1.2,13.9,186,21.94,4.74,955.8,22.6,469.0,17.68014,75.885765
MH-SLP,2022-09-04,25.9,29.6,23.8,84,94,4.3,4.3,15.7,314,15.5,3.41,955.7,23.0,469.0,17.68014,75.885765
MH-SLP,2022-09-05,25.5,28.4,23.3,85,95,2.7,2.7,17.4,324,15.31,3.26,955.6,22.6,469.0,17.68014,75.885765
MH-SLP,2022-09-06,25.3,30.0,23.0,84,94,22.7,22.7,26.7,355,20.16,4.18,955.1,22.2,469.0,17.68014,75.885765
MH-SLP,2022-09-07,25.5,29.4,22.6,84,97,20.0,20.0,20.1,4,15.02,3.22,954.8,22.5,469.0,17.68014,75.885765
MH-SLP,2022-09-08,25.1,28.8,23.2,86,94,23.0,23.0,15.5,58,14.49,3.12,954.0,22.4,469.0,17.68014,75.885765
MH-SLP,2022-09-09,25.4,29.6,22.6,86,97,10.9,10.9,19.1,131,18.06,3.77,953.4,22.8,469.0,17.68014,75.885765
MH-SLP,2022-09-10,24.8,27.1,23.5,88,95,13.7,13.7,11.0,240,9.17,2.06,953.1,22.6,469.0,17.68014,75.885765
MH-SLP,2022-09-11,24.8,28.4,22.6,85,94,6.1,6.1,24.7,237,11.47,2.76,951.5,21.9,469.0,17.68014,75.885765
MH-SLP,2022-09-12,24.7,28.1,23.2,86,94,15.2,15.2,22.9,227,10.56,2.52,950.2,22.3,469.0,17.68014,75.885765
MH-SLP,2022-09-13,25.5,29.6,23.2,81,90,4.6,4.6,32.1,233,19.18,4.28,952.8,21.9,469.0,17.68014,75.885765
MH-SLP,2022-09-14,25.8,30.3,22.5,78,90,0.2,0.2,29.6,232,20.82,4.9,955.5,21.3,469.0,17.68014,75.885765
MH-SLP,2022-09-15,25.7,30.3,22.3,78,90,1.0,1.0,31.6,235,21.44,4.97,956.6,21.2,469.0,17.68014,75.885765
MH-SLP,2022-09-16,25.4,29.2,22.6,78,89,0.6,0.6,29.3,248,16.7,4.14,955.0,21.2,469.0,17.68014,75.885765
MH-SLP,2022-09-17,25.7,30.2,22.0,78,95,0.5,0.5,22.1,247,22.37,4.97,955.4,21.2,469.0,17.68014,75.885765
MH-SLP,2022-09-18,25.5,30.3,21.7,76,93,0.9,0.9,17.1,268,21.95,4.84,956.5,20.6,469.0,17.68014,75.885765
MH-SLP,2022-09-19,24.2,28.9,21.0,81,93,2.9,2.9,21.7,286,17.72,3.88,956.4,20.5,469.0,17.68014,75.885765
MH-SLP,2022-09-20,23.7,27.8,21.6,83,91,13.7,13.7,23.7,295,15.16,3.33,955.9,20.6,469.0,17.68014,75.885765
MH-SLP,2022-09-21,24.5,28.9,21.6,81,93,1.5,1.5,19.9,292,18.56,4.08,955.9,20.8,469.0,17.68014,75.885765
MH-SLP,2022-09-22,24.0,27.9,21.1,81,92,8.5,8.5,22.1,292,17.05,3.66,956.4,20.4,469.0,17.68014,75.885765
MH-SLP,2022-09-23,24.2,28.4,20.8,78,93,1.2,1.2,17.2,280,17.96,3.98,956.9,19.9,469.0,17.68014,75.885765
MH-SLP,2022-09-24,24.0,28.5,20.6,82,95,2.3,2.3,17.6,269,19.62,4.04,956.7,20.4,469.0,17.68014,75.885765
MH-SLP,2022-09-25,24.7,28.7,21.3,82,94,2.5,2.5,12.2,290,19.8,4.05,956.0,21.3,469.0,17.68014,75.885765
MH-SLP,2022-09-26,24.3,28.7,21.7,85,94,8.2,8.2,17.9,314,15.46,3.23,957.2,21.5,469.0,17.68014,75.885765
MH-SLP,2022-09-27,24.9,29.7,22.0,84,96,17.0,17.0,14.2,329,19.17,3.96,956.0,21.8,469.0,17.68014,75.885765
MH-SLP,2022-09-28,25.1,29.3,22.5,84,94,7.8,7.8,16.9,317,17.78,3.69,955.1,22.0,469.0,17.68014,75.885765
MH-SLP,2022-09-29,24.4,30.0,22.4,86,97,6.2,6.2,21.2,324,15.65,3.25,955.0,21.9,469.0,17.68014,75.885765
MH-SLP,2022-09-30,25.4,30.5,22.1,82,96,5.0,5.0,21.6,311,20.65,4.36,955.4,21.8,469.0,17.68014,75.885765
MH-SLP,2022-10-01,25.0,30.1,21.9,82,93,1.9,1.9,17.7,313,19.86,4.21,955.8,21.5,469.0,17.68014,75.885765
MH-SLP,2022-10-02,25.6,30.7,21.9,77,94,0.3,0.3,23.0,328,21.42,4.75,956.0,20.9,469.0,17.68014,75.885765
MH-SLP,2022-10-03,25.5,30.2,21.4,78,94,0.3,0.3,18.7,336,21.64,4.75,956.1,21.0,469.0,17.68014,75.885765
MH-SLP,2022-10-04,25.7,30.4,21.7,74,90,0.0,0.0,19.8,340,20.41,4.79,956.0,20.4,469.0,17.68014,75.885765
MH-SLP,2022-10-05,26.2,30.9,22.1,71,87,0.2,0.2,19.1,335,20.43,4.95,955.0,20.2,469.0,17.68014,75.885765
MH-SLP,2022-10-06,24.2,27.2,22.3,84,94,18.3,18.3,15.5,319,9.54,2.3,954.0,21.2,469.0,17.68014,75.885765
MH-SLP,2022-10-07,23.7,26.2,22.3,88,96,17.5,17.5,14.1,234,10.3,2.23,954.1,21.5,469.0,17.68014,75.885765
MH-SLP,2022-10-08,25.3,29.5,21.5,77,93,0.3,0.3,13.7,230,19.88,4.25,956.4,20.7,469.0,17.68014,75.885765
MH-SLP,2022-10-09,25.5,29.9,21.9,81,95,6.4,6.4,13.0,340,20.22,4.17,957.3,21.7,469.0,17.68014,75.885765
MH-SLP,2022-10-10,24.5,28.0,21.8,85,97,19.8,19.8,11.5,78,14.79,3.05,958.2,21.7,469.0,17.68014,75.885765
MH-SLP,2022-10-11,24.6,27.9,22.1,85,98,8.1,8.1,13.5,138,13.08,2.78,957.5,21.8,469.0,17.68014,75.885765
MH-SLP,2022-10-12,24.0,27.9,21.6,87,96,10.5,10.5,11.8,139,13.27,2.74,957.9,21.6,469.0,17.68014,75.885765
MH-SLP,2022-10-13,24.5,28.1,22.0,85,96,12.5,12.5,12.8,83,14.26,2.96,958.1,21.8,469.0,17.68014,75.885765
MH-SLP,2022-10-14,24.3,28.3,22.0,86,97,15.4,15.4,16.4,97,14.86,3.06,958.0,21.6,469.0,17.68014,75.885765
MH-SLP,2022-10-15,24.7,29.3,21.3,85,98,3.2,3.2,22.4,47,16.93,3.48,956.9,21.8,469.0,17.68014,75.885765
MH-SLP,2022-10-16,23.8,27.0,21.7,87,97,18.0,18.0,20.3,81,11.08,2.33,958.4,21.4,469.0,17.68014,75.885765
MH-SLP,2022-10-17,25.2,29.2,22.1,84,96,8.5,8.5,15.3,136,17.15,3.55,959.8,22.2,469.0,17.68014,75.885765
MH-SLP,2022-10-18,24.6,28.6,21.3,86,98,3.3,3.3,12.7,28,17.5,3.56,959.5,22.0,469.0,17.68014,75.885765
MH-SLP,2022-10-19,25.1,28.9,21.6,84,97,5.4,5.4,11.0,66,18.8,3.83,958.8,22.0,469.0,17.68014,75.885765
MH-SLP,2022-10-20,24.8,28.5,21.4,84,96,11.9,11.9,16.1,61,15.67,3.25,959.6,21.8,469.0,17.68014,75.885765
MH-SLP,2022-10-21,24.7,28.6,21.4,83,96,4.8,4.8,13.9,82,17.06,3.56,961.1,21.4,469.0,17.68014,75.885765
MH-SLP,2022-10-22,24.5,29.2,20.3,70,92,0.0,0.0,19.0,59,21.31,4.85,962.1,18.2,469.0,17.68014,75.885765
MH-SLP,2022-10-23,22.4,28.4,17.3,66,87,0.0,0.0,18.7,32,21.99,5.05,961.0,15.2,469.0,17.68014,75.885765
MH-SLP,2022-10-24,21.7,28.4,15.7,70,91,0.0,0.0,15.3,353,21.77,4.71,958.7,15.3,469.0,17.68014,75.885765
MH-SLP,2022-10-25,22.1,28.8,15.9,69,87,0.0,0.0,12.0,338,21.65,4.6,958.8,15.7,469.0,17.68014,75.885765
MH-SLP,2022-10-26,22.6,28.9,17.2,67,87,0.0,0.0,12.7,64,21.72,4.76,960.5,15.7,469.0,17.68014,75.885765
MH-SLP,2022-10-27,22.6,28.5,17.0,64,86,0.0,0.0,12.1,78,21.68,4.76,960.7,14.9,469.0,17.68014,75.885765
MH-SLP,2022-10-28,22.6,28.6,16.9,60,84,0.0,0.0,20.9,43,21.73,5.07,959.9,13.4,469.0,17.68014,75.885765
MH-SLP,2022-10-29,22.9,29.6,17.8,53,73,0.0,0.0,17.7,52,21.68,5.69,959.9,11.8,469.0,17.68014,75.885765
MH-SLP,2022-10-30,22.8,29.7,16.5,54,72,0.0,0.0,18.9,61,21.5,5.5,960.2,12.1,469.0,17.68014,75.885765
MH-SLP,2022-10-31,23.3,29.3,17.3,56,80,0.0,0.0,16.8,58,21.18,5.44,959.9,13.3,469.0,17.68014,75.885765
MH-SLP,2022-11-01,24.1,30.1,17.2,55,75,0.0,0.0,15.0,76,20.77,5.07,960.5,13.8,469.0,17.68014,75.885765
MH-SLP,2022-11-02,25.7,31.6,20.1,62,81,0.1,0.1,17.7,78,18.56,4.84,960.1,17.2,469.0,17.68014,75.885765
MH-SLP,2022-11-03,26.2,31.9,20.2,53,87,0.0,0.0,19.5,51,20.76,5.94,959.9,14.6,469.0,17.68014,75.885765
MH-SLP,2022-11-04,26.9,33.0,20.9,43,60,0.0,0.0,18.7,65,20.31,6.56,960.8,12.6,469.0,17.68014,75.885765
MH-SLP,2022-11-05,26.8,32.6,21.0,45,65,0.0,0.0,15.3,89,19.52,5.88,962.1,13.5,469.0,17.68014,75.885765
MH-SLP,2022-11-06,26.4,32.2,19.9,38,55,0.0,0.0,19.9,83,20.52,6.56,962.4,10.6,469.0,17.68014,75.885765
MH-SLP,2022-11-07,26.2,32.8,19.4,41,61,0.0,0.0,17.6,81,20.69,6.18,961.7,10.8,469.0,17.68014,75.885765
MH-SLP,2022-11-08,26.6,32.2,20.1,42,70,0.0,0.0,13.8,82,19.82,5.49,961.4,11.7,469.0,17.68014,75.885765
MH-SLP,2022-11-09,26.4,32.1,20.8,35,54,0.0,0.0,20.7,62,20.52,6.94,961.2,8.5,469.0,17.68014,75.885765
MH-SLP,2022-11-10,25.1,30.9,19.0,40,59,0.0,0.0,20.7,65,20.61,6.67,961.4,9.7,469.0,17.68014,75.885765
MH-SLP,2022-11-11,25.5,31.8,18.9,44,68,0.0,0.0,27.4,60,20.43,6.89,961.4,11.4,469.0,17.68014,75.885765
MH-SLP,2022-11-12,25.8,31.7,20.4,45,66,0.0,0.0,24.8,60,20.1,6.53,961.5,12.1,469.0,17.68014,75.885765
MH-SLP,2022-11-13,26.0,31.7,20.2,48,61,0.0,0.0,21.8,84,19.56,6.0,960.7,13.7,469.0,17.68014,75.885765
MH-SLP,2022-11-14,26.3,31.9,20.8,52,71,0.0,0.0,14.8,99,18.96,5.14,961.2,15.1,469.0,17.68014,75.885765
MH-SLP,2022-11-15,26.0,31.4,20.2,48,68,0.0,0.0,12.8,78,19.74,5.06,961.3,13.7,469.0,17.68014,75.885765
MH-SLP,2022-11-16,25.6,31.8,19.3,43,70,0.0,0.0,20.6,43,20.07,5.93,960.3,10.7,469.0,17.68014,75.885765
MH-SLP,2022-11-17,25.0,31.2,18.5,41,66,0.0,0.0,20.0,46,20.03,6.13,960.0,9.7,469.0,17.68014,75.885765
MH-SLP,2022-11-18,24.6,29.9,19.0,41,59,0.0,0.0,18.7,59,19.88,6.3,960.3,9.6,469.0,17.68014,75.885765
MH-SLP,2022-11-19,23.7,29.1,18.2,41,61,0.0,0.0,21.3,56,19.81,6.2,960.4,8.9,469.0,17.68014,75.885765
MH-SLP,2022-11-20,22.4,28.1,16.5,38,60,0.0,0.0,18.4,61,20.2,5.78,959.2,6.4,469.0,17.68014,75.885765
MH-SLP,2022-11-21,23.4,29.5,15.8,43,66,0.0,0.0,17.3,56,18.38,4.92,958.7,9.3,469.0,17.68014,75.885765
MH-SLP,2022-11-22,26.0,31.1,20.5,46,63,0.0,0.0,16.6,62,15.84,5.21,959.0,13.0,469.0,17.68014,75.885765
MH-SLP,2022-11-23,27.2,32.8,21.8,46,60,0.0,0.0,16.2,73,16.06,5.31,959.4,14.1,469.0,17.68014,75.885765
MH-SLP,2022-11-24,27.5,32.4,22.7,50,67,0.0,0.0,16.9,84,14.94,4.74,959.4,15.9,469.0,17.68014,75.885765
MH-SLP,2022-11-25,27.1,31.6,22.7,57,68,0.4,0.4,17.1,107,16.48,4.38,960.2,17.6,469.0,17.68014,75.885765
MH-SLP,2022-11-26,26.9,31.2,23.1,49,60,0.0,0.0,14.0,99,15.62,4.45,959.3,15.0,469.0,17.68014,75.885765
MH-SLP,2022-11-27,26.8,32.2,21.0,50,71,0.0,0.0,12.8,103,16.86,4.4,957.2,14.9,469.0,17.68014,75.885765
MH-SLP,2022-11-28,27.2,31.6,22.1,48,63,0.0,0.0,21.8,102,15.93,4.57,957.7,14.9,469.0,17.68014,75.885765
MH-SLP,2022-11-29,26.5,31.0,21.1,44,62,0.0,0.0,15.2,101,18.53,5.07,959.1,12.8,469.0,17.68014,75.885765
MH-SLP,2022-11-30,24.9,31.2,18.8,38,55,0.0,0.0,17.1,79,18.79,5.74,960.1,8.5,469.0,17.68014,75.885765
MH-SLP,2022-12-01,24.6,30.5,17.7,45,61,0.0,0.0,13.6,111,18.76,5.15,959.9,11.4,469.0,17.68014,75.885765
MH-SLP,2022-12-02,25.7,31.4,19.7,57,78,0.0,0.0,13.5,120,15.75,4.12,959.1,15.9,469.0,17.68014,75.885765
MH-SLP,2022-12-03,26.6,31.8,21.5,59,79,0.4,0.4,16.4,96,16.88,4.53,959.4,17.5,469.0,17.68014,75.885765
MH-SLP,2022-12-04,27.3,31.3,22.6,57,79,0.1,0.1,15.0,86,16.5,4.61,960.3,17.5,469.0,17.68014,75.885765
MH-SLP,2022-12-05,26.9,31.9,22.2,52,71,0.0,0.0,20.7,89,16.55,5.18,961.0,15.5,469.0,17.68014,75.885765
MH-SLP,2022-12-06,25.9,32.2,19.4,42,65,0.0,0.0,18.8,79,18.27,5.85,960.7,11.2,469.0,17.68014,75.885765
MH-SLP,2022-12-07,25.9,32.2,19.6,47,69,0.0,0.0,21.1,52,18.16,5.92,959.7,12.7,469.0,17.68014,75.885765
MH-SLP,2022-12-08,24.0,29.7,19.1,47,74,0.0,0.0,21.3,43,16.67,5.52,959.4,11.2,469.0,17.68014,75.885765
MH-SLP,2022-12-09,22.9,30.7,13.8,38,70,0.0,0.0,17.1,55,18.69,5.84,957.8,6.1,469.0,17.68014,75.885765
MH-SLP,2022-12-10,25.1,31.1,19.5,42,59,0.0,0.0,21.5,64,15.51,5.69,957.4,10.9,469.0,17.68014,75.885765
MH-SLP,2022-12-11,24.9,30.1,22.2,66,91,8.0,8.0,22.7,79,13.86,3.78,958.0,18.0,469.0,17.68014,75.885765
MH-SLP,2022-12-12,24.2,28.9,21.1,78,94,14.6,14.6,20.1,98,14.52,3.38,958.3,19.9,469.0,17.68014,75.885765
MH-SLP,2022-12-13,24.1,28.4,21.2,77,92,1.1,1.1,22.7,115,12.24,3.11,959.2,19.7,469.0,17.68014,75.885765
MH-SLP,2022-12-14,24.3,29.0,21.2,75,91,0.0,0.0,18.4,128,15.15,3.56,960.2,19.3,469.0,17.68014,75.885765
MH-SLP,2022-12-15,24.6,29.8,20.7,72,88,0.0,0.0,12.4,112,16.77,3.68,959.6,18.9,469.0,17.68014,75.885765
MH-SLP,2022-12-16,24.1,29.4,19.5,69,87,0.0,0.0,13.4,58,17.43,3.87,959.2,17.6,469.0,17.68014,75.885765
MH-SLP,2022-12-17,25.2,30.1,20.6,68,89,0.0,0.0,16.9,47,16.29,4.07,959.9,18.4,469.0,17.68014,75.885765
MH-SLP,2022-12-18,24.7,30.1,20.8,60,80,0.0,0.0,17.6,51,17.39,4.85,959.6,16.1,469.0,17.68014,75.885765
MH-SLP,2022-12-19,23.1,30.0,17.5,53,70,0.0,0.0,13.9,70,17.89,4.51,958.7,12.2,469.0,17.68014,75.885765
MH-SLP,2022-12-20,23.6,31.0,16.8,50,74,0.0,0.0,11.5,101,17.85,4.13,958.4,11.7,469.0,17.68014,75.885765
MH-SLP,2022-12-21,23.7,30.5,16.9,50,71,0.0,0.0,12.7,90,17.47,4.42,958.9,11.9,469.0,17.68014,75.885765
MH-SLP,2022-12-22,24.4,31.5,17.4,48,70,0.0,0.0,15.0,94,17.87,4.41,958.6,11.9,469.0,17.68014,75.885765
MH-SLP,2022-12-23,24.7,31.3,18.3,43,61,0.0,0.0,13.7,100,17.84,4.73,958.7,10.6,469.0,17.68014,75.885765
MH-SLP,2022-12-24,24.5,30.7,17.8,42,70,0.0,0.0,15.7,136,17.91,4.7,959.2,10.1,469.0,17.68014,75.885765
MH-SLP,2022-12-25,24.1,30.9,17.5,44,69,0.0,0.0,16.0,145,18.0,4.96,959.8,10.4,469.0,17.68014,75.885765
MH-SLP,2022-12-26,25.2,30.8,19.3,60,83,0.0,0.0,21.0,135,13.47,4.04,961.2,16.6,469.0,17.68014,75.885765
MH-SLP,2022-12-27,26.8,32.0,21.4,59,90,0.0,0.0,17.6,141,16.93,4.21,962.1,17.4,469.0,17.68014,75.885765
MH-SLP,2022-12-28,26.8,31.7,21.8,51,73,0.0,0.0,10.7,82,16.29,4.18,963.0,15.3,469.0,17.68014,75.885765
MH-SLP,2022-12-29,26.9,32.0,21.3,46,74,0.0,0.0,12.9,80,17.49,4.59,963.9,13.3,469.0,17.68014,75.885765
MH-SLP,2022-12-30,26.9,32.0,21.4,43,65,0.0,0.0,13.0,67,17.6,4.83,964.7,12.5,469.0,17.68014,75.885765
MH-SLP,2022-12-31,26.0,31.6,20.7,45,62,0.0,0.0,11.7,250,17.65,4.58,963.7,12.7,469.0,17.68014,75.885765
MH-SLP,2023-01-01,25.9,31.4,19.7,45,67,0.0,0.0,12.1,299,17.81,4.34,963.1,12.3,469.0,17.68014,75.885765
MH-SLP,2023-01-02,26.0,31.2,20.1,49,68,0.0,0.0,14.5,87,17.77,4.52,963.0,13.8,469.0,17.68014,75.885765
MH-SLP,2023-01-03,26.0,31.0,21.0,46,67,0.0,0.0,19.9,132,17.09,5.09,963.1,12.8,469.0,17.68014,75.885765
MH-SLP,2023-01-04,25.5,30.7,20.2,48,71,0.0,0.0,17.6,139,16.94,5.1,962.1,13.1,469.0,17.68014,75.885765
MH-SLP,2023-01-05,25.1,30.0,20.7,52,70,0.0,0.0,20.2,116,15.36,4.95,963.2,14.1,469.0,17.68014,75.885765
MH-SLP,2023-01-06,24.5,29.2,20.0,59,80,0.2,0.2,17.3,101,15.07,4.43,964.8,15.5,469.0,17.68014,75.885765
MH-SLP,2023-01-07,24.6,29.3,20.2,56,81,0.0,0.0,19.1,65,15.24,4.72,964.4,14.4,469.0,17.68014,75.885765
MH-SLP,2023-01-08,23.6,29.7,17.4,44,71,0.0,0.0,18.6,53,18.46,5.33,963.1,9.4,469.0,17.68014,75.885765
MH-SLP,2023-01-09,22.7,29.8,14.6,33,61,0.0,0.0,14.8,81,19.1,5.16,963.9,3.5,469.0,17.68014,75.885765
MH-SLP,2023-01-10,23.3,31.0,15.6,33,55,0.0,0.0,14.7,83,19.0,5.35,963.3,5.0,469.0,17.68014,75.885765
MH-SLP,2023-01-11,23.3,30.3,16.1,37,56,0.0,0.0,11.6,149,18.9,4.67,961.3,6.9,469.0,17.68014,75.885765
MH-SLP,2023-01-12,23.6,30.8,15.9,38,63,0.0,0.0,10.7,252,19.0,4.67,959.9,7.2,469.0,17.68014,75.885765
MH-SLP,2023-01-13,23.8,30.4,17.2,36,53,0.0,0.0,12.7,340,18.97,4.74,960.2,7.1,469.0,17.68014,75.885765
MH-SLP,2023-01-14,23.9,30.8,16.7,43,71,0.0,0.0,13.0,149,18.97,4.52,960.0,9.6,469.0,17.68014,75.885765
MH-SLP,2023-01-15,24.6,31.4,17.6,46,74,0.0,0.0,16.8,126,18.97,5.1,959.2,11.0,469.0,17.68014,75.885765
MH-SLP,2023-01-16,25.4,31.9,18.8,42,69,0.0,0.0,15.0,150,19.12,5.29,959.5,10.2,469.0,17.68014,75.885765
MH-SLP,2023-01-17,24.9,31.6,18.0,38,59,0.0,0.0,17.1,143,19.18,5.69,960.2,8.7,469.0,17.68014,75.885765
MH-SLP,2023-01-18,24.7,31.1,17.9,37,56,0.0,0.0,15.9,143,19.27,5.18,961.7,8.4,469.0,17.68014,75.885765
MH-SLP,2023-01-19,25.0,31.1,18.7,41,66,0.0,0.0,18.1,137,19.14,5.82,961.8,9.9,469.0,17.68014,75.885765
MH-SLP,2023-01-20,25.0,30.8,19.0,42,68,0.0,0.0,21.1,143,19.16,6.06,961.5,10.3,469.0,17.68014,75.885765
MH-SLP,2023-01-21,25.1,30.6,19.1,43,66,0.0,0.0,17.6,147,19.18,5.43,961.1,10.9,469.0,17.68014,75.885765
MH-SLP,2023-01-22,24.9,30.7,19.1,43,66,0.0,0.0,19.5,147,19.14,5.67,960.1,10.9,469.0,17.68014,75.885765
MH-SLP,2023-01-23,25.0,30.8,19.1,44,71,0.0,0.0,19.6,134,19.16,5.87,959.4,11.3,469.0,17.68014,75.885765
MH-SLP,2023-01-24,25.7,31.5,20.4,53,79,0.2,0.2,20.1,136,17.7,5.67,959.4,15.0,469.0,17.68014,75.885765
MH-SLP,2023-01-25,26.3,31.6,21.6,48,66,0.0,0.0,20.4,135,18.06,5.72,959.3,14.1,469.0,17.68014,75.885765
MH-SLP,2023-01-26,26.1,31.4,20.9,43,68,0.0,0.0,17.4,126,18.9,5.61,960.2,12.0,469.0,17.68014,75.885765
MH-SLP,2023-01-27,25.7,32.4,20.0,34,59,0.0,0.0,17.1,122,19.74,6.51,960.4,7.1,469.0,17.68014,75.885765
MH-SLP,2023-01-28,25.6,32.3,18.8,34,60,0.0,0.0,18.4,127,20.13,6.46,959.5,6.6,469.0,17.68014,75.885765
MH-SLP,2023-01-29,25.8,32.3,19.6,33,52,0.0,0.0,24.8,139,19.98,7.16,958.1,7.6,469.0,17.68014,75.885765
MH-SLP,2023-01-30,25.8,30.8,19.8,46,69,0.0,0.0,20.5,129,19.83,5.48,960.1,12.6,469.0,17.68014,75.885765
MH-SLP,2023-01-31,26.4,32.4,20.6,52,84,0.0,0.0,17.8,92,17.75,5.2,960.3,14.2,469.0,17.68014,75.885765
MH-SLP,2023-02-01,26.4,31.4,22.0,44,61,0.0,0.0,19.2,59,16.83,5.68,960.4,12.7,469.0,17.68014,75.885765
MH-SLP,2023-02-02,26.2,32.2,20.8,38,61,0.0,0.0,20.9,67,19.9,6.95,960.7,9.4,469.0,17.68014,75.885765
MH-SLP,2023-02-03,26.2,32.0,20.1,26,35,0.0,0.0,19.8,67,20.53,6.63,961.0,4.8,469.0,17.68014,75.885765
MH-SLP,2023-02-04,26.0,32.5,19.0,27,42,0.0,0.0,14.8,57,20.65,6.15,959.9,4.8,469.0,17.68014,75.885765
MH-SLP,2023-02-05,26.3,32.6,19.5,30,42,0.0,0.0,15.6,83,20.77,5.51,959.3,6.9,469.0,17.68014,75.885765
MH-SLP,2023-02-06,26.8,32.8,20.1,33,47,0.0,0.0,14.1,113,20.7,5.75,959.2,8.6,469.0,17.68014,75.885765
MH-SLP,2023-02-07,27.0,33.1,20.1,36,53,0.0,0.0,10.9,269,20.52,5.36,958.7,10.1,469.0,17.68014,75.885765
MH-SLP,2023-02-08,27.6,33.8,21.1,36,55,0.0,0.0,15.3,55,20.7,5.99,959.6,10.2,469.0,17.68014,75.885765
MH-SLP,2023-02-09,27.3,33.9,20.0,34,52,0.0,0.0,12.2,41,21.1,5.59,960.2,8.9,469.0,17.68014,75.885765
MH-SLP,2023-02-10,27.5,34.3,19.9,28,48,0.0,0.0,13.5,28,21.26,6.16,961.1,6.1,469.0,17.68014,75.885765
MH-SLP,2023-02-11,27.4,34.5,19.9,24,38,0.0,0.0,11.5,27,21.43,6.15,961.4,4.4,469.0,17.68014,75.885765
MH-SLP,2023-02-12,27.6,35.1,19.9,25,42,0.0,0.0,23.9,52,21.68,7.17,962.0,4.8,469.0,17.68014,75.885765
MH-SLP,2023-02-13,27.2,34.3,20.0,25,45,0.0,0.0,20.0,57,22.04,7.4,962.4,3.9,469.0,17.68014,75.885765
MH-SLP,2023-02-14,26.4,34.0,18.0,21,40,0.0,0.0,16.9,56,22.29,7.0,961.9,0.7,469.0,17.68014,75.885765
MH-SLP,2023-02-15,26.8,35.4,17.8,22,46,0.0,0.0,17.9,56,22.25,7.04,960.4,1.6,469.0,17.68014,75.885765
MH-SLP,2023-02-16,27.7,35.5,19.9,22,39,0.0,0.0,22.4,63,22.32,7.89,960.6,2.5,469.0,17.68014,75.885765
MH-SLP,2023-02-17,28.0,35.3,21.1,22,34,0.0,0.0,23.4,45,22.22,8.23,960.8,3.0,469.0,17.68014,75.885765
MH-SLP,2023-02-18,28.0,35.3,20.7,24,36,0.0,0.0,19.7,44,22.42,7.69,960.6,4.1,469.0,17.68014,75.885765
MH-SLP,2023-02-19,27.5,34.5,19.4,31,52,0.0,0.0,15.4,73,22.32,6.82,960.8,7.7,469.0,17.68014,75.885765
MH-SLP,2023-02-20,27.9,33.9,20.1,32,51,0.0,0.0,13.0,111,22.24,5.83,960.9,9.0,469.0,17.68014,75.885765
MH-SLP,2023-02-21,28.6,35.6,20.8,28,45,0.0,0.0,12.3,80,22.47,6.14,960.9,7.4,469.0,17.68014,75.885765
MH-SLP,2023-02-22,28.8,35.1,21.6,25,39,0.0,0.0,17.9,69,22.36,6.3,960.4,6.2,469.0,17.68014,75.885765
MH-SLP,2023-02-23,29.1,35.2,22.4,23,36,0.0,0.0,16.2,85,22.5,6.69,960.1,5.5,469.0,17.68014,75.885765
MH-SLP,2023-02-24,29.1,35.6,22.2,23,39,0.0,0.0,15.1,91,22.65,6.75,961.1,5.0,469.0,17.68014,75.885765
MH-SLP,2023-02-25,29.3,35.4,22.2,22,35,0.0,0.0,17.4,101,22.59,6.73,962.5,5.0,469.0,17.68014,75.885765
MH-SLP,2023-02-26,29.0,35.4,21.7,20,31,0.0,0.0,16.3,109,22.77,6.83,963.2,3.6,469.0,17.68014,75.885765
MH-SLP,2023-02-27,28.7,34.7,22.1,23,38,0.0,0.0,20.1,144,22.72,7.15,963.3,4.9,469.0,17.68014,75.885765
MH-SLP,2023-02-28,28.9,34.9,22.5,25,44,0.0,0.0,19.0,139,22.67,7.41,963.2,6.2,469.0,17.68014,75.885765
MH-SLP,2023-03-01,29.0,34.9,22.9,23,37,0.0,0.0,21.7,135,22.87,8.31,963.5,5.2,469.0,17.68014,75.885765
MH-SLP,2023-03-02,28.7,35.3,21.6,24,39,0.0,0.0,19.6,119,22.82,7.71,964.0,5.4,469.0,17.68014,75.885765
MH-SLP,2023-03-03,29.2,36.4,21.2,25,42,0.0,0.0,20.6,115,22.69,7.6,964.4,5.9,469.0,17.68014,75.885765
MH-SLP,2023-03-04,29.6,35.8,22.5,23,40,0.0,0.0,17.8,121,22.92,7.47,964.4,5.6,469.0,17.68014,75.885765
MH-SLP,2023-03-05,29.9,35.9,23.0,24,41,0.0,0.0,17.2,123,22.95,7.7,963.9,6.2,469.0,17.68014,75.885765
MH-SLP,2023-03-06,30.0,35.9,23.4,23,37,0.0,0.0,16.3,110,22.89,7.65,962.2,5.9,469.0,17.68014,75.885765
MH-SLP,2023-03-07,27.8,33.2,22.0,33,54,0.0,0.0,22.0,40,22.6,7.66,963.1,9.3,469.0,17.68014,75.885765
MH-SLP,2023-03-08,28.7,34.5,21.5,32,57,0.0,0.0,14.7,64,21.38,6.56,962.0,8.6,469.0,17.68014,75.885765
MH-SLP,2023-03-09,29.6,34.5,24.0,25,40,0.0,0.0,19.0,65,22.18,6.84,961.6,6.7,469.0,17.68014,75.885765
MH-SLP,2023-03-10,29.9,34.5,24.5,25,36,0.0,0.0,16.5,84,22.44,6.8,961.1,7.3,469.0,17.68014,75.885765
MH-SLP,2023-03-11,30.0,35.1,23.9,26,37,0.0,0.0,13.0,95,22.47,6.82,961.0,8.1,469.0,17.68014,75.885765
MH-SLP,2023-03-12,30.6,36.3,24.8,26,45,0.0,0.0,23.2,110,21.19,8.43,960.6,8.2,469.0,17.68014,75.885765
MH-SLP,2023-03-13,30.2,35.4,24.5,23,37,0.0,0.0,17.1,114,18.83,7.12,959.4,6.2,469.0,17.68014,75.885765
MH-SLP,2023-03-14,29.8,35.9,22.5,19,32,0.0,0.0,16.2,130,21.77,7.44,957.9,2.6,469.0,17.68014,75.885765
MH-SLP,2023-03-15,30.3,36.3,23.3,22,36,0.1,0.1,21.4,120,19.53,7.81,956.7,5.6,469.0,17.68014,75.885765
MH-SLP,2023-03-16,27.3,32.4,22.8,45,73,4.0,4.0,19.0,89,18.6,5.68,958.6,13.4,469.0,17.68014,75.885765
MH-SLP,2023-03-17,26.8,31.9,21.1,52,84,0.0,0.0,17.4,120,16.55,4.84,958.3,14.9,469.0,17.68014,75.885765
MH-SLP,2023-03-18,25.9,32.4,21.2,56,76,0.0,0.0,23.0,75,21.06,5.88,957.0,15.9,469.0,17.68014,75.885765
MH-SLP,2023-03-19,26.3,33.1,19.9,47,90,0.0,0.0,26.8,297,23.19,6.43,956.3,11.7,469.0,17.68014,75.885765
MH-SLP,2023-03-20,26.1,31.3,20.8,37,70,0.0,0.0,21.3,301,24.2,6.66,956.2,8.7,469.0,17.68014,75.885765
MH-SLP,2023-03-21,27.1,32.9,21.2,34,58,0.0,0.0,23.2,307,23.47,7.7,956.7,8.9,469.0,17.68014,75.885765
MH-SLP,2023-03-22,28.2,33.9,23.0,35,57,0.0,0.0,24.4,309,23.51,7.41,957.4,10.0,469.0,17.68014,75.885765
MH-SLP,2023-03-23,28.4,34.1,23.0,34,58,0.0,0.0,20.9,309,24.08,7.41,957.6,10.0,469.0,17.68014,75.885765
MH-SLP,2023-03-24,29.9,35.8,23.2,28,41,0.0,0.0,19.7,322,24.36,7.86,957.2,8.7,469.0,17.68014,75.885765
MH-SLP,2023-03-25,30.3,36.8,24.0,28,45,0.0,0.0,29.0,311,23.97,8.15,958.2,9.1,469.0,17.68014,75.885765
MH-SLP,2023-03-26,30.1,36.4,23.6,25,42,0.0,0.0,27.7,307,24.47,8.24,957.9,7.2,469.0,17.68014,75.885765
MH-SLP,2023-03-27,29.4,35.5,23.2,25,54,0.0,0.0,21.6,323,24.92,8.05,957.9,5.7,469.0,17.68014,75.885765
MH-SLP,2023-03-28,29.9,36.7,22.3,24,46,0.0,0.0,19.3,296,25.11,7.84,957.2,5.9,469.0,17.68014,75.885765
MH-SLP,2023-03-29,30.9,37.8,23.3,24,50,0.0,0.0,22.7,257,24.99,8.4,957.6,6.6,469.0,17.68014,75.885765
MH-SLP,2023-03-30,30.2,37.4,23.9,30,60,0.0,0.0,25.5,284,25.2,7.84,957.1,7.5,469.0,17.68014,75.885765
MH-SLP,2023-03-31,29.3,35.1,23.3,40,70,0.0,0.0,21.4,311,24.54,7.5,956.9,12.4,469.0,17.68014,75.885765
MH-SLP,2023-04-01,29.9,35.6,24.5,31,57,0.0,0.0,21.7,321,25.09,8.28,957.4,9.4,469.0,17.68014,75.885765
MH-SLP,2023-04-02,30.0,36.5,23.0,30,68,0.0,0.0,24.1,314,25.11,7.78,957.0,8.5,469.0,17.68014,75.885765
MH-SLP,2023-04-03,30.3,36.9,23.5,34,73,0.0,0.0,26.6,291,24.98,7.61,956.5,10.2,469.0,17.68014,75.885765
MH-SLP,2023-04-04,31.3,36.9,24.4,29,67,0.0,0.0,20.3,318,25.15,7.48,957.6,8.4,469.0,17.68014,75.885765
MH-SLP,2023-04-05,32.5,38.6,25.5,25,46,0.0,0.0,27.2,9,22.16,8.89,957.2,8.5,469.0,17.68014,75.885765
MH-SLP,2023-04-06,32.7,37.9,28.0,27,38,0.0,0.0,23.2,64,22.35,8.18,958.0,10.8,469.0,17.68014,75.885765
MH-SLP,2023-04-07,29.5,35.9,24.6,45,71,0.3,0.3,23.2,153,15.09,5.72,960.1,15.3,469.0,17.68014,75.885765
MH-SLP,2023-04-08,27.2,32.6,22.9,62,83,0.9,0.9,20.0,41,21.32,5.81,962.0,18.9,469.0,17.68014,75.885765
MH-SLP,2023-04-09,28.4,33.8,23.1,54,86,0.0,0.0,20.0,17,22.38,6.18,961.7,17.1,469.0,17.68014,75.885765
MH-SLP,2023-04-10,29.9,36.8,22.8,44,72,0.0,0.0,19.4,84,23.89,6.57,960.0,14.6,469.0,17.68014,75.885765
MH-SLP,2023-04-11,32.0,38.7,23.1,29,58,0.0,0.0,16.9,90,25.16,8.24,960.1,10.5,469.0,17.68014,75.885765
MH-SLP,2023-04-12,33.8,39.8,26.2,23,45,0.0,0.0,21.6,83,25.32,8.57,959.4,8.5,469.0,17.68014,75.885765
MH-SLP,2023-04-13,34.3,39.5,28.2,24,38,0.0,0.0,26.5,81,21.6,8.07,959.1,9.8,469.0,17.68014,75.885765
MH-SLP,2023-04-14,32.2,38.9,27.4,33,50,1.4,1.4,25.6,45,21.4,7.11,959.4,13.1,469.0,17.68014,75.885765
MH-SLP,2023-04-15,28.8,34.5,22.7,52,81,0.2,0.2,18.6,22,21.19,5.78,959.1,17.3,469.0,17.68014,75.885765
MH-SLP,2023-04-16,29.5,36.2,22.6,47,73,0.0,0.0,15.1,2,24.44,6.51,957.2,15.4,469.0,17.68014,75.885765
MH-SLP,2023-04-17,30.6,37.4,24.3,38,61,0.0,0.0,23.2,2,20.43,7.3,957.5,13.7,469.0,17.68014,75.885765
MH-SLP,2023-04-18,32.6,39.6,25.7,30,53,0.0,0.0,27.3,25,22.94,8.35,958.3,11.0,469.0,17.68014,75.885765
MH-SLP,2023-04-19,34.3,40.8,27.2,24,43,0.0,0.0,23.8,82,23.79,8.91,956.2,9.6,469.0,17.68014,75.885765
MH-SLP,2023-04-20,33.5,40.0,26.3,27,49,0.0,0.0,35.4,352,24.06,8.1,954.0,10.9,469.0,17.68014,75.885765
MH-SLP,2023-04-21,32.7,37.9,26.9,30,50,0.0,0.0,18.2,9,23.75,7.53,954.6,11.8,469.0,17.68014,75.885765
MH-SLP,2023-04-22,32.4,38.1,26.6,24,40,0.0,0.0,28.5,308,25.87,9.72,954.6,8.3,469.0,17.68014,75.885765
MH-SLP,2023-04-23,31.1,37.1,25.1,31,57,0.0,0.0,22.5,298,25.58,8.45,954.9,10.6,469.0,17.68014,75.885765
MH-SLP,2023-04-24,32.2,37.9,26.1,28,45,0.0,0.0,21.7,69,22.92,7.99,955.5,10.8,469.0,17.68014,75.885765
MH-SLP,2023-04-25,33.3,39.0,27.9,33,54,0.0,0.0,23.0,143,23.67,8.34,956.0,13.4,469.0,17.68014,75.885765
MH-SLP,2023-04-26,31.0,35.9,25.2,44,70,0.1,0.1,26.4,155,22.89,6.77,956.6,16.4,469.0,17.68014,75.885765
MH-SLP,2023-04-27,30.8,37.0,26.6,45,67,0.4,0.4,24.9,96,21.16,6.45,956.9,16.9,469.0,17.68014,75.885765
MH-SLP,2023-04-28,26.9,32.6,23.8,66,87,21.2,21.2,25.1,115,20.25,5.07,958.3,19.7,469.0,17.68014,75.885765
MH-SLP,2023-04-29,26.7,30.5,23.3,72,90,3.8,3.8,10.0,15,21.29,4.7,957.2,21.0,469.0,17.68014,75.885765
MH-SLP,2023-04-30,27.4,33.2,22.0,64,87,2.8,2.8,23.7,86,23.16,5.76,955.3,19.6,469.0,17.68014,75.885765
MH-SLP,2023-05-01,28.2,32.9,23.2,53,88,0.1,0.1,16.8,351,24.57,6.06,955.1,16.8,469.0,17.68014,75.885765
MH-SLP,2023-05-02,29.3,34.8,23.1,45,75,0.1,0.1,19.4,50,25.11,6.72,955.8,15.1,469.0,17.68014,75.885765
MH-SLP,2023-05-03,30.1,34.6,24.9,43,67,0.0,0.0,16.8,306,23.12,6.38,957.1,15.3,469.0,17.68014,75.885765
MH-SLP,2023-05-04,29.9,34.8,24.2,47,70,0.0,0.0,19.2,107,22.41,6.35,956.5,16.6,469.0,17.68014,75.885765
MH-SLP,2023-05-05,29.9,34.5,23.9,49,74,2.1,2.1,20.5,96,22.87,6.45,955.8,17.4,469.0,17.68014,75.885765
MH-SLP,2023-05-06,31.7,37.5,26.6,42,63,0.1,0.1,14.8,113,21.85,6.1,955.5,16.1,469.0,17.68014,75.885765
MH-SLP,2023-05-07,31.3,36.8,24.7,46,73,3.3,3.3,27.6,63,21.31,6.58,955.7,17.8,469.0,17.68014,75.885765
MH-SLP,2023-05-08,29.7,36.4,24.4,60,83,15.5,15.5,18.2,19,22.44,5.98,955.7,20.1,469.0,17.68014,75.885765
MH-SLP,2023-05-09,30.4,37.2,26.1,60,81,3.7,3.7,19.9,14,19.94,5.59,956.3,20.9,469.0,17.68014,75.885765
MH-SLP,2023-05-10,33.2,39.5,26.5,46,80,0.0,0.0,19.9,26,23.14,7.58,955.4,18.2,469.0,17.68014,75.885765
MH-SLP,2023-05-11,34.4,40.1,27.9,36,69,0.0,0.0,20.6,73,23.5,7.97,955.8,15.4,469.0,17.68014,75.885765
MH-SLP,2023-05-12,34.9,40.9,28.5,34,71,0.0,0.0,17.1,262,23.21,7.36,955.6,14.4,469.0,17.68014,75.885765
MH-SLP,2023-05-13,35.2,42.8,28.0,32,64,0.0,0.0,29.7,299,24.39,10.08,955.6,12.6,469.0,17.68014,75.885765
MH-SLP,2023-05-14,34.1,41.5,27.1,33,62,0.0,0.0,27.9,286,25.59,9.97,955.3,12.9,469.0,17.68014,75.885765
MH-SLP,2023-05-15,33.5,39.6,27.1,33,55,0.0,0.0,25.3,290,24.77,10.02,956.1,13.3,469.0,17.68014,75.885765
MH-SLP,2023-05-16,33.2,39.1,26.9,35,66,0.0,0.0,32.0,309,26.59,9.59,957.6,13.3,469.0,17.68014,75.885765
MH-SLP,2023-05-17,33.6,39.2,26.9,33,67,0.0,0.0,23.0,302,25.94,8.75,957.9,12.6,469.0,17.68014,75.885765
MH-SLP,2023-05-18,35.1,40.0,28.3,32,63,0.0,0.0,24.7,324,23.44,8.83,958.5,14.0,469.0,17.68014,75.885765
MH-SLP,2023-05-19,36.0,41.0,30.3,23,36,0.0,0.0,33.2,341,20.74,9.9,957.1,10.5,469.0,17.68014,75.885765
MH-SLP,2023-05-20,36.0,41.7,30.6,24,41,0.0,0.0,27.9,308,24.25,10.08,956.5,10.7,469.0,17.68014,75.885765
MH-SLP,2023-05-21,35.3,40.7,29.2,30,54,0.0,0.0,23.8,329,23.4,8.49,957.0,13.6,469.0,17.68014,75.885765
MH-SLP,2023-05-22,35.2,39.7,29.2,31,51,1.9,1.9,22.3,31,23.14,8.31,958.1,14.6,469.0,17.68014,75.885765
MH-SLP,2023-05-23,35.7,41.4,29.8,27,43,0.1,0.1,20.3,347,25.66,8.01,958.2,12.9,469.0,17.68014,75.885765
MH-SLP,2023-05-24,35.1,40.0,29.8,32,50,0.0,0.0,16.5,289,24.28,8.1,957.6,15.2,469.0,17.68014,75.885765
MH-SLP,2023-05-25,33.3,38.4,27.4,40,68,0.0,0.0,24.4,292,22.7,8.98,958.2,16.8,469.0,17.68014,75.885765
MH-SLP,2023-05-26,32.3,38.8,25.6,43,71,0.0,0.0,27.6,292,24.35,9.13,958.8,16.7,469.0,17.68014,75.885765
MH-SLP,2023-05-27,32.8,39.2,26.3,39,70,0.0,0.0,24.3,298,26.22,9.36,957.4,14.6,469.0,17.68014,75.885765
MH-SLP,2023-05-28,33.5,39.5,26.6,36,65,0.0,0.0,27.3,306,24.51,8.47,956.5,14.4,469.0,17.68014,75.885765
MH-SLP,2023-05-29,34.2,39.9,28.4,35,55,0.0,0.0,29.2,331,23.05,8.64,956.5,15.6,469.0,17.68014,75.885765
MH-SLP,2023-05-30,33.3,40.1,28.2,41,59,0.0,0.0,16.7,143,21.91,7.04,956.9,17.4,469.0,17.68014,75.885765
MH-SLP,2023-05-31,34.9,39.9,28.3,34,65,0.0,0.0,22.7,38,23.0,8.33,956.2,15.0,469.0,17.68014,75.885765
MH-SLP,2023-06-01,35.5,40.9,29.9,30,55,0.0,0.0,28.5,313,21.25,8.13,955.7,13.6,469.0,17.68014,75.885765
MH-SLP,2023-06-02,34.6,40.5,28.4,35,68,0.0,0.0,29.1,293,24.59,9.76,956.2,14.5,469.0,17.68014,75.885765
MH-SLP,2023-06-03,34.1,39.9,27.2,38,69,0.0,0.0,28.3,301,25.21,9.45,956.0,15.6,469.0,17.68014,75.885765
MH-SLP,2023-06-04,32.6,39.0,27.8,46,69,0.1,0.1,49.9,305,24.73,8.86,956.2,18.7,469.0,17.68014,75.885765
MH-SLP,2023-06-05,33.3,38.8,26.3,40,68,0.0,0.0,33.5,300,24.98,8.79,955.2,16.4,469.0,17.68014,75.885765
MH-SLP,2023-06-06,33.7,39.0,27.3,40,69,0.0,0.0,27.4,288,24.74,8.86,954.8,16.2,469.0,17.68014,75.885765
MH-SLP,2023-06-07,33.8,39.5,28.1,41,67,0.0,0.0,28.4,284,23.66,8.88,954.8,17.3,469.0,17.68014,75.885765
MH-SLP,2023-06-08,32.7,38.7,27.1,46,70,0.0,0.0,25.9,273,25.0,8.6,955.5,18.4,469.0,17.68014,75.885765
MH-SLP,2023-06-09,32.9,39.3,27.5,46,71,0.0,0.0,29.4,270,24.96,8.55,953.9,18.8,469.0,17.68014,75.885765
MH-SLP,2023-06-10,31.7,40.0,26.6,51,72,0.1,0.1,39.4,248,24.42,8.41,953.6,19.7,469.0,17.68014,75.885765
MH-SLP,2023-06-11,31.3,37.6,26.2,52,75,0.4,0.4,36.0,241,23.48,8.24,953.6,19.7,469.0,17.68014,75.885765
MH-SLP,2023-06-12,31.8,38.8,25.6,48,79,0.0,0.0,28.2,240,24.81,8.89,953.3,18.2,469.0,17.68014,75.885765
MH-SLP,2023-06-13,31.6,39.2,25.9,49,74,0.7,0.7,31.5,248,24.85,8.88,954.2,18.6,469.0,17.68014,75.885765
MH-SLP,2023-06-14,31.6,38.2,25.9,50,75,0.0,0.0,29.9,256,24.26,8.94,955.6,19.0,469.0,17.68014,75.885765
MH-SLP,2023-06-15,31.4,38.0,25.5,49,77,0.0,0.0,29.5,260,21.99,8.44,956.0,18.3,469.0,17.68014,75.885765
MH-SLP,2023-06-16,31.4,38.5,25.3,50,76,0.4,0.4,32.3,253,25.05,9.15,955.1,18.9,469.0,17.68014,75.885765
MH-SLP,2023-06-17,31.8,39.1,25.9,50,76,0.4,0.4,30.6,265,23.34,8.59,955.3,19.2,469.0,17.68014,75.885765
MH-SLP,2023-06-18,31.3,38.4,25.8,51,73,0.0,0.0,28.1,281,22.83,8.3,955.2,19.0,469.0,17.68014,75.885765
MH-SLP,2023-06-19,32.3,39.1,26.3,46,73,0.0,0.0,28.0,300,25.55,9.34,954.0,18.0,469.0,17.68014,75.885765
MH-SLP,2023-06-20,32.3,38.4,26.4,46,72,0.0,0.0,29.8,297,25.8,9.19,953.1,18.0,469.0,17.68014,75.885765
MH-SLP,2023-06-21,32.1,38.0,26.6,47,70,0.0,0.0,28.7,294,24.58,8.96,953.7,18.7,469.0,17.68014,75.885765
MH-SLP,2023-06-22,32.4,37.8,27.0,44,66,0.0,0.0,27.0,291,21.39,8.29,953.9,17.7,469.0,17.68014,75.885765
MH-SLP,2023-06-23,31.5,37.9,27.1,50,67,0.2,0.2,28.0,273,23.58,8.04,953.8,19.3,469.0,17.68014,75.885765
MH-SLP,2023-06-24,27.4,31.4,24.8,72,89,24.8,24.8,18.9,264,13.83,3.92,953.1,21.8,469.0,17.68014,75.885765
MH-SLP,2023-06-25,26.2,29.6,24.4,81,91,10.1,10.1,19.6,267,13.61,3.31,952.9,22.6,469.0,17.68014,75.885765
MH-SLP,2023-06-26,26.3,29.4,24.2,77,86,1.7,1.7,25.2,274,9.86,3.07,954.0,21.9,469.0,17.68014,75.885765
MH-SLP,2023-06-27,26.4,31.0,24.0,79,90,2.2,2.2,25.1,269,17.87,4.24,953.9,22.2,469.0,17.68014,75.885765
MH-SLP,2023-06-28,26.2,29.4,23.9,80,91,6.3,6.3,26.9,245,16.94,4.05,954.8,22.4,469.0,17.68014,75.885765
MH-SLP,2023-06-29,26.8,31.0,23.7,76,89,1.9,1.9,31.7,255,19.63,4.94,955.0,21.9,469.0,17.68014,75.885765
MH-SLP,2023-06-30,26.7,30.8,23.8,76,87,4.4,4.4,31.5,252,20.88,5.06,955.0,21.9,469.0,17.68014,75.885765
MH-SLP,2023-07-01,27.3,32.0,23.7,74,90,1.2,1.2,27.0,259,21.39,5.4,955.6,21.9,469.0,17.68014,75.885765
MH-SLP,2023-07-02,27.0,32.3,23.6,77,89,6.0,6.0,24.4,264,19.58,4.75,955.0,22.3,469.0,17.68014,75.885765
MH-SLP,2023-07-03,27.3,31.6,23.5,77,90,3.6,3.6,22.2,257,22.35,5.14,953.3,22.7,469.0,17.68014,75.885765
MH-SLP,2023-07-04,27.2,30.9,24.2,79,92,10.1,10.1,15.6,263,18.14,4.22,951.2,23.1,469.0,17.68014,75.885765
MH-SLP,2023-07-05,26.4,30.4,23.8,79,90,6.7,6.7,17.3,261,14.85,3.62,949.8,22.3,469.0,17.68014,75.885765
MH-SLP,2023-07-06,25.7,28.4,24.1,81,92,13.1,13.1,29.7,247,12.5,3.25,951.6,22.3,469.0,17.68014,75.885765
MH-SLP,2023-07-07,26.1,30.0,23.5,80,89,7.7,7.7,30.1,238,18.52,4.4,953.3,22.2,469.0,17.68014,75.885765
MH-SLP,2023-07-08,26.2,30.3,23.6,78,88,6.9,6.9,26.9,241,14.09,3.79,954.6,22.0,469.0,17.68014,75.885765
MH-SLP,2023-07-09,26.8,30.8,23.3,75,90,1.4,1.4,24.3,251,19.25,4.84,955.2,21.6,469.0,17.68014,75.885765
MH-SLP,2023-07-10,27.0,31.6,23.2,73,90,1.5,1.5,23.4,269,21.42,5.27,955.1,21.5,469.0,17.68014,75.885765
MH-SLP,2023-07-11,26.1,29.6,23.3,76,89,0.5,0.5,18.8,289,10.79,3.17,955.0,21.4,469.0,17.68014,75.885765
MH-SLP,2023-07-12,26.3,30.1,23.4,77,92,3.4,3.4,23.0,291,19.57,4.57,954.0,21.8,469.0,17.68014,75.885765
MH-SLP,2023-07-13,26.1,30.4,23.1,79,92,10.8,10.8,22.8,262,16.64,3.93,954.0,22.0,469.0,17.68014,75.885765
MH-SLP,2023-07-14,25.7,29.5,23.1,82,92,15.4,15.4,22.5,263,15.1,3.44,955.1,22.4,469.0,17.68014,75.885765
MH-SLP,2023-07-15,25.9,30.1,22.8,80,91,10.4,10.4,22.5,276,17.66,3.96,955.5,22.1,469.0,17.68014,75.885765
MH-SLP,2023-07-16,25.0,28.6,23.2,84,90,9.4,9.4,14.8,268,8.22,2.19,954.9,22.0,469.0,17.68014,75.885765
MH-SLP,2023-07-17,25.6,30.0,23.2,80,91,6.2,6.2,28.0,263,12.65,3.4,953.8,21.8,469.0,17.68014,75.885765
MH-SLP,2023-07-18,24.3,26.2,23.2,87,90,19.5,19.5,26.3,255,5.37,1.81,952.5,22.0,469.0,17.68014,75.885765
MH-SLP,2023-07-19,24.7,27.9,23.0,85,91,24.2,24.2,27.7,261,10.45,2.72,950.5,22.0,469.0,17.68014,75.885765
MH-SLP,2023-07-20,24.9,26.7,23.5,85,90,15.2,15.2,23.5,261,6.44,2.14,950.9,22.1,469.0,17.68014,75.885765
MH-SLP,2023-07-21,24.8,28.6,23.1,87,92,15.8,15.8,24.6,270,9.23,2.35,952.4,22.4,469.0,17.68014,75.885765
MH-SLP,2023-07-22,25.0,28.6,23.3,85,92,9.3,9.3,27.9,264,11.77,2.82,953.1,22.3,469.0,17.68014,75.885765
MH-SLP,2023-07-23,25.3,29.0,23.3,84,92,22.4,22.4,26.8,252,13.51,3.21,953.0,22.3,469.0,17.68014,75.885765
MH-SLP,2023-07-24,25.4,30.0,23.1,83,91,17.5,17.5,27.0,261,13.33,3.27,953.1,22.2,469.0,17.68014,75.885765
MH-SLP,2023-07-25,24.5,27.2,23.2,87,93,13.5,13.5,25.3,271,9.19,2.27,954.2,22.2,469.0,17.68014,75.885765
MH-SLP,2023-07-26,24.5,27.6,22.8,88,95,15.0,15.0,29.8,276,10.95,2.51,954.8,22.3,469.0,17.68014,75.885765
MH-SLP,2023-07-27,24.1,26.4,23.0,87,92,16.2,16.2,25.2,272,5.57,1.78,954.8,21.9,469.0,17.68014,75.885765
MH-SLP,2023-07-28,25.3,29.2,22.8,81,89,7.9,7.9,31.5,284,17.55,4.02,955.0,21.7,469.0,17.68014,75.885765
MH-SLP,2023-07-29,25.0,28.1,22.4,81,92,1.9,1.9,27.9,286,13.47,3.29,955.7,21.6,469.0,17.68014,75.885765
MH-SLP,2023-07-30,25.8,30.2,22.3,79,91,4.2,4.2,26.5,273,21.79,4.77,955.2,21.7,469.0,17.68014,75.885765
MH-SLP,2023-07-31,25.4,29.5,22.8,81,90,2.9,2.9,34.3,269,16.23,3.74,954.8,21.8,469.0,17.68014,75.885765
MH-SLP,2023-08-01,25.8,29.9,23.3,79,89,2.3,2.3,29.9,269,17.0,4.13,954.6,21.8,469.0,17.68014,75.885765
MH-SLP,2023-08-02,25.9,30.2,22.8,77,89,0.6,0.6,33.1,268,18.51,4.64,955.1,21.3,469.0,17.68014,75.885765
MH-SLP,2023-08-03,25.8,30.1,23.1,77,87,1.5,1.5,34.3,268,18.26,4.58,954.7,21.2,469.0,17.68014,75.885765
MH-SLP,2023-08-04,26.3,30.6,23.1,76,88,0.9,0.9,27.4,265,21.87,5.1,956.0,21.6,469.0,17.68014,75.885765
MH-SLP,2023-08-05,25.9,30.8,22.1,78,92,6.6,6.6,27.2,266,21.88,4.95,957.8,21.6,469.0,17.68014,75.885765
MH-SLP,2023-08-06,26.3,31.3,22.5,75,92,1.1,1.1,30.6,269,22.82,5.41,957.0,21.2,469.0,17.68014,75.885765
MH-SLP,2023-08-07,26.1,30.7,22.3,75,89,0.8,0.8,27.0,272,20.2,4.96,955.4,21.0,469.0,17.68014,75.885765
MH-SLP,2023-08-08,26.1,30.4,22.3,76,90,0.9,0.9,23.8,272,19.99,4.69,955.8,21.3,469.0,17.68014,75.885765
MH-SLP,2023-08-09,26.3,31.1,22.1,76,93,0.7,0.7,21.5,282,22.62,5.18,957.6,21.4,469.0,17.68014,75.885765
MH-SLP,2023-08-10,26.2,30.7,22.2,77,94,0.7,0.7,26.9,294,22.07,4.92,958.1,21.7,469.0,17.68014,75.885765
MH-SLP,2023-08-11,26.6,31.1,22.5,74,92,0.3,0.3,20.5,301,23.76,5.48,957.6,21.2,469.0,17.68014,75.885765
MH-SLP,2023-08-12,26.7,31.7,22.5,73,92,0.2,0.2,23.3,294,23.47,5.68,957.1,21.1,469.0,17.68014,75.885765
MH-SLP,2023-08-13,26.4,32.0,22.1,73,92,0.3,0.3,19.7,277,22.68,5.38,956.3,20.7,469.0,17.68014,75.885765
MH-SLP,2023-08-14,26.7,32.0,22.3,72,90,0.3,0.3,17.8,271,23.28,5.47,956.7,20.8,469.0,17.68014,75.885765
MH-SLP,2023-08-15,27.2,32.8,22.8,67,88,1.3,1.3,18.8,276,23.88,5.97,957.0,19.9,469.0,17.68014,75.885765
MH-SLP,2023-08-16,27.3,32.7,22.9,68,87,0.9,0.9,21.7,281,23.39,5.89,957.2,20.2,469.0,17.68014,75.885765
MH-SLP,2023-08-17,27.2,32.3,23.0,66,87,0.1,0.1,24.7,295,22.39,6.19,957.0,19.9,469.0,17.68014,75.885765
MH-SLP,2023-08-18,26.5,31.2,22.6,70,87,1.0,1.0,25.9,302,17.79,5.02,955.6,20.2,469.0,17.68014,75.885765
MH-SLP,2023-08-19,26.2,30.5,23.6,72,85,0.4,0.4,28.2,293,13.98,4.27,954.6,20.5,469.0,17.68014,75.885765
MH-SLP,2023-08-20,27.0,31.7,22.9,68,87,0.5,0.5,25.4,291,18.97,5.37,954.7,20.3,469.0,17.68014,75.885765
MH-SLP,2023-08-21,27.6,33.5,22.8,66,89,0.6,0.6,26.3,299,22.56,6.22,955.3,20.0,469.0,17.68014,75.885765
MH-SLP,2023-08-22,28.4,34.2,23.3,62,84,0.0,0.0,31.8,291,23.44,6.67,955.3,19.5,469.0,17.68014,75.885765
MH-SLP,2023-08-23,29.0,33.9,24.3,59,82,0.2,0.2,23.4,280,23.59,6.91,955.4,19.5,469.0,17.68014,75.885765
MH-SLP,2023-08-24,28.3,34.5,24.0,61,79,1.2,1.2,23.1,270,22.11,6.3,955.0,19.5,469.0,17.68014,75.885765
MH-SLP,2023-08-25,27.1,34.0,23.9,72,90,16.6,16.6,30.9,255,18.47,4.88,955.3,21.2,469.0,17.68014,75.885765
MH-SLP,2023-08-26,27.4,32.3,23.7,73,94,1.2,1.2,19.1,270,22.5,5.41,956.2,21.7,469.0,17.68014,75.885765
MH-SLP,2023-08-27,27.0,32.2,22.9,71,88,1.3,1.3,25.9,286,20.06,5.14,957.0,20.9,469.0,17.68014,75.885765
MH-SLP,2023-08-28,26.2,31.0,22.5,75,90,1.2,1.2,19.5,269,19.84,4.61,956.5,21.1,469.0,17.68014,75.885765
MH-SLP,2023-08-29,26.9,31.5,22.4,71,89,0.5,0.5,17.1,297,23.14,5.39,956.2,20.8,469.0,17.68014,75.885765
MH-SLP,2023-08-30,28.0,32.8,23.1,66,89,0.0,0.0,15.2,337,23.91,5.91,956.6,20.5,469.0,17.68014,75.885765
MH-SLP,2023-08-31,29.2,34.2,24.0,58,83,0.1,0.1,18.2,2,23.98,6.48,956.5,19.3,469.0,17.68014,75.885765
MH-SLP,2023-09-01,30.4,34.9,25.0,53,74,0.7,0.7,14.0,13,23.39,6.47,956.5,19.1,469.0,17.68014,75.885765
MH-SLP,2023-09-02,29.6,34.9,25.4,60,81,3.0,3.0,26.7,287,22.03,6.04,956.1,20.6,469.0,17.68014,75.885765
MH-SLP,2023-09-03,27.2,32.0,24.6,77,91,8.1,8.1,17.4,302,19.23,4.54,955.0,22.7,469.0,17.68014,75.885765
MH-SLP,2023-09-04,26.2,30.7,23.9,78,92,4.3,4.3,21.1,301,12.14,3.3,953.7,22.0,469.0,17.68014,75.885765
MH-SLP,2023-09-05,25.9,30.0,22.9,77,90,1.5,1.5,23.7,297,9.89,3.11,953.0,21.4,469.0,17.68014,75.885765
MH-SLP,2023-09-06,27.0,31.6,23.1,72,89,0.5,0.5,21.9,287,21.43,5.45,953.0,21.2,469.0,17.68014,75.885765
MH-SLP,2023-09-07,26.2,31.1,23.4,75,86,4.1,4.1,25.1,274,17.25,4.51,953.3,21.3,469.0,17.68014,75.885765
MH-SLP,2023-09-08,25.1,28.0,23.4,83,89,10.0,10.0,26.7,262,9.21,2.55,953.8,22.0,469.0,17.68014,75.885765
MH-SLP,2023-09-09,25.8,29.9,23.2,82,95,11.9,11.9,30.3,281,18.49,4.1,953.8,22.4,469.0,17.68014,75.885765
MH-SLP,2023-09-10,26.4,31.0,22.6,79,95,2.2,2.2,28.6,282,19.56,4.53,953.6,22.3,469.0,17.68014,75.885765
MH-SLP,2023-09-11,26.2,31.1,22.2,77,93,0.5,0.5,23.2,289,21.5,4.96,954.5,21.7,469.0,17.68014,75.885765
MH-SLP,2023-09-12,26.2,31.0,22.2,74,92,0.0,0.0,22.4,297,21.8,5.24,955.2,20.8,469.0,17.68014,75.885765
MH-SLP,2023-09-13,26.3,31.1,22.0,73,92,0.2,0.2,21.3,292,21.28,5.0,954.8,20.7,469.0,17.68014,75.885765
MH-SLP,2023-09-14,26.4,31.0,22.7,73,90,0.7,0.7,18.9,297,21.3,5.06,954.8,20.9,469.0,17.68014,75.885765
MH-SLP,2023-09-15,26.9,32.5,22.7,69,89,0.0,0.0,19.6,279,21.29,5.46,954.5,20.2,469.0,17.68014,75.885765
MH-SLP,2023-09-16,27.0,32.6,23.3,69,86,0.1,0.1,28.7,261,19.44,5.44,954.7,20.5,469.0,17.68014,75.885765
MH-SLP,2023-09-17,27.7,33.9,23.1,66,89,0.1,0.1,29.3,256,22.71,6.39,954.4,20.1,469.0,17.68014,75.885765
MH-SLP,2023-09-18,27.4,34.1,23.0,69,91,3.5,3.5,26.6,247,21.66,5.78,954.6,20.6,469.0,17.68014,75.885765
MH-SLP,2023-09-19,27.6,33.1,23.1,69,90,1.9,1.9,27.3,256,19.12,5.17,956.1,21.0,469.0,17.68014,75.885765
MH-SLP,2023-09-20,27.0,32.6,23.4,74,89,3.2,3.2,16.9,255,17.86,4.4,956.5,21.9,469.0,17.68014,75.885765
MH-SLP,2023-09-21,26.9,32.3,23.6,77,90,1.7,1.7,33.0,267,20.07,4.74,956.3,22.2,469.0,17.68014,75.885765
MH-SLP,2023-09-22,25.9,29.4,23.7,82,92,5.8,5.8,18.2,300,15.88,3.51,956.5,22.4,469.0,17.68014,75.885765
MH-SLP,2023-09-23,25.9,29.7,23.0,82,95,7.8,7.8,17.3,302,16.43,3.76,956.8,22.3,469.0,17.68014,75.885765
MH-SLP,2023-09-24,25.9,29.4,23.2,81,94,5.7,5.7,18.7,304,14.37,3.49,956.8,22.2,469.0,17.68014,75.885765
MH-SLP,2023-09-25,25.7,30.6,22.9,81,94,12.0,12.0,18.4,295,21.1,4.54,956.0,22.0,469.0,17.68014,75.885765
MH-SLP,2023-09-26,24.9,30.1,22.2,85,96,19.2,19.2,22.1,330,16.41,3.57,955.4,22.1,469.0,17.68014,75.885765
MH-SLP,2023-09-27,25.8,30.4,22.7,84,95,9.7,9.7,15.0,4,19.87,4.13,955.0,22.8,469.0,17.68014,75.885765
MH-SLP,2023-09-28,25.7,30.4,23.0,87,98,37.1,37.1,17.8,97,18.21,3.8,954.6,23.3,469.0,17.68014,75.885765
MH-SLP,2023-09-29,25.8,30.0,22.9,85,97,24.8,24.8,16.0,164,20.64,4.29,954.8,22.9,469.0,17.68014,75.885765
MH-SLP,2023-09-30,25.6,29.9,22.3,84,97,18.0,18.0,19.5,163,16.46,3.51,954.8,22.4,469.0,17.68014,75.885765
MH-SLP,2023-10-01,25.3,29.4,22.7,86,96,32.5,32.5,15.5,124,18.14,3.72,954.0,22.7,469.0,17.68014,75.885765
MH-SLP,2023-10-02,25.5,28.6,23.1,82,95,1.9,1.9,26.8,304,9.63,2.75,955.7,22.0,469.0,17.68014,75.885765
MH-SLP,2023-10-03,26.5,31.6,22.8,73,89,0.1,0.1,19.7,332,18.22,4.49,957.1,20.9,469.0,17.68014,75.885765
MH-SLP,2023-10-04,26.3,31.9,22.2,71,91,0.0,0.0,18.4,341,21.76,5.22,957.9,19.9,469.0,17.68014,75.885765
MH-SLP,2023-10-05,25.7,31.9,20.0,65,88,0.0,0.0,13.0,347,23.57,5.53,957.8,17.9,469.0,17.68014,75.885765
MH-SLP,2023-10-06,25.7,31.8,19.7,70,89,0.0,0.0,14.5,331,23.5,5.09,957.1,19.0,469.0,17.68014,75.885765
MH-SLP,2023-10-07,26.1,32.4,20.9,67,89,0.0,0.0,13.5,18,21.16,5.15,957.3,18.8,469.0,17.68014,75.885765
MH-SLP,2023-10-08,27.3,32.8,21.8,61,83,0.0,0.0,13.0,52,21.77,5.11,958.7,18.2,469.0,17.68014,75.885765
MH-SLP,2023-10-09,26.8,32.6,21.1,66,90,0.0,0.0,16.6,345,18.55,4.76,959.7,19.2,469.0,17.68014,75.885765
MH-SLP,2023-10-10,26.8,32.8,21.3,65,86,0.0,0.0,17.8,32,18.28,4.72,959.5,19.2,469.0,17.68014,75.885765
MH-SLP,2023-10-11,27.3,32.9,21.7,65,87,0.0,0.0,12.4,34,20.97,5.15,959.4,19.4,469.0,17.68014,75.885765
MH-SLP,2023-10-12,27.8,34.0,23.4,57,77,0.0,0.0,19.6,80,21.69,6.15,960.1,17.6,469.0,17.68014,75.885765
MH-SLP,2023-10-13,28.1,33.9,22.7,53,72,0.0,0.0,16.2,77,20.97,6.06,960.9,16.9,469.0,17.68014,75.885765
MH-SLP,2023-10-14,27.9,33.1,22.8,56,75,0.1,0.1,16.5,92,19.9,5.36,960.8,17.7,469.0,17.68014,75.885765
MH-SLP,2023-10-15,28.8,33.7,24.1,50,69,0.2,0.2,15.8,68,18.74,5.41,959.4,16.6,469.0,17.68014,75.885765
MH-SLP,2023-10-16,29.2,34.2,24.2,48,68,0.0,0.0,14.7,82,20.33,6.23,959.2,16.5,469.0,17.68014,75.885765
MH-SLP,2023-10-17,29.3,34.3,24.7,48,68,0.0,0.0,16.8,70,20.31,6.19,960.5,16.7,469.0,17.68014,75.885765
MH-SLP,2023-10-18,29.5,34.8,24.5,45,66,0.0,0.0,22.2,64,19.89,6.94,961.2,15.6,469.0,17.68014,75.885765
MH-SLP,2023-10-19,29.1,34.2,23.7,49,75,0.3,0.3,15.8,64,18.71,5.85,961.1,16.7,469.0,17.68014,75.885765
MH-SLP,2023-10-20,29.4,34.5,24.2,47,68,0.0,0.0,20.0,75,19.44,6.43,960.9,15.9,469.0,17.68014,75.885765
MH-SLP,2023-10-21,29.1,34.8,23.8,46,69,0.0,0.0,20.9,61,20.28,6.86,961.4,15.7,469.0,17.68014,75.885765
MH-SLP,2023-10-22,29.1,35.2,23.0,39,67,0.0,0.0,25.0,58,19.85,7.46,961.6,12.3,469.0,17.68014,75.885765
MH-SLP,2023-10-23,28.3,34.7,21.7,38,63,0.0,0.0,25.8,45,20.88,7.13,960.6,11.9,469.0,17.68014,75.885765
MH-SLP,2023-10-24,28.0,34.3,21.4,42,68,0.0,0.0,25.4,57,21.29,7.04,960.3,12.6,469.0,17.68014,75.885765
MH-SLP,2023-10-25,28.0,34.4,21.7,40,68,0.0,0.0,26.5,50,20.48,7.1,961.7,11.9,469.0,17.68014,75.885765
MH-SLP,2023-10-26,27.4,33.3,20.9,38,65,0.0,0.0,19.3,56,21.59,7.07,961.9,10.7,469.0,17.68014,75.885765
MH-SLP,2023-10-27,27.8,33.1,21.8,35,54,0.0,0.0,18.5,64,21.62,7.48,960.6,10.1,469.0,17.68014,75.885765
MH-SLP,2023-10-28,27.7,33.2,21.2,35,53,0.0,0.0,23.4,75,21.55,6.63,960.3,10.1,469.0,17.68014,75.885765
MH-SLP,2023-10-29,28.1,33.7,22.0,37,54,0.0,0.0,22.0,64,21.07,7.23,960.1,11.5,469.0,17.68014,75.885765
MH-SLP,2023-10-30,28.0,33.4,21.7,37,54,0.0,0.0,25.3,62,21.14,7.27,960.2,11.2,469.0,17.68014,75.885765
MH-SLP,2023-10-31,27.6,33.5,21.3,42,63,0.0,0.0,23.2,53,20.73,6.45,960.7,12.8,469.0,17.68014,75.885765
MH-SLP,2023-11-01,27.8,33.3,21.7,47,67,0.0,0.0,20.8,69,19.9,5.73,961.0,15.2,469.0,17.68014,75.885765
MH-SLP,2023-11-02,28.4,33.7,22.4,47,72,0.0,0.0,23.6,57,19.69,6.1,960.2,15.1,469.0,17.68014,75.885765
MH-SLP,2023-11-03,28.9,33.5,23.7,47,67,0.0,0.0,18.0,77,19.03,5.94,958.8,16.0,469.0,17.68014,75.885765
MH-SLP,2023-11-04,28.8,33.8,23.9,50,76,0.0,0.0,19.2,74,18.42,5.8,958.8,16.8,469.0,17.68014,75.885765
MH-SLP,2023-11-05,28.9,34.5,23.5,44,67,0.0,0.0,24.8,63,19.56,6.98,960.0,14.4,469.0,17.68014,75.885765
MH-SLP,2023-11-06,28.7,33.9,23.0,46,70,0.0,0.0,21.7,74,18.18,6.07,961.0,15.2,469.0,17.68014,75.885765
MH-SLP,2023-11-07,27.2,32.5,23.8,65,83,0.1,0.1,21.6,103,15.85,4.47,961.1,19.8,469.0,17.68014,75.885765
MH-SLP,2023-11-08,25.4,29.4,22.6,78,92,6.3,6.3,16.8,93,11.85,2.82,960.9,21.1,469.0,17.68014,75.885765
MH-SLP,2023-11-09,25.0,29.9,22.2,80,93,4.6,4.6,16.7,126,16.55,3.64,961.4,21.0,469.0,17.68014,75.885765
MH-SLP,2023-11-10,26.1,30.6,22.5,72,88,0.0,0.0,12.6,119,16.13,3.78,962.4,20.3,469.0,17.68014,75.885765
MH-SLP,2023-11-11,26.6,32.2,22.9,66,86,0.0,0.0,14.3,95,19.04,4.7,962.6,19.2,469.0,17.68014,75.885765
MH-SLP,2023-11-12,26.5,32.5,20.8,61,83,0.0,0.0,14.8,106,19.3,4.93,962.6,17.7,469.0,17.68014,75.885765
MH-SLP,2023-11-13,26.1,31.6,20.6,58,77,0.0,0.0,13.3,100,18.66,4.72,962.2,16.7,469.0,17.68014,75.885765
MH-SLP,2023-11-14,25.8,31.3,20.1,56,72,0.0,0.0,10.9,85,16.85,4.11,961.5,15.8,469.0,17.68014,75.885765
MH-SLP,2023-11-15,26.8,32.2,20.6,45,73,0.0,0.0,15.6,70,19.81,5.27,961.3,12.7,469.0,17.68014,75.885765
MH-SLP,2023-11-16,27.1,32.6,20.7,44,69,0.0,0.0,13.1,69,19.62,5.34,961.3,12.9,469.0,17.68014,75.885765
MH-SLP,2023-11-17,27.0,32.2,21.1,47,69,0.0,0.0,12.2,71,19.54,4.83,961.2,13.8,469.0,17.68014,75.885765
MH-SLP,2023-11-18,27.8,32.9,22.1,50,73,0.0,0.0,16.3,113,18.88,5.02,960.7,15.8,469.0,17.68014,75.885765
MH-SLP,2023-11-19,28.4,33.3,23.6,51,70,0.0,0.0,17.3,106,17.89,5.45,961.1,16.7,469.0,17.68014,75.885765
MH-SLP,2023-11-20,28.0,33.7,23.0,46,73,0.0,0.0,20.9,76,18.26,6.07,961.3,14.4,469.0,17.68014,75.885765
MH-SLP,2023-11-21,27.6,32.7,21.8,45,68,0.0,0.0,18.5,67,19.37,5.65,960.7,13.8,469.0,17.68014,75.885765
MH-SLP,2023-11-22,28.0,32.9,22.5,51,74,0.0,0.0,13.5,81,18.15,5.1,960.0,16.3,469.0,17.68014,75.885765
MH-SLP,2023-11-23,27.7,32.7,23.0,58,85,0.7,0.7,18.4,108,17.07,4.77,958.7,17.9,469.0,17.68014,75.885765
MH-SLP,2023-11-24,26.7,31.1,22.7,66,88,0.9,0.9,19.5,104,15.46,4.24,959.2,19.5,469.0,17.68014,75.885765
MH-SLP,2023-11-25,26.8,31.5,22.5,64,85,0.4,0.4,18.2,116,16.16,4.59,960.9,18.9,469.0,17.68014,75.885765
MH-SLP,2023-11-26,27.2,32.1,22.7,59,77,0.3,0.3,20.4,129,17.12,5.21,961.1,18.2,469.0,17.68014,75.885765
MH-SLP,2023-11-27,25.2,29.9,21.6,72,89,7.5,7.5,19.5,150,17.68,4.12,959.9,19.4,469.0,17.68014,75.885765
MH-SLP,2023-11-28,22.8,26.1,20.3,85,95,29.3,29.3,22.8,85,12.47,2.53,959.2,20.1,469.0,17.68014,75.885765
MH-SLP,2023-11-29,24.0,28.3,20.4,80,95,0.7,0.7,15.3,118,16.53,3.45,959.6,20.2,469.0,17.68014,75.885765
MH-SLP,2023-11-30,24.3,27.6,20.5,80,97,2.5,2.5,20.1,132,13.51,3.02,960.2,20.6,469.0,17.68014,75.885765
MH-SLP,2023-12-01,23.7,26.9,20.5,82,92,14.3,14.3,12.8,91,8.42,1.93,960.1,20.3,469.0,17.68014,75.885765
MH-SLP,2023-12-02,24.4,29.9,20.1,70,88,0.0,0.0,15.4,91,17.95,4.12,959.0,18.2,469.0,17.68014,75.885765
MH-SLP,2023-12-03,24.6,29.7,20.1,72,87,0.0,0.0,16.4,79,17.5,4.11,959.3,18.9,469.0,17.68014,75.885765
MH-SLP,2023-12-04,24.6,29.4,20.4,72,85,0.0,0.0,17.4,47,15.46,3.82,958.2,18.8,469.0,17.68014,75.885765
MH-SLP,2023-12-05,24.2,29.3,20.6,75,87,0.4,0.4,22.9,28,14.16,3.6,957.0,19.2,469.0,17.68014,75.885765
MH-SLP,2023-12-06,23.6,27.4,20.5,78,92,0.3,0.3,14.5,9,13.18,2.95,958.1,19.4,469.0,17.68014,75.885765
MH-SLP,2023-12-07,22.7,27.3,18.9,82,97,0.1,0.1,10.3,19,15.35,3.06,959.2,19.3,469.0,17.68014,75.885765
MH-SLP,2023-12-08,23.3,27.9,19.2,76,93,0.1,0.1,14.3,69,15.62,3.15,960.0,18.5,469.0,17.68014,75.885765
MH-SLP,2023-12-09,23.8,28.9,19.5,70,88,0.0,0.0,15.6,69,17.02,3.93,961.1,17.7,469.0,17.68014,75.885765
MH-SLP,2023-12-10,23.9,28.9,19.2,65,80,0.0,0.0,15.3,73,16.38,3.86,960.3,16.4,469.0,17.68014,75.885765
MH-SLP,2023-12-11,23.8,28.7,19.1,62,77,0.0,0.0,17.3,104,17.58,4.11,960.5,15.7,469.0,17.68014,75.885765
MH-SLP,2023-12-12,23.6,28.9,18.8,60,75,0.0,0.0,17.1,120,17.69,4.28,959.5,15.1,469.0,17.68014,75.885765
MH-SLP,2023-12-13,23.7,28.9,18.9,57,75,0.0,0.0,15.3,102,17.86,4.61,960.2,14.0,469.0,17.68014,75.885765
MH-SLP,2023-12-14,23.3,28.0,18.8,56,74,0.0,0.0,17.7,106,17.83,4.76,962.0,13.5,469.0,17.68014,75.885765
MH-SLP,2023-12-15,22.2,27.5,16.6,58,82,0.0,0.0,14.8,92,18.0,4.28,962.4,12.7,469.0,17.68014,75.885765
MH-SLP,2023-12-16,22.9,28.3,17.9,66,81,0.0,0.0,13.4,84,14.88,3.39,961.6,15.8,469.0,17.68014,75.885765
MH-SLP,2023-12-17,24.3,29.3,19.7,64,84,0.0,0.0,15.9,90,13.97,3.73,961.2,16.6,469.0,17.68014,75.885765
MH-SLP,2023-12-18,24.2,28.5,20.2,55,65,0.0,0.0,20.2,75,15.93,4.91,962.4,14.3,469.0,17.68014,75.885765
MH-SLP,2023-12-19,22.6,27.4,18.9,54,67,0.0,0.0,19.6,68,14.1,4.57,963.1,12.7,469.0,17.68014,75.885765
MH-SLP,2023-12-20,22.2,28.3,17.0,54,70,0.0,0.0,15.8,68,15.93,4.48,963.0,12.0,469.0,17.68014,75.885765
MH-SLP,2023-12-21,23.1,29.4,17.0,51,67,0.0,0.0,14.5,70,17.33,4.64,962.1,12.1,469.0,17.68014,75.885765
MH-SLP,2023-12-22,22.8,29.5,17.1,50,75,0.0,0.0,15.8,73,15.17,4.09,961.8,11.2,469.0,17.68014,75.885765
MH-SLP,2023-12-23,23.1,30.4,16.6,48,77,0.0,0.0,12.4,86,17.61,4.59,962.5,10.6,469.0,17.68014,75.885765
MH-SLP,2023-12-24,23.1,30.3,17.0,53,82,0.0,0.0,13.5,98,17.19,4.69,964.0,12.3,469.0,17.68014,75.885765
MH-SLP,2023-12-25,23.0,30.0,16.4,59,81,0.0,0.0,12.4,96,17.57,4.24,963.7,13.9,469.0,17.68014,75.885765
MH-SLP,2023-12-26,23.6,30.7,17.1,56,82,0.0,0.0,14.2,88,17.83,4.38,963.5,13.5,469.0,17.68014,75.885765
MH-SLP,2023-12-27,23.8,30.7,17.4,49,63,0.0,0.0,15.3,93,18.02,4.98,963.8,11.9,469.0,17.68014,75.885765
MH-SLP,2023-12-28,23.8,30.2,17.9,55,83,0.0,0.0,14.7,115,17.82,4.75,962.5,13.8,469.0,17.68014,75.885765
MH-SLP,2023-12-29,23.8,30.2,17.5,58,86,0.0,0.0,15.4,124,17.85,4.59,962.5,14.4,469.0,17.68014,75.885765
MH-SLP,2023-12-30,24.1,30.0,17.7,59,85,0.0,0.0,14.5,113,17.88,4.33,961.9,14.8,469.0,17.68014,75.885765
MH-SLP,2023-12-31,24.7,30.6,18.9,55,79,0.0,0.0,16.8,115,17.9,4.8,961.2,14.3,469.0,17.68014,75.885765
