site_id,date,temperature_2m_mean,temperature_2m_max,temperature_2m_min,relative_humidity_2m_mean,relative_humidity_2m_max,precipitation_sum,rain_sum,wind_speed_10m_max,wind_direction_10m_dominant,shortwave_radiation_sum,et0_fao_evapotranspiration,surface_pressure_mean,dew_point_2m_mean,elevation_m,lat,lon
MP-CHW,2020-12-01,19.4,27.0,13.8,63,86,0.0,0.0,8.9,7,17.03,3.43,939.2,11.7,685.0,22.038664,78.97013
MP-CHW,2020-12-02,18.8,27.0,12.4,51,81,0.0,0.0,9.9,354,17.24,3.83,938.1,7.4,685.0,22.038664,78.97013
MP-CHW,2020-12-03,18.5,27.2,11.8,52,72,0.0,0.0,10.4,2,17.35,3.74,937.3,7.3,685.0,22.038664,78.97013
MP-CHW,2020-12-04,18.5,26.9,11.6,52,79,0.0,0.0,8.9,344,17.19,3.55,936.3,7.4,685.0,22.038664,78.97013
MP-CHW,2020-12-05,19.3,27.2,12.1,48,69,0.0,0.0,10.0,256,17.05,3.55,937.0,7.1,685.0,22.038664,78.97013
MP-CHW,2020-12-06,19.4,27.4,12.2,52,77,0.0,0.0,8.7,243,16.95,3.55,938.4,8.4,685.0,22.038664,78.97013
MP-CHW,2020-12-07,19.7,27.7,13.1,55,77,0.0,0.0,8.0,296,16.68,3.33,939.8,9.5,685.0,22.038664,78.97013
MP-CHW,2020-12-08,19.7,27.4,12.8,56,80,0.0,0.0,8.3,296,16.77,3.37,939.8,9.7,685.0,22.038664,78.97013
MP-CHW,2020-12-09,19.7,26.9,13.3,60,83,0.0,0.0,9.5,297,16.48,3.25,938.5,10.9,685.0,22.038664,78.97013
MP-CHW,2020-12-10,20.2,26.8,15.1,61,84,0.0,0.0,9.0,334,14.97,3.06,937.8,11.9,685.0,22.038664,78.97013
MP-CHW,2020-12-11,20.9,26.8,14.1,57,84,0.0,0.0,11.2,59,15.69,3.38,938.0,11.6,685.0,22.038664,78.97013
MP-CHW,2020-12-12,19.5,22.6,16.3,67,86,0.6,0.6,8.8,18,4.19,1.39,938.0,13.2,685.0,22.038664,78.97013
MP-CHW,2020-12-13,19.1,23.4,16.3,77,91,0.8,0.8,8.5,61,7.08,1.59,936.8,14.7,685.0,22.038664,78.97013
MP-CHW,2020-12-14,19.4,24.1,16.8,79,95,4.5,4.5,8.3,122,8.96,1.94,937.0,15.3,685.0,22.038664,78.97013
MP-CHW,2020-12-15,19.9,24.8,16.2,75,95,0.2,0.2,11.5,148,11.22,2.34,938.6,15.1,685.0,22.038664,78.97013
MP-CHW,2020-12-16,19.6,25.2,15.7,79,94,1.4,1.4,12.0,31,13.67,2.73,939.8,15.5,685.0,22.038664,78.97013
MP-CHW,2020-12-17,17.9,24.4,13.7,81,100,0.0,0.0,13.2,358,13.85,2.67,940.0,14.1,685.0,22.038664,78.97013
MP-CHW,2020-12-18,16.7,24.1,11.8,72,94,0.0,0.0,12.0,330,16.33,3.19,939.4,10.8,685.0,22.038664,78.97013
MP-CHW,2020-12-19,15.3,23.5,10.0,57,89,0.0,0.0,10.0,15,17.23,3.4,939.9,5.6,685.0,22.038664,78.97013
MP-CHW,2020-12-20,15.1,23.9,8.0,46,69,0.0,0.0,10.4,8,17.23,3.81,940.2,2.3,685.0,22.038664,78.97013
MP-CHW,2020-12-21,15.0,24.1,7.7,46,65,0.0,0.0,10.7,3,17.29,3.74,938.5,2.6,685.0,22.038664,78.97013
MP-CHW,2020-12-22,15.2,24.6,7.8,50,70,0.0,0.0,10.3,11,17.2,3.61,937.2,3.8,685.0,22.038664,78.97013
MP-CHW,2020-12-23,16.1,24.5,8.8,48,72,0.0,0.0,10.8,16,17.03,3.27,936.3,4.0,685.0,22.038664,78.97013
MP-CHW,2020-12-24,16.2,24.6,8.4,50,72,0.0,0.0,10.7,358,17.02,3.28,936.0,4.6,685.0,22.038664,78.97013
MP-CHW,2020-12-25,16.3,24.3,10.0,55,78,0.0,0.0,10.1,25,16.8,3.45,937.4,6.4,685.0,22.038664,78.97013
MP-CHW,2020-12-26,16.0,24.8,8.9,57,79,0.0,0.0,9.2,341,16.86,3.22,937.5,6.8,685.0,22.038664,78.97013
MP-CHW,2020-12-27,17.6,25.8,10.5,60,79,0.0,0.0,10.0,243,16.56,3.36,936.5,9.0,685.0,22.038664,78.97013
MP-CHW,2020-12-28,18.6,25.4,13.6,63,80,0.0,0.0,9.9,284,15.67,3.35,936.3,11.0,685.0,22.038664,78.97013
MP-CHW,2020-12-29,17.4,24.6,11.4,67,92,0.0,0.0,12.8,19,14.98,2.99,936.9,10.7,685.0,22.038664,78.97013
MP-CHW,2020-12-30,17.8,24.9,11.0,69,94,0.0,0.0,12.1,51,14.64,2.93,937.7,11.4,685.0,22.038664,78.97013
MP-CHW,2020-12-31,17.3,24.4,11.0,68,94,0.0,0.0,9.2,102,16.07,3.11,938.2,10.8,685.0,22.038664,78.97013
MP-CHW,2021-01-01,17.4,24.7,11.0,66,91,0.0,0.0,9.7,124,16.58,3.29,938.3,10.3,685.0,22.038664,78.97013
MP-CHW,2021-01-02,18.6,25.0,13.8,61,83,0.0,0.0,9.7,139,16.12,3.32,938.2,10.5,685.0,22.038664,78.97013
MP-CHW,2021-01-03,19.0,25.6,14.3,63,85,0.0,0.0,10.2,150,15.12,3.29,936.7,11.4,685.0,22.038664,78.97013
MP-CHW,2021-01-04,19.5,25.6,13.8,62,85,0.0,0.0,10.8,121,13.18,2.95,937.0,11.4,685.0,22.038664,78.97013
MP-CHW,2021-01-05,18.5,20.8,15.2,72,82,0.0,0.0,7.9,23,3.3,1.08,937.6,13.2,685.0,22.038664,78.97013
MP-CHW,2021-01-06,20.7,26.1,15.5,67,85,0.0,0.0,6.4,345,13.08,2.69,937.1,13.9,685.0,22.038664,78.97013
MP-CHW,2021-01-07,21.3,27.0,16.2,68,91,0.0,0.0,8.0,52,14.28,3.1,935.9,14.4,685.0,22.038664,78.97013
MP-CHW,2021-01-08,20.8,24.4,17.3,69,80,0.0,0.0,8.6,70,6.27,1.71,935.6,14.8,685.0,22.038664,78.97013
MP-CHW,2021-01-09,21.4,27.1,16.8,69,92,0.0,0.0,8.7,129,14.49,3.12,936.1,14.8,685.0,22.038664,78.97013
MP-CHW,2021-01-10,21.3,27.8,15.7,73,98,0.0,0.0,8.6,349,14.91,2.98,936.6,15.5,685.0,22.038664,78.97013
MP-CHW,2021-01-11,21.1,28.3,15.0,74,98,0.0,0.0,12.4,348,16.51,3.47,937.8,15.4,685.0,22.038664,78.97013
MP-CHW,2021-01-12,19.4,26.5,13.7,77,100,0.0,0.0,11.8,352,16.19,3.25,938.1,14.6,685.0,22.038664,78.97013
MP-CHW,2021-01-13,16.1,24.5,10.2,58,94,0.0,0.0,10.1,7,18.17,3.59,937.1,6.2,685.0,22.038664,78.97013
MP-CHW,2021-01-14,15.5,25.0,8.2,50,72,0.0,0.0,9.7,12,18.01,3.67,936.4,4.5,685.0,22.038664,78.97013
MP-CHW,2021-01-15,16.7,26.3,8.6,49,73,0.0,0.0,9.7,340,18.0,3.81,935.4,5.4,685.0,22.038664,78.97013
MP-CHW,2021-01-16,18.7,27.0,11.8,55,76,0.0,0.0,12.4,340,17.13,3.65,934.7,8.9,685.0,22.038664,78.97013
MP-CHW,2021-01-17,19.7,27.1,11.9,58,85,0.0,0.0,8.4,57,15.62,3.27,936.1,10.5,685.0,22.038664,78.97013
MP-CHW,2021-01-18,20.4,26.6,14.3,57,82,0.0,0.0,10.0,176,16.28,3.55,937.2,11.1,685.0,22.038664,78.97013
MP-CHW,2021-01-19,21.8,28.3,15.9,59,80,0.0,0.0,15.0,259,15.2,3.79,936.2,13.0,685.0,22.038664,78.97013
MP-CHW,2021-01-20,20.4,27.6,14.6,70,98,0.0,0.0,16.2,316,16.21,3.67,936.5,13.9,685.0,22.038664,78.97013
MP-CHW,2021-01-21,18.5,26.6,11.9,48,81,0.0,0.0,10.0,13,18.8,3.99,936.6,5.1,685.0,22.038664,78.97013
MP-CHW,2021-01-22,18.1,26.8,10.2,44,70,0.0,0.0,10.1,346,18.71,3.87,936.5,4.9,685.0,22.038664,78.97013
MP-CHW,2021-01-23,19.5,28.3,11.6,53,72,0.0,0.0,10.5,272,18.37,4.07,935.7,9.1,685.0,22.038664,78.97013
MP-CHW,2021-01-24,20.7,28.0,14.2,59,80,0.0,0.0,13.9,293,18.19,4.25,936.3,11.7,685.0,22.038664,78.97013
MP-CHW,2021-01-25,19.1,26.9,13.0,61,89,0.0,0.0,12.1,347,18.51,3.99,937.5,10.4,685.0,22.038664,78.97013
MP-CHW,2021-01-26,18.8,26.9,12.2,63,91,0.0,0.0,15.0,353,17.91,3.88,937.3,10.9,685.0,22.038664,78.97013
MP-CHW,2021-01-27,18.2,26.1,11.0,61,80,0.2,0.2,13.2,3,16.85,3.63,937.5,10.2,685.0,22.038664,78.97013
MP-CHW,2021-01-28,19.0,25.6,13.2,65,88,1.0,1.0,15.4,330,14.64,3.22,937.4,11.9,685.0,22.038664,78.97013
MP-CHW,2021-01-29,17.4,24.9,12.0,59,90,3.0,3.0,12.9,1,16.49,3.7,938.4,8.5,685.0,22.038664,78.97013
MP-CHW,2021-01-30,15.2,23.8,8.2,41,75,0.0,0.0,10.9,10,20.19,4.17,938.3,-0.1,685.0,22.038664,78.97013
MP-CHW,2021-01-31,15.9,24.9,8.2,39,65,0.0,0.0,14.5,354,19.54,4.34,938.6,1.1,685.0,22.038664,78.97013
MP-CHW,2021-02-01,16.8,25.9,9.0,37,55,0.0,0.0,10.1,355,19.63,4.28,940.3,1.1,685.0,22.038664,78.97013
MP-CHW,2021-02-02,18.0,27.2,9.4,36,62,0.0,0.0,10.5,342,19.83,4.24,940.1,1.5,685.0,22.038664,78.97013
MP-CHW,2021-02-03,18.9,27.1,11.1,36,54,0.0,0.0,10.6,266,19.73,4.2,939.1,2.7,685.0,22.038664,78.97013
MP-CHW,2021-02-04,19.3,26.4,13.0,34,54,0.0,0.0,13.3,186,19.68,4.56,938.8,2.5,685.0,22.038664,78.97013
MP-CHW,2021-02-05,19.9,27.0,12.6,37,60,0.0,0.0,13.2,224,17.99,4.68,937.5,4.1,685.0,22.038664,78.97013
MP-CHW,2021-02-06,18.0,24.3,13.6,54,82,0.0,0.0,15.8,2,19.45,4.46,938.4,7.8,685.0,22.038664,78.97013
MP-CHW,2021-02-07,16.3,23.8,10.4,44,71,0.0,0.0,11.3,11,20.6,4.48,939.5,3.0,685.0,22.038664,78.97013
MP-CHW,2021-02-08,16.7,25.3,9.4,46,74,0.0,0.0,10.0,10,20.81,4.15,939.4,3.6,685.0,22.038664,78.97013
MP-CHW,2021-02-09,18.3,27.2,9.2,46,77,0.0,0.0,8.8,332,20.56,4.16,937.8,5.3,685.0,22.038664,78.97013
MP-CHW,2021-02-10,19.5,28.4,10.7,45,76,0.0,0.0,10.1,309,20.65,4.59,936.1,5.9,685.0,22.038664,78.97013
MP-CHW,2021-02-11,20.2,28.4,12.8,42,68,0.0,0.0,10.3,351,20.29,4.57,935.8,5.9,685.0,22.038664,78.97013
MP-CHW,2021-02-12,20.7,29.0,13.0,42,62,0.0,0.0,10.8,358,20.32,4.76,936.6,6.3,685.0,22.038664,78.97013
MP-CHW,2021-02-13,21.7,29.6,13.7,44,72,0.0,0.0,9.9,305,19.87,4.65,937.3,8.2,685.0,22.038664,78.97013
MP-CHW,2021-02-14,21.9,28.7,15.3,44,66,0.0,0.0,10.7,323,17.09,4.33,937.3,8.6,685.0,22.038664,78.97013
MP-CHW,2021-02-15,22.3,28.7,16.2,43,66,0.0,0.0,9.9,289,17.52,4.35,936.2,8.5,685.0,22.038664,78.97013
MP-CHW,2021-02-16,20.9,27.2,16.7,56,80,2.8,2.8,20.9,339,15.34,3.47,935.9,11.3,685.0,22.038664,78.97013
MP-CHW,2021-02-17,18.7,23.1,15.3,76,96,7.2,7.2,12.6,178,15.69,3.0,937.2,14.0,685.0,22.038664,78.97013
MP-CHW,2021-02-18,18.4,25.0,12.9,74,100,0.2,0.2,8.8,245,17.81,3.39,938.6,12.7,685.0,22.038664,78.97013
MP-CHW,2021-02-19,18.2,23.7,12.9,66,94,0.2,0.2,8.7,29,13.49,2.84,939.8,11.1,685.0,22.038664,78.97013
MP-CHW,2021-02-20,19.4,25.9,14.1,50,71,0.0,0.0,15.8,42,20.09,4.65,940.0,8.2,685.0,22.038664,78.97013
MP-CHW,2021-02-21,20.3,27.2,13.1,43,66,0.0,0.0,10.9,29,21.73,4.75,940.0,6.7,685.0,22.038664,78.97013
MP-CHW,2021-02-22,20.2,28.7,12.3,41,69,0.0,0.0,10.0,331,21.87,4.89,939.0,5.4,685.0,22.038664,78.97013
MP-CHW,2021-02-23,20.9,29.7,12.8,37,60,0.0,0.0,10.2,324,22.19,5.25,937.4,4.1,685.0,22.038664,78.97013
MP-CHW,2021-02-24,22.0,30.4,13.7,37,60,0.0,0.0,8.7,328,22.12,5.15,936.1,5.7,685.0,22.038664,78.97013
MP-CHW,2021-02-25,23.1,31.0,14.8,38,57,0.0,0.0,15.8,291,22.1,5.53,935.9,7.1,685.0,22.038664,78.97013
MP-CHW,2021-02-26,23.7,30.9,18.1,39,59,0.0,0.0,15.6,292,22.28,6.0,934.6,7.8,685.0,22.038664,78.97013
MP-CHW,2021-02-27,23.7,31.5,17.4,38,61,0.0,0.0,12.6,309,22.18,5.74,934.1,7.5,685.0,22.038664,78.97013
MP-CHW,2021-02-28,24.3,31.8,17.9,37,54,0.0,0.0,13.4,294,21.43,5.82,934.9,7.9,685.0,22.038664,78.97013
MP-CHW,2021-03-01,24.5,32.4,18.2,36,55,0.0,0.0,18.2,300,22.15,6.25,937.0,7.3,685.0,22.038664,78.97013
MP-CHW,2021-03-02,23.1,31.1,16.2,32,59,0.0,0.0,12.5,340,23.14,6.06,938.3,4.3,685.0,22.038664,78.97013
MP-CHW,2021-03-03,22.3,31.5,13.8,31,56,0.0,0.0,10.0,345,23.41,5.55,937.2,3.4,685.0,22.038664,78.97013
MP-CHW,2021-03-04,23.0,32.6,14.4,33,49,0.0,0.0,10.2,272,23.44,5.44,936.7,4.2,685.0,22.038664,78.97013
MP-CHW,2021-03-05,24.3,32.3,16.9,25,38,0.0,0.0,18.5,297,23.29,6.98,936.8,2.3,685.0,22.038664,78.97013
MP-CHW,2021-03-06,23.6,32.1,14.8,23,45,0.0,0.0,14.9,326,23.57,6.43,937.2,0.3,685.0,22.038664,78.97013
MP-CHW,2021-03-07,24.1,32.4,16.1,30,48,0.0,0.0,10.8,221,23.38,5.72,936.4,4.2,685.0,22.038664,78.97013
MP-CHW,2021-03-08,25.5,33.2,17.1,30,48,0.0,0.0,13.4,234,22.58,5.93,936.8,5.9,685.0,22.038664,78.97013
MP-CHW,2021-03-09,25.6,32.8,19.2,31,53,0.0,0.0,12.7,288,17.91,5.08,937.1,6.1,685.0,22.038664,78.97013
MP-CHW,2021-03-10,25.4,32.1,19.4,33,50,0.0,0.0,9.4,284,18.65,5.0,937.0,7.1,685.0,22.038664,78.97013
MP-CHW,2021-03-11,25.4,32.3,19.0,35,51,0.0,0.0,16.6,213,18.11,5.22,937.4,8.1,685.0,22.038664,78.97013
MP-CHW,2021-03-12,25.7,32.1,19.7,38,56,0.0,0.0,20.5,134,21.19,6.04,938.9,9.5,685.0,22.038664,78.97013
MP-CHW,2021-03-13,23.4,30.0,16.2,52,88,0.2,0.2,20.7,44,20.19,4.99,939.6,11.9,685.0,22.038664,78.97013
MP-CHW,2021-03-14,24.4,31.4,17.1,42,72,0.0,0.0,10.5,348,19.39,5.11,937.3,9.7,685.0,22.038664,78.97013
MP-CHW,2021-03-15,25.2,31.9,17.6,39,60,0.0,0.0,10.4,9,20.11,5.23,936.3,9.6,685.0,22.038664,78.97013
MP-CHW,2021-03-16,24.9,31.9,18.8,42,60,1.9,1.9,12.6,318,17.85,4.4,936.4,10.8,685.0,22.038664,78.97013
MP-CHW,2021-03-17,26.0,32.6,19.2,37,60,0.0,0.0,9.4,7,18.11,4.78,935.6,9.5,685.0,22.038664,78.97013
MP-CHW,2021-03-18,25.3,31.6,20.3,43,58,1.0,1.0,19.4,192,17.59,4.67,936.0,11.5,685.0,22.038664,78.97013
MP-CHW,2021-03-19,22.8,29.3,19.1,66,89,2.9,2.9,17.4,254,18.24,4.16,936.2,15.5,685.0,22.038664,78.97013
MP-CHW,2021-03-20,24.2,31.6,16.3,54,100,0.0,0.0,15.6,281,22.41,5.59,934.4,11.9,685.0,22.038664,78.97013
MP-CHW,2021-03-21,24.8,31.5,17.9,44,81,0.0,0.0,15.1,287,21.44,5.72,934.2,10.5,685.0,22.038664,78.97013
MP-CHW,2021-03-22,24.1,30.3,17.9,47,63,0.2,0.2,13.2,296,16.17,4.32,936.7,11.8,685.0,22.038664,78.97013
MP-CHW,2021-03-23,23.5,30.4,17.6,55,79,0.0,0.0,10.0,196,19.25,4.5,937.9,13.4,685.0,22.038664,78.97013
MP-CHW,2021-03-24,24.2,31.9,16.1,51,96,0.0,0.0,11.1,323,22.37,5.4,937.4,11.4,685.0,22.038664,78.97013
MP-CHW,2021-03-25,25.6,32.6,18.2,36,61,0.0,0.0,16.8,320,23.77,6.38,936.3,8.3,685.0,22.038664,78.97013
MP-CHW,2021-03-26,24.9,32.3,19.4,30,47,0.0,0.0,14.8,349,25.24,6.76,936.3,5.1,685.0,22.038664,78.97013
MP-CHW,2021-03-27,25.1,33.7,16.4,28,50,0.0,0.0,13.0,326,25.46,6.59,934.8,4.0,685.0,22.038664,78.97013
MP-CHW,2021-03-28,26.6,34.7,17.3,31,60,0.0,0.0,13.8,289,24.74,6.83,933.5,6.7,685.0,22.038664,78.97013
MP-CHW,2021-03-29,28.5,36.4,20.2,22,40,0.0,0.0,13.4,296,25.52,7.31,932.7,3.9,685.0,22.038664,78.97013
MP-CHW,2021-03-30,29.4,35.6,23.6,19,28,0.0,0.0,24.4,285,25.86,9.36,931.1,3.3,685.0,22.038664,78.97013
MP-CHW,2021-03-31,28.8,35.3,22.5,25,39,0.0,0.0,20.0,288,25.93,8.48,930.1,5.9,685.0,22.038664,78.97013
MP-CHW,2021-04-01,28.4,35.1,21.6,28,56,0.0,0.0,17.3,304,25.81,7.71,930.1,6.9,685.0,22.038664,78.97013
MP-CHW,2021-04-02,27.0,35.4,18.3,19,31,0.0,0.0,9.8,324,26.46,6.65,931.0,0.5,685.0,22.038664,78.97013
MP-CHW,2021-04-03,27.3,36.1,18.6,20,35,0.0,0.0,15.2,329,26.18,6.88,932.0,1.1,685.0,22.038664,78.97013
MP-CHW,2021-04-04,27.7,35.4,18.8,19,38,0.0,0.0,14.2,357,26.17,7.29,934.3,1.5,685.0,22.038664,78.97013
MP-CHW,2021-04-05,27.5,36.4,18.6,20,35,0.0,0.0,12.9,312,26.36,6.88,934.9,1.4,685.0,22.038664,78.97013
MP-CHW,2021-04-06,29.2,37.2,21.6,21,30,0.0,0.0,14.9,264,25.23,7.25,934.6,4.0,685.0,22.038664,78.97013
MP-CHW,2021-04-07,30.2,36.6,24.2,22,32,0.0,0.0,19.0,294,21.44,7.22,935.0,5.6,685.0,22.038664,78.97013
MP-CHW,2021-04-08,30.1,36.5,23.2,23,43,0.0,0.0,16.5,287,22.49,7.01,933.2,5.7,685.0,22.038664,78.97013
MP-CHW,2021-04-09,28.4,35.4,22.2,34,66,0.0,0.0,12.4,211,21.9,6.04,933.5,10.1,685.0,22.038664,78.97013
MP-CHW,2021-04-10,26.5,34.8,20.3,51,71,1.2,1.2,14.0,193,22.71,5.57,935.6,14.8,685.0,22.038664,78.97013
MP-CHW,2021-04-11,25.6,33.7,20.3,54,76,2.4,2.4,15.8,232,21.39,5.16,937.0,14.7,685.0,22.038664,78.97013
MP-CHW,2021-04-12,27.2,34.6,19.4,36,70,0.0,0.0,12.1,334,23.29,5.96,937.3,9.2,685.0,22.038664,78.97013
MP-CHW,2021-04-13,27.7,35.4,20.2,26,57,0.0,0.0,11.2,6,24.1,6.12,936.4,4.8,685.0,22.038664,78.97013
MP-CHW,2021-04-14,27.7,34.9,20.7,30,51,0.0,0.0,24.6,256,21.93,6.99,935.8,7.9,685.0,22.038664,78.97013
MP-CHW,2021-04-15,27.3,32.0,22.7,30,43,0.0,0.0,13.9,227,20.15,6.15,935.5,7.9,685.0,22.038664,78.97013
MP-CHW,2021-04-16,27.5,34.5,20.0,32,50,0.0,0.0,10.4,250,22.9,6.08,934.5,8.3,685.0,22.038664,78.97013
MP-CHW,2021-04-17,28.6,35.1,22.1,28,40,0.0,0.0,18.3,285,22.98,7.3,935.3,7.5,685.0,22.038664,78.97013
MP-CHW,2021-04-18,28.9,35.6,22.6,28,42,0.0,0.0,15.6,325,23.5,7.15,935.8,7.3,685.0,22.038664,78.97013
MP-CHW,2021-04-19,28.6,36.1,20.9,28,45,0.0,0.0,16.4,321,22.6,6.41,933.8,7.1,685.0,22.038664,78.97013
MP-CHW,2021-04-20,29.7,36.3,22.7,28,51,0.0,0.0,14.1,225,23.33,6.61,932.6,8.5,685.0,22.038664,78.97013
MP-CHW,2021-04-21,28.6,33.9,22.8,40,82,0.0,0.0,15.7,267,18.66,5.91,934.6,12.0,685.0,22.038664,78.97013
MP-CHW,2021-04-22,28.3,34.6,22.3,25,45,0.0,0.0,13.2,331,22.79,6.97,935.4,5.3,685.0,22.038664,78.97013
MP-CHW,2021-04-23,27.8,35.1,19.4,23,42,0.0,0.0,10.0,222,26.81,6.85,934.7,3.8,685.0,22.038664,78.97013
MP-CHW,2021-04-24,29.0,36.6,20.6,22,45,0.0,0.0,17.4,295,25.76,7.58,934.1,4.3,685.0,22.038664,78.97013
MP-CHW,2021-04-25,29.5,36.3,22.0,22,36,0.0,0.0,16.4,358,25.82,8.21,934.7,4.8,685.0,22.038664,78.97013
MP-CHW,2021-04-26,29.8,36.6,21.8,14,23,0.0,0.0,15.5,358,26.55,7.8,934.2,-1.2,685.0,22.038664,78.97013
MP-CHW,2021-04-27,29.2,37.4,21.0,18,30,0.0,0.0,14.8,345,26.37,7.61,934.1,1.0,685.0,22.038664,78.97013
MP-CHW,2021-04-28,30.0,37.7,21.8,20,46,0.0,0.0,10.2,52,24.15,6.62,934.6,3.2,685.0,22.038664,78.97013
MP-CHW,2021-04-29,30.9,37.8,23.4,17,30,0.0,0.0,10.8,273,24.45,6.59,934.0,2.3,685.0,22.038664,78.97013
MP-CHW,2021-04-30,30.6,37.5,23.2,18,30,0.0,0.0,13.0,208,24.68,6.96,933.1,3.4,685.0,22.038664,78.97013
MP-CHW,2021-05-01,30.6,36.8,24.2,28,44,0.0,0.0,25.6,230,21.54,7.42,933.9,9.4,685.0,22.038664,78.97013
MP-CHW,2021-05-02,28.4,34.7,23.3,38,58,0.3,0.3,22.9,261,19.2,5.96,935.0,12.1,685.0,22.038664,78.97013
MP-CHW,2021-05-03,27.1,33.1,21.6,44,61,2.4,2.4,18.6,289,21.92,5.83,934.0,13.2,685.0,22.038664,78.97013
MP-CHW,2021-05-04,28.2,34.1,21.7,40,68,0.0,0.0,11.2,256,21.72,5.87,933.3,12.2,685.0,22.038664,78.97013
MP-CHW,2021-05-05,30.2,36.3,22.9,29,50,0.0,0.0,20.0,269,21.01,6.74,932.7,9.3,685.0,22.038664,78.97013
MP-CHW,2021-05-06,30.6,36.6,25.3,35,56,0.0,0.0,17.0,205,22.95,7.3,933.8,12.1,685.0,22.038664,78.97013
MP-CHW,2021-05-07,29.6,35.2,25.0,45,64,0.4,0.4,17.4,214,22.12,6.31,934.9,15.8,685.0,22.038664,78.97013
MP-CHW,2021-05-08,28.7,35.6,23.4,52,78,0.0,0.0,17.2,170,21.65,6.02,934.3,17.0,685.0,22.038664,78.97013
MP-CHW,2021-05-09,28.1,34.6,24.0,59,80,2.0,2.0,23.6,192,22.37,5.71,932.9,18.8,685.0,22.038664,78.97013
MP-CHW,2021-05-10,28.2,34.9,21.9,57,87,0.0,0.0,12.7,198,22.99,5.84,932.1,18.3,685.0,22.038664,78.97013
MP-CHW,2021-05-11,29.8,36.0,23.0,44,85,0.0,0.0,20.0,271,22.06,6.67,931.3,14.4,685.0,22.038664,78.97013
MP-CHW,2021-05-12,30.4,37.1,23.5,33,72,0.0,0.0,21.0,260,25.79,7.88,929.8,11.0,685.0,22.038664,78.97013
MP-CHW,2021-05-13,30.4,35.8,23.7,30,47,0.0,0.0,19.0,309,24.27,7.99,929.7,10.3,685.0,22.038664,78.97013
MP-CHW,2021-05-14,30.4,36.7,21.9,38,73,0.0,0.0,16.6,178,22.87,6.95,930.0,13.2,685.0,22.038664,78.97013
MP-CHW,2021-05-15,30.2,35.2,25.4,50,73,0.1,0.1,18.8,176,22.31,6.63,930.9,18.3,685.0,22.038664,78.97013
MP-CHW,2021-05-16,30.5,36.0,25.5,49,64,0.0,0.0,17.7,157,22.91,7.0,931.8,18.0,685.0,22.038664,78.97013
MP-CHW,2021-05-17,28.9,34.3,23.9,62,91,1.5,1.5,16.9,158,18.96,5.09,932.3,20.4,685.0,22.038664,78.97013
MP-CHW,2021-05-18,27.5,32.3,23.7,71,92,6.3,6.3,19.6,175,20.43,4.85,931.5,21.6,685.0,22.038664,78.97013
MP-CHW,2021-05-19,26.7,32.6,22.6,76,97,6.5,6.5,26.2,182,18.83,4.65,929.8,21.9,685.0,22.038664,78.97013
MP-CHW,2021-05-20,26.5,31.4,22.4,65,90,0.5,0.5,22.5,250,21.11,5.5,930.2,18.7,685.0,22.038664,78.97013
MP-CHW,2021-05-21,27.2,34.0,19.5,52,83,0.0,0.0,12.8,346,25.81,6.49,931.6,15.3,685.0,22.038664,78.97013
MP-CHW,2021-05-22,28.6,34.1,21.2,48,77,0.0,0.0,13.7,332,20.77,5.37,931.1,15.7,685.0,22.038664,78.97013
MP-CHW,2021-05-23,29.0,34.2,23.1,46,71,0.0,0.0,15.5,319,17.49,5.49,931.6,15.5,685.0,22.038664,78.97013
MP-CHW,2021-05-24,29.6,35.3,23.7,36,61,0.0,0.0,21.6,329,23.63,7.68,931.7,12.1,685.0,22.038664,78.97013
MP-CHW,2021-05-25,29.9,36.6,23.1,28,45,0.0,0.0,27.5,336,24.31,8.78,928.9,8.1,685.0,22.038664,78.97013
MP-CHW,2021-05-26,30.8,37.4,23.3,27,39,0.0,0.0,27.5,327,25.48,9.13,926.8,9.2,685.0,22.038664,78.97013
MP-CHW,2021-05-27,31.1,37.5,25.8,38,55,0.0,0.0,25.5,299,21.92,8.45,927.4,14.2,685.0,22.038664,78.97013
MP-CHW,2021-05-28,31.1,36.1,25.9,43,61,0.1,0.1,20.4,300,20.8,7.17,929.5,16.5,685.0,22.038664,78.97013
MP-CHW,2021-05-29,31.4,37.0,27.3,46,58,0.1,0.1,25.3,313,20.7,6.91,931.0,17.7,685.0,22.038664,78.97013
MP-CHW,2021-05-30,31.6,36.9,26.3,44,66,0.0,0.0,19.1,310,20.73,6.87,931.3,17.4,685.0,22.038664,78.97013
MP-CHW,2021-05-31,30.4,34.3,27.6,49,60,0.0,0.0,17.2,292,12.01,4.51,929.7,18.2,685.0,22.038664,78.97013
MP-CHW,2021-06-01,29.1,32.4,26.9,51,65,0.0,0.0,12.4,278,8.61,3.7,930.7,17.9,685.0,22.038664,78.97013
MP-CHW,2021-06-02,29.0,33.4,25.5,53,71,0.0,0.0,12.7,268,12.07,4.04,931.8,17.9,685.0,22.038664,78.97013
MP-CHW,2021-06-03,28.4,34.7,23.8,60,77,0.0,0.0,15.0,227,16.44,4.55,932.7,19.4,685.0,22.038664,78.97013
MP-CHW,2021-06-04,26.6,29.5,24.0,70,86,5.2,5.2,12.9,216,13.91,3.64,933.6,20.6,685.0,22.038664,78.97013
MP-CHW,2021-06-05,26.7,31.3,23.0,69,91,6.4,6.4,13.8,223,18.73,4.52,932.7,20.3,685.0,22.038664,78.97013
MP-CHW,2021-06-06,27.3,31.4,23.5,70,87,1.9,1.9,12.3,242,18.36,4.4,932.4,21.1,685.0,22.038664,78.97013
MP-CHW,2021-06-07,28.2,33.8,24.3,67,82,5.3,5.3,13.1,268,21.1,5.24,931.5,21.1,685.0,22.038664,78.97013
MP-CHW,2021-06-08,27.6,33.3,23.9,71,88,10.9,10.9,15.5,270,18.71,4.75,929.9,21.6,685.0,22.038664,78.97013
MP-CHW,2021-06-09,26.4,30.1,22.7,77,95,4.4,4.4,15.5,270,13.18,3.33,928.5,21.9,685.0,22.038664,78.97013
MP-CHW,2021-06-10,26.5,31.1,23.2,79,97,10.7,10.7,17.8,270,16.43,4.0,926.9,22.3,685.0,22.038664,78.97013
MP-CHW,2021-06-11,25.5,29.3,22.2,83,95,19.3,19.3,25.4,290,13.06,3.18,926.0,22.3,685.0,22.038664,78.97013
MP-CHW,2021-06-12,25.8,30.4,22.7,83,93,19.2,19.2,19.8,293,15.38,3.58,926.3,22.4,685.0,22.038664,78.97013
MP-CHW,2021-06-13,26.8,30.1,22.3,77,98,1.5,1.5,21.0,304,20.23,4.69,926.0,22.3,685.0,22.038664,78.97013
MP-CHW,2021-06-14,26.9,30.4,24.4,72,83,0.9,0.9,21.9,298,19.81,4.94,925.0,21.4,685.0,22.038664,78.97013
MP-CHW,2021-06-15,26.6,29.7,23.8,75,86,1.7,1.7,20.4,264,17.67,4.38,924.5,21.6,685.0,22.038664,78.97013
MP-CHW,2021-06-16,26.0,30.3,22.1,77,91,0.0,0.0,20.2,254,17.48,4.09,926.2,21.5,685.0,22.038664,78.97013
MP-CHW,2021-06-17,25.9,30.2,22.9,78,88,2.0,2.0,16.6,261,14.95,3.69,926.7,21.6,685.0,22.038664,78.97013
MP-CHW,2021-06-18,25.3,29.1,22.3,79,94,2.7,2.7,19.9,250,12.95,3.42,927.3,21.1,685.0,22.038664,78.97013
MP-CHW,2021-06-19,25.2,29.3,22.8,78,95,2.6,2.6,22.8,244,14.21,3.64,928.6,20.9,685.0,22.038664,78.97013
MP-CHW,2021-06-20,25.6,30.0,22.4,73,88,0.6,0.6,20.5,256,20.08,4.74,930.0,20.3,685.0,22.038664,78.97013
MP-CHW,2021-06-21,26.1,29.7,22.5,70,82,1.0,1.0,21.4,275,18.25,4.69,930.2,20.1,685.0,22.038664,78.97013
MP-CHW,2021-06-22,26.8,31.1,23.5,73,85,2.2,2.2,18.6,290,19.12,4.72,929.8,21.4,685.0,22.038664,78.97013
MP-CHW,2021-06-23,25.6,29.7,23.0,83,94,10.8,10.8,18.9,284,13.31,3.11,929.4,22.5,685.0,22.038664,78.97013
MP-CHW,2021-06-24,24.4,26.8,22.8,87,95,6.4,6.4,19.6,285,7.87,2.13,928.9,22.0,685.0,22.038664,78.97013
MP-CHW,2021-06-25,24.7,27.9,22.6,86,95,3.8,3.8,21.7,292,12.22,2.76,928.3,22.1,685.0,22.038664,78.97013
MP-CHW,2021-06-26,26.9,31.0,23.2,73,90,0.1,0.1,16.6,318,22.0,5.1,928.8,21.4,685.0,22.038664,78.97013
MP-CHW,2021-06-27,26.5,30.9,23.5,80,97,7.9,7.9,14.8,328,20.21,4.48,930.5,22.5,685.0,22.038664,78.97013
MP-CHW,2021-06-28,25.5,30.0,22.7,86,98,6.8,6.8,9.5,254,17.99,3.74,930.7,22.9,685.0,22.038664,78.97013
MP-CHW,2021-06-29,26.8,30.6,23.2,82,97,3.0,3.0,14.8,253,20.8,4.47,930.4,23.3,685.0,22.038664,78.97013
MP-CHW,2021-06-30,27.2,29.9,24.7,77,87,1.8,1.8,16.6,268,17.23,4.11,929.7,22.8,685.0,22.038664,78.97013
MP-CHW,2021-07-01,26.8,31.4,24.0,79,89,3.2,3.2,17.0,261,21.47,4.79,928.4,22.7,685.0,22.038664,78.97013
MP-CHW,2021-07-02,26.2,29.1,23.7,72,90,0.1,0.1,19.9,253,18.05,4.43,928.9,20.7,685.0,22.038664,78.97013
MP-CHW,2021-07-03,26.5,30.1,23.5,71,85,0.4,0.4,16.8,278,21.55,5.02,930.1,20.7,685.0,22.038664,78.97013
MP-CHW,2021-07-04,27.6,31.9,24.0,65,80,0.1,0.1,16.5,287,24.2,5.9,930.7,20.3,685.0,22.038664,78.97013
MP-CHW,2021-07-05,27.8,31.5,24.3,65,81,0.5,0.5,15.4,291,21.46,5.19,930.8,20.3,685.0,22.038664,78.97013
MP-CHW,2021-07-06,27.6,31.8,23.6,70,94,0.5,0.5,9.7,281,18.57,4.47,929.8,21.4,685.0,22.038664,78.97013
MP-CHW,2021-07-07,28.0,32.7,24.6,71,83,3.6,3.6,19.7,281,19.06,4.6,929.3,22.2,685.0,22.038664,78.97013
MP-CHW,2021-07-08,24.6,26.1,23.2,90,96,25.6,25.6,11.0,276,5.57,1.36,929.0,22.9,685.0,22.038664,78.97013
MP-CHW,2021-07-09,25.3,29.5,22.5,85,96,16.5,16.5,9.3,308,17.0,3.59,927.6,22.4,685.0,22.038664,78.97013
MP-CHW,2021-07-10,25.5,29.7,22.9,87,96,14.1,14.1,9.5,318,15.81,3.28,926.7,23.0,685.0,22.038664,78.97013
MP-CHW,2021-07-11,25.7,29.4,23.0,89,99,8.6,8.6,11.2,106,19.19,3.89,926.9,23.6,685.0,22.038664,78.97013
MP-CHW,2021-07-12,25.7,28.8,22.9,84,99,4.9,4.9,15.1,112,18.76,3.92,927.6,22.7,685.0,22.038664,78.97013
MP-CHW,2021-07-13,25.8,30.0,23.2,86,96,4.6,4.6,13.5,113,20.56,4.16,927.4,23.1,685.0,22.038664,78.97013
MP-CHW,2021-07-14,25.7,30.1,22.9,85,98,5.6,5.6,14.0,87,20.69,4.18,927.1,22.9,685.0,22.038664,78.97013
MP-CHW,2021-07-15,25.6,29.2,22.6,83,98,1.1,1.1,15.8,124,20.08,4.17,927.7,22.2,685.0,22.038664,78.97013
MP-CHW,2021-07-16,25.9,29.9,23.2,80,92,1.6,1.6,15.9,156,19.83,4.29,930.7,22.0,685.0,22.038664,78.97013
MP-CHW,2021-07-17,26.8,31.2,23.2,80,97,1.0,1.0,11.2,198,21.19,4.62,930.8,22.7,685.0,22.038664,78.97013
MP-CHW,2021-07-18,26.7,31.1,23.9,82,94,2.9,2.9,11.6,225,19.2,4.13,928.8,23.2,685.0,22.038664,78.97013
MP-CHW,2021-07-19,26.1,30.3,23.0,85,97,3.3,3.3,10.5,220,21.59,4.46,927.3,23.1,685.0,22.038664,78.97013
MP-CHW,2021-07-20,23.8,25.3,22.6,91,95,10.8,10.8,16.9,271,7.48,1.68,928.0,22.2,685.0,22.038664,78.97013
MP-CHW,2021-07-21,23.3,25.1,22.4,93,96,19.2,19.2,17.5,283,5.87,1.36,925.9,22.1,685.0,22.038664,78.97013
MP-CHW,2021-07-22,24.3,27.1,22.6,91,96,31.2,31.2,13.6,330,11.81,2.43,922.9,22.6,685.0,22.038664,78.97013
MP-CHW,2021-07-23,24.3,27.3,22.8,88,97,16.6,16.6,17.2,294,10.56,2.37,923.4,22.2,685.0,22.038664,78.97013
MP-CHW,2021-07-24,23.4,24.4,22.7,94,96,33.3,33.3,20.0,274,5.46,1.26,924.1,22.4,685.0,22.038664,78.97013
MP-CHW,2021-07-25,24.5,28.1,22.8,86,96,4.9,4.9,29.7,246,14.54,3.17,924.8,22.0,685.0,22.038664,78.97013
MP-CHW,2021-07-26,24.0,26.5,22.2,87,97,3.1,3.1,26.8,245,11.26,2.54,926.2,21.7,685.0,22.038664,78.97013
MP-CHW,2021-07-27,23.6,26.5,22.4,85,92,20.3,20.3,28.9,266,11.97,2.83,925.9,21.0,685.0,22.038664,78.97013
MP-CHW,2021-07-28,22.8,24.3,21.7,91,93,7.8,7.8,20.2,262,5.45,1.42,927.0,21.2,685.0,22.038664,78.97013
MP-CHW,2021-07-29,23.3,26.2,21.6,86,93,4.5,4.5,27.4,267,13.5,2.96,927.4,20.8,685.0,22.038664,78.97013
MP-CHW,2021-07-30,22.9,26.1,21.5,88,94,15.2,15.2,29.1,267,9.41,2.21,927.3,20.8,685.0,22.038664,78.97013
MP-CHW,2021-07-31,24.0,26.6,22.1,83,94,1.0,1.0,34.4,273,16.17,3.55,927.3,20.8,685.0,22.038664,78.97013
MP-CHW,2021-08-01,23.4,25.0,22.3,85,93,2.7,2.7,27.6,259,10.99,2.63,926.3,20.7,685.0,22.038664,78.97013
MP-CHW,2021-08-02,23.3,25.3,22.0,83,91,2.3,2.3,29.5,256,9.67,2.6,927.1,20.3,685.0,22.038664,78.97013
MP-CHW,2021-08-03,23.7,26.7,21.6,81,96,0.5,0.5,25.6,255,13.64,3.27,929.2,20.1,685.0,22.038664,78.97013
MP-CHW,2021-08-04,23.8,27.2,21.5,84,96,1.3,1.3,22.0,245,14.43,3.21,929.6,20.9,685.0,22.038664,78.97013
MP-CHW,2021-08-05,23.2,24.5,22.3,90,94,9.9,9.9,22.4,255,9.57,2.03,927.6,21.4,685.0,22.038664,78.97013
MP-CHW,2021-08-06,23.7,26.8,22.1,86,93,2.6,2.6,24.9,264,12.93,2.82,927.4,21.3,685.0,22.038664,78.97013
MP-CHW,2021-08-07,24.8,28.8,21.9,82,95,3.5,3.5,18.8,268,19.91,4.19,929.2,21.3,685.0,22.038664,78.97013
MP-CHW,2021-08-08,25.4,29.3,22.4,81,96,1.4,1.4,17.4,260,20.83,4.43,931.0,21.7,685.0,22.038664,78.97013
MP-CHW,2021-08-09,25.2,28.6,22.6,84,93,2.5,2.5,15.6,275,18.93,3.94,931.7,22.2,685.0,22.038664,78.97013
MP-CHW,2021-08-10,24.9,28.6,23.2,84,93,7.3,7.3,20.3,292,15.5,3.45,931.0,21.9,685.0,22.038664,78.97013
MP-CHW,2021-08-11,24.7,29.1,22.3,81,94,1.2,1.2,17.2,290,14.91,3.39,931.2,21.1,685.0,22.038664,78.97013
MP-CHW,2021-08-12,25.4,29.5,22.1,80,95,1.1,1.1,18.3,299,21.16,4.48,932.0,21.5,685.0,22.038664,78.97013
MP-CHW,2021-08-13,25.2,29.2,22.3,81,96,1.6,1.6,14.5,294,21.36,4.44,930.9,21.6,685.0,22.038664,78.97013
MP-CHW,2021-08-14,25.2,29.2,22.0,79,94,0.5,0.5,15.2,294,22.36,4.73,929.3,21.0,685.0,22.038664,78.97013
MP-CHW,2021-08-15,24.9,28.8,21.7,84,94,0.6,0.6,13.8,302,20.5,4.18,929.6,21.8,685.0,22.038664,78.97013
MP-CHW,2021-08-16,25.4,29.6,22.2,82,95,2.3,2.3,11.8,332,19.34,4.1,931.0,21.8,685.0,22.038664,78.97013
MP-CHW,2021-08-17,24.8,28.8,23.2,89,96,23.3,23.3,13.9,348,12.42,2.64,930.1,22.8,685.0,22.038664,78.97013
MP-CHW,2021-08-18,24.2,27.4,22.3,92,97,36.5,36.5,12.1,2,11.32,2.34,928.5,22.6,685.0,22.038664,78.97013
MP-CHW,2021-08-19,23.4,25.4,21.8,93,97,26.0,26.0,14.0,303,8.74,1.82,927.7,22.2,685.0,22.038664,78.97013
MP-CHW,2021-08-20,23.0,25.3,21.6,93,99,39.1,39.1,13.8,254,7.66,1.59,928.8,21.9,685.0,22.038664,78.97013
MP-CHW,2021-08-21,24.1,27.1,21.7,89,99,4.3,4.3,13.7,183,16.62,3.3,931.1,22.0,685.0,22.038664,78.97013
MP-CHW,2021-08-22,24.4,28.5,22.0,89,99,5.0,5.0,13.7,213,18.82,3.69,932.0,22.4,685.0,22.038664,78.97013
MP-CHW,2021-08-23,24.9,29.2,21.9,85,98,3.6,3.6,13.8,246,19.54,3.97,932.0,22.1,685.0,22.038664,78.97013
MP-CHW,2021-08-24,25.0,28.6,22.0,84,96,1.1,1.1,14.1,270,17.79,3.74,931.6,22.0,685.0,22.038664,78.97013
MP-CHW,2021-08-25,25.5,29.7,22.7,76,92,0.3,0.3,18.5,284,23.09,5.03,930.0,20.8,685.0,22.038664,78.97013
MP-CHW,2021-08-26,24.8,28.7,21.7,78,93,0.8,0.8,18.8,282,20.19,4.35,928.9,20.6,685.0,22.038664,78.97013
MP-CHW,2021-08-27,24.8,28.7,21.0,80,94,1.6,1.6,9.8,302,21.09,4.32,929.3,20.8,685.0,22.038664,78.97013
MP-CHW,2021-08-28,24.9,28.3,21.6,80,94,1.0,1.0,8.9,322,18.39,3.89,928.2,21.0,685.0,22.038664,78.97013
MP-CHW,2021-08-29,24.9,29.4,22.8,86,96,19.6,19.6,13.1,12,16.71,3.46,927.3,22.4,685.0,22.038664,78.97013
MP-CHW,2021-08-30,24.4,29.3,22.2,90,98,22.8,22.8,14.5,59,17.9,3.48,928.7,22.6,685.0,22.038664,78.97013
MP-CHW,2021-08-31,24.4,27.9,22.3,91,99,5.0,5.0,17.6,116,17.1,3.27,930.2,22.7,685.0,22.038664,78.97013
MP-CHW,2021-09-01,23.7,27.2,22.0,93,98,8.5,8.5,15.6,162,15.67,2.95,931.5,22.3,685.0,22.038664,78.97013
MP-CHW,2021-09-02,24.0,28.0,21.3,89,98,6.0,6.0,11.8,202,18.0,3.46,931.3,22.0,685.0,22.038664,78.97013
MP-CHW,2021-09-03,24.3,28.4,21.2,89,100,12.8,12.8,9.3,262,17.88,3.57,930.3,22.3,685.0,22.038664,78.97013
MP-CHW,2021-09-04,24.1,27.7,22.1,89,98,5.7,5.7,11.6,327,14.12,2.87,929.9,22.1,685.0,22.038664,78.97013
MP-CHW,2021-09-05,24.4,28.3,21.6,88,98,3.9,3.9,9.4,354,16.89,3.37,929.4,22.2,685.0,22.038664,78.97013
MP-CHW,2021-09-06,25.1,28.5,22.7,88,96,7.8,7.8,14.7,14,17.11,3.46,929.2,22.9,685.0,22.038664,78.97013
MP-CHW,2021-09-07,24.8,28.7,22.9,89,96,13.3,13.3,18.1,48,17.36,3.42,927.1,22.8,685.0,22.038664,78.97013
MP-CHW,2021-09-08,23.2,25.2,22.1,94,98,8.7,8.7,18.8,158,7.93,1.59,927.9,22.1,685.0,22.038664,78.97013
MP-CHW,2021-09-09,23.0,24.6,21.7,94,98,9.3,9.3,18.0,217,6.44,1.31,929.8,22.0,685.0,22.038664,78.97013
MP-CHW,2021-09-10,23.7,27.3,21.8,89,97,6.4,6.4,14.8,253,12.75,2.61,929.8,21.7,685.0,22.038664,78.97013
MP-CHW,2021-09-11,23.7,26.8,21.9,91,98,3.1,3.1,9.6,252,11.86,2.42,928.9,22.0,685.0,22.038664,78.97013
MP-CHW,2021-09-12,24.3,27.5,21.8,88,97,8.1,8.1,10.7,239,15.53,3.14,927.2,22.0,685.0,22.038664,78.97013
MP-CHW,2021-09-13,24.3,27.2,22.1,90,99,8.3,8.3,10.2,302,12.07,2.49,926.0,22.5,685.0,22.038664,78.97013
MP-CHW,2021-09-14,24.5,27.0,22.5,90,97,10.1,10.1,11.2,306,13.33,2.68,926.0,22.7,685.0,22.038664,78.97013
MP-CHW,2021-09-15,23.6,26.1,22.1,89,96,8.9,8.9,23.9,260,9.44,2.14,927.0,21.6,685.0,22.038664,78.97013
MP-CHW,2021-09-16,23.1,26.1,21.5,87,95,11.1,11.1,26.1,249,9.66,2.29,928.3,20.8,685.0,22.038664,78.97013
MP-CHW,2021-09-17,23.9,27.7,22.0,84,97,1.3,1.3,19.1,252,15.26,3.28,929.0,20.9,685.0,22.038664,78.97013
MP-CHW,2021-09-18,24.2,28.4,21.0,80,96,0.1,0.1,16.3,245,18.8,3.98,931.4,20.3,685.0,22.038664,78.97013
MP-CHW,2021-09-19,24.3,28.0,20.8,82,95,1.5,1.5,11.0,243,18.12,3.71,933.5,20.9,685.0,22.038664,78.97013
MP-CHW,2021-09-20,23.3,26.0,21.9,92,97,9.4,9.4,7.8,270,8.22,1.71,932.6,21.9,685.0,22.038664,78.97013
MP-CHW,2021-09-21,24.0,27.6,21.3,89,98,8.3,8.3,8.2,282,15.8,3.15,931.1,22.0,685.0,22.038664,78.97013
MP-CHW,2021-09-22,24.6,28.6,21.0,86,97,1.4,1.4,10.0,360,19.0,3.78,929.5,22.0,685.0,22.038664,78.97013
MP-CHW,2021-09-23,24.5,28.8,21.9,88,96,5.3,5.3,7.9,340,16.84,3.43,929.8,22.2,685.0,22.038664,78.97013
MP-CHW,2021-09-24,24.0,28.0,21.5,90,99,9.9,9.9,8.8,230,14.29,2.84,931.2,22.2,685.0,22.038664,78.97013
MP-CHW,2021-09-25,24.0,27.6,21.8,91,98,19.0,19.0,10.3,272,15.56,3.03,931.1,22.4,685.0,22.038664,78.97013
MP-CHW,2021-09-26,24.6,28.8,21.5,87,97,4.5,4.5,11.4,21,18.67,3.72,929.7,22.3,685.0,22.038664,78.97013
MP-CHW,2021-09-27,25.0,28.8,22.2,84,97,3.9,3.9,18.0,42,18.72,3.89,928.4,22.0,685.0,22.038664,78.97013
MP-CHW,2021-09-28,24.0,27.0,22.2,86,96,5.8,5.8,26.0,108,17.27,3.48,928.8,21.4,685.0,22.038664,78.97013
MP-CHW,2021-09-29,24.0,27.7,21.7,85,98,0.3,0.3,15.0,168,14.79,3.05,932.0,21.2,685.0,22.038664,78.97013
MP-CHW,2021-09-30,24.5,29.6,20.4,84,99,4.3,4.3,6.4,314,19.44,3.92,933.8,21.3,685.0,22.038664,78.97013
MP-CHW,2021-10-01,25.0,29.1,21.7,84,98,0.8,0.8,10.1,38,19.64,4.01,934.1,21.9,685.0,22.038664,78.97013
MP-CHW,2021-10-02,25.0,29.7,21.1,84,96,1.4,1.4,8.2,229,20.26,4.12,934.1,21.9,685.0,22.038664,78.97013
MP-CHW,2021-10-03,24.7,29.0,21.6,87,98,4.9,4.9,11.5,268,18.04,3.64,933.5,22.2,685.0,22.038664,78.97013
MP-CHW,2021-10-04,25.6,29.7,21.5,78,96,1.1,1.1,7.5,313,19.29,3.95,933.0,21.2,685.0,22.038664,78.97013
MP-CHW,2021-10-05,25.1,29.7,22.1,84,96,3.6,3.6,9.8,3,17.09,3.53,933.7,21.9,685.0,22.038664,78.97013
MP-CHW,2021-10-06,24.8,29.1,21.7,86,99,2.9,2.9,8.2,26,16.33,3.34,933.4,22.1,685.0,22.038664,78.97013
MP-CHW,2021-10-07,25.2,29.6,21.3,84,97,0.7,0.7,6.4,352,18.38,3.76,932.7,22.1,685.0,22.038664,78.97013
MP-CHW,2021-10-08,24.9,29.5,21.5,82,95,1.2,1.2,15.3,315,17.89,3.65,932.2,21.5,685.0,22.038664,78.97013
MP-CHW,2021-10-09,24.6,29.9,19.6,70,93,0.0,0.0,10.4,357,20.76,4.56,932.7,18.3,685.0,22.038664,78.97013
MP-CHW,2021-10-10,24.0,30.0,19.6,64,84,0.0,0.0,13.0,344,21.29,4.8,932.9,16.4,685.0,22.038664,78.97013
MP-CHW,2021-10-11,23.8,29.8,19.2,65,83,0.0,0.0,10.4,349,19.78,4.46,932.0,16.4,685.0,22.038664,78.97013
MP-CHW,2021-10-12,23.8,30.0,18.5,66,83,0.0,0.0,11.1,349,19.89,4.42,932.1,16.5,685.0,22.038664,78.97013
MP-CHW,2021-10-13,24.5,29.9,19.6,64,83,0.0,0.0,14.4,349,21.31,4.91,932.0,16.8,685.0,22.038664,78.97013
MP-CHW,2021-10-14,24.2,29.4,20.2,60,78,0.0,0.0,17.8,4,21.7,5.21,931.9,15.6,685.0,22.038664,78.97013
MP-CHW,2021-10-15,24.1,29.7,18.8,59,69,0.0,0.0,13.9,8,21.16,5.03,929.8,15.4,685.0,22.038664,78.97013
MP-CHW,2021-10-16,25.3,30.7,21.9,71,93,9.8,9.8,11.5,55,18.09,4.18,929.5,19.6,685.0,22.038664,78.97013
MP-CHW,2021-10-17,23.9,28.6,21.1,86,98,5.7,5.7,15.5,110,15.58,3.17,929.6,21.3,685.0,22.038664,78.97013
MP-CHW,2021-10-18,23.6,27.5,21.5,88,99,4.8,4.8,14.6,221,10.88,2.34,929.5,21.4,685.0,22.038664,78.97013
MP-CHW,2021-10-19,24.0,29.0,20.3,77,93,0.0,0.0,17.4,298,19.31,4.2,933.4,19.2,685.0,22.038664,78.97013
MP-CHW,2021-10-20,23.3,28.8,18.8,71,95,0.0,0.0,10.1,316,19.79,4.24,936.8,17.1,685.0,22.038664,78.97013
MP-CHW,2021-10-21,22.6,29.1,17.8,55,84,0.0,0.0,11.3,319,21.43,4.9,937.1,11.7,685.0,22.038664,78.97013
MP-CHW,2021-10-22,22.2,28.4,16.9,55,73,0.0,0.0,10.2,299,21.09,4.61,937.4,11.9,685.0,22.038664,78.97013
MP-CHW,2021-10-23,21.7,28.0,15.7,57,80,0.0,0.0,9.6,204,20.69,4.45,937.7,11.9,685.0,22.038664,78.97013
MP-CHW,2021-10-24,21.9,28.1,16.2,59,77,0.0,0.0,9.2,311,17.01,3.61,937.7,12.8,685.0,22.038664,78.97013
MP-CHW,2021-10-25,22.1,27.4,17.5,60,76,0.0,0.0,9.7,349,15.56,3.65,937.3,13.4,685.0,22.038664,78.97013
MP-CHW,2021-10-26,21.7,27.3,16.4,62,82,0.0,0.0,9.8,9,16.42,3.8,936.6,13.5,685.0,22.038664,78.97013
MP-CHW,2021-10-27,21.8,27.3,17.4,64,85,0.0,0.0,14.9,14,18.22,4.3,937.8,14.4,685.0,22.038664,78.97013
MP-CHW,2021-10-28,21.0,26.6,17.0,51,71,0.0,0.0,13.3,11,20.45,4.91,938.4,9.7,685.0,22.038664,78.97013
MP-CHW,2021-10-29,20.3,26.7,15.1,52,74,0.0,0.0,12.5,14,20.31,4.67,939.2,9.7,685.0,22.038664,78.97013
MP-CHW,2021-10-30,20.1,26.6,14.9,52,71,0.0,0.0,12.9,7,20.1,4.61,939.4,9.5,685.0,22.038664,78.97013
MP-CHW,2021-10-31,20.0,26.7,14.7,55,74,0.0,0.0,10.8,1,20.32,4.52,938.2,10.0,685.0,22.038664,78.97013
MP-CHW,2021-11-01,19.7,27.2,13.1,57,87,0.0,0.0,9.0,37,20.22,4.16,937.2,10.0,685.0,22.038664,78.97013
MP-CHW,2021-11-02,20.4,26.9,12.8,58,76,0.0,0.0,10.0,68,19.57,4.14,937.4,11.6,685.0,22.038664,78.97013
MP-CHW,2021-11-03,21.3,28.1,15.2,60,81,0.0,0.0,10.4,11,19.29,4.1,937.3,12.8,685.0,22.038664,78.97013
MP-CHW,2021-11-04,21.5,27.9,16.3,57,72,0.0,0.0,9.9,26,17.24,3.87,937.1,12.4,685.0,22.038664,78.97013
MP-CHW,2021-11-05,21.3,27.3,15.5,61,76,0.0,0.0,13.3,18,16.75,3.69,936.8,13.1,685.0,22.038664,78.97013
MP-CHW,2021-11-06,20.6,26.9,14.8,56,80,0.0,0.0,10.1,9,18.87,4.18,935.7,11.1,685.0,22.038664,78.97013
MP-CHW,2021-11-07,20.2,27.3,14.6,54,75,0.0,0.0,10.4,15,19.22,4.34,935.8,9.8,685.0,22.038664,78.97013
MP-CHW,2021-11-08,20.2,27.3,14.0,55,79,0.0,0.0,13.5,19,19.13,4.42,937.0,10.1,685.0,22.038664,78.97013
MP-CHW,2021-11-09,20.3,27.2,14.6,52,70,0.0,0.0,13.6,20,19.09,4.58,937.5,9.4,685.0,22.038664,78.97013
MP-CHW,2021-11-10,20.0,27.0,14.3,52,71,0.0,0.0,14.0,18,18.91,4.53,936.8,9.2,685.0,22.038664,78.97013
MP-CHW,2021-11-11,20.1,26.5,14.7,56,76,0.0,0.0,14.5,19,18.5,4.39,935.7,10.8,685.0,22.038664,78.97013
MP-CHW,2021-11-12,21.7,27.4,17.0,64,74,0.0,0.0,12.8,28,12.27,3.32,935.9,14.6,685.0,22.038664,78.97013
MP-CHW,2021-11-13,22.6,27.7,18.4,67,78,0.1,0.1,14.9,25,15.0,3.72,935.8,16.0,685.0,22.038664,78.97013
MP-CHW,2021-11-14,22.2,27.8,18.0,68,83,0.0,0.0,11.2,30,13.79,3.24,935.3,15.8,685.0,22.038664,78.97013
MP-CHW,2021-11-15,21.9,28.2,16.5,62,79,0.0,0.0,12.3,16,16.97,3.86,934.3,13.9,685.0,22.038664,78.97013
MP-CHW,2021-11-16,21.6,28.0,16.4,61,73,0.0,0.0,11.9,44,16.19,3.72,935.1,13.6,685.0,22.038664,78.97013
MP-CHW,2021-11-17,22.6,28.6,16.2,64,85,0.0,0.0,10.4,64,15.43,3.6,936.8,15.1,685.0,22.038664,78.97013
MP-CHW,2021-11-18,22.6,28.7,17.7,69,89,0.0,0.0,10.2,88,16.98,3.67,935.6,16.3,685.0,22.038664,78.97013
MP-CHW,2021-11-19,23.4,28.9,19.0,65,78,0.0,0.0,11.9,77,16.1,3.7,933.9,16.3,685.0,22.038664,78.97013
MP-CHW,2021-11-20,22.5,26.7,18.2,68,77,0.0,0.0,10.7,68,10.58,2.66,934.0,16.3,685.0,22.038664,78.97013
MP-CHW,2021-11-21,22.2,26.2,19.5,83,96,6.8,6.8,9.5,78,9.35,2.01,936.2,19.0,685.0,22.038664,78.97013
MP-CHW,2021-11-22,21.8,27.0,19.4,87,97,4.9,4.9,10.7,358,11.51,2.27,936.9,19.4,685.0,22.038664,78.97013
MP-CHW,2021-11-23,22.1,28.4,17.2,76,98,0.0,0.0,11.9,334,16.0,3.28,936.3,17.2,685.0,22.038664,78.97013
MP-CHW,2021-11-24,21.6,28.1,16.0,71,93,0.0,0.0,7.6,0,16.16,3.26,936.8,15.5,685.0,22.038664,78.97013
MP-CHW,2021-11-25,21.2,28.2,15.4,68,93,0.0,0.0,10.8,344,16.31,3.5,937.1,14.5,685.0,22.038664,78.97013
MP-CHW,2021-11-26,19.8,26.9,14.3,65,94,0.0,0.0,11.5,7,17.37,3.76,937.4,11.9,685.0,22.038664,78.97013
MP-CHW,2021-11-27,18.7,26.0,12.6,51,74,0.0,0.0,10.1,42,17.7,3.82,937.8,7.4,685.0,22.038664,78.97013
MP-CHW,2021-11-28,18.1,24.8,11.8,53,72,0.0,0.0,9.8,43,17.11,3.62,938.9,7.7,685.0,22.038664,78.97013
MP-CHW,2021-11-29,17.6,24.8,12.0,54,73,0.0,0.0,12.8,18,16.84,3.88,939.1,7.3,685.0,22.038664,78.97013
MP-CHW,2021-11-30,18.0,24.2,12.4,55,73,0.0,0.0,11.6,25,15.85,3.49,938.8,8.4,685.0,22.038664,78.97013
MP-CHW,2021-12-01,19.0,25.1,13.7,60,80,0.0,0.0,11.8,40,16.37,3.52,937.9,10.7,685.0,22.038664,78.97013
MP-CHW,2021-12-02,19.3,24.4,14.4,60,75,0.0,0.0,9.3,51,13.97,3.09,937.5,11.0,685.0,22.038664,78.97013
MP-CHW,2021-12-03,19.8,24.6,15.6,64,79,0.0,0.0,11.7,44,13.05,2.98,938.2,12.6,685.0,22.038664,78.97013
MP-CHW,2021-12-04,20.3,25.9,15.7,68,84,0.0,0.0,10.6,42,16.19,3.38,937.6,13.8,685.0,22.038664,78.97013
MP-CHW,2021-12-05,20.4,26.5,14.8,67,85,0.0,0.0,10.0,30,16.31,3.39,937.4,13.8,685.0,22.038664,78.97013
MP-CHW,2021-12-06,20.5,27.1,14.9,69,89,0.0,0.0,13.0,5,15.55,3.43,937.3,14.1,685.0,22.038664,78.97013
MP-CHW,2021-12-07,20.4,26.1,15.9,72,94,0.0,0.0,12.4,26,15.17,3.2,938.9,14.7,685.0,22.038664,78.97013
MP-CHW,2021-12-08,19.8,25.3,15.1,70,88,0.0,0.0,9.7,39,14.23,2.92,939.2,13.6,685.0,22.038664,78.97013
MP-CHW,2021-12-09,20.1,25.6,14.8,65,87,0.0,0.0,11.6,29,14.64,3.05,940.4,12.9,685.0,22.038664,78.97013
MP-CHW,2021-12-10,19.4,24.5,14.6,69,90,0.1,0.1,10.5,14,14.59,3.06,941.0,13.2,685.0,22.038664,78.97013
MP-CHW,2021-12-11,18.5,24.3,13.8,63,78,0.0,0.0,10.6,17,15.07,3.15,940.6,10.9,685.0,22.038664,78.97013
MP-CHW,2021-12-12,17.9,23.7,11.6,65,88,0.0,0.0,8.5,40,16.23,3.1,940.4,10.8,685.0,22.038664,78.97013
MP-CHW,2021-12-13,17.9,23.9,12.1,64,88,0.0,0.0,8.7,33,16.66,3.09,939.3,10.4,685.0,22.038664,78.97013
MP-CHW,2021-12-14,17.9,23.7,11.7,63,89,0.0,0.0,12.3,33,16.24,3.17,938.5,10.1,685.0,22.038664,78.97013
MP-CHW,2021-12-15,18.1,24.4,11.9,62,86,0.0,0.0,8.8,39,15.7,3.06,938.7,10.2,685.0,22.038664,78.97013
MP-CHW,2021-12-16,18.5,23.9,13.5,60,72,0.0,0.0,8.1,115,15.77,3.0,939.4,10.3,685.0,22.038664,78.97013
MP-CHW,2021-12-17,18.1,24.3,12.3,66,88,0.0,0.0,9.2,280,14.72,3.02,939.7,11.2,685.0,22.038664,78.97013
MP-CHW,2021-12-18,16.1,22.1,11.8,72,92,0.0,0.0,11.4,17,15.08,2.93,940.2,10.8,685.0,22.038664,78.97013
MP-CHW,2021-12-19,12.9,20.0,7.8,49,78,0.0,0.0,10.2,19,17.26,3.4,940.3,1.3,685.0,22.038664,78.97013
MP-CHW,2021-12-20,12.8,20.9,4.7,46,70,0.0,0.0,10.8,5,17.16,3.2,939.4,0.3,685.0,22.038664,78.97013
MP-CHW,2021-12-21,13.4,21.9,6.1,52,71,0.0,0.0,9.5,326,16.78,3.11,938.2,3.1,685.0,22.038664,78.97013
MP-CHW,2021-12-22,14.8,23.3,7.3,52,74,0.0,0.0,8.0,329,16.7,3.15,936.8,3.9,685.0,22.038664,78.97013
MP-CHW,2021-12-23,16.6,24.9,9.3,55,70,0.0,0.0,8.0,276,16.47,3.19,936.3,6.7,685.0,22.038664,78.97013
MP-CHW,2021-12-24,17.7,25.7,10.7,64,89,0.0,0.0,10.2,265,16.03,3.37,935.8,10.3,685.0,22.038664,78.97013
MP-CHW,2021-12-25,18.2,24.8,13.8,60,79,0.0,0.0,10.5,328,16.27,3.46,936.8,9.9,685.0,22.038664,78.97013
MP-CHW,2021-12-26,17.4,24.2,11.5,59,78,0.0,0.0,10.0,346,16.33,3.3,938.5,8.9,685.0,22.038664,78.97013
MP-CHW,2021-12-27,17.7,25.1,12.1,62,84,0.0,0.0,8.3,334,15.57,3.1,939.0,9.8,685.0,22.038664,78.97013
MP-CHW,2021-12-28,16.2,21.8,12.9,80,100,11.7,11.7,14.8,121,9.01,1.83,937.7,12.6,685.0,22.038664,78.97013
MP-CHW,2021-12-29,15.3,20.2,11.9,88,100,7.1,7.1,11.9,8,11.31,2.0,938.6,13.1,685.0,22.038664,78.97013
MP-CHW,2021-12-30,14.6,20.7,10.4,77,94,0.0,0.0,12.1,40,14.61,2.56,941.7,10.2,685.0,22.038664,78.97013
MP-CHW,2021-12-31,14.9,21.9,9.1,75,92,0.0,0.0,11.8,37,15.37,2.7,942.3,10.3,685.0,22.038664,78.97013
MP-CHW,2022-01-01,15.8,22.5,9.7,77,94,0.0,0.0,8.2,17,14.08,2.56,941.8,11.5,685.0,22.038664,78.97013
MP-CHW,2022-01-02,16.1,22.1,10.9,80,96,0.0,0.0,12.1,7,12.73,2.33,940.6,12.3,685.0,22.038664,78.97013
MP-CHW,2022-01-03,16.2,23.2,10.6,74,93,0.0,0.0,9.7,358,16.46,2.94,939.6,11.0,685.0,22.038664,78.97013
MP-CHW,2022-01-04,16.7,24.7,9.9,67,93,0.0,0.0,8.4,357,16.61,3.12,939.1,9.9,685.0,22.038664,78.97013
MP-CHW,2022-01-05,17.6,24.2,10.9,65,85,0.0,0.0,10.2,201,16.18,3.25,938.4,10.7,685.0,22.038664,78.97013
MP-CHW,2022-01-06,18.8,24.7,13.8,71,88,0.1,0.1,13.2,189,15.92,3.22,937.7,13.0,685.0,22.038664,78.97013
MP-CHW,2022-01-07,18.6,24.5,13.3,74,98,0.0,0.0,16.9,142,15.78,3.24,937.8,13.3,685.0,22.038664,78.97013
MP-CHW,2022-01-08,17.8,23.3,14.1,82,97,11.5,11.5,19.5,166,14.02,2.59,937.7,14.4,685.0,22.038664,78.97013
MP-CHW,2022-01-09,16.4,19.2,14.6,93,97,41.8,41.8,14.1,228,7.58,1.3,936.4,15.1,685.0,22.038664,78.97013
MP-CHW,2022-01-10,16.1,20.4,12.9,89,100,4.9,4.9,8.7,31,11.16,1.93,937.5,14.1,685.0,22.038664,78.97013
MP-CHW,2022-01-11,14.6,19.2,11.7,91,99,6.4,6.4,11.2,17,9.46,1.54,937.2,13.0,685.0,22.038664,78.97013
MP-CHW,2022-01-12,14.5,20.5,10.4,82,98,0.9,0.9,11.0,353,14.94,2.53,936.8,11.0,685.0,22.038664,78.97013
MP-CHW,2022-01-13,14.4,20.7,9.6,76,92,0.0,0.0,9.0,37,15.62,2.65,937.0,10.0,685.0,22.038664,78.97013
MP-CHW,2022-01-14,14.1,16.7,11.2,87,98,3.2,3.2,8.2,38,5.1,1.04,936.9,11.9,685.0,22.038664,78.97013
MP-CHW,2022-01-15,15.8,21.7,11.4,81,97,0.1,0.1,11.1,31,16.0,2.73,938.4,12.0,685.0,22.038664,78.97013
MP-CHW,2022-01-16,14.9,21.4,9.0,80,98,0.0,0.0,11.5,37,17.38,2.93,939.8,11.1,685.0,22.038664,78.97013
MP-CHW,2022-01-17,15.4,22.3,9.1,78,97,0.0,0.0,14.5,359,17.38,3.11,940.5,11.2,685.0,22.038664,78.97013
MP-CHW,2022-01-18,15.5,22.7,9.5,75,98,0.0,0.0,11.4,339,17.76,3.29,938.8,10.5,685.0,22.038664,78.97013
MP-CHW,2022-01-19,15.7,23.3,9.4,66,96,0.0,0.0,8.6,2,18.11,3.24,936.9,8.3,685.0,22.038664,78.97013
MP-CHW,2022-01-20,16.0,24.5,9.0,63,83,0.0,0.0,14.9,275,17.86,3.54,933.5,8.3,685.0,22.038664,78.97013
MP-CHW,2022-01-21,17.0,23.4,12.1,65,86,0.0,0.0,14.8,298,18.13,3.69,933.3,9.7,685.0,22.038664,78.97013
MP-CHW,2022-01-22,17.4,23.9,11.2,67,89,0.2,0.2,21.2,235,15.25,3.5,931.6,10.6,685.0,22.038664,78.97013
MP-CHW,2022-01-23,16.9,22.1,12.9,69,96,0.0,0.0,15.0,281,17.7,3.53,932.0,10.4,685.0,22.038664,78.97013
MP-CHW,2022-01-24,14.1,19.7,9.6,65,90,0.0,0.0,10.2,351,18.5,3.26,934.0,7.3,685.0,22.038664,78.97013
MP-CHW,2022-01-25,13.2,18.7,8.8,59,73,0.0,0.0,11.5,356,18.83,3.37,935.1,5.0,685.0,22.038664,78.97013
MP-CHW,2022-01-26,12.7,19.0,7.5,59,83,0.0,0.0,11.5,358,19.02,3.46,936.2,4.3,685.0,22.038664,78.97013
MP-CHW,2022-01-27,12.6,19.4,7.1,59,82,0.0,0.0,12.0,358,19.31,3.52,937.4,4.0,685.0,22.038664,78.97013
MP-CHW,2022-01-28,12.6,20.3,6.6,62,91,0.0,0.0,9.5,6,19.51,3.32,938.3,4.5,685.0,22.038664,78.97013
MP-CHW,2022-01-29,13.8,23.1,5.9,59,91,0.0,0.0,9.8,333,19.54,3.59,938.3,4.9,685.0,22.038664,78.97013
MP-CHW,2022-01-30,15.8,25.1,7.4,51,76,0.0,0.0,10.9,291,19.56,3.97,935.9,4.7,685.0,22.038664,78.97013
MP-CHW,2022-01-31,17.5,26.2,10.4,46,71,0.0,0.0,14.3,289,19.71,4.52,934.8,4.5,685.0,22.038664,78.97013
MP-CHW,2022-02-01,18.6,26.8,10.6,46,74,0.0,0.0,11.5,316,19.54,4.55,934.5,5.9,685.0,22.038664,78.97013
MP-CHW,2022-02-02,19.0,27.1,12.0,52,76,0.0,0.0,11.7,287,19.52,4.16,934.8,8.2,685.0,22.038664,78.97013
MP-CHW,2022-02-03,19.9,27.1,13.2,52,81,0.0,0.0,21.6,224,19.15,4.94,932.1,9.0,685.0,22.038664,78.97013
MP-CHW,2022-02-04,16.4,21.5,10.6,48,71,0.0,0.0,18.9,315,20.07,4.35,932.8,4.8,685.0,22.038664,78.97013
MP-CHW,2022-02-05,15.1,23.3,8.4,49,70,0.0,0.0,9.1,294,20.27,3.96,935.0,3.4,685.0,22.038664,78.97013
MP-CHW,2022-02-06,16.2,25.1,8.5,51,71,0.0,0.0,9.7,308,20.17,3.98,937.4,5.1,685.0,22.038664,78.97013
MP-CHW,2022-02-07,17.7,26.1,10.2,52,80,0.0,0.0,13.7,300,19.98,4.38,937.4,6.6,685.0,22.038664,78.97013
MP-CHW,2022-02-08,18.6,26.6,10.3,55,80,0.0,0.0,11.2,232,19.3,4.08,936.2,8.6,685.0,22.038664,78.97013
MP-CHW,2022-02-09,19.2,24.8,14.8,71,90,3.9,3.9,16.5,264,15.18,3.17,935.7,13.6,685.0,22.038664,78.97013
MP-CHW,2022-02-10,18.0,24.1,13.4,59,85,0.0,0.0,13.7,6,20.15,4.29,937.8,9.1,685.0,22.038664,78.97013
MP-CHW,2022-02-11,15.6,22.5,10.5,58,89,0.0,0.0,14.8,9,21.0,4.06,938.1,6.4,685.0,22.038664,78.97013
MP-CHW,2022-02-12,16.0,24.7,8.3,56,82,0.0,0.0,10.0,354,21.12,3.98,937.0,6.1,685.0,22.038664,78.97013
MP-CHW,2022-02-13,17.0,25.5,9.1,55,78,0.0,0.0,9.1,340,20.98,4.07,935.4,7.1,685.0,22.038664,78.97013
MP-CHW,2022-02-14,18.4,26.7,11.1,53,77,0.0,0.0,11.5,354,20.14,4.32,935.1,7.9,685.0,22.038664,78.97013
MP-CHW,2022-02-15,19.2,26.6,12.9,54,77,0.0,0.0,12.9,142,18.93,4.3,934.9,9.0,685.0,22.038664,78.97013
MP-CHW,2022-02-16,19.7,25.9,13.1,55,85,0.1,0.1,11.9,335,18.03,4.09,933.5,9.6,685.0,22.038664,78.97013
MP-CHW,2022-02-17,19.0,24.9,13.7,52,78,0.0,0.0,10.0,44,15.89,3.48,933.8,8.5,685.0,22.038664,78.97013
MP-CHW,2022-02-18,18.8,24.9,12.5,67,92,0.6,0.6,8.7,294,15.61,3.15,935.1,12.1,685.0,22.038664,78.97013
MP-CHW,2022-02-19,17.7,21.6,14.9,85,92,12.2,12.2,7.2,304,9.06,1.65,936.3,15.2,685.0,22.038664,78.97013
MP-CHW,2022-02-20,19.2,26.2,13.7,64,97,0.0,0.0,16.6,303,21.35,4.47,933.7,10.8,685.0,22.038664,78.97013
MP-CHW,2022-02-21,18.8,26.7,12.9,44,62,0.0,0.0,13.0,305,21.9,5.03,933.5,5.3,685.0,22.038664,78.97013
MP-CHW,2022-02-22,20.0,28.3,11.9,45,66,0.0,0.0,11.6,211,21.73,4.92,935.8,6.8,685.0,22.038664,78.97013
MP-CHW,2022-02-23,21.4,28.9,14.2,46,64,0.0,0.0,12.9,186,21.82,5.24,937.9,8.6,685.0,22.038664,78.97013
MP-CHW,2022-02-24,22.4,29.3,16.6,54,86,0.2,0.2,20.7,234,19.83,5.01,938.2,12.0,685.0,22.038664,78.97013
MP-CHW,2022-02-25,20.9,28.4,14.0,45,66,0.0,0.0,13.7,7,22.18,5.17,938.4,7.8,685.0,22.038664,78.97013
MP-CHW,2022-02-26,21.4,28.1,14.6,51,73,0.0,0.0,17.5,160,19.59,4.79,938.5,10.3,685.0,22.038664,78.97013
MP-CHW,2022-02-27,22.6,29.4,16.3,51,79,0.0,0.0,17.1,239,19.52,4.97,938.2,10.9,685.0,22.038664,78.97013
MP-CHW,2022-02-28,21.7,28.9,14.9,55,85,1.4,1.4,11.6,275,19.81,4.55,938.1,11.5,685.0,22.038664,78.97013
MP-CHW,2022-03-01,21.8,28.6,15.8,57,87,0.0,0.0,11.3,343,20.03,4.54,938.7,12.0,685.0,22.038664,78.97013
MP-CHW,2022-03-02,21.9,29.0,14.8,50,71,0.0,0.0,10.1,13,20.67,4.73,938.6,10.4,685.0,22.038664,78.97013
MP-CHW,2022-03-03,21.6,28.3,15.8,52,80,0.0,0.0,9.7,17,16.21,3.78,938.5,10.7,685.0,22.038664,78.97013
MP-CHW,2022-03-04,22.3,29.4,15.8,58,86,0.0,0.0,10.3,287,19.51,4.39,938.1,12.4,685.0,22.038664,78.97013
MP-CHW,2022-03-05,22.4,29.3,16.8,50,71,0.0,0.0,14.7,343,22.0,5.46,937.4,10.8,685.0,22.038664,78.97013
MP-CHW,2022-03-06,21.9,29.5,14.6,42,63,0.0,0.0,10.8,350,23.03,5.35,936.8,7.5,685.0,22.038664,78.97013
MP-CHW,2022-03-07,22.5,30.3,15.6,42,59,0.0,0.0,10.1,2,21.5,5.18,937.1,8.2,685.0,22.038664,78.97013
MP-CHW,2022-03-08,22.1,29.9,16.4,49,71,0.0,0.0,22.2,356,17.37,4.62,937.2,10.1,685.0,22.038664,78.97013
MP-CHW,2022-03-09,22.9,30.1,16.4,50,73,0.8,0.8,13.2,331,20.43,4.97,937.0,11.2,685.0,22.038664,78.97013
MP-CHW,2022-03-10,23.5,29.8,18.1,47,71,0.0,0.0,10.5,345,21.39,5.15,936.3,10.9,685.0,22.038664,78.97013
MP-CHW,2022-03-11,23.1,29.1,17.9,45,63,0.0,0.0,12.2,8,19.36,4.78,936.4,10.0,685.0,22.038664,78.97013
MP-CHW,2022-03-12,23.3,30.2,17.1,35,53,0.0,0.0,12.5,347,23.76,6.17,936.2,6.0,685.0,22.038664,78.97013
MP-CHW,2022-03-13,23.5,31.1,15.6,32,48,0.0,0.0,10.2,324,24.19,6.0,936.1,5.1,685.0,22.038664,78.97013
MP-CHW,2022-03-14,24.5,33.2,16.4,35,53,0.0,0.0,12.8,334,23.73,5.95,936.0,7.2,685.0,22.038664,78.97013
MP-CHW,2022-03-15,26.4,33.9,19.8,34,48,0.0,0.0,18.0,316,23.79,6.89,934.1,8.7,685.0,22.038664,78.97013
MP-CHW,2022-03-16,27.5,34.5,21.0,26,42,0.0,0.0,19.5,321,24.08,7.53,932.8,5.7,685.0,22.038664,78.97013
MP-CHW,2022-03-17,27.8,34.9,19.7,28,52,0.0,0.0,20.9,326,24.16,7.47,932.3,6.6,685.0,22.038664,78.97013
MP-CHW,2022-03-18,27.2,34.9,19.5,38,64,0.0,0.0,16.3,348,23.99,6.53,931.9,10.8,685.0,22.038664,78.97013
MP-CHW,2022-03-19,27.8,34.8,20.8,39,62,0.0,0.0,11.2,305,22.0,5.77,931.1,11.3,685.0,22.038664,78.97013
MP-CHW,2022-03-20,27.8,34.5,21.1,36,64,0.0,0.0,17.5,358,17.25,5.38,931.4,10.1,685.0,22.038664,78.97013
MP-CHW,2022-03-21,28.5,35.3,22.1,24,38,0.0,0.0,15.5,343,17.73,5.71,932.7,5.5,685.0,22.038664,78.97013
MP-CHW,2022-03-22,27.0,34.7,19.1,25,38,0.0,0.0,19.6,322,24.88,7.28,933.3,3.8,685.0,22.038664,78.97013
MP-CHW,2022-03-23,26.9,34.6,19.0,27,45,0.0,0.0,10.5,353,20.11,5.69,933.1,5.8,685.0,22.038664,78.97013
MP-CHW,2022-03-24,27.5,34.8,19.4,28,47,0.0,0.0,11.1,250,16.57,5.04,932.6,6.8,685.0,22.038664,78.97013
MP-CHW,2022-03-25,28.3,35.5,21.1,35,63,0.0,0.0,13.9,264,19.73,5.77,933.2,10.3,685.0,22.038664,78.97013
MP-CHW,2022-03-26,28.5,36.0,22.6,27,42,0.0,0.0,21.5,303,23.24,7.03,935.1,7.1,685.0,22.038664,78.97013
MP-CHW,2022-03-27,27.7,35.4,19.9,21,42,0.0,0.0,18.3,332,25.59,7.41,935.9,1.9,685.0,22.038664,78.97013
MP-CHW,2022-03-28,27.9,36.1,19.2,23,43,0.0,0.0,15.0,288,25.53,7.29,934.8,3.7,685.0,22.038664,78.97013
MP-CHW,2022-03-29,28.2,35.9,22.7,21,30,0.0,0.0,16.1,289,25.71,7.99,933.5,3.0,685.0,22.038664,78.97013
MP-CHW,2022-03-30,29.1,36.6,21.8,20,29,0.0,0.0,15.0,298,25.83,7.84,933.2,3.1,685.0,22.038664,78.97013
MP-CHW,2022-03-31,29.9,37.2,23.0,18,27,0.0,0.0,14.7,301,25.81,7.89,933.5,2.4,685.0,22.038664,78.97013
MP-CHW,2022-04-01,30.2,38.0,23.8,19,30,0.0,0.0,13.1,294,25.92,7.76,933.4,3.1,685.0,22.038664,78.97013
MP-CHW,2022-04-02,29.7,37.1,22.8,23,45,0.0,0.0,11.3,342,25.6,7.13,934.7,5.7,685.0,22.038664,78.97013
MP-CHW,2022-04-03,29.5,37.4,22.1,23,43,0.0,0.0,15.2,344,24.54,7.0,934.6,4.8,685.0,22.038664,78.97013
MP-CHW,2022-04-04,29.9,38.0,21.2,20,35,0.0,0.0,17.8,314,25.64,7.4,934.8,3.5,685.0,22.038664,78.97013
MP-CHW,2022-04-05,29.8,37.7,21.2,20,37,0.0,0.0,15.0,297,26.1,7.25,936.6,2.6,685.0,22.038664,78.97013
MP-CHW,2022-04-06,30.1,38.0,22.0,21,36,0.0,0.0,17.0,294,25.99,7.04,936.6,4.7,685.0,22.038664,78.97013
MP-CHW,2022-04-07,30.3,37.0,22.3,33,53,0.0,0.0,14.7,211,23.4,6.53,936.0,11.2,685.0,22.038664,78.97013
MP-CHW,2022-04-08,30.3,36.9,23.5,34,54,0.0,0.0,12.5,230,22.96,6.22,934.8,11.8,685.0,22.038664,78.97013
MP-CHW,2022-04-09,31.4,38.6,24.3,31,59,0.0,0.0,14.4,239,23.05,6.92,933.7,9.8,685.0,22.038664,78.97013
MP-CHW,2022-04-10,31.0,38.8,25.6,28,53,0.0,0.0,14.6,247,22.67,7.08,933.0,8.5,685.0,22.038664,78.97013
MP-CHW,2022-04-11,32.2,40.4,24.3,22,39,0.0,0.0,20.9,257,23.37,7.79,932.4,6.8,685.0,22.038664,78.97013
MP-CHW,2022-04-12,31.6,38.5,24.0,26,48,0.0,0.0,13.3,270,21.14,6.58,932.1,8.8,685.0,22.038664,78.97013
MP-CHW,2022-04-13,31.8,38.1,26.4,27,40,0.0,0.0,15.2,243,21.19,6.62,931.9,10.0,685.0,22.038664,78.97013
MP-CHW,2022-04-14,31.5,38.9,26.2,26,45,0.0,0.0,20.3,272,23.53,7.31,931.6,8.2,685.0,22.038664,78.97013
MP-CHW,2022-04-15,31.0,37.6,23.0,20,42,0.0,0.0,19.7,286,25.83,8.71,931.3,3.6,685.0,22.038664,78.97013
MP-CHW,2022-04-16,30.6,37.3,22.9,18,31,0.0,0.0,17.7,291,26.87,8.8,930.7,2.5,685.0,22.038664,78.97013
MP-CHW,2022-04-17,31.6,39.5,25.9,18,25,0.0,0.0,18.7,316,24.37,8.24,931.4,3.3,685.0,22.038664,78.97013
MP-CHW,2022-04-18,31.3,38.7,23.1,21,32,0.0,0.0,15.8,300,25.95,8.17,933.5,5.3,685.0,22.038664,78.97013
MP-CHW,2022-04-19,32.9,39.1,27.3,17,25,0.0,0.0,16.2,322,25.72,9.02,934.7,3.9,685.0,22.038664,78.97013
MP-CHW,2022-04-20,33.1,39.6,26.7,17,25,0.0,0.0,18.3,324,25.0,8.59,933.2,4.4,685.0,22.038664,78.97013
MP-CHW,2022-04-21,32.5,38.9,26.4,19,31,0.0,0.0,31.6,335,20.38,7.85,932.2,5.6,685.0,22.038664,78.97013
MP-CHW,2022-04-22,30.2,37.0,24.2,33,48,0.0,0.0,16.0,18,23.36,7.04,934.9,11.2,685.0,22.038664,78.97013
MP-CHW,2022-04-23,30.7,37.6,24.0,36,60,0.0,0.0,12.0,247,23.79,6.69,934.6,12.2,685.0,22.038664,78.97013
MP-CHW,2022-04-24,31.6,38.2,24.3,27,52,0.0,0.0,19.5,300,25.84,8.1,933.5,8.0,685.0,22.038664,78.97013
MP-CHW,2022-04-25,32.2,38.5,26.8,16,22,0.0,0.0,21.7,304,26.87,9.07,932.7,2.6,685.0,22.038664,78.97013
MP-CHW,2022-04-26,32.6,39.3,25.4,17,24,0.0,0.0,19.5,305,25.62,9.02,932.9,3.5,685.0,22.038664,78.97013
MP-CHW,2022-04-27,32.8,39.5,25.1,15,24,0.0,0.0,17.4,317,26.47,8.73,932.7,1.7,685.0,22.038664,78.97013
MP-CHW,2022-04-28,33.1,40.4,24.1,15,26,0.0,0.0,13.2,309,23.99,7.62,932.9,2.6,685.0,22.038664,78.97013
MP-CHW,2022-04-29,33.4,39.6,27.6,15,21,0.0,0.0,17.1,301,21.06,7.63,932.7,2.6,685.0,22.038664,78.97013
MP-CHW,2022-04-30,33.9,40.0,27.8,16,23,0.0,0.0,22.7,288,25.61,10.18,931.1,3.9,685.0,22.038664,78.97013
MP-CHW,2022-05-01,32.9,38.2,27.5,21,33,0.0,0.0,17.2,278,25.35,8.7,929.5,7.4,685.0,22.038664,78.97013
MP-CHW,2022-05-02,32.6,38.4,28.1,26,37,0.1,0.1,18.6,299,23.01,7.63,930.1,10.3,685.0,22.038664,78.97013
MP-CHW,2022-05-03,32.8,38.5,27.5,25,34,0.0,0.0,16.1,293,22.74,7.62,931.3,9.8,685.0,22.038664,78.97013
MP-CHW,2022-05-04,32.9,39.1,26.8,22,32,0.0,0.0,17.1,294,24.35,8.52,932.8,7.8,685.0,22.038664,78.97013
MP-CHW,2022-05-05,32.8,38.7,28.0,19,27,0.0,0.0,21.2,309,26.36,9.3,932.1,5.5,685.0,22.038664,78.97013
MP-CHW,2022-05-06,32.1,39.2,25.7,19,29,0.0,0.0,18.6,341,23.77,7.52,931.8,5.1,685.0,22.038664,78.97013
MP-CHW,2022-05-07,31.4,36.5,25.8,26,37,0.0,0.0,20.0,10,19.4,6.65,932.3,8.9,685.0,22.038664,78.97013
MP-CHW,2022-05-08,32.7,39.8,25.0,20,36,0.0,0.0,21.7,2,22.1,7.88,930.4,5.7,685.0,22.038664,78.97013
MP-CHW,2022-05-09,33.1,39.6,25.2,19,27,0.0,0.0,19.4,41,22.41,8.15,929.0,5.2,685.0,22.038664,78.97013
MP-CHW,2022-05-10,33.0,40.1,24.9,26,46,0.0,0.0,29.9,28,26.05,9.54,928.9,10.1,685.0,22.038664,78.97013
MP-CHW,2022-05-11,32.5,39.0,26.2,33,58,0.0,0.0,22.6,45,23.35,7.58,928.6,13.0,685.0,22.038664,78.97013
MP-CHW,2022-05-12,31.8,37.2,27.2,45,62,0.3,0.3,13.8,183,21.12,6.1,928.9,18.1,685.0,22.038664,78.97013
MP-CHW,2022-05-13,33.7,40.5,27.5,34,60,0.0,0.0,20.3,243,22.37,7.42,927.8,13.4,685.0,22.038664,78.97013
MP-CHW,2022-05-14,34.2,40.9,27.0,23,35,0.0,0.0,13.4,277,23.4,7.79,928.2,9.1,685.0,22.038664,78.97013
MP-CHW,2022-05-15,34.4,40.0,28.3,26,40,0.0,0.0,15.5,283,22.87,8.01,929.8,11.3,685.0,22.038664,78.97013
MP-CHW,2022-05-16,33.5,38.8,28.9,25,43,0.0,0.0,20.5,257,22.37,8.01,930.2,10.1,685.0,22.038664,78.97013
MP-CHW,2022-05-17,33.4,40.0,25.6,21,33,0.0,0.0,15.8,310,23.33,7.75,928.9,7.2,685.0,22.038664,78.97013
MP-CHW,2022-05-18,33.1,38.9,25.8,25,37,0.0,0.0,13.2,202,18.36,5.43,929.8,9.7,685.0,22.038664,78.97013
MP-CHW,2022-05-19,33.3,38.5,26.6,36,71,0.0,0.0,18.7,212,23.99,6.58,930.8,15.1,685.0,22.038664,78.97013
MP-CHW,2022-05-20,33.9,40.4,28.1,35,59,0.0,0.0,20.2,235,24.0,7.68,929.5,15.0,685.0,22.038664,78.97013
MP-CHW,2022-05-21,33.4,39.2,28.1,30,54,0.0,0.0,20.3,270,25.04,9.57,927.6,12.0,685.0,22.038664,78.97013
MP-CHW,2022-05-22,31.6,37.6,26.7,35,60,0.0,0.0,24.4,288,25.25,8.91,925.9,13.2,685.0,22.038664,78.97013
MP-CHW,2022-05-23,30.7,37.3,25.2,42,63,0.0,0.0,20.1,294,25.51,8.39,926.6,15.1,685.0,22.038664,78.97013
MP-CHW,2022-05-24,29.0,35.8,23.2,48,68,3.0,3.0,16.1,307,23.02,6.23,930.0,15.7,685.0,22.038664,78.97013
MP-CHW,2022-05-25,30.7,37.2,23.9,39,59,0.0,0.0,15.3,320,23.45,6.34,932.0,14.2,685.0,22.038664,78.97013
MP-CHW,2022-05-26,31.4,36.9,26.1,37,56,0.9,0.9,17.1,286,22.35,7.24,931.1,14.1,685.0,22.038664,78.97013
MP-CHW,2022-05-27,31.5,37.3,25.7,32,56,0.0,0.0,20.1,272,25.71,8.43,930.0,11.5,685.0,22.038664,78.97013
MP-CHW,2022-05-28,31.5,36.3,26.4,35,56,0.0,0.0,19.7,287,22.9,8.22,929.1,13.4,685.0,22.038664,78.97013
MP-CHW,2022-05-29,31.4,37.1,26.6,40,59,0.0,0.0,20.9,290,24.12,7.93,929.2,15.8,685.0,22.038664,78.97013
MP-CHW,2022-05-30,31.8,37.9,26.4,39,62,0.2,0.2,18.7,285,20.82,6.62,929.5,15.5,685.0,22.038664,78.97013
MP-CHW,2022-05-31,32.4,38.3,27.7,36,53,0.0,0.0,21.0,301,19.98,7.28,928.9,14.9,685.0,22.038664,78.97013
MP-CHW,2022-06-01,33.5,39.6,28.2,27,45,0.0,0.0,19.4,315,21.73,8.29,928.6,10.3,685.0,22.038664,78.97013
MP-CHW,2022-06-02,34.0,40.0,27.4,22,41,0.0,0.0,21.4,322,22.14,8.28,928.7,8.7,685.0,22.038664,78.97013
MP-CHW,2022-06-03,34.8,40.9,29.2,21,32,0.0,0.0,21.1,318,22.07,8.99,928.3,8.3,685.0,22.038664,78.97013
MP-CHW,2022-06-04,34.6,40.1,29.7,22,33,0.0,0.0,23.0,306,21.24,9.17,928.8,9.2,685.0,22.038664,78.97013
MP-CHW,2022-06-05,34.9,40.5,29.4,20,32,0.0,0.0,22.1,308,22.71,9.28,928.8,7.9,685.0,22.038664,78.97013
MP-CHW,2022-06-06,34.8,40.9,30.3,19,28,0.0,0.0,24.3,325,22.4,9.14,928.8,7.5,685.0,22.038664,78.97013
MP-CHW,2022-06-07,34.4,39.8,29.7,22,31,0.0,0.0,22.0,304,25.19,9.67,928.7,9.0,685.0,22.038664,78.97013
MP-CHW,2022-06-08,33.7,39.7,29.8,27,35,0.0,0.0,26.1,301,23.42,9.47,928.8,11.5,685.0,22.038664,78.97013
MP-CHW,2022-06-09,32.8,37.9,29.0,39,51,0.0,0.0,21.9,279,22.85,8.12,928.5,16.5,685.0,22.038664,78.97013
MP-CHW,2022-06-10,31.8,38.2,27.0,43,66,0.2,0.2,20.8,262,22.59,7.17,929.0,17.2,685.0,22.038664,78.97013
MP-CHW,2022-06-11,30.5,36.5,27.5,51,63,9.7,9.7,21.9,269,17.26,5.42,929.5,18.8,685.0,22.038664,78.97013
MP-CHW,2022-06-12,28.9,36.4,24.3,61,81,5.0,5.0,18.9,266,23.47,5.91,930.2,20.1,685.0,22.038664,78.97013
MP-CHW,2022-06-13,28.8,34.7,25.7,59,73,3.3,3.3,20.2,271,15.49,4.6,931.2,19.7,685.0,22.038664,78.97013
MP-CHW,2022-06-14,30.1,36.7,25.9,54,67,0.4,0.4,15.8,272,22.29,6.37,930.8,19.2,685.0,22.038664,78.97013
MP-CHW,2022-06-15,28.1,35.3,24.8,67,95,19.9,19.9,17.4,258,16.03,4.15,930.2,21.0,685.0,22.038664,78.97013
MP-CHW,2022-06-16,25.7,30.2,22.8,82,97,9.4,9.4,16.0,234,15.39,3.39,930.4,22.3,685.0,22.038664,78.97013
MP-CHW,2022-06-17,25.8,30.2,22.5,82,96,9.3,9.3,17.7,236,14.32,3.18,930.2,22.4,685.0,22.038664,78.97013
MP-CHW,2022-06-18,26.3,31.5,23.6,78,92,11.4,11.4,14.8,228,18.04,4.08,930.6,21.9,685.0,22.038664,78.97013
MP-CHW,2022-06-19,25.1,30.3,22.6,85,96,29.6,29.6,13.6,244,15.31,3.38,930.2,22.2,685.0,22.038664,78.97013
MP-CHW,2022-06-20,24.8,29.5,22.2,84,97,15.8,15.8,16.6,249,18.23,3.79,928.3,21.7,685.0,22.038664,78.97013
MP-CHW,2022-06-21,24.9,29.6,21.7,84,98,0.8,0.8,12.4,239,16.05,3.45,926.9,21.8,685.0,22.038664,78.97013
MP-CHW,2022-06-22,25.9,31.2,21.9,79,99,1.3,1.3,14.2,8,21.09,4.45,929.2,21.8,685.0,22.038664,78.97013
MP-CHW,2022-06-23,26.4,31.9,23.0,77,95,6.5,6.5,11.4,301,21.25,4.56,930.4,21.8,685.0,22.038664,78.97013
MP-CHW,2022-06-24,26.8,31.0,23.0,76,95,1.6,1.6,11.9,231,18.89,4.23,928.9,22.0,685.0,22.038664,78.97013
MP-CHW,2022-06-25,26.9,31.3,23.3,73,94,0.0,0.0,10.9,245,10.35,2.71,926.4,21.2,685.0,22.038664,78.97013
MP-CHW,2022-06-26,25.5,28.4,23.0,83,98,50.1,50.1,10.0,207,13.45,2.92,926.8,22.4,685.0,22.038664,78.97013
MP-CHW,2022-06-27,25.4,29.5,22.5,85,99,2.8,2.8,10.7,201,18.06,3.77,928.6,22.5,685.0,22.038664,78.97013
MP-CHW,2022-06-28,26.1,31.6,22.3,82,97,8.0,8.0,11.6,254,20.15,4.29,928.2,22.5,685.0,22.038664,78.97013
MP-CHW,2022-06-29,26.0,29.8,24.2,83,96,7.1,7.1,14.5,270,13.71,3.15,927.1,22.9,685.0,22.038664,78.97013
MP-CHW,2022-06-30,25.5,29.1,23.3,85,97,17.8,17.8,13.8,263,12.83,2.87,926.8,22.6,685.0,22.038664,78.97013
MP-CHW,2022-07-01,26.0,30.8,23.1,82,96,6.2,6.2,16.6,272,19.13,4.16,927.2,22.4,685.0,22.038664,78.97013
MP-CHW,2022-07-02,24.8,27.0,23.1,88,95,13.2,13.2,13.0,275,10.91,2.42,926.1,22.5,685.0,22.038664,78.97013
MP-CHW,2022-07-03,24.2,28.3,22.9,90,97,27.5,27.5,11.1,286,10.39,2.24,926.0,22.4,685.0,22.038664,78.97013
MP-CHW,2022-07-04,24.4,27.8,22.7,89,96,31.3,31.3,15.5,296,12.69,2.72,925.0,22.3,685.0,22.038664,78.97013
MP-CHW,2022-07-05,24.2,28.2,22.6,91,98,40.1,40.1,15.0,222,11.3,2.22,924.0,22.5,685.0,22.038664,78.97013
MP-CHW,2022-07-06,24.4,28.6,22.2,89,99,14.7,14.7,11.0,332,12.92,2.65,926.5,22.4,685.0,22.038664,78.97013
MP-CHW,2022-07-07,24.5,27.9,22.8,90,97,21.3,21.3,10.9,280,12.13,2.55,927.8,22.6,685.0,22.038664,78.97013
MP-CHW,2022-07-08,25.1,29.7,22.7,88,96,30.0,30.0,12.1,305,16.7,3.5,926.5,22.8,685.0,22.038664,78.97013
MP-CHW,2022-07-09,24.6,28.5,22.3,88,97,16.4,16.4,17.9,344,16.83,3.39,924.7,22.4,685.0,22.038664,78.97013
MP-CHW,2022-07-10,24.7,28.6,21.9,87,100,20.7,20.7,16.4,345,17.0,3.5,924.9,22.2,685.0,22.038664,78.97013
MP-CHW,2022-07-11,24.4,28.4,22.3,89,96,22.0,22.0,15.8,327,13.71,2.87,925.5,22.3,685.0,22.038664,78.97013
MP-CHW,2022-07-12,24.7,28.3,22.1,89,97,39.5,39.5,17.2,345,14.72,3.02,924.5,22.6,685.0,22.038664,78.97013
MP-CHW,2022-07-13,24.4,29.3,22.2,89,96,35.1,35.1,17.4,3,16.59,3.37,921.9,22.3,685.0,22.038664,78.97013
MP-CHW,2022-07-14,24.2,27.0,22.0,91,98,21.3,21.3,11.1,41,11.98,2.41,921.5,22.6,685.0,22.038664,78.97013
MP-CHW,2022-07-15,23.4,26.0,22.1,91,97,31.6,31.6,19.9,251,8.5,1.83,923.7,21.9,685.0,22.038664,78.97013
MP-CHW,2022-07-16,24.7,28.9,22.0,87,99,12.9,12.9,13.2,260,15.45,3.19,926.3,22.3,685.0,22.038664,78.97013
MP-CHW,2022-07-17,24.8,28.7,22.9,87,96,31.8,31.8,17.4,320,12.15,2.71,926.7,22.5,685.0,22.038664,78.97013
MP-CHW,2022-07-18,24.7,29.0,22.5,88,96,10.9,10.9,17.1,355,16.28,3.34,925.1,22.5,685.0,22.038664,78.97013
MP-CHW,2022-07-19,23.9,27.1,22.1,85,96,3.5,3.5,24.2,251,13.76,3.03,927.5,21.2,685.0,22.038664,78.97013
MP-CHW,2022-07-20,24.8,28.3,22.5,82,90,7.0,7.0,17.8,275,17.7,3.9,928.7,21.5,685.0,22.038664,78.97013
MP-CHW,2022-07-21,24.5,27.9,22.5,86,94,9.4,9.4,19.3,297,14.93,3.19,929.1,22.0,685.0,22.038664,78.97013
MP-CHW,2022-07-22,24.5,27.3,22.8,87,95,5.0,5.0,16.6,312,14.45,3.07,929.3,22.0,685.0,22.038664,78.97013
MP-CHW,2022-07-23,23.3,25.5,22.2,92,97,32.6,32.6,12.0,289,8.52,1.83,927.0,21.9,685.0,22.038664,78.97013
MP-CHW,2022-07-24,23.5,26.2,21.9,91,98,17.1,17.1,12.2,254,10.09,2.07,927.2,21.9,685.0,22.038664,78.97013
MP-CHW,2022-07-25,23.1,25.3,22.1,93,96,29.5,29.5,13.0,270,7.26,1.56,929.7,21.9,685.0,22.038664,78.97013
MP-CHW,2022-07-26,23.7,27.7,21.5,89,96,13.0,13.0,8.7,272,12.94,2.65,931.6,21.8,685.0,22.038664,78.97013
MP-CHW,2022-07-27,23.8,26.5,21.6,89,97,19.9,19.9,9.7,281,12.9,2.63,932.2,21.8,685.0,22.038664,78.97013
MP-CHW,2022-07-28,24.7,29.4,22.0,86,97,3.8,3.8,10.7,292,17.78,3.66,933.3,22.0,685.0,22.038664,78.97013
MP-CHW,2022-07-29,24.5,27.7,21.8,88,98,10.2,10.2,10.4,295,13.53,2.78,932.8,22.4,685.0,22.038664,78.97013
MP-CHW,2022-07-30,25.3,29.7,22.4,84,96,1.3,1.3,14.5,280,17.57,3.69,931.3,22.2,685.0,22.038664,78.97013
MP-CHW,2022-07-31,25.3,29.8,22.7,85,96,4.7,4.7,10.7,288,19.07,3.89,929.7,22.4,685.0,22.038664,78.97013
MP-CHW,2022-08-01,25.9,30.2,22.3,76,91,0.1,0.1,11.0,295,22.97,5.01,929.7,21.1,685.0,22.038664,78.97013
MP-CHW,2022-08-02,26.0,30.4,22.5,77,93,0.8,0.8,10.7,307,22.06,4.72,929.0,21.5,685.0,22.038664,78.97013
MP-CHW,2022-08-03,25.4,29.9,22.9,85,94,2.7,2.7,10.6,333,16.53,3.41,928.8,22.5,685.0,22.038664,78.97013
MP-CHW,2022-08-04,25.3,30.1,22.3,88,96,6.5,6.5,11.4,78,20.47,4.14,928.4,22.9,685.0,22.038664,78.97013
MP-CHW,2022-08-05,25.4,29.6,22.6,87,100,5.9,5.9,12.8,151,19.51,3.93,927.2,23.0,685.0,22.038664,78.97013
MP-CHW,2022-08-06,25.2,30.1,22.2,86,99,13.0,13.0,8.3,256,20.35,4.19,925.8,22.5,685.0,22.038664,78.97013
MP-CHW,2022-08-07,25.0,28.9,22.4,88,99,20.9,20.9,12.8,344,14.52,2.96,924.5,22.8,685.0,22.038664,78.97013
MP-CHW,2022-08-08,24.8,28.6,22.6,88,98,20.0,20.0,14.8,28,14.84,3.06,922.8,22.7,685.0,22.038664,78.97013
MP-CHW,2022-08-09,24.5,28.2,22.6,89,98,30.1,30.1,10.5,335,15.11,3.05,921.6,22.5,685.0,22.038664,78.97013
MP-CHW,2022-08-10,23.1,24.7,22.4,93,97,43.7,43.7,21.1,262,5.77,1.31,919.8,21.9,685.0,22.038664,78.97013
MP-CHW,2022-08-11,23.1,25.5,22.2,92,98,71.5,71.5,21.4,226,8.16,1.76,923.3,21.8,685.0,22.038664,78.97013
MP-CHW,2022-08-12,24.3,27.9,22.1,86,99,1.9,1.9,24.0,238,16.33,3.4,926.5,21.6,685.0,22.038664,78.97013
MP-CHW,2022-08-13,23.9,27.0,22.0,85,93,3.2,3.2,23.8,271,11.5,2.65,927.3,21.1,685.0,22.038664,78.97013
MP-CHW,2022-08-14,23.0,24.5,22.3,90,94,36.7,36.7,23.2,295,7.4,1.78,927.1,21.3,685.0,22.038664,78.97013
MP-CHW,2022-08-15,22.6,24.5,21.8,92,96,95.3,95.3,29.3,272,6.66,1.53,925.0,21.3,685.0,22.038664,78.97013
MP-CHW,2022-08-16,23.2,27.1,21.1,89,98,9.2,9.2,24.0,208,16.4,3.19,929.0,21.1,685.0,22.038664,78.97013
MP-CHW,2022-08-17,24.6,29.1,21.6,81,98,1.0,1.0,18.1,226,20.12,4.19,931.2,21.0,685.0,22.038664,78.97013
MP-CHW,2022-08-18,25.2,29.5,21.8,78,94,0.4,0.4,16.7,279,21.13,4.56,930.5,20.9,685.0,22.038664,78.97013
MP-CHW,2022-08-19,25.3,29.1,22.4,79,94,1.6,1.6,19.2,297,20.93,4.51,930.0,21.3,685.0,22.038664,78.97013
MP-CHW,2022-08-20,24.3,27.0,22.4,84,95,3.8,3.8,21.7,304,13.41,3.11,928.5,21.4,685.0,22.038664,78.97013
MP-CHW,2022-08-21,22.8,25.2,21.5,90,95,38.4,38.4,30.7,280,7.38,1.9,925.0,21.0,685.0,22.038664,78.97013
MP-CHW,2022-08-22,22.1,23.5,21.1,91,97,35.4,35.4,30.0,241,8.11,1.77,924.2,20.6,685.0,22.038664,78.97013
MP-CHW,2022-08-23,23.7,28.2,21.1,84,98,0.8,0.8,17.1,221,19.51,3.95,928.6,20.7,685.0,22.038664,78.97013
MP-CHW,2022-08-24,24.4,28.6,20.7,82,96,1.6,1.6,11.8,290,22.51,4.56,931.5,20.9,685.0,22.038664,78.97013
MP-CHW,2022-08-25,24.1,27.9,21.1,83,95,0.8,0.8,11.9,315,15.92,3.38,931.2,20.8,685.0,22.038664,78.97013
MP-CHW,2022-08-26,24.4,28.5,20.8,79,95,1.4,1.4,13.6,309,21.35,4.46,930.8,20.3,685.0,22.038664,78.97013
MP-CHW,2022-08-27,24.6,28.9,21.6,82,92,4.9,4.9,15.6,316,20.18,4.2,930.5,21.1,685.0,22.038664,78.97013
MP-CHW,2022-08-28,24.0,27.3,22.5,87,95,14.3,14.3,10.9,336,12.31,2.61,930.8,21.6,685.0,22.038664,78.97013
MP-CHW,2022-08-29,24.0,27.1,22.1,88,96,4.1,4.1,12.9,3,14.78,2.96,932.7,21.9,685.0,22.038664,78.97013
MP-CHW,2022-08-30,24.4,29.3,21.0,88,99,3.5,3.5,11.6,147,20.33,4.01,933.5,22.1,685.0,22.038664,78.97013
MP-CHW,2022-08-31,24.8,28.9,21.3,86,98,3.6,3.6,10.0,268,19.12,3.85,932.4,22.1,685.0,22.038664,78.97013
MP-CHW,2022-09-01,24.7,28.6,21.7,87,99,10.8,10.8,11.4,202,17.69,3.56,932.6,22.2,685.0,22.038664,78.97013
MP-CHW,2022-09-02,25.2,29.9,21.6,86,100,2.3,2.3,9.8,226,21.1,4.27,933.5,22.5,685.0,22.038664,78.97013
MP-CHW,2022-09-03,25.7,29.5,22.3,82,96,0.7,0.7,13.0,266,17.07,3.69,932.6,22.3,685.0,22.038664,78.97013
MP-CHW,2022-09-04,24.2,26.9,23.0,91,96,12.6,12.6,12.5,275,9.15,1.91,931.6,22.6,685.0,22.038664,78.97013
MP-CHW,2022-09-05,24.0,28.2,22.3,89,97,6.4,6.4,11.0,299,12.49,2.59,931.8,22.0,685.0,22.038664,78.97013
MP-CHW,2022-09-06,24.3,29.2,21.7,87,97,11.5,11.5,7.6,346,17.9,3.6,931.8,21.8,685.0,22.038664,78.97013
MP-CHW,2022-09-07,24.5,29.5,21.7,87,96,4.9,4.9,10.1,27,18.29,3.6,932.1,22.2,685.0,22.038664,78.97013
MP-CHW,2022-09-08,25.1,29.4,22.5,86,96,5.5,5.5,13.5,51,18.0,3.64,932.1,22.6,685.0,22.038664,78.97013
MP-CHW,2022-09-09,25.8,30.1,22.9,84,97,0.5,0.5,12.2,66,22.29,4.55,931.8,22.6,685.0,22.038664,78.97013
MP-CHW,2022-09-10,25.5,29.6,22.1,83,98,1.6,1.6,16.3,31,21.47,4.38,930.3,22.4,685.0,22.038664,78.97013
MP-CHW,2022-09-11,24.5,27.8,22.3,89,98,12.8,12.8,17.1,25,15.94,3.11,926.8,22.5,685.0,22.038664,78.97013
MP-CHW,2022-09-12,23.3,26.8,21.9,92,98,54.1,54.1,11.9,7,10.44,2.12,924.6,21.9,685.0,22.038664,78.97013
MP-CHW,2022-09-13,22.5,24.0,21.7,96,99,21.4,21.4,15.7,227,5.23,1.06,926.5,21.8,685.0,22.038664,78.97013
MP-CHW,2022-09-14,23.0,26.5,21.2,92,99,8.0,8.0,23.7,216,12.92,2.44,929.5,21.6,685.0,22.038664,78.97013
MP-CHW,2022-09-15,23.3,26.3,21.7,90,98,9.4,9.4,24.0,224,13.04,2.57,930.2,21.6,685.0,22.038664,78.97013
MP-CHW,2022-09-16,23.0,26.6,22.0,92,97,17.0,17.0,18.6,241,10.46,2.08,928.3,21.6,685.0,22.038664,78.97013
MP-CHW,2022-09-17,24.3,28.5,21.5,85,97,0.9,0.9,15.9,284,16.23,3.36,930.2,21.5,685.0,22.038664,78.97013
MP-CHW,2022-09-18,24.8,29.6,21.0,80,96,0.3,0.3,10.8,317,22.31,4.61,931.8,20.7,685.0,22.038664,78.97013
MP-CHW,2022-09-19,25.3,29.6,21.9,75,91,0.3,0.3,13.8,326,21.5,4.7,931.4,20.3,685.0,22.038664,78.97013
MP-CHW,2022-09-20,24.9,28.8,22.1,79,90,1.2,1.2,18.1,324,19.78,4.25,929.9,20.9,685.0,22.038664,78.97013
MP-CHW,2022-09-21,23.9,27.1,22.2,86,95,10.1,10.1,13.9,309,15.56,3.22,929.4,21.3,685.0,22.038664,78.97013
MP-CHW,2022-09-22,23.4,26.2,21.8,86,94,0.5,0.5,19.9,283,13.01,2.81,930.0,20.8,685.0,22.038664,78.97013
MP-CHW,2022-09-23,23.3,27.1,20.9,81,91,2.4,2.4,20.6,272,19.05,3.97,931.0,19.6,685.0,22.038664,78.97013
MP-CHW,2022-09-24,22.9,25.7,20.5,83,91,0.7,0.7,19.2,271,11.1,2.52,931.7,19.7,685.0,22.038664,78.97013
MP-CHW,2022-09-25,23.8,28.6,20.7,84,95,0.7,0.7,9.0,307,19.72,3.95,932.5,20.7,685.0,22.038664,78.97013
MP-CHW,2022-09-26,23.8,28.3,20.5,84,95,3.9,3.9,10.5,349,17.4,3.5,933.6,20.8,685.0,22.038664,78.97013
MP-CHW,2022-09-27,24.1,29.3,20.7,84,95,3.2,3.2,12.6,358,19.57,3.91,932.5,21.0,685.0,22.038664,78.97013
MP-CHW,2022-09-28,24.9,29.4,21.2,79,95,0.4,0.4,11.8,15,20.62,4.34,931.8,20.7,685.0,22.038664,78.97013
MP-CHW,2022-09-29,25.0,29.6,21.2,72,88,0.3,0.3,16.2,13,21.87,4.84,931.8,19.3,685.0,22.038664,78.97013
MP-CHW,2022-09-30,24.7,29.3,21.0,72,86,0.2,0.2,15.0,2,21.42,4.71,932.1,19.0,685.0,22.038664,78.97013
MP-CHW,2022-10-01,24.6,29.5,20.7,73,88,0.5,0.5,18.0,340,20.72,4.63,931.6,19.1,685.0,22.038664,78.97013
MP-CHW,2022-10-02,24.9,29.6,21.2,65,82,0.4,0.4,21.3,335,21.03,5.13,931.7,17.7,685.0,22.038664,78.97013
MP-CHW,2022-10-03,24.6,29.0,20.6,65,79,0.4,0.4,20.9,345,20.1,4.98,932.2,17.4,685.0,22.038664,78.97013
MP-CHW,2022-10-04,25.1,28.9,21.6,68,90,0.5,0.5,17.7,350,16.33,4.24,932.2,18.5,685.0,22.038664,78.97013
MP-CHW,2022-10-05,23.5,27.6,21.0,89,98,17.0,17.0,11.2,102,13.1,2.62,931.6,21.6,685.0,22.038664,78.97013
MP-CHW,2022-10-06,23.2,26.8,21.2,91,99,21.3,21.3,15.3,129,13.44,2.61,931.5,21.6,685.0,22.038664,78.97013
MP-CHW,2022-10-07,23.3,26.4,21.2,89,100,4.2,4.2,19.3,142,16.79,3.19,932.6,21.2,685.0,22.038664,78.97013
MP-CHW,2022-10-08,23.6,27.6,20.7,86,100,3.2,3.2,21.7,163,17.57,3.45,934.0,21.0,685.0,22.038664,78.97013
MP-CHW,2022-10-09,24.5,28.4,21.0,85,100,4.4,4.4,12.9,165,19.07,3.76,934.9,21.5,685.0,22.038664,78.97013
MP-CHW,2022-10-10,23.7,28.1,21.2,88,99,3.9,3.9,13.4,164,16.62,3.24,936.0,21.4,685.0,22.038664,78.97013
MP-CHW,2022-10-11,22.5,25.8,20.4,92,100,14.2,14.2,12.6,197,10.39,2.0,934.9,21.1,685.0,22.038664,78.97013
MP-CHW,2022-10-12,22.5,27.1,19.8,88,98,14.0,14.0,10.3,259,13.97,2.76,935.4,20.4,685.0,22.038664,78.97013
MP-CHW,2022-10-13,23.0,27.7,19.8,82,97,1.1,1.1,12.6,23,18.46,3.7,935.9,19.6,685.0,22.038664,78.97013
MP-CHW,2022-10-14,22.6,27.2,19.0,71,81,0.5,0.5,13.6,20,19.63,4.3,935.9,16.8,685.0,22.038664,78.97013
MP-CHW,2022-10-15,21.8,27.0,17.6,66,80,0.0,0.0,13.6,13,21.64,4.66,935.3,14.9,685.0,22.038664,78.97013
MP-CHW,2022-10-16,22.4,27.3,19.0,77,95,6.1,6.1,12.1,36,17.13,3.61,936.9,18.0,685.0,22.038664,78.97013
MP-CHW,2022-10-17,22.4,27.4,19.4,87,97,4.8,4.8,7.2,8,14.44,2.83,937.7,20.0,685.0,22.038664,78.97013
MP-CHW,2022-10-18,22.1,26.3,19.6,87,97,2.9,2.9,12.1,2,13.92,2.68,936.8,19.7,685.0,22.038664,78.97013
MP-CHW,2022-10-19,22.1,27.8,17.4,66,86,0.0,0.0,10.0,26,21.03,4.45,936.3,15.2,685.0,22.038664,78.97013
MP-CHW,2022-10-20,21.8,27.8,16.2,71,88,0.0,0.0,8.7,60,20.39,4.12,937.5,15.9,685.0,22.038664,78.97013
MP-CHW,2022-10-21,21.1,27.8,15.8,62,85,0.0,0.0,10.3,37,20.93,4.53,939.1,13.0,685.0,22.038664,78.97013
MP-CHW,2022-10-22,21.0,27.4,15.3,60,80,0.0,0.0,17.4,21,21.18,4.8,940.0,12.4,685.0,22.038664,78.97013
MP-CHW,2022-10-23,21.3,26.7,16.4,58,76,0.0,0.0,19.0,12,21.08,4.9,938.1,12.3,685.0,22.038664,78.97013
MP-CHW,2022-10-24,20.1,26.1,15.3,61,76,0.0,0.0,14.8,337,21.2,4.55,934.6,12.1,685.0,22.038664,78.97013
MP-CHW,2022-10-25,19.8,27.1,14.0,60,84,0.0,0.0,11.6,316,21.26,4.48,934.6,10.9,685.0,22.038664,78.97013
MP-CHW,2022-10-26,21.1,27.7,13.4,59,84,0.0,0.0,9.0,347,20.59,4.25,937.5,11.8,685.0,22.038664,78.97013
MP-CHW,2022-10-27,21.4,28.2,15.1,55,79,0.0,0.0,10.2,349,20.57,4.42,937.7,11.1,685.0,22.038664,78.97013
MP-CHW,2022-10-28,21.0,27.9,14.9,52,74,0.0,0.0,12.0,347,20.5,4.56,937.2,10.0,685.0,22.038664,78.97013
MP-CHW,2022-10-29,20.8,28.1,14.6,55,79,0.0,0.0,13.0,2,20.46,4.65,937.2,10.4,685.0,22.038664,78.97013
MP-CHW,2022-10-30,20.3,26.9,14.8,60,80,0.0,0.0,13.7,10,20.03,4.4,937.5,11.6,685.0,22.038664,78.97013
MP-CHW,2022-10-31,19.8,26.6,13.8,63,86,0.0,0.0,9.4,28,20.24,4.2,937.3,11.9,685.0,22.038664,78.97013
MP-CHW,2022-11-01,20.7,26.9,15.0,63,87,0.0,0.0,9.0,14,20.1,4.03,938.3,12.7,685.0,22.038664,78.97013
MP-CHW,2022-11-02,20.9,28.2,14.6,62,89,0.0,0.0,12.4,9,19.87,4.44,937.4,12.3,685.0,22.038664,78.97013
MP-CHW,2022-11-03,21.7,29.4,14.5,53,83,0.0,0.0,10.5,355,19.8,4.43,937.1,10.5,685.0,22.038664,78.97013
MP-CHW,2022-11-04,22.4,30.1,15.4,52,77,0.0,0.0,9.2,351,19.61,4.51,938.2,11.1,685.0,22.038664,78.97013
MP-CHW,2022-11-05,22.9,30.1,15.9,54,81,0.0,0.0,11.6,349,19.12,4.44,939.4,11.9,685.0,22.038664,78.97013
MP-CHW,2022-11-06,23.0,30.2,16.2,53,82,0.0,0.0,14.1,352,19.16,4.64,939.4,11.8,685.0,22.038664,78.97013
MP-CHW,2022-11-07,22.0,29.5,15.5,55,91,0.0,0.0,16.1,12,19.29,4.76,938.9,10.9,685.0,22.038664,78.97013
MP-CHW,2022-11-08,21.1,29.0,14.6,52,82,0.0,0.0,10.7,27,19.25,4.47,938.5,9.4,685.0,22.038664,78.97013
MP-CHW,2022-11-09,21.3,28.1,14.3,50,75,0.0,0.0,12.0,26,18.94,4.53,938.7,9.8,685.0,22.038664,78.97013
MP-CHW,2022-11-10,21.7,28.3,15.2,57,85,0.0,0.0,11.1,33,16.78,4.03,939.4,11.9,685.0,22.038664,78.97013
MP-CHW,2022-11-11,21.8,27.9,16.1,59,87,0.0,0.0,13.8,22,16.63,4.08,939.6,12.8,685.0,22.038664,78.97013
MP-CHW,2022-11-12,21.2,27.3,16.7,60,86,0.0,0.0,11.9,21,17.3,4.0,939.7,12.4,685.0,22.038664,78.97013
MP-CHW,2022-11-13,20.0,26.7,13.5,54,82,0.0,0.0,9.5,29,18.7,4.12,938.8,9.7,685.0,22.038664,78.97013
MP-CHW,2022-11-14,19.2,26.9,12.6,56,75,0.0,0.0,10.0,20,18.82,3.82,938.6,9.4,685.0,22.038664,78.97013
MP-CHW,2022-11-15,19.4,27.2,12.4,55,81,0.0,0.0,9.4,357,18.76,3.83,938.3,8.9,685.0,22.038664,78.97013
MP-CHW,2022-11-16,19.7,27.1,13.3,53,76,0.0,0.0,12.6,355,18.59,4.02,937.2,8.9,685.0,22.038664,78.97013
MP-CHW,2022-11-17,19.7,26.1,14.0,55,76,0.0,0.0,15.0,10,18.14,4.24,937.1,9.6,685.0,22.038664,78.97013
MP-CHW,2022-11-18,18.4,24.8,13.3,47,64,0.0,0.0,11.6,14,18.44,4.2,938.1,6.3,685.0,22.038664,78.97013
MP-CHW,2022-11-19,17.5,24.0,12.2,47,67,0.0,0.0,11.6,13,18.53,4.14,937.8,5.3,685.0,22.038664,78.97013
MP-CHW,2022-11-20,17.2,24.3,10.7,53,77,0.0,0.0,10.1,17,18.32,3.7,936.3,7.0,685.0,22.038664,78.97013
MP-CHW,2022-11-21,18.0,26.0,10.9,57,88,0.0,0.0,10.9,12,18.27,3.85,936.0,8.3,685.0,22.038664,78.97013
MP-CHW,2022-11-22,19.0,26.8,12.6,57,84,0.0,0.0,13.2,18,18.12,4.14,936.6,9.2,685.0,22.038664,78.97013
MP-CHW,2022-11-23,18.8,26.5,12.2,52,76,0.0,0.0,10.2,13,18.12,4.01,937.0,7.9,685.0,22.038664,78.97013
MP-CHW,2022-11-24,18.1,25.9,11.7,56,78,0.0,0.0,9.2,15,17.82,3.82,936.9,8.2,685.0,22.038664,78.97013
MP-CHW,2022-11-25,18.1,26.1,11.2,46,72,0.0,0.0,11.0,12,18.06,4.04,937.7,5.0,685.0,22.038664,78.97013
MP-CHW,2022-11-26,17.9,26.0,10.4,50,79,0.0,0.0,9.8,8,18.09,3.65,936.1,6.0,685.0,22.038664,78.97013
MP-CHW,2022-11-27,17.9,26.2,10.6,51,70,0.0,0.0,9.0,346,17.71,3.57,933.9,6.9,685.0,22.038664,78.97013
MP-CHW,2022-11-28,18.0,26.7,10.5,54,76,0.0,0.0,9.4,357,17.67,3.68,934.7,7.5,685.0,22.038664,78.97013
MP-CHW,2022-11-29,18.3,26.7,11.1,60,90,0.0,0.0,10.2,19,17.47,3.6,936.4,9.3,685.0,22.038664,78.97013
MP-CHW,2022-11-30,18.3,26.2,11.4,61,87,0.0,0.0,9.8,17,16.96,3.46,937.5,9.6,685.0,22.038664,78.97013
MP-CHW,2022-12-01,18.3,26.0,12.1,64,88,0.0,0.0,9.7,27,17.06,3.38,937.1,10.5,685.0,22.038664,78.97013
MP-CHW,2022-12-02,18.5,26.4,11.4,64,91,0.0,0.0,9.4,312,17.17,3.5,936.3,10.6,685.0,22.038664,78.97013
MP-CHW,2022-12-03,19.2,26.8,12.5,64,91,0.0,0.0,10.1,346,16.88,3.48,936.6,11.3,685.0,22.038664,78.97013
MP-CHW,2022-12-04,19.3,27.1,12.9,59,87,0.0,0.0,10.6,3,17.09,3.71,937.6,9.7,685.0,22.038664,78.97013
MP-CHW,2022-12-05,19.5,27.5,12.4,59,90,0.0,0.0,11.3,353,16.61,3.64,938.6,10.0,685.0,22.038664,78.97013
MP-CHW,2022-12-06,19.8,27.1,13.7,63,88,0.0,0.0,14.0,358,16.71,3.8,938.2,11.9,685.0,22.038664,78.97013
MP-CHW,2022-12-07,18.0,24.7,13.2,51,82,0.0,0.0,19.2,6,17.09,4.09,937.5,6.2,685.0,22.038664,78.97013
MP-CHW,2022-12-08,17.3,25.4,11.0,46,73,0.0,0.0,14.9,17,17.16,4.26,937.2,4.5,685.0,22.038664,78.97013
MP-CHW,2022-12-09,17.4,25.2,11.2,48,72,0.0,0.0,13.5,39,17.25,4.01,935.9,5.4,685.0,22.038664,78.97013
MP-CHW,2022-12-10,18.5,27.6,10.2,50,84,0.0,0.0,11.2,49,17.05,3.98,935.6,6.0,685.0,22.038664,78.97013
MP-CHW,2022-12-11,20.5,27.8,13.3,65,89,0.0,0.0,11.1,77,14.94,3.4,936.8,13.2,685.0,22.038664,78.97013
MP-CHW,2022-12-12,21.1,26.6,17.7,82,96,9.4,9.4,12.2,86,11.34,2.33,937.0,17.6,685.0,22.038664,78.97013
MP-CHW,2022-12-13,21.1,27.9,17.6,82,97,16.2,16.2,14.4,34,13.11,2.63,938.0,17.5,685.0,22.038664,78.97013
MP-CHW,2022-12-14,22.0,28.7,16.6,58,83,0.0,0.0,9.2,24,14.41,3.37,938.5,12.8,685.0,22.038664,78.97013
MP-CHW,2022-12-15,20.9,26.6,16.9,71,91,13.5,13.5,11.6,344,12.97,2.81,937.6,15.1,685.0,22.038664,78.97013
MP-CHW,2022-12-16,20.7,27.8,15.3,65,88,0.0,0.0,10.5,355,15.63,3.44,936.5,13.3,685.0,22.038664,78.97013
MP-CHW,2022-12-17,19.4,26.8,14.1,53,85,0.0,0.0,13.6,7,17.0,4.06,937.5,7.6,685.0,22.038664,78.97013
MP-CHW,2022-12-18,17.7,26.0,11.1,53,85,0.0,0.0,9.4,23,16.98,3.71,937.2,6.7,685.0,22.038664,78.97013
MP-CHW,2022-12-19,17.8,26.3,10.8,53,80,0.0,0.0,10.0,9,16.64,3.48,936.1,6.9,685.0,22.038664,78.97013
MP-CHW,2022-12-20,18.5,27.1,11.5,50,73,0.0,0.0,10.2,9,16.46,3.71,935.6,6.9,685.0,22.038664,78.97013
MP-CHW,2022-12-21,18.9,26.7,12.3,53,74,0.0,0.0,9.3,3,16.12,3.39,936.2,8.2,685.0,22.038664,78.97013
MP-CHW,2022-12-22,19.1,26.9,11.9,56,76,0.0,0.0,9.2,325,16.31,3.3,935.8,9.6,685.0,22.038664,78.97013
MP-CHW,2022-12-23,19.6,26.5,13.5,61,86,0.0,0.0,10.6,210,16.41,3.5,935.6,11.3,685.0,22.038664,78.97013
MP-CHW,2022-12-24,19.9,26.1,14.9,62,89,0.0,0.0,12.3,219,15.9,3.46,936.0,12.0,685.0,22.038664,78.97013
MP-CHW,2022-12-25,18.9,25.5,13.0,73,95,0.0,0.0,12.1,240,15.43,3.11,936.8,13.5,685.0,22.038664,78.97013
MP-CHW,2022-12-26,19.9,25.7,14.3,70,92,0.0,0.0,12.4,199,15.68,3.25,938.5,13.8,685.0,22.038664,78.97013
MP-CHW,2022-12-27,19.9,26.7,13.9,73,96,0.0,0.0,9.7,309,15.04,3.16,939.0,14.1,685.0,22.038664,78.97013
MP-CHW,2022-12-28,18.2,25.9,13.2,63,93,0.0,0.0,9.5,356,16.65,3.48,939.9,9.9,685.0,22.038664,78.97013
MP-CHW,2022-12-29,17.4,25.7,10.8,56,75,0.0,0.0,9.8,351,16.65,3.36,940.5,7.9,685.0,22.038664,78.97013
MP-CHW,2022-12-30,19.2,27.0,12.7,58,80,0.0,0.0,12.2,285,16.27,3.64,940.8,10.0,685.0,22.038664,78.97013
MP-CHW,2022-12-31,19.1,26.1,14.0,57,78,0.0,0.0,12.6,327,16.59,3.77,940.1,9.7,685.0,22.038664,78.97013
MP-CHW,2023-01-01,17.1,23.6,11.9,65,84,0.0,0.0,11.5,7,16.6,3.21,940.4,10.0,685.0,22.038664,78.97013
MP-CHW,2023-01-02,16.8,24.1,10.8,64,80,0.0,0.0,9.1,27,16.74,3.22,940.6,9.6,685.0,22.038664,78.97013
MP-CHW,2023-01-03,17.0,24.4,10.3,67,88,0.0,0.0,11.0,357,16.02,3.16,940.5,10.2,685.0,22.038664,78.97013
MP-CHW,2023-01-04,16.0,21.5,11.8,76,91,0.0,0.0,13.0,27,13.39,2.54,940.5,11.4,685.0,22.038664,78.97013
MP-CHW,2023-01-05,16.0,23.2,10.8,79,94,0.0,0.0,9.7,34,14.67,2.64,941.5,11.9,685.0,22.038664,78.97013
MP-CHW,2023-01-06,16.0,23.7,10.5,65,90,0.0,0.0,9.1,23,16.73,3.27,942.5,8.9,685.0,22.038664,78.97013
MP-CHW,2023-01-07,14.9,23.1,8.5,47,71,0.0,0.0,10.2,25,17.86,3.65,941.2,2.4,685.0,22.038664,78.97013
MP-CHW,2023-01-08,14.7,24.3,6.8,49,83,0.0,0.0,10.4,6,17.81,3.72,939.7,2.4,685.0,22.038664,78.97013
MP-CHW,2023-01-09,15.8,25.4,7.9,50,72,0.0,0.0,10.2,358,17.53,3.47,940.5,4.4,685.0,22.038664,78.97013
MP-CHW,2023-01-10,17.0,26.4,9.1,50,70,0.0,0.0,10.0,345,17.56,3.51,939.7,5.5,685.0,22.038664,78.97013
MP-CHW,2023-01-11,16.9,25.6,9.6,56,78,0.0,0.0,10.4,288,17.47,3.58,937.2,7.4,685.0,22.038664,78.97013
MP-CHW,2023-01-12,17.7,25.6,11.4,54,80,0.0,0.0,11.5,295,17.68,3.81,935.4,7.0,685.0,22.038664,78.97013
MP-CHW,2023-01-13,18.0,25.5,12.3,61,84,0.0,0.0,11.3,281,17.43,3.61,935.9,9.8,685.0,22.038664,78.97013
MP-CHW,2023-01-14,17.4,24.7,12.7,64,91,0.0,0.0,12.6,315,17.61,3.6,936.8,9.6,685.0,22.038664,78.97013
MP-CHW,2023-01-15,15.9,24.2,10.0,63,89,0.0,0.0,12.4,338,17.71,3.48,936.1,8.1,685.0,22.038664,78.97013
MP-CHW,2023-01-16,16.7,24.7,9.5,69,88,0.0,0.0,14.8,349,16.43,3.24,936.5,10.5,685.0,22.038664,78.97013
MP-CHW,2023-01-17,18.0,25.8,11.3,64,85,0.0,0.0,11.5,358,16.35,3.41,937.0,10.7,685.0,22.038664,78.97013
MP-CHW,2023-01-18,17.6,25.5,11.4,59,70,0.0,0.0,12.5,10,17.33,3.57,938.9,9.1,685.0,22.038664,78.97013
MP-CHW,2023-01-19,18.2,25.9,11.0,64,82,0.0,0.0,10.4,5,16.8,3.41,938.9,10.8,685.0,22.038664,78.97013
MP-CHW,2023-01-20,19.7,26.0,13.9,67,91,0.0,0.0,16.2,181,17.11,3.67,938.2,12.8,685.0,22.038664,78.97013
MP-CHW,2023-01-21,20.2,26.1,14.7,65,90,0.0,0.0,14.7,195,16.19,3.59,937.9,12.7,685.0,22.038664,78.97013
MP-CHW,2023-01-22,19.9,26.1,14.6,62,83,0.0,0.0,16.5,194,16.62,3.85,937.0,11.8,685.0,22.038664,78.97013
MP-CHW,2023-01-23,19.8,26.0,14.5,62,85,0.0,0.0,14.2,165,17.87,3.95,936.8,11.8,685.0,22.038664,78.97013
MP-CHW,2023-01-24,20.0,26.2,15.1,68,93,0.0,0.0,13.9,169,17.78,3.74,936.7,13.3,685.0,22.038664,78.97013
MP-CHW,2023-01-25,21.0,26.6,16.3,60,81,0.0,0.0,14.2,186,16.18,3.77,936.9,12.5,685.0,22.038664,78.97013
MP-CHW,2023-01-26,20.0,26.7,15.4,70,100,0.0,0.0,9.5,40,17.29,3.47,938.0,13.2,685.0,22.038664,78.97013
MP-CHW,2023-01-27,20.1,26.6,15.3,74,100,0.0,0.0,15.2,11,17.39,3.63,938.7,14.4,685.0,22.038664,78.97013
MP-CHW,2023-01-28,20.5,27.8,14.3,69,97,0.0,0.0,10.5,20,18.22,3.72,937.4,13.6,685.0,22.038664,78.97013
MP-CHW,2023-01-29,20.7,27.4,14.0,64,92,0.0,0.0,13.7,120,18.3,4.1,936.0,12.7,685.0,22.038664,78.97013
MP-CHW,2023-01-30,21.4,27.9,15.9,60,82,0.2,0.2,12.4,140,17.55,4.09,938.1,12.5,685.0,22.038664,78.97013
MP-CHW,2023-01-31,20.0,26.8,14.7,68,94,0.0,0.0,17.7,17,16.88,3.86,938.8,13.2,685.0,22.038664,78.97013
MP-CHW,2023-02-01,18.0,25.5,13.0,54,91,0.0,0.0,14.2,16,19.49,4.41,938.8,6.4,685.0,22.038664,78.97013
MP-CHW,2023-02-02,17.0,26.7,9.7,42,76,0.0,0.0,11.0,11,20.5,4.55,938.6,1.7,685.0,22.038664,78.97013
MP-CHW,2023-02-03,17.5,27.3,8.7,38,69,0.0,0.0,9.0,8,20.48,4.52,938.4,0.5,685.0,22.038664,78.97013
MP-CHW,2023-02-04,17.8,27.3,9.5,41,69,0.0,0.0,10.8,347,20.19,4.55,936.9,2.7,685.0,22.038664,78.97013
MP-CHW,2023-02-05,18.6,27.4,10.1,40,64,0.0,0.0,8.7,335,20.1,4.34,936.1,3.5,685.0,22.038664,78.97013
MP-CHW,2023-02-06,20.0,28.6,12.1,41,64,0.0,0.0,17.3,309,19.78,4.48,935.9,5.3,685.0,22.038664,78.97013
MP-CHW,2023-02-07,20.5,28.4,13.1,44,72,0.0,0.0,15.0,302,20.01,5.01,935.3,6.5,685.0,22.038664,78.97013
MP-CHW,2023-02-08,19.9,27.7,14.0,39,62,0.0,0.0,12.1,342,20.48,5.01,937.0,4.3,685.0,22.038664,78.97013
MP-CHW,2023-02-09,20.0,29.3,11.1,41,74,0.0,0.0,10.0,342,20.61,4.58,936.9,4.2,685.0,22.038664,78.97013
MP-CHW,2023-02-10,21.8,31.2,13.5,33,56,0.0,0.0,14.7,298,20.51,5.39,937.3,3.1,685.0,22.038664,78.97013
MP-CHW,2023-02-11,22.3,29.9,16.6,35,56,0.0,0.0,15.3,305,20.76,5.72,937.9,5.1,685.0,22.038664,78.97013
MP-CHW,2023-02-12,20.2,27.4,14.5,44,72,0.0,0.0,18.2,347,21.05,5.26,939.6,6.0,685.0,22.038664,78.97013
MP-CHW,2023-02-13,18.3,26.3,12.1,37,60,0.0,0.0,14.3,324,21.38,5.1,939.4,1.8,685.0,22.038664,78.97013
MP-CHW,2023-02-14,19.8,29.0,12.6,31,54,0.0,0.0,13.1,336,21.14,5.4,938.9,0.9,685.0,22.038664,78.97013
MP-CHW,2023-02-15,21.7,30.1,15.9,32,46,0.0,0.0,16.5,329,21.16,5.88,937.4,3.4,685.0,22.038664,78.97013
MP-CHW,2023-02-16,22.0,30.3,14.6,39,59,0.0,0.0,17.2,324,21.28,5.82,937.7,6.2,685.0,22.038664,78.97013
MP-CHW,2023-02-17,21.4,30.0,13.9,48,70,0.0,0.0,15.8,1,21.37,5.28,938.0,8.9,685.0,22.038664,78.97013
MP-CHW,2023-02-18,21.8,30.7,14.8,50,78,0.0,0.0,12.2,8,21.51,5.14,938.0,9.3,685.0,22.038664,78.97013
MP-CHW,2023-02-19,22.1,31.2,13.7,47,86,0.0,0.0,13.0,4,21.8,5.07,938.1,7.8,685.0,22.038664,78.97013
MP-CHW,2023-02-20,22.7,32.5,13.9,39,74,0.0,0.0,10.6,315,21.87,5.38,937.3,5.6,685.0,22.038664,78.97013
MP-CHW,2023-02-21,23.7,33.2,14.9,30,55,0.0,0.0,15.4,299,22.13,6.0,937.3,2.9,685.0,22.038664,78.97013
MP-CHW,2023-02-22,23.5,31.8,14.7,28,52,0.0,0.0,14.2,297,21.81,6.18,936.9,2.5,685.0,22.038664,78.97013
MP-CHW,2023-02-23,23.8,31.8,16.8,33,54,0.0,0.0,12.9,299,21.79,5.93,936.9,5.1,685.0,22.038664,78.97013
MP-CHW,2023-02-24,22.9,31.8,14.6,35,66,0.0,0.0,15.5,316,22.21,5.82,938.2,4.5,685.0,22.038664,78.97013
MP-CHW,2023-02-25,22.8,31.4,14.6,33,59,0.0,0.0,10.5,346,22.4,5.37,939.7,3.9,685.0,22.038664,78.97013
MP-CHW,2023-02-26,23.3,32.1,15.2,31,53,0.0,0.0,18.8,358,21.43,5.62,940.5,4.2,685.0,22.038664,78.97013
MP-CHW,2023-02-27,24.3,31.4,16.2,33,53,0.0,0.0,11.6,97,20.43,5.54,940.6,6.2,685.0,22.038664,78.97013
MP-CHW,2023-02-28,24.9,31.3,17.7,35,52,0.0,0.0,13.6,182,20.34,5.24,940.7,7.6,685.0,22.038664,78.97013
MP-CHW,2023-03-01,24.2,30.1,19.1,42,58,0.0,0.0,17.2,18,18.09,4.59,941.2,9.8,685.0,22.038664,78.97013
MP-CHW,2023-03-02,25.1,31.8,18.0,37,62,0.0,0.0,10.8,10,18.35,4.66,941.5,8.5,685.0,22.038664,78.97013
MP-CHW,2023-03-03,26.0,32.5,19.6,30,50,0.0,0.0,12.9,23,20.03,5.94,942.5,6.1,685.0,22.038664,78.97013
MP-CHW,2023-03-04,25.5,32.5,17.7,29,45,0.0,0.0,16.1,33,21.06,5.93,942.2,5.4,685.0,22.038664,78.97013
MP-CHW,2023-03-05,24.9,31.2,19.9,38,62,0.0,0.0,19.4,5,20.06,5.76,942.3,8.8,685.0,22.038664,78.97013
MP-CHW,2023-03-06,24.6,32.5,18.6,39,65,0.0,0.0,17.1,335,18.85,5.47,940.1,8.3,685.0,22.038664,78.97013
MP-CHW,2023-03-07,18.6,23.0,14.0,70,94,3.9,3.9,17.8,287,8.74,2.37,940.3,12.6,685.0,22.038664,78.97013
MP-CHW,2023-03-08,21.2,30.1,12.9,51,92,0.0,0.0,9.7,329,22.43,5.07,939.4,8.4,685.0,22.038664,78.97013
MP-CHW,2023-03-09,23.1,29.9,16.5,40,72,0.0,0.0,16.6,334,21.01,5.6,939.5,7.8,685.0,22.038664,78.97013
MP-CHW,2023-03-10,23.3,30.2,17.1,37,65,0.0,0.0,22.8,321,21.05,5.98,938.9,6.0,685.0,22.038664,78.97013
MP-CHW,2023-03-11,23.5,31.0,17.3,37,66,0.0,0.0,16.1,335,23.52,6.08,939.0,6.3,685.0,22.038664,78.97013
MP-CHW,2023-03-12,24.6,32.2,18.1,31,51,0.0,0.0,14.8,350,23.43,6.32,938.5,5.4,685.0,22.038664,78.97013
MP-CHW,2023-03-13,25.7,32.9,19.1,31,52,0.0,0.0,13.5,1,20.71,5.93,937.5,6.3,685.0,22.038664,78.97013
MP-CHW,2023-03-14,23.7,30.5,18.6,36,54,0.5,0.5,12.6,350,18.54,5.04,935.8,7.5,685.0,22.038664,78.97013
MP-CHW,2023-03-15,23.8,31.8,17.2,45,68,6.6,6.6,20.0,272,19.03,4.99,934.7,10.0,685.0,22.038664,78.97013
MP-CHW,2023-03-16,22.8,28.0,18.9,53,79,0.9,0.9,17.6,248,17.99,4.71,936.0,12.2,685.0,22.038664,78.97013
MP-CHW,2023-03-17,21.7,29.1,17.6,61,76,2.4,2.4,23.1,249,18.93,4.14,935.9,13.3,685.0,22.038664,78.97013
MP-CHW,2023-03-18,19.1,24.6,15.9,80,96,13.2,13.2,16.3,156,13.27,2.66,934.7,15.2,685.0,22.038664,78.97013
MP-CHW,2023-03-19,18.7,25.5,15.1,80,98,5.7,5.7,13.9,260,19.7,3.72,932.6,14.9,685.0,22.038664,78.97013
MP-CHW,2023-03-20,20.5,26.7,14.5,63,93,0.0,0.0,15.2,269,22.29,4.87,931.9,12.2,685.0,22.038664,78.97013
MP-CHW,2023-03-21,20.8,26.9,15.8,62,81,1.2,1.2,15.4,295,18.3,4.08,932.7,12.7,685.0,22.038664,78.97013
MP-CHW,2023-03-22,21.2,27.7,16.1,62,87,0.0,0.0,19.6,291,18.78,3.99,933.6,13.1,685.0,22.038664,78.97013
MP-CHW,2023-03-23,22.1,28.0,15.8,60,85,0.3,0.3,11.8,282,18.85,4.24,933.7,13.1,685.0,22.038664,78.97013
MP-CHW,2023-03-24,23.4,30.2,17.1,53,74,0.0,0.0,12.1,286,22.09,5.24,933.9,12.6,685.0,22.038664,78.97013
MP-CHW,2023-03-25,24.7,31.4,18.9,50,70,0.0,0.0,12.3,304,21.33,5.33,935.4,12.6,685.0,22.038664,78.97013
MP-CHW,2023-03-26,25.2,32.0,19.2,46,68,0.0,0.0,14.4,270,22.04,5.64,934.4,12.0,685.0,22.038664,78.97013
MP-CHW,2023-03-27,24.8,31.8,17.8,32,59,0.0,0.0,16.8,294,25.43,6.62,934.1,5.9,685.0,22.038664,78.97013
MP-CHW,2023-03-28,25.0,33.3,17.5,36,54,0.0,0.0,12.7,329,24.88,6.08,933.9,7.9,685.0,22.038664,78.97013
MP-CHW,2023-03-29,26.0,34.1,18.1,36,65,0.0,0.0,13.6,300,22.5,6.22,934.5,8.6,685.0,22.038664,78.97013
MP-CHW,2023-03-30,27.4,34.6,20.3,33,59,0.0,0.0,17.4,263,23.98,6.82,932.9,8.6,685.0,22.038664,78.97013
MP-CHW,2023-03-31,24.3,29.0,20.5,47,60,0.0,0.0,17.5,315,16.42,4.77,933.5,11.9,685.0,22.038664,78.97013
MP-CHW,2023-04-01,23.5,29.9,17.2,46,75,0.0,0.0,16.8,283,24.14,5.99,933.7,9.8,685.0,22.038664,78.97013
MP-CHW,2023-04-02,24.2,29.9,18.5,43,65,0.0,0.0,16.9,323,20.24,5.54,933.5,10.0,685.0,22.038664,78.97013
MP-CHW,2023-04-03,25.7,33.1,17.4,36,61,0.0,0.0,15.8,301,18.9,5.75,933.2,8.4,685.0,22.038664,78.97013
MP-CHW,2023-04-04,26.4,33.3,19.6,33,46,0.0,0.0,19.4,304,23.49,6.98,934.2,8.1,685.0,22.038664,78.97013
MP-CHW,2023-04-05,26.3,32.4,19.4,35,64,0.0,0.0,17.9,316,23.09,6.56,934.6,8.3,685.0,22.038664,78.97013
MP-CHW,2023-04-06,27.1,32.9,21.3,30,47,0.0,0.0,15.7,298,22.89,6.63,935.8,7.6,685.0,22.038664,78.97013
MP-CHW,2023-04-07,25.4,33.3,19.4,44,69,0.0,0.0,15.9,266,21.75,5.19,937.7,11.1,685.0,22.038664,78.97013
MP-CHW,2023-04-08,24.4,29.4,21.0,57,76,0.7,0.7,13.2,225,13.26,3.73,939.2,15.0,685.0,22.038664,78.97013
MP-CHW,2023-04-09,24.2,30.5,19.3,61,81,4.7,4.7,9.5,232,18.51,4.06,939.6,15.8,685.0,22.038664,78.97013
MP-CHW,2023-04-10,26.8,33.8,19.1,45,71,0.0,0.0,13.0,291,23.66,5.99,938.0,12.9,685.0,22.038664,78.97013
MP-CHW,2023-04-11,28.5,35.8,21.0,34,59,0.0,0.0,12.6,323,24.06,6.37,937.6,9.7,685.0,22.038664,78.97013
MP-CHW,2023-04-12,29.1,36.4,20.9,30,51,0.0,0.0,12.8,310,23.04,6.27,937.0,8.9,685.0,22.038664,78.97013
MP-CHW,2023-04-13,30.7,36.8,24.6,26,36,0.0,0.0,19.0,298,22.53,8.15,936.4,8.4,685.0,22.038664,78.97013
MP-CHW,2023-04-14,30.2,36.2,25.9,31,45,0.0,0.0,15.8,294,20.57,6.74,936.1,10.8,685.0,22.038664,78.97013
MP-CHW,2023-04-15,26.8,30.4,22.4,39,52,0.2,0.2,18.6,263,9.48,4.17,936.7,11.6,685.0,22.038664,78.97013
MP-CHW,2023-04-16,28.1,36.4,20.2,37,59,0.0,0.0,21.5,300,23.91,6.42,934.8,10.4,685.0,22.038664,78.97013
MP-CHW,2023-04-17,30.4,37.6,23.0,25,39,0.0,0.0,14.2,304,25.05,7.65,934.9,7.0,685.0,22.038664,78.97013
MP-CHW,2023-04-18,30.8,38.3,25.0,23,32,0.0,0.0,17.0,305,23.48,7.62,936.0,6.5,685.0,22.038664,78.97013
MP-CHW,2023-04-19,30.4,35.6,25.6,26,39,0.0,0.0,21.6,299,22.03,7.81,934.0,8.3,685.0,22.038664,78.97013
MP-CHW,2023-04-20,28.9,33.9,24.9,32,40,0.7,0.7,18.3,275,20.66,6.61,932.1,10.4,685.0,22.038664,78.97013
MP-CHW,2023-04-21,27.3,33.9,19.4,41,84,0.0,0.0,16.3,247,24.44,6.65,931.8,11.6,685.0,22.038664,78.97013
MP-CHW,2023-04-22,27.0,33.2,21.6,38,69,0.1,0.1,20.0,261,19.84,6.08,931.2,10.4,685.0,22.038664,78.97013
MP-CHW,2023-04-23,24.6,30.4,18.7,53,80,1.5,1.5,15.1,217,22.71,5.32,932.0,13.7,685.0,22.038664,78.97013
MP-CHW,2023-04-24,25.6,32.9,19.2,49,66,0.0,0.0,16.4,166,23.35,5.94,933.7,13.2,685.0,22.038664,78.97013
MP-CHW,2023-04-25,26.3,33.5,19.2,52,85,0.0,0.0,14.3,167,23.67,5.94,935.0,14.2,685.0,22.038664,78.97013
MP-CHW,2023-04-26,25.7,32.3,20.2,59,95,0.0,0.0,13.0,210,21.27,5.16,934.4,16.0,685.0,22.038664,78.97013
MP-CHW,2023-04-27,24.0,31.1,18.5,66,94,1.4,1.4,13.7,224,22.38,5.02,934.8,16.8,685.0,22.038664,78.97013
MP-CHW,2023-04-28,24.2,30.6,19.8,67,89,6.8,6.8,19.8,258,20.56,4.96,935.3,16.8,685.0,22.038664,78.97013
MP-CHW,2023-04-29,23.1,29.1,19.1,75,96,17.4,17.4,12.2,244,19.86,4.22,934.7,18.0,685.0,22.038664,78.97013
MP-CHW,2023-04-30,21.3,26.9,18.2,84,99,23.7,23.7,14.5,202,19.04,3.74,933.2,18.3,685.0,22.038664,78.97013
MP-CHW,2023-05-01,22.0,26.9,18.2,81,99,6.9,6.9,16.3,199,21.96,4.27,932.6,18.3,685.0,22.038664,78.97013
MP-CHW,2023-05-02,21.3,27.1,17.4,86,99,10.7,10.7,13.5,176,19.9,3.87,933.7,18.6,685.0,22.038664,78.97013
MP-CHW,2023-05-03,21.7,26.5,18.8,84,98,1.8,1.8,12.4,213,12.81,2.69,934.7,18.7,685.0,22.038664,78.97013
MP-CHW,2023-05-04,22.8,28.6,18.2,81,100,3.5,3.5,11.9,297,19.95,4.03,934.0,19.1,685.0,22.038664,78.97013
MP-CHW,2023-05-05,24.2,29.6,18.9,73,94,0.2,0.2,11.3,335,20.74,4.49,933.2,18.7,685.0,22.038664,78.97013
MP-CHW,2023-05-06,25.9,32.1,19.6,61,89,0.3,0.3,9.8,350,22.59,5.3,932.5,17.0,685.0,22.038664,78.97013
MP-CHW,2023-05-07,26.4,33.1,21.4,60,92,0.2,0.2,15.5,296,22.39,5.31,932.5,17.4,685.0,22.038664,78.97013
MP-CHW,2023-05-08,27.7,34.1,21.0,55,94,0.0,0.0,13.5,299,23.43,6.13,932.0,16.3,685.0,22.038664,78.97013
MP-CHW,2023-05-09,29.1,36.1,23.4,48,77,0.0,0.0,11.0,115,23.94,5.99,933.0,16.1,685.0,22.038664,78.97013
MP-CHW,2023-05-10,29.0,37.0,21.6,39,71,0.0,0.0,16.8,327,27.21,7.45,932.5,11.4,685.0,22.038664,78.97013
MP-CHW,2023-05-11,28.7,37.1,20.8,28,40,0.0,0.0,13.7,22,27.55,7.45,933.1,7.3,685.0,22.038664,78.97013
MP-CHW,2023-05-12,29.5,36.9,20.7,25,43,0.0,0.0,16.1,14,27.41,7.91,932.7,6.0,685.0,22.038664,78.97013
MP-CHW,2023-05-13,29.8,39.1,20.7,25,45,0.0,0.0,21.7,336,27.18,8.05,931.5,6.3,685.0,22.038664,78.97013
MP-CHW,2023-05-14,31.1,38.5,21.8,23,37,0.0,0.0,22.2,312,25.95,8.33,929.8,6.9,685.0,22.038664,78.97013
MP-CHW,2023-05-15,32.0,37.1,27.0,25,32,0.0,0.0,22.6,296,25.18,9.12,931.1,9.0,685.0,22.038664,78.97013
MP-CHW,2023-05-16,30.4,34.9,26.2,39,53,0.1,0.1,22.2,303,23.45,7.66,933.3,14.8,685.0,22.038664,78.97013
MP-CHW,2023-05-17,30.7,36.1,25.3,40,56,0.0,0.0,19.2,300,24.16,7.23,934.2,14.8,685.0,22.038664,78.97013
MP-CHW,2023-05-18,31.8,37.2,26.0,33,49,0.0,0.0,18.1,318,23.45,7.61,935.3,13.1,685.0,22.038664,78.97013
MP-CHW,2023-05-19,31.2,37.4,24.8,33,47,0.0,0.0,16.8,292,24.65,7.57,933.8,12.3,685.0,22.038664,78.97013
MP-CHW,2023-05-20,31.7,37.7,26.8,29,39,0.0,0.0,17.6,301,24.88,8.03,933.0,11.1,685.0,22.038664,78.97013
MP-CHW,2023-05-21,31.8,38.4,25.7,29,43,0.3,0.3,24.3,296,22.96,8.29,934.0,11.2,685.0,22.038664,78.97013
MP-CHW,2023-05-22,31.0,35.8,25.8,33,45,0.1,0.1,17.9,287,22.37,7.24,935.0,12.2,685.0,22.038664,78.97013
MP-CHW,2023-05-23,31.6,37.8,25.3,33,45,0.0,0.0,15.9,295,23.48,6.87,934.8,12.6,685.0,22.038664,78.97013
MP-CHW,2023-05-24,32.6,38.2,27.6,29,45,0.0,0.0,21.7,292,23.67,8.82,933.5,11.6,685.0,22.038664,78.97013
MP-CHW,2023-05-25,31.4,35.4,27.5,32,39,0.0,0.0,22.8,288,24.58,8.83,933.1,12.5,685.0,22.038664,78.97013
MP-CHW,2023-05-26,30.0,34.2,26.7,37,46,0.1,0.1,23.9,294,24.0,8.04,933.9,13.6,685.0,22.038664,78.97013
MP-CHW,2023-05-27,30.5,36.3,25.5,38,61,0.0,0.0,18.9,289,24.56,7.9,933.0,13.7,685.0,22.038664,78.97013
MP-CHW,2023-05-28,29.4,37.1,24.1,48,71,0.0,0.0,18.6,274,24.3,6.88,933.4,16.1,685.0,22.038664,78.97013
MP-CHW,2023-05-29,28.1,35.5,21.0,55,89,4.6,4.6,22.7,302,24.36,6.02,933.8,17.0,685.0,22.038664,78.97013
MP-CHW,2023-05-30,29.7,36.4,23.5,46,71,1.4,1.4,17.1,292,24.14,6.08,934.0,15.8,685.0,22.038664,78.97013
MP-CHW,2023-05-31,30.7,37.1,23.0,36,71,0.0,0.0,19.9,313,25.89,8.13,933.7,12.2,685.0,22.038664,78.97013
MP-CHW,2023-06-01,30.6,37.3,24.4,31,46,0.0,0.0,19.9,306,26.6,8.14,932.7,10.8,685.0,22.038664,78.97013
MP-CHW,2023-06-02,31.4,36.6,25.8,29,40,0.0,0.0,20.5,309,25.74,8.45,932.3,10.9,685.0,22.038664,78.97013
MP-CHW,2023-06-03,31.7,38.9,26.1,37,61,0.0,0.0,16.9,308,24.94,7.76,932.4,13.7,685.0,22.038664,78.97013
MP-CHW,2023-06-04,30.4,35.6,25.0,40,60,0.1,0.1,15.4,319,21.76,6.44,932.0,14.6,685.0,22.038664,78.97013
MP-CHW,2023-06-05,31.1,36.2,25.2,34,49,0.0,0.0,20.0,308,25.13,8.33,931.3,12.8,685.0,22.038664,78.97013
MP-CHW,2023-06-06,32.0,37.5,25.3,30,50,0.0,0.0,18.0,320,23.66,8.1,930.9,11.3,685.0,22.038664,78.97013
MP-CHW,2023-06-07,32.5,37.6,27.3,32,52,0.0,0.0,19.1,317,24.04,8.1,930.7,12.8,685.0,22.038664,78.97013
MP-CHW,2023-06-08,32.3,37.5,25.7,29,47,0.0,0.0,18.4,317,24.2,8.22,930.9,11.1,685.0,22.038664,78.97013
MP-CHW,2023-06-09,32.4,37.5,27.6,37,51,0.4,0.4,19.8,318,22.99,7.89,929.6,15.7,685.0,22.038664,78.97013
MP-CHW,2023-06-10,32.6,37.7,27.5,35,49,0.0,0.0,23.7,306,23.71,8.03,928.5,14.5,685.0,22.038664,78.97013
MP-CHW,2023-06-11,32.5,37.4,27.8,35,56,0.0,0.0,21.7,295,23.81,8.04,928.8,14.7,685.0,22.038664,78.97013
MP-CHW,2023-06-12,31.8,38.0,27.8,43,60,0.0,0.0,19.6,283,23.13,7.49,928.8,16.9,685.0,22.038664,78.97013
MP-CHW,2023-06-13,30.5,36.7,26.0,53,74,8.3,8.3,25.8,293,21.97,5.93,929.1,19.5,685.0,22.038664,78.97013
MP-CHW,2023-06-14,32.2,37.0,28.2,39,54,0.0,0.0,24.3,286,24.94,8.74,930.5,16.3,685.0,22.038664,78.97013
MP-CHW,2023-06-15,31.8,37.1,27.5,44,66,0.0,0.0,21.9,287,24.99,8.02,930.9,17.4,685.0,22.038664,78.97013
MP-CHW,2023-06-16,32.1,37.5,27.2,37,53,0.0,0.0,20.1,263,24.05,8.11,930.3,15.0,685.0,22.038664,78.97013
MP-CHW,2023-06-17,32.1,37.1,27.5,41,61,0.0,0.0,18.6,269,25.46,7.94,930.4,16.6,685.0,22.038664,78.97013
MP-CHW,2023-06-18,31.3,36.4,26.9,45,62,0.0,0.0,16.3,286,25.02,7.56,930.6,17.4,685.0,22.038664,78.97013
MP-CHW,2023-06-19,30.8,36.3,26.4,47,60,0.0,0.0,19.1,280,24.85,7.63,929.5,17.9,685.0,22.038664,78.97013
MP-CHW,2023-06-20,30.9,35.6,26.3,50,64,0.3,0.3,16.7,285,23.85,7.14,928.8,18.9,685.0,22.038664,78.97013
MP-CHW,2023-06-21,30.5,37.0,25.3,55,79,1.0,1.0,19.3,308,23.08,6.63,929.2,20.1,685.0,22.038664,78.97013
MP-CHW,2023-06-22,29.7,33.8,26.4,59,74,2.2,2.2,18.6,308,20.39,5.65,929.7,20.5,685.0,22.038664,78.97013
MP-CHW,2023-06-23,25.8,30.0,23.8,82,95,21.6,21.6,16.1,280,8.15,2.1,929.5,22.3,685.0,22.038664,78.97013
MP-CHW,2023-06-24,26.1,30.4,23.0,81,95,6.5,6.5,14.9,284,16.91,3.69,928.2,22.4,685.0,22.038664,78.97013
MP-CHW,2023-06-25,26.1,30.9,23.5,82,96,2.9,2.9,10.7,282,13.48,3.1,927.5,22.5,685.0,22.038664,78.97013
MP-CHW,2023-06-26,24.7,29.2,23.0,87,95,23.7,23.7,20.3,296,9.98,2.46,927.2,22.3,685.0,22.038664,78.97013
MP-CHW,2023-06-27,23.9,26.6,22.8,91,94,121.7,121.7,28.4,298,5.26,1.48,926.2,22.3,685.0,22.038664,78.97013
MP-CHW,2023-06-28,25.3,28.7,23.4,85,94,8.9,8.9,20.0,270,13.18,3.09,928.3,22.5,685.0,22.038664,78.97013
MP-CHW,2023-06-29,25.1,29.3,23.2,85,94,5.7,5.7,18.9,243,15.03,3.33,928.5,22.3,685.0,22.038664,78.97013
MP-CHW,2023-06-30,25.4,30.0,23.0,82,95,5.0,5.0,21.5,245,18.47,4.04,928.5,22.0,685.0,22.038664,78.97013
MP-CHW,2023-07-01,26.3,30.5,23.3,78,92,1.4,1.4,21.6,256,22.38,5.03,929.3,21.9,685.0,22.038664,78.97013
MP-CHW,2023-07-02,25.9,30.1,23.4,80,92,1.9,1.9,19.9,279,19.37,4.31,929.5,22.1,685.0,22.038664,78.97013
MP-CHW,2023-07-03,27.1,31.6,23.8,78,90,0.6,0.6,14.5,296,20.23,4.53,928.9,22.8,685.0,22.038664,78.97013
MP-CHW,2023-07-04,26.9,31.7,23.8,83,94,9.9,9.9,14.1,291,18.71,4.01,926.9,23.5,685.0,22.038664,78.97013
MP-CHW,2023-07-05,26.0,30.9,22.3,86,98,20.8,20.8,13.9,257,16.95,3.68,925.6,23.3,685.0,22.038664,78.97013
MP-CHW,2023-07-06,26.5,31.2,23.4,83,98,6.6,6.6,10.2,216,21.95,4.7,926.9,23.1,685.0,22.038664,78.97013
MP-CHW,2023-07-07,24.7,28.0,23.3,90,98,16.0,16.0,12.8,248,11.61,2.45,927.5,22.9,685.0,22.038664,78.97013
MP-CHW,2023-07-08,24.8,28.6,22.8,88,98,22.2,22.2,15.8,232,12.05,2.6,928.8,22.6,685.0,22.038664,78.97013
MP-CHW,2023-07-09,24.3,26.8,23.0,87,95,7.5,7.5,24.1,243,14.28,2.94,929.9,21.9,685.0,22.038664,78.97013
MP-CHW,2023-07-10,25.2,29.8,22.7,85,96,11.3,11.3,18.2,253,17.18,3.7,929.6,22.3,685.0,22.038664,78.97013
MP-CHW,2023-07-11,24.4,27.1,23.1,88,96,10.7,10.7,17.9,258,12.03,2.61,928.9,22.3,685.0,22.038664,78.97013
MP-CHW,2023-07-12,25.4,30.2,22.7,86,96,10.0,10.0,15.0,269,17.67,3.74,928.2,22.8,685.0,22.038664,78.97013
MP-CHW,2023-07-13,25.3,29.7,23.0,87,96,12.6,12.6,13.4,258,16.85,3.49,928.6,22.9,685.0,22.038664,78.97013
MP-CHW,2023-07-14,25.5,29.2,23.2,86,97,4.5,4.5,14.8,272,17.67,3.65,929.7,23.0,685.0,22.038664,78.97013
MP-CHW,2023-07-15,24.7,28.3,23.1,89,96,18.0,18.0,18.1,286,12.31,2.69,929.6,22.7,685.0,22.038664,78.97013
MP-CHW,2023-07-16,24.8,28.0,22.6,87,96,8.8,8.8,18.7,294,16.74,3.46,928.5,22.3,685.0,22.038664,78.97013
MP-CHW,2023-07-17,25.3,29.4,23.1,86,94,8.4,8.4,21.6,295,16.56,3.54,926.9,22.6,685.0,22.038664,78.97013
MP-CHW,2023-07-18,25.2,29.4,22.9,88,98,14.3,14.3,17.6,338,17.47,3.54,925.4,23.0,685.0,22.038664,78.97013
MP-CHW,2023-07-19,25.4,29.2,23.1,90,98,10.9,10.9,10.7,11,15.59,3.14,924.4,23.5,685.0,22.038664,78.97013
MP-CHW,2023-07-20,25.2,30.3,22.8,88,96,13.6,13.6,13.2,5,18.24,3.64,924.8,23.1,685.0,22.038664,78.97013
MP-CHW,2023-07-21,25.2,30.7,22.3,89,98,25.1,25.1,15.3,341,17.06,3.51,926.2,23.1,685.0,22.038664,78.97013
MP-CHW,2023-07-22,24.7,29.2,22.6,90,99,21.2,21.2,15.8,85,15.27,3.1,927.1,22.9,685.0,22.038664,78.97013
MP-CHW,2023-07-23,25.0,28.9,22.4,89,100,13.3,13.3,15.2,134,16.83,3.38,927.4,23.0,685.0,22.038664,78.97013
MP-CHW,2023-07-24,25.5,29.7,22.5,86,97,15.9,15.9,13.2,262,19.89,4.05,927.9,22.9,685.0,22.038664,78.97013
MP-CHW,2023-07-25,25.7,30.0,22.4,85,97,7.8,7.8,11.9,320,17.83,3.73,928.8,22.8,685.0,22.038664,78.97013
MP-CHW,2023-07-26,26.8,31.0,23.5,81,95,1.4,1.4,16.7,337,24.17,5.14,928.8,23.2,685.0,22.038664,78.97013
MP-CHW,2023-07-27,26.7,30.4,23.5,81,93,3.1,3.1,16.9,332,20.33,4.47,927.7,23.1,685.0,22.038664,78.97013
MP-CHW,2023-07-28,25.9,28.7,23.6,84,94,4.4,4.4,18.2,306,12.37,3.02,927.7,22.9,685.0,22.038664,78.97013
MP-CHW,2023-07-29,25.6,28.8,23.4,81,89,2.9,2.9,23.7,294,17.7,4.01,929.0,22.1,685.0,22.038664,78.97013
MP-CHW,2023-07-30,25.4,28.1,22.9,80,89,8.7,8.7,22.4,289,17.93,3.99,928.7,21.8,685.0,22.038664,78.97013
MP-CHW,2023-07-31,25.3,29.3,23.1,83,90,3.3,3.3,22.9,290,16.45,3.63,928.3,22.2,685.0,22.038664,78.97013
MP-CHW,2023-08-01,25.6,29.4,23.7,81,90,1.5,1.5,22.7,286,20.86,4.55,927.7,22.1,685.0,22.038664,78.97013
MP-CHW,2023-08-02,24.0,25.5,23.2,88,92,4.0,4.0,26.2,283,7.69,2.06,927.3,21.8,685.0,22.038664,78.97013
MP-CHW,2023-08-03,22.5,23.1,21.9,92,94,73.1,73.1,33.0,282,2.57,1.05,925.7,21.2,685.0,22.038664,78.97013
MP-CHW,2023-08-04,24.3,27.8,21.8,82,94,5.7,5.7,31.2,279,16.61,3.72,928.8,21.0,685.0,22.038664,78.97013
MP-CHW,2023-08-05,25.3,29.3,22.7,81,92,0.5,0.5,22.2,276,20.04,4.41,931.2,21.7,685.0,22.038664,78.97013
MP-CHW,2023-08-06,25.3,29.2,23.1,82,94,6.5,6.5,22.3,273,20.02,4.31,930.3,21.9,685.0,22.038664,78.97013
MP-CHW,2023-08-07,24.8,28.4,22.8,78,88,0.1,0.1,25.2,272,20.02,4.49,928.9,20.5,685.0,22.038664,78.97013
MP-CHW,2023-08-08,24.7,28.8,22.5,78,89,0.4,0.4,21.7,275,20.7,4.53,930.0,20.6,685.0,22.038664,78.97013
MP-CHW,2023-08-09,25.1,29.5,21.8,78,90,0.1,0.1,18.0,280,21.39,4.67,932.3,20.7,685.0,22.038664,78.97013
MP-CHW,2023-08-10,25.2,29.5,21.6,79,92,1.4,1.4,17.7,287,22.84,4.8,933.1,21.1,685.0,22.038664,78.97013
MP-CHW,2023-08-11,25.5,29.3,22.2,79,92,0.6,0.6,16.1,291,23.7,5.0,932.7,21.4,685.0,22.038664,78.97013
MP-CHW,2023-08-12,25.5,29.7,22.6,76,92,0.1,0.1,18.7,284,23.79,5.19,931.9,20.7,685.0,22.038664,78.97013
MP-CHW,2023-08-13,24.5,28.4,22.2,83,92,2.7,2.7,16.2,270,19.04,3.96,930.9,21.3,685.0,22.038664,78.97013
MP-CHW,2023-08-14,24.7,28.1,22.4,78,89,0.2,0.2,13.9,268,16.8,3.73,931.9,20.4,685.0,22.038664,78.97013
MP-CHW,2023-08-15,24.9,28.8,21.5,81,96,0.8,0.8,11.4,279,20.73,4.34,932.2,21.2,685.0,22.038664,78.97013
MP-CHW,2023-08-16,25.4,29.9,22.1,80,94,1.1,1.1,16.1,294,21.03,4.52,932.2,21.5,685.0,22.038664,78.97013
MP-CHW,2023-08-17,25.3,29.9,22.8,83,94,17.1,17.1,19.4,306,18.59,4.02,931.5,22.1,685.0,22.038664,78.97013
MP-CHW,2023-08-18,24.0,27.6,22.3,89,96,17.7,17.7,18.4,325,11.38,2.42,929.5,22.1,685.0,22.038664,78.97013
MP-CHW,2023-08-19,24.2,28.3,22.2,89,97,19.1,19.1,17.0,328,15.79,3.14,927.7,22.3,685.0,22.038664,78.97013
MP-CHW,2023-08-20,24.9,28.7,22.9,89,98,8.0,8.0,9.8,250,15.9,3.25,928.8,22.8,685.0,22.038664,78.97013
MP-CHW,2023-08-21,25.1,28.0,23.2,87,95,4.5,4.5,13.4,282,15.26,3.17,930.1,22.8,685.0,22.038664,78.97013
MP-CHW,2023-08-22,25.5,29.4,22.0,81,95,0.8,0.8,13.5,285,20.96,4.46,930.3,21.9,685.0,22.038664,78.97013
MP-CHW,2023-08-23,25.1,28.7,22.6,85,95,17.9,17.9,20.0,283,17.96,3.76,929.9,22.3,685.0,22.038664,78.97013
MP-CHW,2023-08-24,24.5,27.9,22.2,84,95,3.6,3.6,20.3,279,19.2,3.92,929.5,21.5,685.0,22.038664,78.97013
MP-CHW,2023-08-25,25.1,29.3,21.8,77,93,0.0,0.0,19.3,270,21.65,4.71,929.9,20.6,685.0,22.038664,78.97013
MP-CHW,2023-08-26,25.1,28.9,22.2,78,94,0.1,0.1,16.3,278,23.04,4.86,931.1,20.8,685.0,22.038664,78.97013
MP-CHW,2023-08-27,24.8,29.1,21.8,77,94,0.0,0.0,19.0,287,24.12,5.11,931.6,20.3,685.0,22.038664,78.97013
MP-CHW,2023-08-28,24.5,28.7,21.4,74,88,0.2,0.2,17.7,284,24.39,5.24,931.3,19.3,685.0,22.038664,78.97013
MP-CHW,2023-08-29,24.4,29.2,20.9,77,90,1.4,1.4,17.3,312,21.61,4.59,931.8,19.9,685.0,22.038664,78.97013
MP-CHW,2023-08-30,25.2,30.0,21.6,73,91,0.0,0.0,14.7,326,22.93,4.97,933.0,19.8,685.0,22.038664,78.97013
MP-CHW,2023-08-31,26.0,30.7,21.4,71,88,0.1,0.1,12.3,333,22.72,5.02,933.3,19.9,685.0,22.038664,78.97013
MP-CHW,2023-09-01,26.3,30.8,21.8,75,90,1.2,1.2,11.5,336,21.63,4.74,933.2,21.3,685.0,22.038664,78.97013
MP-CHW,2023-09-02,26.4,30.9,23.1,77,89,3.3,3.3,12.3,321,19.99,4.35,932.3,21.9,685.0,22.038664,78.97013
MP-CHW,2023-09-03,26.7,31.5,23.6,74,86,0.9,0.9,15.3,329,22.55,5.03,930.9,21.5,685.0,22.038664,78.97013
MP-CHW,2023-09-04,27.2,31.3,23.9,64,81,0.1,0.1,19.1,341,23.01,5.83,928.8,19.6,685.0,22.038664,78.97013
MP-CHW,2023-09-05,26.0,30.1,23.1,74,91,3.1,3.1,18.5,338,21.16,4.82,927.6,20.8,685.0,22.038664,78.97013
MP-CHW,2023-09-06,24.4,28.5,22.4,88,98,15.1,15.1,11.0,54,14.93,3.02,927.6,22.3,685.0,22.038664,78.97013
MP-CHW,2023-09-07,24.0,27.1,22.3,92,98,20.4,20.4,8.2,54,12.26,2.5,927.4,22.6,685.0,22.038664,78.97013
MP-CHW,2023-09-08,24.4,28.5,22.3,91,99,21.2,21.2,10.5,141,15.18,3.08,927.5,22.8,685.0,22.038664,78.97013
MP-CHW,2023-09-09,24.4,28.2,22.3,91,98,8.4,8.4,13.0,229,14.21,2.83,927.4,22.7,685.0,22.038664,78.97013
MP-CHW,2023-09-10,24.7,27.5,22.8,88,96,6.4,6.4,19.2,279,13.4,2.86,927.4,22.4,685.0,22.038664,78.97013
MP-CHW,2023-09-11,24.9,28.9,23.0,84,93,8.4,8.4,24.2,294,15.89,3.55,928.4,21.9,685.0,22.038664,78.97013
MP-CHW,2023-09-12,25.1,28.2,23.0,81,89,2.5,2.5,24.0,304,17.8,3.99,929.2,21.6,685.0,22.038664,78.97013
MP-CHW,2023-09-13,24.8,28.9,22.7,82,90,4.6,4.6,20.5,303,17.08,3.8,929.2,21.5,685.0,22.038664,78.97013
MP-CHW,2023-09-14,24.9,29.1,22.8,86,94,12.5,12.5,17.7,328,18.15,3.74,929.0,22.2,685.0,22.038664,78.97013
MP-CHW,2023-09-15,23.1,23.8,22.2,93,98,107.4,107.4,26.2,284,1.97,0.76,925.4,21.9,685.0,22.038664,78.97013
MP-CHW,2023-09-16,23.1,26.0,21.6,89,98,6.5,6.5,30.9,200,11.98,2.55,927.4,21.0,685.0,22.038664,78.97013
MP-CHW,2023-09-17,24.0,28.3,21.2,84,98,0.5,0.5,19.9,217,19.49,3.92,929.8,21.0,685.0,22.038664,78.97013
MP-CHW,2023-09-18,24.5,29.5,20.1,83,96,0.2,0.2,10.2,240,22.54,4.5,930.5,21.1,685.0,22.038664,78.97013
MP-CHW,2023-09-19,25.1,30.0,20.7,80,96,0.5,0.5,10.7,298,21.46,4.46,932.0,21.2,685.0,22.038664,78.97013
MP-CHW,2023-09-20,25.4,29.8,22.5,82,94,3.7,3.7,12.4,318,19.14,4.04,932.2,22.0,685.0,22.038664,78.97013
MP-CHW,2023-09-21,25.0,28.5,23.1,85,95,6.5,6.5,12.0,305,13.68,2.94,932.0,22.3,685.0,22.038664,78.97013
MP-CHW,2023-09-22,24.9,29.8,22.5,87,98,8.8,8.8,11.8,323,16.79,3.46,932.0,22.6,685.0,22.038664,78.97013
MP-CHW,2023-09-23,24.9,29.7,21.8,85,99,2.4,2.4,12.6,287,14.85,3.18,932.6,22.0,685.0,22.038664,78.97013
MP-CHW,2023-09-24,25.4,29.7,22.2,80,98,0.1,0.1,12.6,323,18.22,3.94,932.2,21.4,685.0,22.038664,78.97013
MP-CHW,2023-09-25,25.3,30.0,21.5,79,97,0.0,0.0,14.4,349,21.01,4.51,932.0,21.0,685.0,22.038664,78.97013
MP-CHW,2023-09-26,25.6,29.7,22.1,78,92,0.4,0.4,11.2,20,20.25,4.35,932.4,21.1,685.0,22.038664,78.97013
MP-CHW,2023-09-27,25.5,29.5,22.2,77,89,0.4,0.4,10.7,7,18.5,4.02,932.4,20.9,685.0,22.038664,78.97013
MP-CHW,2023-09-28,24.7,29.7,21.1,83,95,2.5,2.5,11.6,15,17.52,3.63,932.1,21.5,685.0,22.038664,78.97013
MP-CHW,2023-09-29,24.2,29.0,21.9,87,96,2.5,2.5,14.6,24,13.88,2.86,931.9,21.8,685.0,22.038664,78.97013
MP-CHW,2023-09-30,24.8,29.6,21.9,83,95,0.9,0.9,15.3,8,18.92,3.92,931.7,21.5,685.0,22.038664,78.97013
MP-CHW,2023-10-01,25.5,30.6,21.6,73,93,0.0,0.0,12.1,336,21.72,4.78,930.7,20.0,685.0,22.038664,78.97013
MP-CHW,2023-10-02,25.4,29.6,21.7,79,92,2.0,2.0,16.9,348,20.4,4.43,931.3,21.4,685.0,22.038664,78.97013
MP-CHW,2023-10-03,25.7,30.2,21.3,62,89,0.0,0.0,22.5,356,22.23,5.68,932.7,17.1,685.0,22.038664,78.97013
MP-CHW,2023-10-04,24.4,30.3,19.5,52,68,0.0,0.0,20.0,321,23.27,5.94,933.3,13.4,685.0,22.038664,78.97013
MP-CHW,2023-10-05,23.7,30.0,17.9,55,72,0.0,0.0,20.3,321,23.35,5.77,932.9,13.5,685.0,22.038664,78.97013
MP-CHW,2023-10-06,24.4,30.6,17.6,57,81,0.0,0.0,16.4,320,23.0,5.63,932.7,14.8,685.0,22.038664,78.97013
MP-CHW,2023-10-07,24.7,31.0,18.8,63,83,0.0,0.0,14.6,322,22.69,5.31,933.8,16.5,685.0,22.038664,78.97013
MP-CHW,2023-10-08,25.8,31.4,20.9,60,76,0.0,0.0,10.8,326,22.33,5.27,935.5,17.1,685.0,22.038664,78.97013
MP-CHW,2023-10-09,26.1,32.0,21.4,58,76,0.0,0.0,14.3,317,22.14,5.51,936.8,16.9,685.0,22.038664,78.97013
MP-CHW,2023-10-10,26.1,32.0,21.4,57,75,0.0,0.0,12.0,320,21.52,5.33,936.9,16.3,685.0,22.038664,78.97013
MP-CHW,2023-10-11,25.7,32.1,20.2,55,76,0.0,0.0,11.9,325,20.78,5.14,936.8,15.3,685.0,22.038664,78.97013
MP-CHW,2023-10-12,26.1,31.7,20.9,51,70,0.0,0.0,17.3,308,19.79,5.29,937.8,14.5,685.0,22.038664,78.97013
MP-CHW,2023-10-13,25.0,30.6,20.1,54,73,0.0,0.0,10.6,346,14.5,3.78,938.4,14.5,685.0,22.038664,78.97013
MP-CHW,2023-10-14,25.0,31.0,18.4,57,80,0.0,0.0,8.3,310,17.16,3.99,937.9,15.1,685.0,22.038664,78.97013
MP-CHW,2023-10-15,25.8,30.8,21.2,52,71,0.0,0.0,11.0,337,15.23,3.67,936.5,14.5,685.0,22.038664,78.97013
MP-CHW,2023-10-16,24.2,29.3,19.4,65,87,0.2,0.2,10.6,262,19.12,4.09,936.9,16.6,685.0,22.038664,78.97013
MP-CHW,2023-10-17,23.8,29.2,19.2,69,91,0.1,0.1,10.3,323,18.03,3.91,938.1,17.3,685.0,22.038664,78.97013
MP-CHW,2023-10-18,23.8,29.1,18.7,67,92,0.0,0.0,8.4,2,19.36,4.24,938.8,16.7,685.0,22.038664,78.97013
MP-CHW,2023-10-19,23.2,28.4,19.5,72,90,0.5,0.5,8.9,37,17.23,3.74,939.0,17.6,685.0,22.038664,78.97013
MP-CHW,2023-10-20,23.2,29.1,18.2,60,88,0.0,0.0,11.0,25,19.11,4.47,939.2,14.2,685.0,22.038664,78.97013
MP-CHW,2023-10-21,22.9,29.7,16.7,53,79,0.0,0.0,13.7,24,19.55,4.8,939.4,11.8,685.0,22.038664,78.97013
MP-CHW,2023-10-22,23.0,29.0,16.6,52,74,0.0,0.0,16.4,9,20.69,5.06,939.2,11.8,685.0,22.038664,78.97013
MP-CHW,2023-10-23,22.1,27.6,16.4,56,79,0.0,0.0,17.7,13,20.9,5.02,937.8,12.3,685.0,22.038664,78.97013
MP-CHW,2023-10-24,21.8,27.9,16.4,56,81,0.0,0.0,16.5,9,20.85,4.84,937.6,11.8,685.0,22.038664,78.97013
MP-CHW,2023-10-25,21.5,27.9,15.2,54,85,0.0,0.0,15.1,358,20.2,4.68,938.6,11.1,685.0,22.038664,78.97013
MP-CHW,2023-10-26,21.2,28.2,15.2,52,76,0.0,0.0,15.0,351,20.68,4.72,938.6,10.1,685.0,22.038664,78.97013
MP-CHW,2023-10-27,21.6,28.0,15.4,53,77,0.0,0.0,13.7,1,20.17,4.5,937.5,10.8,685.0,22.038664,78.97013
MP-CHW,2023-10-28,21.4,28.1,15.1,54,80,0.0,0.0,9.9,349,20.31,4.31,937.8,11.3,685.0,22.038664,78.97013
MP-CHW,2023-10-29,21.8,28.3,15.4,53,80,0.0,0.0,10.4,23,20.07,4.4,937.8,11.4,685.0,22.038664,78.97013
MP-CHW,2023-10-30,22.0,28.7,15.5,56,81,0.0,0.0,12.3,39,18.92,4.39,938.0,12.2,685.0,22.038664,78.97013
MP-CHW,2023-10-31,22.3,28.4,15.6,62,88,0.0,0.0,8.6,65,19.55,4.24,938.7,14.0,685.0,22.038664,78.97013
MP-CHW,2023-11-01,22.6,28.5,17.1,64,87,0.0,0.0,9.7,67,17.5,3.92,939.1,14.9,685.0,22.038664,78.97013
MP-CHW,2023-11-02,22.7,28.8,16.5,62,87,0.0,0.0,9.5,355,16.42,3.64,937.9,14.5,685.0,22.038664,78.97013
MP-CHW,2023-11-03,23.0,29.0,17.5,53,72,0.0,0.0,10.2,2,17.23,4.19,936.4,12.5,685.0,22.038664,78.97013
MP-CHW,2023-11-04,22.6,28.8,17.0,46,67,0.0,0.0,13.3,21,19.75,5.01,936.7,9.8,685.0,22.038664,78.97013
MP-CHW,2023-11-05,22.0,29.2,16.5,46,75,0.0,0.0,12.2,38,19.55,4.84,938.3,8.8,685.0,22.038664,78.97013
MP-CHW,2023-11-06,22.2,28.8,16.4,45,69,0.0,0.0,12.3,59,19.16,4.76,939.3,9.2,685.0,22.038664,78.97013
MP-CHW,2023-11-07,22.1,29.0,15.4,48,69,0.0,0.0,9.1,29,18.91,4.38,939.1,10.0,685.0,22.038664,78.97013
MP-CHW,2023-11-08,22.4,29.2,15.7,50,78,0.0,0.0,9.1,6,18.14,4.11,938.5,10.8,685.0,22.038664,78.97013
MP-CHW,2023-11-09,22.4,29.4,15.8,49,63,0.0,0.0,8.4,13,17.88,4.03,938.7,10.7,685.0,22.038664,78.97013
MP-CHW,2023-11-10,22.5,29.6,16.2,52,70,0.0,0.0,7.6,211,18.22,3.99,939.7,11.6,685.0,22.038664,78.97013
MP-CHW,2023-11-11,23.6,30.7,17.5,49,70,0.0,0.0,14.8,306,17.95,4.64,940.3,11.4,685.0,22.038664,78.97013
MP-CHW,2023-11-12,22.5,29.6,17.9,54,82,0.0,0.0,11.4,353,18.6,4.54,940.6,11.8,685.0,22.038664,78.97013
MP-CHW,2023-11-13,21.4,28.2,14.9,60,88,0.0,0.0,8.8,18,18.36,3.9,939.9,12.5,685.0,22.038664,78.97013
MP-CHW,2023-11-14,21.6,28.0,15.3,55,85,0.0,0.0,9.9,16,18.33,4.03,939.3,11.4,685.0,22.038664,78.97013
MP-CHW,2023-11-15,21.5,27.1,14.8,57,85,0.0,0.0,9.1,28,18.12,3.85,939.1,12.1,685.0,22.038664,78.97013
MP-CHW,2023-11-16,21.2,27.1,15.1,60,84,0.0,0.0,12.6,31,17.98,3.94,939.3,12.7,685.0,22.038664,78.97013
MP-CHW,2023-11-17,21.0,27.3,15.1,58,85,0.0,0.0,9.6,32,18.29,4.02,939.1,11.7,685.0,22.038664,78.97013
MP-CHW,2023-11-18,21.0,27.5,14.5,61,90,0.0,0.0,9.1,58,17.96,3.8,938.6,12.6,685.0,22.038664,78.97013
MP-CHW,2023-11-19,21.5,28.2,15.2,62,90,0.0,0.0,9.9,53,17.54,3.72,939.0,13.2,685.0,22.038664,78.97013
MP-CHW,2023-11-20,22.0,28.4,15.6,61,85,0.0,0.0,8.2,19,17.09,3.58,939.3,13.6,685.0,22.038664,78.97013
MP-CHW,2023-11-21,21.9,27.5,15.6,63,92,0.0,0.0,11.0,17,16.12,3.4,938.8,14.0,685.0,22.038664,78.97013
MP-CHW,2023-11-22,21.7,28.1,16.0,62,89,0.0,0.0,8.7,10,17.13,3.61,937.8,13.3,685.0,22.038664,78.97013
MP-CHW,2023-11-23,21.8,27.9,15.8,60,87,0.0,0.0,9.8,25,16.38,3.54,936.8,12.8,685.0,22.038664,78.97013
MP-CHW,2023-11-24,21.3,27.5,15.6,59,84,0.0,0.0,9.4,35,15.04,3.24,937.6,12.2,685.0,22.038664,78.97013
MP-CHW,2023-11-25,20.7,27.3,15.0,53,72,0.0,0.0,10.9,32,16.55,3.83,939.2,10.5,685.0,22.038664,78.97013
MP-CHW,2023-11-26,20.3,26.5,14.3,57,72,0.0,0.0,10.2,80,13.85,3.27,939.1,11.1,685.0,22.038664,78.97013
MP-CHW,2023-11-27,18.3,21.9,16.3,73,89,17.8,17.8,12.3,113,8.12,1.95,938.1,13.1,685.0,22.038664,78.97013
MP-CHW,2023-11-28,17.4,21.0,15.4,88,100,21.7,21.7,9.7,107,8.69,1.61,936.9,15.3,685.0,22.038664,78.97013
MP-CHW,2023-11-29,18.8,22.4,16.5,91,100,15.4,15.4,12.0,154,8.97,1.61,937.6,17.3,685.0,22.038664,78.97013
MP-CHW,2023-11-30,20.0,24.4,16.5,88,99,0.8,0.8,8.4,170,10.02,1.95,938.2,17.8,685.0,22.038664,78.97013
MP-CHW,2023-12-01,20.2,24.5,17.1,86,97,0.2,0.2,9.1,53,7.2,1.59,937.9,17.7,685.0,22.038664,78.97013
MP-CHW,2023-12-02,20.6,26.0,16.4,84,98,1.0,1.0,12.0,55,15.45,2.92,937.9,17.7,685.0,22.038664,78.97013
MP-CHW,2023-12-03,20.9,25.9,17.0,79,95,0.0,0.0,14.1,74,16.12,3.16,938.2,16.8,685.0,22.038664,78.97013
MP-CHW,2023-12-04,20.6,26.6,15.5,79,94,0.0,0.0,11.0,75,15.81,3.12,936.6,16.5,685.0,22.038664,78.97013
MP-CHW,2023-12-05,20.2,24.0,17.7,83,98,0.0,0.0,14.7,48,11.96,2.41,936.0,17.1,685.0,22.038664,78.97013
MP-CHW,2023-12-06,19.6,22.2,17.5,85,94,0.1,0.1,17.2,56,7.82,1.73,936.4,16.8,685.0,22.038664,78.97013
MP-CHW,2023-12-07,18.8,21.4,16.8,87,96,0.3,0.3,12.0,24,5.43,1.24,936.3,16.7,685.0,22.038664,78.97013
MP-CHW,2023-12-08,18.1,23.6,14.3,85,99,0.0,0.0,10.0,13,13.38,2.45,937.2,15.2,685.0,22.038664,78.97013
MP-CHW,2023-12-09,17.4,23.8,13.0,75,97,0.0,0.0,13.8,347,16.18,3.11,938.4,12.4,685.0,22.038664,78.97013
MP-CHW,2023-12-10,16.7,22.4,11.3,73,90,0.0,0.0,9.5,357,16.46,2.97,937.3,11.5,685.0,22.038664,78.97013
MP-CHW,2023-12-11,17.1,23.0,11.0,74,95,0.0,0.0,9.7,319,16.32,2.91,937.5,12.0,685.0,22.038664,78.97013
MP-CHW,2023-12-12,16.7,23.3,11.2,74,95,0.0,0.0,9.5,298,16.42,3.03,936.2,11.6,685.0,22.038664,78.97013
MP-CHW,2023-12-13,17.2,24.2,11.6,73,92,0.0,0.0,8.6,348,15.97,3.05,937.6,11.8,685.0,22.038664,78.97013
MP-CHW,2023-12-14,16.9,23.1,11.2,72,92,0.0,0.0,11.2,11,16.23,2.95,939.3,11.5,685.0,22.038664,78.97013
MP-CHW,2023-12-15,16.7,23.3,10.9,69,84,0.0,0.0,8.7,11,16.62,3.04,939.7,10.5,685.0,22.038664,78.97013
MP-CHW,2023-12-16,16.7,23.1,10.4,70,91,0.0,0.0,8.3,344,16.21,2.96,938.9,10.6,685.0,22.038664,78.97013
MP-CHW,2023-12-17,16.1,23.3,9.9,69,90,0.0,0.0,10.8,3,15.28,2.99,938.8,9.8,685.0,22.038664,78.97013
MP-CHW,2023-12-18,15.2,20.8,11.3,60,81,0.0,0.0,15.0,18,16.02,3.32,940.4,6.8,685.0,22.038664,78.97013
MP-CHW,2023-12-19,14.3,20.7,10.3,58,75,0.0,0.0,13.7,16,16.52,3.32,940.8,5.5,685.0,22.038664,78.97013
MP-CHW,2023-12-20,14.7,22.4,9.4,61,81,0.0,0.0,12.7,18,16.4,3.24,940.2,6.5,685.0,22.038664,78.97013
MP-CHW,2023-12-21,15.8,24.2,9.1,60,81,0.0,0.0,10.8,12,16.12,3.21,938.9,7.3,685.0,22.038664,78.97013
MP-CHW,2023-12-22,17.1,24.9,9.6,60,80,0.0,0.0,9.8,360,15.8,3.11,938.4,8.4,685.0,22.038664,78.97013
MP-CHW,2023-12-23,17.9,26.1,10.7,62,85,0.0,0.0,9.7,11,16.47,3.17,939.6,9.5,685.0,22.038664,78.97013
MP-CHW,2023-12-24,18.2,26.2,11.8,71,92,0.0,0.0,9.0,331,16.31,3.06,941.1,12.1,685.0,22.038664,78.97013
MP-CHW,2023-12-25,18.4,26.7,11.6,70,95,0.0,0.0,8.7,341,16.37,3.17,940.6,12.1,685.0,22.038664,78.97013
MP-CHW,2023-12-26,18.5,26.7,11.1,64,90,0.0,0.0,10.4,350,16.54,3.26,940.3,10.8,685.0,22.038664,78.97013
MP-CHW,2023-12-27,18.2,25.9,11.5,65,86,0.0,0.0,10.4,341,16.51,3.31,940.8,10.9,685.0,22.038664,78.97013
MP-CHW,2023-12-28,18.1,25.1,11.9,71,90,0.0,0.0,9.9,3,16.37,3.14,939.5,12.3,685.0,22.038664,78.97013
MP-CHW,2023-12-29,18.3,25.4,12.3,71,89,0.0,0.0,9.9,355,16.06,3.06,939.6,12.4,685.0,22.038664,78.97013
MP-CHW,2023-12-30,18.5,25.4,12.1,74,96,0.0,0.0,8.4,344,16.39,3.06,938.9,13.1,685.0,22.038664,78.97013
MP-CHW,2023-12-31,19.1,25.5,12.3,74,97,0.0,0.0,7.5,19,16.3,3.02,938.7,13.8,685.0,22.038664,78.97013
