site_id,date,temperature_2m_mean,temperature_2m_max,temperature_2m_min,relative_humidity_2m_mean,relative_humidity_2m_max,precipitation_sum,rain_sum,wind_speed_10m_max,wind_direction_10m_dominant,shortwave_radiation_sum,et0_fao_evapotranspiration,surface_pressure_mean,dew_point_2m_mean,elevation_m,lat,lon
MP-IND,2020-12-01,21.6,28.8,15.3,58,88,0.0,0.0,9.0,50,16.44,3.75,954.0,12.3,551.0,22.741652,75.858475
MP-IND,2020-12-02,20.5,28.3,13.7,54,83,0.0,0.0,9.7,71,16.59,3.85,952.9,9.8,551.0,22.741652,75.858475
MP-IND,2020-12-03,20.4,27.9,13.0,53,81,0.0,0.0,11.5,122,16.6,3.95,952.0,9.5,551.0,22.741652,75.858475
MP-IND,2020-12-04,20.8,28.6,13.8,47,72,0.0,0.0,10.9,154,16.65,3.98,950.8,8.1,551.0,22.741652,75.858475
MP-IND,2020-12-05,21.2,28.9,14.5,44,68,0.0,0.0,10.9,161,16.46,4.11,951.2,7.6,551.0,22.741652,75.858475
MP-IND,2020-12-06,21.4,29.1,14.7,48,72,0.0,0.0,10.1,171,16.41,3.72,952.8,9.1,551.0,22.741652,75.858475
MP-IND,2020-12-07,21.9,29.2,15.9,49,67,0.0,0.0,9.4,172,16.15,3.44,954.3,9.8,551.0,22.741652,75.858475
MP-IND,2020-12-08,22.0,28.8,16.3,50,70,0.0,0.0,10.2,153,16.11,3.97,954.2,10.5,551.0,22.741652,75.858475
MP-IND,2020-12-09,22.0,28.6,15.1,51,80,0.0,0.0,10.5,149,15.98,3.92,952.8,10.7,551.0,22.741652,75.858475
MP-IND,2020-12-10,22.8,28.2,17.4,49,69,0.0,0.0,13.2,152,14.27,3.96,952.0,11.1,551.0,22.741652,75.858475
MP-IND,2020-12-11,19.6,21.7,17.5,75,93,7.9,7.9,12.5,89,3.75,1.35,952.3,14.7,551.0,22.741652,75.858475
MP-IND,2020-12-12,18.4,20.8,17.0,88,96,8.7,8.7,11.0,145,4.73,1.07,952.2,16.4,551.0,22.741652,75.858475
MP-IND,2020-12-13,18.9,22.7,15.8,86,98,2.4,2.4,9.8,167,9.63,1.86,950.9,16.4,551.0,22.741652,75.858475
MP-IND,2020-12-14,19.2,23.6,16.3,90,98,3.6,3.6,11.6,131,8.69,1.67,951.0,17.4,551.0,22.741652,75.858475
MP-IND,2020-12-15,19.5,23.1,17.4,90,97,4.0,4.0,10.3,73,8.56,1.6,952.7,17.7,551.0,22.741652,75.858475
MP-IND,2020-12-16,18.6,22.0,15.8,87,98,0.5,0.5,11.0,44,9.01,1.75,954.6,16.4,551.0,22.741652,75.858475
MP-IND,2020-12-17,17.1,22.5,14.0,81,99,0.0,0.0,13.0,46,13.7,2.44,955.0,13.6,551.0,22.741652,75.858475
MP-IND,2020-12-18,16.0,22.6,10.7,72,86,0.0,0.0,10.8,51,15.94,2.94,954.3,10.7,551.0,22.741652,75.858475
MP-IND,2020-12-19,15.1,22.5,9.6,61,88,0.0,0.0,9.8,62,16.6,3.27,954.8,6.5,551.0,22.741652,75.858475
MP-IND,2020-12-20,15.3,23.7,9.2,59,81,0.0,0.0,11.0,81,15.82,3.35,955.2,6.3,551.0,22.741652,75.858475
MP-IND,2020-12-21,15.6,24.0,8.7,56,78,0.0,0.0,11.2,108,16.35,3.48,953.5,6.0,551.0,22.741652,75.858475
MP-IND,2020-12-22,16.8,24.7,9.8,56,81,0.0,0.0,10.3,130,16.41,3.53,951.9,7.0,551.0,22.741652,75.858475
MP-IND,2020-12-23,17.6,24.5,11.9,52,69,0.0,0.0,12.7,144,16.19,3.72,950.6,7.0,551.0,22.741652,75.858475
MP-IND,2020-12-24,18.3,25.3,12.9,51,66,0.0,0.0,12.2,133,16.04,3.73,950.4,7.5,551.0,22.741652,75.858475
MP-IND,2020-12-25,18.1,25.0,12.9,53,71,0.0,0.0,15.9,105,16.17,3.85,951.9,7.9,551.0,22.741652,75.858475
MP-IND,2020-12-26,18.4,25.6,12.6,55,70,0.0,0.0,13.2,132,15.98,3.7,952.0,8.6,551.0,22.741652,75.858475
MP-IND,2020-12-27,20.2,27.2,15.4,56,73,0.0,0.0,17.4,206,15.63,4.04,950.8,10.8,551.0,22.741652,75.858475
MP-IND,2020-12-28,15.5,22.0,10.5,52,88,0.0,0.0,14.0,15,16.63,3.55,951.5,4.4,551.0,22.741652,75.858475
MP-IND,2020-12-29,14.4,21.8,7.7,49,59,0.0,0.0,13.6,46,16.13,3.62,951.8,3.6,551.0,22.741652,75.858475
MP-IND,2020-12-30,15.7,22.4,10.4,62,77,0.0,0.0,14.1,51,14.48,3.2,952.4,8.3,551.0,22.741652,75.858475
MP-IND,2020-12-31,16.9,24.5,10.8,70,86,0.0,0.0,14.0,99,15.7,3.21,952.5,11.1,551.0,22.741652,75.858475
MP-IND,2021-01-01,19.7,25.5,14.0,65,88,0.0,0.0,18.7,132,15.72,3.74,951.9,12.5,551.0,22.741652,75.858475
MP-IND,2021-01-02,21.3,26.9,17.3,67,86,0.0,0.0,20.9,164,14.64,3.62,951.7,14.6,551.0,22.741652,75.858475
MP-IND,2021-01-03,21.4,26.4,15.9,70,99,0.0,0.0,18.8,157,14.72,3.48,950.3,15.3,551.0,22.741652,75.858475
MP-IND,2021-01-04,19.9,23.2,17.9,75,87,2.3,2.3,20.0,138,8.23,2.25,950.6,15.2,551.0,22.741652,75.858475
MP-IND,2021-01-05,19.7,24.0,16.1,73,82,0.1,0.1,18.2,151,12.26,2.85,951.5,14.6,551.0,22.741652,75.858475
MP-IND,2021-01-06,20.8,25.8,16.3,74,92,0.0,0.0,11.3,230,12.92,2.68,951.4,15.7,551.0,22.741652,75.858475
MP-IND,2021-01-07,20.6,26.2,16.2,79,98,0.1,0.1,13.3,94,13.13,2.74,950.2,16.5,551.0,22.741652,75.858475
MP-IND,2021-01-08,21.6,26.1,17.4,76,96,0.5,0.5,15.5,135,13.33,2.99,949.2,17.0,551.0,22.741652,75.858475
MP-IND,2021-01-09,20.5,24.1,18.5,88,98,8.9,8.9,11.1,106,8.3,1.67,950.4,18.2,551.0,22.741652,75.858475
MP-IND,2021-01-10,20.6,25.8,17.2,86,99,3.0,3.0,10.9,48,12.47,2.37,951.3,18.0,551.0,22.741652,75.858475
MP-IND,2021-01-11,20.8,26.6,17.0,84,100,0.0,0.0,10.4,53,14.95,2.85,952.4,17.6,551.0,22.741652,75.858475
MP-IND,2021-01-12,18.8,24.6,14.5,82,98,0.0,0.0,11.0,36,14.91,2.75,952.9,15.3,551.0,22.741652,75.858475
MP-IND,2021-01-13,16.0,23.1,10.1,58,84,0.0,0.0,10.2,54,17.43,3.5,951.9,7.1,551.0,22.741652,75.858475
MP-IND,2021-01-14,16.1,24.6,9.0,57,81,0.0,0.0,9.9,83,17.61,3.59,950.9,6.7,551.0,22.741652,75.858475
MP-IND,2021-01-15,18.6,26.8,10.9,55,75,0.0,0.0,14.2,130,16.54,3.81,949.6,9.2,551.0,22.741652,75.858475
MP-IND,2021-01-16,21.1,26.9,16.3,57,70,0.0,0.0,14.0,136,15.86,3.87,948.9,12.1,551.0,22.741652,75.858475
MP-IND,2021-01-17,22.8,28.1,18.5,58,67,0.0,0.0,20.5,145,16.11,4.35,949.6,13.9,551.0,22.741652,75.858475
MP-IND,2021-01-18,23.2,28.1,19.1,64,93,0.1,0.1,15.9,182,13.72,3.7,950.9,15.8,551.0,22.741652,75.858475
MP-IND,2021-01-19,21.1,28.7,16.2,67,95,0.0,0.0,13.7,308,16.42,3.7,950.5,13.9,551.0,22.741652,75.858475
MP-IND,2021-01-20,19.0,26.2,12.9,63,93,0.0,0.0,8.9,44,17.52,3.6,951.1,11.0,551.0,22.741652,75.858475
MP-IND,2021-01-21,18.3,26.4,11.4,54,85,0.0,0.0,10.6,82,18.07,3.84,951.1,7.9,551.0,22.741652,75.858475
MP-IND,2021-01-22,18.9,26.6,12.5,50,75,0.0,0.0,11.0,147,18.18,4.16,950.6,7.4,551.0,22.741652,75.858475
MP-IND,2021-01-23,19.9,28.4,12.8,58,85,0.0,0.0,16.1,244,17.83,4.18,950.0,10.6,551.0,22.741652,75.858475
MP-IND,2021-01-24,18.1,25.2,11.6,67,97,0.0,0.0,10.3,342,17.91,3.57,951.2,11.1,551.0,22.741652,75.858475
MP-IND,2021-01-25,17.0,23.8,10.8,62,87,0.0,0.0,13.7,37,18.2,3.71,952.7,9.3,551.0,22.741652,75.858475
MP-IND,2021-01-26,16.2,23.6,9.5,56,75,0.0,0.0,12.2,36,18.35,3.88,952.3,7.2,551.0,22.741652,75.858475
MP-IND,2021-01-27,15.1,23.0,7.8,54,80,0.0,0.0,12.8,46,18.87,3.86,952.2,5.3,551.0,22.741652,75.858475
MP-IND,2021-01-28,16.0,24.3,8.8,55,76,0.0,0.0,12.6,35,18.4,3.95,952.1,6.5,551.0,22.741652,75.858475
MP-IND,2021-01-29,14.7,22.1,8.2,52,86,0.0,0.0,14.9,44,19.44,3.96,953.7,3.8,551.0,22.741652,75.858475
MP-IND,2021-01-30,14.6,23.2,6.9,49,83,0.0,0.0,12.2,71,19.62,3.97,953.0,2.5,551.0,22.741652,75.858475
MP-IND,2021-01-31,16.4,24.7,9.3,44,60,0.0,0.0,9.8,90,19.16,4.0,953.0,3.5,551.0,22.741652,75.858475
MP-IND,2021-02-01,17.7,26.3,10.1,45,64,0.0,0.0,10.5,103,19.09,4.17,954.8,4.8,551.0,22.741652,75.858475
MP-IND,2021-02-02,19.3,27.6,12.2,44,64,0.0,0.0,12.3,157,19.3,4.56,954.5,5.7,551.0,22.741652,75.858475
MP-IND,2021-02-03,19.9,27.9,12.9,45,73,0.0,0.0,13.0,190,18.18,4.59,953.0,6.6,551.0,22.741652,75.858475
MP-IND,2021-02-04,20.9,27.4,15.7,43,59,0.0,0.0,17.8,225,15.44,4.18,952.5,7.3,551.0,22.741652,75.858475
MP-IND,2021-02-05,19.2,25.0,15.1,49,71,0.0,0.0,15.5,8,15.2,4.02,952.6,7.9,551.0,22.741652,75.858475
MP-IND,2021-02-06,16.9,23.4,12.1,49,79,0.0,0.0,17.8,40,20.15,4.53,953.9,4.9,551.0,22.741652,75.858475
MP-IND,2021-02-07,16.4,23.9,9.9,48,74,0.0,0.0,14.0,61,20.28,4.36,954.6,4.4,551.0,22.741652,75.858475
MP-IND,2021-02-08,17.0,25.3,9.5,52,77,0.0,0.0,11.7,96,20.28,4.27,954.2,6.1,551.0,22.741652,75.858475
MP-IND,2021-02-09,18.7,27.1,11.7,52,76,0.0,0.0,11.4,139,19.97,4.27,952.4,7.5,551.0,22.741652,75.858475
MP-IND,2021-02-10,20.2,28.4,12.2,48,76,0.0,0.0,10.5,223,19.59,4.48,950.6,7.8,551.0,22.741652,75.858475
MP-IND,2021-02-11,20.4,28.3,13.2,51,73,0.0,0.0,11.2,78,19.45,4.48,950.3,9.1,551.0,22.741652,75.858475
MP-IND,2021-02-12,21.1,29.1,13.6,42,56,0.0,0.0,10.0,89,20.28,4.73,950.9,6.8,551.0,22.741652,75.858475
MP-IND,2021-02-13,22.0,29.9,14.6,43,63,0.0,0.0,13.2,155,20.14,5.05,951.4,8.1,551.0,22.741652,75.858475
MP-IND,2021-02-14,23.0,29.9,15.6,45,72,0.0,0.0,11.5,276,18.41,4.7,951.5,9.5,551.0,22.741652,75.858475
MP-IND,2021-02-15,22.6,28.9,16.6,43,61,0.0,0.0,17.6,266,17.27,4.61,950.6,8.8,551.0,22.741652,75.858475
MP-IND,2021-02-16,21.7,28.2,17.1,51,70,0.2,0.2,15.6,245,16.6,4.04,950.1,10.5,551.0,22.741652,75.858475
MP-IND,2021-02-17,21.2,27.6,14.8,48,70,0.0,0.0,11.3,188,19.68,4.44,950.7,8.7,551.0,22.741652,75.858475
MP-IND,2021-02-18,20.6,26.5,15.9,59,90,0.0,0.0,10.2,107,16.11,3.68,952.8,11.6,551.0,22.741652,75.858475
MP-IND,2021-02-19,20.5,27.4,13.9,50,92,0.0,0.0,14.0,63,19.99,4.94,954.7,7.8,551.0,22.741652,75.858475
MP-IND,2021-02-20,20.1,27.4,14.1,41,60,0.0,0.0,16.5,67,21.47,5.33,954.9,5.6,551.0,22.741652,75.858475
MP-IND,2021-02-21,20.6,28.2,13.6,43,66,0.0,0.0,12.1,77,21.41,5.12,954.5,6.6,551.0,22.741652,75.858475
MP-IND,2021-02-22,22.4,29.9,15.1,38,57,0.0,0.0,10.2,116,21.56,5.19,953.8,6.3,551.0,22.741652,75.858475
MP-IND,2021-02-23,23.0,31.0,15.7,41,68,0.0,0.0,10.7,225,21.7,4.82,952.1,7.8,551.0,22.741652,75.858475
MP-IND,2021-02-24,23.7,31.3,16.1,37,58,0.0,0.0,13.0,268,21.82,5.61,950.8,7.2,551.0,22.741652,75.858475
MP-IND,2021-02-25,24.2,32.2,17.2,41,64,0.0,0.0,16.5,273,21.2,5.77,950.5,9.1,551.0,22.741652,75.858475
MP-IND,2021-02-26,24.1,31.9,16.0,42,74,0.0,0.0,17.1,281,22.08,6.02,949.3,8.9,551.0,22.741652,75.858475
MP-IND,2021-02-27,25.1,32.1,17.8,42,71,0.0,0.0,15.6,283,19.56,5.76,948.9,10.1,551.0,22.741652,75.858475
MP-IND,2021-02-28,25.2,32.1,18.1,42,67,0.0,0.0,15.0,273,20.15,5.6,949.5,10.3,551.0,22.741652,75.858475
MP-IND,2021-03-01,25.1,33.0,18.8,36,71,0.0,0.0,19.1,302,22.51,6.53,952.0,6.9,551.0,22.741652,75.858475
MP-IND,2021-03-02,23.2,32.4,15.2,33,49,0.0,0.0,11.6,23,23.15,5.68,952.6,4.6,551.0,22.741652,75.858475
MP-IND,2021-03-03,23.5,32.1,14.9,33,55,0.0,0.0,11.4,114,23.17,5.54,951.6,5.0,551.0,22.741652,75.858475
MP-IND,2021-03-04,24.5,33.5,16.0,26,53,0.0,0.0,16.7,254,23.39,6.46,951.0,1.5,551.0,22.741652,75.858475
MP-IND,2021-03-05,24.8,33.2,17.2,26,51,0.0,0.0,16.3,331,23.05,6.76,951.6,2.2,551.0,22.741652,75.858475
MP-IND,2021-03-06,25.8,33.6,16.7,21,36,0.0,0.0,13.3,241,23.3,6.6,951.6,1.0,551.0,22.741652,75.858475
MP-IND,2021-03-07,26.1,33.5,19.1,31,47,0.0,0.0,19.0,245,23.06,7.04,950.4,6.6,551.0,22.741652,75.858475
MP-IND,2021-03-08,25.8,34.3,17.8,28,45,0.0,0.0,14.6,256,23.52,6.87,950.9,4.1,551.0,22.741652,75.858475
MP-IND,2021-03-09,25.8,34.0,18.0,31,58,0.0,0.0,17.0,282,21.23,6.21,951.4,6.1,551.0,22.741652,75.858475
MP-IND,2021-03-10,26.5,34.2,20.7,27,52,0.0,0.0,18.2,290,22.29,6.31,951.4,5.2,551.0,22.741652,75.858475
MP-IND,2021-03-11,26.2,33.0,20.0,30,41,0.0,0.0,10.0,86,17.98,5.39,951.1,6.6,551.0,22.741652,75.858475
MP-IND,2021-03-12,25.0,32.4,20.2,41,64,1.9,1.9,25.1,12,19.65,5.2,952.5,10.2,551.0,22.741652,75.858475
MP-IND,2021-03-13,24.8,31.8,17.2,46,91,0.0,0.0,11.0,147,23.41,5.6,953.2,10.5,551.0,22.741652,75.858475
MP-IND,2021-03-14,26.3,33.5,18.7,34,58,0.0,0.0,11.4,206,22.04,6.01,951.1,8.2,551.0,22.741652,75.858475
MP-IND,2021-03-15,26.8,33.4,20.0,33,50,0.0,0.0,12.8,251,18.85,5.56,950.1,8.5,551.0,22.741652,75.858475
MP-IND,2021-03-16,27.1,33.4,21.3,33,48,0.0,0.0,9.9,310,19.19,5.33,950.2,8.6,551.0,22.741652,75.858475
MP-IND,2021-03-17,27.7,33.3,21.8,32,47,0.0,0.0,10.2,125,18.62,4.99,949.6,8.7,551.0,22.741652,75.858475
MP-IND,2021-03-18,27.4,33.2,21.1,33,50,0.0,0.0,15.4,99,18.01,5.43,949.3,9.4,551.0,22.741652,75.858475
MP-IND,2021-03-19,24.7,32.0,20.4,52,79,1.3,1.3,28.4,136,19.03,5.16,950.2,13.5,551.0,22.741652,75.858475
MP-IND,2021-03-20,25.9,33.0,19.6,43,74,0.0,0.0,16.7,186,21.81,6.18,948.5,10.8,551.0,22.741652,75.858475
MP-IND,2021-03-21,26.5,33.1,18.6,39,82,0.0,0.0,13.8,223,21.84,6.25,948.1,9.8,551.0,22.741652,75.858475
MP-IND,2021-03-22,27.0,33.9,19.6,32,58,0.0,0.0,14.5,224,22.27,6.54,950.0,7.9,551.0,22.741652,75.858475
MP-IND,2021-03-23,27.2,33.6,20.3,34,50,0.0,0.0,13.8,217,20.8,5.96,951.5,9.3,551.0,22.741652,75.858475
MP-IND,2021-03-24,26.8,33.7,19.4,37,77,0.0,0.0,15.6,231,21.2,6.27,951.7,9.4,551.0,22.741652,75.858475
MP-IND,2021-03-25,26.4,33.5,20.3,25,38,0.0,0.0,16.7,4,24.98,7.19,951.5,4.1,551.0,22.741652,75.858475
MP-IND,2021-03-26,25.8,33.5,19.1,22,35,0.0,0.0,13.7,41,25.46,7.27,951.0,1.6,551.0,22.741652,75.858475
MP-IND,2021-03-27,27.5,35.5,18.5,25,44,0.0,0.0,10.1,74,25.3,6.2,949.3,4.4,551.0,22.741652,75.858475
MP-IND,2021-03-28,28.9,37.0,20.5,24,42,0.0,0.0,12.7,307,25.43,7.13,947.8,4.7,551.0,22.741652,75.858475
MP-IND,2021-03-29,29.5,37.8,21.0,21,34,0.0,0.0,15.9,271,25.51,8.07,947.1,3.6,551.0,22.741652,75.858475
MP-IND,2021-03-30,29.8,37.2,23.0,20,31,0.0,0.0,25.5,277,26.03,9.75,945.9,3.6,551.0,22.741652,75.858475
MP-IND,2021-03-31,30.2,37.3,23.4,29,44,0.0,0.0,23.4,281,25.46,9.15,945.0,9.2,551.0,22.741652,75.858475
MP-IND,2021-04-01,28.8,35.8,22.1,32,71,0.0,0.0,18.1,298,26.27,7.22,944.7,6.8,551.0,22.741652,75.858475
MP-IND,2021-04-02,28.1,36.4,19.2,20,40,0.0,0.0,13.2,284,26.31,7.62,945.6,1.7,551.0,22.741652,75.858475
MP-IND,2021-04-03,28.2,36.4,19.4,22,44,0.0,0.0,13.8,300,26.07,7.39,946.8,3.2,551.0,22.741652,75.858475
MP-IND,2021-04-04,28.9,36.9,21.4,20,31,0.0,0.0,15.5,317,26.06,7.29,948.8,2.4,551.0,22.741652,75.858475
MP-IND,2021-04-05,29.8,37.6,21.0,25,48,0.0,0.0,12.2,276,25.65,7.21,949.3,6.5,551.0,22.741652,75.858475
MP-IND,2021-04-06,31.3,38.4,23.7,21,33,0.0,0.0,20.1,267,25.03,8.73,949.0,5.9,551.0,22.741652,75.858475
MP-IND,2021-04-07,31.0,38.1,24.4,20,35,0.0,0.0,19.2,290,25.73,8.75,949.4,4.2,551.0,22.741652,75.858475
MP-IND,2021-04-08,30.3,37.2,22.5,18,29,0.0,0.0,15.5,298,25.26,7.7,947.6,2.7,551.0,22.741652,75.858475
MP-IND,2021-04-09,29.8,36.4,23.2,19,33,0.0,0.0,12.5,305,24.71,7.03,947.6,3.6,551.0,22.741652,75.858475
MP-IND,2021-04-10,30.0,37.3,22.6,20,32,0.0,0.0,13.3,266,22.85,7.34,948.9,3.7,551.0,22.741652,75.858475
MP-IND,2021-04-11,30.3,36.9,23.5,20,33,0.0,0.0,17.0,230,23.6,7.87,949.9,3.7,551.0,22.741652,75.858475
MP-IND,2021-04-12,30.0,37.1,21.5,22,49,0.0,0.0,11.5,201,25.34,6.99,951.2,4.2,551.0,22.741652,75.858475
MP-IND,2021-04-13,30.9,35.8,24.4,20,34,0.0,0.0,20.3,152,21.81,6.66,950.6,5.2,551.0,22.741652,75.858475
MP-IND,2021-04-14,30.2,35.7,23.9,19,29,0.0,0.0,24.1,304,21.88,7.95,950.0,3.6,551.0,22.741652,75.858475
MP-IND,2021-04-15,29.3,34.8,22.6,28,60,0.0,0.0,10.4,189,22.69,6.05,949.4,7.4,551.0,22.741652,75.858475
MP-IND,2021-04-16,30.1,36.5,23.7,22,34,0.0,0.0,17.1,265,22.85,7.76,948.6,5.7,551.0,22.741652,75.858475
MP-IND,2021-04-17,30.1,36.1,24.0,24,36,0.0,0.0,22.0,285,24.25,8.48,949.8,6.5,551.0,22.741652,75.858475
MP-IND,2021-04-18,30.1,36.8,22.7,25,42,0.0,0.0,10.8,347,24.76,6.76,950.4,6.9,551.0,22.741652,75.858475
MP-IND,2021-04-19,31.0,38.0,25.0,21,37,0.0,0.0,14.8,279,23.37,7.21,948.0,5.4,551.0,22.741652,75.858475
MP-IND,2021-04-20,31.1,37.8,24.8,23,35,0.0,0.0,20.0,271,24.94,9.07,946.8,6.7,551.0,22.741652,75.858475
MP-IND,2021-04-21,29.5,34.5,24.8,28,47,0.0,0.0,20.2,285,20.98,7.6,948.8,7.8,551.0,22.741652,75.858475
MP-IND,2021-04-22,28.8,35.9,21.1,22,32,0.0,0.0,9.7,268,26.98,6.94,949.6,4.0,551.0,22.741652,75.858475
MP-IND,2021-04-23,29.8,36.9,22.3,21,37,0.0,0.0,16.7,253,26.1,8.2,948.9,4.4,551.0,22.741652,75.858475
MP-IND,2021-04-24,30.1,36.3,23.3,26,40,0.0,0.0,13.0,303,21.81,6.81,948.9,7.7,551.0,22.741652,75.858475
MP-IND,2021-04-25,30.4,37.5,24.0,14,25,0.0,0.0,17.7,30,26.03,8.24,949.3,-1.0,551.0,22.741652,75.858475
MP-IND,2021-04-26,30.8,38.1,21.7,13,20,0.0,0.0,12.0,63,27.17,7.62,948.0,-1.5,551.0,22.741652,75.858475
MP-IND,2021-04-27,31.7,38.6,22.4,16,24,0.0,0.0,18.8,292,24.69,7.58,948.1,2.0,551.0,22.741652,75.858475
MP-IND,2021-04-28,32.2,38.4,25.6,20,41,0.0,0.0,17.1,296,24.2,7.65,949.0,4.5,551.0,22.741652,75.858475
MP-IND,2021-04-29,32.4,39.1,25.4,16,32,0.0,0.0,16.4,307,25.5,8.26,948.4,2.1,551.0,22.741652,75.858475
MP-IND,2021-04-30,32.7,39.2,25.1,18,31,0.0,0.0,16.2,289,25.19,7.94,947.2,4.4,551.0,22.741652,75.858475
MP-IND,2021-05-01,30.7,35.2,26.7,29,42,0.0,0.0,23.0,265,15.06,7.11,948.0,10.1,551.0,22.741652,75.858475
MP-IND,2021-05-02,29.5,36.2,25.0,35,52,0.0,0.0,15.3,250,20.48,5.83,948.7,11.7,551.0,22.741652,75.858475
MP-IND,2021-05-03,29.7,35.9,23.8,35,59,0.0,0.0,18.6,261,22.12,6.58,947.8,11.3,551.0,22.741652,75.858475
MP-IND,2021-05-04,30.7,37.3,23.2,27,46,0.0,0.0,23.2,266,22.87,7.76,947.1,8.5,551.0,22.741652,75.858475
MP-IND,2021-05-05,32.0,38.2,25.2,24,37,0.0,0.0,16.7,289,26.02,8.6,946.9,8.0,551.0,22.741652,75.858475
MP-IND,2021-05-06,31.9,36.6,25.6,25,33,0.0,0.0,17.5,261,21.2,7.84,947.4,9.2,551.0,22.741652,75.858475
MP-IND,2021-05-07,32.3,37.9,26.8,25,37,0.0,0.0,13.7,272,23.57,7.25,948.1,9.4,551.0,22.741652,75.858475
MP-IND,2021-05-08,32.3,37.8,26.0,26,40,0.0,0.0,13.2,276,22.0,7.24,947.3,9.6,551.0,22.741652,75.858475
MP-IND,2021-05-09,32.8,38.1,27.3,27,35,0.0,0.0,16.6,263,20.07,7.07,945.7,11.1,551.0,22.741652,75.858475
MP-IND,2021-05-10,32.5,38.2,27.0,30,45,0.0,0.0,16.9,266,22.67,7.96,945.5,12.1,551.0,22.741652,75.858475
MP-IND,2021-05-11,31.5,37.0,25.2,28,47,0.0,0.0,22.4,279,23.42,8.66,945.7,10.3,551.0,22.741652,75.858475
MP-IND,2021-05-12,30.7,36.2,24.3,34,61,0.0,0.0,21.0,270,24.12,8.38,944.1,12.0,551.0,22.741652,75.858475
MP-IND,2021-05-13,30.6,36.2,24.9,35,62,0.0,0.0,18.2,271,23.2,7.96,943.9,12.5,551.0,22.741652,75.858475
MP-IND,2021-05-14,31.3,37.8,23.8,31,57,0.0,0.0,15.6,269,26.31,7.97,943.5,10.7,551.0,22.741652,75.858475
MP-IND,2021-05-15,32.6,38.7,25.5,29,39,0.0,0.0,19.7,156,22.42,6.6,943.3,11.9,551.0,22.741652,75.858475
MP-IND,2021-05-16,33.0,38.3,28.3,39,51,0.4,0.4,21.0,139,21.11,8.06,944.2,16.8,551.0,22.741652,75.858475
MP-IND,2021-05-17,29.4,36.1,24.4,61,84,2.2,2.2,26.3,107,19.57,6.31,944.3,20.7,551.0,22.741652,75.858475
MP-IND,2021-05-18,29.0,33.3,24.4,61,91,1.3,1.3,27.7,156,13.62,5.58,943.0,20.1,551.0,22.741652,75.858475
MP-IND,2021-05-19,27.3,32.0,24.3,66,83,3.1,3.1,31.4,221,19.11,5.87,941.8,20.1,551.0,22.741652,75.858475
MP-IND,2021-05-20,28.0,34.8,22.4,51,86,0.1,0.1,22.7,291,26.14,7.37,944.5,15.1,551.0,22.741652,75.858475
MP-IND,2021-05-21,30.4,36.6,23.1,42,83,0.0,0.0,15.8,279,22.74,6.99,945.9,14.0,551.0,22.741652,75.858475
MP-IND,2021-05-22,30.2,36.2,23.7,43,76,0.0,0.0,17.9,291,17.18,5.84,945.6,14.6,551.0,22.741652,75.858475
MP-IND,2021-05-23,30.3,36.4,24.6,44,75,0.0,0.0,22.2,297,22.9,7.12,946.7,15.0,551.0,22.741652,75.858475
MP-IND,2021-05-24,31.1,37.5,25.5,41,71,0.0,0.0,21.7,324,24.8,7.94,947.0,14.2,551.0,22.741652,75.858475
MP-IND,2021-05-25,32.1,38.2,25.3,36,70,0.0,0.0,23.4,315,22.82,8.65,944.6,13.5,551.0,22.741652,75.858475
MP-IND,2021-05-26,31.6,38.1,26.1,44,70,0.0,0.0,25.9,302,21.95,8.05,942.8,17.0,551.0,22.741652,75.858475
MP-IND,2021-05-27,31.3,37.6,25.7,51,78,0.8,0.8,23.7,285,22.11,7.31,943.2,19.4,551.0,22.741652,75.858475
MP-IND,2021-05-28,31.3,37.4,25.0,53,82,0.1,0.1,24.1,273,21.66,7.14,944.3,20.0,551.0,22.741652,75.858475
MP-IND,2021-05-29,30.9,37.6,26.5,55,68,1.8,1.8,19.5,271,21.28,6.62,945.7,20.4,551.0,22.741652,75.858475
MP-IND,2021-05-30,31.5,38.1,26.5,51,71,0.0,0.0,20.9,260,21.28,6.88,945.7,19.6,551.0,22.741652,75.858475
MP-IND,2021-05-31,31.6,37.5,25.5,48,74,0.0,0.0,18.9,259,22.81,7.68,943.8,18.5,551.0,22.741652,75.858475
MP-IND,2021-06-01,31.3,38.0,24.7,45,79,0.0,0.0,16.7,260,25.11,7.69,944.4,16.5,551.0,22.741652,75.858475
MP-IND,2021-06-02,31.2,37.4,24.4,47,76,0.0,0.0,16.7,292,24.35,6.88,945.9,17.8,551.0,22.741652,75.858475
MP-IND,2021-06-03,30.3,37.3,25.0,50,72,0.9,0.9,18.9,268,23.66,6.55,946.5,18.1,551.0,22.741652,75.858475
MP-IND,2021-06-04,29.0,33.7,26.4,56,79,8.9,8.9,17.6,271,20.37,5.31,947.0,19.3,551.0,22.741652,75.858475
MP-IND,2021-06-05,27.8,31.0,25.4,64,73,1.4,1.4,15.0,263,11.64,3.48,946.4,20.3,551.0,22.741652,75.858475
MP-IND,2021-06-06,28.2,33.7,25.9,65,79,0.6,0.6,17.7,264,14.36,4.11,946.4,20.6,551.0,22.741652,75.858475
MP-IND,2021-06-07,28.6,34.4,24.7,65,83,2.5,2.5,18.1,268,17.86,5.1,945.9,21.0,551.0,22.741652,75.858475
MP-IND,2021-06-08,29.7,35.9,24.3,62,83,0.4,0.4,21.5,264,22.56,6.38,944.4,21.2,551.0,22.741652,75.858475
MP-IND,2021-06-09,30.2,35.3,24.7,60,86,0.1,0.1,23.4,264,19.77,6.24,942.8,21.1,551.0,22.741652,75.858475
MP-IND,2021-06-10,30.0,35.5,24.9,62,88,0.1,0.1,26.3,271,21.7,6.89,941.7,21.2,551.0,22.741652,75.858475
MP-IND,2021-06-11,29.9,35.7,24.8,60,87,0.0,0.0,27.4,270,22.12,7.07,941.0,20.3,551.0,22.741652,75.858475
MP-IND,2021-06-12,30.4,35.8,25.0,60,87,0.2,0.2,26.0,272,20.17,6.37,941.2,21.1,551.0,22.741652,75.858475
MP-IND,2021-06-13,30.8,36.6,25.4,58,87,0.3,0.3,28.3,281,20.32,6.73,941.2,20.8,551.0,22.741652,75.858475
MP-IND,2021-06-14,30.5,35.8,25.0,56,84,0.1,0.1,28.5,278,21.06,6.93,940.2,20.2,551.0,22.741652,75.858475
MP-IND,2021-06-15,29.2,33.5,25.2,63,84,8.4,8.4,25.6,261,15.76,5.37,938.8,21.1,551.0,22.741652,75.858475
MP-IND,2021-06-16,29.7,36.0,24.6,59,83,0.4,0.4,24.4,248,23.18,6.8,939.9,20.0,551.0,22.741652,75.858475
MP-IND,2021-06-17,28.4,33.3,24.9,67,84,1.3,1.3,20.5,256,14.22,4.51,941.2,21.4,551.0,22.741652,75.858475
MP-IND,2021-06-18,27.4,33.0,24.0,71,86,2.4,2.4,21.3,253,18.44,5.17,941.5,21.3,551.0,22.741652,75.858475
MP-IND,2021-06-19,26.8,31.1,23.2,71,91,2.2,2.2,25.9,255,15.78,4.63,942.6,20.7,551.0,22.741652,75.858475
MP-IND,2021-06-20,24.2,26.1,23.1,86,95,27.8,27.8,27.0,249,8.97,2.24,943.6,21.8,551.0,22.741652,75.858475
MP-IND,2021-06-21,25.0,28.9,22.6,84,94,7.8,7.8,22.8,266,17.86,3.8,944.8,22.1,551.0,22.741652,75.858475
MP-IND,2021-06-22,25.6,28.8,23.0,85,94,7.1,7.1,20.2,278,16.67,3.63,944.8,22.8,551.0,22.741652,75.858475
MP-IND,2021-06-23,26.0,28.8,23.6,83,94,6.7,6.7,20.4,280,13.64,3.31,944.5,22.7,551.0,22.741652,75.858475
MP-IND,2021-06-24,25.5,29.2,23.2,84,94,15.0,15.0,19.2,271,14.41,3.33,944.3,22.6,551.0,22.741652,75.858475
MP-IND,2021-06-25,25.9,28.4,23.2,82,96,3.0,3.0,23.9,273,13.25,3.32,943.6,22.4,551.0,22.741652,75.858475
MP-IND,2021-06-26,25.9,28.3,23.3,81,94,0.2,0.2,18.3,281,12.19,3.06,944.1,22.4,551.0,22.741652,75.858475
MP-IND,2021-06-27,26.9,31.0,23.7,81,93,10.7,10.7,17.2,291,19.31,4.35,945.7,23.2,551.0,22.741652,75.858475
MP-IND,2021-06-28,27.1,32.6,24.0,81,94,7.9,7.9,16.6,288,21.25,4.75,945.1,23.3,551.0,22.741652,75.858475
MP-IND,2021-06-29,27.7,31.5,24.5,80,97,0.5,0.5,19.4,274,19.49,4.53,944.7,23.7,551.0,22.741652,75.858475
MP-IND,2021-06-30,27.7,31.4,24.5,77,94,2.7,2.7,22.7,264,18.42,4.57,944.1,23.2,551.0,22.741652,75.858475
MP-IND,2021-07-01,27.4,31.4,24.1,72,89,0.4,0.4,24.5,253,20.27,5.37,942.3,21.5,551.0,22.741652,75.858475
MP-IND,2021-07-02,26.9,30.9,23.3,71,87,0.6,0.6,24.1,256,18.67,5.12,942.9,21.1,551.0,22.741652,75.858475
MP-IND,2021-07-03,27.4,31.6,23.4,67,85,0.0,0.0,21.8,260,22.14,5.8,944.6,20.4,551.0,22.741652,75.858475
MP-IND,2021-07-04,26.5,29.2,23.4,73,84,2.6,2.6,21.5,282,17.79,4.35,945.4,21.2,551.0,22.741652,75.858475
MP-IND,2021-07-05,26.6,29.1,23.5,74,83,8.9,8.9,19.0,281,18.78,4.35,945.4,21.6,551.0,22.741652,75.858475
MP-IND,2021-07-06,28.1,32.1,24.7,70,86,1.9,1.9,15.0,281,21.32,5.13,944.4,21.9,551.0,22.741652,75.858475
MP-IND,2021-07-07,29.2,33.1,24.9,64,80,0.2,0.2,17.4,283,22.93,6.13,943.9,21.4,551.0,22.741652,75.858475
MP-IND,2021-07-08,28.8,33.2,24.8,63,75,0.1,0.1,20.7,270,21.63,5.75,943.5,20.8,551.0,22.741652,75.858475
MP-IND,2021-07-09,27.5,30.9,24.7,74,85,4.1,4.1,14.8,282,13.42,3.43,942.1,22.4,551.0,22.741652,75.858475
MP-IND,2021-07-10,27.4,32.0,24.5,79,94,24.1,24.1,13.7,283,18.91,4.34,941.0,23.1,551.0,22.741652,75.858475
MP-IND,2021-07-11,26.4,30.3,24.0,87,98,15.8,15.8,18.1,295,13.81,3.01,940.5,24.0,551.0,22.741652,75.858475
MP-IND,2021-07-12,27.5,31.0,24.0,80,98,1.9,1.9,20.5,117,21.18,4.8,940.6,23.4,551.0,22.741652,75.858475
MP-IND,2021-07-13,27.4,31.6,24.2,80,98,6.6,6.6,16.3,139,22.28,4.93,940.9,23.4,551.0,22.741652,75.858475
MP-IND,2021-07-14,26.8,30.2,24.0,85,99,3.7,3.7,11.0,331,17.99,3.78,941.1,23.9,551.0,22.741652,75.858475
MP-IND,2021-07-15,27.1,31.1,23.9,83,98,1.7,1.7,16.6,122,21.77,4.64,941.0,23.8,551.0,22.741652,75.858475
MP-IND,2021-07-16,27.5,31.6,24.2,76,92,0.3,0.3,19.3,148,21.7,4.98,943.3,22.8,551.0,22.741652,75.858475
MP-IND,2021-07-17,28.0,31.9,24.2,76,96,1.5,1.5,12.0,237,19.76,4.52,944.3,23.1,551.0,22.741652,75.858475
MP-IND,2021-07-18,27.4,31.7,25.2,79,93,2.4,2.4,16.6,263,16.64,3.93,942.6,23.3,551.0,22.741652,75.858475
MP-IND,2021-07-19,26.3,28.9,24.5,83,95,4.6,4.6,15.0,258,14.57,3.32,941.0,23.2,551.0,22.741652,75.858475
MP-IND,2021-07-20,24.4,26.5,23.5,90,95,13.9,13.9,23.8,255,6.09,1.64,942.2,22.6,551.0,22.741652,75.858475
MP-IND,2021-07-21,25.2,28.4,23.3,87,96,5.3,5.3,26.3,270,10.45,2.55,940.5,22.8,551.0,22.741652,75.858475
MP-IND,2021-07-22,25.5,27.6,24.0,87,96,3.6,3.6,25.6,277,6.13,1.81,938.1,23.2,551.0,22.741652,75.858475
MP-IND,2021-07-23,24.8,26.7,23.9,93,96,21.4,21.4,20.3,276,4.08,1.09,938.3,23.6,551.0,22.741652,75.858475
MP-IND,2021-07-24,24.7,27.4,23.2,91,96,13.1,13.1,21.3,273,7.55,1.77,939.5,23.2,551.0,22.741652,75.858475
MP-IND,2021-07-25,23.6,24.1,23.1,96,98,137.6,137.6,27.7,253,1.71,0.64,939.0,22.8,551.0,22.741652,75.858475
MP-IND,2021-07-26,24.3,26.2,23.0,90,96,8.2,8.2,28.8,257,9.37,2.12,940.1,22.6,551.0,22.741652,75.858475
MP-IND,2021-07-27,23.9,25.9,22.8,89,96,3.3,3.3,31.7,254,9.05,2.19,940.3,21.9,551.0,22.741652,75.858475
MP-IND,2021-07-28,24.0,26.1,22.6,87,93,0.7,0.7,30.0,251,8.7,2.3,941.0,21.7,551.0,22.741652,75.858475
MP-IND,2021-07-29,23.6,25.4,22.6,88,94,4.0,4.0,32.2,252,6.97,1.93,941.6,21.5,551.0,22.741652,75.858475
MP-IND,2021-07-30,24.4,27.5,22.4,85,94,3.5,3.5,31.4,262,10.11,2.79,941.6,21.6,551.0,22.741652,75.858475
MP-IND,2021-07-31,24.5,27.0,22.7,85,92,0.9,0.9,32.8,264,7.22,2.37,942.1,21.7,551.0,22.741652,75.858475
MP-IND,2021-08-01,23.5,24.9,22.3,90,94,9.4,9.4,30.3,265,8.61,2.06,940.8,21.7,551.0,22.741652,75.858475
MP-IND,2021-08-02,23.7,26.1,22.4,87,94,3.6,3.6,33.5,264,8.92,2.31,941.5,21.4,551.0,22.741652,75.858475
MP-IND,2021-08-03,23.5,26.2,22.1,89,95,13.8,13.8,34.6,258,10.84,2.45,942.9,21.5,551.0,22.741652,75.858475
MP-IND,2021-08-04,23.8,25.5,22.8,91,96,11.5,11.5,30.2,254,7.25,1.74,943.0,22.2,551.0,22.741652,75.858475
MP-IND,2021-08-05,24.0,26.4,23.0,89,96,62.4,62.4,27.1,266,7.8,1.96,942.1,22.0,551.0,22.741652,75.858475
MP-IND,2021-08-06,23.9,25.6,22.7,90,94,7.4,7.4,23.8,268,6.37,1.61,942.0,22.1,551.0,22.741652,75.858475
MP-IND,2021-08-07,23.5,25.3,22.1,92,97,11.6,11.6,22.0,265,6.34,1.46,943.6,22.1,551.0,22.741652,75.858475
MP-IND,2021-08-08,24.4,26.9,22.5,90,96,9.1,9.1,15.3,257,11.56,2.39,945.2,22.7,551.0,22.741652,75.858475
MP-IND,2021-08-09,24.8,27.7,23.0,89,97,8.8,8.8,19.7,275,12.93,2.7,946.2,22.9,551.0,22.741652,75.858475
MP-IND,2021-08-10,24.8,28.2,21.9,84,95,0.9,0.9,19.7,267,15.12,3.34,945.9,21.7,551.0,22.741652,75.858475
MP-IND,2021-08-11,24.8,28.9,22.0,85,93,1.8,1.8,19.6,267,18.17,3.76,945.9,22.0,551.0,22.741652,75.858475
MP-IND,2021-08-12,24.8,28.2,22.1,85,96,1.4,1.4,16.7,265,18.1,3.69,946.6,22.1,551.0,22.741652,75.858475
MP-IND,2021-08-13,24.8,28.1,21.9,83,94,1.5,1.5,18.0,263,19.53,3.98,945.4,21.7,551.0,22.741652,75.858475
MP-IND,2021-08-14,24.5,27.3,21.5,85,95,1.6,1.6,17.5,259,17.99,3.67,943.7,21.7,551.0,22.741652,75.858475
MP-IND,2021-08-15,24.8,27.8,21.8,84,96,2.4,2.4,17.4,271,19.35,3.88,944.1,21.9,551.0,22.741652,75.858475
MP-IND,2021-08-16,25.6,29.8,21.8,80,97,0.8,0.8,10.5,297,22.87,4.76,945.8,21.6,551.0,22.741652,75.858475
MP-IND,2021-08-17,25.3,28.6,23.0,86,97,29.8,29.8,15.9,307,14.21,3.04,945.4,22.7,551.0,22.741652,75.858475
MP-IND,2021-08-18,24.5,27.2,23.1,91,98,22.2,22.2,16.6,297,7.57,1.77,943.7,22.8,551.0,22.741652,75.858475
MP-IND,2021-08-19,23.6,25.7,22.2,92,97,18.5,18.5,20.1,289,7.43,1.65,943.1,22.1,551.0,22.741652,75.858475
MP-IND,2021-08-20,24.0,26.3,22.6,92,97,10.4,10.4,18.1,288,9.77,2.0,943.8,22.6,551.0,22.741652,75.858475
MP-IND,2021-08-21,24.4,26.9,22.5,92,98,11.6,11.6,13.6,292,15.67,3.0,945.1,22.9,551.0,22.741652,75.858475
MP-IND,2021-08-22,24.7,28.0,22.3,88,99,1.7,1.7,15.0,263,16.19,3.29,945.8,22.5,551.0,22.741652,75.858475
MP-IND,2021-08-23,25.1,28.6,22.7,86,98,4.3,4.3,15.9,260,18.89,3.84,946.1,22.4,551.0,22.741652,75.858475
MP-IND,2021-08-24,24.9,28.4,22.4,87,97,2.7,2.7,19.1,265,15.56,3.22,945.9,22.5,551.0,22.741652,75.858475
MP-IND,2021-08-25,24.8,27.8,21.9,83,96,1.5,1.5,21.6,265,15.67,3.44,944.5,21.6,551.0,22.741652,75.858475
MP-IND,2021-08-26,24.5,27.8,21.6,81,94,0.8,0.8,23.9,255,17.58,3.78,943.1,20.9,551.0,22.741652,75.858475
MP-IND,2021-08-27,24.6,28.5,21.3,83,94,1.3,1.3,16.4,253,18.24,3.78,943.5,21.2,551.0,22.741652,75.858475
MP-IND,2021-08-28,24.8,28.8,21.0,81,97,0.3,0.3,11.2,275,21.85,4.46,942.7,21.0,551.0,22.741652,75.858475
MP-IND,2021-08-29,24.8,28.9,22.1,89,97,19.2,19.2,13.2,315,18.19,3.61,942.4,22.7,551.0,22.741652,75.858475
MP-IND,2021-08-30,25.1,29.2,22.6,90,99,14.3,14.3,12.2,359,14.43,2.97,943.5,23.2,551.0,22.741652,75.858475
MP-IND,2021-08-31,25.1,28.3,23.2,89,98,11.0,11.0,15.1,79,14.53,2.98,943.7,23.1,551.0,22.741652,75.858475
MP-IND,2021-09-01,24.9,28.4,23.0,89,96,9.6,9.6,17.9,142,17.55,3.43,944.0,22.9,551.0,22.741652,75.858475
MP-IND,2021-09-02,25.0,28.3,22.6,85,96,3.6,3.6,17.3,214,18.24,3.72,944.3,22.1,551.0,22.741652,75.858475
MP-IND,2021-09-03,25.6,29.0,22.6,83,97,2.7,2.7,9.9,227,18.16,3.8,944.1,22.4,551.0,22.741652,75.858475
MP-IND,2021-09-04,25.1,27.8,22.5,86,97,9.6,9.6,15.5,263,15.1,3.12,944.3,22.6,551.0,22.741652,75.858475
MP-IND,2021-09-05,24.6,26.8,22.7,90,97,18.0,18.0,11.3,278,12.39,2.5,944.1,22.9,551.0,22.741652,75.858475
MP-IND,2021-09-06,25.2,28.6,22.7,91,97,14.8,14.8,11.0,336,13.43,2.74,944.1,23.4,551.0,22.741652,75.858475
MP-IND,2021-09-07,26.1,29.5,23.6,88,99,8.3,8.3,17.7,24,17.31,3.57,942.3,23.8,551.0,22.741652,75.858475
MP-IND,2021-09-08,25.3,28.2,23.3,89,98,13.6,13.6,15.7,104,15.44,3.14,940.8,23.4,551.0,22.741652,75.858475
MP-IND,2021-09-09,24.4,26.5,23.3,89,96,12.2,12.2,22.9,243,10.22,2.27,942.9,22.5,551.0,22.741652,75.858475
MP-IND,2021-09-10,24.0,26.2,22.7,91,96,7.2,7.2,20.3,247,9.84,2.14,943.3,22.3,551.0,22.741652,75.858475
MP-IND,2021-09-11,24.4,28.0,22.4,89,96,9.2,9.2,20.3,222,15.22,3.01,942.0,22.5,551.0,22.741652,75.858475
MP-IND,2021-09-12,24.9,28.6,22.4,87,98,3.4,3.4,14.6,217,16.79,3.4,940.3,22.5,551.0,22.741652,75.858475
MP-IND,2021-09-13,25.2,28.4,23.0,89,98,6.3,6.3,12.4,147,16.01,3.2,939.8,23.1,551.0,22.741652,75.858475
MP-IND,2021-09-14,25.1,28.7,22.7,91,99,27.1,27.1,12.7,140,14.77,3.01,940.9,23.5,551.0,22.741652,75.858475
MP-IND,2021-09-15,24.2,28.0,22.3,92,96,20.0,20.0,19.8,271,11.98,2.42,942.2,22.7,551.0,22.741652,75.858475
MP-IND,2021-09-16,23.8,26.4,22.2,90,97,15.2,15.2,26.7,267,10.5,2.23,943.1,22.0,551.0,22.741652,75.858475
MP-IND,2021-09-17,24.4,28.0,22.3,87,97,3.5,3.5,23.4,265,15.72,3.27,943.3,22.0,551.0,22.741652,75.858475
MP-IND,2021-09-18,23.5,26.8,21.7,89,95,11.8,11.8,25.0,254,10.88,2.34,944.8,21.7,551.0,22.741652,75.858475
MP-IND,2021-09-19,24.6,28.1,22.0,87,96,3.0,3.0,19.0,244,14.41,3.06,947.1,22.2,551.0,22.741652,75.858475
MP-IND,2021-09-20,24.4,27.5,22.8,91,97,8.3,8.3,17.8,254,13.68,2.64,946.5,22.8,551.0,22.741652,75.858475
MP-IND,2021-09-21,24.4,27.4,22.7,91,97,17.5,17.5,12.6,254,12.1,2.46,945.2,22.7,551.0,22.741652,75.858475
MP-IND,2021-09-22,24.2,28.1,21.9,90,97,12.8,12.8,10.4,283,13.5,2.7,943.8,22.3,551.0,22.741652,75.858475
MP-IND,2021-09-23,24.9,28.4,22.2,88,99,2.4,2.4,13.0,279,15.36,3.13,944.5,22.7,551.0,22.741652,75.858475
MP-IND,2021-09-24,25.1,28.7,22.4,89,99,3.4,3.4,10.2,309,13.84,2.87,945.8,23.1,551.0,22.741652,75.858475
MP-IND,2021-09-25,24.5,27.4,22.5,91,98,9.6,9.6,14.3,295,12.14,2.43,945.8,22.8,551.0,22.741652,75.858475
MP-IND,2021-09-26,24.5,27.4,22.7,91,98,15.3,15.3,14.6,309,12.31,2.5,944.3,22.8,551.0,22.741652,75.858475
MP-IND,2021-09-27,25.1,29.3,22.3,89,100,2.8,2.8,13.9,34,16.24,3.28,943.3,23.0,551.0,22.741652,75.858475
MP-IND,2021-09-28,25.7,29.7,23.2,84,96,7.1,7.1,26.6,60,17.18,3.8,942.0,22.6,551.0,22.741652,75.858475
MP-IND,2021-09-29,24.7,27.8,22.6,85,97,3.1,3.1,33.0,135,14.82,3.21,944.0,21.8,551.0,22.741652,75.858475
MP-IND,2021-09-30,25.7,29.2,22.2,80,93,1.1,1.1,10.7,147,17.64,3.68,947.7,21.8,551.0,22.741652,75.858475
MP-IND,2021-10-01,25.0,29.4,21.7,88,99,16.8,16.8,7.7,3,15.23,3.1,948.5,22.8,551.0,22.741652,75.858475
MP-IND,2021-10-02,25.2,29.0,22.6,89,98,9.5,9.5,7.1,312,15.9,3.24,948.5,23.1,551.0,22.741652,75.858475
MP-IND,2021-10-03,25.0,28.9,22.1,89,100,8.9,8.9,10.4,282,16.64,3.36,947.7,22.9,551.0,22.741652,75.858475
MP-IND,2021-10-04,25.5,29.3,22.0,84,100,1.9,1.9,8.4,289,17.66,3.65,947.1,22.4,551.0,22.741652,75.858475
MP-IND,2021-10-05,25.9,29.8,22.6,84,96,1.8,1.8,7.6,8,17.76,3.67,948.0,22.8,551.0,22.741652,75.858475
MP-IND,2021-10-06,26.2,29.4,22.5,83,98,2.1,2.1,11.2,42,15.84,3.37,947.7,22.9,551.0,22.741652,75.858475
MP-IND,2021-10-07,26.3,30.6,22.6,83,96,1.4,1.4,7.7,59,18.19,3.8,946.8,23.2,551.0,22.741652,75.858475
MP-IND,2021-10-08,26.3,30.3,23.2,81,95,2.1,2.1,8.8,213,18.39,3.86,946.5,22.6,551.0,22.741652,75.858475
MP-IND,2021-10-09,25.9,30.5,22.1,77,96,0.0,0.0,9.7,305,19.05,4.17,947.4,21.1,551.0,22.741652,75.858475
MP-IND,2021-10-10,25.6,30.3,21.6,79,98,0.2,0.2,11.5,314,18.71,4.01,947.8,21.2,551.0,22.741652,75.858475
MP-IND,2021-10-11,25.2,29.5,21.2,81,99,0.9,0.9,11.3,305,17.79,3.69,946.8,21.4,551.0,22.741652,75.858475
MP-IND,2021-10-12,25.6,30.2,21.1,76,99,0.1,0.1,7.2,312,17.95,3.85,946.7,20.5,551.0,22.741652,75.858475
MP-IND,2021-10-13,25.6,31.5,20.9,69,96,0.0,0.0,10.9,1,20.07,4.59,946.7,18.9,551.0,22.741652,75.858475
MP-IND,2021-10-14,24.9,31.0,20.5,58,72,0.0,0.0,14.2,24,20.65,5.03,946.8,15.8,551.0,22.741652,75.858475
MP-IND,2021-10-15,23.4,29.7,18.2,55,74,0.0,0.0,13.0,14,21.61,5.07,944.5,13.3,551.0,22.741652,75.858475
MP-IND,2021-10-16,24.7,31.4,18.2,62,83,0.0,0.0,11.5,46,19.43,4.54,943.7,16.5,551.0,22.741652,75.858475
MP-IND,2021-10-17,23.8,28.4,22.0,89,96,59.8,59.8,11.6,3,9.75,2.09,943.9,21.9,551.0,22.741652,75.858475
MP-IND,2021-10-18,24.1,28.0,21.7,82,98,6.5,6.5,20.8,293,16.17,3.51,944.1,20.7,551.0,22.741652,75.858475
MP-IND,2021-10-19,22.9,29.0,19.0,59,71,0.0,0.0,14.8,284,21.04,4.97,948.3,14.0,551.0,22.741652,75.858475
MP-IND,2021-10-20,22.3,28.8,17.6,65,85,0.0,0.0,10.5,294,20.19,4.44,951.5,15.0,551.0,22.741652,75.858475
MP-IND,2021-10-21,22.8,29.3,16.9,58,81,0.0,0.0,10.6,271,20.6,4.6,951.8,13.5,551.0,22.741652,75.858475
MP-IND,2021-10-22,21.9,28.6,16.2,63,80,0.0,0.0,10.5,245,20.53,4.5,951.5,14.0,551.0,22.741652,75.858475
MP-IND,2021-10-23,21.9,28.0,16.4,64,85,0.0,0.0,9.5,210,20.45,4.39,951.7,14.1,551.0,22.741652,75.858475
MP-IND,2021-10-24,21.8,27.8,16.5,68,88,0.0,0.0,10.8,224,19.62,4.12,952.0,15.0,551.0,22.741652,75.858475
MP-IND,2021-10-25,22.2,27.1,17.1,68,87,0.0,0.0,7.5,324,18.24,3.68,952.0,15.7,551.0,22.741652,75.858475
MP-IND,2021-10-26,22.3,27.0,17.4,67,91,0.1,0.1,8.7,10,17.52,3.75,951.3,15.4,551.0,22.741652,75.858475
MP-IND,2021-10-27,22.0,26.5,17.7,68,85,0.6,0.6,12.8,52,16.26,3.61,952.6,15.6,551.0,22.741652,75.858475
MP-IND,2021-10-28,21.7,27.8,16.1,54,81,0.0,0.0,12.5,49,20.27,4.67,953.3,10.8,551.0,22.741652,75.858475
MP-IND,2021-10-29,21.2,27.5,15.7,51,75,0.0,0.0,13.8,52,19.97,4.74,954.1,9.9,551.0,22.741652,75.858475
MP-IND,2021-10-30,20.7,27.5,15.0,53,74,0.0,0.0,13.0,35,20.0,4.61,954.4,10.0,551.0,22.741652,75.858475
MP-IND,2021-10-31,20.7,28.3,13.7,54,81,0.0,0.0,11.3,63,20.11,4.64,953.0,10.0,551.0,22.741652,75.858475
MP-IND,2021-11-01,22.0,28.3,17.3,50,73,0.0,0.0,12.4,131,19.74,4.56,951.7,10.4,551.0,22.741652,75.858475
MP-IND,2021-11-02,21.4,28.2,15.1,47,66,0.0,0.0,11.2,121,19.64,4.67,951.6,9.1,551.0,22.741652,75.858475
MP-IND,2021-11-03,21.6,28.5,15.4,46,65,0.0,0.0,11.0,54,19.55,4.57,951.8,8.8,551.0,22.741652,75.858475
MP-IND,2021-11-04,21.6,28.6,14.8,50,69,0.0,0.0,11.8,65,19.21,4.46,951.4,9.9,551.0,22.741652,75.858475
MP-IND,2021-11-05,21.8,28.8,15.3,46,68,0.0,0.0,13.2,40,19.09,4.65,951.1,8.6,551.0,22.741652,75.858475
MP-IND,2021-11-06,21.3,28.0,15.5,46,67,0.0,0.0,12.7,39,18.46,4.48,950.4,8.6,551.0,22.741652,75.858475
MP-IND,2021-11-07,21.4,28.4,15.0,45,64,0.0,0.0,13.4,82,17.89,4.64,950.4,8.1,551.0,22.741652,75.858475
MP-IND,2021-11-08,21.9,29.1,15.6,46,69,0.0,0.0,15.5,68,18.68,4.84,951.7,8.9,551.0,22.741652,75.858475
MP-IND,2021-11-09,21.6,28.9,15.9,47,64,0.0,0.0,12.5,60,18.48,4.75,952.3,9.0,551.0,22.741652,75.858475
MP-IND,2021-11-10,21.5,28.8,15.2,43,64,0.0,0.0,15.7,52,18.46,4.89,951.6,7.5,551.0,22.741652,75.858475
MP-IND,2021-11-11,21.0,27.9,15.3,42,66,0.0,0.0,20.3,51,18.52,5.04,950.7,6.4,551.0,22.741652,75.858475
MP-IND,2021-11-12,20.4,27.3,14.5,45,65,0.0,0.0,17.7,51,18.03,4.78,950.6,7.3,551.0,22.741652,75.858475
MP-IND,2021-11-13,21.2,28.2,15.7,49,70,0.0,0.0,16.1,41,17.86,4.61,950.6,9.8,551.0,22.741652,75.858475
MP-IND,2021-11-14,21.5,28.9,15.3,55,66,0.0,0.0,14.5,53,17.5,4.23,949.7,11.9,551.0,22.741652,75.858475
MP-IND,2021-11-15,21.8,28.1,15.9,56,84,0.0,0.0,13.1,37,16.97,4.19,948.8,12.1,551.0,22.741652,75.858475
MP-IND,2021-11-16,21.3,28.6,15.1,48,64,0.0,0.0,15.7,58,17.48,4.62,949.4,9.7,551.0,22.741652,75.858475
MP-IND,2021-11-17,22.7,29.5,16.5,55,63,0.0,0.0,14.6,78,14.39,4.13,950.7,13.2,551.0,22.741652,75.858475
MP-IND,2021-11-18,23.5,29.6,19.8,69,89,4.0,4.0,16.3,81,14.57,3.68,949.7,17.2,551.0,22.741652,75.858475
MP-IND,2021-11-19,23.6,29.3,19.1,67,86,0.0,0.0,14.6,96,15.11,3.67,947.8,16.6,551.0,22.741652,75.858475
MP-IND,2021-11-20,24.5,30.6,19.6,61,85,0.0,0.0,16.3,64,15.69,4.34,948.1,15.9,551.0,22.741652,75.858475
MP-IND,2021-11-21,24.5,30.0,20.5,66,86,0.2,0.2,13.9,93,15.07,3.77,950.1,17.4,551.0,22.741652,75.858475
MP-IND,2021-11-22,24.8,29.8,20.8,66,86,1.5,1.5,10.0,38,14.03,3.27,951.3,17.9,551.0,22.741652,75.858475
MP-IND,2021-11-23,24.1,30.4,19.1,62,77,0.0,0.0,10.5,358,15.57,3.8,950.7,15.9,551.0,22.741652,75.858475
MP-IND,2021-11-24,23.4,30.3,17.6,60,90,0.0,0.0,11.8,314,16.84,3.98,951.0,14.3,551.0,22.741652,75.858475
MP-IND,2021-11-25,22.2,29.3,15.8,59,85,0.0,0.0,8.9,337,16.89,3.83,951.6,13.1,551.0,22.741652,75.858475
MP-IND,2021-11-26,22.3,30.3,15.4,49,80,0.0,0.0,10.4,75,16.96,4.09,951.9,9.4,551.0,22.741652,75.858475
MP-IND,2021-11-27,22.0,28.8,16.4,42,67,0.0,0.0,15.3,141,17.09,4.61,952.1,7.3,551.0,22.741652,75.858475
MP-IND,2021-11-28,21.5,27.6,16.2,38,49,0.0,0.0,11.2,134,16.66,4.47,953.2,6.1,551.0,22.741652,75.858475
MP-IND,2021-11-29,20.8,27.3,15.1,43,59,0.0,0.0,13.1,85,16.21,4.3,953.9,7.2,551.0,22.741652,75.858475
MP-IND,2021-11-30,20.7,27.0,14.6,45,62,0.0,0.0,13.8,68,16.24,4.18,953.5,7.6,551.0,22.741652,75.858475
MP-IND,2021-12-01,19.0,23.4,15.6,60,87,5.8,5.8,12.9,49,6.45,2.29,953.1,10.5,551.0,22.741652,75.858475
MP-IND,2021-12-02,15.8,19.0,14.1,87,93,15.6,15.6,18.8,47,4.48,1.14,952.4,13.7,551.0,22.741652,75.858475
MP-IND,2021-12-03,19.5,24.4,14.9,69,82,0.0,0.0,17.6,83,14.25,3.18,952.5,13.5,551.0,22.741652,75.858475
MP-IND,2021-12-04,20.0,25.7,15.3,75,91,0.0,0.0,11.5,93,12.96,2.77,952.2,15.2,551.0,22.741652,75.858475
MP-IND,2021-12-05,20.2,25.0,16.4,74,92,0.0,0.0,11.4,76,9.98,2.21,951.8,15.1,551.0,22.741652,75.858475
MP-IND,2021-12-06,19.9,24.0,15.4,74,91,0.0,0.0,11.6,10,11.01,2.39,952.3,15.0,551.0,22.741652,75.858475
MP-IND,2021-12-07,19.6,25.7,15.6,72,91,0.0,0.0,13.4,46,15.45,3.16,953.7,14.1,551.0,22.741652,75.858475
MP-IND,2021-12-08,19.0,25.3,13.6,68,88,0.0,0.0,10.7,58,14.72,3.02,953.5,12.6,551.0,22.741652,75.858475
MP-IND,2021-12-09,19.0,24.1,15.5,67,85,0.4,0.4,11.9,56,10.62,2.55,955.0,12.6,551.0,22.741652,75.858475
MP-IND,2021-12-10,19.4,25.3,14.9,65,81,0.0,0.0,11.3,43,13.74,3.08,955.9,12.3,551.0,22.741652,75.858475
MP-IND,2021-12-11,18.7,25.1,13.5,62,76,0.0,0.0,11.2,60,15.5,3.3,955.2,10.9,551.0,22.741652,75.858475
MP-IND,2021-12-12,19.1,25.2,13.6,65,84,0.0,0.0,11.3,133,15.65,3.31,954.5,11.9,551.0,22.741652,75.858475
MP-IND,2021-12-13,19.5,25.7,14.2,63,85,0.0,0.0,14.7,156,14.73,3.32,953.2,11.8,551.0,22.741652,75.858475
MP-IND,2021-12-14,20.5,25.5,15.8,59,78,0.0,0.0,12.4,173,11.65,2.9,952.6,12.0,551.0,22.741652,75.858475
MP-IND,2021-12-15,19.3,25.3,13.4,67,95,0.0,0.0,9.0,123,13.46,2.94,952.9,12.4,551.0,22.741652,75.858475
MP-IND,2021-12-16,20.1,26.3,14.6,64,85,0.0,0.0,15.9,186,14.31,3.47,953.3,12.6,551.0,22.741652,75.858475
MP-IND,2021-12-17,18.2,23.4,14.6,78,97,0.0,0.0,14.4,14,13.18,2.7,954.7,14.0,551.0,22.741652,75.858475
MP-IND,2021-12-18,16.2,22.1,12.1,63,81,0.0,0.0,14.7,34,15.25,3.28,955.5,8.9,551.0,22.741652,75.858475
MP-IND,2021-12-19,13.7,21.0,8.1,43,62,0.0,0.0,11.9,61,16.61,3.53,955.6,0.8,551.0,22.741652,75.858475
MP-IND,2021-12-20,13.9,22.0,6.7,45,60,0.0,0.0,9.5,110,16.48,3.42,954.4,1.1,551.0,22.741652,75.858475
MP-IND,2021-12-21,15.6,23.4,8.5,49,69,0.0,0.0,10.3,140,16.14,3.38,953.4,4.1,551.0,22.741652,75.858475
MP-IND,2021-12-22,17.1,25.0,10.4,51,78,0.0,0.0,9.7,178,16.01,3.27,951.6,5.9,551.0,22.741652,75.858475
MP-IND,2021-12-23,18.4,26.7,11.8,53,75,0.0,0.0,9.0,201,15.85,3.52,950.8,7.5,551.0,22.741652,75.858475
MP-IND,2021-12-24,18.6,25.5,11.7,61,85,0.0,0.0,12.6,272,15.58,3.51,950.6,10.2,551.0,22.741652,75.858475
MP-IND,2021-12-25,18.7,24.9,13.0,70,95,0.0,0.0,8.2,339,15.11,2.95,952.0,12.3,551.0,22.741652,75.858475
MP-IND,2021-12-26,19.1,25.6,13.3,69,98,0.0,0.0,11.5,196,14.84,3.06,953.3,12.7,551.0,22.741652,75.858475
MP-IND,2021-12-27,19.1,26.0,13.7,70,96,0.0,0.0,18.2,179,14.82,2.96,953.6,12.8,551.0,22.741652,75.858475
MP-IND,2021-12-28,17.2,21.3,14.1,79,98,1.0,1.0,17.9,3,10.56,2.05,952.3,13.4,551.0,22.741652,75.858475
MP-IND,2021-12-29,15.5,19.9,12.1,74,99,0.3,0.3,14.6,28,11.02,2.31,954.0,10.6,551.0,22.741652,75.858475
MP-IND,2021-12-30,14.7,21.3,10.0,71,93,0.0,0.0,15.9,65,15.87,3.03,956.6,8.8,551.0,22.741652,75.858475
MP-IND,2021-12-31,15.8,22.0,10.6,72,86,0.0,0.0,12.4,84,14.35,2.75,957.1,10.6,551.0,22.741652,75.858475
MP-IND,2022-01-01,17.3,23.6,11.9,78,93,0.0,0.0,9.4,119,13.96,2.54,956.3,13.0,551.0,22.741652,75.858475
MP-IND,2022-01-02,18.0,24.0,13.5,77,94,0.2,0.2,10.5,111,14.56,2.72,955.0,13.6,551.0,22.741652,75.858475
MP-IND,2022-01-03,18.0,24.3,12.9,76,96,0.0,0.0,9.7,117,15.51,2.91,954.3,13.2,551.0,22.741652,75.858475
MP-IND,2022-01-04,18.7,25.2,13.0,71,92,0.0,0.0,10.4,138,15.36,3.03,953.7,12.8,551.0,22.741652,75.858475
MP-IND,2022-01-05,20.4,26.5,15.5,64,86,0.2,0.2,18.5,183,14.15,3.51,952.3,13.0,551.0,22.741652,75.858475
MP-IND,2022-01-06,19.1,25.0,15.4,76,91,11.2,11.2,15.9,266,11.68,2.52,951.8,14.6,551.0,22.741652,75.858475
MP-IND,2022-01-07,17.9,23.6,14.9,84,97,21.3,21.3,16.7,119,14.18,2.57,951.4,15.1,551.0,22.741652,75.858475
MP-IND,2022-01-08,18.2,23.4,15.0,81,94,0.2,0.2,14.5,204,15.15,2.86,951.3,14.6,551.0,22.741652,75.858475
MP-IND,2022-01-09,15.2,20.5,10.3,70,88,3.6,3.6,11.3,302,13.94,2.69,951.0,9.3,551.0,22.741652,75.858475
MP-IND,2022-01-10,13.4,19.5,9.4,74,93,0.0,0.0,12.7,33,16.74,2.88,952.4,8.5,551.0,22.741652,75.858475
MP-IND,2022-01-11,13.1,20.1,8.2,79,93,0.0,0.0,11.4,27,16.02,2.67,952.6,9.3,551.0,22.741652,75.858475
MP-IND,2022-01-12,12.5,18.5,8.0,75,92,0.0,0.0,11.5,31,16.89,2.76,952.3,7.8,551.0,22.741652,75.858475
MP-IND,2022-01-13,13.3,20.5,7.9,74,91,0.0,0.0,11.8,53,16.45,2.77,951.8,8.4,551.0,22.741652,75.858475
MP-IND,2022-01-14,14.9,21.8,9.5,75,94,0.0,0.0,12.9,43,15.66,2.87,951.8,10.0,551.0,22.741652,75.858475
MP-IND,2022-01-15,14.8,21.3,9.7,75,96,0.0,0.0,12.5,56,16.84,2.97,953.4,10.0,551.0,22.741652,75.858475
MP-IND,2022-01-16,15.0,21.9,9.4,79,94,0.0,0.0,11.6,91,17.15,2.91,954.3,11.0,551.0,22.741652,75.858475
MP-IND,2022-01-17,16.4,23.5,10.5,79,96,0.0,0.0,9.3,112,16.71,2.95,955.2,12.3,551.0,22.741652,75.858475
MP-IND,2022-01-18,16.5,23.2,10.4,79,98,0.0,0.0,9.5,43,17.03,3.07,954.0,12.5,551.0,22.741652,75.858475
MP-IND,2022-01-19,15.9,23.4,9.6,69,96,0.0,0.0,9.7,53,17.25,3.03,952.1,9.2,551.0,22.741652,75.858475
MP-IND,2022-01-20,19.0,26.5,12.3,59,81,0.0,0.0,21.3,260,17.34,4.22,948.3,10.1,551.0,22.741652,75.858475
MP-IND,2022-01-21,19.3,25.0,13.4,66,97,0.0,0.0,14.8,277,17.6,3.56,948.5,11.6,551.0,22.741652,75.858475
MP-IND,2022-01-22,18.3,21.7,15.2,79,91,3.6,3.6,24.0,247,11.27,2.38,945.7,14.4,551.0,22.741652,75.858475
MP-IND,2022-01-23,15.6,20.3,11.2,66,93,0.3,0.3,16.6,276,15.78,3.18,947.1,8.6,551.0,22.741652,75.858475
MP-IND,2022-01-24,12.9,19.0,7.6,63,91,0.0,0.0,9.7,358,18.18,3.18,949.5,5.6,551.0,22.741652,75.858475
MP-IND,2022-01-25,12.9,18.8,7.7,59,79,0.0,0.0,10.5,41,18.36,3.33,950.4,4.5,551.0,22.741652,75.858475
MP-IND,2022-01-26,12.8,19.0,7.2,62,84,0.0,0.0,11.9,41,18.42,3.3,951.5,5.1,551.0,22.741652,75.858475
MP-IND,2022-01-27,12.7,19.6,7.2,56,80,0.0,0.0,11.1,42,18.94,3.51,952.9,3.4,551.0,22.741652,75.858475
MP-IND,2022-01-28,13.5,21.6,6.5,60,87,0.0,0.0,10.2,81,19.04,3.36,953.5,5.0,551.0,22.741652,75.858475
MP-IND,2022-01-29,15.2,24.0,7.6,58,87,0.0,0.0,10.7,130,19.14,3.58,953.3,5.7,551.0,22.741652,75.858475
MP-IND,2022-01-30,17.0,26.5,8.6,53,84,0.0,0.0,10.7,221,19.04,4.07,950.9,5.8,551.0,22.741652,75.858475
MP-IND,2022-01-31,17.3,26.1,9.4,55,85,0.0,0.0,12.5,280,19.12,4.25,949.7,7.0,551.0,22.741652,75.858475
MP-IND,2022-02-01,18.6,27.1,11.3,59,86,0.0,0.0,11.7,288,18.98,4.16,949.5,9.3,551.0,22.741652,75.858475
MP-IND,2022-02-02,19.7,28.1,12.2,60,90,0.0,0.0,11.8,251,19.06,4.24,949.2,10.6,551.0,22.741652,75.858475
MP-IND,2022-02-03,19.8,26.2,15.3,49,65,0.0,0.0,27.8,262,19.32,5.39,946.5,8.1,551.0,22.741652,75.858475
MP-IND,2022-02-04,16.5,22.9,9.8,43,74,0.0,0.0,14.4,293,19.97,4.24,948.2,2.6,551.0,22.741652,75.858475
MP-IND,2022-02-05,17.0,24.7,9.3,45,79,0.0,0.0,11.6,280,19.96,4.05,949.8,3.4,551.0,22.741652,75.858475
MP-IND,2022-02-06,17.8,25.6,9.7,48,77,0.0,0.0,13.5,149,19.8,4.46,951.8,5.6,551.0,22.741652,75.858475
MP-IND,2022-02-07,19.8,27.6,14.4,48,66,0.0,0.0,11.9,267,19.66,4.31,952.1,7.6,551.0,22.741652,75.858475
MP-IND,2022-02-08,20.0,27.4,13.4,54,75,0.0,0.0,16.7,250,18.99,4.42,950.5,9.7,551.0,22.741652,75.858475
MP-IND,2022-02-09,19.2,25.6,13.4,52,79,0.0,0.0,13.6,296,19.89,4.43,950.6,8.3,551.0,22.741652,75.858475
MP-IND,2022-02-10,17.6,24.0,12.8,59,88,0.0,0.0,16.3,32,20.07,4.19,953.2,8.5,551.0,22.741652,75.858475
MP-IND,2022-02-11,16.1,23.3,10.2,56,82,0.0,0.0,11.9,54,20.67,4.16,953.4,6.5,551.0,22.741652,75.858475
MP-IND,2022-02-12,16.8,24.9,9.3,54,84,0.0,0.0,10.7,62,20.87,4.15,952.0,6.3,551.0,22.741652,75.858475
MP-IND,2022-02-13,18.3,26.2,10.6,52,77,0.0,0.0,9.7,119,20.57,4.34,949.6,7.5,551.0,22.741652,75.858475
MP-IND,2022-02-14,20.3,27.6,13.6,50,72,0.0,0.0,14.6,144,19.98,4.69,949.0,8.8,551.0,22.741652,75.858475
MP-IND,2022-02-15,20.2,27.1,15.9,47,68,0.0,0.0,23.0,219,20.7,5.22,948.8,7.5,551.0,22.741652,75.858475
MP-IND,2022-02-16,19.2,27.2,12.0,48,87,0.0,0.0,12.0,31,18.64,4.39,947.7,6.9,551.0,22.741652,75.858475
MP-IND,2022-02-17,20.7,27.6,14.1,39,61,0.0,0.0,14.8,82,19.0,4.78,947.9,5.3,551.0,22.741652,75.858475
MP-IND,2022-02-18,21.6,27.3,16.0,46,63,0.0,0.0,19.9,129,17.85,4.67,949.1,9.3,551.0,22.741652,75.858475
MP-IND,2022-02-19,22.4,29.0,17.3,54,76,0.0,0.0,18.2,202,17.21,4.47,950.4,12.1,551.0,22.741652,75.858475
MP-IND,2022-02-20,20.5,27.6,14.0,44,81,0.0,0.0,13.7,329,21.57,5.08,949.3,6.1,551.0,22.741652,75.858475
MP-IND,2022-02-21,20.9,29.2,13.0,36,54,0.0,0.0,11.9,271,21.56,5.32,948.2,4.3,551.0,22.741652,75.858475
MP-IND,2022-02-22,22.3,30.9,14.8,39,57,0.0,0.0,14.8,218,21.73,5.66,949.4,6.6,551.0,22.741652,75.858475
MP-IND,2022-02-23,22.8,31.5,15.4,44,66,0.0,0.0,16.9,241,21.56,5.52,951.4,8.7,551.0,22.741652,75.858475
MP-IND,2022-02-24,22.1,29.7,14.5,41,72,0.0,0.0,12.3,307,22.06,5.19,952.7,6.9,551.0,22.741652,75.858475
MP-IND,2022-02-25,21.7,29.6,14.2,44,79,0.0,0.0,13.2,94,22.06,5.38,952.7,7.3,551.0,22.741652,75.858475
MP-IND,2022-02-26,23.3,31.4,16.5,37,65,0.0,0.0,18.7,196,21.95,6.13,951.9,6.6,551.0,22.741652,75.858475
MP-IND,2022-02-27,23.2,31.2,15.1,31,50,0.0,0.0,15.4,347,22.1,5.71,952.4,4.2,551.0,22.741652,75.858475
MP-IND,2022-02-28,22.2,29.1,16.0,51,82,0.0,0.0,15.1,40,21.16,5.03,952.9,10.8,551.0,22.741652,75.858475
MP-IND,2022-03-01,22.5,29.6,15.8,36,48,0.0,0.0,13.1,41,21.63,5.51,953.3,6.2,551.0,22.741652,75.858475
MP-IND,2022-03-02,23.4,30.3,15.1,36,60,0.0,0.0,13.1,115,20.45,5.21,952.8,6.7,551.0,22.741652,75.858475
MP-IND,2022-03-03,23.9,31.7,16.9,38,60,0.0,0.0,11.7,171,21.16,5.45,952.2,7.4,551.0,22.741652,75.858475
MP-IND,2022-03-04,23.3,30.6,16.6,37,54,0.0,0.0,12.5,9,22.08,5.77,952.9,7.2,551.0,22.741652,75.858475
MP-IND,2022-03-05,22.3,30.3,15.6,40,62,0.0,0.0,15.0,32,22.87,5.8,952.4,7.3,551.0,22.741652,75.858475
MP-IND,2022-03-06,23.5,32.1,15.6,35,49,0.0,0.0,11.8,104,23.0,5.6,950.8,6.3,551.0,22.741652,75.858475
MP-IND,2022-03-07,24.4,29.8,19.8,37,51,0.9,0.9,18.9,132,16.82,5.08,951.5,8.4,551.0,22.741652,75.858475
MP-IND,2022-03-08,23.2,28.6,19.1,54,72,0.3,0.3,18.0,164,18.01,4.65,951.8,13.0,551.0,22.741652,75.858475
MP-IND,2022-03-09,23.4,30.7,17.5,53,76,5.3,5.3,11.1,150,20.85,4.75,951.4,12.5,551.0,22.741652,75.858475
MP-IND,2022-03-10,24.5,31.3,16.1,44,77,0.0,0.0,9.0,60,22.1,5.14,950.9,10.3,551.0,22.741652,75.858475
MP-IND,2022-03-11,24.6,31.5,18.9,36,56,0.0,0.0,13.0,35,22.76,6.21,951.2,7.7,551.0,22.741652,75.858475
MP-IND,2022-03-12,24.2,31.6,17.1,33,54,0.0,0.0,11.2,17,23.94,5.89,951.0,5.8,551.0,22.741652,75.858475
MP-IND,2022-03-13,25.1,32.8,17.1,34,56,0.0,0.0,12.1,34,23.92,6.24,951.0,7.1,551.0,22.741652,75.858475
MP-IND,2022-03-14,27.2,34.5,18.8,33,57,0.0,0.0,12.8,13,23.64,5.9,951.0,8.3,551.0,22.741652,75.858475
MP-IND,2022-03-15,27.4,36.4,19.1,29,51,0.0,0.0,14.8,326,24.03,6.74,948.9,6.5,551.0,22.741652,75.858475
MP-IND,2022-03-16,27.8,36.8,19.3,26,42,0.0,0.0,14.6,323,24.15,7.35,947.5,5.5,551.0,22.741652,75.858475
MP-IND,2022-03-17,28.2,37.5,19.6,25,40,0.0,0.0,15.2,333,24.3,7.6,947.0,4.9,551.0,22.741652,75.858475
MP-IND,2022-03-18,28.4,36.6,22.0,25,36,0.0,0.0,13.7,336,24.25,6.88,946.4,6.0,551.0,22.741652,75.858475
MP-IND,2022-03-19,28.0,36.0,19.8,33,52,0.0,0.0,14.8,352,19.73,6.01,945.7,9.2,551.0,22.741652,75.858475
MP-IND,2022-03-20,28.5,35.7,21.1,23,38,0.0,0.0,13.4,295,18.8,5.8,945.9,4.3,551.0,22.741652,75.858475
MP-IND,2022-03-21,28.5,36.6,22.3,21,34,0.0,0.0,16.0,320,22.47,7.72,947.5,3.3,551.0,22.741652,75.858475
MP-IND,2022-03-22,28.1,35.9,20.9,26,40,0.0,0.0,13.0,350,21.41,6.28,948.1,6.3,551.0,22.741652,75.858475
MP-IND,2022-03-23,28.5,36.2,20.8,27,41,0.0,0.0,16.1,58,18.69,6.01,947.6,6.9,551.0,22.741652,75.858475
MP-IND,2022-03-24,29.6,35.8,24.1,22,31,0.0,0.0,14.1,305,21.14,6.77,947.3,4.8,551.0,22.741652,75.858475
MP-IND,2022-03-25,28.8,33.9,23.6,22,32,0.0,0.0,13.5,287,15.51,5.62,947.9,4.3,551.0,22.741652,75.858475
MP-IND,2022-03-26,29.7,37.4,23.5,21,35,0.0,0.0,22.5,321,23.21,8.19,949.8,3.9,551.0,22.741652,75.858475
MP-IND,2022-03-27,30.0,37.2,21.1,19,32,0.0,0.0,14.6,283,25.33,7.53,950.3,2.8,551.0,22.741652,75.858475
MP-IND,2022-03-28,29.6,37.6,21.6,22,40,0.0,0.0,18.4,291,25.58,8.11,949.7,3.9,551.0,22.741652,75.858475
MP-IND,2022-03-29,29.8,37.8,21.1,18,30,0.0,0.0,19.8,287,25.87,8.87,948.1,1.9,551.0,22.741652,75.858475
MP-IND,2022-03-30,29.6,37.7,22.2,18,30,0.0,0.0,13.8,277,26.05,7.93,947.6,1.6,551.0,22.741652,75.858475
MP-IND,2022-03-31,29.2,37.8,21.4,20,36,0.0,0.0,12.9,274,25.98,7.43,948.0,1.9,551.0,22.741652,75.858475
MP-IND,2022-04-01,29.9,37.9,21.9,23,37,0.0,0.0,15.3,280,25.65,7.51,948.1,5.5,551.0,22.741652,75.858475
MP-IND,2022-04-02,30.7,37.6,22.6,23,45,0.0,0.0,13.4,302,25.2,7.49,949.3,6.1,551.0,22.741652,75.858475
MP-IND,2022-04-03,30.7,38.7,22.1,19,38,0.0,0.0,15.4,269,25.92,8.06,949.2,3.1,551.0,22.741652,75.858475
MP-IND,2022-04-04,30.2,39.0,21.7,17,36,0.0,0.0,14.5,297,26.24,8.38,949.0,0.6,551.0,22.741652,75.858475
MP-IND,2022-04-05,30.8,39.2,22.5,15,23,0.0,0.0,15.3,309,26.34,7.72,950.8,-0.0,551.0,22.741652,75.858475
MP-IND,2022-04-06,31.3,40.1,22.0,17,30,0.0,0.0,18.1,317,23.3,7.17,950.7,2.0,551.0,22.741652,75.858475
MP-IND,2022-04-07,31.4,39.7,23.1,19,39,0.0,0.0,20.6,356,25.65,7.89,949.9,4.0,551.0,22.741652,75.858475
MP-IND,2022-04-08,32.4,40.2,24.4,17,27,0.0,0.0,15.3,291,23.41,7.7,948.2,2.8,551.0,22.741652,75.858475
MP-IND,2022-04-09,32.3,41.1,25.1,18,27,0.0,0.0,20.5,277,24.81,7.51,947.3,3.8,551.0,22.741652,75.858475
MP-IND,2022-04-10,32.4,40.3,25.0,18,30,0.0,0.0,19.9,292,25.6,8.44,947.4,4.3,551.0,22.741652,75.858475
MP-IND,2022-04-11,32.0,40.0,25.2,25,38,0.0,0.0,19.7,280,23.93,7.88,946.9,8.6,551.0,22.741652,75.858475
MP-IND,2022-04-12,32.0,38.9,24.7,23,42,0.0,0.0,15.2,285,24.98,7.81,946.4,7.4,551.0,22.741652,75.858475
MP-IND,2022-04-13,31.9,39.3,24.7,17,25,0.0,0.0,14.9,292,25.5,8.44,945.8,3.0,551.0,22.741652,75.858475
MP-IND,2022-04-14,31.6,39.2,23.2,16,30,0.0,0.0,21.5,291,26.51,9.0,945.7,1.1,551.0,22.741652,75.858475
MP-IND,2022-04-15,31.4,38.5,23.4,16,23,0.0,0.0,17.8,278,26.59,9.33,945.5,2.2,551.0,22.741652,75.858475
MP-IND,2022-04-16,31.5,39.4,24.0,19,35,0.0,0.0,21.9,274,25.23,9.11,945.0,3.8,551.0,22.741652,75.858475
MP-IND,2022-04-17,32.1,39.8,24.9,19,32,0.0,0.0,17.3,287,26.39,8.83,945.8,4.3,551.0,22.741652,75.858475
MP-IND,2022-04-18,32.4,39.8,25.1,20,39,0.0,0.0,16.3,282,25.86,8.46,948.3,5.2,551.0,22.741652,75.858475
MP-IND,2022-04-19,32.9,39.9,26.2,19,33,0.0,0.0,16.8,293,25.74,8.84,949.9,4.8,551.0,22.741652,75.858475
MP-IND,2022-04-20,33.3,40.2,25.9,16,28,0.0,0.0,18.6,289,26.78,9.12,948.0,3.0,551.0,22.741652,75.858475
MP-IND,2022-04-21,30.0,33.9,25.4,30,46,2.4,2.4,25.9,329,18.67,7.5,948.2,10.3,551.0,22.741652,75.858475
MP-IND,2022-04-22,31.3,39.0,22.8,25,47,0.0,0.0,16.4,279,24.76,7.53,948.2,6.9,551.0,22.741652,75.858475
MP-IND,2022-04-23,32.0,39.1,24.6,18,27,0.0,0.0,23.2,312,22.41,8.1,948.6,3.4,551.0,22.741652,75.858475
MP-IND,2022-04-24,32.7,39.5,25.7,16,26,0.0,0.0,20.4,303,26.56,9.95,948.2,2.8,551.0,22.741652,75.858475
MP-IND,2022-04-25,32.5,39.6,25.4,16,29,0.0,0.0,20.3,291,27.07,9.59,947.2,2.8,551.0,22.741652,75.858475
MP-IND,2022-04-26,32.5,39.6,25.3,15,28,0.0,0.0,20.3,294,27.54,9.59,947.4,0.8,551.0,22.741652,75.858475
MP-IND,2022-04-27,32.9,40.3,24.9,15,25,0.0,0.0,15.6,284,27.21,8.88,947.0,1.9,551.0,22.741652,75.858475
MP-IND,2022-04-28,33.5,41.2,24.9,14,24,0.0,0.0,14.1,286,27.45,8.84,947.2,0.6,551.0,22.741652,75.858475
MP-IND,2022-04-29,34.0,41.2,26.6,16,23,0.0,0.0,21.6,288,25.66,10.32,947.8,3.8,551.0,22.741652,75.858475
MP-IND,2022-04-30,33.2,40.3,26.4,21,37,0.0,0.0,23.7,261,26.92,9.87,945.2,6.8,551.0,22.741652,75.858475
MP-IND,2022-05-01,33.4,40.2,26.5,30,60,0.0,0.0,18.6,279,24.4,8.92,943.8,11.5,551.0,22.741652,75.858475
MP-IND,2022-05-02,33.0,39.4,26.6,31,63,0.0,0.0,21.2,274,24.85,9.21,944.5,11.9,551.0,22.741652,75.858475
MP-IND,2022-05-03,32.6,39.2,26.5,30,61,0.0,0.0,21.5,288,26.16,9.12,945.9,11.0,551.0,22.741652,75.858475
MP-IND,2022-05-04,32.1,39.5,25.1,27,49,0.0,0.0,22.0,285,26.69,9.07,947.2,9.3,551.0,22.741652,75.858475
MP-IND,2022-05-05,32.2,38.7,26.0,23,37,0.0,0.0,20.2,296,26.73,8.56,946.9,7.6,551.0,22.741652,75.858475
MP-IND,2022-05-06,32.6,38.9,26.6,24,39,0.0,0.0,18.8,307,22.56,7.82,946.6,8.4,551.0,22.741652,75.858475
MP-IND,2022-05-07,32.7,38.5,26.3,23,33,0.0,0.0,17.4,339,20.96,6.81,946.6,8.0,551.0,22.741652,75.858475
MP-IND,2022-05-08,33.5,40.4,26.7,20,33,0.0,0.0,16.3,317,21.82,7.53,944.6,6.0,551.0,22.741652,75.858475
MP-IND,2022-05-09,34.9,41.6,28.8,17,28,0.0,0.0,23.1,346,23.09,9.62,943.2,4.9,551.0,22.741652,75.858475
MP-IND,2022-05-10,34.6,41.2,26.7,16,26,0.0,0.0,17.7,5,19.98,8.0,943.0,4.9,551.0,22.741652,75.858475
MP-IND,2022-05-11,34.2,41.1,26.5,21,40,0.0,0.0,18.9,36,23.04,7.89,942.3,8.0,551.0,22.741652,75.858475
MP-IND,2022-05-12,35.0,42.7,27.9,17,29,0.0,0.0,21.7,345,23.44,8.96,941.8,5.8,551.0,22.741652,75.858475
MP-IND,2022-05-13,35.0,42.4,27.8,27,53,0.0,0.0,20.8,290,22.73,9.4,941.7,11.3,551.0,22.741652,75.858475
MP-IND,2022-05-14,33.6,40.5,26.1,35,65,0.0,0.0,20.6,274,21.78,8.44,942.7,13.9,551.0,22.741652,75.858475
MP-IND,2022-05-15,33.9,40.9,26.9,32,63,0.0,0.0,19.4,279,25.33,9.77,943.9,12.3,551.0,22.741652,75.858475
MP-IND,2022-05-16,33.1,39.7,26.9,29,62,0.0,0.0,20.8,276,27.06,9.5,944.3,10.4,551.0,22.741652,75.858475
MP-IND,2022-05-17,32.6,38.9,26.1,30,52,0.0,0.0,20.0,260,22.27,8.21,943.2,11.6,551.0,22.741652,75.858475
MP-IND,2022-05-18,32.5,39.1,25.5,27,57,0.0,0.0,17.9,282,25.42,8.36,944.0,9.5,551.0,22.741652,75.858475
MP-IND,2022-05-19,33.5,40.4,26.1,23,36,0.0,0.0,17.9,262,26.83,7.88,944.2,8.8,551.0,22.741652,75.858475
MP-IND,2022-05-20,34.6,41.4,27.8,24,37,0.0,0.0,23.8,281,25.55,9.57,943.4,10.8,551.0,22.741652,75.858475
MP-IND,2022-05-21,31.9,38.7,25.4,41,74,0.0,0.0,28.4,268,27.24,10.43,942.0,15.0,551.0,22.741652,75.858475
MP-IND,2022-05-22,30.3,37.6,23.9,50,81,0.0,0.0,27.7,259,25.1,8.7,940.5,17.6,551.0,22.741652,75.858475
MP-IND,2022-05-23,30.7,37.4,24.4,50,80,0.0,0.0,25.2,249,26.26,8.65,940.6,18.1,551.0,22.741652,75.858475
MP-IND,2022-05-24,30.6,36.2,25.4,53,78,0.4,0.4,24.0,254,23.3,6.41,944.3,19.0,551.0,22.741652,75.858475
MP-IND,2022-05-25,32.1,38.6,25.7,45,78,0.0,0.0,19.4,265,24.51,7.88,946.4,17.4,551.0,22.741652,75.858475
MP-IND,2022-05-26,32.4,38.5,26.2,38,65,0.0,0.0,21.3,268,24.99,8.96,945.5,15.2,551.0,22.741652,75.858475
MP-IND,2022-05-27,31.0,37.0,24.7,46,79,0.0,0.0,25.6,259,25.87,8.76,944.7,16.7,551.0,22.741652,75.858475
MP-IND,2022-05-28,30.5,37.1,24.3,51,80,0.0,0.0,26.0,261,26.42,8.57,943.8,18.2,551.0,22.741652,75.858475
MP-IND,2022-05-29,30.6,36.9,24.3,52,83,0.0,0.0,30.4,268,25.02,8.06,944.0,18.8,551.0,22.741652,75.858475
MP-IND,2022-05-30,31.3,36.9,25.3,49,74,0.0,0.0,23.6,269,24.25,7.87,944.1,18.6,551.0,22.741652,75.858475
MP-IND,2022-05-31,32.2,38.8,25.6,44,73,0.0,0.0,20.9,282,24.56,8.26,943.6,16.9,551.0,22.741652,75.858475
MP-IND,2022-06-01,33.2,39.5,26.7,36,65,0.0,0.0,21.0,297,22.97,7.97,943.9,14.8,551.0,22.741652,75.858475
MP-IND,2022-06-02,33.4,39.1,27.0,28,56,0.0,0.0,20.7,292,24.04,9.24,944.1,11.2,551.0,22.741652,75.858475
MP-IND,2022-06-03,33.5,39.5,27.3,27,54,0.0,0.0,20.4,282,25.54,9.84,943.5,10.2,551.0,22.741652,75.858475
MP-IND,2022-06-04,33.7,40.4,27.4,29,59,0.0,0.0,22.3,287,25.34,9.76,943.7,11.8,551.0,22.741652,75.858475
MP-IND,2022-06-05,33.9,40.9,27.5,25,51,0.0,0.0,19.1,298,25.72,9.72,943.9,9.8,551.0,22.741652,75.858475
MP-IND,2022-06-06,34.0,40.7,27.3,24,50,0.0,0.0,21.9,294,26.93,10.51,943.8,9.1,551.0,22.741652,75.858475
MP-IND,2022-06-07,33.1,39.5,26.2,30,56,0.0,0.0,20.2,286,25.66,9.73,943.8,12.0,551.0,22.741652,75.858475
MP-IND,2022-06-08,32.6,38.3,26.8,44,71,0.0,0.0,23.1,286,24.7,8.59,943.9,18.1,551.0,22.741652,75.858475
MP-IND,2022-06-09,32.8,38.7,27.4,42,69,0.0,0.0,23.0,273,24.13,8.66,942.9,17.0,551.0,22.741652,75.858475
MP-IND,2022-06-10,32.6,38.8,26.5,42,69,0.0,0.0,20.5,267,24.56,7.96,943.0,16.8,551.0,22.741652,75.858475
MP-IND,2022-06-11,30.2,36.5,24.6,55,79,1.9,1.9,27.5,260,21.15,6.62,943.7,19.6,551.0,22.741652,75.858475
MP-IND,2022-06-12,27.4,32.7,23.7,71,93,1.3,1.3,16.3,255,15.58,4.07,944.1,21.4,551.0,22.741652,75.858475
MP-IND,2022-06-13,27.9,32.6,24.2,69,92,1.7,1.7,18.8,270,19.62,5.03,945.6,21.5,551.0,22.741652,75.858475
MP-IND,2022-06-14,29.6,35.2,24.6,60,84,0.2,0.2,17.3,270,24.27,6.59,945.4,20.5,551.0,22.741652,75.858475
MP-IND,2022-06-15,29.9,35.7,24.8,58,80,0.1,0.1,21.3,263,24.3,7.03,944.5,20.3,551.0,22.741652,75.858475
MP-IND,2022-06-16,29.9,35.4,24.8,60,83,0.2,0.2,18.7,263,19.61,6.01,944.0,20.7,551.0,22.741652,75.858475
MP-IND,2022-06-17,30.2,35.8,25.2,56,80,0.5,0.5,19.4,251,22.53,6.6,943.9,20.0,551.0,22.741652,75.858475
MP-IND,2022-06-18,29.4,34.0,25.4,61,82,3.7,3.7,19.5,254,18.57,5.51,944.2,20.6,551.0,22.741652,75.858475
MP-IND,2022-06-19,29.3,34.9,24.8,61,79,1.6,1.6,20.3,252,22.46,6.46,943.9,20.6,551.0,22.741652,75.858475
MP-IND,2022-06-20,27.7,32.7,24.1,70,85,20.6,20.6,22.1,255,18.35,4.99,942.1,21.4,551.0,22.741652,75.858475
MP-IND,2022-06-21,27.4,33.9,22.6,72,94,12.3,12.3,20.8,249,17.36,4.41,940.6,21.4,551.0,22.741652,75.858475
MP-IND,2022-06-22,26.8,33.7,22.7,77,96,10.7,10.7,10.0,300,21.65,4.72,943.3,21.9,551.0,22.741652,75.858475
MP-IND,2022-06-23,28.6,34.4,23.4,68,96,1.1,1.1,16.0,23,19.25,4.8,944.6,21.2,551.0,22.741652,75.858475
MP-IND,2022-06-24,27.8,33.4,23.8,71,93,6.4,6.4,17.3,305,17.56,4.33,943.1,21.5,551.0,22.741652,75.858475
MP-IND,2022-06-25,30.2,36.4,23.9,55,86,0.0,0.0,12.2,282,25.6,6.47,940.6,18.7,551.0,22.741652,75.858475
MP-IND,2022-06-26,30.6,36.4,27.0,58,76,0.0,0.0,20.0,264,19.18,5.73,940.3,20.6,551.0,22.741652,75.858475
MP-IND,2022-06-27,28.4,32.6,25.3,68,86,6.8,6.8,15.1,243,17.81,4.5,942.2,21.9,551.0,22.741652,75.858475
MP-IND,2022-06-28,27.4,30.9,24.4,76,92,4.0,4.0,18.5,258,16.24,4.17,942.5,22.6,551.0,22.741652,75.858475
MP-IND,2022-06-29,27.5,30.9,24.0,72,88,0.5,0.5,23.1,258,14.36,4.2,941.2,21.8,551.0,22.741652,75.858475
MP-IND,2022-06-30,26.3,28.2,24.7,82,91,15.2,15.2,20.4,258,11.28,2.83,941.1,22.9,551.0,22.741652,75.858475
MP-IND,2022-07-01,26.4,30.1,24.0,80,92,8.3,8.3,20.5,255,17.52,4.11,941.4,22.5,551.0,22.741652,75.858475
MP-IND,2022-07-02,25.6,29.0,23.5,84,95,6.2,6.2,18.0,259,14.8,3.35,940.1,22.6,551.0,22.741652,75.858475
MP-IND,2022-07-03,25.3,29.1,23.2,87,96,10.6,10.6,15.0,256,12.09,2.72,940.4,22.9,551.0,22.741652,75.858475
MP-IND,2022-07-04,25.8,28.4,23.4,84,96,12.5,12.5,17.5,267,12.78,2.95,940.0,22.8,551.0,22.741652,75.858475
MP-IND,2022-07-05,24.2,25.2,23.2,94,96,38.9,38.9,21.4,285,3.93,1.03,937.9,23.1,551.0,22.741652,75.858475
MP-IND,2022-07-06,25.9,29.4,23.4,84,97,12.5,12.5,13.0,232,16.69,3.57,940.5,22.9,551.0,22.741652,75.858475
MP-IND,2022-07-07,25.3,28.0,23.4,87,96,14.8,14.8,15.9,270,10.71,2.44,942.5,23.0,551.0,22.741652,75.858475
MP-IND,2022-07-08,25.7,29.2,23.5,85,95,3.4,3.4,18.7,267,15.8,3.52,941.4,22.8,551.0,22.741652,75.858475
MP-IND,2022-07-09,25.9,29.6,23.4,82,92,1.6,1.6,21.4,281,16.73,3.88,939.7,22.3,551.0,22.741652,75.858475
MP-IND,2022-07-10,25.0,28.5,22.6,86,95,8.0,8.0,19.0,295,11.93,2.76,940.4,22.4,551.0,22.741652,75.858475
MP-IND,2022-07-11,24.3,27.5,22.3,91,97,18.1,18.1,14.2,296,7.87,1.81,941.4,22.6,551.0,22.741652,75.858475
MP-IND,2022-07-12,24.9,27.4,23.1,89,97,27.8,27.8,18.7,309,10.67,2.36,940.7,22.9,551.0,22.741652,75.858475
MP-IND,2022-07-13,24.4,27.0,22.4,91,97,46.8,46.8,18.8,322,8.48,1.87,938.0,22.9,551.0,22.741652,75.858475
MP-IND,2022-07-14,25.1,29.3,22.6,88,98,23.4,23.4,16.2,20,14.89,3.1,936.2,22.9,551.0,22.741652,75.858475
MP-IND,2022-07-15,24.2,27.2,22.6,91,98,24.2,24.2,16.9,259,10.0,2.12,938.0,22.7,551.0,22.741652,75.858475
MP-IND,2022-07-16,25.4,29.3,22.7,85,97,8.9,8.9,15.6,213,17.1,3.55,939.8,22.7,551.0,22.741652,75.858475
MP-IND,2022-07-17,25.5,29.6,22.6,86,98,5.7,5.7,16.2,273,14.43,3.16,942.2,22.9,551.0,22.741652,75.858475
MP-IND,2022-07-18,24.2,27.0,23.1,92,97,59.3,59.3,32.9,300,5.85,1.47,940.5,22.9,551.0,22.741652,75.858475
MP-IND,2022-07-19,23.7,25.7,22.8,93,98,17.4,17.4,26.6,254,10.77,2.07,941.4,22.6,551.0,22.741652,75.858475
MP-IND,2022-07-20,25.0,28.2,22.9,85,96,1.0,1.0,23.1,266,16.41,3.5,943.3,22.3,551.0,22.741652,75.858475
MP-IND,2022-07-21,25.4,28.7,23.0,82,95,1.2,1.2,21.5,272,15.4,3.54,944.0,21.9,551.0,22.741652,75.858475
MP-IND,2022-07-22,24.9,26.8,23.0,86,95,8.9,8.9,19.0,284,13.29,2.88,944.7,22.4,551.0,22.741652,75.858475
MP-IND,2022-07-23,24.0,26.0,22.9,91,97,10.0,10.0,20.6,281,7.5,1.75,942.2,22.3,551.0,22.741652,75.858475
MP-IND,2022-07-24,23.8,25.5,22.6,93,97,14.1,14.1,18.8,260,6.16,1.42,941.4,22.5,551.0,22.741652,75.858475
MP-IND,2022-07-25,24.3,27.0,22.6,87,96,3.8,3.8,17.1,260,11.97,2.65,944.0,21.9,551.0,22.741652,75.858475
MP-IND,2022-07-26,23.7,25.4,22.4,91,96,7.1,7.1,20.9,260,6.65,1.56,945.8,22.1,551.0,22.741652,75.858475
MP-IND,2022-07-27,24.6,28.9,22.6,88,97,12.9,12.9,13.3,265,16.94,3.44,946.4,22.3,551.0,22.741652,75.858475
MP-IND,2022-07-28,25.2,28.7,22.2,86,97,4.9,4.9,13.7,278,17.74,3.67,947.7,22.5,551.0,22.741652,75.858475
MP-IND,2022-07-29,25.5,29.5,22.5,85,98,3.9,3.9,15.9,278,21.59,4.43,947.2,22.7,551.0,22.741652,75.858475
MP-IND,2022-07-30,25.6,29.4,22.7,83,98,1.5,1.5,15.2,276,21.74,4.46,945.9,22.4,551.0,22.741652,75.858475
MP-IND,2022-07-31,25.4,29.3,21.9,79,95,1.2,1.2,18.0,267,21.64,4.58,944.0,21.4,551.0,22.741652,75.858475
MP-IND,2022-08-01,25.2,29.0,22.1,81,93,0.9,0.9,16.6,268,19.42,4.04,944.1,21.7,551.0,22.741652,75.858475
MP-IND,2022-08-02,25.2,28.8,22.6,84,94,3.0,3.0,14.8,275,18.58,3.81,943.4,22.3,551.0,22.741652,75.858475
MP-IND,2022-08-03,25.4,29.2,22.9,86,97,3.1,3.1,13.9,294,17.95,3.7,943.1,22.8,551.0,22.741652,75.858475
MP-IND,2022-08-04,25.8,30.4,22.5,86,98,3.7,3.7,8.8,291,16.57,3.47,942.4,23.2,551.0,22.741652,75.858475
MP-IND,2022-08-05,26.0,29.4,23.3,86,99,14.3,14.3,8.0,188,19.07,3.93,940.9,23.3,551.0,22.741652,75.858475
MP-IND,2022-08-06,25.6,29.5,23.2,87,98,5.0,5.0,9.7,259,18.08,3.69,939.7,23.2,551.0,22.741652,75.858475
MP-IND,2022-08-07,25.5,28.3,23.3,88,98,7.2,7.2,12.7,317,13.5,2.83,939.2,23.3,551.0,22.741652,75.858475
MP-IND,2022-08-08,24.9,28.7,22.9,91,98,14.2,14.2,13.6,335,12.61,2.54,937.9,23.2,551.0,22.741652,75.858475
MP-IND,2022-08-09,24.9,28.5,22.6,91,99,18.3,18.3,10.4,26,11.94,2.49,936.8,23.2,551.0,22.741652,75.858475
MP-IND,2022-08-10,23.7,25.9,22.6,93,97,79.9,79.9,18.3,282,6.27,1.4,935.1,22.5,551.0,22.741652,75.858475
MP-IND,2022-08-11,24.0,25.6,22.9,91,97,36.5,36.5,22.2,224,9.27,1.97,936.6,22.5,551.0,22.741652,75.858475
MP-IND,2022-08-12,24.7,27.5,22.8,87,94,7.3,7.3,25.0,226,14.85,3.1,939.6,22.3,551.0,22.741652,75.858475
MP-IND,2022-08-13,24.8,29.4,22.8,84,92,2.0,2.0,24.6,246,18.17,3.86,941.4,21.9,551.0,22.741652,75.858475
MP-IND,2022-08-14,25.2,29.1,22.7,80,92,0.8,0.8,21.3,274,19.63,4.39,943.2,21.3,551.0,22.741652,75.858475
MP-IND,2022-08-15,23.9,26.9,22.5,89,96,11.4,11.4,25.9,279,9.37,2.22,941.7,21.9,551.0,22.741652,75.858475
MP-IND,2022-08-16,23.1,25.1,22.3,93,96,38.6,38.6,27.3,223,7.05,1.57,940.7,21.9,551.0,22.741652,75.858475
MP-IND,2022-08-17,24.4,28.1,22.1,86,95,4.0,4.0,26.7,207,17.91,3.63,943.8,21.8,551.0,22.741652,75.858475
MP-IND,2022-08-18,24.7,28.5,21.8,85,96,1.0,1.0,21.1,236,18.26,3.8,944.5,21.8,551.0,22.741652,75.858475
MP-IND,2022-08-19,24.9,28.6,22.3,84,94,3.0,3.0,18.9,260,19.85,4.12,944.8,21.8,551.0,22.741652,75.858475
MP-IND,2022-08-20,24.4,28.4,22.4,87,94,8.9,8.9,18.9,281,13.22,2.89,944.3,22.0,551.0,22.741652,75.858475
MP-IND,2022-08-21,24.5,28.6,22.4,85,96,4.3,4.3,23.2,291,17.82,3.76,942.5,21.8,551.0,22.741652,75.858475
MP-IND,2022-08-22,22.6,22.9,22.4,94,96,57.8,57.8,29.5,269,2.51,0.87,939.4,21.6,551.0,22.741652,75.858475
MP-IND,2022-08-23,23.5,26.1,22.1,88,95,25.8,25.8,29.6,236,12.45,2.6,940.9,21.4,551.0,22.741652,75.858475
MP-IND,2022-08-24,24.5,28.5,21.6,83,96,1.9,1.9,18.9,231,20.97,4.21,945.4,21.3,551.0,22.741652,75.858475
MP-IND,2022-08-25,24.3,28.7,20.6,82,97,0.4,0.4,15.0,266,20.08,4.11,945.8,20.7,551.0,22.741652,75.858475
MP-IND,2022-08-26,24.8,29.2,21.9,81,97,0.3,0.3,15.2,287,21.72,4.49,945.8,21.1,551.0,22.741652,75.858475
MP-IND,2022-08-27,24.9,29.5,21.4,78,96,0.2,0.2,15.4,291,24.39,5.05,945.8,20.5,551.0,22.741652,75.858475
MP-IND,2022-08-28,24.8,28.7,21.6,80,97,0.9,0.9,15.4,298,18.43,3.87,945.8,21.0,551.0,22.741652,75.858475
MP-IND,2022-08-29,24.9,28.6,22.1,82,93,1.5,1.5,8.9,334,17.64,3.68,947.7,21.5,551.0,22.741652,75.858475
MP-IND,2022-08-30,25.2,29.2,22.8,84,96,6.2,6.2,13.8,351,18.48,3.75,948.1,22.2,551.0,22.741652,75.858475
MP-IND,2022-08-31,25.5,28.8,21.8,85,98,1.9,1.9,7.7,330,19.0,3.91,946.7,22.8,551.0,22.741652,75.858475
MP-IND,2022-09-01,25.3,29.3,23.0,88,97,15.3,15.3,17.1,274,15.56,3.2,946.5,23.1,551.0,22.741652,75.858475
MP-IND,2022-09-02,25.7,29.9,22.0,86,98,0.8,0.8,6.2,106,19.74,4.02,947.5,23.1,551.0,22.741652,75.858475
MP-IND,2022-09-03,25.7,30.0,22.8,87,98,1.4,1.4,14.2,258,20.04,4.04,946.7,23.2,551.0,22.741652,75.858475
MP-IND,2022-09-04,24.9,28.5,23.5,90,96,11.0,11.0,16.9,267,15.2,2.98,946.1,23.0,551.0,22.741652,75.858475
MP-IND,2022-09-05,24.7,28.5,22.6,87,98,2.7,2.7,16.2,270,18.54,3.65,946.3,22.3,551.0,22.741652,75.858475
MP-IND,2022-09-06,25.5,28.7,21.9,82,95,1.4,1.4,9.7,327,18.74,3.85,946.4,22.0,551.0,22.741652,75.858475
MP-IND,2022-09-07,25.5,29.4,22.5,85,96,5.1,5.1,16.5,22,18.76,3.81,946.7,22.7,551.0,22.741652,75.858475
MP-IND,2022-09-08,26.2,30.0,23.6,84,95,12.3,12.3,16.2,70,18.71,3.88,946.4,23.3,551.0,22.741652,75.858475
MP-IND,2022-09-09,27.0,30.9,23.8,83,96,6.3,6.3,13.3,95,22.52,4.69,945.7,23.7,551.0,22.741652,75.858475
MP-IND,2022-09-10,26.9,31.3,22.9,78,97,0.0,0.0,11.9,77,23.52,5.05,944.9,22.4,551.0,22.741652,75.858475
MP-IND,2022-09-11,26.4,30.6,23.7,83,94,7.8,7.8,16.4,36,20.2,4.22,942.0,23.1,551.0,22.741652,75.858475
MP-IND,2022-09-12,24.9,29.2,22.6,87,96,13.0,13.0,15.3,32,15.67,3.21,940.0,22.5,551.0,22.741652,75.858475
MP-IND,2022-09-13,24.4,28.3,22.4,90,98,30.7,30.7,14.5,299,11.17,2.33,941.0,22.5,551.0,22.741652,75.858475
MP-IND,2022-09-14,23.7,26.3,22.2,93,98,29.8,29.8,17.6,249,8.13,1.71,943.0,22.4,551.0,22.741652,75.858475
MP-IND,2022-09-15,24.2,27.9,22.6,90,97,9.2,9.2,19.0,237,14.13,2.83,943.6,22.4,551.0,22.741652,75.858475
MP-IND,2022-09-16,23.9,27.3,21.7,90,97,28.8,28.8,15.9,268,10.02,2.21,942.7,22.0,551.0,22.741652,75.858475
MP-IND,2022-09-17,24.4,28.5,22.1,85,99,1.4,1.4,17.6,265,19.83,3.99,944.8,21.6,551.0,22.741652,75.858475
MP-IND,2022-09-18,24.8,29.0,21.3,82,96,0.6,0.6,14.0,314,21.72,4.34,946.8,21.3,551.0,22.741652,75.858475
MP-IND,2022-09-19,25.4,29.3,21.3,78,93,0.2,0.2,10.8,318,22.15,4.6,946.5,21.0,551.0,22.741652,75.858475
MP-IND,2022-09-20,25.4,29.5,22.1,80,94,0.8,0.8,17.8,302,19.67,4.26,945.8,21.7,551.0,22.741652,75.858475
MP-IND,2022-09-21,25.1,29.0,22.5,78,91,0.2,0.2,22.9,297,20.49,4.62,945.4,20.8,551.0,22.741652,75.858475
MP-IND,2022-09-22,24.7,27.8,22.2,78,88,1.6,1.6,25.8,277,15.09,3.75,945.0,20.6,551.0,22.741652,75.858475
MP-IND,2022-09-23,22.5,24.9,21.5,87,93,19.7,19.7,29.3,260,7.65,2.0,945.2,20.2,551.0,22.741652,75.858475
MP-IND,2022-09-24,23.9,28.1,20.7,79,97,0.1,0.1,24.5,266,17.76,3.93,945.7,19.8,551.0,22.741652,75.858475
MP-IND,2022-09-25,23.6,28.1,19.7,81,91,0.7,0.7,14.8,274,19.58,3.97,946.7,19.9,551.0,22.741652,75.858475
MP-IND,2022-09-26,24.1,28.0,19.7,82,97,0.2,0.2,12.6,317,18.6,3.82,948.5,20.7,551.0,22.741652,75.858475
MP-IND,2022-09-27,24.8,29.3,21.2,80,94,0.3,0.3,8.9,329,20.96,4.27,947.4,20.9,551.0,22.741652,75.858475
MP-IND,2022-09-28,24.6,29.0,21.2,84,97,1.8,1.8,8.0,320,17.59,3.57,946.5,21.6,551.0,22.741652,75.858475
MP-IND,2022-09-29,25.5,30.5,21.0,76,95,0.0,0.0,9.5,351,21.55,4.58,946.6,20.5,551.0,22.741652,75.858475
MP-IND,2022-09-30,25.6,30.8,21.4,74,94,0.0,0.0,9.5,338,22.1,4.75,947.1,20.2,551.0,22.741652,75.858475
MP-IND,2022-10-01,25.4,30.1,20.9,74,92,0.6,0.6,11.5,304,20.01,4.42,946.9,20.0,551.0,22.741652,75.858475
MP-IND,2022-10-02,25.2,30.3,21.6,72,87,1.2,1.2,14.6,301,21.27,4.66,947.3,19.6,551.0,22.741652,75.858475
MP-IND,2022-10-03,24.9,30.1,20.9,71,87,0.1,0.1,16.6,323,21.15,4.7,947.9,18.9,551.0,22.741652,75.858475
MP-IND,2022-10-04,25.2,30.5,20.6,62,79,0.0,0.0,17.7,339,19.4,4.9,947.8,17.0,551.0,22.741652,75.858475
MP-IND,2022-10-05,25.8,30.7,22.0,67,90,0.5,0.5,13.8,343,18.86,4.52,946.3,19.0,551.0,22.741652,75.858475
MP-IND,2022-10-06,23.9,27.6,21.9,90,97,33.4,33.4,13.7,44,9.46,1.98,945.5,22.1,551.0,22.741652,75.858475
MP-IND,2022-10-07,23.4,27.1,21.4,90,98,23.5,23.5,16.8,104,12.14,2.44,945.5,21.6,551.0,22.741652,75.858475
MP-IND,2022-10-08,23.6,26.6,21.3,88,98,14.2,14.2,23.0,159,11.56,2.43,946.4,21.3,551.0,22.741652,75.858475
MP-IND,2022-10-09,24.5,29.0,21.4,84,99,1.0,1.0,16.8,200,18.51,3.8,948.1,21.4,551.0,22.741652,75.858475
MP-IND,2022-10-10,24.1,28.9,21.6,88,98,16.1,16.1,9.0,232,15.95,3.2,949.7,21.7,551.0,22.741652,75.858475
MP-IND,2022-10-11,23.8,27.8,20.7,87,98,1.0,1.0,7.8,250,14.12,2.84,948.8,21.4,551.0,22.741652,75.858475
MP-IND,2022-10-12,24.4,28.7,21.2,74,98,0.0,0.0,10.9,23,19.85,4.3,949.5,19.0,551.0,22.741652,75.858475
MP-IND,2022-10-13,23.2,29.3,18.9,63,84,0.0,0.0,13.2,38,22.03,4.97,950.6,15.1,551.0,22.741652,75.858475
MP-IND,2022-10-14,21.7,28.5,17.2,63,82,0.0,0.0,12.7,48,22.23,4.89,950.5,13.9,551.0,22.741652,75.858475
MP-IND,2022-10-15,21.2,28.1,15.4,66,86,0.0,0.0,13.9,54,22.07,4.79,949.8,13.8,551.0,22.741652,75.858475
MP-IND,2022-10-16,21.7,28.2,16.4,60,81,0.0,0.0,15.2,57,21.74,4.88,951.2,13.0,551.0,22.741652,75.858475
MP-IND,2022-10-17,23.7,29.6,17.8,66,91,0.0,0.0,14.7,75,18.76,4.17,951.9,16.7,551.0,22.741652,75.858475
MP-IND,2022-10-18,23.8,28.2,19.6,81,99,0.6,0.6,9.9,107,17.4,3.6,951.0,20.1,551.0,22.741652,75.858475
MP-IND,2022-10-19,23.8,29.7,18.9,68,97,0.0,0.0,11.0,94,19.89,4.4,950.6,16.9,551.0,22.741652,75.858475
MP-IND,2022-10-20,23.8,29.8,18.1,51,75,0.0,0.0,13.6,85,20.82,5.13,951.6,12.4,551.0,22.741652,75.858475
MP-IND,2022-10-21,23.3,29.6,17.6,57,76,0.0,0.0,13.1,76,20.83,4.91,953.5,13.5,551.0,22.741652,75.858475
MP-IND,2022-10-22,23.1,29.6,17.9,46,64,0.0,0.0,13.7,85,20.91,5.33,954.9,10.1,551.0,22.741652,75.858475
MP-IND,2022-10-23,23.2,29.7,16.8,46,72,0.0,0.0,14.4,34,20.58,5.18,953.5,10.3,551.0,22.741652,75.858475
MP-IND,2022-10-24,22.3,29.3,15.9,46,71,0.0,0.0,15.8,9,20.67,5.2,950.1,9.4,551.0,22.741652,75.858475
MP-IND,2022-10-25,23.1,30.2,15.7,43,63,0.0,0.0,11.4,302,20.6,4.98,949.8,9.3,551.0,22.741652,75.858475
MP-IND,2022-10-26,23.4,30.0,17.3,44,62,0.0,0.0,10.6,297,20.29,4.62,952.1,9.9,551.0,22.741652,75.858475
MP-IND,2022-10-27,23.2,30.1,16.6,48,71,0.0,0.0,9.4,257,20.19,4.5,952.1,10.7,551.0,22.741652,75.858475
MP-IND,2022-10-28,23.9,30.2,17.2,44,68,0.0,0.0,13.2,74,19.95,4.74,952.0,10.1,551.0,22.741652,75.858475
MP-IND,2022-10-29,24.3,30.9,18.1,46,62,0.0,0.0,11.5,102,18.17,4.37,952.0,11.0,551.0,22.741652,75.858475
MP-IND,2022-10-30,23.2,29.2,18.0,49,68,0.0,0.0,9.2,5,19.84,4.54,952.4,11.3,551.0,22.741652,75.858475
MP-IND,2022-10-31,22.5,28.7,17.0,45,61,0.0,0.0,16.0,54,19.89,5.17,952.3,9.4,551.0,22.741652,75.858475
MP-IND,2022-11-01,22.1,29.3,15.9,52,74,0.0,0.0,12.1,61,19.72,4.69,952.9,11.0,551.0,22.741652,75.858475
MP-IND,2022-11-02,23.1,30.9,15.8,51,79,0.0,0.0,14.5,60,19.33,4.84,952.3,11.5,551.0,22.741652,75.858475
MP-IND,2022-11-03,23.3,31.5,15.3,54,89,0.0,0.0,10.9,284,19.29,4.64,951.6,11.9,551.0,22.741652,75.858475
MP-IND,2022-11-04,23.7,31.5,17.0,49,77,0.0,0.0,9.7,162,19.36,4.68,952.6,10.9,551.0,22.741652,75.858475
MP-IND,2022-11-05,24.5,32.0,17.8,46,69,0.0,0.0,9.0,206,18.96,4.5,953.7,11.0,551.0,22.741652,75.858475
MP-IND,2022-11-06,24.9,31.8,19.0,44,64,0.0,0.0,9.3,170,18.39,4.42,953.9,11.1,551.0,22.741652,75.858475
MP-IND,2022-11-07,24.1,30.8,17.6,45,69,0.0,0.0,11.7,153,15.38,4.09,953.2,10.7,551.0,22.741652,75.858475
MP-IND,2022-11-08,24.7,30.4,19.7,43,61,0.0,0.0,9.5,173,15.07,3.89,952.9,10.7,551.0,22.741652,75.858475
MP-IND,2022-11-09,23.5,29.4,18.6,44,58,0.0,0.0,15.5,175,16.57,4.35,953.3,10.0,551.0,22.741652,75.858475
MP-IND,2022-11-10,23.3,30.1,17.5,49,66,0.0,0.0,12.8,300,16.24,4.07,953.8,11.1,551.0,22.741652,75.858475
MP-IND,2022-11-11,23.5,29.8,18.2,48,67,0.0,0.0,15.3,32,16.48,4.56,954.4,11.2,551.0,22.741652,75.858475
MP-IND,2022-11-12,22.3,28.3,17.4,48,64,0.0,0.0,13.4,61,18.2,4.59,954.6,10.2,551.0,22.741652,75.858475
MP-IND,2022-11-13,21.5,27.7,16.0,48,61,0.0,0.0,11.3,101,18.23,4.32,953.3,9.4,551.0,22.741652,75.858475
MP-IND,2022-11-14,22.2,28.2,16.6,51,65,0.0,0.0,10.9,145,17.89,4.1,953.0,11.2,551.0,22.741652,75.858475
MP-IND,2022-11-15,22.1,28.2,16.2,52,73,0.0,0.0,9.9,107,17.91,4.05,953.0,11.2,551.0,22.741652,75.858475
MP-IND,2022-11-16,22.4,28.8,16.7,47,78,0.0,0.0,13.2,102,18.04,4.3,952.3,9.3,551.0,22.741652,75.858475
MP-IND,2022-11-17,21.1,27.8,15.5,46,76,0.0,0.0,14.8,37,18.04,4.64,952.7,7.8,551.0,22.741652,75.858475
MP-IND,2022-11-18,19.7,26.0,14.7,39,59,0.0,0.0,13.5,52,18.03,4.54,953.3,4.8,551.0,22.741652,75.858475
MP-IND,2022-11-19,19.1,25.9,13.2,40,59,0.0,0.0,13.6,56,18.07,4.5,952.9,4.1,551.0,22.741652,75.858475
MP-IND,2022-11-20,18.9,25.8,12.9,49,72,0.0,0.0,14.6,47,17.77,4.19,951.6,7.3,551.0,22.741652,75.858475
MP-IND,2022-11-21,19.4,27.1,13.2,48,71,0.0,0.0,11.9,47,17.85,4.25,951.3,7.1,551.0,22.741652,75.858475
MP-IND,2022-11-22,19.4,27.4,12.7,47,76,0.0,0.0,10.0,49,17.76,4.21,951.5,6.3,551.0,22.741652,75.858475
MP-IND,2022-11-23,19.7,27.1,13.5,43,63,0.0,0.0,11.3,50,17.55,4.24,951.9,5.6,551.0,22.741652,75.858475
MP-IND,2022-11-24,19.5,27.1,13.7,48,65,0.0,0.0,12.4,61,17.42,4.14,951.9,7.4,551.0,22.741652,75.858475
MP-IND,2022-11-25,19.7,27.4,13.4,49,70,0.0,0.0,12.7,77,17.43,4.05,952.5,7.6,551.0,22.741652,75.858475
MP-IND,2022-11-26,19.0,27.0,11.9,44,63,0.0,0.0,10.5,81,17.6,3.94,951.0,5.3,551.0,22.741652,75.858475
MP-IND,2022-11-27,19.1,27.2,11.1,48,73,0.0,0.0,10.9,105,17.35,3.94,948.6,6.9,551.0,22.741652,75.858475
MP-IND,2022-11-28,19.8,27.7,12.7,47,68,0.0,0.0,10.6,95,17.14,3.75,949.3,7.1,551.0,22.741652,75.858475
MP-IND,2022-11-29,19.7,27.7,13.1,52,76,0.0,0.0,11.3,68,16.89,4.02,951.0,8.4,551.0,22.741652,75.858475
MP-IND,2022-11-30,19.5,27.4,13.1,56,75,0.0,0.0,10.2,76,16.66,3.77,952.2,9.9,551.0,22.741652,75.858475
MP-IND,2022-12-01,19.3,26.5,12.9,60,81,0.0,0.0,10.7,80,16.69,3.51,951.9,10.6,551.0,22.741652,75.858475
MP-IND,2022-12-02,19.5,26.9,12.6,61,88,0.0,0.0,9.0,127,16.56,3.48,950.6,11.0,551.0,22.741652,75.858475
MP-IND,2022-12-03,20.6,27.5,13.5,58,85,0.0,0.0,9.1,145,16.16,3.25,951.1,11.5,551.0,22.741652,75.858475
MP-IND,2022-12-04,20.8,27.9,14.0,59,89,0.0,0.0,9.7,125,16.23,3.51,951.9,11.5,551.0,22.741652,75.858475
MP-IND,2022-12-05,21.3,27.9,15.0,57,74,0.0,0.0,10.0,81,15.63,3.53,953.1,11.9,551.0,22.741652,75.858475
MP-IND,2022-12-06,21.8,28.3,15.9,62,85,0.0,0.0,10.1,58,14.41,3.32,952.9,13.5,551.0,22.741652,75.858475
MP-IND,2022-12-07,20.1,26.3,15.1,53,70,0.0,0.0,13.3,46,16.07,3.91,952.7,9.9,551.0,22.741652,75.858475
MP-IND,2022-12-08,18.1,26.0,11.4,44,67,0.0,0.0,14.3,58,16.77,4.13,952.2,4.2,551.0,22.741652,75.858475
MP-IND,2022-12-09,18.1,26.4,11.5,46,66,0.0,0.0,16.7,74,16.66,4.16,950.6,5.3,551.0,22.741652,75.858475
MP-IND,2022-12-10,19.0,27.2,12.2,50,73,0.0,0.0,11.5,75,16.57,3.99,950.3,7.6,551.0,22.741652,75.858475
MP-IND,2022-12-11,21.5,29.1,14.9,57,75,0.0,0.0,11.8,87,15.52,3.87,951.0,11.9,551.0,22.741652,75.858475
MP-IND,2022-12-12,22.4,29.0,17.6,65,86,0.2,0.2,13.8,75,14.13,3.5,951.0,15.2,551.0,22.741652,75.858475
MP-IND,2022-12-13,21.5,27.6,18.5,80,91,7.8,7.8,17.7,62,11.36,2.54,952.4,17.6,551.0,22.741652,75.858475
MP-IND,2022-12-14,20.3,24.1,17.5,73,86,0.9,0.9,15.5,55,11.08,2.62,953.1,15.2,551.0,22.741652,75.858475
MP-IND,2022-12-15,22.1,28.5,17.4,66,92,0.2,0.2,10.0,73,13.31,3.0,952.1,15.0,551.0,22.741652,75.858475
MP-IND,2022-12-16,22.5,28.4,17.1,72,95,0.0,0.0,9.2,36,14.17,2.99,951.2,16.6,551.0,22.741652,75.858475
MP-IND,2022-12-17,22.7,28.9,17.8,62,89,0.0,0.0,9.0,88,15.25,3.45,952.4,14.1,551.0,22.741652,75.858475
MP-IND,2022-12-18,20.8,27.6,16.0,58,75,0.0,0.0,10.0,64,15.51,3.6,952.2,11.6,551.0,22.741652,75.858475
MP-IND,2022-12-19,19.7,27.5,13.1,50,75,0.0,0.0,10.2,73,15.86,3.78,950.9,7.8,551.0,22.741652,75.858475
MP-IND,2022-12-20,20.2,27.9,14.3,51,75,0.0,0.0,10.0,103,15.83,3.72,950.2,8.6,551.0,22.741652,75.858475
MP-IND,2022-12-21,20.9,28.3,14.6,55,79,0.0,0.0,8.9,144,15.58,3.28,950.4,10.9,551.0,22.741652,75.858475
MP-IND,2022-12-22,21.2,28.7,14.9,58,79,0.0,0.0,9.5,181,15.76,3.36,949.9,11.7,551.0,22.741652,75.858475
MP-IND,2022-12-23,21.0,28.6,15.7,57,78,0.0,0.0,16.4,219,15.59,3.98,949.4,11.5,551.0,22.741652,75.858475
MP-IND,2022-12-24,17.7,24.8,11.5,54,77,0.0,0.0,10.2,336,16.2,3.45,950.6,7.6,551.0,22.741652,75.858475
MP-IND,2022-12-25,17.3,24.5,11.3,64,81,0.0,0.0,13.2,50,15.9,3.32,951.5,9.9,551.0,22.741652,75.858475
MP-IND,2022-12-26,18.7,26.6,12.0,70,87,0.0,0.0,11.5,48,15.34,3.06,952.5,12.7,551.0,22.741652,75.858475
MP-IND,2022-12-27,18.9,26.2,12.7,68,87,0.0,0.0,12.5,40,15.38,3.25,953.9,12.4,551.0,22.741652,75.858475
MP-IND,2022-12-28,18.1,25.4,12.1,55,80,0.0,0.0,10.7,55,16.01,3.54,954.9,8.5,551.0,22.741652,75.858475
MP-IND,2022-12-29,18.6,27.1,11.3,54,80,0.0,0.0,11.3,158,16.0,3.66,955.0,8.5,551.0,22.741652,75.858475
MP-IND,2022-12-30,19.9,27.2,13.6,63,87,0.0,0.0,10.6,272,15.65,3.51,955.6,11.9,551.0,22.741652,75.858475
MP-IND,2022-12-31,17.6,23.5,12.2,67,90,0.0,0.0,11.5,15,16.23,3.17,955.4,10.9,551.0,22.741652,75.858475
MP-IND,2023-01-01,16.5,23.2,11.6,62,77,0.0,0.0,10.7,46,16.05,3.26,955.5,9.0,551.0,22.741652,75.858475
MP-IND,2023-01-02,16.1,23.0,10.0,65,93,0.0,0.0,10.7,62,16.42,3.26,955.4,8.7,551.0,22.741652,75.858475
MP-IND,2023-01-03,15.2,22.5,9.2,65,93,0.0,0.0,13.3,49,16.41,3.36,955.5,7.8,551.0,22.741652,75.858475
MP-IND,2023-01-04,13.5,20.4,8.5,63,94,0.0,0.0,18.4,45,16.56,3.42,955.9,5.7,551.0,22.741652,75.858475
MP-IND,2023-01-05,14.6,22.1,8.9,71,91,0.0,0.0,14.4,61,15.73,3.03,956.5,9.1,551.0,22.741652,75.858475
MP-IND,2023-01-06,16.5,24.0,10.7,69,82,0.0,0.0,11.9,78,15.78,3.15,957.4,10.7,551.0,22.741652,75.858475
MP-IND,2023-01-07,16.7,23.7,11.1,64,78,0.0,0.0,9.9,62,16.31,3.28,956.5,9.3,551.0,22.741652,75.858475
MP-IND,2023-01-08,16.1,23.9,9.8,55,85,0.0,0.0,12.1,71,17.06,3.58,955.0,5.6,551.0,22.741652,75.858475
MP-IND,2023-01-09,15.7,24.4,8.7,55,81,0.0,0.0,12.1,72,17.21,3.73,955.5,5.5,551.0,22.741652,75.858475
MP-IND,2023-01-10,16.1,24.6,9.5,55,79,0.0,0.0,11.8,66,17.17,3.74,954.9,5.9,551.0,22.741652,75.858475
MP-IND,2023-01-11,17.1,25.6,10.1,57,83,0.0,0.0,10.9,154,16.99,3.63,951.9,7.4,551.0,22.741652,75.858475
MP-IND,2023-01-12,17.9,25.2,11.0,62,87,0.0,0.0,13.1,251,16.6,3.63,950.1,9.8,551.0,22.741652,75.858475
MP-IND,2023-01-13,18.0,24.3,12.6,67,93,0.0,0.0,16.1,251,15.65,3.32,950.8,11.3,551.0,22.741652,75.858475
MP-IND,2023-01-14,14.6,21.7,7.8,62,91,0.0,0.0,12.0,19,17.48,3.33,952.1,6.6,551.0,22.741652,75.858475
MP-IND,2023-01-15,13.7,21.0,7.7,62,89,0.0,0.0,11.2,37,17.49,3.21,951.4,5.8,551.0,22.741652,75.858475
MP-IND,2023-01-16,14.4,22.6,8.2,56,70,0.0,0.0,10.9,45,17.23,3.48,951.2,5.3,551.0,22.741652,75.858475
MP-IND,2023-01-17,14.8,22.6,8.2,56,71,0.0,0.0,10.7,42,17.4,3.51,952.0,5.6,551.0,22.741652,75.858475
MP-IND,2023-01-18,15.3,23.4,8.4,52,75,0.0,0.0,11.5,56,17.66,3.73,953.5,5.0,551.0,22.741652,75.858475
MP-IND,2023-01-19,16.8,25.6,9.1,61,83,0.0,0.0,10.7,92,17.22,3.55,952.7,8.8,551.0,22.741652,75.858475
MP-IND,2023-01-20,19.5,27.3,14.1,59,83,0.0,0.0,18.0,205,17.09,4.15,951.4,10.2,551.0,22.741652,75.858475
MP-IND,2023-01-21,18.3,27.3,11.5,60,91,0.0,0.0,15.9,291,17.12,3.76,951.5,9.6,551.0,22.741652,75.858475
MP-IND,2023-01-22,18.0,25.6,12.0,58,80,0.0,0.0,13.0,279,17.27,3.65,950.8,8.7,551.0,22.741652,75.858475
MP-IND,2023-01-23,18.7,26.3,13.0,61,83,0.0,0.0,17.2,198,17.33,3.84,950.3,10.7,551.0,22.741652,75.858475
MP-IND,2023-01-24,18.6,25.9,12.5,68,92,0.0,0.0,15.5,259,17.26,3.57,950.3,12.0,551.0,22.741652,75.858475
MP-IND,2023-01-25,18.6,25.1,13.6,66,83,0.7,0.7,13.6,346,15.37,3.15,951.3,11.7,551.0,22.741652,75.858475
MP-IND,2023-01-26,18.2,22.9,14.1,80,94,1.1,1.1,14.5,37,10.43,2.25,952.8,14.6,551.0,22.741652,75.858475
MP-IND,2023-01-27,19.2,25.9,14.2,77,96,0.0,0.0,17.0,56,16.67,3.32,953.5,14.5,551.0,22.741652,75.858475
MP-IND,2023-01-28,20.0,27.0,14.2,72,97,0.0,0.0,12.1,101,17.52,3.65,951.4,14.0,551.0,22.741652,75.858475
MP-IND,2023-01-29,21.7,27.5,17.1,59,83,0.1,0.1,23.8,152,17.14,4.48,948.9,12.6,551.0,22.741652,75.858475
MP-IND,2023-01-30,19.5,25.0,14.9,69,85,0.4,0.4,15.1,357,16.35,3.41,952.5,13.2,551.0,22.741652,75.858475
MP-IND,2023-01-31,18.7,24.8,13.6,70,95,0.0,0.0,15.8,26,17.55,3.71,954.2,12.6,551.0,22.741652,75.858475
MP-IND,2023-02-01,17.0,24.4,11.6,61,90,0.0,0.0,16.1,45,19.2,3.98,954.2,8.4,551.0,22.741652,75.858475
MP-IND,2023-02-02,16.1,25.5,8.8,50,81,0.0,0.0,11.1,51,19.94,4.2,953.6,3.5,551.0,22.741652,75.858475
MP-IND,2023-02-03,17.4,25.9,10.4,50,82,0.0,0.0,11.7,100,19.76,4.07,953.2,5.6,551.0,22.741652,75.858475
MP-IND,2023-02-04,18.8,26.1,10.5,47,79,0.0,0.0,10.8,92,19.66,4.15,951.9,6.4,551.0,22.741652,75.858475
MP-IND,2023-02-05,19.5,27.2,12.8,44,68,0.0,0.0,11.0,144,19.83,4.49,950.7,5.9,551.0,22.741652,75.858475
MP-IND,2023-02-06,20.6,28.3,14.1,39,56,0.0,0.0,12.5,225,19.43,4.89,950.1,5.8,551.0,22.741652,75.858475
MP-IND,2023-02-07,19.5,26.9,13.5,52,77,0.0,0.0,11.2,329,19.76,4.34,950.3,8.7,551.0,22.741652,75.858475
MP-IND,2023-02-08,19.4,27.1,12.1,44,67,0.0,0.0,11.0,54,19.99,4.41,951.7,5.8,551.0,22.741652,75.858475
MP-IND,2023-02-09,20.6,29.1,13.2,49,72,0.0,0.0,11.1,173,20.02,4.45,951.3,8.5,551.0,22.741652,75.858475
MP-IND,2023-02-10,22.0,30.8,15.1,41,61,0.0,0.0,16.7,255,20.16,5.44,951.7,7.0,551.0,22.741652,75.858475
MP-IND,2023-02-11,21.1,29.7,14.1,42,64,0.0,0.0,15.2,273,20.28,5.25,952.4,6.7,551.0,22.741652,75.858475
MP-IND,2023-02-12,20.1,28.0,13.2,44,72,0.0,0.0,15.5,6,20.5,5.13,954.7,6.3,551.0,22.741652,75.858475
MP-IND,2023-02-13,18.6,26.8,11.9,34,50,0.0,0.0,11.3,2,21.15,4.86,954.9,1.4,551.0,22.741652,75.858475
MP-IND,2023-02-14,19.8,28.7,10.7,32,50,0.0,0.0,11.6,54,21.01,4.81,953.8,1.4,551.0,22.741652,75.858475
MP-IND,2023-02-15,21.7,31.4,12.6,38,62,0.0,0.0,12.1,335,20.97,4.89,952.2,5.4,551.0,22.741652,75.858475
MP-IND,2023-02-16,22.6,31.9,14.4,40,64,0.0,0.0,10.6,325,21.17,5.16,952.7,6.8,551.0,22.741652,75.858475
MP-IND,2023-02-17,22.0,31.3,14.1,40,56,0.0,0.0,12.2,38,21.4,5.46,953.0,6.7,551.0,22.741652,75.858475
MP-IND,2023-02-18,21.9,31.0,13.8,44,65,0.0,0.0,11.5,56,21.58,5.24,952.8,7.7,551.0,22.741652,75.858475
MP-IND,2023-02-19,22.8,31.1,14.7,44,70,0.0,0.0,10.9,193,21.54,4.69,952.6,8.7,551.0,22.741652,75.858475
MP-IND,2023-02-20,23.3,32.7,14.3,42,71,0.0,0.0,10.6,223,21.64,5.4,951.6,7.8,551.0,22.741652,75.858475
MP-IND,2023-02-21,23.2,32.7,15.8,33,55,0.0,0.0,15.5,255,21.85,6.2,951.6,4.1,551.0,22.741652,75.858475
MP-IND,2023-02-22,22.9,31.3,15.7,36,52,0.0,0.0,14.2,278,21.41,5.64,951.4,6.3,551.0,22.741652,75.858475
MP-IND,2023-02-23,22.9,31.3,15.9,39,61,0.0,0.0,10.1,270,21.8,5.43,951.4,7.0,551.0,22.741652,75.858475
MP-IND,2023-02-24,22.8,31.2,14.4,37,69,0.0,0.0,11.3,297,22.39,5.17,952.7,5.2,551.0,22.741652,75.858475
MP-IND,2023-02-25,22.8,31.7,14.6,28,45,0.0,0.0,12.8,307,22.37,5.9,953.9,2.3,551.0,22.741652,75.858475
MP-IND,2023-02-26,23.2,31.5,16.4,27,54,0.0,0.0,11.4,304,22.35,5.77,954.8,1.9,551.0,22.741652,75.858475
MP-IND,2023-02-27,23.3,31.9,13.7,29,52,0.0,0.0,12.0,296,22.28,5.5,954.3,3.1,551.0,22.741652,75.858475
MP-IND,2023-02-28,24.7,32.5,15.5,31,54,0.0,0.0,16.0,137,21.55,5.85,954.1,5.3,551.0,22.741652,75.858475
MP-IND,2023-03-01,25.0,32.6,18.1,32,47,0.0,0.0,10.5,299,19.39,5.04,954.7,6.3,551.0,22.741652,75.858475
MP-IND,2023-03-02,25.6,33.3,17.6,31,51,0.0,0.0,14.2,2,21.13,5.99,955.5,6.0,551.0,22.741652,75.858475
MP-IND,2023-03-03,26.0,33.5,19.3,32,50,0.0,0.0,15.0,133,21.21,5.7,956.4,7.4,551.0,22.741652,75.858475
MP-IND,2023-03-04,26.0,33.2,19.3,32,45,0.0,0.0,18.2,123,19.03,5.7,956.2,7.4,551.0,22.741652,75.858475
MP-IND,2023-03-05,25.4,32.7,19.3,40,64,0.0,0.0,18.9,89,19.84,5.31,956.4,9.9,551.0,22.741652,75.858475
MP-IND,2023-03-06,24.6,31.7,18.0,41,62,0.2,0.2,25.6,54,16.78,4.81,954.8,9.6,551.0,22.741652,75.858475
MP-IND,2023-03-07,22.3,28.3,17.1,58,90,0.9,0.9,18.0,152,19.66,4.51,954.3,12.9,551.0,22.741652,75.858475
MP-IND,2023-03-08,23.0,30.6,17.0,46,74,0.0,0.0,14.7,110,21.24,5.09,954.4,9.5,551.0,22.741652,75.858475
MP-IND,2023-03-09,22.4,30.0,14.7,45,90,0.0,0.0,14.8,8,21.51,5.4,954.0,8.0,551.0,22.741652,75.858475
MP-IND,2023-03-10,23.2,30.8,16.2,39,73,0.0,0.0,16.3,17,23.45,5.99,953.7,6.7,551.0,22.741652,75.858475
MP-IND,2023-03-11,24.3,31.5,17.0,36,67,0.0,0.0,10.8,41,23.52,5.72,953.5,6.7,551.0,22.741652,75.858475
MP-IND,2023-03-12,25.2,32.6,17.1,33,56,0.0,0.0,14.4,59,23.35,5.92,952.7,6.9,551.0,22.741652,75.858475
MP-IND,2023-03-13,25.9,32.4,19.4,33,52,0.0,0.0,17.9,174,19.03,5.81,951.5,7.7,551.0,22.741652,75.858475
MP-IND,2023-03-14,25.9,32.9,19.0,31,48,0.0,0.0,12.6,261,19.6,5.78,949.6,6.6,551.0,22.741652,75.858475
MP-IND,2023-03-15,26.3,33.3,19.7,34,56,0.0,0.0,15.6,199,17.77,5.6,948.7,8.0,551.0,22.741652,75.858475
MP-IND,2023-03-16,24.9,30.2,20.9,41,58,0.2,0.2,19.6,221,20.2,5.49,949.6,10.3,551.0,22.741652,75.858475
MP-IND,2023-03-17,22.6,27.1,18.2,55,76,2.5,2.5,13.8,245,17.72,4.11,950.0,12.7,551.0,22.741652,75.858475
MP-IND,2023-03-18,22.5,28.4,17.5,58,83,0.1,0.1,19.3,123,19.17,4.48,948.7,13.2,551.0,22.741652,75.858475
MP-IND,2023-03-19,20.8,26.7,16.4,67,92,3.3,3.3,18.5,226,19.09,4.14,947.2,13.9,551.0,22.741652,75.858475
MP-IND,2023-03-20,21.1,27.5,15.5,64,95,0.1,0.1,16.0,242,22.27,4.84,946.3,13.1,551.0,22.741652,75.858475
MP-IND,2023-03-21,23.0,28.9,17.9,50,74,0.0,0.0,17.5,275,22.33,5.57,947.2,11.2,551.0,22.741652,75.858475
MP-IND,2023-03-22,23.0,29.7,17.9,52,68,0.0,0.0,19.9,290,21.38,5.06,948.4,12.0,551.0,22.741652,75.858475
MP-IND,2023-03-23,23.4,29.1,17.6,54,78,0.0,0.0,13.7,274,20.65,5.14,948.6,12.7,551.0,22.741652,75.858475
MP-IND,2023-03-24,24.5,30.8,18.9,52,74,0.2,0.2,18.2,257,21.68,5.8,948.6,13.3,551.0,22.741652,75.858475
MP-IND,2023-03-25,24.6,32.5,17.7,48,86,0.0,0.0,18.3,261,24.64,6.28,950.0,11.3,551.0,22.741652,75.858475
MP-IND,2023-03-26,24.4,31.5,17.6,36,65,0.0,0.0,16.5,287,25.3,6.81,949.5,6.9,551.0,22.741652,75.858475
MP-IND,2023-03-27,25.4,33.0,17.1,32,57,0.0,0.0,13.3,288,25.28,6.79,948.9,6.1,551.0,22.741652,75.858475
MP-IND,2023-03-28,26.0,33.3,18.3,32,49,0.0,0.0,13.6,333,24.03,6.38,948.7,7.0,551.0,22.741652,75.858475
MP-IND,2023-03-29,27.4,34.9,20.2,25,36,0.0,0.0,22.2,278,25.17,7.28,948.9,4.7,551.0,22.741652,75.858475
MP-IND,2023-03-30,25.9,33.1,21.7,38,57,0.0,0.0,20.2,267,20.12,6.34,947.7,9.7,551.0,22.741652,75.858475
MP-IND,2023-03-31,24.8,31.1,19.5,43,76,0.0,0.0,21.5,260,24.53,6.82,947.5,9.4,551.0,22.741652,75.858475
MP-IND,2023-04-01,25.0,31.4,18.7,40,56,0.0,0.0,16.4,277,22.25,6.1,948.5,9.9,551.0,22.741652,75.858475
MP-IND,2023-04-02,26.3,32.9,20.3,36,55,0.0,0.0,12.9,288,23.52,6.53,948.3,8.9,551.0,22.741652,75.858475
MP-IND,2023-04-03,27.0,33.9,20.0,31,48,0.0,0.0,20.2,289,24.23,7.51,948.1,7.8,551.0,22.741652,75.858475
MP-IND,2023-04-04,28.0,34.4,22.7,31,44,0.0,0.0,22.8,287,22.53,7.81,949.1,8.5,551.0,22.741652,75.858475
MP-IND,2023-04-05,27.2,33.7,21.0,34,54,0.0,0.0,20.5,285,22.64,7.05,949.3,8.8,551.0,22.741652,75.858475
MP-IND,2023-04-06,27.4,34.4,20.2,33,57,0.0,0.0,15.6,303,22.87,6.61,950.3,8.2,551.0,22.741652,75.858475
MP-IND,2023-04-07,28.0,35.1,20.7,29,51,0.0,0.0,19.3,338,23.75,6.56,951.7,7.4,551.0,22.741652,75.858475
MP-IND,2023-04-08,27.7,34.6,21.7,42,74,0.0,0.0,12.1,180,23.11,5.66,953.1,12.0,551.0,22.741652,75.858475
MP-IND,2023-04-09,28.3,35.4,20.8,36,72,0.0,0.0,14.5,277,22.77,6.35,953.2,9.8,551.0,22.741652,75.858475
MP-IND,2023-04-10,29.3,35.1,23.3,29,51,0.0,0.0,12.1,135,21.81,6.22,952.0,8.5,551.0,22.741652,75.858475
MP-IND,2023-04-11,30.0,36.6,22.4,28,51,0.0,0.0,14.4,274,21.11,6.63,951.8,8.8,551.0,22.741652,75.858475
MP-IND,2023-04-12,30.8,37.7,23.2,26,47,0.0,0.0,16.7,284,23.1,7.69,951.4,8.0,551.0,22.741652,75.858475
MP-IND,2023-04-13,31.2,38.0,24.9,26,38,0.0,0.0,21.6,284,22.39,8.3,951.1,8.4,551.0,22.741652,75.858475
MP-IND,2023-04-14,30.7,37.2,24.9,25,37,0.0,0.0,16.4,280,22.37,7.77,950.3,7.1,551.0,22.741652,75.858475
MP-IND,2023-04-15,30.2,35.7,24.0,27,40,0.0,0.0,20.5,226,22.73,7.51,950.1,8.6,551.0,22.741652,75.858475
MP-IND,2023-04-16,30.2,36.1,24.1,31,56,0.0,0.0,14.2,244,24.79,7.28,949.1,9.8,551.0,22.741652,75.858475
MP-IND,2023-04-17,30.3,37.9,22.0,24,44,0.0,0.0,23.7,279,24.94,8.0,949.2,6.0,551.0,22.741652,75.858475
MP-IND,2023-04-18,31.1,38.5,22.9,22,35,0.0,0.0,17.4,280,24.35,8.08,950.5,6.2,551.0,22.741652,75.858475
MP-IND,2023-04-19,31.3,37.9,25.6,25,37,0.0,0.0,25.3,275,23.06,8.21,948.4,8.3,551.0,22.741652,75.858475
MP-IND,2023-04-20,30.3,36.9,24.0,27,42,0.0,0.0,28.0,261,25.41,8.67,945.4,8.6,551.0,22.741652,75.858475
MP-IND,2023-04-21,29.0,35.6,22.8,29,42,0.1,0.1,23.5,257,25.59,8.13,945.5,8.4,551.0,22.741652,75.858475
MP-IND,2023-04-22,28.2,34.1,24.0,31,46,0.0,0.0,15.1,270,16.94,6.17,945.5,8.8,551.0,22.741652,75.858475
MP-IND,2023-04-23,28.8,35.4,22.5,29,60,0.0,0.0,23.1,271,23.27,8.37,945.4,5.9,551.0,22.741652,75.858475
MP-IND,2023-04-24,28.0,35.2,18.9,23,62,0.0,0.0,20.3,284,27.24,7.84,947.5,1.4,551.0,22.741652,75.858475
MP-IND,2023-04-25,29.3,36.1,22.1,29,57,0.0,0.0,18.9,88,25.97,7.44,948.3,7.5,551.0,22.741652,75.858475
MP-IND,2023-04-26,27.3,31.7,23.5,45,63,1.8,1.8,18.4,154,18.49,5.56,948.0,13.7,551.0,22.741652,75.858475
MP-IND,2023-04-27,27.2,33.8,20.3,48,82,0.4,0.4,18.4,175,23.56,6.79,948.4,14.4,551.0,22.741652,75.858475
MP-IND,2023-04-28,26.4,31.5,22.5,54,76,3.3,3.3,15.6,184,20.53,5.25,949.3,16.0,551.0,22.741652,75.858475
MP-IND,2023-04-29,25.5,32.0,20.9,60,96,0.1,0.1,15.7,195,16.77,4.69,948.1,15.7,551.0,22.741652,75.858475
MP-IND,2023-04-30,23.7,28.7,20.5,68,85,3.0,3.0,19.8,141,18.16,4.0,946.6,17.3,551.0,22.741652,75.858475
MP-IND,2023-05-01,24.2,29.8,19.8,62,87,0.3,0.3,15.0,222,20.07,4.8,946.0,15.9,551.0,22.741652,75.858475
MP-IND,2023-05-02,25.3,31.2,20.6,56,78,0.0,0.0,16.6,240,21.23,5.23,947.2,15.4,551.0,22.741652,75.858475
MP-IND,2023-05-03,25.2,31.7,19.9,63,91,0.3,0.3,17.9,189,22.66,5.34,948.4,16.9,551.0,22.741652,75.858475
MP-IND,2023-05-04,25.4,30.9,20.8,63,84,0.6,0.6,17.3,228,17.72,4.07,948.2,17.5,551.0,22.741652,75.858475
MP-IND,2023-05-05,27.2,32.4,21.3,55,79,0.1,0.1,12.6,247,19.78,4.66,947.7,16.8,551.0,22.741652,75.858475
MP-IND,2023-05-06,28.5,34.6,23.4,50,72,0.9,0.9,15.7,271,22.05,6.04,947.3,16.1,551.0,22.741652,75.858475
MP-IND,2023-05-07,30.0,36.0,23.8,44,77,0.0,0.0,15.0,291,24.0,6.76,946.9,15.2,551.0,22.741652,75.858475
MP-IND,2023-05-08,30.8,37.1,24.8,34,48,0.0,0.0,17.3,284,24.46,7.69,946.5,12.6,551.0,22.741652,75.858475
MP-IND,2023-05-09,31.4,38.2,24.8,26,43,0.0,0.0,17.1,327,26.2,8.43,947.4,8.6,551.0,22.741652,75.858475
MP-IND,2023-05-10,31.4,39.4,22.1,19,42,0.0,0.0,14.3,335,27.47,8.12,947.1,3.3,551.0,22.741652,75.858475
MP-IND,2023-05-11,32.6,39.6,23.1,15,29,0.0,0.0,14.1,177,27.67,7.8,947.7,1.7,551.0,22.741652,75.858475
MP-IND,2023-05-12,33.1,40.8,24.4,16,29,0.0,0.0,15.0,321,27.57,7.82,947.1,2.6,551.0,22.741652,75.858475
MP-IND,2023-05-13,33.9,41.9,24.4,18,32,0.0,0.0,20.3,293,25.66,9.52,946.7,4.5,551.0,22.741652,75.858475
MP-IND,2023-05-14,34.1,41.3,27.3,22,40,0.0,0.0,23.3,280,25.19,10.24,945.5,8.2,551.0,22.741652,75.858475
MP-IND,2023-05-15,32.5,38.6,26.9,33,56,0.0,0.0,22.7,273,25.49,9.64,946.3,13.0,551.0,22.741652,75.858475
MP-IND,2023-05-16,31.4,38.1,25.2,45,80,0.0,0.0,19.8,267,25.39,8.06,948.0,16.8,551.0,22.741652,75.858475
MP-IND,2023-05-17,31.8,38.2,25.5,40,72,0.0,0.0,18.2,269,24.15,7.73,948.9,14.7,551.0,22.741652,75.858475
MP-IND,2023-05-18,32.6,39.4,26.3,30,63,0.0,0.0,20.6,284,25.8,9.22,950.2,10.9,551.0,22.741652,75.858475
MP-IND,2023-05-19,32.9,39.4,27.0,29,53,0.0,0.0,17.3,287,26.72,9.23,948.8,11.7,551.0,22.741652,75.858475
MP-IND,2023-05-20,33.6,40.2,27.5,28,49,0.0,0.0,17.4,293,25.4,8.81,947.8,11.3,551.0,22.741652,75.858475
MP-IND,2023-05-21,32.5,40.2,27.5,34,49,0.0,0.0,16.0,281,24.44,8.0,948.8,13.5,551.0,22.741652,75.858475
MP-IND,2023-05-22,33.4,40.5,27.1,31,51,0.0,0.0,16.4,272,24.81,8.35,949.4,12.7,551.0,22.741652,75.858475
MP-IND,2023-05-23,33.0,39.5,26.9,31,50,0.0,0.0,20.0,273,24.45,8.73,949.5,13.0,551.0,22.741652,75.858475
MP-IND,2023-05-24,32.5,39.2,26.4,33,55,0.0,0.0,26.7,267,26.42,9.39,947.9,13.1,551.0,22.741652,75.858475
MP-IND,2023-05-25,31.8,37.6,25.7,39,71,0.0,0.0,29.2,268,25.26,9.52,947.8,15.2,551.0,22.741652,75.858475
MP-IND,2023-05-26,30.4,36.4,24.3,44,79,0.0,0.0,24.4,265,24.79,8.47,948.3,15.8,551.0,22.741652,75.858475
MP-IND,2023-05-27,31.2,37.8,25.0,47,79,0.0,0.0,25.8,265,24.83,8.71,947.2,17.1,551.0,22.741652,75.858475
MP-IND,2023-05-28,31.1,37.5,25.3,48,77,0.0,0.0,21.4,264,25.59,7.94,947.6,17.6,551.0,22.741652,75.858475
MP-IND,2023-05-29,30.8,36.8,24.6,44,75,0.0,0.0,19.4,287,24.97,7.49,948.1,15.9,551.0,22.741652,75.858475
MP-IND,2023-05-30,31.2,38.5,24.2,38,64,0.0,0.0,21.5,305,25.9,7.58,948.4,14.0,551.0,22.741652,75.858475
MP-IND,2023-05-31,30.9,37.2,23.3,36,69,0.0,0.0,24.0,280,25.43,8.34,948.2,12.8,551.0,22.741652,75.858475
MP-IND,2023-06-01,32.4,38.8,25.8,28,47,0.0,0.0,22.0,291,26.72,9.24,947.4,9.9,551.0,22.741652,75.858475
MP-IND,2023-06-02,31.9,37.1,26.7,36,51,0.0,0.0,19.7,280,24.01,8.44,947.1,14.5,551.0,22.741652,75.858475
MP-IND,2023-06-03,31.0,35.1,27.2,49,68,1.4,1.4,22.4,278,19.82,6.31,947.1,18.5,551.0,22.741652,75.858475
MP-IND,2023-06-04,30.1,34.9,26.3,49,68,6.0,6.0,17.3,292,20.21,6.19,947.0,17.7,551.0,22.741652,75.858475
MP-IND,2023-06-05,31.3,36.4,25.6,45,64,0.0,0.0,18.5,293,24.0,7.48,946.0,17.3,551.0,22.741652,75.858475
MP-IND,2023-06-06,32.1,37.0,26.8,44,66,0.0,0.0,17.9,289,24.06,7.63,945.8,17.7,551.0,22.741652,75.858475
MP-IND,2023-06-07,32.4,38.1,27.0,42,64,2.7,2.7,19.0,293,23.85,7.61,945.6,17.0,551.0,22.741652,75.858475
MP-IND,2023-06-08,31.6,37.2,27.0,47,63,0.0,0.0,20.2,287,23.22,7.17,946.2,18.5,551.0,22.741652,75.858475
MP-IND,2023-06-09,32.4,38.2,27.1,43,59,0.0,0.0,18.1,290,24.42,8.01,944.4,17.6,551.0,22.741652,75.858475
MP-IND,2023-06-10,32.4,38.3,26.6,43,75,0.0,0.0,21.1,284,24.84,8.12,943.3,16.9,551.0,22.741652,75.858475
MP-IND,2023-06-11,32.2,37.5,26.4,45,68,0.0,0.0,17.7,277,24.48,7.21,943.4,17.8,551.0,22.741652,75.858475
MP-IND,2023-06-12,32.9,38.3,27.9,40,62,0.0,0.0,17.1,258,22.11,7.59,943.1,16.9,551.0,22.741652,75.858475
MP-IND,2023-06-13,33.0,38.4,27.8,42,68,0.0,0.0,24.0,261,24.42,8.36,943.6,17.3,551.0,22.741652,75.858475
MP-IND,2023-06-14,31.6,37.4,26.9,49,65,0.4,0.4,26.1,255,24.4,8.48,945.0,18.9,551.0,22.741652,75.858475
MP-IND,2023-06-15,31.3,37.3,25.4,49,78,0.0,0.0,23.1,243,25.29,8.17,945.1,18.2,551.0,22.741652,75.858475
MP-IND,2023-06-16,31.0,37.1,26.5,50,63,0.2,0.2,27.6,229,23.0,7.9,944.0,18.8,551.0,22.741652,75.858475
MP-IND,2023-06-17,30.1,36.2,25.1,53,76,0.3,0.3,31.5,229,22.56,8.07,944.0,19.0,551.0,22.741652,75.858475
MP-IND,2023-06-18,29.7,35.7,24.6,56,84,0.0,0.0,31.9,246,23.3,8.14,944.1,19.1,551.0,22.741652,75.858475
MP-IND,2023-06-19,29.4,34.2,25.1,57,82,0.7,0.7,30.6,265,20.37,7.18,943.5,19.6,551.0,22.741652,75.858475
MP-IND,2023-06-20,29.4,34.5,25.4,62,81,4.0,4.0,24.1,277,18.71,5.83,943.2,21.0,551.0,22.741652,75.858475
MP-IND,2023-06-21,30.0,35.3,25.7,57,72,1.5,1.5,22.5,281,19.48,6.08,943.8,20.2,551.0,22.741652,75.858475
MP-IND,2023-06-22,28.0,31.9,23.9,68,89,12.2,12.2,22.8,280,14.97,4.34,944.1,21.3,551.0,22.741652,75.858475
MP-IND,2023-06-23,27.5,32.4,24.8,73,89,19.0,19.0,21.4,275,15.3,4.19,943.9,22.0,551.0,22.741652,75.858475
MP-IND,2023-06-24,25.8,29.4,23.9,85,95,25.1,25.1,18.7,274,13.22,3.01,942.6,22.9,551.0,22.741652,75.858475
MP-IND,2023-06-25,26.2,31.5,22.8,80,94,5.0,5.0,16.3,274,17.36,4.05,942.0,22.3,551.0,22.741652,75.858475
MP-IND,2023-06-26,24.6,26.9,23.7,91,96,27.8,27.8,18.2,274,7.71,1.8,942.8,22.9,551.0,22.741652,75.858475
MP-IND,2023-06-27,24.8,27.0,23.3,90,96,7.6,7.6,18.5,275,7.95,1.9,942.4,23.0,551.0,22.741652,75.858475
MP-IND,2023-06-28,25.6,28.6,23.7,86,96,10.1,10.1,17.1,273,12.13,2.79,943.1,23.0,551.0,22.741652,75.858475
MP-IND,2023-06-29,24.9,27.3,23.6,90,95,28.3,28.3,17.7,256,11.28,2.43,942.3,23.1,551.0,22.741652,75.858475
MP-IND,2023-06-30,24.9,28.0,22.8,88,96,17.4,17.4,22.8,250,10.32,2.41,942.0,22.7,551.0,22.741652,75.858475
MP-IND,2023-07-01,25.3,28.8,23.3,87,97,28.7,28.7,20.1,257,16.4,3.48,943.2,22.8,551.0,22.741652,75.858475
MP-IND,2023-07-02,25.7,28.6,23.2,85,96,10.2,10.2,19.9,263,14.61,3.16,943.9,22.9,551.0,22.741652,75.858475
MP-IND,2023-07-03,27.3,31.9,23.6,79,97,0.8,0.8,15.5,273,19.13,4.32,943.2,23.2,551.0,22.741652,75.858475
MP-IND,2023-07-04,28.2,32.3,25.2,77,88,1.4,1.4,13.1,275,20.35,4.61,941.1,23.6,551.0,22.741652,75.858475
MP-IND,2023-07-05,26.6,30.7,23.6,84,96,18.4,18.4,13.8,270,15.55,3.4,939.8,23.7,551.0,22.741652,75.858475
MP-IND,2023-07-06,26.7,31.0,23.6,84,98,22.6,22.6,11.1,272,18.09,3.83,940.6,23.5,551.0,22.741652,75.858475
MP-IND,2023-07-07,25.8,29.0,23.5,88,97,25.5,25.5,11.2,254,13.02,2.79,941.6,23.6,551.0,22.741652,75.858475
MP-IND,2023-07-08,25.9,29.4,23.6,85,96,4.2,4.2,21.9,234,18.26,3.9,942.3,23.1,551.0,22.741652,75.858475
MP-IND,2023-07-09,25.5,29.2,23.9,86,94,14.2,14.2,24.3,232,15.0,3.29,942.9,23.0,551.0,22.741652,75.858475
MP-IND,2023-07-10,25.6,29.3,23.6,86,95,15.7,15.7,25.1,245,17.55,3.78,943.0,22.9,551.0,22.741652,75.858475
MP-IND,2023-07-11,25.1,28.0,23.3,89,97,29.7,29.7,21.3,275,13.3,2.83,943.4,23.1,551.0,22.741652,75.858475
MP-IND,2023-07-12,25.5,28.8,23.1,88,98,9.7,9.7,21.9,276,12.89,2.83,942.7,23.3,551.0,22.741652,75.858475
MP-IND,2023-07-13,26.1,29.8,23.8,87,97,3.9,3.9,19.6,277,15.54,3.37,942.9,23.6,551.0,22.741652,75.858475
MP-IND,2023-07-14,25.4,29.4,23.4,89,97,12.1,12.1,18.1,269,13.6,2.9,944.1,23.3,551.0,22.741652,75.858475
MP-IND,2023-07-15,25.4,28.9,23.4,87,96,9.0,9.0,18.1,271,13.44,2.95,944.3,23.1,551.0,22.741652,75.858475
MP-IND,2023-07-16,25.2,29.4,23.3,88,97,7.5,7.5,20.2,276,13.03,2.84,943.6,23.0,551.0,22.741652,75.858475
MP-IND,2023-07-17,25.2,28.2,23.4,89,96,13.7,13.7,19.8,286,12.39,2.68,942.3,23.2,551.0,22.741652,75.858475
MP-IND,2023-07-18,25.3,28.9,23.5,89,97,25.7,25.7,17.4,298,12.81,2.73,940.9,23.4,551.0,22.741652,75.858475
MP-IND,2023-07-19,25.4,29.7,23.3,90,99,15.4,15.4,13.0,344,14.95,3.1,939.3,23.5,551.0,22.741652,75.858475
MP-IND,2023-07-20,26.2,31.0,23.3,87,99,7.6,7.6,12.6,280,19.99,4.19,939.5,23.7,551.0,22.741652,75.858475
MP-IND,2023-07-21,25.9,29.7,23.3,88,96,17.0,17.0,16.1,300,13.0,2.88,941.6,23.7,551.0,22.741652,75.858475
MP-IND,2023-07-22,25.5,29.4,23.3,89,98,27.3,27.3,16.6,26,13.22,2.81,941.6,23.4,551.0,22.741652,75.858475
MP-IND,2023-07-23,25.9,30.4,23.3,87,97,20.0,20.0,12.2,190,16.43,3.44,941.3,23.5,551.0,22.741652,75.858475
MP-IND,2023-07-24,26.2,30.2,22.9,83,95,9.7,9.7,16.4,252,19.76,4.25,941.8,23.0,551.0,22.741652,75.858475
MP-IND,2023-07-25,26.3,29.9,24.0,84,93,4.5,4.5,17.8,267,16.55,3.67,943.3,23.2,551.0,22.741652,75.858475
MP-IND,2023-07-26,26.6,29.6,23.8,83,95,5.6,5.6,16.2,289,17.09,3.78,944.3,23.2,551.0,22.741652,75.858475
MP-IND,2023-07-27,26.1,30.6,23.7,87,96,4.9,4.9,16.1,300,15.33,3.33,943.6,23.5,551.0,22.741652,75.858475
MP-IND,2023-07-28,25.4,28.2,23.7,87,96,6.6,6.6,21.6,284,13.64,3.0,943.3,23.1,551.0,22.741652,75.858475
MP-IND,2023-07-29,25.7,29.4,23.5,81,94,0.8,0.8,23.8,265,19.27,4.35,944.0,22.0,551.0,22.741652,75.858475
MP-IND,2023-07-30,25.4,28.9,23.4,82,93,6.3,6.3,22.8,263,20.91,4.46,943.5,22.0,551.0,22.741652,75.858475
MP-IND,2023-07-31,25.9,29.6,23.2,83,96,2.5,2.5,23.1,264,21.09,4.49,943.0,22.7,551.0,22.741652,75.858475
MP-IND,2023-08-01,25.9,29.3,23.4,82,94,3.0,3.0,25.6,270,22.22,4.69,942.7,22.5,551.0,22.741652,75.858475
MP-IND,2023-08-02,25.6,28.7,23.3,83,95,3.5,3.5,29.9,267,18.6,4.13,942.9,22.3,551.0,22.741652,75.858475
MP-IND,2023-08-03,24.1,25.7,23.1,89,96,5.8,5.8,26.7,269,6.56,1.85,942.5,22.0,551.0,22.741652,75.858475
MP-IND,2023-08-04,24.2,25.8,23.2,91,96,9.1,9.1,21.5,266,10.11,2.12,944.0,22.6,551.0,22.741652,75.858475
MP-IND,2023-08-05,25.6,28.7,23.3,84,97,1.2,1.2,23.1,261,17.88,3.8,945.9,22.6,551.0,22.741652,75.858475
MP-IND,2023-08-06,25.5,28.5,23.5,83,95,3.3,3.3,28.5,254,17.47,3.89,944.8,22.2,551.0,22.741652,75.858475
MP-IND,2023-08-07,25.1,28.4,23.0,80,91,1.6,1.6,28.0,256,18.29,4.17,943.3,21.4,551.0,22.741652,75.858475
MP-IND,2023-08-08,25.3,28.8,22.9,80,92,1.1,1.1,25.2,258,19.76,4.4,944.3,21.4,551.0,22.741652,75.858475
MP-IND,2023-08-09,25.5,28.9,23.2,79,90,0.3,0.3,22.0,260,19.69,4.45,946.7,21.4,551.0,22.741652,75.858475
MP-IND,2023-08-10,25.4,29.7,22.6,80,95,1.0,1.0,20.0,262,22.53,4.75,947.5,21.6,551.0,22.741652,75.858475
MP-IND,2023-08-11,25.4,29.1,22.6,81,95,0.6,0.6,19.2,268,21.29,4.47,947.3,21.7,551.0,22.741652,75.858475
MP-IND,2023-08-12,24.9,28.3,22.1,82,96,0.4,0.4,17.9,257,18.96,4.02,946.4,21.5,551.0,22.741652,75.858475
MP-IND,2023-08-13,25.1,28.8,22.9,80,96,3.8,3.8,24.0,253,18.03,4.08,944.7,21.2,551.0,22.741652,75.858475
MP-IND,2023-08-14,25.0,28.3,23.0,80,91,1.1,1.1,19.2,247,17.56,3.94,945.7,21.2,551.0,22.741652,75.858475
MP-IND,2023-08-15,25.4,29.2,22.8,82,96,2.5,2.5,15.5,257,19.17,4.06,946.5,21.9,551.0,22.741652,75.858475
MP-IND,2023-08-16,25.4,28.6,22.3,81,94,1.7,1.7,17.0,272,18.37,4.01,947.0,21.8,551.0,22.741652,75.858475
MP-IND,2023-08-17,25.3,28.5,22.1,83,96,1.4,1.4,19.2,278,20.11,4.24,946.6,22.0,551.0,22.741652,75.858475
MP-IND,2023-08-18,24.8,29.2,22.6,86,96,5.7,5.7,20.3,292,14.04,3.07,945.4,22.2,551.0,22.741652,75.858475
MP-IND,2023-08-19,24.4,28.1,22.3,88,94,23.3,23.3,19.7,298,12.78,2.79,943.9,22.2,551.0,22.741652,75.858475
MP-IND,2023-08-20,24.5,28.5,22.4,89,97,36.0,36.0,23.5,293,13.42,2.84,943.5,22.5,551.0,22.741652,75.858475
MP-IND,2023-08-21,24.2,27.3,22.5,87,97,7.6,7.6,21.3,266,11.46,2.54,944.6,21.9,551.0,22.741652,75.858475
MP-IND,2023-08-22,25.0,29.0,21.7,87,97,6.3,6.3,18.1,271,16.75,3.47,944.7,22.7,551.0,22.741652,75.858475
MP-IND,2023-08-23,25.3,28.5,22.6,82,94,0.8,0.8,22.5,260,18.2,4.0,944.4,21.9,551.0,22.741652,75.858475
MP-IND,2023-08-24,24.7,27.7,22.6,82,90,0.2,0.2,23.9,251,12.82,3.11,943.6,21.4,551.0,22.741652,75.858475
MP-IND,2023-08-25,25.2,29.0,22.3,80,92,1.2,1.2,22.9,253,20.14,4.35,943.9,21.3,551.0,22.741652,75.858475
MP-IND,2023-08-26,25.2,29.2,21.8,79,95,0.7,0.7,19.5,259,21.5,4.6,945.3,21.1,551.0,22.741652,75.858475
MP-IND,2023-08-27,25.0,28.8,21.9,78,95,1.5,1.5,20.6,265,23.36,4.93,946.0,20.8,551.0,22.741652,75.858475
MP-IND,2023-08-28,24.6,28.9,21.1,77,95,0.5,0.5,22.3,265,21.83,4.69,945.7,20.0,551.0,22.741652,75.858475
MP-IND,2023-08-29,24.8,29.1,21.2,77,93,0.2,0.2,21.0,282,22.17,4.74,946.6,20.2,551.0,22.741652,75.858475
MP-IND,2023-08-30,24.9,29.8,20.2,78,94,0.0,0.0,15.7,292,23.7,4.89,947.8,20.5,551.0,22.741652,75.858475
MP-IND,2023-08-31,25.8,30.0,21.5,77,95,0.1,0.1,11.2,304,23.32,4.91,948.1,21.0,551.0,22.741652,75.858475
MP-IND,2023-09-01,26.6,30.9,22.2,74,92,0.0,0.0,12.5,306,23.7,5.15,947.9,21.2,551.0,22.741652,75.858475
MP-IND,2023-09-02,27.1,31.1,23.1,71,87,0.0,0.0,13.5,303,23.68,5.38,947.2,21.2,551.0,22.741652,75.858475
MP-IND,2023-09-03,26.9,31.1,23.5,71,81,0.2,0.2,14.5,302,23.56,5.39,946.1,21.1,551.0,22.741652,75.858475
MP-IND,2023-09-04,26.7,30.9,23.5,73,84,0.3,0.3,17.1,308,22.81,5.27,944.8,21.3,551.0,22.741652,75.858475
MP-IND,2023-09-05,27.1,31.2,23.6,66,78,0.0,0.0,21.4,311,23.64,6.02,943.8,19.9,551.0,22.741652,75.858475
MP-IND,2023-09-06,25.3,28.0,23.1,82,96,6.2,6.2,21.7,342,15.79,3.49,942.8,22.0,551.0,22.741652,75.858475
MP-IND,2023-09-07,24.2,27.7,22.6,92,97,19.8,19.8,19.7,359,11.72,2.29,942.5,22.9,551.0,22.741652,75.858475
MP-IND,2023-09-08,24.5,28.3,22.6,92,98,37.2,37.2,14.3,338,11.02,2.3,942.5,23.1,551.0,22.741652,75.858475
MP-IND,2023-09-09,24.6,27.8,23.2,92,98,17.1,17.1,24.4,299,11.63,2.37,942.4,23.1,551.0,22.741652,75.858475
MP-IND,2023-09-10,25.6,29.1,23.4,84,97,0.4,0.4,25.0,284,13.39,3.24,942.4,22.6,551.0,22.741652,75.858475
MP-IND,2023-09-11,25.9,29.3,23.4,78,92,0.1,0.1,26.8,275,18.29,4.36,943.5,21.7,551.0,22.741652,75.858475
MP-IND,2023-09-12,25.6,29.2,23.3,78,94,0.0,0.0,25.8,277,20.69,4.64,944.5,21.5,551.0,22.741652,75.858475
MP-IND,2023-09-13,24.5,27.4,22.7,84,92,5.3,5.3,22.4,280,12.33,2.86,944.5,21.5,551.0,22.741652,75.858475
MP-IND,2023-09-14,24.4,27.1,22.9,88,96,8.5,8.5,18.8,292,12.29,2.58,944.7,22.3,551.0,22.741652,75.858475
MP-IND,2023-09-15,24.5,28.5,22.5,91,98,41.9,41.9,25.4,307,11.48,2.42,943.6,22.8,551.0,22.741652,75.858475
MP-IND,2023-09-16,23.1,23.9,22.6,95,97,158.2,158.2,37.8,285,2.52,0.76,938.4,22.4,551.0,22.741652,75.858475
MP-IND,2023-09-17,22.7,24.6,21.9,91,95,68.2,68.2,40.2,224,10.89,2.13,940.8,21.1,551.0,22.741652,75.858475
MP-IND,2023-09-18,24.5,28.7,22.1,86,96,4.3,4.3,22.0,207,16.89,3.52,943.2,21.8,551.0,22.741652,75.858475
MP-IND,2023-09-19,25.2,28.9,22.2,85,96,1.0,1.0,16.5,210,18.89,3.87,945.7,22.3,551.0,22.741652,75.858475
MP-IND,2023-09-20,25.8,29.2,22.4,83,96,0.5,0.5,9.8,230,19.87,4.11,946.6,22.5,551.0,22.741652,75.858475
MP-IND,2023-09-21,25.6,29.9,22.7,86,98,1.1,1.1,10.4,292,17.27,3.56,946.7,23.0,551.0,22.741652,75.858475
MP-IND,2023-09-22,25.3,28.8,23.4,88,99,5.5,5.5,16.0,304,13.93,2.93,947.0,23.0,551.0,22.741652,75.858475
MP-IND,2023-09-23,25.1,27.7,23.2,90,97,2.9,2.9,14.3,291,10.43,2.23,947.2,23.2,551.0,22.741652,75.858475
MP-IND,2023-09-24,25.9,30.2,23.1,85,98,5.2,5.2,14.9,301,20.01,4.15,947.2,23.0,551.0,22.741652,75.858475
MP-IND,2023-09-25,24.7,29.5,22.5,89,98,8.9,8.9,11.6,293,16.56,3.33,946.9,22.7,551.0,22.741652,75.858475
MP-IND,2023-09-26,25.4,30.0,21.8,87,98,5.4,5.4,15.6,330,19.91,3.97,947.1,23.0,551.0,22.741652,75.858475
MP-IND,2023-09-27,26.1,30.4,22.4,83,97,5.7,5.7,11.2,357,20.25,4.22,946.9,22.7,551.0,22.741652,75.858475
MP-IND,2023-09-28,26.3,30.9,21.9,80,95,0.7,0.7,12.5,33,21.11,4.5,946.6,22.1,551.0,22.741652,75.858475
MP-IND,2023-09-29,26.8,31.6,23.1,69,96,0.0,0.0,14.4,10,21.89,5.19,946.4,19.9,551.0,22.741652,75.858475
MP-IND,2023-09-30,26.3,32.3,21.3,55,73,0.0,0.0,17.6,22,22.68,5.9,946.2,16.0,551.0,22.741652,75.858475
MP-IND,2023-10-01,25.8,31.9,21.0,56,75,0.0,0.0,15.2,15,22.46,5.57,945.5,16.1,551.0,22.741652,75.858475
MP-IND,2023-10-02,25.8,32.2,19.8,54,79,0.0,0.0,18.2,359,22.57,5.89,946.5,15.0,551.0,22.741652,75.858475
MP-IND,2023-10-03,25.2,31.8,19.4,55,75,0.0,0.0,14.9,317,21.84,5.53,948.2,15.1,551.0,22.741652,75.858475
MP-IND,2023-10-04,24.9,31.2,18.5,57,75,0.0,0.0,16.6,294,22.73,5.62,949.0,15.3,551.0,22.741652,75.858475
MP-IND,2023-10-05,25.5,31.7,20.0,55,79,0.0,0.0,17.1,297,22.8,5.97,948.8,15.2,551.0,22.741652,75.858475
MP-IND,2023-10-06,25.5,31.6,19.9,54,69,0.0,0.0,15.0,294,22.48,5.79,948.3,15.2,551.0,22.741652,75.858475
MP-IND,2023-10-07,25.5,32.1,19.7,62,92,0.0,0.0,13.1,293,22.4,5.32,949.1,17.1,551.0,22.741652,75.858475
MP-IND,2023-10-08,26.0,32.3,20.0,60,91,0.0,0.0,11.2,282,22.17,5.36,950.4,16.7,551.0,22.741652,75.858475
MP-IND,2023-10-09,26.4,33.0,20.8,58,89,0.0,0.0,12.3,280,22.05,5.43,951.4,16.8,551.0,22.741652,75.858475
MP-IND,2023-10-10,26.4,32.8,20.3,56,93,0.0,0.0,10.8,278,21.9,5.35,951.5,15.9,551.0,22.741652,75.858475
MP-IND,2023-10-11,26.2,32.6,20.7,54,81,0.0,0.0,11.9,283,21.86,5.3,951.6,15.2,551.0,22.741652,75.858475
MP-IND,2023-10-12,26.1,32.8,19.5,52,76,0.0,0.0,11.3,275,20.76,5.15,952.2,14.8,551.0,22.741652,75.858475
MP-IND,2023-10-13,26.7,32.8,20.7,48,74,0.0,0.0,10.0,260,19.76,4.82,952.7,13.7,551.0,22.741652,75.858475
MP-IND,2023-10-14,27.2,31.8,22.6,47,64,0.0,0.0,10.7,240,13.82,3.86,952.4,14.3,551.0,22.741652,75.858475
MP-IND,2023-10-15,26.2,32.7,20.3,49,68,0.0,0.0,15.4,277,18.82,5.08,950.6,13.9,551.0,22.741652,75.858475
MP-IND,2023-10-16,25.7,31.0,21.1,58,78,0.0,0.0,11.6,284,18.02,4.4,951.0,16.6,551.0,22.741652,75.858475
MP-IND,2023-10-17,25.2,30.7,20.3,53,75,0.0,0.0,9.7,320,18.68,4.56,952.5,14.5,551.0,22.741652,75.858475
MP-IND,2023-10-18,25.5,31.1,19.6,51,77,0.0,0.0,12.8,325,18.68,4.83,953.1,13.8,551.0,22.741652,75.858475
MP-IND,2023-10-19,26.0,31.7,20.7,52,74,0.0,0.0,10.8,63,19.16,4.69,953.2,14.5,551.0,22.741652,75.858475
MP-IND,2023-10-20,25.9,31.2,20.0,53,78,0.0,0.0,9.4,105,18.04,4.54,953.4,14.8,551.0,22.741652,75.858475
MP-IND,2023-10-21,25.9,31.5,20.5,45,58,0.0,0.0,10.5,138,17.99,4.66,953.8,12.7,551.0,22.741652,75.858475
MP-IND,2023-10-22,26.2,32.3,20.3,37,54,0.0,0.0,11.0,48,19.11,5.23,953.8,9.8,551.0,22.741652,75.858475
MP-IND,2023-10-23,25.7,31.6,19.8,40,60,0.0,0.0,14.6,41,19.54,5.57,952.8,10.5,551.0,22.741652,75.858475
MP-IND,2023-10-24,24.8,30.5,19.4,39,57,0.0,0.0,12.6,66,17.83,4.89,952.5,9.5,551.0,22.741652,75.858475
MP-IND,2023-10-25,24.3,30.8,17.6,37,65,0.0,0.0,13.6,43,20.16,5.49,953.7,7.4,551.0,22.741652,75.858475
MP-IND,2023-10-26,24.2,30.9,18.1,36,56,0.0,0.0,12.3,46,20.13,5.25,953.6,7.6,551.0,22.741652,75.858475
MP-IND,2023-10-27,25.4,31.2,19.1,32,46,0.0,0.0,14.8,34,20.11,5.42,952.6,7.0,551.0,22.741652,75.858475
MP-IND,2023-10-28,24.5,31.2,17.1,37,54,0.0,0.0,10.5,82,20.06,5.04,952.4,8.3,551.0,22.741652,75.858475
MP-IND,2023-10-29,24.9,31.8,18.1,39,58,0.0,0.0,14.0,78,19.86,5.38,952.2,8.9,551.0,22.741652,75.858475
MP-IND,2023-10-30,24.5,31.3,17.8,43,68,0.0,0.0,14.6,107,19.25,5.41,952.3,10.5,551.0,22.741652,75.858475
MP-IND,2023-10-31,25.1,31.3,18.2,47,75,0.0,0.0,15.1,106,19.07,5.3,953.0,12.1,551.0,22.741652,75.858475
MP-IND,2023-11-01,24.6,31.3,18.2,47,76,0.0,0.0,15.3,74,19.2,5.13,953.4,11.6,551.0,22.741652,75.858475
MP-IND,2023-11-02,24.2,31.0,17.9,42,66,0.0,0.0,11.9,31,19.21,5.09,952.7,9.5,551.0,22.741652,75.858475
MP-IND,2023-11-03,24.3,31.3,18.0,41,70,0.0,0.0,13.0,67,19.27,5.1,951.1,8.9,551.0,22.741652,75.858475
MP-IND,2023-11-04,24.6,31.8,17.9,37,58,0.0,0.0,12.0,95,18.68,5.17,951.0,8.0,551.0,22.741652,75.858475
MP-IND,2023-11-05,24.5,31.5,17.5,39,63,0.0,0.0,12.2,111,17.53,4.81,952.5,9.0,551.0,22.741652,75.858475
MP-IND,2023-11-06,24.5,31.3,17.6,37,60,0.0,0.0,19.0,130,17.45,5.36,953.5,8.0,551.0,22.741652,75.858475
MP-IND,2023-11-07,24.4,31.1,18.1,38,53,0.0,0.0,12.2,125,18.58,4.91,953.4,8.6,551.0,22.741652,75.858475
MP-IND,2023-11-08,24.7,31.1,19.2,38,57,0.0,0.0,11.3,152,18.48,4.99,952.7,8.9,551.0,22.741652,75.858475
MP-IND,2023-11-09,24.5,31.3,17.7,41,64,0.0,0.0,12.1,124,17.39,4.75,952.8,9.5,551.0,22.741652,75.858475
MP-IND,2023-11-10,25.4,32.1,20.1,41,54,0.0,0.0,11.2,184,16.53,4.71,953.8,10.6,551.0,22.741652,75.858475
MP-IND,2023-11-11,24.4,31.2,18.4,41,64,0.0,0.0,12.9,343,18.24,5.1,955.1,9.5,551.0,22.741652,75.858475
MP-IND,2023-11-12,22.6,30.3,16.8,40,66,0.0,0.0,11.2,35,18.71,4.67,955.4,7.2,551.0,22.741652,75.858475
MP-IND,2023-11-13,21.8,28.5,15.8,50,76,0.0,0.0,10.4,72,15.54,3.79,954.5,10.0,551.0,22.741652,75.858475
MP-IND,2023-11-14,22.2,28.9,16.0,48,79,0.0,0.0,9.7,66,17.91,4.2,953.8,9.5,551.0,22.741652,75.858475
MP-IND,2023-11-15,21.7,28.5,15.7,50,77,0.0,0.0,11.3,57,18.02,4.29,953.7,10.0,551.0,22.741652,75.858475
MP-IND,2023-11-16,22.1,28.6,16.3,53,77,0.0,0.0,12.4,61,17.76,4.3,954.0,11.3,551.0,22.741652,75.858475
MP-IND,2023-11-17,21.8,28.3,16.3,56,81,0.0,0.0,11.9,59,17.63,4.1,954.0,11.9,551.0,22.741652,75.858475
MP-IND,2023-11-18,22.2,28.9,16.0,58,80,0.0,0.0,13.2,113,16.96,3.89,952.9,12.7,551.0,22.741652,75.858475
MP-IND,2023-11-19,23.1,30.0,16.7,57,83,0.0,0.0,11.5,110,16.08,3.82,953.2,13.4,551.0,22.741652,75.858475
MP-IND,2023-11-20,23.5,30.4,17.8,51,76,0.0,0.0,10.1,61,17.01,4.23,953.6,11.8,551.0,22.741652,75.858475
MP-IND,2023-11-21,22.7,29.1,17.0,53,81,0.0,0.0,12.1,37,17.3,4.3,953.5,11.7,551.0,22.741652,75.858475
MP-IND,2023-11-22,22.0,28.3,16.5,53,84,0.0,0.0,9.4,42,17.35,3.82,952.5,11.2,551.0,22.741652,75.858475
MP-IND,2023-11-23,22.2,28.8,15.7,51,72,0.0,0.0,10.0,66,15.93,3.68,951.0,10.9,551.0,22.741652,75.858475
MP-IND,2023-11-24,22.2,29.1,16.9,49,65,0.0,0.0,15.5,61,14.93,4.04,951.9,10.5,551.0,22.741652,75.858475
MP-IND,2023-11-25,22.5,28.9,17.1,50,67,0.0,0.0,16.1,88,15.93,4.2,953.3,11.1,551.0,22.741652,75.858475
MP-IND,2023-11-26,22.3,27.8,18.4,54,88,5.4,5.4,17.8,111,11.12,3.81,953.0,12.1,551.0,22.741652,75.858475
MP-IND,2023-11-27,18.7,22.4,16.3,85,94,27.6,27.6,25.6,125,10.89,2.13,951.4,16.1,551.0,22.741652,75.858475
MP-IND,2023-11-28,19.2,23.8,15.5,85,99,0.5,0.5,12.5,133,13.87,2.59,950.5,16.4,551.0,22.741652,75.858475
MP-IND,2023-11-29,19.4,24.7,15.1,85,100,0.7,0.7,11.8,106,12.37,2.41,951.2,16.4,551.0,22.741652,75.858475
MP-IND,2023-11-30,20.2,25.4,16.3,86,98,4.9,4.9,12.9,130,13.29,2.49,951.9,17.6,551.0,22.741652,75.858475
MP-IND,2023-12-01,20.3,24.8,17.1,88,99,0.3,0.3,12.6,92,14.19,2.64,952.0,18.0,551.0,22.741652,75.858475
MP-IND,2023-12-02,20.8,26.0,17.6,84,99,1.8,1.8,13.9,64,13.54,2.71,952.3,17.9,551.0,22.741652,75.858475
MP-IND,2023-12-03,21.7,27.5,17.9,80,96,0.0,0.0,18.4,93,14.62,3.06,952.3,17.7,551.0,22.741652,75.858475
MP-IND,2023-12-04,20.6,26.3,17.2,85,99,5.3,5.3,16.0,18,13.84,2.74,951.5,17.8,551.0,22.741652,75.858475
MP-IND,2023-12-05,19.8,24.6,16.7,83,97,0.2,0.2,16.9,37,13.45,2.71,951.1,16.6,551.0,22.741652,75.858475
MP-IND,2023-12-06,19.3,23.1,15.9,81,97,0.0,0.0,19.7,49,9.86,2.18,951.5,15.8,551.0,22.741652,75.858475
MP-IND,2023-12-07,20.4,24.4,17.0,77,92,0.3,0.3,14.8,32,13.95,2.92,951.6,16.0,551.0,22.741652,75.858475
MP-IND,2023-12-08,19.2,24.7,14.9,79,97,0.0,0.0,10.1,60,14.93,2.79,952.1,15.1,551.0,22.741652,75.858475
MP-IND,2023-12-09,19.5,24.9,14.7,73,97,0.0,0.0,10.2,58,14.85,2.94,953.3,14.0,551.0,22.741652,75.858475
MP-IND,2023-12-10,18.8,24.8,13.7,72,92,0.0,0.0,8.7,70,15.73,2.99,952.1,13.2,551.0,22.741652,75.858475
MP-IND,2023-12-11,19.1,25.2,13.6,71,92,0.0,0.0,9.0,144,15.72,3.06,951.8,13.3,551.0,22.741652,75.858475
MP-IND,2023-12-12,19.2,25.5,13.9,70,92,0.0,0.0,11.7,57,15.52,3.16,950.8,13.2,551.0,22.741652,75.858475
MP-IND,2023-12-13,18.8,25.1,13.7,59,72,0.0,0.0,11.1,52,15.67,3.52,952.5,10.3,551.0,22.741652,75.858475
MP-IND,2023-12-14,18.3,25.2,12.7,66,88,0.0,0.0,9.0,106,15.56,3.15,953.6,11.4,551.0,22.741652,75.858475
MP-IND,2023-12-15,19.8,25.3,14.3,63,82,0.0,0.0,12.3,136,14.88,3.24,954.3,12.0,551.0,22.741652,75.858475
MP-IND,2023-12-16,19.9,25.1,14.4,63,86,0.0,0.0,11.1,159,13.98,3.0,953.6,11.9,551.0,22.741652,75.858475
MP-IND,2023-12-17,18.6,24.3,13.9,64,89,0.0,0.0,10.2,45,14.05,3.08,953.8,11.1,551.0,22.741652,75.858475
MP-IND,2023-12-18,16.9,22.8,12.0,54,75,0.0,0.0,15.5,62,15.34,3.53,955.5,7.0,551.0,22.741652,75.858475
MP-IND,2023-12-19,16.2,22.0,12.2,60,76,0.0,0.0,15.9,63,15.41,3.3,956.2,7.8,551.0,22.741652,75.858475
MP-IND,2023-12-20,16.1,23.4,10.3,56,76,0.0,0.0,15.1,76,15.45,3.35,955.4,6.5,551.0,22.741652,75.858475
MP-IND,2023-12-21,18.0,24.9,12.3,51,72,0.0,0.0,11.7,71,13.23,3.21,954.1,7.0,551.0,22.741652,75.858475
MP-IND,2023-12-22,18.0,22.6,13.3,57,79,0.0,0.0,12.4,74,6.91,2.1,953.6,9.0,551.0,22.741652,75.858475
MP-IND,2023-12-23,18.6,27.3,12.0,56,79,0.0,0.0,10.4,84,15.83,3.54,954.1,8.6,551.0,22.741652,75.858475
MP-IND,2023-12-24,19.2,27.5,12.7,64,86,0.0,0.0,9.7,75,15.82,3.34,955.8,11.3,551.0,22.741652,75.858475
MP-IND,2023-12-25,19.2,27.5,12.9,68,92,0.0,0.0,9.0,94,15.84,3.19,955.2,12.2,551.0,22.741652,75.858475
MP-IND,2023-12-26,19.9,27.9,12.7,62,91,0.0,0.0,10.4,121,15.91,3.51,954.7,11.3,551.0,22.741652,75.858475
MP-IND,2023-12-27,20.2,27.6,13.9,59,81,0.0,0.0,10.8,116,15.89,3.53,955.3,11.2,551.0,22.741652,75.858475
MP-IND,2023-12-28,19.7,26.9,13.8,64,87,0.0,0.0,9.6,90,15.38,3.4,954.1,11.9,551.0,22.741652,75.858475
MP-IND,2023-12-29,20.1,27.0,13.9,65,81,0.0,0.0,11.0,117,15.29,3.38,953.8,12.9,551.0,22.741652,75.858475
MP-IND,2023-12-30,21.1,28.3,15.7,68,86,0.0,0.0,11.8,161,15.62,3.42,953.0,14.4,551.0,22.741652,75.858475
MP-IND,2023-12-31,21.6,27.5,16.9,69,88,0.0,0.0,13.2,163,14.9,3.28,952.5,15.2,551.0,22.741652,75.858475
