site_id,date,temperature_2m_mean,temperature_2m_max,temperature_2m_min,relative_humidity_2m_mean,relative_humidity_2m_max,precipitation_sum,rain_sum,wind_speed_10m_max,wind_direction_10m_dominant,shortwave_radiation_sum,et0_fao_evapotranspiration,surface_pressure_mean,dew_point_2m_mean,elevation_m,lat,lon
MP-UJN,2020-12-01,21.1,28.4,14.2,59,89,0.0,0.0,9.7,59,16.15,3.64,960.3,12.2,493.0,23.163443,75.76963
MP-UJN,2020-12-02,20.2,28.5,13.9,55,79,0.0,0.0,9.8,60,16.33,3.77,959.1,9.9,493.0,23.163443,75.76963
MP-UJN,2020-12-03,20.4,28.3,13.7,55,86,0.0,0.0,8.9,125,16.3,3.5,958.3,9.9,493.0,23.163443,75.76963
MP-UJN,2020-12-04,20.1,28.8,11.9,54,87,0.0,0.0,10.4,172,16.34,3.43,956.9,9.0,493.0,23.163443,75.76963
MP-UJN,2020-12-05,20.6,29.2,13.5,53,79,0.0,0.0,10.0,185,16.13,3.57,957.3,9.5,493.0,23.163443,75.76963
MP-UJN,2020-12-06,20.7,28.9,13.6,52,81,0.0,0.0,9.7,222,16.09,3.34,959.0,9.4,493.0,23.163443,75.76963
MP-UJN,2020-12-07,21.5,29.2,14.0,53,85,0.0,0.0,9.8,204,15.86,3.2,960.5,10.3,493.0,23.163443,75.76963
MP-UJN,2020-12-08,21.2,29.2,14.1,57,84,0.0,0.0,10.3,143,15.83,3.52,960.3,11.3,493.0,23.163443,75.76963
MP-UJN,2020-12-09,21.6,28.8,14.0,56,89,0.0,0.0,8.9,155,15.75,3.37,958.9,11.3,493.0,23.163443,75.76963
MP-UJN,2020-12-10,22.2,28.9,15.4,54,79,0.0,0.0,10.8,148,14.84,3.48,958.0,12.0,493.0,23.163443,75.76963
MP-UJN,2020-12-11,19.3,21.2,17.8,78,94,8.4,8.4,12.3,94,3.95,1.19,958.7,15.2,493.0,23.163443,75.76963
MP-UJN,2020-12-12,19.2,21.8,17.5,87,94,2.0,2.0,11.4,142,5.43,1.17,958.6,16.8,493.0,23.163443,75.76963
MP-UJN,2020-12-13,19.5,23.2,16.4,85,99,4.4,4.4,8.0,182,10.94,2.04,957.3,16.7,493.0,23.163443,75.76963
MP-UJN,2020-12-14,19.3,23.4,17.0,89,98,4.3,4.3,10.8,116,9.29,1.72,957.3,17.4,493.0,23.163443,75.76963
MP-UJN,2020-12-15,19.1,22.3,17.1,92,99,7.0,7.0,11.1,80,7.47,1.42,959.1,17.7,493.0,23.163443,75.76963
MP-UJN,2020-12-16,18.2,22.1,14.9,85,98,0.1,0.1,12.7,42,8.6,1.74,961.1,15.5,493.0,23.163443,75.76963
MP-UJN,2020-12-17,16.3,21.9,12.3,75,98,0.0,0.0,12.3,49,15.45,2.83,961.6,11.7,493.0,23.163443,75.76963
MP-UJN,2020-12-18,15.2,22.0,10.1,69,83,0.0,0.0,10.3,56,15.8,2.94,961.0,9.4,493.0,23.163443,75.76963
MP-UJN,2020-12-19,14.7,22.2,8.7,60,79,0.0,0.0,9.4,76,16.39,3.15,961.3,6.3,493.0,23.163443,75.76963
MP-UJN,2020-12-20,15.0,23.5,8.5,61,86,0.0,0.0,9.8,84,15.97,3.21,961.7,6.6,493.0,23.163443,75.76963
MP-UJN,2020-12-21,15.5,24.0,8.0,62,90,0.0,0.0,9.0,106,16.17,3.19,960.0,7.1,493.0,23.163443,75.76963
MP-UJN,2020-12-22,16.2,24.9,8.9,62,88,0.0,0.0,8.8,117,16.13,3.19,958.2,7.5,493.0,23.163443,75.76963
MP-UJN,2020-12-23,16.8,25.3,10.4,60,81,0.0,0.0,10.0,130,15.87,3.21,956.8,8.1,493.0,23.163443,75.76963
MP-UJN,2020-12-24,17.5,25.3,11.2,57,80,0.0,0.0,11.9,108,15.79,3.32,956.7,8.2,493.0,23.163443,75.76963
MP-UJN,2020-12-25,17.7,25.2,12.0,58,79,0.0,0.0,14.0,98,15.87,3.57,958.4,8.7,493.0,23.163443,75.76963
MP-UJN,2020-12-26,18.2,26.1,11.7,59,78,0.0,0.0,10.6,124,15.68,3.4,958.3,9.5,493.0,23.163443,75.76963
MP-UJN,2020-12-27,19.3,27.0,13.5,59,79,0.0,0.0,17.4,242,15.1,3.81,956.9,10.6,493.0,23.163443,75.76963
MP-UJN,2020-12-28,15.1,21.4,10.5,47,83,0.0,0.0,12.5,20,16.45,3.6,958.1,2.9,493.0,23.163443,75.76963
MP-UJN,2020-12-29,13.8,20.9,7.4,47,62,0.0,0.0,13.1,49,16.1,3.56,958.5,2.5,493.0,23.163443,75.76963
MP-UJN,2020-12-30,14.8,21.3,9.5,61,77,0.0,0.0,14.9,55,13.75,3.02,959.2,7.2,493.0,23.163443,75.76963
MP-UJN,2020-12-31,16.8,25.2,10.1,69,87,0.0,0.0,12.1,92,15.24,3.14,959.1,10.7,493.0,23.163443,75.76963
MP-UJN,2021-01-01,19.6,26.5,13.6,67,91,0.0,0.0,17.9,135,15.29,3.66,958.2,12.7,493.0,23.163443,75.76963
MP-UJN,2021-01-02,21.8,27.5,17.6,65,83,0.4,0.4,19.9,176,13.7,3.66,957.8,14.7,493.0,23.163443,75.76963
MP-UJN,2021-01-03,21.2,27.5,16.4,77,100,0.4,0.4,16.6,170,13.99,3.11,956.4,16.4,493.0,23.163443,75.76963
MP-UJN,2021-01-04,19.8,23.9,16.7,78,99,2.2,2.2,19.8,124,9.38,2.28,956.9,15.7,493.0,23.163443,75.76963
MP-UJN,2021-01-05,20.3,25.6,16.2,73,91,0.0,0.0,19.0,158,13.63,3.14,957.7,15.0,493.0,23.163443,75.76963
MP-UJN,2021-01-06,20.2,25.3,15.0,78,98,0.3,0.3,10.4,343,12.4,2.55,957.7,16.0,493.0,23.163443,75.76963
MP-UJN,2021-01-07,20.4,26.6,15.8,81,98,0.7,0.7,11.0,66,12.58,2.51,956.6,16.8,493.0,23.163443,75.76963
MP-UJN,2021-01-08,21.6,27.7,16.9,79,96,1.9,1.9,15.6,125,12.97,2.87,955.5,17.4,493.0,23.163443,75.76963
MP-UJN,2021-01-09,20.3,23.8,18.3,90,98,7.6,7.6,8.8,103,7.37,1.47,956.8,18.5,493.0,23.163443,75.76963
MP-UJN,2021-01-10,20.5,25.7,17.3,87,100,1.1,1.1,10.4,62,13.53,2.52,957.8,18.2,493.0,23.163443,75.76963
MP-UJN,2021-01-11,20.0,25.8,16.1,86,100,0.0,0.0,11.8,57,13.2,2.49,958.8,17.4,493.0,23.163443,75.76963
MP-UJN,2021-01-12,17.9,23.7,13.5,80,98,0.0,0.0,10.8,45,16.2,2.92,959.4,14.1,493.0,23.163443,75.76963
MP-UJN,2021-01-13,15.1,22.3,9.1,59,80,0.0,0.0,10.0,65,17.32,3.35,958.4,6.6,493.0,23.163443,75.76963
MP-UJN,2021-01-14,15.6,23.7,8.9,58,85,0.0,0.0,11.9,92,17.5,3.55,957.4,6.4,493.0,23.163443,75.76963
MP-UJN,2021-01-15,18.4,27.0,10.0,56,73,0.0,0.0,11.1,110,16.28,3.66,955.9,9.2,493.0,23.163443,75.76963
MP-UJN,2021-01-16,20.9,27.7,15.0,62,82,0.0,0.0,10.7,133,15.07,3.57,955.1,12.9,493.0,23.163443,75.76963
MP-UJN,2021-01-17,22.3,29.4,16.3,62,83,0.0,0.0,15.6,149,14.42,3.85,955.6,14.2,493.0,23.163443,75.76963
MP-UJN,2021-01-18,23.2,28.4,18.2,64,85,0.0,0.0,16.0,210,12.87,3.42,956.9,15.8,493.0,23.163443,75.76963
MP-UJN,2021-01-19,20.4,27.9,14.9,67,97,0.0,0.0,12.8,335,16.89,3.68,956.7,13.1,493.0,23.163443,75.76963
MP-UJN,2021-01-20,18.8,25.8,13.0,63,93,0.0,0.0,9.9,53,17.23,3.57,957.6,10.7,493.0,23.163443,75.76963
MP-UJN,2021-01-21,18.0,26.6,10.6,54,89,0.0,0.0,9.5,94,17.94,3.75,957.4,7.2,493.0,23.163443,75.76963
MP-UJN,2021-01-22,18.4,27.6,10.7,53,76,0.0,0.0,9.4,150,17.94,3.93,956.8,7.4,493.0,23.163443,75.76963
MP-UJN,2021-01-23,19.2,27.9,11.7,61,90,0.0,0.0,15.1,258,17.74,4.11,956.2,10.4,493.0,23.163443,75.76963
MP-UJN,2021-01-24,18.2,24.8,12.4,62,94,0.0,0.0,14.1,354,17.82,3.67,957.7,9.7,493.0,23.163443,75.76963
MP-UJN,2021-01-25,16.5,23.4,10.5,59,88,0.0,0.0,12.7,41,18.04,3.72,959.3,7.9,493.0,23.163443,75.76963
MP-UJN,2021-01-26,15.5,23.0,8.9,57,81,0.0,0.0,13.0,40,18.23,3.76,959.0,6.6,493.0,23.163443,75.76963
MP-UJN,2021-01-27,14.4,22.1,7.1,53,84,0.0,0.0,13.6,54,18.86,3.79,958.8,4.1,493.0,23.163443,75.76963
MP-UJN,2021-01-28,15.2,23.6,7.8,56,82,0.0,0.0,14.3,38,18.43,3.85,958.9,5.9,493.0,23.163443,75.76963
MP-UJN,2021-01-29,14.3,22.1,7.4,55,90,0.0,0.0,12.9,49,19.15,3.79,960.3,4.1,493.0,23.163443,75.76963
MP-UJN,2021-01-30,14.5,23.0,6.9,49,83,0.0,0.0,11.5,76,19.39,3.96,959.6,2.5,493.0,23.163443,75.76963
MP-UJN,2021-01-31,15.8,24.6,8.0,44,68,0.0,0.0,10.5,90,19.18,3.97,959.5,2.6,493.0,23.163443,75.76963
MP-UJN,2021-02-01,17.5,26.2,9.7,44,68,0.0,0.0,9.7,103,18.95,4.05,961.3,4.3,493.0,23.163443,75.76963
MP-UJN,2021-02-02,18.9,28.1,11.2,48,69,0.0,0.0,11.6,159,19.01,4.23,960.7,6.5,493.0,23.163443,75.76963
MP-UJN,2021-02-03,19.7,28.0,11.9,53,89,0.0,0.0,11.4,207,15.62,3.85,959.2,8.3,493.0,23.163443,75.76963
MP-UJN,2021-02-04,20.2,27.0,14.3,51,76,0.0,0.0,13.9,247,14.96,3.68,958.7,9.0,493.0,23.163443,75.76963
MP-UJN,2021-02-05,19.1,24.5,15.0,47,64,0.0,0.0,16.9,15,16.82,4.41,959.2,7.0,493.0,23.163443,75.76963
MP-UJN,2021-02-06,17.2,23.4,11.4,49,83,0.0,0.0,15.9,46,19.9,4.52,960.5,5.3,493.0,23.163443,75.76963
MP-UJN,2021-02-07,16.4,24.1,9.9,49,76,0.0,0.0,14.5,69,20.09,4.22,961.1,4.7,493.0,23.163443,75.76963
MP-UJN,2021-02-08,16.9,25.8,9.4,54,79,0.0,0.0,9.7,85,20.07,4.13,960.7,6.4,493.0,23.163443,75.76963
MP-UJN,2021-02-09,18.6,27.7,9.9,53,84,0.0,0.0,9.7,140,19.43,3.96,958.7,7.4,493.0,23.163443,75.76963
MP-UJN,2021-02-10,19.3,28.5,11.3,55,86,0.0,0.0,9.9,260,19.56,4.36,956.8,8.6,493.0,23.163443,75.76963
MP-UJN,2021-02-11,20.7,28.8,13.3,43,71,0.0,0.0,12.5,74,19.49,4.71,956.7,6.5,493.0,23.163443,75.76963
MP-UJN,2021-02-12,20.8,29.3,12.6,43,62,0.0,0.0,12.0,83,20.08,4.68,957.2,6.8,493.0,23.163443,75.76963
MP-UJN,2021-02-13,22.3,30.4,13.7,44,70,0.0,0.0,10.4,200,19.78,4.85,957.6,8.4,493.0,23.163443,75.76963
MP-UJN,2021-02-14,22.7,30.0,16.4,45,69,0.0,0.0,11.1,291,19.16,4.64,957.7,9.2,493.0,23.163443,75.76963
MP-UJN,2021-02-15,22.5,29.2,16.2,42,67,0.0,0.0,14.4,267,17.36,4.48,956.7,8.3,493.0,23.163443,75.76963
MP-UJN,2021-02-16,21.6,28.6,15.7,49,77,0.0,0.0,15.2,262,16.86,4.22,956.1,9.5,493.0,23.163443,75.76963
MP-UJN,2021-02-17,21.0,28.4,13.9,46,78,0.0,0.0,9.4,27,20.47,4.39,956.9,7.4,493.0,23.163443,75.76963
MP-UJN,2021-02-18,21.3,27.3,15.5,50,81,0.1,0.1,11.3,107,16.76,4.02,959.2,9.7,493.0,23.163443,75.76963
MP-UJN,2021-02-19,20.8,27.5,14.4,47,92,0.0,0.0,13.1,74,19.92,4.98,961.1,7.4,493.0,23.163443,75.76963
MP-UJN,2021-02-20,20.3,27.8,13.6,37,62,0.0,0.0,15.3,75,21.48,5.47,961.4,3.9,493.0,23.163443,75.76963
MP-UJN,2021-02-21,20.5,28.4,13.1,41,59,0.0,0.0,10.5,83,21.26,5.01,960.9,5.9,493.0,23.163443,75.76963
MP-UJN,2021-02-22,21.8,30.4,12.9,39,68,0.0,0.0,10.1,91,21.45,4.95,960.0,5.8,493.0,23.163443,75.76963
MP-UJN,2021-02-23,23.0,31.4,13.2,37,73,0.0,0.0,9.8,281,21.61,4.88,958.2,6.1,493.0,23.163443,75.76963
MP-UJN,2021-02-24,23.3,31.9,15.1,36,68,0.0,0.0,10.0,271,21.75,5.4,956.8,6.1,493.0,23.163443,75.76963
MP-UJN,2021-02-25,24.6,32.8,17.0,38,62,0.0,0.0,18.4,275,21.46,6.24,956.6,8.2,493.0,23.163443,75.76963
MP-UJN,2021-02-26,24.6,32.6,17.1,40,68,0.0,0.0,18.2,276,21.92,6.19,955.4,8.5,493.0,23.163443,75.76963
MP-UJN,2021-02-27,25.7,33.1,18.6,41,67,0.0,0.0,18.2,272,19.01,6.1,954.9,10.2,493.0,23.163443,75.76963
MP-UJN,2021-02-28,25.7,33.4,17.5,40,71,0.0,0.0,17.8,272,21.35,5.9,955.5,9.8,493.0,23.163443,75.76963
MP-UJN,2021-03-01,25.3,33.5,18.9,34,66,0.0,0.0,21.5,292,22.51,6.69,958.1,6.3,493.0,23.163443,75.76963
MP-UJN,2021-03-02,23.5,32.5,15.3,31,55,0.0,0.0,10.4,57,22.91,5.66,959.0,4.2,493.0,23.163443,75.76963
MP-UJN,2021-03-03,23.7,32.8,14.7,32,58,0.0,0.0,11.3,122,22.96,5.39,957.7,4.3,493.0,23.163443,75.76963
MP-UJN,2021-03-04,24.7,34.2,16.4,26,52,0.0,0.0,18.5,257,23.39,6.62,957.1,0.8,493.0,23.163443,75.76963
MP-UJN,2021-03-05,25.1,33.4,17.1,25,53,0.0,0.0,18.0,328,22.94,6.92,957.8,1.7,493.0,23.163443,75.76963
MP-UJN,2021-03-06,25.1,34.2,14.7,23,43,0.0,0.0,11.9,244,23.19,6.14,957.5,1.2,493.0,23.163443,75.76963
MP-UJN,2021-03-07,26.3,34.6,18.6,29,48,0.0,0.0,19.5,242,22.93,7.15,956.3,5.9,493.0,23.163443,75.76963
MP-UJN,2021-03-08,26.7,34.6,19.5,26,38,0.0,0.0,16.2,266,23.29,7.2,957.0,4.3,493.0,23.163443,75.76963
MP-UJN,2021-03-09,26.4,34.6,17.3,31,61,0.0,0.0,22.0,285,22.01,6.72,957.5,6.0,493.0,23.163443,75.76963
MP-UJN,2021-03-10,26.7,34.3,19.5,27,39,0.0,0.0,21.6,271,21.65,6.43,957.5,5.0,493.0,23.163443,75.76963
MP-UJN,2021-03-11,26.8,33.9,19.1,28,44,0.0,0.0,10.6,190,19.16,5.59,957.3,6.2,493.0,23.163443,75.76963
MP-UJN,2021-03-12,25.5,32.2,19.6,37,62,0.1,0.1,19.6,270,18.47,5.01,958.7,9.0,493.0,23.163443,75.76963
MP-UJN,2021-03-13,24.9,32.5,16.6,46,91,0.0,0.0,9.9,117,23.47,5.45,959.3,10.1,493.0,23.163443,75.76963
MP-UJN,2021-03-14,26.4,34.1,18.5,34,59,0.0,0.0,9.8,189,22.49,5.72,957.2,8.0,493.0,23.163443,75.76963
MP-UJN,2021-03-15,26.4,33.6,18.7,35,64,0.0,0.0,12.7,244,18.25,5.47,956.2,8.7,493.0,23.163443,75.76963
MP-UJN,2021-03-16,27.6,33.6,20.7,31,48,0.0,0.0,9.7,125,18.79,5.19,956.4,8.4,493.0,23.163443,75.76963
MP-UJN,2021-03-17,28.2,34.0,21.8,31,48,0.0,0.0,11.3,154,19.42,5.21,955.7,8.4,493.0,23.163443,75.76963
MP-UJN,2021-03-18,27.4,33.9,20.8,35,52,0.0,0.0,13.3,116,17.48,5.57,955.4,9.8,493.0,23.163443,75.76963
MP-UJN,2021-03-19,25.2,31.4,20.5,48,78,1.2,1.2,17.8,148,17.92,5.11,956.2,13.0,493.0,23.163443,75.76963
MP-UJN,2021-03-20,25.7,33.6,19.2,45,75,0.0,0.0,12.4,196,21.03,5.63,954.4,11.0,493.0,23.163443,75.76963
MP-UJN,2021-03-21,26.8,34.3,19.1,37,80,0.0,0.0,12.0,220,22.51,6.37,954.0,9.3,493.0,23.163443,75.76963
MP-UJN,2021-03-22,26.8,35.0,19.2,30,53,0.0,0.0,12.5,243,22.91,6.59,955.9,6.4,493.0,23.163443,75.76963
MP-UJN,2021-03-23,27.4,34.4,19.2,28,54,0.0,0.0,15.9,228,21.09,6.61,957.3,6.3,493.0,23.163443,75.76963
MP-UJN,2021-03-24,27.5,34.8,19.1,32,70,0.0,0.0,18.6,269,23.36,7.24,957.7,7.0,493.0,23.163443,75.76963
MP-UJN,2021-03-25,27.1,33.7,21.1,22,36,0.0,0.0,17.6,7,25.02,7.57,957.9,2.9,493.0,23.163443,75.76963
MP-UJN,2021-03-26,26.3,33.8,18.4,23,39,0.0,0.0,14.3,43,25.37,6.78,957.2,2.2,493.0,23.163443,75.76963
MP-UJN,2021-03-27,27.6,36.0,17.8,25,45,0.0,0.0,11.2,315,25.16,6.18,955.3,4.1,493.0,23.163443,75.76963
MP-UJN,2021-03-28,29.6,37.9,19.8,22,44,0.0,0.0,9.5,292,25.33,6.72,953.9,3.6,493.0,23.163443,75.76963
MP-UJN,2021-03-29,29.9,38.6,20.6,20,34,0.0,0.0,17.3,268,25.49,8.53,953.1,3.0,493.0,23.163443,75.76963
MP-UJN,2021-03-30,30.5,37.8,23.6,21,30,0.0,0.0,26.0,271,25.89,10.17,951.8,4.4,493.0,23.163443,75.76963
MP-UJN,2021-03-31,30.6,37.7,23.6,30,46,0.0,0.0,23.7,274,25.28,9.43,950.8,10.0,493.0,23.163443,75.76963
MP-UJN,2021-04-01,29.2,36.1,22.1,29,74,0.0,0.0,17.1,291,26.33,6.84,950.7,5.1,493.0,23.163443,75.76963
MP-UJN,2021-04-02,28.5,37.1,20.2,19,39,0.0,0.0,13.6,286,26.24,7.96,951.6,1.0,493.0,23.163443,75.76963
MP-UJN,2021-04-03,28.4,37.1,19.4,21,46,0.0,0.0,10.8,303,25.99,7.1,952.8,2.0,493.0,23.163443,75.76963
MP-UJN,2021-04-04,29.4,37.6,20.5,19,33,0.0,0.0,11.5,310,25.98,6.94,954.8,2.1,493.0,23.163443,75.76963
MP-UJN,2021-04-05,30.4,38.1,21.5,23,42,0.0,0.0,14.0,270,25.25,7.51,955.2,5.8,493.0,23.163443,75.76963
MP-UJN,2021-04-06,31.8,39.1,24.5,20,31,0.0,0.0,23.1,268,24.84,8.92,954.8,5.1,493.0,23.163443,75.76963
MP-UJN,2021-04-07,31.1,38.4,24.1,20,36,0.0,0.0,16.7,281,25.34,8.39,955.3,4.3,493.0,23.163443,75.76963
MP-UJN,2021-04-08,30.7,37.5,22.8,18,30,0.0,0.0,18.7,292,25.79,8.3,953.5,2.5,493.0,23.163443,75.76963
MP-UJN,2021-04-09,30.0,36.7,22.8,19,39,0.0,0.0,13.3,308,25.17,7.09,953.6,3.0,493.0,23.163443,75.76963
MP-UJN,2021-04-10,30.4,37.4,23.5,19,31,0.0,0.0,14.5,4,22.2,7.04,955.0,3.8,493.0,23.163443,75.76963
MP-UJN,2021-04-11,30.9,38.1,23.3,16,28,0.0,0.0,18.0,256,23.45,8.41,955.7,0.8,493.0,23.163443,75.76963
MP-UJN,2021-04-12,30.2,37.6,22.5,19,38,0.0,0.0,11.8,156,25.32,6.91,957.1,3.1,493.0,23.163443,75.76963
MP-UJN,2021-04-13,30.8,36.7,24.2,19,31,0.0,0.0,21.1,304,20.76,6.13,956.6,4.0,493.0,23.163443,75.76963
MP-UJN,2021-04-14,29.9,35.1,24.2,19,27,0.0,0.0,23.7,299,17.22,7.16,956.0,3.5,493.0,23.163443,75.76963
MP-UJN,2021-04-15,29.5,36.0,22.2,27,56,0.0,0.0,8.7,228,23.67,6.15,955.4,7.0,493.0,23.163443,75.76963
MP-UJN,2021-04-16,30.6,37.2,23.6,21,34,0.0,0.0,20.7,265,23.58,8.38,954.3,5.2,493.0,23.163443,75.76963
MP-UJN,2021-04-17,30.5,36.8,23.8,23,36,0.0,0.0,20.9,280,24.9,8.52,955.7,6.5,493.0,23.163443,75.76963
MP-UJN,2021-04-18,30.4,37.0,22.9,24,39,0.0,0.0,11.3,324,24.61,6.71,956.4,6.7,493.0,23.163443,75.76963
MP-UJN,2021-04-19,31.3,38.3,23.2,22,42,0.0,0.0,12.7,271,22.73,6.63,953.8,5.8,493.0,23.163443,75.76963
MP-UJN,2021-04-20,31.4,37.7,25.7,23,34,0.0,0.0,20.0,269,24.55,9.31,952.6,6.9,493.0,23.163443,75.76963
MP-UJN,2021-04-21,30.0,35.0,24.4,26,48,0.0,0.0,19.7,277,20.74,7.68,954.7,7.2,493.0,23.163443,75.76963
MP-UJN,2021-04-22,29.5,36.5,21.0,20,35,0.0,0.0,12.9,273,26.98,6.85,955.6,3.1,493.0,23.163443,75.76963
MP-UJN,2021-04-23,30.7,37.8,22.1,19,32,0.0,0.0,17.4,255,26.28,8.63,954.7,3.9,493.0,23.163443,75.76963
MP-UJN,2021-04-24,31.0,37.0,24.0,24,38,0.0,0.0,14.9,304,22.59,7.56,954.9,6.9,493.0,23.163443,75.76963
MP-UJN,2021-04-25,31.0,37.8,25.0,12,19,0.0,0.0,15.3,28,25.3,8.05,955.4,-2.6,493.0,23.163443,75.76963
MP-UJN,2021-04-26,30.9,38.7,21.5,13,21,0.0,0.0,14.0,38,27.09,7.63,954.0,-1.5,493.0,23.163443,75.76963
MP-UJN,2021-04-27,31.6,39.2,22.4,15,27,0.0,0.0,17.3,241,24.35,7.48,953.9,0.7,493.0,23.163443,75.76963
MP-UJN,2021-04-28,32.8,39.6,25.2,17,40,0.0,0.0,16.3,288,24.87,7.59,954.9,2.4,493.0,23.163443,75.76963
MP-UJN,2021-04-29,33.2,40.0,25.6,14,26,0.0,0.0,20.0,312,24.39,8.5,954.2,1.1,493.0,23.163443,75.76963
MP-UJN,2021-04-30,33.0,40.2,25.3,17,29,0.0,0.0,16.6,292,24.83,8.06,952.9,4.0,493.0,23.163443,75.76963
MP-UJN,2021-05-01,31.4,36.0,26.0,26,40,0.2,0.2,24.0,262,17.54,7.26,953.7,9.2,493.0,23.163443,75.76963
MP-UJN,2021-05-02,29.8,36.1,25.3,35,48,0.0,0.0,17.0,224,20.91,5.77,954.7,12.3,493.0,23.163443,75.76963
MP-UJN,2021-05-03,29.8,36.7,23.4,34,56,0.0,0.0,20.8,262,22.92,6.76,953.6,11.1,493.0,23.163443,75.76963
MP-UJN,2021-05-04,30.9,37.6,24.4,26,39,0.0,0.0,20.2,261,23.46,7.77,952.9,8.3,493.0,23.163443,75.76963
MP-UJN,2021-05-05,32.1,38.0,24.8,24,38,0.0,0.0,18.4,285,26.0,8.81,952.8,8.2,493.0,23.163443,75.76963
MP-UJN,2021-05-06,32.5,37.8,26.0,23,31,0.0,0.0,15.0,267,23.78,8.26,953.0,8.2,493.0,23.163443,75.76963
MP-UJN,2021-05-07,32.6,38.8,25.7,24,39,0.0,0.0,12.8,282,24.72,7.45,953.9,8.7,493.0,23.163443,75.76963
MP-UJN,2021-05-08,32.5,37.8,25.9,24,35,0.0,0.0,12.2,283,21.94,6.89,953.1,8.9,493.0,23.163443,75.76963
MP-UJN,2021-05-09,33.3,38.8,27.4,26,35,0.0,0.0,18.3,270,21.84,7.55,951.5,10.7,493.0,23.163443,75.76963
MP-UJN,2021-05-10,32.9,38.5,27.3,29,46,0.0,0.0,19.4,262,23.0,8.3,951.2,12.0,493.0,23.163443,75.76963
MP-UJN,2021-05-11,31.9,37.4,25.5,28,47,0.0,0.0,20.5,276,23.64,8.77,951.5,10.4,493.0,23.163443,75.76963
MP-UJN,2021-05-12,31.4,36.8,25.3,33,61,0.0,0.0,20.2,268,23.67,8.49,949.9,12.0,493.0,23.163443,75.76963
MP-UJN,2021-05-13,31.3,36.7,25.2,34,65,0.0,0.0,19.1,267,24.47,8.53,949.7,12.5,493.0,23.163443,75.76963
MP-UJN,2021-05-14,32.1,38.1,24.7,31,58,0.0,0.0,18.1,277,24.43,7.97,949.3,11.3,493.0,23.163443,75.76963
MP-UJN,2021-05-15,33.4,40.0,26.1,27,37,0.0,0.0,15.9,218,23.7,7.05,949.1,11.0,493.0,23.163443,75.76963
MP-UJN,2021-05-16,32.2,39.0,27.5,45,70,1.3,1.3,26.8,112,21.04,7.06,950.1,18.0,493.0,23.163443,75.76963
MP-UJN,2021-05-17,28.6,34.6,23.5,67,90,9.4,9.4,23.4,90,18.69,5.41,950.5,21.4,493.0,23.163443,75.76963
MP-UJN,2021-05-18,29.1,33.5,24.4,62,91,0.6,0.6,26.8,153,14.69,5.49,948.9,20.4,493.0,23.163443,75.76963
MP-UJN,2021-05-19,27.4,31.6,24.1,66,84,2.8,2.8,32.1,219,17.86,5.84,947.3,20.1,493.0,23.163443,75.76963
MP-UJN,2021-05-20,27.9,34.3,22.1,53,84,0.0,0.0,21.8,290,26.72,7.27,950.4,16.1,493.0,23.163443,75.76963
MP-UJN,2021-05-21,30.2,37.2,23.7,46,83,0.0,0.0,16.1,280,23.72,7.11,951.8,15.5,493.0,23.163443,75.76963
MP-UJN,2021-05-22,30.2,37.0,23.1,46,82,0.0,0.0,14.5,293,19.01,5.85,951.5,15.4,493.0,23.163443,75.76963
MP-UJN,2021-05-23,30.3,36.6,23.9,47,79,0.0,0.0,20.2,293,22.32,7.24,952.6,16.1,493.0,23.163443,75.76963
MP-UJN,2021-05-24,31.8,38.7,26.0,39,72,0.0,0.0,19.6,321,25.09,8.32,953.0,13.7,493.0,23.163443,75.76963
MP-UJN,2021-05-25,32.8,39.1,26.1,34,69,0.0,0.0,21.4,312,22.62,8.64,950.5,13.1,493.0,23.163443,75.76963
MP-UJN,2021-05-26,32.3,38.4,26.6,42,69,0.2,0.2,19.8,291,20.79,7.96,948.6,17.0,493.0,23.163443,75.76963
MP-UJN,2021-05-27,31.7,39.0,26.3,51,76,1.8,1.8,21.2,285,21.39,7.4,949.0,19.7,493.0,23.163443,75.76963
MP-UJN,2021-05-28,32.2,38.3,25.9,51,81,0.0,0.0,23.4,268,20.49,7.31,950.0,20.0,493.0,23.163443,75.76963
MP-UJN,2021-05-29,30.6,38.9,27.1,58,76,8.6,8.6,21.1,257,20.7,6.32,951.5,20.9,493.0,23.163443,75.76963
MP-UJN,2021-05-30,32.2,38.6,26.2,50,74,0.0,0.0,18.0,257,24.21,7.6,951.4,19.6,493.0,23.163443,75.76963
MP-UJN,2021-05-31,32.2,38.9,25.7,47,76,0.0,0.0,19.9,259,24.6,8.3,949.4,18.2,493.0,23.163443,75.76963
MP-UJN,2021-06-01,31.6,38.3,25.2,46,79,0.0,0.0,18.5,257,25.02,7.7,950.2,17.2,493.0,23.163443,75.76963
MP-UJN,2021-06-02,31.1,38.0,24.6,48,79,0.0,0.0,17.7,276,24.88,6.98,951.6,18.2,493.0,23.163443,75.76963
MP-UJN,2021-06-03,30.6,37.6,25.1,50,73,0.0,0.0,14.8,263,24.6,6.73,952.3,18.4,493.0,23.163443,75.76963
MP-UJN,2021-06-04,28.8,32.3,26.1,61,70,8.4,8.4,13.7,264,20.08,5.13,952.9,20.4,493.0,23.163443,75.76963
MP-UJN,2021-06-05,27.9,31.2,25.3,66,75,3.1,3.1,17.5,254,13.47,3.81,952.2,20.8,493.0,23.163443,75.76963
MP-UJN,2021-06-06,27.8,34.0,24.9,70,91,7.3,7.3,21.4,248,14.21,3.84,952.2,21.3,493.0,23.163443,75.76963
MP-UJN,2021-06-07,29.1,34.8,24.5,65,92,2.3,2.3,16.6,263,20.8,5.67,951.7,21.4,493.0,23.163443,75.76963
MP-UJN,2021-06-08,30.7,35.9,25.0,58,81,0.1,0.1,23.4,264,21.88,6.54,950.1,21.0,493.0,23.163443,75.76963
MP-UJN,2021-06-09,31.0,36.0,25.4,56,84,0.0,0.0,22.3,263,22.19,7.01,948.5,20.5,493.0,23.163443,75.76963
MP-UJN,2021-06-10,30.7,35.8,25.3,59,87,0.0,0.0,25.3,267,22.66,7.29,947.3,20.9,493.0,23.163443,75.76963
MP-UJN,2021-06-11,30.4,36.4,25.3,60,86,0.8,0.8,27.4,267,21.15,6.89,946.7,20.8,493.0,23.163443,75.76963
MP-UJN,2021-06-12,31.1,36.8,25.4,58,87,0.1,0.1,24.2,270,20.89,6.77,946.9,21.1,493.0,23.163443,75.76963
MP-UJN,2021-06-13,31.4,36.9,26.0,56,87,0.3,0.3,25.2,276,20.92,7.17,946.9,20.7,493.0,23.163443,75.76963
MP-UJN,2021-06-14,31.0,35.8,25.6,55,84,0.0,0.0,24.5,276,21.5,7.14,945.9,20.5,493.0,23.163443,75.76963
MP-UJN,2021-06-15,30.4,34.7,25.9,59,82,0.2,0.2,25.7,261,18.03,6.23,944.4,21.0,493.0,23.163443,75.76963
MP-UJN,2021-06-16,30.6,36.0,25.1,55,81,0.1,0.1,22.0,247,23.78,7.27,945.5,19.9,493.0,23.163443,75.76963
MP-UJN,2021-06-17,29.1,32.8,25.6,65,83,1.2,1.2,17.1,253,14.34,4.64,947.0,21.6,493.0,23.163443,75.76963
MP-UJN,2021-06-18,27.1,33.6,24.0,75,96,6.8,6.8,26.1,253,17.88,4.68,947.2,22.0,493.0,23.163443,75.76963
MP-UJN,2021-06-19,26.2,30.4,23.1,78,95,5.9,5.9,22.5,259,14.99,3.88,948.3,21.8,493.0,23.163443,75.76963
MP-UJN,2021-06-20,24.3,26.6,22.9,89,94,34.1,34.1,26.5,246,9.21,2.1,949.3,22.3,493.0,23.163443,75.76963
MP-UJN,2021-06-21,25.4,28.4,22.9,83,95,5.2,5.2,18.5,265,17.28,3.78,950.7,22.3,493.0,23.163443,75.76963
MP-UJN,2021-06-22,26.1,28.7,23.6,83,94,9.2,9.2,18.9,272,16.39,3.68,950.7,22.9,493.0,23.163443,75.76963
MP-UJN,2021-06-23,26.6,29.8,24.0,82,94,3.5,3.5,18.8,275,14.21,3.47,950.3,23.1,493.0,23.163443,75.76963
MP-UJN,2021-06-24,26.3,29.5,23.7,82,92,2.6,2.6,19.8,266,15.29,3.67,950.2,22.9,493.0,23.163443,75.76963
MP-UJN,2021-06-25,26.5,29.6,23.7,80,94,7.6,7.6,22.4,270,16.56,3.93,949.5,22.7,493.0,23.163443,75.76963
MP-UJN,2021-06-26,26.3,28.8,23.7,82,94,4.1,4.1,17.1,272,13.63,3.28,950.0,22.8,493.0,23.163443,75.76963
MP-UJN,2021-06-27,27.6,32.5,24.3,79,92,2.9,2.9,14.8,285,17.88,4.26,951.6,23.3,493.0,23.163443,75.76963
MP-UJN,2021-06-28,28.1,34.0,24.4,77,93,0.5,0.5,16.6,281,22.5,5.27,950.9,23.3,493.0,23.163443,75.76963
MP-UJN,2021-06-29,28.5,33.0,25.0,77,95,0.2,0.2,18.8,268,21.44,5.18,950.5,23.8,493.0,23.163443,75.76963
MP-UJN,2021-06-30,28.2,32.1,24.9,75,92,0.4,0.4,24.2,261,16.71,4.55,949.9,23.2,493.0,23.163443,75.76963
MP-UJN,2021-07-01,27.9,32.0,24.6,70,88,0.6,0.6,23.7,251,21.24,5.66,948.1,21.7,493.0,23.163443,75.76963
MP-UJN,2021-07-02,27.7,31.5,24.1,68,86,0.1,0.1,23.3,252,18.57,5.45,948.7,21.0,493.0,23.163443,75.76963
MP-UJN,2021-07-03,28.1,32.6,23.9,65,85,0.0,0.0,22.7,255,23.46,6.36,950.4,20.4,493.0,23.163443,75.76963
MP-UJN,2021-07-04,27.0,30.2,23.7,71,87,3.9,3.9,20.5,271,17.29,4.5,951.4,21.3,493.0,23.163443,75.76963
MP-UJN,2021-07-05,27.0,29.6,24.0,74,83,1.2,1.2,20.2,273,15.86,3.95,951.4,21.9,493.0,23.163443,75.76963
MP-UJN,2021-07-06,28.5,33.0,24.9,68,84,1.1,1.1,15.0,273,21.38,5.29,950.2,21.8,493.0,23.163443,75.76963
MP-UJN,2021-07-07,29.3,33.2,25.4,64,80,0.3,0.3,17.6,273,21.79,5.9,949.8,21.5,493.0,23.163443,75.76963
MP-UJN,2021-07-08,29.3,33.7,25.2,61,75,0.0,0.0,18.4,266,21.81,5.99,949.3,20.8,493.0,23.163443,75.76963
MP-UJN,2021-07-09,28.7,32.4,24.8,67,89,2.6,2.6,14.7,281,17.06,4.48,948.0,21.7,493.0,23.163443,75.76963
MP-UJN,2021-07-10,28.4,33.9,25.2,74,88,9.3,9.3,14.4,282,18.36,4.59,946.9,23.0,493.0,23.163443,75.76963
MP-UJN,2021-07-11,27.2,31.1,24.7,85,96,7.6,7.6,16.1,286,14.18,3.23,946.4,24.3,493.0,23.163443,75.76963
MP-UJN,2021-07-12,28.2,32.4,24.4,77,96,6.3,6.3,17.5,114,20.77,4.91,946.7,23.5,493.0,23.163443,75.76963
MP-UJN,2021-07-13,28.1,32.4,24.7,78,96,10.7,10.7,13.3,130,21.99,4.92,946.8,23.6,493.0,23.163443,75.76963
MP-UJN,2021-07-14,27.0,31.6,24.2,86,98,13.7,13.7,10.6,304,18.69,3.94,947.2,24.3,493.0,23.163443,75.76963
MP-UJN,2021-07-15,27.6,31.8,24.1,81,98,2.1,2.1,13.5,123,20.84,4.58,946.9,23.9,493.0,23.163443,75.76963
MP-UJN,2021-07-16,28.3,32.4,24.5,74,94,1.3,1.3,16.5,146,21.77,5.18,949.3,22.9,493.0,23.163443,75.76963
MP-UJN,2021-07-17,28.5,32.3,24.8,75,93,1.6,1.6,10.3,243,19.79,4.57,950.2,23.4,493.0,23.163443,75.76963
MP-UJN,2021-07-18,27.3,31.5,25.0,82,95,88.3,88.3,13.0,259,13.96,3.35,948.5,23.8,493.0,23.163443,75.76963
MP-UJN,2021-07-19,26.6,29.8,24.2,84,97,4.8,4.8,16.5,254,14.48,3.34,946.7,23.5,493.0,23.163443,75.76963
MP-UJN,2021-07-20,24.9,27.2,23.6,88,96,26.6,26.6,23.0,254,7.65,1.99,948.0,22.7,493.0,23.163443,75.76963
MP-UJN,2021-07-21,25.7,28.6,23.5,85,97,8.8,8.8,23.8,268,11.44,2.84,946.3,22.9,493.0,23.163443,75.76963
MP-UJN,2021-07-22,26.5,28.6,24.2,83,95,1.1,1.1,23.1,275,8.94,2.52,944.0,23.3,493.0,23.163443,75.76963
MP-UJN,2021-07-23,24.9,26.0,24.2,94,97,30.6,30.6,19.3,279,3.15,0.92,944.2,23.9,493.0,23.163443,75.76963
MP-UJN,2021-07-24,24.9,27.3,23.9,93,97,20.1,20.1,19.9,270,6.95,1.61,945.4,23.6,493.0,23.163443,75.76963
MP-UJN,2021-07-25,23.9,24.4,23.6,95,97,126.7,126.7,24.9,269,2.01,0.69,944.8,23.1,493.0,23.163443,75.76963
MP-UJN,2021-07-26,24.1,25.2,23.3,93,96,19.9,19.9,23.8,256,6.38,1.46,945.7,23.0,493.0,23.163443,75.76963
MP-UJN,2021-07-27,24.2,26.2,23.0,89,96,6.6,6.6,27.4,252,8.91,2.15,946.0,22.3,493.0,23.163443,75.76963
MP-UJN,2021-07-28,24.5,27.4,23.0,86,93,1.4,1.4,28.9,249,10.33,2.61,946.7,22.0,493.0,23.163443,75.76963
MP-UJN,2021-07-29,24.1,25.7,23.1,88,93,3.9,3.9,29.9,249,8.97,2.2,947.3,22.0,493.0,23.163443,75.76963
MP-UJN,2021-07-30,24.6,26.8,22.8,86,94,4.3,4.3,31.0,260,10.14,2.68,947.4,22.0,493.0,23.163443,75.76963
MP-UJN,2021-07-31,24.4,26.1,23.2,87,91,3.0,3.0,31.3,262,5.89,1.92,947.8,22.2,493.0,23.163443,75.76963
MP-UJN,2021-08-01,23.4,24.3,22.8,92,94,14.9,14.9,27.8,263,6.16,1.52,946.5,22.1,493.0,23.163443,75.76963
MP-UJN,2021-08-02,23.3,24.7,22.6,94,96,16.8,16.8,31.7,263,6.0,1.35,947.2,22.2,493.0,23.163443,75.76963
MP-UJN,2021-08-03,23.1,23.8,22.4,94,95,30.1,30.1,28.5,255,6.71,1.41,948.5,22.1,493.0,23.163443,75.76963
MP-UJN,2021-08-04,24.1,25.4,23.2,91,95,15.3,15.3,28.8,253,8.98,2.02,948.6,22.5,493.0,23.163443,75.76963
MP-UJN,2021-08-05,24.4,26.5,23.3,89,96,35.6,35.6,28.0,271,6.7,1.81,947.9,22.3,493.0,23.163443,75.76963
MP-UJN,2021-08-06,24.0,25.3,22.9,92,96,28.9,28.9,20.5,268,5.36,1.3,947.9,22.7,493.0,23.163443,75.76963
MP-UJN,2021-08-07,23.7,24.8,22.5,93,97,30.2,30.2,24.2,264,5.96,1.31,949.5,22.6,493.0,23.163443,75.76963
MP-UJN,2021-08-08,25.0,29.0,22.7,89,96,5.8,5.8,13.8,256,14.91,3.06,951.2,23.0,493.0,23.163443,75.76963
MP-UJN,2021-08-09,25.2,27.9,23.3,89,97,1.6,1.6,18.8,267,13.2,2.73,952.2,23.2,493.0,23.163443,75.76963
MP-UJN,2021-08-10,25.3,28.7,22.5,84,94,3.0,3.0,19.6,265,17.37,3.71,951.9,22.3,493.0,23.163443,75.76963
MP-UJN,2021-08-11,25.0,27.9,22.3,84,94,1.1,1.1,20.5,262,17.64,3.64,951.9,22.1,493.0,23.163443,75.76963
MP-UJN,2021-08-12,25.3,29.0,22.4,82,96,1.6,1.6,16.8,261,18.71,3.95,952.6,21.9,493.0,23.163443,75.76963
MP-UJN,2021-08-13,25.1,28.8,22.5,82,94,1.3,1.3,18.6,260,19.3,4.04,951.4,21.8,493.0,23.163443,75.76963
MP-UJN,2021-08-14,24.9,27.5,21.9,84,95,1.1,1.1,18.1,252,19.16,3.88,949.6,22.0,493.0,23.163443,75.76963
MP-UJN,2021-08-15,25.1,28.0,22.1,83,96,0.9,0.9,17.7,263,19.68,4.02,950.0,21.9,493.0,23.163443,75.76963
MP-UJN,2021-08-16,25.9,30.2,22.0,80,97,0.1,0.1,11.8,288,22.13,4.62,951.8,21.8,493.0,23.163443,75.76963
MP-UJN,2021-08-17,25.9,29.7,23.5,85,96,9.5,9.5,12.6,296,15.84,3.43,951.4,23.1,493.0,23.163443,75.76963
MP-UJN,2021-08-18,25.0,27.9,23.7,90,97,7.8,7.8,16.7,283,10.44,2.28,949.7,23.1,493.0,23.163443,75.76963
MP-UJN,2021-08-19,24.0,26.1,22.8,91,97,6.9,6.9,17.9,281,6.81,1.61,949.1,22.4,493.0,23.163443,75.76963
MP-UJN,2021-08-20,24.3,26.3,23.0,93,98,8.1,8.1,20.8,284,7.81,1.68,949.8,23.0,493.0,23.163443,75.76963
MP-UJN,2021-08-21,24.3,26.3,22.9,94,98,14.4,14.4,15.7,277,12.27,2.33,951.1,23.2,493.0,23.163443,75.76963
MP-UJN,2021-08-22,24.9,28.6,22.5,88,98,2.0,2.0,15.5,259,16.73,3.4,951.7,22.8,493.0,23.163443,75.76963
MP-UJN,2021-08-23,25.6,29.0,23.2,85,97,1.6,1.6,16.9,255,18.62,3.94,952.0,22.6,493.0,23.163443,75.76963
MP-UJN,2021-08-24,25.5,29.4,22.6,85,95,1.4,1.4,20.5,263,16.72,3.58,951.8,22.7,493.0,23.163443,75.76963
MP-UJN,2021-08-25,25.1,28.1,22.3,84,95,2.0,2.0,21.0,258,15.77,3.46,950.4,22.0,493.0,23.163443,75.76963
MP-UJN,2021-08-26,24.8,28.0,22.1,80,93,0.3,0.3,21.6,255,17.22,3.84,949.0,20.9,493.0,23.163443,75.76963
MP-UJN,2021-08-27,24.7,28.2,21.8,84,94,2.0,2.0,14.9,253,16.84,3.49,949.4,21.6,493.0,23.163443,75.76963
MP-UJN,2021-08-28,25.2,29.2,21.6,81,97,0.6,0.6,11.5,267,21.01,4.35,948.7,21.4,493.0,23.163443,75.76963
MP-UJN,2021-08-29,25.3,29.1,22.6,88,97,23.8,23.8,12.7,298,16.29,3.27,948.5,23.2,493.0,23.163443,75.76963
MP-UJN,2021-08-30,25.3,28.8,23.1,90,99,13.4,13.4,11.5,359,14.93,3.04,949.6,23.6,493.0,23.163443,75.76963
MP-UJN,2021-08-31,25.4,29.4,22.8,90,98,12.5,12.5,15.3,79,13.54,2.79,949.8,23.5,493.0,23.163443,75.76963
MP-UJN,2021-09-01,25.5,28.7,23.3,88,96,11.9,11.9,16.1,132,18.01,3.62,950.0,23.2,493.0,23.163443,75.76963
MP-UJN,2021-09-02,25.2,29.3,23.1,86,97,4.8,4.8,16.7,213,16.74,3.46,950.2,22.5,493.0,23.163443,75.76963
MP-UJN,2021-09-03,25.7,29.2,22.8,84,98,1.2,1.2,10.7,227,18.09,3.77,950.0,22.6,493.0,23.163443,75.76963
MP-UJN,2021-09-04,25.6,29.2,23.0,85,96,5.7,5.7,15.4,253,17.49,3.64,950.3,22.8,493.0,23.163443,75.76963
MP-UJN,2021-09-05,25.1,27.5,23.0,90,96,9.6,9.6,10.9,267,13.03,2.65,950.1,23.2,493.0,23.163443,75.76963
MP-UJN,2021-09-06,25.5,29.0,23.2,90,97,5.0,5.0,12.4,331,14.98,3.07,950.1,23.7,493.0,23.163443,75.76963
MP-UJN,2021-09-07,26.6,29.8,24.2,87,97,6.1,6.1,18.4,29,18.1,3.76,948.5,24.2,493.0,23.163443,75.76963
MP-UJN,2021-09-08,25.7,29.2,24.0,89,95,22.1,22.1,14.6,78,15.55,3.2,946.9,23.7,493.0,23.163443,75.76963
MP-UJN,2021-09-09,24.6,27.1,23.2,90,96,12.9,12.9,22.9,242,9.87,2.16,948.7,22.9,493.0,23.163443,75.76963
MP-UJN,2021-09-10,23.6,24.7,22.9,94,97,43.2,43.2,18.4,241,5.11,1.16,949.0,22.7,493.0,23.163443,75.76963
MP-UJN,2021-09-11,24.7,27.6,22.8,89,96,10.3,10.3,17.6,220,13.72,2.8,947.8,22.7,493.0,23.163443,75.76963
MP-UJN,2021-09-12,25.1,28.8,22.8,88,98,4.1,4.1,13.4,204,17.22,3.46,946.2,22.8,493.0,23.163443,75.76963
MP-UJN,2021-09-13,25.6,29.6,23.0,89,99,7.1,7.1,10.2,110,16.88,3.38,945.8,23.5,493.0,23.163443,75.76963
MP-UJN,2021-09-14,25.4,29.2,23.3,91,98,14.5,14.5,12.8,88,14.23,2.89,946.9,23.9,493.0,23.163443,75.76963
MP-UJN,2021-09-15,24.8,27.5,23.3,92,98,22.3,22.3,12.9,283,11.47,2.34,948.2,23.3,493.0,23.163443,75.76963
MP-UJN,2021-09-16,24.2,26.3,22.7,91,96,13.3,13.3,23.8,273,8.2,1.82,949.0,22.6,493.0,23.163443,75.76963
MP-UJN,2021-09-17,24.8,28.6,22.7,88,97,6.0,6.0,24.1,264,15.74,3.25,949.1,22.6,493.0,23.163443,75.76963
MP-UJN,2021-09-18,23.4,26.5,22.0,93,96,60.5,60.5,26.3,251,7.04,1.52,950.5,22.2,493.0,23.163443,75.76963
MP-UJN,2021-09-19,24.4,27.0,22.6,90,97,7.6,7.6,18.4,241,8.21,1.9,952.9,22.6,493.0,23.163443,75.76963
MP-UJN,2021-09-20,24.3,26.7,23.1,92,97,5.5,5.5,21.7,245,10.52,2.1,952.3,22.9,493.0,23.163443,75.76963
MP-UJN,2021-09-21,24.7,28.3,23.1,91,98,8.6,8.6,13.6,250,13.84,2.74,951.1,23.1,493.0,23.163443,75.76963
MP-UJN,2021-09-22,24.7,27.9,22.2,89,97,6.7,6.7,9.5,266,13.46,2.74,949.9,22.7,493.0,23.163443,75.76963
MP-UJN,2021-09-23,25.3,29.3,22.5,88,99,6.0,6.0,9.6,281,16.77,3.41,950.5,23.0,493.0,23.163443,75.76963
MP-UJN,2021-09-24,25.5,29.4,22.9,88,98,4.0,4.0,10.3,301,16.34,3.35,951.8,23.3,493.0,23.163443,75.76963
MP-UJN,2021-09-25,24.8,27.7,22.8,91,98,4.8,4.8,11.5,290,11.63,2.37,951.8,23.1,493.0,23.163443,75.76963
MP-UJN,2021-09-26,24.7,27.6,22.9,91,98,8.7,8.7,12.2,306,12.44,2.51,950.4,23.1,493.0,23.163443,75.76963
MP-UJN,2021-09-27,25.5,29.5,22.5,88,99,2.9,2.9,14.1,41,16.29,3.33,949.5,23.3,493.0,23.163443,75.76963
MP-UJN,2021-09-28,26.3,29.8,23.6,81,96,4.0,4.0,21.3,61,17.55,4.01,948.4,22.7,493.0,23.163443,75.76963
MP-UJN,2021-09-29,25.4,28.4,23.5,81,92,2.7,2.7,26.9,129,15.01,3.51,950.2,22.0,493.0,23.163443,75.76963
MP-UJN,2021-09-30,26.0,29.8,22.4,80,94,1.4,1.4,9.8,142,17.75,3.7,953.8,22.1,493.0,23.163443,75.76963
MP-UJN,2021-10-01,25.5,29.3,22.5,88,99,6.4,6.4,7.3,40,15.43,3.17,954.7,23.1,493.0,23.163443,75.76963
MP-UJN,2021-10-02,25.6,29.8,22.8,89,99,3.5,3.5,8.0,280,16.75,3.45,954.5,23.4,493.0,23.163443,75.76963
MP-UJN,2021-10-03,25.4,29.7,22.6,89,99,3.5,3.5,12.2,269,17.07,3.48,953.8,23.3,493.0,23.163443,75.76963
MP-UJN,2021-10-04,25.9,29.7,22.6,84,99,1.0,1.0,8.4,279,17.73,3.69,953.2,22.8,493.0,23.163443,75.76963
MP-UJN,2021-10-05,26.3,30.4,22.9,82,96,0.7,0.7,7.2,357,18.66,3.91,954.1,22.8,493.0,23.163443,75.76963
MP-UJN,2021-10-06,26.5,30.1,22.9,84,98,2.1,2.1,11.9,40,17.0,3.56,953.9,23.4,493.0,23.163443,75.76963
MP-UJN,2021-10-07,26.8,30.8,22.9,83,98,0.7,0.7,7.6,52,18.48,3.92,952.9,23.5,493.0,23.163443,75.76963
MP-UJN,2021-10-08,27.0,31.0,23.1,77,98,0.0,0.0,10.5,291,19.11,4.15,952.5,22.3,493.0,23.163443,75.76963
MP-UJN,2021-10-09,26.3,31.1,22.4,76,96,0.1,0.1,12.3,295,18.78,4.21,953.5,21.2,493.0,23.163443,75.76963
MP-UJN,2021-10-10,25.9,30.1,22.5,80,98,0.2,0.2,11.4,299,18.04,3.88,953.8,21.9,493.0,23.163443,75.76963
MP-UJN,2021-10-11,25.7,30.1,21.5,80,98,0.6,0.6,8.5,286,18.0,3.8,952.9,21.6,493.0,23.163443,75.76963
MP-UJN,2021-10-12,26.1,30.6,21.8,74,99,0.2,0.2,8.0,308,17.38,3.77,952.8,20.5,493.0,23.163443,75.76963
MP-UJN,2021-10-13,25.9,31.7,20.8,65,95,0.0,0.0,14.2,1,20.19,4.91,952.8,17.9,493.0,23.163443,75.76963
MP-UJN,2021-10-14,25.3,31.1,20.0,56,77,0.0,0.0,14.3,24,20.84,5.24,953.0,15.3,493.0,23.163443,75.76963
MP-UJN,2021-10-15,23.8,30.0,18.0,53,67,0.0,0.0,11.5,26,21.34,5.05,950.8,13.3,493.0,23.163443,75.76963
MP-UJN,2021-10-16,25.0,32.1,17.7,58,78,0.3,0.3,13.0,19,19.67,4.8,949.8,15.5,493.0,23.163443,75.76963
MP-UJN,2021-10-17,24.1,29.3,22.4,89,97,48.2,48.2,11.6,1,9.94,2.15,950.1,22.1,493.0,23.163443,75.76963
MP-UJN,2021-10-18,24.5,28.5,21.9,82,98,15.2,15.2,18.9,292,16.44,3.56,950.1,21.0,493.0,23.163443,75.76963
MP-UJN,2021-10-19,23.3,28.9,19.3,63,78,0.0,0.0,13.2,275,20.52,4.69,954.3,15.5,493.0,23.163443,75.76963
MP-UJN,2021-10-20,23.1,29.4,18.6,63,81,0.0,0.0,9.7,296,20.55,4.48,957.7,15.3,493.0,23.163443,75.76963
MP-UJN,2021-10-21,22.6,29.5,16.6,62,84,0.0,0.0,11.9,267,20.25,4.53,957.9,14.4,493.0,23.163443,75.76963
MP-UJN,2021-10-22,21.9,28.6,16.5,66,84,0.0,0.0,9.9,232,20.35,4.34,957.6,14.8,493.0,23.163443,75.76963
MP-UJN,2021-10-23,22.1,27.9,16.7,65,86,0.0,0.0,10.4,200,20.02,4.33,957.9,14.7,493.0,23.163443,75.76963
MP-UJN,2021-10-24,22.1,27.8,16.4,70,93,0.0,0.0,9.9,219,19.16,3.92,958.3,15.7,493.0,23.163443,75.76963
MP-UJN,2021-10-25,22.3,27.3,17.4,71,91,0.1,0.1,7.7,336,18.05,3.68,958.3,16.3,493.0,23.163443,75.76963
MP-UJN,2021-10-26,22.4,27.1,17.5,69,89,0.1,0.1,8.8,27,16.91,3.62,957.6,16.1,493.0,23.163443,75.76963
MP-UJN,2021-10-27,22.6,27.0,18.5,66,84,0.3,0.3,11.8,51,16.01,3.71,959.0,15.7,493.0,23.163443,75.76963
MP-UJN,2021-10-28,22.1,28.2,16.2,49,73,0.0,0.0,13.8,43,20.0,5.01,959.6,10.0,493.0,23.163443,75.76963
MP-UJN,2021-10-29,21.2,27.7,16.0,53,75,0.0,0.0,13.8,53,19.69,4.6,960.4,10.5,493.0,23.163443,75.76963
MP-UJN,2021-10-30,20.6,27.5,14.2,55,82,0.0,0.0,12.7,39,19.78,4.61,960.8,10.5,493.0,23.163443,75.76963
MP-UJN,2021-10-31,20.6,28.7,13.4,55,86,0.0,0.0,10.6,54,19.82,4.49,959.2,10.0,493.0,23.163443,75.76963
MP-UJN,2021-11-01,21.0,29.0,13.3,57,93,0.0,0.0,8.8,155,19.43,4.26,957.6,11.0,493.0,23.163443,75.76963
MP-UJN,2021-11-02,21.1,28.5,14.5,53,74,0.0,0.0,11.2,118,19.42,4.2,957.9,10.1,493.0,23.163443,75.76963
MP-UJN,2021-11-03,21.0,28.1,14.8,53,74,0.0,0.0,11.8,59,19.14,4.28,958.2,10.5,493.0,23.163443,75.76963
MP-UJN,2021-11-04,21.3,28.7,15.0,50,73,0.0,0.0,11.4,72,19.07,4.53,957.7,9.6,493.0,23.163443,75.76963
MP-UJN,2021-11-05,21.3,28.4,14.8,50,70,0.0,0.0,10.4,54,18.88,4.35,957.4,9.6,493.0,23.163443,75.76963
MP-UJN,2021-11-06,20.9,27.8,15.2,49,70,0.0,0.0,11.6,43,18.55,4.44,956.7,9.0,493.0,23.163443,75.76963
MP-UJN,2021-11-07,21.1,28.8,14.1,48,72,0.0,0.0,11.8,72,17.69,4.39,956.7,8.9,493.0,23.163443,75.76963
MP-UJN,2021-11-08,21.5,29.1,15.0,49,72,0.0,0.0,13.6,57,18.46,4.62,957.9,9.3,493.0,23.163443,75.76963
MP-UJN,2021-11-09,22.1,29.0,16.5,45,69,0.0,0.0,10.9,53,18.23,4.6,958.7,9.1,493.0,23.163443,75.76963
MP-UJN,2021-11-10,22.0,28.8,16.1,44,67,0.0,0.0,12.4,49,18.18,4.79,958.1,8.4,493.0,23.163443,75.76963
MP-UJN,2021-11-11,21.2,27.8,15.0,44,70,0.0,0.0,17.4,50,18.33,4.89,957.2,7.7,493.0,23.163443,75.76963
MP-UJN,2021-11-12,20.4,27.4,14.5,47,67,0.0,0.0,17.5,53,18.02,4.67,957.1,8.0,493.0,23.163443,75.76963
MP-UJN,2021-11-13,20.7,27.9,15.2,50,70,0.0,0.0,15.9,44,17.8,4.62,957.0,9.1,493.0,23.163443,75.76963
MP-UJN,2021-11-14,20.8,28.1,14.4,56,73,0.0,0.0,13.1,52,17.5,4.09,956.1,11.5,493.0,23.163443,75.76963
MP-UJN,2021-11-15,20.9,27.6,14.8,50,63,0.0,0.0,12.9,41,17.45,4.25,955.2,10.1,493.0,23.163443,75.76963
MP-UJN,2021-11-16,20.5,27.7,14.3,50,68,0.0,0.0,15.5,56,17.38,4.47,955.8,9.3,493.0,23.163443,75.76963
MP-UJN,2021-11-17,21.9,28.9,15.6,54,63,0.0,0.0,15.0,68,15.38,4.27,957.1,12.0,493.0,23.163443,75.76963
MP-UJN,2021-11-18,22.2,29.7,18.7,73,95,10.6,10.6,14.5,72,11.33,2.93,955.9,16.8,493.0,23.163443,75.76963
MP-UJN,2021-11-19,22.4,29.4,18.4,72,85,0.5,0.5,13.4,64,14.22,3.28,954.1,16.9,493.0,23.163443,75.76963
MP-UJN,2021-11-20,22.9,29.2,18.6,69,89,0.0,0.0,14.6,59,15.34,3.73,954.4,16.5,493.0,23.163443,75.76963
MP-UJN,2021-11-21,23.7,29.8,18.8,68,80,0.0,0.0,13.0,74,14.89,3.53,956.4,17.1,493.0,23.163443,75.76963
MP-UJN,2021-11-22,23.9,29.4,20.0,67,80,0.1,0.1,12.1,34,15.09,3.6,957.5,17.2,493.0,23.163443,75.76963
MP-UJN,2021-11-23,22.8,29.1,18.1,70,86,0.0,0.0,8.3,334,15.78,3.46,956.8,16.8,493.0,23.163443,75.76963
MP-UJN,2021-11-24,21.9,29.0,16.4,68,92,0.0,0.0,9.3,263,16.58,3.62,957.0,15.1,493.0,23.163443,75.76963
MP-UJN,2021-11-25,21.5,28.9,14.8,65,91,0.0,0.0,9.4,349,16.68,3.49,957.7,13.8,493.0,23.163443,75.76963
MP-UJN,2021-11-26,20.9,29.6,14.3,57,89,0.0,0.0,12.0,58,16.74,3.68,958.0,10.9,493.0,23.163443,75.76963
MP-UJN,2021-11-27,20.8,29.1,14.3,49,75,0.0,0.0,10.3,152,16.77,3.89,958.1,8.4,493.0,23.163443,75.76963
MP-UJN,2021-11-28,20.3,28.0,13.7,48,65,0.0,0.0,10.8,117,16.5,3.84,959.3,8.2,493.0,23.163443,75.76963
MP-UJN,2021-11-29,20.0,27.0,13.8,50,71,0.0,0.0,10.3,67,15.75,3.92,960.2,8.6,493.0,23.163443,75.76963
MP-UJN,2021-11-30,20.1,26.3,14.4,50,68,0.0,0.0,12.6,74,15.3,3.9,959.9,8.7,493.0,23.163443,75.76963
MP-UJN,2021-12-01,18.1,21.7,15.8,63,86,4.2,4.2,11.2,59,4.77,1.81,959.5,10.5,493.0,23.163443,75.76963
MP-UJN,2021-12-02,15.8,18.9,13.9,83,92,10.0,10.0,17.9,50,4.55,1.27,959.1,12.9,493.0,23.163443,75.76963
MP-UJN,2021-12-03,18.7,24.4,13.2,71,89,0.0,0.0,14.7,58,13.57,2.94,959.0,13.2,493.0,23.163443,75.76963
MP-UJN,2021-12-04,19.8,25.2,14.7,73,93,0.0,0.0,12.6,70,14.32,2.98,958.6,14.5,493.0,23.163443,75.76963
MP-UJN,2021-12-05,19.6,24.2,15.9,75,86,0.9,0.9,12.0,62,8.85,2.03,958.2,15.0,493.0,23.163443,75.76963
MP-UJN,2021-12-06,20.0,24.5,15.7,73,88,0.0,0.0,13.2,27,11.04,2.41,958.7,14.9,493.0,23.163443,75.76963
MP-UJN,2021-12-07,19.6,25.2,15.5,73,93,0.0,0.0,13.2,45,15.49,3.17,960.2,14.1,493.0,23.163443,75.76963
MP-UJN,2021-12-08,18.8,24.9,13.3,66,90,0.0,0.0,14.8,58,15.07,3.11,960.1,12.1,493.0,23.163443,75.76963
MP-UJN,2021-12-09,18.9,24.5,14.1,65,77,0.0,0.0,16.9,56,14.1,3.13,961.5,12.1,493.0,23.163443,75.76963
MP-UJN,2021-12-10,19.1,25.2,14.4,63,82,0.0,0.0,14.2,45,15.39,3.44,962.4,11.7,493.0,23.163443,75.76963
MP-UJN,2021-12-11,18.3,24.5,13.2,62,74,0.0,0.0,11.7,62,15.61,3.19,961.6,10.7,493.0,23.163443,75.76963
MP-UJN,2021-12-12,18.8,25.6,12.8,67,87,0.0,0.0,12.1,109,15.22,3.07,960.9,12.1,493.0,23.163443,75.76963
MP-UJN,2021-12-13,19.2,26.1,13.7,69,92,0.0,0.0,10.2,156,13.23,2.88,959.5,12.7,493.0,23.163443,75.76963
MP-UJN,2021-12-14,19.7,26.0,14.5,67,88,0.0,0.0,10.6,219,12.01,2.8,958.7,12.9,493.0,23.163443,75.76963
MP-UJN,2021-12-15,19.4,25.3,14.4,71,95,0.0,0.0,7.1,73,13.51,2.63,959.3,13.4,493.0,23.163443,75.76963
MP-UJN,2021-12-16,19.3,26.2,13.4,71,92,0.0,0.0,14.0,193,13.61,2.98,959.5,13.3,493.0,23.163443,75.76963
MP-UJN,2021-12-17,17.4,21.3,14.5,80,98,0.0,0.0,14.6,26,9.03,2.0,961.4,13.7,493.0,23.163443,75.76963
MP-UJN,2021-12-18,15.1,20.9,11.2,58,76,0.0,0.0,15.3,40,15.15,3.36,962.3,6.6,493.0,23.163443,75.76963
MP-UJN,2021-12-19,13.1,20.6,7.2,48,71,0.0,0.0,11.3,60,16.4,3.3,962.2,1.4,493.0,23.163443,75.76963
MP-UJN,2021-12-20,14.1,21.6,6.6,48,71,0.0,0.0,9.4,95,16.17,3.01,961.0,2.2,493.0,23.163443,75.76963
MP-UJN,2021-12-21,15.7,23.1,7.1,53,86,0.0,0.0,9.4,148,15.87,2.88,959.9,5.0,493.0,23.163443,75.76963
MP-UJN,2021-12-22,16.1,24.3,7.8,61,91,0.0,0.0,8.3,188,15.72,2.98,957.8,7.5,493.0,23.163443,75.76963
MP-UJN,2021-12-23,17.1,26.0,9.8,66,92,0.0,0.0,9.5,213,15.53,3.17,956.9,9.6,493.0,23.163443,75.76963
MP-UJN,2021-12-24,17.8,25.4,11.0,68,88,0.0,0.0,12.7,266,15.22,3.18,956.7,11.3,493.0,23.163443,75.76963
MP-UJN,2021-12-25,18.1,25.0,12.4,70,95,0.0,0.0,8.7,37,15.07,2.87,958.3,12.0,493.0,23.163443,75.76963
MP-UJN,2021-12-26,18.4,25.2,11.9,68,89,0.0,0.0,8.2,179,15.09,3.05,959.5,11.9,493.0,23.163443,75.76963
MP-UJN,2021-12-27,18.8,24.7,12.8,70,96,0.0,0.0,8.9,237,14.89,2.85,959.8,12.6,493.0,23.163443,75.76963
MP-UJN,2021-12-28,16.6,20.9,14.0,85,97,11.7,11.7,13.3,356,9.01,1.69,958.8,13.9,493.0,23.163443,75.76963
MP-UJN,2021-12-29,15.4,19.3,12.0,75,97,0.2,0.2,13.5,33,10.85,2.22,960.6,10.6,493.0,23.163443,75.76963
MP-UJN,2021-12-30,14.3,20.5,9.6,71,93,0.0,0.0,16.2,68,15.73,2.99,963.4,8.5,493.0,23.163443,75.76963
MP-UJN,2021-12-31,15.6,21.6,10.4,72,87,0.0,0.0,12.9,78,14.37,2.73,963.8,10.4,493.0,23.163443,75.76963
MP-UJN,2022-01-01,17.3,23.5,11.9,76,94,0.0,0.0,10.9,86,13.98,2.58,962.8,12.7,493.0,23.163443,75.76963
MP-UJN,2022-01-02,18.0,24.0,13.4,78,96,0.0,0.0,8.5,91,14.39,2.69,961.5,13.6,493.0,23.163443,75.76963
MP-UJN,2022-01-03,18.0,24.5,12.9,75,95,0.0,0.0,10.2,90,15.17,2.79,960.7,13.1,493.0,23.163443,75.76963
MP-UJN,2022-01-04,19.0,25.0,13.2,71,95,0.0,0.0,8.9,132,15.06,2.83,960.2,13.0,493.0,23.163443,75.76963
MP-UJN,2022-01-05,19.7,26.7,14.4,72,94,1.0,1.0,18.2,184,13.38,3.15,958.4,14.0,493.0,23.163443,75.76963
MP-UJN,2022-01-06,18.6,24.9,15.4,80,95,17.7,17.7,16.8,277,12.31,2.49,958.1,14.7,493.0,23.163443,75.76963
MP-UJN,2022-01-07,17.2,23.0,14.6,87,96,9.9,9.9,16.6,130,11.4,2.04,957.7,14.8,493.0,23.163443,75.76963
MP-UJN,2022-01-08,17.8,23.2,14.7,83,96,15.4,15.4,17.3,221,14.22,2.57,957.6,14.7,493.0,23.163443,75.76963
MP-UJN,2022-01-09,15.1,20.6,11.6,69,90,0.0,0.0,10.6,298,16.02,2.89,957.5,8.9,493.0,23.163443,75.76963
MP-UJN,2022-01-10,13.4,19.4,9.5,72,92,0.0,0.0,13.6,37,16.63,2.92,959.2,7.9,493.0,23.163443,75.76963
MP-UJN,2022-01-11,12.9,19.5,8.0,77,93,0.0,0.0,11.8,32,16.52,2.72,959.3,8.8,493.0,23.163443,75.76963
MP-UJN,2022-01-12,12.4,18.4,7.9,72,92,0.0,0.0,11.5,42,16.83,2.78,959.0,7.1,493.0,23.163443,75.76963
MP-UJN,2022-01-13,13.1,19.7,7.8,72,90,0.0,0.0,11.8,58,16.76,2.81,958.5,7.8,493.0,23.163443,75.76963
MP-UJN,2022-01-14,14.4,21.2,9.2,75,94,0.0,0.0,15.0,49,16.05,2.86,958.6,9.7,493.0,23.163443,75.76963
MP-UJN,2022-01-15,14.3,20.7,9.1,75,95,0.0,0.0,13.7,62,16.8,2.93,960.1,9.7,493.0,23.163443,75.76963
MP-UJN,2022-01-16,14.7,21.9,8.9,77,95,0.0,0.0,12.9,78,16.93,2.91,961.1,10.4,493.0,23.163443,75.76963
MP-UJN,2022-01-17,16.2,23.4,9.9,78,96,0.0,0.0,11.1,73,16.53,2.95,961.8,12.0,493.0,23.163443,75.76963
MP-UJN,2022-01-18,16.4,23.4,10.0,77,98,0.0,0.0,12.2,46,16.76,3.11,960.6,11.8,493.0,23.163443,75.76963
MP-UJN,2022-01-19,15.7,23.1,9.4,69,97,0.0,0.0,10.9,113,16.97,3.09,958.5,9.0,493.0,23.163443,75.76963
MP-UJN,2022-01-20,18.5,26.2,11.4,64,88,0.0,0.0,18.4,252,17.14,3.96,954.4,10.7,493.0,23.163443,75.76963
MP-UJN,2022-01-21,18.9,25.2,13.0,67,97,0.0,0.0,13.7,251,17.35,3.5,954.5,11.5,493.0,23.163443,75.76963
MP-UJN,2022-01-22,18.3,22.0,14.9,77,91,2.7,2.7,26.6,243,12.14,2.64,951.7,14.0,493.0,23.163443,75.76963
MP-UJN,2022-01-23,15.6,20.3,10.8,63,88,0.0,0.0,15.8,272,14.95,3.09,953.4,8.0,493.0,23.163443,75.76963
MP-UJN,2022-01-24,13.3,19.2,7.4,61,87,0.0,0.0,10.5,25,17.95,3.17,956.1,5.4,493.0,23.163443,75.76963
MP-UJN,2022-01-25,13.1,18.9,7.5,61,84,0.0,0.0,10.0,70,18.1,3.05,957.2,5.1,493.0,23.163443,75.76963
MP-UJN,2022-01-26,12.9,19.2,7.4,60,87,0.0,0.0,11.8,59,18.19,3.28,958.3,4.9,493.0,23.163443,75.76963
MP-UJN,2022-01-27,13.1,19.9,7.3,54,83,0.0,0.0,10.4,51,18.76,3.55,959.6,3.0,493.0,23.163443,75.76963
MP-UJN,2022-01-28,13.4,21.2,6.5,61,90,0.0,0.0,9.2,89,18.86,3.24,960.0,5.1,493.0,23.163443,75.76963
MP-UJN,2022-01-29,15.5,23.7,6.5,55,91,0.0,0.0,9.6,135,18.88,3.43,959.8,4.9,493.0,23.163443,75.76963
MP-UJN,2022-01-30,16.0,25.9,6.7,61,95,0.0,0.0,10.2,218,18.77,3.81,957.1,7.2,493.0,23.163443,75.76963
MP-UJN,2022-01-31,17.2,26.2,8.6,59,88,0.0,0.0,10.8,269,18.81,3.93,955.9,8.0,493.0,23.163443,75.76963
MP-UJN,2022-02-01,18.6,27.2,11.0,63,90,0.0,0.0,10.3,290,18.63,3.99,955.7,10.4,493.0,23.163443,75.76963
MP-UJN,2022-02-02,19.6,27.7,12.9,62,88,0.0,0.0,11.4,246,18.73,4.08,955.4,11.2,493.0,23.163443,75.76963
MP-UJN,2022-02-03,19.3,25.7,14.9,53,76,0.0,0.0,25.2,255,19.08,4.98,952.5,8.7,493.0,23.163443,75.76963
MP-UJN,2022-02-04,16.5,23.0,9.9,44,73,0.0,0.0,13.0,266,19.61,4.09,954.4,3.2,493.0,23.163443,75.76963
MP-UJN,2022-02-05,16.4,24.3,8.4,45,79,0.0,0.0,10.7,219,19.82,3.82,956.0,3.0,493.0,23.163443,75.76963
MP-UJN,2022-02-06,17.2,26.0,10.2,49,69,0.0,0.0,11.3,154,19.6,4.27,958.0,5.8,493.0,23.163443,75.76963
MP-UJN,2022-02-07,18.2,26.8,10.4,55,86,0.0,0.0,11.5,272,19.54,4.2,958.1,7.9,493.0,23.163443,75.76963
MP-UJN,2022-02-08,19.3,26.8,11.4,54,85,0.0,0.0,13.0,271,19.18,4.22,956.8,9.2,493.0,23.163443,75.76963
MP-UJN,2022-02-09,19.1,25.8,12.8,54,79,0.0,0.0,13.5,301,19.73,4.39,956.9,8.5,493.0,23.163443,75.76963
MP-UJN,2022-02-10,17.7,23.8,12.9,60,91,0.0,0.0,13.7,40,19.84,4.11,959.8,9.0,493.0,23.163443,75.76963
MP-UJN,2022-02-11,16.1,23.4,10.1,56,84,0.0,0.0,11.2,52,20.44,4.03,959.9,6.5,493.0,23.163443,75.76963
MP-UJN,2022-02-12,16.9,24.6,9.7,51,77,0.0,0.0,10.1,88,20.76,3.96,958.5,5.6,493.0,23.163443,75.76963
MP-UJN,2022-02-13,17.7,26.1,10.2,55,82,0.0,0.0,9.3,102,20.5,4.13,956.0,7.6,493.0,23.163443,75.76963
MP-UJN,2022-02-14,19.9,27.8,12.8,54,76,0.0,0.0,10.4,123,17.99,4.03,955.3,9.4,493.0,23.163443,75.76963
MP-UJN,2022-02-15,19.6,27.0,14.6,51,76,0.0,0.0,15.9,227,20.34,4.64,955.1,8.1,493.0,23.163443,75.76963
MP-UJN,2022-02-16,19.5,26.3,13.3,49,80,0.0,0.0,14.0,56,18.81,4.36,954.3,7.4,493.0,23.163443,75.76963
MP-UJN,2022-02-17,20.2,27.4,13.8,39,62,0.0,0.0,12.8,85,18.83,4.62,954.2,5.1,493.0,23.163443,75.76963
MP-UJN,2022-02-18,21.3,27.7,15.6,45,70,0.0,0.0,16.3,120,17.63,4.47,955.3,8.6,493.0,23.163443,75.76963
MP-UJN,2022-02-19,22.5,29.6,16.8,52,78,0.0,0.0,17.3,281,17.32,4.6,956.6,11.2,493.0,23.163443,75.76963
MP-UJN,2022-02-20,20.4,27.7,14.3,44,76,0.0,0.0,13.3,323,21.48,5.02,955.5,5.7,493.0,23.163443,75.76963
MP-UJN,2022-02-21,21.4,29.1,13.3,35,55,0.0,0.0,12.7,259,21.37,5.32,954.4,4.7,493.0,23.163443,75.76963
MP-UJN,2022-02-22,23.1,31.7,15.4,36,56,0.0,0.0,16.2,221,21.57,5.96,955.6,6.3,493.0,23.163443,75.76963
MP-UJN,2022-02-23,22.2,30.6,14.8,47,76,0.0,0.0,10.4,253,21.43,4.98,957.5,9.4,493.0,23.163443,75.76963
MP-UJN,2022-02-24,22.0,29.5,14.5,42,71,0.0,0.0,11.3,324,21.84,5.23,958.9,7.5,493.0,23.163443,75.76963
MP-UJN,2022-02-25,21.8,29.5,15.6,45,74,0.0,0.0,10.7,85,21.78,4.87,958.9,7.7,493.0,23.163443,75.76963
MP-UJN,2022-02-26,23.0,31.3,15.0,38,66,0.0,0.0,16.4,212,21.89,5.75,958.1,6.1,493.0,23.163443,75.76963
MP-UJN,2022-02-27,22.5,30.1,14.2,38,60,0.0,0.0,17.2,25,22.0,5.06,958.7,6.2,493.0,23.163443,75.76963
MP-UJN,2022-02-28,22.1,28.8,16.1,51,79,0.0,0.0,16.4,48,21.35,5.0,959.4,10.7,493.0,23.163443,75.76963
MP-UJN,2022-03-01,22.5,29.6,15.1,36,52,0.0,0.0,13.0,62,21.99,5.35,959.6,6.0,493.0,23.163443,75.76963
MP-UJN,2022-03-02,22.7,30.4,15.4,33,55,0.0,0.0,13.3,86,21.24,5.56,959.0,5.0,493.0,23.163443,75.76963
MP-UJN,2022-03-03,23.4,31.6,15.4,35,57,0.0,0.0,12.6,229,21.92,5.53,958.4,5.8,493.0,23.163443,75.76963
MP-UJN,2022-03-04,23.2,30.4,16.8,38,62,0.0,0.0,14.4,10,22.28,5.71,959.3,7.3,493.0,23.163443,75.76963
MP-UJN,2022-03-05,22.2,29.9,15.9,39,60,0.0,0.0,15.3,34,22.87,5.63,958.8,6.8,493.0,23.163443,75.76963
MP-UJN,2022-03-06,23.5,31.6,14.7,34,55,0.0,0.0,11.6,85,23.03,5.53,957.1,5.7,493.0,23.163443,75.76963
MP-UJN,2022-03-07,24.1,31.0,17.8,38,52,0.2,0.2,15.8,151,18.03,5.26,957.5,8.3,493.0,23.163443,75.76963
MP-UJN,2022-03-08,23.2,29.7,18.6,55,71,0.0,0.0,17.8,159,18.01,4.64,957.9,13.1,493.0,23.163443,75.76963
MP-UJN,2022-03-09,23.1,31.0,16.4,56,82,1.4,1.4,8.9,144,21.18,4.58,957.4,12.7,493.0,23.163443,75.76963
MP-UJN,2022-03-10,24.2,31.2,16.2,46,80,0.0,0.0,13.8,45,22.56,5.18,957.1,10.3,493.0,23.163443,75.76963
MP-UJN,2022-03-11,24.7,31.8,18.1,36,59,0.0,0.0,14.0,34,22.76,6.15,957.5,7.7,493.0,23.163443,75.76963
MP-UJN,2022-03-12,24.3,31.8,15.7,36,63,0.0,0.0,10.9,55,23.77,5.7,957.2,6.7,493.0,23.163443,75.76963
MP-UJN,2022-03-13,25.4,33.4,16.8,36,59,0.0,0.0,9.3,54,23.67,5.89,957.2,7.8,493.0,23.163443,75.76963
MP-UJN,2022-03-14,26.8,35.2,18.0,33,59,0.0,0.0,10.9,8,23.53,6.08,956.9,8.0,493.0,23.163443,75.76963
MP-UJN,2022-03-15,28.0,37.1,18.7,27,48,0.0,0.0,13.2,315,23.9,6.96,955.0,5.6,493.0,23.163443,75.76963
MP-UJN,2022-03-16,28.4,37.7,19.4,24,42,0.0,0.0,14.7,326,24.02,7.37,953.6,4.5,493.0,23.163443,75.76963
MP-UJN,2022-03-17,29.5,38.2,21.2,21,34,0.0,0.0,15.0,335,24.19,7.58,953.2,3.9,493.0,23.163443,75.76963
MP-UJN,2022-03-18,28.9,37.6,21.1,24,40,0.0,0.0,14.4,344,24.03,6.72,952.5,5.6,493.0,23.163443,75.76963
MP-UJN,2022-03-19,29.4,37.1,20.8,29,50,0.0,0.0,16.3,1,21.27,6.13,951.9,8.1,493.0,23.163443,75.76963
MP-UJN,2022-03-20,29.7,37.3,20.8,20,36,0.0,0.0,17.0,292,18.19,6.39,951.9,3.5,493.0,23.163443,75.76963
MP-UJN,2022-03-21,29.8,37.5,22.3,19,33,0.0,0.0,19.6,310,20.62,7.99,953.7,2.3,493.0,23.163443,75.76963
MP-UJN,2022-03-22,28.7,36.3,20.6,26,44,0.0,0.0,12.1,351,21.3,6.46,954.2,6.5,493.0,23.163443,75.76963
MP-UJN,2022-03-23,28.8,36.1,20.7,26,43,0.0,0.0,10.1,304,20.18,5.6,953.8,6.7,493.0,23.163443,75.76963
MP-UJN,2022-03-24,30.0,36.3,22.9,21,29,0.0,0.0,18.9,295,18.79,6.56,953.2,4.6,493.0,23.163443,75.76963
MP-UJN,2022-03-25,30.5,37.6,25.1,19,29,0.0,0.0,14.6,276,17.76,6.63,953.8,3.8,493.0,23.163443,75.76963
MP-UJN,2022-03-26,30.2,37.6,22.9,19,32,0.0,0.0,22.5,315,24.33,8.19,955.9,2.7,493.0,23.163443,75.76963
MP-UJN,2022-03-27,29.7,38.0,20.5,19,33,0.0,0.0,14.2,279,25.29,7.39,956.1,2.3,493.0,23.163443,75.76963
MP-UJN,2022-03-28,29.9,38.3,21.0,21,39,0.0,0.0,18.9,286,25.47,8.38,955.5,3.3,493.0,23.163443,75.76963
MP-UJN,2022-03-29,30.1,38.1,21.1,18,30,0.0,0.0,19.3,272,25.78,8.85,954.0,1.5,493.0,23.163443,75.76963
MP-UJN,2022-03-30,29.9,38.1,22.5,18,30,0.0,0.0,15.1,264,25.89,8.03,953.5,1.3,493.0,23.163443,75.76963
MP-UJN,2022-03-31,30.1,38.3,22.4,19,36,0.0,0.0,11.9,262,25.88,7.21,953.9,2.6,493.0,23.163443,75.76963
MP-UJN,2022-04-01,30.9,38.4,23.3,22,35,0.0,0.0,15.0,298,25.63,7.39,954.1,5.4,493.0,23.163443,75.76963
MP-UJN,2022-04-02,30.9,38.4,23.1,24,42,0.0,0.0,10.9,286,25.33,7.17,955.3,6.7,493.0,23.163443,75.76963
MP-UJN,2022-04-03,31.7,38.9,24.3,17,36,0.0,0.0,19.8,268,25.92,9.04,955.2,2.4,493.0,23.163443,75.76963
MP-UJN,2022-04-04,30.8,39.3,22.4,17,33,0.0,0.0,11.3,296,26.16,7.8,955.0,1.0,493.0,23.163443,75.76963
MP-UJN,2022-04-05,30.8,39.3,21.5,15,26,0.0,0.0,12.5,316,26.22,7.1,956.7,0.3,493.0,23.163443,75.76963
MP-UJN,2022-04-06,31.5,40.1,21.3,17,28,0.0,0.0,14.9,287,22.68,7.09,956.6,2.8,493.0,23.163443,75.76963
MP-UJN,2022-04-07,31.9,39.6,23.0,18,33,0.0,0.0,16.1,331,25.33,7.29,955.9,3.6,493.0,23.163443,75.76963
MP-UJN,2022-04-08,32.1,40.9,23.7,17,28,0.0,0.0,14.8,120,25.51,6.98,954.1,2.9,493.0,23.163443,75.76963
MP-UJN,2022-04-09,33.1,41.7,25.0,16,24,0.0,0.0,19.8,295,24.2,8.62,953.0,2.7,493.0,23.163443,75.76963
MP-UJN,2022-04-10,32.9,40.4,24.9,18,30,0.0,0.0,21.8,292,25.43,9.08,953.2,4.4,493.0,23.163443,75.76963
MP-UJN,2022-04-11,32.8,40.4,25.3,23,35,0.0,0.0,18.1,278,22.92,8.3,952.7,8.0,493.0,23.163443,75.76963
MP-UJN,2022-04-12,32.4,39.5,25.4,21,37,0.0,0.0,13.3,276,24.84,7.75,952.2,6.4,493.0,23.163443,75.76963
MP-UJN,2022-04-13,32.5,39.5,25.9,15,23,0.0,0.0,18.4,279,25.74,9.25,951.7,1.7,493.0,23.163443,75.76963
MP-UJN,2022-04-14,31.9,39.6,23.4,15,28,0.0,0.0,20.5,280,26.68,9.3,951.5,0.7,493.0,23.163443,75.76963
MP-UJN,2022-04-15,31.4,38.9,24.0,17,25,0.0,0.0,17.6,269,26.31,9.31,951.4,2.4,493.0,23.163443,75.76963
MP-UJN,2022-04-16,31.6,39.5,24.4,20,38,0.0,0.0,21.0,274,25.15,9.07,950.9,4.5,493.0,23.163443,75.76963
MP-UJN,2022-04-17,32.5,40.1,24.7,18,34,0.0,0.0,18.8,278,25.41,8.79,951.6,4.1,493.0,23.163443,75.76963
MP-UJN,2022-04-18,33.0,40.2,25.8,20,40,0.0,0.0,18.0,281,25.57,9.26,954.1,5.4,493.0,23.163443,75.76963
MP-UJN,2022-04-19,33.3,40.1,26.3,18,32,0.0,0.0,18.0,287,25.16,8.69,955.8,5.1,493.0,23.163443,75.76963
MP-UJN,2022-04-20,33.6,40.2,26.6,16,27,0.0,0.0,20.3,303,26.39,8.89,953.9,3.3,493.0,23.163443,75.76963
MP-UJN,2022-04-21,29.8,34.1,24.2,32,48,0.2,0.2,20.7,316,17.61,6.92,954.1,10.8,493.0,23.163443,75.76963
MP-UJN,2022-04-22,31.0,39.1,21.7,27,57,0.0,0.0,17.6,265,24.76,7.53,954.0,7.2,493.0,23.163443,75.76963
MP-UJN,2022-04-23,32.6,39.6,24.6,17,34,0.0,0.0,18.7,302,25.59,8.91,954.6,3.6,493.0,23.163443,75.76963
MP-UJN,2022-04-24,32.9,40.0,25.6,15,28,0.0,0.0,21.7,295,26.93,9.57,954.0,1.9,493.0,23.163443,75.76963
MP-UJN,2022-04-25,32.9,39.8,26.0,15,28,0.0,0.0,18.8,276,27.12,9.59,953.1,2.0,493.0,23.163443,75.76963
MP-UJN,2022-04-26,32.9,40.1,25.3,15,27,0.0,0.0,16.0,279,27.08,9.4,953.2,1.8,493.0,23.163443,75.76963
MP-UJN,2022-04-27,33.0,40.9,24.5,15,33,0.0,0.0,15.9,252,27.26,8.4,952.8,1.1,493.0,23.163443,75.76963
MP-UJN,2022-04-28,34.7,42.1,26.0,13,23,0.0,0.0,16.2,275,26.68,8.79,953.0,1.8,493.0,23.163443,75.76963
MP-UJN,2022-04-29,34.5,41.8,26.3,15,22,0.0,0.0,21.1,280,26.02,10.14,953.6,3.4,493.0,23.163443,75.76963
MP-UJN,2022-04-30,33.6,40.4,26.9,21,36,0.0,0.0,23.4,261,26.71,10.08,950.9,7.1,493.0,23.163443,75.76963
MP-UJN,2022-05-01,33.9,40.5,26.9,29,62,0.0,0.0,18.5,276,24.74,9.11,949.4,11.3,493.0,23.163443,75.76963
MP-UJN,2022-05-02,33.4,40.2,26.8,31,65,0.0,0.0,21.3,265,25.12,9.55,950.2,12.0,493.0,23.163443,75.76963
MP-UJN,2022-05-03,32.9,39.5,26.7,29,63,0.0,0.0,19.9,277,26.52,9.21,951.8,10.9,493.0,23.163443,75.76963
MP-UJN,2022-05-04,32.4,39.4,25.6,26,52,0.0,0.0,19.5,276,26.78,9.14,953.1,8.9,493.0,23.163443,75.76963
MP-UJN,2022-05-05,32.4,39.0,26.0,22,38,0.0,0.0,15.3,297,26.24,8.29,952.8,7.3,493.0,23.163443,75.76963
MP-UJN,2022-05-06,33.1,39.0,27.0,23,37,0.0,0.0,16.0,313,22.73,7.92,952.5,8.4,493.0,23.163443,75.76963
MP-UJN,2022-05-07,32.8,38.6,25.9,22,34,0.0,0.0,19.8,347,19.53,7.08,952.4,7.6,493.0,23.163443,75.76963
MP-UJN,2022-05-08,34.0,41.4,26.3,19,32,0.0,0.0,13.8,329,21.96,7.74,950.4,5.4,493.0,23.163443,75.76963
MP-UJN,2022-05-09,35.4,42.1,29.3,16,28,0.0,0.0,21.5,346,21.52,9.44,949.1,4.4,493.0,23.163443,75.76963
MP-UJN,2022-05-10,34.6,41.6,26.4,16,30,0.0,0.0,20.5,6,20.18,8.04,948.8,4.8,493.0,23.163443,75.76963
MP-UJN,2022-05-11,35.3,42.7,27.0,19,37,0.0,0.0,16.6,29,24.2,8.21,948.2,6.5,493.0,23.163443,75.76963
MP-UJN,2022-05-12,35.3,42.7,27.7,16,23,0.0,0.0,17.7,336,19.6,8.26,947.5,4.6,493.0,23.163443,75.76963
MP-UJN,2022-05-13,35.5,42.9,28.3,25,52,0.0,0.0,24.9,280,20.3,9.5,947.3,10.6,493.0,23.163443,75.76963
MP-UJN,2022-05-14,33.9,40.9,26.7,34,68,0.0,0.0,20.9,269,22.18,8.59,948.3,13.9,493.0,23.163443,75.76963
MP-UJN,2022-05-15,34.2,41.4,26.9,33,67,0.0,0.0,22.5,270,26.72,10.23,949.7,12.9,493.0,23.163443,75.76963
MP-UJN,2022-05-16,33.5,39.9,27.4,27,60,0.0,0.0,22.8,272,27.28,9.96,950.1,10.1,493.0,23.163443,75.76963
MP-UJN,2022-05-17,33.1,39.2,26.8,29,53,0.0,0.0,20.4,261,23.58,8.8,949.0,11.6,493.0,23.163443,75.76963
MP-UJN,2022-05-18,33.0,39.8,25.9,26,56,0.0,0.0,17.3,270,26.36,8.8,949.8,9.4,493.0,23.163443,75.76963
MP-UJN,2022-05-19,34.2,41.4,27.2,22,34,0.0,0.0,14.5,264,26.89,8.53,949.9,8.8,493.0,23.163443,75.76963
MP-UJN,2022-05-20,35.4,41.9,29.8,23,35,0.0,0.0,22.7,278,25.3,10.04,949.1,10.5,493.0,23.163443,75.76963
MP-UJN,2022-05-21,32.3,38.9,25.6,41,75,0.0,0.0,29.8,263,27.19,10.48,947.7,15.4,493.0,23.163443,75.76963
MP-UJN,2022-05-22,30.7,38.0,24.5,49,81,0.0,0.0,28.1,255,25.23,8.81,946.2,17.8,493.0,23.163443,75.76963
MP-UJN,2022-05-23,30.7,38.1,25.0,51,79,0.5,0.5,24.3,244,25.43,8.08,946.2,18.1,493.0,23.163443,75.76963
MP-UJN,2022-05-24,30.9,37.5,23.6,52,84,5.8,5.8,20.5,257,24.18,6.17,950.0,18.5,493.0,23.163443,75.76963
MP-UJN,2022-05-25,32.4,38.6,25.7,44,79,0.0,0.0,20.1,269,24.66,7.93,952.2,17.1,493.0,23.163443,75.76963
MP-UJN,2022-05-26,32.4,38.6,26.4,38,66,0.0,0.0,19.8,270,24.63,8.78,951.2,15.0,493.0,23.163443,75.76963
MP-UJN,2022-05-27,31.4,37.3,25.1,45,80,0.0,0.0,24.4,257,25.9,8.83,950.3,16.9,493.0,23.163443,75.76963
MP-UJN,2022-05-28,30.9,36.7,24.8,50,78,0.0,0.0,26.3,258,26.51,8.72,949.5,18.4,493.0,23.163443,75.76963
MP-UJN,2022-05-29,31.0,37.0,24.9,52,81,0.0,0.0,31.0,261,25.22,8.06,949.7,19.2,493.0,23.163443,75.76963
MP-UJN,2022-05-30,31.6,37.1,25.8,49,73,0.2,0.2,22.0,260,24.54,7.89,949.9,19.0,493.0,23.163443,75.76963
MP-UJN,2022-05-31,32.6,39.0,26.2,42,72,0.0,0.0,20.5,279,23.64,8.18,949.4,16.6,493.0,23.163443,75.76963
MP-UJN,2022-06-01,33.5,39.6,27.5,35,63,0.0,0.0,23.9,290,22.41,8.14,949.6,14.7,493.0,23.163443,75.76963
MP-UJN,2022-06-02,33.7,39.6,27.4,28,56,0.0,0.0,21.9,280,22.75,9.29,949.8,10.8,493.0,23.163443,75.76963
MP-UJN,2022-06-03,33.8,40.2,27.6,27,56,0.0,0.0,19.8,276,25.18,9.81,949.3,10.0,493.0,23.163443,75.76963
MP-UJN,2022-06-04,33.9,40.3,27.6,30,61,0.0,0.0,21.9,284,24.9,9.52,949.4,12.0,493.0,23.163443,75.76963
MP-UJN,2022-06-05,33.9,40.2,28.1,24,49,0.0,0.0,18.2,287,24.75,9.21,949.7,9.8,493.0,23.163443,75.76963
MP-UJN,2022-06-06,34.1,40.7,27.7,23,48,0.0,0.0,21.6,286,26.93,10.67,949.6,8.9,493.0,23.163443,75.76963
MP-UJN,2022-06-07,33.6,40.2,26.5,30,54,0.0,0.0,19.8,281,26.77,10.12,949.6,12.0,493.0,23.163443,75.76963
MP-UJN,2022-06-08,33.2,38.9,27.6,42,69,0.0,0.0,21.5,280,24.39,8.96,949.6,17.8,493.0,23.163443,75.76963
MP-UJN,2022-06-09,33.2,39.0,27.8,41,69,0.0,0.0,22.8,273,25.08,9.1,948.6,16.7,493.0,23.163443,75.76963
MP-UJN,2022-06-10,33.3,39.3,27.1,40,71,0.0,0.0,19.9,274,24.69,7.96,948.8,16.5,493.0,23.163443,75.76963
MP-UJN,2022-06-11,31.8,38.5,26.5,48,67,0.4,0.4,25.1,256,22.53,7.36,949.4,18.9,493.0,23.163443,75.76963
MP-UJN,2022-06-12,28.6,34.3,24.9,67,86,1.7,1.7,19.3,251,17.48,4.65,950.0,21.5,493.0,23.163443,75.76963
MP-UJN,2022-06-13,28.3,33.6,24.3,69,95,5.1,5.1,14.9,264,18.9,4.93,951.6,21.8,493.0,23.163443,75.76963
MP-UJN,2022-06-14,30.1,35.9,25.1,59,83,0.2,0.2,17.0,270,24.04,6.81,951.3,20.4,493.0,23.163443,75.76963
MP-UJN,2022-06-15,30.5,36.5,25.1,57,80,0.1,0.1,20.4,259,23.15,7.01,950.2,20.4,493.0,23.163443,75.76963
MP-UJN,2022-06-16,30.1,35.3,25.3,60,83,0.4,0.4,18.2,260,19.91,6.01,949.8,21.1,493.0,23.163443,75.76963
MP-UJN,2022-06-17,30.5,36.0,25.8,56,77,1.5,1.5,16.4,252,21.18,6.21,949.7,20.4,493.0,23.163443,75.76963
MP-UJN,2022-06-18,30.0,35.6,25.6,59,83,1.1,1.1,19.2,248,20.63,5.99,949.9,20.8,493.0,23.163443,75.76963
MP-UJN,2022-06-19,29.7,36.2,25.0,60,81,3.3,3.3,25.6,249,22.74,6.64,949.6,20.6,493.0,23.163443,75.76963
MP-UJN,2022-06-20,27.7,34.1,22.3,72,95,20.1,20.1,21.0,254,16.66,4.69,947.9,21.7,493.0,23.163443,75.76963
MP-UJN,2022-06-21,27.2,33.9,22.4,74,94,5.6,5.6,19.7,234,16.02,4.1,946.3,21.8,493.0,23.163443,75.76963
MP-UJN,2022-06-22,26.4,33.0,22.3,81,96,7.5,7.5,21.9,155,22.26,4.7,949.3,22.5,493.0,23.163443,75.76963
MP-UJN,2022-06-23,28.4,34.4,23.4,70,96,0.0,0.0,11.9,344,19.69,4.82,950.6,21.7,493.0,23.163443,75.76963
MP-UJN,2022-06-24,29.0,34.2,23.9,64,91,0.5,0.5,12.4,259,20.4,5.17,948.9,21.0,493.0,23.163443,75.76963
MP-UJN,2022-06-25,30.4,36.6,24.4,53,82,0.0,0.0,12.8,293,25.05,6.53,946.4,18.2,493.0,23.163443,75.76963
MP-UJN,2022-06-26,31.3,36.3,27.0,54,73,0.1,0.1,17.8,256,19.56,5.89,946.0,20.3,493.0,23.163443,75.76963
MP-UJN,2022-06-27,28.8,33.5,26.2,69,83,9.0,9.0,14.5,250,17.86,4.47,948.0,22.4,493.0,23.163443,75.76963
MP-UJN,2022-06-28,28.0,32.0,25.1,75,91,2.1,2.1,18.5,258,15.41,4.11,948.2,22.9,493.0,23.163443,75.76963
MP-UJN,2022-06-29,28.3,31.7,24.7,70,86,0.5,0.5,23.5,257,13.96,4.2,946.9,22.2,493.0,23.163443,75.76963
MP-UJN,2022-06-30,26.5,30.3,25.0,83,92,13.7,13.7,18.2,253,10.66,2.68,946.9,23.3,493.0,23.163443,75.76963
MP-UJN,2022-07-01,26.3,30.7,24.0,84,95,17.1,17.1,16.6,257,17.0,3.76,947.1,23.1,493.0,23.163443,75.76963
MP-UJN,2022-07-02,26.1,30.8,23.8,84,95,1.8,1.8,17.2,256,14.97,3.4,945.9,22.9,493.0,23.163443,75.76963
MP-UJN,2022-07-03,25.3,26.9,23.8,89,95,21.2,21.2,13.8,251,9.17,2.08,946.3,23.2,493.0,23.163443,75.76963
MP-UJN,2022-07-04,26.1,28.8,23.8,84,96,14.1,14.1,16.0,263,14.15,3.17,945.9,23.2,493.0,23.163443,75.76963
MP-UJN,2022-07-05,24.7,27.3,23.1,93,97,45.0,45.0,16.7,290,7.74,1.66,944.0,23.5,493.0,23.163443,75.76963
MP-UJN,2022-07-06,26.2,30.2,23.2,85,97,15.3,15.3,12.0,225,16.69,3.54,946.4,23.3,493.0,23.163443,75.76963
MP-UJN,2022-07-07,25.5,27.8,23.6,89,96,12.1,12.1,15.3,268,10.03,2.23,948.4,23.4,493.0,23.163443,75.76963
MP-UJN,2022-07-08,26.0,29.5,23.9,85,95,2.6,2.6,14.9,263,15.09,3.33,947.2,23.2,493.0,23.163443,75.76963
MP-UJN,2022-07-09,26.1,30.0,23.7,82,92,3.0,3.0,17.4,272,13.65,3.29,945.6,22.7,493.0,23.163443,75.76963
MP-UJN,2022-07-10,25.4,28.8,23.0,85,96,10.0,10.0,17.3,291,14.79,3.25,946.4,22.6,493.0,23.163443,75.76963
MP-UJN,2022-07-11,24.6,27.8,22.9,91,97,21.2,21.2,13.5,294,9.18,1.98,947.4,23.0,493.0,23.163443,75.76963
MP-UJN,2022-07-12,25.2,28.7,23.3,90,98,22.8,22.8,18.4,308,10.98,2.38,946.8,23.4,493.0,23.163443,75.76963
MP-UJN,2022-07-13,24.8,26.6,22.5,91,99,33.8,33.8,16.4,315,10.1,2.18,944.1,23.2,493.0,23.163443,75.76963
MP-UJN,2022-07-14,25.4,29.8,22.8,89,98,42.2,42.2,15.8,14,14.27,2.96,942.3,23.4,493.0,23.163443,75.76963
MP-UJN,2022-07-15,24.8,28.5,22.9,90,97,19.9,19.9,16.3,251,12.37,2.62,943.9,22.9,493.0,23.163443,75.76963
MP-UJN,2022-07-16,25.8,29.3,23.2,85,96,6.5,6.5,14.4,210,16.76,3.53,945.7,23.0,493.0,23.163443,75.76963
MP-UJN,2022-07-17,26.2,30.2,23.3,84,95,7.1,7.1,15.6,270,16.09,3.55,948.2,23.2,493.0,23.163443,75.76963
MP-UJN,2022-07-18,25.0,27.8,23.5,91,98,51.5,51.5,23.9,315,10.44,2.25,946.7,23.4,493.0,23.163443,75.76963
MP-UJN,2022-07-19,25.0,29.0,23.3,91,98,18.5,18.5,25.4,262,13.45,2.77,947.2,23.4,493.0,23.163443,75.76963
MP-UJN,2022-07-20,25.1,28.0,23.4,86,95,1.1,1.1,24.2,261,11.62,2.69,949.2,22.6,493.0,23.163443,75.76963
MP-UJN,2022-07-21,25.9,29.3,23.6,81,94,0.3,0.3,20.7,267,16.44,3.75,949.9,22.3,493.0,23.163443,75.76963
MP-UJN,2022-07-22,25.3,27.3,23.6,86,92,11.0,11.0,18.3,279,12.41,2.79,950.6,22.7,493.0,23.163443,75.76963
MP-UJN,2022-07-23,24.0,25.5,23.0,93,96,14.6,14.6,17.7,273,7.77,1.69,948.1,22.7,493.0,23.163443,75.76963
MP-UJN,2022-07-24,24.4,27.0,22.9,91,98,12.7,12.7,19.8,260,8.34,1.89,947.3,22.8,493.0,23.163443,75.76963
MP-UJN,2022-07-25,24.5,26.4,23.1,87,95,3.5,3.5,16.2,265,8.74,2.12,949.9,22.2,493.0,23.163443,75.76963
MP-UJN,2022-07-26,24.5,27.2,22.9,89,96,8.8,8.8,17.4,262,10.9,2.38,951.7,22.4,493.0,23.163443,75.76963
MP-UJN,2022-07-27,25.3,29.2,23.0,86,97,1.8,1.8,12.3,258,18.62,3.85,952.3,22.6,493.0,23.163443,75.76963
MP-UJN,2022-07-28,25.7,29.0,22.7,84,96,1.0,1.0,14.4,267,18.63,3.94,953.6,22.6,493.0,23.163443,75.76963
MP-UJN,2022-07-29,25.9,29.7,22.8,84,97,1.6,1.6,14.7,269,22.53,4.63,953.1,22.8,493.0,23.163443,75.76963
MP-UJN,2022-07-30,25.9,29.6,23.0,83,97,1.2,1.2,14.7,267,21.01,4.39,951.8,22.7,493.0,23.163443,75.76963
MP-UJN,2022-07-31,25.5,29.4,22.2,78,92,1.5,1.5,17.7,260,21.79,4.66,949.9,21.3,493.0,23.163443,75.76963
MP-UJN,2022-08-01,25.6,29.0,22.6,80,93,1.0,1.0,18.6,260,21.41,4.49,950.0,21.8,493.0,23.163443,75.76963
MP-UJN,2022-08-02,25.3,28.2,23.0,86,94,10.6,10.6,14.0,261,16.04,3.3,949.3,22.7,493.0,23.163443,75.76963
MP-UJN,2022-08-03,25.7,29.5,23.2,87,97,2.8,2.8,12.3,285,17.07,3.57,949.1,23.2,493.0,23.163443,75.76963
MP-UJN,2022-08-04,26.0,30.2,22.8,88,99,10.7,10.7,13.0,285,18.08,3.74,948.5,23.8,493.0,23.163443,75.76963
MP-UJN,2022-08-05,26.5,30.0,23.5,85,97,14.3,14.3,8.9,184,20.7,4.29,946.9,23.6,493.0,23.163443,75.76963
MP-UJN,2022-08-06,26.0,29.8,23.1,87,98,2.6,2.6,10.0,242,20.16,4.12,945.6,23.5,493.0,23.163443,75.76963
MP-UJN,2022-08-07,25.7,28.4,23.8,89,97,7.0,7.0,11.6,315,13.21,2.76,945.2,23.6,493.0,23.163443,75.76963
MP-UJN,2022-08-08,25.4,28.8,23.4,90,99,16.9,16.9,11.4,353,11.82,2.47,944.0,23.6,493.0,23.163443,75.76963
MP-UJN,2022-08-09,25.4,29.5,23.2,90,97,30.1,30.1,11.5,61,13.93,2.86,942.8,23.5,493.0,23.163443,75.76963
MP-UJN,2022-08-10,24.2,27.4,22.8,93,97,77.9,77.9,14.3,290,7.58,1.67,941.1,23.0,493.0,23.163443,75.76963
MP-UJN,2022-08-11,24.2,25.7,23.3,93,96,28.2,28.2,20.0,228,7.5,1.6,942.4,22.9,493.0,23.163443,75.76963
MP-UJN,2022-08-12,25.1,28.6,23.1,86,96,16.5,16.5,24.0,223,16.14,3.34,945.3,22.6,493.0,23.163443,75.76963
MP-UJN,2022-08-13,25.7,29.2,23.5,80,90,1.0,1.0,23.8,247,20.57,4.48,947.1,21.9,493.0,23.163443,75.76963
MP-UJN,2022-08-14,25.7,29.4,23.1,79,90,0.7,0.7,20.0,272,21.49,4.72,949.1,21.6,493.0,23.163443,75.76963
MP-UJN,2022-08-15,24.5,27.2,23.1,88,96,13.1,13.1,24.3,281,10.98,2.53,947.7,22.3,493.0,23.163443,75.76963
MP-UJN,2022-08-16,23.3,24.5,22.6,94,96,53.7,53.7,27.8,225,5.76,1.29,946.3,22.3,493.0,23.163443,75.76963
MP-UJN,2022-08-17,24.6,28.1,22.7,86,95,2.1,2.1,25.8,205,17.0,3.53,949.4,22.0,493.0,23.163443,75.76963
MP-UJN,2022-08-18,25.1,28.8,22.7,84,95,2.5,2.5,21.7,231,18.24,3.82,950.4,22.1,493.0,23.163443,75.76963
MP-UJN,2022-08-19,25.2,29.2,23.0,83,94,1.9,1.9,18.3,255,19.63,4.12,950.8,22.0,493.0,23.163443,75.76963
MP-UJN,2022-08-20,24.9,29.1,23.3,86,92,3.5,3.5,16.1,280,16.41,3.43,950.3,22.4,493.0,23.163443,75.76963
MP-UJN,2022-08-21,24.8,28.4,22.8,86,95,7.2,7.2,21.5,289,17.15,3.61,948.5,22.2,493.0,23.163443,75.76963
MP-UJN,2022-08-22,22.9,23.4,22.6,94,96,71.8,71.8,28.4,272,2.57,0.88,945.1,21.9,493.0,23.163443,75.76963
MP-UJN,2022-08-23,23.6,26.6,22.3,89,96,44.6,44.6,28.8,235,12.13,2.51,946.4,21.6,493.0,23.163443,75.76963
MP-UJN,2022-08-24,24.4,28.0,21.6,85,97,0.9,0.9,17.8,221,16.53,3.42,951.3,21.5,493.0,23.163443,75.76963
MP-UJN,2022-08-25,24.5,28.7,21.0,81,97,1.3,1.3,12.1,254,20.78,4.24,951.8,20.9,493.0,23.163443,75.76963
MP-UJN,2022-08-26,25.1,29.1,21.9,81,96,0.3,0.3,13.4,281,22.73,4.68,951.8,21.3,493.0,23.163443,75.76963
MP-UJN,2022-08-27,25.2,29.5,21.7,78,94,0.0,0.0,14.7,282,23.81,4.97,951.8,20.9,493.0,23.163443,75.76963
MP-UJN,2022-08-28,25.3,29.2,21.9,79,97,0.5,0.5,13.5,291,18.84,4.07,951.8,21.1,493.0,23.163443,75.76963
MP-UJN,2022-08-29,25.3,28.5,22.3,82,93,1.4,1.4,9.1,328,18.58,3.86,953.8,21.7,493.0,23.163443,75.76963
MP-UJN,2022-08-30,25.6,30.1,22.6,84,97,4.5,4.5,10.2,320,18.42,3.83,954.2,22.5,493.0,23.163443,75.76963
MP-UJN,2022-08-31,26.1,29.8,22.2,84,98,0.9,0.9,7.9,313,19.43,4.05,952.7,23.1,493.0,23.163443,75.76963
MP-UJN,2022-09-01,25.6,29.3,23.2,89,98,11.9,11.9,11.9,297,15.82,3.26,952.5,23.5,493.0,23.163443,75.76963
MP-UJN,2022-09-02,25.7,30.2,22.9,89,99,3.6,3.6,10.2,100,20.18,4.15,953.6,23.6,493.0,23.163443,75.76963
MP-UJN,2022-09-03,26.2,30.7,22.9,87,99,0.6,0.6,16.3,252,22.12,4.5,952.7,23.7,493.0,23.163443,75.76963
MP-UJN,2022-09-04,25.4,28.8,24.0,89,94,8.8,8.8,16.6,261,15.25,3.07,952.0,23.3,493.0,23.163443,75.76963
MP-UJN,2022-09-05,24.9,27.9,22.9,87,98,1.5,1.5,17.7,263,18.03,3.53,952.3,22.5,493.0,23.163443,75.76963
MP-UJN,2022-09-06,25.9,29.5,21.9,80,96,0.4,0.4,8.8,311,21.84,4.51,952.4,22.0,493.0,23.163443,75.76963
MP-UJN,2022-09-07,25.9,29.8,22.6,84,96,6.7,6.7,13.9,17,17.04,3.54,952.8,22.8,493.0,23.163443,75.76963
MP-UJN,2022-09-08,27.4,31.6,24.1,79,94,3.0,3.0,16.5,65,21.17,4.64,952.5,23.2,493.0,23.163443,75.76963
MP-UJN,2022-09-09,27.8,31.7,24.7,80,94,0.9,0.9,11.8,89,21.2,4.58,951.9,23.9,493.0,23.163443,75.76963
MP-UJN,2022-09-10,27.7,32.3,23.6,76,95,0.0,0.0,10.5,62,23.28,5.08,951.1,22.7,493.0,23.163443,75.76963
MP-UJN,2022-09-11,26.9,30.8,23.7,81,96,4.2,4.2,16.1,40,20.33,4.33,948.2,23.2,493.0,23.163443,75.76963
MP-UJN,2022-09-12,25.4,29.2,23.1,88,99,13.2,13.2,14.1,41,16.37,3.34,946.1,23.1,493.0,23.163443,75.76963
MP-UJN,2022-09-13,24.6,28.3,23.0,91,98,18.7,18.7,11.3,329,11.62,2.39,947.0,22.9,493.0,23.163443,75.76963
MP-UJN,2022-09-14,24.3,27.4,22.2,91,98,14.9,14.9,17.4,251,11.76,2.41,948.9,22.7,493.0,23.163443,75.76963
MP-UJN,2022-09-15,24.6,28.8,23.1,89,96,20.1,20.1,18.7,243,13.52,2.8,949.4,22.7,493.0,23.163443,75.76963
MP-UJN,2022-09-16,24.2,28.3,21.8,89,98,21.5,21.5,16.5,262,13.71,2.83,948.6,22.3,493.0,23.163443,75.76963
MP-UJN,2022-09-17,25.0,29.1,22.3,83,98,0.3,0.3,16.4,262,20.33,4.2,950.7,21.7,493.0,23.163443,75.76963
MP-UJN,2022-09-18,25.0,29.3,21.2,83,96,0.0,0.0,12.4,307,21.72,4.36,952.9,21.7,493.0,23.163443,75.76963
MP-UJN,2022-09-19,25.6,30.0,21.7,78,92,0.3,0.3,10.6,311,21.64,4.54,952.5,21.3,493.0,23.163443,75.76963
MP-UJN,2022-09-20,25.7,29.7,22.6,80,93,0.3,0.3,18.4,294,20.85,4.5,951.8,21.8,493.0,23.163443,75.76963
MP-UJN,2022-09-21,25.4,29.4,22.5,78,92,0.4,0.4,20.7,291,19.99,4.54,951.4,21.2,493.0,23.163443,75.76963
MP-UJN,2022-09-22,24.9,27.9,22.8,78,90,6.5,6.5,24.9,270,12.38,3.42,950.9,20.7,493.0,23.163443,75.76963
MP-UJN,2022-09-23,23.4,25.8,21.9,82,92,3.1,3.1,28.7,258,9.08,2.57,951.0,20.1,493.0,23.163443,75.76963
MP-UJN,2022-09-24,24.3,28.0,21.5,78,94,0.0,0.0,25.0,261,17.93,4.08,951.6,20.0,493.0,23.163443,75.76963
MP-UJN,2022-09-25,24.0,28.5,20.7,80,93,0.7,0.7,17.2,269,19.05,3.96,952.8,20.2,493.0,23.163443,75.76963
MP-UJN,2022-09-26,24.6,28.9,20.3,81,96,0.4,0.4,8.8,307,19.93,4.06,954.6,20.9,493.0,23.163443,75.76963
MP-UJN,2022-09-27,25.3,29.7,21.2,79,94,0.3,0.3,7.8,325,20.73,4.25,953.5,21.2,493.0,23.163443,75.76963
MP-UJN,2022-09-28,25.4,29.9,21.5,81,98,0.1,0.1,10.4,334,18.32,3.82,952.7,21.7,493.0,23.163443,75.76963
MP-UJN,2022-09-29,25.9,31.0,21.2,74,94,0.0,0.0,8.9,352,21.05,4.53,952.7,20.6,493.0,23.163443,75.76963
MP-UJN,2022-09-30,26.0,31.6,21.5,71,92,0.2,0.2,10.0,328,21.61,4.76,953.2,20.0,493.0,23.163443,75.76963
MP-UJN,2022-10-01,26.1,31.0,22.0,69,83,0.3,0.3,10.5,293,19.55,4.51,953.0,19.7,493.0,23.163443,75.76963
MP-UJN,2022-10-02,26.0,31.0,22.5,68,81,0.0,0.0,14.8,296,21.11,4.78,953.3,19.3,493.0,23.163443,75.76963
MP-UJN,2022-10-03,25.4,30.4,21.5,68,82,0.0,0.0,14.4,316,20.94,4.78,954.0,18.6,493.0,23.163443,75.76963
MP-UJN,2022-10-04,25.7,31.4,20.7,60,77,0.0,0.0,17.5,339,19.53,5.0,953.8,16.9,493.0,23.163443,75.76963
MP-UJN,2022-10-05,26.4,32.1,22.1,65,90,0.6,0.6,15.8,357,19.33,4.85,952.4,19.0,493.0,23.163443,75.76963
MP-UJN,2022-10-06,24.9,29.3,22.4,86,97,9.4,9.4,14.7,48,14.2,3.04,951.7,22.2,493.0,23.163443,75.76963
MP-UJN,2022-10-07,23.6,26.9,21.9,91,97,23.2,23.2,15.8,94,10.02,2.06,951.9,21.9,493.0,23.163443,75.76963
MP-UJN,2022-10-08,23.8,28.0,21.7,88,97,17.8,17.8,19.2,158,13.67,2.78,952.5,21.7,493.0,23.163443,75.76963
MP-UJN,2022-10-09,24.5,29.1,21.5,86,97,1.3,1.3,15.6,206,17.98,3.65,954.1,21.8,493.0,23.163443,75.76963
MP-UJN,2022-10-10,24.3,28.7,21.1,88,99,8.3,8.3,8.6,227,16.98,3.39,955.8,22.1,493.0,23.163443,75.76963
MP-UJN,2022-10-11,24.5,28.5,21.3,85,97,1.3,1.3,8.4,271,15.34,3.13,954.9,21.6,493.0,23.163443,75.76963
MP-UJN,2022-10-12,24.5,29.3,20.1,75,100,0.0,0.0,10.6,19,20.12,4.35,955.6,19.2,493.0,23.163443,75.76963
MP-UJN,2022-10-13,23.6,29.3,19.1,62,86,0.0,0.0,15.2,35,22.05,5.22,956.9,15.1,493.0,23.163443,75.76963
MP-UJN,2022-10-14,22.5,28.8,17.9,63,82,0.0,0.0,14.7,44,21.98,4.95,957.0,14.5,493.0,23.163443,75.76963
MP-UJN,2022-10-15,22.2,28.7,16.3,62,86,0.0,0.0,13.0,42,21.73,4.95,956.2,13.8,493.0,23.163443,75.76963
MP-UJN,2022-10-16,22.4,28.6,17.2,58,80,0.0,0.0,13.2,52,21.61,5.02,957.6,13.2,493.0,23.163443,75.76963
MP-UJN,2022-10-17,23.3,29.6,17.7,64,79,0.0,0.0,13.4,58,20.51,4.56,958.2,15.9,493.0,23.163443,75.76963
MP-UJN,2022-10-18,24.1,29.3,18.7,71,91,0.0,0.0,9.8,91,19.14,4.12,957.1,18.1,493.0,23.163443,75.76963
MP-UJN,2022-10-19,24.4,30.4,18.9,63,98,0.0,0.0,12.8,72,20.54,4.77,956.9,15.8,493.0,23.163443,75.76963
MP-UJN,2022-10-20,23.6,30.4,17.7,51,73,0.0,0.0,11.5,84,20.84,4.94,957.8,12.1,493.0,23.163443,75.76963
MP-UJN,2022-10-21,23.7,30.1,18.0,49,77,0.0,0.0,15.0,69,20.66,5.32,959.8,11.5,493.0,23.163443,75.76963
MP-UJN,2022-10-22,23.3,30.4,17.3,45,64,0.0,0.0,13.1,78,20.68,5.24,961.2,9.9,493.0,23.163443,75.76963
MP-UJN,2022-10-23,23.6,30.2,17.5,46,71,0.0,0.0,14.0,54,20.3,5.12,959.8,10.6,493.0,23.163443,75.76963
MP-UJN,2022-10-24,23.2,30.0,16.2,45,76,0.0,0.0,16.2,12,20.46,5.44,956.4,9.4,493.0,23.163443,75.76963
MP-UJN,2022-10-25,23.2,30.7,15.8,45,68,0.0,0.0,10.9,284,20.38,4.91,955.8,9.6,493.0,23.163443,75.76963
MP-UJN,2022-10-26,24.3,30.7,19.2,42,59,0.0,0.0,8.0,215,20.04,4.26,958.4,10.0,493.0,23.163443,75.76963
MP-UJN,2022-10-27,23.5,30.4,17.2,48,70,0.0,0.0,9.9,144,19.95,4.35,958.3,11.0,493.0,23.163443,75.76963
MP-UJN,2022-10-28,23.8,30.8,17.0,46,73,0.0,0.0,10.1,71,19.74,4.68,958.0,10.2,493.0,23.163443,75.76963
MP-UJN,2022-10-29,23.9,30.7,16.9,45,68,0.0,0.0,11.4,52,17.38,4.4,958.1,10.4,493.0,23.163443,75.76963
MP-UJN,2022-10-30,23.2,29.6,16.2,45,68,0.0,0.0,11.2,41,19.64,4.78,958.7,10.0,493.0,23.163443,75.76963
MP-UJN,2022-10-31,22.6,28.8,16.4,47,64,0.0,0.0,16.2,54,19.59,5.01,958.6,10.4,493.0,23.163443,75.76963
MP-UJN,2022-11-01,22.4,29.6,16.4,53,75,0.0,0.0,12.0,66,19.48,4.66,959.3,11.4,493.0,23.163443,75.76963
MP-UJN,2022-11-02,23.1,31.4,16.3,51,82,0.0,0.0,14.8,58,19.06,4.89,958.5,11.3,493.0,23.163443,75.76963
MP-UJN,2022-11-03,23.9,31.7,16.5,44,60,0.0,0.0,10.8,55,18.98,4.5,957.8,10.2,493.0,23.163443,75.76963
MP-UJN,2022-11-04,24.1,32.2,16.9,45,70,0.0,0.0,8.8,139,19.07,4.48,958.8,10.0,493.0,23.163443,75.76963
MP-UJN,2022-11-05,24.7,32.2,17.3,44,71,0.0,0.0,10.4,235,18.71,4.43,959.8,10.7,493.0,23.163443,75.76963
MP-UJN,2022-11-06,24.8,32.0,17.3,43,74,0.0,0.0,10.7,254,18.05,4.56,960.1,10.4,493.0,23.163443,75.76963
MP-UJN,2022-11-07,24.4,31.2,17.5,46,69,0.0,0.0,11.2,174,14.84,3.76,959.3,11.1,493.0,23.163443,75.76963
MP-UJN,2022-11-08,24.6,30.6,19.0,45,66,0.0,0.0,10.9,216,14.13,3.68,959.0,11.2,493.0,23.163443,75.76963
MP-UJN,2022-11-09,24.5,30.3,19.7,42,62,0.0,0.0,14.7,201,16.52,4.33,959.5,10.1,493.0,23.163443,75.76963
MP-UJN,2022-11-10,23.7,30.1,18.0,46,68,0.0,0.0,9.2,328,15.57,3.82,960.1,10.8,493.0,23.163443,75.76963
MP-UJN,2022-11-11,24.3,30.1,19.3,46,65,0.0,0.0,15.1,39,17.49,5.11,961.0,11.4,493.0,23.163443,75.76963
MP-UJN,2022-11-12,22.7,28.4,17.5,46,64,0.0,0.0,13.6,57,17.93,4.63,961.1,9.9,493.0,23.163443,75.76963
MP-UJN,2022-11-13,21.9,28.5,16.0,44,63,0.0,0.0,11.0,84,18.02,4.31,959.7,8.4,493.0,23.163443,75.76963
MP-UJN,2022-11-14,22.4,28.9,16.5,49,66,0.0,0.0,9.4,128,17.7,4.02,959.3,10.8,493.0,23.163443,75.76963
MP-UJN,2022-11-15,22.7,28.8,16.6,51,72,0.0,0.0,11.4,114,17.58,3.98,959.3,11.4,493.0,23.163443,75.76963
MP-UJN,2022-11-16,22.9,29.2,16.3,45,74,0.0,0.0,15.5,35,17.64,4.39,958.6,9.3,493.0,23.163443,75.76963
MP-UJN,2022-11-17,21.2,27.8,15.5,49,78,0.0,0.0,12.0,45,17.62,4.36,959.1,8.9,493.0,23.163443,75.76963
MP-UJN,2022-11-18,19.9,26.3,14.5,40,62,0.0,0.0,11.6,63,17.84,4.33,959.7,4.9,493.0,23.163443,75.76963
MP-UJN,2022-11-19,19.6,26.2,13.2,42,61,0.0,0.0,13.9,62,17.61,4.38,959.5,5.5,493.0,23.163443,75.76963
MP-UJN,2022-11-20,19.2,26.2,12.4,50,75,0.0,0.0,14.0,49,17.47,4.11,958.1,7.8,493.0,23.163443,75.76963
MP-UJN,2022-11-21,19.7,27.2,13.3,49,73,0.0,0.0,12.3,51,17.5,4.15,957.8,7.8,493.0,23.163443,75.76963
MP-UJN,2022-11-22,19.5,27.4,12.8,48,76,0.0,0.0,9.7,59,17.46,4.02,957.9,7.0,493.0,23.163443,75.76963
MP-UJN,2022-11-23,19.7,27.1,13.3,46,69,0.0,0.0,10.4,60,17.04,3.99,958.4,6.6,493.0,23.163443,75.76963
MP-UJN,2022-11-24,19.7,27.2,13.8,44,63,0.0,0.0,11.4,61,17.26,4.19,958.3,6.2,493.0,23.163443,75.76963
MP-UJN,2022-11-25,19.8,27.5,13.5,42,63,0.0,0.0,12.2,72,17.24,4.32,959.0,5.4,493.0,23.163443,75.76963
MP-UJN,2022-11-26,19.2,27.3,11.5,44,71,0.0,0.0,9.5,75,17.32,3.93,957.4,5.6,493.0,23.163443,75.76963
MP-UJN,2022-11-27,19.2,27.7,11.4,47,74,0.0,0.0,9.0,89,17.07,3.81,955.0,6.5,493.0,23.163443,75.76963
MP-UJN,2022-11-28,19.8,28.0,12.7,46,74,0.0,0.0,9.7,94,16.92,3.88,955.6,6.5,493.0,23.163443,75.76963
MP-UJN,2022-11-29,20.3,27.9,13.8,46,72,0.0,0.0,11.2,71,16.64,4.26,957.6,7.7,493.0,23.163443,75.76963
MP-UJN,2022-11-30,20.1,27.4,13.6,50,72,0.0,0.0,10.5,66,16.4,4.03,958.8,8.6,493.0,23.163443,75.76963
MP-UJN,2022-12-01,19.5,26.5,13.5,54,71,0.0,0.0,10.2,64,16.38,3.65,958.4,9.4,493.0,23.163443,75.76963
MP-UJN,2022-12-02,19.7,27.2,12.9,58,85,0.0,0.0,9.0,94,16.33,3.42,957.0,10.5,493.0,23.163443,75.76963
MP-UJN,2022-12-03,20.2,27.5,13.2,62,92,0.0,0.0,8.2,141,15.96,3.17,957.3,11.7,493.0,23.163443,75.76963
MP-UJN,2022-12-04,20.6,28.1,14.2,60,89,0.0,0.0,10.5,87,15.79,3.36,958.2,11.4,493.0,23.163443,75.76963
MP-UJN,2022-12-05,21.0,27.7,14.4,58,77,0.0,0.0,12.1,59,15.22,3.5,959.5,12.0,493.0,23.163443,75.76963
MP-UJN,2022-12-06,21.5,27.9,16.0,61,84,0.0,0.0,13.8,53,14.53,3.37,959.3,13.2,493.0,23.163443,75.76963
MP-UJN,2022-12-07,19.8,26.4,14.8,48,68,0.0,0.0,11.4,49,15.85,3.85,959.1,8.2,493.0,23.163443,75.76963
MP-UJN,2022-12-08,18.5,26.2,12.0,42,64,0.0,0.0,11.8,58,16.45,4.07,958.8,4.3,493.0,23.163443,75.76963
MP-UJN,2022-12-09,18.5,26.5,11.0,44,71,0.0,0.0,15.5,74,16.37,4.11,957.1,5.1,493.0,23.163443,75.76963
MP-UJN,2022-12-10,19.2,27.4,12.1,50,76,0.0,0.0,11.9,73,16.27,4.01,956.9,7.7,493.0,23.163443,75.76963
MP-UJN,2022-12-11,21.3,29.2,14.5,55,81,0.0,0.0,13.1,65,15.03,3.9,957.5,11.3,493.0,23.163443,75.76963
MP-UJN,2022-12-12,22.5,29.1,17.6,63,85,0.3,0.3,9.8,79,13.66,3.37,957.4,14.6,493.0,23.163443,75.76963
MP-UJN,2022-12-13,20.9,25.5,18.3,80,90,5.8,5.8,17.2,59,11.86,2.52,958.8,17.1,493.0,23.163443,75.76963
MP-UJN,2022-12-14,19.5,22.9,16.9,68,77,4.6,4.6,13.6,67,9.44,2.35,959.5,13.3,493.0,23.163443,75.76963
MP-UJN,2022-12-15,21.1,27.4,16.3,70,84,0.1,0.1,8.4,64,13.83,2.92,958.2,15.2,493.0,23.163443,75.76963
MP-UJN,2022-12-16,21.6,27.9,16.4,69,93,0.0,0.0,8.4,80,14.48,3.05,957.3,15.4,493.0,23.163443,75.76963
MP-UJN,2022-12-17,21.7,28.0,16.8,68,90,0.0,0.0,10.4,105,15.03,3.13,958.5,14.9,493.0,23.163443,75.76963
MP-UJN,2022-12-18,20.2,26.9,15.7,59,76,0.0,0.0,9.7,72,15.25,3.44,958.6,11.5,493.0,23.163443,75.76963
MP-UJN,2022-12-19,18.9,26.8,12.4,59,84,0.0,0.0,8.7,79,15.58,3.37,957.1,9.9,493.0,23.163443,75.76963
MP-UJN,2022-12-20,19.4,27.0,13.1,59,84,0.0,0.0,9.2,97,15.43,3.22,956.4,10.5,493.0,23.163443,75.76963
MP-UJN,2022-12-21,20.3,27.5,13.5,57,83,0.0,0.0,8.9,152,15.38,3.2,956.6,10.8,493.0,23.163443,75.76963
MP-UJN,2022-12-22,20.0,27.6,14.2,68,91,0.0,0.0,9.3,220,15.46,3.17,956.0,13.2,493.0,23.163443,75.76963
MP-UJN,2022-12-23,20.0,27.6,14.3,65,94,0.0,0.0,13.7,245,15.27,3.57,955.5,12.4,493.0,23.163443,75.76963
MP-UJN,2022-12-24,17.2,23.8,10.8,60,78,0.0,0.0,12.4,358,15.89,3.28,957.0,8.9,493.0,23.163443,75.76963
MP-UJN,2022-12-25,16.6,23.2,11.2,64,79,0.0,0.0,12.4,49,15.69,3.23,958.1,9.4,493.0,23.163443,75.76963
MP-UJN,2022-12-26,17.5,24.8,11.1,66,77,0.0,0.0,13.6,46,15.23,3.18,959.1,11.0,493.0,23.163443,75.76963
MP-UJN,2022-12-27,17.6,24.6,12.0,67,85,0.0,0.0,12.7,47,15.35,3.15,960.4,11.3,493.0,23.163443,75.76963
MP-UJN,2022-12-28,17.0,24.5,11.1,54,67,0.0,0.0,9.9,58,15.75,3.39,961.3,7.4,493.0,23.163443,75.76963
MP-UJN,2022-12-29,18.1,26.2,10.8,59,88,0.0,0.0,10.5,141,15.74,3.28,961.3,9.4,493.0,23.163443,75.76963
MP-UJN,2022-12-30,19.1,26.9,12.2,68,95,0.0,0.0,10.6,255,15.34,3.31,961.8,12.3,493.0,23.163443,75.76963
MP-UJN,2022-12-31,17.3,22.8,12.9,66,84,0.0,0.0,12.8,29,15.87,3.2,962.0,10.5,493.0,23.163443,75.76963
MP-UJN,2023-01-01,15.8,22.4,11.0,64,78,0.0,0.0,10.1,55,15.8,3.08,962.0,8.8,493.0,23.163443,75.76963
MP-UJN,2023-01-02,15.4,22.3,9.4,69,92,0.0,0.0,10.5,65,16.15,3.02,961.9,9.2,493.0,23.163443,75.76963
MP-UJN,2023-01-03,14.5,21.3,9.0,70,94,0.0,0.0,13.8,55,16.25,3.06,962.2,8.4,493.0,23.163443,75.76963
MP-UJN,2023-01-04,12.9,19.5,7.9,65,95,0.0,0.0,17.3,47,16.37,3.16,962.7,5.8,493.0,23.163443,75.76963
MP-UJN,2023-01-05,13.6,21.1,7.9,70,94,0.0,0.0,13.9,62,15.91,3.03,963.2,7.7,493.0,23.163443,75.76963
MP-UJN,2023-01-06,15.8,23.5,9.6,69,85,0.0,0.0,12.9,71,15.59,3.16,964.1,9.8,493.0,23.163443,75.76963
MP-UJN,2023-01-07,16.4,23.6,10.5,65,82,0.0,0.0,9.7,64,16.04,3.15,963.1,9.4,493.0,23.163443,75.76963
MP-UJN,2023-01-08,16.0,23.7,9.6,62,85,0.0,0.0,9.6,73,16.61,3.27,961.5,7.9,493.0,23.163443,75.76963
MP-UJN,2023-01-09,15.5,24.1,8.0,59,87,0.0,0.0,10.1,83,16.88,3.43,962.0,6.6,493.0,23.163443,75.76963
MP-UJN,2023-01-10,15.9,24.6,8.9,62,80,0.0,0.0,10.2,84,16.7,3.41,961.3,7.8,493.0,23.163443,75.76963
MP-UJN,2023-01-11,16.7,25.0,10.3,65,88,0.0,0.0,10.0,183,16.68,3.36,958.2,9.1,493.0,23.163443,75.76963
MP-UJN,2023-01-12,17.7,24.7,11.2,68,88,0.0,0.0,14.0,241,16.2,3.37,956.3,11.2,493.0,23.163443,75.76963
MP-UJN,2023-01-13,17.4,23.6,12.8,69,95,0.0,0.0,13.7,250,15.3,3.19,957.0,11.0,493.0,23.163443,75.76963
MP-UJN,2023-01-14,14.2,21.1,8.3,67,91,0.0,0.0,11.3,23,17.06,3.12,958.7,7.6,493.0,23.163443,75.76963
MP-UJN,2023-01-15,12.9,20.1,7.4,61,84,0.0,0.0,10.3,44,17.34,3.09,958.0,5.0,493.0,23.163443,75.76963
MP-UJN,2023-01-16,13.3,21.4,6.7,53,71,0.0,0.0,11.7,50,17.11,3.43,957.9,3.7,493.0,23.163443,75.76963
MP-UJN,2023-01-17,13.9,21.6,7.3,54,70,0.0,0.0,11.1,47,17.24,3.44,958.7,4.5,493.0,23.163443,75.76963
MP-UJN,2023-01-18,14.5,22.5,7.4,51,74,0.0,0.0,11.9,62,17.5,3.75,960.1,3.8,493.0,23.163443,75.76963
MP-UJN,2023-01-19,16.2,25.1,8.6,56,73,0.0,0.0,12.1,78,17.11,3.67,959.4,7.0,493.0,23.163443,75.76963
MP-UJN,2023-01-20,18.1,26.7,11.6,65,95,0.0,0.0,13.7,240,16.97,3.63,957.7,10.5,493.0,23.163443,75.76963
MP-UJN,2023-01-21,17.7,26.4,10.5,64,92,0.0,0.0,11.3,313,17.1,3.54,957.9,10.2,493.0,23.163443,75.76963
MP-UJN,2023-01-22,17.4,24.7,11.5,56,76,0.0,0.0,10.5,277,17.23,3.59,957.1,8.1,493.0,23.163443,75.76963
MP-UJN,2023-01-23,18.8,26.8,12.5,60,78,0.0,0.0,16.2,200,16.21,3.76,956.6,10.5,493.0,23.163443,75.76963
MP-UJN,2023-01-24,18.3,25.2,12.5,66,88,0.0,0.0,11.7,256,17.05,3.42,956.6,11.3,493.0,23.163443,75.76963
MP-UJN,2023-01-25,18.4,23.9,14.1,62,78,0.5,0.5,12.6,4,15.81,3.19,957.8,10.8,493.0,23.163443,75.76963
MP-UJN,2023-01-26,17.2,21.3,13.4,81,90,0.3,0.3,15.8,39,6.16,1.63,959.5,13.8,493.0,23.163443,75.76963
MP-UJN,2023-01-27,19.1,25.4,13.5,72,91,0.1,0.1,15.0,55,15.63,3.37,960.1,13.6,493.0,23.163443,75.76963
MP-UJN,2023-01-28,19.7,27.5,13.1,68,93,0.0,0.0,13.0,85,17.16,3.66,957.8,13.0,493.0,23.163443,75.76963
MP-UJN,2023-01-29,21.7,28.7,16.5,60,87,0.0,0.0,24.9,158,16.95,4.58,955.1,12.5,493.0,23.163443,75.76963
MP-UJN,2023-01-30,19.2,24.8,14.9,72,89,0.3,0.3,14.1,3,16.0,3.3,959.0,13.7,493.0,23.163443,75.76963
MP-UJN,2023-01-31,18.4,24.5,13.8,71,97,0.0,0.0,15.5,29,18.21,3.75,960.8,12.4,493.0,23.163443,75.76963
MP-UJN,2023-02-01,16.9,24.2,11.6,63,94,0.0,0.0,16.4,45,19.13,3.86,960.8,8.8,493.0,23.163443,75.76963
MP-UJN,2023-02-02,15.9,25.7,6.9,50,90,0.0,0.0,9.8,57,19.84,4.05,960.1,3.6,493.0,23.163443,75.76963
MP-UJN,2023-02-03,17.2,26.5,9.9,53,86,0.0,0.0,10.6,85,19.55,4.04,959.6,5.7,493.0,23.163443,75.76963
MP-UJN,2023-02-04,18.4,26.7,9.5,49,89,0.0,0.0,10.0,86,19.47,4.16,958.2,5.9,493.0,23.163443,75.76963
MP-UJN,2023-02-05,19.2,28.2,10.0,47,88,0.0,0.0,9.1,152,19.39,3.98,956.9,6.1,493.0,23.163443,75.76963
MP-UJN,2023-02-06,20.1,28.5,12.8,43,61,0.0,0.0,11.5,227,19.25,4.73,956.3,6.3,493.0,23.163443,75.76963
MP-UJN,2023-02-07,19.9,27.2,13.7,49,79,0.0,0.0,9.8,331,19.5,4.38,956.7,8.0,493.0,23.163443,75.76963
MP-UJN,2023-02-08,19.9,27.6,11.5,38,60,0.0,0.0,9.8,69,19.82,4.44,958.1,4.4,493.0,23.163443,75.76963
MP-UJN,2023-02-09,20.3,29.6,11.3,51,89,0.0,0.0,10.2,193,19.8,4.48,957.5,8.4,493.0,23.163443,75.76963
MP-UJN,2023-02-10,22.0,31.1,14.4,40,65,0.0,0.0,18.8,249,19.96,5.63,957.8,6.4,493.0,23.163443,75.76963
MP-UJN,2023-02-11,21.8,29.9,14.7,37,56,0.0,0.0,15.9,278,20.06,5.38,958.7,5.9,493.0,23.163443,75.76963
MP-UJN,2023-02-12,20.6,28.3,13.6,42,77,0.0,0.0,14.5,9,20.25,5.03,961.2,5.9,493.0,23.163443,75.76963
MP-UJN,2023-02-13,18.5,27.0,11.5,33,50,0.0,0.0,11.2,3,21.0,4.93,961.3,0.8,493.0,23.163443,75.76963
MP-UJN,2023-02-14,20.1,29.0,10.4,32,52,0.0,0.0,11.3,64,20.81,4.64,960.3,1.4,493.0,23.163443,75.76963
MP-UJN,2023-02-15,22.3,31.9,13.6,35,54,0.0,0.0,10.1,8,20.8,4.97,958.5,5.2,493.0,23.163443,75.76963
MP-UJN,2023-02-16,22.5,32.2,15.3,37,56,0.0,0.0,11.5,358,20.97,5.23,958.9,6.1,493.0,23.163443,75.76963
MP-UJN,2023-02-17,21.8,31.3,13.9,42,62,0.0,0.0,12.0,50,21.15,5.34,959.3,7.1,493.0,23.163443,75.76963
MP-UJN,2023-02-18,22.0,31.2,14.2,46,70,0.0,0.0,10.7,60,21.36,5.08,959.1,8.6,493.0,23.163443,75.76963
MP-UJN,2023-02-19,23.6,31.6,14.3,41,72,0.0,0.0,8.7,158,21.34,4.43,958.9,8.2,493.0,23.163443,75.76963
MP-UJN,2023-02-20,23.5,33.1,13.2,41,82,0.0,0.0,12.5,231,21.49,5.62,957.7,7.4,493.0,23.163443,75.76963
MP-UJN,2023-02-21,24.0,33.1,15.8,30,53,0.0,0.0,17.4,248,21.46,6.39,957.8,3.7,493.0,23.163443,75.76963
MP-UJN,2023-02-22,23.0,31.5,14.9,38,65,0.0,0.0,13.3,266,21.0,5.41,957.5,7.2,493.0,23.163443,75.76963
MP-UJN,2023-02-23,23.6,32.0,16.8,39,60,0.0,0.0,10.2,265,21.59,5.41,957.5,7.6,493.0,23.163443,75.76963
MP-UJN,2023-02-24,23.3,31.6,15.6,36,61,0.0,0.0,11.4,295,21.94,5.03,958.9,5.9,493.0,23.163443,75.76963
MP-UJN,2023-02-25,23.2,32.1,15.1,27,46,0.0,0.0,11.7,298,22.27,5.54,960.1,2.2,493.0,23.163443,75.76963
MP-UJN,2023-02-26,23.6,31.6,15.7,28,55,0.0,0.0,9.7,287,22.31,5.26,961.1,2.6,493.0,23.163443,75.76963
MP-UJN,2023-02-27,23.9,32.0,15.2,30,59,0.0,0.0,10.2,28,22.15,5.14,960.8,3.5,493.0,23.163443,75.76963
MP-UJN,2023-02-28,24.3,33.1,16.6,31,54,0.0,0.0,14.9,180,20.63,5.96,960.2,5.2,493.0,23.163443,75.76963
MP-UJN,2023-03-01,25.2,33.1,17.3,31,51,0.0,0.0,9.8,332,19.71,4.93,960.9,6.1,493.0,23.163443,75.76963
MP-UJN,2023-03-02,25.5,33.1,18.5,30,49,0.0,0.0,11.2,358,21.54,5.56,961.6,5.7,493.0,23.163443,75.76963
MP-UJN,2023-03-03,26.2,33.9,18.9,31,50,0.0,0.0,12.4,80,21.03,5.5,962.5,6.7,493.0,23.163443,75.76963
MP-UJN,2023-03-04,26.5,33.8,18.9,31,47,0.0,0.0,19.8,101,19.81,5.92,962.4,7.4,493.0,23.163443,75.76963
MP-UJN,2023-03-05,25.5,32.7,18.9,41,71,0.0,0.0,15.0,49,20.85,5.62,962.6,9.9,493.0,23.163443,75.76963
MP-UJN,2023-03-06,23.9,32.3,18.1,48,74,0.2,0.2,24.2,138,18.76,4.86,960.8,10.6,493.0,23.163443,75.76963
MP-UJN,2023-03-07,22.6,29.0,17.2,58,92,4.0,4.0,15.0,166,20.16,4.55,960.3,13.0,493.0,23.163443,75.76963
MP-UJN,2023-03-08,22.4,30.4,16.0,54,89,0.4,0.4,14.6,118,22.19,5.13,960.7,11.0,493.0,23.163443,75.76963
MP-UJN,2023-03-09,22.1,30.0,14.3,49,94,0.0,0.0,15.5,7,22.0,5.41,960.3,8.6,493.0,23.163443,75.76963
MP-UJN,2023-03-10,23.1,30.5,15.5,44,76,0.0,0.0,13.0,27,23.13,5.7,960.0,8.4,493.0,23.163443,75.76963
MP-UJN,2023-03-11,23.8,31.4,16.8,39,67,0.0,0.0,11.5,65,23.43,5.29,959.7,7.5,493.0,23.163443,75.76963
MP-UJN,2023-03-12,25.1,32.6,17.3,35,55,0.0,0.0,12.8,72,23.21,5.69,958.9,7.4,493.0,23.163443,75.76963
MP-UJN,2023-03-13,26.3,33.7,19.4,31,47,0.0,0.0,15.6,179,19.63,5.91,957.6,7.2,493.0,23.163443,75.76963
MP-UJN,2023-03-14,26.0,33.7,18.1,31,51,0.0,0.0,14.0,293,22.31,6.1,955.6,6.3,493.0,23.163443,75.76963
MP-UJN,2023-03-15,26.3,34.1,18.0,33,58,0.0,0.0,24.6,207,18.46,5.9,954.4,7.2,493.0,23.163443,75.76963
MP-UJN,2023-03-16,25.8,31.4,21.2,37,52,0.0,0.0,18.9,239,21.46,6.2,955.6,9.4,493.0,23.163443,75.76963
MP-UJN,2023-03-17,23.0,29.7,18.0,53,71,1.2,1.2,14.2,235,19.47,4.65,956.1,12.5,493.0,23.163443,75.76963
MP-UJN,2023-03-18,22.4,29.0,17.0,60,88,0.1,0.1,16.9,219,18.24,4.38,954.8,13.5,493.0,23.163443,75.76963
MP-UJN,2023-03-19,21.1,27.1,17.4,66,91,4.6,4.6,15.9,217,17.49,3.79,953.4,14.1,493.0,23.163443,75.76963
MP-UJN,2023-03-20,21.8,28.6,15.8,62,96,0.0,0.0,16.8,225,21.66,4.97,952.4,13.0,493.0,23.163443,75.76963
MP-UJN,2023-03-21,23.5,30.1,18.3,48,68,0.0,0.0,16.2,272,22.88,5.77,953.2,10.8,493.0,23.163443,75.76963
MP-UJN,2023-03-22,23.5,30.6,17.3,50,75,0.0,0.0,18.3,245,20.84,4.85,954.6,11.7,493.0,23.163443,75.76963
MP-UJN,2023-03-23,24.3,30.4,17.4,50,75,0.0,0.0,16.9,272,20.66,5.29,954.6,12.3,493.0,23.163443,75.76963
MP-UJN,2023-03-24,25.2,31.4,20.1,51,71,0.0,0.0,19.6,252,21.38,6.0,954.6,13.7,493.0,23.163443,75.76963
MP-UJN,2023-03-25,25.3,32.3,19.2,44,78,0.0,0.0,15.7,260,24.63,6.53,956.1,10.9,493.0,23.163443,75.76963
MP-UJN,2023-03-26,24.9,32.1,17.4,34,62,0.0,0.0,17.0,285,25.12,6.72,955.5,6.7,493.0,23.163443,75.76963
MP-UJN,2023-03-27,25.8,33.2,18.3,30,48,0.0,0.0,12.1,304,25.05,6.38,954.9,5.9,493.0,23.163443,75.76963
MP-UJN,2023-03-28,26.6,33.5,19.2,31,55,0.0,0.0,12.3,97,23.93,6.36,954.9,7.3,493.0,23.163443,75.76963
MP-UJN,2023-03-29,27.7,35.0,19.8,25,43,0.0,0.0,19.8,268,25.02,7.39,954.9,4.7,493.0,23.163443,75.76963
MP-UJN,2023-03-30,26.2,33.0,21.8,35,56,0.0,0.0,19.3,268,16.99,5.91,953.7,9.2,493.0,23.163443,75.76963
MP-UJN,2023-03-31,25.4,31.7,19.9,42,75,0.0,0.0,21.2,260,24.08,7.0,953.5,9.5,493.0,23.163443,75.76963
MP-UJN,2023-04-01,25.9,32.4,18.8,37,56,0.0,0.0,17.1,290,23.03,6.65,954.5,9.3,493.0,23.163443,75.76963
MP-UJN,2023-04-02,27.1,33.7,20.9,33,51,0.0,0.0,15.6,277,22.94,7.01,954.3,8.3,493.0,23.163443,75.76963
MP-UJN,2023-04-03,27.6,34.6,20.5,29,43,0.0,0.0,21.8,273,24.08,7.74,954.1,7.2,493.0,23.163443,75.76963
MP-UJN,2023-04-04,28.3,33.9,22.5,30,47,0.0,0.0,19.7,281,22.35,7.83,955.3,8.3,493.0,23.163443,75.76963
MP-UJN,2023-04-05,27.6,34.6,20.0,29,51,0.0,0.0,20.3,281,22.54,7.24,955.3,6.8,493.0,23.163443,75.76963
MP-UJN,2023-04-06,27.6,35.2,20.0,31,59,0.0,0.0,12.4,294,22.92,6.3,956.2,6.9,493.0,23.163443,75.76963
MP-UJN,2023-04-07,28.6,35.5,22.1,25,36,0.0,0.0,13.7,20,22.37,6.53,957.8,6.1,493.0,23.163443,75.76963
MP-UJN,2023-04-08,28.3,34.9,21.8,36,74,0.0,0.0,16.8,247,23.41,6.47,959.2,10.7,493.0,23.163443,75.76963
MP-UJN,2023-04-09,28.8,35.9,21.6,35,75,0.0,0.0,13.8,329,23.87,6.86,959.3,9.2,493.0,23.163443,75.76963
MP-UJN,2023-04-10,30.0,36.6,22.4,25,51,0.0,0.0,11.1,102,24.07,6.56,958.1,7.0,493.0,23.163443,75.76963
MP-UJN,2023-04-11,30.9,37.8,22.7,23,38,0.0,0.0,13.1,255,23.11,7.32,957.8,6.8,493.0,23.163443,75.76963
MP-UJN,2023-04-12,31.6,38.7,23.7,24,43,0.0,0.0,19.4,286,24.16,8.2,957.4,7.6,493.0,23.163443,75.76963
MP-UJN,2023-04-13,31.8,38.8,25.8,24,37,0.0,0.0,22.6,275,24.06,8.88,957.0,7.7,493.0,23.163443,75.76963
MP-UJN,2023-04-14,31.3,38.2,25.4,24,38,0.0,0.0,17.7,279,23.91,8.16,956.3,7.0,493.0,23.163443,75.76963
MP-UJN,2023-04-15,31.1,37.6,24.6,23,34,0.0,0.0,14.4,249,22.18,7.39,955.9,6.4,493.0,23.163443,75.76963
MP-UJN,2023-04-16,31.3,37.9,24.2,28,56,0.0,0.0,19.1,254,24.4,7.96,955.0,8.7,493.0,23.163443,75.76963
MP-UJN,2023-04-17,31.7,39.1,24.1,20,41,0.0,0.0,23.1,290,25.06,8.38,955.3,4.4,493.0,23.163443,75.76963
MP-UJN,2023-04-18,32.2,39.4,25.2,19,27,0.0,0.0,18.1,280,24.53,8.73,956.4,5.0,493.0,23.163443,75.76963
MP-UJN,2023-04-19,32.1,38.8,25.4,23,41,0.0,0.0,23.8,268,24.28,8.67,954.2,7.4,493.0,23.163443,75.76963
MP-UJN,2023-04-20,31.0,37.7,24.9,25,41,0.0,0.0,27.7,260,25.8,9.29,951.3,7.5,493.0,23.163443,75.76963
MP-UJN,2023-04-21,30.0,36.7,23.4,26,41,0.0,0.0,23.0,262,25.3,8.44,951.4,7.5,493.0,23.163443,75.76963
MP-UJN,2023-04-22,29.0,36.1,24.2,29,43,0.0,0.0,25.0,253,21.17,7.18,951.3,7.9,493.0,23.163443,75.76963
MP-UJN,2023-04-23,29.5,37.1,23.2,26,61,0.0,0.0,21.5,281,23.58,8.62,951.2,4.3,493.0,23.163443,75.76963
MP-UJN,2023-04-24,28.4,35.8,20.2,24,62,0.0,0.0,18.0,303,26.89,7.76,953.6,2.3,493.0,23.163443,75.76963
MP-UJN,2023-04-25,30.1,37.5,22.9,27,56,0.0,0.0,20.9,52,26.24,8.16,954.4,6.9,493.0,23.163443,75.76963
MP-UJN,2023-04-26,27.8,35.1,23.5,44,62,5.2,5.2,18.4,116,19.21,6.29,954.1,13.7,493.0,23.163443,75.76963
MP-UJN,2023-04-27,27.8,35.0,20.7,46,76,0.0,0.0,21.0,195,24.27,7.21,954.2,13.6,493.0,23.163443,75.76963
MP-UJN,2023-04-28,26.2,32.5,22.4,55,76,4.1,4.1,24.1,175,21.82,5.51,955.2,15.9,493.0,23.163443,75.76963
MP-UJN,2023-04-29,25.6,30.5,21.5,57,87,0.2,0.2,16.9,187,13.62,4.07,954.2,15.3,493.0,23.163443,75.76963
MP-UJN,2023-04-30,23.4,28.1,20.7,69,85,12.6,12.6,15.2,158,18.13,3.9,952.7,17.3,493.0,23.163443,75.76963
MP-UJN,2023-05-01,24.3,30.3,19.5,63,91,0.3,0.3,15.6,217,22.45,5.22,952.0,16.0,493.0,23.163443,75.76963
MP-UJN,2023-05-02,25.3,31.7,20.4,60,83,0.6,0.6,17.4,241,22.3,5.32,953.3,16.4,493.0,23.163443,75.76963
MP-UJN,2023-05-03,25.8,31.9,20.0,62,91,0.0,0.0,13.9,248,24.04,5.55,954.5,16.8,493.0,23.163443,75.76963
MP-UJN,2023-05-04,26.3,33.3,21.1,62,87,0.1,0.1,12.8,240,20.42,4.98,954.2,17.5,493.0,23.163443,75.76963
MP-UJN,2023-05-05,27.4,32.7,22.5,56,80,0.0,0.0,16.4,225,20.52,5.07,953.6,17.2,493.0,23.163443,75.76963
MP-UJN,2023-05-06,29.2,35.8,23.3,47,72,0.0,0.0,16.0,269,23.63,6.55,953.2,15.8,493.0,23.163443,75.76963
MP-UJN,2023-05-07,30.9,36.6,24.9,40,64,0.0,0.0,15.6,290,23.43,6.95,952.9,14.8,493.0,23.163443,75.76963
MP-UJN,2023-05-08,31.1,37.1,25.4,34,47,0.0,0.0,19.7,287,23.22,7.83,952.4,12.5,493.0,23.163443,75.76963
MP-UJN,2023-05-09,31.7,38.7,24.5,25,42,0.0,0.0,17.7,306,25.37,8.27,953.3,7.8,493.0,23.163443,75.76963
MP-UJN,2023-05-10,31.5,39.8,23.1,18,34,0.0,0.0,15.3,334,27.48,7.83,953.1,2.6,493.0,23.163443,75.76963
MP-UJN,2023-05-11,32.3,40.4,23.3,17,28,0.0,0.0,12.4,298,27.53,7.79,953.4,2.5,493.0,23.163443,75.76963
MP-UJN,2023-05-12,33.2,41.8,24.3,17,30,0.0,0.0,17.6,284,27.48,8.19,952.9,3.2,493.0,23.163443,75.76963
MP-UJN,2023-05-13,34.2,43.0,24.2,18,33,0.0,0.0,17.9,292,25.28,9.26,952.4,4.7,493.0,23.163443,75.76963
MP-UJN,2023-05-14,34.5,41.1,28.4,22,38,0.0,0.0,21.4,272,25.02,10.32,951.2,9.1,493.0,23.163443,75.76963
MP-UJN,2023-05-15,32.6,38.8,26.7,35,61,0.0,0.0,23.0,265,25.37,9.48,952.0,13.8,493.0,23.163443,75.76963
MP-UJN,2023-05-16,31.8,38.7,25.6,44,80,0.0,0.0,21.2,264,25.73,8.31,953.7,16.8,493.0,23.163443,75.76963
MP-UJN,2023-05-17,32.3,38.5,26.0,39,72,0.0,0.0,18.9,262,24.58,8.07,954.6,14.7,493.0,23.163443,75.76963
MP-UJN,2023-05-18,32.8,39.1,27.0,30,59,0.0,0.0,19.1,275,25.39,9.08,956.0,11.2,493.0,23.163443,75.76963
MP-UJN,2023-05-19,33.1,40.0,26.8,29,52,0.0,0.0,18.1,286,26.31,8.91,954.6,11.5,493.0,23.163443,75.76963
MP-UJN,2023-05-20,33.7,40.2,27.8,29,50,0.0,0.0,19.4,290,23.94,8.75,953.6,12.1,493.0,23.163443,75.76963
MP-UJN,2023-05-21,32.3,40.7,27.9,36,55,0.0,0.0,16.7,264,24.21,7.95,954.5,14.2,493.0,23.163443,75.76963
MP-UJN,2023-05-22,33.4,40.8,27.1,32,53,0.0,0.0,17.7,263,25.1,8.67,955.1,13.1,493.0,23.163443,75.76963
MP-UJN,2023-05-23,33.3,40.1,26.9,32,55,0.0,0.0,21.7,264,25.48,9.35,955.3,13.4,493.0,23.163443,75.76963
MP-UJN,2023-05-24,32.7,39.5,26.7,34,56,0.0,0.0,26.1,260,26.65,9.48,953.6,13.6,493.0,23.163443,75.76963
MP-UJN,2023-05-25,32.2,37.6,26.2,40,71,0.0,0.0,28.9,263,24.71,9.45,953.4,15.6,493.0,23.163443,75.76963
MP-UJN,2023-05-26,30.7,36.4,24.5,46,78,0.0,0.0,23.1,258,24.94,8.39,954.1,16.8,493.0,23.163443,75.76963
MP-UJN,2023-05-27,31.7,38.0,25.4,46,78,0.0,0.0,25.2,259,25.22,8.78,952.9,17.5,493.0,23.163443,75.76963
MP-UJN,2023-05-28,30.7,37.4,25.7,51,75,0.9,0.9,21.6,267,24.7,7.15,953.4,18.4,493.0,23.163443,75.76963
MP-UJN,2023-05-29,30.8,36.8,25.1,45,74,0.0,0.0,21.5,282,25.25,7.57,954.0,16.5,493.0,23.163443,75.76963
MP-UJN,2023-05-30,31.1,38.2,24.3,40,69,0.0,0.0,18.6,306,25.62,7.1,954.3,14.7,493.0,23.163443,75.76963
MP-UJN,2023-05-31,31.2,37.2,23.6,37,69,0.0,0.0,24.3,279,25.03,8.29,954.0,13.2,493.0,23.163443,75.76963
MP-UJN,2023-06-01,32.6,39.0,25.5,28,49,0.0,0.0,23.4,275,26.88,9.14,953.2,10.5,493.0,23.163443,75.76963
MP-UJN,2023-06-02,32.6,37.8,27.3,34,48,0.0,0.0,18.8,279,23.33,8.35,952.9,14.4,493.0,23.163443,75.76963
MP-UJN,2023-06-03,31.8,35.3,27.9,45,64,0.1,0.1,15.8,276,20.31,6.57,952.9,17.7,493.0,23.163443,75.76963
MP-UJN,2023-06-04,31.2,36.9,26.7,45,64,0.8,0.8,16.6,289,21.61,6.81,952.9,17.2,493.0,23.163443,75.76963
MP-UJN,2023-06-05,31.8,37.1,25.9,43,63,0.0,0.0,16.3,296,24.1,7.38,951.8,16.7,493.0,23.163443,75.76963
MP-UJN,2023-06-06,32.5,37.7,27.2,42,65,0.0,0.0,16.9,284,24.33,7.58,951.6,17.3,493.0,23.163443,75.76963
MP-UJN,2023-06-07,33.1,38.7,27.4,40,65,0.0,0.0,19.2,291,24.04,8.07,951.4,16.6,493.0,23.163443,75.76963
MP-UJN,2023-06-08,32.6,38.7,27.6,45,64,0.2,0.2,17.6,279,23.85,7.61,952.0,18.2,493.0,23.163443,75.76963
MP-UJN,2023-06-09,33.0,38.8,27.5,42,58,0.0,0.0,18.5,282,24.56,8.22,950.2,17.4,493.0,23.163443,75.76963
MP-UJN,2023-06-10,33.0,39.4,27.2,42,70,0.0,0.0,22.0,277,25.21,8.57,949.1,17.5,493.0,23.163443,75.76963
MP-UJN,2023-06-11,32.7,38.4,26.8,44,68,0.0,0.0,19.5,272,24.51,7.79,949.2,17.8,493.0,23.163443,75.76963
MP-UJN,2023-06-12,33.3,39.1,28.2,40,62,0.4,0.4,21.4,259,21.18,7.49,948.8,17.2,493.0,23.163443,75.76963
MP-UJN,2023-06-13,33.4,39.3,28.0,42,67,0.0,0.0,23.6,263,24.1,8.6,949.3,17.5,493.0,23.163443,75.76963
MP-UJN,2023-06-14,31.9,38.0,27.2,49,65,0.1,0.1,28.1,256,24.48,8.58,950.8,19.2,493.0,23.163443,75.76963
MP-UJN,2023-06-15,31.9,38.4,25.6,48,79,0.0,0.0,23.4,243,24.68,8.51,950.8,18.1,493.0,23.163443,75.76963
MP-UJN,2023-06-16,31.7,37.7,27.1,48,62,0.2,0.2,29.5,225,23.29,8.14,949.7,18.8,493.0,23.163443,75.76963
MP-UJN,2023-06-17,30.8,36.8,26.1,52,73,0.1,0.1,29.3,227,23.0,8.41,949.5,19.2,493.0,23.163443,75.76963
MP-UJN,2023-06-18,30.1,36.5,25.2,55,82,0.0,0.0,31.4,241,23.71,8.38,949.6,19.3,493.0,23.163443,75.76963
MP-UJN,2023-06-19,28.5,32.8,25.5,63,81,0.0,0.0,30.0,255,11.74,5.18,949.2,20.6,493.0,23.163443,75.76963
MP-UJN,2023-06-20,29.5,33.9,25.5,63,82,2.3,2.3,26.4,274,18.38,5.73,949.0,21.4,493.0,23.163443,75.76963
MP-UJN,2023-06-21,28.8,36.0,23.1,66,96,30.2,30.2,21.4,268,18.82,5.37,949.6,21.4,493.0,23.163443,75.76963
MP-UJN,2023-06-22,28.5,32.1,25.4,66,79,1.9,1.9,21.0,265,12.24,4.0,950.0,21.3,493.0,23.163443,75.76963
MP-UJN,2023-06-23,28.5,33.6,26.0,69,85,5.5,5.5,20.4,270,15.21,4.48,949.8,22.1,493.0,23.163443,75.76963
MP-UJN,2023-06-24,26.2,30.2,24.1,84,94,23.5,23.5,15.0,268,12.0,2.81,948.6,23.2,493.0,23.163443,75.76963
MP-UJN,2023-06-25,26.7,32.3,23.1,80,94,0.7,0.7,16.9,275,17.33,4.04,947.9,22.8,493.0,23.163443,75.76963
MP-UJN,2023-06-26,25.2,28.8,23.2,88,97,21.4,21.4,16.6,272,8.72,2.1,948.8,23.0,493.0,23.163443,75.76963
MP-UJN,2023-06-27,25.0,27.6,23.5,92,97,14.9,14.9,15.8,274,8.85,1.95,948.3,23.6,493.0,23.163443,75.76963
MP-UJN,2023-06-28,25.6,27.9,23.5,89,96,29.8,29.8,16.9,272,11.28,2.5,949.0,23.6,493.0,23.163443,75.76963
MP-UJN,2023-06-29,25.1,28.5,23.2,90,98,19.1,19.1,17.0,258,11.97,2.57,948.1,23.3,493.0,23.163443,75.76963
MP-UJN,2023-06-30,25.2,28.2,22.9,88,98,20.1,20.1,21.4,251,11.54,2.58,947.7,22.9,493.0,23.163443,75.76963
MP-UJN,2023-07-01,25.8,30.0,23.7,86,95,11.9,11.9,18.5,259,16.14,3.52,948.9,23.2,493.0,23.163443,75.76963
MP-UJN,2023-07-02,26.4,29.9,23.6,83,96,4.3,4.3,18.1,267,14.73,3.3,949.8,23.2,493.0,23.163443,75.76963
MP-UJN,2023-07-03,28.0,32.4,24.3,78,94,0.9,0.9,14.4,273,22.2,4.96,949.1,23.6,493.0,23.163443,75.76963
MP-UJN,2023-07-04,28.8,32.9,25.4,77,90,1.7,1.7,15.2,268,23.1,5.24,947.0,24.1,493.0,23.163443,75.76963
MP-UJN,2023-07-05,27.1,31.3,23.9,84,96,8.1,8.1,14.8,280,17.22,3.74,945.7,24.1,493.0,23.163443,75.76963
MP-UJN,2023-07-06,26.7,30.8,23.5,85,98,24.1,24.1,11.2,278,14.84,3.21,946.5,23.8,493.0,23.163443,75.76963
MP-UJN,2023-07-07,26.3,30.1,24.0,87,97,15.8,15.8,10.5,252,13.59,2.91,947.5,24.0,493.0,23.163443,75.76963
MP-UJN,2023-07-08,26.2,30.2,23.9,85,98,17.2,17.2,19.4,234,19.81,4.18,948.1,23.4,493.0,23.163443,75.76963
MP-UJN,2023-07-09,26.0,29.1,24.5,85,93,13.2,13.2,24.4,233,16.21,3.61,948.5,23.3,493.0,23.163443,75.76963
MP-UJN,2023-07-10,26.0,29.6,24.2,85,94,3.0,3.0,26.5,244,17.6,3.81,948.6,23.2,493.0,23.163443,75.76963
MP-UJN,2023-07-11,25.4,28.1,23.7,89,97,23.1,23.1,21.6,271,12.09,2.64,949.2,23.3,493.0,23.163443,75.76963
MP-UJN,2023-07-12,25.9,29.2,23.6,88,97,1.0,1.0,20.5,274,13.47,2.98,948.6,23.7,493.0,23.163443,75.76963
MP-UJN,2023-07-13,26.5,30.4,24.3,84,96,5.0,5.0,18.9,276,16.8,3.75,948.8,23.5,493.0,23.163443,75.76963
MP-UJN,2023-07-14,25.7,29.1,24.0,89,96,13.4,13.4,18.7,268,12.23,2.69,950.0,23.6,493.0,23.163443,75.76963
MP-UJN,2023-07-15,25.7,29.5,23.8,87,96,6.4,6.4,16.2,266,12.12,2.76,950.2,23.3,493.0,23.163443,75.76963
MP-UJN,2023-07-16,25.6,29.0,23.3,86,96,6.0,6.0,18.3,272,12.21,2.82,949.5,23.0,493.0,23.163443,75.76963
MP-UJN,2023-07-17,25.5,28.5,23.9,89,95,11.6,11.6,17.4,282,11.62,2.55,948.2,23.5,493.0,23.163443,75.76963
MP-UJN,2023-07-18,25.7,28.7,23.6,90,98,35.8,35.8,18.3,298,13.87,2.9,946.9,23.8,493.0,23.163443,75.76963
MP-UJN,2023-07-19,25.9,30.2,23.1,90,99,10.2,10.2,11.7,358,15.25,3.22,945.3,23.9,493.0,23.163443,75.76963
MP-UJN,2023-07-20,26.7,31.7,23.8,87,100,11.9,11.9,14.5,236,20.66,4.35,945.5,24.1,493.0,23.163443,75.76963
MP-UJN,2023-07-21,26.3,30.8,24.1,88,97,15.8,15.8,13.0,292,13.74,3.02,947.6,24.0,493.0,23.163443,75.76963
MP-UJN,2023-07-22,25.9,30.4,23.2,88,98,33.5,33.5,16.1,47,15.15,3.14,947.8,23.7,493.0,23.163443,75.76963
MP-UJN,2023-07-23,26.3,31.1,23.4,88,98,23.6,23.6,12.1,149,17.04,3.54,947.2,24.1,493.0,23.163443,75.76963
MP-UJN,2023-07-24,26.7,30.9,23.3,83,94,1.5,1.5,13.8,246,20.77,4.47,947.7,23.3,493.0,23.163443,75.76963
MP-UJN,2023-07-25,26.7,29.6,24.3,84,96,1.7,1.7,15.9,259,16.49,3.65,949.2,23.6,493.0,23.163443,75.76963
MP-UJN,2023-07-26,26.9,30.2,24.3,83,93,2.2,2.2,13.5,281,18.08,3.98,950.3,23.6,493.0,23.163443,75.76963
MP-UJN,2023-07-27,26.3,29.7,24.5,88,96,10.1,10.1,14.8,295,14.65,3.13,949.6,24.1,493.0,23.163443,75.76963
MP-UJN,2023-07-28,25.7,29.4,23.9,87,97,4.9,4.9,22.3,276,13.54,3.02,949.2,23.2,493.0,23.163443,75.76963
MP-UJN,2023-07-29,26.3,29.8,23.8,80,94,1.2,1.2,22.7,263,21.54,4.77,949.8,22.4,493.0,23.163443,75.76963
MP-UJN,2023-07-30,25.7,29.1,23.6,83,94,6.1,6.1,22.8,262,20.6,4.34,949.3,22.5,493.0,23.163443,75.76963
MP-UJN,2023-07-31,26.4,30.4,23.0,82,96,4.8,4.8,23.4,262,21.88,4.74,948.9,22.9,493.0,23.163443,75.76963
MP-UJN,2023-08-01,25.9,29.4,23.9,83,94,1.6,1.6,25.1,264,19.54,4.2,948.5,22.7,493.0,23.163443,75.76963
MP-UJN,2023-08-02,25.7,29.1,22.8,83,95,6.5,6.5,27.7,266,19.62,4.2,948.7,22.5,493.0,23.163443,75.76963
MP-UJN,2023-08-03,24.3,26.0,23.4,89,96,4.3,4.3,24.5,266,6.79,1.83,948.5,22.3,493.0,23.163443,75.76963
MP-UJN,2023-08-04,24.2,25.6,23.4,92,95,10.0,10.0,20.5,259,7.33,1.65,949.9,22.8,493.0,23.163443,75.76963
MP-UJN,2023-08-05,25.7,28.6,23.7,85,96,2.2,2.2,20.5,259,16.25,3.47,951.8,22.9,493.0,23.163443,75.76963
MP-UJN,2023-08-06,26.1,29.2,23.8,81,94,0.6,0.6,25.6,254,19.53,4.34,950.6,22.5,493.0,23.163443,75.76963
MP-UJN,2023-08-07,25.5,28.7,23.5,80,91,0.8,0.8,28.3,253,19.96,4.46,949.0,21.7,493.0,23.163443,75.76963
MP-UJN,2023-08-08,25.6,28.9,23.2,79,91,0.6,0.6,25.0,255,19.22,4.33,950.0,21.7,493.0,23.163443,75.76963
MP-UJN,2023-08-09,25.8,29.1,23.7,79,91,0.5,0.5,21.4,255,19.36,4.35,952.5,21.8,493.0,23.163443,75.76963
MP-UJN,2023-08-10,25.6,29.1,23.4,82,93,1.2,1.2,17.7,257,22.58,4.63,953.4,22.2,493.0,23.163443,75.76963
MP-UJN,2023-08-11,25.5,29.1,23.1,82,94,0.6,0.6,18.7,261,20.2,4.21,953.2,22.1,493.0,23.163443,75.76963
MP-UJN,2023-08-12,25.3,28.5,22.4,81,95,1.8,1.8,18.9,254,20.05,4.25,952.3,21.7,493.0,23.163443,75.76963
MP-UJN,2023-08-13,25.5,29.2,23.0,79,95,2.1,2.1,22.3,252,20.4,4.47,950.5,21.5,493.0,23.163443,75.76963
MP-UJN,2023-08-14,25.2,28.5,23.4,82,92,0.9,0.9,17.1,244,14.25,3.34,951.5,21.7,493.0,23.163443,75.76963
MP-UJN,2023-08-15,25.6,29.2,22.8,83,97,4.1,4.1,14.2,254,19.55,4.08,952.4,22.4,493.0,23.163443,75.76963
MP-UJN,2023-08-16,25.7,29.1,22.5,82,94,1.3,1.3,17.3,267,20.36,4.3,952.9,22.3,493.0,23.163443,75.76963
MP-UJN,2023-08-17,25.6,29.3,22.6,82,94,1.9,1.9,20.9,270,20.15,4.3,952.6,22.3,493.0,23.163443,75.76963
MP-UJN,2023-08-18,25.1,29.4,23.1,86,94,9.8,9.8,17.4,283,16.1,3.46,951.4,22.4,493.0,23.163443,75.76963
MP-UJN,2023-08-19,24.8,28.7,23.0,86,94,9.9,9.9,16.7,297,13.99,3.08,949.9,22.3,493.0,23.163443,75.76963
MP-UJN,2023-08-20,24.7,28.5,22.8,90,96,24.0,24.0,19.4,289,11.65,2.5,949.5,22.9,493.0,23.163443,75.76963
MP-UJN,2023-08-21,24.7,27.1,22.9,88,96,1.9,1.9,20.5,259,10.69,2.39,950.5,22.5,493.0,23.163443,75.76963
MP-UJN,2023-08-22,25.4,28.9,22.6,88,95,7.7,7.7,16.3,265,16.85,3.48,950.7,23.1,493.0,23.163443,75.76963
MP-UJN,2023-08-23,25.5,29.1,23.0,83,94,0.8,0.8,22.7,257,17.0,3.77,950.2,22.3,493.0,23.163443,75.76963
MP-UJN,2023-08-24,25.2,28.1,23.3,81,93,1.5,1.5,23.4,248,13.81,3.32,949.4,21.7,493.0,23.163443,75.76963
MP-UJN,2023-08-25,25.5,28.8,22.6,80,92,0.3,0.3,23.5,250,19.97,4.31,949.7,21.6,493.0,23.163443,75.76963
MP-UJN,2023-08-26,25.4,29.3,22.4,79,94,1.3,1.3,19.3,254,22.03,4.68,951.2,21.4,493.0,23.163443,75.76963
MP-UJN,2023-08-27,25.3,29.0,22.3,79,94,0.4,0.4,18.8,261,23.29,4.9,951.9,21.3,493.0,23.163443,75.76963
MP-UJN,2023-08-28,25.0,29.1,21.5,76,95,0.7,0.7,23.0,261,22.05,4.84,951.6,20.3,493.0,23.163443,75.76963
MP-UJN,2023-08-29,25.3,29.6,21.5,77,94,0.4,0.4,19.6,269,22.35,4.84,952.6,20.6,493.0,23.163443,75.76963
MP-UJN,2023-08-30,25.2,30.4,20.2,77,93,0.1,0.1,13.5,277,23.61,4.94,953.8,20.7,493.0,23.163443,75.76963
MP-UJN,2023-08-31,26.2,30.5,21.9,76,94,0.0,0.0,10.1,290,23.52,4.94,954.1,21.4,493.0,23.163443,75.76963
MP-UJN,2023-09-01,27.0,31.5,22.8,72,89,0.0,0.0,12.0,296,23.71,5.24,954.0,21.3,493.0,23.163443,75.76963
MP-UJN,2023-09-02,27.5,31.7,23.7,69,83,0.2,0.2,12.1,292,23.32,5.45,953.2,21.1,493.0,23.163443,75.76963
MP-UJN,2023-09-03,27.4,31.6,23.9,69,80,0.3,0.3,14.4,291,23.36,5.51,952.1,20.9,493.0,23.163443,75.76963
MP-UJN,2023-09-04,27.3,31.7,23.9,70,83,0.4,0.4,15.6,299,23.21,5.52,950.8,21.2,493.0,23.163443,75.76963
MP-UJN,2023-09-05,27.5,31.8,24.0,64,76,0.0,0.0,19.3,308,23.19,5.94,949.8,19.8,493.0,23.163443,75.76963
MP-UJN,2023-09-06,25.7,30.0,23.7,82,96,7.1,7.1,17.8,357,15.65,3.45,949.0,22.3,493.0,23.163443,75.76963
MP-UJN,2023-09-07,24.7,27.5,23.1,92,97,19.3,19.3,17.9,11,11.98,2.37,948.7,23.2,493.0,23.163443,75.76963
MP-UJN,2023-09-08,25.1,28.5,23.2,91,97,25.3,25.3,15.3,349,11.89,2.51,948.7,23.4,493.0,23.163443,75.76963
MP-UJN,2023-09-09,24.9,28.1,23.3,91,98,17.8,17.8,20.5,297,12.0,2.47,948.4,23.3,493.0,23.163443,75.76963
MP-UJN,2023-09-10,25.9,29.5,23.4,84,99,0.8,0.8,23.2,278,14.36,3.44,948.2,22.8,493.0,23.163443,75.76963
MP-UJN,2023-09-11,26.2,29.7,23.6,78,91,0.0,0.0,25.2,270,20.49,4.72,949.4,22.1,493.0,23.163443,75.76963
MP-UJN,2023-09-12,25.9,29.4,23.5,78,93,0.0,0.0,22.7,271,21.03,4.75,950.4,21.6,493.0,23.163443,75.76963
MP-UJN,2023-09-13,25.0,27.7,22.8,83,93,2.0,2.0,19.5,277,14.84,3.31,950.4,21.9,493.0,23.163443,75.76963
MP-UJN,2023-09-14,24.9,28.5,23.1,89,96,12.8,12.8,15.9,289,13.08,2.71,950.7,22.8,493.0,23.163443,75.76963
MP-UJN,2023-09-15,24.9,28.9,22.8,90,98,29.0,29.0,19.7,307,12.34,2.61,949.7,23.1,493.0,23.163443,75.76963
MP-UJN,2023-09-16,23.4,24.5,22.7,96,97,100.9,100.9,39.3,307,2.43,0.68,944.2,22.8,493.0,23.163443,75.76963
MP-UJN,2023-09-17,23.1,25.4,22.2,91,98,35.1,35.1,36.2,225,9.14,1.88,946.2,21.5,493.0,23.163443,75.76963
MP-UJN,2023-09-18,24.9,28.4,22.5,84,96,5.1,5.1,22.6,204,17.5,3.66,948.9,22.0,493.0,23.163443,75.76963
MP-UJN,2023-09-19,25.6,29.6,22.4,84,97,1.2,1.2,16.3,200,19.48,4.02,951.6,22.6,493.0,23.163443,75.76963
MP-UJN,2023-09-20,26.0,29.9,22.2,84,99,2.4,2.4,9.8,230,20.67,4.32,952.6,22.9,493.0,23.163443,75.76963
MP-UJN,2023-09-21,25.8,30.1,23.0,87,98,0.7,0.7,11.6,281,16.85,3.49,952.8,23.4,493.0,23.163443,75.76963
MP-UJN,2023-09-22,25.6,29.4,23.8,88,98,1.3,1.3,16.2,294,13.74,2.9,952.9,23.3,493.0,23.163443,75.76963
MP-UJN,2023-09-23,25.7,29.4,23.7,89,98,2.1,2.1,14.6,282,12.84,2.72,953.2,23.6,493.0,23.163443,75.76963
MP-UJN,2023-09-24,26.2,30.8,23.5,85,99,0.2,0.2,13.4,290,20.36,4.24,953.2,23.4,493.0,23.163443,75.76963
MP-UJN,2023-09-25,25.1,29.5,22.9,88,97,5.9,5.9,10.9,284,15.45,3.15,953.0,23.0,493.0,23.163443,75.76963
MP-UJN,2023-09-26,25.5,30.4,21.8,87,99,9.0,9.0,16.3,319,18.68,3.77,953.1,23.0,493.0,23.163443,75.76963
MP-UJN,2023-09-27,26.5,31.0,22.8,82,96,1.1,1.1,11.2,9,20.33,4.31,953.0,23.0,493.0,23.163443,75.76963
MP-UJN,2023-09-28,26.5,31.2,22.4,80,96,0.1,0.1,11.5,34,20.53,4.39,952.7,22.6,493.0,23.163443,75.76963
MP-UJN,2023-09-29,26.9,31.9,22.7,69,96,0.0,0.0,15.4,15,22.13,5.17,952.5,20.1,493.0,23.163443,75.76963
MP-UJN,2023-09-30,26.1,32.1,21.0,57,75,0.0,0.0,16.0,43,22.57,5.56,952.3,16.5,493.0,23.163443,75.76963
MP-UJN,2023-10-01,26.4,32.3,20.5,56,79,0.0,0.0,12.9,17,22.34,5.38,951.6,16.6,493.0,23.163443,75.76963
MP-UJN,2023-10-02,25.9,32.8,20.0,57,80,0.0,0.0,13.2,8,22.45,5.48,952.6,16.1,493.0,23.163443,75.76963
MP-UJN,2023-10-03,25.3,32.3,18.8,56,77,0.0,0.0,14.0,311,22.1,5.47,954.2,15.4,493.0,23.163443,75.76963
MP-UJN,2023-10-04,25.4,31.6,20.4,54,70,0.0,0.0,14.8,292,22.59,5.73,955.0,14.9,493.0,23.163443,75.76963
MP-UJN,2023-10-05,25.7,32.1,19.7,56,79,0.0,0.0,14.3,289,22.55,5.81,954.8,15.5,493.0,23.163443,75.76963
MP-UJN,2023-10-06,25.8,31.9,20.4,54,68,0.0,0.0,15.5,287,22.32,5.86,954.3,15.5,493.0,23.163443,75.76963
MP-UJN,2023-10-07,26.0,32.5,20.1,63,90,0.0,0.0,13.9,291,22.15,5.33,955.1,17.6,493.0,23.163443,75.76963
MP-UJN,2023-10-08,26.2,32.9,20.8,60,86,0.0,0.0,11.2,283,22.03,5.3,956.4,17.2,493.0,23.163443,75.76963
MP-UJN,2023-10-09,26.8,33.4,21.4,58,87,0.0,0.0,13.1,279,21.89,5.45,957.5,17.1,493.0,23.163443,75.76963
MP-UJN,2023-10-10,27.0,33.4,21.0,56,93,0.0,0.0,12.9,276,21.77,5.52,957.6,16.4,493.0,23.163443,75.76963
MP-UJN,2023-10-11,26.7,33.3,20.7,51,83,0.0,0.0,11.9,283,21.82,5.49,957.6,14.6,493.0,23.163443,75.76963
MP-UJN,2023-10-12,26.3,33.1,19.6,48,80,0.0,0.0,12.3,280,21.6,5.41,958.2,13.6,493.0,23.163443,75.76963
MP-UJN,2023-10-13,26.9,33.1,20.2,47,69,0.0,0.0,10.3,290,18.35,4.58,958.8,14.1,493.0,23.163443,75.76963
MP-UJN,2023-10-14,26.7,33.2,21.0,46,66,0.0,0.0,9.4,269,17.15,4.49,958.3,13.2,493.0,23.163443,75.76963
MP-UJN,2023-10-15,26.4,32.9,19.1,47,69,0.0,0.0,14.6,288,18.59,5.05,956.7,13.5,493.0,23.163443,75.76963
MP-UJN,2023-10-16,26.0,31.5,21.1,58,82,0.3,0.3,9.8,297,18.44,4.44,957.0,16.6,493.0,23.163443,75.76963
MP-UJN,2023-10-17,25.5,31.3,19.8,53,69,0.0,0.0,10.4,329,19.06,4.71,958.6,14.7,493.0,23.163443,75.76963
MP-UJN,2023-10-18,25.8,32.2,20.0,52,80,0.0,0.0,12.7,2,19.87,4.93,959.3,14.4,493.0,23.163443,75.76963
MP-UJN,2023-10-19,26.2,32.0,20.9,52,75,0.0,0.0,11.5,57,19.45,4.98,959.4,14.9,493.0,23.163443,75.76963
MP-UJN,2023-10-20,26.0,31.7,19.9,51,75,0.0,0.0,9.4,69,19.07,4.76,959.6,14.3,493.0,23.163443,75.76963
MP-UJN,2023-10-21,26.1,32.1,20.8,43,62,0.0,0.0,10.7,84,18.73,4.88,959.9,12.0,493.0,23.163443,75.76963
MP-UJN,2023-10-22,26.0,32.5,20.1,39,55,0.0,0.0,15.3,66,19.05,5.34,960.0,10.2,493.0,23.163443,75.76963
MP-UJN,2023-10-23,25.4,31.1,19.8,42,60,0.0,0.0,13.2,53,18.86,5.27,959.0,11.1,493.0,23.163443,75.76963
MP-UJN,2023-10-24,25.0,30.9,19.7,40,56,0.0,0.0,10.9,65,18.86,5.12,958.6,9.9,493.0,23.163443,75.76963
MP-UJN,2023-10-25,23.9,31.1,17.4,40,69,0.0,0.0,12.2,67,20.16,5.19,959.8,8.4,493.0,23.163443,75.76963
MP-UJN,2023-10-26,24.0,31.2,18.1,40,56,0.0,0.0,10.1,76,20.02,4.88,959.6,8.7,493.0,23.163443,75.76963
MP-UJN,2023-10-27,24.2,31.2,16.6,39,63,0.0,0.0,11.5,56,19.89,5.07,958.5,8.7,493.0,23.163443,75.76963
MP-UJN,2023-10-28,24.7,31.1,17.2,37,57,0.0,0.0,14.5,62,19.71,5.37,958.6,8.5,493.0,23.163443,75.76963
MP-UJN,2023-10-29,24.8,31.9,17.9,42,70,0.0,0.0,13.5,79,19.58,5.16,958.4,10.0,493.0,23.163443,75.76963
MP-UJN,2023-10-30,24.9,32.1,18.9,42,61,0.0,0.0,13.2,91,18.98,5.22,958.6,10.2,493.0,23.163443,75.76963
MP-UJN,2023-10-31,24.9,32.0,18.4,46,74,0.0,0.0,14.8,84,19.02,5.12,959.2,11.6,493.0,23.163443,75.76963
MP-UJN,2023-11-01,24.7,31.4,19.1,46,68,0.0,0.0,13.9,67,19.15,5.1,959.8,11.4,493.0,23.163443,75.76963
MP-UJN,2023-11-02,24.3,31.0,18.5,45,67,0.0,0.0,13.4,39,19.2,5.09,958.9,10.4,493.0,23.163443,75.76963
MP-UJN,2023-11-03,24.0,31.3,17.7,45,77,0.0,0.0,12.6,58,18.93,4.9,957.2,9.9,493.0,23.163443,75.76963
MP-UJN,2023-11-04,24.0,31.3,17.3,39,61,0.0,0.0,13.0,84,18.32,4.83,957.2,8.4,493.0,23.163443,75.76963
MP-UJN,2023-11-05,24.2,31.6,17.0,42,67,0.0,0.0,12.6,92,17.75,4.71,958.7,9.4,493.0,23.163443,75.76963
MP-UJN,2023-11-06,24.5,32.4,17.6,39,58,0.0,0.0,10.1,116,16.77,4.52,959.7,8.6,493.0,23.163443,75.76963
MP-UJN,2023-11-07,24.7,31.2,17.6,39,64,0.0,0.0,8.7,120,18.04,4.44,959.6,9.1,493.0,23.163443,75.76963
MP-UJN,2023-11-08,24.4,31.7,17.5,41,68,0.0,0.0,14.0,143,17.88,4.66,958.8,9.5,493.0,23.163443,75.76963
MP-UJN,2023-11-09,24.6,32.1,17.7,42,68,0.0,0.0,11.8,118,16.14,4.3,958.9,10.1,493.0,23.163443,75.76963
MP-UJN,2023-11-10,24.9,32.2,17.8,44,60,0.0,0.0,10.0,221,16.51,4.41,959.8,10.9,493.0,23.163443,75.76963
MP-UJN,2023-11-11,23.9,30.9,18.1,42,68,0.0,0.0,11.6,348,18.13,4.88,961.4,9.1,493.0,23.163443,75.76963
MP-UJN,2023-11-12,22.3,30.0,16.0,43,64,0.0,0.0,10.1,40,18.51,4.48,961.7,8.1,493.0,23.163443,75.76963
MP-UJN,2023-11-13,21.8,28.7,15.8,52,82,0.0,0.0,9.6,66,16.55,3.79,960.8,10.7,493.0,23.163443,75.76963
MP-UJN,2023-11-14,22.0,28.8,15.5,51,81,0.0,0.0,10.2,67,17.67,4.18,960.1,10.6,493.0,23.163443,75.76963
MP-UJN,2023-11-15,22.1,28.2,16.1,52,76,0.0,0.0,13.0,58,17.64,4.31,960.2,11.2,493.0,23.163443,75.76963
MP-UJN,2023-11-16,22.1,28.4,16.4,54,79,0.0,0.0,12.6,64,17.46,4.28,960.4,11.9,493.0,23.163443,75.76963
MP-UJN,2023-11-17,21.8,28.1,16.4,56,81,0.0,0.0,11.1,63,17.41,3.97,960.4,12.1,493.0,23.163443,75.76963
MP-UJN,2023-11-18,22.0,28.8,15.8,58,83,0.0,0.0,10.2,78,17.11,3.69,959.3,12.7,493.0,23.163443,75.76963
MP-UJN,2023-11-19,23.7,30.2,17.3,53,77,0.0,0.0,13.4,85,16.54,3.96,959.6,13.0,493.0,23.163443,75.76963
MP-UJN,2023-11-20,23.9,30.3,17.9,50,70,0.0,0.0,14.3,58,16.78,4.37,960.1,12.1,493.0,23.163443,75.76963
MP-UJN,2023-11-21,22.8,29.1,17.3,55,82,0.0,0.0,10.9,48,17.0,4.11,960.0,12.5,493.0,23.163443,75.76963
MP-UJN,2023-11-22,21.5,28.4,16.1,55,85,0.0,0.0,9.1,37,16.99,3.75,958.7,11.2,493.0,23.163443,75.76963
MP-UJN,2023-11-23,21.6,28.0,15.7,48,68,0.0,0.0,11.6,74,16.75,3.93,957.2,9.7,493.0,23.163443,75.76963
MP-UJN,2023-11-24,21.9,28.6,16.3,48,68,0.0,0.0,13.8,58,16.39,4.27,958.3,9.9,493.0,23.163443,75.76963
MP-UJN,2023-11-25,22.2,29.2,16.0,48,66,0.0,0.0,13.5,75,15.84,4.3,959.7,10.2,493.0,23.163443,75.76963
MP-UJN,2023-11-26,22.3,28.3,18.3,53,87,5.8,5.8,17.4,111,10.53,3.68,959.3,11.8,493.0,23.163443,75.76963
MP-UJN,2023-11-27,18.8,22.7,16.2,84,95,34.5,34.5,21.7,121,11.04,2.2,957.7,15.9,493.0,23.163443,75.76963
MP-UJN,2023-11-28,19.4,25.2,14.9,81,99,0.3,0.3,9.4,119,14.72,2.73,956.8,15.6,493.0,23.163443,75.76963
MP-UJN,2023-11-29,19.3,24.8,14.9,84,98,1.3,1.3,10.3,78,13.39,2.5,957.7,16.3,493.0,23.163443,75.76963
MP-UJN,2023-11-30,20.7,26.2,16.1,83,98,0.6,0.6,10.1,98,13.35,2.58,958.2,17.4,493.0,23.163443,75.76963
MP-UJN,2023-12-01,20.5,26.1,17.1,86,100,1.1,1.1,14.7,68,12.98,2.57,958.5,17.9,493.0,23.163443,75.76963
MP-UJN,2023-12-02,20.8,25.7,18.1,84,98,0.1,0.1,13.7,64,11.63,2.4,958.8,17.8,493.0,23.163443,75.76963
MP-UJN,2023-12-03,21.4,27.3,17.9,83,98,0.0,0.0,14.8,68,10.56,2.37,958.8,18.1,493.0,23.163443,75.76963
MP-UJN,2023-12-04,20.2,25.7,17.1,85,100,0.7,0.7,15.6,26,13.35,2.67,958.1,17.4,493.0,23.163443,75.76963
MP-UJN,2023-12-05,19.3,22.9,16.5,85,98,0.1,0.1,14.5,42,8.72,1.91,957.6,16.5,493.0,23.163443,75.76963
MP-UJN,2023-12-06,19.2,23.7,15.9,81,97,0.1,0.1,20.2,54,10.45,2.25,958.1,15.6,493.0,23.163443,75.76963
MP-UJN,2023-12-07,20.3,24.4,17.1,75,89,0.0,0.0,14.3,32,13.57,2.95,958.1,15.4,493.0,23.163443,75.76963
MP-UJN,2023-12-08,19.5,24.7,15.0,78,97,0.0,0.0,8.7,54,14.76,2.74,958.6,15.1,493.0,23.163443,75.76963
MP-UJN,2023-12-09,19.6,25.0,14.7,73,95,0.0,0.0,9.4,64,14.64,2.87,959.7,14.3,493.0,23.163443,75.76963
MP-UJN,2023-12-10,19.1,25.0,14.1,71,92,0.0,0.0,12.2,66,15.04,3.0,958.5,13.2,493.0,23.163443,75.76963
MP-UJN,2023-12-11,19.2,25.4,13.6,68,87,0.0,0.0,10.1,87,15.65,3.15,958.3,12.7,493.0,23.163443,75.76963
MP-UJN,2023-12-12,19.2,25.5,13.8,64,82,0.0,0.0,11.2,63,15.64,3.33,957.3,11.9,493.0,23.163443,75.76963
MP-UJN,2023-12-13,18.2,24.7,13.2,59,79,0.0,0.0,9.7,63,15.6,3.32,958.9,9.8,493.0,23.163443,75.76963
MP-UJN,2023-12-14,18.2,25.1,12.3,65,83,0.0,0.0,9.7,85,15.53,3.11,960.1,11.2,493.0,23.163443,75.76963
MP-UJN,2023-12-15,19.7,26.5,13.5,63,87,0.0,0.0,11.8,110,15.04,3.14,960.6,11.9,493.0,23.163443,75.76963
MP-UJN,2023-12-16,20.1,25.8,14.5,60,88,0.0,0.0,12.4,124,13.61,3.04,959.9,11.5,493.0,23.163443,75.76963
MP-UJN,2023-12-17,18.6,24.5,13.1,61,91,0.0,0.0,12.5,52,13.84,3.27,960.3,10.2,493.0,23.163443,75.76963
MP-UJN,2023-12-18,17.2,23.1,12.2,56,76,0.0,0.0,14.0,62,15.57,3.57,962.1,7.7,493.0,23.163443,75.76963
MP-UJN,2023-12-19,16.3,22.3,12.3,57,73,0.0,0.0,14.9,65,15.04,3.3,962.8,7.3,493.0,23.163443,75.76963
MP-UJN,2023-12-20,16.2,23.2,10.6,53,74,0.0,0.0,13.0,73,14.69,3.28,962.1,5.9,493.0,23.163443,75.76963
MP-UJN,2023-12-21,17.4,24.9,11.8,57,77,0.0,0.0,10.5,72,13.63,3.09,960.5,8.1,493.0,23.163443,75.76963
MP-UJN,2023-12-22,17.3,24.1,12.7,60,81,0.0,0.0,10.5,87,9.45,2.42,960.0,8.8,493.0,23.163443,75.76963
MP-UJN,2023-12-23,18.3,26.8,11.7,55,77,0.0,0.0,10.0,79,15.53,3.48,960.6,8.2,493.0,23.163443,75.76963
MP-UJN,2023-12-24,18.9,27.0,12.4,63,86,0.0,0.0,8.9,70,15.52,3.27,962.3,11.0,493.0,23.163443,75.76963
MP-UJN,2023-12-25,19.2,27.4,12.9,67,94,0.0,0.0,8.9,76,15.54,3.16,961.7,12.1,493.0,23.163443,75.76963
MP-UJN,2023-12-26,19.5,28.0,12.5,63,90,0.0,0.0,9.7,93,15.61,3.28,961.1,11.4,493.0,23.163443,75.76963
MP-UJN,2023-12-27,20.0,27.8,13.4,59,87,0.0,0.0,9.2,92,15.49,3.4,961.7,10.8,493.0,23.163443,75.76963
MP-UJN,2023-12-28,19.6,26.7,14.0,62,83,0.0,0.0,10.7,78,15.3,3.39,960.6,11.6,493.0,23.163443,75.76963
MP-UJN,2023-12-29,19.9,27.4,13.8,64,83,0.0,0.0,10.0,91,15.26,3.29,960.2,12.5,493.0,23.163443,75.76963
MP-UJN,2023-12-30,21.0,28.2,14.5,69,93,0.0,0.0,9.0,140,15.42,3.2,959.3,14.4,493.0,23.163443,75.76963
MP-UJN,2023-12-31,21.1,28.0,15.3,71,95,0.0,0.0,9.6,187,14.53,3.1,958.7,15.1,493.0,23.163443,75.76963
