site_id,date,temperature_2m_mean,temperature_2m_max,temperature_2m_min,relative_humidity_2m_mean,relative_humidity_2m_max,precipitation_sum,rain_sum,wind_speed_10m_max,wind_direction_10m_dominant,shortwave_radiation_sum,et0_fao_evapotranspiration,surface_pressure_mean,dew_point_2m_mean,elevation_m,lat,lon
PB-JLD,2020-12-01,16.0,23.4,8.9,72,95,0.0,0.0,10.2,314,12.22,2.32,988.7,10.3,242.0,31.3181,75.62575
PB-JLD,2020-12-02,16.7,23.8,9.2,72,99,0.0,0.0,11.3,318,12.18,2.41,986.8,11.2,242.0,31.3181,75.62575
PB-JLD,2020-12-03,16.7,24.3,9.1,75,99,0.0,0.0,7.9,124,12.11,2.19,985.4,11.6,242.0,31.3181,75.62575
PB-JLD,2020-12-04,16.0,23.5,10.5,80,99,0.0,0.0,9.2,112,11.82,2.16,984.3,12.0,242.0,31.3181,75.62575
PB-JLD,2020-12-05,17.3,24.5,12.0,73,96,0.0,0.0,12.8,115,10.97,2.34,984.9,12.0,242.0,31.3181,75.62575
PB-JLD,2020-12-06,18.0,24.6,12.9,73,93,0.0,0.0,9.8,86,11.72,2.27,987.7,12.6,242.0,31.3181,75.62575
PB-JLD,2020-12-07,16.9,24.3,10.9,75,100,0.0,0.0,10.5,321,11.69,2.32,988.6,11.8,242.0,31.3181,75.62575
PB-JLD,2020-12-08,16.1,24.4,10.7,75,98,0.0,0.0,9.8,304,11.34,2.14,988.6,10.8,242.0,31.3181,75.62575
PB-JLD,2020-12-09,14.9,20.5,9.7,80,98,0.0,0.0,17.3,317,6.2,1.41,987.3,11.2,242.0,31.3181,75.62575
PB-JLD,2020-12-10,15.9,23.3,10.1,78,99,0.0,0.0,10.6,320,11.46,2.16,987.0,11.5,242.0,31.3181,75.62575
PB-JLD,2020-12-11,15.3,22.7,10.3,78,96,0.1,0.1,10.9,325,9.75,1.87,986.0,11.0,242.0,31.3181,75.62575
PB-JLD,2020-12-12,14.2,19.1,10.4,83,97,13.5,13.5,13.7,325,9.31,1.55,987.3,11.3,242.0,31.3181,75.62575
PB-JLD,2020-12-13,11.6,17.9,7.7,85,100,0.0,0.0,10.2,297,11.21,1.72,987.3,8.9,242.0,31.3181,75.62575
PB-JLD,2020-12-14,10.4,17.2,5.6,83,100,0.0,0.0,9.8,307,11.98,1.82,988.1,7.2,242.0,31.3181,75.62575
PB-JLD,2020-12-15,9.5,16.8,4.6,82,100,0.0,0.0,11.0,314,12.02,1.84,990.4,6.2,242.0,31.3181,75.62575
PB-JLD,2020-12-16,8.3,15.9,3.8,86,100,0.0,0.0,11.2,311,11.34,1.65,992.6,5.7,242.0,31.3181,75.62575
PB-JLD,2020-12-17,7.4,15.4,2.2,82,100,0.0,0.0,11.3,300,12.09,1.72,991.3,4.2,242.0,31.3181,75.62575
PB-JLD,2020-12-18,7.7,15.3,0.9,76,99,0.0,0.0,11.8,304,12.21,1.8,989.6,3.3,242.0,31.3181,75.62575
PB-JLD,2020-12-19,9.2,16.6,2.3,77,100,0.0,0.0,12.3,310,12.0,1.84,990.3,4.9,242.0,31.3181,75.62575
PB-JLD,2020-12-20,9.9,18.1,3.6,80,98,0.0,0.0,11.6,311,11.91,1.92,990.5,6.1,242.0,31.3181,75.62575
PB-JLD,2020-12-21,11.4,18.5,5.6,76,95,0.0,0.0,10.1,300,10.89,1.82,988.4,6.9,242.0,31.3181,75.62575
PB-JLD,2020-12-22,12.4,19.0,6.8,74,92,0.0,0.0,8.1,298,11.95,1.93,987.3,7.5,242.0,31.3181,75.62575
PB-JLD,2020-12-23,10.9,18.9,5.1,82,98,0.0,0.0,10.2,331,11.91,1.9,986.4,7.6,242.0,31.3181,75.62575
PB-JLD,2020-12-24,11.7,18.1,5.1,81,100,0.0,0.0,9.3,346,11.2,1.78,987.0,8.2,242.0,31.3181,75.62575
PB-JLD,2020-12-25,11.1,17.7,5.8,83,100,0.0,0.0,11.9,330,11.41,1.76,988.2,8.1,242.0,31.3181,75.62575
PB-JLD,2020-12-26,9.3,16.1,5.2,90,100,0.0,0.0,10.8,297,9.21,1.32,987.2,7.5,242.0,31.3181,75.62575
PB-JLD,2020-12-27,9.6,17.5,4.5,87,100,4.8,4.8,15.6,124,10.04,1.56,983.9,7.1,242.0,31.3181,75.62575
PB-JLD,2020-12-28,8.5,15.0,4.6,77,98,0.0,0.0,11.0,46,11.74,1.7,988.3,3.9,242.0,31.3181,75.62575
PB-JLD,2020-12-29,7.3,14.7,1.7,84,99,0.0,0.0,12.0,312,12.08,1.66,989.3,4.5,242.0,31.3181,75.62575
PB-JLD,2020-12-30,7.3,14.5,2.3,88,100,0.0,0.0,9.7,301,11.07,1.5,990.3,5.1,242.0,31.3181,75.62575
PB-JLD,2020-12-31,7.3,14.4,3.1,91,100,0.0,0.0,10.5,301,9.9,1.33,989.5,5.8,242.0,31.3181,75.62575
PB-JLD,2021-01-01,8.2,14.8,3.7,88,100,0.0,0.0,8.6,128,10.72,1.47,988.8,6.1,242.0,31.3181,75.62575
PB-JLD,2021-01-02,9.4,15.2,3.1,90,100,1.0,1.0,10.0,68,7.47,1.15,988.2,7.7,242.0,31.3181,75.62575
PB-JLD,2021-01-03,13.0,16.8,9.0,91,98,11.8,11.8,11.5,95,5.22,0.92,986.1,11.5,242.0,31.3181,75.62575
PB-JLD,2021-01-04,14.8,18.2,12.2,92,96,9.4,9.4,12.7,104,5.89,0.99,987.9,13.4,242.0,31.3181,75.62575
PB-JLD,2021-01-05,14.6,17.7,13.1,90,95,14.7,14.7,14.8,108,3.87,0.84,987.1,13.0,242.0,31.3181,75.62575
PB-JLD,2021-01-06,14.4,18.8,11.5,90,99,1.8,1.8,13.2,105,8.74,1.4,987.4,12.6,242.0,31.3181,75.62575
PB-JLD,2021-01-07,13.3,17.4,10.0,91,100,0.0,0.0,7.6,295,9.23,1.42,986.6,11.8,242.0,31.3181,75.62575
PB-JLD,2021-01-08,11.6,16.7,8.5,87,100,0.0,0.0,9.7,291,10.67,1.64,986.3,9.3,242.0,31.3181,75.62575
PB-JLD,2021-01-09,10.8,16.8,6.9,89,99,0.0,0.0,9.3,291,10.59,1.55,987.8,8.9,242.0,31.3181,75.62575
PB-JLD,2021-01-10,9.3,15.0,4.2,90,100,0.0,0.0,11.1,305,10.0,1.35,987.7,7.7,242.0,31.3181,75.62575
PB-JLD,2021-01-11,10.7,16.9,6.4,86,99,0.0,0.0,11.0,291,12.02,1.78,987.5,8.3,242.0,31.3181,75.62575
PB-JLD,2021-01-12,8.6,14.4,6.0,93,100,0.0,0.0,10.1,300,8.7,1.16,987.9,7.5,242.0,31.3181,75.62575
PB-JLD,2021-01-13,8.0,14.9,3.6,93,100,0.0,0.0,10.1,303,10.02,1.35,986.9,6.8,242.0,31.3181,75.62575
PB-JLD,2021-01-14,8.6,14.4,4.1,92,100,0.0,0.0,6.6,58,9.66,1.35,987.6,7.3,242.0,31.3181,75.62575
PB-JLD,2021-01-15,9.1,14.6,6.8,92,100,0.0,0.0,8.0,331,10.62,1.48,986.3,7.8,242.0,31.3181,75.62575
PB-JLD,2021-01-16,9.0,13.1,5.6,95,100,0.0,0.0,9.3,311,7.72,0.99,985.1,8.2,242.0,31.3181,75.62575
PB-JLD,2021-01-17,9.8,15.4,7.3,90,100,0.0,0.0,14.3,130,8.23,1.17,986.6,8.2,242.0,31.3181,75.62575
PB-JLD,2021-01-18,11.7,18.6,5.8,87,100,0.0,0.0,9.8,68,11.87,1.81,988.4,9.3,242.0,31.3181,75.62575
PB-JLD,2021-01-19,11.6,19.2,6.2,88,100,0.0,0.0,11.5,298,13.28,2.02,985.5,9.4,242.0,31.3181,75.62575
PB-JLD,2021-01-20,11.2,18.4,5.8,88,100,0.0,0.0,12.4,297,12.69,1.9,985.6,9.1,242.0,31.3181,75.62575
PB-JLD,2021-01-21,11.0,17.4,5.2,84,100,0.0,0.0,10.5,280,13.26,1.93,984.4,8.1,242.0,31.3181,75.62575
PB-JLD,2021-01-22,11.1,18.3,5.2,85,97,0.0,0.0,14.3,120,11.4,1.81,985.1,8.5,242.0,31.3181,75.62575
PB-JLD,2021-01-23,13.3,17.4,10.4,87,100,6.0,6.0,19.2,138,9.38,1.56,983.3,11.0,242.0,31.3181,75.62575
PB-JLD,2021-01-24,11.4,15.7,8.8,87,100,0.0,0.0,9.3,287,10.92,1.64,987.6,9.2,242.0,31.3181,75.62575
PB-JLD,2021-01-25,10.8,17.5,5.9,83,100,0.0,0.0,9.7,287,13.69,2.06,988.8,7.7,242.0,31.3181,75.62575
PB-JLD,2021-01-26,10.6,17.3,5.4,82,99,0.0,0.0,10.5,287,13.9,2.11,988.6,7.3,242.0,31.3181,75.62575
PB-JLD,2021-01-27,9.8,17.3,3.8,82,100,0.0,0.0,11.5,290,14.26,2.13,988.3,6.6,242.0,31.3181,75.62575
PB-JLD,2021-01-28,11.0,17.6,4.7,81,96,0.0,0.0,7.3,215,14.49,2.18,989.1,7.5,242.0,31.3181,75.62575
PB-JLD,2021-01-29,10.3,17.4,4.4,84,100,0.0,0.0,11.2,289,13.82,2.1,989.6,7.4,242.0,31.3181,75.62575
PB-JLD,2021-01-30,10.0,16.9,2.8,79,99,0.0,0.0,9.3,297,14.93,2.23,987.9,6.1,242.0,31.3181,75.62575
PB-JLD,2021-01-31,11.1,18.4,4.2,79,98,0.0,0.0,8.1,93,14.83,2.32,988.0,7.3,242.0,31.3181,75.62575
PB-JLD,2021-02-01,11.7,19.5,5.3,81,98,0.0,0.0,11.5,349,14.9,2.41,990.4,8.1,242.0,31.3181,75.62575
PB-JLD,2021-02-02,13.1,20.5,6.0,80,100,0.0,0.0,10.9,332,14.98,2.5,988.6,9.4,242.0,31.3181,75.62575
PB-JLD,2021-02-03,13.7,19.9,8.4,81,97,0.8,0.8,16.1,92,13.09,2.28,988.2,10.2,242.0,31.3181,75.62575
PB-JLD,2021-02-04,12.1,17.3,8.7,77,91,0.7,0.7,18.7,76,11.69,2.0,989.1,8.1,242.0,31.3181,75.62575
PB-JLD,2021-02-05,11.3,17.8,6.2,80,94,0.0,0.0,11.2,348,14.0,2.25,989.7,7.7,242.0,31.3181,75.62575
PB-JLD,2021-02-06,11.9,19.0,5.8,81,99,0.0,0.0,13.0,322,15.45,2.47,989.6,8.5,242.0,31.3181,75.62575
PB-JLD,2021-02-07,13.2,19.9,6.4,80,100,0.0,0.0,9.3,316,15.45,2.51,989.0,9.5,242.0,31.3181,75.62575
PB-JLD,2021-02-08,14.6,21.3,6.8,79,100,0.0,0.0,11.0,335,15.69,2.63,989.2,10.8,242.0,31.3181,75.62575
PB-JLD,2021-02-09,14.8,22.0,8.2,84,100,0.0,0.0,8.2,5,14.92,2.52,985.7,11.8,242.0,31.3181,75.62575
PB-JLD,2021-02-10,15.1,21.8,8.5,80,100,0.0,0.0,8.7,19,15.92,2.74,985.1,11.3,242.0,31.3181,75.62575
PB-JLD,2021-02-11,15.3,22.5,9.6,85,100,0.0,0.0,11.4,341,15.97,2.73,985.5,12.5,242.0,31.3181,75.62575
PB-JLD,2021-02-12,15.4,22.3,9.7,88,100,0.0,0.0,9.8,291,14.64,2.49,986.3,13.2,242.0,31.3181,75.62575
PB-JLD,2021-02-13,15.3,21.4,9.9,90,100,0.0,0.0,9.6,357,12.06,2.07,986.4,13.4,242.0,31.3181,75.62575
PB-JLD,2021-02-14,15.0,21.6,10.9,90,100,0.0,0.0,10.9,340,14.62,2.44,986.4,13.2,242.0,31.3181,75.62575
PB-JLD,2021-02-15,15.2,22.0,9.8,90,100,0.0,0.0,10.7,324,14.63,2.49,984.8,13.4,242.0,31.3181,75.62575
PB-JLD,2021-02-16,15.7,22.2,10.6,89,100,0.0,0.0,11.8,316,14.79,2.51,984.6,13.7,242.0,31.3181,75.62575
PB-JLD,2021-02-17,16.1,23.0,11.0,88,100,0.0,0.0,10.4,322,14.95,2.59,985.9,14.0,242.0,31.3181,75.62575
PB-JLD,2021-02-18,16.2,22.4,11.3,87,100,0.0,0.0,9.2,2,14.86,2.56,988.9,13.8,242.0,31.3181,75.62575
PB-JLD,2021-02-19,16.5,23.2,10.6,84,100,0.0,0.0,12.0,334,16.45,2.91,991.1,13.4,242.0,31.3181,75.62575
PB-JLD,2021-02-20,16.8,23.0,10.7,84,100,0.0,0.0,10.3,325,15.9,2.81,990.6,13.7,242.0,31.3181,75.62575
PB-JLD,2021-02-21,16.9,23.4,10.8,84,100,0.0,0.0,12.1,306,16.1,2.85,988.8,14.0,242.0,31.3181,75.62575
PB-JLD,2021-02-22,17.9,25.1,11.2,82,100,0.0,0.0,9.6,323,17.05,3.12,986.9,14.4,242.0,31.3181,75.62575
PB-JLD,2021-02-23,18.9,26.5,11.6,77,100,0.0,0.0,8.6,120,17.67,3.32,984.3,14.0,242.0,31.3181,75.62575
PB-JLD,2021-02-24,18.9,26.7,11.9,74,95,0.0,0.0,10.5,29,17.45,3.39,983.2,13.5,242.0,31.3181,75.62575
PB-JLD,2021-02-25,19.5,28.0,12.7,69,92,0.0,0.0,11.8,353,18.16,3.63,982.0,12.7,242.0,31.3181,75.62575
PB-JLD,2021-02-26,20.4,28.4,12.8,70,97,0.8,0.8,13.7,127,17.87,3.74,979.2,14.1,242.0,31.3181,75.62575
PB-JLD,2021-02-27,20.2,27.2,13.7,58,71,0.0,0.0,20.3,158,17.58,4.4,978.2,11.2,242.0,31.3181,75.62575
PB-JLD,2021-02-28,17.4,24.7,10.7,64,89,0.0,0.0,10.5,153,18.89,3.62,982.7,9.7,242.0,31.3181,75.62575
PB-JLD,2021-03-01,17.4,24.9,11.1,67,90,0.0,0.0,15.1,319,18.77,3.78,986.0,10.5,242.0,31.3181,75.62575
PB-JLD,2021-03-02,16.5,25.3,10.0,66,90,0.0,0.0,16.4,300,19.49,4.01,986.0,9.2,242.0,31.3181,75.62575
PB-JLD,2021-03-03,18.7,26.4,12.5,59,75,0.0,0.0,11.2,332,19.41,3.98,984.1,10.0,242.0,31.3181,75.62575
PB-JLD,2021-03-04,18.8,27.5,11.1,62,86,0.0,0.0,12.0,16,19.36,3.97,984.0,10.3,242.0,31.3181,75.62575
PB-JLD,2021-03-05,18.6,27.5,11.2,64,94,0.0,0.0,17.4,301,19.78,4.35,983.8,10.9,242.0,31.3181,75.62575
PB-JLD,2021-03-06,18.3,26.2,10.4,62,89,0.0,0.0,11.6,328,17.47,3.77,982.7,10.2,242.0,31.3181,75.62575
PB-JLD,2021-03-07,21.8,28.1,16.8,50,67,0.0,0.0,22.4,98,13.66,4.36,981.9,10.6,242.0,31.3181,75.62575
PB-JLD,2021-03-08,21.8,28.6,16.9,60,81,0.2,0.2,22.7,105,18.75,4.67,983.8,13.2,242.0,31.3181,75.62575
PB-JLD,2021-03-09,21.4,28.5,15.1,64,84,0.0,0.0,13.0,66,19.07,4.1,984.7,13.8,242.0,31.3181,75.62575
PB-JLD,2021-03-10,21.3,28.6,15.8,65,87,0.2,0.2,12.4,323,18.31,3.93,984.4,13.8,242.0,31.3181,75.62575
PB-JLD,2021-03-11,21.4,29.7,13.9,61,94,0.0,0.0,15.4,58,19.04,4.41,985.1,12.3,242.0,31.3181,75.62575
PB-JLD,2021-03-12,19.9,25.6,15.0,56,80,0.3,0.3,21.2,92,13.38,3.75,987.6,10.5,242.0,31.3181,75.62575
PB-JLD,2021-03-13,18.9,27.7,11.7,61,88,0.0,0.0,12.6,318,19.93,4.34,988.2,10.5,242.0,31.3181,75.62575
PB-JLD,2021-03-14,19.0,26.7,11.9,71,94,0.0,0.0,12.5,307,20.94,4.23,984.8,12.9,242.0,31.3181,75.62575
PB-JLD,2021-03-15,19.9,28.1,12.7,69,94,0.0,0.0,13.0,310,19.75,4.25,984.0,13.2,242.0,31.3181,75.62575
PB-JLD,2021-03-16,21.3,28.8,14.3,67,96,0.0,0.0,11.9,319,21.02,4.59,984.2,14.0,242.0,31.3181,75.62575
PB-JLD,2021-03-17,21.6,29.4,15.8,67,87,0.0,0.0,11.5,299,20.11,4.32,982.9,14.4,242.0,31.3181,75.62575
PB-JLD,2021-03-18,21.9,29.9,14.2,64,95,0.0,0.0,12.6,325,20.91,4.55,983.3,13.8,242.0,31.3181,75.62575
PB-JLD,2021-03-19,22.0,30.2,15.0,61,90,0.0,0.0,17.1,307,21.4,4.94,982.8,13.0,242.0,31.3181,75.62575
PB-JLD,2021-03-20,21.8,29.5,13.6,59,88,0.0,0.0,12.5,308,21.78,4.79,981.0,12.8,242.0,31.3181,75.62575
PB-JLD,2021-03-21,21.4,28.4,14.7,64,91,0.0,0.0,18.4,42,16.49,4.01,980.9,13.8,242.0,31.3181,75.62575
PB-JLD,2021-03-22,21.9,27.1,18.0,56,72,0.0,0.0,20.9,88,12.33,3.91,984.1,12.6,242.0,31.3181,75.62575
PB-JLD,2021-03-23,20.4,27.5,16.1,64,89,4.8,4.8,31.7,115,15.37,3.88,985.1,12.8,242.0,31.3181,75.62575
PB-JLD,2021-03-24,20.0,28.0,13.6,58,87,0.0,0.0,18.9,342,20.09,4.66,986.9,10.5,242.0,31.3181,75.62575
PB-JLD,2021-03-25,19.3,27.5,12.8,66,95,0.0,0.0,14.8,311,22.69,4.75,985.6,11.7,242.0,31.3181,75.62575
PB-JLD,2021-03-26,20.0,28.3,12.9,67,94,0.0,0.0,13.0,320,22.77,4.78,983.5,12.7,242.0,31.3181,75.62575
PB-JLD,2021-03-27,22.5,30.3,14.6,63,92,0.0,0.0,12.6,324,22.38,5.04,981.5,14.2,242.0,31.3181,75.62575
PB-JLD,2021-03-28,24.2,31.7,16.6,62,91,0.0,0.0,11.7,122,22.43,4.96,978.8,15.8,242.0,31.3181,75.62575
PB-JLD,2021-03-29,27.0,33.3,22.1,48,65,0.0,0.0,25.2,142,22.62,6.47,975.9,14.4,242.0,31.3181,75.62575
PB-JLD,2021-03-30,25.0,32.5,17.7,48,76,0.0,0.0,15.5,322,22.47,6.03,973.1,12.6,242.0,31.3181,75.62575
PB-JLD,2021-03-31,21.7,29.5,14.8,31,43,0.0,0.0,20.2,300,24.3,6.54,974.3,3.4,242.0,31.3181,75.62575
PB-JLD,2021-04-01,20.6,29.7,13.4,28,42,0.0,0.0,22.3,295,24.58,6.75,974.8,0.6,242.0,31.3181,75.62575
PB-JLD,2021-04-02,20.2,28.6,11.9,27,43,0.0,0.0,15.2,278,24.87,6.06,977.8,-0.2,242.0,31.3181,75.62575
PB-JLD,2021-04-03,21.0,30.0,11.6,35,59,0.0,0.0,13.8,352,24.17,5.76,981.0,4.0,242.0,31.3181,75.62575
PB-JLD,2021-04-04,23.0,31.5,13.0,37,64,0.0,0.0,13.4,355,21.09,5.52,982.0,6.7,242.0,31.3181,75.62575
PB-JLD,2021-04-05,24.1,31.0,18.2,43,60,0.0,0.0,14.2,56,13.06,4.12,981.6,10.5,242.0,31.3181,75.62575
PB-JLD,2021-04-06,24.7,29.1,20.2,42,63,0.5,0.5,18.2,85,11.21,4.69,980.5,10.5,242.0,31.3181,75.62575
PB-JLD,2021-04-07,23.7,31.2,16.0,54,95,0.8,0.8,20.4,351,22.73,5.64,982.9,12.1,242.0,31.3181,75.62575
PB-JLD,2021-04-08,21.7,29.8,13.6,44,71,0.0,0.0,12.5,307,24.86,5.89,981.6,7.4,242.0,31.3181,75.62575
PB-JLD,2021-04-09,22.7,32.1,13.7,42,77,0.0,0.0,13.6,320,24.77,6.28,982.5,6.5,242.0,31.3181,75.62575
PB-JLD,2021-04-10,24.4,32.7,16.6,34,56,0.0,0.0,13.3,324,24.67,6.36,983.5,6.3,242.0,31.3181,75.62575
PB-JLD,2021-04-11,25.7,34.2,18.2,33,51,0.0,0.0,16.6,346,22.49,5.98,983.5,7.3,242.0,31.3181,75.62575
PB-JLD,2021-04-12,26.6,33.5,19.0,34,51,0.0,0.0,18.9,323,22.67,6.42,984.4,8.8,242.0,31.3181,75.62575
PB-JLD,2021-04-13,26.4,35.3,16.9,39,74,0.0,0.0,14.8,316,23.67,6.68,982.5,9.8,242.0,31.3181,75.62575
PB-JLD,2021-04-14,27.2,35.8,19.5,34,65,0.0,0.0,31.1,317,20.25,6.35,981.1,9.2,242.0,31.3181,75.62575
PB-JLD,2021-04-15,26.9,35.3,19.7,34,59,0.0,0.0,26.2,347,21.25,7.26,980.7,9.0,242.0,31.3181,75.62575
PB-JLD,2021-04-16,25.7,35.4,19.0,41,85,2.1,2.1,18.3,335,19.85,5.77,979.3,10.0,242.0,31.3181,75.62575
PB-JLD,2021-04-17,21.5,26.3,17.8,75,94,10.8,10.8,20.3,104,15.9,3.58,982.5,16.4,242.0,31.3181,75.62575
PB-JLD,2021-04-18,22.9,30.3,16.0,60,92,0.0,0.0,11.2,44,22.58,5.1,984.1,13.6,242.0,31.3181,75.62575
PB-JLD,2021-04-19,24.4,32.3,16.9,47,77,0.0,0.0,14.5,327,24.6,6.22,980.3,11.1,242.0,31.3181,75.62575
PB-JLD,2021-04-20,22.5,29.3,17.1,51,83,1.3,1.3,20.6,101,12.36,3.82,979.3,11.0,242.0,31.3181,75.62575
PB-JLD,2021-04-21,19.6,24.4,16.9,77,93,8.9,8.9,17.0,59,16.27,3.32,981.7,15.2,242.0,31.3181,75.62575
PB-JLD,2021-04-22,20.4,26.8,15.6,69,91,0.7,0.7,19.0,92,15.74,3.81,983.5,14.2,242.0,31.3181,75.62575
PB-JLD,2021-04-23,18.8,24.1,14.9,72,92,14.0,14.0,17.8,64,13.58,2.91,983.6,13.3,242.0,31.3181,75.62575
PB-JLD,2021-04-24,21.1,29.3,12.2,59,92,0.0,0.0,12.5,337,25.51,5.57,983.2,11.4,242.0,31.3181,75.62575
PB-JLD,2021-04-25,23.7,32.2,14.1,55,87,0.0,0.0,10.7,319,25.71,5.73,982.2,12.9,242.0,31.3181,75.62575
PB-JLD,2021-04-26,25.8,34.4,15.4,52,84,0.0,0.0,9.6,88,25.3,5.66,980.1,13.8,242.0,31.3181,75.62575
PB-JLD,2021-04-27,27.4,36.3,18.1,47,85,0.0,0.0,13.0,53,24.21,6.19,979.4,13.4,242.0,31.3181,75.62575
PB-JLD,2021-04-28,28.4,37.5,19.1,43,69,0.0,0.0,13.7,47,22.37,5.71,980.0,13.5,242.0,31.3181,75.62575
PB-JLD,2021-04-29,28.4,37.8,21.1,43,63,0.0,0.0,21.6,78,21.3,5.93,979.9,13.6,242.0,31.3181,75.62575
PB-JLD,2021-04-30,29.0,37.4,19.9,42,70,0.0,0.0,12.0,105,22.62,6.17,979.4,13.8,242.0,31.3181,75.62575
PB-JLD,2021-05-01,28.5,36.0,21.7,42,61,0.1,0.1,21.0,114,21.22,6.02,979.3,13.4,242.0,31.3181,75.62575
PB-JLD,2021-05-02,29.3,37.2,21.4,41,66,0.0,0.0,11.0,107,22.35,6.02,979.2,13.2,242.0,31.3181,75.62575
PB-JLD,2021-05-03,29.0,35.4,22.5,41,59,0.0,0.0,12.3,122,21.51,5.91,977.9,13.9,242.0,31.3181,75.62575
PB-JLD,2021-05-04,28.6,34.5,23.0,48,62,0.5,0.5,18.3,101,20.17,5.7,977.4,16.0,242.0,31.3181,75.62575
PB-JLD,2021-05-05,27.9,33.6,22.1,52,76,0.2,0.2,17.4,42,20.75,5.29,978.8,16.6,242.0,31.3181,75.62575
PB-JLD,2021-05-06,28.6,34.4,21.7,45,73,0.0,0.0,18.0,81,20.1,5.53,979.9,14.7,242.0,31.3181,75.62575
PB-JLD,2021-05-07,26.2,31.4,22.0,59,84,1.4,1.4,13.9,68,21.07,5.08,982.6,17.1,242.0,31.3181,75.62575
PB-JLD,2021-05-08,27.8,34.1,20.0,49,83,0.2,0.2,13.2,16,21.71,5.47,980.7,15.0,242.0,31.3181,75.62575
PB-JLD,2021-05-09,27.9,33.9,20.7,48,72,0.0,0.0,11.8,98,20.64,5.66,978.6,15.2,242.0,31.3181,75.62575
PB-JLD,2021-05-10,28.3,34.1,21.8,48,74,0.5,0.5,12.3,110,19.87,5.35,976.5,15.6,242.0,31.3181,75.62575
PB-JLD,2021-05-11,28.6,35.2,23.0,50,68,0.5,0.5,23.6,91,21.36,5.69,976.2,16.7,242.0,31.3181,75.62575
PB-JLD,2021-05-12,26.7,32.5,21.2,61,84,2.8,2.8,14.7,101,19.36,4.74,974.5,18.0,242.0,31.3181,75.62575
PB-JLD,2021-05-13,23.8,28.6,19.9,72,88,8.1,8.1,18.0,96,17.88,3.92,976.3,18.2,242.0,31.3181,75.62575
PB-JLD,2021-05-14,24.9,31.8,17.4,63,97,0.0,0.0,12.9,49,22.98,5.29,976.6,16.3,242.0,31.3181,75.62575
PB-JLD,2021-05-15,27.2,33.7,20.8,51,73,0.0,0.0,9.5,3,23.03,5.45,977.3,15.4,242.0,31.3181,75.62575
PB-JLD,2021-05-16,28.2,35.5,19.7,47,80,0.0,0.0,14.8,19,24.27,6.04,978.8,14.5,242.0,31.3181,75.62575
PB-JLD,2021-05-17,29.2,37.1,20.4,39,72,0.0,0.0,12.2,323,25.35,6.7,978.3,12.8,242.0,31.3181,75.62575
PB-JLD,2021-05-18,29.2,35.9,21.9,43,53,0.0,0.0,17.8,132,19.88,6.24,977.1,15.1,242.0,31.3181,75.62575
PB-JLD,2021-05-19,26.0,29.7,22.6,58,79,0.0,0.0,10.4,147,11.89,3.47,976.5,16.8,242.0,31.3181,75.62575
PB-JLD,2021-05-20,27.1,34.2,20.1,62,91,0.0,0.0,10.2,319,24.12,5.68,974.4,18.2,242.0,31.3181,75.62575
PB-JLD,2021-05-21,27.5,32.7,22.6,60,86,0.6,0.6,14.3,104,22.98,5.61,976.6,18.5,242.0,31.3181,75.62575
PB-JLD,2021-05-22,27.9,35.1,21.0,54,76,0.1,0.1,10.0,109,24.25,5.87,976.7,16.8,242.0,31.3181,75.62575
PB-JLD,2021-05-23,27.3,34.8,21.7,47,69,0.0,0.0,18.3,323,18.77,5.31,977.7,14.1,242.0,31.3181,75.62575
PB-JLD,2021-05-24,27.5,35.7,19.3,43,73,0.0,0.0,16.8,307,25.41,7.08,978.2,12.6,242.0,31.3181,75.62575
PB-JLD,2021-05-25,28.4,37.0,20.4,37,61,0.0,0.0,17.1,317,25.98,7.44,975.3,10.6,242.0,31.3181,75.62575
PB-JLD,2021-05-26,30.2,38.2,24.0,31,43,0.0,0.0,13.2,308,25.93,6.94,972.3,10.3,242.0,31.3181,75.62575
PB-JLD,2021-05-27,31.1,39.7,22.2,31,50,0.0,0.0,13.3,320,25.77,6.99,972.2,11.3,242.0,31.3181,75.62575
PB-JLD,2021-05-28,31.5,39.0,24.5,49,76,0.0,0.0,18.9,132,25.02,6.67,973.1,18.8,242.0,31.3181,75.62575
PB-JLD,2021-05-29,32.4,39.0,27.1,51,73,0.0,0.0,25.2,118,23.52,7.2,974.5,20.4,242.0,31.3181,75.62575
PB-JLD,2021-05-30,30.9,36.4,26.7,60,77,0.5,0.5,20.6,122,22.92,6.25,975.1,21.8,242.0,31.3181,75.62575
PB-JLD,2021-05-31,29.2,35.2,26.0,59,78,1.7,1.7,25.4,79,20.8,6.1,973.1,20.1,242.0,31.3181,75.62575
PB-JLD,2021-06-01,27.6,33.2,21.8,63,89,1.7,1.7,21.7,130,17.91,4.59,975.1,19.5,242.0,31.3181,75.62575
PB-JLD,2021-06-02,28.7,34.2,23.6,60,86,1.0,1.0,11.9,96,21.69,5.25,976.7,19.6,242.0,31.3181,75.62575
PB-JLD,2021-06-03,28.2,34.0,23.3,61,80,0.4,0.4,9.7,33,21.39,5.13,978.5,19.5,242.0,31.3181,75.62575
PB-JLD,2021-06-04,27.4,33.0,22.6,66,87,0.8,0.8,13.9,194,21.54,4.91,978.3,20.1,242.0,31.3181,75.62575
PB-JLD,2021-06-05,28.6,34.0,23.6,66,90,0.3,0.3,15.2,131,22.49,5.16,976.6,21.0,242.0,31.3181,75.62575
PB-JLD,2021-06-06,30.6,36.9,24.0,57,85,0.0,0.0,10.5,69,23.17,5.7,975.8,20.0,242.0,31.3181,75.62575
PB-JLD,2021-06-07,31.7,38.0,24.9,54,77,0.0,0.0,10.5,113,21.72,5.66,973.4,20.6,242.0,31.3181,75.62575
PB-JLD,2021-06-08,34.2,40.8,27.0,49,71,0.0,0.0,8.4,211,24.45,6.48,970.7,21.1,242.0,31.3181,75.62575
PB-JLD,2021-06-09,35.5,41.8,28.9,45,65,0.0,0.0,8.9,216,22.63,6.41,968.8,21.3,242.0,31.3181,75.62575
PB-JLD,2021-06-10,33.3,40.2,27.5,56,78,0.0,0.0,26.3,130,23.34,7.38,969.4,23.0,242.0,31.3181,75.62575
PB-JLD,2021-06-11,32.1,38.0,27.4,58,76,0.0,0.0,24.0,122,23.51,6.75,969.8,22.2,242.0,31.3181,75.62575
PB-JLD,2021-06-12,32.0,37.5,25.0,59,86,1.3,1.3,21.3,115,22.17,6.92,970.7,22.5,242.0,31.3181,75.62575
PB-JLD,2021-06-13,28.6,34.5,23.3,68,92,11.1,11.1,19.8,98,22.03,5.34,972.5,21.9,242.0,31.3181,75.62575
PB-JLD,2021-06-14,29.3,35.7,23.4,65,89,0.0,0.0,9.4,89,24.6,5.78,970.4,21.3,242.0,31.3181,75.62575
PB-JLD,2021-06-15,30.6,36.9,24.2,59,89,0.0,0.0,8.7,4,23.7,5.8,966.9,20.6,242.0,31.3181,75.62575
PB-JLD,2021-06-16,26.0,29.3,24.1,80,94,26.2,26.2,13.0,115,8.9,2.29,970.6,22.0,242.0,31.3181,75.62575
PB-JLD,2021-06-17,28.5,34.1,23.4,67,90,0.2,0.2,8.9,128,22.64,5.05,972.5,21.3,242.0,31.3181,75.62575
PB-JLD,2021-06-18,29.6,33.7,25.9,64,83,0.2,0.2,13.0,119,17.52,4.85,972.9,22.0,242.0,31.3181,75.62575
PB-JLD,2021-06-19,30.3,36.5,24.6,60,84,0.1,0.1,19.9,125,23.35,6.08,972.6,21.1,242.0,31.3181,75.62575
PB-JLD,2021-06-20,30.0,34.9,24.9,61,79,0.0,0.0,14.5,121,23.51,5.94,973.4,21.3,242.0,31.3181,75.62575
PB-JLD,2021-06-21,30.8,36.5,25.4,59,81,0.4,0.4,13.5,115,22.24,5.57,974.3,21.4,242.0,31.3181,75.62575
PB-JLD,2021-06-22,32.1,38.9,24.8,50,80,0.0,0.0,8.9,276,23.91,6.28,973.3,19.2,242.0,31.3181,75.62575
PB-JLD,2021-06-23,32.3,39.0,25.7,47,68,0.0,0.0,10.1,144,23.42,6.03,973.4,18.5,242.0,31.3181,75.62575
PB-JLD,2021-06-24,30.9,35.9,27.2,59,76,2.1,2.1,16.4,122,21.01,5.55,973.6,21.5,242.0,31.3181,75.62575
PB-JLD,2021-06-25,31.1,36.6,25.1,55,80,0.1,0.1,10.4,130,23.34,5.96,972.5,20.3,242.0,31.3181,75.62575
PB-JLD,2021-06-26,30.1,35.2,25.3,60,83,0.4,0.4,14.4,155,23.15,5.73,974.6,21.3,242.0,31.3181,75.62575
PB-JLD,2021-06-27,30.6,36.7,23.9,59,84,0.0,0.0,9.0,157,24.72,5.95,977.1,21.2,242.0,31.3181,75.62575
PB-JLD,2021-06-28,32.2,38.6,25.6,54,76,0.0,0.0,8.4,187,24.65,6.03,975.4,21.0,242.0,31.3181,75.62575
PB-JLD,2021-06-29,33.5,40.4,26.3,44,67,0.0,0.0,16.2,274,23.93,6.96,972.1,18.8,242.0,31.3181,75.62575
PB-JLD,2021-06-30,34.2,41.3,26.7,45,66,0.0,0.0,12.9,238,24.87,7.24,969.0,19.8,242.0,31.3181,75.62575
PB-JLD,2021-07-01,33.8,40.0,27.4,53,72,0.0,0.0,10.7,193,23.74,6.3,967.4,22.1,242.0,31.3181,75.62575
PB-JLD,2021-07-02,33.1,38.9,27.2,55,81,0.0,0.0,8.0,127,22.21,5.64,969.1,22.1,242.0,31.3181,75.62575
PB-JLD,2021-07-03,31.2,35.0,26.6,61,80,1.0,1.0,12.1,120,21.6,5.31,972.4,22.5,242.0,31.3181,75.62575
PB-JLD,2021-07-04,32.0,37.2,26.5,61,85,0.0,0.0,7.6,166,23.47,5.63,973.8,23.0,242.0,31.3181,75.62575
PB-JLD,2021-07-05,31.7,36.9,26.7,63,80,0.0,0.0,14.8,213,23.07,5.65,974.5,23.4,242.0,31.3181,75.62575
PB-JLD,2021-07-06,32.9,38.2,27.1,59,86,0.0,0.0,6.9,243,22.76,5.55,972.9,23.2,242.0,31.3181,75.62575
PB-JLD,2021-07-07,33.3,39.1,27.3,56,82,0.0,0.0,8.2,146,23.27,5.94,971.5,22.6,242.0,31.3181,75.62575
PB-JLD,2021-07-08,33.0,38.4,27.6,56,74,0.0,0.0,8.7,158,23.86,6.0,971.0,22.6,242.0,31.3181,75.62575
PB-JLD,2021-07-09,32.1,36.4,28.4,64,80,0.0,0.0,18.1,128,21.52,5.81,972.9,24.1,242.0,31.3181,75.62575
PB-JLD,2021-07-10,31.9,35.9,29.0,67,77,0.7,0.7,13.7,114,21.26,5.38,973.0,24.9,242.0,31.3181,75.62575
PB-JLD,2021-07-11,30.8,35.7,27.0,74,91,11.4,11.4,17.6,109,20.4,5.09,974.0,25.4,242.0,31.3181,75.62575
PB-JLD,2021-07-12,27.9,32.6,25.0,84,96,29.0,29.0,19.6,109,15.19,3.71,976.2,24.7,242.0,31.3181,75.62575
PB-JLD,2021-07-13,27.6,31.6,24.8,85,96,17.7,17.7,17.1,112,17.82,3.9,975.9,24.8,242.0,31.3181,75.62575
PB-JLD,2021-07-14,28.7,32.5,25.4,80,97,0.0,0.0,11.7,96,21.54,4.78,975.6,24.7,242.0,31.3181,75.62575
PB-JLD,2021-07-15,29.2,33.2,25.4,80,95,0.2,0.2,9.6,108,22.6,4.99,976.0,25.1,242.0,31.3181,75.62575
PB-JLD,2021-07-16,30.0,33.9,26.7,80,95,0.7,0.7,12.3,92,21.07,4.7,977.3,25.9,242.0,31.3181,75.62575
PB-JLD,2021-07-17,31.0,35.1,26.8,78,95,0.6,0.6,8.7,80,21.46,4.98,974.2,26.4,242.0,31.3181,75.62575
PB-JLD,2021-07-18,31.3,36.5,27.7,78,88,0.0,0.0,21.1,119,22.05,5.36,970.0,26.7,242.0,31.3181,75.62575
PB-JLD,2021-07-19,27.4,30.1,25.6,87,96,10.2,10.2,21.0,127,15.6,3.37,970.2,25.0,242.0,31.3181,75.62575
PB-JLD,2021-07-20,26.8,31.0,25.1,89,99,5.7,5.7,13.1,107,11.94,2.66,970.5,24.8,242.0,31.3181,75.62575
PB-JLD,2021-07-21,27.8,31.3,24.8,86,99,2.0,2.0,9.1,108,17.27,3.7,969.8,25.1,242.0,31.3181,75.62575
PB-JLD,2021-07-22,28.2,31.2,25.2,84,94,3.4,3.4,11.4,119,18.11,3.99,969.4,25.1,242.0,31.3181,75.62575
PB-JLD,2021-07-23,27.7,30.9,26.2,85,93,6.7,6.7,9.7,67,8.33,2.06,971.1,24.9,242.0,31.3181,75.62575
PB-JLD,2021-07-24,29.9,34.3,25.5,81,96,0.2,0.2,6.2,90,20.22,4.48,971.6,26.1,242.0,31.3181,75.62575
PB-JLD,2021-07-25,30.6,34.3,27.1,83,99,0.5,0.5,8.2,99,20.09,4.48,970.8,27.2,242.0,31.3181,75.62575
PB-JLD,2021-07-26,29.6,32.3,28.0,87,94,8.4,8.4,13.8,122,13.9,3.18,969.5,27.1,242.0,31.3181,75.62575
PB-JLD,2021-07-27,28.4,31.3,27.0,90,97,27.8,27.8,11.1,145,9.65,2.24,967.3,26.5,242.0,31.3181,75.62575
PB-JLD,2021-07-28,26.4,27.7,25.2,95,98,60.0,60.0,11.8,139,3.93,0.99,968.6,25.5,242.0,31.3181,75.62575
PB-JLD,2021-07-29,26.6,29.2,24.6,89,99,5.5,5.5,15.7,119,12.45,2.72,969.6,24.5,242.0,31.3181,75.62575
PB-JLD,2021-07-30,27.1,29.8,25.3,87,96,4.1,4.1,17.2,112,13.41,2.89,971.4,24.7,242.0,31.3181,75.62575
PB-JLD,2021-07-31,27.4,30.0,25.9,86,95,1.6,1.6,12.7,70,10.53,2.44,972.5,24.8,242.0,31.3181,75.62575
PB-JLD,2021-08-01,28.6,32.8,25.1,85,97,1.4,1.4,7.6,107,21.37,4.61,970.5,25.6,242.0,31.3181,75.62575
PB-JLD,2021-08-02,28.8,32.7,25.6,87,99,2.4,2.4,10.6,125,19.8,4.26,971.2,26.3,242.0,31.3181,75.62575
PB-JLD,2021-08-03,28.5,32.6,26.2,87,99,5.6,5.6,10.0,133,19.16,4.08,972.8,26.0,242.0,31.3181,75.62575
PB-JLD,2021-08-04,28.9,31.9,26.2,83,97,1.5,1.5,7.7,129,18.06,3.9,973.4,25.6,242.0,31.3181,75.62575
PB-JLD,2021-08-05,28.6,32.2,25.5,86,96,4.8,4.8,10.6,120,18.67,3.98,972.9,26.0,242.0,31.3181,75.62575
PB-JLD,2021-08-06,28.4,32.5,25.3,85,98,2.2,2.2,8.5,24,17.52,3.81,973.0,25.6,242.0,31.3181,75.62575
PB-JLD,2021-08-07,29.4,33.3,25.2,81,99,0.4,0.4,7.1,115,21.67,4.67,974.2,25.5,242.0,31.3181,75.62575
PB-JLD,2021-08-08,29.2,32.5,26.5,84,98,3.2,3.2,8.4,112,19.78,4.28,975.7,26.2,242.0,31.3181,75.62575
PB-JLD,2021-08-09,28.9,32.4,26.1,85,97,2.2,2.2,7.9,103,19.3,4.16,975.8,26.0,242.0,31.3181,75.62575
PB-JLD,2021-08-10,29.2,33.1,25.2,85,100,1.6,1.6,8.0,137,20.96,4.55,974.0,26.1,242.0,31.3181,75.62575
PB-JLD,2021-08-11,29.8,34.4,25.9,80,98,0.0,0.0,7.9,144,22.78,5.08,973.7,25.7,242.0,31.3181,75.62575
PB-JLD,2021-08-12,30.0,34.2,26.3,80,97,0.6,0.6,8.5,137,21.57,4.8,974.9,26.0,242.0,31.3181,75.62575
PB-JLD,2021-08-13,29.8,34.2,26.7,82,93,1.5,1.5,11.5,106,20.15,4.51,973.5,26.2,242.0,31.3181,75.62575
PB-JLD,2021-08-14,29.3,33.1,26.3,81,97,3.0,3.0,8.8,129,20.96,4.53,971.6,25.6,242.0,31.3181,75.62575
PB-JLD,2021-08-15,29.2,32.7,26.3,77,93,0.2,0.2,14.0,87,21.07,4.62,973.3,24.7,242.0,31.3181,75.62575
PB-JLD,2021-08-16,29.0,33.4,24.6,79,96,1.7,1.7,8.2,304,21.95,4.83,976.2,24.8,242.0,31.3181,75.62575
PB-JLD,2021-08-17,29.4,34.3,24.3,77,96,0.0,0.0,10.6,17,24.15,5.34,976.2,24.5,242.0,31.3181,75.62575
PB-JLD,2021-08-18,29.8,35.1,25.1,76,96,0.2,0.2,8.4,72,22.88,5.18,974.1,24.7,242.0,31.3181,75.62575
PB-JLD,2021-08-19,30.1,34.6,25.4,77,96,0.6,0.6,7.4,119,21.82,4.92,973.3,25.2,242.0,31.3181,75.62575
PB-JLD,2021-08-20,28.9,32.5,26.9,82,92,6.0,6.0,17.0,118,15.74,3.78,975.9,25.3,242.0,31.3181,75.62575
PB-JLD,2021-08-21,26.2,27.2,25.1,88,97,19.7,19.7,11.2,96,5.18,1.38,978.9,24.0,242.0,31.3181,75.62575
PB-JLD,2021-08-22,26.8,29.6,24.9,89,96,7.4,7.4,10.5,84,10.39,2.27,978.1,24.8,242.0,31.3181,75.62575
PB-JLD,2021-08-23,28.1,32.3,24.0,81,99,0.0,0.0,6.7,327,20.88,4.51,975.2,24.2,242.0,31.3181,75.62575
PB-JLD,2021-08-24,29.2,33.0,25.1,83,99,0.4,0.4,8.3,248,21.1,4.58,973.5,25.8,242.0,31.3181,75.62575
PB-JLD,2021-08-25,30.1,34.3,26.8,82,95,0.7,0.7,8.4,140,20.38,4.52,971.0,26.5,242.0,31.3181,75.62575
PB-JLD,2021-08-26,30.0,34.2,26.9,78,92,0.0,0.0,12.0,146,22.78,5.07,970.0,25.6,242.0,31.3181,75.62575
PB-JLD,2021-08-27,29.7,34.0,26.4,78,95,0.2,0.2,10.0,133,22.29,5.05,972.0,25.3,242.0,31.3181,75.62575
PB-JLD,2021-08-28,28.7,32.4,25.1,80,94,1.8,1.8,16.1,116,20.53,4.57,973.8,24.8,242.0,31.3181,75.62575
PB-JLD,2021-08-29,28.3,32.1,24.7,82,93,1.7,1.7,19.5,104,20.19,4.38,974.8,24.7,242.0,31.3181,75.62575
PB-JLD,2021-08-30,27.5,31.4,23.3,82,95,2.5,2.5,15.0,103,15.08,3.41,978.2,24.0,242.0,31.3181,75.62575
PB-JLD,2021-08-31,27.5,31.2,24.1,83,93,2.8,2.8,11.5,93,19.03,4.07,980.4,24.2,242.0,31.3181,75.62575
PB-JLD,2021-09-01,27.5,31.0,24.7,83,97,1.7,1.7,10.5,128,19.14,4.01,980.0,24.1,242.0,31.3181,75.62575
PB-JLD,2021-09-02,27.7,31.0,24.1,83,100,4.0,4.0,6.7,95,18.54,3.91,977.6,24.2,242.0,31.3181,75.62575
PB-JLD,2021-09-03,27.7,30.7,25.4,82,94,2.8,2.8,6.1,105,15.4,3.32,976.0,24.2,242.0,31.3181,75.62575
PB-JLD,2021-09-04,27.9,32.0,24.9,82,98,0.0,0.0,4.2,223,19.04,3.99,975.5,24.4,242.0,31.3181,75.62575
PB-JLD,2021-09-05,28.6,32.6,24.3,81,99,0.5,0.5,7.5,90,19.5,4.25,975.6,24.7,242.0,31.3181,75.62575
PB-JLD,2021-09-06,29.5,33.2,25.7,80,95,0.2,0.2,8.4,112,20.03,4.42,976.8,25.4,242.0,31.3181,75.62575
PB-JLD,2021-09-07,28.4,31.9,26.3,84,93,1.2,1.2,16.6,117,16.73,3.66,978.5,25.5,242.0,31.3181,75.62575
PB-JLD,2021-09-08,28.3,31.9,25.9,81,92,2.7,2.7,15.3,113,16.8,3.81,978.1,24.6,242.0,31.3181,75.62575
PB-JLD,2021-09-09,28.0,31.4,25.3,82,94,4.2,4.2,11.8,106,15.3,3.36,976.9,24.5,242.0,31.3181,75.62575
PB-JLD,2021-09-10,27.5,30.8,25.5,83,93,9.8,9.8,16.6,119,13.75,3.1,977.0,24.3,242.0,31.3181,75.62575
PB-JLD,2021-09-11,26.7,28.7,25.0,82,90,19.8,19.8,12.4,85,10.77,2.52,977.4,23.4,242.0,31.3181,75.62575
PB-JLD,2021-09-12,25.1,27.5,23.5,85,93,1.7,1.7,12.8,19,9.21,2.07,975.8,22.3,242.0,31.3181,75.62575
PB-JLD,2021-09-13,27.2,32.0,22.5,78,97,0.0,0.0,7.9,18,19.03,4.13,975.2,22.7,242.0,31.3181,75.62575
PB-JLD,2021-09-14,27.9,32.3,23.7,79,95,0.0,0.0,6.9,83,19.35,4.23,977.9,23.6,242.0,31.3181,75.62575
PB-JLD,2021-09-15,28.9,33.8,24.7,73,92,0.0,0.0,13.1,3,19.88,4.65,978.2,23.2,242.0,31.3181,75.62575
PB-JLD,2021-09-16,28.6,33.1,24.5,77,96,1.0,1.0,15.9,83,19.89,4.5,976.3,24.0,242.0,31.3181,75.62575
PB-JLD,2021-09-17,26.9,31.1,24.4,83,98,4.9,4.9,10.8,60,15.6,3.35,976.4,23.6,242.0,31.3181,75.62575
PB-JLD,2021-09-18,27.9,32.4,23.7,79,98,0.0,0.0,7.6,28,17.14,3.74,977.8,23.6,242.0,31.3181,75.62575
PB-JLD,2021-09-19,28.7,32.7,25.1,78,94,0.8,0.8,9.4,148,17.09,3.76,979.5,24.2,242.0,31.3181,75.62575
PB-JLD,2021-09-20,29.0,32.6,25.3,78,93,0.7,0.7,8.7,113,17.31,3.82,978.6,24.6,242.0,31.3181,75.62575
PB-JLD,2021-09-21,27.4,31.2,24.5,83,97,14.2,14.2,15.5,95,15.13,3.27,977.8,24.2,242.0,31.3181,75.62575
PB-JLD,2021-09-22,26.0,29.9,23.4,88,98,13.8,13.8,10.5,116,13.23,2.77,977.6,23.7,242.0,31.3181,75.62575
PB-JLD,2021-09-23,25.3,28.3,23.1,88,98,7.0,7.0,15.4,119,15.7,3.15,979.5,23.0,242.0,31.3181,75.62575
PB-JLD,2021-09-24,26.4,31.0,22.8,79,98,0.4,0.4,8.7,10,18.85,3.98,980.4,22.3,242.0,31.3181,75.62575
PB-JLD,2021-09-25,27.1,31.7,22.9,80,97,0.5,0.5,8.9,314,19.11,4.06,978.7,23.2,242.0,31.3181,75.62575
PB-JLD,2021-09-26,27.5,31.9,23.4,81,98,0.2,0.2,7.1,78,18.23,3.9,978.6,23.7,242.0,31.3181,75.62575
PB-JLD,2021-09-27,28.2,32.9,23.7,80,98,0.0,0.0,7.1,42,19.04,4.09,979.3,24.1,242.0,31.3181,75.62575
PB-JLD,2021-09-28,28.5,33.1,24.2,76,95,0.0,0.0,7.1,88,18.4,3.97,979.9,23.4,242.0,31.3181,75.62575
PB-JLD,2021-09-29,28.6,33.0,24.8,75,93,0.0,0.0,6.3,120,17.72,3.88,981.0,23.4,242.0,31.3181,75.62575
PB-JLD,2021-09-30,27.8,31.9,24.6,81,94,0.7,0.7,9.0,114,16.14,3.51,981.9,24.0,242.0,31.3181,75.62575
PB-JLD,2021-10-01,27.8,32.0,24.4,82,96,1.0,1.0,8.7,60,16.68,3.59,981.3,24.3,242.0,31.3181,75.62575
PB-JLD,2021-10-02,27.6,32.0,24.4,82,98,1.6,1.6,10.3,336,16.7,3.62,979.9,24.1,242.0,31.3181,75.62575
PB-JLD,2021-10-03,27.7,32.5,24.2,82,99,1.4,1.4,10.0,0,16.73,3.67,977.8,24.2,242.0,31.3181,75.62575
PB-JLD,2021-10-04,27.7,32.2,24.2,78,97,2.1,2.1,8.7,126,15.89,3.49,977.3,23.3,242.0,31.3181,75.62575
PB-JLD,2021-10-05,27.4,31.4,23.5,77,97,1.1,1.1,8.7,126,15.79,3.39,980.4,22.8,242.0,31.3181,75.62575
PB-JLD,2021-10-06,27.3,32.7,22.9,74,95,0.0,0.0,11.5,309,18.45,4.2,980.7,21.9,242.0,31.3181,75.62575
PB-JLD,2021-10-07,26.6,32.6,21.1,75,98,0.0,0.0,10.0,305,18.35,4.11,978.9,21.4,242.0,31.3181,75.62575
PB-JLD,2021-10-08,27.5,33.1,21.9,72,96,0.0,0.0,9.2,81,18.18,4.09,977.8,21.4,242.0,31.3181,75.62575
PB-JLD,2021-10-09,27.3,33.4,22.1,72,96,0.0,0.0,9.1,72,18.15,4.14,978.3,21.3,242.0,31.3181,75.62575
PB-JLD,2021-10-10,27.4,33.9,21.6,70,96,0.0,0.0,11.1,125,17.89,4.31,978.2,20.9,242.0,31.3181,75.62575
PB-JLD,2021-10-11,27.8,34.2,23.5,63,78,0.0,0.0,13.8,134,17.95,4.62,977.8,19.5,242.0,31.3181,75.62575
PB-JLD,2021-10-12,26.4,34.1,21.8,63,87,0.0,0.0,10.8,169,16.97,4.25,978.7,18.0,242.0,31.3181,75.62575
PB-JLD,2021-10-13,24.7,31.6,20.0,68,87,0.0,0.0,9.7,296,16.11,3.73,979.6,17.9,242.0,31.3181,75.62575
PB-JLD,2021-10-14,24.2,31.9,18.0,66,94,0.0,0.0,12.3,308,16.08,3.97,979.5,16.8,242.0,31.3181,75.62575
PB-JLD,2021-10-15,25.1,32.6,18.1,63,88,0.0,0.0,11.0,301,15.96,3.9,977.4,16.8,242.0,31.3181,75.62575
PB-JLD,2021-10-16,26.1,32.4,19.1,67,96,0.0,0.0,9.4,251,15.33,3.29,978.0,18.9,242.0,31.3181,75.62575
PB-JLD,2021-10-17,23.6,27.0,21.8,81,94,6.4,6.4,15.5,99,8.69,2.13,980.4,20.1,242.0,31.3181,75.62575
PB-JLD,2021-10-18,22.4,24.8,20.7,83,95,2.9,2.9,10.6,51,6.66,1.56,978.9,19.2,242.0,31.3181,75.62575
PB-JLD,2021-10-19,23.6,30.1,18.5,73,93,0.0,0.0,14.0,321,14.85,3.41,979.6,17.9,242.0,31.3181,75.62575
PB-JLD,2021-10-20,23.3,31.3,17.2,73,99,0.0,0.0,11.2,71,15.14,3.35,982.2,17.4,242.0,31.3181,75.62575
PB-JLD,2021-10-21,23.2,31.5,16.6,67,96,0.0,0.0,9.0,107,15.11,3.39,981.7,15.7,242.0,31.3181,75.62575
PB-JLD,2021-10-22,23.0,30.9,16.4,65,94,0.0,0.0,11.7,140,14.84,3.59,981.2,15.3,242.0,31.3181,75.62575
PB-JLD,2021-10-23,22.7,29.9,17.9,69,96,27.8,27.8,24.8,132,11.97,3.74,983.0,16.1,242.0,31.3181,75.62575
PB-JLD,2021-10-24,18.1,20.2,16.4,89,95,62.2,62.2,17.6,94,4.27,1.01,986.7,16.3,242.0,31.3181,75.62575
PB-JLD,2021-10-25,19.2,25.7,14.9,75,92,0.0,0.0,9.2,311,14.03,2.84,987.0,14.4,242.0,31.3181,75.62575
PB-JLD,2021-10-26,18.6,25.6,13.5,73,94,0.0,0.0,11.1,294,14.33,2.99,985.3,13.1,242.0,31.3181,75.62575
PB-JLD,2021-10-27,19.8,26.5,14.8,69,91,0.0,0.0,11.2,322,14.07,3.0,987.2,13.6,242.0,31.3181,75.62575
PB-JLD,2021-10-28,19.6,26.8,14.0,70,92,0.0,0.0,11.9,303,13.93,3.0,987.1,13.4,242.0,31.3181,75.62575
PB-JLD,2021-10-29,20.0,27.4,13.8,73,96,0.0,0.0,11.4,323,13.78,2.95,988.8,14.3,242.0,31.3181,75.62575
PB-JLD,2021-10-30,19.6,26.9,13.0,72,97,0.0,0.0,12.2,304,13.75,2.98,988.1,13.8,242.0,31.3181,75.62575
PB-JLD,2021-10-31,19.4,27.0,14.0,68,86,0.0,0.0,10.7,290,13.84,2.88,985.2,12.7,242.0,31.3181,75.62575
PB-JLD,2021-11-01,19.1,27.1,12.5,71,94,0.0,0.0,12.1,108,13.39,3.05,984.7,13.1,242.0,31.3181,75.62575
PB-JLD,2021-11-02,19.8,24.7,16.1,63,84,3.0,3.0,24.0,66,10.84,3.09,986.8,12.4,242.0,31.3181,75.62575
PB-JLD,2021-11-03,20.5,28.0,14.5,56,76,0.0,0.0,12.6,76,12.68,3.28,986.6,10.7,242.0,31.3181,75.62575
PB-JLD,2021-11-04,19.5,26.7,14.3,63,79,0.0,0.0,11.7,313,13.07,2.79,985.9,11.6,242.0,31.3181,75.62575
PB-JLD,2021-11-05,18.9,26.6,12.3,69,95,0.0,0.0,11.2,1,12.88,2.71,985.7,12.4,242.0,31.3181,75.62575
PB-JLD,2021-11-06,19.1,26.6,12.5,67,94,0.0,0.0,12.7,311,12.77,2.82,984.1,12.3,242.0,31.3181,75.62575
PB-JLD,2021-11-07,18.7,25.9,12.2,71,96,0.0,0.0,11.2,306,12.82,2.6,983.6,12.8,242.0,31.3181,75.62575
PB-JLD,2021-11-08,18.5,26.3,12.1,72,100,0.0,0.0,11.5,343,12.5,2.71,985.5,12.8,242.0,31.3181,75.62575
PB-JLD,2021-11-09,18.6,26.2,11.6,67,95,0.0,0.0,9.2,344,12.53,2.53,986.0,11.6,242.0,31.3181,75.62575
PB-JLD,2021-11-10,18.7,27.0,12.0,71,92,0.0,0.0,9.0,76,12.34,2.52,985.5,12.7,242.0,31.3181,75.62575
PB-JLD,2021-11-11,18.8,26.7,12.5,75,97,0.0,0.0,10.6,15,12.16,2.48,985.2,13.8,242.0,31.3181,75.62575
PB-JLD,2021-11-12,18.5,26.7,11.2,75,100,0.0,0.0,10.6,40,12.2,2.51,985.4,13.1,242.0,31.3181,75.62575
PB-JLD,2021-11-13,18.2,26.0,10.9,68,94,0.0,0.0,11.3,334,12.19,2.57,985.4,11.4,242.0,31.3181,75.62575
PB-JLD,2021-11-14,17.8,25.8,10.9,69,96,0.0,0.0,12.2,71,11.94,2.41,984.3,11.2,242.0,31.3181,75.62575
PB-JLD,2021-11-15,17.7,25.1,10.2,67,96,0.0,0.0,11.7,353,11.81,2.53,984.0,10.8,242.0,31.3181,75.62575
PB-JLD,2021-11-16,17.1,24.3,10.5,67,98,0.0,0.0,11.3,321,11.98,2.48,984.8,9.9,242.0,31.3181,75.62575
PB-JLD,2021-11-17,16.5,24.1,10.7,71,92,0.0,0.0,10.6,14,11.68,2.27,986.8,10.6,242.0,31.3181,75.62575
PB-JLD,2021-11-18,16.4,23.3,9.4,73,99,0.0,0.0,10.3,10,11.59,2.26,985.7,10.9,242.0,31.3181,75.62575
PB-JLD,2021-11-19,16.3,23.7,9.5,73,97,0.0,0.0,11.1,338,11.52,2.29,983.5,10.9,242.0,31.3181,75.62575
PB-JLD,2021-11-20,16.1,23.9,9.8,73,99,0.0,0.0,11.6,328,11.47,2.27,983.7,10.6,242.0,31.3181,75.62575
PB-JLD,2021-11-21,16.1,24.7,9.7,71,95,0.0,0.0,11.8,310,11.49,2.47,985.4,10.1,242.0,31.3181,75.62575
PB-JLD,2021-11-22,14.8,23.8,7.8,67,93,0.0,0.0,12.1,312,11.65,2.51,984.8,7.9,242.0,31.3181,75.62575
PB-JLD,2021-11-23,15.6,23.9,7.6,66,96,0.0,0.0,8.6,265,11.49,2.24,983.0,8.6,242.0,31.3181,75.62575
PB-JLD,2021-11-24,15.6,24.4,8.4,71,95,0.0,0.0,9.0,116,11.2,2.27,984.7,9.6,242.0,31.3181,75.62575
PB-JLD,2021-11-25,16.2,24.4,10.4,73,95,0.0,0.0,11.8,79,10.93,2.22,986.4,10.7,242.0,31.3181,75.62575
PB-JLD,2021-11-26,16.5,23.7,11.2,72,90,0.0,0.0,10.1,34,10.95,2.05,986.1,11.0,242.0,31.3181,75.62575
PB-JLD,2021-11-27,15.9,23.9,9.5,74,96,0.0,0.0,9.0,117,10.81,1.99,987.2,10.4,242.0,31.3181,75.62575
PB-JLD,2021-11-28,15.9,23.8,9.5,73,95,0.0,0.0,11.0,47,10.75,2.13,989.3,10.4,242.0,31.3181,75.62575
PB-JLD,2021-11-29,16.0,23.9,11.4,74,97,0.0,0.0,13.8,318,10.82,2.32,989.5,10.7,242.0,31.3181,75.62575
PB-JLD,2021-11-30,14.7,22.7,8.3,74,97,0.0,0.0,11.4,304,10.96,2.11,988.2,9.5,242.0,31.3181,75.62575
PB-JLD,2021-12-01,14.8,21.9,8.8,76,98,0.0,0.0,9.0,50,8.36,1.62,988.9,10.1,242.0,31.3181,75.62575
PB-JLD,2021-12-02,14.5,18.3,10.9,84,96,0.0,0.0,8.4,306,2.98,0.78,988.6,11.7,242.0,31.3181,75.62575
PB-JLD,2021-12-03,16.5,23.5,10.2,73,97,0.0,0.0,8.4,34,9.96,1.88,989.0,11.1,242.0,31.3181,75.62575
PB-JLD,2021-12-04,17.0,23.8,12.4,77,97,0.0,0.0,9.5,62,10.19,1.96,987.4,12.5,242.0,31.3181,75.62575
PB-JLD,2021-12-05,16.0,22.9,12.3,82,97,1.2,1.2,11.7,127,9.82,1.87,988.0,12.5,242.0,31.3181,75.62575
PB-JLD,2021-12-06,15.3,21.9,10.8,78,98,0.0,0.0,9.7,10,10.23,1.87,988.8,11.0,242.0,31.3181,75.62575
PB-JLD,2021-12-07,14.5,21.4,8.7,78,100,0.0,0.0,11.1,322,10.26,1.94,989.5,10.2,242.0,31.3181,75.62575
PB-JLD,2021-12-08,14.1,21.6,8.7,73,98,0.0,0.0,10.7,307,10.63,2.08,988.7,8.6,242.0,31.3181,75.62575
PB-JLD,2021-12-09,14.7,21.9,9.4,73,95,0.0,0.0,11.5,314,10.35,1.96,991.2,9.4,242.0,31.3181,75.62575
PB-JLD,2021-12-10,14.3,21.8,8.9,75,95,0.0,0.0,9.7,293,10.49,1.97,991.2,9.5,242.0,31.3181,75.62575
PB-JLD,2021-12-11,13.7,20.9,6.4,69,100,0.0,0.0,9.0,291,10.81,1.98,989.7,7.2,242.0,31.3181,75.62575
PB-JLD,2021-12-12,12.9,20.0,5.4,73,99,0.0,0.0,9.8,35,9.67,1.72,990.3,7.7,242.0,31.3181,75.62575
PB-JLD,2021-12-13,13.0,20.0,6.3,71,94,0.0,0.0,7.7,128,10.46,1.76,989.4,7.4,242.0,31.3181,75.62575
PB-JLD,2021-12-14,12.7,19.3,7.0,70,96,0.0,0.0,8.9,100,10.27,1.79,989.0,6.6,242.0,31.3181,75.62575
PB-JLD,2021-12-15,11.7,19.1,7.1,73,91,0.0,0.0,11.6,325,10.66,1.93,989.4,6.6,242.0,31.3181,75.62575
PB-JLD,2021-12-16,10.3,17.4,5.0,74,98,0.0,0.0,10.6,333,10.35,1.77,990.4,5.2,242.0,31.3181,75.62575
PB-JLD,2021-12-17,8.8,16.4,3.7,79,100,0.0,0.0,12.0,310,10.7,1.73,992.1,4.8,242.0,31.3181,75.62575
PB-JLD,2021-12-18,8.8,16.4,2.9,79,100,0.0,0.0,12.2,308,10.66,1.73,991.8,4.8,242.0,31.3181,75.62575
PB-JLD,2021-12-19,8.2,16.2,1.8,77,98,0.0,0.0,11.2,299,10.9,1.74,991.0,3.9,242.0,31.3181,75.62575
PB-JLD,2021-12-20,9.0,16.4,1.8,78,97,0.0,0.0,11.1,302,10.38,1.59,989.6,4.9,242.0,31.3181,75.62575
PB-JLD,2021-12-21,11.6,17.8,6.1,75,90,0.4,0.4,8.4,349,10.54,1.69,988.9,7.0,242.0,31.3181,75.62575
PB-JLD,2021-12-22,12.0,18.3,6.3,76,99,0.0,0.0,10.0,320,10.47,1.71,986.4,7.6,242.0,31.3181,75.62575
PB-JLD,2021-12-23,12.5,18.9,7.4,76,97,0.0,0.0,9.8,132,10.04,1.67,985.9,8.0,242.0,31.3181,75.62575
PB-JLD,2021-12-24,12.5,19.4,5.2,75,97,0.0,0.0,9.1,120,10.47,1.78,985.8,7.8,242.0,31.3181,75.62575
PB-JLD,2021-12-25,12.8,19.2,7.7,78,92,0.0,0.0,9.6,46,9.74,1.6,987.6,8.8,242.0,31.3181,75.62575
PB-JLD,2021-12-26,11.0,15.6,7.4,88,100,0.0,0.0,8.2,80,3.99,0.8,989.2,8.9,242.0,31.3181,75.62575
PB-JLD,2021-12-27,11.6,18.5,6.6,84,99,0.0,0.0,11.0,357,10.36,1.68,991.1,8.7,242.0,31.3181,75.62575
PB-JLD,2021-12-28,11.5,19.0,6.0,80,100,0.0,0.0,10.7,318,10.56,1.82,989.9,7.5,242.0,31.3181,75.62575
PB-JLD,2021-12-29,10.0,17.6,3.9,75,94,0.0,0.0,10.7,285,10.96,1.86,990.2,5.2,242.0,31.3181,75.62575
PB-JLD,2021-12-30,10.5,17.5,3.7,77,97,0.0,0.0,9.0,183,10.08,1.62,994.4,6.4,242.0,31.3181,75.62575
PB-JLD,2021-12-31,11.2,17.6,4.9,79,99,0.0,0.0,10.1,299,10.63,1.72,994.1,7.4,242.0,31.3181,75.62575
PB-JLD,2022-01-01,10.7,17.5,4.9,81,100,0.0,0.0,10.2,299,10.23,1.66,992.8,7.2,242.0,31.3181,75.62575
PB-JLD,2022-01-02,11.6,18.4,5.1,78,99,0.0,0.0,10.7,304,10.35,1.74,991.6,7.4,242.0,31.3181,75.62575
PB-JLD,2022-01-03,12.0,19.0,5.7,76,96,0.0,0.0,9.6,287,9.38,1.7,989.6,7.5,242.0,31.3181,75.62575
PB-JLD,2022-01-04,12.6,14.5,10.5,85,97,2.9,2.9,9.0,340,2.84,0.64,989.2,10.1,242.0,31.3181,75.62575
PB-JLD,2022-01-05,12.3,13.7,10.4,95,98,28.7,28.7,13.8,127,1.6,0.42,987.3,11.5,242.0,31.3181,75.62575
PB-JLD,2022-01-06,13.8,17.9,10.7,85,96,6.6,6.6,16.3,134,6.81,1.29,988.0,11.2,242.0,31.3181,75.62575
PB-JLD,2022-01-07,13.2,15.8,9.1,91,97,11.4,11.4,21.8,129,3.28,0.79,986.8,11.7,242.0,31.3181,75.62575
PB-JLD,2022-01-08,13.7,15.0,11.4,93,98,58.2,58.2,22.2,151,3.46,0.7,986.7,12.6,242.0,31.3181,75.62575
PB-JLD,2022-01-09,12.1,15.9,10.0,91,99,0.4,0.4,7.1,145,8.38,1.28,987.4,10.5,242.0,31.3181,75.62575
PB-JLD,2022-01-10,11.9,16.1,7.9,88,100,0.6,0.6,8.2,276,9.85,1.49,989.0,9.7,242.0,31.3181,75.62575
PB-JLD,2022-01-11,10.7,16.2,6.3,90,100,0.0,0.0,10.2,299,10.02,1.47,989.3,8.9,242.0,31.3181,75.62575
PB-JLD,2022-01-12,11.6,17.1,7.3,90,100,0.0,0.0,8.2,255,9.81,1.48,988.3,9.9,242.0,31.3181,75.62575
PB-JLD,2022-01-13,11.3,16.2,7.9,87,100,0.0,0.0,9.0,23,8.72,1.37,988.8,9.1,242.0,31.3181,75.62575
PB-JLD,2022-01-14,9.9,15.5,6.2,88,100,0.0,0.0,9.7,294,9.7,1.43,989.7,8.0,242.0,31.3181,75.62575
PB-JLD,2022-01-15,10.1,14.4,5.2,85,100,0.0,0.0,9.7,312,9.13,1.35,991.2,7.6,242.0,31.3181,75.62575
PB-JLD,2022-01-16,9.3,13.6,5.7,91,100,0.0,0.0,8.0,296,7.06,1.03,991.5,7.8,242.0,31.3181,75.62575
PB-JLD,2022-01-17,8.9,13.1,5.3,93,100,0.0,0.0,9.2,86,5.41,0.84,992.1,7.8,242.0,31.3181,75.62575
PB-JLD,2022-01-18,9.3,14.8,6.2,91,100,0.0,0.0,11.2,313,9.49,1.29,990.2,7.8,242.0,31.3181,75.62575
PB-JLD,2022-01-19,10.8,15.9,5.7,92,100,3.3,3.3,10.0,325,7.17,1.12,987.1,9.5,242.0,31.3181,75.62575
PB-JLD,2022-01-20,12.6,16.5,10.4,88,100,0.1,0.1,7.9,323,9.57,1.53,983.4,10.6,242.0,31.3181,75.62575
PB-JLD,2022-01-21,11.8,17.4,7.7,88,100,0.0,0.0,10.1,133,10.89,1.71,983.1,9.6,242.0,31.3181,75.62575
PB-JLD,2022-01-22,11.7,13.2,9.8,87,95,11.6,11.6,27.2,118,2.62,0.88,978.6,9.6,242.0,31.3181,75.62575
PB-JLD,2022-01-23,11.4,13.1,8.7,90,97,7.8,7.8,25.1,127,4.5,0.89,981.2,9.8,242.0,31.3181,75.62575
PB-JLD,2022-01-24,10.8,15.3,6.8,88,100,0.1,0.1,7.9,135,10.13,1.5,985.0,8.7,242.0,31.3181,75.62575
PB-JLD,2022-01-25,10.5,15.5,5.6,87,100,0.0,0.0,10.6,296,10.86,1.6,986.0,8.3,242.0,31.3181,75.62575
PB-JLD,2022-01-26,10.9,15.4,6.9,87,99,0.4,0.4,12.2,312,9.49,1.42,986.9,8.7,242.0,31.3181,75.62575
PB-JLD,2022-01-27,10.1,16.0,5.7,86,100,0.0,0.0,9.7,293,11.82,1.78,988.1,7.7,242.0,31.3181,75.62575
PB-JLD,2022-01-28,9.5,15.7,3.3,79,96,0.0,0.0,11.3,305,13.42,1.95,987.9,5.9,242.0,31.3181,75.62575
PB-JLD,2022-01-29,11.2,18.2,6.9,81,93,0.0,0.0,10.4,290,13.37,2.09,988.0,8.0,242.0,31.3181,75.62575
PB-JLD,2022-01-30,11.0,17.3,5.0,84,100,0.0,0.0,11.1,296,13.14,1.97,983.9,8.2,242.0,31.3181,75.62575
PB-JLD,2022-01-31,12.2,19.0,6.2,87,100,0.0,0.0,9.0,157,12.85,2.01,982.7,9.8,242.0,31.3181,75.62575
PB-JLD,2022-02-01,11.9,18.2,7.1,91,100,0.0,0.0,11.6,2,12.47,1.87,983.1,10.4,242.0,31.3181,75.62575
PB-JLD,2022-02-02,11.8,17.2,6.8,84,100,0.0,0.0,16.2,91,10.72,1.75,982.0,8.9,242.0,31.3181,75.62575
PB-JLD,2022-02-03,11.0,12.4,9.5,90,95,24.6,24.6,19.8,48,1.68,0.54,980.5,9.5,242.0,31.3181,75.62575
PB-JLD,2022-02-04,11.1,15.6,8.8,85,97,2.1,2.1,7.4,356,12.91,1.94,981.9,8.6,242.0,31.3181,75.62575
PB-JLD,2022-02-05,9.9,16.0,5.1,88,100,0.0,0.0,10.2,356,13.92,2.01,985.2,7.8,242.0,31.3181,75.62575
PB-JLD,2022-02-06,11.1,18.0,5.7,88,100,0.0,0.0,9.5,36,13.83,2.12,987.1,8.9,242.0,31.3181,75.62575
PB-JLD,2022-02-07,12.7,19.6,7.4,84,99,0.0,0.0,10.9,21,14.07,2.26,986.6,9.9,242.0,31.3181,75.62575
PB-JLD,2022-02-08,13.3,20.1,7.3,82,98,0.0,0.0,8.3,327,14.68,2.39,985.0,10.1,242.0,31.3181,75.62575
PB-JLD,2022-02-09,14.0,19.5,9.7,76,96,0.3,0.3,10.5,302,14.01,2.4,986.4,9.6,242.0,31.3181,75.62575
PB-JLD,2022-02-10,11.9,19.0,6.2,77,98,0.0,0.0,13.1,308,15.25,2.55,988.9,7.5,242.0,31.3181,75.62575
PB-JLD,2022-02-11,11.2,18.1,5.3,75,89,0.0,0.0,14.2,304,15.71,2.53,987.3,6.8,242.0,31.3181,75.62575
PB-JLD,2022-02-12,12.5,19.5,5.3,76,93,0.0,0.0,9.7,289,15.78,2.56,985.7,8.1,242.0,31.3181,75.62575
PB-JLD,2022-02-13,12.9,20.7,6.2,80,96,0.0,0.0,8.4,134,15.65,2.56,984.6,9.2,242.0,31.3181,75.62575
PB-JLD,2022-02-14,13.6,20.9,7.7,80,98,0.0,0.0,11.7,86,15.38,2.61,985.0,9.9,242.0,31.3181,75.62575
PB-JLD,2022-02-15,14.1,20.8,8.0,78,95,0.0,0.0,8.7,26,15.29,2.64,985.1,10.1,242.0,31.3181,75.62575
PB-JLD,2022-02-16,14.2,21.3,8.9,80,99,0.0,0.0,12.0,319,15.52,2.7,983.2,10.6,242.0,31.3181,75.62575
PB-JLD,2022-02-17,14.6,22.0,8.0,73,92,0.0,0.0,10.9,12,16.37,2.92,982.7,9.3,242.0,31.3181,75.62575
PB-JLD,2022-02-18,14.4,21.1,7.0,75,96,0.0,0.0,13.8,328,15.72,2.79,984.2,9.7,242.0,31.3181,75.62575
PB-JLD,2022-02-19,13.8,21.6,7.1,78,100,0.0,0.0,14.8,285,16.58,2.88,985.5,9.7,242.0,31.3181,75.62575
PB-JLD,2022-02-20,13.2,21.0,6.6,72,91,0.0,0.0,15.8,299,17.08,2.99,979.8,7.8,242.0,31.3181,75.62575
PB-JLD,2022-02-21,13.5,21.5,6.0,75,94,0.0,0.0,10.1,169,17.33,2.85,979.0,8.7,242.0,31.3181,75.62575
PB-JLD,2022-02-22,17.5,23.8,10.8,63,91,2.7,2.7,34.4,129,14.86,4.29,979.9,9.7,242.0,31.3181,75.62575
PB-JLD,2022-02-23,17.6,23.4,12.5,73,94,9.8,9.8,28.4,143,15.16,3.26,985.7,12.6,242.0,31.3181,75.62575
PB-JLD,2022-02-24,15.3,22.3,10.3,79,98,2.1,2.1,13.7,72,15.59,2.77,988.0,11.3,242.0,31.3181,75.62575
PB-JLD,2022-02-25,15.0,22.0,9.0,77,93,2.8,2.8,23.0,100,13.59,2.53,988.0,10.5,242.0,31.3181,75.62575
PB-JLD,2022-02-26,12.9,17.1,9.0,88,97,7.2,7.2,20.6,52,6.39,1.2,989.4,11.0,242.0,31.3181,75.62575
PB-JLD,2022-02-27,12.5,19.7,7.1,81,98,0.0,0.0,13.5,325,17.93,2.89,990.9,9.0,242.0,31.3181,75.62575
PB-JLD,2022-02-28,12.8,20.3,6.6,80,95,0.0,0.0,12.7,293,16.54,2.74,988.3,9.2,242.0,31.3181,75.62575
PB-JLD,2022-03-01,15.5,21.8,9.3,78,97,1.2,1.2,15.5,319,17.33,3.07,988.3,11.3,242.0,31.3181,75.62575
PB-JLD,2022-03-02,16.9,23.0,11.8,79,95,0.0,0.0,10.5,342,17.06,3.05,988.2,12.8,242.0,31.3181,75.62575
PB-JLD,2022-03-03,15.0,19.3,12.9,90,97,8.5,8.5,19.8,33,9.21,1.56,987.9,13.4,242.0,31.3181,75.62575
PB-JLD,2022-03-04,15.6,22.5,10.5,81,99,0.0,0.0,13.8,310,18.35,3.18,988.6,12.0,242.0,31.3181,75.62575
PB-JLD,2022-03-05,15.7,22.9,9.5,81,95,0.0,0.0,11.0,295,18.11,3.16,986.3,12.1,242.0,31.3181,75.62575
PB-JLD,2022-03-06,17.8,23.7,12.4,78,99,0.0,0.0,9.3,338,14.12,2.65,984.7,13.5,242.0,31.3181,75.62575
PB-JLD,2022-03-07,18.3,25.1,13.9,75,91,0.0,0.0,14.1,336,17.09,3.32,986.9,13.3,242.0,31.3181,75.62575
PB-JLD,2022-03-08,17.8,26.2,10.5,77,95,0.0,0.0,11.7,300,19.36,3.7,986.2,13.2,242.0,31.3181,75.62575
PB-JLD,2022-03-09,18.7,26.6,13.0,72,94,0.0,0.0,13.6,325,19.38,3.94,985.4,12.9,242.0,31.3181,75.62575
PB-JLD,2022-03-10,18.6,26.3,11.8,75,95,0.0,0.0,14.2,302,19.45,3.78,984.9,13.6,242.0,31.3181,75.62575
PB-JLD,2022-03-11,19.3,27.2,12.9,74,95,0.0,0.0,15.1,302,19.83,3.98,984.9,13.9,242.0,31.3181,75.62575
PB-JLD,2022-03-12,20.1,27.9,12.2,73,95,0.0,0.0,10.5,309,19.8,3.93,983.3,14.7,242.0,31.3181,75.62575
PB-JLD,2022-03-13,22.1,29.1,16.2,73,94,0.0,0.0,9.7,1,19.73,4.03,982.9,16.7,242.0,31.3181,75.62575
PB-JLD,2022-03-14,22.4,29.8,14.7,75,98,0.0,0.0,8.7,72,19.72,4.02,982.5,17.2,242.0,31.3181,75.62575
PB-JLD,2022-03-15,23.5,31.1,17.4,78,94,0.0,0.0,11.6,306,19.77,4.18,980.3,18.9,242.0,31.3181,75.62575
PB-JLD,2022-03-16,23.5,32.2,16.1,71,91,0.0,0.0,12.0,305,20.25,4.56,977.7,17.4,242.0,31.3181,75.62575
PB-JLD,2022-03-17,23.6,32.6,15.5,72,92,0.0,0.0,10.8,244,20.52,4.45,978.3,17.7,242.0,31.3181,75.62575
PB-JLD,2022-03-18,26.4,33.5,20.9,73,92,0.0,0.0,14.3,125,20.08,4.59,979.8,20.5,242.0,31.3181,75.62575
PB-JLD,2022-03-19,25.8,33.8,19.7,72,93,0.0,0.0,11.9,112,20.37,4.66,977.9,19.7,242.0,31.3181,75.62575
PB-JLD,2022-03-20,25.3,33.2,18.3,65,95,0.0,0.0,14.2,101,19.98,4.66,976.8,17.3,242.0,31.3181,75.62575
PB-JLD,2022-03-21,24.1,32.2,17.1,67,89,0.0,0.0,14.3,309,21.0,4.8,979.5,17.0,242.0,31.3181,75.62575
PB-JLD,2022-03-22,23.5,32.2,16.5,60,87,0.0,0.0,17.4,297,21.67,5.27,979.5,14.4,242.0,31.3181,75.62575
PB-JLD,2022-03-23,24.0,32.7,15.1,59,89,0.0,0.0,11.0,113,21.1,4.77,978.8,14.5,242.0,31.3181,75.62575
PB-JLD,2022-03-24,24.3,31.9,18.0,58,87,0.0,0.0,13.6,296,20.3,4.76,977.9,14.6,242.0,31.3181,75.62575
PB-JLD,2022-03-25,23.3,31.6,16.1,51,77,0.0,0.0,19.5,298,21.84,5.46,979.4,11.9,242.0,31.3181,75.62575
PB-JLD,2022-03-26,22.9,31.2,14.4,55,78,0.0,0.0,14.5,295,22.19,5.25,980.6,13.0,242.0,31.3181,75.62575
PB-JLD,2022-03-27,23.7,32.9,16.2,57,83,0.0,0.0,11.9,287,22.19,5.01,980.3,13.9,242.0,31.3181,75.62575
PB-JLD,2022-03-28,25.5,34.8,16.0,58,91,0.0,0.0,9.4,130,22.11,5.02,979.4,15.3,242.0,31.3181,75.62575
PB-JLD,2022-03-29,25.1,34.6,16.9,62,85,0.0,0.0,11.8,73,22.42,5.2,977.9,16.2,242.0,31.3181,75.62575
PB-JLD,2022-03-30,26.0,34.7,18.4,52,75,0.0,0.0,10.9,78,22.58,5.38,978.0,14.3,242.0,31.3181,75.62575
PB-JLD,2022-03-31,25.4,34.5,17.7,50,78,0.0,0.0,13.8,338,22.26,5.8,979.5,13.3,242.0,31.3181,75.62575
PB-JLD,2022-04-01,23.4,32.1,14.6,51,77,0.0,0.0,12.5,294,22.84,5.45,979.0,12.2,242.0,31.3181,75.62575
PB-JLD,2022-04-02,24.6,34.5,16.0,53,91,0.0,0.0,10.4,122,22.87,5.32,979.7,12.2,242.0,31.3181,75.62575
PB-JLD,2022-04-03,25.1,35.4,17.2,38,57,0.0,0.0,14.6,92,23.0,6.62,979.6,9.0,242.0,31.3181,75.62575
PB-JLD,2022-04-04,25.9,34.7,16.6,40,72,0.0,0.0,13.3,328,23.29,5.93,979.8,10.1,242.0,31.3181,75.62575
PB-JLD,2022-04-05,26.1,34.9,18.2,40,57,0.0,0.0,11.8,357,23.12,5.68,982.5,10.5,242.0,31.3181,75.62575
PB-JLD,2022-04-06,26.5,35.3,16.3,43,74,0.0,0.0,12.9,329,23.2,5.69,982.3,11.8,242.0,31.3181,75.62575
PB-JLD,2022-04-07,27.3,36.5,19.0,45,67,0.0,0.0,12.1,313,23.31,5.8,981.5,13.2,242.0,31.3181,75.62575
PB-JLD,2022-04-08,27.5,37.1,18.0,49,78,0.0,0.0,8.8,129,23.32,5.68,979.0,14.3,242.0,31.3181,75.62575
PB-JLD,2022-04-09,28.4,37.8,19.0,42,65,0.0,0.0,11.5,39,23.05,6.3,977.6,12.7,242.0,31.3181,75.62575
PB-JLD,2022-04-10,28.6,38.0,20.2,43,72,0.0,0.0,14.0,309,23.48,6.36,976.9,13.2,242.0,31.3181,75.62575
PB-JLD,2022-04-11,28.7,38.5,19.0,44,75,0.0,0.0,12.2,108,22.65,6.16,975.7,13.6,242.0,31.3181,75.62575
PB-JLD,2022-04-12,29.9,38.5,22.0,33,49,0.0,0.0,12.9,138,19.98,6.34,975.1,10.9,242.0,31.3181,75.62575
PB-JLD,2022-04-13,29.4,37.7,22.5,38,78,0.1,0.1,19.2,117,22.58,6.95,975.4,11.5,242.0,31.3181,75.62575
PB-JLD,2022-04-14,28.4,36.9,20.0,31,54,0.0,0.0,19.1,95,21.64,6.5,975.5,8.6,242.0,31.3181,75.62575
PB-JLD,2022-04-15,27.0,34.4,20.7,35,58,0.6,0.6,12.9,27,21.12,5.6,975.9,9.7,242.0,31.3181,75.62575
PB-JLD,2022-04-16,27.4,36.1,18.8,35,59,0.0,0.0,14.8,60,23.53,6.63,975.4,9.3,242.0,31.3181,75.62575
PB-JLD,2022-04-17,28.2,37.2,18.9,35,66,0.0,0.0,13.0,53,23.13,6.33,976.2,9.9,242.0,31.3181,75.62575
PB-JLD,2022-04-18,29.5,39.0,19.7,35,59,0.0,0.0,13.6,45,23.06,6.41,978.0,11.1,242.0,31.3181,75.62575
PB-JLD,2022-04-19,30.1,38.7,21.6,34,62,0.0,0.0,17.9,304,20.89,6.34,979.5,11.4,242.0,31.3181,75.62575
PB-JLD,2022-04-20,29.9,37.9,22.7,33,53,0.0,0.0,16.7,321,21.64,6.57,978.2,10.3,242.0,31.3181,75.62575
PB-JLD,2022-04-21,28.6,36.8,22.4,30,49,0.2,0.2,20.0,122,17.11,6.57,978.8,8.4,242.0,31.3181,75.62575
PB-JLD,2022-04-22,27.3,35.0,19.0,38,62,0.0,0.0,15.1,321,22.82,6.2,980.8,10.3,242.0,31.3181,75.62575
PB-JLD,2022-04-23,27.9,35.7,19.4,35,62,0.0,0.0,16.8,325,23.12,6.55,980.6,9.6,242.0,31.3181,75.62575
PB-JLD,2022-04-24,27.9,36.1,18.9,34,60,0.0,0.0,18.1,312,24.06,7.13,978.4,9.4,242.0,31.3181,75.62575
PB-JLD,2022-04-25,28.9,36.7,20.7,33,49,0.0,0.0,18.4,295,20.56,6.12,977.0,10.0,242.0,31.3181,75.62575
PB-JLD,2022-04-26,29.4,38.0,20.7,30,49,0.0,0.0,13.2,345,23.86,6.92,977.8,8.7,242.0,31.3181,75.62575
PB-JLD,2022-04-27,30.8,39.3,21.1,30,57,0.0,0.0,16.6,307,24.2,6.81,977.0,10.3,242.0,31.3181,75.62575
PB-JLD,2022-04-28,31.5,40.8,22.7,32,54,0.0,0.0,14.9,38,23.78,7.0,976.6,11.1,242.0,31.3181,75.62575
PB-JLD,2022-04-29,32.1,41.2,23.6,26,41,0.0,0.0,18.3,318,22.46,7.54,976.6,8.9,242.0,31.3181,75.62575
PB-JLD,2022-04-30,31.5,40.4,22.6,29,60,0.0,0.0,17.1,345,22.24,6.77,973.4,9.8,242.0,31.3181,75.62575
PB-JLD,2022-05-01,31.2,38.7,24.2,33,47,0.2,0.2,22.1,123,21.31,7.29,973.0,12.7,242.0,31.3181,75.62575
PB-JLD,2022-05-02,31.8,38.8,25.4,38,58,0.0,0.0,21.9,125,20.31,7.26,973.3,15.0,242.0,31.3181,75.62575
PB-JLD,2022-05-03,30.7,35.6,27.0,45,58,1.6,1.6,22.6,119,20.96,6.68,975.6,17.0,242.0,31.3181,75.62575
PB-JLD,2022-05-04,29.6,34.8,24.3,46,64,0.6,0.6,22.0,131,19.46,6.4,978.3,16.1,242.0,31.3181,75.62575
PB-JLD,2022-05-05,29.1,36.2,22.3,44,72,0.0,0.0,13.8,322,22.86,6.13,978.5,14.4,242.0,31.3181,75.62575
PB-JLD,2022-05-06,30.1,36.7,22.4,35,57,0.0,0.0,16.3,328,22.2,6.68,978.0,12.1,242.0,31.3181,75.62575
PB-JLD,2022-05-07,29.8,37.7,21.6,38,62,0.0,0.0,16.6,335,23.1,6.42,977.6,12.8,242.0,31.3181,75.62575
PB-JLD,2022-05-08,30.7,38.9,22.8,38,56,0.0,0.0,13.4,110,23.41,6.82,975.4,13.8,242.0,31.3181,75.62575
PB-JLD,2022-05-09,31.6,38.2,25.5,43,62,0.0,0.0,18.2,119,22.02,6.77,975.6,17.0,242.0,31.3181,75.62575
PB-JLD,2022-05-10,31.4,36.9,26.8,48,64,0.0,0.0,14.3,127,20.71,5.88,975.8,18.5,242.0,31.3181,75.62575
PB-JLD,2022-05-11,32.2,39.9,25.4,45,65,0.0,0.0,14.8,111,22.74,6.55,973.9,18.0,242.0,31.3181,75.62575
PB-JLD,2022-05-12,33.1,40.9,26.4,42,65,0.0,0.0,17.1,96,22.34,7.01,972.3,17.4,242.0,31.3181,75.62575
PB-JLD,2022-05-13,32.9,41.8,25.4,36,68,0.0,0.0,17.1,296,23.23,7.55,970.1,14.5,242.0,31.3181,75.62575
PB-JLD,2022-05-14,33.3,42.5,24.5,25,49,0.0,0.0,15.0,290,24.66,7.53,969.8,9.0,242.0,31.3181,75.62575
PB-JLD,2022-05-15,33.4,43.3,24.1,26,41,0.0,0.0,14.2,153,24.0,7.89,970.6,9.6,242.0,31.3181,75.62575
PB-JLD,2022-05-16,33.1,39.9,27.9,30,43,0.0,0.0,18.9,127,20.3,7.09,971.4,12.9,242.0,31.3181,75.62575
PB-JLD,2022-05-17,31.3,38.4,25.0,36,54,0.9,0.9,14.9,108,18.85,6.51,972.6,13.7,242.0,31.3181,75.62575
PB-JLD,2022-05-18,32.1,40.0,24.2,33,52,0.0,0.0,16.0,331,22.44,6.98,974.2,12.7,242.0,31.3181,75.62575
PB-JLD,2022-05-19,32.4,40.9,24.6,32,49,0.0,0.0,20.8,62,22.93,7.46,973.5,12.8,242.0,31.3181,75.62575
PB-JLD,2022-05-20,33.7,43.1,24.9,24,41,0.0,0.0,23.4,183,22.18,8.02,970.1,9.0,242.0,31.3181,75.62575
PB-JLD,2022-05-21,32.4,39.3,23.9,26,41,0.0,0.0,17.8,85,22.81,7.49,968.4,9.3,242.0,31.3181,75.62575
PB-JLD,2022-05-22,31.3,38.7,22.7,32,56,0.0,0.0,14.1,128,22.45,6.4,967.1,11.7,242.0,31.3181,75.62575
PB-JLD,2022-05-23,27.5,34.6,22.4,51,82,9.2,9.2,28.8,136,17.35,5.91,969.8,15.8,242.0,31.3181,75.62575
PB-JLD,2022-05-24,23.6,29.1,20.0,70,93,6.5,6.5,19.1,91,19.1,4.4,977.8,17.4,242.0,31.3181,75.62575
PB-JLD,2022-05-25,26.9,33.1,19.6,55,85,0.0,0.0,7.1,308,23.27,5.2,977.9,16.3,242.0,31.3181,75.62575
PB-JLD,2022-05-26,29.3,35.6,22.7,51,70,0.0,0.0,10.3,115,22.61,5.5,975.1,17.2,242.0,31.3181,75.62575
PB-JLD,2022-05-27,30.8,37.5,24.2,50,69,0.0,0.0,11.0,129,22.53,5.84,972.0,18.5,242.0,31.3181,75.62575
PB-JLD,2022-05-28,31.6,37.9,25.6,52,69,0.7,0.7,18.9,115,22.0,6.5,970.4,20.0,242.0,31.3181,75.62575
PB-JLD,2022-05-29,31.3,37.9,25.3,51,78,0.5,0.5,13.7,106,21.55,5.97,970.9,19.4,242.0,31.3181,75.62575
PB-JLD,2022-05-30,30.6,35.3,26.2,55,71,1.2,1.2,20.5,102,19.5,5.69,971.9,20.2,242.0,31.3181,75.62575
PB-JLD,2022-05-31,31.7,38.2,24.8,43,66,0.1,0.1,10.9,220,21.47,5.71,972.5,16.6,242.0,31.3181,75.62575
PB-JLD,2022-06-01,31.8,39.7,23.1,35,57,0.0,0.0,12.9,190,22.57,6.52,972.8,12.9,242.0,31.3181,75.62575
PB-JLD,2022-06-02,31.9,40.0,23.8,32,50,0.0,0.0,20.0,331,22.99,7.2,972.5,11.6,242.0,31.3181,75.62575
PB-JLD,2022-06-03,32.6,40.4,24.2,27,59,0.0,0.0,18.4,322,23.89,7.16,971.6,10.0,242.0,31.3181,75.62575
PB-JLD,2022-06-04,32.9,41.4,23.7,30,50,0.0,0.0,12.6,196,23.49,6.83,971.7,11.6,242.0,31.3181,75.62575
PB-JLD,2022-06-05,32.7,41.4,23.7,29,46,0.0,0.0,11.2,58,23.86,6.7,971.6,10.9,242.0,31.3181,75.62575
PB-JLD,2022-06-06,33.4,41.3,24.8,29,46,0.0,0.0,10.2,153,23.82,6.59,970.9,12.0,242.0,31.3181,75.62575
PB-JLD,2022-06-07,34.1,42.3,26.1,29,49,0.0,0.0,16.7,256,22.77,7.1,970.3,12.3,242.0,31.3181,75.62575
PB-JLD,2022-06-08,34.8,42.4,27.6,25,38,0.0,0.0,13.4,287,21.76,7.36,969.8,10.8,242.0,31.3181,75.62575
PB-JLD,2022-06-09,34.6,42.3,26.3,26,49,0.0,0.0,12.8,293,23.27,6.83,969.0,11.3,242.0,31.3181,75.62575
PB-JLD,2022-06-10,34.0,42.2,25.2,28,43,0.0,0.0,24.2,241,20.96,7.3,969.7,12.1,242.0,31.3181,75.62575
PB-JLD,2022-06-11,34.2,41.4,26.9,29,44,0.0,0.0,21.6,253,20.04,7.22,970.2,13.2,242.0,31.3181,75.62575
PB-JLD,2022-06-12,34.4,41.2,26.7,29,47,0.0,0.0,11.3,305,22.41,6.82,971.7,13.3,242.0,31.3181,75.62575
PB-JLD,2022-06-13,35.2,41.9,27.8,28,47,0.0,0.0,19.3,305,22.16,7.37,973.3,13.4,242.0,31.3181,75.62575
PB-JLD,2022-06-14,35.2,42.7,27.5,28,41,0.0,0.0,15.6,288,23.2,8.15,972.2,13.0,242.0,31.3181,75.62575
PB-JLD,2022-06-15,35.8,42.6,28.8,30,39,0.0,0.0,14.7,281,21.22,7.73,970.5,15.1,242.0,31.3181,75.62575
PB-JLD,2022-06-16,32.7,37.8,28.2,44,59,3.1,3.1,18.7,141,20.76,6.45,971.6,18.7,242.0,31.3181,75.62575
PB-JLD,2022-06-17,29.6,34.9,25.8,63,81,0.1,0.1,18.0,124,15.49,4.51,972.5,21.4,242.0,31.3181,75.62575
PB-JLD,2022-06-18,26.2,32.1,22.1,79,98,13.6,13.6,21.7,147,15.61,3.72,974.2,21.9,242.0,31.3181,75.62575
PB-JLD,2022-06-19,26.8,32.4,21.3,73,100,0.8,0.8,8.8,270,21.2,4.77,973.3,20.9,242.0,31.3181,75.62575
PB-JLD,2022-06-20,27.1,31.4,22.7,70,94,1.0,1.0,16.9,206,18.69,4.35,971.6,20.9,242.0,31.3181,75.62575
PB-JLD,2022-06-21,25.1,28.4,21.8,81,95,5.4,5.4,24.1,118,11.4,2.68,971.2,21.5,242.0,31.3181,75.62575
PB-JLD,2022-06-22,26.4,31.3,22.3,76,92,22.8,22.8,19.7,104,20.3,4.59,976.6,21.6,242.0,31.3181,75.62575
PB-JLD,2022-06-23,27.5,33.8,22.6,67,92,0.0,0.0,14.2,295,23.77,5.81,976.9,20.1,242.0,31.3181,75.62575
PB-JLD,2022-06-24,28.2,34.7,21.3,62,82,0.0,0.0,11.3,285,23.87,5.68,974.0,19.8,242.0,31.3181,75.62575
PB-JLD,2022-06-25,29.8,36.3,22.7,61,86,0.0,0.0,9.8,188,23.53,5.6,971.6,20.4,242.0,31.3181,75.62575
PB-JLD,2022-06-26,31.2,36.9,24.9,60,78,0.1,0.1,10.3,130,22.38,5.59,973.0,22.1,242.0,31.3181,75.62575
PB-JLD,2022-06-27,32.1,36.6,28.2,65,77,0.1,0.1,12.7,119,21.21,5.3,974.0,24.5,242.0,31.3181,75.62575
PB-JLD,2022-06-28,32.7,37.7,27.7,65,82,1.0,1.0,14.5,134,21.46,5.47,970.8,25.0,242.0,31.3181,75.62575
PB-JLD,2022-06-29,32.5,36.8,28.8,66,79,0.1,0.1,23.0,122,22.49,6.29,968.0,25.2,242.0,31.3181,75.62575
PB-JLD,2022-06-30,27.1,29.7,24.8,85,94,11.3,11.3,28.4,122,8.37,2.52,970.6,24.3,242.0,31.3181,75.62575
PB-JLD,2022-07-01,27.7,31.8,24.6,82,96,14.2,14.2,14.3,127,16.06,3.66,972.5,24.1,242.0,31.3181,75.62575
PB-JLD,2022-07-02,29.5,33.4,25.7,78,93,1.3,1.3,9.9,102,20.16,4.63,970.6,25.2,242.0,31.3181,75.62575
PB-JLD,2022-07-03,29.1,33.0,25.7,82,95,7.8,7.8,15.5,107,15.52,3.65,971.9,25.5,242.0,31.3181,75.62575
PB-JLD,2022-07-04,30.6,34.7,26.8,78,91,0.2,0.2,11.9,121,19.88,4.52,971.2,26.1,242.0,31.3181,75.62575
PB-JLD,2022-07-05,31.7,35.6,28.2,73,88,2.9,2.9,11.1,129,20.47,4.97,971.0,26.1,242.0,31.3181,75.62575
PB-JLD,2022-07-06,29.7,35.1,26.3,81,95,3.0,3.0,19.4,114,17.81,4.24,974.4,25.9,242.0,31.3181,75.62575
PB-JLD,2022-07-07,30.4,34.6,26.6,78,97,0.8,0.8,14.5,105,19.79,4.55,976.0,26.0,242.0,31.3181,75.62575
PB-JLD,2022-07-08,29.8,34.7,25.1,82,97,22.7,22.7,10.0,93,18.92,4.3,973.4,26.2,242.0,31.3181,75.62575
PB-JLD,2022-07-09,29.0,35.0,26.3,85,96,12.0,12.0,16.6,119,18.0,4.13,971.0,26.0,242.0,31.3181,75.62575
PB-JLD,2022-07-10,26.8,30.7,24.4,87,98,24.4,24.4,13.9,112,12.1,2.72,973.4,24.4,242.0,31.3181,75.62575
PB-JLD,2022-07-11,29.3,32.8,25.5,84,98,3.8,3.8,6.6,228,19.74,4.31,973.4,26.1,242.0,31.3181,75.62575
PB-JLD,2022-07-12,29.6,34.1,25.4,81,96,6.4,6.4,10.5,140,21.45,4.8,972.6,25.8,242.0,31.3181,75.62575
PB-JLD,2022-07-13,28.9,33.5,25.3,84,96,3.1,3.1,11.3,118,20.98,4.58,971.1,25.8,242.0,31.3181,75.62575
PB-JLD,2022-07-14,28.3,32.7,25.7,86,97,4.9,4.9,13.5,108,17.11,3.72,971.5,25.7,242.0,31.3181,75.62575
PB-JLD,2022-07-15,28.9,33.2,25.8,79,95,4.0,4.0,13.0,16,18.64,4.31,973.9,24.7,242.0,31.3181,75.62575
PB-JLD,2022-07-16,30.0,34.9,24.8,75,92,0.0,0.0,6.9,202,21.95,4.97,973.8,24.8,242.0,31.3181,75.62575
PB-JLD,2022-07-17,27.7,31.2,24.5,87,97,25.3,25.3,14.4,44,11.12,2.57,976.3,25.2,242.0,31.3181,75.62575
PB-JLD,2022-07-18,30.1,34.6,25.3,78,97,0.0,0.0,6.6,340,22.15,4.96,974.2,25.4,242.0,31.3181,75.62575
PB-JLD,2022-07-19,30.9,34.5,26.8,77,92,0.1,0.1,6.5,5,21.09,4.75,972.4,26.2,242.0,31.3181,75.62575
PB-JLD,2022-07-20,28.8,32.0,25.6,87,97,26.6,26.6,15.1,124,17.5,3.85,971.6,26.2,242.0,31.3181,75.62575
PB-JLD,2022-07-21,25.8,29.5,24.2,91,98,66.1,66.1,15.2,119,6.31,1.55,974.4,24.1,242.0,31.3181,75.62575
PB-JLD,2022-07-22,28.0,32.3,25.2,87,96,5.3,5.3,12.9,124,18.3,3.95,976.0,25.4,242.0,31.3181,75.62575
PB-JLD,2022-07-23,28.1,30.5,25.6,85,98,0.5,0.5,15.3,89,13.52,3.06,975.7,25.2,242.0,31.3181,75.62575
PB-JLD,2022-07-24,29.0,33.6,26.0,81,92,5.7,5.7,12.8,87,19.38,4.4,975.3,25.1,242.0,31.3181,75.62575
PB-JLD,2022-07-25,29.1,32.7,26.3,78,91,1.0,1.0,18.6,118,19.66,4.57,977.2,24.6,242.0,31.3181,75.62575
PB-JLD,2022-07-26,28.5,32.1,25.9,80,89,1.5,1.5,12.2,110,19.35,4.35,978.2,24.7,242.0,31.3181,75.62575
PB-JLD,2022-07-27,27.8,31.8,25.9,86,96,7.9,7.9,12.0,106,16.97,3.68,977.5,25.2,242.0,31.3181,75.62575
PB-JLD,2022-07-28,27.3,31.1,25.6,89,97,11.2,11.2,15.0,122,15.65,3.26,977.9,25.3,242.0,31.3181,75.62575
PB-JLD,2022-07-29,26.9,30.7,24.8,89,98,6.7,6.7,12.3,147,13.82,2.96,976.8,24.9,242.0,31.3181,75.62575
PB-JLD,2022-07-30,26.2,30.2,24.2,91,99,13.9,13.9,12.5,142,10.58,2.33,975.0,24.5,242.0,31.3181,75.62575
PB-JLD,2022-07-31,26.5,30.0,24.7,89,98,15.1,15.1,11.2,162,13.44,2.87,972.6,24.5,242.0,31.3181,75.62575
PB-JLD,2022-08-01,26.6,29.7,23.6,88,98,10.2,10.2,8.9,196,14.82,3.13,973.3,24.4,242.0,31.3181,75.62575
PB-JLD,2022-08-02,28.9,33.1,24.2,82,100,0.1,0.1,7.1,280,21.06,4.59,972.8,25.2,242.0,31.3181,75.62575
PB-JLD,2022-08-03,29.3,33.5,25.4,82,98,0.4,0.4,9.0,196,20.67,4.48,974.1,25.7,242.0,31.3181,75.62575
PB-JLD,2022-08-04,27.6,31.3,25.6,88,98,11.2,11.2,17.6,127,15.27,3.31,975.4,25.3,242.0,31.3181,75.62575
PB-JLD,2022-08-05,27.6,30.2,25.8,90,100,13.6,13.6,15.1,110,14.69,3.1,974.4,25.8,242.0,31.3181,75.62575
PB-JLD,2022-08-06,28.4,32.1,25.3,86,99,1.7,1.7,6.4,131,19.63,4.18,972.2,25.7,242.0,31.3181,75.62575
PB-JLD,2022-08-07,27.8,31.9,25.9,90,98,3.5,3.5,14.1,122,16.47,3.5,972.0,25.8,242.0,31.3181,75.62575
PB-JLD,2022-08-08,29.5,33.4,25.1,81,99,0.2,0.2,6.5,356,21.51,4.69,972.4,25.5,242.0,31.3181,75.62575
PB-JLD,2022-08-09,30.0,33.6,26.7,82,94,1.6,1.6,11.8,3,20.14,4.48,972.4,26.3,242.0,31.3181,75.62575
PB-JLD,2022-08-10,30.3,34.5,26.4,81,97,0.0,0.0,10.4,332,22.46,4.99,970.3,26.5,242.0,31.3181,75.62575
PB-JLD,2022-08-11,26.9,28.7,25.1,87,96,21.0,21.0,17.6,84,7.7,1.95,973.8,24.5,242.0,31.3181,75.62575
PB-JLD,2022-08-12,29.4,34.2,25.4,73,91,0.0,0.0,8.0,33,22.5,5.11,972.9,23.7,242.0,31.3181,75.62575
PB-JLD,2022-08-13,29.7,34.5,25.6,80,94,0.0,0.0,6.5,134,21.81,4.77,972.3,25.5,242.0,31.3181,75.62575
PB-JLD,2022-08-14,29.1,33.2,26.2,83,95,13.2,13.2,13.0,125,20.06,4.45,974.2,25.9,242.0,31.3181,75.62575
PB-JLD,2022-08-15,26.8,30.7,25.2,89,97,28.8,28.8,12.7,69,12.79,2.8,976.9,24.7,242.0,31.3181,75.62575
PB-JLD,2022-08-16,28.5,32.4,25.2,78,91,0.0,0.0,9.7,166,16.41,3.72,975.3,24.2,242.0,31.3181,75.62575
PB-JLD,2022-08-17,28.6,31.9,26.3,78,89,0.1,0.1,17.1,118,20.48,4.74,975.5,24.3,242.0,31.3181,75.62575
PB-JLD,2022-08-18,29.0,32.9,25.3,79,94,0.2,0.2,7.0,152,20.66,4.5,974.3,24.9,242.0,31.3181,75.62575
PB-JLD,2022-08-19,28.5,32.3,26.2,85,95,2.7,2.7,11.2,271,19.65,4.15,973.9,25.6,242.0,31.3181,75.62575
PB-JLD,2022-08-20,27.6,31.4,25.0,85,97,3.4,3.4,11.1,116,18.62,3.99,975.4,24.6,242.0,31.3181,75.62575
PB-JLD,2022-08-21,28.3,32.2,24.1,83,98,1.2,1.2,9.9,324,20.84,4.49,974.2,24.9,242.0,31.3181,75.62575
PB-JLD,2022-08-22,29.2,33.6,25.1,79,97,0.0,0.0,7.6,13,21.31,4.66,972.3,24.8,242.0,31.3181,75.62575
PB-JLD,2022-08-23,30.1,34.1,25.7,78,97,0.7,0.7,13.5,129,20.99,4.73,974.3,25.4,242.0,31.3181,75.62575
PB-JLD,2022-08-24,28.4,32.1,26.7,82,91,13.6,13.6,17.8,126,18.44,4.14,977.7,24.9,242.0,31.3181,75.62575
PB-JLD,2022-08-25,28.4,31.8,25.5,84,98,2.8,2.8,9.5,130,20.33,4.31,977.1,25.3,242.0,31.3181,75.62575
PB-JLD,2022-08-26,28.9,32.5,25.7,79,95,2.4,2.4,9.4,288,20.37,4.45,976.3,24.8,242.0,31.3181,75.62575
PB-JLD,2022-08-27,28.5,32.1,25.5,82,97,3.6,3.6,12.4,282,19.39,4.24,975.2,25.0,242.0,31.3181,75.62575
PB-JLD,2022-08-28,28.3,33.0,25.9,82,94,2.3,2.3,13.0,265,19.7,4.22,975.4,24.7,242.0,31.3181,75.62575
PB-JLD,2022-08-29,27.7,31.3,24.5,84,95,5.6,5.6,13.3,127,17.62,3.79,979.2,24.6,242.0,31.3181,75.62575
PB-JLD,2022-08-30,28.2,32.6,23.7,85,99,3.5,3.5,8.7,200,19.59,4.19,980.2,25.2,242.0,31.3181,75.62575
PB-JLD,2022-08-31,29.0,33.6,25.3,82,98,1.0,1.0,10.9,27,19.67,4.33,977.4,25.3,242.0,31.3181,75.62575
PB-JLD,2022-09-01,29.5,34.5,25.4,78,99,0.0,0.0,7.9,116,20.86,4.71,977.1,24.9,242.0,31.3181,75.62575
PB-JLD,2022-09-02,28.4,31.9,25.8,82,92,0.3,0.3,12.8,105,18.61,3.99,978.7,24.8,242.0,31.3181,75.62575
PB-JLD,2022-09-03,28.4,32.7,25.2,81,99,2.1,2.1,11.9,114,19.63,4.27,976.0,24.7,242.0,31.3181,75.62575
PB-JLD,2022-09-04,28.6,32.8,24.8,76,91,0.3,0.3,12.6,106,20.01,4.49,974.7,23.6,242.0,31.3181,75.62575
PB-JLD,2022-09-05,28.2,33.3,25.3,78,92,0.3,0.3,8.5,75,18.99,4.23,976.7,23.7,242.0,31.3181,75.62575
PB-JLD,2022-09-06,27.8,32.3,24.1,82,99,0.5,0.5,8.4,291,19.48,4.16,978.3,24.2,242.0,31.3181,75.62575
PB-JLD,2022-09-07,29.0,33.2,24.5,71,95,0.0,0.0,6.3,270,20.41,4.39,979.8,22.7,242.0,31.3181,75.62575
PB-JLD,2022-09-08,29.0,33.7,24.6,74,92,0.0,0.0,6.6,95,20.28,4.47,980.5,23.5,242.0,31.3181,75.62575
PB-JLD,2022-09-09,28.7,33.3,25.4,80,94,0.5,0.5,15.5,69,19.65,4.32,980.3,24.6,242.0,31.3181,75.62575
PB-JLD,2022-09-10,28.5,32.9,25.7,78,93,0.2,0.2,17.7,106,18.54,4.16,979.3,24.2,242.0,31.3181,75.62575
PB-JLD,2022-09-11,27.7,32.5,24.8,80,92,4.1,4.1,15.4,116,19.64,4.25,977.7,23.6,242.0,31.3181,75.62575
PB-JLD,2022-09-12,27.7,32.5,23.6,79,97,0.1,0.1,17.2,93,19.38,4.16,976.3,23.4,242.0,31.3181,75.62575
PB-JLD,2022-09-13,28.4,33.1,24.0,76,96,0.0,0.0,8.5,90,19.21,4.32,976.4,23.4,242.0,31.3181,75.62575
PB-JLD,2022-09-14,28.6,33.5,24.4,75,95,0.0,0.0,6.3,122,18.59,4.13,977.0,23.3,242.0,31.3181,75.62575
PB-JLD,2022-09-15,27.6,31.8,23.3,78,94,0.1,0.1,16.6,103,17.67,3.87,975.7,23.2,242.0,31.3181,75.62575
PB-JLD,2022-09-16,27.1,31.9,21.9,78,99,1.2,1.2,15.0,70,17.34,3.88,972.9,22.6,242.0,31.3181,75.62575
PB-JLD,2022-09-17,28.1,32.8,23.6,76,97,0.5,0.5,8.8,103,19.05,4.18,974.2,23.0,242.0,31.3181,75.62575
PB-JLD,2022-09-18,28.4,34.2,23.3,73,95,0.0,0.0,9.2,83,19.2,4.39,977.4,22.6,242.0,31.3181,75.62575
PB-JLD,2022-09-19,28.4,34.3,22.9,72,95,0.0,0.0,6.9,102,19.17,4.33,977.9,22.3,242.0,31.3181,75.62575
PB-JLD,2022-09-20,28.3,32.1,25.3,73,88,0.0,0.0,13.3,109,17.84,4.06,978.1,22.8,242.0,31.3181,75.62575
PB-JLD,2022-09-21,27.3,30.1,25.2,82,92,9.5,9.5,9.8,88,14.05,3.07,978.2,23.8,242.0,31.3181,75.62575
PB-JLD,2022-09-22,26.6,29.9,24.2,84,100,0.0,0.0,12.1,114,12.71,2.83,978.1,23.4,242.0,31.3181,75.62575
PB-JLD,2022-09-23,26.4,30.2,23.7,82,98,1.3,1.3,8.1,77,9.95,2.3,977.3,22.8,242.0,31.3181,75.62575
PB-JLD,2022-09-24,25.0,27.8,23.3,87,98,37.1,37.1,7.4,360,6.43,1.5,976.3,22.6,242.0,31.3181,75.62575
PB-JLD,2022-09-25,24.4,27.9,22.5,85,98,123.3,123.3,17.7,15,9.54,2.16,976.3,21.5,242.0,31.3181,75.62575
PB-JLD,2022-09-26,24.8,29.9,20.5,84,99,0.0,0.0,9.4,336,17.97,3.66,981.0,21.7,242.0,31.3181,75.62575
PB-JLD,2022-09-27,25.6,30.4,21.0,83,100,0.0,0.0,6.9,296,17.45,3.63,979.4,22.1,242.0,31.3181,75.62575
PB-JLD,2022-09-28,25.8,30.3,21.7,82,98,0.0,0.0,7.4,306,16.91,3.55,978.4,22.2,242.0,31.3181,75.62575
PB-JLD,2022-09-29,26.4,31.3,21.9,80,98,0.0,0.0,8.7,284,17.66,3.8,978.4,22.3,242.0,31.3181,75.62575
PB-JLD,2022-09-30,26.9,32.0,22.3,78,97,0.1,0.1,8.9,146,17.55,3.78,978.7,22.4,242.0,31.3181,75.62575
PB-JLD,2022-10-01,26.8,32.4,22.3,77,96,0.1,0.1,7.8,134,17.36,3.83,977.6,21.9,242.0,31.3181,75.62575
PB-JLD,2022-10-02,26.5,33.0,21.4,77,96,0.0,0.0,8.7,181,17.56,3.87,978.3,21.7,242.0,31.3181,75.62575
PB-JLD,2022-10-03,26.5,33.1,20.9,74,97,0.0,0.0,10.3,255,17.86,3.98,979.2,20.9,242.0,31.3181,75.62575
PB-JLD,2022-10-04,26.5,32.5,22.0,73,90,0.0,0.0,9.2,315,17.54,3.9,980.7,20.8,242.0,31.3181,75.62575
PB-JLD,2022-10-05,26.1,32.4,20.7,72,95,0.0,0.0,9.4,118,17.51,3.9,979.9,20.1,242.0,31.3181,75.62575
PB-JLD,2022-10-06,25.3,30.6,20.9,78,97,0.0,0.0,12.2,125,16.56,3.61,980.7,21.0,242.0,31.3181,75.62575
PB-JLD,2022-10-07,25.2,29.8,21.6,79,96,0.3,0.3,10.9,133,15.26,3.3,982.2,21.1,242.0,31.3181,75.62575
PB-JLD,2022-10-08,24.4,29.0,21.1,79,95,0.1,0.1,9.2,135,14.18,3.06,983.1,20.3,242.0,31.3181,75.62575
PB-JLD,2022-10-09,24.1,28.9,20.6,83,99,3.6,3.6,8.9,116,13.83,2.82,982.6,20.6,242.0,31.3181,75.62575
PB-JLD,2022-10-10,23.1,27.4,20.1,84,99,0.9,0.9,12.5,134,10.85,2.26,983.9,20.1,242.0,31.3181,75.62575
PB-JLD,2022-10-11,22.2,26.9,19.1,85,98,15.3,15.3,12.0,98,14.26,2.8,982.8,19.3,242.0,31.3181,75.62575
PB-JLD,2022-10-12,22.3,27.8,17.9,81,100,0.0,0.0,12.7,347,15.74,3.15,983.6,18.6,242.0,31.3181,75.62575
PB-JLD,2022-10-13,23.6,29.8,18.4,71,95,0.0,0.0,10.9,318,16.01,3.59,984.3,17.5,242.0,31.3181,75.62575
PB-JLD,2022-10-14,23.7,29.8,19.5,66,83,0.0,0.0,12.2,312,15.78,3.56,984.0,16.7,242.0,31.3181,75.62575
PB-JLD,2022-10-15,23.1,30.1,16.9,70,95,0.0,0.0,10.8,352,15.76,3.49,983.0,16.7,242.0,31.3181,75.62575
PB-JLD,2022-10-16,23.7,30.7,17.1,71,96,0.0,0.0,7.8,123,15.43,3.39,985.3,17.6,242.0,31.3181,75.62575
PB-JLD,2022-10-17,23.7,30.6,17.4,69,96,0.0,0.0,8.3,114,15.31,3.36,985.3,17.1,242.0,31.3181,75.62575
PB-JLD,2022-10-18,22.6,30.1,17.2,70,93,0.0,0.0,9.0,106,15.2,3.4,983.6,16.3,242.0,31.3181,75.62575
PB-JLD,2022-10-19,22.1,30.1,16.5,68,87,0.0,0.0,9.6,106,15.06,3.49,983.4,15.6,242.0,31.3181,75.62575
PB-JLD,2022-10-20,21.3,26.8,17.4,63,78,4.5,4.5,29.7,91,11.65,3.46,985.1,13.7,242.0,31.3181,75.62575
PB-JLD,2022-10-21,22.0,29.5,16.0,60,81,0.0,0.0,10.0,16,14.72,3.45,987.6,13.5,242.0,31.3181,75.62575
PB-JLD,2022-10-22,21.3,29.1,15.9,63,82,0.0,0.0,11.5,322,14.83,3.5,988.7,13.2,242.0,31.3181,75.62575
PB-JLD,2022-10-23,21.6,29.2,16.7,62,83,0.0,0.0,11.9,345,14.8,3.33,987.7,13.5,242.0,31.3181,75.62575
PB-JLD,2022-10-24,20.9,29.1,14.3,66,93,0.0,0.0,12.8,323,14.77,3.42,983.5,13.4,242.0,31.3181,75.62575
PB-JLD,2022-10-25,21.3,29.1,14.6,66,90,0.0,0.0,10.9,324,14.52,3.26,981.1,14.0,242.0,31.3181,75.62575
PB-JLD,2022-10-26,21.7,29.8,14.5,69,95,0.0,0.0,8.8,90,14.22,3.09,984.5,15.0,242.0,31.3181,75.62575
PB-JLD,2022-10-27,21.7,29.6,14.6,69,95,0.0,0.0,9.0,80,14.13,3.08,984.8,15.0,242.0,31.3181,75.62575
PB-JLD,2022-10-28,21.7,29.3,15.0,70,94,0.0,0.0,12.4,34,13.91,3.05,985.0,15.4,242.0,31.3181,75.62575
PB-JLD,2022-10-29,21.7,29.1,15.8,72,93,0.0,0.0,8.4,103,13.72,2.83,985.6,15.8,242.0,31.3181,75.62575
PB-JLD,2022-10-30,21.8,29.1,15.7,73,95,0.0,0.0,8.7,96,13.51,2.87,986.1,16.0,242.0,31.3181,75.62575
PB-JLD,2022-10-31,21.6,29.4,15.7,73,94,0.0,0.0,8.6,109,13.25,2.8,985.7,16.0,242.0,31.3181,75.62575
PB-JLD,2022-11-01,21.2,28.8,16.4,74,93,7.8,7.8,25.6,82,11.25,2.68,986.0,16.1,242.0,31.3181,75.62575
PB-JLD,2022-11-02,21.8,29.0,17.2,65,87,0.0,0.0,11.3,358,12.71,3.05,985.2,14.7,242.0,31.3181,75.62575
PB-JLD,2022-11-03,21.4,28.0,15.5,69,92,0.0,0.0,9.2,311,11.48,2.47,983.8,15.1,242.0,31.3181,75.62575
PB-JLD,2022-11-04,20.7,28.6,15.4,78,96,0.0,0.0,7.6,98,12.29,2.53,985.0,16.2,242.0,31.3181,75.62575
PB-JLD,2022-11-05,21.2,28.4,16.3,79,95,0.0,0.0,19.2,100,12.05,2.71,986.9,17.2,242.0,31.3181,75.62575
PB-JLD,2022-11-06,22.1,27.5,17.8,72,90,5.6,5.6,22.9,106,11.47,2.71,987.3,16.7,242.0,31.3181,75.62575
PB-JLD,2022-11-07,20.8,28.4,16.8,81,98,0.0,0.0,13.6,114,11.03,2.41,986.9,17.1,242.0,31.3181,75.62575
PB-JLD,2022-11-08,19.1,26.7,15.2,85,100,4.9,4.9,32.0,249,10.97,2.19,987.4,16.2,242.0,31.3181,75.62575
PB-JLD,2022-11-09,18.0,25.2,14.1,84,97,5.7,5.7,30.1,78,9.38,1.75,987.8,15.1,242.0,31.3181,75.62575
PB-JLD,2022-11-10,18.5,25.0,13.8,74,94,0.0,0.0,10.5,34,11.94,2.46,989.1,13.4,242.0,31.3181,75.62575
PB-JLD,2022-11-11,16.9,23.9,11.8,75,92,0.0,0.0,11.7,311,12.17,2.44,989.0,12.2,242.0,31.3181,75.62575
PB-JLD,2022-11-12,16.5,23.2,10.9,73,92,0.0,0.0,12.8,316,12.15,2.45,988.3,11.2,242.0,31.3181,75.62575
PB-JLD,2022-11-13,17.5,23.7,10.5,69,93,0.0,0.0,6.8,68,11.28,2.11,986.6,11.4,242.0,31.3181,75.62575
PB-JLD,2022-11-14,17.7,21.5,14.5,68,84,1.2,1.2,20.4,93,7.9,2.29,987.8,11.7,242.0,31.3181,75.62575
PB-JLD,2022-11-15,17.0,23.6,12.6,76,91,0.0,0.0,10.2,318,10.46,2.03,987.8,12.5,242.0,31.3181,75.62575
PB-JLD,2022-11-16,16.1,22.3,11.5,78,96,0.0,0.0,9.9,286,10.99,2.13,986.4,11.8,242.0,31.3181,75.62575
PB-JLD,2022-11-17,15.8,22.8,10.7,79,100,0.0,0.0,13.2,310,11.55,2.21,986.1,11.6,242.0,31.3181,75.62575
PB-JLD,2022-11-18,16.4,22.9,11.1,72,98,0.0,0.0,9.4,327,11.37,2.2,987.0,10.9,242.0,31.3181,75.62575
PB-JLD,2022-11-19,15.3,22.3,9.1,77,98,0.0,0.0,10.8,351,11.11,2.06,988.2,11.0,242.0,31.3181,75.62575
PB-JLD,2022-11-20,14.8,23.0,9.7,80,100,0.0,0.0,11.4,305,11.27,2.15,986.7,10.9,242.0,31.3181,75.62575
PB-JLD,2022-11-21,14.6,22.5,9.1,78,97,0.0,0.0,12.6,312,11.45,2.17,985.5,10.4,242.0,31.3181,75.62575
PB-JLD,2022-11-22,15.0,23.2,9.2,75,95,0.0,0.0,11.0,310,11.5,2.27,985.2,10.2,242.0,31.3181,75.62575
PB-JLD,2022-11-23,15.4,23.0,10.0,76,96,0.0,0.0,11.0,310,11.35,2.19,985.6,10.7,242.0,31.3181,75.62575
PB-JLD,2022-11-24,14.9,22.7,8.4,76,99,0.0,0.0,10.2,296,11.02,2.0,985.2,10.0,242.0,31.3181,75.62575
PB-JLD,2022-11-25,15.3,23.8,9.5,74,94,0.0,0.0,10.3,77,11.08,2.13,988.0,10.1,242.0,31.3181,75.62575
PB-JLD,2022-11-26,15.3,23.2,8.8,77,96,0.0,0.0,11.6,323,11.21,2.15,985.0,10.9,242.0,31.3181,75.62575
PB-JLD,2022-11-27,16.4,23.0,11.3,75,94,0.0,0.0,9.2,330,11.16,2.1,983.1,11.6,242.0,31.3181,75.62575
PB-JLD,2022-11-28,15.6,22.9,8.5,81,99,0.0,0.0,11.5,350,10.63,1.96,984.7,11.9,242.0,31.3181,75.62575
PB-JLD,2022-11-29,14.9,22.3,9.5,85,100,0.0,0.0,12.1,318,10.09,1.81,986.8,12.1,242.0,31.3181,75.62575
PB-JLD,2022-11-30,15.1,22.1,9.5,84,100,0.0,0.0,12.4,320,9.65,1.77,987.9,12.2,242.0,31.3181,75.62575
PB-JLD,2022-12-01,15.1,22.4,8.8,81,99,0.0,0.0,12.3,313,10.08,1.88,986.4,11.5,242.0,31.3181,75.62575
PB-JLD,2022-12-02,15.1,21.4,9.5,81,98,0.0,0.0,9.5,87,8.15,1.52,985.5,11.5,242.0,31.3181,75.62575
PB-JLD,2022-12-03,15.2,22.3,10.6,81,99,0.0,0.0,11.9,330,10.38,1.94,986.6,11.5,242.0,31.3181,75.62575
PB-JLD,2022-12-04,14.2,22.2,7.9,76,100,0.0,0.0,11.5,307,10.85,2.12,986.9,9.4,242.0,31.3181,75.62575
PB-JLD,2022-12-05,14.2,21.6,7.9,77,100,0.0,0.0,12.6,325,10.61,1.96,988.6,9.8,242.0,31.3181,75.62575
PB-JLD,2022-12-06,13.1,21.3,7.3,78,98,0.0,0.0,12.2,311,10.74,2.02,987.7,8.8,242.0,31.3181,75.62575
PB-JLD,2022-12-07,12.8,21.3,6.2,76,99,0.0,0.0,12.3,304,10.84,2.04,986.6,8.0,242.0,31.3181,75.62575
PB-JLD,2022-12-08,14.5,22.0,9.3,75,97,0.0,0.0,10.2,311,9.97,1.89,987.1,9.7,242.0,31.3181,75.62575
PB-JLD,2022-12-09,14.4,22.7,8.0,76,96,0.0,0.0,11.0,301,10.32,2.0,986.1,9.7,242.0,31.3181,75.62575
PB-JLD,2022-12-10,14.9,22.7,10.0,75,94,0.0,0.0,12.0,314,9.59,1.97,986.8,10.1,242.0,31.3181,75.62575
PB-JLD,2022-12-11,14.2,23.2,8.1,70,90,0.0,0.0,11.5,306,10.58,2.25,987.4,8.1,242.0,31.3181,75.62575
PB-JLD,2022-12-12,13.6,22.6,7.3,68,92,0.0,0.0,12.3,305,10.71,2.31,986.6,6.9,242.0,31.3181,75.62575
PB-JLD,2022-12-13,13.9,22.8,7.6,62,86,0.0,0.0,12.5,305,10.59,2.56,988.1,6.0,242.0,31.3181,75.62575
PB-JLD,2022-12-14,12.6,20.1,5.0,66,94,0.0,0.0,13.3,298,10.85,2.03,987.3,5.9,242.0,31.3181,75.62575
PB-JLD,2022-12-15,13.4,20.5,7.0,69,92,0.0,0.0,9.0,289,10.7,1.94,985.9,7.4,242.0,31.3181,75.62575
PB-JLD,2022-12-16,13.4,21.0,7.0,72,93,0.0,0.0,9.4,251,10.66,1.91,984.7,7.8,242.0,31.3181,75.62575
PB-JLD,2022-12-17,13.3,21.2,6.4,77,96,0.0,0.0,10.8,329,10.6,1.9,986.6,8.9,242.0,31.3181,75.62575
PB-JLD,2022-12-18,13.3,20.5,7.2,82,100,0.0,0.0,7.9,346,10.43,1.71,987.3,10.0,242.0,31.3181,75.62575
PB-JLD,2022-12-19,12.6,19.7,7.8,88,100,0.0,0.0,11.0,334,9.34,1.53,986.1,10.5,242.0,31.3181,75.62575
PB-JLD,2022-12-20,11.7,18.2,8.2,90,100,0.0,0.0,10.8,306,8.31,1.32,985.3,9.9,242.0,31.3181,75.62575
PB-JLD,2022-12-21,11.2,18.4,6.9,89,100,0.0,0.0,10.7,323,9.26,1.47,986.9,9.2,242.0,31.3181,75.62575
PB-JLD,2022-12-22,10.4,16.5,7.5,92,100,0.0,0.0,10.7,320,8.79,1.29,986.7,9.1,242.0,31.3181,75.62575
PB-JLD,2022-12-23,9.6,14.9,6.7,89,100,0.0,0.0,8.0,347,8.2,1.2,986.3,7.7,242.0,31.3181,75.62575
PB-JLD,2022-12-24,8.8,15.5,5.8,89,99,0.0,0.0,11.9,317,9.86,1.38,988.3,6.9,242.0,31.3181,75.62575
PB-JLD,2022-12-25,9.1,16.0,4.5,89,100,0.0,0.0,10.7,298,8.21,1.26,988.2,7.2,242.0,31.3181,75.62575
PB-JLD,2022-12-26,9.8,17.6,5.0,88,100,0.0,0.0,11.1,304,10.18,1.56,989.9,7.7,242.0,31.3181,75.62575
PB-JLD,2022-12-27,8.9,16.4,4.5,89,100,0.0,0.0,12.0,298,9.63,1.4,989.6,6.9,242.0,31.3181,75.62575
PB-JLD,2022-12-28,9.3,17.0,4.0,85,100,0.0,0.0,11.1,303,9.62,1.48,989.0,6.7,242.0,31.3181,75.62575
PB-JLD,2022-12-29,10.3,13.2,6.1,89,97,0.8,0.8,10.2,59,2.74,0.56,989.3,8.6,242.0,31.3181,75.62575
PB-JLD,2022-12-30,13.3,19.8,9.0,81,97,0.4,0.4,15.1,36,9.71,1.72,991.1,9.6,242.0,31.3181,75.62575
PB-JLD,2022-12-31,10.0,17.1,4.7,89,100,0.0,0.0,11.3,289,10.58,1.53,990.6,8.1,242.0,31.3181,75.62575
PB-JLD,2023-01-01,10.4,15.4,6.3,87,100,0.0,0.0,6.6,323,6.45,1.05,991.2,8.2,242.0,31.3181,75.62575
PB-JLD,2023-01-02,8.9,15.0,4.5,90,100,0.0,0.0,8.2,331,9.4,1.34,992.5,7.2,242.0,31.3181,75.62575
PB-JLD,2023-01-03,8.5,14.9,5.1,92,100,0.0,0.0,11.5,317,8.52,1.2,993.8,7.1,242.0,31.3181,75.62575
PB-JLD,2023-01-04,8.1,15.3,4.6,92,100,0.0,0.0,10.4,303,9.39,1.32,993.8,6.7,242.0,31.3181,75.62575
PB-JLD,2023-01-05,8.3,15.2,4.4,91,100,0.0,0.0,7.9,298,9.33,1.32,994.8,6.7,242.0,31.3181,75.62575
PB-JLD,2023-01-06,7.1,11.6,4.2,93,100,0.0,0.0,8.3,298,7.34,1.01,995.3,5.9,242.0,31.3181,75.62575
PB-JLD,2023-01-07,8.9,14.9,5.0,90,100,0.5,0.5,11.8,299,9.37,1.34,993.3,7.2,242.0,31.3181,75.62575
PB-JLD,2023-01-08,9.6,15.0,5.2,92,100,0.0,0.0,10.6,291,7.92,1.12,990.4,8.4,242.0,31.3181,75.62575
PB-JLD,2023-01-09,9.6,15.3,5.9,93,100,0.0,0.0,7.3,219,7.61,1.13,991.4,8.6,242.0,31.3181,75.62575
PB-JLD,2023-01-10,10.2,16.4,7.3,92,100,0.0,0.0,10.0,298,9.48,1.33,990.7,8.8,242.0,31.3181,75.62575
PB-JLD,2023-01-11,10.5,13.5,6.7,94,100,2.0,2.0,10.9,127,4.32,0.72,986.0,9.5,242.0,31.3181,75.62575
PB-JLD,2023-01-12,12.0,18.5,6.8,85,98,0.0,0.0,11.2,107,11.35,1.76,984.2,9.2,242.0,31.3181,75.62575
PB-JLD,2023-01-13,11.8,15.9,8.3,90,100,6.9,6.9,12.9,129,7.36,1.16,985.4,10.1,242.0,31.3181,75.62575
PB-JLD,2023-01-14,10.0,14.2,6.1,89,100,0.0,0.0,10.0,291,6.93,1.04,988.4,8.2,242.0,31.3181,75.62575
PB-JLD,2023-01-15,7.6,14.9,2.5,75,89,0.0,0.0,11.2,279,12.04,1.83,986.5,3.3,242.0,31.3181,75.62575
PB-JLD,2023-01-16,7.5,15.4,1.4,76,97,0.0,0.0,10.8,275,12.25,1.86,987.7,3.0,242.0,31.3181,75.62575
PB-JLD,2023-01-17,7.5,14.8,0.5,74,93,0.0,0.0,11.7,285,12.49,1.84,988.2,2.7,242.0,31.3181,75.62575
PB-JLD,2023-01-18,9.0,15.2,2.1,76,92,0.0,0.0,9.1,281,10.32,1.63,990.2,4.6,242.0,31.3181,75.62575
PB-JLD,2023-01-19,12.2,18.5,6.7,70,93,0.0,0.0,11.3,314,11.66,2.14,990.5,6.5,242.0,31.3181,75.62575
PB-JLD,2023-01-20,10.3,13.6,6.8,83,98,1.4,1.4,10.0,28,4.91,0.91,989.9,7.5,242.0,31.3181,75.62575
PB-JLD,2023-01-21,11.0,18.6,6.8,83,98,0.0,0.0,11.3,313,12.12,1.94,989.0,7.9,242.0,31.3181,75.62575
PB-JLD,2023-01-22,10.7,18.4,6.3,79,93,0.0,0.0,13.6,341,12.54,2.07,988.1,6.8,242.0,31.3181,75.62575
PB-JLD,2023-01-23,11.8,19.1,5.5,79,97,0.0,0.0,11.6,332,12.46,2.12,987.9,7.9,242.0,31.3181,75.62575
PB-JLD,2023-01-24,11.7,18.1,5.4,86,97,0.7,0.7,20.5,117,9.29,1.53,985.8,9.3,242.0,31.3181,75.62575
PB-JLD,2023-01-25,13.5,16.9,11.4,90,99,2.1,2.1,10.1,117,7.97,1.29,987.7,11.8,242.0,31.3181,75.62575
PB-JLD,2023-01-26,11.7,16.7,8.5,90,100,0.1,0.1,11.3,292,8.04,1.25,990.5,9.9,242.0,31.3181,75.62575
PB-JLD,2023-01-27,10.2,18.3,4.0,77,89,0.0,0.0,13.8,292,13.36,2.19,989.7,6.0,242.0,31.3181,75.62575
PB-JLD,2023-01-28,11.2,19.5,3.9,78,95,0.0,0.0,11.6,289,12.24,2.06,986.1,7.3,242.0,31.3181,75.62575
PB-JLD,2023-01-29,11.4,17.7,5.7,88,99,3.4,3.4,16.3,121,7.86,1.37,985.0,9.3,242.0,31.3181,75.62575
PB-JLD,2023-01-30,13.4,17.8,10.6,83,95,7.1,7.1,19.1,135,8.38,1.55,989.8,10.5,242.0,31.3181,75.62575
PB-JLD,2023-01-31,12.3,18.6,7.8,85,99,0.0,0.0,14.5,306,13.37,2.09,990.9,9.6,242.0,31.3181,75.62575
PB-JLD,2023-02-01,11.0,18.5,5.1,83,97,0.0,0.0,11.7,293,13.85,2.13,989.3,8.0,242.0,31.3181,75.62575
PB-JLD,2023-02-02,11.5,19.0,4.7,81,97,0.0,0.0,10.7,295,12.97,2.12,987.8,8.1,242.0,31.3181,75.62575
PB-JLD,2023-02-03,13.1,20.8,6.3,79,96,0.0,0.0,9.9,287,13.58,2.32,987.3,9.4,242.0,31.3181,75.62575
PB-JLD,2023-02-04,13.8,21.3,7.4,83,100,0.0,0.0,11.2,296,13.55,2.34,985.3,10.6,242.0,31.3181,75.62575
PB-JLD,2023-02-05,13.8,21.6,7.1,78,96,0.0,0.0,8.8,298,14.5,2.45,983.7,9.6,242.0,31.3181,75.62575
PB-JLD,2023-02-06,15.0,21.7,8.5,75,97,2.2,2.2,17.1,63,12.46,2.49,983.8,10.2,242.0,31.3181,75.62575
PB-JLD,2023-02-07,13.7,21.4,8.8,70,89,0.0,0.0,14.6,314,14.69,2.85,983.8,7.7,242.0,31.3181,75.62575
PB-JLD,2023-02-08,14.1,21.0,7.4,69,90,0.0,0.0,8.9,353,12.95,2.42,985.4,8.1,242.0,31.3181,75.62575
PB-JLD,2023-02-09,14.6,20.3,7.2,72,95,0.0,0.0,14.6,99,7.97,1.94,983.0,9.2,242.0,31.3181,75.62575
PB-JLD,2023-02-10,17.7,24.1,12.5,64,87,2.2,2.2,22.3,118,14.37,3.51,983.0,10.3,242.0,31.3181,75.62575
PB-JLD,2023-02-11,14.8,21.9,10.2,69,93,0.0,0.0,11.6,247,15.13,2.88,985.9,8.7,242.0,31.3181,75.62575
PB-JLD,2023-02-12,12.6,19.5,6.5,54,92,0.0,0.0,17.1,316,15.36,3.29,989.9,2.0,242.0,31.3181,75.62575
PB-JLD,2023-02-13,10.8,19.0,4.1,54,76,0.0,0.0,12.5,316,15.81,3.08,988.1,1.4,242.0,31.3181,75.62575
PB-JLD,2023-02-14,13.7,21.7,6.1,64,89,0.0,0.0,9.7,309,15.22,2.94,987.5,6.1,242.0,31.3181,75.62575
PB-JLD,2023-02-15,16.0,24.7,8.1,66,92,0.0,0.0,12.4,313,15.69,3.29,985.1,8.9,242.0,31.3181,75.62575
PB-JLD,2023-02-16,18.4,26.5,10.7,66,87,0.0,0.0,7.4,283,15.68,3.04,986.3,11.3,242.0,31.3181,75.62575
PB-JLD,2023-02-17,17.7,25.6,10.9,79,100,0.0,0.0,10.4,74,15.72,2.93,988.0,13.5,242.0,31.3181,75.62575
PB-JLD,2023-02-18,17.3,25.3,10.7,84,100,0.0,0.0,8.2,280,15.27,2.78,986.7,14.1,242.0,31.3181,75.62575
PB-JLD,2023-02-19,18.3,25.7,12.5,80,100,0.0,0.0,9.3,119,14.94,2.8,985.6,14.3,242.0,31.3181,75.62575
PB-JLD,2023-02-20,20.3,27.6,14.9,80,97,0.0,0.0,11.8,122,12.7,2.72,982.6,16.2,242.0,31.3181,75.62575
PB-JLD,2023-02-21,19.6,26.6,13.7,68,87,0.0,0.0,19.1,95,16.61,3.46,983.5,13.2,242.0,31.3181,75.62575
PB-JLD,2023-02-22,17.9,25.7,11.9,68,92,0.0,0.0,12.0,345,14.11,3.08,984.9,11.1,242.0,31.3181,75.62575
PB-JLD,2023-02-23,18.1,26.3,10.9,64,95,0.0,0.0,13.7,312,17.48,3.7,984.8,9.9,242.0,31.3181,75.62575
PB-JLD,2023-02-24,17.9,26.3,9.0,60,95,0.0,0.0,12.9,299,17.57,3.6,986.3,9.0,242.0,31.3181,75.62575
PB-JLD,2023-02-25,18.5,26.9,10.6,67,94,0.0,0.0,10.3,202,17.43,3.45,987.8,11.5,242.0,31.3181,75.62575
PB-JLD,2023-02-26,18.2,26.2,11.5,72,95,0.2,0.2,16.1,34,15.11,3.09,989.9,12.5,242.0,31.3181,75.62575
PB-JLD,2023-02-27,18.6,27.4,11.3,63,96,0.0,0.0,12.2,351,17.45,3.83,989.5,10.2,242.0,31.3181,75.62575
PB-JLD,2023-02-28,16.8,21.7,12.2,66,82,8.8,8.8,19.8,107,7.31,2.03,990.3,10.3,242.0,31.3181,75.62575
PB-JLD,2023-03-01,19.3,26.3,14.4,69,93,2.8,2.8,10.1,23,16.83,3.39,992.0,12.6,242.0,31.3181,75.62575
PB-JLD,2023-03-02,19.7,27.6,13.3,63,94,0.0,0.0,11.4,325,16.51,3.61,991.2,11.7,242.0,31.3181,75.62575
PB-JLD,2023-03-03,19.6,27.2,13.9,65,89,0.0,0.0,11.3,305,16.88,3.67,991.5,12.1,242.0,31.3181,75.62575
PB-JLD,2023-03-04,19.6,26.7,13.3,64,85,0.0,0.0,9.7,279,17.28,3.65,991.4,11.8,242.0,31.3181,75.62575
PB-JLD,2023-03-05,19.6,26.8,13.8,64,88,0.0,0.0,11.3,288,16.96,3.55,990.4,12.0,242.0,31.3181,75.62575
PB-JLD,2023-03-06,19.9,27.8,13.2,57,86,0.0,0.0,13.2,292,18.39,4.02,987.6,10.1,242.0,31.3181,75.62575
PB-JLD,2023-03-07,19.9,27.8,11.6,58,80,0.0,0.0,10.6,267,18.65,4.07,987.2,10.5,242.0,31.3181,75.62575
PB-JLD,2023-03-08,19.6,27.5,12.3,63,90,0.0,0.0,9.5,151,17.9,3.8,988.2,11.6,242.0,31.3181,75.62575
PB-JLD,2023-03-09,20.0,27.7,13.3,64,87,0.0,0.0,8.9,143,18.73,3.86,988.7,12.3,242.0,31.3181,75.62575
PB-JLD,2023-03-10,21.0,28.5,13.6,64,89,0.0,0.0,9.2,191,19.22,3.98,987.4,13.2,242.0,31.3181,75.62575
PB-JLD,2023-03-11,21.5,29.1,14.3,67,93,0.0,0.0,9.5,118,18.93,3.92,987.1,14.2,242.0,31.3181,75.62575
PB-JLD,2023-03-12,21.5,29.2,14.9,67,92,0.2,0.2,13.5,47,18.77,4.0,986.9,14.4,242.0,31.3181,75.62575
PB-JLD,2023-03-13,21.8,29.0,16.6,70,91,1.6,1.6,9.8,320,17.87,3.73,985.7,15.6,242.0,31.3181,75.62575
PB-JLD,2023-03-14,21.7,29.3,15.3,69,94,0.0,0.0,9.0,296,19.43,4.11,982.6,15.0,242.0,31.3181,75.62575
PB-JLD,2023-03-15,21.9,29.8,14.8,65,90,0.0,0.0,8.9,101,19.41,4.15,981.5,14.2,242.0,31.3181,75.62575
PB-JLD,2023-03-16,21.6,28.8,16.0,64,87,0.5,0.5,9.7,93,18.18,3.86,982.3,13.7,242.0,31.3181,75.62575
PB-JLD,2023-03-17,19.1,24.9,15.5,70,85,0.4,0.4,21.4,36,13.91,3.25,984.8,13.2,242.0,31.3181,75.62575
PB-JLD,2023-03-18,17.7,23.1,15.1,82,95,16.2,16.2,11.3,53,13.18,2.45,984.0,14.4,242.0,31.3181,75.62575
PB-JLD,2023-03-19,18.4,24.4,13.0,81,99,2.1,2.1,7.5,141,18.11,3.3,981.5,14.9,242.0,31.3181,75.62575
PB-JLD,2023-03-20,17.7,23.1,14.3,87,98,20.0,20.0,13.8,126,13.22,2.43,980.3,15.4,242.0,31.3181,75.62575
PB-JLD,2023-03-21,18.0,23.9,12.9,79,99,0.8,0.8,9.4,127,19.57,3.6,981.3,13.7,242.0,31.3181,75.62575
PB-JLD,2023-03-22,18.7,25.0,12.6,77,99,0.0,0.0,10.4,83,18.99,3.66,982.6,14.1,242.0,31.3181,75.62575
PB-JLD,2023-03-23,19.2,25.4,13.6,74,96,0.0,0.0,12.1,355,18.44,3.65,981.5,13.9,242.0,31.3181,75.62575
PB-JLD,2023-03-24,17.6,22.9,13.4,84,96,13.0,13.0,17.6,114,9.0,1.89,981.1,14.8,242.0,31.3181,75.62575
PB-JLD,2023-03-25,18.4,24.0,14.7,82,97,21.2,21.2,24.4,121,15.7,2.87,984.1,15.0,242.0,31.3181,75.62575
PB-JLD,2023-03-26,18.3,24.5,12.7,75,93,0.0,0.0,13.7,310,20.12,3.82,984.1,13.2,242.0,31.3181,75.62575
PB-JLD,2023-03-27,18.6,25.0,12.4,73,96,0.0,0.0,9.0,288,20.36,3.9,982.6,13.2,242.0,31.3181,75.62575
PB-JLD,2023-03-28,20.3,26.6,13.4,66,92,0.0,0.0,8.0,323,19.61,3.94,982.3,13.1,242.0,31.3181,75.62575
PB-JLD,2023-03-29,20.9,28.1,13.6,69,92,0.0,0.0,11.8,76,19.36,4.0,982.7,14.3,242.0,31.3181,75.62575
PB-JLD,2023-03-30,21.8,29.1,16.7,64,90,0.0,0.0,17.0,160,18.11,4.34,981.1,14.1,242.0,31.3181,75.62575
PB-JLD,2023-03-31,18.2,20.8,16.2,84,93,6.4,6.4,19.1,109,10.97,2.08,980.8,15.4,242.0,31.3181,75.62575
PB-JLD,2023-04-01,17.7,23.1,14.8,87,97,21.6,21.6,13.0,117,13.75,2.49,981.7,15.3,242.0,31.3181,75.62575
PB-JLD,2023-04-02,19.0,25.4,12.9,78,100,0.1,0.1,9.2,42,21.14,3.97,980.9,14.8,242.0,31.3181,75.62575
PB-JLD,2023-04-03,18.8,23.6,13.8,78,95,5.4,5.4,16.2,60,12.37,2.55,980.0,14.7,242.0,31.3181,75.62575
PB-JLD,2023-04-04,19.4,26.5,13.6,73,95,0.7,0.7,14.7,342,21.51,4.29,982.3,13.8,242.0,31.3181,75.62575
PB-JLD,2023-04-05,20.3,27.7,12.6,65,96,0.0,0.0,11.8,320,22.02,4.71,982.6,12.3,242.0,31.3181,75.62575
PB-JLD,2023-04-06,21.0,28.2,13.5,58,87,0.0,0.0,14.1,327,22.7,5.0,985.0,11.6,242.0,31.3181,75.62575
PB-JLD,2023-04-07,20.4,29.1,13.1,57,84,0.0,0.0,14.9,302,23.51,5.35,986.3,10.6,242.0,31.3181,75.62575
PB-JLD,2023-04-08,21.9,30.4,12.9,53,82,0.0,0.0,11.1,293,23.57,5.3,986.5,10.8,242.0,31.3181,75.62575
PB-JLD,2023-04-09,23.0,31.5,14.3,49,78,0.0,0.0,10.7,240,23.48,5.35,986.4,10.5,242.0,31.3181,75.62575
PB-JLD,2023-04-10,24.1,32.5,15.5,45,71,0.0,0.0,13.5,327,22.68,5.84,984.5,9.9,242.0,31.3181,75.62575
PB-JLD,2023-04-11,24.9,33.7,16.9,43,76,0.0,0.0,19.7,313,21.9,5.87,984.2,10.5,242.0,31.3181,75.62575
PB-JLD,2023-04-12,26.2,34.7,17.8,41,68,0.0,0.0,13.1,314,22.47,6.11,983.4,10.5,242.0,31.3181,75.62575
PB-JLD,2023-04-13,26.6,35.2,17.7,42,72,0.0,0.0,16.9,301,23.41,6.2,981.9,11.6,242.0,31.3181,75.62575
PB-JLD,2023-04-14,27.5,36.8,18.6,40,68,0.0,0.0,12.4,357,22.91,6.11,980.7,11.1,242.0,31.3181,75.62575
PB-JLD,2023-04-15,28.6,37.1,19.2,35,58,0.0,0.0,11.5,111,23.0,6.05,980.2,9.8,242.0,31.3181,75.62575
PB-JLD,2023-04-16,28.2,36.9,20.9,35,48,0.0,0.0,16.1,109,20.56,6.69,979.5,10.5,242.0,31.3181,75.62575
PB-JLD,2023-04-17,29.1,37.4,19.4,34,54,0.0,0.0,12.3,188,22.9,6.13,979.1,10.6,242.0,31.3181,75.62575
PB-JLD,2023-04-18,27.9,35.7,22.5,40,61,2.1,2.1,18.4,135,18.76,5.73,980.6,12.8,242.0,31.3181,75.62575
PB-JLD,2023-04-19,24.9,29.9,20.7,58,88,20.2,20.2,20.2,121,15.78,4.26,978.9,15.6,242.0,31.3181,75.62575
PB-JLD,2023-04-20,23.6,29.2,18.4,56,78,0.0,0.0,20.7,83,21.43,5.4,976.5,13.8,242.0,31.3181,75.62575
PB-JLD,2023-04-21,22.8,29.3,16.7,52,79,0.8,0.8,14.8,32,20.39,4.94,977.7,11.7,242.0,31.3181,75.62575
PB-JLD,2023-04-22,22.8,29.3,15.2,48,70,0.0,0.0,23.5,4,22.02,5.41,978.9,10.2,242.0,31.3181,75.62575
PB-JLD,2023-04-23,23.3,31.5,14.7,43,76,0.0,0.0,10.8,69,22.66,5.16,979.3,8.4,242.0,31.3181,75.62575
PB-JLD,2023-04-24,24.4,32.6,15.8,43,75,0.0,0.0,11.5,151,22.64,5.59,982.1,9.6,242.0,31.3181,75.62575
PB-JLD,2023-04-25,25.7,33.0,19.0,42,62,0.0,0.0,16.3,125,23.27,6.34,983.6,11.0,242.0,31.3181,75.62575
PB-JLD,2023-04-26,25.9,32.5,18.3,45,74,0.0,0.0,15.4,99,21.09,5.63,980.6,11.6,242.0,31.3181,75.62575
PB-JLD,2023-04-27,25.6,33.5,19.9,45,61,0.3,0.3,25.6,102,18.71,5.8,980.5,12.0,242.0,31.3181,75.62575
PB-JLD,2023-04-28,25.6,32.8,17.8,47,71,0.0,0.0,18.1,203,20.44,5.63,981.2,12.3,242.0,31.3181,75.62575
PB-JLD,2023-04-29,26.6,34.1,20.2,44,65,0.0,0.0,15.8,147,19.45,5.07,979.8,12.4,242.0,31.3181,75.62575
PB-JLD,2023-04-30,24.7,30.2,19.6,58,85,3.2,3.2,18.2,148,18.26,4.4,979.2,15.2,242.0,31.3181,75.62575
PB-JLD,2023-05-01,21.9,26.3,19.4,75,95,15.4,15.4,18.1,121,15.48,3.53,980.3,17.0,242.0,31.3181,75.62575
PB-JLD,2023-05-02,20.9,25.9,18.2,79,95,11.4,11.4,15.8,107,15.53,3.32,982.0,16.7,242.0,31.3181,75.62575
PB-JLD,2023-05-03,21.5,27.7,17.6,81,97,14.2,14.2,17.4,114,19.53,3.86,982.7,17.6,242.0,31.3181,75.62575
PB-JLD,2023-05-04,23.0,28.8,17.1,71,97,2.6,2.6,8.7,109,21.28,4.36,982.3,16.8,242.0,31.3181,75.62575
PB-JLD,2023-05-05,24.5,30.3,19.1,60,87,0.0,0.0,11.5,335,22.56,5.16,980.5,15.5,242.0,31.3181,75.62575
PB-JLD,2023-05-06,25.5,31.7,20.0,50,72,0.2,0.2,18.4,356,21.39,5.24,978.5,14.0,242.0,31.3181,75.62575
PB-JLD,2023-05-07,25.4,33.5,19.1,48,70,0.0,0.0,16.5,80,23.5,6.21,977.6,12.6,242.0,31.3181,75.62575
PB-JLD,2023-05-08,24.5,32.7,19.1,47,61,0.0,0.0,31.6,90,23.05,5.99,977.4,11.9,242.0,31.3181,75.62575
PB-JLD,2023-05-09,25.0,32.5,17.5,41,68,0.0,0.0,13.9,359,23.5,6.29,980.6,9.5,242.0,31.3181,75.62575
PB-JLD,2023-05-10,25.2,33.6,17.1,43,62,0.0,0.0,13.9,321,24.58,6.28,978.7,10.7,242.0,31.3181,75.62575
PB-JLD,2023-05-11,27.4,35.6,17.9,43,72,0.0,0.0,11.2,72,24.53,5.94,979.0,12.2,242.0,31.3181,75.62575
PB-JLD,2023-05-12,27.9,37.3,18.5,41,64,0.0,0.0,12.3,95,24.09,6.31,978.3,12.2,242.0,31.3181,75.62575
PB-JLD,2023-05-13,29.0,37.8,19.9,39,63,0.0,0.0,16.4,72,21.72,6.56,977.7,12.5,242.0,31.3181,75.62575
PB-JLD,2023-05-14,30.1,38.3,21.1,32,51,0.0,0.0,21.7,29,22.92,7.59,975.4,10.3,242.0,31.3181,75.62575
PB-JLD,2023-05-15,30.2,38.2,22.7,31,54,0.0,0.0,16.6,25,23.76,6.61,974.5,10.0,242.0,31.3181,75.62575
PB-JLD,2023-05-16,29.5,37.4,20.7,35,56,0.0,0.0,15.2,334,22.62,6.64,976.2,11.4,242.0,31.3181,75.62575
PB-JLD,2023-05-17,30.3,38.2,22.2,37,55,0.2,0.2,19.6,351,20.08,5.79,977.3,13.2,242.0,31.3181,75.62575
PB-JLD,2023-05-18,26.8,33.1,20.7,50,88,3.2,3.2,15.1,32,21.4,5.54,981.6,14.9,242.0,31.3181,75.62575
PB-JLD,2023-05-19,28.0,35.1,20.5,47,78,0.0,0.0,13.7,303,23.6,6.36,978.8,14.7,242.0,31.3181,75.62575
PB-JLD,2023-05-20,29.5,37.7,21.8,44,66,0.0,0.0,12.0,333,23.2,6.07,976.2,14.8,242.0,31.3181,75.62575
PB-JLD,2023-05-21,30.5,39.0,21.1,42,66,0.0,0.0,11.9,107,23.36,6.32,976.6,14.9,242.0,31.3181,75.62575
PB-JLD,2023-05-22,31.5,40.3,22.6,38,56,0.0,0.0,17.6,112,21.82,6.13,976.8,14.8,242.0,31.3181,75.62575
PB-JLD,2023-05-23,30.8,39.8,24.8,46,77,8.0,8.0,15.8,184,18.49,5.25,977.0,17.3,242.0,31.3181,75.62575
PB-JLD,2023-05-24,26.0,31.9,22.1,64,86,18.5,18.5,24.1,114,11.59,3.74,977.2,18.5,242.0,31.3181,75.62575
PB-JLD,2023-05-25,26.2,32.4,21.4,66,89,1.0,1.0,13.9,129,21.21,4.85,977.6,18.6,242.0,31.3181,75.62575
PB-JLD,2023-05-26,24.9,30.1,20.5,70,87,2.5,2.5,14.5,99,15.88,3.79,978.6,18.7,242.0,31.3181,75.62575
PB-JLD,2023-05-27,26.1,32.5,20.4,63,88,1.1,1.1,13.0,94,22.47,5.17,978.0,17.9,242.0,31.3181,75.62575
PB-JLD,2023-05-28,27.4,33.5,21.0,56,82,0.0,0.0,9.0,110,21.08,4.92,978.7,16.9,242.0,31.3181,75.62575
PB-JLD,2023-05-29,26.1,31.6,21.9,67,90,2.1,2.1,17.5,218,14.23,3.66,981.2,19.1,242.0,31.3181,75.62575
PB-JLD,2023-05-30,26.3,31.3,21.7,64,90,0.0,0.0,15.9,45,20.61,4.67,981.2,18.5,242.0,31.3181,75.62575
PB-JLD,2023-05-31,22.5,26.8,20.2,85,95,37.9,37.9,13.8,99,10.47,2.29,979.5,19.8,242.0,31.3181,75.62575
PB-JLD,2023-06-01,23.5,28.8,18.5,76,98,0.3,0.3,15.8,224,18.19,3.97,979.5,18.7,242.0,31.3181,75.62575
PB-JLD,2023-06-02,24.0,29.2,19.3,70,98,1.0,1.0,10.5,77,21.6,4.52,978.8,17.8,242.0,31.3181,75.62575
PB-JLD,2023-06-03,26.7,32.2,20.6,62,87,0.0,0.0,8.2,294,23.37,5.15,978.6,18.0,242.0,31.3181,75.62575
PB-JLD,2023-06-04,28.2,33.8,21.7,59,82,0.1,0.1,8.0,280,21.96,5.13,977.9,19.0,242.0,31.3181,75.62575
PB-JLD,2023-06-05,28.7,35.8,22.1,55,83,0.0,0.0,18.9,339,21.64,5.43,976.2,18.0,242.0,31.3181,75.62575
PB-JLD,2023-06-06,28.1,35.4,22.4,54,72,0.6,0.6,13.3,112,20.43,5.08,976.7,17.3,242.0,31.3181,75.62575
PB-JLD,2023-06-07,27.2,33.2,23.1,61,76,0.8,0.8,18.1,347,18.67,4.7,977.0,18.5,242.0,31.3181,75.62575
PB-JLD,2023-06-08,29.3,36.4,23.4,55,77,0.0,0.0,14.5,354,21.88,5.62,975.9,18.3,242.0,31.3181,75.62575
PB-JLD,2023-06-09,30.6,38.1,22.8,51,80,0.0,0.0,13.1,145,21.83,5.77,972.8,18.3,242.0,31.3181,75.62575
PB-JLD,2023-06-10,31.6,37.9,24.2,50,67,1.3,1.3,18.6,127,19.71,5.55,971.3,19.6,242.0,31.3181,75.62575
PB-JLD,2023-06-11,30.3,36.8,24.6,59,84,0.0,0.0,15.6,320,22.07,5.85,971.9,20.6,242.0,31.3181,75.62575
PB-JLD,2023-06-12,31.2,37.6,24.3,59,82,0.1,0.1,12.5,341,21.62,5.8,971.3,21.5,242.0,31.3181,75.62575
PB-JLD,2023-06-13,31.5,39.5,26.3,59,74,0.0,0.0,32.8,314,20.4,5.43,971.2,22.2,242.0,31.3181,75.62575
PB-JLD,2023-06-14,29.6,35.0,24.9,65,83,1.5,1.5,13.6,103,18.0,4.42,972.2,22.1,242.0,31.3181,75.62575
PB-JLD,2023-06-15,28.0,33.2,24.4,72,90,2.8,2.8,10.1,308,14.36,3.61,973.8,22.3,242.0,31.3181,75.62575
PB-JLD,2023-06-16,29.8,35.4,24.2,65,86,0.0,0.0,12.4,272,20.77,5.24,973.0,21.8,242.0,31.3181,75.62575
PB-JLD,2023-06-17,31.6,37.0,25.2,61,86,0.0,0.0,6.1,208,21.71,5.08,972.9,22.3,242.0,31.3181,75.62575
PB-JLD,2023-06-18,30.9,35.6,26.8,65,79,1.0,1.0,17.6,139,20.62,5.15,973.3,23.4,242.0,31.3181,75.62575
PB-JLD,2023-06-19,32.1,37.8,26.4,60,86,0.0,0.0,9.2,155,22.08,5.41,972.5,22.5,242.0,31.3181,75.62575
PB-JLD,2023-06-20,32.8,38.2,26.8,60,80,0.0,0.0,9.1,190,21.71,5.51,971.4,23.5,242.0,31.3181,75.62575
PB-JLD,2023-06-21,33.0,38.0,28.2,59,72,0.0,0.0,18.2,104,20.46,5.83,972.2,23.8,242.0,31.3181,75.62575
PB-JLD,2023-06-22,32.0,37.4,26.9,71,94,5.2,5.2,22.1,105,21.18,5.53,972.2,25.8,242.0,31.3181,75.62575
PB-JLD,2023-06-23,32.2,37.0,28.0,69,86,0.1,0.1,17.8,111,21.77,6.07,972.3,25.6,242.0,31.3181,75.62575
PB-JLD,2023-06-24,31.6,37.2,26.5,69,90,0.0,0.0,19.7,101,19.9,5.41,972.1,24.9,242.0,31.3181,75.62575
PB-JLD,2023-06-25,29.9,35.4,25.6,74,94,11.1,11.1,28.6,113,17.92,5.08,972.7,24.5,242.0,31.3181,75.62575
PB-JLD,2023-06-26,27.8,32.6,24.7,81,96,15.0,15.0,12.7,68,16.04,3.66,974.8,24.1,242.0,31.3181,75.62575
PB-JLD,2023-06-27,28.7,33.5,25.0,79,95,4.5,4.5,16.2,107,21.12,4.81,973.5,24.5,242.0,31.3181,75.62575
PB-JLD,2023-06-28,29.5,34.2,26.0,78,93,0.8,0.8,13.2,120,21.15,4.86,974.7,25.0,242.0,31.3181,75.62575
PB-JLD,2023-06-29,28.8,32.8,26.1,80,93,7.1,7.1,12.3,128,20.44,4.52,973.8,24.9,242.0,31.3181,75.62575
PB-JLD,2023-06-30,29.0,33.8,24.0,78,95,1.4,1.4,13.5,85,20.48,4.61,972.1,24.6,242.0,31.3181,75.62575
PB-JLD,2023-07-01,29.1,34.2,23.9,77,93,0.0,0.0,16.5,132,21.81,4.94,972.9,24.4,242.0,31.3181,75.62575
PB-JLD,2023-07-02,29.9,35.2,24.9,75,92,0.0,0.0,16.5,121,22.13,5.08,973.4,24.7,242.0,31.3181,75.62575
PB-JLD,2023-07-03,31.3,36.2,27.2,72,85,3.1,3.1,13.8,115,21.14,5.08,972.6,25.5,242.0,31.3181,75.62575
PB-JLD,2023-07-04,30.1,35.8,25.8,78,95,31.9,31.9,22.9,115,19.82,4.77,971.1,25.7,242.0,31.3181,75.62575
PB-JLD,2023-07-05,26.5,28.8,25.0,90,96,21.5,21.5,19.7,107,8.27,1.94,972.0,24.7,242.0,31.3181,75.62575
PB-JLD,2023-07-06,27.1,33.2,23.4,85,96,16.9,16.9,11.5,95,21.05,4.48,974.4,24.2,242.0,31.3181,75.62575
PB-JLD,2023-07-07,27.8,31.2,24.7,83,96,5.7,5.7,11.6,104,16.57,3.65,974.9,24.6,242.0,31.3181,75.62575
PB-JLD,2023-07-08,25.8,27.8,24.1,92,96,41.5,41.5,15.5,91,4.64,1.2,975.5,24.3,242.0,31.3181,75.62575
PB-JLD,2023-07-09,25.8,28.6,23.7,90,97,81.6,81.6,17.1,106,9.2,2.12,974.0,23.9,242.0,31.3181,75.62575
PB-JLD,2023-07-10,25.4,27.3,24.1,89,96,2.4,2.4,14.9,65,6.27,1.53,974.7,23.5,242.0,31.3181,75.62575
PB-JLD,2023-07-11,28.0,33.1,23.3,82,98,0.2,0.2,7.3,55,22.31,4.82,974.1,24.3,242.0,31.3181,75.62575
PB-JLD,2023-07-12,28.9,33.9,24.6,81,98,0.8,0.8,10.0,87,21.97,4.85,973.6,25.0,242.0,31.3181,75.62575
PB-JLD,2023-07-13,29.1,33.2,25.0,80,95,0.3,0.3,10.9,115,21.33,4.76,973.7,25.2,242.0,31.3181,75.62575
PB-JLD,2023-07-14,29.2,32.8,26.1,82,96,1.0,1.0,12.0,119,20.39,4.5,974.4,25.6,242.0,31.3181,75.62575
PB-JLD,2023-07-15,29.8,34.2,26.3,80,98,0.8,0.8,16.6,114,21.38,4.79,973.2,25.7,242.0,31.3181,75.62575
PB-JLD,2023-07-16,28.1,31.9,25.7,88,96,16.9,16.9,16.3,122,14.62,3.19,973.9,25.8,242.0,31.3181,75.62575
PB-JLD,2023-07-17,29.0,33.4,26.3,86,100,1.2,1.2,11.7,123,20.65,4.47,972.9,26.2,242.0,31.3181,75.62575
PB-JLD,2023-07-18,28.9,32.7,26.4,86,96,3.4,3.4,13.0,115,18.85,4.13,972.8,26.3,242.0,31.3181,75.62575
PB-JLD,2023-07-19,28.1,31.6,26.6,86,94,6.3,6.3,17.3,119,12.54,2.84,973.3,25.5,242.0,31.3181,75.62575
PB-JLD,2023-07-20,30.2,34.1,26.2,79,97,0.0,0.0,8.2,40,19.88,4.46,973.2,26.0,242.0,31.3181,75.62575
PB-JLD,2023-07-21,30.7,35.2,28.0,81,95,0.2,0.2,9.1,83,19.56,4.47,974.3,26.9,242.0,31.3181,75.62575
PB-JLD,2023-07-22,28.2,31.2,26.4,88,97,30.7,30.7,15.6,100,10.06,2.36,977.6,25.9,242.0,31.3181,75.62575
PB-JLD,2023-07-23,29.3,33.1,25.7,81,94,6.9,6.9,9.8,101,18.4,4.18,977.6,25.6,242.0,31.3181,75.62575
PB-JLD,2023-07-24,29.4,32.4,26.0,84,95,3.3,3.3,12.4,91,17.42,3.86,975.3,26.3,242.0,31.3181,75.62575
PB-JLD,2023-07-25,29.8,33.3,26.6,82,93,3.2,3.2,13.8,94,17.13,3.83,974.8,26.3,242.0,31.3181,75.62575
PB-JLD,2023-07-26,27.8,31.4,25.7,86,96,5.8,5.8,14.5,131,12.78,2.91,976.3,25.2,242.0,31.3181,75.62575
PB-JLD,2023-07-27,28.3,31.1,25.7,84,94,5.7,5.7,8.7,124,14.44,3.17,975.5,25.4,242.0,31.3181,75.62575
PB-JLD,2023-07-28,28.1,31.3,25.0,85,99,7.4,7.4,8.4,146,18.98,4.02,973.2,25.2,242.0,31.3181,75.62575
PB-JLD,2023-07-29,28.3,31.9,25.5,85,97,2.9,2.9,8.3,130,18.47,3.98,972.3,25.2,242.0,31.3181,75.62575
PB-JLD,2023-07-30,28.9,33.2,24.6,82,100,0.4,0.4,5.1,260,21.32,4.59,971.8,25.3,242.0,31.3181,75.62575
PB-JLD,2023-07-31,29.8,33.5,26.3,80,95,0.8,0.8,8.9,302,21.52,4.72,971.3,25.8,242.0,31.3181,75.62575
PB-JLD,2023-08-01,30.4,34.5,26.3,80,97,0.2,0.2,10.8,257,21.43,4.87,970.1,26.4,242.0,31.3181,75.62575
PB-JLD,2023-08-02,30.2,34.8,27.0,82,97,3.1,3.1,8.8,213,21.5,4.8,970.5,26.5,242.0,31.3181,75.62575
PB-JLD,2023-08-03,29.5,33.7,25.7,83,98,0.1,0.1,11.3,263,20.67,4.54,971.1,26.2,242.0,31.3181,75.62575
PB-JLD,2023-08-04,29.5,34.2,26.2,84,95,2.9,2.9,6.5,141,20.5,4.45,973.2,26.3,242.0,31.3181,75.62575
PB-JLD,2023-08-05,29.4,33.2,26.3,85,97,7.7,7.7,10.6,27,20.69,4.5,974.8,26.5,242.0,31.3181,75.62575
PB-JLD,2023-08-06,28.9,33.2,26.5,85,97,6.2,6.2,13.1,242,20.8,4.5,971.7,26.1,242.0,31.3181,75.62575
PB-JLD,2023-08-07,29.0,33.3,25.2,82,97,0.9,0.9,9.7,182,21.1,4.58,969.4,25.5,242.0,31.3181,75.62575
PB-JLD,2023-08-08,29.8,33.6,26.0,81,96,0.3,0.3,10.6,173,21.21,4.65,970.5,26.0,242.0,31.3181,75.62575
PB-JLD,2023-08-09,29.4,33.8,25.5,80,94,6.0,6.0,15.9,198,21.19,4.74,974.1,25.5,242.0,31.3181,75.62575
PB-JLD,2023-08-10,28.6,32.5,25.3,86,97,5.5,5.5,7.9,65,17.45,3.77,975.9,25.9,242.0,31.3181,75.62575
PB-JLD,2023-08-11,28.9,33.2,25.8,86,96,14.0,14.0,12.5,85,19.98,4.36,976.0,26.0,242.0,31.3181,75.62575
PB-JLD,2023-08-12,29.5,33.1,26.1,83,98,0.8,0.8,9.4,115,20.53,4.51,973.5,26.2,242.0,31.3181,75.62575
PB-JLD,2023-08-13,29.2,33.8,25.3,82,97,7.2,7.2,19.6,124,20.74,4.67,971.1,25.6,242.0,31.3181,75.62575
PB-JLD,2023-08-14,27.9,31.9,25.1,85,98,8.7,8.7,16.6,110,17.82,3.99,975.3,25.1,242.0,31.3181,75.62575
PB-JLD,2023-08-15,28.5,32.9,24.4,80,92,1.1,1.1,13.8,94,21.24,4.66,976.6,24.4,242.0,31.3181,75.62575
PB-JLD,2023-08-16,29.4,33.6,25.7,80,94,0.1,0.1,9.5,328,21.72,4.8,976.0,25.4,242.0,31.3181,75.62575
PB-JLD,2023-08-17,29.3,33.4,25.8,82,96,2.0,2.0,9.7,21,20.32,4.51,975.3,25.8,242.0,31.3181,75.62575
PB-JLD,2023-08-18,30.1,34.4,26.3,82,98,0.1,0.1,6.9,21,21.35,4.74,975.6,26.4,242.0,31.3181,75.62575
PB-JLD,2023-08-19,29.6,33.1,26.7,83,97,1.8,1.8,9.0,108,17.24,3.84,976.4,26.3,242.0,31.3181,75.62575
PB-JLD,2023-08-20,30.1,33.6,26.5,83,99,3.5,3.5,9.7,100,18.82,4.19,977.0,26.8,242.0,31.3181,75.62575
PB-JLD,2023-08-21,30.3,34.7,26.8,82,95,2.2,2.2,11.0,116,20.27,4.54,975.1,26.7,242.0,31.3181,75.62575
PB-JLD,2023-08-22,30.6,35.9,26.2,79,92,0.3,0.3,13.6,100,21.38,5.05,972.7,26.4,242.0,31.3181,75.62575
PB-JLD,2023-08-23,28.8,32.8,25.9,81,90,1.7,1.7,17.6,116,16.66,4.11,971.8,25.1,242.0,31.3181,75.62575
PB-JLD,2023-08-24,28.5,32.3,25.0,81,93,2.9,2.9,14.4,119,19.81,4.39,971.4,24.7,242.0,31.3181,75.62575
PB-JLD,2023-08-25,28.1,33.0,24.1,81,96,2.2,2.2,22.6,93,20.66,4.52,971.8,24.3,242.0,31.3181,75.62575
PB-JLD,2023-08-26,27.1,31.2,23.2,83,97,7.5,7.5,12.7,252,19.01,4.03,973.8,23.8,242.0,31.3181,75.62575
PB-JLD,2023-08-27,28.7,33.1,24.5,76,93,0.0,0.0,9.3,308,20.95,4.68,973.5,23.7,242.0,31.3181,75.62575
PB-JLD,2023-08-28,27.4,32.1,22.4,80,95,0.6,0.6,16.9,143,21.06,4.48,973.5,23.4,242.0,31.3181,75.62575
PB-JLD,2023-08-29,28.6,33.6,24.2,76,92,0.4,0.4,11.8,358,21.59,4.85,976.0,23.6,242.0,31.3181,75.62575
PB-JLD,2023-08-30,28.9,34.3,24.6,74,96,0.0,0.0,10.2,0,21.44,4.87,977.6,23.4,242.0,31.3181,75.62575
PB-JLD,2023-08-31,29.8,34.8,24.3,74,95,0.0,0.0,9.1,8,20.53,4.74,978.2,24.2,242.0,31.3181,75.62575
PB-JLD,2023-09-01,30.8,35.7,26.0,70,93,0.0,0.0,8.1,64,20.59,4.85,977.9,24.2,242.0,31.3181,75.62575
PB-JLD,2023-09-02,30.4,35.8,25.6,69,92,0.0,0.0,9.8,245,20.93,5.04,976.6,23.4,242.0,31.3181,75.62575
PB-JLD,2023-09-03,30.3,34.9,25.9,65,84,0.0,0.0,10.1,263,21.5,5.01,975.6,22.7,242.0,31.3181,75.62575
PB-JLD,2023-09-04,30.2,35.5,25.1,67,90,0.0,0.0,8.9,164,21.6,5.05,975.3,22.8,242.0,31.3181,75.62575
PB-JLD,2023-09-05,29.5,34.9,24.9,72,93,0.0,0.0,12.9,354,21.24,4.98,976.9,23.5,242.0,31.3181,75.62575
PB-JLD,2023-09-06,29.9,35.7,24.2,68,88,0.0,0.0,11.3,358,21.5,5.05,977.5,22.9,242.0,31.3181,75.62575
PB-JLD,2023-09-07,30.6,36.8,24.4,67,94,0.0,0.0,10.9,315,21.47,5.15,976.7,22.9,242.0,31.3181,75.62575
PB-JLD,2023-09-08,30.0,34.9,25.4,69,85,0.2,0.2,11.0,122,20.06,4.79,976.9,23.3,242.0,31.3181,75.62575
PB-JLD,2023-09-09,28.7,33.4,23.7,77,93,3.8,3.8,18.4,118,19.83,4.44,976.3,24.0,242.0,31.3181,75.62575
PB-JLD,2023-09-10,28.5,33.0,25.0,78,93,0.3,0.3,9.4,106,18.8,4.21,974.8,24.2,242.0,31.3181,75.62575
PB-JLD,2023-09-11,29.2,33.8,25.2,73,88,0.0,0.0,9.9,57,20.1,4.55,975.1,23.6,242.0,31.3181,75.62575
PB-JLD,2023-09-12,29.6,33.8,26.0,77,95,3.5,3.5,10.5,338,17.35,3.98,975.1,24.9,242.0,31.3181,75.62575
PB-JLD,2023-09-13,29.3,34.2,25.6,80,94,2.7,2.7,14.1,74,17.88,4.09,975.3,25.2,242.0,31.3181,75.62575
PB-JLD,2023-09-14,29.6,33.6,26.1,79,92,8.6,8.6,11.1,96,17.0,3.91,976.5,25.5,242.0,31.3181,75.62575
PB-JLD,2023-09-15,28.1,32.1,25.0,84,96,14.3,14.3,16.0,101,15.31,3.41,977.9,25.0,242.0,31.3181,75.62575
PB-JLD,2023-09-16,28.6,33.3,24.5,81,100,0.2,0.2,8.8,78,18.42,4.03,977.6,24.6,242.0,31.3181,75.62575
PB-JLD,2023-09-17,27.0,31.2,24.9,88,97,17.1,17.1,16.1,72,12.17,2.65,976.6,24.7,242.0,31.3181,75.62575
PB-JLD,2023-09-18,26.6,30.2,24.3,84,95,19.8,19.8,14.1,53,15.74,3.41,977.1,23.6,242.0,31.3181,75.62575
PB-JLD,2023-09-19,26.9,31.9,23.7,84,95,22.3,22.3,8.0,34,17.48,3.72,979.2,23.9,242.0,31.3181,75.62575
PB-JLD,2023-09-20,28.3,32.6,25.1,79,93,0.6,0.6,10.5,348,18.72,4.14,979.1,24.1,242.0,31.3181,75.62575
PB-JLD,2023-09-21,28.7,33.2,24.6,79,97,1.0,1.0,10.0,301,18.62,4.17,978.0,24.2,242.0,31.3181,75.62575
PB-JLD,2023-09-22,27.9,32.8,23.6,81,96,1.3,1.3,18.2,81,18.01,3.94,978.2,24.0,242.0,31.3181,75.62575
PB-JLD,2023-09-23,27.3,31.6,24.1,83,97,6.3,6.3,10.0,54,13.69,2.93,979.0,24.0,242.0,31.3181,75.62575
PB-JLD,2023-09-24,26.9,31.2,23.5,83,96,0.0,0.0,8.5,221,15.97,3.38,978.4,23.6,242.0,31.3181,75.62575
PB-JLD,2023-09-25,25.6,30.9,21.0,86,99,3.1,3.1,21.1,324,17.33,3.51,979.2,22.9,242.0,31.3181,75.62575
PB-JLD,2023-09-26,26.1,31.6,21.2,78,97,0.0,0.0,8.9,302,18.9,4.09,980.3,21.4,242.0,31.3181,75.62575
PB-JLD,2023-09-27,25.7,31.9,21.0,77,97,0.0,0.0,13.1,295,19.04,4.25,979.9,20.8,242.0,31.3181,75.62575
PB-JLD,2023-09-28,26.3,32.1,20.9,74,94,0.0,0.0,8.1,299,18.75,4.11,979.3,21.0,242.0,31.3181,75.62575
PB-JLD,2023-09-29,26.4,32.4,20.2,74,95,0.0,0.0,9.2,259,18.72,4.05,979.1,20.8,242.0,31.3181,75.62575
PB-JLD,2023-09-30,25.5,32.5,20.3,73,95,0.0,0.0,12.3,314,18.61,4.3,979.4,19.9,242.0,31.3181,75.62575
PB-JLD,2023-10-01,24.5,31.9,19.1,72,91,0.0,0.0,9.9,291,18.48,4.1,978.8,18.5,242.0,31.3181,75.62575
PB-JLD,2023-10-02,24.9,31.7,18.5,64,94,0.0,0.0,11.8,302,18.08,4.23,979.5,17.0,242.0,31.3181,75.62575
PB-JLD,2023-10-03,24.8,32.1,18.4,67,83,0.0,0.0,12.9,296,18.24,4.26,980.1,17.7,242.0,31.3181,75.62575
PB-JLD,2023-10-04,24.5,32.2,18.4,74,96,0.0,0.0,10.4,294,17.98,4.01,980.2,19.0,242.0,31.3181,75.62575
PB-JLD,2023-10-05,25.2,32.2,17.9,72,98,0.0,0.0,10.7,293,17.96,3.95,979.4,19.1,242.0,31.3181,75.62575
PB-JLD,2023-10-06,25.8,32.7,19.5,69,94,0.0,0.0,8.6,141,17.6,3.91,978.1,19.0,242.0,31.3181,75.62575
PB-JLD,2023-10-07,26.0,33.4,19.3,69,93,0.0,0.0,8.4,120,17.04,3.8,979.3,19.2,242.0,31.3181,75.62575
PB-JLD,2023-10-08,27.1,33.2,21.4,70,89,0.0,0.0,7.3,85,16.75,3.72,980.1,20.7,242.0,31.3181,75.62575
PB-JLD,2023-10-09,26.9,33.1,22.2,70,93,0.0,0.0,17.9,97,16.0,3.8,980.5,20.4,242.0,31.3181,75.62575
PB-JLD,2023-10-10,24.8,31.1,19.9,67,89,0.0,0.0,23.5,8,16.59,4.08,982.6,17.9,242.0,31.3181,75.62575
PB-JLD,2023-10-11,23.2,30.5,17.7,74,96,0.0,0.0,10.3,280,16.62,3.65,982.8,17.7,242.0,31.3181,75.62575
PB-JLD,2023-10-12,24.7,30.7,19.5,66,87,0.0,0.0,7.9,31,16.31,3.41,984.1,17.3,242.0,31.3181,75.62575
PB-JLD,2023-10-13,24.4,31.1,18.0,71,94,0.0,0.0,6.3,134,15.95,3.36,984.6,18.4,242.0,31.3181,75.62575
PB-JLD,2023-10-14,22.8,28.0,19.8,81,94,1.8,1.8,15.2,74,11.12,2.44,984.1,19.2,242.0,31.3181,75.62575
PB-JLD,2023-10-15,23.3,30.3,19.2,71,95,1.3,1.3,19.2,270,15.43,3.42,982.4,17.2,242.0,31.3181,75.62575
PB-JLD,2023-10-16,20.3,24.3,18.1,83,94,9.9,9.9,20.1,108,7.93,1.75,983.5,17.1,242.0,31.3181,75.62575
PB-JLD,2023-10-17,19.1,24.3,16.0,80,96,0.0,0.0,15.9,4,9.99,2.17,987.8,15.3,242.0,31.3181,75.62575
PB-JLD,2023-10-18,19.1,26.1,14.0,74,94,0.0,0.0,10.3,301,15.3,3.11,987.7,13.9,242.0,31.3181,75.62575
PB-JLD,2023-10-19,19.7,26.8,14.2,77,97,0.0,0.0,10.7,293,15.15,3.07,986.8,15.0,242.0,31.3181,75.62575
PB-JLD,2023-10-20,20.9,28.2,14.8,76,96,0.0,0.0,11.4,317,15.08,3.12,987.3,16.0,242.0,31.3181,75.62575
PB-JLD,2023-10-21,21.9,28.4,16.0,73,98,0.0,0.0,9.4,299,13.89,2.96,987.8,16.2,242.0,31.3181,75.62575
PB-JLD,2023-10-22,21.1,27.0,15.7,76,94,8.2,8.2,15.2,25,11.53,2.47,988.5,16.5,242.0,31.3181,75.62575
PB-JLD,2023-10-23,21.3,28.6,16.3,75,97,0.0,0.0,10.0,320,14.5,3.12,986.8,16.2,242.0,31.3181,75.62575
PB-JLD,2023-10-24,21.7,28.6,15.3,72,98,0.0,0.0,10.8,324,14.32,3.17,986.1,15.9,242.0,31.3181,75.62575
PB-JLD,2023-10-25,21.8,29.1,15.3,73,95,0.0,0.0,11.1,308,14.27,3.12,986.9,16.0,242.0,31.3181,75.62575
PB-JLD,2023-10-26,21.5,28.8,15.3,74,99,0.0,0.0,12.8,314,14.27,3.11,986.4,16.1,242.0,31.3181,75.62575
PB-JLD,2023-10-27,21.8,28.9,16.2,71,93,0.0,0.0,10.9,29,13.99,2.97,985.4,15.9,242.0,31.3181,75.62575
PB-JLD,2023-10-28,22.0,29.0,15.7,75,95,0.0,0.0,8.8,85,12.96,2.7,985.6,17.0,242.0,31.3181,75.62575
PB-JLD,2023-10-29,22.8,29.1,16.6,73,96,0.0,0.0,7.7,33,13.58,2.81,986.0,17.4,242.0,31.3181,75.62575
PB-JLD,2023-10-30,22.8,29.1,17.5,74,95,0.0,0.0,8.8,41,13.2,2.84,986.8,17.5,242.0,31.3181,75.62575
PB-JLD,2023-10-31,23.1,29.4,18.1,75,95,0.0,0.0,10.3,358,13.19,2.81,988.0,18.0,242.0,31.3181,75.62575
PB-JLD,2023-11-01,22.2,28.5,15.9,71,96,0.0,0.0,9.7,84,13.19,2.75,988.8,16.0,242.0,31.3181,75.62575
PB-JLD,2023-11-02,22.1,28.9,16.2,72,96,0.0,0.0,10.4,295,12.37,2.85,986.8,16.2,242.0,31.3181,75.62575
PB-JLD,2023-11-03,20.7,27.8,16.0,75,99,0.0,0.0,11.5,292,11.73,2.58,984.4,15.6,242.0,31.3181,75.62575
PB-JLD,2023-11-04,21.3,28.8,15.0,69,88,0.0,0.0,11.0,337,12.91,2.91,984.8,14.9,242.0,31.3181,75.62575
PB-JLD,2023-11-05,21.3,28.3,15.0,70,100,0.0,0.0,11.3,315,12.76,2.82,986.1,15.0,242.0,31.3181,75.62575
PB-JLD,2023-11-06,20.4,27.7,13.9,73,95,0.0,0.0,11.2,75,11.78,2.55,987.7,14.9,242.0,31.3181,75.62575
PB-JLD,2023-11-07,20.6,27.7,15.0,76,94,0.0,0.0,9.4,356,12.08,2.55,987.1,16.0,242.0,31.3181,75.62575
PB-JLD,2023-11-08,21.0,27.6,16.3,76,98,0.0,0.0,12.0,325,11.67,2.57,986.1,16.2,242.0,31.3181,75.62575
PB-JLD,2023-11-09,20.8,27.8,15.0,71,98,0.0,0.0,9.1,311,11.86,2.47,985.8,14.8,242.0,31.3181,75.62575
PB-JLD,2023-11-10,17.1,20.8,14.5,87,99,9.0,9.0,18.3,93,7.27,1.4,988.3,15.0,242.0,31.3181,75.62575
PB-JLD,2023-11-11,16.8,23.8,12.5,83,99,0.0,0.0,11.2,303,11.85,2.24,990.1,13.5,242.0,31.3181,75.62575
PB-JLD,2023-11-12,17.0,24.3,11.5,80,100,0.0,0.0,10.4,308,11.87,2.31,989.9,13.2,242.0,31.3181,75.62575
PB-JLD,2023-11-13,17.7,24.4,12.3,80,100,0.0,0.0,9.4,326,11.51,2.21,989.8,13.9,242.0,31.3181,75.62575
PB-JLD,2023-11-14,17.4,24.5,12.5,83,100,0.0,0.0,10.5,309,11.39,2.19,989.4,14.2,242.0,31.3181,75.62575
PB-JLD,2023-11-15,17.4,24.9,11.6,84,98,0.0,0.0,11.3,308,11.64,2.19,988.9,14.4,242.0,31.3181,75.62575
PB-JLD,2023-11-16,17.4,24.6,12.2,86,100,0.0,0.0,10.2,316,10.27,1.97,990.0,14.8,242.0,31.3181,75.62575
PB-JLD,2023-11-17,17.8,25.4,13.1,84,100,0.0,0.0,11.9,320,10.92,2.12,990.0,14.6,242.0,31.3181,75.62575
PB-JLD,2023-11-18,17.3,25.4,11.7,79,100,0.0,0.0,12.1,316,11.2,2.21,987.9,13.1,242.0,31.3181,75.62575
PB-JLD,2023-11-19,17.8,25.4,11.6,79,100,0.0,0.0,11.7,340,11.01,2.16,988.9,13.6,242.0,31.3181,75.62575
PB-JLD,2023-11-20,17.6,25.0,13.0,79,100,0.0,0.0,10.4,324,10.86,2.17,989.2,13.6,242.0,31.3181,75.62575
PB-JLD,2023-11-21,16.3,24.2,10.7,78,97,0.0,0.0,14.3,294,11.19,2.3,988.2,11.9,242.0,31.3181,75.62575
PB-JLD,2023-11-22,16.4,24.0,10.5,77,96,0.0,0.0,10.9,292,11.31,2.17,985.6,11.9,242.0,31.3181,75.62575
PB-JLD,2023-11-23,16.3,23.8,10.2,76,100,0.0,0.0,9.8,101,11.16,2.1,985.5,11.5,242.0,31.3181,75.62575
PB-JLD,2023-11-24,16.6,23.9,12.3,78,95,0.0,0.0,11.3,328,11.13,2.17,988.0,12.4,242.0,31.3181,75.62575
PB-JLD,2023-11-25,15.8,23.1,10.0,82,100,0.0,0.0,8.0,295,9.73,1.73,988.5,12.4,242.0,31.3181,75.62575
PB-JLD,2023-11-26,16.9,23.6,12.1,80,99,0.0,0.0,12.0,68,8.68,1.73,989.7,13.1,242.0,31.3181,75.62575
PB-JLD,2023-11-27,16.2,22.4,12.9,81,96,4.0,4.0,15.0,60,5.86,1.4,987.8,12.8,242.0,31.3181,75.62575
PB-JLD,2023-11-28,16.5,23.4,11.8,82,97,0.0,0.0,11.2,46,9.76,1.87,987.4,13.2,242.0,31.3181,75.62575
PB-JLD,2023-11-29,17.3,23.9,12.0,80,98,0.0,0.0,9.3,152,10.37,1.93,987.3,13.4,242.0,31.3181,75.62575
PB-JLD,2023-11-30,16.0,20.2,13.7,88,100,6.6,6.6,17.3,103,7.8,1.4,988.7,13.9,242.0,31.3181,75.62575
PB-JLD,2023-12-01,15.4,22.4,11.5,86,100,0.0,0.0,9.9,303,10.18,1.83,989.2,12.8,242.0,31.3181,75.62575
PB-JLD,2023-12-02,15.8,22.4,11.0,84,98,0.0,0.0,10.0,297,10.45,1.84,988.9,12.8,242.0,31.3181,75.62575
PB-JLD,2023-12-03,15.6,21.9,10.5,87,100,0.0,0.0,10.2,336,10.11,1.76,989.2,13.2,242.0,31.3181,75.62575
PB-JLD,2023-12-04,15.0,21.0,11.0,88,100,0.0,0.0,9.4,49,8.79,1.55,988.3,12.8,242.0,31.3181,75.62575
PB-JLD,2023-12-05,14.8,21.6,10.7,85,100,0.0,0.0,10.4,331,10.26,1.8,988.0,12.0,242.0,31.3181,75.62575
PB-JLD,2023-12-06,14.5,21.8,9.8,88,100,0.0,0.0,11.6,317,10.08,1.73,988.3,12.4,242.0,31.3181,75.62575
PB-JLD,2023-12-07,14.4,21.6,9.6,88,100,0.0,0.0,10.8,309,9.57,1.67,987.5,12.1,242.0,31.3181,75.62575
PB-JLD,2023-12-08,13.8,20.5,9.3,86,100,0.0,0.0,9.6,319,9.24,1.62,986.9,11.3,242.0,31.3181,75.62575
PB-JLD,2023-12-09,12.9,20.1,8.0,86,100,0.0,0.0,11.8,310,9.57,1.63,987.8,10.5,242.0,31.3181,75.62575
PB-JLD,2023-12-10,12.3,19.9,6.6,83,100,0.0,0.0,9.5,325,10.25,1.73,985.8,9.2,242.0,31.3181,75.62575
PB-JLD,2023-12-11,13.0,20.4,7.3,80,98,0.0,0.0,7.9,129,10.29,1.68,986.2,9.2,242.0,31.3181,75.62575
PB-JLD,2023-12-12,12.9,20.4,7.3,79,98,0.0,0.0,10.5,76,10.42,1.77,986.2,9.0,242.0,31.3181,75.62575
PB-JLD,2023-12-13,13.1,20.0,6.7,78,100,0.0,0.0,11.7,338,10.43,1.81,988.1,9.1,242.0,31.3181,75.62575
PB-JLD,2023-12-14,12.1,19.9,6.6,83,98,0.0,0.0,10.5,306,10.35,1.77,988.5,8.8,242.0,31.3181,75.62575
PB-JLD,2023-12-15,12.6,19.2,8.5,81,99,0.0,0.0,10.7,313,8.98,1.54,989.7,9.1,242.0,31.3181,75.62575
PB-JLD,2023-12-16,12.5,19.1,7.7,83,99,0.0,0.0,10.3,333,10.38,1.72,988.6,9.5,242.0,31.3181,75.62575
PB-JLD,2023-12-17,12.3,19.4,7.3,79,94,0.0,0.0,11.4,310,10.38,1.81,989.8,8.5,242.0,31.3181,75.62575
PB-JLD,2023-12-18,10.8,18.4,5.3,87,100,0.0,0.0,11.6,295,10.08,1.56,991.1,8.4,242.0,31.3181,75.62575
PB-JLD,2023-12-19,10.7,18.6,5.3,86,100,0.0,0.0,10.2,296,10.23,1.63,990.8,8.1,242.0,31.3181,75.62575
PB-JLD,2023-12-20,11.1,18.3,5.6,83,100,0.0,0.0,9.7,289,10.18,1.61,990.3,8.0,242.0,31.3181,75.62575
PB-JLD,2023-12-21,11.5,19.0,5.0,84,100,0.0,0.0,7.1,83,10.57,1.65,989.2,8.6,242.0,31.3181,75.62575
PB-JLD,2023-12-22,11.1,18.2,4.5,90,100,0.0,0.0,10.5,43,8.94,1.41,988.9,9.3,242.0,31.3181,75.62575
PB-JLD,2023-12-23,13.9,21.7,7.2,83,100,0.0,0.0,13.9,60,9.57,1.7,991.3,10.6,242.0,31.3181,75.62575
PB-JLD,2023-12-24,13.2,20.5,7.1,85,100,0.0,0.0,11.2,339,8.66,1.52,992.7,10.5,242.0,31.3181,75.62575
PB-JLD,2023-12-25,13.2,19.3,9.1,82,100,0.0,0.0,11.1,297,9.85,1.59,990.5,9.9,242.0,31.3181,75.62575
PB-JLD,2023-12-26,13.0,20.3,6.5,84,100,0.0,0.0,7.3,347,9.87,1.63,990.1,10.0,242.0,31.3181,75.62575
PB-JLD,2023-12-27,11.2,19.6,5.4,89,100,0.0,0.0,10.8,304,9.96,1.6,991.6,9.3,242.0,31.3181,75.62575
PB-JLD,2023-12-28,11.5,17.4,7.7,94,100,0.0,0.0,9.0,187,7.65,1.16,990.2,10.5,242.0,31.3181,75.62575
PB-JLD,2023-12-29,10.9,17.5,7.9,94,100,0.0,0.0,10.8,342,8.66,1.32,991.3,9.8,242.0,31.3181,75.62575
PB-JLD,2023-12-30,10.8,16.8,8.1,93,100,0.0,0.0,8.9,299,8.23,1.23,990.1,9.6,242.0,31.3181,75.62575
PB-JLD,2023-12-31,10.3,15.5,7.7,93,100,0.0,0.0,7.8,291,7.97,1.17,990.0,9.2,242.0,31.3181,75.62575
