site_id,date,temperature_2m_mean,temperature_2m_max,temperature_2m_min,relative_humidity_2m_mean,relative_humidity_2m_max,precipitation_sum,rain_sum,wind_speed_10m_max,wind_direction_10m_dominant,shortwave_radiation_sum,et0_fao_evapotranspiration,surface_pressure_mean,dew_point_2m_mean,elevation_m,lat,lon
RJ-KOT,2020-12-01,19.6,27.1,12.8,62,95,0.0,0.0,10.8,35,14.91,3.16,987.1,11.5,257.0,25.202108,75.90713
RJ-KOT,2020-12-02,20.3,27.7,12.6,59,95,0.0,0.0,9.7,13,14.92,3.1,985.9,11.0,257.0,25.202108,75.90713
RJ-KOT,2020-12-03,20.1,28.6,12.9,56,89,0.0,0.0,9.4,164,15.02,3.29,984.5,10.2,257.0,25.202108,75.90713
RJ-KOT,2020-12-04,21.2,29.7,14.6,51,74,0.0,0.0,11.2,173,14.78,3.38,982.9,10.0,257.0,25.202108,75.90713
RJ-KOT,2020-12-05,22.2,30.1,16.2,50,72,0.0,0.0,10.5,44,14.6,3.52,983.1,10.8,257.0,25.202108,75.90713
RJ-KOT,2020-12-06,21.9,29.1,15.3,55,79,0.0,0.0,8.7,329,14.49,3.39,985.4,11.7,257.0,25.202108,75.90713
RJ-KOT,2020-12-07,20.8,28.8,14.0,63,92,0.0,0.0,9.6,22,14.34,3.12,987.0,12.9,257.0,25.202108,75.90713
RJ-KOT,2020-12-08,21.7,30.3,15.4,60,86,0.0,0.0,9.9,126,14.37,3.3,986.6,12.8,257.0,25.202108,75.90713
RJ-KOT,2020-12-09,22.1,30.4,15.3,52,81,0.0,0.0,10.2,156,14.43,3.44,985.0,11.0,257.0,25.202108,75.90713
RJ-KOT,2020-12-10,21.5,29.6,15.5,51,74,0.0,0.0,10.1,116,14.33,3.41,984.0,10.5,257.0,25.202108,75.90713
RJ-KOT,2020-12-11,19.8,21.9,18.1,79,94,10.8,10.8,16.8,163,2.88,1.11,984.8,15.7,257.0,25.202108,75.90713
RJ-KOT,2020-12-12,20.4,25.7,16.5,76,95,0.1,0.1,9.0,136,12.42,2.46,984.7,15.6,257.0,25.202108,75.90713
RJ-KOT,2020-12-13,19.1,23.4,15.7,79,98,0.6,0.6,11.2,53,9.66,2.08,984.3,15.0,257.0,25.202108,75.90713
RJ-KOT,2020-12-14,17.7,21.3,15.2,65,83,0.2,0.2,12.4,49,6.79,2.1,985.1,10.9,257.0,25.202108,75.90713
RJ-KOT,2020-12-15,17.9,22.1,13.8,64,82,0.0,0.0,13.0,57,9.04,2.38,986.9,11.0,257.0,25.202108,75.90713
RJ-KOT,2020-12-16,16.2,22.3,11.6,66,89,0.0,0.0,11.7,46,14.09,2.88,989.2,9.3,257.0,25.202108,75.90713
RJ-KOT,2020-12-17,14.1,20.1,9.4,66,93,0.0,0.0,11.2,24,14.64,2.65,989.7,7.3,257.0,25.202108,75.90713
RJ-KOT,2020-12-18,13.0,19.9,6.9,55,89,0.0,0.0,11.9,352,15.09,2.71,988.8,3.2,257.0,25.202108,75.90713
RJ-KOT,2020-12-19,14.8,21.8,9.0,51,74,0.0,0.0,9.5,45,14.89,2.8,989.2,4.1,257.0,25.202108,75.90713
RJ-KOT,2020-12-20,16.6,23.3,9.1,50,83,0.0,0.0,8.4,30,14.33,2.72,989.4,5.6,257.0,25.202108,75.90713
RJ-KOT,2020-12-21,16.8,23.9,12.1,52,71,0.0,0.0,9.3,355,14.73,2.91,987.3,6.3,257.0,25.202108,75.90713
RJ-KOT,2020-12-22,17.1,23.5,9.1,55,94,0.0,0.0,8.0,80,12.32,2.5,985.6,7.4,257.0,25.202108,75.90713
RJ-KOT,2020-12-23,16.8,24.6,9.2,61,98,0.0,0.0,10.8,72,14.44,2.89,984.1,8.6,257.0,25.202108,75.90713
RJ-KOT,2020-12-24,17.3,25.0,10.4,64,96,0.0,0.0,12.8,58,14.33,2.94,984.2,9.7,257.0,25.202108,75.90713
RJ-KOT,2020-12-25,16.7,24.4,10.7,61,86,0.0,0.0,10.5,84,14.52,3.02,985.9,8.5,257.0,25.202108,75.90713
RJ-KOT,2020-12-26,17.0,25.3,10.3,60,85,0.0,0.0,10.9,103,14.48,3.04,985.4,8.5,257.0,25.202108,75.90713
RJ-KOT,2020-12-27,17.7,26.0,11.5,60,82,0.0,0.0,15.4,333,14.34,3.24,983.1,9.3,257.0,25.202108,75.90713
RJ-KOT,2020-12-28,13.1,19.5,7.5,38,58,0.0,0.0,14.3,352,15.33,3.4,986.0,-1.6,257.0,25.202108,75.90713
RJ-KOT,2020-12-29,12.3,19.3,5.5,54,90,0.0,0.0,11.9,36,15.16,2.89,986.9,2.5,257.0,25.202108,75.90713
RJ-KOT,2020-12-30,11.9,19.3,5.5,61,93,0.0,0.0,11.7,37,14.83,2.77,987.9,3.8,257.0,25.202108,75.90713
RJ-KOT,2020-12-31,12.4,19.9,6.1,61,90,0.0,0.0,11.1,40,14.53,2.72,987.5,4.5,257.0,25.202108,75.90713
RJ-KOT,2021-01-01,17.0,25.5,10.1,64,78,0.0,0.0,10.8,83,12.73,2.77,985.1,9.8,257.0,25.202108,75.90713
RJ-KOT,2021-01-02,19.5,24.8,16.0,75,93,6.2,6.2,9.2,132,8.99,2.01,984.1,14.8,257.0,25.202108,75.90713
RJ-KOT,2021-01-03,19.4,22.8,17.4,91,98,25.6,25.6,10.9,171,8.93,1.65,982.9,17.8,257.0,25.202108,75.90713
RJ-KOT,2021-01-04,19.9,25.3,16.5,81,99,8.3,8.3,16.2,133,12.46,2.65,983.4,16.3,257.0,25.202108,75.90713
RJ-KOT,2021-01-05,20.0,25.4,16.0,77,92,2.0,2.0,15.7,153,10.55,2.35,983.7,15.7,257.0,25.202108,75.90713
RJ-KOT,2021-01-06,18.1,22.9,13.8,75,90,0.3,0.3,12.0,315,11.83,2.46,984.8,13.5,257.0,25.202108,75.90713
RJ-KOT,2021-01-07,16.6,21.5,11.7,87,95,0.7,0.7,9.0,2,7.2,1.41,984.2,14.3,257.0,25.202108,75.90713
RJ-KOT,2021-01-08,18.3,22.8,15.6,89,97,10.4,10.4,15.8,65,8.51,1.58,982.7,16.4,257.0,25.202108,75.90713
RJ-KOT,2021-01-09,18.5,22.0,15.9,89,97,0.5,0.5,12.7,17,6.1,1.27,984.0,16.5,257.0,25.202108,75.90713
RJ-KOT,2021-01-10,18.4,21.2,15.6,86,95,0.0,0.0,9.4,3,8.04,1.61,985.0,15.8,257.0,25.202108,75.90713
RJ-KOT,2021-01-11,15.4,20.7,11.2,83,100,0.0,0.0,10.2,351,15.13,2.44,986.2,12.4,257.0,25.202108,75.90713
RJ-KOT,2021-01-12,14.1,20.2,7.3,69,98,0.0,0.0,8.4,342,16.04,2.66,986.9,7.8,257.0,25.202108,75.90713
RJ-KOT,2021-01-13,13.7,20.2,6.3,64,93,0.0,0.0,8.9,348,16.15,2.72,985.9,6.6,257.0,25.202108,75.90713
RJ-KOT,2021-01-14,14.6,21.5,10.1,67,85,0.0,0.0,11.8,78,16.03,2.82,985.0,8.1,257.0,25.202108,75.90713
RJ-KOT,2021-01-15,14.6,22.0,8.6,70,94,0.0,0.0,11.7,59,15.98,2.83,983.3,8.7,257.0,25.202108,75.90713
RJ-KOT,2021-01-16,15.7,23.3,9.2,72,97,0.0,0.0,11.0,41,15.58,2.87,982.1,10.1,257.0,25.202108,75.90713
RJ-KOT,2021-01-17,19.0,26.1,12.0,68,93,0.0,0.0,15.9,79,14.21,3.17,982.0,12.7,257.0,25.202108,75.90713
RJ-KOT,2021-01-18,20.1,26.1,15.4,72,92,0.0,0.0,12.5,71,13.69,2.99,983.2,14.7,257.0,25.202108,75.90713
RJ-KOT,2021-01-19,17.0,23.8,12.2,81,98,0.0,0.0,8.7,1,15.78,2.76,983.6,13.4,257.0,25.202108,75.90713
RJ-KOT,2021-01-20,16.8,23.7,10.9,75,100,0.0,0.0,8.9,264,16.15,2.85,984.5,11.7,257.0,25.202108,75.90713
RJ-KOT,2021-01-21,16.4,25.3,9.1,66,93,0.0,0.0,9.7,253,16.55,3.13,983.9,9.4,257.0,25.202108,75.90713
RJ-KOT,2021-01-22,18.1,26.8,11.9,56,79,0.0,0.0,11.8,147,16.53,3.63,983.2,8.4,257.0,25.202108,75.90713
RJ-KOT,2021-01-23,18.8,26.8,11.7,62,83,0.0,0.0,12.6,277,16.26,3.24,981.9,11.1,257.0,25.202108,75.90713
RJ-KOT,2021-01-24,15.7,22.1,11.1,51,81,0.0,0.0,13.4,340,17.1,3.68,985.2,5.0,257.0,25.202108,75.90713
RJ-KOT,2021-01-25,12.8,19.8,7.6,66,90,0.0,0.0,10.7,2,17.18,2.96,987.3,6.0,257.0,25.202108,75.90713
RJ-KOT,2021-01-26,12.7,19.5,6.6,70,99,0.0,0.0,10.7,39,17.33,2.89,987.2,6.8,257.0,25.202108,75.90713
RJ-KOT,2021-01-27,12.8,19.4,8.5,71,93,0.0,0.0,12.0,57,17.39,2.88,987.0,7.2,257.0,25.202108,75.90713
RJ-KOT,2021-01-28,13.3,20.1,8.7,68,84,0.0,0.0,11.7,48,17.51,3.04,987.2,6.9,257.0,25.202108,75.90713
RJ-KOT,2021-01-29,13.2,20.4,6.8,69,98,0.0,0.0,11.7,57,17.64,3.04,988.3,6.9,257.0,25.202108,75.90713
RJ-KOT,2021-01-30,13.6,21.5,8.1,60,84,0.0,0.0,11.1,124,17.88,3.2,987.2,5.2,257.0,25.202108,75.90713
RJ-KOT,2021-01-31,14.8,23.4,7.1,53,82,0.0,0.0,12.8,127,17.96,3.52,986.8,4.2,257.0,25.202108,75.90713
RJ-KOT,2021-02-01,16.4,25.1,9.6,50,74,0.0,0.0,10.9,120,17.74,3.51,988.4,5.3,257.0,25.202108,75.90713
RJ-KOT,2021-02-02,18.1,28.0,9.8,54,82,0.0,0.0,11.4,149,17.73,3.78,986.9,7.8,257.0,25.202108,75.90713
RJ-KOT,2021-02-03,19.2,28.0,12.1,53,83,0.0,0.0,11.2,256,16.86,3.62,985.1,8.6,257.0,25.202108,75.90713
RJ-KOT,2021-02-04,19.9,27.2,13.9,50,77,0.1,0.1,15.3,262,14.61,3.73,984.7,8.6,257.0,25.202108,75.90713
RJ-KOT,2021-02-05,16.8,23.3,11.9,60,96,0.0,0.0,12.1,5,18.17,3.65,986.8,8.1,257.0,25.202108,75.90713
RJ-KOT,2021-02-06,15.6,22.6,9.5,64,94,0.0,0.0,10.2,350,18.27,3.36,988.0,8.3,257.0,25.202108,75.90713
RJ-KOT,2021-02-07,16.3,23.0,7.9,57,91,0.0,0.0,7.1,318,18.72,3.28,988.4,7.0,257.0,25.202108,75.90713
RJ-KOT,2021-02-08,17.9,24.5,9.0,54,86,0.0,0.0,9.8,115,18.7,3.41,988.0,7.9,257.0,25.202108,75.90713
RJ-KOT,2021-02-09,19.3,27.2,11.6,54,79,0.0,0.0,8.7,172,17.87,3.53,985.1,9.2,257.0,25.202108,75.90713
RJ-KOT,2021-02-10,19.2,27.8,12.2,54,85,0.0,0.0,11.1,298,18.8,4.04,983.1,8.6,257.0,25.202108,75.90713
RJ-KOT,2021-02-11,19.3,27.8,11.8,50,78,0.0,0.0,11.5,32,18.88,4.03,983.4,7.6,257.0,25.202108,75.90713
RJ-KOT,2021-02-12,18.8,27.2,11.1,55,88,0.0,0.0,12.2,51,18.84,3.97,984.1,8.8,257.0,25.202108,75.90713
RJ-KOT,2021-02-13,19.9,28.3,12.8,53,78,0.0,0.0,12.3,84,18.75,4.08,984.2,9.4,257.0,25.202108,75.90713
RJ-KOT,2021-02-14,20.9,29.3,13.6,52,82,0.0,0.0,11.3,68,19.09,4.23,983.8,9.9,257.0,25.202108,75.90713
RJ-KOT,2021-02-15,21.3,29.2,15.4,54,76,0.0,0.0,10.4,104,17.43,3.84,982.3,10.7,257.0,25.202108,75.90713
RJ-KOT,2021-02-16,21.3,29.6,14.8,46,68,0.0,0.0,12.6,311,19.33,4.74,981.6,7.9,257.0,25.202108,75.90713
RJ-KOT,2021-02-17,20.6,28.5,13.5,54,94,0.0,0.0,9.2,23,18.74,4.15,983.5,9.5,257.0,25.202108,75.90713
RJ-KOT,2021-02-18,20.4,28.3,13.3,49,80,0.0,0.0,11.8,59,19.84,4.53,986.0,8.1,257.0,25.202108,75.90713
RJ-KOT,2021-02-19,20.4,27.9,14.0,47,81,0.0,0.0,10.8,40,19.98,4.53,988.5,7.7,257.0,25.202108,75.90713
RJ-KOT,2021-02-20,20.5,28.2,14.4,44,75,0.0,0.0,11.4,63,20.32,4.64,988.6,6.6,257.0,25.202108,75.90713
RJ-KOT,2021-02-21,20.9,28.7,14.5,47,76,0.0,0.0,10.6,47,20.36,4.25,987.7,8.0,257.0,25.202108,75.90713
RJ-KOT,2021-02-22,21.3,30.6,12.5,41,74,0.0,0.0,12.0,141,20.61,4.8,986.1,5.9,257.0,25.202108,75.90713
RJ-KOT,2021-02-23,22.3,31.4,14.1,37,63,0.0,0.0,12.0,255,20.68,4.78,983.8,5.6,257.0,25.202108,75.90713
RJ-KOT,2021-02-24,23.4,31.7,15.0,34,51,0.0,0.0,11.5,296,20.69,4.65,982.2,5.4,257.0,25.202108,75.90713
RJ-KOT,2021-02-25,24.6,32.9,17.2,35,60,0.0,0.0,15.0,295,20.67,5.81,981.7,6.7,257.0,25.202108,75.90713
RJ-KOT,2021-02-26,24.9,33.9,16.0,34,58,0.0,0.0,17.4,272,20.88,5.77,979.9,6.5,257.0,25.202108,75.90713
RJ-KOT,2021-02-27,27.2,35.6,20.4,36,57,0.0,0.0,21.8,269,18.0,6.39,978.9,9.7,257.0,25.202108,75.90713
RJ-KOT,2021-02-28,24.9,32.6,18.8,36,55,0.0,0.0,13.8,295,20.22,5.52,980.5,8.2,257.0,25.202108,75.90713
RJ-KOT,2021-03-01,23.9,32.1,16.8,35,55,0.0,0.0,15.5,339,21.43,5.54,983.7,6.2,257.0,25.202108,75.90713
RJ-KOT,2021-03-02,22.9,30.3,15.3,37,73,0.0,0.0,11.0,15,21.74,4.85,985.6,6.0,257.0,25.202108,75.90713
RJ-KOT,2021-03-03,24.0,32.3,15.1,34,63,0.0,0.0,10.6,122,21.7,4.65,983.6,6.0,257.0,25.202108,75.90713
RJ-KOT,2021-03-04,24.8,34.0,17.3,30,61,0.0,0.0,10.7,290,22.12,5.61,982.2,3.9,257.0,25.202108,75.90713
RJ-KOT,2021-03-05,25.3,33.5,18.2,24,37,0.0,0.0,18.3,309,22.48,6.64,983.1,1.9,257.0,25.202108,75.90713
RJ-KOT,2021-03-06,26.0,35.7,17.4,26,53,0.0,0.0,15.3,266,21.94,6.22,982.2,3.6,257.0,25.202108,75.90713
RJ-KOT,2021-03-07,28.7,36.3,20.9,25,43,0.0,0.0,21.4,230,21.82,7.78,980.6,6.1,257.0,25.202108,75.90713
RJ-KOT,2021-03-08,29.3,36.1,23.9,24,36,0.0,0.0,18.1,243,21.46,7.96,981.2,6.2,257.0,25.202108,75.90713
RJ-KOT,2021-03-09,28.2,35.8,20.7,24,42,0.0,0.0,18.0,256,22.05,6.87,982.2,4.6,257.0,25.202108,75.90713
RJ-KOT,2021-03-10,27.5,34.5,19.7,28,44,0.0,0.0,10.6,309,21.14,6.08,982.4,6.4,257.0,25.202108,75.90713
RJ-KOT,2021-03-11,27.3,35.1,19.3,32,55,0.0,0.0,18.8,166,20.17,6.05,982.7,7.9,257.0,25.202108,75.90713
RJ-KOT,2021-03-12,25.8,32.6,21.2,43,59,0.3,0.3,18.6,160,16.57,5.19,984.5,11.6,257.0,25.202108,75.90713
RJ-KOT,2021-03-13,24.7,32.8,16.6,49,94,0.0,0.0,12.2,95,22.65,5.24,985.6,11.2,257.0,25.202108,75.90713
RJ-KOT,2021-03-14,26.4,34.5,18.5,39,69,0.0,0.0,10.6,198,22.45,5.76,982.8,9.8,257.0,25.202108,75.90713
RJ-KOT,2021-03-15,27.2,34.4,19.3,34,58,0.0,0.0,9.3,89,19.32,5.05,981.8,9.0,257.0,25.202108,75.90713
RJ-KOT,2021-03-16,27.7,34.7,20.5,33,56,0.0,0.0,11.8,56,20.95,5.44,982.1,8.6,257.0,25.202108,75.90713
RJ-KOT,2021-03-17,28.2,35.1,19.7,29,54,0.0,0.0,12.1,191,19.57,5.78,981.1,7.5,257.0,25.202108,75.90713
RJ-KOT,2021-03-18,28.9,35.5,22.9,27,40,0.0,0.0,16.9,157,16.92,6.12,980.6,7.3,257.0,25.202108,75.90713
RJ-KOT,2021-03-19,27.8,34.5,22.2,34,61,0.0,0.0,18.9,189,20.02,6.05,980.6,9.0,257.0,25.202108,75.90713
RJ-KOT,2021-03-20,27.4,34.9,20.0,32,62,0.0,0.0,11.5,299,21.62,6.08,979.5,8.0,257.0,25.202108,75.90713
RJ-KOT,2021-03-21,28.6,35.7,22.5,27,45,0.0,0.0,9.9,195,21.75,5.84,978.8,6.9,257.0,25.202108,75.90713
RJ-KOT,2021-03-22,28.9,36.5,21.4,26,42,0.0,0.0,13.3,300,22.89,6.55,981.0,6.0,257.0,25.202108,75.90713
RJ-KOT,2021-03-23,28.9,36.5,21.1,31,55,0.0,0.0,21.1,115,21.64,6.71,982.6,8.0,257.0,25.202108,75.90713
RJ-KOT,2021-03-24,27.5,34.5,20.7,34,62,0.0,0.0,15.9,318,22.34,6.42,983.5,8.6,257.0,25.202108,75.90713
RJ-KOT,2021-03-25,26.2,33.6,19.0,26,49,0.0,0.0,14.8,344,24.49,6.59,984.2,3.8,257.0,25.202108,75.90713
RJ-KOT,2021-03-26,26.2,34.6,17.3,29,49,0.0,0.0,10.7,314,24.12,6.2,982.7,5.4,257.0,25.202108,75.90713
RJ-KOT,2021-03-27,28.6,38.0,19.9,27,48,0.0,0.0,12.9,291,24.06,6.89,980.2,6.2,257.0,25.202108,75.90713
RJ-KOT,2021-03-28,29.9,39.3,21.6,19,31,0.0,0.0,15.3,311,24.43,7.37,978.2,3.1,257.0,25.202108,75.90713
RJ-KOT,2021-03-29,31.8,40.9,22.4,16,29,0.0,0.0,18.4,263,24.65,8.67,976.6,2.0,257.0,25.202108,75.90713
RJ-KOT,2021-03-30,33.0,41.0,27.0,14,22,0.0,0.0,32.7,277,24.53,11.21,974.6,1.6,257.0,25.202108,75.90713
RJ-KOT,2021-03-31,31.7,39.6,23.7,12,27,0.0,0.0,28.0,291,25.21,10.27,974.1,-2.4,257.0,25.202108,75.90713
RJ-KOT,2021-04-01,28.5,37.1,20.0,11,20,0.0,0.0,14.8,297,25.89,7.38,975.2,-5.8,257.0,25.202108,75.90713
RJ-KOT,2021-04-02,28.2,37.0,18.5,13,25,0.0,0.0,12.6,331,25.67,7.33,976.3,-4.4,257.0,25.202108,75.90713
RJ-KOT,2021-04-03,28.9,37.6,19.3,16,32,0.0,0.0,13.0,68,25.31,7.1,978.2,-1.4,257.0,25.202108,75.90713
RJ-KOT,2021-04-04,29.8,38.9,20.2,16,31,0.0,0.0,11.7,118,25.39,7.27,979.8,-0.8,257.0,25.202108,75.90713
RJ-KOT,2021-04-05,32.9,40.5,24.9,16,24,0.0,0.0,17.3,271,23.54,7.86,979.1,3.3,257.0,25.202108,75.90713
RJ-KOT,2021-04-06,33.7,40.9,26.4,16,26,0.0,0.0,21.2,249,24.17,9.22,978.3,3.8,257.0,25.202108,75.90713
RJ-KOT,2021-04-07,32.2,38.9,26.0,20,27,0.0,0.0,22.0,315,23.46,8.17,979.5,6.2,257.0,25.202108,75.90713
RJ-KOT,2021-04-08,30.4,37.4,23.2,22,36,0.0,0.0,13.1,6,25.08,7.09,978.6,5.4,257.0,25.202108,75.90713
RJ-KOT,2021-04-09,30.4,37.7,22.3,20,36,0.0,0.0,14.5,38,24.69,7.36,979.2,3.5,257.0,25.202108,75.90713
RJ-KOT,2021-04-10,30.7,38.6,22.0,17,30,0.0,0.0,11.5,65,25.29,7.39,980.7,1.0,257.0,25.202108,75.90713
RJ-KOT,2021-04-11,30.7,38.4,21.9,16,27,0.0,0.0,25.0,106,21.61,7.58,981.2,1.3,257.0,25.202108,75.90713
RJ-KOT,2021-04-12,31.3,39.3,22.8,20,38,0.0,0.0,10.4,105,25.11,6.84,982.0,3.1,257.0,25.202108,75.90713
RJ-KOT,2021-04-13,31.3,39.8,23.0,13,24,0.0,0.0,12.5,255,25.68,7.28,980.8,-1.3,257.0,25.202108,75.90713
RJ-KOT,2021-04-14,31.8,38.8,24.0,16,30,0.0,0.0,22.6,275,20.83,8.59,980.2,2.3,257.0,25.202108,75.90713
RJ-KOT,2021-04-15,32.6,38.7,27.3,17,27,0.0,0.0,16.3,244,23.18,8.06,979.6,4.2,257.0,25.202108,75.90713
RJ-KOT,2021-04-16,32.7,39.0,26.9,19,26,0.1,0.1,19.3,261,21.17,8.21,978.2,5.7,257.0,25.202108,75.90713
RJ-KOT,2021-04-17,31.5,37.0,25.9,26,45,0.0,0.0,17.5,291,22.89,7.55,980.1,8.8,257.0,25.202108,75.90713
RJ-KOT,2021-04-18,31.2,38.6,23.4,23,39,0.0,0.0,11.4,347,24.63,7.13,981.4,6.1,257.0,25.202108,75.90713
RJ-KOT,2021-04-19,32.7,39.7,23.5,18,32,0.0,0.0,19.1,275,22.86,7.95,978.0,3.8,257.0,25.202108,75.90713
RJ-KOT,2021-04-20,33.1,39.2,26.3,18,26,0.0,0.0,20.4,261,18.78,8.61,976.1,5.5,257.0,25.202108,75.90713
RJ-KOT,2021-04-21,30.9,36.1,26.5,22,33,0.0,0.0,25.6,294,24.2,8.65,979.3,6.4,257.0,25.202108,75.90713
RJ-KOT,2021-04-22,29.6,36.8,21.6,23,39,0.0,0.0,13.2,333,25.75,6.72,980.5,5.4,257.0,25.202108,75.90713
RJ-KOT,2021-04-23,32.8,39.5,23.9,20,40,0.0,0.0,21.2,223,24.15,8.53,978.4,5.1,257.0,25.202108,75.90713
RJ-KOT,2021-04-24,30.6,36.9,24.6,21,41,0.0,0.0,17.2,340,24.31,8.03,980.1,4.1,257.0,25.202108,75.90713
RJ-KOT,2021-04-25,29.7,38.1,21.2,17,32,0.0,0.0,14.8,355,26.55,7.6,980.8,0.9,257.0,25.202108,75.90713
RJ-KOT,2021-04-26,30.9,39.7,21.7,14,33,0.0,0.0,12.6,339,26.27,7.66,979.0,-2.0,257.0,25.202108,75.90713
RJ-KOT,2021-04-27,32.1,41.1,22.2,11,30,0.0,0.0,11.5,336,26.53,7.16,978.5,-3.5,257.0,25.202108,75.90713
RJ-KOT,2021-04-28,33.4,41.7,24.8,11,19,0.0,0.0,12.9,315,26.0,8.2,979.0,-1.8,257.0,25.202108,75.90713
RJ-KOT,2021-04-29,33.9,41.5,26.3,14,24,0.0,0.0,16.3,307,24.7,7.91,978.5,1.5,257.0,25.202108,75.90713
RJ-KOT,2021-04-30,34.6,42.1,26.7,16,29,0.0,0.0,27.2,285,23.26,8.42,977.0,4.1,257.0,25.202108,75.90713
RJ-KOT,2021-05-01,34.4,40.6,28.3,19,27,0.0,0.0,13.7,310,22.77,7.16,977.3,6.8,257.0,25.202108,75.90713
RJ-KOT,2021-05-02,32.4,35.9,28.7,26,37,0.0,0.0,16.3,263,15.95,6.12,979.0,10.4,257.0,25.202108,75.90713
RJ-KOT,2021-05-03,32.0,37.0,26.1,26,39,0.0,0.0,23.5,267,20.62,6.44,977.9,9.4,257.0,25.202108,75.90713
RJ-KOT,2021-05-04,33.5,39.7,26.3,20,30,0.0,0.0,24.1,248,22.26,8.71,976.7,7.1,257.0,25.202108,75.90713
RJ-KOT,2021-05-05,34.1,39.8,26.7,19,32,0.0,0.0,17.6,287,24.16,8.85,976.5,6.6,257.0,25.202108,75.90713
RJ-KOT,2021-05-06,34.9,41.3,27.6,16,25,0.0,0.0,24.9,272,23.51,9.23,976.5,5.1,257.0,25.202108,75.90713
RJ-KOT,2021-05-07,33.2,39.3,26.5,33,59,0.0,0.0,21.6,11,23.57,7.26,978.6,13.3,257.0,25.202108,75.90713
RJ-KOT,2021-05-08,34.0,39.3,27.7,27,45,0.0,0.0,10.7,221,21.19,6.44,977.4,11.4,257.0,25.202108,75.90713
RJ-KOT,2021-05-09,33.5,38.5,27.6,28,48,0.0,0.0,18.1,131,20.79,6.65,975.9,12.0,257.0,25.202108,75.90713
RJ-KOT,2021-05-10,34.3,40.7,28.8,28,45,0.0,0.0,27.1,178,20.68,7.16,974.8,12.3,257.0,25.202108,75.90713
RJ-KOT,2021-05-11,34.2,39.8,28.4,27,43,0.0,0.0,22.7,278,21.85,8.15,974.8,12.0,257.0,25.202108,75.90713
RJ-KOT,2021-05-12,32.9,39.0,28.2,31,44,0.0,0.0,28.4,301,19.53,7.19,973.4,13.2,257.0,25.202108,75.90713
RJ-KOT,2021-05-13,32.9,38.7,27.8,33,50,0.0,0.0,20.3,151,20.19,6.58,973.2,13.7,257.0,25.202108,75.90713
RJ-KOT,2021-05-14,33.9,39.2,27.9,27,41,0.0,0.0,17.6,35,21.12,6.63,973.2,11.8,257.0,25.202108,75.90713
RJ-KOT,2021-05-15,34.7,41.6,27.6,28,48,0.0,0.0,22.9,104,22.74,7.83,973.5,12.0,257.0,25.202108,75.90713
RJ-KOT,2021-05-16,34.4,41.1,28.2,36,66,0.2,0.2,23.8,107,20.45,8.12,975.3,16.5,257.0,25.202108,75.90713
RJ-KOT,2021-05-17,27.0,29.9,25.4,77,92,7.4,7.4,19.1,85,6.98,2.47,977.4,22.5,257.0,25.202108,75.90713
RJ-KOT,2021-05-18,26.1,31.9,23.7,80,94,20.7,20.7,21.3,60,13.01,3.33,975.6,22.1,257.0,25.202108,75.90713
RJ-KOT,2021-05-19,25.9,29.1,23.9,82,96,18.2,18.2,27.2,189,8.26,2.7,970.9,22.4,257.0,25.202108,75.90713
RJ-KOT,2021-05-20,26.9,33.0,21.9,66,84,0.0,0.0,20.8,299,24.35,5.85,974.3,19.4,257.0,25.202108,75.90713
RJ-KOT,2021-05-21,30.4,36.8,25.3,56,72,0.0,0.0,18.9,232,23.95,6.48,975.3,20.1,257.0,25.202108,75.90713
RJ-KOT,2021-05-22,30.4,36.2,25.1,56,75,0.0,0.0,15.4,283,23.55,6.2,975.5,20.1,257.0,25.202108,75.90713
RJ-KOT,2021-05-23,29.9,35.5,24.8,53,72,0.0,0.0,15.9,295,24.7,6.55,976.9,18.8,257.0,25.202108,75.90713
RJ-KOT,2021-05-24,30.3,37.2,23.8,46,71,0.0,0.0,15.6,318,24.91,6.97,977.5,16.2,257.0,25.202108,75.90713
RJ-KOT,2021-05-25,32.1,38.8,25.7,37,56,0.0,0.0,18.4,311,25.27,7.78,974.3,14.8,257.0,25.202108,75.90713
RJ-KOT,2021-05-26,33.5,40.2,25.9,32,49,0.0,0.0,20.0,313,22.22,7.9,971.8,13.7,257.0,25.202108,75.90713
RJ-KOT,2021-05-27,34.1,40.2,27.2,40,64,0.0,0.0,20.5,281,21.83,7.45,972.0,18.0,257.0,25.202108,75.90713
RJ-KOT,2021-05-28,35.1,41.6,29.5,39,59,0.0,0.0,15.6,282,23.07,8.18,972.9,18.0,257.0,25.202108,75.90713
RJ-KOT,2021-05-29,35.7,41.1,30.8,41,60,0.0,0.0,19.9,266,22.46,8.44,974.3,19.5,257.0,25.202108,75.90713
RJ-KOT,2021-05-30,35.5,41.0,30.5,40,62,0.0,0.0,19.8,259,23.78,9.03,974.3,19.1,257.0,25.202108,75.90713
RJ-KOT,2021-05-31,34.9,40.2,28.7,38,67,0.0,0.0,23.5,250,23.54,9.13,972.3,17.7,257.0,25.202108,75.90713
RJ-KOT,2021-06-01,34.0,40.4,29.5,42,59,0.0,0.0,20.6,233,23.93,8.27,973.4,18.5,257.0,25.202108,75.90713
RJ-KOT,2021-06-02,32.9,40.0,29.2,44,65,0.0,0.0,19.4,287,23.2,7.02,975.6,18.6,257.0,25.202108,75.90713
RJ-KOT,2021-06-03,33.2,38.9,27.7,45,75,0.0,0.0,16.4,280,21.55,6.3,976.2,18.4,257.0,25.202108,75.90713
RJ-KOT,2021-06-04,32.1,36.2,28.2,48,62,1.4,1.4,20.3,280,21.18,6.25,976.6,19.5,257.0,25.202108,75.90713
RJ-KOT,2021-06-05,31.9,36.2,28.5,51,62,0.3,0.3,18.4,250,18.15,5.6,975.9,20.1,257.0,25.202108,75.90713
RJ-KOT,2021-06-06,32.5,36.5,28.8,50,66,0.2,0.2,26.2,235,17.05,5.99,975.8,20.5,257.0,25.202108,75.90713
RJ-KOT,2021-06-07,34.5,39.5,29.2,44,66,0.0,0.0,19.8,262,20.51,8.11,974.5,19.6,257.0,25.202108,75.90713
RJ-KOT,2021-06-08,35.7,40.7,30.7,39,56,0.0,0.0,20.7,265,22.98,9.02,972.8,19.1,257.0,25.202108,75.90713
RJ-KOT,2021-06-09,35.6,40.6,30.7,39,57,0.0,0.0,22.4,255,23.21,8.99,971.1,19.1,257.0,25.202108,75.90713
RJ-KOT,2021-06-10,36.2,41.4,30.6,36,58,0.0,0.0,26.8,271,23.25,9.66,969.8,17.6,257.0,25.202108,75.90713
RJ-KOT,2021-06-11,35.7,40.7,30.1,40,64,0.0,0.0,25.5,271,23.73,8.94,969.3,19.1,257.0,25.202108,75.90713
RJ-KOT,2021-06-12,36.3,41.6,30.3,38,64,0.0,0.0,23.3,271,24.33,9.05,969.7,18.7,257.0,25.202108,75.90713
RJ-KOT,2021-06-13,35.6,40.5,32.3,42,52,0.0,0.0,19.9,296,21.52,7.47,970.2,20.3,257.0,25.202108,75.90713
RJ-KOT,2021-06-14,35.3,40.2,30.1,42,66,0.0,0.0,20.6,285,21.14,7.37,968.9,20.0,257.0,25.202108,75.90713
RJ-KOT,2021-06-15,34.9,38.8,30.9,42,57,0.0,0.0,22.7,255,20.58,8.27,966.9,19.6,257.0,25.202108,75.90713
RJ-KOT,2021-06-16,32.7,37.8,29.3,51,67,3.4,3.4,21.3,263,20.33,6.55,968.8,20.9,257.0,25.202108,75.90713
RJ-KOT,2021-06-17,32.8,37.1,30.1,50,61,0.1,0.1,20.9,252,18.54,6.32,970.2,20.6,257.0,25.202108,75.90713
RJ-KOT,2021-06-18,32.0,38.1,27.2,55,77,0.5,0.5,20.9,250,19.86,6.33,970.4,21.1,257.0,25.202108,75.90713
RJ-KOT,2021-06-19,30.5,35.2,27.7,63,76,0.4,0.4,17.8,256,12.66,4.78,971.6,22.3,257.0,25.202108,75.90713
RJ-KOT,2021-06-20,29.9,34.6,26.6,64,80,2.0,2.0,18.9,247,12.06,4.16,972.8,22.2,257.0,25.202108,75.90713
RJ-KOT,2021-06-21,30.6,34.7,26.5,62,79,1.8,1.8,17.9,265,17.16,5.56,974.2,22.2,257.0,25.202108,75.90713
RJ-KOT,2021-06-22,32.3,37.3,28.1,55,72,0.1,0.1,20.9,277,19.3,6.6,974.2,21.6,257.0,25.202108,75.90713
RJ-KOT,2021-06-23,33.2,39.6,29.1,53,70,0.1,0.1,23.2,276,19.96,6.93,973.6,21.9,257.0,25.202108,75.90713
RJ-KOT,2021-06-24,33.3,38.8,29.3,50,67,0.0,0.0,17.3,278,18.66,6.83,973.3,21.0,257.0,25.202108,75.90713
RJ-KOT,2021-06-25,32.2,37.5,27.2,57,80,0.4,0.4,20.4,262,19.84,6.39,972.8,22.1,257.0,25.202108,75.90713
RJ-KOT,2021-06-26,31.7,35.8,28.0,57,75,2.6,2.6,17.1,268,16.97,5.63,973.7,22.0,257.0,25.202108,75.90713
RJ-KOT,2021-06-27,34.5,39.9,29.0,45,69,0.0,0.0,17.7,326,19.6,7.08,975.3,19.7,257.0,25.202108,75.90713
RJ-KOT,2021-06-28,35.9,41.2,30.1,35,49,0.0,0.0,22.7,323,22.89,7.6,974.1,17.3,257.0,25.202108,75.90713
RJ-KOT,2021-06-29,35.7,41.1,30.9,42,57,0.0,0.0,22.4,273,22.78,8.81,973.1,20.2,257.0,25.202108,75.90713
RJ-KOT,2021-06-30,34.9,40.4,30.5,49,64,0.0,0.0,23.6,253,22.51,8.92,972.2,22.0,257.0,25.202108,75.90713
RJ-KOT,2021-07-01,33.4,38.5,29.2,51,71,0.0,0.0,26.0,238,24.3,8.93,970.5,21.2,257.0,25.202108,75.90713
RJ-KOT,2021-07-02,32.9,38.1,27.8,50,74,0.0,0.0,24.1,241,23.72,8.69,971.3,20.5,257.0,25.202108,75.90713
RJ-KOT,2021-07-03,32.8,37.7,28.0,50,71,0.2,0.2,21.5,246,21.09,7.72,973.4,20.6,257.0,25.202108,75.90713
RJ-KOT,2021-07-04,32.4,36.0,28.0,52,71,0.2,0.2,18.8,247,18.1,6.04,974.7,21.0,257.0,25.202108,75.90713
RJ-KOT,2021-07-05,33.1,37.5,29.9,49,59,0.0,0.0,19.1,275,16.97,6.35,974.9,20.6,257.0,25.202108,75.90713
RJ-KOT,2021-07-06,33.5,38.4,28.8,47,67,0.2,0.2,15.7,280,18.55,6.64,973.9,20.4,257.0,25.202108,75.90713
RJ-KOT,2021-07-07,35.0,40.3,30.9,43,58,0.1,0.1,20.3,258,20.57,7.87,972.9,20.3,257.0,25.202108,75.90713
RJ-KOT,2021-07-08,35.0,40.0,30.7,41,52,0.0,0.0,19.9,244,21.82,8.02,972.3,19.6,257.0,25.202108,75.90713
RJ-KOT,2021-07-09,34.5,39.2,29.9,44,59,0.0,0.0,15.6,278,19.51,6.32,971.5,20.2,257.0,25.202108,75.90713
RJ-KOT,2021-07-10,35.0,39.7,31.4,46,60,0.5,0.5,18.6,348,18.83,6.84,970.6,21.4,257.0,25.202108,75.90713
RJ-KOT,2021-07-11,30.9,36.7,27.9,73,87,14.0,14.0,16.2,111,17.06,4.36,971.2,25.2,257.0,25.202108,75.90713
RJ-KOT,2021-07-12,31.5,36.6,27.2,69,93,8.1,8.1,20.1,103,19.45,5.53,972.1,24.7,257.0,25.202108,75.90713
RJ-KOT,2021-07-13,31.7,37.2,28.6,65,81,1.3,1.3,12.2,88,21.84,5.71,971.9,24.1,257.0,25.202108,75.90713
RJ-KOT,2021-07-14,31.4,35.1,27.6,70,91,4.4,4.4,10.9,287,20.39,4.98,971.7,24.9,257.0,25.202108,75.90713
RJ-KOT,2021-07-15,33.6,38.5,28.4,56,84,0.2,0.2,15.3,110,22.51,6.63,971.5,23.1,257.0,25.202108,75.90713
RJ-KOT,2021-07-16,34.0,38.8,30.0,51,68,0.4,0.4,15.5,154,22.85,7.05,973.8,22.2,257.0,25.202108,75.90713
RJ-KOT,2021-07-17,34.1,39.1,29.9,55,69,0.0,0.0,12.8,244,21.97,6.39,973.9,23.2,257.0,25.202108,75.90713
RJ-KOT,2021-07-18,30.2,32.5,28.9,73,84,6.1,6.1,14.2,234,6.58,2.4,972.1,24.8,257.0,25.202108,75.90713
RJ-KOT,2021-07-19,29.8,32.0,27.8,75,86,7.0,7.0,16.6,232,11.09,3.19,970.2,24.7,257.0,25.202108,75.90713
RJ-KOT,2021-07-20,30.1,33.6,26.7,67,88,0.3,0.3,20.4,240,13.26,4.79,971.0,22.9,257.0,25.202108,75.90713
RJ-KOT,2021-07-21,31.0,35.1,27.0,63,82,1.3,1.3,18.7,264,18.45,5.55,969.5,22.8,257.0,25.202108,75.90713
RJ-KOT,2021-07-22,31.0,34.3,28.2,66,78,0.9,0.9,19.4,272,16.89,5.02,967.6,23.8,257.0,25.202108,75.90713
RJ-KOT,2021-07-23,28.0,31.3,25.8,84,94,23.3,23.3,18.9,302,9.81,2.67,968.4,24.8,257.0,25.202108,75.90713
RJ-KOT,2021-07-24,28.5,32.4,25.7,84,95,8.4,8.4,16.8,310,14.76,3.37,969.5,25.3,257.0,25.202108,75.90713
RJ-KOT,2021-07-25,27.8,32.1,25.0,88,97,35.1,35.1,16.5,318,11.83,2.75,969.1,25.6,257.0,25.202108,75.90713
RJ-KOT,2021-07-26,28.3,31.9,25.9,85,93,22.4,22.4,16.6,267,14.05,3.25,968.8,25.4,257.0,25.202108,75.90713
RJ-KOT,2021-07-27,26.1,27.3,25.5,90,91,35.2,35.2,20.3,254,3.94,1.36,968.8,24.4,257.0,25.202108,75.90713
RJ-KOT,2021-07-28,27.7,30.8,25.3,77,91,7.7,7.7,24.4,241,13.98,3.96,969.6,23.1,257.0,25.202108,75.90713
RJ-KOT,2021-07-29,27.7,30.8,25.6,78,90,5.1,5.1,24.2,248,15.2,4.07,970.1,23.4,257.0,25.202108,75.90713
RJ-KOT,2021-07-30,27.4,31.1,25.2,82,93,12.1,12.1,25.9,267,10.76,3.01,970.2,24.0,257.0,25.202108,75.90713
RJ-KOT,2021-07-31,25.5,26.3,25.0,89,91,160.5,160.5,29.0,263,1.76,1.19,970.0,23.6,257.0,25.202108,75.90713
RJ-KOT,2021-08-01,25.6,27.6,24.6,90,94,68.0,68.0,31.9,290,7.69,2.03,969.1,23.7,257.0,25.202108,75.90713
RJ-KOT,2021-08-02,25.6,27.7,24.5,89,92,30.2,30.2,26.5,282,5.1,1.66,970.0,23.7,257.0,25.202108,75.90713
RJ-KOT,2021-08-03,25.4,26.2,24.4,91,96,368.2,368.2,28.4,279,3.23,1.27,970.3,23.8,257.0,25.202108,75.90713
RJ-KOT,2021-08-04,25.5,27.4,24.8,91,96,104.0,104.0,35.3,288,5.31,1.47,971.0,24.0,257.0,25.202108,75.90713
RJ-KOT,2021-08-05,27.1,30.8,24.7,86,94,19.8,19.8,20.4,297,13.87,3.16,971.8,24.5,257.0,25.202108,75.90713
RJ-KOT,2021-08-06,27.0,30.7,24.9,87,95,17.0,17.0,14.7,287,9.73,2.4,971.9,24.6,257.0,25.202108,75.90713
RJ-KOT,2021-08-07,26.8,30.7,24.4,86,95,28.2,28.2,18.1,285,13.41,2.99,973.5,24.3,257.0,25.202108,75.90713
RJ-KOT,2021-08-08,28.4,31.8,25.4,80,93,6.0,6.0,15.1,273,16.89,3.96,975.0,24.6,257.0,25.202108,75.90713
RJ-KOT,2021-08-09,28.7,32.4,26.5,79,89,4.0,4.0,16.9,261,16.95,4.2,975.8,24.6,257.0,25.202108,75.90713
RJ-KOT,2021-08-10,28.5,31.8,26.5,76,81,3.0,3.0,16.8,257,18.53,4.65,975.5,23.8,257.0,25.202108,75.90713
RJ-KOT,2021-08-11,28.4,32.3,25.4,72,81,0.0,0.0,17.5,252,19.68,4.94,975.7,22.7,257.0,25.202108,75.90713
RJ-KOT,2021-08-12,28.5,32.4,25.2,72,81,0.0,0.0,16.6,256,20.98,5.1,976.6,22.7,257.0,25.202108,75.90713
RJ-KOT,2021-08-13,28.7,32.2,25.8,70,80,0.2,0.2,17.1,252,20.67,5.21,975.1,22.5,257.0,25.202108,75.90713
RJ-KOT,2021-08-14,28.6,32.2,25.7,70,82,0.1,0.1,18.4,249,21.34,5.37,973.2,22.4,257.0,25.202108,75.90713
RJ-KOT,2021-08-15,28.7,32.6,26.2,68,80,0.1,0.1,16.9,259,20.89,5.22,974.0,21.9,257.0,25.202108,75.90713
RJ-KOT,2021-08-16,28.8,32.8,24.7,70,84,0.0,0.0,10.3,276,23.16,5.31,976.3,22.6,257.0,25.202108,75.90713
RJ-KOT,2021-08-17,29.7,34.0,25.8,68,82,0.0,0.0,13.0,304,22.92,5.53,975.8,22.8,257.0,25.202108,75.90713
RJ-KOT,2021-08-18,30.4,34.9,26.7,65,77,0.0,0.0,12.7,305,19.01,4.94,973.4,22.8,257.0,25.202108,75.90713
RJ-KOT,2021-08-19,29.7,32.1,27.7,66,76,0.0,0.0,15.9,280,11.22,3.87,972.7,22.7,257.0,25.202108,75.90713
RJ-KOT,2021-08-20,28.8,31.7,26.9,73,83,0.0,0.0,15.9,288,11.08,3.24,973.9,23.3,257.0,25.202108,75.90713
RJ-KOT,2021-08-21,28.5,32.4,25.6,79,92,8.8,8.8,15.0,256,18.46,4.23,975.1,24.3,257.0,25.202108,75.90713
RJ-KOT,2021-08-22,27.9,31.0,25.1,81,94,3.9,3.9,11.8,241,17.97,4.0,975.7,24.3,257.0,25.202108,75.90713
RJ-KOT,2021-08-23,28.6,31.9,25.9,77,86,2.8,2.8,19.6,243,19.14,4.68,975.4,24.1,257.0,25.202108,75.90713
RJ-KOT,2021-08-24,29.5,33.3,26.5,72,84,0.5,0.5,23.0,249,18.76,5.15,975.0,23.8,257.0,25.202108,75.90713
RJ-KOT,2021-08-25,29.1,32.9,26.5,69,79,0.0,0.0,22.1,246,21.59,5.84,973.7,22.7,257.0,25.202108,75.90713
RJ-KOT,2021-08-26,28.3,32.5,25.7,68,81,0.0,0.0,18.7,242,20.48,5.52,972.5,21.6,257.0,25.202108,75.90713
RJ-KOT,2021-08-27,28.5,32.6,25.2,69,81,0.0,0.0,14.7,239,19.79,4.79,973.5,22.0,257.0,25.202108,75.90713
RJ-KOT,2021-08-28,28.6,32.2,24.9,70,81,0.3,0.3,9.3,270,19.83,4.54,973.2,22.4,257.0,25.202108,75.90713
RJ-KOT,2021-08-29,28.8,33.1,25.7,75,89,1.9,1.9,16.2,326,19.51,4.53,973.2,23.8,257.0,25.202108,75.90713
RJ-KOT,2021-08-30,27.9,31.6,25.6,83,94,7.8,7.8,15.6,36,17.83,3.84,975.2,24.6,257.0,25.202108,75.90713
RJ-KOT,2021-08-31,27.3,30.8,25.5,88,95,16.9,16.9,18.4,71,12.72,2.78,976.0,25.0,257.0,25.202108,75.90713
RJ-KOT,2021-09-01,27.4,31.7,25.2,88,97,15.5,15.5,10.6,76,17.0,3.6,975.9,25.0,257.0,25.202108,75.90713
RJ-KOT,2021-09-02,26.7,30.2,24.8,89,98,4.6,4.6,13.8,142,15.38,3.17,974.9,24.7,257.0,25.202108,75.90713
RJ-KOT,2021-09-03,28.0,31.2,24.7,80,96,0.0,0.0,9.7,216,17.88,3.98,974.5,24.0,257.0,25.202108,75.90713
RJ-KOT,2021-09-04,28.6,31.8,25.6,76,88,0.2,0.2,9.8,234,17.41,4.0,974.7,23.8,257.0,25.202108,75.90713
RJ-KOT,2021-09-05,28.9,31.9,26.4,79,91,4.6,4.6,11.5,259,20.17,4.43,974.5,24.8,257.0,25.202108,75.90713
RJ-KOT,2021-09-06,28.8,32.4,25.8,83,96,13.0,13.0,7.0,343,18.1,3.88,975.2,25.5,257.0,25.202108,75.90713
RJ-KOT,2021-09-07,29.3,32.8,26.4,81,97,2.5,2.5,15.3,46,19.58,4.55,974.7,25.5,257.0,25.202108,75.90713
RJ-KOT,2021-09-08,28.4,31.7,26.2,80,89,3.4,3.4,18.4,66,17.73,4.16,972.9,24.5,257.0,25.202108,75.90713
RJ-KOT,2021-09-09,27.1,31.0,25.1,87,94,18.1,18.1,9.4,99,16.49,3.45,973.0,24.7,257.0,25.202108,75.90713
RJ-KOT,2021-09-10,26.1,29.0,24.5,89,97,20.9,20.9,11.4,289,10.54,2.3,972.9,24.0,257.0,25.202108,75.90713
RJ-KOT,2021-09-11,26.0,28.3,24.4,89,96,8.1,8.1,12.3,169,10.6,2.31,972.2,24.0,257.0,25.202108,75.90713
RJ-KOT,2021-09-12,26.9,30.2,24.2,87,97,2.2,2.2,14.4,144,18.02,3.68,971.0,24.4,257.0,25.202108,75.90713
RJ-KOT,2021-09-13,27.3,30.3,24.8,88,97,11.8,11.8,11.6,77,14.37,3.03,971.3,25.0,257.0,25.202108,75.90713
RJ-KOT,2021-09-14,27.5,30.3,25.6,87,96,8.6,8.6,17.8,50,13.46,2.95,972.8,25.1,257.0,25.202108,75.90713
RJ-KOT,2021-09-15,27.1,30.2,25.4,84,91,5.4,5.4,19.8,46,14.68,3.28,973.8,24.2,257.0,25.202108,75.90713
RJ-KOT,2021-09-16,27.2,31.2,24.4,78,92,0.5,0.5,15.0,349,17.77,4.1,973.5,23.0,257.0,25.202108,75.90713
RJ-KOT,2021-09-17,26.2,29.1,23.8,82,92,1.1,1.1,18.5,318,9.64,2.57,973.1,22.7,257.0,25.202108,75.90713
RJ-KOT,2021-09-18,25.7,28.2,24.4,92,97,24.4,24.4,13.8,320,8.32,1.79,974.1,24.3,257.0,25.202108,75.90713
RJ-KOT,2021-09-19,26.2,28.6,24.3,90,98,4.2,4.2,9.7,257,11.87,2.5,976.6,24.4,257.0,25.202108,75.90713
RJ-KOT,2021-09-20,26.4,29.9,25.0,89,96,20.4,20.4,8.3,252,11.42,2.46,976.5,24.4,257.0,25.202108,75.90713
RJ-KOT,2021-09-21,26.5,29.9,24.8,89,96,16.7,16.7,7.9,260,10.73,2.29,975.6,24.5,257.0,25.202108,75.90713
RJ-KOT,2021-09-22,27.0,30.7,24.5,86,98,2.6,2.6,13.1,182,16.56,3.46,974.6,24.3,257.0,25.202108,75.90713
RJ-KOT,2021-09-23,27.2,30.6,24.8,87,97,4.0,4.0,10.5,88,17.03,3.53,975.7,24.8,257.0,25.202108,75.90713
RJ-KOT,2021-09-24,27.7,30.9,25.2,85,96,0.8,0.8,8.7,5,18.52,3.89,976.9,24.7,257.0,25.202108,75.90713
RJ-KOT,2021-09-25,27.3,30.8,24.5,88,99,7.0,7.0,14.5,302,17.65,3.64,976.4,25.0,257.0,25.202108,75.90713
RJ-KOT,2021-09-26,26.9,29.9,24.5,87,95,10.1,10.1,11.7,352,13.78,2.9,975.5,24.4,257.0,25.202108,75.90713
RJ-KOT,2021-09-27,27.6,31.3,24.4,84,99,9.3,9.3,13.8,67,16.8,3.71,975.4,24.5,257.0,25.202108,75.90713
RJ-KOT,2021-09-28,28.2,31.4,25.6,82,95,3.9,3.9,16.9,59,17.33,4.07,975.2,24.6,257.0,25.202108,75.90713
RJ-KOT,2021-09-29,28.2,31.3,25.9,76,86,0.1,0.1,21.3,110,17.26,4.18,976.3,23.4,257.0,25.202108,75.90713
RJ-KOT,2021-09-30,27.7,31.5,24.7,82,95,4.5,4.5,8.0,117,18.47,3.94,979.3,24.2,257.0,25.202108,75.90713
RJ-KOT,2021-10-01,27.6,31.0,25.1,86,97,5.0,5.0,6.8,303,16.31,3.41,980.0,25.0,257.0,25.202108,75.90713
RJ-KOT,2021-10-02,27.6,31.0,25.0,84,96,3.6,3.6,8.3,287,16.91,3.61,979.5,24.6,257.0,25.202108,75.90713
RJ-KOT,2021-10-03,27.9,31.9,24.9,81,93,1.7,1.7,11.1,268,17.4,3.87,978.4,24.2,257.0,25.202108,75.90713
RJ-KOT,2021-10-04,28.1,31.6,25.3,80,90,1.1,1.1,8.1,244,18.33,3.96,977.7,24.3,257.0,25.202108,75.90713
RJ-KOT,2021-10-05,28.5,32.0,25.0,76,90,0.2,0.2,8.3,303,18.73,4.15,979.1,23.6,257.0,25.202108,75.90713
RJ-KOT,2021-10-06,28.5,32.1,25.0,80,96,0.3,0.3,8.7,335,17.28,3.81,979.2,24.5,257.0,25.202108,75.90713
RJ-KOT,2021-10-07,28.2,32.7,24.4,77,95,0.0,0.0,8.4,307,19.2,4.23,978.0,23.4,257.0,25.202108,75.90713
RJ-KOT,2021-10-08,28.6,33.2,23.8,68,92,0.0,0.0,7.6,250,19.81,4.33,977.4,21.5,257.0,25.202108,75.90713
RJ-KOT,2021-10-09,27.9,33.2,23.3,64,85,0.0,0.0,9.8,256,18.23,4.43,978.0,20.2,257.0,25.202108,75.90713
RJ-KOT,2021-10-10,27.7,32.6,23.8,70,86,0.4,0.4,8.6,274,16.7,3.95,978.5,21.3,257.0,25.202108,75.90713
RJ-KOT,2021-10-11,27.1,32.4,22.6,70,89,0.0,0.0,8.5,272,18.0,4.09,977.7,20.7,257.0,25.202108,75.90713
RJ-KOT,2021-10-12,27.3,33.2,22.7,64,84,0.0,0.0,8.7,293,18.86,4.47,977.8,19.5,257.0,25.202108,75.90713
RJ-KOT,2021-10-13,26.9,33.8,21.6,60,82,0.0,0.0,11.3,326,19.9,4.81,978.2,17.8,257.0,25.202108,75.90713
RJ-KOT,2021-10-14,25.7,32.0,19.6,55,79,0.0,0.0,10.5,305,20.41,4.81,978.7,15.2,257.0,25.202108,75.90713
RJ-KOT,2021-10-15,24.5,31.6,18.6,52,69,0.0,0.0,8.9,287,20.14,4.64,976.3,13.3,257.0,25.202108,75.90713
RJ-KOT,2021-10-16,24.9,32.2,17.4,56,77,0.0,0.0,9.4,309,19.39,4.57,975.6,14.8,257.0,25.202108,75.90713
RJ-KOT,2021-10-17,26.6,31.2,24.0,72,96,10.2,10.2,13.0,350,10.89,2.79,975.7,20.7,257.0,25.202108,75.90713
RJ-KOT,2021-10-18,25.1,29.6,22.5,87,99,24.7,24.7,16.6,314,14.24,2.98,975.2,22.6,257.0,25.202108,75.90713
RJ-KOT,2021-10-19,24.8,29.8,21.6,78,98,0.0,0.0,12.2,294,17.7,3.8,979.4,20.4,257.0,25.202108,75.90713
RJ-KOT,2021-10-20,25.0,31.9,19.8,57,80,0.0,0.0,12.1,268,19.25,4.82,982.6,15.0,257.0,25.202108,75.90713
RJ-KOT,2021-10-21,24.7,31.9,19.1,49,58,0.0,0.0,13.2,279,19.28,5.12,982.9,12.8,257.0,25.202108,75.90713
RJ-KOT,2021-10-22,25.1,30.9,20.2,55,70,0.0,0.0,13.8,240,18.86,4.78,982.8,14.9,257.0,25.202108,75.90713
RJ-KOT,2021-10-23,24.6,30.1,19.1,59,79,0.0,0.0,15.8,215,18.22,4.54,983.2,15.7,257.0,25.202108,75.90713
RJ-KOT,2021-10-24,24.0,29.6,19.2,65,91,0.0,0.0,11.3,224,16.66,3.9,983.8,16.3,257.0,25.202108,75.90713
RJ-KOT,2021-10-25,23.7,29.5,18.6,71,96,0.0,0.0,8.9,350,17.5,3.76,984.4,17.5,257.0,25.202108,75.90713
RJ-KOT,2021-10-26,23.8,28.8,19.8,68,90,0.0,0.0,8.8,4,16.4,3.58,983.8,17.0,257.0,25.202108,75.90713
RJ-KOT,2021-10-27,23.7,29.7,18.5,60,94,0.0,0.0,11.2,31,18.0,4.16,985.5,14.5,257.0,25.202108,75.90713
RJ-KOT,2021-10-28,23.0,29.3,16.2,56,92,0.0,0.0,9.0,343,18.23,3.96,986.0,13.0,257.0,25.202108,75.90713
RJ-KOT,2021-10-29,22.2,29.0,16.1,53,78,0.0,0.0,11.2,330,18.14,4.23,987.0,11.3,257.0,25.202108,75.90713
RJ-KOT,2021-10-30,22.1,28.8,15.6,51,77,0.0,0.0,11.6,337,18.19,4.29,987.4,10.9,257.0,25.202108,75.90713
RJ-KOT,2021-10-31,21.9,30.2,14.0,53,85,0.0,0.0,10.2,252,18.18,4.16,985.2,10.6,257.0,25.202108,75.90713
RJ-KOT,2021-11-01,23.3,31.1,16.1,47,72,0.0,0.0,11.2,159,17.92,4.19,983.6,10.5,257.0,25.202108,75.90713
RJ-KOT,2021-11-02,22.5,30.2,15.2,52,86,0.0,0.0,12.0,102,17.63,4.2,984.5,11.2,257.0,25.202108,75.90713
RJ-KOT,2021-11-03,22.1,29.9,15.6,52,75,0.0,0.0,11.1,86,17.53,4.24,984.9,10.9,257.0,25.202108,75.90713
RJ-KOT,2021-11-04,22.6,30.0,15.6,48,82,0.0,0.0,10.5,315,17.4,3.96,984.4,10.1,257.0,25.202108,75.90713
RJ-KOT,2021-11-05,21.4,28.7,14.8,52,78,0.0,0.0,9.6,325,17.19,3.7,984.1,10.1,257.0,25.202108,75.90713
RJ-KOT,2021-11-06,20.4,27.4,14.2,60,85,0.0,0.0,9.0,349,16.43,3.47,983.4,11.7,257.0,25.202108,75.90713
RJ-KOT,2021-11-07,22.5,29.5,16.8,52,81,0.0,0.0,10.0,80,17.07,3.74,983.0,11.6,257.0,25.202108,75.90713
RJ-KOT,2021-11-08,21.6,29.3,14.8,58,83,0.0,0.0,10.7,311,16.85,3.64,984.4,12.4,257.0,25.202108,75.90713
RJ-KOT,2021-11-09,21.9,28.9,14.0,56,85,0.0,0.0,10.0,277,16.77,3.52,985.2,12.1,257.0,25.202108,75.90713
RJ-KOT,2021-11-10,21.7,28.9,15.8,55,73,0.0,0.0,7.1,303,16.78,3.6,984.5,11.8,257.0,25.202108,75.90713
RJ-KOT,2021-11-11,21.8,28.2,14.4,55,87,0.0,0.0,8.7,357,16.62,3.43,983.8,11.6,257.0,25.202108,75.90713
RJ-KOT,2021-11-12,20.8,27.5,15.1,60,88,0.0,0.0,10.7,29,16.48,3.5,984.1,12.2,257.0,25.202108,75.90713
RJ-KOT,2021-11-13,20.3,27.0,14.5,63,90,0.0,0.0,12.4,33,16.48,3.52,984.2,12.4,257.0,25.202108,75.90713
RJ-KOT,2021-11-14,19.5,26.4,14.0,60,87,0.0,0.0,10.9,38,16.51,3.47,983.1,11.0,257.0,25.202108,75.90713
RJ-KOT,2021-11-15,19.0,25.7,13.2,62,89,0.0,0.0,10.6,39,16.33,3.35,982.3,11.0,257.0,25.202108,75.90713
RJ-KOT,2021-11-16,18.8,25.6,13.3,60,87,0.0,0.0,11.4,62,16.31,3.46,983.2,10.0,257.0,25.202108,75.90713
RJ-KOT,2021-11-17,18.5,24.9,12.8,61,88,0.0,0.0,10.0,58,13.19,2.95,984.7,10.5,257.0,25.202108,75.90713
RJ-KOT,2021-11-18,18.7,23.5,15.9,76,93,8.2,8.2,10.8,33,7.95,1.83,983.7,14.1,257.0,25.202108,75.90713
RJ-KOT,2021-11-19,18.7,22.4,17.0,87,97,9.0,9.0,10.7,45,9.69,1.82,981.7,16.4,257.0,25.202108,75.90713
RJ-KOT,2021-11-20,19.3,24.8,15.9,88,99,1.9,1.9,11.2,32,12.55,2.32,981.7,17.1,257.0,25.202108,75.90713
RJ-KOT,2021-11-21,20.0,26.0,16.0,86,100,0.0,0.0,9.5,20,13.96,2.67,983.6,17.4,257.0,25.202108,75.90713
RJ-KOT,2021-11-22,20.8,26.5,16.3,80,100,0.0,0.0,9.4,341,14.78,2.89,984.2,16.9,257.0,25.202108,75.90713
RJ-KOT,2021-11-23,20.2,26.6,14.0,74,99,0.0,0.0,8.0,61,15.05,2.97,982.9,15.1,257.0,25.202108,75.90713
RJ-KOT,2021-11-24,20.9,27.6,15.6,75,90,0.0,0.0,9.0,128,14.87,3.04,983.2,16.0,257.0,25.202108,75.90713
RJ-KOT,2021-11-25,20.4,26.9,14.8,78,100,0.0,0.0,9.4,55,15.0,2.92,984.5,16.0,257.0,25.202108,75.90713
RJ-KOT,2021-11-26,20.1,27.3,14.9,69,93,0.0,0.0,9.5,159,15.02,3.04,984.5,13.7,257.0,25.202108,75.90713
RJ-KOT,2021-11-27,20.2,28.3,14.2,69,91,0.0,0.0,9.9,114,14.89,3.04,984.6,13.7,257.0,25.202108,75.90713
RJ-KOT,2021-11-28,20.3,27.6,14.1,69,95,0.0,0.0,9.4,98,14.73,2.91,986.1,13.7,257.0,25.202108,75.90713
RJ-KOT,2021-11-29,19.3,26.5,12.8,71,100,0.0,0.0,9.7,65,14.66,2.88,987.4,13.3,257.0,25.202108,75.90713
RJ-KOT,2021-11-30,19.0,25.3,13.4,71,99,0.0,0.0,9.4,53,14.02,2.82,987.1,13.2,257.0,25.202108,75.90713
RJ-KOT,2021-12-01,17.3,19.7,15.6,73,89,0.2,0.2,8.0,57,3.33,1.03,986.9,12.5,257.0,25.202108,75.90713
RJ-KOT,2021-12-02,17.2,19.3,15.7,76,93,0.8,0.8,12.1,10,3.48,1.13,987.0,12.8,257.0,25.202108,75.90713
RJ-KOT,2021-12-03,16.3,21.6,11.5,78,97,0.0,0.0,10.0,34,9.31,1.9,987.0,12.0,257.0,25.202108,75.90713
RJ-KOT,2021-12-04,17.6,23.9,12.1,79,98,0.0,0.0,10.0,41,14.26,2.61,985.9,13.5,257.0,25.202108,75.90713
RJ-KOT,2021-12-05,19.6,25.4,14.3,75,96,0.0,0.0,9.8,62,11.7,2.45,985.4,14.6,257.0,25.202108,75.90713
RJ-KOT,2021-12-06,19.7,24.2,15.9,81,97,0.4,0.4,12.5,19,11.57,2.33,986.1,16.1,257.0,25.202108,75.90713
RJ-KOT,2021-12-07,18.0,23.9,13.6,77,99,0.0,0.0,9.7,27,14.28,2.74,987.6,13.5,257.0,25.202108,75.90713
RJ-KOT,2021-12-08,16.9,23.4,11.1,71,98,0.0,0.0,11.3,47,14.32,2.72,987.5,11.2,257.0,25.202108,75.90713
RJ-KOT,2021-12-09,17.0,23.5,11.7,69,91,0.0,0.0,10.7,40,14.1,2.7,989.2,11.1,257.0,25.202108,75.90713
RJ-KOT,2021-12-10,16.4,23.1,10.3,70,97,0.0,0.0,10.4,13,14.39,2.71,990.0,10.3,257.0,25.202108,75.90713
RJ-KOT,2021-12-11,15.7,22.3,9.4,72,98,0.0,0.0,10.1,38,14.52,2.63,989.0,10.2,257.0,25.202108,75.90713
RJ-KOT,2021-12-12,15.7,22.6,9.9,71,96,0.0,0.0,9.7,56,13.9,2.55,988.5,10.1,257.0,25.202108,75.90713
RJ-KOT,2021-12-13,17.0,24.4,10.3,74,97,0.0,0.0,9.4,56,13.67,2.53,986.5,11.9,257.0,25.202108,75.90713
RJ-KOT,2021-12-14,18.3,24.1,14.3,78,96,0.0,0.0,12.2,342,12.38,2.46,985.6,13.9,257.0,25.202108,75.90713
RJ-KOT,2021-12-15,17.1,23.7,12.6,80,97,0.0,0.0,8.5,354,13.53,2.48,986.5,13.2,257.0,25.202108,75.90713
RJ-KOT,2021-12-16,18.3,24.4,14.1,79,96,0.3,0.3,13.2,355,11.66,2.4,986.6,14.2,257.0,25.202108,75.90713
RJ-KOT,2021-12-17,15.2,20.4,11.4,68,94,0.0,0.0,14.5,358,13.58,2.76,989.7,8.9,257.0,25.202108,75.90713
RJ-KOT,2021-12-18,11.7,18.2,6.0,64,91,0.0,0.0,11.7,354,14.74,2.61,990.7,4.4,257.0,25.202108,75.90713
RJ-KOT,2021-12-19,11.8,19.0,4.5,62,90,0.0,0.0,11.6,337,14.8,2.6,990.2,4.1,257.0,25.202108,75.90713
RJ-KOT,2021-12-20,13.7,20.7,6.7,57,88,0.0,0.0,8.4,99,14.54,2.58,988.8,4.4,257.0,25.202108,75.90713
RJ-KOT,2021-12-21,14.7,22.2,8.7,58,78,0.0,0.0,9.7,107,14.05,2.55,987.1,6.1,257.0,25.202108,75.90713
RJ-KOT,2021-12-22,16.4,23.8,8.9,61,93,0.0,0.0,10.3,129,14.11,2.59,984.7,8.2,257.0,25.202108,75.90713
RJ-KOT,2021-12-23,17.7,25.2,10.0,62,90,0.0,0.0,9.9,49,14.03,2.74,983.4,9.7,257.0,25.202108,75.90713
RJ-KOT,2021-12-24,17.2,24.0,10.7,71,97,0.0,0.0,9.1,341,13.91,2.67,983.3,11.5,257.0,25.202108,75.90713
RJ-KOT,2021-12-25,17.1,24.4,11.3,73,99,0.0,0.0,8.4,34,13.93,2.61,985.3,11.5,257.0,25.202108,75.90713
RJ-KOT,2021-12-26,18.1,25.7,11.5,67,94,0.0,0.0,9.5,118,13.61,2.8,986.2,11.2,257.0,25.202108,75.90713
RJ-KOT,2021-12-27,17.8,23.4,12.6,71,92,0.0,0.0,11.0,34,12.27,2.54,987.1,12.0,257.0,25.202108,75.90713
RJ-KOT,2021-12-28,15.5,17.1,13.4,90,97,17.4,17.4,12.3,41,3.34,0.79,986.9,13.8,257.0,25.202108,75.90713
RJ-KOT,2021-12-29,13.9,19.1,11.2,84,98,0.0,0.0,10.8,9,11.17,1.87,988.7,10.9,257.0,25.202108,75.90713
RJ-KOT,2021-12-30,13.8,19.7,8.1,75,99,0.0,0.0,12.0,44,13.93,2.44,991.9,9.1,257.0,25.202108,75.90713
RJ-KOT,2021-12-31,13.1,18.7,8.4,78,96,0.0,0.0,10.2,45,11.51,2.04,992.2,9.1,257.0,25.202108,75.90713
RJ-KOT,2022-01-01,14.2,20.6,9.3,81,94,0.0,0.0,10.0,43,12.82,2.16,990.8,10.8,257.0,25.202108,75.90713
RJ-KOT,2022-01-02,15.1,21.3,9.2,84,99,0.0,0.0,9.1,48,13.45,2.24,989.4,12.2,257.0,25.202108,75.90713
RJ-KOT,2022-01-03,15.4,22.0,9.5,82,97,0.0,0.0,9.8,58,14.07,2.36,988.2,12.1,257.0,25.202108,75.90713
RJ-KOT,2022-01-04,17.4,23.7,12.3,78,94,0.0,0.0,8.1,76,13.98,2.5,987.1,13.3,257.0,25.202108,75.90713
RJ-KOT,2022-01-05,17.6,23.2,13.4,83,97,4.1,4.1,11.7,110,4.98,1.3,984.9,14.5,257.0,25.202108,75.90713
RJ-KOT,2022-01-06,16.1,17.8,14.7,94,99,9.2,9.2,6.2,358,3.86,0.75,984.8,15.1,257.0,25.202108,75.90713
RJ-KOT,2022-01-07,17.3,23.3,14.4,89,100,11.9,11.9,14.0,133,11.8,2.08,984.4,15.2,257.0,25.202108,75.90713
RJ-KOT,2022-01-08,17.9,22.4,14.5,85,98,0.6,0.6,14.1,216,11.11,2.12,984.0,15.1,257.0,25.202108,75.90713
RJ-KOT,2022-01-09,14.6,19.3,9.4,81,96,0.2,0.2,14.3,318,10.34,1.89,984.9,11.1,257.0,25.202108,75.90713
RJ-KOT,2022-01-10,11.8,17.4,7.9,79,94,0.0,0.0,11.6,349,15.13,2.35,987.4,8.0,257.0,25.202108,75.90713
RJ-KOT,2022-01-11,12.5,17.4,6.5,74,97,0.0,0.0,7.9,342,15.16,2.31,987.6,7.6,257.0,25.202108,75.90713
RJ-KOT,2022-01-12,11.4,16.8,6.7,77,94,0.0,0.0,9.2,320,14.97,2.28,987.1,7.2,257.0,25.202108,75.90713
RJ-KOT,2022-01-13,11.6,17.6,7.2,80,92,0.0,0.0,9.7,0,15.42,2.35,986.8,8.0,257.0,25.202108,75.90713
RJ-KOT,2022-01-14,11.8,18.3,7.2,81,96,0.0,0.0,10.0,23,15.07,2.36,987.0,8.4,257.0,25.202108,75.90713
RJ-KOT,2022-01-15,11.9,17.8,6.6,79,99,0.0,0.0,9.2,44,15.62,2.39,988.6,8.1,257.0,25.202108,75.90713
RJ-KOT,2022-01-16,11.5,18.1,6.3,86,99,0.0,0.0,10.5,54,15.45,2.33,989.4,9.0,257.0,25.202108,75.90713
RJ-KOT,2022-01-17,11.8,18.9,6.4,89,99,0.0,0.0,10.7,42,13.5,2.09,989.9,10.0,257.0,25.202108,75.90713
RJ-KOT,2022-01-18,12.8,17.6,8.5,87,100,0.0,0.0,6.6,354,12.08,1.84,988.5,10.5,257.0,25.202108,75.90713
RJ-KOT,2022-01-19,13.4,20.2,8.9,80,100,0.0,0.0,9.8,140,13.28,2.24,985.5,9.7,257.0,25.202108,75.90713
RJ-KOT,2022-01-20,15.6,23.8,9.4,78,95,0.0,0.0,10.8,4,15.72,2.83,980.2,11.4,257.0,25.202108,75.90713
RJ-KOT,2022-01-21,15.1,22.0,9.6,85,99,0.0,0.0,14.6,69,14.24,2.44,980.7,12.3,257.0,25.202108,75.90713
RJ-KOT,2022-01-22,18.6,23.9,14.4,70,91,6.3,6.3,22.4,241,14.41,3.22,976.2,12.4,257.0,25.202108,75.90713
RJ-KOT,2022-01-23,14.1,19.6,9.6,70,92,0.0,0.0,14.8,292,14.39,2.72,980.2,8.1,257.0,25.202108,75.90713
RJ-KOT,2022-01-24,12.5,18.8,7.2,72,90,0.0,0.0,9.9,350,15.56,2.65,983.6,7.1,257.0,25.202108,75.90713
RJ-KOT,2022-01-25,12.1,18.0,7.0,72,94,0.0,0.0,9.9,339,16.61,2.71,984.8,6.9,257.0,25.202108,75.90713
RJ-KOT,2022-01-26,12.0,17.9,6.1,71,92,0.0,0.0,9.2,359,16.87,2.74,986.1,6.3,257.0,25.202108,75.90713
RJ-KOT,2022-01-27,12.3,18.1,6.0,71,95,0.0,0.0,8.2,330,17.09,2.72,987.4,6.8,257.0,25.202108,75.90713
RJ-KOT,2022-01-28,12.7,19.4,6.5,69,94,0.0,0.0,10.1,90,17.28,2.82,987.5,6.6,257.0,25.202108,75.90713
RJ-KOT,2022-01-29,14.1,22.3,7.6,67,87,0.0,0.0,10.2,147,17.22,3.07,987.0,7.4,257.0,25.202108,75.90713
RJ-KOT,2022-01-30,16.0,25.3,8.1,66,92,0.0,0.0,10.9,243,17.28,3.27,983.4,8.7,257.0,25.202108,75.90713
RJ-KOT,2022-01-31,16.7,25.2,9.9,66,86,0.0,0.0,11.6,299,17.13,3.38,981.9,9.7,257.0,25.202108,75.90713
RJ-KOT,2022-02-01,18.6,26.2,13.2,71,91,0.0,0.0,11.3,266,17.11,3.4,981.5,12.7,257.0,25.202108,75.90713
RJ-KOT,2022-02-02,17.8,26.9,10.0,61,91,0.0,0.0,11.5,232,17.79,3.55,980.9,9.2,257.0,25.202108,75.90713
RJ-KOT,2022-02-03,19.6,24.8,13.9,49,70,0.0,0.0,23.8,270,17.77,4.84,977.3,7.6,257.0,25.202108,75.90713
RJ-KOT,2022-02-04,15.8,23.6,9.6,52,76,0.0,0.0,9.9,273,18.18,3.7,980.4,5.0,257.0,25.202108,75.90713
RJ-KOT,2022-02-05,14.2,22.3,7.2,63,83,0.0,0.0,10.1,3,18.35,3.3,983.0,6.7,257.0,25.202108,75.90713
RJ-KOT,2022-02-06,16.4,25.1,8.5,61,92,0.0,0.0,12.2,119,18.11,3.57,985.1,7.9,257.0,25.202108,75.90713
RJ-KOT,2022-02-07,17.5,25.0,11.9,59,79,0.0,0.0,9.4,27,18.1,3.5,984.7,8.8,257.0,25.202108,75.90713
RJ-KOT,2022-02-08,18.5,26.0,11.8,62,86,0.0,0.0,10.5,348,18.01,3.66,982.9,10.6,257.0,25.202108,75.90713
RJ-KOT,2022-02-09,17.8,24.0,13.0,70,92,0.0,0.0,13.1,344,17.07,3.36,983.4,11.8,257.0,25.202108,75.90713
RJ-KOT,2022-02-10,15.9,21.8,11.2,72,100,0.0,0.0,10.8,9,17.9,3.21,987.7,10.1,257.0,25.202108,75.90713
RJ-KOT,2022-02-11,15.6,22.3,9.1,63,91,0.0,0.0,8.1,324,19.07,3.49,987.2,7.6,257.0,25.202108,75.90713
RJ-KOT,2022-02-12,15.7,23.4,8.5,60,91,0.0,0.0,11.2,38,19.38,3.67,985.6,7.1,257.0,25.202108,75.90713
RJ-KOT,2022-02-13,16.3,24.9,8.5,58,88,0.0,0.0,12.4,107,19.44,3.95,983.1,6.8,257.0,25.202108,75.90713
RJ-KOT,2022-02-14,17.8,26.1,11.3,51,69,0.0,0.0,11.5,83,19.13,4.18,982.6,7.0,257.0,25.202108,75.90713
RJ-KOT,2022-02-15,18.3,26.2,11.5,51,77,0.0,0.0,11.9,77,17.1,3.91,982.6,7.5,257.0,25.202108,75.90713
RJ-KOT,2022-02-16,18.2,26.4,11.0,53,81,0.0,0.0,11.1,94,19.28,4.07,981.3,7.6,257.0,25.202108,75.90713
RJ-KOT,2022-02-17,18.6,27.0,11.6,48,75,0.0,0.0,10.9,117,19.62,4.23,980.7,6.5,257.0,25.202108,75.90713
RJ-KOT,2022-02-18,19.4,28.4,12.3,45,65,0.0,0.0,16.9,127,18.7,4.46,981.7,6.6,257.0,25.202108,75.90713
RJ-KOT,2022-02-19,20.3,27.7,13.5,53,77,0.0,0.0,11.5,354,18.29,4.04,983.5,9.7,257.0,25.202108,75.90713
RJ-KOT,2022-02-20,19.4,28.5,11.3,45,74,0.0,0.0,22.1,279,20.3,5.06,980.9,5.6,257.0,25.202108,75.90713
RJ-KOT,2022-02-21,20.0,28.4,11.7,44,69,0.0,0.0,12.2,237,20.24,4.47,979.4,6.8,257.0,25.202108,75.90713
RJ-KOT,2022-02-22,24.2,32.6,15.9,35,56,0.0,0.0,22.5,224,20.31,6.57,979.9,6.5,257.0,25.202108,75.90713
RJ-KOT,2022-02-23,23.2,30.3,17.0,49,65,0.0,0.0,14.8,269,20.01,4.79,983.1,11.3,257.0,25.202108,75.90713
RJ-KOT,2022-02-24,20.9,28.3,15.2,63,89,0.0,0.0,10.8,1,19.88,4.25,985.2,12.9,257.0,25.202108,75.90713
RJ-KOT,2022-02-25,21.8,29.5,14.4,51,89,0.0,0.0,15.3,118,20.16,4.77,985.2,9.6,257.0,25.202108,75.90713
RJ-KOT,2022-02-26,23.5,31.0,18.4,41,64,0.0,0.0,15.7,171,20.61,5.79,984.0,8.6,257.0,25.202108,75.90713
RJ-KOT,2022-02-27,20.1,27.1,14.4,67,95,0.0,0.0,14.9,15,20.36,4.27,986.2,13.3,257.0,25.202108,75.90713
RJ-KOT,2022-02-28,19.3,26.6,13.6,59,88,0.0,0.0,10.5,33,21.08,4.37,986.8,10.1,257.0,25.202108,75.90713
RJ-KOT,2022-03-01,20.1,27.8,13.7,47,75,0.0,0.0,11.1,52,21.0,4.48,986.4,7.3,257.0,25.202108,75.90713
RJ-KOT,2022-03-02,21.1,29.9,13.7,46,78,0.0,0.0,11.8,90,21.07,4.81,985.6,8.2,257.0,25.202108,75.90713
RJ-KOT,2022-03-03,21.6,29.8,14.8,49,71,0.0,0.0,13.4,30,21.06,4.94,984.7,9.9,257.0,25.202108,75.90713
RJ-KOT,2022-03-04,21.1,28.5,15.8,51,73,0.0,0.0,14.3,326,21.47,5.07,986.4,9.9,257.0,25.202108,75.90713
RJ-KOT,2022-03-05,20.0,28.2,13.2,51,73,0.0,0.0,9.5,343,21.88,4.73,985.5,8.7,257.0,25.202108,75.90713
RJ-KOT,2022-03-06,21.6,30.1,13.5,47,79,0.0,0.0,10.6,58,21.73,4.82,983.4,8.4,257.0,25.202108,75.90713
RJ-KOT,2022-03-07,23.8,31.8,16.5,42,60,0.0,0.0,14.1,94,19.44,5.06,983.6,9.0,257.0,25.202108,75.90713
RJ-KOT,2022-03-08,23.4,30.7,17.8,52,79,1.3,1.3,12.8,130,16.84,4.27,983.9,12.2,257.0,25.202108,75.90713
RJ-KOT,2022-03-09,23.2,31.4,16.8,61,91,0.0,0.0,14.1,236,20.06,4.58,983.1,14.0,257.0,25.202108,75.90713
RJ-KOT,2022-03-10,22.8,30.2,15.4,58,94,0.0,0.0,9.5,348,20.84,4.61,983.4,13.1,257.0,25.202108,75.90713
RJ-KOT,2022-03-11,23.7,30.5,16.3,49,80,0.0,0.0,9.1,336,22.04,4.92,983.9,11.4,257.0,25.202108,75.90713
RJ-KOT,2022-03-12,23.9,32.2,16.2,46,72,0.0,0.0,14.8,322,22.46,5.58,982.8,10.6,257.0,25.202108,75.90713
RJ-KOT,2022-03-13,24.9,33.7,17.0,47,71,0.0,0.0,10.6,280,22.21,5.3,982.5,11.7,257.0,25.202108,75.90713
RJ-KOT,2022-03-14,26.8,36.0,18.8,41,61,0.0,0.0,14.2,292,22.58,5.99,981.8,11.3,257.0,25.202108,75.90713
RJ-KOT,2022-03-15,27.4,37.2,19.1,35,56,0.0,0.0,17.9,307,22.68,6.82,979.8,9.6,257.0,25.202108,75.90713
RJ-KOT,2022-03-16,27.8,37.2,20.0,32,47,0.0,0.0,14.4,309,22.98,6.69,978.3,8.9,257.0,25.202108,75.90713
RJ-KOT,2022-03-17,28.8,37.6,21.1,30,43,0.0,0.0,16.3,319,23.06,7.09,977.9,8.7,257.0,25.202108,75.90713
RJ-KOT,2022-03-18,27.8,37.0,19.0,43,67,0.0,0.0,10.2,347,22.94,5.85,977.7,13.2,257.0,25.202108,75.90713
RJ-KOT,2022-03-19,28.8,37.7,20.7,43,82,0.0,0.0,11.4,356,22.74,6.11,976.7,12.7,257.0,25.202108,75.90713
RJ-KOT,2022-03-20,29.2,38.0,21.6,26,42,0.0,0.0,21.3,305,22.93,7.04,976.2,6.7,257.0,25.202108,75.90713
RJ-KOT,2022-03-21,28.2,37.1,20.3,26,38,0.0,0.0,16.0,303,23.54,7.17,978.3,5.7,257.0,25.202108,75.90713
RJ-KOT,2022-03-22,28.8,36.6,21.6,30,47,0.0,0.0,13.1,331,23.49,6.93,979.2,8.8,257.0,25.202108,75.90713
RJ-KOT,2022-03-23,28.8,37.3,21.2,32,53,0.0,0.0,10.2,281,22.42,6.05,978.7,9.3,257.0,25.202108,75.90713
RJ-KOT,2022-03-24,29.2,35.5,23.9,25,40,0.0,0.0,12.6,316,14.99,5.29,977.4,6.8,257.0,25.202108,75.90713
RJ-KOT,2022-03-25,29.5,37.5,22.7,21,31,0.0,0.0,17.1,307,23.01,7.61,978.3,4.1,257.0,25.202108,75.90713
RJ-KOT,2022-03-26,28.4,37.4,19.4,25,48,0.0,0.0,19.3,318,24.22,6.95,980.8,4.6,257.0,25.202108,75.90713
RJ-KOT,2022-03-27,29.2,38.8,18.8,23,46,0.0,0.0,13.3,256,24.48,6.92,980.5,4.1,257.0,25.202108,75.90713
RJ-KOT,2022-03-28,29.9,39.0,20.7,22,45,0.0,0.0,16.1,280,24.66,7.86,979.4,3.6,257.0,25.202108,75.90713
RJ-KOT,2022-03-29,30.8,39.3,23.0,18,26,0.0,0.0,16.3,294,24.65,8.32,977.8,2.9,257.0,25.202108,75.90713
RJ-KOT,2022-03-30,31.5,40.2,23.4,20,29,0.0,0.0,10.8,290,24.56,7.14,977.3,5.0,257.0,25.202108,75.90713
RJ-KOT,2022-03-31,30.9,40.0,22.8,22,40,0.0,0.0,12.6,287,24.5,7.77,978.1,5.5,257.0,25.202108,75.90713
RJ-KOT,2022-04-01,29.6,38.0,22.3,21,28,0.0,0.0,10.8,317,24.66,7.2,978.8,4.5,257.0,25.202108,75.90713
RJ-KOT,2022-04-02,30.2,39.8,21.3,23,46,0.0,0.0,11.9,285,24.88,6.8,979.6,4.8,257.0,25.202108,75.90713
RJ-KOT,2022-04-03,31.8,40.3,23.5,18,32,0.0,0.0,16.5,305,24.85,7.6,979.4,3.2,257.0,25.202108,75.90713
RJ-KOT,2022-04-04,31.2,40.2,21.6,16,26,0.0,0.0,13.3,298,25.12,7.94,979.5,1.1,257.0,25.202108,75.90713
RJ-KOT,2022-04-05,30.6,39.9,22.0,18,33,0.0,0.0,9.9,326,25.14,7.06,981.7,1.9,257.0,25.202108,75.90713
RJ-KOT,2022-04-06,31.4,40.0,22.4,18,31,0.0,0.0,11.5,356,24.94,6.71,981.5,2.6,257.0,25.202108,75.90713
RJ-KOT,2022-04-07,31.3,40.5,22.3,19,39,0.0,0.0,12.2,337,25.05,7.38,980.7,3.2,257.0,25.202108,75.90713
RJ-KOT,2022-04-08,31.8,41.6,21.6,16,37,0.0,0.0,14.8,32,25.49,7.48,978.5,0.9,257.0,25.202108,75.90713
RJ-KOT,2022-04-09,33.4,41.7,25.0,15,24,0.0,0.0,11.5,286,24.29,7.99,977.1,3.0,257.0,25.202108,75.90713
RJ-KOT,2022-04-10,33.7,42.0,25.6,14,24,0.0,0.0,16.5,287,25.23,8.81,977.0,2.1,257.0,25.202108,75.90713
RJ-KOT,2022-04-11,34.7,42.6,27.5,18,28,0.0,0.0,16.9,282,24.35,8.44,976.2,6.3,257.0,25.202108,75.90713
RJ-KOT,2022-04-12,34.7,40.8,27.8,16,26,0.0,0.0,19.5,259,22.8,8.49,976.0,4.6,257.0,25.202108,75.90713
RJ-KOT,2022-04-13,33.1,41.0,25.4,14,30,0.0,0.0,19.8,276,25.6,8.5,975.5,0.9,257.0,25.202108,75.90713
RJ-KOT,2022-04-14,32.5,40.3,24.4,19,35,0.0,0.0,16.8,298,24.72,8.27,975.3,5.0,257.0,25.202108,75.90713
RJ-KOT,2022-04-15,32.7,41.0,23.8,15,27,0.0,0.0,22.3,283,25.42,8.34,974.7,1.6,257.0,25.202108,75.90713
RJ-KOT,2022-04-16,33.3,41.5,25.9,17,31,0.0,0.0,18.4,284,24.59,8.45,974.2,3.6,257.0,25.202108,75.90713
RJ-KOT,2022-04-17,33.5,40.8,25.4,17,27,0.0,0.0,12.7,278,24.58,8.07,975.1,4.2,257.0,25.202108,75.90713
RJ-KOT,2022-04-18,34.6,42.5,27.8,16,25,0.0,0.0,16.8,284,24.72,9.21,977.4,4.3,257.0,25.202108,75.90713
RJ-KOT,2022-04-19,34.6,41.3,28.3,18,28,0.0,0.0,14.8,295,23.87,8.27,979.7,6.3,257.0,25.202108,75.90713
RJ-KOT,2022-04-20,34.2,41.2,27.5,17,25,0.0,0.0,14.1,308,25.16,7.94,977.9,5.2,257.0,25.202108,75.90713
RJ-KOT,2022-04-21,32.4,38.5,27.3,22,37,0.0,0.0,28.9,262,19.54,7.53,978.3,7.7,257.0,25.202108,75.90713
RJ-KOT,2022-04-22,31.8,39.4,24.2,28,56,0.0,0.0,11.4,81,24.64,6.86,978.6,8.7,257.0,25.202108,75.90713
RJ-KOT,2022-04-23,32.4,40.0,25.9,18,30,0.0,0.0,22.9,302,25.73,8.14,978.8,3.9,257.0,25.202108,75.90713
RJ-KOT,2022-04-24,33.2,40.4,25.9,16,25,0.0,0.0,14.5,308,25.78,7.6,978.0,3.3,257.0,25.202108,75.90713
RJ-KOT,2022-04-25,34.0,41.0,27.1,14,24,0.0,0.0,22.2,282,25.72,9.02,976.5,2.3,257.0,25.202108,75.90713
RJ-KOT,2022-04-26,34.5,41.7,26.4,15,24,0.0,0.0,18.5,285,25.01,8.11,977.0,3.8,257.0,25.202108,75.90713
RJ-KOT,2022-04-27,34.8,42.2,26.7,18,28,0.0,0.0,12.2,297,25.51,8.04,976.6,5.9,257.0,25.202108,75.90713
RJ-KOT,2022-04-28,35.0,42.5,27.3,17,29,0.0,0.0,10.2,309,25.4,7.13,976.9,5.4,257.0,25.202108,75.90713
RJ-KOT,2022-04-29,36.0,43.4,28.9,13,20,0.0,0.0,21.5,271,25.61,10.34,977.0,2.6,257.0,25.202108,75.90713
RJ-KOT,2022-04-30,35.8,42.6,29.2,18,28,0.0,0.0,17.7,259,24.71,8.53,973.9,7.1,257.0,25.202108,75.90713
RJ-KOT,2022-05-01,36.6,43.4,30.0,21,39,0.0,0.0,19.9,263,24.76,8.91,972.1,8.9,257.0,25.202108,75.90713
RJ-KOT,2022-05-02,36.8,43.9,31.1,19,31,0.0,0.0,21.2,248,23.38,10.17,972.6,8.6,257.0,25.202108,75.90713
RJ-KOT,2022-05-03,35.4,41.5,30.2,17,25,0.0,0.0,21.1,263,25.42,10.33,975.3,6.3,257.0,25.202108,75.90713
RJ-KOT,2022-05-04,34.9,41.4,29.0,21,34,0.0,0.0,17.6,267,24.79,8.94,976.7,8.4,257.0,25.202108,75.90713
RJ-KOT,2022-05-05,33.8,40.6,26.9,20,32,0.0,0.0,11.5,327,25.14,7.27,977.0,7.4,257.0,25.202108,75.90713
RJ-KOT,2022-05-06,34.3,40.7,28.0,23,33,0.0,0.0,13.0,313,21.82,7.38,976.6,9.3,257.0,25.202108,75.90713
RJ-KOT,2022-05-07,35.1,41.3,27.8,22,41,0.0,0.0,18.4,131,22.44,7.11,976.7,8.9,257.0,25.202108,75.90713
RJ-KOT,2022-05-08,35.5,43.5,27.0,18,35,0.0,0.0,20.3,310,25.37,9.41,974.4,6.0,257.0,25.202108,75.90713
RJ-KOT,2022-05-09,35.9,44.3,27.6,17,28,0.0,0.0,20.6,337,24.51,9.44,973.3,5.7,257.0,25.202108,75.90713
RJ-KOT,2022-05-10,35.4,43.7,27.8,19,32,0.0,0.0,20.5,13,25.09,8.41,973.3,7.7,257.0,25.202108,75.90713
RJ-KOT,2022-05-11,36.1,44.0,27.5,19,31,0.0,0.0,19.0,336,24.29,7.86,972.4,7.5,257.0,25.202108,75.90713
RJ-KOT,2022-05-12,36.7,44.8,28.2,15,24,0.0,0.0,18.4,340,25.31,9.34,971.4,5.1,257.0,25.202108,75.90713
RJ-KOT,2022-05-13,38.0,46.2,30.6,13,19,0.0,0.0,18.7,281,22.84,9.52,969.9,3.8,257.0,25.202108,75.90713
RJ-KOT,2022-05-14,38.3,45.0,32.2,19,30,0.0,0.0,19.6,271,23.64,10.17,970.6,9.5,257.0,25.202108,75.90713
RJ-KOT,2022-05-15,37.6,44.8,32.0,24,45,0.0,0.0,26.4,233,21.32,9.74,972.1,11.9,257.0,25.202108,75.90713
RJ-KOT,2022-05-16,36.7,42.4,31.5,14,21,0.0,0.0,21.9,258,25.87,10.44,972.6,3.6,257.0,25.202108,75.90713
RJ-KOT,2022-05-17,35.8,41.9,30.3,18,28,0.0,0.0,22.5,238,22.3,9.2,972.1,7.1,257.0,25.202108,75.90713
RJ-KOT,2022-05-18,35.4,41.0,29.1,20,31,0.0,0.0,19.7,261,22.54,8.48,973.2,8.3,257.0,25.202108,75.90713
RJ-KOT,2022-05-19,37.0,43.8,30.4,18,30,0.0,0.0,20.5,268,25.41,8.77,973.3,7.4,257.0,25.202108,75.90713
RJ-KOT,2022-05-20,38.7,44.6,32.1,18,30,0.0,0.0,28.8,272,24.38,10.93,971.4,9.0,257.0,25.202108,75.90713
RJ-KOT,2022-05-21,36.8,42.6,31.8,22,37,0.0,0.0,27.7,257,23.5,11.61,969.6,10.9,257.0,25.202108,75.90713
RJ-KOT,2022-05-22,35.2,40.4,30.3,34,53,0.0,0.0,27.4,247,23.95,10.29,968.3,16.3,257.0,25.202108,75.90713
RJ-KOT,2022-05-23,32.2,37.9,28.8,45,64,2.9,2.9,25.2,217,20.92,7.31,968.9,18.4,257.0,25.202108,75.90713
RJ-KOT,2022-05-24,32.8,39.6,24.3,42,70,0.0,0.0,18.1,192,23.56,7.23,973.6,17.1,257.0,25.202108,75.90713
RJ-KOT,2022-05-25,34.6,40.6,28.0,34,58,0.0,0.0,25.5,296,22.67,8.81,975.3,15.4,257.0,25.202108,75.90713
RJ-KOT,2022-05-26,35.1,40.7,28.7,25,35,0.0,0.0,23.0,276,23.35,8.54,974.3,11.3,257.0,25.202108,75.90713
RJ-KOT,2022-05-27,35.6,40.9,30.4,30,41,0.0,0.0,24.5,250,24.63,10.56,972.8,14.5,257.0,25.202108,75.90713
RJ-KOT,2022-05-28,35.0,40.4,29.4,37,57,0.0,0.0,22.3,246,24.98,9.81,971.9,17.6,257.0,25.202108,75.90713
RJ-KOT,2022-05-29,35.8,42.8,29.8,36,59,0.0,0.0,21.8,254,24.1,9.79,971.9,17.0,257.0,25.202108,75.90713
RJ-KOT,2022-05-30,36.2,42.2,30.5,34,56,0.0,0.0,22.7,254,22.4,9.04,972.2,16.2,257.0,25.202108,75.90713
RJ-KOT,2022-05-31,36.3,42.4,31.1,28,48,0.0,0.0,18.7,291,22.65,8.77,972.3,13.5,257.0,25.202108,75.90713
RJ-KOT,2022-06-01,36.1,42.4,30.6,23,33,0.0,0.0,16.8,300,21.63,8.05,972.8,10.6,257.0,25.202108,75.90713
RJ-KOT,2022-06-02,36.3,42.4,30.2,21,30,0.0,0.0,22.0,287,24.09,9.57,972.7,9.7,257.0,25.202108,75.90713
RJ-KOT,2022-06-03,36.8,42.4,30.7,21,27,0.0,0.0,23.1,270,22.54,9.23,971.9,10.1,257.0,25.202108,75.90713
RJ-KOT,2022-06-04,36.6,42.2,31.8,20,26,0.0,0.0,21.5,282,22.25,8.76,972.3,9.8,257.0,25.202108,75.90713
RJ-KOT,2022-06-05,36.8,43.7,30.3,16,24,0.0,0.0,21.5,269,24.09,10.17,972.7,6.6,257.0,25.202108,75.90713
RJ-KOT,2022-06-06,36.4,43.1,30.0,15,25,0.0,0.0,21.0,280,25.82,10.13,972.4,4.4,257.0,25.202108,75.90713
RJ-KOT,2022-06-07,36.6,43.0,31.5,17,25,0.0,0.0,20.2,280,24.63,10.12,972.3,7.5,257.0,25.202108,75.90713
RJ-KOT,2022-06-08,36.3,42.4,31.4,18,34,0.0,0.0,25.6,282,25.41,10.31,972.2,7.3,257.0,25.202108,75.90713
RJ-KOT,2022-06-09,36.7,42.9,31.6,23,39,0.0,0.0,22.1,261,25.2,10.5,970.9,10.6,257.0,25.202108,75.90713
RJ-KOT,2022-06-10,36.7,41.3,31.9,25,37,0.0,0.0,20.5,273,22.15,8.67,971.6,13.1,257.0,25.202108,75.90713
RJ-KOT,2022-06-11,36.4,41.5,31.7,29,41,0.1,0.1,18.7,269,22.16,8.21,972.2,15.2,257.0,25.202108,75.90713
RJ-KOT,2022-06-12,33.2,35.9,30.8,46,58,0.9,0.9,24.4,252,6.99,4.72,973.4,20.0,257.0,25.202108,75.90713
RJ-KOT,2022-06-13,32.7,36.1,30.5,52,61,1.3,1.3,18.2,239,16.0,5.95,975.3,21.4,257.0,25.202108,75.90713
RJ-KOT,2022-06-14,32.5,38.0,29.3,54,64,0.5,0.5,32.8,269,20.01,6.79,974.9,21.6,257.0,25.202108,75.90713
RJ-KOT,2022-06-15,34.4,39.7,29.8,44,60,0.0,0.0,17.6,264,23.3,7.93,973.3,19.9,257.0,25.202108,75.90713
RJ-KOT,2022-06-16,33.2,38.7,29.0,51,66,0.3,0.3,21.9,242,18.58,6.73,973.1,21.2,257.0,25.202108,75.90713
RJ-KOT,2022-06-17,32.2,37.3,28.2,54,70,5.3,5.3,17.6,222,19.69,6.26,973.1,21.6,257.0,25.202108,75.90713
RJ-KOT,2022-06-18,31.6,37.1,25.9,57,81,2.5,2.5,19.0,223,19.14,6.03,973.4,21.4,257.0,25.202108,75.90713
RJ-KOT,2022-06-19,29.7,35.5,26.4,67,81,2.8,2.8,18.0,223,18.43,4.96,973.2,22.6,257.0,25.202108,75.90713
RJ-KOT,2022-06-20,28.3,32.4,24.8,72,85,2.3,2.3,18.6,254,15.03,3.91,971.7,22.6,257.0,25.202108,75.90713
RJ-KOT,2022-06-21,29.8,34.4,25.1,67,85,1.9,1.9,21.9,184,19.79,5.25,970.0,22.6,257.0,25.202108,75.90713
RJ-KOT,2022-06-22,30.8,36.1,26.3,62,80,0.1,0.1,11.9,176,23.3,5.59,973.5,22.3,257.0,25.202108,75.90713
RJ-KOT,2022-06-23,32.4,37.7,27.2,55,81,0.0,0.0,13.7,358,22.73,6.08,975.3,21.4,257.0,25.202108,75.90713
RJ-KOT,2022-06-24,32.5,38.8,26.9,43,64,0.0,0.0,10.7,325,24.59,6.65,973.3,17.1,257.0,25.202108,75.90713
RJ-KOT,2022-06-25,32.6,38.9,25.8,39,63,0.0,0.0,10.8,243,25.03,6.53,970.3,15.6,257.0,25.202108,75.90713
RJ-KOT,2022-06-26,35.1,41.4,27.6,34,56,0.0,0.0,17.7,104,22.58,7.07,969.8,16.0,257.0,25.202108,75.90713
RJ-KOT,2022-06-27,34.5,40.6,30.7,49,61,0.2,0.2,15.3,180,21.67,6.71,971.4,21.9,257.0,25.202108,75.90713
RJ-KOT,2022-06-28,33.7,40.6,30.8,54,73,4.2,4.2,22.5,252,17.57,6.22,971.1,22.9,257.0,25.202108,75.90713
RJ-KOT,2022-06-29,32.7,37.0,29.1,58,72,0.5,0.5,27.1,238,17.82,6.41,969.7,23.1,257.0,25.202108,75.90713
RJ-KOT,2022-06-30,28.8,34.0,26.6,82,93,13.9,13.9,13.1,176,8.93,2.37,970.6,25.0,257.0,25.202108,75.90713
RJ-KOT,2022-07-01,27.1,29.4,25.5,87,93,37.7,37.7,14.0,229,10.11,2.38,971.1,24.6,257.0,25.202108,75.90713
RJ-KOT,2022-07-02,28.5,33.0,25.3,79,93,1.4,1.4,14.8,252,17.79,4.09,969.8,24.2,257.0,25.202108,75.90713
RJ-KOT,2022-07-03,28.3,32.9,26.3,81,90,10.3,10.3,16.1,249,18.81,4.14,970.4,24.6,257.0,25.202108,75.90713
RJ-KOT,2022-07-04,29.3,33.2,25.6,77,94,9.0,9.0,12.4,245,18.57,4.24,970.0,24.7,257.0,25.202108,75.90713
RJ-KOT,2022-07-05,29.9,34.0,25.9,77,95,23.4,23.4,15.3,91,21.54,4.98,968.8,25.3,257.0,25.202108,75.90713
RJ-KOT,2022-07-06,29.7,34.5,26.0,78,97,3.7,3.7,22.8,104,21.41,5.03,971.0,25.2,257.0,25.202108,75.90713
RJ-KOT,2022-07-07,28.4,33.3,26.0,84,94,20.7,20.7,12.3,77,17.88,3.97,973.2,25.2,257.0,25.202108,75.90713
RJ-KOT,2022-07-08,28.9,33.8,25.7,81,95,3.6,3.6,12.6,181,20.57,4.63,971.4,25.0,257.0,25.202108,75.90713
RJ-KOT,2022-07-09,29.2,33.2,26.2,78,89,1.1,1.1,12.5,242,20.06,4.47,969.8,24.9,257.0,25.202108,75.90713
RJ-KOT,2022-07-10,28.3,32.2,25.6,83,96,22.5,22.5,9.5,349,17.31,3.78,970.9,25.0,257.0,25.202108,75.90713
RJ-KOT,2022-07-11,29.3,33.2,25.6,78,92,2.0,2.0,13.4,310,21.56,4.8,971.8,24.9,257.0,25.202108,75.90713
RJ-KOT,2022-07-12,28.8,33.5,26.0,81,94,21.9,21.9,15.1,303,21.34,4.74,971.3,25.1,257.0,25.202108,75.90713
RJ-KOT,2022-07-13,27.7,32.9,25.2,84,94,33.8,33.8,14.8,314,17.59,3.95,969.0,24.7,257.0,25.202108,75.90713
RJ-KOT,2022-07-14,28.6,34.0,25.0,82,96,29.1,29.1,19.3,40,20.79,4.58,967.4,25.0,257.0,25.202108,75.90713
RJ-KOT,2022-07-15,27.9,31.7,25.6,84,95,12.9,12.9,17.2,94,18.21,3.89,968.8,24.9,257.0,25.202108,75.90713
RJ-KOT,2022-07-16,27.5,30.7,25.2,83,94,7.9,7.9,13.4,154,13.26,2.95,970.4,24.3,257.0,25.202108,75.90713
RJ-KOT,2022-07-17,29.0,32.2,26.1,80,92,1.1,1.1,8.6,289,19.9,4.31,972.7,25.1,257.0,25.202108,75.90713
RJ-KOT,2022-07-18,28.4,32.3,25.1,83,98,15.6,15.6,12.7,2,16.85,3.77,972.0,25.1,257.0,25.202108,75.90713
RJ-KOT,2022-07-19,29.2,33.8,25.2,81,95,1.1,1.1,15.6,280,21.86,4.93,971.3,25.4,257.0,25.202108,75.90713
RJ-KOT,2022-07-20,28.5,33.1,26.0,81,93,13.5,13.5,16.6,265,19.25,4.46,972.7,24.8,257.0,25.202108,75.90713
RJ-KOT,2022-07-21,27.7,31.0,25.7,83,96,17.1,17.1,14.0,244,15.97,3.61,973.8,24.4,257.0,25.202108,75.90713
RJ-KOT,2022-07-22,27.1,29.2,25.6,85,95,20.5,20.5,16.7,269,12.78,2.83,975.0,24.4,257.0,25.202108,75.90713
RJ-KOT,2022-07-23,26.1,27.9,24.6,89,97,22.1,22.1,14.6,297,7.74,1.83,972.3,24.1,257.0,25.202108,75.90713
RJ-KOT,2022-07-24,27.0,30.9,25.5,87,96,7.6,7.6,13.7,197,14.48,3.16,971.3,24.5,257.0,25.202108,75.90713
RJ-KOT,2022-07-25,26.2,29.7,24.3,88,95,27.1,27.1,15.1,266,10.31,2.37,974.1,23.9,257.0,25.202108,75.90713
RJ-KOT,2022-07-26,25.8,27.7,24.4,89,94,41.1,41.1,14.9,255,6.53,1.62,975.5,23.9,257.0,25.202108,75.90713
RJ-KOT,2022-07-27,27.2,31.3,24.5,83,95,14.5,14.5,12.4,245,19.05,4.11,976.4,23.9,257.0,25.202108,75.90713
RJ-KOT,2022-07-28,27.1,31.1,25.1,85,93,11.6,11.6,13.0,245,12.21,2.71,978.0,24.3,257.0,25.202108,75.90713
RJ-KOT,2022-07-29,28.1,31.7,25.2,78,90,2.2,2.2,10.8,256,21.12,4.67,977.3,23.8,257.0,25.202108,75.90713
RJ-KOT,2022-07-30,28.5,32.5,25.1,73,91,0.4,0.4,17.5,257,21.05,5.04,975.7,22.9,257.0,25.202108,75.90713
RJ-KOT,2022-07-31,28.6,32.4,25.3,69,79,0.9,0.9,15.9,244,22.5,5.59,973.7,22.1,257.0,25.202108,75.90713
RJ-KOT,2022-08-01,28.1,31.9,25.7,76,90,1.0,1.0,19.7,255,21.22,4.93,973.9,23.4,257.0,25.202108,75.90713
RJ-KOT,2022-08-02,27.6,30.5,25.7,81,94,3.1,3.1,13.0,272,16.5,3.67,973.5,24.0,257.0,25.202108,75.90713
RJ-KOT,2022-08-03,28.1,31.3,25.7,85,95,2.4,2.4,8.5,311,18.47,3.92,973.8,25.1,257.0,25.202108,75.90713
RJ-KOT,2022-08-04,27.9,30.8,26.1,87,96,15.8,15.8,9.2,8,13.28,2.88,973.5,25.4,257.0,25.202108,75.90713
RJ-KOT,2022-08-05,27.9,31.1,25.9,87,97,2.9,2.9,5.9,145,19.12,4.0,971.8,25.4,257.0,25.202108,75.90713
RJ-KOT,2022-08-06,28.4,32.0,25.0,84,98,1.6,1.6,7.6,145,22.24,4.75,970.3,25.3,257.0,25.202108,75.90713
RJ-KOT,2022-08-07,28.6,32.4,26.1,84,96,11.3,11.3,7.0,342,18.6,3.98,970.0,25.6,257.0,25.202108,75.90713
RJ-KOT,2022-08-08,28.0,31.0,24.8,85,96,10.2,10.2,13.9,36,17.86,3.8,969.3,25.2,257.0,25.202108,75.90713
RJ-KOT,2022-08-09,27.7,31.2,25.7,88,97,15.0,15.0,13.3,43,16.96,3.57,968.4,25.3,257.0,25.202108,75.90713
RJ-KOT,2022-08-10,28.6,33.1,24.4,78,96,12.6,12.6,19.9,53,22.03,5.17,966.4,24.2,257.0,25.202108,75.90713
RJ-KOT,2022-08-11,27.5,31.4,25.8,83,92,8.7,8.7,19.9,76,18.1,4.01,967.0,24.4,257.0,25.202108,75.90713
RJ-KOT,2022-08-12,26.0,28.2,24.7,91,96,26.9,26.9,12.6,249,6.38,1.48,969.0,24.3,257.0,25.202108,75.90713
RJ-KOT,2022-08-13,27.1,31.1,24.3,83,97,25.2,25.2,20.4,241,16.19,3.65,970.9,23.8,257.0,25.202108,75.90713
RJ-KOT,2022-08-14,26.5,29.2,24.4,86,96,5.2,5.2,12.4,287,11.32,2.55,973.6,23.8,257.0,25.202108,75.90713
RJ-KOT,2022-08-15,26.0,29.1,24.7,89,96,27.6,27.6,14.3,333,11.98,2.57,972.5,23.9,257.0,25.202108,75.90713
RJ-KOT,2022-08-16,26.0,29.3,23.8,87,95,8.6,8.6,22.1,162,12.35,2.9,969.5,23.6,257.0,25.202108,75.90713
RJ-KOT,2022-08-17,26.7,30.2,24.3,82,92,15.0,15.0,23.8,180,16.55,3.88,973.1,23.2,257.0,25.202108,75.90713
RJ-KOT,2022-08-18,27.9,31.6,25.0,75,86,0.5,0.5,19.6,216,20.78,4.85,974.2,23.0,257.0,25.202108,75.90713
RJ-KOT,2022-08-19,27.6,30.9,24.8,79,89,1.9,1.9,13.2,263,19.52,4.32,974.8,23.5,257.0,25.202108,75.90713
RJ-KOT,2022-08-20,27.3,30.4,24.8,80,91,1.3,1.3,18.1,280,14.89,3.48,974.8,23.6,257.0,25.202108,75.90713
RJ-KOT,2022-08-21,26.1,31.0,23.7,88,96,34.3,34.3,18.2,297,12.97,2.9,973.1,23.9,257.0,25.202108,75.90713
RJ-KOT,2022-08-22,25.0,27.7,24.1,92,95,78.9,78.9,27.5,319,5.78,1.49,969.3,23.7,257.0,25.202108,75.90713
RJ-KOT,2022-08-23,26.1,29.2,23.7,82,97,11.7,11.7,32.8,191,15.91,3.66,969.0,22.7,257.0,25.202108,75.90713
RJ-KOT,2022-08-24,26.6,31.0,24.2,79,92,18.8,18.8,21.1,187,21.83,4.91,975.8,22.4,257.0,25.202108,75.90713
RJ-KOT,2022-08-25,26.3,30.0,23.9,81,93,3.2,3.2,13.2,210,12.78,2.89,976.4,22.6,257.0,25.202108,75.90713
RJ-KOT,2022-08-26,27.1,30.9,24.1,75,86,0.2,0.2,14.0,291,21.21,4.65,976.4,22.2,257.0,25.202108,75.90713
RJ-KOT,2022-08-27,27.2,31.1,24.1,76,89,0.4,0.4,14.2,284,22.12,4.88,976.3,22.5,257.0,25.202108,75.90713
RJ-KOT,2022-08-28,27.0,30.9,23.7,75,87,0.2,0.2,11.4,294,19.89,4.4,976.5,22.1,257.0,25.202108,75.90713
RJ-KOT,2022-08-29,27.1,30.3,23.5,77,92,0.0,0.0,6.6,268,14.86,3.35,978.9,22.4,257.0,25.202108,75.90713
RJ-KOT,2022-08-30,28.4,32.5,24.5,75,94,0.0,0.0,6.9,304,22.14,4.85,979.2,23.4,257.0,25.202108,75.90713
RJ-KOT,2022-08-31,28.8,32.4,25.1,75,87,0.1,0.1,9.6,292,21.2,4.78,977.5,23.8,257.0,25.202108,75.90713
RJ-KOT,2022-09-01,29.3,33.0,26.1,75,84,0.1,0.1,8.9,286,20.21,4.63,977.3,24.2,257.0,25.202108,75.90713
RJ-KOT,2022-09-02,28.1,32.2,25.9,83,93,1.2,1.2,15.8,303,17.14,3.71,978.6,24.9,257.0,25.202108,75.90713
RJ-KOT,2022-09-03,28.7,32.4,25.6,80,92,1.2,1.2,12.1,270,20.07,4.44,977.1,24.8,257.0,25.202108,75.90713
RJ-KOT,2022-09-04,28.7,32.6,25.9,75,86,0.3,0.3,15.1,246,21.39,4.9,975.8,23.8,257.0,25.202108,75.90713
RJ-KOT,2022-09-05,28.2,32.1,25.0,72,88,0.3,0.3,11.9,271,21.81,4.9,976.6,22.4,257.0,25.202108,75.90713
RJ-KOT,2022-09-06,28.2,31.9,24.4,72,86,0.0,0.0,7.6,316,22.5,4.9,977.5,22.4,257.0,25.202108,75.90713
RJ-KOT,2022-09-07,28.8,33.2,24.2,74,88,0.0,0.0,7.4,10,22.02,4.91,978.2,23.5,257.0,25.202108,75.90713
RJ-KOT,2022-09-08,29.9,34.1,25.8,69,93,0.0,0.0,14.1,41,22.41,5.46,978.3,23.3,257.0,25.202108,75.90713
RJ-KOT,2022-09-09,29.7,33.6,25.7,73,86,0.6,0.6,8.9,75,20.94,4.87,977.5,24.1,257.0,25.202108,75.90713
RJ-KOT,2022-09-10,29.3,33.5,26.8,78,92,0.3,0.3,11.1,89,21.34,4.77,976.7,24.8,257.0,25.202108,75.90713
RJ-KOT,2022-09-11,29.0,33.4,25.9,78,97,2.4,2.4,15.6,35,21.03,4.8,974.1,24.6,257.0,25.202108,75.90713
RJ-KOT,2022-09-12,28.8,32.3,26.2,75,88,1.0,1.0,17.1,46,18.05,4.4,971.9,23.9,257.0,25.202108,75.90713
RJ-KOT,2022-09-13,27.6,32.2,25.3,80,89,4.7,4.7,13.6,33,17.58,3.95,972.3,23.7,257.0,25.202108,75.90713
RJ-KOT,2022-09-14,26.2,28.5,24.3,88,96,20.3,20.3,11.1,331,11.04,2.43,973.3,24.0,257.0,25.202108,75.90713
RJ-KOT,2022-09-15,26.4,30.5,24.1,87,96,26.7,26.7,17.8,285,14.68,3.16,973.2,23.9,257.0,25.202108,75.90713
RJ-KOT,2022-09-16,28.0,32.3,24.2,77,94,0.1,0.1,17.2,283,21.15,4.8,972.1,23.4,257.0,25.202108,75.90713
RJ-KOT,2022-09-17,27.7,32.1,24.5,73,88,0.2,0.2,16.3,255,19.94,4.6,974.7,22.3,257.0,25.202108,75.90713
RJ-KOT,2022-09-18,27.5,32.0,23.8,71,82,0.0,0.0,13.8,292,22.04,5.03,977.6,21.7,257.0,25.202108,75.90713
RJ-KOT,2022-09-19,28.0,32.5,24.4,68,79,0.0,0.0,15.8,297,20.21,5.04,977.2,21.4,257.0,25.202108,75.90713
RJ-KOT,2022-09-20,28.1,33.3,24.5,69,82,0.0,0.0,18.9,317,21.42,5.26,976.2,21.5,257.0,25.202108,75.90713
RJ-KOT,2022-09-21,27.9,33.2,24.6,67,93,0.0,0.0,20.0,319,21.14,5.4,975.7,20.9,257.0,25.202108,75.90713
RJ-KOT,2022-09-22,25.7,28.5,24.1,85,94,22.3,22.3,16.4,293,8.49,2.16,974.7,22.9,257.0,25.202108,75.90713
RJ-KOT,2022-09-23,24.8,26.4,23.4,90,95,42.9,42.9,19.6,281,6.0,1.55,974.0,23.0,257.0,25.202108,75.90713
RJ-KOT,2022-09-24,27.1,31.3,24.0,75,91,1.1,1.1,24.2,254,14.89,4.12,974.6,22.1,257.0,25.202108,75.90713
RJ-KOT,2022-09-25,26.9,30.7,23.7,73,92,0.2,0.2,17.6,251,20.34,4.52,977.2,21.5,257.0,25.202108,75.90713
RJ-KOT,2022-09-26,26.7,31.0,22.8,75,92,0.0,0.0,7.4,301,18.86,4.12,979.8,21.6,257.0,25.202108,75.90713
RJ-KOT,2022-09-27,27.4,31.8,23.5,74,88,0.0,0.0,8.0,300,20.35,4.42,978.7,22.1,257.0,25.202108,75.90713
RJ-KOT,2022-09-28,27.6,32.3,23.3,74,95,0.0,0.0,7.3,276,18.85,4.14,977.8,22.1,257.0,25.202108,75.90713
RJ-KOT,2022-09-29,27.9,32.9,23.0,68,90,0.0,0.0,7.5,300,20.37,4.58,977.8,21.0,257.0,25.202108,75.90713
RJ-KOT,2022-09-30,27.8,33.3,23.2,64,81,0.0,0.0,10.6,303,20.33,4.89,978.1,20.0,257.0,25.202108,75.90713
RJ-KOT,2022-10-01,27.9,33.4,23.9,60,75,0.0,0.0,11.2,295,18.48,4.81,977.6,19.3,257.0,25.202108,75.90713
RJ-KOT,2022-10-02,27.9,33.5,23.8,60,72,0.0,0.0,11.7,301,20.33,5.06,978.0,19.1,257.0,25.202108,75.90713
RJ-KOT,2022-10-03,27.5,33.1,23.5,57,69,0.0,0.0,14.2,307,19.88,5.17,978.9,17.9,257.0,25.202108,75.90713
RJ-KOT,2022-10-04,28.2,33.4,23.2,53,66,0.0,0.0,20.3,332,19.76,5.67,979.2,17.5,257.0,25.202108,75.90713
RJ-KOT,2022-10-05,27.6,33.2,24.5,70,92,3.3,3.3,16.0,5,18.03,4.34,978.0,21.3,257.0,25.202108,75.90713
RJ-KOT,2022-10-06,27.2,31.5,23.3,75,97,0.0,0.0,15.8,40,16.94,4.27,977.9,22.1,257.0,25.202108,75.90713
RJ-KOT,2022-10-07,24.6,27.0,23.2,89,96,30.4,30.4,12.9,35,7.85,1.78,978.7,22.7,257.0,25.202108,75.90713
RJ-KOT,2022-10-08,24.8,28.3,23.3,89,97,18.9,18.9,15.1,119,8.77,1.95,978.3,22.7,257.0,25.202108,75.90713
RJ-KOT,2022-10-09,25.0,28.7,23.3,89,97,19.9,19.9,16.4,178,10.3,2.16,979.3,23.1,257.0,25.202108,75.90713
RJ-KOT,2022-10-10,25.5,28.3,23.0,87,97,2.0,2.0,7.6,244,12.73,2.59,981.1,23.1,257.0,25.202108,75.90713
RJ-KOT,2022-10-11,26.0,30.4,23.1,78,98,0.5,0.5,13.0,306,18.73,4.04,980.1,21.5,257.0,25.202108,75.90713
RJ-KOT,2022-10-12,25.0,30.7,20.9,72,91,0.0,0.0,10.5,331,19.94,4.37,981.5,19.0,257.0,25.202108,75.90713
RJ-KOT,2022-10-13,24.4,30.4,19.8,69,89,0.0,0.0,10.9,50,20.22,4.36,983.0,18.0,257.0,25.202108,75.90713
RJ-KOT,2022-10-14,24.1,30.2,18.4,70,97,0.0,0.0,9.4,54,20.21,4.27,983.1,17.7,257.0,25.202108,75.90713
RJ-KOT,2022-10-15,23.8,30.1,18.1,67,90,0.0,0.0,10.0,331,20.05,4.21,982.2,16.7,257.0,25.202108,75.90713
RJ-KOT,2022-10-16,24.9,30.1,20.6,59,81,0.0,0.0,8.1,73,19.9,4.24,984.1,15.8,257.0,25.202108,75.90713
RJ-KOT,2022-10-17,24.9,30.3,20.5,61,80,0.0,0.0,9.7,54,19.6,4.28,984.6,16.4,257.0,25.202108,75.90713
RJ-KOT,2022-10-18,24.9,30.4,20.3,60,84,0.0,0.0,9.7,116,19.6,4.14,983.2,15.8,257.0,25.202108,75.90713
RJ-KOT,2022-10-19,25.0,31.6,18.5,54,80,0.0,0.0,10.1,138,19.43,4.45,982.8,14.4,257.0,25.202108,75.90713
RJ-KOT,2022-10-20,24.6,31.8,18.4,52,78,0.0,0.0,10.6,126,19.44,4.65,983.9,13.1,257.0,25.202108,75.90713
RJ-KOT,2022-10-21,24.2,31.8,18.0,52,70,0.0,0.0,9.0,101,19.38,4.62,986.4,12.6,257.0,25.202108,75.90713
RJ-KOT,2022-10-22,24.9,32.0,18.0,50,77,0.0,0.0,10.3,297,18.97,4.45,987.5,12.9,257.0,25.202108,75.90713
RJ-KOT,2022-10-23,24.2,31.4,17.8,50,69,0.0,0.0,14.4,329,18.89,4.66,985.8,12.7,257.0,25.202108,75.90713
RJ-KOT,2022-10-24,22.9,30.1,17.1,55,81,0.0,0.0,16.5,338,19.07,4.73,982.2,12.5,257.0,25.202108,75.90713
RJ-KOT,2022-10-25,23.7,32.2,16.3,49,77,0.0,0.0,14.3,283,18.93,4.82,981.1,10.9,257.0,25.202108,75.90713
RJ-KOT,2022-10-26,24.8,32.3,18.6,45,63,0.0,0.0,10.2,341,18.62,4.41,983.9,11.0,257.0,25.202108,75.90713
RJ-KOT,2022-10-27,24.9,32.7,17.8,46,68,0.0,0.0,10.7,346,18.35,4.52,984.0,11.8,257.0,25.202108,75.90713
RJ-KOT,2022-10-28,25.3,32.6,18.0,45,74,0.0,0.0,10.4,316,18.17,4.65,983.9,11.7,257.0,25.202108,75.90713
RJ-KOT,2022-10-29,24.2,32.3,17.7,48,74,0.0,0.0,12.2,339,18.18,4.77,984.1,11.5,257.0,25.202108,75.90713
RJ-KOT,2022-10-30,23.8,31.1,16.7,53,84,0.0,0.0,10.7,357,18.15,4.28,985.1,12.6,257.0,25.202108,75.90713
RJ-KOT,2022-10-31,23.8,30.4,18.2,53,79,0.0,0.0,11.4,42,17.85,4.03,985.0,13.2,257.0,25.202108,75.90713
RJ-KOT,2022-11-01,24.5,30.7,17.5,54,80,0.0,0.0,9.2,151,17.51,3.87,985.5,13.9,257.0,25.202108,75.90713
RJ-KOT,2022-11-02,25.1,32.5,18.8,49,73,0.0,0.0,10.8,290,17.71,4.29,984.3,12.6,257.0,25.202108,75.90713
RJ-KOT,2022-11-03,24.6,32.7,17.8,52,69,0.0,0.0,10.7,314,17.36,4.46,983.3,13.6,257.0,25.202108,75.90713
RJ-KOT,2022-11-04,26.0,34.2,18.7,48,74,0.0,0.0,11.6,238,17.23,4.38,984.1,13.1,257.0,25.202108,75.90713
RJ-KOT,2022-11-05,24.9,33.2,18.0,47,70,0.0,0.0,10.8,12,17.23,4.13,985.4,12.0,257.0,25.202108,75.90713
RJ-KOT,2022-11-06,25.4,33.5,17.8,50,84,0.0,0.0,10.0,149,16.73,3.97,985.9,13.0,257.0,25.202108,75.90713
RJ-KOT,2022-11-07,25.8,33.0,19.9,49,76,0.0,0.0,10.5,117,14.01,3.73,985.0,13.4,257.0,25.202108,75.90713
RJ-KOT,2022-11-08,25.1,31.8,20.1,51,76,0.0,0.0,12.1,127,13.27,3.89,984.9,13.5,257.0,25.202108,75.90713
RJ-KOT,2022-11-09,24.5,31.8,18.5,57,92,0.0,0.0,14.4,237,14.58,3.94,985.3,13.9,257.0,25.202108,75.90713
RJ-KOT,2022-11-10,24.5,30.4,20.2,57,81,0.0,0.0,13.0,9,15.02,3.65,986.5,14.6,257.0,25.202108,75.90713
RJ-KOT,2022-11-11,23.3,29.3,18.2,58,91,0.0,0.0,13.3,4,16.25,3.89,987.7,13.5,257.0,25.202108,75.90713
RJ-KOT,2022-11-12,22.0,29.1,15.9,55,85,0.0,0.0,11.6,349,16.5,3.82,987.5,11.4,257.0,25.202108,75.90713
RJ-KOT,2022-11-13,21.6,28.2,15.4,56,86,0.0,0.0,9.7,60,16.37,3.38,986.1,11.5,257.0,25.202108,75.90713
RJ-KOT,2022-11-14,21.7,29.4,15.0,53,73,0.0,0.0,10.4,125,16.15,3.67,985.5,10.8,257.0,25.202108,75.90713
RJ-KOT,2022-11-15,22.6,29.9,16.4,53,75,0.0,0.0,10.7,87,15.85,3.77,985.4,12.0,257.0,25.202108,75.90713
RJ-KOT,2022-11-16,22.1,28.7,17.0,57,78,0.0,0.0,14.8,314,15.46,3.99,984.8,12.6,257.0,25.202108,75.90713
RJ-KOT,2022-11-17,19.8,27.2,13.8,54,86,0.0,0.0,13.0,337,16.01,3.74,985.7,9.2,257.0,25.202108,75.90713
RJ-KOT,2022-11-18,19.9,26.7,13.8,50,76,0.0,0.0,9.8,17,16.09,3.6,986.3,8.2,257.0,25.202108,75.90713
RJ-KOT,2022-11-19,19.5,26.9,14.1,53,69,0.0,0.0,10.5,111,15.79,3.49,986.2,8.9,257.0,25.202108,75.90713
RJ-KOT,2022-11-20,19.4,26.3,13.4,62,91,0.0,0.0,9.5,353,15.65,3.28,985.0,11.3,257.0,25.202108,75.90713
RJ-KOT,2022-11-21,19.1,26.4,12.0,63,95,0.0,0.0,8.2,314,15.79,3.13,984.6,10.9,257.0,25.202108,75.90713
RJ-KOT,2022-11-22,19.5,26.9,12.0,57,89,0.0,0.0,10.5,335,15.65,3.44,984.7,9.8,257.0,25.202108,75.90713
RJ-KOT,2022-11-23,19.1,26.6,12.2,54,81,0.0,0.0,10.9,337,15.34,3.47,985.1,8.8,257.0,25.202108,75.90713
RJ-KOT,2022-11-24,18.4,26.3,10.8,53,89,0.0,0.0,10.8,355,15.78,3.37,985.0,7.5,257.0,25.202108,75.90713
RJ-KOT,2022-11-25,18.8,26.3,13.3,55,80,0.0,0.0,10.2,31,15.6,3.24,986.3,8.7,257.0,25.202108,75.90713
RJ-KOT,2022-11-26,18.7,26.5,12.3,59,88,0.0,0.0,10.7,344,15.5,3.19,984.3,9.4,257.0,25.202108,75.90713
RJ-KOT,2022-11-27,19.1,26.8,11.9,57,90,0.0,0.0,10.9,88,15.47,3.07,981.8,9.4,257.0,25.202108,75.90713
RJ-KOT,2022-11-28,18.9,27.0,12.6,59,85,0.0,0.0,11.5,96,15.24,3.33,982.7,9.7,257.0,25.202108,75.90713
RJ-KOT,2022-11-29,19.5,26.9,14.0,57,80,0.0,0.0,10.5,62,15.01,3.31,984.9,10.0,257.0,25.202108,75.90713
RJ-KOT,2022-11-30,18.9,25.9,12.5,60,95,0.0,0.0,9.7,35,14.94,3.06,986.2,10.3,257.0,25.202108,75.90713
RJ-KOT,2022-12-01,18.4,25.4,12.6,61,93,0.0,0.0,10.8,41,15.11,3.03,985.5,9.8,257.0,25.202108,75.90713
RJ-KOT,2022-12-02,18.4,25.6,11.7,62,92,0.0,0.0,10.2,76,14.8,2.94,984.0,10.2,257.0,25.202108,75.90713
RJ-KOT,2022-12-03,18.8,26.4,12.4,63,95,0.0,0.0,9.3,43,14.48,3.0,984.4,11.0,257.0,25.202108,75.90713
RJ-KOT,2022-12-04,19.0,26.1,14.2,61,86,0.0,0.0,10.1,22,14.52,3.06,985.5,10.5,257.0,25.202108,75.90713
RJ-KOT,2022-12-05,18.5,25.5,12.1,60,93,0.0,0.0,11.4,35,14.43,3.09,986.9,9.9,257.0,25.202108,75.90713
RJ-KOT,2022-12-06,18.2,25.4,11.5,65,99,0.0,0.0,12.0,20,14.27,3.08,986.7,10.5,257.0,25.202108,75.90713
RJ-KOT,2022-12-07,17.5,25.7,10.3,59,94,0.0,0.0,11.5,328,14.82,3.17,986.1,8.4,257.0,25.202108,75.90713
RJ-KOT,2022-12-08,17.8,25.7,10.8,55,87,0.0,0.0,10.5,350,14.67,2.97,986.0,7.6,257.0,25.202108,75.90713
RJ-KOT,2022-12-09,18.2,26.0,11.9,60,88,0.0,0.0,11.9,37,14.57,3.11,984.4,9.4,257.0,25.202108,75.90713
RJ-KOT,2022-12-10,17.9,26.2,11.3,66,97,0.0,0.0,12.9,37,14.53,3.12,984.4,10.4,257.0,25.202108,75.90713
RJ-KOT,2022-12-11,18.5,26.6,11.1,68,99,0.0,0.0,10.4,24,14.11,3.01,985.1,11.5,257.0,25.202108,75.90713
RJ-KOT,2022-12-12,20.1,27.5,13.1,60,95,0.0,0.0,12.9,39,13.77,3.31,984.5,11.2,257.0,25.202108,75.90713
RJ-KOT,2022-12-13,19.5,26.1,14.3,54,82,0.0,0.0,12.4,28,10.25,2.92,986.3,9.0,257.0,25.202108,75.90713
RJ-KOT,2022-12-14,19.2,25.9,13.2,55,87,0.0,0.0,9.2,3,13.09,3.0,986.6,8.9,257.0,25.202108,75.90713
RJ-KOT,2022-12-15,18.9,26.2,12.0,58,93,0.0,0.0,9.3,12,14.02,3.06,985.3,9.8,257.0,25.202108,75.90713
RJ-KOT,2022-12-16,18.9,26.6,12.3,62,91,0.0,0.0,9.0,39,14.25,2.84,984.0,10.9,257.0,25.202108,75.90713
RJ-KOT,2022-12-17,19.2,26.6,13.2,66,92,0.0,0.0,9.9,39,14.22,2.87,985.5,12.1,257.0,25.202108,75.90713
RJ-KOT,2022-12-18,18.1,26.1,12.6,62,91,0.0,0.0,9.8,74,14.05,2.92,985.6,9.8,257.0,25.202108,75.90713
RJ-KOT,2022-12-19,18.4,26.4,12.0,62,95,0.0,0.0,10.4,51,13.99,2.93,984.3,10.1,257.0,25.202108,75.90713
RJ-KOT,2022-12-20,18.5,26.1,11.3,60,98,0.0,0.0,9.7,49,13.77,3.03,983.5,9.6,257.0,25.202108,75.90713
RJ-KOT,2022-12-21,19.2,26.4,13.2,58,83,0.0,0.0,12.6,44,13.65,2.98,983.7,10.3,257.0,25.202108,75.90713
RJ-KOT,2022-12-22,18.0,25.1,12.7,66,92,0.0,0.0,10.2,11,13.83,2.88,983.3,11.1,257.0,25.202108,75.90713
RJ-KOT,2022-12-23,17.9,25.6,12.3,65,85,0.0,0.0,12.4,349,13.91,2.75,982.3,10.5,257.0,25.202108,75.90713
RJ-KOT,2022-12-24,15.8,22.7,10.9,66,95,0.0,0.0,14.3,358,14.22,2.93,984.9,8.7,257.0,25.202108,75.90713
RJ-KOT,2022-12-25,14.0,21.3,8.3,57,89,0.0,0.0,9.7,12,14.37,2.9,986.2,4.4,257.0,25.202108,75.90713
RJ-KOT,2022-12-26,14.3,22.0,7.3,57,88,0.0,0.0,12.4,16,14.34,2.93,987.4,5.2,257.0,25.202108,75.90713
RJ-KOT,2022-12-27,14.1,21.9,7.6,61,89,0.0,0.0,9.4,356,14.48,2.73,988.4,5.9,257.0,25.202108,75.90713
RJ-KOT,2022-12-28,15.4,24.0,7.3,59,91,0.0,0.0,9.9,311,14.37,2.7,988.5,6.0,257.0,25.202108,75.90713
RJ-KOT,2022-12-29,17.7,25.9,10.1,49,77,0.0,0.0,11.2,145,14.12,3.08,988.1,6.1,257.0,25.202108,75.90713
RJ-KOT,2022-12-30,19.7,26.5,14.6,52,66,0.0,0.0,12.7,343,13.36,3.41,988.4,9.2,257.0,25.202108,75.90713
RJ-KOT,2022-12-31,16.0,22.1,10.6,58,82,0.0,0.0,11.1,348,14.6,2.97,989.8,7.2,257.0,25.202108,75.90713
RJ-KOT,2023-01-01,14.4,21.8,8.0,65,93,0.0,0.0,9.5,356,14.57,2.63,989.7,7.0,257.0,25.202108,75.90713
RJ-KOT,2023-01-02,14.5,21.7,8.6,68,97,0.0,0.0,7.9,55,14.57,2.65,989.9,8.1,257.0,25.202108,75.90713
RJ-KOT,2023-01-03,13.3,20.7,7.7,71,97,0.0,0.0,13.7,28,14.51,2.65,990.9,7.3,257.0,25.202108,75.90713
RJ-KOT,2023-01-04,11.5,19.0,6.2,70,97,0.0,0.0,11.8,21,15.12,2.62,991.6,5.0,257.0,25.202108,75.90713
RJ-KOT,2023-01-05,10.8,19.4,4.8,72,98,0.0,0.0,12.0,43,15.27,2.59,992.3,5.0,257.0,25.202108,75.90713
RJ-KOT,2023-01-06,11.0,19.6,4.1,70,99,0.0,0.0,9.4,35,15.0,2.54,992.7,4.6,257.0,25.202108,75.90713
RJ-KOT,2023-01-07,12.8,21.7,5.7,68,99,0.0,0.0,10.6,21,14.87,2.63,991.1,6.0,257.0,25.202108,75.90713
RJ-KOT,2023-01-08,14.9,24.4,7.1,65,97,0.0,0.0,9.7,16,15.0,2.77,988.9,7.4,257.0,25.202108,75.90713
RJ-KOT,2023-01-09,16.6,25.4,10.4,65,90,0.0,0.0,9.7,71,14.88,2.82,989.4,9.2,257.0,25.202108,75.90713
RJ-KOT,2023-01-10,17.2,25.4,9.8,67,98,0.0,0.0,9.6,58,14.84,2.8,988.6,10.2,257.0,25.202108,75.90713
RJ-KOT,2023-01-11,19.5,27.4,12.7,58,85,0.0,0.0,13.6,196,14.85,3.65,984.3,9.9,257.0,25.202108,75.90713
RJ-KOT,2023-01-12,19.8,26.7,13.1,58,81,0.1,0.1,12.7,247,11.84,2.96,981.5,11.0,257.0,25.202108,75.90713
RJ-KOT,2023-01-13,18.7,25.2,14.4,52,84,0.0,0.0,13.7,274,15.39,3.68,982.9,7.7,257.0,25.202108,75.90713
RJ-KOT,2023-01-14,14.8,20.8,10.4,58,87,0.0,0.0,11.9,332,15.49,3.17,986.7,6.0,257.0,25.202108,75.90713
RJ-KOT,2023-01-15,11.0,17.9,5.0,53,74,0.0,0.0,11.0,340,16.3,2.85,986.2,1.1,257.0,25.202108,75.90713
RJ-KOT,2023-01-16,12.1,19.4,7.1,56,84,0.0,0.0,10.8,38,16.17,2.82,986.3,2.8,257.0,25.202108,75.90713
RJ-KOT,2023-01-17,12.4,20.1,5.6,57,92,0.0,0.0,10.5,28,16.12,2.92,987.0,3.2,257.0,25.202108,75.90713
RJ-KOT,2023-01-18,13.2,20.8,7.4,50,81,0.0,0.0,11.6,59,16.07,3.14,988.4,1.7,257.0,25.202108,75.90713
RJ-KOT,2023-01-19,13.8,22.5,6.0,53,90,0.0,0.0,11.4,63,15.83,3.21,987.7,3.5,257.0,25.202108,75.90713
RJ-KOT,2023-01-20,14.8,23.2,8.0,60,81,0.0,0.0,10.0,37,15.55,2.99,985.5,6.7,257.0,25.202108,75.90713
RJ-KOT,2023-01-21,16.5,25.3,8.9,65,91,0.0,0.0,13.6,39,15.8,3.12,985.4,9.1,257.0,25.202108,75.90713
RJ-KOT,2023-01-22,17.0,25.4,10.5,71,98,0.0,0.0,9.8,344,15.8,2.99,984.1,10.6,257.0,25.202108,75.90713
RJ-KOT,2023-01-23,17.2,23.8,12.1,81,100,0.0,0.0,8.8,54,11.9,2.24,983.9,13.6,257.0,25.202108,75.90713
RJ-KOT,2023-01-24,18.8,26.9,14.3,72,100,0.0,0.0,14.1,252,14.15,3.11,983.0,12.5,257.0,25.202108,75.90713
RJ-KOT,2023-01-25,16.7,23.3,12.0,67,95,0.0,0.0,14.6,325,16.18,3.33,985.1,9.9,257.0,25.202108,75.90713
RJ-KOT,2023-01-26,16.0,22.5,10.0,65,92,0.0,0.0,14.1,2,15.3,3.18,987.6,8.9,257.0,25.202108,75.90713
RJ-KOT,2023-01-27,14.4,22.1,9.1,63,93,0.0,0.0,13.3,357,16.82,3.28,988.2,6.4,257.0,25.202108,75.90713
RJ-KOT,2023-01-28,15.2,24.0,6.6,59,93,0.0,0.0,9.2,20,16.17,3.1,985.2,6.4,257.0,25.202108,75.90713
RJ-KOT,2023-01-29,17.8,25.3,12.8,66,87,11.6,11.6,25.0,39,15.16,3.43,982.6,10.9,257.0,25.202108,75.90713
RJ-KOT,2023-01-30,16.4,20.8,13.1,88,100,29.6,29.6,9.7,75,9.63,1.68,986.2,14.3,257.0,25.202108,75.90713
RJ-KOT,2023-01-31,15.2,21.6,11.3,85,100,0.1,0.1,12.4,345,14.03,2.42,988.7,12.5,257.0,25.202108,75.90713
RJ-KOT,2023-02-01,13.6,19.9,8.5,75,96,0.0,0.0,9.7,312,17.99,2.96,988.6,8.7,257.0,25.202108,75.90713
RJ-KOT,2023-02-02,15.0,22.2,7.5,74,94,0.0,0.0,10.2,314,17.9,3.04,987.5,10.0,257.0,25.202108,75.90713
RJ-KOT,2023-02-03,16.4,23.9,10.6,74,99,0.0,0.0,10.7,353,17.85,3.19,986.9,11.3,257.0,25.202108,75.90713
RJ-KOT,2023-02-04,17.4,25.0,11.1,68,85,0.0,0.0,9.0,163,17.76,3.28,984.9,10.9,257.0,25.202108,75.90713
RJ-KOT,2023-02-05,18.2,26.1,12.1,66,85,0.0,0.0,11.3,115,17.72,3.48,983.1,11.4,257.0,25.202108,75.90713
RJ-KOT,2023-02-06,19.7,28.5,12.4,62,87,0.0,0.0,10.8,217,17.83,3.66,982.2,11.6,257.0,25.202108,75.90713
RJ-KOT,2023-02-07,18.6,24.8,13.8,58,79,0.0,0.0,12.2,298,18.55,3.87,983.1,9.6,257.0,25.202108,75.90713
RJ-KOT,2023-02-08,17.2,25.4,10.2,64,90,0.0,0.0,12.7,352,18.36,3.57,984.5,9.6,257.0,25.202108,75.90713
RJ-KOT,2023-02-09,19.6,29.1,11.6,58,87,0.0,0.0,15.6,183,18.32,4.19,983.1,9.9,257.0,25.202108,75.90713
RJ-KOT,2023-02-10,23.3,31.7,17.2,40,57,0.0,0.0,15.4,244,18.65,5.49,982.3,8.2,257.0,25.202108,75.90713
RJ-KOT,2023-02-11,20.8,27.9,15.6,54,74,0.0,0.0,12.3,314,18.35,4.29,984.5,11.0,257.0,25.202108,75.90713
RJ-KOT,2023-02-12,18.3,25.7,12.1,54,91,0.0,0.0,11.5,317,19.11,4.08,988.1,7.7,257.0,25.202108,75.90713
RJ-KOT,2023-02-13,16.0,23.2,9.8,44,60,0.0,0.0,8.4,304,19.6,3.85,988.2,3.2,257.0,25.202108,75.90713
RJ-KOT,2023-02-14,17.8,26.4,9.5,48,66,0.0,0.0,10.6,308,19.3,3.97,986.7,6.1,257.0,25.202108,75.90713
RJ-KOT,2023-02-15,20.5,28.9,11.8,47,66,0.0,0.0,10.5,302,19.5,4.31,984.5,8.2,257.0,25.202108,75.90713
RJ-KOT,2023-02-16,20.7,29.6,11.9,53,81,0.0,0.0,9.4,322,19.72,4.33,985.0,10.0,257.0,25.202108,75.90713
RJ-KOT,2023-02-17,20.7,29.5,12.6,64,94,0.0,0.0,12.0,336,19.66,4.11,985.9,12.7,257.0,25.202108,75.90713
RJ-KOT,2023-02-18,21.4,29.5,13.5,64,96,0.0,0.0,10.8,352,19.81,4.06,985.5,13.5,257.0,25.202108,75.90713
RJ-KOT,2023-02-19,22.2,31.2,13.5,56,90,0.0,0.0,11.7,140,19.98,4.33,984.6,11.9,257.0,25.202108,75.90713
RJ-KOT,2023-02-20,24.7,34.2,16.0,40,69,0.0,0.0,16.6,220,20.25,5.88,982.4,8.6,257.0,25.202108,75.90713
RJ-KOT,2023-02-21,25.4,33.8,18.5,29,44,0.0,0.0,13.2,261,20.28,6.02,982.3,5.5,257.0,25.202108,75.90713
RJ-KOT,2023-02-22,23.6,31.2,17.1,47,68,0.0,0.0,9.8,320,19.69,4.66,982.9,11.1,257.0,25.202108,75.90713
RJ-KOT,2023-02-23,23.3,30.9,16.0,54,87,0.0,0.0,9.8,348,18.48,4.24,983.2,12.6,257.0,25.202108,75.90713
RJ-KOT,2023-02-24,24.0,31.3,17.2,52,84,0.0,0.0,11.5,62,19.06,4.42,985.0,12.5,257.0,25.202108,75.90713
RJ-KOT,2023-02-25,23.9,31.9,16.4,51,89,0.0,0.0,14.8,96,20.29,4.81,986.3,11.8,257.0,25.202108,75.90713
RJ-KOT,2023-02-26,24.3,32.1,17.7,44,68,0.0,0.0,13.3,44,20.25,5.19,987.6,10.2,257.0,25.202108,75.90713
RJ-KOT,2023-02-27,24.3,31.8,16.9,45,79,0.0,0.0,13.3,16,20.52,4.89,987.4,10.5,257.0,25.202108,75.90713
RJ-KOT,2023-02-28,24.8,32.9,17.4,41,64,0.0,0.0,12.8,99,20.17,5.04,986.7,9.4,257.0,25.202108,75.90713
RJ-KOT,2023-03-01,24.9,34.0,17.1,42,69,0.0,0.0,14.4,37,20.18,5.16,987.2,9.7,257.0,25.202108,75.90713
RJ-KOT,2023-03-02,24.9,33.1,17.4,47,80,0.0,0.0,12.4,37,20.2,4.89,988.2,11.3,257.0,25.202108,75.90713
RJ-KOT,2023-03-03,25.8,34.4,18.6,44,69,0.0,0.0,17.1,65,20.42,5.3,988.8,11.2,257.0,25.202108,75.90713
RJ-KOT,2023-03-04,25.1,31.9,20.7,49,63,0.1,0.1,30.3,64,17.69,4.68,989.0,13.0,257.0,25.202108,75.90713
RJ-KOT,2023-03-05,24.5,33.3,18.0,52,82,0.0,0.0,18.1,216,18.44,4.75,988.5,12.6,257.0,25.202108,75.90713
RJ-KOT,2023-03-06,23.5,30.8,17.4,57,92,0.0,0.0,18.7,288,18.36,4.36,986.8,13.5,257.0,25.202108,75.90713
RJ-KOT,2023-03-07,24.5,30.6,19.8,49,78,0.0,0.0,11.6,82,18.28,4.6,986.1,12.1,257.0,25.202108,75.90713
RJ-KOT,2023-03-08,22.6,29.8,17.6,57,74,1.4,1.4,20.2,285,18.32,4.05,987.2,13.1,257.0,25.202108,75.90713
RJ-KOT,2023-03-09,21.6,28.6,15.6,64,96,0.0,0.0,15.8,2,21.11,4.64,987.0,13.5,257.0,25.202108,75.90713
RJ-KOT,2023-03-10,23.1,30.2,16.3,54,92,0.0,0.0,12.6,356,21.39,4.93,986.6,12.2,257.0,25.202108,75.90713
RJ-KOT,2023-03-11,24.3,31.6,17.0,44,73,0.0,0.0,10.1,68,22.14,5.04,985.9,10.1,257.0,25.202108,75.90713
RJ-KOT,2023-03-12,25.8,33.5,17.8,38,64,0.0,0.0,12.7,77,22.29,5.7,985.1,9.4,257.0,25.202108,75.90713
RJ-KOT,2023-03-13,26.6,34.1,19.8,37,58,0.0,0.0,13.8,79,19.53,5.32,983.5,9.4,257.0,25.202108,75.90713
RJ-KOT,2023-03-14,26.4,34.1,19.4,39,66,0.0,0.0,12.2,358,21.93,5.57,981.3,10.0,257.0,25.202108,75.90713
RJ-KOT,2023-03-15,27.0,35.3,19.7,34,60,0.0,0.0,14.8,129,19.37,5.71,979.7,8.3,257.0,25.202108,75.90713
RJ-KOT,2023-03-16,26.1,30.6,22.2,38,55,0.8,0.8,19.8,347,18.51,5.59,980.9,10.2,257.0,25.202108,75.90713
RJ-KOT,2023-03-17,24.8,31.1,19.6,50,81,1.6,1.6,17.6,305,20.39,5.03,981.8,12.6,257.0,25.202108,75.90713
RJ-KOT,2023-03-18,23.7,30.1,18.0,62,95,0.2,0.2,12.8,303,20.9,4.62,980.5,15.0,257.0,25.202108,75.90713
RJ-KOT,2023-03-19,23.8,31.1,19.0,58,84,0.9,0.9,18.0,300,20.23,4.76,978.6,14.0,257.0,25.202108,75.90713
RJ-KOT,2023-03-20,22.0,27.7,17.7,71,96,0.8,0.8,21.9,305,19.12,4.1,978.2,15.8,257.0,25.202108,75.90713
RJ-KOT,2023-03-21,23.2,30.0,17.2,60,93,0.0,0.0,15.4,352,21.76,5.15,979.0,13.5,257.0,25.202108,75.90713
RJ-KOT,2023-03-22,23.7,30.7,17.3,57,83,0.0,0.0,8.4,64,20.26,4.64,980.6,13.6,257.0,25.202108,75.90713
RJ-KOT,2023-03-23,24.7,31.0,17.9,55,91,0.0,0.0,9.9,294,20.49,4.76,980.0,13.3,257.0,25.202108,75.90713
RJ-KOT,2023-03-24,26.6,32.4,21.1,43,63,0.0,0.0,17.3,229,20.48,6.12,979.1,12.5,257.0,25.202108,75.90713
RJ-KOT,2023-03-25,25.8,32.5,19.1,39,67,0.0,0.0,14.8,255,23.67,6.1,981.4,9.4,257.0,25.202108,75.90713
RJ-KOT,2023-03-26,25.4,32.2,18.5,44,67,0.0,0.0,14.9,12,21.91,5.85,981.2,11.2,257.0,25.202108,75.90713
RJ-KOT,2023-03-27,26.2,32.8,20.0,41,64,0.0,0.0,15.7,359,22.34,5.98,981.0,10.9,257.0,25.202108,75.90713
RJ-KOT,2023-03-28,26.3,33.5,18.8,37,64,0.0,0.0,12.7,355,22.9,5.89,980.8,8.9,257.0,25.202108,75.90713
RJ-KOT,2023-03-29,28.2,35.4,19.9,31,57,0.0,0.0,17.3,94,22.62,6.16,980.3,8.2,257.0,25.202108,75.90713
RJ-KOT,2023-03-30,26.4,33.2,20.6,43,78,0.7,0.7,24.6,319,20.23,6.14,978.8,11.6,257.0,25.202108,75.90713
RJ-KOT,2023-03-31,23.6,30.6,18.6,60,84,1.1,1.1,20.3,313,19.92,4.72,979.1,14.4,257.0,25.202108,75.90713
RJ-KOT,2023-04-01,24.9,31.5,18.7,56,88,0.0,0.0,14.9,331,22.26,5.39,979.8,14.3,257.0,25.202108,75.90713
RJ-KOT,2023-04-02,26.1,32.3,19.8,47,73,0.0,0.0,15.7,355,20.13,5.55,979.5,12.8,257.0,25.202108,75.90713
RJ-KOT,2023-04-03,28.0,35.4,20.7,34,61,0.0,0.0,22.6,245,19.92,6.72,978.2,9.1,257.0,25.202108,75.90713
RJ-KOT,2023-04-04,27.7,33.1,22.9,37,56,1.0,1.0,18.2,284,21.31,6.25,980.0,11.2,257.0,25.202108,75.90713
RJ-KOT,2023-04-05,26.9,34.3,20.5,34,61,0.0,0.0,12.7,297,23.82,6.47,980.2,8.1,257.0,25.202108,75.90713
RJ-KOT,2023-04-06,27.5,34.3,20.2,31,61,0.0,0.0,19.1,29,23.74,6.81,982.0,7.8,257.0,25.202108,75.90713
RJ-KOT,2023-04-07,27.6,35.0,20.8,34,54,0.0,0.0,17.3,128,20.51,6.09,984.1,9.2,257.0,25.202108,75.90713
RJ-KOT,2023-04-08,28.3,34.9,23.5,33,46,0.0,0.0,23.9,286,22.74,6.46,984.9,9.9,257.0,25.202108,75.90713
RJ-KOT,2023-04-09,27.8,34.6,21.3,38,65,0.0,0.0,14.5,305,23.16,6.07,985.0,10.6,257.0,25.202108,75.90713
RJ-KOT,2023-04-10,28.8,36.8,20.6,27,59,0.0,0.0,11.2,32,24.78,6.49,983.4,5.9,257.0,25.202108,75.90713
RJ-KOT,2023-04-11,30.2,38.5,21.9,23,46,0.0,0.0,16.1,353,23.34,6.58,982.8,5.6,257.0,25.202108,75.90713
RJ-KOT,2023-04-12,30.9,39.1,22.1,26,53,0.0,0.0,15.5,263,23.84,7.05,981.9,8.0,257.0,25.202108,75.90713
RJ-KOT,2023-04-13,31.1,38.6,23.3,27,45,0.0,0.0,15.6,296,24.49,7.24,981.0,9.0,257.0,25.202108,75.90713
RJ-KOT,2023-04-14,31.7,39.2,24.6,24,40,0.0,0.0,17.6,306,24.37,7.51,980.1,7.7,257.0,25.202108,75.90713
RJ-KOT,2023-04-15,32.3,39.6,24.8,22,35,0.0,0.0,12.9,252,24.54,7.57,979.8,7.1,257.0,25.202108,75.90713
RJ-KOT,2023-04-16,32.6,38.8,24.7,20,38,0.0,0.0,19.1,244,24.4,8.42,979.0,5.9,257.0,25.202108,75.90713
RJ-KOT,2023-04-17,32.3,39.2,24.4,24,35,0.0,0.0,14.9,287,25.13,7.63,979.3,8.1,257.0,25.202108,75.90713
RJ-KOT,2023-04-18,33.1,40.4,26.2,21,34,0.0,0.0,18.1,275,24.98,8.64,980.3,6.7,257.0,25.202108,75.90713
RJ-KOT,2023-04-19,32.8,39.7,25.9,21,33,0.0,0.0,25.8,270,24.71,8.57,977.8,7.3,257.0,25.202108,75.90713
RJ-KOT,2023-04-20,32.3,38.4,25.6,22,37,0.0,0.0,20.3,255,24.77,8.55,974.7,6.9,257.0,25.202108,75.90713
RJ-KOT,2023-04-21,31.0,37.0,24.4,16,29,0.0,0.0,19.5,284,25.73,8.52,975.4,0.9,257.0,25.202108,75.90713
RJ-KOT,2023-04-22,29.4,37.4,21.2,17,28,0.0,0.0,16.3,302,25.78,6.93,975.6,0.6,257.0,25.202108,75.90713
RJ-KOT,2023-04-23,28.4,36.1,21.6,22,40,0.1,0.1,23.9,296,21.0,6.74,976.1,3.2,257.0,25.202108,75.90713
RJ-KOT,2023-04-24,27.5,33.4,20.2,37,63,0.0,0.0,17.7,47,23.49,6.52,979.7,9.9,257.0,25.202108,75.90713
RJ-KOT,2023-04-25,29.4,35.9,23.2,30,49,0.0,0.0,18.4,73,24.91,7.65,980.8,9.1,257.0,25.202108,75.90713
RJ-KOT,2023-04-26,29.1,36.7,23.4,35,52,0.3,0.3,29.4,141,19.33,6.18,979.4,11.4,257.0,25.202108,75.90713
RJ-KOT,2023-04-27,28.5,36.4,22.0,45,77,0.1,0.1,31.6,246,22.86,6.62,978.8,13.9,257.0,25.202108,75.90713
RJ-KOT,2023-04-28,28.5,34.5,22.6,44,70,0.4,0.4,22.7,229,19.99,5.87,979.9,14.2,257.0,25.202108,75.90713
RJ-KOT,2023-04-29,26.2,30.4,23.3,56,78,1.2,1.2,15.5,232,12.02,3.89,979.5,16.5,257.0,25.202108,75.90713
RJ-KOT,2023-04-30,24.9,30.2,20.6,64,89,5.7,5.7,12.6,198,19.33,4.4,978.1,17.1,257.0,25.202108,75.90713
RJ-KOT,2023-05-01,24.2,29.9,19.4,70,95,1.3,1.3,18.5,270,20.24,4.43,977.4,17.8,257.0,25.202108,75.90713
RJ-KOT,2023-05-02,26.3,32.9,20.4,61,91,2.3,2.3,13.9,292,20.69,4.74,978.5,17.2,257.0,25.202108,75.90713
RJ-KOT,2023-05-03,26.0,33.1,20.4,65,93,6.5,6.5,22.1,325,20.83,4.84,980.2,18.2,257.0,25.202108,75.90713
RJ-KOT,2023-05-04,27.7,33.9,21.2,54,85,0.0,0.0,13.5,344,23.26,5.74,979.6,16.3,257.0,25.202108,75.90713
RJ-KOT,2023-05-05,29.8,36.9,22.2,40,69,0.0,0.0,16.0,26,24.85,6.8,978.4,12.9,257.0,25.202108,75.90713
RJ-KOT,2023-05-06,31.5,38.5,24.2,33,50,0.0,0.0,14.6,265,23.18,7.02,977.3,12.6,257.0,25.202108,75.90713
RJ-KOT,2023-05-07,32.3,38.6,25.6,33,52,0.0,0.0,11.8,294,22.33,6.46,977.0,12.7,257.0,25.202108,75.90713
RJ-KOT,2023-05-08,33.1,40.5,25.9,24,49,0.0,0.0,19.0,296,24.51,8.19,976.1,6.9,257.0,25.202108,75.90713
RJ-KOT,2023-05-09,32.0,40.2,24.0,18,34,0.0,0.0,18.0,332,26.0,8.38,978.0,2.5,257.0,25.202108,75.90713
RJ-KOT,2023-05-10,31.9,41.1,22.2,18,37,0.0,0.0,19.0,313,26.2,8.04,977.8,2.4,257.0,25.202108,75.90713
RJ-KOT,2023-05-11,33.5,41.8,24.0,18,42,0.0,0.0,12.2,277,25.89,7.18,978.1,3.8,257.0,25.202108,75.90713
RJ-KOT,2023-05-12,33.9,43.2,24.1,17,33,0.0,0.0,12.7,189,25.84,7.98,977.3,2.7,257.0,25.202108,75.90713
RJ-KOT,2023-05-13,35.2,44.2,26.9,15,24,0.0,0.0,13.3,302,24.97,8.12,975.9,3.5,257.0,25.202108,75.90713
RJ-KOT,2023-05-14,35.4,43.8,27.4,17,25,0.0,0.0,21.3,281,23.43,8.81,974.1,5.5,257.0,25.202108,75.90713
RJ-KOT,2023-05-15,35.0,42.8,28.0,20,31,0.0,0.0,23.2,262,24.71,10.04,974.4,7.1,257.0,25.202108,75.90713
RJ-KOT,2023-05-16,35.2,41.2,29.6,28,43,0.0,0.0,17.7,262,22.62,8.73,976.6,12.7,257.0,25.202108,75.90713
RJ-KOT,2023-05-17,35.5,41.2,29.5,27,47,0.0,0.0,16.2,253,23.59,9.18,977.7,12.0,257.0,25.202108,75.90713
RJ-KOT,2023-05-18,34.1,40.3,28.2,27,41,0.0,0.0,17.0,315,23.94,7.59,979.8,11.9,257.0,25.202108,75.90713
RJ-KOT,2023-05-19,34.7,41.3,27.9,24,40,0.0,0.0,14.5,298,24.74,8.02,978.3,10.0,257.0,25.202108,75.90713
RJ-KOT,2023-05-20,35.5,43.2,27.7,22,36,0.0,0.0,24.3,273,24.8,8.6,976.7,9.2,257.0,25.202108,75.90713
RJ-KOT,2023-05-21,36.8,43.4,31.3,21,31,0.0,0.0,20.5,257,23.19,10.01,977.4,10.5,257.0,25.202108,75.90713
RJ-KOT,2023-05-22,37.0,43.3,31.2,23,34,0.0,0.0,20.6,243,23.27,9.8,978.1,11.5,257.0,25.202108,75.90713
RJ-KOT,2023-05-23,36.5,41.8,30.4,23,33,0.0,0.0,22.1,252,24.18,10.14,978.4,11.3,257.0,25.202108,75.90713
RJ-KOT,2023-05-24,34.4,41.4,29.3,34,57,0.2,0.2,18.5,260,23.9,8.72,977.0,15.1,257.0,25.202108,75.90713
RJ-KOT,2023-05-25,31.9,37.4,27.3,44,65,0.8,0.8,37.5,241,20.31,6.71,976.3,17.6,257.0,25.202108,75.90713
RJ-KOT,2023-05-26,32.4,39.2,26.1,40,68,0.4,0.4,20.0,244,23.64,7.78,977.1,16.2,257.0,25.202108,75.90713
RJ-KOT,2023-05-27,31.9,37.9,27.1,47,65,0.4,0.4,24.5,271,22.66,6.5,976.2,18.5,257.0,25.202108,75.90713
RJ-KOT,2023-05-28,30.9,37.1,23.9,50,80,1.4,1.4,33.2,305,19.71,5.97,977.5,18.4,257.0,25.202108,75.90713
RJ-KOT,2023-05-29,29.2,34.2,22.7,53,82,15.1,15.1,24.9,274,18.22,5.38,978.7,18.2,257.0,25.202108,75.90713
RJ-KOT,2023-05-30,30.3,36.8,24.6,51,70,0.3,0.3,12.9,251,23.64,6.21,979.0,18.2,257.0,25.202108,75.90713
RJ-KOT,2023-05-31,30.4,36.7,24.4,45,69,0.0,0.0,13.5,289,24.12,6.61,978.5,16.5,257.0,25.202108,75.90713
RJ-KOT,2023-06-01,32.4,38.5,25.5,38,62,0.0,0.0,17.5,251,23.49,7.33,977.2,15.1,257.0,25.202108,75.90713
RJ-KOT,2023-06-02,32.5,38.4,26.1,43,69,1.5,1.5,17.1,304,23.23,7.02,976.9,17.5,257.0,25.202108,75.90713
RJ-KOT,2023-06-03,33.0,40.0,27.1,40,58,0.0,0.0,35.3,287,20.76,6.27,976.9,16.9,257.0,25.202108,75.90713
RJ-KOT,2023-06-04,32.8,39.5,26.6,35,61,0.0,0.0,25.1,284,22.7,7.38,976.7,13.8,257.0,25.202108,75.90713
RJ-KOT,2023-06-05,32.8,38.7,26.3,34,55,0.0,0.0,16.8,292,23.92,7.74,976.0,14.1,257.0,25.202108,75.90713
RJ-KOT,2023-06-06,34.4,40.8,27.5,29,45,0.0,0.0,16.1,301,23.44,7.76,975.2,13.2,257.0,25.202108,75.90713
RJ-KOT,2023-06-07,34.1,41.2,27.9,30,50,0.0,0.0,15.6,299,23.15,7.46,975.2,13.1,257.0,25.202108,75.90713
RJ-KOT,2023-06-08,35.1,41.7,26.9,31,46,0.0,0.0,19.0,302,21.82,8.22,975.3,14.3,257.0,25.202108,75.90713
RJ-KOT,2023-06-09,35.8,42.6,30.4,30,45,0.0,0.0,23.9,282,22.73,8.61,973.0,14.5,257.0,25.202108,75.90713
RJ-KOT,2023-06-10,36.0,41.3,31.3,31,46,0.0,0.0,21.7,264,23.12,9.32,972.1,15.7,257.0,25.202108,75.90713
RJ-KOT,2023-06-11,35.9,41.4,30.4,33,48,0.0,0.0,23.2,262,23.65,9.69,972.2,16.1,257.0,25.202108,75.90713
RJ-KOT,2023-06-12,36.1,41.4,31.1,35,51,0.0,0.0,19.8,255,23.3,8.76,972.2,17.3,257.0,25.202108,75.90713
RJ-KOT,2023-06-13,36.3,41.1,31.7,35,49,0.0,0.0,26.8,256,23.04,9.46,972.5,17.8,257.0,25.202108,75.90713
RJ-KOT,2023-06-14,34.7,39.7,29.9,42,56,0.0,0.0,25.5,249,22.81,9.37,973.9,19.4,257.0,25.202108,75.90713
RJ-KOT,2023-06-15,34.2,39.5,28.7,44,64,0.0,0.0,25.5,243,23.13,8.88,974.1,19.4,257.0,25.202108,75.90713
RJ-KOT,2023-06-16,33.3,38.3,29.4,47,61,0.2,0.2,21.3,228,22.2,7.9,973.5,20.2,257.0,25.202108,75.90713
RJ-KOT,2023-06-17,32.6,38.0,29.1,50,64,0.1,0.1,32.1,207,20.21,8.34,972.6,20.4,257.0,25.202108,75.90713
RJ-KOT,2023-06-18,29.9,34.1,26.9,63,84,33.8,33.8,40.0,205,13.64,6.28,971.5,21.9,257.0,25.202108,75.90713
RJ-KOT,2023-06-19,26.7,30.5,25.0,86,92,80.6,80.6,38.0,254,8.36,2.58,970.7,24.1,257.0,25.202108,75.90713
RJ-KOT,2023-06-20,27.5,32.0,25.2,85,94,21.3,21.3,16.5,261,10.41,2.54,972.4,24.6,257.0,25.202108,75.90713
RJ-KOT,2023-06-21,30.8,35.1,27.2,67,81,0.0,0.0,17.0,275,22.75,5.84,973.1,23.8,257.0,25.202108,75.90713
RJ-KOT,2023-06-22,30.9,33.6,28.3,68,82,2.6,2.6,17.3,274,13.73,4.29,973.6,24.1,257.0,25.202108,75.90713
RJ-KOT,2023-06-23,30.8,35.1,26.3,69,89,12.8,12.8,18.4,263,21.29,5.58,973.3,24.2,257.0,25.202108,75.90713
RJ-KOT,2023-06-24,30.9,34.8,27.3,69,83,4.7,4.7,14.4,262,20.76,5.38,972.1,24.5,257.0,25.202108,75.90713
RJ-KOT,2023-06-25,29.5,33.7,26.8,77,89,0.9,0.9,14.6,318,18.07,4.3,972.2,25.0,257.0,25.202108,75.90713
RJ-KOT,2023-06-26,28.1,32.4,25.4,82,94,11.6,11.6,11.0,293,14.34,3.28,973.0,24.5,257.0,25.202108,75.90713
RJ-KOT,2023-06-27,29.2,33.4,26.1,76,90,1.7,1.7,13.8,291,20.64,4.88,972.3,24.4,257.0,25.202108,75.90713
RJ-KOT,2023-06-28,28.1,32.1,25.4,83,96,21.4,21.4,14.7,297,19.7,4.29,973.0,24.8,257.0,25.202108,75.90713
RJ-KOT,2023-06-29,28.1,32.6,25.3,82,96,18.0,18.0,15.8,300,17.91,4.06,972.0,24.6,257.0,25.202108,75.90713
RJ-KOT,2023-06-30,27.1,30.0,25.1,86,94,13.9,13.9,16.9,268,14.26,3.15,971.4,24.4,257.0,25.202108,75.90713
RJ-KOT,2023-07-01,28.6,32.7,25.7,82,93,5.1,5.1,13.0,264,14.95,3.56,972.4,25.0,257.0,25.202108,75.90713
RJ-KOT,2023-07-02,29.7,33.7,25.9,76,89,1.0,1.0,15.1,271,19.61,4.69,973.5,24.8,257.0,25.202108,75.90713
RJ-KOT,2023-07-03,30.8,34.5,27.7,72,81,0.2,0.2,13.0,280,23.03,5.56,973.0,25.0,257.0,25.202108,75.90713
RJ-KOT,2023-07-04,30.5,35.8,27.6,77,88,18.1,18.1,15.3,278,20.62,4.83,970.9,25.9,257.0,25.202108,75.90713
RJ-KOT,2023-07-05,29.4,34.3,26.9,82,94,26.1,26.1,10.8,256,18.5,4.16,969.7,26.0,257.0,25.202108,75.90713
RJ-KOT,2023-07-06,29.5,33.3,26.9,82,95,2.3,2.3,12.9,13,16.77,3.8,971.2,26.0,257.0,25.202108,75.90713
RJ-KOT,2023-07-07,28.4,32.4,25.9,85,96,16.2,16.2,11.0,189,15.2,3.42,972.1,25.6,257.0,25.202108,75.90713
RJ-KOT,2023-07-08,28.6,32.4,26.3,83,97,9.7,9.7,12.5,207,17.58,3.9,972.0,25.3,257.0,25.202108,75.90713
RJ-KOT,2023-07-09,28.0,31.0,25.8,84,94,21.6,21.6,19.0,227,16.19,3.53,972.0,25.0,257.0,25.202108,75.90713
RJ-KOT,2023-07-10,27.7,31.5,25.5,85,94,20.4,20.4,15.0,263,15.97,3.51,972.3,24.9,257.0,25.202108,75.90713
RJ-KOT,2023-07-11,28.9,33.2,24.8,79,95,7.4,7.4,16.7,286,19.21,4.42,972.7,24.8,257.0,25.202108,75.90713
RJ-KOT,2023-07-12,29.0,32.0,26.4,81,93,23.0,23.0,14.1,272,18.28,4.2,972.2,25.3,257.0,25.202108,75.90713
RJ-KOT,2023-07-13,28.5,30.9,26.7,82,91,24.6,24.6,19.0,262,12.26,3.03,972.5,25.2,257.0,25.202108,75.90713
RJ-KOT,2023-07-14,29.2,32.7,26.6,78,88,0.4,0.4,15.4,272,15.68,3.89,973.8,24.9,257.0,25.202108,75.90713
RJ-KOT,2023-07-15,28.5,32.9,26.3,84,95,12.9,12.9,15.6,252,16.17,3.75,974.0,25.4,257.0,25.202108,75.90713
RJ-KOT,2023-07-16,27.6,31.5,25.0,87,95,18.7,18.7,17.1,273,16.52,3.53,973.6,25.1,257.0,25.202108,75.90713
RJ-KOT,2023-07-17,27.8,31.6,24.8,87,96,14.2,14.2,13.8,300,19.42,4.04,972.6,25.3,257.0,25.202108,75.90713
RJ-KOT,2023-07-18,28.6,32.0,25.8,84,96,14.1,14.1,10.8,303,16.59,3.68,971.4,25.4,257.0,25.202108,75.90713
RJ-KOT,2023-07-19,29.1,33.0,25.7,83,96,6.8,6.8,10.8,36,18.93,4.15,970.3,25.8,257.0,25.202108,75.90713
RJ-KOT,2023-07-20,30.5,34.4,26.7,80,98,0.5,0.5,13.1,67,23.26,5.27,970.1,26.4,257.0,25.202108,75.90713
RJ-KOT,2023-07-21,30.3,35.4,25.6,78,95,9.5,9.5,24.7,307,23.7,5.46,971.9,25.8,257.0,25.202108,75.90713
RJ-KOT,2023-07-22,29.4,33.8,25.5,83,97,8.9,8.9,17.0,52,22.25,4.91,973.0,26.1,257.0,25.202108,75.90713
RJ-KOT,2023-07-23,28.7,33.7,25.7,83,94,14.7,14.7,21.2,99,19.17,4.33,972.7,25.4,257.0,25.202108,75.90713
RJ-KOT,2023-07-24,28.8,32.1,25.3,83,97,4.0,4.0,10.4,143,19.08,4.15,972.1,25.5,257.0,25.202108,75.90713
RJ-KOT,2023-07-25,29.3,32.8,26.3,83,91,4.7,4.7,10.2,241,18.77,4.18,973.1,26.0,257.0,25.202108,75.90713
RJ-KOT,2023-07-26,29.1,32.1,26.1,81,92,0.9,0.9,10.6,293,17.56,3.89,974.6,25.3,257.0,25.202108,75.90713
RJ-KOT,2023-07-27,28.9,32.8,26.3,82,95,6.5,6.5,13.7,293,21.04,4.61,974.1,25.4,257.0,25.202108,75.90713
RJ-KOT,2023-07-28,28.1,31.7,26.0,83,92,9.6,9.6,14.3,271,16.81,3.73,973.1,25.0,257.0,25.202108,75.90713
RJ-KOT,2023-07-29,28.6,32.4,26.1,77,87,5.3,5.3,19.4,253,21.27,5.01,973.1,24.0,257.0,25.202108,75.90713
RJ-KOT,2023-07-30,27.6,31.3,25.0,82,91,7.0,7.0,18.4,261,19.02,4.29,972.8,24.1,257.0,25.202108,75.90713
RJ-KOT,2023-07-31,28.3,32.6,25.0,79,94,3.7,3.7,16.6,258,22.06,5.02,972.4,24.2,257.0,25.202108,75.90713
RJ-KOT,2023-08-01,28.7,32.4,25.6,78,90,0.6,0.6,17.6,266,20.79,4.79,971.7,24.5,257.0,25.202108,75.90713
RJ-KOT,2023-08-02,29.1,32.5,26.3,76,88,0.4,0.4,18.4,261,20.93,5.11,972.0,24.3,257.0,25.202108,75.90713
RJ-KOT,2023-08-03,28.7,31.7,26.4,74,86,0.9,0.9,18.7,273,15.68,4.21,972.0,23.5,257.0,25.202108,75.90713
RJ-KOT,2023-08-04,28.1,30.5,26.0,79,85,3.0,3.0,16.3,267,13.0,3.41,973.6,24.0,257.0,25.202108,75.90713
RJ-KOT,2023-08-05,28.5,32.0,26.4,80,90,5.2,5.2,16.1,263,15.61,3.83,975.3,24.8,257.0,25.202108,75.90713
RJ-KOT,2023-08-06,29.3,32.9,26.4,73,87,0.3,0.3,20.4,248,21.45,5.49,973.7,23.7,257.0,25.202108,75.90713
RJ-KOT,2023-08-07,28.6,32.2,25.9,72,82,0.3,0.3,23.1,245,19.21,5.18,971.9,22.9,257.0,25.202108,75.90713
RJ-KOT,2023-08-08,28.3,31.8,25.3,73,83,0.0,0.0,20.5,248,18.61,4.89,973.4,22.9,257.0,25.202108,75.90713
RJ-KOT,2023-08-09,28.4,31.7,25.3,74,87,0.1,0.1,17.7,246,18.65,4.73,976.2,23.1,257.0,25.202108,75.90713
RJ-KOT,2023-08-10,28.8,33.1,25.7,72,86,0.6,0.6,16.6,246,22.34,5.38,977.0,23.1,257.0,25.202108,75.90713
RJ-KOT,2023-08-11,28.4,31.8,25.1,75,90,0.6,0.6,14.5,254,20.7,4.86,977.0,23.5,257.0,25.202108,75.90713
RJ-KOT,2023-08-12,28.8,32.9,25.8,70,85,0.5,0.5,18.5,247,23.03,5.8,975.7,22.5,257.0,25.202108,75.90713
RJ-KOT,2023-08-13,28.6,32.5,25.6,72,85,0.0,0.0,20.1,237,20.2,5.27,973.8,22.7,257.0,25.202108,75.90713
RJ-KOT,2023-08-14,28.3,31.8,25.6,74,89,2.1,2.1,14.8,218,17.62,4.38,975.4,23.2,257.0,25.202108,75.90713
RJ-KOT,2023-08-15,27.7,31.1,25.7,80,88,3.0,3.0,15.0,240,18.71,4.13,976.5,23.8,257.0,25.202108,75.90713
RJ-KOT,2023-08-16,28.9,32.8,25.0,73,86,0.4,0.4,18.6,255,21.6,5.24,976.8,23.5,257.0,25.202108,75.90713
RJ-KOT,2023-08-17,29.4,32.6,26.2,71,81,0.2,0.2,15.4,263,22.01,5.4,976.3,23.5,257.0,25.202108,75.90713
RJ-KOT,2023-08-18,29.6,33.2,26.6,69,77,0.0,0.0,14.4,281,23.37,5.71,975.4,23.1,257.0,25.202108,75.90713
RJ-KOT,2023-08-19,28.4,31.4,26.2,75,90,14.2,14.2,16.9,303,18.65,4.47,974.5,23.4,257.0,25.202108,75.90713
RJ-KOT,2023-08-20,27.7,31.8,24.8,87,96,12.7,12.7,11.7,334,15.77,3.38,974.3,25.3,257.0,25.202108,75.90713
RJ-KOT,2023-08-21,28.3,32.3,25.6,86,96,2.5,2.5,14.6,266,18.53,4.02,974.5,25.6,257.0,25.202108,75.90713
RJ-KOT,2023-08-22,28.8,32.0,26.2,82,89,7.0,7.0,15.7,249,15.52,3.68,974.3,25.3,257.0,25.202108,75.90713
RJ-KOT,2023-08-23,28.1,30.8,26.3,77,89,2.8,2.8,17.3,247,11.94,3.49,973.7,23.6,257.0,25.202108,75.90713
RJ-KOT,2023-08-24,28.3,31.6,25.8,71,83,0.0,0.0,18.2,248,17.58,4.65,972.8,22.5,257.0,25.202108,75.90713
RJ-KOT,2023-08-25,28.3,32.0,25.1,71,86,0.0,0.0,20.3,245,19.84,5.05,973.3,22.4,257.0,25.202108,75.90713
RJ-KOT,2023-08-26,27.8,31.5,25.1,73,84,0.2,0.2,14.5,247,21.79,5.08,975.0,22.4,257.0,25.202108,75.90713
RJ-KOT,2023-08-27,27.6,31.8,23.5,69,84,0.1,0.1,17.4,250,23.15,5.58,975.6,21.2,257.0,25.202108,75.90713
RJ-KOT,2023-08-28,27.9,32.1,24.9,67,78,0.1,0.1,18.5,246,22.92,5.79,975.2,21.0,257.0,25.202108,75.90713
RJ-KOT,2023-08-29,28.3,32.5,24.7,69,80,0.0,0.0,14.8,264,22.59,5.39,976.8,21.9,257.0,25.202108,75.90713
RJ-KOT,2023-08-30,28.7,33.3,25.0,67,80,0.0,0.0,13.0,272,23.07,5.55,978.1,21.8,257.0,25.202108,75.90713
RJ-KOT,2023-08-31,28.7,32.6,25.6,67,76,0.0,0.0,14.1,296,20.84,5.03,978.6,21.9,257.0,25.202108,75.90713
RJ-KOT,2023-09-01,30.0,34.2,25.8,62,74,0.0,0.0,11.3,291,22.4,5.47,978.3,21.7,257.0,25.202108,75.90713
RJ-KOT,2023-09-02,30.1,34.5,26.2,60,72,0.0,0.0,13.5,287,23.05,5.94,977.4,21.2,257.0,25.202108,75.90713
RJ-KOT,2023-09-03,29.7,34.5,25.5,58,68,0.0,0.0,12.3,294,23.5,5.97,976.3,20.2,257.0,25.202108,75.90713
RJ-KOT,2023-09-04,30.2,34.8,26.2,58,72,0.0,0.0,16.5,301,23.04,6.14,975.1,20.6,257.0,25.202108,75.90713
RJ-KOT,2023-09-05,30.0,35.7,26.0,58,87,3.6,3.6,21.2,322,22.66,6.67,974.6,20.4,257.0,25.202108,75.90713
RJ-KOT,2023-09-06,27.3,32.7,24.8,83,94,10.4,10.4,21.3,39,16.6,3.7,975.1,24.1,257.0,25.202108,75.90713
RJ-KOT,2023-09-07,28.9,33.3,25.4,75,95,0.7,0.7,19.0,44,18.4,4.52,974.7,23.7,257.0,25.202108,75.90713
RJ-KOT,2023-09-08,28.7,32.6,25.6,79,94,7.6,7.6,13.1,13,15.65,3.67,974.1,24.4,257.0,25.202108,75.90713
RJ-KOT,2023-09-09,28.0,31.6,25.1,81,96,4.4,4.4,16.1,354,16.61,3.87,973.1,24.2,257.0,25.202108,75.90713
RJ-KOT,2023-09-10,29.0,34.4,24.7,73,90,0.8,0.8,18.6,313,20.95,5.18,972.1,23.1,257.0,25.202108,75.90713
RJ-KOT,2023-09-11,29.5,34.2,25.4,72,87,0.2,0.2,18.9,287,18.91,4.9,972.7,23.6,257.0,25.202108,75.90713
RJ-KOT,2023-09-12,28.0,31.6,26.2,78,88,16.3,16.3,19.7,271,15.72,3.92,974.0,23.7,257.0,25.202108,75.90713
RJ-KOT,2023-09-13,27.3,31.6,24.6,81,93,7.3,7.3,15.1,274,17.11,3.9,974.6,23.7,257.0,25.202108,75.90713
RJ-KOT,2023-09-14,28.0,32.0,25.0,81,94,2.3,2.3,13.2,317,19.69,4.33,975.3,24.3,257.0,25.202108,75.90713
RJ-KOT,2023-09-15,27.7,30.8,25.1,87,96,20.6,20.6,17.3,331,16.43,3.45,974.9,25.3,257.0,25.202108,75.90713
RJ-KOT,2023-09-16,26.4,29.4,24.8,88,96,49.5,49.5,28.9,30,9.57,2.35,971.3,24.1,257.0,25.202108,75.90713
RJ-KOT,2023-09-17,26.3,29.8,24.6,82,90,3.0,3.0,19.2,125,16.57,3.78,970.0,22.9,257.0,25.202108,75.90713
RJ-KOT,2023-09-18,26.9,30.8,23.5,78,92,4.5,4.5,25.0,168,18.88,4.54,972.7,22.5,257.0,25.202108,75.90713
RJ-KOT,2023-09-19,27.6,31.4,24.3,82,92,1.6,1.6,14.5,168,18.66,4.03,976.2,24.1,257.0,25.202108,75.90713
RJ-KOT,2023-09-20,28.2,31.8,24.8,82,95,1.5,1.5,8.1,199,19.15,4.12,977.4,24.7,257.0,25.202108,75.90713
RJ-KOT,2023-09-21,29.0,32.9,25.4,77,90,0.1,0.1,10.0,270,21.06,4.69,977.3,24.4,257.0,25.202108,75.90713
RJ-KOT,2023-09-22,27.9,31.6,25.5,84,94,7.9,7.9,16.6,300,16.66,3.59,977.5,24.9,257.0,25.202108,75.90713
RJ-KOT,2023-09-23,28.2,32.8,24.5,81,96,0.2,0.2,21.4,321,20.33,4.45,977.8,24.4,257.0,25.202108,75.90713
RJ-KOT,2023-09-24,28.6,32.6,25.0,79,94,0.4,0.4,14.5,296,20.14,4.46,977.6,24.2,257.0,25.202108,75.90713
RJ-KOT,2023-09-25,27.1,31.1,24.5,83,92,4.5,4.5,13.0,278,18.34,3.91,977.7,24.0,257.0,25.202108,75.90713
RJ-KOT,2023-09-26,28.1,32.5,24.3,79,94,0.0,0.0,10.1,330,20.11,4.41,978.3,24.0,257.0,25.202108,75.90713
RJ-KOT,2023-09-27,28.3,32.7,24.5,81,95,1.7,1.7,10.3,321,19.68,4.25,978.3,24.7,257.0,25.202108,75.90713
RJ-KOT,2023-09-28,28.2,34.1,24.3,69,96,0.0,0.0,11.2,342,21.32,4.92,977.8,21.3,257.0,25.202108,75.90713
RJ-KOT,2023-09-29,27.3,34.1,21.4,59,81,0.0,0.0,9.5,317,21.55,4.9,977.7,17.9,257.0,25.202108,75.90713
RJ-KOT,2023-09-30,26.7,34.8,19.9,61,86,0.0,0.0,11.2,296,21.72,5.15,977.5,18.0,257.0,25.202108,75.90713
RJ-KOT,2023-10-01,27.1,34.1,20.6,58,83,0.0,0.0,10.7,321,21.54,5.06,977.0,17.5,257.0,25.202108,75.90713
RJ-KOT,2023-10-02,27.7,34.5,20.2,51,75,0.0,0.0,9.7,306,21.54,4.98,977.9,16.1,257.0,25.202108,75.90713
RJ-KOT,2023-10-03,26.4,33.8,20.7,56,76,0.0,0.0,11.7,287,21.4,5.17,979.2,16.4,257.0,25.202108,75.90713
RJ-KOT,2023-10-04,26.4,34.0,20.6,52,66,0.0,0.0,13.9,294,21.6,5.64,979.8,15.1,257.0,25.202108,75.90713
RJ-KOT,2023-10-05,27.0,34.5,19.8,51,72,0.0,0.0,14.1,295,21.39,5.81,979.4,15.3,257.0,25.202108,75.90713
RJ-KOT,2023-10-06,27.6,34.1,21.3,49,68,0.0,0.0,13.7,275,21.17,5.7,978.6,15.6,257.0,25.202108,75.90713
RJ-KOT,2023-10-07,27.6,34.2,22.6,55,70,0.0,0.0,12.9,283,20.96,5.51,979.6,17.2,257.0,25.202108,75.90713
RJ-KOT,2023-10-08,28.4,34.6,23.2,56,74,0.0,0.0,14.0,277,20.69,5.6,980.8,18.1,257.0,25.202108,75.90713
RJ-KOT,2023-10-09,28.9,35.0,23.9,54,72,0.0,0.0,16.8,263,20.43,5.83,981.7,18.3,257.0,25.202108,75.90713
RJ-KOT,2023-10-10,28.9,34.7,24.3,53,79,0.0,0.0,16.7,257,20.42,5.91,982.1,17.6,257.0,25.202108,75.90713
RJ-KOT,2023-10-11,28.8,34.9,23.4,46,69,0.0,0.0,13.0,273,20.35,5.48,982.3,15.1,257.0,25.202108,75.90713
RJ-KOT,2023-10-12,28.4,34.9,22.2,50,79,0.0,0.0,9.7,281,19.45,5.05,983.0,16.2,257.0,25.202108,75.90713
RJ-KOT,2023-10-13,28.5,35.1,22.5,47,70,0.0,0.0,9.8,299,19.66,5.13,983.8,15.5,257.0,25.202108,75.90713
RJ-KOT,2023-10-14,28.5,34.3,22.8,45,65,0.0,0.0,9.5,214,14.49,4.1,983.3,15.1,257.0,25.202108,75.90713
RJ-KOT,2023-10-15,28.5,34.6,23.7,42,55,0.0,0.0,13.6,283,18.33,5.37,981.4,13.7,257.0,25.202108,75.90713
RJ-KOT,2023-10-16,28.2,33.8,23.7,46,63,0.3,0.3,12.8,277,17.77,4.69,981.7,14.9,257.0,25.202108,75.90713
RJ-KOT,2023-10-17,25.9,32.3,20.4,56,78,0.0,0.0,14.6,328,18.33,4.47,984.2,16.0,257.0,25.202108,75.90713
RJ-KOT,2023-10-18,25.8,31.6,20.5,61,89,0.0,0.0,9.7,15,17.64,4.2,985.5,17.0,257.0,25.202108,75.90713
RJ-KOT,2023-10-19,25.9,32.3,20.5,51,82,0.0,0.0,9.5,59,18.81,4.42,985.4,14.3,257.0,25.202108,75.90713
RJ-KOT,2023-10-20,26.0,33.0,19.9,46,66,0.0,0.0,8.5,101,18.51,4.43,985.4,12.9,257.0,25.202108,75.90713
RJ-KOT,2023-10-21,26.1,33.5,20.3,47,69,0.0,0.0,10.4,113,18.56,4.58,985.6,13.2,257.0,25.202108,75.90713
RJ-KOT,2023-10-22,26.0,33.3,19.9,48,65,0.0,0.0,9.7,80,18.21,4.54,985.9,13.3,257.0,25.202108,75.90713
RJ-KOT,2023-10-23,25.6,32.1,19.6,49,75,0.0,0.0,10.2,13,17.77,4.44,985.0,13.5,257.0,25.202108,75.90713
RJ-KOT,2023-10-24,25.0,32.0,18.3,46,71,0.0,0.0,11.9,11,18.2,4.5,984.6,11.7,257.0,25.202108,75.90713
RJ-KOT,2023-10-25,24.8,32.2,17.7,43,67,0.0,0.0,10.5,330,18.64,4.67,985.6,10.5,257.0,25.202108,75.90713
RJ-KOT,2023-10-26,24.2,31.8,17.2,48,74,0.0,0.0,10.5,303,18.63,4.47,985.3,11.8,257.0,25.202108,75.90713
RJ-KOT,2023-10-27,24.5,32.3,16.7,48,81,0.0,0.0,9.4,331,18.53,4.45,984.3,11.4,257.0,25.202108,75.90713
RJ-KOT,2023-10-28,24.8,32.6,18.3,48,64,0.0,0.0,9.5,172,17.35,4.25,984.3,12.4,257.0,25.202108,75.90713
RJ-KOT,2023-10-29,25.2,32.6,18.8,49,65,0.0,0.0,10.6,138,17.9,4.28,984.3,13.0,257.0,25.202108,75.90713
RJ-KOT,2023-10-30,25.7,33.1,19.2,50,69,0.0,0.0,9.3,120,17.53,4.18,984.5,13.7,257.0,25.202108,75.90713
RJ-KOT,2023-10-31,25.1,32.7,18.5,52,79,0.0,0.0,11.5,93,17.0,4.43,985.4,13.8,257.0,25.202108,75.90713
RJ-KOT,2023-11-01,24.8,31.7,19.3,51,69,0.0,0.0,10.3,71,17.43,4.37,986.2,13.6,257.0,25.202108,75.90713
RJ-KOT,2023-11-02,24.3,31.5,18.2,53,76,0.0,0.0,8.6,105,17.17,4.0,985.1,13.7,257.0,25.202108,75.90713
RJ-KOT,2023-11-03,24.7,32.2,18.7,48,71,0.0,0.0,9.4,210,16.39,3.82,983.0,11.9,257.0,25.202108,75.90713
RJ-KOT,2023-11-04,24.1,32.1,17.4,45,71,0.0,0.0,11.4,63,16.14,3.99,983.2,10.7,257.0,25.202108,75.90713
RJ-KOT,2023-11-05,24.7,32.6,18.1,44,60,0.0,0.0,10.0,145,16.47,4.08,984.5,10.9,257.0,25.202108,75.90713
RJ-KOT,2023-11-06,25.1,32.6,18.7,46,63,0.0,0.0,11.1,148,13.68,3.58,985.5,12.0,257.0,25.202108,75.90713
RJ-KOT,2023-11-07,25.5,33.0,19.5,43,59,0.0,0.0,10.1,213,16.46,3.96,985.3,11.4,257.0,25.202108,75.90713
RJ-KOT,2023-11-08,25.1,32.4,18.8,45,64,0.0,0.0,10.0,227,15.56,4.05,984.7,11.4,257.0,25.202108,75.90713
RJ-KOT,2023-11-09,25.3,32.8,18.9,45,62,0.0,0.0,9.2,91,15.07,3.66,984.7,11.8,257.0,25.202108,75.90713
RJ-KOT,2023-11-10,25.4,33.3,19.2,46,61,0.0,0.0,15.9,284,14.86,4.35,985.3,12.2,257.0,25.202108,75.90713
RJ-KOT,2023-11-11,22.5,29.2,17.4,53,78,0.0,0.0,12.5,323,16.68,4.25,987.7,11.5,257.0,25.202108,75.90713
RJ-KOT,2023-11-12,21.6,28.3,15.1,60,82,0.0,0.0,9.4,323,16.44,3.53,988.4,13.1,257.0,25.202108,75.90713
RJ-KOT,2023-11-13,21.5,27.8,15.4,61,92,0.0,0.0,10.0,78,15.89,3.37,987.6,13.0,257.0,25.202108,75.90713
RJ-KOT,2023-11-14,21.9,27.9,16.6,59,81,0.0,0.0,9.3,81,13.92,3.23,987.1,13.3,257.0,25.202108,75.90713
RJ-KOT,2023-11-15,21.4,27.5,16.6,59,84,0.0,0.0,8.4,51,16.03,3.53,987.2,12.5,257.0,25.202108,75.90713
RJ-KOT,2023-11-16,20.7,27.5,15.0,55,82,0.0,0.0,11.1,57,15.96,3.58,987.6,10.8,257.0,25.202108,75.90713
RJ-KOT,2023-11-17,20.8,27.4,14.7,57,84,0.0,0.0,9.8,47,15.9,3.5,987.5,11.6,257.0,25.202108,75.90713
RJ-KOT,2023-11-18,21.1,27.6,15.7,58,80,0.0,0.0,8.0,99,15.6,3.35,986.2,12.1,257.0,25.202108,75.90713
RJ-KOT,2023-11-19,22.1,29.1,15.4,58,84,0.0,0.0,9.7,83,14.81,3.34,986.5,13.1,257.0,25.202108,75.90713
RJ-KOT,2023-11-20,22.3,29.5,16.4,63,91,0.0,0.0,10.5,42,14.79,3.49,987.0,14.4,257.0,25.202108,75.90713
RJ-KOT,2023-11-21,22.3,28.8,17.8,61,89,0.0,0.0,10.3,357,15.34,3.49,986.7,13.6,257.0,25.202108,75.90713
RJ-KOT,2023-11-22,20.7,28.6,14.5,56,88,0.0,0.0,9.3,314,15.63,3.57,985.1,10.3,257.0,25.202108,75.90713
RJ-KOT,2023-11-23,21.0,28.1,15.5,48,69,0.0,0.0,9.1,138,15.52,3.43,983.9,8.7,257.0,25.202108,75.90713
RJ-KOT,2023-11-24,20.4,27.7,14.4,52,73,0.0,0.0,8.7,70,15.3,3.48,985.4,9.8,257.0,25.202108,75.90713
RJ-KOT,2023-11-25,20.7,27.9,13.2,55,91,0.0,0.0,10.5,92,15.01,3.55,986.7,10.2,257.0,25.202108,75.90713
RJ-KOT,2023-11-26,20.6,27.2,14.8,51,73,1.2,1.2,14.4,101,9.77,3.17,986.2,9.5,257.0,25.202108,75.90713
RJ-KOT,2023-11-27,19.1,23.2,16.2,79,94,10.1,10.1,14.4,113,10.13,2.12,984.5,15.2,257.0,25.202108,75.90713
RJ-KOT,2023-11-28,19.0,23.9,16.1,82,99,0.3,0.3,6.7,42,10.22,1.98,984.0,15.6,257.0,25.202108,75.90713
RJ-KOT,2023-11-29,19.4,26.1,13.7,74,97,0.0,0.0,8.4,4,14.13,2.74,984.7,14.1,257.0,25.202108,75.90713
RJ-KOT,2023-11-30,20.2,26.1,14.9,75,95,0.6,0.6,8.2,5,13.04,2.67,985.2,15.2,257.0,25.202108,75.90713
RJ-KOT,2023-12-01,20.1,25.2,15.8,81,100,0.2,0.2,14.0,37,9.84,2.19,986.0,16.3,257.0,25.202108,75.90713
RJ-KOT,2023-12-02,20.5,25.1,16.4,80,97,0.8,0.8,15.5,58,10.46,2.3,986.3,16.8,257.0,25.202108,75.90713
RJ-KOT,2023-12-03,19.2,22.4,16.7,88,97,17.0,17.0,13.0,27,4.86,1.17,986.6,17.0,257.0,25.202108,75.90713
RJ-KOT,2023-12-04,18.5,22.6,14.8,85,98,0.0,0.0,12.3,23,7.26,1.57,985.6,15.7,257.0,25.202108,75.90713
RJ-KOT,2023-12-05,18.3,24.2,13.3,81,99,0.0,0.0,14.1,30,13.11,2.55,985.2,14.6,257.0,25.202108,75.90713
RJ-KOT,2023-12-06,18.3,24.2,13.3,76,96,0.0,0.0,11.1,31,13.54,2.7,985.8,13.7,257.0,25.202108,75.90713
RJ-KOT,2023-12-07,18.5,24.2,14.0,75,91,0.0,0.0,10.0,359,12.9,2.54,985.6,13.8,257.0,25.202108,75.90713
RJ-KOT,2023-12-08,19.1,24.1,14.2,80,94,0.6,0.6,8.7,40,12.06,2.26,985.5,15.3,257.0,25.202108,75.90713
RJ-KOT,2023-12-09,18.9,24.9,14.8,76,96,0.0,0.0,9.8,336,13.89,2.66,986.5,14.2,257.0,25.202108,75.90713
RJ-KOT,2023-12-10,17.6,24.4,12.7,69,89,0.0,0.0,9.2,320,14.49,2.75,985.1,11.3,257.0,25.202108,75.90713
RJ-KOT,2023-12-11,17.3,24.2,11.9,69,88,0.0,0.0,10.4,136,14.39,2.76,984.9,11.0,257.0,25.202108,75.90713
RJ-KOT,2023-12-12,17.3,24.4,12.2,69,88,0.0,0.0,9.5,113,14.24,2.77,984.0,11.0,257.0,25.202108,75.90713
RJ-KOT,2023-12-13,17.4,24.0,12.0,67,88,0.0,0.0,10.4,103,14.28,2.81,986.0,10.9,257.0,25.202108,75.90713
RJ-KOT,2023-12-14,17.0,24.5,11.1,68,91,0.0,0.0,10.1,134,14.31,2.84,987.2,10.5,257.0,25.202108,75.90713
RJ-KOT,2023-12-15,16.9,24.5,10.1,68,91,0.0,0.0,9.5,118,14.1,2.75,987.7,10.4,257.0,25.202108,75.90713
RJ-KOT,2023-12-16,18.1,24.5,12.9,65,84,0.0,0.0,9.8,107,13.69,2.6,986.7,11.1,257.0,25.202108,75.90713
RJ-KOT,2023-12-17,17.3,24.1,12.8,72,92,0.0,0.0,9.9,104,13.98,2.67,987.6,11.7,257.0,25.202108,75.90713
RJ-KOT,2023-12-18,16.4,23.4,11.3,69,95,0.0,0.0,10.5,18,14.08,2.75,989.6,10.1,257.0,25.202108,75.90713
RJ-KOT,2023-12-19,14.8,21.6,9.1,66,91,0.0,0.0,9.0,335,13.86,2.53,990.4,7.8,257.0,25.202108,75.90713
RJ-KOT,2023-12-20,14.6,21.4,8.1,66,90,0.0,0.0,9.7,345,12.59,2.33,989.6,7.9,257.0,25.202108,75.90713
RJ-KOT,2023-12-21,16.1,21.9,11.4,67,87,0.0,0.0,7.5,348,11.59,2.12,988.0,9.6,257.0,25.202108,75.90713
RJ-KOT,2023-12-22,16.1,22.7,10.6,72,96,0.0,0.0,9.7,102,12.91,2.3,987.1,10.6,257.0,25.202108,75.90713
RJ-KOT,2023-12-23,16.0,23.6,9.7,75,96,0.0,0.0,9.7,61,13.51,2.48,988.3,11.1,257.0,25.202108,75.90713
RJ-KOT,2023-12-24,15.8,23.5,10.7,82,100,0.0,0.0,10.9,29,13.38,2.39,990.1,12.3,257.0,25.202108,75.90713
RJ-KOT,2023-12-25,16.2,23.9,10.1,80,100,0.0,0.0,9.2,40,14.02,2.53,989.1,12.3,257.0,25.202108,75.90713
RJ-KOT,2023-12-26,16.0,24.6,9.5,79,100,0.0,0.0,11.4,63,13.5,2.52,988.4,11.8,257.0,25.202108,75.90713
RJ-KOT,2023-12-27,17.3,25.0,11.3,73,96,0.0,0.0,9.5,63,14.01,2.7,989.3,11.9,257.0,25.202108,75.90713
RJ-KOT,2023-12-28,15.9,23.4,10.0,75,98,0.0,0.0,10.5,41,14.18,2.65,988.2,10.9,257.0,25.202108,75.90713
RJ-KOT,2023-12-29,15.5,23.4,9.7,78,100,0.0,0.0,9.2,49,13.55,2.52,988.0,11.1,257.0,25.202108,75.90713
RJ-KOT,2023-12-30,15.9,23.7,10.2,83,100,0.0,0.0,9.9,39,13.65,2.42,986.9,12.6,257.0,25.202108,75.90713
RJ-KOT,2023-12-31,16.4,23.4,12.0,84,99,0.0,0.0,12.3,23,13.57,2.43,986.3,13.5,257.0,25.202108,75.90713
