site_id,date,temperature_2m_mean,temperature_2m_max,temperature_2m_min,relative_humidity_2m_mean,relative_humidity_2m_max,precipitation_sum,rain_sum,wind_speed_10m_max,wind_direction_10m_dominant,shortwave_radiation_sum,et0_fao_evapotranspiration,surface_pressure_mean,dew_point_2m_mean,elevation_m,lat,lon
TN-OOT,2020-12-01,13.4,18.4,9.8,83,100,0.0,0.0,12.7,34,22.39,3.65,785.1,10.0,2235.0,11.42355,76.684494
TN-OOT,2020-12-02,13.4,17.9,8.3,84,100,3.1,3.1,11.7,42,16.13,2.64,784.1,10.6,2235.0,11.42355,76.684494
TN-OOT,2020-12-03,12.8,14.6,11.3,100,100,28.6,28.6,13.2,11,4.45,0.74,783.1,12.7,2235.0,11.42355,76.684494
TN-OOT,2020-12-04,13.4,15.6,12.6,99,100,39.0,39.0,15.2,36,5.94,0.97,782.6,13.3,2235.0,11.42355,76.684494
TN-OOT,2020-12-05,14.0,17.6,12.7,97,100,10.0,10.0,11.5,49,11.94,1.87,783.4,13.6,2235.0,11.42355,76.684494
TN-OOT,2020-12-06,14.1,17.1,12.4,99,100,16.4,16.4,13.7,64,11.1,1.68,784.2,13.9,2235.0,11.42355,76.684494
TN-OOT,2020-12-07,13.8,15.7,12.9,100,100,25.5,25.5,16.2,107,5.16,0.84,784.9,13.8,2235.0,11.42355,76.684494
TN-OOT,2020-12-08,14.2,17.2,12.6,96,100,6.3,6.3,17.1,138,16.51,2.46,785.9,13.5,2235.0,11.42355,76.684494
TN-OOT,2020-12-09,14.3,18.7,11.8,87,100,0.2,0.2,10.5,155,21.9,3.52,785.4,12.0,2235.0,11.42355,76.684494
TN-OOT,2020-12-10,14.1,18.3,10.3,89,100,1.9,1.9,6.6,143,18.23,3.12,785.2,12.1,2235.0,11.42355,76.684494
TN-OOT,2020-12-11,13.0,18.8,9.5,82,96,0.0,0.0,9.5,333,19.89,3.33,784.2,9.8,2235.0,11.42355,76.684494
TN-OOT,2020-12-12,13.1,18.7,8.2,65,89,0.0,0.0,10.1,324,22.02,3.86,783.9,6.1,2235.0,11.42355,76.684494
TN-OOT,2020-12-13,12.2,18.0,6.4,60,85,0.0,0.0,11.0,321,23.64,4.12,782.7,3.9,2235.0,11.42355,76.684494
TN-OOT,2020-12-14,12.2,18.1,7.2,68,98,0.0,0.0,9.9,331,20.83,3.5,782.7,5.9,2235.0,11.42355,76.684494
TN-OOT,2020-12-15,11.8,17.8,6.2,68,100,0.0,0.0,9.0,115,22.53,3.75,783.1,5.4,2235.0,11.42355,76.684494
TN-OOT,2020-12-16,13.4,17.9,9.5,95,100,5.2,5.2,11.4,108,16.67,2.61,785.2,12.5,2235.0,11.42355,76.684494
TN-OOT,2020-12-17,13.1,14.6,12.5,99,100,7.8,7.8,11.9,94,5.56,0.9,785.2,12.9,2235.0,11.42355,76.684494
TN-OOT,2020-12-18,13.5,17.7,11.2,91,100,3.0,3.0,14.0,100,17.74,2.76,785.1,12.0,2235.0,11.42355,76.684494
TN-OOT,2020-12-19,13.0,17.5,10.1,85,100,0.1,0.1,11.7,112,20.42,3.25,785.1,10.2,2235.0,11.42355,76.684494
TN-OOT,2020-12-20,11.3,17.4,6.9,74,99,0.0,0.0,10.0,140,22.95,3.72,783.8,6.2,2235.0,11.42355,76.684494
TN-OOT,2020-12-21,11.8,17.8,6.3,66,90,0.0,0.0,9.3,147,22.43,3.74,782.8,4.9,2235.0,11.42355,76.684494
TN-OOT,2020-12-22,13.4,18.6,9.6,87,100,2.9,2.9,8.4,144,16.33,2.75,783.7,11.1,2235.0,11.42355,76.684494
TN-OOT,2020-12-23,14.0,18.9,11.3,95,100,50.9,50.9,4.6,260,11.88,2.08,783.7,13.1,2235.0,11.42355,76.684494
TN-OOT,2020-12-24,14.0,18.2,10.2,94,100,13.8,13.8,10.9,316,14.94,2.44,783.0,13.0,2235.0,11.42355,76.684494
TN-OOT,2020-12-25,13.6,18.6,9.6,88,100,0.0,0.0,10.2,334,17.68,2.93,783.5,11.5,2235.0,11.42355,76.684494
TN-OOT,2020-12-26,12.3,18.5,7.7,73,95,0.0,0.0,10.3,342,23.32,3.88,783.1,7.0,2235.0,11.42355,76.684494
TN-OOT,2020-12-27,13.4,19.6,7.2,56,94,0.0,0.0,13.5,25,23.44,4.23,783.6,3.4,2235.0,11.42355,76.684494
TN-OOT,2020-12-28,13.6,18.0,8.8,56,79,0.6,0.6,8.0,42,14.4,2.81,783.5,4.7,2235.0,11.42355,76.684494
TN-OOT,2020-12-29,13.1,18.2,8.4,86,100,7.8,7.8,9.1,121,17.45,2.83,783.2,10.7,2235.0,11.42355,76.684494
TN-OOT,2020-12-30,14.5,19.8,11.5,89,100,1.0,1.0,10.5,129,20.47,3.38,784.2,12.5,2235.0,11.42355,76.684494
TN-OOT,2020-12-31,13.5,16.9,11.3,99,100,15.3,15.3,13.5,115,10.81,1.66,784.1,13.3,2235.0,11.42355,76.684494
TN-OOT,2021-01-01,12.4,18.0,8.4,83,100,0.1,0.1,7.9,142,21.99,3.59,783.3,9.1,2235.0,11.42355,76.684494
TN-OOT,2021-01-02,12.8,18.4,8.2,74,100,0.3,0.3,10.3,160,23.05,3.89,783.3,7.6,2235.0,11.42355,76.684494
TN-OOT,2021-01-03,13.8,17.3,11.4,95,100,11.5,11.5,13.5,146,14.59,2.26,783.6,12.9,2235.0,11.42355,76.684494
TN-OOT,2021-01-04,14.2,17.9,12.8,96,100,5.9,5.9,15.6,148,14.59,2.35,783.7,13.5,2235.0,11.42355,76.684494
TN-OOT,2021-01-05,14.4,18.0,12.4,94,100,8.1,8.1,8.7,130,17.88,2.89,784.4,13.5,2235.0,11.42355,76.684494
TN-OOT,2021-01-06,14.2,16.9,12.9,98,100,10.9,10.9,7.0,136,11.81,1.95,784.0,13.9,2235.0,11.42355,76.684494
TN-OOT,2021-01-07,14.7,18.2,12.9,97,100,16.9,16.9,8.0,126,13.37,2.28,783.2,14.1,2235.0,11.42355,76.684494
TN-OOT,2021-01-08,14.8,18.0,13.4,98,100,22.2,22.2,7.7,130,15.21,2.49,783.0,14.5,2235.0,11.42355,76.684494
TN-OOT,2021-01-09,14.6,17.8,12.8,96,100,4.9,4.9,8.3,132,14.56,2.4,783.3,14.0,2235.0,11.42355,76.684494
TN-OOT,2021-01-10,14.0,17.3,11.6,94,100,4.8,4.8,9.7,102,14.23,2.36,783.7,13.0,2235.0,11.42355,76.684494
TN-OOT,2021-01-11,13.2,16.4,11.7,94,100,6.8,6.8,9.5,74,7.91,1.38,784.0,12.2,2235.0,11.42355,76.684494
TN-OOT,2021-01-12,11.7,14.4,10.0,94,100,5.0,5.0,20.9,65,9.19,1.38,783.1,10.7,2235.0,11.42355,76.684494
TN-OOT,2021-01-13,12.8,15.3,11.0,96,100,14.8,14.8,19.9,102,11.33,1.63,783.1,12.2,2235.0,11.42355,76.684494
TN-OOT,2021-01-14,13.4,16.6,11.4,97,100,4.5,4.5,15.0,136,16.02,2.32,783.3,12.8,2235.0,11.42355,76.684494
TN-OOT,2021-01-15,14.2,17.8,12.8,96,100,6.1,6.1,14.6,146,14.02,2.26,783.6,13.6,2235.0,11.42355,76.684494
TN-OOT,2021-01-16,14.2,17.1,11.6,94,100,5.8,5.8,6.0,133,15.7,2.6,783.2,13.2,2235.0,11.42355,76.684494
TN-OOT,2021-01-17,13.9,19.1,9.2,85,100,0.2,0.2,10.9,68,21.64,3.6,783.5,11.0,2235.0,11.42355,76.684494
TN-OOT,2021-01-18,13.0,18.8,7.6,58,87,0.0,0.0,12.7,51,24.0,4.11,783.0,4.3,2235.0,11.42355,76.684494
TN-OOT,2021-01-19,13.6,17.6,9.1,65,93,0.0,0.0,11.3,341,21.0,3.53,783.7,6.7,2235.0,11.42355,76.684494
TN-OOT,2021-01-20,13.1,19.3,7.6,78,98,0.0,0.0,10.2,47,23.2,3.92,784.1,8.9,2235.0,11.42355,76.684494
TN-OOT,2021-01-21,14.6,19.7,11.1,79,98,0.0,0.0,11.0,49,20.41,3.51,785.1,10.8,2235.0,11.42355,76.684494
TN-OOT,2021-01-22,13.8,16.8,12.2,85,100,3.8,3.8,9.6,338,12.7,2.16,784.6,11.2,2235.0,11.42355,76.684494
TN-OOT,2021-01-23,13.4,17.1,9.8,87,100,0.1,0.1,14.9,353,15.26,2.57,784.2,10.9,2235.0,11.42355,76.684494
TN-OOT,2021-01-24,12.8,18.8,7.8,75,99,0.0,0.0,11.1,339,24.61,4.12,783.9,7.8,2235.0,11.42355,76.684494
TN-OOT,2021-01-25,12.6,19.1,7.0,55,91,0.0,0.0,8.4,123,25.35,4.37,783.9,2.9,2235.0,11.42355,76.684494
TN-OOT,2021-01-26,11.7,18.9,6.1,50,85,0.0,0.0,10.8,107,25.5,4.54,782.8,0.4,2235.0,11.42355,76.684494
TN-OOT,2021-01-27,12.1,17.8,5.9,55,94,0.0,0.0,12.1,16,24.74,4.23,783.4,2.2,2235.0,11.42355,76.684494
TN-OOT,2021-01-28,12.4,18.1,8.3,59,98,0.0,0.0,8.5,98,24.89,4.14,783.7,4.0,2235.0,11.42355,76.684494
TN-OOT,2021-01-29,11.8,17.6,7.5,88,100,3.7,3.7,8.4,159,15.61,2.62,784.0,9.6,2235.0,11.42355,76.684494
TN-OOT,2021-01-30,12.4,17.2,8.1,90,100,6.4,6.4,6.9,125,17.33,2.82,784.1,10.7,2235.0,11.42355,76.684494
TN-OOT,2021-01-31,13.4,18.3,10.7,88,100,1.9,1.9,9.9,107,20.67,3.43,785.0,11.3,2235.0,11.42355,76.684494
TN-OOT,2021-02-01,12.5,17.7,8.1,82,100,0.0,0.0,8.9,103,22.39,3.65,785.5,9.1,2235.0,11.42355,76.684494
TN-OOT,2021-02-02,12.7,18.0,9.4,79,100,0.1,0.1,8.3,141,23.18,3.86,785.8,8.6,2235.0,11.42355,76.684494
TN-OOT,2021-02-03,12.5,17.9,8.8,88,100,4.1,4.1,7.4,159,16.78,2.79,785.1,10.3,2235.0,11.42355,76.684494
TN-OOT,2021-02-04,12.9,18.4,8.8,83,100,0.0,0.0,10.2,344,20.73,3.43,785.1,9.9,2235.0,11.42355,76.684494
TN-OOT,2021-02-05,12.9,18.4,8.2,76,99,0.0,0.0,13.1,335,23.2,3.91,784.4,8.3,2235.0,11.42355,76.684494
TN-OOT,2021-02-06,12.4,17.7,8.1,78,99,0.0,0.0,12.8,356,21.14,3.53,783.5,8.3,2235.0,11.42355,76.684494
TN-OOT,2021-02-07,12.1,18.1,7.1,68,100,0.0,0.0,7.3,93,24.23,4.08,783.7,5.9,2235.0,11.42355,76.684494
TN-OOT,2021-02-08,11.5,18.6,6.2,70,93,0.0,0.0,7.2,117,24.54,4.13,783.7,5.6,2235.0,11.42355,76.684494
TN-OOT,2021-02-09,12.9,19.2,6.2,57,94,0.0,0.0,8.9,14,25.86,4.41,783.6,3.5,2235.0,11.42355,76.684494
TN-OOT,2021-02-10,12.2,19.5,6.2,55,87,0.0,0.0,8.2,344,26.5,4.61,782.6,2.3,2235.0,11.42355,76.684494
TN-OOT,2021-02-11,12.1,18.5,5.8,54,94,0.0,0.0,11.9,351,26.27,4.69,782.4,2.2,2235.0,11.42355,76.684494
TN-OOT,2021-02-12,12.4,19.3,6.6,58,93,0.0,0.0,9.7,335,25.96,4.56,782.8,3.7,2235.0,11.42355,76.684494
TN-OOT,2021-02-13,12.8,19.1,5.6,63,92,0.0,0.0,8.7,10,24.55,4.25,784.2,5.2,2235.0,11.42355,76.684494
TN-OOT,2021-02-14,12.7,19.5,6.3,75,100,0.0,0.0,8.0,311,20.98,3.69,784.4,7.8,2235.0,11.42355,76.684494
TN-OOT,2021-02-15,13.3,18.9,8.3,79,100,0.5,0.5,10.5,342,20.93,3.63,784.3,9.3,2235.0,11.42355,76.684494
TN-OOT,2021-02-16,13.2,17.9,9.5,84,100,2.7,2.7,7.6,357,17.78,3.09,784.1,10.3,2235.0,11.42355,76.684494
TN-OOT,2021-02-17,13.5,18.6,9.8,84,100,0.8,0.8,8.6,37,19.6,3.36,783.7,10.5,2235.0,11.42355,76.684494
TN-OOT,2021-02-18,13.2,16.8,11.4,91,100,5.7,5.7,7.0,174,16.48,2.81,784.3,11.6,2235.0,11.42355,76.684494
TN-OOT,2021-02-19,12.8,16.5,10.1,91,100,8.3,8.3,7.6,173,18.93,3.18,784.4,11.1,2235.0,11.42355,76.684494
TN-OOT,2021-02-20,12.7,17.0,10.1,93,100,3.4,3.4,7.4,151,19.29,3.12,783.7,11.5,2235.0,11.42355,76.684494
TN-OOT,2021-02-21,12.5,15.4,10.5,92,100,14.7,14.7,10.3,155,17.58,2.74,784.2,11.2,2235.0,11.42355,76.684494
TN-OOT,2021-02-22,12.5,16.3,9.7,88,100,3.3,3.3,7.1,151,20.67,3.36,785.2,10.4,2235.0,11.42355,76.684494
TN-OOT,2021-02-23,13.0,17.1,9.1,87,100,4.7,4.7,9.5,109,20.87,3.44,784.8,10.6,2235.0,11.42355,76.684494
TN-OOT,2021-02-24,13.2,17.6,8.7,87,100,2.9,2.9,7.4,81,19.75,3.29,784.4,10.9,2235.0,11.42355,76.684494
TN-OOT,2021-02-25,14.1,18.8,9.0,71,99,0.0,0.0,15.0,24,21.15,3.78,785.0,8.5,2235.0,11.42355,76.684494
TN-OOT,2021-02-26,15.1,19.2,10.0,63,86,0.0,0.0,15.0,29,21.72,4.04,784.9,7.8,2235.0,11.42355,76.684494
TN-OOT,2021-02-27,14.7,20.0,9.2,66,97,0.0,0.0,15.6,52,22.64,4.22,784.0,7.6,2235.0,11.42355,76.684494
TN-OOT,2021-02-28,14.0,20.1,9.0,61,86,0.0,0.0,14.3,99,25.8,4.69,783.9,5.9,2235.0,11.42355,76.684494
TN-OOT,2021-03-01,13.6,19.2,9.4,58,90,0.0,0.0,14.6,79,25.87,4.71,785.7,4.6,2235.0,11.42355,76.684494
TN-OOT,2021-03-02,13.6,19.0,8.6,57,90,0.0,0.0,18.8,75,26.65,4.84,785.9,4.5,2235.0,11.42355,76.684494
TN-OOT,2021-03-03,13.7,18.8,9.8,49,72,0.0,0.0,18.5,87,27.08,5.07,785.0,3.0,2235.0,11.42355,76.684494
TN-OOT,2021-03-04,12.5,19.3,7.7,56,91,0.0,0.0,12.6,121,28.32,5.0,783.7,2.8,2235.0,11.42355,76.684494
TN-OOT,2021-03-05,13.1,20.6,6.2,67,99,0.0,0.0,7.8,133,27.01,4.77,784.8,6.2,2235.0,11.42355,76.684494
TN-OOT,2021-03-06,14.9,20.9,7.9,58,89,0.0,0.0,12.4,52,25.46,4.7,786.4,5.9,2235.0,11.42355,76.684494
TN-OOT,2021-03-07,14.9,21.0,9.1,65,96,0.0,0.0,10.7,91,26.89,4.9,785.8,7.3,2235.0,11.42355,76.684494
TN-OOT,2021-03-08,14.3,20.2,10.0,67,96,0.0,0.0,12.4,87,27.51,4.88,785.6,7.1,2235.0,11.42355,76.684494
TN-OOT,2021-03-09,14.3,20.2,8.4,74,100,0.0,0.0,10.5,116,26.77,4.71,786.0,8.6,2235.0,11.42355,76.684494
TN-OOT,2021-03-10,14.2,20.0,8.8,72,100,0.3,0.3,10.6,106,25.48,4.54,785.9,8.4,2235.0,11.42355,76.684494
TN-OOT,2021-03-11,14.2,19.5,11.5,82,100,4.4,4.4,10.6,118,21.84,3.82,786.1,10.6,2235.0,11.42355,76.684494
TN-OOT,2021-03-12,14.1,19.8,10.6,69,100,0.0,0.0,10.6,103,26.24,4.66,786.5,7.4,2235.0,11.42355,76.684494
TN-OOT,2021-03-13,14.0,20.2,8.5,66,95,0.0,0.0,10.2,107,27.71,4.94,785.8,6.6,2235.0,11.42355,76.684494
TN-OOT,2021-03-14,14.3,20.4,8.6,68,100,0.0,0.0,12.3,110,27.46,4.95,785.2,7.4,2235.0,11.42355,76.684494
TN-OOT,2021-03-15,14.2,20.3,8.6,70,100,0.0,0.0,10.2,126,26.81,4.77,784.9,8.1,2235.0,11.42355,76.684494
TN-OOT,2021-03-16,14.5,20.6,9.2,65,96,0.0,0.0,12.3,108,26.83,4.91,785.1,7.3,2235.0,11.42355,76.684494
TN-OOT,2021-03-17,14.6,20.5,9.3,61,94,0.0,0.0,11.8,110,27.81,5.12,784.5,6.0,2235.0,11.42355,76.684494
TN-OOT,2021-03-18,14.3,20.7,9.2,59,97,0.0,0.0,16.0,83,26.72,4.99,784.7,5.4,2235.0,11.42355,76.684494
TN-OOT,2021-03-19,14.6,20.8,9.6,56,83,0.0,0.0,14.3,66,26.69,5.09,784.2,5.3,2235.0,11.42355,76.684494
TN-OOT,2021-03-20,14.2,20.4,8.2,58,81,0.0,0.0,8.4,98,25.78,4.72,783.2,5.4,2235.0,11.42355,76.684494
TN-OOT,2021-03-21,15.2,21.2,9.5,67,98,0.0,0.0,12.1,112,25.96,4.89,783.9,8.2,2235.0,11.42355,76.684494
TN-OOT,2021-03-22,15.4,21.4,9.8,65,100,0.0,0.0,11.2,110,25.97,4.92,785.1,7.9,2235.0,11.42355,76.684494
TN-OOT,2021-03-23,15.6,21.9,10.5,66,95,0.0,0.0,14.6,140,27.48,5.15,785.8,8.5,2235.0,11.42355,76.684494
TN-OOT,2021-03-24,15.4,21.3,9.9,70,100,0.0,0.0,14.0,117,27.68,5.03,785.8,8.9,2235.0,11.42355,76.684494
TN-OOT,2021-03-25,15.4,20.1,11.4,69,99,0.0,0.0,16.7,101,24.46,4.53,785.5,9.1,2235.0,11.42355,76.684494
TN-OOT,2021-03-26,16.1,21.5,11.2,57,91,0.0,0.0,14.8,110,26.38,5.16,785.2,6.5,2235.0,11.42355,76.684494
TN-OOT,2021-03-27,15.8,21.8,10.1,60,94,0.0,0.0,13.8,113,27.77,5.33,784.8,6.9,2235.0,11.42355,76.684494
TN-OOT,2021-03-28,15.9,21.7,10.2,65,97,0.0,0.0,16.9,100,24.51,4.71,784.8,8.4,2235.0,11.42355,76.684494
TN-OOT,2021-03-29,16.3,21.7,11.1,61,94,0.0,0.0,15.8,86,25.37,4.97,784.8,7.8,2235.0,11.42355,76.684494
TN-OOT,2021-03-30,16.9,22.3,11.3,59,89,0.0,0.0,17.4,49,23.97,4.8,784.6,8.1,2235.0,11.42355,76.684494
TN-OOT,2021-03-31,18.2,23.8,12.6,59,83,0.4,0.4,16.7,28,24.98,4.99,784.7,9.2,2235.0,11.42355,76.684494
TN-OOT,2021-04-01,18.2,23.7,14.6,61,90,0.4,0.4,18.8,358,25.76,4.95,784.3,9.9,2235.0,11.42355,76.684494
TN-OOT,2021-04-02,18.2,23.9,12.0,49,74,0.0,0.0,15.0,7,26.94,5.49,784.5,6.4,2235.0,11.42355,76.684494
TN-OOT,2021-04-03,17.1,20.8,13.9,63,91,0.2,0.2,10.3,81,20.19,4.05,784.4,9.6,2235.0,11.42355,76.684494
TN-OOT,2021-04-04,16.4,20.1,13.4,70,94,4.3,4.3,13.2,52,16.98,3.36,785.5,10.7,2235.0,11.42355,76.684494
TN-OOT,2021-04-05,17.1,20.6,14.5,60,73,1.7,1.7,16.4,66,20.64,4.15,786.2,9.1,2235.0,11.42355,76.684494
TN-OOT,2021-04-06,16.4,21.7,11.9,65,98,0.0,0.0,17.4,85,25.87,5.0,786.1,8.6,2235.0,11.42355,76.684494
TN-OOT,2021-04-07,16.4,22.1,10.8,56,94,0.0,0.0,16.8,76,27.54,5.42,786.6,6.4,2235.0,11.42355,76.684494
TN-OOT,2021-04-08,16.6,22.1,10.1,50,86,0.0,0.0,15.8,95,26.67,5.39,785.3,4.9,2235.0,11.42355,76.684494
TN-OOT,2021-04-09,16.0,21.7,9.9,60,96,0.0,0.0,16.0,88,25.57,4.97,784.5,7.4,2235.0,11.42355,76.684494
TN-OOT,2021-04-10,15.8,21.9,10.0,64,96,0.0,0.0,16.2,80,26.88,5.07,785.2,7.8,2235.0,11.42355,76.684494
TN-OOT,2021-04-11,15.5,21.8,9.6,70,100,0.3,0.3,11.5,89,25.92,4.83,786.0,9.2,2235.0,11.42355,76.684494
TN-OOT,2021-04-12,15.1,19.8,12.4,90,100,5.8,5.8,12.2,94,17.17,3.0,786.4,13.2,2235.0,11.42355,76.684494
TN-OOT,2021-04-13,15.7,19.9,13.0,83,100,0.7,0.7,10.0,96,19.52,3.54,786.3,12.4,2235.0,11.42355,76.684494
TN-OOT,2021-04-14,15.0,18.3,12.5,98,100,21.0,21.0,8.6,109,16.35,2.74,785.5,14.7,2235.0,11.42355,76.684494
TN-OOT,2021-04-15,15.0,18.2,12.2,95,100,11.5,11.5,7.9,325,14.68,2.51,785.1,14.2,2235.0,11.42355,76.684494
TN-OOT,2021-04-16,14.7,17.9,11.8,86,100,4.4,4.4,11.9,9,17.85,3.02,785.0,12.3,2235.0,11.42355,76.684494
TN-OOT,2021-04-17,15.4,19.4,12.7,85,100,5.9,5.9,10.7,89,17.39,3.07,786.0,12.7,2235.0,11.42355,76.684494
TN-OOT,2021-04-18,15.4,19.3,13.1,87,100,4.5,4.5,13.1,63,17.15,2.93,786.9,13.2,2235.0,11.42355,76.684494
TN-OOT,2021-04-19,16.1,20.7,13.0,79,100,4.3,4.3,12.0,70,20.95,3.79,786.0,12.1,2235.0,11.42355,76.684494
TN-OOT,2021-04-20,15.2,19.4,12.5,93,100,10.5,10.5,8.7,89,15.81,2.77,785.0,14.0,2235.0,11.42355,76.684494
TN-OOT,2021-04-21,16.1,20.1,13.1,77,97,0.5,0.5,10.2,101,19.09,3.59,786.1,11.6,2235.0,11.42355,76.684494
TN-OOT,2021-04-22,15.9,20.4,12.1,79,98,2.2,2.2,10.0,90,20.26,3.72,786.1,11.8,2235.0,11.42355,76.684494
TN-OOT,2021-04-23,15.2,19.6,13.2,94,100,16.4,16.4,6.4,138,14.79,2.64,785.7,14.2,2235.0,11.42355,76.684494
TN-OOT,2021-04-24,15.0,20.0,12.4,93,100,11.9,11.9,7.6,13,15.03,2.64,784.9,13.8,2235.0,11.42355,76.684494
TN-OOT,2021-04-25,15.5,19.7,12.7,87,100,6.6,6.6,10.6,85,17.59,3.17,785.0,13.2,2235.0,11.42355,76.684494
TN-OOT,2021-04-26,15.9,20.7,12.9,83,99,3.7,3.7,11.8,72,21.77,3.86,785.0,12.6,2235.0,11.42355,76.684494
TN-OOT,2021-04-27,15.9,20.2,12.8,79,94,0.6,0.6,13.2,76,20.46,3.67,785.5,12.0,2235.0,11.42355,76.684494
TN-OOT,2021-04-28,16.3,20.5,13.1,72,90,1.2,1.2,13.3,81,21.1,3.94,786.3,11.1,2235.0,11.42355,76.684494
TN-OOT,2021-04-29,16.4,19.6,13.8,75,97,4.7,4.7,12.5,85,20.48,3.74,785.8,11.8,2235.0,11.42355,76.684494
TN-OOT,2021-04-30,15.5,19.4,12.8,88,100,6.7,6.7,10.1,97,18.34,3.21,784.8,13.3,2235.0,11.42355,76.684494
TN-OOT,2021-05-01,15.6,20.3,12.2,87,100,3.5,3.5,10.2,113,21.0,3.69,784.6,13.2,2235.0,11.42355,76.684494
TN-OOT,2021-05-02,15.4,19.6,12.3,88,100,3.5,3.5,11.8,77,19.04,3.33,784.6,13.2,2235.0,11.42355,76.684494
TN-OOT,2021-05-03,15.3,18.8,13.2,96,100,9.3,9.3,9.4,68,15.64,2.66,784.2,14.7,2235.0,11.42355,76.684494
TN-OOT,2021-05-04,15.5,18.6,12.8,96,100,6.3,6.3,10.3,46,15.43,2.58,784.2,14.7,2235.0,11.42355,76.684494
TN-OOT,2021-05-05,16.4,21.7,12.6,78,100,0.1,0.1,10.3,108,26.1,4.72,784.3,12.0,2235.0,11.42355,76.684494
TN-OOT,2021-05-06,16.2,21.0,12.7,85,100,0.9,0.9,9.8,114,23.69,4.18,785.1,13.4,2235.0,11.42355,76.684494
TN-OOT,2021-05-07,16.2,19.2,14.1,91,100,7.4,7.4,13.2,93,20.34,3.43,785.6,14.6,2235.0,11.42355,76.684494
TN-OOT,2021-05-08,16.4,21.4,12.9,85,100,0.8,0.8,11.1,107,25.5,4.47,785.0,13.5,2235.0,11.42355,76.684494
TN-OOT,2021-05-09,16.4,20.1,13.8,87,100,6.0,6.0,11.1,83,22.62,3.94,784.4,13.9,2235.0,11.42355,76.684494
TN-OOT,2021-05-10,16.1,19.6,13.0,95,100,12.3,12.3,9.8,77,18.15,3.07,784.1,15.1,2235.0,11.42355,76.684494
TN-OOT,2021-05-11,16.6,20.5,13.8,88,100,4.1,4.1,10.5,86,21.87,3.85,784.4,14.3,2235.0,11.42355,76.684494
TN-OOT,2021-05-12,16.5,20.0,14.3,90,100,1.4,1.4,7.2,109,15.87,2.9,783.5,14.6,2235.0,11.42355,76.684494
TN-OOT,2021-05-13,16.7,20.3,14.1,86,100,1.3,1.3,8.3,110,20.73,3.71,782.9,14.1,2235.0,11.42355,76.684494
TN-OOT,2021-05-14,15.2,17.4,13.9,95,100,16.8,16.8,21.0,177,8.7,1.46,780.9,14.4,2235.0,11.42355,76.684494
TN-OOT,2021-05-15,15.1,16.7,13.9,100,100,74.9,74.9,17.0,200,4.13,0.83,779.4,15.0,2235.0,11.42355,76.684494
TN-OOT,2021-05-16,15.7,17.9,13.7,94,100,22.5,22.5,8.9,240,10.15,1.87,781.3,14.7,2235.0,11.42355,76.684494
TN-OOT,2021-05-17,15.8,19.0,13.1,97,100,37.5,37.5,4.3,220,15.37,2.76,783.1,15.4,2235.0,11.42355,76.684494
TN-OOT,2021-05-18,15.9,19.5,13.1,95,100,20.6,20.6,7.0,213,18.8,3.41,783.6,15.0,2235.0,11.42355,76.684494
TN-OOT,2021-05-19,16.4,19.4,13.2,97,100,49.5,49.5,5.4,155,17.84,3.16,783.4,15.9,2235.0,11.42355,76.684494
TN-OOT,2021-05-20,16.3,19.5,14.5,96,100,26.5,26.5,5.5,259,17.34,3.13,783.8,15.6,2235.0,11.42355,76.684494
TN-OOT,2021-05-21,15.7,19.5,13.8,98,100,16.6,16.6,5.7,262,13.68,2.51,783.6,15.4,2235.0,11.42355,76.684494
TN-OOT,2021-05-22,15.8,19.6,13.4,91,100,2.4,2.4,7.9,284,13.12,2.39,783.3,14.2,2235.0,11.42355,76.684494
TN-OOT,2021-05-23,16.2,21.1,12.8,86,100,1.0,1.0,9.2,298,19.87,3.56,783.8,13.6,2235.0,11.42355,76.684494
TN-OOT,2021-05-24,16.0,20.9,12.4,81,99,1.8,1.8,11.6,273,22.12,3.92,784.1,12.5,2235.0,11.42355,76.684494
TN-OOT,2021-05-25,15.5,20.1,12.3,85,99,1.5,1.5,10.5,272,19.39,3.38,782.8,12.9,2235.0,11.42355,76.684494
TN-OOT,2021-05-26,15.4,19.7,13.1,89,100,17.8,17.8,13.3,286,16.35,2.89,782.7,13.5,2235.0,11.42355,76.684494
TN-OOT,2021-05-27,15.1,19.6,12.0,82,97,0.3,0.3,13.5,281,23.67,4.01,782.9,12.0,2235.0,11.42355,76.684494
TN-OOT,2021-05-28,15.3,20.6,11.7,71,98,0.6,0.6,11.3,278,26.05,4.74,783.5,9.7,2235.0,11.42355,76.684494
TN-OOT,2021-05-29,15.0,18.9,11.5,86,99,3.1,3.1,8.0,267,20.28,3.54,783.7,12.5,2235.0,11.42355,76.684494
TN-OOT,2021-05-30,15.7,20.9,12.2,82,99,0.9,0.9,9.0,266,23.63,4.21,783.8,12.3,2235.0,11.42355,76.684494
TN-OOT,2021-05-31,15.8,20.0,12.1,83,100,2.1,2.1,6.8,250,21.83,3.96,782.7,12.7,2235.0,11.42355,76.684494
TN-OOT,2021-06-01,16.1,19.9,13.1,91,100,5.0,5.0,5.6,278,20.04,3.6,783.2,14.6,2235.0,11.42355,76.684494
TN-OOT,2021-06-02,16.0,19.7,12.9,95,100,20.3,20.3,6.9,79,17.81,3.11,783.6,15.1,2235.0,11.42355,76.684494
TN-OOT,2021-06-03,16.0,20.0,13.8,95,100,19.4,19.4,7.2,114,15.16,2.71,784.1,15.2,2235.0,11.42355,76.684494
TN-OOT,2021-06-04,15.8,18.7,13.8,99,100,28.0,28.0,5.2,90,11.19,2.03,784.4,15.6,2235.0,11.42355,76.684494
TN-OOT,2021-06-05,15.3,18.3,12.5,97,100,45.0,45.0,10.7,266,11.07,2.05,783.7,14.8,2235.0,11.42355,76.684494
TN-OOT,2021-06-06,15.0,19.6,11.7,87,100,19.7,19.7,9.8,270,14.98,2.74,783.5,12.7,2235.0,11.42355,76.684494
TN-OOT,2021-06-07,15.4,19.9,11.7,83,100,2.1,2.1,6.8,298,21.76,3.85,784.0,12.3,2235.0,11.42355,76.684494
TN-OOT,2021-06-08,15.5,20.8,11.9,80,100,1.6,1.6,9.6,281,23.51,4.15,783.9,11.6,2235.0,11.42355,76.684494
TN-OOT,2021-06-09,14.8,19.6,10.9,84,98,2.3,2.3,10.4,265,23.56,4.03,782.8,11.9,2235.0,11.42355,76.684494
TN-OOT,2021-06-10,15.1,19.5,11.8,83,98,0.0,0.0,11.2,273,19.62,3.47,782.3,12.1,2235.0,11.42355,76.684494
TN-OOT,2021-06-11,14.8,19.3,11.7,78,96,0.0,0.0,13.0,269,18.13,3.35,782.4,10.7,2235.0,11.42355,76.684494
TN-OOT,2021-06-12,14.9,18.5,12.8,90,99,2.9,2.9,23.5,279,17.05,2.69,782.7,13.2,2235.0,11.42355,76.684494
TN-OOT,2021-06-13,14.2,15.9,13.2,93,99,13.1,13.1,23.4,281,10.38,1.67,781.9,13.1,2235.0,11.42355,76.684494
TN-OOT,2021-06-14,13.5,14.9,12.5,97,100,14.3,14.3,26.4,279,8.93,1.24,781.2,13.1,2235.0,11.42355,76.684494
TN-OOT,2021-06-15,14.4,16.9,12.7,93,100,7.0,7.0,24.5,270,16.98,2.47,781.0,13.1,2235.0,11.42355,76.684494
TN-OOT,2021-06-16,14.5,16.7,12.8,94,100,9.6,9.6,21.6,270,13.99,2.09,782.0,13.4,2235.0,11.42355,76.684494
TN-OOT,2021-06-17,14.3,16.3,12.8,89,97,3.8,3.8,24.9,266,18.19,2.77,782.6,12.5,2235.0,11.42355,76.684494
TN-OOT,2021-06-18,14.3,17.4,12.4,87,97,1.1,1.1,21.4,260,19.72,3.13,783.5,12.0,2235.0,11.42355,76.684494
TN-OOT,2021-06-19,14.3,18.0,11.8,85,99,0.2,0.2,17.0,263,21.57,3.49,784.7,11.7,2235.0,11.42355,76.684494
TN-OOT,2021-06-20,14.3,18.4,11.6,86,100,0.2,0.2,15.8,270,21.99,3.59,785.0,11.8,2235.0,11.42355,76.684494
TN-OOT,2021-06-21,14.8,19.1,11.4,87,100,0.9,0.9,11.5,279,22.05,3.64,784.6,12.5,2235.0,11.42355,76.684494
TN-OOT,2021-06-22,14.8,18.0,11.8,88,99,5.6,5.6,11.1,291,16.38,2.76,783.9,12.7,2235.0,11.42355,76.684494
TN-OOT,2021-06-23,14.9,18.9,12.6,90,100,4.0,4.0,6.8,295,18.15,3.15,783.7,13.0,2235.0,11.42355,76.684494
TN-OOT,2021-06-24,14.5,19.0,11.7,81,100,0.3,0.3,11.0,274,19.58,3.45,783.6,10.9,2235.0,11.42355,76.684494
TN-OOT,2021-06-25,15.1,19.8,11.5,71,94,0.0,0.0,13.2,283,24.75,4.49,783.2,9.5,2235.0,11.42355,76.684494
TN-OOT,2021-06-26,14.0,18.8,10.8,87,99,5.8,5.8,13.5,280,16.95,2.85,782.4,11.8,2235.0,11.42355,76.684494
TN-OOT,2021-06-27,14.1,16.5,12.0,89,98,0.7,0.7,14.5,293,12.5,2.08,783.4,12.2,2235.0,11.42355,76.684494
TN-OOT,2021-06-28,15.4,19.6,11.3,82,99,12.4,12.4,9.4,326,20.96,3.65,783.4,12.1,2235.0,11.42355,76.684494
TN-OOT,2021-06-29,15.7,18.7,12.7,90,99,8.0,8.0,6.9,83,17.14,2.95,783.6,14.0,2235.0,11.42355,76.684494
TN-OOT,2021-06-30,16.4,20.3,13.3,88,100,4.3,4.3,6.5,109,22.52,3.98,783.9,14.2,2235.0,11.42355,76.684494
TN-OOT,2021-07-01,16.1,19.4,14.4,95,100,17.5,17.5,7.1,159,16.79,2.97,783.0,15.3,2235.0,11.42355,76.684494
TN-OOT,2021-07-02,15.6,19.1,13.2,95,100,13.9,13.9,8.8,246,15.93,2.9,783.0,14.7,2235.0,11.42355,76.684494
TN-OOT,2021-07-03,15.1,18.6,12.1,98,100,13.5,13.5,6.4,295,16.63,2.83,783.3,14.7,2235.0,11.42355,76.684494
TN-OOT,2021-07-04,15.1,18.4,13.0,96,100,19.6,19.6,9.1,305,16.04,2.68,783.5,14.4,2235.0,11.42355,76.684494
TN-OOT,2021-07-05,15.0,19.1,12.4,93,100,5.7,5.7,7.8,295,15.09,2.66,782.6,13.7,2235.0,11.42355,76.684494
TN-OOT,2021-07-06,15.0,18.5,12.1,95,100,7.4,7.4,4.7,122,18.77,3.3,781.9,14.1,2235.0,11.42355,76.684494
TN-OOT,2021-07-07,15.4,19.2,13.1,95,100,26.4,26.4,7.2,129,16.03,2.82,782.1,14.6,2235.0,11.42355,76.684494
TN-OOT,2021-07-08,15.6,20.3,13.2,90,100,1.1,1.1,9.2,289,17.24,3.09,782.6,13.9,2235.0,11.42355,76.684494
TN-OOT,2021-07-09,15.0,17.6,12.9,98,100,27.4,27.4,11.4,283,8.83,1.57,781.0,14.6,2235.0,11.42355,76.684494
TN-OOT,2021-07-10,14.0,16.3,12.1,96,100,31.9,31.9,28.8,274,7.38,1.28,780.0,13.3,2235.0,11.42355,76.684494
TN-OOT,2021-07-11,13.0,14.9,11.9,96,100,14.9,14.9,30.0,284,8.87,1.3,779.4,12.3,2235.0,11.42355,76.684494
TN-OOT,2021-07-12,14.0,15.9,12.8,92,99,5.2,5.2,24.2,284,11.33,1.81,780.1,12.7,2235.0,11.42355,76.684494
TN-OOT,2021-07-13,14.1,16.9,12.6,95,99,8.1,8.1,26.3,290,15.85,2.1,780.7,13.2,2235.0,11.42355,76.684494
TN-OOT,2021-07-14,13.6,15.9,12.7,98,100,12.6,12.6,25.3,295,9.95,1.29,781.1,13.4,2235.0,11.42355,76.684494
TN-OOT,2021-07-15,13.8,16.2,11.7,93,100,7.9,7.9,26.9,289,12.13,1.84,780.9,12.8,2235.0,11.42355,76.684494
TN-OOT,2021-07-16,14.4,16.5,13.2,98,100,27.6,27.6,16.6,282,8.24,1.31,782.4,14.1,2235.0,11.42355,76.684494
TN-OOT,2021-07-17,14.4,17.4,12.9,95,100,23.1,23.1,19.9,299,10.7,1.78,783.0,13.5,2235.0,11.42355,76.684494
TN-OOT,2021-07-18,13.7,15.5,12.8,97,100,17.1,17.1,22.2,286,6.98,1.1,781.9,13.3,2235.0,11.42355,76.684494
TN-OOT,2021-07-19,14.6,18.0,12.5,93,99,3.4,3.4,24.2,288,19.27,2.83,782.8,13.5,2235.0,11.42355,76.684494
TN-OOT,2021-07-20,14.5,18.4,12.0,88,98,1.3,1.3,21.3,285,21.87,3.35,784.0,12.4,2235.0,11.42355,76.684494
TN-OOT,2021-07-21,14.0,16.3,12.0,94,100,7.7,7.7,29.3,287,15.81,2.19,783.1,13.0,2235.0,11.42355,76.684494
TN-OOT,2021-07-22,13.1,14.7,12.1,99,100,19.7,19.7,31.0,285,6.38,0.81,780.4,13.0,2235.0,11.42355,76.684494
TN-OOT,2021-07-23,14.2,16.6,12.5,94,100,7.0,7.0,26.8,285,9.87,1.57,780.6,13.3,2235.0,11.42355,76.684494
TN-OOT,2021-07-24,15.1,18.3,13.3,93,100,5.8,5.8,20.5,287,16.94,2.59,782.3,14.0,2235.0,11.42355,76.684494
TN-OOT,2021-07-25,15.3,19.0,13.2,92,99,4.3,4.3,16.5,278,17.4,2.92,783.3,13.9,2235.0,11.42355,76.684494
TN-OOT,2021-07-26,14.8,17.8,12.4,91,100,4.6,4.6,15.6,279,14.53,2.36,783.4,13.3,2235.0,11.42355,76.684494
TN-OOT,2021-07-27,14.8,18.6,12.1,89,100,0.3,0.3,16.0,275,18.88,3.06,782.9,12.8,2235.0,11.42355,76.684494
TN-OOT,2021-07-28,14.7,18.3,12.6,89,97,0.8,0.8,16.8,279,20.64,3.22,783.4,12.8,2235.0,11.42355,76.684494
TN-OOT,2021-07-29,14.3,18.2,11.9,86,97,0.8,0.8,17.8,279,20.84,3.32,783.8,11.9,2235.0,11.42355,76.684494
TN-OOT,2021-07-30,14.3,17.9,12.1,87,97,0.7,0.7,19.2,288,19.49,3.08,784.5,12.2,2235.0,11.42355,76.684494
TN-OOT,2021-07-31,14.2,18.0,12.1,90,99,3.2,3.2,22.5,294,21.92,3.22,784.8,12.5,2235.0,11.42355,76.684494
TN-OOT,2021-08-01,14.2,18.1,11.5,89,99,1.1,1.1,20.9,290,21.65,3.26,784.0,12.3,2235.0,11.42355,76.684494
TN-OOT,2021-08-02,14.4,18.4,11.7,86,99,0.7,0.7,17.4,277,21.52,3.5,783.8,11.9,2235.0,11.42355,76.684494
TN-OOT,2021-08-03,14.5,18.0,12.1,91,98,2.1,2.1,20.5,285,19.07,2.95,785.0,12.8,2235.0,11.42355,76.684494
TN-OOT,2021-08-04,14.5,17.6,12.6,91,100,0.4,0.4,20.9,288,13.82,2.24,785.6,12.9,2235.0,11.42355,76.684494
TN-OOT,2021-08-05,14.7,18.2,12.6,93,99,3.2,3.2,17.4,287,17.62,2.68,784.1,13.4,2235.0,11.42355,76.684494
TN-OOT,2021-08-06,14.7,17.9,13.0,93,100,10.1,10.1,20.7,289,17.55,2.61,783.2,13.6,2235.0,11.42355,76.684494
TN-OOT,2021-08-07,14.9,17.5,13.2,94,100,19.2,19.2,14.6,286,14.54,2.34,783.6,14.0,2235.0,11.42355,76.684494
TN-OOT,2021-08-08,15.4,18.9,13.0,96,100,30.9,30.9,8.6,278,13.63,2.45,784.0,14.7,2235.0,11.42355,76.684494
TN-OOT,2021-08-09,15.4,18.6,13.0,97,100,33.1,33.1,6.5,309,16.25,2.81,784.3,15.0,2235.0,11.42355,76.684494
TN-OOT,2021-08-10,15.2,18.2,13.2,94,100,4.9,4.9,12.5,289,16.96,2.75,784.3,14.1,2235.0,11.42355,76.684494
TN-OOT,2021-08-11,15.0,18.5,13.3,93,99,27.4,27.4,14.1,296,15.98,2.55,784.5,14.0,2235.0,11.42355,76.684494
TN-OOT,2021-08-12,14.6,17.0,12.7,95,100,10.5,10.5,14.2,294,13.69,2.15,784.9,13.8,2235.0,11.42355,76.684494
TN-OOT,2021-08-13,15.0,19.0,12.4,90,99,3.1,3.1,13.7,296,17.92,3.01,783.9,13.2,2235.0,11.42355,76.684494
TN-OOT,2021-08-14,14.5,18.8,12.4,92,99,2.8,2.8,14.7,287,16.78,2.71,782.5,13.2,2235.0,11.42355,76.684494
TN-OOT,2021-08-15,14.6,18.4,12.0,86,97,0.9,0.9,14.2,280,19.43,3.2,782.8,12.2,2235.0,11.42355,76.684494
TN-OOT,2021-08-16,15.0,17.6,13.1,88,96,2.1,2.1,12.1,285,15.62,2.63,783.6,12.9,2235.0,11.42355,76.684494
TN-OOT,2021-08-17,15.1,18.8,11.9,86,100,5.2,5.2,9.5,278,19.27,3.32,783.6,12.7,2235.0,11.42355,76.684494
TN-OOT,2021-08-18,14.7,17.6,12.3,90,100,17.8,17.8,12.5,263,11.38,2.12,782.6,13.0,2235.0,11.42355,76.684494
TN-OOT,2021-08-19,14.5,17.5,11.2,88,99,7.9,7.9,16.2,273,13.12,2.33,782.1,12.4,2235.0,11.42355,76.684494
TN-OOT,2021-08-20,15.1,19.4,11.8,85,100,1.6,1.6,8.7,291,21.56,3.79,782.8,12.3,2235.0,11.42355,76.684494
TN-OOT,2021-08-21,14.3,17.2,12.0,95,100,20.1,20.1,6.9,326,10.57,1.86,783.4,13.5,2235.0,11.42355,76.684494
TN-OOT,2021-08-22,14.3,17.3,11.7,94,100,23.1,23.1,8.0,336,16.0,2.72,783.2,13.3,2235.0,11.42355,76.684494
TN-OOT,2021-08-23,14.4,17.6,12.0,98,100,32.1,32.1,10.0,358,16.28,2.73,783.1,14.1,2235.0,11.42355,76.684494
TN-OOT,2021-08-24,14.9,18.8,11.9,94,100,25.6,25.6,7.3,94,21.66,3.66,783.3,13.8,2235.0,11.42355,76.684494
TN-OOT,2021-08-25,15.0,18.1,12.5,95,100,22.4,22.4,7.1,86,19.29,3.22,782.8,14.2,2235.0,11.42355,76.684494
TN-OOT,2021-08-26,15.7,19.3,12.6,97,100,38.4,38.4,6.8,78,20.43,3.53,782.1,15.2,2235.0,11.42355,76.684494
TN-OOT,2021-08-27,15.4,19.6,13.8,95,100,25.6,25.6,9.7,271,11.78,2.17,781.5,14.6,2235.0,11.42355,76.684494
TN-OOT,2021-08-28,14.7,17.2,13.7,95,100,27.8,27.8,16.0,277,9.65,1.67,780.4,13.9,2235.0,11.42355,76.684494
TN-OOT,2021-08-29,13.9,16.7,12.4,97,99,36.6,36.6,20.0,277,8.4,1.33,779.7,13.4,2235.0,11.42355,76.684494
TN-OOT,2021-08-30,13.9,17.3,11.4,89,99,3.3,3.3,21.4,285,11.36,1.96,780.9,12.1,2235.0,11.42355,76.684494
TN-OOT,2021-08-31,15.2,18.4,12.5,87,99,1.7,1.7,14.6,290,18.85,3.19,782.2,12.8,2235.0,11.42355,76.684494
TN-OOT,2021-09-01,15.4,20.4,11.6,82,100,0.8,0.8,9.5,290,22.81,4.03,783.1,11.9,2235.0,11.42355,76.684494
TN-OOT,2021-09-02,14.7,18.0,12.1,91,100,7.2,7.2,11.0,290,13.91,2.42,782.6,13.1,2235.0,11.42355,76.684494
TN-OOT,2021-09-03,13.8,15.6,12.7,96,100,19.9,19.9,12.4,288,6.8,1.21,781.7,13.1,2235.0,11.42355,76.684494
TN-OOT,2021-09-04,14.5,17.3,12.7,94,99,10.9,10.9,13.1,276,10.61,1.8,782.2,13.6,2235.0,11.42355,76.684494
TN-OOT,2021-09-05,14.1,18.2,12.7,97,100,26.7,26.7,16.3,279,9.59,1.56,782.1,13.6,2235.0,11.42355,76.684494
TN-OOT,2021-09-06,14.1,17.7,12.7,94,100,19.6,19.6,18.3,283,11.6,1.86,782.0,13.0,2235.0,11.42355,76.684494
TN-OOT,2021-09-07,14.5,18.0,12.7,90,100,8.6,8.6,18.7,274,18.67,2.94,782.2,12.8,2235.0,11.42355,76.684494
TN-OOT,2021-09-08,14.7,18.7,11.8,88,100,1.8,1.8,14.1,263,20.53,3.36,783.1,12.6,2235.0,11.42355,76.684494
TN-OOT,2021-09-09,15.1,20.2,11.5,85,99,0.0,0.0,12.8,273,24.92,4.21,784.2,12.3,2235.0,11.42355,76.684494
TN-OOT,2021-09-10,15.1,19.8,12.0,88,100,1.2,1.2,14.7,280,22.59,3.7,784.2,12.9,2235.0,11.42355,76.684494
TN-OOT,2021-09-11,15.3,19.9,12.2,84,97,0.5,0.5,12.4,267,18.69,3.3,783.2,12.5,2235.0,11.42355,76.684494
TN-OOT,2021-09-12,14.8,17.1,13.2,91,99,2.7,2.7,17.7,269,11.15,1.91,782.0,13.2,2235.0,11.42355,76.684494
TN-OOT,2021-09-13,15.3,18.3,13.4,90,99,2.5,2.5,18.7,274,18.45,2.9,781.9,13.6,2235.0,11.42355,76.684494
TN-OOT,2021-09-14,15.5,20.0,12.1,86,99,0.0,0.0,17.5,270,23.23,3.89,782.4,12.9,2235.0,11.42355,76.684494
TN-OOT,2021-09-15,15.4,19.7,12.2,86,99,3.7,3.7,8.0,264,21.51,3.81,782.7,12.7,2235.0,11.42355,76.684494
TN-OOT,2021-09-16,15.5,19.5,12.4,85,100,2.4,2.4,7.9,272,20.83,3.64,782.9,12.8,2235.0,11.42355,76.684494
TN-OOT,2021-09-17,15.4,19.9,12.4,82,100,0.1,0.1,8.1,289,21.31,3.78,782.8,12.1,2235.0,11.42355,76.684494
TN-OOT,2021-09-18,15.2,19.1,11.5,85,100,3.1,3.1,8.7,306,20.26,3.54,783.8,12.6,2235.0,11.42355,76.684494
TN-OOT,2021-09-19,15.1,19.1,12.0,92,100,9.6,9.6,5.5,246,15.93,2.87,784.9,13.6,2235.0,11.42355,76.684494
TN-OOT,2021-09-20,14.9,18.6,12.7,98,100,13.6,13.6,6.5,308,11.76,2.05,784.3,14.6,2235.0,11.42355,76.684494
TN-OOT,2021-09-21,15.4,19.7,11.5,83,100,1.7,1.7,7.7,274,23.52,4.08,783.6,12.3,2235.0,11.42355,76.684494
TN-OOT,2021-09-22,14.9,18.7,12.1,89,100,4.1,4.1,12.5,288,21.0,3.45,782.5,12.9,2235.0,11.42355,76.684494
TN-OOT,2021-09-23,15.0,18.9,12.8,90,100,2.2,2.2,12.8,290,17.02,2.87,782.8,13.4,2235.0,11.42355,76.684494
TN-OOT,2021-09-24,15.1,19.7,12.1,92,100,10.6,10.6,10.6,303,18.98,3.15,783.3,13.7,2235.0,11.42355,76.684494
TN-OOT,2021-09-25,15.3,18.6,13.5,92,100,9.0,9.0,10.3,287,14.95,2.58,782.9,13.9,2235.0,11.42355,76.684494
TN-OOT,2021-09-26,15.2,19.5,12.7,85,99,2.0,2.0,10.9,289,16.35,2.91,781.5,12.7,2235.0,11.42355,76.684494
TN-OOT,2021-09-27,13.8,16.3,12.5,95,100,26.2,26.2,18.6,278,8.01,1.27,779.7,13.0,2235.0,11.42355,76.684494
TN-OOT,2021-09-28,14.4,18.1,12.4,85,97,0.8,0.8,16.2,267,18.6,3.04,781.6,11.9,2235.0,11.42355,76.684494
TN-OOT,2021-09-29,15.0,19.4,12.0,86,100,0.8,0.8,14.1,269,20.63,3.51,783.0,12.4,2235.0,11.42355,76.684494
TN-OOT,2021-09-30,14.9,18.5,11.4,90,100,7.3,7.3,8.3,338,19.46,3.24,783.8,13.2,2235.0,11.42355,76.684494
TN-OOT,2021-10-01,14.9,18.9,12.2,95,100,15.9,15.9,11.8,15,17.0,2.81,783.5,14.0,2235.0,11.42355,76.684494
TN-OOT,2021-10-02,15.4,19.2,12.6,98,100,18.2,18.2,9.8,91,18.06,2.94,783.1,15.1,2235.0,11.42355,76.684494
TN-OOT,2021-10-03,15.8,19.6,13.7,96,100,23.1,23.1,10.1,114,19.63,3.3,783.3,15.2,2235.0,11.42355,76.684494
TN-OOT,2021-10-04,15.7,19.4,12.9,98,100,13.3,13.3,9.8,52,16.84,2.77,783.0,15.3,2235.0,11.42355,76.684494
TN-OOT,2021-10-05,15.3,19.1,13.1,92,100,13.0,13.0,10.5,32,15.83,2.76,782.5,14.0,2235.0,11.42355,76.684494
TN-OOT,2021-10-06,14.3,16.9,12.7,99,100,23.5,23.5,8.1,306,7.65,1.38,781.3,14.1,2235.0,11.42355,76.684494
TN-OOT,2021-10-07,15.0,17.9,12.3,97,100,12.8,12.8,4.0,164,12.82,2.26,782.0,14.5,2235.0,11.42355,76.684494
TN-OOT,2021-10-08,15.6,19.1,13.2,99,100,13.9,13.9,5.8,302,14.01,2.47,783.2,15.3,2235.0,11.42355,76.684494
TN-OOT,2021-10-09,14.8,17.0,13.3,95,100,3.0,3.0,8.5,261,8.41,1.51,783.6,13.9,2235.0,11.42355,76.684494
TN-OOT,2021-10-10,15.6,18.9,13.4,91,99,8.8,8.8,8.4,285,16.76,2.87,783.7,14.1,2235.0,11.42355,76.684494
TN-OOT,2021-10-11,15.2,18.5,12.7,96,100,7.2,7.2,9.8,291,14.7,2.49,782.5,14.6,2235.0,11.42355,76.684494
TN-OOT,2021-10-12,14.9,17.8,13.4,99,100,28.5,28.5,7.7,272,9.53,1.7,781.8,14.7,2235.0,11.42355,76.684494
TN-OOT,2021-10-13,15.8,20.0,13.7,87,100,2.8,2.8,14.8,265,18.51,3.19,782.1,13.5,2235.0,11.42355,76.684494
TN-OOT,2021-10-14,16.5,20.1,13.8,84,99,1.9,1.9,7.2,273,21.59,3.88,782.0,13.5,2235.0,11.42355,76.684494
TN-OOT,2021-10-15,15.4,18.7,13.7,95,100,8.6,8.6,6.2,104,16.15,2.83,779.9,14.5,2235.0,11.42355,76.684494
TN-OOT,2021-10-16,15.6,19.2,14.1,96,100,10.5,10.5,7.6,152,14.77,2.58,779.4,14.9,2235.0,11.42355,76.684494
TN-OOT,2021-10-17,15.5,18.3,14.1,96,100,24.9,24.9,7.6,282,11.37,2.02,781.2,14.8,2235.0,11.42355,76.684494
TN-OOT,2021-10-18,15.4,18.4,13.1,91,100,1.4,1.4,10.3,291,13.64,2.31,783.2,13.9,2235.0,11.42355,76.684494
TN-OOT,2021-10-19,14.5,19.6,11.1,90,99,9.2,9.2,9.7,344,16.24,2.77,784.7,12.7,2235.0,11.42355,76.684494
TN-OOT,2021-10-20,14.5,16.5,12.6,97,100,13.6,13.6,7.6,85,9.95,1.69,785.8,14.1,2235.0,11.42355,76.684494
TN-OOT,2021-10-21,14.9,20.3,12.1,91,100,7.8,7.8,8.8,122,20.57,3.47,785.8,13.4,2235.0,11.42355,76.684494
TN-OOT,2021-10-22,15.5,19.9,12.4,89,100,4.6,4.6,8.4,129,22.5,3.83,786.3,13.4,2235.0,11.42355,76.684494
TN-OOT,2021-10-23,14.8,18.2,12.6,96,100,10.5,10.5,10.0,138,14.36,2.46,786.4,14.0,2235.0,11.42355,76.684494
TN-OOT,2021-10-24,14.0,18.1,11.6,92,100,23.1,23.1,5.6,315,16.12,2.71,785.7,12.5,2235.0,11.42355,76.684494
TN-OOT,2021-10-25,14.2,17.1,11.9,94,100,3.3,3.3,8.5,22,13.81,2.32,784.8,13.2,2235.0,11.42355,76.684494
TN-OOT,2021-10-26,13.7,15.4,12.1,99,100,24.8,24.8,6.7,106,10.6,1.76,783.7,13.6,2235.0,11.42355,76.684494
TN-OOT,2021-10-27,14.1,16.7,13.0,96,100,12.1,12.1,10.2,41,14.51,2.33,784.2,13.4,2235.0,11.42355,76.684494
TN-OOT,2021-10-28,14.0,18.0,11.6,92,100,4.7,4.7,10.9,40,17.34,2.8,784.2,12.6,2235.0,11.42355,76.684494
TN-OOT,2021-10-29,13.8,16.9,11.3,94,100,11.6,11.6,13.3,59,13.93,2.25,784.6,12.9,2235.0,11.42355,76.684494
TN-OOT,2021-10-30,14.5,17.5,12.7,94,100,3.4,3.4,12.2,99,16.18,2.56,785.4,13.5,2235.0,11.42355,76.684494
TN-OOT,2021-10-31,14.9,18.5,13.2,92,100,2.9,2.9,12.6,54,13.62,2.29,785.5,13.5,2235.0,11.42355,76.684494
TN-OOT,2021-11-01,14.1,15.8,13.1,96,100,9.6,9.6,11.9,66,11.19,1.76,784.0,13.5,2235.0,11.42355,76.684494
TN-OOT,2021-11-02,14.7,17.6,13.4,95,100,6.1,6.1,15.6,122,15.31,2.38,783.6,13.9,2235.0,11.42355,76.684494
TN-OOT,2021-11-03,14.8,18.2,13.5,95,100,11.7,11.7,13.0,138,15.59,2.49,784.1,13.9,2235.0,11.42355,76.684494
TN-OOT,2021-11-04,14.5,17.9,12.6,95,100,2.7,2.7,6.5,141,11.59,2.02,784.0,13.7,2235.0,11.42355,76.684494
TN-OOT,2021-11-05,14.2,16.2,12.4,98,100,24.7,24.7,4.8,174,8.94,1.6,783.8,13.9,2235.0,11.42355,76.684494
TN-OOT,2021-11-06,14.3,18.2,10.8,93,100,8.3,8.3,8.2,314,17.7,2.94,783.1,13.1,2235.0,11.42355,76.684494
TN-OOT,2021-11-07,14.0,16.3,13.0,94,100,13.2,13.2,9.8,338,10.4,1.74,783.2,13.0,2235.0,11.42355,76.684494
TN-OOT,2021-11-08,13.5,15.5,12.8,97,100,11.2,11.2,9.1,3,5.99,1.07,783.3,13.1,2235.0,11.42355,76.684494
TN-OOT,2021-11-09,13.3,15.3,11.1,92,100,9.3,9.3,7.6,352,7.2,1.31,783.3,11.9,2235.0,11.42355,76.684494
TN-OOT,2021-11-10,12.6,14.7,10.0,98,100,14.4,14.4,6.6,344,5.52,1.02,782.2,12.3,2235.0,11.42355,76.684494
TN-OOT,2021-11-11,13.0,15.8,11.5,94,100,2.2,2.2,19.7,324,10.79,1.71,781.1,12.0,2235.0,11.42355,76.684494
TN-OOT,2021-11-12,13.6,16.0,12.3,97,100,18.9,18.9,16.8,323,8.09,1.36,780.8,13.2,2235.0,11.42355,76.684494
TN-OOT,2021-11-13,14.8,17.3,12.7,97,100,16.0,16.0,5.5,309,11.1,1.96,782.3,14.4,2235.0,11.42355,76.684494
TN-OOT,2021-11-14,14.5,16.0,13.1,98,100,74.0,74.0,4.9,282,6.35,1.24,782.2,14.2,2235.0,11.42355,76.684494
TN-OOT,2021-11-15,14.6,17.1,12.8,98,100,26.2,26.2,5.4,182,9.61,1.76,781.3,14.2,2235.0,11.42355,76.684494
TN-OOT,2021-11-16,14.9,17.5,13.1,98,100,31.2,31.2,6.1,191,10.53,1.94,781.7,14.5,2235.0,11.42355,76.684494
TN-OOT,2021-11-17,14.9,18.5,12.5,95,100,26.8,26.8,7.2,9,14.95,2.62,783.2,13.9,2235.0,11.42355,76.684494
TN-OOT,2021-11-18,13.5,15.8,11.7,95,100,3.9,3.9,13.0,325,8.71,1.47,781.7,12.7,2235.0,11.42355,76.684494
TN-OOT,2021-11-19,14.4,18.2,11.1,91,100,3.5,3.5,18.6,303,17.94,2.8,779.9,12.9,2235.0,11.42355,76.684494
TN-OOT,2021-11-20,14.8,17.3,13.1,94,100,0.9,0.9,11.2,273,10.21,1.75,780.7,13.7,2235.0,11.42355,76.684494
TN-OOT,2021-11-21,14.6,19.0,11.4,86,99,2.3,2.3,7.5,98,17.1,2.89,783.1,12.3,2235.0,11.42355,76.684494
TN-OOT,2021-11-22,14.5,19.7,10.6,82,100,4.3,4.3,7.6,92,18.86,3.23,784.3,11.3,2235.0,11.42355,76.684494
TN-OOT,2021-11-23,14.9,18.9,12.2,93,100,3.4,3.4,10.4,63,18.36,2.95,784.3,13.7,2235.0,11.42355,76.684494
TN-OOT,2021-11-24,14.7,19.0,11.5,83,100,0.1,0.1,13.5,73,20.52,3.37,784.2,11.7,2235.0,11.42355,76.684494
TN-OOT,2021-11-25,13.8,17.4,10.6,89,100,8.3,8.3,15.3,65,16.43,2.56,783.6,12.0,2235.0,11.42355,76.684494
TN-OOT,2021-11-26,13.6,16.0,12.5,99,100,15.6,15.6,13.9,65,9.42,1.44,783.9,13.4,2235.0,11.42355,76.684494
TN-OOT,2021-11-27,13.3,15.6,12.1,96,100,11.7,11.7,12.8,45,6.94,1.17,783.5,12.7,2235.0,11.42355,76.684494
TN-OOT,2021-11-28,13.8,15.1,13.1,98,100,11.1,11.1,14.1,100,10.2,1.52,783.5,13.5,2235.0,11.42355,76.684494
TN-OOT,2021-11-29,13.5,15.2,12.5,97,100,10.7,10.7,17.9,130,12.87,1.81,783.8,13.1,2235.0,11.42355,76.684494
TN-OOT,2021-11-30,13.0,14.5,12.2,98,100,7.3,7.3,20.5,137,10.27,1.35,783.8,12.7,2235.0,11.42355,76.684494
TN-OOT,2021-12-01,14.1,19.1,10.9,80,99,0.0,0.0,13.7,159,21.38,3.68,784.3,10.4,2235.0,11.42355,76.684494
TN-OOT,2021-12-02,14.3,17.2,12.1,94,100,8.2,8.2,7.6,270,14.21,2.38,784.7,13.3,2235.0,11.42355,76.684494
TN-OOT,2021-12-03,14.1,18.9,11.3,91,100,4.6,4.6,8.7,333,15.84,2.69,784.8,12.5,2235.0,11.42355,76.684494
TN-OOT,2021-12-04,13.6,17.0,10.8,95,100,4.0,4.0,6.4,304,14.9,2.43,784.8,12.8,2235.0,11.42355,76.684494
TN-OOT,2021-12-05,14.1,17.3,11.7,92,100,3.3,3.3,7.9,318,16.66,2.74,785.3,12.7,2235.0,11.42355,76.684494
TN-OOT,2021-12-06,14.0,18.0,11.5,91,100,3.0,3.0,9.0,2,13.79,2.29,784.9,12.5,2235.0,11.42355,76.684494
TN-OOT,2021-12-07,13.7,16.4,11.6,96,100,8.3,8.3,7.8,55,12.72,2.12,785.1,13.0,2235.0,11.42355,76.684494
TN-OOT,2021-12-08,13.7,17.3,10.4,93,100,5.1,5.1,8.5,93,16.61,2.66,785.0,12.5,2235.0,11.42355,76.684494
TN-OOT,2021-12-09,13.3,18.6,8.9,90,100,1.5,1.5,10.9,121,18.35,2.98,785.3,11.6,2235.0,11.42355,76.684494
TN-OOT,2021-12-10,13.3,18.3,9.7,84,100,0.7,0.7,9.4,117,22.15,3.57,785.8,10.4,2235.0,11.42355,76.684494
TN-OOT,2021-12-11,13.3,18.0,9.2,88,100,1.1,1.1,17.2,107,19.05,2.95,785.4,11.3,2235.0,11.42355,76.684494
TN-OOT,2021-12-12,13.3,16.5,11.0,94,100,6.7,6.7,16.3,103,18.24,2.62,785.7,12.3,2235.0,11.42355,76.684494
TN-OOT,2021-12-13,13.4,17.6,9.0,90,100,0.9,0.9,14.4,104,18.42,2.89,784.9,11.5,2235.0,11.42355,76.684494
TN-OOT,2021-12-14,13.3,16.0,11.1,93,100,2.0,2.0,14.3,101,15.06,2.3,784.5,12.1,2235.0,11.42355,76.684494
TN-OOT,2021-12-15,13.3,17.8,10.5,89,100,0.0,0.0,10.2,111,17.69,2.86,784.8,11.3,2235.0,11.42355,76.684494
TN-OOT,2021-12-16,13.2,18.1,9.3,90,100,5.8,5.8,9.2,121,18.21,2.96,785.3,11.5,2235.0,11.42355,76.684494
TN-OOT,2021-12-17,13.2,16.8,10.0,93,100,3.4,3.4,10.5,30,14.7,2.32,785.7,12.0,2235.0,11.42355,76.684494
TN-OOT,2021-12-18,13.8,18.5,9.9,88,100,0.7,0.7,9.4,358,16.91,2.79,785.4,11.8,2235.0,11.42355,76.684494
TN-OOT,2021-12-19,13.2,17.8,10.5,86,100,0.8,0.8,10.2,345,17.01,2.77,785.4,10.8,2235.0,11.42355,76.684494
TN-OOT,2021-12-20,12.9,18.9,8.4,76,99,0.0,0.0,8.1,315,22.92,3.85,784.8,8.5,2235.0,11.42355,76.684494
TN-OOT,2021-12-21,12.3,18.4,6.7,79,96,0.0,0.0,9.7,312,21.46,3.58,784.9,8.6,2235.0,11.42355,76.684494
TN-OOT,2021-12-22,12.2,18.4,6.9,66,86,0.0,0.0,9.9,323,22.35,3.81,783.9,5.4,2235.0,11.42355,76.684494
TN-OOT,2021-12-23,12.9,18.4,7.8,69,94,0.0,0.0,11.0,337,22.01,3.67,784.2,7.0,2235.0,11.42355,76.684494
TN-OOT,2021-12-24,13.1,18.6,7.6,64,90,0.0,0.0,11.0,5,22.76,3.88,784.3,6.1,2235.0,11.42355,76.684494
TN-OOT,2021-12-25,13.7,18.7,8.1,59,97,0.0,0.0,11.9,15,23.08,4.09,785.3,5.1,2235.0,11.42355,76.684494
TN-OOT,2021-12-26,13.7,18.3,8.2,65,97,0.0,0.0,10.8,28,22.4,3.92,786.0,6.7,2235.0,11.42355,76.684494
TN-OOT,2021-12-27,13.1,18.7,6.7,64,93,0.0,0.0,7.6,127,23.08,3.92,785.6,5.6,2235.0,11.42355,76.684494
TN-OOT,2021-12-28,10.9,17.9,5.0,74,94,0.0,0.0,7.6,170,22.09,3.69,783.5,6.0,2235.0,11.42355,76.684494
TN-OOT,2021-12-29,12.1,18.6,8.2,79,98,0.1,0.1,6.2,125,20.8,3.46,783.9,8.3,2235.0,11.42355,76.684494
TN-OOT,2021-12-30,12.3,18.1,6.6,78,100,0.1,0.1,10.7,146,22.78,3.73,784.7,8.1,2235.0,11.42355,76.684494
TN-OOT,2021-12-31,13.0,15.3,11.4,95,100,6.2,6.2,14.1,113,15.59,2.26,786.2,12.2,2235.0,11.42355,76.684494
TN-OOT,2022-01-01,12.8,15.5,11.3,95,100,2.7,2.7,12.0,114,13.64,2.09,786.5,12.1,2235.0,11.42355,76.684494
TN-OOT,2022-01-02,13.1,18.3,10.5,89,100,0.0,0.0,11.3,119,19.25,3.09,785.8,11.1,2235.0,11.42355,76.684494
TN-OOT,2022-01-03,12.7,17.8,8.1,86,100,0.3,0.3,10.2,94,17.74,2.97,785.1,10.2,2235.0,11.42355,76.684494
TN-OOT,2022-01-04,11.9,17.5,7.7,80,100,0.0,0.0,10.1,338,17.45,2.9,784.3,8.2,2235.0,11.42355,76.684494
TN-OOT,2022-01-05,12.4,17.5,8.0,82,96,2.2,2.2,10.7,327,18.93,3.08,784.7,9.3,2235.0,11.42355,76.684494
TN-OOT,2022-01-06,12.7,19.2,7.3,82,100,0.7,0.7,8.0,316,18.31,3.12,784.1,9.4,2235.0,11.42355,76.684494
TN-OOT,2022-01-07,13.1,18.6,9.3,89,100,3.2,3.2,6.4,132,14.19,2.49,785.1,11.1,2235.0,11.42355,76.684494
TN-OOT,2022-01-08,12.9,17.9,8.1,91,100,6.9,6.9,9.8,19,14.23,2.38,785.2,11.3,2235.0,11.42355,76.684494
TN-OOT,2022-01-09,12.8,15.8,10.3,94,100,3.8,3.8,11.6,0,13.18,2.08,784.4,11.9,2235.0,11.42355,76.684494
TN-OOT,2022-01-10,12.8,17.7,9.8,90,100,5.4,5.4,10.0,22,17.34,2.85,784.4,10.9,2235.0,11.42355,76.684494
TN-OOT,2022-01-11,12.9,18.0,8.3,81,100,2.1,2.1,8.0,300,20.58,3.43,784.3,9.3,2235.0,11.42355,76.684494
TN-OOT,2022-01-12,13.0,18.2,8.7,75,95,0.0,0.0,7.8,138,20.26,3.44,784.0,8.4,2235.0,11.42355,76.684494
TN-OOT,2022-01-13,13.2,19.5,7.2,76,100,0.0,0.0,6.6,166,22.13,3.78,783.8,8.4,2235.0,11.42355,76.684494
TN-OOT,2022-01-14,12.7,18.4,7.0,77,100,0.3,0.3,6.2,192,21.43,3.63,783.4,8.3,2235.0,11.42355,76.684494
TN-OOT,2022-01-15,13.6,18.8,8.7,68,97,0.5,0.5,9.2,325,21.88,3.72,784.3,7.4,2235.0,11.42355,76.684494
TN-OOT,2022-01-16,12.3,16.8,7.0,88,100,1.6,1.6,6.3,111,18.08,2.99,784.4,10.1,2235.0,11.42355,76.684494
TN-OOT,2022-01-17,12.3,15.7,9.5,89,100,4.5,4.5,9.2,59,16.01,2.54,785.7,10.4,2235.0,11.42355,76.684494
TN-OOT,2022-01-18,12.1,17.7,7.8,83,100,0.3,0.3,11.6,52,18.6,3.04,784.9,8.9,2235.0,11.42355,76.684494
TN-OOT,2022-01-19,11.8,17.4,6.4,70,90,0.0,0.0,12.4,347,24.17,3.95,783.8,6.0,2235.0,11.42355,76.684494
TN-OOT,2022-01-20,11.9,18.2,5.8,64,97,0.0,0.0,12.0,347,24.61,4.25,783.0,4.3,2235.0,11.42355,76.684494
TN-OOT,2022-01-21,14.1,18.1,10.7,49,69,0.0,0.0,15.6,358,24.49,4.56,784.8,3.2,2235.0,11.42355,76.684494
TN-OOT,2022-01-22,15.0,18.7,10.5,47,66,0.0,0.0,13.8,354,24.5,4.58,784.6,3.6,2235.0,11.42355,76.684494
TN-OOT,2022-01-23,13.9,18.2,7.5,60,87,0.0,0.0,8.3,335,22.66,3.88,783.3,5.9,2235.0,11.42355,76.684494
TN-OOT,2022-01-24,12.6,17.9,7.3,65,91,0.0,0.0,8.6,117,20.98,3.59,781.8,5.9,2235.0,11.42355,76.684494
TN-OOT,2022-01-25,11.9,18.0,7.1,80,96,1.5,1.5,9.7,136,20.36,3.43,781.3,8.3,2235.0,11.42355,76.684494
TN-OOT,2022-01-26,11.5,15.5,8.6,92,100,4.5,4.5,5.9,151,13.84,2.31,781.6,10.1,2235.0,11.42355,76.684494
TN-OOT,2022-01-27,12.0,17.5,8.4,91,100,4.2,4.2,8.0,126,16.36,2.64,782.1,10.5,2235.0,11.42355,76.684494
TN-OOT,2022-01-28,12.2,16.9,9.6,88,100,1.2,1.2,12.6,110,19.7,3.03,783.2,10.0,2235.0,11.42355,76.684494
TN-OOT,2022-01-29,13.0,17.8,9.1,88,100,0.1,0.1,18.3,151,19.82,3.1,784.6,10.8,2235.0,11.42355,76.684494
TN-OOT,2022-01-30,13.3,19.7,8.4,86,100,2.1,2.1,7.9,273,19.27,3.29,784.5,10.6,2235.0,11.42355,76.684494
TN-OOT,2022-01-31,14.5,19.2,8.8,72,93,0.0,0.0,12.6,344,20.02,3.55,784.5,9.0,2235.0,11.42355,76.684494
TN-OOT,2022-02-01,13.6,19.6,7.8,75,99,0.0,0.0,11.1,348,21.87,3.85,783.6,8.5,2235.0,11.42355,76.684494
TN-OOT,2022-02-02,14.3,19.9,7.7,72,92,0.0,0.0,9.0,341,20.33,3.61,784.5,9.0,2235.0,11.42355,76.684494
TN-OOT,2022-02-03,13.2,19.7,8.5,81,96,1.9,1.9,8.7,310,19.69,3.41,783.7,9.6,2235.0,11.42355,76.684494
TN-OOT,2022-02-04,14.3,20.2,6.8,53,94,0.0,0.0,8.6,339,24.3,4.39,783.2,3.5,2235.0,11.42355,76.684494
TN-OOT,2022-02-05,14.2,19.5,8.8,64,93,0.0,0.0,11.2,67,23.37,4.18,783.6,6.7,2235.0,11.42355,76.684494
TN-OOT,2022-02-06,12.6,18.2,7.2,82,100,0.0,0.0,9.9,79,18.39,3.16,784.4,9.1,2235.0,11.42355,76.684494
TN-OOT,2022-02-07,13.2,18.7,8.4,81,100,1.1,1.1,12.2,48,19.08,3.28,785.3,9.7,2235.0,11.42355,76.684494
TN-OOT,2022-02-08,12.9,19.0,7.5,75,98,0.0,0.0,10.9,19,20.91,3.68,784.2,7.9,2235.0,11.42355,76.684494
TN-OOT,2022-02-09,13.4,18.9,9.1,73,99,0.0,0.0,9.8,34,23.38,3.99,783.9,8.1,2235.0,11.42355,76.684494
TN-OOT,2022-02-10,13.1,18.6,8.1,72,100,0.0,0.0,8.1,26,22.29,3.83,783.5,7.9,2235.0,11.42355,76.684494
TN-OOT,2022-02-11,13.6,19.6,8.6,62,86,0.0,0.0,7.7,135,24.07,4.23,783.5,5.8,2235.0,11.42355,76.684494
TN-OOT,2022-02-12,13.2,17.4,10.1,82,99,5.4,5.4,8.3,123,16.47,2.76,783.4,10.1,2235.0,11.42355,76.684494
TN-OOT,2022-02-13,12.9,17.6,8.2,79,97,0.0,0.0,12.1,357,19.65,3.29,782.5,9.0,2235.0,11.42355,76.684494
TN-OOT,2022-02-14,13.2,18.5,7.9,75,96,0.3,0.3,14.9,345,21.39,3.65,782.5,8.4,2235.0,11.42355,76.684494
TN-OOT,2022-02-15,13.0,18.6,8.7,77,99,1.2,1.2,15.5,337,21.62,3.63,782.5,8.7,2235.0,11.42355,76.684494
TN-OOT,2022-02-16,13.4,18.6,9.0,78,97,2.0,2.0,13.3,352,21.08,3.59,781.6,9.4,2235.0,11.42355,76.684494
TN-OOT,2022-02-17,12.6,16.7,8.7,86,99,6.7,6.7,11.2,58,17.59,2.83,780.6,10.3,2235.0,11.42355,76.684494
TN-OOT,2022-02-18,12.9,18.5,7.7,79,100,0.0,0.0,9.7,100,22.98,3.91,781.8,8.8,2235.0,11.42355,76.684494
TN-OOT,2022-02-19,13.6,19.5,8.8,73,100,0.0,0.0,7.9,111,24.22,4.21,783.8,8.2,2235.0,11.42355,76.684494
TN-OOT,2022-02-20,14.6,19.8,9.4,69,97,0.0,0.0,11.9,348,22.22,4.01,784.3,8.6,2235.0,11.42355,76.684494
TN-OOT,2022-02-21,14.9,20.5,8.3,65,88,0.0,0.0,10.9,357,23.28,4.25,784.0,7.9,2235.0,11.42355,76.684494
TN-OOT,2022-02-22,14.9,19.9,10.8,72,100,0.3,0.3,13.0,81,23.47,4.08,785.2,9.6,2235.0,11.42355,76.684494
TN-OOT,2022-02-23,13.4,19.2,7.6,72,100,0.0,0.0,12.3,103,26.37,4.52,785.6,7.5,2235.0,11.42355,76.684494
TN-OOT,2022-02-24,12.9,19.1,6.3,65,96,0.0,0.0,6.6,103,24.86,4.3,785.7,6.1,2235.0,11.42355,76.684494
TN-OOT,2022-02-25,13.5,19.3,8.3,63,83,0.0,0.0,10.5,28,24.32,4.35,785.5,6.3,2235.0,11.42355,76.684494
TN-OOT,2022-02-26,14.6,19.6,10.1,53,85,0.0,0.0,8.4,66,25.83,4.53,785.7,4.5,2235.0,11.42355,76.684494
TN-OOT,2022-02-27,13.5,19.1,8.8,68,100,0.0,0.0,12.1,36,24.52,4.31,785.5,7.0,2235.0,11.42355,76.684494
TN-OOT,2022-02-28,13.3,18.9,7.8,66,99,0.0,0.0,11.8,30,23.56,4.17,785.2,6.2,2235.0,11.42355,76.684494
TN-OOT,2022-03-01,13.2,19.0,7.3,62,98,0.0,0.0,13.2,98,23.67,4.32,785.3,5.4,2235.0,11.42355,76.684494
TN-OOT,2022-03-02,12.8,18.8,7.8,44,73,0.0,0.0,13.3,107,26.99,4.99,784.6,0.2,2235.0,11.42355,76.684494
TN-OOT,2022-03-03,12.3,18.7,6.5,57,89,0.0,0.0,14.3,107,27.68,4.89,784.0,2.8,2235.0,11.42355,76.684494
TN-OOT,2022-03-04,13.9,19.9,7.5,52,90,0.0,0.0,15.1,57,26.82,5.0,784.9,2.9,2235.0,11.42355,76.684494
TN-OOT,2022-03-05,13.4,19.8,7.6,55,92,0.0,0.0,15.8,38,27.37,5.04,784.1,3.2,2235.0,11.42355,76.684494
TN-OOT,2022-03-06,13.3,19.3,7.8,70,96,0.1,0.1,15.3,52,22.82,4.08,783.8,7.3,2235.0,11.42355,76.684494
TN-OOT,2022-03-07,13.7,19.3,9.4,84,100,2.6,2.6,10.2,115,18.51,3.22,783.7,10.8,2235.0,11.42355,76.684494
TN-OOT,2022-03-08,14.5,18.3,12.3,87,100,7.9,7.9,9.2,118,20.52,3.55,784.7,12.2,2235.0,11.42355,76.684494
TN-OOT,2022-03-09,15.2,20.7,10.4,72,100,0.0,0.0,12.0,91,24.3,4.48,784.9,9.5,2235.0,11.42355,76.684494
TN-OOT,2022-03-10,14.3,20.3,9.1,60,93,0.0,0.0,12.7,95,25.19,4.75,784.3,5.8,2235.0,11.42355,76.684494
TN-OOT,2022-03-11,14.4,20.7,8.5,54,88,0.0,0.0,13.7,87,26.07,5.0,784.0,4.3,2235.0,11.42355,76.684494
TN-OOT,2022-03-12,14.2,20.6,8.6,54,89,0.0,0.0,14.4,82,26.83,5.09,783.7,4.1,2235.0,11.42355,76.684494
TN-OOT,2022-03-13,14.1,20.1,8.7,56,85,0.0,0.0,15.5,96,26.94,5.06,784.1,4.7,2235.0,11.42355,76.684494
TN-OOT,2022-03-14,14.4,21.2,7.8,62,90,0.0,0.0,13.7,89,26.82,5.0,784.5,6.4,2235.0,11.42355,76.684494
TN-OOT,2022-03-15,15.8,21.1,10.3,58,80,0.0,0.0,15.0,37,25.92,4.93,784.7,6.7,2235.0,11.42355,76.684494
TN-OOT,2022-03-16,16.4,20.8,12.9,48,69,0.0,0.0,16.8,31,25.49,5.11,784.4,4.7,2235.0,11.42355,76.684494
TN-OOT,2022-03-17,16.2,21.4,10.9,50,82,0.0,0.0,17.4,68,23.54,5.0,783.9,4.8,2235.0,11.42355,76.684494
TN-OOT,2022-03-18,16.5,21.9,11.5,51,68,0.2,0.2,15.5,80,20.88,4.52,783.9,5.8,2235.0,11.42355,76.684494
TN-OOT,2022-03-19,16.1,21.6,11.9,56,84,0.3,0.3,11.3,89,21.1,4.22,783.4,6.9,2235.0,11.42355,76.684494
TN-OOT,2022-03-20,15.7,19.9,11.9,68,96,2.2,2.2,8.9,63,22.12,4.12,783.3,9.5,2235.0,11.42355,76.684494
TN-OOT,2022-03-21,16.3,20.2,13.4,66,88,1.8,1.8,11.7,64,22.92,4.28,783.9,9.7,2235.0,11.42355,76.684494
TN-OOT,2022-03-22,15.3,19.8,11.8,77,95,6.0,6.0,10.4,40,19.16,3.47,783.7,10.9,2235.0,11.42355,76.684494
TN-OOT,2022-03-23,15.7,20.2,12.3,81,100,2.4,2.4,11.5,100,19.13,3.5,783.7,12.1,2235.0,11.42355,76.684494
TN-OOT,2022-03-24,16.1,20.3,12.7,78,93,0.1,0.1,12.7,100,18.76,3.49,784.0,12.1,2235.0,11.42355,76.684494
TN-OOT,2022-03-25,15.6,19.7,11.4,79,93,1.9,1.9,13.0,97,23.43,4.12,784.3,11.7,2235.0,11.42355,76.684494
TN-OOT,2022-03-26,15.8,20.8,11.5,79,96,4.4,4.4,12.1,85,20.1,3.69,786.0,11.9,2235.0,11.42355,76.684494
TN-OOT,2022-03-27,16.1,20.2,12.2,78,97,0.4,0.4,14.8,76,22.19,3.97,786.6,11.8,2235.0,11.42355,76.684494
TN-OOT,2022-03-28,16.7,22.1,11.7,71,98,0.2,0.2,14.0,96,25.77,4.8,786.5,10.8,2235.0,11.42355,76.684494
TN-OOT,2022-03-29,16.5,21.7,12.1,71,91,1.8,1.8,15.8,76,22.58,4.28,785.6,10.7,2235.0,11.42355,76.684494
TN-OOT,2022-03-30,16.4,21.2,12.2,69,90,0.7,0.7,14.7,74,23.86,4.48,785.4,10.2,2235.0,11.42355,76.684494
TN-OOT,2022-03-31,16.7,21.5,12.0,62,88,0.0,0.0,15.0,81,23.12,4.58,785.6,8.8,2235.0,11.42355,76.684494
TN-OOT,2022-04-01,16.5,21.7,11.7,64,83,0.2,0.2,14.8,98,23.31,4.54,785.6,9.1,2235.0,11.42355,76.684494
TN-OOT,2022-04-02,16.5,21.2,11.2,64,83,0.0,0.0,14.4,77,24.32,4.67,786.2,9.2,2235.0,11.42355,76.684494
TN-OOT,2022-04-03,16.1,21.3,11.7,69,91,1.0,1.0,13.7,80,25.64,4.69,785.5,10.0,2235.0,11.42355,76.684494
TN-OOT,2022-04-04,16.0,21.0,11.8,60,98,0.0,0.0,18.4,108,27.54,5.29,786.0,7.4,2235.0,11.42355,76.684494
TN-OOT,2022-04-05,15.3,20.9,11.4,70,100,0.0,0.0,18.2,97,26.69,4.85,786.9,8.9,2235.0,11.42355,76.684494
TN-OOT,2022-04-06,15.8,21.5,9.5,64,94,0.0,0.0,13.8,89,26.56,5.07,787.0,8.1,2235.0,11.42355,76.684494
TN-OOT,2022-04-07,16.5,21.8,11.4,64,91,0.0,0.0,15.8,71,25.43,4.9,786.6,9.0,2235.0,11.42355,76.684494
TN-OOT,2022-04-08,15.1,20.2,10.8,82,98,4.3,4.3,13.3,80,21.19,3.73,785.1,11.8,2235.0,11.42355,76.684494
TN-OOT,2022-04-09,16.2,20.6,12.1,76,97,0.0,0.0,14.3,54,22.86,4.23,784.9,11.5,2235.0,11.42355,76.684494
TN-OOT,2022-04-10,16.3,20.9,11.8,72,92,1.5,1.5,14.4,46,21.32,4.02,784.6,10.7,2235.0,11.42355,76.684494
TN-OOT,2022-04-11,16.3,20.8,12.4,74,92,2.4,2.4,15.5,32,20.78,3.84,784.0,11.4,2235.0,11.42355,76.684494
TN-OOT,2022-04-12,15.2,20.4,12.8,87,100,18.3,18.3,11.7,48,14.71,2.66,782.8,12.9,2235.0,11.42355,76.684494
TN-OOT,2022-04-13,15.2,19.8,12.4,92,100,13.7,13.7,9.4,102,15.21,2.7,782.5,13.8,2235.0,11.42355,76.684494
TN-OOT,2022-04-14,14.9,18.4,12.2,90,100,12.0,12.0,7.0,140,13.46,2.44,782.9,13.1,2235.0,11.42355,76.684494
TN-OOT,2022-04-15,16.0,19.8,13.2,81,99,27.3,27.3,7.0,120,19.9,3.66,783.7,12.7,2235.0,11.42355,76.684494
TN-OOT,2022-04-16,16.4,20.3,13.4,85,99,11.1,11.1,7.9,76,18.15,3.28,783.5,13.8,2235.0,11.42355,76.684494
TN-OOT,2022-04-17,16.2,20.1,12.2,80,99,4.5,4.5,8.5,339,18.84,3.38,783.8,12.7,2235.0,11.42355,76.684494
TN-OOT,2022-04-18,15.2,18.6,11.2,86,99,2.3,2.3,9.0,330,17.36,2.96,784.7,12.8,2235.0,11.42355,76.684494
TN-OOT,2022-04-19,15.9,20.2,12.4,83,100,1.2,1.2,12.0,33,17.45,3.09,786.1,12.9,2235.0,11.42355,76.684494
TN-OOT,2022-04-20,16.7,21.8,13.0,76,94,1.3,1.3,12.7,80,23.66,4.35,785.2,12.1,2235.0,11.42355,76.684494
TN-OOT,2022-04-21,16.5,21.9,12.5,73,95,0.0,0.0,13.7,105,26.1,4.76,784.3,11.2,2235.0,11.42355,76.684494
TN-OOT,2022-04-22,16.6,21.5,13.2,69,96,0.1,0.1,12.4,92,27.09,4.93,784.9,10.4,2235.0,11.42355,76.684494
TN-OOT,2022-04-23,15.9,19.8,11.6,84,100,4.5,4.5,9.6,101,21.43,3.82,785.0,12.9,2235.0,11.42355,76.684494
TN-OOT,2022-04-24,15.9,20.4,13.4,88,98,10.9,10.9,9.8,93,19.91,3.49,784.6,13.7,2235.0,11.42355,76.684494
TN-OOT,2022-04-25,16.9,22.0,12.9,65,92,0.0,0.0,13.1,99,26.7,5.05,784.7,9.8,2235.0,11.42355,76.684494
TN-OOT,2022-04-26,16.3,20.9,12.1,73,90,0.5,0.5,15.0,93,25.26,4.56,784.7,11.1,2235.0,11.42355,76.684494
TN-OOT,2022-04-27,16.6,22.3,12.1,69,90,0.0,0.0,13.9,100,27.64,5.16,784.3,10.3,2235.0,11.42355,76.684494
TN-OOT,2022-04-28,17.4,22.4,12.1,66,89,0.0,0.0,13.6,84,26.39,5.08,785.4,10.4,2235.0,11.42355,76.684494
TN-OOT,2022-04-29,17.7,22.9,13.5,67,86,0.7,0.7,14.9,59,24.89,4.81,786.0,11.2,2235.0,11.42355,76.684494
TN-OOT,2022-04-30,17.7,21.3,14.0,71,85,2.0,2.0,17.4,35,21.05,4.04,785.4,12.1,2235.0,11.42355,76.684494
TN-OOT,2022-05-01,17.0,20.5,13.2,79,100,6.7,6.7,18.2,2,18.78,3.33,784.4,13.2,2235.0,11.42355,76.684494
TN-OOT,2022-05-02,17.3,21.3,13.5,74,96,3.7,3.7,16.6,6,19.35,3.67,784.3,12.3,2235.0,11.42355,76.684494
TN-OOT,2022-05-03,17.6,21.7,14.1,69,88,1.1,1.1,14.5,55,22.9,4.41,784.8,11.4,2235.0,11.42355,76.684494
TN-OOT,2022-05-04,17.2,21.0,13.5,78,100,3.0,3.0,15.3,40,21.24,3.76,785.3,13.0,2235.0,11.42355,76.684494
TN-OOT,2022-05-05,16.0,20.4,13.1,87,100,7.4,7.4,12.2,350,19.02,3.31,784.4,13.8,2235.0,11.42355,76.684494
TN-OOT,2022-05-06,16.8,19.8,13.5,81,100,1.5,1.5,11.2,45,19.19,3.42,784.4,13.3,2235.0,11.42355,76.684494
TN-OOT,2022-05-07,17.3,20.7,14.9,72,89,1.6,1.6,15.5,27,16.44,3.22,784.5,12.0,2235.0,11.42355,76.684494
TN-OOT,2022-05-08,18.2,21.7,14.8,65,88,1.2,1.2,18.1,6,20.65,4.09,783.7,11.2,2235.0,11.42355,76.684494
TN-OOT,2022-05-09,17.0,20.7,14.4,77,93,1.3,1.3,17.3,322,14.86,2.92,782.0,12.8,2235.0,11.42355,76.684494
TN-OOT,2022-05-10,15.7,19.5,13.7,84,100,3.2,3.2,18.1,295,12.23,2.33,781.2,12.9,2235.0,11.42355,76.684494
TN-OOT,2022-05-11,15.2,17.5,13.6,80,93,0.1,0.1,18.2,281,7.35,1.81,781.2,11.6,2235.0,11.42355,76.684494
TN-OOT,2022-05-12,15.6,19.1,13.5,84,100,11.9,11.9,16.2,286,11.68,2.35,781.6,12.7,2235.0,11.42355,76.684494
TN-OOT,2022-05-13,15.3,17.4,14.0,96,100,25.6,25.6,15.3,294,10.48,1.72,781.7,14.6,2235.0,11.42355,76.684494
TN-OOT,2022-05-14,16.2,20.7,13.9,92,100,14.9,14.9,8.2,323,15.33,2.76,782.2,14.8,2235.0,11.42355,76.684494
TN-OOT,2022-05-15,15.3,18.0,13.3,96,100,25.4,25.4,7.9,323,12.52,2.24,782.4,14.7,2235.0,11.42355,76.684494
TN-OOT,2022-05-16,15.4,17.2,13.9,96,100,24.0,24.0,10.5,15,10.66,1.89,781.9,14.7,2235.0,11.42355,76.684494
TN-OOT,2022-05-17,15.1,16.7,14.2,98,100,22.1,22.1,9.7,133,7.25,1.34,780.2,14.8,2235.0,11.42355,76.684494
TN-OOT,2022-05-18,15.3,17.9,14.2,98,100,18.8,18.8,11.0,160,10.38,1.87,779.9,15.0,2235.0,11.42355,76.684494
TN-OOT,2022-05-19,14.9,16.7,13.3,93,100,20.1,20.1,17.0,267,11.62,1.89,781.4,13.7,2235.0,11.42355,76.684494
TN-OOT,2022-05-20,15.8,19.0,14.3,89,96,4.8,4.8,12.0,269,16.32,2.79,783.2,14.0,2235.0,11.42355,76.684494
TN-OOT,2022-05-21,15.9,19.5,13.9,89,100,1.2,1.2,16.2,276,17.18,2.9,783.0,14.0,2235.0,11.42355,76.684494
TN-OOT,2022-05-22,14.7,17.0,13.3,93,100,7.4,7.4,17.0,283,8.23,1.4,781.7,13.5,2235.0,11.42355,76.684494
TN-OOT,2022-05-23,16.3,21.2,13.1,82,99,0.0,0.0,13.8,295,25.42,4.43,781.9,13.0,2235.0,11.42355,76.684494
TN-OOT,2022-05-24,15.9,20.3,11.1,80,100,1.9,1.9,11.2,310,23.84,4.18,783.5,12.1,2235.0,11.42355,76.684494
TN-OOT,2022-05-25,16.8,19.0,15.2,79,98,2.9,2.9,9.3,25,21.33,3.7,785.3,13.0,2235.0,11.42355,76.684494
TN-OOT,2022-05-26,15.8,19.1,14.1,91,100,11.1,11.1,7.1,66,17.81,3.08,784.8,14.3,2235.0,11.42355,76.684494
TN-OOT,2022-05-27,15.3,19.3,11.9,88,98,10.1,10.1,7.9,286,17.82,3.06,783.9,13.4,2235.0,11.42355,76.684494
TN-OOT,2022-05-28,16.3,19.1,13.8,78,94,1.7,1.7,7.8,355,22.53,3.91,783.7,12.3,2235.0,11.42355,76.684494
TN-OOT,2022-05-29,15.1,18.3,12.5,85,99,6.3,6.3,8.3,67,18.39,3.18,782.8,12.5,2235.0,11.42355,76.684494
TN-OOT,2022-05-30,15.2,17.8,12.1,88,98,13.9,13.9,6.6,83,17.22,2.99,782.6,13.2,2235.0,11.42355,76.684494
TN-OOT,2022-05-31,15.2,17.9,12.8,90,99,3.8,3.8,10.6,305,16.8,2.81,782.1,13.5,2235.0,11.42355,76.684494
TN-OOT,2022-06-01,15.0,18.4,11.6,93,100,3.1,3.1,6.3,23,17.12,2.93,781.9,13.9,2235.0,11.42355,76.684494
TN-OOT,2022-06-02,16.1,19.0,14.2,89,100,6.8,6.8,9.0,65,18.65,3.2,782.9,14.1,2235.0,11.42355,76.684494
TN-OOT,2022-06-03,15.9,20.2,11.6,86,99,1.8,1.8,7.6,23,21.74,3.82,782.4,13.4,2235.0,11.42355,76.684494
TN-OOT,2022-06-04,16.5,21.1,12.4,80,96,3.0,3.0,9.0,62,22.35,4.0,782.6,12.9,2235.0,11.42355,76.684494
TN-OOT,2022-06-05,16.7,21.0,13.4,82,100,13.5,13.5,8.3,81,21.49,3.86,782.8,13.5,2235.0,11.42355,76.684494
TN-OOT,2022-06-06,16.4,20.0,14.4,86,100,8.0,8.0,7.3,45,16.56,3.01,783.2,13.9,2235.0,11.42355,76.684494
TN-OOT,2022-06-07,16.2,19.5,13.4,84,96,1.4,1.4,7.2,70,16.07,2.95,783.1,13.4,2235.0,11.42355,76.684494
TN-OOT,2022-06-08,15.2,18.8,11.8,89,100,1.9,1.9,10.6,283,18.89,3.22,782.5,13.2,2235.0,11.42355,76.684494
TN-OOT,2022-06-09,15.1,19.8,11.9,88,100,5.3,5.3,10.0,265,21.02,3.74,782.2,12.9,2235.0,11.42355,76.684494
TN-OOT,2022-06-10,15.5,19.7,11.8,86,100,3.2,3.2,5.4,267,19.72,3.56,782.6,13.1,2235.0,11.42355,76.684494
TN-OOT,2022-06-11,15.5,19.3,12.5,88,100,0.3,0.3,4.9,262,19.64,3.52,783.3,13.3,2235.0,11.42355,76.684494
TN-OOT,2022-06-12,15.5,19.2,12.8,89,100,5.2,5.2,7.9,276,17.45,3.1,783.2,13.6,2235.0,11.42355,76.684494
TN-OOT,2022-06-13,15.5,20.5,12.5,88,100,8.1,8.1,8.7,283,19.71,3.47,783.6,13.2,2235.0,11.42355,76.684494
TN-OOT,2022-06-14,15.4,19.6,11.8,87,99,1.3,1.3,8.1,300,20.76,3.59,783.3,13.0,2235.0,11.42355,76.684494
TN-OOT,2022-06-15,15.1,18.8,12.8,89,100,5.2,5.2,11.3,304,17.17,2.89,782.7,13.2,2235.0,11.42355,76.684494
TN-OOT,2022-06-16,15.4,19.3,13.1,90,98,19.4,19.4,9.1,299,18.94,3.23,782.8,13.6,2235.0,11.42355,76.684494
TN-OOT,2022-06-17,14.8,18.2,12.7,95,100,14.4,14.4,9.7,314,15.7,2.63,782.1,14.0,2235.0,11.42355,76.684494
TN-OOT,2022-06-18,14.8,17.2,13.3,96,100,18.9,18.9,4.8,325,11.75,2.05,782.2,14.2,2235.0,11.42355,76.684494
TN-OOT,2022-06-19,14.6,17.5,12.4,96,100,12.4,12.4,6.8,287,15.03,2.53,782.5,13.9,2235.0,11.42355,76.684494
TN-OOT,2022-06-20,15.0,18.8,12.6,91,100,2.6,2.6,10.8,280,18.81,3.14,782.3,13.4,2235.0,11.42355,76.684494
TN-OOT,2022-06-21,14.6,17.2,13.3,91,100,0.4,0.4,14.2,279,11.72,2.03,781.4,13.1,2235.0,11.42355,76.684494
TN-OOT,2022-06-22,15.1,18.3,13.1,89,99,0.9,0.9,11.2,266,14.82,2.62,782.2,13.2,2235.0,11.42355,76.684494
TN-OOT,2022-06-23,15.4,18.4,12.7,88,99,1.7,1.7,7.3,273,16.01,2.83,782.9,13.3,2235.0,11.42355,76.684494
TN-OOT,2022-06-24,15.1,17.6,13.4,90,100,1.1,1.1,15.1,275,13.26,2.25,782.7,13.3,2235.0,11.42355,76.684494
TN-OOT,2022-06-25,13.7,14.6,12.5,96,100,17.8,17.8,27.4,278,5.57,0.95,780.4,12.9,2235.0,11.42355,76.684494
TN-OOT,2022-06-26,14.8,18.1,12.9,86,98,0.3,0.3,21.2,272,22.49,3.5,781.3,12.4,2235.0,11.42355,76.684494
TN-OOT,2022-06-27,14.4,17.9,11.7,88,98,1.8,1.8,16.7,276,18.34,2.9,782.3,12.5,2235.0,11.42355,76.684494
TN-OOT,2022-06-28,14.8,18.8,11.7,90,100,2.5,2.5,14.0,285,19.07,3.15,782.5,13.0,2235.0,11.42355,76.684494
TN-OOT,2022-06-29,14.6,17.1,13.1,93,100,2.3,2.3,18.1,289,16.66,2.54,781.8,13.4,2235.0,11.42355,76.684494
TN-OOT,2022-06-30,14.7,17.9,13.0,95,100,5.3,5.3,20.9,292,14.08,2.24,781.4,13.9,2235.0,11.42355,76.684494
TN-OOT,2022-07-01,14.7,17.5,12.8,94,100,4.0,4.0,22.9,292,15.91,2.37,781.7,13.8,2235.0,11.42355,76.684494
TN-OOT,2022-07-02,14.5,16.8,13.0,96,100,16.2,16.2,20.9,300,13.31,1.99,781.1,13.8,2235.0,11.42355,76.684494
TN-OOT,2022-07-03,14.5,17.2,13.1,96,100,12.2,12.2,18.3,291,12.11,1.89,781.1,13.8,2235.0,11.42355,76.684494
TN-OOT,2022-07-04,13.6,15.3,12.4,98,100,14.6,14.6,26.1,283,8.16,1.14,780.2,13.2,2235.0,11.42355,76.684494
TN-OOT,2022-07-05,13.5,14.4,12.6,100,100,26.4,26.4,24.8,288,4.07,0.62,779.7,13.4,2235.0,11.42355,76.684494
TN-OOT,2022-07-06,13.7,15.2,13.1,98,100,9.8,9.8,24.8,288,6.57,1.03,780.8,13.3,2235.0,11.42355,76.684494
TN-OOT,2022-07-07,13.5,15.0,12.8,100,100,19.4,19.4,24.7,288,5.0,0.79,782.4,13.5,2235.0,11.42355,76.684494
TN-OOT,2022-07-08,13.6,15.8,12.4,96,100,16.1,16.1,27.7,291,9.55,1.41,781.9,13.0,2235.0,11.42355,76.684494
TN-OOT,2022-07-09,13.5,14.7,12.8,100,100,42.0,42.0,24.1,292,4.48,0.67,780.5,13.4,2235.0,11.42355,76.684494
TN-OOT,2022-07-10,13.7,15.5,12.7,97,100,7.6,7.6,25.3,294,11.74,1.62,781.0,13.1,2235.0,11.42355,76.684494
TN-OOT,2022-07-11,13.6,15.6,12.8,95,100,5.5,5.5,23.1,288,10.91,1.59,782.5,12.9,2235.0,11.42355,76.684494
TN-OOT,2022-07-12,14.0,16.4,12.6,92,97,2.0,2.0,22.6,283,13.39,2.07,782.3,12.7,2235.0,11.42355,76.684494
TN-OOT,2022-07-13,13.7,16.0,12.2,95,100,11.6,11.6,28.4,281,11.86,1.66,780.2,13.0,2235.0,11.42355,76.684494
TN-OOT,2022-07-14,13.4,15.4,12.3,98,100,18.2,18.2,29.3,280,11.02,1.42,779.0,13.0,2235.0,11.42355,76.684494
TN-OOT,2022-07-15,14.1,16.7,12.4,95,100,7.6,7.6,23.0,282,13.77,2.0,780.4,13.3,2235.0,11.42355,76.684494
TN-OOT,2022-07-16,14.7,18.0,13.1,93,100,5.3,5.3,21.0,288,16.2,2.44,781.7,13.5,2235.0,11.42355,76.684494
TN-OOT,2022-07-17,14.8,17.6,13.4,94,100,4.7,4.7,21.5,291,15.73,2.36,782.5,13.8,2235.0,11.42355,76.684494
TN-OOT,2022-07-18,14.4,16.7,13.0,96,100,10.2,10.2,13.8,290,12.27,1.93,782.6,13.7,2235.0,11.42355,76.684494
TN-OOT,2022-07-19,14.7,18.9,12.4,96,100,18.6,18.6,10.1,290,14.44,2.49,782.6,14.0,2235.0,11.42355,76.684494
TN-OOT,2022-07-20,14.7,18.9,12.6,95,100,20.4,20.4,7.9,316,14.28,2.46,782.7,13.9,2235.0,11.42355,76.684494
TN-OOT,2022-07-21,14.9,18.1,13.3,96,100,20.0,20.0,9.7,318,15.52,2.53,782.9,14.2,2235.0,11.42355,76.684494
TN-OOT,2022-07-22,14.8,17.6,13.1,95,100,5.2,5.2,12.2,296,13.14,2.22,783.0,13.9,2235.0,11.42355,76.684494
TN-OOT,2022-07-23,15.0,18.9,12.3,91,100,3.9,3.9,13.0,286,18.74,3.09,782.3,13.3,2235.0,11.42355,76.684494
TN-OOT,2022-07-24,14.5,19.1,12.0,91,100,2.3,2.3,15.3,287,18.61,3.02,782.3,12.9,2235.0,11.42355,76.684494
TN-OOT,2022-07-25,14.8,19.0,12.1,89,100,3.5,3.5,14.0,306,20.15,3.33,783.3,12.8,2235.0,11.42355,76.684494
TN-OOT,2022-07-26,14.1,17.8,12.1,94,100,3.2,3.2,12.8,309,14.71,2.38,783.4,13.1,2235.0,11.42355,76.684494
TN-OOT,2022-07-27,13.8,16.0,11.7,97,100,11.1,11.1,7.8,346,13.02,2.13,782.5,13.3,2235.0,11.42355,76.684494
TN-OOT,2022-07-28,14.8,18.5,12.2,93,100,6.2,6.2,6.7,111,17.73,3.04,783.2,13.6,2235.0,11.42355,76.684494
TN-OOT,2022-07-29,15.6,20.7,11.8,90,100,4.7,4.7,9.2,97,20.09,3.47,783.6,13.9,2235.0,11.42355,76.684494
TN-OOT,2022-07-30,15.2,18.7,12.3,91,100,7.0,7.0,7.6,327,17.76,3.03,782.8,13.7,2235.0,11.42355,76.684494
TN-OOT,2022-07-31,15.3,19.4,12.2,91,100,3.9,3.9,8.2,337,18.34,3.13,781.5,13.8,2235.0,11.42355,76.684494
TN-OOT,2022-08-01,15.0,17.3,13.7,97,100,19.9,19.9,8.6,323,13.96,2.41,781.0,14.4,2235.0,11.42355,76.684494
TN-OOT,2022-08-02,14.6,16.8,13.6,97,100,21.1,21.1,8.3,319,8.68,1.56,779.7,14.2,2235.0,11.42355,76.684494
TN-OOT,2022-08-03,14.7,17.1,13.6,98,100,30.0,30.0,6.2,58,10.52,1.92,779.3,14.4,2235.0,11.42355,76.684494
TN-OOT,2022-08-04,14.2,16.0,13.4,99,100,46.0,46.0,20.5,287,4.46,0.87,779.4,14.1,2235.0,11.42355,76.684494
TN-OOT,2022-08-05,13.6,14.5,12.5,99,100,52.4,52.4,27.1,276,5.73,0.85,779.5,13.5,2235.0,11.42355,76.684494
TN-OOT,2022-08-06,13.7,15.3,12.4,97,100,25.4,25.4,29.2,279,8.19,1.19,779.5,13.2,2235.0,11.42355,76.684494
TN-OOT,2022-08-07,14.2,16.3,12.8,97,100,12.5,12.5,24.8,281,9.61,1.46,779.4,13.7,2235.0,11.42355,76.684494
TN-OOT,2022-08-08,14.1,16.1,12.6,96,100,13.2,13.2,26.5,279,14.1,1.96,779.3,13.5,2235.0,11.42355,76.684494
TN-OOT,2022-08-09,13.8,16.2,12.7,93,99,11.1,11.1,24.2,274,17.53,2.48,779.5,12.8,2235.0,11.42355,76.684494
TN-OOT,2022-08-10,13.3,15.9,11.5,93,99,4.9,4.9,26.5,281,17.83,2.44,779.4,12.1,2235.0,11.42355,76.684494
TN-OOT,2022-08-11,13.6,16.6,11.8,93,100,4.1,4.1,26.3,287,17.36,2.39,780.8,12.5,2235.0,11.42355,76.684494
TN-OOT,2022-08-12,14.9,19.6,12.5,87,99,0.5,0.5,21.9,281,21.89,3.57,782.5,12.6,2235.0,11.42355,76.684494
TN-OOT,2022-08-13,14.4,18.3,11.8,88,99,2.0,2.0,18.7,294,19.51,3.13,782.7,12.3,2235.0,11.42355,76.684494
TN-OOT,2022-08-14,14.4,19.4,11.4,85,99,0.9,0.9,15.9,286,20.28,3.41,783.2,11.8,2235.0,11.42355,76.684494
TN-OOT,2022-08-15,14.8,19.8,11.2,84,100,2.4,2.4,11.1,297,22.57,3.93,783.7,11.8,2235.0,11.42355,76.684494
TN-OOT,2022-08-16,15.2,19.4,11.4,87,98,3.8,3.8,9.4,40,20.5,3.56,783.9,13.0,2235.0,11.42355,76.684494
TN-OOT,2022-08-17,15.2,18.6,12.0,87,99,2.8,2.8,10.5,307,21.92,3.78,783.9,12.9,2235.0,11.42355,76.684494
TN-OOT,2022-08-18,14.6,18.5,11.5,91,100,3.1,3.1,10.1,312,18.71,3.16,783.3,13.0,2235.0,11.42355,76.684494
TN-OOT,2022-08-19,14.9,18.1,12.4,92,100,2.4,2.4,10.7,300,18.99,3.11,783.5,13.6,2235.0,11.42355,76.684494
TN-OOT,2022-08-20,14.9,18.6,11.2,89,100,3.4,3.4,8.9,291,21.43,3.65,783.5,12.9,2235.0,11.42355,76.684494
TN-OOT,2022-08-21,14.7,18.4,11.8,92,100,3.8,3.8,12.9,285,19.86,3.27,782.8,13.3,2235.0,11.42355,76.684494
TN-OOT,2022-08-22,14.6,18.3,12.8,94,100,7.0,7.0,17.7,289,15.91,2.45,782.4,13.5,2235.0,11.42355,76.684494
TN-OOT,2022-08-23,14.4,17.0,13.2,93,100,4.0,4.0,15.8,292,11.88,1.93,782.6,13.3,2235.0,11.42355,76.684494
TN-OOT,2022-08-24,13.4,14.5,13.0,99,100,25.6,25.6,16.9,304,5.67,0.91,783.1,13.3,2235.0,11.42355,76.684494
TN-OOT,2022-08-25,13.7,15.4,12.7,96,100,10.0,10.0,16.1,318,9.5,1.53,782.3,13.1,2235.0,11.42355,76.684494
TN-OOT,2022-08-26,13.8,16.5,12.5,97,100,11.4,11.4,12.2,318,10.84,1.8,781.9,13.2,2235.0,11.42355,76.684494
TN-OOT,2022-08-27,14.0,16.6,13.0,95,100,20.1,20.1,10.5,310,11.22,1.99,781.9,13.1,2235.0,11.42355,76.684494
TN-OOT,2022-08-28,14.0,16.3,11.7,95,100,3.7,3.7,10.5,321,11.63,1.92,781.7,13.1,2235.0,11.42355,76.684494
TN-OOT,2022-08-29,14.6,17.3,13.1,95,100,10.2,10.2,8.9,353,11.62,2.02,782.4,13.7,2235.0,11.42355,76.684494
TN-OOT,2022-08-30,15.0,18.5,13.2,94,100,12.5,12.5,7.3,93,14.79,2.53,782.5,14.0,2235.0,11.42355,76.684494
TN-OOT,2022-08-31,15.1,18.1,13.3,93,100,3.4,3.4,9.5,103,19.97,3.3,782.3,13.9,2235.0,11.42355,76.684494
TN-OOT,2022-09-01,14.5,17.5,12.7,95,100,9.6,9.6,7.9,108,12.43,2.11,781.8,13.7,2235.0,11.42355,76.684494
TN-OOT,2022-09-02,14.9,18.8,11.8,90,100,4.1,4.1,7.1,151,20.33,3.49,782.4,13.2,2235.0,11.42355,76.684494
TN-OOT,2022-09-03,15.6,20.5,12.3,90,100,1.7,1.7,6.3,97,21.58,3.78,783.3,13.9,2235.0,11.42355,76.684494
TN-OOT,2022-09-04,15.6,19.2,13.7,93,100,13.3,13.3,7.2,49,18.16,3.14,783.2,14.4,2235.0,11.42355,76.684494
TN-OOT,2022-09-05,15.3,19.9,12.6,93,100,8.7,8.7,7.9,53,18.19,3.17,782.5,14.1,2235.0,11.42355,76.684494
TN-OOT,2022-09-06,15.2,18.8,11.8,90,100,11.2,11.2,8.3,209,18.45,3.25,781.9,13.4,2235.0,11.42355,76.684494
TN-OOT,2022-09-07,15.2,18.2,13.5,90,99,3.2,3.2,11.6,273,12.42,2.25,782.2,13.4,2235.0,11.42355,76.684494
TN-OOT,2022-09-08,15.0,18.8,13.3,90,100,1.5,1.5,16.6,273,13.96,2.42,782.0,13.2,2235.0,11.42355,76.684494
TN-OOT,2022-09-09,15.5,19.1,13.5,90,99,3.0,3.0,10.5,267,15.42,2.67,782.0,13.8,2235.0,11.42355,76.684494
TN-OOT,2022-09-10,14.9,17.8,13.4,93,100,2.7,2.7,15.5,272,12.75,2.08,781.9,13.8,2235.0,11.42355,76.684494
TN-OOT,2022-09-11,14.5,17.5,13.1,92,100,2.6,2.6,17.0,268,14.54,2.28,781.5,13.3,2235.0,11.42355,76.684494
TN-OOT,2022-09-12,14.6,17.8,12.4,90,100,1.3,1.3,16.3,264,17.73,2.81,781.6,12.9,2235.0,11.42355,76.684494
TN-OOT,2022-09-13,15.0,20.0,10.2,85,98,3.3,3.3,10.9,264,22.32,3.84,783.0,12.4,2235.0,11.42355,76.684494
TN-OOT,2022-09-14,14.9,18.8,11.8,89,100,3.0,3.0,6.2,285,16.54,2.89,784.6,12.9,2235.0,11.42355,76.684494
TN-OOT,2022-09-15,14.6,19.7,10.5,84,100,0.8,0.8,5.5,264,20.8,3.71,784.8,11.5,2235.0,11.42355,76.684494
TN-OOT,2022-09-16,14.8,20.2,9.9,82,100,0.6,0.6,6.7,281,24.87,4.37,783.6,11.4,2235.0,11.42355,76.684494
TN-OOT,2022-09-17,14.7,19.2,10.8,86,100,2.4,2.4,7.4,299,23.09,4.0,783.5,12.1,2235.0,11.42355,76.684494
TN-OOT,2022-09-18,14.4,18.3,10.3,86,100,2.1,2.1,8.9,291,20.66,3.53,783.7,11.9,2235.0,11.42355,76.684494
TN-OOT,2022-09-19,14.8,20.2,10.9,83,98,0.6,0.6,10.8,278,22.29,3.92,783.7,11.5,2235.0,11.42355,76.684494
TN-OOT,2022-09-20,14.7,20.1,11.1,82,100,0.0,0.0,13.0,279,23.99,4.13,783.3,11.4,2235.0,11.42355,76.684494
TN-OOT,2022-09-21,14.5,20.3,10.3,78,96,0.1,0.1,11.0,278,25.11,4.36,782.8,10.4,2235.0,11.42355,76.684494
TN-OOT,2022-09-22,14.3,19.8,9.4,73,96,0.0,0.0,7.1,275,24.16,4.22,783.0,9.3,2235.0,11.42355,76.684494
TN-OOT,2022-09-23,14.1,19.8,9.1,77,99,0.0,0.0,8.7,277,24.56,4.28,783.3,9.7,2235.0,11.42355,76.684494
TN-OOT,2022-09-24,14.1,18.5,10.5,88,100,2.2,2.2,12.2,286,23.07,3.75,783.5,11.9,2235.0,11.42355,76.684494
TN-OOT,2022-09-25,14.4,19.9,10.7,87,100,5.8,5.8,11.4,319,23.61,3.89,783.0,12.1,2235.0,11.42355,76.684494
TN-OOT,2022-09-26,13.9,18.5,11.3,91,100,4.8,4.8,13.0,313,14.42,2.42,783.3,12.4,2235.0,11.42355,76.684494
TN-OOT,2022-09-27,14.8,20.3,9.9,77,95,0.9,0.9,11.9,325,22.96,3.99,782.9,10.5,2235.0,11.42355,76.684494
TN-OOT,2022-09-28,15.3,18.6,12.9,83,100,6.1,6.1,7.3,323,18.26,3.13,782.7,12.4,2235.0,11.42355,76.684494
TN-OOT,2022-09-29,15.1,20.1,11.4,77,100,1.9,1.9,11.3,306,22.96,4.01,782.2,10.7,2235.0,11.42355,76.684494
TN-OOT,2022-09-30,14.6,19.1,11.5,79,98,0.0,0.0,10.5,283,19.3,3.46,782.4,10.6,2235.0,11.42355,76.684494
TN-OOT,2022-10-01,14.0,17.0,12.1,91,97,2.6,2.6,15.3,301,12.78,2.09,782.9,12.5,2235.0,11.42355,76.684494
TN-OOT,2022-10-02,14.6,18.1,12.4,90,100,2.2,2.2,15.3,309,18.4,2.99,783.1,12.9,2235.0,11.42355,76.684494
TN-OOT,2022-10-03,14.6,18.6,11.7,90,100,1.1,1.1,16.4,316,20.69,3.27,783.0,12.8,2235.0,11.42355,76.684494
TN-OOT,2022-10-04,14.5,18.9,10.9,86,100,1.9,1.9,15.8,320,23.29,3.73,783.0,12.1,2235.0,11.42355,76.684494
TN-OOT,2022-10-05,14.6,18.2,12.3,89,100,1.2,1.2,12.4,317,20.71,3.35,782.7,12.7,2235.0,11.42355,76.684494
TN-OOT,2022-10-06,14.0,17.1,11.5,88,98,3.2,3.2,11.2,281,14.26,2.4,781.5,12.0,2235.0,11.42355,76.684494
TN-OOT,2022-10-07,14.0,19.4,9.3,84,97,4.4,4.4,8.4,295,20.41,3.52,781.9,11.1,2235.0,11.42355,76.684494
TN-OOT,2022-10-08,14.0,17.8,11.7,90,100,12.6,12.6,9.5,27,17.12,2.89,782.9,12.4,2235.0,11.42355,76.684494
TN-OOT,2022-10-09,14.2,17.5,11.0,93,100,7.4,7.4,9.4,343,13.73,2.31,783.4,13.0,2235.0,11.42355,76.684494
TN-OOT,2022-10-10,14.1,15.9,12.6,99,100,9.1,9.1,6.3,335,9.31,1.64,783.6,13.9,2235.0,11.42355,76.684494
TN-OOT,2022-10-11,14.1,17.7,11.8,96,100,10.3,10.3,4.6,161,16.05,2.72,783.5,13.5,2235.0,11.42355,76.684494
TN-OOT,2022-10-12,14.5,18.3,12.9,96,100,10.8,10.8,4.8,38,17.11,2.97,784.0,13.8,2235.0,11.42355,76.684494
TN-OOT,2022-10-13,14.6,18.9,11.9,94,100,9.8,9.8,7.5,34,19.44,3.23,783.9,13.6,2235.0,11.42355,76.684494
TN-OOT,2022-10-14,14.3,18.4,12.4,96,100,27.2,27.2,6.7,345,13.73,2.36,783.1,13.6,2235.0,11.42355,76.684494
TN-OOT,2022-10-15,14.7,17.8,11.5,93,100,4.1,4.1,9.8,352,15.97,2.63,782.5,13.5,2235.0,11.42355,76.684494
TN-OOT,2022-10-16,14.9,18.3,12.9,93,100,6.0,6.0,5.2,142,16.17,2.81,783.8,13.7,2235.0,11.42355,76.684494
TN-OOT,2022-10-17,14.8,18.1,12.6,94,100,6.4,6.4,7.7,136,15.9,2.68,785.2,13.8,2235.0,11.42355,76.684494
TN-OOT,2022-10-18,14.2,16.9,11.3,95,100,18.2,18.2,4.7,154,14.69,2.53,784.9,13.5,2235.0,11.42355,76.684494
TN-OOT,2022-10-19,13.8,16.2,11.3,95,100,23.2,23.2,8.2,60,14.58,2.52,784.0,13.0,2235.0,11.42355,76.684494
TN-OOT,2022-10-20,14.2,18.0,11.8,96,100,11.3,11.3,8.3,107,17.1,2.77,784.5,13.6,2235.0,11.42355,76.684494
TN-OOT,2022-10-21,14.2,17.6,12.4,95,100,6.6,6.6,12.4,92,15.61,2.46,785.4,13.4,2235.0,11.42355,76.684494
TN-OOT,2022-10-22,14.0,18.8,11.0,89,100,3.8,3.8,12.6,42,20.1,3.26,785.8,12.1,2235.0,11.42355,76.684494
TN-OOT,2022-10-23,14.1,19.6,9.4,77,98,0.1,0.1,11.5,337,23.42,4.0,785.3,9.6,2235.0,11.42355,76.684494
TN-OOT,2022-10-24,13.1,18.3,8.8,84,97,2.4,2.4,12.8,301,22.57,3.65,783.6,10.2,2235.0,11.42355,76.684494
TN-OOT,2022-10-25,12.8,18.8,8.0,80,98,0.0,0.0,8.6,297,23.08,3.9,783.5,8.9,2235.0,11.42355,76.684494
TN-OOT,2022-10-26,13.8,19.0,9.3,82,100,2.0,2.0,9.1,13,19.58,3.36,785.1,10.7,2235.0,11.42355,76.684494
TN-OOT,2022-10-27,13.0,17.2,10.1,87,100,3.8,3.8,12.4,358,17.73,2.87,784.5,10.8,2235.0,11.42355,76.684494
TN-OOT,2022-10-28,13.2,16.8,9.5,82,100,2.3,2.3,11.8,82,19.22,3.04,783.7,10.0,2235.0,11.42355,76.684494
TN-OOT,2022-10-29,13.8,18.0,10.5,92,100,7.6,7.6,13.6,100,20.71,3.23,783.8,12.5,2235.0,11.42355,76.684494
TN-OOT,2022-10-30,13.5,15.6,11.6,98,100,9.5,9.5,10.0,89,13.73,2.14,783.9,13.3,2235.0,11.42355,76.684494
TN-OOT,2022-10-31,13.8,16.7,12.1,95,100,10.8,10.8,11.6,28,15.3,2.37,784.1,13.0,2235.0,11.42355,76.684494
TN-OOT,2022-11-01,13.5,17.7,10.5,86,100,0.1,0.1,13.1,350,17.65,2.89,784.3,11.1,2235.0,11.42355,76.684494
TN-OOT,2022-11-02,13.3,16.9,10.1,92,100,12.2,12.2,13.0,355,15.35,2.38,783.6,11.9,2235.0,11.42355,76.684494
TN-OOT,2022-11-03,13.6,16.4,12.3,97,100,11.0,11.0,8.9,75,10.23,1.71,783.5,13.1,2235.0,11.42355,76.684494
TN-OOT,2022-11-04,14.3,17.4,11.4,95,100,5.6,5.6,12.1,89,15.66,2.49,784.8,13.3,2235.0,11.42355,76.684494
TN-OOT,2022-11-05,13.7,16.5,11.1,92,100,9.5,9.5,13.2,114,16.84,2.63,785.8,12.3,2235.0,11.42355,76.684494
TN-OOT,2022-11-06,13.6,17.5,10.7,92,100,6.7,6.7,13.0,82,17.6,2.81,786.0,12.2,2235.0,11.42355,76.684494
TN-OOT,2022-11-07,13.2,18.1,9.9,90,100,1.9,1.9,10.7,55,18.85,3.02,785.4,11.5,2235.0,11.42355,76.684494
TN-OOT,2022-11-08,14.1,18.4,11.3,88,100,2.2,2.2,11.8,57,20.12,3.21,785.5,12.0,2235.0,11.42355,76.684494
TN-OOT,2022-11-09,13.3,17.6,10.4,87,100,0.7,0.7,12.4,42,19.45,3.06,784.9,11.1,2235.0,11.42355,76.684494
TN-OOT,2022-11-10,13.2,18.3,8.9,82,100,0.3,0.3,14.9,26,20.9,3.4,784.3,10.0,2235.0,11.42355,76.684494
TN-OOT,2022-11-11,11.8,13.0,10.4,95,100,44.1,44.1,14.1,16,3.58,0.72,783.5,11.0,2235.0,11.42355,76.684494
TN-OOT,2022-11-12,13.3,14.9,11.6,100,100,37.0,37.0,14.1,65,6.44,1.0,783.4,13.3,2235.0,11.42355,76.684494
TN-OOT,2022-11-13,14.4,18.0,12.5,93,100,3.7,3.7,16.4,126,18.44,2.86,784.5,13.1,2235.0,11.42355,76.684494
TN-OOT,2022-11-14,14.3,18.8,11.7,90,100,2.0,2.0,12.9,136,20.71,3.35,785.3,12.5,2235.0,11.42355,76.684494
TN-OOT,2022-11-15,13.7,17.4,10.3,90,100,3.6,3.6,5.8,119,17.59,2.98,785.5,12.0,2235.0,11.42355,76.684494
TN-OOT,2022-11-16,13.4,17.7,9.7,90,100,1.7,1.7,11.5,5,17.34,2.79,784.3,11.7,2235.0,11.42355,76.684494
TN-OOT,2022-11-17,12.7,18.1,8.4,78,100,0.2,0.2,10.5,339,19.87,3.33,783.5,8.6,2235.0,11.42355,76.684494
TN-OOT,2022-11-18,12.2,16.9,7.5,73,94,0.0,0.0,8.6,345,17.14,2.9,783.1,7.3,2235.0,11.42355,76.684494
TN-OOT,2022-11-19,11.8,17.1,7.6,72,84,0.0,0.0,6.8,322,20.88,3.46,782.4,6.8,2235.0,11.42355,76.684494
TN-OOT,2022-11-20,11.3,17.2,6.0,82,100,3.0,3.0,10.7,317,19.22,3.18,781.2,8.0,2235.0,11.42355,76.684494
TN-OOT,2022-11-21,11.6,17.6,6.3,85,100,1.3,1.3,9.1,308,19.21,3.15,781.5,8.9,2235.0,11.42355,76.684494
TN-OOT,2022-11-22,13.0,18.3,6.4,78,100,2.2,2.2,8.3,34,21.66,3.68,782.6,8.9,2235.0,11.42355,76.684494
TN-OOT,2022-11-23,13.1,17.5,8.7,93,100,5.3,5.3,10.8,24,18.72,2.98,783.2,11.8,2235.0,11.42355,76.684494
TN-OOT,2022-11-24,14.0,17.8,11.0,93,100,4.7,4.7,10.5,130,17.08,2.8,783.9,12.7,2235.0,11.42355,76.684494
TN-OOT,2022-11-25,14.3,18.6,11.8,90,100,2.0,2.0,10.7,120,17.11,2.89,784.7,12.4,2235.0,11.42355,76.684494
TN-OOT,2022-11-26,13.8,19.0,9.1,87,100,1.7,1.7,9.4,118,20.95,3.47,784.0,11.4,2235.0,11.42355,76.684494
TN-OOT,2022-11-27,13.3,15.5,11.6,97,100,15.1,15.1,7.4,100,11.66,1.93,782.6,12.9,2235.0,11.42355,76.684494
TN-OOT,2022-11-28,13.4,16.1,11.2,97,100,19.2,19.2,7.9,122,15.02,2.49,783.0,12.9,2235.0,11.42355,76.684494
TN-OOT,2022-11-29,13.8,17.9,11.5,95,100,5.6,5.6,9.0,27,14.35,2.31,783.9,13.0,2235.0,11.42355,76.684494
TN-OOT,2022-11-30,13.4,18.5,9.6,84,100,0.0,0.0,9.4,357,20.41,3.38,783.9,10.4,2235.0,11.42355,76.684494
TN-OOT,2022-12-01,13.3,18.6,8.2,82,100,1.0,1.0,11.3,149,19.69,3.23,783.5,10.1,2235.0,11.42355,76.684494
TN-OOT,2022-12-02,14.0,18.3,10.0,90,100,1.9,1.9,9.4,118,19.92,3.25,783.9,12.2,2235.0,11.42355,76.684494
TN-OOT,2022-12-03,14.4,18.1,11.6,90,100,1.1,1.1,12.6,85,19.42,3.09,784.4,12.5,2235.0,11.42355,76.684494
TN-OOT,2022-12-04,14.0,16.8,12.2,93,100,8.1,8.1,13.9,74,16.16,2.52,784.8,12.8,2235.0,11.42355,76.684494
TN-OOT,2022-12-05,13.4,18.1,10.9,90,100,0.7,0.7,12.6,96,18.72,2.98,784.9,11.6,2235.0,11.42355,76.684494
TN-OOT,2022-12-06,13.5,18.0,9.2,82,100,0.8,0.8,13.8,26,18.75,3.08,784.1,10.3,2235.0,11.42355,76.684494
TN-OOT,2022-12-07,13.4,17.5,10.0,68,87,0.0,0.0,9.0,350,15.43,2.82,783.4,7.4,2235.0,11.42355,76.684494
TN-OOT,2022-12-08,12.9,17.8,8.7,45,66,1.7,1.7,15.1,316,17.91,3.69,782.2,1.1,2235.0,11.42355,76.684494
TN-OOT,2022-12-09,11.8,13.6,10.8,86,100,5.0,5.0,13.6,335,7.57,1.38,780.5,9.2,2235.0,11.42355,76.684494
TN-OOT,2022-12-10,11.8,14.4,9.5,97,100,18.8,18.8,15.3,321,8.52,1.28,779.7,11.4,2235.0,11.42355,76.684494
TN-OOT,2022-12-11,12.9,14.8,11.8,99,100,12.8,12.8,14.1,308,6.62,1.07,780.9,12.8,2235.0,11.42355,76.684494
TN-OOT,2022-12-12,13.6,15.7,12.7,99,100,35.5,35.5,8.0,176,6.21,1.14,781.6,13.4,2235.0,11.42355,76.684494
TN-OOT,2022-12-13,13.8,16.4,12.2,94,100,2.8,2.8,11.4,162,13.35,2.12,783.3,12.7,2235.0,11.42355,76.684494
TN-OOT,2022-12-14,13.8,18.2,11.4,91,100,2.8,2.8,15.7,144,18.58,2.94,784.3,12.3,2235.0,11.42355,76.684494
TN-OOT,2022-12-15,12.4,18.4,7.9,66,100,0.0,0.0,10.3,142,23.17,3.93,783.0,5.4,2235.0,11.42355,76.684494
TN-OOT,2022-12-16,12.7,18.3,7.9,60,89,0.0,0.0,12.8,118,22.88,4.01,782.9,4.7,2235.0,11.42355,76.684494
TN-OOT,2022-12-17,12.7,17.5,8.3,82,100,0.1,0.1,15.8,82,20.9,3.29,783.6,9.6,2235.0,11.42355,76.684494
TN-OOT,2022-12-18,12.5,17.2,8.8,89,100,1.5,1.5,14.8,65,18.84,2.83,782.9,10.5,2235.0,11.42355,76.684494
TN-OOT,2022-12-19,12.8,17.7,9.8,84,100,0.0,0.0,9.8,104,20.47,3.28,782.0,10.0,2235.0,11.42355,76.684494
TN-OOT,2022-12-20,12.9,18.1,9.4,87,100,0.0,0.0,11.7,114,17.05,2.79,782.2,10.6,2235.0,11.42355,76.684494
TN-OOT,2022-12-21,13.0,18.0,7.9,78,99,0.0,0.0,13.8,65,21.11,3.43,782.4,8.9,2235.0,11.42355,76.684494
TN-OOT,2022-12-22,12.6,18.1,6.9,53,89,0.0,0.0,10.9,59,23.19,4.08,782.2,2.8,2235.0,11.42355,76.684494
TN-OOT,2022-12-23,13.9,18.8,10.1,63,88,0.0,0.0,11.1,29,22.68,3.77,783.2,6.7,2235.0,11.42355,76.684494
TN-OOT,2022-12-24,14.0,18.3,10.0,66,88,0.0,0.0,11.1,33,23.03,3.83,783.9,7.4,2235.0,11.42355,76.684494
TN-OOT,2022-12-25,14.3,18.1,12.1,82,100,3.4,3.4,12.9,69,17.81,2.84,784.4,11.2,2235.0,11.42355,76.684494
TN-OOT,2022-12-26,14.5,18.2,13.0,94,100,4.5,4.5,13.8,116,17.22,2.65,785.4,13.5,2235.0,11.42355,76.684494
TN-OOT,2022-12-27,14.3,17.4,12.6,95,100,3.5,3.5,18.3,134,15.68,2.39,786.4,13.3,2235.0,11.42355,76.684494
TN-OOT,2022-12-28,14.6,19.1,11.4,89,100,0.0,0.0,10.3,127,19.13,3.16,787.5,12.6,2235.0,11.42355,76.684494
TN-OOT,2022-12-29,12.7,18.2,8.9,78,100,0.0,0.0,10.5,106,22.77,3.74,787.2,8.5,2235.0,11.42355,76.684494
TN-OOT,2022-12-30,12.0,18.3,7.1,74,100,0.0,0.0,8.7,128,23.08,3.82,787.2,7.0,2235.0,11.42355,76.684494
TN-OOT,2022-12-31,12.2,18.1,7.3,68,98,0.0,0.0,9.2,90,23.44,3.84,786.9,6.0,2235.0,11.42355,76.684494
TN-OOT,2023-01-01,13.0,17.6,9.4,67,91,0.0,0.0,11.3,38,23.0,3.79,787.0,6.7,2235.0,11.42355,76.684494
TN-OOT,2023-01-02,12.2,17.8,8.4,70,100,0.0,0.0,11.4,100,23.49,3.88,786.0,6.1,2235.0,11.42355,76.684494
TN-OOT,2023-01-03,11.5,17.0,7.6,76,100,0.0,0.0,8.8,101,22.69,3.61,785.6,6.9,2235.0,11.42355,76.684494
TN-OOT,2023-01-04,11.4,17.0,7.0,81,100,0.1,0.1,8.8,124,22.07,3.49,784.7,8.0,2235.0,11.42355,76.684494
TN-OOT,2023-01-05,11.8,17.3,7.6,85,100,0.5,0.5,7.6,139,21.57,3.48,785.1,9.0,2235.0,11.42355,76.684494
TN-OOT,2023-01-06,12.0,17.6,6.9,86,100,0.5,0.5,10.0,126,22.04,3.46,786.1,9.4,2235.0,11.42355,76.684494
TN-OOT,2023-01-07,12.2,17.4,8.6,84,100,0.6,0.6,7.6,110,20.01,3.26,785.9,9.3,2235.0,11.42355,76.684494
TN-OOT,2023-01-08,11.9,16.8,7.8,89,100,0.8,0.8,10.9,44,15.11,2.46,785.0,10.0,2235.0,11.42355,76.684494
TN-OOT,2023-01-09,12.1,18.2,7.1,82,100,0.0,0.0,9.9,345,19.9,3.25,785.3,8.8,2235.0,11.42355,76.684494
TN-OOT,2023-01-10,12.6,19.3,6.4,58,93,0.0,0.0,9.8,82,24.12,4.19,785.0,3.6,2235.0,11.42355,76.684494
TN-OOT,2023-01-11,12.8,18.9,6.4,45,80,0.0,0.0,11.2,103,24.41,4.41,784.0,-0.6,2235.0,11.42355,76.684494
TN-OOT,2023-01-12,12.8,18.5,6.8,46,74,0.0,0.0,9.2,96,24.03,4.21,783.6,0.3,2235.0,11.42355,76.684494
TN-OOT,2023-01-13,13.1,18.5,6.3,48,83,0.0,0.0,10.0,41,23.61,4.34,784.0,1.2,2235.0,11.42355,76.684494
TN-OOT,2023-01-14,12.8,19.3,6.2,48,81,0.0,0.0,7.9,129,24.21,4.18,783.6,0.8,2235.0,11.42355,76.684494
TN-OOT,2023-01-15,12.7,19.7,6.6,51,86,0.0,0.0,8.3,144,23.94,4.19,782.8,1.7,2235.0,11.42355,76.684494
TN-OOT,2023-01-16,12.9,19.0,7.0,55,87,0.0,0.0,8.1,124,23.43,4.0,783.6,3.2,2235.0,11.42355,76.684494
TN-OOT,2023-01-17,13.2,18.7,6.8,65,93,0.0,0.0,9.3,130,23.06,3.87,784.2,6.2,2235.0,11.42355,76.684494
TN-OOT,2023-01-18,11.9,19.4,5.7,57,95,0.0,0.0,7.3,152,24.61,4.24,784.0,2.8,2235.0,11.42355,76.684494
TN-OOT,2023-01-19,11.7,18.2,5.0,57,81,0.0,0.0,10.5,66,24.57,4.14,783.9,2.8,2235.0,11.42355,76.684494
TN-OOT,2023-01-20,10.9,18.6,4.5,61,99,0.0,0.0,7.8,129,24.53,4.11,783.1,3.0,2235.0,11.42355,76.684494
TN-OOT,2023-01-21,11.1,18.3,5.1,76,100,0.0,0.0,8.0,132,23.03,3.86,783.3,6.6,2235.0,11.42355,76.684494
TN-OOT,2023-01-22,11.8,17.9,5.8,78,96,0.0,0.0,9.1,149,21.79,3.59,783.0,7.7,2235.0,11.42355,76.684494
TN-OOT,2023-01-23,13.1,18.5,9.3,84,100,4.0,4.0,10.7,154,21.12,3.48,783.4,10.4,2235.0,11.42355,76.684494
TN-OOT,2023-01-24,13.0,15.5,11.8,97,100,12.4,12.4,7.2,144,12.95,2.11,783.8,12.4,2235.0,11.42355,76.684494
TN-OOT,2023-01-25,13.4,18.5,9.0,87,100,0.9,0.9,9.3,120,22.08,3.63,783.7,10.9,2235.0,11.42355,76.684494
TN-OOT,2023-01-26,12.5,19.0,7.5,74,92,0.1,0.1,7.2,144,23.46,3.97,782.8,7.6,2235.0,11.42355,76.684494
TN-OOT,2023-01-27,12.0,19.0,6.3,65,94,0.0,0.0,8.2,128,24.55,4.19,782.6,4.4,2235.0,11.42355,76.684494
TN-OOT,2023-01-28,12.3,18.3,6.2,54,79,0.0,0.0,8.9,116,24.69,4.22,782.4,2.2,2235.0,11.42355,76.684494
TN-OOT,2023-01-29,12.9,18.5,8.5,61,100,0.1,0.1,11.5,88,24.97,4.26,782.4,4.8,2235.0,11.42355,76.684494
TN-OOT,2023-01-30,13.2,19.5,7.7,86,100,2.5,2.5,9.2,133,21.39,3.63,783.7,10.5,2235.0,11.42355,76.684494
TN-OOT,2023-01-31,12.7,16.1,9.3,92,100,2.9,2.9,15.9,10,17.49,2.56,783.6,11.3,2235.0,11.42355,76.684494
TN-OOT,2023-02-01,12.7,18.5,7.5,72,94,0.0,0.0,13.3,24,23.42,3.95,783.3,7.3,2235.0,11.42355,76.684494
TN-OOT,2023-02-02,12.5,17.7,8.4,76,97,0.0,0.0,13.1,57,18.17,3.15,783.4,8.0,2235.0,11.42355,76.684494
TN-OOT,2023-02-03,13.0,17.1,9.5,89,100,7.7,7.7,13.6,93,15.62,2.47,783.9,11.2,2235.0,11.42355,76.684494
TN-OOT,2023-02-04,13.9,18.8,10.8,88,100,2.7,2.7,12.4,87,21.72,3.45,784.5,11.8,2235.0,11.42355,76.684494
TN-OOT,2023-02-05,14.1,18.9,7.8,66,82,0.0,0.0,11.6,74,24.13,4.2,784.2,7.5,2235.0,11.42355,76.684494
TN-OOT,2023-02-06,14.7,19.5,10.6,54,89,0.0,0.0,10.8,68,24.91,4.55,784.7,5.2,2235.0,11.42355,76.684494
TN-OOT,2023-02-07,13.6,18.7,9.0,64,84,0.0,0.0,8.8,63,22.61,3.92,784.3,6.8,2235.0,11.42355,76.684494
TN-OOT,2023-02-08,14.1,19.5,7.9,67,88,0.0,0.0,12.9,57,24.87,4.25,784.4,7.9,2235.0,11.42355,76.684494
TN-OOT,2023-02-09,14.0,19.1,9.6,66,89,0.0,0.0,13.4,58,24.93,4.31,785.0,7.4,2235.0,11.42355,76.684494
TN-OOT,2023-02-10,12.6,18.7,6.8,60,91,0.0,0.0,16.6,45,25.77,4.5,784.9,4.5,2235.0,11.42355,76.684494
TN-OOT,2023-02-11,13.9,19.6,8.4,53,80,0.0,0.0,12.0,54,26.01,4.77,785.7,3.7,2235.0,11.42355,76.684494
TN-OOT,2023-02-12,13.3,19.7,8.6,51,69,0.0,0.0,14.3,59,26.27,4.94,785.5,2.4,2235.0,11.42355,76.684494
TN-OOT,2023-02-13,12.6,19.1,7.2,50,76,0.0,0.0,14.4,106,26.68,4.93,785.1,1.8,2235.0,11.42355,76.684494
TN-OOT,2023-02-14,14.4,20.2,10.1,46,76,0.0,0.0,10.5,85,26.68,4.94,785.9,2.3,2235.0,11.42355,76.684494
TN-OOT,2023-02-15,13.8,19.7,7.5,52,79,0.0,0.0,12.4,60,26.67,4.94,784.4,3.3,2235.0,11.42355,76.684494
TN-OOT,2023-02-16,13.4,19.5,7.8,49,82,0.0,0.0,12.6,89,26.92,4.96,784.2,2.2,2235.0,11.42355,76.684494
TN-OOT,2023-02-17,13.3,20.0,6.4,53,82,0.0,0.0,11.6,78,26.96,4.92,784.6,3.3,2235.0,11.42355,76.684494
TN-OOT,2023-02-18,13.9,19.3,7.6,52,85,0.0,0.0,13.7,45,26.66,4.87,785.2,3.3,2235.0,11.42355,76.684494
TN-OOT,2023-02-19,13.2,19.5,7.2,67,92,0.0,0.0,10.2,80,25.19,4.34,784.9,6.4,2235.0,11.42355,76.684494
TN-OOT,2023-02-20,13.3,19.6,7.0,72,96,0.0,0.0,10.9,9,22.45,3.97,785.3,8.0,2235.0,11.42355,76.684494
TN-OOT,2023-02-21,13.7,20.3,7.5,69,96,0.0,0.0,11.6,34,25.03,4.4,785.8,7.5,2235.0,11.42355,76.684494
TN-OOT,2023-02-22,13.3,19.9,6.5,53,78,0.0,0.0,15.1,50,27.27,5.03,785.0,2.9,2235.0,11.42355,76.684494
TN-OOT,2023-02-23,13.3,19.8,6.7,49,85,0.0,0.0,13.0,75,27.79,5.15,784.5,1.3,2235.0,11.42355,76.684494
TN-OOT,2023-02-24,12.9,20.9,6.9,58,92,0.0,0.0,8.7,130,27.32,4.95,784.8,3.5,2235.0,11.42355,76.684494
TN-OOT,2023-02-25,14.2,20.2,8.7,43,79,0.0,0.0,13.2,77,27.63,5.24,787.2,0.7,2235.0,11.42355,76.684494
TN-OOT,2023-02-26,13.0,19.6,7.5,50,86,0.0,0.0,12.3,91,27.82,5.07,787.0,1.5,2235.0,11.42355,76.684494
TN-OOT,2023-02-27,12.5,19.5,6.9,50,92,0.0,0.0,10.0,100,28.17,5.06,786.7,0.6,2235.0,11.42355,76.684494
TN-OOT,2023-02-28,12.4,18.9,5.7,68,100,0.0,0.0,12.6,142,22.12,3.95,786.4,6.0,2235.0,11.42355,76.684494
TN-OOT,2023-03-01,12.7,17.2,8.8,89,100,2.5,2.5,12.5,127,19.57,3.13,787.1,10.8,2235.0,11.42355,76.684494
TN-OOT,2023-03-02,12.8,20.1,7.5,58,100,0.0,0.0,11.5,102,27.53,4.97,787.0,2.5,2235.0,11.42355,76.684494
TN-OOT,2023-03-03,13.5,19.3,6.0,39,75,0.0,0.0,15.0,98,28.31,5.42,788.0,-1.8,2235.0,11.42355,76.684494
TN-OOT,2023-03-04,13.7,19.7,8.0,44,97,0.0,0.0,13.4,105,27.21,5.19,788.1,0.1,2235.0,11.42355,76.684494
TN-OOT,2023-03-05,13.8,20.0,8.2,67,95,0.0,0.0,12.9,123,26.32,4.66,787.9,7.3,2235.0,11.42355,76.684494
TN-OOT,2023-03-06,14.4,20.5,9.1,48,90,0.0,0.0,10.7,105,27.31,5.13,787.1,2.0,2235.0,11.42355,76.684494
TN-OOT,2023-03-07,14.0,19.4,9.4,49,88,0.0,0.0,10.8,83,25.04,4.69,786.1,2.2,2235.0,11.42355,76.684494
TN-OOT,2023-03-08,13.7,20.4,7.7,55,92,0.0,0.0,10.0,105,27.65,5.06,785.6,3.4,2235.0,11.42355,76.684494
TN-OOT,2023-03-09,13.4,19.8,8.2,62,100,0.0,0.0,12.6,126,25.23,4.62,785.2,5.0,2235.0,11.42355,76.684494
TN-OOT,2023-03-10,13.8,19.9,8.6,63,100,0.0,0.0,8.2,115,23.3,4.31,785.2,5.6,2235.0,11.42355,76.684494
TN-OOT,2023-03-11,13.7,20.6,7.7,64,96,0.0,0.0,10.8,42,26.04,4.73,785.1,6.1,2235.0,11.42355,76.684494
TN-OOT,2023-03-12,14.5,20.5,8.7,67,98,0.0,0.0,11.6,95,26.37,4.77,785.6,7.5,2235.0,11.42355,76.684494
TN-OOT,2023-03-13,14.3,20.9,8.2,73,100,1.3,1.3,11.7,135,24.75,4.49,785.2,8.8,2235.0,11.42355,76.684494
TN-OOT,2023-03-14,14.8,20.1,10.0,70,100,2.0,2.0,12.4,130,19.68,3.67,784.9,9.0,2235.0,11.42355,76.684494
TN-OOT,2023-03-15,15.0,20.1,10.0,70,95,1.6,1.6,10.9,136,22.61,4.22,784.3,9.0,2235.0,11.42355,76.684494
TN-OOT,2023-03-16,14.6,19.0,11.0,80,98,2.3,2.3,7.7,153,21.41,3.83,784.7,10.9,2235.0,11.42355,76.684494
TN-OOT,2023-03-17,14.2,18.5,10.3,83,99,2.9,2.9,6.2,314,20.37,3.6,784.4,11.1,2235.0,11.42355,76.684494
TN-OOT,2023-03-18,14.4,18.1,10.9,83,100,3.4,3.4,7.2,227,19.36,3.42,783.9,11.4,2235.0,11.42355,76.684494
TN-OOT,2023-03-19,14.4,19.6,10.8,83,100,3.2,3.2,6.8,227,22.26,3.91,783.2,11.1,2235.0,11.42355,76.684494
TN-OOT,2023-03-20,14.3,18.5,10.0,81,100,3.9,3.9,9.0,235,20.92,3.61,782.9,10.8,2235.0,11.42355,76.684494
TN-OOT,2023-03-21,15.8,22.0,10.1,68,91,1.9,1.9,9.8,227,26.08,4.84,783.6,9.2,2235.0,11.42355,76.684494
TN-OOT,2023-03-22,16.4,21.3,9.1,60,94,0.0,0.0,12.7,19,23.63,4.51,784.7,8.1,2235.0,11.42355,76.684494
TN-OOT,2023-03-23,15.9,20.4,10.0,70,92,7.4,7.4,8.1,88,22.09,4.01,785.1,10.3,2235.0,11.42355,76.684494
TN-OOT,2023-03-24,15.7,20.1,11.2,72,95,2.5,2.5,11.5,335,20.28,3.79,784.9,10.4,2235.0,11.42355,76.684494
TN-OOT,2023-03-25,14.5,18.0,11.8,87,99,19.9,19.9,7.7,142,16.84,2.89,785.3,12.4,2235.0,11.42355,76.684494
TN-OOT,2023-03-26,14.8,18.5,10.9,87,100,4.1,4.1,6.9,60,18.04,3.14,785.3,12.6,2235.0,11.42355,76.684494
TN-OOT,2023-03-27,16.1,20.5,11.0,69,96,0.0,0.0,16.0,0,18.52,3.68,785.7,10.0,2235.0,11.42355,76.684494
TN-OOT,2023-03-28,16.9,21.1,12.7,66,98,0.0,0.0,13.6,46,21.06,4.02,786.0,10.0,2235.0,11.42355,76.684494
TN-OOT,2023-03-29,14.8,18.8,10.9,86,98,12.9,12.9,9.2,92,17.88,3.12,785.7,12.2,2235.0,11.42355,76.684494
TN-OOT,2023-03-30,14.7,18.6,9.9,82,96,3.0,3.0,8.9,111,20.3,3.56,785.1,11.4,2235.0,11.42355,76.684494
TN-OOT,2023-03-31,15.6,20.1,11.3,79,98,5.6,5.6,9.0,95,22.83,4.08,784.9,11.6,2235.0,11.42355,76.684494
TN-OOT,2023-04-01,14.8,18.2,11.6,84,100,13.8,13.8,6.6,126,17.08,3.02,784.7,12.0,2235.0,11.42355,76.684494
TN-OOT,2023-04-02,15.3,18.6,11.7,79,95,3.0,3.0,11.3,360,15.97,2.89,784.6,11.5,2235.0,11.42355,76.684494
TN-OOT,2023-04-03,15.4,18.7,10.7,82,98,6.0,6.0,8.5,76,19.67,3.47,784.6,12.3,2235.0,11.42355,76.684494
TN-OOT,2023-04-04,14.2,18.0,11.4,92,100,5.4,5.4,7.2,111,13.91,2.45,784.7,12.7,2235.0,11.42355,76.684494
TN-OOT,2023-04-05,15.1,19.7,11.0,79,95,5.3,5.3,11.1,103,17.86,3.26,784.9,11.2,2235.0,11.42355,76.684494
TN-OOT,2023-04-06,15.3,19.3,12.2,81,95,2.7,2.7,14.3,93,20.95,3.61,785.4,11.7,2235.0,11.42355,76.684494
TN-OOT,2023-04-07,15.0,20.1,10.2,75,95,0.0,0.0,15.1,126,26.04,4.57,786.1,10.2,2235.0,11.42355,76.684494
TN-OOT,2023-04-08,14.4,19.7,9.2,74,98,0.0,0.0,13.3,113,27.58,4.8,786.8,9.1,2235.0,11.42355,76.684494
TN-OOT,2023-04-09,15.1,20.5,9.8,70,100,1.6,1.6,10.6,119,26.94,4.84,787.2,9.3,2235.0,11.42355,76.684494
TN-OOT,2023-04-10,15.3,21.1,10.9,75,100,0.0,0.0,12.9,122,27.27,4.89,786.7,10.2,2235.0,11.42355,76.684494
TN-OOT,2023-04-11,15.3,21.0,9.5,66,99,0.0,0.0,13.3,114,27.77,5.08,786.8,8.5,2235.0,11.42355,76.684494
TN-OOT,2023-04-12,16.0,21.7,10.5,58,89,0.0,0.0,14.4,110,28.59,5.43,787.0,6.9,2235.0,11.42355,76.684494
TN-OOT,2023-04-13,15.5,21.9,9.7,51,76,0.0,0.0,15.5,115,29.02,5.76,786.5,4.3,2235.0,11.42355,76.684494
TN-OOT,2023-04-14,16.3,22.5,11.2,50,75,0.0,0.0,14.4,91,28.28,5.72,786.6,5.1,2235.0,11.42355,76.684494
TN-OOT,2023-04-15,16.7,21.8,12.1,44,65,0.0,0.0,14.9,88,25.7,5.37,786.4,4.0,2235.0,11.42355,76.684494
TN-OOT,2023-04-16,15.8,22.4,9.5,48,71,0.0,0.0,11.6,99,28.51,5.7,784.8,3.7,2235.0,11.42355,76.684494
TN-OOT,2023-04-17,16.4,22.5,10.8,51,75,0.0,0.0,13.3,100,28.52,5.69,785.2,5.4,2235.0,11.42355,76.684494
TN-OOT,2023-04-18,16.7,23.0,11.5,57,79,0.0,0.0,12.3,125,28.01,5.52,786.4,7.4,2235.0,11.42355,76.684494
TN-OOT,2023-04-19,17.0,22.8,12.1,59,82,0.0,0.0,13.4,117,27.06,5.33,785.4,8.2,2235.0,11.42355,76.684494
TN-OOT,2023-04-20,17.3,21.4,12.5,59,77,0.9,0.9,11.1,83,23.89,4.76,784.0,8.7,2235.0,11.42355,76.684494
TN-OOT,2023-04-21,17.4,21.8,13.0,62,83,0.4,0.4,12.7,79,24.11,4.73,783.8,9.7,2235.0,11.42355,76.684494
TN-OOT,2023-04-22,16.2,21.0,13.3,83,100,22.0,22.0,7.9,71,19.44,3.44,783.8,13.1,2235.0,11.42355,76.684494
TN-OOT,2023-04-23,16.1,19.8,11.9,82,100,9.8,9.8,8.6,8,17.0,3.07,783.8,13.0,2235.0,11.42355,76.684494
TN-OOT,2023-04-24,15.4,21.0,12.1,88,98,17.3,17.3,8.3,102,20.92,3.69,784.2,13.4,2235.0,11.42355,76.684494
TN-OOT,2023-04-25,15.4,19.2,13.1,91,100,3.6,3.6,5.7,123,19.84,3.51,784.8,13.8,2235.0,11.42355,76.684494
TN-OOT,2023-04-26,14.8,19.3,11.6,89,100,2.9,2.9,6.9,132,21.16,3.66,784.3,12.9,2235.0,11.42355,76.684494
TN-OOT,2023-04-27,15.7,20.4,11.4,85,100,1.3,1.3,7.8,140,23.01,4.11,784.8,13.0,2235.0,11.42355,76.684494
TN-OOT,2023-04-28,16.3,21.5,13.2,81,100,0.1,0.1,9.5,137,26.03,4.65,785.5,12.5,2235.0,11.42355,76.684494
TN-OOT,2023-04-29,15.6,18.8,13.3,89,100,6.0,6.0,9.7,123,17.25,3.03,784.6,13.8,2235.0,11.42355,76.684494
TN-OOT,2023-04-30,15.2,18.1,13.2,93,100,5.9,5.9,6.1,131,16.86,2.95,783.3,14.0,2235.0,11.42355,76.684494
TN-OOT,2023-05-01,14.9,17.7,13.8,98,100,27.2,27.2,8.0,331,11.2,1.94,782.9,14.6,2235.0,11.42355,76.684494
TN-OOT,2023-05-02,15.5,20.0,13.6,93,100,25.3,25.3,9.0,341,18.0,3.16,783.8,14.4,2235.0,11.42355,76.684494
TN-OOT,2023-05-03,15.2,18.5,12.5,91,99,1.0,1.0,11.2,302,11.44,2.01,784.5,13.7,2235.0,11.42355,76.684494
TN-OOT,2023-05-04,15.9,19.2,12.8,83,97,3.8,3.8,8.1,347,19.24,3.44,784.5,13.0,2235.0,11.42355,76.684494
TN-OOT,2023-05-05,14.9,17.2,12.7,89,98,6.2,6.2,6.5,37,11.04,2.01,783.5,13.1,2235.0,11.42355,76.684494
TN-OOT,2023-05-06,15.9,19.1,13.9,86,100,5.2,5.2,8.6,7,17.13,3.0,783.9,13.5,2235.0,11.42355,76.684494
TN-OOT,2023-05-07,15.5,18.7,13.5,91,100,4.1,4.1,9.2,313,9.09,1.78,783.7,14.0,2235.0,11.42355,76.684494
TN-OOT,2023-05-08,16.2,20.0,12.8,85,97,3.1,3.1,9.7,18,17.51,3.16,783.6,13.6,2235.0,11.42355,76.684494
TN-OOT,2023-05-09,15.7,19.6,13.3,89,100,8.9,8.9,10.5,10,18.1,3.11,783.9,13.9,2235.0,11.42355,76.684494
TN-OOT,2023-05-10,16.5,20.7,12.3,84,100,2.3,2.3,13.9,19,23.13,4.02,783.9,13.7,2235.0,11.42355,76.684494
TN-OOT,2023-05-11,17.2,21.4,13.7,79,100,4.1,4.1,15.8,50,23.54,4.17,785.4,13.3,2235.0,11.42355,76.684494
TN-OOT,2023-05-12,18.0,21.4,14.0,75,95,3.5,3.5,12.1,24,20.37,3.8,786.4,13.3,2235.0,11.42355,76.684494
TN-OOT,2023-05-13,17.6,20.8,13.9,75,99,3.0,3.0,10.2,57,19.77,3.72,786.3,12.9,2235.0,11.42355,76.684494
TN-OOT,2023-05-14,18.3,22.4,13.1,63,83,0.0,0.0,12.6,22,23.54,4.66,786.1,10.9,2235.0,11.42355,76.684494
TN-OOT,2023-05-15,18.2,22.6,13.7,64,88,0.0,0.0,9.9,70,23.74,4.67,786.3,11.0,2235.0,11.42355,76.684494
TN-OOT,2023-05-16,18.8,22.5,14.8,55,69,0.1,0.1,11.5,68,24.61,5.02,787.5,9.5,2235.0,11.42355,76.684494
TN-OOT,2023-05-17,17.1,21.0,13.1,71,94,1.9,1.9,11.1,90,21.86,4.15,787.3,11.5,2235.0,11.42355,76.684494
TN-OOT,2023-05-18,16.4,19.7,13.8,80,99,3.8,3.8,10.0,77,20.15,3.65,787.5,12.8,2235.0,11.42355,76.684494
TN-OOT,2023-05-19,17.4,20.5,13.9,75,85,5.0,5.0,14.5,38,21.06,3.77,787.2,12.7,2235.0,11.42355,76.684494
TN-OOT,2023-05-20,17.7,19.9,14.3,74,96,3.8,3.8,12.2,38,21.42,3.89,786.8,12.8,2235.0,11.42355,76.684494
TN-OOT,2023-05-21,16.5,20.7,13.0,83,100,6.4,6.4,15.0,78,19.93,3.52,786.5,13.5,2235.0,11.42355,76.684494
TN-OOT,2023-05-22,16.4,19.7,12.9,82,97,4.1,4.1,11.0,91,20.12,3.56,786.9,13.2,2235.0,11.42355,76.684494
TN-OOT,2023-05-23,16.7,19.7,13.5,82,93,10.4,10.4,7.6,82,19.18,3.42,787.4,13.5,2235.0,11.42355,76.684494
TN-OOT,2023-05-24,16.5,20.3,13.9,83,100,14.3,14.3,9.4,78,17.63,3.21,787.0,13.5,2235.0,11.42355,76.684494
TN-OOT,2023-05-25,15.9,19.9,13.0,86,100,9.9,9.9,9.7,47,17.07,3.07,786.8,13.4,2235.0,11.42355,76.684494
TN-OOT,2023-05-26,15.5,18.9,12.6,88,99,3.7,3.7,10.3,305,19.74,3.39,786.9,13.4,2235.0,11.42355,76.684494
TN-OOT,2023-05-27,16.3,18.5,13.3,86,98,4.4,4.4,10.1,357,18.05,3.12,786.4,13.8,2235.0,11.42355,76.684494
TN-OOT,2023-05-28,16.3,18.6,12.5,85,99,1.5,1.5,8.8,325,15.39,2.76,785.8,13.8,2235.0,11.42355,76.684494
TN-OOT,2023-05-29,16.3,20.0,13.8,86,100,13.5,13.5,9.7,69,15.09,2.65,785.8,14.0,2235.0,11.42355,76.684494
TN-OOT,2023-05-30,16.1,20.2,13.2,87,100,5.4,5.4,10.7,107,21.46,3.73,785.9,13.7,2235.0,11.42355,76.684494
TN-OOT,2023-05-31,16.1,20.4,13.0,85,100,11.8,11.8,10.3,350,15.99,2.87,785.3,13.5,2235.0,11.42355,76.684494
TN-OOT,2023-06-01,16.3,19.3,13.5,87,100,9.1,9.1,9.2,65,16.68,2.95,785.2,14.0,2235.0,11.42355,76.684494
TN-OOT,2023-06-02,17.6,20.8,15.6,75,96,1.5,1.5,10.8,355,19.31,3.55,786.3,13.0,2235.0,11.42355,76.684494
TN-OOT,2023-06-03,17.2,21.5,14.3,80,99,8.1,8.1,11.8,58,20.12,3.62,786.0,13.7,2235.0,11.42355,76.684494
TN-OOT,2023-06-04,16.7,20.8,12.6,78,100,2.4,2.4,8.0,106,19.81,3.66,785.5,12.6,2235.0,11.42355,76.684494
TN-OOT,2023-06-05,17.3,20.7,13.0,78,100,1.5,1.5,8.0,308,18.7,3.43,785.0,13.1,2235.0,11.42355,76.684494
TN-OOT,2023-06-06,16.3,21.6,12.0,81,100,1.1,1.1,10.4,298,24.94,4.44,784.1,12.5,2235.0,11.42355,76.684494
TN-OOT,2023-06-07,16.4,21.1,12.7,81,100,1.8,1.8,8.8,280,23.75,4.27,784.1,12.8,2235.0,11.42355,76.684494
TN-OOT,2023-06-08,16.4,21.3,12.6,81,99,0.9,0.9,12.7,277,23.17,4.21,784.4,12.8,2235.0,11.42355,76.684494
TN-OOT,2023-06-09,16.3,21.5,13.0,82,99,1.7,1.7,11.6,270,22.53,4.09,783.5,12.9,2235.0,11.42355,76.684494
TN-OOT,2023-06-10,16.2,20.2,13.0,82,100,1.3,1.3,15.8,263,18.87,3.49,783.3,12.9,2235.0,11.42355,76.684494
TN-OOT,2023-06-11,15.9,20.3,13.1,86,100,0.2,0.2,15.0,263,19.3,3.41,783.0,13.5,2235.0,11.42355,76.684494
TN-OOT,2023-06-12,16.3,20.5,12.7,85,100,0.7,0.7,13.3,267,18.33,3.39,783.1,13.6,2235.0,11.42355,76.684494
TN-OOT,2023-06-13,16.3,20.9,13.1,84,98,2.0,2.0,11.3,276,21.2,3.82,783.6,13.3,2235.0,11.42355,76.684494
TN-OOT,2023-06-14,16.2,20.4,13.5,82,96,1.3,1.3,11.8,277,20.38,3.65,785.1,12.9,2235.0,11.42355,76.684494
TN-OOT,2023-06-15,16.5,21.1,12.8,81,100,1.3,1.3,11.5,286,23.14,4.26,785.3,12.9,2235.0,11.42355,76.684494
TN-OOT,2023-06-16,15.9,21.5,11.7,84,100,0.0,0.0,9.7,284,23.3,4.16,784.2,12.8,2235.0,11.42355,76.684494
TN-OOT,2023-06-17,16.0,20.9,12.5,80,97,1.1,1.1,12.1,291,21.66,3.89,784.4,12.3,2235.0,11.42355,76.684494
TN-OOT,2023-06-18,15.5,19.6,12.2,86,100,3.1,3.1,10.9,287,16.62,2.98,784.1,13.0,2235.0,11.42355,76.684494
TN-OOT,2023-06-19,15.7,19.1,12.9,88,99,3.6,3.6,12.4,312,14.52,2.56,783.3,13.6,2235.0,11.42355,76.684494
TN-OOT,2023-06-20,15.5,18.4,13.4,95,100,8.7,8.7,8.1,299,13.89,2.45,782.7,14.8,2235.0,11.42355,76.684494
TN-OOT,2023-06-21,15.4,18.6,13.4,96,100,17.6,17.6,10.0,287,15.7,2.78,783.1,14.8,2235.0,11.42355,76.684494
TN-OOT,2023-06-22,15.8,19.4,13.3,90,100,2.8,2.8,11.5,298,19.07,3.24,783.5,14.0,2235.0,11.42355,76.684494
TN-OOT,2023-06-23,15.8,20.0,13.1,89,100,2.8,2.8,12.0,278,18.77,3.28,783.6,13.8,2235.0,11.42355,76.684494
TN-OOT,2023-06-24,15.5,19.6,12.1,86,98,0.0,0.0,12.6,268,18.46,3.22,783.0,13.0,2235.0,11.42355,76.684494
TN-OOT,2023-06-25,15.1,19.3,11.0,86,99,2.4,2.4,10.5,271,19.29,3.5,782.3,12.7,2235.0,11.42355,76.684494
TN-OOT,2023-06-26,15.5,19.2,13.3,88,100,0.8,0.8,11.5,276,16.12,2.84,783.3,13.4,2235.0,11.42355,76.684494
TN-OOT,2023-06-27,15.2,18.3,13.1,93,100,12.1,12.1,11.6,255,13.3,2.41,783.3,14.0,2235.0,11.42355,76.684494
TN-OOT,2023-06-28,15.9,20.9,12.7,85,99,1.1,1.1,13.7,257,22.32,3.91,784.1,13.1,2235.0,11.42355,76.684494
TN-OOT,2023-06-29,15.8,21.1,13.2,86,100,6.5,6.5,10.8,269,18.48,3.26,784.8,13.4,2235.0,11.42355,76.684494
TN-OOT,2023-06-30,16.2,20.5,12.5,84,99,1.6,1.6,12.2,274,21.85,3.83,784.9,13.3,2235.0,11.42355,76.684494
TN-OOT,2023-07-01,15.9,20.1,13.3,86,100,2.1,2.1,13.5,285,18.46,3.25,785.4,13.5,2235.0,11.42355,76.684494
TN-OOT,2023-07-02,15.5,18.9,13.2,90,100,1.4,1.4,17.4,288,18.27,2.96,784.8,13.8,2235.0,11.42355,76.684494
TN-OOT,2023-07-03,15.1,18.4,13.2,92,100,12.8,12.8,20.7,282,15.36,2.43,783.3,13.8,2235.0,11.42355,76.684494
TN-OOT,2023-07-04,15.0,17.2,14.0,97,100,28.8,28.8,24.1,267,6.21,1.1,781.0,14.4,2235.0,11.42355,76.684494
TN-OOT,2023-07-05,14.6,15.8,13.9,99,100,54.4,54.4,21.0,274,5.04,0.8,779.9,14.5,2235.0,11.42355,76.684494
TN-OOT,2023-07-06,14.1,14.6,13.5,99,100,45.4,45.4,23.8,272,4.33,0.71,781.7,13.9,2235.0,11.42355,76.684494
TN-OOT,2023-07-07,15.0,18.4,13.6,93,100,8.7,8.7,16.6,258,9.94,1.78,783.6,13.9,2235.0,11.42355,76.684494
TN-OOT,2023-07-08,14.9,17.8,12.8,93,100,4.8,4.8,10.8,262,11.34,1.98,784.4,13.8,2235.0,11.42355,76.684494
TN-OOT,2023-07-09,15.4,19.7,12.2,88,100,0.5,0.5,10.9,272,19.52,3.39,784.1,13.3,2235.0,11.42355,76.684494
TN-OOT,2023-07-10,15.4,19.4,12.6,88,98,1.1,1.1,9.9,282,11.41,2.14,783.8,13.3,2235.0,11.42355,76.684494
TN-OOT,2023-07-11,15.7,19.8,13.3,83,96,0.3,0.3,11.8,287,13.1,2.43,783.6,12.8,2235.0,11.42355,76.684494
TN-OOT,2023-07-12,15.9,20.1,12.7,82,98,2.0,2.0,11.8,275,21.53,3.84,783.4,12.5,2235.0,11.42355,76.684494
TN-OOT,2023-07-13,14.7,17.3,12.5,93,100,10.8,10.8,13.5,278,10.48,1.79,783.1,13.6,2235.0,11.42355,76.684494
TN-OOT,2023-07-14,15.3,18.8,13.4,90,99,1.4,1.4,17.6,286,15.81,2.64,784.7,13.5,2235.0,11.42355,76.684494
TN-OOT,2023-07-15,15.8,19.8,12.9,88,100,3.6,3.6,13.6,283,20.34,3.41,784.9,13.7,2235.0,11.42355,76.684494
TN-OOT,2023-07-16,15.5,20.3,12.4,87,100,3.4,3.4,10.3,273,19.95,3.49,784.1,13.1,2235.0,11.42355,76.684494
TN-OOT,2023-07-17,15.7,21.3,11.9,82,100,0.2,0.2,13.4,267,23.59,4.16,783.4,12.3,2235.0,11.42355,76.684494
TN-OOT,2023-07-18,15.0,18.7,11.7,84,99,0.8,0.8,17.3,265,19.89,3.32,782.8,12.2,2235.0,11.42355,76.684494
TN-OOT,2023-07-19,14.3,16.7,13.0,90,97,1.5,1.5,22.1,277,13.01,2.1,781.5,12.6,2235.0,11.42355,76.684494
TN-OOT,2023-07-20,14.4,16.9,12.8,87,96,1.0,1.0,23.0,276,18.3,2.8,781.5,12.2,2235.0,11.42355,76.684494
TN-OOT,2023-07-21,14.7,18.8,12.9,85,95,2.1,2.1,26.2,280,19.18,3.08,782.3,12.2,2235.0,11.42355,76.684494
TN-OOT,2023-07-22,14.4,17.0,13.0,93,100,8.7,8.7,28.4,281,14.8,2.16,783.2,13.1,2235.0,11.42355,76.684494
TN-OOT,2023-07-23,14.5,16.9,13.3,96,100,10.1,10.1,23.6,284,13.25,1.91,783.6,13.9,2235.0,11.42355,76.684494
TN-OOT,2023-07-24,14.7,17.0,13.4,92,100,6.3,6.3,22.1,277,13.28,2.12,783.0,13.4,2235.0,11.42355,76.684494
TN-OOT,2023-07-25,14.3,16.6,13.2,96,100,11.2,11.2,21.4,285,9.42,1.46,783.2,13.6,2235.0,11.42355,76.684494
TN-OOT,2023-07-26,14.4,17.0,13.1,94,100,4.0,4.0,22.3,283,11.93,1.81,784.0,13.4,2235.0,11.42355,76.684494
TN-OOT,2023-07-27,14.4,18.4,12.6,93,100,8.6,8.6,21.3,290,17.35,2.62,784.5,13.3,2235.0,11.42355,76.684494
TN-OOT,2023-07-28,14.5,18.6,12.4,92,100,5.1,5.1,22.7,290,19.85,2.94,784.6,13.3,2235.0,11.42355,76.684494
TN-OOT,2023-07-29,14.4,18.5,12.3,90,99,2.0,2.0,22.4,288,22.41,3.33,784.5,12.7,2235.0,11.42355,76.684494
TN-OOT,2023-07-30,15.0,19.2,12.1,87,98,0.8,0.8,18.4,285,23.37,3.71,784.4,12.6,2235.0,11.42355,76.684494
TN-OOT,2023-07-31,15.8,20.6,12.3,83,100,0.0,0.0,13.5,280,24.93,4.31,784.2,12.6,2235.0,11.42355,76.684494
TN-OOT,2023-08-01,15.3,20.3,12.0,80,100,0.1,0.1,18.0,277,24.15,4.16,784.2,11.5,2235.0,11.42355,76.684494
TN-OOT,2023-08-02,15.1,19.4,11.9,70,81,0.0,0.0,17.5,275,24.33,4.45,784.4,9.5,2235.0,11.42355,76.684494
TN-OOT,2023-08-03,15.3,19.9,12.2,79,99,0.0,0.0,16.2,277,24.57,4.25,784.3,11.4,2235.0,11.42355,76.684494
TN-OOT,2023-08-04,15.0,19.2,11.9,86,100,2.3,2.3,17.5,276,22.02,3.6,785.6,12.6,2235.0,11.42355,76.684494
TN-OOT,2023-08-05,15.2,19.7,11.5,86,100,2.4,2.4,13.3,277,21.77,3.74,786.5,12.7,2235.0,11.42355,76.684494
TN-OOT,2023-08-06,15.7,20.2,12.2,85,100,1.4,1.4,9.8,272,21.31,3.83,785.9,12.8,2235.0,11.42355,76.684494
TN-OOT,2023-08-07,15.9,21.1,12.2,84,100,1.7,1.7,8.9,270,24.26,4.35,784.4,12.8,2235.0,11.42355,76.684494
TN-OOT,2023-08-08,15.1,20.2,11.4,84,99,4.6,4.6,11.0,283,21.08,3.68,784.2,12.1,2235.0,11.42355,76.684494
TN-OOT,2023-08-09,15.1,19.2,11.7,87,100,5.8,5.8,8.7,289,21.58,3.69,785.4,12.8,2235.0,11.42355,76.684494
TN-OOT,2023-08-10,14.7,19.3,12.7,93,100,12.3,12.3,7.5,309,15.66,2.69,785.6,13.5,2235.0,11.42355,76.684494
TN-OOT,2023-08-11,15.0,18.5,11.7,89,99,6.3,6.3,10.7,325,18.82,3.18,785.1,13.1,2235.0,11.42355,76.684494
TN-OOT,2023-08-12,15.5,19.6,12.7,88,100,1.0,1.0,11.5,299,18.18,3.17,785.1,13.2,2235.0,11.42355,76.684494
TN-OOT,2023-08-13,15.5,20.4,11.3,85,100,2.5,2.5,9.2,305,23.66,4.17,784.4,12.7,2235.0,11.42355,76.684494
TN-OOT,2023-08-14,16.3,20.4,12.9,79,100,1.3,1.3,9.5,346,21.84,3.9,785.1,12.5,2235.0,11.42355,76.684494
TN-OOT,2023-08-15,15.7,20.9,12.0,75,94,0.0,0.0,10.8,53,22.78,4.13,784.6,11.0,2235.0,11.42355,76.684494
TN-OOT,2023-08-16,16.2,21.5,11.6,71,91,0.1,0.1,9.0,58,25.48,4.63,785.1,10.7,2235.0,11.42355,76.684494
TN-OOT,2023-08-17,16.1,21.8,11.4,77,100,1.4,1.4,8.0,268,25.29,4.58,784.9,11.5,2235.0,11.42355,76.684494
TN-OOT,2023-08-18,15.2,20.4,11.2,79,100,0.7,0.7,11.6,265,23.35,4.19,783.6,11.2,2235.0,11.42355,76.684494
TN-OOT,2023-08-19,15.0,19.3,11.2,83,99,6.7,6.7,13.7,267,19.48,3.41,783.3,11.9,2235.0,11.42355,76.684494
TN-OOT,2023-08-20,15.5,20.0,11.3,86,99,3.4,3.4,13.1,284,23.21,3.92,783.5,13.0,2235.0,11.42355,76.684494
TN-OOT,2023-08-21,15.7,19.7,12.0,87,100,9.4,9.4,10.8,304,21.56,3.69,783.8,13.3,2235.0,11.42355,76.684494
TN-OOT,2023-08-22,15.5,18.7,12.9,94,100,17.5,17.5,7.3,190,17.33,3.06,783.8,14.4,2235.0,11.42355,76.684494
TN-OOT,2023-08-23,15.9,19.5,11.5,82,99,6.3,6.3,9.3,63,21.24,3.82,784.1,12.8,2235.0,11.42355,76.684494
TN-OOT,2023-08-24,16.4,21.2,11.6,70,94,0.0,0.0,7.2,68,22.31,4.22,783.8,10.5,2235.0,11.42355,76.684494
TN-OOT,2023-08-25,16.5,21.0,11.9,75,95,2.4,2.4,10.4,63,22.72,4.13,784.1,11.9,2235.0,11.42355,76.684494
TN-OOT,2023-08-26,16.7,21.3,11.9,80,95,6.1,6.1,8.7,74,22.05,3.97,784.9,13.0,2235.0,11.42355,76.684494
TN-OOT,2023-08-27,15.9,19.4,12.9,85,100,13.4,13.4,6.6,82,18.99,3.4,785.5,13.3,2235.0,11.42355,76.684494
TN-OOT,2023-08-28,16.3,21.2,13.0,82,99,3.1,3.1,10.2,38,22.29,3.99,785.0,12.9,2235.0,11.42355,76.684494
TN-OOT,2023-08-29,15.0,18.4,12.2,90,100,12.8,12.8,10.1,306,15.96,2.72,784.0,13.3,2235.0,11.42355,76.684494
TN-OOT,2023-08-30,15.6,20.0,12.2,85,99,2.0,2.0,11.4,305,21.42,3.73,784.4,12.9,2235.0,11.42355,76.684494
TN-OOT,2023-08-31,15.5,19.0,12.0,90,100,7.1,7.1,10.5,312,18.61,3.22,784.2,13.7,2235.0,11.42355,76.684494
TN-OOT,2023-09-01,15.6,20.4,13.0,87,100,11.5,11.5,7.8,305,18.32,3.24,784.3,13.3,2235.0,11.42355,76.684494
TN-OOT,2023-09-02,15.3,19.3,13.2,92,100,13.0,13.0,9.5,277,16.82,2.87,783.8,14.0,2235.0,11.42355,76.684494
TN-OOT,2023-09-03,15.6,19.7,12.2,84,99,2.4,2.4,10.5,289,21.45,3.71,782.8,12.7,2235.0,11.42355,76.684494
TN-OOT,2023-09-04,15.1,19.2,12.2,86,98,1.3,1.3,16.6,284,18.32,3.06,781.9,12.7,2235.0,11.42355,76.684494
TN-OOT,2023-09-05,15.6,19.7,13.5,87,96,1.0,1.0,16.9,274,16.0,2.79,782.0,13.3,2235.0,11.42355,76.684494
TN-OOT,2023-09-06,16.0,18.9,14.3,88,97,1.2,1.2,11.5,264,11.75,2.22,782.6,13.9,2235.0,11.42355,76.684494
TN-OOT,2023-09-07,16.1,20.8,13.8,88,97,2.5,2.5,12.0,264,13.86,2.55,783.2,13.9,2235.0,11.42355,76.684494
TN-OOT,2023-09-08,16.1,19.7,13.7,85,97,0.6,0.6,14.2,260,18.53,3.25,784.3,13.3,2235.0,11.42355,76.684494
TN-OOT,2023-09-09,16.2,20.5,13.8,84,98,1.5,1.5,16.5,286,22.25,3.79,784.3,13.3,2235.0,11.42355,76.684494
TN-OOT,2023-09-10,15.9,19.5,13.4,87,100,1.0,1.0,13.4,276,18.13,3.12,783.4,13.6,2235.0,11.42355,76.684494
TN-OOT,2023-09-11,15.3,19.5,12.7,88,98,19.0,19.0,16.3,286,16.68,2.81,783.4,13.3,2235.0,11.42355,76.684494
TN-OOT,2023-09-12,15.5,19.5,12.3,85,100,6.2,6.2,18.9,285,19.48,3.29,783.9,12.8,2235.0,11.42355,76.684494
TN-OOT,2023-09-13,15.5,20.3,12.1,83,99,1.7,1.7,12.9,268,22.17,3.86,783.5,12.4,2235.0,11.42355,76.684494
TN-OOT,2023-09-14,15.9,20.5,12.5,84,97,1.1,1.1,11.2,262,20.51,3.62,783.6,12.9,2235.0,11.42355,76.684494
TN-OOT,2023-09-15,15.9,19.9,13.2,88,98,1.6,1.6,10.0,248,16.96,3.04,783.9,13.8,2235.0,11.42355,76.684494
TN-OOT,2023-09-16,16.3,22.0,13.4,84,98,0.5,0.5,11.7,272,18.29,3.36,784.4,13.4,2235.0,11.42355,76.684494
TN-OOT,2023-09-17,15.6,20.3,12.2,87,98,1.5,1.5,11.0,278,17.5,3.07,783.5,13.4,2235.0,11.42355,76.684494
TN-OOT,2023-09-18,15.2,19.3,12.4,88,98,0.9,0.9,8.2,274,16.69,2.9,783.3,13.2,2235.0,11.42355,76.684494
TN-OOT,2023-09-19,15.6,19.7,12.0,85,99,2.3,2.3,9.3,289,18.43,3.27,784.2,12.9,2235.0,11.42355,76.684494
TN-OOT,2023-09-20,15.8,20.4,12.5,81,100,5.1,5.1,9.4,331,22.66,3.95,784.8,12.3,2235.0,11.42355,76.684494
TN-OOT,2023-09-21,15.4,18.8,12.8,90,100,13.7,13.7,8.4,56,17.02,2.99,784.8,13.6,2235.0,11.42355,76.684494
TN-OOT,2023-09-22,14.9,18.4,12.4,95,100,24.2,24.2,6.5,275,15.12,2.62,784.3,14.1,2235.0,11.42355,76.684494
TN-OOT,2023-09-23,15.7,19.2,12.7,89,100,7.0,7.0,6.8,297,18.15,3.13,784.8,13.9,2235.0,11.42355,76.684494
TN-OOT,2023-09-24,15.1,19.1,12.1,91,100,12.6,12.6,10.1,277,18.11,3.06,784.3,13.5,2235.0,11.42355,76.684494
TN-OOT,2023-09-25,14.9,18.4,12.1,88,100,2.6,2.6,11.5,286,15.46,2.65,783.8,12.9,2235.0,11.42355,76.684494
TN-OOT,2023-09-26,15.4,19.8,11.9,83,98,2.3,2.3,10.0,273,21.57,3.79,783.3,12.3,2235.0,11.42355,76.684494
TN-OOT,2023-09-27,15.3,20.7,12.1,83,99,0.8,0.8,11.5,264,21.54,3.8,783.2,12.3,2235.0,11.42355,76.684494
TN-OOT,2023-09-28,15.2,19.5,11.7,88,98,2.1,2.1,9.1,251,16.34,2.86,782.9,13.2,2235.0,11.42355,76.684494
TN-OOT,2023-09-29,16.0,19.7,13.1,87,100,0.5,0.5,9.9,245,15.27,2.76,783.7,13.7,2235.0,11.42355,76.684494
TN-OOT,2023-09-30,16.3,20.5,13.3,88,99,2.0,2.0,9.7,241,16.46,2.94,784.3,14.1,2235.0,11.42355,76.684494
TN-OOT,2023-10-01,15.9,19.2,14.2,89,98,1.4,1.4,10.5,245,14.26,2.49,784.1,14.0,2235.0,11.42355,76.684494
TN-OOT,2023-10-02,16.1,21.4,12.3,84,100,1.6,1.6,12.1,271,23.33,4.08,784.6,13.0,2235.0,11.42355,76.684494
TN-OOT,2023-10-03,15.5,21.4,10.9,76,98,0.0,0.0,7.9,284,24.91,4.46,784.5,10.9,2235.0,11.42355,76.684494
TN-OOT,2023-10-04,16.1,20.1,12.1,75,100,3.0,3.0,8.4,83,22.51,4.02,785.4,11.4,2235.0,11.42355,76.684494
TN-OOT,2023-10-05,16.5,21.1,10.8,62,86,0.0,0.0,10.3,10,25.55,4.69,785.3,8.8,2235.0,11.42355,76.684494
TN-OOT,2023-10-06,17.1,21.3,13.7,61,84,0.0,0.0,13.3,59,24.26,4.52,785.1,9.2,2235.0,11.42355,76.684494
TN-OOT,2023-10-07,16.4,20.3,13.8,77,92,2.3,2.3,10.9,47,19.39,3.49,785.1,12.2,2235.0,11.42355,76.684494
TN-OOT,2023-10-08,15.4,19.2,13.2,92,100,10.0,10.0,7.2,67,18.32,3.21,785.7,14.0,2235.0,11.42355,76.684494
TN-OOT,2023-10-09,15.1,18.4,12.5,96,100,21.2,21.2,5.9,191,15.26,2.63,786.6,14.3,2235.0,11.42355,76.684494
TN-OOT,2023-10-10,14.9,19.3,11.8,96,100,19.8,19.8,7.4,110,18.04,3.04,786.0,14.1,2235.0,11.42355,76.684494
TN-OOT,2023-10-11,14.9,19.0,11.8,93,99,15.6,15.6,9.2,58,13.93,2.31,785.8,13.8,2235.0,11.42355,76.684494
TN-OOT,2023-10-12,15.3,19.1,11.9,88,100,4.3,4.3,9.8,81,19.41,3.33,786.4,13.1,2235.0,11.42355,76.684494
TN-OOT,2023-10-13,15.3,20.4,11.7,76,97,0.0,0.0,10.9,77,24.6,4.33,786.8,10.3,2235.0,11.42355,76.684494
TN-OOT,2023-10-14,14.2,19.4,10.8,90,100,20.2,20.2,6.9,62,15.05,2.62,786.1,12.5,2235.0,11.42355,76.684494
TN-OOT,2023-10-15,14.9,18.0,12.4,89,100,15.4,15.4,10.2,24,13.63,2.34,785.6,13.0,2235.0,11.42355,76.684494
TN-OOT,2023-10-16,14.8,17.5,12.6,91,100,12.4,12.4,8.3,31,11.96,2.07,785.4,13.3,2235.0,11.42355,76.684494
TN-OOT,2023-10-17,14.6,17.4,11.9,94,100,12.3,12.3,8.4,86,14.67,2.44,785.8,13.6,2235.0,11.42355,76.684494
TN-OOT,2023-10-18,14.9,19.9,11.9,85,100,3.3,3.3,14.5,60,23.51,3.92,786.4,12.0,2235.0,11.42355,76.684494
TN-OOT,2023-10-19,14.4,19.9,10.9,80,99,0.2,0.2,12.2,72,21.55,3.68,786.1,10.6,2235.0,11.42355,76.684494
TN-OOT,2023-10-20,14.3,20.5,10.3,78,96,0.3,0.3,12.8,72,22.99,3.97,785.9,10.1,2235.0,11.42355,76.684494
TN-OOT,2023-10-21,14.4,19.4,10.6,86,100,2.4,2.4,12.7,74,20.58,3.46,786.4,11.9,2235.0,11.42355,76.684494
TN-OOT,2023-10-22,14.3,18.4,11.0,87,100,5.1,5.1,13.0,40,17.5,2.86,786.6,12.1,2235.0,11.42355,76.684494
TN-OOT,2023-10-23,14.8,19.0,11.1,77,93,0.5,0.5,14.8,24,20.08,3.5,786.1,10.7,2235.0,11.42355,76.684494
TN-OOT,2023-10-24,14.8,18.8,11.1,68,81,0.8,0.8,13.0,43,19.97,3.58,785.9,8.9,2235.0,11.42355,76.684494
TN-OOT,2023-10-25,15.0,17.8,11.7,72,86,0.7,0.7,16.2,30,16.71,3.07,786.7,9.8,2235.0,11.42355,76.684494
TN-OOT,2023-10-26,14.8,18.6,11.5,75,96,0.0,0.0,14.8,19,17.21,3.07,786.7,10.2,2235.0,11.42355,76.684494
TN-OOT,2023-10-27,14.4,20.3,9.9,85,99,3.5,3.5,10.4,72,18.17,3.17,785.3,11.8,2235.0,11.42355,76.684494
TN-OOT,2023-10-28,14.4,18.0,11.8,91,100,2.7,2.7,7.8,115,18.53,3.13,785.4,12.9,2235.0,11.42355,76.684494
TN-OOT,2023-10-29,14.9,19.1,11.3,89,100,3.2,3.2,11.0,99,18.41,3.14,785.2,12.9,2235.0,11.42355,76.684494
TN-OOT,2023-10-30,14.9,18.1,12.3,91,100,1.8,1.8,11.8,109,15.38,2.59,785.3,13.3,2235.0,11.42355,76.684494
TN-OOT,2023-10-31,14.2,16.7,12.4,94,100,7.6,7.6,7.7,109,11.76,2.0,785.3,13.2,2235.0,11.42355,76.684494
TN-OOT,2023-11-01,15.0,20.8,11.4,90,100,3.2,3.2,9.4,71,20.38,3.49,786.0,13.1,2235.0,11.42355,76.684494
TN-OOT,2023-11-02,15.0,19.3,11.4,90,100,2.9,2.9,10.2,61,17.56,2.98,785.4,13.3,2235.0,11.42355,76.684494
TN-OOT,2023-11-03,15.3,18.9,12.0,91,100,4.4,4.4,11.5,51,16.92,2.85,784.4,13.7,2235.0,11.42355,76.684494
TN-OOT,2023-11-04,14.6,17.9,12.4,95,100,30.6,30.6,9.9,49,11.65,1.97,783.9,13.8,2235.0,11.42355,76.684494
TN-OOT,2023-11-05,15.2,18.2,13.6,92,100,5.4,5.4,6.8,128,15.13,2.69,785.0,13.9,2235.0,11.42355,76.684494
TN-OOT,2023-11-06,14.7,18.7,12.1,94,99,7.0,7.0,5.0,176,12.41,2.19,786.0,13.7,2235.0,11.42355,76.684494
TN-OOT,2023-11-07,14.6,19.2,10.9,93,100,18.1,18.1,8.9,349,14.18,2.44,785.8,13.4,2235.0,11.42355,76.684494
TN-OOT,2023-11-08,14.7,18.1,12.1,93,100,6.5,6.5,5.8,72,12.77,2.19,785.7,13.5,2235.0,11.42355,76.684494
TN-OOT,2023-11-09,14.7,19.1,11.8,91,100,4.2,4.2,8.4,124,15.78,2.74,785.9,13.1,2235.0,11.42355,76.684494
TN-OOT,2023-11-10,15.2,19.6,12.4,90,100,1.4,1.4,10.9,113,19.84,3.33,787.0,13.3,2235.0,11.42355,76.684494
TN-OOT,2023-11-11,15.3,19.7,11.3,86,100,0.6,0.6,14.8,103,21.24,3.52,787.3,12.8,2235.0,11.42355,76.684494
TN-OOT,2023-11-12,14.5,20.0,10.0,65,94,0.0,0.0,11.1,81,23.35,4.21,786.4,7.2,2235.0,11.42355,76.684494
TN-OOT,2023-11-13,14.7,20.0,10.1,64,93,0.0,0.0,9.8,82,23.74,4.26,786.0,7.1,2235.0,11.42355,76.684494
TN-OOT,2023-11-14,13.9,17.6,10.8,86,100,0.8,0.8,11.0,48,15.35,2.57,785.4,11.5,2235.0,11.42355,76.684494
TN-OOT,2023-11-15,13.9,18.1,10.9,88,100,4.1,4.1,12.6,31,17.51,2.79,785.4,11.8,2235.0,11.42355,76.684494
TN-OOT,2023-11-16,14.2,17.3,10.8,94,100,9.6,9.6,10.8,19,13.86,2.22,786.0,13.2,2235.0,11.42355,76.684494
TN-OOT,2023-11-17,14.4,18.9,10.3,94,100,7.5,7.5,8.7,67,14.37,2.43,786.0,13.3,2235.0,11.42355,76.684494
TN-OOT,2023-11-18,14.5,18.7,11.2,91,100,3.5,3.5,10.1,98,18.42,3.09,785.7,12.9,2235.0,11.42355,76.684494
TN-OOT,2023-11-19,13.9,19.6,8.8,82,100,0.0,0.0,9.2,107,22.08,3.75,785.4,10.6,2235.0,11.42355,76.684494
TN-OOT,2023-11-20,14.9,18.6,11.7,69,90,0.0,0.0,12.1,15,20.57,3.6,785.9,9.0,2235.0,11.42355,76.684494
TN-OOT,2023-11-21,14.8,20.0,11.1,90,100,13.0,13.0,10.2,359,14.53,2.43,785.3,13.1,2235.0,11.42355,76.684494
TN-OOT,2023-11-22,15.0,19.1,11.5,93,100,5.1,5.1,10.1,2,14.71,2.48,784.9,13.8,2235.0,11.42355,76.684494
TN-OOT,2023-11-23,14.8,16.8,13.8,98,100,9.4,9.4,8.0,129,9.15,1.56,784.1,14.5,2235.0,11.42355,76.684494
TN-OOT,2023-11-24,14.8,18.2,12.6,91,100,2.0,2.0,10.0,149,15.92,2.69,784.5,13.2,2235.0,11.42355,76.684494
TN-OOT,2023-11-25,14.9,18.4,13.1,92,100,5.9,5.9,11.5,121,16.93,2.81,785.5,13.5,2235.0,11.42355,76.684494
TN-OOT,2023-11-26,14.3,17.1,12.7,94,100,4.8,4.8,15.0,120,16.66,2.53,786.0,13.3,2235.0,11.42355,76.684494
TN-OOT,2023-11-27,15.2,20.6,11.8,82,100,0.0,0.0,9.7,160,22.2,3.9,785.2,11.5,2235.0,11.42355,76.684494
TN-OOT,2023-11-28,14.6,20.2,10.3,83,100,0.7,0.7,8.0,99,20.96,3.64,784.3,11.4,2235.0,11.42355,76.684494
TN-OOT,2023-11-29,14.5,19.0,11.0,90,100,1.3,1.3,9.7,87,17.53,2.98,784.5,12.7,2235.0,11.42355,76.684494
TN-OOT,2023-11-30,15.1,18.8,12.5,90,100,2.3,2.3,7.1,119,16.57,2.89,785.2,13.3,2235.0,11.42355,76.684494
TN-OOT,2023-12-01,15.0,18.5,12.9,90,100,3.8,3.8,11.1,21,16.05,2.64,784.8,13.3,2235.0,11.42355,76.684494
TN-OOT,2023-12-02,14.9,19.4,12.1,85,100,0.3,0.3,11.5,16,19.28,3.29,784.1,12.1,2235.0,11.42355,76.684494
TN-OOT,2023-12-03,14.6,18.4,12.9,94,100,8.8,8.8,12.6,9,15.07,2.44,784.0,13.5,2235.0,11.42355,76.684494
TN-OOT,2023-12-04,14.1,18.2,11.1,86,100,0.0,0.0,10.1,320,13.71,2.38,782.9,11.7,2235.0,11.42355,76.684494
TN-OOT,2023-12-05,14.9,19.7,11.4,80,100,0.3,0.3,10.4,308,18.69,3.27,783.1,11.2,2235.0,11.42355,76.684494
TN-OOT,2023-12-06,15.0,19.6,10.7,81,99,0.7,0.7,6.9,115,17.38,3.08,784.2,11.6,2235.0,11.42355,76.684494
TN-OOT,2023-12-07,15.3,20.2,10.9,82,99,0.0,0.0,4.8,124,19.84,3.5,784.9,11.8,2235.0,11.42355,76.684494
TN-OOT,2023-12-08,14.9,18.2,12.9,92,100,5.2,5.2,6.0,147,13.05,2.3,785.3,13.7,2235.0,11.42355,76.684494
TN-OOT,2023-12-09,14.8,18.3,12.3,97,100,10.6,10.6,6.9,142,13.23,2.25,785.8,14.3,2235.0,11.42355,76.684494
TN-OOT,2023-12-10,15.2,18.6,13.3,92,100,3.0,3.0,6.6,114,12.59,2.23,785.5,13.9,2235.0,11.42355,76.684494
TN-OOT,2023-12-11,14.8,17.0,13.6,94,100,3.3,3.3,10.9,86,10.54,1.87,785.5,13.9,2235.0,11.42355,76.684494
TN-OOT,2023-12-12,14.7,18.2,11.8,89,100,0.5,0.5,11.9,2,14.58,2.49,784.7,12.8,2235.0,11.42355,76.684494
TN-OOT,2023-12-13,13.8,18.2,9.7,87,100,0.1,0.1,10.8,349,15.65,2.61,784.2,11.6,2235.0,11.42355,76.684494
TN-OOT,2023-12-14,14.4,19.7,10.3,83,98,0.0,0.0,8.3,320,16.72,2.92,785.2,11.4,2235.0,11.42355,76.684494
TN-OOT,2023-12-15,14.5,19.6,10.2,81,100,0.3,0.3,11.2,69,19.11,3.25,785.7,11.0,2235.0,11.42355,76.684494
TN-OOT,2023-12-16,15.0,19.5,12.6,86,100,0.1,0.1,7.7,105,19.35,3.31,785.9,12.5,2235.0,11.42355,76.684494
TN-OOT,2023-12-17,14.1,16.5,12.9,95,100,4.6,4.6,11.5,110,10.67,1.75,785.0,13.3,2235.0,11.42355,76.684494
TN-OOT,2023-12-18,13.3,16.0,11.5,97,100,9.9,9.9,13.3,139,7.82,1.28,785.0,12.8,2235.0,11.42355,76.684494
TN-OOT,2023-12-19,14.7,19.3,12.0,89,100,0.9,0.9,11.0,142,17.49,2.96,786.3,12.8,2235.0,11.42355,76.684494
TN-OOT,2023-12-20,15.3,19.9,12.5,88,100,0.3,0.3,10.2,145,19.77,3.35,786.7,13.0,2235.0,11.42355,76.684494
TN-OOT,2023-12-21,14.7,18.7,11.0,91,100,2.0,2.0,11.8,137,17.42,2.86,786.2,13.1,2235.0,11.42355,76.684494
TN-OOT,2023-12-22,14.6,19.6,10.2,70,94,0.0,0.0,10.5,358,21.28,3.75,786.1,8.7,2235.0,11.42355,76.684494
TN-OOT,2023-12-23,14.1,20.0,9.3,71,97,0.0,0.0,9.2,348,20.24,3.59,786.0,8.4,2235.0,11.42355,76.684494
TN-OOT,2023-12-24,14.0,19.9,8.8,73,100,0.0,0.0,10.7,138,21.33,3.69,786.8,9.0,2235.0,11.42355,76.684494
TN-OOT,2023-12-25,14.4,18.7,11.7,91,100,1.0,1.0,13.0,111,16.39,2.68,787.3,12.7,2235.0,11.42355,76.684494
TN-OOT,2023-12-26,13.2,18.5,8.5,68,100,0.0,0.0,10.9,127,23.4,4.0,786.1,6.5,2235.0,11.42355,76.684494
TN-OOT,2023-12-27,13.6,19.7,8.9,64,100,0.0,0.0,9.7,135,23.29,4.09,786.3,6.3,2235.0,11.42355,76.684494
TN-OOT,2023-12-28,14.1,19.5,11.0,85,100,0.0,0.0,9.4,142,21.02,3.52,786.3,11.3,2235.0,11.42355,76.684494
TN-OOT,2023-12-29,13.8,18.6,10.5,90,100,2.2,2.2,13.8,156,18.07,2.87,786.3,12.0,2235.0,11.42355,76.684494
TN-OOT,2023-12-30,14.1,20.4,10.2,84,100,0.3,0.3,7.9,155,19.76,3.46,785.6,11.1,2235.0,11.42355,76.684494
TN-OOT,2023-12-31,14.5,21.0,8.9,80,99,0.8,0.8,8.1,148,21.34,3.76,785.3,10.7,2235.0,11.42355,76.684494
