site_id,date,temperature_2m_mean,temperature_2m_max,temperature_2m_min,relative_humidity_2m_mean,relative_humidity_2m_max,precipitation_sum,rain_sum,wind_speed_10m_max,wind_direction_10m_dominant,shortwave_radiation_sum,et0_fao_evapotranspiration,surface_pressure_mean,dew_point_2m_mean,elevation_m,lat,lon
TS-KRM,2020-12-01,24.0,29.2,19.7,67,94,0.0,0.0,8.2,27,17.85,3.74,983.4,17.0,276.0,18.453426,79.1683
TS-KRM,2020-12-02,23.0,29.1,17.5,61,88,0.0,0.0,10.0,359,18.31,3.98,982.2,14.4,276.0,18.453426,79.1683
TS-KRM,2020-12-03,22.9,29.7,16.9,60,92,0.0,0.0,9.7,3,18.52,3.98,981.5,13.7,276.0,18.453426,79.1683
TS-KRM,2020-12-04,22.6,29.7,16.7,59,93,0.0,0.0,10.1,23,18.25,4.22,980.5,13.2,276.0,18.453426,79.1683
TS-KRM,2020-12-05,22.2,29.2,16.8,56,88,0.0,0.0,8.4,8,18.61,4.13,981.2,11.9,276.0,18.453426,79.1683
TS-KRM,2020-12-06,22.8,29.6,16.2,54,88,0.0,0.0,10.3,7,18.46,4.07,982.5,12.0,276.0,18.453426,79.1683
TS-KRM,2020-12-07,23.1,30.7,16.4,58,91,0.0,0.0,11.5,305,18.3,4.19,984.0,13.0,276.0,18.453426,79.1683
TS-KRM,2020-12-08,22.4,30.6,15.5,62,92,0.0,0.0,9.9,192,18.26,3.92,984.0,13.7,276.0,18.453426,79.1683
TS-KRM,2020-12-09,22.9,30.3,15.6,60,94,0.0,0.0,8.7,256,18.15,3.73,982.9,13.5,276.0,18.453426,79.1683
TS-KRM,2020-12-10,23.1,30.1,16.8,60,92,0.0,0.0,10.1,214,17.51,3.72,982.1,13.7,276.0,18.453426,79.1683
TS-KRM,2020-12-11,23.7,30.3,18.0,62,91,0.0,0.0,8.7,182,17.48,3.81,982.2,15.3,276.0,18.453426,79.1683
TS-KRM,2020-12-12,24.1,30.6,18.5,62,87,0.0,0.0,10.3,175,17.32,3.95,981.7,15.7,276.0,18.453426,79.1683
TS-KRM,2020-12-13,24.3,29.9,19.0,65,93,0.0,0.0,8.8,195,17.13,3.68,980.8,16.6,276.0,18.453426,79.1683
TS-KRM,2020-12-14,24.5,30.6,19.2,61,89,0.0,0.0,10.1,175,16.9,4.03,981.0,15.6,276.0,18.453426,79.1683
TS-KRM,2020-12-15,24.3,30.0,18.9,62,87,0.0,0.0,10.6,157,17.36,3.94,982.9,15.9,276.0,18.453426,79.1683
TS-KRM,2020-12-16,24.4,30.5,18.9,67,95,0.0,0.0,9.3,162,16.47,3.64,983.8,17.1,276.0,18.453426,79.1683
TS-KRM,2020-12-17,24.2,30.3,18.9,65,95,0.0,0.0,8.7,355,17.29,3.91,983.7,16.4,276.0,18.453426,79.1683
TS-KRM,2020-12-18,23.5,29.3,18.5,57,83,0.0,0.0,11.4,40,17.29,3.99,983.8,13.8,276.0,18.453426,79.1683
TS-KRM,2020-12-19,22.2,28.5,17.1,55,86,0.0,0.0,12.6,34,17.82,4.21,984.5,12.0,276.0,18.453426,79.1683
TS-KRM,2020-12-20,21.2,28.0,15.5,46,78,0.0,0.0,12.0,20,18.27,4.53,984.9,8.1,276.0,18.453426,79.1683
TS-KRM,2020-12-21,20.8,27.4,14.5,44,70,0.0,0.0,11.5,10,18.57,4.22,983.7,7.0,276.0,18.453426,79.1683
TS-KRM,2020-12-22,20.7,27.8,13.6,49,82,0.0,0.0,11.4,6,18.48,4.09,982.5,8.1,276.0,18.453426,79.1683
TS-KRM,2020-12-23,20.4,27.9,12.8,54,90,0.0,0.0,10.2,125,18.28,3.88,981.3,9.2,276.0,18.453426,79.1683
TS-KRM,2020-12-24,20.8,27.8,14.0,61,91,0.0,0.0,10.0,127,17.79,3.76,980.8,12.4,276.0,18.453426,79.1683
TS-KRM,2020-12-25,21.2,28.1,15.0,61,96,0.0,0.0,9.2,8,17.85,3.74,981.9,12.1,276.0,18.453426,79.1683
TS-KRM,2020-12-26,21.4,28.0,15.3,55,86,0.0,0.0,10.0,25,18.01,3.74,982.6,11.0,276.0,18.453426,79.1683
TS-KRM,2020-12-27,21.6,28.9,14.5,58,93,0.0,0.0,8.6,201,18.08,3.71,981.8,11.7,276.0,18.453426,79.1683
TS-KRM,2020-12-28,21.5,29.8,14.7,60,92,0.0,0.0,11.5,159,18.07,4.07,980.9,12.0,276.0,18.453426,79.1683
TS-KRM,2020-12-29,22.1,29.4,16.3,62,88,0.0,0.0,10.5,149,17.97,3.95,981.1,13.5,276.0,18.453426,79.1683
TS-KRM,2020-12-30,22.2,28.8,16.5,68,94,0.0,0.0,10.6,114,17.41,3.83,982.0,15.3,276.0,18.453426,79.1683
TS-KRM,2020-12-31,23.1,29.2,17.3,67,97,0.0,0.0,7.2,147,16.0,3.38,982.6,16.1,276.0,18.453426,79.1683
TS-KRM,2021-01-01,23.2,28.6,18.1,70,98,0.0,0.0,8.6,151,15.17,3.31,983.0,16.8,276.0,18.453426,79.1683
TS-KRM,2021-01-02,22.3,28.7,17.3,69,91,0.0,0.0,10.1,168,17.74,3.76,982.9,15.6,276.0,18.453426,79.1683
TS-KRM,2021-01-03,21.8,28.5,16.2,71,97,0.0,0.0,8.6,172,17.8,3.66,981.3,15.5,276.0,18.453426,79.1683
TS-KRM,2021-01-04,22.2,28.6,17.7,68,92,0.0,0.0,12.6,151,17.43,3.94,981.3,15.1,276.0,18.453426,79.1683
TS-KRM,2021-01-05,23.1,29.6,18.0,67,87,0.0,0.0,7.6,166,17.1,3.61,981.9,16.2,276.0,18.453426,79.1683
TS-KRM,2021-01-06,23.4,27.3,20.1,78,90,0.6,0.6,7.4,227,8.73,1.93,981.2,19.3,276.0,18.453426,79.1683
TS-KRM,2021-01-07,23.1,26.5,21.5,80,93,4.5,4.5,8.3,283,7.79,1.75,980.2,19.3,276.0,18.453426,79.1683
TS-KRM,2021-01-08,24.5,31.1,19.8,66,97,0.0,0.0,12.3,145,16.54,3.99,979.0,16.7,276.0,18.453426,79.1683
TS-KRM,2021-01-09,24.2,30.8,19.5,56,96,0.0,0.0,13.2,163,18.04,4.48,979.9,13.0,276.0,18.453426,79.1683
TS-KRM,2021-01-10,23.6,31.0,18.0,60,87,0.0,0.0,10.2,162,17.79,4.1,980.5,14.3,276.0,18.453426,79.1683
TS-KRM,2021-01-11,24.2,31.8,18.0,60,88,0.0,0.0,8.7,262,17.97,4.11,981.2,15.2,276.0,18.453426,79.1683
TS-KRM,2021-01-12,24.8,31.3,19.4,61,84,0.0,0.0,9.5,30,17.2,4.0,981.6,16.1,276.0,18.453426,79.1683
TS-KRM,2021-01-13,24.4,30.5,19.9,63,89,0.0,0.0,9.4,81,17.85,3.93,981.3,16.3,276.0,18.453426,79.1683
TS-KRM,2021-01-14,23.2,29.7,17.1,60,87,0.0,0.0,10.1,71,18.61,4.03,981.2,14.2,276.0,18.453426,79.1683
TS-KRM,2021-01-15,22.9,29.3,16.9,54,76,0.0,0.0,9.8,77,18.93,4.02,980.5,12.4,276.0,18.453426,79.1683
TS-KRM,2021-01-16,23.1,29.9,17.2,64,97,0.0,0.0,10.1,126,18.43,3.97,979.4,14.9,276.0,18.453426,79.1683
TS-KRM,2021-01-17,23.4,29.9,17.7,64,92,0.0,0.0,9.5,144,18.3,4.09,980.5,15.4,276.0,18.453426,79.1683
TS-KRM,2021-01-18,22.9,29.0,17.9,71,94,0.0,0.0,8.9,162,17.72,3.76,981.7,16.8,276.0,18.453426,79.1683
TS-KRM,2021-01-19,23.5,30.1,17.7,65,96,0.0,0.0,9.8,191,18.84,3.89,981.1,15.6,276.0,18.453426,79.1683
TS-KRM,2021-01-20,25.0,31.4,19.3,57,80,0.0,0.0,9.7,210,18.76,4.33,981.0,15.2,276.0,18.453426,79.1683
TS-KRM,2021-01-21,25.0,31.7,19.9,52,68,0.0,0.0,11.7,244,18.17,4.35,980.3,13.9,276.0,18.453426,79.1683
TS-KRM,2021-01-22,25.0,30.9,19.1,53,80,0.0,0.0,11.2,47,18.91,4.24,980.9,14.3,276.0,18.453426,79.1683
TS-KRM,2021-01-23,24.4,30.9,18.5,61,92,0.0,0.0,9.4,174,19.17,4.05,980.7,15.7,276.0,18.453426,79.1683
TS-KRM,2021-01-24,25.1,31.3,19.5,60,85,0.0,0.0,9.2,202,19.27,4.3,981.1,15.8,276.0,18.453426,79.1683
TS-KRM,2021-01-25,25.4,31.5,19.9,56,80,0.0,0.0,10.1,205,19.23,4.4,981.5,15.3,276.0,18.453426,79.1683
TS-KRM,2021-01-26,25.7,31.3,20.8,54,79,0.0,0.0,10.9,195,18.3,4.46,981.1,15.1,276.0,18.453426,79.1683
TS-KRM,2021-01-27,25.3,30.8,20.1,55,73,0.0,0.0,10.6,166,18.0,4.2,981.4,15.3,276.0,18.453426,79.1683
TS-KRM,2021-01-28,25.4,30.9,20.5,59,87,0.0,0.0,13.4,167,18.33,4.64,982.0,16.1,276.0,18.453426,79.1683
TS-KRM,2021-01-29,24.8,30.9,19.6,62,91,0.0,0.0,11.6,176,18.54,4.13,982.3,16.2,276.0,18.453426,79.1683
TS-KRM,2021-01-30,24.6,28.9,20.8,59,75,0.0,0.0,9.8,73,16.02,3.66,982.5,15.8,276.0,18.453426,79.1683
TS-KRM,2021-01-31,24.2,29.8,19.6,53,73,0.0,0.0,9.5,62,16.39,3.86,983.2,13.8,276.0,18.453426,79.1683
TS-KRM,2021-02-01,23.3,29.5,17.8,46,66,0.0,0.0,12.6,56,19.08,4.52,984.9,10.8,276.0,18.453426,79.1683
TS-KRM,2021-02-02,22.9,29.8,16.4,42,77,0.0,0.0,10.8,57,20.72,4.65,985.0,8.1,276.0,18.453426,79.1683
TS-KRM,2021-02-03,22.3,30.1,15.2,52,85,0.0,0.0,9.4,235,20.7,4.52,984.0,10.1,276.0,18.453426,79.1683
TS-KRM,2021-02-04,22.1,29.7,15.0,53,87,0.0,0.0,10.7,174,20.49,4.59,983.5,10.8,276.0,18.453426,79.1683
TS-KRM,2021-02-05,22.3,29.8,15.2,52,86,0.0,0.0,9.8,170,20.7,4.6,982.4,10.7,276.0,18.453426,79.1683
TS-KRM,2021-02-06,23.4,30.2,16.9,49,77,0.0,0.0,9.4,187,20.28,4.41,981.7,11.2,276.0,18.453426,79.1683
TS-KRM,2021-02-07,23.1,29.1,18.9,43,63,0.0,0.0,14.2,28,20.68,5.25,983.5,9.3,276.0,18.453426,79.1683
TS-KRM,2021-02-08,21.6,28.5,14.9,36,55,0.0,0.0,11.5,44,21.51,5.03,984.1,5.5,276.0,18.453426,79.1683
TS-KRM,2021-02-09,22.1,30.2,15.6,45,76,0.0,0.0,11.8,247,21.55,4.82,982.6,8.1,276.0,18.453426,79.1683
TS-KRM,2021-02-10,22.2,30.4,15.0,48,83,0.0,0.0,11.3,189,21.68,4.69,980.9,8.9,276.0,18.453426,79.1683
TS-KRM,2021-02-11,23.3,31.3,16.8,51,86,0.0,0.0,10.9,171,21.5,5.03,980.2,11.3,276.0,18.453426,79.1683
TS-KRM,2021-02-12,23.8,31.1,17.1,56,92,0.0,0.0,11.1,185,21.03,4.62,981.2,13.3,276.0,18.453426,79.1683
TS-KRM,2021-02-13,24.6,31.7,18.8,53,79,0.0,0.0,11.5,178,21.26,5.01,982.0,13.5,276.0,18.453426,79.1683
TS-KRM,2021-02-14,25.5,32.3,18.6,48,83,0.0,0.0,11.6,179,21.09,5.25,981.7,12.4,276.0,18.453426,79.1683
TS-KRM,2021-02-15,25.6,32.6,19.4,46,77,0.0,0.0,12.0,185,21.19,5.18,980.6,12.3,276.0,18.453426,79.1683
TS-KRM,2021-02-16,26.2,33.4,19.8,42,68,0.0,0.0,13.4,180,21.12,5.69,979.8,11.2,276.0,18.453426,79.1683
TS-KRM,2021-02-17,25.9,32.5,20.4,41,60,0.0,0.0,13.3,144,21.18,5.66,980.3,10.9,276.0,18.453426,79.1683
TS-KRM,2021-02-18,24.6,30.7,18.4,53,82,0.0,0.0,12.3,107,19.57,4.92,982.6,13.7,276.0,18.453426,79.1683
TS-KRM,2021-02-19,23.2,27.4,19.3,60,80,0.5,0.5,16.4,20,17.22,4.18,984.5,14.6,276.0,18.453426,79.1683
TS-KRM,2021-02-20,23.6,28.8,19.4,57,76,0.0,0.0,12.6,14,13.75,3.43,983.6,14.2,276.0,18.453426,79.1683
TS-KRM,2021-02-21,24.4,30.6,18.9,59,90,0.0,0.0,8.8,177,20.39,4.65,983.7,15.0,276.0,18.453426,79.1683
TS-KRM,2021-02-22,25.2,32.3,19.7,51,80,0.0,0.0,12.5,59,21.75,5.28,983.2,13.2,276.0,18.453426,79.1683
TS-KRM,2021-02-23,25.4,33.0,18.2,47,86,0.0,0.0,10.8,25,22.47,5.22,981.7,11.2,276.0,18.453426,79.1683
TS-KRM,2021-02-24,25.1,33.2,17.8,47,84,0.0,0.0,11.4,208,22.63,5.22,980.3,11.0,276.0,18.453426,79.1683
TS-KRM,2021-02-25,25.9,34.8,19.0,42,66,0.0,0.0,10.8,242,22.76,5.51,979.9,10.3,276.0,18.453426,79.1683
TS-KRM,2021-02-26,26.7,35.5,19.8,43,67,0.0,0.0,12.7,247,22.39,5.65,978.2,11.8,276.0,18.453426,79.1683
TS-KRM,2021-02-27,27.4,35.5,21.1,40,69,0.0,0.0,10.0,288,22.48,5.85,977.7,11.2,276.0,18.453426,79.1683
TS-KRM,2021-02-28,26.9,35.2,19.5,44,75,0.0,0.0,11.7,210,22.77,5.63,978.4,11.9,276.0,18.453426,79.1683
TS-KRM,2021-03-01,27.0,35.2,20.1,43,70,0.0,0.0,10.4,217,18.21,4.93,980.7,12.4,276.0,18.453426,79.1683
TS-KRM,2021-03-02,28.1,36.0,21.6,43,71,0.0,0.0,13.5,289,22.68,6.13,981.4,12.8,276.0,18.453426,79.1683
TS-KRM,2021-03-03,26.8,35.1,19.7,43,75,0.0,0.0,9.2,326,23.31,5.75,980.8,11.4,276.0,18.453426,79.1683
TS-KRM,2021-03-04,26.9,34.9,20.1,40,69,0.0,0.0,11.5,151,23.56,5.71,980.8,10.3,276.0,18.453426,79.1683
TS-KRM,2021-03-05,27.7,35.5,20.1,34,61,0.0,0.0,13.3,208,23.58,6.18,981.2,9.0,276.0,18.453426,79.1683
TS-KRM,2021-03-06,27.5,35.8,19.9,33,52,0.0,0.0,16.9,205,23.42,6.36,981.1,8.7,276.0,18.453426,79.1683
TS-KRM,2021-03-07,27.6,35.6,20.4,37,67,0.0,0.0,9.7,181,23.44,5.89,980.4,10.3,276.0,18.453426,79.1683
TS-KRM,2021-03-08,28.3,36.0,20.9,37,70,0.0,0.0,11.2,167,23.25,6.42,980.8,11.0,276.0,18.453426,79.1683
TS-KRM,2021-03-09,28.4,35.8,20.7,40,76,0.0,0.0,13.4,165,23.38,6.52,981.4,12.1,276.0,18.453426,79.1683
TS-KRM,2021-03-10,28.8,36.2,21.9,40,68,0.0,0.0,15.5,162,23.58,6.64,981.1,12.3,276.0,18.453426,79.1683
TS-KRM,2021-03-11,29.2,36.6,22.7,35,66,0.0,0.0,15.6,170,23.65,7.29,981.0,10.2,276.0,18.453426,79.1683
TS-KRM,2021-03-12,28.5,36.0,21.1,36,74,0.0,0.0,14.8,168,23.44,6.98,982.2,10.3,276.0,18.453426,79.1683
TS-KRM,2021-03-13,27.0,34.2,20.2,34,58,0.0,0.0,12.2,162,24.05,6.35,982.6,9.1,276.0,18.453426,79.1683
TS-KRM,2021-03-14,27.7,35.6,20.3,37,64,0.0,0.0,9.8,182,23.97,6.02,980.6,10.1,276.0,18.453426,79.1683
TS-KRM,2021-03-15,28.2,35.6,20.5,36,63,0.0,0.0,11.8,163,23.53,6.05,979.7,10.8,276.0,18.453426,79.1683
TS-KRM,2021-03-16,29.2,36.3,22.3,40,67,0.0,0.0,10.5,154,21.65,5.9,979.3,13.0,276.0,18.453426,79.1683
TS-KRM,2021-03-17,29.8,36.3,23.0,42,79,0.0,0.0,14.4,164,20.74,5.63,978.5,14.1,276.0,18.453426,79.1683
TS-KRM,2021-03-18,29.7,35.7,23.1,40,63,0.0,0.0,16.1,146,20.42,5.93,979.0,14.0,276.0,18.453426,79.1683
TS-KRM,2021-03-19,29.2,34.4,24.0,41,62,0.0,0.0,10.8,165,20.18,5.19,979.1,14.0,276.0,18.453426,79.1683
TS-KRM,2021-03-20,28.5,34.5,22.9,48,75,0.0,0.0,13.3,76,21.87,5.56,978.3,15.9,276.0,18.453426,79.1683
TS-KRM,2021-03-21,29.2,35.1,22.7,46,80,0.0,0.0,8.9,303,21.34,5.14,977.9,15.2,276.0,18.453426,79.1683
TS-KRM,2021-03-22,29.8,36.3,23.1,44,77,0.0,0.0,14.5,114,22.27,5.84,979.6,15.2,276.0,18.453426,79.1683
TS-KRM,2021-03-23,29.9,35.8,25.0,44,64,0.0,0.0,16.5,21,23.06,6.69,981.2,15.8,276.0,18.453426,79.1683
TS-KRM,2021-03-24,29.6,36.2,23.7,44,65,0.0,0.0,11.4,39,23.71,6.13,980.7,15.2,276.0,18.453426,79.1683
TS-KRM,2021-03-25,30.4,37.0,24.6,41,75,0.0,0.0,9.2,329,21.87,5.74,979.2,14.2,276.0,18.453426,79.1683
TS-KRM,2021-03-26,30.3,37.6,23.1,42,77,0.0,0.0,9.6,337,24.52,6.2,978.6,14.0,276.0,18.453426,79.1683
TS-KRM,2021-03-27,30.8,38.2,23.5,36,58,0.0,0.0,9.7,308,24.89,6.23,977.9,12.4,276.0,18.453426,79.1683
TS-KRM,2021-03-28,30.6,38.8,22.6,34,72,0.0,0.0,12.6,299,24.6,6.75,976.9,10.4,276.0,18.453426,79.1683
TS-KRM,2021-03-29,30.9,39.2,23.7,35,64,0.0,0.0,11.2,217,25.13,6.52,976.2,11.6,276.0,18.453426,79.1683
TS-KRM,2021-03-30,31.8,40.0,25.3,30,52,0.0,0.0,22.8,263,25.05,8.62,974.5,10.4,276.0,18.453426,79.1683
TS-KRM,2021-03-31,31.9,40.1,25.6,23,40,0.0,0.0,15.5,291,26.0,8.45,973.2,6.0,276.0,18.453426,79.1683
TS-KRM,2021-04-01,31.7,39.6,24.5,28,42,0.0,0.0,13.4,284,25.21,7.9,972.8,10.0,276.0,18.453426,79.1683
TS-KRM,2021-04-02,31.5,39.8,23.9,28,47,0.0,0.0,12.4,287,25.5,7.67,973.6,9.0,276.0,18.453426,79.1683
TS-KRM,2021-04-03,31.6,39.3,23.2,28,52,0.0,0.0,11.0,232,25.65,6.57,974.5,8.7,276.0,18.453426,79.1683
TS-KRM,2021-04-04,31.0,37.7,24.3,41,76,0.0,0.0,10.2,180,22.57,6.0,976.7,15.0,276.0,18.453426,79.1683
TS-KRM,2021-04-05,31.0,38.2,23.9,45,77,0.0,0.0,10.1,164,23.02,6.31,977.8,16.2,276.0,18.453426,79.1683
TS-KRM,2021-04-06,31.4,39.1,24.1,41,72,0.0,0.0,14.7,165,24.29,6.95,978.1,14.3,276.0,18.453426,79.1683
TS-KRM,2021-04-07,32.0,38.1,25.2,39,71,0.0,0.0,15.0,178,22.3,6.37,978.6,15.0,276.0,18.453426,79.1683
TS-KRM,2021-04-08,32.2,38.1,26.4,39,63,0.0,0.0,15.6,209,19.27,6.37,976.9,15.5,276.0,18.453426,79.1683
TS-KRM,2021-04-09,31.5,37.4,26.5,40,58,0.0,0.0,13.4,173,20.52,6.3,977.2,15.7,276.0,18.453426,79.1683
TS-KRM,2021-04-10,31.4,37.1,26.7,48,68,0.4,0.4,16.2,147,22.71,6.53,978.9,18.5,276.0,18.453426,79.1683
TS-KRM,2021-04-11,31.0,36.7,25.2,49,78,0.0,0.0,14.2,167,23.37,6.05,980.3,18.1,276.0,18.453426,79.1683
TS-KRM,2021-04-12,30.3,35.3,25.8,52,70,0.0,0.0,11.9,182,20.78,5.21,981.0,18.9,276.0,18.453426,79.1683
TS-KRM,2021-04-13,30.1,36.0,25.6,55,78,0.6,0.6,9.7,183,21.21,5.21,980.2,19.6,276.0,18.453426,79.1683
TS-KRM,2021-04-14,27.8,32.9,23.7,58,85,0.7,0.7,15.3,239,8.3,3.19,979.7,18.2,276.0,18.453426,79.1683
TS-KRM,2021-04-15,28.6,34.1,21.8,55,90,4.4,4.4,21.1,198,23.14,5.75,978.9,17.5,276.0,18.453426,79.1683
TS-KRM,2021-04-16,29.5,36.3,23.5,50,79,0.0,0.0,11.9,124,23.79,6.15,977.9,16.4,276.0,18.453426,79.1683
TS-KRM,2021-04-17,30.6,36.5,25.1,47,76,0.0,0.0,12.6,175,22.64,5.83,978.7,17.3,276.0,18.453426,79.1683
TS-KRM,2021-04-18,31.2,36.8,25.4,43,65,0.0,0.0,11.4,186,21.21,5.8,979.0,16.5,276.0,18.453426,79.1683
TS-KRM,2021-04-19,31.8,37.5,25.9,43,74,0.0,0.0,13.4,210,20.62,6.13,976.9,16.3,276.0,18.453426,79.1683
TS-KRM,2021-04-20,32.0,37.7,26.4,45,73,0.0,0.0,16.6,183,21.41,6.71,976.1,17.7,276.0,18.453426,79.1683
TS-KRM,2021-04-21,30.3,37.1,26.2,55,76,0.3,0.3,21.2,193,23.04,6.22,977.7,19.9,276.0,18.453426,79.1683
TS-KRM,2021-04-22,30.4,36.5,24.3,56,85,0.0,0.0,9.3,177,23.18,5.54,978.4,19.5,276.0,18.453426,79.1683
TS-KRM,2021-04-23,30.9,35.9,25.7,52,82,0.0,0.0,11.6,200,21.84,5.67,978.2,19.2,276.0,18.453426,79.1683
TS-KRM,2021-04-24,31.2,37.8,25.2,47,76,0.0,0.0,10.4,191,25.1,6.4,977.5,17.0,276.0,18.453426,79.1683
TS-KRM,2021-04-25,31.6,37.5,25.4,44,75,0.0,0.0,12.7,173,23.12,6.44,977.3,16.7,276.0,18.453426,79.1683
TS-KRM,2021-04-26,31.9,37.0,26.0,38,60,0.0,0.0,15.6,222,21.16,6.04,977.0,15.2,276.0,18.453426,79.1683
TS-KRM,2021-04-27,31.5,37.8,25.8,39,62,0.0,0.0,18.4,204,24.12,6.98,977.6,14.9,276.0,18.453426,79.1683
TS-KRM,2021-04-28,32.1,38.7,25.5,35,61,0.0,0.0,13.1,180,23.2,6.75,977.9,13.6,276.0,18.453426,79.1683
TS-KRM,2021-04-29,32.5,39.5,26.1,36,65,0.0,0.0,18.6,182,23.15,7.01,977.3,14.0,276.0,18.453426,79.1683
TS-KRM,2021-04-30,32.7,38.8,25.8,37,62,0.0,0.0,20.3,176,24.65,7.66,976.9,14.8,276.0,18.453426,79.1683
TS-KRM,2021-05-01,30.7,36.3,26.5,52,73,0.1,0.1,14.6,167,22.51,5.72,977.4,19.1,276.0,18.453426,79.1683
TS-KRM,2021-05-02,30.8,36.3,25.5,49,69,0.0,0.0,17.8,59,23.89,6.06,977.9,18.3,276.0,18.453426,79.1683
TS-KRM,2021-05-03,30.1,35.4,25.4,54,75,0.0,0.0,11.9,188,23.01,5.69,977.4,19.6,276.0,18.453426,79.1683
TS-KRM,2021-05-04,31.2,36.7,25.8,50,73,0.0,0.0,11.7,184,22.42,5.77,976.7,18.7,276.0,18.453426,79.1683
TS-KRM,2021-05-05,32.0,37.4,27.1,47,64,0.0,0.0,17.9,186,23.25,6.75,976.5,18.8,276.0,18.453426,79.1683
TS-KRM,2021-05-06,31.8,37.1,26.8,52,76,0.0,0.0,20.1,167,22.55,6.47,977.7,20.0,276.0,18.453426,79.1683
TS-KRM,2021-05-07,31.5,36.3,27.0,53,69,0.0,0.0,14.2,176,20.25,5.78,978.3,20.3,276.0,18.453426,79.1683
TS-KRM,2021-05-08,32.0,36.7,27.7,51,71,0.0,0.0,13.1,165,21.88,6.02,977.7,20.2,276.0,18.453426,79.1683
TS-KRM,2021-05-09,32.1,36.6,27.4,51,72,0.0,0.0,15.0,174,21.88,6.17,976.2,20.4,276.0,18.453426,79.1683
TS-KRM,2021-05-10,32.1,37.1,27.5,53,69,0.0,0.0,13.6,204,22.39,6.03,975.7,20.9,276.0,18.453426,79.1683
TS-KRM,2021-05-11,32.5,38.1,28.1,52,68,0.3,0.3,20.5,196,21.92,6.48,974.8,21.0,276.0,18.453426,79.1683
TS-KRM,2021-05-12,32.9,38.4,27.2,47,68,0.0,0.0,14.6,191,24.13,7.22,973.3,19.4,276.0,18.453426,79.1683
TS-KRM,2021-05-13,33.4,38.3,28.4,42,62,0.0,0.0,16.8,202,22.17,6.83,973.0,17.9,276.0,18.453426,79.1683
TS-KRM,2021-05-14,32.3,37.4,28.1,53,66,0.0,0.0,19.1,169,21.78,6.51,973.1,21.2,276.0,18.453426,79.1683
TS-KRM,2021-05-15,32.1,37.5,27.5,54,75,0.0,0.0,24.0,139,22.76,7.63,973.1,21.3,276.0,18.453426,79.1683
TS-KRM,2021-05-16,29.5,32.5,27.0,69,82,0.3,0.3,21.7,142,9.07,3.86,974.2,23.0,276.0,18.453426,79.1683
TS-KRM,2021-05-17,30.9,35.4,26.6,62,83,0.0,0.0,19.0,152,20.19,6.06,975.1,22.5,276.0,18.453426,79.1683
TS-KRM,2021-05-18,31.9,36.3,27.1,57,78,0.0,0.0,19.1,172,22.68,7.04,974.9,21.9,276.0,18.453426,79.1683
TS-KRM,2021-05-19,32.3,37.2,26.7,55,81,0.0,0.0,18.3,187,23.03,7.06,974.0,21.6,276.0,18.453426,79.1683
TS-KRM,2021-05-20,32.2,37.2,26.6,53,87,1.6,1.6,15.5,241,22.82,6.63,974.2,20.7,276.0,18.453426,79.1683
TS-KRM,2021-05-21,33.0,38.5,28.3,45,65,0.0,0.0,21.7,21,23.27,6.94,974.1,18.4,276.0,18.453426,79.1683
TS-KRM,2021-05-22,32.7,38.3,26.9,47,79,0.0,0.0,13.7,183,22.44,6.68,973.5,18.5,276.0,18.453426,79.1683
TS-KRM,2021-05-23,33.8,39.1,28.0,42,74,0.0,0.0,16.8,323,21.23,7.18,973.5,18.2,276.0,18.453426,79.1683
TS-KRM,2021-05-24,34.4,39.5,28.6,34,58,0.0,0.0,20.6,329,22.74,8.64,973.2,15.2,276.0,18.453426,79.1683
TS-KRM,2021-05-25,33.5,39.2,28.2,28,46,0.0,0.0,21.6,322,21.93,8.58,971.1,12.0,276.0,18.453426,79.1683
TS-KRM,2021-05-26,34.6,39.4,30.3,29,45,0.0,0.0,31.4,308,22.87,10.49,969.2,13.5,276.0,18.453426,79.1683
TS-KRM,2021-05-27,33.9,38.2,30.8,37,45,0.0,0.0,25.9,279,22.62,8.95,970.6,17.0,276.0,18.453426,79.1683
TS-KRM,2021-05-28,33.0,37.3,28.9,45,61,0.0,0.0,23.4,280,21.55,7.21,972.9,19.4,276.0,18.453426,79.1683
TS-KRM,2021-05-29,34.0,39.2,29.4,44,60,0.0,0.0,21.9,268,23.31,7.85,973.7,19.8,276.0,18.453426,79.1683
TS-KRM,2021-05-30,32.2,36.4,28.1,51,71,0.0,0.0,19.9,295,17.83,5.78,974.4,20.3,276.0,18.453426,79.1683
TS-KRM,2021-05-31,34.0,38.8,29.1,43,60,0.0,0.0,17.7,275,23.7,7.14,972.5,19.3,276.0,18.453426,79.1683
TS-KRM,2021-06-01,32.2,37.4,29.0,56,77,4.4,4.4,21.5,262,20.86,5.87,973.7,21.9,276.0,18.453426,79.1683
TS-KRM,2021-06-02,30.2,34.6,25.4,64,90,6.7,6.7,13.7,337,21.38,5.34,975.1,22.0,276.0,18.453426,79.1683
TS-KRM,2021-06-03,30.7,34.7,26.5,60,82,0.0,0.0,16.6,191,19.93,5.07,976.3,21.6,276.0,18.453426,79.1683
TS-KRM,2021-06-04,30.1,35.6,26.4,62,83,1.3,1.3,10.2,200,18.46,4.69,977.0,21.5,276.0,18.453426,79.1683
TS-KRM,2021-06-05,30.5,34.8,26.5,62,82,0.0,0.0,13.6,167,22.02,5.32,976.2,22.1,276.0,18.453426,79.1683
TS-KRM,2021-06-06,31.1,35.8,25.9,59,85,1.9,1.9,12.9,204,24.11,6.19,975.9,21.6,276.0,18.453426,79.1683
TS-KRM,2021-06-07,31.1,36.3,27.5,59,79,3.3,3.3,19.9,271,21.16,5.96,975.3,21.7,276.0,18.453426,79.1683
TS-KRM,2021-06-08,30.6,36.3,27.0,61,78,2.8,2.8,18.7,278,20.51,5.68,974.0,22.0,276.0,18.453426,79.1683
TS-KRM,2021-06-09,27.0,28.8,25.4,82,92,11.2,11.2,17.7,266,8.1,2.36,972.7,23.7,276.0,18.453426,79.1683
TS-KRM,2021-06-10,28.0,31.5,25.3,73,91,9.9,9.9,25.7,279,13.44,4.25,971.6,22.5,276.0,18.453426,79.1683
TS-KRM,2021-06-11,27.5,31.3,24.0,72,89,2.5,2.5,26.7,275,12.46,4.12,971.0,21.8,276.0,18.453426,79.1683
TS-KRM,2021-06-12,28.2,31.8,25.8,68,76,0.3,0.3,26.6,279,13.18,4.27,970.8,21.6,276.0,18.453426,79.1683
TS-KRM,2021-06-13,28.7,32.7,25.2,73,89,9.3,9.3,21.4,279,14.48,4.23,970.0,23.2,276.0,18.453426,79.1683
TS-KRM,2021-06-14,27.5,29.4,24.8,77,91,9.7,9.7,22.0,262,8.2,2.87,969.9,23.1,276.0,18.453426,79.1683
TS-KRM,2021-06-15,28.3,32.6,25.1,73,90,3.1,3.1,23.0,252,14.42,4.13,969.5,22.8,276.0,18.453426,79.1683
TS-KRM,2021-06-16,28.2,32.3,25.7,72,88,2.9,2.9,21.3,247,16.03,4.6,971.0,22.6,276.0,18.453426,79.1683
TS-KRM,2021-06-17,26.8,28.8,25.7,77,87,9.4,9.4,22.0,256,7.55,2.74,972.0,22.5,276.0,18.453426,79.1683
TS-KRM,2021-06-18,28.5,32.2,25.5,67,80,0.1,0.1,22.5,248,16.3,5.19,973.0,21.7,276.0,18.453426,79.1683
TS-KRM,2021-06-19,27.2,29.0,24.8,73,89,4.5,4.5,22.0,240,10.17,3.53,974.8,21.9,276.0,18.453426,79.1683
TS-KRM,2021-06-20,29.0,33.2,25.7,61,75,0.1,0.1,25.8,257,22.46,6.26,975.1,20.6,276.0,18.453426,79.1683
TS-KRM,2021-06-21,28.9,32.8,25.9,62,78,0.2,0.2,19.6,273,22.64,6.01,974.9,20.9,276.0,18.453426,79.1683
TS-KRM,2021-06-22,29.4,32.7,26.5,63,76,0.2,0.2,18.8,273,18.26,5.07,974.1,21.5,276.0,18.453426,79.1683
TS-KRM,2021-06-23,27.2,30.3,25.5,73,87,1.8,1.8,16.3,266,10.21,3.06,974.5,21.7,276.0,18.453426,79.1683
TS-KRM,2021-06-24,27.4,30.6,25.5,68,76,0.2,0.2,20.9,271,13.65,4.24,974.6,20.9,276.0,18.453426,79.1683
TS-KRM,2021-06-25,28.1,32.0,24.7,68,83,1.7,1.7,23.9,279,18.96,5.29,973.1,21.5,276.0,18.453426,79.1683
TS-KRM,2021-06-26,28.4,32.1,26.0,73,84,1.4,1.4,20.6,291,17.98,4.6,972.8,22.9,276.0,18.453426,79.1683
TS-KRM,2021-06-27,27.1,30.7,24.4,82,93,11.4,11.4,19.2,286,14.6,3.4,974.4,23.6,276.0,18.453426,79.1683
TS-KRM,2021-06-28,27.6,31.8,24.4,80,94,7.8,7.8,11.0,250,20.39,4.43,974.6,23.6,276.0,18.453426,79.1683
TS-KRM,2021-06-29,29.4,33.6,24.6,71,96,0.3,0.3,10.5,237,22.6,5.24,974.5,23.2,276.0,18.453426,79.1683
TS-KRM,2021-06-30,30.1,34.6,27.2,70,86,3.5,3.5,12.0,254,21.73,5.24,973.9,23.7,276.0,18.453426,79.1683
TS-KRM,2021-07-01,29.2,32.3,26.7,74,89,1.4,1.4,12.9,248,15.92,3.99,972.8,23.9,276.0,18.453426,79.1683
TS-KRM,2021-07-02,26.4,28.8,24.3,84,92,12.9,12.9,14.2,230,7.24,2.05,974.2,23.3,276.0,18.453426,79.1683
TS-KRM,2021-07-03,28.2,31.4,25.9,71,83,0.0,0.0,18.6,255,16.55,4.33,974.6,22.2,276.0,18.453426,79.1683
TS-KRM,2021-07-04,29.1,33.0,25.4,69,82,0.2,0.2,15.7,281,20.92,5.06,974.5,22.4,276.0,18.453426,79.1683
TS-KRM,2021-07-05,28.9,32.8,25.8,72,90,0.2,0.2,10.0,280,16.59,4.05,974.1,23.1,276.0,18.453426,79.1683
TS-KRM,2021-07-06,29.3,33.9,25.5,74,94,0.2,0.2,12.3,262,21.47,4.9,973.3,23.8,276.0,18.453426,79.1683
TS-KRM,2021-07-07,28.6,32.3,26.3,78,88,6.4,6.4,14.0,249,17.98,4.21,973.1,24.2,276.0,18.453426,79.1683
TS-KRM,2021-07-08,26.0,28.2,24.5,87,94,18.7,18.7,18.3,283,9.17,2.22,973.6,23.6,276.0,18.453426,79.1683
TS-KRM,2021-07-09,26.9,29.9,24.1,82,95,2.2,2.2,12.2,259,17.42,3.75,971.8,23.6,276.0,18.453426,79.1683
TS-KRM,2021-07-10,27.3,30.1,25.2,84,96,6.1,6.1,10.2,274,16.99,3.69,970.3,24.1,276.0,18.453426,79.1683
TS-KRM,2021-07-11,27.2,31.4,25.1,85,94,25.9,25.9,15.1,269,15.71,3.43,969.8,24.2,276.0,18.453426,79.1683
TS-KRM,2021-07-12,26.6,29.2,24.8,86,95,13.9,13.9,11.8,205,12.52,2.7,970.1,24.0,276.0,18.453426,79.1683
TS-KRM,2021-07-13,26.7,29.5,24.8,84,96,8.1,8.1,13.5,260,13.24,2.97,969.9,23.8,276.0,18.453426,79.1683
TS-KRM,2021-07-14,25.9,27.9,24.4,86,93,10.6,10.6,19.0,268,9.22,2.26,969.9,23.3,276.0,18.453426,79.1683
TS-KRM,2021-07-15,27.1,31.1,24.6,79,95,3.9,3.9,12.3,200,16.73,3.83,970.3,22.9,276.0,18.453426,79.1683
TS-KRM,2021-07-16,27.4,31.5,24.4,82,94,2.5,2.5,13.8,141,21.5,4.57,973.5,23.9,276.0,18.453426,79.1683
TS-KRM,2021-07-17,28.0,31.8,24.8,80,95,2.2,2.2,12.2,210,20.57,4.47,974.1,24.1,276.0,18.453426,79.1683
TS-KRM,2021-07-18,28.1,32.5,25.0,81,95,4.5,4.5,13.9,210,21.07,4.56,972.5,24.4,276.0,18.453426,79.1683
TS-KRM,2021-07-19,28.0,31.8,25.0,79,94,2.5,2.5,15.9,252,21.14,4.72,971.5,24.0,276.0,18.453426,79.1683
TS-KRM,2021-07-20,27.6,30.3,25.4,76,90,3.0,3.0,28.0,275,14.79,4.08,973.0,22.9,276.0,18.453426,79.1683
TS-KRM,2021-07-21,25.1,26.1,24.5,89,92,58.7,58.7,24.8,267,6.24,1.73,971.6,23.2,276.0,18.453426,79.1683
TS-KRM,2021-07-22,25.1,26.9,24.1,88,91,57.4,57.4,25.5,281,8.02,2.14,967.2,23.0,276.0,18.453426,79.1683
TS-KRM,2021-07-23,25.6,27.4,24.2,87,91,16.6,16.6,28.7,266,7.33,2.09,968.3,23.1,276.0,18.453426,79.1683
TS-KRM,2021-07-24,27.4,30.3,24.3,76,86,0.3,0.3,27.0,263,13.17,3.68,970.0,22.7,276.0,18.453426,79.1683
TS-KRM,2021-07-25,28.5,32.8,25.6,70,81,0.0,0.0,28.9,256,20.73,5.46,971.5,22.3,276.0,18.453426,79.1683
TS-KRM,2021-07-26,28.8,32.8,25.3,67,80,0.1,0.1,27.7,260,20.89,5.7,972.3,21.9,276.0,18.453426,79.1683
TS-KRM,2021-07-27,28.8,32.2,26.0,65,75,0.1,0.1,25.9,261,21.74,6.08,971.7,21.4,276.0,18.453426,79.1683
TS-KRM,2021-07-28,28.0,30.3,25.7,66,73,0.0,0.0,27.4,263,12.96,4.44,972.7,21.1,276.0,18.453426,79.1683
TS-KRM,2021-07-29,27.5,31.3,25.0,69,83,0.3,0.3,25.2,268,13.96,4.53,973.4,21.3,276.0,18.453426,79.1683
TS-KRM,2021-07-30,27.8,31.3,25.3,67,77,0.1,0.1,27.9,271,15.99,4.97,973.8,21.1,276.0,18.453426,79.1683
TS-KRM,2021-07-31,28.0,31.8,25.6,65,74,0.6,0.6,28.7,266,17.03,5.2,973.9,20.7,276.0,18.453426,79.1683
TS-KRM,2021-08-01,27.8,30.6,25.2,66,75,0.1,0.1,27.7,264,16.3,5.02,973.2,20.8,276.0,18.453426,79.1683
TS-KRM,2021-08-02,27.9,32.1,25.3,67,84,1.6,1.6,27.5,267,21.03,5.67,973.7,21.0,276.0,18.453426,79.1683
TS-KRM,2021-08-03,27.8,31.9,24.9,69,83,1.2,1.2,24.8,272,20.71,5.3,975.2,21.4,276.0,18.453426,79.1683
TS-KRM,2021-08-04,28.5,31.9,25.5,68,79,0.5,0.5,22.6,262,20.61,5.45,975.1,21.9,276.0,18.453426,79.1683
TS-KRM,2021-08-05,28.4,31.7,26.2,68,81,0.4,0.4,24.5,271,19.34,5.31,973.3,21.7,276.0,18.453426,79.1683
TS-KRM,2021-08-06,27.6,30.9,25.8,72,85,1.5,1.5,22.8,282,15.63,4.1,972.8,21.9,276.0,18.453426,79.1683
TS-KRM,2021-08-07,28.3,32.7,24.9,70,87,0.6,0.6,14.0,266,20.21,4.83,973.9,22.0,276.0,18.453426,79.1683
TS-KRM,2021-08-08,28.5,32.3,25.2,73,90,0.2,0.2,14.2,246,19.92,4.65,975.3,22.9,276.0,18.453426,79.1683
TS-KRM,2021-08-09,29.5,34.3,25.6,70,93,0.1,0.1,12.3,248,22.15,5.17,975.7,23.1,276.0,18.453426,79.1683
TS-KRM,2021-08-10,29.1,32.7,25.8,75,88,0.9,0.9,14.2,291,20.13,4.72,975.3,23.9,276.0,18.453426,79.1683
TS-KRM,2021-08-11,29.2,33.2,26.1,69,86,0.0,0.0,18.7,296,23.43,5.6,975.3,22.7,276.0,18.453426,79.1683
TS-KRM,2021-08-12,28.3,32.1,25.8,76,87,6.5,6.5,16.1,298,18.66,4.21,975.9,23.6,276.0,18.453426,79.1683
TS-KRM,2021-08-13,28.5,31.4,26.2,73,87,2.3,2.3,15.7,298,16.3,4.08,974.8,22.9,276.0,18.453426,79.1683
TS-KRM,2021-08-14,28.8,31.9,26.2,68,81,0.3,0.3,19.6,298,16.78,4.51,973.1,22.2,276.0,18.453426,79.1683
TS-KRM,2021-08-15,28.9,32.3,25.8,67,80,0.6,0.6,19.7,298,19.17,5.12,973.4,21.8,276.0,18.453426,79.1683
TS-KRM,2021-08-16,26.7,30.4,24.8,81,91,2.9,2.9,17.9,283,9.3,2.66,974.4,23.1,276.0,18.453426,79.1683
TS-KRM,2021-08-17,25.2,26.7,24.1,91,93,25.0,25.0,16.0,270,5.91,1.5,974.0,23.6,276.0,18.453426,79.1683
TS-KRM,2021-08-18,25.7,28.6,24.2,85,93,3.6,3.6,26.7,264,11.48,2.85,972.6,22.8,276.0,18.453426,79.1683
TS-KRM,2021-08-19,26.7,30.6,24.2,78,93,2.2,2.2,25.7,276,19.1,4.53,972.4,22.4,276.0,18.453426,79.1683
TS-KRM,2021-08-20,26.5,29.8,24.4,80,93,0.8,0.8,18.0,262,13.42,3.23,973.9,22.7,276.0,18.453426,79.1683
TS-KRM,2021-08-21,26.6,30.2,23.9,82,93,4.3,4.3,12.6,223,18.93,4.06,976.0,23.0,276.0,18.453426,79.1683
TS-KRM,2021-08-22,27.6,31.3,24.2,75,91,0.9,0.9,12.3,238,21.03,4.63,976.5,22.6,276.0,18.453426,79.1683
TS-KRM,2021-08-23,28.0,32.3,24.6,76,91,1.0,1.0,11.4,230,22.78,4.92,976.3,23.2,276.0,18.453426,79.1683
TS-KRM,2021-08-24,28.0,31.4,24.9,80,96,1.5,1.5,10.1,230,20.28,4.33,975.7,24.0,276.0,18.453426,79.1683
TS-KRM,2021-08-25,27.5,31.2,25.2,83,93,7.0,7.0,11.5,260,18.04,3.9,974.4,24.2,276.0,18.453426,79.1683
TS-KRM,2021-08-26,27.4,31.0,25.1,81,93,3.5,3.5,14.8,267,17.77,3.98,973.2,23.8,276.0,18.453426,79.1683
TS-KRM,2021-08-27,27.2,31.1,24.8,83,94,2.4,2.4,9.5,268,16.21,3.57,973.1,23.9,276.0,18.453426,79.1683
TS-KRM,2021-08-28,27.2,30.7,24.7,79,93,0.0,0.0,14.9,276,15.57,3.75,971.5,23.0,276.0,18.453426,79.1683
TS-KRM,2021-08-29,26.5,29.6,24.8,83,94,12.6,12.6,15.2,286,15.17,3.38,970.3,23.4,276.0,18.453426,79.1683
TS-KRM,2021-08-30,26.4,29.2,24.2,87,94,19.6,19.6,10.5,276,14.85,3.12,971.1,24.0,276.0,18.453426,79.1683
TS-KRM,2021-08-31,26.3,29.6,24.1,85,96,6.5,6.5,15.4,165,14.59,3.23,972.9,23.5,276.0,18.453426,79.1683
TS-KRM,2021-09-01,26.5,30.7,24.3,84,92,10.2,10.2,13.4,181,18.32,3.87,975.6,23.6,276.0,18.453426,79.1683
TS-KRM,2021-09-02,27.0,31.0,24.1,84,96,4.0,4.0,9.1,218,20.4,4.23,975.0,23.9,276.0,18.453426,79.1683
TS-KRM,2021-09-03,26.7,30.0,24.3,86,97,8.2,8.2,12.1,286,15.19,3.23,973.8,24.1,276.0,18.453426,79.1683
TS-KRM,2021-09-04,26.7,30.3,24.2,85,96,15.3,15.3,13.8,299,18.85,3.88,973.4,23.9,276.0,18.453426,79.1683
TS-KRM,2021-09-05,26.6,30.2,24.1,84,94,13.5,13.5,17.1,299,16.7,3.62,972.7,23.4,276.0,18.453426,79.1683
TS-KRM,2021-09-06,25.5,27.8,24.1,90,95,25.9,25.9,15.0,285,8.25,1.91,972.0,23.7,276.0,18.453426,79.1683
TS-KRM,2021-09-07,25.2,27.8,23.9,89,95,43.1,43.1,28.4,276,9.62,2.24,969.9,23.3,276.0,18.453426,79.1683
TS-KRM,2021-09-08,27.1,31.6,23.3,75,89,0.6,0.6,24.8,216,20.9,4.95,972.9,22.2,276.0,18.453426,79.1683
TS-KRM,2021-09-09,27.9,31.9,25.1,72,84,0.0,0.0,22.7,256,20.95,5.09,974.9,22.2,276.0,18.453426,79.1683
TS-KRM,2021-09-10,27.7,31.0,25.6,75,85,0.3,0.3,21.7,281,19.47,4.58,974.5,22.8,276.0,18.453426,79.1683
TS-KRM,2021-09-11,26.9,30.1,24.8,79,90,2.4,2.4,18.8,273,11.92,3.0,973.2,22.8,276.0,18.453426,79.1683
TS-KRM,2021-09-12,27.6,31.1,25.0,75,84,0.2,0.2,21.6,262,17.25,4.24,971.5,22.7,276.0,18.453426,79.1683
TS-KRM,2021-09-13,27.2,30.6,25.4,79,91,3.3,3.3,19.5,261,12.3,3.39,970.3,23.0,276.0,18.453426,79.1683
TS-KRM,2021-09-14,27.2,30.1,25.1,79,91,1.1,1.1,25.7,253,12.31,3.34,971.0,23.1,276.0,18.453426,79.1683
TS-KRM,2021-09-15,27.8,31.9,25.5,70,81,0.0,0.0,17.4,246,21.28,5.22,973.2,21.7,276.0,18.453426,79.1683
TS-KRM,2021-09-16,27.5,31.3,24.7,70,81,0.1,0.1,17.7,254,22.46,5.22,974.1,21.3,276.0,18.453426,79.1683
TS-KRM,2021-09-17,27.4,31.7,24.2,71,84,0.5,0.5,14.0,264,21.1,4.88,974.2,21.4,276.0,18.453426,79.1683
TS-KRM,2021-09-18,26.7,29.9,25.0,79,89,2.3,2.3,9.6,247,13.48,3.0,976.1,22.8,276.0,18.453426,79.1683
TS-KRM,2021-09-19,27.7,31.4,24.4,73,89,0.1,0.1,10.5,254,18.18,4.24,977.8,22.2,276.0,18.453426,79.1683
TS-KRM,2021-09-20,26.5,30.4,24.9,85,95,12.8,12.8,9.0,257,14.8,3.21,976.7,23.6,276.0,18.453426,79.1683
TS-KRM,2021-09-21,25.6,28.5,24.0,88,95,6.8,6.8,15.5,280,13.23,2.78,975.3,23.3,276.0,18.453426,79.1683
TS-KRM,2021-09-22,25.7,28.7,23.8,87,94,6.2,6.2,15.5,281,15.66,3.18,973.3,23.2,276.0,18.453426,79.1683
TS-KRM,2021-09-23,25.8,28.7,23.8,88,96,3.1,3.1,9.5,276,13.6,2.8,973.6,23.7,276.0,18.453426,79.1683
TS-KRM,2021-09-24,26.5,29.5,24.3,86,96,6.7,6.7,10.0,282,16.66,3.45,975.0,23.9,276.0,18.453426,79.1683
TS-KRM,2021-09-25,26.7,30.3,24.5,86,96,5.6,5.6,12.4,289,16.44,3.42,974.7,24.1,276.0,18.453426,79.1683
TS-KRM,2021-09-26,26.5,29.9,24.4,85,92,5.0,5.0,13.3,306,15.58,3.4,972.5,23.7,276.0,18.453426,79.1683
TS-KRM,2021-09-27,24.9,25.9,24.0,91,95,119.0,119.0,33.5,295,4.02,1.3,968.5,23.4,276.0,18.453426,79.1683
TS-KRM,2021-09-28,26.3,29.9,23.8,81,91,7.5,7.5,26.9,203,16.58,3.76,971.1,22.6,276.0,18.453426,79.1683
TS-KRM,2021-09-29,27.0,30.7,24.0,79,92,0.4,0.4,8.4,223,20.28,4.24,975.6,22.8,276.0,18.453426,79.1683
TS-KRM,2021-09-30,27.5,31.2,24.6,82,95,3.3,3.3,8.4,265,18.95,4.03,977.0,24.0,276.0,18.453426,79.1683
TS-KRM,2021-10-01,27.9,31.5,24.8,82,97,5.0,5.0,7.6,121,20.67,4.35,977.3,24.4,276.0,18.453426,79.1683
TS-KRM,2021-10-02,27.2,30.8,24.3,81,94,5.3,5.3,9.0,74,18.41,3.92,977.8,23.5,276.0,18.453426,79.1683
TS-KRM,2021-10-03,27.8,31.0,24.3,82,97,0.5,0.5,6.4,147,19.87,4.12,977.2,24.2,276.0,18.453426,79.1683
TS-KRM,2021-10-04,28.2,31.7,25.5,84,96,2.6,2.6,12.3,58,18.67,3.87,976.4,25.0,276.0,18.453426,79.1683
TS-KRM,2021-10-05,27.1,30.7,24.9,87,97,6.3,6.3,10.0,51,16.92,3.5,976.7,24.8,276.0,18.453426,79.1683
TS-KRM,2021-10-06,27.2,30.5,24.6,83,96,3.3,3.3,8.4,87,19.5,4.06,976.1,24.0,276.0,18.453426,79.1683
TS-KRM,2021-10-07,27.4,30.9,24.0,81,96,0.4,0.4,6.7,159,18.9,4.01,975.7,23.8,276.0,18.453426,79.1683
TS-KRM,2021-10-08,27.9,31.2,24.8,82,95,1.2,1.2,7.9,248,19.11,4.09,975.4,24.3,276.0,18.453426,79.1683
TS-KRM,2021-10-09,27.2,31.0,24.5,85,94,4.3,4.3,12.7,295,19.08,4.01,976.3,24.4,276.0,18.453426,79.1683
TS-KRM,2021-10-10,27.5,31.7,24.3,75,94,0.1,0.1,13.6,356,21.14,4.74,976.2,22.3,276.0,18.453426,79.1683
TS-KRM,2021-10-11,26.8,31.8,22.9,72,95,0.0,0.0,12.7,344,20.73,4.7,975.2,20.7,276.0,18.453426,79.1683
TS-KRM,2021-10-12,27.2,31.6,22.4,69,92,0.0,0.0,9.9,352,21.19,4.74,975.1,20.5,276.0,18.453426,79.1683
TS-KRM,2021-10-13,27.3,32.0,23.0,69,89,0.0,0.0,11.0,337,20.97,4.62,974.8,20.8,276.0,18.453426,79.1683
TS-KRM,2021-10-14,27.8,32.2,23.4,67,84,0.0,0.0,11.2,324,20.86,4.82,974.1,20.9,276.0,18.453426,79.1683
TS-KRM,2021-10-15,27.2,32.0,23.7,67,94,7.7,7.7,18.5,358,20.52,4.94,972.0,20.2,276.0,18.453426,79.1683
TS-KRM,2021-10-16,24.5,26.6,23.3,91,95,36.9,36.9,12.3,13,6.11,1.38,971.8,23.0,276.0,18.453426,79.1683
TS-KRM,2021-10-17,26.3,31.1,22.9,83,98,1.7,1.7,11.5,170,16.53,3.53,972.4,23.0,276.0,18.453426,79.1683
TS-KRM,2021-10-18,27.4,32.1,23.6,76,95,0.0,0.0,15.4,267,20.84,4.72,974.2,22.5,276.0,18.453426,79.1683
TS-KRM,2021-10-19,26.7,31.1,23.7,70,91,0.0,0.0,15.3,297,21.0,4.87,978.1,20.3,276.0,18.453426,79.1683
TS-KRM,2021-10-20,25.9,30.5,21.9,67,85,0.0,0.0,10.9,322,21.02,4.73,980.8,18.9,276.0,18.453426,79.1683
TS-KRM,2021-10-21,25.7,30.5,21.3,65,81,0.0,0.0,9.7,328,21.32,4.87,981.2,18.2,276.0,18.453426,79.1683
TS-KRM,2021-10-22,25.3,30.4,20.5,65,89,0.0,0.0,11.6,324,21.31,4.61,981.4,17.6,276.0,18.453426,79.1683
TS-KRM,2021-10-23,25.0,30.3,19.6,66,93,0.0,0.0,8.1,338,21.17,4.54,981.6,17.6,276.0,18.453426,79.1683
TS-KRM,2021-10-24,25.2,30.1,20.2,69,96,0.0,0.0,7.4,311,20.9,4.36,981.7,18.6,276.0,18.453426,79.1683
TS-KRM,2021-10-25,24.9,30.1,20.3,67,88,0.0,0.0,11.5,351,20.03,4.45,980.9,17.7,276.0,18.453426,79.1683
TS-KRM,2021-10-26,24.5,29.6,20.1,63,82,0.0,0.0,13.8,1,20.19,4.67,980.1,16.7,276.0,18.453426,79.1683
TS-KRM,2021-10-27,24.6,29.8,19.6,62,88,0.0,0.0,18.4,10,21.01,4.85,980.7,16.4,276.0,18.453426,79.1683
TS-KRM,2021-10-28,25.1,30.0,20.2,60,74,0.0,0.0,16.1,14,20.85,5.09,981.0,16.4,276.0,18.453426,79.1683
TS-KRM,2021-10-29,25.8,30.1,21.1,62,77,0.0,0.0,14.0,15,20.32,4.91,982.0,17.8,276.0,18.453426,79.1683
TS-KRM,2021-10-30,26.2,30.5,22.6,64,81,0.0,0.0,13.0,22,19.28,4.65,982.5,18.8,276.0,18.453426,79.1683
TS-KRM,2021-10-31,25.7,30.7,21.8,68,91,0.0,0.0,13.0,10,20.3,4.53,981.9,19.2,276.0,18.453426,79.1683
TS-KRM,2021-11-01,25.5,30.4,20.5,64,88,0.0,0.0,8.2,23,20.3,4.42,981.1,17.9,276.0,18.453426,79.1683
TS-KRM,2021-11-02,25.0,29.3,22.7,81,96,10.5,10.5,11.8,97,13.18,2.85,981.1,21.5,276.0,18.453426,79.1683
TS-KRM,2021-11-03,24.5,28.8,21.9,85,98,2.9,2.9,9.3,120,13.19,2.74,981.0,21.7,276.0,18.453426,79.1683
TS-KRM,2021-11-04,25.3,29.3,22.1,81,99,1.0,1.0,9.3,80,17.74,3.69,980.4,21.6,276.0,18.453426,79.1683
TS-KRM,2021-11-05,25.6,29.7,21.6,76,97,0.2,0.2,10.6,90,18.94,3.94,980.2,20.6,276.0,18.453426,79.1683
TS-KRM,2021-11-06,24.5,29.4,20.6,76,97,0.0,0.0,8.4,342,19.97,4.16,979.2,19.6,276.0,18.453426,79.1683
TS-KRM,2021-11-07,23.5,28.8,18.5,66,89,0.0,0.0,11.6,48,20.0,4.3,979.4,16.2,276.0,18.453426,79.1683
TS-KRM,2021-11-08,22.5,28.3,17.9,66,89,0.0,0.0,10.8,14,20.2,4.31,980.4,15.3,276.0,18.453426,79.1683
TS-KRM,2021-11-09,23.1,28.6,18.0,59,74,0.0,0.0,14.3,16,19.23,4.32,980.8,14.3,276.0,18.453426,79.1683
TS-KRM,2021-11-10,23.7,29.3,19.0,57,74,0.0,0.0,13.1,16,18.93,4.56,979.8,14.4,276.0,18.453426,79.1683
TS-KRM,2021-11-11,23.9,27.5,20.8,60,85,0.6,0.6,13.3,6,11.34,3.21,978.1,15.6,276.0,18.453426,79.1683
TS-KRM,2021-11-12,24.3,28.1,21.6,79,96,4.0,4.0,13.4,36,10.19,2.48,978.0,20.3,276.0,18.453426,79.1683
TS-KRM,2021-11-13,24.9,28.7,21.9,88,99,11.0,11.0,10.8,73,12.86,2.68,978.2,22.6,276.0,18.453426,79.1683
TS-KRM,2021-11-14,25.1,29.3,22.5,85,98,3.2,3.2,8.8,106,12.91,2.75,978.3,22.3,276.0,18.453426,79.1683
TS-KRM,2021-11-15,25.4,29.6,22.3,84,98,0.7,0.7,11.7,82,13.5,2.91,977.2,22.3,276.0,18.453426,79.1683
TS-KRM,2021-11-16,25.4,30.0,22.6,84,96,8.1,8.1,14.8,102,14.89,3.12,977.9,22.4,276.0,18.453426,79.1683
TS-KRM,2021-11-17,25.5,29.6,22.3,83,98,3.8,3.8,13.0,88,14.76,3.17,979.5,22.2,276.0,18.453426,79.1683
TS-KRM,2021-11-18,25.6,29.2,22.6,85,98,0.0,0.0,7.1,27,9.57,2.17,978.2,22.6,276.0,18.453426,79.1683
TS-KRM,2021-11-19,25.1,28.1,23.0,86,98,5.4,5.4,10.2,102,9.13,2.05,976.4,22.5,276.0,18.453426,79.1683
TS-KRM,2021-11-20,25.1,29.5,22.9,85,97,2.1,2.1,16.6,122,11.87,2.66,976.7,22.3,276.0,18.453426,79.1683
TS-KRM,2021-11-21,25.5,29.5,22.7,83,97,1.5,1.5,13.7,135,13.84,3.04,979.2,22.3,276.0,18.453426,79.1683
TS-KRM,2021-11-22,25.9,30.0,22.3,82,98,0.0,0.0,7.7,92,15.77,3.33,980.5,22.4,276.0,18.453426,79.1683
TS-KRM,2021-11-23,26.1,29.6,23.0,82,97,0.3,0.3,11.0,11,15.46,3.27,979.9,22.5,276.0,18.453426,79.1683
TS-KRM,2021-11-24,26.4,30.8,23.1,75,96,0.2,0.2,10.0,72,17.27,3.8,980.4,21.3,276.0,18.453426,79.1683
TS-KRM,2021-11-25,25.7,30.9,21.2,68,98,0.0,0.0,12.1,19,18.47,4.28,980.9,18.8,276.0,18.453426,79.1683
TS-KRM,2021-11-26,24.9,29.8,19.6,66,93,0.0,0.0,11.7,49,18.56,4.07,981.2,17.5,276.0,18.453426,79.1683
TS-KRM,2021-11-27,24.1,29.1,19.3,65,92,0.0,0.0,12.9,37,18.06,4.03,981.6,16.5,276.0,18.453426,79.1683
TS-KRM,2021-11-28,23.7,29.0,17.9,58,76,0.0,0.0,11.8,38,18.13,4.28,982.6,14.6,276.0,18.453426,79.1683
TS-KRM,2021-11-29,23.9,27.8,20.4,60,75,0.0,0.0,9.4,40,12.85,3.23,983.0,15.5,276.0,18.453426,79.1683
TS-KRM,2021-11-30,23.9,28.3,19.9,53,67,0.0,0.0,10.7,35,14.76,3.89,982.6,13.4,276.0,18.453426,79.1683
TS-KRM,2021-12-01,23.3,28.6,18.7,60,74,0.0,0.0,8.4,51,17.63,3.88,981.4,14.8,276.0,18.453426,79.1683
TS-KRM,2021-12-02,23.7,29.0,18.9,69,91,0.0,0.0,11.3,112,17.23,3.73,981.1,17.4,276.0,18.453426,79.1683
TS-KRM,2021-12-03,24.4,29.4,20.2,66,90,0.0,0.0,9.7,59,17.16,3.82,981.2,17.2,276.0,18.453426,79.1683
TS-KRM,2021-12-04,23.9,29.5,19.2,60,76,0.0,0.0,11.5,355,17.68,4.16,980.7,15.4,276.0,18.453426,79.1683
TS-KRM,2021-12-05,24.2,30.1,19.7,60,82,0.0,0.0,13.7,6,17.77,4.3,980.7,15.5,276.0,18.453426,79.1683
TS-KRM,2021-12-06,24.3,30.2,19.4,63,79,0.0,0.0,9.9,10,17.6,4.08,980.7,16.6,276.0,18.453426,79.1683
TS-KRM,2021-12-07,24.3,30.1,19.7,64,83,0.0,0.0,9.2,31,17.37,4.02,981.8,16.8,276.0,18.453426,79.1683
TS-KRM,2021-12-08,24.6,30.0,19.4,62,83,0.0,0.0,10.0,44,16.06,3.66,982.4,16.4,276.0,18.453426,79.1683
TS-KRM,2021-12-09,25.8,30.8,20.8,59,83,0.0,0.0,7.9,27,15.53,3.71,983.6,16.8,276.0,18.453426,79.1683
TS-KRM,2021-12-10,24.8,28.4,21.5,72,95,0.0,0.0,8.6,113,12.26,2.84,984.6,19.3,276.0,18.453426,79.1683
TS-KRM,2021-12-11,24.9,29.8,21.4,67,96,0.0,0.0,10.5,36,16.68,3.84,984.2,17.8,276.0,18.453426,79.1683
TS-KRM,2021-12-12,23.2,29.0,18.7,59,79,0.0,0.0,12.9,31,17.45,4.08,984.5,14.3,276.0,18.453426,79.1683
TS-KRM,2021-12-13,22.4,28.1,17.5,59,77,0.0,0.0,10.8,31,16.39,3.68,983.6,13.8,276.0,18.453426,79.1683
TS-KRM,2021-12-14,22.3,28.1,17.4,60,81,0.0,0.0,10.2,39,16.31,3.66,983.0,13.6,276.0,18.453426,79.1683
TS-KRM,2021-12-15,21.3,26.7,17.1,59,86,0.0,0.0,9.9,20,15.27,3.48,983.4,12.3,276.0,18.453426,79.1683
TS-KRM,2021-12-16,20.9,27.0,16.2,63,89,0.0,0.0,11.1,14,17.58,3.77,984.1,12.6,276.0,18.453426,79.1683
TS-KRM,2021-12-17,20.5,27.0,14.9,63,86,0.0,0.0,12.3,3,17.75,3.69,984.5,12.4,276.0,18.453426,79.1683
TS-KRM,2021-12-18,21.0,26.7,16.1,61,91,0.0,0.0,13.3,16,17.73,3.83,984.2,12.5,276.0,18.453426,79.1683
TS-KRM,2021-12-19,20.4,26.1,15.4,64,88,0.0,0.0,11.0,25,17.57,3.67,985.0,13.1,276.0,18.453426,79.1683
TS-KRM,2021-12-20,19.1,25.2,14.1,57,79,0.0,0.0,9.8,37,17.83,3.81,985.0,9.7,276.0,18.453426,79.1683
TS-KRM,2021-12-21,19.3,24.8,13.6,51,85,0.0,0.0,11.2,352,18.14,3.5,984.3,7.7,276.0,18.453426,79.1683
TS-KRM,2021-12-22,20.4,25.9,14.6,51,79,0.0,0.0,8.5,15,17.89,3.53,982.7,8.9,276.0,18.453426,79.1683
TS-KRM,2021-12-23,20.3,27.5,13.0,61,97,0.0,0.0,11.0,4,17.63,3.45,981.9,11.6,276.0,18.453426,79.1683
TS-KRM,2021-12-24,21.2,29.3,14.4,65,92,0.0,0.0,9.2,224,17.47,3.56,981.3,13.4,276.0,18.453426,79.1683
TS-KRM,2021-12-25,22.5,29.3,17.1,67,90,0.0,0.0,8.4,219,17.18,3.61,981.8,15.6,276.0,18.453426,79.1683
TS-KRM,2021-12-26,23.0,29.6,17.3,71,93,0.0,0.0,8.2,197,16.4,3.48,983.2,16.9,276.0,18.453426,79.1683
TS-KRM,2021-12-27,22.7,28.8,18.1,74,95,0.1,0.1,8.6,166,15.59,3.27,984.1,17.3,276.0,18.453426,79.1683
TS-KRM,2021-12-28,23.2,29.2,18.7,68,94,0.0,0.0,14.3,176,16.48,3.99,983.0,16.1,276.0,18.453426,79.1683
TS-KRM,2021-12-29,21.7,27.7,17.5,73,95,0.2,0.2,16.5,79,13.82,3.03,983.3,16.3,276.0,18.453426,79.1683
TS-KRM,2021-12-30,21.4,26.2,17.6,76,94,0.2,0.2,15.6,42,15.16,3.14,985.9,16.8,276.0,18.453426,79.1683
TS-KRM,2021-12-31,21.5,27.3,16.7,76,97,0.3,0.3,9.8,43,17.23,3.45,986.8,16.6,276.0,18.453426,79.1683
TS-KRM,2022-01-01,21.9,27.7,17.6,70,92,0.0,0.0,10.5,49,16.96,3.56,986.5,15.9,276.0,18.453426,79.1683
TS-KRM,2022-01-02,21.5,27.7,16.6,68,89,0.0,0.0,11.2,39,17.44,3.7,985.1,14.7,276.0,18.453426,79.1683
TS-KRM,2022-01-03,21.0,27.0,16.7,68,87,0.0,0.0,9.5,31,17.62,3.63,984.3,14.5,276.0,18.453426,79.1683
TS-KRM,2022-01-04,21.8,27.4,17.0,63,88,0.0,0.0,10.0,42,17.72,3.74,984.3,13.8,276.0,18.453426,79.1683
TS-KRM,2022-01-05,21.7,27.7,16.1,70,96,0.0,0.0,9.5,184,17.46,3.48,983.8,15.6,276.0,18.453426,79.1683
TS-KRM,2022-01-06,21.8,28.6,16.9,72,92,0.0,0.0,9.7,172,17.82,3.78,982.7,15.8,276.0,18.453426,79.1683
TS-KRM,2022-01-07,22.3,28.1,17.8,70,93,0.0,0.0,17.2,171,17.79,3.94,982.7,15.9,276.0,18.453426,79.1683
TS-KRM,2022-01-08,23.2,28.6,19.2,70,89,0.1,0.1,14.7,178,15.37,3.53,982.9,17.1,276.0,18.453426,79.1683
TS-KRM,2022-01-09,23.9,29.2,19.8,69,90,0.0,0.0,16.3,183,16.64,3.9,981.1,17.4,276.0,18.453426,79.1683
TS-KRM,2022-01-10,21.8,27.0,19.0,83,98,8.7,8.7,12.7,136,12.0,2.46,982.1,18.6,276.0,18.453426,79.1683
TS-KRM,2022-01-11,19.9,23.1,18.2,91,99,7.5,7.5,11.7,79,6.9,1.35,982.2,18.2,276.0,18.453426,79.1683
TS-KRM,2022-01-12,20.9,25.4,18.2,86,100,1.5,1.5,9.3,76,12.61,2.43,981.7,18.2,276.0,18.453426,79.1683
TS-KRM,2022-01-13,20.9,23.7,18.8,86,98,2.5,2.5,12.3,98,10.2,2.03,981.5,18.3,276.0,18.453426,79.1683
TS-KRM,2022-01-14,20.9,26.1,17.8,86,98,1.6,1.6,9.7,94,11.52,2.29,981.3,18.3,276.0,18.453426,79.1683
TS-KRM,2022-01-15,20.0,24.6,16.5,85,99,0.4,0.4,9.1,29,10.68,2.13,982.8,17.3,276.0,18.453426,79.1683
TS-KRM,2022-01-16,21.1,26.1,17.5,77,91,0.1,0.1,10.3,40,16.94,3.31,984.4,16.7,276.0,18.453426,79.1683
TS-KRM,2022-01-17,21.3,26.7,17.1,73,90,0.0,0.0,9.7,29,17.29,3.45,985.5,15.9,276.0,18.453426,79.1683
TS-KRM,2022-01-18,21.5,26.5,17.1,69,88,0.0,0.0,9.5,14,18.51,3.67,984.1,15.2,276.0,18.453426,79.1683
TS-KRM,2022-01-19,21.5,26.6,16.2,72,99,0.0,0.0,10.2,349,18.55,3.63,982.2,15.7,276.0,18.453426,79.1683
TS-KRM,2022-01-20,21.8,27.5,16.9,71,98,0.0,0.0,8.4,207,18.64,3.62,979.7,15.6,276.0,18.453426,79.1683
TS-KRM,2022-01-21,22.2,28.7,17.4,64,87,0.0,0.0,15.3,293,18.89,4.35,979.0,14.4,276.0,18.453426,79.1683
TS-KRM,2022-01-22,22.7,30.1,16.7,68,95,0.0,0.0,8.7,204,18.69,3.96,977.4,15.6,276.0,18.453426,79.1683
TS-KRM,2022-01-23,22.8,28.0,18.9,63,84,0.0,0.0,16.4,277,17.13,4.15,977.3,15.1,276.0,18.453426,79.1683
TS-KRM,2022-01-24,20.5,25.4,16.4,56,80,0.0,0.0,11.5,345,19.26,4.25,979.1,11.0,276.0,18.453426,79.1683
TS-KRM,2022-01-25,20.1,25.5,15.0,60,81,0.0,0.0,12.4,6,18.58,3.93,979.9,11.5,276.0,18.453426,79.1683
TS-KRM,2022-01-26,20.1,25.9,14.8,59,75,0.0,0.0,12.9,23,19.22,4.18,980.8,11.4,276.0,18.453426,79.1683
TS-KRM,2022-01-27,19.3,25.2,15.0,56,69,0.0,0.0,15.7,34,19.5,4.31,982.3,9.8,276.0,18.453426,79.1683
TS-KRM,2022-01-28,17.9,24.7,12.5,55,75,0.0,0.0,12.5,30,20.25,4.36,983.6,8.1,276.0,18.453426,79.1683
TS-KRM,2022-01-29,18.3,25.5,12.2,56,77,0.0,0.0,11.9,2,20.46,4.14,984.0,8.5,276.0,18.453426,79.1683
TS-KRM,2022-01-30,19.3,27.7,12.0,62,90,0.0,0.0,11.3,281,20.38,4.03,981.9,10.6,276.0,18.453426,79.1683
TS-KRM,2022-01-31,21.3,29.0,13.1,57,91,0.0,0.0,8.7,265,20.41,4.09,980.4,10.9,276.0,18.453426,79.1683
TS-KRM,2022-02-01,22.0,29.5,15.1,59,86,0.0,0.0,9.2,257,20.16,4.07,979.5,12.6,276.0,18.453426,79.1683
TS-KRM,2022-02-02,22.4,30.5,15.0,62,92,0.0,0.0,10.2,232,20.16,4.37,979.9,13.6,276.0,18.453426,79.1683
TS-KRM,2022-02-03,24.7,31.8,17.6,60,89,0.0,0.0,21.1,181,19.09,5.45,978.0,15.4,276.0,18.453426,79.1683
TS-KRM,2022-02-04,22.5,27.5,18.0,52,93,0.0,0.0,19.4,298,20.51,5.02,978.5,11.2,276.0,18.453426,79.1683
TS-KRM,2022-02-05,20.2,27.2,14.3,49,65,0.0,0.0,11.9,20,20.82,4.69,980.4,8.5,276.0,18.453426,79.1683
TS-KRM,2022-02-06,21.3,28.2,14.9,47,71,0.0,0.0,11.8,65,20.68,4.39,982.7,8.7,276.0,18.453426,79.1683
TS-KRM,2022-02-07,22.6,30.0,15.7,66,91,0.0,0.0,9.8,162,20.33,4.28,982.4,15.1,276.0,18.453426,79.1683
TS-KRM,2022-02-08,24.0,30.2,17.7,61,82,0.0,0.0,11.4,131,19.01,4.37,981.2,15.6,276.0,18.453426,79.1683
TS-KRM,2022-02-09,24.7,30.9,20.2,63,88,0.0,0.0,21.8,166,18.09,4.45,980.7,16.7,276.0,18.453426,79.1683
TS-KRM,2022-02-10,23.7,28.8,19.1,67,91,0.0,0.0,13.9,160,18.99,4.07,981.6,16.8,276.0,18.453426,79.1683
TS-KRM,2022-02-11,22.6,28.3,18.4,61,93,0.0,0.0,16.2,28,20.82,4.66,982.5,13.8,276.0,18.453426,79.1683
TS-KRM,2022-02-12,21.2,28.0,15.7,50,72,0.0,0.0,11.8,43,21.34,4.91,981.9,9.6,276.0,18.453426,79.1683
TS-KRM,2022-02-13,22.3,28.1,16.2,45,78,0.0,0.0,11.3,55,21.73,4.65,980.4,9.2,276.0,18.453426,79.1683
TS-KRM,2022-02-14,22.1,29.3,15.2,57,88,0.0,0.0,9.0,122,21.16,4.48,979.9,12.5,276.0,18.453426,79.1683
TS-KRM,2022-02-15,23.6,29.8,18.0,59,93,0.0,0.0,12.6,145,20.21,4.49,979.5,14.7,276.0,18.453426,79.1683
TS-KRM,2022-02-16,24.0,29.4,19.2,64,92,0.2,0.2,9.6,149,19.38,4.21,977.6,16.2,276.0,18.453426,79.1683
TS-KRM,2022-02-17,23.6,28.3,19.7,64,78,0.1,0.1,13.3,80,19.18,4.42,977.6,16.1,276.0,18.453426,79.1683
TS-KRM,2022-02-18,23.6,30.2,18.4,65,90,0.0,0.0,11.2,108,19.44,4.32,979.1,16.0,276.0,18.453426,79.1683
TS-KRM,2022-02-19,24.7,31.7,18.5,59,85,0.0,0.0,13.2,166,21.29,4.95,980.4,15.1,276.0,18.453426,79.1683
TS-KRM,2022-02-20,25.7,32.8,19.9,51,72,0.0,0.0,16.6,264,20.43,5.54,978.2,14.1,276.0,18.453426,79.1683
TS-KRM,2022-02-21,24.9,30.8,18.6,49,78,0.0,0.0,9.3,4,21.92,4.95,978.5,12.4,276.0,18.453426,79.1683
TS-KRM,2022-02-22,24.3,31.7,16.9,54,92,0.0,0.0,10.7,84,22.08,4.94,980.4,12.9,276.0,18.453426,79.1683
TS-KRM,2022-02-23,24.2,32.0,17.8,63,88,0.0,0.0,12.8,165,21.5,4.99,982.7,16.0,276.0,18.453426,79.1683
TS-KRM,2022-02-24,25.4,33.0,19.5,57,85,0.0,0.0,12.3,180,21.92,5.31,983.3,15.3,276.0,18.453426,79.1683
TS-KRM,2022-02-25,25.5,32.1,20.2,49,72,0.0,0.0,12.5,150,21.36,5.25,982.5,13.4,276.0,18.453426,79.1683
TS-KRM,2022-02-26,24.8,32.1,18.3,53,87,0.0,0.0,15.0,154,22.2,5.63,982.8,13.7,276.0,18.453426,79.1683
TS-KRM,2022-02-27,25.4,32.4,19.2,50,78,0.0,0.0,12.6,168,22.38,5.75,982.9,13.3,276.0,18.453426,79.1683
TS-KRM,2022-02-28,25.8,33.2,20.3,42,68,0.0,0.0,12.9,158,22.57,5.92,982.0,10.9,276.0,18.453426,79.1683
TS-KRM,2022-03-01,25.7,32.8,18.7,42,69,0.0,0.0,12.3,127,22.57,5.49,982.1,11.1,276.0,18.453426,79.1683
TS-KRM,2022-03-02,26.2,33.1,19.0,43,70,0.0,0.0,10.5,141,22.1,5.34,981.9,11.8,276.0,18.453426,79.1683
TS-KRM,2022-03-03,26.4,33.8,19.2,47,76,0.0,0.0,8.7,138,22.28,5.19,981.5,12.8,276.0,18.453426,79.1683
TS-KRM,2022-03-04,26.7,33.9,19.7,46,71,0.0,0.0,9.3,150,22.51,5.46,981.7,12.8,276.0,18.453426,79.1683
TS-KRM,2022-03-05,26.3,33.2,19.9,47,72,0.0,0.0,9.9,106,22.31,5.31,980.9,13.2,276.0,18.453426,79.1683
TS-KRM,2022-03-06,26.6,32.9,21.4,47,73,0.0,0.0,11.5,121,21.82,5.39,980.5,13.5,276.0,18.453426,79.1683
TS-KRM,2022-03-07,26.7,33.6,20.5,50,82,0.0,0.0,9.5,163,21.52,5.16,980.8,14.4,276.0,18.453426,79.1683
TS-KRM,2022-03-08,26.7,34.2,20.2,50,86,0.0,0.0,11.7,225,22.42,5.47,980.3,13.8,276.0,18.453426,79.1683
TS-KRM,2022-03-09,27.6,34.3,20.4,40,71,0.0,0.0,9.9,10,23.03,5.38,979.8,11.9,276.0,18.453426,79.1683
TS-KRM,2022-03-10,27.5,33.9,20.7,41,74,0.0,0.0,11.1,33,22.75,5.57,979.6,12.3,276.0,18.453426,79.1683
TS-KRM,2022-03-11,27.6,34.4,20.9,50,78,0.0,0.0,9.4,254,21.32,5.06,979.2,15.0,276.0,18.453426,79.1683
TS-KRM,2022-03-12,28.5,34.4,22.9,41,61,0.0,0.0,10.6,345,22.2,5.94,979.2,13.1,276.0,18.453426,79.1683
TS-KRM,2022-03-13,28.3,35.1,22.5,35,57,0.0,0.0,12.6,19,23.3,6.49,979.5,10.8,276.0,18.453426,79.1683
TS-KRM,2022-03-14,28.4,35.4,19.4,37,81,0.0,0.0,10.1,323,24.22,5.95,979.5,9.7,276.0,18.453426,79.1683
TS-KRM,2022-03-15,27.7,36.7,19.9,38,56,0.0,0.0,10.6,275,24.03,6.26,977.4,10.5,276.0,18.453426,79.1683
TS-KRM,2022-03-16,29.7,38.2,22.3,32,49,0.0,0.0,15.4,302,23.91,7.2,975.7,9.9,276.0,18.453426,79.1683
TS-KRM,2022-03-17,29.9,38.5,22.7,32,53,0.0,0.0,13.7,301,24.1,7.04,974.9,9.9,276.0,18.453426,79.1683
TS-KRM,2022-03-18,29.9,38.5,21.6,34,53,0.0,0.0,13.4,185,23.71,6.23,974.7,11.1,276.0,18.453426,79.1683
TS-KRM,2022-03-19,29.4,35.8,23.4,45,76,0.0,0.0,18.0,169,19.8,5.71,974.8,15.2,276.0,18.453426,79.1683
TS-KRM,2022-03-20,30.3,36.0,25.3,43,68,0.0,0.0,13.8,178,19.95,5.69,974.6,15.5,276.0,18.453426,79.1683
TS-KRM,2022-03-21,29.9,36.4,23.6,46,67,0.0,0.0,10.8,345,19.93,5.39,975.6,16.2,276.0,18.453426,79.1683
TS-KRM,2022-03-22,30.6,37.2,24.4,43,79,0.0,0.0,13.8,308,19.99,5.84,976.0,15.1,276.0,18.453426,79.1683
TS-KRM,2022-03-23,30.8,38.4,22.9,34,63,0.0,0.0,13.3,228,22.33,6.16,975.7,11.7,276.0,18.453426,79.1683
TS-KRM,2022-03-24,29.6,36.4,23.1,48,85,0.0,0.0,12.0,175,18.83,5.29,976.1,15.8,276.0,18.453426,79.1683
TS-KRM,2022-03-25,30.4,36.9,24.7,47,82,0.0,0.0,12.6,177,19.36,5.5,976.9,16.6,276.0,18.453426,79.1683
TS-KRM,2022-03-26,30.2,36.5,25.4,53,78,0.3,0.3,18.0,190,17.22,5.07,978.9,18.8,276.0,18.453426,79.1683
TS-KRM,2022-03-27,31.4,39.0,24.2,45,74,0.0,0.0,17.2,201,22.49,5.96,978.8,16.6,276.0,18.453426,79.1683
TS-KRM,2022-03-28,31.7,39.1,24.6,41,72,0.0,0.0,10.7,208,23.06,6.06,978.1,15.1,276.0,18.453426,79.1683
TS-KRM,2022-03-29,31.5,39.7,23.7,36,68,0.0,0.0,10.8,234,24.52,6.48,976.5,12.5,276.0,18.453426,79.1683
TS-KRM,2022-03-30,31.6,39.9,24.0,32,63,0.0,0.0,14.2,225,25.0,6.73,976.2,11.1,276.0,18.453426,79.1683
TS-KRM,2022-03-31,31.8,39.7,24.9,31,59,0.0,0.0,10.8,211,25.08,6.91,976.6,10.8,276.0,18.453426,79.1683
TS-KRM,2022-04-01,31.5,39.1,24.1,44,86,0.0,0.0,14.1,183,24.13,6.77,977.1,16.3,276.0,18.453426,79.1683
TS-KRM,2022-04-02,31.8,38.1,25.4,50,84,0.0,0.0,17.3,174,23.34,6.19,978.2,18.8,276.0,18.453426,79.1683
TS-KRM,2022-04-03,31.9,38.6,25.5,47,80,0.0,0.0,14.1,155,24.15,6.81,977.9,17.6,276.0,18.453426,79.1683
TS-KRM,2022-04-04,32.4,38.3,26.3,43,69,0.0,0.0,16.2,169,22.92,6.62,978.4,17.3,276.0,18.453426,79.1683
TS-KRM,2022-04-05,32.3,38.2,26.4,43,66,0.0,0.0,18.7,164,23.61,7.0,980.2,17.1,276.0,18.453426,79.1683
TS-KRM,2022-04-06,32.2,38.4,25.9,43,74,0.0,0.0,15.7,163,23.34,6.82,980.2,16.8,276.0,18.453426,79.1683
TS-KRM,2022-04-07,32.4,38.4,26.2,41,66,0.0,0.0,16.7,164,22.89,6.65,979.4,16.7,276.0,18.453426,79.1683
TS-KRM,2022-04-08,32.1,38.3,26.0,43,72,0.0,0.0,15.2,172,23.17,6.54,978.3,16.6,276.0,18.453426,79.1683
TS-KRM,2022-04-09,31.6,37.4,25.9,48,77,0.0,0.0,16.7,179,23.12,6.61,977.5,18.2,276.0,18.453426,79.1683
TS-KRM,2022-04-10,32.2,38.4,25.9,43,76,0.0,0.0,17.7,171,22.64,6.94,976.8,16.8,276.0,18.453426,79.1683
TS-KRM,2022-04-11,32.1,37.9,26.1,44,72,0.0,0.0,17.5,173,21.68,6.51,976.3,17.1,276.0,18.453426,79.1683
TS-KRM,2022-04-12,32.6,39.4,26.0,40,71,0.0,0.0,16.8,161,23.13,7.17,975.4,16.0,276.0,18.453426,79.1683
TS-KRM,2022-04-13,32.0,39.5,25.7,41,65,0.0,0.0,15.9,165,21.98,6.65,975.1,16.2,276.0,18.453426,79.1683
TS-KRM,2022-04-14,32.4,38.3,25.9,45,80,0.0,0.0,13.6,173,20.03,5.86,975.0,17.8,276.0,18.453426,79.1683
TS-KRM,2022-04-15,32.0,38.6,27.8,45,62,0.5,0.5,25.0,211,18.24,6.28,974.8,18.0,276.0,18.453426,79.1683
TS-KRM,2022-04-16,32.0,39.1,27.4,43,63,0.7,0.7,35.9,225,20.03,6.03,974.2,17.3,276.0,18.453426,79.1683
TS-KRM,2022-04-17,32.9,39.3,27.4,40,63,0.0,0.0,16.8,212,22.6,7.04,975.0,16.5,276.0,18.453426,79.1683
TS-KRM,2022-04-18,32.9,39.8,26.7,40,67,0.0,0.0,12.5,200,24.06,6.89,976.8,15.9,276.0,18.453426,79.1683
TS-KRM,2022-04-19,33.7,40.7,26.6,33,63,0.0,0.0,13.0,225,23.89,7.53,977.5,13.7,276.0,18.453426,79.1683
TS-KRM,2022-04-20,34.4,42.6,28.0,30,57,0.0,0.0,15.7,234,24.8,7.93,975.5,12.8,276.0,18.453426,79.1683
TS-KRM,2022-04-21,33.5,40.0,27.7,41,68,0.0,0.0,16.1,184,22.31,7.1,975.2,17.5,276.0,18.453426,79.1683
TS-KRM,2022-04-22,31.5,35.6,27.8,52,64,0.0,0.0,17.1,179,21.97,6.01,977.6,20.1,276.0,18.453426,79.1683
TS-KRM,2022-04-23,31.5,36.6,27.7,50,65,0.1,0.1,15.5,188,21.65,5.87,978.0,19.4,276.0,18.453426,79.1683
TS-KRM,2022-04-24,32.7,38.8,27.3,40,61,0.0,0.0,16.5,272,22.81,7.02,976.6,16.4,276.0,18.453426,79.1683
TS-KRM,2022-04-25,33.2,40.7,26.1,37,63,0.0,0.0,17.4,221,23.4,6.89,975.1,15.4,276.0,18.453426,79.1683
TS-KRM,2022-04-26,34.1,40.4,26.9,37,67,0.0,0.0,16.2,198,22.65,7.26,975.7,15.7,276.0,18.453426,79.1683
TS-KRM,2022-04-27,34.1,39.9,27.6,35,61,0.0,0.0,14.8,189,21.36,7.07,975.5,15.3,276.0,18.453426,79.1683
TS-KRM,2022-04-28,33.9,40.2,28.0,36,56,0.0,0.0,12.5,202,23.2,7.04,975.9,15.7,276.0,18.453426,79.1683
TS-KRM,2022-04-29,34.2,41.5,27.2,32,60,0.0,0.0,14.4,232,23.92,7.35,975.7,13.5,276.0,18.453426,79.1683
TS-KRM,2022-04-30,34.1,40.7,27.5,32,65,0.0,0.0,17.5,207,23.79,7.48,973.9,13.4,276.0,18.453426,79.1683
TS-KRM,2022-05-01,34.3,41.9,28.3,27,43,0.0,0.0,16.2,215,23.89,7.7,972.2,11.1,276.0,18.453426,79.1683
TS-KRM,2022-05-02,34.2,40.9,27.9,40,75,0.0,0.0,16.2,158,24.42,6.96,972.8,16.8,276.0,18.453426,79.1683
TS-KRM,2022-05-03,34.3,40.4,28.8,40,71,0.0,0.0,25.8,177,24.22,7.8,973.8,17.7,276.0,18.453426,79.1683
TS-KRM,2022-05-04,32.5,38.2,26.4,51,75,1.3,1.3,16.8,197,22.67,6.37,976.0,20.3,276.0,18.453426,79.1683
TS-KRM,2022-05-05,33.4,39.1,27.5,42,69,0.1,0.1,16.5,221,22.87,6.89,975.0,17.5,276.0,18.453426,79.1683
TS-KRM,2022-05-06,34.3,41.7,27.9,35,72,0.0,0.0,19.7,183,24.59,7.8,974.0,14.3,276.0,18.453426,79.1683
TS-KRM,2022-05-07,34.1,39.9,27.4,39,74,0.0,0.0,16.3,202,22.39,7.12,974.0,16.2,276.0,18.453426,79.1683
TS-KRM,2022-05-08,33.8,38.8,29.1,36,53,0.0,0.0,19.1,213,19.07,6.25,972.6,16.3,276.0,18.453426,79.1683
TS-KRM,2022-05-09,33.7,40.4,27.1,36,60,0.0,0.0,21.0,23,22.17,7.14,970.4,15.4,276.0,18.453426,79.1683
TS-KRM,2022-05-10,33.4,39.2,26.8,36,51,0.0,0.0,24.3,53,17.55,7.55,969.1,15.3,276.0,18.453426,79.1683
TS-KRM,2022-05-11,31.4,36.5,28.8,56,71,0.0,0.0,20.0,61,14.05,4.95,970.0,21.3,276.0,18.453426,79.1683
TS-KRM,2022-05-12,31.8,36.7,28.0,57,74,0.0,0.0,16.6,116,21.29,6.07,971.4,21.8,276.0,18.453426,79.1683
TS-KRM,2022-05-13,32.7,38.4,26.7,54,76,0.0,0.0,19.1,170,24.0,6.85,971.3,21.6,276.0,18.453426,79.1683
TS-KRM,2022-05-14,34.3,41.4,28.7,48,73,0.0,0.0,18.7,189,23.64,7.2,971.4,20.9,276.0,18.453426,79.1683
TS-KRM,2022-05-15,34.4,40.9,29.4,50,73,0.0,0.0,22.2,177,23.97,6.94,972.7,21.7,276.0,18.453426,79.1683
TS-KRM,2022-05-16,33.5,38.8,28.0,52,80,0.0,0.0,16.2,148,23.62,6.58,973.2,21.4,276.0,18.453426,79.1683
TS-KRM,2022-05-17,33.3,37.3,28.6,52,76,0.1,0.1,18.5,180,19.67,6.13,972.1,21.7,276.0,18.453426,79.1683
TS-KRM,2022-05-18,31.4,36.3,28.0,61,77,1.7,1.7,25.7,169,19.73,5.72,973.2,22.6,276.0,18.453426,79.1683
TS-KRM,2022-05-19,31.0,36.6,26.6,63,83,11.2,11.2,23.8,149,19.76,5.64,973.6,22.5,276.0,18.453426,79.1683
TS-KRM,2022-05-20,32.1,37.0,27.1,56,81,0.0,0.0,18.2,186,22.65,5.82,972.9,21.7,276.0,18.453426,79.1683
TS-KRM,2022-05-21,32.4,39.5,28.1,50,74,0.0,0.0,24.5,252,15.75,6.46,970.9,19.7,276.0,18.453426,79.1683
TS-KRM,2022-05-22,33.8,40.2,29.1,37,60,0.0,0.0,25.2,274,26.18,9.84,969.3,15.6,276.0,18.453426,79.1683
TS-KRM,2022-05-23,34.0,39.4,29.8,36,47,0.0,0.0,29.2,267,25.09,9.18,969.9,16.3,276.0,18.453426,79.1683
TS-KRM,2022-05-24,34.5,40.2,30.2,37,50,0.0,0.0,25.8,276,24.47,8.14,972.3,17.2,276.0,18.453426,79.1683
TS-KRM,2022-05-25,33.8,39.3,27.9,39,61,0.0,0.0,14.0,251,24.38,6.46,974.8,17.3,276.0,18.453426,79.1683
TS-KRM,2022-05-26,33.1,39.1,27.8,43,70,0.0,0.0,25.7,259,22.91,7.61,974.2,18.4,276.0,18.453426,79.1683
TS-KRM,2022-05-27,32.7,38.9,26.5,45,73,0.4,0.4,15.3,268,24.09,7.28,973.6,18.1,276.0,18.453426,79.1683
TS-KRM,2022-05-28,33.7,39.7,28.7,35,49,0.0,0.0,21.4,262,25.42,8.9,972.3,15.5,276.0,18.453426,79.1683
TS-KRM,2022-05-29,34.1,39.6,29.6,35,46,0.0,0.0,21.3,266,24.68,8.78,972.2,16.2,276.0,18.453426,79.1683
TS-KRM,2022-05-30,34.4,40.0,29.9,36,48,0.0,0.0,21.0,283,24.5,8.34,971.9,16.6,276.0,18.453426,79.1683
TS-KRM,2022-05-31,32.4,38.6,28.7,47,62,6.7,6.7,24.3,274,22.68,7.4,971.6,19.3,276.0,18.453426,79.1683
TS-KRM,2022-06-01,33.0,37.8,28.6,45,62,0.0,0.0,18.6,285,20.59,6.79,971.7,18.9,276.0,18.453426,79.1683
TS-KRM,2022-06-02,34.9,40.9,30.1,38,59,0.0,0.0,17.4,264,21.35,7.04,971.1,17.4,276.0,18.453426,79.1683
TS-KRM,2022-06-03,35.1,41.3,29.5,35,55,0.0,0.0,23.7,265,24.25,8.63,970.7,16.2,276.0,18.453426,79.1683
TS-KRM,2022-06-04,35.6,41.3,31.1,30,44,0.0,0.0,23.7,281,22.3,9.02,971.2,14.6,276.0,18.453426,79.1683
TS-KRM,2022-06-05,35.0,41.1,30.3,33,44,0.0,0.0,12.7,313,22.64,6.95,971.1,15.5,276.0,18.453426,79.1683
TS-KRM,2022-06-06,35.3,41.6,30.9,35,51,0.0,0.0,23.3,255,23.35,8.69,971.3,16.6,276.0,18.453426,79.1683
TS-KRM,2022-06-07,35.3,41.3,29.6,35,57,0.0,0.0,37.2,291,23.47,9.08,971.0,16.4,276.0,18.453426,79.1683
TS-KRM,2022-06-08,35.0,40.8,31.5,34,43,0.0,0.0,24.9,281,13.4,7.39,971.1,16.5,276.0,18.453426,79.1683
TS-KRM,2022-06-09,33.6,40.4,29.5,43,57,0.8,0.8,29.1,277,21.14,7.95,971.3,19.0,276.0,18.453426,79.1683
TS-KRM,2022-06-10,34.1,39.6,30.1,43,57,0.0,0.0,22.5,248,22.63,7.77,972.1,19.4,276.0,18.453426,79.1683
TS-KRM,2022-06-11,32.5,37.1,28.6,49,64,0.3,0.3,17.7,254,22.17,7.11,973.2,20.2,276.0,18.453426,79.1683
TS-KRM,2022-06-12,30.3,36.3,26.9,63,80,1.7,1.7,18.5,268,19.39,5.49,973.8,22.0,276.0,18.453426,79.1683
TS-KRM,2022-06-13,30.6,35.2,26.0,61,86,3.0,3.0,14.8,270,21.05,5.41,975.0,21.7,276.0,18.453426,79.1683
TS-KRM,2022-06-14,31.2,37.0,26.3,57,77,0.3,0.3,17.6,278,22.37,6.58,974.4,21.1,276.0,18.453426,79.1683
TS-KRM,2022-06-15,29.5,35.9,24.9,69,94,29.0,29.0,23.2,260,22.3,5.63,974.1,22.5,276.0,18.453426,79.1683
TS-KRM,2022-06-16,28.6,33.6,25.1,74,93,4.9,4.9,11.7,249,17.43,4.16,974.3,23.2,276.0,18.453426,79.1683
TS-KRM,2022-06-17,30.5,35.7,25.5,62,87,5.1,5.1,16.1,198,22.51,5.72,974.0,21.9,276.0,18.453426,79.1683
TS-KRM,2022-06-18,30.9,35.8,27.2,60,77,0.1,0.1,14.4,196,22.09,5.84,974.3,21.9,276.0,18.453426,79.1683
TS-KRM,2022-06-19,29.4,35.8,26.9,69,84,9.5,9.5,21.3,228,21.25,5.24,974.2,22.9,276.0,18.453426,79.1683
TS-KRM,2022-06-20,29.1,34.8,25.7,70,90,22.7,22.7,17.2,264,19.15,4.99,972.6,22.6,276.0,18.453426,79.1683
TS-KRM,2022-06-21,27.4,31.3,24.8,79,93,24.9,24.9,15.4,253,12.57,3.14,971.4,23.3,276.0,18.453426,79.1683
TS-KRM,2022-06-22,27.5,30.0,25.5,79,91,12.6,12.6,11.9,256,11.86,2.84,972.9,23.4,276.0,18.453426,79.1683
TS-KRM,2022-06-23,28.9,33.6,24.7,71,91,3.1,3.1,12.4,257,21.57,5.1,973.8,22.8,276.0,18.453426,79.1683
TS-KRM,2022-06-24,28.2,31.2,25.6,75,91,2.5,2.5,14.0,256,14.59,3.56,972.9,23.3,276.0,18.453426,79.1683
TS-KRM,2022-06-25,27.5,32.8,25.5,79,94,7.2,7.2,20.9,252,15.27,3.7,970.7,23.4,276.0,18.453426,79.1683
TS-KRM,2022-06-26,27.1,31.2,24.8,80,93,9.4,9.4,14.9,252,14.9,3.49,970.9,23.2,276.0,18.453426,79.1683
TS-KRM,2022-06-27,27.1,31.2,24.6,79,92,15.6,15.6,21.3,249,15.88,3.82,973.0,23.0,276.0,18.453426,79.1683
TS-KRM,2022-06-28,27.5,31.1,24.6,76,89,4.7,4.7,19.5,257,16.73,4.17,972.7,22.8,276.0,18.453426,79.1683
TS-KRM,2022-06-29,28.4,32.7,25.1,72,87,5.5,5.5,18.1,262,18.85,4.57,971.2,22.8,276.0,18.453426,79.1683
TS-KRM,2022-06-30,28.5,33.0,26.4,73,87,7.3,7.3,16.8,271,17.13,4.36,970.8,23.1,276.0,18.453426,79.1683
TS-KRM,2022-07-01,28.3,32.4,25.0,76,92,9.2,9.2,17.1,277,21.6,5.05,971.3,23.5,276.0,18.453426,79.1683
TS-KRM,2022-07-02,26.6,28.9,25.2,85,90,7.7,7.7,16.4,277,8.54,2.25,970.5,23.8,276.0,18.453426,79.1683
TS-KRM,2022-07-03,27.4,32.2,25.2,82,93,14.3,14.3,16.7,272,14.45,3.43,970.4,23.9,276.0,18.453426,79.1683
TS-KRM,2022-07-04,27.1,31.3,24.8,80,92,23.1,23.1,19.8,263,13.15,3.38,970.1,23.2,276.0,18.453426,79.1683
TS-KRM,2022-07-05,26.3,28.7,24.6,83,91,7.3,7.3,18.4,256,11.88,2.87,969.2,23.3,276.0,18.453426,79.1683
TS-KRM,2022-07-06,25.7,28.3,24.5,87,92,10.7,10.7,14.4,264,5.1,1.53,970.8,23.4,276.0,18.453426,79.1683
TS-KRM,2022-07-07,27.1,31.2,24.7,79,91,10.5,10.5,22.7,274,17.42,4.27,972.3,23.1,276.0,18.453426,79.1683
TS-KRM,2022-07-08,25.2,26.7,24.5,87,90,44.6,44.6,24.5,276,5.27,1.74,970.8,22.9,276.0,18.453426,79.1683
TS-KRM,2022-07-09,24.7,26.0,23.8,90,92,38.4,38.4,26.9,282,5.7,1.67,968.1,22.8,276.0,18.453426,79.1683
TS-KRM,2022-07-10,24.1,24.5,23.8,89,92,151.7,151.7,35.3,278,2.25,1.34,968.0,22.2,276.0,18.453426,79.1683
TS-KRM,2022-07-11,24.4,25.3,23.7,88,90,76.4,76.4,28.4,278,4.11,1.61,969.7,22.3,276.0,18.453426,79.1683
TS-KRM,2022-07-12,24.1,25.1,23.7,88,90,134.6,134.6,34.2,275,4.75,1.81,968.8,22.0,276.0,18.453426,79.1683
TS-KRM,2022-07-13,24.1,25.6,23.4,87,88,48.4,48.4,36.9,266,8.81,2.4,965.7,21.7,276.0,18.453426,79.1683
TS-KRM,2022-07-14,24.1,25.6,23.2,88,89,84.1,84.1,28.4,257,4.32,1.64,966.1,21.9,276.0,18.453426,79.1683
TS-KRM,2022-07-15,26.3,29.5,23.7,78,89,19.1,19.1,27.5,253,13.27,3.55,969.1,22.1,276.0,18.453426,79.1683
TS-KRM,2022-07-16,27.4,31.4,24.7,76,87,4.1,4.1,19.1,259,16.03,4.03,970.8,22.7,276.0,18.453426,79.1683
TS-KRM,2022-07-17,25.6,27.0,24.9,89,92,34.1,34.1,18.6,261,5.22,1.59,971.2,23.6,276.0,18.453426,79.1683
TS-KRM,2022-07-18,26.5,30.7,24.4,80,91,15.4,15.4,26.3,255,16.39,3.98,971.6,22.7,276.0,18.453426,79.1683
TS-KRM,2022-07-19,27.7,32.1,24.2,73,87,0.4,0.4,21.9,257,22.73,5.38,973.4,22.3,276.0,18.453426,79.1683
TS-KRM,2022-07-20,27.9,32.0,24.5,76,89,0.0,0.0,17.1,275,24.29,5.34,973.7,23.2,276.0,18.453426,79.1683
TS-KRM,2022-07-21,26.5,29.9,24.3,82,92,8.1,8.1,21.6,270,16.16,3.69,974.0,23.1,276.0,18.453426,79.1683
TS-KRM,2022-07-22,26.3,29.7,24.5,84,94,15.5,15.5,20.0,277,14.47,3.32,973.8,23.3,276.0,18.453426,79.1683
TS-KRM,2022-07-23,24.9,26.3,24.1,90,93,34.2,34.2,19.9,262,6.9,1.69,972.5,23.1,276.0,18.453426,79.1683
TS-KRM,2022-07-24,25.5,28.5,23.9,85,91,11.0,11.0,19.4,252,8.5,2.25,972.9,22.7,276.0,18.453426,79.1683
TS-KRM,2022-07-25,25.7,29.7,23.8,86,94,24.5,24.5,13.3,255,13.76,3.01,974.8,23.0,276.0,18.453426,79.1683
TS-KRM,2022-07-26,26.0,29.9,24.1,86,95,14.7,14.7,15.5,281,16.52,3.51,976.1,23.3,276.0,18.453426,79.1683
TS-KRM,2022-07-27,26.7,30.5,23.6,83,95,1.7,1.7,10.4,293,21.62,4.46,976.2,23.4,276.0,18.453426,79.1683
TS-KRM,2022-07-28,27.5,31.3,23.9,81,97,9.8,9.8,6.6,238,22.82,4.77,977.2,23.6,276.0,18.453426,79.1683
TS-KRM,2022-07-29,27.3,31.3,23.9,82,94,13.1,13.1,8.8,270,22.49,4.74,976.6,23.8,276.0,18.453426,79.1683
TS-KRM,2022-07-30,27.2,30.4,24.1,83,97,2.2,2.2,19.2,249,19.53,4.12,975.3,23.9,276.0,18.453426,79.1683
TS-KRM,2022-07-31,27.6,31.2,24.5,84,96,10.2,10.2,7.5,265,22.66,4.78,973.4,24.5,276.0,18.453426,79.1683
TS-KRM,2022-08-01,27.7,31.5,25.0,82,93,3.6,3.6,11.7,294,21.92,4.61,973.3,24.3,276.0,18.453426,79.1683
TS-KRM,2022-08-02,28.6,31.9,25.3,79,94,0.2,0.2,9.2,326,20.68,4.55,972.1,24.3,276.0,18.453426,79.1683
TS-KRM,2022-08-03,27.6,31.0,25.5,84,95,5.5,5.5,8.1,281,20.04,4.18,971.7,24.5,276.0,18.453426,79.1683
TS-KRM,2022-08-04,27.1,31.1,24.2,83,96,5.1,5.1,15.5,227,20.79,4.4,971.6,23.7,276.0,18.453426,79.1683
TS-KRM,2022-08-05,26.7,30.7,24.9,84,93,22.3,22.3,15.8,221,19.81,4.19,970.8,23.7,276.0,18.453426,79.1683
TS-KRM,2022-08-06,26.9,30.2,24.8,82,93,15.2,15.2,15.6,254,14.47,3.34,969.5,23.4,276.0,18.453426,79.1683
TS-KRM,2022-08-07,26.1,29.6,24.6,86,91,11.6,11.6,21.0,272,11.78,2.78,968.1,23.6,276.0,18.453426,79.1683
TS-KRM,2022-08-08,24.9,26.0,24.1,89,91,21.4,21.4,23.4,265,6.56,1.85,966.6,22.9,276.0,18.453426,79.1683
TS-KRM,2022-08-09,25.2,27.2,24.0,85,90,14.1,14.1,26.2,254,7.34,2.32,966.8,22.4,276.0,18.453426,79.1683
TS-KRM,2022-08-10,26.5,30.9,23.7,75,87,7.8,7.8,30.3,247,17.06,4.55,966.9,21.6,276.0,18.453426,79.1683
TS-KRM,2022-08-11,27.6,30.7,25.3,70,80,0.2,0.2,23.9,235,17.47,4.8,969.6,21.6,276.0,18.453426,79.1683
TS-KRM,2022-08-12,28.0,31.9,25.4,69,78,0.7,0.7,26.3,248,18.76,5.1,971.8,21.7,276.0,18.453426,79.1683
TS-KRM,2022-08-13,27.5,31.1,24.7,72,90,7.4,7.4,25.9,260,18.54,4.9,972.5,21.9,276.0,18.453426,79.1683
TS-KRM,2022-08-14,24.7,25.6,24.3,89,92,30.9,30.9,24.4,267,3.67,1.38,972.9,22.8,276.0,18.453426,79.1683
TS-KRM,2022-08-15,25.5,28.5,23.9,83,90,15.7,15.7,26.5,252,11.07,2.95,973.6,22.3,276.0,18.453426,79.1683
TS-KRM,2022-08-16,27.4,31.8,23.7,72,89,0.0,0.0,18.9,229,22.48,5.28,975.4,21.7,276.0,18.453426,79.1683
TS-KRM,2022-08-17,27.7,32.1,24.2,74,86,0.1,0.1,15.6,247,23.95,5.39,975.7,22.4,276.0,18.453426,79.1683
TS-KRM,2022-08-18,28.1,32.2,24.9,72,84,0.8,0.8,18.9,282,24.08,5.62,974.7,22.3,276.0,18.453426,79.1683
TS-KRM,2022-08-19,27.9,30.7,25.9,73,80,0.0,0.0,21.6,288,19.21,4.84,974.2,22.5,276.0,18.453426,79.1683
TS-KRM,2022-08-20,27.8,31.3,26.0,72,78,0.2,0.2,23.1,282,22.61,5.59,973.4,22.3,276.0,18.453426,79.1683
TS-KRM,2022-08-21,27.7,31.4,25.2,70,79,0.0,0.0,24.2,275,21.62,5.47,972.2,21.6,276.0,18.453426,79.1683
TS-KRM,2022-08-22,27.7,31.6,25.4,69,79,0.7,0.7,24.5,260,21.83,5.41,971.8,21.4,276.0,18.453426,79.1683
TS-KRM,2022-08-23,27.9,32.4,24.7,73,88,0.2,0.2,17.2,268,23.9,5.46,973.2,22.2,276.0,18.453426,79.1683
TS-KRM,2022-08-24,28.2,31.9,25.4,74,89,0.4,0.4,16.9,277,22.41,5.14,975.4,22.9,276.0,18.453426,79.1683
TS-KRM,2022-08-25,27.4,31.0,24.5,77,93,4.9,4.9,18.8,296,20.66,4.61,975.1,22.9,276.0,18.453426,79.1683
TS-KRM,2022-08-26,27.8,31.8,24.3,76,96,0.1,0.1,12.4,308,23.58,5.22,974.4,22.9,276.0,18.453426,79.1683
TS-KRM,2022-08-27,28.3,32.3,24.9,73,90,0.0,0.0,15.4,306,21.57,4.99,974.2,22.6,276.0,18.453426,79.1683
TS-KRM,2022-08-28,28.5,32.5,25.3,69,84,0.4,0.4,14.6,303,22.32,5.23,974.1,22.1,276.0,18.453426,79.1683
TS-KRM,2022-08-29,27.5,30.8,24.9,80,94,10.9,10.9,7.7,300,17.4,3.72,976.0,23.7,276.0,18.453426,79.1683
TS-KRM,2022-08-30,27.5,31.8,23.6,80,96,8.7,8.7,11.2,131,22.06,4.67,976.9,23.5,276.0,18.453426,79.1683
TS-KRM,2022-08-31,26.8,31.3,24.0,83,94,21.0,21.0,9.7,162,19.89,4.12,976.3,23.6,276.0,18.453426,79.1683
TS-KRM,2022-09-01,27.5,31.2,24.2,81,94,7.2,7.2,14.0,173,21.62,4.62,976.3,23.8,276.0,18.453426,79.1683
TS-KRM,2022-09-02,28.1,32.0,24.6,76,93,0.2,0.2,11.6,154,23.55,5.11,977.0,23.2,276.0,18.453426,79.1683
TS-KRM,2022-09-03,28.6,32.5,25.2,78,91,0.7,0.7,8.6,183,22.9,4.94,976.3,24.1,276.0,18.453426,79.1683
TS-KRM,2022-09-04,26.8,30.5,24.1,83,92,6.6,6.6,17.8,288,16.34,3.57,975.8,23.5,276.0,18.453426,79.1683
TS-KRM,2022-09-05,27.5,30.7,24.7,81,93,4.9,4.9,9.7,294,21.16,4.49,975.6,23.9,276.0,18.453426,79.1683
TS-KRM,2022-09-06,27.8,31.1,24.7,81,96,0.1,0.1,7.6,290,21.17,4.45,975.1,24.2,276.0,18.453426,79.1683
TS-KRM,2022-09-07,26.9,31.1,24.3,85,94,7.5,7.5,11.6,295,18.87,3.97,975.1,24.1,276.0,18.453426,79.1683
TS-KRM,2022-09-08,26.2,30.0,24.6,87,97,19.6,19.6,11.5,339,15.38,3.2,974.3,23.8,276.0,18.453426,79.1683
TS-KRM,2022-09-09,26.0,28.8,24.0,89,96,13.6,13.6,11.3,310,12.64,2.61,973.7,24.1,276.0,18.453426,79.1683
TS-KRM,2022-09-10,25.8,28.4,24.5,89,96,29.5,29.5,16.1,312,9.93,2.17,972.3,23.9,276.0,18.453426,79.1683
TS-KRM,2022-09-11,24.8,25.9,24.0,92,95,46.3,46.3,21.3,271,4.17,1.21,970.3,23.4,276.0,18.453426,79.1683
TS-KRM,2022-09-12,26.3,29.8,24.2,82,90,10.5,10.5,22.6,232,11.6,3.03,970.0,23.0,276.0,18.453426,79.1683
TS-KRM,2022-09-13,27.2,30.5,24.7,76,86,0.2,0.2,24.1,223,14.46,3.87,972.9,22.5,276.0,18.453426,79.1683
TS-KRM,2022-09-14,27.6,31.6,25.0,72,82,0.1,0.1,23.2,228,22.68,5.34,975.8,22.0,276.0,18.453426,79.1683
TS-KRM,2022-09-15,27.5,31.4,25.0,72,81,0.0,0.0,22.7,239,19.59,4.84,976.5,22.0,276.0,18.453426,79.1683
TS-KRM,2022-09-16,27.6,31.5,24.8,72,81,0.3,0.3,24.4,251,20.05,4.98,974.5,21.9,276.0,18.453426,79.1683
TS-KRM,2022-09-17,27.1,31.4,24.8,78,92,1.6,1.6,20.1,274,20.65,4.64,974.9,22.7,276.0,18.453426,79.1683
TS-KRM,2022-09-18,26.9,30.6,24.3,81,90,6.6,6.6,16.5,288,20.55,4.34,975.9,23.3,276.0,18.453426,79.1683
TS-KRM,2022-09-19,25.8,29.8,24.0,85,94,17.4,17.4,15.1,275,12.56,2.85,975.5,23.0,276.0,18.453426,79.1683
TS-KRM,2022-09-20,26.3,29.2,23.9,82,93,0.6,0.6,19.7,281,11.97,3.03,974.3,22.8,276.0,18.453426,79.1683
TS-KRM,2022-09-21,26.7,29.4,24.5,79,88,0.7,0.7,21.5,280,16.92,3.93,974.3,22.7,276.0,18.453426,79.1683
TS-KRM,2022-09-22,26.4,30.0,24.1,80,89,0.8,0.8,19.5,275,18.57,4.2,975.2,22.5,276.0,18.453426,79.1683
TS-KRM,2022-09-23,26.6,30.2,24.1,76,89,0.3,0.3,18.1,269,21.06,4.7,976.2,21.8,276.0,18.453426,79.1683
TS-KRM,2022-09-24,26.6,30.5,23.3,75,86,0.2,0.2,11.6,277,22.23,4.86,976.3,21.6,276.0,18.453426,79.1683
TS-KRM,2022-09-25,26.8,30.8,23.2,78,92,0.6,0.6,8.6,304,22.23,4.68,976.0,22.3,276.0,18.453426,79.1683
TS-KRM,2022-09-26,26.6,30.5,23.6,83,94,8.1,8.1,8.1,326,18.25,3.85,976.7,23.4,276.0,18.453426,79.1683
TS-KRM,2022-09-27,26.1,29.8,23.8,87,95,15.4,15.4,14.6,310,17.76,3.6,975.8,23.7,276.0,18.453426,79.1683
TS-KRM,2022-09-28,26.3,30.1,24.2,86,95,20.8,20.8,16.4,327,18.04,3.71,974.7,23.7,276.0,18.453426,79.1683
TS-KRM,2022-09-29,25.5,28.6,23.4,89,97,24.0,24.0,13.5,299,13.2,2.71,974.6,23.5,276.0,18.453426,79.1683
TS-KRM,2022-09-30,26.6,30.6,23.9,84,94,6.2,6.2,14.3,345,18.93,3.94,974.7,23.6,276.0,18.453426,79.1683
TS-KRM,2022-10-01,27.2,31.2,24.6,76,94,0.3,0.3,19.6,319,18.84,4.29,974.6,22.4,276.0,18.453426,79.1683
TS-KRM,2022-10-02,27.8,31.6,25.1,68,82,1.0,1.0,20.5,318,20.61,5.28,974.5,21.2,276.0,18.453426,79.1683
TS-KRM,2022-10-03,27.9,32.1,25.0,64,73,0.0,0.0,21.0,328,21.2,5.67,974.7,20.3,276.0,18.453426,79.1683
TS-KRM,2022-10-04,27.0,31.1,24.8,73,91,0.2,0.2,18.4,338,16.74,4.26,974.8,21.5,276.0,18.453426,79.1683
TS-KRM,2022-10-05,25.8,29.8,23.8,87,96,20.2,20.2,12.1,53,12.96,2.75,974.9,23.4,276.0,18.453426,79.1683
TS-KRM,2022-10-06,24.6,27.5,23.1,90,98,27.6,27.6,15.8,118,8.14,1.79,974.6,22.8,276.0,18.453426,79.1683
TS-KRM,2022-10-07,25.6,29.5,23.1,84,96,2.2,2.2,20.2,138,18.95,3.97,975.6,22.5,276.0,18.453426,79.1683
TS-KRM,2022-10-08,26.0,29.9,23.3,85,94,7.2,7.2,13.0,167,19.99,4.12,977.7,23.1,276.0,18.453426,79.1683
TS-KRM,2022-10-09,25.8,30.1,22.7,85,97,6.4,6.4,13.1,153,18.3,3.82,978.3,22.9,276.0,18.453426,79.1683
TS-KRM,2022-10-10,25.3,29.1,23.1,88,96,4.9,4.9,16.3,125,14.73,3.0,979.5,23.0,276.0,18.453426,79.1683
TS-KRM,2022-10-11,26.3,29.9,23.6,81,96,1.2,1.2,15.7,156,18.97,4.07,978.9,22.6,276.0,18.453426,79.1683
TS-KRM,2022-10-12,26.2,29.6,23.6,83,94,10.9,10.9,12.6,180,19.19,3.98,979.1,23.0,276.0,18.453426,79.1683
TS-KRM,2022-10-13,25.7,29.5,23.0,86,97,1.5,1.5,9.4,8,16.94,3.46,979.2,23.0,276.0,18.453426,79.1683
TS-KRM,2022-10-14,25.6,29.5,23.1,86,97,6.8,6.8,10.8,10,14.74,3.07,978.6,23.0,276.0,18.453426,79.1683
TS-KRM,2022-10-15,25.4,29.8,22.6,87,97,20.7,20.7,12.5,17,16.83,3.43,977.7,22.9,276.0,18.453426,79.1683
TS-KRM,2022-10-16,25.1,28.0,22.2,88,98,7.2,7.2,11.9,110,13.42,2.72,979.9,22.8,276.0,18.453426,79.1683
TS-KRM,2022-10-17,26.5,30.3,23.1,84,96,2.7,2.7,9.9,104,19.86,4.06,980.9,23.3,276.0,18.453426,79.1683
TS-KRM,2022-10-18,25.5,29.3,22.7,86,97,0.8,0.8,14.8,353,15.9,3.25,980.3,22.9,276.0,18.453426,79.1683
TS-KRM,2022-10-19,25.9,29.7,23.6,85,94,0.5,0.5,10.6,14,18.82,3.79,979.6,23.1,276.0,18.453426,79.1683
TS-KRM,2022-10-20,25.2,29.7,22.4,85,95,6.0,6.0,11.8,162,17.43,3.48,980.8,22.3,276.0,18.453426,79.1683
TS-KRM,2022-10-21,25.5,29.9,21.9,74,98,0.0,0.0,13.3,36,20.83,4.54,982.2,20.1,276.0,18.453426,79.1683
TS-KRM,2022-10-22,24.1,29.0,20.0,61,77,0.0,0.0,18.6,22,21.73,5.04,983.0,15.8,276.0,18.453426,79.1683
TS-KRM,2022-10-23,23.9,29.5,20.0,60,74,0.0,0.0,17.4,355,21.88,5.13,981.0,15.2,276.0,18.453426,79.1683
TS-KRM,2022-10-24,23.9,29.7,19.1,57,81,0.0,0.0,17.9,326,21.89,5.28,978.6,14.4,276.0,18.453426,79.1683
TS-KRM,2022-10-25,23.8,29.8,18.4,64,87,0.0,0.0,9.3,299,21.93,4.63,979.4,15.7,276.0,18.453426,79.1683
TS-KRM,2022-10-26,23.9,29.6,18.3,66,97,0.0,0.0,9.8,358,21.62,4.63,981.6,16.2,276.0,18.453426,79.1683
TS-KRM,2022-10-27,23.7,29.5,18.7,63,85,0.0,0.0,9.5,5,21.23,4.61,981.8,15.7,276.0,18.453426,79.1683
TS-KRM,2022-10-28,23.5,29.7,18.2,56,76,0.0,0.0,11.7,8,21.4,5.11,981.1,13.6,276.0,18.453426,79.1683
TS-KRM,2022-10-29,23.1,29.3,17.6,56,80,0.0,0.0,11.8,21,21.62,4.96,981.2,13.3,276.0,18.453426,79.1683
TS-KRM,2022-10-30,23.2,29.0,17.5,56,77,0.0,0.0,10.8,33,21.3,4.82,981.3,13.6,276.0,18.453426,79.1683
TS-KRM,2022-10-31,23.2,28.2,17.4,59,81,0.0,0.0,12.0,17,20.88,4.55,981.2,14.5,276.0,18.453426,79.1683
TS-KRM,2022-11-01,23.5,28.9,18.6,68,89,0.0,0.0,10.1,350,17.96,3.85,981.8,17.0,276.0,18.453426,79.1683
TS-KRM,2022-11-02,24.5,29.3,20.9,75,91,0.0,0.0,11.7,32,13.2,3.11,980.9,19.6,276.0,18.453426,79.1683
TS-KRM,2022-11-03,25.0,30.2,21.1,67,86,0.0,0.0,13.0,24,19.76,4.55,980.8,18.1,276.0,18.453426,79.1683
TS-KRM,2022-11-04,24.8,30.0,19.1,63,80,0.0,0.0,10.2,28,20.06,4.34,982.1,17.1,276.0,18.453426,79.1683
TS-KRM,2022-11-05,24.6,30.7,18.1,61,97,0.0,0.0,10.5,8,20.73,4.47,983.3,15.8,276.0,18.453426,79.1683
TS-KRM,2022-11-06,24.4,30.8,18.7,63,92,0.0,0.0,10.4,219,20.39,4.43,983.4,16.3,276.0,18.453426,79.1683
TS-KRM,2022-11-07,24.3,30.6,18.8,64,89,0.0,0.0,8.3,243,20.16,4.41,982.7,16.5,276.0,18.453426,79.1683
TS-KRM,2022-11-08,24.1,30.4,18.2,63,91,0.0,0.0,9.5,283,20.01,4.35,982.4,15.9,276.0,18.453426,79.1683
TS-KRM,2022-11-09,23.4,29.4,18.1,56,85,0.0,0.0,11.2,18,20.31,4.51,982.4,13.4,276.0,18.453426,79.1683
TS-KRM,2022-11-10,23.3,29.4,18.0,58,81,0.0,0.0,11.4,22,20.09,4.64,982.6,14.1,276.0,18.453426,79.1683
TS-KRM,2022-11-11,23.9,29.7,17.9,58,82,0.0,0.0,15.9,28,19.82,4.87,982.6,14.7,276.0,18.453426,79.1683
TS-KRM,2022-11-12,23.9,29.5,18.5,56,77,0.0,0.0,12.8,32,19.39,4.65,982.7,14.3,276.0,18.453426,79.1683
TS-KRM,2022-11-13,23.4,29.2,18.4,62,80,0.0,0.0,10.4,52,19.62,4.43,982.4,15.4,276.0,18.453426,79.1683
TS-KRM,2022-11-14,23.1,29.7,17.3,59,78,0.0,0.0,11.0,35,19.7,4.31,982.7,14.2,276.0,18.453426,79.1683
TS-KRM,2022-11-15,23.1,29.5,18.3,60,87,0.0,0.0,10.8,349,19.84,4.37,982.5,14.1,276.0,18.453426,79.1683
TS-KRM,2022-11-16,22.7,29.2,16.4,57,88,0.0,0.0,11.1,356,19.99,4.33,981.3,12.9,276.0,18.453426,79.1683
TS-KRM,2022-11-17,22.2,29.1,16.3,55,85,0.0,0.0,12.7,6,19.82,4.76,980.9,11.8,276.0,18.453426,79.1683
TS-KRM,2022-11-18,22.5,28.6,16.8,54,77,0.0,0.0,16.0,13,19.32,4.79,981.5,12.3,276.0,18.453426,79.1683
TS-KRM,2022-11-19,21.7,27.5,17.1,54,71,0.0,0.0,12.6,18,19.34,4.63,981.7,11.5,276.0,18.453426,79.1683
TS-KRM,2022-11-20,20.9,26.6,15.7,53,75,0.0,0.0,10.8,358,19.42,4.38,980.5,10.6,276.0,18.453426,79.1683
TS-KRM,2022-11-21,23.7,29.1,17.9,50,68,0.0,0.0,12.1,8,18.19,4.5,979.7,12.5,276.0,18.453426,79.1683
TS-KRM,2022-11-22,25.0,30.0,21.1,55,70,0.0,0.0,12.2,18,17.92,4.57,979.9,14.9,276.0,18.453426,79.1683
TS-KRM,2022-11-23,25.5,30.6,20.5,61,77,0.0,0.0,10.1,16,17.83,4.1,980.5,17.2,276.0,18.453426,79.1683
TS-KRM,2022-11-24,25.2,30.1,21.0,62,88,0.0,0.0,9.0,33,17.95,4.17,980.8,16.8,276.0,18.453426,79.1683
TS-KRM,2022-11-25,24.2,29.9,19.7,56,69,0.0,0.0,10.0,24,18.04,4.41,981.6,14.6,276.0,18.453426,79.1683
TS-KRM,2022-11-26,23.1,29.1,18.2,53,69,0.0,0.0,10.8,23,18.65,4.31,980.6,12.6,276.0,18.453426,79.1683
TS-KRM,2022-11-27,23.1,29.2,19.4,49,60,0.0,0.0,10.4,23,18.73,4.27,978.6,11.4,276.0,18.453426,79.1683
TS-KRM,2022-11-28,22.3,29.0,16.8,53,92,0.0,0.0,12.1,45,18.81,4.09,979.2,11.4,276.0,18.453426,79.1683
TS-KRM,2022-11-29,22.0,28.5,16.9,60,90,0.0,0.0,9.9,32,18.77,4.01,980.4,12.8,276.0,18.453426,79.1683
TS-KRM,2022-11-30,22.2,28.8,15.8,58,89,0.0,0.0,9.8,28,18.52,4.04,981.6,12.8,276.0,18.453426,79.1683
TS-KRM,2022-12-01,23.7,29.6,17.4,58,77,0.0,0.0,10.2,15,17.79,4.02,981.2,14.4,276.0,18.453426,79.1683
TS-KRM,2022-12-02,24.4,30.0,19.2,67,90,0.0,0.0,7.2,212,16.77,3.58,980.6,17.3,276.0,18.453426,79.1683
TS-KRM,2022-12-03,24.7,30.7,19.5,71,94,0.0,0.0,8.9,76,17.29,3.73,980.9,18.5,276.0,18.453426,79.1683
TS-KRM,2022-12-04,24.6,30.8,20.1,66,95,0.0,0.0,10.8,21,17.74,4.11,981.6,17.0,276.0,18.453426,79.1683
TS-KRM,2022-12-05,23.8,29.3,17.8,58,91,0.0,0.0,10.7,40,17.52,4.04,982.5,14.4,276.0,18.453426,79.1683
TS-KRM,2022-12-06,23.5,29.9,17.4,57,87,0.0,0.0,11.3,18,18.23,4.25,981.8,13.8,276.0,18.453426,79.1683
TS-KRM,2022-12-07,22.8,28.9,16.8,59,83,0.0,0.0,14.2,17,16.77,4.18,980.9,13.7,276.0,18.453426,79.1683
TS-KRM,2022-12-08,21.3,26.9,16.6,50,75,0.0,0.0,18.1,13,17.05,4.45,980.6,9.6,276.0,18.453426,79.1683
TS-KRM,2022-12-09,21.7,27.6,15.4,48,65,0.0,0.0,12.5,22,16.7,4.19,979.1,9.9,276.0,18.453426,79.1683
TS-KRM,2022-12-10,23.3,27.6,19.7,64,84,0.8,0.8,12.2,40,10.26,2.79,978.8,15.9,276.0,18.453426,79.1683
TS-KRM,2022-12-11,23.4,28.1,21.3,87,97,19.9,19.9,14.3,94,11.26,2.37,979.9,21.0,276.0,18.453426,79.1683
TS-KRM,2022-12-12,24.0,28.1,20.3,81,100,0.3,0.3,13.7,111,14.65,3.15,980.4,20.2,276.0,18.453426,79.1683
TS-KRM,2022-12-13,24.4,28.4,21.5,83,96,0.0,0.0,10.6,129,12.82,2.74,981.5,21.1,276.0,18.453426,79.1683
TS-KRM,2022-12-14,24.9,29.6,21.0,80,97,0.0,0.0,9.1,141,15.9,3.37,981.8,20.8,276.0,18.453426,79.1683
TS-KRM,2022-12-15,25.1,29.9,21.2,76,97,0.1,0.1,7.8,143,15.88,3.39,981.0,20.3,276.0,18.453426,79.1683
TS-KRM,2022-12-16,25.6,30.5,21.3,73,94,0.1,0.1,8.7,280,16.28,3.41,980.2,19.9,276.0,18.453426,79.1683
TS-KRM,2022-12-17,25.5,31.0,21.0,66,89,0.0,0.0,10.8,10,16.15,3.92,981.0,18.1,276.0,18.453426,79.1683
TS-KRM,2022-12-18,23.0,28.8,18.4,60,90,0.0,0.0,9.8,37,17.66,3.96,981.1,13.9,276.0,18.453426,79.1683
TS-KRM,2022-12-19,21.8,28.3,16.5,61,90,0.0,0.0,10.0,31,17.62,3.77,980.4,13.1,276.0,18.453426,79.1683
TS-KRM,2022-12-20,21.8,29.3,16.8,66,92,0.0,0.0,10.2,231,17.49,3.72,979.8,14.2,276.0,18.453426,79.1683
TS-KRM,2022-12-21,22.2,29.9,15.7,64,96,0.0,0.0,9.2,256,17.61,3.59,980.2,14.0,276.0,18.453426,79.1683
TS-KRM,2022-12-22,22.2,28.9,17.8,62,87,0.0,0.0,10.3,112,17.52,3.82,980.0,13.9,276.0,18.453426,79.1683
TS-KRM,2022-12-23,22.0,30.2,16.1,65,90,0.0,0.0,11.0,242,17.73,3.97,979.8,13.9,276.0,18.453426,79.1683
TS-KRM,2022-12-24,22.0,30.1,15.9,65,90,0.0,0.0,10.5,181,17.71,3.91,980.6,14.3,276.0,18.453426,79.1683
TS-KRM,2022-12-25,22.3,29.8,16.3,66,89,0.0,0.0,13.1,171,17.69,4.04,981.5,14.7,276.0,18.453426,79.1683
TS-KRM,2022-12-26,23.3,28.7,17.5,76,96,0.0,0.0,14.7,166,11.46,2.66,983.0,18.6,276.0,18.453426,79.1683
TS-KRM,2022-12-27,25.0,30.4,20.8,74,95,0.1,0.1,9.9,172,15.87,3.43,983.6,19.6,276.0,18.453426,79.1683
TS-KRM,2022-12-28,25.2,31.3,19.9,70,93,0.0,0.0,7.9,208,15.99,3.43,984.1,18.8,276.0,18.453426,79.1683
TS-KRM,2022-12-29,25.2,30.7,20.3,65,90,0.0,0.0,9.7,60,16.71,3.65,985.3,17.9,276.0,18.453426,79.1683
TS-KRM,2022-12-30,25.1,30.6,20.3,61,84,0.0,0.0,11.0,249,17.19,3.91,985.9,16.5,276.0,18.453426,79.1683
TS-KRM,2022-12-31,24.7,31.7,18.8,59,90,0.0,0.0,10.3,289,17.12,4.04,984.5,15.2,276.0,18.453426,79.1683
TS-KRM,2023-01-01,24.7,30.3,18.9,58,93,0.0,0.0,10.6,275,17.09,3.92,984.3,15.4,276.0,18.453426,79.1683
TS-KRM,2023-01-02,24.4,29.5,19.4,59,79,0.0,0.0,8.7,75,17.06,3.67,984.7,15.3,276.0,18.453426,79.1683
TS-KRM,2023-01-03,23.8,29.3,18.5,68,92,0.1,0.1,9.7,83,16.06,3.38,984.9,17.0,276.0,18.453426,79.1683
TS-KRM,2023-01-04,23.9,29.1,19.7,69,84,0.1,0.1,13.2,124,16.02,3.54,984.2,17.4,276.0,18.453426,79.1683
TS-KRM,2023-01-05,21.8,24.8,19.3,82,92,6.2,6.2,9.7,48,7.62,1.62,985.9,18.6,276.0,18.453426,79.1683
TS-KRM,2023-01-06,23.6,28.9,19.5,69,95,0.1,0.1,10.9,27,15.8,3.53,986.7,17.1,276.0,18.453426,79.1683
TS-KRM,2023-01-07,21.8,27.6,17.2,60,80,0.0,0.0,11.0,22,17.82,4.04,986.0,13.2,276.0,18.453426,79.1683
TS-KRM,2023-01-08,19.7,26.5,13.7,57,90,0.0,0.0,11.3,13,18.87,3.9,984.8,9.4,276.0,18.453426,79.1683
TS-KRM,2023-01-09,20.2,27.5,13.9,54,91,0.0,0.0,10.6,351,18.64,3.91,985.5,9.3,276.0,18.453426,79.1683
TS-KRM,2023-01-10,20.8,28.9,13.8,59,90,0.0,0.0,9.5,309,18.64,4.01,984.7,10.9,276.0,18.453426,79.1683
TS-KRM,2023-01-11,20.7,28.9,14.3,62,89,0.0,0.0,10.5,213,18.6,3.88,982.4,12.1,276.0,18.453426,79.1683
TS-KRM,2023-01-12,22.4,30.0,15.6,58,88,0.0,0.0,9.3,239,18.43,3.8,980.9,12.3,276.0,18.453426,79.1683
TS-KRM,2023-01-13,22.0,29.7,16.0,63,90,0.0,0.0,10.1,229,18.35,3.95,981.4,13.7,276.0,18.453426,79.1683
TS-KRM,2023-01-14,22.7,29.7,16.3,63,91,0.0,0.0,9.2,257,18.47,3.9,981.5,14.2,276.0,18.453426,79.1683
TS-KRM,2023-01-15,23.5,29.8,18.5,61,90,0.0,0.0,9.1,162,18.46,3.93,980.8,14.9,276.0,18.453426,79.1683
TS-KRM,2023-01-16,23.8,30.3,17.5,58,86,0.0,0.0,12.6,160,18.46,4.33,981.2,14.3,276.0,18.453426,79.1683
TS-KRM,2023-01-17,23.6,30.7,17.5,55,80,0.0,0.0,13.8,169,18.63,4.52,981.8,13.4,276.0,18.453426,79.1683
TS-KRM,2023-01-18,23.3,30.2,17.4,61,91,0.0,0.0,9.1,171,18.53,4.09,983.5,14.5,276.0,18.453426,79.1683
TS-KRM,2023-01-19,23.2,29.7,17.5,62,91,0.0,0.0,11.6,158,18.61,4.25,983.8,14.6,276.0,18.453426,79.1683
TS-KRM,2023-01-20,23.3,29.7,18.2,62,85,0.0,0.0,10.5,175,18.67,4.31,983.2,14.9,276.0,18.453426,79.1683
TS-KRM,2023-01-21,23.6,29.7,19.0,60,85,0.0,0.0,12.6,178,18.8,4.3,982.8,14.8,276.0,18.453426,79.1683
TS-KRM,2023-01-22,23.1,29.8,17.1,60,88,0.0,0.0,11.9,171,19.1,4.43,981.8,14.2,276.0,18.453426,79.1683
TS-KRM,2023-01-23,23.2,29.2,18.0,66,93,0.0,0.0,11.0,172,18.67,4.16,981.6,15.9,276.0,18.453426,79.1683
TS-KRM,2023-01-24,23.1,29.9,18.8,59,92,0.0,0.0,13.4,161,19.0,4.64,981.7,13.6,276.0,18.453426,79.1683
TS-KRM,2023-01-25,22.7,29.6,17.4,63,94,0.0,0.0,15.0,161,18.99,4.42,981.6,14.4,276.0,18.453426,79.1683
TS-KRM,2023-01-26,22.7,30.0,17.3,62,94,0.0,0.0,9.8,165,19.56,4.31,981.9,13.7,276.0,18.453426,79.1683
TS-KRM,2023-01-27,22.6,30.8,16.5,65,93,0.0,0.0,11.1,208,19.39,4.09,982.0,14.4,276.0,18.453426,79.1683
TS-KRM,2023-01-28,23.5,31.2,17.0,59,85,0.0,0.0,9.9,201,19.4,4.45,980.8,13.8,276.0,18.453426,79.1683
TS-KRM,2023-01-29,24.2,30.3,17.5,59,87,0.0,0.0,13.3,170,19.11,4.44,980.1,14.9,276.0,18.453426,79.1683
TS-KRM,2023-01-30,24.4,30.2,18.7,59,88,0.0,0.0,15.8,146,19.17,4.71,982.0,15.4,276.0,18.453426,79.1683
TS-KRM,2023-01-31,24.4,31.2,18.8,65,92,0.0,0.0,9.2,291,18.46,4.09,981.6,16.4,276.0,18.453426,79.1683
TS-KRM,2023-02-01,24.6,31.0,20.2,52,73,0.0,0.0,16.4,18,19.42,5.18,981.7,13.5,276.0,18.453426,79.1683
TS-KRM,2023-02-02,23.1,30.1,18.1,41,69,0.0,0.0,16.1,23,20.29,5.47,982.4,7.6,276.0,18.453426,79.1683
TS-KRM,2023-02-03,22.8,30.4,16.1,37,79,0.0,0.0,11.8,19,20.43,5.08,982.5,6.3,276.0,18.453426,79.1683
TS-KRM,2023-02-04,23.2,30.9,16.7,47,76,0.0,0.0,9.8,322,20.51,4.56,981.3,9.7,276.0,18.453426,79.1683
TS-KRM,2023-02-05,23.1,30.6,16.0,45,74,0.0,0.0,9.2,316,20.93,4.57,980.8,8.7,276.0,18.453426,79.1683
TS-KRM,2023-02-06,23.1,31.0,15.4,53,88,0.0,0.0,11.0,217,20.61,4.57,980.5,11.5,276.0,18.453426,79.1683
TS-KRM,2023-02-07,24.6,31.8,17.9,56,89,0.0,0.0,10.5,193,19.41,4.53,979.7,14.1,276.0,18.453426,79.1683
TS-KRM,2023-02-08,25.8,32.7,19.0,53,86,0.0,0.0,10.5,314,20.19,4.59,980.7,14.7,276.0,18.453426,79.1683
TS-KRM,2023-02-09,25.1,32.8,17.4,53,93,0.0,0.0,9.4,246,20.96,4.47,981.1,13.2,276.0,18.453426,79.1683
TS-KRM,2023-02-10,24.1,33.3,16.8,52,87,0.0,0.0,10.8,244,20.99,4.87,981.8,11.9,276.0,18.453426,79.1683
TS-KRM,2023-02-11,24.8,34.0,17.7,49,76,0.0,0.0,9.3,245,21.15,4.81,981.9,11.7,276.0,18.453426,79.1683
TS-KRM,2023-02-12,25.5,33.3,18.7,39,69,0.0,0.0,15.1,358,21.25,6.09,983.0,9.4,276.0,18.453426,79.1683
TS-KRM,2023-02-13,23.6,31.7,16.8,39,66,0.0,0.0,13.8,21,21.83,5.85,983.6,7.2,276.0,18.453426,79.1683
TS-KRM,2023-02-14,23.0,31.6,16.0,40,75,0.0,0.0,11.9,347,21.88,5.64,982.8,7.2,276.0,18.453426,79.1683
TS-KRM,2023-02-15,23.8,33.1,15.8,44,85,0.0,0.0,11.6,341,21.75,5.5,981.2,8.8,276.0,18.453426,79.1683
TS-KRM,2023-02-16,25.1,33.7,17.4,36,63,0.0,0.0,13.5,350,21.8,5.84,981.2,7.7,276.0,18.453426,79.1683
TS-KRM,2023-02-17,25.3,33.0,19.1,35,58,0.0,0.0,12.0,347,21.74,5.58,981.3,8.3,276.0,18.453426,79.1683
TS-KRM,2023-02-18,24.6,31.8,17.6,50,76,0.0,0.0,10.2,220,21.64,4.97,981.6,12.5,276.0,18.453426,79.1683
TS-KRM,2023-02-19,24.9,32.1,17.7,54,86,0.0,0.0,9.5,218,21.59,4.99,981.9,13.9,276.0,18.453426,79.1683
TS-KRM,2023-02-20,25.8,33.8,19.0,49,78,0.0,0.0,11.8,232,22.01,5.24,981.5,12.9,276.0,18.453426,79.1683
TS-KRM,2023-02-21,25.9,35.4,18.5,44,70,0.0,0.0,12.0,220,22.28,5.43,981.5,11.1,276.0,18.453426,79.1683
TS-KRM,2023-02-22,26.0,34.9,19.5,41,63,0.0,0.0,11.8,199,22.28,5.55,980.8,10.7,276.0,18.453426,79.1683
TS-KRM,2023-02-23,25.7,34.2,18.2,46,74,0.0,0.0,11.0,199,22.16,5.43,980.9,12.0,276.0,18.453426,79.1683
TS-KRM,2023-02-24,26.2,35.2,18.8,44,76,0.0,0.0,10.9,246,22.49,5.42,981.9,10.9,276.0,18.453426,79.1683
TS-KRM,2023-02-25,26.1,35.3,19.0,40,72,0.0,0.0,12.0,96,22.59,5.93,983.2,9.2,276.0,18.453426,79.1683
TS-KRM,2023-02-26,26.0,35.0,17.6,40,68,0.0,0.0,11.9,189,22.49,5.82,984.2,9.7,276.0,18.453426,79.1683
TS-KRM,2023-02-27,26.6,34.3,19.1,37,63,0.0,0.0,12.1,179,22.32,5.84,984.5,9.8,276.0,18.453426,79.1683
TS-KRM,2023-02-28,27.2,34.4,21.3,38,59,0.0,0.0,15.1,163,22.08,6.28,984.6,10.6,276.0,18.453426,79.1683
TS-KRM,2023-03-01,27.5,34.2,20.5,35,53,0.0,0.0,16.9,165,22.48,6.52,985.1,10.0,276.0,18.453426,79.1683
TS-KRM,2023-03-02,27.3,34.8,20.2,35,58,0.0,0.0,11.9,175,22.64,6.01,985.1,9.4,276.0,18.453426,79.1683
TS-KRM,2023-03-03,27.3,35.3,19.6,39,69,0.0,0.0,13.7,159,21.74,5.77,985.4,11.0,276.0,18.453426,79.1683
TS-KRM,2023-03-04,28.1,35.6,21.0,32,50,0.0,0.0,12.6,175,22.58,6.02,985.5,9.1,276.0,18.453426,79.1683
TS-KRM,2023-03-05,27.6,35.6,20.3,35,62,0.0,0.0,10.0,179,22.78,5.83,984.9,9.8,276.0,18.453426,79.1683
TS-KRM,2023-03-06,28.0,35.1,20.3,37,65,0.0,0.0,10.5,206,22.31,5.76,983.0,10.6,276.0,18.453426,79.1683
TS-KRM,2023-03-07,27.4,33.1,22.7,39,54,0.0,0.0,19.2,347,22.06,6.45,984.1,11.8,276.0,18.453426,79.1683
TS-KRM,2023-03-08,27.2,33.9,20.2,42,70,0.0,0.0,8.9,34,22.13,5.34,983.4,12.2,276.0,18.453426,79.1683
TS-KRM,2023-03-09,27.4,34.4,20.0,38,68,0.0,0.0,10.3,212,22.27,5.5,982.4,10.8,276.0,18.453426,79.1683
TS-KRM,2023-03-10,27.6,34.0,20.7,36,67,0.0,0.0,13.2,219,22.72,5.91,982.0,10.0,276.0,18.453426,79.1683
TS-KRM,2023-03-11,27.6,34.8,20.9,40,61,0.0,0.0,11.0,158,22.48,5.87,982.0,11.9,276.0,18.453426,79.1683
TS-KRM,2023-03-12,27.4,35.0,20.9,43,74,0.0,0.0,11.3,160,22.97,5.92,981.9,12.4,276.0,18.453426,79.1683
TS-KRM,2023-03-13,27.8,35.3,20.1,42,72,0.0,0.0,10.6,184,20.98,5.55,980.6,12.0,276.0,18.453426,79.1683
TS-KRM,2023-03-14,28.0,35.4,21.2,34,56,0.0,0.0,10.9,206,20.95,5.64,978.6,9.4,276.0,18.453426,79.1683
TS-KRM,2023-03-15,27.8,35.1,20.7,36,53,0.0,0.0,11.5,136,21.35,5.8,978.1,10.7,276.0,18.453426,79.1683
TS-KRM,2023-03-16,26.2,32.7,20.7,59,84,2.8,2.8,14.2,112,17.62,4.42,980.0,16.8,276.0,18.453426,79.1683
TS-KRM,2023-03-17,23.9,28.0,20.4,75,96,13.3,13.3,19.1,140,16.88,3.77,980.7,19.0,276.0,18.453426,79.1683
TS-KRM,2023-03-18,22.2,27.4,19.1,85,98,20.4,20.4,14.4,171,13.41,2.74,979.3,19.5,276.0,18.453426,79.1683
TS-KRM,2023-03-19,23.9,29.5,19.5,73,96,1.6,1.6,11.4,188,22.04,4.56,977.4,18.2,276.0,18.453426,79.1683
TS-KRM,2023-03-20,24.6,29.5,21.0,74,95,0.4,0.4,15.6,177,20.01,4.36,976.5,19.2,276.0,18.453426,79.1683
TS-KRM,2023-03-21,25.8,32.4,19.9,64,96,0.0,0.0,12.4,217,22.25,5.07,976.9,17.2,276.0,18.453426,79.1683
TS-KRM,2023-03-22,26.9,33.2,19.7,54,84,0.0,0.0,12.0,253,21.86,5.59,977.4,15.7,276.0,18.453426,79.1683
TS-KRM,2023-03-23,27.0,32.9,20.8,58,80,0.1,0.1,15.3,70,21.35,5.16,977.5,17.6,276.0,18.453426,79.1683
TS-KRM,2023-03-24,27.6,33.7,21.4,61,88,0.0,0.0,11.6,192,20.76,5.07,977.9,18.7,276.0,18.453426,79.1683
TS-KRM,2023-03-25,26.5,32.5,23.3,72,88,7.7,7.7,29.5,187,17.36,3.91,979.2,21.1,276.0,18.453426,79.1683
TS-KRM,2023-03-26,28.3,33.9,24.2,67,88,5.1,5.1,18.3,188,19.94,4.88,978.1,21.1,276.0,18.453426,79.1683
TS-KRM,2023-03-27,28.5,35.3,22.2,56,86,0.0,0.0,11.2,225,23.91,5.71,977.7,17.6,276.0,18.453426,79.1683
TS-KRM,2023-03-28,28.8,36.0,21.2,50,82,0.0,0.0,15.0,210,23.9,6.28,977.6,16.1,276.0,18.453426,79.1683
TS-KRM,2023-03-29,29.7,36.7,24.4,53,82,0.0,0.0,17.0,174,22.96,6.64,978.3,18.1,276.0,18.453426,79.1683
TS-KRM,2023-03-30,30.1,37.5,24.3,50,93,0.0,0.0,19.8,204,24.77,6.8,976.8,16.1,276.0,18.453426,79.1683
TS-KRM,2023-03-31,29.6,35.8,24.0,50,90,0.0,0.0,15.1,230,22.04,6.07,976.7,16.6,276.0,18.453426,79.1683
TS-KRM,2023-04-01,29.2,35.2,23.9,50,81,0.0,0.0,15.7,223,22.91,6.39,977.3,16.1,276.0,18.453426,79.1683
TS-KRM,2023-04-02,29.2,37.3,22.8,52,95,0.0,0.0,16.0,252,24.93,6.08,977.0,15.6,276.0,18.453426,79.1683
TS-KRM,2023-04-03,27.7,32.0,22.9,62,94,8.4,8.4,14.4,176,15.48,4.12,977.0,19.3,276.0,18.453426,79.1683
TS-KRM,2023-04-04,30.0,36.6,24.7,54,84,0.0,0.0,16.5,185,21.6,5.75,977.6,18.8,276.0,18.453426,79.1683
TS-KRM,2023-04-05,30.4,36.6,24.6,48,79,0.1,0.1,9.8,191,22.04,5.99,977.6,16.8,276.0,18.453426,79.1683
TS-KRM,2023-04-06,28.9,33.7,24.7,58,76,2.5,2.5,15.0,125,17.76,4.82,979.0,19.5,276.0,18.453426,79.1683
TS-KRM,2023-04-07,28.3,32.8,25.0,62,79,10.5,10.5,27.8,35,17.5,4.59,980.9,19.8,276.0,18.453426,79.1683
TS-KRM,2023-04-08,28.5,35.0,22.8,54,83,3.0,3.0,13.7,337,22.2,5.22,982.9,17.3,276.0,18.453426,79.1683
TS-KRM,2023-04-09,30.1,35.8,24.0,49,87,0.1,0.1,12.7,239,22.67,5.79,982.6,17.2,276.0,18.453426,79.1683
TS-KRM,2023-04-10,30.5,36.6,24.1,44,72,0.0,0.0,12.9,237,23.03,6.07,981.1,15.8,276.0,18.453426,79.1683
TS-KRM,2023-04-11,31.5,38.7,24.4,40,64,0.0,0.0,8.4,229,23.31,5.95,980.5,14.6,276.0,18.453426,79.1683
TS-KRM,2023-04-12,32.6,39.0,25.3,36,63,0.0,0.0,8.4,231,22.02,5.59,979.6,14.6,276.0,18.453426,79.1683
TS-KRM,2023-04-13,32.8,39.9,25.4,37,67,0.0,0.0,13.6,258,21.88,6.52,978.8,14.3,276.0,18.453426,79.1683
TS-KRM,2023-04-14,32.7,40.1,27.7,36,53,0.0,0.0,27.9,279,20.96,6.96,978.6,15.2,276.0,18.453426,79.1683
TS-KRM,2023-04-15,32.4,38.5,27.4,36,48,0.0,0.0,21.6,293,23.46,7.31,979.1,14.9,276.0,18.453426,79.1683
TS-KRM,2023-04-16,32.6,39.7,25.0,37,64,0.0,0.0,10.5,307,23.88,6.64,977.3,14.6,276.0,18.453426,79.1683
TS-KRM,2023-04-17,32.3,39.2,25.8,36,57,0.0,0.0,10.5,258,22.82,6.15,977.3,14.1,276.0,18.453426,79.1683
TS-KRM,2023-04-18,32.7,39.9,25.7,34,66,0.0,0.0,22.5,289,21.1,6.6,978.3,13.6,276.0,18.453426,79.1683
TS-KRM,2023-04-19,32.5,39.0,25.5,36,57,0.0,0.0,15.4,252,21.56,6.5,976.3,14.5,276.0,18.453426,79.1683
TS-KRM,2023-04-20,32.7,39.4,25.7,35,60,0.0,0.0,17.4,295,23.94,6.97,974.1,14.1,276.0,18.453426,79.1683
TS-KRM,2023-04-21,31.1,36.4,24.5,41,67,0.0,0.0,22.0,7,24.85,7.05,975.4,15.5,276.0,18.453426,79.1683
TS-KRM,2023-04-22,31.0,37.0,25.1,46,72,0.2,0.2,21.0,216,23.37,6.41,974.4,17.0,276.0,18.453426,79.1683
TS-KRM,2023-04-23,29.5,35.6,24.2,55,76,0.5,0.5,18.9,113,22.54,5.88,975.1,18.5,276.0,18.453426,79.1683
TS-KRM,2023-04-24,29.5,35.3,24.2,62,84,0.5,0.5,15.8,144,20.5,5.4,977.5,20.8,276.0,18.453426,79.1683
TS-KRM,2023-04-25,27.0,32.1,24.6,75,87,22.8,22.8,19.8,152,15.94,3.86,978.4,22.1,276.0,18.453426,79.1683
TS-KRM,2023-04-26,29.0,35.0,23.4,59,84,0.1,0.1,17.3,175,23.66,5.98,977.6,19.3,276.0,18.453426,79.1683
TS-KRM,2023-04-27,27.8,32.3,23.4,67,82,1.5,1.5,17.3,155,19.02,4.44,978.4,20.8,276.0,18.453426,79.1683
TS-KRM,2023-04-28,27.3,32.0,21.2,70,91,1.8,1.8,16.9,75,15.59,3.71,979.1,21.0,276.0,18.453426,79.1683
TS-KRM,2023-04-29,26.4,31.9,22.3,74,92,23.6,23.6,18.0,53,15.42,3.8,978.6,21.2,276.0,18.453426,79.1683
TS-KRM,2023-04-30,24.6,29.4,22.3,83,96,54.8,54.8,19.9,22,15.64,3.2,977.1,21.5,276.0,18.453426,79.1683
TS-KRM,2023-05-01,25.4,29.5,22.0,79,96,9.8,9.8,16.3,136,18.13,4.11,976.9,21.3,276.0,18.453426,79.1683
TS-KRM,2023-05-02,25.3,30.4,23.1,81,92,26.5,26.5,14.3,152,9.9,2.57,977.6,21.7,276.0,18.453426,79.1683
TS-KRM,2023-05-03,26.8,30.7,23.5,74,93,0.4,0.4,14.6,152,17.57,4.15,978.5,21.5,276.0,18.453426,79.1683
TS-KRM,2023-05-04,27.4,31.7,22.6,74,95,0.7,0.7,9.8,169,21.23,4.68,977.5,22.0,276.0,18.453426,79.1683
TS-KRM,2023-05-05,26.9,30.6,22.9,78,93,4.8,4.8,19.8,247,14.33,3.34,976.9,22.4,276.0,18.453426,79.1683
TS-KRM,2023-05-06,28.9,33.6,24.6,70,92,0.4,0.4,13.1,256,21.66,5.06,975.9,22.4,276.0,18.453426,79.1683
TS-KRM,2023-05-07,30.1,35.3,26.3,64,78,0.0,0.0,13.7,244,22.37,5.61,975.6,22.2,276.0,18.453426,79.1683
TS-KRM,2023-05-08,30.9,36.3,26.1,61,87,0.7,0.7,14.5,258,23.57,5.89,975.1,22.0,276.0,18.453426,79.1683
TS-KRM,2023-05-09,31.3,37.7,26.8,61,84,4.7,4.7,16.7,269,20.44,5.39,975.8,22.3,276.0,18.453426,79.1683
TS-KRM,2023-05-10,32.6,38.8,27.6,55,76,0.0,0.0,17.6,296,21.17,5.97,975.0,21.6,276.0,18.453426,79.1683
TS-KRM,2023-05-11,32.8,41.0,25.9,47,81,0.0,0.0,18.1,242,24.6,7.16,975.4,18.2,276.0,18.453426,79.1683
TS-KRM,2023-05-12,32.2,41.3,24.5,42,77,0.0,0.0,18.7,290,26.43,7.53,974.8,15.2,276.0,18.453426,79.1683
TS-KRM,2023-05-13,33.0,41.6,25.0,34,64,0.0,0.0,19.7,292,26.31,8.35,973.8,12.5,276.0,18.453426,79.1683
TS-KRM,2023-05-14,33.3,42.0,25.3,31,48,0.0,0.0,22.6,289,25.5,9.07,972.4,12.4,276.0,18.453426,79.1683
TS-KRM,2023-05-15,33.6,40.9,27.1,32,49,0.0,0.0,24.0,286,24.56,9.19,973.8,13.8,276.0,18.453426,79.1683
TS-KRM,2023-05-16,33.6,40.0,27.7,32,51,0.0,0.0,22.0,286,24.64,8.91,975.8,14.0,276.0,18.453426,79.1683
TS-KRM,2023-05-17,33.2,39.8,26.3,34,50,0.0,0.0,14.8,260,25.84,8.01,977.0,14.1,276.0,18.453426,79.1683
TS-KRM,2023-05-18,33.4,40.2,25.8,39,63,0.0,0.0,14.8,219,22.79,6.84,977.5,16.7,276.0,18.453426,79.1683
TS-KRM,2023-05-19,34.4,41.0,27.4,40,79,0.0,0.0,14.6,280,23.26,7.17,976.3,17.1,276.0,18.453426,79.1683
TS-KRM,2023-05-20,33.0,39.6,27.7,46,71,1.5,1.5,19.1,203,21.82,6.74,975.9,18.9,276.0,18.453426,79.1683
TS-KRM,2023-05-21,33.4,40.0,27.3,44,73,0.0,0.0,26.0,228,23.53,6.89,976.7,18.6,276.0,18.453426,79.1683
TS-KRM,2023-05-22,32.5,39.0,26.4,46,74,1.9,1.9,20.0,221,22.64,6.87,978.0,18.1,276.0,18.453426,79.1683
TS-KRM,2023-05-23,33.1,39.0,26.8,42,67,0.0,0.0,13.9,195,24.02,6.85,978.0,17.4,276.0,18.453426,79.1683
TS-KRM,2023-05-24,33.6,40.2,27.9,41,63,0.0,0.0,20.7,260,23.08,6.9,976.6,17.7,276.0,18.453426,79.1683
TS-KRM,2023-05-25,33.1,39.6,29.3,43,63,1.4,1.4,20.2,264,19.7,6.51,976.5,18.4,276.0,18.453426,79.1683
TS-KRM,2023-05-26,33.7,39.3,28.7,35,55,0.0,0.0,25.1,276,24.13,8.8,976.9,15.3,276.0,18.453426,79.1683
TS-KRM,2023-05-27,33.8,39.9,27.7,32,46,0.0,0.0,20.3,289,24.0,8.44,975.7,13.8,276.0,18.453426,79.1683
TS-KRM,2023-05-28,33.9,39.6,27.9,36,47,0.0,0.0,22.1,309,23.83,7.83,975.4,16.2,276.0,18.453426,79.1683
TS-KRM,2023-05-29,32.0,36.9,26.2,48,78,3.5,3.5,21.8,139,22.24,6.3,976.4,19.1,276.0,18.453426,79.1683
TS-KRM,2023-05-30,31.7,37.4,27.3,52,69,0.0,0.0,15.0,182,14.19,4.75,976.9,20.1,276.0,18.453426,79.1683
TS-KRM,2023-05-31,33.0,39.4,27.0,46,75,0.0,0.0,15.6,283,23.13,7.08,975.5,18.4,276.0,18.453426,79.1683
TS-KRM,2023-06-01,34.0,41.9,28.2,35,54,0.0,0.0,17.6,286,24.11,7.21,974.4,15.0,276.0,18.453426,79.1683
TS-KRM,2023-06-02,34.5,41.3,26.3,33,57,0.0,0.0,24.0,303,24.57,8.97,974.2,14.2,276.0,18.453426,79.1683
TS-KRM,2023-06-03,34.9,40.6,29.8,34,43,0.1,0.1,21.8,305,23.5,8.52,974.2,16.2,276.0,18.453426,79.1683
TS-KRM,2023-06-04,32.9,40.1,28.9,43,64,0.5,0.5,32.3,278,23.11,8.0,974.3,18.2,276.0,18.453426,79.1683
TS-KRM,2023-06-05,32.8,38.9,27.2,44,69,0.0,0.0,17.4,294,24.06,7.28,973.8,17.7,276.0,18.453426,79.1683
TS-KRM,2023-06-06,34.1,39.8,28.8,40,58,0.0,0.0,28.6,285,22.64,7.72,972.9,17.9,276.0,18.453426,79.1683
TS-KRM,2023-06-07,34.3,39.8,29.9,39,52,0.5,0.5,19.4,278,23.0,8.03,972.9,17.9,276.0,18.453426,79.1683
TS-KRM,2023-06-08,34.7,40.4,29.4,39,56,0.0,0.0,23.8,283,22.65,8.98,972.9,17.8,276.0,18.453426,79.1683
TS-KRM,2023-06-09,34.7,40.9,28.3,39,64,0.0,0.0,26.1,283,23.49,8.45,971.4,18.3,276.0,18.453426,79.1683
TS-KRM,2023-06-10,34.1,38.7,30.5,43,51,0.2,0.2,28.0,277,21.97,8.1,971.6,19.5,276.0,18.453426,79.1683
TS-KRM,2023-06-11,33.2,39.0,28.5,48,71,0.4,0.4,29.7,262,24.07,8.44,972.0,20.2,276.0,18.453426,79.1683
TS-KRM,2023-06-12,34.0,39.5,29.5,44,61,0.0,0.0,24.0,268,23.63,8.43,971.7,19.4,276.0,18.453426,79.1683
TS-KRM,2023-06-13,34.6,40.1,29.6,36,54,0.0,0.0,26.3,266,24.71,9.23,972.1,16.7,276.0,18.453426,79.1683
TS-KRM,2023-06-14,34.7,39.8,30.7,36,49,0.0,0.0,24.9,273,24.38,9.64,973.6,16.8,276.0,18.453426,79.1683
TS-KRM,2023-06-15,34.5,39.6,30.5,38,51,0.0,0.0,24.0,276,25.41,9.06,974.1,17.7,276.0,18.453426,79.1683
TS-KRM,2023-06-16,34.8,40.3,30.7,36,50,0.0,0.0,25.1,265,25.04,8.92,973.0,16.8,276.0,18.453426,79.1683
TS-KRM,2023-06-17,34.6,39.7,31.1,39,50,0.0,0.0,28.0,273,25.19,9.03,973.3,18.2,276.0,18.453426,79.1683
TS-KRM,2023-06-18,34.5,39.5,31.0,39,49,0.0,0.0,25.1,287,25.28,8.54,973.2,18.2,276.0,18.453426,79.1683
TS-KRM,2023-06-19,34.6,39.2,30.4,39,48,0.0,0.0,21.0,281,24.28,8.22,972.1,18.4,276.0,18.453426,79.1683
TS-KRM,2023-06-20,34.0,39.0,29.7,44,60,2.5,2.5,16.4,259,20.94,6.75,971.4,19.7,276.0,18.453426,79.1683
TS-KRM,2023-06-21,32.4,37.6,27.7,52,76,1.7,1.7,26.3,258,14.6,5.86,972.0,20.8,276.0,18.453426,79.1683
TS-KRM,2023-06-22,31.4,36.9,26.5,57,91,1.4,1.4,20.8,257,16.12,5.91,972.7,21.2,276.0,18.453426,79.1683
TS-KRM,2023-06-23,28.2,32.9,26.2,77,94,13.9,13.9,12.3,228,8.46,2.33,973.4,23.4,276.0,18.453426,79.1683
TS-KRM,2023-06-24,28.1,31.4,25.4,78,93,6.0,6.0,18.4,250,12.8,3.34,972.5,23.7,276.0,18.453426,79.1683
TS-KRM,2023-06-25,28.5,31.9,26.4,71,83,2.4,2.4,21.0,266,12.53,3.88,971.8,22.6,276.0,18.453426,79.1683
TS-KRM,2023-06-26,26.9,29.6,25.3,83,91,19.1,19.1,21.0,272,7.11,2.42,972.7,23.6,276.0,18.453426,79.1683
TS-KRM,2023-06-27,27.4,30.6,25.3,77,91,3.2,3.2,22.4,269,10.83,3.4,972.7,22.9,276.0,18.453426,79.1683
TS-KRM,2023-06-28,28.5,32.7,25.1,73,91,3.6,3.6,19.1,255,17.26,4.59,974.1,22.9,276.0,18.453426,79.1683
TS-KRM,2023-06-29,29.7,34.2,26.1,67,83,0.0,0.0,22.1,256,22.53,6.04,974.2,22.5,276.0,18.453426,79.1683
TS-KRM,2023-06-30,30.3,33.8,26.8,60,73,0.0,0.0,22.0,255,16.93,5.79,974.0,21.3,276.0,18.453426,79.1683
TS-KRM,2023-07-01,30.9,35.4,27.4,59,70,0.2,0.2,26.7,268,24.35,7.25,974.3,21.6,276.0,18.453426,79.1683
TS-KRM,2023-07-02,31.2,35.3,27.4,58,69,0.0,0.0,20.1,282,24.72,7.06,973.6,21.7,276.0,18.453426,79.1683
TS-KRM,2023-07-03,30.8,35.4,27.2,63,77,0.3,0.3,21.0,274,20.66,5.72,972.3,22.8,276.0,18.453426,79.1683
TS-KRM,2023-07-04,30.7,34.5,27.9,66,83,11.0,11.0,16.3,253,18.54,5.04,970.2,23.4,276.0,18.453426,79.1683
TS-KRM,2023-07-05,28.5,33.6,25.0,77,95,17.7,17.7,17.7,252,16.91,4.22,969.1,23.8,276.0,18.453426,79.1683
TS-KRM,2023-07-06,27.9,30.7,26.0,77,88,6.7,6.7,17.2,245,11.75,3.28,971.0,23.5,276.0,18.453426,79.1683
TS-KRM,2023-07-07,27.9,32.2,24.9,75,88,13.3,13.3,23.9,242,16.28,4.36,973.0,22.9,276.0,18.453426,79.1683
TS-KRM,2023-07-08,28.2,33.3,24.9,76,90,7.3,7.3,23.2,242,17.45,4.52,974.2,23.2,276.0,18.453426,79.1683
TS-KRM,2023-07-09,28.9,33.2,25.6,70,88,0.1,0.1,18.7,258,18.37,4.8,974.7,22.7,276.0,18.453426,79.1683
TS-KRM,2023-07-10,29.9,34.0,25.8,64,90,0.0,0.0,16.3,267,22.19,5.91,974.3,22.0,276.0,18.453426,79.1683
TS-KRM,2023-07-11,26.7,29.6,25.4,81,90,9.5,9.5,20.2,270,12.34,3.07,974.4,23.1,276.0,18.453426,79.1683
TS-KRM,2023-07-12,27.7,32.0,24.9,76,93,4.7,4.7,18.7,270,15.56,4.02,973.3,22.8,276.0,18.453426,79.1683
TS-KRM,2023-07-13,28.7,33.3,24.8,72,91,2.2,2.2,19.3,258,20.02,4.75,973.2,22.9,276.0,18.453426,79.1683
TS-KRM,2023-07-14,28.0,32.2,24.8,79,94,23.0,23.0,14.9,250,17.0,3.94,974.3,23.9,276.0,18.453426,79.1683
TS-KRM,2023-07-15,27.9,31.3,25.9,76,88,0.8,0.8,22.5,283,14.29,3.92,974.4,23.0,276.0,18.453426,79.1683
TS-KRM,2023-07-16,26.3,28.0,25.2,85,92,11.1,11.1,19.6,273,7.86,2.26,973.7,23.5,276.0,18.453426,79.1683
TS-KRM,2023-07-17,26.2,28.5,24.4,84,91,10.8,10.8,21.3,264,9.38,2.59,972.3,23.2,276.0,18.453426,79.1683
TS-KRM,2023-07-18,25.2,26.8,24.4,88,91,57.7,57.7,26.0,261,6.02,1.86,970.2,23.1,276.0,18.453426,79.1683
TS-KRM,2023-07-19,25.8,28.9,24.1,85,91,25.2,25.2,26.0,267,9.37,2.63,968.1,23.1,276.0,18.453426,79.1683
TS-KRM,2023-07-20,25.6,27.7,24.4,87,92,28.8,28.8,23.9,268,6.62,2.09,968.5,23.2,276.0,18.453426,79.1683
TS-KRM,2023-07-21,25.9,28.8,24.0,86,94,23.6,23.6,28.5,277,8.91,2.51,970.0,23.3,276.0,18.453426,79.1683
TS-KRM,2023-07-22,26.8,30.8,24.7,81,88,14.2,14.2,25.1,267,15.17,3.81,971.4,23.1,276.0,18.453426,79.1683
TS-KRM,2023-07-23,27.0,30.3,25.2,81,91,10.7,10.7,18.9,249,13.27,3.4,972.2,23.4,276.0,18.453426,79.1683
TS-KRM,2023-07-24,26.9,30.5,25.0,82,91,22.7,22.7,22.8,273,13.86,3.46,972.0,23.5,276.0,18.453426,79.1683
TS-KRM,2023-07-25,26.9,29.9,25.0,81,88,13.1,13.1,25.8,291,14.99,3.79,971.9,23.4,276.0,18.453426,79.1683
TS-KRM,2023-07-26,26.8,30.8,24.7,82,91,23.0,23.0,26.9,288,12.56,3.45,971.8,23.5,276.0,18.453426,79.1683
TS-KRM,2023-07-27,25.1,26.5,24.4,88,91,93.0,93.0,36.4,275,3.71,1.67,971.0,22.9,276.0,18.453426,79.1683
TS-KRM,2023-07-28,27.2,30.7,24.2,78,91,22.5,22.5,33.6,280,15.06,4.21,972.3,22.8,276.0,18.453426,79.1683
TS-KRM,2023-07-29,27.9,31.0,25.8,74,80,1.3,1.3,29.0,290,20.47,5.31,973.7,22.7,276.0,18.453426,79.1683
TS-KRM,2023-07-30,28.1,31.4,25.6,72,80,1.9,1.9,28.1,286,20.42,5.28,973.4,22.6,276.0,18.453426,79.1683
TS-KRM,2023-07-31,28.0,31.1,26.0,74,81,1.7,1.7,26.8,280,17.86,4.72,973.1,22.8,276.0,18.453426,79.1683
TS-KRM,2023-08-01,28.4,32.2,26.1,71,79,0.3,0.3,28.7,282,20.12,5.5,972.8,22.5,276.0,18.453426,79.1683
TS-KRM,2023-08-02,28.3,30.8,26.5,68,75,0.1,0.1,32.2,277,15.57,5.02,973.0,21.8,276.0,18.453426,79.1683
TS-KRM,2023-08-03,27.8,30.5,26.0,70,78,0.0,0.0,29.2,271,11.84,4.26,972.9,21.7,276.0,18.453426,79.1683
TS-KRM,2023-08-04,28.1,32.5,25.2,71,81,0.3,0.3,24.6,270,18.87,4.97,974.9,22.3,276.0,18.453426,79.1683
TS-KRM,2023-08-05,28.7,32.8,25.6,68,81,0.2,0.2,24.5,272,23.85,6.02,976.7,22.0,276.0,18.453426,79.1683
TS-KRM,2023-08-06,28.8,32.7,25.9,67,80,0.0,0.0,23.9,273,23.76,6.13,975.7,21.8,276.0,18.453426,79.1683
TS-KRM,2023-08-07,28.0,31.3,25.7,68,78,0.5,0.5,25.6,278,21.11,5.46,974.4,21.4,276.0,18.453426,79.1683
TS-KRM,2023-08-08,28.0,32.0,24.8,69,80,0.0,0.0,22.4,281,21.3,5.29,975.1,21.5,276.0,18.453426,79.1683
TS-KRM,2023-08-09,28.2,32.0,24.9,71,84,0.1,0.1,17.9,281,21.6,5.22,977.0,22.2,276.0,18.453426,79.1683
TS-KRM,2023-08-10,28.6,32.7,25.1,72,86,0.1,0.1,14.8,282,24.13,5.54,977.3,22.9,276.0,18.453426,79.1683
TS-KRM,2023-08-11,28.7,32.5,25.6,72,87,0.1,0.1,15.9,292,22.76,5.32,976.8,22.9,276.0,18.453426,79.1683
TS-KRM,2023-08-12,28.7,33.1,25.6,72,88,0.5,0.5,17.4,283,23.04,5.38,976.1,22.9,276.0,18.453426,79.1683
TS-KRM,2023-08-13,28.7,32.6,25.7,66,81,0.6,0.6,18.0,284,22.69,5.55,975.4,21.5,276.0,18.453426,79.1683
TS-KRM,2023-08-14,28.2,32.1,25.2,69,80,0.0,0.0,15.5,282,18.49,4.58,976.3,21.9,276.0,18.453426,79.1683
TS-KRM,2023-08-15,27.6,31.1,25.0,74,86,8.1,8.1,15.1,282,17.94,4.15,976.6,22.5,276.0,18.453426,79.1683
TS-KRM,2023-08-16,28.2,32.2,25.0,73,84,0.3,0.3,19.0,291,20.66,4.91,976.4,22.7,276.0,18.453426,79.1683
TS-KRM,2023-08-17,28.5,32.7,25.3,71,89,0.4,0.4,19.5,284,19.4,4.87,975.6,22.5,276.0,18.453426,79.1683
TS-KRM,2023-08-18,26.2,29.0,24.5,80,91,13.9,13.9,23.5,286,7.87,2.55,973.9,22.5,276.0,18.453426,79.1683
TS-KRM,2023-08-19,25.9,29.1,23.3,82,91,9.8,9.8,25.5,279,15.28,3.7,972.8,22.5,276.0,18.453426,79.1683
TS-KRM,2023-08-20,27.3,31.4,24.6,75,86,1.1,1.1,18.8,273,19.74,4.8,973.8,22.3,276.0,18.453426,79.1683
TS-KRM,2023-08-21,28.1,33.0,24.6,71,89,0.0,0.0,17.8,280,22.8,5.43,974.5,21.9,276.0,18.453426,79.1683
TS-KRM,2023-08-22,28.1,32.2,24.7,76,86,1.8,1.8,14.9,270,18.69,4.37,974.5,23.3,276.0,18.453426,79.1683
TS-KRM,2023-08-23,28.0,32.0,24.1,78,93,3.0,3.0,14.2,267,18.98,4.36,974.6,23.7,276.0,18.453426,79.1683
TS-KRM,2023-08-24,28.3,31.7,25.5,71,87,0.1,0.1,16.9,271,15.47,4.15,974.2,22.2,276.0,18.453426,79.1683
TS-KRM,2023-08-25,28.5,32.9,25.4,72,85,1.0,1.0,16.6,263,20.86,5.07,974.5,22.7,276.0,18.453426,79.1683
TS-KRM,2023-08-26,28.5,32.5,25.3,72,87,0.1,0.1,16.5,278,19.32,4.79,975.7,22.9,276.0,18.453426,79.1683
TS-KRM,2023-08-27,28.6,32.6,25.8,72,83,0.1,0.1,19.4,288,21.75,5.29,976.2,22.8,276.0,18.453426,79.1683
TS-KRM,2023-08-28,28.0,32.1,25.1,70,82,0.5,0.5,19.1,288,23.91,5.68,975.8,21.8,276.0,18.453426,79.1683
TS-KRM,2023-08-29,27.7,32.0,23.3,70,82,0.4,0.4,15.1,298,22.23,5.19,975.7,21.4,276.0,18.453426,79.1683
TS-KRM,2023-08-30,28.2,32.6,24.2,70,87,0.9,0.9,16.7,324,22.35,5.33,976.3,21.8,276.0,18.453426,79.1683
TS-KRM,2023-08-31,28.1,32.5,24.8,72,83,1.8,1.8,14.5,333,19.61,4.64,976.4,22.4,276.0,18.453426,79.1683
TS-KRM,2023-09-01,29.0,33.4,24.9,72,90,1.1,1.1,16.6,334,22.65,5.26,976.2,23.0,276.0,18.453426,79.1683
TS-KRM,2023-09-02,29.6,33.8,25.6,71,87,0.8,0.8,14.8,309,18.51,4.54,975.3,23.6,276.0,18.453426,79.1683
TS-KRM,2023-09-03,27.1,30.8,24.9,84,94,30.7,30.7,19.0,299,13.81,3.18,974.0,24.1,276.0,18.453426,79.1683
TS-KRM,2023-09-04,25.5,27.4,23.4,89,94,33.0,33.0,20.1,297,5.67,1.56,972.0,23.5,276.0,18.453426,79.1683
TS-KRM,2023-09-05,26.3,30.5,23.8,84,94,17.9,17.9,22.3,286,11.2,2.88,970.7,23.3,276.0,18.453426,79.1683
TS-KRM,2023-09-06,26.5,30.0,24.2,84,91,10.0,10.0,19.8,282,13.41,3.15,971.2,23.6,276.0,18.453426,79.1683
TS-KRM,2023-09-07,27.0,29.9,25.1,79,89,4.1,4.1,24.6,266,14.55,3.8,971.8,22.9,276.0,18.453426,79.1683
TS-KRM,2023-09-08,27.5,31.6,25.0,76,86,2.4,2.4,23.2,247,19.48,4.8,972.6,22.7,276.0,18.453426,79.1683
TS-KRM,2023-09-09,27.5,31.2,25.0,79,91,1.3,1.3,21.2,258,19.25,4.43,972.5,23.4,276.0,18.453426,79.1683
TS-KRM,2023-09-10,26.9,30.6,24.6,83,93,16.6,16.6,24.1,277,18.92,4.07,972.6,23.6,276.0,18.453426,79.1683
TS-KRM,2023-09-11,28.0,31.6,25.3,75,92,0.1,0.1,21.2,288,20.69,4.95,973.1,23.1,276.0,18.453426,79.1683
TS-KRM,2023-09-12,27.8,30.8,24.7,75,87,0.1,0.1,21.7,290,17.27,4.34,973.8,22.9,276.0,18.453426,79.1683
TS-KRM,2023-09-13,27.5,30.6,24.8,74,86,1.0,1.0,19.5,292,17.39,4.28,973.9,22.4,276.0,18.453426,79.1683
TS-KRM,2023-09-14,26.7,29.9,24.4,80,92,2.8,2.8,18.1,277,12.03,3.13,973.5,22.9,276.0,18.453426,79.1683
TS-KRM,2023-09-15,27.6,31.0,25.0,74,89,0.9,0.9,23.8,269,18.59,4.67,973.3,22.3,276.0,18.453426,79.1683
TS-KRM,2023-09-16,27.8,31.2,24.6,74,88,0.0,0.0,18.9,250,18.09,4.34,974.2,22.5,276.0,18.453426,79.1683
TS-KRM,2023-09-17,27.8,32.0,24.5,74,90,0.0,0.0,17.4,271,22.35,5.05,974.3,22.5,276.0,18.453426,79.1683
TS-KRM,2023-09-18,28.1,32.5,24.1,73,88,0.0,0.0,15.0,286,22.76,5.21,974.4,22.4,276.0,18.453426,79.1683
TS-KRM,2023-09-19,28.7,32.9,25.1,71,88,0.0,0.0,15.9,283,23.04,5.45,975.6,22.7,276.0,18.453426,79.1683
TS-KRM,2023-09-20,27.2,32.1,24.7,81,93,4.7,4.7,17.4,283,17.17,3.93,976.0,23.5,276.0,18.453426,79.1683
TS-KRM,2023-09-21,26.4,30.0,25.0,89,94,13.3,13.3,11.3,263,10.59,2.34,976.3,24.3,276.0,18.453426,79.1683
TS-KRM,2023-09-22,26.3,30.3,24.5,88,96,3.3,3.3,9.7,261,14.23,2.99,976.3,24.1,276.0,18.453426,79.1683
TS-KRM,2023-09-23,26.6,30.6,23.8,86,96,1.1,1.1,12.0,277,15.82,3.35,976.7,23.9,276.0,18.453426,79.1683
TS-KRM,2023-09-24,26.4,30.2,24.2,88,96,15.8,15.8,17.2,294,14.24,3.08,976.3,24.0,276.0,18.453426,79.1683
TS-KRM,2023-09-25,25.5,28.7,23.9,90,96,18.0,18.0,12.7,298,10.35,2.22,975.4,23.7,276.0,18.453426,79.1683
TS-KRM,2023-09-26,26.6,30.6,24.1,86,98,13.8,13.8,14.6,317,18.89,3.98,975.2,24.0,276.0,18.453426,79.1683
TS-KRM,2023-09-27,27.1,30.9,23.2,86,99,9.0,9.0,8.9,19,18.18,3.85,975.3,24.4,276.0,18.453426,79.1683
TS-KRM,2023-09-28,26.8,31.6,24.0,85,96,23.6,23.6,12.3,290,20.29,4.29,975.2,24.0,276.0,18.453426,79.1683
TS-KRM,2023-09-29,26.8,31.5,24.3,88,97,8.8,8.8,11.2,251,15.95,3.35,975.0,24.4,276.0,18.453426,79.1683
TS-KRM,2023-09-30,27.0,30.5,24.4,87,97,2.1,2.1,8.7,262,14.66,3.1,975.2,24.6,276.0,18.453426,79.1683
TS-KRM,2023-10-01,27.5,31.9,25.0,82,94,4.2,4.2,13.8,273,20.37,4.44,974.3,23.9,276.0,18.453426,79.1683
TS-KRM,2023-10-02,27.6,32.2,24.4,80,92,0.0,0.0,13.6,284,16.23,3.79,974.3,23.6,276.0,18.453426,79.1683
TS-KRM,2023-10-03,28.3,32.3,25.7,75,87,0.5,0.5,18.2,303,17.81,4.4,975.7,23.3,276.0,18.453426,79.1683
TS-KRM,2023-10-04,28.4,33.3,24.6,57,80,0.0,0.0,16.0,318,21.42,5.85,977.2,18.7,276.0,18.453426,79.1683
TS-KRM,2023-10-05,27.4,32.9,22.9,56,70,0.0,0.0,17.1,303,23.18,6.08,977.1,17.6,276.0,18.453426,79.1683
TS-KRM,2023-10-06,27.6,33.2,24.0,57,69,0.0,0.0,18.6,303,23.31,6.17,976.4,17.9,276.0,18.453426,79.1683
TS-KRM,2023-10-07,28.3,33.4,24.4,62,80,0.1,0.1,18.4,318,22.19,5.52,977.2,19.8,276.0,18.453426,79.1683
TS-KRM,2023-10-08,27.6,33.5,22.3,66,85,0.0,0.0,10.5,306,20.9,4.89,978.8,20.1,276.0,18.453426,79.1683
TS-KRM,2023-10-09,28.2,34.0,22.9,67,90,0.0,0.0,12.0,328,20.04,4.61,980.0,20.9,276.0,18.453426,79.1683
TS-KRM,2023-10-10,28.0,33.4,22.9,70,88,0.0,0.0,9.9,337,20.52,4.72,979.9,21.5,276.0,18.453426,79.1683
TS-KRM,2023-10-11,28.2,34.1,23.1,64,94,0.0,0.0,12.0,21,21.98,5.33,979.7,20.1,276.0,18.453426,79.1683
TS-KRM,2023-10-12,27.8,33.7,22.1,65,87,0.0,0.0,8.6,32,20.89,4.82,980.9,20.0,276.0,18.453426,79.1683
TS-KRM,2023-10-13,27.8,33.4,22.7,67,88,0.0,0.0,10.2,48,19.82,4.72,981.8,20.5,276.0,18.453426,79.1683
TS-KRM,2023-10-14,27.7,32.8,23.0,66,84,0.5,0.5,13.8,240,17.01,4.22,981.7,20.3,276.0,18.453426,79.1683
TS-KRM,2023-10-15,28.2,32.8,23.3,64,87,0.0,0.0,8.4,319,19.34,4.45,980.1,20.2,276.0,18.453426,79.1683
TS-KRM,2023-10-16,28.0,32.7,23.5,63,87,0.4,0.4,9.2,95,19.82,4.68,980.2,20.0,276.0,18.453426,79.1683
TS-KRM,2023-10-17,27.7,32.9,23.3,65,85,0.1,0.1,11.2,353,20.47,4.81,981.3,19.8,276.0,18.453426,79.1683
TS-KRM,2023-10-18,27.6,33.1,22.5,64,90,0.0,0.0,10.1,22,20.87,4.92,981.8,19.6,276.0,18.453426,79.1683
TS-KRM,2023-10-19,27.6,32.6,22.7,63,84,0.6,0.6,14.5,6,18.24,4.63,981.9,19.5,276.0,18.453426,79.1683
TS-KRM,2023-10-20,27.6,33.0,22.7,61,81,0.0,0.0,10.6,27,20.65,5.03,982.0,19.0,276.0,18.453426,79.1683
TS-KRM,2023-10-21,27.1,32.2,22.6,57,83,0.0,0.0,15.2,37,20.2,5.29,982.4,17.3,276.0,18.453426,79.1683
TS-KRM,2023-10-22,25.6,32.1,20.5,52,76,0.0,0.0,15.9,13,21.28,5.39,982.5,14.5,276.0,18.453426,79.1683
TS-KRM,2023-10-23,24.9,31.6,19.3,56,80,0.0,0.0,13.4,345,21.73,5.19,980.8,14.8,276.0,18.453426,79.1683
TS-KRM,2023-10-24,24.8,31.3,19.0,54,78,0.0,0.0,11.7,344,21.72,5.18,980.9,14.1,276.0,18.453426,79.1683
TS-KRM,2023-10-25,24.9,31.6,18.8,55,74,0.0,0.0,11.4,342,21.47,5.08,982.3,14.5,276.0,18.453426,79.1683
TS-KRM,2023-10-26,24.6,31.5,18.3,49,71,0.0,0.0,13.2,4,21.51,5.34,982.5,12.4,276.0,18.453426,79.1683
TS-KRM,2023-10-27,24.4,31.5,17.9,50,74,0.0,0.0,14.1,17,21.57,5.48,981.5,12.4,276.0,18.453426,79.1683
TS-KRM,2023-10-28,25.1,31.3,19.3,53,75,0.0,0.0,10.0,356,20.84,4.82,981.6,14.4,276.0,18.453426,79.1683
TS-KRM,2023-10-29,25.0,31.3,19.1,57,84,0.0,0.0,8.5,354,20.98,4.75,981.3,15.1,276.0,18.453426,79.1683
TS-KRM,2023-10-30,25.2,31.2,19.7,58,83,0.0,0.0,9.6,337,20.67,4.59,981.2,15.7,276.0,18.453426,79.1683
TS-KRM,2023-10-31,25.9,31.4,19.7,58,82,0.0,0.0,10.7,48,20.06,4.59,981.8,16.2,276.0,18.453426,79.1683
TS-KRM,2023-11-01,26.5,31.5,21.3,59,76,0.0,0.0,9.5,7,17.58,3.95,982.2,17.5,276.0,18.453426,79.1683
TS-KRM,2023-11-02,26.2,30.9,21.3,69,88,0.7,0.7,7.6,291,17.96,3.92,981.3,19.7,276.0,18.453426,79.1683
TS-KRM,2023-11-03,27.1,31.6,22.0,67,80,0.1,0.1,9.8,119,16.95,3.99,979.8,20.2,276.0,18.453426,79.1683
TS-KRM,2023-11-04,27.2,32.2,23.1,68,87,0.4,0.4,9.0,119,18.71,4.25,979.8,20.3,276.0,18.453426,79.1683
TS-KRM,2023-11-05,26.6,32.4,21.4,64,94,0.0,0.0,9.4,22,19.03,4.56,981.1,18.4,276.0,18.453426,79.1683
TS-KRM,2023-11-06,25.6,30.5,22.6,79,97,1.5,1.5,17.8,99,14.36,3.22,982.6,21.5,276.0,18.453426,79.1683
TS-KRM,2023-11-07,26.6,31.6,22.1,76,97,2.0,2.0,12.0,123,17.54,4.0,982.3,21.5,276.0,18.453426,79.1683
TS-KRM,2023-11-08,25.9,29.8,22.8,79,96,1.5,1.5,11.0,137,12.94,2.86,982.1,21.9,276.0,18.453426,79.1683
TS-KRM,2023-11-09,26.3,31.8,22.2,68,97,0.0,0.0,9.4,172,18.46,4.27,982.3,19.3,276.0,18.453426,79.1683
TS-KRM,2023-11-10,25.8,30.8,21.4,61,85,0.0,0.0,10.5,36,14.41,3.48,983.5,17.2,276.0,18.453426,79.1683
TS-KRM,2023-11-11,25.9,32.0,21.1,59,81,0.0,0.0,7.7,177,18.0,4.22,983.9,17.0,276.0,18.453426,79.1683
TS-KRM,2023-11-12,26.0,32.4,20.5,58,86,0.0,0.0,11.7,23,19.22,4.7,983.7,16.5,276.0,18.453426,79.1683
TS-KRM,2023-11-13,25.6,31.4,20.4,55,75,0.0,0.0,9.9,37,18.97,4.36,983.4,15.5,276.0,18.453426,79.1683
TS-KRM,2023-11-14,25.9,31.1,21.1,58,77,0.0,0.0,9.5,20,19.18,4.38,982.8,16.6,276.0,18.453426,79.1683
TS-KRM,2023-11-15,24.7,30.4,20.5,60,78,0.0,0.0,10.2,18,19.09,4.56,982.1,16.0,276.0,18.453426,79.1683
TS-KRM,2023-11-16,24.4,30.3,19.2,59,80,0.0,0.0,11.5,5,19.25,4.62,982.1,15.5,276.0,18.453426,79.1683
TS-KRM,2023-11-17,25.3,30.7,20.0,61,75,0.0,0.0,9.5,19,18.79,4.29,982.2,17.0,276.0,18.453426,79.1683
TS-KRM,2023-11-18,25.4,31.1,20.5,63,81,0.0,0.0,9.8,111,18.89,4.2,982.2,17.4,276.0,18.453426,79.1683
TS-KRM,2023-11-19,25.1,31.2,19.9,68,89,0.0,0.0,9.0,131,18.68,4.14,982.5,18.1,276.0,18.453426,79.1683
TS-KRM,2023-11-20,25.5,31.1,20.9,61,79,0.0,0.0,9.6,32,17.58,4.15,982.4,16.9,276.0,18.453426,79.1683
TS-KRM,2023-11-21,26.4,31.1,22.5,63,79,0.0,0.0,5.7,11,15.99,3.59,981.9,18.4,276.0,18.453426,79.1683
TS-KRM,2023-11-22,26.0,30.7,21.9,73,93,0.2,0.2,10.1,148,16.11,3.59,981.2,20.6,276.0,18.453426,79.1683
TS-KRM,2023-11-23,25.5,30.2,22.1,78,95,2.8,2.8,11.5,154,15.45,3.39,980.7,21.1,276.0,18.453426,79.1683
TS-KRM,2023-11-24,23.9,27.2,21.5,86,97,6.5,6.5,10.8,117,10.48,2.19,981.5,21.4,276.0,18.453426,79.1683
TS-KRM,2023-11-25,24.4,28.9,21.0,80,97,30.7,30.7,11.2,67,15.2,3.15,983.0,20.5,276.0,18.453426,79.1683
TS-KRM,2023-11-26,25.0,29.8,20.5,79,95,1.5,1.5,11.8,142,17.01,3.65,983.1,20.7,276.0,18.453426,79.1683
TS-KRM,2023-11-27,25.0,30.1,21.2,74,93,0.2,0.2,13.0,134,16.16,3.75,981.9,19.6,276.0,18.453426,79.1683
TS-KRM,2023-11-28,24.3,30.4,20.0,78,97,3.7,3.7,17.3,121,15.76,3.51,980.9,19.5,276.0,18.453426,79.1683
TS-KRM,2023-11-29,24.7,30.1,20.3,76,95,0.0,0.0,10.0,118,16.6,3.6,981.5,19.7,276.0,18.453426,79.1683
TS-KRM,2023-11-30,25.1,31.0,19.9,71,95,0.0,0.0,12.0,146,17.42,3.96,981.8,18.8,276.0,18.453426,79.1683
TS-KRM,2023-12-01,25.1,30.3,19.7,66,94,0.0,0.0,8.9,157,17.82,3.92,981.2,17.7,276.0,18.453426,79.1683
TS-KRM,2023-12-02,25.6,31.4,20.8,64,84,0.0,0.0,11.3,85,17.66,4.2,980.3,17.9,276.0,18.453426,79.1683
TS-KRM,2023-12-03,25.5,31.5,19.8,62,82,0.0,0.0,12.4,37,17.29,4.19,980.5,17.3,276.0,18.453426,79.1683
TS-KRM,2023-12-04,25.7,29.7,22.2,65,76,0.7,0.7,12.5,55,11.71,3.29,979.3,18.3,276.0,18.453426,79.1683
TS-KRM,2023-12-05,23.5,26.8,21.3,83,90,5.8,5.8,18.4,24,5.92,1.77,977.8,20.4,276.0,18.453426,79.1683
TS-KRM,2023-12-06,22.1,24.1,20.4,84,92,3.1,3.1,19.6,348,5.25,1.55,978.4,19.2,276.0,18.453426,79.1683
TS-KRM,2023-12-07,22.9,28.8,18.6,79,98,0.0,0.0,12.9,326,15.54,3.33,980.3,18.5,276.0,18.453426,79.1683
TS-KRM,2023-12-08,22.8,28.7,18.2,76,98,0.0,0.0,11.5,20,15.8,3.33,981.6,18.0,276.0,18.453426,79.1683
TS-KRM,2023-12-09,22.9,28.7,18.0,72,94,0.0,0.0,10.0,24,17.13,3.67,982.8,17.1,276.0,18.453426,79.1683
TS-KRM,2023-12-10,22.5,28.1,18.1,63,84,0.0,0.0,10.3,45,17.68,3.89,982.0,14.6,276.0,18.453426,79.1683
TS-KRM,2023-12-11,22.8,28.3,18.8,56,70,0.0,0.0,10.6,47,17.74,3.88,982.4,13.2,276.0,18.453426,79.1683
TS-KRM,2023-12-12,22.5,28.1,17.3,61,84,0.0,0.0,10.3,118,17.58,3.81,981.4,14.2,276.0,18.453426,79.1683
TS-KRM,2023-12-13,22.5,28.2,17.0,61,89,0.0,0.0,10.8,131,17.36,3.92,982.3,13.9,276.0,18.453426,79.1683
TS-KRM,2023-12-14,22.2,27.9,17.3,62,83,0.0,0.0,10.0,94,17.45,3.76,983.8,14.0,276.0,18.453426,79.1683
TS-KRM,2023-12-15,22.3,27.8,16.9,64,94,0.0,0.0,9.3,82,16.64,3.57,984.3,14.7,276.0,18.453426,79.1683
TS-KRM,2023-12-16,23.3,28.9,18.1,58,80,0.0,0.0,9.7,23,16.26,3.65,983.4,14.0,276.0,18.453426,79.1683
TS-KRM,2023-12-17,23.3,28.9,18.1,49,67,0.0,0.0,13.8,43,16.9,4.32,983.4,11.6,276.0,18.453426,79.1683
TS-KRM,2023-12-18,22.8,28.0,18.5,51,68,0.0,0.0,16.5,27,15.53,4.22,984.4,11.8,276.0,18.453426,79.1683
TS-KRM,2023-12-19,21.7,27.1,16.6,50,62,0.0,0.0,13.8,20,15.64,4.04,985.1,10.5,276.0,18.453426,79.1683
TS-KRM,2023-12-20,21.0,27.6,15.9,45,62,0.0,0.0,14.0,22,17.47,4.34,984.8,8.2,276.0,18.453426,79.1683
TS-KRM,2023-12-21,21.2,28.2,14.0,48,84,0.0,0.0,10.0,347,17.79,3.79,983.8,8.6,276.0,18.453426,79.1683
TS-KRM,2023-12-22,21.5,29.1,14.2,52,90,0.0,0.0,9.2,324,17.74,3.65,983.4,10.0,276.0,18.453426,79.1683
TS-KRM,2023-12-23,21.4,29.4,14.7,54,81,0.0,0.0,10.5,160,16.99,3.91,984.2,10.5,276.0,18.453426,79.1683
TS-KRM,2023-12-24,22.4,29.6,16.3,62,89,0.0,0.0,7.8,185,17.19,3.73,985.8,14.1,276.0,18.453426,79.1683
TS-KRM,2023-12-25,22.6,29.6,15.6,61,90,0.0,0.0,9.0,232,17.49,3.51,985.1,13.9,276.0,18.453426,79.1683
TS-KRM,2023-12-26,22.7,29.8,15.2,60,90,0.0,0.0,8.7,234,17.51,3.61,984.9,13.7,276.0,18.453426,79.1683
TS-KRM,2023-12-27,22.3,29.6,15.7,64,86,0.0,0.0,9.2,176,17.5,3.78,985.4,14.5,276.0,18.453426,79.1683
TS-KRM,2023-12-28,22.6,29.3,17.1,70,94,0.0,0.0,8.7,183,17.33,3.72,984.3,16.4,276.0,18.453426,79.1683
TS-KRM,2023-12-29,22.7,29.1,17.1,70,94,0.0,0.0,9.2,174,17.06,3.71,984.4,16.4,276.0,18.453426,79.1683
TS-KRM,2023-12-30,22.5,29.1,16.3,66,95,0.0,0.0,8.5,171,17.68,3.72,983.7,14.9,276.0,18.453426,79.1683
TS-KRM,2023-12-31,22.6,29.4,16.4,69,96,0.0,0.0,9.1,178,17.65,3.74,983.1,15.8,276.0,18.453426,79.1683
