site_id,date,temperature_2m_mean,temperature_2m_max,temperature_2m_min,relative_humidity_2m_mean,relative_humidity_2m_max,precipitation_sum,rain_sum,wind_speed_10m_max,wind_direction_10m_dominant,shortwave_radiation_sum,et0_fao_evapotranspiration,surface_pressure_mean,dew_point_2m_mean,elevation_m,lat,lon
TS-NZB,2020-12-01,23.6,29.6,19.0,62,91,0.0,0.0,10.4,91,18.14,4.14,970.4,15.1,394.0,18.664322,78.076546
TS-NZB,2020-12-02,22.7,29.1,16.9,59,87,0.0,0.0,8.7,66,17.44,3.89,969.4,13.5,394.0,18.664322,78.076546
TS-NZB,2020-12-03,22.8,29.9,16.3,53,82,0.0,0.0,8.6,77,18.43,4.18,968.6,11.9,394.0,18.664322,78.076546
TS-NZB,2020-12-04,22.7,29.9,17.2,52,74,0.0,0.0,10.4,78,18.34,4.29,967.8,11.6,394.0,18.664322,78.076546
TS-NZB,2020-12-05,22.4,29.6,16.3,48,71,0.0,0.0,10.5,80,18.52,4.42,968.2,9.7,394.0,18.664322,78.076546
TS-NZB,2020-12-06,22.4,29.9,16.2,47,71,0.0,0.0,11.8,89,18.34,4.51,969.5,9.7,394.0,18.664322,78.076546
TS-NZB,2020-12-07,22.6,30.0,16.6,49,74,0.0,0.0,12.3,75,18.23,4.27,971.2,10.6,394.0,18.664322,78.076546
TS-NZB,2020-12-08,23.4,30.7,16.7,44,66,0.0,0.0,10.7,98,18.33,4.59,971.0,9.4,394.0,18.664322,78.076546
TS-NZB,2020-12-09,23.4,30.0,17.3,49,73,0.0,0.0,9.9,99,18.07,4.2,969.9,11.4,394.0,18.664322,78.076546
TS-NZB,2020-12-10,23.7,30.3,17.8,49,72,0.0,0.0,12.1,112,17.29,4.21,969.1,11.3,394.0,18.664322,78.076546
TS-NZB,2020-12-11,24.7,31.0,18.9,50,75,0.0,0.0,11.5,126,16.97,4.23,969.1,12.7,394.0,18.664322,78.076546
TS-NZB,2020-12-12,25.1,31.2,20.1,49,63,0.0,0.0,11.6,137,17.23,4.45,968.6,12.9,394.0,18.664322,78.076546
TS-NZB,2020-12-13,24.4,30.3,19.5,60,81,0.0,0.0,11.1,106,16.53,3.92,967.8,15.5,394.0,18.664322,78.076546
TS-NZB,2020-12-14,24.6,30.2,20.8,53,78,0.0,0.0,11.4,138,15.04,3.8,967.8,13.7,394.0,18.664322,78.076546
TS-NZB,2020-12-15,24.1,30.2,18.5,54,81,0.0,0.0,11.1,135,17.22,4.4,969.6,13.5,394.0,18.664322,78.076546
TS-NZB,2020-12-16,24.7,30.2,19.8,59,85,0.0,0.0,12.4,125,16.91,4.07,970.6,15.4,394.0,18.664322,78.076546
TS-NZB,2020-12-17,24.1,29.4,20.0,58,80,0.0,0.0,12.7,67,16.6,3.99,970.8,14.9,394.0,18.664322,78.076546
TS-NZB,2020-12-18,23.7,28.7,19.7,56,75,0.0,0.0,10.1,75,16.31,3.96,970.8,13.7,394.0,18.664322,78.076546
TS-NZB,2020-12-19,22.3,27.9,18.2,56,76,0.0,0.0,10.8,76,17.42,4.13,971.5,12.5,394.0,18.664322,78.076546
TS-NZB,2020-12-20,20.8,27.6,15.3,49,78,0.0,0.0,9.0,73,18.19,4.21,971.9,8.5,394.0,18.664322,78.076546
TS-NZB,2020-12-21,20.0,27.4,13.2,43,72,0.0,0.0,9.2,83,18.46,4.2,970.5,5.7,394.0,18.664322,78.076546
TS-NZB,2020-12-22,20.3,27.7,14.6,42,66,0.0,0.0,9.7,86,18.35,4.02,969.4,6.1,394.0,18.664322,78.076546
TS-NZB,2020-12-23,20.6,28.4,12.3,42,75,0.0,0.0,12.6,107,18.18,4.4,968.1,6.0,394.0,18.664322,78.076546
TS-NZB,2020-12-24,21.7,28.3,16.4,47,73,0.0,0.0,12.7,97,17.61,4.31,967.6,9.2,394.0,18.664322,78.076546
TS-NZB,2020-12-25,21.5,28.2,15.0,52,83,0.0,0.0,10.2,95,17.75,4.11,968.7,10.3,394.0,18.664322,78.076546
TS-NZB,2020-12-26,21.7,28.8,16.1,48,74,0.0,0.0,9.5,97,17.87,4.05,969.5,9.4,394.0,18.664322,78.076546
TS-NZB,2020-12-27,22.1,29.6,15.2,47,74,0.0,0.0,11.5,106,17.88,4.27,968.6,9.2,394.0,18.664322,78.076546
TS-NZB,2020-12-28,23.3,30.3,16.5,43,65,0.0,0.0,11.5,109,17.78,4.36,967.8,9.4,394.0,18.664322,78.076546
TS-NZB,2020-12-29,23.4,30.1,18.0,47,77,0.0,0.0,14.0,119,17.78,4.48,967.9,10.7,394.0,18.664322,78.076546
TS-NZB,2020-12-30,23.3,29.8,18.0,54,80,0.0,0.0,12.8,120,17.91,4.39,968.7,12.5,394.0,18.664322,78.076546
TS-NZB,2020-12-31,23.5,29.6,18.5,60,82,0.0,0.0,10.8,112,16.07,3.82,969.4,14.6,394.0,18.664322,78.076546
TS-NZB,2021-01-01,23.6,28.6,18.7,65,89,0.0,0.0,10.9,123,13.92,3.49,969.7,16.0,394.0,18.664322,78.076546
TS-NZB,2021-01-02,23.3,29.5,17.7,56,83,0.0,0.0,13.1,136,17.62,4.29,969.6,13.3,394.0,18.664322,78.076546
TS-NZB,2021-01-03,23.1,29.6,17.5,56,84,0.0,0.0,13.5,140,17.88,4.51,968.0,13.0,394.0,18.664322,78.076546
TS-NZB,2021-01-04,22.9,29.5,18.1,56,85,0.0,0.0,13.0,131,17.48,4.45,967.9,12.5,394.0,18.664322,78.076546
TS-NZB,2021-01-05,23.1,29.5,18.0,56,80,0.0,0.0,10.8,110,16.82,4.03,968.7,13.1,394.0,18.664322,78.076546
TS-NZB,2021-01-06,23.6,29.0,18.4,71,85,1.1,1.1,8.7,131,13.31,3.07,968.2,17.7,394.0,18.664322,78.076546
TS-NZB,2021-01-07,23.1,25.1,20.7,76,93,3.0,3.0,9.0,127,6.68,1.81,967.3,18.5,394.0,18.664322,78.076546
TS-NZB,2021-01-08,25.1,30.9,20.2,62,90,0.0,0.0,12.1,125,16.03,4.21,966.1,16.5,394.0,18.664322,78.076546
TS-NZB,2021-01-09,25.6,31.4,20.7,50,85,0.0,0.0,12.0,133,17.65,4.79,966.8,12.8,394.0,18.664322,78.076546
TS-NZB,2021-01-10,25.1,31.8,19.1,46,76,0.0,0.0,11.1,138,17.76,4.78,967.5,11.6,394.0,18.664322,78.076546
TS-NZB,2021-01-11,25.4,32.1,19.5,47,69,0.0,0.0,10.5,115,17.95,4.51,968.5,12.4,394.0,18.664322,78.076546
TS-NZB,2021-01-12,25.5,31.7,19.6,53,79,0.0,0.0,11.8,80,17.06,4.23,968.8,14.6,394.0,18.664322,78.076546
TS-NZB,2021-01-13,24.4,30.7,19.2,56,77,0.0,0.0,11.2,82,17.65,4.13,968.5,14.5,394.0,18.664322,78.076546
TS-NZB,2021-01-14,24.2,31.0,18.3,53,80,0.0,0.0,12.2,96,18.47,4.58,968.0,12.9,394.0,18.664322,78.076546
TS-NZB,2021-01-15,24.0,30.6,17.6,51,78,0.0,0.0,10.5,105,18.41,4.36,967.3,12.6,394.0,18.664322,78.076546
TS-NZB,2021-01-16,24.9,30.8,19.2,49,68,0.0,0.0,12.3,110,18.12,4.67,966.3,12.9,394.0,18.664322,78.076546
TS-NZB,2021-01-17,25.2,30.8,20.5,52,74,0.0,0.0,12.1,112,17.32,4.73,967.4,14.0,394.0,18.664322,78.076546
TS-NZB,2021-01-18,24.5,30.2,18.9,57,85,0.0,0.0,11.5,117,18.13,4.43,968.6,14.8,394.0,18.664322,78.076546
TS-NZB,2021-01-19,24.9,30.9,18.6,54,83,0.0,0.0,13.4,147,18.54,4.37,968.0,14.1,394.0,18.664322,78.076546
TS-NZB,2021-01-20,25.5,31.6,19.7,51,77,0.0,0.0,13.6,193,18.53,4.54,968.1,13.9,394.0,18.664322,78.076546
TS-NZB,2021-01-21,25.0,31.1,19.5,54,77,0.0,0.0,9.7,295,18.24,4.28,967.6,14.4,394.0,18.664322,78.076546
TS-NZB,2021-01-22,25.2,31.5,20.2,48,71,0.0,0.0,12.2,95,18.78,4.84,967.9,12.8,394.0,18.664322,78.076546
TS-NZB,2021-01-23,25.5,32.0,18.7,50,74,0.0,0.0,11.7,149,19.09,4.46,967.6,13.6,394.0,18.664322,78.076546
TS-NZB,2021-01-24,25.5,31.8,19.5,52,77,0.0,0.0,12.4,198,19.17,4.73,968.1,14.4,394.0,18.664322,78.076546
TS-NZB,2021-01-25,25.4,31.7,19.2,54,85,0.0,0.0,9.7,228,19.1,4.5,968.6,14.8,394.0,18.664322,78.076546
TS-NZB,2021-01-26,25.9,31.6,21.1,49,70,0.0,0.0,11.9,207,18.72,4.66,968.1,13.6,394.0,18.664322,78.076546
TS-NZB,2021-01-27,25.8,31.5,20.9,48,66,0.0,0.0,13.2,162,18.48,4.82,968.3,13.3,394.0,18.664322,78.076546
TS-NZB,2021-01-28,26.3,32.3,22.0,49,72,0.0,0.0,16.1,159,17.15,4.54,968.7,13.7,394.0,18.664322,78.076546
TS-NZB,2021-01-29,25.0,30.8,20.6,55,75,0.0,0.0,15.7,180,17.58,4.45,969.2,14.8,394.0,18.664322,78.076546
TS-NZB,2021-01-30,24.7,29.8,20.5,54,73,0.0,0.0,12.1,66,15.02,3.96,969.3,14.2,394.0,18.664322,78.076546
TS-NZB,2021-01-31,24.7,30.1,20.8,48,71,0.0,0.0,11.2,81,16.91,4.51,970.1,12.3,394.0,18.664322,78.076546
TS-NZB,2021-02-01,24.2,29.9,20.1,44,66,0.0,0.0,14.1,82,18.13,4.91,971.9,10.5,394.0,18.664322,78.076546
TS-NZB,2021-02-02,23.6,30.6,17.8,36,72,0.0,0.0,11.7,98,20.6,5.49,971.9,5.6,394.0,18.664322,78.076546
TS-NZB,2021-02-03,23.1,30.3,15.3,32,61,0.0,0.0,11.4,118,20.63,5.47,970.9,3.8,394.0,18.664322,78.076546
TS-NZB,2021-02-04,23.8,30.5,17.4,33,56,0.0,0.0,12.6,130,20.67,5.46,970.3,5.5,394.0,18.664322,78.076546
TS-NZB,2021-02-05,24.4,30.8,18.9,34,52,0.0,0.0,13.2,150,20.4,5.49,969.1,6.8,394.0,18.664322,78.076546
TS-NZB,2021-02-06,23.9,30.0,18.6,39,58,0.0,0.0,13.1,157,20.3,4.94,968.8,8.8,394.0,18.664322,78.076546
TS-NZB,2021-02-07,22.6,28.9,17.5,40,59,0.0,0.0,13.3,49,20.83,5.26,970.7,7.7,394.0,18.664322,78.076546
TS-NZB,2021-02-08,22.0,29.1,16.0,31,53,0.0,0.0,10.7,85,21.68,5.35,971.0,2.7,394.0,18.664322,78.076546
TS-NZB,2021-02-09,22.7,30.6,14.2,35,60,0.0,0.0,11.8,101,21.39,5.17,969.5,4.9,394.0,18.664322,78.076546
TS-NZB,2021-02-10,23.7,31.2,15.8,32,63,0.0,0.0,12.9,116,21.55,5.33,967.9,4.8,394.0,18.664322,78.076546
TS-NZB,2021-02-11,24.6,31.7,17.6,35,64,0.0,0.0,12.6,108,21.39,5.63,967.3,7.1,394.0,18.664322,78.076546
TS-NZB,2021-02-12,24.9,32.2,18.7,40,70,0.0,0.0,13.6,151,21.22,5.2,968.0,8.9,394.0,18.664322,78.076546
TS-NZB,2021-02-13,25.7,32.4,20.3,39,58,0.0,0.0,13.8,156,21.25,5.54,968.9,9.6,394.0,18.664322,78.076546
TS-NZB,2021-02-14,26.3,33.0,20.2,38,64,0.0,0.0,14.4,145,20.45,5.74,968.7,9.9,394.0,18.664322,78.076546
TS-NZB,2021-02-15,26.9,33.3,21.0,35,55,0.0,0.0,13.8,175,19.91,5.79,967.6,9.5,394.0,18.664322,78.076546
TS-NZB,2021-02-16,27.5,33.1,22.8,34,48,0.0,0.0,15.8,171,18.21,6.17,966.7,9.6,394.0,18.664322,78.076546
TS-NZB,2021-02-17,26.1,31.7,21.4,38,55,0.0,0.0,19.1,144,19.7,4.91,967.3,10.1,394.0,18.664322,78.076546
TS-NZB,2021-02-18,24.2,30.3,19.2,44,62,0.0,0.0,12.2,97,16.51,4.57,969.5,10.5,394.0,18.664322,78.076546
TS-NZB,2021-02-19,19.6,22.7,17.5,76,91,7.0,7.0,10.9,36,8.97,1.99,971.7,15.0,394.0,18.664322,78.076546
TS-NZB,2021-02-20,22.3,28.8,17.0,61,86,0.7,0.7,12.0,82,17.33,4.1,970.6,13.5,394.0,18.664322,78.076546
TS-NZB,2021-02-21,23.4,29.2,18.1,59,81,0.0,0.0,9.7,101,19.15,4.33,970.6,14.4,394.0,18.664322,78.076546
TS-NZB,2021-02-22,24.9,31.3,18.1,50,85,0.0,0.0,11.2,66,21.57,4.89,970.5,12.7,394.0,18.664322,78.076546
TS-NZB,2021-02-23,25.3,32.0,18.3,44,77,0.0,0.0,10.5,61,22.29,5.26,968.9,11.0,394.0,18.664322,78.076546
TS-NZB,2021-02-24,25.9,33.3,20.1,38,63,0.0,0.0,11.8,107,22.46,5.68,967.5,9.3,394.0,18.664322,78.076546
TS-NZB,2021-02-25,26.8,34.1,18.4,35,64,0.0,0.0,10.4,206,22.47,5.74,967.2,8.8,394.0,18.664322,78.076546
TS-NZB,2021-02-26,26.4,34.1,18.7,42,68,0.0,0.0,9.8,257,21.12,5.34,965.9,11.2,394.0,18.664322,78.076546
TS-NZB,2021-02-27,27.2,34.8,20.2,37,61,0.0,0.0,10.2,319,22.11,5.73,965.4,10.1,394.0,18.664322,78.076546
TS-NZB,2021-02-28,27.9,35.8,19.1,33,66,0.0,0.0,14.6,323,22.73,6.1,965.9,8.5,394.0,18.664322,78.076546
TS-NZB,2021-03-01,28.2,34.8,21.9,31,44,0.0,0.0,11.9,222,16.46,5.19,968.2,9.0,394.0,18.664322,78.076546
TS-NZB,2021-03-02,28.6,35.8,21.7,31,56,0.0,0.0,12.1,31,22.79,6.42,969.0,8.1,394.0,18.664322,78.076546
TS-NZB,2021-03-03,27.7,35.3,19.5,31,59,0.0,0.0,12.9,57,23.28,6.29,968.3,7.0,394.0,18.664322,78.076546
TS-NZB,2021-03-04,28.2,35.7,21.0,25,42,0.0,0.0,11.9,97,23.5,6.5,968.1,4.6,394.0,18.664322,78.076546
TS-NZB,2021-03-05,28.1,35.3,20.8,28,51,0.0,0.0,16.1,202,23.35,6.72,968.5,6.4,394.0,18.664322,78.076546
TS-NZB,2021-03-06,28.1,35.8,20.3,25,46,0.0,0.0,12.7,233,23.41,6.48,968.4,5.2,394.0,18.664322,78.076546
TS-NZB,2021-03-07,28.8,36.3,21.0,27,43,0.0,0.0,13.1,163,23.33,5.98,967.5,7.2,394.0,18.664322,78.076546
TS-NZB,2021-03-08,29.2,36.4,23.2,29,49,0.0,0.0,15.5,177,22.1,6.7,968.0,8.8,394.0,18.664322,78.076546
TS-NZB,2021-03-09,29.7,36.5,23.7,30,53,0.0,0.0,19.6,153,21.14,6.86,968.4,9.0,394.0,18.664322,78.076546
TS-NZB,2021-03-10,30.0,36.5,24.2,29,49,0.0,0.0,17.2,167,21.49,7.04,968.2,9.1,394.0,18.664322,78.076546
TS-NZB,2021-03-11,29.7,36.6,23.4,27,49,0.0,0.0,17.9,171,22.88,7.61,968.1,6.8,394.0,18.664322,78.076546
TS-NZB,2021-03-12,29.3,36.6,22.0,25,55,0.0,0.0,17.6,168,23.91,7.85,969.2,4.7,394.0,18.664322,78.076546
TS-NZB,2021-03-13,27.7,34.5,20.9,26,45,0.0,0.0,16.0,125,24.04,7.14,969.8,5.9,394.0,18.664322,78.076546
TS-NZB,2021-03-14,28.6,35.4,22.5,26,45,0.0,0.0,13.2,166,24.05,7.06,967.8,6.3,394.0,18.664322,78.076546
TS-NZB,2021-03-15,29.3,36.3,21.4,26,44,0.0,0.0,15.0,154,23.67,6.63,966.8,6.9,394.0,18.664322,78.076546
TS-NZB,2021-03-16,30.1,36.9,22.1,30,55,0.0,0.0,15.5,153,20.42,6.62,966.6,9.3,394.0,18.664322,78.076546
TS-NZB,2021-03-17,30.6,35.9,24.5,32,59,0.0,0.0,14.5,165,18.6,6.16,965.7,11.2,394.0,18.664322,78.076546
TS-NZB,2021-03-18,30.2,35.3,25.0,34,55,0.0,0.0,15.3,168,19.44,6.19,966.1,11.9,394.0,18.664322,78.076546
TS-NZB,2021-03-19,29.6,34.3,25.4,36,51,0.0,0.0,17.1,139,18.21,5.42,966.4,12.4,394.0,18.664322,78.076546
TS-NZB,2021-03-20,28.5,34.2,22.7,43,71,0.0,0.0,10.8,78,20.13,5.16,965.8,13.9,394.0,18.664322,78.076546
TS-NZB,2021-03-21,28.8,35.0,21.3,41,80,0.0,0.0,11.2,160,20.26,5.26,965.4,13.1,394.0,18.664322,78.076546
TS-NZB,2021-03-22,29.6,35.9,22.8,38,60,0.0,0.0,14.5,91,21.07,6.02,967.2,13.3,394.0,18.664322,78.076546
TS-NZB,2021-03-23,28.6,34.6,22.9,47,77,0.0,0.0,13.8,45,22.36,6.08,968.9,15.7,394.0,18.664322,78.076546
TS-NZB,2021-03-24,29.5,35.8,23.9,42,65,0.0,0.0,10.8,62,22.37,6.17,968.3,14.1,394.0,18.664322,78.076546
TS-NZB,2021-03-25,30.5,36.6,22.8,35,64,0.0,0.0,10.5,63,21.69,5.99,966.9,12.3,394.0,18.664322,78.076546
TS-NZB,2021-03-26,30.6,37.3,23.8,32,61,0.0,0.0,12.4,28,23.72,6.69,966.3,11.1,394.0,18.664322,78.076546
TS-NZB,2021-03-27,31.1,37.6,24.5,26,45,0.0,0.0,10.6,34,24.41,6.85,965.6,8.2,394.0,18.664322,78.076546
TS-NZB,2021-03-28,31.3,38.6,22.5,21,44,0.0,0.0,11.9,84,25.32,7.0,964.6,4.8,394.0,18.664322,78.076546
TS-NZB,2021-03-29,31.7,39.2,24.8,23,46,0.0,0.0,13.0,180,24.93,7.5,963.8,6.4,394.0,18.664322,78.076546
TS-NZB,2021-03-30,32.0,39.3,24.5,22,39,0.0,0.0,15.5,249,25.18,8.34,962.5,6.6,394.0,18.664322,78.076546
TS-NZB,2021-03-31,31.3,39.4,23.7,19,32,0.0,0.0,11.6,273,26.02,7.77,961.5,3.2,394.0,18.664322,78.076546
TS-NZB,2021-04-01,31.2,38.6,23.9,24,37,0.0,0.0,12.3,281,25.37,7.59,961.1,7.2,394.0,18.664322,78.076546
TS-NZB,2021-04-02,31.2,38.5,23.4,23,36,0.0,0.0,12.9,294,25.37,7.88,961.8,6.5,394.0,18.664322,78.076546
TS-NZB,2021-04-03,31.4,39.4,23.9,23,40,0.0,0.0,10.7,247,25.41,7.02,962.2,6.2,394.0,18.664322,78.076546
TS-NZB,2021-04-04,31.7,39.1,23.8,22,47,0.0,0.0,14.0,34,25.7,7.44,964.2,5.5,394.0,18.664322,78.076546
TS-NZB,2021-04-05,31.1,38.7,22.7,30,53,0.0,0.0,13.4,98,23.37,6.86,965.3,10.5,394.0,18.664322,78.076546
TS-NZB,2021-04-06,31.8,39.5,23.6,31,62,0.0,0.0,15.1,138,24.08,7.06,965.4,10.4,394.0,18.664322,78.076546
TS-NZB,2021-04-07,32.0,38.3,26.0,32,55,0.0,0.0,16.3,190,21.06,6.65,965.9,12.1,394.0,18.664322,78.076546
TS-NZB,2021-04-08,32.3,37.6,27.3,31,47,0.0,0.0,18.7,192,18.44,6.65,964.4,12.2,394.0,18.664322,78.076546
TS-NZB,2021-04-09,31.7,38.1,28.3,33,44,0.0,0.0,23.4,163,19.98,6.01,964.4,13.0,394.0,18.664322,78.076546
TS-NZB,2021-04-10,30.7,37.5,26.0,42,66,0.0,0.0,19.2,151,21.0,6.26,966.0,15.7,394.0,18.664322,78.076546
TS-NZB,2021-04-11,29.8,36.7,25.1,47,66,0.2,0.2,15.6,175,20.19,5.4,967.8,16.8,394.0,18.664322,78.076546
TS-NZB,2021-04-12,29.2,33.6,25.9,50,63,1.4,1.4,13.3,156,20.45,4.94,968.4,17.4,394.0,18.664322,78.076546
TS-NZB,2021-04-13,29.2,36.3,24.5,52,73,1.2,1.2,16.0,153,21.02,5.29,967.6,17.8,394.0,18.664322,78.076546
TS-NZB,2021-04-14,28.8,34.1,23.4,46,76,0.4,0.4,16.5,137,19.8,6.17,967.1,15.0,394.0,18.664322,78.076546
TS-NZB,2021-04-15,29.1,35.1,22.9,43,67,0.0,0.0,12.3,155,22.58,6.01,966.0,14.3,394.0,18.664322,78.076546
TS-NZB,2021-04-16,30.1,36.3,23.3,38,63,0.0,0.0,14.6,102,23.55,7.02,965.3,12.7,394.0,18.664322,78.076546
TS-NZB,2021-04-17,30.8,36.6,25.3,37,60,0.0,0.0,13.3,170,22.14,6.68,966.1,13.7,394.0,18.664322,78.076546
TS-NZB,2021-04-18,31.6,37.3,24.6,36,65,0.0,0.0,12.8,210,21.31,6.28,966.5,13.7,394.0,18.664322,78.076546
TS-NZB,2021-04-19,32.7,38.6,26.5,32,58,0.0,0.0,14.2,208,21.46,6.69,964.3,12.6,394.0,18.664322,78.076546
TS-NZB,2021-04-20,33.3,39.8,27.4,28,47,0.0,0.0,16.8,229,25.24,7.64,963.3,10.8,394.0,18.664322,78.076546
TS-NZB,2021-04-21,32.8,38.5,27.3,33,56,0.0,0.0,16.3,235,22.63,7.36,964.9,13.1,394.0,18.664322,78.076546
TS-NZB,2021-04-22,31.4,37.4,24.6,41,75,0.0,0.0,12.4,137,22.63,6.29,965.9,15.0,394.0,18.664322,78.076546
TS-NZB,2021-04-23,31.5,37.5,25.2,39,65,0.0,0.0,13.5,213,20.79,6.13,965.7,15.0,394.0,18.664322,78.076546
TS-NZB,2021-04-24,32.0,38.5,25.5,34,61,0.0,0.0,13.9,186,24.54,6.95,965.0,12.1,394.0,18.664322,78.076546
TS-NZB,2021-04-25,33.1,38.9,26.5,31,56,0.0,0.0,15.5,179,22.6,6.75,964.6,12.7,394.0,18.664322,78.076546
TS-NZB,2021-04-26,31.6,38.4,27.0,36,51,1.5,1.5,19.1,203,20.89,6.29,964.9,14.4,394.0,18.664322,78.076546
TS-NZB,2021-04-27,32.1,38.7,25.8,32,54,0.0,0.0,13.2,179,23.92,6.98,965.1,12.1,394.0,18.664322,78.076546
TS-NZB,2021-04-28,32.7,39.8,26.9,29,46,0.0,0.0,18.3,220,22.79,7.05,965.6,11.3,394.0,18.664322,78.076546
TS-NZB,2021-04-29,32.2,38.9,26.7,30,44,0.0,0.0,17.7,211,21.08,6.9,965.0,11.6,394.0,18.664322,78.076546
TS-NZB,2021-04-30,32.6,39.1,25.8,30,50,0.0,0.0,15.6,201,23.19,7.03,964.3,11.4,394.0,18.664322,78.076546
TS-NZB,2021-05-01,31.3,38.5,26.4,40,57,0.4,0.4,24.9,152,21.23,6.15,964.8,15.8,394.0,18.664322,78.076546
TS-NZB,2021-05-02,31.2,38.3,26.3,40,54,0.0,0.0,14.7,97,23.36,6.14,965.4,15.5,394.0,18.664322,78.076546
TS-NZB,2021-05-03,29.4,36.3,22.7,54,90,0.2,0.2,15.3,131,22.76,5.86,964.8,18.3,394.0,18.664322,78.076546
TS-NZB,2021-05-04,31.1,36.8,25.6,44,65,0.0,0.0,9.6,173,21.72,5.64,964.1,16.5,394.0,18.664322,78.076546
TS-NZB,2021-05-05,31.3,37.3,26.4,47,68,0.0,0.0,13.4,206,21.86,6.08,963.9,17.9,394.0,18.664322,78.076546
TS-NZB,2021-05-06,31.6,36.7,26.6,48,69,0.0,0.0,12.2,184,21.65,5.78,965.0,18.8,394.0,18.664322,78.076546
TS-NZB,2021-05-07,30.7,36.1,26.9,51,65,0.0,0.0,14.1,189,18.9,5.44,965.8,19.2,394.0,18.664322,78.076546
TS-NZB,2021-05-08,30.9,37.8,25.7,53,74,0.1,0.1,17.1,158,19.21,5.28,964.9,19.6,394.0,18.664322,78.076546
TS-NZB,2021-05-09,31.8,36.9,27.1,47,60,0.1,0.1,11.3,205,20.68,5.78,963.6,18.8,394.0,18.664322,78.076546
TS-NZB,2021-05-10,31.4,37.6,24.6,52,88,2.1,2.1,13.7,188,22.25,5.42,963.1,19.6,394.0,18.664322,78.076546
TS-NZB,2021-05-11,33.5,39.1,27.7,42,68,0.0,0.0,15.8,226,22.87,7.33,962.2,17.9,394.0,18.664322,78.076546
TS-NZB,2021-05-12,33.5,39.6,28.3,38,64,0.0,0.0,16.6,229,26.16,8.04,960.7,15.5,394.0,18.664322,78.076546
TS-NZB,2021-05-13,33.2,37.7,29.0,38,56,0.0,0.0,19.5,246,22.67,7.14,960.8,16.5,394.0,18.664322,78.076546
TS-NZB,2021-05-14,32.5,37.7,27.7,47,65,0.3,0.3,17.8,186,20.82,6.67,960.4,19.2,394.0,18.664322,78.076546
TS-NZB,2021-05-15,32.2,37.6,27.3,50,66,0.1,0.1,22.1,128,24.0,8.02,959.9,19.8,394.0,18.664322,78.076546
TS-NZB,2021-05-16,29.7,34.1,26.8,62,75,0.2,0.2,21.7,132,13.41,5.12,960.9,21.3,394.0,18.664322,78.076546
TS-NZB,2021-05-17,31.3,36.8,26.3,55,80,0.0,0.0,17.3,153,21.83,6.81,961.9,20.5,394.0,18.664322,78.076546
TS-NZB,2021-05-18,31.8,37.3,27.5,51,74,0.8,0.8,17.7,177,22.53,7.03,961.9,20.0,394.0,18.664322,78.076546
TS-NZB,2021-05-19,32.1,37.5,27.0,50,73,0.0,0.0,20.4,211,22.78,7.4,961.4,19.9,394.0,18.664322,78.076546
TS-NZB,2021-05-20,31.7,37.5,24.9,47,88,0.5,0.5,15.8,264,23.11,7.0,961.8,17.7,394.0,18.664322,78.076546
TS-NZB,2021-05-21,33.1,38.5,27.1,34,59,0.0,0.0,12.0,16,24.08,7.12,961.9,13.9,394.0,18.664322,78.076546
TS-NZB,2021-05-22,33.5,39.0,27.4,35,64,0.0,0.0,17.5,176,23.63,7.65,961.0,14.8,394.0,18.664322,78.076546
TS-NZB,2021-05-23,33.8,38.0,28.8,32,47,0.0,0.0,16.2,336,21.17,7.22,961.7,14.5,394.0,18.664322,78.076546
TS-NZB,2021-05-24,34.1,39.3,29.4,29,41,0.0,0.0,19.7,330,20.4,7.78,961.8,13.0,394.0,18.664322,78.076546
TS-NZB,2021-05-25,33.6,39.0,28.0,28,47,0.0,0.0,22.3,325,22.72,8.48,959.8,11.4,394.0,18.664322,78.076546
TS-NZB,2021-05-26,34.2,39.6,28.5,30,56,0.0,0.0,22.4,309,23.93,9.63,958.1,12.9,394.0,18.664322,78.076546
TS-NZB,2021-05-27,32.4,37.6,27.6,40,58,0.0,0.0,20.2,276,20.45,7.77,959.4,16.6,394.0,18.664322,78.076546
TS-NZB,2021-05-28,31.8,37.0,28.0,46,67,0.0,0.0,20.2,265,14.96,5.87,961.2,18.4,394.0,18.664322,78.076546
TS-NZB,2021-05-29,32.2,38.8,27.3,50,74,1.2,1.2,18.0,253,21.27,6.94,962.1,20.0,394.0,18.664322,78.076546
TS-NZB,2021-05-30,29.0,34.9,24.8,66,92,4.5,4.5,14.4,281,13.35,3.63,962.5,21.4,394.0,18.664322,78.076546
TS-NZB,2021-05-31,31.2,36.8,27.3,53,75,0.7,0.7,18.8,277,22.13,6.23,960.7,20.1,394.0,18.664322,78.076546
TS-NZB,2021-06-01,31.2,36.7,26.9,56,75,0.5,0.5,17.3,272,22.7,6.05,961.6,21.0,394.0,18.664322,78.076546
TS-NZB,2021-06-02,29.4,33.1,24.7,68,93,4.5,4.5,9.5,344,16.2,3.96,962.8,22.6,394.0,18.664322,78.076546
TS-NZB,2021-06-03,28.9,33.9,26.8,65,79,1.7,1.7,11.2,229,15.69,4.03,963.9,21.4,394.0,18.664322,78.076546
TS-NZB,2021-06-04,28.8,32.3,25.8,59,74,0.0,0.0,10.2,250,15.66,4.36,964.7,19.8,394.0,18.664322,78.076546
TS-NZB,2021-06-05,29.0,34.7,24.7,67,91,4.9,4.9,9.6,237,20.84,4.81,963.6,21.8,394.0,18.664322,78.076546
TS-NZB,2021-06-06,29.2,34.7,24.0,66,92,7.2,7.2,15.4,209,22.61,5.51,963.4,21.5,394.0,18.664322,78.076546
TS-NZB,2021-06-07,28.9,33.5,25.9,66,78,3.8,3.8,14.2,251,20.19,5.22,963.0,21.7,394.0,18.664322,78.076546
TS-NZB,2021-06-08,29.8,34.8,25.4,61,83,1.0,1.0,13.4,268,22.29,5.9,961.8,21.0,394.0,18.664322,78.076546
TS-NZB,2021-06-09,26.4,30.8,24.1,82,95,37.5,37.5,16.8,273,11.28,2.9,960.6,22.9,394.0,18.664322,78.076546
TS-NZB,2021-06-10,26.3,29.9,23.8,80,94,15.4,15.4,22.1,264,13.13,3.44,959.6,22.4,394.0,18.664322,78.076546
TS-NZB,2021-06-11,27.0,31.5,22.8,71,91,2.5,2.5,27.2,265,14.72,4.53,959.0,20.9,394.0,18.664322,78.076546
TS-NZB,2021-06-12,27.4,31.7,23.9,71,85,1.1,1.1,20.6,267,14.71,4.1,958.7,21.6,394.0,18.664322,78.076546
TS-NZB,2021-06-13,28.2,33.7,24.2,72,90,1.7,1.7,18.2,272,20.38,5.2,958.1,22.5,394.0,18.664322,78.076546
TS-NZB,2021-06-14,26.6,31.4,23.8,79,94,6.4,6.4,18.0,254,9.24,2.8,957.8,22.5,394.0,18.664322,78.076546
TS-NZB,2021-06-15,27.1,32.9,24.0,76,91,1.7,1.7,19.6,241,16.87,4.33,957.2,22.4,394.0,18.664322,78.076546
TS-NZB,2021-06-16,27.4,31.2,24.7,72,85,0.9,0.9,21.2,240,16.32,4.51,958.6,21.8,394.0,18.664322,78.076546
TS-NZB,2021-06-17,25.7,28.6,23.5,81,93,5.4,5.4,21.3,246,7.39,2.46,959.6,22.0,394.0,18.664322,78.076546
TS-NZB,2021-06-18,27.3,31.0,24.6,69,81,0.8,0.8,20.2,241,15.86,4.73,960.4,21.1,394.0,18.664322,78.076546
TS-NZB,2021-06-19,26.5,30.7,23.6,73,91,1.4,1.4,20.3,237,11.45,3.72,962.1,21.1,394.0,18.664322,78.076546
TS-NZB,2021-06-20,28.1,33.0,24.0,62,82,0.2,0.2,22.7,248,21.57,6.02,962.6,19.9,394.0,18.664322,78.076546
TS-NZB,2021-06-21,28.2,32.5,24.1,63,78,0.1,0.1,17.8,269,22.8,5.82,962.7,20.2,394.0,18.664322,78.076546
TS-NZB,2021-06-22,28.8,33.1,25.9,62,74,0.1,0.1,14.8,282,19.3,5.25,961.9,20.6,394.0,18.664322,78.076546
TS-NZB,2021-06-23,26.3,28.6,24.4,73,91,2.3,2.3,14.5,265,8.34,2.58,962.1,20.8,394.0,18.664322,78.076546
TS-NZB,2021-06-24,26.1,29.8,24.0,76,87,1.2,1.2,19.1,265,10.98,3.24,962.5,21.2,394.0,18.664322,78.076546
TS-NZB,2021-06-25,26.0,31.4,23.2,79,89,5.9,5.9,22.0,269,14.14,3.59,961.1,21.9,394.0,18.664322,78.076546
TS-NZB,2021-06-26,27.1,31.2,24.2,75,94,6.1,6.1,17.8,287,19.46,4.64,960.8,22.0,394.0,18.664322,78.076546
TS-NZB,2021-06-27,25.2,30.1,23.3,87,96,16.3,16.3,16.3,273,12.43,2.74,962.3,22.8,394.0,18.664322,78.076546
TS-NZB,2021-06-28,26.8,32.2,22.6,80,98,3.0,3.0,11.5,255,18.78,4.08,962.0,22.7,394.0,18.664322,78.076546
TS-NZB,2021-06-29,28.1,33.1,23.8,74,93,1.2,1.2,10.2,261,21.13,4.78,962.1,22.6,394.0,18.664322,78.076546
TS-NZB,2021-06-30,29.0,33.5,25.4,71,82,2.0,2.0,12.4,270,21.8,5.11,961.5,22.9,394.0,18.664322,78.076546
TS-NZB,2021-07-01,28.1,32.8,25.8,74,86,3.5,3.5,12.8,254,17.23,4.21,960.3,22.9,394.0,18.664322,78.076546
TS-NZB,2021-07-02,26.6,28.7,24.3,74,92,0.3,0.3,14.1,233,7.2,2.41,961.3,21.5,394.0,18.664322,78.076546
TS-NZB,2021-07-03,28.2,31.8,25.4,62,75,0.0,0.0,13.4,261,18.42,4.89,962.1,20.1,394.0,18.664322,78.076546
TS-NZB,2021-07-04,28.9,33.3,24.6,63,75,0.1,0.1,13.1,276,21.84,5.3,962.1,20.7,394.0,18.664322,78.076546
TS-NZB,2021-07-05,28.9,33.0,25.8,67,82,0.0,0.0,13.1,292,19.41,4.7,961.7,21.8,394.0,18.664322,78.076546
TS-NZB,2021-07-06,28.8,33.6,26.1,70,91,2.2,2.2,11.7,258,21.98,5.13,961.0,22.5,394.0,18.664322,78.076546
TS-NZB,2021-07-07,27.8,34.0,25.0,78,93,19.9,19.9,13.1,252,19.55,4.55,960.8,23.3,394.0,18.664322,78.076546
TS-NZB,2021-07-08,24.4,25.5,23.0,90,94,12.5,12.5,17.5,260,7.47,1.71,961.3,22.6,394.0,18.664322,78.076546
TS-NZB,2021-07-09,25.7,29.7,23.4,85,97,1.3,1.3,13.3,264,14.68,3.17,959.3,22.9,394.0,18.664322,78.076546
TS-NZB,2021-07-10,26.0,29.6,23.0,86,97,16.7,16.7,12.4,266,17.45,3.61,957.9,23.4,394.0,18.664322,78.076546
TS-NZB,2021-07-11,25.9,29.7,24.0,88,95,24.4,24.4,13.2,265,15.37,3.2,957.4,23.7,394.0,18.664322,78.076546
TS-NZB,2021-07-12,26.1,30.3,23.7,86,98,21.6,21.6,7.7,208,15.88,3.34,957.4,23.4,394.0,18.664322,78.076546
TS-NZB,2021-07-13,25.7,29.8,23.6,85,96,9.6,9.6,13.6,254,17.67,3.69,957.6,22.9,394.0,18.664322,78.076546
TS-NZB,2021-07-14,24.2,25.8,23.2,94,98,88.1,88.1,15.7,261,5.51,1.23,957.5,23.1,394.0,18.664322,78.076546
TS-NZB,2021-07-15,25.8,30.4,23.2,84,97,10.1,10.1,12.0,252,16.23,3.43,957.4,22.7,394.0,18.664322,78.076546
TS-NZB,2021-07-16,26.9,30.8,24.0,81,95,4.9,4.9,10.2,162,18.96,4.07,960.6,23.2,394.0,18.664322,78.076546
TS-NZB,2021-07-17,27.3,31.8,23.9,80,95,2.7,2.7,9.2,248,20.29,4.38,961.5,23.4,394.0,18.664322,78.076546
TS-NZB,2021-07-18,27.1,31.9,24.3,82,94,5.5,5.5,11.2,232,20.65,4.47,959.9,23.6,394.0,18.664322,78.076546
TS-NZB,2021-07-19,26.7,30.6,23.8,81,96,3.2,3.2,16.1,251,21.71,4.69,959.1,23.0,394.0,18.664322,78.076546
TS-NZB,2021-07-20,26.0,29.3,23.6,81,92,2.6,2.6,23.9,265,15.61,3.69,961.0,22.4,394.0,18.664322,78.076546
TS-NZB,2021-07-21,24.0,25.0,23.4,92,93,32.8,32.8,21.2,257,5.43,1.42,959.4,22.5,394.0,18.664322,78.076546
TS-NZB,2021-07-22,24.0,26.3,23.0,91,94,46.0,46.0,26.7,266,8.28,1.86,955.3,22.5,394.0,18.664322,78.076546
TS-NZB,2021-07-23,24.2,25.8,23.0,92,94,20.9,20.9,22.8,257,5.75,1.46,956.3,22.8,394.0,18.664322,78.076546
TS-NZB,2021-07-24,26.5,30.4,23.1,78,92,0.9,0.9,23.4,262,15.54,3.99,957.8,22.1,394.0,18.664322,78.076546
TS-NZB,2021-07-25,27.5,31.5,24.1,71,83,0.5,0.5,25.4,254,20.29,5.23,959.1,21.5,394.0,18.664322,78.076546
TS-NZB,2021-07-26,27.7,31.8,24.1,69,84,0.7,0.7,25.3,253,21.34,5.52,960.0,21.3,394.0,18.664322,78.076546
TS-NZB,2021-07-27,27.6,31.9,24.1,67,81,0.7,0.7,24.3,255,22.23,5.87,959.5,20.8,394.0,18.664322,78.076546
TS-NZB,2021-07-28,26.9,30.8,23.9,70,79,0.6,0.6,26.5,256,18.11,4.89,960.4,20.8,394.0,18.664322,78.076546
TS-NZB,2021-07-29,25.8,28.5,24.3,74,84,0.3,0.3,29.9,254,9.57,3.34,961.1,20.7,394.0,18.664322,78.076546
TS-NZB,2021-07-30,25.9,29.7,23.6,73,82,0.2,0.2,27.8,260,12.45,3.89,961.5,20.7,394.0,18.664322,78.076546
TS-NZB,2021-07-31,27.1,31.2,23.7,67,79,0.3,0.3,27.9,266,19.77,5.57,961.6,20.1,394.0,18.664322,78.076546
TS-NZB,2021-08-01,26.5,29.7,23.7,69,79,0.3,0.3,26.7,262,16.61,4.77,960.8,20.3,394.0,18.664322,78.076546
TS-NZB,2021-08-02,26.5,30.9,23.5,71,85,1.7,1.7,23.8,260,20.84,5.27,961.3,20.5,394.0,18.664322,78.076546
TS-NZB,2021-08-03,26.8,31.0,23.4,70,81,0.2,0.2,25.6,259,21.28,5.3,962.8,20.5,394.0,18.664322,78.076546
TS-NZB,2021-08-04,27.2,31.3,24.4,71,83,1.4,1.4,22.0,258,20.21,5.13,962.7,21.3,394.0,18.664322,78.076546
TS-NZB,2021-08-05,27.2,30.3,24.3,70,81,0.8,0.8,22.4,264,17.56,4.62,961.0,21.0,394.0,18.664322,78.076546
TS-NZB,2021-08-06,27.2,30.3,24.5,69,79,0.2,0.2,20.9,272,17.14,4.37,960.4,20.9,394.0,18.664322,78.076546
TS-NZB,2021-08-07,28.0,31.9,24.7,64,79,0.0,0.0,17.0,257,20.91,5.29,961.5,20.3,394.0,18.664322,78.076546
TS-NZB,2021-08-08,27.8,31.0,25.3,71,81,0.2,0.2,12.6,243,20.19,4.79,962.8,21.9,394.0,18.664322,78.076546
TS-NZB,2021-08-09,28.3,33.0,25.1,69,80,1.4,1.4,11.9,252,21.58,5.14,963.3,22.0,394.0,18.664322,78.076546
TS-NZB,2021-08-10,28.1,32.2,25.0,74,91,0.8,0.8,14.0,280,20.72,4.79,963.1,22.9,394.0,18.664322,78.076546
TS-NZB,2021-08-11,28.3,31.9,25.6,68,81,0.6,0.6,14.8,295,22.9,5.35,963.1,21.7,394.0,18.664322,78.076546
TS-NZB,2021-08-12,27.7,31.0,25.0,71,83,0.6,0.6,13.4,284,16.97,4.09,963.7,21.8,394.0,18.664322,78.076546
TS-NZB,2021-08-13,27.4,31.4,24.9,72,83,0.3,0.3,13.6,286,17.49,4.2,962.6,21.7,394.0,18.664322,78.076546
TS-NZB,2021-08-14,27.9,31.8,25.2,64,79,0.7,0.7,16.1,283,20.96,5.29,961.0,20.3,394.0,18.664322,78.076546
TS-NZB,2021-08-15,27.9,31.8,24.9,66,78,0.2,0.2,16.9,285,21.42,5.33,961.3,20.8,394.0,18.664322,78.076546
TS-NZB,2021-08-16,25.6,29.9,23.5,83,94,7.4,7.4,13.1,273,12.03,2.85,962.4,22.4,394.0,18.664322,78.076546
TS-NZB,2021-08-17,23.9,24.6,23.5,95,96,39.5,39.5,12.6,270,4.69,1.08,961.8,23.0,394.0,18.664322,78.076546
TS-NZB,2021-08-18,23.7,25.4,23.0,93,96,46.1,46.1,18.4,260,6.58,1.44,960.3,22.5,394.0,18.664322,78.076546
TS-NZB,2021-08-19,24.5,27.5,22.7,86,96,8.8,8.8,25.7,270,15.69,3.23,960.3,22.0,394.0,18.664322,78.076546
TS-NZB,2021-08-20,24.9,28.1,22.7,84,94,1.6,1.6,16.7,263,13.53,3.03,961.4,21.9,394.0,18.664322,78.076546
TS-NZB,2021-08-21,25.5,30.1,22.4,82,95,1.1,1.1,10.8,231,18.73,3.98,963.2,22.2,394.0,18.664322,78.076546
TS-NZB,2021-08-22,26.5,30.2,23.2,78,90,4.9,4.9,13.0,247,21.75,4.64,963.7,22.1,394.0,18.664322,78.076546
TS-NZB,2021-08-23,27.1,31.2,23.9,78,94,2.5,2.5,12.0,237,22.65,4.85,963.6,22.8,394.0,18.664322,78.076546
TS-NZB,2021-08-24,26.7,31.6,23.7,84,98,6.8,6.8,9.3,229,20.08,4.2,963.1,23.5,394.0,18.664322,78.076546
TS-NZB,2021-08-25,26.5,30.9,24.2,85,94,5.9,5.9,11.5,256,18.6,3.91,962.0,23.6,394.0,18.664322,78.076546
TS-NZB,2021-08-26,26.3,30.5,24.2,83,93,5.1,5.1,12.7,257,19.28,4.06,960.8,23.1,394.0,18.664322,78.076546
TS-NZB,2021-08-27,26.1,30.2,23.9,83,93,2.5,2.5,11.0,259,18.81,3.97,960.6,22.9,394.0,18.664322,78.076546
TS-NZB,2021-08-28,25.6,28.8,23.4,84,94,2.5,2.5,11.2,246,13.05,2.87,959.3,22.7,394.0,18.664322,78.076546
TS-NZB,2021-08-29,25.5,29.0,23.2,86,95,3.5,3.5,14.1,286,14.22,3.04,958.2,23.0,394.0,18.664322,78.076546
TS-NZB,2021-08-30,24.6,27.5,23.2,93,98,37.7,37.7,19.3,297,10.82,2.22,958.7,23.3,394.0,18.664322,78.076546
TS-NZB,2021-08-31,25.4,29.8,22.8,86,98,28.2,28.2,11.9,233,15.22,3.24,960.0,22.8,394.0,18.664322,78.076546
TS-NZB,2021-09-01,26.3,30.2,23.4,78,93,4.4,4.4,12.1,212,16.96,3.79,962.5,22.0,394.0,18.664322,78.076546
TS-NZB,2021-09-02,25.6,29.5,23.2,86,96,2.4,2.4,7.5,226,17.19,3.49,962.3,23.1,394.0,18.664322,78.076546
TS-NZB,2021-09-03,25.6,29.0,23.1,86,95,2.0,2.0,8.1,265,14.83,3.1,961.3,22.9,394.0,18.664322,78.076546
TS-NZB,2021-09-04,25.2,28.6,23.2,89,98,32.6,32.6,13.6,270,15.76,3.21,961.1,23.1,394.0,18.664322,78.076546
TS-NZB,2021-09-05,24.5,28.5,22.4,89,97,20.7,20.7,15.9,294,14.32,2.87,960.5,22.5,394.0,18.664322,78.076546
TS-NZB,2021-09-06,24.1,27.0,22.3,94,98,24.1,24.1,12.9,281,8.86,1.83,959.9,22.9,394.0,18.664322,78.076546
TS-NZB,2021-09-07,24.4,26.6,22.6,91,99,35.0,35.0,18.8,244,8.94,1.99,957.7,22.7,394.0,18.664322,78.076546
TS-NZB,2021-09-08,26.6,30.7,23.3,75,87,1.1,1.1,24.7,221,20.15,4.86,959.6,21.7,394.0,18.664322,78.076546
TS-NZB,2021-09-09,26.8,31.0,23.8,73,89,1.9,1.9,22.7,247,19.36,4.77,962.4,21.4,394.0,18.664322,78.076546
TS-NZB,2021-09-10,26.6,30.4,23.6,75,87,0.5,0.5,20.5,259,18.71,4.41,962.2,21.6,394.0,18.664322,78.076546
TS-NZB,2021-09-11,26.2,30.2,23.9,78,89,1.7,1.7,16.2,254,14.89,3.62,960.8,22.0,394.0,18.664322,78.076546
TS-NZB,2021-09-12,26.5,31.2,23.6,77,88,0.8,0.8,18.8,248,18.14,4.29,958.9,22.1,394.0,18.664322,78.076546
TS-NZB,2021-09-13,26.1,30.2,24.1,82,93,11.7,11.7,19.5,251,16.41,3.79,957.9,22.5,394.0,18.664322,78.076546
TS-NZB,2021-09-14,26.2,29.1,23.8,80,93,0.7,0.7,20.2,249,10.79,2.93,958.7,22.4,394.0,18.664322,78.076546
TS-NZB,2021-09-15,26.6,30.7,23.7,72,87,0.5,0.5,19.3,238,19.68,4.78,960.7,20.8,394.0,18.664322,78.076546
TS-NZB,2021-09-16,26.5,30.7,23.4,68,83,0.0,0.0,17.8,243,20.7,5.02,961.6,19.9,394.0,18.664322,78.076546
TS-NZB,2021-09-17,26.4,30.1,23.1,71,83,0.6,0.6,15.1,257,21.77,4.88,961.7,20.5,394.0,18.664322,78.076546
TS-NZB,2021-09-18,27.0,31.2,24.0,69,85,0.0,0.0,13.9,264,16.33,3.94,963.4,20.6,394.0,18.664322,78.076546
TS-NZB,2021-09-19,26.9,30.1,23.3,73,89,0.5,0.5,10.0,245,17.23,3.89,965.2,21.5,394.0,18.664322,78.076546
TS-NZB,2021-09-20,25.6,29.6,23.5,86,96,17.8,17.8,14.0,267,14.44,3.0,964.1,23.0,394.0,18.664322,78.076546
TS-NZB,2021-09-21,23.7,25.6,22.5,94,99,33.1,33.1,11.0,268,5.15,1.15,962.9,22.6,394.0,18.664322,78.076546
TS-NZB,2021-09-22,23.9,26.3,22.4,92,97,19.0,19.0,13.9,270,8.39,1.75,961.0,22.6,394.0,18.664322,78.076546
TS-NZB,2021-09-23,24.3,27.5,22.6,93,98,26.9,26.9,11.4,252,10.14,2.04,961.2,23.0,394.0,18.664322,78.076546
TS-NZB,2021-09-24,25.2,28.5,22.4,87,97,6.4,6.4,11.3,287,14.73,3.0,962.6,22.8,394.0,18.664322,78.076546
TS-NZB,2021-09-25,25.1,28.7,23.1,88,98,10.3,10.3,13.8,276,15.47,3.11,962.4,23.0,394.0,18.664322,78.076546
TS-NZB,2021-09-26,24.4,27.8,22.4,89,97,10.8,10.8,12.2,293,13.66,2.78,960.5,22.6,394.0,18.664322,78.076546
TS-NZB,2021-09-27,24.0,27.1,22.7,94,98,37.1,37.1,17.4,304,6.91,1.5,957.7,23.0,394.0,18.664322,78.076546
TS-NZB,2021-09-28,24.4,27.8,22.8,86,96,98.6,98.6,28.7,227,10.2,2.41,957.6,21.9,394.0,18.664322,78.076546
TS-NZB,2021-09-29,26.4,30.3,22.7,76,89,0.3,0.3,14.0,215,19.07,4.19,962.7,21.7,394.0,18.664322,78.076546
TS-NZB,2021-09-30,26.6,30.0,23.3,79,90,1.4,1.4,9.2,244,17.91,3.79,964.5,22.6,394.0,18.664322,78.076546
TS-NZB,2021-10-01,26.6,30.6,23.9,86,97,17.6,17.6,7.6,73,19.35,3.98,964.8,23.9,394.0,18.664322,78.076546
TS-NZB,2021-10-02,26.0,30.1,22.9,84,99,3.4,3.4,7.3,61,14.7,3.13,965.1,22.8,394.0,18.664322,78.076546
TS-NZB,2021-10-03,26.6,30.9,23.9,84,94,4.3,4.3,7.7,121,18.5,3.87,964.5,23.5,394.0,18.664322,78.076546
TS-NZB,2021-10-04,27.1,31.2,23.6,83,97,3.2,3.2,10.0,47,19.22,4.03,963.8,23.9,394.0,18.664322,78.076546
TS-NZB,2021-10-05,26.3,30.0,23.5,86,97,3.3,3.3,11.3,63,16.2,3.38,964.1,23.6,394.0,18.664322,78.076546
TS-NZB,2021-10-06,26.1,29.8,23.4,86,97,5.8,5.8,14.8,74,16.99,3.46,963.5,23.5,394.0,18.664322,78.076546
TS-NZB,2021-10-07,27.0,30.9,22.9,79,96,0.8,0.8,9.0,105,20.45,4.33,963.0,22.9,394.0,18.664322,78.076546
TS-NZB,2021-10-08,27.1,30.5,23.7,80,94,1.8,1.8,7.1,164,18.04,3.83,963.0,23.1,394.0,18.664322,78.076546
TS-NZB,2021-10-09,26.2,30.5,23.5,86,97,1.9,1.9,10.4,281,16.76,3.5,964.0,23.4,394.0,18.664322,78.076546
TS-NZB,2021-10-10,26.3,30.1,23.4,83,98,0.7,0.7,12.9,312,18.31,3.78,964.0,23.0,394.0,18.664322,78.076546
TS-NZB,2021-10-11,26.5,31.1,21.5,72,99,0.0,0.0,11.3,352,20.73,4.48,962.9,20.3,394.0,18.664322,78.076546
TS-NZB,2021-10-12,26.2,31.2,21.4,68,89,0.0,0.0,10.2,26,21.09,4.68,962.7,19.2,394.0,18.664322,78.076546
TS-NZB,2021-10-13,26.3,31.4,21.0,66,84,0.0,0.0,11.3,356,20.46,4.55,962.5,19.0,394.0,18.664322,78.076546
TS-NZB,2021-10-14,26.9,31.9,22.7,66,83,0.0,0.0,10.7,355,20.67,4.78,962.0,19.6,394.0,18.664322,78.076546
TS-NZB,2021-10-15,26.2,31.1,20.8,67,82,0.0,0.0,11.8,20,20.47,4.57,959.8,19.4,394.0,18.664322,78.076546
TS-NZB,2021-10-16,24.3,28.7,22.5,90,98,35.5,35.5,13.9,45,12.31,2.49,959.4,22.4,394.0,18.664322,78.076546
TS-NZB,2021-10-17,25.5,30.4,22.5,83,98,10.6,10.6,11.8,240,15.36,3.32,959.6,22.2,394.0,18.664322,78.076546
TS-NZB,2021-10-18,26.2,30.4,23.1,77,92,2.0,2.0,16.8,264,20.21,4.43,961.8,21.6,394.0,18.664322,78.076546
TS-NZB,2021-10-19,25.7,30.4,22.2,69,93,0.0,0.0,12.8,303,21.34,4.7,965.8,19.0,394.0,18.664322,78.076546
TS-NZB,2021-10-20,24.6,29.8,20.1,67,85,0.0,0.0,9.8,340,21.3,4.61,968.3,17.7,394.0,18.664322,78.076546
TS-NZB,2021-10-21,24.2,29.5,18.8,68,90,0.0,0.0,9.0,345,21.46,4.56,968.7,17.4,394.0,18.664322,78.076546
TS-NZB,2021-10-22,24.5,29.6,19.1,62,85,0.0,0.0,9.6,20,21.44,4.61,968.9,16.0,394.0,18.664322,78.076546
TS-NZB,2021-10-23,24.5,30.1,19.5,60,78,0.0,0.0,9.6,48,21.12,4.68,968.9,15.8,394.0,18.664322,78.076546
TS-NZB,2021-10-24,24.4,30.0,19.3,66,84,0.0,0.0,11.7,49,20.51,4.52,968.9,17.1,394.0,18.664322,78.076546
TS-NZB,2021-10-25,24.2,29.4,19.3,63,86,0.0,0.0,10.3,19,21.2,4.52,968.4,16.3,394.0,18.664322,78.076546
TS-NZB,2021-10-26,24.2,28.9,19.7,61,80,0.0,0.0,12.3,43,19.06,4.33,967.5,15.9,394.0,18.664322,78.076546
TS-NZB,2021-10-27,24.1,29.4,18.1,62,90,0.0,0.0,15.3,43,20.26,4.62,968.1,16.0,394.0,18.664322,78.076546
TS-NZB,2021-10-28,23.7,29.7,17.9,65,88,0.0,0.0,15.3,30,20.07,4.58,968.4,16.2,394.0,18.664322,78.076546
TS-NZB,2021-10-29,24.1,29.4,19.1,64,79,0.0,0.0,13.0,38,19.79,4.51,969.5,16.5,394.0,18.664322,78.076546
TS-NZB,2021-10-30,24.7,29.6,20.6,66,80,0.0,0.0,12.9,40,17.51,4.06,970.0,17.8,394.0,18.664322,78.076546
TS-NZB,2021-10-31,24.6,30.0,20.1,67,90,0.0,0.0,11.4,38,20.46,4.45,969.3,17.6,394.0,18.664322,78.076546
TS-NZB,2021-11-01,24.3,30.3,19.8,62,86,0.0,0.0,11.4,60,20.62,4.68,968.2,15.9,394.0,18.664322,78.076546
TS-NZB,2021-11-02,24.3,29.1,20.2,68,87,0.2,0.2,12.3,94,14.81,3.58,968.1,18.0,394.0,18.664322,78.076546
TS-NZB,2021-11-03,24.2,29.2,20.7,82,96,2.8,2.8,17.7,89,14.85,3.07,968.1,20.7,394.0,18.664322,78.076546
TS-NZB,2021-11-04,24.8,29.9,20.7,79,97,0.2,0.2,11.9,90,17.88,3.84,967.5,20.5,394.0,18.664322,78.076546
TS-NZB,2021-11-05,25.1,30.0,20.9,74,95,0.1,0.1,11.3,88,18.55,4.1,967.3,19.8,394.0,18.664322,78.076546
TS-NZB,2021-11-06,24.7,29.9,20.0,67,91,0.0,0.0,11.0,72,20.15,4.42,966.4,17.7,394.0,18.664322,78.076546
TS-NZB,2021-11-07,23.7,29.1,19.6,58,78,0.0,0.0,13.3,99,20.19,4.69,966.5,14.4,394.0,18.664322,78.076546
TS-NZB,2021-11-08,22.9,28.8,17.6,58,87,0.0,0.0,14.5,75,20.2,4.62,967.6,13.1,394.0,18.664322,78.076546
TS-NZB,2021-11-09,22.6,29.0,17.1,57,72,0.0,0.0,14.3,65,19.5,4.48,968.0,13.1,394.0,18.664322,78.076546
TS-NZB,2021-11-10,23.2,29.4,17.1,58,85,0.0,0.0,12.8,47,19.32,4.54,967.2,13.9,394.0,18.664322,78.076546
TS-NZB,2021-11-11,22.7,27.2,18.3,61,79,0.0,0.0,13.8,28,12.73,3.35,965.6,14.3,394.0,18.664322,78.076546
TS-NZB,2021-11-12,23.3,27.1,20.5,74,89,3.6,3.6,9.7,42,8.77,2.21,965.4,18.4,394.0,18.664322,78.076546
TS-NZB,2021-11-13,25.1,29.9,22.1,81,96,2.2,2.2,11.8,63,12.88,2.92,965.3,21.5,394.0,18.664322,78.076546
TS-NZB,2021-11-14,24.8,29.3,21.9,84,98,4.9,4.9,8.7,89,12.91,2.75,965.4,21.8,394.0,18.664322,78.076546
TS-NZB,2021-11-15,25.1,29.2,21.5,82,98,1.0,1.0,11.6,84,15.44,3.3,964.4,21.6,394.0,18.664322,78.076546
TS-NZB,2021-11-16,25.6,30.5,22.2,79,95,0.7,0.7,13.6,98,15.56,3.57,964.8,21.4,394.0,18.664322,78.076546
TS-NZB,2021-11-17,25.7,30.6,22.2,77,97,1.3,1.3,14.8,101,15.53,3.67,966.5,21.1,394.0,18.664322,78.076546
TS-NZB,2021-11-18,25.4,29.5,21.9,79,97,0.3,0.3,9.1,90,11.56,2.69,965.6,21.4,394.0,18.664322,78.076546
TS-NZB,2021-11-19,25.4,29.3,22.5,76,90,0.6,0.6,17.3,92,11.94,3.01,963.5,20.7,394.0,18.664322,78.076546
TS-NZB,2021-11-20,25.1,28.6,22.7,81,91,0.7,0.7,15.0,104,10.7,2.67,963.6,21.5,394.0,18.664322,78.076546
TS-NZB,2021-11-21,25.6,30.0,22.7,78,93,1.2,1.2,14.2,117,12.6,3.02,966.1,21.3,394.0,18.664322,78.076546
TS-NZB,2021-11-22,25.6,30.5,21.6,80,97,0.3,0.3,11.3,90,15.79,3.43,967.6,21.6,394.0,18.664322,78.076546
TS-NZB,2021-11-23,25.8,30.3,22.3,78,97,0.0,0.0,8.3,36,15.67,3.41,967.2,21.4,394.0,18.664322,78.076546
TS-NZB,2021-11-24,25.8,30.8,21.8,73,95,0.1,0.1,10.1,92,17.5,3.93,967.6,20.2,394.0,18.664322,78.076546
TS-NZB,2021-11-25,25.3,30.4,21.3,66,85,0.0,0.0,11.3,84,18.48,4.1,968.2,18.1,394.0,18.664322,78.076546
TS-NZB,2021-11-26,24.7,29.8,20.3,61,81,0.0,0.0,11.2,87,18.49,4.21,968.4,16.3,394.0,18.664322,78.076546
TS-NZB,2021-11-27,24.0,29.3,19.9,61,82,0.0,0.0,13.2,74,18.38,4.17,968.7,15.4,394.0,18.664322,78.076546
TS-NZB,2021-11-28,22.8,28.3,17.2,58,81,0.0,0.0,14.8,76,18.17,4.36,969.6,13.7,394.0,18.664322,78.076546
TS-NZB,2021-11-29,23.8,29.0,19.7,55,70,0.0,0.0,13.8,76,15.63,4.21,970.0,13.9,394.0,18.664322,78.076546
TS-NZB,2021-11-30,23.9,28.1,20.8,53,70,0.0,0.0,12.1,77,13.15,3.67,969.7,13.3,394.0,18.664322,78.076546
TS-NZB,2021-12-01,24.0,29.7,19.0,54,70,0.0,0.0,11.6,81,17.57,4.53,968.4,13.5,394.0,18.664322,78.076546
TS-NZB,2021-12-02,24.8,31.2,18.9,59,76,0.0,0.0,13.0,102,15.15,3.74,967.8,15.8,394.0,18.664322,78.076546
TS-NZB,2021-12-03,25.3,30.6,21.1,61,82,0.0,0.0,13.8,74,14.51,3.8,968.3,16.7,394.0,18.664322,78.076546
TS-NZB,2021-12-04,24.3,29.8,19.9,56,78,0.0,0.0,9.8,41,17.37,4.16,968.3,14.1,394.0,18.664322,78.076546
TS-NZB,2021-12-05,24.3,30.1,19.4,57,77,0.0,0.0,9.7,62,17.65,4.21,968.2,14.5,394.0,18.664322,78.076546
TS-NZB,2021-12-06,24.8,30.6,19.1,54,75,0.0,0.0,10.6,77,17.74,4.39,968.0,14.4,394.0,18.664322,78.076546
TS-NZB,2021-12-07,24.5,30.4,18.9,59,86,0.0,0.0,9.4,58,17.26,4.13,969.1,15.2,394.0,18.664322,78.076546
TS-NZB,2021-12-08,24.9,30.3,19.7,54,77,0.0,0.0,12.7,79,16.81,4.37,969.4,14.1,394.0,18.664322,78.076546
TS-NZB,2021-12-09,24.8,29.9,19.6,58,84,0.0,0.0,8.7,74,13.79,3.39,970.8,15.5,394.0,18.664322,78.076546
TS-NZB,2021-12-10,24.6,30.1,20.0,60,79,0.0,0.0,11.2,83,14.8,3.78,971.5,15.9,394.0,18.664322,78.076546
TS-NZB,2021-12-11,24.6,30.1,20.9,60,86,0.0,0.0,11.3,66,16.44,4.03,971.3,15.7,394.0,18.664322,78.076546
TS-NZB,2021-12-12,23.1,28.9,18.5,54,77,0.0,0.0,13.4,76,17.5,4.33,971.5,12.6,394.0,18.664322,78.076546
TS-NZB,2021-12-13,22.4,28.5,17.3,55,77,0.0,0.0,10.2,73,16.91,4.05,970.5,12.4,394.0,18.664322,78.076546
TS-NZB,2021-12-14,22.4,28.1,17.3,54,76,0.0,0.0,12.7,82,15.51,3.9,969.9,12.2,394.0,18.664322,78.076546
TS-NZB,2021-12-15,21.7,27.1,18.1,55,73,0.0,0.0,10.5,96,15.39,3.81,970.2,11.6,394.0,18.664322,78.076546
TS-NZB,2021-12-16,21.4,27.6,17.2,51,71,0.0,0.0,13.1,99,16.22,4.17,970.9,10.2,394.0,18.664322,78.076546
TS-NZB,2021-12-17,21.1,27.4,16.3,54,71,0.0,0.0,13.2,91,17.46,4.1,971.3,10.9,394.0,18.664322,78.076546
TS-NZB,2021-12-18,21.1,26.9,16.4,55,75,0.0,0.0,11.0,74,17.69,3.96,971.2,11.1,394.0,18.664322,78.076546
TS-NZB,2021-12-19,20.3,26.4,15.6,61,86,0.0,0.0,10.2,72,17.61,3.75,971.9,12.0,394.0,18.664322,78.076546
TS-NZB,2021-12-20,19.7,26.1,15.0,57,80,0.0,0.0,11.3,78,17.75,3.81,971.8,10.2,394.0,18.664322,78.076546
TS-NZB,2021-12-21,19.5,26.2,13.8,47,71,0.0,0.0,8.5,83,17.8,3.81,971.0,7.1,394.0,18.664322,78.076546
TS-NZB,2021-12-22,20.5,27.4,13.6,45,68,0.0,0.0,10.5,95,17.74,4.08,969.3,7.5,394.0,18.664322,78.076546
TS-NZB,2021-12-23,21.8,29.3,14.5,47,73,0.0,0.0,10.6,110,17.57,4.08,968.6,9.0,394.0,18.664322,78.076546
TS-NZB,2021-12-24,23.2,30.6,16.2,48,72,0.0,0.0,11.2,178,17.51,4.3,968.1,10.8,394.0,18.664322,78.076546
TS-NZB,2021-12-25,23.3,29.4,17.5,54,72,0.0,0.0,10.8,222,17.3,4.07,968.8,12.9,394.0,18.664322,78.076546
TS-NZB,2021-12-26,23.2,29.8,17.2,59,86,0.0,0.0,9.4,230,17.14,3.91,970.1,14.0,394.0,18.664322,78.076546
TS-NZB,2021-12-27,23.6,29.4,18.2,62,89,0.0,0.0,10.7,135,15.77,3.52,970.9,15.3,394.0,18.664322,78.076546
TS-NZB,2021-12-28,24.1,30.2,19.5,56,84,0.0,0.0,14.8,174,16.64,4.41,969.6,13.9,394.0,18.664322,78.076546
TS-NZB,2021-12-29,22.1,28.4,17.0,66,93,0.2,0.2,13.1,79,15.9,3.54,970.0,14.8,394.0,18.664322,78.076546
TS-NZB,2021-12-30,21.1,26.5,16.9,73,97,0.4,0.4,14.2,73,14.02,3.25,972.7,15.5,394.0,18.664322,78.076546
TS-NZB,2021-12-31,21.6,27.8,16.5,71,97,0.0,0.0,12.0,76,16.88,3.58,973.5,15.5,394.0,18.664322,78.076546
TS-NZB,2022-01-01,21.9,28.0,17.2,69,93,0.0,0.0,10.8,81,16.1,3.48,973.3,15.4,394.0,18.664322,78.076546
TS-NZB,2022-01-02,21.9,28.0,17.0,64,89,0.0,0.0,11.2,85,16.94,3.77,971.9,14.2,394.0,18.664322,78.076546
TS-NZB,2022-01-03,21.5,27.6,16.4,61,84,0.0,0.0,9.3,75,17.6,3.89,971.2,13.0,394.0,18.664322,78.076546
TS-NZB,2022-01-04,21.8,28.2,16.5,58,83,0.0,0.0,11.5,91,17.79,4.13,971.1,12.2,394.0,18.664322,78.076546
TS-NZB,2022-01-05,22.2,29.0,16.0,58,82,0.0,0.0,11.0,160,17.56,3.81,970.4,12.9,394.0,18.664322,78.076546
TS-NZB,2022-01-06,23.3,29.6,18.5,55,81,0.0,0.0,15.3,146,17.81,4.42,969.4,12.6,394.0,18.664322,78.076546
TS-NZB,2022-01-07,23.5,29.3,19.0,55,83,0.0,0.0,15.1,145,17.88,4.66,969.1,12.8,394.0,18.664322,78.076546
TS-NZB,2022-01-08,22.9,28.4,19.3,68,90,0.9,0.9,15.8,166,13.6,3.49,969.4,16.3,394.0,18.664322,78.076546
TS-NZB,2022-01-09,23.5,28.8,20.1,67,83,0.5,0.5,15.5,191,15.6,3.81,967.8,16.5,394.0,18.664322,78.076546
TS-NZB,2022-01-10,21.5,27.2,18.0,80,99,2.6,2.6,9.2,110,13.15,2.71,968.7,17.5,394.0,18.664322,78.076546
TS-NZB,2022-01-11,19.6,22.9,17.8,90,99,3.6,3.6,8.8,82,8.76,1.72,968.7,17.7,394.0,18.664322,78.076546
TS-NZB,2022-01-12,20.5,26.1,16.3,82,100,0.6,0.6,11.8,81,13.83,2.74,968.3,16.9,394.0,18.664322,78.076546
TS-NZB,2022-01-13,20.0,23.6,17.8,86,98,4.1,4.1,12.4,76,8.81,1.83,968.1,17.5,394.0,18.664322,78.076546
TS-NZB,2022-01-14,20.4,26.2,17.1,84,98,1.2,1.2,12.5,88,13.43,2.67,967.8,17.3,394.0,18.664322,78.076546
TS-NZB,2022-01-15,19.8,24.5,16.0,81,99,0.7,0.7,10.4,52,13.11,2.62,969.6,16.2,394.0,18.664322,78.076546
TS-NZB,2022-01-16,20.5,25.9,16.4,78,95,0.0,0.0,12.7,82,15.72,3.09,971.2,16.0,394.0,18.664322,78.076546
TS-NZB,2022-01-17,21.3,26.8,17.3,72,92,0.0,0.0,9.4,85,15.74,3.27,972.2,15.5,394.0,18.664322,78.076546
TS-NZB,2022-01-18,21.3,26.6,16.3,69,89,0.0,0.0,8.7,104,18.05,3.57,970.9,14.9,394.0,18.664322,78.076546
TS-NZB,2022-01-19,20.9,26.5,15.8,68,93,0.0,0.0,8.5,17,18.57,3.66,969.2,14.3,394.0,18.664322,78.076546
TS-NZB,2022-01-20,21.7,28.4,15.7,60,83,0.0,0.0,8.0,216,18.77,3.98,966.5,12.8,394.0,18.664322,78.076546
TS-NZB,2022-01-21,22.3,29.0,17.1,56,74,0.0,0.0,14.7,284,18.89,4.42,966.2,12.3,394.0,18.664322,78.076546
TS-NZB,2022-01-22,23.4,30.5,16.9,53,80,0.0,0.0,13.8,225,18.74,4.65,964.2,12.6,394.0,18.664322,78.076546
TS-NZB,2022-01-23,22.1,27.5,18.1,59,81,0.0,0.0,15.9,280,15.81,3.86,964.6,13.3,394.0,18.664322,78.076546
TS-NZB,2022-01-24,19.3,24.6,15.0,56,74,0.0,0.0,9.4,341,19.32,3.93,966.2,9.8,394.0,18.664322,78.076546
TS-NZB,2022-01-25,19.0,25.2,13.2,62,91,0.0,0.0,9.3,24,19.39,3.86,966.7,10.7,394.0,18.664322,78.076546
TS-NZB,2022-01-26,19.3,25.3,14.3,60,81,0.0,0.0,12.8,51,19.31,4.07,967.7,10.8,394.0,18.664322,78.076546
TS-NZB,2022-01-27,19.2,25.3,14.5,55,73,0.0,0.0,10.2,57,19.44,4.22,969.1,9.3,394.0,18.664322,78.076546
TS-NZB,2022-01-28,18.5,25.0,13.2,54,80,0.0,0.0,10.4,68,20.13,4.24,970.3,8.2,394.0,18.664322,78.076546
TS-NZB,2022-01-29,18.6,25.7,12.3,50,75,0.0,0.0,8.8,79,20.4,4.3,970.8,6.9,394.0,18.664322,78.076546
TS-NZB,2022-01-30,20.6,28.0,14.2,45,64,0.0,0.0,9.5,218,20.4,4.27,968.9,7.3,394.0,18.664322,78.076546
TS-NZB,2022-01-31,22.0,30.0,14.8,42,70,0.0,0.0,8.4,244,20.44,4.56,967.3,7.6,394.0,18.664322,78.076546
TS-NZB,2022-02-01,22.2,30.0,14.1,47,76,0.0,0.0,8.2,262,20.24,4.5,966.6,9.4,394.0,18.664322,78.076546
TS-NZB,2022-02-02,22.9,31.1,14.1,48,78,0.0,0.0,11.2,180,20.25,4.62,966.8,10.2,394.0,18.664322,78.076546
TS-NZB,2022-02-03,25.1,32.7,18.9,49,73,0.0,0.0,16.4,205,19.83,5.59,964.7,12.9,394.0,18.664322,78.076546
TS-NZB,2022-02-04,21.3,26.8,16.7,43,58,0.0,0.0,12.1,296,20.71,4.76,965.8,7.8,394.0,18.664322,78.076546
TS-NZB,2022-02-05,20.9,27.8,14.6,42,62,0.0,0.0,11.3,79,20.76,4.77,967.3,6.9,394.0,18.664322,78.076546
TS-NZB,2022-02-06,22.3,29.7,16.4,41,57,0.0,0.0,12.7,104,20.61,5.17,969.4,7.7,394.0,18.664322,78.076546
TS-NZB,2022-02-07,23.8,30.8,17.8,49,75,0.0,0.0,13.6,125,20.32,4.99,969.2,11.8,394.0,18.664322,78.076546
TS-NZB,2022-02-08,25.0,31.1,19.2,52,77,0.0,0.0,14.8,137,17.46,4.67,967.9,13.9,394.0,18.664322,78.076546
TS-NZB,2022-02-09,25.3,31.3,19.8,55,77,0.0,0.0,15.0,179,18.87,4.85,967.4,15.0,394.0,18.664322,78.076546
TS-NZB,2022-02-10,24.4,30.3,20.0,58,80,0.0,0.0,11.7,11,18.36,4.37,968.5,15.0,394.0,18.664322,78.076546
TS-NZB,2022-02-11,22.7,28.7,18.0,55,95,0.0,0.0,13.9,62,20.97,4.92,969.5,11.9,394.0,18.664322,78.076546
TS-NZB,2022-02-12,22.5,29.4,16.9,45,64,0.0,0.0,12.3,79,21.29,5.22,968.8,9.0,394.0,18.664322,78.076546
TS-NZB,2022-02-13,22.8,29.8,16.3,38,59,0.0,0.0,12.7,90,21.48,5.48,967.1,6.8,394.0,18.664322,78.076546
TS-NZB,2022-02-14,24.2,31.0,18.3,37,51,0.0,0.0,15.9,106,21.29,5.87,966.5,8.2,394.0,18.664322,78.076546
TS-NZB,2022-02-15,25.1,31.5,20.1,45,65,0.0,0.0,16.3,138,19.37,5.35,966.3,11.7,394.0,18.664322,78.076546
TS-NZB,2022-02-16,25.1,29.8,21.6,52,67,1.3,1.3,15.0,127,18.28,4.7,964.4,14.1,394.0,18.664322,78.076546
TS-NZB,2022-02-17,24.8,30.6,18.9,52,81,0.0,0.0,20.4,82,18.65,4.73,964.2,13.4,394.0,18.664322,78.076546
TS-NZB,2022-02-18,24.9,31.8,19.4,51,77,0.0,0.0,12.8,114,18.59,4.85,965.9,13.0,394.0,18.664322,78.076546
TS-NZB,2022-02-19,26.9,33.0,22.1,38,56,0.0,0.0,15.1,156,21.36,6.2,967.1,10.3,394.0,18.664322,78.076546
TS-NZB,2022-02-20,26.9,32.8,21.1,38,55,0.0,0.0,17.8,244,20.51,6.22,965.8,10.9,394.0,18.664322,78.076546
TS-NZB,2022-02-21,25.5,32.3,19.6,36,60,0.0,0.0,10.7,37,22.18,5.46,965.8,7.8,394.0,18.664322,78.076546
TS-NZB,2022-02-22,25.6,33.7,17.6,35,61,0.0,0.0,12.4,106,22.11,5.74,967.4,7.9,394.0,18.664322,78.076546
TS-NZB,2022-02-23,27.0,34.5,20.9,39,58,0.0,0.0,13.5,139,22.02,5.9,969.4,11.0,394.0,18.664322,78.076546
TS-NZB,2022-02-24,27.4,33.8,21.5,43,72,0.0,0.0,16.6,168,20.93,5.83,970.2,12.3,394.0,18.664322,78.076546
TS-NZB,2022-02-25,27.1,33.7,21.0,38,59,0.0,0.0,15.2,148,20.53,5.77,969.6,10.7,394.0,18.664322,78.076546
TS-NZB,2022-02-26,27.4,34.5,21.7,32,55,0.0,0.0,16.7,140,21.2,6.46,969.5,8.2,394.0,18.664322,78.076546
TS-NZB,2022-02-27,27.1,33.8,21.4,36,61,0.0,0.0,15.9,165,22.18,6.04,969.7,9.6,394.0,18.664322,78.076546
TS-NZB,2022-02-28,27.4,35.0,22.0,34,57,0.0,0.0,16.3,144,21.71,6.06,969.0,8.6,394.0,18.664322,78.076546
TS-NZB,2022-03-01,27.8,34.5,22.5,28,45,0.0,0.0,15.1,127,19.32,6.46,969.2,7.0,394.0,18.664322,78.076546
TS-NZB,2022-03-02,27.6,34.6,21.8,29,45,0.0,0.0,12.6,111,20.93,6.02,969.1,7.3,394.0,18.664322,78.076546
TS-NZB,2022-03-03,27.6,34.6,21.0,31,52,0.0,0.0,14.3,119,20.85,6.04,968.7,7.9,394.0,18.664322,78.076546
TS-NZB,2022-03-04,27.3,34.4,21.0,34,51,0.0,0.0,14.4,86,21.55,5.97,969.0,9.5,394.0,18.664322,78.076546
TS-NZB,2022-03-05,27.3,33.9,21.4,36,55,0.0,0.0,14.7,86,21.54,5.79,968.2,10.4,394.0,18.664322,78.076546
TS-NZB,2022-03-06,27.8,34.2,22.2,35,54,0.0,0.0,13.3,101,21.73,6.54,967.5,9.9,394.0,18.664322,78.076546
TS-NZB,2022-03-07,27.5,34.0,21.5,38,65,0.0,0.0,12.8,110,19.94,5.62,967.9,11.1,394.0,18.664322,78.076546
TS-NZB,2022-03-08,28.0,34.8,22.8,35,52,0.0,0.0,18.4,78,21.69,6.01,967.7,10.4,394.0,18.664322,78.076546
TS-NZB,2022-03-09,27.8,35.3,21.4,34,60,0.0,0.0,18.3,44,22.32,6.05,967.3,9.7,394.0,18.664322,78.076546
TS-NZB,2022-03-10,27.5,34.7,20.9,37,59,0.0,0.0,12.8,35,20.33,5.65,967.2,10.5,394.0,18.664322,78.076546
TS-NZB,2022-03-11,28.1,34.5,23.2,39,49,0.1,0.1,10.9,99,19.97,5.01,966.8,12.0,394.0,18.664322,78.076546
TS-NZB,2022-03-12,27.9,34.4,21.9,42,68,0.1,0.1,11.7,28,20.89,5.43,966.8,12.7,394.0,18.664322,78.076546
TS-NZB,2022-03-13,28.5,35.2,21.4,34,67,0.0,0.0,11.9,66,23.44,6.42,967.1,9.5,394.0,18.664322,78.076546
TS-NZB,2022-03-14,28.4,35.8,19.6,27,59,0.0,0.0,13.7,90,24.19,6.46,967.0,5.8,394.0,18.664322,78.076546
TS-NZB,2022-03-15,28.1,36.5,18.9,29,51,0.0,0.0,15.3,73,24.02,6.68,965.1,6.7,394.0,18.664322,78.076546
TS-NZB,2022-03-16,30.2,38.4,21.6,25,45,0.0,0.0,16.7,143,24.06,7.71,963.6,6.1,394.0,18.664322,78.076546
TS-NZB,2022-03-17,30.3,38.8,22.7,25,44,0.0,0.0,14.7,229,24.27,7.17,962.9,6.5,394.0,18.664322,78.076546
TS-NZB,2022-03-18,30.4,38.5,23.3,26,42,0.0,0.0,13.5,236,24.07,7.2,962.3,7.2,394.0,18.664322,78.076546
TS-NZB,2022-03-19,30.7,37.4,23.9,30,48,0.0,0.0,18.4,162,20.44,6.43,961.8,10.2,394.0,18.664322,78.076546
TS-NZB,2022-03-20,31.1,37.5,25.4,32,43,0.0,0.0,20.1,138,19.71,6.76,961.9,11.5,394.0,18.664322,78.076546
TS-NZB,2022-03-21,30.5,37.0,24.2,36,68,0.0,0.0,17.8,72,20.6,6.86,963.2,12.2,394.0,18.664322,78.076546
TS-NZB,2022-03-22,30.6,37.2,23.3,34,62,0.0,0.0,20.2,74,19.35,6.01,963.9,11.6,394.0,18.664322,78.076546
TS-NZB,2022-03-23,31.2,38.7,23.9,25,47,0.0,0.0,15.7,37,22.36,6.58,963.5,7.0,394.0,18.664322,78.076546
TS-NZB,2022-03-24,30.9,36.8,25.6,31,57,0.0,0.0,15.5,157,16.28,5.66,963.4,10.7,394.0,18.664322,78.076546
TS-NZB,2022-03-25,31.0,36.0,25.4,39,71,0.0,0.0,15.0,186,17.18,5.57,964.4,14.5,394.0,18.664322,78.076546
TS-NZB,2022-03-26,31.4,36.9,25.6,37,57,0.0,0.0,18.1,179,16.69,5.98,966.1,14.3,394.0,18.664322,78.076546
TS-NZB,2022-03-27,32.0,39.3,24.6,33,57,0.0,0.0,13.3,145,21.78,6.31,966.3,11.9,394.0,18.664322,78.076546
TS-NZB,2022-03-28,32.0,39.8,23.8,30,61,0.0,0.0,14.3,230,24.55,6.87,965.7,10.2,394.0,18.664322,78.076546
TS-NZB,2022-03-29,31.8,39.6,24.3,25,52,0.0,0.0,10.0,219,25.21,6.66,964.3,7.1,394.0,18.664322,78.076546
TS-NZB,2022-03-30,31.8,39.7,23.7,21,37,0.0,0.0,13.3,185,25.25,6.97,963.9,5.5,394.0,18.664322,78.076546
TS-NZB,2022-03-31,31.9,40.3,24.2,20,37,0.0,0.0,12.7,225,25.48,7.53,964.2,4.5,394.0,18.664322,78.076546
TS-NZB,2022-04-01,31.6,39.6,23.7,24,59,0.0,0.0,17.6,208,25.43,6.83,964.4,6.6,394.0,18.664322,78.076546
TS-NZB,2022-04-02,32.2,39.8,23.7,39,78,0.0,0.0,16.9,156,23.29,7.07,965.4,14.6,394.0,18.664322,78.076546
TS-NZB,2022-04-03,32.4,39.0,24.9,38,72,0.0,0.0,16.2,155,23.11,6.78,965.3,14.7,394.0,18.664322,78.076546
TS-NZB,2022-04-04,32.8,38.6,26.9,36,59,0.0,0.0,16.0,156,21.34,6.57,965.7,14.8,394.0,18.664322,78.076546
TS-NZB,2022-04-05,32.9,39.7,26.7,35,65,0.0,0.0,16.2,141,22.57,7.22,967.3,14.0,394.0,18.664322,78.076546
TS-NZB,2022-04-06,33.2,39.9,26.8,32,52,0.0,0.0,15.6,152,23.72,7.6,967.4,13.0,394.0,18.664322,78.076546
TS-NZB,2022-04-07,33.2,39.6,27.3,33,53,0.0,0.0,16.9,154,22.87,7.52,966.6,13.6,394.0,18.664322,78.076546
TS-NZB,2022-04-08,33.0,38.8,26.9,36,58,0.0,0.0,18.8,160,21.82,6.9,965.6,15.1,394.0,18.664322,78.076546
TS-NZB,2022-04-09,32.7,38.9,26.3,36,59,0.0,0.0,17.7,158,22.69,7.15,964.7,14.5,394.0,18.664322,78.076546
TS-NZB,2022-04-10,32.9,39.3,26.7,35,62,0.0,0.0,17.8,167,22.17,7.14,964.1,14.4,394.0,18.664322,78.076546
TS-NZB,2022-04-11,33.1,39.6,26.7,33,55,0.0,0.0,18.8,163,21.96,7.33,963.5,13.8,394.0,18.664322,78.076546
TS-NZB,2022-04-12,33.2,39.6,26.8,33,57,0.0,0.0,17.8,155,22.33,7.31,962.8,13.8,394.0,18.664322,78.076546
TS-NZB,2022-04-13,33.5,40.4,27.3,31,53,0.0,0.0,17.7,167,21.43,6.89,962.3,12.9,394.0,18.664322,78.076546
TS-NZB,2022-04-14,33.1,39.5,27.3,35,59,0.0,0.0,13.6,197,22.27,7.08,962.4,14.5,394.0,18.664322,78.076546
TS-NZB,2022-04-15,32.6,40.0,28.2,36,48,0.0,0.0,19.6,197,19.14,6.94,962.2,15.0,394.0,18.664322,78.076546
TS-NZB,2022-04-16,32.2,39.0,26.7,38,58,0.0,0.0,17.5,196,22.24,7.08,961.6,15.3,394.0,18.664322,78.076546
TS-NZB,2022-04-17,32.7,39.3,27.2,35,57,0.0,0.0,15.1,194,22.94,7.3,962.4,13.9,394.0,18.664322,78.076546
TS-NZB,2022-04-18,33.2,40.3,26.4,30,56,0.0,0.0,14.5,170,24.21,7.63,964.3,11.7,394.0,18.664322,78.076546
TS-NZB,2022-04-19,33.9,41.2,26.4,25,52,0.0,0.0,14.3,189,23.93,7.73,965.2,9.5,394.0,18.664322,78.076546
TS-NZB,2022-04-20,34.6,41.6,27.8,22,40,0.0,0.0,17.9,309,25.98,9.24,963.5,7.9,394.0,18.664322,78.076546
TS-NZB,2022-04-21,34.3,40.9,27.4,27,41,0.0,0.0,16.9,178,23.3,8.02,962.5,11.4,394.0,18.664322,78.076546
TS-NZB,2022-04-22,31.5,36.3,27.1,43,60,0.2,0.2,14.5,99,15.87,5.03,964.9,16.7,394.0,18.664322,78.076546
TS-NZB,2022-04-23,31.3,38.0,26.1,45,68,0.0,0.0,15.1,174,21.43,6.03,965.4,17.3,394.0,18.664322,78.076546
TS-NZB,2022-04-24,32.4,38.8,26.7,38,61,0.0,0.0,17.4,229,18.89,6.08,964.4,15.2,394.0,18.664322,78.076546
TS-NZB,2022-04-25,33.7,40.7,26.5,29,54,0.0,0.0,13.3,193,24.97,7.6,962.9,12.1,394.0,18.664322,78.076546
TS-NZB,2022-04-26,33.9,40.6,27.6,29,50,0.0,0.0,14.3,202,23.06,7.82,963.2,12.1,394.0,18.664322,78.076546
TS-NZB,2022-04-27,34.2,41.0,27.4,28,49,0.0,0.0,15.3,170,23.83,7.86,963.1,11.7,394.0,18.664322,78.076546
TS-NZB,2022-04-28,34.5,41.2,27.5,29,49,0.0,0.0,15.3,192,24.23,7.7,963.6,13.0,394.0,18.664322,78.076546
TS-NZB,2022-04-29,34.7,42.5,26.6,26,55,0.0,0.0,13.2,222,24.31,7.83,963.6,10.1,394.0,18.664322,78.076546
TS-NZB,2022-04-30,34.7,42.1,27.2,20,40,0.0,0.0,13.3,200,25.27,7.43,961.7,7.3,394.0,18.664322,78.076546
TS-NZB,2022-05-01,34.8,41.3,28.5,20,30,0.0,0.0,17.7,261,25.17,8.91,960.3,7.6,394.0,18.664322,78.076546
TS-NZB,2022-05-02,34.5,41.5,26.1,23,41,0.0,0.0,12.8,269,25.08,7.83,960.5,10.0,394.0,18.664322,78.076546
TS-NZB,2022-05-03,35.4,41.5,29.3,25,36,0.0,0.0,16.2,298,24.87,8.3,961.3,11.5,394.0,18.664322,78.076546
TS-NZB,2022-05-04,33.6,39.6,27.6,40,71,0.0,0.0,17.5,138,22.55,6.99,963.4,16.9,394.0,18.664322,78.076546
TS-NZB,2022-05-05,33.3,39.5,25.5,36,73,0.2,0.2,20.5,192,23.57,7.01,962.7,14.5,394.0,18.664322,78.076546
TS-NZB,2022-05-06,34.4,40.9,28.1,26,48,0.0,0.0,13.3,223,25.01,8.15,961.8,10.2,394.0,18.664322,78.076546
TS-NZB,2022-05-07,34.6,41.7,27.8,28,59,0.0,0.0,18.8,124,24.95,8.56,961.4,11.6,394.0,18.664322,78.076546
TS-NZB,2022-05-08,34.2,39.0,29.5,30,43,0.0,0.0,18.0,114,18.24,6.41,960.5,13.5,394.0,18.664322,78.076546
TS-NZB,2022-05-09,34.5,41.0,28.3,28,50,0.0,0.0,20.2,84,21.05,7.9,958.2,12.2,394.0,18.664322,78.076546
TS-NZB,2022-05-10,34.5,41.2,27.8,26,42,0.0,0.0,27.1,35,23.48,8.59,957.0,11.4,394.0,18.664322,78.076546
TS-NZB,2022-05-11,33.0,38.1,30.0,41,51,0.0,0.0,22.0,68,17.42,6.47,957.7,17.7,394.0,18.664322,78.076546
TS-NZB,2022-05-12,33.5,38.8,29.0,45,64,0.0,0.0,17.4,94,21.53,6.86,958.8,19.3,394.0,18.664322,78.076546
TS-NZB,2022-05-13,33.7,40.3,28.5,46,68,0.0,0.0,15.8,235,22.53,6.68,958.7,19.7,394.0,18.664322,78.076546
TS-NZB,2022-05-14,35.2,41.9,29.4,38,63,0.0,0.0,18.6,200,23.74,8.17,958.8,17.1,394.0,18.664322,78.076546
TS-NZB,2022-05-15,35.2,41.7,28.8,37,60,0.0,0.0,18.7,170,24.96,8.1,960.2,16.9,394.0,18.664322,78.076546
TS-NZB,2022-05-16,31.5,35.9,27.0,52,87,2.6,2.6,14.0,123,10.37,4.1,960.9,19.8,394.0,18.664322,78.076546
TS-NZB,2022-05-17,33.4,40.1,27.5,47,71,0.0,0.0,16.6,199,23.02,6.81,959.4,19.6,394.0,18.664322,78.076546
TS-NZB,2022-05-18,32.5,37.1,29.3,51,67,0.1,0.1,18.8,171,16.86,5.47,960.3,20.6,394.0,18.664322,78.076546
TS-NZB,2022-05-19,31.1,37.3,27.3,58,74,7.1,7.1,13.7,154,18.91,5.04,960.9,21.5,394.0,18.664322,78.076546
TS-NZB,2022-05-20,30.5,35.8,27.1,61,75,0.1,0.1,14.5,220,16.95,4.73,960.7,21.8,394.0,18.664322,78.076546
TS-NZB,2022-05-21,32.4,39.9,27.1,46,75,0.0,0.0,21.7,252,21.97,7.49,959.0,17.8,394.0,18.664322,78.076546
TS-NZB,2022-05-22,32.7,38.9,27.0,38,60,0.0,0.0,22.2,270,25.5,9.26,957.7,15.0,394.0,18.664322,78.076546
TS-NZB,2022-05-23,33.0,39.3,27.8,37,54,0.0,0.0,19.1,270,25.7,8.81,958.2,15.5,394.0,18.664322,78.076546
TS-NZB,2022-05-24,33.7,39.7,28.8,36,53,0.1,0.1,16.1,277,24.97,8.07,960.6,15.9,394.0,18.664322,78.076546
TS-NZB,2022-05-25,33.7,39.2,28.7,36,54,0.1,0.1,16.3,279,23.96,7.57,962.7,15.9,394.0,18.664322,78.076546
TS-NZB,2022-05-26,31.6,39.0,27.8,47,80,0.4,0.4,20.8,232,23.05,6.53,962.2,17.9,394.0,18.664322,78.076546
TS-NZB,2022-05-27,32.6,39.1,24.6,38,78,0.0,0.0,20.8,254,24.7,8.12,961.3,15.1,394.0,18.664322,78.076546
TS-NZB,2022-05-28,33.1,39.0,28.0,33,54,0.0,0.0,19.8,275,25.69,8.69,960.6,13.9,394.0,18.664322,78.076546
TS-NZB,2022-05-29,33.6,39.1,29.2,33,50,0.0,0.0,19.2,269,24.69,8.21,960.4,14.4,394.0,18.664322,78.076546
TS-NZB,2022-05-30,33.8,39.7,28.3,33,43,0.0,0.0,15.4,276,24.88,7.73,960.2,14.8,394.0,18.664322,78.076546
TS-NZB,2022-05-31,31.6,39.3,25.5,47,69,0.4,0.4,15.9,254,20.98,6.62,959.8,18.2,394.0,18.664322,78.076546
TS-NZB,2022-06-01,30.2,36.1,25.2,58,84,0.2,0.2,21.9,266,15.28,4.65,960.2,20.5,394.0,18.664322,78.076546
TS-NZB,2022-06-02,33.5,40.1,27.2,40,67,0.0,0.0,14.8,264,24.17,7.39,959.4,16.9,394.0,18.664322,78.076546
TS-NZB,2022-06-03,34.2,40.2,28.4,35,58,0.0,0.0,18.4,254,24.07,7.89,959.3,15.6,394.0,18.664322,78.076546
TS-NZB,2022-06-04,34.8,40.9,29.5,29,44,0.0,0.0,18.0,276,21.52,7.28,959.7,13.5,394.0,18.664322,78.076546
TS-NZB,2022-06-05,35.3,40.9,30.2,28,49,0.0,0.0,15.5,349,23.77,7.97,959.4,13.3,394.0,18.664322,78.076546
TS-NZB,2022-06-06,34.4,40.8,29.6,34,47,0.0,0.0,20.2,263,24.74,8.92,959.9,15.5,394.0,18.664322,78.076546
TS-NZB,2022-06-07,34.6,41.3,28.3,35,55,0.0,0.0,21.9,275,24.61,8.59,959.6,15.5,394.0,18.664322,78.076546
TS-NZB,2022-06-08,34.2,40.7,29.5,36,52,0.0,0.0,19.9,274,21.37,8.03,960.0,16.2,394.0,18.664322,78.076546
TS-NZB,2022-06-09,32.6,39.3,26.7,47,70,0.1,0.1,17.4,267,24.21,7.28,959.8,19.2,394.0,18.664322,78.076546
TS-NZB,2022-06-10,32.9,38.7,28.3,46,65,0.0,0.0,17.5,241,23.49,7.26,960.3,19.4,394.0,18.664322,78.076546
TS-NZB,2022-06-11,30.9,36.2,26.5,55,78,0.1,0.1,20.1,243,22.07,6.66,961.2,20.2,394.0,18.664322,78.076546
TS-NZB,2022-06-12,28.5,33.7,24.6,70,93,7.2,7.2,13.4,258,22.37,5.37,961.7,22.1,394.0,18.664322,78.076546
TS-NZB,2022-06-13,28.7,33.9,23.8,67,91,0.5,0.5,15.6,254,16.42,4.1,962.7,21.6,394.0,18.664322,78.076546
TS-NZB,2022-06-14,27.7,34.1,24.4,75,93,4.6,4.6,17.3,255,23.55,5.37,962.5,22.4,394.0,18.664322,78.076546
TS-NZB,2022-06-15,29.0,34.9,25.2,68,86,6.2,6.2,12.9,252,21.24,5.15,961.6,22.2,394.0,18.664322,78.076546
TS-NZB,2022-06-16,28.6,33.5,25.0,70,86,0.2,0.2,10.7,244,20.33,4.77,961.6,22.3,394.0,18.664322,78.076546
TS-NZB,2022-06-17,28.7,33.7,25.0,70,93,0.6,0.6,10.5,219,19.92,4.71,961.4,22.4,394.0,18.664322,78.076546
TS-NZB,2022-06-18,28.5,33.3,24.5,71,85,1.1,1.1,13.9,222,20.21,4.81,961.7,22.5,394.0,18.664322,78.076546
TS-NZB,2022-06-19,27.7,33.4,24.1,76,93,18.4,18.4,13.8,246,18.63,4.3,961.7,22.7,394.0,18.664322,78.076546
TS-NZB,2022-06-20,27.8,33.7,24.5,74,92,2.3,2.3,15.5,256,20.2,4.97,960.1,22.3,394.0,18.664322,78.076546
TS-NZB,2022-06-21,26.8,32.6,23.6,79,95,21.7,21.7,16.2,256,20.22,4.55,958.9,22.5,394.0,18.664322,78.076546
TS-NZB,2022-06-22,26.6,30.5,23.8,80,94,11.4,11.4,16.5,244,15.69,3.51,960.4,22.7,394.0,18.664322,78.076546
TS-NZB,2022-06-23,28.0,33.4,23.5,74,95,3.2,3.2,12.0,247,23.44,5.16,961.3,22.4,394.0,18.664322,78.076546
TS-NZB,2022-06-24,26.9,31.4,24.0,79,93,3.0,3.0,13.9,235,13.18,3.19,960.3,22.7,394.0,18.664322,78.076546
TS-NZB,2022-06-25,26.5,31.3,24.3,79,91,7.2,7.2,15.5,246,17.06,4.0,958.2,22.5,394.0,18.664322,78.076546
TS-NZB,2022-06-26,26.2,30.2,23.7,79,93,7.7,7.7,16.6,235,16.3,3.91,958.4,22.1,394.0,18.664322,78.076546
TS-NZB,2022-06-27,25.8,30.4,23.6,82,94,15.9,15.9,20.7,244,16.07,3.67,960.4,22.3,394.0,18.664322,78.076546
TS-NZB,2022-06-28,26.5,30.7,23.5,79,92,1.9,1.9,18.6,253,17.7,4.1,960.2,22.4,394.0,18.664322,78.076546
TS-NZB,2022-06-29,27.9,32.6,23.8,71,92,0.0,0.0,14.0,259,21.75,5.26,958.9,21.8,394.0,18.664322,78.076546
TS-NZB,2022-06-30,27.2,30.3,24.9,78,90,7.5,7.5,15.9,264,16.22,3.8,958.5,22.9,394.0,18.664322,78.076546
TS-NZB,2022-07-01,27.1,32.5,24.0,78,94,5.3,5.3,15.0,264,18.82,4.42,959.1,22.6,394.0,18.664322,78.076546
TS-NZB,2022-07-02,26.1,29.5,24.2,83,92,8.5,8.5,13.8,265,11.67,2.82,958.2,22.9,394.0,18.664322,78.076546
TS-NZB,2022-07-03,26.7,30.6,24.3,78,94,3.8,3.8,17.3,258,12.7,3.33,958.1,22.4,394.0,18.664322,78.076546
TS-NZB,2022-07-04,25.7,29.4,24.0,85,94,18.7,18.7,19.5,254,13.58,3.09,957.8,22.8,394.0,18.664322,78.076546
TS-NZB,2022-07-05,24.9,28.6,23.5,89,96,14.8,14.8,19.8,247,11.19,2.45,956.7,22.9,394.0,18.664322,78.076546
TS-NZB,2022-07-06,25.0,27.7,23.1,87,96,6.0,6.0,16.6,258,8.66,2.17,958.4,22.5,394.0,18.664322,78.076546
TS-NZB,2022-07-07,25.9,30.3,23.5,82,92,4.1,4.1,19.2,264,14.9,3.6,960.2,22.4,394.0,18.664322,78.076546
TS-NZB,2022-07-08,24.2,25.2,23.4,91,94,19.4,19.4,20.5,269,6.5,1.61,959.0,22.5,394.0,18.664322,78.076546
TS-NZB,2022-07-09,23.6,25.5,23.0,93,95,60.0,60.0,21.7,276,6.36,1.47,956.7,22.3,394.0,18.664322,78.076546
TS-NZB,2022-07-10,23.1,23.6,22.7,93,95,56.0,56.0,26.9,275,3.03,1.01,957.1,21.9,394.0,18.664322,78.076546
TS-NZB,2022-07-11,23.4,24.7,22.5,91,94,35.6,35.6,24.1,270,4.71,1.35,958.3,21.9,394.0,18.664322,78.076546
TS-NZB,2022-07-12,23.1,23.7,22.6,91,93,55.7,55.7,27.8,267,3.24,1.19,957.5,21.6,394.0,18.664322,78.076546
TS-NZB,2022-07-13,22.7,23.2,22.2,91,92,104.1,104.1,28.6,258,1.86,1.02,954.6,21.2,394.0,18.664322,78.076546
TS-NZB,2022-07-14,23.4,25.2,22.1,89,93,43.7,43.7,24.6,254,6.25,1.71,954.0,21.6,394.0,18.664322,78.076546
TS-NZB,2022-07-15,25.3,27.7,23.0,81,89,2.9,2.9,23.2,243,10.7,2.96,956.5,21.7,394.0,18.664322,78.076546
TS-NZB,2022-07-16,26.8,30.8,23.5,75,87,0.7,0.7,20.1,243,16.87,4.27,958.3,21.9,394.0,18.664322,78.076546
TS-NZB,2022-07-17,25.7,30.0,23.7,84,95,21.4,21.4,21.7,260,11.59,2.92,959.1,22.7,394.0,18.664322,78.076546
TS-NZB,2022-07-18,25.2,29.0,23.4,83,94,21.0,21.0,28.8,260,15.51,3.57,959.3,22.1,394.0,18.664322,78.076546
TS-NZB,2022-07-19,26.2,31.8,23.5,78,90,0.8,0.8,21.7,249,21.78,4.95,960.9,21.8,394.0,18.664322,78.076546
TS-NZB,2022-07-20,27.0,31.4,23.4,75,93,0.7,0.7,17.8,269,23.94,5.26,961.5,22.0,394.0,18.664322,78.076546
TS-NZB,2022-07-21,25.4,30.5,23.1,84,95,11.1,11.1,17.9,260,13.0,3.09,961.6,22.2,394.0,18.664322,78.076546
TS-NZB,2022-07-22,25.1,29.8,22.5,86,96,10.6,10.6,17.8,268,13.74,3.03,961.7,22.5,394.0,18.664322,78.076546
TS-NZB,2022-07-23,23.6,25.0,22.8,94,97,25.5,25.5,18.0,260,5.31,1.22,960.3,22.5,394.0,18.664322,78.076546
TS-NZB,2022-07-24,24.8,27.7,22.8,85,94,7.0,7.0,20.0,250,15.89,3.39,960.4,22.1,394.0,18.664322,78.076546
TS-NZB,2022-07-25,25.5,28.5,22.8,82,94,1.3,1.3,14.8,255,15.13,3.33,962.1,22.1,394.0,18.664322,78.076546
TS-NZB,2022-07-26,24.8,28.3,22.4,86,96,8.9,8.9,15.3,276,14.91,3.12,963.7,22.2,394.0,18.664322,78.076546
TS-NZB,2022-07-27,25.5,29.6,22.5,85,97,1.9,1.9,7.9,294,19.41,3.92,963.7,22.7,394.0,18.664322,78.076546
TS-NZB,2022-07-28,26.0,31.2,22.6,83,98,15.6,15.6,7.3,266,21.56,4.48,964.7,22.7,394.0,18.664322,78.076546
TS-NZB,2022-07-29,26.5,31.2,22.1,83,98,8.7,8.7,10.6,295,22.61,4.66,964.0,23.2,394.0,18.664322,78.076546
TS-NZB,2022-07-30,26.2,29.7,22.5,85,99,13.0,13.0,11.4,300,19.05,3.91,962.9,23.4,394.0,18.664322,78.076546
TS-NZB,2022-07-31,27.1,31.5,23.6,81,97,1.1,1.1,10.9,300,21.1,4.47,961.0,23.4,394.0,18.664322,78.076546
TS-NZB,2022-08-01,26.9,30.4,24.1,81,94,0.9,0.9,9.8,295,17.63,3.78,960.9,23.2,394.0,18.664322,78.076546
TS-NZB,2022-08-02,27.6,31.2,24.1,78,95,0.4,0.4,11.5,310,22.49,4.77,959.9,23.3,394.0,18.664322,78.076546
TS-NZB,2022-08-03,26.6,30.3,24.4,84,95,6.7,6.7,9.2,298,19.61,4.07,959.4,23.6,394.0,18.664322,78.076546
TS-NZB,2022-08-04,26.1,30.4,22.9,86,98,10.6,10.6,14.0,282,18.76,3.87,959.1,23.5,394.0,18.664322,78.076546
TS-NZB,2022-08-05,26.1,31.1,23.2,85,96,17.7,17.7,11.5,228,17.43,3.73,958.0,23.1,394.0,18.664322,78.076546
TS-NZB,2022-08-06,26.1,31.7,23.4,82,92,6.7,6.7,18.4,248,17.62,3.95,956.9,22.6,394.0,18.664322,78.076546
TS-NZB,2022-08-07,24.9,28.0,23.4,87,94,9.8,9.8,18.2,255,10.84,2.5,956.0,22.6,394.0,18.664322,78.076546
TS-NZB,2022-08-08,23.7,25.0,22.8,91,95,23.0,23.0,22.8,253,6.38,1.54,954.7,22.3,394.0,18.664322,78.076546
TS-NZB,2022-08-09,24.1,25.9,22.9,88,93,13.6,13.6,23.4,243,6.72,1.88,954.5,22.0,394.0,18.664322,78.076546
TS-NZB,2022-08-10,24.8,28.1,22.5,82,92,7.9,7.9,26.3,242,11.73,3.13,954.3,21.4,394.0,18.664322,78.076546
TS-NZB,2022-08-11,26.7,30.1,24.2,71,80,1.4,1.4,27.2,237,18.9,5.07,956.7,20.8,394.0,18.664322,78.076546
TS-NZB,2022-08-12,27.2,31.8,24.2,69,79,0.7,0.7,26.6,244,19.74,5.34,959.2,20.9,394.0,18.664322,78.076546
TS-NZB,2022-08-13,26.3,30.9,23.3,75,94,3.3,3.3,22.5,254,18.17,4.57,960.2,21.4,394.0,18.664322,78.076546
TS-NZB,2022-08-14,24.8,28.2,23.3,85,94,7.7,7.7,22.5,259,9.93,2.57,961.0,22.0,394.0,18.664322,78.076546
TS-NZB,2022-08-15,23.5,25.6,22.4,91,94,24.9,24.9,19.9,242,7.39,1.73,961.2,22.0,394.0,18.664322,78.076546
TS-NZB,2022-08-16,26.1,30.9,22.6,76,91,0.3,0.3,22.7,228,21.18,4.83,962.4,21.3,394.0,18.664322,78.076546
TS-NZB,2022-08-17,26.9,31.8,23.3,72,86,0.1,0.1,18.7,238,24.72,5.6,963.2,21.3,394.0,18.664322,78.076546
TS-NZB,2022-08-18,27.0,31.6,23.4,73,88,0.8,0.8,18.0,267,23.75,5.41,962.6,21.5,394.0,18.664322,78.076546
TS-NZB,2022-08-19,26.9,30.8,24.1,74,87,0.1,0.1,18.7,280,21.13,4.97,962.3,21.7,394.0,18.664322,78.076546
TS-NZB,2022-08-20,25.9,30.8,24.1,78,88,1.2,1.2,21.3,276,19.4,4.42,961.5,21.7,394.0,18.664322,78.076546
TS-NZB,2022-08-21,26.4,30.2,23.7,73,85,1.0,1.0,23.0,274,20.03,4.87,960.1,20.9,394.0,18.664322,78.076546
TS-NZB,2022-08-22,26.6,31.0,23.5,71,82,1.0,1.0,24.6,259,20.38,5.11,959.4,20.8,394.0,18.664322,78.076546
TS-NZB,2022-08-23,27.0,31.4,23.8,72,85,0.7,0.7,17.4,246,22.46,5.19,960.7,21.3,394.0,18.664322,78.076546
TS-NZB,2022-08-24,27.2,31.5,24.1,72,85,0.5,0.5,13.9,272,22.5,5.13,963.2,21.4,394.0,18.664322,78.076546
TS-NZB,2022-08-25,26.1,30.6,22.3,79,93,1.1,1.1,12.5,296,20.51,4.34,962.9,21.9,394.0,18.664322,78.076546
TS-NZB,2022-08-26,26.6,30.6,23.1,78,90,1.0,1.0,13.0,306,22.75,4.79,962.2,22.2,394.0,18.664322,78.076546
TS-NZB,2022-08-27,27.0,31.3,23.4,76,93,2.1,2.1,12.8,302,22.57,4.89,962.1,22.1,394.0,18.664322,78.076546
TS-NZB,2022-08-28,27.1,31.2,23.7,74,89,0.7,0.7,13.6,306,22.2,4.89,962.0,21.8,394.0,18.664322,78.076546
TS-NZB,2022-08-29,26.6,31.3,24.1,81,94,1.5,1.5,11.0,349,18.24,3.89,963.6,22.8,394.0,18.664322,78.076546
TS-NZB,2022-08-30,26.8,32.5,23.7,80,96,7.2,7.2,9.2,118,21.01,4.44,964.1,22.8,394.0,18.664322,78.076546
TS-NZB,2022-08-31,26.2,31.8,22.6,82,98,13.7,13.7,15.0,143,20.22,4.31,963.5,22.7,394.0,18.664322,78.076546
TS-NZB,2022-09-01,26.4,31.7,22.9,82,96,11.2,11.2,9.7,165,19.7,4.13,963.5,22.9,394.0,18.664322,78.076546
TS-NZB,2022-09-02,27.8,32.6,23.5,74,94,0.2,0.2,10.8,129,23.61,5.16,964.1,22.4,394.0,18.664322,78.076546
TS-NZB,2022-09-03,28.2,32.9,24.7,74,91,3.1,3.1,8.0,179,23.19,5.07,963.6,22.9,394.0,18.664322,78.076546
TS-NZB,2022-09-04,26.0,29.9,23.0,84,97,11.5,11.5,11.0,291,18.17,3.82,963.4,22.9,394.0,18.664322,78.076546
TS-NZB,2022-09-05,25.6,30.0,22.8,86,98,2.4,2.4,12.2,293,17.08,3.59,963.3,22.9,394.0,18.664322,78.076546
TS-NZB,2022-09-06,26.5,30.5,22.8,81,96,1.4,1.4,8.7,303,19.15,4.04,962.7,22.7,394.0,18.664322,78.076546
TS-NZB,2022-09-07,25.9,30.6,22.4,85,98,11.7,11.7,9.0,334,17.27,3.61,962.6,23.0,394.0,18.664322,78.076546
TS-NZB,2022-09-08,25.4,29.2,22.6,88,97,29.4,29.4,10.5,82,13.7,2.87,961.9,23.1,394.0,18.664322,78.076546
TS-NZB,2022-09-09,25.6,29.8,22.9,87,98,6.5,6.5,12.0,80,15.51,3.26,961.4,23.1,394.0,18.664322,78.076546
TS-NZB,2022-09-10,24.3,28.2,22.5,93,98,31.1,31.1,12.4,271,9.77,2.03,960.4,23.1,394.0,18.664322,78.076546
TS-NZB,2022-09-11,23.9,26.3,22.4,92,97,27.2,27.2,16.5,257,6.48,1.5,958.3,22.6,394.0,18.664322,78.076546
TS-NZB,2022-09-12,25.1,28.6,23.1,86,94,16.0,16.0,21.5,235,14.07,3.16,957.3,22.4,394.0,18.664322,78.076546
TS-NZB,2022-09-13,26.4,30.4,23.5,77,92,0.5,0.5,24.9,230,17.57,4.35,959.8,21.9,394.0,18.664322,78.076546
TS-NZB,2022-09-14,26.5,31.0,23.6,74,84,0.7,0.7,24.2,228,19.85,4.79,962.8,21.4,394.0,18.664322,78.076546
TS-NZB,2022-09-15,26.6,30.7,23.6,73,84,0.3,0.3,25.9,234,18.85,4.79,963.8,21.2,394.0,18.664322,78.076546
TS-NZB,2022-09-16,26.1,30.8,23.5,75,87,0.7,0.7,25.8,246,18.95,4.64,961.9,21.3,394.0,18.664322,78.076546
TS-NZB,2022-09-17,25.8,30.8,23.1,80,91,1.1,1.1,17.8,263,18.45,4.08,962.6,21.9,394.0,18.664322,78.076546
TS-NZB,2022-09-18,25.9,30.0,22.8,80,94,4.1,4.1,14.3,279,18.84,3.99,963.7,22.1,394.0,18.664322,78.076546
TS-NZB,2022-09-19,24.9,30.3,22.9,85,95,11.1,11.1,14.2,272,17.11,3.6,963.2,22.1,394.0,18.664322,78.076546
TS-NZB,2022-09-20,24.9,28.3,22.4,84,96,2.1,2.1,15.4,274,13.64,3.03,962.4,21.9,394.0,18.664322,78.076546
TS-NZB,2022-09-21,25.4,29.0,22.8,81,91,7.5,7.5,14.8,269,15.56,3.47,962.3,21.8,394.0,18.664322,78.076546
TS-NZB,2022-09-22,25.3,29.4,22.5,80,93,1.1,1.1,17.6,266,18.77,4.07,963.0,21.5,394.0,18.664322,78.076546
TS-NZB,2022-09-23,25.5,29.4,22.7,75,89,0.6,0.6,16.3,266,20.71,4.61,963.9,20.5,394.0,18.664322,78.076546
TS-NZB,2022-09-24,25.5,30.2,21.9,75,89,0.4,0.4,11.6,260,22.53,4.77,963.9,20.4,394.0,18.664322,78.076546
TS-NZB,2022-09-25,25.6,30.2,22.0,77,90,1.0,1.0,9.3,289,21.7,4.59,963.6,21.2,394.0,18.664322,78.076546
TS-NZB,2022-09-26,25.8,29.8,22.1,83,96,0.7,0.7,12.1,309,19.39,3.96,964.5,22.4,394.0,18.664322,78.076546
TS-NZB,2022-09-27,25.1,29.4,22.3,86,96,10.4,10.4,11.1,290,15.75,3.23,963.5,22.5,394.0,18.664322,78.076546
TS-NZB,2022-09-28,25.6,29.7,22.7,86,97,7.7,7.7,14.3,306,17.67,3.59,962.5,22.9,394.0,18.664322,78.076546
TS-NZB,2022-09-29,24.7,28.6,22.3,90,98,18.8,18.8,11.4,298,12.75,2.59,962.4,22.9,394.0,18.664322,78.076546
TS-NZB,2022-09-30,26.6,31.3,22.7,78,97,0.2,0.2,14.9,343,21.59,4.66,962.5,22.0,394.0,18.664322,78.076546
TS-NZB,2022-10-01,26.8,30.9,23.4,76,91,0.2,0.2,14.4,321,20.78,4.56,962.6,22.0,394.0,18.664322,78.076546
TS-NZB,2022-10-02,26.5,31.1,23.0,74,89,0.7,0.7,16.9,314,21.19,4.72,962.8,21.2,394.0,18.664322,78.076546
TS-NZB,2022-10-03,26.6,31.3,22.9,69,86,0.0,0.0,17.6,333,21.07,5.05,963.0,20.1,394.0,18.664322,78.076546
TS-NZB,2022-10-04,26.7,31.1,22.8,67,81,0.0,0.0,18.0,341,19.74,4.82,962.8,19.7,394.0,18.664322,78.076546
TS-NZB,2022-10-05,26.0,29.5,23.5,77,97,4.7,4.7,11.2,326,16.49,3.65,962.5,21.4,394.0,18.664322,78.076546
TS-NZB,2022-10-06,23.9,27.4,22.5,91,99,30.1,30.1,13.9,112,10.44,2.12,961.7,22.3,394.0,18.664322,78.076546
TS-NZB,2022-10-07,25.7,30.3,22.3,77,97,2.3,2.3,14.6,146,19.92,4.33,962.2,21.1,394.0,18.664322,78.076546
TS-NZB,2022-10-08,26.0,30.3,22.8,76,90,1.9,1.9,11.5,185,19.11,4.2,964.6,21.2,394.0,18.664322,78.076546
TS-NZB,2022-10-09,25.9,30.1,22.3,80,96,4.6,4.6,8.2,127,18.13,3.81,965.3,22.1,394.0,18.664322,78.076546
TS-NZB,2022-10-10,24.7,29.1,21.9,88,99,10.2,10.2,9.8,95,15.28,3.08,966.5,22.5,394.0,18.664322,78.076546
TS-NZB,2022-10-11,25.1,29.6,22.4,86,97,24.6,24.6,9.3,158,15.09,3.11,965.9,22.4,394.0,18.664322,78.076546
TS-NZB,2022-10-12,24.8,29.0,22.1,87,96,17.6,17.6,6.8,159,15.13,3.04,966.2,22.3,394.0,18.664322,78.076546
TS-NZB,2022-10-13,24.8,29.3,21.9,87,99,9.8,9.8,9.0,51,15.68,3.17,966.5,22.3,394.0,18.664322,78.076546
TS-NZB,2022-10-14,24.5,28.3,22.1,88,100,3.8,3.8,8.3,36,12.86,2.61,966.1,22.3,394.0,18.664322,78.076546
TS-NZB,2022-10-15,24.9,29.4,21.4,86,97,7.1,7.1,13.3,39,17.07,3.45,965.2,22.2,394.0,18.664322,78.076546
TS-NZB,2022-10-16,24.3,28.4,21.5,87,98,13.9,13.9,14.2,96,13.36,2.71,967.1,22.0,394.0,18.664322,78.076546
TS-NZB,2022-10-17,25.6,30.0,21.9,82,97,1.8,1.8,9.9,97,18.58,3.88,968.1,22.1,394.0,18.664322,78.076546
TS-NZB,2022-10-18,24.7,29.2,21.6,86,97,3.1,3.1,8.3,82,15.61,3.12,967.7,22.1,394.0,18.664322,78.076546
TS-NZB,2022-10-19,25.0,29.2,21.8,85,98,3.1,3.1,9.0,43,17.54,3.54,967.1,22.2,394.0,18.664322,78.076546
TS-NZB,2022-10-20,24.8,28.5,21.8,85,98,1.8,1.8,9.4,78,15.49,3.16,967.9,22.0,394.0,18.664322,78.076546
TS-NZB,2022-10-21,25.0,29.7,21.6,76,97,0.0,0.0,13.2,74,20.12,4.3,969.5,20.2,394.0,18.664322,78.076546
TS-NZB,2022-10-22,23.5,28.6,19.4,63,79,0.0,0.0,18.4,55,21.71,4.82,970.4,15.7,394.0,18.664322,78.076546
TS-NZB,2022-10-23,23.1,28.8,17.9,61,88,0.0,0.0,16.9,16,21.79,4.81,968.8,14.7,394.0,18.664322,78.076546
TS-NZB,2022-10-24,22.5,28.5,17.3,65,81,0.0,0.0,14.3,326,21.75,4.64,966.4,15.1,394.0,18.664322,78.076546
TS-NZB,2022-10-25,23.0,28.8,17.3,64,84,0.0,0.0,9.4,309,21.83,4.58,966.8,15.2,394.0,18.664322,78.076546
TS-NZB,2022-10-26,23.6,28.9,18.5,60,82,0.0,0.0,8.4,65,21.63,4.53,968.9,14.9,394.0,18.664322,78.076546
TS-NZB,2022-10-27,23.2,29.2,17.4,59,76,0.0,0.0,10.0,78,21.59,4.61,969.0,13.9,394.0,18.664322,78.076546
TS-NZB,2022-10-28,23.1,29.2,17.0,57,82,0.0,0.0,12.5,56,21.59,4.74,968.4,13.4,394.0,18.664322,78.076546
TS-NZB,2022-10-29,23.3,29.4,18.3,52,74,0.0,0.0,10.7,87,21.73,4.89,968.4,11.8,394.0,18.664322,78.076546
TS-NZB,2022-10-30,23.0,28.9,17.5,56,77,0.0,0.0,13.2,54,21.3,4.79,968.6,13.2,394.0,18.664322,78.076546
TS-NZB,2022-10-31,22.6,27.8,17.6,58,79,0.0,0.0,11.7,67,20.86,4.53,968.3,13.5,394.0,18.664322,78.076546
TS-NZB,2022-11-01,23.2,29.2,17.7,69,95,0.0,0.0,8.9,70,19.4,4.08,969.1,16.4,394.0,18.664322,78.076546
TS-NZB,2022-11-02,24.4,29.8,19.5,70,96,0.0,0.0,11.9,42,17.16,3.95,968.3,18.1,394.0,18.664322,78.076546
TS-NZB,2022-11-03,24.2,30.2,17.9,68,97,0.0,0.0,11.7,41,20.23,4.47,968.1,17.1,394.0,18.664322,78.076546
TS-NZB,2022-11-04,24.3,30.8,18.4,56,80,0.0,0.0,11.9,70,20.42,4.76,969.2,14.2,394.0,18.664322,78.076546
TS-NZB,2022-11-05,24.6,31.3,19.1,51,77,0.0,0.0,11.8,85,20.77,4.96,970.5,12.7,394.0,18.664322,78.076546
TS-NZB,2022-11-06,24.8,31.1,19.6,49,69,0.0,0.0,12.3,103,20.47,4.84,970.6,12.7,394.0,18.664322,78.076546
TS-NZB,2022-11-07,24.7,30.8,17.7,53,78,0.0,0.0,9.7,94,20.33,4.72,969.9,13.6,394.0,18.664322,78.076546
TS-NZB,2022-11-08,24.8,31.0,18.5,50,77,0.0,0.0,13.2,74,20.21,4.78,969.7,12.9,394.0,18.664322,78.076546
TS-NZB,2022-11-09,23.7,29.7,19.0,49,65,0.0,0.0,12.6,80,20.33,4.82,969.6,11.5,394.0,18.664322,78.076546
TS-NZB,2022-11-10,23.4,29.8,17.7,52,73,0.0,0.0,14.3,74,20.15,4.77,969.9,12.2,394.0,18.664322,78.076546
TS-NZB,2022-11-11,23.7,29.7,17.8,55,76,0.0,0.0,17.0,68,19.86,4.92,970.0,13.4,394.0,18.664322,78.076546
TS-NZB,2022-11-12,23.7,29.7,18.2,54,76,0.0,0.0,16.0,71,19.86,4.83,970.1,13.1,394.0,18.664322,78.076546
TS-NZB,2022-11-13,23.7,29.6,18.2,57,78,0.0,0.0,14.8,81,19.59,4.82,969.6,14.0,394.0,18.664322,78.076546
TS-NZB,2022-11-14,23.8,30.0,18.1,53,76,0.0,0.0,9.5,69,19.72,4.62,969.8,12.9,394.0,18.664322,78.076546
TS-NZB,2022-11-15,23.5,29.5,18.0,52,73,0.0,0.0,8.9,68,19.77,4.57,969.7,12.4,394.0,18.664322,78.076546
TS-NZB,2022-11-16,22.7,28.6,18.0,47,65,0.0,0.0,9.4,59,20.06,4.53,968.6,10.1,394.0,18.664322,78.076546
TS-NZB,2022-11-17,22.9,28.9,16.5,50,76,0.0,0.0,11.3,58,19.63,4.44,968.3,11.4,394.0,18.664322,78.076546
TS-NZB,2022-11-18,22.4,28.3,16.5,54,80,0.0,0.0,14.2,55,19.39,4.52,968.8,11.8,394.0,18.664322,78.076546
TS-NZB,2022-11-19,21.1,26.6,16.6,51,74,0.0,0.0,11.2,48,19.61,4.52,969.0,9.7,394.0,18.664322,78.076546
TS-NZB,2022-11-20,20.2,25.9,14.5,51,74,0.0,0.0,10.9,47,19.53,4.21,967.7,9.0,394.0,18.664322,78.076546
TS-NZB,2022-11-21,22.2,28.5,15.9,52,69,0.0,0.0,9.6,40,18.15,4.22,967.1,11.4,394.0,18.664322,78.076546
TS-NZB,2022-11-22,24.0,29.4,18.8,55,76,0.0,0.0,10.0,32,17.86,4.25,967.5,13.9,394.0,18.664322,78.076546
TS-NZB,2022-11-23,24.8,30.2,19.7,54,71,0.0,0.0,9.7,47,17.91,4.38,967.9,14.4,394.0,18.664322,78.076546
TS-NZB,2022-11-24,24.8,29.9,20.5,56,74,0.0,0.0,12.0,54,17.81,4.38,968.1,15.0,394.0,18.664322,78.076546
TS-NZB,2022-11-25,24.4,29.9,19.8,50,64,0.0,0.0,11.4,61,18.11,4.63,968.9,13.0,394.0,18.664322,78.076546
TS-NZB,2022-11-26,24.0,29.6,19.1,48,59,0.0,0.0,10.8,76,18.38,4.6,967.7,11.8,394.0,18.664322,78.076546
TS-NZB,2022-11-27,23.6,29.7,17.8,50,68,0.0,0.0,11.6,82,18.39,4.48,965.7,12.1,394.0,18.664322,78.076546
TS-NZB,2022-11-28,23.4,29.8,17.7,44,63,0.0,0.0,11.7,80,18.44,4.69,966.3,10.1,394.0,18.664322,78.076546
TS-NZB,2022-11-29,22.6,28.9,16.4,44,67,0.0,0.0,11.9,83,18.9,4.63,967.6,9.0,394.0,18.664322,78.076546
TS-NZB,2022-11-30,22.4,28.7,16.2,48,69,0.0,0.0,9.2,78,18.55,4.33,968.7,10.2,394.0,18.664322,78.076546
TS-NZB,2022-12-01,22.7,29.5,14.8,54,86,0.0,0.0,13.0,64,18.02,4.13,968.4,12.3,394.0,18.664322,78.076546
TS-NZB,2022-12-02,24.4,30.8,18.3,58,85,0.0,0.0,10.7,81,16.6,4.04,967.6,15.1,394.0,18.664322,78.076546
TS-NZB,2022-12-03,24.9,31.0,19.4,61,87,0.0,0.0,14.3,84,16.7,4.12,967.9,16.5,394.0,18.664322,78.076546
TS-NZB,2022-12-04,25.2,30.6,20.8,61,85,0.0,0.0,11.0,78,17.55,4.26,968.8,16.5,394.0,18.664322,78.076546
TS-NZB,2022-12-05,23.8,29.2,19.7,55,74,0.0,0.0,10.5,82,16.63,4.07,969.7,13.7,394.0,18.664322,78.076546
TS-NZB,2022-12-06,23.6,29.8,17.7,54,76,0.0,0.0,11.9,74,17.87,4.23,969.0,13.2,394.0,18.664322,78.076546
TS-NZB,2022-12-07,23.2,29.1,17.7,58,82,0.0,0.0,14.8,46,16.87,4.15,968.2,13.7,394.0,18.664322,78.076546
TS-NZB,2022-12-08,20.9,26.4,16.2,56,93,0.0,0.0,13.5,33,17.3,4.1,967.9,10.8,394.0,18.664322,78.076546
TS-NZB,2022-12-09,20.7,27.6,14.2,49,69,0.0,0.0,11.7,48,17.78,4.22,966.3,8.7,394.0,18.664322,78.076546
TS-NZB,2022-12-10,21.5,25.2,18.6,58,71,0.4,0.4,8.9,58,8.19,2.4,966.1,13.0,394.0,18.664322,78.076546
TS-NZB,2022-12-11,23.0,28.2,20.1,75,95,5.8,5.8,18.8,96,11.2,2.89,966.9,18.1,394.0,18.664322,78.076546
TS-NZB,2022-12-12,23.6,27.8,19.7,79,98,0.8,0.8,16.3,110,14.32,3.1,967.3,19.5,394.0,18.664322,78.076546
TS-NZB,2022-12-13,23.9,28.6,20.8,80,94,1.6,1.6,13.1,117,12.82,2.86,968.3,20.0,394.0,18.664322,78.076546
TS-NZB,2022-12-14,25.1,30.2,21.2,73,93,0.0,0.0,9.9,115,15.88,3.57,968.8,19.6,394.0,18.664322,78.076546
TS-NZB,2022-12-15,24.8,29.4,20.5,73,93,0.4,0.4,7.3,67,15.66,3.33,968.2,19.4,394.0,18.664322,78.076546
TS-NZB,2022-12-16,24.9,29.8,20.7,72,90,0.0,0.0,6.8,41,16.15,3.44,967.5,19.2,394.0,18.664322,78.076546
TS-NZB,2022-12-17,24.6,29.4,20.6,69,89,0.0,0.0,11.6,52,16.43,3.67,968.4,18.2,394.0,18.664322,78.076546
TS-NZB,2022-12-18,22.5,28.3,18.5,61,90,0.0,0.0,11.6,61,17.58,3.97,968.2,13.7,394.0,18.664322,78.076546
TS-NZB,2022-12-19,21.8,28.5,16.9,55,75,0.0,0.0,9.3,91,17.54,3.88,967.4,11.8,394.0,18.664322,78.076546
TS-NZB,2022-12-20,21.8,28.8,15.4,55,81,0.0,0.0,10.5,104,17.5,3.91,966.9,11.7,394.0,18.664322,78.076546
TS-NZB,2022-12-21,22.4,29.4,16.7,53,77,0.0,0.0,8.6,67,17.58,3.91,967.4,11.4,394.0,18.664322,78.076546
TS-NZB,2022-12-22,22.7,29.3,17.2,52,73,0.0,0.0,9.7,95,17.55,3.99,967.0,11.7,394.0,18.664322,78.076546
TS-NZB,2022-12-23,23.1,30.1,17.3,51,72,0.0,0.0,11.2,104,17.76,4.03,967.0,11.9,394.0,18.664322,78.076546
TS-NZB,2022-12-24,23.8,31.4,17.3,49,72,0.0,0.0,11.5,133,17.64,4.16,967.3,11.5,394.0,18.664322,78.076546
TS-NZB,2022-12-25,23.7,31.0,17.2,50,76,0.0,0.0,15.0,143,17.67,4.49,968.2,11.6,394.0,18.664322,78.076546
TS-NZB,2022-12-26,24.6,30.5,19.9,66,93,0.2,0.2,15.0,147,15.08,3.64,969.7,17.3,394.0,18.664322,78.076546
TS-NZB,2022-12-27,25.9,31.6,21.7,66,88,0.0,0.0,10.5,158,15.72,3.63,970.5,18.3,394.0,18.664322,78.076546
TS-NZB,2022-12-28,25.9,32.0,20.8,60,87,0.0,0.0,9.5,47,16.56,3.98,971.2,16.7,394.0,18.664322,78.076546
TS-NZB,2022-12-29,25.2,30.8,20.5,58,79,0.0,0.0,9.0,74,16.69,4.01,972.4,15.7,394.0,18.664322,78.076546
TS-NZB,2022-12-30,25.1,31.6,19.5,54,78,0.0,0.0,9.8,63,17.38,3.96,973.0,14.3,394.0,18.664322,78.076546
TS-NZB,2022-12-31,25.2,30.9,19.1,51,76,0.0,0.0,9.0,311,17.42,4.09,971.9,13.7,394.0,18.664322,78.076546
TS-NZB,2023-01-01,24.3,30.4,19.0,56,78,0.0,0.0,8.9,8,17.38,4.0,971.5,14.4,394.0,18.664322,78.076546
TS-NZB,2023-01-02,24.0,30.6,18.3,59,85,0.0,0.0,12.7,73,16.95,4.13,971.6,15.0,394.0,18.664322,78.076546
TS-NZB,2023-01-03,24.2,30.3,19.7,61,82,0.3,0.3,10.5,106,15.05,3.67,971.7,15.5,394.0,18.664322,78.076546
TS-NZB,2023-01-04,24.5,29.6,20.7,58,78,0.0,0.0,12.3,99,13.98,3.55,971.0,15.4,394.0,18.664322,78.076546
TS-NZB,2023-01-05,22.3,26.6,18.8,74,92,0.9,0.9,12.2,88,13.52,2.99,972.6,17.2,394.0,18.664322,78.076546
TS-NZB,2023-01-06,22.7,28.1,18.7,72,97,0.7,0.7,11.6,58,15.2,3.39,973.8,16.8,394.0,18.664322,78.076546
TS-NZB,2023-01-07,21.7,27.4,17.8,63,90,0.0,0.0,11.7,51,17.76,3.95,973.2,13.5,394.0,18.664322,78.076546
TS-NZB,2023-01-08,20.1,26.3,14.8,52,82,0.0,0.0,11.6,67,18.8,4.21,971.8,8.3,394.0,18.664322,78.076546
TS-NZB,2023-01-09,20.3,27.6,14.6,44,66,0.0,0.0,10.4,56,18.62,4.13,972.5,6.8,394.0,18.664322,78.076546
TS-NZB,2023-01-10,21.3,28.6,15.5,42,58,0.0,0.0,8.7,66,18.73,4.2,971.8,7.0,394.0,18.664322,78.076546
TS-NZB,2023-01-11,22.0,29.9,14.6,44,77,0.0,0.0,9.7,83,18.65,4.24,969.5,8.0,394.0,18.664322,78.076546
TS-NZB,2023-01-12,22.4,30.3,15.0,46,75,0.0,0.0,9.5,251,18.53,4.4,967.8,9.3,394.0,18.664322,78.076546
TS-NZB,2023-01-13,22.2,29.9,15.3,51,87,0.0,0.0,8.1,255,18.54,4.16,968.4,10.6,394.0,18.664322,78.076546
TS-NZB,2023-01-14,22.4,29.3,16.2,51,74,0.0,0.0,10.1,332,18.53,4.34,968.5,11.4,394.0,18.664322,78.076546
TS-NZB,2023-01-15,23.6,31.1,17.1,55,78,0.0,0.0,12.4,85,18.47,4.36,967.7,13.2,394.0,18.664322,78.076546
TS-NZB,2023-01-16,24.9,31.4,19.6,49,68,0.0,0.0,13.6,148,18.53,4.61,967.9,12.7,394.0,18.664322,78.076546
TS-NZB,2023-01-17,24.8,31.6,19.6,44,63,0.0,0.0,14.0,180,18.72,4.76,968.5,10.8,394.0,18.664322,78.076546
TS-NZB,2023-01-18,24.0,30.9,18.3,46,66,0.0,0.0,13.9,138,18.69,4.84,970.2,10.8,394.0,18.664322,78.076546
TS-NZB,2023-01-19,24.6,30.9,19.4,48,72,0.0,0.0,13.3,122,18.55,4.88,970.5,12.1,394.0,18.664322,78.076546
TS-NZB,2023-01-20,24.4,30.5,18.4,49,77,0.0,0.0,13.7,158,18.77,4.69,970.0,12.4,394.0,18.664322,78.076546
TS-NZB,2023-01-21,24.6,30.6,19.7,46,73,0.0,0.0,15.6,148,18.95,5.07,969.7,11.2,394.0,18.664322,78.076546
TS-NZB,2023-01-22,24.7,30.9,19.6,42,59,0.0,0.0,13.3,142,19.03,5.23,968.6,10.2,394.0,18.664322,78.076546
TS-NZB,2023-01-23,24.5,30.5,19.0,52,80,0.0,0.0,16.8,144,18.76,4.83,968.2,13.3,394.0,18.664322,78.076546
TS-NZB,2023-01-24,25.2,31.8,20.0,46,79,0.0,0.0,16.1,149,18.31,5.18,968.1,11.4,394.0,18.664322,78.076546
TS-NZB,2023-01-25,25.2,32.1,20.4,42,70,0.0,0.0,14.5,141,18.89,5.36,968.1,9.6,394.0,18.664322,78.076546
TS-NZB,2023-01-26,24.2,32.0,18.9,48,79,0.0,0.0,11.5,110,19.36,4.49,968.8,10.0,394.0,18.664322,78.076546
TS-NZB,2023-01-27,24.5,31.4,18.6,42,62,0.0,0.0,11.4,104,19.44,5.0,969.1,9.9,394.0,18.664322,78.076546
TS-NZB,2023-01-28,24.3,31.0,18.1,47,70,0.0,0.0,11.4,91,19.49,4.81,968.1,11.5,394.0,18.664322,78.076546
TS-NZB,2023-01-29,25.3,32.1,19.1,43,67,0.0,0.0,13.0,146,19.58,5.46,966.9,11.0,394.0,18.664322,78.076546
TS-NZB,2023-01-30,25.3,31.6,19.8,50,77,0.0,0.0,15.3,139,19.15,4.94,968.9,12.9,394.0,18.664322,78.076546
TS-NZB,2023-01-31,25.2,30.8,20.8,56,79,0.0,0.0,11.7,47,17.27,4.26,969.0,14.9,394.0,18.664322,78.076546
TS-NZB,2023-02-01,24.3,30.2,20.0,53,75,0.0,0.0,14.0,45,18.86,4.9,969.2,13.5,394.0,18.664322,78.076546
TS-NZB,2023-02-02,23.5,30.0,18.5,42,73,0.0,0.0,14.3,55,20.23,5.4,969.7,7.9,394.0,18.664322,78.076546
TS-NZB,2023-02-03,22.9,29.7,15.7,32,55,0.0,0.0,9.7,56,20.38,5.12,969.8,4.1,394.0,18.664322,78.076546
TS-NZB,2023-02-04,23.4,30.9,17.3,37,57,0.0,0.0,9.9,41,20.47,4.87,968.5,6.8,394.0,18.664322,78.076546
TS-NZB,2023-02-05,23.7,30.8,16.9,28,47,0.0,0.0,10.3,69,20.95,5.39,968.0,3.0,394.0,18.664322,78.076546
TS-NZB,2023-02-06,25.4,33.1,18.1,30,49,0.0,0.0,13.0,119,20.5,5.66,967.4,6.1,394.0,18.664322,78.076546
TS-NZB,2023-02-07,25.8,32.5,19.5,44,70,0.0,0.0,13.3,222,20.06,5.22,967.0,11.9,394.0,18.664322,78.076546
TS-NZB,2023-02-08,25.7,32.4,19.1,46,73,0.0,0.0,11.4,44,20.38,5.07,968.0,12.3,394.0,18.664322,78.076546
TS-NZB,2023-02-09,25.4,33.0,18.0,39,74,0.0,0.0,11.4,52,21.0,5.22,968.4,8.8,394.0,18.664322,78.076546
TS-NZB,2023-02-10,26.2,33.8,18.9,30,53,0.0,0.0,11.1,114,21.03,5.65,969.2,6.3,394.0,18.664322,78.076546
TS-NZB,2023-02-11,26.9,34.3,17.9,29,54,0.0,0.0,12.2,280,21.12,5.38,969.4,6.0,394.0,18.664322,78.076546
TS-NZB,2023-02-12,25.4,32.8,18.0,34,52,0.0,0.0,12.6,31,21.32,5.87,970.6,7.7,394.0,18.664322,78.076546
TS-NZB,2023-02-13,24.2,31.3,17.3,35,68,0.0,0.0,11.9,44,21.8,5.67,971.0,5.8,394.0,18.664322,78.076546
TS-NZB,2023-02-14,23.5,31.6,15.0,31,61,0.0,0.0,11.4,29,21.92,5.42,970.3,4.0,394.0,18.664322,78.076546
TS-NZB,2023-02-15,25.0,33.1,16.4,30,58,0.0,0.0,11.8,37,21.77,5.73,968.8,4.8,394.0,18.664322,78.076546
TS-NZB,2023-02-16,25.7,33.9,16.6,30,60,0.0,0.0,15.0,27,21.84,5.87,968.8,5.2,394.0,18.664322,78.076546
TS-NZB,2023-02-17,25.6,32.9,18.6,31,47,0.0,0.0,12.3,25,21.79,5.5,969.0,6.3,394.0,18.664322,78.076546
TS-NZB,2023-02-18,25.4,32.8,18.2,36,56,0.0,0.0,10.7,51,21.79,5.48,969.0,8.4,394.0,18.664322,78.076546
TS-NZB,2023-02-19,25.8,33.1,18.4,36,59,0.0,0.0,9.4,73,21.92,5.47,969.2,8.8,394.0,18.664322,78.076546
TS-NZB,2023-02-20,26.8,34.2,20.4,35,64,0.0,0.0,10.8,116,22.26,5.94,968.9,8.4,394.0,18.664322,78.076546
TS-NZB,2023-02-21,28.3,35.7,21.6,28,53,0.0,0.0,11.5,139,22.19,6.34,968.9,6.6,394.0,18.664322,78.076546
TS-NZB,2023-02-22,27.7,35.4,18.2,28,54,0.0,0.0,12.1,6,22.18,6.04,968.4,6.3,394.0,18.664322,78.076546
TS-NZB,2023-02-23,27.9,35.3,20.0,28,48,0.0,0.0,12.3,45,22.22,6.11,968.3,6.8,394.0,18.664322,78.076546
TS-NZB,2023-02-24,27.4,34.8,18.8,28,48,0.0,0.0,12.6,59,22.47,6.11,969.5,6.1,394.0,18.664322,78.076546
TS-NZB,2023-02-25,27.5,35.2,21.0,24,40,0.0,0.0,12.7,91,22.75,6.25,970.7,3.8,394.0,18.664322,78.076546
TS-NZB,2023-02-26,27.7,35.4,19.6,22,40,0.0,0.0,13.9,78,22.69,6.73,971.4,3.3,394.0,18.664322,78.076546
TS-NZB,2023-02-27,27.7,34.8,20.7,28,47,0.0,0.0,14.0,158,22.32,6.31,971.5,6.7,394.0,18.664322,78.076546
TS-NZB,2023-02-28,28.4,35.5,22.4,29,50,0.0,0.0,17.1,141,21.39,6.77,971.6,7.6,394.0,18.664322,78.076546
TS-NZB,2023-03-01,28.6,35.2,22.5,27,41,0.0,0.0,16.5,134,22.05,7.21,972.0,6.8,394.0,18.664322,78.076546
TS-NZB,2023-03-02,28.3,34.7,22.5,29,44,0.0,0.0,14.6,115,22.26,6.61,972.3,7.6,394.0,18.664322,78.076546
TS-NZB,2023-03-03,28.5,35.4,22.6,29,42,0.0,0.0,15.0,98,19.88,6.15,972.7,8.2,394.0,18.664322,78.076546
TS-NZB,2023-03-04,29.0,36.4,22.9,27,45,0.0,0.0,16.4,116,21.0,6.58,972.5,7.3,394.0,18.664322,78.076546
TS-NZB,2023-03-05,28.8,35.2,23.3,28,42,0.0,0.0,13.4,104,22.7,6.71,972.2,7.9,394.0,18.664322,78.076546
TS-NZB,2023-03-06,29.1,35.8,22.9,28,46,0.0,0.0,12.8,61,20.3,5.91,970.4,7.6,394.0,18.664322,78.076546
TS-NZB,2023-03-07,26.0,31.3,21.3,41,58,0.0,0.0,14.4,17,21.75,5.66,971.8,11.4,394.0,18.664322,78.076546
TS-NZB,2023-03-08,26.7,33.8,19.9,40,69,0.0,0.0,12.8,64,22.04,5.7,970.7,10.3,394.0,18.664322,78.076546
TS-NZB,2023-03-09,27.7,34.3,20.4,30,53,0.0,0.0,12.8,60,21.38,5.68,969.7,7.6,394.0,18.664322,78.076546
TS-NZB,2023-03-10,27.9,34.4,21.9,33,60,0.0,0.0,13.0,98,20.85,5.55,969.2,9.6,394.0,18.664322,78.076546
TS-NZB,2023-03-11,27.8,34.4,21.6,34,63,0.0,0.0,12.5,84,21.85,5.93,969.3,9.7,394.0,18.664322,78.076546
TS-NZB,2023-03-12,28.0,34.3,22.4,34,66,0.0,0.0,15.0,110,22.14,6.43,969.1,9.6,394.0,18.664322,78.076546
TS-NZB,2023-03-13,28.8,35.4,22.5,31,55,0.0,0.0,14.3,110,19.98,6.35,967.7,8.8,394.0,18.664322,78.076546
TS-NZB,2023-03-14,28.9,34.6,22.6,26,40,0.0,0.0,12.1,139,20.48,5.8,966.0,6.8,394.0,18.664322,78.076546
TS-NZB,2023-03-15,28.9,35.4,22.0,28,48,0.0,0.0,12.7,150,19.82,6.06,965.2,7.2,394.0,18.664322,78.076546
TS-NZB,2023-03-16,24.8,30.0,20.7,58,80,7.9,7.9,15.6,85,17.22,4.54,967.2,15.5,394.0,18.664322,78.076546
TS-NZB,2023-03-17,24.4,30.9,20.6,70,96,1.8,1.8,17.4,116,17.96,4.21,967.2,18.1,394.0,18.664322,78.076546
TS-NZB,2023-03-18,22.3,27.9,18.7,80,95,11.4,11.4,18.7,146,16.76,3.49,965.9,18.4,394.0,18.664322,78.076546
TS-NZB,2023-03-19,23.2,29.7,17.9,69,97,2.1,2.1,10.1,243,22.4,4.8,964.2,16.4,394.0,18.664322,78.076546
TS-NZB,2023-03-20,23.8,29.3,19.1,60,83,0.0,0.0,12.0,275,22.35,5.1,963.4,15.0,394.0,18.664322,78.076546
TS-NZB,2023-03-21,25.2,31.2,19.4,51,76,0.0,0.0,15.0,264,23.35,5.57,964.1,13.3,394.0,18.664322,78.076546
TS-NZB,2023-03-22,25.7,31.4,19.4,52,74,0.0,0.0,10.8,299,22.49,5.38,964.9,14.5,394.0,18.664322,78.076546
TS-NZB,2023-03-23,26.2,32.3,20.3,53,76,0.0,0.0,14.8,286,22.56,5.51,965.0,15.1,394.0,18.664322,78.076546
TS-NZB,2023-03-24,27.1,33.8,19.8,50,78,0.0,0.0,11.2,275,23.33,5.68,965.0,14.8,394.0,18.664322,78.076546
TS-NZB,2023-03-25,26.4,32.8,22.1,61,82,3.1,3.1,15.7,171,16.93,4.29,966.3,17.8,394.0,18.664322,78.076546
TS-NZB,2023-03-26,28.4,35.0,23.3,52,78,0.0,0.0,14.2,249,22.18,5.98,965.2,16.3,394.0,18.664322,78.076546
TS-NZB,2023-03-27,28.3,34.9,22.7,38,63,0.0,0.0,13.1,312,24.66,6.36,965.5,11.4,394.0,18.664322,78.076546
TS-NZB,2023-03-28,28.4,35.7,20.4,37,70,0.0,0.0,15.1,281,24.91,6.31,965.0,10.4,394.0,18.664322,78.076546
TS-NZB,2023-03-29,30.3,37.9,23.0,41,81,0.0,0.0,19.5,192,23.7,7.25,965.2,13.8,394.0,18.664322,78.076546
TS-NZB,2023-03-30,30.0,37.0,24.0,35,57,0.0,0.0,17.7,222,24.68,7.13,964.1,11.6,394.0,18.664322,78.076546
TS-NZB,2023-03-31,28.3,34.5,22.7,40,54,0.0,0.0,14.8,269,22.45,6.22,964.3,12.8,394.0,18.664322,78.076546
TS-NZB,2023-04-01,28.3,34.6,22.3,39,65,0.0,0.0,13.1,314,23.92,6.28,965.0,11.9,394.0,18.664322,78.076546
TS-NZB,2023-04-02,28.9,36.2,22.1,32,52,0.0,0.0,14.7,277,25.06,6.71,964.5,9.4,394.0,18.664322,78.076546
TS-NZB,2023-04-03,29.8,36.6,22.2,38,58,0.1,0.1,18.7,189,21.93,6.41,964.0,13.3,394.0,18.664322,78.076546
TS-NZB,2023-04-04,30.3,37.3,24.5,39,73,0.0,0.0,13.3,250,22.64,6.14,965.0,13.4,394.0,18.664322,78.076546
TS-NZB,2023-04-05,30.8,37.4,23.9,34,61,0.0,0.0,11.5,43,24.34,6.61,965.0,11.6,394.0,18.664322,78.076546
TS-NZB,2023-04-06,30.0,37.2,24.6,42,62,0.0,0.0,27.1,131,21.98,6.34,966.1,14.8,394.0,18.664322,78.076546
TS-NZB,2023-04-07,27.2,32.4,23.8,63,85,28.8,28.8,16.1,101,16.76,4.15,968.3,19.2,394.0,18.664322,78.076546
TS-NZB,2023-04-08,26.6,32.5,20.8,66,91,0.2,0.2,9.1,20,22.86,5.18,970.5,19.0,394.0,18.664322,78.076546
TS-NZB,2023-04-09,27.7,33.9,22.7,60,86,0.1,0.1,15.0,32,22.29,5.31,970.1,18.7,394.0,18.664322,78.076546
TS-NZB,2023-04-10,28.5,34.9,22.1,56,83,0.0,0.0,10.3,25,22.86,5.54,968.5,18.1,394.0,18.664322,78.076546
TS-NZB,2023-04-11,30.3,36.9,24.5,41,53,0.0,0.0,12.6,43,23.26,6.51,967.9,14.7,394.0,18.664322,78.076546
TS-NZB,2023-04-12,30.8,37.4,24.5,41,60,0.0,0.0,11.6,50,21.88,6.2,967.2,15.4,394.0,18.664322,78.076546
TS-NZB,2023-04-13,31.4,38.6,24.6,41,63,0.0,0.0,10.1,287,22.65,6.33,966.6,15.6,394.0,18.664322,78.076546
TS-NZB,2023-04-14,30.0,37.0,25.1,46,68,0.9,0.9,14.2,274,20.83,5.57,966.8,16.7,394.0,18.664322,78.076546
TS-NZB,2023-04-15,29.1,35.2,24.1,47,64,0.0,0.0,14.4,300,18.53,5.16,967.2,15.9,394.0,18.664322,78.076546
TS-NZB,2023-04-16,29.9,37.2,22.7,47,80,0.0,0.0,9.8,332,23.93,6.05,965.1,15.9,394.0,18.664322,78.076546
TS-NZB,2023-04-17,31.1,37.9,24.4,41,65,0.0,0.0,10.7,318,21.92,6.12,965.2,15.1,394.0,18.664322,78.076546
TS-NZB,2023-04-18,30.6,36.4,24.5,42,67,0.1,0.1,14.3,342,19.94,5.75,966.3,15.3,394.0,18.664322,78.076546
TS-NZB,2023-04-19,31.5,37.5,24.8,39,66,0.3,0.3,12.0,227,21.59,5.83,964.3,14.7,394.0,18.664322,78.076546
TS-NZB,2023-04-20,31.4,37.7,24.7,37,64,0.0,0.0,15.8,306,22.39,6.14,962.1,14.0,394.0,18.664322,78.076546
TS-NZB,2023-04-21,29.9,36.5,23.2,44,75,0.4,0.4,13.8,62,23.86,6.33,962.8,15.4,394.0,18.664322,78.076546
TS-NZB,2023-04-22,30.2,36.9,24.8,43,61,0.0,0.0,16.5,220,23.25,6.98,961.7,15.4,394.0,18.664322,78.076546
TS-NZB,2023-04-23,29.7,35.2,23.9,38,63,0.0,0.0,14.2,314,24.01,6.48,962.5,13.3,394.0,18.664322,78.076546
TS-NZB,2023-04-24,29.4,34.8,24.3,54,84,0.3,0.3,15.0,143,22.19,5.78,964.4,18.1,394.0,18.664322,78.076546
TS-NZB,2023-04-25,28.0,35.1,25.3,64,81,2.8,2.8,16.8,142,17.37,4.74,965.3,20.4,394.0,18.664322,78.076546
TS-NZB,2023-04-26,28.8,35.6,23.4,57,82,0.8,0.8,18.4,179,23.9,6.16,964.6,18.5,394.0,18.664322,78.076546
TS-NZB,2023-04-27,27.1,32.1,23.1,68,86,2.1,2.1,12.4,135,19.72,4.6,965.6,20.5,394.0,18.664322,78.076546
TS-NZB,2023-04-28,25.9,30.9,23.2,75,96,6.6,6.6,15.8,105,14.82,3.39,966.5,20.9,394.0,18.664322,78.076546
TS-NZB,2023-04-29,25.5,31.8,21.4,78,97,21.7,21.7,11.3,119,21.89,4.75,965.8,21.0,394.0,18.664322,78.076546
TS-NZB,2023-04-30,24.1,30.3,21.4,83,97,5.5,5.5,17.5,97,17.85,3.68,964.0,20.8,394.0,18.664322,78.076546
TS-NZB,2023-05-01,24.9,31.0,20.2,78,97,10.2,10.2,16.8,131,21.43,4.66,963.5,20.6,394.0,18.664322,78.076546
TS-NZB,2023-05-02,25.7,31.6,21.2,76,97,14.6,14.6,14.6,179,21.09,4.64,964.3,20.9,394.0,18.664322,78.076546
TS-NZB,2023-05-03,25.9,30.8,21.8,77,95,0.4,0.4,14.3,98,19.81,4.4,965.4,21.4,394.0,18.664322,78.076546
TS-NZB,2023-05-04,26.3,31.6,22.6,76,90,4.0,4.0,12.2,147,20.11,4.39,964.8,21.5,394.0,18.664322,78.076546
TS-NZB,2023-05-05,25.8,31.2,21.1,77,95,3.9,3.9,12.4,179,18.71,4.07,964.2,21.1,394.0,18.664322,78.076546
TS-NZB,2023-05-06,28.2,32.6,24.1,69,86,0.1,0.1,8.7,293,18.89,4.36,963.3,21.7,394.0,18.664322,78.076546
TS-NZB,2023-05-07,28.6,33.8,24.6,66,81,0.1,0.1,11.9,270,23.19,5.41,963.3,21.2,394.0,18.664322,78.076546
TS-NZB,2023-05-08,29.8,35.2,24.5,61,80,0.0,0.0,13.8,232,24.47,5.99,962.8,20.9,394.0,18.664322,78.076546
TS-NZB,2023-05-09,30.4,36.3,26.1,61,84,0.1,0.1,14.3,266,23.36,5.99,963.5,21.6,394.0,18.664322,78.076546
TS-NZB,2023-05-10,31.1,37.3,25.5,55,85,0.0,0.0,13.0,302,23.18,6.24,962.8,19.9,394.0,18.664322,78.076546
TS-NZB,2023-05-11,31.3,38.4,25.0,48,78,0.0,0.0,13.6,114,25.61,6.92,963.2,17.3,394.0,18.664322,78.076546
TS-NZB,2023-05-12,32.1,38.9,25.7,41,66,0.0,0.0,14.8,237,25.34,7.15,962.7,16.0,394.0,18.664322,78.076546
TS-NZB,2023-05-13,32.3,40.5,24.8,34,61,0.0,0.0,14.1,277,26.84,7.46,962.2,12.3,394.0,18.664322,78.076546
TS-NZB,2023-05-14,32.2,39.6,24.3,31,49,0.0,0.0,17.2,275,24.81,8.04,961.0,12.1,394.0,18.664322,78.076546
TS-NZB,2023-05-15,32.3,39.1,26.2,36,50,0.0,0.0,16.1,274,25.38,7.96,962.2,14.3,394.0,18.664322,78.076546
TS-NZB,2023-05-16,32.2,38.5,26.5,33,47,0.0,0.0,15.2,277,26.03,8.09,964.1,13.1,394.0,18.664322,78.076546
TS-NZB,2023-05-17,31.6,37.4,25.4,40,54,0.0,0.0,11.3,267,24.32,6.71,965.0,15.9,394.0,18.664322,78.076546
TS-NZB,2023-05-18,33.3,39.2,25.9,35,59,0.0,0.0,15.5,333,23.27,7.01,965.5,15.1,394.0,18.664322,78.076546
TS-NZB,2023-05-19,33.3,40.1,27.8,34,51,0.0,0.0,13.4,315,23.79,6.81,964.3,14.5,394.0,18.664322,78.076546
TS-NZB,2023-05-20,33.1,39.7,26.8,36,61,0.0,0.0,13.5,265,23.72,6.96,963.5,14.8,394.0,18.664322,78.076546
TS-NZB,2023-05-21,33.2,39.9,26.5,37,66,0.0,0.0,10.8,206,24.33,6.95,964.3,15.1,394.0,18.664322,78.076546
TS-NZB,2023-05-22,32.6,39.1,26.9,40,67,0.0,0.0,21.3,189,23.58,7.12,965.6,16.2,394.0,18.664322,78.076546
TS-NZB,2023-05-23,33.0,38.9,26.6,36,61,0.0,0.0,20.7,211,24.21,6.83,965.6,14.8,394.0,18.664322,78.076546
TS-NZB,2023-05-24,32.6,39.0,23.9,42,83,3.6,3.6,13.1,241,23.95,7.08,964.6,16.6,394.0,18.664322,78.076546
TS-NZB,2023-05-25,33.4,38.9,27.9,36,68,0.0,0.0,19.3,261,23.89,8.13,964.4,15.5,394.0,18.664322,78.076546
TS-NZB,2023-05-26,32.7,38.4,27.9,33,51,0.0,0.0,17.9,264,24.9,8.57,965.3,13.7,394.0,18.664322,78.076546
TS-NZB,2023-05-27,32.8,39.4,26.9,32,49,0.0,0.0,13.8,275,25.17,8.11,964.0,12.7,394.0,18.664322,78.076546
TS-NZB,2023-05-28,33.4,39.5,27.8,32,42,0.0,0.0,14.1,277,24.18,7.59,963.6,14.0,394.0,18.664322,78.076546
TS-NZB,2023-05-29,33.4,38.5,27.9,36,54,0.0,0.0,15.3,106,23.71,7.46,963.8,15.6,394.0,18.664322,78.076546
TS-NZB,2023-05-30,32.1,39.3,23.9,46,78,2.6,2.6,22.6,215,23.27,6.41,964.4,17.7,394.0,18.664322,78.076546
TS-NZB,2023-05-31,33.2,39.6,27.8,40,62,0.0,0.0,17.6,283,23.59,7.08,963.4,16.7,394.0,18.664322,78.076546
TS-NZB,2023-06-01,33.9,41.1,27.2,31,61,0.0,0.0,19.7,316,25.48,8.13,962.7,12.9,394.0,18.664322,78.076546
TS-NZB,2023-06-02,33.7,40.6,26.9,28,43,0.0,0.0,16.6,295,24.34,8.08,962.7,11.8,394.0,18.664322,78.076546
TS-NZB,2023-06-03,34.1,40.1,28.1,32,48,0.0,0.0,13.9,282,24.62,8.07,962.6,14.3,394.0,18.664322,78.076546
TS-NZB,2023-06-04,31.2,39.7,24.6,52,93,4.6,4.6,27.3,290,23.74,7.29,962.9,18.6,394.0,18.664322,78.076546
TS-NZB,2023-06-05,31.1,38.3,24.6,50,84,0.0,0.0,14.3,279,24.43,6.71,962.0,17.9,394.0,18.664322,78.076546
TS-NZB,2023-06-06,33.3,38.7,28.1,40,58,0.0,0.0,14.8,298,23.91,7.04,961.4,17.1,394.0,18.664322,78.076546
TS-NZB,2023-06-07,33.5,39.6,28.3,40,58,0.0,0.0,15.9,264,24.22,7.7,961.1,17.4,394.0,18.664322,78.076546
TS-NZB,2023-06-08,33.3,38.8,28.6,41,60,0.0,0.0,19.7,272,22.76,7.71,961.6,17.8,394.0,18.664322,78.076546
TS-NZB,2023-06-09,33.9,40.0,27.8,38,55,0.0,0.0,18.3,262,24.97,8.44,959.9,17.0,394.0,18.664322,78.076546
TS-NZB,2023-06-10,33.4,38.8,29.1,43,58,0.7,0.7,19.3,262,24.38,7.89,960.0,18.6,394.0,18.664322,78.076546
TS-NZB,2023-06-11,30.6,37.1,26.3,58,85,0.0,0.0,23.3,245,21.43,6.35,960.3,20.8,394.0,18.664322,78.076546
TS-NZB,2023-06-12,32.1,38.1,28.0,48,63,0.0,0.0,17.2,251,24.71,7.35,959.9,18.9,394.0,18.664322,78.076546
TS-NZB,2023-06-13,32.6,38.8,28.0,40,56,0.0,0.0,18.2,254,26.08,8.26,960.5,16.5,394.0,18.664322,78.076546
TS-NZB,2023-06-14,33.0,38.7,28.7,41,56,0.0,0.0,17.0,262,24.62,8.11,962.0,17.3,394.0,18.664322,78.076546
TS-NZB,2023-06-15,32.6,37.9,28.5,43,60,0.0,0.0,18.4,271,25.1,7.92,962.4,17.8,394.0,18.664322,78.076546
TS-NZB,2023-06-16,33.3,39.2,28.7,38,56,0.0,0.0,17.1,258,25.7,8.27,961.5,16.4,394.0,18.664322,78.076546
TS-NZB,2023-06-17,33.3,39.1,29.0,42,58,0.0,0.0,22.0,262,25.58,8.18,961.7,18.0,394.0,18.664322,78.076546
TS-NZB,2023-06-18,33.1,38.1,29.0,41,58,0.0,0.0,17.7,276,25.47,8.08,961.7,17.7,394.0,18.664322,78.076546
TS-NZB,2023-06-19,33.4,38.5,29.0,39,58,0.0,0.0,17.2,282,25.48,8.05,960.5,17.2,394.0,18.664322,78.076546
TS-NZB,2023-06-20,33.8,38.4,29.9,39,54,0.0,0.0,15.8,286,25.02,7.48,959.6,17.6,394.0,18.664322,78.076546
TS-NZB,2023-06-21,33.5,38.3,29.9,41,57,0.0,0.0,17.7,273,22.13,7.43,960.0,18.2,394.0,18.664322,78.076546
TS-NZB,2023-06-22,31.3,38.0,27.0,51,71,0.4,0.4,18.6,247,20.49,6.69,960.6,19.5,394.0,18.664322,78.076546
TS-NZB,2023-06-23,30.0,34.3,25.9,60,93,5.1,5.1,15.3,270,14.63,4.76,960.9,20.6,394.0,18.664322,78.076546
TS-NZB,2023-06-24,27.4,31.5,24.8,76,95,10.9,10.9,20.2,243,13.74,3.56,960.2,22.7,394.0,18.664322,78.076546
TS-NZB,2023-06-25,26.7,31.0,24.4,80,96,12.5,12.5,16.1,254,11.85,3.14,959.6,22.6,394.0,18.664322,78.076546
TS-NZB,2023-06-26,25.5,28.9,24.1,87,94,20.8,20.8,17.4,266,7.69,2.13,960.7,23.0,394.0,18.664322,78.076546
TS-NZB,2023-06-27,25.7,28.1,23.9,85,92,6.7,6.7,23.9,264,10.95,2.7,960.5,22.9,394.0,18.664322,78.076546
TS-NZB,2023-06-28,26.8,31.9,24.0,79,94,3.3,3.3,18.2,251,17.69,4.27,961.6,22.7,394.0,18.664322,78.076546
TS-NZB,2023-06-29,27.7,32.6,24.3,73,92,0.9,0.9,22.8,252,20.56,5.15,961.8,22.1,394.0,18.664322,78.076546
TS-NZB,2023-06-30,29.0,33.4,25.5,63,76,0.7,0.7,23.4,253,20.79,6.08,961.6,21.0,394.0,18.664322,78.076546
TS-NZB,2023-07-01,29.2,34.3,25.7,64,77,0.9,0.9,22.7,258,23.92,6.48,962.2,21.4,394.0,18.664322,78.076546
TS-NZB,2023-07-02,29.0,34.2,25.3,67,86,1.2,1.2,19.9,274,23.32,5.95,961.6,21.9,394.0,18.664322,78.076546
TS-NZB,2023-07-03,29.6,34.1,25.6,65,85,0.3,0.3,19.1,264,21.42,5.55,960.2,22.0,394.0,18.664322,78.076546
TS-NZB,2023-07-04,29.4,35.0,26.6,68,83,1.4,1.4,14.2,245,19.36,4.96,958.0,22.8,394.0,18.664322,78.076546
TS-NZB,2023-07-05,27.6,32.5,24.4,78,94,7.6,7.6,13.3,254,16.25,3.91,956.7,23.2,394.0,18.664322,78.076546
TS-NZB,2023-07-06,27.3,30.8,24.9,76,91,4.8,4.8,16.5,244,12.9,3.54,958.5,22.6,394.0,18.664322,78.076546
TS-NZB,2023-07-07,27.0,32.4,23.8,76,92,6.1,6.1,22.2,244,17.22,4.36,960.3,22.2,394.0,18.664322,78.076546
TS-NZB,2023-07-08,27.0,31.9,24.2,77,91,4.2,4.2,18.7,241,14.23,3.84,961.5,22.4,394.0,18.664322,78.076546
TS-NZB,2023-07-09,27.8,31.6,24.5,72,88,1.9,1.9,17.5,247,19.45,4.88,962.2,22.0,394.0,18.664322,78.076546
TS-NZB,2023-07-10,28.0,33.2,24.8,69,82,1.5,1.5,19.4,254,22.48,5.63,962.0,21.6,394.0,18.664322,78.076546
TS-NZB,2023-07-11,25.1,26.5,24.2,88,92,14.6,14.6,13.8,260,6.13,1.6,962.0,22.9,394.0,18.664322,78.076546
TS-NZB,2023-07-12,26.5,31.7,23.3,80,96,4.5,4.5,20.0,264,19.65,4.51,960.9,22.4,394.0,18.664322,78.076546
TS-NZB,2023-07-13,27.7,32.7,23.9,75,94,23.2,23.2,13.2,260,22.46,5.13,960.8,22.5,394.0,18.664322,78.076546
TS-NZB,2023-07-14,27.1,32.0,23.8,80,95,7.3,7.3,17.5,249,20.57,4.59,961.9,23.1,394.0,18.664322,78.076546
TS-NZB,2023-07-15,26.5,30.2,24.1,80,94,5.2,5.2,19.9,276,15.71,3.82,962.3,22.6,394.0,18.664322,78.076546
TS-NZB,2023-07-16,25.2,27.1,24.0,88,94,8.2,8.2,17.2,267,6.67,1.81,961.6,23.0,394.0,18.664322,78.076546
TS-NZB,2023-07-17,25.4,29.0,23.5,84,94,6.9,6.9,22.0,261,9.9,2.64,960.1,22.4,394.0,18.664322,78.076546
TS-NZB,2023-07-18,24.1,25.2,23.5,92,93,39.2,39.2,23.5,255,4.13,1.25,958.3,22.7,394.0,18.664322,78.076546
TS-NZB,2023-07-19,25.3,29.5,23.1,86,93,35.8,35.8,25.2,258,13.69,3.21,956.3,22.5,394.0,18.664322,78.076546
TS-NZB,2023-07-20,24.9,28.6,23.4,88,96,21.4,21.4,25.0,258,10.99,2.53,956.8,22.8,394.0,18.664322,78.076546
TS-NZB,2023-07-21,24.7,27.7,23.3,90,94,20.2,20.2,22.7,270,9.57,2.16,958.4,22.9,394.0,18.664322,78.076546
TS-NZB,2023-07-22,25.6,29.4,23.4,84,95,7.2,7.2,27.0,263,14.69,3.37,959.2,22.7,394.0,18.664322,78.076546
TS-NZB,2023-07-23,26.5,31.2,24.1,80,93,2.5,2.5,18.5,249,17.86,4.2,959.7,22.6,394.0,18.664322,78.076546
TS-NZB,2023-07-24,26.0,30.3,23.7,83,96,10.0,10.0,18.8,265,16.04,3.65,959.8,22.9,394.0,18.664322,78.076546
TS-NZB,2023-07-25,25.5,29.3,23.7,87,95,19.0,19.0,22.9,282,15.11,3.26,960.4,23.1,394.0,18.664322,78.076546
TS-NZB,2023-07-26,25.9,30.2,23.8,83,92,3.2,3.2,22.0,282,14.49,3.47,960.5,22.7,394.0,18.664322,78.076546
TS-NZB,2023-07-27,24.3,26.9,23.3,90,94,38.0,38.0,24.1,269,9.52,2.16,960.0,22.6,394.0,18.664322,78.076546
TS-NZB,2023-07-28,25.9,29.8,23.1,82,93,18.9,18.9,25.3,276,13.1,3.42,960.7,22.3,394.0,18.664322,78.076546
TS-NZB,2023-07-29,26.0,30.2,24.2,80,89,9.2,9.2,28.0,284,16.3,3.91,961.9,22.3,394.0,18.664322,78.076546
TS-NZB,2023-07-30,26.7,31.0,23.7,76,85,2.0,2.0,23.4,278,19.83,4.68,961.6,22.1,394.0,18.664322,78.076546
TS-NZB,2023-07-31,26.8,30.2,24.1,76,84,2.9,2.9,22.6,273,18.46,4.43,961.1,22.2,394.0,18.664322,78.076546
TS-NZB,2023-08-01,26.8,30.4,24.5,76,83,1.5,1.5,23.7,272,18.98,4.59,960.9,22.2,394.0,18.664322,78.076546
TS-NZB,2023-08-02,26.9,30.1,24.7,72,78,0.3,0.3,24.9,271,14.46,4.28,961.2,21.3,394.0,18.664322,78.076546
TS-NZB,2023-08-03,26.3,28.9,24.6,74,83,0.4,0.4,27.7,267,10.16,3.38,960.9,21.3,394.0,18.664322,78.076546
TS-NZB,2023-08-04,27.1,31.5,24.0,73,84,0.5,0.5,21.2,265,20.64,5.03,962.6,21.7,394.0,18.664322,78.076546
TS-NZB,2023-08-05,27.4,31.8,24.1,71,84,1.2,1.2,22.4,264,23.39,5.61,964.5,21.6,394.0,18.664322,78.076546
TS-NZB,2023-08-06,27.6,31.9,24.5,69,83,0.6,0.6,21.4,269,24.04,5.82,963.5,21.2,394.0,18.664322,78.076546
TS-NZB,2023-08-07,26.8,30.7,24.2,70,80,0.6,0.6,21.7,272,19.62,4.91,962.1,20.9,394.0,18.664322,78.076546
TS-NZB,2023-08-08,27.0,31.5,23.8,70,79,0.8,0.8,19.4,277,20.25,4.93,962.7,20.8,394.0,18.664322,78.076546
TS-NZB,2023-08-09,27.1,31.2,23.8,74,86,0.4,0.4,16.3,277,20.95,4.69,964.7,21.9,394.0,18.664322,78.076546
TS-NZB,2023-08-10,27.6,32.0,23.7,72,89,0.3,0.3,13.3,286,24.19,5.4,965.1,22.0,394.0,18.664322,78.076546
TS-NZB,2023-08-11,27.6,31.8,23.6,72,86,0.3,0.3,14.5,287,24.08,5.34,964.6,22.0,394.0,18.664322,78.076546
TS-NZB,2023-08-12,27.7,31.9,24.1,70,88,0.0,0.0,14.2,285,23.41,5.39,964.0,21.4,394.0,18.664322,78.076546
TS-NZB,2023-08-13,27.5,31.6,24.3,67,81,0.9,0.9,17.3,279,22.67,5.39,963.2,20.6,394.0,18.664322,78.076546
TS-NZB,2023-08-14,27.2,31.1,24.2,68,80,0.2,0.2,13.9,282,16.23,4.15,963.8,20.6,394.0,18.664322,78.076546
TS-NZB,2023-08-15,26.9,31.1,23.8,72,89,1.6,1.6,13.5,279,21.76,4.89,964.2,21.3,394.0,18.664322,78.076546
TS-NZB,2023-08-16,26.8,31.1,23.7,76,89,0.3,0.3,14.5,281,22.28,4.86,964.2,22.1,394.0,18.664322,78.076546
TS-NZB,2023-08-17,27.3,31.4,23.7,71,92,3.1,3.1,14.7,287,20.01,4.91,963.5,21.2,394.0,18.664322,78.076546
TS-NZB,2023-08-18,24.9,26.3,23.5,83,93,5.4,5.4,19.4,283,7.79,2.16,962.1,21.7,394.0,18.664322,78.076546
TS-NZB,2023-08-19,23.9,25.8,23.0,92,94,21.8,21.8,18.0,272,7.32,1.65,960.9,22.5,394.0,18.664322,78.076546
TS-NZB,2023-08-20,25.6,29.6,23.2,82,92,4.2,4.2,18.4,272,19.75,4.17,961.4,22.3,394.0,18.664322,78.076546
TS-NZB,2023-08-21,26.5,30.9,23.1,75,92,0.0,0.0,16.7,280,21.45,4.77,962.2,21.4,394.0,18.664322,78.076546
TS-NZB,2023-08-22,27.1,31.2,23.5,76,90,0.6,0.6,14.1,277,22.74,4.99,962.1,22.2,394.0,18.664322,78.076546
TS-NZB,2023-08-23,26.8,30.8,24.5,80,90,2.7,2.7,14.5,267,19.44,4.21,962.3,22.9,394.0,18.664322,78.076546
TS-NZB,2023-08-24,27.2,31.4,24.3,71,84,0.9,0.9,15.9,269,20.9,4.9,961.8,21.4,394.0,18.664322,78.076546
TS-NZB,2023-08-25,27.5,32.0,23.9,72,91,2.1,2.1,15.9,260,23.47,5.46,962.2,21.8,394.0,18.664322,78.076546
TS-NZB,2023-08-26,26.9,31.0,23.6,77,92,0.7,0.7,15.5,264,23.1,5.03,963.4,22.3,394.0,18.664322,78.076546
TS-NZB,2023-08-27,26.6,30.5,23.7,78,90,0.9,0.9,17.2,283,21.66,4.73,964.1,22.3,394.0,18.664322,78.076546
TS-NZB,2023-08-28,26.3,30.4,22.9,74,91,0.5,0.5,15.5,277,23.75,5.15,963.5,21.0,394.0,18.664322,78.076546
TS-NZB,2023-08-29,26.4,30.5,21.9,75,89,0.1,0.1,12.8,291,23.16,4.98,963.4,21.3,394.0,18.664322,78.076546
TS-NZB,2023-08-30,26.7,31.5,21.8,73,93,0.1,0.1,14.5,325,24.13,5.35,964.0,20.9,394.0,18.664322,78.076546
TS-NZB,2023-08-31,27.2,32.1,22.7,74,89,0.5,0.5,11.2,348,23.24,5.11,964.1,21.8,394.0,18.664322,78.076546
TS-NZB,2023-09-01,27.8,31.9,23.8,73,91,1.6,1.6,10.6,328,22.59,5.0,964.0,22.3,394.0,18.664322,78.076546
TS-NZB,2023-09-02,28.5,32.8,24.9,72,87,0.9,0.9,12.4,314,19.14,4.44,963.1,22.9,394.0,18.664322,78.076546
TS-NZB,2023-09-03,26.1,30.7,23.9,88,97,26.5,26.5,19.5,290,15.78,3.35,962.1,23.8,394.0,18.664322,78.076546
TS-NZB,2023-09-04,24.4,26.9,23.3,92,97,24.3,24.3,17.2,261,7.97,1.76,960.1,22.9,394.0,18.664322,78.076546
TS-NZB,2023-09-05,25.7,30.9,23.1,84,95,12.4,12.4,19.5,273,14.91,3.47,959.1,22.5,394.0,18.664322,78.076546
TS-NZB,2023-09-06,25.8,30.4,23.4,85,92,7.7,7.7,17.2,271,15.63,3.44,959.2,23.0,394.0,18.664322,78.076546
TS-NZB,2023-09-07,25.0,27.6,23.7,87,92,19.9,19.9,24.2,262,12.88,2.82,959.5,22.6,394.0,18.664322,78.076546
TS-NZB,2023-09-08,25.6,30.3,23.2,83,94,13.0,13.0,22.0,249,17.74,3.88,960.0,22.5,394.0,18.664322,78.076546
TS-NZB,2023-09-09,26.1,29.9,23.9,83,91,7.2,7.2,21.2,266,16.68,3.69,960.2,22.8,394.0,18.664322,78.076546
TS-NZB,2023-09-10,25.9,28.8,23.7,84,93,28.0,28.0,20.1,271,15.81,3.4,960.3,22.9,394.0,18.664322,78.076546
TS-NZB,2023-09-11,26.8,30.9,23.7,76,89,0.0,0.0,19.7,287,22.1,4.91,961.1,22.0,394.0,18.664322,78.076546
TS-NZB,2023-09-12,26.9,30.2,24.2,76,87,0.1,0.1,19.5,286,17.19,4.1,961.8,22.3,394.0,18.664322,78.076546
TS-NZB,2023-09-13,26.3,29.3,24.1,76,88,0.0,0.0,15.0,291,15.69,3.69,961.7,21.5,394.0,18.664322,78.076546
TS-NZB,2023-09-14,26.0,28.9,23.8,79,93,1.7,1.7,16.6,275,14.1,3.37,961.5,22.1,394.0,18.664322,78.076546
TS-NZB,2023-09-15,26.0,29.1,23.5,79,93,4.9,4.9,21.0,267,14.73,3.59,961.2,21.9,394.0,18.664322,78.076546
TS-NZB,2023-09-16,26.8,31.3,24.2,72,85,0.6,0.6,22.6,253,18.48,4.55,961.6,21.3,394.0,18.664322,78.076546
TS-NZB,2023-09-17,27.0,31.5,23.3,71,92,0.0,0.0,18.8,255,22.87,5.08,961.8,21.1,394.0,18.664322,78.076546
TS-NZB,2023-09-18,26.7,31.1,22.9,74,87,0.7,0.7,11.9,254,22.47,4.87,961.9,21.4,394.0,18.664322,78.076546
TS-NZB,2023-09-19,27.2,31.8,23.7,74,86,0.0,0.0,11.9,264,22.67,5.02,963.3,22.1,394.0,18.664322,78.076546
TS-NZB,2023-09-20,26.4,31.1,23.9,82,90,6.9,6.9,12.6,265,17.33,3.72,963.7,23.0,394.0,18.664322,78.076546
TS-NZB,2023-09-21,25.7,29.1,24.2,90,97,6.7,6.7,10.7,252,10.44,2.25,963.7,23.9,394.0,18.664322,78.076546
TS-NZB,2023-09-22,25.3,29.1,23.5,89,97,2.9,2.9,10.5,269,14.25,2.94,963.8,23.3,394.0,18.664322,78.076546
TS-NZB,2023-09-23,25.5,30.2,22.7,89,98,2.6,2.6,12.0,287,16.32,3.35,964.1,23.3,394.0,18.664322,78.076546
TS-NZB,2023-09-24,25.1,28.6,23.2,90,98,13.6,13.6,13.1,283,12.28,2.59,964.0,23.3,394.0,18.664322,78.076546
TS-NZB,2023-09-25,25.1,28.6,22.7,89,98,4.7,4.7,14.6,289,11.16,2.37,963.1,23.1,394.0,18.664322,78.076546
TS-NZB,2023-09-26,25.1,29.7,22.8,88,98,9.7,9.7,14.2,325,17.37,3.53,962.9,22.8,394.0,18.664322,78.076546
TS-NZB,2023-09-27,25.8,30.7,22.1,87,100,14.0,14.0,8.6,339,17.45,3.59,962.8,23.3,394.0,18.664322,78.076546
TS-NZB,2023-09-28,26.3,31.4,22.3,85,96,8.1,8.1,8.6,110,19.28,4.06,962.6,23.5,394.0,18.664322,78.076546
TS-NZB,2023-09-29,26.1,31.1,23.6,88,98,10.9,10.9,12.5,247,14.86,3.12,962.5,23.8,394.0,18.664322,78.076546
TS-NZB,2023-09-30,26.5,31.0,23.3,85,98,3.9,3.9,10.2,261,19.11,3.95,962.6,23.6,394.0,18.664322,78.076546
TS-NZB,2023-10-01,26.7,31.1,23.7,81,94,1.2,1.2,12.0,253,20.76,4.45,961.9,23.0,394.0,18.664322,78.076546
TS-NZB,2023-10-02,27.3,31.2,22.8,75,97,0.0,0.0,13.5,290,17.07,4.12,962.3,22.0,394.0,18.664322,78.076546
TS-NZB,2023-10-03,27.5,31.6,24.7,69,81,0.0,0.0,16.6,312,21.31,5.03,963.9,21.1,394.0,18.664322,78.076546
TS-NZB,2023-10-04,26.4,32.1,22.5,65,84,0.0,0.0,14.9,317,21.87,5.26,965.2,18.8,394.0,18.664322,78.076546
TS-NZB,2023-10-05,25.6,31.8,20.2,65,80,0.0,0.0,13.6,298,23.32,5.37,965.0,18.0,394.0,18.664322,78.076546
TS-NZB,2023-10-06,25.9,32.0,20.6,64,80,0.0,0.0,13.4,294,23.34,5.25,964.4,18.2,394.0,18.664322,78.076546
TS-NZB,2023-10-07,26.8,32.4,21.3,61,84,0.0,0.0,12.9,330,22.49,5.36,965.2,18.1,394.0,18.664322,78.076546
TS-NZB,2023-10-08,26.3,32.0,21.0,65,78,0.0,0.0,11.9,282,20.26,4.65,966.5,18.9,394.0,18.664322,78.076546
TS-NZB,2023-10-09,27.4,33.0,21.2,64,90,0.0,0.0,11.7,347,20.34,4.89,967.6,19.5,394.0,18.664322,78.076546
TS-NZB,2023-10-10,27.6,32.2,21.3,63,87,0.2,0.2,7.9,327,20.49,4.52,967.6,19.6,394.0,18.664322,78.076546
TS-NZB,2023-10-11,27.3,33.2,21.9,59,80,0.0,0.0,9.7,59,22.26,5.16,967.3,18.1,394.0,18.664322,78.076546
TS-NZB,2023-10-12,27.1,32.9,21.5,59,77,0.0,0.0,10.0,83,21.12,5.03,968.3,17.9,394.0,18.664322,78.076546
TS-NZB,2023-10-13,26.5,31.9,21.3,65,87,0.0,0.0,14.6,105,20.08,4.75,969.1,19.0,394.0,18.664322,78.076546
TS-NZB,2023-10-14,26.5,31.4,21.2,66,83,0.0,0.0,9.1,88,20.13,4.59,968.9,19.4,394.0,18.664322,78.076546
TS-NZB,2023-10-15,26.9,31.6,21.4,63,88,0.0,0.0,9.0,108,19.41,4.51,967.4,18.7,394.0,18.664322,78.076546
TS-NZB,2023-10-16,27.0,31.8,22.3,63,87,0.4,0.4,8.2,93,20.15,4.72,967.4,19.0,394.0,18.664322,78.076546
TS-NZB,2023-10-17,26.7,31.8,21.6,62,87,0.0,0.0,9.1,83,20.85,4.86,968.6,18.5,394.0,18.664322,78.076546
TS-NZB,2023-10-18,26.4,31.9,21.4,64,86,0.1,0.1,10.1,48,20.06,4.65,969.3,18.6,394.0,18.664322,78.076546
TS-NZB,2023-10-19,25.8,31.2,21.9,70,87,3.1,3.1,14.2,77,15.24,3.48,969.3,19.4,394.0,18.664322,78.076546
TS-NZB,2023-10-20,26.6,32.1,21.0,62,89,0.0,0.0,10.5,60,20.11,4.85,969.3,18.1,394.0,18.664322,78.076546
TS-NZB,2023-10-21,26.3,31.5,21.5,60,87,0.0,0.0,14.8,73,20.01,5.0,969.8,17.3,394.0,18.664322,78.076546
TS-NZB,2023-10-22,25.5,31.4,19.9,49,70,0.0,0.0,15.5,58,21.29,5.4,969.9,13.6,394.0,18.664322,78.076546
TS-NZB,2023-10-23,24.3,31.1,18.2,55,76,0.0,0.0,15.1,355,21.59,5.12,968.4,14.0,394.0,18.664322,78.076546
TS-NZB,2023-10-24,24.8,30.9,19.3,54,81,0.0,0.0,14.4,33,21.61,5.03,968.5,14.1,394.0,18.664322,78.076546
TS-NZB,2023-10-25,24.9,31.2,20.3,52,73,0.0,0.0,13.0,28,21.42,5.0,969.8,13.9,394.0,18.664322,78.076546
TS-NZB,2023-10-26,24.0,30.3,18.3,52,74,0.0,0.0,10.1,51,21.38,4.89,969.9,13.1,394.0,18.664322,78.076546
TS-NZB,2023-10-27,24.2,30.4,19.4,49,62,0.0,0.0,11.8,69,21.39,4.95,968.8,12.3,394.0,18.664322,78.076546
TS-NZB,2023-10-28,24.2,30.4,17.7,47,69,0.0,0.0,9.7,61,21.42,5.12,968.7,11.6,394.0,18.664322,78.076546
TS-NZB,2023-10-29,24.4,30.5,19.0,51,78,0.0,0.0,10.6,80,21.2,5.03,968.5,13.0,394.0,18.664322,78.076546
TS-NZB,2023-10-30,24.2,29.8,19.1,54,68,0.0,0.0,8.4,54,20.82,4.65,968.5,13.9,394.0,18.664322,78.076546
TS-NZB,2023-10-31,24.3,30.2,17.9,56,77,0.0,0.0,8.9,68,20.55,4.63,968.9,14.5,394.0,18.664322,78.076546
TS-NZB,2023-11-01,25.2,30.5,19.6,63,82,0.0,0.0,10.3,52,18.45,4.16,969.4,17.2,394.0,18.664322,78.076546
TS-NZB,2023-11-02,25.1,30.4,19.7,67,94,0.0,0.0,10.0,16,18.93,4.21,968.6,18.1,394.0,18.664322,78.076546
TS-NZB,2023-11-03,26.3,31.3,22.0,60,73,0.0,0.0,9.2,63,19.3,4.49,967.1,17.6,394.0,18.664322,78.076546
TS-NZB,2023-11-04,26.2,31.7,21.9,59,81,0.0,0.0,11.1,53,19.84,4.72,967.0,16.9,394.0,18.664322,78.076546
TS-NZB,2023-11-05,25.3,30.9,19.7,58,75,0.0,0.0,11.2,70,19.08,4.5,968.3,16.1,394.0,18.664322,78.076546
TS-NZB,2023-11-06,25.4,30.2,20.7,71,91,0.6,0.6,11.3,89,17.23,3.94,969.6,19.4,394.0,18.664322,78.076546
TS-NZB,2023-11-07,25.8,30.7,21.3,72,96,2.3,2.3,13.0,91,17.45,3.94,969.4,20.0,394.0,18.664322,78.076546
TS-NZB,2023-11-08,25.4,30.0,22.0,78,92,0.5,0.5,8.0,124,13.55,3.02,969.2,20.9,394.0,18.664322,78.076546
TS-NZB,2023-11-09,25.8,31.9,20.0,66,98,0.0,0.0,12.0,104,18.48,4.29,969.4,18.0,394.0,18.664322,78.076546
TS-NZB,2023-11-10,25.7,31.4,21.0,62,88,0.0,0.0,12.3,75,14.95,3.7,970.7,17.1,394.0,18.664322,78.076546
TS-NZB,2023-11-11,25.8,31.8,20.0,55,76,0.0,0.0,11.0,98,18.69,4.57,971.1,15.4,394.0,18.664322,78.076546
TS-NZB,2023-11-12,25.4,32.0,19.4,57,79,0.0,0.0,11.5,78,19.31,4.68,970.9,15.6,394.0,18.664322,78.076546
TS-NZB,2023-11-13,24.6,30.9,18.8,57,81,0.0,0.0,9.8,73,19.48,4.54,970.5,14.7,394.0,18.664322,78.076546
TS-NZB,2023-11-14,24.5,30.4,19.1,60,85,0.0,0.0,9.8,75,19.01,4.37,969.9,15.6,394.0,18.664322,78.076546
TS-NZB,2023-11-15,23.9,29.5,18.8,63,85,0.0,0.0,10.6,63,19.01,4.29,969.5,15.9,394.0,18.664322,78.076546
TS-NZB,2023-11-16,23.5,29.3,18.1,63,85,0.0,0.0,11.7,58,19.3,4.33,969.5,15.5,394.0,18.664322,78.076546
TS-NZB,2023-11-17,24.1,29.8,18.1,65,83,0.0,0.0,8.5,67,18.91,4.2,969.5,16.7,394.0,18.664322,78.076546
TS-NZB,2023-11-18,25.0,30.6,18.8,60,86,0.0,0.0,8.6,83,18.36,4.27,969.2,16.3,394.0,18.664322,78.076546
TS-NZB,2023-11-19,25.3,31.2,20.2,59,85,0.0,0.0,10.3,96,18.57,4.53,969.6,16.3,394.0,18.664322,78.076546
TS-NZB,2023-11-20,24.7,30.4,19.5,58,78,0.0,0.0,9.9,82,18.91,4.46,969.7,15.5,394.0,18.664322,78.076546
TS-NZB,2023-11-21,25.0,30.3,19.6,65,84,0.0,0.0,10.1,58,15.44,3.67,969.1,17.6,394.0,18.664322,78.076546
TS-NZB,2023-11-22,25.4,30.5,20.3,70,95,0.1,0.1,8.5,77,16.55,3.7,968.3,19.1,394.0,18.664322,78.076546
TS-NZB,2023-11-23,25.1,29.9,21.5,73,91,0.6,0.6,11.6,107,15.99,3.63,967.5,19.5,394.0,18.664322,78.076546
TS-NZB,2023-11-24,23.2,27.1,21.2,85,95,2.5,2.5,13.8,85,9.2,2.03,968.2,20.6,394.0,18.664322,78.076546
TS-NZB,2023-11-25,23.7,28.1,19.8,80,95,9.5,9.5,10.7,88,15.19,3.24,970.0,19.8,394.0,18.664322,78.076546
TS-NZB,2023-11-26,24.7,29.7,21.0,74,91,0.7,0.7,16.9,108,16.96,3.84,969.9,19.3,394.0,18.664322,78.076546
TS-NZB,2023-11-27,23.9,30.1,20.2,78,98,2.8,2.8,12.6,92,15.12,3.31,968.6,19.1,394.0,18.664322,78.076546
TS-NZB,2023-11-28,22.9,29.6,20.4,83,96,5.5,5.5,9.6,130,12.94,2.67,967.9,19.6,394.0,18.664322,78.076546
TS-NZB,2023-11-29,23.9,29.6,19.8,75,98,0.0,0.0,9.9,112,15.67,3.49,968.3,18.7,394.0,18.664322,78.076546
TS-NZB,2023-11-30,24.1,30.4,19.8,78,96,0.1,0.1,10.8,132,14.55,3.21,968.7,19.6,394.0,18.664322,78.076546
TS-NZB,2023-12-01,24.2,30.7,18.3,68,93,0.0,0.0,12.3,85,15.63,3.6,968.3,17.3,394.0,18.664322,78.076546
TS-NZB,2023-12-02,24.4,30.5,18.9,71,91,0.0,0.0,9.4,81,16.73,3.78,967.6,18.4,394.0,18.664322,78.076546
TS-NZB,2023-12-03,24.4,30.2,19.4,68,88,0.0,0.0,12.9,73,17.45,4.02,967.8,17.5,394.0,18.664322,78.076546
TS-NZB,2023-12-04,24.3,29.2,19.9,70,89,0.0,0.0,12.3,68,14.6,3.5,966.6,18.2,394.0,18.664322,78.076546
TS-NZB,2023-12-05,24.0,28.8,21.2,76,88,1.1,1.1,16.6,42,11.75,3.01,965.3,19.3,394.0,18.664322,78.076546
TS-NZB,2023-12-06,22.6,26.9,19.3,78,93,0.0,0.0,12.2,11,10.59,2.54,966.2,18.4,394.0,18.664322,78.076546
TS-NZB,2023-12-07,22.2,27.4,18.3,80,99,0.1,0.1,9.0,3,14.68,2.98,967.6,18.3,394.0,18.664322,78.076546
TS-NZB,2023-12-08,22.1,27.6,17.3,78,97,0.0,0.0,10.3,56,15.78,3.21,968.5,17.8,394.0,18.664322,78.076546
TS-NZB,2023-12-09,22.2,28.0,17.2,74,98,0.0,0.0,7.6,61,16.8,3.44,969.8,16.8,394.0,18.664322,78.076546
TS-NZB,2023-12-10,22.0,27.4,17.2,67,88,0.0,0.0,9.7,71,17.56,3.57,969.0,15.0,394.0,18.664322,78.076546
TS-NZB,2023-12-11,22.3,28.0,17.6,60,75,0.0,0.0,10.4,92,17.7,3.89,969.2,13.7,394.0,18.664322,78.076546
TS-NZB,2023-12-12,22.4,28.0,18.0,59,75,0.0,0.0,12.2,105,17.55,3.97,968.1,13.6,394.0,18.664322,78.076546
TS-NZB,2023-12-13,22.4,28.2,17.0,57,78,0.0,0.0,12.8,103,17.5,4.12,969.0,13.0,394.0,18.664322,78.076546
TS-NZB,2023-12-14,22.4,27.7,16.6,55,81,0.0,0.0,11.1,97,17.64,4.24,970.6,12.6,394.0,18.664322,78.076546
TS-NZB,2023-12-15,21.7,27.0,16.1,60,87,0.0,0.0,10.9,84,17.17,3.87,971.1,13.3,394.0,18.664322,78.076546
TS-NZB,2023-12-16,22.3,27.9,16.3,60,85,0.0,0.0,12.8,44,16.36,3.61,970.5,13.7,394.0,18.664322,78.076546
TS-NZB,2023-12-17,22.5,28.0,17.8,56,77,0.0,0.0,12.4,65,16.47,4.03,970.3,13.0,394.0,18.664322,78.076546
TS-NZB,2023-12-18,21.5,26.5,17.7,56,72,0.0,0.0,14.1,64,15.93,3.83,971.4,12.2,394.0,18.664322,78.076546
TS-NZB,2023-12-19,20.0,24.7,16.0,57,68,0.0,0.0,10.7,56,13.39,3.2,972.1,10.9,394.0,18.664322,78.076546
TS-NZB,2023-12-20,19.5,25.9,14.4,56,74,0.0,0.0,9.4,60,16.69,3.63,971.7,9.9,394.0,18.664322,78.076546
TS-NZB,2023-12-21,19.7,27.2,13.8,54,78,0.0,0.0,9.6,65,17.76,3.81,970.7,9.2,394.0,18.664322,78.076546
TS-NZB,2023-12-22,20.5,28.0,14.7,51,70,0.0,0.0,9.5,77,16.74,3.74,970.3,9.3,394.0,18.664322,78.076546
TS-NZB,2023-12-23,20.9,28.4,14.3,48,69,0.0,0.0,10.1,101,17.49,4.09,971.0,9.0,394.0,18.664322,78.076546
TS-NZB,2023-12-24,21.9,29.4,15.1,58,94,0.0,0.0,10.9,112,17.14,4.01,972.5,12.4,394.0,18.664322,78.076546
TS-NZB,2023-12-25,21.2,29.1,13.9,61,89,0.0,0.0,10.2,93,17.29,3.77,972.0,12.8,394.0,18.664322,78.076546
TS-NZB,2023-12-26,21.6,29.6,14.0,56,88,0.0,0.0,10.1,87,17.62,3.92,971.7,11.7,394.0,18.664322,78.076546
TS-NZB,2023-12-27,22.2,29.3,15.3,55,80,0.0,0.0,10.0,96,17.66,4.03,972.2,12.0,394.0,18.664322,78.076546
TS-NZB,2023-12-28,22.6,29.1,16.1,64,91,0.0,0.0,11.9,126,17.46,3.96,971.0,14.8,394.0,18.664322,78.076546
TS-NZB,2023-12-29,23.0,28.8,17.8,64,86,0.0,0.0,11.2,110,17.23,3.85,971.1,15.4,394.0,18.664322,78.076546
TS-NZB,2023-12-30,22.7,28.5,17.8,62,86,0.0,0.0,11.1,93,17.54,3.89,970.5,14.6,394.0,18.664322,78.076546
TS-NZB,2023-12-31,22.8,29.2,17.0,60,91,0.0,0.0,10.5,107,17.64,4.1,969.8,14.0,394.0,18.664322,78.076546
