site_id,date,temperature_2m_mean,temperature_2m_max,temperature_2m_min,relative_humidity_2m_mean,relative_humidity_2m_max,precipitation_sum,rain_sum,wind_speed_10m_max,wind_direction_10m_dominant,shortwave_radiation_sum,et0_fao_evapotranspiration,surface_pressure_mean,dew_point_2m_mean,elevation_m,lat,lon
UK-DDN,2020-12-01,15.4,20.0,11.4,72,91,0.0,0.0,9.5,62,13.12,2.26,942.4,10.1,652.0,30.333918,77.97186
UK-DDN,2020-12-02,15.2,20.8,10.6,79,95,0.0,0.0,8.5,55,13.19,2.2,940.3,11.4,652.0,30.333918,77.97186
UK-DDN,2020-12-03,14.6,19.4,10.7,82,94,0.0,0.0,7.4,74,13.02,2.06,939.9,11.4,652.0,30.333918,77.97186
UK-DDN,2020-12-04,13.7,19.7,8.6,80,91,0.0,0.0,7.7,72,12.95,2.11,938.8,10.1,652.0,30.333918,77.97186
UK-DDN,2020-12-05,15.7,21.2,10.4,66,87,0.0,0.0,7.0,51,13.01,2.29,940.0,9.1,652.0,30.333918,77.97186
UK-DDN,2020-12-06,16.8,22.7,12.3,59,84,0.0,0.0,8.8,6,12.9,2.46,941.7,8.2,652.0,30.333918,77.97186
UK-DDN,2020-12-07,15.7,21.8,9.7,66,84,0.0,0.0,8.0,25,12.93,2.35,941.8,9.1,652.0,30.333918,77.97186
UK-DDN,2020-12-08,15.6,21.3,12.0,68,88,0.0,0.0,8.2,4,12.3,2.26,942.4,9.5,652.0,30.333918,77.97186
UK-DDN,2020-12-09,16.0,22.5,11.1,69,89,0.0,0.0,8.9,6,12.0,2.22,940.6,10.0,652.0,30.333918,77.97186
UK-DDN,2020-12-10,16.5,23.2,12.3,63,78,0.0,0.0,9.0,346,12.86,2.5,940.3,9.2,652.0,30.333918,77.97186
UK-DDN,2020-12-11,15.4,22.9,9.9,63,78,0.0,0.0,8.4,27,12.37,2.31,940.2,8.0,652.0,30.333918,77.97186
UK-DDN,2020-12-12,14.6,18.7,9.8,73,92,3.3,3.3,9.3,28,9.57,1.75,940.9,9.6,652.0,30.333918,77.97186
UK-DDN,2020-12-13,12.2,18.7,8.4,79,98,0.0,0.0,9.8,321,12.92,2.07,939.3,8.4,652.0,30.333918,77.97186
UK-DDN,2020-12-14,11.2,17.3,7.3,81,99,0.0,0.0,8.2,315,12.86,1.97,939.6,7.8,652.0,30.333918,77.97186
UK-DDN,2020-12-15,11.0,17.9,6.5,73,97,0.0,0.0,7.1,322,13.16,2.07,941.9,5.8,652.0,30.333918,77.97186
UK-DDN,2020-12-16,10.2,16.9,5.7,66,94,0.0,0.0,9.0,322,13.15,2.11,943.2,3.7,652.0,30.333918,77.97186
UK-DDN,2020-12-17,9.2,16.7,4.3,71,94,0.0,0.0,10.3,314,13.2,2.08,941.6,3.8,652.0,30.333918,77.97186
UK-DDN,2020-12-18,10.7,16.2,6.9,63,89,0.0,0.0,7.2,320,13.22,2.08,940.6,3.6,652.0,30.333918,77.97186
UK-DDN,2020-12-19,10.8,17.2,4.5,65,87,0.0,0.0,10.6,325,13.23,2.11,941.3,4.0,652.0,30.333918,77.97186
UK-DDN,2020-12-20,11.7,18.2,6.7,68,95,0.0,0.0,9.0,313,12.94,2.13,942.1,5.8,652.0,30.333918,77.97186
UK-DDN,2020-12-21,11.2,17.2,5.8,81,99,0.0,0.0,6.9,311,11.19,1.74,940.9,7.8,652.0,30.333918,77.97186
UK-DDN,2020-12-22,13.0,19.8,7.3,73,94,0.0,0.0,7.4,322,12.87,2.08,940.3,7.9,652.0,30.333918,77.97186
UK-DDN,2020-12-23,12.8,19.6,7.4,65,87,0.0,0.0,9.4,338,12.99,2.23,939.3,6.0,652.0,30.333918,77.97186
UK-DDN,2020-12-24,11.2,18.2,6.6,59,80,0.0,0.0,11.0,331,13.16,2.32,939.3,3.1,652.0,30.333918,77.97186
UK-DDN,2020-12-25,11.2,18.0,4.9,60,88,0.0,0.0,10.7,325,13.17,2.22,940.1,3.5,652.0,30.333918,77.97186
UK-DDN,2020-12-26,12.8,19.4,7.4,56,92,0.0,0.0,8.6,326,13.33,2.35,939.6,3.1,652.0,30.333918,77.97186
UK-DDN,2020-12-27,11.6,16.6,8.9,56,81,1.0,1.0,10.4,77,13.32,2.33,938.0,2.8,652.0,30.333918,77.97186
UK-DDN,2020-12-28,10.3,14.8,6.7,79,95,3.9,3.9,6.9,4,9.78,1.49,940.3,6.8,652.0,30.333918,77.97186
UK-DDN,2020-12-29,10.4,16.6,5.6,74,94,0.0,0.0,8.6,319,12.97,2.0,940.1,5.6,652.0,30.333918,77.97186
UK-DDN,2020-12-30,10.1,16.6,6.0,74,99,0.0,0.0,9.4,326,12.97,1.98,941.5,5.4,652.0,30.333918,77.97186
UK-DDN,2020-12-31,10.7,17.8,4.9,65,86,0.0,0.0,10.2,333,12.27,2.09,941.0,3.9,652.0,30.333918,77.97186
UK-DDN,2021-01-01,11.7,16.4,6.2,62,80,0.0,0.0,6.4,57,13.42,2.07,941.7,4.4,652.0,30.333918,77.97186
UK-DDN,2021-01-02,12.7,18.0,7.0,53,78,0.4,0.4,9.3,4,5.76,1.49,941.2,2.9,652.0,30.333918,77.97186
UK-DDN,2021-01-03,13.3,19.6,8.1,72,86,1.5,1.5,10.2,337,8.21,1.58,940.2,8.1,652.0,30.333918,77.97186
UK-DDN,2021-01-04,14.9,19.6,10.1,72,86,2.4,2.4,11.1,348,9.21,1.8,941.9,9.8,652.0,30.333918,77.97186
UK-DDN,2021-01-05,14.5,17.4,11.2,78,90,4.0,4.0,15.5,19,3.35,1.12,941.6,10.6,652.0,30.333918,77.97186
UK-DDN,2021-01-06,13.9,17.8,10.4,85,94,1.8,1.8,12.6,344,7.62,1.32,940.8,11.3,652.0,30.333918,77.97186
UK-DDN,2021-01-07,13.0,20.2,8.1,78,100,0.0,0.0,10.9,323,13.32,2.25,938.8,8.8,652.0,30.333918,77.97186
UK-DDN,2021-01-08,13.9,19.7,8.6,63,89,0.0,0.0,8.8,347,13.7,2.37,938.9,6.7,652.0,30.333918,77.97186
UK-DDN,2021-01-09,15.1,22.6,9.2,61,93,0.0,0.0,10.1,329,12.88,2.57,939.6,7.0,652.0,30.333918,77.97186
UK-DDN,2021-01-10,12.9,19.8,8.9,77,98,0.0,0.0,11.2,313,13.58,2.35,938.9,8.5,652.0,30.333918,77.97186
UK-DDN,2021-01-11,11.2,17.5,7.2,76,100,0.0,0.0,8.7,303,13.9,2.22,938.8,6.8,652.0,30.333918,77.97186
UK-DDN,2021-01-12,9.9,16.8,6.1,84,100,0.0,0.0,7.7,265,13.79,2.03,939.4,7.0,652.0,30.333918,77.97186
UK-DDN,2021-01-13,8.9,15.1,4.1,87,100,0.0,0.0,7.0,271,13.91,1.91,938.6,6.8,652.0,30.333918,77.97186
UK-DDN,2021-01-14,9.8,14.9,5.4,86,100,0.0,0.0,7.4,279,13.55,1.91,940.1,7.3,652.0,30.333918,77.97186
UK-DDN,2021-01-15,11.7,16.1,7.3,78,96,0.0,0.0,6.5,139,13.24,1.97,939.0,7.9,652.0,30.333918,77.97186
UK-DDN,2021-01-16,10.6,17.4,6.4,87,100,0.0,0.0,8.0,313,14.3,2.12,936.8,8.3,652.0,30.333918,77.97186
UK-DDN,2021-01-17,11.0,15.6,8.1,89,100,0.0,0.0,8.0,125,11.77,1.69,940.4,9.1,652.0,30.333918,77.97186
UK-DDN,2021-01-18,11.8,19.3,6.5,77,93,0.0,0.0,9.8,336,14.18,2.32,941.0,7.4,652.0,30.333918,77.97186
UK-DDN,2021-01-19,13.6,19.8,7.5,66,82,0.0,0.0,9.5,339,14.5,2.51,937.9,7.1,652.0,30.333918,77.97186
UK-DDN,2021-01-20,12.5,17.9,7.7,74,91,0.0,0.0,8.9,85,14.76,2.36,937.0,7.7,652.0,30.333918,77.97186
UK-DDN,2021-01-21,11.9,17.5,5.1,70,82,0.0,0.0,8.2,115,14.87,2.35,936.4,6.5,652.0,30.333918,77.97186
UK-DDN,2021-01-22,11.7,15.7,8.2,82,92,0.0,0.0,8.0,119,13.62,1.97,939.6,8.7,652.0,30.333918,77.97186
UK-DDN,2021-01-23,13.2,18.1,9.2,70,89,0.0,0.0,8.9,113,14.54,2.33,938.3,7.6,652.0,30.333918,77.97186
UK-DDN,2021-01-24,11.5,17.2,6.6,79,98,0.0,0.0,7.2,312,13.6,2.12,939.7,7.7,652.0,30.333918,77.97186
UK-DDN,2021-01-25,11.6,17.3,6.9,75,92,0.0,0.0,8.8,312,14.94,2.33,941.0,7.1,652.0,30.333918,77.97186
UK-DDN,2021-01-26,10.4,17.1,5.6,82,98,0.0,0.0,9.5,319,15.03,2.26,940.5,7.2,652.0,30.333918,77.97186
UK-DDN,2021-01-27,10.5,17.9,4.7,77,99,0.0,0.0,8.3,334,15.56,2.41,940.2,6.5,652.0,30.333918,77.97186
UK-DDN,2021-01-28,10.1,16.5,4.4,74,97,0.0,0.0,7.4,346,15.63,2.35,941.4,5.5,652.0,30.333918,77.97186
UK-DDN,2021-01-29,10.0,16.5,4.7,77,95,0.0,0.0,10.1,318,15.68,2.32,941.2,6.0,652.0,30.333918,77.97186
UK-DDN,2021-01-30,10.3,16.6,4.6,74,94,0.0,0.0,8.8,314,15.87,2.4,939.4,5.7,652.0,30.333918,77.97186
UK-DDN,2021-01-31,10.7,17.0,5.1,74,92,0.0,0.0,8.4,22,15.84,2.41,940.9,6.0,652.0,30.333918,77.97186
UK-DDN,2021-02-01,11.5,17.7,6.0,77,94,0.0,0.0,9.8,345,15.87,2.48,943.0,7.4,652.0,30.333918,77.97186
UK-DDN,2021-02-02,13.0,20.4,6.3,71,88,0.0,0.0,8.5,26,16.32,2.75,941.8,7.5,652.0,30.333918,77.97186
UK-DDN,2021-02-03,13.7,19.6,8.4,56,80,0.2,0.2,18.5,42,13.27,2.8,942.1,5.0,652.0,30.333918,77.97186
UK-DDN,2021-02-04,13.1,18.1,10.0,63,85,2.9,2.9,15.8,7,9.34,2.13,942.0,5.9,652.0,30.333918,77.97186
UK-DDN,2021-02-05,11.5,17.6,6.2,67,84,0.6,0.6,11.4,6,15.05,2.5,941.7,4.9,652.0,30.333918,77.97186
UK-DDN,2021-02-06,10.6,18.1,5.1,65,87,0.0,0.0,9.7,322,16.85,2.77,940.9,3.6,652.0,30.333918,77.97186
UK-DDN,2021-02-07,12.8,19.8,5.6,60,76,0.0,0.0,8.7,305,17.01,2.9,941.0,5.0,652.0,30.333918,77.97186
UK-DDN,2021-02-08,14.3,20.0,8.5,67,91,0.0,0.0,8.0,319,16.88,2.87,942.1,8.2,652.0,30.333918,77.97186
UK-DDN,2021-02-09,14.9,20.8,9.6,73,97,0.0,0.0,7.3,86,16.85,2.85,939.4,9.9,652.0,30.333918,77.97186
UK-DDN,2021-02-10,14.3,20.9,8.6,73,96,0.0,0.0,10.1,320,17.03,2.95,938.7,9.0,652.0,30.333918,77.97186
UK-DDN,2021-02-11,15.0,21.9,8.7,72,90,0.0,0.0,8.6,336,17.25,3.03,939.0,9.7,652.0,30.333918,77.97186
UK-DDN,2021-02-12,15.0,21.1,9.6,79,95,0.0,0.0,8.0,72,16.0,2.73,940.0,11.0,652.0,30.333918,77.97186
UK-DDN,2021-02-13,15.1,21.4,9.7,82,99,0.2,0.2,8.9,178,14.41,2.5,940.2,11.8,652.0,30.333918,77.97186
UK-DDN,2021-02-14,15.8,21.3,11.2,81,99,0.4,0.4,7.3,318,15.21,2.64,940.1,12.4,652.0,30.333918,77.97186
UK-DDN,2021-02-15,15.5,22.3,9.9,77,95,0.0,0.0,7.4,353,16.56,2.9,938.6,11.0,652.0,30.333918,77.97186
UK-DDN,2021-02-16,14.9,22.9,8.3,64,92,0.0,0.0,8.7,4,17.45,3.2,938.0,7.1,652.0,30.333918,77.97186
UK-DDN,2021-02-17,15.4,23.0,9.3,57,75,0.0,0.0,8.8,14,17.42,3.3,939.6,6.2,652.0,30.333918,77.97186
UK-DDN,2021-02-18,15.6,22.8,9.3,60,77,0.0,0.0,7.2,348,17.49,3.24,942.4,7.1,652.0,30.333918,77.97186
UK-DDN,2021-02-19,15.8,23.2,10.4,61,78,0.0,0.0,11.6,335,17.94,3.38,944.4,7.8,652.0,30.333918,77.97186
UK-DDN,2021-02-20,16.6,23.2,10.5,67,91,0.0,0.0,9.2,329,18.23,3.38,943.8,10.0,652.0,30.333918,77.97186
UK-DDN,2021-02-21,16.9,23.1,11.1,70,92,0.0,0.0,10.8,278,17.99,3.3,941.9,11.1,652.0,30.333918,77.97186
UK-DDN,2021-02-22,17.3,24.2,11.8,76,92,0.0,0.0,9.7,307,18.23,3.36,940.4,12.7,652.0,30.333918,77.97186
UK-DDN,2021-02-23,18.1,25.2,12.5,72,92,0.0,0.0,10.7,337,17.49,3.38,938.8,12.7,652.0,30.333918,77.97186
UK-DDN,2021-02-24,19.1,26.4,12.2,55,84,0.0,0.0,11.2,328,19.34,3.96,937.5,9.0,652.0,30.333918,77.97186
UK-DDN,2021-02-25,19.9,26.9,12.9,46,70,0.0,0.0,15.5,307,19.2,4.31,936.1,7.3,652.0,30.333918,77.97186
UK-DDN,2021-02-26,20.2,27.2,11.7,45,68,0.0,0.0,14.8,334,19.57,4.32,934.1,7.4,652.0,30.333918,77.97186
UK-DDN,2021-02-27,19.8,25.1,14.6,60,81,1.2,1.2,13.7,27,16.73,3.55,935.0,11.5,652.0,30.333918,77.97186
UK-DDN,2021-02-28,18.1,24.9,12.4,50,79,0.0,0.0,10.1,326,19.92,4.11,936.9,6.4,652.0,30.333918,77.97186
UK-DDN,2021-03-01,16.1,23.1,9.4,46,69,0.0,0.0,12.5,321,20.84,4.08,938.8,3.8,652.0,30.333918,77.97186
UK-DDN,2021-03-02,16.3,23.7,8.9,57,74,0.0,0.0,8.9,25,20.44,3.9,938.2,7.3,652.0,30.333918,77.97186
UK-DDN,2021-03-03,18.2,25.0,11.5,55,74,0.0,0.0,12.0,1,20.45,4.09,937.7,8.7,652.0,30.333918,77.97186
UK-DDN,2021-03-04,18.5,25.2,10.8,49,67,0.0,0.0,11.4,356,20.58,4.24,938.4,7.1,652.0,30.333918,77.97186
UK-DDN,2021-03-05,18.7,26.6,11.9,44,61,0.0,0.0,19.8,304,21.01,4.8,936.5,5.8,652.0,30.333918,77.97186
UK-DDN,2021-03-06,18.7,26.1,12.1,48,69,0.0,0.0,11.2,114,21.03,4.21,936.3,7.2,652.0,30.333918,77.97186
UK-DDN,2021-03-07,20.0,27.4,12.5,52,71,0.3,0.3,13.6,21,18.58,4.11,937.4,9.3,652.0,30.333918,77.97186
UK-DDN,2021-03-08,19.7,25.8,14.4,61,80,2.3,2.3,13.4,40,19.52,4.22,939.6,11.4,652.0,30.333918,77.97186
UK-DDN,2021-03-09,19.5,27.6,12.2,57,80,0.0,0.0,9.0,342,20.2,4.22,939.4,10.0,652.0,30.333918,77.97186
UK-DDN,2021-03-10,19.5,27.1,13.4,55,74,0.0,0.0,11.5,346,17.93,3.88,938.9,9.5,652.0,30.333918,77.97186
UK-DDN,2021-03-11,20.3,27.7,13.3,49,72,0.0,0.0,7.6,16,21.25,4.36,940.3,8.2,652.0,30.333918,77.97186
UK-DDN,2021-03-12,18.6,25.3,13.2,57,81,0.2,0.2,13.0,12,15.4,3.39,942.3,9.3,652.0,30.333918,77.97186
UK-DDN,2021-03-13,19.3,26.9,12.7,52,71,0.0,0.0,13.0,316,21.61,4.51,941.9,8.7,652.0,30.333918,77.97186
UK-DDN,2021-03-14,19.6,25.6,12.9,56,74,0.0,0.0,11.3,311,21.99,4.48,938.7,10.2,652.0,30.333918,77.97186
UK-DDN,2021-03-15,20.0,27.2,12.7,58,78,0.0,0.0,12.2,297,21.92,4.55,937.9,10.9,652.0,30.333918,77.97186
UK-DDN,2021-03-16,20.1,27.1,13.0,53,71,0.0,0.0,12.7,320,22.23,4.72,937.9,9.6,652.0,30.333918,77.97186
UK-DDN,2021-03-17,20.4,27.6,13.9,50,69,0.0,0.0,11.2,326,22.0,4.59,937.2,9.1,652.0,30.333918,77.97186
UK-DDN,2021-03-18,20.5,28.6,13.4,49,67,0.0,0.0,7.6,337,22.33,4.61,937.7,8.4,652.0,30.333918,77.97186
UK-DDN,2021-03-19,21.0,28.9,14.5,50,67,0.0,0.0,10.5,326,22.02,4.73,937.1,9.5,652.0,30.333918,77.97186
UK-DDN,2021-03-20,20.6,27.9,13.6,54,72,0.0,0.0,11.2,321,22.1,4.69,935.5,10.3,652.0,30.333918,77.97186
UK-DDN,2021-03-21,20.5,27.5,13.8,58,78,0.0,0.0,10.0,60,21.44,4.45,935.9,11.3,652.0,30.333918,77.97186
UK-DDN,2021-03-22,20.1,25.2,15.9,55,68,0.0,0.0,16.9,13,14.61,3.73,939.6,10.6,652.0,30.333918,77.97186
UK-DDN,2021-03-23,20.3,27.3,15.7,51,66,0.0,0.0,12.9,10,17.41,4.23,940.5,9.3,652.0,30.333918,77.97186
UK-DDN,2021-03-24,19.0,26.6,11.8,49,72,0.0,0.0,10.9,310,22.69,4.81,940.0,7.3,652.0,30.333918,77.97186
UK-DDN,2021-03-25,18.6,25.6,12.0,51,72,0.0,0.0,12.3,290,23.67,4.75,938.4,7.9,652.0,30.333918,77.97186
UK-DDN,2021-03-26,19.6,26.9,11.8,55,77,0.0,0.0,9.4,321,23.93,4.84,937.2,9.7,652.0,30.333918,77.97186
UK-DDN,2021-03-27,21.5,28.0,14.1,57,77,0.0,0.0,10.4,58,22.86,4.78,936.7,12.1,652.0,30.333918,77.97186
UK-DDN,2021-03-28,22.5,29.0,15.4,59,79,0.0,0.0,9.8,144,22.33,4.77,935.3,13.6,652.0,30.333918,77.97186
UK-DDN,2021-03-29,24.0,29.9,16.8,52,77,0.0,0.0,12.1,114,21.65,4.71,933.7,12.9,652.0,30.333918,77.97186
UK-DDN,2021-03-30,23.7,30.8,14.9,48,69,0.0,0.0,9.5,33,21.87,5.01,928.7,11.3,652.0,30.333918,77.97186
UK-DDN,2021-03-31,21.6,27.9,15.1,41,61,0.0,0.0,18.7,294,24.99,6.13,927.5,6.9,652.0,30.333918,77.97186
UK-DDN,2021-04-01,19.6,27.1,12.7,38,54,0.0,0.0,20.3,299,24.94,5.85,928.4,4.3,652.0,30.333918,77.97186
UK-DDN,2021-04-02,19.0,27.0,10.2,36,66,0.0,0.0,17.3,291,25.28,5.59,932.3,2.1,652.0,30.333918,77.97186
UK-DDN,2021-04-03,19.2,27.9,9.0,30,55,0.0,0.0,13.4,282,25.54,5.8,935.2,0.4,652.0,30.333918,77.97186
UK-DDN,2021-04-04,21.4,30.1,11.8,38,58,0.0,0.0,9.9,287,24.46,5.34,936.3,5.4,652.0,30.333918,77.97186
UK-DDN,2021-04-05,24.9,30.5,20.6,35,51,0.1,0.1,21.3,15,15.76,5.38,937.1,8.0,652.0,30.333918,77.97186
UK-DDN,2021-04-06,25.0,29.2,18.4,35,51,0.0,0.0,18.4,42,15.74,5.76,936.6,8.1,652.0,30.333918,77.97186
UK-DDN,2021-04-07,23.5,28.5,16.4,41,59,0.1,0.1,19.5,31,19.74,5.56,938.1,9.0,652.0,30.333918,77.97186
UK-DDN,2021-04-08,22.2,30.2,14.9,43,65,0.0,0.0,11.8,294,24.31,5.58,935.8,8.1,652.0,30.333918,77.97186
UK-DDN,2021-04-09,21.9,30.3,14.6,36,61,0.0,0.0,9.4,335,25.78,5.73,936.6,4.6,652.0,30.333918,77.97186
UK-DDN,2021-04-10,22.4,31.1,13.8,31,53,0.0,0.0,11.0,309,25.8,5.8,938.0,3.1,652.0,30.333918,77.97186
UK-DDN,2021-04-11,23.8,32.2,15.9,30,52,0.0,0.0,10.4,312,25.84,6.14,938.4,3.9,652.0,30.333918,77.97186
UK-DDN,2021-04-12,22.5,31.1,14.8,38,54,0.0,0.0,16.3,354,18.38,4.87,939.2,6.5,652.0,30.333918,77.97186
UK-DDN,2021-04-13,23.7,32.5,14.9,37,56,0.0,0.0,13.6,314,25.77,6.06,937.1,6.8,652.0,30.333918,77.97186
UK-DDN,2021-04-14,25.1,34.0,16.9,32,57,0.0,0.0,21.4,311,23.28,5.99,935.9,6.1,652.0,30.333918,77.97186
UK-DDN,2021-04-15,25.4,33.5,17.2,33,53,0.0,0.0,15.3,337,23.47,5.91,935.7,6.7,652.0,30.333918,77.97186
UK-DDN,2021-04-16,26.0,33.6,18.2,33,55,0.0,0.0,17.5,295,23.86,5.95,935.6,7.2,652.0,30.333918,77.97186
UK-DDN,2021-04-17,22.4,27.3,19.1,50,80,2.8,2.8,20.8,60,16.35,4.72,938.4,11.2,652.0,30.333918,77.97186
UK-DDN,2021-04-18,22.3,29.3,15.0,47,72,0.0,0.0,15.1,332,24.02,5.55,938.8,9.5,652.0,30.333918,77.97186
UK-DDN,2021-04-19,23.3,31.5,13.3,39,70,0.0,0.0,18.8,300,25.9,6.53,934.5,6.8,652.0,30.333918,77.97186
UK-DDN,2021-04-20,21.2,26.9,14.6,41,54,0.5,0.5,26.8,11,11.57,4.31,934.9,6.9,652.0,30.333918,77.97186
UK-DDN,2021-04-21,21.8,25.8,18.3,47,56,2.7,2.7,27.3,64,17.29,5.56,936.6,9.8,652.0,30.333918,77.97186
UK-DDN,2021-04-22,19.3,24.7,15.0,62,90,7.8,7.8,18.6,54,19.95,4.39,939.1,11.4,652.0,30.333918,77.97186
UK-DDN,2021-04-23,19.1,27.1,13.6,59,76,4.1,4.1,19.6,26,18.66,4.31,937.6,10.4,652.0,30.333918,77.97186
UK-DDN,2021-04-24,20.3,27.8,12.7,55,87,0.0,0.0,11.6,322,25.37,5.36,936.9,10.1,652.0,30.333918,77.97186
UK-DDN,2021-04-25,22.3,31.4,12.4,47,76,0.0,0.0,9.0,322,26.77,5.91,936.9,9.0,652.0,30.333918,77.97186
UK-DDN,2021-04-26,24.6,32.9,16.1,40,66,0.0,0.0,9.4,338,26.77,6.07,935.8,9.0,652.0,30.333918,77.97186
UK-DDN,2021-04-27,26.0,34.2,18.2,39,60,0.0,0.0,11.1,343,24.41,5.7,935.4,9.9,652.0,30.333918,77.97186
UK-DDN,2021-04-28,26.9,35.3,17.5,36,56,0.0,0.0,10.2,331,24.57,5.99,936.1,9.2,652.0,30.333918,77.97186
UK-DDN,2021-04-29,26.6,33.8,19.0,38,54,0.0,0.0,13.6,57,23.58,5.91,936.6,10.1,652.0,30.333918,77.97186
UK-DDN,2021-04-30,26.7,34.1,19.1,39,59,0.0,0.0,18.1,8,24.13,5.99,936.4,10.8,652.0,30.333918,77.97186
UK-DDN,2021-05-01,25.9,30.7,20.5,46,66,0.0,0.0,10.7,36,20.8,5.0,936.6,13.0,652.0,30.333918,77.97186
UK-DDN,2021-05-02,25.5,31.7,18.5,49,69,0.0,0.0,11.9,25,22.29,5.25,936.8,13.2,652.0,30.333918,77.97186
UK-DDN,2021-05-03,25.1,31.3,20.2,55,73,0.4,0.4,9.4,67,20.63,4.57,935.4,15.1,652.0,30.333918,77.97186
UK-DDN,2021-05-04,25.6,31.4,19.9,57,73,0.6,0.6,14.0,20,22.96,5.12,934.7,15.9,652.0,30.333918,77.97186
UK-DDN,2021-05-05,25.0,29.0,21.2,58,75,1.6,1.6,8.3,37,20.77,4.51,935.6,15.9,652.0,30.333918,77.97186
UK-DDN,2021-05-06,24.3,30.1,19.5,62,92,10.1,10.1,14.9,53,20.46,4.73,937.1,15.9,652.0,30.333918,77.97186
UK-DDN,2021-05-07,23.4,28.5,18.4,66,95,0.8,0.8,10.3,14,21.61,4.54,938.2,15.9,652.0,30.333918,77.97186
UK-DDN,2021-05-08,24.1,30.7,18.1,55,74,0.7,0.7,11.5,8,22.93,4.97,936.9,13.7,652.0,30.333918,77.97186
UK-DDN,2021-05-09,24.3,29.8,19.4,57,76,0.9,0.9,10.7,17,21.73,4.67,935.5,14.7,652.0,30.333918,77.97186
UK-DDN,2021-05-10,24.1,28.5,19.0,60,78,0.2,0.2,7.1,17,20.65,4.4,934.0,15.5,652.0,30.333918,77.97186
UK-DDN,2021-05-11,24.4,30.6,19.5,61,77,0.6,0.6,14.3,10,22.38,4.91,933.1,16.0,652.0,30.333918,77.97186
UK-DDN,2021-05-12,23.5,28.1,19.8,65,78,3.3,3.3,12.9,70,19.4,4.15,931.6,16.3,652.0,30.333918,77.97186
UK-DDN,2021-05-13,21.1,25.7,17.3,75,95,5.8,5.8,8.8,32,18.78,3.77,932.5,16.2,652.0,30.333918,77.97186
UK-DDN,2021-05-14,22.7,29.5,15.8,62,89,0.0,0.0,12.9,326,24.88,5.3,932.4,14.3,652.0,30.333918,77.97186
UK-DDN,2021-05-15,24.7,31.1,18.3,54,76,0.0,0.0,8.8,16,22.65,5.17,933.6,14.0,652.0,30.333918,77.97186
UK-DDN,2021-05-16,25.5,33.6,18.0,50,76,0.0,0.0,9.0,344,26.54,5.88,934.8,13.1,652.0,30.333918,77.97186
UK-DDN,2021-05-17,27.7,34.7,20.4,41,65,0.0,0.0,9.7,45,24.33,6.03,935.1,12.3,652.0,30.333918,77.97186
UK-DDN,2021-05-18,25.5,29.1,22.2,61,85,0.3,0.3,8.7,121,12.06,3.27,935.1,17.2,652.0,30.333918,77.97186
UK-DDN,2021-05-19,21.0,22.1,19.6,89,98,27.2,27.2,8.9,283,4.71,1.09,932.8,19.1,652.0,30.333918,77.97186
UK-DDN,2021-05-20,20.7,22.9,19.2,88,96,32.2,32.2,11.6,316,9.27,1.91,930.5,18.5,652.0,30.333918,77.97186
UK-DDN,2021-05-21,22.4,29.3,16.9,78,95,0.0,0.0,11.0,118,21.31,4.29,933.6,18.0,652.0,30.333918,77.97186
UK-DDN,2021-05-22,24.0,31.0,16.8,68,96,0.0,0.0,8.4,330,26.17,5.59,933.1,16.9,652.0,30.333918,77.97186
UK-DDN,2021-05-23,24.7,31.4,19.4,62,85,0.0,0.0,12.1,34,21.42,4.93,933.4,16.5,652.0,30.333918,77.97186
UK-DDN,2021-05-24,25.3,31.6,18.6,59,82,0.0,0.0,10.8,311,26.15,5.77,933.0,15.9,652.0,30.333918,77.97186
UK-DDN,2021-05-25,26.2,34.0,18.7,50,79,0.0,0.0,8.1,323,27.19,6.18,930.4,13.8,652.0,30.333918,77.97186
UK-DDN,2021-05-26,26.3,33.0,19.6,50,69,0.0,0.0,12.2,76,26.18,6.14,929.2,14.7,652.0,30.333918,77.97186
UK-DDN,2021-05-27,26.9,32.7,20.5,59,75,0.0,0.0,10.2,94,26.5,6.03,930.3,17.9,652.0,30.333918,77.97186
UK-DDN,2021-05-28,26.6,32.1,21.3,69,87,0.0,0.0,10.5,294,25.15,5.46,931.9,20.2,652.0,30.333918,77.97186
UK-DDN,2021-05-29,26.3,31.8,21.9,75,93,3.7,3.7,8.6,90,22.81,4.95,933.6,21.2,652.0,30.333918,77.97186
UK-DDN,2021-05-30,26.0,31.1,21.0,75,94,2.8,2.8,8.7,305,23.84,5.0,933.0,21.0,652.0,30.333918,77.97186
UK-DDN,2021-05-31,26.8,32.4,22.0,67,86,1.7,1.7,10.8,355,22.74,5.05,930.5,19.7,652.0,30.333918,77.97186
UK-DDN,2021-06-01,24.7,30.2,20.7,73,93,3.7,3.7,10.0,344,20.8,4.42,932.1,19.2,652.0,30.333918,77.97186
UK-DDN,2021-06-02,25.3,29.8,20.4,68,88,0.0,0.0,11.5,326,23.73,4.98,933.8,18.5,652.0,30.333918,77.97186
UK-DDN,2021-06-03,25.8,31.7,20.0,64,88,0.0,0.0,9.2,297,24.33,5.32,934.7,17.7,652.0,30.333918,77.97186
UK-DDN,2021-06-04,27.0,33.4,21.4,57,78,0.0,0.0,12.6,308,24.58,5.66,934.7,16.8,652.0,30.333918,77.97186
UK-DDN,2021-06-05,27.2,33.3,21.6,57,74,0.0,0.0,11.5,349,24.31,5.66,933.6,17.2,652.0,30.333918,77.97186
UK-DDN,2021-06-06,27.9,32.9,22.5,58,79,0.0,0.0,10.2,306,24.02,5.38,932.8,18.1,652.0,30.333918,77.97186
UK-DDN,2021-06-07,28.1,32.9,22.8,59,75,0.0,0.0,10.1,306,23.28,5.34,930.8,19.0,652.0,30.333918,77.97186
UK-DDN,2021-06-08,30.0,35.3,23.8,57,76,0.0,0.0,13.0,282,23.75,5.87,928.6,20.3,652.0,30.333918,77.97186
UK-DDN,2021-06-09,29.9,33.9,26.0,63,75,1.7,1.7,11.4,127,20.97,5.06,928.1,22.0,652.0,30.333918,77.97186
UK-DDN,2021-06-10,25.4,29.3,22.1,82,95,25.4,25.4,14.5,51,14.12,3.13,929.0,22.0,652.0,30.333918,77.97186
UK-DDN,2021-06-11,25.9,30.4,22.2,81,96,8.1,8.1,8.7,127,17.16,3.72,928.5,22.1,652.0,30.333918,77.97186
UK-DDN,2021-06-12,25.7,29.7,23.0,79,91,4.9,4.9,10.7,103,20.56,4.32,929.6,21.6,652.0,30.333918,77.97186
UK-DDN,2021-06-13,26.4,31.2,22.2,75,92,2.2,2.2,9.1,214,23.67,5.06,929.9,21.3,652.0,30.333918,77.97186
UK-DDN,2021-06-14,26.4,31.2,21.9,75,95,1.4,1.4,7.6,297,23.94,5.05,927.9,21.3,652.0,30.333918,77.97186
UK-DDN,2021-06-15,26.7,31.6,22.5,74,88,1.3,1.3,10.1,301,22.24,4.81,924.9,21.3,652.0,30.333918,77.97186
UK-DDN,2021-06-16,25.3,28.8,22.0,81,94,4.1,4.1,13.2,156,18.32,3.82,927.8,21.6,652.0,30.333918,77.97186
UK-DDN,2021-06-17,25.2,29.2,21.6,82,99,9.1,9.1,8.8,174,21.24,4.4,929.9,21.6,652.0,30.333918,77.97186
UK-DDN,2021-06-18,23.9,25.3,22.2,85,93,17.2,17.2,10.9,48,7.18,1.6,930.6,21.3,652.0,30.333918,77.97186
UK-DDN,2021-06-19,23.5,27.1,21.8,87,95,44.2,44.2,11.8,174,13.09,2.67,930.2,21.2,652.0,30.333918,77.97186
UK-DDN,2021-06-20,24.9,28.5,21.7,79,95,55.4,55.4,9.4,298,20.42,4.28,930.9,20.8,652.0,30.333918,77.97186
UK-DDN,2021-06-21,26.0,30.5,21.7,78,94,0.7,0.7,9.7,304,24.78,5.17,931.2,21.6,652.0,30.333918,77.97186
UK-DDN,2021-06-22,27.1,31.8,22.8,74,88,0.0,0.0,9.5,43,24.9,5.4,930.6,21.8,652.0,30.333918,77.97186
UK-DDN,2021-06-23,27.4,31.8,23.3,74,85,0.2,0.2,7.1,90,24.21,5.23,931.8,22.1,652.0,30.333918,77.97186
UK-DDN,2021-06-24,26.2,29.9,22.0,79,91,2.6,2.6,10.2,323,22.88,4.8,931.6,22.1,652.0,30.333918,77.97186
UK-DDN,2021-06-25,26.4,30.9,21.8,76,92,3.6,3.6,10.9,37,23.56,5.02,930.5,21.7,652.0,30.333918,77.97186
UK-DDN,2021-06-26,26.0,30.4,21.7,79,96,0.2,0.2,8.1,308,23.94,4.98,931.8,21.8,652.0,30.333918,77.97186
UK-DDN,2021-06-27,27.1,31.8,22.3,75,90,0.1,0.1,9.3,318,23.73,5.16,934.6,21.9,652.0,30.333918,77.97186
UK-DDN,2021-06-28,27.3,31.4,23.4,78,90,1.0,1.0,8.7,311,22.23,4.78,933.4,22.9,652.0,30.333918,77.97186
UK-DDN,2021-06-29,28.5,34.2,23.3,69,88,0.3,0.3,11.5,328,24.56,5.55,929.8,21.8,652.0,30.333918,77.97186
UK-DDN,2021-06-30,29.8,35.7,23.9,60,82,0.0,0.0,13.4,313,25.58,6.16,926.9,20.6,652.0,30.333918,77.97186
UK-DDN,2021-07-01,28.9,34.2,24.4,68,85,0.0,0.0,9.6,47,24.56,5.66,925.9,22.1,652.0,30.333918,77.97186
UK-DDN,2021-07-02,28.9,32.4,24.8,68,85,2.0,2.0,8.2,20,23.32,5.3,927.5,22.2,652.0,30.333918,77.97186
UK-DDN,2021-07-03,27.1,31.0,23.8,75,87,1.3,1.3,10.6,331,23.78,5.13,930.2,22.1,652.0,30.333918,77.97186
UK-DDN,2021-07-04,27.4,31.9,23.3,76,89,1.0,1.0,8.2,320,22.19,4.78,931.6,22.6,652.0,30.333918,77.97186
UK-DDN,2021-07-05,27.7,32.0,22.9,74,90,1.0,1.0,8.9,329,22.9,5.04,932.2,22.4,652.0,30.333918,77.97186
UK-DDN,2021-07-06,28.8,33.2,24.6,71,87,0.8,0.8,10.9,339,22.46,5.12,930.5,22.9,652.0,30.333918,77.97186
UK-DDN,2021-07-07,29.4,34.9,24.6,66,85,0.0,0.0,12.1,324,24.4,5.81,929.2,22.0,652.0,30.333918,77.97186
UK-DDN,2021-07-08,28.7,32.8,24.2,68,89,2.8,2.8,7.7,108,22.42,5.16,929.9,22.0,652.0,30.333918,77.97186
UK-DDN,2021-07-09,27.1,31.4,23.5,80,99,2.0,2.0,4.9,94,20.21,4.26,931.5,23.0,652.0,30.333918,77.97186
UK-DDN,2021-07-10,27.6,30.6,24.3,80,95,9.2,9.2,5.1,55,20.43,4.35,931.3,23.6,652.0,30.333918,77.97186
UK-DDN,2021-07-11,26.9,30.6,24.7,83,95,7.7,7.7,13.0,112,15.95,3.46,932.7,23.6,652.0,30.333918,77.97186
UK-DDN,2021-07-12,26.2,30.1,23.6,84,98,10.1,10.1,9.4,100,19.21,3.99,934.5,23.1,652.0,30.333918,77.97186
UK-DDN,2021-07-13,26.3,29.5,24.0,80,92,2.1,2.1,4.9,290,16.27,3.48,933.6,22.5,652.0,30.333918,77.97186
UK-DDN,2021-07-14,26.2,29.8,23.1,79,91,1.8,1.8,7.6,241,17.61,3.71,932.8,22.1,652.0,30.333918,77.97186
UK-DDN,2021-07-15,26.3,29.1,23.6,80,92,0.1,0.1,7.6,161,15.43,3.26,933.3,22.4,652.0,30.333918,77.97186
UK-DDN,2021-07-16,27.2,31.1,23.8,79,90,2.4,2.4,7.1,92,19.71,4.22,934.9,23.1,652.0,30.333918,77.97186
UK-DDN,2021-07-17,27.2,31.1,24.3,84,95,9.5,9.5,11.2,319,20.28,4.29,932.1,24.1,652.0,30.333918,77.97186
UK-DDN,2021-07-18,25.1,27.3,23.5,94,99,30.1,30.1,11.5,158,8.98,1.87,929.1,24.1,652.0,30.333918,77.97186
UK-DDN,2021-07-19,23.9,25.8,23.1,95,100,43.8,43.8,8.3,307,4.81,1.11,928.4,23.1,652.0,30.333918,77.97186
UK-DDN,2021-07-20,24.3,27.4,23.0,94,99,11.6,11.6,5.7,180,5.79,1.29,928.1,23.2,652.0,30.333918,77.97186
UK-DDN,2021-07-21,25.6,29.9,23.1,87,98,2.5,2.5,7.6,135,16.19,3.43,927.4,23.1,652.0,30.333918,77.97186
UK-DDN,2021-07-22,25.3,28.9,23.5,89,99,8.1,8.1,7.6,294,11.66,2.52,927.0,23.3,652.0,30.333918,77.97186
UK-DDN,2021-07-23,26.7,30.9,23.9,83,94,0.2,0.2,5.8,295,16.2,3.52,928.3,23.4,652.0,30.333918,77.97186
UK-DDN,2021-07-24,27.8,30.5,24.9,78,91,0.1,0.1,6.9,93,14.87,3.31,929.4,23.4,652.0,30.333918,77.97186
UK-DDN,2021-07-25,27.8,31.1,24.8,78,92,2.0,2.0,6.2,105,17.69,3.89,929.0,23.4,652.0,30.333918,77.97186
UK-DDN,2021-07-26,25.9,29.1,24.4,88,94,9.8,9.8,8.6,99,8.56,1.91,927.8,23.7,652.0,30.333918,77.97186
UK-DDN,2021-07-27,25.9,28.8,24.3,88,96,16.8,16.8,9.2,120,11.88,2.57,925.6,23.7,652.0,30.333918,77.97186
UK-DDN,2021-07-28,24.4,25.6,23.4,97,100,32.3,32.3,12.5,135,5.63,1.23,926.6,23.9,652.0,30.333918,77.97186
UK-DDN,2021-07-29,25.3,27.7,23.5,87,98,2.1,2.1,5.5,332,10.85,2.33,927.1,23.0,652.0,30.333918,77.97186
UK-DDN,2021-07-30,26.1,30.2,23.7,85,97,4.5,4.5,6.1,72,17.31,3.66,928.9,23.2,652.0,30.333918,77.97186
UK-DDN,2021-07-31,26.6,29.5,23.9,84,96,5.9,5.9,5.4,333,18.11,3.74,929.6,23.5,652.0,30.333918,77.97186
UK-DDN,2021-08-01,26.3,30.1,23.6,82,98,3.1,3.1,10.8,292,20.26,4.22,927.7,22.9,652.0,30.333918,77.97186
UK-DDN,2021-08-02,25.9,29.7,23.7,89,96,4.5,4.5,6.6,127,14.07,2.94,928.8,23.9,652.0,30.333918,77.97186
UK-DDN,2021-08-03,26.5,30.2,24.1,85,99,7.7,7.7,13.1,282,19.23,3.98,930.3,23.7,652.0,30.333918,77.97186
UK-DDN,2021-08-04,25.5,28.9,23.7,91,99,25.5,25.5,9.5,190,17.03,3.44,931.0,23.9,652.0,30.333918,77.97186
UK-DDN,2021-08-05,25.1,27.9,23.5,90,97,16.5,16.5,5.2,85,13.54,2.75,930.3,23.2,652.0,30.333918,77.97186
UK-DDN,2021-08-06,26.9,31.8,22.9,79,92,4.0,4.0,9.8,118,21.78,4.58,930.2,22.7,652.0,30.333918,77.97186
UK-DDN,2021-08-07,26.7,30.6,24.1,83,97,16.9,16.9,9.2,358,18.88,3.91,931.8,23.4,652.0,30.333918,77.97186
UK-DDN,2021-08-08,26.2,29.8,23.8,85,95,4.6,4.6,7.8,204,16.88,3.55,933.2,23.4,652.0,30.333918,77.97186
UK-DDN,2021-08-09,25.5,29.1,23.3,88,97,7.1,7.1,6.9,281,16.43,3.36,933.1,23.4,652.0,30.333918,77.97186
UK-DDN,2021-08-10,26.1,30.6,23.3,86,99,2.4,2.4,11.9,272,21.34,4.38,931.0,23.4,652.0,30.333918,77.97186
UK-DDN,2021-08-11,26.2,30.8,22.4,84,96,1.6,1.6,12.7,298,22.81,4.71,931.0,23.1,652.0,30.333918,77.97186
UK-DDN,2021-08-12,25.8,29.5,23.5,87,98,5.4,5.4,7.2,196,17.88,3.67,932.4,23.5,652.0,30.333918,77.97186
UK-DDN,2021-08-13,25.5,29.3,22.9,90,99,9.5,9.5,10.9,248,16.72,3.38,930.9,23.6,652.0,30.333918,77.97186
UK-DDN,2021-08-14,25.1,29.5,23.0,92,99,6.3,6.3,11.6,280,13.13,2.72,928.8,23.6,652.0,30.333918,77.97186
UK-DDN,2021-08-15,26.0,30.1,22.7,84,96,1.7,1.7,12.3,290,21.81,4.47,930.3,22.8,652.0,30.333918,77.97186
UK-DDN,2021-08-16,26.2,31.2,22.1,80,95,0.3,0.3,11.2,171,23.24,4.86,933.2,22.3,652.0,30.333918,77.97186
UK-DDN,2021-08-17,26.6,31.5,22.0,80,93,0.0,0.0,9.4,272,24.06,5.06,933.0,22.6,652.0,30.333918,77.97186
UK-DDN,2021-08-18,26.6,30.0,23.7,83,93,2.5,2.5,7.7,139,20.37,4.19,931.7,23.5,652.0,30.333918,77.97186
UK-DDN,2021-08-19,25.7,29.1,23.4,89,98,7.7,7.7,7.2,135,17.28,3.48,931.2,23.6,652.0,30.333918,77.97186
UK-DDN,2021-08-20,24.5,26.1,23.6,92,97,9.5,9.5,11.0,103,6.85,1.46,933.7,23.2,652.0,30.333918,77.97186
UK-DDN,2021-08-21,25.0,28.6,23.3,90,96,2.5,2.5,10.0,303,11.6,2.44,935.5,23.1,652.0,30.333918,77.97186
UK-DDN,2021-08-22,25.4,29.2,22.9,87,98,4.5,4.5,7.6,230,18.28,3.72,934.9,22.9,652.0,30.333918,77.97186
UK-DDN,2021-08-23,26.2,30.0,23.0,84,96,4.0,4.0,9.8,282,20.25,4.16,932.3,23.3,652.0,30.333918,77.97186
UK-DDN,2021-08-24,25.4,28.8,23.5,91,98,13.1,13.1,9.4,162,15.32,3.09,930.9,23.7,652.0,30.333918,77.97186
UK-DDN,2021-08-25,25.8,28.2,24.2,92,100,23.8,23.8,11.4,328,11.89,2.44,928.7,24.4,652.0,30.333918,77.97186
UK-DDN,2021-08-26,25.9,28.8,24.0,91,99,10.5,10.5,11.5,295,13.64,2.8,927.7,24.3,652.0,30.333918,77.97186
UK-DDN,2021-08-27,25.8,29.4,23.2,88,98,9.0,9.0,9.4,227,18.78,3.84,930.3,23.4,652.0,30.333918,77.97186
UK-DDN,2021-08-28,24.1,26.7,22.8,94,100,26.7,26.7,7.8,141,12.72,2.53,931.5,23.1,652.0,30.333918,77.97186
UK-DDN,2021-08-29,25.2,29.4,22.2,84,98,7.1,7.1,7.7,203,20.33,4.12,932.3,22.1,652.0,30.333918,77.97186
UK-DDN,2021-08-30,24.9,28.6,22.2,85,96,2.3,2.3,6.5,247,20.26,4.06,935.4,22.0,652.0,30.333918,77.97186
UK-DDN,2021-08-31,25.0,28.4,22.0,85,97,1.9,1.9,7.4,297,19.27,3.85,937.1,22.2,652.0,30.333918,77.97186
UK-DDN,2021-09-01,24.3,27.3,22.2,88,96,5.5,5.5,5.6,337,10.8,2.22,936.5,22.1,652.0,30.333918,77.97186
UK-DDN,2021-09-02,25.9,29.8,22.5,81,97,2.0,2.0,4.9,337,18.48,3.86,934.4,22.1,652.0,30.333918,77.97186
UK-DDN,2021-09-03,25.3,28.5,22.0,84,96,1.3,1.3,7.6,136,17.48,3.54,932.9,22.4,652.0,30.333918,77.97186
UK-DDN,2021-09-04,24.9,27.7,22.7,89,98,2.3,2.3,7.6,195,14.55,2.94,932.5,22.9,652.0,30.333918,77.97186
UK-DDN,2021-09-05,25.9,30.1,22.2,81,95,0.3,0.3,7.2,191,21.05,4.35,932.6,22.1,652.0,30.333918,77.97186
UK-DDN,2021-09-06,26.5,30.4,22.7,81,92,0.4,0.4,6.7,120,19.66,4.11,934.3,22.9,652.0,30.333918,77.97186
UK-DDN,2021-09-07,25.3,28.3,23.0,87,96,16.9,16.9,9.4,99,14.61,2.98,936.3,22.9,652.0,30.333918,77.97186
UK-DDN,2021-09-08,25.3,28.3,23.3,83,92,0.8,0.8,4.4,17,14.93,3.09,935.3,22.1,652.0,30.333918,77.97186
UK-DDN,2021-09-09,25.4,29.2,22.7,85,96,3.5,3.5,4.6,348,18.28,3.72,934.1,22.7,652.0,30.333918,77.97186
UK-DDN,2021-09-10,25.2,28.0,22.8,85,94,5.2,5.2,7.9,74,15.86,3.2,934.1,22.5,652.0,30.333918,77.97186
UK-DDN,2021-09-11,25.2,27.4,23.2,84,96,3.6,3.6,8.2,18,11.06,2.38,934.1,22.2,652.0,30.333918,77.97186
UK-DDN,2021-09-12,25.2,28.3,22.9,83,95,0.8,0.8,8.3,309,13.74,2.93,931.9,22.1,652.0,30.333918,77.97186
UK-DDN,2021-09-13,26.3,29.8,23.2,79,94,1.7,1.7,5.2,35,17.92,3.74,932.2,22.2,652.0,30.333918,77.97186
UK-DDN,2021-09-14,26.0,30.6,22.3,78,95,3.1,3.1,9.8,335,11.96,2.87,934.2,21.5,652.0,30.333918,77.97186
UK-DDN,2021-09-15,25.9,30.8,22.2,74,93,4.9,4.9,9.9,106,20.38,4.4,934.5,20.8,652.0,30.333918,77.97186
UK-DDN,2021-09-16,25.5,31.2,22.6,84,96,9.3,9.3,9.4,243,19.89,4.13,933.0,22.4,652.0,30.333918,77.97186
UK-DDN,2021-09-17,25.8,30.5,22.6,80,95,0.5,0.5,9.2,307,19.32,4.12,932.4,21.8,652.0,30.333918,77.97186
UK-DDN,2021-09-18,25.4,29.6,22.0,81,94,0.1,0.1,9.4,307,18.87,3.88,934.8,21.8,652.0,30.333918,77.97186
UK-DDN,2021-09-19,25.8,29.6,23.1,85,93,4.0,4.0,7.6,333,16.5,3.37,936.6,23.0,652.0,30.333918,77.97186
UK-DDN,2021-09-20,25.4,29.3,23.3,88,96,5.9,5.9,5.7,98,15.99,3.21,935.8,23.1,652.0,30.333918,77.97186
UK-DDN,2021-09-21,24.8,28.5,22.4,86,96,4.0,4.0,6.9,98,16.56,3.3,934.9,22.2,652.0,30.333918,77.97186
UK-DDN,2021-09-22,23.8,26.3,22.0,90,98,3.8,3.8,7.1,114,11.22,2.24,934.4,22.0,652.0,30.333918,77.97186
UK-DDN,2021-09-23,23.9,27.2,22.1,87,97,9.3,9.3,6.0,1,11.65,2.4,936.1,21.5,652.0,30.333918,77.97186
UK-DDN,2021-09-24,24.8,29.2,22.4,82,93,0.7,0.7,11.1,321,12.39,2.73,936.6,21.2,652.0,30.333918,77.97186
UK-DDN,2021-09-25,24.6,28.8,20.9,84,96,0.6,0.6,7.1,119,17.84,3.57,935.3,21.6,652.0,30.333918,77.97186
UK-DDN,2021-09-26,24.3,28.6,20.9,84,95,2.5,2.5,6.1,315,17.96,3.57,935.4,21.4,652.0,30.333918,77.97186
UK-DDN,2021-09-27,25.5,30.3,20.6,77,91,0.3,0.3,6.8,323,19.37,4.06,935.7,20.8,652.0,30.333918,77.97186
UK-DDN,2021-09-28,25.7,29.6,21.7,75,89,1.0,1.0,6.1,54,17.24,3.61,937.0,20.7,652.0,30.333918,77.97186
UK-DDN,2021-09-29,24.8,28.5,21.2,83,95,2.9,2.9,7.4,307,16.0,3.24,937.8,21.6,652.0,30.333918,77.97186
UK-DDN,2021-09-30,24.2,28.9,21.5,87,97,3.9,3.9,7.5,305,16.85,3.34,938.6,21.8,652.0,30.333918,77.97186
UK-DDN,2021-10-01,24.4,28.4,21.7,85,95,8.6,8.6,8.9,289,17.79,3.51,937.8,21.7,652.0,30.333918,77.97186
UK-DDN,2021-10-02,24.8,29.4,21.1,83,96,0.2,0.2,10.6,319,18.36,3.72,935.9,21.5,652.0,30.333918,77.97186
UK-DDN,2021-10-03,24.6,28.5,21.4,83,95,0.5,0.5,11.5,107,15.9,3.24,934.1,21.4,652.0,30.333918,77.97186
UK-DDN,2021-10-04,24.3,28.9,21.1,84,94,0.1,0.1,7.8,109,16.66,3.35,934.2,21.2,652.0,30.333918,77.97186
UK-DDN,2021-10-05,24.0,28.3,20.6,83,94,0.2,0.2,7.9,355,16.85,3.36,936.9,20.8,652.0,30.333918,77.97186
UK-DDN,2021-10-06,23.9,28.9,19.8,82,92,0.3,0.3,9.4,356,19.22,3.84,936.5,20.4,652.0,30.333918,77.97186
UK-DDN,2021-10-07,23.8,28.4,19.7,79,94,0.0,0.0,8.8,86,18.18,3.66,935.0,19.7,652.0,30.333918,77.97186
UK-DDN,2021-10-08,23.7,29.0,19.6,79,93,0.1,0.1,6.6,69,18.6,3.72,933.9,19.6,652.0,30.333918,77.97186
UK-DDN,2021-10-09,23.5,29.1,18.7,77,92,0.0,0.0,9.1,9,19.44,3.91,934.2,19.0,652.0,30.333918,77.97186
UK-DDN,2021-10-10,23.4,29.4,18.5,74,88,0.0,0.0,7.6,356,19.5,3.97,935.0,18.1,652.0,30.333918,77.97186
UK-DDN,2021-10-11,23.4,29.7,17.6,74,88,0.0,0.0,8.0,341,19.27,3.94,934.9,18.3,652.0,30.333918,77.97186
UK-DDN,2021-10-12,23.1,30.2,17.9,66,87,0.0,0.0,8.8,349,19.38,4.04,934.9,15.7,652.0,30.333918,77.97186
UK-DDN,2021-10-13,22.4,29.5,17.0,66,81,0.0,0.0,8.9,323,18.23,3.8,934.8,15.2,652.0,30.333918,77.97186
UK-DDN,2021-10-14,23.2,30.7,17.5,64,82,0.0,0.0,8.7,328,17.57,3.88,934.6,15.5,652.0,30.333918,77.97186
UK-DDN,2021-10-15,24.1,31.7,17.9,62,81,0.0,0.0,6.9,4,17.95,3.95,933.4,15.7,652.0,30.333918,77.97186
UK-DDN,2021-10-16,24.3,31.5,18.6,60,77,0.0,0.0,8.7,12,17.69,3.85,934.2,15.4,652.0,30.333918,77.97186
UK-DDN,2021-10-17,22.6,26.1,19.8,78,95,9.5,9.5,20.7,357,5.01,1.52,936.1,18.4,652.0,30.333918,77.97186
UK-DDN,2021-10-18,19.4,20.6,18.3,93,97,67.8,67.8,12.6,319,1.32,0.49,933.6,18.3,652.0,30.333918,77.97186
UK-DDN,2021-10-19,20.8,26.2,17.4,77,92,0.0,0.0,7.1,318,17.05,3.27,934.3,16.4,652.0,30.333918,77.97186
UK-DDN,2021-10-20,20.7,25.9,16.5,82,94,0.0,0.0,7.6,341,14.12,2.72,937.6,17.3,652.0,30.333918,77.97186
UK-DDN,2021-10-21,21.1,26.6,16.7,81,97,0.0,0.0,10.8,310,15.56,3.06,937.0,17.6,652.0,30.333918,77.97186
UK-DDN,2021-10-22,20.1,25.9,15.8,85,98,0.0,0.0,8.3,350,16.51,3.13,937.3,17.2,652.0,30.333918,77.97186
UK-DDN,2021-10-23,20.0,26.1,14.8,73,93,0.0,0.0,7.2,66,16.31,3.29,939.9,14.6,652.0,30.333918,77.97186
UK-DDN,2021-10-24,19.1,23.0,16.0,74,84,0.0,0.0,8.6,90,10.88,2.28,941.6,14.1,652.0,30.333918,77.97186
UK-DDN,2021-10-25,18.3,24.6,13.1,74,90,0.0,0.0,9.8,314,16.21,3.09,940.7,13.1,652.0,30.333918,77.97186
UK-DDN,2021-10-26,18.3,24.2,13.1,75,93,0.0,0.0,7.7,358,15.57,2.91,939.3,13.6,652.0,30.333918,77.97186
UK-DDN,2021-10-27,18.2,24.4,13.4,73,89,0.0,0.0,8.3,335,15.32,2.93,940.8,12.9,652.0,30.333918,77.97186
UK-DDN,2021-10-28,18.3,25.6,12.5,67,82,0.0,0.0,7.9,350,15.94,3.07,941.1,11.6,652.0,30.333918,77.97186
UK-DDN,2021-10-29,18.7,25.1,13.4,66,83,0.0,0.0,9.2,351,15.81,3.15,943.0,12.0,652.0,30.333918,77.97186
UK-DDN,2021-10-30,18.4,24.6,13.5,73,91,0.0,0.0,8.7,3,15.72,2.95,941.6,13.4,652.0,30.333918,77.97186
UK-DDN,2021-10-31,17.6,23.9,12.9,76,92,0.0,0.0,7.7,29,15.42,2.82,939.6,13.1,652.0,30.333918,77.97186
UK-DDN,2021-11-01,17.1,23.3,11.7,75,92,0.0,0.0,6.9,64,15.4,2.79,940.3,12.4,652.0,30.333918,77.97186
UK-DDN,2021-11-02,17.8,24.5,13.5,62,79,0.0,0.0,7.0,21,14.99,2.83,941.9,10.1,652.0,30.333918,77.97186
UK-DDN,2021-11-03,17.0,24.4,10.7,62,78,0.0,0.0,8.1,341,14.77,2.92,941.1,9.3,652.0,30.333918,77.97186
UK-DDN,2021-11-04,17.0,24.1,11.7,65,76,0.0,0.0,7.0,0,14.93,2.82,940.2,10.0,652.0,30.333918,77.97186
UK-DDN,2021-11-05,16.5,23.7,11.2,70,84,0.0,0.0,9.0,351,14.83,2.82,939.6,10.6,652.0,30.333918,77.97186
UK-DDN,2021-11-06,17.0,23.3,11.1,72,88,0.0,0.0,6.5,2,14.75,2.7,937.4,11.7,652.0,30.333918,77.97186
UK-DDN,2021-11-07,16.8,23.0,11.4,77,93,0.0,0.0,8.3,14,14.57,2.66,937.5,12.5,652.0,30.333918,77.97186
UK-DDN,2021-11-08,16.8,23.5,11.5,77,91,0.0,0.0,8.8,47,14.59,2.63,939.2,12.6,652.0,30.333918,77.97186
UK-DDN,2021-11-09,17.1,23.0,11.6,76,91,0.0,0.0,8.5,17,14.27,2.61,940.4,12.6,652.0,30.333918,77.97186
UK-DDN,2021-11-10,16.8,23.7,11.0,77,94,0.0,0.0,7.6,354,14.14,2.59,939.8,12.4,652.0,30.333918,77.97186
UK-DDN,2021-11-11,16.9,23.8,11.2,74,87,0.0,0.0,9.0,2,14.08,2.62,939.4,11.9,652.0,30.333918,77.97186
UK-DDN,2021-11-12,17.0,23.3,11.3,74,93,0.0,0.0,8.0,10,13.98,2.57,939.7,12.1,652.0,30.333918,77.97186
UK-DDN,2021-11-13,16.2,23.0,11.3,79,96,0.0,0.0,6.6,352,13.78,2.45,939.4,12.2,652.0,30.333918,77.97186
UK-DDN,2021-11-14,15.5,22.0,10.3,77,92,0.0,0.0,7.7,67,13.73,2.38,938.5,11.3,652.0,30.333918,77.97186
UK-DDN,2021-11-15,15.4,21.6,10.9,74,87,0.0,0.0,7.6,8,13.62,2.42,937.8,10.3,652.0,30.333918,77.97186
UK-DDN,2021-11-16,15.6,22.4,9.4,72,91,0.0,0.0,7.1,35,13.62,2.43,938.5,10.3,652.0,30.333918,77.97186
UK-DDN,2021-11-17,14.8,21.6,9.5,76,89,0.0,0.0,7.7,6,13.39,2.33,940.7,10.4,652.0,30.333918,77.97186
UK-DDN,2021-11-18,15.4,21.6,9.7,77,96,0.0,0.0,7.2,353,13.32,2.32,939.7,11.2,652.0,30.333918,77.97186
UK-DDN,2021-11-19,15.1,22.5,9.8,76,98,0.0,0.0,7.2,342,13.31,2.36,937.1,10.5,652.0,30.333918,77.97186
UK-DDN,2021-11-20,15.7,23.6,10.1,69,86,0.0,0.0,8.3,348,13.25,2.44,937.4,9.5,652.0,30.333918,77.97186
UK-DDN,2021-11-21,16.3,23.9,10.0,62,79,0.0,0.0,9.4,342,13.29,2.69,938.4,8.7,652.0,30.333918,77.97186
UK-DDN,2021-11-22,16.3,22.2,11.1,65,78,0.0,0.0,9.9,11,13.16,2.53,937.5,9.6,652.0,30.333918,77.97186
UK-DDN,2021-11-23,15.8,20.9,9.9,63,78,0.0,0.0,7.2,68,13.01,2.36,936.9,8.5,652.0,30.333918,77.97186
UK-DDN,2021-11-24,14.7,20.1,9.1,72,89,0.0,0.0,8.8,67,12.72,2.24,939.5,9.5,652.0,30.333918,77.97186
UK-DDN,2021-11-25,14.2,20.7,9.1,73,91,0.0,0.0,6.9,16,12.6,2.18,940.3,9.2,652.0,30.333918,77.97186
UK-DDN,2021-11-26,13.9,20.3,8.7,77,91,0.0,0.0,8.0,81,12.54,2.12,940.0,9.5,652.0,30.333918,77.97186
UK-DDN,2021-11-27,14.0,20.6,9.4,76,94,0.0,0.0,8.0,67,12.41,2.13,941.4,9.5,652.0,30.333918,77.97186
UK-DDN,2021-11-28,13.8,21.6,8.0,66,95,0.0,0.0,6.9,356,12.6,2.29,942.6,6.7,652.0,30.333918,77.97186
UK-DDN,2021-11-29,15.1,21.6,8.6,66,82,0.0,0.0,7.6,1,12.47,2.36,942.2,8.4,652.0,30.333918,77.97186
UK-DDN,2021-11-30,14.9,21.6,8.4,67,90,0.0,0.0,10.1,30,12.41,2.33,941.3,8.4,652.0,30.333918,77.97186
UK-DDN,2021-12-01,14.7,19.3,11.3,72,84,0.0,0.0,7.2,12,7.01,1.41,942.2,9.4,652.0,30.333918,77.97186
UK-DDN,2021-12-02,16.1,20.5,12.8,73,90,0.3,0.3,7.8,356,4.85,1.16,942.2,11.1,652.0,30.333918,77.97186
UK-DDN,2021-12-03,16.1,20.6,12.7,80,88,0.8,0.8,10.5,358,4.59,1.04,942.6,12.5,652.0,30.333918,77.97186
UK-DDN,2021-12-04,15.9,22.2,10.7,74,88,0.0,0.0,8.4,329,11.78,2.15,941.5,11.1,652.0,30.333918,77.97186
UK-DDN,2021-12-05,15.6,20.5,10.8,76,94,0.0,0.0,9.0,36,10.94,1.97,942.2,11.2,652.0,30.333918,77.97186
UK-DDN,2021-12-06,14.0,18.5,9.3,77,91,2.7,2.7,10.5,356,9.89,1.7,941.7,9.9,652.0,30.333918,77.97186
UK-DDN,2021-12-07,12.9,20.4,7.2,71,88,0.0,0.0,9.9,335,12.09,2.16,941.6,7.4,652.0,30.333918,77.97186
UK-DDN,2021-12-08,13.7,21.2,8.6,67,87,0.0,0.0,8.0,6,11.94,2.17,941.5,7.3,652.0,30.333918,77.97186
UK-DDN,2021-12-09,13.3,19.9,8.5,75,92,0.0,0.0,7.6,348,11.53,1.98,944.2,8.7,652.0,30.333918,77.97186
UK-DDN,2021-12-10,13.0,19.7,8.2,79,94,0.0,0.0,8.0,335,11.65,1.93,943.7,9.3,652.0,30.333918,77.97186
UK-DDN,2021-12-11,12.8,19.6,6.7,71,90,0.0,0.0,8.2,337,12.05,2.0,942.4,7.3,652.0,30.333918,77.97186
UK-DDN,2021-12-12,13.9,18.2,8.2,65,80,0.0,0.0,6.5,52,10.48,1.92,943.9,7.2,652.0,30.333918,77.97186
UK-DDN,2021-12-13,12.8,17.3,7.1,72,89,0.0,0.0,6.2,40,10.45,1.73,942.9,7.6,652.0,30.333918,77.97186
UK-DDN,2021-12-14,10.8,17.4,5.8,77,94,0.0,0.0,8.3,12,11.44,1.83,941.7,6.5,652.0,30.333918,77.97186
UK-DDN,2021-12-15,10.1,17.8,4.5,75,90,0.0,0.0,6.6,334,12.01,1.91,941.3,5.3,652.0,30.333918,77.97186
UK-DDN,2021-12-16,10.9,16.8,3.9,54,81,0.0,0.0,5.8,346,12.19,2.03,942.5,1.2,652.0,30.333918,77.97186
UK-DDN,2021-12-17,9.3,15.5,4.1,62,89,0.0,0.0,10.3,317,10.68,1.87,942.6,2.1,652.0,30.333918,77.97186
UK-DDN,2021-12-18,8.2,15.0,2.6,73,96,0.0,0.0,10.2,316,11.42,1.75,941.9,3.2,652.0,30.333918,77.97186
UK-DDN,2021-12-19,8.8,16.4,2.5,68,85,0.0,0.0,9.4,327,12.23,1.96,941.5,3.0,652.0,30.333918,77.97186
UK-DDN,2021-12-20,10.8,15.6,5.2,59,89,0.0,0.0,8.2,34,11.94,1.96,941.5,2.4,652.0,30.333918,77.97186
UK-DDN,2021-12-21,10.7,17.5,4.9,70,87,0.0,0.0,9.1,335,11.8,2.0,940.9,5.0,652.0,30.333918,77.97186
UK-DDN,2021-12-22,11.7,18.9,5.5,66,84,0.0,0.0,9.0,354,11.64,2.03,939.0,5.1,652.0,30.333918,77.97186
UK-DDN,2021-12-23,12.4,16.3,8.5,66,87,0.0,0.0,8.1,13,7.81,1.45,939.3,6.1,652.0,30.333918,77.97186
UK-DDN,2021-12-24,11.7,18.4,5.6,68,87,0.0,0.0,7.1,20,11.67,1.93,939.0,5.6,652.0,30.333918,77.97186
UK-DDN,2021-12-25,11.1,17.8,5.2,74,91,0.0,0.0,8.2,0,11.19,1.82,940.5,6.3,652.0,30.333918,77.97186
UK-DDN,2021-12-26,11.1,15.8,5.9,70,83,0.1,0.1,7.9,36,6.13,1.13,942.3,5.7,652.0,30.333918,77.97186
UK-DDN,2021-12-27,10.4,17.2,6.0,71,82,0.0,0.0,9.8,346,11.62,1.91,943.2,5.0,652.0,30.333918,77.97186
UK-DDN,2021-12-28,10.5,16.6,5.0,73,92,0.4,0.4,10.5,41,9.0,1.53,942.4,5.5,652.0,30.333918,77.97186
UK-DDN,2021-12-29,9.7,16.0,5.4,79,95,0.0,0.0,8.9,325,11.76,1.79,942.3,5.9,652.0,30.333918,77.97186
UK-DDN,2021-12-30,9.2,16.2,4.0,78,93,0.0,0.0,8.0,350,11.21,1.72,946.2,5.2,652.0,30.333918,77.97186
UK-DDN,2021-12-31,10.2,17.3,5.1,72,88,0.0,0.0,10.0,333,12.01,1.94,945.7,5.0,652.0,30.333918,77.97186
UK-DDN,2022-01-01,11.1,17.3,5.1,70,92,0.0,0.0,7.6,330,12.06,1.96,944.8,5.7,652.0,30.333918,77.97186
UK-DDN,2022-01-02,11.2,17.9,5.9,76,91,0.0,0.0,9.3,320,11.31,1.85,943.6,6.8,652.0,30.333918,77.97186
UK-DDN,2022-01-03,13.1,19.1,6.8,62,86,0.0,0.0,7.9,339,11.87,2.1,942.2,5.8,652.0,30.333918,77.97186
UK-DDN,2022-01-04,13.7,17.4,10.3,63,87,0.7,0.7,9.2,2,4.31,1.11,942.1,6.4,652.0,30.333918,77.97186
UK-DDN,2022-01-05,12.1,15.0,9.7,83,93,7.3,7.3,9.8,87,3.1,0.73,941.1,9.3,652.0,30.333918,77.97186
UK-DDN,2022-01-06,12.2,16.5,8.6,82,96,3.0,3.0,6.8,5,10.57,1.64,941.9,9.0,652.0,30.333918,77.97186
UK-DDN,2022-01-07,11.3,14.8,7.5,85,92,2.0,2.0,9.2,62,6.8,1.06,941.6,8.9,652.0,30.333918,77.97186
UK-DDN,2022-01-08,11.8,15.8,8.7,81,94,17.5,17.5,17.6,28,3.48,0.87,940.9,8.6,652.0,30.333918,77.97186
UK-DDN,2022-01-09,11.3,15.8,8.5,85,95,22.1,22.1,11.5,200,7.2,1.24,939.8,8.9,652.0,30.333918,77.97186
UK-DDN,2022-01-10,11.8,16.7,7.3,82,96,8.5,8.5,8.2,194,11.11,1.76,941.4,8.6,652.0,30.333918,77.97186
UK-DDN,2022-01-11,10.6,17.5,5.9,78,96,0.0,0.0,11.2,315,11.67,1.89,940.8,6.7,652.0,30.333918,77.97186
UK-DDN,2022-01-12,11.5,17.0,7.2,81,100,0.0,0.0,12.5,334,12.17,1.96,940.7,8.1,652.0,30.333918,77.97186
UK-DDN,2022-01-13,10.2,16.1,6.1,84,100,0.0,0.0,6.0,314,11.95,1.81,941.2,7.4,652.0,30.333918,77.97186
UK-DDN,2022-01-14,9.5,16.2,5.4,83,99,0.0,0.0,7.8,314,12.38,1.86,941.5,6.5,652.0,30.333918,77.97186
UK-DDN,2022-01-15,9.5,16.5,4.2,80,100,0.0,0.0,8.7,317,13.13,1.97,942.3,5.9,652.0,30.333918,77.97186
UK-DDN,2022-01-16,10.3,16.2,5.4,75,99,0.0,0.0,10.4,293,12.41,2.01,943.1,5.7,652.0,30.333918,77.97186
UK-DDN,2022-01-17,9.8,13.9,7.1,90,100,0.3,0.3,8.4,290,7.6,1.15,944.2,8.2,652.0,30.333918,77.97186
UK-DDN,2022-01-18,10.5,16.2,7.3,85,100,0.0,0.0,7.3,289,13.13,1.93,941.7,7.9,652.0,30.333918,77.97186
UK-DDN,2022-01-19,11.2,17.0,6.4,82,100,2.1,2.1,6.6,307,9.44,1.54,939.5,8.1,652.0,30.333918,77.97186
UK-DDN,2022-01-20,11.4,15.4,8.4,87,98,2.2,2.2,7.9,302,9.7,1.49,936.6,9.1,652.0,30.333918,77.97186
UK-DDN,2022-01-21,11.7,16.3,7.6,74,88,0.0,0.0,10.2,66,11.81,1.92,936.8,7.1,652.0,30.333918,77.97186
UK-DDN,2022-01-22,9.8,11.6,7.2,80,91,8.2,8.2,9.5,95,3.39,0.76,933.2,6.6,652.0,30.333918,77.97186
UK-DDN,2022-01-23,9.7,11.5,8.4,90,94,14.8,14.8,10.1,321,2.12,0.5,934.8,8.1,652.0,30.333918,77.97186
UK-DDN,2022-01-24,9.4,12.0,7.4,91,100,2.8,2.8,7.9,117,7.29,1.06,937.8,8.0,652.0,30.333918,77.97186
UK-DDN,2022-01-25,9.2,15.0,4.9,86,99,0.2,0.2,7.7,314,10.82,1.63,938.0,6.6,652.0,30.333918,77.97186
UK-DDN,2022-01-26,8.7,13.5,4.9,86,98,0.3,0.3,9.4,308,11.28,1.62,938.7,6.4,652.0,30.333918,77.97186
UK-DDN,2022-01-27,8.2,14.2,3.3,84,97,0.0,0.0,9.9,7,13.28,1.89,939.2,5.3,652.0,30.333918,77.97186
UK-DDN,2022-01-28,8.3,15.0,2.1,81,99,0.0,0.0,7.9,157,14.17,2.05,938.9,5.0,652.0,30.333918,77.97186
UK-DDN,2022-01-29,9.3,15.8,4.4,82,97,0.0,0.0,8.4,318,14.49,2.1,939.7,6.2,652.0,30.333918,77.97186
UK-DDN,2022-01-30,11.2,18.2,5.0,77,95,0.0,0.0,10.2,136,14.72,2.32,935.2,7.2,652.0,30.333918,77.97186
UK-DDN,2022-01-31,11.6,16.7,7.6,82,96,0.0,0.0,8.3,123,14.63,2.17,936.6,8.5,652.0,30.333918,77.97186
UK-DDN,2022-02-01,10.3,17.0,6.1,84,96,0.0,0.0,12.2,331,14.46,2.17,935.1,7.5,652.0,30.333918,77.97186
UK-DDN,2022-02-02,10.2,16.0,4.6,79,94,0.4,0.4,8.7,90,11.71,1.85,935.3,6.5,652.0,30.333918,77.97186
UK-DDN,2022-02-03,9.6,11.9,7.0,89,98,14.8,14.8,11.8,317,3.33,0.64,933.3,7.9,652.0,30.333918,77.97186
UK-DDN,2022-02-04,8.7,10.0,7.1,89,97,18.3,18.3,9.2,334,2.86,0.61,934.4,6.9,652.0,30.333918,77.97186
UK-DDN,2022-02-05,8.6,14.7,2.9,83,97,0.0,0.0,9.9,311,14.76,2.11,937.6,5.7,652.0,30.333918,77.97186
UK-DDN,2022-02-06,10.1,16.7,4.7,81,95,0.0,0.0,8.3,304,15.37,2.29,939.8,6.8,652.0,30.333918,77.97186
UK-DDN,2022-02-07,11.2,18.0,6.3,82,96,0.0,0.0,8.6,330,15.51,2.43,939.6,7.8,652.0,30.333918,77.97186
UK-DDN,2022-02-08,11.9,18.9,6.3,76,94,0.3,0.3,8.9,20,15.72,2.59,938.2,7.6,652.0,30.333918,77.97186
UK-DDN,2022-02-09,11.0,15.6,6.3,76,92,0.8,0.8,9.5,44,9.54,1.66,939.7,6.8,652.0,30.333918,77.97186
UK-DDN,2022-02-10,9.8,16.0,4.8,78,97,0.0,0.0,11.0,329,16.21,2.44,940.7,5.8,652.0,30.333918,77.97186
UK-DDN,2022-02-11,10.0,17.2,3.7,78,94,0.0,0.0,8.8,288,16.6,2.55,938.5,6.0,652.0,30.333918,77.97186
UK-DDN,2022-02-12,11.3,18.9,4.9,75,94,0.0,0.0,9.2,298,16.84,2.68,937.8,6.8,652.0,30.333918,77.97186
UK-DDN,2022-02-13,11.7,18.5,6.3,79,95,0.0,0.0,6.9,23,16.35,2.62,937.9,7.8,652.0,30.333918,77.97186
UK-DDN,2022-02-14,11.9,19.1,6.5,81,98,0.0,0.0,9.0,327,16.42,2.65,938.3,8.5,652.0,30.333918,77.97186
UK-DDN,2022-02-15,12.5,19.1,7.5,77,93,0.0,0.0,9.8,347,16.35,2.7,938.4,8.2,652.0,30.333918,77.97186
UK-DDN,2022-02-16,12.7,19.6,6.7,73,92,0.0,0.0,10.8,340,16.86,2.83,936.0,7.4,652.0,30.333918,77.97186
UK-DDN,2022-02-17,12.7,20.4,6.2,64,89,0.0,0.0,12.0,339,17.75,3.16,935.6,5.4,652.0,30.333918,77.97186
UK-DDN,2022-02-18,12.4,20.6,5.8,63,80,0.0,0.0,9.8,343,17.94,3.13,936.8,5.1,652.0,30.333918,77.97186
UK-DDN,2022-02-19,13.0,19.9,6.5,63,85,0.0,0.0,13.0,314,17.7,3.08,937.7,5.7,652.0,30.333918,77.97186
UK-DDN,2022-02-20,12.7,19.6,6.9,63,85,0.0,0.0,17.4,300,17.61,3.04,932.0,5.3,652.0,30.333918,77.97186
UK-DDN,2022-02-21,12.6,19.9,5.8,69,87,0.0,0.0,7.1,348,18.22,3.05,933.0,6.7,652.0,30.333918,77.97186
UK-DDN,2022-02-22,14.6,22.1,8.6,63,80,0.2,0.2,12.6,115,17.42,3.26,937.2,7.1,652.0,30.333918,77.97186
UK-DDN,2022-02-23,15.7,21.6,11.2,67,86,10.9,10.9,14.6,59,16.16,3.16,941.0,9.0,652.0,30.333918,77.97186
UK-DDN,2022-02-24,14.3,20.9,9.2,72,89,0.4,0.4,6.6,22,15.3,2.74,941.3,8.8,652.0,30.333918,77.97186
UK-DDN,2022-02-25,13.8,20.3,7.6,64,91,0.0,0.0,7.6,19,17.76,3.13,941.9,6.5,652.0,30.333918,77.97186
UK-DDN,2022-02-26,12.3,15.4,9.7,73,88,16.1,16.1,12.1,15,6.02,1.32,943.1,7.5,652.0,30.333918,77.97186
UK-DDN,2022-02-27,12.9,19.9,7.3,70,93,0.8,0.8,8.6,311,18.75,3.2,942.7,6.8,652.0,30.333918,77.97186
UK-DDN,2022-02-28,13.4,21.5,5.9,66,82,0.0,0.0,10.2,299,18.92,3.31,940.4,6.6,652.0,30.333918,77.97186
UK-DDN,2022-03-01,15.5,22.2,9.4,68,86,1.1,1.1,8.6,329,18.09,3.3,941.4,9.2,652.0,30.333918,77.97186
UK-DDN,2022-03-02,15.6,23.3,9.7,66,83,0.0,0.0,9.8,331,18.61,3.46,941.5,8.7,652.0,30.333918,77.97186
UK-DDN,2022-03-03,15.0,21.9,10.0,67,83,0.0,0.0,16.5,29,13.85,2.74,941.0,8.4,652.0,30.333918,77.97186
UK-DDN,2022-03-04,15.5,22.9,9.7,63,83,0.0,0.0,8.2,319,18.0,3.44,941.0,7.7,652.0,30.333918,77.97186
UK-DDN,2022-03-05,15.6,23.5,8.5,66,83,0.0,0.0,11.5,302,20.06,3.69,938.8,8.8,652.0,30.333918,77.97186
UK-DDN,2022-03-06,17.6,21.9,13.1,68,85,0.0,0.0,10.6,84,13.55,2.64,939.1,11.6,652.0,30.333918,77.97186
UK-DDN,2022-03-07,18.1,24.3,13.1,66,82,0.0,0.0,7.8,329,15.58,3.09,941.5,11.3,652.0,30.333918,77.97186
UK-DDN,2022-03-08,18.2,26.4,11.0,58,80,0.0,0.0,9.3,319,20.26,4.06,939.9,9.3,652.0,30.333918,77.97186
UK-DDN,2022-03-09,18.8,27.2,11.4,53,69,0.0,0.0,12.4,310,20.66,4.36,938.5,8.5,652.0,30.333918,77.97186
UK-DDN,2022-03-10,18.7,26.6,11.2,57,84,0.0,0.0,9.5,332,19.41,3.96,938.3,9.4,652.0,30.333918,77.97186
UK-DDN,2022-03-11,18.6,26.6,12.5,66,84,0.0,0.0,10.4,314,19.48,3.96,938.5,11.6,652.0,30.333918,77.97186
UK-DDN,2022-03-12,19.3,27.5,12.2,62,82,0.0,0.0,11.3,316,21.05,4.32,937.4,10.9,652.0,30.333918,77.97186
UK-DDN,2022-03-13,21.0,27.8,13.6,61,88,0.0,0.0,9.1,342,20.75,4.26,937.9,12.8,652.0,30.333918,77.97186
UK-DDN,2022-03-14,21.0,28.3,14.7,71,89,0.0,0.0,9.3,336,20.69,4.17,937.9,15.1,652.0,30.333918,77.97186
UK-DDN,2022-03-15,22.2,29.0,16.4,73,93,0.0,0.0,11.4,305,20.73,4.24,935.5,16.7,652.0,30.333918,77.97186
UK-DDN,2022-03-16,22.8,29.9,16.8,70,88,0.0,0.0,7.4,45,21.23,4.38,933.0,16.6,652.0,30.333918,77.97186
UK-DDN,2022-03-17,23.6,29.7,17.3,70,87,0.0,0.0,8.5,92,19.67,4.15,935.6,17.4,652.0,30.333918,77.97186
UK-DDN,2022-03-18,24.1,30.7,17.8,72,94,0.0,0.0,6.2,15,19.39,4.09,936.8,18.1,652.0,30.333918,77.97186
UK-DDN,2022-03-19,23.4,30.4,17.6,71,94,0.0,0.0,11.2,344,19.99,4.31,934.6,17.2,652.0,30.333918,77.97186
UK-DDN,2022-03-20,23.5,32.2,17.3,61,80,0.1,0.1,11.3,2,21.07,4.66,933.2,14.5,652.0,30.333918,77.97186
UK-DDN,2022-03-21,22.3,31.2,14.2,54,78,0.0,0.0,13.0,322,22.15,4.9,934.3,11.2,652.0,30.333918,77.97186
UK-DDN,2022-03-22,21.9,29.9,13.9,55,73,0.0,0.0,10.9,272,22.44,4.85,933.8,11.7,652.0,30.333918,77.97186
UK-DDN,2022-03-23,23.4,30.2,16.1,49,75,0.0,0.0,13.4,16,22.31,5.09,934.7,11.5,652.0,30.333918,77.97186
UK-DDN,2022-03-24,22.2,29.3,14.6,49,72,0.0,0.0,7.5,27,20.64,4.38,933.7,10.1,652.0,30.333918,77.97186
UK-DDN,2022-03-25,21.2,29.5,14.4,47,69,0.0,0.0,18.4,309,22.76,5.22,933.7,8.6,652.0,30.333918,77.97186
UK-DDN,2022-03-26,20.9,28.5,13.9,53,73,0.0,0.0,10.9,302,22.98,4.92,934.8,10.3,652.0,30.333918,77.97186
UK-DDN,2022-03-27,22.1,30.3,14.4,53,76,0.0,0.0,12.0,350,23.12,5.03,935.3,11.3,652.0,30.333918,77.97186
UK-DDN,2022-03-28,22.8,30.8,15.2,51,69,0.0,0.0,12.9,317,23.12,5.11,935.3,11.7,652.0,30.333918,77.97186
UK-DDN,2022-03-29,24.3,31.8,18.1,43,63,0.0,0.0,13.3,344,23.4,5.42,933.5,10.5,652.0,30.333918,77.97186
UK-DDN,2022-03-30,23.9,31.1,14.6,48,72,0.0,0.0,9.7,106,23.48,5.25,934.4,11.4,652.0,30.333918,77.97186
UK-DDN,2022-03-31,23.5,32.3,15.2,51,72,0.0,0.0,12.6,330,23.25,5.24,935.2,12.0,652.0,30.333918,77.97186
UK-DDN,2022-04-01,23.3,31.0,15.8,49,68,0.0,0.0,10.7,326,23.57,5.29,934.2,11.5,652.0,30.333918,77.97186
UK-DDN,2022-04-02,24.0,31.4,16.9,43,66,0.0,0.0,10.8,29,23.59,5.48,936.5,10.0,652.0,30.333918,77.97186
UK-DDN,2022-04-03,23.5,32.9,15.0,37,63,0.0,0.0,10.2,4,23.89,5.66,936.2,7.2,652.0,30.333918,77.97186
UK-DDN,2022-04-04,23.5,32.0,15.1,37,56,0.0,0.0,10.9,354,24.27,5.76,935.1,7.1,652.0,30.333918,77.97186
UK-DDN,2022-04-05,23.3,31.9,15.7,42,61,0.0,0.0,11.3,342,23.74,5.54,937.8,9.1,652.0,30.333918,77.97186
UK-DDN,2022-04-06,24.0,32.5,16.3,43,61,0.0,0.0,10.8,346,24.07,5.59,937.7,9.8,652.0,30.333918,77.97186
UK-DDN,2022-04-07,24.3,33.5,17.3,43,61,0.0,0.0,12.4,311,23.79,5.66,937.1,10.3,652.0,30.333918,77.97186
UK-DDN,2022-04-08,25.0,33.2,16.3,41,64,0.0,0.0,13.2,293,23.65,5.57,935.1,9.8,652.0,30.333918,77.97186
UK-DDN,2022-04-09,24.5,32.8,17.2,44,62,0.0,0.0,9.9,9,23.36,5.48,933.8,10.9,652.0,30.333918,77.97186
UK-DDN,2022-04-10,25.8,34.1,18.0,37,55,0.0,0.0,13.7,313,24.29,6.04,932.9,9.2,652.0,30.333918,77.97186
UK-DDN,2022-04-11,26.2,34.1,17.6,41,58,0.0,0.0,11.5,278,24.16,5.67,932.5,11.1,652.0,30.333918,77.97186
UK-DDN,2022-04-12,26.6,34.6,19.9,45,71,0.0,0.0,9.0,82,22.29,5.4,933.3,13.0,652.0,30.333918,77.97186
UK-DDN,2022-04-13,25.6,32.0,19.8,47,69,0.0,0.0,13.9,1,20.22,5.0,932.9,12.6,652.0,30.333918,77.97186
UK-DDN,2022-04-14,24.9,32.5,18.2,38,57,0.0,0.0,14.2,348,21.91,5.65,932.0,8.6,652.0,30.333918,77.97186
UK-DDN,2022-04-15,23.9,31.8,16.6,40,57,0.0,0.0,19.6,342,22.67,5.7,931.8,8.4,652.0,30.333918,77.97186
UK-DDN,2022-04-16,24.1,32.4,16.0,38,58,0.0,0.0,13.1,322,24.71,6.09,931.8,7.8,652.0,30.333918,77.97186
UK-DDN,2022-04-17,24.5,33.0,15.9,39,57,0.0,0.0,13.6,316,24.4,5.93,932.6,8.8,652.0,30.333918,77.97186
UK-DDN,2022-04-18,26.3,35.0,16.9,37,58,0.0,0.0,13.7,310,24.21,5.94,934.3,9.4,652.0,30.333918,77.97186
UK-DDN,2022-04-19,27.3,35.5,19.3,35,54,0.0,0.0,18.4,325,23.24,6.52,935.4,9.6,652.0,30.333918,77.97186
UK-DDN,2022-04-20,27.4,35.7,18.9,33,55,0.0,0.0,17.1,300,24.62,6.87,933.8,8.8,652.0,30.333918,77.97186
UK-DDN,2022-04-21,24.5,29.9,19.3,50,75,0.1,0.1,17.6,34,16.21,4.29,935.3,13.1,652.0,30.333918,77.97186
UK-DDN,2022-04-22,24.7,31.7,18.2,42,65,0.0,0.0,13.2,331,24.06,6.07,936.5,9.9,652.0,30.333918,77.97186
UK-DDN,2022-04-23,25.0,33.3,16.1,36,64,0.0,0.0,16.8,302,25.16,6.74,935.7,7.2,652.0,30.333918,77.97186
UK-DDN,2022-04-24,25.6,33.6,17.2,33,54,0.0,0.0,17.9,295,25.32,6.46,933.4,6.9,652.0,30.333918,77.97186
UK-DDN,2022-04-25,26.3,35.3,18.4,34,61,0.0,0.0,17.1,315,24.02,6.19,932.5,8.1,652.0,30.333918,77.97186
UK-DDN,2022-04-26,26.6,34.6,17.9,33,49,0.0,0.0,17.6,297,24.95,6.79,933.7,7.6,652.0,30.333918,77.97186
UK-DDN,2022-04-27,26.7,34.8,18.0,36,54,0.0,0.0,14.8,301,25.17,6.32,933.2,9.6,652.0,30.333918,77.97186
UK-DDN,2022-04-28,27.9,36.3,19.1,35,57,0.0,0.0,16.9,304,22.89,6.23,933.4,9.9,652.0,30.333918,77.97186
UK-DDN,2022-04-29,28.7,37.7,19.8,31,55,0.0,0.0,15.3,310,23.17,6.49,933.0,9.2,652.0,30.333918,77.97186
UK-DDN,2022-04-30,28.5,36.4,20.7,33,54,0.0,0.0,13.7,339,23.45,6.41,930.7,9.8,652.0,30.333918,77.97186
UK-DDN,2022-05-01,26.5,32.2,20.9,47,69,0.0,0.0,10.6,131,21.02,5.07,931.6,13.9,652.0,30.333918,77.97186
UK-DDN,2022-05-02,26.2,31.3,20.8,55,70,0.5,0.5,12.3,104,20.6,4.77,931.9,16.0,652.0,30.333918,77.97186
UK-DDN,2022-05-03,26.2,31.0,21.6,62,79,1.5,1.5,13.5,55,19.6,4.56,933.9,18.1,652.0,30.333918,77.97186
UK-DDN,2022-05-04,25.0,30.6,21.2,64,84,5.4,5.4,20.4,47,18.51,4.28,935.7,17.3,652.0,30.333918,77.97186
UK-DDN,2022-05-05,25.3,31.7,18.2,55,77,0.0,0.0,12.1,303,23.49,5.36,934.6,15.0,652.0,30.333918,77.97186
UK-DDN,2022-05-06,25.3,32.5,18.5,52,72,0.0,0.0,13.3,309,23.79,5.64,934.4,14.1,652.0,30.333918,77.97186
UK-DDN,2022-05-07,25.4,31.1,20.4,56,70,0.4,0.4,7.6,54,23.06,5.12,934.8,15.7,652.0,30.333918,77.97186
UK-DDN,2022-05-08,26.2,32.9,19.4,55,75,0.9,0.9,10.1,84,22.37,5.08,933.7,15.9,652.0,30.333918,77.97186
UK-DDN,2022-05-09,25.7,31.0,20.4,64,78,2.1,2.1,13.0,53,21.64,4.73,934.0,18.1,652.0,30.333918,77.97186
UK-DDN,2022-05-10,25.5,31.1,20.9,69,83,9.2,9.2,13.7,65,20.47,4.47,934.0,19.2,652.0,30.333918,77.97186
UK-DDN,2022-05-11,26.8,33.3,21.0,64,81,0.1,0.1,9.4,333,22.13,4.92,932.1,18.9,652.0,30.333918,77.97186
UK-DDN,2022-05-12,27.1,33.2,21.8,65,83,0.7,0.7,10.5,46,22.48,4.96,931.0,19.7,652.0,30.333918,77.97186
UK-DDN,2022-05-13,28.3,36.8,22.1,57,78,0.0,0.0,15.5,315,22.52,5.62,928.1,18.3,652.0,30.333918,77.97186
UK-DDN,2022-05-14,29.2,36.1,22.7,43,72,0.0,0.0,10.9,101,24.27,6.16,928.1,14.9,652.0,30.333918,77.97186
UK-DDN,2022-05-15,29.1,37.6,22.2,49,69,0.0,0.0,12.8,168,24.36,6.0,929.6,16.8,652.0,30.333918,77.97186
UK-DDN,2022-05-16,28.3,33.8,22.7,55,81,4.3,4.3,12.2,57,21.65,5.24,930.3,18.1,652.0,30.333918,77.97186
UK-DDN,2022-05-17,26.8,32.7,20.4,52,88,0.0,0.0,12.4,307,21.83,5.17,930.5,15.3,652.0,30.333918,77.97186
UK-DDN,2022-05-18,27.4,33.5,21.3,46,60,0.2,0.2,8.5,337,22.15,5.33,932.1,14.2,652.0,30.333918,77.97186
UK-DDN,2022-05-19,28.2,35.0,20.6,47,70,0.0,0.0,13.0,323,22.8,5.67,931.5,15.0,652.0,30.333918,77.97186
UK-DDN,2022-05-20,28.4,34.8,21.7,41,59,0.0,0.0,12.1,340,22.65,5.96,929.0,13.3,652.0,30.333918,77.97186
UK-DDN,2022-05-21,27.2,35.7,21.9,43,58,0.0,0.0,32.1,39,21.62,5.58,927.0,13.0,652.0,30.333918,77.97186
UK-DDN,2022-05-22,25.1,30.5,18.7,55,70,0.5,0.5,14.0,120,22.53,5.13,925.8,15.0,652.0,30.333918,77.97186
UK-DDN,2022-05-23,22.9,28.4,18.4,67,90,10.2,10.2,17.3,96,14.68,3.47,928.7,16.1,652.0,30.333918,77.97186
UK-DDN,2022-05-24,21.2,26.4,18.1,74,93,5.5,5.5,9.5,22,12.53,2.82,933.1,16.0,652.0,30.333918,77.97186
UK-DDN,2022-05-25,23.9,30.6,18.0,61,83,0.0,0.0,7.7,13,23.86,5.12,933.9,15.1,652.0,30.333918,77.97186
UK-DDN,2022-05-26,24.7,30.3,18.8,62,81,1.7,1.7,10.1,315,22.61,4.95,932.3,16.4,652.0,30.333918,77.97186
UK-DDN,2022-05-27,25.7,31.0,20.1,65,81,1.3,1.3,9.7,355,22.92,5.01,929.9,18.3,652.0,30.333918,77.97186
UK-DDN,2022-05-28,27.4,33.6,21.6,64,82,0.0,0.0,9.5,147,22.91,5.16,928.7,19.6,652.0,30.333918,77.97186
UK-DDN,2022-05-29,27.4,33.2,22.1,64,82,0.0,0.0,10.0,232,22.62,5.21,929.2,19.6,652.0,30.333918,77.97186
UK-DDN,2022-05-30,27.7,33.5,22.1,64,87,0.5,0.5,8.9,124,22.76,5.27,930.5,19.6,652.0,30.333918,77.97186
UK-DDN,2022-05-31,28.1,34.7,20.9,55,84,0.0,0.0,11.7,281,21.33,5.29,930.0,17.1,652.0,30.333918,77.97186
UK-DDN,2022-06-01,28.5,36.5,20.3,41,70,0.0,0.0,20.9,284,25.31,6.9,929.7,12.0,652.0,30.333918,77.97186
UK-DDN,2022-06-02,29.2,37.6,21.1,28,48,0.0,0.0,21.7,293,26.16,7.68,929.3,7.3,652.0,30.333918,77.97186
UK-DDN,2022-06-03,29.7,37.5,21.7,26,49,0.0,0.0,19.6,290,26.27,7.59,928.8,7.2,652.0,30.333918,77.97186
UK-DDN,2022-06-04,30.0,38.4,21.0,27,49,0.0,0.0,19.9,290,25.8,7.63,929.2,7.4,652.0,30.333918,77.97186
UK-DDN,2022-06-05,30.3,38.9,21.2,28,46,0.0,0.0,16.2,303,26.12,7.23,929.6,8.4,652.0,30.333918,77.97186
UK-DDN,2022-06-06,31.0,39.0,22.2,30,45,0.0,0.0,15.0,237,25.64,7.18,929.3,10.4,652.0,30.333918,77.97186
UK-DDN,2022-06-07,31.2,38.5,23.3,32,55,0.0,0.0,15.6,285,23.45,6.74,928.7,11.5,652.0,30.333918,77.97186
UK-DDN,2022-06-08,31.5,38.8,24.9,30,50,0.0,0.0,19.8,283,25.19,7.8,928.1,10.8,652.0,30.333918,77.97186
UK-DDN,2022-06-09,31.4,38.6,24.1,30,50,0.0,0.0,12.1,75,24.21,6.61,927.4,10.9,652.0,30.333918,77.97186
UK-DDN,2022-06-10,31.6,38.4,24.7,31,48,0.0,0.0,24.9,306,24.19,7.32,928.1,11.5,652.0,30.333918,77.97186
UK-DDN,2022-06-11,31.4,39.0,24.0,34,52,0.0,0.0,28.2,266,24.21,7.25,928.0,12.8,652.0,30.333918,77.97186
UK-DDN,2022-06-12,31.2,38.2,25.2,36,54,0.0,0.0,16.2,181,24.03,6.88,929.7,13.4,652.0,30.333918,77.97186
UK-DDN,2022-06-13,32.1,39.7,23.6,33,56,0.0,0.0,21.2,290,24.6,7.73,930.4,12.7,652.0,30.333918,77.97186
UK-DDN,2022-06-14,32.0,39.2,24.7,34,55,0.0,0.0,21.6,255,23.93,7.37,929.6,13.3,652.0,30.333918,77.97186
UK-DDN,2022-06-15,32.0,39.1,25.1,43,69,0.0,0.0,21.3,270,24.32,7.24,928.8,16.7,652.0,30.333918,77.97186
UK-DDN,2022-06-16,29.6,35.6,25.6,50,62,0.4,0.4,11.2,313,21.47,5.47,930.1,17.7,652.0,30.333918,77.97186
UK-DDN,2022-06-17,26.8,33.5,22.1,68,97,3.0,3.0,13.2,250,21.69,4.95,930.4,20.0,652.0,30.333918,77.97186
UK-DDN,2022-06-18,23.4,28.0,21.7,82,94,21.1,21.1,9.9,301,9.73,2.17,930.8,20.1,652.0,30.333918,77.97186
UK-DDN,2022-06-19,25.5,31.1,20.1,69,88,0.0,0.0,8.3,252,20.61,4.55,930.1,19.1,652.0,30.333918,77.97186
UK-DDN,2022-06-20,25.1,30.7,20.7,71,94,0.8,0.8,8.0,295,21.69,4.56,928.8,19.2,652.0,30.333918,77.97186
UK-DDN,2022-06-21,24.9,30.0,21.1,67,85,0.1,0.1,12.1,130,15.69,3.69,928.9,18.1,652.0,30.333918,77.97186
UK-DDN,2022-06-22,26.4,32.6,20.8,62,84,0.0,0.0,17.9,294,23.91,5.59,933.0,18.1,652.0,30.333918,77.97186
UK-DDN,2022-06-23,28.1,34.6,21.6,58,78,0.0,0.0,13.8,238,24.12,5.82,932.9,18.4,652.0,30.333918,77.97186
UK-DDN,2022-06-24,28.4,34.4,22.6,54,77,0.0,0.0,11.4,242,24.99,5.97,930.9,17.6,652.0,30.333918,77.97186
UK-DDN,2022-06-25,29.6,35.5,23.3,48,68,0.0,0.0,11.9,134,24.77,6.41,929.7,16.8,652.0,30.333918,77.97186
UK-DDN,2022-06-26,29.3,34.2,24.7,60,76,0.5,0.5,11.0,146,22.67,5.31,931.6,20.5,652.0,30.333918,77.97186
UK-DDN,2022-06-27,28.5,33.1,24.3,74,96,4.2,4.2,8.0,138,21.12,4.7,932.3,22.9,652.0,30.333918,77.97186
UK-DDN,2022-06-28,27.8,33.2,23.8,80,97,10.6,10.6,9.7,299,17.7,3.98,929.4,23.7,652.0,30.333918,77.97186
UK-DDN,2022-06-29,25.8,29.2,23.5,87,97,19.9,19.9,9.0,130,13.24,2.84,927.3,23.5,652.0,30.333918,77.97186
UK-DDN,2022-06-30,23.5,25.1,22.7,94,99,67.8,67.8,15.8,129,4.42,1.05,929.1,22.5,652.0,30.333918,77.97186
UK-DDN,2022-07-01,25.6,29.9,22.7,83,94,2.3,2.3,6.6,297,15.05,3.23,929.6,22.4,652.0,30.333918,77.97186
UK-DDN,2022-07-02,26.4,30.3,23.7,84,96,2.9,2.9,8.2,116,17.38,3.68,928.5,23.3,652.0,30.333918,77.97186
UK-DDN,2022-07-03,26.5,30.1,22.7,83,97,14.1,14.1,6.6,209,18.95,4.01,929.7,23.3,652.0,30.333918,77.97186
UK-DDN,2022-07-04,26.9,30.8,23.7,82,96,19.2,19.2,7.4,106,19.95,4.26,929.1,23.4,652.0,30.333918,77.97186
UK-DDN,2022-07-05,27.4,31.6,24.5,82,91,1.6,1.6,8.4,131,18.44,4.01,929.3,23.9,652.0,30.333918,77.97186
UK-DDN,2022-07-06,27.9,31.8,24.0,78,92,7.0,7.0,10.0,114,20.65,4.46,932.3,23.6,652.0,30.333918,77.97186
UK-DDN,2022-07-07,27.7,31.4,24.1,78,94,21.0,21.0,4.7,25,21.11,4.5,934.0,23.4,652.0,30.333918,77.97186
UK-DDN,2022-07-08,27.1,31.1,24.3,81,94,25.2,25.2,7.1,9,18.85,4.07,931.4,23.6,652.0,30.333918,77.97186
UK-DDN,2022-07-09,25.0,26.7,23.8,90,94,23.2,23.2,13.7,118,9.05,1.89,929.5,23.2,652.0,30.333918,77.97186
UK-DDN,2022-07-10,25.8,28.9,23.5,83,95,2.7,2.7,6.0,43,10.89,2.41,930.7,22.6,652.0,30.333918,77.97186
UK-DDN,2022-07-11,27.6,31.4,23.4,77,90,2.5,2.5,7.3,269,22.41,4.82,930.9,22.9,652.0,30.333918,77.97186
UK-DDN,2022-07-12,26.3,29.5,24.1,85,95,10.4,10.4,7.4,166,19.71,4.04,930.4,23.6,652.0,30.333918,77.97186
UK-DDN,2022-07-13,27.1,30.7,24.1,77,91,1.0,1.0,11.8,122,18.91,4.14,928.9,22.6,652.0,30.333918,77.97186
UK-DDN,2022-07-14,26.9,31.3,23.1,79,94,2.8,2.8,7.7,281,19.35,4.14,929.0,22.8,652.0,30.333918,77.97186
UK-DDN,2022-07-15,27.3,31.7,23.3,75,87,0.9,0.9,9.5,290,22.37,4.81,930.9,22.4,652.0,30.333918,77.97186
UK-DDN,2022-07-16,27.9,32.6,23.7,74,92,1.4,1.4,11.2,319,22.04,4.78,931.5,22.7,652.0,30.333918,77.97186
UK-DDN,2022-07-17,27.5,31.9,24.1,81,95,8.5,8.5,10.5,4,21.03,4.54,933.2,23.7,652.0,30.333918,77.97186
UK-DDN,2022-07-18,27.9,31.8,23.7,78,92,1.2,1.2,8.7,283,22.17,4.77,931.7,23.4,652.0,30.333918,77.97186
UK-DDN,2022-07-19,26.5,29.3,24.1,87,97,8.9,8.9,8.8,270,14.99,3.16,930.3,24.0,652.0,30.333918,77.97186
UK-DDN,2022-07-20,24.9,29.0,22.7,91,99,43.4,43.4,10.0,152,12.33,2.56,929.5,23.2,652.0,30.333918,77.97186
UK-DDN,2022-07-21,25.0,28.8,22.0,87,98,7.9,7.9,8.6,142,14.86,3.12,931.9,22.6,652.0,30.333918,77.97186
UK-DDN,2022-07-22,25.8,29.6,22.8,86,97,9.6,9.6,8.8,225,16.66,3.49,933.6,23.2,652.0,30.333918,77.97186
UK-DDN,2022-07-23,26.3,29.8,23.7,83,97,5.5,5.5,6.4,348,14.75,3.17,932.9,23.1,652.0,30.333918,77.97186
UK-DDN,2022-07-24,27.0,30.8,23.3,79,91,2.0,2.0,8.0,38,19.56,4.2,932.6,22.8,652.0,30.333918,77.97186
UK-DDN,2022-07-25,26.3,30.2,23.4,80,92,2.8,2.8,10.1,38,18.53,3.94,934.7,22.5,652.0,30.333918,77.97186
UK-DDN,2022-07-26,25.7,29.1,23.6,84,93,2.4,2.4,6.2,21,16.62,3.45,935.4,22.7,652.0,30.333918,77.97186
UK-DDN,2022-07-27,25.2,28.7,22.5,87,98,16.8,16.8,8.5,109,14.28,2.99,935.0,22.8,652.0,30.333918,77.97186
UK-DDN,2022-07-28,25.2,28.8,23.2,87,97,10.3,10.3,8.7,140,17.0,3.48,935.5,22.8,652.0,30.333918,77.97186
UK-DDN,2022-07-29,24.3,26.7,22.5,93,99,15.0,15.0,8.3,137,12.37,2.49,934.2,23.0,652.0,30.333918,77.97186
UK-DDN,2022-07-30,24.0,27.5,22.5,94,100,21.0,21.0,8.9,162,10.2,2.08,932.4,22.9,652.0,30.333918,77.97186
UK-DDN,2022-07-31,23.5,25.3,22.4,95,99,51.7,51.7,7.6,144,4.08,0.95,930.2,22.7,652.0,30.333918,77.97186
UK-DDN,2022-08-01,24.9,28.1,22.5,90,98,16.2,16.2,10.2,239,15.81,3.19,930.3,23.0,652.0,30.333918,77.97186
UK-DDN,2022-08-02,25.8,30.5,22.6,87,100,5.2,5.2,9.2,162,20.27,4.18,929.9,23.3,652.0,30.333918,77.97186
UK-DDN,2022-08-03,24.9,29.0,22.3,90,98,7.1,7.1,10.5,137,14.71,2.98,931.9,23.1,652.0,30.333918,77.97186
UK-DDN,2022-08-04,25.2,28.0,23.3,87,95,2.5,2.5,7.4,105,11.12,2.34,933.0,22.7,652.0,30.333918,77.97186
UK-DDN,2022-08-05,25.4,29.8,23.2,86,98,16.9,16.9,11.2,70,17.41,3.56,931.6,22.9,652.0,30.333918,77.97186
UK-DDN,2022-08-06,26.8,30.3,23.2,79,97,1.2,1.2,7.9,197,20.91,4.41,929.5,22.8,652.0,30.333918,77.97186
UK-DDN,2022-08-07,24.2,26.7,22.5,93,100,34.4,34.4,10.4,135,10.92,2.18,929.7,23.0,652.0,30.333918,77.97186
UK-DDN,2022-08-08,27.9,32.3,24.1,78,94,0.0,0.0,8.9,299,19.83,4.37,929.6,23.4,652.0,30.333918,77.97186
UK-DDN,2022-08-09,27.9,32.6,25.0,79,93,2.4,2.4,8.3,299,19.98,4.35,929.7,23.8,652.0,30.333918,77.97186
UK-DDN,2022-08-10,27.3,30.5,24.7,78,92,4.6,4.6,9.7,105,19.93,4.3,928.3,22.9,652.0,30.333918,77.97186
UK-DDN,2022-08-11,25.6,28.1,24.0,86,96,15.2,15.2,13.2,324,6.83,1.73,930.6,23.0,652.0,30.333918,77.97186
UK-DDN,2022-08-12,27.3,31.2,23.7,73,91,0.2,0.2,10.3,289,19.74,4.4,930.4,21.8,652.0,30.333918,77.97186
UK-DDN,2022-08-13,27.2,29.9,23.8,81,92,1.4,1.4,8.1,272,19.77,4.13,930.1,23.4,652.0,30.333918,77.97186
UK-DDN,2022-08-14,26.1,31.3,23.6,86,97,19.5,19.5,11.5,74,16.42,3.44,931.8,23.4,652.0,30.333918,77.97186
UK-DDN,2022-08-15,25.3,27.1,23.7,84,92,2.0,2.0,13.7,316,7.71,1.91,933.1,22.3,652.0,30.333918,77.97186
UK-DDN,2022-08-16,26.4,29.9,23.5,73,90,1.0,1.0,6.6,94,14.61,3.22,932.9,21.1,652.0,30.333918,77.97186
UK-DDN,2022-08-17,25.7,29.7,22.6,84,96,1.2,1.2,9.3,123,20.94,4.25,933.3,22.6,652.0,30.333918,77.97186
UK-DDN,2022-08-18,26.4,30.6,22.5,81,93,2.5,2.5,9.4,282,21.2,4.45,931.5,22.7,652.0,30.333918,77.97186
UK-DDN,2022-08-19,25.3,29.0,23.2,91,100,34.1,34.1,11.5,259,15.81,3.16,930.8,23.6,652.0,30.333918,77.97186
UK-DDN,2022-08-20,23.1,24.7,22.5,97,100,66.5,66.5,8.1,160,3.43,0.8,932.2,22.7,652.0,30.333918,77.97186
UK-DDN,2022-08-21,26.4,31.2,21.6,79,98,0.6,0.6,12.8,134,21.58,4.55,930.6,22.2,652.0,30.333918,77.97186
UK-DDN,2022-08-22,26.0,29.4,22.6,82,94,1.7,1.7,10.7,144,20.44,4.18,929.6,22.6,652.0,30.333918,77.97186
UK-DDN,2022-08-23,26.6,32.4,23.3,82,93,1.2,1.2,8.8,129,20.67,4.33,932.1,23.1,652.0,30.333918,77.97186
UK-DDN,2022-08-24,25.6,28.7,23.2,86,94,3.9,3.9,8.0,120,12.57,2.63,935.4,23.0,652.0,30.333918,77.97186
UK-DDN,2022-08-25,26.0,30.6,22.6,83,93,1.1,1.1,8.4,292,21.25,4.36,934.1,22.7,652.0,30.333918,77.97186
UK-DDN,2022-08-26,26.6,31.2,22.8,81,97,0.2,0.2,11.9,272,22.0,4.64,932.8,22.8,652.0,30.333918,77.97186
UK-DDN,2022-08-27,26.2,30.5,22.6,85,99,2.5,2.5,13.7,257,20.93,4.36,931.5,23.3,652.0,30.333918,77.97186
UK-DDN,2022-08-28,25.4,29.2,22.1,90,100,7.9,7.9,9.6,165,16.95,3.44,932.2,23.5,652.0,30.333918,77.97186
UK-DDN,2022-08-29,24.3,28.4,21.5,90,100,16.2,16.2,9.9,163,13.73,2.82,936.3,22.5,652.0,30.333918,77.97186
UK-DDN,2022-08-30,25.6,30.0,22.5,85,100,1.3,1.3,12.7,274,21.38,4.35,936.9,22.8,652.0,30.333918,77.97186
UK-DDN,2022-08-31,26.1,30.7,23.0,83,94,4.1,4.1,14.6,232,20.74,4.32,934.2,22.9,652.0,30.333918,77.97186
UK-DDN,2022-09-01,26.3,30.7,23.1,83,94,1.7,1.7,10.9,156,20.83,4.39,934.2,23.0,652.0,30.333918,77.97186
UK-DDN,2022-09-02,25.2,28.8,23.3,87,96,4.7,4.7,11.8,360,16.38,3.35,935.7,22.7,652.0,30.333918,77.97186
UK-DDN,2022-09-03,25.3,29.2,21.8,83,94,2.6,2.6,11.2,313,18.74,3.82,932.8,22.1,652.0,30.333918,77.97186
UK-DDN,2022-09-04,25.5,29.9,22.5,80,94,2.7,2.7,12.8,11,19.87,4.08,931.9,21.8,652.0,30.333918,77.97186
UK-DDN,2022-09-05,25.7,30.3,21.9,77,88,0.3,0.3,8.0,311,21.34,4.48,933.6,21.1,652.0,30.333918,77.97186
UK-DDN,2022-09-06,25.6,31.0,21.2,77,93,0.2,0.2,10.3,322,22.09,4.67,934.6,21.0,652.0,30.333918,77.97186
UK-DDN,2022-09-07,25.6,31.0,20.8,76,90,0.0,0.0,9.0,314,22.22,4.72,936.3,20.6,652.0,30.333918,77.97186
UK-DDN,2022-09-08,25.9,31.1,21.1,77,91,0.1,0.1,7.1,94,21.44,4.49,937.6,21.2,652.0,30.333918,77.97186
UK-DDN,2022-09-09,25.7,30.6,22.6,82,93,1.2,1.2,7.3,44,19.69,4.05,937.5,22.2,652.0,30.333918,77.97186
UK-DDN,2022-09-10,25.1,29.1,22.1,83,95,6.0,6.0,6.8,163,19.21,3.87,936.7,22.0,652.0,30.333918,77.97186
UK-DDN,2022-09-11,25.3,30.1,21.7,79,97,8.0,8.0,7.9,62,20.33,4.16,934.7,21.2,652.0,30.333918,77.97186
UK-DDN,2022-09-12,25.8,30.7,22.1,73,89,0.0,0.0,10.9,323,21.0,4.58,932.8,20.3,652.0,30.333918,77.97186
UK-DDN,2022-09-13,25.4,30.3,21.8,79,97,0.1,0.1,12.2,306,18.06,3.84,933.4,21.4,652.0,30.333918,77.97186
UK-DDN,2022-09-14,24.4,27.6,22.2,87,98,0.9,0.9,7.4,274,9.79,2.05,934.1,22.1,652.0,30.333918,77.97186
UK-DDN,2022-09-15,23.6,27.9,22.1,92,99,10.0,10.0,11.3,303,8.12,1.73,932.3,22.1,652.0,30.333918,77.97186
UK-DDN,2022-09-16,22.8,24.5,21.5,93,98,1.3,1.3,10.5,303,5.17,1.18,929.0,21.5,652.0,30.333918,77.97186
UK-DDN,2022-09-17,23.9,28.1,21.4,88,97,1.1,1.1,6.7,147,10.54,2.15,931.3,21.7,652.0,30.333918,77.97186
UK-DDN,2022-09-18,24.2,28.8,19.9,84,100,1.8,1.8,6.5,153,18.71,3.75,934.1,21.0,652.0,30.333918,77.97186
UK-DDN,2022-09-19,24.8,28.7,21.3,82,94,0.6,0.6,6.5,44,16.66,3.41,934.7,21.3,652.0,30.333918,77.97186
UK-DDN,2022-09-20,25.5,30.2,22.2,79,91,1.3,1.3,12.6,48,17.8,3.7,934.9,21.4,652.0,30.333918,77.97186
UK-DDN,2022-09-21,25.5,30.3,22.5,79,96,0.7,0.7,17.0,347,15.66,3.41,934.7,21.4,652.0,30.333918,77.97186
UK-DDN,2022-09-22,24.9,28.1,22.8,82,96,0.4,0.4,12.1,338,13.23,2.81,934.0,21.5,652.0,30.333918,77.97186
UK-DDN,2022-09-23,24.4,28.5,22.2,85,98,9.2,9.2,11.1,358,10.84,2.37,933.8,21.6,652.0,30.333918,77.97186
UK-DDN,2022-09-24,22.5,24.0,21.5,92,97,28.9,28.9,10.1,281,4.15,0.98,932.5,21.2,652.0,30.333918,77.97186
UK-DDN,2022-09-25,21.8,24.5,19.7,93,100,73.1,73.1,15.3,144,9.38,1.78,933.9,20.6,652.0,30.333918,77.97186
UK-DDN,2022-09-26,22.9,27.8,18.6,84,96,0.0,0.0,9.1,314,18.53,3.65,936.5,19.8,652.0,30.333918,77.97186
UK-DDN,2022-09-27,23.1,28.3,19.1,82,94,0.2,0.2,7.3,331,18.59,3.71,935.2,19.7,652.0,30.333918,77.97186
UK-DDN,2022-09-28,23.4,28.3,19.3,82,95,0.1,0.1,8.9,302,18.67,3.72,934.4,20.0,652.0,30.333918,77.97186
UK-DDN,2022-09-29,23.5,28.5,19.3,83,95,0.6,0.6,5.9,58,18.37,3.64,934.5,20.4,652.0,30.333918,77.97186
UK-DDN,2022-09-30,23.6,29.0,19.2,80,94,0.2,0.2,8.3,1,18.94,3.83,934.9,19.8,652.0,30.333918,77.97186
UK-DDN,2022-10-01,23.4,28.5,19.5,82,95,0.5,0.5,6.4,29,18.24,3.64,934.2,20.1,652.0,30.333918,77.97186
UK-DDN,2022-10-02,23.8,28.9,19.7,78,94,0.1,0.1,7.9,330,18.35,3.71,934.5,19.5,652.0,30.333918,77.97186
UK-DDN,2022-10-03,24.4,30.8,19.3,73,88,0.0,0.0,8.4,315,18.96,4.03,934.8,18.7,652.0,30.333918,77.97186
UK-DDN,2022-10-04,24.8,29.3,21.3,74,91,1.5,1.5,7.2,33,17.31,3.68,937.1,19.6,652.0,30.333918,77.97186
UK-DDN,2022-10-05,23.6,28.1,20.1,83,95,1.5,1.5,9.2,333,17.54,3.49,937.0,20.4,652.0,30.333918,77.97186
UK-DDN,2022-10-06,22.7,27.9,19.2,83,97,0.0,0.0,10.8,296,17.88,3.51,937.2,19.5,652.0,30.333918,77.97186
UK-DDN,2022-10-07,21.5,25.3,18.9,88,99,0.7,0.7,8.3,252,11.88,2.35,938.4,19.4,652.0,30.333918,77.97186
UK-DDN,2022-10-08,20.7,21.6,19.6,92,98,8.9,8.9,7.1,313,3.53,0.81,938.8,19.4,652.0,30.333918,77.97186
UK-DDN,2022-10-09,20.5,22.0,19.5,94,100,10.9,10.9,7.7,265,5.34,1.09,938.2,19.4,652.0,30.333918,77.97186
UK-DDN,2022-10-10,21.5,25.6,18.3,87,100,0.5,0.5,10.0,285,15.45,2.98,939.2,19.1,652.0,30.333918,77.97186
UK-DDN,2022-10-11,19.9,24.1,17.2,91,100,25.3,25.3,8.7,214,11.13,2.04,937.9,18.3,652.0,30.333918,77.97186
UK-DDN,2022-10-12,19.9,25.6,15.5,78,94,0.0,0.0,8.0,336,16.86,3.24,938.2,15.5,652.0,30.333918,77.97186
UK-DDN,2022-10-13,20.4,26.7,15.9,72,86,0.0,0.0,6.8,30,17.55,3.45,939.1,14.9,652.0,30.333918,77.97186
UK-DDN,2022-10-14,20.6,27.2,15.4,73,92,0.0,0.0,7.7,26,17.85,3.56,938.8,15.3,652.0,30.333918,77.97186
UK-DDN,2022-10-15,20.6,26.6,15.4,80,94,0.0,0.0,6.8,352,17.65,3.37,938.3,16.8,652.0,30.333918,77.97186
UK-DDN,2022-10-16,20.4,26.5,15.8,83,98,0.0,0.0,7.0,338,16.74,3.22,940.6,17.1,652.0,30.333918,77.97186
UK-DDN,2022-10-17,20.5,26.3,16.1,82,94,0.0,0.0,7.3,47,16.84,3.22,940.6,17.2,652.0,30.333918,77.97186
UK-DDN,2022-10-18,19.8,25.2,16.1,83,94,0.8,0.8,7.6,11,16.05,3.01,939.2,16.7,652.0,30.333918,77.97186
UK-DDN,2022-10-19,19.8,26.0,14.1,70,91,0.0,0.0,6.9,39,16.72,3.25,939.4,13.7,652.0,30.333918,77.97186
UK-DDN,2022-10-20,19.9,26.6,14.7,68,83,0.5,0.5,7.4,32,15.75,3.2,941.1,13.3,652.0,30.333918,77.97186
UK-DDN,2022-10-21,19.0,26.7,13.7,65,86,0.0,0.0,10.5,350,16.91,3.4,942.3,11.8,652.0,30.333918,77.97186
UK-DDN,2022-10-22,19.4,26.8,14.1,64,82,0.0,0.0,7.9,350,16.82,3.41,943.1,11.9,652.0,30.333918,77.97186
UK-DDN,2022-10-23,19.2,27.0,13.0,67,85,0.0,0.0,8.4,345,16.84,3.37,942.0,12.2,652.0,30.333918,77.97186
UK-DDN,2022-10-24,19.3,27.9,13.8,60,80,0.0,0.0,10.0,338,17.05,3.61,937.6,10.6,652.0,30.333918,77.97186
UK-DDN,2022-10-25,19.1,25.1,12.8,62,87,0.0,0.0,8.7,339,16.74,3.34,935.3,11.4,652.0,30.333918,77.97186
UK-DDN,2022-10-26,19.4,25.6,13.5,72,94,0.0,0.0,7.8,344,16.28,3.17,939.5,13.9,652.0,30.333918,77.97186
UK-DDN,2022-10-27,18.5,24.8,13.6,79,93,0.0,0.0,5.2,69,16.09,2.95,939.7,14.5,652.0,30.333918,77.97186
UK-DDN,2022-10-28,18.7,25.0,14.1,81,93,0.0,0.0,7.6,34,15.39,2.87,940.0,15.1,652.0,30.333918,77.97186
UK-DDN,2022-10-29,18.3,23.9,13.5,81,94,0.0,0.0,8.7,93,15.13,2.76,940.7,14.9,652.0,30.333918,77.97186
UK-DDN,2022-10-30,18.8,25.3,13.1,82,97,0.0,0.0,7.2,7,15.41,2.86,940.9,15.4,652.0,30.333918,77.97186
UK-DDN,2022-10-31,19.4,25.8,14.7,79,95,0.0,0.0,7.0,343,15.23,2.9,941.0,15.4,652.0,30.333918,77.97186
UK-DDN,2022-11-01,19.3,25.6,14.1,78,91,0.4,0.4,7.7,28,15.12,2.87,941.5,15.0,652.0,30.333918,77.97186
UK-DDN,2022-11-02,19.1,25.4,13.7,76,94,0.0,0.0,9.1,328,15.23,2.88,939.4,14.6,652.0,30.333918,77.97186
UK-DDN,2022-11-03,19.1,25.5,14.4,74,89,0.0,0.0,9.1,328,14.87,2.93,938.5,14.1,652.0,30.333918,77.97186
UK-DDN,2022-11-04,19.0,24.2,13.8,79,93,0.0,0.0,8.8,81,14.24,2.64,940.6,15.1,652.0,30.333918,77.97186
UK-DDN,2022-11-05,18.9,24.7,13.9,82,96,0.0,0.0,7.6,71,14.1,2.61,942.8,15.7,652.0,30.333918,77.97186
UK-DDN,2022-11-06,19.2,25.7,14.1,79,91,0.0,0.0,6.6,352,14.14,2.67,942.8,15.2,652.0,30.333918,77.97186
UK-DDN,2022-11-07,18.8,24.8,14.1,77,87,0.0,0.0,9.2,344,10.95,2.18,941.6,14.6,652.0,30.333918,77.97186
UK-DDN,2022-11-08,18.6,24.5,12.7,68,86,0.0,0.0,8.6,32,13.94,2.79,941.7,12.2,652.0,30.333918,77.97186
UK-DDN,2022-11-09,18.3,23.7,12.8,68,89,0.1,0.1,8.6,51,13.18,2.59,942.1,11.8,652.0,30.333918,77.97186
UK-DDN,2022-11-10,16.0,23.1,11.3,72,89,0.1,0.1,11.0,340,12.55,2.43,942.4,10.6,652.0,30.333918,77.97186
UK-DDN,2022-11-11,16.7,22.7,10.5,65,87,0.0,0.0,7.2,320,14.23,2.62,941.9,9.7,652.0,30.333918,77.97186
UK-DDN,2022-11-12,16.5,22.4,9.9,65,79,0.0,0.0,8.3,317,14.18,2.66,940.9,9.6,652.0,30.333918,77.97186
UK-DDN,2022-11-13,16.0,22.3,8.9,64,79,0.0,0.0,8.5,341,14.0,2.64,939.9,9.0,652.0,30.333918,77.97186
UK-DDN,2022-11-14,17.0,22.4,12.7,71,97,1.3,1.3,8.4,348,9.67,2.02,942.1,11.4,652.0,30.333918,77.97186
UK-DDN,2022-11-15,16.0,23.0,10.9,74,97,0.0,0.0,7.5,348,11.93,2.25,941.0,10.9,652.0,30.333918,77.97186
UK-DDN,2022-11-16,15.8,21.3,12.0,67,81,0.0,0.0,9.7,333,13.34,2.48,939.7,9.4,652.0,30.333918,77.97186
UK-DDN,2022-11-17,13.9,20.6,9.4,77,92,0.0,0.0,9.0,323,13.37,2.24,938.5,9.8,652.0,30.333918,77.97186
UK-DDN,2022-11-18,14.7,21.5,9.2,75,89,0.0,0.0,8.0,7,13.36,2.33,940.5,10.0,652.0,30.333918,77.97186
UK-DDN,2022-11-19,14.7,21.8,9.6,75,90,0.0,0.0,9.2,336,13.08,2.33,941.5,9.8,652.0,30.333918,77.97186
UK-DDN,2022-11-20,16.1,23.2,10.4,69,87,0.0,0.0,9.7,343,13.17,2.49,939.8,10.0,652.0,30.333918,77.97186
UK-DDN,2022-11-21,15.9,23.0,10.4,68,85,0.0,0.0,10.0,338,13.09,2.53,938.6,9.6,652.0,30.333918,77.97186
UK-DDN,2022-11-22,15.8,21.8,9.8,69,91,0.0,0.0,10.7,343,13.06,2.44,938.5,9.9,652.0,30.333918,77.97186
UK-DDN,2022-11-23,15.2,21.4,9.5,75,93,0.0,0.0,7.6,350,12.91,2.28,938.8,10.5,652.0,30.333918,77.97186
UK-DDN,2022-11-24,16.0,21.8,9.1,67,81,0.0,0.0,9.1,359,13.05,2.44,939.1,9.7,652.0,30.333918,77.97186
UK-DDN,2022-11-25,16.2,21.1,12.0,71,86,0.0,0.0,9.1,350,12.59,2.28,942.2,10.8,652.0,30.333918,77.97186
UK-DDN,2022-11-26,16.4,23.3,9.9,70,84,0.0,0.0,7.2,333,12.65,2.37,938.2,10.6,652.0,30.333918,77.97186
UK-DDN,2022-11-27,17.1,22.3,12.5,68,79,0.0,0.0,7.3,9,12.56,2.34,937.1,11.0,652.0,30.333918,77.97186
UK-DDN,2022-11-28,15.8,21.4,10.9,70,82,0.0,0.0,6.6,19,12.36,2.2,938.7,10.0,652.0,30.333918,77.97186
UK-DDN,2022-11-29,15.1,21.1,10.4,78,94,0.0,0.0,7.2,343,12.14,2.12,940.4,11.1,652.0,30.333918,77.97186
UK-DDN,2022-11-30,14.4,20.9,9.6,84,99,0.0,0.0,8.7,346,12.19,2.04,941.1,11.4,652.0,30.333918,77.97186
UK-DDN,2022-12-01,14.9,21.1,9.0,83,96,0.0,0.0,7.3,339,12.19,2.05,940.0,11.8,652.0,30.333918,77.97186
UK-DDN,2022-12-02,15.1,20.5,10.9,82,95,0.0,0.0,7.1,50,11.69,1.96,939.6,11.8,652.0,30.333918,77.97186
UK-DDN,2022-12-03,14.5,20.8,10.4,83,98,0.0,0.0,7.8,342,11.92,2.02,940.1,11.3,652.0,30.333918,77.97186
UK-DDN,2022-12-04,14.1,21.1,9.6,82,99,0.0,0.0,7.3,342,12.14,2.06,940.1,10.8,652.0,30.333918,77.97186
UK-DDN,2022-12-05,12.9,20.0,8.7,81,98,0.0,0.0,8.1,346,12.14,1.99,941.5,9.3,652.0,30.333918,77.97186
UK-DDN,2022-12-06,13.4,20.2,8.4,79,97,0.0,0.0,7.4,7,12.19,2.03,939.7,9.6,652.0,30.333918,77.97186
UK-DDN,2022-12-07,13.3,19.4,7.7,72,92,0.0,0.0,10.5,359,12.17,2.11,938.6,8.3,652.0,30.333918,77.97186
UK-DDN,2022-12-08,14.0,19.6,8.8,67,90,0.0,0.0,8.8,330,11.85,2.06,940.2,7.8,652.0,30.333918,77.97186
UK-DDN,2022-12-09,14.8,21.0,10.3,65,81,0.0,0.0,8.4,4,11.86,2.21,939.6,8.1,652.0,30.333918,77.97186
UK-DDN,2022-12-10,15.0,22.6,9.3,63,79,0.0,0.0,9.8,357,11.33,2.25,939.9,7.7,652.0,30.333918,77.97186
UK-DDN,2022-12-11,14.1,23.4,7.8,59,73,0.0,0.0,8.0,350,12.3,2.4,939.7,5.7,652.0,30.333918,77.97186
UK-DDN,2022-12-12,14.4,23.1,8.0,55,80,0.0,0.0,9.0,354,12.29,2.45,938.6,5.2,652.0,30.333918,77.97186
UK-DDN,2022-12-13,15.6,22.6,8.6,51,79,0.0,0.0,10.1,348,12.28,2.5,939.6,5.0,652.0,30.333918,77.97186
UK-DDN,2022-12-14,14.0,19.0,9.1,59,89,0.0,0.0,10.0,326,12.2,2.19,939.3,5.6,652.0,30.333918,77.97186
UK-DDN,2022-12-15,12.9,17.7,9.4,65,91,0.0,0.0,8.1,338,11.99,1.99,938.5,5.9,652.0,30.333918,77.97186
UK-DDN,2022-12-16,12.8,17.5,9.4,74,95,0.0,0.0,7.2,16,11.89,1.89,937.9,8.0,652.0,30.333918,77.97186
UK-DDN,2022-12-17,12.9,18.2,7.5,76,91,0.0,0.0,8.2,34,11.78,1.89,939.7,8.6,652.0,30.333918,77.97186
UK-DDN,2022-12-18,13.9,18.7,8.9,76,93,0.0,0.0,6.9,42,11.66,1.93,940.9,9.6,652.0,30.333918,77.97186
UK-DDN,2022-12-19,12.3,19.6,7.0,78,96,0.0,0.0,5.8,11,11.74,1.93,938.9,8.2,652.0,30.333918,77.97186
UK-DDN,2022-12-20,11.5,19.2,7.1,78,93,0.0,0.0,8.9,338,10.72,1.79,937.5,7.5,652.0,30.333918,77.97186
UK-DDN,2022-12-21,11.0,18.6,5.0,67,89,0.0,0.0,9.4,357,12.18,2.05,938.9,4.7,652.0,30.333918,77.97186
UK-DDN,2022-12-22,11.1,17.7,6.3,57,79,0.0,0.0,8.6,338,12.33,2.15,938.6,2.7,652.0,30.333918,77.97186
UK-DDN,2022-12-23,11.3,17.0,4.7,52,71,0.0,0.0,9.2,72,12.33,2.21,938.5,1.5,652.0,30.333918,77.97186
UK-DDN,2022-12-24,10.5,17.6,5.0,68,88,0.0,0.0,10.2,327,11.18,2.02,939.0,4.5,652.0,30.333918,77.97186
UK-DDN,2022-12-25,11.0,18.2,5.6,71,87,0.0,0.0,8.5,331,11.16,1.9,939.4,5.6,652.0,30.333918,77.97186
UK-DDN,2022-12-26,11.9,18.4,7.8,67,92,0.0,0.0,8.4,326,11.33,1.95,941.8,5.7,652.0,30.333918,77.97186
UK-DDN,2022-12-27,12.3,17.3,8.1,66,89,0.0,0.0,7.9,357,11.71,1.96,940.8,5.7,652.0,30.333918,77.97186
UK-DDN,2022-12-28,10.8,17.2,5.8,73,91,0.0,0.0,9.9,98,12.1,1.95,939.4,5.9,652.0,30.333918,77.97186
UK-DDN,2022-12-29,11.2,13.8,6.8,72,90,1.3,1.3,8.2,25,4.59,0.87,942.1,6.1,652.0,30.333918,77.97186
UK-DDN,2022-12-30,12.4,17.5,7.7,73,91,0.1,0.1,7.7,38,10.43,1.71,943.6,7.5,652.0,30.333918,77.97186
UK-DDN,2022-12-31,11.1,17.3,5.3,74,95,0.0,0.0,8.3,341,12.01,1.86,942.4,6.5,652.0,30.333918,77.97186
UK-DDN,2023-01-01,9.6,15.4,4.8,83,99,0.0,0.0,7.0,74,8.87,1.4,943.4,6.6,652.0,30.333918,77.97186
UK-DDN,2023-01-02,9.1,15.5,4.3,79,98,0.0,0.0,6.8,27,11.99,1.76,944.5,5.4,652.0,30.333918,77.97186
UK-DDN,2023-01-03,8.6,15.8,3.8,82,100,0.0,0.0,8.7,327,11.82,1.76,944.9,5.5,652.0,30.333918,77.97186
UK-DDN,2023-01-04,9.0,16.9,3.5,78,98,0.0,0.0,8.0,322,12.35,1.87,944.9,5.1,652.0,30.333918,77.97186
UK-DDN,2023-01-05,8.9,16.5,3.1,73,100,0.0,0.0,7.6,323,12.71,1.98,945.4,3.9,652.0,30.333918,77.97186
UK-DDN,2023-01-06,9.2,14.8,4.7,71,92,0.0,0.0,9.2,321,12.62,1.98,946.0,4.0,652.0,30.333918,77.97186
UK-DDN,2023-01-07,11.1,18.8,5.1,59,89,0.0,0.0,10.9,326,12.57,2.27,944.2,2.8,652.0,30.333918,77.97186
UK-DDN,2023-01-08,12.4,19.6,7.1,67,96,0.0,0.0,8.0,317,12.09,2.17,942.1,6.0,652.0,30.333918,77.97186
UK-DDN,2023-01-09,13.2,19.5,8.3,76,96,0.0,0.0,7.2,305,11.45,1.94,943.7,9.0,652.0,30.333918,77.97186
UK-DDN,2023-01-10,12.0,20.1,7.4,78,95,0.0,0.0,10.2,306,12.56,2.11,942.0,8.1,652.0,30.333918,77.97186
UK-DDN,2023-01-11,12.3,17.0,7.6,66,92,1.2,1.2,6.9,49,7.02,1.37,938.7,5.7,652.0,30.333918,77.97186
UK-DDN,2023-01-12,12.2,17.5,7.8,65,82,1.1,1.1,7.1,71,12.75,2.11,937.8,5.5,652.0,30.333918,77.97186
UK-DDN,2023-01-13,12.2,17.8,8.3,73,87,5.1,5.1,9.5,10,11.53,2.01,938.7,7.2,652.0,30.333918,77.97186
UK-DDN,2023-01-14,11.8,17.4,7.3,81,100,3.3,3.3,11.2,304,11.47,1.87,939.9,8.4,652.0,30.333918,77.97186
UK-DDN,2023-01-15,9.8,15.5,5.8,87,100,0.0,0.0,8.7,291,12.88,1.83,938.1,7.6,652.0,30.333918,77.97186
UK-DDN,2023-01-16,9.0,14.4,4.3,85,100,0.0,0.0,6.8,274,12.02,1.76,939.7,6.3,652.0,30.333918,77.97186
UK-DDN,2023-01-17,8.3,14.6,3.3,86,100,0.0,0.0,8.1,287,12.45,1.78,939.7,5.9,652.0,30.333918,77.97186
UK-DDN,2023-01-18,9.1,15.9,3.4,81,100,0.0,0.0,8.0,312,12.95,1.94,941.9,5.6,652.0,30.333918,77.97186
UK-DDN,2023-01-19,11.8,16.3,8.5,76,92,1.3,1.3,10.2,317,10.43,1.68,942.7,7.5,652.0,30.333918,77.97186
UK-DDN,2023-01-20,11.5,14.9,7.4,81,94,6.1,6.1,10.5,355,3.66,0.88,941.7,8.3,652.0,30.333918,77.97186
UK-DDN,2023-01-21,10.9,18.1,4.9,73,88,0.0,0.0,8.4,338,13.46,2.17,941.1,5.8,652.0,30.333918,77.97186
UK-DDN,2023-01-22,11.0,18.2,6.1,73,90,0.0,0.0,7.2,344,13.38,2.21,940.3,5.9,652.0,30.333918,77.97186
UK-DDN,2023-01-23,11.9,19.5,6.0,67,87,0.0,0.0,8.4,22,13.82,2.39,940.4,5.4,652.0,30.333918,77.97186
UK-DDN,2023-01-24,13.0,18.5,7.3,75,96,8.2,8.2,8.4,107,10.08,1.85,939.9,8.4,652.0,30.333918,77.97186
UK-DDN,2023-01-25,12.9,18.1,9.2,85,96,5.0,5.0,11.5,335,10.68,1.73,941.1,10.3,652.0,30.333918,77.97186
UK-DDN,2023-01-26,12.3,19.3,7.8,84,99,0.0,0.0,9.0,312,14.0,2.23,941.7,9.4,652.0,30.333918,77.97186
UK-DDN,2023-01-27,12.6,20.8,6.6,69,91,0.0,0.0,10.0,328,14.42,2.55,940.9,6.5,652.0,30.333918,77.97186
UK-DDN,2023-01-28,12.7,21.6,5.4,58,84,0.0,0.0,9.8,339,15.07,2.71,938.4,4.2,652.0,30.333918,77.97186
UK-DDN,2023-01-29,13.0,15.7,8.7,64,98,3.5,3.5,13.3,54,4.33,1.22,939.6,5.7,652.0,30.333918,77.97186
UK-DDN,2023-01-30,12.5,16.7,7.5,73,92,9.1,9.1,18.5,33,3.99,1.32,942.5,7.6,652.0,30.333918,77.97186
UK-DDN,2023-01-31,12.0,19.9,6.3,76,99,0.0,0.0,11.9,307,14.4,2.42,941.8,7.5,652.0,30.333918,77.97186
UK-DDN,2023-02-01,12.7,20.6,6.7,69,93,0.0,0.0,8.8,318,15.28,2.63,940.4,6.6,652.0,30.333918,77.97186
UK-DDN,2023-02-02,14.2,21.3,7.1,65,86,0.0,0.0,8.5,332,14.95,2.68,939.6,7.3,652.0,30.333918,77.97186
UK-DDN,2023-02-03,13.5,19.6,8.3,71,89,0.0,0.0,8.9,315,14.99,2.58,940.0,8.2,652.0,30.333918,77.97186
UK-DDN,2023-02-04,13.8,20.1,7.6,75,91,0.0,0.0,9.1,336,15.25,2.57,937.6,9.2,652.0,30.333918,77.97186
UK-DDN,2023-02-05,13.8,20.2,8.5,79,92,0.0,0.0,8.9,26,15.23,2.52,936.7,10.2,652.0,30.333918,77.97186
UK-DDN,2023-02-06,13.8,21.6,8.0,73,94,0.0,0.0,8.7,6,14.71,2.65,937.5,8.5,652.0,30.333918,77.97186
UK-DDN,2023-02-07,13.6,21.0,7.2,69,90,0.0,0.0,11.3,310,15.66,2.79,936.1,7.5,652.0,30.333918,77.97186
UK-DDN,2023-02-08,13.1,20.3,7.3,74,88,0.0,0.0,9.9,306,15.94,2.68,937.7,8.4,652.0,30.333918,77.97186
UK-DDN,2023-02-09,14.8,22.6,7.5,66,79,0.0,0.0,10.4,35,13.46,2.55,937.6,8.3,652.0,30.333918,77.97186
UK-DDN,2023-02-10,15.9,22.1,10.9,58,70,1.0,1.0,10.0,39,12.97,2.82,938.3,7.4,652.0,30.333918,77.97186
UK-DDN,2023-02-11,14.8,21.3,8.9,70,92,17.5,17.5,19.4,351,14.82,2.83,939.4,8.9,652.0,30.333918,77.97186
UK-DDN,2023-02-12,11.4,18.0,6.0,57,84,0.1,0.1,22.8,299,16.53,3.04,940.3,2.3,652.0,30.333918,77.97186
UK-DDN,2023-02-13,10.7,18.2,2.9,64,82,0.0,0.0,8.6,210,17.07,2.7,937.5,4.0,652.0,30.333918,77.97186
UK-DDN,2023-02-14,13.5,19.2,9.2,72,92,0.0,0.0,8.1,278,16.3,2.67,939.7,8.4,652.0,30.333918,77.97186
UK-DDN,2023-02-15,14.7,21.1,8.3,71,87,0.0,0.0,10.8,102,16.94,2.95,937.4,9.3,652.0,30.333918,77.97186
UK-DDN,2023-02-16,16.4,22.5,9.6,71,90,0.0,0.0,7.4,75,16.71,2.98,940.9,10.8,652.0,30.333918,77.97186
UK-DDN,2023-02-17,17.0,24.2,10.0,72,94,0.0,0.0,7.6,355,16.91,3.13,942.2,11.3,652.0,30.333918,77.97186
UK-DDN,2023-02-18,17.4,23.0,11.7,71,88,0.0,0.0,8.5,82,17.26,3.2,941.3,12.0,652.0,30.333918,77.97186
UK-DDN,2023-02-19,17.0,23.9,11.2,81,93,0.0,0.0,6.4,51,17.24,3.05,940.6,13.5,652.0,30.333918,77.97186
UK-DDN,2023-02-20,18.8,26.6,12.1,67,92,0.0,0.0,6.9,47,16.66,3.28,938.6,11.8,652.0,30.333918,77.97186
UK-DDN,2023-02-21,18.6,25.6,12.6,59,79,0.1,0.1,13.5,23,16.14,3.59,938.0,9.9,652.0,30.333918,77.97186
UK-DDN,2023-02-22,16.5,24.3,10.8,62,80,0.0,0.0,12.5,324,17.32,3.49,938.4,8.4,652.0,30.333918,77.97186
UK-DDN,2023-02-23,16.5,24.7,9.8,61,79,0.0,0.0,10.8,325,18.58,3.59,937.6,8.2,652.0,30.333918,77.97186
UK-DDN,2023-02-24,17.0,24.6,9.8,57,76,0.0,0.0,10.1,328,18.66,3.72,939.6,8.0,652.0,30.333918,77.97186
UK-DDN,2023-02-25,18.0,24.6,10.9,59,83,0.0,0.0,9.0,336,17.95,3.52,942.0,9.3,652.0,30.333918,77.97186
UK-DDN,2023-02-26,17.3,24.3,11.5,67,84,0.1,0.1,9.7,357,17.68,3.35,944.0,10.6,652.0,30.333918,77.97186
UK-DDN,2023-02-27,16.8,24.6,10.9,65,85,0.0,0.0,11.9,328,17.77,3.45,943.1,9.6,652.0,30.333918,77.97186
UK-DDN,2023-02-28,16.1,24.7,10.1,60,79,2.3,2.3,15.6,341,14.79,3.13,943.3,8.0,652.0,30.333918,77.97186
UK-DDN,2023-03-01,17.5,24.7,11.8,58,75,1.5,1.5,18.0,356,16.27,3.57,945.2,8.3,652.0,30.333918,77.97186
UK-DDN,2023-03-02,17.8,26.6,10.1,56,74,0.0,0.0,16.3,333,18.48,3.96,944.3,8.0,652.0,30.333918,77.97186
UK-DDN,2023-03-03,19.0,26.4,12.8,55,75,0.0,0.0,14.5,310,18.68,4.08,944.4,9.2,652.0,30.333918,77.97186
UK-DDN,2023-03-04,19.3,26.5,12.6,57,80,0.0,0.0,12.1,323,19.16,3.99,944.8,9.9,652.0,30.333918,77.97186
UK-DDN,2023-03-05,18.8,25.9,12.8,55,75,0.0,0.0,11.5,308,19.4,3.98,943.7,9.1,652.0,30.333918,77.97186
UK-DDN,2023-03-06,18.0,25.3,11.7,56,75,0.0,0.0,10.0,324,18.68,3.83,941.3,8.6,652.0,30.333918,77.97186
UK-DDN,2023-03-07,18.4,25.4,11.6,57,77,0.0,0.0,11.3,315,18.76,3.88,941.5,9.3,652.0,30.333918,77.97186
UK-DDN,2023-03-08,17.5,24.1,11.9,65,87,0.3,0.3,7.2,54,16.82,3.28,942.9,10.4,652.0,30.333918,77.97186
UK-DDN,2023-03-09,18.0,25.5,11.4,61,86,0.0,0.0,7.4,355,18.64,3.73,942.9,9.4,652.0,30.333918,77.97186
UK-DDN,2023-03-10,18.8,26.1,12.5,62,80,0.0,0.0,10.8,319,19.45,3.93,941.8,10.7,652.0,30.333918,77.97186
UK-DDN,2023-03-11,19.8,25.9,14.7,62,79,0.0,0.0,9.2,75,18.49,3.77,942.0,11.8,652.0,30.333918,77.97186
UK-DDN,2023-03-12,20.0,26.1,14.9,64,79,1.2,1.2,8.6,25,17.83,3.55,941.9,12.7,652.0,30.333918,77.97186
UK-DDN,2023-03-13,19.7,26.0,14.4,65,82,0.0,0.0,11.6,344,15.92,3.28,940.5,12.5,652.0,30.333918,77.97186
UK-DDN,2023-03-14,19.2,25.2,13.1,62,82,0.3,0.3,9.7,342,17.95,3.67,937.3,11.1,652.0,30.333918,77.97186
UK-DDN,2023-03-15,19.1,26.8,12.8,62,83,0.0,0.0,8.7,22,19.51,3.9,936.7,11.0,652.0,30.333918,77.97186
UK-DDN,2023-03-16,19.2,26.8,13.4,57,77,0.0,0.0,10.3,358,16.89,3.59,937.8,9.6,652.0,30.333918,77.97186
UK-DDN,2023-03-17,18.9,26.6,12.7,57,76,0.0,0.0,16.5,12,17.02,3.67,939.1,9.7,652.0,30.333918,77.97186
UK-DDN,2023-03-18,17.0,22.9,12.7,73,93,1.0,1.0,11.1,95,13.42,2.68,938.4,11.8,652.0,30.333918,77.97186
UK-DDN,2023-03-19,17.3,23.5,11.7,70,89,0.3,0.3,10.4,116,18.63,3.56,936.0,11.2,652.0,30.333918,77.97186
UK-DDN,2023-03-20,16.1,20.7,13.1,81,94,13.9,13.9,14.0,67,12.54,2.32,935.1,12.7,652.0,30.333918,77.97186
UK-DDN,2023-03-21,14.1,17.8,10.7,90,97,27.6,27.6,6.5,117,6.56,1.18,935.5,12.4,652.0,30.333918,77.97186
UK-DDN,2023-03-22,15.7,22.3,9.5,73,89,0.0,0.0,10.7,323,21.33,3.84,936.4,10.5,652.0,30.333918,77.97186
UK-DDN,2023-03-23,17.3,24.1,10.2,71,92,0.0,0.0,12.2,294,22.01,4.1,935.2,11.6,652.0,30.333918,77.97186
UK-DDN,2023-03-24,18.1,25.1,12.8,69,85,0.0,0.0,13.4,210,17.12,3.38,936.1,11.6,652.0,30.333918,77.97186
UK-DDN,2023-03-25,17.5,21.6,13.2,72,90,6.9,6.9,17.7,38,17.1,3.25,939.0,12.3,652.0,30.333918,77.97186
UK-DDN,2023-03-26,17.0,23.9,11.3,65,86,0.0,0.0,12.3,314,21.43,4.2,937.5,9.6,652.0,30.333918,77.97186
UK-DDN,2023-03-27,17.6,24.0,11.2,63,85,0.0,0.0,10.5,299,21.85,4.2,936.5,10.0,652.0,30.333918,77.97186
UK-DDN,2023-03-28,17.7,25.0,11.7,68,85,0.0,0.0,9.7,302,20.91,4.03,936.6,11.1,652.0,30.333918,77.97186
UK-DDN,2023-03-29,19.1,26.2,12.2,61,83,0.0,0.0,8.1,301,20.87,4.24,937.7,10.7,652.0,30.333918,77.97186
UK-DDN,2023-03-30,20.5,28.3,12.4,56,82,0.1,0.1,13.0,293,21.37,4.62,936.2,10.4,652.0,30.333918,77.97186
UK-DDN,2023-03-31,15.8,17.5,12.7,89,95,18.6,18.6,10.6,111,5.86,1.16,935.7,13.9,652.0,30.333918,77.97186
UK-DDN,2023-04-01,15.8,20.3,12.8,81,93,7.0,7.0,12.2,77,15.79,2.73,936.5,12.5,652.0,30.333918,77.97186
UK-DDN,2023-04-02,16.8,23.0,11.1,75,92,1.2,1.2,13.1,313,21.48,3.91,935.0,11.9,652.0,30.333918,77.97186
UK-DDN,2023-04-03,18.3,26.2,11.8,67,86,0.3,0.3,14.0,334,21.09,4.26,934.1,11.4,652.0,30.333918,77.97186
UK-DDN,2023-04-04,17.3,23.8,13.0,66,79,1.3,1.3,20.4,347,15.03,3.2,935.9,10.8,652.0,30.333918,77.97186
UK-DDN,2023-04-05,18.1,25.5,10.5,57,81,0.0,0.0,9.4,307,24.2,4.76,936.2,8.6,652.0,30.333918,77.97186
UK-DDN,2023-04-06,19.4,26.8,12.1,50,69,0.0,0.0,11.5,324,22.93,4.9,938.4,8.0,652.0,30.333918,77.97186
UK-DDN,2023-04-07,20.2,28.0,11.9,51,73,0.0,0.0,11.5,309,24.12,5.12,939.9,9.0,652.0,30.333918,77.97186
UK-DDN,2023-04-08,21.1,28.7,14.3,53,71,0.0,0.0,9.5,316,23.4,5.05,940.9,10.7,652.0,30.333918,77.97186
UK-DDN,2023-04-09,21.7,28.9,14.2,45,66,0.0,0.0,13.0,339,23.2,5.3,941.5,8.9,652.0,30.333918,77.97186
UK-DDN,2023-04-10,21.3,28.9,14.2,47,65,0.0,0.0,12.7,0,24.41,5.35,939.5,8.8,652.0,30.333918,77.97186
UK-DDN,2023-04-11,21.9,31.1,13.3,47,73,0.0,0.0,15.7,299,23.64,5.5,938.4,9.0,652.0,30.333918,77.97186
UK-DDN,2023-04-12,24.0,31.1,16.4,40,62,0.0,0.0,14.5,313,23.93,5.84,938.6,9.1,652.0,30.333918,77.97186
UK-DDN,2023-04-13,23.9,32.1,16.4,44,63,0.0,0.0,14.2,305,23.94,5.67,937.2,10.2,652.0,30.333918,77.97186
UK-DDN,2023-04-14,25.2,33.0,16.8,41,63,0.0,0.0,10.0,304,24.21,5.73,936.8,10.0,652.0,30.333918,77.97186
UK-DDN,2023-04-15,25.3,32.6,18.8,42,70,0.0,0.0,10.6,89,21.41,5.15,937.0,10.3,652.0,30.333918,77.97186
UK-DDN,2023-04-16,24.6,33.6,16.4,40,63,0.0,0.0,13.1,330,23.48,5.91,936.1,8.6,652.0,30.333918,77.97186
UK-DDN,2023-04-17,25.7,33.8,17.7,37,59,0.0,0.0,12.6,325,23.73,5.76,935.7,9.2,652.0,30.333918,77.97186
UK-DDN,2023-04-18,26.7,34.0,19.1,36,56,0.0,0.0,13.0,330,22.86,6.24,937.2,9.6,652.0,30.333918,77.97186
UK-DDN,2023-04-19,25.2,32.1,19.8,41,52,0.1,0.1,18.0,2,15.88,4.87,935.2,10.4,652.0,30.333918,77.97186
UK-DDN,2023-04-20,23.4,28.4,19.1,47,63,3.2,3.2,19.3,73,18.97,5.05,932.4,11.2,652.0,30.333918,77.97186
UK-DDN,2023-04-21,22.2,28.7,15.6,45,70,0.0,0.0,17.7,346,23.71,5.65,932.9,9.1,652.0,30.333918,77.97186
UK-DDN,2023-04-22,21.4,29.0,14.0,42,71,0.0,0.0,12.2,330,24.28,5.66,933.4,6.5,652.0,30.333918,77.97186
UK-DDN,2023-04-23,20.7,27.7,13.5,43,60,0.0,0.0,15.7,332,19.4,4.62,934.7,6.6,652.0,30.333918,77.97186
UK-DDN,2023-04-24,21.4,27.5,16.2,47,68,0.9,0.9,12.2,107,19.57,4.52,938.5,9.0,652.0,30.333918,77.97186
UK-DDN,2023-04-25,20.7,27.1,15.0,58,78,1.2,1.2,8.8,7,21.83,4.53,939.9,11.5,652.0,30.333918,77.97186
UK-DDN,2023-04-26,22.5,29.6,15.2,52,77,0.0,0.0,11.8,19,23.46,5.18,936.8,11.1,652.0,30.333918,77.97186
UK-DDN,2023-04-27,22.8,28.1,17.2,53,68,1.6,1.6,9.0,331,17.7,3.98,937.1,12.3,652.0,30.333918,77.97186
UK-DDN,2023-04-28,23.0,29.9,16.0,52,74,0.0,0.0,13.6,300,19.63,4.74,937.1,11.6,652.0,30.333918,77.97186
UK-DDN,2023-04-29,24.0,29.9,18.6,48,69,0.1,0.1,8.6,234,21.15,4.83,936.3,11.9,652.0,30.333918,77.97186
UK-DDN,2023-04-30,21.3,25.8,18.1,65,89,1.4,1.4,10.8,117,18.64,3.96,935.6,14.0,652.0,30.333918,77.97186
UK-DDN,2023-05-01,18.0,21.3,16.1,90,97,12.4,12.4,5.9,324,7.07,1.43,935.5,16.3,652.0,30.333918,77.97186
UK-DDN,2023-05-02,18.1,21.4,15.5,87,94,15.3,15.3,6.2,324,11.3,2.12,937.2,15.8,652.0,30.333918,77.97186
UK-DDN,2023-05-03,19.9,26.1,15.6,70,91,3.3,3.3,13.0,100,16.78,3.53,938.1,13.9,652.0,30.333918,77.97186
UK-DDN,2023-05-04,20.2,26.1,14.5,70,89,0.0,0.0,7.9,306,22.59,4.44,937.5,14.1,652.0,30.333918,77.97186
UK-DDN,2023-05-05,20.7,25.3,16.2,70,86,3.3,3.3,9.9,17,20.6,4.07,935.9,14.7,652.0,30.333918,77.97186
UK-DDN,2023-05-06,21.9,27.7,15.9,63,83,0.4,0.4,13.1,3,20.97,4.45,933.9,14.1,652.0,30.333918,77.97186
UK-DDN,2023-05-07,22.7,30.5,15.4,53,79,0.0,0.0,14.3,342,24.29,5.61,933.6,11.3,652.0,30.333918,77.97186
UK-DDN,2023-05-08,22.0,30.1,15.3,49,77,3.6,3.6,19.2,51,21.73,5.24,934.1,10.1,652.0,30.333918,77.97186
UK-DDN,2023-05-09,23.5,30.0,17.5,38,55,0.0,0.0,14.8,337,24.13,6.08,935.4,7.6,652.0,30.333918,77.97186
UK-DDN,2023-05-10,22.8,30.3,14.9,44,60,0.0,0.0,11.5,331,25.52,5.76,933.9,9.1,652.0,30.333918,77.97186
UK-DDN,2023-05-11,24.5,32.5,15.7,44,64,0.0,0.0,10.3,107,25.21,5.79,935.6,10.5,652.0,30.333918,77.97186
UK-DDN,2023-05-12,25.6,33.7,17.2,42,60,0.0,0.0,8.7,257,24.24,5.82,935.2,10.4,652.0,30.333918,77.97186
UK-DDN,2023-05-13,26.5,35.1,19.2,41,62,0.0,0.0,10.2,355,24.98,6.03,934.8,11.0,652.0,30.333918,77.97186
UK-DDN,2023-05-14,27.1,35.0,19.0,35,51,0.1,0.1,14.5,338,21.31,5.94,931.8,9.5,652.0,30.333918,77.97186
UK-DDN,2023-05-15,26.2,34.0,17.4,39,65,0.0,0.0,13.8,331,24.64,6.18,931.0,10.1,652.0,30.333918,77.97186
UK-DDN,2023-05-16,26.9,34.9,18.3,37,59,0.0,0.0,14.8,318,24.99,6.26,932.3,10.0,652.0,30.333918,77.97186
UK-DDN,2023-05-17,26.9,35.3,19.0,40,60,0.0,0.0,15.5,331,23.63,6.13,933.8,11.1,652.0,30.333918,77.97186
UK-DDN,2023-05-18,25.1,31.7,19.3,47,69,0.2,0.2,16.6,316,17.51,5.03,937.1,12.5,652.0,30.333918,77.97186
UK-DDN,2023-05-19,25.5,32.4,18.4,52,72,0.0,0.0,11.7,327,24.92,5.83,934.5,13.8,652.0,30.333918,77.97186
UK-DDN,2023-05-20,25.9,33.3,18.5,48,71,0.0,0.0,14.6,327,23.45,5.86,932.8,12.9,652.0,30.333918,77.97186
UK-DDN,2023-05-21,27.1,35.3,18.5,44,68,0.0,0.0,15.6,302,24.09,6.14,933.7,12.6,652.0,30.333918,77.97186
UK-DDN,2023-05-22,28.4,36.0,20.1,39,61,0.0,0.0,10.6,90,23.81,6.08,934.1,12.3,652.0,30.333918,77.97186
UK-DDN,2023-05-23,28.6,34.5,23.4,48,65,0.5,0.5,15.8,88,20.76,5.35,934.8,16.2,652.0,30.333918,77.97186
UK-DDN,2023-05-24,24.9,30.2,20.4,65,86,2.5,2.5,14.0,84,17.71,4.28,934.6,17.5,652.0,30.333918,77.97186
UK-DDN,2023-05-25,23.2,28.2,19.4,71,89,11.7,11.7,12.0,358,22.5,4.7,933.8,17.2,652.0,30.333918,77.97186
UK-DDN,2023-05-26,22.8,27.9,17.0,70,87,0.0,0.0,8.1,351,22.74,4.59,934.8,16.6,652.0,30.333918,77.97186
UK-DDN,2023-05-27,23.4,30.0,18.8,68,87,0.0,0.0,9.3,335,21.46,4.64,934.3,16.5,652.0,30.333918,77.97186
UK-DDN,2023-05-28,24.3,30.7,18.1,61,83,0.0,0.0,8.6,18,24.69,5.28,935.2,15.6,652.0,30.333918,77.97186
UK-DDN,2023-05-29,24.9,31.3,19.0,62,81,0.6,0.6,9.4,335,20.67,4.7,937.1,16.7,652.0,30.333918,77.97186
UK-DDN,2023-05-30,25.3,30.1,20.7,60,76,1.7,1.7,14.0,79,21.3,5.1,937.3,16.5,652.0,30.333918,77.97186
UK-DDN,2023-05-31,21.0,23.1,18.6,80,91,44.4,44.4,20.5,53,10.37,2.26,935.4,17.4,652.0,30.333918,77.97186
UK-DDN,2023-06-01,22.7,29.5,17.3,73,94,0.3,0.3,15.5,338,21.48,4.52,934.6,17.2,652.0,30.333918,77.97186
UK-DDN,2023-06-02,22.2,27.8,17.4,67,83,1.0,1.0,15.0,74,20.1,4.36,934.0,15.4,652.0,30.333918,77.97186
UK-DDN,2023-06-03,23.6,30.0,17.4,67,84,0.0,0.0,6.9,5,24.78,5.14,934.4,16.6,652.0,30.333918,77.97186
UK-DDN,2023-06-04,25.0,31.7,17.4,63,80,0.0,0.0,11.6,305,24.11,5.42,933.9,17.0,652.0,30.333918,77.97186
UK-DDN,2023-06-05,24.7,31.0,19.9,69,85,0.3,0.3,14.8,72,19.67,4.36,932.9,18.2,652.0,30.333918,77.97186
UK-DDN,2023-06-06,24.8,30.3,19.4,60,80,0.0,0.0,8.0,333,23.34,5.08,932.9,16.0,652.0,30.333918,77.97186
UK-DDN,2023-06-07,25.2,31.1,19.0,60,77,0.0,0.0,14.6,307,23.6,5.36,932.6,16.1,652.0,30.333918,77.97186
UK-DDN,2023-06-08,25.8,32.5,19.9,56,75,0.0,0.0,13.8,310,24.41,5.61,932.1,15.7,652.0,30.333918,77.97186
UK-DDN,2023-06-09,27.1,34.6,20.0,55,74,0.0,0.0,9.6,330,24.6,5.82,929.3,16.8,652.0,30.333918,77.97186
UK-DDN,2023-06-10,28.8,35.8,21.6,51,75,0.0,0.0,12.0,336,24.53,6.13,928.6,17.1,652.0,30.333918,77.97186
UK-DDN,2023-06-11,27.6,33.9,21.7,64,84,0.4,0.4,12.5,331,23.0,5.49,928.3,19.5,652.0,30.333918,77.97186
UK-DDN,2023-06-12,28.8,34.8,22.5,58,80,0.0,0.0,15.5,291,24.04,5.75,928.0,19.1,652.0,30.333918,77.97186
UK-DDN,2023-06-13,29.4,36.7,23.0,56,79,0.0,0.0,25.2,294,24.37,6.68,927.4,18.9,652.0,30.333918,77.97186
UK-DDN,2023-06-14,29.1,34.0,23.8,55,77,0.0,0.0,23.8,299,23.35,6.09,928.6,18.8,652.0,30.333918,77.97186
UK-DDN,2023-06-15,27.3,33.5,22.3,62,85,0.6,0.6,14.6,296,23.27,5.53,929.3,18.8,652.0,30.333918,77.97186
UK-DDN,2023-06-16,27.4,33.3,20.9,66,86,0.4,0.4,11.5,306,24.05,5.46,929.8,20.1,652.0,30.333918,77.97186
UK-DDN,2023-06-17,29.1,34.3,23.3,62,82,0.6,0.6,9.5,263,23.52,5.42,930.8,20.6,652.0,30.333918,77.97186
UK-DDN,2023-06-18,27.4,32.4,23.9,75,95,8.5,8.5,14.3,7,15.0,3.59,931.1,22.4,652.0,30.333918,77.97186
UK-DDN,2023-06-19,28.1,34.1,23.5,68,91,2.0,2.0,13.3,1,20.77,4.77,930.2,21.3,652.0,30.333918,77.97186
UK-DDN,2023-06-20,27.3,31.8,23.9,75,93,16.7,16.7,23.5,31,22.23,4.97,929.7,22.2,652.0,30.333918,77.97186
UK-DDN,2023-06-21,27.0,31.7,23.1,81,95,4.6,4.6,10.5,121,21.77,4.62,930.4,23.2,652.0,30.333918,77.97186
UK-DDN,2023-06-22,26.8,30.5,23.3,84,97,10.1,10.1,10.6,138,15.96,3.41,930.7,23.7,652.0,30.333918,77.97186
UK-DDN,2023-06-23,27.1,30.7,24.7,85,97,5.8,5.8,12.6,134,16.83,3.58,931.0,24.2,652.0,30.333918,77.97186
UK-DDN,2023-06-24,26.9,31.0,23.7,83,97,26.1,26.1,9.6,182,16.0,3.55,930.4,23.6,652.0,30.333918,77.97186
UK-DDN,2023-06-25,24.4,27.7,23.1,93,99,34.5,34.5,12.6,25,7.02,1.55,931.0,23.1,652.0,30.333918,77.97186
UK-DDN,2023-06-26,25.7,28.6,22.9,83,92,8.5,8.5,10.4,100,15.65,3.27,931.7,22.6,652.0,30.333918,77.97186
UK-DDN,2023-06-27,26.0,30.5,22.7,79,90,1.9,1.9,12.2,109,18.6,3.95,931.1,22.0,652.0,30.333918,77.97186
UK-DDN,2023-06-28,26.4,30.8,23.0,79,93,5.5,5.5,7.4,240,20.51,4.33,932.4,22.3,652.0,30.333918,77.97186
UK-DDN,2023-06-29,25.4,30.1,23.3,86,97,13.2,13.2,9.2,178,17.79,3.62,931.5,22.8,652.0,30.333918,77.97186
UK-DDN,2023-06-30,26.0,31.0,21.9,84,97,7.7,7.7,10.7,239,21.68,4.53,929.8,22.8,652.0,30.333918,77.97186
UK-DDN,2023-07-01,25.5,30.5,20.9,84,100,20.2,20.2,10.9,280,22.15,4.63,930.6,22.2,652.0,30.333918,77.97186
UK-DDN,2023-07-02,25.9,31.1,21.9,82,98,1.4,1.4,7.6,269,23.0,4.79,931.0,22.5,652.0,30.333918,77.97186
UK-DDN,2023-07-03,26.8,31.2,22.3,80,97,4.7,4.7,7.2,237,21.54,4.55,930.9,23.0,652.0,30.333918,77.97186
UK-DDN,2023-07-04,26.2,30.7,22.9,85,99,4.3,4.3,7.7,169,20.48,4.27,929.8,23.3,652.0,30.333918,77.97186
UK-DDN,2023-07-05,25.9,30.9,22.4,83,99,3.6,3.6,8.6,326,20.79,4.35,930.1,22.7,652.0,30.333918,77.97186
UK-DDN,2023-07-06,25.8,30.2,23.0,82,94,1.3,1.3,11.0,122,20.37,4.23,931.7,22.3,652.0,30.333918,77.97186
UK-DDN,2023-07-07,26.1,29.2,23.4,81,95,0.2,0.2,9.7,117,17.72,3.75,932.4,22.5,652.0,30.333918,77.97186
UK-DDN,2023-07-08,24.9,26.1,23.3,89,97,11.0,11.0,8.6,18,7.89,1.79,932.7,23.0,652.0,30.333918,77.97186
UK-DDN,2023-07-09,24.6,26.9,23.4,94,98,13.7,13.7,11.1,162,9.26,1.92,931.7,23.6,652.0,30.333918,77.97186
UK-DDN,2023-07-10,25.9,30.0,23.0,86,96,9.3,9.3,7.7,324,13.36,2.93,931.7,23.2,652.0,30.333918,77.97186
UK-DDN,2023-07-11,25.6,30.6,23.1,88,97,12.1,12.1,7.6,292,13.81,2.97,931.2,23.3,652.0,30.333918,77.97186
UK-DDN,2023-07-12,26.1,29.3,23.0,83,94,1.6,1.6,9.1,145,18.54,3.88,931.1,22.8,652.0,30.333918,77.97186
UK-DDN,2023-07-13,25.8,29.7,22.7,88,99,10.1,10.1,11.5,169,19.26,3.95,931.6,23.5,652.0,30.333918,77.97186
UK-DDN,2023-07-14,26.5,30.4,22.5,83,99,5.0,5.0,6.6,190,19.53,4.11,932.0,23.2,652.0,30.333918,77.97186
UK-DDN,2023-07-15,26.1,29.6,23.8,87,96,5.7,5.7,9.7,140,16.36,3.41,931.4,23.7,652.0,30.333918,77.97186
UK-DDN,2023-07-16,26.9,31.1,23.5,83,98,4.2,4.2,7.2,143,20.3,4.32,931.7,23.4,652.0,30.333918,77.97186
UK-DDN,2023-07-17,26.7,30.7,23.4,83,96,8.3,8.3,10.2,140,20.17,4.25,930.8,23.5,652.0,30.333918,77.97186
UK-DDN,2023-07-18,25.3,27.5,23.4,89,95,11.2,11.2,9.9,128,12.92,2.64,931.0,23.2,652.0,30.333918,77.97186
UK-DDN,2023-07-19,26.7,31.5,23.6,79,93,2.4,2.4,9.4,103,18.98,4.12,931.1,22.6,652.0,30.333918,77.97186
UK-DDN,2023-07-20,28.3,33.4,24.5,73,89,0.5,0.5,8.3,256,21.97,4.85,930.9,22.7,652.0,30.333918,77.97186
UK-DDN,2023-07-21,28.2,32.3,25.3,78,91,4.1,4.1,9.2,117,20.94,4.52,932.5,23.8,652.0,30.333918,77.97186
UK-DDN,2023-07-22,26.5,30.7,23.7,82,99,21.0,21.0,9.2,21,15.56,3.34,935.4,22.9,652.0,30.333918,77.97186
UK-DDN,2023-07-23,27.0,32.1,23.0,79,93,3.2,3.2,6.5,337,21.38,4.55,935.2,22.9,652.0,30.333918,77.97186
UK-DDN,2023-07-24,26.8,30.6,23.8,82,94,2.8,2.8,8.0,150,21.25,4.42,932.9,23.3,652.0,30.333918,77.97186
UK-DDN,2023-07-25,26.4,30.8,23.5,83,99,24.5,24.5,7.2,141,19.7,4.12,932.7,23.2,652.0,30.333918,77.97186
UK-DDN,2023-07-26,24.5,26.7,22.9,92,100,22.5,22.5,6.3,130,10.59,2.15,933.8,23.1,652.0,30.333918,77.97186
UK-DDN,2023-07-27,26.3,30.5,23.7,82,94,6.3,6.3,12.3,253,18.91,3.9,932.9,22.8,652.0,30.333918,77.97186
UK-DDN,2023-07-28,25.6,28.8,23.5,87,98,4.5,4.5,5.2,238,12.28,2.59,930.6,23.1,652.0,30.333918,77.97186
UK-DDN,2023-07-29,25.8,29.7,23.1,86,98,1.5,1.5,9.3,168,17.67,3.63,929.7,23.2,652.0,30.333918,77.97186
UK-DDN,2023-07-30,26.2,30.5,22.5,84,96,0.3,0.3,9.7,276,21.41,4.41,929.1,23.2,652.0,30.333918,77.97186
UK-DDN,2023-07-31,26.7,30.8,23.1,83,96,2.5,2.5,9.8,278,19.42,4.08,928.6,23.4,652.0,30.333918,77.97186
UK-DDN,2023-08-01,27.4,31.5,23.5,81,93,4.0,4.0,11.9,125,22.21,4.75,927.6,23.7,652.0,30.333918,77.97186
UK-DDN,2023-08-02,26.5,30.9,24.5,89,97,8.7,8.7,8.4,152,15.54,3.23,928.5,24.5,652.0,30.333918,77.97186
UK-DDN,2023-08-03,26.9,31.3,23.8,86,98,7.5,7.5,8.6,248,20.25,4.24,928.6,24.2,652.0,30.333918,77.97186
UK-DDN,2023-08-04,25.3,28.0,23.8,92,98,20.0,20.0,4.6,360,8.46,1.82,931.1,23.8,652.0,30.333918,77.97186
UK-DDN,2023-08-05,26.5,31.2,23.2,82,99,4.2,4.2,10.2,269,21.35,4.43,931.9,23.1,652.0,30.333918,77.97186
UK-DDN,2023-08-06,25.7,29.6,23.4,91,100,5.6,5.6,13.3,267,15.98,3.28,929.0,24.0,652.0,30.333918,77.97186
UK-DDN,2023-08-07,25.5,28.9,23.2,90,100,4.9,4.9,13.0,254,13.04,2.74,926.6,23.6,652.0,30.333918,77.97186
UK-DDN,2023-08-08,25.9,30.8,22.7,87,99,8.2,8.2,13.7,216,20.11,4.14,927.7,23.4,652.0,30.333918,77.97186
UK-DDN,2023-08-09,26.1,30.6,23.1,87,100,5.9,5.9,9.5,248,20.01,4.15,931.5,23.7,652.0,30.333918,77.97186
UK-DDN,2023-08-10,25.5,28.8,23.2,91,99,4.8,4.8,9.6,246,12.12,2.56,933.2,23.8,652.0,30.333918,77.97186
UK-DDN,2023-08-11,25.8,30.1,23.3,90,99,17.1,17.1,11.5,265,15.88,3.28,933.1,23.9,652.0,30.333918,77.97186
UK-DDN,2023-08-12,25.8,28.4,24.0,91,98,11.7,11.7,13.0,267,12.95,2.66,930.7,24.2,652.0,30.333918,77.97186
UK-DDN,2023-08-13,25.4,28.7,23.5,90,99,19.9,19.9,12.9,210,13.55,2.79,929.2,23.6,652.0,30.333918,77.97186
UK-DDN,2023-08-14,24.0,26.3,22.6,91,100,65.4,65.4,15.6,129,8.23,1.74,933.4,22.4,652.0,30.333918,77.97186
UK-DDN,2023-08-15,25.6,29.5,22.3,83,96,0.9,0.9,8.7,276,20.78,4.25,933.6,22.4,652.0,30.333918,77.97186
UK-DDN,2023-08-16,26.7,31.2,22.7,81,94,0.1,0.1,11.2,259,22.52,4.74,932.7,23.1,652.0,30.333918,77.97186
UK-DDN,2023-08-17,26.4,31.1,22.8,84,96,9.0,9.0,10.1,157,20.76,4.34,932.2,23.5,652.0,30.333918,77.97186
UK-DDN,2023-08-18,26.7,31.3,22.1,83,94,12.4,12.4,9.0,135,20.91,4.37,933.1,23.4,652.0,30.333918,77.97186
UK-DDN,2023-08-19,27.4,32.1,24.0,79,93,1.7,1.7,11.3,134,20.94,4.44,934.1,23.2,652.0,30.333918,77.97186
UK-DDN,2023-08-20,26.5,30.8,23.5,85,97,11.8,11.8,9.0,276,19.74,4.08,934.6,23.6,652.0,30.333918,77.97186
UK-DDN,2023-08-21,26.6,30.3,23.9,87,98,9.5,9.5,8.2,269,18.04,3.71,932.8,24.1,652.0,30.333918,77.97186
UK-DDN,2023-08-22,25.3,27.0,23.8,94,100,16.8,16.8,6.8,170,9.63,2.01,930.9,24.3,652.0,30.333918,77.97186
UK-DDN,2023-08-23,23.5,24.5,22.2,97,99,107.5,107.5,7.7,180,3.81,0.87,930.2,23.0,652.0,30.333918,77.97186
UK-DDN,2023-08-24,25.2,29.6,22.2,86,100,2.2,2.2,10.1,272,19.62,3.98,928.8,22.6,652.0,30.333918,77.97186
UK-DDN,2023-08-25,25.3,30.1,22.3,87,100,7.4,7.4,11.7,282,19.98,4.09,929.0,22.7,652.0,30.333918,77.97186
UK-DDN,2023-08-26,25.1,29.7,20.4,84,99,8.7,8.7,13.6,272,21.62,4.4,930.6,22.1,652.0,30.333918,77.97186
UK-DDN,2023-08-27,25.2,29.3,21.4,83,95,1.0,1.0,12.9,307,20.34,4.15,930.2,21.9,652.0,30.333918,77.97186
UK-DDN,2023-08-28,25.1,29.3,22.0,82,94,3.5,3.5,11.2,309,21.15,4.29,930.1,21.6,652.0,30.333918,77.97186
UK-DDN,2023-08-29,25.3,30.7,20.3,80,95,0.0,0.0,9.8,274,23.32,4.81,932.4,21.3,652.0,30.333918,77.97186
UK-DDN,2023-08-30,25.9,30.8,21.4,79,95,0.0,0.0,7.6,257,21.77,4.57,934.0,21.8,652.0,30.333918,77.97186
UK-DDN,2023-08-31,26.6,31.4,21.6,79,94,0.8,0.8,7.2,257,21.2,4.49,934.9,22.3,652.0,30.333918,77.97186
UK-DDN,2023-09-01,27.0,31.5,22.7,80,93,0.8,0.8,11.3,257,21.23,4.52,934.6,23.0,652.0,30.333918,77.97186
UK-DDN,2023-09-02,26.7,31.1,22.7,82,94,0.9,0.9,14.1,265,20.55,4.37,933.0,23.2,652.0,30.333918,77.97186
UK-DDN,2023-09-03,26.8,31.7,23.5,82,96,0.3,0.3,11.6,271,21.14,4.48,932.4,23.4,652.0,30.333918,77.97186
UK-DDN,2023-09-04,26.8,32.1,22.4,80,94,0.0,0.0,9.3,293,21.87,4.64,932.4,22.8,652.0,30.333918,77.97186
UK-DDN,2023-09-05,26.7,31.8,21.7,73,91,0.2,0.2,9.4,300,21.01,4.6,933.8,21.0,652.0,30.333918,77.97186
UK-DDN,2023-09-06,26.8,33.2,21.6,68,86,0.0,0.0,6.9,317,21.66,4.76,934.4,19.8,652.0,30.333918,77.97186
UK-DDN,2023-09-07,27.1,32.9,21.6,68,85,0.3,0.3,8.6,327,21.58,4.81,934.0,20.3,652.0,30.333918,77.97186
UK-DDN,2023-09-08,26.3,30.6,22.9,79,93,5.2,5.2,6.6,318,18.6,3.87,934.5,22.2,652.0,30.333918,77.97186
UK-DDN,2023-09-09,25.0,28.5,22.0,85,97,3.2,3.2,8.2,295,15.58,3.19,933.6,22.2,652.0,30.333918,77.97186
UK-DDN,2023-09-10,22.7,24.3,21.8,94,98,39.8,39.8,5.9,277,4.59,0.97,931.8,21.7,652.0,30.333918,77.97186
UK-DDN,2023-09-11,25.8,31.0,21.5,80,95,0.2,0.2,6.9,297,20.31,4.23,931.8,21.8,652.0,30.333918,77.97186
UK-DDN,2023-09-12,26.4,30.1,22.6,81,93,1.7,1.7,6.8,234,19.09,3.94,932.2,22.8,652.0,30.333918,77.97186
UK-DDN,2023-09-13,26.0,30.1,23.2,87,97,1.9,1.9,6.4,159,15.91,3.25,932.7,23.6,652.0,30.333918,77.97186
UK-DDN,2023-09-14,26.2,29.6,23.5,85,96,3.2,3.2,6.1,128,17.67,3.65,934.1,23.3,652.0,30.333918,77.97186
UK-DDN,2023-09-15,25.3,29.0,23.0,84,93,11.6,11.6,8.1,34,11.51,2.43,935.2,22.2,652.0,30.333918,77.97186
UK-DDN,2023-09-16,26.2,30.8,23.0,79,93,1.4,1.4,9.2,76,18.26,3.84,934.7,22.0,652.0,30.333918,77.97186
UK-DDN,2023-09-17,25.5,28.6,23.8,84,94,4.8,4.8,7.2,67,14.05,2.92,933.5,22.6,652.0,30.333918,77.97186
UK-DDN,2023-09-18,24.9,29.3,22.1,83,92,2.1,2.1,7.2,107,16.71,3.36,934.0,21.7,652.0,30.333918,77.97186
UK-DDN,2023-09-19,25.7,30.2,21.0,76,91,0.0,0.0,6.2,288,19.49,4.05,935.8,21.0,652.0,30.333918,77.97186
UK-DDN,2023-09-20,25.8,29.5,23.2,82,96,1.2,1.2,10.0,232,18.86,3.88,935.9,22.3,652.0,30.333918,77.97186
UK-DDN,2023-09-21,25.2,29.2,21.9,82,98,1.2,1.2,8.8,143,18.57,3.79,935.1,21.9,652.0,30.333918,77.97186
UK-DDN,2023-09-22,24.4,28.5,22.1,85,96,1.9,1.9,7.7,117,17.26,3.43,935.4,21.6,652.0,30.333918,77.97186
UK-DDN,2023-09-23,24.1,28.0,21.3,85,96,1.9,1.9,6.6,218,17.49,3.46,935.8,21.4,652.0,30.333918,77.97186
UK-DDN,2023-09-24,24.1,28.3,20.6,83,94,0.7,0.7,8.4,287,18.46,3.7,935.0,20.8,652.0,30.333918,77.97186
UK-DDN,2023-09-25,24.1,28.8,19.9,80,93,0.4,0.4,8.8,343,19.3,3.92,935.5,20.2,652.0,30.333918,77.97186
UK-DDN,2023-09-26,24.1,28.9,20.8,80,93,1.0,1.0,7.3,62,19.32,3.92,936.6,20.3,652.0,30.333918,77.97186
UK-DDN,2023-09-27,24.4,30.0,20.2,79,93,0.0,0.0,8.3,18,20.13,4.14,935.6,20.3,652.0,30.333918,77.97186
UK-DDN,2023-09-28,24.0,30.0,19.0,75,91,0.0,0.0,8.5,90,19.94,4.09,935.3,18.9,652.0,30.333918,77.97186
UK-DDN,2023-09-29,24.6,30.6,20.1,72,90,0.0,0.0,6.2,50,19.32,3.98,935.5,18.8,652.0,30.333918,77.97186
UK-DDN,2023-09-30,24.8,31.6,20.1,70,85,0.0,0.0,9.2,8,18.64,3.96,935.4,18.3,652.0,30.333918,77.97186
UK-DDN,2023-10-01,24.2,28.9,19.8,76,92,0.0,0.0,14.5,6,18.2,3.82,935.2,19.5,652.0,30.333918,77.97186
UK-DDN,2023-10-02,24.4,30.9,19.7,69,91,0.0,0.0,10.6,347,19.03,4.09,935.5,17.6,652.0,30.333918,77.97186
UK-DDN,2023-10-03,23.7,30.0,18.2,69,88,0.0,0.0,8.4,325,19.0,4.04,935.5,17.2,652.0,30.333918,77.97186
UK-DDN,2023-10-04,24.2,29.5,18.7,68,83,0.0,0.0,9.7,297,19.3,4.1,935.9,17.5,652.0,30.333918,77.97186
UK-DDN,2023-10-05,23.7,29.0,19.0,71,90,0.0,0.0,9.7,318,19.21,4.01,935.5,17.9,652.0,30.333918,77.97186
UK-DDN,2023-10-06,23.3,29.4,18.2,74,89,0.0,0.0,9.0,309,18.4,3.77,934.5,18.2,652.0,30.333918,77.97186
UK-DDN,2023-10-07,23.1,29.0,18.4,75,93,0.0,0.0,8.7,4,18.84,3.83,935.9,18.1,652.0,30.333918,77.97186
UK-DDN,2023-10-08,23.6,29.5,18.2,73,91,0.0,0.0,10.2,332,18.82,3.88,936.4,18.2,652.0,30.333918,77.97186
UK-DDN,2023-10-09,23.2,29.9,18.0,71,85,0.0,0.0,11.5,329,18.78,3.92,937.1,17.3,652.0,30.333918,77.97186
UK-DDN,2023-10-10,23.2,30.0,18.0,61,77,0.3,0.3,11.1,338,15.38,3.54,938.0,14.7,652.0,30.333918,77.97186
UK-DDN,2023-10-11,22.8,29.0,16.8,57,77,0.0,0.0,8.8,10,18.65,3.99,938.1,13.4,652.0,30.333918,77.97186
UK-DDN,2023-10-12,22.1,28.7,16.8,65,87,0.0,0.0,9.2,10,18.55,3.82,939.4,14.9,652.0,30.333918,77.97186
UK-DDN,2023-10-13,22.6,28.0,18.5,69,87,0.0,0.0,7.6,71,18.03,3.7,940.5,16.4,652.0,30.333918,77.97186
UK-DDN,2023-10-14,22.4,28.2,16.8,72,89,0.0,0.0,11.0,347,17.38,3.49,939.7,16.7,652.0,30.333918,77.97186
UK-DDN,2023-10-15,21.7,28.1,16.4,64,80,0.0,0.0,8.2,325,16.81,3.45,938.0,14.3,652.0,30.333918,77.97186
UK-DDN,2023-10-16,18.7,23.8,14.4,71,87,8.2,8.2,14.5,21,6.92,1.73,939.0,13.1,652.0,30.333918,77.97186
UK-DDN,2023-10-17,19.1,25.4,13.3,63,88,0.6,0.6,7.1,346,14.71,2.98,941.9,11.6,652.0,30.333918,77.97186
UK-DDN,2023-10-18,18.9,25.8,12.7,65,88,0.0,0.0,8.6,313,17.38,3.41,941.4,11.7,652.0,30.333918,77.97186
UK-DDN,2023-10-19,18.6,25.5,12.7,64,88,0.0,0.0,6.2,301,17.14,3.31,941.0,11.3,652.0,30.333918,77.97186
UK-DDN,2023-10-20,19.2,26.0,13.4,64,83,0.0,0.0,7.6,349,17.25,3.33,941.9,11.9,652.0,30.333918,77.97186
UK-DDN,2023-10-21,19.8,26.2,14.8,66,86,0.0,0.0,7.2,24,16.53,3.21,942.6,13.0,652.0,30.333918,77.97186
UK-DDN,2023-10-22,19.1,25.8,14.3,70,86,0.0,0.0,8.8,347,14.86,2.96,943.1,13.2,652.0,30.333918,77.97186
UK-DDN,2023-10-23,19.5,26.3,14.6,66,93,0.2,0.2,7.6,24,16.1,3.18,941.4,12.4,652.0,30.333918,77.97186
UK-DDN,2023-10-24,19.0,27.2,13.1,58,72,0.0,0.0,7.3,352,16.39,3.3,940.6,10.0,652.0,30.333918,77.97186
UK-DDN,2023-10-25,19.2,27.5,13.6,60,79,0.0,0.0,8.3,329,16.14,3.22,941.2,10.6,652.0,30.333918,77.97186
UK-DDN,2023-10-26,19.2,26.9,13.5,65,86,0.0,0.0,7.6,358,16.34,3.23,940.6,12.0,652.0,30.333918,77.97186
UK-DDN,2023-10-27,20.1,26.1,15.6,61,87,0.0,0.0,6.7,23,16.21,3.19,940.2,11.7,652.0,30.333918,77.97186
UK-DDN,2023-10-28,19.1,25.5,14.5,69,86,0.0,0.0,6.1,33,15.79,3.04,940.6,12.9,652.0,30.333918,77.97186
UK-DDN,2023-10-29,18.8,25.3,14.3,72,84,0.0,0.0,8.1,357,15.03,2.85,941.0,13.3,652.0,30.333918,77.97186
UK-DDN,2023-10-30,19.8,26.1,15.4,74,92,0.0,0.0,8.2,324,15.33,2.93,941.9,14.7,652.0,30.333918,77.97186
UK-DDN,2023-10-31,19.6,26.1,14.8,70,88,0.0,0.0,6.3,52,15.2,2.94,943.1,13.6,652.0,30.333918,77.97186
UK-DDN,2023-11-01,19.3,26.6,14.6,69,83,0.0,0.0,6.5,312,15.1,2.97,943.4,13.1,652.0,30.333918,77.97186
UK-DDN,2023-11-02,19.2,25.7,13.5,59,75,0.0,0.0,6.3,349,15.29,3.01,941.5,10.6,652.0,30.333918,77.97186
UK-DDN,2023-11-03,18.8,24.9,13.4,63,83,0.0,0.0,5.8,359,14.29,2.72,939.0,11.1,652.0,30.333918,77.97186
UK-DDN,2023-11-04,17.8,25.2,12.7,69,84,0.0,0.0,8.0,325,14.71,2.79,939.2,11.7,652.0,30.333918,77.97186
UK-DDN,2023-11-05,18.0,24.6,12.7,72,91,0.0,0.0,7.4,53,14.75,2.77,940.7,12.5,652.0,30.333918,77.97186
UK-DDN,2023-11-06,17.6,24.1,12.6,80,94,0.0,0.0,7.1,329,14.2,2.57,942.4,13.8,652.0,30.333918,77.97186
UK-DDN,2023-11-07,16.9,24.2,11.7,81,98,0.0,0.0,7.5,334,14.62,2.64,941.3,13.2,652.0,30.333918,77.97186
UK-DDN,2023-11-08,17.8,24.6,12.4,70,83,0.0,0.0,5.8,354,14.32,2.68,940.2,12.0,652.0,30.333918,77.97186
UK-DDN,2023-11-09,18.6,24.7,13.4,67,85,0.0,0.0,7.4,357,14.19,2.7,940.7,12.0,652.0,30.333918,77.97186
UK-DDN,2023-11-10,17.0,22.5,13.2,77,95,4.5,4.5,11.8,13,8.32,1.68,942.9,12.8,652.0,30.333918,77.97186
UK-DDN,2023-11-11,16.2,21.7,12.3,79,93,0.7,0.7,10.6,327,13.06,2.32,943.4,12.3,652.0,30.333918,77.97186
UK-DDN,2023-11-12,16.8,22.9,11.0,74,85,0.0,0.0,8.1,297,13.86,2.45,943.3,11.9,652.0,30.333918,77.97186
UK-DDN,2023-11-13,17.4,23.1,12.6,70,90,0.0,0.0,6.1,19,13.68,2.46,943.9,11.5,652.0,30.333918,77.97186
UK-DDN,2023-11-14,17.1,23.8,12.6,70,91,0.0,0.0,8.2,334,13.38,2.49,943.2,11.4,652.0,30.333918,77.97186
UK-DDN,2023-11-15,17.1,24.4,12.3,68,85,0.0,0.0,7.4,342,13.53,2.52,942.9,10.9,652.0,30.333918,77.97186
UK-DDN,2023-11-16,18.0,23.7,13.0,62,88,0.0,0.0,5.0,13,13.09,2.41,944.4,10.2,652.0,30.333918,77.97186
UK-DDN,2023-11-17,16.8,24.3,12.1,69,86,0.0,0.0,7.4,326,13.42,2.47,943.8,10.8,652.0,30.333918,77.97186
UK-DDN,2023-11-18,17.1,23.3,12.0,67,86,0.0,0.0,7.6,41,13.16,2.46,942.4,10.6,652.0,30.333918,77.97186
UK-DDN,2023-11-19,17.1,22.0,12.1,74,95,0.0,0.0,8.6,53,12.38,2.19,943.6,12.2,652.0,30.333918,77.97186
UK-DDN,2023-11-20,15.5,22.0,11.1,84,97,0.0,0.0,8.0,319,12.85,2.22,943.1,12.7,652.0,30.333918,77.97186
UK-DDN,2023-11-21,15.6,22.4,10.6,80,96,0.0,0.0,8.6,336,12.95,2.31,941.4,11.9,652.0,30.333918,77.97186
UK-DDN,2023-11-22,17.0,22.5,10.8,66,94,0.0,0.0,8.1,343,13.09,2.4,939.5,10.1,652.0,30.333918,77.97186
UK-DDN,2023-11-23,15.2,20.4,11.0,77,90,0.0,0.0,5.6,61,12.56,2.11,940.0,11.1,652.0,30.333918,77.97186
UK-DDN,2023-11-24,14.8,22.4,9.9,74,88,0.0,0.0,6.2,328,12.58,2.22,941.5,10.0,652.0,30.333918,77.97186
UK-DDN,2023-11-25,16.2,23.1,11.1,67,89,0.0,0.0,5.1,1,12.52,2.29,942.6,9.7,652.0,30.333918,77.97186
UK-DDN,2023-11-26,16.5,22.2,10.6,64,83,0.0,0.0,5.5,38,11.01,2.0,944.0,9.4,652.0,30.333918,77.97186
UK-DDN,2023-11-27,16.1,20.0,12.6,71,86,0.0,0.0,8.5,56,6.04,1.38,942.0,10.8,652.0,30.333918,77.97186
UK-DDN,2023-11-28,15.0,21.1,11.2,77,91,0.1,0.1,6.9,17,5.12,1.09,941.4,10.9,652.0,30.333918,77.97186
UK-DDN,2023-11-29,15.9,21.1,10.9,64,82,0.0,0.0,6.0,18,11.67,2.16,941.8,9.0,652.0,30.333918,77.97186
UK-DDN,2023-11-30,14.2,18.8,11.0,82,93,16.8,16.8,11.5,37,6.72,1.23,942.8,11.1,652.0,30.333918,77.97186
UK-DDN,2023-12-01,15.0,21.7,10.4,75,93,0.0,0.0,12.0,12,11.73,2.09,942.5,10.3,652.0,30.333918,77.97186
UK-DDN,2023-12-02,15.6,21.0,10.4,71,92,0.0,0.0,6.3,359,11.34,1.98,942.8,10.1,652.0,30.333918,77.97186
UK-DDN,2023-12-03,14.7,21.1,10.2,70,89,0.0,0.0,7.9,46,12.16,2.12,943.0,9.0,652.0,30.333918,77.97186
UK-DDN,2023-12-04,14.2,20.5,9.2,71,89,0.0,0.0,11.8,348,10.32,1.92,941.4,8.9,652.0,30.333918,77.97186
UK-DDN,2023-12-05,13.4,20.2,8.8,74,88,0.0,0.0,5.7,334,11.4,1.95,940.8,8.6,652.0,30.333918,77.97186
UK-DDN,2023-12-06,14.2,21.9,9.1,66,80,0.0,0.0,7.1,360,11.75,2.05,941.5,7.7,652.0,30.333918,77.97186
UK-DDN,2023-12-07,14.7,21.6,9.9,66,83,0.0,0.0,8.9,335,11.83,2.18,941.1,8.2,652.0,30.333918,77.97186
UK-DDN,2023-12-08,15.4,20.4,11.1,63,87,0.0,0.0,8.8,336,11.97,2.08,940.4,8.2,652.0,30.333918,77.97186
UK-DDN,2023-12-09,13.8,19.0,10.0,68,89,0.0,0.0,7.6,15,12.05,2.01,940.5,7.7,652.0,30.333918,77.97186
UK-DDN,2023-12-10,13.1,18.6,6.9,70,88,0.0,0.0,5.6,354,12.18,1.98,938.3,7.5,652.0,30.333918,77.97186
UK-DDN,2023-12-11,12.7,17.5,7.8,74,96,0.0,0.0,5.2,46,10.97,1.74,939.9,8.0,652.0,30.333918,77.97186
UK-DDN,2023-12-12,11.0,17.5,6.7,79,95,0.0,0.0,8.5,342,11.66,1.81,939.3,7.1,652.0,30.333918,77.97186
UK-DDN,2023-12-13,11.2,18.4,6.4,72,86,0.0,0.0,8.9,349,11.87,1.94,940.4,6.0,652.0,30.333918,77.97186
UK-DDN,2023-12-14,13.1,18.6,7.4,64,82,0.0,0.0,5.9,36,11.8,1.97,941.0,6.3,652.0,30.333918,77.97186
UK-DDN,2023-12-15,12.9,18.3,9.3,71,94,0.0,0.0,7.1,328,10.84,1.85,942.6,7.4,652.0,30.333918,77.97186
UK-DDN,2023-12-16,11.8,17.8,7.9,79,93,0.0,0.0,7.2,332,11.61,1.82,941.1,8.1,652.0,30.333918,77.97186
UK-DDN,2023-12-17,11.5,17.6,6.5,64,86,0.0,0.0,7.9,337,11.87,1.98,941.9,4.7,652.0,30.333918,77.97186
UK-DDN,2023-12-18,12.5,18.7,7.2,58,85,0.0,0.0,6.9,340,12.01,2.1,942.7,4.3,652.0,30.333918,77.97186
UK-DDN,2023-12-19,12.8,18.7,7.3,60,84,0.0,0.0,7.1,340,12.16,2.08,942.9,4.9,652.0,30.333918,77.97186
UK-DDN,2023-12-20,12.8,17.1,9.9,69,91,0.0,0.0,4.8,330,11.87,1.82,943.5,6.9,652.0,30.333918,77.97186
UK-DDN,2023-12-21,12.1,19.7,6.9,72,88,0.0,0.0,7.3,335,11.78,1.96,941.8,6.9,652.0,30.333918,77.97186
UK-DDN,2023-12-22,15.0,19.9,10.5,61,74,0.0,0.0,5.8,16,11.8,2.03,942.4,7.2,652.0,30.333918,77.97186
UK-DDN,2023-12-23,14.4,19.4,10.1,65,81,0.3,0.3,8.0,1,11.46,2.0,945.0,7.8,652.0,30.333918,77.97186
UK-DDN,2023-12-24,13.9,20.5,8.3,64,86,0.0,0.0,6.9,345,11.61,2.07,945.5,6.9,652.0,30.333918,77.97186
UK-DDN,2023-12-25,14.4,18.6,10.7,62,83,0.0,0.0,6.8,52,11.77,1.99,943.5,6.9,652.0,30.333918,77.97186
UK-DDN,2023-12-26,13.6,17.5,10.6,68,82,0.0,0.0,8.2,55,10.23,1.73,943.6,7.8,652.0,30.333918,77.97186
UK-DDN,2023-12-27,13.3,19.5,8.6,73,90,0.0,0.0,7.2,346,11.73,1.99,944.6,8.4,652.0,30.333918,77.97186
UK-DDN,2023-12-28,13.3,18.9,8.6,72,92,0.0,0.0,6.9,73,11.68,1.9,943.2,8.2,652.0,30.333918,77.97186
UK-DDN,2023-12-29,12.1,18.9,6.7,81,96,0.0,0.0,5.8,358,11.55,1.86,943.8,8.7,652.0,30.333918,77.97186
UK-DDN,2023-12-30,12.1,19.2,8.0,81,93,0.0,0.0,7.2,331,10.34,1.7,942.4,8.6,652.0,30.333918,77.97186
UK-DDN,2023-12-31,13.2,18.8,9.4,77,100,0.0,0.0,7.6,311,11.79,1.92,942.4,8.9,652.0,30.333918,77.97186
