site_id,date,temperature_2m_mean,temperature_2m_max,temperature_2m_min,relative_humidity_2m_mean,relative_humidity_2m_max,precipitation_sum,rain_sum,wind_speed_10m_max,wind_direction_10m_dominant,shortwave_radiation_sum,et0_fao_evapotranspiration,surface_pressure_mean,dew_point_2m_mean,elevation_m,lat,lon
UK-NTL,2020-12-01,11.0,15.6,5.3,68,100,0.0,0.0,6.5,169,13.93,2.18,810.9,4.6,1938.0,29.420034,79.50346
UK-NTL,2020-12-02,9.8,15.4,5.3,71,100,0.0,0.0,5.9,188,14.0,2.13,808.3,4.1,1938.0,29.420034,79.50346
UK-NTL,2020-12-03,9.2,13.8,6.1,75,96,0.0,0.0,6.6,164,13.9,2.0,808.0,4.8,1938.0,29.420034,79.50346
UK-NTL,2020-12-04,7.9,13.4,3.7,80,100,0.0,0.0,6.5,166,13.76,1.98,806.5,4.1,1938.0,29.420034,79.50346
UK-NTL,2020-12-05,9.3,14.0,4.2,64,90,0.0,0.0,7.1,250,13.69,2.03,808.1,2.6,1938.0,29.420034,79.50346
UK-NTL,2020-12-06,9.9,15.7,4.1,59,83,0.0,0.0,8.5,315,13.7,2.2,809.7,1.7,1938.0,29.420034,79.50346
UK-NTL,2020-12-07,9.9,16.0,4.8,60,86,0.0,0.0,7.4,291,13.81,2.21,809.7,1.6,1938.0,29.420034,79.50346
UK-NTL,2020-12-08,11.3,15.9,8.2,54,75,0.0,0.0,6.9,299,13.63,2.22,810.9,2.3,1938.0,29.420034,79.50346
UK-NTL,2020-12-09,12.5,17.4,8.7,50,75,0.0,0.0,8.6,300,13.67,2.51,810.0,1.8,1938.0,29.420034,79.50346
UK-NTL,2020-12-10,12.3,17.0,9.2,46,68,0.0,0.0,9.7,312,13.81,2.59,809.7,0.1,1938.0,29.420034,79.50346
UK-NTL,2020-12-11,10.6,16.4,3.2,45,66,0.0,0.0,8.1,283,10.79,2.01,809.1,-1.6,1938.0,29.420034,79.50346
UK-NTL,2020-12-12,7.1,11.2,2.6,72,94,2.9,2.9,9.0,21,7.89,1.22,807.5,2.2,1938.0,29.420034,79.50346
UK-NTL,2020-12-13,7.5,12.5,3.3,72,90,0.0,0.0,6.9,23,13.86,1.95,805.7,2.4,1938.0,29.420034,79.50346
UK-NTL,2020-12-14,8.6,12.6,4.9,58,78,0.0,0.0,6.2,133,14.04,2.04,806.7,0.3,1938.0,29.420034,79.50346
UK-NTL,2020-12-15,7.8,11.8,5.4,44,82,0.0,0.0,5.8,145,14.01,2.16,808.4,-5.2,1938.0,29.420034,79.50346
UK-NTL,2020-12-16,6.0,10.6,1.7,50,92,0.0,0.0,6.6,158,13.95,2.03,808.4,-5.0,1938.0,29.420034,79.50346
UK-NTL,2020-12-17,7.2,12.3,1.8,48,76,0.0,0.0,6.6,300,14.12,2.03,807.3,-3.8,1938.0,29.420034,79.50346
UK-NTL,2020-12-18,8.9,13.2,3.5,31,60,0.0,0.0,6.9,333,14.3,2.26,806.9,-8.7,1938.0,29.420034,79.50346
UK-NTL,2020-12-19,8.7,14.4,1.9,38,61,0.0,0.0,6.5,334,14.21,2.32,807.5,-6.1,1938.0,29.420034,79.50346
UK-NTL,2020-12-20,10.7,16.0,6.0,36,53,0.0,0.0,7.6,348,14.07,2.43,809.3,-4.1,1938.0,29.420034,79.50346
UK-NTL,2020-12-21,10.4,14.2,7.1,46,66,0.0,0.0,4.3,138,10.85,1.73,808.6,-1.1,1938.0,29.420034,79.50346
UK-NTL,2020-12-22,8.9,15.0,3.9,56,92,0.0,0.0,5.0,318,13.01,1.93,807.5,-0.1,1938.0,29.420034,79.50346
UK-NTL,2020-12-23,9.4,14.3,6.1,51,88,0.0,0.0,5.9,207,13.94,2.05,807.0,-1.6,1938.0,29.420034,79.50346
UK-NTL,2020-12-24,8.0,12.7,3.5,50,83,0.0,0.0,7.2,231,13.99,2.04,806.2,-2.8,1938.0,29.420034,79.50346
UK-NTL,2020-12-25,8.2,14.3,2.9,39,62,0.0,0.0,5.2,34,14.05,2.06,806.7,-5.9,1938.0,29.420034,79.50346
UK-NTL,2020-12-26,10.9,15.4,4.8,36,81,0.0,0.0,5.9,217,14.02,2.24,808.0,-6.2,1938.0,29.420034,79.50346
UK-NTL,2020-12-27,7.4,13.0,3.3,40,67,0.0,0.0,7.1,139,14.26,2.04,804.9,-6.3,1938.0,29.420034,79.50346
UK-NTL,2020-12-28,4.6,7.9,1.4,73,91,2.3,2.3,9.0,131,9.81,1.31,804.9,-0.1,1938.0,29.420034,79.50346
UK-NTL,2020-12-29,5.8,10.0,1.7,67,100,0.0,0.0,6.6,146,13.87,1.86,806.0,-0.3,1938.0,29.420034,79.50346
UK-NTL,2020-12-30,4.8,9.9,0.1,67,91,0.0,0.0,7.4,124,12.74,1.72,806.2,-1.3,1938.0,29.420034,79.50346
UK-NTL,2020-12-31,8.3,14.4,2.1,43,67,0.0,0.0,4.8,71,13.95,2.04,807.8,-4.1,1938.0,29.420034,79.50346
UK-NTL,2021-01-01,8.2,12.9,3.4,42,76,0.0,0.0,5.8,129,14.48,2.16,808.0,-5.3,1938.0,29.420034,79.50346
UK-NTL,2021-01-02,8.7,14.0,1.0,44,69,0.0,0.0,6.0,330,11.97,1.94,808.7,-3.6,1938.0,29.420034,79.50346
UK-NTL,2021-01-03,9.0,13.2,6.2,68,87,3.6,3.6,8.7,59,8.39,1.4,808.9,3.1,1938.0,29.420034,79.50346
UK-NTL,2021-01-04,9.1,12.5,5.2,76,91,1.1,1.1,6.9,85,6.12,1.06,809.6,4.9,1938.0,29.420034,79.50346
UK-NTL,2021-01-05,9.3,13.6,5.5,73,94,2.4,2.4,8.4,108,9.58,1.56,810.0,4.4,1938.0,29.420034,79.50346
UK-NTL,2021-01-06,7.1,9.7,4.6,83,96,6.3,6.3,10.1,38,6.09,0.88,808.2,4.3,1938.0,29.420034,79.50346
UK-NTL,2021-01-07,9.2,14.0,4.2,62,85,0.0,0.0,6.0,166,14.31,2.1,807.0,2.0,1938.0,29.420034,79.50346
UK-NTL,2021-01-08,10.8,15.0,5.7,35,68,0.0,0.0,5.7,146,14.71,2.4,807.5,-5.0,1938.0,29.420034,79.50346
UK-NTL,2021-01-09,12.3,16.6,6.5,43,72,0.0,0.0,9.2,282,13.82,2.57,808.9,-1.1,1938.0,29.420034,79.50346
UK-NTL,2021-01-10,11.9,15.7,5.9,50,71,0.0,0.0,6.8,282,14.48,2.42,807.9,1.4,1938.0,29.420034,79.50346
UK-NTL,2021-01-11,11.9,16.8,5.8,35,60,0.0,0.0,7.9,5,15.44,2.52,807.0,-3.8,1938.0,29.420034,79.50346
UK-NTL,2021-01-12,9.9,15.1,3.7,48,82,0.0,0.0,6.2,337,15.68,2.36,805.9,-1.4,1938.0,29.420034,79.50346
UK-NTL,2021-01-13,8.2,13.4,3.6,62,93,0.0,0.0,6.0,59,15.54,2.26,804.4,0.5,1938.0,29.420034,79.50346
UK-NTL,2021-01-14,5.7,10.8,1.5,80,100,0.0,0.0,4.6,162,14.58,1.95,804.9,2.2,1938.0,29.420034,79.50346
UK-NTL,2021-01-15,6.7,11.5,3.5,78,100,0.0,0.0,5.7,160,13.96,1.91,804.6,2.8,1938.0,29.420034,79.50346
UK-NTL,2021-01-16,8.2,14.9,2.4,72,99,0.0,0.0,5.6,300,15.18,2.25,803.6,2.9,1938.0,29.420034,79.50346
UK-NTL,2021-01-17,6.8,11.2,2.9,76,100,0.0,0.0,6.2,163,13.28,1.82,806.1,2.6,1938.0,29.420034,79.50346
UK-NTL,2021-01-18,7.6,12.9,2.4,75,98,0.0,0.0,6.6,120,13.49,1.97,808.0,2.9,1938.0,29.420034,79.50346
UK-NTL,2021-01-19,8.3,13.0,4.5,63,97,0.0,0.0,9.2,309,15.14,2.24,805.3,1.1,1938.0,29.420034,79.50346
UK-NTL,2021-01-20,7.6,12.4,2.4,58,96,0.0,0.0,7.1,310,15.72,2.22,803.7,-1.3,1938.0,29.420034,79.50346
UK-NTL,2021-01-21,8.1,14.0,1.8,67,97,0.0,0.0,5.6,322,15.78,2.32,803.3,1.4,1938.0,29.420034,79.50346
UK-NTL,2021-01-22,7.1,12.3,2.6,76,100,0.0,0.0,6.0,168,15.41,2.13,805.6,2.8,1938.0,29.420034,79.50346
UK-NTL,2021-01-23,6.6,12.2,2.0,76,99,0.0,0.0,7.4,188,15.58,2.18,804.5,1.9,1938.0,29.420034,79.50346
UK-NTL,2021-01-24,6.5,10.7,2.1,65,100,0.0,0.0,9.3,178,14.79,2.02,805.6,-0.2,1938.0,29.420034,79.50346
UK-NTL,2021-01-25,5.5,10.6,1.2,76,100,0.0,0.0,6.9,179,15.87,2.13,806.1,1.1,1938.0,29.420034,79.50346
UK-NTL,2021-01-26,5.1,11.2,0.7,79,100,0.0,0.0,7.1,233,16.11,2.16,805.2,0.9,1938.0,29.420034,79.50346
UK-NTL,2021-01-27,6.2,12.6,0.1,59,100,0.0,0.0,7.4,216,16.91,2.42,805.6,-2.7,1938.0,29.420034,79.50346
UK-NTL,2021-01-28,5.2,10.8,-0.8,63,100,0.0,0.0,6.9,158,16.58,2.28,806.0,-2.3,1938.0,29.420034,79.50346
UK-NTL,2021-01-29,4.3,10.3,-0.6,75,100,0.7,0.7,8.4,210,16.36,2.16,805.2,-0.5,1938.0,29.420034,79.50346
UK-NTL,2021-01-30,5.8,11.0,0.2,66,95,0.0,0.0,8.2,245,16.78,2.25,804.8,-0.9,1938.0,29.420034,79.50346
UK-NTL,2021-01-31,5.1,10.9,0.4,70,99,0.0,0.0,8.4,223,16.04,2.13,805.8,-0.6,1938.0,29.420034,79.50346
UK-NTL,2021-02-01,6.6,12.9,0.3,68,90,0.0,0.0,8.2,291,16.79,2.39,808.3,0.5,1938.0,29.420034,79.50346
UK-NTL,2021-02-02,7.6,14.8,1.7,59,84,0.0,0.0,10.4,299,17.45,2.73,808.3,-1.7,1938.0,29.420034,79.50346
UK-NTL,2021-02-03,6.8,13.2,1.1,61,90,3.3,3.3,8.7,324,15.92,2.35,808.8,-0.9,1938.0,29.420034,79.50346
UK-NTL,2021-02-04,6.1,11.1,0.5,64,90,3.0,3.0,11.2,123,11.38,1.88,808.4,-0.8,1938.0,29.420034,79.50346
UK-NTL,2021-02-05,3.9,7.5,0.6,88,97,13.6,13.6,7.3,33,12.68,1.63,806.7,2.0,1938.0,29.420034,79.50346
UK-NTL,2021-02-06,4.6,10.2,-1.0,72,92,0.0,0.0,7.2,318,17.31,2.29,805.9,-0.4,1938.0,29.420034,79.50346
UK-NTL,2021-02-07,8.4,14.4,0.8,65,99,0.0,0.0,6.1,185,17.86,2.72,807.9,1.3,1938.0,29.420034,79.50346
UK-NTL,2021-02-08,8.8,15.0,4.2,73,93,0.0,0.0,6.3,240,17.72,2.64,808.5,3.8,1938.0,29.420034,79.50346
UK-NTL,2021-02-09,10.5,16.0,5.0,76,100,0.0,0.0,7.1,209,17.83,2.7,807.7,6.0,1938.0,29.420034,79.50346
UK-NTL,2021-02-10,8.8,14.0,4.3,65,99,0.0,0.0,10.6,233,17.58,2.61,806.3,2.0,1938.0,29.420034,79.50346
UK-NTL,2021-02-11,9.0,14.9,2.9,71,98,0.0,0.0,7.8,257,18.17,2.74,806.8,3.5,1938.0,29.420034,79.50346
UK-NTL,2021-02-12,8.9,13.7,4.4,78,100,0.0,0.0,8.4,182,17.23,2.48,807.7,4.9,1938.0,29.420034,79.50346
UK-NTL,2021-02-13,9.0,14.3,4.3,84,100,0.1,0.1,10.4,204,15.88,2.28,807.9,6.3,1938.0,29.420034,79.50346
UK-NTL,2021-02-14,8.5,13.4,4.3,86,100,2.6,2.6,7.6,176,15.22,2.21,807.4,5.9,1938.0,29.420034,79.50346
UK-NTL,2021-02-15,9.6,14.3,4.8,72,99,0.4,0.4,10.8,250,17.75,2.65,807.1,4.3,1938.0,29.420034,79.50346
UK-NTL,2021-02-16,9.8,14.0,6.4,50,69,0.5,0.5,9.4,232,18.3,2.89,807.0,-0.8,1938.0,29.420034,79.50346
UK-NTL,2021-02-17,8.9,13.1,4.8,53,72,1.5,1.5,8.9,223,16.43,2.5,808.0,-0.4,1938.0,29.420034,79.50346
UK-NTL,2021-02-18,8.7,12.7,5.2,57,67,2.3,2.3,6.5,204,16.66,2.42,810.1,0.5,1938.0,29.420034,79.50346
UK-NTL,2021-02-19,9.5,13.9,4.5,58,87,0.1,0.1,9.4,229,18.15,2.75,812.2,1.3,1938.0,29.420034,79.50346
UK-NTL,2021-02-20,9.6,14.7,4.7,64,91,0.0,0.0,10.5,201,19.36,2.93,811.5,2.7,1938.0,29.420034,79.50346
UK-NTL,2021-02-21,10.7,15.8,6.0,72,95,0.0,0.0,9.1,199,19.25,2.95,810.6,5.4,1938.0,29.420034,79.50346
UK-NTL,2021-02-22,11.4,17.2,6.5,77,100,0.0,0.0,7.9,223,19.13,3.02,809.6,7.0,1938.0,29.420034,79.50346
UK-NTL,2021-02-23,11.7,18.0,6.3,80,100,0.8,0.8,7.2,288,18.73,3.04,808.3,7.8,1938.0,29.420034,79.50346
UK-NTL,2021-02-24,12.9,18.6,7.8,53,87,0.0,0.0,11.2,307,19.97,3.59,807.7,2.5,1938.0,29.420034,79.50346
UK-NTL,2021-02-25,13.4,19.5,8.5,46,77,0.0,0.0,11.2,307,20.21,3.88,806.8,1.1,1938.0,29.420034,79.50346
UK-NTL,2021-02-26,13.3,19.9,7.8,49,74,0.0,0.0,13.8,309,20.73,3.95,804.7,1.3,1938.0,29.420034,79.50346
UK-NTL,2021-02-27,12.4,17.5,6.9,54,78,0.3,0.3,13.4,323,17.39,3.21,805.4,2.8,1938.0,29.420034,79.50346
UK-NTL,2021-02-28,11.2,17.4,5.7,49,77,0.0,0.0,11.6,315,20.8,3.65,806.3,-0.2,1938.0,29.420034,79.50346
UK-NTL,2021-03-01,10.1,16.5,4.5,39,70,0.0,0.0,11.0,290,21.79,3.71,807.1,-5.2,1938.0,29.420034,79.50346
UK-NTL,2021-03-02,10.3,17.6,3.7,54,77,0.0,0.0,8.2,265,21.39,3.48,806.7,0.3,1938.0,29.420034,79.50346
UK-NTL,2021-03-03,12.6,18.0,8.7,54,80,0.0,0.0,10.2,221,21.32,3.54,807.9,3.1,1938.0,29.420034,79.50346
UK-NTL,2021-03-04,11.7,17.8,5.4,45,85,0.0,0.0,11.9,286,21.71,3.84,808.0,-1.4,1938.0,29.420034,79.50346
UK-NTL,2021-03-05,12.4,17.3,7.4,42,72,0.0,0.0,13.1,292,21.79,3.91,806.9,-1.2,1938.0,29.420034,79.50346
UK-NTL,2021-03-06,12.5,18.2,6.6,51,74,0.0,0.0,10.4,240,21.81,3.66,806.6,2.1,1938.0,29.420034,79.50346
UK-NTL,2021-03-07,13.1,18.3,7.6,54,78,1.7,1.7,10.5,5,18.71,3.36,808.8,3.3,1938.0,29.420034,79.50346
UK-NTL,2021-03-08,10.6,15.2,7.0,76,95,18.4,18.4,12.2,32,15.98,2.4,809.5,6.3,1938.0,29.420034,79.50346
UK-NTL,2021-03-09,13.2,18.6,7.1,59,86,0.1,0.1,9.0,276,21.08,3.61,810.4,4.5,1938.0,29.420034,79.50346
UK-NTL,2021-03-10,12.8,18.0,7.0,58,88,2.4,2.4,9.8,248,18.42,3.19,809.7,4.2,1938.0,29.420034,79.50346
UK-NTL,2021-03-11,13.7,18.9,9.5,53,77,1.8,1.8,9.7,206,19.44,3.34,811.4,4.0,1938.0,29.420034,79.50346
UK-NTL,2021-03-12,12.3,17.2,7.1,61,94,0.1,0.1,12.5,178,15.11,2.66,812.4,4.4,1938.0,29.420034,79.50346
UK-NTL,2021-03-13,12.6,18.6,7.9,65,92,0.0,0.0,12.9,252,20.76,3.56,811.6,5.5,1938.0,29.420034,79.50346
UK-NTL,2021-03-14,12.7,18.2,6.5,62,91,0.0,0.0,10.2,262,22.89,3.88,808.7,4.8,1938.0,29.420034,79.50346
UK-NTL,2021-03-15,13.1,19.5,6.9,63,87,0.0,0.0,12.2,259,22.42,3.92,808.3,5.5,1938.0,29.420034,79.50346
UK-NTL,2021-03-16,13.6,19.4,8.1,52,86,0.0,0.0,12.4,283,22.87,4.15,808.6,2.5,1938.0,29.420034,79.50346
UK-NTL,2021-03-17,14.3,19.7,8.8,49,79,0.0,0.0,13.8,271,23.01,4.23,808.5,2.4,1938.0,29.420034,79.50346
UK-NTL,2021-03-18,14.9,21.0,9.2,41,70,0.0,0.0,11.9,278,22.64,4.31,809.6,0.7,1938.0,29.420034,79.50346
UK-NTL,2021-03-19,14.8,20.3,9.0,44,68,0.0,0.0,11.9,249,21.04,3.95,809.1,2.0,1938.0,29.420034,79.50346
UK-NTL,2021-03-20,14.3,19.1,8.7,52,80,0.1,0.1,12.0,239,20.48,3.76,807.3,3.7,1938.0,29.420034,79.50346
UK-NTL,2021-03-21,14.3,19.2,8.4,52,81,0.0,0.0,11.8,227,19.45,3.57,807.8,3.9,1938.0,29.420034,79.50346
UK-NTL,2021-03-22,14.4,19.6,9.8,50,72,4.2,4.2,11.1,328,19.38,3.58,811.0,3.6,1938.0,29.420034,79.50346
UK-NTL,2021-03-23,13.7,17.9,8.1,51,79,6.5,6.5,7.4,29,17.02,3.06,811.7,3.4,1938.0,29.420034,79.50346
UK-NTL,2021-03-24,12.2,18.2,6.0,54,87,2.7,2.7,9.6,345,20.19,3.53,809.9,2.6,1938.0,29.420034,79.50346
UK-NTL,2021-03-25,12.7,17.7,6.9,50,71,0.0,0.0,11.3,261,24.3,4.14,808.4,1.8,1938.0,29.420034,79.50346
UK-NTL,2021-03-26,14.4,20.0,8.2,51,79,0.0,0.0,9.9,216,24.46,4.31,808.3,3.5,1938.0,29.420034,79.50346
UK-NTL,2021-03-27,15.2,20.0,10.2,53,71,0.0,0.0,10.7,186,23.08,4.11,809.0,5.2,1938.0,29.420034,79.50346
UK-NTL,2021-03-28,15.7,20.4,10.2,53,74,0.2,0.2,10.8,190,22.11,4.0,808.2,5.8,1938.0,29.420034,79.50346
UK-NTL,2021-03-29,16.5,21.8,10.6,53,77,0.9,0.9,11.2,220,22.63,4.19,807.4,6.2,1938.0,29.420034,79.50346
UK-NTL,2021-03-30,16.8,22.2,10.4,49,78,0.6,0.6,14.3,207,22.09,4.31,803.2,5.3,1938.0,29.420034,79.50346
UK-NTL,2021-03-31,16.4,21.9,9.6,40,65,0.0,0.0,14.0,301,25.3,4.98,800.8,1.5,1938.0,29.420034,79.50346
UK-NTL,2021-04-01,13.9,19.5,8.7,32,56,0.0,0.0,15.1,297,25.83,4.84,800.1,-3.5,1938.0,29.420034,79.50346
UK-NTL,2021-04-02,12.8,19.2,6.0,34,56,0.0,0.0,14.8,259,25.57,4.84,803.5,-3.9,1938.0,29.420034,79.50346
UK-NTL,2021-04-03,13.1,19.3,5.8,28,52,0.0,0.0,14.3,258,26.4,4.86,806.2,-7.1,1938.0,29.420034,79.50346
UK-NTL,2021-04-04,15.6,21.6,9.2,29,55,0.0,0.0,12.5,261,25.82,4.84,808.8,-3.4,1938.0,29.420034,79.50346
UK-NTL,2021-04-05,17.3,23.1,12.3,35,56,0.0,0.0,13.5,298,20.55,4.51,810.6,1.1,1938.0,29.420034,79.50346
UK-NTL,2021-04-06,16.0,22.4,10.8,47,65,1.5,1.5,10.9,41,22.46,4.4,810.2,4.2,1938.0,29.420034,79.50346
UK-NTL,2021-04-07,14.1,19.1,9.2,58,86,7.9,7.9,16.6,31,20.88,3.7,810.0,5.5,1938.0,29.420034,79.50346
UK-NTL,2021-04-08,16.3,21.5,10.4,38,66,0.0,0.0,14.4,172,25.46,4.95,809.0,0.8,1938.0,29.420034,79.50346
UK-NTL,2021-04-09,16.5,21.8,10.1,30,65,0.0,0.0,12.5,224,25.82,5.0,809.5,-2.8,1938.0,29.420034,79.50346
UK-NTL,2021-04-10,16.8,22.2,11.3,23,36,0.0,0.0,12.6,220,25.92,5.05,811.0,-5.2,1938.0,29.420034,79.50346
UK-NTL,2021-04-11,17.2,23.1,10.7,23,44,0.0,0.0,12.7,260,25.41,5.1,811.6,-5.1,1938.0,29.420034,79.50346
UK-NTL,2021-04-12,17.1,23.1,12.6,31,56,0.9,0.9,13.1,314,20.76,4.47,812.3,-1.1,1938.0,29.420034,79.50346
UK-NTL,2021-04-13,17.9,23.9,12.3,31,52,0.0,0.0,13.7,298,25.26,5.39,810.8,-0.4,1938.0,29.420034,79.50346
UK-NTL,2021-04-14,19.6,25.5,12.1,27,53,0.1,0.1,15.6,266,22.33,5.04,810.7,-1.3,1938.0,29.420034,79.50346
UK-NTL,2021-04-15,20.2,25.1,16.8,22,41,0.0,0.0,11.3,283,23.35,5.08,810.8,-2.5,1938.0,29.420034,79.50346
UK-NTL,2021-04-16,19.5,24.9,14.5,25,43,0.0,0.0,13.6,260,24.88,5.29,810.1,-1.6,1938.0,29.420034,79.50346
UK-NTL,2021-04-17,13.1,16.6,9.6,68,92,12.2,12.2,12.1,36,18.58,3.18,809.9,7.1,1938.0,29.420034,79.50346
UK-NTL,2021-04-18,14.7,20.3,9.5,52,80,0.5,0.5,12.6,313,24.71,4.5,810.0,4.1,1938.0,29.420034,79.50346
UK-NTL,2021-04-19,15.8,22.0,8.5,44,76,0.3,0.3,17.7,301,26.34,5.31,806.9,1.8,1938.0,29.420034,79.50346
UK-NTL,2021-04-20,15.7,22.7,9.5,36,72,1.7,1.7,15.5,8,18.21,4.29,807.3,-1.0,1938.0,29.420034,79.50346
UK-NTL,2021-04-21,11.4,15.6,8.2,77,97,16.2,16.2,13.0,41,17.15,2.89,808.5,7.2,1938.0,29.420034,79.50346
UK-NTL,2021-04-22,10.3,14.7,6.4,79,97,13.7,13.7,9.9,29,18.45,2.93,808.5,6.6,1938.0,29.420034,79.50346
UK-NTL,2021-04-23,11.0,16.9,6.9,72,90,10.3,10.3,14.3,25,18.6,3.14,808.3,5.9,1938.0,29.420034,79.50346
UK-NTL,2021-04-24,11.7,18.6,6.9,71,94,5.9,5.9,11.5,30,22.47,3.82,807.7,6.1,1938.0,29.420034,79.50346
UK-NTL,2021-04-25,15.5,22.5,7.4,49,79,0.1,0.1,9.8,338,25.14,4.85,809.1,3.6,1938.0,29.420034,79.50346
UK-NTL,2021-04-26,18.2,23.7,11.1,33,63,0.0,0.0,10.4,233,27.08,5.25,809.9,0.9,1938.0,29.420034,79.50346
UK-NTL,2021-04-27,19.9,24.2,13.8,31,40,0.0,0.0,9.4,225,23.93,4.78,810.8,2.1,1938.0,29.420034,79.50346
UK-NTL,2021-04-28,20.9,24.9,16.4,33,56,0.8,0.8,9.7,185,22.92,4.67,812.3,3.7,1938.0,29.420034,79.50346
UK-NTL,2021-04-29,19.2,21.7,15.4,43,71,3.0,3.0,11.4,144,20.21,4.01,812.0,5.9,1938.0,29.420034,79.50346
UK-NTL,2021-04-30,17.7,21.9,14.1,57,77,6.0,6.0,11.2,192,20.12,3.74,810.7,8.7,1938.0,29.420034,79.50346
UK-NTL,2021-05-01,17.6,20.9,14.3,57,77,0.2,0.2,10.2,255,19.96,3.8,810.5,8.9,1938.0,29.420034,79.50346
UK-NTL,2021-05-02,17.0,21.5,13.7,62,86,9.5,9.5,8.3,150,19.43,3.63,810.5,9.3,1938.0,29.420034,79.50346
UK-NTL,2021-05-03,15.2,18.1,12.5,73,87,3.9,3.9,7.0,246,17.49,3.06,808.0,10.4,1938.0,29.420034,79.50346
UK-NTL,2021-05-04,16.3,21.0,12.4,74,95,11.3,11.3,11.3,214,19.92,3.58,808.2,11.5,1938.0,29.420034,79.50346
UK-NTL,2021-05-05,16.1,19.2,13.1,74,87,4.6,4.6,9.9,228,19.46,3.4,808.5,11.3,1938.0,29.420034,79.50346
UK-NTL,2021-05-06,15.3,19.5,12.0,81,98,5.4,5.4,7.7,205,19.62,3.39,809.5,11.9,1938.0,29.420034,79.50346
UK-NTL,2021-05-07,14.6,18.4,10.7,80,97,8.2,8.2,9.1,46,18.45,3.21,809.9,11.0,1938.0,29.420034,79.50346
UK-NTL,2021-05-08,14.7,19.1,11.1,74,97,5.5,5.5,8.0,203,20.69,3.62,809.1,9.9,1938.0,29.420034,79.50346
UK-NTL,2021-05-09,15.0,18.9,11.9,74,93,8.2,8.2,7.9,294,20.46,3.46,808.1,10.3,1938.0,29.420034,79.50346
UK-NTL,2021-05-10,15.5,19.5,12.7,76,89,8.0,8.0,9.0,253,21.46,3.64,807.0,11.1,1938.0,29.420034,79.50346
UK-NTL,2021-05-11,15.7,19.6,12.2,75,95,3.6,3.6,10.2,256,20.61,3.62,806.4,11.2,1938.0,29.420034,79.50346
UK-NTL,2021-05-12,14.7,17.8,10.3,82,94,2.4,2.4,8.3,224,17.68,3.04,804.6,11.6,1938.0,29.420034,79.50346
UK-NTL,2021-05-13,12.9,17.6,9.5,87,100,12.1,12.1,6.9,4,18.26,3.05,804.0,10.7,1938.0,29.420034,79.50346
UK-NTL,2021-05-14,15.1,19.6,9.5,69,95,0.4,0.4,10.1,281,25.15,4.33,805.1,9.1,1938.0,29.420034,79.50346
UK-NTL,2021-05-15,16.3,21.1,12.5,68,90,2.5,2.5,10.2,324,23.28,4.18,807.1,10.2,1938.0,29.420034,79.50346
UK-NTL,2021-05-16,19.2,23.6,15.1,46,65,0.0,0.0,7.7,232,25.61,4.9,809.7,7.0,1938.0,29.420034,79.50346
UK-NTL,2021-05-17,19.1,23.0,15.8,51,79,0.0,0.0,6.4,256,16.19,3.29,810.0,8.3,1938.0,29.420034,79.50346
UK-NTL,2021-05-18,16.6,19.7,14.4,74,89,1.5,1.5,7.2,359,9.3,1.9,807.9,11.8,1938.0,29.420034,79.50346
UK-NTL,2021-05-19,13.8,14.7,12.7,88,95,28.4,28.4,10.9,63,3.94,0.95,804.6,11.9,1938.0,29.420034,79.50346
UK-NTL,2021-05-20,14.3,15.6,13.1,94,100,116.6,116.6,12.1,122,5.32,1.03,802.8,13.2,1938.0,29.420034,79.50346
UK-NTL,2021-05-21,15.6,19.7,12.1,88,100,10.3,10.3,8.3,334,20.96,3.57,806.1,13.5,1938.0,29.420034,79.50346
UK-NTL,2021-05-22,17.1,22.4,11.1,63,83,0.0,0.0,7.6,307,24.47,4.56,806.4,9.5,1938.0,29.420034,79.50346
UK-NTL,2021-05-23,17.6,22.4,12.3,68,91,0.2,0.2,9.6,282,24.32,4.55,807.3,11.2,1938.0,29.420034,79.50346
UK-NTL,2021-05-24,18.2,21.6,13.7,59,82,0.4,0.4,7.5,311,24.22,4.55,807.0,9.8,1938.0,29.420034,79.50346
UK-NTL,2021-05-25,18.9,23.6,12.9,59,79,0.0,0.0,6.5,186,23.88,4.6,805.6,10.3,1938.0,29.420034,79.50346
UK-NTL,2021-05-26,18.9,22.5,16.0,67,88,0.6,0.6,9.4,204,25.74,4.76,805.0,12.5,1938.0,29.420034,79.50346
UK-NTL,2021-05-27,17.8,21.2,14.5,82,100,1.2,1.2,9.0,213,21.7,3.88,805.3,14.5,1938.0,29.420034,79.50346
UK-NTL,2021-05-28,17.8,22.4,13.3,87,99,3.1,3.1,5.9,266,22.01,4.01,806.1,15.5,1938.0,29.420034,79.50346
UK-NTL,2021-05-29,17.5,20.5,14.8,93,99,10.8,10.8,7.9,292,18.49,3.24,807.4,16.3,1938.0,29.420034,79.50346
UK-NTL,2021-05-30,17.6,20.9,14.8,87,99,8.6,8.6,9.2,248,21.75,3.85,807.2,15.3,1938.0,29.420034,79.50346
UK-NTL,2021-05-31,17.7,21.5,14.4,87,100,3.9,3.9,8.5,326,20.62,3.69,805.3,15.3,1938.0,29.420034,79.50346
UK-NTL,2021-06-01,17.3,21.1,13.9,76,94,7.0,7.0,10.6,64,20.31,3.76,806.1,12.7,1938.0,29.420034,79.50346
UK-NTL,2021-06-02,16.6,20.4,12.5,82,98,8.2,8.2,8.1,102,20.02,3.52,807.2,13.5,1938.0,29.420034,79.50346
UK-NTL,2021-06-03,18.1,21.6,15.3,73,87,1.6,1.6,6.4,219,24.1,4.35,809.0,13.2,1938.0,29.420034,79.50346
UK-NTL,2021-06-04,18.9,22.4,13.2,67,90,1.4,1.4,6.8,253,23.84,4.47,809.2,12.4,1938.0,29.420034,79.50346
UK-NTL,2021-06-05,19.5,21.8,16.9,67,89,0.0,0.0,6.6,266,15.0,3.02,808.7,13.1,1938.0,29.420034,79.50346
UK-NTL,2021-06-06,19.0,23.3,15.4,77,94,3.8,3.8,8.8,284,23.28,4.36,807.7,14.6,1938.0,29.420034,79.50346
UK-NTL,2021-06-07,19.5,23.7,15.4,70,87,0.5,0.5,8.3,273,23.81,4.47,806.3,13.6,1938.0,29.420034,79.50346
UK-NTL,2021-06-08,21.3,24.3,18.7,69,89,0.6,0.6,9.9,275,23.88,4.62,805.5,15.3,1938.0,29.420034,79.50346
UK-NTL,2021-06-09,20.0,22.0,17.3,85,100,4.1,4.1,9.7,217,18.85,3.48,804.7,17.4,1938.0,29.420034,79.50346
UK-NTL,2021-06-10,17.7,20.9,15.3,91,100,18.8,18.8,8.0,97,13.12,2.48,803.8,16.2,1938.0,29.420034,79.50346
UK-NTL,2021-06-11,18.1,21.5,15.6,91,100,6.9,6.9,8.7,150,20.74,3.67,803.5,16.5,1938.0,29.420034,79.50346
UK-NTL,2021-06-12,17.6,21.3,15.2,93,99,13.4,13.4,8.2,169,18.37,3.24,804.3,16.4,1938.0,29.420034,79.50346
UK-NTL,2021-06-13,17.7,21.1,14.1,87,100,2.2,2.2,7.7,246,21.34,3.8,804.2,15.4,1938.0,29.420034,79.50346
UK-NTL,2021-06-14,17.2,20.0,13.9,89,100,3.1,3.1,7.2,332,15.38,2.83,802.2,15.2,1938.0,29.420034,79.50346
UK-NTL,2021-06-15,17.5,20.5,14.5,93,100,7.2,7.2,7.0,279,19.22,3.36,800.0,16.3,1938.0,29.420034,79.50346
UK-NTL,2021-06-16,17.7,21.4,14.9,94,100,21.8,21.8,9.6,177,19.93,3.55,802.4,16.7,1938.0,29.420034,79.50346
UK-NTL,2021-06-17,17.3,19.8,15.0,93,100,17.5,17.5,9.3,145,15.14,2.69,804.1,16.0,1938.0,29.420034,79.50346
UK-NTL,2021-06-18,17.0,19.3,15.7,92,99,66.8,66.8,8.8,129,5.83,1.26,804.5,15.7,1938.0,29.420034,79.50346
UK-NTL,2021-06-19,16.9,18.6,15.7,92,99,28.9,28.9,10.1,139,8.61,1.61,804.1,15.7,1938.0,29.420034,79.50346
UK-NTL,2021-06-20,17.0,19.0,14.6,94,100,12.4,12.4,5.5,212,11.25,2.08,804.5,16.0,1938.0,29.420034,79.50346
UK-NTL,2021-06-21,18.3,22.2,15.0,93,99,10.2,10.2,7.1,301,20.24,3.59,805.6,17.1,1938.0,29.420034,79.50346
UK-NTL,2021-06-22,19.1,22.6,15.8,86,100,0.5,0.5,8.2,262,22.63,4.17,806.0,16.5,1938.0,29.420034,79.50346
UK-NTL,2021-06-23,18.8,22.5,16.2,90,100,4.1,4.1,7.8,246,18.0,3.31,807.0,17.0,1938.0,29.420034,79.50346
UK-NTL,2021-06-24,18.0,21.7,15.0,98,100,5.8,5.8,7.9,245,19.76,3.43,806.1,17.6,1938.0,29.420034,79.50346
UK-NTL,2021-06-25,18.0,21.4,15.3,91,100,4.0,4.0,7.6,277,20.71,3.69,805.2,16.4,1938.0,29.420034,79.50346
UK-NTL,2021-06-26,18.1,21.1,15.4,92,100,12.6,12.6,6.2,252,19.61,3.5,806.5,16.8,1938.0,29.420034,79.50346
UK-NTL,2021-06-27,18.5,21.9,15.5,93,100,8.7,8.7,7.3,225,18.82,3.37,809.1,17.3,1938.0,29.420034,79.50346
UK-NTL,2021-06-28,19.1,22.1,16.4,93,100,3.5,3.5,7.4,250,18.51,3.41,808.3,17.8,1938.0,29.420034,79.50346
UK-NTL,2021-06-29,20.4,24.4,17.0,82,100,1.0,1.0,10.6,285,23.45,4.43,805.9,17.0,1938.0,29.420034,79.50346
UK-NTL,2021-06-30,21.4,24.6,17.5,68,79,0.0,0.0,14.6,269,25.87,5.08,804.0,15.0,1938.0,29.420034,79.50346
UK-NTL,2021-07-01,21.0,23.5,16.8,73,91,1.9,1.9,12.3,254,21.68,4.16,803.2,15.9,1938.0,29.420034,79.50346
UK-NTL,2021-07-02,20.4,22.6,17.8,86,100,5.9,5.9,9.8,244,21.7,3.9,804.2,17.9,1938.0,29.420034,79.50346
UK-NTL,2021-07-03,19.1,22.1,16.9,88,99,1.3,1.3,6.8,281,17.33,3.23,805.4,17.0,1938.0,29.420034,79.50346
UK-NTL,2021-07-04,18.9,22.1,16.1,90,100,4.7,4.7,8.0,262,20.71,3.74,806.7,17.1,1938.0,29.420034,79.50346
UK-NTL,2021-07-05,19.1,22.6,15.4,87,100,2.9,2.9,7.8,259,21.42,3.95,807.3,16.8,1938.0,29.420034,79.50346
UK-NTL,2021-07-06,20.1,23.4,16.9,87,100,1.7,1.7,8.7,278,21.88,4.08,806.3,17.6,1938.0,29.420034,79.50346
UK-NTL,2021-07-07,20.9,23.9,18.0,80,97,0.0,0.0,10.1,261,24.56,4.61,805.8,17.2,1938.0,29.420034,79.50346
UK-NTL,2021-07-08,20.2,23.2,17.9,82,99,3.8,3.8,8.4,237,21.19,3.91,806.2,16.9,1938.0,29.420034,79.50346
UK-NTL,2021-07-09,18.8,21.6,16.6,89,100,3.3,3.3,9.0,149,19.05,3.49,806.4,16.8,1938.0,29.420034,79.50346
UK-NTL,2021-07-10,19.1,22.2,16.2,90,100,12.0,12.0,8.2,182,17.5,3.22,806.4,17.3,1938.0,29.420034,79.50346
UK-NTL,2021-07-11,18.6,20.6,16.5,94,98,12.8,12.8,8.2,133,12.61,2.31,807.5,17.5,1938.0,29.420034,79.50346
UK-NTL,2021-07-12,18.1,20.7,16.6,89,97,2.3,2.3,8.7,114,9.87,1.92,808.9,16.1,1938.0,29.420034,79.50346
UK-NTL,2021-07-13,18.5,21.3,16.5,90,99,9.1,9.1,8.0,132,14.09,2.61,808.2,16.9,1938.0,29.420034,79.50346
UK-NTL,2021-07-14,18.8,21.5,16.4,91,98,5.4,5.4,6.8,189,15.35,2.84,807.6,17.2,1938.0,29.420034,79.50346
UK-NTL,2021-07-15,19.0,21.8,16.4,91,99,7.1,7.1,7.7,186,18.14,3.27,808.2,17.5,1938.0,29.420034,79.50346
UK-NTL,2021-07-16,19.1,22.1,16.8,93,100,4.6,4.6,8.1,190,19.1,3.44,809.5,17.9,1938.0,29.420034,79.50346
UK-NTL,2021-07-17,19.5,22.5,16.8,91,100,4.8,4.8,10.0,238,21.01,3.78,807.4,17.9,1938.0,29.420034,79.50346
UK-NTL,2021-07-18,18.6,19.5,18.0,97,100,69.9,69.9,6.7,152,3.67,0.85,804.3,18.1,1938.0,29.420034,79.50346
UK-NTL,2021-07-19,18.6,21.1,17.1,95,100,17.5,17.5,8.0,132,9.58,1.85,803.6,17.7,1938.0,29.420034,79.50346
UK-NTL,2021-07-20,18.1,20.3,16.9,92,99,19.9,19.9,8.2,109,8.06,1.62,802.9,16.7,1938.0,29.420034,79.50346
UK-NTL,2021-07-21,18.4,21.0,16.9,93,99,24.9,24.9,4.8,66,7.6,1.56,802.3,17.3,1938.0,29.420034,79.50346
UK-NTL,2021-07-22,18.6,21.2,16.7,90,96,8.3,8.3,12.9,111,15.59,2.79,802.4,16.8,1938.0,29.420034,79.50346
UK-NTL,2021-07-23,19.4,23.3,15.8,86,100,3.0,3.0,10.9,138,23.27,4.24,803.9,16.7,1938.0,29.420034,79.50346
UK-NTL,2021-07-24,19.7,22.1,16.5,87,100,2.5,2.5,7.7,214,18.15,3.34,805.0,17.4,1938.0,29.420034,79.50346
UK-NTL,2021-07-25,19.5,22.3,17.2,91,99,6.7,6.7,7.7,204,18.43,3.34,804.7,18.0,1938.0,29.420034,79.50346
UK-NTL,2021-07-26,19.1,21.0,17.7,93,100,21.1,21.1,6.2,177,9.92,1.96,803.4,17.9,1938.0,29.420034,79.50346
UK-NTL,2021-07-27,19.1,21.6,17.6,93,100,20.1,20.1,8.0,187,14.02,2.62,801.5,17.9,1938.0,29.420034,79.50346
UK-NTL,2021-07-28,18.5,20.6,17.3,95,100,21.1,21.1,6.1,104,8.41,1.64,802.1,17.6,1938.0,29.420034,79.50346
UK-NTL,2021-07-29,18.5,21.2,15.7,94,100,8.8,8.8,8.3,132,12.92,2.39,802.4,17.4,1938.0,29.420034,79.50346
UK-NTL,2021-07-30,18.6,22.7,16.2,91,100,12.2,12.2,8.7,108,14.61,2.75,804.0,17.2,1938.0,29.420034,79.50346
UK-NTL,2021-07-31,18.9,21.8,15.1,87,97,5.1,5.1,9.8,174,19.62,3.54,804.7,16.5,1938.0,29.420034,79.50346
UK-NTL,2021-08-01,19.3,22.5,16.3,88,96,5.7,5.7,6.5,293,17.45,3.28,803.3,17.1,1938.0,29.420034,79.50346
UK-NTL,2021-08-02,19.1,21.8,17.0,93,100,42.7,42.7,7.6,156,13.24,2.51,804.3,17.8,1938.0,29.420034,79.50346
UK-NTL,2021-08-03,19.3,22.6,16.3,92,98,12.8,12.8,8.7,160,18.68,3.37,805.4,17.9,1938.0,29.420034,79.50346
UK-NTL,2021-08-04,18.8,21.5,16.1,92,100,15.4,15.4,8.3,136,15.52,2.79,805.8,17.5,1938.0,29.420034,79.50346
UK-NTL,2021-08-05,18.2,21.1,15.6,96,100,32.8,32.8,9.6,180,13.21,2.39,804.9,17.6,1938.0,29.420034,79.50346
UK-NTL,2021-08-06,18.7,22.0,15.6,93,100,15.5,15.5,9.0,165,18.44,3.29,805.3,17.5,1938.0,29.420034,79.50346
UK-NTL,2021-08-07,18.5,21.5,15.0,90,100,7.2,7.2,9.0,170,17.25,3.13,806.5,16.8,1938.0,29.420034,79.50346
UK-NTL,2021-08-08,18.3,21.4,15.5,91,100,11.1,11.1,8.0,162,15.89,2.87,807.4,16.7,1938.0,29.420034,79.50346
UK-NTL,2021-08-09,18.5,20.7,16.1,97,100,22.4,22.4,8.7,225,14.58,2.61,807.3,17.9,1938.0,29.420034,79.50346
UK-NTL,2021-08-10,18.7,21.1,16.3,94,100,14.3,14.3,7.9,260,14.91,2.68,805.7,17.7,1938.0,29.420034,79.50346
UK-NTL,2021-08-11,18.9,23.4,15.0,89,100,0.8,0.8,7.8,286,21.95,4.01,805.8,16.8,1938.0,29.420034,79.50346
UK-NTL,2021-08-12,18.7,21.9,16.5,95,100,9.6,9.6,9.2,276,15.7,2.79,807.1,17.9,1938.0,29.420034,79.50346
UK-NTL,2021-08-13,18.8,21.3,16.6,93,100,11.5,11.5,7.7,270,13.89,2.54,805.7,17.5,1938.0,29.420034,79.50346
UK-NTL,2021-08-14,18.5,21.2,16.6,95,100,4.7,4.7,9.2,273,17.74,3.04,803.8,17.6,1938.0,29.420034,79.50346
UK-NTL,2021-08-15,18.3,21.7,15.4,92,100,2.9,2.9,7.1,284,17.84,3.18,804.9,16.9,1938.0,29.420034,79.50346
UK-NTL,2021-08-16,18.5,22.3,15.4,92,100,1.0,1.0,8.4,294,20.94,3.71,807.7,17.0,1938.0,29.420034,79.50346
UK-NTL,2021-08-17,18.9,22.5,15.3,90,100,1.7,1.7,6.8,243,20.51,3.71,808.0,17.1,1938.0,29.420034,79.50346
UK-NTL,2021-08-18,18.7,21.9,16.1,93,100,16.5,16.5,9.4,203,17.38,3.11,806.7,17.4,1938.0,29.420034,79.50346
UK-NTL,2021-08-19,18.5,20.7,16.2,95,100,11.5,11.5,7.9,176,12.71,2.31,806.1,17.6,1938.0,29.420034,79.50346
UK-NTL,2021-08-20,18.1,21.0,16.7,95,99,20.3,20.3,8.4,139,10.25,1.89,808.0,17.2,1938.0,29.420034,79.50346
UK-NTL,2021-08-21,18.2,21.5,15.4,92,100,3.2,3.2,9.8,122,14.9,2.63,809.4,16.8,1938.0,29.420034,79.50346
UK-NTL,2021-08-22,18.3,21.3,15.7,95,100,8.3,8.3,8.3,170,15.65,2.76,808.9,17.5,1938.0,29.420034,79.50346
UK-NTL,2021-08-23,18.3,21.3,15.9,93,100,3.9,3.9,9.4,256,16.67,2.94,806.8,17.1,1938.0,29.420034,79.50346
UK-NTL,2021-08-24,18.3,20.6,16.6,98,100,4.7,4.7,7.6,249,13.5,2.37,805.6,17.9,1938.0,29.420034,79.50346
UK-NTL,2021-08-25,18.8,21.2,16.4,93,100,7.0,7.0,9.0,272,16.26,2.86,803.8,17.6,1938.0,29.420034,79.50346
UK-NTL,2021-08-26,18.7,20.9,17.2,96,100,11.4,11.4,9.4,258,13.05,2.28,803.1,18.1,1938.0,29.420034,79.50346
UK-NTL,2021-08-27,18.1,20.9,16.7,95,100,13.0,13.0,10.4,244,12.84,2.3,805.1,17.2,1938.0,29.420034,79.50346
UK-NTL,2021-08-28,17.3,19.7,15.8,93,100,19.0,19.0,5.3,153,7.69,1.51,805.6,16.0,1938.0,29.420034,79.50346
UK-NTL,2021-08-29,17.3,20.6,14.0,90,99,19.8,19.8,7.3,173,17.78,3.13,806.2,15.5,1938.0,29.420034,79.50346
UK-NTL,2021-08-30,17.2,20.9,15.2,95,99,26.4,26.4,8.0,141,13.04,2.32,808.7,16.3,1938.0,29.420034,79.50346
UK-NTL,2021-08-31,17.3,20.4,14.8,93,99,9.1,9.1,8.7,134,14.69,2.56,810.4,16.3,1938.0,29.420034,79.50346
UK-NTL,2021-09-01,17.3,20.0,14.6,97,100,20.2,20.2,6.4,129,14.13,2.51,809.8,16.8,1938.0,29.420034,79.50346
UK-NTL,2021-09-02,18.0,21.4,13.9,92,100,11.8,11.8,7.9,197,18.52,3.27,808.6,16.6,1938.0,29.420034,79.50346
UK-NTL,2021-09-03,17.6,20.4,15.1,92,100,4.1,4.1,8.7,201,17.93,3.12,807.0,16.2,1938.0,29.420034,79.50346
UK-NTL,2021-09-04,17.7,20.6,14.4,92,100,5.0,5.0,6.9,218,17.98,3.17,806.3,16.3,1938.0,29.420034,79.50346
UK-NTL,2021-09-05,18.4,21.3,15.6,92,100,2.8,2.8,6.2,174,18.92,3.38,807.1,16.9,1938.0,29.420034,79.50346
UK-NTL,2021-09-06,18.8,21.4,16.8,94,100,5.9,5.9,5.4,173,15.99,2.87,809.1,17.8,1938.0,29.420034,79.50346
UK-NTL,2021-09-07,18.2,20.4,16.4,92,98,15.8,15.8,8.6,141,13.0,2.26,810.4,16.8,1938.0,29.420034,79.50346
UK-NTL,2021-09-08,17.8,20.6,15.8,88,95,4.8,4.8,12.6,123,15.39,2.71,809.1,15.7,1938.0,29.420034,79.50346
UK-NTL,2021-09-09,17.7,21.2,15.3,87,100,4.6,4.6,8.4,134,16.26,2.95,808.0,15.4,1938.0,29.420034,79.50346
UK-NTL,2021-09-10,17.4,21.1,14.2,90,99,7.5,7.5,10.4,112,16.0,2.78,807.9,15.6,1938.0,29.420034,79.50346
UK-NTL,2021-09-11,17.9,20.9,15.2,84,92,3.3,3.3,12.0,119,15.05,2.68,808.4,15.1,1938.0,29.420034,79.50346
UK-NTL,2021-09-12,17.8,20.6,15.2,92,100,9.7,9.7,6.9,144,15.36,2.72,806.2,16.4,1938.0,29.420034,79.50346
UK-NTL,2021-09-13,17.9,21.1,14.6,92,98,10.8,10.8,9.4,124,17.71,3.09,806.6,16.6,1938.0,29.420034,79.50346
UK-NTL,2021-09-14,19.4,22.3,16.6,80,94,1.1,1.1,7.2,298,18.65,3.41,809.1,15.8,1938.0,29.420034,79.50346
UK-NTL,2021-09-15,18.3,22.7,15.1,86,97,5.1,5.1,7.8,333,18.51,3.33,808.7,15.9,1938.0,29.420034,79.50346
UK-NTL,2021-09-16,17.7,21.6,14.5,86,97,6.0,6.0,6.5,39,11.61,2.24,806.6,15.1,1938.0,29.420034,79.50346
UK-NTL,2021-09-17,17.1,19.5,14.4,87,100,2.2,2.2,5.9,279,10.01,1.84,806.2,14.8,1938.0,29.420034,79.50346
UK-NTL,2021-09-18,17.8,21.2,13.4,90,100,1.8,1.8,7.7,187,19.26,3.38,808.5,16.0,1938.0,29.420034,79.50346
UK-NTL,2021-09-19,17.9,20.7,15.1,93,100,4.4,4.4,6.1,191,16.06,2.85,810.3,16.7,1938.0,29.420034,79.50346
UK-NTL,2021-09-20,17.9,20.8,15.6,96,100,3.7,3.7,8.7,237,13.95,2.45,809.7,17.1,1938.0,29.420034,79.50346
UK-NTL,2021-09-21,17.2,20.4,14.6,93,100,3.3,3.3,7.7,225,16.16,2.8,808.5,15.9,1938.0,29.420034,79.50346
UK-NTL,2021-09-22,16.3,19.3,13.9,94,100,4.0,4.0,7.1,167,11.0,1.94,807.6,15.2,1938.0,29.420034,79.50346
UK-NTL,2021-09-23,16.8,19.5,14.5,92,99,5.2,5.2,7.9,153,13.54,2.3,809.2,15.5,1938.0,29.420034,79.50346
UK-NTL,2021-09-24,16.9,20.1,13.8,92,100,15.5,15.5,6.7,219,16.16,2.84,809.8,15.5,1938.0,29.420034,79.50346
UK-NTL,2021-09-25,16.8,20.0,14.1,93,100,30.4,30.4,9.8,204,15.21,2.61,808.6,15.7,1938.0,29.420034,79.50346
UK-NTL,2021-09-26,16.8,19.8,13.7,91,100,8.8,8.8,6.9,106,15.37,2.66,808.6,15.2,1938.0,29.420034,79.50346
UK-NTL,2021-09-27,18.0,21.4,15.5,81,98,1.1,1.1,8.0,146,19.33,3.42,810.0,14.6,1938.0,29.420034,79.50346
UK-NTL,2021-09-28,17.4,20.4,14.8,84,98,13.7,13.7,6.5,145,15.71,2.75,810.5,14.5,1938.0,29.420034,79.50346
UK-NTL,2021-09-29,17.2,19.7,15.2,91,100,3.5,3.5,7.3,171,14.96,2.53,811.2,15.8,1938.0,29.420034,79.50346
UK-NTL,2021-09-30,17.0,19.7,15.2,93,100,3.4,3.4,7.2,206,15.92,2.72,811.6,15.8,1938.0,29.420034,79.50346
UK-NTL,2021-10-01,16.7,20.0,13.7,97,100,5.8,5.8,6.9,290,14.04,2.39,810.7,16.2,1938.0,29.420034,79.50346
UK-NTL,2021-10-02,17.1,21.0,14.4,94,100,3.6,3.6,7.4,261,17.16,2.95,809.2,16.0,1938.0,29.420034,79.50346
UK-NTL,2021-10-03,16.9,21.2,13.7,89,100,0.0,0.0,9.4,303,18.34,3.19,807.3,14.9,1938.0,29.420034,79.50346
UK-NTL,2021-10-04,16.5,20.9,13.8,90,100,1.2,1.2,8.4,277,17.98,3.12,807.6,14.6,1938.0,29.420034,79.50346
UK-NTL,2021-10-05,16.5,20.3,13.5,93,100,1.3,1.3,7.0,308,15.85,2.74,809.8,15.3,1938.0,29.420034,79.50346
UK-NTL,2021-10-06,16.5,20.4,13.8,92,100,0.9,0.9,7.6,294,17.62,2.98,809.4,15.1,1938.0,29.420034,79.50346
UK-NTL,2021-10-07,16.6,20.0,13.1,87,100,0.4,0.4,8.4,196,17.6,2.99,808.1,14.3,1938.0,29.420034,79.50346
UK-NTL,2021-10-08,16.6,20.2,13.5,84,100,0.4,0.4,8.9,192,18.07,3.09,807.3,13.6,1938.0,29.420034,79.50346
UK-NTL,2021-10-09,16.8,20.8,13.3,80,96,0.1,0.1,7.9,243,19.84,3.43,807.7,13.2,1938.0,29.420034,79.50346
UK-NTL,2021-10-10,16.7,20.8,13.9,78,96,0.0,0.0,7.1,270,18.54,3.23,808.4,12.7,1938.0,29.420034,79.50346
UK-NTL,2021-10-11,16.3,20.4,12.1,82,99,0.4,0.4,5.7,298,17.51,3.06,808.2,13.0,1938.0,29.420034,79.50346
UK-NTL,2021-10-12,17.9,21.3,14.9,65,80,0.3,0.3,4.8,249,18.33,3.32,809.0,11.1,1938.0,29.420034,79.50346
UK-NTL,2021-10-13,18.8,22.0,15.2,58,80,0.3,0.3,5.5,226,18.49,3.41,809.2,10.3,1938.0,29.420034,79.50346
UK-NTL,2021-10-14,18.9,22.8,15.0,62,86,0.1,0.1,8.0,160,18.66,3.48,809.5,11.1,1938.0,29.420034,79.50346
UK-NTL,2021-10-15,18.8,23.1,14.5,60,85,0.0,0.0,8.1,202,19.19,3.54,808.5,10.5,1938.0,29.420034,79.50346
UK-NTL,2021-10-16,18.9,23.0,15.3,62,91,0.0,0.0,7.0,170,18.77,3.47,809.3,11.1,1938.0,29.420034,79.50346
UK-NTL,2021-10-17,17.2,21.4,14.9,81,96,2.2,2.2,9.7,116,12.66,2.38,809.8,13.7,1938.0,29.420034,79.50346
UK-NTL,2021-10-18,15.0,15.8,13.9,96,100,158.4,158.4,16.9,140,1.67,0.45,806.3,14.3,1938.0,29.420034,79.50346
UK-NTL,2021-10-19,14.8,16.5,12.0,93,97,231.5,231.5,5.2,25,4.06,0.86,806.2,13.6,1938.0,29.420034,79.50346
UK-NTL,2021-10-20,14.6,18.4,11.8,90,100,2.1,2.1,8.4,132,13.39,2.25,809.1,12.9,1938.0,29.420034,79.50346
UK-NTL,2021-10-21,14.7,19.5,10.9,91,100,0.0,0.0,7.1,294,16.41,2.76,808.6,13.0,1938.0,29.420034,79.50346
UK-NTL,2021-10-22,14.2,19.0,10.6,89,100,0.0,0.0,7.0,293,16.59,2.76,808.6,12.3,1938.0,29.420034,79.50346
UK-NTL,2021-10-23,13.7,17.7,10.1,83,99,0.8,0.8,6.1,222,16.73,2.71,811.1,10.6,1938.0,29.420034,79.50346
UK-NTL,2021-10-24,12.4,16.2,7.1,79,99,0.0,0.0,9.5,188,16.59,2.59,811.7,8.7,1938.0,29.420034,79.50346
UK-NTL,2021-10-25,12.2,17.0,8.2,76,93,1.0,1.0,6.7,303,16.68,2.7,810.3,7.7,1938.0,29.420034,79.50346
UK-NTL,2021-10-26,12.3,15.5,8.2,74,94,0.8,0.8,6.5,187,16.06,2.58,809.3,7.5,1938.0,29.420034,79.50346
UK-NTL,2021-10-27,12.4,15.8,8.1,62,86,0.1,0.1,7.9,143,16.88,2.68,810.7,5.1,1938.0,29.420034,79.50346
UK-NTL,2021-10-28,12.9,16.8,9.4,69,100,0.2,0.2,6.0,196,16.58,2.69,811.7,7.0,1938.0,29.420034,79.50346
UK-NTL,2021-10-29,12.0,16.4,7.6,81,100,0.3,0.3,6.4,287,15.95,2.54,812.4,8.6,1938.0,29.420034,79.50346
UK-NTL,2021-10-30,13.0,17.2,9.5,66,90,0.0,0.0,7.8,298,16.87,2.77,811.7,6.6,1938.0,29.420034,79.50346
UK-NTL,2021-10-31,12.5,16.3,7.9,73,100,0.6,0.6,6.0,189,15.71,2.51,809.8,7.2,1938.0,29.420034,79.50346
UK-NTL,2021-11-01,10.5,14.6,7.3,79,99,0.3,0.3,7.1,139,15.48,2.36,809.6,6.8,1938.0,29.420034,79.50346
UK-NTL,2021-11-02,10.5,15.3,6.3,74,92,5.5,5.5,6.4,316,15.69,2.4,810.9,5.9,1938.0,29.420034,79.50346
UK-NTL,2021-11-03,10.7,15.7,7.5,66,89,0.0,0.0,8.2,331,15.22,2.43,810.0,4.2,1938.0,29.420034,79.50346
UK-NTL,2021-11-04,11.6,15.4,8.2,53,74,0.0,0.0,7.6,296,16.65,2.69,809.8,2.2,1938.0,29.420034,79.50346
UK-NTL,2021-11-05,10.4,15.2,6.5,67,90,0.0,0.0,7.0,293,16.47,2.48,808.6,4.4,1938.0,29.420034,79.50346
UK-NTL,2021-11-06,11.8,16.6,7.0,73,92,0.0,0.0,5.9,297,16.38,2.57,807.1,7.0,1938.0,29.420034,79.50346
UK-NTL,2021-11-07,12.0,15.9,7.3,75,100,0.0,0.0,6.6,254,16.29,2.54,807.4,7.2,1938.0,29.420034,79.50346
UK-NTL,2021-11-08,11.1,15.9,6.7,83,100,0.0,0.0,5.7,238,15.55,2.39,808.5,8.0,1938.0,29.420034,79.50346
UK-NTL,2021-11-09,11.0,16.1,6.9,87,99,0.0,0.0,6.6,144,15.41,2.36,809.6,8.8,1938.0,29.420034,79.50346
UK-NTL,2021-11-10,10.8,15.8,6.5,85,100,0.0,0.0,7.4,194,15.3,2.34,809.1,8.1,1938.0,29.420034,79.50346
UK-NTL,2021-11-11,10.7,15.4,4.5,80,99,0.0,0.0,7.4,182,15.48,2.36,808.7,6.9,1938.0,29.420034,79.50346
UK-NTL,2021-11-12,10.4,15.8,6.0,80,100,0.0,0.0,6.5,216,15.48,2.34,808.6,6.8,1938.0,29.420034,79.50346
UK-NTL,2021-11-13,10.1,15.5,6.0,87,100,0.0,0.0,6.4,247,14.91,2.26,808.1,7.8,1938.0,29.420034,79.50346
UK-NTL,2021-11-14,9.9,14.6,5.6,86,100,0.0,0.0,6.9,180,15.13,2.22,807.3,7.4,1938.0,29.420034,79.50346
UK-NTL,2021-11-15,8.7,14.0,4.8,86,100,0.0,0.0,7.1,229,14.35,2.09,805.9,6.3,1938.0,29.420034,79.50346
UK-NTL,2021-11-16,9.2,14.6,4.6,80,100,0.0,0.0,6.1,230,15.0,2.21,806.8,5.7,1938.0,29.420034,79.50346
UK-NTL,2021-11-17,9.7,14.9,4.9,78,95,0.0,0.0,6.8,197,14.95,2.24,808.9,5.9,1938.0,29.420034,79.50346
UK-NTL,2021-11-18,10.0,16.0,4.7,79,100,0.0,0.0,5.1,161,14.87,2.26,808.1,6.1,1938.0,29.420034,79.50346
UK-NTL,2021-11-19,10.9,16.8,5.9,87,100,0.0,0.0,6.4,116,14.71,2.26,806.5,8.5,1938.0,29.420034,79.50346
UK-NTL,2021-11-20,13.0,18.1,9.5,70,93,0.0,0.0,5.4,272,8.8,1.58,807.9,7.3,1938.0,29.420034,79.50346
UK-NTL,2021-11-21,12.4,17.5,7.4,54,74,0.0,0.0,7.3,316,14.69,2.5,808.2,2.8,1938.0,29.420034,79.50346
UK-NTL,2021-11-22,12.6,17.4,6.3,48,82,0.0,0.0,7.4,305,14.84,2.48,807.2,0.8,1938.0,29.420034,79.50346
UK-NTL,2021-11-23,11.5,15.1,6.6,65,100,0.0,0.0,6.2,185,14.53,2.26,806.5,4.0,1938.0,29.420034,79.50346
UK-NTL,2021-11-24,8.5,13.1,4.5,81,100,0.0,0.0,7.1,170,14.16,2.04,807.2,5.1,1938.0,29.420034,79.50346
UK-NTL,2021-11-25,8.0,13.4,4.5,85,99,0.0,0.0,6.7,275,13.44,1.92,807.5,5.4,1938.0,29.420034,79.50346
UK-NTL,2021-11-26,8.4,12.8,3.6,82,100,0.0,0.0,6.1,218,13.66,1.92,807.9,5.3,1938.0,29.420034,79.50346
UK-NTL,2021-11-27,8.1,12.6,3.3,81,100,0.0,0.0,5.6,209,13.81,1.95,808.9,4.7,1938.0,29.420034,79.50346
UK-NTL,2021-11-28,7.9,13.8,3.2,71,98,0.0,0.0,8.0,295,13.94,2.07,809.7,2.3,1938.0,29.420034,79.50346
UK-NTL,2021-11-29,8.9,15.0,2.3,67,85,0.0,0.0,6.2,327,14.01,2.1,809.5,2.8,1938.0,29.420034,79.50346
UK-NTL,2021-11-30,10.7,15.5,6.3,69,100,0.0,0.0,6.0,198,13.44,2.1,810.0,4.5,1938.0,29.420034,79.50346
UK-NTL,2021-12-01,9.5,13.5,5.4,80,99,0.0,0.0,4.7,105,8.34,1.34,810.0,6.0,1938.0,29.420034,79.50346
UK-NTL,2021-12-02,11.4,14.3,8.9,57,78,0.1,0.1,6.7,66,3.57,0.92,811.1,3.0,1938.0,29.420034,79.50346
UK-NTL,2021-12-03,9.8,13.6,5.7,83,98,1.4,1.4,5.9,67,5.68,1.02,810.6,6.9,1938.0,29.420034,79.50346
UK-NTL,2021-12-04,10.2,16.0,4.6,84,100,0.0,0.0,5.9,113,13.26,2.02,809.8,7.5,1938.0,29.420034,79.50346
UK-NTL,2021-12-05,9.8,14.0,6.8,80,96,0.0,0.0,11.4,130,12.54,1.81,810.4,6.4,1938.0,29.420034,79.50346
UK-NTL,2021-12-06,7.3,10.1,4.1,83,99,19.4,19.4,7.4,27,9.19,1.31,808.8,4.5,1938.0,29.420034,79.50346
UK-NTL,2021-12-07,7.6,13.0,2.4,78,97,0.0,0.0,5.6,49,13.26,1.88,808.7,3.6,1938.0,29.420034,79.50346
UK-NTL,2021-12-08,8.9,13.4,4.4,69,99,0.0,0.0,7.3,179,13.29,1.98,809.7,2.9,1938.0,29.420034,79.50346
UK-NTL,2021-12-09,7.2,12.0,3.4,79,100,0.3,0.3,6.2,179,12.51,1.7,810.7,3.7,1938.0,29.420034,79.50346
UK-NTL,2021-12-10,6.6,12.3,2.6,83,99,0.0,0.0,5.9,324,12.43,1.75,809.4,3.8,1938.0,29.420034,79.50346
UK-NTL,2021-12-11,8.5,11.9,4.0,68,93,0.0,0.0,6.5,225,13.53,1.93,809.6,2.7,1938.0,29.420034,79.50346
UK-NTL,2021-12-12,7.1,11.6,2.8,79,100,0.0,0.0,5.5,172,12.37,1.71,809.9,3.4,1938.0,29.420034,79.50346
UK-NTL,2021-12-13,5.8,9.7,2.2,85,99,0.0,0.0,5.4,119,8.61,1.2,808.2,3.4,1938.0,29.420034,79.50346
UK-NTL,2021-12-14,4.9,10.4,-0.3,78,98,0.0,0.0,7.0,114,13.47,1.77,806.8,1.0,1938.0,29.420034,79.50346
UK-NTL,2021-12-15,5.5,10.9,0.5,63,85,0.0,0.0,5.4,127,13.53,1.83,807.0,-1.3,1938.0,29.420034,79.50346
UK-NTL,2021-12-16,5.4,10.5,0.4,55,75,0.0,0.0,5.8,150,13.62,1.85,807.7,-3.3,1938.0,29.420034,79.50346
UK-NTL,2021-12-17,5.6,9.1,0.7,56,88,0.0,0.0,10.5,178,12.18,1.66,807.5,-3.4,1938.0,29.420034,79.50346
UK-NTL,2021-12-18,4.3,8.3,0.1,67,92,0.0,0.0,10.1,160,13.4,1.78,806.2,-1.7,1938.0,29.420034,79.50346
UK-NTL,2021-12-19,6.6,11.8,-0.2,51,90,0.0,0.0,5.9,327,13.65,2.03,807.4,-4.2,1938.0,29.420034,79.50346
UK-NTL,2021-12-20,7.2,11.1,1.2,53,99,0.0,0.0,6.4,186,13.54,2.01,807.8,-4.2,1938.0,29.420034,79.50346
UK-NTL,2021-12-21,5.6,10.7,0.9,71,92,0.0,0.0,6.7,150,12.91,1.72,806.7,0.5,1938.0,29.420034,79.50346
UK-NTL,2021-12-22,6.5,11.5,3.1,73,97,0.0,0.0,6.6,235,13.05,1.81,805.8,1.5,1938.0,29.420034,79.50346
UK-NTL,2021-12-23,6.0,10.1,2.0,75,96,0.0,0.0,3.9,171,8.28,1.2,805.4,1.6,1938.0,29.420034,79.50346
UK-NTL,2021-12-24,5.8,10.7,2.2,75,95,0.0,0.0,8.3,161,12.89,1.7,805.3,1.4,1938.0,29.420034,79.50346
UK-NTL,2021-12-25,5.7,9.6,2.9,78,92,0.0,0.0,6.3,261,12.64,1.65,806.8,2.0,1938.0,29.420034,79.50346
UK-NTL,2021-12-26,5.5,8.9,3.1,63,90,0.1,0.1,7.0,252,11.07,1.52,808.2,-1.3,1938.0,29.420034,79.50346
UK-NTL,2021-12-27,5.5,8.7,3.5,68,81,0.4,0.4,5.9,90,11.81,1.55,809.0,0.0,1938.0,29.420034,79.50346
UK-NTL,2021-12-28,4.4,7.8,0.5,75,95,0.3,0.3,7.2,126,7.07,1.01,807.7,0.3,1938.0,29.420034,79.50346
UK-NTL,2021-12-29,2.7,6.4,-0.0,89,100,3.2,3.2,6.9,5,10.06,1.16,807.0,0.9,1938.0,29.420034,79.50346
UK-NTL,2021-12-30,3.0,8.4,-2.0,83,100,0.3,0.3,7.1,66,12.14,1.51,809.6,0.2,1938.0,29.420034,79.50346
UK-NTL,2021-12-31,5.8,10.5,0.3,72,100,0.0,0.0,6.0,241,13.32,1.78,810.6,0.6,1938.0,29.420034,79.50346
UK-NTL,2022-01-01,6.2,10.9,1.5,78,100,0.0,0.0,5.6,225,13.47,1.81,810.1,2.4,1938.0,29.420034,79.50346
UK-NTL,2022-01-02,6.5,12.1,1.2,77,98,0.0,0.0,5.4,243,12.54,1.76,808.9,2.3,1938.0,29.420034,79.50346
UK-NTL,2022-01-03,7.3,13.1,2.2,71,100,0.0,0.0,4.9,317,13.4,1.91,808.3,1.9,1938.0,29.420034,79.50346
UK-NTL,2022-01-04,8.1,13.1,2.7,61,80,0.6,0.6,7.6,354,10.83,1.75,808.8,0.7,1938.0,29.420034,79.50346
UK-NTL,2022-01-05,6.6,9.8,3.9,79,95,11.1,11.1,7.0,63,4.78,0.82,808.0,3.2,1938.0,29.420034,79.50346
UK-NTL,2022-01-06,5.5,9.5,2.5,90,100,3.8,3.8,8.4,116,10.89,1.37,807.2,3.8,1938.0,29.420034,79.50346
UK-NTL,2022-01-07,6.3,10.6,2.7,79,97,3.5,3.5,12.1,114,11.57,1.56,808.0,2.7,1938.0,29.420034,79.50346
UK-NTL,2022-01-08,4.9,8.9,0.8,84,93,15.7,15.7,12.9,74,3.14,0.64,807.2,2.4,1938.0,29.420034,79.50346
UK-NTL,2022-01-09,5.4,8.5,1.6,85,94,20.5,20.5,10.0,105,7.08,1.01,805.8,3.0,1938.0,29.420034,79.50346
UK-NTL,2022-01-10,4.1,7.3,1.5,90,97,17.9,16.5,10.6,99,7.06,0.9,805.9,2.6,1938.0,29.420034,79.50346
UK-NTL,2022-01-11,4.9,9.7,0.5,79,95,1.9,1.9,9.1,87,12.04,1.56,806.1,1.4,1938.0,29.420034,79.50346
UK-NTL,2022-01-12,3.7,8.3,0.1,83,96,2.4,2.4,12.4,96,12.24,1.49,804.9,1.0,1938.0,29.420034,79.50346
UK-NTL,2022-01-13,4.7,8.3,0.7,79,100,0.5,0.5,5.9,176,12.75,1.6,805.8,1.1,1938.0,29.420034,79.50346
UK-NTL,2022-01-14,4.1,9.4,-0.7,86,100,0.4,0.4,7.9,120,13.38,1.69,805.6,1.8,1938.0,29.420034,79.50346
UK-NTL,2022-01-15,4.8,10.1,-0.2,79,99,0.1,0.1,5.2,19,13.29,1.81,806.6,1.2,1938.0,29.420034,79.50346
UK-NTL,2022-01-16,7.7,12.0,1.7,65,99,0.0,0.0,5.2,252,14.66,2.05,808.6,0.9,1938.0,29.420034,79.50346
UK-NTL,2022-01-17,7.2,10.8,3.0,66,94,0.0,0.0,5.9,120,11.58,1.71,809.0,0.7,1938.0,29.420034,79.50346
UK-NTL,2022-01-18,6.8,10.9,3.0,76,100,0.0,0.0,5.8,169,14.28,1.96,807.3,2.5,1938.0,29.420034,79.50346
UK-NTL,2022-01-19,6.5,10.7,2.4,75,99,0.2,0.2,5.6,145,11.82,1.68,805.3,2.1,1938.0,29.420034,79.50346
UK-NTL,2022-01-20,4.2,7.3,0.4,85,97,1.3,1.3,6.5,153,11.37,1.44,801.6,1.8,1938.0,29.420034,79.50346
UK-NTL,2022-01-21,3.0,7.2,-0.6,83,97,0.7,0.7,7.9,127,11.96,1.47,801.6,0.3,1938.0,29.420034,79.50346
UK-NTL,2022-01-22,1.8,4.4,-1.6,84,96,6.7,6.3,12.9,93,3.29,0.58,799.4,-0.7,1938.0,29.420034,79.50346
UK-NTL,2022-01-23,2.7,5.8,1.1,89,97,6.8,6.8,18.5,88,5.01,0.69,800.6,1.1,1938.0,29.420034,79.50346
UK-NTL,2022-01-24,2.3,4.8,0.2,91,97,11.0,9.5,11.0,97,7.95,0.9,801.7,0.9,1938.0,29.420034,79.50346
UK-NTL,2022-01-25,1.9,5.9,-1.7,90,100,2.9,2.9,10.3,114,11.67,1.29,801.5,0.3,1938.0,29.420034,79.50346
UK-NTL,2022-01-26,1.5,4.8,-2.3,91,100,3.1,3.0,8.3,132,11.55,1.27,802.2,0.1,1938.0,29.420034,79.50346
UK-NTL,2022-01-27,1.2,6.9,-2.8,84,99,0.0,0.0,7.3,312,14.23,1.69,802.4,-1.5,1938.0,29.420034,79.50346
UK-NTL,2022-01-28,2.6,8.6,-2.0,84,100,0.0,0.0,6.3,327,15.12,1.9,802.3,-0.3,1938.0,29.420034,79.50346
UK-NTL,2022-01-29,5.1,11.0,-0.5,77,96,0.0,0.0,6.5,313,15.89,2.13,804.3,1.3,1938.0,29.420034,79.50346
UK-NTL,2022-01-30,7.1,13.3,1.6,62,99,0.0,0.0,9.1,323,16.58,2.56,802.0,-0.5,1938.0,29.420034,79.50346
UK-NTL,2022-01-31,4.7,9.4,-1.0,82,100,0.0,0.0,7.1,263,15.45,1.98,802.0,1.7,1938.0,29.420034,79.50346
UK-NTL,2022-02-01,4.0,8.7,-0.9,75,94,0.0,0.0,11.2,304,16.48,2.04,800.1,-0.3,1938.0,29.420034,79.50346
UK-NTL,2022-02-02,5.8,10.3,0.4,75,100,1.0,1.0,7.2,163,14.44,1.96,801.7,1.3,1938.0,29.420034,79.50346
UK-NTL,2022-02-03,2.2,4.6,0.6,87,98,14.1,9.1,16.6,81,4.13,0.65,799.0,0.2,1938.0,29.420034,79.50346
UK-NTL,2022-02-04,0.5,3.6,-1.6,94,100,13.3,7.1,11.0,117,7.45,0.85,798.4,-0.4,1938.0,29.420034,79.50346
UK-NTL,2022-02-05,0.8,5.2,-4.0,92,100,0.0,0.0,9.4,10,15.22,1.69,801.1,-0.4,1938.0,29.420034,79.50346
UK-NTL,2022-02-06,3.6,9.8,-1.7,83,100,0.0,0.0,7.5,359,16.69,2.18,803.7,0.7,1938.0,29.420034,79.50346
UK-NTL,2022-02-07,5.1,10.5,-0.7,78,98,0.0,0.0,8.4,313,16.69,2.22,804.8,1.2,1938.0,29.420034,79.50346
UK-NTL,2022-02-08,6.0,10.7,2.0,69,88,0.0,0.0,9.1,308,16.42,2.25,804.7,0.4,1938.0,29.420034,79.50346
UK-NTL,2022-02-09,2.1,5.2,-2.3,88,100,7.9,7.7,9.2,40,3.31,0.49,804.0,0.2,1938.0,29.420034,79.50346
UK-NTL,2022-02-10,2.5,9.1,-2.7,84,100,0.0,0.0,7.2,313,17.19,2.19,804.0,-0.3,1938.0,29.420034,79.50346
UK-NTL,2022-02-11,4.6,10.0,-0.6,79,99,0.0,0.0,6.9,322,17.25,2.29,803.4,0.9,1938.0,29.420034,79.50346
UK-NTL,2022-02-12,8.4,13.3,1.2,68,100,0.0,0.0,7.4,223,17.96,2.62,805.3,2.0,1938.0,29.420034,79.50346
UK-NTL,2022-02-13,6.2,11.2,1.6,77,100,0.2,0.2,8.5,207,15.24,2.07,804.3,2.2,1938.0,29.420034,79.50346
UK-NTL,2022-02-14,5.9,11.1,0.8,83,100,0.2,0.2,7.1,244,16.27,2.19,804.5,3.0,1938.0,29.420034,79.50346
UK-NTL,2022-02-15,5.1,10.2,1.1,84,98,2.2,2.2,7.2,327,14.88,2.02,804.2,2.3,1938.0,29.420034,79.50346
UK-NTL,2022-02-16,6.6,10.8,1.8,67,89,0.0,0.0,8.4,293,17.52,2.44,802.9,0.7,1938.0,29.420034,79.50346
UK-NTL,2022-02-17,6.0,11.7,0.3,64,85,0.0,0.0,8.0,306,18.36,2.64,802.2,-1.0,1938.0,29.420034,79.50346
UK-NTL,2022-02-18,7.4,12.1,1.3,50,78,0.0,0.0,9.0,290,19.4,2.89,804.2,-2.9,1938.0,29.420034,79.50346
UK-NTL,2022-02-19,6.8,11.4,1.8,53,87,0.0,0.0,11.0,298,19.2,2.83,804.4,-2.8,1938.0,29.420034,79.50346
UK-NTL,2022-02-20,5.6,9.8,1.3,64,88,5.1,5.0,13.7,293,18.7,2.53,798.7,-1.0,1938.0,29.420034,79.50346
UK-NTL,2022-02-21,6.7,11.1,1.4,67,86,0.0,0.0,6.6,261,19.48,2.63,800.8,1.0,1938.0,29.420034,79.50346
UK-NTL,2022-02-22,8.0,13.0,2.8,72,90,0.0,0.0,7.2,141,19.32,2.78,805.7,2.8,1938.0,29.420034,79.50346
UK-NTL,2022-02-23,7.9,12.8,4.0,75,90,7.7,7.7,12.0,91,16.43,2.39,808.5,3.5,1938.0,29.420034,79.50346
UK-NTL,2022-02-24,7.0,11.6,2.8,79,94,7.2,7.2,9.4,114,15.68,2.17,808.3,3.5,1938.0,29.420034,79.50346
UK-NTL,2022-02-25,6.2,10.7,0.9,76,98,0.8,0.8,8.2,353,16.86,2.32,808.5,2.0,1938.0,29.420034,79.50346
UK-NTL,2022-02-26,4.0,7.6,-0.9,80,99,62.4,34.9,12.4,47,6.68,0.87,808.4,0.6,1938.0,29.420034,79.50346
UK-NTL,2022-02-27,4.6,11.2,-1.3,72,90,8.3,2.3,8.8,345,19.67,2.6,807.4,-0.5,1938.0,29.420034,79.50346
UK-NTL,2022-02-28,8.4,13.6,3.4,61,84,0.0,0.0,7.1,248,20.76,3.03,807.9,0.9,1938.0,29.420034,79.50346
UK-NTL,2022-03-01,9.9,14.1,6.2,63,78,1.1,1.1,6.2,223,19.65,2.96,809.7,2.9,1938.0,29.420034,79.50346
UK-NTL,2022-03-02,10.1,14.2,6.4,60,79,0.8,0.8,8.2,210,20.28,3.06,810.1,2.6,1938.0,29.420034,79.50346
UK-NTL,2022-03-03,9.5,14.1,3.7,60,85,0.9,0.9,8.1,306,18.83,2.84,809.4,1.9,1938.0,29.420034,79.50346
UK-NTL,2022-03-04,9.3,14.1,4.5,57,77,0.0,0.0,9.0,302,19.83,3.13,809.0,0.7,1938.0,29.420034,79.50346
UK-NTL,2022-03-05,10.2,16.3,3.7,62,86,0.0,0.0,7.0,316,21.4,3.38,807.3,2.6,1938.0,29.420034,79.50346
UK-NTL,2022-03-06,12.2,15.7,7.7,64,100,0.0,0.0,7.3,173,16.94,2.83,808.9,4.7,1938.0,29.420034,79.50346
UK-NTL,2022-03-07,10.7,15.4,4.9,74,93,0.0,0.0,7.9,145,17.09,2.69,809.9,6.1,1938.0,29.420034,79.50346
UK-NTL,2022-03-08,12.8,18.3,8.6,58,80,0.0,0.0,8.7,270,19.97,3.4,810.1,4.3,1938.0,29.420034,79.50346
UK-NTL,2022-03-09,13.9,19.1,9.1,52,78,0.1,0.1,9.8,217,21.47,3.7,809.5,3.5,1938.0,29.420034,79.50346
UK-NTL,2022-03-10,13.6,17.2,8.4,51,79,1.1,1.1,6.7,306,16.08,2.84,809.2,3.2,1938.0,29.420034,79.50346
UK-NTL,2022-03-11,13.8,18.0,7.8,52,88,0.0,0.0,7.9,274,18.8,3.3,809.3,3.5,1938.0,29.420034,79.50346
UK-NTL,2022-03-12,14.4,18.8,9.1,55,83,0.0,0.0,8.6,236,22.31,3.9,809.0,5.0,1938.0,29.420034,79.50346
UK-NTL,2022-03-13,14.1,18.6,9.7,74,100,0.7,0.7,7.7,164,21.3,3.57,809.2,9.1,1938.0,29.420034,79.50346
UK-NTL,2022-03-14,14.4,19.9,10.1,79,97,0.0,0.0,8.4,192,21.53,3.64,809.5,10.6,1938.0,29.420034,79.50346
UK-NTL,2022-03-15,15.6,20.6,10.7,74,99,0.0,0.0,8.1,229,21.59,3.79,808.2,10.7,1938.0,29.420034,79.50346
UK-NTL,2022-03-16,15.8,21.2,9.3,81,100,0.4,0.4,7.9,207,21.42,3.77,806.3,12.2,1938.0,29.420034,79.50346
UK-NTL,2022-03-17,15.8,21.8,11.3,86,100,0.3,0.3,10.0,151,19.36,3.39,808.6,13.0,1938.0,29.420034,79.50346
UK-NTL,2022-03-18,16.1,21.2,11.5,80,100,0.7,0.7,8.0,171,20.49,3.66,809.7,12.1,1938.0,29.420034,79.50346
UK-NTL,2022-03-19,16.9,21.7,11.0,69,90,1.1,1.1,6.4,261,20.89,3.82,808.1,10.8,1938.0,29.420034,79.50346
UK-NTL,2022-03-20,16.7,21.7,11.9,60,88,0.0,0.0,11.8,291,21.67,4.07,806.9,7.9,1938.0,29.420034,79.50346
UK-NTL,2022-03-21,16.5,22.1,11.5,50,76,0.2,0.2,8.4,310,21.93,4.22,807.6,4.9,1938.0,29.420034,79.50346
UK-NTL,2022-03-22,16.0,21.2,10.0,53,80,0.0,0.0,10.3,187,23.63,4.32,807.0,5.9,1938.0,29.420034,79.50346
UK-NTL,2022-03-23,16.2,20.0,11.1,60,77,3.5,3.5,9.2,190,21.86,3.91,807.9,8.1,1938.0,29.420034,79.50346
UK-NTL,2022-03-24,16.3,20.2,12.8,44,65,0.0,0.0,12.3,255,21.13,4.08,807.2,3.4,1938.0,29.420034,79.50346
UK-NTL,2022-03-25,15.0,20.6,9.0,44,72,0.0,0.0,11.9,302,23.34,4.36,806.3,2.3,1938.0,29.420034,79.50346
UK-NTL,2022-03-26,15.5,21.1,10.9,46,71,0.0,0.0,10.4,310,24.04,4.41,806.9,3.1,1938.0,29.420034,79.50346
UK-NTL,2022-03-27,17.2,20.8,10.3,48,72,0.0,0.0,10.1,229,24.09,4.43,809.0,5.8,1938.0,29.420034,79.50346
UK-NTL,2022-03-28,17.7,22.8,13.9,41,61,0.0,0.0,10.1,284,24.41,4.73,809.3,3.8,1938.0,29.420034,79.50346
UK-NTL,2022-03-29,19.0,23.8,15.9,37,61,0.0,0.0,10.5,274,24.57,5.01,808.4,3.7,1938.0,29.420034,79.50346
UK-NTL,2022-03-30,18.1,22.8,12.2,45,86,0.0,0.0,12.4,237,24.44,4.88,808.9,5.0,1938.0,29.420034,79.50346
UK-NTL,2022-03-31,18.3,23.5,13.8,46,77,0.0,0.0,13.7,263,24.36,4.76,809.6,5.9,1938.0,29.420034,79.50346
UK-NTL,2022-04-01,17.9,23.3,10.8,43,63,0.0,0.0,11.2,230,24.84,4.78,808.5,4.7,1938.0,29.420034,79.50346
UK-NTL,2022-04-02,17.5,22.4,11.6,43,67,0.0,0.0,12.4,206,24.54,4.74,810.3,4.5,1938.0,29.420034,79.50346
UK-NTL,2022-04-03,17.9,23.2,12.3,34,59,0.0,0.0,12.5,244,25.01,5.27,810.5,0.8,1938.0,29.420034,79.50346
UK-NTL,2022-04-04,18.4,24.3,12.2,31,50,0.0,0.0,10.9,288,25.53,5.37,809.6,-0.2,1938.0,29.420034,79.50346
UK-NTL,2022-04-05,18.5,23.8,12.9,31,59,0.0,0.0,11.7,251,25.3,5.09,812.0,0.6,1938.0,29.420034,79.50346
UK-NTL,2022-04-06,18.5,24.1,13.0,37,59,0.0,0.0,11.8,275,25.29,5.14,811.7,2.9,1938.0,29.420034,79.50346
UK-NTL,2022-04-07,19.3,23.7,14.0,35,62,0.0,0.0,11.5,248,25.11,5.1,812.0,2.9,1938.0,29.420034,79.50346
UK-NTL,2022-04-08,19.4,24.0,15.9,36,57,0.0,0.0,12.2,239,24.82,5.17,810.5,3.5,1938.0,29.420034,79.50346
UK-NTL,2022-04-09,20.1,24.8,14.4,34,60,0.0,0.0,13.9,256,23.58,5.17,809.6,3.4,1938.0,29.420034,79.50346
UK-NTL,2022-04-10,20.0,25.0,14.0,37,60,0.0,0.0,13.9,251,24.64,5.26,808.7,4.3,1938.0,29.420034,79.50346
UK-NTL,2022-04-11,20.6,24.6,14.5,41,62,0.0,0.0,11.2,247,25.14,5.3,808.7,6.7,1938.0,29.420034,79.50346
UK-NTL,2022-04-12,20.0,25.7,14.7,49,97,0.0,0.0,13.5,242,21.72,4.78,808.9,7.2,1938.0,29.420034,79.50346
UK-NTL,2022-04-13,20.3,25.6,16.1,45,73,0.4,0.4,11.2,250,22.39,4.58,808.7,6.9,1938.0,29.420034,79.50346
UK-NTL,2022-04-14,18.2,22.6,13.4,40,60,2.6,2.6,10.8,310,21.73,4.32,806.9,4.0,1938.0,29.420034,79.50346
UK-NTL,2022-04-15,17.6,22.3,13.3,35,59,2.6,2.6,13.4,298,22.82,4.7,806.4,1.3,1938.0,29.420034,79.50346
UK-NTL,2022-04-16,17.7,23.7,11.6,35,59,0.3,0.3,13.7,297,25.66,5.35,806.2,0.7,1938.0,29.420034,79.50346
UK-NTL,2022-04-17,19.1,24.4,13.1,31,54,0.1,0.1,11.9,279,25.51,5.25,807.6,0.9,1938.0,29.420034,79.50346
UK-NTL,2022-04-18,20.2,26.2,12.8,32,60,0.0,0.0,13.5,287,26.49,5.77,809.8,1.4,1938.0,29.420034,79.50346
UK-NTL,2022-04-19,21.8,26.7,15.2,28,50,0.0,0.0,17.3,280,23.93,5.64,811.5,1.9,1938.0,29.420034,79.50346
UK-NTL,2022-04-20,21.7,26.5,17.9,27,48,0.0,0.0,14.8,280,25.95,5.84,810.0,1.2,1938.0,29.420034,79.50346
UK-NTL,2022-04-21,18.8,22.6,13.9,47,76,3.7,3.7,12.4,277,20.76,4.18,809.9,6.5,1938.0,29.420034,79.50346
UK-NTL,2022-04-22,18.2,22.9,13.8,45,72,0.7,0.7,13.0,281,24.44,4.95,810.1,5.3,1938.0,29.420034,79.50346
UK-NTL,2022-04-23,18.3,24.5,10.9,38,71,0.0,0.0,13.7,298,26.63,5.56,809.5,1.9,1938.0,29.420034,79.50346
UK-NTL,2022-04-24,19.2,24.5,13.1,28,54,0.0,0.0,14.2,290,26.77,5.8,808.0,-1.0,1938.0,29.420034,79.50346
UK-NTL,2022-04-25,20.4,25.4,13.7,28,46,0.0,0.0,15.0,267,25.64,5.45,807.9,0.9,1938.0,29.420034,79.50346
UK-NTL,2022-04-26,20.6,26.0,14.9,28,50,0.1,0.1,12.4,302,24.84,5.48,809.3,0.2,1938.0,29.420034,79.50346
UK-NTL,2022-04-27,21.1,26.2,16.0,30,45,0.0,0.0,12.8,255,26.58,5.68,809.4,2.2,1938.0,29.420034,79.50346
UK-NTL,2022-04-28,21.9,26.3,17.2,32,46,0.0,0.0,11.5,223,24.21,5.4,810.5,4.2,1938.0,29.420034,79.50346
UK-NTL,2022-04-29,21.9,26.8,15.1,31,52,0.0,0.0,15.8,256,22.24,5.26,809.8,3.7,1938.0,29.420034,79.50346
UK-NTL,2022-04-30,21.5,26.1,16.9,36,58,0.0,0.0,14.8,240,23.04,5.28,807.8,5.1,1938.0,29.420034,79.50346
UK-NTL,2022-05-01,18.9,22.6,14.8,59,85,6.5,6.5,12.3,209,21.06,4.11,807.2,10.3,1938.0,29.420034,79.50346
UK-NTL,2022-05-02,17.6,21.4,14.0,70,88,4.5,4.5,11.8,175,20.16,3.72,806.6,11.7,1938.0,29.420034,79.50346
UK-NTL,2022-05-03,18.0,22.2,13.6,73,90,2.2,2.2,7.9,226,19.72,3.7,808.1,12.8,1938.0,29.420034,79.50346
UK-NTL,2022-05-04,17.5,20.7,14.5,74,85,10.2,10.2,9.8,217,19.26,3.5,809.5,12.6,1938.0,29.420034,79.50346
UK-NTL,2022-05-05,16.8,19.7,13.2,69,85,5.3,5.3,10.2,238,20.65,3.72,808.3,10.9,1938.0,29.420034,79.50346
UK-NTL,2022-05-06,17.7,20.3,15.0,62,77,1.5,1.5,12.3,250,21.43,3.88,808.9,10.3,1938.0,29.420034,79.50346
UK-NTL,2022-05-07,17.1,21.4,13.6,71,91,1.1,1.1,11.4,223,20.34,3.79,808.8,11.6,1938.0,29.420034,79.50346
UK-NTL,2022-05-08,17.0,20.9,14.0,71,91,3.2,3.2,10.8,221,20.35,3.68,807.9,11.5,1938.0,29.420034,79.50346
UK-NTL,2022-05-09,17.2,21.6,13.0,75,88,4.4,4.4,8.1,176,21.48,3.89,808.0,12.6,1938.0,29.420034,79.50346
UK-NTL,2022-05-10,16.9,20.9,12.2,80,98,9.1,9.1,8.4,140,20.46,3.67,807.9,13.2,1938.0,29.420034,79.50346
UK-NTL,2022-05-11,17.5,21.2,14.6,79,95,6.0,6.0,7.1,221,20.99,3.79,806.6,13.7,1938.0,29.420034,79.50346
UK-NTL,2022-05-12,18.0,21.9,14.3,79,93,5.6,5.6,9.3,293,20.73,3.78,806.0,14.2,1938.0,29.420034,79.50346
UK-NTL,2022-05-13,18.9,22.7,15.0,78,91,4.4,4.4,11.3,249,22.25,4.09,804.0,14.8,1938.0,29.420034,79.50346
UK-NTL,2022-05-14,20.6,24.5,15.2,63,82,0.2,0.2,14.3,247,24.68,4.87,805.1,13.0,1938.0,29.420034,79.50346
UK-NTL,2022-05-15,21.4,26.5,17.0,62,86,0.0,0.0,14.5,235,24.45,5.12,806.9,13.2,1938.0,29.420034,79.50346
UK-NTL,2022-05-16,21.2,24.3,16.6,66,86,4.8,4.8,6.7,179,22.17,4.45,806.9,14.3,1938.0,29.420034,79.50346
UK-NTL,2022-05-17,17.9,21.7,12.9,66,93,4.1,4.1,10.7,4,18.92,3.69,805.7,11.1,1938.0,29.420034,79.50346
UK-NTL,2022-05-18,19.5,23.2,15.8,54,77,0.7,0.7,10.9,274,22.16,4.41,807.4,9.5,1938.0,29.420034,79.50346
UK-NTL,2022-05-19,20.6,24.3,16.8,53,69,0.0,0.0,11.0,282,23.08,4.69,807.6,10.3,1938.0,29.420034,79.50346
UK-NTL,2022-05-20,21.4,25.9,18.1,50,77,1.0,1.0,12.9,243,23.44,4.89,806.3,10.3,1938.0,29.420034,79.50346
UK-NTL,2022-05-21,20.6,24.5,16.5,47,71,0.3,0.3,15.1,259,23.59,4.93,803.7,8.3,1938.0,29.420034,79.50346
UK-NTL,2022-05-22,17.1,21.5,13.5,62,85,11.2,11.2,8.5,168,21.76,4.04,801.3,9.6,1938.0,29.420034,79.50346
UK-NTL,2022-05-23,14.3,17.2,12.3,77,91,12.6,12.6,15.8,49,9.76,1.8,801.9,10.1,1938.0,29.420034,79.50346
UK-NTL,2022-05-24,14.0,18.4,11.4,76,90,7.0,7.0,9.4,82,15.27,2.72,805.4,9.9,1938.0,29.420034,79.50346
UK-NTL,2022-05-25,15.4,20.1,11.7,68,91,2.7,2.7,9.8,201,24.04,4.2,806.5,9.3,1938.0,29.420034,79.50346
UK-NTL,2022-05-26,16.7,20.2,13.6,65,87,2.0,2.0,7.4,221,24.17,4.31,805.9,10.0,1938.0,29.420034,79.50346
UK-NTL,2022-05-27,17.7,21.6,15.4,71,90,3.3,3.3,11.1,233,21.42,3.85,804.7,12.2,1938.0,29.420034,79.50346
UK-NTL,2022-05-28,18.0,21.5,14.4,80,92,4.4,4.4,8.0,272,19.89,3.62,804.1,14.4,1938.0,29.420034,79.50346
UK-NTL,2022-05-29,18.3,22.4,14.8,82,100,5.1,5.1,9.3,252,21.18,3.88,804.6,15.1,1938.0,29.420034,79.50346
UK-NTL,2022-05-30,19.2,23.9,14.5,77,99,0.2,0.2,11.2,234,23.97,4.54,805.8,14.7,1938.0,29.420034,79.50346
UK-NTL,2022-05-31,19.9,23.6,15.4,64,88,0.3,0.3,10.2,247,22.24,4.37,805.8,12.5,1938.0,29.420034,79.50346
UK-NTL,2022-06-01,21.0,25.7,15.2,54,88,0.0,0.0,11.9,272,26.07,5.41,806.2,10.3,1938.0,29.420034,79.50346
UK-NTL,2022-06-02,22.1,26.0,18.2,36,59,0.0,0.0,14.8,270,26.73,5.86,806.5,5.9,1938.0,29.420034,79.50346
UK-NTL,2022-06-03,22.3,26.2,18.5,34,60,0.0,0.0,13.1,261,26.69,5.81,806.1,5.0,1938.0,29.420034,79.50346
UK-NTL,2022-06-04,22.4,26.3,16.3,34,58,0.0,0.0,13.0,258,27.3,6.04,806.7,5.3,1938.0,29.420034,79.50346
UK-NTL,2022-06-05,22.8,27.3,18.5,38,80,0.0,0.0,15.3,272,27.1,6.04,807.2,6.6,1938.0,29.420034,79.50346
UK-NTL,2022-06-06,22.6,26.8,17.4,41,77,0.0,0.0,13.5,241,25.01,5.67,806.9,8.0,1938.0,29.420034,79.50346
UK-NTL,2022-06-07,22.5,26.3,19.4,48,81,0.0,0.0,14.3,245,23.59,5.13,806.3,10.7,1938.0,29.420034,79.50346
UK-NTL,2022-06-08,22.9,27.0,18.4,47,63,0.3,0.3,14.8,252,24.82,5.61,805.9,10.7,1938.0,29.420034,79.50346
UK-NTL,2022-06-09,22.8,26.2,18.8,45,57,0.0,0.0,13.1,252,24.06,5.38,805.4,10.0,1938.0,29.420034,79.50346
UK-NTL,2022-06-10,22.4,26.6,17.8,48,74,0.2,0.2,15.5,249,24.39,5.47,805.7,10.5,1938.0,29.420034,79.50346
UK-NTL,2022-06-11,22.5,26.9,19.0,51,69,1.5,1.5,15.3,245,24.48,5.33,805.8,11.5,1938.0,29.420034,79.50346
UK-NTL,2022-06-12,22.7,27.0,18.7,49,65,0.3,0.3,14.8,255,25.17,5.57,807.1,11.2,1938.0,29.420034,79.50346
UK-NTL,2022-06-13,23.7,28.1,19.3,42,59,0.0,0.0,14.1,265,25.98,6.04,808.3,9.8,1938.0,29.420034,79.50346
UK-NTL,2022-06-14,23.7,28.1,19.3,47,81,0.0,0.0,14.6,254,26.74,5.97,807.3,10.9,1938.0,29.420034,79.50346
UK-NTL,2022-06-15,23.1,28.2,17.3,56,84,0.3,0.3,14.4,287,25.15,5.51,806.1,13.1,1938.0,29.420034,79.50346
UK-NTL,2022-06-16,21.0,24.6,17.8,65,86,6.8,6.8,11.3,256,24.34,4.84,806.5,13.9,1938.0,29.420034,79.50346
UK-NTL,2022-06-17,19.3,23.1,15.3,80,97,6.0,6.0,9.2,246,20.4,3.84,805.4,15.5,1938.0,29.420034,79.50346
UK-NTL,2022-06-18,19.5,24.1,14.6,73,100,0.8,0.8,9.2,291,21.27,4.1,805.7,13.9,1938.0,29.420034,79.50346
UK-NTL,2022-06-19,19.0,22.3,15.5,72,94,1.9,1.9,7.8,234,18.1,3.51,804.8,13.5,1938.0,29.420034,79.50346
UK-NTL,2022-06-20,16.8,20.6,13.8,82,96,9.7,9.7,8.0,30,18.8,3.36,802.9,13.6,1938.0,29.420034,79.50346
UK-NTL,2022-06-21,17.2,21.1,12.7,80,98,5.0,5.0,10.0,136,19.54,3.56,803.4,13.6,1938.0,29.420034,79.50346
UK-NTL,2022-06-22,18.7,23.1,13.6,80,100,2.0,2.0,7.9,254,23.13,4.3,807.3,14.8,1938.0,29.420034,79.50346
UK-NTL,2022-06-23,19.9,23.8,15.7,74,97,1.2,1.2,9.9,216,24.87,4.7,808.3,14.7,1938.0,29.420034,79.50346
UK-NTL,2022-06-24,19.3,22.4,15.7,76,88,2.5,2.5,8.2,189,21.33,3.97,806.4,14.9,1938.0,29.420034,79.50346
UK-NTL,2022-06-25,19.5,23.4,15.9,76,97,7.1,7.1,8.9,193,22.24,4.19,805.6,14.9,1938.0,29.420034,79.50346
UK-NTL,2022-06-26,19.1,22.9,16.3,89,98,11.7,11.7,7.3,129,18.22,3.34,806.9,17.1,1938.0,29.420034,79.50346
UK-NTL,2022-06-27,19.3,22.9,16.7,89,98,5.6,5.6,8.1,188,19.38,3.58,807.6,17.4,1938.0,29.420034,79.50346
UK-NTL,2022-06-28,19.8,23.3,17.2,90,100,5.3,5.3,9.7,245,19.54,3.58,805.2,18.0,1938.0,29.420034,79.50346
UK-NTL,2022-06-29,18.7,21.9,17.3,95,100,22.3,22.3,7.4,207,13.26,2.44,803.0,17.8,1938.0,29.420034,79.50346
UK-NTL,2022-06-30,18.3,20.7,16.7,90,100,34.4,34.4,11.7,117,11.9,2.28,803.9,16.6,1938.0,29.420034,79.50346
UK-NTL,2022-07-01,18.7,22.0,16.0,89,100,4.0,4.0,11.4,134,20.2,3.59,804.5,16.7,1938.0,29.420034,79.50346
UK-NTL,2022-07-02,18.9,22.0,15.8,89,100,7.0,7.0,7.2,171,19.94,3.65,803.9,16.9,1938.0,29.420034,79.50346
UK-NTL,2022-07-03,19.2,22.3,16.3,88,100,5.9,5.9,9.4,135,18.41,3.37,805.1,17.1,1938.0,29.420034,79.50346
UK-NTL,2022-07-04,19.4,22.4,16.1,90,100,5.1,5.1,8.4,195,20.67,3.78,804.8,17.7,1938.0,29.420034,79.50346
UK-NTL,2022-07-05,19.8,22.9,17.5,91,100,5.6,5.6,8.7,176,17.75,3.31,805.5,18.2,1938.0,29.420034,79.50346
UK-NTL,2022-07-06,20.1,24.2,17.1,88,100,4.0,4.0,6.0,132,18.78,3.59,808.1,17.9,1938.0,29.420034,79.50346
UK-NTL,2022-07-07,19.9,22.4,17.0,88,100,5.4,5.4,6.6,210,18.56,3.48,809.3,17.7,1938.0,29.420034,79.50346
UK-NTL,2022-07-08,19.4,22.8,17.2,91,100,5.5,5.5,7.4,197,18.23,3.4,806.9,17.8,1938.0,29.420034,79.50346
UK-NTL,2022-07-09,18.1,20.0,16.7,94,100,14.6,14.6,9.1,164,7.78,1.46,804.6,17.0,1938.0,29.420034,79.50346
UK-NTL,2022-07-10,18.9,21.4,17.0,88,100,10.1,10.1,8.8,153,17.51,3.2,805.8,16.8,1938.0,29.420034,79.50346
UK-NTL,2022-07-11,19.2,23.1,16.0,89,100,8.0,8.0,11.2,205,21.1,3.85,806.3,17.1,1938.0,29.420034,79.50346
UK-NTL,2022-07-12,18.9,21.4,16.5,91,100,4.8,4.8,7.6,191,17.08,3.09,805.8,17.3,1938.0,29.420034,79.50346
UK-NTL,2022-07-13,19.4,22.8,16.9,86,99,5.1,5.1,6.6,134,19.42,3.64,804.6,16.7,1938.0,29.420034,79.50346
UK-NTL,2022-07-14,19.6,22.7,16.6,84,100,4.7,4.7,10.2,97,20.65,3.84,805.0,16.6,1938.0,29.420034,79.50346
UK-NTL,2022-07-15,20.2,23.4,17.9,80,94,4.7,4.7,8.2,130,21.07,3.94,806.9,16.5,1938.0,29.420034,79.50346
UK-NTL,2022-07-16,19.9,23.1,16.8,82,97,4.1,4.1,8.3,143,20.71,3.93,807.2,16.6,1938.0,29.420034,79.50346
UK-NTL,2022-07-17,19.9,22.5,16.9,86,99,3.4,3.4,7.8,158,21.99,4.03,808.6,17.4,1938.0,29.420034,79.50346
UK-NTL,2022-07-18,19.6,22.8,16.4,90,100,2.7,2.7,7.4,222,21.29,3.9,807.3,17.8,1938.0,29.420034,79.50346
UK-NTL,2022-07-19,19.1,21.7,17.6,92,99,6.4,6.4,8.7,235,16.97,3.05,805.7,17.8,1938.0,29.420034,79.50346
UK-NTL,2022-07-20,18.8,22.1,16.8,93,100,8.5,8.5,8.4,257,15.98,2.9,804.7,17.6,1938.0,29.420034,79.50346
UK-NTL,2022-07-21,18.2,21.4,16.5,93,100,17.5,17.5,6.8,120,11.48,2.17,806.2,17.0,1938.0,29.420034,79.50346
UK-NTL,2022-07-22,18.6,20.7,15.8,90,100,12.6,12.6,7.6,140,13.41,2.52,807.8,16.9,1938.0,29.420034,79.50346
UK-NTL,2022-07-23,19.2,23.3,16.4,84,97,3.6,3.6,11.6,126,17.3,3.25,807.8,16.3,1938.0,29.420034,79.50346
UK-NTL,2022-07-24,19.1,22.3,16.1,84,96,5.9,5.9,10.1,128,21.77,3.95,807.8,16.2,1938.0,29.420034,79.50346
UK-NTL,2022-07-25,18.8,21.5,15.6,86,98,4.7,4.7,10.2,139,20.85,3.73,809.2,16.3,1938.0,29.420034,79.50346
UK-NTL,2022-07-26,18.3,21.3,15.5,90,99,2.6,2.6,11.1,137,18.67,3.24,809.5,16.6,1938.0,29.420034,79.50346
UK-NTL,2022-07-27,18.0,20.5,15.6,90,99,9.1,9.1,8.5,129,15.53,2.8,808.8,16.4,1938.0,29.420034,79.50346
UK-NTL,2022-07-28,17.8,20.1,15.6,94,100,15.2,15.2,6.6,155,14.37,2.61,809.1,16.8,1938.0,29.420034,79.50346
UK-NTL,2022-07-29,18.1,20.6,16.4,92,100,13.4,13.4,7.4,171,12.54,2.33,808.2,16.8,1938.0,29.420034,79.50346
UK-NTL,2022-07-30,17.9,19.9,16.1,94,100,9.0,9.0,6.8,236,11.52,2.11,806.4,16.9,1938.0,29.420034,79.50346
UK-NTL,2022-07-31,18.0,21.3,15.6,92,100,2.6,2.6,6.9,277,15.89,2.83,804.5,16.7,1938.0,29.420034,79.50346
UK-NTL,2022-08-01,18.5,21.8,15.5,90,100,2.8,2.8,8.6,273,20.19,3.58,804.8,16.8,1938.0,29.420034,79.50346
UK-NTL,2022-08-02,18.5,21.5,15.3,91,100,3.8,3.8,8.4,233,20.38,3.62,804.8,16.9,1938.0,29.420034,79.50346
UK-NTL,2022-08-03,17.9,20.3,16.1,95,100,51.2,51.2,4.0,62,5.7,1.17,806.3,17.1,1938.0,29.420034,79.50346
UK-NTL,2022-08-04,18.3,21.0,16.5,91,100,5.3,5.3,9.4,133,12.75,2.33,807.3,16.9,1938.0,29.420034,79.50346
UK-NTL,2022-08-05,18.4,21.2,15.9,91,99,7.3,7.3,9.6,132,17.59,3.11,806.3,16.8,1938.0,29.420034,79.50346
UK-NTL,2022-08-06,18.9,21.4,15.6,89,100,4.3,4.3,7.5,192,17.67,3.23,804.6,16.9,1938.0,29.420034,79.50346
UK-NTL,2022-08-07,17.8,20.6,16.7,93,100,29.1,29.1,10.3,108,5.22,1.04,804.2,16.6,1938.0,29.420034,79.50346
UK-NTL,2022-08-08,19.6,23.4,16.2,84,100,0.8,0.8,5.6,217,18.06,3.49,805.1,16.7,1938.0,29.420034,79.50346
UK-NTL,2022-08-09,20.4,24.4,16.3,86,100,1.0,1.0,8.0,99,18.61,3.62,805.6,17.8,1938.0,29.420034,79.50346
UK-NTL,2022-08-10,19.9,22.7,17.0,83,98,7.3,7.3,7.1,185,19.82,3.72,804.4,16.8,1938.0,29.420034,79.50346
UK-NTL,2022-08-11,19.7,24.5,16.9,79,94,4.0,4.0,8.4,75,9.36,2.04,805.9,15.7,1938.0,29.420034,79.50346
UK-NTL,2022-08-12,19.1,23.4,15.6,88,100,1.6,1.6,4.3,194,19.58,3.66,805.5,16.8,1938.0,29.420034,79.50346
UK-NTL,2022-08-13,19.2,21.9,16.8,92,100,2.6,2.6,6.8,190,16.26,2.95,805.4,17.9,1938.0,29.420034,79.50346
UK-NTL,2022-08-14,18.4,21.5,16.4,90,100,9.8,9.8,12.1,149,14.91,2.65,806.6,16.7,1938.0,29.420034,79.50346
UK-NTL,2022-08-15,18.4,22.6,16.1,87,96,11.7,11.7,9.7,36,11.38,2.24,807.5,16.0,1938.0,29.420034,79.50346
UK-NTL,2022-08-16,18.5,21.7,15.7,86,96,5.7,5.7,12.8,122,16.85,3.05,807.7,16.1,1938.0,29.420034,79.50346
UK-NTL,2022-08-17,18.3,22.1,15.5,90,100,2.2,2.2,8.6,161,21.0,3.7,807.7,16.6,1938.0,29.420034,79.50346
UK-NTL,2022-08-18,18.9,22.4,15.3,89,100,1.3,1.3,9.2,270,21.12,3.81,806.1,16.8,1938.0,29.420034,79.50346
UK-NTL,2022-08-19,18.7,21.1,17.0,92,100,12.9,12.9,7.1,300,12.86,2.4,805.6,17.4,1938.0,29.420034,79.50346
UK-NTL,2022-08-20,18.2,21.1,15.9,92,99,53.7,53.7,7.4,114,13.05,2.44,806.6,16.8,1938.0,29.420034,79.50346
UK-NTL,2022-08-21,19.6,22.5,17.1,80,94,0.6,0.6,7.7,279,20.1,3.75,805.9,15.9,1938.0,29.420034,79.50346
UK-NTL,2022-08-22,19.0,22.1,16.5,88,100,2.7,2.7,5.9,151,17.74,3.26,805.0,16.9,1938.0,29.420034,79.50346
UK-NTL,2022-08-23,19.5,23.3,16.2,84,100,0.9,0.9,14.3,119,22.63,4.09,807.4,16.5,1938.0,29.420034,79.50346
UK-NTL,2022-08-24,18.5,21.3,16.1,89,99,6.2,6.2,12.5,129,16.47,2.95,809.5,16.7,1938.0,29.420034,79.50346
UK-NTL,2022-08-25,18.8,22.6,15.5,86,100,2.1,2.1,9.7,171,21.82,3.91,808.3,16.2,1938.0,29.420034,79.50346
UK-NTL,2022-08-26,18.7,21.8,15.4,90,100,1.9,1.9,8.3,262,18.85,3.4,807.2,17.0,1938.0,29.420034,79.50346
UK-NTL,2022-08-27,19.3,22.5,16.2,90,100,1.5,1.5,8.9,275,22.51,4.04,806.2,17.5,1938.0,29.420034,79.50346
UK-NTL,2022-08-28,18.4,21.6,16.2,93,100,5.0,5.0,6.8,254,15.4,2.78,806.7,17.2,1938.0,29.420034,79.50346
UK-NTL,2022-08-29,17.7,19.3,16.2,94,100,4.8,4.8,4.8,297,7.62,1.49,809.9,16.6,1938.0,29.420034,79.50346
UK-NTL,2022-08-30,17.9,21.1,15.0,93,100,1.0,1.0,7.7,251,18.01,3.19,810.4,16.7,1938.0,29.420034,79.50346
UK-NTL,2022-08-31,18.7,22.5,15.6,88,100,1.5,1.5,10.8,273,21.52,3.87,808.6,16.6,1938.0,29.420034,79.50346
UK-NTL,2022-09-01,18.5,22.1,16.5,91,100,2.4,2.4,9.7,268,17.13,3.09,808.7,17.0,1938.0,29.420034,79.50346
UK-NTL,2022-09-02,18.4,21.2,16.3,90,100,2.4,2.4,9.7,262,21.0,3.65,809.6,16.7,1938.0,29.420034,79.50346
UK-NTL,2022-09-03,18.1,21.2,15.8,90,100,4.0,4.0,9.5,297,18.51,3.26,806.9,16.3,1938.0,29.420034,79.50346
UK-NTL,2022-09-04,17.6,20.6,15.0,90,100,1.7,1.7,9.7,291,16.25,2.85,806.0,15.8,1938.0,29.420034,79.50346
UK-NTL,2022-09-05,17.3,20.7,13.7,89,100,0.8,0.8,7.7,308,16.7,2.97,807.4,15.3,1938.0,29.420034,79.50346
UK-NTL,2022-09-06,17.6,21.5,14.3,87,99,1.9,1.9,6.2,317,19.65,3.55,808.3,15.2,1938.0,29.420034,79.50346
UK-NTL,2022-09-07,18.2,21.6,15.4,88,99,1.8,1.8,6.4,228,20.54,3.66,810.4,16.0,1938.0,29.420034,79.50346
UK-NTL,2022-09-08,17.8,21.0,15.3,92,100,2.1,2.1,6.7,176,15.8,2.81,811.4,16.5,1938.0,29.420034,79.50346
UK-NTL,2022-09-09,17.9,20.7,15.2,91,100,2.6,2.6,7.3,165,16.41,2.9,811.2,16.3,1938.0,29.420034,79.50346
UK-NTL,2022-09-10,17.6,21.0,15.5,90,99,3.9,3.9,4.8,140,15.55,2.8,810.3,16.0,1938.0,29.420034,79.50346
UK-NTL,2022-09-11,17.2,20.4,14.8,88,100,4.9,4.9,8.7,96,16.55,2.91,808.5,15.1,1938.0,29.420034,79.50346
UK-NTL,2022-09-12,17.6,21.1,13.9,88,100,0.4,0.4,7.1,285,18.44,3.25,806.8,15.4,1938.0,29.420034,79.50346
UK-NTL,2022-09-13,17.6,21.5,14.4,92,100,23.0,23.0,5.8,121,14.67,2.68,807.4,16.2,1938.0,29.420034,79.50346
UK-NTL,2022-09-14,17.3,20.9,15.0,92,100,26.3,26.3,5.1,68,11.36,2.14,807.6,15.8,1938.0,29.420034,79.50346
UK-NTL,2022-09-15,17.3,19.6,15.7,91,98,6.8,6.8,6.0,81,9.58,1.79,805.7,15.8,1938.0,29.420034,79.50346
UK-NTL,2022-09-16,17.3,20.6,14.8,87,97,18.4,18.4,6.8,17,11.3,2.17,802.5,15.0,1938.0,29.420034,79.50346
UK-NTL,2022-09-17,16.7,20.5,13.8,88,94,52.3,52.3,7.6,22,13.33,2.46,804.8,14.7,1938.0,29.420034,79.50346
UK-NTL,2022-09-18,16.7,20.0,14.1,91,99,39.2,39.2,6.8,77,15.0,2.62,807.3,15.1,1938.0,29.420034,79.50346
UK-NTL,2022-09-19,17.7,20.5,14.5,87,96,8.6,8.6,8.4,98,16.21,2.89,808.6,15.5,1938.0,29.420034,79.50346
UK-NTL,2022-09-20,17.5,21.5,14.0,89,100,5.1,5.1,8.0,161,16.66,3.0,808.5,15.5,1938.0,29.420034,79.50346
UK-NTL,2022-09-21,17.8,20.8,15.2,89,99,6.6,6.6,7.1,277,12.53,2.34,808.5,15.9,1938.0,29.420034,79.50346
UK-NTL,2022-09-22,17.8,21.2,15.3,87,96,9.4,9.4,8.0,121,11.42,2.15,808.1,15.5,1938.0,29.420034,79.50346
UK-NTL,2022-09-23,17.5,21.3,14.9,86,95,5.1,5.1,10.2,114,13.94,2.56,807.5,15.0,1938.0,29.420034,79.50346
UK-NTL,2022-09-24,16.9,19.5,15.4,89,96,11.5,11.5,10.9,105,10.66,1.94,806.5,15.0,1938.0,29.420034,79.50346
UK-NTL,2022-09-25,15.9,18.0,13.9,92,98,54.2,54.2,11.0,99,4.81,1.0,807.1,14.6,1938.0,29.420034,79.50346
UK-NTL,2022-09-26,16.2,19.4,13.6,90,100,5.6,5.6,6.9,308,15.39,2.65,809.1,14.5,1938.0,29.420034,79.50346
UK-NTL,2022-09-27,16.0,20.0,12.5,88,100,1.9,1.9,7.4,259,17.88,3.09,807.8,13.8,1938.0,29.420034,79.50346
UK-NTL,2022-09-28,16.0,20.8,12.1,87,100,2.8,2.8,6.9,252,19.05,3.32,807.1,13.7,1938.0,29.420034,79.50346
UK-NTL,2022-09-29,15.9,20.2,12.2,85,99,0.9,0.9,4.2,47,16.6,2.92,807.2,13.1,1938.0,29.420034,79.50346
UK-NTL,2022-09-30,16.0,20.5,11.6,86,100,1.5,1.5,6.3,237,17.18,3.01,807.8,13.6,1938.0,29.420034,79.50346
UK-NTL,2022-10-01,15.6,20.0,12.7,88,99,6.2,6.2,8.0,34,15.68,2.72,807.0,13.5,1938.0,29.420034,79.50346
UK-NTL,2022-10-02,16.5,20.8,10.7,77,97,3.5,3.5,5.2,15,17.23,3.06,807.6,12.3,1938.0,29.420034,79.50346
UK-NTL,2022-10-03,17.7,21.8,12.9,73,89,2.9,2.9,6.4,173,19.34,3.46,808.9,12.7,1938.0,29.420034,79.50346
UK-NTL,2022-10-04,17.4,20.3,14.7,81,100,1.5,1.5,6.8,188,16.88,3.0,810.7,13.9,1938.0,29.420034,79.50346
UK-NTL,2022-10-05,16.3,19.7,13.4,89,100,2.2,2.2,7.3,265,15.62,2.67,809.7,14.4,1938.0,29.420034,79.50346
UK-NTL,2022-10-06,15.3,19.5,12.0,89,100,3.6,3.6,7.3,60,13.46,2.34,808.9,13.5,1938.0,29.420034,79.50346
UK-NTL,2022-10-07,14.0,15.8,12.0,92,96,63.3,63.3,8.9,51,3.14,0.72,809.4,12.7,1938.0,29.420034,79.50346
UK-NTL,2022-10-08,13.8,15.3,13.1,93,96,35.4,35.4,7.2,49,2.59,0.63,809.9,12.7,1938.0,29.420034,79.50346
UK-NTL,2022-10-09,13.2,13.9,12.2,92,99,243.3,243.3,18.3,72,0.98,0.44,809.3,11.9,1938.0,29.420034,79.50346
UK-NTL,2022-10-10,13.5,17.2,10.4,89,98,29.4,29.4,8.9,57,9.28,1.63,809.8,11.7,1938.0,29.420034,79.50346
UK-NTL,2022-10-11,13.4,17.3,10.2,89,97,11.3,11.3,7.3,89,14.09,2.31,808.7,11.5,1938.0,29.420034,79.50346
UK-NTL,2022-10-12,13.2,17.2,9.8,86,99,2.6,2.6,6.9,9,15.89,2.63,808.9,10.9,1938.0,29.420034,79.50346
UK-NTL,2022-10-13,13.4,16.7,9.9,80,95,1.4,1.4,5.5,46,15.57,2.56,809.9,9.9,1938.0,29.420034,79.50346
UK-NTL,2022-10-14,14.3,17.6,9.8,77,100,0.6,0.6,5.1,223,15.76,2.63,810.3,10.1,1938.0,29.420034,79.50346
UK-NTL,2022-10-15,13.6,18.5,9.4,87,100,1.5,1.5,6.6,240,16.46,2.73,809.4,11.3,1938.0,29.420034,79.50346
UK-NTL,2022-10-16,13.4,17.7,9.3,89,100,1.4,1.4,6.4,278,16.39,2.69,811.1,11.4,1938.0,29.420034,79.50346
UK-NTL,2022-10-17,14.0,18.4,10.6,87,100,0.5,0.5,6.1,278,16.88,2.81,811.5,11.7,1938.0,29.420034,79.50346
UK-NTL,2022-10-18,12.9,17.1,9.4,80,100,0.3,0.3,6.1,3,15.18,2.49,810.1,9.2,1938.0,29.420034,79.50346
UK-NTL,2022-10-19,13.1,16.4,10.4,70,85,0.7,0.7,9.3,300,16.71,2.68,810.5,7.5,1938.0,29.420034,79.50346
UK-NTL,2022-10-20,13.2,16.7,8.7,67,85,0.6,0.6,7.5,274,17.34,2.87,811.9,7.0,1938.0,29.420034,79.50346
UK-NTL,2022-10-21,13.7,17.5,10.7,60,76,0.2,0.2,11.3,307,17.16,2.97,813.2,5.7,1938.0,29.420034,79.50346
UK-NTL,2022-10-22,14.1,17.8,11.2,53,79,0.1,0.1,5.2,226,16.97,2.9,814.0,4.2,1938.0,29.420034,79.50346
UK-NTL,2022-10-23,15.1,18.7,12.3,48,70,0.0,0.0,6.4,237,18.4,3.11,813.7,4.0,1938.0,29.420034,79.50346
UK-NTL,2022-10-24,15.4,19.1,11.0,43,65,0.0,0.0,7.8,255,18.31,3.21,810.0,2.6,1938.0,29.420034,79.50346
UK-NTL,2022-10-25,14.2,18.6,8.7,57,95,0.0,0.0,7.3,249,18.51,3.23,806.8,4.8,1938.0,29.420034,79.50346
UK-NTL,2022-10-26,12.9,17.5,8.0,70,100,0.0,0.0,6.9,248,17.71,2.84,809.9,7.0,1938.0,29.420034,79.50346
UK-NTL,2022-10-27,11.8,16.8,7.2,81,100,0.0,0.0,7.9,236,17.2,2.7,809.6,8.5,1938.0,29.420034,79.50346
UK-NTL,2022-10-28,11.5,16.3,7.5,86,100,0.4,0.4,7.0,259,15.53,2.44,809.6,9.0,1938.0,29.420034,79.50346
UK-NTL,2022-10-29,11.6,16.3,8.1,90,100,0.6,0.6,7.6,207,15.17,2.36,810.4,9.9,1938.0,29.420034,79.50346
UK-NTL,2022-10-30,12.5,17.5,7.7,84,99,0.2,0.2,7.1,208,16.59,2.68,811.0,9.5,1938.0,29.420034,79.50346
UK-NTL,2022-10-31,12.2,17.6,6.8,83,100,0.2,0.2,7.4,190,16.42,2.65,810.9,9.1,1938.0,29.420034,79.50346
UK-NTL,2022-11-01,12.6,17.4,8.4,83,100,1.1,1.1,7.6,199,15.94,2.57,811.7,9.4,1938.0,29.420034,79.50346
UK-NTL,2022-11-02,13.0,18.7,7.4,71,99,0.0,0.0,7.1,315,16.67,2.83,809.7,7.3,1938.0,29.420034,79.50346
UK-NTL,2022-11-03,13.3,18.0,9.5,79,100,0.2,0.2,7.2,209,15.49,2.52,809.3,9.4,1938.0,29.420034,79.50346
UK-NTL,2022-11-04,12.4,17.1,8.7,86,100,0.2,0.2,7.7,188,15.13,2.39,810.7,10.0,1938.0,29.420034,79.50346
UK-NTL,2022-11-05,11.8,16.7,8.3,86,99,1.1,1.1,6.9,69,14.52,2.33,812.4,9.3,1938.0,29.420034,79.50346
UK-NTL,2022-11-06,12.9,17.5,9.1,79,99,0.0,0.0,7.6,288,14.8,2.4,812.9,9.0,1938.0,29.420034,79.50346
UK-NTL,2022-11-07,12.9,18.1,8.2,74,97,0.0,0.0,10.1,301,13.77,2.41,811.7,7.7,1938.0,29.420034,79.50346
UK-NTL,2022-11-08,12.4,16.7,7.0,75,94,0.0,0.0,8.3,283,14.47,2.33,811.6,7.8,1938.0,29.420034,79.50346
UK-NTL,2022-11-09,11.7,15.4,8.0,66,90,0.6,0.6,9.1,299,13.92,2.21,811.4,5.3,1938.0,29.420034,79.50346
UK-NTL,2022-11-10,11.1,15.4,8.4,70,91,0.0,0.0,7.0,327,14.47,2.27,811.4,5.5,1938.0,29.420034,79.50346
UK-NTL,2022-11-11,10.7,15.2,6.6,65,82,0.3,0.3,7.2,297,15.22,2.38,810.3,4.0,1938.0,29.420034,79.50346
UK-NTL,2022-11-12,11.1,15.9,6.4,59,85,0.0,0.0,7.4,270,15.58,2.51,809.6,2.7,1938.0,29.420034,79.50346
UK-NTL,2022-11-13,11.0,15.9,5.2,59,89,0.0,0.0,7.8,233,15.56,2.44,808.9,2.7,1938.0,29.420034,79.50346
UK-NTL,2022-11-14,10.4,15.6,4.7,60,91,0.0,0.0,6.5,343,14.09,2.32,809.8,2.3,1938.0,29.420034,79.50346
UK-NTL,2022-11-15,11.3,16.4,7.4,58,78,0.2,0.2,8.9,320,14.64,2.47,809.9,2.9,1938.0,29.420034,79.50346
UK-NTL,2022-11-16,9.9,14.3,5.5,57,75,0.0,0.0,9.4,306,15.1,2.45,807.8,1.4,1938.0,29.420034,79.50346
UK-NTL,2022-11-17,9.3,14.3,5.1,70,100,0.1,0.1,7.3,169,15.01,2.24,806.5,3.7,1938.0,29.420034,79.50346
UK-NTL,2022-11-18,9.6,14.6,5.5,78,99,0.0,0.0,7.1,202,14.61,2.19,808.8,5.7,1938.0,29.420034,79.50346
UK-NTL,2022-11-19,10.1,15.5,3.8,75,97,0.0,0.0,4.8,344,14.19,2.17,809.9,5.4,1938.0,29.420034,79.50346
UK-NTL,2022-11-20,12.0,16.6,9.0,52,80,0.0,0.0,7.2,166,14.73,2.38,809.7,1.9,1938.0,29.420034,79.50346
UK-NTL,2022-11-21,12.6,17.4,8.3,58,88,0.0,0.0,7.1,226,14.21,2.41,808.9,3.8,1938.0,29.420034,79.50346
UK-NTL,2022-11-22,11.3,17.0,5.5,60,97,0.0,0.0,6.8,201,14.76,2.42,807.6,2.5,1938.0,29.420034,79.50346
UK-NTL,2022-11-23,10.6,16.9,6.1,71,97,0.0,0.0,7.1,206,14.46,2.28,807.2,4.7,1938.0,29.420034,79.50346
UK-NTL,2022-11-24,11.6,17.3,6.2,68,100,0.0,0.0,5.9,208,14.63,2.33,808.2,5.1,1938.0,29.420034,79.50346
UK-NTL,2022-11-25,10.3,16.2,5.0,76,99,0.0,0.0,4.9,37,14.03,2.18,809.8,5.8,1938.0,29.420034,79.50346
UK-NTL,2022-11-26,13.2,17.7,7.6,54,92,0.0,0.0,6.8,210,14.27,2.5,808.9,3.3,1938.0,29.420034,79.50346
UK-NTL,2022-11-27,11.2,16.1,7.8,67,94,0.0,0.0,6.9,177,14.09,2.21,806.7,4.6,1938.0,29.420034,79.50346
UK-NTL,2022-11-28,9.9,14.7,6.9,78,97,0.0,0.0,7.2,155,14.0,2.07,807.4,6.0,1938.0,29.420034,79.50346
UK-NTL,2022-11-29,9.2,15.3,5.1,82,100,0.0,0.0,6.4,206,13.67,2.04,808.5,6.0,1938.0,29.420034,79.50346
UK-NTL,2022-11-30,9.5,15.2,5.2,85,100,0.0,0.0,6.6,206,13.36,1.99,809.2,6.9,1938.0,29.420034,79.50346
UK-NTL,2022-12-01,9.7,16.1,5.4,87,100,0.0,0.0,6.2,228,13.68,2.07,808.1,7.2,1938.0,29.420034,79.50346
UK-NTL,2022-12-02,9.2,14.7,5.3,83,100,0.0,0.0,7.4,178,13.46,1.98,807.6,6.2,1938.0,29.420034,79.50346
UK-NTL,2022-12-03,8.9,14.9,4.4,85,100,0.0,0.0,6.6,209,13.07,1.94,807.8,6.3,1938.0,29.420034,79.50346
UK-NTL,2022-12-04,9.5,16.1,4.3,80,100,0.0,0.0,6.0,211,13.59,2.1,808.1,5.8,1938.0,29.420034,79.50346
UK-NTL,2022-12-05,8.6,13.6,4.7,84,99,0.0,0.0,7.1,184,13.22,1.89,808.9,5.8,1938.0,29.420034,79.50346
UK-NTL,2022-12-06,10.1,15.1,4.8,61,87,0.0,0.0,6.0,265,13.71,2.15,807.8,2.4,1938.0,29.420034,79.50346
UK-NTL,2022-12-07,11.1,15.9,4.5,52,69,0.0,0.0,6.2,282,13.77,2.17,807.4,1.6,1938.0,29.420034,79.50346
UK-NTL,2022-12-08,9.5,15.3,4.8,65,94,0.0,0.0,5.4,126,13.43,2.07,807.9,2.7,1938.0,29.420034,79.50346
UK-NTL,2022-12-09,11.1,16.5,6.1,50,80,0.0,0.0,4.7,18,13.41,2.1,808.6,0.6,1938.0,29.420034,79.50346
UK-NTL,2022-12-10,9.8,16.8,4.2,48,64,0.0,0.0,6.9,349,13.36,2.23,808.1,-1.2,1938.0,29.420034,79.50346
UK-NTL,2022-12-11,12.3,18.6,6.6,29,59,0.0,0.0,6.5,324,13.72,2.54,809.8,-6.4,1938.0,29.420034,79.50346
UK-NTL,2022-12-12,13.7,18.8,7.5,27,57,0.0,0.0,8.2,250,13.7,2.75,809.3,-6.4,1938.0,29.420034,79.50346
UK-NTL,2022-12-13,13.2,18.9,6.3,29,48,0.0,0.0,6.1,299,13.77,2.62,809.3,-5.5,1938.0,29.420034,79.50346
UK-NTL,2022-12-14,12.9,17.0,7.1,36,70,0.0,0.0,6.1,250,13.95,2.42,808.5,-2.9,1938.0,29.420034,79.50346
UK-NTL,2022-12-15,10.5,15.2,4.7,48,73,0.0,0.0,5.9,214,13.65,2.19,806.4,-0.6,1938.0,29.420034,79.50346
UK-NTL,2022-12-16,9.5,15.2,3.8,61,96,0.0,0.0,6.0,254,13.54,2.06,805.5,1.4,1938.0,29.420034,79.50346
UK-NTL,2022-12-17,9.2,13.7,3.8,62,94,0.0,0.0,6.1,150,13.37,1.96,807.2,1.8,1938.0,29.420034,79.50346
UK-NTL,2022-12-18,8.1,13.6,3.6,78,100,0.0,0.0,6.1,139,13.09,1.9,807.9,4.1,1938.0,29.420034,79.50346
UK-NTL,2022-12-19,8.3,13.1,3.6,78,100,0.0,0.0,6.4,195,12.95,1.85,806.8,4.4,1938.0,29.420034,79.50346
UK-NTL,2022-12-20,9.2,14.5,3.2,60,99,0.0,0.0,6.3,237,13.03,2.03,805.8,1.3,1938.0,29.420034,79.50346
UK-NTL,2022-12-21,8.8,13.6,4.8,50,63,0.0,0.0,5.4,169,13.64,2.01,806.7,-1.8,1938.0,29.420034,79.50346
UK-NTL,2022-12-22,8.4,12.5,5.5,33,54,0.0,0.0,6.3,260,13.9,2.16,806.2,-7.7,1938.0,29.420034,79.50346
UK-NTL,2022-12-23,6.8,11.8,1.7,38,56,0.0,0.0,6.1,168,13.85,2.04,805.4,-7.1,1938.0,29.420034,79.50346
UK-NTL,2022-12-24,7.3,10.6,4.2,59,76,0.5,0.5,8.1,152,11.66,1.68,806.4,-0.4,1938.0,29.420034,79.50346
UK-NTL,2022-12-25,7.1,11.2,4.5,65,86,0.0,0.0,7.9,125,12.93,1.82,806.5,0.7,1938.0,29.420034,79.50346
UK-NTL,2022-12-26,6.0,11.7,2.3,71,97,0.2,0.2,6.4,151,13.35,1.83,807.4,0.6,1938.0,29.420034,79.50346
UK-NTL,2022-12-27,7.6,12.9,2.8,47,84,0.0,0.0,8.0,325,13.44,2.09,806.8,-3.9,1938.0,29.420034,79.50346
UK-NTL,2022-12-28,7.9,14.1,2.0,45,79,0.0,0.0,6.5,304,13.73,2.1,805.9,-4.2,1938.0,29.420034,79.50346
UK-NTL,2022-12-29,7.8,12.8,1.4,49,74,0.0,0.0,6.6,342,8.17,1.5,808.1,-2.6,1938.0,29.420034,79.50346
UK-NTL,2022-12-30,7.8,11.1,3.4,64,85,0.0,0.0,7.9,306,9.43,1.44,810.1,1.0,1938.0,29.420034,79.50346
UK-NTL,2022-12-31,5.9,11.6,1.1,70,89,0.0,0.0,8.3,286,13.27,1.82,807.6,0.5,1938.0,29.420034,79.50346
UK-NTL,2023-01-01,5.3,9.4,1.2,69,99,0.0,0.0,7.8,172,11.77,1.58,808.7,-0.4,1938.0,29.420034,79.50346
UK-NTL,2023-01-02,3.2,9.6,-1.8,79,98,0.0,0.0,8.0,138,13.54,1.74,808.0,-0.7,1938.0,29.420034,79.50346
UK-NTL,2023-01-03,3.0,9.1,-2.2,61,88,0.0,0.0,8.6,133,13.83,1.79,808.0,-4.7,1938.0,29.420034,79.50346
UK-NTL,2023-01-04,4.1,10.6,-3.2,56,90,0.0,0.0,5.1,131,13.85,1.87,808.5,-4.9,1938.0,29.420034,79.50346
UK-NTL,2023-01-05,6.4,12.3,0.3,53,85,0.0,0.0,5.8,304,14.19,2.02,810.4,-3.2,1938.0,29.420034,79.50346
UK-NTL,2023-01-06,9.1,13.8,6.1,43,70,0.0,0.0,5.6,143,14.31,2.14,812.4,-3.4,1938.0,29.420034,79.50346
UK-NTL,2023-01-07,10.4,15.2,6.3,39,59,0.0,0.0,7.0,178,14.06,2.35,812.0,-4.2,1938.0,29.420034,79.50346
UK-NTL,2023-01-08,12.4,17.1,8.0,32,62,0.0,0.0,7.4,278,13.85,2.59,811.1,-5.4,1938.0,29.420034,79.50346
UK-NTL,2023-01-09,12.5,16.9,9.3,44,57,0.0,0.0,5.7,248,13.25,2.29,812.3,0.5,1938.0,29.420034,79.50346
UK-NTL,2023-01-10,11.3,16.6,6.0,43,63,0.0,0.0,7.0,315,14.26,2.4,810.1,-1.2,1938.0,29.420034,79.50346
UK-NTL,2023-01-11,10.2,15.8,6.1,45,80,0.0,0.0,6.5,189,10.87,1.93,806.9,-2.3,1938.0,29.420034,79.50346
UK-NTL,2023-01-12,6.4,10.4,3.1,51,77,0.0,0.0,6.2,148,8.41,1.33,804.5,-3.3,1938.0,29.420034,79.50346
UK-NTL,2023-01-13,5.8,10.8,2.8,70,87,2.0,1.8,8.3,114,10.54,1.53,805.0,0.5,1938.0,29.420034,79.50346
UK-NTL,2023-01-14,6.0,10.7,1.9,74,96,0.1,0.1,8.4,162,12.58,1.73,805.3,1.3,1938.0,29.420034,79.50346
UK-NTL,2023-01-15,5.2,11.2,0.2,80,100,0.0,0.0,7.1,179,14.77,1.97,802.9,1.6,1938.0,29.420034,79.50346
UK-NTL,2023-01-16,3.5,8.7,-0.5,86,100,0.0,0.0,7.1,186,13.6,1.68,803.1,1.2,1938.0,29.420034,79.50346
UK-NTL,2023-01-17,3.4,8.5,-0.5,81,100,0.0,0.0,8.4,186,14.87,1.82,803.5,0.0,1938.0,29.420034,79.50346
UK-NTL,2023-01-18,4.0,10.2,-1.2,77,99,0.0,0.0,6.6,230,14.82,1.95,805.8,-0.1,1938.0,29.420034,79.50346
UK-NTL,2023-01-19,6.1,9.9,1.3,65,89,0.8,0.7,6.8,295,11.35,1.7,807.7,-0.5,1938.0,29.420034,79.50346
UK-NTL,2023-01-20,6.0,11.0,1.9,76,93,0.6,0.6,13.3,59,13.26,1.85,807.3,1.9,1938.0,29.420034,79.50346
UK-NTL,2023-01-21,5.6,11.2,-0.6,66,87,0.0,0.0,7.3,112,14.92,2.11,806.8,-0.8,1938.0,29.420034,79.50346
UK-NTL,2023-01-22,6.3,10.8,1.7,59,85,0.0,0.0,8.1,159,15.07,2.06,806.9,-1.5,1938.0,29.420034,79.50346
UK-NTL,2023-01-23,7.2,13.4,0.3,52,76,0.0,0.0,7.2,138,15.3,2.28,807.6,-2.7,1938.0,29.420034,79.50346
UK-NTL,2023-01-24,7.0,12.9,2.3,72,93,1.9,1.9,9.2,84,11.91,1.82,807.4,1.9,1938.0,29.420034,79.50346
UK-NTL,2023-01-25,6.4,11.6,2.8,85,96,13.3,13.3,9.4,94,11.35,1.56,807.4,3.9,1938.0,29.420034,79.50346
UK-NTL,2023-01-26,8.3,13.3,4.7,73,86,0.0,0.0,8.3,173,15.3,2.19,808.4,3.6,1938.0,29.420034,79.50346
UK-NTL,2023-01-27,10.7,14.8,4.6,44,60,0.0,0.0,6.0,31,15.82,2.51,809.1,-1.3,1938.0,29.420034,79.50346
UK-NTL,2023-01-28,12.9,17.3,6.6,27,43,0.0,0.0,6.6,282,16.6,2.97,808.6,-6.6,1938.0,29.420034,79.50346
UK-NTL,2023-01-29,9.8,14.3,5.8,44,81,0.7,0.7,9.9,69,8.16,1.52,807.6,-3.2,1938.0,29.420034,79.50346
UK-NTL,2023-01-30,6.0,9.7,1.3,69,92,10.5,8.2,10.6,57,3.32,0.81,808.7,0.1,1938.0,29.420034,79.50346
UK-NTL,2023-01-31,7.3,12.8,2.6,65,81,0.0,0.0,7.3,294,15.8,2.31,807.8,0.7,1938.0,29.420034,79.50346
UK-NTL,2023-02-01,10.6,16.1,5.0,39,59,0.0,0.0,6.8,349,16.74,2.75,808.4,-3.4,1938.0,29.420034,79.50346
UK-NTL,2023-02-02,10.8,16.5,5.0,44,70,0.0,0.0,7.9,305,17.02,2.94,807.8,-1.8,1938.0,29.420034,79.50346
UK-NTL,2023-02-03,9.7,14.3,4.6,54,73,0.0,0.0,6.9,333,16.87,2.66,807.4,0.6,1938.0,29.420034,79.50346
UK-NTL,2023-02-04,10.4,15.7,4.7,57,82,0.0,0.0,9.1,304,16.79,2.73,805.8,1.6,1938.0,29.420034,79.50346
UK-NTL,2023-02-05,9.5,14.0,2.5,67,100,0.0,0.0,8.3,271,17.05,2.6,805.2,3.2,1938.0,29.420034,79.50346
UK-NTL,2023-02-06,8.2,13.4,2.6,65,88,0.3,0.3,11.9,318,15.45,2.38,805.3,1.5,1938.0,29.420034,79.50346
UK-NTL,2023-02-07,8.4,13.3,3.4,59,84,0.0,0.0,9.5,299,17.02,2.57,804.3,0.5,1938.0,29.420034,79.50346
UK-NTL,2023-02-08,8.5,14.2,2.4,61,85,0.0,0.0,7.2,313,17.46,2.63,805.1,0.7,1938.0,29.420034,79.50346
UK-NTL,2023-02-09,10.7,15.3,4.3,57,85,0.0,0.0,8.1,254,17.47,2.81,806.9,1.7,1938.0,29.420034,79.50346
UK-NTL,2023-02-10,8.5,14.1,3.2,68,90,1.1,1.1,8.5,87,16.45,2.49,806.9,2.5,1938.0,29.420034,79.50346
UK-NTL,2023-02-11,7.5,13.5,2.8,71,91,0.4,0.4,9.2,32,15.35,2.3,806.6,2.2,1938.0,29.420034,79.50346
UK-NTL,2023-02-12,5.5,9.5,2.0,54,82,0.0,0.0,13.6,313,18.41,2.57,805.6,-3.7,1938.0,29.420034,79.50346
UK-NTL,2023-02-13,7.8,16.6,-0.8,53,75,0.0,0.0,8.5,7,18.56,2.99,803.8,-1.9,1938.0,29.420034,79.50346
UK-NTL,2023-02-14,10.0,14.8,5.8,59,86,0.0,0.0,7.8,264,18.06,2.76,807.2,1.8,1938.0,29.420034,79.50346
UK-NTL,2023-02-15,10.2,16.4,6.0,69,95,0.0,0.0,8.1,205,18.46,2.88,806.2,4.4,1938.0,29.420034,79.50346
UK-NTL,2023-02-16,10.5,16.6,4.6,63,89,0.0,0.0,7.9,166,18.29,2.94,809.6,3.2,1938.0,29.420034,79.50346
UK-NTL,2023-02-17,11.6,17.0,7.9,61,87,0.0,0.0,8.4,164,18.38,3.01,811.5,3.8,1938.0,29.420034,79.50346
UK-NTL,2023-02-18,11.6,16.9,7.2,74,98,0.0,0.0,7.6,189,18.68,2.94,810.7,6.8,1938.0,29.420034,79.50346
UK-NTL,2023-02-19,10.8,17.1,5.8,84,100,0.0,0.0,7.9,209,18.66,2.93,809.5,7.8,1938.0,29.420034,79.50346
UK-NTL,2023-02-20,13.0,19.5,6.5,60,99,0.0,0.0,11.3,283,18.64,3.36,809.2,3.8,1938.0,29.420034,79.50346
UK-NTL,2023-02-21,13.5,18.0,8.1,52,83,0.0,0.0,12.1,191,16.9,3.05,809.7,3.3,1938.0,29.420034,79.50346
UK-NTL,2023-02-22,11.5,16.8,6.7,52,77,0.0,0.0,10.5,297,18.74,3.15,808.0,1.5,1938.0,29.420034,79.50346
UK-NTL,2023-02-23,11.8,18.2,6.2,42,74,0.0,0.0,11.2,300,20.06,3.61,807.3,-3.0,1938.0,29.420034,79.50346
UK-NTL,2023-02-24,12.6,18.1,5.7,45,82,0.0,0.0,10.3,240,19.86,3.4,809.6,-0.2,1938.0,29.420034,79.50346
UK-NTL,2023-02-25,11.8,16.2,9.1,55,78,0.6,0.6,11.2,197,19.21,3.08,811.5,2.5,1938.0,29.420034,79.50346
UK-NTL,2023-02-26,11.0,16.1,7.0,60,77,0.3,0.3,10.2,223,17.95,2.87,812.9,3.1,1938.0,29.420034,79.50346
UK-NTL,2023-02-27,11.3,17.1,7.1,54,76,0.0,0.0,10.9,273,19.31,3.28,812.2,1.4,1938.0,29.420034,79.50346
UK-NTL,2023-02-28,12.6,17.7,7.4,43,63,0.0,0.0,10.4,289,19.86,3.51,813.0,-0.2,1938.0,29.420034,79.50346
UK-NTL,2023-03-01,12.0,17.7,7.6,47,61,6.1,6.1,11.4,327,15.97,2.85,814.0,0.8,1938.0,29.420034,79.50346
UK-NTL,2023-03-02,12.4,18.7,5.0,48,74,0.3,0.3,12.1,320,19.9,3.64,813.3,0.8,1938.0,29.420034,79.50346
UK-NTL,2023-03-03,13.2,19.7,7.4,49,76,0.1,0.1,15.9,313,20.42,4.01,813.4,1.7,1938.0,29.420034,79.50346
UK-NTL,2023-03-04,13.4,20.1,7.2,51,79,0.0,0.0,15.8,319,19.8,3.81,813.6,1.6,1938.0,29.420034,79.50346
UK-NTL,2023-03-05,13.3,19.1,7.3,48,74,0.1,0.1,11.9,290,19.62,3.69,812.9,1.4,1938.0,29.420034,79.50346
UK-NTL,2023-03-06,12.2,17.2,7.2,53,79,0.0,0.0,11.8,261,19.16,3.29,810.6,2.1,1938.0,29.420034,79.50346
UK-NTL,2023-03-07,12.3,17.3,6.8,56,79,0.1,0.1,10.0,210,19.09,3.22,811.2,3.3,1938.0,29.420034,79.50346
UK-NTL,2023-03-08,10.4,16.5,4.9,64,92,0.9,0.9,10.0,198,17.67,2.9,811.6,3.1,1938.0,29.420034,79.50346
UK-NTL,2023-03-09,11.3,15.9,8.6,58,75,5.2,5.2,7.1,301,15.02,2.5,812.1,3.2,1938.0,29.420034,79.50346
UK-NTL,2023-03-10,12.1,17.7,5.5,60,84,0.0,0.0,11.5,227,20.6,3.48,811.5,4.2,1938.0,29.420034,79.50346
UK-NTL,2023-03-11,12.4,17.4,7.9,65,85,0.6,0.6,10.9,204,18.62,3.12,811.9,5.5,1938.0,29.420034,79.50346
UK-NTL,2023-03-12,12.8,18.1,8.5,67,85,4.3,4.3,8.2,218,17.64,2.9,812.2,6.7,1938.0,29.420034,79.50346
UK-NTL,2023-03-13,12.6,17.3,7.9,67,89,5.5,5.5,9.2,230,16.42,2.8,811.0,6.3,1938.0,29.420034,79.50346
UK-NTL,2023-03-14,13.0,17.0,8.0,57,83,0.1,0.1,12.0,252,17.56,3.13,808.3,4.1,1938.0,29.420034,79.50346
UK-NTL,2023-03-15,13.3,18.2,9.9,52,74,0.5,0.5,11.3,253,21.0,3.62,808.1,3.1,1938.0,29.420034,79.50346
UK-NTL,2023-03-16,12.9,18.7,9.0,53,81,0.4,0.4,10.8,240,18.48,3.38,808.9,2.8,1938.0,29.420034,79.50346
UK-NTL,2023-03-17,10.6,15.8,6.3,69,89,5.6,5.6,9.0,96,17.68,2.82,808.7,4.7,1938.0,29.420034,79.50346
UK-NTL,2023-03-18,9.6,14.0,6.4,77,97,8.6,8.6,8.7,114,13.88,2.16,806.9,5.6,1938.0,29.420034,79.50346
UK-NTL,2023-03-19,9.5,13.9,4.6,79,97,3.5,3.5,11.2,122,16.15,2.4,805.1,5.8,1938.0,29.420034,79.50346
UK-NTL,2023-03-20,8.5,12.5,4.8,85,98,14.0,14.0,8.9,124,12.91,1.91,803.4,6.0,1938.0,29.420034,79.50346
UK-NTL,2023-03-21,7.7,9.8,6.2,88,95,16.5,16.5,7.9,124,7.89,1.18,803.3,5.9,1938.0,29.420034,79.50346
UK-NTL,2023-03-22,8.8,13.1,5.4,81,94,7.1,7.1,8.4,285,18.79,2.74,804.7,5.5,1938.0,29.420034,79.50346
UK-NTL,2023-03-23,10.6,16.5,4.7,71,93,0.0,0.0,10.2,299,23.34,3.68,804.4,5.0,1938.0,29.420034,79.50346
UK-NTL,2023-03-24,12.2,16.6,7.7,64,86,0.8,0.8,12.5,243,18.88,3.13,806.8,5.5,1938.0,29.420034,79.50346
UK-NTL,2023-03-25,10.5,15.6,6.5,77,94,4.8,4.8,10.4,84,17.7,2.77,808.1,6.5,1938.0,29.420034,79.50346
UK-NTL,2023-03-26,10.8,16.8,4.8,65,99,0.0,0.0,12.3,282,21.92,3.6,806.4,3.8,1938.0,29.420034,79.50346
UK-NTL,2023-03-27,11.9,15.8,7.3,57,79,0.0,0.0,11.0,271,20.49,3.38,806.3,3.2,1938.0,29.420034,79.50346
UK-NTL,2023-03-28,11.8,16.2,6.3,57,79,0.0,0.0,11.1,205,22.14,3.59,806.6,3.3,1938.0,29.420034,79.50346
UK-NTL,2023-03-29,13.5,17.3,9.9,50,66,0.8,0.8,9.0,240,21.29,3.61,808.9,3.2,1938.0,29.420034,79.50346
UK-NTL,2023-03-30,14.0,19.4,8.5,49,78,0.5,0.5,9.4,283,23.25,4.14,807.4,2.9,1938.0,29.420034,79.50346
UK-NTL,2023-03-31,9.7,11.8,7.1,80,95,23.2,23.2,14.3,98,9.78,1.6,804.9,6.2,1938.0,29.420034,79.50346
UK-NTL,2023-04-01,8.3,11.5,5.7,86,97,11.7,11.7,11.2,98,13.26,1.93,804.4,5.9,1938.0,29.420034,79.50346
UK-NTL,2023-04-02,9.4,13.4,6.0,80,98,0.8,0.8,10.7,305,20.92,3.07,803.8,5.9,1938.0,29.420034,79.50346
UK-NTL,2023-04-03,12.6,17.3,7.4,59,80,0.3,0.3,12.1,295,22.94,3.89,805.0,4.2,1938.0,29.420034,79.50346
UK-NTL,2023-04-04,12.0,15.1,9.1,61,75,3.6,3.6,7.6,13,14.98,2.53,806.3,4.7,1938.0,29.420034,79.50346
UK-NTL,2023-04-05,12.4,17.3,7.4,51,70,0.0,0.0,10.7,289,25.39,4.27,806.5,1.8,1938.0,29.420034,79.50346
UK-NTL,2023-04-06,12.6,17.7,6.4,48,69,0.0,0.0,11.8,304,22.75,3.97,808.3,1.4,1938.0,29.420034,79.50346
UK-NTL,2023-04-07,13.5,19.7,7.0,53,74,0.0,0.0,9.3,264,25.34,4.4,810.4,3.5,1938.0,29.420034,79.50346
UK-NTL,2023-04-08,15.0,19.4,8.4,50,76,0.2,0.2,10.8,204,24.3,4.3,812.4,4.3,1938.0,29.420034,79.50346
UK-NTL,2023-04-09,15.2,19.3,11.2,47,61,1.0,1.0,10.1,263,23.26,4.1,813.0,3.9,1938.0,29.420034,79.50346
UK-NTL,2023-04-10,15.0,20.1,9.0,43,72,0.0,0.0,12.5,259,25.37,4.58,811.3,1.9,1938.0,29.420034,79.50346
UK-NTL,2023-04-11,15.7,21.4,8.8,46,63,0.0,0.0,9.8,305,23.63,4.57,810.6,3.5,1938.0,29.420034,79.50346
UK-NTL,2023-04-12,17.1,22.3,10.9,41,68,0.0,0.0,12.2,288,25.19,5.06,811.1,2.9,1938.0,29.420034,79.50346
UK-NTL,2023-04-13,18.1,23.1,12.4,38,62,0.0,0.0,10.4,285,24.25,4.96,810.7,3.0,1938.0,29.420034,79.50346
UK-NTL,2023-04-14,19.2,23.9,15.0,32,53,0.0,0.0,12.0,246,25.79,5.25,811.4,2.0,1938.0,29.420034,79.50346
UK-NTL,2023-04-15,19.0,23.9,15.4,36,48,0.8,0.8,9.9,255,22.78,4.56,811.8,3.2,1938.0,29.420034,79.50346
UK-NTL,2023-04-16,19.2,23.8,14.3,34,49,0.0,0.0,11.2,310,23.79,4.93,810.9,2.6,1938.0,29.420034,79.50346
UK-NTL,2023-04-17,19.5,25.2,13.7,36,57,0.0,0.0,11.4,276,25.14,5.17,810.7,3.5,1938.0,29.420034,79.50346
UK-NTL,2023-04-18,20.1,25.6,15.0,36,57,0.0,0.0,11.6,303,24.2,5.08,812.0,3.8,1938.0,29.420034,79.50346
UK-NTL,2023-04-19,18.4,24.5,12.6,44,68,0.2,0.2,13.6,319,22.77,4.86,809.0,4.9,1938.0,29.420034,79.50346
UK-NTL,2023-04-20,14.1,17.3,11.4,65,82,1.6,1.6,11.3,37,15.21,2.84,805.3,7.4,1938.0,29.420034,79.50346
UK-NTL,2023-04-21,13.8,19.6,8.6,63,92,12.0,12.0,10.9,347,23.2,4.12,805.1,6.2,1938.0,29.420034,79.50346
UK-NTL,2023-04-22,14.0,18.7,8.2,45,72,0.4,0.4,8.5,334,23.45,4.27,805.5,1.7,1938.0,29.420034,79.50346
UK-NTL,2023-04-23,14.5,19.3,10.0,40,65,3.3,3.3,13.8,323,21.3,3.86,806.8,0.6,1938.0,29.420034,79.50346
UK-NTL,2023-04-24,12.4,16.3,8.5,60,91,7.2,7.2,10.7,192,15.67,2.75,809.2,4.3,1938.0,29.420034,79.50346
UK-NTL,2023-04-25,12.9,18.0,7.7,65,82,0.6,0.6,9.0,148,22.07,3.71,810.1,6.1,1938.0,29.420034,79.50346
UK-NTL,2023-04-26,14.3,18.4,10.8,61,82,4.6,4.6,10.0,150,20.48,3.59,808.9,6.6,1938.0,29.420034,79.50346
UK-NTL,2023-04-27,14.5,17.6,11.3,58,82,4.1,4.1,6.8,15,17.43,3.11,809.1,6.2,1938.0,29.420034,79.50346
UK-NTL,2023-04-28,15.3,19.0,11.5,56,73,0.1,0.1,8.4,263,17.23,3.18,809.5,6.3,1938.0,29.420034,79.50346
UK-NTL,2023-04-29,14.5,20.3,11.2,64,89,7.1,7.1,10.7,170,20.27,3.62,808.1,7.5,1938.0,29.420034,79.50346
UK-NTL,2023-04-30,12.4,16.6,9.5,80,95,15.6,15.6,12.3,118,15.8,2.64,806.2,9.0,1938.0,29.420034,79.50346
UK-NTL,2023-05-01,11.5,14.4,9.2,86,96,12.9,12.9,12.9,104,10.45,1.76,805.6,9.2,1938.0,29.420034,79.50346
UK-NTL,2023-05-02,11.2,14.8,7.9,86,98,11.6,11.6,7.0,81,11.23,1.89,806.9,8.8,1938.0,29.420034,79.50346
UK-NTL,2023-05-03,12.1,15.5,8.2,78,94,5.7,5.7,11.1,69,14.46,2.38,808.4,8.3,1938.0,29.420034,79.50346
UK-NTL,2023-05-04,12.0,16.5,7.4,83,98,2.7,2.7,6.9,359,18.77,3.06,807.6,9.1,1938.0,29.420034,79.50346
UK-NTL,2023-05-05,13.3,17.1,10.0,79,91,0.6,0.6,9.0,294,19.85,3.23,807.0,9.5,1938.0,29.420034,79.50346
UK-NTL,2023-05-06,15.6,20.9,11.1,62,84,0.3,0.3,13.2,302,24.04,4.39,806.5,7.9,1938.0,29.420034,79.50346
UK-NTL,2023-05-07,15.8,21.2,10.3,53,80,0.5,0.5,11.5,335,25.77,4.86,806.6,5.6,1938.0,29.420034,79.50346
UK-NTL,2023-05-08,15.7,20.1,10.0,47,69,1.2,1.2,11.2,34,23.19,4.4,807.5,3.8,1938.0,29.420034,79.50346
UK-NTL,2023-05-09,16.2,20.1,10.7,43,65,0.8,0.8,10.8,312,23.65,4.45,808.1,3.0,1938.0,29.420034,79.50346
UK-NTL,2023-05-10,16.1,20.7,10.9,41,63,0.0,0.0,11.1,274,26.18,4.87,806.8,2.3,1938.0,29.420034,79.50346
UK-NTL,2023-05-11,17.3,21.9,11.7,46,69,0.0,0.0,8.4,201,25.05,4.8,809.4,4.9,1938.0,29.420034,79.50346
UK-NTL,2023-05-12,18.8,23.6,11.8,45,67,0.0,0.0,11.1,221,25.93,5.12,810.0,6.1,1938.0,29.420034,79.50346
UK-NTL,2023-05-13,20.0,24.5,13.3,40,68,0.0,0.0,10.9,227,25.47,5.3,810.3,5.6,1938.0,29.420034,79.50346
UK-NTL,2023-05-14,19.9,23.3,16.0,42,58,1.5,1.5,10.1,302,22.81,4.6,807.7,6.3,1938.0,29.420034,79.50346
UK-NTL,2023-05-15,19.1,24.0,14.7,40,63,2.1,2.1,11.8,291,24.09,4.8,806.7,4.8,1938.0,29.420034,79.50346
UK-NTL,2023-05-16,20.3,26.2,13.2,39,64,0.0,0.0,16.0,278,25.69,5.46,808.2,5.0,1938.0,29.420034,79.50346
UK-NTL,2023-05-17,21.2,24.9,17.7,36,47,0.2,0.2,14.1,264,24.76,5.23,810.1,5.5,1938.0,29.420034,79.50346
UK-NTL,2023-05-18,18.8,24.9,12.7,48,70,0.0,0.0,17.7,312,22.2,4.82,810.9,6.6,1938.0,29.420034,79.50346
UK-NTL,2023-05-19,18.7,23.3,12.5,49,71,0.0,0.0,14.8,267,26.52,5.28,808.4,7.0,1938.0,29.420034,79.50346
UK-NTL,2023-05-20,18.8,23.2,14.1,51,73,0.7,0.7,14.1,274,24.53,4.85,807.8,7.9,1938.0,29.420034,79.50346
UK-NTL,2023-05-21,20.5,25.7,14.0,45,66,0.0,0.0,13.2,273,25.33,5.39,809.6,7.3,1938.0,29.420034,79.50346
UK-NTL,2023-05-22,22.0,25.9,17.0,42,69,0.2,0.2,11.9,229,22.98,5.08,811.1,7.9,1938.0,29.420034,79.50346
UK-NTL,2023-05-23,20.3,24.8,16.0,61,75,1.4,1.4,12.4,219,21.41,4.5,810.5,12.2,1938.0,29.420034,79.50346
UK-NTL,2023-05-24,16.9,20.2,14.2,77,93,14.1,14.1,8.8,315,15.44,2.91,808.4,12.6,1938.0,29.420034,79.50346
UK-NTL,2023-05-25,14.7,18.6,11.2,82,97,25.0,25.0,11.3,339,18.84,3.24,806.5,11.4,1938.0,29.420034,79.50346
UK-NTL,2023-05-26,14.6,18.9,9.9,81,97,1.5,1.5,9.7,237,21.46,3.63,806.9,11.3,1938.0,29.420034,79.50346
UK-NTL,2023-05-27,15.8,21.6,11.0,71,98,0.3,0.3,9.5,297,21.55,3.9,807.1,10.1,1938.0,29.420034,79.50346
UK-NTL,2023-05-28,17.9,21.7,13.7,55,73,0.0,0.0,8.2,220,25.62,4.78,809.3,8.4,1938.0,29.420034,79.50346
UK-NTL,2023-05-29,16.7,21.2,11.9,71,91,6.3,6.3,9.4,160,21.75,3.98,810.5,11.3,1938.0,29.420034,79.50346
UK-NTL,2023-05-30,17.0,21.9,13.3,72,92,4.5,4.5,11.0,98,22.24,4.13,810.6,11.6,1938.0,29.420034,79.50346
UK-NTL,2023-05-31,15.6,19.5,12.5,75,88,17.7,17.7,14.1,105,17.04,2.97,808.7,11.0,1938.0,29.420034,79.50346
UK-NTL,2023-06-01,17.5,22.1,13.3,63,83,0.9,0.9,7.7,252,24.99,4.62,807.9,10.0,1938.0,29.420034,79.50346
UK-NTL,2023-06-02,16.9,21.4,12.9,57,78,0.2,0.2,9.3,312,21.24,4.07,807.0,7.7,1938.0,29.420034,79.50346
UK-NTL,2023-06-03,17.8,22.0,12.5,55,76,0.1,0.1,9.4,291,24.75,4.62,808.1,8.3,1938.0,29.420034,79.50346
UK-NTL,2023-06-04,19.8,24.7,13.2,50,78,0.0,0.0,10.3,257,24.27,4.86,808.8,8.8,1938.0,29.420034,79.50346
UK-NTL,2023-06-05,18.5,21.6,15.3,61,78,2.3,2.3,7.1,83,15.57,3.11,807.7,10.6,1938.0,29.420034,79.50346
UK-NTL,2023-06-06,18.1,21.6,15.0,58,74,7.4,7.4,8.0,33,23.09,4.22,807.4,9.6,1938.0,29.420034,79.50346
UK-NTL,2023-06-07,19.9,23.5,15.4,49,72,0.4,0.4,7.3,296,24.72,4.8,807.9,8.6,1938.0,29.420034,79.50346
UK-NTL,2023-06-08,20.3,25.4,14.6,48,73,0.3,0.3,9.4,292,24.8,5.0,807.4,8.0,1938.0,29.420034,79.50346
UK-NTL,2023-06-09,21.4,26.3,15.1,46,70,0.8,0.8,7.4,268,24.36,4.94,805.9,8.7,1938.0,29.420034,79.50346
UK-NTL,2023-06-10,22.4,26.3,17.0,47,71,0.0,0.0,10.2,269,24.63,5.19,805.9,10.1,1938.0,29.420034,79.50346
UK-NTL,2023-06-11,21.9,26.2,17.9,55,83,0.6,0.6,10.6,287,22.96,4.82,805.1,12.1,1938.0,29.420034,79.50346
UK-NTL,2023-06-12,21.2,26.1,15.9,63,86,0.2,0.2,10.3,302,25.59,5.17,804.4,13.4,1938.0,29.420034,79.50346
UK-NTL,2023-06-13,22.5,27.5,17.1,57,80,0.7,0.7,17.4,296,25.79,5.67,804.7,12.9,1938.0,29.420034,79.50346
UK-NTL,2023-06-14,21.3,25.9,16.3,61,80,2.5,2.5,18.2,304,24.44,5.17,804.6,13.0,1938.0,29.420034,79.50346
UK-NTL,2023-06-15,20.9,25.4,17.0,61,79,0.7,0.7,17.7,302,25.44,5.3,804.9,12.7,1938.0,29.420034,79.50346
UK-NTL,2023-06-16,20.8,25.5,15.5,62,81,0.4,0.4,12.4,301,24.71,5.11,805.3,12.7,1938.0,29.420034,79.50346
UK-NTL,2023-06-17,21.6,25.6,17.2,66,86,0.2,0.2,12.9,286,23.87,4.85,807.0,14.4,1938.0,29.420034,79.50346
UK-NTL,2023-06-18,21.1,25.1,17.6,71,89,7.2,7.2,9.8,216,21.15,4.21,807.5,15.3,1938.0,29.420034,79.50346
UK-NTL,2023-06-19,20.8,24.7,17.0,70,88,2.4,2.4,9.5,157,17.96,3.8,806.5,14.9,1938.0,29.420034,79.50346
UK-NTL,2023-06-20,19.7,24.2,17.2,81,95,10.3,10.3,7.5,85,15.13,3.03,805.3,16.3,1938.0,29.420034,79.50346
UK-NTL,2023-06-21,19.8,23.0,16.0,85,98,13.2,13.2,7.3,214,20.24,3.81,806.0,17.1,1938.0,29.420034,79.50346
UK-NTL,2023-06-22,19.8,22.9,16.7,89,100,5.2,5.2,8.7,231,17.79,3.35,806.5,17.8,1938.0,29.420034,79.50346
UK-NTL,2023-06-23,20.0,22.8,17.6,90,100,4.9,4.9,7.6,188,16.5,3.13,806.8,18.1,1938.0,29.420034,79.50346
UK-NTL,2023-06-24,19.8,23.1,17.4,90,100,2.9,2.9,9.4,156,17.17,3.23,806.2,18.0,1938.0,29.420034,79.50346
UK-NTL,2023-06-25,18.9,21.6,17.4,90,99,21.8,21.8,7.0,114,11.01,2.2,806.1,17.2,1938.0,29.420034,79.50346
UK-NTL,2023-06-26,18.9,22.0,16.2,86,99,6.4,6.4,11.2,120,18.85,3.4,806.9,16.4,1938.0,29.420034,79.50346
UK-NTL,2023-06-27,19.3,22.6,16.5,81,96,1.9,1.9,9.8,168,18.95,3.56,806.4,15.8,1938.0,29.420034,79.50346
UK-NTL,2023-06-28,18.7,22.0,16.9,86,95,10.3,10.3,7.4,216,19.45,3.53,807.3,16.4,1938.0,29.420034,79.50346
UK-NTL,2023-06-29,18.1,21.4,15.7,91,100,20.1,20.1,5.8,217,14.27,2.66,806.1,16.5,1938.0,29.420034,79.50346
UK-NTL,2023-06-30,18.1,20.7,16.3,93,100,40.9,40.9,5.5,274,11.75,2.21,804.5,16.9,1938.0,29.420034,79.50346
UK-NTL,2023-07-01,18.4,21.1,16.2,91,99,23.4,23.4,6.6,21,13.13,2.48,805.0,16.8,1938.0,29.420034,79.50346
UK-NTL,2023-07-02,18.3,22.5,15.3,90,100,7.7,7.7,6.4,225,18.57,3.41,805.6,16.6,1938.0,29.420034,79.50346
UK-NTL,2023-07-03,19.2,22.4,15.8,88,100,5.7,5.7,9.2,243,21.24,3.89,806.3,17.0,1938.0,29.420034,79.50346
UK-NTL,2023-07-04,18.9,21.8,16.4,89,100,2.6,2.6,6.1,198,19.09,3.48,805.2,17.0,1938.0,29.420034,79.50346
UK-NTL,2023-07-05,18.6,22.4,15.5,85,98,8.2,8.2,9.7,114,19.46,3.58,805.0,15.9,1938.0,29.420034,79.50346
UK-NTL,2023-07-06,18.7,22.5,15.3,87,98,1.8,1.8,9.3,123,18.01,3.34,806.4,16.3,1938.0,29.420034,79.50346
UK-NTL,2023-07-07,18.8,22.2,15.7,86,98,3.7,3.7,7.3,130,16.99,3.17,807.2,16.2,1938.0,29.420034,79.50346
UK-NTL,2023-07-08,19.2,22.7,16.3,84,96,10.0,10.0,13.5,139,19.31,3.51,807.8,16.5,1938.0,29.420034,79.50346
UK-NTL,2023-07-09,19.2,21.8,17.2,86,96,18.9,18.9,15.4,125,17.22,3.12,807.3,16.8,1938.0,29.420034,79.50346
UK-NTL,2023-07-10,19.4,22.9,16.6,85,96,8.2,8.2,8.7,141,20.99,3.91,807.0,16.7,1938.0,29.420034,79.50346
UK-NTL,2023-07-11,19.4,22.8,16.9,88,100,4.3,4.3,8.1,133,19.82,3.63,806.5,17.3,1938.0,29.420034,79.50346
UK-NTL,2023-07-12,19.2,22.4,16.5,89,100,6.3,6.3,9.2,120,18.09,3.34,806.3,17.1,1938.0,29.420034,79.50346
UK-NTL,2023-07-13,18.9,22.2,16.5,90,100,7.8,7.8,6.9,127,17.52,3.28,806.4,17.1,1938.0,29.420034,79.50346
UK-NTL,2023-07-14,19.0,22.4,15.8,90,100,4.9,4.9,7.1,194,21.52,3.93,806.8,17.2,1938.0,29.420034,79.50346
UK-NTL,2023-07-15,18.7,21.8,16.3,91,100,14.7,14.7,8.4,202,16.19,2.98,806.3,17.1,1938.0,29.420034,79.50346
UK-NTL,2023-07-16,19.3,22.2,16.0,88,100,3.5,3.5,8.6,140,22.26,4.05,806.8,17.0,1938.0,29.420034,79.50346
UK-NTL,2023-07-17,19.0,22.2,16.3,90,100,3.5,3.5,7.6,169,19.35,3.52,806.1,17.2,1938.0,29.420034,79.50346
UK-NTL,2023-07-18,17.9,19.8,16.1,93,100,13.9,13.9,7.6,152,9.32,1.73,805.7,16.7,1938.0,29.420034,79.50346
UK-NTL,2023-07-19,19.2,23.1,16.0,83,97,6.6,6.6,7.6,134,20.47,3.82,806.3,16.1,1938.0,29.420034,79.50346
UK-NTL,2023-07-20,20.5,24.1,17.7,78,95,4.4,4.4,8.2,197,22.97,4.38,807.0,16.3,1938.0,29.420034,79.50346
UK-NTL,2023-07-21,20.2,22.9,17.3,85,99,4.0,4.0,6.3,184,19.63,3.71,808.4,17.5,1938.0,29.420034,79.50346
UK-NTL,2023-07-22,19.5,22.7,17.0,84,98,14.0,14.0,7.3,129,16.23,3.05,810.5,16.7,1938.0,29.420034,79.50346
UK-NTL,2023-07-23,19.3,22.4,16.7,85,99,1.9,1.9,7.2,151,17.95,3.38,810.0,16.6,1938.0,29.420034,79.50346
UK-NTL,2023-07-24,19.2,21.9,16.6,85,96,2.5,2.5,5.4,168,19.14,3.54,808.0,16.5,1938.0,29.420034,79.50346
UK-NTL,2023-07-25,18.7,21.8,15.8,91,100,4.7,4.7,6.1,186,19.9,3.62,807.5,17.2,1938.0,29.420034,79.50346
UK-NTL,2023-07-26,18.4,21.4,16.3,91,100,16.0,16.0,8.3,203,14.32,2.64,808.2,16.8,1938.0,29.420034,79.50346
UK-NTL,2023-07-27,18.4,22.6,16.1,91,100,13.9,13.9,6.1,200,17.17,3.17,807.5,16.7,1938.0,29.420034,79.50346
UK-NTL,2023-07-28,18.3,21.2,15.4,92,100,9.4,9.4,6.9,237,14.23,2.63,805.3,16.8,1938.0,29.420034,79.50346
UK-NTL,2023-07-29,18.1,21.5,16.0,91,100,6.0,6.0,5.1,155,13.96,2.65,804.5,16.5,1938.0,29.420034,79.50346
UK-NTL,2023-07-30,18.7,21.7,15.8,90,100,8.2,8.2,8.3,227,16.73,3.06,804.2,17.0,1938.0,29.420034,79.50346
UK-NTL,2023-07-31,18.9,22.2,15.8,91,100,5.1,5.1,6.5,285,16.97,3.12,803.9,17.3,1938.0,29.420034,79.50346
UK-NTL,2023-08-01,19.8,23.1,17.1,89,100,2.9,2.9,6.4,262,19.2,3.62,803.5,17.8,1938.0,29.420034,79.50346
UK-NTL,2023-08-02,19.1,22.0,17.0,91,100,6.3,6.3,7.2,126,11.53,2.24,804.1,17.5,1938.0,29.420034,79.50346
UK-NTL,2023-08-03,19.5,22.9,15.8,85,99,3.0,3.0,7.9,193,23.05,4.23,804.3,16.8,1938.0,29.420034,79.50346
UK-NTL,2023-08-04,19.2,22.2,16.9,89,98,18.6,18.6,8.7,206,16.46,3.06,806.4,17.3,1938.0,29.420034,79.50346
UK-NTL,2023-08-05,18.8,21.6,15.8,90,100,4.2,4.2,7.9,239,19.84,3.51,806.8,17.0,1938.0,29.420034,79.50346
UK-NTL,2023-08-06,19.0,22.6,16.0,90,100,4.3,4.3,10.8,273,21.51,3.83,804.0,17.2,1938.0,29.420034,79.50346
UK-NTL,2023-08-07,18.6,21.3,16.4,93,100,5.2,5.2,10.9,283,15.05,2.66,801.7,17.4,1938.0,29.420034,79.50346
UK-NTL,2023-08-08,19.2,22.4,17.4,90,100,5.4,5.4,9.0,284,20.76,3.7,803.2,17.5,1938.0,29.420034,79.50346
UK-NTL,2023-08-09,19.0,21.7,17.0,91,99,2.1,2.1,6.6,300,11.88,2.31,806.3,17.5,1938.0,29.420034,79.50346
UK-NTL,2023-08-10,18.6,20.4,17.3,94,99,17.5,17.5,5.5,304,8.12,1.6,807.6,17.6,1938.0,29.420034,79.50346
UK-NTL,2023-08-11,19.0,21.9,16.5,93,100,10.6,10.6,8.4,292,15.05,2.82,807.6,17.7,1938.0,29.420034,79.50346
UK-NTL,2023-08-12,18.7,21.4,17.1,93,100,10.8,10.8,11.5,275,13.09,2.37,805.6,17.5,1938.0,29.420034,79.50346
UK-NTL,2023-08-13,18.1,20.4,17.3,97,100,24.0,24.0,10.2,249,7.48,1.39,804.3,17.5,1938.0,29.420034,79.50346
UK-NTL,2023-08-14,17.7,20.3,15.9,90,100,82.1,82.1,7.7,228,10.08,1.98,807.6,16.0,1938.0,29.420034,79.50346
UK-NTL,2023-08-15,18.1,21.9,14.3,87,100,1.7,1.7,6.1,266,17.83,3.3,807.6,15.7,1938.0,29.420034,79.50346
UK-NTL,2023-08-16,19.1,22.8,16.0,89,100,1.9,1.9,6.8,277,19.06,3.51,807.6,17.2,1938.0,29.420034,79.50346
UK-NTL,2023-08-17,19.4,23.4,16.3,88,100,3.1,3.1,7.7,273,20.54,3.84,807.4,17.1,1938.0,29.420034,79.50346
UK-NTL,2023-08-18,19.6,23.6,16.4,88,100,5.1,5.1,6.5,116,19.77,3.66,808.3,17.4,1938.0,29.420034,79.50346
UK-NTL,2023-08-19,19.7,23.7,16.4,89,100,8.4,8.4,8.2,185,20.18,3.72,809.3,17.7,1938.0,29.420034,79.50346
UK-NTL,2023-08-20,19.1,22.0,16.5,91,100,3.9,3.9,7.4,226,17.26,3.14,809.3,17.6,1938.0,29.420034,79.50346
UK-NTL,2023-08-21,19.1,21.5,16.1,93,100,2.5,2.5,8.2,238,15.65,2.84,807.8,17.8,1938.0,29.420034,79.50346
UK-NTL,2023-08-22,18.8,20.9,17.1,94,100,23.1,23.1,6.9,207,12.02,2.24,806.1,17.8,1938.0,29.420034,79.50346
UK-NTL,2023-08-23,18.0,20.6,16.6,93,98,59.6,59.6,7.6,79,7.1,1.45,804.6,16.7,1938.0,29.420034,79.50346
UK-NTL,2023-08-24,17.9,20.7,15.9,94,100,9.4,9.4,5.8,282,10.76,2.04,803.3,16.7,1938.0,29.420034,79.50346
UK-NTL,2023-08-25,18.6,22.9,16.3,90,99,4.9,4.9,8.6,289,19.84,3.59,803.8,16.7,1938.0,29.420034,79.50346
UK-NTL,2023-08-26,18.3,21.6,15.4,87,100,1.9,1.9,10.5,291,22.05,3.89,805.0,16.0,1938.0,29.420034,79.50346
UK-NTL,2023-08-27,17.9,22.2,14.4,86,100,0.9,0.9,10.1,297,22.79,4.09,804.4,15.2,1938.0,29.420034,79.50346
UK-NTL,2023-08-28,17.4,20.9,14.6,88,100,2.2,2.2,7.6,294,18.87,3.37,804.4,15.3,1938.0,29.420034,79.50346
UK-NTL,2023-08-29,17.4,21.7,13.9,89,100,2.6,2.6,6.6,311,19.63,3.52,806.4,15.5,1938.0,29.420034,79.50346
UK-NTL,2023-08-30,18.7,22.4,15.9,87,100,0.7,0.7,5.9,257,20.65,3.79,808.5,16.4,1938.0,29.420034,79.50346
UK-NTL,2023-08-31,19.0,22.4,16.3,89,100,1.9,1.9,6.7,213,20.39,3.72,809.6,17.1,1938.0,29.420034,79.50346
UK-NTL,2023-09-01,19.5,23.3,15.9,86,100,1.0,1.0,9.3,272,22.26,4.1,809.3,16.9,1938.0,29.420034,79.50346
UK-NTL,2023-09-02,19.7,23.9,15.8,86,100,0.7,0.7,10.4,281,21.58,3.99,807.9,17.0,1938.0,29.420034,79.50346
UK-NTL,2023-09-03,19.0,22.9,15.9,89,100,4.0,4.0,6.3,214,18.8,3.49,807.2,17.1,1938.0,29.420034,79.50346
UK-NTL,2023-09-04,18.7,24.0,14.6,85,99,3.5,3.5,7.6,76,21.27,3.98,807.4,16.0,1938.0,29.420034,79.50346
UK-NTL,2023-09-05,18.9,22.4,16.2,82,94,13.6,13.6,6.2,308,18.86,3.45,808.6,15.6,1938.0,29.420034,79.50346
UK-NTL,2023-09-06,19.5,24.2,14.8,72,93,1.0,1.0,10.1,144,20.82,3.97,809.6,14.0,1938.0,29.420034,79.50346
UK-NTL,2023-09-07,20.0,23.5,17.4,76,100,3.4,3.4,5.7,247,19.32,3.61,809.6,15.5,1938.0,29.420034,79.50346
UK-NTL,2023-09-08,18.3,21.8,15.2,88,100,6.0,6.0,5.8,13,10.65,2.1,808.6,16.2,1938.0,29.420034,79.50346
UK-NTL,2023-09-09,17.7,20.9,16.4,93,100,19.2,19.2,6.3,72,10.44,2.0,807.3,16.4,1938.0,29.420034,79.50346
UK-NTL,2023-09-10,16.8,18.5,15.8,94,100,27.1,27.1,8.9,86,5.25,1.08,805.6,15.8,1938.0,29.420034,79.50346
UK-NTL,2023-09-11,17.8,21.7,15.0,90,100,2.6,2.6,6.1,89,16.82,3.07,806.0,16.0,1938.0,29.420034,79.50346
UK-NTL,2023-09-12,18.3,23.0,14.8,88,100,4.7,4.7,6.4,214,19.14,3.5,806.7,16.2,1938.0,29.420034,79.50346
UK-NTL,2023-09-13,18.6,21.9,15.5,90,100,4.5,4.5,6.8,209,17.15,3.13,807.5,16.8,1938.0,29.420034,79.50346
UK-NTL,2023-09-14,18.3,22.1,15.7,91,100,5.8,5.8,7.2,107,13.58,2.56,808.7,16.7,1938.0,29.420034,79.50346
UK-NTL,2023-09-15,18.7,21.9,15.2,86,100,2.2,2.2,6.4,215,15.59,2.92,809.7,16.3,1938.0,29.420034,79.50346
UK-NTL,2023-09-16,18.2,22.3,15.5,88,100,8.8,8.8,7.1,85,15.76,2.93,809.1,16.1,1938.0,29.420034,79.50346
UK-NTL,2023-09-17,18.1,22.0,15.0,85,96,7.5,7.5,8.7,119,14.73,2.71,807.9,15.4,1938.0,29.420034,79.50346
UK-NTL,2023-09-18,17.6,22.2,14.9,87,96,11.3,11.3,6.2,127,17.42,3.1,808.0,15.4,1938.0,29.420034,79.50346
UK-NTL,2023-09-19,18.2,21.4,14.7,84,100,1.9,1.9,7.3,211,19.61,3.49,809.9,15.4,1938.0,29.420034,79.50346
UK-NTL,2023-09-20,17.9,21.5,14.8,89,99,1.8,1.8,8.1,269,18.7,3.32,809.8,15.9,1938.0,29.420034,79.50346
UK-NTL,2023-09-21,17.2,19.9,14.4,92,100,2.7,2.7,6.2,255,15.26,2.67,808.8,15.9,1938.0,29.420034,79.50346
UK-NTL,2023-09-22,16.9,20.1,14.4,93,100,4.2,4.2,6.6,220,15.96,2.8,808.9,15.7,1938.0,29.420034,79.50346
UK-NTL,2023-09-23,16.5,19.3,14.0,91,100,2.6,2.6,6.3,167,14.12,2.42,808.9,15.0,1938.0,29.420034,79.50346
UK-NTL,2023-09-24,16.7,20.2,13.6,87,100,1.3,1.3,6.1,246,17.79,3.13,808.3,14.4,1938.0,29.420034,79.50346
UK-NTL,2023-09-25,16.6,20.1,13.3,90,100,1.1,1.1,5.7,261,16.71,2.93,808.8,14.8,1938.0,29.420034,79.50346
UK-NTL,2023-09-26,16.9,21.2,13.4,85,100,0.1,0.1,5.6,333,19.22,3.43,809.7,14.3,1938.0,29.420034,79.50346
UK-NTL,2023-09-27,17.6,21.8,14.7,84,99,0.2,0.2,6.7,235,18.69,3.36,809.5,14.6,1938.0,29.420034,79.50346
UK-NTL,2023-09-28,17.7,20.9,12.9,80,99,1.8,1.8,5.1,165,18.83,3.35,809.3,14.0,1938.0,29.420034,79.50346
UK-NTL,2023-09-29,18.4,22.0,15.6,73,84,1.1,1.1,7.6,178,20.92,3.75,809.9,13.3,1938.0,29.420034,79.50346
UK-NTL,2023-09-30,17.7,22.2,13.0,78,99,17.3,17.3,7.6,131,19.31,3.42,809.6,13.7,1938.0,29.420034,79.50346
UK-NTL,2023-10-01,17.2,21.6,12.9,83,96,8.3,8.3,5.4,73,17.35,3.11,808.7,14.1,1938.0,29.420034,79.50346
UK-NTL,2023-10-02,17.0,20.4,12.9,84,100,13.1,13.1,4.8,202,16.84,3.01,809.1,14.3,1938.0,29.420034,79.50346
UK-NTL,2023-10-03,16.7,20.4,13.4,82,97,3.0,3.0,6.8,154,16.3,2.88,809.0,13.4,1938.0,29.420034,79.50346
UK-NTL,2023-10-04,16.2,19.8,13.0,89,100,1.6,1.6,5.9,233,17.57,3.02,809.2,14.3,1938.0,29.420034,79.50346
UK-NTL,2023-10-05,16.4,21.0,12.1,87,100,0.0,0.0,7.0,244,19.44,3.38,808.7,14.1,1938.0,29.420034,79.50346
UK-NTL,2023-10-06,16.5,20.9,13.4,87,99,0.1,0.1,7.1,209,18.74,3.26,808.2,14.1,1938.0,29.420034,79.50346
UK-NTL,2023-10-07,16.2,20.8,12.6,87,99,0.1,0.1,8.7,239,18.34,3.17,809.1,13.8,1938.0,29.420034,79.50346
UK-NTL,2023-10-08,17.0,21.3,12.8,81,100,0.0,0.0,9.3,269,20.06,3.49,809.8,13.4,1938.0,29.420034,79.50346
UK-NTL,2023-10-09,16.9,21.9,11.7,71,97,0.0,0.0,9.7,276,20.49,3.74,810.2,11.1,1938.0,29.420034,79.50346
UK-NTL,2023-10-10,16.9,20.2,14.1,59,79,0.6,0.6,10.2,290,18.42,3.39,811.2,8.5,1938.0,29.420034,79.50346
UK-NTL,2023-10-11,16.3,20.5,10.8,51,80,0.0,0.0,9.4,284,20.56,3.8,810.7,5.5,1938.0,29.420034,79.50346
UK-NTL,2023-10-12,15.7,19.8,10.3,65,84,0.0,0.0,7.4,219,19.86,3.46,811.5,8.8,1938.0,29.420034,79.50346
UK-NTL,2023-10-13,15.6,19.2,12.3,74,84,0.1,0.1,7.9,228,19.22,3.23,812.3,10.9,1938.0,29.420034,79.50346
UK-NTL,2023-10-14,15.7,19.5,11.5,71,89,0.3,0.3,8.7,264,18.87,3.27,811.7,10.2,1938.0,29.420034,79.50346
UK-NTL,2023-10-15,15.4,19.6,11.4,68,89,1.0,1.0,11.6,284,18.56,3.29,810.2,9.3,1938.0,29.420034,79.50346
UK-NTL,2023-10-16,12.6,17.8,8.6,73,90,9.5,9.5,11.9,4,12.91,2.2,810.4,7.9,1938.0,29.420034,79.50346
UK-NTL,2023-10-17,12.1,16.2,8.8,66,86,1.8,1.8,7.0,262,17.0,2.83,811.5,5.7,1938.0,29.420034,79.50346
UK-NTL,2023-10-18,13.3,17.1,9.1,56,77,0.1,0.1,7.3,284,17.74,3.02,811.5,4.3,1938.0,29.420034,79.50346
UK-NTL,2023-10-19,13.0,16.9,10.4,52,84,0.0,0.0,8.4,215,19.14,3.23,811.4,2.8,1938.0,29.420034,79.50346
UK-NTL,2023-10-20,12.9,16.6,8.5,66,81,0.9,0.9,6.1,234,17.54,2.89,812.2,6.6,1938.0,29.420034,79.50346
UK-NTL,2023-10-21,13.1,16.8,7.6,68,86,0.5,0.5,7.2,205,17.86,2.9,812.9,7.0,1938.0,29.420034,79.50346
UK-NTL,2023-10-22,13.7,17.3,10.1,63,84,0.2,0.2,5.9,215,17.99,3.0,813.5,6.4,1938.0,29.420034,79.50346
UK-NTL,2023-10-23,13.9,17.9,9.3,50,68,0.2,0.2,8.7,188,18.1,3.14,812.3,3.2,1938.0,29.420034,79.50346
UK-NTL,2023-10-24,14.0,17.6,9.7,51,68,0.7,0.7,6.6,201,16.95,2.87,812.1,3.8,1938.0,29.420034,79.50346
UK-NTL,2023-10-25,13.7,17.6,11.1,59,73,1.0,1.0,7.6,270,16.25,2.67,812.5,5.7,1938.0,29.420034,79.50346
UK-NTL,2023-10-26,14.0,17.5,11.2,57,82,0.5,0.5,6.6,226,16.95,2.91,812.0,5.3,1938.0,29.420034,79.50346
UK-NTL,2023-10-27,13.8,17.6,9.2,63,83,0.0,0.0,8.4,239,17.44,2.91,811.2,6.6,1938.0,29.420034,79.50346
UK-NTL,2023-10-28,13.3,17.0,7.7,61,85,0.0,0.0,7.7,218,17.47,2.83,811.3,5.4,1938.0,29.420034,79.50346
UK-NTL,2023-10-29,13.0,17.3,8.0,75,92,0.0,0.0,6.9,220,16.29,2.63,811.5,8.6,1938.0,29.420034,79.50346
UK-NTL,2023-10-30,13.7,17.9,10.1,77,92,1.9,1.9,5.4,213,15.91,2.61,812.6,9.6,1938.0,29.420034,79.50346
UK-NTL,2023-10-31,14.3,18.2,11.6,74,97,0.7,0.7,6.5,186,16.19,2.7,814.3,9.4,1938.0,29.420034,79.50346
UK-NTL,2023-11-01,14.3,18.8,11.4,65,84,0.3,0.3,6.4,227,16.4,2.78,814.6,7.5,1938.0,29.420034,79.50346
UK-NTL,2023-11-02,14.0,17.4,11.3,63,78,2.9,2.9,7.0,237,16.28,2.68,812.6,6.9,1938.0,29.420034,79.50346
UK-NTL,2023-11-03,13.1,16.3,10.6,63,89,0.0,0.0,7.4,210,16.32,2.61,809.9,6.1,1938.0,29.420034,79.50346
UK-NTL,2023-11-04,12.9,16.7,10.1,63,84,0.0,0.0,7.3,274,15.19,2.52,809.9,5.5,1938.0,29.420034,79.50346
UK-NTL,2023-11-05,11.9,16.0,7.2,65,88,0.0,0.0,8.0,230,16.28,2.61,810.6,5.3,1938.0,29.420034,79.50346
UK-NTL,2023-11-06,11.5,16.2,7.0,80,99,0.5,0.5,6.6,212,15.65,2.45,811.8,7.8,1938.0,29.420034,79.50346
UK-NTL,2023-11-07,11.4,16.8,5.9,75,99,0.4,0.4,6.5,235,15.51,2.48,810.6,6.8,1938.0,29.420034,79.50346
UK-NTL,2023-11-08,12.7,17.0,8.0,59,75,0.0,0.0,8.9,265,16.02,2.69,810.5,4.7,1938.0,29.420034,79.50346
UK-NTL,2023-11-09,12.6,16.6,9.5,57,72,0.1,0.1,10.4,289,15.3,2.59,810.8,4.1,1938.0,29.420034,79.50346
UK-NTL,2023-11-10,11.4,15.6,8.7,68,84,3.4,3.4,6.5,254,12.75,2.11,812.2,5.5,1938.0,29.420034,79.50346
UK-NTL,2023-11-11,9.6,13.2,5.8,78,92,5.4,5.4,5.1,9,12.95,1.94,811.6,5.7,1938.0,29.420034,79.50346
UK-NTL,2023-11-12,11.4,16.2,7.8,76,99,0.0,0.0,7.1,225,15.42,2.38,812.3,7.0,1938.0,29.420034,79.50346
UK-NTL,2023-11-13,11.0,16.1,7.1,83,99,0.0,0.0,5.7,172,14.88,2.31,812.6,7.9,1938.0,29.420034,79.50346
UK-NTL,2023-11-14,12.1,16.1,8.5,78,97,0.0,0.0,5.2,174,12.55,2.02,812.7,8.3,1938.0,29.420034,79.50346
UK-NTL,2023-11-15,12.5,16.6,9.9,68,83,0.1,0.1,7.1,208,15.08,2.38,812.9,6.6,1938.0,29.420034,79.50346
UK-NTL,2023-11-16,12.2,16.2,9.3,67,80,0.0,0.0,7.3,201,15.02,2.35,813.9,6.2,1938.0,29.420034,79.50346
UK-NTL,2023-11-17,12.1,16.5,6.6,68,86,0.0,0.0,6.6,220,14.86,2.35,813.7,6.2,1938.0,29.420034,79.50346
UK-NTL,2023-11-18,11.2,16.0,6.4,73,89,0.0,0.0,6.5,175,14.67,2.29,811.9,6.2,1938.0,29.420034,79.50346
UK-NTL,2023-11-19,10.6,15.7,5.7,84,100,0.0,0.0,6.7,169,13.27,2.02,812.2,7.8,1938.0,29.420034,79.50346
UK-NTL,2023-11-20,10.5,15.9,5.8,86,99,0.1,0.1,5.4,197,13.81,2.13,811.5,8.0,1938.0,29.420034,79.50346
UK-NTL,2023-11-21,10.9,17.2,6.4,77,100,0.1,0.1,7.5,261,14.52,2.3,809.9,6.3,1938.0,29.420034,79.50346
UK-NTL,2023-11-22,11.2,16.7,5.1,60,100,0.0,0.0,6.6,203,14.89,2.44,808.3,2.8,1938.0,29.420034,79.50346
UK-NTL,2023-11-23,9.8,15.1,4.8,76,100,0.0,0.0,5.2,176,14.04,2.11,808.3,5.3,1938.0,29.420034,79.50346
UK-NTL,2023-11-24,10.9,16.1,4.7,58,85,0.0,0.0,7.6,165,14.32,2.27,810.5,2.5,1938.0,29.420034,79.50346
UK-NTL,2023-11-25,11.9,15.8,8.6,54,78,0.0,0.0,8.4,209,14.3,2.34,812.2,2.6,1938.0,29.420034,79.50346
UK-NTL,2023-11-26,11.2,15.7,6.8,56,84,0.0,0.0,6.3,178,12.76,2.12,813.0,2.4,1938.0,29.420034,79.50346
UK-NTL,2023-11-27,10.4,12.3,8.2,70,83,0.0,0.0,9.9,141,5.02,1.04,811.2,5.1,1938.0,29.420034,79.50346
UK-NTL,2023-11-28,9.1,14.0,6.5,77,91,0.7,0.7,10.9,129,7.34,1.33,809.4,4.8,1938.0,29.420034,79.50346
UK-NTL,2023-11-29,9.9,14.0,6.2,71,85,4.1,4.1,8.4,145,12.69,1.91,810.2,4.8,1938.0,29.420034,79.50346
UK-NTL,2023-11-30,9.0,12.8,4.0,76,97,0.3,0.3,13.1,151,11.6,1.72,810.6,4.7,1938.0,29.420034,79.50346
UK-NTL,2023-12-01,9.4,13.4,6.3,81,99,0.3,0.3,7.4,169,11.89,1.75,810.6,6.0,1938.0,29.420034,79.50346
UK-NTL,2023-12-02,9.8,14.0,6.6,69,94,0.0,0.0,8.7,170,13.62,2.03,810.9,4.0,1938.0,29.420034,79.50346
UK-NTL,2023-12-03,9.8,14.5,5.2,57,72,0.0,0.0,7.3,225,13.72,2.21,811.4,1.5,1938.0,29.420034,79.50346
UK-NTL,2023-12-04,8.7,13.0,3.9,70,100,1.2,1.2,8.7,154,12.45,1.9,809.3,3.1,1938.0,29.420034,79.50346
UK-NTL,2023-12-05,8.1,13.0,3.3,69,96,3.0,3.0,10.6,101,12.07,1.83,808.4,2.3,1938.0,29.420034,79.50346
UK-NTL,2023-12-06,10.6,14.3,6.6,49,62,0.0,0.0,9.5,134,13.45,2.29,810.8,0.1,1938.0,29.420034,79.50346
UK-NTL,2023-12-07,9.7,14.1,6.5,55,78,0.0,0.0,9.1,252,13.01,2.11,809.5,0.8,1938.0,29.420034,79.50346
UK-NTL,2023-12-08,8.6,13.0,3.8,63,82,0.0,0.0,7.8,263,13.34,1.98,807.7,1.7,1938.0,29.420034,79.50346
UK-NTL,2023-12-09,8.3,13.2,3.1,55,79,0.0,0.0,6.8,280,13.64,2.09,807.2,-0.7,1938.0,29.420034,79.50346
UK-NTL,2023-12-10,9.1,14.4,3.9,60,95,0.0,0.0,5.2,285,13.76,2.03,805.9,0.9,1938.0,29.420034,79.50346
UK-NTL,2023-12-11,7.2,11.6,3.3,71,98,0.0,0.0,7.4,194,13.45,1.87,806.6,1.8,1938.0,29.420034,79.50346
UK-NTL,2023-12-12,4.9,10.1,0.3,77,98,0.5,0.5,7.2,187,12.86,1.68,805.0,0.7,1938.0,29.420034,79.50346
UK-NTL,2023-12-13,6.6,11.2,3.0,60,90,0.0,0.0,7.3,290,13.37,1.91,806.9,-1.5,1938.0,29.420034,79.50346
UK-NTL,2023-12-14,8.0,13.8,2.7,57,80,0.0,0.0,5.3,305,13.35,1.96,807.7,-0.5,1938.0,29.420034,79.50346
UK-NTL,2023-12-15,8.5,13.0,5.2,53,70,0.0,0.0,5.9,256,13.35,2.02,809.3,-0.7,1938.0,29.420034,79.50346
UK-NTL,2023-12-16,7.7,13.0,4.1,66,95,0.0,0.0,5.4,248,12.4,1.81,807.5,1.3,1938.0,29.420034,79.50346
UK-NTL,2023-12-17,6.8,11.8,3.1,51,78,0.0,0.0,5.1,270,13.55,1.9,807.8,-3.2,1938.0,29.420034,79.50346
UK-NTL,2023-12-18,7.3,12.5,3.0,48,73,0.0,0.0,5.7,288,13.6,1.96,808.7,-3.5,1938.0,29.420034,79.50346
UK-NTL,2023-12-19,8.8,14.2,4.4,50,80,0.0,0.0,6.6,256,13.77,2.12,809.9,-2.2,1938.0,29.420034,79.50346
UK-NTL,2023-12-20,7.7,13.8,3.5,65,96,0.0,0.0,6.0,162,13.25,1.93,809.4,1.0,1938.0,29.420034,79.50346
UK-NTL,2023-12-21,9.3,15.6,2.6,62,83,0.0,0.0,4.6,152,12.81,1.99,809.5,2.0,1938.0,29.420034,79.50346
UK-NTL,2023-12-22,8.7,14.5,3.5,57,85,0.0,0.0,6.2,195,13.37,2.06,809.6,0.2,1938.0,29.420034,79.50346
UK-NTL,2023-12-23,8.8,13.4,4.3,62,80,0.0,0.0,6.6,186,12.78,1.96,812.0,1.5,1938.0,29.420034,79.50346
UK-NTL,2023-12-24,9.6,14.4,6.0,63,77,0.0,0.0,5.9,277,13.07,1.96,813.1,2.6,1938.0,29.420034,79.50346
UK-NTL,2023-12-25,8.7,13.6,3.5,61,91,0.0,0.0,6.8,203,13.32,2.05,810.6,1.0,1938.0,29.420034,79.50346
UK-NTL,2023-12-26,8.4,13.7,3.9,69,89,0.0,0.0,5.5,166,12.8,1.88,810.5,2.7,1938.0,29.420034,79.50346
UK-NTL,2023-12-27,8.3,13.5,3.3,74,99,0.0,0.0,6.1,201,13.21,1.9,811.5,3.6,1938.0,29.420034,79.50346
UK-NTL,2023-12-28,7.2,13.1,3.0,79,100,0.0,0.0,7.6,181,13.17,1.88,809.7,3.4,1938.0,29.420034,79.50346
UK-NTL,2023-12-29,7.4,12.7,3.2,78,97,0.0,0.0,6.2,153,13.11,1.84,810.4,3.5,1938.0,29.420034,79.50346
UK-NTL,2023-12-30,7.9,13.2,2.2,69,92,0.0,0.0,6.4,134,11.8,1.75,809.4,2.3,1938.0,29.420034,79.50346
UK-NTL,2023-12-31,8.1,13.2,4.5,62,90,0.0,0.0,7.0,150,13.44,2.02,808.8,0.8,1938.0,29.420034,79.50346
