site_id,date,temperature_2m_mean,temperature_2m_max,temperature_2m_min,relative_humidity_2m_mean,relative_humidity_2m_max,precipitation_sum,rain_sum,wind_speed_10m_max,wind_direction_10m_dominant,shortwave_radiation_sum,et0_fao_evapotranspiration,surface_pressure_mean,dew_point_2m_mean,elevation_m,lat,lon
UP-AGR,2020-12-01,17.8,26.1,10.3,63,94,0.0,0.0,10.3,326,13.63,2.97,997.1,9.6,170.0,27.170473,77.973274
UP-AGR,2020-12-02,18.3,27.2,11.4,63,93,0.0,0.0,11.9,304,13.8,3.2,995.3,10.0,170.0,27.170473,77.973274
UP-AGR,2020-12-03,18.7,27.3,10.3,60,94,0.0,0.0,9.1,307,13.65,2.87,994.3,9.5,170.0,27.170473,77.973274
UP-AGR,2020-12-04,19.3,27.9,12.3,62,92,0.0,0.0,10.0,125,13.47,2.85,992.9,10.9,170.0,27.170473,77.973274
UP-AGR,2020-12-05,19.9,28.8,12.5,66,95,0.0,0.0,9.3,137,13.35,2.8,993.1,12.3,170.0,27.170473,77.973274
UP-AGR,2020-12-06,20.1,28.8,12.8,68,97,0.0,0.0,9.1,80,13.14,2.78,995.1,13.0,170.0,27.170473,77.973274
UP-AGR,2020-12-07,20.3,28.1,13.9,63,95,0.0,0.0,9.5,315,13.26,2.99,996.9,11.9,170.0,27.170473,77.973274
UP-AGR,2020-12-08,19.9,27.7,12.9,64,91,0.0,0.0,9.4,356,13.22,2.66,996.9,11.9,170.0,27.170473,77.973274
UP-AGR,2020-12-09,20.4,28.5,14.0,66,92,0.0,0.0,9.8,92,13.09,2.77,995.1,13.3,170.0,27.170473,77.973274
UP-AGR,2020-12-10,20.7,28.9,14.6,67,91,0.0,0.0,9.9,89,13.03,2.79,994.4,13.5,170.0,27.170473,77.973274
UP-AGR,2020-12-11,19.5,25.4,14.2,73,97,0.0,0.0,11.8,160,6.33,1.83,994.8,14.1,170.0,27.170473,77.973274
UP-AGR,2020-12-12,18.9,23.0,15.2,84,97,1.0,1.0,10.5,298,8.43,1.66,995.0,16.0,170.0,27.170473,77.973274
UP-AGR,2020-12-13,17.7,23.9,13.8,70,97,0.0,0.0,14.2,339,12.9,2.84,994.8,11.3,170.0,27.170473,77.973274
UP-AGR,2020-12-14,15.3,21.8,10.7,59,80,0.0,0.0,11.0,344,12.99,2.75,996.1,7.0,170.0,27.170473,77.973274
UP-AGR,2020-12-15,15.0,20.4,9.4,62,92,0.0,0.0,9.4,356,10.43,2.21,998.3,7.2,170.0,27.170473,77.973274
UP-AGR,2020-12-16,14.7,20.6,10.4,59,79,0.0,0.0,12.6,340,10.88,2.53,1000.1,6.5,170.0,27.170473,77.973274
UP-AGR,2020-12-17,11.5,17.5,7.5,61,86,0.0,0.0,16.3,310,13.83,2.65,999.9,3.3,170.0,27.170473,77.973274
UP-AGR,2020-12-18,11.7,18.9,6.3,59,85,0.0,0.0,13.4,300,13.66,2.68,998.4,3.3,170.0,27.170473,77.973274
UP-AGR,2020-12-19,12.8,21.1,6.7,58,77,0.0,0.0,13.0,294,13.54,2.82,998.8,4.1,170.0,27.170473,77.973274
UP-AGR,2020-12-20,13.4,22.0,6.5,64,88,0.0,0.0,12.2,298,13.42,2.72,999.0,5.9,170.0,27.170473,77.973274
UP-AGR,2020-12-21,14.1,21.2,7.2,66,87,0.0,0.0,9.2,303,12.69,2.43,997.2,7.3,170.0,27.170473,77.973274
UP-AGR,2020-12-22,14.8,22.1,9.5,72,93,0.0,0.0,9.4,314,9.96,1.92,995.9,9.3,170.0,27.170473,77.973274
UP-AGR,2020-12-23,14.7,22.8,7.2,69,97,0.0,0.0,10.4,360,13.49,2.45,994.8,8.3,170.0,27.170473,77.973274
UP-AGR,2020-12-24,14.5,23.3,8.1,66,92,0.0,0.0,11.2,9,13.62,2.64,995.1,6.9,170.0,27.170473,77.973274
UP-AGR,2020-12-25,14.0,22.2,8.2,68,91,0.0,0.0,9.9,326,13.53,2.59,996.4,7.4,170.0,27.170473,77.973274
UP-AGR,2020-12-26,14.1,22.7,7.4,68,91,0.0,0.0,10.0,302,13.31,2.57,995.7,7.6,170.0,27.170473,77.973274
UP-AGR,2020-12-27,15.3,23.9,7.0,64,94,0.0,0.0,13.9,123,13.22,2.86,993.4,7.5,170.0,27.170473,77.973274
UP-AGR,2020-12-28,14.5,19.9,9.5,43,76,0.0,0.0,18.4,339,13.96,3.66,995.6,0.9,170.0,27.170473,77.973274
UP-AGR,2020-12-29,11.4,18.5,5.4,61,90,0.0,0.0,15.0,325,13.92,2.68,997.1,3.5,170.0,27.170473,77.973274
UP-AGR,2020-12-30,10.7,18.0,5.7,70,95,0.0,0.0,10.8,324,13.85,2.35,998.6,4.7,170.0,27.170473,77.973274
UP-AGR,2020-12-31,10.7,18.2,5.1,72,98,0.0,0.0,10.3,324,13.92,2.28,998.1,5.0,170.0,27.170473,77.973274
UP-AGR,2021-01-01,12.2,20.2,5.0,69,100,0.0,0.0,9.6,77,13.21,2.39,997.2,5.7,170.0,27.170473,77.973274
UP-AGR,2021-01-02,14.9,20.9,10.4,71,85,1.1,1.1,11.6,107,7.03,1.74,996.1,9.4,170.0,27.170473,77.973274
UP-AGR,2021-01-03,16.6,21.6,12.8,84,95,6.8,6.8,14.2,94,9.05,1.79,994.3,13.7,170.0,27.170473,77.973274
UP-AGR,2021-01-04,18.5,25.0,14.6,81,95,0.9,0.9,14.8,104,11.54,2.35,995.2,15.0,170.0,27.170473,77.973274
UP-AGR,2021-01-05,19.1,24.6,14.6,77,96,0.0,0.0,13.1,117,11.31,2.44,995.1,14.7,170.0,27.170473,77.973274
UP-AGR,2021-01-06,18.2,22.1,15.4,85,95,5.3,5.3,12.2,60,9.27,1.71,994.6,15.5,170.0,27.170473,77.973274
UP-AGR,2021-01-07,16.8,22.0,12.8,82,98,0.0,0.0,10.9,335,13.55,2.38,994.4,13.5,170.0,27.170473,77.973274
UP-AGR,2021-01-08,15.0,19.5,10.3,87,97,9.7,9.7,10.7,29,8.85,1.53,994.1,12.7,170.0,27.170473,77.973274
UP-AGR,2021-01-09,16.6,21.7,12.7,84,97,0.0,0.0,13.1,334,12.19,2.18,994.7,13.6,170.0,27.170473,77.973274
UP-AGR,2021-01-10,15.0,20.2,10.8,74,95,0.0,0.0,14.6,317,11.69,2.3,995.3,10.1,170.0,27.170473,77.973274
UP-AGR,2021-01-11,12.1,18.2,8.2,76,94,0.0,0.0,15.8,307,14.59,2.36,996.2,7.8,170.0,27.170473,77.973274
UP-AGR,2021-01-12,11.9,19.5,5.7,75,96,0.0,0.0,12.5,299,14.65,2.48,996.5,7.1,170.0,27.170473,77.973274
UP-AGR,2021-01-13,11.3,19.4,5.5,74,94,0.0,0.0,10.9,286,14.92,2.5,995.6,6.3,170.0,27.170473,77.973274
UP-AGR,2021-01-14,11.6,19.6,5.3,77,97,0.0,0.0,10.7,46,14.37,2.34,995.8,7.1,170.0,27.170473,77.973274
UP-AGR,2021-01-15,11.5,19.6,5.0,83,100,0.0,0.0,10.5,94,12.56,2.02,994.2,8.2,170.0,27.170473,77.973274
UP-AGR,2021-01-16,12.8,20.2,6.5,83,99,0.0,0.0,10.4,338,13.94,2.27,992.8,9.6,170.0,27.170473,77.973274
UP-AGR,2021-01-17,13.4,21.4,7.4,78,99,0.0,0.0,14.8,88,14.58,2.65,994.7,9.0,170.0,27.170473,77.973274
UP-AGR,2021-01-18,14.7,19.8,11.8,81,95,1.1,1.1,15.0,90,10.09,1.88,995.5,11.2,170.0,27.170473,77.973274
UP-AGR,2021-01-19,15.2,22.1,9.7,81,100,0.0,0.0,10.3,324,14.49,2.53,993.5,11.6,170.0,27.170473,77.973274
UP-AGR,2021-01-20,14.9,21.6,10.4,82,97,0.0,0.0,13.0,301,15.14,2.55,994.1,11.4,170.0,27.170473,77.973274
UP-AGR,2021-01-21,14.8,22.5,9.2,70,93,0.0,0.0,12.9,285,15.62,2.85,993.4,8.8,170.0,27.170473,77.973274
UP-AGR,2021-01-22,14.5,22.8,7.5,73,95,0.0,0.0,10.3,103,15.36,2.81,994.3,8.9,170.0,27.170473,77.973274
UP-AGR,2021-01-23,14.8,22.9,9.2,77,97,0.0,0.0,12.3,121,15.14,2.73,992.8,10.3,170.0,27.170473,77.973274
UP-AGR,2021-01-24,14.5,20.9,9.3,81,99,0.0,0.0,12.1,345,13.37,2.32,995.0,11.0,170.0,27.170473,77.973274
UP-AGR,2021-01-25,11.8,18.0,7.0,76,95,0.0,0.0,10.8,323,15.95,2.56,997.5,7.1,170.0,27.170473,77.973274
UP-AGR,2021-01-26,11.5,18.1,6.1,79,95,0.0,0.0,9.8,296,13.91,2.26,997.3,7.6,170.0,27.170473,77.973274
UP-AGR,2021-01-27,12.7,19.6,6.5,70,95,0.0,0.0,11.5,309,16.19,2.73,997.0,6.7,170.0,27.170473,77.973274
UP-AGR,2021-01-28,11.7,19.0,5.4,76,98,0.0,0.0,11.0,336,16.23,2.66,997.6,7.1,170.0,27.170473,77.973274
UP-AGR,2021-01-29,11.9,18.9,6.1,75,96,0.0,0.0,12.2,307,16.37,2.72,998.2,7.0,170.0,27.170473,77.973274
UP-AGR,2021-01-30,12.4,20.1,6.4,68,90,0.0,0.0,12.5,285,16.69,2.97,996.8,6.0,170.0,27.170473,77.973274
UP-AGR,2021-01-31,13.3,21.2,7.0,65,87,0.0,0.0,10.3,296,16.77,2.89,997.3,6.0,170.0,27.170473,77.973274
UP-AGR,2021-02-01,15.1,23.1,6.8,67,94,0.0,0.0,10.2,196,16.53,3.0,998.7,8.1,170.0,27.170473,77.973274
UP-AGR,2021-02-02,16.1,24.7,7.9,67,93,0.0,0.0,9.5,227,16.62,3.1,997.2,9.2,170.0,27.170473,77.973274
UP-AGR,2021-02-03,17.7,25.8,10.3,67,91,0.0,0.0,13.2,122,15.74,3.41,995.6,10.8,170.0,27.170473,77.973274
UP-AGR,2021-02-04,19.0,24.7,14.1,64,89,0.0,0.0,22.7,109,13.19,3.33,995.3,11.6,170.0,27.170473,77.973274
UP-AGR,2021-02-05,15.9,21.8,12.0,76,99,0.9,0.9,15.8,339,16.61,3.02,996.8,11.2,170.0,27.170473,77.973274
UP-AGR,2021-02-06,15.0,21.1,10.3,72,97,0.0,0.0,14.3,313,17.08,3.12,997.7,9.2,170.0,27.170473,77.973274
UP-AGR,2021-02-07,14.9,22.4,9.4,71,92,0.0,0.0,14.5,304,17.36,3.26,997.8,9.2,170.0,27.170473,77.973274
UP-AGR,2021-02-08,15.9,23.5,8.8,70,94,0.0,0.0,11.2,293,17.38,3.25,997.6,9.6,170.0,27.170473,77.973274
UP-AGR,2021-02-09,17.1,25.9,9.4,67,95,0.0,0.0,10.5,274,17.58,3.45,994.7,9.9,170.0,27.170473,77.973274
UP-AGR,2021-02-10,18.5,26.7,11.7,67,90,0.0,0.0,9.4,153,16.53,3.43,992.9,11.5,170.0,27.170473,77.973274
UP-AGR,2021-02-11,17.6,26.3,10.1,72,100,0.0,0.0,10.9,329,18.03,3.57,993.4,11.4,170.0,27.170473,77.973274
UP-AGR,2021-02-12,17.0,24.5,11.6,76,96,0.0,0.0,10.6,7,13.04,2.53,994.7,12.0,170.0,27.170473,77.973274
UP-AGR,2021-02-13,17.6,25.8,10.5,73,99,0.0,0.0,10.6,359,17.75,3.42,994.9,11.7,170.0,27.170473,77.973274
UP-AGR,2021-02-14,18.0,26.4,11.3,72,96,0.0,0.0,10.6,62,18.04,3.42,994.4,12.0,170.0,27.170473,77.973274
UP-AGR,2021-02-15,19.7,28.3,12.5,67,91,0.0,0.0,10.2,127,17.45,3.58,992.6,12.3,170.0,27.170473,77.973274
UP-AGR,2021-02-16,19.7,28.0,14.3,67,93,0.8,0.8,16.5,118,16.71,3.44,992.1,12.9,170.0,27.170473,77.973274
UP-AGR,2021-02-17,19.5,27.3,12.1,66,97,0.0,0.0,9.9,7,18.24,3.69,993.8,12.0,170.0,27.170473,77.973274
UP-AGR,2021-02-18,19.4,26.5,12.4,65,96,0.0,0.0,9.7,355,17.38,3.53,996.5,11.8,170.0,27.170473,77.973274
UP-AGR,2021-02-19,19.0,26.7,12.4,65,97,0.0,0.0,10.5,351,18.03,3.75,998.9,11.3,170.0,27.170473,77.973274
UP-AGR,2021-02-20,18.7,26.6,12.3,66,98,0.0,0.0,10.9,325,19.0,3.9,998.7,11.1,170.0,27.170473,77.973274
UP-AGR,2021-02-21,18.9,27.2,11.2,63,91,0.0,0.0,12.6,302,19.28,4.14,997.3,10.3,170.0,27.170473,77.973274
UP-AGR,2021-02-22,19.8,28.7,12.2,61,90,0.0,0.0,14.2,276,19.06,4.3,995.5,11.1,170.0,27.170473,77.973274
UP-AGR,2021-02-23,20.7,29.7,12.9,59,89,0.0,0.0,9.7,255,19.28,4.29,993.2,11.2,170.0,27.170473,77.973274
UP-AGR,2021-02-24,21.4,31.0,12.8,52,82,0.0,0.0,11.1,265,19.54,4.72,991.4,10.1,170.0,27.170473,77.973274
UP-AGR,2021-02-25,22.4,31.3,14.1,52,83,0.0,0.0,12.9,278,19.49,4.85,990.1,11.2,170.0,27.170473,77.973274
UP-AGR,2021-02-26,23.3,32.2,15.1,46,70,0.0,0.0,15.8,268,19.84,5.27,988.2,10.3,170.0,27.170473,77.973274
UP-AGR,2021-02-27,24.8,32.3,19.3,44,60,0.0,0.0,15.7,268,19.02,5.45,987.7,11.2,170.0,27.170473,77.973274
UP-AGR,2021-02-28,23.7,30.5,18.3,48,65,0.0,0.0,10.5,359,18.93,4.43,989.8,11.1,170.0,27.170473,77.973274
UP-AGR,2021-03-01,21.6,29.3,15.9,44,69,0.0,0.0,15.0,338,20.38,5.23,993.7,7.3,170.0,27.170473,77.973274
UP-AGR,2021-03-02,20.4,28.7,14.0,42,65,0.0,0.0,19.3,293,20.91,5.47,994.6,5.9,170.0,27.170473,77.973274
UP-AGR,2021-03-03,21.5,30.5,13.0,41,65,0.0,0.0,11.7,265,20.74,5.22,992.8,6.8,170.0,27.170473,77.973274
UP-AGR,2021-03-04,22.9,32.4,13.5,43,75,0.0,0.0,10.3,4,20.75,4.98,991.9,8.1,170.0,27.170473,77.973274
UP-AGR,2021-03-05,23.3,31.4,15.6,40,69,0.0,0.0,21.1,310,21.0,5.76,991.5,7.7,170.0,27.170473,77.973274
UP-AGR,2021-03-06,23.6,32.5,15.0,38,64,0.0,0.0,14.6,275,21.21,5.58,991.4,7.2,170.0,27.170473,77.973274
UP-AGR,2021-03-07,25.4,34.1,17.2,37,52,0.0,0.0,14.9,164,20.69,5.63,989.9,8.8,170.0,27.170473,77.973274
UP-AGR,2021-03-08,26.3,33.5,19.3,41,60,0.0,0.0,13.9,175,19.81,5.44,990.8,11.4,170.0,27.170473,77.973274
UP-AGR,2021-03-09,26.4,33.6,20.4,52,81,0.0,0.0,18.7,110,18.47,4.88,991.8,14.7,170.0,27.170473,77.973274
UP-AGR,2021-03-10,25.7,33.2,19.6,48,81,0.0,0.0,18.0,294,19.44,5.44,991.7,12.3,170.0,27.170473,77.973274
UP-AGR,2021-03-11,25.8,34.0,17.6,47,94,0.0,0.0,9.8,39,21.36,5.13,993.0,11.5,170.0,27.170473,77.973274
UP-AGR,2021-03-12,24.9,31.0,20.6,50,70,0.0,0.0,23.5,113,15.82,4.76,995.0,13.4,170.0,27.170473,77.973274
UP-AGR,2021-03-13,24.8,30.9,18.6,56,90,0.2,0.2,9.5,262,19.96,4.52,995.7,14.6,170.0,27.170473,77.973274
UP-AGR,2021-03-14,24.4,31.6,17.3,53,85,0.0,0.0,10.5,333,20.44,4.88,992.9,13.2,170.0,27.170473,77.973274
UP-AGR,2021-03-15,25.3,33.2,17.7,46,74,0.0,0.0,15.3,313,20.53,5.3,991.9,11.9,170.0,27.170473,77.973274
UP-AGR,2021-03-16,25.4,33.5,18.7,46,74,0.0,0.0,16.6,323,20.95,5.71,991.9,11.4,170.0,27.170473,77.973274
UP-AGR,2021-03-17,25.8,34.3,17.5,43,69,0.0,0.0,10.8,306,20.17,5.19,990.6,11.0,170.0,27.170473,77.973274
UP-AGR,2021-03-18,26.2,34.0,19.0,44,70,0.0,0.0,9.9,11,19.18,4.9,990.9,12.2,170.0,27.170473,77.973274
UP-AGR,2021-03-19,25.9,33.0,19.8,50,74,0.4,0.4,12.7,337,19.11,4.48,990.6,14.0,170.0,27.170473,77.973274
UP-AGR,2021-03-20,26.5,33.5,19.3,43,68,0.0,0.0,11.0,306,21.99,5.42,989.2,11.3,170.0,27.170473,77.973274
UP-AGR,2021-03-21,26.7,34.4,18.7,38,63,0.0,0.0,8.9,142,21.47,5.31,988.7,10.3,170.0,27.170473,77.973274
UP-AGR,2021-03-22,26.1,33.9,18.9,41,64,0.1,0.1,15.8,61,20.68,6.01,991.5,11.2,170.0,27.170473,77.973274
UP-AGR,2021-03-23,25.6,31.5,20.1,48,70,0.1,0.1,20.9,21,19.95,5.19,993.1,13.2,170.0,27.170473,77.973274
UP-AGR,2021-03-24,25.1,31.7,19.3,47,72,0.2,0.2,16.1,325,19.93,5.31,993.4,11.7,170.0,27.170473,77.973274
UP-AGR,2021-03-25,25.0,32.0,18.6,34,59,0.0,0.0,17.3,316,23.55,6.9,993.1,7.0,170.0,27.170473,77.973274
UP-AGR,2021-03-26,24.8,32.5,17.6,45,72,0.0,0.0,16.9,305,23.22,6.12,991.7,10.7,170.0,27.170473,77.973274
UP-AGR,2021-03-27,26.6,34.0,18.4,43,69,0.0,0.0,8.7,326,22.91,5.38,989.8,12.1,170.0,27.170473,77.973274
UP-AGR,2021-03-28,27.9,36.1,19.1,44,77,0.0,0.0,8.7,186,23.07,5.85,987.3,13.3,170.0,27.170473,77.973274
UP-AGR,2021-03-29,29.2,38.0,20.2,33,63,0.0,0.0,16.2,217,23.59,6.53,984.9,9.4,170.0,27.170473,77.973274
UP-AGR,2021-03-30,30.9,39.2,21.9,21,40,0.0,0.0,29.0,281,23.94,10.03,981.1,4.0,170.0,27.170473,77.973274
UP-AGR,2021-03-31,29.4,36.3,23.2,21,40,0.0,0.0,20.8,308,24.36,9.09,982.0,3.4,170.0,27.170473,77.973274
UP-AGR,2021-04-01,27.4,35.5,20.4,16,26,0.0,0.0,24.7,308,25.04,8.94,983.4,-2.1,170.0,27.170473,77.973274
UP-AGR,2021-04-02,26.2,34.5,17.2,19,37,0.0,0.0,11.2,304,24.79,6.29,986.2,-0.8,170.0,27.170473,77.973274
UP-AGR,2021-04-03,25.7,34.4,17.8,19,31,0.0,0.0,11.5,29,24.78,6.46,988.9,-0.9,170.0,27.170473,77.973274
UP-AGR,2021-04-04,27.3,35.9,18.4,22,38,0.0,0.0,12.4,309,24.44,6.39,989.7,2.7,170.0,27.170473,77.973274
UP-AGR,2021-04-05,29.8,38.9,19.9,25,42,0.0,0.0,12.2,166,23.94,6.97,988.1,6.2,170.0,27.170473,77.973274
UP-AGR,2021-04-06,31.4,40.4,22.7,22,37,0.0,0.0,24.0,229,23.02,7.78,986.5,5.9,170.0,27.170473,77.973274
UP-AGR,2021-04-07,30.6,38.3,24.8,23,33,0.0,0.0,16.5,312,23.0,7.69,988.4,6.6,170.0,27.170473,77.973274
UP-AGR,2021-04-08,29.6,36.6,23.5,21,34,0.0,0.0,14.4,335,24.42,7.9,988.2,4.3,170.0,27.170473,77.973274
UP-AGR,2021-04-09,29.0,37.0,20.9,18,37,0.0,0.0,14.6,354,24.61,7.67,989.3,0.5,170.0,27.170473,77.973274
UP-AGR,2021-04-10,29.1,37.2,20.2,17,35,0.0,0.0,13.0,359,24.99,7.25,990.9,0.3,170.0,27.170473,77.973274
UP-AGR,2021-04-11,30.0,37.9,20.3,17,33,0.0,0.0,12.2,334,24.84,6.88,991.2,0.9,170.0,27.170473,77.973274
UP-AGR,2021-04-12,30.4,38.8,21.5,17,30,0.0,0.0,10.6,313,24.25,7.26,991.4,1.7,170.0,27.170473,77.973274
UP-AGR,2021-04-13,31.2,39.9,22.4,19,44,0.0,0.0,14.5,311,23.98,7.12,989.9,3.2,170.0,27.170473,77.973274
UP-AGR,2021-04-14,31.1,39.7,22.6,20,35,0.0,0.0,26.6,310,22.15,7.59,988.7,4.9,170.0,27.170473,77.973274
UP-AGR,2021-04-15,31.4,39.7,23.3,19,33,0.0,0.0,12.2,289,23.93,7.25,987.7,3.6,170.0,27.170473,77.973274
UP-AGR,2021-04-16,31.8,39.8,23.2,21,35,0.0,0.0,29.0,280,22.57,7.55,986.5,5.3,170.0,27.170473,77.973274
UP-AGR,2021-04-17,29.7,35.7,22.8,35,66,0.0,0.0,19.1,297,22.27,6.98,989.2,11.4,170.0,27.170473,77.973274
UP-AGR,2021-04-18,30.0,36.8,22.7,28,48,0.0,0.0,16.3,353,23.28,7.11,991.0,7.9,170.0,27.170473,77.973274
UP-AGR,2021-04-19,30.5,38.9,21.9,24,46,0.0,0.0,14.5,323,23.68,7.17,987.1,6.1,170.0,27.170473,77.973274
UP-AGR,2021-04-20,31.0,38.6,22.4,24,46,0.0,0.0,26.2,15,18.6,7.06,985.2,6.9,170.0,27.170473,77.973274
UP-AGR,2021-04-21,29.2,35.7,24.1,30,43,0.0,0.0,19.6,309,21.2,6.77,988.0,9.0,170.0,27.170473,77.973274
UP-AGR,2021-04-22,28.2,34.5,22.1,33,55,0.0,0.0,14.9,351,24.68,6.89,990.4,9.3,170.0,27.170473,77.973274
UP-AGR,2021-04-23,30.7,38.3,23.6,26,41,0.0,0.0,24.6,130,22.87,8.45,988.2,7.9,170.0,27.170473,77.973274
UP-AGR,2021-04-24,28.7,34.8,22.8,29,48,0.0,0.0,18.6,339,25.15,8.52,989.2,7.4,170.0,27.170473,77.973274
UP-AGR,2021-04-25,29.6,37.6,22.2,23,37,0.0,0.0,20.4,319,25.08,8.43,989.5,5.1,170.0,27.170473,77.973274
UP-AGR,2021-04-26,30.9,39.2,21.6,19,38,0.0,0.0,10.1,305,25.56,7.23,988.1,2.3,170.0,27.170473,77.973274
UP-AGR,2021-04-27,32.6,41.5,23.9,15,24,0.0,0.0,15.6,308,24.85,8.31,987.0,1.2,170.0,27.170473,77.973274
UP-AGR,2021-04-28,33.4,42.1,24.5,16,30,0.0,0.0,11.6,312,23.51,7.54,987.5,3.0,170.0,27.170473,77.973274
UP-AGR,2021-04-29,34.1,41.5,25.4,17,29,0.0,0.0,19.1,336,20.99,7.98,987.3,4.6,170.0,27.170473,77.973274
UP-AGR,2021-04-30,32.7,40.1,25.7,29,49,0.0,0.0,19.3,45,22.36,7.35,987.1,11.3,170.0,27.170473,77.973274
UP-AGR,2021-05-01,33.0,40.2,25.4,28,53,0.0,0.0,16.1,42,19.46,6.36,987.0,10.7,170.0,27.170473,77.973274
UP-AGR,2021-05-02,32.1,38.1,27.6,29,41,0.0,0.0,18.7,203,14.37,5.88,987.7,11.1,170.0,27.170473,77.973274
UP-AGR,2021-05-03,32.0,38.4,26.4,29,42,0.0,0.0,25.5,227,21.05,7.73,986.5,11.4,170.0,27.170473,77.973274
UP-AGR,2021-05-04,33.5,40.2,26.1,24,40,0.0,0.0,18.4,267,20.65,7.13,984.9,8.9,170.0,27.170473,77.973274
UP-AGR,2021-05-05,33.3,39.6,27.2,32,55,0.0,0.0,19.5,101,21.08,7.44,985.4,13.1,170.0,27.170473,77.973274
UP-AGR,2021-05-06,32.2,39.2,26.6,42,63,0.0,0.0,23.9,80,19.16,7.04,986.8,16.6,170.0,27.170473,77.973274
UP-AGR,2021-05-07,30.2,37.3,23.7,48,75,0.6,0.6,17.6,86,19.44,5.99,989.0,17.0,170.0,27.170473,77.973274
UP-AGR,2021-05-08,32.0,37.8,25.9,38,64,0.0,0.0,14.2,64,21.16,6.17,987.9,14.7,170.0,27.170473,77.973274
UP-AGR,2021-05-09,31.9,37.5,26.6,38,54,0.5,0.5,14.9,117,20.19,6.39,986.2,15.0,170.0,27.170473,77.973274
UP-AGR,2021-05-10,31.9,39.2,25.8,37,55,0.0,0.0,15.6,109,21.29,6.35,984.5,14.6,170.0,27.170473,77.973274
UP-AGR,2021-05-11,31.8,38.7,25.7,38,61,0.0,0.0,20.9,147,20.73,6.34,983.6,14.8,170.0,27.170473,77.973274
UP-AGR,2021-05-12,30.3,36.5,26.0,43,57,0.1,0.1,23.9,100,18.62,5.63,982.2,15.9,170.0,27.170473,77.973274
UP-AGR,2021-05-13,28.6,35.2,24.5,54,69,1.3,1.3,13.9,113,19.48,5.51,983.5,18.0,170.0,27.170473,77.973274
UP-AGR,2021-05-14,30.4,36.7,24.2,48,70,0.0,0.0,12.7,94,22.33,6.04,983.6,17.3,170.0,27.170473,77.973274
UP-AGR,2021-05-15,31.2,37.1,25.8,43,65,0.0,0.0,14.8,94,14.96,5.27,984.5,16.4,170.0,27.170473,77.973274
UP-AGR,2021-05-16,33.3,38.9,26.3,35,57,0.0,0.0,11.4,62,21.5,6.23,985.7,14.9,170.0,27.170473,77.973274
UP-AGR,2021-05-17,31.1,35.4,25.9,44,62,0.0,0.0,16.2,200,10.11,4.82,987.0,16.9,170.0,27.170473,77.973274
UP-AGR,2021-05-18,26.0,28.8,23.1,69,89,8.3,8.3,13.8,125,9.54,2.73,987.0,19.8,170.0,27.170473,77.973274
UP-AGR,2021-05-19,23.7,27.4,21.7,89,97,44.0,44.0,25.1,92,5.54,1.63,982.7,21.6,170.0,27.170473,77.973274
UP-AGR,2021-05-20,25.3,29.6,21.9,77,97,3.0,3.0,24.0,287,15.49,3.75,981.9,20.7,170.0,27.170473,77.973274
UP-AGR,2021-05-21,27.2,33.3,21.2,73,93,0.0,0.0,10.4,92,21.67,4.87,985.1,21.4,170.0,27.170473,77.973274
UP-AGR,2021-05-22,28.8,34.3,23.8,67,92,0.2,0.2,13.8,140,22.42,5.25,984.6,21.5,170.0,27.170473,77.973274
UP-AGR,2021-05-23,29.5,35.1,24.3,56,76,0.0,0.0,10.9,303,23.22,5.93,985.5,19.1,170.0,27.170473,77.973274
UP-AGR,2021-05-24,29.3,35.2,23.8,47,66,0.0,0.0,18.6,310,23.98,7.04,985.8,16.1,170.0,27.170473,77.973274
UP-AGR,2021-05-25,29.7,36.6,24.0,42,61,0.0,0.0,17.8,311,24.42,7.31,982.5,14.7,170.0,27.170473,77.973274
UP-AGR,2021-05-26,30.7,38.7,23.5,43,66,0.0,0.0,11.3,351,24.16,6.69,980.2,15.4,170.0,27.170473,77.973274
UP-AGR,2021-05-27,31.6,39.8,23.6,42,67,0.0,0.0,16.9,52,24.03,6.91,980.4,15.9,170.0,27.170473,77.973274
UP-AGR,2021-05-28,31.6,38.6,25.1,52,84,0.0,0.0,16.6,132,23.7,6.65,982.1,19.8,170.0,27.170473,77.973274
UP-AGR,2021-05-29,31.7,38.7,25.6,53,74,0.0,0.0,19.7,128,23.21,7.24,983.8,20.2,170.0,27.170473,77.973274
UP-AGR,2021-05-30,31.9,37.8,26.6,53,70,0.0,0.0,16.8,114,21.91,5.96,983.3,20.7,170.0,27.170473,77.973274
UP-AGR,2021-05-31,34.0,39.3,28.6,45,65,0.0,0.0,8.8,188,20.08,5.75,980.4,20.0,170.0,27.170473,77.973274
UP-AGR,2021-06-01,31.6,37.9,26.5,54,77,0.6,0.6,27.1,49,22.42,5.94,982.5,20.5,170.0,27.170473,77.973274
UP-AGR,2021-06-02,31.8,37.8,25.8,52,79,0.0,0.0,9.8,321,21.91,5.92,984.5,20.1,170.0,27.170473,77.973274
UP-AGR,2021-06-03,33.0,38.7,26.6,45,72,0.0,0.0,14.8,32,22.25,5.9,985.2,18.4,170.0,27.170473,77.973274
UP-AGR,2021-06-04,33.6,39.6,29.0,41,59,0.0,0.0,21.7,55,19.62,6.07,985.1,18.1,170.0,27.170473,77.973274
UP-AGR,2021-06-05,33.2,38.3,29.7,43,54,0.3,0.3,16.4,203,16.3,5.44,984.2,18.8,170.0,27.170473,77.973274
UP-AGR,2021-06-06,34.5,40.2,28.8,39,57,0.0,0.0,12.6,282,21.84,6.82,983.5,17.8,170.0,27.170473,77.973274
UP-AGR,2021-06-07,35.8,41.4,30.8,34,49,0.0,0.0,21.1,289,22.41,8.56,981.4,16.9,170.0,27.170473,77.973274
UP-AGR,2021-06-08,37.1,42.8,31.7,31,43,0.0,0.0,22.8,292,20.51,8.99,979.4,16.7,170.0,27.170473,77.973274
UP-AGR,2021-06-09,37.8,43.6,33.1,31,46,0.0,0.0,18.4,299,21.48,8.97,977.8,17.4,170.0,27.170473,77.973274
UP-AGR,2021-06-10,34.6,39.3,31.5,50,62,0.0,0.0,17.7,82,19.93,6.65,978.0,22.5,170.0,27.170473,77.973274
UP-AGR,2021-06-11,33.7,38.2,28.7,53,74,0.0,0.0,17.2,84,18.88,6.19,978.0,22.5,170.0,27.170473,77.973274
UP-AGR,2021-06-12,33.7,38.6,29.4,53,71,0.0,0.0,20.5,108,22.14,7.16,979.0,22.5,170.0,27.170473,77.973274
UP-AGR,2021-06-13,32.2,38.1,26.9,60,85,2.2,2.2,14.0,75,22.28,6.09,979.6,23.0,170.0,27.170473,77.973274
UP-AGR,2021-06-14,31.4,36.6,26.2,59,82,0.5,0.5,16.3,59,20.94,5.98,978.0,21.9,170.0,27.170473,77.973274
UP-AGR,2021-06-15,31.8,37.9,27.2,59,89,6.4,6.4,16.1,294,19.9,5.6,975.5,22.1,170.0,27.170473,77.973274
UP-AGR,2021-06-16,32.0,38.4,26.8,62,93,0.1,0.1,17.1,80,21.73,5.71,977.3,22.9,170.0,27.170473,77.973274
UP-AGR,2021-06-17,31.7,36.9,28.2,60,75,0.1,0.1,20.2,87,17.93,5.4,979.4,22.6,170.0,27.170473,77.973274
UP-AGR,2021-06-18,30.2,34.8,27.0,65,82,0.6,0.6,18.4,73,19.88,5.64,980.1,22.7,170.0,27.170473,77.973274
UP-AGR,2021-06-19,30.4,34.7,26.2,65,83,1.2,1.2,12.6,31,19.09,5.17,979.9,22.7,170.0,27.170473,77.973274
UP-AGR,2021-06-20,30.7,35.5,26.1,65,88,0.3,0.3,17.9,359,18.64,5.27,980.8,22.9,170.0,27.170473,77.973274
UP-AGR,2021-06-21,31.4,36.5,26.9,64,88,1.2,1.2,17.2,4,20.08,5.68,981.8,23.2,170.0,27.170473,77.973274
UP-AGR,2021-06-22,33.8,39.7,27.7,51,81,0.0,0.0,14.8,330,20.38,6.03,981.5,21.1,170.0,27.170473,77.973274
UP-AGR,2021-06-23,34.8,40.6,30.1,47,67,0.0,0.0,15.7,106,20.61,6.92,981.5,20.9,170.0,27.170473,77.973274
UP-AGR,2021-06-24,33.3,38.7,28.3,56,80,0.0,0.0,15.4,86,20.85,6.24,981.7,22.6,170.0,27.170473,77.973274
UP-AGR,2021-06-25,33.2,39.3,27.9,53,77,0.3,0.3,18.0,72,21.36,5.95,981.0,21.2,170.0,27.170473,77.973274
UP-AGR,2021-06-26,32.8,38.1,27.7,55,81,0.0,0.0,13.9,83,19.67,5.37,982.3,21.9,170.0,27.170473,77.973274
UP-AGR,2021-06-27,33.8,39.3,28.6,53,80,0.1,0.1,13.3,83,20.57,6.43,984.8,22.1,170.0,27.170473,77.973274
UP-AGR,2021-06-28,34.7,40.2,29.5,49,73,0.0,0.0,10.8,79,22.0,6.41,983.4,21.5,170.0,27.170473,77.973274
UP-AGR,2021-06-29,36.8,43.1,30.3,39,70,0.0,0.0,17.6,274,23.31,7.62,980.4,19.0,170.0,27.170473,77.973274
UP-AGR,2021-06-30,38.1,43.3,32.4,30,38,0.0,0.0,27.6,277,20.75,10.3,978.1,16.9,170.0,27.170473,77.973274
UP-AGR,2021-07-01,37.5,41.0,33.8,35,46,0.4,0.4,23.2,258,21.21,8.96,976.9,19.3,170.0,27.170473,77.973274
UP-AGR,2021-07-02,35.7,40.6,31.9,43,59,0.2,0.2,23.5,260,20.62,8.09,978.2,20.7,170.0,27.170473,77.973274
UP-AGR,2021-07-03,33.3,37.7,28.0,51,71,1.7,1.7,13.3,253,18.78,5.52,981.1,21.5,170.0,27.170473,77.973274
UP-AGR,2021-07-04,34.8,40.1,29.2,45,70,0.0,0.0,15.8,268,19.58,6.51,982.1,20.6,170.0,27.170473,77.973274
UP-AGR,2021-07-05,34.9,39.2,30.8,44,57,0.0,0.0,17.7,279,15.01,5.67,982.5,20.7,170.0,27.170473,77.973274
UP-AGR,2021-07-06,36.1,41.6,30.8,43,59,0.0,0.0,16.1,281,22.23,7.49,980.9,21.0,170.0,27.170473,77.973274
UP-AGR,2021-07-07,37.5,42.7,32.3,36,50,0.0,0.0,16.8,281,20.46,7.88,979.7,19.5,170.0,27.170473,77.973274
UP-AGR,2021-07-08,36.8,41.0,33.0,36,47,0.0,0.0,21.9,287,17.69,7.07,979.8,19.1,170.0,27.170473,77.973274
UP-AGR,2021-07-09,34.2,38.5,29.5,53,75,0.0,0.0,16.1,75,21.6,6.79,980.6,22.9,170.0,27.170473,77.973274
UP-AGR,2021-07-10,33.9,37.0,30.2,56,73,0.6,0.6,18.8,89,20.02,6.36,980.4,23.7,170.0,27.170473,77.973274
UP-AGR,2021-07-11,31.3,34.2,28.1,70,88,4.9,4.9,21.3,95,14.34,4.61,981.8,25.0,170.0,27.170473,77.973274
UP-AGR,2021-07-12,30.0,32.7,27.8,75,86,2.0,2.0,19.1,97,11.81,3.85,983.5,24.9,170.0,27.170473,77.973274
UP-AGR,2021-07-13,31.9,36.1,27.8,67,89,0.7,0.7,15.5,91,20.42,5.67,982.5,24.7,170.0,27.170473,77.973274
UP-AGR,2021-07-14,33.1,37.3,29.3,60,75,0.2,0.2,16.1,92,19.9,6.03,981.9,24.2,170.0,27.170473,77.973274
UP-AGR,2021-07-15,33.8,38.0,29.9,57,74,0.1,0.1,19.2,91,21.63,7.09,982.3,23.8,170.0,27.170473,77.973274
UP-AGR,2021-07-16,34.1,38.2,30.0,58,79,0.5,0.5,15.7,97,21.09,6.42,984.0,24.2,170.0,27.170473,77.973274
UP-AGR,2021-07-17,34.1,40.8,29.9,58,78,2.2,2.2,13.2,195,19.38,5.93,982.1,23.9,170.0,27.170473,77.973274
UP-AGR,2021-07-18,29.7,33.4,26.8,82,97,83.5,83.5,17.1,232,8.44,2.67,980.1,26.1,170.0,27.170473,77.973274
UP-AGR,2021-07-19,27.5,31.6,26.1,89,97,62.4,62.4,23.4,222,10.39,2.46,979.0,25.6,170.0,27.170473,77.973274
UP-AGR,2021-07-20,28.2,31.1,26.3,87,95,24.9,24.9,15.6,225,10.3,2.51,979.1,25.7,170.0,27.170473,77.973274
UP-AGR,2021-07-21,29.1,32.8,26.5,81,91,7.2,7.2,14.8,282,15.61,3.73,977.8,25.3,170.0,27.170473,77.973274
UP-AGR,2021-07-22,28.7,31.9,26.0,84,97,3.6,3.6,8.7,75,14.61,3.33,976.5,25.7,170.0,27.170473,77.973274
UP-AGR,2021-07-23,29.3,32.3,26.7,83,93,4.4,4.4,11.4,98,17.3,3.83,977.7,25.9,170.0,27.170473,77.973274
UP-AGR,2021-07-24,30.4,34.4,27.3,78,97,0.4,0.4,12.5,73,20.94,4.99,978.7,25.9,170.0,27.170473,77.973274
UP-AGR,2021-07-25,30.9,34.3,28.2,72,85,0.4,0.4,18.1,73,20.68,5.23,978.3,25.2,170.0,27.170473,77.973274
UP-AGR,2021-07-26,29.9,32.6,27.6,80,89,1.2,1.2,11.5,64,14.38,3.47,977.3,25.9,170.0,27.170473,77.973274
UP-AGR,2021-07-27,28.8,32.5,27.0,87,96,36.8,36.8,14.3,271,14.84,3.33,976.1,26.3,170.0,27.170473,77.973274
UP-AGR,2021-07-28,26.9,28.9,25.8,92,95,42.6,42.6,18.5,272,6.45,1.62,977.4,25.5,170.0,27.170473,77.973274
UP-AGR,2021-07-29,27.3,29.7,25.6,89,96,14.5,14.5,14.4,280,8.4,2.01,978.0,25.4,170.0,27.170473,77.973274
UP-AGR,2021-07-30,27.5,30.8,25.5,89,96,4.3,4.3,8.1,12,14.08,3.04,978.5,25.5,170.0,27.170473,77.973274
UP-AGR,2021-07-31,28.2,31.9,25.8,86,98,2.9,2.9,15.7,122,17.34,3.81,978.6,25.5,170.0,27.170473,77.973274
UP-AGR,2021-08-01,28.0,32.5,25.7,87,99,27.8,27.8,19.4,42,16.56,3.66,977.8,25.5,170.0,27.170473,77.973274
UP-AGR,2021-08-02,27.2,29.9,25.8,89,95,42.2,42.2,18.7,29,9.99,2.38,978.0,25.1,170.0,27.170473,77.973274
UP-AGR,2021-08-03,27.7,30.2,26.1,83,95,2.8,2.8,26.0,55,11.37,3.12,978.3,24.3,170.0,27.170473,77.973274
UP-AGR,2021-08-04,27.8,30.6,25.3,80,89,1.3,1.3,19.8,75,13.87,3.51,979.7,24.0,170.0,27.170473,77.973274
UP-AGR,2021-08-05,28.3,31.8,25.6,83,93,4.9,4.9,15.2,41,19.23,4.22,980.2,25.1,170.0,27.170473,77.973274
UP-AGR,2021-08-06,28.8,32.1,26.4,86,96,5.6,5.6,14.5,23,16.64,3.59,980.3,26.1,170.0,27.170473,77.973274
UP-AGR,2021-08-07,28.5,31.4,26.6,88,99,10.5,10.5,8.4,30,15.9,3.4,981.9,26.1,170.0,27.170473,77.973274
UP-AGR,2021-08-08,28.3,31.8,26.1,88,98,15.9,15.9,9.5,325,14.99,3.21,983.6,26.1,170.0,27.170473,77.973274
UP-AGR,2021-08-09,28.2,29.9,26.6,90,99,9.4,9.4,9.2,266,10.71,2.37,983.9,26.3,170.0,27.170473,77.973274
UP-AGR,2021-08-10,29.8,33.8,26.1,78,97,0.3,0.3,19.4,273,21.97,5.24,982.6,25.2,170.0,27.170473,77.973274
UP-AGR,2021-08-11,30.2,34.1,27.4,69,76,0.0,0.0,20.2,260,23.55,6.08,983.1,23.9,170.0,27.170473,77.973274
UP-AGR,2021-08-12,29.7,33.8,26.4,71,80,0.0,0.0,16.2,255,22.51,5.61,984.2,23.8,170.0,27.170473,77.973274
UP-AGR,2021-08-13,30.1,34.3,27.0,69,79,0.0,0.0,15.7,253,22.57,5.86,982.6,23.7,170.0,27.170473,77.973274
UP-AGR,2021-08-14,29.7,33.5,27.5,70,79,0.0,0.0,17.7,248,20.16,5.32,980.8,23.7,170.0,27.170473,77.973274
UP-AGR,2021-08-15,29.9,34.0,26.6,69,78,0.0,0.0,13.0,251,21.51,5.38,981.9,23.4,170.0,27.170473,77.973274
UP-AGR,2021-08-16,30.1,34.6,26.4,70,85,0.0,0.0,11.1,269,22.19,5.39,984.5,23.7,170.0,27.170473,77.973274
UP-AGR,2021-08-17,30.8,35.6,26.1,69,84,0.0,0.0,13.4,298,22.63,5.54,984.1,24.0,170.0,27.170473,77.973274
UP-AGR,2021-08-18,31.0,34.7,26.9,72,90,0.0,0.0,7.6,344,21.46,4.96,982.1,25.1,170.0,27.170473,77.973274
UP-AGR,2021-08-19,30.1,33.7,26.8,80,94,4.4,4.4,10.2,77,16.46,3.84,981.3,26.1,170.0,27.170473,77.973274
UP-AGR,2021-08-20,27.4,29.6,26.1,90,95,20.0,20.0,12.6,62,7.12,1.75,983.3,25.6,170.0,27.170473,77.973274
UP-AGR,2021-08-21,27.3,30.6,25.1,89,97,23.8,23.8,15.1,103,12.84,2.8,985.0,25.3,170.0,27.170473,77.973274
UP-AGR,2021-08-22,28.5,32.2,25.7,87,97,6.9,6.9,14.3,128,17.44,3.72,985.1,26.1,170.0,27.170473,77.973274
UP-AGR,2021-08-23,29.3,32.8,26.9,82,93,3.0,3.0,12.7,226,16.72,3.84,983.4,25.9,170.0,27.170473,77.973274
UP-AGR,2021-08-24,29.9,33.1,27.6,76,88,0.5,0.5,19.7,248,16.68,4.15,982.3,25.2,170.0,27.170473,77.973274
UP-AGR,2021-08-25,30.9,34.4,28.8,67,78,0.0,0.0,20.2,255,22.06,6.2,980.6,23.9,170.0,27.170473,77.973274
UP-AGR,2021-08-26,29.5,33.0,26.9,68,75,0.0,0.0,21.1,249,20.67,5.7,980.0,22.9,170.0,27.170473,77.973274
UP-AGR,2021-08-27,29.3,33.4,25.7,70,81,0.0,0.0,16.1,227,21.82,5.28,981.9,23.1,170.0,27.170473,77.973274
UP-AGR,2021-08-28,29.1,32.8,25.7,77,88,1.2,1.2,9.2,139,18.69,4.18,982.2,24.5,170.0,27.170473,77.973274
UP-AGR,2021-08-29,28.2,30.9,26.6,87,94,8.2,8.2,9.4,102,12.19,2.79,982.9,25.7,170.0,27.170473,77.973274
UP-AGR,2021-08-30,27.0,29.9,25.1,88,97,16.2,16.2,12.8,77,13.79,2.94,985.5,24.9,170.0,27.170473,77.973274
UP-AGR,2021-08-31,26.8,30.7,25.3,89,95,17.4,17.4,15.1,78,10.71,2.42,987.0,24.9,170.0,27.170473,77.973274
UP-AGR,2021-09-01,27.6,30.7,25.5,87,95,14.4,14.4,13.1,69,12.86,2.88,986.5,25.2,170.0,27.170473,77.973274
UP-AGR,2021-09-02,28.3,32.9,25.3,87,97,7.7,7.7,12.0,100,20.0,4.26,984.8,25.7,170.0,27.170473,77.973274
UP-AGR,2021-09-03,28.0,31.3,25.6,87,98,4.6,4.6,12.2,206,16.93,3.59,983.7,25.4,170.0,27.170473,77.973274
UP-AGR,2021-09-04,28.4,32.4,25.8,84,97,1.8,1.8,6.8,204,17.63,3.78,983.5,25.4,170.0,27.170473,77.973274
UP-AGR,2021-09-05,29.3,32.9,26.2,82,93,0.1,0.1,9.2,253,20.68,4.5,983.6,25.8,170.0,27.170473,77.973274
UP-AGR,2021-09-06,29.6,33.3,26.8,83,99,0.5,0.5,11.5,83,18.2,4.0,984.8,26.1,170.0,27.170473,77.973274
UP-AGR,2021-09-07,29.1,31.8,26.9,82,93,2.0,2.0,17.3,78,16.7,3.95,985.5,25.6,170.0,27.170473,77.973274
UP-AGR,2021-09-08,28.3,31.4,26.6,81,88,4.3,4.3,23.9,91,18.08,4.24,984.3,24.6,170.0,27.170473,77.973274
UP-AGR,2021-09-09,28.0,31.0,25.7,85,95,5.2,5.2,14.8,92,17.28,3.7,983.6,25.2,170.0,27.170473,77.973274
UP-AGR,2021-09-10,26.8,29.4,25.1,87,96,9.4,9.4,21.2,92,10.99,2.59,983.3,24.5,170.0,27.170473,77.973274
UP-AGR,2021-09-11,26.5,30.6,24.3,90,98,21.7,21.7,18.8,104,13.14,2.82,983.4,24.7,170.0,27.170473,77.973274
UP-AGR,2021-09-12,27.8,31.8,24.6,86,97,12.3,12.3,13.9,105,18.23,3.87,981.8,25.1,170.0,27.170473,77.973274
UP-AGR,2021-09-13,28.6,32.2,26.3,85,95,6.8,6.8,15.1,69,16.77,3.68,981.8,25.7,170.0,27.170473,77.973274
UP-AGR,2021-09-14,29.2,33.1,26.5,77,93,1.3,1.3,21.9,68,19.67,4.85,983.4,24.7,170.0,27.170473,77.973274
UP-AGR,2021-09-15,28.5,31.8,26.3,70,81,0.1,0.1,34.4,70,19.29,5.35,984.4,22.4,170.0,27.170473,77.973274
UP-AGR,2021-09-16,26.2,29.0,23.5,80,92,35.4,35.4,30.5,26,9.44,2.89,982.1,22.5,170.0,27.170473,77.973274
UP-AGR,2021-09-17,25.4,29.2,23.0,89,95,29.9,29.9,22.9,36,12.03,2.67,981.1,23.4,170.0,27.170473,77.973274
UP-AGR,2021-09-18,27.3,31.4,24.6,86,97,2.1,2.1,18.9,83,17.02,3.62,984.4,24.7,170.0,27.170473,77.973274
UP-AGR,2021-09-19,27.8,31.4,24.9,82,95,0.7,0.7,15.8,120,15.9,3.57,986.8,24.3,170.0,27.170473,77.973274
UP-AGR,2021-09-20,28.4,32.2,24.7,81,96,0.0,0.0,15.5,132,17.34,3.88,986.2,24.5,170.0,27.170473,77.973274
UP-AGR,2021-09-21,28.1,32.1,25.0,84,97,2.4,2.4,14.0,128,17.37,3.77,985.3,25.0,170.0,27.170473,77.973274
UP-AGR,2021-09-22,27.1,29.9,24.7,88,98,16.9,16.9,12.6,113,12.54,2.7,985.0,24.9,170.0,27.170473,77.973274
UP-AGR,2021-09-23,27.8,31.9,25.0,83,97,1.8,1.8,14.2,79,17.08,3.75,986.1,24.6,170.0,27.170473,77.973274
UP-AGR,2021-09-24,27.0,29.3,25.4,86,95,7.5,7.5,14.7,56,13.8,2.97,986.7,24.4,170.0,27.170473,77.973274
UP-AGR,2021-09-25,26.7,29.6,25.0,89,96,7.7,7.7,9.7,63,11.67,2.5,985.8,24.6,170.0,27.170473,77.973274
UP-AGR,2021-09-26,26.9,30.0,24.4,86,97,2.1,2.1,13.7,81,14.78,3.15,985.6,24.3,170.0,27.170473,77.973274
UP-AGR,2021-09-27,28.3,32.3,25.0,83,94,1.9,1.9,10.9,67,17.4,3.87,985.9,25.0,170.0,27.170473,77.973274
UP-AGR,2021-09-28,28.4,31.9,25.9,83,95,1.9,1.9,16.0,77,16.77,3.87,986.5,25.1,170.0,27.170473,77.973274
UP-AGR,2021-09-29,28.1,30.7,25.7,83,91,0.8,0.8,17.0,89,15.34,3.5,987.9,24.8,170.0,27.170473,77.973274
UP-AGR,2021-09-30,28.4,31.8,25.4,81,94,0.3,0.3,10.2,94,17.18,3.77,989.4,24.8,170.0,27.170473,77.973274
UP-AGR,2021-10-01,28.7,32.2,25.2,79,96,0.3,0.3,6.5,137,17.35,3.74,989.1,24.5,170.0,27.170473,77.973274
UP-AGR,2021-10-02,29.0,33.0,25.6,78,93,0.1,0.1,11.2,268,17.98,4.11,987.9,24.6,170.0,27.170473,77.973274
UP-AGR,2021-10-03,29.1,32.9,25.7,78,93,0.4,0.4,16.1,268,16.97,4.1,986.4,24.6,170.0,27.170473,77.973274
UP-AGR,2021-10-04,29.0,33.1,26.1,74,91,0.6,0.6,9.3,257,18.23,4.26,986.1,23.6,170.0,27.170473,77.973274
UP-AGR,2021-10-05,29.1,33.0,25.6,73,84,0.0,0.0,6.3,306,17.87,4.01,988.2,23.4,170.0,27.170473,77.973274
UP-AGR,2021-10-06,28.9,33.0,25.9,77,95,0.0,0.0,7.8,344,17.5,3.93,988.3,24.3,170.0,27.170473,77.973274
UP-AGR,2021-10-07,28.3,32.7,24.4,72,97,0.0,0.0,9.2,322,19.62,4.43,987.2,22.4,170.0,27.170473,77.973274
UP-AGR,2021-10-08,28.0,33.3,22.5,71,94,0.0,0.0,10.9,284,19.23,4.39,986.3,21.8,170.0,27.170473,77.973274
UP-AGR,2021-10-09,28.0,34.2,23.2,69,92,0.0,0.0,10.1,256,19.16,4.53,986.6,21.2,170.0,27.170473,77.973274
UP-AGR,2021-10-10,28.1,34.3,22.3,63,83,0.0,0.0,8.0,249,18.99,4.37,987.0,20.0,170.0,27.170473,77.973274
UP-AGR,2021-10-11,27.8,34.5,22.3,65,85,0.0,0.0,8.9,297,18.56,4.44,986.6,20.0,170.0,27.170473,77.973274
UP-AGR,2021-10-12,27.6,34.3,22.1,65,90,0.0,0.0,10.5,300,18.44,4.44,986.7,19.6,170.0,27.170473,77.973274
UP-AGR,2021-10-13,27.3,34.2,22.6,53,77,0.0,0.0,15.0,329,19.06,5.42,987.1,16.1,170.0,27.170473,77.973274
UP-AGR,2021-10-14,25.6,32.4,20.5,56,77,0.0,0.0,14.2,317,19.21,4.97,987.3,15.5,170.0,27.170473,77.973274
UP-AGR,2021-10-15,26.2,33.0,19.7,56,72,0.0,0.0,10.2,328,18.59,4.55,985.3,16.3,170.0,27.170473,77.973274
UP-AGR,2021-10-16,27.3,33.3,21.2,67,92,0.0,0.0,7.4,51,17.83,4.08,985.4,20.1,170.0,27.170473,77.973274
UP-AGR,2021-10-17,26.7,30.2,24.6,80,91,6.6,6.6,20.1,62,12.55,2.95,986.2,22.9,170.0,27.170473,77.973274
UP-AGR,2021-10-18,23.8,25.3,22.3,94,98,62.0,62.0,13.0,38,4.08,0.96,985.0,22.8,170.0,27.170473,77.973274
UP-AGR,2021-10-19,24.4,29.6,20.6,79,95,0.0,0.0,17.7,298,17.74,3.84,987.6,20.1,170.0,27.170473,77.973274
UP-AGR,2021-10-20,24.9,30.8,20.7,72,93,0.0,0.0,11.2,268,17.81,4.04,991.1,19.0,170.0,27.170473,77.973274
UP-AGR,2021-10-21,23.7,30.7,19.0,66,87,0.0,0.0,17.6,272,18.19,4.46,990.7,16.4,170.0,27.170473,77.973274
UP-AGR,2021-10-22,24.5,30.5,20.1,57,72,0.0,0.0,15.1,263,17.7,4.77,991.3,15.3,170.0,27.170473,77.973274
UP-AGR,2021-10-23,24.3,30.2,19.4,67,81,0.0,0.0,11.5,213,16.79,3.93,992.8,17.5,170.0,27.170473,77.973274
UP-AGR,2021-10-24,24.4,29.3,20.6,68,82,0.1,0.1,9.7,111,15.47,3.56,993.8,17.7,170.0,27.170473,77.973274
UP-AGR,2021-10-25,23.3,28.5,18.7,73,97,0.0,0.0,8.8,13,16.39,3.45,994.1,17.9,170.0,27.170473,77.973274
UP-AGR,2021-10-26,22.4,28.3,18.5,72,93,0.0,0.0,11.4,336,16.98,3.68,993.5,16.5,170.0,27.170473,77.973274
UP-AGR,2021-10-27,21.3,27.7,15.8,69,93,0.0,0.0,12.5,312,17.08,3.75,995.3,14.7,170.0,27.170473,77.973274
UP-AGR,2021-10-28,21.1,27.8,15.9,67,86,0.0,0.0,10.7,322,17.11,3.74,995.5,14.2,170.0,27.170473,77.973274
UP-AGR,2021-10-29,21.4,27.9,15.2,67,90,0.0,0.0,9.2,319,16.89,3.57,996.7,14.3,170.0,27.170473,77.973274
UP-AGR,2021-10-30,21.1,28.6,16.2,63,85,0.0,0.0,12.3,297,16.83,3.9,996.4,13.0,170.0,27.170473,77.973274
UP-AGR,2021-10-31,22.1,29.2,15.7,55,74,0.0,0.0,11.8,282,16.68,4.01,994.3,12.3,170.0,27.170473,77.973274
UP-AGR,2021-11-01,21.8,29.5,14.9,61,87,0.0,0.0,9.2,170,16.49,3.54,993.6,13.1,170.0,27.170473,77.973274
UP-AGR,2021-11-02,21.1,28.3,15.3,65,93,0.0,0.0,10.5,109,16.34,3.52,995.0,13.5,170.0,27.170473,77.973274
UP-AGR,2021-11-03,21.1,28.2,14.6,68,95,0.0,0.0,9.8,180,16.06,3.27,994.9,14.3,170.0,27.170473,77.973274
UP-AGR,2021-11-04,20.6,27.9,15.1,70,91,0.0,0.0,10.0,274,16.06,3.36,993.9,14.5,170.0,27.170473,77.973274
UP-AGR,2021-11-05,20.9,27.3,14.6,66,93,0.0,0.0,10.8,334,15.83,3.31,993.8,13.7,170.0,27.170473,77.973274
UP-AGR,2021-11-06,20.6,27.8,14.9,63,81,0.0,0.0,10.8,281,15.92,3.54,992.3,12.9,170.0,27.170473,77.973274
UP-AGR,2021-11-07,21.3,28.4,15.1,64,84,0.0,0.0,9.2,277,15.75,3.4,992.2,13.8,170.0,27.170473,77.973274
UP-AGR,2021-11-08,20.4,28.0,14.6,72,91,0.0,0.0,9.7,290,15.57,3.31,993.8,14.5,170.0,27.170473,77.973274
UP-AGR,2021-11-09,20.4,27.6,14.7,71,90,0.0,0.0,9.4,304,15.61,3.24,994.6,14.4,170.0,27.170473,77.973274
UP-AGR,2021-11-10,20.4,28.4,14.7,70,93,0.0,0.0,10.2,300,15.54,3.35,993.9,14.0,170.0,27.170473,77.973274
UP-AGR,2021-11-11,20.4,27.6,13.0,67,96,0.0,0.0,9.7,314,15.48,3.22,993.4,13.2,170.0,27.170473,77.973274
UP-AGR,2021-11-12,19.8,27.2,13.9,71,92,0.0,0.0,10.7,313,15.26,3.15,993.7,13.8,170.0,27.170473,77.973274
UP-AGR,2021-11-13,19.1,27.0,13.2,67,94,0.0,0.0,11.3,315,15.31,3.28,993.7,11.8,170.0,27.170473,77.973274
UP-AGR,2021-11-14,18.1,26.2,11.9,68,93,0.0,0.0,10.5,300,15.3,3.16,992.8,11.1,170.0,27.170473,77.973274
UP-AGR,2021-11-15,18.0,25.5,11.4,65,91,0.0,0.0,10.9,313,15.08,3.12,992.1,10.6,170.0,27.170473,77.973274
UP-AGR,2021-11-16,17.6,25.3,11.6,65,88,0.0,0.0,11.1,316,15.08,3.11,993.1,10.1,170.0,27.170473,77.973274
UP-AGR,2021-11-17,17.7,24.6,10.1,68,93,0.0,0.0,9.6,316,14.87,2.74,995.1,10.9,170.0,27.170473,77.973274
UP-AGR,2021-11-18,18.5,23.3,13.7,73,96,0.0,0.0,8.4,180,10.02,2.04,994.0,13.3,170.0,27.170473,77.973274
UP-AGR,2021-11-19,18.6,21.6,16.2,80,93,2.8,2.8,8.4,255,5.22,1.21,991.8,14.9,170.0,27.170473,77.973274
UP-AGR,2021-11-20,18.1,21.1,15.2,86,97,0.0,0.0,8.7,296,3.86,0.94,992.1,15.7,170.0,27.170473,77.973274
UP-AGR,2021-11-21,19.1,26.0,14.6,76,98,0.0,0.0,9.4,293,13.88,2.78,993.3,14.3,170.0,27.170473,77.973274
UP-AGR,2021-11-22,18.5,25.4,14.3,59,75,0.0,0.0,13.8,293,14.7,3.47,993.3,9.9,170.0,27.170473,77.973274
UP-AGR,2021-11-23,17.5,25.2,11.1,57,83,0.0,0.0,10.1,262,14.65,3.26,992.4,8.4,170.0,27.170473,77.973274
UP-AGR,2021-11-24,17.5,25.6,10.4,70,91,0.0,0.0,10.0,198,14.38,2.76,993.5,11.3,170.0,27.170473,77.973274
UP-AGR,2021-11-25,17.9,24.7,11.4,70,94,0.0,0.0,8.4,160,14.09,2.52,994.7,11.8,170.0,27.170473,77.973274
UP-AGR,2021-11-26,17.6,25.4,10.9,74,92,0.0,0.0,9.7,172,13.74,2.68,994.6,12.4,170.0,27.170473,77.973274
UP-AGR,2021-11-27,18.8,25.8,12.6,73,95,0.0,0.0,10.9,118,13.58,2.86,995.4,13.4,170.0,27.170473,77.973274
UP-AGR,2021-11-28,19.3,26.0,13.5,76,96,0.0,0.0,8.7,101,13.47,2.59,996.9,14.4,170.0,27.170473,77.973274
UP-AGR,2021-11-29,18.0,25.0,13.1,77,98,0.0,0.0,10.3,327,13.61,2.66,997.3,13.4,170.0,27.170473,77.973274
UP-AGR,2021-11-30,17.1,23.9,11.5,73,89,0.0,0.0,8.9,287,12.43,2.48,996.9,11.9,170.0,27.170473,77.973274
UP-AGR,2021-12-01,17.0,20.2,13.1,81,93,0.0,0.0,7.4,301,4.44,1.0,996.8,13.5,170.0,27.170473,77.973274
UP-AGR,2021-12-02,17.5,19.2,15.9,79,89,0.1,0.1,14.6,325,2.45,1.08,996.7,13.7,170.0,27.170473,77.973274
UP-AGR,2021-12-03,18.1,24.4,13.3,73,94,0.0,0.0,9.3,321,13.05,2.45,997.1,12.7,170.0,27.170473,77.973274
UP-AGR,2021-12-04,17.9,24.7,12.6,77,98,0.0,0.0,9.7,319,13.23,2.5,995.9,13.4,170.0,27.170473,77.973274
UP-AGR,2021-12-05,18.5,24.5,12.8,78,95,0.0,0.0,9.6,38,9.71,1.97,995.9,14.3,170.0,27.170473,77.973274
UP-AGR,2021-12-06,18.5,23.0,15.6,79,94,0.1,0.1,11.7,328,8.66,1.83,996.2,14.6,170.0,27.170473,77.973274
UP-AGR,2021-12-07,17.1,23.7,13.0,75,96,0.0,0.0,11.8,319,13.49,2.65,997.3,11.9,170.0,27.170473,77.973274
UP-AGR,2021-12-08,16.1,22.7,10.9,71,91,0.0,0.0,9.3,293,13.38,2.55,997.5,10.5,170.0,27.170473,77.973274
UP-AGR,2021-12-09,15.4,22.4,9.5,73,95,0.0,0.0,10.9,313,13.32,2.43,999.5,10.1,170.0,27.170473,77.973274
UP-AGR,2021-12-10,15.4,22.3,10.4,74,92,0.0,0.0,10.6,301,13.23,2.49,999.7,10.2,170.0,27.170473,77.973274
UP-AGR,2021-12-11,14.3,21.3,9.2,69,91,0.0,0.0,10.1,278,13.5,2.5,998.9,8.2,170.0,27.170473,77.973274
UP-AGR,2021-12-12,14.5,20.8,7.4,68,93,0.0,0.0,9.9,244,13.17,2.29,999.2,8.2,170.0,27.170473,77.973274
UP-AGR,2021-12-13,14.9,21.0,10.2,72,89,0.0,0.0,8.1,89,12.25,2.23,997.9,9.5,170.0,27.170473,77.973274
UP-AGR,2021-12-14,15.4,22.5,10.4,73,89,0.1,0.1,10.6,74,10.53,2.17,996.8,10.3,170.0,27.170473,77.973274
UP-AGR,2021-12-15,16.3,21.9,12.1,76,92,0.0,0.0,8.2,6,11.42,2.15,997.2,11.7,170.0,27.170473,77.973274
UP-AGR,2021-12-16,16.3,22.0,11.5,73,91,0.1,0.1,11.8,50,11.73,2.35,997.6,11.1,170.0,27.170473,77.973274
UP-AGR,2021-12-17,14.5,19.2,10.6,53,72,0.1,0.1,16.9,329,12.63,3.15,999.6,4.6,170.0,27.170473,77.973274
UP-AGR,2021-12-18,11.8,17.9,7.3,66,88,0.0,0.0,15.8,304,13.62,2.53,1000.3,5.3,170.0,27.170473,77.973274
UP-AGR,2021-12-19,11.3,17.6,6.3,62,78,0.0,0.0,14.3,294,13.65,2.56,999.8,4.0,170.0,27.170473,77.973274
UP-AGR,2021-12-20,11.3,18.3,5.2,67,85,0.0,0.0,9.2,282,13.4,2.26,998.8,5.0,170.0,27.170473,77.973274
UP-AGR,2021-12-21,12.7,20.0,4.9,70,94,0.0,0.0,7.8,276,13.25,2.26,997.1,6.8,170.0,27.170473,77.973274
UP-AGR,2021-12-22,13.7,21.0,6.6,74,97,0.0,0.0,9.7,284,13.18,2.2,994.9,8.7,170.0,27.170473,77.973274
UP-AGR,2021-12-23,14.4,21.9,7.4,73,98,0.0,0.0,9.8,126,12.3,2.21,994.1,9.3,170.0,27.170473,77.973274
UP-AGR,2021-12-24,14.5,22.2,8.3,75,94,0.0,0.0,10.4,80,12.84,2.31,993.8,9.6,170.0,27.170473,77.973274
UP-AGR,2021-12-25,15.5,21.6,10.4,74,91,0.0,0.0,9.4,43,13.12,2.22,995.8,10.4,170.0,27.170473,77.973274
UP-AGR,2021-12-26,15.3,21.6,9.4,76,95,0.0,0.0,10.5,104,11.45,2.15,997.3,10.8,170.0,27.170473,77.973274
UP-AGR,2021-12-27,15.7,21.5,11.7,79,95,0.1,0.1,10.0,43,12.16,2.14,998.5,11.8,170.0,27.170473,77.973274
UP-AGR,2021-12-28,13.9,15.2,12.7,88,94,6.9,6.9,8.9,37,3.33,0.71,997.9,11.9,170.0,27.170473,77.973274
UP-AGR,2021-12-29,13.8,19.2,9.7,81,96,0.0,0.0,10.1,331,12.7,2.11,998.6,10.3,170.0,27.170473,77.973274
UP-AGR,2021-12-30,12.6,19.1,8.3,69,93,0.0,0.0,9.7,351,11.91,2.24,1002.5,6.6,170.0,27.170473,77.973274
UP-AGR,2021-12-31,11.4,17.7,7.1,70,86,0.0,0.0,9.5,314,11.04,2.01,1002.7,5.8,170.0,27.170473,77.973274
UP-AGR,2022-01-01,12.2,18.1,6.0,73,93,0.0,0.0,9.2,308,13.23,2.13,1001.5,7.1,170.0,27.170473,77.973274
UP-AGR,2022-01-02,12.4,18.9,6.5,79,99,0.0,0.0,9.9,322,12.95,2.12,1000.0,8.4,170.0,27.170473,77.973274
UP-AGR,2022-01-03,12.7,19.7,7.3,81,97,0.0,0.0,9.6,284,13.47,2.19,998.3,9.2,170.0,27.170473,77.973274
UP-AGR,2022-01-04,14.1,21.4,7.5,80,98,0.0,0.0,9.7,251,13.36,2.26,997.5,10.2,170.0,27.170473,77.973274
UP-AGR,2022-01-05,14.1,17.2,9.3,84,93,7.8,7.8,19.9,89,3.66,0.93,996.4,11.4,170.0,27.170473,77.973274
UP-AGR,2022-01-06,14.9,18.4,12.8,87,96,6.6,6.6,16.3,104,6.77,1.31,996.0,12.8,170.0,27.170473,77.973274
UP-AGR,2022-01-07,16.7,22.2,13.6,86,98,0.2,0.2,16.9,125,9.58,1.9,996.1,14.1,170.0,27.170473,77.973274
UP-AGR,2022-01-08,16.3,20.3,14.1,90,96,55.0,55.0,16.4,121,6.61,1.25,995.2,14.6,170.0,27.170473,77.973274
UP-AGR,2022-01-09,16.0,19.4,11.7,88,98,3.9,3.9,13.3,307,7.48,1.39,994.6,14.0,170.0,27.170473,77.973274
UP-AGR,2022-01-10,13.7,17.9,10.2,80,95,0.0,0.0,10.7,318,13.98,2.24,997.3,10.1,170.0,27.170473,77.973274
UP-AGR,2022-01-11,13.1,17.9,9.8,79,90,0.0,0.0,10.0,310,12.12,2.0,997.4,9.4,170.0,27.170473,77.973274
UP-AGR,2022-01-12,12.4,17.2,8.5,77,92,0.0,0.0,9.7,321,13.25,2.13,997.1,8.1,170.0,27.170473,77.973274
UP-AGR,2022-01-13,11.7,16.9,6.7,77,98,0.0,0.0,9.6,319,14.13,2.23,997.4,7.5,170.0,27.170473,77.973274
UP-AGR,2022-01-14,11.0,16.7,5.2,78,98,0.0,0.0,10.7,342,14.3,2.21,997.7,7.0,170.0,27.170473,77.973274
UP-AGR,2022-01-15,10.0,16.0,5.4,84,98,0.0,0.0,11.3,335,14.28,2.04,999.2,7.2,170.0,27.170473,77.973274
UP-AGR,2022-01-16,9.2,15.2,4.7,87,100,0.0,0.0,9.3,348,13.61,1.9,1000.2,6.9,170.0,27.170473,77.973274
UP-AGR,2022-01-17,9.1,15.2,3.4,88,100,0.0,0.0,8.0,341,12.31,1.73,1000.8,7.0,170.0,27.170473,77.973274
UP-AGR,2022-01-18,9.6,15.2,5.8,87,100,0.0,0.0,10.6,299,11.51,1.65,998.8,7.4,170.0,27.170473,77.973274
UP-AGR,2022-01-19,10.1,16.8,5.6,90,100,0.0,0.0,9.4,249,11.87,1.76,995.9,8.4,170.0,27.170473,77.973274
UP-AGR,2022-01-20,11.4,18.3,6.9,90,100,0.0,0.0,9.4,93,12.32,1.85,991.6,9.7,170.0,27.170473,77.973274
UP-AGR,2022-01-21,12.9,18.9,7.6,84,100,0.0,0.0,9.9,86,14.32,2.28,991.6,10.0,170.0,27.170473,77.973274
UP-AGR,2022-01-22,14.7,19.2,12.7,86,96,4.5,4.5,25.7,117,9.64,1.68,987.4,12.4,170.0,27.170473,77.973274
UP-AGR,2022-01-23,13.8,18.2,9.0,85,97,6.9,6.9,14.8,277,12.39,1.96,989.4,11.1,170.0,27.170473,77.973274
UP-AGR,2022-01-24,11.5,16.7,7.3,84,99,0.1,0.1,10.9,311,12.33,1.94,993.6,8.5,170.0,27.170473,77.973274
UP-AGR,2022-01-25,10.8,16.8,6.9,82,97,0.0,0.0,11.8,310,13.89,2.13,994.6,7.7,170.0,27.170473,77.973274
UP-AGR,2022-01-26,10.8,16.6,6.3,80,95,0.0,0.0,17.1,301,13.67,2.12,995.7,7.3,170.0,27.170473,77.973274
UP-AGR,2022-01-27,11.5,18.2,7.2,79,94,0.0,0.0,16.0,299,15.77,2.46,996.9,7.7,170.0,27.170473,77.973274
UP-AGR,2022-01-28,11.4,18.1,6.4,75,90,0.0,0.0,15.6,276,16.17,2.59,997.0,6.8,170.0,27.170473,77.973274
UP-AGR,2022-01-29,12.2,19.7,5.5,77,94,0.0,0.0,9.8,272,16.05,2.6,996.7,8.0,170.0,27.170473,77.973274
UP-AGR,2022-01-30,14.0,21.4,8.0,75,88,0.0,0.0,15.3,283,16.34,2.85,992.5,9.3,170.0,27.170473,77.973274
UP-AGR,2022-01-31,14.6,21.8,7.9,81,97,0.0,0.0,10.0,69,16.17,2.67,991.7,11.0,170.0,27.170473,77.973274
UP-AGR,2022-02-01,14.6,22.7,8.4,87,100,0.0,0.0,10.2,306,15.05,2.51,991.0,12.2,170.0,27.170473,77.973274
UP-AGR,2022-02-02,14.2,21.1,8.8,78,96,0.0,0.0,15.0,210,16.82,2.87,991.4,10.0,170.0,27.170473,77.973274
UP-AGR,2022-02-03,15.6,22.4,12.2,74,94,0.9,0.9,23.2,160,14.76,3.03,986.8,10.7,170.0,27.170473,77.973274
UP-AGR,2022-02-04,12.8,18.1,8.7,78,95,0.0,0.0,18.7,295,15.89,2.52,989.8,8.9,170.0,27.170473,77.973274
UP-AGR,2022-02-05,12.1,18.0,6.8,83,99,0.0,0.0,10.0,330,17.04,2.57,993.7,9.0,170.0,27.170473,77.973274
UP-AGR,2022-02-06,12.8,20.4,6.5,81,100,0.0,0.0,10.5,140,16.98,2.73,995.9,9.2,170.0,27.170473,77.973274
UP-AGR,2022-02-07,14.8,23.1,7.0,78,96,0.0,0.0,10.5,143,16.9,2.86,994.9,10.7,170.0,27.170473,77.973274
UP-AGR,2022-02-08,16.1,23.9,10.2,79,96,0.4,0.4,13.0,175,16.39,2.97,993.0,12.0,170.0,27.170473,77.973274
UP-AGR,2022-02-09,14.7,18.8,11.4,89,99,20.4,20.4,16.6,41,10.19,1.68,994.3,12.7,170.0,27.170473,77.973274
UP-AGR,2022-02-10,14.3,20.1,9.7,80,100,0.0,0.0,13.8,321,16.28,2.78,997.4,10.5,170.0,27.170473,77.973274
UP-AGR,2022-02-11,14.0,20.8,9.2,70,87,0.0,0.0,17.3,291,18.0,3.24,996.3,8.3,170.0,27.170473,77.973274
UP-AGR,2022-02-12,14.5,21.4,8.8,68,86,0.0,0.0,13.0,279,18.42,3.34,995.0,8.4,170.0,27.170473,77.973274
UP-AGR,2022-02-13,15.0,22.5,7.9,69,94,0.0,0.0,10.5,237,18.29,3.19,993.6,8.6,170.0,27.170473,77.973274
UP-AGR,2022-02-14,15.0,23.1,8.4,70,89,0.0,0.0,11.6,132,18.39,3.33,993.4,8.9,170.0,27.170473,77.973274
UP-AGR,2022-02-15,16.2,23.4,9.6,66,91,0.0,0.0,10.7,128,18.27,3.43,993.3,9.2,170.0,27.170473,77.973274
UP-AGR,2022-02-16,17.2,24.2,9.6,64,89,0.0,0.0,9.0,261,18.29,3.44,991.3,9.8,170.0,27.170473,77.973274
UP-AGR,2022-02-17,17.2,25.0,11.1,66,88,0.0,0.0,11.3,316,18.39,3.6,991.0,10.2,170.0,27.170473,77.973274
UP-AGR,2022-02-18,17.7,25.3,11.3,64,82,0.2,0.2,15.3,337,18.08,3.66,992.2,10.3,170.0,27.170473,77.973274
UP-AGR,2022-02-19,17.2,25.0,11.3,66,90,0.0,0.0,11.4,321,18.74,3.72,993.3,10.3,170.0,27.170473,77.973274
UP-AGR,2022-02-20,17.4,25.5,11.9,60,83,0.0,0.0,21.3,288,18.33,4.12,989.0,9.0,170.0,27.170473,77.973274
UP-AGR,2022-02-21,16.9,24.8,10.1,58,87,0.0,0.0,10.0,246,19.62,3.79,988.7,7.5,170.0,27.170473,77.973274
UP-AGR,2022-02-22,19.3,27.4,12.2,55,76,0.0,0.0,20.9,122,19.16,4.99,990.5,9.5,170.0,27.170473,77.973274
UP-AGR,2022-02-23,19.6,25.7,15.1,63,92,0.0,0.0,18.4,95,18.53,4.06,993.5,12.0,170.0,27.170473,77.973274
UP-AGR,2022-02-24,19.0,26.8,13.7,72,95,0.0,0.0,10.2,18,16.69,3.33,995.2,13.0,170.0,27.170473,77.973274
UP-AGR,2022-02-25,19.9,27.0,13.7,62,87,0.0,0.0,13.4,103,19.04,3.93,995.9,11.5,170.0,27.170473,77.973274
UP-AGR,2022-02-26,20.0,27.2,15.1,62,79,0.1,0.1,18.1,87,18.68,4.45,995.9,12.1,170.0,27.170473,77.973274
UP-AGR,2022-02-27,18.6,24.8,13.3,64,79,0.0,0.0,14.8,7,19.53,4.17,997.1,11.5,170.0,27.170473,77.973274
UP-AGR,2022-02-28,17.0,23.5,11.9,64,82,0.0,0.0,11.6,314,20.6,4.04,996.5,9.4,170.0,27.170473,77.973274
UP-AGR,2022-03-01,17.4,25.1,10.2,66,92,0.0,0.0,10.8,328,20.13,3.96,996.6,10.1,170.0,27.170473,77.973274
UP-AGR,2022-03-02,18.8,27.0,12.2,65,90,0.0,0.0,10.9,354,20.26,4.19,996.2,11.2,170.0,27.170473,77.973274
UP-AGR,2022-03-03,20.6,28.1,14.5,59,78,0.0,0.0,10.8,88,20.02,4.22,995.0,11.7,170.0,27.170473,77.973274
UP-AGR,2022-03-04,20.0,26.9,14.0,65,89,0.0,0.0,16.1,325,20.38,4.47,995.5,12.7,170.0,27.170473,77.973274
UP-AGR,2022-03-05,19.3,26.3,13.7,66,91,0.0,0.0,14.6,305,20.91,4.34,994.6,12.1,170.0,27.170473,77.973274
UP-AGR,2022-03-06,19.5,26.5,12.1,66,92,0.0,0.0,9.6,284,19.04,3.8,993.7,12.3,170.0,27.170473,77.973274
UP-AGR,2022-03-07,20.5,28.0,14.8,63,81,0.0,0.0,11.3,79,18.14,3.86,994.6,12.6,170.0,27.170473,77.973274
UP-AGR,2022-03-08,21.0,29.2,13.9,66,89,0.0,0.0,9.3,306,19.61,4.16,993.9,13.8,170.0,27.170473,77.973274
UP-AGR,2022-03-09,22.7,30.8,14.8,57,88,0.0,0.0,11.3,311,20.37,4.82,992.8,12.4,170.0,27.170473,77.973274
UP-AGR,2022-03-10,22.9,30.1,17.6,51,67,0.8,0.8,17.7,322,19.51,4.91,993.0,11.7,170.0,27.170473,77.973274
UP-AGR,2022-03-11,22.9,30.2,16.6,53,80,0.0,0.0,15.3,315,21.48,5.34,993.0,12.0,170.0,27.170473,77.973274
UP-AGR,2022-03-12,22.5,30.5,15.1,52,77,0.0,0.0,14.3,299,22.04,5.25,991.9,11.2,170.0,27.170473,77.973274
UP-AGR,2022-03-13,24.1,32.8,15.3,54,78,0.0,0.0,11.2,285,21.45,5.1,991.4,13.2,170.0,27.170473,77.973274
UP-AGR,2022-03-14,25.7,33.1,17.2,58,91,0.0,0.0,10.2,346,21.56,4.87,990.8,15.9,170.0,27.170473,77.973274
UP-AGR,2022-03-15,26.5,34.8,18.0,61,94,0.0,0.0,12.3,304,21.61,5.15,988.2,17.4,170.0,27.170473,77.973274
UP-AGR,2022-03-16,27.3,36.7,20.2,55,86,0.0,0.0,23.0,304,22.06,6.4,986.0,15.9,170.0,27.170473,77.973274
UP-AGR,2022-03-17,27.3,34.9,19.6,58,82,0.0,0.0,14.1,335,21.96,5.6,986.6,17.6,170.0,27.170473,77.973274
UP-AGR,2022-03-18,28.1,34.8,22.0,59,84,0.0,0.0,9.4,88,21.71,5.19,987.7,18.4,170.0,27.170473,77.973274
UP-AGR,2022-03-19,28.0,35.7,20.4,55,85,0.0,0.0,9.4,113,21.92,5.26,986.0,17.3,170.0,27.170473,77.973274
UP-AGR,2022-03-20,29.0,38.3,21.3,39,76,0.0,0.0,16.8,231,22.45,6.65,984.6,11.0,170.0,27.170473,77.973274
UP-AGR,2022-03-21,28.5,36.6,21.7,28,46,0.0,0.0,15.5,300,21.42,7.09,986.5,7.6,170.0,27.170473,77.973274
UP-AGR,2022-03-22,28.2,36.1,21.7,36,58,0.0,0.0,17.4,315,23.05,7.05,987.8,10.3,170.0,27.170473,77.973274
UP-AGR,2022-03-23,28.3,36.3,19.3,36,62,0.0,0.0,14.1,267,22.28,5.9,987.7,10.6,170.0,27.170473,77.973274
UP-AGR,2022-03-24,28.9,36.8,21.6,30,47,0.0,0.0,18.1,267,22.35,7.19,985.7,8.4,170.0,27.170473,77.973274
UP-AGR,2022-03-25,27.9,35.8,20.8,32,60,0.0,0.0,18.4,322,22.48,6.85,986.9,8.5,170.0,27.170473,77.973274
UP-AGR,2022-03-26,27.7,36.4,20.1,26,43,0.0,0.0,26.1,302,23.53,7.78,989.1,5.4,170.0,27.170473,77.973274
UP-AGR,2022-03-27,29.1,37.9,20.4,26,43,0.0,0.0,17.7,272,23.61,7.02,989.0,6.3,170.0,27.170473,77.973274
UP-AGR,2022-03-28,29.2,38.8,19.1,25,41,0.0,0.0,15.1,271,23.9,6.89,987.9,5.4,170.0,27.170473,77.973274
UP-AGR,2022-03-29,29.9,39.7,20.4,23,33,0.0,0.0,13.5,275,23.89,7.04,985.9,5.8,170.0,27.170473,77.973274
UP-AGR,2022-03-30,29.8,39.6,21.9,24,37,0.0,0.0,13.0,287,23.72,7.37,985.9,6.4,170.0,27.170473,77.973274
UP-AGR,2022-03-31,31.1,40.0,22.0,26,49,0.0,0.0,13.8,231,23.68,7.03,986.3,8.0,170.0,27.170473,77.973274
UP-AGR,2022-04-01,29.1,37.1,23.0,29,51,0.0,0.0,18.3,314,24.2,7.83,987.1,6.9,170.0,27.170473,77.973274
UP-AGR,2022-04-02,28.8,38.0,19.5,24,39,0.0,0.0,9.7,253,24.31,6.56,988.8,4.8,170.0,27.170473,77.973274
UP-AGR,2022-04-03,29.9,40.3,20.4,19,41,0.0,0.0,15.6,240,24.61,7.8,987.9,1.0,170.0,27.170473,77.973274
UP-AGR,2022-04-04,29.7,40.3,20.8,15,25,0.0,0.0,25.4,287,24.72,8.81,987.7,-1.2,170.0,27.170473,77.973274
UP-AGR,2022-04-05,29.5,39.1,20.1,24,48,0.0,0.0,15.9,302,24.27,7.14,990.5,5.2,170.0,27.170473,77.973274
UP-AGR,2022-04-06,30.6,39.6,20.1,20,37,0.0,0.0,12.4,300,24.54,7.19,990.4,3.3,170.0,27.170473,77.973274
UP-AGR,2022-04-07,31.5,40.3,21.0,20,46,0.0,0.0,12.3,288,24.54,6.93,989.6,4.0,170.0,27.170473,77.973274
UP-AGR,2022-04-08,31.2,41.6,21.1,18,36,0.0,0.0,15.7,266,24.87,7.72,987.2,1.8,170.0,27.170473,77.973274
UP-AGR,2022-04-09,32.2,42.5,23.7,15,23,0.0,0.0,16.7,259,24.54,7.72,985.4,1.2,170.0,27.170473,77.973274
UP-AGR,2022-04-10,32.8,42.9,23.7,16,27,0.0,0.0,21.9,289,24.68,9.19,984.6,2.6,170.0,27.170473,77.973274
UP-AGR,2022-04-11,33.0,42.4,23.4,16,28,0.0,0.0,13.9,268,24.75,8.19,984.2,2.7,170.0,27.170473,77.973274
UP-AGR,2022-04-12,33.3,41.2,25.8,19,28,0.0,0.0,15.2,305,22.93,7.39,984.1,5.7,170.0,27.170473,77.973274
UP-AGR,2022-04-13,33.0,40.6,25.5,20,36,0.0,0.0,19.9,264,24.63,8.43,983.7,4.8,170.0,27.170473,77.973274
UP-AGR,2022-04-14,32.4,40.3,24.7,17,29,0.0,0.0,21.9,282,23.62,8.65,983.4,2.9,170.0,27.170473,77.973274
UP-AGR,2022-04-15,32.9,41.0,23.7,18,31,0.0,0.0,20.0,272,22.81,7.92,983.1,4.3,170.0,27.170473,77.973274
UP-AGR,2022-04-16,32.3,41.2,23.4,17,34,0.0,0.0,19.4,253,24.13,7.87,982.5,2.5,170.0,27.170473,77.973274
UP-AGR,2022-04-17,33.2,41.8,23.1,17,43,0.0,0.0,19.0,244,25.07,8.26,983.6,3.2,170.0,27.170473,77.973274
UP-AGR,2022-04-18,33.9,42.6,24.3,20,37,0.0,0.0,14.6,308,24.38,7.77,985.3,6.7,170.0,27.170473,77.973274
UP-AGR,2022-04-19,34.6,43.0,26.9,17,26,0.0,0.0,20.7,289,23.68,9.13,987.1,5.1,170.0,27.170473,77.973274
UP-AGR,2022-04-20,34.8,41.8,28.1,16,22,0.0,0.0,16.3,302,24.28,9.15,985.9,5.0,170.0,27.170473,77.973274
UP-AGR,2022-04-21,32.1,38.5,25.7,23,32,0.0,0.0,26.6,305,15.81,6.75,986.7,7.4,170.0,27.170473,77.973274
UP-AGR,2022-04-22,31.6,39.0,23.8,25,44,0.0,0.0,15.0,261,23.82,7.4,987.9,8.0,170.0,27.170473,77.973274
UP-AGR,2022-04-23,32.2,40.3,23.3,22,38,0.0,0.0,15.7,307,24.47,7.11,987.6,6.2,170.0,27.170473,77.973274
UP-AGR,2022-04-24,32.5,41.1,24.6,18,29,0.0,0.0,23.4,297,24.91,8.9,986.1,3.7,170.0,27.170473,77.973274
UP-AGR,2022-04-25,32.9,41.1,24.6,20,32,0.0,0.0,16.6,288,24.58,8.33,985.1,5.9,170.0,27.170473,77.973274
UP-AGR,2022-04-26,33.7,41.7,25.2,18,30,0.0,0.0,14.8,318,23.23,7.94,985.2,5.0,170.0,27.170473,77.973274
UP-AGR,2022-04-27,34.0,42.6,24.7,18,33,0.0,0.0,18.8,309,24.74,8.0,984.7,5.1,170.0,27.170473,77.973274
UP-AGR,2022-04-28,35.1,43.6,24.9,15,28,0.0,0.0,14.3,280,24.7,8.47,984.9,3.7,170.0,27.170473,77.973274
UP-AGR,2022-04-29,35.8,44.3,27.6,15,25,0.0,0.0,21.9,282,24.57,9.98,984.3,3.5,170.0,27.170473,77.973274
UP-AGR,2022-04-30,36.8,43.9,28.8,13,21,0.0,0.0,16.9,270,24.49,9.14,981.8,3.6,170.0,27.170473,77.973274
UP-AGR,2022-05-01,34.1,41.0,27.6,28,42,0.0,0.0,21.9,107,22.8,7.71,981.2,12.2,170.0,27.170473,77.973274
UP-AGR,2022-05-02,34.4,42.7,27.0,29,48,0.0,0.0,30.7,77,23.0,9.12,981.1,12.8,170.0,27.170473,77.973274
UP-AGR,2022-05-03,33.4,40.1,27.6,37,57,0.0,0.0,17.0,77,21.61,7.03,983.6,15.5,170.0,27.170473,77.973274
UP-AGR,2022-05-04,33.9,41.7,26.0,36,58,0.0,0.0,30.2,113,23.06,8.01,985.4,14.5,170.0,27.170473,77.973274
UP-AGR,2022-05-05,32.2,38.9,25.5,39,65,0.0,0.0,14.0,337,22.6,6.67,986.1,15.2,170.0,27.170473,77.973274
UP-AGR,2022-05-06,33.0,39.7,26.2,34,59,0.0,0.0,13.5,247,22.08,6.87,986.0,14.1,170.0,27.170473,77.973274
UP-AGR,2022-05-07,33.9,41.3,26.9,25,39,0.0,0.0,22.1,328,22.95,8.26,985.4,9.6,170.0,27.170473,77.973274
UP-AGR,2022-05-08,34.3,42.0,26.9,31,51,0.0,0.0,22.6,87,22.95,7.5,983.6,12.9,170.0,27.170473,77.973274
UP-AGR,2022-05-09,34.4,41.0,28.0,39,63,0.0,0.0,18.8,95,22.06,7.57,983.4,17.3,170.0,27.170473,77.973274
UP-AGR,2022-05-10,34.2,39.7,29.0,42,57,0.0,0.0,14.3,89,22.32,6.93,983.5,18.8,170.0,27.170473,77.973274
UP-AGR,2022-05-11,35.3,41.7,28.9,40,61,0.0,0.0,17.7,73,22.04,7.33,981.8,18.6,170.0,27.170473,77.973274
UP-AGR,2022-05-12,36.0,43.2,29.9,35,59,0.0,0.0,15.3,113,21.28,7.48,980.6,16.2,170.0,27.170473,77.973274
UP-AGR,2022-05-13,36.3,45.3,29.0,32,65,0.0,0.0,24.7,30,23.59,8.83,977.7,13.2,170.0,27.170473,77.973274
UP-AGR,2022-05-14,37.0,45.3,27.9,23,49,0.0,0.0,18.5,336,23.37,8.31,978.0,9.5,170.0,27.170473,77.973274
UP-AGR,2022-05-15,38.3,46.6,28.8,14,24,0.0,0.0,27.2,248,23.5,9.85,979.4,5.2,170.0,27.170473,77.973274
UP-AGR,2022-05-16,38.6,44.3,31.3,14,22,0.0,0.0,26.4,263,21.72,10.95,979.7,5.6,170.0,27.170473,77.973274
UP-AGR,2022-05-17,35.3,42.6,28.1,17,38,0.0,0.0,21.4,287,21.99,8.3,980.2,6.1,170.0,27.170473,77.973274
UP-AGR,2022-05-18,35.1,43.0,27.6,29,53,0.0,0.0,22.2,107,20.99,7.13,981.8,12.1,170.0,27.170473,77.973274
UP-AGR,2022-05-19,36.1,44.8,28.4,26,50,0.0,0.0,20.0,322,23.58,8.07,981.7,11.2,170.0,27.170473,77.973274
UP-AGR,2022-05-20,37.5,45.8,28.5,17,27,0.0,0.0,23.5,259,22.24,9.04,978.9,6.9,170.0,27.170473,77.973274
UP-AGR,2022-05-21,36.8,43.6,30.2,19,31,0.0,0.0,20.4,253,21.16,8.7,976.9,8.4,170.0,27.170473,77.973274
UP-AGR,2022-05-22,34.6,40.8,28.1,28,40,0.0,0.0,19.5,180,22.04,7.22,975.9,12.5,170.0,27.170473,77.973274
UP-AGR,2022-05-23,30.1,34.3,24.9,47,71,2.4,2.4,22.8,100,18.07,6.53,978.7,17.3,170.0,27.170473,77.973274
UP-AGR,2022-05-24,28.8,34.0,22.1,59,89,5.9,5.9,17.1,114,22.45,5.76,984.0,19.6,170.0,27.170473,77.973274
UP-AGR,2022-05-25,30.1,35.6,24.9,54,80,0.2,0.2,12.6,72,21.76,5.7,984.9,19.1,170.0,27.170473,77.973274
UP-AGR,2022-05-26,31.5,37.9,24.9,48,72,0.0,0.0,14.0,346,23.08,6.55,983.1,18.1,170.0,27.170473,77.973274
UP-AGR,2022-05-27,31.8,38.6,26.6,49,64,0.0,0.0,24.1,302,19.67,6.08,980.8,19.0,170.0,27.170473,77.973274
UP-AGR,2022-05-28,33.7,40.0,27.4,42,59,0.0,0.0,18.0,248,21.7,7.41,979.0,18.4,170.0,27.170473,77.973274
UP-AGR,2022-05-29,35.3,42.3,30.8,38,54,0.0,0.0,21.3,284,21.98,8.53,979.0,18.1,170.0,27.170473,77.973274
UP-AGR,2022-05-30,33.9,40.9,27.1,41,66,0.0,0.0,17.6,307,22.34,6.97,980.1,17.4,170.0,27.170473,77.973274
UP-AGR,2022-05-31,34.5,41.7,29.0,31,52,0.0,0.0,23.3,299,23.99,8.92,979.9,13.4,170.0,27.170473,77.973274
UP-AGR,2022-06-01,34.6,42.3,26.0,32,56,0.0,0.0,16.8,307,23.79,8.04,980.8,13.5,170.0,27.170473,77.973274
UP-AGR,2022-06-02,35.5,43.4,29.9,27,37,0.0,0.0,18.4,311,21.18,7.96,980.3,12.3,170.0,27.170473,77.973274
UP-AGR,2022-06-03,35.7,43.0,27.9,25,42,0.0,0.0,12.1,279,18.79,6.93,979.4,11.2,170.0,27.170473,77.973274
UP-AGR,2022-06-04,36.4,44.5,27.6,21,41,0.0,0.0,16.4,297,20.75,7.94,979.7,8.5,170.0,27.170473,77.973274
UP-AGR,2022-06-05,36.6,44.5,28.8,18,31,0.0,0.0,18.1,285,21.96,8.9,980.3,7.5,170.0,27.170473,77.973274
UP-AGR,2022-06-06,36.4,43.0,28.7,17,23,0.0,0.0,21.0,266,21.74,8.47,979.8,6.7,170.0,27.170473,77.973274
UP-AGR,2022-06-07,37.4,44.1,30.4,21,34,0.0,0.0,20.8,280,20.15,9.61,979.0,10.4,170.0,27.170473,77.973274
UP-AGR,2022-06-08,37.7,44.3,32.3,16,22,0.0,0.0,24.8,270,21.81,11.11,979.1,7.3,170.0,27.170473,77.973274
UP-AGR,2022-06-09,37.1,43.2,30.7,21,31,0.0,0.0,24.7,254,19.03,9.03,978.2,10.6,170.0,27.170473,77.973274
UP-AGR,2022-06-10,37.3,43.5,30.8,21,31,0.0,0.0,18.6,278,20.9,8.75,978.7,10.9,170.0,27.170473,77.973274
UP-AGR,2022-06-11,38.2,44.5,31.8,17,26,0.0,0.0,23.0,296,21.61,10.18,978.9,8.6,170.0,27.170473,77.973274
UP-AGR,2022-06-12,37.7,44.2,30.1,20,27,0.0,0.0,17.2,280,22.13,9.21,980.1,10.3,170.0,27.170473,77.973274
UP-AGR,2022-06-13,38.3,43.6,33.6,27,40,0.0,0.0,24.7,283,20.7,10.21,981.7,15.3,170.0,27.170473,77.973274
UP-AGR,2022-06-14,36.9,42.6,33.1,34,43,0.0,0.0,21.2,283,22.44,9.72,981.6,17.9,170.0,27.170473,77.973274
UP-AGR,2022-06-15,35.8,40.5,32.0,38,52,0.0,0.0,22.7,268,15.23,7.61,980.4,18.9,170.0,27.170473,77.973274
UP-AGR,2022-06-16,33.6,38.7,30.3,48,64,1.0,1.0,19.9,244,19.46,6.71,981.1,20.8,170.0,27.170473,77.973274
UP-AGR,2022-06-17,31.7,38.7,28.2,58,76,0.6,0.6,25.6,290,21.52,6.25,981.7,21.8,170.0,27.170473,77.973274
UP-AGR,2022-06-18,29.8,33.5,28.3,68,77,13.8,13.8,14.5,243,13.35,3.83,982.4,23.2,170.0,27.170473,77.973274
UP-AGR,2022-06-19,29.3,33.1,26.3,69,90,5.2,5.2,20.2,266,18.18,4.77,981.9,22.9,170.0,27.170473,77.973274
UP-AGR,2022-06-20,29.3,33.8,24.7,69,94,0.0,0.0,13.3,273,17.42,4.71,980.1,22.4,170.0,27.170473,77.973274
UP-AGR,2022-06-21,30.8,35.0,25.6,61,85,0.0,0.0,12.9,253,21.38,5.26,979.3,21.9,170.0,27.170473,77.973274
UP-AGR,2022-06-22,32.7,38.1,27.6,51,73,0.0,0.0,11.4,66,22.09,6.07,982.9,20.6,170.0,27.170473,77.973274
UP-AGR,2022-06-23,33.6,39.1,28.9,42,63,0.0,0.0,19.2,332,23.23,7.87,984.1,18.0,170.0,27.170473,77.973274
UP-AGR,2022-06-24,33.2,39.4,26.6,37,67,0.0,0.0,16.1,333,24.76,8.14,981.9,15.1,170.0,27.170473,77.973274
UP-AGR,2022-06-25,34.2,40.9,26.4,33,58,0.0,0.0,15.3,357,24.33,7.39,979.4,14.4,170.0,27.170473,77.973274
UP-AGR,2022-06-26,35.2,40.0,30.0,48,67,1.1,1.1,19.9,99,22.5,7.8,980.2,21.9,170.0,27.170473,77.973274
UP-AGR,2022-06-27,35.1,39.1,30.2,50,67,0.1,0.1,17.6,102,20.41,6.94,981.2,22.9,170.0,27.170473,77.973274
UP-AGR,2022-06-28,35.4,42.1,28.0,52,87,2.8,2.8,17.8,110,21.34,6.46,978.9,23.2,170.0,27.170473,77.973274
UP-AGR,2022-06-29,34.7,42.1,30.8,54,71,0.1,0.1,21.8,228,19.26,7.07,976.9,23.2,170.0,27.170473,77.973274
UP-AGR,2022-06-30,28.7,33.3,26.0,79,93,10.6,10.6,15.9,259,11.3,2.97,979.4,24.5,170.0,27.170473,77.973274
UP-AGR,2022-07-01,28.3,32.9,24.8,80,96,14.9,14.9,18.3,211,15.28,3.46,979.8,24.3,170.0,27.170473,77.973274
UP-AGR,2022-07-02,30.0,34.7,26.7,75,94,7.0,7.0,10.1,162,20.29,4.77,978.6,24.7,170.0,27.170473,77.973274
UP-AGR,2022-07-03,29.7,34.6,26.0,80,96,11.7,11.7,9.8,126,19.1,4.4,979.5,25.6,170.0,27.170473,77.973274
UP-AGR,2022-07-04,31.0,34.9,26.2,76,96,1.9,1.9,14.5,143,21.91,5.04,978.9,25.8,170.0,27.170473,77.973274
UP-AGR,2022-07-05,32.4,36.6,28.0,68,89,2.0,2.0,15.5,88,21.35,5.79,978.4,25.3,170.0,27.170473,77.973274
UP-AGR,2022-07-06,32.0,35.5,29.8,69,75,1.8,1.8,22.5,97,16.04,4.65,981.3,25.4,170.0,27.170473,77.973274
UP-AGR,2022-07-07,32.8,36.4,29.7,62,82,0.5,0.5,19.1,90,22.92,6.6,982.7,24.3,170.0,27.170473,77.973274
UP-AGR,2022-07-08,33.5,37.3,28.9,58,79,0.0,0.0,15.5,103,22.9,6.44,980.4,23.9,170.0,27.170473,77.973274
UP-AGR,2022-07-09,31.4,36.9,26.5,70,94,6.7,6.7,21.6,105,18.11,5.03,979.1,24.8,170.0,27.170473,77.973274
UP-AGR,2022-07-10,30.6,35.2,26.7,73,92,16.3,16.3,11.6,108,21.82,4.97,980.1,25.0,170.0,27.170473,77.973274
UP-AGR,2022-07-11,32.5,36.6,28.4,63,82,0.3,0.3,12.0,27,21.23,5.27,980.6,24.2,170.0,27.170473,77.973274
UP-AGR,2022-07-12,32.6,36.6,28.7,62,76,0.7,0.7,16.2,81,20.17,5.25,980.0,24.2,170.0,27.170473,77.973274
UP-AGR,2022-07-13,33.2,37.4,27.6,59,86,0.2,0.2,14.2,84,22.31,6.24,977.8,23.8,170.0,27.170473,77.973274
UP-AGR,2022-07-14,33.6,37.2,30.3,55,64,2.9,2.9,22.7,83,20.19,7.09,977.3,23.0,170.0,27.170473,77.973274
UP-AGR,2022-07-15,33.6,38.4,28.8,54,73,0.5,0.5,23.0,97,21.95,7.93,979.0,22.6,170.0,27.170473,77.973274
UP-AGR,2022-07-16,29.4,33.7,26.2,79,94,19.7,19.7,17.1,100,17.49,4.34,980.7,25.0,170.0,27.170473,77.973274
UP-AGR,2022-07-17,30.0,35.4,25.8,79,95,10.0,10.0,11.4,88,19.72,4.57,982.2,25.7,170.0,27.170473,77.973274
UP-AGR,2022-07-18,32.2,36.0,27.8,68,90,1.1,1.1,14.1,68,22.24,5.85,980.9,25.3,170.0,27.170473,77.973274
UP-AGR,2022-07-19,32.7,36.9,29.4,65,83,0.7,0.7,10.6,98,22.93,5.65,979.9,25.0,170.0,27.170473,77.973274
UP-AGR,2022-07-20,30.1,35.2,27.2,80,93,24.9,24.9,18.1,277,18.4,4.49,980.4,26.0,170.0,27.170473,77.973274
UP-AGR,2022-07-21,28.5,32.2,25.9,83,95,6.7,6.7,11.6,299,15.61,3.54,982.6,25.1,170.0,27.170473,77.973274
UP-AGR,2022-07-22,27.1,31.1,25.3,89,96,22.2,22.2,13.8,31,11.07,2.43,983.6,25.0,170.0,27.170473,77.973274
UP-AGR,2022-07-23,27.8,31.7,25.0,86,96,14.2,14.2,18.8,102,15.18,3.46,982.0,25.0,170.0,27.170473,77.973274
UP-AGR,2022-07-24,28.9,33.2,25.7,81,95,4.8,4.8,21.7,104,19.52,4.66,981.6,25.0,170.0,27.170473,77.973274
UP-AGR,2022-07-25,27.4,32.1,25.6,86,93,9.1,9.1,19.5,99,15.87,3.52,984.1,24.8,170.0,27.170473,77.973274
UP-AGR,2022-07-26,28.3,32.1,25.2,81,94,1.1,1.1,20.1,122,18.93,4.33,985.2,24.5,170.0,27.170473,77.973274
UP-AGR,2022-07-27,27.9,32.0,25.1,84,97,11.2,11.2,13.2,136,16.21,3.63,985.4,24.7,170.0,27.170473,77.973274
UP-AGR,2022-07-28,27.0,30.1,24.6,88,97,23.7,23.7,12.7,252,12.98,2.8,986.6,24.8,170.0,27.170473,77.973274
UP-AGR,2022-07-29,27.6,31.2,25.6,86,97,5.1,5.1,15.9,272,14.2,3.14,985.9,24.9,170.0,27.170473,77.973274
UP-AGR,2022-07-30,28.3,32.5,25.6,82,96,1.3,1.3,11.4,259,15.89,3.6,984.0,24.7,170.0,27.170473,77.973274
UP-AGR,2022-07-31,29.6,33.4,26.4,70,83,0.0,0.0,15.7,252,23.01,5.71,981.8,23.4,170.0,27.170473,77.973274
UP-AGR,2022-08-01,29.1,32.6,25.9,76,92,3.6,3.6,15.5,263,19.83,4.72,981.9,24.4,170.0,27.170473,77.973274
UP-AGR,2022-08-02,29.0,33.0,25.6,80,92,1.1,1.1,14.1,270,20.16,4.56,981.6,25.1,170.0,27.170473,77.973274
UP-AGR,2022-08-03,28.6,31.9,26.7,86,97,7.0,7.0,12.0,53,12.51,2.79,982.7,25.8,170.0,27.170473,77.973274
UP-AGR,2022-08-04,28.4,30.8,26.3,85,97,12.6,12.6,9.4,76,14.33,3.14,982.9,25.5,170.0,27.170473,77.973274
UP-AGR,2022-08-05,27.9,30.4,25.4,86,97,7.5,7.5,11.4,98,13.58,2.92,981.6,25.3,170.0,27.170473,77.973274
UP-AGR,2022-08-06,29.3,32.6,26.0,82,97,1.6,1.6,6.8,81,17.71,3.87,979.7,25.8,170.0,27.170473,77.973274
UP-AGR,2022-08-07,28.4,32.1,26.6,85,96,6.9,6.9,14.8,77,15.13,3.38,979.8,25.5,170.0,27.170473,77.973274
UP-AGR,2022-08-08,28.9,32.5,25.2,83,95,7.5,7.5,15.2,50,19.95,4.36,979.2,25.6,170.0,27.170473,77.973274
UP-AGR,2022-08-09,30.4,34.2,27.5,77,90,1.5,1.5,15.1,71,21.56,5.18,978.6,25.7,170.0,27.170473,77.973274
UP-AGR,2022-08-10,30.9,34.4,28.5,69,83,0.0,0.0,25.1,79,22.13,6.25,977.0,24.4,170.0,27.170473,77.973274
UP-AGR,2022-08-11,29.6,32.2,28.1,70,76,0.4,0.4,30.7,84,14.26,4.76,978.6,23.5,170.0,27.170473,77.973274
UP-AGR,2022-08-12,28.3,31.1,26.5,80,88,6.7,6.7,22.1,85,16.89,4.06,979.1,24.4,170.0,27.170473,77.973274
UP-AGR,2022-08-13,28.5,32.5,25.5,83,96,1.5,1.5,9.0,186,21.09,4.47,979.8,25.2,170.0,27.170473,77.973274
UP-AGR,2022-08-14,27.5,30.9,26.3,88,94,11.5,11.5,13.7,337,12.42,2.72,982.1,25.3,170.0,27.170473,77.973274
UP-AGR,2022-08-15,28.0,31.4,26.0,81,97,5.3,5.3,26.7,68,17.78,4.31,982.2,24.2,170.0,27.170473,77.973274
UP-AGR,2022-08-16,27.1,29.3,25.3,81,92,9.4,9.4,34.1,104,10.12,3.11,980.9,23.5,170.0,27.170473,77.973274
UP-AGR,2022-08-17,28.2,31.7,25.1,75,86,0.7,0.7,17.9,158,19.75,4.65,983.5,23.3,170.0,27.170473,77.973274
UP-AGR,2022-08-18,28.7,32.3,25.8,75,88,0.2,0.2,18.2,245,19.25,4.67,983.0,23.7,170.0,27.170473,77.973274
UP-AGR,2022-08-19,29.3,33.1,26.2,74,86,0.6,0.6,15.5,272,21.79,5.21,982.7,24.1,170.0,27.170473,77.973274
UP-AGR,2022-08-20,27.3,30.6,25.4,87,96,15.9,15.9,13.8,324,9.82,2.34,983.5,24.8,170.0,27.170473,77.973274
UP-AGR,2022-08-21,28.6,33.2,26.0,81,95,8.8,8.8,18.5,14,19.57,4.52,981.3,24.8,170.0,27.170473,77.973274
UP-AGR,2022-08-22,28.2,32.3,24.7,81,98,31.0,31.0,22.1,64,16.72,4.2,978.7,24.5,170.0,27.170473,77.973274
UP-AGR,2022-08-23,28.3,31.7,25.6,73,83,0.1,0.1,27.2,116,17.67,4.84,980.8,22.9,170.0,27.170473,77.973274
UP-AGR,2022-08-24,28.5,32.1,25.2,75,91,0.0,0.0,10.6,148,21.23,4.79,985.5,23.3,170.0,27.170473,77.973274
UP-AGR,2022-08-25,28.1,31.7,25.2,77,97,0.4,0.4,10.7,243,20.08,4.46,985.1,23.6,170.0,27.170473,77.973274
UP-AGR,2022-08-26,28.0,32.5,25.4,79,90,3.0,3.0,13.7,277,16.71,3.97,984.4,24.0,170.0,27.170473,77.973274
UP-AGR,2022-08-27,29.5,33.1,26.6,70,82,0.1,0.1,18.2,289,22.06,5.66,983.7,23.3,170.0,27.170473,77.973274
UP-AGR,2022-08-28,29.5,33.2,26.6,68,77,0.1,0.1,16.2,274,21.83,5.54,984.4,22.7,170.0,27.170473,77.973274
UP-AGR,2022-08-29,29.3,33.1,25.7,69,86,0.0,0.0,11.6,266,20.71,4.87,987.8,22.7,170.0,27.170473,77.973274
UP-AGR,2022-08-30,29.6,33.6,26.3,76,91,3.4,3.4,8.7,277,21.99,4.94,988.3,24.5,170.0,27.170473,77.973274
UP-AGR,2022-08-31,29.9,33.8,26.6,76,90,1.3,1.3,12.2,261,20.9,4.84,985.9,25.1,170.0,27.170473,77.973274
UP-AGR,2022-09-01,30.2,34.6,27.4,74,87,0.3,0.3,10.4,270,18.55,4.52,985.8,25.0,170.0,27.170473,77.973274
UP-AGR,2022-09-02,29.5,33.4,26.2,77,93,0.8,0.8,9.9,245,16.72,4.05,987.1,24.9,170.0,27.170473,77.973274
UP-AGR,2022-09-03,30.4,34.9,26.9,68,85,0.1,0.1,17.4,265,21.99,5.86,984.7,23.4,170.0,27.170473,77.973274
UP-AGR,2022-09-04,30.2,34.6,26.5,66,80,0.0,0.0,15.0,257,22.58,5.97,983.7,22.8,170.0,27.170473,77.973274
UP-AGR,2022-09-05,29.6,33.8,25.9,65,78,0.0,0.0,13.1,267,22.91,5.71,985.1,22.0,170.0,27.170473,77.973274
UP-AGR,2022-09-06,29.8,34.7,25.7,66,82,0.0,0.0,11.2,289,22.0,5.3,986.0,22.4,170.0,27.170473,77.973274
UP-AGR,2022-09-07,30.5,35.1,25.6,64,82,0.0,0.0,7.2,340,21.4,5.09,987.4,22.6,170.0,27.170473,77.973274
UP-AGR,2022-09-08,30.7,35.4,26.2,66,86,0.0,0.0,11.0,75,21.93,5.44,988.1,23.0,170.0,27.170473,77.973274
UP-AGR,2022-09-09,30.1,33.0,27.0,75,89,0.8,0.8,10.2,94,16.75,4.06,987.7,24.9,170.0,27.170473,77.973274
UP-AGR,2022-09-10,29.5,33.5,26.6,78,93,2.3,2.3,13.2,73,19.3,4.34,986.8,25.0,170.0,27.170473,77.973274
UP-AGR,2022-09-11,30.2,34.4,26.6,71,88,0.0,0.0,14.0,74,20.19,5.11,984.3,24.0,170.0,27.170473,77.973274
UP-AGR,2022-09-12,29.7,33.5,27.0,69,82,0.7,0.7,18.7,73,17.11,4.87,982.5,23.4,170.0,27.170473,77.973274
UP-AGR,2022-09-13,28.0,30.8,25.7,75,89,8.3,8.3,23.8,70,15.4,4.23,982.8,23.2,170.0,27.170473,77.973274
UP-AGR,2022-09-14,26.7,28.7,25.4,84,93,3.9,3.9,25.6,64,9.17,2.66,982.7,23.6,170.0,27.170473,77.973274
UP-AGR,2022-09-15,26.4,30.0,24.5,87,96,13.2,13.2,19.1,37,13.79,3.06,981.2,24.0,170.0,27.170473,77.973274
UP-AGR,2022-09-16,27.0,31.7,24.5,83,96,1.3,1.3,18.9,334,18.47,4.12,979.8,23.5,170.0,27.170473,77.973274
UP-AGR,2022-09-17,27.4,33.1,23.8,82,98,1.8,1.8,16.5,288,18.43,4.18,982.9,23.7,170.0,27.170473,77.973274
UP-AGR,2022-09-18,28.2,32.9,23.6,76,94,0.1,0.1,16.4,336,19.78,4.62,985.5,23.3,170.0,27.170473,77.973274
UP-AGR,2022-09-19,27.3,31.6,24.3,82,97,1.4,1.4,13.3,12,17.98,3.8,985.8,23.7,170.0,27.170473,77.973274
UP-AGR,2022-09-20,27.3,32.8,24.0,84,98,2.1,2.1,11.0,43,17.08,3.64,985.5,24.3,170.0,27.170473,77.973274
UP-AGR,2022-09-21,26.2,29.1,24.4,90,99,22.9,22.9,18.5,32,10.72,2.31,985.1,24.4,170.0,27.170473,77.973274
UP-AGR,2022-09-22,25.1,27.9,24.1,94,97,58.6,58.6,14.7,68,5.97,1.34,983.6,24.0,170.0,27.170473,77.973274
UP-AGR,2022-09-23,25.5,30.0,23.6,91,98,28.2,28.2,17.2,91,8.27,1.91,983.1,23.8,170.0,27.170473,77.973274
UP-AGR,2022-09-24,25.7,28.2,24.5,90,96,27.5,27.5,17.5,150,9.56,2.06,982.6,24.0,170.0,27.170473,77.973274
UP-AGR,2022-09-25,27.5,32.2,24.4,78,93,0.4,0.4,11.5,255,20.01,4.47,985.7,23.0,170.0,27.170473,77.973274
UP-AGR,2022-09-26,27.2,30.9,23.4,81,95,0.7,0.7,16.8,313,17.31,3.85,988.7,23.4,170.0,27.170473,77.973274
UP-AGR,2022-09-27,27.4,31.8,23.8,78,96,0.0,0.0,12.3,305,19.83,4.36,987.5,22.9,170.0,27.170473,77.973274
UP-AGR,2022-09-28,27.4,32.8,23.1,72,91,0.3,0.3,12.8,276,19.47,4.55,986.5,21.5,170.0,27.170473,77.973274
UP-AGR,2022-09-29,27.4,33.0,22.9,72,87,0.0,0.0,14.3,305,20.02,4.66,986.4,21.5,170.0,27.170473,77.973274
UP-AGR,2022-09-30,27.6,32.5,23.3,74,92,0.0,0.0,14.7,325,18.78,4.36,986.7,22.1,170.0,27.170473,77.973274
UP-AGR,2022-10-01,27.9,32.8,23.6,74,92,0.6,0.6,12.7,312,18.18,4.23,985.9,22.5,170.0,27.170473,77.973274
UP-AGR,2022-10-02,27.8,32.7,23.4,71,94,0.4,0.4,13.9,306,17.08,4.19,986.2,21.7,170.0,27.170473,77.973274
UP-AGR,2022-10-03,27.7,33.5,22.8,63,76,0.0,0.0,21.0,308,20.01,5.31,987.1,19.5,170.0,27.170473,77.973274
UP-AGR,2022-10-04,27.2,31.9,24.5,73,89,2.5,2.5,12.3,4,14.88,3.7,988.3,21.9,170.0,27.170473,77.973274
UP-AGR,2022-10-05,27.1,31.4,24.7,82,94,1.3,1.3,13.4,49,14.95,3.4,987.8,23.7,170.0,27.170473,77.973274
UP-AGR,2022-10-06,26.0,29.6,23.9,81,96,0.2,0.2,14.5,53,13.73,3.18,988.2,22.3,170.0,27.170473,77.973274
UP-AGR,2022-10-07,24.9,28.6,23.0,89,98,3.7,3.7,12.7,82,11.83,2.49,989.2,22.8,170.0,27.170473,77.973274
UP-AGR,2022-10-08,24.5,28.1,23.1,92,98,57.1,57.1,15.3,95,7.6,1.67,989.6,23.0,170.0,27.170473,77.973274
UP-AGR,2022-10-09,24.7,29.6,22.8,91,98,41.9,41.9,14.5,151,8.54,1.85,989.4,23.1,170.0,27.170473,77.973274
UP-AGR,2022-10-10,25.2,29.1,22.8,88,98,7.0,7.0,13.1,186,11.99,2.52,990.6,22.9,170.0,27.170473,77.973274
UP-AGR,2022-10-11,24.9,28.9,21.8,86,99,0.8,0.8,8.1,89,14.14,2.94,989.9,22.2,170.0,27.170473,77.973274
UP-AGR,2022-10-12,24.6,28.9,21.3,84,100,0.4,0.4,11.3,338,17.35,3.55,991.0,21.4,170.0,27.170473,77.973274
UP-AGR,2022-10-13,24.1,29.6,19.7,77,96,0.0,0.0,11.2,302,18.32,3.87,992.3,19.5,170.0,27.170473,77.973274
UP-AGR,2022-10-14,24.2,29.8,20.0,73,88,0.0,0.0,12.0,311,18.39,4.01,992.1,18.7,170.0,27.170473,77.973274
UP-AGR,2022-10-15,24.3,29.6,19.3,71,90,0.0,0.0,8.9,308,18.55,3.95,991.5,18.4,170.0,27.170473,77.973274
UP-AGR,2022-10-16,24.5,29.7,19.4,74,92,0.0,0.0,7.7,305,17.24,3.64,993.6,19.1,170.0,27.170473,77.973274
UP-AGR,2022-10-17,24.4,30.3,19.2,72,94,0.0,0.0,8.3,266,18.18,3.93,993.9,18.4,170.0,27.170473,77.973274
UP-AGR,2022-10-18,24.3,30.3,19.2,64,83,0.0,0.0,9.3,259,18.32,4.05,992.5,16.6,170.0,27.170473,77.973274
UP-AGR,2022-10-19,24.0,30.8,18.3,65,88,0.0,0.0,9.4,222,18.06,3.98,992.3,16.4,170.0,27.170473,77.973274
UP-AGR,2022-10-20,24.9,30.4,20.0,61,76,0.0,0.0,9.8,200,17.11,3.83,993.8,16.5,170.0,27.170473,77.973274
UP-AGR,2022-10-21,24.8,31.3,18.2,60,80,0.0,0.0,10.8,253,17.72,4.17,995.7,15.9,170.0,27.170473,77.973274
UP-AGR,2022-10-22,23.6,30.2,18.7,62,78,0.0,0.0,10.5,309,17.64,4.22,996.6,15.6,170.0,27.170473,77.973274
UP-AGR,2022-10-23,22.6,29.3,17.1,68,93,0.0,0.0,10.0,319,17.77,3.88,995.4,15.8,170.0,27.170473,77.973274
UP-AGR,2022-10-24,22.5,29.5,17.2,67,90,0.0,0.0,13.4,313,17.73,4.07,991.0,15.4,170.0,27.170473,77.973274
UP-AGR,2022-10-25,22.6,29.5,17.0,61,83,0.0,0.0,16.9,293,17.77,4.37,989.7,14.0,170.0,27.170473,77.973274
UP-AGR,2022-10-26,23.3,30.2,16.8,68,91,0.0,0.0,8.4,289,17.22,3.73,993.0,16.6,170.0,27.170473,77.973274
UP-AGR,2022-10-27,23.7,30.3,17.5,71,94,0.0,0.0,9.9,322,16.99,3.65,993.2,17.5,170.0,27.170473,77.973274
UP-AGR,2022-10-28,24.3,30.8,19.7,70,91,0.0,0.0,8.7,27,16.74,3.56,993.1,17.9,170.0,27.170473,77.973274
UP-AGR,2022-10-29,23.8,30.3,18.5,67,90,0.0,0.0,9.3,54,16.82,3.69,993.9,16.6,170.0,27.170473,77.973274
UP-AGR,2022-10-30,22.8,29.2,16.5,69,93,0.0,0.0,10.5,323,16.63,3.6,994.5,16.3,170.0,27.170473,77.973274
UP-AGR,2022-10-31,23.2,29.3,16.1,68,94,0.0,0.0,8.3,254,16.43,3.39,994.4,16.4,170.0,27.170473,77.973274
UP-AGR,2022-11-01,23.5,30.0,16.8,68,94,0.0,0.0,8.2,252,16.14,3.36,994.7,16.6,170.0,27.170473,77.973274
UP-AGR,2022-11-02,23.4,30.4,18.5,69,88,0.0,0.0,12.4,282,16.33,3.8,992.9,16.8,170.0,27.170473,77.973274
UP-AGR,2022-11-03,24.0,30.5,18.1,69,93,0.0,0.0,11.1,285,16.0,3.56,992.2,17.3,170.0,27.170473,77.973274
UP-AGR,2022-11-04,24.5,31.3,17.9,72,94,0.0,0.0,8.4,186,15.67,3.35,993.4,18.6,170.0,27.170473,77.973274
UP-AGR,2022-11-05,24.5,30.6,19.8,77,94,0.0,0.0,11.0,111,15.41,3.37,995.3,19.8,170.0,27.170473,77.973274
UP-AGR,2022-11-06,24.2,30.2,18.9,77,97,0.0,0.0,7.6,147,14.49,3.06,995.8,19.6,170.0,27.170473,77.973274
UP-AGR,2022-11-07,24.2,31.0,19.0,72,97,1.4,1.4,13.1,205,15.17,3.31,994.8,18.2,170.0,27.170473,77.973274
UP-AGR,2022-11-08,23.0,29.8,17.6,70,92,0.0,0.0,16.2,2,14.62,3.15,995.2,16.9,170.0,27.170473,77.973274
UP-AGR,2022-11-09,22.8,28.3,17.6,71,91,0.3,0.3,8.0,50,14.09,2.97,995.7,16.8,170.0,27.170473,77.973274
UP-AGR,2022-11-10,21.6,27.6,18.2,79,96,1.6,1.6,30.0,316,12.89,2.52,996.6,17.7,170.0,27.170473,77.973274
UP-AGR,2022-11-11,21.5,28.1,16.8,65,93,0.0,0.0,16.3,314,15.25,3.69,996.9,13.7,170.0,27.170473,77.973274
UP-AGR,2022-11-12,20.8,27.1,16.3,59,73,0.0,0.0,19.1,305,15.1,3.85,996.6,12.0,170.0,27.170473,77.973274
UP-AGR,2022-11-13,20.7,27.4,14.9,63,82,0.0,0.0,13.5,290,14.95,3.4,995.3,13.0,170.0,27.170473,77.973274
UP-AGR,2022-11-14,21.4,28.0,14.4,65,91,0.0,0.0,9.5,234,14.7,3.18,995.6,13.8,170.0,27.170473,77.973274
UP-AGR,2022-11-15,20.9,27.5,14.7,67,86,0.0,0.0,9.4,351,14.59,3.07,995.3,14.0,170.0,27.170473,77.973274
UP-AGR,2022-11-16,20.5,26.4,15.3,64,91,0.0,0.0,12.7,312,13.82,3.28,994.2,13.0,170.0,27.170473,77.973274
UP-AGR,2022-11-17,18.8,25.1,14.1,57,76,0.0,0.0,17.4,303,14.84,3.62,994.7,9.5,170.0,27.170473,77.973274
UP-AGR,2022-11-18,17.8,24.8,12.6,59,77,0.0,0.0,11.2,315,14.9,3.34,995.8,9.0,170.0,27.170473,77.973274
UP-AGR,2022-11-19,17.9,24.9,11.4,63,85,0.0,0.0,10.4,324,14.69,3.14,996.0,10.1,170.0,27.170473,77.973274
UP-AGR,2022-11-20,18.2,25.3,12.8,67,89,0.0,0.0,8.9,319,14.45,3.01,994.5,11.4,170.0,27.170473,77.973274
UP-AGR,2022-11-21,18.6,25.9,13.0,64,83,0.0,0.0,10.5,301,14.57,3.2,993.7,11.1,170.0,27.170473,77.973274
UP-AGR,2022-11-22,18.1,25.6,12.4,61,81,0.0,0.0,13.8,299,14.55,3.34,994.0,9.7,170.0,27.170473,77.973274
UP-AGR,2022-11-23,17.4,25.4,12.0,59,85,0.0,0.0,14.2,290,14.64,3.37,994.4,8.6,170.0,27.170473,77.973274
UP-AGR,2022-11-24,16.9,25.0,10.9,58,77,0.0,0.0,10.5,275,14.5,3.21,994.4,8.1,170.0,27.170473,77.973274
UP-AGR,2022-11-25,17.0,25.1,10.0,66,91,0.0,0.0,9.9,300,14.12,2.97,996.1,9.8,170.0,27.170473,77.973274
UP-AGR,2022-11-26,17.2,25.0,11.0,62,81,0.0,0.0,12.8,297,14.32,3.17,993.4,9.2,170.0,27.170473,77.973274
UP-AGR,2022-11-27,17.0,25.0,11.1,68,89,0.0,0.0,10.5,299,14.26,2.9,991.4,10.6,170.0,27.170473,77.973274
UP-AGR,2022-11-28,17.1,25.1,10.6,72,95,0.0,0.0,9.5,322,13.96,2.72,992.9,11.4,170.0,27.170473,77.973274
UP-AGR,2022-11-29,16.8,24.6,11.3,71,92,0.0,0.0,9.9,323,13.95,2.82,994.9,10.7,170.0,27.170473,77.973274
UP-AGR,2022-11-30,16.6,24.2,10.4,74,93,0.0,0.0,10.0,298,13.71,2.61,996.0,11.4,170.0,27.170473,77.973274
UP-AGR,2022-12-01,16.7,23.9,11.9,75,94,0.0,0.0,9.6,277,13.78,2.62,995.2,11.8,170.0,27.170473,77.973274
UP-AGR,2022-12-02,16.7,23.6,10.6,74,94,0.0,0.0,9.4,242,13.59,2.4,994.2,11.4,170.0,27.170473,77.973274
UP-AGR,2022-12-03,17.0,23.3,11.2,71,94,0.0,0.0,8.4,274,13.57,2.34,994.8,11.1,170.0,27.170473,77.973274
UP-AGR,2022-12-04,16.4,23.5,11.1,78,94,0.0,0.0,8.7,293,13.49,2.45,995.4,12.2,170.0,27.170473,77.973274
UP-AGR,2022-12-05,16.0,23.0,10.8,78,97,0.0,0.0,10.2,304,13.47,2.45,997.0,11.6,170.0,27.170473,77.973274
UP-AGR,2022-12-06,16.1,23.3,10.8,71,93,0.0,0.0,13.9,295,13.6,2.76,996.1,10.3,170.0,27.170473,77.973274
UP-AGR,2022-12-07,16.4,24.2,11.0,69,90,0.0,0.0,16.8,294,13.63,2.95,995.2,10.1,170.0,27.170473,77.973274
UP-AGR,2022-12-08,16.0,23.8,10.4,73,90,0.0,0.0,11.0,308,13.45,2.63,995.6,10.7,170.0,27.170473,77.973274
UP-AGR,2022-12-09,16.5,23.8,11.4,76,94,0.0,0.0,11.2,320,13.36,2.43,994.4,11.7,170.0,27.170473,77.973274
UP-AGR,2022-12-10,17.0,25.5,10.5,76,97,0.0,0.0,10.0,321,13.35,2.57,994.5,12.2,170.0,27.170473,77.973274
UP-AGR,2022-12-11,17.5,26.1,11.4,74,94,0.0,0.0,10.2,312,13.39,2.65,995.0,12.3,170.0,27.170473,77.973274
UP-AGR,2022-12-12,17.7,26.0,12.3,67,90,0.0,0.0,12.0,312,13.2,2.86,994.3,10.9,170.0,27.170473,77.973274
UP-AGR,2022-12-13,17.7,24.9,12.9,57,77,0.0,0.0,15.0,312,13.62,3.48,995.8,8.6,170.0,27.170473,77.973274
UP-AGR,2022-12-14,16.7,23.7,12.1,58,75,0.0,0.0,17.4,307,13.62,3.28,995.9,7.9,170.0,27.170473,77.973274
UP-AGR,2022-12-15,14.5,22.2,9.2,65,83,0.0,0.0,11.5,301,13.67,2.75,994.9,7.6,170.0,27.170473,77.973274
UP-AGR,2022-12-16,14.1,22.2,7.6,71,91,0.0,0.0,9.2,287,13.65,2.48,993.9,8.4,170.0,27.170473,77.973274
UP-AGR,2022-12-17,14.7,22.3,8.1,72,94,0.0,0.0,9.0,293,13.48,2.39,995.5,9.1,170.0,27.170473,77.973274
UP-AGR,2022-12-18,14.2,22.5,8.1,78,95,0.0,0.0,10.2,302,13.35,2.37,995.6,9.9,170.0,27.170473,77.973274
UP-AGR,2022-12-19,14.1,22.2,8.8,80,97,0.0,0.0,11.0,308,13.39,2.33,994.3,10.3,170.0,27.170473,77.973274
UP-AGR,2022-12-20,14.1,22.6,8.8,77,94,0.0,0.0,11.3,315,13.4,2.44,993.6,9.5,170.0,27.170473,77.973274
UP-AGR,2022-12-21,14.5,21.8,9.4,77,93,0.0,0.0,10.0,352,13.14,2.31,994.8,10.0,170.0,27.170473,77.973274
UP-AGR,2022-12-22,14.5,21.8,9.7,75,96,0.0,0.0,8.6,345,13.06,2.31,994.3,9.6,170.0,27.170473,77.973274
UP-AGR,2022-12-23,14.9,22.4,9.3,71,94,0.0,0.0,12.2,25,12.93,2.42,993.4,9.0,170.0,27.170473,77.973274
UP-AGR,2022-12-24,14.3,21.2,9.3,66,91,0.0,0.0,14.2,336,13.29,2.77,995.0,7.5,170.0,27.170473,77.973274
UP-AGR,2022-12-25,12.0,18.6,7.5,74,97,0.0,0.0,12.1,322,13.66,2.29,996.5,7.0,170.0,27.170473,77.973274
UP-AGR,2022-12-26,11.4,18.4,6.7,81,96,0.0,0.0,8.7,322,13.31,2.05,998.1,8.0,170.0,27.170473,77.973274
UP-AGR,2022-12-27,12.3,19.8,7.3,78,96,0.0,0.0,13.2,297,13.4,2.22,997.9,8.2,170.0,27.170473,77.973274
UP-AGR,2022-12-28,13.4,21.0,7.4,65,82,0.0,0.0,15.8,278,13.45,2.74,997.6,6.4,170.0,27.170473,77.973274
UP-AGR,2022-12-29,14.9,22.4,8.2,67,85,0.0,0.0,8.3,288,13.05,2.38,998.3,8.3,170.0,27.170473,77.973274
UP-AGR,2022-12-30,15.2,21.7,10.5,79,91,0.0,0.0,10.2,88,10.94,1.95,998.6,11.3,170.0,27.170473,77.973274
UP-AGR,2022-12-31,14.2,20.4,9.5,80,96,0.0,0.0,13.3,312,13.26,2.28,999.2,10.4,170.0,27.170473,77.973274
UP-AGR,2023-01-01,12.6,18.8,7.1,79,97,0.0,0.0,9.8,326,13.54,2.16,1000.2,8.7,170.0,27.170473,77.973274
UP-AGR,2023-01-02,12.0,18.3,7.1,83,99,0.0,0.0,10.1,354,13.51,2.1,1000.9,8.7,170.0,27.170473,77.973274
UP-AGR,2023-01-03,11.0,17.6,6.6,84,98,0.0,0.0,9.7,347,13.57,2.1,1001.6,8.0,170.0,27.170473,77.973274
UP-AGR,2023-01-04,9.6,16.3,5.7,87,100,0.0,0.0,10.9,331,13.86,1.96,1002.2,7.2,170.0,27.170473,77.973274
UP-AGR,2023-01-05,8.7,15.2,4.8,91,100,0.0,0.0,9.7,318,10.65,1.49,1003.2,7.1,170.0,27.170473,77.973274
UP-AGR,2023-01-06,8.5,14.4,5.1,90,100,0.0,0.0,10.2,328,10.83,1.5,1003.7,6.8,170.0,27.170473,77.973274
UP-AGR,2023-01-07,9.1,16.1,4.7,85,100,0.0,0.0,10.0,297,12.02,1.71,1001.7,6.5,170.0,27.170473,77.973274
UP-AGR,2023-01-08,10.7,18.6,4.4,79,98,0.0,0.0,10.6,312,14.03,2.15,999.2,6.7,170.0,27.170473,77.973274
UP-AGR,2023-01-09,11.8,18.8,5.6,86,100,0.0,0.0,7.4,309,11.6,1.78,999.9,9.4,170.0,27.170473,77.973274
UP-AGR,2023-01-10,12.6,20.4,7.7,88,100,0.0,0.0,11.6,303,13.2,2.08,998.7,10.4,170.0,27.170473,77.973274
UP-AGR,2023-01-11,12.8,20.6,5.9,84,99,0.0,0.0,10.7,244,13.89,2.23,994.8,9.8,170.0,27.170473,77.973274
UP-AGR,2023-01-12,15.0,20.9,10.8,82,94,0.0,0.0,11.2,102,11.43,1.97,992.4,11.8,170.0,27.170473,77.973274
UP-AGR,2023-01-13,15.8,21.7,12.0,87,97,3.1,3.1,10.5,66,11.76,2.0,992.7,13.5,170.0,27.170473,77.973274
UP-AGR,2023-01-14,13.8,18.7,9.4,79,97,0.0,0.0,17.1,319,13.91,2.31,996.1,9.8,170.0,27.170473,77.973274
UP-AGR,2023-01-15,10.3,15.6,6.1,64,83,0.0,0.0,13.4,301,15.18,2.57,995.8,3.4,170.0,27.170473,77.973274
UP-AGR,2023-01-16,9.2,16.4,3.0,69,89,0.0,0.0,10.7,306,15.02,2.45,996.6,3.3,170.0,27.170473,77.973274
UP-AGR,2023-01-17,9.7,16.6,3.9,69,90,0.0,0.0,9.4,304,15.19,2.44,997.3,3.7,170.0,27.170473,77.973274
UP-AGR,2023-01-18,9.8,17.3,3.1,69,93,0.0,0.0,11.0,309,15.08,2.47,998.9,3.7,170.0,27.170473,77.973274
UP-AGR,2023-01-19,11.4,18.6,5.0,70,92,0.0,0.0,9.3,338,14.8,2.43,998.7,5.5,170.0,27.170473,77.973274
UP-AGR,2023-01-20,13.4,20.8,7.4,70,93,0.0,0.0,9.4,30,14.73,2.54,996.7,7.1,170.0,27.170473,77.973274
UP-AGR,2023-01-21,13.8,21.7,7.0,77,97,0.0,0.0,9.0,340,15.02,2.58,996.3,9.2,170.0,27.170473,77.973274
UP-AGR,2023-01-22,15.4,23.3,9.3,70,94,0.0,0.0,9.2,62,13.6,2.63,995.3,9.4,170.0,27.170473,77.973274
UP-AGR,2023-01-23,15.7,22.5,9.4,76,96,4.4,4.4,9.8,86,12.86,2.36,995.0,11.1,170.0,27.170473,77.973274
UP-AGR,2023-01-24,17.3,21.8,14.3,87,100,10.6,10.6,16.3,90,10.19,1.84,994.2,15.0,170.0,27.170473,77.973274
UP-AGR,2023-01-25,17.4,22.1,13.2,88,99,1.5,1.5,7.2,21,11.44,1.99,995.0,15.4,170.0,27.170473,77.973274
UP-AGR,2023-01-26,16.4,20.7,12.0,82,98,0.3,0.3,12.7,321,13.39,2.38,997.6,13.1,170.0,27.170473,77.973274
UP-AGR,2023-01-27,12.7,19.0,8.1,71,89,0.0,0.0,15.5,307,16.28,2.79,998.0,7.2,170.0,27.170473,77.973274
UP-AGR,2023-01-28,12.4,20.5,6.7,70,86,0.0,0.0,11.4,281,16.48,2.84,995.3,6.7,170.0,27.170473,77.973274
UP-AGR,2023-01-29,13.8,19.5,8.9,80,92,9.6,9.6,12.0,56,10.5,1.92,994.3,10.3,170.0,27.170473,77.973274
UP-AGR,2023-01-30,14.7,18.4,11.4,86,100,18.8,18.8,21.3,45,7.11,1.45,997.4,12.1,170.0,27.170473,77.973274
UP-AGR,2023-01-31,14.8,20.6,10.3,87,100,0.0,0.0,17.7,313,14.36,2.36,998.4,12.3,170.0,27.170473,77.973274
UP-AGR,2023-02-01,13.9,20.5,9.7,80,94,0.0,0.0,16.7,297,16.73,2.73,997.6,10.2,170.0,27.170473,77.973274
UP-AGR,2023-02-02,14.4,21.7,9.2,73,85,0.0,0.0,14.7,293,16.86,3.02,996.5,9.4,170.0,27.170473,77.973274
UP-AGR,2023-02-03,14.8,23.0,9.3,75,89,0.0,0.0,11.5,293,16.78,3.04,996.3,10.0,170.0,27.170473,77.973274
UP-AGR,2023-02-04,15.8,23.7,10.6,75,91,0.0,0.0,15.0,282,16.65,3.13,993.9,10.9,170.0,27.170473,77.973274
UP-AGR,2023-02-05,17.2,24.2,10.6,71,89,0.0,0.0,9.7,288,16.88,3.11,992.9,11.6,170.0,27.170473,77.973274
UP-AGR,2023-02-06,18.0,25.8,10.9,77,95,0.0,0.0,10.4,180,16.63,3.15,991.9,13.7,170.0,27.170473,77.973274
UP-AGR,2023-02-07,17.8,24.6,12.8,67,79,0.0,0.0,15.1,302,17.03,3.63,991.5,11.2,170.0,27.170473,77.973274
UP-AGR,2023-02-08,15.8,23.1,10.7,66,79,0.0,0.0,13.4,298,17.41,3.4,994.1,9.1,170.0,27.170473,77.973274
UP-AGR,2023-02-09,16.8,25.8,9.1,72,92,0.0,0.0,10.4,219,17.31,3.36,992.9,11.3,170.0,27.170473,77.973274
UP-AGR,2023-02-10,18.6,26.8,11.9,71,90,0.0,0.0,10.5,180,17.32,3.4,991.7,12.9,170.0,27.170473,77.973274
UP-AGR,2023-02-11,19.2,26.7,14.1,67,86,0.0,0.0,13.2,297,17.48,3.8,993.2,12.4,170.0,27.170473,77.973274
UP-AGR,2023-02-12,16.7,23.4,11.4,53,79,0.0,0.0,18.1,310,18.17,4.3,997.4,6.1,170.0,27.170473,77.973274
UP-AGR,2023-02-13,15.6,21.9,10.6,39,47,0.0,0.0,22.7,291,18.49,4.74,996.2,1.4,170.0,27.170473,77.973274
UP-AGR,2023-02-14,16.2,23.6,9.3,49,70,0.0,0.0,13.3,297,18.12,4.0,995.9,4.9,170.0,27.170473,77.973274
UP-AGR,2023-02-15,17.7,26.1,11.7,61,80,0.0,0.0,15.3,299,18.28,3.97,993.3,9.8,170.0,27.170473,77.973274
UP-AGR,2023-02-16,18.1,26.2,11.9,73,93,0.0,0.0,11.2,320,18.27,3.58,994.6,12.6,170.0,27.170473,77.973274
UP-AGR,2023-02-17,19.7,26.6,13.2,72,96,0.0,0.0,10.1,21,18.38,3.49,995.8,14.0,170.0,27.170473,77.973274
UP-AGR,2023-02-18,19.8,27.5,13.2,77,98,0.0,0.0,10.5,281,18.55,3.58,995.1,15.2,170.0,27.170473,77.973274
UP-AGR,2023-02-19,20.6,28.2,13.5,74,98,0.0,0.0,9.1,246,18.73,3.7,994.3,15.2,170.0,27.170473,77.973274
UP-AGR,2023-02-20,21.7,31.1,14.4,67,93,0.0,0.0,11.0,205,18.8,4.12,991.8,14.3,170.0,27.170473,77.973274
UP-AGR,2023-02-21,22.5,30.1,15.7,54,71,0.0,0.0,12.2,247,18.95,4.63,991.0,12.2,170.0,27.170473,77.973274
UP-AGR,2023-02-22,22.4,30.1,16.4,62,91,0.0,0.0,11.3,342,18.39,4.02,992.1,13.9,170.0,27.170473,77.973274
UP-AGR,2023-02-23,20.9,29.1,15.0,55,75,0.0,0.0,11.6,309,19.34,4.53,992.8,10.6,170.0,27.170473,77.973274
UP-AGR,2023-02-24,19.9,27.3,13.8,54,73,0.0,0.0,11.8,292,16.22,3.91,994.9,9.7,170.0,27.170473,77.973274
UP-AGR,2023-02-25,20.7,29.0,12.6,63,92,0.0,0.0,10.9,261,19.51,4.07,996.3,12.5,170.0,27.170473,77.973274
UP-AGR,2023-02-26,22.0,29.6,15.3,60,85,0.0,0.0,8.7,340,18.99,3.99,997.8,13.2,170.0,27.170473,77.973274
UP-AGR,2023-02-27,22.0,30.0,15.3,61,91,0.0,0.0,10.8,317,17.59,3.97,997.3,13.5,170.0,27.170473,77.973274
UP-AGR,2023-02-28,22.1,29.7,14.6,58,84,0.0,0.0,14.5,28,19.72,4.38,997.2,12.9,170.0,27.170473,77.973274
UP-AGR,2023-03-01,22.5,30.6,15.4,56,82,0.0,0.0,12.1,39,19.05,4.49,998.2,12.6,170.0,27.170473,77.973274
UP-AGR,2023-03-02,22.5,30.3,15.3,59,85,0.0,0.0,10.6,323,19.69,4.5,998.5,13.3,170.0,27.170473,77.973274
UP-AGR,2023-03-03,22.6,30.6,16.1,60,86,0.0,0.0,11.7,321,19.85,4.65,998.8,13.7,170.0,27.170473,77.973274
UP-AGR,2023-03-04,22.6,30.2,17.6,59,77,0.0,0.0,14.3,316,19.84,4.79,999.2,13.6,170.0,27.170473,77.973274
UP-AGR,2023-03-05,22.6,30.1,16.7,60,82,0.0,0.0,12.2,305,19.92,4.69,998.2,13.5,170.0,27.170473,77.973274
UP-AGR,2023-03-06,22.5,29.3,16.9,55,80,0.0,0.0,11.6,317,20.42,4.8,996.1,12.2,170.0,27.170473,77.973274
UP-AGR,2023-03-07,22.2,29.0,15.6,55,82,0.0,0.0,11.6,278,16.91,4.0,995.7,12.2,170.0,27.170473,77.973274
UP-AGR,2023-03-08,21.5,28.3,16.2,62,84,2.4,2.4,10.9,258,18.08,4.0,996.8,13.4,170.0,27.170473,77.973274
UP-AGR,2023-03-09,19.9,24.5,16.5,78,95,1.9,1.9,9.4,303,14.33,2.83,996.9,15.7,170.0,27.170473,77.973274
UP-AGR,2023-03-10,21.4,29.0,14.7,69,98,0.0,0.0,10.6,285,20.58,4.37,996.0,14.5,170.0,27.170473,77.973274
UP-AGR,2023-03-11,22.7,29.7,15.8,61,91,0.0,0.0,8.8,281,21.06,4.47,995.6,14.0,170.0,27.170473,77.973274
UP-AGR,2023-03-12,23.2,30.8,15.7,60,90,0.0,0.0,9.4,236,21.22,4.56,994.9,14.2,170.0,27.170473,77.973274
UP-AGR,2023-03-13,24.0,32.0,17.9,56,78,0.0,0.0,11.7,298,18.01,4.55,993.3,13.8,170.0,27.170473,77.973274
UP-AGR,2023-03-14,23.7,31.9,17.5,55,77,1.0,1.0,20.8,287,19.17,4.79,990.8,13.4,170.0,27.170473,77.973274
UP-AGR,2023-03-15,24.1,32.4,16.5,51,87,0.2,0.2,13.8,277,20.06,4.97,989.7,12.2,170.0,27.170473,77.973274
UP-AGR,2023-03-16,24.2,32.1,18.1,47,70,0.2,0.2,15.1,131,16.91,4.59,990.5,11.5,170.0,27.170473,77.973274
UP-AGR,2023-03-17,22.0,26.6,17.3,66,86,1.2,1.2,17.4,93,17.05,3.72,991.9,15.1,170.0,27.170473,77.973274
UP-AGR,2023-03-18,20.9,24.0,18.0,74,86,9.5,9.5,14.3,45,17.34,3.47,991.0,16.0,170.0,27.170473,77.973274
UP-AGR,2023-03-19,20.0,24.7,16.7,83,96,9.2,9.2,12.0,59,15.65,2.95,989.1,16.9,170.0,27.170473,77.973274
UP-AGR,2023-03-20,19.1,24.3,16.2,86,97,9.4,9.4,11.5,49,17.02,3.15,988.1,16.4,170.0,27.170473,77.973274
UP-AGR,2023-03-21,19.4,24.7,14.9,83,99,6.4,6.4,11.5,41,19.31,3.58,989.0,16.1,170.0,27.170473,77.973274
UP-AGR,2023-03-22,20.4,26.9,14.7,76,97,0.0,0.0,10.2,330,22.05,4.3,990.7,15.5,170.0,27.170473,77.973274
UP-AGR,2023-03-23,22.1,28.5,16.3,70,95,0.0,0.0,12.3,305,21.64,4.52,989.6,15.7,170.0,27.170473,77.973274
UP-AGR,2023-03-24,22.5,28.3,17.4,68,89,3.1,3.1,13.6,84,18.26,3.98,989.2,16.1,170.0,27.170473,77.973274
UP-AGR,2023-03-25,23.0,27.8,18.2,66,93,0.1,0.1,21.8,28,20.83,4.55,991.6,15.8,170.0,27.170473,77.973274
UP-AGR,2023-03-26,23.5,29.7,18.1,57,86,0.0,0.0,13.0,350,21.04,5.11,991.1,13.3,170.0,27.170473,77.973274
UP-AGR,2023-03-27,22.6,29.2,17.1,53,72,0.0,0.0,16.8,308,21.67,5.23,990.6,11.8,170.0,27.170473,77.973274
UP-AGR,2023-03-28,23.6,30.5,16.4,52,80,0.0,0.0,11.6,308,23.15,5.39,990.6,12.2,170.0,27.170473,77.973274
UP-AGR,2023-03-29,25.0,32.5,17.9,47,75,0.0,0.0,11.0,56,20.26,4.98,990.7,11.8,170.0,27.170473,77.973274
UP-AGR,2023-03-30,24.4,32.3,18.8,53,84,0.7,0.7,29.1,4,19.59,5.04,988.7,13.5,170.0,27.170473,77.973274
UP-AGR,2023-03-31,21.7,27.1,17.2,74,99,16.0,16.0,13.4,312,21.21,4.34,988.9,16.3,170.0,27.170473,77.973274
UP-AGR,2023-04-01,21.5,27.4,16.0,74,98,0.0,0.0,10.8,324,21.87,4.43,989.6,16.1,170.0,27.170473,77.973274
UP-AGR,2023-04-02,23.1,29.9,16.3,65,94,0.0,0.0,20.2,288,21.81,4.87,988.9,15.5,170.0,27.170473,77.973274
UP-AGR,2023-04-03,24.7,32.8,16.9,54,90,0.0,0.0,18.1,278,22.14,5.77,987.2,13.2,170.0,27.170473,77.973274
UP-AGR,2023-04-04,23.9,30.1,18.1,57,77,0.0,0.0,15.3,321,22.81,5.39,989.2,14.4,170.0,27.170473,77.973274
UP-AGR,2023-04-05,24.7,32.4,17.2,47,75,0.0,0.0,15.3,325,23.41,6.1,989.9,11.5,170.0,27.170473,77.973274
UP-AGR,2023-04-06,25.0,32.2,18.2,38,51,0.0,0.0,13.7,340,23.18,6.32,992.1,8.9,170.0,27.170473,77.973274
UP-AGR,2023-04-07,25.5,33.4,19.1,34,51,0.0,0.0,14.8,327,24.3,6.75,993.8,7.3,170.0,27.170473,77.973274
UP-AGR,2023-04-08,25.8,33.8,18.7,34,53,0.0,0.0,11.4,309,23.93,6.23,994.6,7.7,170.0,27.170473,77.973274
UP-AGR,2023-04-09,26.6,34.4,19.6,32,57,0.0,0.0,14.2,296,23.81,6.29,994.3,7.6,170.0,27.170473,77.973274
UP-AGR,2023-04-10,26.8,35.1,17.6,30,49,0.0,0.0,16.0,284,23.1,6.68,992.6,6.3,170.0,27.170473,77.973274
UP-AGR,2023-04-11,27.8,36.8,19.3,30,49,0.0,0.0,21.1,309,24.43,7.64,992.0,7.3,170.0,27.170473,77.973274
UP-AGR,2023-04-12,29.1,37.4,21.8,30,43,0.0,0.0,16.6,318,24.0,7.31,991.3,9.1,170.0,27.170473,77.973274
UP-AGR,2023-04-13,29.7,37.7,21.7,31,47,0.0,0.0,15.8,287,23.9,7.05,989.9,9.8,170.0,27.170473,77.973274
UP-AGR,2023-04-14,30.3,38.6,22.7,31,55,0.0,0.0,13.3,295,23.54,6.71,988.9,9.8,170.0,27.170473,77.973274
UP-AGR,2023-04-15,31.6,39.7,22.8,26,47,0.0,0.0,15.5,259,23.45,7.29,988.6,8.1,170.0,27.170473,77.973274
UP-AGR,2023-04-16,31.8,39.9,23.8,25,45,0.0,0.0,19.4,261,23.56,7.54,987.5,8.4,170.0,27.170473,77.973274
UP-AGR,2023-04-17,32.4,40.2,24.6,24,48,0.0,0.0,16.6,262,23.94,8.17,987.3,7.6,170.0,27.170473,77.973274
UP-AGR,2023-04-18,33.0,40.1,25.6,23,40,0.0,0.0,17.7,269,23.55,8.51,988.6,8.4,170.0,27.170473,77.973274
UP-AGR,2023-04-19,31.8,38.5,25.7,26,39,0.0,0.0,20.2,296,22.73,8.04,986.0,9.2,170.0,27.170473,77.973274
UP-AGR,2023-04-20,30.3,36.7,23.3,35,53,0.0,0.0,19.9,305,21.52,7.31,983.4,12.0,170.0,27.170473,77.973274
UP-AGR,2023-04-21,29.4,36.3,24.0,34,54,0.0,0.0,12.6,102,22.65,6.28,984.3,10.7,170.0,27.170473,77.973274
UP-AGR,2023-04-22,29.0,36.4,22.0,30,56,0.0,0.0,18.4,270,23.52,7.32,984.9,7.6,170.0,27.170473,77.973274
UP-AGR,2023-04-23,27.5,33.5,22.1,27,43,0.4,0.4,22.7,76,20.47,6.62,986.8,6.0,170.0,27.170473,77.973274
UP-AGR,2023-04-24,25.8,30.5,19.8,41,62,0.5,0.5,20.8,99,21.72,5.99,990.8,10.8,170.0,27.170473,77.973274
UP-AGR,2023-04-25,26.7,33.7,19.9,40,61,0.0,0.0,13.6,73,24.2,6.44,991.6,11.0,170.0,27.170473,77.973274
UP-AGR,2023-04-26,28.4,35.4,20.8,33,54,0.0,0.0,9.4,148,22.56,6.03,988.8,9.2,170.0,27.170473,77.973274
UP-AGR,2023-04-27,29.3,35.6,23.4,35,61,0.7,0.7,14.3,236,21.39,6.0,988.3,11.3,170.0,27.170473,77.973274
UP-AGR,2023-04-28,28.1,33.5,23.5,39,55,0.0,0.0,19.9,318,15.31,5.02,989.2,12.5,170.0,27.170473,77.973274
UP-AGR,2023-04-29,27.4,32.1,23.0,47,66,1.1,1.1,13.0,250,17.01,4.78,988.4,14.7,170.0,27.170473,77.973274
UP-AGR,2023-04-30,25.9,31.6,20.4,55,87,2.1,2.1,15.6,238,16.45,4.4,987.4,15.6,170.0,27.170473,77.973274
UP-AGR,2023-05-01,23.1,29.1,19.8,77,95,17.0,17.0,13.7,92,16.39,3.53,987.5,18.5,170.0,27.170473,77.973274
UP-AGR,2023-05-02,23.6,28.6,19.5,79,98,2.5,2.5,21.2,79,20.88,4.36,988.9,19.3,170.0,27.170473,77.973274
UP-AGR,2023-05-03,23.5,28.8,20.4,80,97,10.9,10.9,19.0,33,19.48,4.01,990.3,19.5,170.0,27.170473,77.973274
UP-AGR,2023-05-04,24.7,30.0,19.4,70,98,0.0,0.0,7.9,21,21.82,4.59,989.8,18.3,170.0,27.170473,77.973274
UP-AGR,2023-05-05,27.0,32.8,21.4,57,83,0.0,0.0,14.8,349,22.5,5.53,988.2,16.9,170.0,27.170473,77.973274
UP-AGR,2023-05-06,28.1,35.7,20.9,51,74,0.0,0.0,14.8,285,22.52,6.01,986.4,16.0,170.0,27.170473,77.973274
UP-AGR,2023-05-07,29.4,37.1,21.5,44,71,0.0,0.0,22.7,260,23.29,6.94,985.7,14.5,170.0,27.170473,77.973274
UP-AGR,2023-05-08,29.8,38.0,23.0,39,62,0.0,0.0,15.5,107,22.25,7.03,985.0,13.4,170.0,27.170473,77.973274
UP-AGR,2023-05-09,29.0,37.6,21.6,37,65,0.0,0.0,20.0,319,24.73,7.62,986.6,11.0,170.0,27.170473,77.973274
UP-AGR,2023-05-10,28.3,36.7,21.1,32,50,0.0,0.0,17.2,297,24.58,6.98,986.8,8.8,170.0,27.170473,77.973274
UP-AGR,2023-05-11,29.2,38.6,20.2,32,53,0.0,0.0,13.0,317,24.45,6.97,987.3,9.1,170.0,27.170473,77.973274
UP-AGR,2023-05-12,31.3,40.6,22.2,29,45,0.0,0.0,11.5,198,24.22,7.16,986.1,9.7,170.0,27.170473,77.973274
UP-AGR,2023-05-13,32.0,41.0,23.8,31,44,0.0,0.0,15.1,119,23.9,7.46,984.9,11.4,170.0,27.170473,77.973274
UP-AGR,2023-05-14,33.1,41.4,24.9,28,50,0.0,0.0,24.9,288,22.03,8.31,982.4,10.6,170.0,27.170473,77.973274
UP-AGR,2023-05-15,32.2,40.3,24.3,29,45,0.0,0.0,20.6,292,23.26,7.01,982.4,11.2,170.0,27.170473,77.973274
UP-AGR,2023-05-16,32.6,38.0,27.4,29,38,0.2,0.2,26.6,289,19.54,7.72,984.6,12.2,170.0,27.170473,77.973274
UP-AGR,2023-05-17,33.2,40.4,26.6,31,47,0.0,0.0,21.7,282,19.92,7.91,985.9,12.9,170.0,27.170473,77.973274
UP-AGR,2023-05-18,32.0,38.0,26.5,37,53,0.0,0.0,24.6,315,23.12,7.24,988.7,14.9,170.0,27.170473,77.973274
UP-AGR,2023-05-19,32.3,39.2,26.4,35,55,0.0,0.0,20.6,300,23.04,7.73,986.8,13.9,170.0,27.170473,77.973274
UP-AGR,2023-05-20,33.0,40.8,24.6,29,53,0.0,0.0,22.3,285,23.18,7.45,984.8,11.1,170.0,27.170473,77.973274
UP-AGR,2023-05-21,34.9,43.5,27.6,22,31,0.0,0.0,27.6,299,22.82,9.63,984.7,8.9,170.0,27.170473,77.973274
UP-AGR,2023-05-22,35.5,43.5,28.1,22,27,0.0,0.0,27.1,271,22.35,9.77,985.4,10.4,170.0,27.170473,77.973274
UP-AGR,2023-05-23,35.9,43.7,28.6,24,36,0.0,0.0,35.9,282,22.07,9.89,985.6,11.5,170.0,27.170473,77.973274
UP-AGR,2023-05-24,32.8,39.7,27.8,39,61,0.0,0.0,19.8,275,20.68,6.57,985.6,16.0,170.0,27.170473,77.973274
UP-AGR,2023-05-25,29.2,35.5,25.4,55,74,5.8,5.8,22.3,305,19.81,5.33,985.6,18.8,170.0,27.170473,77.973274
UP-AGR,2023-05-26,28.0,34.9,21.5,60,90,1.2,1.2,12.3,241,21.97,5.33,986.6,18.7,170.0,27.170473,77.973274
UP-AGR,2023-05-27,28.1,33.3,24.3,59,75,2.4,2.4,26.8,102,17.9,4.84,985.9,19.1,170.0,27.170473,77.973274
UP-AGR,2023-05-28,27.9,34.4,23.9,65,82,0.0,0.0,21.0,113,19.54,4.79,986.9,20.5,170.0,27.170473,77.973274
UP-AGR,2023-05-29,27.0,33.6,23.7,73,89,2.4,2.4,23.8,92,17.47,4.12,988.3,21.5,170.0,27.170473,77.973274
UP-AGR,2023-05-30,28.9,35.2,22.7,61,89,0.0,0.0,14.0,155,21.92,5.37,988.2,19.7,170.0,27.170473,77.973274
UP-AGR,2023-05-31,28.2,33.3,24.1,56,73,0.2,0.2,17.0,277,23.2,6.25,987.6,18.2,170.0,27.170473,77.973274
UP-AGR,2023-06-01,28.6,35.3,21.8,56,86,0.0,0.0,15.8,310,23.35,6.0,986.8,18.1,170.0,27.170473,77.973274
UP-AGR,2023-06-02,29.6,34.9,22.7,56,85,0.7,0.7,20.3,317,22.79,6.06,986.0,19.4,170.0,27.170473,77.973274
UP-AGR,2023-06-03,31.1,37.1,24.4,48,71,0.0,0.0,12.7,326,23.21,6.52,985.8,18.1,170.0,27.170473,77.973274
UP-AGR,2023-06-04,30.9,37.9,25.4,50,67,0.0,0.0,23.2,303,22.27,6.59,985.7,18.6,170.0,27.170473,77.973274
UP-AGR,2023-06-05,30.8,36.5,25.2,51,71,0.1,0.1,15.9,307,21.34,6.06,984.7,18.8,170.0,27.170473,77.973274
UP-AGR,2023-06-06,32.8,39.5,25.1,40,74,0.0,0.0,16.8,286,21.7,7.07,983.9,15.9,170.0,27.170473,77.973274
UP-AGR,2023-06-07,32.8,39.2,26.3,37,59,0.0,0.0,17.4,303,22.68,7.33,983.8,15.1,170.0,27.170473,77.973274
UP-AGR,2023-06-08,33.2,39.9,25.6,36,54,0.0,0.0,21.1,290,22.4,7.8,983.4,15.4,170.0,27.170473,77.973274
UP-AGR,2023-06-09,34.2,40.1,27.7,40,56,0.0,0.0,27.7,279,22.01,8.29,980.9,17.8,170.0,27.170473,77.973274
UP-AGR,2023-06-10,34.6,39.9,29.8,37,48,0.9,0.9,25.5,281,21.23,8.21,979.6,17.4,170.0,27.170473,77.973274
UP-AGR,2023-06-11,33.9,39.5,27.9,42,64,1.3,1.3,32.2,283,21.68,8.27,979.8,18.7,170.0,27.170473,77.973274
UP-AGR,2023-06-12,35.3,40.7,29.4,40,62,0.0,0.0,24.7,286,22.35,8.59,979.4,18.8,170.0,27.170473,77.973274
UP-AGR,2023-06-13,36.6,41.7,31.2,31,43,0.0,0.0,27.2,292,21.86,9.9,979.2,16.2,170.0,27.170473,77.973274
UP-AGR,2023-06-14,36.8,40.9,32.2,33,40,0.1,0.1,24.6,276,21.2,10.17,980.2,17.6,170.0,27.170473,77.973274
UP-AGR,2023-06-15,34.8,38.0,30.9,42,58,0.2,0.2,28.8,288,20.61,8.63,981.6,19.6,170.0,27.170473,77.973274
UP-AGR,2023-06-16,34.6,39.1,30.4,44,60,0.0,0.0,23.8,280,21.57,7.56,981.3,20.1,170.0,27.170473,77.973274
UP-AGR,2023-06-17,34.6,39.3,29.5,44,64,0.2,0.2,23.3,252,20.53,7.28,981.4,20.2,170.0,27.170473,77.973274
UP-AGR,2023-06-18,33.2,39.0,28.8,52,69,0.1,0.1,14.4,214,21.89,6.3,981.4,21.6,170.0,27.170473,77.973274
UP-AGR,2023-06-19,28.9,31.8,25.8,74,96,8.6,8.6,23.2,115,5.14,2.5,978.6,23.4,170.0,27.170473,77.973274
UP-AGR,2023-06-20,26.7,29.6,25.4,90,97,59.2,59.2,26.7,352,7.47,1.86,978.1,24.9,170.0,27.170473,77.973274
UP-AGR,2023-06-21,29.0,32.7,25.4,80,95,1.9,1.9,21.4,315,15.91,3.86,980.9,25.1,170.0,27.170473,77.973274
UP-AGR,2023-06-22,29.6,34.2,26.4,79,95,20.7,20.7,20.5,291,17.58,4.28,981.2,25.5,170.0,27.170473,77.973274
UP-AGR,2023-06-23,30.6,35.1,26.5,76,89,2.3,2.3,16.1,284,17.88,4.57,981.3,25.8,170.0,27.170473,77.973274
UP-AGR,2023-06-24,31.5,35.4,26.3,74,93,20.2,20.2,16.9,264,19.79,4.92,980.3,26.0,170.0,27.170473,77.973274
UP-AGR,2023-06-25,29.3,32.8,26.4,82,95,20.3,20.3,12.6,14,14.47,3.45,981.1,25.8,170.0,27.170473,77.973274
UP-AGR,2023-06-26,29.5,33.6,26.6,77,92,0.5,0.5,11.4,50,21.27,4.79,981.8,24.7,170.0,27.170473,77.973274
UP-AGR,2023-06-27,29.5,33.7,26.1,80,96,2.5,2.5,13.4,47,18.63,4.25,980.9,25.4,170.0,27.170473,77.973274
UP-AGR,2023-06-28,30.3,34.1,27.4,76,93,1.2,1.2,11.2,68,21.74,5.06,981.9,25.4,170.0,27.170473,77.973274
UP-AGR,2023-06-29,28.4,31.5,26.0,84,96,15.4,15.4,12.7,56,16.87,3.72,981.1,25.3,170.0,27.170473,77.973274
UP-AGR,2023-06-30,28.0,31.5,25.2,86,98,5.9,5.9,8.7,56,13.51,3.01,979.7,25.3,170.0,27.170473,77.973274
UP-AGR,2023-07-01,28.6,32.5,25.9,84,98,7.0,7.0,14.6,337,14.9,3.43,980.3,25.5,170.0,27.170473,77.973274
UP-AGR,2023-07-02,30.0,34.5,26.2,76,96,0.4,0.4,18.0,340,22.24,5.27,981.4,25.0,170.0,27.170473,77.973274
UP-AGR,2023-07-03,31.3,35.6,26.6,75,92,0.1,0.1,13.9,340,23.16,5.47,981.1,26.0,170.0,27.170473,77.973274
UP-AGR,2023-07-04,30.9,35.6,28.2,77,90,1.9,1.9,7.9,104,21.61,4.93,979.5,26.3,170.0,27.170473,77.973274
UP-AGR,2023-07-05,30.1,33.2,27.0,79,93,0.9,0.9,11.6,77,19.53,4.52,979.3,26.0,170.0,27.170473,77.973274
UP-AGR,2023-07-06,29.6,32.8,26.4,78,92,0.1,0.1,18.1,87,20.43,4.78,981.2,25.2,170.0,27.170473,77.973274
UP-AGR,2023-07-07,29.6,33.5,26.4,81,94,7.7,7.7,15.9,75,19.57,4.54,981.8,25.8,170.0,27.170473,77.973274
UP-AGR,2023-07-08,28.4,31.4,26.4,86,97,13.8,13.8,15.0,106,14.55,3.27,981.7,25.7,170.0,27.170473,77.973274
UP-AGR,2023-07-09,28.2,32.5,25.6,88,98,19.6,19.6,13.0,123,17.21,3.71,981.5,25.8,170.0,27.170473,77.973274
UP-AGR,2023-07-10,28.4,32.8,25.8,86,98,11.3,11.3,16.6,114,17.55,3.85,981.3,25.7,170.0,27.170473,77.973274
UP-AGR,2023-07-11,28.4,32.0,25.4,88,99,11.9,11.9,9.9,12,15.06,3.28,981.3,26.1,170.0,27.170473,77.973274
UP-AGR,2023-07-12,29.0,32.9,25.8,87,100,8.6,8.6,10.9,90,17.44,3.84,981.1,26.4,170.0,27.170473,77.973274
UP-AGR,2023-07-13,28.9,31.9,26.4,88,97,0.8,0.8,8.6,121,12.19,2.77,981.4,26.5,170.0,27.170473,77.973274
UP-AGR,2023-07-14,29.6,33.6,25.9,81,99,3.0,3.0,10.6,331,19.52,4.39,982.2,25.8,170.0,27.170473,77.973274
UP-AGR,2023-07-15,28.5,31.2,26.4,86,96,8.3,8.3,11.2,248,13.34,3.02,982.3,25.9,170.0,27.170473,77.973274
UP-AGR,2023-07-16,28.8,32.9,25.4,83,98,33.2,33.2,9.9,292,20.71,4.53,981.9,25.4,170.0,27.170473,77.973274
UP-AGR,2023-07-17,29.5,33.0,26.4,84,97,3.2,3.2,8.0,56,20.67,4.49,981.0,26.5,170.0,27.170473,77.973274
UP-AGR,2023-07-18,29.5,33.0,26.8,83,97,3.1,3.1,14.5,98,18.21,4.09,980.7,26.1,170.0,27.170473,77.973274
UP-AGR,2023-07-19,30.1,33.9,27.1,80,92,1.5,1.5,16.7,86,19.67,4.54,980.3,26.1,170.0,27.170473,77.973274
UP-AGR,2023-07-20,31.6,35.5,27.6,73,89,0.1,0.1,11.2,82,23.31,5.61,980.0,26.0,170.0,27.170473,77.973274
UP-AGR,2023-07-21,32.2,35.5,28.9,69,81,0.0,0.0,16.1,96,23.21,6.0,981.7,25.7,170.0,27.170473,77.973274
UP-AGR,2023-07-22,31.7,35.0,29.3,70,80,0.2,0.2,20.7,90,22.9,6.23,983.8,25.5,170.0,27.170473,77.973274
UP-AGR,2023-07-23,31.1,34.4,27.6,73,86,0.4,0.4,20.9,88,22.39,5.76,983.6,25.5,170.0,27.170473,77.973274
UP-AGR,2023-07-24,30.6,34.6,26.9,77,95,7.0,7.0,14.0,92,21.63,5.07,981.9,26.0,170.0,27.170473,77.973274
UP-AGR,2023-07-25,29.8,35.1,26.4,82,97,1.4,1.4,13.6,99,18.11,4.27,982.5,26.3,170.0,27.170473,77.973274
UP-AGR,2023-07-26,28.7,32.0,26.4,86,98,11.6,11.6,8.7,52,13.04,2.95,984.2,26.0,170.0,27.170473,77.973274
UP-AGR,2023-07-27,29.3,32.4,26.9,84,95,1.1,1.1,12.5,23,16.79,3.74,983.2,26.2,170.0,27.170473,77.973274
UP-AGR,2023-07-28,28.9,33.2,26.7,84,95,4.7,4.7,13.0,274,17.19,3.8,981.3,25.8,170.0,27.170473,77.973274
UP-AGR,2023-07-29,27.7,31.2,26.2,87,96,4.7,4.7,18.2,256,13.57,3.07,981.2,25.1,170.0,27.170473,77.973274
UP-AGR,2023-07-30,28.5,32.9,25.2,82,96,3.7,3.7,17.0,270,19.22,4.39,980.4,25.0,170.0,27.170473,77.973274
UP-AGR,2023-07-31,30.1,34.1,26.7,76,88,0.2,0.2,15.8,275,23.09,5.5,979.9,25.2,170.0,27.170473,77.973274
UP-AGR,2023-08-01,30.4,34.5,27.6,76,86,0.8,0.8,18.1,270,21.63,5.34,979.0,25.6,170.0,27.170473,77.973274
UP-AGR,2023-08-02,29.0,33.9,26.7,83,93,7.0,7.0,18.2,266,15.07,3.63,979.5,25.6,170.0,27.170473,77.973274
UP-AGR,2023-08-03,29.5,33.4,26.5,81,94,4.1,4.1,16.3,291,16.2,3.94,979.5,25.8,170.0,27.170473,77.973274
UP-AGR,2023-08-04,28.1,31.4,25.8,89,98,42.9,42.9,13.9,335,13.52,2.99,981.6,26.0,170.0,27.170473,77.973274
UP-AGR,2023-08-05,28.8,32.4,25.5,84,96,22.8,22.8,14.0,289,16.77,3.81,983.2,25.8,170.0,27.170473,77.973274
UP-AGR,2023-08-06,30.0,33.9,26.5,76,94,0.4,0.4,18.4,249,21.28,5.28,980.9,25.2,170.0,27.170473,77.973274
UP-AGR,2023-08-07,29.7,33.2,27.1,69,78,0.0,0.0,21.5,253,22.14,5.92,978.9,23.3,170.0,27.170473,77.973274
UP-AGR,2023-08-08,29.5,33.0,27.2,70,77,0.0,0.0,19.9,255,17.08,4.96,980.4,23.4,170.0,27.170473,77.973274
UP-AGR,2023-08-09,29.5,33.1,26.9,70,78,0.4,0.4,19.4,256,19.62,5.22,983.6,23.5,170.0,27.170473,77.973274
UP-AGR,2023-08-10,29.1,32.6,26.8,72,80,0.2,0.2,16.6,251,17.64,4.56,985.0,23.5,170.0,27.170473,77.973274
UP-AGR,2023-08-11,30.0,34.1,26.8,66,78,0.0,0.0,14.8,255,22.73,5.88,984.7,22.8,170.0,27.170473,77.973274
UP-AGR,2023-08-12,30.0,34.0,27.0,64,74,0.0,0.0,20.3,251,23.2,6.47,983.0,22.3,170.0,27.170473,77.973274
UP-AGR,2023-08-13,29.5,33.1,27.0,69,77,0.5,0.5,17.9,237,17.88,4.94,981.6,23.1,170.0,27.170473,77.973274
UP-AGR,2023-08-14,28.8,31.4,26.7,74,83,0.1,0.1,11.4,182,14.08,3.64,984.5,23.5,170.0,27.170473,77.973274
UP-AGR,2023-08-15,29.4,33.3,25.6,74,93,0.4,0.4,8.4,260,21.81,4.94,984.7,24.0,170.0,27.170473,77.973274
UP-AGR,2023-08-16,30.5,34.7,26.9,72,85,1.3,1.3,14.5,267,21.25,5.43,984.3,24.5,170.0,27.170473,77.973274
UP-AGR,2023-08-17,31.5,35.9,28.2,63,74,0.0,0.0,15.8,279,22.83,6.11,983.8,23.4,170.0,27.170473,77.973274
UP-AGR,2023-08-18,31.2,35.5,28.1,65,86,0.0,0.0,13.8,317,21.26,5.62,983.4,23.6,170.0,27.170473,77.973274
UP-AGR,2023-08-19,30.3,34.2,25.6,77,96,9.4,9.4,11.5,89,20.64,4.76,983.6,25.6,170.0,27.170473,77.973274
UP-AGR,2023-08-20,30.5,34.6,26.1,77,93,3.3,3.3,19.7,96,21.62,5.1,983.9,25.8,170.0,27.170473,77.973274
UP-AGR,2023-08-21,31.7,35.9,27.8,74,94,0.4,0.4,6.6,107,22.5,5.12,983.1,26.2,170.0,27.170473,77.973274
UP-AGR,2023-08-22,30.3,34.2,27.0,80,95,24.2,24.2,15.4,239,14.0,3.48,982.0,26.2,170.0,27.170473,77.973274
UP-AGR,2023-08-23,27.0,28.0,26.0,94,97,76.3,76.3,14.4,237,4.54,1.16,981.5,25.8,170.0,27.170473,77.973274
UP-AGR,2023-08-24,28.3,32.3,25.6,76,91,0.7,0.7,16.6,261,16.19,4.2,980.6,23.4,170.0,27.170473,77.973274
UP-AGR,2023-08-25,28.9,33.0,25.3,69,81,0.0,0.0,18.8,255,20.53,5.33,980.9,22.5,170.0,27.170473,77.973274
UP-AGR,2023-08-26,29.0,33.0,25.8,66,77,0.2,0.2,17.1,256,21.25,5.63,982.6,21.9,170.0,27.170473,77.973274
UP-AGR,2023-08-27,29.1,33.6,26.0,65,75,0.0,0.0,18.4,255,23.28,6.26,982.7,21.7,170.0,27.170473,77.973274
UP-AGR,2023-08-28,28.6,32.8,25.7,70,83,0.4,0.4,20.4,259,21.63,5.46,982.6,22.4,170.0,27.170473,77.973274
UP-AGR,2023-08-29,29.5,33.6,25.6,66,74,0.0,0.0,17.5,267,22.41,5.8,984.5,22.4,170.0,27.170473,77.973274
UP-AGR,2023-08-30,29.6,34.2,25.9,68,79,1.7,1.7,15.0,272,22.16,5.58,986.0,23.0,170.0,27.170473,77.973274
UP-AGR,2023-08-31,30.2,35.2,24.8,67,86,0.0,0.0,11.0,297,22.48,5.42,986.5,23.1,170.0,27.170473,77.973274
UP-AGR,2023-09-01,30.9,36.1,26.2,65,83,0.0,0.0,13.7,283,22.37,5.74,986.0,23.1,170.0,27.170473,77.973274
UP-AGR,2023-09-02,31.0,36.3,26.7,59,75,0.0,0.0,17.7,282,22.75,6.43,984.9,21.7,170.0,27.170473,77.973274
UP-AGR,2023-09-03,30.2,35.4,26.1,60,72,0.0,0.0,16.6,285,23.43,6.17,984.0,21.2,170.0,27.170473,77.973274
UP-AGR,2023-09-04,30.5,36.1,25.4,57,76,0.0,0.0,15.3,321,23.32,6.31,983.1,20.6,170.0,27.170473,77.973274
UP-AGR,2023-09-05,28.9,34.1,25.9,78,90,8.5,8.5,18.7,46,19.47,4.32,983.7,24.6,170.0,27.170473,77.973274
UP-AGR,2023-09-06,29.6,33.5,26.2,73,90,2.9,2.9,21.8,74,19.0,4.65,985.0,24.0,170.0,27.170473,77.973274
UP-AGR,2023-09-07,30.2,34.4,26.9,71,91,2.9,2.9,11.9,57,19.3,4.84,984.5,24.1,170.0,27.170473,77.973274
UP-AGR,2023-09-08,28.7,33.4,26.4,79,94,1.9,1.9,21.0,65,18.86,4.37,984.2,24.7,170.0,27.170473,77.973274
UP-AGR,2023-09-09,26.4,29.0,24.9,90,97,33.2,33.2,22.6,55,8.64,2.05,982.9,24.6,170.0,27.170473,77.973274
UP-AGR,2023-09-10,26.0,29.2,24.4,93,98,43.8,43.8,13.3,67,7.82,1.72,981.2,24.8,170.0,27.170473,77.973274
UP-AGR,2023-09-11,27.1,30.9,24.2,86,99,13.5,13.5,15.5,26,17.72,3.76,981.6,24.3,170.0,27.170473,77.973274
UP-AGR,2023-09-12,27.6,31.7,25.1,86,97,2.2,2.2,11.1,45,17.28,3.72,982.7,24.8,170.0,27.170473,77.973274
UP-AGR,2023-09-13,29.0,33.0,25.0,84,100,1.8,1.8,5.8,92,19.85,4.25,983.1,25.9,170.0,27.170473,77.973274
UP-AGR,2023-09-14,29.6,32.5,25.9,84,96,4.7,4.7,10.2,122,14.42,3.27,984.2,26.4,170.0,27.170473,77.973274
UP-AGR,2023-09-15,29.9,33.5,26.2,78,96,0.7,0.7,16.9,48,18.5,4.54,984.5,25.5,170.0,27.170473,77.973274
UP-AGR,2023-09-16,28.3,31.2,26.0,84,93,9.3,9.3,26.8,72,14.85,3.58,983.3,25.2,170.0,27.170473,77.973274
UP-AGR,2023-09-17,28.2,30.7,25.9,77,93,2.0,2.0,27.3,120,16.85,4.27,982.4,23.7,170.0,27.170473,77.973274
UP-AGR,2023-09-18,27.5,31.7,24.2,78,97,18.6,18.6,16.4,141,20.17,4.6,984.1,23.2,170.0,27.170473,77.973274
UP-AGR,2023-09-19,28.9,33.1,24.7,78,97,0.1,0.1,8.3,127,20.3,4.52,986.2,24.3,170.0,27.170473,77.973274
UP-AGR,2023-09-20,29.4,33.6,25.7,78,93,1.3,1.3,8.2,151,19.87,4.42,986.7,25.1,170.0,27.170473,77.973274
UP-AGR,2023-09-21,29.3,33.7,25.5,81,97,0.9,0.9,13.5,283,19.45,4.35,986.1,25.5,170.0,27.170473,77.973274
UP-AGR,2023-09-22,29.0,32.9,25.5,82,94,1.1,1.1,12.0,39,19.7,4.29,986.3,25.5,170.0,27.170473,77.973274
UP-AGR,2023-09-23,27.9,32.4,23.7,84,97,2.5,2.5,16.8,35,16.94,3.68,986.8,24.8,170.0,27.170473,77.973274
UP-AGR,2023-09-24,28.4,32.6,24.7,80,100,1.4,1.4,19.1,337,19.08,4.2,986.4,24.4,170.0,27.170473,77.973274
UP-AGR,2023-09-25,29.2,33.7,25.0,74,93,0.7,0.7,9.3,70,19.26,4.37,986.6,23.8,170.0,27.170473,77.973274
UP-AGR,2023-09-26,29.1,33.2,25.5,75,89,0.0,0.0,7.5,133,19.52,4.34,987.6,23.9,170.0,27.170473,77.973274
UP-AGR,2023-09-27,29.2,34.3,25.0,68,88,0.0,0.0,10.1,355,20.15,4.87,987.4,22.2,170.0,27.170473,77.973274
UP-AGR,2023-09-28,27.3,33.3,21.7,60,84,0.0,0.0,10.1,348,21.25,5.11,987.1,17.9,170.0,27.170473,77.973274
UP-AGR,2023-09-29,26.7,33.7,20.5,62,84,0.0,0.0,11.4,350,20.93,5.05,987.0,18.1,170.0,27.170473,77.973274
UP-AGR,2023-09-30,27.9,34.1,21.6,63,84,0.0,0.0,13.2,332,20.42,5.08,986.6,19.8,170.0,27.170473,77.973274
UP-AGR,2023-10-01,28.5,34.5,23.8,54,67,0.0,0.0,13.7,347,19.81,5.32,986.0,18.1,170.0,27.170473,77.973274
UP-AGR,2023-10-02,28.0,34.8,22.9,46,59,0.0,0.0,14.1,356,20.12,5.69,987.0,15.0,170.0,27.170473,77.973274
UP-AGR,2023-10-03,27.1,34.5,20.6,37,48,0.0,0.0,18.9,326,20.91,6.33,987.9,10.9,170.0,27.170473,77.973274
UP-AGR,2023-10-04,26.7,34.2,19.8,46,61,0.0,0.0,17.4,324,20.59,5.74,988.1,13.8,170.0,27.170473,77.973274
UP-AGR,2023-10-05,27.1,34.7,20.9,50,70,0.0,0.0,14.4,312,20.48,5.54,987.6,15.0,170.0,27.170473,77.973274
UP-AGR,2023-10-06,27.7,36.2,18.8,49,68,0.0,0.0,10.2,272,20.2,5.26,986.6,15.1,170.0,27.170473,77.973274
UP-AGR,2023-10-07,28.7,35.9,21.9,58,85,0.0,0.0,11.6,275,19.62,5.05,987.6,18.8,170.0,27.170473,77.973274
UP-AGR,2023-10-08,29.7,36.2,22.8,54,75,0.0,0.0,14.9,269,19.35,5.63,988.4,18.6,170.0,27.170473,77.973274
UP-AGR,2023-10-09,30.6,36.5,25.8,46,64,0.0,0.0,15.4,261,19.09,6.19,989.4,17.3,170.0,27.170473,77.973274
UP-AGR,2023-10-10,29.8,35.6,25.2,45,60,0.0,0.0,12.6,271,18.06,5.6,990.1,16.3,170.0,27.170473,77.973274
UP-AGR,2023-10-11,28.7,35.5,23.4,50,72,0.0,0.0,14.3,325,19.31,5.44,990.7,16.1,170.0,27.170473,77.973274
UP-AGR,2023-10-12,27.6,35.0,20.7,44,62,0.0,0.0,12.0,328,19.36,4.96,992.2,13.3,170.0,27.170473,77.973274
UP-AGR,2023-10-13,27.9,35.6,21.2,51,79,0.0,0.0,12.1,24,18.84,4.9,992.7,16.0,170.0,27.170473,77.973274
UP-AGR,2023-10-14,28.9,35.5,22.5,47,74,0.0,0.0,12.4,319,17.64,4.66,992.1,15.5,170.0,27.170473,77.973274
UP-AGR,2023-10-15,28.2,35.6,21.6,44,66,0.0,0.0,17.4,285,17.31,5.21,990.1,14.0,170.0,27.170473,77.973274
UP-AGR,2023-10-16,26.4,32.9,22.2,57,77,0.2,0.2,23.7,70,15.52,4.46,991.4,16.7,170.0,27.170473,77.973274
UP-AGR,2023-10-17,23.6,29.5,20.0,74,95,2.3,2.3,12.6,65,16.18,3.52,994.7,18.2,170.0,27.170473,77.973274
UP-AGR,2023-10-18,24.1,30.2,17.8,62,97,0.0,0.0,13.5,319,17.4,4.44,995.3,15.2,170.0,27.170473,77.973274
UP-AGR,2023-10-19,23.4,30.4,17.4,56,78,0.0,0.0,12.4,321,18.03,4.46,995.1,13.4,170.0,27.170473,77.973274
UP-AGR,2023-10-20,24.1,31.1,17.8,58,81,0.0,0.0,10.2,351,17.59,4.17,995.4,14.7,170.0,27.170473,77.973274
UP-AGR,2023-10-21,24.3,31.4,18.3,59,82,0.0,0.0,8.0,348,17.6,4.08,995.6,15.0,170.0,27.170473,77.973274
UP-AGR,2023-10-22,24.3,31.2,17.9,57,83,0.0,0.0,9.0,46,17.49,4.08,996.0,14.6,170.0,27.170473,77.973274
UP-AGR,2023-10-23,24.1,31.3,17.9,58,85,0.0,0.0,10.7,346,16.71,4.21,994.6,14.3,170.0,27.170473,77.973274
UP-AGR,2023-10-24,24.4,31.5,18.1,51,81,0.0,0.0,11.4,322,16.98,4.49,993.9,12.6,170.0,27.170473,77.973274
UP-AGR,2023-10-25,24.3,31.8,17.7,50,72,0.0,0.0,11.9,329,17.13,4.56,994.7,12.4,170.0,27.170473,77.973274
UP-AGR,2023-10-26,23.7,30.7,17.6,53,77,0.0,0.0,10.7,309,17.32,4.37,994.4,12.8,170.0,27.170473,77.973274
UP-AGR,2023-10-27,23.7,31.2,16.5,48,73,0.0,0.0,9.6,302,17.34,4.18,993.7,10.7,170.0,27.170473,77.973274
UP-AGR,2023-10-28,24.3,30.6,16.1,50,78,0.0,0.0,9.2,236,14.14,3.31,993.9,12.4,170.0,27.170473,77.973274
UP-AGR,2023-10-29,24.2,32.0,17.6,57,78,0.0,0.0,8.8,192,16.51,3.68,993.9,14.3,170.0,27.170473,77.973274
UP-AGR,2023-10-30,25.0,32.9,18.0,60,88,0.0,0.0,9.7,68,16.18,3.85,994.4,15.8,170.0,27.170473,77.973274
UP-AGR,2023-10-31,24.8,31.7,18.6,64,89,0.0,0.0,9.4,86,15.66,3.74,995.8,16.8,170.0,27.170473,77.973274
UP-AGR,2023-11-01,24.3,30.9,18.4,65,93,0.0,0.0,9.2,66,16.21,3.7,996.2,16.6,170.0,27.170473,77.973274
UP-AGR,2023-11-02,24.2,31.0,18.1,61,88,0.0,0.0,9.7,356,16.03,3.75,994.6,15.5,170.0,27.170473,77.973274
UP-AGR,2023-11-03,23.4,31.0,17.1,63,89,0.3,0.3,17.8,315,15.07,3.82,992.5,15.1,170.0,27.170473,77.973274
UP-AGR,2023-11-04,23.4,31.2,16.5,60,89,0.0,0.0,11.3,306,14.76,3.61,992.8,14.0,170.0,27.170473,77.973274
UP-AGR,2023-11-05,23.3,30.6,17.2,61,88,0.0,0.0,14.1,299,15.15,3.54,994.3,14.8,170.0,27.170473,77.973274
UP-AGR,2023-11-06,23.2,29.9,17.3,68,96,0.0,0.0,8.4,106,15.41,3.33,995.8,16.5,170.0,27.170473,77.973274
UP-AGR,2023-11-07,23.5,31.2,16.7,65,94,0.0,0.0,9.7,237,15.24,3.48,995.1,15.6,170.0,27.170473,77.973274
UP-AGR,2023-11-08,23.2,30.9,16.6,61,93,0.0,0.0,13.4,292,15.13,3.65,994.0,14.6,170.0,27.170473,77.973274
UP-AGR,2023-11-09,23.5,31.4,16.5,58,90,0.0,0.0,14.2,277,14.84,3.59,994.2,13.8,170.0,27.170473,77.973274
UP-AGR,2023-11-10,22.3,29.3,17.9,67,89,3.1,3.1,19.6,52,12.47,3.1,995.8,15.3,170.0,27.170473,77.973274
UP-AGR,2023-11-11,20.7,26.4,16.2,77,100,0.0,0.0,10.6,344,14.76,3.0,997.6,16.1,170.0,27.170473,77.973274
UP-AGR,2023-11-12,19.7,25.8,15.0,73,92,0.0,0.0,10.3,307,15.08,3.08,998.1,14.2,170.0,27.170473,77.973274
UP-AGR,2023-11-13,20.0,26.1,14.1,74,94,0.0,0.0,8.4,339,14.59,2.82,997.8,14.8,170.0,27.170473,77.973274
UP-AGR,2023-11-14,20.1,25.7,15.5,75,95,0.0,0.0,11.0,351,11.94,2.55,997.4,15.0,170.0,27.170473,77.973274
UP-AGR,2023-11-15,19.4,25.8,13.8,68,95,0.0,0.0,8.2,307,14.95,2.9,997.2,12.7,170.0,27.170473,77.973274
UP-AGR,2023-11-16,19.5,25.5,12.4,66,95,0.0,0.0,7.9,336,14.77,2.75,997.9,12.3,170.0,27.170473,77.973274
UP-AGR,2023-11-17,19.2,25.9,13.0,72,93,0.0,0.0,9.4,330,14.52,2.87,997.6,13.4,170.0,27.170473,77.973274
UP-AGR,2023-11-18,19.6,25.3,13.5,66,90,0.0,0.0,8.6,292,14.35,2.68,996.5,12.6,170.0,27.170473,77.973274
UP-AGR,2023-11-19,19.6,26.1,13.7,70,92,0.0,0.0,8.6,21,14.26,2.73,997.1,13.6,170.0,27.170473,77.973274
UP-AGR,2023-11-20,20.2,26.1,14.0,68,92,0.0,0.0,9.4,346,14.2,2.76,997.4,13.7,170.0,27.170473,77.973274
UP-AGR,2023-11-21,19.5,26.2,14.3,71,92,0.0,0.0,13.1,310,14.16,3.02,996.3,13.6,170.0,27.170473,77.973274
UP-AGR,2023-11-22,18.6,24.9,13.4,69,92,0.0,0.0,9.5,282,14.43,2.92,994.7,12.1,170.0,27.170473,77.973274
UP-AGR,2023-11-23,17.9,25.0,11.5,72,95,0.0,0.0,9.7,112,14.26,2.64,994.1,12.4,170.0,27.170473,77.973274
UP-AGR,2023-11-24,18.8,25.0,13.0,72,91,0.0,0.0,10.0,58,14.13,2.62,995.9,13.1,170.0,27.170473,77.973274
UP-AGR,2023-11-25,18.2,25.2,11.8,79,98,0.0,0.0,9.0,3,13.61,2.55,997.1,13.9,170.0,27.170473,77.973274
UP-AGR,2023-11-26,18.6,25.2,12.9,75,96,0.0,0.0,11.9,111,12.46,2.64,997.5,13.5,170.0,27.170473,77.973274
UP-AGR,2023-11-27,18.9,23.7,16.1,77,97,0.9,0.9,15.0,116,10.36,2.3,995.5,14.4,170.0,27.170473,77.973274
UP-AGR,2023-11-28,19.3,24.6,15.9,77,97,1.5,1.5,11.3,42,10.72,2.08,994.7,14.7,170.0,27.170473,77.973274
UP-AGR,2023-11-29,18.8,24.8,14.2,81,97,0.0,0.0,7.5,45,12.38,2.34,995.2,15.1,170.0,27.170473,77.973274
UP-AGR,2023-11-30,19.1,24.8,14.7,84,98,0.9,0.9,13.8,86,11.38,2.2,995.9,16.1,170.0,27.170473,77.973274
UP-AGR,2023-12-01,18.8,24.2,15.5,87,99,0.1,0.1,8.4,12,10.57,1.96,996.6,16.4,170.0,27.170473,77.973274
UP-AGR,2023-12-02,19.1,25.0,14.4,81,97,0.1,0.1,8.0,7,12.52,2.39,996.8,15.5,170.0,27.170473,77.973274
UP-AGR,2023-12-03,19.1,24.8,14.8,77,91,8.6,8.6,11.6,5,10.09,2.21,997.2,14.7,170.0,27.170473,77.973274
UP-AGR,2023-12-04,18.2,22.0,15.0,85,98,10.5,10.5,11.9,36,8.93,1.69,996.0,15.5,170.0,27.170473,77.973274
UP-AGR,2023-12-05,17.3,23.1,12.9,85,100,0.0,0.0,9.8,334,12.15,2.2,995.5,14.6,170.0,27.170473,77.973274
UP-AGR,2023-12-06,17.0,23.4,12.2,76,91,0.0,0.0,9.2,342,13.13,2.44,996.2,12.4,170.0,27.170473,77.973274
UP-AGR,2023-12-07,18.1,24.3,13.9,74,88,0.0,0.0,9.6,326,11.94,2.39,995.5,13.3,170.0,27.170473,77.973274
UP-AGR,2023-12-08,17.7,23.8,12.6,78,94,0.0,0.0,8.7,299,13.01,2.39,995.3,13.4,170.0,27.170473,77.973274
UP-AGR,2023-12-09,17.4,23.9,12.3,75,95,0.0,0.0,9.2,300,13.19,2.5,996.2,12.6,170.0,27.170473,77.973274
UP-AGR,2023-12-10,16.1,23.0,11.3,74,91,0.0,0.0,12.7,293,13.41,2.57,994.7,11.0,170.0,27.170473,77.973274
UP-AGR,2023-12-11,15.4,22.7,10.0,79,96,0.0,0.0,9.7,21,13.26,2.32,995.2,11.4,170.0,27.170473,77.973274
UP-AGR,2023-12-12,16.3,22.9,9.9,73,97,0.0,0.0,10.0,129,13.14,2.36,994.4,10.9,170.0,27.170473,77.973274
UP-AGR,2023-12-13,16.5,23.0,9.5,73,97,0.0,0.0,7.8,271,13.17,2.39,996.0,11.2,170.0,27.170473,77.973274
UP-AGR,2023-12-14,16.1,22.6,9.5,73,92,0.0,0.0,9.5,295,13.22,2.37,997.2,11.0,170.0,27.170473,77.973274
UP-AGR,2023-12-15,15.3,22.0,8.4,75,95,0.0,0.0,9.2,336,13.33,2.24,998.3,10.4,170.0,27.170473,77.973274
UP-AGR,2023-12-16,15.7,22.2,8.9,74,97,0.0,0.0,7.2,276,13.18,2.3,997.0,10.5,170.0,27.170473,77.973274
UP-AGR,2023-12-17,15.6,22.8,9.3,72,94,0.0,0.0,9.4,328,13.15,2.42,997.8,10.1,170.0,27.170473,77.973274
UP-AGR,2023-12-18,14.4,21.2,9.7,71,91,0.0,0.0,14.8,309,13.36,2.61,999.4,8.6,170.0,27.170473,77.973274
UP-AGR,2023-12-19,13.7,21.0,8.6,72,88,0.0,0.0,11.8,295,13.54,2.49,999.8,8.4,170.0,27.170473,77.973274
UP-AGR,2023-12-20,13.2,19.7,7.6,75,91,0.0,0.0,8.2,293,11.34,2.03,999.4,8.5,170.0,27.170473,77.973274
UP-AGR,2023-12-21,13.9,20.3,9.3,78,94,0.0,0.0,10.7,303,12.09,2.11,997.6,10.0,170.0,27.170473,77.973274
UP-AGR,2023-12-22,14.3,20.7,8.7,80,95,0.0,0.0,7.9,2,12.54,2.07,997.2,10.5,170.0,27.170473,77.973274
UP-AGR,2023-12-23,14.6,21.2,9.7,84,97,0.2,0.2,9.8,66,11.75,2.01,999.2,11.6,170.0,27.170473,77.973274
UP-AGR,2023-12-24,14.6,21.9,8.4,83,98,0.0,0.0,9.8,337,13.02,2.21,1000.5,11.6,170.0,27.170473,77.973274
UP-AGR,2023-12-25,14.9,22.4,9.9,84,98,0.0,0.0,8.6,286,13.06,2.2,999.1,11.9,170.0,27.170473,77.973274
UP-AGR,2023-12-26,15.1,22.6,9.1,81,99,0.0,0.0,8.8,307,13.19,2.27,998.8,11.4,170.0,27.170473,77.973274
UP-AGR,2023-12-27,14.1,22.1,8.2,83,99,0.0,0.0,10.5,315,13.26,2.27,999.6,10.8,170.0,27.170473,77.973274
UP-AGR,2023-12-28,14.5,20.9,9.4,86,100,0.0,0.0,7.1,330,13.14,2.11,998.6,12.0,170.0,27.170473,77.973274
UP-AGR,2023-12-29,12.6,18.5,9.3,90,100,0.0,0.0,9.2,21,10.15,1.6,999.1,10.8,170.0,27.170473,77.973274
UP-AGR,2023-12-30,11.9,17.4,8.6,91,100,0.0,0.0,9.0,65,9.65,1.5,998.2,10.4,170.0,27.170473,77.973274
UP-AGR,2023-12-31,11.4,18.0,7.6,90,100,0.0,0.0,7.4,47,10.58,1.63,997.9,9.5,170.0,27.170473,77.973274
