site_id,date,temperature_2m_mean,temperature_2m_max,temperature_2m_min,relative_humidity_2m_mean,relative_humidity_2m_max,precipitation_sum,rain_sum,wind_speed_10m_max,wind_direction_10m_dominant,shortwave_radiation_sum,et0_fao_evapotranspiration,surface_pressure_mean,dew_point_2m_mean,elevation_m,lat,lon
UP-FRK,2020-12-01,17.0,24.8,10.2,70,91,0.0,0.0,10.4,326,13.21,2.6,998.6,10.7,155.0,27.38137,79.5419
UP-FRK,2020-12-02,17.9,25.4,11.8,71,95,0.0,0.0,12.8,297,13.11,2.75,996.5,12.0,155.0,27.38137,79.5419
UP-FRK,2020-12-03,17.9,25.7,11.5,70,93,0.0,0.0,10.0,334,13.06,2.68,996.0,11.7,155.0,27.38137,79.5419
UP-FRK,2020-12-04,18.3,25.6,13.6,73,93,0.0,0.0,9.4,101,12.95,2.45,995.0,12.8,155.0,27.38137,79.5419
UP-FRK,2020-12-05,18.1,25.9,12.1,77,97,0.0,0.0,9.8,113,12.74,2.54,995.5,13.4,155.0,27.38137,79.5419
UP-FRK,2020-12-06,19.4,26.8,12.8,73,96,0.0,0.0,9.0,129,12.68,2.45,997.0,13.8,155.0,27.38137,79.5419
UP-FRK,2020-12-07,18.6,26.3,12.8,74,96,0.0,0.0,10.6,298,12.75,2.67,998.1,13.4,155.0,27.38137,79.5419
UP-FRK,2020-12-08,18.4,25.6,11.8,75,96,0.0,0.0,9.0,317,12.71,2.52,998.6,13.5,155.0,27.38137,79.5419
UP-FRK,2020-12-09,18.9,26.6,11.8,75,98,0.0,0.0,8.4,284,12.65,2.55,996.8,13.9,155.0,27.38137,79.5419
UP-FRK,2020-12-10,19.5,27.6,12.1,73,97,0.0,0.0,11.9,300,12.73,2.7,996.0,14.0,155.0,27.38137,79.5419
UP-FRK,2020-12-11,19.6,26.5,12.8,76,98,0.0,0.0,10.2,258,9.04,2.0,996.5,14.8,155.0,27.38137,79.5419
UP-FRK,2020-12-12,18.5,23.2,14.4,83,96,0.3,0.3,9.1,282,8.94,1.73,996.7,15.3,155.0,27.38137,79.5419
UP-FRK,2020-12-13,17.7,23.7,13.8,71,96,0.0,0.0,17.6,317,12.71,2.81,995.9,11.8,155.0,27.38137,79.5419
UP-FRK,2020-12-14,14.6,21.2,10.5,65,90,0.0,0.0,12.5,321,12.85,2.6,997.4,7.5,155.0,27.38137,79.5419
UP-FRK,2020-12-15,13.6,20.4,8.5,72,96,0.0,0.0,10.3,335,11.97,2.18,999.6,8.1,155.0,27.38137,79.5419
UP-FRK,2020-12-16,13.9,20.3,10.1,64,90,0.0,0.0,13.6,319,11.42,2.45,1001.2,6.7,155.0,27.38137,79.5419
UP-FRK,2020-12-17,11.3,17.3,7.4,61,87,0.0,0.0,17.6,292,13.51,2.67,1000.6,3.5,155.0,27.38137,79.5419
UP-FRK,2020-12-18,11.0,17.7,6.3,64,85,0.0,0.0,15.3,285,13.22,2.46,999.4,4.2,155.0,27.38137,79.5419
UP-FRK,2020-12-19,11.9,19.6,6.9,62,80,0.0,0.0,15.6,287,13.23,2.67,999.9,4.4,155.0,27.38137,79.5419
UP-FRK,2020-12-20,11.7,18.7,5.7,72,92,0.0,0.0,11.0,314,13.06,2.2,1000.5,6.4,155.0,27.38137,79.5419
UP-FRK,2020-12-21,12.1,19.6,4.4,79,99,0.0,0.0,10.0,305,12.65,2.09,998.5,8.1,155.0,27.38137,79.5419
UP-FRK,2020-12-22,13.1,20.3,8.3,81,95,0.0,0.0,10.4,306,7.94,1.46,997.3,9.7,155.0,27.38137,79.5419
UP-FRK,2020-12-23,13.4,21.4,6.1,74,95,0.0,0.0,9.4,306,13.18,2.34,996.4,8.3,155.0,27.38137,79.5419
UP-FRK,2020-12-24,13.1,21.5,6.4,76,96,0.0,0.0,11.5,312,13.14,2.37,996.6,8.4,155.0,27.38137,79.5419
UP-FRK,2020-12-25,13.6,21.5,7.9,68,91,0.0,0.0,15.3,305,13.22,2.67,997.6,7.0,155.0,27.38137,79.5419
UP-FRK,2020-12-26,14.0,21.1,8.0,68,90,0.0,0.0,12.3,281,13.06,2.43,997.4,7.8,155.0,27.38137,79.5419
UP-FRK,2020-12-27,13.4,20.8,5.6,75,98,0.0,0.0,9.3,113,13.08,2.2,995.6,8.6,155.0,27.38137,79.5419
UP-FRK,2020-12-28,14.4,19.8,9.7,71,94,0.0,0.0,11.8,349,11.31,2.22,996.5,9.0,155.0,27.38137,79.5419
UP-FRK,2020-12-29,11.7,18.7,6.8,61,83,0.0,0.0,13.3,302,13.53,2.61,998.1,4.0,155.0,27.38137,79.5419
UP-FRK,2020-12-30,10.2,17.3,5.3,76,96,0.0,0.0,10.0,308,13.44,2.1,999.7,5.7,155.0,27.38137,79.5419
UP-FRK,2020-12-31,10.1,17.9,5.0,75,97,0.0,0.0,10.2,300,13.68,2.17,999.5,5.3,155.0,27.38137,79.5419
UP-FRK,2021-01-01,10.7,18.0,3.0,73,100,0.0,0.0,9.9,1,12.99,1.97,999.3,5.5,155.0,27.38137,79.5419
UP-FRK,2021-01-02,12.8,19.1,7.3,78,93,0.0,0.0,10.1,90,8.36,1.51,998.1,8.8,155.0,27.38137,79.5419
UP-FRK,2021-01-03,16.0,21.8,11.0,83,93,1.1,1.1,12.9,45,10.13,1.9,996.6,12.9,155.0,27.38137,79.5419
UP-FRK,2021-01-04,17.9,24.0,12.5,85,99,0.0,0.0,9.2,96,10.79,2.01,997.1,15.2,155.0,27.38137,79.5419
UP-FRK,2021-01-05,19.1,24.5,15.0,82,98,0.0,0.0,10.5,112,10.71,2.09,997.3,15.7,155.0,27.38137,79.5419
UP-FRK,2021-01-06,18.1,22.9,13.3,84,97,0.0,0.0,12.8,326,8.69,1.74,996.1,15.2,155.0,27.38137,79.5419
UP-FRK,2021-01-07,17.6,23.5,13.5,81,96,0.0,0.0,12.3,306,13.14,2.48,995.5,13.9,155.0,27.38137,79.5419
UP-FRK,2021-01-08,15.5,21.9,10.6,80,98,3.0,3.0,9.6,314,11.17,2.08,995.7,11.8,155.0,27.38137,79.5419
UP-FRK,2021-01-09,17.2,22.8,12.4,81,95,0.2,0.2,13.0,300,11.29,2.2,995.7,13.6,155.0,27.38137,79.5419
UP-FRK,2021-01-10,16.5,22.3,11.8,76,95,0.0,0.0,15.9,296,13.34,2.7,995.8,11.9,155.0,27.38137,79.5419
UP-FRK,2021-01-11,11.6,18.1,7.9,72,90,0.0,0.0,16.4,289,14.21,2.49,997.1,6.3,155.0,27.38137,79.5419
UP-FRK,2021-01-12,11.7,18.6,6.8,79,97,0.0,0.0,14.7,291,14.12,2.3,997.8,7.8,155.0,27.38137,79.5419
UP-FRK,2021-01-13,10.9,18.3,5.8,82,98,0.0,0.0,11.9,303,14.27,2.2,997.1,7.5,155.0,27.38137,79.5419
UP-FRK,2021-01-14,10.6,17.7,4.5,84,100,0.0,0.0,9.8,329,13.5,2.04,997.6,7.7,155.0,27.38137,79.5419
UP-FRK,2021-01-15,11.6,18.2,5.1,83,100,0.0,0.0,8.9,315,12.56,1.95,996.1,8.5,155.0,27.38137,79.5419
UP-FRK,2021-01-16,12.4,19.7,5.2,81,99,0.0,0.0,10.0,285,14.54,2.33,994.4,8.9,155.0,27.38137,79.5419
UP-FRK,2021-01-17,12.8,19.7,7.5,85,100,0.0,0.0,13.4,93,14.03,2.22,997.2,10.0,155.0,27.38137,79.5419
UP-FRK,2021-01-18,12.8,17.7,8.9,90,98,0.4,0.4,8.6,75,6.16,1.08,997.7,11.1,155.0,27.38137,79.5419
UP-FRK,2021-01-19,15.2,21.7,9.5,83,100,0.0,0.0,10.8,297,13.12,2.3,994.7,11.9,155.0,27.38137,79.5419
UP-FRK,2021-01-20,15.3,21.4,11.3,79,95,0.0,0.0,15.4,283,14.85,2.67,994.9,11.2,155.0,27.38137,79.5419
UP-FRK,2021-01-21,13.7,21.0,9.7,77,94,0.0,0.0,15.9,282,15.09,2.62,994.7,9.4,155.0,27.38137,79.5419
UP-FRK,2021-01-22,11.9,19.3,7.1,88,100,0.0,0.0,9.3,64,13.25,2.04,996.7,9.7,155.0,27.38137,79.5419
UP-FRK,2021-01-23,12.0,19.9,7.4,88,100,0.0,0.0,10.8,96,13.75,2.15,995.1,9.7,155.0,27.38137,79.5419
UP-FRK,2021-01-24,13.6,20.4,8.1,87,100,0.0,0.0,10.5,13,14.6,2.38,996.3,11.2,155.0,27.38137,79.5419
UP-FRK,2021-01-25,13.5,18.1,8.9,81,97,0.0,0.0,10.7,320,12.81,2.11,998.9,10.0,155.0,27.38137,79.5419
UP-FRK,2021-01-26,11.7,18.1,7.2,81,95,0.0,0.0,9.5,275,12.97,2.1,998.7,8.3,155.0,27.38137,79.5419
UP-FRK,2021-01-27,12.3,19.1,7.3,81,95,0.0,0.0,9.7,255,15.56,2.4,998.4,8.8,155.0,27.38137,79.5419
UP-FRK,2021-01-28,11.6,18.1,5.3,81,98,0.0,0.0,9.9,300,15.25,2.36,999.2,8.1,155.0,27.38137,79.5419
UP-FRK,2021-01-29,11.8,18.0,6.9,82,98,0.0,0.0,13.9,291,15.17,2.36,999.4,8.5,155.0,27.38137,79.5419
UP-FRK,2021-01-30,12.1,19.2,7.3,76,92,0.0,0.0,16.0,280,16.3,2.66,998.0,7.6,155.0,27.38137,79.5419
UP-FRK,2021-01-31,12.5,19.8,5.3,71,94,0.0,0.0,9.2,282,16.35,2.72,999.1,6.8,155.0,27.38137,79.5419
UP-FRK,2021-02-01,13.9,21.0,7.2,75,96,0.0,0.0,10.2,197,16.21,2.74,1000.5,9.1,155.0,27.38137,79.5419
UP-FRK,2021-02-02,14.9,22.9,8.1,79,96,0.0,0.0,8.8,247,16.34,2.78,999.2,10.9,155.0,27.38137,79.5419
UP-FRK,2021-02-03,15.8,23.5,8.9,81,98,0.0,0.0,10.4,102,15.83,2.82,998.2,12.2,155.0,27.38137,79.5419
UP-FRK,2021-02-04,18.1,23.8,13.5,75,92,2.4,2.4,21.4,68,12.53,2.7,997.7,13.4,155.0,27.38137,79.5419
UP-FRK,2021-02-05,16.1,21.1,12.7,80,93,3.4,3.4,12.8,352,15.5,2.71,998.0,12.5,155.0,27.38137,79.5419
UP-FRK,2021-02-06,14.6,20.5,10.1,75,95,0.0,0.0,14.3,300,16.79,2.96,998.6,9.7,155.0,27.38137,79.5419
UP-FRK,2021-02-07,14.5,21.1,10.4,77,93,0.0,0.0,15.0,285,17.11,2.92,998.9,10.2,155.0,27.38137,79.5419
UP-FRK,2021-02-08,14.9,21.8,10.0,79,95,0.0,0.0,11.5,296,17.0,2.93,999.0,11.0,155.0,27.38137,79.5419
UP-FRK,2021-02-09,16.8,24.0,10.8,76,94,0.0,0.0,11.1,284,17.09,3.12,996.4,12.2,155.0,27.38137,79.5419
UP-FRK,2021-02-10,17.6,24.6,11.1,76,96,0.0,0.0,9.7,176,14.85,2.78,994.8,12.9,155.0,27.38137,79.5419
UP-FRK,2021-02-11,17.6,24.9,11.2,77,98,0.0,0.0,10.8,284,17.34,3.19,995.1,13.1,155.0,27.38137,79.5419
UP-FRK,2021-02-12,17.0,22.9,11.0,82,98,0.0,0.0,10.6,341,12.4,2.32,996.4,13.6,155.0,27.38137,79.5419
UP-FRK,2021-02-13,17.7,23.8,11.6,80,99,0.0,0.0,10.6,296,16.79,3.02,996.6,13.8,155.0,27.38137,79.5419
UP-FRK,2021-02-14,17.9,24.8,10.5,75,100,0.0,0.0,10.2,307,17.26,3.21,996.2,12.8,155.0,27.38137,79.5419
UP-FRK,2021-02-15,18.6,25.9,10.8,69,92,0.0,0.0,8.6,280,17.88,3.38,994.6,12.3,155.0,27.38137,79.5419
UP-FRK,2021-02-16,19.1,26.7,13.4,75,96,0.2,0.2,19.5,149,16.29,3.2,994.0,14.1,155.0,27.38137,79.5419
UP-FRK,2021-02-17,19.3,26.1,11.9,71,98,0.0,0.0,6.7,22,17.89,3.35,995.7,13.3,155.0,27.38137,79.5419
UP-FRK,2021-02-18,19.5,25.8,12.4,66,97,0.0,0.0,7.7,255,17.75,3.35,998.3,12.3,155.0,27.38137,79.5419
UP-FRK,2021-02-19,18.8,26.2,11.9,67,92,0.0,0.0,10.5,299,17.96,3.55,1000.4,11.9,155.0,27.38137,79.5419
UP-FRK,2021-02-20,18.2,25.6,11.7,72,94,0.0,0.0,9.9,301,18.76,3.65,1000.0,12.5,155.0,27.38137,79.5419
UP-FRK,2021-02-21,17.9,25.5,11.7,72,93,0.0,0.0,12.8,288,18.73,3.68,998.6,12.3,155.0,27.38137,79.5419
UP-FRK,2021-02-22,19.5,26.8,13.7,68,94,0.0,0.0,18.6,278,18.77,4.01,996.7,13.0,155.0,27.38137,79.5419
UP-FRK,2021-02-23,20.4,28.6,13.4,64,90,0.0,0.0,13.3,277,18.95,4.25,994.6,12.8,155.0,27.38137,79.5419
UP-FRK,2021-02-24,21.3,29.9,13.6,64,91,0.0,0.0,14.4,276,19.23,4.45,992.6,13.4,155.0,27.38137,79.5419
UP-FRK,2021-02-25,22.7,30.6,15.0,58,88,0.0,0.0,17.5,275,19.16,5.0,991.1,13.3,155.0,27.38137,79.5419
UP-FRK,2021-02-26,22.9,30.7,15.9,56,80,0.0,0.0,21.6,270,19.61,5.26,989.2,13.2,155.0,27.38137,79.5419
UP-FRK,2021-02-27,23.6,30.9,16.5,51,75,0.0,0.0,16.7,281,19.41,5.26,989.2,12.2,155.0,27.38137,79.5419
UP-FRK,2021-02-28,23.3,30.2,18.2,51,68,0.0,0.0,12.1,330,19.19,4.87,991.0,12.0,155.0,27.38137,79.5419
UP-FRK,2021-03-01,21.3,28.7,16.0,45,65,0.0,0.0,16.6,314,20.19,5.3,994.6,7.9,155.0,27.38137,79.5419
UP-FRK,2021-03-02,20.7,27.6,14.8,44,64,0.0,0.0,23.5,289,20.61,5.62,995.2,7.5,155.0,27.38137,79.5419
UP-FRK,2021-03-03,20.2,28.5,13.9,50,67,0.0,0.0,14.8,273,20.57,5.01,994.1,8.8,155.0,27.38137,79.5419
UP-FRK,2021-03-04,21.1,30.2,13.3,58,85,0.0,0.0,12.3,286,20.4,4.69,993.5,11.7,155.0,27.38137,79.5419
UP-FRK,2021-03-05,22.2,30.6,14.6,48,79,0.0,0.0,20.5,293,20.56,5.57,992.3,9.7,155.0,27.38137,79.5419
UP-FRK,2021-03-06,22.2,29.9,15.5,45,69,0.0,0.0,19.2,275,21.11,5.63,992.5,8.9,155.0,27.38137,79.5419
UP-FRK,2021-03-07,23.3,32.0,15.3,49,73,0.0,0.0,13.3,92,20.55,5.08,992.2,11.3,155.0,27.38137,79.5419
UP-FRK,2021-03-08,23.7,29.9,18.6,58,74,0.0,0.0,17.4,96,20.39,4.99,993.2,14.8,155.0,27.38137,79.5419
UP-FRK,2021-03-09,24.7,31.7,17.8,62,89,0.0,0.0,8.5,71,19.82,4.29,993.8,16.2,155.0,27.38137,79.5419
UP-FRK,2021-03-10,24.2,31.6,17.8,64,94,0.3,0.3,16.8,345,18.77,4.37,993.5,16.4,155.0,27.38137,79.5419
UP-FRK,2021-03-11,24.2,32.1,16.4,64,95,0.0,0.0,9.9,345,20.84,4.63,994.7,15.7,155.0,27.38137,79.5419
UP-FRK,2021-03-12,23.0,29.0,17.2,67,92,0.7,0.7,14.2,119,13.47,3.33,997.1,16.0,155.0,27.38137,79.5419
UP-FRK,2021-03-13,22.8,29.4,18.2,72,94,1.3,1.3,15.1,249,19.3,4.11,997.3,16.8,155.0,27.38137,79.5419
UP-FRK,2021-03-14,22.9,30.8,16.9,58,87,0.0,0.0,17.1,292,20.92,5.24,994.1,13.0,155.0,27.38137,79.5419
UP-FRK,2021-03-15,23.9,32.4,16.5,53,81,0.0,0.0,18.1,282,21.49,5.61,992.9,12.8,155.0,27.38137,79.5419
UP-FRK,2021-03-16,24.0,32.8,17.4,50,79,0.0,0.0,20.3,296,22.11,5.96,993.1,11.6,155.0,27.38137,79.5419
UP-FRK,2021-03-17,24.7,33.1,16.4,48,73,0.0,0.0,17.5,299,20.91,5.58,992.1,11.9,155.0,27.38137,79.5419
UP-FRK,2021-03-18,24.9,33.1,18.1,52,76,0.0,0.0,18.8,295,20.36,5.28,992.3,13.5,155.0,27.38137,79.5419
UP-FRK,2021-03-19,24.3,32.1,18.0,52,68,0.3,0.3,13.3,282,18.31,4.77,992.0,13.3,155.0,27.38137,79.5419
UP-FRK,2021-03-20,24.8,33.0,18.4,52,78,0.0,0.0,17.1,289,21.92,5.86,990.3,12.8,155.0,27.38137,79.5419
UP-FRK,2021-03-21,25.4,33.3,17.3,50,78,0.0,0.0,11.6,275,21.44,5.24,990.4,13.0,155.0,27.38137,79.5419
UP-FRK,2021-03-22,26.0,33.2,18.9,47,71,0.0,0.0,12.9,9,20.29,5.13,993.1,13.1,155.0,27.38137,79.5419
UP-FRK,2021-03-23,25.1,32.5,18.0,54,80,0.3,0.3,19.8,335,20.05,5.06,994.5,14.2,155.0,27.38137,79.5419
UP-FRK,2021-03-24,25.0,32.2,18.5,48,77,0.0,0.0,21.0,311,21.5,5.96,994.5,12.0,155.0,27.38137,79.5419
UP-FRK,2021-03-25,24.5,31.5,18.5,36,59,0.0,0.0,19.5,304,23.48,6.84,993.8,7.8,155.0,27.38137,79.5419
UP-FRK,2021-03-26,23.6,31.2,17.2,46,71,0.0,0.0,16.6,289,23.34,6.15,992.7,10.4,155.0,27.38137,79.5419
UP-FRK,2021-03-27,23.9,32.4,15.7,49,71,0.0,0.0,11.4,319,23.31,5.56,991.4,11.6,155.0,27.38137,79.5419
UP-FRK,2021-03-28,26.8,34.0,19.2,48,66,0.0,0.0,9.8,358,22.84,5.32,989.2,14.4,155.0,27.38137,79.5419
UP-FRK,2021-03-29,27.9,36.7,19.8,50,77,0.0,0.0,10.6,144,23.0,5.96,986.8,15.2,155.0,27.38137,79.5419
UP-FRK,2021-03-30,29.4,38.2,19.8,38,83,0.0,0.0,27.7,275,23.56,8.15,981.9,10.3,155.0,27.38137,79.5419
UP-FRK,2021-03-31,29.8,35.9,24.7,22,37,0.0,0.0,29.3,297,24.53,10.43,982.2,4.0,155.0,27.38137,79.5419
UP-FRK,2021-04-01,27.4,34.3,21.1,14,23,0.0,0.0,29.2,294,25.02,9.75,983.9,-2.9,155.0,27.38137,79.5419
UP-FRK,2021-04-02,25.3,34.1,17.4,20,29,0.0,0.0,12.2,304,24.65,7.09,987.5,0.1,155.0,27.38137,79.5419
UP-FRK,2021-04-03,25.6,34.1,17.1,21,40,0.0,0.0,13.0,316,24.9,7.06,990.3,-0.1,155.0,27.38137,79.5419
UP-FRK,2021-04-04,26.3,35.6,17.2,23,42,0.0,0.0,17.4,290,24.51,7.39,990.9,2.1,155.0,27.38137,79.5419
UP-FRK,2021-04-05,28.6,37.7,18.6,26,43,0.0,0.0,10.8,259,22.19,6.18,990.1,5.9,155.0,27.38137,79.5419
UP-FRK,2021-04-06,29.8,38.1,21.9,30,45,0.0,0.0,16.3,122,23.65,7.48,989.0,9.8,155.0,27.38137,79.5419
UP-FRK,2021-04-07,30.0,37.9,22.7,32,51,0.0,0.0,21.1,70,22.86,6.87,989.7,10.4,155.0,27.38137,79.5419
UP-FRK,2021-04-08,29.3,36.9,22.7,26,41,0.0,0.0,15.3,327,24.28,7.45,989.3,6.8,155.0,27.38137,79.5419
UP-FRK,2021-04-09,28.5,36.1,21.3,21,38,0.0,0.0,12.6,332,24.36,7.18,990.5,2.8,155.0,27.38137,79.5419
UP-FRK,2021-04-10,27.9,36.9,19.0,20,43,0.0,0.0,18.6,320,25.16,7.98,992.2,1.2,155.0,27.38137,79.5419
UP-FRK,2021-04-11,28.4,37.4,19.0,21,39,0.0,0.0,16.1,292,25.06,7.7,992.5,2.8,155.0,27.38137,79.5419
UP-FRK,2021-04-12,29.9,38.2,20.6,18,30,0.0,0.0,18.0,296,23.81,8.17,992.8,2.4,155.0,27.38137,79.5419
UP-FRK,2021-04-13,30.5,38.8,21.5,21,33,0.0,0.0,17.6,282,23.52,8.17,991.1,4.3,155.0,27.38137,79.5419
UP-FRK,2021-04-14,31.3,39.9,22.4,19,32,0.0,0.0,21.9,294,23.5,8.57,989.6,4.2,155.0,27.38137,79.5419
UP-FRK,2021-04-15,31.9,39.2,24.3,19,27,0.0,0.0,16.5,310,23.33,8.13,988.7,4.7,155.0,27.38137,79.5419
UP-FRK,2021-04-16,31.5,39.1,22.2,23,43,0.0,0.0,16.3,319,23.97,6.68,988.0,6.9,155.0,27.38137,79.5419
UP-FRK,2021-04-17,30.2,35.7,25.0,31,51,0.0,0.0,19.5,342,21.02,7.3,990.7,10.8,155.0,27.38137,79.5419
UP-FRK,2021-04-18,29.4,36.3,21.2,30,57,0.0,0.0,21.4,319,23.7,7.53,992.2,8.3,155.0,27.38137,79.5419
UP-FRK,2021-04-19,30.3,38.1,22.1,24,40,0.0,0.0,22.9,300,23.61,8.54,988.4,6.4,155.0,27.38137,79.5419
UP-FRK,2021-04-20,30.8,38.1,22.3,25,54,0.0,0.0,10.7,40,21.87,6.13,986.6,7.4,155.0,27.38137,79.5419
UP-FRK,2021-04-21,30.0,34.7,24.9,26,39,0.0,0.0,26.4,347,17.96,8.0,989.9,7.8,155.0,27.38137,79.5419
UP-FRK,2021-04-22,27.8,34.0,21.3,38,71,0.0,0.0,17.8,67,23.59,6.71,992.3,11.2,155.0,27.38137,79.5419
UP-FRK,2021-04-23,29.2,37.2,21.5,32,50,0.0,0.0,20.1,81,23.44,7.28,990.4,9.5,155.0,27.38137,79.5419
UP-FRK,2021-04-24,28.7,35.3,22.9,29,45,0.0,0.0,20.6,340,24.91,8.23,989.8,8.5,155.0,27.38137,79.5419
UP-FRK,2021-04-25,29.0,36.0,21.5,26,38,0.0,0.0,18.4,307,25.14,7.96,990.3,6.6,155.0,27.38137,79.5419
UP-FRK,2021-04-26,30.4,38.7,21.3,22,42,0.0,0.0,11.6,299,25.53,7.24,989.3,4.5,155.0,27.38137,79.5419
UP-FRK,2021-04-27,31.8,40.8,23.3,20,30,0.0,0.0,14.5,290,24.63,8.01,988.4,5.5,155.0,27.38137,79.5419
UP-FRK,2021-04-28,32.8,41.6,23.9,21,35,0.0,0.0,14.2,301,23.93,8.07,988.9,6.6,155.0,27.38137,79.5419
UP-FRK,2021-04-29,31.9,40.9,23.1,27,51,0.0,0.0,27.4,8,22.36,7.33,988.9,9.1,155.0,27.38137,79.5419
UP-FRK,2021-04-30,30.3,37.7,24.2,43,67,0.1,0.1,24.5,74,22.45,6.41,989.0,15.3,155.0,27.38137,79.5419
UP-FRK,2021-05-01,31.0,37.2,25.1,38,64,0.5,0.5,12.3,77,21.4,6.18,989.1,14.3,155.0,27.38137,79.5419
UP-FRK,2021-05-02,30.7,36.1,25.4,39,54,0.8,0.8,14.6,87,19.53,6.13,989.6,14.7,155.0,27.38137,79.5419
UP-FRK,2021-05-03,30.8,37.4,25.8,40,60,0.0,0.0,20.1,205,20.74,6.73,988.3,14.8,155.0,27.38137,79.5419
UP-FRK,2021-05-04,32.3,38.8,26.1,33,51,0.0,0.0,25.5,139,21.52,6.9,987.0,13.0,155.0,27.38137,79.5419
UP-FRK,2021-05-05,30.8,36.7,25.6,48,72,0.0,0.0,19.7,96,22.63,6.98,987.9,17.7,155.0,27.38137,79.5419
UP-FRK,2021-05-06,31.0,36.9,26.1,48,67,0.0,0.0,22.3,81,21.47,6.8,989.3,18.0,155.0,27.38137,79.5419
UP-FRK,2021-05-07,28.5,34.0,23.0,60,89,2.7,2.7,18.4,78,18.51,5.21,991.0,19.5,155.0,27.38137,79.5419
UP-FRK,2021-05-08,29.8,34.5,24.5,49,72,0.0,0.0,17.7,89,21.28,5.63,990.0,17.5,155.0,27.38137,79.5419
UP-FRK,2021-05-09,30.2,35.7,24.6,47,67,0.0,0.0,14.6,77,21.06,6.01,988.1,16.9,155.0,27.38137,79.5419
UP-FRK,2021-05-10,29.7,36.3,24.4,52,78,0.1,0.1,14.7,82,22.05,6.05,986.7,18.0,155.0,27.38137,79.5419
UP-FRK,2021-05-11,30.4,36.0,24.8,47,68,0.0,0.0,11.9,92,22.01,6.12,985.8,17.4,155.0,27.38137,79.5419
UP-FRK,2021-05-12,29.2,33.8,26.0,56,68,0.0,0.0,23.6,84,19.98,5.71,984.5,19.3,155.0,27.38137,79.5419
UP-FRK,2021-05-13,27.3,32.9,23.2,64,78,0.0,0.0,16.9,102,18.71,4.72,985.8,19.5,155.0,27.38137,79.5419
UP-FRK,2021-05-14,29.0,34.8,22.3,57,87,0.0,0.0,7.1,72,22.47,5.23,985.7,18.6,155.0,27.38137,79.5419
UP-FRK,2021-05-15,30.8,36.8,24.0,48,79,0.0,0.0,11.2,60,17.59,4.69,986.4,17.6,155.0,27.38137,79.5419
UP-FRK,2021-05-16,31.7,38.6,24.0,40,69,0.0,0.0,9.7,29,23.68,6.33,987.4,15.3,155.0,27.38137,79.5419
UP-FRK,2021-05-17,30.5,36.0,26.8,46,64,0.0,0.0,16.6,221,11.77,5.07,988.2,17.1,155.0,27.38137,79.5419
UP-FRK,2021-05-18,26.5,28.7,23.8,64,78,0.7,0.7,14.6,266,9.3,2.86,988.6,19.1,155.0,27.38137,79.5419
UP-FRK,2021-05-19,23.8,25.8,22.5,85,94,26.3,26.3,26.3,85,8.16,2.24,986.0,21.0,155.0,27.38137,79.5419
UP-FRK,2021-05-20,24.9,28.4,22.5,85,97,16.5,16.5,22.8,148,11.43,2.57,983.8,22.2,155.0,27.38137,79.5419
UP-FRK,2021-05-21,26.2,31.9,20.9,75,96,0.0,0.0,14.0,336,23.25,5.0,986.8,21.0,155.0,27.38137,79.5419
UP-FRK,2021-05-22,28.0,34.5,22.2,71,96,0.0,0.0,12.7,292,23.16,5.41,986.2,21.4,155.0,27.38137,79.5419
UP-FRK,2021-05-23,29.3,35.5,23.0,59,87,0.0,0.0,14.8,290,23.99,6.33,986.6,19.8,155.0,27.38137,79.5419
UP-FRK,2021-05-24,29.4,34.9,24.5,47,67,0.0,0.0,22.1,298,24.37,7.51,986.5,16.2,155.0,27.38137,79.5419
UP-FRK,2021-05-25,29.7,36.9,24.6,40,62,0.0,0.0,23.7,316,25.19,8.18,983.3,13.5,155.0,27.38137,79.5419
UP-FRK,2021-05-26,30.0,37.6,22.6,57,92,0.0,0.0,11.0,33,24.38,6.12,981.8,19.4,155.0,27.38137,79.5419
UP-FRK,2021-05-27,30.9,37.4,25.8,59,88,0.0,0.0,19.8,124,22.24,6.24,982.8,21.1,155.0,27.38137,79.5419
UP-FRK,2021-05-28,29.6,37.1,24.1,62,85,0.0,0.0,18.4,138,23.37,6.04,984.4,20.7,155.0,27.38137,79.5419
UP-FRK,2021-05-29,28.5,33.5,24.8,66,83,0.0,0.0,17.3,111,23.1,5.99,986.6,21.2,155.0,27.38137,79.5419
UP-FRK,2021-05-30,29.9,35.8,24.3,63,84,0.0,0.0,9.8,115,19.77,4.79,985.4,21.6,155.0,27.38137,79.5419
UP-FRK,2021-05-31,33.1,38.9,27.0,52,79,0.0,0.0,13.0,136,23.02,6.39,982.3,21.2,155.0,27.38137,79.5419
UP-FRK,2021-06-01,30.2,36.1,25.3,68,93,13.3,13.3,16.6,69,21.27,5.4,984.3,23.2,155.0,27.38137,79.5419
UP-FRK,2021-06-02,30.8,36.7,25.0,61,91,0.0,0.0,11.7,38,22.8,5.53,986.2,21.6,155.0,27.38137,79.5419
UP-FRK,2021-06-03,32.1,37.7,26.5,53,78,0.3,0.3,12.7,67,21.3,5.57,986.9,20.7,155.0,27.38137,79.5419
UP-FRK,2021-06-04,32.7,39.4,27.0,51,78,0.0,0.0,14.1,115,20.73,5.41,986.7,20.5,155.0,27.38137,79.5419
UP-FRK,2021-06-05,32.8,36.9,28.5,46,58,0.0,0.0,16.9,226,18.8,5.86,986.0,19.5,155.0,27.38137,79.5419
UP-FRK,2021-06-06,34.0,39.7,28.4,44,66,0.0,0.0,13.0,279,22.47,6.62,984.8,19.1,155.0,27.38137,79.5419
UP-FRK,2021-06-07,34.6,40.7,29.2,40,57,0.0,0.0,20.0,295,22.18,7.55,982.7,18.5,155.0,27.38137,79.5419
UP-FRK,2021-06-08,35.4,41.2,29.3,38,58,0.0,0.0,27.7,292,20.34,7.5,980.7,18.3,155.0,27.38137,79.5419
UP-FRK,2021-06-09,34.8,39.9,30.3,44,68,0.0,0.0,20.3,77,22.43,7.25,979.6,20.5,155.0,27.38137,79.5419
UP-FRK,2021-06-10,30.0,33.3,27.1,71,88,4.9,4.9,22.1,85,16.74,4.71,980.7,23.9,155.0,27.38137,79.5419
UP-FRK,2021-06-11,30.6,35.3,25.8,68,93,7.4,7.4,14.5,89,19.8,4.97,980.2,23.6,155.0,27.38137,79.5419
UP-FRK,2021-06-12,30.7,34.8,26.7,67,90,1.9,1.9,14.8,98,20.03,5.33,981.5,23.6,155.0,27.38137,79.5419
UP-FRK,2021-06-13,29.5,34.0,25.9,70,88,0.1,0.1,19.3,84,19.9,5.24,981.8,23.0,155.0,27.38137,79.5419
UP-FRK,2021-06-14,27.6,30.3,25.5,75,86,0.6,0.6,16.3,56,14.84,3.76,980.0,22.7,155.0,27.38137,79.5419
UP-FRK,2021-06-15,29.4,35.0,24.7,71,91,1.0,1.0,18.0,24,18.03,4.7,977.2,23.1,155.0,27.38137,79.5419
UP-FRK,2021-06-16,29.9,35.4,25.1,71,98,0.9,0.9,15.2,91,17.38,4.46,979.5,23.7,155.0,27.38137,79.5419
UP-FRK,2021-06-17,29.3,34.7,26.2,74,90,3.1,3.1,17.9,86,19.93,4.99,981.7,24.0,155.0,27.38137,79.5419
UP-FRK,2021-06-18,26.9,30.7,25.2,85,95,35.7,35.7,15.3,76,10.26,2.57,982.2,24.1,155.0,27.38137,79.5419
UP-FRK,2021-06-19,26.0,28.4,24.7,89,95,12.5,12.5,19.4,75,9.92,2.19,981.9,24.1,155.0,27.38137,79.5419
UP-FRK,2021-06-20,27.3,31.3,24.6,83,98,4.6,4.6,11.8,114,14.87,3.45,982.7,24.1,155.0,27.38137,79.5419
UP-FRK,2021-06-21,28.7,32.5,24.9,76,95,0.4,0.4,10.3,45,16.5,3.88,983.4,23.8,155.0,27.38137,79.5419
UP-FRK,2021-06-22,31.0,35.9,26.0,69,92,0.1,0.1,12.1,9,22.1,5.4,983.2,24.1,155.0,27.38137,79.5419
UP-FRK,2021-06-23,30.8,34.9,27.8,71,87,0.4,0.4,15.1,100,20.53,5.34,984.1,24.9,155.0,27.38137,79.5419
UP-FRK,2021-06-24,29.9,34.1,26.4,76,94,0.1,0.1,13.4,89,20.98,5.0,983.7,25.0,155.0,27.38137,79.5419
UP-FRK,2021-06-25,30.4,35.4,25.8,71,98,0.0,0.0,11.0,80,22.11,5.35,983.0,24.0,155.0,27.38137,79.5419
UP-FRK,2021-06-26,30.3,34.4,26.2,71,93,0.2,0.2,14.0,89,20.71,5.15,984.4,24.1,155.0,27.38137,79.5419
UP-FRK,2021-06-27,30.8,35.0,26.3,70,92,0.0,0.0,12.9,89,21.35,5.47,986.9,24.2,155.0,27.38137,79.5419
UP-FRK,2021-06-28,31.6,35.7,27.3,68,88,0.1,0.1,10.2,94,20.71,5.14,985.5,24.6,155.0,27.38137,79.5419
UP-FRK,2021-06-29,34.3,40.9,28.1,54,87,0.0,0.0,15.0,271,23.78,6.88,981.9,22.3,155.0,27.38137,79.5419
UP-FRK,2021-06-30,35.7,42.4,28.3,40,70,0.0,0.0,25.4,283,23.32,8.73,978.7,19.1,155.0,27.38137,79.5419
UP-FRK,2021-07-01,36.6,41.0,32.6,38,51,0.0,0.0,23.2,262,21.16,8.89,977.8,19.6,155.0,27.38137,79.5419
UP-FRK,2021-07-02,34.9,40.8,31.4,47,65,0.0,0.0,20.6,257,21.96,7.73,979.3,21.6,155.0,27.38137,79.5419
UP-FRK,2021-07-03,31.9,36.1,26.9,64,89,0.2,0.2,12.6,275,19.86,5.0,982.6,23.9,155.0,27.38137,79.5419
UP-FRK,2021-07-04,33.1,38.1,28.2,56,73,0.0,0.0,11.2,275,22.27,6.22,983.7,22.8,155.0,27.38137,79.5419
UP-FRK,2021-07-05,33.5,38.2,28.5,57,87,0.0,0.0,10.2,14,22.8,6.18,984.0,23.3,155.0,27.38137,79.5419
UP-FRK,2021-07-06,34.5,39.2,29.5,56,81,0.0,0.0,11.7,322,21.48,5.77,982.2,24.1,155.0,27.38137,79.5419
UP-FRK,2021-07-07,35.8,41.2,31.5,47,61,0.0,0.0,18.1,275,22.38,7.34,980.9,22.2,155.0,27.38137,79.5419
UP-FRK,2021-07-08,33.7,39.9,29.2,60,78,0.0,0.0,19.6,93,21.18,6.26,981.6,24.3,155.0,27.38137,79.5419
UP-FRK,2021-07-09,31.2,35.7,26.8,67,88,0.9,0.9,15.5,92,19.63,5.57,982.9,24.0,155.0,27.38137,79.5419
UP-FRK,2021-07-10,31.5,35.5,28.3,69,85,3.2,3.2,18.7,95,20.14,5.59,982.6,24.9,155.0,27.38137,79.5419
UP-FRK,2021-07-11,29.7,33.0,27.4,78,91,16.7,16.7,22.9,99,15.56,4.22,984.3,25.5,155.0,27.38137,79.5419
UP-FRK,2021-07-12,28.9,32.1,26.9,81,91,2.2,2.2,19.7,91,12.13,3.34,986.1,25.3,155.0,27.38137,79.5419
UP-FRK,2021-07-13,31.5,35.4,27.4,71,91,0.6,0.6,16.5,99,21.14,5.64,984.6,25.3,155.0,27.38137,79.5419
UP-FRK,2021-07-14,32.1,35.8,28.8,67,84,0.3,0.3,15.5,99,21.47,6.07,984.1,24.9,155.0,27.38137,79.5419
UP-FRK,2021-07-15,31.9,35.3,28.7,68,83,0.8,0.8,17.8,96,20.17,5.83,984.8,25.1,155.0,27.38137,79.5419
UP-FRK,2021-07-16,32.6,36.9,28.7,65,84,0.2,0.2,14.8,102,20.39,5.72,986.3,24.9,155.0,27.38137,79.5419
UP-FRK,2021-07-17,33.2,38.2,29.0,66,91,1.3,1.3,14.5,150,18.16,5.11,984.0,25.4,155.0,27.38137,79.5419
UP-FRK,2021-07-18,28.0,30.0,26.3,90,97,59.7,59.7,15.6,192,5.48,1.44,982.1,26.2,155.0,27.38137,79.5419
UP-FRK,2021-07-19,27.3,30.6,25.7,88,98,51.4,51.4,15.0,203,12.4,2.81,981.1,25.0,155.0,27.38137,79.5419
UP-FRK,2021-07-20,26.6,28.0,25.7,95,97,61.6,61.6,22.6,210,4.1,1.03,980.9,25.6,155.0,27.38137,79.5419
UP-FRK,2021-07-21,27.9,31.4,25.5,85,95,44.0,44.0,20.6,262,17.31,3.85,979.0,25.1,155.0,27.38137,79.5419
UP-FRK,2021-07-22,27.5,30.8,25.4,90,97,23.9,23.9,11.9,126,9.5,2.16,978.4,25.6,155.0,27.38137,79.5419
UP-FRK,2021-07-23,28.9,32.5,25.5,85,97,7.0,7.0,14.4,89,16.55,3.68,979.5,26.0,155.0,27.38137,79.5419
UP-FRK,2021-07-24,29.8,33.1,27.1,81,95,2.8,2.8,20.1,68,15.58,3.82,980.4,26.0,155.0,27.38137,79.5419
UP-FRK,2021-07-25,30.4,33.7,28.0,74,84,0.0,0.0,18.0,87,18.16,4.77,980.1,25.1,155.0,27.38137,79.5419
UP-FRK,2021-07-26,29.4,31.7,27.5,84,95,5.0,5.0,16.7,78,13.27,3.16,979.0,26.3,155.0,27.38137,79.5419
UP-FRK,2021-07-27,28.9,31.9,26.5,88,98,13.8,13.8,15.8,167,16.57,3.6,977.6,26.5,155.0,27.38137,79.5419
UP-FRK,2021-07-28,26.9,29.1,25.8,92,98,17.0,17.0,15.5,259,6.79,1.62,978.4,25.5,155.0,27.38137,79.5419
UP-FRK,2021-07-29,27.5,30.1,25.9,91,98,6.9,6.9,15.2,336,10.48,2.33,978.7,25.8,155.0,27.38137,79.5419
UP-FRK,2021-07-30,27.6,30.0,25.4,88,97,14.3,14.3,15.9,93,11.53,2.57,980.2,25.3,155.0,27.38137,79.5419
UP-FRK,2021-07-31,29.1,32.2,26.1,80,96,1.9,1.9,22.6,113,20.53,4.66,980.7,25.3,155.0,27.38137,79.5419
UP-FRK,2021-08-01,28.1,31.2,26.2,83,91,21.6,21.6,24.9,58,14.82,3.63,979.2,24.9,155.0,27.38137,79.5419
UP-FRK,2021-08-02,28.1,30.8,25.3,81,94,1.3,1.3,25.2,85,14.61,3.73,979.6,24.5,155.0,27.38137,79.5419
UP-FRK,2021-08-03,28.1,30.9,25.7,78,90,0.8,0.8,28.7,110,15.56,4.14,980.9,23.9,155.0,27.38137,79.5419
UP-FRK,2021-08-04,28.2,31.3,25.7,77,85,0.2,0.2,22.0,119,16.63,4.21,982.3,23.7,155.0,27.38137,79.5419
UP-FRK,2021-08-05,28.7,31.9,26.0,83,92,1.8,1.8,16.6,80,18.74,4.12,981.7,25.4,155.0,27.38137,79.5419
UP-FRK,2021-08-06,29.1,31.6,26.6,86,97,4.1,4.1,12.0,77,16.62,3.6,981.8,26.5,155.0,27.38137,79.5419
UP-FRK,2021-08-07,28.7,31.1,26.5,87,96,14.8,14.8,13.1,79,15.12,3.24,983.5,26.2,155.0,27.38137,79.5419
UP-FRK,2021-08-08,28.6,32.5,26.2,86,98,1.7,1.7,8.3,90,17.09,3.69,985.2,26.0,155.0,27.38137,79.5419
UP-FRK,2021-08-09,28.1,32.0,25.9,89,98,6.1,6.1,7.8,53,16.61,3.54,985.4,25.9,155.0,27.38137,79.5419
UP-FRK,2021-08-10,28.4,31.5,26.2,87,98,0.7,0.7,13.0,279,8.93,2.18,983.8,25.9,155.0,27.38137,79.5419
UP-FRK,2021-08-11,30.3,34.2,26.8,73,90,0.3,0.3,20.6,276,23.57,5.89,983.9,24.8,155.0,27.38137,79.5419
UP-FRK,2021-08-12,30.1,34.0,27.0,74,91,0.6,0.6,16.6,270,22.18,5.41,985.3,24.7,155.0,27.38137,79.5419
UP-FRK,2021-08-13,29.8,33.6,27.5,76,89,1.0,1.0,14.9,261,16.41,4.17,983.8,24.9,155.0,27.38137,79.5419
UP-FRK,2021-08-14,29.8,33.7,26.9,75,88,0.8,0.8,18.1,254,21.06,5.18,981.9,24.8,155.0,27.38137,79.5419
UP-FRK,2021-08-15,29.9,33.7,26.5,74,88,0.1,0.1,13.4,262,21.66,5.19,983.2,24.5,155.0,27.38137,79.5419
UP-FRK,2021-08-16,30.0,34.1,26.1,76,91,0.2,0.2,14.0,273,22.01,5.06,985.9,25.1,155.0,27.38137,79.5419
UP-FRK,2021-08-17,30.4,34.3,26.0,77,95,0.3,0.3,11.8,310,21.47,4.94,985.6,25.7,155.0,27.38137,79.5419
UP-FRK,2021-08-18,30.1,33.2,27.3,80,92,0.8,0.8,9.0,108,19.01,4.27,983.9,26.0,155.0,27.38137,79.5419
UP-FRK,2021-08-19,28.6,31.2,27.2,86,95,6.7,6.7,12.8,85,13.87,3.1,983.4,26.0,155.0,27.38137,79.5419
UP-FRK,2021-08-20,27.4,30.7,25.7,89,95,10.5,10.5,18.7,85,13.88,3.0,985.1,25.4,155.0,27.38137,79.5419
UP-FRK,2021-08-21,27.5,30.6,25.4,88,96,9.6,9.6,19.3,112,13.87,3.03,987.3,25.3,155.0,27.38137,79.5419
UP-FRK,2021-08-22,28.3,31.2,25.3,87,97,1.6,1.6,11.6,115,14.87,3.21,987.2,25.8,155.0,27.38137,79.5419
UP-FRK,2021-08-23,28.9,31.7,26.3,86,96,5.9,5.9,11.6,229,15.18,3.34,985.1,26.3,155.0,27.38137,79.5419
UP-FRK,2021-08-24,28.4,30.7,27.2,88,97,8.4,8.4,14.1,248,10.44,2.41,984.0,26.1,155.0,27.38137,79.5419
UP-FRK,2021-08-25,30.0,33.5,26.9,78,97,0.5,0.5,21.1,265,15.76,4.25,981.6,25.5,155.0,27.38137,79.5419
UP-FRK,2021-08-26,29.7,32.3,27.2,71,77,0.0,0.0,19.4,258,17.2,4.81,981.2,23.9,155.0,27.38137,79.5419
UP-FRK,2021-08-27,28.5,31.6,26.6,77,90,0.1,0.1,15.0,212,12.87,3.46,983.8,23.9,155.0,27.38137,79.5419
UP-FRK,2021-08-28,28.0,30.7,25.4,85,94,1.4,1.4,8.1,123,16.24,3.5,984.3,25.0,155.0,27.38137,79.5419
UP-FRK,2021-08-29,27.4,31.9,25.8,88,95,13.9,13.9,12.6,74,14.28,3.12,984.8,25.1,155.0,27.38137,79.5419
UP-FRK,2021-08-30,26.7,29.9,24.5,89,98,17.7,17.7,16.3,72,13.82,2.92,987.6,24.7,155.0,27.38137,79.5419
UP-FRK,2021-08-31,26.8,30.4,24.9,90,96,24.4,24.4,16.2,81,12.09,2.6,989.1,25.0,155.0,27.38137,79.5419
UP-FRK,2021-09-01,28.1,31.0,25.7,87,96,9.4,9.4,14.5,85,17.45,3.71,988.4,25.6,155.0,27.38137,79.5419
UP-FRK,2021-09-02,29.3,33.2,26.1,82,97,3.3,3.3,7.6,134,21.1,4.6,986.6,25.7,155.0,27.38137,79.5419
UP-FRK,2021-09-03,28.4,31.6,26.0,86,97,11.5,11.5,8.2,141,16.66,3.51,985.5,25.7,155.0,27.38137,79.5419
UP-FRK,2021-09-04,28.1,31.3,25.4,86,99,3.2,3.2,11.9,264,17.38,3.71,985.2,25.5,155.0,27.38137,79.5419
UP-FRK,2021-09-05,28.9,32.4,25.5,84,99,1.1,1.1,6.2,269,19.43,4.18,985.2,25.8,155.0,27.38137,79.5419
UP-FRK,2021-09-06,29.5,32.7,26.3,83,97,1.2,1.2,10.0,63,18.7,4.08,986.5,26.1,155.0,27.38137,79.5419
UP-FRK,2021-09-07,29.1,32.0,27.1,81,93,3.3,3.3,20.4,86,17.2,4.21,987.6,25.4,155.0,27.38137,79.5419
UP-FRK,2021-09-08,28.2,30.8,26.4,81,85,5.6,5.6,26.3,94,16.17,3.88,986.6,24.6,155.0,27.38137,79.5419
UP-FRK,2021-09-09,28.0,31.2,25.4,84,95,9.1,9.1,17.3,97,16.64,3.74,985.9,24.9,155.0,27.38137,79.5419
UP-FRK,2021-09-10,27.1,29.4,25.2,89,96,13.5,13.5,20.8,102,11.44,2.55,985.8,25.0,155.0,27.38137,79.5419
UP-FRK,2021-09-11,27.0,30.2,25.0,90,97,16.3,16.3,13.0,105,12.9,2.78,985.8,25.2,155.0,27.38137,79.5419
UP-FRK,2021-09-12,28.5,32.3,25.8,85,96,3.2,3.2,12.7,100,17.31,3.72,983.6,25.6,155.0,27.38137,79.5419
UP-FRK,2021-09-13,28.7,31.9,26.4,85,97,5.1,5.1,15.3,66,16.04,3.52,983.6,25.9,155.0,27.38137,79.5419
UP-FRK,2021-09-14,29.1,32.8,26.4,76,91,0.7,0.7,23.8,78,19.68,5.1,985.2,24.3,155.0,27.38137,79.5419
UP-FRK,2021-09-15,28.1,30.1,26.2,71,81,0.9,0.9,33.0,74,12.66,4.48,986.1,22.3,155.0,27.38137,79.5419
UP-FRK,2021-09-16,25.0,27.6,23.7,84,92,142.0,142.0,35.1,56,2.51,1.85,982.9,21.9,155.0,27.38137,79.5419
UP-FRK,2021-09-17,25.8,28.3,23.8,91,97,27.1,27.1,24.6,86,9.98,2.15,982.9,24.2,155.0,27.38137,79.5419
UP-FRK,2021-09-18,27.6,31.3,24.8,85,96,2.6,2.6,17.7,102,17.77,3.82,986.6,24.7,155.0,27.38137,79.5419
UP-FRK,2021-09-19,28.4,32.7,25.1,81,97,0.1,0.1,10.5,150,20.15,4.38,988.9,24.6,155.0,27.38137,79.5419
UP-FRK,2021-09-20,28.7,32.6,25.0,80,96,0.7,0.7,10.8,141,19.34,4.23,988.2,24.7,155.0,27.38137,79.5419
UP-FRK,2021-09-21,28.3,30.7,26.2,84,93,3.1,3.1,15.6,108,15.42,3.36,987.5,25.4,155.0,27.38137,79.5419
UP-FRK,2021-09-22,27.6,30.5,25.6,86,94,4.9,4.9,13.0,92,15.09,3.25,987.0,24.9,155.0,27.38137,79.5419
UP-FRK,2021-09-23,27.9,31.4,25.3,83,94,2.7,2.7,14.8,78,17.8,3.95,988.0,24.5,155.0,27.38137,79.5419
UP-FRK,2021-09-24,26.3,29.1,25.0,89,97,8.4,8.4,21.0,79,12.22,2.58,988.5,24.3,155.0,27.38137,79.5419
UP-FRK,2021-09-25,26.2,29.4,24.3,90,99,11.5,11.5,10.5,98,11.77,2.45,987.7,24.4,155.0,27.38137,79.5419
UP-FRK,2021-09-26,26.5,30.6,24.2,89,97,12.6,12.6,11.5,89,14.53,3.01,987.6,24.5,155.0,27.38137,79.5419
UP-FRK,2021-09-27,28.8,32.9,25.3,80,91,0.4,0.4,13.0,72,17.97,4.15,987.6,24.8,155.0,27.38137,79.5419
UP-FRK,2021-09-28,28.1,30.6,25.9,84,94,4.8,4.8,19.6,86,15.07,3.41,988.6,25.1,155.0,27.38137,79.5419
UP-FRK,2021-09-29,28.1,31.6,25.3,83,96,3.1,3.1,16.0,96,17.03,3.74,990.0,24.9,155.0,27.38137,79.5419
UP-FRK,2021-09-30,28.1,31.5,25.2,84,97,1.5,1.5,9.0,85,17.11,3.64,991.3,25.0,155.0,27.38137,79.5419
UP-FRK,2021-10-01,28.7,32.3,25.3,80,97,0.9,0.9,6.5,347,17.26,3.69,990.7,24.6,155.0,27.38137,79.5419
UP-FRK,2021-10-02,28.6,33.0,25.3,82,96,1.1,1.1,14.7,275,17.89,3.97,989.3,24.9,155.0,27.38137,79.5419
UP-FRK,2021-10-03,28.7,32.6,25.8,83,96,0.6,0.6,16.8,263,16.92,3.86,987.5,25.3,155.0,27.38137,79.5419
UP-FRK,2021-10-04,28.8,32.9,25.8,80,93,0.6,0.6,9.4,266,18.11,3.99,987.6,25.0,155.0,27.38137,79.5419
UP-FRK,2021-10-05,28.3,31.9,25.6,83,95,0.4,0.4,10.8,92,16.49,3.57,990.0,25.0,155.0,27.38137,79.5419
UP-FRK,2021-10-06,28.3,32.2,25.3,82,97,0.2,0.2,7.2,286,16.61,3.62,989.8,24.8,155.0,27.38137,79.5419
UP-FRK,2021-10-07,27.9,32.5,24.6,76,97,0.0,0.0,11.8,299,19.25,4.35,988.5,22.9,155.0,27.38137,79.5419
UP-FRK,2021-10-08,27.6,32.4,23.7,70,87,0.0,0.0,12.0,278,17.12,4.21,987.6,21.3,155.0,27.38137,79.5419
UP-FRK,2021-10-09,27.5,33.1,23.3,69,87,0.0,0.0,12.3,284,19.19,4.63,987.9,21.0,155.0,27.38137,79.5419
UP-FRK,2021-10-10,27.7,33.6,22.8,72,92,0.0,0.0,10.0,291,18.98,4.37,988.5,21.7,155.0,27.38137,79.5419
UP-FRK,2021-10-11,27.6,33.2,23.2,73,94,0.0,0.0,10.7,315,17.66,4.14,988.1,21.8,155.0,27.38137,79.5419
UP-FRK,2021-10-12,27.3,33.3,22.8,72,94,0.0,0.0,12.1,305,18.17,4.23,988.1,21.4,155.0,27.38137,79.5419
UP-FRK,2021-10-13,26.8,33.0,22.4,64,84,0.0,0.0,18.4,314,18.58,4.93,988.1,18.8,155.0,27.38137,79.5419
UP-FRK,2021-10-14,25.7,31.9,21.1,62,76,0.0,0.0,11.7,302,18.51,4.63,988.3,17.6,155.0,27.38137,79.5419
UP-FRK,2021-10-15,26.1,32.5,21.1,69,88,0.0,0.0,8.8,307,18.3,4.11,986.6,19.8,155.0,27.38137,79.5419
UP-FRK,2021-10-16,27.7,33.4,22.2,74,93,0.0,0.0,9.4,64,17.41,4.05,987.0,22.3,155.0,27.38137,79.5419
UP-FRK,2021-10-17,27.6,31.1,25.5,81,90,5.0,5.0,18.4,74,12.21,3.01,988.1,24.0,155.0,27.38137,79.5419
UP-FRK,2021-10-18,24.9,28.0,23.6,91,96,113.3,113.3,23.5,123,5.7,1.47,986.9,23.3,155.0,27.38137,79.5419
UP-FRK,2021-10-19,24.8,28.4,22.6,80,96,33.2,33.2,24.5,285,13.6,3.23,988.0,21.0,155.0,27.38137,79.5419
UP-FRK,2021-10-20,24.6,30.2,21.2,76,94,0.0,0.0,14.9,276,17.24,3.87,992.3,19.8,155.0,27.38137,79.5419
UP-FRK,2021-10-21,24.2,30.1,20.2,67,83,0.0,0.0,15.5,276,17.59,4.28,991.8,17.5,155.0,27.38137,79.5419
UP-FRK,2021-10-22,23.5,29.3,19.4,69,86,0.0,0.0,15.9,273,17.51,4.13,992.5,17.3,155.0,27.38137,79.5419
UP-FRK,2021-10-23,24.0,30.2,18.5,70,88,0.0,0.0,8.8,214,17.19,3.72,994.8,17.6,155.0,27.38137,79.5419
UP-FRK,2021-10-24,23.6,29.1,19.9,74,90,0.6,0.6,9.5,96,15.08,3.29,995.8,18.3,155.0,27.38137,79.5419
UP-FRK,2021-10-25,23.3,28.8,18.6,74,94,0.0,0.0,10.5,317,16.1,3.49,995.4,18.0,155.0,27.38137,79.5419
UP-FRK,2021-10-26,22.0,27.8,17.6,73,90,0.0,0.0,12.5,303,16.83,3.6,994.9,16.5,155.0,27.38137,79.5419
UP-FRK,2021-10-27,20.7,26.9,16.0,72,91,0.0,0.0,13.3,293,16.85,3.55,996.4,15.0,155.0,27.38137,79.5419
UP-FRK,2021-10-28,20.6,27.1,15.6,75,91,0.0,0.0,9.2,293,16.66,3.34,996.7,15.7,155.0,27.38137,79.5419
UP-FRK,2021-10-29,21.1,27.5,15.7,76,96,0.0,0.0,7.9,304,16.35,3.26,998.0,16.2,155.0,27.38137,79.5419
UP-FRK,2021-10-30,21.6,28.0,17.2,68,92,0.0,0.0,14.2,281,16.33,3.76,997.4,14.8,155.0,27.38137,79.5419
UP-FRK,2021-10-31,20.9,27.9,16.0,63,80,0.0,0.0,14.7,278,16.39,3.81,995.6,13.4,155.0,27.38137,79.5419
UP-FRK,2021-11-01,20.5,27.8,14.9,74,91,0.0,0.0,10.5,342,16.08,3.31,995.6,15.3,155.0,27.38137,79.5419
UP-FRK,2021-11-02,20.8,27.0,15.4,77,96,0.0,0.0,10.0,44,15.81,3.12,996.8,16.3,155.0,27.38137,79.5419
UP-FRK,2021-11-03,21.6,27.1,17.5,74,91,0.0,0.0,6.4,279,15.66,3.1,996.5,16.4,155.0,27.38137,79.5419
UP-FRK,2021-11-04,20.8,27.7,15.1,75,96,0.0,0.0,8.7,251,15.48,3.12,995.6,15.9,155.0,27.38137,79.5419
UP-FRK,2021-11-05,20.2,27.3,15.6,74,95,0.0,0.0,11.8,300,15.42,3.27,995.2,14.7,155.0,27.38137,79.5419
UP-FRK,2021-11-06,20.5,26.9,15.4,65,82,0.0,0.0,12.8,275,15.51,3.61,993.5,13.4,155.0,27.38137,79.5419
UP-FRK,2021-11-07,20.4,27.2,15.8,71,87,0.0,0.0,12.4,293,15.35,3.35,993.5,14.6,155.0,27.38137,79.5419
UP-FRK,2021-11-08,19.9,27.2,14.7,74,91,0.0,0.0,11.5,294,15.32,3.19,995.1,14.6,155.0,27.38137,79.5419
UP-FRK,2021-11-09,19.5,26.7,13.7,75,96,0.0,0.0,9.9,298,15.18,3.07,995.8,14.5,155.0,27.38137,79.5419
UP-FRK,2021-11-10,20.0,26.8,14.5,76,95,0.0,0.0,8.4,319,14.93,2.96,995.3,15.3,155.0,27.38137,79.5419
UP-FRK,2021-11-11,20.0,26.4,14.1,75,95,0.0,0.0,8.4,321,14.85,2.88,994.9,15.2,155.0,27.38137,79.5419
UP-FRK,2021-11-12,20.8,26.3,13.7,72,100,0.0,0.0,6.9,290,14.64,2.71,995.3,14.9,155.0,27.38137,79.5419
UP-FRK,2021-11-13,19.8,26.3,15.1,72,93,0.0,0.0,9.7,288,14.64,2.91,995.1,14.2,155.0,27.38137,79.5419
UP-FRK,2021-11-14,18.9,25.3,12.1,71,92,0.0,0.0,7.8,281,14.62,2.68,994.3,12.9,155.0,27.38137,79.5419
UP-FRK,2021-11-15,18.2,25.1,12.8,75,96,0.0,0.0,9.2,313,14.34,2.76,993.5,13.3,155.0,27.38137,79.5419
UP-FRK,2021-11-16,17.7,24.6,12.2,74,93,0.0,0.0,9.4,309,14.35,2.72,994.5,12.6,155.0,27.38137,79.5419
UP-FRK,2021-11-17,17.7,24.4,11.6,75,93,0.0,0.0,9.3,317,14.17,2.63,996.8,12.6,155.0,27.38137,79.5419
UP-FRK,2021-11-18,18.3,22.7,14.3,78,93,0.4,0.4,10.0,326,7.12,1.56,995.6,14.3,155.0,27.38137,79.5419
UP-FRK,2021-11-19,19.6,23.4,16.8,78,96,0.0,0.0,9.6,263,7.68,1.73,993.2,15.5,155.0,27.38137,79.5419
UP-FRK,2021-11-20,19.9,23.5,16.4,79,91,1.0,1.0,11.4,286,6.72,1.65,993.5,15.9,155.0,27.38137,79.5419
UP-FRK,2021-11-21,19.7,26.5,14.8,70,94,0.0,0.0,13.1,279,13.53,3.12,994.4,13.4,155.0,27.38137,79.5419
UP-FRK,2021-11-22,18.8,25.0,14.6,59,74,0.0,0.0,15.3,282,14.22,3.57,994.0,10.3,155.0,27.38137,79.5419
UP-FRK,2021-11-23,17.5,24.5,12.6,61,77,0.0,0.0,13.3,269,14.03,3.16,993.8,9.8,155.0,27.38137,79.5419
UP-FRK,2021-11-24,17.5,24.8,10.8,73,94,0.0,0.0,9.9,341,13.63,2.52,995.4,12.0,155.0,27.38137,79.5419
UP-FRK,2021-11-25,17.5,24.3,11.6,78,97,0.0,0.0,10.0,318,13.53,2.52,996.3,13.2,155.0,27.38137,79.5419
UP-FRK,2021-11-26,17.7,24.1,11.5,76,95,0.0,0.0,8.7,219,13.21,2.42,996.6,13.2,155.0,27.38137,79.5419
UP-FRK,2021-11-27,18.7,24.5,12.9,77,98,0.0,0.0,9.1,104,13.09,2.45,997.7,14.3,155.0,27.38137,79.5419
UP-FRK,2021-11-28,18.9,24.8,13.2,77,93,0.0,0.0,9.9,42,12.93,2.36,998.8,14.5,155.0,27.38137,79.5419
UP-FRK,2021-11-29,18.3,24.9,13.1,74,96,0.0,0.0,11.4,302,13.04,2.7,998.6,13.1,155.0,27.38137,79.5419
UP-FRK,2021-11-30,16.8,22.8,12.0,75,89,0.0,0.0,9.4,285,12.19,2.35,998.3,12.1,155.0,27.38137,79.5419
UP-FRK,2021-12-01,17.2,21.9,12.5,82,96,0.0,0.0,8.7,303,8.22,1.62,998.1,13.9,155.0,27.38137,79.5419
UP-FRK,2021-12-02,18.6,22.5,15.8,75,92,0.0,0.0,16.3,314,5.49,1.72,997.7,14.0,155.0,27.38137,79.5419
UP-FRK,2021-12-03,19.1,23.5,15.7,70,90,0.2,0.2,10.8,292,10.76,2.17,998.5,13.3,155.0,27.38137,79.5419
UP-FRK,2021-12-04,18.6,24.8,13.2,82,99,0.0,0.0,7.9,299,12.56,2.26,997.3,15.3,155.0,27.38137,79.5419
UP-FRK,2021-12-05,18.7,24.9,13.3,83,97,0.0,0.0,9.2,12,10.55,2.0,997.6,15.5,155.0,27.38137,79.5419
UP-FRK,2021-12-06,18.4,23.2,15.0,82,97,0.0,0.0,11.8,317,8.04,1.75,997.2,15.2,155.0,27.38137,79.5419
UP-FRK,2021-12-07,17.4,23.9,13.5,72,93,0.0,0.0,12.6,298,12.96,2.68,998.2,11.8,155.0,27.38137,79.5419
UP-FRK,2021-12-08,15.9,22.8,11.5,74,91,0.0,0.0,9.1,277,12.83,2.44,998.8,10.9,155.0,27.38137,79.5419
UP-FRK,2021-12-09,15.3,22.4,9.7,74,96,0.0,0.0,8.4,280,12.58,2.29,1001.0,10.3,155.0,27.38137,79.5419
UP-FRK,2021-12-10,15.4,22.5,9.9,77,95,0.0,0.0,9.7,285,12.6,2.34,1000.7,11.0,155.0,27.38137,79.5419
UP-FRK,2021-12-11,15.3,21.8,10.8,71,90,0.0,0.0,11.5,276,12.82,2.5,1000.2,9.6,155.0,27.38137,79.5419
UP-FRK,2021-12-12,14.8,21.1,8.7,71,94,0.0,0.0,7.5,287,12.27,2.08,1001.0,9.1,155.0,27.38137,79.5419
UP-FRK,2021-12-13,15.4,20.8,8.5,64,95,0.0,0.0,7.1,307,12.09,2.13,999.8,8.1,155.0,27.38137,79.5419
UP-FRK,2021-12-14,15.4,21.8,9.5,71,92,0.0,0.0,10.6,350,12.32,2.21,998.7,9.8,155.0,27.38137,79.5419
UP-FRK,2021-12-15,15.8,22.4,11.0,75,91,0.0,0.0,9.7,333,12.19,2.35,998.7,10.9,155.0,27.38137,79.5419
UP-FRK,2021-12-16,16.0,22.2,11.2,73,89,0.0,0.0,9.7,23,9.89,1.92,999.4,10.9,155.0,27.38137,79.5419
UP-FRK,2021-12-17,15.0,20.7,10.7,53,74,0.4,0.4,17.9,311,11.31,3.01,1000.2,5.1,155.0,27.38137,79.5419
UP-FRK,2021-12-18,11.9,17.8,7.2,65,87,0.0,0.0,17.7,288,13.08,2.56,1000.9,5.2,155.0,27.38137,79.5419
UP-FRK,2021-12-19,11.4,17.4,7.2,67,79,0.0,0.0,13.4,285,12.83,2.33,1000.7,5.4,155.0,27.38137,79.5419
UP-FRK,2021-12-20,10.8,17.6,6.0,74,90,0.0,0.0,10.2,285,12.3,2.04,1000.2,6.1,155.0,27.38137,79.5419
UP-FRK,2021-12-21,11.7,19.6,5.9,76,94,0.0,0.0,10.7,285,12.7,2.16,998.6,7.2,155.0,27.38137,79.5419
UP-FRK,2021-12-22,13.7,20.5,6.9,68,92,0.0,0.0,8.6,290,12.74,2.15,996.5,7.3,155.0,27.38137,79.5419
UP-FRK,2021-12-23,14.4,21.2,8.0,67,86,0.0,0.0,6.1,256,12.5,2.16,996.1,7.9,155.0,27.38137,79.5419
UP-FRK,2021-12-24,14.1,21.5,8.7,77,93,0.0,0.0,10.4,55,12.47,2.19,995.7,9.6,155.0,27.38137,79.5419
UP-FRK,2021-12-25,14.6,21.4,8.5,76,96,0.0,0.0,10.2,357,12.56,2.16,997.4,10.0,155.0,27.38137,79.5419
UP-FRK,2021-12-26,14.2,19.9,10.6,82,93,0.1,0.1,10.0,52,8.19,1.47,999.4,11.1,155.0,27.38137,79.5419
UP-FRK,2021-12-27,16.1,21.7,11.4,75,95,0.0,0.0,9.4,10,12.15,2.12,1000.3,11.3,155.0,27.38137,79.5419
UP-FRK,2021-12-28,13.1,15.4,10.2,88,95,7.3,7.3,10.8,10,2.66,0.65,999.5,11.2,155.0,27.38137,79.5419
UP-FRK,2021-12-29,14.2,18.6,10.5,82,95,0.1,0.1,9.4,32,11.6,1.93,1000.0,11.0,155.0,27.38137,79.5419
UP-FRK,2021-12-30,12.8,19.0,8.3,85,98,0.0,0.0,9.8,323,10.99,1.81,1003.9,10.0,155.0,27.38137,79.5419
UP-FRK,2021-12-31,12.5,18.9,8.4,75,95,0.0,0.0,9.4,298,11.14,1.98,1003.9,7.9,155.0,27.38137,79.5419
UP-FRK,2022-01-01,11.7,18.4,6.3,77,93,0.0,0.0,8.7,279,13.01,2.08,1003.0,7.4,155.0,27.38137,79.5419
UP-FRK,2022-01-02,12.1,19.1,6.3,80,95,0.0,0.0,10.6,294,11.67,1.91,1001.5,8.4,155.0,27.38137,79.5419
UP-FRK,2022-01-03,12.4,20.0,7.2,82,96,0.0,0.0,10.0,274,12.85,2.12,999.7,9.0,155.0,27.38137,79.5419
UP-FRK,2022-01-04,14.2,21.2,7.6,79,95,0.0,0.0,8.9,263,12.9,2.13,999.2,10.3,155.0,27.38137,79.5419
UP-FRK,2022-01-05,14.6,18.9,10.2,85,96,0.7,0.7,13.4,84,5.68,1.12,998.5,12.0,155.0,27.38137,79.5419
UP-FRK,2022-01-06,15.3,18.1,13.2,90,96,5.7,5.7,13.3,105,5.9,1.08,998.4,13.7,155.0,27.38137,79.5419
UP-FRK,2022-01-07,15.9,21.0,13.1,88,98,0.2,0.2,9.4,124,9.35,1.64,998.8,13.8,155.0,27.38137,79.5419
UP-FRK,2022-01-08,16.2,20.0,13.5,90,96,2.9,2.9,18.3,109,7.96,1.37,997.9,14.5,155.0,27.38137,79.5419
UP-FRK,2022-01-09,15.9,19.3,13.7,90,97,38.3,38.3,12.6,133,7.7,1.35,996.3,14.2,155.0,27.38137,79.5419
UP-FRK,2022-01-10,15.6,19.6,13.1,86,98,2.5,2.5,12.6,311,8.11,1.48,998.0,13.1,155.0,27.38137,79.5419
UP-FRK,2022-01-11,14.7,19.6,11.3,79,92,0.0,0.0,13.7,304,11.4,2.1,998.3,10.9,155.0,27.38137,79.5419
UP-FRK,2022-01-12,13.7,18.5,9.4,73,87,0.0,0.0,10.4,303,11.79,2.16,998.3,8.8,155.0,27.38137,79.5419
UP-FRK,2022-01-13,11.8,17.9,7.2,78,95,0.0,0.0,8.9,291,13.67,2.23,998.9,7.7,155.0,27.38137,79.5419
UP-FRK,2022-01-14,10.9,17.5,6.0,79,93,0.0,0.0,9.6,298,13.5,2.14,999.2,7.0,155.0,27.38137,79.5419
UP-FRK,2022-01-15,10.6,17.1,5.7,83,96,0.0,0.0,9.2,312,13.38,2.03,1000.5,7.5,155.0,27.38137,79.5419
UP-FRK,2022-01-16,10.3,16.4,5.4,83,99,0.0,0.0,8.1,303,14.13,2.04,1001.8,7.3,155.0,27.38137,79.5419
UP-FRK,2022-01-17,10.1,16.5,4.1,85,100,0.0,0.0,9.0,297,13.6,1.98,1002.4,7.5,155.0,27.38137,79.5419
UP-FRK,2022-01-18,9.7,16.1,5.7,88,100,0.0,0.0,11.4,283,14.0,1.95,1000.0,7.6,155.0,27.38137,79.5419
UP-FRK,2022-01-19,10.7,17.4,6.3,88,98,0.0,0.0,8.0,269,13.67,1.98,997.4,8.7,155.0,27.38137,79.5419
UP-FRK,2022-01-20,11.9,18.0,7.2,90,100,0.0,0.0,8.3,30,12.84,1.95,993.6,10.1,155.0,27.38137,79.5419
UP-FRK,2022-01-21,13.0,19.1,7.9,87,100,0.0,0.0,9.1,71,13.67,2.14,993.5,10.6,155.0,27.38137,79.5419
UP-FRK,2022-01-22,13.5,16.9,11.4,87,95,6.1,6.1,21.0,103,4.53,1.1,990.6,11.3,155.0,27.38137,79.5419
UP-FRK,2022-01-23,13.6,18.5,10.9,89,97,2.0,2.0,15.2,128,6.81,1.23,991.3,11.8,155.0,27.38137,79.5419
UP-FRK,2022-01-24,12.3,17.6,8.9,84,100,0.1,0.1,11.1,304,12.81,2.04,995.0,9.4,155.0,27.38137,79.5419
UP-FRK,2022-01-25,11.2,17.3,7.3,80,95,0.0,0.0,12.3,287,15.13,2.32,995.8,7.5,155.0,27.38137,79.5419
UP-FRK,2022-01-26,10.4,16.3,6.5,77,94,0.0,0.0,15.5,288,13.06,2.09,996.9,6.2,155.0,27.38137,79.5419
UP-FRK,2022-01-27,11.7,18.1,6.9,78,95,0.0,0.0,18.9,289,14.05,2.32,997.8,7.7,155.0,27.38137,79.5419
UP-FRK,2022-01-28,12.3,18.3,8.2,73,86,0.0,0.0,21.1,275,15.78,2.69,998.0,7.3,155.0,27.38137,79.5419
UP-FRK,2022-01-29,12.1,19.0,6.6,77,92,0.0,0.0,11.8,279,15.54,2.55,998.2,7.9,155.0,27.38137,79.5419
UP-FRK,2022-01-30,13.8,20.6,8.6,76,90,0.0,0.0,18.2,274,15.9,2.79,993.6,9.3,155.0,27.38137,79.5419
UP-FRK,2022-01-31,13.1,20.6,7.7,86,100,0.0,0.0,9.9,6,15.64,2.51,993.5,10.6,155.0,27.38137,79.5419
UP-FRK,2022-02-01,14.9,22.0,8.7,83,97,0.0,0.0,13.4,295,15.82,2.67,992.4,11.8,155.0,27.38137,79.5419
UP-FRK,2022-02-02,13.7,19.9,8.6,80,96,0.0,0.0,11.9,292,16.21,2.61,993.5,10.1,155.0,27.38137,79.5419
UP-FRK,2022-02-03,14.2,19.2,11.6,86,98,29.8,29.8,25.3,103,10.8,1.85,989.6,11.7,155.0,27.38137,79.5419
UP-FRK,2022-02-04,12.8,16.9,9.5,85,100,0.2,0.2,16.2,265,12.25,1.97,991.5,10.0,155.0,27.38137,79.5419
UP-FRK,2022-02-05,11.9,18.3,7.4,82,100,0.0,0.0,13.7,317,12.97,2.14,995.3,8.5,155.0,27.38137,79.5419
UP-FRK,2022-02-06,13.0,19.5,6.6,80,98,0.0,0.0,8.3,274,16.57,2.58,997.7,9.4,155.0,27.38137,79.5419
UP-FRK,2022-02-07,14.7,21.4,7.1,79,98,0.0,0.0,8.7,179,16.57,2.73,997.0,10.6,155.0,27.38137,79.5419
UP-FRK,2022-02-08,15.6,22.8,9.3,84,100,0.0,0.0,10.4,135,16.42,2.81,995.1,12.6,155.0,27.38137,79.5419
UP-FRK,2022-02-09,14.2,17.2,11.3,92,99,7.4,7.4,13.0,55,6.03,1.01,996.1,12.9,155.0,27.38137,79.5419
UP-FRK,2022-02-10,14.0,20.1,9.1,82,100,0.0,0.0,17.6,303,16.16,2.69,998.4,10.5,155.0,27.38137,79.5419
UP-FRK,2022-02-11,14.6,20.5,10.4,66,78,0.0,0.0,22.6,281,17.74,3.48,997.1,8.1,155.0,27.38137,79.5419
UP-FRK,2022-02-12,14.4,20.9,10.3,70,87,0.0,0.0,17.3,277,18.04,3.28,996.1,8.8,155.0,27.38137,79.5419
UP-FRK,2022-02-13,14.3,21.2,7.3,74,95,0.0,0.0,9.2,329,17.91,3.06,995.5,9.4,155.0,27.38137,79.5419
UP-FRK,2022-02-14,16.1,22.0,8.7,70,93,0.0,0.0,7.6,250,17.85,3.03,995.4,10.3,155.0,27.38137,79.5419
UP-FRK,2022-02-15,16.3,22.6,9.9,73,93,0.0,0.0,10.1,284,17.83,3.24,995.0,10.9,155.0,27.38137,79.5419
UP-FRK,2022-02-16,16.3,23.3,10.4,73,91,0.0,0.0,15.0,277,18.04,3.4,992.7,11.0,155.0,27.38137,79.5419
UP-FRK,2022-02-17,16.2,24.1,10.6,73,91,0.0,0.0,13.5,288,18.41,3.51,992.5,10.8,155.0,27.38137,79.5419
UP-FRK,2022-02-18,17.0,25.2,10.9,66,86,0.0,0.0,12.3,289,18.02,3.7,993.7,10.2,155.0,27.38137,79.5419
UP-FRK,2022-02-19,17.0,24.9,11.0,65,85,0.0,0.0,15.8,295,18.48,3.83,994.4,9.9,155.0,27.38137,79.5419
UP-FRK,2022-02-20,17.1,23.6,12.5,59,71,0.0,0.0,23.9,278,18.75,4.18,990.0,8.7,155.0,27.38137,79.5419
UP-FRK,2022-02-21,16.3,24.0,10.2,65,89,0.0,0.0,14.9,274,19.11,3.81,990.3,9.1,155.0,27.38137,79.5419
UP-FRK,2022-02-22,17.6,25.4,9.8,63,88,0.0,0.0,20.1,105,18.83,4.33,993.8,9.7,155.0,27.38137,79.5419
UP-FRK,2022-02-23,18.9,24.7,14.9,71,88,0.0,0.0,20.0,101,18.09,3.77,995.9,13.4,155.0,27.38137,79.5419
UP-FRK,2022-02-24,18.7,26.0,12.9,76,93,0.2,0.2,10.1,25,17.16,3.36,996.9,13.8,155.0,27.38137,79.5419
UP-FRK,2022-02-25,18.9,25.7,12.3,68,96,0.0,0.0,9.6,11,18.13,3.65,997.9,12.0,155.0,27.38137,79.5419
UP-FRK,2022-02-26,18.9,25.3,14.2,66,88,0.6,0.6,20.1,69,16.48,3.86,998.3,12.2,155.0,27.38137,79.5419
UP-FRK,2022-02-27,18.7,25.3,13.2,64,78,0.1,0.1,16.3,0,18.35,3.95,998.4,11.6,155.0,27.38137,79.5419
UP-FRK,2022-02-28,17.3,23.7,12.4,67,84,0.0,0.0,14.0,293,20.15,3.93,997.5,10.6,155.0,27.38137,79.5419
UP-FRK,2022-03-01,17.4,24.6,10.7,67,90,0.0,0.0,10.5,304,19.95,3.85,998.0,10.6,155.0,27.38137,79.5419
UP-FRK,2022-03-02,18.4,26.5,11.7,67,88,0.0,0.0,10.3,306,20.09,4.06,997.6,11.4,155.0,27.38137,79.5419
UP-FRK,2022-03-03,20.1,27.7,11.7,62,89,0.0,0.0,10.6,305,19.96,3.99,996.8,11.9,155.0,27.38137,79.5419
UP-FRK,2022-03-04,20.9,28.6,14.1,61,87,0.1,0.1,15.9,322,19.58,4.66,996.3,12.3,155.0,27.38137,79.5419
UP-FRK,2022-03-05,20.0,26.5,14.6,64,87,0.0,0.0,17.2,288,20.73,4.58,995.3,12.4,155.0,27.38137,79.5419
UP-FRK,2022-03-06,20.1,26.4,13.3,65,89,0.0,0.0,10.6,289,20.36,3.97,995.4,12.7,155.0,27.38137,79.5419
UP-FRK,2022-03-07,20.3,27.8,13.5,66,91,0.0,0.0,10.0,27,18.63,3.89,996.3,12.9,155.0,27.38137,79.5419
UP-FRK,2022-03-08,20.6,29.4,13.0,63,91,0.0,0.0,13.1,296,20.7,4.66,995.0,12.4,155.0,27.38137,79.5419
UP-FRK,2022-03-09,22.6,30.9,16.1,52,71,0.0,0.0,19.0,294,21.14,5.44,993.8,11.2,155.0,27.38137,79.5419
UP-FRK,2022-03-10,23.2,29.8,17.8,48,63,0.0,0.0,17.8,297,20.16,5.33,993.9,11.4,155.0,27.38137,79.5419
UP-FRK,2022-03-11,22.6,29.7,16.3,55,80,0.0,0.0,20.2,293,21.17,5.31,993.9,12.6,155.0,27.38137,79.5419
UP-FRK,2022-03-12,22.5,30.1,15.8,56,77,0.0,0.0,15.6,286,21.71,5.17,992.9,12.7,155.0,27.38137,79.5419
UP-FRK,2022-03-13,23.3,31.3,16.2,60,83,0.0,0.0,12.8,274,21.18,4.9,992.8,14.6,155.0,27.38137,79.5419
UP-FRK,2022-03-14,24.4,32.2,18.1,64,86,0.0,0.0,11.5,318,21.27,4.92,992.1,16.6,155.0,27.38137,79.5419
UP-FRK,2022-03-15,25.2,33.1,17.4,67,91,0.0,0.0,12.0,303,21.38,4.96,989.5,18.0,155.0,27.38137,79.5419
UP-FRK,2022-03-16,26.5,34.6,20.5,65,90,0.0,0.0,21.1,298,21.73,5.6,987.0,18.3,155.0,27.38137,79.5419
UP-FRK,2022-03-17,26.9,33.5,20.5,70,92,0.0,0.0,8.8,106,20.52,4.6,988.3,20.4,155.0,27.38137,79.5419
UP-FRK,2022-03-18,27.5,33.8,21.1,59,80,0.0,0.0,8.7,82,21.62,4.94,989.6,18.0,155.0,27.38137,79.5419
UP-FRK,2022-03-19,27.3,34.1,20.1,63,93,0.0,0.0,10.1,337,21.6,4.99,987.7,18.8,155.0,27.38137,79.5419
UP-FRK,2022-03-20,28.2,36.3,20.7,53,82,0.0,0.0,10.6,271,20.78,5.44,986.3,16.4,155.0,27.38137,79.5419
UP-FRK,2022-03-21,27.1,36.0,18.6,47,70,0.0,0.0,17.6,295,21.88,5.73,987.6,13.9,155.0,27.38137,79.5419
UP-FRK,2022-03-22,27.6,35.7,21.3,37,58,0.0,0.0,20.0,287,23.24,7.31,988.5,10.2,155.0,27.38137,79.5419
UP-FRK,2022-03-23,26.8,35.1,18.6,41,68,0.0,0.0,17.4,292,23.04,6.61,988.9,11.5,155.0,27.38137,79.5419
UP-FRK,2022-03-24,27.4,35.7,19.6,41,69,0.0,0.0,18.5,278,21.73,6.32,987.2,11.1,155.0,27.38137,79.5419
UP-FRK,2022-03-25,27.3,35.4,19.9,35,61,0.0,0.0,21.2,309,23.1,7.04,987.8,9.1,155.0,27.38137,79.5419
UP-FRK,2022-03-26,27.7,35.3,20.2,26,43,0.0,0.0,31.4,286,23.43,8.64,989.8,5.4,155.0,27.38137,79.5419
UP-FRK,2022-03-27,28.0,36.9,21.0,28,48,0.0,0.0,21.3,287,23.66,7.75,990.2,6.6,155.0,27.38137,79.5419
UP-FRK,2022-03-28,27.8,37.8,18.8,30,44,0.0,0.0,17.9,289,23.61,7.12,989.1,7.7,155.0,27.38137,79.5419
UP-FRK,2022-03-29,28.7,38.3,19.7,28,42,0.0,0.0,17.7,297,23.67,7.37,987.1,7.5,155.0,27.38137,79.5419
UP-FRK,2022-03-30,28.4,38.0,19.9,34,51,0.0,0.0,11.2,11,23.47,6.19,987.5,10.2,155.0,27.38137,79.5419
UP-FRK,2022-03-31,29.3,38.8,20.8,47,75,0.0,0.0,10.7,83,23.17,6.13,988.0,15.3,155.0,27.38137,79.5419
UP-FRK,2022-04-01,29.3,37.7,21.6,36,72,0.0,0.0,18.1,297,23.63,7.35,987.9,10.4,155.0,27.38137,79.5419
UP-FRK,2022-04-02,28.8,37.1,20.6,26,44,0.0,0.0,11.6,310,24.08,6.81,990.2,6.8,155.0,27.38137,79.5419
UP-FRK,2022-04-03,29.3,39.7,19.8,26,52,0.0,0.0,19.0,273,24.15,7.58,989.4,5.8,155.0,27.38137,79.5419
UP-FRK,2022-04-04,29.2,39.1,20.2,20,29,0.0,0.0,23.7,289,24.67,8.4,988.8,2.4,155.0,27.38137,79.5419
UP-FRK,2022-04-05,29.3,38.6,21.4,22,33,0.0,0.0,16.8,282,24.18,7.64,991.7,4.7,155.0,27.38137,79.5419
UP-FRK,2022-04-06,29.5,39.6,20.5,22,29,0.0,0.0,17.9,285,24.44,7.93,991.5,4.2,155.0,27.38137,79.5419
UP-FRK,2022-04-07,29.9,39.9,20.0,22,37,0.0,0.0,17.8,309,24.38,8.01,990.8,4.6,155.0,27.38137,79.5419
UP-FRK,2022-04-08,30.6,40.6,22.1,20,29,0.0,0.0,18.4,288,24.59,7.89,988.5,3.8,155.0,27.38137,79.5419
UP-FRK,2022-04-09,31.0,40.8,21.3,21,33,0.0,0.0,18.9,304,24.49,7.23,986.9,5.3,155.0,27.38137,79.5419
UP-FRK,2022-04-10,31.0,41.0,23.6,28,40,0.0,0.0,21.6,315,24.33,7.39,985.8,9.5,155.0,27.38137,79.5419
UP-FRK,2022-04-11,31.9,41.2,23.6,25,40,0.0,0.0,17.8,305,24.54,7.45,985.5,8.2,155.0,27.38137,79.5419
UP-FRK,2022-04-12,31.0,40.4,22.0,34,60,0.0,0.0,10.5,79,23.69,6.64,985.7,12.2,155.0,27.38137,79.5419
UP-FRK,2022-04-13,31.4,38.3,25.2,43,82,0.3,0.3,18.8,153,21.83,6.74,985.3,15.1,155.0,27.38137,79.5419
UP-FRK,2022-04-14,31.4,40.0,22.4,21,35,0.0,0.0,21.9,295,24.16,8.37,984.4,5.8,155.0,27.38137,79.5419
UP-FRK,2022-04-15,30.7,40.0,21.7,27,48,0.0,0.0,30.1,299,22.67,7.55,984.6,7.9,155.0,27.38137,79.5419
UP-FRK,2022-04-16,31.5,39.8,23.2,23,41,0.0,0.0,15.5,4,23.87,7.09,984.2,6.3,155.0,27.38137,79.5419
UP-FRK,2022-04-17,32.4,40.7,22.7,21,40,0.0,0.0,16.8,329,25.02,7.61,985.1,5.5,155.0,27.38137,79.5419
UP-FRK,2022-04-18,32.7,41.6,22.8,22,38,0.0,0.0,12.5,303,24.49,6.98,986.7,7.1,155.0,27.38137,79.5419
UP-FRK,2022-04-19,33.6,43.0,23.7,21,40,0.0,0.0,22.1,302,23.99,8.88,987.8,6.7,155.0,27.38137,79.5419
UP-FRK,2022-04-20,33.7,42.1,26.2,18,24,0.0,0.0,19.1,299,24.63,9.17,986.7,5.3,155.0,27.38137,79.5419
UP-FRK,2022-04-21,30.9,37.5,24.7,39,71,0.2,0.2,17.6,56,21.75,6.63,988.2,14.3,155.0,27.38137,79.5419
UP-FRK,2022-04-22,31.6,39.2,24.6,29,49,0.0,0.0,22.4,300,23.85,7.73,989.2,9.7,155.0,27.38137,79.5419
UP-FRK,2022-04-23,31.7,40.1,23.5,22,40,0.0,0.0,21.7,297,24.74,8.37,988.7,5.9,155.0,27.38137,79.5419
UP-FRK,2022-04-24,32.3,40.4,24.9,18,27,0.0,0.0,29.3,294,25.1,9.88,986.8,3.6,155.0,27.38137,79.5419
UP-FRK,2022-04-25,33.1,41.5,25.0,18,29,0.0,0.0,24.2,277,24.91,9.54,985.8,4.9,155.0,27.38137,79.5419
UP-FRK,2022-04-26,34.5,41.3,26.6,17,28,0.0,0.0,21.1,302,23.59,8.28,986.5,5.4,155.0,27.38137,79.5419
UP-FRK,2022-04-27,33.6,42.2,25.4,18,34,0.0,0.0,18.7,283,24.84,8.08,985.9,5.1,155.0,27.38137,79.5419
UP-FRK,2022-04-28,34.3,43.2,24.3,18,27,0.0,0.0,17.2,289,24.81,7.9,986.3,5.2,155.0,27.38137,79.5419
UP-FRK,2022-04-29,34.3,43.1,26.0,20,30,0.0,0.0,20.5,304,23.96,8.49,985.3,7.1,155.0,27.38137,79.5419
UP-FRK,2022-04-30,34.9,42.6,28.6,20,37,0.0,0.0,15.0,349,23.83,8.48,983.3,7.4,155.0,27.38137,79.5419
UP-FRK,2022-05-01,31.0,38.6,26.5,45,68,0.3,0.3,21.5,104,22.23,7.66,983.9,17.1,155.0,27.38137,79.5419
UP-FRK,2022-05-02,30.8,37.3,25.6,51,68,3.7,3.7,22.9,95,20.53,7.08,984.1,18.8,155.0,27.38137,79.5419
UP-FRK,2022-05-03,29.6,38.0,25.2,57,72,0.4,0.4,22.6,95,22.24,6.47,985.8,19.6,155.0,27.38137,79.5419
UP-FRK,2022-05-04,29.9,37.6,23.8,58,81,12.5,12.5,24.2,98,22.13,6.15,988.0,20.3,155.0,27.38137,79.5419
UP-FRK,2022-05-05,30.3,36.9,24.0,50,76,0.0,0.0,11.8,30,23.13,6.13,987.7,17.8,155.0,27.38137,79.5419
UP-FRK,2022-05-06,31.5,38.3,24.8,45,75,0.0,0.0,17.4,19,22.34,6.64,987.6,16.6,155.0,27.38137,79.5419
UP-FRK,2022-05-07,31.6,39.3,25.1,47,79,0.0,0.0,16.0,58,22.89,6.87,987.4,17.3,155.0,27.38137,79.5419
UP-FRK,2022-05-08,31.2,37.3,25.5,50,68,0.0,0.0,18.2,96,22.99,6.79,986.1,19.1,155.0,27.38137,79.5419
UP-FRK,2022-05-09,31.7,36.9,26.2,51,69,0.0,0.0,15.5,97,23.12,6.76,986.0,19.8,155.0,27.38137,79.5419
UP-FRK,2022-05-10,32.1,37.5,27.7,51,66,0.0,0.0,14.2,76,22.63,6.67,985.7,20.4,155.0,27.38137,79.5419
UP-FRK,2022-05-11,32.0,36.8,27.5,53,66,0.0,0.0,14.8,74,21.86,6.32,984.2,21.0,155.0,27.38137,79.5419
UP-FRK,2022-05-12,32.7,39.1,27.8,53,68,0.0,0.0,16.6,81,22.31,6.62,982.8,21.4,155.0,27.38137,79.5419
UP-FRK,2022-05-13,33.5,41.9,26.8,51,79,0.0,0.0,19.4,59,23.23,7.12,979.7,20.6,155.0,27.38137,79.5419
UP-FRK,2022-05-14,33.8,42.3,26.8,48,75,0.0,0.0,20.4,40,23.31,7.1,979.8,19.5,155.0,27.38137,79.5419
UP-FRK,2022-05-15,34.0,41.5,26.8,52,76,0.0,0.0,14.9,100,23.27,6.56,981.3,21.8,155.0,27.38137,79.5419
UP-FRK,2022-05-16,35.0,42.2,29.0,41,68,0.0,0.0,15.5,278,20.6,6.6,981.0,17.7,155.0,27.38137,79.5419
UP-FRK,2022-05-17,31.8,39.5,25.5,48,77,0.0,0.0,28.2,45,23.01,6.9,982.1,18.3,155.0,27.38137,79.5419
UP-FRK,2022-05-18,32.7,41.0,25.1,43,73,0.0,0.0,23.9,23,22.36,7.33,983.6,16.8,155.0,27.38137,79.5419
UP-FRK,2022-05-19,34.4,42.6,26.0,39,69,0.0,0.0,18.9,307,22.73,7.35,983.3,16.0,155.0,27.38137,79.5419
UP-FRK,2022-05-20,35.3,44.1,28.8,32,50,0.0,0.0,22.7,75,23.09,8.12,980.6,14.6,155.0,27.38137,79.5419
UP-FRK,2022-05-21,33.7,42.7,27.2,39,65,0.0,0.0,27.7,89,22.33,7.8,978.5,15.9,155.0,27.38137,79.5419
UP-FRK,2022-05-22,32.2,37.9,28.2,39,54,0.0,0.0,18.7,88,22.99,7.46,978.2,15.9,155.0,27.38137,79.5419
UP-FRK,2022-05-23,28.4,32.0,25.5,60,75,1.2,1.2,30.5,94,17.98,5.33,981.3,19.6,155.0,27.38137,79.5419
UP-FRK,2022-05-24,28.6,34.7,22.6,60,94,0.0,0.0,16.2,109,21.95,5.78,986.1,19.0,155.0,27.38137,79.5419
UP-FRK,2022-05-25,29.4,34.6,23.5,53,85,1.1,1.1,10.9,332,20.68,5.3,986.9,17.9,155.0,27.38137,79.5419
UP-FRK,2022-05-26,31.0,36.7,24.6,47,76,0.0,0.0,16.1,340,23.01,6.53,984.8,17.3,155.0,27.38137,79.5419
UP-FRK,2022-05-27,31.9,38.3,26.1,48,68,0.0,0.0,18.7,306,21.55,6.35,982.3,18.7,155.0,27.38137,79.5419
UP-FRK,2022-05-28,33.2,39.3,27.1,46,65,0.2,0.2,13.7,266,21.77,6.37,980.7,19.3,155.0,27.38137,79.5419
UP-FRK,2022-05-29,33.8,40.4,28.2,49,73,0.0,0.0,17.6,19,22.96,7.06,980.9,20.6,155.0,27.38137,79.5419
UP-FRK,2022-05-30,32.7,39.4,27.7,54,77,0.0,0.0,18.4,106,22.33,6.16,982.0,21.5,155.0,27.38137,79.5419
UP-FRK,2022-05-31,33.9,41.0,27.6,42,76,0.0,0.0,15.8,264,23.41,7.33,981.3,17.5,155.0,27.38137,79.5419
UP-FRK,2022-06-01,33.4,41.0,26.1,42,74,0.0,0.0,21.4,325,23.8,7.62,981.9,17.2,155.0,27.38137,79.5419
UP-FRK,2022-06-02,33.8,41.6,26.4,32,46,0.0,0.0,18.9,300,22.72,7.79,981.7,14.1,155.0,27.38137,79.5419
UP-FRK,2022-06-03,34.0,41.7,26.4,31,46,0.0,0.0,14.8,304,23.41,6.81,980.9,13.7,155.0,27.38137,79.5419
UP-FRK,2022-06-04,34.9,43.1,26.4,28,44,0.0,0.0,16.8,328,23.87,7.1,981.1,12.6,155.0,27.38137,79.5419
UP-FRK,2022-06-05,34.1,41.7,25.7,31,52,0.0,0.0,12.9,315,24.75,6.99,981.7,13.5,155.0,27.38137,79.5419
UP-FRK,2022-06-06,34.5,41.7,27.2,29,49,0.0,0.0,13.0,282,24.73,7.31,981.1,12.7,155.0,27.38137,79.5419
UP-FRK,2022-06-07,34.2,42.2,26.3,29,44,0.0,0.0,15.6,285,21.05,6.82,980.2,12.9,155.0,27.38137,79.5419
UP-FRK,2022-06-08,35.7,42.9,28.1,25,44,0.0,0.0,23.2,300,24.5,9.42,979.9,11.7,155.0,27.38137,79.5419
UP-FRK,2022-06-09,36.4,42.8,31.0,22,31,0.0,0.0,17.3,282,22.94,8.49,979.5,11.1,155.0,27.38137,79.5419
UP-FRK,2022-06-10,35.8,42.5,29.1,27,40,0.0,0.0,19.9,294,21.91,8.01,979.9,13.3,155.0,27.38137,79.5419
UP-FRK,2022-06-11,36.4,43.4,30.0,22,31,0.0,0.0,20.7,301,23.27,9.28,980.0,11.2,155.0,27.38137,79.5419
UP-FRK,2022-06-12,36.3,43.3,28.5,23,34,0.0,0.0,20.4,308,24.07,8.24,981.3,11.2,155.0,27.38137,79.5419
UP-FRK,2022-06-13,36.7,43.7,29.4,27,37,0.0,0.0,21.6,296,23.0,9.08,982.4,13.9,155.0,27.38137,79.5419
UP-FRK,2022-06-14,37.5,42.7,33.1,30,41,0.0,0.0,22.1,282,22.97,10.45,982.0,16.5,155.0,27.38137,79.5419
UP-FRK,2022-06-15,36.8,42.0,31.7,35,47,0.0,0.0,22.1,278,21.0,9.1,981.1,18.1,155.0,27.38137,79.5419
UP-FRK,2022-06-16,35.7,39.0,32.6,37,49,0.0,0.0,24.2,259,21.73,8.71,982.1,18.6,155.0,27.38137,79.5419
UP-FRK,2022-06-17,33.0,38.3,28.3,52,71,0.2,0.2,17.0,285,22.7,7.05,982.8,21.3,155.0,27.38137,79.5419
UP-FRK,2022-06-18,31.1,34.2,27.8,60,80,9.8,9.8,16.1,291,15.59,4.86,983.6,22.2,155.0,27.38137,79.5419
UP-FRK,2022-06-19,30.4,36.5,27.0,63,88,12.5,12.5,25.1,283,19.18,5.26,983.2,22.3,155.0,27.38137,79.5419
UP-FRK,2022-06-20,28.7,34.0,23.4,69,94,10.6,10.6,17.4,283,20.89,5.13,981.6,21.9,155.0,27.38137,79.5419
UP-FRK,2022-06-21,30.3,35.6,25.7,65,90,0.1,0.1,13.7,176,22.35,5.14,981.0,22.4,155.0,27.38137,79.5419
UP-FRK,2022-06-22,31.4,36.7,26.3,60,82,0.0,0.0,13.9,45,23.35,6.02,984.6,22.1,155.0,27.38137,79.5419
UP-FRK,2022-06-23,32.6,38.0,27.4,50,72,0.0,0.0,15.3,329,23.11,6.71,985.0,20.1,155.0,27.38137,79.5419
UP-FRK,2022-06-24,32.8,38.2,27.9,39,57,0.0,0.0,14.4,322,24.93,7.32,983.0,16.3,155.0,27.38137,79.5419
UP-FRK,2022-06-25,32.7,38.7,25.7,47,65,0.0,0.0,15.3,80,23.22,6.73,981.2,19.5,155.0,27.38137,79.5419
UP-FRK,2022-06-26,33.0,37.9,28.0,60,83,0.3,0.3,19.1,94,22.22,6.87,982.7,23.8,155.0,27.38137,79.5419
UP-FRK,2022-06-27,33.6,37.9,29.9,58,73,0.3,0.3,16.5,106,20.96,6.33,983.5,23.8,155.0,27.38137,79.5419
UP-FRK,2022-06-28,33.2,39.4,29.4,63,78,0.5,0.5,14.8,96,20.94,5.82,980.9,24.8,155.0,27.38137,79.5419
UP-FRK,2022-06-29,30.6,33.9,27.9,77,93,1.2,1.2,18.3,120,15.08,4.08,979.5,25.9,155.0,27.38137,79.5419
UP-FRK,2022-06-30,26.5,27.6,25.4,92,96,15.8,15.8,13.9,126,5.59,1.36,981.3,25.1,155.0,27.38137,79.5419
UP-FRK,2022-07-01,28.6,33.1,24.7,80,96,7.6,7.6,7.0,152,18.47,4.09,981.6,24.7,155.0,27.38137,79.5419
UP-FRK,2022-07-02,29.2,33.9,26.8,82,95,8.1,8.1,13.9,114,18.51,4.22,980.5,25.6,155.0,27.38137,79.5419
UP-FRK,2022-07-03,29.6,34.0,25.7,80,97,12.5,12.5,11.3,105,21.52,4.89,981.3,25.6,155.0,27.38137,79.5419
UP-FRK,2022-07-04,30.6,34.4,26.3,78,98,9.8,9.8,11.7,90,21.53,4.97,980.7,26.0,155.0,27.38137,79.5419
UP-FRK,2022-07-05,32.3,35.8,28.9,68,81,0.2,0.2,15.2,95,22.56,6.0,980.4,25.4,155.0,27.38137,79.5419
UP-FRK,2022-07-06,31.3,34.1,28.6,73,85,14.9,14.9,14.5,98,17.75,4.65,983.4,25.9,155.0,27.38137,79.5419
UP-FRK,2022-07-07,32.1,35.3,29.4,65,78,0.0,0.0,21.2,99,22.99,6.39,984.9,24.7,155.0,27.38137,79.5419
UP-FRK,2022-07-08,32.6,36.3,28.9,63,77,0.3,0.3,12.4,95,22.91,6.14,982.5,24.5,155.0,27.38137,79.5419
UP-FRK,2022-07-09,30.3,33.3,27.9,74,86,5.3,5.3,17.3,95,13.45,3.93,981.2,25.1,155.0,27.38137,79.5419
UP-FRK,2022-07-10,31.1,35.3,27.4,70,87,0.9,0.9,13.8,77,19.67,5.08,981.7,24.8,155.0,27.38137,79.5419
UP-FRK,2022-07-11,32.5,36.4,28.4,63,82,0.0,0.0,12.3,78,23.53,6.22,982.2,24.2,155.0,27.38137,79.5419
UP-FRK,2022-07-12,32.3,35.7,29.1,65,80,0.7,0.7,13.8,78,18.63,5.27,981.7,24.7,155.0,27.38137,79.5419
UP-FRK,2022-07-13,33.1,37.1,29.2,61,77,0.0,0.0,18.1,85,23.35,6.84,979.6,24.2,155.0,27.38137,79.5419
UP-FRK,2022-07-14,32.8,37.3,27.3,60,87,0.9,0.9,22.6,81,20.56,6.99,979.5,23.6,155.0,27.38137,79.5419
UP-FRK,2022-07-15,33.0,37.9,27.5,59,86,8.2,8.2,23.8,97,22.9,7.45,981.3,23.4,155.0,27.38137,79.5419
UP-FRK,2022-07-16,30.2,35.3,27.1,76,92,13.6,13.6,16.8,93,16.82,4.39,982.6,25.2,155.0,27.38137,79.5419
UP-FRK,2022-07-17,30.7,35.9,26.3,76,94,6.7,6.7,17.2,95,20.91,5.13,983.9,25.8,155.0,27.38137,79.5419
UP-FRK,2022-07-18,32.7,36.4,29.2,65,79,0.0,0.0,17.9,93,23.28,6.38,982.6,25.0,155.0,27.38137,79.5419
UP-FRK,2022-07-19,32.6,36.8,29.3,64,76,0.5,0.5,13.1,91,22.27,5.77,981.7,24.6,155.0,27.38137,79.5419
UP-FRK,2022-07-20,30.1,34.4,26.9,80,95,19.6,19.6,10.3,52,16.46,3.84,981.8,26.2,155.0,27.38137,79.5419
UP-FRK,2022-07-21,28.2,31.9,25.5,83,97,16.3,16.3,10.5,36,14.94,3.33,984.1,25.0,155.0,27.38137,79.5419
UP-FRK,2022-07-22,27.5,30.0,25.4,87,96,19.4,19.4,14.7,85,12.6,2.82,985.3,25.1,155.0,27.38137,79.5419
UP-FRK,2022-07-23,28.3,33.0,25.1,84,97,30.0,30.0,17.6,102,15.66,3.73,984.0,25.1,155.0,27.38137,79.5419
UP-FRK,2022-07-24,29.4,33.3,26.4,78,91,2.0,2.0,24.8,103,20.61,5.07,983.9,24.9,155.0,27.38137,79.5419
UP-FRK,2022-07-25,28.1,31.8,25.8,82,94,19.1,19.1,23.7,106,18.94,4.34,986.2,24.7,155.0,27.38137,79.5419
UP-FRK,2022-07-26,28.2,32.1,25.4,83,94,7.3,7.3,17.9,118,19.76,4.39,987.5,24.8,155.0,27.38137,79.5419
UP-FRK,2022-07-27,27.4,31.2,25.2,87,96,6.8,6.8,13.1,124,15.85,3.39,987.6,25.0,155.0,27.38137,79.5419
UP-FRK,2022-07-28,27.2,31.2,25.1,88,97,8.2,8.2,8.8,183,13.04,2.84,988.1,24.8,155.0,27.38137,79.5419
UP-FRK,2022-07-29,27.2,29.9,25.1,89,97,1.8,1.8,13.6,282,11.84,2.58,987.3,25.1,155.0,27.38137,79.5419
UP-FRK,2022-07-30,27.2,31.0,25.1,88,98,11.8,11.8,14.9,287,13.96,3.02,985.5,25.0,155.0,27.38137,79.5419
UP-FRK,2022-07-31,28.7,32.1,25.2,83,98,0.9,0.9,13.6,275,17.76,4.0,983.2,25.2,155.0,27.38137,79.5419
UP-FRK,2022-08-01,29.2,32.8,26.6,79,90,4.0,4.0,16.6,274,20.1,4.58,983.2,25.0,155.0,27.38137,79.5419
UP-FRK,2022-08-02,28.9,32.4,26.2,83,95,1.5,1.5,9.7,250,16.05,3.59,982.9,25.6,155.0,27.38137,79.5419
UP-FRK,2022-08-03,27.7,31.2,25.6,88,98,15.7,15.7,14.8,80,11.67,2.59,984.5,25.5,155.0,27.38137,79.5419
UP-FRK,2022-08-04,27.8,31.3,25.2,88,98,20.9,20.9,15.1,115,12.71,2.82,984.8,25.5,155.0,27.38137,79.5419
UP-FRK,2022-08-05,28.1,31.7,25.3,87,97,9.4,9.4,14.5,99,14.21,3.13,983.4,25.5,155.0,27.38137,79.5419
UP-FRK,2022-08-06,29.2,32.5,26.2,84,97,2.1,2.1,9.0,81,19.9,4.35,981.4,26.0,155.0,27.38137,79.5419
UP-FRK,2022-08-07,28.0,30.5,25.3,88,98,19.1,19.1,15.5,78,11.07,2.54,981.7,25.7,155.0,27.38137,79.5419
UP-FRK,2022-08-08,29.4,33.1,26.0,85,98,2.1,2.1,10.6,56,20.42,4.47,980.7,26.5,155.0,27.38137,79.5419
UP-FRK,2022-08-09,30.4,34.0,27.5,77,90,0.5,0.5,19.5,79,21.53,5.22,980.4,25.9,155.0,27.38137,79.5419
UP-FRK,2022-08-10,30.5,34.2,28.2,71,82,0.0,0.0,29.6,83,22.56,6.13,979.1,24.5,155.0,27.38137,79.5419
UP-FRK,2022-08-11,29.6,32.8,27.5,71,81,0.7,0.7,27.7,87,14.5,4.71,980.7,23.6,155.0,27.38137,79.5419
UP-FRK,2022-08-12,29.4,32.4,27.6,73,82,1.9,1.9,27.5,99,21.13,5.44,981.1,23.9,155.0,27.38137,79.5419
UP-FRK,2022-08-13,29.4,33.3,25.9,79,92,0.4,0.4,12.1,131,21.88,4.89,981.5,25.1,155.0,27.38137,79.5419
UP-FRK,2022-08-14,27.6,30.4,26.2,89,96,11.7,11.7,17.7,74,11.79,2.59,983.5,25.6,155.0,27.38137,79.5419
UP-FRK,2022-08-15,28.3,30.8,26.4,79,94,5.6,5.6,31.8,81,17.88,4.54,983.9,24.2,155.0,27.38137,79.5419
UP-FRK,2022-08-16,27.8,30.9,26.2,80,88,2.2,2.2,35.7,112,16.64,4.27,984.1,24.0,155.0,27.38137,79.5419
UP-FRK,2022-08-17,28.7,32.7,25.3,76,92,0.2,0.2,11.7,174,22.11,4.98,985.7,23.8,155.0,27.38137,79.5419
UP-FRK,2022-08-18,29.1,33.0,25.9,76,89,0.0,0.0,16.5,259,22.75,5.34,984.2,24.2,155.0,27.38137,79.5419
UP-FRK,2022-08-19,29.3,32.9,26.6,78,96,7.1,7.1,15.0,280,20.99,4.82,983.8,25.0,155.0,27.38137,79.5419
UP-FRK,2022-08-20,28.1,31.3,25.6,85,96,11.3,11.3,12.9,344,17.13,3.79,984.5,25.2,155.0,27.38137,79.5419
UP-FRK,2022-08-21,29.2,32.7,26.3,78,92,3.3,3.3,20.0,40,19.63,4.72,982.4,24.8,155.0,27.38137,79.5419
UP-FRK,2022-08-22,29.4,32.5,27.1,74,85,1.7,1.7,26.0,87,20.85,5.41,980.6,24.3,155.0,27.38137,79.5419
UP-FRK,2022-08-23,28.9,32.1,26.5,74,86,0.0,0.0,23.2,126,20.14,4.95,983.8,23.6,155.0,27.38137,79.5419
UP-FRK,2022-08-24,27.6,31.3,25.1,84,95,3.5,3.5,14.3,138,19.03,4.01,987.6,24.6,155.0,27.38137,79.5419
UP-FRK,2022-08-25,27.5,30.9,25.0,87,99,2.5,2.5,8.9,270,16.54,3.48,986.5,25.1,155.0,27.38137,79.5419
UP-FRK,2022-08-26,28.2,31.8,25.4,85,97,1.3,1.3,13.8,236,16.82,3.67,985.5,25.4,155.0,27.38137,79.5419
UP-FRK,2022-08-27,29.8,33.5,26.4,75,89,0.0,0.0,17.6,283,20.98,5.24,984.4,24.7,155.0,27.38137,79.5419
UP-FRK,2022-08-28,29.6,32.9,27.2,72,86,0.4,0.4,13.9,282,18.21,4.62,985.5,24.0,155.0,27.38137,79.5419
UP-FRK,2022-08-29,27.8,32.8,25.8,85,98,4.4,4.4,15.4,129,17.67,3.8,989.3,25.0,155.0,27.38137,79.5419
UP-FRK,2022-08-30,28.7,32.6,24.9,85,100,0.6,0.6,7.9,289,20.77,4.47,989.7,25.8,155.0,27.38137,79.5419
UP-FRK,2022-08-31,29.2,32.7,26.5,84,97,7.9,7.9,12.0,255,17.78,3.96,987.2,26.1,155.0,27.38137,79.5419
UP-FRK,2022-09-01,28.8,32.8,26.6,85,92,4.9,4.9,9.7,195,15.55,3.5,987.5,25.9,155.0,27.38137,79.5419
UP-FRK,2022-09-02,28.7,32.1,25.9,85,98,3.3,3.3,7.1,230,17.86,3.86,988.7,25.7,155.0,27.38137,79.5419
UP-FRK,2022-09-03,29.8,33.8,26.7,75,89,1.3,1.3,19.7,264,21.66,5.21,985.8,24.7,155.0,27.38137,79.5419
UP-FRK,2022-09-04,29.9,34.0,26.6,71,83,0.0,0.0,15.9,272,22.69,5.57,984.9,23.8,155.0,27.38137,79.5419
UP-FRK,2022-09-05,29.6,33.6,26.4,72,81,0.0,0.0,13.3,276,20.99,5.04,986.2,23.9,155.0,27.38137,79.5419
UP-FRK,2022-09-06,29.8,34.1,25.8,70,82,0.0,0.0,10.1,283,22.05,5.12,987.3,23.5,155.0,27.38137,79.5419
UP-FRK,2022-09-07,29.8,34.2,25.8,72,91,0.0,0.0,8.9,17,21.77,4.99,988.9,24.0,155.0,27.38137,79.5419
UP-FRK,2022-09-08,29.3,32.9,26.0,80,95,0.6,0.6,10.2,89,19.46,4.39,990.0,25.4,155.0,27.38137,79.5419
UP-FRK,2022-09-09,29.4,32.7,26.5,80,95,0.6,0.6,11.3,91,18.71,4.28,989.7,25.5,155.0,27.38137,79.5419
UP-FRK,2022-09-10,29.1,32.4,26.1,79,92,0.5,0.5,13.4,84,18.12,4.16,988.6,24.9,155.0,27.38137,79.5419
UP-FRK,2022-09-11,29.6,33.3,26.4,74,89,0.1,0.1,15.2,73,20.32,5.04,986.1,24.3,155.0,27.38137,79.5419
UP-FRK,2022-09-12,29.1,33.2,26.6,74,86,1.5,1.5,24.8,79,19.13,4.99,984.4,23.8,155.0,27.38137,79.5419
UP-FRK,2022-09-13,27.6,31.1,25.4,79,87,3.9,3.9,29.7,85,15.42,4.05,984.7,23.6,155.0,27.38137,79.5419
UP-FRK,2022-09-14,26.0,28.6,24.6,88,94,18.1,18.1,25.3,90,7.76,2.08,985.0,23.9,155.0,27.38137,79.5419
UP-FRK,2022-09-15,25.8,28.3,23.8,90,98,17.5,17.5,22.3,87,10.58,2.35,982.7,24.0,155.0,27.38137,79.5419
UP-FRK,2022-09-16,25.8,28.0,24.4,86,95,3.0,3.0,26.5,325,8.89,2.3,979.9,23.2,155.0,27.38137,79.5419
UP-FRK,2022-09-17,26.7,30.6,24.7,86,96,11.7,11.7,18.1,289,11.63,2.66,984.2,24.0,155.0,27.38137,79.5419
UP-FRK,2022-09-18,26.4,30.5,23.9,88,100,1.7,1.7,14.5,332,17.55,3.61,986.8,24.1,155.0,27.38137,79.5419
UP-FRK,2022-09-19,27.1,30.9,23.7,87,99,1.0,1.0,15.6,33,13.67,2.95,987.2,24.6,155.0,27.38137,79.5419
UP-FRK,2022-09-20,26.8,30.8,24.8,90,98,6.6,6.6,16.3,44,13.83,2.91,987.0,24.9,155.0,27.38137,79.5419
UP-FRK,2022-09-21,26.1,28.4,24.7,92,97,36.3,36.3,18.8,66,9.47,2.02,986.5,24.5,155.0,27.38137,79.5419
UP-FRK,2022-09-22,25.9,30.0,24.2,91,97,45.2,45.2,23.4,93,10.43,2.25,985.7,24.2,155.0,27.38137,79.5419
UP-FRK,2022-09-23,26.0,29.9,23.8,89,97,21.1,21.1,20.6,109,12.28,2.67,985.5,24.0,155.0,27.38137,79.5419
UP-FRK,2022-09-24,26.2,29.7,24.3,87,97,12.4,12.4,20.4,127,13.82,2.98,985.4,23.8,155.0,27.38137,79.5419
UP-FRK,2022-09-25,26.2,30.4,23.8,88,98,21.4,21.4,18.1,149,13.64,2.89,987.7,23.9,155.0,27.38137,79.5419
UP-FRK,2022-09-26,26.9,30.7,23.4,85,100,0.9,0.9,15.3,318,18.1,3.82,989.8,24.1,155.0,27.38137,79.5419
UP-FRK,2022-09-27,27.1,31.6,23.8,80,95,0.0,0.0,12.8,308,20.17,4.35,988.7,23.0,155.0,27.38137,79.5419
UP-FRK,2022-09-28,27.2,32.0,23.0,79,94,0.0,0.0,13.4,294,19.31,4.26,987.9,22.9,155.0,27.38137,79.5419
UP-FRK,2022-09-29,27.2,31.8,23.3,78,92,0.0,0.0,11.7,298,19.05,4.2,987.8,22.7,155.0,27.38137,79.5419
UP-FRK,2022-09-30,27.1,31.2,22.7,79,96,0.0,0.0,9.2,299,18.86,4.03,988.1,22.8,155.0,27.38137,79.5419
UP-FRK,2022-10-01,27.2,31.3,22.9,82,98,0.4,0.4,10.7,286,17.92,3.84,987.3,23.7,155.0,27.38137,79.5419
UP-FRK,2022-10-02,27.5,32.2,23.3,79,97,1.1,1.1,13.3,307,18.35,4.15,987.3,23.3,155.0,27.38137,79.5419
UP-FRK,2022-10-03,27.8,32.4,23.3,75,87,0.0,0.0,13.3,311,19.62,4.47,988.0,22.7,155.0,27.38137,79.5419
UP-FRK,2022-10-04,27.3,30.6,24.4,84,96,12.0,12.0,14.1,71,13.95,3.09,989.8,24.2,155.0,27.38137,79.5419
UP-FRK,2022-10-05,26.2,28.9,24.8,85,92,3.7,3.7,15.8,79,12.07,2.76,989.7,23.5,155.0,27.38137,79.5419
UP-FRK,2022-10-06,24.8,26.9,23.6,88,97,10.9,10.9,14.1,76,7.53,1.79,990.1,22.7,155.0,27.38137,79.5419
UP-FRK,2022-10-07,24.5,27.5,23.1,92,99,35.3,35.3,16.8,92,6.24,1.46,991.3,23.0,155.0,27.38137,79.5419
UP-FRK,2022-10-08,24.5,27.2,23.0,92,98,32.8,32.8,15.4,82,7.3,1.62,991.9,23.0,155.0,27.38137,79.5419
UP-FRK,2022-10-09,24.7,29.7,22.5,91,98,52.0,52.0,16.1,117,9.77,2.14,991.9,23.0,155.0,27.38137,79.5419
UP-FRK,2022-10-10,24.3,28.9,22.3,92,99,43.5,43.5,12.6,154,10.62,2.18,992.9,22.9,155.0,27.38137,79.5419
UP-FRK,2022-10-11,24.2,27.8,21.6,90,100,1.6,1.6,13.6,60,10.99,2.26,991.7,22.2,155.0,27.38137,79.5419
UP-FRK,2022-10-12,24.4,29.2,21.0,84,100,0.7,0.7,12.0,328,15.65,3.25,992.4,21.4,155.0,27.38137,79.5419
UP-FRK,2022-10-13,24.4,29.5,20.1,79,99,0.0,0.0,12.0,297,17.47,3.71,993.5,20.3,155.0,27.38137,79.5419
UP-FRK,2022-10-14,24.0,29.7,19.3,77,96,0.0,0.0,8.1,293,18.11,3.75,993.4,19.3,155.0,27.38137,79.5419
UP-FRK,2022-10-15,24.2,30.0,18.7,75,95,0.0,0.0,7.6,294,18.06,3.72,992.8,19.1,155.0,27.38137,79.5419
UP-FRK,2022-10-16,24.7,29.2,21.4,75,90,0.1,0.1,7.3,250,16.53,3.41,995.1,19.7,155.0,27.38137,79.5419
UP-FRK,2022-10-17,24.4,30.2,19.9,75,93,0.0,0.0,10.6,285,17.75,3.87,995.3,19.1,155.0,27.38137,79.5419
UP-FRK,2022-10-18,24.4,30.3,19.6,71,92,0.0,0.0,9.2,272,17.66,3.86,993.9,18.3,155.0,27.38137,79.5419
UP-FRK,2022-10-19,24.0,30.4,19.0,70,89,0.0,0.0,9.8,279,17.42,3.89,994.0,17.7,155.0,27.38137,79.5419
UP-FRK,2022-10-20,24.0,30.4,18.5,69,88,0.3,0.3,9.8,242,16.99,3.75,995.5,17.6,155.0,27.38137,79.5419
UP-FRK,2022-10-21,23.4,30.3,17.8,73,92,0.0,0.0,9.7,283,17.31,3.78,997.2,17.9,155.0,27.38137,79.5419
UP-FRK,2022-10-22,23.6,30.2,18.4,74,88,0.0,0.0,10.6,316,17.22,3.77,997.8,18.4,155.0,27.38137,79.5419
UP-FRK,2022-10-23,23.0,29.5,17.9,74,92,0.0,0.0,10.5,331,17.27,3.74,996.5,17.5,155.0,27.38137,79.5419
UP-FRK,2022-10-24,23.0,30.0,18.1,71,88,0.0,0.0,11.2,301,17.28,3.81,991.8,17.2,155.0,27.38137,79.5419
UP-FRK,2022-10-25,22.2,28.6,17.7,64,83,0.0,0.0,17.7,281,17.49,4.15,990.7,14.7,155.0,27.38137,79.5419
UP-FRK,2022-10-26,22.0,29.5,15.8,69,88,0.0,0.0,10.3,297,16.97,3.72,994.6,15.6,155.0,27.38137,79.5419
UP-FRK,2022-10-27,22.9,29.7,16.6,72,93,0.0,0.0,10.0,349,16.75,3.53,994.9,16.9,155.0,27.38137,79.5419
UP-FRK,2022-10-28,23.7,30.1,17.1,67,92,0.0,0.0,9.0,148,16.53,3.55,994.8,16.6,155.0,27.38137,79.5419
UP-FRK,2022-10-29,23.0,29.2,17.3,71,94,0.0,0.0,9.6,353,16.38,3.54,995.6,17.0,155.0,27.38137,79.5419
UP-FRK,2022-10-30,22.5,28.8,16.7,73,96,0.0,0.0,9.9,308,16.34,3.4,995.9,16.8,155.0,27.38137,79.5419
UP-FRK,2022-10-31,23.0,28.8,16.8,74,96,0.0,0.0,7.3,304,16.1,3.2,995.9,17.6,155.0,27.38137,79.5419
UP-FRK,2022-11-01,23.1,29.0,16.9,74,95,0.0,0.0,7.4,250,15.81,3.18,996.4,17.6,155.0,27.38137,79.5419
UP-FRK,2022-11-02,23.2,29.9,18.0,76,95,0.0,0.0,11.0,259,15.7,3.43,994.1,18.2,155.0,27.38137,79.5419
UP-FRK,2022-11-03,22.9,29.7,18.2,76,95,0.0,0.0,13.2,296,15.51,3.46,993.5,17.9,155.0,27.38137,79.5419
UP-FRK,2022-11-04,22.9,29.3,17.3,78,98,0.0,0.0,8.3,0,15.32,3.16,995.3,18.6,155.0,27.38137,79.5419
UP-FRK,2022-11-05,23.5,29.5,18.4,77,96,0.0,0.0,9.4,81,15.03,3.1,997.2,18.7,155.0,27.38137,79.5419
UP-FRK,2022-11-06,23.9,29.0,18.6,74,95,0.0,0.0,8.3,111,14.17,2.92,997.7,18.6,155.0,27.38137,79.5419
UP-FRK,2022-11-07,23.7,29.7,18.5,78,97,0.0,0.0,7.2,218,14.08,2.87,996.6,19.2,155.0,27.38137,79.5419
UP-FRK,2022-11-08,23.3,29.8,18.1,72,94,0.0,0.0,17.7,290,14.23,3.14,996.6,17.5,155.0,27.38137,79.5419
UP-FRK,2022-11-09,22.5,28.0,18.2,78,95,1.6,1.6,8.7,327,13.77,2.85,997.3,18.1,155.0,27.38137,79.5419
UP-FRK,2022-11-10,21.0,26.7,17.7,84,97,2.3,2.3,24.5,294,12.53,2.37,998.0,18.0,155.0,27.38137,79.5419
UP-FRK,2022-11-11,21.3,27.7,16.8,66,89,0.0,0.0,16.2,297,14.85,3.61,997.9,14.0,155.0,27.38137,79.5419
UP-FRK,2022-11-12,20.6,26.7,16.3,56,74,0.0,0.0,19.5,290,14.97,4.06,997.4,11.2,155.0,27.38137,79.5419
UP-FRK,2022-11-13,19.9,26.9,15.4,61,77,0.0,0.0,16.0,284,14.7,3.59,996.5,11.8,155.0,27.38137,79.5419
UP-FRK,2022-11-14,19.8,27.0,13.6,70,88,0.0,0.0,9.2,297,14.22,3.0,997.2,13.6,155.0,27.38137,79.5419
UP-FRK,2022-11-15,20.7,28.1,14.3,63,86,0.0,0.0,13.5,291,14.18,3.37,996.6,13.0,155.0,27.38137,79.5419
UP-FRK,2022-11-16,21.1,27.4,16.3,62,82,0.0,0.0,14.6,287,13.3,3.42,995.3,13.2,155.0,27.38137,79.5419
UP-FRK,2022-11-17,19.0,25.1,14.2,55,70,0.0,0.0,19.7,290,14.45,3.74,995.7,9.4,155.0,27.38137,79.5419
UP-FRK,2022-11-18,17.8,24.3,12.7,65,84,0.0,0.0,9.2,295,14.23,2.9,997.2,10.8,155.0,27.38137,79.5419
UP-FRK,2022-11-19,18.0,24.8,11.3,68,96,0.0,0.0,7.4,308,14.07,2.73,997.4,11.2,155.0,27.38137,79.5419
UP-FRK,2022-11-20,18.3,26.0,12.9,70,94,0.0,0.0,8.3,292,13.9,2.88,995.6,12.3,155.0,27.38137,79.5419
UP-FRK,2022-11-21,18.5,25.6,13.1,65,85,0.0,0.0,11.6,282,14.13,3.19,994.7,11.2,155.0,27.38137,79.5419
UP-FRK,2022-11-22,18.1,25.3,13.2,60,78,0.0,0.0,15.0,288,14.12,3.32,995.0,9.8,155.0,27.38137,79.5419
UP-FRK,2022-11-23,17.8,25.3,13.3,57,75,0.0,0.0,15.3,284,14.1,3.4,995.4,8.6,155.0,27.38137,79.5419
UP-FRK,2022-11-24,17.1,24.6,12.3,60,80,0.0,0.0,10.5,276,13.95,3.12,995.7,8.8,155.0,27.38137,79.5419
UP-FRK,2022-11-25,17.5,24.8,11.2,69,92,0.0,0.0,10.6,301,13.55,2.85,997.4,11.3,155.0,27.38137,79.5419
UP-FRK,2022-11-26,17.7,25.2,11.8,65,87,0.0,0.0,12.2,288,13.67,3.0,994.4,10.5,155.0,27.38137,79.5419
UP-FRK,2022-11-27,17.6,25.3,12.1,70,91,0.0,0.0,9.2,295,13.52,2.76,992.7,11.6,155.0,27.38137,79.5419
UP-FRK,2022-11-28,17.5,25.1,11.6,71,92,0.0,0.0,8.2,313,13.47,2.67,994.3,11.7,155.0,27.38137,79.5419
UP-FRK,2022-11-29,17.5,25.0,11.8,69,91,0.0,0.0,10.1,312,13.29,2.71,996.3,11.3,155.0,27.38137,79.5419
UP-FRK,2022-11-30,17.1,24.4,11.8,69,91,0.0,0.0,8.6,290,13.18,2.65,997.4,10.8,155.0,27.38137,79.5419
UP-FRK,2022-12-01,17.2,24.5,11.9,71,95,0.0,0.0,8.9,270,13.24,2.66,996.5,11.3,155.0,27.38137,79.5419
UP-FRK,2022-12-02,16.9,23.9,11.3,76,95,0.0,0.0,8.7,273,12.92,2.42,995.8,12.1,155.0,27.38137,79.5419
UP-FRK,2022-12-03,17.2,24.2,11.7,75,94,0.0,0.0,8.3,288,12.93,2.45,996.3,12.2,155.0,27.38137,79.5419
UP-FRK,2022-12-04,17.2,24.2,12.3,76,93,0.0,0.0,11.5,279,12.9,2.49,996.8,12.5,155.0,27.38137,79.5419
UP-FRK,2022-12-05,16.7,23.4,11.9,74,95,0.0,0.0,9.3,293,12.91,2.49,998.4,11.6,155.0,27.38137,79.5419
UP-FRK,2022-12-06,16.4,23.2,11.4,68,92,0.0,0.0,15.0,282,13.03,2.84,997.1,9.9,155.0,27.38137,79.5419
UP-FRK,2022-12-07,16.8,24.0,11.9,65,88,0.0,0.0,17.5,290,13.1,3.08,996.1,9.5,155.0,27.38137,79.5419
UP-FRK,2022-12-08,15.6,23.1,10.8,74,94,0.0,0.0,12.9,302,12.92,2.49,996.8,10.5,155.0,27.38137,79.5419
UP-FRK,2022-12-09,16.8,23.5,11.5,75,95,0.0,0.0,10.8,327,12.7,2.3,995.9,12.0,155.0,27.38137,79.5419
UP-FRK,2022-12-10,17.0,25.2,10.4,73,94,0.0,0.0,10.5,310,12.76,2.51,995.9,11.6,155.0,27.38137,79.5419
UP-FRK,2022-12-11,18.1,26.7,12.0,71,94,0.0,0.0,12.7,287,12.91,2.85,995.9,12.1,155.0,27.38137,79.5419
UP-FRK,2022-12-12,18.4,26.7,12.9,61,84,0.0,0.0,12.3,291,12.86,3.18,995.1,10.0,155.0,27.38137,79.5419
UP-FRK,2022-12-13,18.3,25.6,12.9,51,70,0.0,0.0,17.1,292,13.16,3.91,996.3,7.2,155.0,27.38137,79.5419
UP-FRK,2022-12-14,17.8,24.7,13.2,47,66,0.0,0.0,18.6,290,13.19,3.98,996.7,5.7,155.0,27.38137,79.5419
UP-FRK,2022-12-15,15.4,22.7,9.5,56,80,0.0,0.0,14.5,290,13.04,3.03,996.1,6.1,155.0,27.38137,79.5419
UP-FRK,2022-12-16,14.9,22.7,9.2,62,82,0.0,0.0,10.0,284,12.93,2.68,995.4,7.2,155.0,27.38137,79.5419
UP-FRK,2022-12-17,15.0,22.7,9.0,69,93,0.0,0.0,9.7,306,12.73,2.46,996.9,8.7,155.0,27.38137,79.5419
UP-FRK,2022-12-18,14.9,22.9,8.8,75,94,0.0,0.0,10.4,319,12.58,2.39,997.0,10.0,155.0,27.38137,79.5419
UP-FRK,2022-12-19,15.3,22.9,9.6,79,98,0.0,0.0,9.0,297,12.6,2.27,995.6,11.3,155.0,27.38137,79.5419
UP-FRK,2022-12-20,15.3,22.9,10.0,71,94,0.0,0.0,9.5,291,12.88,2.5,994.9,9.4,155.0,27.38137,79.5419
UP-FRK,2022-12-21,14.8,22.4,9.3,73,94,0.0,0.0,8.3,320,12.51,2.36,996.2,9.4,155.0,27.38137,79.5419
UP-FRK,2022-12-22,15.4,23.7,9.6,67,95,0.0,0.0,9.8,320,12.55,2.5,995.6,8.3,155.0,27.38137,79.5419
UP-FRK,2022-12-23,15.0,23.2,9.4,68,93,0.0,0.0,10.5,30,12.45,2.5,995.1,8.3,155.0,27.38137,79.5419
UP-FRK,2022-12-24,15.4,22.9,9.9,58,75,0.0,0.0,12.0,327,12.63,2.77,995.9,6.8,155.0,27.38137,79.5419
UP-FRK,2022-12-25,13.2,20.2,8.6,64,92,0.0,0.0,11.8,293,13.03,2.53,997.5,5.9,155.0,27.38137,79.5419
UP-FRK,2022-12-26,12.2,19.3,7.3,81,99,0.0,0.0,9.7,302,12.78,2.05,999.2,8.6,155.0,27.38137,79.5419
UP-FRK,2022-12-27,13.3,21.1,8.2,74,96,0.0,0.0,17.2,282,12.76,2.49,998.5,8.2,155.0,27.38137,79.5419
UP-FRK,2022-12-28,13.8,20.9,8.4,65,90,0.0,0.0,16.9,276,13.03,2.78,998.5,6.9,155.0,27.38137,79.5419
UP-FRK,2022-12-29,13.8,20.1,8.2,71,92,0.0,0.0,8.9,331,12.45,2.16,1000.2,8.1,155.0,27.38137,79.5419
UP-FRK,2022-12-30,15.1,21.1,10.2,78,96,0.0,0.0,8.0,78,10.48,1.89,1000.7,10.9,155.0,27.38137,79.5419
UP-FRK,2022-12-31,14.4,21.3,10.0,80,97,0.0,0.0,10.8,298,12.63,2.22,1000.0,10.5,155.0,27.38137,79.5419
UP-FRK,2023-01-01,13.6,19.7,8.5,79,96,0.0,0.0,8.7,323,12.9,2.08,1001.8,9.6,155.0,27.38137,79.5419
UP-FRK,2023-01-02,13.0,18.7,7.6,77,99,0.0,0.0,8.1,335,12.88,1.98,1002.6,8.7,155.0,27.38137,79.5419
UP-FRK,2023-01-03,11.1,18.5,5.8,84,100,0.0,0.0,9.4,318,12.18,1.9,1003.0,8.2,155.0,27.38137,79.5419
UP-FRK,2023-01-04,10.4,17.4,6.1,83,98,0.0,0.0,8.5,307,13.25,1.95,1003.4,7.3,155.0,27.38137,79.5419
UP-FRK,2023-01-05,9.1,16.0,4.2,89,100,0.0,0.0,10.7,308,11.21,1.57,1004.6,7.2,155.0,27.38137,79.5419
UP-FRK,2023-01-06,8.8,15.8,5.0,88,100,0.0,0.0,10.0,301,11.11,1.61,1005.1,6.7,155.0,27.38137,79.5419
UP-FRK,2023-01-07,8.5,16.9,3.6,82,100,0.0,0.0,10.7,282,12.89,1.89,1002.9,5.3,155.0,27.38137,79.5419
UP-FRK,2023-01-08,10.4,18.6,4.7,82,97,0.0,0.0,9.9,287,13.43,1.99,1000.6,7.2,155.0,27.38137,79.5419
UP-FRK,2023-01-09,11.0,19.1,4.9,87,100,0.0,0.0,8.7,305,12.0,1.86,1001.3,8.7,155.0,27.38137,79.5419
UP-FRK,2023-01-10,12.5,21.3,6.9,82,99,0.0,0.0,13.9,285,13.38,2.31,999.9,9.1,155.0,27.38137,79.5419
UP-FRK,2023-01-11,12.1,20.0,6.3,85,99,0.0,0.0,9.0,266,13.5,2.11,996.8,9.4,155.0,27.38137,79.5419
UP-FRK,2023-01-12,13.4,19.6,8.9,85,98,0.0,0.0,9.1,86,11.84,1.98,994.8,10.7,155.0,27.38137,79.5419
UP-FRK,2023-01-13,14.6,19.2,11.6,85,96,0.3,0.3,12.9,84,8.62,1.55,994.9,12.0,155.0,27.38137,79.5419
UP-FRK,2023-01-14,14.6,20.9,10.5,82,100,0.0,0.0,13.4,297,13.35,2.39,996.7,11.2,155.0,27.38137,79.5419
UP-FRK,2023-01-15,11.0,16.8,7.1,68,87,0.0,0.0,14.5,277,14.55,2.48,996.8,5.0,155.0,27.38137,79.5419
UP-FRK,2023-01-16,9.9,16.4,4.1,67,87,0.0,0.0,8.8,293,14.43,2.33,997.9,3.7,155.0,27.38137,79.5419
UP-FRK,2023-01-17,10.1,17.1,5.1,69,90,0.0,0.0,9.4,289,14.52,2.42,998.4,4.2,155.0,27.38137,79.5419
UP-FRK,2023-01-18,10.3,17.5,4.3,63,89,0.0,0.0,10.3,303,14.65,2.52,1000.3,2.9,155.0,27.38137,79.5419
UP-FRK,2023-01-19,12.0,18.7,5.4,68,89,0.0,0.0,10.0,313,14.31,2.26,1000.5,5.9,155.0,27.38137,79.5419
UP-FRK,2023-01-20,13.4,20.5,6.1,75,94,0.0,0.0,9.4,106,14.19,2.41,998.5,8.7,155.0,27.38137,79.5419
UP-FRK,2023-01-21,15.4,22.2,7.9,72,98,0.0,0.0,8.3,322,14.43,2.52,997.9,9.9,155.0,27.38137,79.5419
UP-FRK,2023-01-22,16.1,22.8,8.9,70,96,0.0,0.0,11.0,32,13.55,2.51,997.2,9.9,155.0,27.38137,79.5419
UP-FRK,2023-01-23,16.4,23.9,9.3,75,93,1.0,1.0,11.9,333,13.17,2.41,996.7,11.4,155.0,27.38137,79.5419
UP-FRK,2023-01-24,17.8,22.8,14.8,79,96,22.0,22.0,14.3,57,12.39,2.48,996.4,14.0,155.0,27.38137,79.5419
UP-FRK,2023-01-25,16.8,22.4,13.1,88,100,7.4,7.4,14.8,84,10.42,1.88,996.8,14.6,155.0,27.38137,79.5419
UP-FRK,2023-01-26,17.3,22.5,13.5,84,100,0.0,0.0,13.9,296,11.35,2.18,998.3,14.4,155.0,27.38137,79.5419
UP-FRK,2023-01-27,14.6,20.6,10.4,80,95,0.0,0.0,14.8,286,15.44,2.61,998.7,10.8,155.0,27.38137,79.5419
UP-FRK,2023-01-28,13.5,20.6,8.5,77,91,0.0,0.0,12.4,270,15.9,2.69,996.5,9.4,155.0,27.38137,79.5419
UP-FRK,2023-01-29,14.5,21.4,8.5,84,99,0.0,0.0,10.5,60,15.02,2.52,996.3,11.5,155.0,27.38137,79.5419
UP-FRK,2023-01-30,14.1,19.5,10.8,85,97,10.5,10.5,24.3,9,10.61,1.83,999.0,11.5,155.0,27.38137,79.5419
UP-FRK,2023-01-31,15.9,22.1,11.1,80,95,0.0,0.0,17.6,297,15.65,2.82,998.9,12.2,155.0,27.38137,79.5419
UP-FRK,2023-02-01,15.1,21.7,10.4,79,94,0.0,0.0,17.5,284,16.2,2.85,997.9,11.2,155.0,27.38137,79.5419
UP-FRK,2023-02-02,14.8,21.7,9.8,74,89,0.0,0.0,14.8,282,16.41,2.93,997.3,10.0,155.0,27.38137,79.5419
UP-FRK,2023-02-03,15.3,22.5,10.0,73,92,0.0,0.0,13.7,288,16.28,3.03,997.4,10.2,155.0,27.38137,79.5419
UP-FRK,2023-02-04,16.4,23.3,11.1,69,87,0.0,0.0,16.3,275,16.33,3.35,995.0,10.3,155.0,27.38137,79.5419
UP-FRK,2023-02-05,16.6,24.2,11.5,72,87,0.0,0.0,12.4,276,16.5,3.2,994.1,11.2,155.0,27.38137,79.5419
UP-FRK,2023-02-06,16.7,24.8,9.2,72,93,0.0,0.0,10.5,325,16.38,2.96,993.9,11.1,155.0,27.38137,79.5419
UP-FRK,2023-02-07,18.2,25.4,12.7,73,96,0.0,0.0,17.2,282,16.04,3.36,992.4,12.8,155.0,27.38137,79.5419
UP-FRK,2023-02-08,16.9,23.8,11.8,57,75,0.0,0.0,18.9,285,17.22,3.92,995.0,7.8,155.0,27.38137,79.5419
UP-FRK,2023-02-09,17.2,24.9,10.6,64,87,0.0,0.0,10.7,253,17.15,3.44,994.7,9.8,155.0,27.38137,79.5419
UP-FRK,2023-02-10,18.5,26.4,12.4,77,93,0.0,0.0,10.7,146,16.76,3.2,994.0,14.0,155.0,27.38137,79.5419
UP-FRK,2023-02-11,20.1,27.2,12.9,67,97,0.0,0.0,16.2,278,16.71,3.82,994.3,13.2,155.0,27.38137,79.5419
UP-FRK,2023-02-12,18.3,24.4,14.0,40,65,0.0,0.0,26.4,301,17.98,5.39,997.8,3.6,155.0,27.38137,79.5419
UP-FRK,2023-02-13,16.3,22.0,12.2,37,43,0.0,0.0,25.4,284,18.15,5.26,996.2,1.4,155.0,27.38137,79.5419
UP-FRK,2023-02-14,16.2,22.9,10.1,48,63,0.0,0.0,16.8,286,17.82,4.12,996.9,4.8,155.0,27.38137,79.5419
UP-FRK,2023-02-15,16.6,23.8,10.1,64,87,0.0,0.0,10.7,299,17.95,3.56,994.6,9.3,155.0,27.38137,79.5419
UP-FRK,2023-02-16,18.4,25.6,11.4,72,94,0.0,0.0,9.2,60,17.77,3.35,996.2,12.7,155.0,27.38137,79.5419
UP-FRK,2023-02-17,20.2,27.1,12.5,70,95,0.0,0.0,9.2,81,17.64,3.42,997.4,13.9,155.0,27.38137,79.5419
UP-FRK,2023-02-18,20.2,27.3,13.6,74,93,0.0,0.0,8.3,201,17.98,3.52,996.8,14.9,155.0,27.38137,79.5419
UP-FRK,2023-02-19,20.6,28.1,14.6,72,96,0.0,0.0,9.7,241,18.24,3.75,995.9,14.7,155.0,27.38137,79.5419
UP-FRK,2023-02-20,22.3,30.9,14.4,66,94,0.0,0.0,9.4,231,18.24,4.08,993.7,14.7,155.0,27.38137,79.5419
UP-FRK,2023-02-21,22.4,30.0,15.5,61,90,0.0,0.0,11.7,198,18.48,4.19,992.7,13.9,155.0,27.38137,79.5419
UP-FRK,2023-02-22,22.3,30.5,15.8,59,94,0.0,0.0,14.5,312,18.48,4.6,993.3,12.4,155.0,27.38137,79.5419
UP-FRK,2023-02-23,21.7,29.8,15.5,47,68,0.0,0.0,18.8,287,19.3,5.17,993.7,9.0,155.0,27.38137,79.5419
UP-FRK,2023-02-24,20.8,27.9,13.8,47,66,0.0,0.0,14.0,275,17.77,4.73,996.0,8.6,155.0,27.38137,79.5419
UP-FRK,2023-02-25,20.5,28.4,13.6,58,82,0.0,0.0,8.8,278,19.24,4.08,998.0,11.2,155.0,27.38137,79.5419
UP-FRK,2023-02-26,21.6,29.3,14.8,61,88,0.0,0.0,11.6,50,19.02,3.97,999.4,13.0,155.0,27.38137,79.5419
UP-FRK,2023-02-27,22.0,29.4,15.2,60,86,0.2,0.2,12.6,261,16.59,3.85,998.9,13.2,155.0,27.38137,79.5419
UP-FRK,2023-02-28,22.1,30.3,14.1,61,88,0.0,0.0,10.9,300,19.26,4.29,998.8,13.3,155.0,27.38137,79.5419
UP-FRK,2023-03-01,22.0,30.0,14.8,58,88,0.0,0.0,12.0,320,18.89,4.39,999.7,12.6,155.0,27.38137,79.5419
UP-FRK,2023-03-02,23.3,31.2,15.7,48,65,0.0,0.0,15.5,304,19.59,5.32,999.5,10.9,155.0,27.38137,79.5419
UP-FRK,2023-03-03,24.6,31.8,18.0,47,67,0.0,0.0,22.2,295,19.72,6.16,999.7,11.7,155.0,27.38137,79.5419
UP-FRK,2023-03-04,24.5,31.8,19.1,47,66,0.0,0.0,18.4,298,19.97,5.94,1000.0,11.8,155.0,27.38137,79.5419
UP-FRK,2023-03-05,23.7,31.0,18.0,49,71,0.0,0.0,19.5,291,20.06,5.65,999.2,11.7,155.0,27.38137,79.5419
UP-FRK,2023-03-06,22.8,29.9,17.5,49,71,0.0,0.0,20.3,291,20.44,5.42,997.2,10.9,155.0,27.38137,79.5419
UP-FRK,2023-03-07,22.8,30.1,15.7,48,69,0.0,0.0,15.9,280,19.14,4.89,997.2,10.5,155.0,27.38137,79.5419
UP-FRK,2023-03-08,23.3,30.2,17.1,50,78,0.0,0.0,9.9,284,20.16,4.77,998.1,11.3,155.0,27.38137,79.5419
UP-FRK,2023-03-09,21.5,26.2,17.4,63,82,0.8,0.8,17.5,275,14.96,3.42,998.4,14.0,155.0,27.38137,79.5419
UP-FRK,2023-03-10,22.5,29.9,16.5,60,89,0.0,0.0,9.9,293,20.21,4.49,997.2,13.2,155.0,27.38137,79.5419
UP-FRK,2023-03-11,23.1,30.2,15.9,56,83,0.0,0.0,8.7,267,20.8,4.6,997.1,13.0,155.0,27.38137,79.5419
UP-FRK,2023-03-12,23.7,31.0,16.5,55,77,0.0,0.0,9.2,198,21.0,4.61,996.5,13.3,155.0,27.38137,79.5419
UP-FRK,2023-03-13,24.7,31.8,17.9,50,67,0.0,0.0,9.8,240,19.14,4.57,994.8,13.1,155.0,27.38137,79.5419
UP-FRK,2023-03-14,23.8,32.0,16.7,51,75,0.4,0.4,22.1,272,17.51,4.66,992.0,12.1,155.0,27.38137,79.5419
UP-FRK,2023-03-15,24.2,32.6,16.5,47,74,0.0,0.0,12.4,335,20.89,5.19,991.2,11.1,155.0,27.38137,79.5419
UP-FRK,2023-03-16,24.7,31.1,17.8,49,70,0.1,0.1,13.3,141,18.42,4.31,992.4,12.7,155.0,27.38137,79.5419
UP-FRK,2023-03-17,22.6,28.3,17.6,66,83,1.8,1.8,19.5,102,16.82,4.04,993.9,15.5,155.0,27.38137,79.5419
UP-FRK,2023-03-18,21.7,27.4,17.9,74,92,5.1,5.1,16.4,82,16.0,3.46,992.8,16.6,155.0,27.38137,79.5419
UP-FRK,2023-03-19,20.7,25.4,16.9,79,96,11.1,11.1,18.7,66,14.09,2.77,990.9,16.7,155.0,27.38137,79.5419
UP-FRK,2023-03-20,20.1,24.5,16.5,81,97,13.0,13.0,15.3,123,15.37,3.03,990.0,16.6,155.0,27.38137,79.5419
UP-FRK,2023-03-21,19.2,23.4,15.8,85,100,12.1,12.1,17.2,73,15.85,2.84,991.0,16.4,155.0,27.38137,79.5419
UP-FRK,2023-03-22,19.9,26.3,13.4,77,99,0.0,0.0,12.9,302,22.08,4.26,992.0,15.2,155.0,27.38137,79.5419
UP-FRK,2023-03-23,22.0,28.6,17.1,65,84,0.0,0.0,16.6,286,21.96,4.91,990.7,14.5,155.0,27.38137,79.5419
UP-FRK,2023-03-24,21.9,29.4,15.7,68,84,2.3,2.3,11.6,28,18.89,4.09,991.1,15.3,155.0,27.38137,79.5419
UP-FRK,2023-03-25,22.8,27.9,19.0,70,85,0.7,0.7,19.7,53,20.31,4.38,993.1,16.7,155.0,27.38137,79.5419
UP-FRK,2023-03-26,23.5,30.2,17.4,57,90,0.0,0.0,17.1,330,22.46,5.68,992.1,12.9,155.0,27.38137,79.5419
UP-FRK,2023-03-27,23.2,29.8,17.6,49,70,0.0,0.0,19.8,290,20.88,5.73,991.7,11.1,155.0,27.38137,79.5419
UP-FRK,2023-03-28,23.2,30.3,16.4,54,78,0.0,0.0,16.6,293,22.62,5.38,991.9,12.8,155.0,27.38137,79.5419
UP-FRK,2023-03-29,24.6,31.8,18.0,51,70,0.0,0.0,10.6,322,20.87,5.09,992.3,13.0,155.0,27.38137,79.5419
UP-FRK,2023-03-30,25.4,32.2,17.9,48,65,0.2,0.2,18.1,309,21.03,4.99,990.0,13.1,155.0,27.38137,79.5419
UP-FRK,2023-03-31,21.8,27.8,18.2,74,93,12.6,12.6,20.3,24,18.57,3.98,990.3,16.6,155.0,27.38137,79.5419
UP-FRK,2023-04-01,21.3,26.6,16.8,75,96,0.5,0.5,16.8,42,18.58,3.86,991.1,16.2,155.0,27.38137,79.5419
UP-FRK,2023-04-02,23.3,29.9,16.1,61,96,0.0,0.0,20.3,292,21.81,5.36,990.1,14.2,155.0,27.38137,79.5419
UP-FRK,2023-04-03,25.2,32.5,17.5,49,80,0.0,0.0,21.0,296,22.32,6.18,988.8,12.3,155.0,27.38137,79.5419
UP-FRK,2023-04-04,24.3,30.5,18.5,55,72,0.0,0.0,15.0,320,22.0,5.34,990.3,14.3,155.0,27.38137,79.5419
UP-FRK,2023-04-05,24.4,32.6,17.3,46,73,0.0,0.0,16.8,302,24.17,6.39,991.0,10.3,155.0,27.38137,79.5419
UP-FRK,2023-04-06,25.2,32.8,17.4,36,51,0.0,0.0,18.2,319,23.67,6.83,993.1,8.3,155.0,27.38137,79.5419
UP-FRK,2023-04-07,25.3,33.8,18.8,31,48,0.0,0.0,19.8,303,24.31,7.19,994.8,5.7,155.0,27.38137,79.5419
UP-FRK,2023-04-08,26.0,34.3,18.3,30,51,0.0,0.0,16.6,300,23.83,6.82,995.9,6.2,155.0,27.38137,79.5419
UP-FRK,2023-04-09,26.1,35.0,18.0,32,53,0.0,0.0,15.0,307,24.16,6.55,995.6,6.9,155.0,27.38137,79.5419
UP-FRK,2023-04-10,26.7,35.4,18.3,28,50,0.0,0.0,17.6,284,24.0,7.11,993.7,5.1,155.0,27.38137,79.5419
UP-FRK,2023-04-11,28.1,36.3,19.0,27,45,0.0,0.0,23.0,294,24.65,8.26,992.9,5.9,155.0,27.38137,79.5419
UP-FRK,2023-04-12,30.1,38.0,22.1,26,40,0.0,0.0,23.2,304,23.88,8.59,992.3,7.7,155.0,27.38137,79.5419
UP-FRK,2023-04-13,30.6,38.5,22.8,27,43,0.0,0.0,23.2,289,24.14,8.24,990.9,8.5,155.0,27.38137,79.5419
UP-FRK,2023-04-14,30.7,38.6,22.7,25,38,0.0,0.0,15.5,304,23.68,7.5,990.2,7.2,155.0,27.38137,79.5419
UP-FRK,2023-04-15,30.7,39.9,21.2,25,43,0.0,0.0,15.1,280,23.51,7.0,990.1,6.9,155.0,27.38137,79.5419
UP-FRK,2023-04-16,31.5,40.6,23.1,25,41,0.0,0.0,23.3,283,23.5,7.5,988.6,7.8,155.0,27.38137,79.5419
UP-FRK,2023-04-17,32.7,41.0,24.7,22,35,0.0,0.0,19.4,284,23.46,8.03,988.5,7.0,155.0,27.38137,79.5419
UP-FRK,2023-04-18,32.8,41.1,25.1,22,35,0.0,0.0,17.7,270,22.51,8.35,989.5,7.3,155.0,27.38137,79.5419
UP-FRK,2023-04-19,33.1,40.4,26.6,22,33,0.0,0.0,19.5,303,22.82,8.82,986.8,7.8,155.0,27.38137,79.5419
UP-FRK,2023-04-20,31.4,37.5,24.8,29,48,0.0,0.0,21.5,308,21.33,7.79,984.6,10.1,155.0,27.38137,79.5419
UP-FRK,2023-04-21,29.1,34.5,24.1,36,55,0.7,0.7,22.5,18,20.66,5.82,986.3,11.8,155.0,27.38137,79.5419
UP-FRK,2023-04-22,28.4,36.1,21.4,33,56,0.5,0.5,21.7,354,22.86,6.65,986.6,9.1,155.0,27.38137,79.5419
UP-FRK,2023-04-23,27.0,34.0,20.4,29,42,0.1,0.1,24.5,189,16.61,5.85,988.4,6.4,155.0,27.38137,79.5419
UP-FRK,2023-04-24,25.1,30.6,21.4,44,58,0.3,0.3,22.0,110,18.21,5.54,993.0,11.5,155.0,27.38137,79.5419
UP-FRK,2023-04-25,26.0,32.6,18.7,44,69,0.0,0.0,11.2,52,24.11,6.09,993.5,11.5,155.0,27.38137,79.5419
UP-FRK,2023-04-26,27.5,33.8,20.3,38,60,0.0,0.0,7.9,340,21.31,5.24,990.6,11.1,155.0,27.38137,79.5419
UP-FRK,2023-04-27,28.8,36.0,22.1,36,49,0.0,0.0,29.7,329,21.64,5.94,989.9,11.4,155.0,27.38137,79.5419
UP-FRK,2023-04-28,28.3,34.3,22.1,40,64,0.0,0.0,11.9,10,17.52,5.02,990.6,12.7,155.0,27.38137,79.5419
UP-FRK,2023-04-29,27.2,35.0,22.9,48,71,0.3,0.3,17.7,271,19.33,5.31,990.0,14.6,155.0,27.38137,79.5419
UP-FRK,2023-04-30,25.1,28.9,20.7,64,91,3.8,3.8,15.1,174,12.12,3.08,989.4,17.2,155.0,27.38137,79.5419
UP-FRK,2023-05-01,21.7,25.7,19.2,84,98,21.3,21.3,17.6,103,9.9,2.18,989.6,18.8,155.0,27.38137,79.5419
UP-FRK,2023-05-02,22.6,27.8,18.6,82,98,2.4,2.4,18.5,83,18.3,3.69,991.0,19.1,155.0,27.38137,79.5419
UP-FRK,2023-05-03,23.4,28.8,19.7,80,97,11.4,11.4,17.1,44,16.07,3.41,991.9,19.6,155.0,27.38137,79.5419
UP-FRK,2023-05-04,24.4,30.0,19.3,74,100,0.0,0.0,9.1,28,22.26,4.72,991.4,18.8,155.0,27.38137,79.5419
UP-FRK,2023-05-05,26.2,32.3,19.4,61,94,0.0,0.0,19.4,318,22.99,5.61,989.6,17.2,155.0,27.38137,79.5419
UP-FRK,2023-05-06,28.5,35.5,21.0,47,72,0.0,0.0,18.1,290,23.61,6.89,987.6,15.1,155.0,27.38137,79.5419
UP-FRK,2023-05-07,29.1,36.8,22.7,42,63,0.0,0.0,17.2,292,23.7,7.08,987.3,13.8,155.0,27.38137,79.5419
UP-FRK,2023-05-08,28.8,35.5,22.3,42,61,0.0,0.0,19.8,49,22.09,6.47,987.2,14.0,155.0,27.38137,79.5419
UP-FRK,2023-05-09,30.1,38.2,22.7,36,71,0.0,0.0,24.8,306,24.2,8.01,987.6,11.0,155.0,27.38137,79.5419
UP-FRK,2023-05-10,28.8,36.6,21.7,31,51,0.0,0.0,17.1,297,24.93,7.65,987.9,8.2,155.0,27.38137,79.5419
UP-FRK,2023-05-11,29.6,37.8,20.4,30,54,0.0,0.0,13.7,272,24.68,7.3,989.0,8.9,155.0,27.38137,79.5419
UP-FRK,2023-05-12,31.1,39.1,22.8,30,44,0.0,0.0,10.0,197,24.64,6.32,988.1,10.7,155.0,27.38137,79.5419
UP-FRK,2023-05-13,31.0,39.0,22.9,35,53,0.0,0.0,10.0,114,24.23,6.67,987.1,12.8,155.0,27.38137,79.5419
UP-FRK,2023-05-14,32.2,39.8,24.8,35,58,0.1,0.1,21.7,179,22.72,7.0,983.8,13.5,155.0,27.38137,79.5419
UP-FRK,2023-05-15,32.4,40.0,25.9,28,40,0.0,0.0,16.2,289,22.45,7.09,983.8,10.7,155.0,27.38137,79.5419
UP-FRK,2023-05-16,32.2,39.4,24.9,28,41,0.0,0.0,28.5,280,22.51,8.17,985.5,11.0,155.0,27.38137,79.5419
UP-FRK,2023-05-17,33.6,41.6,25.6,30,49,0.0,0.0,23.3,276,22.43,8.68,986.8,12.0,155.0,27.38137,79.5419
UP-FRK,2023-05-18,32.5,39.5,26.0,34,49,0.0,0.0,20.2,304,22.33,7.53,989.7,13.7,155.0,27.38137,79.5419
UP-FRK,2023-05-19,32.5,39.3,25.8,35,60,0.0,0.0,23.8,289,23.36,8.52,987.6,13.4,155.0,27.38137,79.5419
UP-FRK,2023-05-20,32.9,40.6,25.1,28,52,0.0,0.0,23.9,273,24.06,8.52,986.0,10.5,155.0,27.38137,79.5419
UP-FRK,2023-05-21,33.7,42.9,24.8,26,46,0.0,0.0,23.3,318,23.48,7.92,986.0,10.7,155.0,27.38137,79.5419
UP-FRK,2023-05-22,34.5,42.6,27.9,28,47,0.0,0.0,29.0,309,22.84,8.22,986.5,12.7,155.0,27.38137,79.5419
UP-FRK,2023-05-23,34.8,42.9,26.6,33,60,0.0,0.0,25.9,305,22.92,8.84,986.7,14.5,155.0,27.38137,79.5419
UP-FRK,2023-05-24,32.3,37.8,27.9,44,63,0.4,0.4,14.8,89,21.81,6.02,987.1,18.2,155.0,27.38137,79.5419
UP-FRK,2023-05-25,29.3,33.4,22.6,55,87,1.1,1.1,17.7,273,21.03,5.33,987.1,19.0,155.0,27.38137,79.5419
UP-FRK,2023-05-26,27.3,31.9,23.2,68,93,3.3,3.3,11.3,201,21.04,4.9,988.4,20.4,155.0,27.38137,79.5419
UP-FRK,2023-05-27,27.7,32.8,23.6,61,81,5.1,5.1,15.6,187,18.44,4.58,987.7,19.1,155.0,27.38137,79.5419
UP-FRK,2023-05-28,28.5,34.1,23.4,59,81,0.0,0.0,8.2,109,21.23,5.05,988.7,19.3,155.0,27.38137,79.5419
UP-FRK,2023-05-29,28.7,35.5,24.0,62,84,0.0,0.0,12.6,20,22.91,5.53,989.9,20.0,155.0,27.38137,79.5419
UP-FRK,2023-05-30,30.1,36.9,23.3,54,87,0.0,0.0,14.2,267,22.82,5.88,989.6,18.8,155.0,27.38137,79.5419
UP-FRK,2023-05-31,29.8,34.7,23.5,49,73,0.0,0.0,15.3,271,24.07,6.86,989.0,17.5,155.0,27.38137,79.5419
UP-FRK,2023-06-01,29.7,36.1,23.5,49,76,0.0,0.0,18.1,290,24.45,7.1,987.9,16.7,155.0,27.38137,79.5419
UP-FRK,2023-06-02,30.3,36.3,24.8,47,70,0.0,0.0,17.2,304,23.5,6.86,987.0,16.9,155.0,27.38137,79.5419
UP-FRK,2023-06-03,31.2,37.7,25.0,42,59,0.0,0.0,15.2,306,22.94,6.91,987.1,15.7,155.0,27.38137,79.5419
UP-FRK,2023-06-04,31.9,39.3,24.7,45,67,0.0,0.0,23.8,286,23.65,7.46,986.6,17.5,155.0,27.38137,79.5419
UP-FRK,2023-06-05,30.6,35.6,27.0,54,65,3.3,3.3,14.8,289,20.95,5.52,986.1,19.9,155.0,27.38137,79.5419
UP-FRK,2023-06-06,32.1,39.0,25.0,43,75,0.0,0.0,15.5,314,22.65,7.0,985.2,16.6,155.0,27.38137,79.5419
UP-FRK,2023-06-07,33.0,39.5,26.1,34,57,0.0,0.0,16.9,298,23.13,7.66,984.7,14.0,155.0,27.38137,79.5419
UP-FRK,2023-06-08,33.0,40.2,26.2,33,50,0.0,0.0,20.1,301,22.95,8.1,984.3,13.8,155.0,27.38137,79.5419
UP-FRK,2023-06-09,33.7,39.7,25.8,35,52,0.0,0.0,25.2,279,22.93,8.45,981.6,15.4,155.0,27.38137,79.5419
UP-FRK,2023-06-10,35.3,41.3,28.7,36,63,0.0,0.0,16.6,284,21.79,8.15,980.3,17.0,155.0,27.38137,79.5419
UP-FRK,2023-06-11,34.8,40.4,29.2,37,51,0.0,0.0,25.9,288,23.14,8.81,980.2,17.6,155.0,27.38137,79.5419
UP-FRK,2023-06-12,35.6,40.6,30.4,40,57,0.0,0.0,25.5,290,22.58,8.96,980.1,19.4,155.0,27.38137,79.5419
UP-FRK,2023-06-13,37.1,42.3,31.6,34,53,0.0,0.0,29.2,285,22.17,10.27,979.4,17.7,155.0,27.38137,79.5419
UP-FRK,2023-06-14,37.0,40.9,32.8,31,41,0.0,0.0,33.8,286,21.44,10.89,980.5,16.8,155.0,27.38137,79.5419
UP-FRK,2023-06-15,34.8,38.7,31.1,41,56,0.5,0.5,32.5,284,21.71,9.4,981.9,19.5,155.0,27.38137,79.5419
UP-FRK,2023-06-16,34.4,40.2,29.8,45,62,0.0,0.0,24.2,289,23.09,8.3,982.1,20.2,155.0,27.38137,79.5419
UP-FRK,2023-06-17,34.8,39.9,30.3,46,60,0.0,0.0,23.7,280,22.28,6.84,982.5,21.1,155.0,27.38137,79.5419
UP-FRK,2023-06-18,35.1,39.5,30.0,44,69,0.0,0.0,17.1,256,23.09,7.61,982.8,20.9,155.0,27.38137,79.5419
UP-FRK,2023-06-19,32.6,38.8,29.5,56,70,0.6,0.6,23.5,168,17.85,5.67,981.5,22.2,155.0,27.38137,79.5419
UP-FRK,2023-06-20,28.1,31.1,25.6,81,96,19.6,19.6,24.3,119,8.6,2.79,980.3,24.5,155.0,27.38137,79.5419
UP-FRK,2023-06-21,27.5,29.5,25.1,87,96,19.8,19.8,19.7,17,10.63,2.57,981.3,25.1,155.0,27.38137,79.5419
UP-FRK,2023-06-22,30.7,34.8,27.8,76,90,0.0,0.0,21.3,39,20.17,5.0,982.0,25.8,155.0,27.38137,79.5419
UP-FRK,2023-06-23,31.1,35.6,27.3,78,96,4.5,4.5,11.3,138,20.05,4.69,982.6,26.6,155.0,27.38137,79.5419
UP-FRK,2023-06-24,30.4,35.6,26.1,80,98,38.7,38.7,14.8,106,18.99,4.5,982.2,26.3,155.0,27.38137,79.5419
UP-FRK,2023-06-25,28.5,32.2,25.5,86,97,9.5,9.5,12.1,76,12.63,2.93,982.8,25.8,155.0,27.38137,79.5419
UP-FRK,2023-06-26,28.6,33.0,25.0,85,97,7.4,7.4,16.8,48,14.65,3.3,983.4,25.6,155.0,27.38137,79.5419
UP-FRK,2023-06-27,30.8,35.1,26.0,73,93,6.7,6.7,15.5,70,19.03,4.97,982.2,24.9,155.0,27.38137,79.5419
UP-FRK,2023-06-28,30.2,33.7,26.8,72,84,0.3,0.3,20.5,90,22.25,5.59,983.7,24.5,155.0,27.38137,79.5419
UP-FRK,2023-06-29,28.7,32.1,25.7,80,96,6.5,6.5,16.2,92,14.01,3.48,982.7,24.9,155.0,27.38137,79.5419
UP-FRK,2023-06-30,27.8,30.5,25.6,85,95,8.1,8.1,14.7,69,15.45,3.41,981.2,25.0,155.0,27.38137,79.5419
UP-FRK,2023-07-01,27.4,30.8,25.0,89,97,23.5,23.5,11.9,90,11.54,2.58,981.6,25.3,155.0,27.38137,79.5419
UP-FRK,2023-07-02,28.3,31.7,25.6,85,99,1.7,1.7,16.9,354,15.31,3.45,982.3,25.5,155.0,27.38137,79.5419
UP-FRK,2023-07-03,30.0,34.3,25.5,78,96,0.1,0.1,10.6,33,22.59,5.16,982.6,25.6,155.0,27.38137,79.5419
UP-FRK,2023-07-04,30.1,34.3,27.3,79,91,0.1,0.1,18.4,91,21.37,5.09,981.6,25.9,155.0,27.38137,79.5419
UP-FRK,2023-07-05,28.2,31.7,25.2,85,97,2.7,2.7,14.6,84,14.82,3.43,981.4,25.3,155.0,27.38137,79.5419
UP-FRK,2023-07-06,27.8,31.4,24.4,87,98,22.2,22.2,14.6,72,16.02,3.51,983.4,25.4,155.0,27.38137,79.5419
UP-FRK,2023-07-07,28.7,32.7,26.0,85,95,13.1,13.1,17.9,82,14.31,3.39,983.8,25.7,155.0,27.38137,79.5419
UP-FRK,2023-07-08,28.2,31.6,25.9,86,96,18.8,18.8,21.2,102,16.5,3.77,983.9,25.5,155.0,27.38137,79.5419
UP-FRK,2023-07-09,28.2,31.4,25.8,87,96,21.1,21.1,21.4,122,13.51,3.1,983.7,25.8,155.0,27.38137,79.5419
UP-FRK,2023-07-10,29.0,33.6,25.6,84,97,7.9,7.9,15.0,119,20.94,4.63,983.2,25.8,155.0,27.38137,79.5419
UP-FRK,2023-07-11,28.7,31.9,26.1,87,97,12.0,12.0,13.3,108,16.63,3.65,983.1,26.2,155.0,27.38137,79.5419
UP-FRK,2023-07-12,28.5,32.3,26.6,88,98,7.2,7.2,10.1,113,15.03,3.31,983.0,26.1,155.0,27.38137,79.5419
UP-FRK,2023-07-13,28.0,31.1,26.0,89,98,27.7,27.7,12.7,110,11.76,2.66,983.4,25.9,155.0,27.38137,79.5419
UP-FRK,2023-07-14,29.0,33.2,25.3,85,98,15.6,15.6,9.4,110,21.7,4.69,983.9,26.1,155.0,27.38137,79.5419
UP-FRK,2023-07-15,27.7,30.9,25.5,90,99,18.1,18.1,13.0,127,14.85,3.18,984.0,25.7,155.0,27.38137,79.5419
UP-FRK,2023-07-16,29.5,33.0,25.2,83,99,3.6,3.6,8.0,92,22.41,4.81,983.4,26.1,155.0,27.38137,79.5419
UP-FRK,2023-07-17,29.9,34.1,25.6,79,97,7.2,7.2,11.1,94,21.31,4.86,982.7,25.6,155.0,27.38137,79.5419
UP-FRK,2023-07-18,29.5,33.4,26.7,81,95,3.3,3.3,16.6,89,18.23,4.25,982.7,25.8,155.0,27.38137,79.5419
UP-FRK,2023-07-19,30.1,33.6,26.8,80,93,0.6,0.6,18.0,80,19.99,4.58,982.1,26.1,155.0,27.38137,79.5419
UP-FRK,2023-07-20,31.5,35.5,27.6,71,86,0.1,0.1,12.0,82,23.15,5.66,981.8,25.4,155.0,27.38137,79.5419
UP-FRK,2023-07-21,32.0,35.4,28.7,70,83,0.1,0.1,16.4,92,22.94,6.01,983.7,25.7,155.0,27.38137,79.5419
UP-FRK,2023-07-22,31.5,34.6,29.4,71,79,0.0,0.0,20.4,93,23.64,6.29,986.2,25.6,155.0,27.38137,79.5419
UP-FRK,2023-07-23,31.2,34.3,28.6,72,81,0.1,0.1,21.3,93,23.22,6.0,985.8,25.6,155.0,27.38137,79.5419
UP-FRK,2023-07-24,30.8,34.1,27.7,76,88,2.4,2.4,15.6,96,20.7,5.1,983.9,26.1,155.0,27.38137,79.5419
UP-FRK,2023-07-25,29.2,32.9,25.9,84,95,8.4,8.4,14.6,101,15.82,3.69,984.7,26.0,155.0,27.38137,79.5419
UP-FRK,2023-07-26,29.1,32.4,26.7,86,97,4.2,4.2,10.7,71,20.04,4.35,985.9,26.4,155.0,27.38137,79.5419
UP-FRK,2023-07-27,29.2,33.7,26.4,84,95,6.1,6.1,12.7,56,20.41,4.53,984.7,26.0,155.0,27.38137,79.5419
UP-FRK,2023-07-28,29.2,33.6,27.0,85,97,4.9,4.9,16.7,279,18.68,4.13,982.6,26.3,155.0,27.38137,79.5419
UP-FRK,2023-07-29,28.8,32.7,25.8,84,97,11.4,11.4,12.9,272,19.7,4.29,982.4,25.8,155.0,27.38137,79.5419
UP-FRK,2023-07-30,28.3,31.6,25.6,84,94,4.1,4.1,17.9,266,15.45,3.56,981.5,25.3,155.0,27.38137,79.5419
UP-FRK,2023-07-31,29.5,33.4,25.9,83,95,3.9,3.9,13.9,286,22.1,4.85,980.8,26.3,155.0,27.38137,79.5419
UP-FRK,2023-08-01,30.7,33.9,27.6,77,88,1.1,1.1,14.7,277,21.08,5.12,979.8,26.1,155.0,27.38137,79.5419
UP-FRK,2023-08-02,28.4,31.0,27.2,88,94,24.5,24.5,17.7,289,8.54,2.07,980.5,26.3,155.0,27.38137,79.5419
UP-FRK,2023-08-03,29.1,32.3,27.0,88,97,7.7,7.7,11.9,313,13.18,2.97,980.6,26.7,155.0,27.38137,79.5419
UP-FRK,2023-08-04,28.6,33.1,25.9,87,97,14.2,14.2,10.8,31,19.0,4.09,982.6,26.2,155.0,27.38137,79.5419
UP-FRK,2023-08-05,28.7,33.2,26.0,86,97,1.0,1.0,15.9,39,20.06,4.38,984.3,26.0,155.0,27.38137,79.5419
UP-FRK,2023-08-06,29.3,32.8,26.3,84,97,3.6,3.6,18.0,262,18.19,4.22,982.0,26.1,155.0,27.38137,79.5419
UP-FRK,2023-08-07,29.8,32.3,27.9,72,84,0.4,0.4,20.5,264,21.1,5.5,979.9,24.1,155.0,27.38137,79.5419
UP-FRK,2023-08-08,29.7,32.9,27.4,72,77,0.5,0.5,20.9,261,20.15,5.38,981.4,23.9,155.0,27.38137,79.5419
UP-FRK,2023-08-09,29.6,33.0,27.2,74,84,0.7,0.7,17.6,270,19.12,4.85,984.8,24.3,155.0,27.38137,79.5419
UP-FRK,2023-08-10,29.0,31.7,27.3,77,84,0.3,0.3,14.1,267,12.84,3.45,986.3,24.4,155.0,27.38137,79.5419
UP-FRK,2023-08-11,30.0,33.9,26.5,72,82,0.2,0.2,14.8,271,20.64,5.14,985.9,24.4,155.0,27.38137,79.5419
UP-FRK,2023-08-12,30.3,34.0,27.5,65,75,0.0,0.0,22.3,257,22.79,6.31,984.0,22.9,155.0,27.38137,79.5419
UP-FRK,2023-08-13,29.0,31.6,27.5,73,81,0.2,0.2,17.6,230,9.8,3.38,983.1,23.7,155.0,27.38137,79.5419
UP-FRK,2023-08-14,27.9,29.7,26.0,86,98,5.1,5.1,10.6,144,9.28,2.17,986.5,25.3,155.0,27.38137,79.5419
UP-FRK,2023-08-15,28.8,32.6,25.2,83,100,0.4,0.4,10.2,268,21.64,4.68,986.2,25.5,155.0,27.38137,79.5419
UP-FRK,2023-08-16,30.1,33.7,26.5,75,92,0.1,0.1,15.3,273,22.43,5.35,985.4,25.0,155.0,27.38137,79.5419
UP-FRK,2023-08-17,30.7,34.4,27.4,73,84,0.0,0.0,17.4,282,21.25,5.24,984.9,25.3,155.0,27.38137,79.5419
UP-FRK,2023-08-18,29.4,33.1,27.3,84,95,8.8,8.8,9.2,20,18.01,3.95,984.9,26.2,155.0,27.38137,79.5419
UP-FRK,2023-08-19,30.2,33.4,27.3,81,95,2.6,2.6,13.6,86,21.9,4.93,985.3,26.4,155.0,27.38137,79.5419
UP-FRK,2023-08-20,30.5,33.9,27.5,77,88,0.1,0.1,18.7,98,22.59,5.3,985.8,25.8,155.0,27.38137,79.5419
UP-FRK,2023-08-21,30.4,34.3,27.5,81,93,2.8,2.8,10.9,93,20.4,4.64,985.0,26.6,155.0,27.38137,79.5419
UP-FRK,2023-08-22,28.1,29.4,27.5,93,98,42.2,42.2,14.2,167,6.21,1.46,983.9,26.8,155.0,27.38137,79.5419
UP-FRK,2023-08-23,26.3,28.2,24.9,93,97,54.7,54.7,24.7,226,4.64,1.19,982.7,25.1,155.0,27.38137,79.5419
UP-FRK,2023-08-24,26.6,29.5,25.0,90,97,62.5,62.5,20.6,284,7.95,1.92,981.6,24.7,155.0,27.38137,79.5419
UP-FRK,2023-08-25,28.9,33.1,25.3,73,91,0.1,0.1,16.9,266,22.33,5.41,982.0,23.5,155.0,27.38137,79.5419
UP-FRK,2023-08-26,29.4,33.0,26.0,68,74,0.0,0.0,17.7,264,22.13,5.72,983.6,22.7,155.0,27.38137,79.5419
UP-FRK,2023-08-27,29.3,33.4,26.3,67,77,0.0,0.0,21.5,265,22.98,6.09,983.5,22.5,155.0,27.38137,79.5419
UP-FRK,2023-08-28,28.8,32.8,26.0,70,80,0.0,0.0,19.5,261,21.66,5.55,983.7,22.8,155.0,27.38137,79.5419
UP-FRK,2023-08-29,29.3,33.3,25.8,72,84,0.0,0.0,19.2,280,21.91,5.39,985.6,23.5,155.0,27.38137,79.5419
UP-FRK,2023-08-30,29.6,33.4,26.4,72,85,0.4,0.4,15.8,275,21.61,5.29,987.0,23.9,155.0,27.38137,79.5419
UP-FRK,2023-08-31,29.9,34.8,25.5,72,91,0.0,0.0,12.0,291,22.67,5.39,987.7,24.0,155.0,27.38137,79.5419
UP-FRK,2023-09-01,30.5,34.9,26.2,70,86,0.0,0.0,15.6,285,21.86,5.44,987.2,24.2,155.0,27.38137,79.5419
UP-FRK,2023-09-02,30.8,35.7,26.7,65,81,0.0,0.0,21.9,281,22.94,6.16,985.9,23.2,155.0,27.38137,79.5419
UP-FRK,2023-09-03,30.4,35.2,26.1,65,82,0.0,0.0,19.5,284,23.23,5.96,985.0,22.8,155.0,27.38137,79.5419
UP-FRK,2023-09-04,30.1,34.7,25.6,70,86,0.0,0.0,14.5,339,21.76,5.32,984.3,23.9,155.0,27.38137,79.5419
UP-FRK,2023-09-05,29.1,32.6,26.8,82,90,9.3,9.3,17.4,66,16.03,3.61,985.4,25.7,155.0,27.38137,79.5419
UP-FRK,2023-09-06,29.0,32.0,26.5,78,92,0.1,0.1,10.8,26,9.54,2.54,986.5,24.6,155.0,27.38137,79.5419
UP-FRK,2023-09-07,29.5,33.7,26.3,78,93,1.1,1.1,10.9,65,17.28,4.06,986.1,24.9,155.0,27.38137,79.5419
UP-FRK,2023-09-08,28.1,31.9,25.6,84,91,11.4,11.4,17.4,75,13.1,3.06,985.9,25.1,155.0,27.38137,79.5419
UP-FRK,2023-09-09,26.5,27.7,25.5,90,95,25.9,25.9,24.9,83,5.07,1.46,984.5,24.7,155.0,27.38137,79.5419
UP-FRK,2023-09-10,26.6,29.4,25.0,92,97,33.6,33.6,18.0,97,10.08,2.13,983.2,25.2,155.0,27.38137,79.5419
UP-FRK,2023-09-11,25.5,26.9,24.2,94,98,55.4,55.4,15.5,71,6.81,1.44,983.2,24.6,155.0,27.38137,79.5419
UP-FRK,2023-09-12,27.3,31.5,24.4,88,98,6.9,6.9,11.8,83,14.89,3.18,984.2,25.0,155.0,27.38137,79.5419
UP-FRK,2023-09-13,28.9,32.9,24.6,86,100,0.4,0.4,8.8,88,18.42,3.96,984.7,26.1,155.0,27.38137,79.5419
UP-FRK,2023-09-14,29.7,33.9,26.6,82,97,0.0,0.0,14.0,82,19.72,4.43,985.9,26.1,155.0,27.38137,79.5419
UP-FRK,2023-09-15,29.9,33.1,26.7,79,93,2.9,2.9,18.2,72,18.88,4.61,986.3,25.6,155.0,27.38137,79.5419
UP-FRK,2023-09-16,28.6,31.6,25.7,82,94,20.8,20.8,23.8,87,15.06,3.73,985.7,25.2,155.0,27.38137,79.5419
UP-FRK,2023-09-17,28.9,32.2,26.4,79,91,1.3,1.3,22.5,122,17.6,4.26,985.2,24.7,155.0,27.38137,79.5419
UP-FRK,2023-09-18,28.5,32.4,24.5,81,97,0.5,0.5,12.8,134,20.48,4.42,986.3,24.7,155.0,27.38137,79.5419
UP-FRK,2023-09-19,29.4,32.9,25.4,81,97,0.3,0.3,6.5,179,19.73,4.32,988.0,25.5,155.0,27.38137,79.5419
UP-FRK,2023-09-20,29.2,33.0,26.1,82,98,1.9,1.9,9.9,126,19.33,4.2,988.5,25.7,155.0,27.38137,79.5419
UP-FRK,2023-09-21,29.0,32.5,25.3,82,96,0.5,0.5,11.9,101,19.71,4.37,987.8,25.5,155.0,27.38137,79.5419
UP-FRK,2023-09-22,27.5,30.9,24.5,86,96,10.3,10.3,9.2,97,14.96,3.18,988.2,24.9,155.0,27.38137,79.5419
UP-FRK,2023-09-23,27.7,31.4,23.8,84,97,0.8,0.8,9.7,58,18.69,3.95,988.4,24.6,155.0,27.38137,79.5419
UP-FRK,2023-09-24,27.9,32.2,24.2,80,97,0.1,0.1,10.9,3,19.75,4.29,988.0,23.9,155.0,27.38137,79.5419
UP-FRK,2023-09-25,28.2,32.3,24.5,78,94,0.1,0.1,10.9,104,19.55,4.31,988.4,23.6,155.0,27.38137,79.5419
UP-FRK,2023-09-26,28.0,32.3,24.6,78,95,0.0,0.0,9.3,84,20.28,4.42,989.4,23.6,155.0,27.38137,79.5419
UP-FRK,2023-09-27,28.6,33.2,24.6,74,93,0.0,0.0,9.9,294,19.65,4.42,988.8,23.2,155.0,27.38137,79.5419
UP-FRK,2023-09-28,27.6,33.0,23.0,73,93,0.0,0.0,8.8,313,20.69,4.6,988.4,22.0,155.0,27.38137,79.5419
UP-FRK,2023-09-29,27.7,33.4,22.5,66,87,0.0,0.0,8.1,306,20.47,4.65,988.4,20.2,155.0,27.38137,79.5419
UP-FRK,2023-09-30,28.2,33.3,22.9,67,80,0.0,0.0,7.2,291,20.04,4.55,988.0,21.3,155.0,27.38137,79.5419
UP-FRK,2023-10-01,28.1,33.2,24.2,78,91,0.6,0.6,11.1,28,18.84,4.19,987.4,23.7,155.0,27.38137,79.5419
UP-FRK,2023-10-02,28.7,34.3,24.1,71,88,1.3,1.3,16.0,340,17.24,4.34,988.1,22.5,155.0,27.38137,79.5419
UP-FRK,2023-10-03,26.3,32.1,22.2,55,70,0.0,0.0,14.3,326,20.27,5.28,989.0,16.1,155.0,27.38137,79.5419
UP-FRK,2023-10-04,26.5,31.3,21.0,74,91,1.2,1.2,14.0,350,17.6,4.02,989.2,21.3,155.0,27.38137,79.5419
UP-FRK,2023-10-05,27.5,33.4,23.5,73,97,0.0,0.0,13.7,284,19.81,4.61,988.8,21.6,155.0,27.38137,79.5419
UP-FRK,2023-10-06,27.3,33.1,21.4,68,95,0.0,0.0,10.2,293,19.85,4.53,988.1,20.1,155.0,27.38137,79.5419
UP-FRK,2023-10-07,27.5,33.7,21.4,65,86,0.0,0.0,10.2,275,19.6,4.69,989.2,19.9,155.0,27.38137,79.5419
UP-FRK,2023-10-08,28.5,34.6,22.7,68,89,0.0,0.0,14.4,267,18.49,4.68,989.6,21.6,155.0,27.38137,79.5419
UP-FRK,2023-10-09,28.8,35.3,23.8,67,85,0.0,0.0,16.4,270,18.87,4.91,990.5,21.5,155.0,27.38137,79.5419
UP-FRK,2023-10-10,28.4,35.4,23.9,60,78,0.0,0.0,16.1,280,18.44,4.99,991.2,19.3,155.0,27.38137,79.5419
UP-FRK,2023-10-11,27.0,34.0,21.6,60,79,0.0,0.0,13.4,299,19.25,4.99,991.9,17.9,155.0,27.38137,79.5419
UP-FRK,2023-10-12,25.7,33.0,19.4,58,76,0.0,0.0,14.0,313,19.3,4.88,993.7,15.9,155.0,27.38137,79.5419
UP-FRK,2023-10-13,26.6,33.4,20.4,65,86,0.0,0.0,12.5,333,18.46,4.41,994.3,18.8,155.0,27.38137,79.5419
UP-FRK,2023-10-14,27.6,34.6,21.7,62,87,0.0,0.0,14.8,301,17.43,4.48,993.6,18.9,155.0,27.38137,79.5419
UP-FRK,2023-10-15,27.1,35.0,20.7,60,80,0.0,0.0,17.1,298,16.14,4.5,991.5,17.7,155.0,27.38137,79.5419
UP-FRK,2023-10-16,25.5,32.2,21.0,71,94,1.6,1.6,17.1,33,14.28,3.47,993.2,19.5,155.0,27.38137,79.5419
UP-FRK,2023-10-17,23.9,28.3,20.4,72,96,0.2,0.2,11.0,345,13.84,3.19,996.2,18.1,155.0,27.38137,79.5419
UP-FRK,2023-10-18,24.3,30.1,19.2,63,87,0.0,0.0,12.9,295,17.75,4.33,996.3,16.2,155.0,27.38137,79.5419
UP-FRK,2023-10-19,23.2,29.4,18.6,62,82,0.0,0.0,12.4,299,17.92,4.27,996.4,15.0,155.0,27.38137,79.5419
UP-FRK,2023-10-20,23.1,29.8,16.9,63,91,0.0,0.0,9.9,339,17.82,4.0,996.9,14.8,155.0,27.38137,79.5419
UP-FRK,2023-10-21,23.5,29.9,17.1,62,89,0.0,0.0,10.8,10,17.62,3.83,997.4,15.3,155.0,27.38137,79.5419
UP-FRK,2023-10-22,23.8,29.9,17.3,63,91,0.0,0.0,9.3,16,17.41,3.9,997.7,15.9,155.0,27.38137,79.5419
UP-FRK,2023-10-23,23.5,30.1,17.0,67,92,0.0,0.0,10.7,323,17.0,3.86,996.1,16.2,155.0,27.38137,79.5419
UP-FRK,2023-10-24,24.0,30.7,17.9,62,93,0.0,0.0,10.4,333,16.62,3.89,995.2,15.5,155.0,27.38137,79.5419
UP-FRK,2023-10-25,23.8,31.0,18.0,59,84,0.0,0.0,10.3,305,16.06,4.02,995.8,14.5,155.0,27.38137,79.5419
UP-FRK,2023-10-26,23.4,30.3,17.9,60,80,0.0,0.0,11.2,290,17.04,4.11,995.6,14.5,155.0,27.38137,79.5419
UP-FRK,2023-10-27,23.1,31.0,16.7,58,80,0.0,0.0,10.5,302,16.95,4.13,995.0,13.6,155.0,27.38137,79.5419
UP-FRK,2023-10-28,23.5,30.3,16.9,58,82,0.0,0.0,8.9,261,14.81,3.45,995.6,14.1,155.0,27.38137,79.5419
UP-FRK,2023-10-29,24.2,30.0,18.2,58,76,0.0,0.0,7.7,203,16.14,3.38,995.8,14.9,155.0,27.38137,79.5419
UP-FRK,2023-10-30,23.9,30.7,17.4,67,88,0.0,0.0,8.2,35,16.04,3.48,996.3,16.8,155.0,27.38137,79.5419
UP-FRK,2023-10-31,23.9,30.4,17.4,70,95,0.0,0.0,9.3,68,15.9,3.48,997.5,17.7,155.0,27.38137,79.5419
UP-FRK,2023-11-01,24.4,30.4,18.0,65,89,0.0,0.0,8.8,345,15.79,3.32,997.8,16.7,155.0,27.38137,79.5419
UP-FRK,2023-11-02,24.2,30.2,18.2,66,90,0.0,0.0,9.3,295,15.35,3.41,996.1,17.0,155.0,27.38137,79.5419
UP-FRK,2023-11-03,23.5,29.7,17.8,69,92,0.0,0.0,9.2,301,14.97,3.33,993.9,16.8,155.0,27.38137,79.5419
UP-FRK,2023-11-04,23.1,30.1,17.4,72,95,0.0,0.0,11.7,311,15.2,3.48,994.2,17.2,155.0,27.38137,79.5419
UP-FRK,2023-11-05,22.8,28.7,18.0,79,100,0.2,0.2,11.1,235,13.62,2.82,996.0,18.6,155.0,27.38137,79.5419
UP-FRK,2023-11-06,22.1,29.2,17.0,73,99,0.0,0.0,10.8,339,15.04,3.23,997.5,16.4,155.0,27.38137,79.5419
UP-FRK,2023-11-07,23.0,29.5,16.2,67,95,0.0,0.0,10.2,300,15.26,3.41,996.7,16.1,155.0,27.38137,79.5419
UP-FRK,2023-11-08,23.1,30.5,17.9,71,89,0.0,0.0,10.0,290,14.57,3.29,995.5,16.8,155.0,27.38137,79.5419
UP-FRK,2023-11-09,22.9,30.6,17.2,67,92,0.0,0.0,12.4,291,14.44,3.52,995.7,15.8,155.0,27.38137,79.5419
UP-FRK,2023-11-10,22.6,29.0,17.2,73,91,0.7,0.7,16.6,23,13.08,2.92,997.6,17.2,155.0,27.38137,79.5419
UP-FRK,2023-11-11,21.6,27.3,17.7,76,96,0.0,0.0,13.0,333,14.33,3.08,998.7,16.7,155.0,27.38137,79.5419
UP-FRK,2023-11-12,20.2,26.4,16.0,70,88,0.0,0.0,11.0,299,14.61,3.17,999.4,14.2,155.0,27.38137,79.5419
UP-FRK,2023-11-13,20.2,26.6,14.7,75,94,0.0,0.0,9.3,307,14.24,2.82,999.3,15.2,155.0,27.38137,79.5419
UP-FRK,2023-11-14,20.4,26.5,15.3,75,96,0.0,0.0,8.5,310,12.75,2.66,998.7,15.4,155.0,27.38137,79.5419
UP-FRK,2023-11-15,20.0,26.3,14.6,71,95,0.0,0.0,11.0,301,14.35,2.86,998.6,14.2,155.0,27.38137,79.5419
UP-FRK,2023-11-16,20.1,26.6,13.5,70,94,0.0,0.0,8.8,332,14.16,2.78,999.5,13.8,155.0,27.38137,79.5419
UP-FRK,2023-11-17,20.3,27.3,14.7,74,96,0.0,0.0,9.4,321,13.85,2.81,998.9,15.0,155.0,27.38137,79.5419
UP-FRK,2023-11-18,20.1,26.5,15.1,73,93,0.0,0.0,9.0,275,13.57,2.77,997.9,14.5,155.0,27.38137,79.5419
UP-FRK,2023-11-19,20.2,26.4,14.2,71,96,0.0,0.0,8.2,341,13.77,2.71,998.9,14.2,155.0,27.38137,79.5419
UP-FRK,2023-11-20,19.3,26.3,14.3,74,94,0.0,0.0,10.5,305,13.8,2.85,998.9,14.1,155.0,27.38137,79.5419
UP-FRK,2023-11-21,19.4,25.9,14.0,72,93,0.0,0.0,14.8,290,13.83,3.02,997.4,13.8,155.0,27.38137,79.5419
UP-FRK,2023-11-22,18.7,25.4,14.3,71,91,0.0,0.0,12.3,277,13.9,2.95,995.9,12.9,155.0,27.38137,79.5419
UP-FRK,2023-11-23,18.6,25.0,12.3,71,94,0.0,0.0,8.3,289,13.66,2.61,995.9,12.8,155.0,27.38137,79.5419
UP-FRK,2023-11-24,18.8,25.3,13.6,74,94,0.0,0.0,9.6,324,13.63,2.66,997.5,13.7,155.0,27.38137,79.5419
UP-FRK,2023-11-25,18.7,25.8,12.3,75,97,0.0,0.0,9.0,309,13.42,2.61,998.7,13.8,155.0,27.38137,79.5419
UP-FRK,2023-11-26,19.7,25.9,13.7,73,93,0.0,0.0,8.5,35,10.73,2.29,999.4,14.2,155.0,27.38137,79.5419
UP-FRK,2023-11-27,18.5,22.1,15.8,80,91,0.0,0.0,16.4,128,3.91,1.22,997.7,14.9,155.0,27.38137,79.5419
UP-FRK,2023-11-28,19.7,25.8,14.9,76,98,0.2,0.2,9.9,96,12.2,2.5,996.6,14.8,155.0,27.38137,79.5419
UP-FRK,2023-11-29,19.7,25.7,15.3,75,91,0.0,0.0,9.0,85,11.49,2.38,997.0,14.8,155.0,27.38137,79.5419
UP-FRK,2023-11-30,19.3,25.2,14.7,83,95,0.6,0.6,11.2,121,10.59,2.1,997.9,16.0,155.0,27.38137,79.5419
UP-FRK,2023-12-01,19.7,25.5,15.8,85,99,0.1,0.1,8.9,18,11.83,2.18,998.2,16.8,155.0,27.38137,79.5419
UP-FRK,2023-12-02,19.8,25.9,15.0,79,97,0.0,0.0,9.6,343,12.07,2.46,998.3,15.6,155.0,27.38137,79.5419
UP-FRK,2023-12-03,20.3,27.2,14.9,70,89,2.9,2.9,13.7,336,12.46,2.69,998.5,14.0,155.0,27.38137,79.5419
UP-FRK,2023-12-04,18.1,20.8,15.5,87,98,30.9,30.9,13.7,24,3.78,0.93,997.6,15.8,155.0,27.38137,79.5419
UP-FRK,2023-12-05,18.0,23.6,14.4,82,99,0.0,0.0,7.7,321,11.33,2.12,996.8,14.5,155.0,27.38137,79.5419
UP-FRK,2023-12-06,18.0,24.8,12.8,76,94,0.0,0.0,9.2,325,12.25,2.39,997.5,13.5,155.0,27.38137,79.5419
UP-FRK,2023-12-07,19.0,24.9,14.7,72,89,0.0,0.0,9.8,305,10.28,2.19,996.8,13.5,155.0,27.38137,79.5419
UP-FRK,2023-12-08,18.1,24.7,13.0,75,93,0.0,0.0,11.9,293,11.99,2.49,996.6,13.3,155.0,27.38137,79.5419
UP-FRK,2023-12-09,16.9,23.7,12.4,72,92,0.0,0.0,14.1,286,12.91,2.68,997.4,11.4,155.0,27.38137,79.5419
UP-FRK,2023-12-10,16.1,22.7,11.6,69,86,0.0,0.0,17.8,278,13.0,2.76,995.9,10.1,155.0,27.38137,79.5419
UP-FRK,2023-12-11,15.6,22.1,9.4,73,94,0.0,0.0,8.4,305,12.82,2.29,997.1,10.4,155.0,27.38137,79.5419
UP-FRK,2023-12-12,15.3,22.1,10.5,75,91,0.0,0.0,9.4,327,12.66,2.31,996.2,10.4,155.0,27.38137,79.5419
UP-FRK,2023-12-13,15.3,22.7,9.3,75,93,0.0,0.0,12.9,288,12.64,2.45,997.4,10.4,155.0,27.38137,79.5419
UP-FRK,2023-12-14,15.2,22.6,9.7,70,89,0.0,0.0,15.3,277,12.77,2.6,998.4,9.4,155.0,27.38137,79.5419
UP-FRK,2023-12-15,14.1,22.0,7.6,76,94,0.0,0.0,10.0,293,12.83,2.3,999.8,9.5,155.0,27.38137,79.5419
UP-FRK,2023-12-16,14.4,22.3,8.9,76,97,0.0,0.0,11.4,278,12.62,2.39,998.5,9.7,155.0,27.38137,79.5419
UP-FRK,2023-12-17,14.1,21.9,7.9,72,93,0.0,0.0,10.4,311,12.78,2.42,999.2,8.6,155.0,27.38137,79.5419
UP-FRK,2023-12-18,14.8,21.7,9.7,67,88,0.0,0.0,17.9,294,12.79,2.8,1000.3,8.1,155.0,27.38137,79.5419
UP-FRK,2023-12-19,14.0,20.7,9.4,74,89,0.0,0.0,11.9,282,12.82,2.34,1000.9,9.2,155.0,27.38137,79.5419
UP-FRK,2023-12-20,13.7,20.4,8.9,74,92,0.0,0.0,9.4,287,10.95,2.05,1000.8,8.8,155.0,27.38137,79.5419
UP-FRK,2023-12-21,14.1,20.7,9.5,81,96,0.0,0.0,7.7,292,11.76,1.99,998.8,10.5,155.0,27.38137,79.5419
UP-FRK,2023-12-22,14.5,21.6,8.1,79,98,0.0,0.0,9.7,314,11.02,1.88,998.8,10.3,155.0,27.38137,79.5419
UP-FRK,2023-12-23,15.2,22.4,9.0,80,98,0.3,0.3,15.5,8,11.24,2.03,1001.0,11.4,155.0,27.38137,79.5419
UP-FRK,2023-12-24,15.5,23.4,9.2,80,98,0.0,0.0,10.1,321,12.4,2.27,1001.9,11.6,155.0,27.38137,79.5419
UP-FRK,2023-12-25,15.4,23.0,10.1,81,97,0.0,0.0,9.8,281,12.45,2.2,1000.6,11.8,155.0,27.38137,79.5419
UP-FRK,2023-12-26,15.3,22.6,9.8,80,98,0.0,0.0,9.2,298,12.48,2.21,1000.3,11.5,155.0,27.38137,79.5419
UP-FRK,2023-12-27,15.1,22.3,9.4,83,99,0.0,0.0,9.9,302,12.5,2.15,1001.1,12.0,155.0,27.38137,79.5419
UP-FRK,2023-12-28,14.8,21.7,9.3,86,100,0.0,0.0,9.3,284,12.39,2.04,1000.1,12.1,155.0,27.38137,79.5419
UP-FRK,2023-12-29,13.4,19.8,8.0,88,100,0.0,0.0,6.5,330,10.69,1.73,1000.8,11.2,155.0,27.38137,79.5419
UP-FRK,2023-12-30,12.3,18.5,7.9,89,100,0.0,0.0,5.9,289,9.91,1.55,999.8,10.4,155.0,27.38137,79.5419
UP-FRK,2023-12-31,11.0,18.5,4.9,88,100,0.0,0.0,8.8,326,11.6,1.8,999.7,8.8,155.0,27.38137,79.5419
