site_id,date,temperature_2m_mean,temperature_2m_max,temperature_2m_min,relative_humidity_2m_mean,relative_humidity_2m_max,precipitation_sum,rain_sum,wind_speed_10m_max,wind_direction_10m_dominant,shortwave_radiation_sum,et0_fao_evapotranspiration,surface_pressure_mean,dew_point_2m_mean,elevation_m,lat,lon
UP-LKO,2020-12-01,17.6,25.6,10.9,68,94,0.0,0.0,9.2,303,13.34,2.74,1002.9,10.6,117.0,26.81898,80.93023
UP-LKO,2020-12-02,18.0,25.6,12.2,74,95,0.0,0.0,11.8,296,13.19,2.79,1000.8,12.5,117.0,26.81898,80.93023
UP-LKO,2020-12-03,18.4,26.3,12.1,73,98,0.0,0.0,9.2,305,13.11,2.65,1000.3,12.7,117.0,26.81898,80.93023
UP-LKO,2020-12-04,18.6,25.9,13.3,72,98,0.0,0.0,9.0,358,13.12,2.66,999.4,12.7,117.0,26.81898,80.93023
UP-LKO,2020-12-05,18.6,26.4,12.4,73,96,0.0,0.0,8.4,67,12.98,2.48,1000.0,12.8,117.0,26.81898,80.93023
UP-LKO,2020-12-06,19.3,27.4,13.5,73,95,0.0,0.0,9.4,34,12.81,2.58,1001.4,13.5,117.0,26.81898,80.93023
UP-LKO,2020-12-07,19.4,26.9,13.4,75,97,0.0,0.0,9.7,300,12.92,2.7,1002.4,14.2,117.0,26.81898,80.93023
UP-LKO,2020-12-08,19.0,26.4,13.0,76,100,0.0,0.0,9.7,312,12.83,2.61,1003.0,14.0,117.0,26.81898,80.93023
UP-LKO,2020-12-09,18.8,26.6,12.2,78,99,0.0,0.0,10.5,299,12.84,2.63,1001.1,14.3,117.0,26.81898,80.93023
UP-LKO,2020-12-10,19.3,27.6,12.7,77,98,0.0,0.0,12.4,305,12.97,2.78,1000.3,14.3,117.0,26.81898,80.93023
UP-LKO,2020-12-11,19.6,26.1,13.3,79,99,0.0,0.0,11.0,259,8.3,1.94,1000.8,15.3,117.0,26.81898,80.93023
UP-LKO,2020-12-12,19.7,25.3,15.2,78,96,0.3,0.3,12.8,280,10.15,2.26,1000.9,15.4,117.0,26.81898,80.93023
UP-LKO,2020-12-13,18.7,24.9,15.2,71,98,0.0,0.0,18.0,307,12.8,2.89,999.8,12.5,117.0,26.81898,80.93023
UP-LKO,2020-12-14,16.3,22.6,11.7,62,84,0.0,0.0,13.2,311,12.66,2.78,1001.4,8.5,117.0,26.81898,80.93023
UP-LKO,2020-12-15,15.7,21.9,11.3,63,83,0.0,0.0,8.4,336,10.74,2.28,1003.7,8.3,117.0,26.81898,80.93023
UP-LKO,2020-12-16,16.1,22.3,12.6,59,77,0.0,0.0,13.1,319,10.81,2.71,1005.0,7.7,117.0,26.81898,80.93023
UP-LKO,2020-12-17,12.7,18.4,8.5,55,77,0.0,0.0,16.3,288,13.55,3.02,1004.5,3.4,117.0,26.81898,80.93023
UP-LKO,2020-12-18,11.2,17.9,6.4,67,90,0.0,0.0,13.5,278,13.28,2.41,1003.7,4.9,117.0,26.81898,80.93023
UP-LKO,2020-12-19,11.9,19.5,6.6,67,86,0.0,0.0,12.7,294,13.35,2.46,1004.4,5.2,117.0,26.81898,80.93023
UP-LKO,2020-12-20,11.2,19.2,5.1,78,95,0.0,0.0,10.2,308,13.08,2.13,1004.8,7.0,117.0,26.81898,80.93023
UP-LKO,2020-12-21,11.7,19.7,5.2,83,100,0.0,0.0,10.5,320,12.4,2.02,1002.9,8.6,117.0,26.81898,80.93023
UP-LKO,2020-12-22,13.3,20.8,6.9,83,99,0.0,0.0,9.7,316,12.59,2.08,1001.6,10.0,117.0,26.81898,80.93023
UP-LKO,2020-12-23,14.3,22.1,9.2,78,99,0.0,0.0,10.7,313,13.15,2.35,1000.8,10.0,117.0,26.81898,80.93023
UP-LKO,2020-12-24,13.5,22.0,7.4,76,95,0.0,0.0,10.7,312,13.33,2.39,1000.8,8.9,117.0,26.81898,80.93023
UP-LKO,2020-12-25,14.1,22.1,8.6,69,89,0.0,0.0,16.9,292,13.4,2.74,1001.7,7.6,117.0,26.81898,80.93023
UP-LKO,2020-12-26,13.4,21.2,7.9,73,91,0.0,0.0,11.3,295,13.38,2.48,1001.9,8.0,117.0,26.81898,80.93023
UP-LKO,2020-12-27,13.9,21.4,6.4,70,97,0.0,0.0,9.4,312,13.4,2.31,1000.3,7.9,117.0,26.81898,80.93023
UP-LKO,2020-12-28,15.2,21.0,10.8,64,79,0.0,0.0,9.5,29,10.78,2.32,1000.5,8.2,117.0,26.81898,80.93023
UP-LKO,2020-12-29,14.0,20.9,9.5,70,95,0.0,0.0,11.1,292,13.17,2.5,1002.0,8.0,117.0,26.81898,80.93023
UP-LKO,2020-12-30,12.1,19.7,6.3,69,93,0.0,0.0,9.6,298,13.51,2.38,1003.8,6.1,117.0,26.81898,80.93023
UP-LKO,2020-12-31,10.7,19.2,6.0,71,94,0.0,0.0,11.6,296,13.87,2.42,1003.7,4.9,117.0,26.81898,80.93023
UP-LKO,2021-01-01,11.1,19.3,3.6,68,94,0.0,0.0,9.6,329,13.49,2.17,1003.8,4.5,117.0,26.81898,80.93023
UP-LKO,2021-01-02,14.1,21.7,7.3,74,92,0.0,0.0,9.1,35,12.21,2.15,1002.6,9.0,117.0,26.81898,80.93023
UP-LKO,2021-01-03,17.4,24.2,11.2,72,94,0.0,0.0,10.1,35,11.8,2.32,1000.9,11.9,117.0,26.81898,80.93023
UP-LKO,2021-01-04,18.5,24.2,14.6,84,97,0.6,0.6,6.8,96,8.78,1.7,1001.5,15.5,117.0,26.81898,80.93023
UP-LKO,2021-01-05,19.4,24.9,15.1,78,100,0.0,0.0,8.7,105,8.52,1.74,1001.9,15.1,117.0,26.81898,80.93023
UP-LKO,2021-01-06,19.4,26.6,13.9,77,96,0.0,0.0,10.4,310,12.25,2.53,1000.0,14.8,117.0,26.81898,80.93023
UP-LKO,2021-01-07,19.5,26.3,15.3,75,93,0.0,0.0,13.6,308,13.42,2.92,999.2,14.5,117.0,26.81898,80.93023
UP-LKO,2021-01-08,17.6,23.9,13.0,74,96,0.0,0.0,14.3,306,12.21,2.51,999.7,12.4,117.0,26.81898,80.93023
UP-LKO,2021-01-09,18.5,24.1,13.3,73,91,0.0,0.0,13.2,290,11.03,2.52,999.6,13.3,117.0,26.81898,80.93023
UP-LKO,2021-01-10,18.8,24.8,14.8,75,95,0.0,0.0,19.0,289,13.41,2.97,999.4,14.1,117.0,26.81898,80.93023
UP-LKO,2021-01-11,13.2,19.5,8.9,65,89,0.0,0.0,15.4,289,14.63,2.86,1001.1,6.1,117.0,26.81898,80.93023
UP-LKO,2021-01-12,11.7,18.8,6.7,76,97,0.0,0.0,15.2,298,14.41,2.41,1002.2,7.2,117.0,26.81898,80.93023
UP-LKO,2021-01-13,11.4,18.6,6.2,78,98,0.0,0.0,10.9,299,14.3,2.31,1001.4,7.2,117.0,26.81898,80.93023
UP-LKO,2021-01-14,11.4,18.2,5.3,80,98,0.0,0.0,9.4,323,14.36,2.23,1001.8,7.7,117.0,26.81898,80.93023
UP-LKO,2021-01-15,12.7,19.5,6.3,82,100,0.0,0.0,9.5,341,13.89,2.22,1000.4,9.3,117.0,26.81898,80.93023
UP-LKO,2021-01-16,13.5,20.1,7.6,78,99,0.0,0.0,9.7,291,14.75,2.44,998.9,9.4,117.0,26.81898,80.93023
UP-LKO,2021-01-17,13.2,20.6,7.7,82,98,0.0,0.0,11.8,89,14.51,2.39,1001.8,9.9,117.0,26.81898,80.93023
UP-LKO,2021-01-18,14.1,19.8,8.4,83,99,0.0,0.0,8.7,88,11.44,1.88,1002.0,11.1,117.0,26.81898,80.93023
UP-LKO,2021-01-19,16.2,22.3,11.0,81,100,0.0,0.0,9.4,292,11.7,2.15,998.8,12.7,117.0,26.81898,80.93023
UP-LKO,2021-01-20,15.6,22.8,10.9,76,96,0.0,0.0,16.5,276,15.07,2.87,999.0,10.8,117.0,26.81898,80.93023
UP-LKO,2021-01-21,14.5,21.6,10.0,75,95,0.0,0.0,17.9,285,15.38,2.85,999.0,9.6,117.0,26.81898,80.93023
UP-LKO,2021-01-22,12.7,20.0,7.8,87,100,0.0,0.0,9.2,71,13.77,2.23,1001.3,10.3,117.0,26.81898,80.93023
UP-LKO,2021-01-23,13.2,20.9,7.3,83,100,0.0,0.0,9.5,70,15.0,2.42,999.7,10.1,117.0,26.81898,80.93023
UP-LKO,2021-01-24,14.4,21.7,8.7,85,100,0.0,0.0,9.7,32,14.94,2.49,1000.6,11.7,117.0,26.81898,80.93023
UP-LKO,2021-01-25,14.0,20.6,9.2,81,99,0.0,0.0,11.3,307,13.59,2.35,1002.9,10.5,117.0,26.81898,80.93023
UP-LKO,2021-01-26,12.0,18.3,6.9,78,96,0.0,0.0,8.7,308,15.07,2.42,1003.1,7.9,117.0,26.81898,80.93023
UP-LKO,2021-01-27,13.1,19.3,8.5,75,93,0.0,0.0,10.2,269,15.73,2.56,1003.1,8.5,117.0,26.81898,80.93023
UP-LKO,2021-01-28,11.9,18.4,7.2,80,96,0.0,0.0,8.9,327,14.87,2.38,1003.8,8.2,117.0,26.81898,80.93023
UP-LKO,2021-01-29,12.8,18.5,8.3,76,93,0.0,0.0,13.9,299,15.72,2.57,1003.6,8.4,117.0,26.81898,80.93023
UP-LKO,2021-01-30,12.6,19.6,7.7,76,94,0.0,0.0,14.9,278,16.32,2.75,1002.4,7.9,117.0,26.81898,80.93023
UP-LKO,2021-01-31,12.4,20.6,6.3,74,95,0.0,0.0,11.2,307,16.38,2.84,1003.5,7.2,117.0,26.81898,80.93023
UP-LKO,2021-02-01,13.8,21.3,7.3,73,98,0.0,0.0,10.4,296,16.33,2.87,1005.0,8.5,117.0,26.81898,80.93023
UP-LKO,2021-02-02,15.2,23.4,7.7,75,97,0.0,0.0,9.3,281,16.38,2.92,1003.9,10.1,117.0,26.81898,80.93023
UP-LKO,2021-02-03,16.0,24.2,9.0,77,95,0.0,0.0,9.4,97,16.38,3.0,1002.9,11.4,117.0,26.81898,80.93023
UP-LKO,2021-02-04,18.2,26.4,11.4,73,95,0.1,0.1,11.5,78,15.57,3.21,1002.0,12.6,117.0,26.81898,80.93023
UP-LKO,2021-02-05,16.9,21.3,13.6,80,96,3.1,3.1,16.2,53,9.91,2.05,1002.2,13.2,117.0,26.81898,80.93023
UP-LKO,2021-02-06,15.6,22.1,9.8,72,100,0.1,0.1,15.0,292,16.82,3.23,1002.6,9.8,117.0,26.81898,80.93023
UP-LKO,2021-02-07,14.7,22.0,10.0,75,94,0.0,0.0,11.8,277,17.16,3.08,1003.3,9.7,117.0,26.81898,80.93023
UP-LKO,2021-02-08,15.3,22.5,8.7,77,96,0.0,0.0,9.8,285,16.85,3.0,1003.2,10.9,117.0,26.81898,80.93023
UP-LKO,2021-02-09,16.8,24.1,10.5,75,94,0.0,0.0,10.3,301,17.12,3.19,1000.8,11.9,117.0,26.81898,80.93023
UP-LKO,2021-02-10,17.7,25.6,10.6,76,98,0.0,0.0,8.7,298,16.6,3.15,999.2,12.5,117.0,26.81898,80.93023
UP-LKO,2021-02-11,18.1,25.9,11.5,77,100,0.0,0.0,9.7,314,17.13,3.3,999.4,13.3,117.0,26.81898,80.93023
UP-LKO,2021-02-12,17.8,25.3,11.4,78,99,0.0,0.0,9.1,35,16.13,3.07,1000.6,13.2,117.0,26.81898,80.93023
UP-LKO,2021-02-13,18.1,25.1,12.2,75,99,0.0,0.0,9.1,318,17.5,3.36,1000.9,12.9,117.0,26.81898,80.93023
UP-LKO,2021-02-14,18.3,26.0,10.9,68,97,0.0,0.0,12.7,304,18.19,3.71,1000.4,11.2,117.0,26.81898,80.93023
UP-LKO,2021-02-15,18.9,27.2,11.1,66,95,0.0,0.0,10.7,307,18.15,3.84,998.9,11.4,117.0,26.81898,80.93023
UP-LKO,2021-02-16,19.9,27.7,13.3,67,92,0.2,0.2,8.7,322,15.83,3.26,998.3,12.9,117.0,26.81898,80.93023
UP-LKO,2021-02-17,19.5,26.9,12.4,68,97,0.0,0.0,9.3,34,17.92,3.54,1000.0,12.5,117.0,26.81898,80.93023
UP-LKO,2021-02-18,19.4,27.0,12.7,66,97,0.0,0.0,12.1,27,17.8,3.68,1002.5,11.8,117.0,26.81898,80.93023
UP-LKO,2021-02-19,19.6,26.8,12.7,63,97,0.0,0.0,10.1,357,17.59,3.72,1004.6,11.4,117.0,26.81898,80.93023
UP-LKO,2021-02-20,19.5,27.2,12.5,63,92,0.0,0.0,10.6,310,18.7,4.03,1004.2,11.1,117.0,26.81898,80.93023
UP-LKO,2021-02-21,19.4,27.0,12.9,66,93,0.0,0.0,14.8,287,19.0,4.13,1002.8,11.8,117.0,26.81898,80.93023
UP-LKO,2021-02-22,20.4,28.3,14.1,62,88,0.0,0.0,17.0,280,18.77,4.35,1001.0,12.1,117.0,26.81898,80.93023
UP-LKO,2021-02-23,21.4,30.0,15.0,60,89,0.0,0.0,16.3,284,18.98,4.56,998.8,12.1,117.0,26.81898,80.93023
UP-LKO,2021-02-24,22.5,31.5,15.3,53,87,0.0,0.0,18.9,280,19.35,5.12,996.7,11.2,117.0,26.81898,80.93023
UP-LKO,2021-02-25,24.1,32.6,16.9,48,77,0.0,0.0,24.0,277,19.4,5.91,995.1,11.4,117.0,26.81898,80.93023
UP-LKO,2021-02-26,24.6,32.4,18.2,46,69,0.0,0.0,27.9,278,19.94,6.37,993.2,11.4,117.0,26.81898,80.93023
UP-LKO,2021-02-27,24.9,33.3,17.6,44,68,0.0,0.0,24.0,285,19.1,6.02,993.3,10.8,117.0,26.81898,80.93023
UP-LKO,2021-02-28,25.3,32.6,18.7,41,69,0.0,0.0,17.3,312,19.1,5.91,994.8,10.3,117.0,26.81898,80.93023
UP-LKO,2021-03-01,23.6,31.1,17.4,38,62,0.0,0.0,20.7,311,19.97,6.04,998.4,7.8,117.0,26.81898,80.93023
UP-LKO,2021-03-02,21.8,28.7,15.2,40,63,0.0,0.0,23.1,281,20.78,6.16,999.3,6.8,117.0,26.81898,80.93023
UP-LKO,2021-03-03,21.9,30.2,15.2,40,59,0.0,0.0,17.0,289,20.71,5.73,998.4,6.8,117.0,26.81898,80.93023
UP-LKO,2021-03-04,22.7,32.3,14.4,47,81,0.0,0.0,13.8,279,20.51,5.42,997.8,9.4,117.0,26.81898,80.93023
UP-LKO,2021-03-05,23.8,32.5,15.5,47,78,0.0,0.0,20.3,291,20.62,6.0,996.3,10.1,117.0,26.81898,80.93023
UP-LKO,2021-03-06,23.3,31.2,17.2,36,61,0.0,0.0,22.1,280,21.31,6.53,996.8,6.1,117.0,26.81898,80.93023
UP-LKO,2021-03-07,24.3,33.5,15.8,41,63,0.0,0.0,13.0,110,20.71,5.16,996.9,9.0,117.0,26.81898,80.93023
UP-LKO,2021-03-08,25.2,31.7,19.3,52,68,0.0,0.0,17.8,92,20.1,5.58,997.6,14.4,117.0,26.81898,80.93023
UP-LKO,2021-03-09,25.5,32.7,18.9,52,80,0.0,0.0,10.0,38,19.68,4.82,997.9,14.1,117.0,26.81898,80.93023
UP-LKO,2021-03-10,25.3,34.1,17.9,55,84,0.0,0.0,21.5,4,18.52,4.87,997.7,14.4,117.0,26.81898,80.93023
UP-LKO,2021-03-11,25.9,34.1,18.0,51,93,0.0,0.0,9.7,331,21.14,4.99,998.8,13.2,117.0,26.81898,80.93023
UP-LKO,2021-03-12,24.1,31.4,18.5,60,82,0.5,0.5,13.0,88,15.97,3.98,1001.5,15.4,117.0,26.81898,80.93023
UP-LKO,2021-03-13,24.3,30.7,19.0,62,93,0.0,0.0,17.7,285,17.72,4.16,1001.5,15.7,117.0,26.81898,80.93023
UP-LKO,2021-03-14,24.5,32.2,18.2,52,81,0.0,0.0,20.9,283,21.65,5.78,998.3,12.8,117.0,26.81898,80.93023
UP-LKO,2021-03-15,25.0,33.6,17.4,47,71,0.0,0.0,21.2,285,21.94,6.14,997.0,12.0,117.0,26.81898,80.93023
UP-LKO,2021-03-16,25.4,33.9,18.3,46,79,0.0,0.0,22.5,289,22.03,6.29,997.1,11.3,117.0,26.81898,80.93023
UP-LKO,2021-03-17,25.4,34.3,17.8,45,70,0.0,0.0,20.9,292,22.33,6.36,996.2,11.0,117.0,26.81898,80.93023
UP-LKO,2021-03-18,25.9,34.5,18.0,47,77,0.0,0.0,18.3,296,20.82,5.84,996.4,12.4,117.0,26.81898,80.93023
UP-LKO,2021-03-19,26.0,33.7,19.6,47,69,0.0,0.0,18.4,287,17.05,5.13,996.1,12.9,117.0,26.81898,80.93023
UP-LKO,2021-03-20,26.2,33.9,19.9,46,72,0.0,0.0,18.7,292,21.39,6.17,994.4,12.1,117.0,26.81898,80.93023
UP-LKO,2021-03-21,26.4,34.4,17.7,44,75,0.0,0.0,14.0,290,21.89,5.67,994.7,11.5,117.0,26.81898,80.93023
UP-LKO,2021-03-22,27.9,35.8,19.7,36,66,0.0,0.0,11.7,313,21.73,5.68,997.0,10.4,117.0,26.81898,80.93023
UP-LKO,2021-03-23,27.4,35.8,18.7,41,65,0.0,0.0,23.8,317,21.22,6.07,998.3,11.8,117.0,26.81898,80.93023
UP-LKO,2021-03-24,26.7,34.0,20.3,41,67,0.0,0.0,20.3,301,21.75,6.46,998.4,11.1,117.0,26.81898,80.93023
UP-LKO,2021-03-25,25.9,32.6,19.9,33,52,0.0,0.0,21.9,297,23.53,7.38,997.6,7.6,117.0,26.81898,80.93023
UP-LKO,2021-03-26,24.7,32.1,18.4,40,63,0.0,0.0,20.3,292,23.67,6.88,996.8,9.2,117.0,26.81898,80.93023
UP-LKO,2021-03-27,25.2,33.4,16.9,44,76,0.0,0.0,12.8,297,23.35,5.9,995.5,10.7,117.0,26.81898,80.93023
UP-LKO,2021-03-28,26.8,34.5,18.9,44,74,0.0,0.0,9.1,359,23.2,5.53,993.5,12.4,117.0,26.81898,80.93023
UP-LKO,2021-03-29,29.0,37.3,20.7,41,61,0.0,0.0,11.5,283,22.95,6.01,991.1,13.3,117.0,26.81898,80.93023
UP-LKO,2021-03-30,30.1,39.8,20.9,34,70,0.0,0.0,27.8,275,23.47,8.02,985.8,9.5,117.0,26.81898,80.93023
UP-LKO,2021-03-31,30.1,37.2,24.0,23,42,0.0,0.0,32.7,292,24.54,10.06,985.8,4.9,117.0,26.81898,80.93023
UP-LKO,2021-04-01,27.4,35.3,20.2,15,24,0.0,0.0,29.1,286,25.24,9.16,987.9,-2.9,117.0,26.81898,80.93023
UP-LKO,2021-04-02,27.0,34.9,18.8,17,27,0.0,0.0,13.0,304,24.79,7.54,991.5,-1.0,117.0,26.81898,80.93023
UP-LKO,2021-04-03,27.5,35.9,19.0,15,27,0.0,0.0,15.9,319,24.9,7.59,994.3,-2.6,117.0,26.81898,80.93023
UP-LKO,2021-04-04,27.8,36.8,19.1,18,38,0.0,0.0,21.7,297,24.72,8.06,994.9,-0.1,117.0,26.81898,80.93023
UP-LKO,2021-04-05,29.2,38.3,19.6,25,41,0.0,0.0,14.7,338,23.93,6.57,994.7,5.9,117.0,26.81898,80.93023
UP-LKO,2021-04-06,31.0,39.5,22.5,26,38,0.0,0.0,17.0,101,23.59,7.84,993.6,8.5,117.0,26.81898,80.93023
UP-LKO,2021-04-07,31.4,38.5,25.7,32,46,0.0,0.0,17.4,87,20.86,6.94,993.8,11.9,117.0,26.81898,80.93023
UP-LKO,2021-04-08,30.7,37.8,22.8,30,56,0.0,0.0,11.0,341,22.1,6.53,993.0,9.2,117.0,26.81898,80.93023
UP-LKO,2021-04-09,29.8,37.7,22.9,22,53,0.0,0.0,15.6,327,23.48,7.35,994.3,4.5,117.0,26.81898,80.93023
UP-LKO,2021-04-10,28.9,37.5,19.5,18,36,0.0,0.0,17.9,309,25.11,7.58,996.2,0.4,117.0,26.81898,80.93023
UP-LKO,2021-04-11,29.6,38.5,20.4,18,31,0.0,0.0,21.4,299,24.66,8.51,996.4,1.4,117.0,26.81898,80.93023
UP-LKO,2021-04-12,30.1,38.9,21.3,20,34,0.0,0.0,17.7,292,24.37,8.02,996.8,3.2,117.0,26.81898,80.93023
UP-LKO,2021-04-13,31.0,39.8,21.5,19,33,0.0,0.0,24.3,286,23.63,8.77,995.0,3.1,117.0,26.81898,80.93023
UP-LKO,2021-04-14,31.4,40.3,22.2,19,33,0.0,0.0,19.8,290,24.27,8.48,993.5,4.1,117.0,26.81898,80.93023
UP-LKO,2021-04-15,31.6,39.7,23.7,20,36,0.0,0.0,18.8,314,23.42,7.99,992.7,5.3,117.0,26.81898,80.93023
UP-LKO,2021-04-16,31.5,39.7,22.9,22,32,0.0,0.0,10.8,250,23.71,6.69,992.1,5.9,117.0,26.81898,80.93023
UP-LKO,2021-04-17,30.7,36.6,26.0,32,48,0.0,0.0,24.4,44,20.42,7.63,994.8,11.6,117.0,26.81898,80.93023
UP-LKO,2021-04-18,30.6,37.7,23.0,31,59,0.0,0.0,25.6,308,24.26,8.11,995.9,9.5,117.0,26.81898,80.93023
UP-LKO,2021-04-19,31.3,39.2,22.7,22,38,0.0,0.0,26.9,289,24.95,9.32,992.3,5.4,117.0,26.81898,80.93023
UP-LKO,2021-04-20,31.8,39.5,21.9,21,39,0.0,0.0,10.9,324,24.2,7.1,990.8,5.6,117.0,26.81898,80.93023
UP-LKO,2021-04-21,30.4,34.9,26.5,28,45,0.0,0.0,20.7,35,16.68,6.81,993.7,9.6,117.0,26.81898,80.93023
UP-LKO,2021-04-22,28.1,35.0,21.2,38,70,0.0,0.0,17.1,354,23.41,6.62,996.5,11.0,117.0,26.81898,80.93023
UP-LKO,2021-04-23,29.7,37.9,20.6,30,52,0.0,0.0,16.5,38,23.49,7.39,994.6,8.7,117.0,26.81898,80.93023
UP-LKO,2021-04-24,30.3,37.9,23.5,29,47,0.0,0.0,18.4,325,24.79,7.83,992.8,9.5,117.0,26.81898,80.93023
UP-LKO,2021-04-25,29.1,36.1,21.7,27,38,0.0,0.0,15.3,301,25.12,7.65,994.2,7.3,117.0,26.81898,80.93023
UP-LKO,2021-04-26,29.9,39.1,20.4,26,51,0.0,0.0,13.5,301,25.11,7.94,993.2,6.2,117.0,26.81898,80.93023
UP-LKO,2021-04-27,31.2,40.6,21.2,22,34,0.0,0.0,14.7,271,25.16,7.97,992.6,5.4,117.0,26.81898,80.93023
UP-LKO,2021-04-28,32.8,41.3,23.5,25,38,0.0,0.0,15.5,298,24.23,7.65,993.0,8.9,117.0,26.81898,80.93023
UP-LKO,2021-04-29,30.7,39.9,24.5,40,65,0.0,0.0,28.2,90,21.82,6.94,993.3,14.6,117.0,26.81898,80.93023
UP-LKO,2021-04-30,30.4,37.1,24.7,44,64,0.0,0.0,18.4,95,21.01,6.64,993.4,16.1,117.0,26.81898,80.93023
UP-LKO,2021-05-01,30.9,39.0,24.7,42,68,0.0,0.0,18.4,64,21.06,6.36,993.2,15.7,117.0,26.81898,80.93023
UP-LKO,2021-05-02,30.6,36.9,25.9,45,61,0.1,0.1,17.5,102,20.58,6.17,993.9,16.9,117.0,26.81898,80.93023
UP-LKO,2021-05-03,29.8,36.7,25.3,49,70,0.1,0.1,21.7,211,19.25,5.49,993.0,17.3,117.0,26.81898,80.93023
UP-LKO,2021-05-04,31.8,38.7,25.1,41,64,0.0,0.0,21.8,107,20.89,6.79,991.8,15.6,117.0,26.81898,80.93023
UP-LKO,2021-05-05,30.5,37.1,25.0,52,75,0.0,0.0,22.3,85,23.04,7.18,992.4,18.8,117.0,26.81898,80.93023
UP-LKO,2021-05-06,30.7,36.5,25.2,50,72,0.0,0.0,19.4,87,22.33,7.03,993.7,18.7,117.0,26.81898,80.93023
UP-LKO,2021-05-07,29.6,34.3,26.0,54,69,0.7,0.7,21.0,70,17.23,5.62,995.1,19.1,117.0,26.81898,80.93023
UP-LKO,2021-05-08,30.2,35.3,24.3,51,73,0.0,0.0,13.4,68,22.07,5.99,994.3,18.3,117.0,26.81898,80.93023
UP-LKO,2021-05-09,31.0,36.8,25.3,46,68,0.0,0.0,15.5,77,22.55,6.66,992.2,17.3,117.0,26.81898,80.93023
UP-LKO,2021-05-10,30.3,36.8,24.1,53,83,0.5,0.5,14.3,81,22.2,6.24,991.1,18.8,117.0,26.81898,80.93023
UP-LKO,2021-05-11,31.0,36.1,25.8,47,63,0.2,0.2,15.1,86,22.24,6.43,990.1,17.9,117.0,26.81898,80.93023
UP-LKO,2021-05-12,29.8,34.3,26.0,56,73,2.5,2.5,20.3,97,18.13,5.48,988.6,19.7,117.0,26.81898,80.93023
UP-LKO,2021-05-13,27.5,32.9,22.7,66,86,0.5,0.5,20.4,80,20.89,5.16,990.1,20.2,117.0,26.81898,80.93023
UP-LKO,2021-05-14,28.7,34.9,22.7,61,90,0.0,0.0,7.9,17,22.28,5.31,989.8,19.5,117.0,26.81898,80.93023
UP-LKO,2021-05-15,30.9,37.9,23.6,48,78,0.0,0.0,14.8,20,22.69,6.26,990.4,17.6,117.0,26.81898,80.93023
UP-LKO,2021-05-16,32.0,38.8,24.6,44,67,0.0,0.0,7.1,49,22.37,5.79,991.4,17.3,117.0,26.81898,80.93023
UP-LKO,2021-05-17,30.6,35.1,25.9,50,78,0.5,0.5,19.7,298,7.03,3.12,992.2,18.7,117.0,26.81898,80.93023
UP-LKO,2021-05-18,27.3,31.5,24.5,68,85,4.2,4.2,14.2,284,14.37,3.67,992.6,20.7,117.0,26.81898,80.93023
UP-LKO,2021-05-19,23.9,24.8,22.9,86,94,21.5,21.5,19.7,80,6.88,1.74,991.1,21.4,117.0,26.81898,80.93023
UP-LKO,2021-05-20,25.3,30.1,22.8,90,97,16.6,16.6,24.3,124,12.25,2.59,989.0,23.5,117.0,26.81898,80.93023
UP-LKO,2021-05-21,26.7,31.4,23.3,78,99,0.7,0.7,14.5,334,18.23,4.12,990.8,22.1,117.0,26.81898,80.93023
UP-LKO,2021-05-22,28.1,34.6,22.1,71,98,0.0,0.0,13.8,319,23.98,5.62,990.2,21.6,117.0,26.81898,80.93023
UP-LKO,2021-05-23,29.5,35.7,23.6,62,87,0.0,0.0,15.7,299,23.95,6.1,990.4,20.7,117.0,26.81898,80.93023
UP-LKO,2021-05-24,29.7,35.3,24.8,49,77,0.0,0.0,21.0,297,24.39,7.09,990.2,17.1,117.0,26.81898,80.93023
UP-LKO,2021-05-25,29.9,36.8,23.5,48,78,0.0,0.0,17.0,329,24.71,6.8,987.0,17.2,117.0,26.81898,80.93023
UP-LKO,2021-05-26,30.4,35.9,24.8,67,94,0.0,0.0,14.7,94,22.89,5.76,986.1,23.1,117.0,26.81898,80.93023
UP-LKO,2021-05-27,29.0,33.0,25.8,67,80,0.0,0.0,19.6,105,18.87,5.3,987.6,22.0,117.0,26.81898,80.93023
UP-LKO,2021-05-28,26.8,32.1,23.9,77,92,0.8,0.8,29.3,33,15.66,4.09,988.6,22.0,117.0,26.81898,80.93023
UP-LKO,2021-05-29,25.0,28.4,23.2,84,94,3.2,3.2,17.8,42,11.42,2.73,990.8,22.0,117.0,26.81898,80.93023
UP-LKO,2021-05-30,27.9,32.7,23.1,76,93,0.0,0.0,12.1,56,17.07,3.97,989.7,23.1,117.0,26.81898,80.93023
UP-LKO,2021-05-31,30.9,37.2,25.0,68,93,0.0,0.0,12.0,128,22.1,5.52,986.7,23.7,117.0,26.81898,80.93023
UP-LKO,2021-06-01,30.1,34.5,26.5,72,85,7.7,7.7,15.0,89,20.42,5.01,988.4,24.4,117.0,26.81898,80.93023
UP-LKO,2021-06-02,30.0,34.8,24.6,71,96,0.0,0.0,7.9,120,21.62,4.95,990.4,23.7,117.0,26.81898,80.93023
UP-LKO,2021-06-03,30.7,36.1,26.9,66,80,0.1,0.1,21.6,142,20.11,4.85,991.1,23.4,117.0,26.81898,80.93023
UP-LKO,2021-06-04,31.5,36.3,26.4,65,89,0.0,0.0,6.9,116,17.46,4.38,990.9,23.3,117.0,26.81898,80.93023
UP-LKO,2021-06-05,31.4,36.4,27.8,56,74,0.0,0.0,18.2,250,12.77,4.58,990.1,21.1,117.0,26.81898,80.93023
UP-LKO,2021-06-06,33.3,38.7,27.5,48,72,0.1,0.1,12.0,261,22.54,6.75,989.0,20.4,117.0,26.81898,80.93023
UP-LKO,2021-06-07,34.0,39.6,28.8,44,57,0.0,0.0,18.6,272,21.7,6.97,986.7,19.7,117.0,26.81898,80.93023
UP-LKO,2021-06-08,33.2,39.1,28.6,51,62,0.3,0.3,19.1,300,21.63,6.53,985.0,21.3,117.0,26.81898,80.93023
UP-LKO,2021-06-09,31.6,35.5,28.9,63,74,0.0,0.0,23.8,104,18.09,5.85,984.6,23.7,117.0,26.81898,80.93023
UP-LKO,2021-06-10,29.0,33.5,26.4,78,90,4.8,4.8,18.6,81,13.68,3.64,984.9,24.6,117.0,26.81898,80.93023
UP-LKO,2021-06-11,29.8,33.5,26.0,76,93,2.3,2.3,11.4,84,19.14,4.5,984.4,24.8,117.0,26.81898,80.93023
UP-LKO,2021-06-12,29.0,32.3,26.3,77,91,2.1,2.1,15.3,85,17.09,4.25,985.9,24.5,117.0,26.81898,80.93023
UP-LKO,2021-06-13,26.9,28.2,25.7,86,94,5.4,5.4,22.1,52,10.36,2.49,985.7,24.2,117.0,26.81898,80.93023
UP-LKO,2021-06-14,26.5,30.3,24.6,88,97,31.0,31.0,16.9,41,9.64,2.35,983.4,24.3,117.0,26.81898,80.93023
UP-LKO,2021-06-15,26.7,29.5,24.6,88,97,5.4,5.4,15.1,13,10.87,2.42,981.1,24.5,117.0,26.81898,80.93023
UP-LKO,2021-06-16,28.4,32.4,24.4,81,99,1.4,1.4,13.0,87,18.73,4.32,983.9,24.6,117.0,26.81898,80.93023
UP-LKO,2021-06-17,26.8,30.0,25.1,89,97,10.7,10.7,16.4,60,9.86,2.26,985.9,24.9,117.0,26.81898,80.93023
UP-LKO,2021-06-18,26.3,28.7,24.9,89,94,17.1,17.1,15.6,54,7.29,1.84,985.8,24.3,117.0,26.81898,80.93023
UP-LKO,2021-06-19,25.8,27.3,24.7,92,96,17.8,17.8,16.2,62,5.15,1.32,985.6,24.4,117.0,26.81898,80.93023
UP-LKO,2021-06-20,27.0,30.7,23.9,83,98,0.8,0.8,11.7,67,15.22,3.48,986.9,23.7,117.0,26.81898,80.93023
UP-LKO,2021-06-21,28.4,32.4,24.4,80,98,11.7,11.7,9.0,62,16.4,3.63,987.4,24.4,117.0,26.81898,80.93023
UP-LKO,2021-06-22,29.9,33.5,26.2,79,96,0.7,0.7,9.7,68,19.34,4.41,987.4,25.7,117.0,26.81898,80.93023
UP-LKO,2021-06-23,28.7,31.5,27.2,83,90,6.2,6.2,15.0,74,13.83,3.32,988.3,25.5,117.0,26.81898,80.93023
UP-LKO,2021-06-24,27.7,31.4,25.4,86,97,7.3,7.3,13.2,62,13.68,3.08,987.8,25.1,117.0,26.81898,80.93023
UP-LKO,2021-06-25,27.9,31.4,25.4,86,99,1.3,1.3,12.1,68,15.51,3.41,987.2,25.1,117.0,26.81898,80.93023
UP-LKO,2021-06-26,28.0,31.0,25.3,84,97,5.8,5.8,18.2,58,19.05,4.14,988.7,25.0,117.0,26.81898,80.93023
UP-LKO,2021-06-27,28.5,32.3,25.2,84,97,2.0,2.0,12.0,71,17.54,3.96,991.0,25.4,117.0,26.81898,80.93023
UP-LKO,2021-06-28,29.1,32.4,25.4,83,95,2.0,2.0,10.3,90,17.13,3.78,989.8,25.7,117.0,26.81898,80.93023
UP-LKO,2021-06-29,31.6,36.3,27.1,72,96,0.0,0.0,12.9,252,21.66,5.35,986.2,25.7,117.0,26.81898,80.93023
UP-LKO,2021-06-30,33.3,38.9,28.2,60,80,0.0,0.0,17.0,245,23.57,6.64,982.9,24.0,117.0,26.81898,80.93023
UP-LKO,2021-07-01,34.2,38.9,29.8,54,81,0.0,0.0,20.3,259,22.76,7.31,982.2,23.2,117.0,26.81898,80.93023
UP-LKO,2021-07-02,33.4,37.9,29.7,58,71,0.0,0.0,17.4,236,23.47,6.92,983.7,23.8,117.0,26.81898,80.93023
UP-LKO,2021-07-03,29.8,32.6,27.7,77,84,0.8,0.8,10.8,270,8.99,2.56,987.0,25.2,117.0,26.81898,80.93023
UP-LKO,2021-07-04,31.1,35.3,27.2,73,93,0.0,0.0,9.3,232,22.33,5.26,988.1,25.4,117.0,26.81898,80.93023
UP-LKO,2021-07-05,31.3,35.0,27.7,76,94,0.9,0.9,9.0,113,19.45,4.61,988.4,26.2,117.0,26.81898,80.93023
UP-LKO,2021-07-06,32.1,36.3,28.1,73,92,0.2,0.2,10.2,109,21.16,5.1,986.6,26.3,117.0,26.81898,80.93023
UP-LKO,2021-07-07,33.2,38.8,29.2,66,83,0.0,0.0,12.8,200,20.96,5.66,985.3,25.4,117.0,26.81898,80.93023
UP-LKO,2021-07-08,31.0,35.7,27.7,76,89,0.2,0.2,18.5,92,19.37,5.0,986.3,26.1,117.0,26.81898,80.93023
UP-LKO,2021-07-09,29.0,32.7,26.0,80,91,6.3,6.3,19.3,86,15.76,3.88,987.2,25.2,117.0,26.81898,80.93023
UP-LKO,2021-07-10,30.0,33.2,27.2,78,90,5.7,5.7,16.2,85,17.36,4.36,986.8,25.6,117.0,26.81898,80.93023
UP-LKO,2021-07-11,28.8,31.6,27.3,83,93,12.1,12.1,24.0,91,11.14,3.17,988.8,25.5,117.0,26.81898,80.93023
UP-LKO,2021-07-12,29.5,33.0,27.0,80,91,8.5,8.5,23.1,93,16.42,4.17,990.2,25.6,117.0,26.81898,80.93023
UP-LKO,2021-07-13,31.2,34.9,27.7,74,91,0.0,0.0,17.8,94,22.5,5.73,988.8,25.8,117.0,26.81898,80.93023
UP-LKO,2021-07-14,30.9,34.4,27.5,74,89,0.2,0.2,19.4,92,19.68,5.27,988.4,25.5,117.0,26.81898,80.93023
UP-LKO,2021-07-15,30.8,33.7,28.0,74,85,3.5,3.5,17.2,93,20.67,5.39,989.2,25.7,117.0,26.81898,80.93023
UP-LKO,2021-07-16,31.5,35.2,27.9,73,87,1.4,1.4,14.8,101,21.62,5.38,990.7,25.9,117.0,26.81898,80.93023
UP-LKO,2021-07-17,30.3,35.0,27.7,83,96,2.8,2.8,13.8,116,13.78,3.39,988.8,26.9,117.0,26.81898,80.93023
UP-LKO,2021-07-18,27.8,30.0,26.5,91,97,26.6,26.6,12.9,167,5.68,1.46,987.0,26.1,117.0,26.81898,80.93023
UP-LKO,2021-07-19,28.3,32.0,25.8,85,97,6.3,6.3,10.5,234,14.46,3.26,985.8,25.3,117.0,26.81898,80.93023
UP-LKO,2021-07-20,27.9,31.4,26.1,89,97,16.4,16.4,10.0,222,9.93,2.29,985.7,25.8,117.0,26.81898,80.93023
UP-LKO,2021-07-21,28.2,31.7,26.1,86,96,8.9,8.9,9.9,190,16.84,3.68,984.0,25.5,117.0,26.81898,80.93023
UP-LKO,2021-07-22,28.3,31.7,25.7,87,98,16.4,16.4,16.0,85,14.35,3.18,982.7,25.9,117.0,26.81898,80.93023
UP-LKO,2021-07-23,29.8,33.5,26.2,83,97,7.6,7.6,12.5,83,19.85,4.37,983.4,26.5,117.0,26.81898,80.93023
UP-LKO,2021-07-24,30.5,33.6,27.7,74,89,0.3,0.3,24.9,79,18.58,5.0,984.1,25.2,117.0,26.81898,80.93023
UP-LKO,2021-07-25,30.3,33.9,27.5,75,86,1.0,1.0,24.3,93,18.98,5.06,984.0,25.1,117.0,26.81898,80.93023
UP-LKO,2021-07-26,29.5,32.4,27.6,84,95,7.4,7.4,11.4,98,14.38,3.42,983.1,26.4,117.0,26.81898,80.93023
UP-LKO,2021-07-27,28.7,31.8,26.3,89,98,20.9,20.9,9.7,111,13.29,2.94,982.0,26.5,117.0,26.81898,80.93023
UP-LKO,2021-07-28,27.7,31.1,25.5,86,98,39.1,39.1,13.0,203,12.42,2.92,983.0,25.1,117.0,26.81898,80.93023
UP-LKO,2021-07-29,28.1,32.1,25.9,88,96,16.2,16.2,15.3,65,14.11,3.13,982.4,25.9,117.0,26.81898,80.93023
UP-LKO,2021-07-30,28.6,32.1,26.0,84,97,0.5,0.5,21.6,102,13.74,3.33,984.0,25.4,117.0,26.81898,80.93023
UP-LKO,2021-07-31,28.5,32.1,26.5,83,93,4.9,4.9,18.0,75,17.08,3.92,984.7,25.3,117.0,26.81898,80.93023
UP-LKO,2021-08-01,27.6,29.9,26.1,82,89,5.1,5.1,39.0,77,14.55,3.7,982.1,24.3,117.0,26.81898,80.93023
UP-LKO,2021-08-02,28.5,31.4,25.4,78,93,0.6,0.6,26.9,110,17.14,4.42,983.9,24.2,117.0,26.81898,80.93023
UP-LKO,2021-08-03,28.4,31.4,25.6,77,89,0.3,0.3,20.0,148,14.97,3.94,986.2,23.8,117.0,26.81898,80.93023
UP-LKO,2021-08-04,28.5,31.7,25.7,76,85,0.9,0.9,18.6,154,19.09,4.56,987.3,23.8,117.0,26.81898,80.93023
UP-LKO,2021-08-05,29.1,32.7,25.9,79,93,0.7,0.7,16.5,106,20.35,4.69,985.8,25.0,117.0,26.81898,80.93023
UP-LKO,2021-08-06,29.3,32.5,26.7,84,96,7.4,7.4,16.3,92,15.85,3.53,985.8,26.3,117.0,26.81898,80.93023
UP-LKO,2021-08-07,28.7,31.1,26.9,87,95,10.3,10.3,17.0,103,12.48,2.81,987.6,26.2,117.0,26.81898,80.93023
UP-LKO,2021-08-08,28.3,31.8,26.1,88,97,18.9,18.9,13.0,92,14.76,3.17,989.4,26.1,117.0,26.81898,80.93023
UP-LKO,2021-08-09,27.6,30.6,25.9,91,99,13.1,13.1,8.9,65,12.38,2.66,989.3,25.9,117.0,26.81898,80.93023
UP-LKO,2021-08-10,27.7,30.5,25.9,90,97,10.8,10.8,13.9,301,8.72,2.02,987.8,25.8,117.0,26.81898,80.93023
UP-LKO,2021-08-11,29.4,33.5,26.0,82,94,3.1,3.1,16.7,283,16.03,3.85,987.9,25.8,117.0,26.81898,80.93023
UP-LKO,2021-08-12,29.1,32.8,27.0,82,95,0.8,0.8,12.2,282,9.74,2.54,989.5,25.6,117.0,26.81898,80.93023
UP-LKO,2021-08-13,29.2,32.2,27.1,80,89,0.3,0.3,13.0,259,12.88,3.3,988.1,25.2,117.0,26.81898,80.93023
UP-LKO,2021-08-14,29.6,33.8,26.4,77,92,3.3,3.3,15.8,259,17.67,4.42,986.2,24.9,117.0,26.81898,80.93023
UP-LKO,2021-08-15,29.7,33.4,26.6,78,92,1.5,1.5,13.0,263,20.55,4.7,987.5,25.4,117.0,26.81898,80.93023
UP-LKO,2021-08-16,30.3,33.9,26.2,77,94,0.4,0.4,11.0,286,21.8,4.87,990.0,25.7,117.0,26.81898,80.93023
UP-LKO,2021-08-17,30.2,33.6,27.3,81,96,0.9,0.9,8.4,95,18.93,4.3,989.9,26.4,117.0,26.81898,80.93023
UP-LKO,2021-08-18,28.9,31.7,26.5,87,97,6.4,6.4,11.2,90,15.27,3.31,988.3,26.3,117.0,26.81898,80.93023
UP-LKO,2021-08-19,28.1,30.5,26.0,88,97,16.4,16.4,14.1,76,12.14,2.74,987.5,25.8,117.0,26.81898,80.93023
UP-LKO,2021-08-20,27.4,29.8,25.5,89,96,12.9,12.9,20.7,98,12.75,2.79,989.3,25.4,117.0,26.81898,80.93023
UP-LKO,2021-08-21,27.6,31.1,25.2,88,98,8.1,8.1,17.6,109,14.9,3.2,991.9,25.4,117.0,26.81898,80.93023
UP-LKO,2021-08-22,28.2,31.9,25.6,88,97,4.6,4.6,10.8,96,15.61,3.36,991.5,25.9,117.0,26.81898,80.93023
UP-LKO,2021-08-23,28.9,31.4,27.1,86,95,3.7,3.7,12.1,230,11.74,2.76,989.5,26.2,117.0,26.81898,80.93023
UP-LKO,2021-08-24,28.3,31.6,26.8,88,96,9.8,9.8,15.8,245,13.18,2.91,988.5,26.1,117.0,26.81898,80.93023
UP-LKO,2021-08-25,29.3,32.9,25.8,82,96,9.4,9.4,18.4,259,15.0,3.69,986.0,25.7,117.0,26.81898,80.93023
UP-LKO,2021-08-26,29.9,33.0,27.6,72,79,0.0,0.0,20.4,257,18.23,4.99,985.4,24.3,117.0,26.81898,80.93023
UP-LKO,2021-08-27,28.0,29.9,25.9,80,93,0.7,0.7,13.2,220,8.73,2.38,988.4,24.3,117.0,26.81898,80.93023
UP-LKO,2021-08-28,27.8,30.4,25.7,87,98,1.6,1.6,9.8,91,12.59,2.79,988.6,25.3,117.0,26.81898,80.93023
UP-LKO,2021-08-29,27.5,30.7,25.6,88,97,7.8,7.8,15.9,81,15.01,3.25,989.0,25.3,117.0,26.81898,80.93023
UP-LKO,2021-08-30,27.0,29.7,24.8,88,97,10.6,10.6,19.1,84,11.65,2.65,991.6,24.9,117.0,26.81898,80.93023
UP-LKO,2021-08-31,27.8,30.8,25.7,87,94,5.8,5.8,22.1,92,14.18,3.16,993.1,25.4,117.0,26.81898,80.93023
UP-LKO,2021-09-01,28.7,31.8,26.0,85,94,5.5,5.5,15.6,101,16.79,3.63,992.6,25.7,117.0,26.81898,80.93023
UP-LKO,2021-09-02,29.5,33.2,26.4,82,96,1.9,1.9,8.5,156,19.22,4.22,991.0,25.8,117.0,26.81898,80.93023
UP-LKO,2021-09-03,28.4,31.1,26.5,87,96,3.7,3.7,9.7,151,14.53,3.13,989.9,25.8,117.0,26.81898,80.93023
UP-LKO,2021-09-04,28.2,32.1,25.2,86,98,5.6,5.6,13.4,255,16.46,3.53,989.3,25.5,117.0,26.81898,80.93023
UP-LKO,2021-09-05,29.3,33.1,26.0,83,98,0.0,0.0,7.9,301,20.04,4.35,989.2,26.0,117.0,26.81898,80.93023
UP-LKO,2021-09-06,29.6,32.5,26.9,84,97,0.9,0.9,15.4,83,17.95,3.99,990.7,26.4,117.0,26.81898,80.93023
UP-LKO,2021-09-07,29.2,32.5,27.3,79,90,0.9,0.9,27.4,89,19.46,4.83,991.6,25.1,117.0,26.81898,80.93023
UP-LKO,2021-09-08,28.1,30.2,26.6,82,86,4.0,4.0,22.9,95,14.77,3.61,991.0,24.8,117.0,26.81898,80.93023
UP-LKO,2021-09-09,27.9,30.6,26.0,85,93,9.6,9.6,18.0,100,15.9,3.48,990.2,25.2,117.0,26.81898,80.93023
UP-LKO,2021-09-10,27.2,29.7,24.8,88,96,6.6,6.6,20.3,105,12.41,2.77,990.3,25.0,117.0,26.81898,80.93023
UP-LKO,2021-09-11,28.1,31.3,25.1,86,97,8.4,8.4,16.5,106,17.16,3.68,990.0,25.6,117.0,26.81898,80.93023
UP-LKO,2021-09-12,28.8,31.8,26.2,84,94,3.2,3.2,11.7,104,17.29,3.81,987.7,25.6,117.0,26.81898,80.93023
UP-LKO,2021-09-13,29.3,32.9,26.7,82,93,4.0,4.0,14.5,77,16.11,3.76,987.4,25.8,117.0,26.81898,80.93023
UP-LKO,2021-09-14,28.9,32.9,26.8,77,86,3.6,3.6,28.9,77,17.68,4.71,988.8,24.4,117.0,26.81898,80.93023
UP-LKO,2021-09-15,26.1,28.1,24.2,85,91,30.0,30.0,35.2,70,7.3,2.47,989.1,23.4,117.0,26.81898,80.93023
UP-LKO,2021-09-16,24.9,25.6,24.0,93,95,130.2,130.2,39.9,93,1.97,0.98,986.2,23.7,117.0,26.81898,80.93023
UP-LKO,2021-09-17,26.2,28.8,24.6,91,97,15.1,15.1,24.1,113,8.81,2.05,987.6,24.6,117.0,26.81898,80.93023
UP-LKO,2021-09-18,27.7,31.5,24.8,87,97,3.1,3.1,16.1,117,16.37,3.5,991.1,25.1,117.0,26.81898,80.93023
UP-LKO,2021-09-19,28.7,32.6,25.5,81,97,0.8,0.8,7.2,175,19.17,4.18,993.4,24.9,117.0,26.81898,80.93023
UP-LKO,2021-09-20,28.7,31.8,25.2,82,96,1.6,1.6,10.2,127,17.14,3.75,992.7,25.1,117.0,26.81898,80.93023
UP-LKO,2021-09-21,28.1,31.6,25.2,85,97,5.7,5.7,12.8,96,15.45,3.37,991.9,25.3,117.0,26.81898,80.93023
UP-LKO,2021-09-22,27.7,30.5,25.6,86,95,2.5,2.5,15.7,85,15.56,3.39,991.2,25.0,117.0,26.81898,80.93023
UP-LKO,2021-09-23,27.8,31.0,25.7,82,91,1.9,1.9,20.2,86,17.86,4.01,991.9,24.4,117.0,26.81898,80.93023
UP-LKO,2021-09-24,26.0,29.0,24.4,93,98,29.5,29.5,19.8,90,8.15,1.74,992.6,24.8,117.0,26.81898,80.93023
UP-LKO,2021-09-25,26.2,28.8,24.7,92,98,13.8,13.8,9.4,99,9.45,2.0,992.0,24.7,117.0,26.81898,80.93023
UP-LKO,2021-09-26,27.3,30.4,24.4,88,98,11.5,11.5,10.1,78,11.25,2.47,991.6,25.0,117.0,26.81898,80.93023
UP-LKO,2021-09-27,28.9,32.8,26.0,82,92,2.7,2.7,14.4,80,18.24,4.16,991.6,25.5,117.0,26.81898,80.93023
UP-LKO,2021-09-28,28.3,30.6,26.5,84,91,5.0,5.0,18.5,91,14.59,3.45,992.7,25.2,117.0,26.81898,80.93023
UP-LKO,2021-09-29,28.1,31.7,25.5,84,94,1.8,1.8,15.2,91,18.06,3.94,994.3,25.0,117.0,26.81898,80.93023
UP-LKO,2021-09-30,28.2,31.9,25.2,81,96,0.4,0.4,9.3,86,18.44,4.01,995.3,24.5,117.0,26.81898,80.93023
UP-LKO,2021-10-01,27.5,31.4,24.6,85,97,2.0,2.0,10.3,55,16.69,3.54,994.8,24.6,117.0,26.81898,80.93023
UP-LKO,2021-10-02,26.9,31.2,24.5,89,99,9.1,9.1,10.2,278,12.86,2.71,993.5,24.9,117.0,26.81898,80.93023
UP-LKO,2021-10-03,28.3,32.6,24.7,84,99,0.8,0.8,18.8,263,16.98,3.78,991.7,25.2,117.0,26.81898,80.93023
UP-LKO,2021-10-04,28.3,32.8,24.7,85,99,2.2,2.2,10.7,230,16.93,3.69,991.9,25.3,117.0,26.81898,80.93023
UP-LKO,2021-10-05,27.8,31.2,25.2,87,98,1.3,1.3,9.4,74,15.05,3.19,994.3,25.3,117.0,26.81898,80.93023
UP-LKO,2021-10-06,27.9,31.5,24.6,86,99,0.1,0.1,9.3,322,15.89,3.37,993.9,25.3,117.0,26.81898,80.93023
UP-LKO,2021-10-07,27.8,32.1,23.8,81,98,0.8,0.8,10.5,308,16.28,3.65,992.5,24.0,117.0,26.81898,80.93023
UP-LKO,2021-10-08,26.9,31.3,22.5,78,95,0.0,0.0,12.6,278,16.14,3.7,991.8,22.4,117.0,26.81898,80.93023
UP-LKO,2021-10-09,27.2,32.2,23.6,76,92,0.0,0.0,11.0,286,17.42,4.02,992.0,22.2,117.0,26.81898,80.93023
UP-LKO,2021-10-10,27.8,32.9,22.4,72,94,0.0,0.0,7.6,278,19.07,4.15,992.7,21.8,117.0,26.81898,80.93023
UP-LKO,2021-10-11,27.7,32.6,23.7,73,93,0.0,0.0,8.6,307,17.78,3.87,992.3,22.1,117.0,26.81898,80.93023
UP-LKO,2021-10-12,27.7,32.8,22.0,73,98,0.0,0.0,7.3,325,18.13,3.9,992.1,21.9,117.0,26.81898,80.93023
UP-LKO,2021-10-13,28.0,33.2,23.5,72,92,0.0,0.0,10.9,285,18.16,4.21,991.8,22.1,117.0,26.81898,80.93023
UP-LKO,2021-10-14,26.7,32.2,23.2,66,80,0.0,0.0,10.7,304,18.41,4.44,992.1,19.7,117.0,26.81898,80.93023
UP-LKO,2021-10-15,26.6,32.8,20.9,72,88,0.0,0.0,7.8,286,18.48,4.06,990.6,20.8,117.0,26.81898,80.93023
UP-LKO,2021-10-16,28.4,33.5,23.3,75,89,1.6,1.6,14.3,71,16.85,3.94,991.2,23.2,117.0,26.81898,80.93023
UP-LKO,2021-10-17,27.8,33.2,25.0,82,93,8.9,8.9,27.4,78,14.66,3.48,992.2,24.4,117.0,26.81898,80.93023
UP-LKO,2021-10-18,25.6,28.8,23.9,89,97,24.4,24.4,25.8,102,7.82,2.0,991.5,23.6,117.0,26.81898,80.93023
UP-LKO,2021-10-19,25.5,29.0,22.9,84,96,21.7,21.7,21.6,195,8.39,2.22,992.2,22.5,117.0,26.81898,80.93023
UP-LKO,2021-10-20,25.2,29.9,21.5,75,88,0.0,0.0,15.5,278,16.81,3.85,996.5,20.3,117.0,26.81898,80.93023
UP-LKO,2021-10-21,24.7,30.2,20.4,71,88,0.0,0.0,16.0,271,17.48,4.14,995.9,18.9,117.0,26.81898,80.93023
UP-LKO,2021-10-22,23.6,29.6,19.4,71,92,0.0,0.0,15.6,272,17.72,4.04,996.7,17.9,117.0,26.81898,80.93023
UP-LKO,2021-10-23,24.7,30.8,18.7,71,95,0.0,0.0,8.0,287,17.43,3.65,999.3,18.4,117.0,26.81898,80.93023
UP-LKO,2021-10-24,24.3,30.1,19.2,71,95,0.0,0.0,9.1,49,15.93,3.44,1000.0,18.3,117.0,26.81898,80.93023
UP-LKO,2021-10-25,23.9,29.7,19.3,70,92,0.0,0.0,12.9,316,16.37,3.75,999.3,17.8,117.0,26.81898,80.93023
UP-LKO,2021-10-26,22.9,28.5,18.4,72,89,0.0,0.0,11.8,302,16.86,3.68,998.9,17.3,117.0,26.81898,80.93023
UP-LKO,2021-10-27,21.4,27.5,16.4,72,91,0.0,0.0,12.5,300,17.11,3.64,1000.5,15.6,117.0,26.81898,80.93023
UP-LKO,2021-10-28,21.4,27.9,15.6,73,93,0.0,0.0,8.3,271,16.94,3.37,1001.0,15.8,117.0,26.81898,80.93023
UP-LKO,2021-10-29,21.7,28.0,16.0,72,97,0.0,0.0,8.0,280,16.71,3.39,1002.3,15.9,117.0,26.81898,80.93023
UP-LKO,2021-10-30,22.3,28.7,17.4,69,89,0.0,0.0,12.2,277,16.29,3.71,1001.6,16.0,117.0,26.81898,80.93023
UP-LKO,2021-10-31,21.3,28.1,16.5,65,85,0.0,0.0,12.3,271,16.62,3.77,1000.1,14.1,117.0,26.81898,80.93023
UP-LKO,2021-11-01,21.8,28.4,15.8,67,92,0.0,0.0,9.1,288,16.32,3.35,1000.0,14.7,117.0,26.81898,80.93023
UP-LKO,2021-11-02,21.5,28.3,15.5,68,93,0.0,0.0,8.4,46,16.16,3.39,1001.0,14.6,117.0,26.81898,80.93023
UP-LKO,2021-11-03,21.2,27.8,15.2,69,91,0.0,0.0,8.7,325,16.02,3.32,1000.6,14.6,117.0,26.81898,80.93023
UP-LKO,2021-11-04,21.3,28.3,15.4,75,95,0.0,0.0,10.6,281,15.76,3.35,999.9,16.0,117.0,26.81898,80.93023
UP-LKO,2021-11-05,21.8,29.0,16.0,70,95,0.0,0.0,14.4,293,15.21,3.49,999.3,15.3,117.0,26.81898,80.93023
UP-LKO,2021-11-06,21.0,27.4,15.1,63,85,0.0,0.0,12.7,282,15.65,3.76,997.7,13.2,117.0,26.81898,80.93023
UP-LKO,2021-11-07,20.8,27.2,15.2,70,91,0.0,0.0,12.2,294,14.24,3.2,997.8,14.6,117.0,26.81898,80.93023
UP-LKO,2021-11-08,20.5,27.8,14.3,74,96,0.0,0.0,13.2,305,15.48,3.31,999.3,15.2,117.0,26.81898,80.93023
UP-LKO,2021-11-09,20.4,27.7,14.2,74,96,0.0,0.0,9.8,303,15.36,3.14,1000.0,15.1,117.0,26.81898,80.93023
UP-LKO,2021-11-10,20.4,27.6,14.2,74,95,0.0,0.0,9.2,319,15.22,3.04,999.3,15.1,117.0,26.81898,80.93023
UP-LKO,2021-11-11,21.0,27.9,15.4,72,96,0.0,0.0,9.5,328,15.05,3.07,999.1,15.0,117.0,26.81898,80.93023
UP-LKO,2021-11-12,20.6,27.7,14.5,71,93,0.0,0.0,9.6,310,14.79,3.07,999.4,14.5,117.0,26.81898,80.93023
UP-LKO,2021-11-13,20.6,27.5,15.0,72,94,0.0,0.0,9.0,317,14.76,3.11,999.2,14.7,117.0,26.81898,80.93023
UP-LKO,2021-11-14,19.9,26.8,14.1,70,95,0.0,0.0,8.6,307,14.67,2.98,998.6,13.7,117.0,26.81898,80.93023
UP-LKO,2021-11-15,19.9,26.6,13.8,66,92,0.0,0.0,8.4,321,14.55,3.08,997.6,12.9,117.0,26.81898,80.93023
UP-LKO,2021-11-16,19.6,26.3,13.9,68,94,0.0,0.0,9.1,319,14.38,2.92,998.7,13.1,117.0,26.81898,80.93023
UP-LKO,2021-11-17,19.5,26.5,13.3,71,92,0.0,0.0,9.0,24,13.9,2.88,1001.0,13.5,117.0,26.81898,80.93023
UP-LKO,2021-11-18,19.7,25.6,14.7,70,91,0.0,0.0,10.2,355,11.23,2.51,999.6,13.6,117.0,26.81898,80.93023
UP-LKO,2021-11-19,20.3,24.6,17.4,73,91,0.6,0.6,9.4,295,6.76,1.82,997.4,15.1,117.0,26.81898,80.93023
UP-LKO,2021-11-20,20.7,24.3,18.0,75,85,0.7,0.7,14.5,275,7.16,1.82,997.6,16.0,117.0,26.81898,80.93023
UP-LKO,2021-11-21,21.2,28.4,15.5,67,91,0.0,0.0,15.0,279,13.82,3.43,998.3,14.4,117.0,26.81898,80.93023
UP-LKO,2021-11-22,19.8,26.1,15.1,60,78,0.0,0.0,15.9,277,14.17,3.6,998.1,11.6,117.0,26.81898,80.93023
UP-LKO,2021-11-23,18.2,25.0,13.0,61,80,0.0,0.0,13.3,282,14.28,3.19,998.3,10.2,117.0,26.81898,80.93023
UP-LKO,2021-11-24,18.6,25.8,11.8,66,95,0.0,0.0,8.0,306,13.85,2.77,999.9,11.5,117.0,26.81898,80.93023
UP-LKO,2021-11-25,18.5,25.5,11.6,69,94,0.0,0.0,8.9,329,13.75,2.73,1000.5,12.1,117.0,26.81898,80.93023
UP-LKO,2021-11-26,17.8,25.4,11.5,75,96,0.0,0.0,9.4,324,13.54,2.61,1001.0,12.7,117.0,26.81898,80.93023
UP-LKO,2021-11-27,18.7,26.0,13.8,72,92,0.0,0.0,10.7,27,13.46,2.71,1002.0,13.0,117.0,26.81898,80.93023
UP-LKO,2021-11-28,18.5,26.1,12.8,74,93,0.0,0.0,9.9,342,13.46,2.72,1002.9,13.1,117.0,26.81898,80.93023
UP-LKO,2021-11-29,18.7,25.9,12.9,75,95,0.0,0.0,12.6,303,13.2,2.79,1002.8,13.5,117.0,26.81898,80.93023
UP-LKO,2021-11-30,17.8,25.0,12.7,72,92,0.0,0.0,9.3,289,13.03,2.56,1002.6,12.2,117.0,26.81898,80.93023
UP-LKO,2021-12-01,17.8,24.1,12.3,75,95,0.0,0.0,9.3,314,9.74,2.01,1002.3,12.8,117.0,26.81898,80.93023
UP-LKO,2021-12-02,19.5,23.9,15.3,74,95,0.0,0.0,10.9,303,7.81,1.94,1001.7,14.4,117.0,26.81898,80.93023
UP-LKO,2021-12-03,19.1,22.2,16.5,72,84,0.3,0.3,9.6,349,4.51,1.2,1002.8,13.9,117.0,26.81898,80.93023
UP-LKO,2021-12-04,18.7,25.7,12.6,80,98,0.0,0.0,8.8,288,12.82,2.46,1001.5,14.9,117.0,26.81898,80.93023
UP-LKO,2021-12-05,20.1,26.9,14.3,74,97,0.0,0.0,9.4,34,12.6,2.58,1001.7,14.8,117.0,26.81898,80.93023
UP-LKO,2021-12-06,20.9,25.9,17.2,74,91,0.0,0.0,15.2,337,10.29,2.42,1001.0,15.8,117.0,26.81898,80.93023
UP-LKO,2021-12-07,19.4,25.8,14.8,67,94,0.0,0.0,12.5,293,13.17,3.05,1002.1,12.1,117.0,26.81898,80.93023
UP-LKO,2021-12-08,16.9,24.0,11.9,70,89,0.0,0.0,9.3,276,13.09,2.64,1003.2,10.8,117.0,26.81898,80.93023
UP-LKO,2021-12-09,16.6,23.9,10.7,68,93,0.0,0.0,9.4,315,12.87,2.58,1005.4,9.9,117.0,26.81898,80.93023
UP-LKO,2021-12-10,16.1,23.0,10.1,70,93,0.0,0.0,12.2,294,12.95,2.64,1005.0,10.1,117.0,26.81898,80.93023
UP-LKO,2021-12-11,16.1,23.1,11.7,70,94,0.0,0.0,12.9,281,13.0,2.67,1004.6,10.1,117.0,26.81898,80.93023
UP-LKO,2021-12-12,15.0,22.2,9.1,72,94,0.0,0.0,9.8,301,12.55,2.32,1005.4,9.4,117.0,26.81898,80.93023
UP-LKO,2021-12-13,15.1,22.0,9.2,71,94,0.0,0.0,8.8,337,12.88,2.34,1004.1,9.3,117.0,26.81898,80.93023
UP-LKO,2021-12-14,15.5,22.6,8.7,71,95,0.0,0.0,9.4,336,12.75,2.41,1003.0,9.8,117.0,26.81898,80.93023
UP-LKO,2021-12-15,16.2,23.7,10.6,72,94,0.0,0.0,13.7,311,12.64,2.64,1002.8,10.6,117.0,26.81898,80.93023
UP-LKO,2021-12-16,17.4,23.8,11.6,70,93,0.0,0.0,12.4,341,10.94,2.33,1003.5,11.3,117.0,26.81898,80.93023
UP-LKO,2021-12-17,17.1,22.3,13.4,55,69,0.6,0.6,16.5,309,8.96,2.82,1003.9,7.7,117.0,26.81898,80.93023
UP-LKO,2021-12-18,12.8,18.8,8.2,58,78,0.0,0.0,17.2,288,13.46,2.93,1005.0,4.2,117.0,26.81898,80.93023
UP-LKO,2021-12-19,11.7,17.7,7.3,72,89,0.0,0.0,11.7,280,13.21,2.25,1005.0,6.5,117.0,26.81898,80.93023
UP-LKO,2021-12-20,11.6,18.6,6.6,75,92,0.0,0.0,10.0,282,12.7,2.14,1004.5,6.8,117.0,26.81898,80.93023
UP-LKO,2021-12-21,12.1,19.8,6.0,74,96,0.0,0.0,10.5,290,12.93,2.29,1003.0,7.2,117.0,26.81898,80.93023
UP-LKO,2021-12-22,13.0,21.2,7.2,74,94,0.0,0.0,10.2,285,13.05,2.34,1000.8,8.0,117.0,26.81898,80.93023
UP-LKO,2021-12-23,14.3,22.0,7.3,69,94,0.0,0.0,10.0,308,12.9,2.33,1000.5,7.9,117.0,26.81898,80.93023
UP-LKO,2021-12-24,14.9,22.9,8.1,71,93,0.0,0.0,9.4,62,12.82,2.38,1000.1,9.2,117.0,26.81898,80.93023
UP-LKO,2021-12-25,15.5,23.3,9.5,72,94,0.0,0.0,9.7,14,12.86,2.37,1001.5,9.9,117.0,26.81898,80.93023
UP-LKO,2021-12-26,15.5,22.8,9.7,75,94,0.0,0.0,9.5,42,11.24,2.09,1003.7,10.6,117.0,26.81898,80.93023
UP-LKO,2021-12-27,16.8,23.2,12.4,74,95,0.0,0.0,8.2,25,12.46,2.29,1004.5,11.7,117.0,26.81898,80.93023
UP-LKO,2021-12-28,14.9,18.2,12.1,86,93,9.0,9.0,14.4,25,3.28,0.81,1003.5,12.6,117.0,26.81898,80.93023
UP-LKO,2021-12-29,14.1,16.2,11.9,86,94,4.7,4.7,17.0,357,3.96,0.97,1003.9,11.7,117.0,26.81898,80.93023
UP-LKO,2021-12-30,15.1,19.2,11.0,78,96,0.6,0.6,13.3,4,10.16,1.9,1008.1,11.2,117.0,26.81898,80.93023
UP-LKO,2021-12-31,13.9,20.3,9.3,80,98,0.0,0.0,8.2,294,12.22,2.1,1008.1,10.2,117.0,26.81898,80.93023
UP-LKO,2022-01-01,13.2,20.1,8.3,75,94,0.0,0.0,10.1,286,13.04,2.29,1007.4,8.4,117.0,26.81898,80.93023
UP-LKO,2022-01-02,12.6,19.7,6.6,78,95,0.0,0.0,10.0,290,12.6,2.13,1005.9,8.5,117.0,26.81898,80.93023
UP-LKO,2022-01-03,12.8,20.3,7.0,82,98,0.0,0.0,10.1,277,13.15,2.19,1004.2,9.4,117.0,26.81898,80.93023
UP-LKO,2022-01-04,14.6,21.5,8.4,77,96,0.0,0.0,9.4,262,13.26,2.24,1003.7,10.3,117.0,26.81898,80.93023
UP-LKO,2022-01-05,15.4,21.1,10.4,83,96,0.0,0.0,8.8,77,10.41,1.84,1003.1,12.3,117.0,26.81898,80.93023
UP-LKO,2022-01-06,15.6,19.1,13.5,89,96,11.6,11.6,14.5,102,5.31,1.06,1003.0,13.7,117.0,26.81898,80.93023
UP-LKO,2022-01-07,15.9,20.1,13.0,89,100,3.4,3.4,12.0,114,8.96,1.52,1003.6,14.0,117.0,26.81898,80.93023
UP-LKO,2022-01-08,16.0,19.3,13.2,93,99,6.7,6.7,13.6,113,5.69,1.0,1002.9,14.7,117.0,26.81898,80.93023
UP-LKO,2022-01-09,16.2,20.7,12.8,90,98,0.4,0.4,8.9,140,8.64,1.49,1000.8,14.5,117.0,26.81898,80.93023
UP-LKO,2022-01-10,15.8,19.9,13.0,90,100,0.2,0.2,10.5,279,7.6,1.36,1002.2,14.1,117.0,26.81898,80.93023
UP-LKO,2022-01-11,14.9,20.4,11.4,89,100,0.0,0.0,8.6,268,9.76,1.66,1002.4,12.9,117.0,26.81898,80.93023
UP-LKO,2022-01-12,14.6,19.2,9.6,77,95,0.0,0.0,11.8,292,12.62,2.26,1002.4,10.3,117.0,26.81898,80.93023
UP-LKO,2022-01-13,12.2,18.7,7.6,79,95,0.0,0.0,9.0,304,14.14,2.28,1003.2,8.3,117.0,26.81898,80.93023
UP-LKO,2022-01-14,11.4,18.2,6.7,81,94,0.0,0.0,9.1,300,14.29,2.25,1003.5,7.9,117.0,26.81898,80.93023
UP-LKO,2022-01-15,10.7,17.3,6.2,81,93,0.0,0.0,9.2,293,14.53,2.22,1004.8,7.3,117.0,26.81898,80.93023
UP-LKO,2022-01-16,10.2,17.0,5.4,85,98,0.0,0.0,9.8,299,13.69,2.04,1006.1,7.5,117.0,26.81898,80.93023
UP-LKO,2022-01-17,10.0,17.0,4.4,87,100,0.0,0.0,9.6,291,14.32,2.08,1006.7,7.7,117.0,26.81898,80.93023
UP-LKO,2022-01-18,10.1,17.2,5.2,88,99,0.0,0.0,10.7,288,14.17,2.03,1004.3,8.0,117.0,26.81898,80.93023
UP-LKO,2022-01-19,10.5,17.6,5.5,89,100,0.0,0.0,9.2,270,13.54,1.97,1001.9,8.5,117.0,26.81898,80.93023
UP-LKO,2022-01-20,11.8,18.2,6.5,88,100,0.9,0.9,9.4,322,13.29,2.06,998.2,9.7,117.0,26.81898,80.93023
UP-LKO,2022-01-21,13.8,19.7,9.1,86,97,0.1,0.1,7.9,57,13.18,2.09,997.9,11.3,117.0,26.81898,80.93023
UP-LKO,2022-01-22,13.7,17.6,10.7,87,95,2.9,2.9,18.8,102,5.66,1.23,995.7,11.5,117.0,26.81898,80.93023
UP-LKO,2022-01-23,14.8,19.0,11.9,88,98,1.7,1.7,18.4,100,8.87,1.55,995.8,12.7,117.0,26.81898,80.93023
UP-LKO,2022-01-24,13.8,18.4,10.6,87,100,1.1,1.1,13.2,321,10.28,1.73,999.1,11.3,117.0,26.81898,80.93023
UP-LKO,2022-01-25,12.7,18.2,8.1,77,95,0.0,0.0,11.9,290,14.82,2.41,1000.0,8.4,117.0,26.81898,80.93023
UP-LKO,2022-01-26,11.1,16.6,6.6,76,95,0.0,0.0,15.7,286,14.25,2.31,1001.3,6.6,117.0,26.81898,80.93023
UP-LKO,2022-01-27,12.0,18.2,7.0,77,91,0.0,0.0,18.3,288,13.78,2.34,1002.0,7.9,117.0,26.81898,80.93023
UP-LKO,2022-01-28,12.5,18.3,8.4,74,90,0.0,0.0,19.8,274,16.02,2.69,1002.4,7.6,117.0,26.81898,80.93023
UP-LKO,2022-01-29,12.7,19.2,7.6,75,91,0.0,0.0,14.7,282,15.83,2.7,1002.5,7.9,117.0,26.81898,80.93023
UP-LKO,2022-01-30,14.0,20.8,9.5,76,89,0.0,0.0,17.2,273,16.12,2.83,998.1,9.6,117.0,26.81898,80.93023
UP-LKO,2022-01-31,13.5,21.4,7.1,85,100,0.0,0.0,10.5,7,16.01,2.66,998.0,10.6,117.0,26.81898,80.93023
UP-LKO,2022-02-01,14.7,22.3,8.3,84,98,0.0,0.0,15.5,294,16.04,2.7,996.5,11.8,117.0,26.81898,80.93023
UP-LKO,2022-02-02,14.2,20.4,8.6,80,96,0.0,0.0,10.3,333,16.53,2.68,998.2,10.4,117.0,26.81898,80.93023
UP-LKO,2022-02-03,15.7,22.0,11.3,81,96,17.7,17.7,31.8,102,13.11,2.55,995.0,12.3,117.0,26.81898,80.93023
UP-LKO,2022-02-04,14.0,18.4,9.8,82,97,1.3,1.3,21.8,333,13.38,2.3,995.8,10.7,117.0,26.81898,80.93023
UP-LKO,2022-02-05,11.9,18.2,6.9,81,100,0.0,0.0,13.6,314,14.3,2.34,999.5,8.3,117.0,26.81898,80.93023
UP-LKO,2022-02-06,12.9,19.2,6.2,80,99,0.0,0.0,9.4,280,16.74,2.66,1002.3,9.2,117.0,26.81898,80.93023
UP-LKO,2022-02-07,14.4,20.9,6.2,78,100,0.0,0.0,6.9,269,16.56,2.76,1001.6,10.1,117.0,26.81898,80.93023
UP-LKO,2022-02-08,15.7,22.9,8.5,80,98,0.0,0.0,9.3,141,16.75,2.88,999.7,12.0,117.0,26.81898,80.93023
UP-LKO,2022-02-09,15.7,20.9,12.0,84,97,0.3,0.3,19.6,66,14.07,2.41,1000.2,12.8,117.0,26.81898,80.93023
UP-LKO,2022-02-10,14.6,20.7,10.2,79,94,0.0,0.0,17.4,308,17.34,2.93,1002.1,10.6,117.0,26.81898,80.93023
UP-LKO,2022-02-11,15.0,21.0,10.2,67,89,0.0,0.0,25.0,278,17.99,3.58,1001.3,8.3,117.0,26.81898,80.93023
UP-LKO,2022-02-12,14.7,20.8,10.7,70,87,0.0,0.0,16.0,275,18.05,3.33,1000.5,8.9,117.0,26.81898,80.93023
UP-LKO,2022-02-13,14.3,21.6,8.6,73,94,0.0,0.0,11.0,296,18.13,3.22,999.9,9.1,117.0,26.81898,80.93023
UP-LKO,2022-02-14,15.1,22.2,8.1,75,96,0.0,0.0,10.5,313,17.82,3.19,999.7,10.3,117.0,26.81898,80.93023
UP-LKO,2022-02-15,16.1,23.2,10.1,74,94,0.0,0.0,10.2,312,17.72,3.3,999.3,11.0,117.0,26.81898,80.93023
UP-LKO,2022-02-16,16.9,24.1,10.8,70,91,0.0,0.0,15.3,287,18.2,3.62,997.0,10.8,117.0,26.81898,80.93023
UP-LKO,2022-02-17,16.9,25.1,10.9,69,92,0.0,0.0,18.5,288,18.63,3.85,996.8,10.2,117.0,26.81898,80.93023
UP-LKO,2022-02-18,17.2,25.8,10.1,66,89,0.0,0.0,14.0,285,18.43,3.87,998.0,10.0,117.0,26.81898,80.93023
UP-LKO,2022-02-19,18.0,26.2,10.6,58,82,0.0,0.0,19.8,289,18.67,4.35,998.5,8.6,117.0,26.81898,80.93023
UP-LKO,2022-02-20,18.3,24.4,12.9,52,70,0.0,0.0,26.8,280,18.71,4.77,994.2,7.6,117.0,26.81898,80.93023
UP-LKO,2022-02-21,17.6,24.9,11.8,58,82,0.0,0.0,19.2,284,19.25,4.29,994.7,8.3,117.0,26.81898,80.93023
UP-LKO,2022-02-22,18.4,26.3,9.9,59,89,0.0,0.0,18.1,99,19.01,4.42,999.0,9.3,117.0,26.81898,80.93023
UP-LKO,2022-02-23,20.4,26.8,15.5,63,78,0.0,0.0,21.6,101,18.5,4.48,1000.6,12.7,117.0,26.81898,80.93023
UP-LKO,2022-02-24,20.7,28.3,15.3,65,86,0.0,0.0,11.5,66,17.6,3.86,1000.9,13.3,117.0,26.81898,80.93023
UP-LKO,2022-02-25,19.8,27.2,13.9,63,96,0.0,0.0,15.1,337,18.65,4.19,1002.1,11.4,117.0,26.81898,80.93023
UP-LKO,2022-02-26,20.5,28.5,14.3,62,89,0.0,0.0,17.1,72,18.91,4.54,1002.6,12.0,117.0,26.81898,80.93023
UP-LKO,2022-02-27,20.5,26.6,15.3,59,75,0.0,0.0,16.3,11,19.33,4.4,1001.9,11.7,117.0,26.81898,80.93023
UP-LKO,2022-02-28,18.7,25.1,13.9,60,84,0.0,0.0,13.7,299,20.31,4.31,1001.6,10.1,117.0,26.81898,80.93023
UP-LKO,2022-03-01,18.7,26.1,12.4,64,91,0.0,0.0,9.4,292,19.98,4.07,1002.2,10.9,117.0,26.81898,80.93023
UP-LKO,2022-03-02,19.4,27.6,11.9,59,89,0.0,0.0,10.6,298,20.2,4.36,1001.8,10.3,117.0,26.81898,80.93023
UP-LKO,2022-03-03,20.0,28.7,12.2,62,92,0.0,0.0,10.1,281,20.27,4.29,1001.2,11.3,117.0,26.81898,80.93023
UP-LKO,2022-03-04,22.3,30.4,14.8,52,82,0.0,0.0,17.8,315,19.62,5.18,1000.0,10.7,117.0,26.81898,80.93023
UP-LKO,2022-03-05,21.0,28.1,15.4,59,84,0.0,0.0,18.6,288,20.89,4.98,999.1,11.9,117.0,26.81898,80.93023
UP-LKO,2022-03-06,20.3,27.6,13.4,64,92,0.0,0.0,9.9,292,20.88,4.23,999.7,12.6,117.0,26.81898,80.93023
UP-LKO,2022-03-07,21.3,29.1,14.2,59,85,0.0,0.0,10.0,347,19.58,4.27,1000.5,12.1,117.0,26.81898,80.93023
UP-LKO,2022-03-08,21.6,30.2,13.8,56,89,0.0,0.0,13.3,297,20.52,4.93,999.1,11.3,117.0,26.81898,80.93023
UP-LKO,2022-03-09,23.2,31.7,16.2,49,79,0.0,0.0,19.0,290,21.52,5.69,997.8,10.4,117.0,26.81898,80.93023
UP-LKO,2022-03-10,23.9,31.8,17.2,45,66,0.0,0.0,19.7,295,20.84,5.81,997.9,10.5,117.0,26.81898,80.93023
UP-LKO,2022-03-11,23.6,30.9,17.4,51,73,0.0,0.0,18.9,291,21.28,5.64,997.8,11.9,117.0,26.81898,80.93023
UP-LKO,2022-03-12,23.4,31.4,16.8,50,74,0.0,0.0,16.0,285,21.7,5.64,996.9,11.5,117.0,26.81898,80.93023
UP-LKO,2022-03-13,24.2,32.4,16.3,52,78,0.0,0.0,13.2,276,21.55,5.38,997.1,12.8,117.0,26.81898,80.93023
UP-LKO,2022-03-14,25.8,33.5,17.7,54,81,0.0,0.0,12.9,289,21.36,5.24,996.2,15.1,117.0,26.81898,80.93023
UP-LKO,2022-03-15,26.2,34.1,18.3,59,88,0.0,0.0,10.3,308,21.63,5.28,993.5,16.6,117.0,26.81898,80.93023
UP-LKO,2022-03-16,27.8,35.7,20.8,57,86,0.0,0.0,17.0,289,21.69,5.8,991.1,17.4,117.0,26.81898,80.93023
UP-LKO,2022-03-17,28.2,35.5,20.9,58,91,0.0,0.0,11.9,94,21.41,5.52,992.4,18.3,117.0,26.81898,80.93023
UP-LKO,2022-03-18,28.7,35.5,21.5,52,77,0.0,0.0,10.5,62,21.55,5.42,993.4,17.3,117.0,26.81898,80.93023
UP-LKO,2022-03-19,28.8,36.0,21.7,54,85,0.0,0.0,8.9,330,21.0,5.32,991.6,17.5,117.0,26.81898,80.93023
UP-LKO,2022-03-20,29.1,37.3,21.9,46,76,0.0,0.0,15.6,308,20.93,6.25,990.5,14.8,117.0,26.81898,80.93023
UP-LKO,2022-03-21,29.2,38.2,21.1,37,73,0.0,0.0,17.0,275,22.33,6.81,991.5,10.5,117.0,26.81898,80.93023
UP-LKO,2022-03-22,28.7,37.2,21.5,32,57,0.0,0.0,20.5,287,23.21,7.62,992.4,8.1,117.0,26.81898,80.93023
UP-LKO,2022-03-23,27.4,36.1,19.5,34,54,0.0,0.0,18.6,293,23.28,6.96,993.0,8.9,117.0,26.81898,80.93023
UP-LKO,2022-03-24,28.2,37.0,20.1,38,68,0.0,0.0,24.5,285,20.41,6.77,991.4,11.0,117.0,26.81898,80.93023
UP-LKO,2022-03-25,28.7,36.9,20.8,29,51,0.0,0.0,23.8,308,23.19,7.61,991.6,7.4,117.0,26.81898,80.93023
UP-LKO,2022-03-26,28.4,36.2,20.8,24,37,0.0,0.0,31.3,285,23.68,8.91,993.6,4.7,117.0,26.81898,80.93023
UP-LKO,2022-03-27,28.8,36.8,22.6,26,41,0.0,0.0,24.3,288,23.74,8.32,994.4,6.2,117.0,26.81898,80.93023
UP-LKO,2022-03-28,28.5,38.6,19.3,27,43,0.0,0.0,19.9,297,23.67,7.66,993.2,6.1,117.0,26.81898,80.93023
UP-LKO,2022-03-29,29.5,38.9,19.3,27,47,0.0,0.0,17.2,307,23.69,7.27,991.2,7.3,117.0,26.81898,80.93023
UP-LKO,2022-03-30,29.4,38.3,19.8,41,74,0.0,0.0,9.8,79,23.31,5.71,991.9,13.6,117.0,26.81898,80.93023
UP-LKO,2022-03-31,30.5,39.3,22.7,48,87,0.0,0.0,11.1,91,23.13,6.19,992.3,16.5,117.0,26.81898,80.93023
UP-LKO,2022-04-01,31.0,39.1,23.1,38,71,0.0,0.0,17.4,326,23.39,7.1,991.6,13.1,117.0,26.81898,80.93023
UP-LKO,2022-04-02,29.3,38.0,20.8,28,44,0.0,0.0,11.7,305,24.14,6.91,994.3,7.6,117.0,26.81898,80.93023
UP-LKO,2022-04-03,30.0,39.6,21.4,34,72,0.0,0.0,16.3,297,23.9,7.18,993.7,9.0,117.0,26.81898,80.93023
UP-LKO,2022-04-04,30.6,40.5,21.5,17,28,0.0,0.0,23.7,291,24.69,8.8,992.7,1.1,117.0,26.81898,80.93023
UP-LKO,2022-04-05,30.7,39.8,22.1,20,36,0.0,0.0,20.0,303,24.41,8.28,995.6,4.1,117.0,26.81898,80.93023
UP-LKO,2022-04-06,30.9,40.3,20.9,20,35,0.0,0.0,20.9,293,24.56,8.49,995.6,3.7,117.0,26.81898,80.93023
UP-LKO,2022-04-07,31.4,40.2,22.1,21,39,0.0,0.0,18.1,280,24.52,7.44,995.1,4.9,117.0,26.81898,80.93023
UP-LKO,2022-04-08,31.4,41.1,21.5,20,40,0.0,0.0,21.9,301,24.58,7.82,992.7,4.3,117.0,26.81898,80.93023
UP-LKO,2022-04-09,31.6,41.7,22.6,20,30,0.0,0.0,21.6,299,24.62,7.91,991.0,4.5,117.0,26.81898,80.93023
UP-LKO,2022-04-10,31.5,41.4,23.0,40,82,0.0,0.0,21.3,35,23.4,7.08,990.0,14.4,117.0,26.81898,80.93023
UP-LKO,2022-04-11,32.3,41.8,22.2,37,88,0.0,0.0,22.6,335,24.3,7.93,989.7,12.4,117.0,26.81898,80.93023
UP-LKO,2022-04-12,32.2,40.9,24.5,43,77,0.0,0.0,14.6,92,22.88,6.5,990.0,16.6,117.0,26.81898,80.93023
UP-LKO,2022-04-13,32.2,40.7,26.8,47,79,0.3,0.3,31.2,273,21.44,6.33,989.5,18.0,117.0,26.81898,80.93023
UP-LKO,2022-04-14,32.3,40.9,23.8,24,42,0.0,0.0,24.4,292,24.25,8.68,988.2,7.2,117.0,26.81898,80.93023
UP-LKO,2022-04-15,32.3,40.9,23.2,23,45,0.0,0.0,21.6,289,23.45,7.79,988.6,6.9,117.0,26.81898,80.93023
UP-LKO,2022-04-16,32.8,40.8,24.8,19,33,0.0,0.0,16.0,331,23.62,7.85,988.1,5.1,117.0,26.81898,80.93023
UP-LKO,2022-04-17,33.4,41.9,22.9,18,36,0.0,0.0,25.4,312,25.23,8.23,989.1,3.4,117.0,26.81898,80.93023
UP-LKO,2022-04-18,33.5,42.4,23.2,18,29,0.0,0.0,14.8,288,24.82,7.63,990.7,4.5,117.0,26.81898,80.93023
UP-LKO,2022-04-19,33.3,42.3,25.2,23,35,0.0,0.0,24.9,338,24.03,8.38,991.9,7.9,117.0,26.81898,80.93023
UP-LKO,2022-04-20,33.3,42.1,25.1,23,51,0.0,0.0,20.4,330,24.64,8.36,990.7,8.3,117.0,26.81898,80.93023
UP-LKO,2022-04-21,31.6,39.9,25.3,46,71,0.5,0.5,18.5,86,22.05,6.85,992.3,17.7,117.0,26.81898,80.93023
UP-LKO,2022-04-22,32.7,39.6,26.4,29,53,0.0,0.0,21.4,303,23.97,8.29,993.1,10.8,117.0,26.81898,80.93023
UP-LKO,2022-04-23,32.9,41.0,24.8,20,36,0.0,0.0,26.5,289,24.86,9.12,992.5,5.6,117.0,26.81898,80.93023
UP-LKO,2022-04-24,33.2,41.0,25.7,17,26,0.0,0.0,31.3,295,25.16,10.27,990.5,3.4,117.0,26.81898,80.93023
UP-LKO,2022-04-25,33.7,41.5,26.1,17,26,0.0,0.0,24.3,276,25.08,10.15,989.8,4.7,117.0,26.81898,80.93023
UP-LKO,2022-04-26,34.0,41.0,27.7,18,26,0.0,0.0,31.2,296,23.22,9.37,990.6,5.6,117.0,26.81898,80.93023
UP-LKO,2022-04-27,33.6,42.5,24.4,20,35,0.0,0.0,24.9,300,24.91,8.58,989.9,6.1,117.0,26.81898,80.93023
UP-LKO,2022-04-28,34.1,43.0,24.8,19,33,0.0,0.0,18.7,350,24.93,7.87,990.6,6.2,117.0,26.81898,80.93023
UP-LKO,2022-04-29,34.2,43.9,25.6,27,49,0.0,0.0,28.1,346,24.26,8.28,989.4,10.7,117.0,26.81898,80.93023
UP-LKO,2022-04-30,32.8,42.5,25.6,37,53,0.0,0.0,32.1,76,22.73,7.82,987.7,15.1,117.0,26.81898,80.93023
UP-LKO,2022-05-01,30.3,38.3,25.7,55,72,11.8,11.8,26.1,90,23.45,7.37,988.5,19.3,117.0,26.81898,80.93023
UP-LKO,2022-05-02,30.0,35.1,25.8,54,70,3.4,3.4,21.3,94,20.91,6.67,988.8,19.5,117.0,26.81898,80.93023
UP-LKO,2022-05-03,29.7,37.1,24.4,58,75,5.4,5.4,19.9,83,23.58,6.91,990.2,20.0,117.0,26.81898,80.93023
UP-LKO,2022-05-04,29.3,36.7,24.0,63,84,0.2,0.2,16.7,86,22.15,5.82,992.3,20.8,117.0,26.81898,80.93023
UP-LKO,2022-05-05,29.4,34.8,24.3,60,80,0.0,0.0,13.3,63,22.4,5.69,992.1,20.3,117.0,26.81898,80.93023
UP-LKO,2022-05-06,30.7,36.9,24.9,52,77,0.0,0.0,15.1,66,23.07,6.56,992.0,18.6,117.0,26.81898,80.93023
UP-LKO,2022-05-07,30.5,36.0,25.2,55,81,0.5,0.5,15.0,77,21.47,5.8,992.0,19.9,117.0,26.81898,80.93023
UP-LKO,2022-05-08,30.6,34.9,26.5,54,67,0.4,0.4,19.7,89,22.68,6.61,990.7,20.1,117.0,26.81898,80.93023
UP-LKO,2022-05-09,31.7,36.8,26.3,52,70,0.0,0.0,17.7,80,22.52,6.8,990.1,20.0,117.0,26.81898,80.93023
UP-LKO,2022-05-10,32.2,37.3,27.5,53,69,0.1,0.1,20.2,78,22.18,6.62,989.7,20.9,117.0,26.81898,80.93023
UP-LKO,2022-05-11,32.0,37.0,27.0,53,71,0.0,0.0,18.9,63,20.75,5.96,988.3,21.0,117.0,26.81898,80.93023
UP-LKO,2022-05-12,32.1,38.0,28.3,57,70,0.6,0.6,18.1,77,21.27,6.28,987.2,21.9,117.0,26.81898,80.93023
UP-LKO,2022-05-13,34.0,42.1,27.0,48,76,0.0,0.0,20.0,321,22.17,7.02,983.7,19.7,117.0,26.81898,80.93023
UP-LKO,2022-05-14,34.1,42.6,27.0,53,83,0.0,0.0,18.8,83,23.49,7.25,984.1,21.3,117.0,26.81898,80.93023
UP-LKO,2022-05-15,34.0,41.0,27.7,56,81,0.0,0.0,15.2,96,23.63,6.51,985.8,23.2,117.0,26.81898,80.93023
UP-LKO,2022-05-16,34.0,42.9,29.6,55,77,0.0,0.0,18.6,109,19.94,6.19,985.6,22.6,117.0,26.81898,80.93023
UP-LKO,2022-05-17,32.6,41.2,26.6,52,80,0.0,0.0,26.6,72,23.06,6.83,986.2,19.9,117.0,26.81898,80.93023
UP-LKO,2022-05-18,33.3,41.3,25.9,46,71,0.0,0.0,15.4,62,20.49,6.33,987.5,18.3,117.0,26.81898,80.93023
UP-LKO,2022-05-19,34.3,41.2,26.0,38,68,0.0,0.0,21.6,331,21.25,7.61,987.3,16.1,117.0,26.81898,80.93023
UP-LKO,2022-05-20,34.1,43.8,28.7,38,59,0.0,0.0,19.8,99,23.27,7.85,985.1,16.9,117.0,26.81898,80.93023
UP-LKO,2022-05-21,33.0,41.3,26.6,46,78,0.0,0.0,21.4,110,21.16,7.11,983.1,17.9,117.0,26.81898,80.93023
UP-LKO,2022-05-22,30.6,36.7,25.9,50,73,0.3,0.3,25.7,89,21.2,6.91,982.7,18.3,117.0,26.81898,80.93023
UP-LKO,2022-05-23,27.5,35.1,23.3,69,89,3.9,3.9,26.8,90,16.91,4.72,985.7,21.1,117.0,26.81898,80.93023
UP-LKO,2022-05-24,26.8,33.5,22.3,71,94,0.0,0.0,24.4,44,21.17,4.88,990.5,20.6,117.0,26.81898,80.93023
UP-LKO,2022-05-25,28.5,35.1,21.4,60,98,0.0,0.0,9.6,301,22.76,5.56,991.1,18.8,117.0,26.81898,80.93023
UP-LKO,2022-05-26,30.2,35.9,24.2,54,78,0.0,0.0,12.6,58,22.0,5.62,988.9,19.2,117.0,26.81898,80.93023
UP-LKO,2022-05-27,31.9,38.7,25.1,48,75,0.0,0.0,20.9,296,22.78,6.72,986.2,18.8,117.0,26.81898,80.93023
UP-LKO,2022-05-28,32.6,37.9,27.0,51,69,0.0,0.0,10.2,353,21.88,5.91,985.0,20.6,117.0,26.81898,80.93023
UP-LKO,2022-05-29,32.8,39.5,28.1,55,72,0.0,0.0,21.5,102,22.47,6.82,985.4,22.0,117.0,26.81898,80.93023
UP-LKO,2022-05-30,32.7,37.6,27.2,60,78,0.0,0.0,15.1,96,22.9,5.95,986.4,23.4,117.0,26.81898,80.93023
UP-LKO,2022-05-31,32.7,38.6,28.4,59,76,0.2,0.2,13.2,91,21.5,5.87,985.5,23.0,117.0,26.81898,80.93023
UP-LKO,2022-06-01,33.6,41.4,26.7,45,73,0.0,0.0,23.5,340,23.63,7.64,985.7,18.1,117.0,26.81898,80.93023
UP-LKO,2022-06-02,33.8,41.6,26.8,47,83,0.0,0.0,18.4,304,23.9,7.36,985.6,18.7,117.0,26.81898,80.93023
UP-LKO,2022-06-03,34.0,42.9,26.1,37,70,0.0,0.0,17.1,298,23.35,7.39,984.9,15.2,117.0,26.81898,80.93023
UP-LKO,2022-06-04,34.6,44.0,25.5,29,50,0.0,0.0,20.0,340,24.69,8.02,985.1,12.2,117.0,26.81898,80.93023
UP-LKO,2022-06-05,33.6,42.6,25.6,40,80,0.0,0.0,14.2,11,23.86,7.08,985.7,16.5,117.0,26.81898,80.93023
UP-LKO,2022-06-06,34.4,41.9,26.7,40,85,0.0,0.0,16.7,262,22.38,7.1,985.3,16.9,117.0,26.81898,80.93023
UP-LKO,2022-06-07,35.2,42.8,27.9,40,79,0.0,0.0,16.1,178,22.28,7.37,984.3,17.4,117.0,26.81898,80.93023
UP-LKO,2022-06-08,35.4,43.0,28.8,42,78,0.0,0.0,24.5,339,23.8,8.35,983.9,18.4,117.0,26.81898,80.93023
UP-LKO,2022-06-09,35.6,43.4,27.1,34,81,0.0,0.0,19.7,283,24.74,8.18,983.5,15.1,117.0,26.81898,80.93023
UP-LKO,2022-06-10,34.9,42.6,28.1,44,81,0.0,0.0,19.0,276,22.95,7.53,984.1,18.8,117.0,26.81898,80.93023
UP-LKO,2022-06-11,35.9,43.5,28.4,37,77,0.0,0.0,21.9,324,23.69,8.34,984.0,17.0,117.0,26.81898,80.93023
UP-LKO,2022-06-12,35.5,43.4,28.5,42,73,0.0,0.0,17.9,45,23.86,7.52,985.4,18.6,117.0,26.81898,80.93023
UP-LKO,2022-06-13,36.7,43.1,30.1,39,74,0.0,0.0,19.7,277,21.86,8.29,986.4,18.6,117.0,26.81898,80.93023
UP-LKO,2022-06-14,38.1,43.4,33.3,28,42,0.0,0.0,21.0,284,23.47,10.37,985.5,16.1,117.0,26.81898,80.93023
UP-LKO,2022-06-15,37.3,42.5,31.7,34,47,0.0,0.0,20.3,277,22.31,9.39,985.0,18.2,117.0,26.81898,80.93023
UP-LKO,2022-06-16,34.7,40.1,30.8,45,59,0.0,0.0,22.7,241,17.53,7.51,986.3,20.5,117.0,26.81898,80.93023
UP-LKO,2022-06-17,34.0,39.4,29.1,51,74,0.1,0.1,17.6,264,22.84,7.12,986.6,21.7,117.0,26.81898,80.93023
UP-LKO,2022-06-18,32.1,35.8,29.7,56,73,11.2,11.2,24.5,278,17.37,5.67,987.4,22.2,117.0,26.81898,80.93023
UP-LKO,2022-06-19,32.5,37.8,28.6,54,68,3.1,3.1,30.6,282,22.89,6.94,987.0,21.6,117.0,26.81898,80.93023
UP-LKO,2022-06-20,31.1,35.3,27.5,59,72,0.8,0.8,15.5,271,21.66,5.95,985.5,21.8,117.0,26.81898,80.93023
UP-LKO,2022-06-21,30.7,36.5,26.7,61,78,0.1,0.1,14.0,333,21.5,5.41,985.2,21.9,117.0,26.81898,80.93023
UP-LKO,2022-06-22,32.5,37.1,27.4,57,78,0.0,0.0,12.1,69,22.0,5.88,988.5,22.4,117.0,26.81898,80.93023
UP-LKO,2022-06-23,32.7,38.6,28.3,58,74,0.4,0.4,20.7,81,21.9,6.37,989.1,22.8,117.0,26.81898,80.93023
UP-LKO,2022-06-24,33.6,38.5,28.6,55,76,0.7,0.7,14.6,110,21.55,5.76,986.9,22.7,117.0,26.81898,80.93023
UP-LKO,2022-06-25,32.4,36.8,26.9,64,90,0.3,0.3,18.6,88,21.48,6.17,985.8,24.3,117.0,26.81898,80.93023
UP-LKO,2022-06-26,33.3,37.7,28.7,59,79,0.0,0.0,20.9,95,22.63,7.38,987.0,23.9,117.0,26.81898,80.93023
UP-LKO,2022-06-27,32.1,36.7,27.5,65,88,2.7,2.7,17.0,99,16.42,5.2,988.0,24.5,117.0,26.81898,80.93023
UP-LKO,2022-06-28,31.9,37.7,27.0,72,92,9.1,9.1,16.2,101,19.51,5.06,985.4,25.8,117.0,26.81898,80.93023
UP-LKO,2022-06-29,28.8,31.2,26.5,82,95,18.9,18.9,14.5,146,8.74,2.39,984.6,25.4,117.0,26.81898,80.93023
UP-LKO,2022-06-30,26.8,29.9,25.1,89,96,47.7,47.7,19.0,124,7.31,1.87,986.0,24.8,117.0,26.81898,80.93023
UP-LKO,2022-07-01,28.6,33.0,24.9,83,97,8.1,8.1,10.5,133,18.96,4.16,985.9,25.3,117.0,26.81898,80.93023
UP-LKO,2022-07-02,29.2,33.0,25.8,82,96,6.9,6.9,9.9,122,17.08,3.9,984.9,25.7,117.0,26.81898,80.93023
UP-LKO,2022-07-03,29.6,33.9,24.8,81,99,14.1,14.1,12.2,102,19.98,4.63,985.5,25.7,117.0,26.81898,80.93023
UP-LKO,2022-07-04,31.0,34.7,26.4,75,95,4.9,4.9,11.2,100,22.78,5.45,984.7,25.8,117.0,26.81898,80.93023
UP-LKO,2022-07-05,32.1,35.7,28.7,68,81,0.2,0.2,15.8,99,23.11,6.15,984.6,25.3,117.0,26.81898,80.93023
UP-LKO,2022-07-06,32.2,35.4,29.3,69,80,4.7,4.7,19.1,94,22.14,6.22,987.4,25.6,117.0,26.81898,80.93023
UP-LKO,2022-07-07,31.9,35.3,28.9,65,76,0.8,0.8,23.8,98,22.63,6.42,989.0,24.4,117.0,26.81898,80.93023
UP-LKO,2022-07-08,32.5,36.1,28.7,64,78,0.0,0.0,15.6,100,22.88,6.28,986.6,24.7,117.0,26.81898,80.93023
UP-LKO,2022-07-09,30.9,33.7,29.3,72,79,1.0,1.0,21.7,89,15.07,4.55,985.3,25.1,117.0,26.81898,80.93023
UP-LKO,2022-07-10,32.2,36.3,28.1,64,83,0.0,0.0,15.6,91,23.57,6.4,985.6,24.3,117.0,26.81898,80.93023
UP-LKO,2022-07-11,32.7,36.3,28.5,62,81,0.1,0.1,16.3,88,23.12,6.58,986.1,24.1,117.0,26.81898,80.93023
UP-LKO,2022-07-12,32.9,37.0,29.5,63,79,0.8,0.8,17.5,85,23.28,6.76,985.5,24.6,117.0,26.81898,80.93023
UP-LKO,2022-07-13,33.4,37.8,29.4,58,75,0.0,0.0,20.9,86,23.89,7.51,983.6,23.5,117.0,26.81898,80.93023
UP-LKO,2022-07-14,33.9,38.7,30.1,56,76,0.1,0.1,29.1,92,24.13,8.55,983.3,23.5,117.0,26.81898,80.93023
UP-LKO,2022-07-15,33.2,38.5,27.3,59,87,7.7,7.7,28.3,101,23.17,7.86,985.3,23.5,117.0,26.81898,80.93023
UP-LKO,2022-07-16,31.6,37.4,28.3,69,85,11.4,11.4,21.8,100,18.16,5.36,986.4,25.0,117.0,26.81898,80.93023
UP-LKO,2022-07-17,32.5,36.7,27.0,64,93,16.9,16.9,18.0,92,23.48,6.82,987.8,24.5,117.0,26.81898,80.93023
UP-LKO,2022-07-18,33.3,37.2,30.0,60,73,0.1,0.1,20.1,93,23.88,7.2,986.6,24.3,117.0,26.81898,80.93023
UP-LKO,2022-07-19,33.1,37.3,29.6,61,77,0.7,0.7,15.2,95,22.41,6.18,985.6,24.4,117.0,26.81898,80.93023
UP-LKO,2022-07-20,29.7,34.3,27.6,81,93,22.3,22.3,14.8,110,14.5,3.56,986.3,25.9,117.0,26.81898,80.93023
UP-LKO,2022-07-21,28.2,33.1,25.9,84,96,16.5,16.5,10.7,57,13.04,2.98,988.3,25.2,117.0,26.81898,80.93023
UP-LKO,2022-07-22,28.0,31.2,25.7,85,95,19.4,19.4,16.3,92,12.83,3.05,989.4,25.1,117.0,26.81898,80.93023
UP-LKO,2022-07-23,29.4,34.1,25.1,78,97,24.4,24.4,23.9,102,20.64,5.23,988.1,24.9,117.0,26.81898,80.93023
UP-LKO,2022-07-24,29.3,33.4,25.9,78,94,8.6,8.6,25.3,100,19.47,4.92,988.2,25.0,117.0,26.81898,80.93023
UP-LKO,2022-07-25,28.2,32.6,25.5,81,93,17.7,17.7,27.7,107,19.08,4.46,990.6,24.6,117.0,26.81898,80.93023
UP-LKO,2022-07-26,27.8,32.4,24.9,85,96,13.3,13.3,17.7,117,18.66,4.09,992.1,24.9,117.0,26.81898,80.93023
UP-LKO,2022-07-27,27.5,31.9,25.0,88,97,2.1,2.1,13.1,115,15.42,3.33,991.9,25.1,117.0,26.81898,80.93023
UP-LKO,2022-07-28,27.6,31.1,25.3,86,98,6.1,6.1,10.1,192,15.03,3.22,992.4,25.0,117.0,26.81898,80.93023
UP-LKO,2022-07-29,27.8,31.7,25.5,85,97,5.0,5.0,10.7,250,15.53,3.41,991.4,24.9,117.0,26.81898,80.93023
UP-LKO,2022-07-30,27.5,31.4,25.1,87,98,22.7,22.7,15.5,269,13.68,3.05,989.6,25.0,117.0,26.81898,80.93023
UP-LKO,2022-07-31,29.0,32.7,25.9,82,97,1.8,1.8,16.0,266,17.06,3.95,987.5,25.4,117.0,26.81898,80.93023
UP-LKO,2022-08-01,29.3,33.3,27.0,79,93,2.4,2.4,18.7,264,18.28,4.25,987.3,25.2,117.0,26.81898,80.93023
UP-LKO,2022-08-02,28.9,32.3,26.3,82,93,6.7,6.7,11.8,222,14.94,3.48,987.2,25.4,117.0,26.81898,80.93023
UP-LKO,2022-08-03,27.7,32.3,25.0,87,96,15.8,15.8,13.4,119,13.44,3.02,988.8,25.2,117.0,26.81898,80.93023
UP-LKO,2022-08-04,28.3,31.4,25.3,85,96,13.6,13.6,17.7,105,14.06,3.24,989.1,25.5,117.0,26.81898,80.93023
UP-LKO,2022-08-05,28.8,32.2,25.7,85,95,6.2,6.2,15.8,93,18.32,3.99,987.5,25.8,117.0,26.81898,80.93023
UP-LKO,2022-08-06,29.2,33.1,26.5,86,96,5.8,5.8,8.5,105,18.62,4.04,985.5,26.4,117.0,26.81898,80.93023
UP-LKO,2022-08-07,28.5,32.6,26.0,86,95,1.2,1.2,18.2,93,13.78,3.16,985.6,25.8,117.0,26.81898,80.93023
UP-LKO,2022-08-08,29.6,33.9,26.4,83,97,1.9,1.9,16.1,70,22.01,4.95,984.5,26.3,117.0,26.81898,80.93023
UP-LKO,2022-08-09,30.6,34.5,27.4,74,89,0.2,0.2,24.7,83,22.88,5.81,984.1,25.3,117.0,26.81898,80.93023
UP-LKO,2022-08-10,30.2,33.7,27.8,70,79,0.2,0.2,32.7,89,20.88,6.09,982.9,23.9,117.0,26.81898,80.93023
UP-LKO,2022-08-11,30.0,33.0,27.9,68,76,0.5,0.5,33.9,91,20.42,6.24,984.7,23.3,117.0,26.81898,80.93023
UP-LKO,2022-08-12,29.4,32.7,27.1,73,85,1.7,1.7,30.6,109,19.95,5.39,985.2,23.9,117.0,26.81898,80.93023
UP-LKO,2022-08-13,29.5,33.6,25.7,79,96,1.1,1.1,10.4,118,20.73,4.61,985.5,25.3,117.0,26.81898,80.93023
UP-LKO,2022-08-14,28.7,32.3,26.1,83,97,16.5,16.5,19.1,77,14.28,3.41,987.3,25.5,117.0,26.81898,80.93023
UP-LKO,2022-08-15,28.1,29.9,26.8,77,85,4.6,4.6,36.7,83,16.11,4.48,987.4,23.8,117.0,26.81898,80.93023
UP-LKO,2022-08-16,28.6,32.0,26.8,76,84,0.5,0.5,28.8,122,19.39,4.92,989.1,23.8,117.0,26.81898,80.93023
UP-LKO,2022-08-17,29.3,33.0,25.5,74,94,0.4,0.4,10.3,219,22.41,5.09,990.1,24.0,117.0,26.81898,80.93023
UP-LKO,2022-08-18,29.8,33.3,26.4,74,86,0.7,0.7,18.8,270,21.69,5.35,988.2,24.4,117.0,26.81898,80.93023
UP-LKO,2022-08-19,28.8,33.7,26.8,80,96,14.2,14.2,13.0,292,16.53,3.99,988.0,24.9,117.0,26.81898,80.93023
UP-LKO,2022-08-20,28.2,32.7,25.4,87,97,11.5,11.5,13.7,359,16.88,3.7,988.0,25.7,117.0,26.81898,80.93023
UP-LKO,2022-08-21,28.8,31.7,25.9,78,95,3.6,3.6,34.0,68,17.69,4.69,985.6,24.4,117.0,26.81898,80.93023
UP-LKO,2022-08-22,29.0,32.6,25.6,77,92,20.1,20.1,29.3,103,21.3,5.29,984.8,24.5,117.0,26.81898,80.93023
UP-LKO,2022-08-23,29.3,32.8,26.2,72,89,0.0,0.0,15.8,136,23.67,5.55,988.6,23.5,117.0,26.81898,80.93023
UP-LKO,2022-08-24,27.8,31.2,25.4,84,97,4.8,4.8,11.8,102,17.25,3.74,991.8,24.8,117.0,26.81898,80.93023
UP-LKO,2022-08-25,27.9,31.5,25.2,86,100,7.3,7.3,10.1,59,16.35,3.55,990.6,25.2,117.0,26.81898,80.93023
UP-LKO,2022-08-26,28.1,31.8,25.3,86,99,1.3,1.3,8.0,2,16.04,3.45,989.6,25.3,117.0,26.81898,80.93023
UP-LKO,2022-08-27,28.9,32.7,25.5,84,96,14.6,14.6,17.0,256,17.89,3.99,988.5,25.9,117.0,26.81898,80.93023
UP-LKO,2022-08-28,28.3,32.1,26.1,84,98,10.9,10.9,12.3,294,12.52,2.98,989.9,25.2,117.0,26.81898,80.93023
UP-LKO,2022-08-29,27.8,31.2,25.6,87,99,1.3,1.3,12.1,58,16.25,3.47,993.6,25.3,117.0,26.81898,80.93023
UP-LKO,2022-08-30,28.7,33.0,25.3,86,99,0.3,0.3,11.4,268,16.64,3.66,993.8,25.8,117.0,26.81898,80.93023
UP-LKO,2022-08-31,29.2,32.6,26.6,86,97,3.6,3.6,10.1,240,16.24,3.54,991.5,26.5,117.0,26.81898,80.93023
UP-LKO,2022-09-01,27.8,32.1,25.3,89,96,33.0,33.0,10.4,207,14.71,3.16,992.1,25.7,117.0,26.81898,80.93023
UP-LKO,2022-09-02,28.1,31.5,25.2,87,98,5.6,5.6,9.9,265,15.11,3.27,993.0,25.8,117.0,26.81898,80.93023
UP-LKO,2022-09-03,29.6,33.5,26.0,79,95,0.2,0.2,20.4,259,21.01,4.93,990.0,25.5,117.0,26.81898,80.93023
UP-LKO,2022-09-04,29.9,33.9,26.6,75,92,0.0,0.0,14.7,268,22.0,5.23,989.1,24.9,117.0,26.81898,80.93023
UP-LKO,2022-09-05,29.5,33.5,26.1,78,93,0.3,0.3,10.1,269,21.21,4.73,990.4,25.1,117.0,26.81898,80.93023
UP-LKO,2022-09-06,29.9,33.9,25.7,76,95,0.0,0.0,9.5,291,21.34,4.86,991.4,24.8,117.0,26.81898,80.93023
UP-LKO,2022-09-07,29.4,33.0,25.9,82,96,0.5,0.5,11.2,86,20.52,4.52,993.2,25.7,117.0,26.81898,80.93023
UP-LKO,2022-09-08,28.8,32.7,26.0,83,96,1.1,1.1,13.1,90,19.07,4.21,994.3,25.6,117.0,26.81898,80.93023
UP-LKO,2022-09-09,28.6,32.9,26.1,84,96,1.7,1.7,13.6,94,18.84,4.18,994.0,25.5,117.0,26.81898,80.93023
UP-LKO,2022-09-10,29.0,32.8,25.5,79,94,0.4,0.4,15.4,81,20.94,4.68,992.6,24.9,117.0,26.81898,80.93023
UP-LKO,2022-09-11,29.4,32.7,26.5,75,87,0.3,0.3,19.1,79,20.97,5.2,990.0,24.3,117.0,26.81898,80.93023
UP-LKO,2022-09-12,28.1,31.3,26.3,79,86,4.8,4.8,25.6,83,16.92,4.3,988.2,24.0,117.0,26.81898,80.93023
UP-LKO,2022-09-13,26.6,29.9,24.5,85,95,24.7,24.7,30.5,90,13.17,3.27,988.6,23.8,117.0,26.81898,80.93023
UP-LKO,2022-09-14,25.9,28.8,24.1,91,98,40.2,40.2,25.6,101,10.66,2.35,989.6,24.2,117.0,26.81898,80.93023
UP-LKO,2022-09-15,25.6,29.3,24.4,91,97,82.5,82.5,26.4,122,8.58,1.97,987.4,24.1,117.0,26.81898,80.93023
UP-LKO,2022-09-16,25.8,28.8,24.4,91,98,25.1,25.1,26.1,186,8.82,2.01,984.3,24.2,117.0,26.81898,80.93023
UP-LKO,2022-09-17,26.2,29.2,23.8,87,98,6.1,6.1,13.8,245,12.31,2.63,988.6,23.9,117.0,26.81898,80.93023
UP-LKO,2022-09-18,27.0,31.1,24.1,86,97,1.9,1.9,12.8,126,17.43,3.67,990.7,24.3,117.0,26.81898,80.93023
UP-LKO,2022-09-19,27.9,32.3,24.4,87,99,9.3,9.3,8.6,80,20.26,4.23,991.0,25.3,117.0,26.81898,80.93023
UP-LKO,2022-09-20,27.3,30.9,24.7,89,99,5.9,5.9,17.9,42,13.52,2.87,990.8,25.2,117.0,26.81898,80.93023
UP-LKO,2022-09-21,26.7,29.8,24.9,89,95,25.8,25.8,22.2,86,10.03,2.28,990.2,24.7,117.0,26.81898,80.93023
UP-LKO,2022-09-22,26.9,30.0,24.0,87,97,27.8,27.8,23.7,105,14.25,3.1,989.9,24.5,117.0,26.81898,80.93023
UP-LKO,2022-09-23,26.4,30.6,23.6,88,97,36.2,36.2,18.2,118,14.19,3.11,990.2,24.1,117.0,26.81898,80.93023
UP-LKO,2022-09-24,26.8,30.3,24.2,87,98,13.2,13.2,15.6,134,15.48,3.27,990.4,24.2,117.0,26.81898,80.93023
UP-LKO,2022-09-25,26.1,29.3,24.0,89,98,13.9,13.9,15.3,182,11.23,2.4,992.5,24.0,117.0,26.81898,80.93023
UP-LKO,2022-09-26,26.6,30.9,23.5,88,100,0.7,0.7,12.2,297,17.25,3.6,993.9,24.3,117.0,26.81898,80.93023
UP-LKO,2022-09-27,27.4,31.6,23.7,83,99,0.9,0.9,12.2,306,18.84,4.05,992.6,24.0,117.0,26.81898,80.93023
UP-LKO,2022-09-28,27.4,32.0,23.4,78,94,0.0,0.0,13.5,301,19.69,4.35,991.9,23.0,117.0,26.81898,80.93023
UP-LKO,2022-09-29,27.7,32.3,23.2,79,97,0.0,0.0,10.5,293,19.45,4.27,991.9,23.5,117.0,26.81898,80.93023
UP-LKO,2022-09-30,27.8,32.1,23.7,77,97,0.0,0.0,6.5,311,19.45,4.14,992.1,23.0,117.0,26.81898,80.93023
UP-LKO,2022-10-01,27.8,32.3,23.0,76,94,0.0,0.0,7.6,290,19.44,4.21,991.3,22.8,117.0,26.81898,80.93023
UP-LKO,2022-10-02,28.0,32.8,23.8,79,96,0.0,0.0,11.2,307,19.0,4.27,991.1,23.6,117.0,26.81898,80.93023
UP-LKO,2022-10-03,28.5,32.8,24.5,79,92,0.0,0.0,8.1,294,18.51,4.07,991.9,24.3,117.0,26.81898,80.93023
UP-LKO,2022-10-04,27.2,31.3,24.7,83,92,8.8,8.8,19.4,87,13.94,3.29,993.9,24.0,117.0,26.81898,80.93023
UP-LKO,2022-10-05,25.1,27.6,23.9,93,97,33.7,33.7,16.9,88,6.85,1.55,993.8,23.9,117.0,26.81898,80.93023
UP-LKO,2022-10-06,24.7,27.6,23.5,94,98,26.0,26.0,14.8,107,6.08,1.33,994.3,23.6,117.0,26.81898,80.93023
UP-LKO,2022-10-07,24.8,27.9,23.0,92,99,23.6,23.6,16.3,90,6.63,1.52,995.7,23.3,117.0,26.81898,80.93023
UP-LKO,2022-10-08,25.1,28.7,23.7,92,99,20.0,20.0,12.9,96,8.49,1.84,996.2,23.6,117.0,26.81898,80.93023
UP-LKO,2022-10-09,26.0,31.1,24.1,89,97,13.6,13.6,16.7,111,11.53,2.5,996.3,24.1,117.0,26.81898,80.93023
UP-LKO,2022-10-10,25.5,29.4,23.6,90,99,27.1,27.1,10.9,122,11.49,2.39,997.3,23.7,117.0,26.81898,80.93023
UP-LKO,2022-10-11,24.0,28.6,21.7,90,100,25.0,25.0,13.3,0,12.19,2.49,996.0,22.2,117.0,26.81898,80.93023
UP-LKO,2022-10-12,24.7,30.0,21.1,84,99,0.1,0.1,10.0,316,15.46,3.23,996.4,21.5,117.0,26.81898,80.93023
UP-LKO,2022-10-13,24.8,29.5,21.4,81,97,0.2,0.2,10.4,303,17.57,3.7,997.5,21.1,117.0,26.81898,80.93023
UP-LKO,2022-10-14,24.4,29.3,20.0,78,95,0.0,0.0,7.9,281,17.4,3.65,997.5,19.9,117.0,26.81898,80.93023
UP-LKO,2022-10-15,24.4,30.0,19.2,72,95,0.0,0.0,8.5,218,17.94,3.75,997.0,18.4,117.0,26.81898,80.93023
UP-LKO,2022-10-16,24.7,30.1,20.3,67,82,0.0,0.0,10.1,246,17.55,3.76,999.3,17.8,117.0,26.81898,80.93023
UP-LKO,2022-10-17,24.7,29.9,20.2,71,86,0.1,0.1,10.7,271,16.61,3.81,999.4,18.8,117.0,26.81898,80.93023
UP-LKO,2022-10-18,24.6,30.3,19.9,74,94,0.0,0.0,10.6,278,17.37,3.86,998.2,19.0,117.0,26.81898,80.93023
UP-LKO,2022-10-19,24.2,30.5,19.4,75,91,0.0,0.0,9.7,280,17.64,3.88,998.2,18.9,117.0,26.81898,80.93023
UP-LKO,2022-10-20,24.5,30.5,19.3,71,94,0.0,0.0,8.7,274,17.05,3.65,999.9,18.3,117.0,26.81898,80.93023
UP-LKO,2022-10-21,24.0,30.2,18.9,74,90,0.0,0.0,12.0,289,17.55,3.86,1001.5,18.6,117.0,26.81898,80.93023
UP-LKO,2022-10-22,24.4,30.6,18.6,75,96,0.0,0.0,10.1,326,17.44,3.76,1001.9,19.3,117.0,26.81898,80.93023
UP-LKO,2022-10-23,23.6,30.0,18.3,75,97,0.0,0.0,9.7,7,17.07,3.61,1000.3,18.3,117.0,26.81898,80.93023
UP-LKO,2022-10-24,23.9,30.6,18.8,73,93,0.0,0.0,12.1,289,17.43,3.94,995.6,18.3,117.0,26.81898,80.93023
UP-LKO,2022-10-25,23.0,29.4,18.2,68,87,0.0,0.0,15.3,271,17.56,4.11,994.9,16.2,117.0,26.81898,80.93023
UP-LKO,2022-10-26,22.7,29.4,15.9,69,93,0.0,0.0,9.0,278,17.27,3.7,998.9,16.1,117.0,26.81898,80.93023
UP-LKO,2022-10-27,22.6,29.6,16.7,72,93,0.0,0.0,9.7,294,17.0,3.66,999.2,16.7,117.0,26.81898,80.93023
UP-LKO,2022-10-28,23.0,29.4,17.1,72,91,0.0,0.0,8.6,67,16.25,3.4,999.1,17.1,117.0,26.81898,80.93023
UP-LKO,2022-10-29,23.2,29.0,17.7,71,94,0.0,0.0,7.9,152,15.74,3.23,999.8,17.2,117.0,26.81898,80.93023
UP-LKO,2022-10-30,23.7,29.0,18.2,70,92,0.0,0.0,6.2,308,16.44,3.3,1000.1,17.3,117.0,26.81898,80.93023
UP-LKO,2022-10-31,22.6,29.0,17.3,75,94,0.0,0.0,8.8,286,16.44,3.38,1000.1,17.6,117.0,26.81898,80.93023
UP-LKO,2022-11-01,22.6,28.9,16.6,76,96,0.0,0.0,9.0,252,16.19,3.32,1000.7,17.6,117.0,26.81898,80.93023
UP-LKO,2022-11-02,23.3,30.2,18.5,76,93,0.0,0.0,13.1,254,15.84,3.58,998.5,18.4,117.0,26.81898,80.93023
UP-LKO,2022-11-03,23.5,30.1,18.2,76,93,0.0,0.0,8.8,279,15.75,3.41,997.7,18.4,117.0,26.81898,80.93023
UP-LKO,2022-11-04,23.3,29.3,17.8,79,97,0.0,0.0,7.2,316,15.54,3.13,999.4,18.9,117.0,26.81898,80.93023
UP-LKO,2022-11-05,24.0,29.8,18.7,74,96,0.0,0.0,7.9,83,15.3,3.18,1001.5,18.4,117.0,26.81898,80.93023
UP-LKO,2022-11-06,23.9,29.1,18.3,70,93,0.0,0.0,7.7,83,14.92,3.05,1001.9,17.7,117.0,26.81898,80.93023
UP-LKO,2022-11-07,23.6,29.0,18.3,74,94,0.1,0.1,9.5,214,14.08,3.04,1001.1,18.3,117.0,26.81898,80.93023
UP-LKO,2022-11-08,23.9,29.4,18.9,70,91,0.0,0.0,9.4,201,14.45,3.23,1001.1,17.5,117.0,26.81898,80.93023
UP-LKO,2022-11-09,23.0,28.9,18.5,76,95,0.3,0.3,14.7,278,13.44,2.98,1001.4,18.1,117.0,26.81898,80.93023
UP-LKO,2022-11-10,22.4,28.0,18.1,80,100,0.0,0.0,20.2,294,13.25,2.87,1002.0,18.4,117.0,26.81898,80.93023
UP-LKO,2022-11-11,21.9,28.0,17.9,69,94,0.0,0.0,16.9,295,15.07,3.64,1001.9,15.2,117.0,26.81898,80.93023
UP-LKO,2022-11-12,20.6,26.8,16.0,60,79,0.0,0.0,17.3,280,15.31,3.88,1001.5,12.0,117.0,26.81898,80.93023
UP-LKO,2022-11-13,19.9,26.6,15.6,62,85,0.0,0.0,15.0,283,15.16,3.73,1000.7,11.8,117.0,26.81898,80.93023
UP-LKO,2022-11-14,19.6,27.1,13.3,69,93,0.0,0.0,11.0,302,14.76,3.25,1001.4,12.9,117.0,26.81898,80.93023
UP-LKO,2022-11-15,20.7,27.7,14.4,68,92,0.0,0.0,12.7,281,14.49,3.38,1000.6,13.8,117.0,26.81898,80.93023
UP-LKO,2022-11-16,21.6,28.0,16.2,62,82,0.0,0.0,14.7,285,13.99,3.59,999.4,13.5,117.0,26.81898,80.93023
UP-LKO,2022-11-17,19.8,25.3,15.4,56,69,0.0,0.0,17.4,286,14.7,3.7,999.8,10.5,117.0,26.81898,80.93023
UP-LKO,2022-11-18,18.1,24.7,12.5,65,85,0.0,0.0,9.2,289,14.52,3.0,1001.5,10.9,117.0,26.81898,80.93023
UP-LKO,2022-11-19,18.3,24.6,13.4,64,86,0.0,0.0,8.4,282,14.36,2.89,1001.6,10.8,117.0,26.81898,80.93023
UP-LKO,2022-11-20,18.8,26.4,12.8,69,87,0.0,0.0,9.4,285,14.07,2.91,999.8,12.6,117.0,26.81898,80.93023
UP-LKO,2022-11-21,18.9,26.3,13.9,66,86,0.0,0.0,12.4,276,14.27,3.21,998.8,11.9,117.0,26.81898,80.93023
UP-LKO,2022-11-22,18.6,26.3,13.4,64,84,0.0,0.0,14.2,284,14.34,3.3,999.1,10.9,117.0,26.81898,80.93023
UP-LKO,2022-11-23,18.3,25.9,13.1,58,79,0.0,0.0,14.5,283,14.19,3.44,999.6,9.2,117.0,26.81898,80.93023
UP-LKO,2022-11-24,17.4,25.4,11.9,61,82,0.0,0.0,10.5,284,14.2,3.18,1000.0,9.3,117.0,26.81898,80.93023
UP-LKO,2022-11-25,18.2,25.7,11.3,67,92,0.0,0.0,10.1,298,14.03,2.97,1001.4,11.2,117.0,26.81898,80.93023
UP-LKO,2022-11-26,18.0,25.7,12.2,72,94,0.0,0.0,10.1,275,13.86,2.85,998.6,12.2,117.0,26.81898,80.93023
UP-LKO,2022-11-27,18.4,26.2,12.1,73,93,0.0,0.0,9.0,288,13.69,2.73,996.8,12.9,117.0,26.81898,80.93023
UP-LKO,2022-11-28,18.9,26.0,12.8,73,96,0.0,0.0,9.4,312,13.47,2.54,998.4,13.4,117.0,26.81898,80.93023
UP-LKO,2022-11-29,19.1,26.1,13.0,71,95,0.0,0.0,9.4,311,13.45,2.61,1000.4,13.1,117.0,26.81898,80.93023
UP-LKO,2022-11-30,18.5,25.1,13.2,72,95,0.0,0.0,8.8,319,12.82,2.6,1001.6,12.9,117.0,26.81898,80.93023
UP-LKO,2022-12-01,17.6,24.3,12.1,70,89,0.0,0.0,9.8,280,13.45,2.73,1000.8,11.6,117.0,26.81898,80.93023
UP-LKO,2022-12-02,17.4,24.3,11.4,71,95,0.0,0.0,9.4,263,13.3,2.53,1000.1,11.5,117.0,26.81898,80.93023
UP-LKO,2022-12-03,17.4,24.5,11.7,75,95,0.0,0.0,8.9,304,13.23,2.55,1000.5,12.5,117.0,26.81898,80.93023
UP-LKO,2022-12-04,17.4,24.3,12.6,75,93,0.0,0.0,9.4,291,13.18,2.58,1001.1,12.5,117.0,26.81898,80.93023
UP-LKO,2022-12-05,16.9,23.6,11.4,75,95,0.0,0.0,9.1,291,13.14,2.52,1002.5,12.0,117.0,26.81898,80.93023
UP-LKO,2022-12-06,16.8,23.4,12.0,68,92,0.0,0.0,15.6,280,13.31,2.88,1001.3,10.3,117.0,26.81898,80.93023
UP-LKO,2022-12-07,16.5,23.2,11.9,69,88,0.0,0.0,14.9,287,13.36,2.8,1000.3,10.3,117.0,26.81898,80.93023
UP-LKO,2022-12-08,16.0,23.0,10.8,71,91,0.0,0.0,10.7,298,13.1,2.55,1001.0,10.4,117.0,26.81898,80.93023
UP-LKO,2022-12-09,16.2,23.5,10.4,75,95,0.0,0.0,9.8,324,13.0,2.37,1000.0,11.2,117.0,26.81898,80.93023
UP-LKO,2022-12-10,17.4,25.3,11.4,76,96,0.0,0.0,10.2,310,12.98,2.51,1000.2,12.6,117.0,26.81898,80.93023
UP-LKO,2022-12-11,18.2,26.7,11.6,73,96,0.0,0.0,12.4,274,13.14,2.85,1000.0,12.7,117.0,26.81898,80.93023
UP-LKO,2022-12-12,18.7,26.9,12.3,64,92,0.0,0.0,12.9,284,13.1,3.11,999.2,11.0,117.0,26.81898,80.93023
UP-LKO,2022-12-13,18.2,25.9,12.4,54,83,0.0,0.0,15.9,286,13.27,3.56,1000.3,8.3,117.0,26.81898,80.93023
UP-LKO,2022-12-14,17.2,24.0,12.8,55,79,0.0,0.0,13.5,287,13.38,3.35,1000.8,7.5,117.0,26.81898,80.93023
UP-LKO,2022-12-15,15.1,22.0,9.5,58,81,0.0,0.0,14.5,284,13.4,2.99,1000.4,6.3,117.0,26.81898,80.93023
UP-LKO,2022-12-16,14.9,22.7,9.7,66,85,0.0,0.0,10.5,290,13.16,2.67,999.7,8.0,117.0,26.81898,80.93023
UP-LKO,2022-12-17,14.6,22.6,8.6,76,95,0.0,0.0,11.5,299,12.97,2.46,1001.1,9.8,117.0,26.81898,80.93023
UP-LKO,2022-12-18,14.9,22.8,8.7,77,96,0.0,0.0,10.7,297,12.95,2.38,1001.2,10.4,117.0,26.81898,80.93023
UP-LKO,2022-12-19,15.4,23.3,9.1,78,98,0.0,0.0,9.4,286,12.96,2.34,999.8,11.0,117.0,26.81898,80.93023
UP-LKO,2022-12-20,15.2,23.2,10.0,78,98,0.0,0.0,10.4,284,12.87,2.39,999.1,10.9,117.0,26.81898,80.93023
UP-LKO,2022-12-21,14.6,22.8,8.3,74,93,0.0,0.0,10.2,305,12.98,2.4,1000.3,9.6,117.0,26.81898,80.93023
UP-LKO,2022-12-22,15.2,23.5,9.6,71,93,0.0,0.0,9.7,302,12.84,2.48,999.7,9.5,117.0,26.81898,80.93023
UP-LKO,2022-12-23,16.4,24.3,10.3,63,86,0.0,0.0,9.0,23,12.78,2.62,999.3,8.7,117.0,26.81898,80.93023
UP-LKO,2022-12-24,17.4,23.5,12.9,68,88,1.4,1.4,9.2,3,12.48,2.48,999.8,11.2,117.0,26.81898,80.93023
UP-LKO,2022-12-25,15.5,22.3,11.1,64,80,0.0,0.0,10.0,307,13.0,2.66,1001.4,8.3,117.0,26.81898,80.93023
UP-LKO,2022-12-26,13.6,21.0,8.1,68,86,0.0,0.0,8.6,301,13.08,2.44,1003.3,7.2,117.0,26.81898,80.93023
UP-LKO,2022-12-27,13.6,21.1,8.3,74,94,0.0,0.0,16.9,273,13.23,2.54,1002.5,8.6,117.0,26.81898,80.93023
UP-LKO,2022-12-28,13.6,20.3,8.8,68,92,0.0,0.0,17.4,274,13.32,2.63,1002.8,7.4,117.0,26.81898,80.93023
UP-LKO,2022-12-29,12.9,19.9,7.1,78,97,0.0,0.0,8.4,335,12.66,2.08,1004.7,8.9,117.0,26.81898,80.93023
UP-LKO,2022-12-30,14.7,21.3,9.0,78,97,0.0,0.0,8.4,76,12.15,2.05,1005.2,10.5,117.0,26.81898,80.93023
UP-LKO,2022-12-31,14.5,21.4,9.6,83,98,0.0,0.0,9.8,292,12.99,2.21,1004.2,11.4,117.0,26.81898,80.93023
UP-LKO,2023-01-01,13.6,20.6,8.7,84,98,0.0,0.0,9.3,321,12.98,2.1,1006.0,10.7,117.0,26.81898,80.93023
UP-LKO,2023-01-02,12.7,19.4,7.7,81,97,0.0,0.0,9.4,341,13.24,2.11,1006.9,9.1,117.0,26.81898,80.93023
UP-LKO,2023-01-03,11.8,19.1,7.0,84,99,0.0,0.0,10.5,331,13.23,2.08,1007.3,8.8,117.0,26.81898,80.93023
UP-LKO,2023-01-04,10.7,17.7,5.9,85,98,0.0,0.0,9.2,299,13.45,1.99,1007.6,8.0,117.0,26.81898,80.93023
UP-LKO,2023-01-05,9.5,17.0,4.4,86,100,0.0,0.0,10.0,298,13.27,1.88,1008.9,6.9,117.0,26.81898,80.93023
UP-LKO,2023-01-06,8.7,16.0,4.5,90,100,0.0,0.0,12.1,297,11.18,1.55,1009.4,7.0,117.0,26.81898,80.93023
UP-LKO,2023-01-07,9.0,17.3,4.8,86,99,0.0,0.0,11.9,278,12.5,1.79,1007.2,6.5,117.0,26.81898,80.93023
UP-LKO,2023-01-08,10.3,18.0,4.4,83,97,0.0,0.0,9.4,281,13.72,2.04,1005.2,7.2,117.0,26.81898,80.93023
UP-LKO,2023-01-09,10.5,18.5,5.1,91,100,0.0,0.0,10.4,292,11.75,1.76,1005.8,8.9,117.0,26.81898,80.93023
UP-LKO,2023-01-10,11.9,20.2,7.4,89,100,0.0,0.0,11.5,279,12.14,1.9,1004.2,9.9,117.0,26.81898,80.93023
UP-LKO,2023-01-11,11.3,19.4,6.2,87,100,0.0,0.0,9.2,303,13.69,2.09,1001.5,9.0,117.0,26.81898,80.93023
UP-LKO,2023-01-12,12.1,19.8,6.5,88,100,0.0,0.0,8.4,91,12.67,1.98,999.4,9.9,117.0,26.81898,80.93023
UP-LKO,2023-01-13,15.1,20.9,11.7,85,96,5.1,5.1,16.3,95,8.72,1.65,999.3,12.5,117.0,26.81898,80.93023
UP-LKO,2023-01-14,15.0,21.2,9.8,86,100,0.0,0.0,15.1,292,13.64,2.27,1000.5,12.5,117.0,26.81898,80.93023
UP-LKO,2023-01-15,11.8,16.9,7.0,76,93,0.0,0.0,16.3,278,14.9,2.39,1001.0,7.3,117.0,26.81898,80.93023
UP-LKO,2023-01-16,10.2,16.4,5.1,74,91,0.0,0.0,8.7,283,14.73,2.29,1002.3,5.4,117.0,26.81898,80.93023
UP-LKO,2023-01-17,10.2,17.2,5.0,79,95,0.0,0.0,10.1,291,14.77,2.27,1002.8,6.4,117.0,26.81898,80.93023
UP-LKO,2023-01-18,10.5,17.7,4.8,77,97,0.0,0.0,10.0,290,14.8,2.36,1004.7,6.3,117.0,26.81898,80.93023
UP-LKO,2023-01-19,12.1,18.8,5.0,73,94,0.0,0.0,10.0,300,14.63,2.34,1004.9,6.8,117.0,26.81898,80.93023
UP-LKO,2023-01-20,14.0,20.6,8.2,73,89,0.1,0.1,9.4,88,14.55,2.51,1003.0,9.0,117.0,26.81898,80.93023
UP-LKO,2023-01-21,15.5,22.5,8.7,75,95,0.0,0.0,8.9,351,14.67,2.57,1002.2,10.6,117.0,26.81898,80.93023
UP-LKO,2023-01-22,15.2,21.4,9.8,83,97,0.0,0.0,10.5,37,8.69,1.65,1001.5,12.2,117.0,26.81898,80.93023
UP-LKO,2023-01-23,16.8,23.2,11.2,80,98,0.0,0.0,9.7,304,9.48,1.88,1000.9,12.9,117.0,26.81898,80.93023
UP-LKO,2023-01-24,18.7,24.5,14.6,78,93,0.0,0.0,15.6,52,14.44,2.78,1000.6,14.4,117.0,26.81898,80.93023
UP-LKO,2023-01-25,17.6,22.4,14.9,89,97,9.0,9.0,18.1,43,8.46,1.62,1001.0,15.7,117.0,26.81898,80.93023
UP-LKO,2023-01-26,17.9,23.6,13.7,84,98,0.0,0.0,15.3,298,13.24,2.47,1002.1,15.0,117.0,26.81898,80.93023
UP-LKO,2023-01-27,16.2,21.6,12.4,82,96,0.0,0.0,16.0,286,15.43,2.68,1002.6,12.8,117.0,26.81898,80.93023
UP-LKO,2023-01-28,14.2,21.1,9.5,79,93,0.0,0.0,11.5,269,16.04,2.68,1001.0,10.4,117.0,26.81898,80.93023
UP-LKO,2023-01-29,14.1,21.6,6.5,86,100,0.0,0.0,8.4,60,15.52,2.55,1000.9,11.4,117.0,26.81898,80.93023
UP-LKO,2023-01-30,16.0,23.0,10.4,79,98,0.0,0.0,19.6,10,15.47,2.87,1002.7,12.1,117.0,26.81898,80.93023
UP-LKO,2023-01-31,17.0,23.2,12.3,77,92,0.0,0.0,18.4,291,15.6,3.06,1002.5,12.7,117.0,26.81898,80.93023
UP-LKO,2023-02-01,15.5,21.5,10.5,80,95,0.0,0.0,17.4,276,16.38,2.86,1001.9,11.8,117.0,26.81898,80.93023
UP-LKO,2023-02-02,14.7,21.3,10.1,81,96,0.0,0.0,13.4,270,16.54,2.77,1001.7,11.0,117.0,26.81898,80.93023
UP-LKO,2023-02-03,15.4,22.4,10.5,77,96,0.0,0.0,14.8,285,16.5,2.98,1001.6,11.0,117.0,26.81898,80.93023
UP-LKO,2023-02-04,16.7,23.8,11.0,69,92,0.0,0.0,16.9,276,16.6,3.41,999.3,10.5,117.0,26.81898,80.93023
UP-LKO,2023-02-05,16.8,24.2,11.9,73,90,0.0,0.0,12.7,275,16.7,3.22,998.5,11.6,117.0,26.81898,80.93023
UP-LKO,2023-02-06,17.1,25.2,10.2,73,95,0.0,0.0,10.8,293,16.73,3.26,998.3,11.5,117.0,26.81898,80.93023
UP-LKO,2023-02-07,18.8,26.7,12.4,74,92,0.0,0.0,17.3,282,16.26,3.44,996.4,13.5,117.0,26.81898,80.93023
UP-LKO,2023-02-08,17.5,24.0,12.5,60,85,0.0,0.0,19.2,282,17.42,3.89,999.1,8.9,117.0,26.81898,80.93023
UP-LKO,2023-02-09,17.7,25.2,10.7,62,89,0.0,0.0,12.4,277,17.38,3.59,999.3,9.7,117.0,26.81898,80.93023
UP-LKO,2023-02-10,19.2,27.6,11.0,71,95,0.0,0.0,10.2,148,16.99,3.34,998.7,13.2,117.0,26.81898,80.93023
UP-LKO,2023-02-11,20.8,29.2,12.8,69,96,0.0,0.0,14.2,285,17.19,3.87,998.2,14.1,117.0,26.81898,80.93023
UP-LKO,2023-02-12,19.1,25.1,13.6,43,75,0.0,0.0,28.2,293,18.19,5.55,1001.4,4.8,117.0,26.81898,80.93023
UP-LKO,2023-02-13,16.7,22.0,12.7,37,48,0.0,0.0,28.0,279,18.37,5.32,1000.1,1.7,117.0,26.81898,80.93023
UP-LKO,2023-02-14,15.6,22.7,9.6,55,80,0.0,0.0,14.2,300,18.0,3.78,1001.1,6.0,117.0,26.81898,80.93023
UP-LKO,2023-02-15,16.5,24.5,9.5,69,94,0.0,0.0,8.1,314,18.09,3.35,999.0,10.2,117.0,26.81898,80.93023
UP-LKO,2023-02-16,19.0,26.1,11.5,66,93,0.0,0.0,9.2,69,18.07,3.56,1000.4,11.6,117.0,26.81898,80.93023
UP-LKO,2023-02-17,20.6,27.3,12.7,67,94,0.0,0.0,8.8,93,17.72,3.46,1001.6,13.5,117.0,26.81898,80.93023
UP-LKO,2023-02-18,20.5,27.6,14.6,71,93,0.0,0.0,9.2,244,18.16,3.55,1001.1,14.4,117.0,26.81898,80.93023
UP-LKO,2023-02-19,21.4,28.6,14.9,69,94,0.0,0.0,10.3,285,18.24,3.77,1000.3,15.0,117.0,26.81898,80.93023
UP-LKO,2023-02-20,22.4,30.9,14.7,68,97,0.0,0.0,10.2,245,18.37,4.07,998.3,15.3,117.0,26.81898,80.93023
UP-LKO,2023-02-21,22.9,31.0,15.9,65,93,0.0,0.0,12.6,173,18.57,4.31,997.2,15.1,117.0,26.81898,80.93023
UP-LKO,2023-02-22,23.3,31.9,16.4,56,94,0.0,0.0,19.2,310,19.02,5.18,997.2,11.7,117.0,26.81898,80.93023
UP-LKO,2023-02-23,22.4,31.0,15.8,43,66,0.0,0.0,21.6,286,19.73,5.63,997.8,7.6,117.0,26.81898,80.93023
UP-LKO,2023-02-24,21.3,29.6,13.6,42,71,0.0,0.0,16.0,287,17.64,4.99,1000.3,6.7,117.0,26.81898,80.93023
UP-LKO,2023-02-25,21.4,29.7,13.5,50,76,0.0,0.0,9.8,297,19.49,4.29,1002.5,9.5,117.0,26.81898,80.93023
UP-LKO,2023-02-26,22.1,30.8,14.5,56,85,0.0,0.0,10.2,351,19.11,4.31,1003.7,11.7,117.0,26.81898,80.93023
UP-LKO,2023-02-27,23.0,31.2,17.0,54,79,0.0,0.0,18.5,300,17.35,4.46,1003.1,11.9,117.0,26.81898,80.93023
UP-LKO,2023-02-28,23.2,32.0,15.6,56,97,0.0,0.0,16.6,290,19.31,5.04,1002.9,12.1,117.0,26.81898,80.93023
UP-LKO,2023-03-01,23.5,32.0,16.1,52,84,0.0,0.0,15.8,323,19.5,4.98,1003.7,11.8,117.0,26.81898,80.93023
UP-LKO,2023-03-02,24.6,32.7,17.0,43,67,0.0,0.0,19.0,297,19.84,5.86,1003.5,10.2,117.0,26.81898,80.93023
UP-LKO,2023-03-03,25.8,33.1,19.6,41,64,0.0,0.0,24.3,291,19.98,6.64,1003.4,10.8,117.0,26.81898,80.93023
UP-LKO,2023-03-04,25.7,32.9,19.3,42,61,0.0,0.0,21.4,295,20.18,6.46,1003.8,11.0,117.0,26.81898,80.93023
UP-LKO,2023-03-05,24.9,32.6,18.4,44,71,0.0,0.0,21.5,287,20.21,6.13,1003.1,10.9,117.0,26.81898,80.93023
UP-LKO,2023-03-06,24.4,31.4,18.7,42,67,0.0,0.0,21.9,292,20.66,6.18,1001.3,9.8,117.0,26.81898,80.93023
UP-LKO,2023-03-07,24.1,31.8,16.3,43,70,0.0,0.0,16.1,288,19.47,5.22,1001.5,9.7,117.0,26.81898,80.93023
UP-LKO,2023-03-08,23.6,30.8,18.4,56,78,3.2,3.2,23.0,160,17.49,4.34,1002.6,13.8,117.0,26.81898,80.93023
UP-LKO,2023-03-09,22.1,30.0,17.1,61,80,2.6,2.6,20.1,284,17.81,4.14,1002.4,13.5,117.0,26.81898,80.93023
UP-LKO,2023-03-10,23.4,30.3,16.1,54,84,0.0,0.0,7.9,298,20.2,4.46,1001.3,12.4,117.0,26.81898,80.93023
UP-LKO,2023-03-11,24.0,31.1,15.5,47,79,0.0,0.0,9.0,292,21.3,4.68,1001.3,10.9,117.0,26.81898,80.93023
UP-LKO,2023-03-12,24.4,31.2,17.2,50,76,0.0,0.0,9.4,308,21.18,4.7,1000.8,12.3,117.0,26.81898,80.93023
UP-LKO,2023-03-13,25.5,32.6,18.8,46,70,0.0,0.0,13.7,337,19.68,4.73,999.1,12.3,117.0,26.81898,80.93023
UP-LKO,2023-03-14,25.5,33.3,18.1,47,80,0.0,0.0,25.4,279,17.76,5.06,996.2,12.2,117.0,26.81898,80.93023
UP-LKO,2023-03-15,25.3,33.6,17.3,45,83,0.0,0.0,15.9,309,20.73,5.54,995.3,10.5,117.0,26.81898,80.93023
UP-LKO,2023-03-16,26.1,33.0,20.3,41,64,0.0,0.0,22.0,176,17.44,4.93,996.8,10.9,117.0,26.81898,80.93023
UP-LKO,2023-03-17,23.6,31.0,19.1,63,87,0.3,0.3,21.4,122,16.38,4.16,998.2,15.2,117.0,26.81898,80.93023
UP-LKO,2023-03-18,22.1,28.4,17.9,74,95,5.7,5.7,14.8,91,19.48,4.04,997.2,16.7,117.0,26.81898,80.93023
UP-LKO,2023-03-19,22.7,29.4,16.7,71,99,2.4,2.4,10.2,108,20.29,4.26,995.0,16.3,117.0,26.81898,80.93023
UP-LKO,2023-03-20,20.0,24.9,17.2,83,97,13.6,13.6,13.9,89,12.95,2.55,994.7,16.8,117.0,26.81898,80.93023
UP-LKO,2023-03-21,19.8,25.0,16.7,85,98,24.5,24.5,17.8,113,15.74,2.96,995.3,17.0,117.0,26.81898,80.93023
UP-LKO,2023-03-22,20.7,26.8,15.0,74,100,0.0,0.0,14.6,305,22.37,4.48,996.0,15.2,117.0,26.81898,80.93023
UP-LKO,2023-03-23,22.6,29.3,17.4,63,88,0.0,0.0,19.8,282,21.47,5.12,994.9,14.2,117.0,26.81898,80.93023
UP-LKO,2023-03-24,23.4,31.2,15.9,61,86,0.0,0.0,18.3,323,21.32,4.89,995.4,14.6,117.0,26.81898,80.93023
UP-LKO,2023-03-25,24.3,30.3,19.2,61,77,0.8,0.8,22.2,71,20.87,4.86,997.0,15.8,117.0,26.81898,80.93023
UP-LKO,2023-03-26,24.4,31.3,18.4,53,86,0.0,0.0,18.7,306,21.38,5.58,996.0,12.8,117.0,26.81898,80.93023
UP-LKO,2023-03-27,24.1,31.3,17.9,44,65,0.0,0.0,25.0,292,21.27,6.17,995.6,10.3,117.0,26.81898,80.93023
UP-LKO,2023-03-28,24.5,31.7,18.0,44,70,0.0,0.0,19.8,299,23.32,6.35,995.9,10.8,117.0,26.81898,80.93023
UP-LKO,2023-03-29,25.3,33.4,17.2,46,71,0.0,0.0,13.8,318,21.78,5.69,996.5,11.4,117.0,26.81898,80.93023
UP-LKO,2023-03-30,26.9,34.5,18.3,41,70,0.2,0.2,10.3,303,21.59,5.67,993.9,11.3,117.0,26.81898,80.93023
UP-LKO,2023-03-31,23.9,30.7,19.5,61,90,8.7,8.7,25.7,155,18.47,4.86,994.5,15.5,117.0,26.81898,80.93023
UP-LKO,2023-04-01,21.7,27.9,17.2,74,97,2.6,2.6,19.6,64,17.86,3.73,995.3,16.5,117.0,26.81898,80.93023
UP-LKO,2023-04-02,23.9,30.1,17.0,59,94,0.0,0.0,22.5,297,22.21,5.58,994.1,14.2,117.0,26.81898,80.93023
UP-LKO,2023-04-03,25.9,33.5,18.2,46,76,0.0,0.0,22.7,293,21.23,6.27,992.9,12.1,117.0,26.81898,80.93023
UP-LKO,2023-04-04,26.0,33.2,20.4,45,63,0.4,0.4,20.5,301,21.08,6.09,994.1,12.7,117.0,26.81898,80.93023
UP-LKO,2023-04-05,25.8,33.5,19.2,41,75,0.0,0.0,21.5,303,24.35,7.11,995.0,9.2,117.0,26.81898,80.93023
UP-LKO,2023-04-06,25.8,34.1,17.0,34,59,0.0,0.0,18.5,301,24.24,7.22,997.0,7.2,117.0,26.81898,80.93023
UP-LKO,2023-04-07,26.7,34.9,19.5,29,44,0.0,0.0,22.4,306,24.48,7.75,998.7,5.8,117.0,26.81898,80.93023
UP-LKO,2023-04-08,26.9,35.4,18.6,30,48,0.0,0.0,15.3,296,23.51,6.82,1000.0,6.7,117.0,26.81898,80.93023
UP-LKO,2023-04-09,28.3,36.4,19.9,26,51,0.0,0.0,20.7,325,23.72,7.68,999.4,6.0,117.0,26.81898,80.93023
UP-LKO,2023-04-10,27.6,36.0,18.9,27,48,0.0,0.0,21.7,301,24.6,7.9,997.7,4.7,117.0,26.81898,80.93023
UP-LKO,2023-04-11,28.2,36.7,19.0,27,50,0.0,0.0,24.7,288,24.92,8.39,996.8,5.6,117.0,26.81898,80.93023
UP-LKO,2023-04-12,30.4,38.8,21.9,26,42,0.0,0.0,25.7,300,24.3,8.67,996.0,7.6,117.0,26.81898,80.93023
UP-LKO,2023-04-13,31.7,39.2,24.4,24,38,0.0,0.0,25.7,299,24.07,9.05,994.8,7.9,117.0,26.81898,80.93023
UP-LKO,2023-04-14,31.2,39.6,22.5,27,45,0.0,0.0,19.6,291,21.97,7.07,994.3,8.3,117.0,26.81898,80.93023
UP-LKO,2023-04-15,31.6,39.6,22.3,28,50,0.0,0.0,13.7,223,18.25,5.58,994.3,9.3,117.0,26.81898,80.93023
UP-LKO,2023-04-16,32.6,41.4,23.1,23,44,0.0,0.0,20.7,291,23.75,7.86,992.5,6.9,117.0,26.81898,80.93023
UP-LKO,2023-04-17,32.7,41.7,24.1,22,38,0.0,0.0,25.4,284,24.2,8.74,992.4,6.7,117.0,26.81898,80.93023
UP-LKO,2023-04-18,32.8,42.0,23.6,22,40,0.0,0.0,20.0,285,23.85,8.31,993.3,7.1,117.0,26.81898,80.93023
UP-LKO,2023-04-19,34.4,42.1,26.7,19,35,0.0,0.0,22.9,297,23.39,9.45,990.3,6.7,117.0,26.81898,80.93023
UP-LKO,2023-04-20,33.2,40.3,25.6,23,41,0.0,0.0,20.7,297,21.68,8.66,988.1,8.4,117.0,26.81898,80.93023
UP-LKO,2023-04-21,29.9,35.3,25.2,30,43,0.0,0.0,18.9,17,21.39,6.45,990.1,10.3,117.0,26.81898,80.93023
UP-LKO,2023-04-22,29.1,36.3,21.8,32,62,0.0,0.0,17.6,294,22.76,6.39,990.6,9.8,117.0,26.81898,80.93023
UP-LKO,2023-04-23,28.6,35.0,23.8,28,41,0.0,0.0,29.6,247,17.67,6.11,992.4,7.7,117.0,26.81898,80.93023
UP-LKO,2023-04-24,25.2,30.0,21.1,48,72,3.4,3.4,30.4,52,19.3,5.62,997.4,12.9,117.0,26.81898,80.93023
UP-LKO,2023-04-25,26.3,32.9,18.1,47,78,0.0,0.0,10.5,56,23.44,5.47,997.5,13.2,117.0,26.81898,80.93023
UP-LKO,2023-04-26,28.0,34.3,21.8,39,59,0.0,0.0,10.5,284,22.97,5.81,994.6,12.2,117.0,26.81898,80.93023
UP-LKO,2023-04-27,29.6,36.0,22.6,36,56,0.0,0.0,14.1,259,22.55,6.22,993.9,12.0,117.0,26.81898,80.93023
UP-LKO,2023-04-28,28.6,36.7,21.9,40,57,0.0,0.0,27.2,304,20.23,6.19,994.5,12.9,117.0,26.81898,80.93023
UP-LKO,2023-04-29,28.9,35.0,23.1,44,61,0.0,0.0,16.0,260,21.69,6.12,994.1,14.7,117.0,26.81898,80.93023
UP-LKO,2023-04-30,25.1,29.8,20.8,67,91,13.5,13.5,15.1,165,12.55,3.2,994.0,18.0,117.0,26.81898,80.93023
UP-LKO,2023-05-01,23.3,27.3,20.3,79,95,5.3,5.3,20.9,126,13.1,3.05,994.1,19.2,117.0,26.81898,80.93023
UP-LKO,2023-05-02,24.5,29.4,19.8,75,97,0.6,0.6,9.6,92,21.45,4.5,995.1,19.4,117.0,26.81898,80.93023
UP-LKO,2023-05-03,24.3,29.5,21.4,80,95,7.5,7.5,10.9,76,17.61,3.75,996.1,20.3,117.0,26.81898,80.93023
UP-LKO,2023-05-04,24.9,29.4,20.4,74,98,0.1,0.1,8.0,343,22.8,4.76,995.5,19.6,117.0,26.81898,80.93023
UP-LKO,2023-05-05,26.7,32.6,20.7,62,93,0.0,0.0,16.1,310,24.1,5.82,993.6,17.8,117.0,26.81898,80.93023
UP-LKO,2023-05-06,28.6,35.4,21.5,48,74,0.0,0.0,20.9,288,24.16,7.07,991.5,15.6,117.0,26.81898,80.93023
UP-LKO,2023-05-07,29.6,36.9,23.1,40,58,0.0,0.0,19.6,296,24.36,7.55,991.3,13.2,117.0,26.81898,80.93023
UP-LKO,2023-05-08,29.2,35.9,22.0,41,58,0.0,0.0,16.9,353,22.87,6.45,991.4,13.9,117.0,26.81898,80.93023
UP-LKO,2023-05-09,30.8,38.9,23.6,37,67,0.0,0.0,22.4,285,22.82,7.57,991.4,12.8,117.0,26.81898,80.93023
UP-LKO,2023-05-10,29.2,37.2,21.8,30,49,0.0,0.0,18.9,300,25.01,7.84,991.8,8.3,117.0,26.81898,80.93023
UP-LKO,2023-05-11,29.5,38.1,20.8,31,48,0.0,0.0,17.1,296,24.89,7.4,993.1,8.9,117.0,26.81898,80.93023
UP-LKO,2023-05-12,30.6,38.8,21.8,32,51,0.0,0.0,11.5,84,24.49,6.56,992.4,11.0,117.0,26.81898,80.93023
UP-LKO,2023-05-13,31.0,38.9,23.0,33,50,0.0,0.0,11.8,80,24.4,6.88,991.3,11.9,117.0,26.81898,80.93023
UP-LKO,2023-05-14,32.2,41.5,23.8,34,58,0.0,0.0,36.4,8,22.05,7.55,987.8,12.6,117.0,26.81898,80.93023
UP-LKO,2023-05-15,31.8,40.5,24.7,36,58,0.0,0.0,20.0,329,23.08,6.99,987.9,13.2,117.0,26.81898,80.93023
UP-LKO,2023-05-16,32.5,40.6,23.3,30,55,0.0,0.0,28.2,274,23.4,7.57,989.4,11.5,117.0,26.81898,80.93023
UP-LKO,2023-05-17,33.9,41.6,26.1,29,50,0.0,0.0,20.4,313,22.64,7.75,990.9,12.1,117.0,26.81898,80.93023
UP-LKO,2023-05-18,33.8,41.1,26.1,31,66,0.0,0.0,23.3,307,22.5,8.89,993.3,13.1,117.0,26.81898,80.93023
UP-LKO,2023-05-19,33.3,40.7,26.2,31,53,0.0,0.0,25.1,298,24.07,8.89,991.4,12.6,117.0,26.81898,80.93023
UP-LKO,2023-05-20,33.6,41.4,26.6,25,44,0.0,0.0,24.4,290,24.28,8.88,990.0,9.3,117.0,26.81898,80.93023
UP-LKO,2023-05-21,34.2,43.9,24.9,26,44,0.0,0.0,23.5,252,23.41,7.93,990.1,10.5,117.0,26.81898,80.93023
UP-LKO,2023-05-22,33.4,42.6,26.3,36,48,0.5,0.5,24.1,98,22.74,7.28,991.0,15.5,117.0,26.81898,80.93023
UP-LKO,2023-05-23,34.7,43.0,28.4,37,59,0.0,0.0,23.2,108,22.98,8.29,991.1,16.7,117.0,26.81898,80.93023
UP-LKO,2023-05-24,32.6,38.9,27.4,49,69,0.0,0.0,25.0,92,22.93,6.63,991.2,19.8,117.0,26.81898,80.93023
UP-LKO,2023-05-25,28.5,32.5,24.1,63,92,3.5,3.5,14.9,53,16.78,4.56,991.6,20.6,117.0,26.81898,80.93023
UP-LKO,2023-05-26,26.4,31.1,23.4,74,90,12.5,12.5,17.5,143,16.38,3.87,992.9,21.2,117.0,26.81898,80.93023
UP-LKO,2023-05-27,28.1,35.4,22.4,66,94,0.1,0.1,12.8,191,21.19,5.05,991.9,20.2,117.0,26.81898,80.93023
UP-LKO,2023-05-28,28.6,34.8,22.2,60,86,0.0,0.0,7.7,68,22.85,5.46,992.9,19.3,117.0,26.81898,80.93023
UP-LKO,2023-05-29,29.7,35.9,23.4,57,85,0.0,0.0,25.6,158,23.38,5.8,994.0,19.4,117.0,26.81898,80.93023
UP-LKO,2023-05-30,30.9,37.5,24.3,55,81,1.5,1.5,15.6,344,23.14,6.32,993.6,19.8,117.0,26.81898,80.93023
UP-LKO,2023-05-31,31.5,36.9,25.6,43,65,0.0,0.0,17.3,275,23.81,7.48,992.9,16.9,117.0,26.81898,80.93023
UP-LKO,2023-06-01,31.2,37.3,25.5,41,63,0.0,0.0,20.2,300,24.78,8.1,991.4,15.4,117.0,26.81898,80.93023
UP-LKO,2023-06-02,31.6,37.4,25.6,39,64,0.0,0.0,19.5,300,21.48,7.62,990.5,15.3,117.0,26.81898,80.93023
UP-LKO,2023-06-03,31.9,38.6,25.8,39,57,0.0,0.0,16.9,311,22.59,7.3,991.0,15.6,117.0,26.81898,80.93023
UP-LKO,2023-06-04,32.6,40.1,24.2,41,65,0.0,0.0,22.3,294,23.94,7.72,990.3,16.5,117.0,26.81898,80.93023
UP-LKO,2023-06-05,31.6,36.8,27.3,47,62,0.3,0.3,14.1,295,21.28,6.19,989.9,18.6,117.0,26.81898,80.93023
UP-LKO,2023-06-06,32.6,38.7,25.7,44,73,0.3,0.3,16.8,325,22.98,7.12,989.0,17.3,117.0,26.81898,80.93023
UP-LKO,2023-06-07,34.0,40.6,26.5,31,52,0.0,0.0,16.6,317,22.96,7.94,988.5,13.4,117.0,26.81898,80.93023
UP-LKO,2023-06-08,34.4,41.6,26.9,27,46,0.0,0.0,24.5,303,24.34,9.35,988.1,11.7,117.0,26.81898,80.93023
UP-LKO,2023-06-09,34.5,41.4,26.3,31,50,0.0,0.0,23.1,287,23.0,8.53,985.4,14.0,117.0,26.81898,80.93023
UP-LKO,2023-06-10,35.5,42.1,28.4,34,53,0.0,0.0,18.6,295,22.86,8.07,984.0,16.8,117.0,26.81898,80.93023
UP-LKO,2023-06-11,36.2,42.1,30.2,32,46,0.0,0.0,26.1,296,22.59,9.17,983.7,16.5,117.0,26.81898,80.93023
UP-LKO,2023-06-12,36.6,41.5,31.2,34,49,0.0,0.0,27.7,295,22.41,9.39,983.8,18.0,117.0,26.81898,80.93023
UP-LKO,2023-06-13,37.6,42.6,32.0,33,50,0.0,0.0,33.4,289,21.7,10.13,983.1,17.7,117.0,26.81898,80.93023
UP-LKO,2023-06-14,38.0,42.2,33.6,28,35,0.0,0.0,36.7,286,22.4,11.76,983.8,15.9,117.0,26.81898,80.93023
UP-LKO,2023-06-15,36.8,40.6,33.0,34,44,0.0,0.0,37.8,285,22.53,11.54,985.0,18.1,117.0,26.81898,80.93023
UP-LKO,2023-06-16,36.5,41.9,31.3,37,54,0.0,0.0,28.6,286,23.9,10.29,985.6,18.8,117.0,26.81898,80.93023
UP-LKO,2023-06-17,36.4,41.5,31.6,39,53,0.2,0.2,21.9,287,21.54,7.88,986.3,20.0,117.0,26.81898,80.93023
UP-LKO,2023-06-18,36.8,42.1,31.8,39,54,0.0,0.0,20.0,280,22.99,8.1,986.6,19.9,117.0,26.81898,80.93023
UP-LKO,2023-06-19,35.7,41.3,31.3,43,55,0.0,0.0,21.0,259,22.51,7.48,985.7,20.8,117.0,26.81898,80.93023
UP-LKO,2023-06-20,32.2,36.0,28.7,61,81,6.3,6.3,22.7,169,18.41,5.77,985.5,23.4,117.0,26.81898,80.93023
UP-LKO,2023-06-21,28.8,32.0,26.5,79,93,11.9,11.9,22.4,172,12.69,3.44,985.3,24.8,117.0,26.81898,80.93023
UP-LKO,2023-06-22,30.5,35.9,26.7,73,94,11.3,11.3,25.0,135,18.56,4.98,985.9,24.8,117.0,26.81898,80.93023
UP-LKO,2023-06-23,31.6,36.3,27.0,69,83,1.1,1.1,16.3,108,17.42,4.8,987.0,24.9,117.0,26.81898,80.93023
UP-LKO,2023-06-24,30.6,35.5,27.0,78,94,16.7,16.7,16.1,89,17.73,4.34,986.5,26.2,117.0,26.81898,80.93023
UP-LKO,2023-06-25,30.2,35.0,26.8,78,95,5.2,5.2,14.6,89,19.45,4.74,986.9,25.7,117.0,26.81898,80.93023
UP-LKO,2023-06-26,30.8,35.0,25.5,73,96,18.2,18.2,15.0,41,17.18,4.47,986.8,25.1,117.0,26.81898,80.93023
UP-LKO,2023-06-27,32.1,36.0,27.4,62,80,0.2,0.2,22.1,85,23.07,6.71,986.0,23.8,117.0,26.81898,80.93023
UP-LKO,2023-06-28,30.3,33.8,28.1,69,83,1.2,1.2,23.5,90,16.32,4.86,987.5,24.0,117.0,26.81898,80.93023
UP-LKO,2023-06-29,28.6,32.0,25.9,81,93,7.9,7.9,19.5,90,17.58,4.21,986.6,24.9,117.0,26.81898,80.93023
UP-LKO,2023-06-30,27.1,30.8,25.1,89,97,28.9,28.9,14.5,111,10.87,2.46,985.5,25.1,117.0,26.81898,80.93023
UP-LKO,2023-07-01,27.4,31.6,24.8,89,97,39.4,39.4,13.2,157,12.36,2.8,986.3,25.2,117.0,26.81898,80.93023
UP-LKO,2023-07-02,27.9,31.7,25.6,88,98,13.2,13.2,9.5,117,11.35,2.57,986.5,25.6,117.0,26.81898,80.93023
UP-LKO,2023-07-03,29.3,33.0,26.2,84,97,2.7,2.7,10.2,87,15.99,3.67,986.6,26.1,117.0,26.81898,80.93023
UP-LKO,2023-07-04,28.3,32.8,25.5,85,97,3.4,3.4,16.4,94,14.05,3.27,985.9,25.5,117.0,26.81898,80.93023
UP-LKO,2023-07-05,28.1,32.0,24.7,87,99,25.1,25.1,19.2,94,13.76,3.12,985.8,25.7,117.0,26.81898,80.93023
UP-LKO,2023-07-06,29.2,32.6,27.2,84,92,8.3,8.3,15.9,90,14.76,3.51,987.3,26.1,117.0,26.81898,80.93023
UP-LKO,2023-07-07,29.0,33.3,25.8,84,95,9.5,9.5,18.6,87,16.1,3.89,987.7,25.8,117.0,26.81898,80.93023
UP-LKO,2023-07-08,28.4,33.1,25.6,86,97,16.1,16.1,24.3,106,16.14,3.8,988.2,25.7,117.0,26.81898,80.93023
UP-LKO,2023-07-09,29.2,32.9,26.3,84,95,28.0,28.0,16.5,121,17.83,4.1,988.2,26.1,117.0,26.81898,80.93023
UP-LKO,2023-07-10,29.2,33.8,26.0,84,97,33.3,33.3,14.1,127,19.13,4.28,987.8,26.0,117.0,26.81898,80.93023
UP-LKO,2023-07-11,29.3,33.6,26.2,84,97,2.7,2.7,11.8,125,18.75,4.18,987.3,26.2,117.0,26.81898,80.93023
UP-LKO,2023-07-12,28.1,32.3,25.9,90,97,34.6,34.6,13.9,109,11.35,2.55,987.5,26.3,117.0,26.81898,80.93023
UP-LKO,2023-07-13,28.3,32.6,26.3,88,97,36.8,36.8,14.8,107,14.29,3.24,987.8,26.0,117.0,26.81898,80.93023
UP-LKO,2023-07-14,29.1,32.5,26.4,87,97,21.4,21.4,9.5,102,14.99,3.38,988.1,26.6,117.0,26.81898,80.93023
UP-LKO,2023-07-15,27.7,32.1,25.6,89,97,31.4,31.4,12.0,128,13.57,2.96,988.3,25.6,117.0,26.81898,80.93023
UP-LKO,2023-07-16,29.4,33.3,25.8,84,99,2.1,2.1,10.2,103,21.41,4.65,987.6,26.3,117.0,26.81898,80.93023
UP-LKO,2023-07-17,30.0,33.4,25.8,79,95,1.3,1.3,16.3,95,22.46,5.15,986.6,25.7,117.0,26.81898,80.93023
UP-LKO,2023-07-18,30.0,33.3,27.6,79,88,3.2,3.2,20.7,87,21.75,5.11,986.7,25.8,117.0,26.81898,80.93023
UP-LKO,2023-07-19,30.6,34.2,27.3,77,87,1.1,1.1,15.3,76,22.05,5.22,986.0,26.0,117.0,26.81898,80.93023
UP-LKO,2023-07-20,31.9,35.4,28.4,71,86,0.0,0.0,15.9,76,23.35,5.89,985.7,25.8,117.0,26.81898,80.93023
UP-LKO,2023-07-21,32.2,35.7,28.8,70,83,0.1,0.1,20.9,87,23.75,6.37,987.7,25.9,117.0,26.81898,80.93023
UP-LKO,2023-07-22,31.3,34.3,29.1,72,80,2.1,2.1,22.9,91,22.23,6.05,990.3,25.6,117.0,26.81898,80.93023
UP-LKO,2023-07-23,31.3,34.3,28.9,72,80,0.5,0.5,22.2,94,22.67,6.01,989.9,25.6,117.0,26.81898,80.93023
UP-LKO,2023-07-24,30.7,34.2,26.1,77,96,27.8,27.8,15.2,101,21.63,5.27,988.1,26.1,117.0,26.81898,80.93023
UP-LKO,2023-07-25,29.1,33.0,26.1,87,96,15.8,15.8,14.4,90,16.84,3.72,989.0,26.5,117.0,26.81898,80.93023
UP-LKO,2023-07-26,29.9,34.1,26.7,83,95,1.1,1.1,11.3,65,20.96,4.74,989.7,26.5,117.0,26.81898,80.93023
UP-LKO,2023-07-27,30.3,34.5,26.8,80,95,6.1,6.1,14.1,64,22.41,5.08,988.5,26.3,117.0,26.81898,80.93023
UP-LKO,2023-07-28,30.4,33.9,27.5,82,97,2.5,2.5,15.1,26,22.21,5.0,986.3,26.7,117.0,26.81898,80.93023
UP-LKO,2023-07-29,28.7,32.8,26.0,87,97,27.7,27.7,12.3,274,16.31,3.57,986.5,26.2,117.0,26.81898,80.93023
UP-LKO,2023-07-30,29.4,32.8,26.8,82,93,1.4,1.4,12.7,256,19.96,4.49,985.6,25.8,117.0,26.81898,80.93023
UP-LKO,2023-07-31,29.4,33.5,26.1,84,96,3.6,3.6,14.8,275,18.54,4.16,984.8,26.3,117.0,26.81898,80.93023
UP-LKO,2023-08-01,29.6,33.3,26.3,84,95,15.9,15.9,15.2,269,20.24,4.47,983.9,26.5,117.0,26.81898,80.93023
UP-LKO,2023-08-02,29.0,32.6,26.6,87,97,10.9,10.9,13.5,310,14.75,3.37,984.1,26.5,117.0,26.81898,80.93023
UP-LKO,2023-08-03,29.8,32.2,27.7,80,93,4.5,4.5,17.7,33,15.7,3.79,984.4,25.9,117.0,26.81898,80.93023
UP-LKO,2023-08-04,28.6,31.7,25.8,85,95,16.0,16.0,16.6,74,17.58,3.89,986.3,25.8,117.0,26.81898,80.93023
UP-LKO,2023-08-05,29.1,33.2,26.3,85,95,1.4,1.4,10.6,17,20.92,4.55,988.1,26.1,117.0,26.81898,80.93023
UP-LKO,2023-08-06,29.0,32.0,26.5,85,98,13.1,13.1,17.7,262,17.05,3.87,986.2,26.1,117.0,26.81898,80.93023
UP-LKO,2023-08-07,29.6,32.9,26.5,76,93,2.5,2.5,19.7,264,17.77,4.65,984.1,24.9,117.0,26.81898,80.93023
UP-LKO,2023-08-08,29.6,33.2,27.1,74,89,0.9,0.9,21.8,260,21.71,5.38,985.7,24.4,117.0,26.81898,80.93023
UP-LKO,2023-08-09,28.9,31.0,27.3,80,87,4.3,4.3,15.8,269,10.7,2.95,989.0,25.1,117.0,26.81898,80.93023
UP-LKO,2023-08-10,29.3,31.6,27.1,79,90,0.1,0.1,13.4,279,12.07,3.09,990.4,25.3,117.0,26.81898,80.93023
UP-LKO,2023-08-11,30.2,33.6,27.0,74,84,0.0,0.0,15.8,273,20.49,5.01,990.0,25.0,117.0,26.81898,80.93023
UP-LKO,2023-08-12,30.4,34.1,28.1,68,80,0.0,0.0,22.4,261,19.43,5.58,988.1,23.7,117.0,26.81898,80.93023
UP-LKO,2023-08-13,29.3,31.7,27.3,74,87,1.1,1.1,15.7,242,14.32,3.83,987.9,24.1,117.0,26.81898,80.93023
UP-LKO,2023-08-14,28.2,31.8,25.9,85,98,1.3,1.3,9.0,159,18.04,3.9,990.8,25.3,117.0,26.81898,80.93023
UP-LKO,2023-08-15,29.3,33.0,25.5,82,99,1.2,1.2,10.0,268,22.01,4.82,990.3,25.6,117.0,26.81898,80.93023
UP-LKO,2023-08-16,30.3,34.3,26.7,78,92,0.5,0.5,14.2,263,21.9,5.16,989.4,25.7,117.0,26.81898,80.93023
UP-LKO,2023-08-17,29.6,33.6,27.4,83,95,5.8,5.8,11.0,260,17.36,3.94,989.3,26.3,117.0,26.81898,80.93023
UP-LKO,2023-08-18,29.7,33.7,26.0,84,98,9.3,9.3,9.2,103,21.1,4.63,989.0,26.5,117.0,26.81898,80.93023
UP-LKO,2023-08-19,29.9,33.7,27.1,83,95,4.4,4.4,16.0,85,21.07,4.75,989.3,26.6,117.0,26.81898,80.93023
UP-LKO,2023-08-20,30.5,34.1,27.8,76,87,0.4,0.4,20.1,96,22.45,5.36,989.9,25.8,117.0,26.81898,80.93023
UP-LKO,2023-08-21,30.3,33.8,27.3,79,92,0.4,0.4,10.5,90,19.15,4.47,989.2,26.2,117.0,26.81898,80.93023
UP-LKO,2023-08-22,28.1,30.3,25.8,91,97,19.7,19.7,11.0,147,8.86,2.01,988.6,26.4,117.0,26.81898,80.93023
UP-LKO,2023-08-23,27.8,31.9,25.9,87,97,7.0,7.0,16.0,221,16.26,3.56,987.5,25.2,117.0,26.81898,80.93023
UP-LKO,2023-08-24,27.0,29.9,25.3,87,96,37.4,37.4,24.1,250,14.03,3.11,985.7,24.7,117.0,26.81898,80.93023
UP-LKO,2023-08-25,28.9,33.3,25.4,77,95,2.2,2.2,18.0,268,21.41,5.1,986.1,24.2,117.0,26.81898,80.93023
UP-LKO,2023-08-26,29.3,33.3,24.9,72,96,0.0,0.0,20.5,269,22.4,5.52,987.7,23.6,117.0,26.81898,80.93023
UP-LKO,2023-08-27,29.7,33.7,26.8,67,76,0.0,0.0,23.7,266,23.28,6.26,987.5,22.8,117.0,26.81898,80.93023
UP-LKO,2023-08-28,28.8,32.5,26.0,72,79,1.0,1.0,23.0,259,22.45,5.54,987.9,23.2,117.0,26.81898,80.93023
UP-LKO,2023-08-29,28.3,32.9,24.4,77,93,8.7,8.7,17.9,261,20.55,4.72,989.8,23.8,117.0,26.81898,80.93023
UP-LKO,2023-08-30,29.5,33.8,26.2,75,87,0.2,0.2,13.4,264,21.28,4.97,991.2,24.5,117.0,26.81898,80.93023
UP-LKO,2023-08-31,30.1,34.7,26.1,75,90,0.2,0.2,12.6,280,22.01,5.16,991.7,24.8,117.0,26.81898,80.93023
UP-LKO,2023-09-01,30.6,35.0,26.4,71,84,0.1,0.1,15.0,279,22.51,5.53,991.2,24.5,117.0,26.81898,80.93023
UP-LKO,2023-09-02,31.1,35.8,27.0,66,80,0.0,0.0,22.0,275,23.18,6.09,989.8,23.8,117.0,26.81898,80.93023
UP-LKO,2023-09-03,30.7,35.9,26.1,68,85,0.0,0.0,17.1,288,23.29,5.8,988.9,23.7,117.0,26.81898,80.93023
UP-LKO,2023-09-04,30.5,34.5,26.6,74,88,0.0,0.0,8.4,16,21.83,5.08,988.2,25.1,117.0,26.81898,80.93023
UP-LKO,2023-09-05,29.8,32.7,27.0,78,94,2.8,2.8,21.6,82,19.22,4.61,989.2,25.4,117.0,26.81898,80.93023
UP-LKO,2023-09-06,29.4,32.6,26.2,73,86,0.0,0.0,14.8,24,12.7,3.4,990.2,24.0,117.0,26.81898,80.93023
UP-LKO,2023-09-07,28.9,31.7,27.3,81,92,5.2,5.2,12.6,60,12.19,3.06,990.0,25.3,117.0,26.81898,80.93023
UP-LKO,2023-09-08,28.0,32.7,25.9,85,95,8.3,8.3,22.9,81,16.65,3.77,989.6,25.2,117.0,26.81898,80.93023
UP-LKO,2023-09-09,27.3,30.3,24.7,87,95,28.1,28.1,23.4,94,11.79,2.87,988.5,24.8,117.0,26.81898,80.93023
UP-LKO,2023-09-10,27.2,29.7,24.8,90,99,36.0,36.0,18.2,97,10.29,2.28,987.5,25.4,117.0,26.81898,80.93023
UP-LKO,2023-09-11,27.0,30.3,25.6,92,99,32.9,32.9,16.4,112,8.64,1.93,987.2,25.5,117.0,26.81898,80.93023
UP-LKO,2023-09-12,27.9,31.1,25.1,88,99,10.4,10.4,11.2,88,14.28,3.07,988.2,25.7,117.0,26.81898,80.93023
UP-LKO,2023-09-13,29.1,33.0,25.4,84,99,0.6,0.6,6.8,82,16.79,3.68,988.8,26.0,117.0,26.81898,80.93023
UP-LKO,2023-09-14,29.6,33.6,26.7,84,96,3.1,3.1,12.6,64,19.73,4.39,989.9,26.4,117.0,26.81898,80.93023
UP-LKO,2023-09-15,30.1,33.3,27.4,77,92,0.1,0.1,23.8,79,19.79,5.05,990.1,25.5,117.0,26.81898,80.93023
UP-LKO,2023-09-16,28.8,31.6,26.0,82,94,3.1,3.1,24.6,98,16.52,4.02,990.0,25.4,117.0,26.81898,80.93023
UP-LKO,2023-09-17,29.1,32.5,26.7,81,93,0.4,0.4,16.6,123,16.86,4.05,989.9,25.3,117.0,26.81898,80.93023
UP-LKO,2023-09-18,28.5,32.3,25.8,84,99,5.6,5.6,11.2,145,18.82,4.02,990.6,25.4,117.0,26.81898,80.93023
UP-LKO,2023-09-19,28.7,32.6,25.6,86,98,7.3,7.3,11.1,137,18.8,4.02,992.3,26.1,117.0,26.81898,80.93023
UP-LKO,2023-09-20,29.0,32.7,25.9,85,97,0.2,0.2,7.7,85,19.94,4.27,992.5,26.1,117.0,26.81898,80.93023
UP-LKO,2023-09-21,28.6,32.3,25.5,85,98,1.1,1.1,12.3,79,16.65,3.65,992.1,25.8,117.0,26.81898,80.93023
UP-LKO,2023-09-22,27.8,31.2,24.2,84,97,2.5,2.5,13.3,73,16.47,3.67,992.4,24.7,117.0,26.81898,80.93023
UP-LKO,2023-09-23,27.4,31.2,24.6,82,95,0.5,0.5,12.6,66,16.89,3.7,992.4,24.0,117.0,26.81898,80.93023
UP-LKO,2023-09-24,27.7,32.1,23.6,80,96,1.5,1.5,15.6,18,19.35,4.2,992.1,23.7,117.0,26.81898,80.93023
UP-LKO,2023-09-25,27.6,31.2,24.4,82,96,0.0,0.0,9.1,63,18.89,4.06,992.7,24.1,117.0,26.81898,80.93023
UP-LKO,2023-09-26,27.8,31.7,24.2,82,98,0.2,0.2,15.9,50,18.85,4.04,993.4,24.2,117.0,26.81898,80.93023
UP-LKO,2023-09-27,28.8,33.0,24.9,80,98,0.0,0.0,6.3,8,19.81,4.28,992.8,24.7,117.0,26.81898,80.93023
UP-LKO,2023-09-28,28.4,33.1,24.8,80,94,4.2,4.2,6.3,231,18.85,4.03,992.5,24.3,117.0,26.81898,80.93023
UP-LKO,2023-09-29,28.9,34.1,24.5,75,98,0.0,0.0,6.9,303,19.8,4.42,992.4,23.4,117.0,26.81898,80.93023
UP-LKO,2023-09-30,29.2,33.8,24.8,72,90,0.0,0.0,12.1,338,19.87,4.63,992.0,23.2,117.0,26.81898,80.93023
UP-LKO,2023-10-01,28.5,33.2,24.9,79,95,0.0,0.0,9.9,61,19.66,4.32,991.4,24.2,117.0,26.81898,80.93023
UP-LKO,2023-10-02,27.3,30.9,25.4,87,96,19.1,19.1,11.5,4,13.63,2.91,992.3,25.0,117.0,26.81898,80.93023
UP-LKO,2023-10-03,27.7,32.2,24.4,80,97,0.5,0.5,7.0,21,16.25,3.62,992.8,23.8,117.0,26.81898,80.93023
UP-LKO,2023-10-04,26.8,31.4,23.9,84,97,1.3,1.3,16.1,24,16.04,3.39,993.2,23.7,117.0,26.81898,80.93023
UP-LKO,2023-10-05,27.3,31.5,24.1,84,97,0.0,0.0,9.2,39,15.98,3.43,992.8,24.1,117.0,26.81898,80.93023
UP-LKO,2023-10-06,27.6,33.0,22.8,72,100,0.0,0.0,8.0,271,19.85,4.4,992.2,21.3,117.0,26.81898,80.93023
UP-LKO,2023-10-07,27.9,33.2,23.0,70,96,0.0,0.0,9.3,241,19.68,4.44,993.5,21.4,117.0,26.81898,80.93023
UP-LKO,2023-10-08,28.5,34.9,23.3,69,88,0.0,0.0,14.7,259,19.12,4.77,993.9,21.9,117.0,26.81898,80.93023
UP-LKO,2023-10-09,29.1,35.2,23.9,68,89,0.0,0.0,18.7,272,18.77,4.92,994.6,22.0,117.0,26.81898,80.93023
UP-LKO,2023-10-10,29.0,35.4,24.8,61,80,0.0,0.0,14.0,269,18.41,4.91,995.4,20.4,117.0,26.81898,80.93023
UP-LKO,2023-10-11,27.9,34.7,23.1,64,86,0.0,0.0,13.9,282,19.32,4.96,995.8,19.6,117.0,26.81898,80.93023
UP-LKO,2023-10-12,26.8,34.0,20.6,62,88,0.0,0.0,14.8,317,19.3,4.83,997.8,17.8,117.0,26.81898,80.93023
UP-LKO,2023-10-13,26.5,33.5,20.3,65,90,0.0,0.0,11.0,325,18.81,4.36,998.6,18.7,117.0,26.81898,80.93023
UP-LKO,2023-10-14,27.3,34.6,21.4,61,84,0.0,0.0,15.1,256,17.87,4.69,997.8,18.4,117.0,26.81898,80.93023
UP-LKO,2023-10-15,27.7,35.4,21.4,59,82,0.0,0.0,16.9,275,17.74,4.96,995.7,17.7,117.0,26.81898,80.93023
UP-LKO,2023-10-16,26.0,33.7,21.3,73,94,6.7,6.7,14.3,51,14.64,3.5,997.5,20.0,117.0,26.81898,80.93023
UP-LKO,2023-10-17,24.0,29.7,20.0,76,98,0.0,0.0,9.6,348,16.57,3.58,1000.2,19.0,117.0,26.81898,80.93023
UP-LKO,2023-10-18,24.4,30.5,20.0,68,93,0.0,0.0,11.3,287,17.49,4.1,1000.3,17.6,117.0,26.81898,80.93023
UP-LKO,2023-10-19,24.0,30.5,19.3,62,82,0.0,0.0,11.4,295,18.13,4.33,1000.4,15.6,117.0,26.81898,80.93023
UP-LKO,2023-10-20,23.7,30.1,18.1,62,86,0.0,0.0,11.2,324,18.09,4.16,1001.0,15.2,117.0,26.81898,80.93023
UP-LKO,2023-10-21,23.9,30.4,18.6,60,82,0.0,0.0,8.8,49,17.82,3.9,1001.6,15.1,117.0,26.81898,80.93023
UP-LKO,2023-10-22,24.2,30.5,18.9,61,80,0.0,0.0,9.1,352,17.48,3.82,1001.7,15.8,117.0,26.81898,80.93023
UP-LKO,2023-10-23,24.6,31.1,18.7,62,91,0.0,0.0,9.4,338,16.83,3.82,1000.1,16.0,117.0,26.81898,80.93023
UP-LKO,2023-10-24,24.2,30.4,18.8,62,87,0.0,0.0,8.1,36,16.69,3.8,999.3,15.9,117.0,26.81898,80.93023
UP-LKO,2023-10-25,24.3,30.4,18.7,64,84,0.0,0.0,8.7,290,15.98,3.74,999.8,16.3,117.0,26.81898,80.93023
UP-LKO,2023-10-26,24.3,31.3,18.9,54,75,0.0,0.0,11.7,281,16.83,4.42,999.6,13.7,117.0,26.81898,80.93023
UP-LKO,2023-10-27,23.8,31.4,18.0,54,77,0.0,0.0,9.4,271,17.07,4.24,999.2,13.1,117.0,26.81898,80.93023
UP-LKO,2023-10-28,23.9,31.2,16.7,57,84,0.0,0.0,8.7,300,16.58,3.88,999.8,14.0,117.0,26.81898,80.93023
UP-LKO,2023-10-29,24.9,30.6,20.3,53,72,0.0,0.0,9.6,317,16.48,3.67,1000.2,14.4,117.0,26.81898,80.93023
UP-LKO,2023-10-30,24.0,30.4,17.4,64,86,0.0,0.0,8.0,16,16.34,3.46,1000.5,16.3,117.0,26.81898,80.93023
UP-LKO,2023-10-31,23.9,30.3,18.1,66,93,0.0,0.0,9.8,84,16.01,3.58,1001.7,16.7,117.0,26.81898,80.93023
UP-LKO,2023-11-01,24.8,30.5,19.8,61,83,0.0,0.0,9.2,45,15.8,3.42,1002.0,16.3,117.0,26.81898,80.93023
UP-LKO,2023-11-02,24.4,30.1,18.8,62,84,0.0,0.0,8.7,303,15.52,3.49,1000.4,16.2,117.0,26.81898,80.93023
UP-LKO,2023-11-03,23.5,30.2,18.3,67,90,0.0,0.0,9.6,275,15.25,3.54,998.1,16.4,117.0,26.81898,80.93023
UP-LKO,2023-11-04,24.1,30.4,18.0,65,86,0.0,0.0,11.5,298,15.49,3.61,998.3,16.7,117.0,26.81898,80.93023
UP-LKO,2023-11-05,23.6,30.2,18.1,69,97,0.0,0.0,12.2,290,14.96,3.55,1000.4,16.8,117.0,26.81898,80.93023
UP-LKO,2023-11-06,22.9,30.1,16.5,65,95,0.0,0.0,9.1,336,15.61,3.53,1001.6,15.0,117.0,26.81898,80.93023
UP-LKO,2023-11-07,22.9,29.7,16.6,64,93,0.0,0.0,11.2,308,15.65,3.61,1000.9,15.0,117.0,26.81898,80.93023
UP-LKO,2023-11-08,23.6,30.4,16.7,65,89,0.0,0.0,11.9,269,14.92,3.5,999.7,16.1,117.0,26.81898,80.93023
UP-LKO,2023-11-09,23.4,31.0,17.8,68,95,0.0,0.0,14.7,277,14.89,3.65,999.9,16.3,117.0,26.81898,80.93023
UP-LKO,2023-11-10,23.2,29.6,18.0,71,91,0.5,0.5,10.0,330,14.24,3.16,1001.7,17.3,117.0,26.81898,80.93023
UP-LKO,2023-11-11,22.0,27.1,19.1,77,89,1.8,1.8,13.4,338,9.24,2.08,1002.8,17.6,117.0,26.81898,80.93023
UP-LKO,2023-11-12,21.5,27.7,17.3,72,95,0.0,0.0,9.2,314,14.66,3.16,1003.4,15.6,117.0,26.81898,80.93023
UP-LKO,2023-11-13,21.1,27.6,15.2,71,94,0.0,0.0,9.4,324,14.4,3.03,1003.5,15.0,117.0,26.81898,80.93023
UP-LKO,2023-11-14,21.7,27.0,16.8,67,89,0.0,0.0,7.9,298,12.77,2.74,1002.9,14.9,117.0,26.81898,80.93023
UP-LKO,2023-11-15,20.6,27.3,14.8,71,94,0.0,0.0,9.2,314,14.53,2.97,1002.8,14.4,117.0,26.81898,80.93023
UP-LKO,2023-11-16,20.8,27.5,14.6,68,93,0.0,0.0,9.4,55,14.34,3.05,1003.7,14.1,117.0,26.81898,80.93023
UP-LKO,2023-11-17,21.5,27.9,15.6,67,89,0.0,0.0,9.2,307,13.96,3.0,1003.0,14.7,117.0,26.81898,80.93023
UP-LKO,2023-11-18,20.6,27.7,15.6,70,92,0.0,0.0,8.5,286,14.2,3.01,1002.2,14.3,117.0,26.81898,80.93023
UP-LKO,2023-11-19,21.7,28.2,14.9,66,91,0.0,0.0,8.5,23,13.52,2.84,1003.2,14.4,117.0,26.81898,80.93023
UP-LKO,2023-11-20,20.7,27.8,15.4,68,86,0.0,0.0,11.3,323,13.82,3.11,1003.0,14.1,117.0,26.81898,80.93023
UP-LKO,2023-11-21,20.3,26.9,15.4,68,90,0.0,0.0,14.3,295,14.13,3.27,1001.5,13.6,117.0,26.81898,80.93023
UP-LKO,2023-11-22,19.5,26.2,14.5,70,93,0.0,0.0,10.8,277,14.07,3.05,1000.2,13.3,117.0,26.81898,80.93023
UP-LKO,2023-11-23,19.4,25.7,13.1,67,92,0.0,0.0,8.7,318,14.01,2.68,1000.3,12.3,117.0,26.81898,80.93023
UP-LKO,2023-11-24,19.2,26.3,13.2,72,92,0.0,0.0,9.7,341,13.82,2.76,1001.5,13.5,117.0,26.81898,80.93023
UP-LKO,2023-11-25,19.7,26.6,13.3,72,95,0.0,0.0,10.1,320,13.62,2.71,1002.9,13.9,117.0,26.81898,80.93023
UP-LKO,2023-11-26,20.5,27.2,13.7,73,97,0.0,0.0,9.0,81,13.09,2.76,1003.7,14.9,117.0,26.81898,80.93023
UP-LKO,2023-11-27,19.5,23.4,16.5,81,93,0.1,0.1,10.4,131,4.77,1.22,1002.2,15.9,117.0,26.81898,80.93023
UP-LKO,2023-11-28,20.1,26.7,14.5,76,98,0.0,0.0,10.5,89,12.96,2.7,1000.9,15.0,117.0,26.81898,80.93023
UP-LKO,2023-11-29,20.9,26.9,16.3,72,95,0.0,0.0,7.4,102,12.88,2.69,1001.3,15.1,117.0,26.81898,80.93023
UP-LKO,2023-11-30,20.1,24.7,17.4,82,97,3.0,3.0,11.8,133,9.66,1.99,1002.5,16.7,117.0,26.81898,80.93023
UP-LKO,2023-12-01,20.9,26.0,16.3,79,100,0.0,0.0,7.9,63,12.73,2.33,1002.4,16.5,117.0,26.81898,80.93023
UP-LKO,2023-12-02,20.9,26.7,15.4,76,94,0.0,0.0,9.0,3,12.5,2.5,1002.4,16.2,117.0,26.81898,80.93023
UP-LKO,2023-12-03,21.2,28.1,15.6,69,94,0.0,0.0,8.5,329,12.88,2.63,1002.4,14.6,117.0,26.81898,80.93023
UP-LKO,2023-12-04,19.4,23.1,17.0,80,93,9.1,9.1,17.9,7,5.44,1.62,1001.5,15.6,117.0,26.81898,80.93023
UP-LKO,2023-12-05,18.3,22.3,15.5,85,95,1.1,1.1,11.2,312,5.75,1.23,1000.9,15.7,117.0,26.81898,80.93023
UP-LKO,2023-12-06,19.6,26.0,14.1,79,94,0.0,0.0,8.0,10,12.2,2.31,1001.7,15.6,117.0,26.81898,80.93023
UP-LKO,2023-12-07,20.3,25.5,16.6,76,94,0.0,0.0,8.0,344,11.98,2.32,1001.0,15.7,117.0,26.81898,80.93023
UP-LKO,2023-12-08,19.2,25.4,14.4,75,98,0.0,0.0,12.0,280,12.42,2.59,1000.7,14.3,117.0,26.81898,80.93023
UP-LKO,2023-12-09,17.8,24.2,13.7,72,92,0.0,0.0,15.9,288,13.19,2.82,1001.6,12.2,117.0,26.81898,80.93023
UP-LKO,2023-12-10,16.7,23.2,12.5,68,85,0.0,0.0,17.4,280,13.25,2.88,1000.2,10.3,117.0,26.81898,80.93023
UP-LKO,2023-12-11,15.5,22.7,10.3,75,95,0.0,0.0,9.8,291,13.18,2.46,1001.5,10.6,117.0,26.81898,80.93023
UP-LKO,2023-12-12,15.2,22.6,10.2,75,91,0.0,0.0,11.4,322,13.07,2.47,1000.5,10.3,117.0,26.81898,80.93023
UP-LKO,2023-12-13,15.6,23.0,9.5,73,94,0.0,0.0,13.9,292,12.96,2.62,1001.6,10.2,117.0,26.81898,80.93023
UP-LKO,2023-12-14,15.5,23.3,10.0,72,91,0.0,0.0,15.7,276,13.08,2.7,1002.8,9.8,117.0,26.81898,80.93023
UP-LKO,2023-12-15,14.7,22.7,8.8,73,96,0.0,0.0,10.1,285,13.2,2.53,1004.2,9.3,117.0,26.81898,80.93023
UP-LKO,2023-12-16,14.8,22.8,8.7,74,99,0.0,0.0,11.8,292,12.9,2.53,1002.9,9.7,117.0,26.81898,80.93023
UP-LKO,2023-12-17,14.3,22.3,7.7,68,93,0.0,0.0,11.1,310,13.23,2.64,1003.5,7.7,117.0,26.81898,80.93023
UP-LKO,2023-12-18,14.9,22.1,9.2,68,93,0.0,0.0,16.6,290,12.99,2.74,1004.4,8.4,117.0,26.81898,80.93023
UP-LKO,2023-12-19,14.4,21.6,9.4,73,91,0.0,0.0,10.7,280,12.91,2.42,1005.2,9.3,117.0,26.81898,80.93023
UP-LKO,2023-12-20,14.5,21.6,8.5,74,96,0.0,0.0,9.5,292,11.83,2.22,1005.0,9.4,117.0,26.81898,80.93023
UP-LKO,2023-12-21,14.4,21.1,9.0,76,94,0.0,0.0,8.3,272,12.04,2.13,1003.1,9.8,117.0,26.81898,80.93023
UP-LKO,2023-12-22,15.4,21.7,9.9,76,96,0.0,0.0,9.0,310,10.8,1.91,1003.2,10.7,117.0,26.81898,80.93023
UP-LKO,2023-12-23,15.9,23.3,10.1,76,94,0.0,0.0,14.5,48,11.84,2.28,1005.2,11.2,117.0,26.81898,80.93023
UP-LKO,2023-12-24,16.7,24.4,10.6,76,95,0.0,0.0,10.0,336,12.7,2.44,1006.0,11.9,117.0,26.81898,80.93023
UP-LKO,2023-12-25,16.3,23.8,10.7,77,96,0.0,0.0,9.3,295,12.76,2.37,1004.9,11.8,117.0,26.81898,80.93023
UP-LKO,2023-12-26,16.3,23.8,10.3,77,97,0.0,0.0,10.1,296,12.73,2.36,1004.7,11.8,117.0,26.81898,80.93023
UP-LKO,2023-12-27,16.1,23.4,10.3,78,99,0.0,0.0,9.7,293,12.77,2.29,1005.5,12.0,117.0,26.81898,80.93023
UP-LKO,2023-12-28,14.9,22.0,9.4,81,99,0.0,0.0,9.7,302,12.99,2.17,1004.5,11.2,117.0,26.81898,80.93023
UP-LKO,2023-12-29,14.1,21.7,8.6,83,98,0.0,0.0,9.8,324,13.0,2.16,1005.1,11.0,117.0,26.81898,80.93023
UP-LKO,2023-12-30,12.9,20.8,7.9,85,99,0.0,0.0,9.3,296,12.42,2.03,1004.0,10.1,117.0,26.81898,80.93023
UP-LKO,2023-12-31,11.8,19.4,6.3,87,100,0.0,0.0,9.4,329,12.05,1.91,1004.0,9.4,117.0,26.81898,80.93023
