site_id,date,temperature_2m_mean,temperature_2m_max,temperature_2m_min,relative_humidity_2m_mean,relative_humidity_2m_max,precipitation_sum,rain_sum,wind_speed_10m_max,wind_direction_10m_dominant,shortwave_radiation_sum,et0_fao_evapotranspiration,surface_pressure_mean,dew_point_2m_mean,elevation_m,lat,lon
UP-VNS,2020-12-01,18.1,25.8,11.2,66,94,0.0,0.0,10.5,265,14.32,2.88,1007.0,10.9,81.0,25.342705,82.98701
UP-VNS,2020-12-02,18.6,25.8,13.0,70,94,0.0,0.0,9.6,259,14.09,2.96,1005.0,12.4,81.0,25.342705,82.98701
UP-VNS,2020-12-03,19.2,26.2,13.4,73,96,0.0,0.0,10.1,273,13.95,2.82,1004.6,13.6,81.0,25.342705,82.98701
UP-VNS,2020-12-04,19.6,26.5,12.9,70,96,0.0,0.0,8.8,276,14.04,2.78,1003.5,13.4,81.0,25.342705,82.98701
UP-VNS,2020-12-05,19.6,26.6,12.3,69,95,0.0,0.0,8.1,259,13.96,2.76,1004.3,13.1,81.0,25.342705,82.98701
UP-VNS,2020-12-06,20.6,27.4,14.6,70,95,0.0,0.0,9.2,227,13.79,2.78,1005.5,14.3,81.0,25.342705,82.98701
UP-VNS,2020-12-07,19.9,27.6,13.9,76,95,0.0,0.0,10.9,282,13.7,2.89,1006.5,15.1,81.0,25.342705,82.98701
UP-VNS,2020-12-08,19.7,26.4,13.6,79,97,0.0,0.0,9.2,279,13.51,2.62,1007.0,15.6,81.0,25.342705,82.98701
UP-VNS,2020-12-09,19.7,26.4,14.9,77,95,0.0,0.0,10.3,266,13.75,2.77,1005.4,15.1,81.0,25.342705,82.98701
UP-VNS,2020-12-10,19.8,26.9,13.7,76,98,0.0,0.0,10.9,261,13.69,2.8,1004.6,14.9,81.0,25.342705,82.98701
UP-VNS,2020-12-11,19.9,26.4,13.6,80,99,0.0,0.0,9.0,286,11.81,2.39,1005.1,16.0,81.0,25.342705,82.98701
UP-VNS,2020-12-12,20.6,24.7,17.5,81,97,0.1,0.1,10.9,272,8.88,2.02,1004.9,16.9,81.0,25.342705,82.98701
UP-VNS,2020-12-13,20.3,25.1,16.8,79,95,2.2,2.2,14.4,272,11.45,2.49,1003.8,16.2,81.0,25.342705,82.98701
UP-VNS,2020-12-14,19.2,23.9,15.1,66,90,0.0,0.0,9.0,292,11.11,2.47,1005.4,12.1,81.0,25.342705,82.98701
UP-VNS,2020-12-15,18.4,22.4,15.0,72,88,1.4,1.4,7.7,284,7.88,1.64,1007.5,13.0,81.0,25.342705,82.98701
UP-VNS,2020-12-16,17.1,19.3,14.8,78,88,4.3,4.3,12.1,297,8.95,1.76,1008.6,13.1,81.0,25.342705,82.98701
UP-VNS,2020-12-17,15.7,21.3,11.9,64,91,0.0,0.0,18.4,277,13.7,2.99,1008.3,8.3,81.0,25.342705,82.98701
UP-VNS,2020-12-18,12.9,18.6,8.7,64,90,0.0,0.0,15.5,270,14.31,2.69,1008.2,6.0,81.0,25.342705,82.98701
UP-VNS,2020-12-19,13.0,19.8,8.4,71,92,0.0,0.0,11.8,268,14.14,2.56,1008.9,7.2,81.0,25.342705,82.98701
UP-VNS,2020-12-20,13.0,19.8,7.1,73,93,0.0,0.0,9.4,277,13.98,2.42,1009.0,7.8,81.0,25.342705,82.98701
UP-VNS,2020-12-21,13.0,19.8,7.6,78,95,0.0,0.0,10.2,274,13.66,2.29,1007.1,8.8,81.0,25.342705,82.98701
UP-VNS,2020-12-22,14.2,21.2,8.8,79,96,0.0,0.0,10.0,267,13.8,2.36,1005.8,10.3,81.0,25.342705,82.98701
UP-VNS,2020-12-23,14.7,21.9,9.4,81,98,0.0,0.0,9.2,261,13.89,2.35,1005.1,11.2,81.0,25.342705,82.98701
UP-VNS,2020-12-24,15.2,22.7,9.0,78,99,0.0,0.0,10.5,281,13.95,2.49,1004.9,11.0,81.0,25.342705,82.98701
UP-VNS,2020-12-25,15.0,23.0,9.1,69,93,0.0,0.0,12.4,277,14.2,2.82,1005.9,8.6,81.0,25.342705,82.98701
UP-VNS,2020-12-26,14.4,21.7,9.7,72,92,0.0,0.0,11.9,267,14.17,2.66,1006.4,8.9,81.0,25.342705,82.98701
UP-VNS,2020-12-27,14.8,21.8,8.0,70,94,0.0,0.0,9.4,275,14.17,2.54,1004.9,8.9,81.0,25.342705,82.98701
UP-VNS,2020-12-28,16.0,23.1,9.4,69,97,0.0,0.0,9.4,80,12.5,2.46,1004.3,9.7,81.0,25.342705,82.98701
UP-VNS,2020-12-29,15.8,22.4,10.3,71,92,0.0,0.0,9.3,282,13.86,2.58,1005.8,10.3,81.0,25.342705,82.98701
UP-VNS,2020-12-30,15.0,21.3,9.6,74,95,0.0,0.0,8.0,285,10.91,2.07,1007.6,10.0,81.0,25.342705,82.98701
UP-VNS,2020-12-31,14.6,21.5,10.0,68,86,0.0,0.0,10.6,285,13.92,2.65,1007.7,8.4,81.0,25.342705,82.98701
UP-VNS,2021-01-01,14.5,21.7,7.9,65,87,0.0,0.0,8.7,334,14.05,2.57,1007.9,7.6,81.0,25.342705,82.98701
UP-VNS,2021-01-02,16.5,23.1,11.8,71,90,0.0,0.0,8.8,15,13.75,2.39,1006.9,10.8,81.0,25.342705,82.98701
UP-VNS,2021-01-03,18.0,25.0,12.4,74,95,0.0,0.0,8.6,93,11.82,2.34,1005.0,12.9,81.0,25.342705,82.98701
UP-VNS,2021-01-04,18.8,26.1,13.3,75,95,0.0,0.0,9.2,76,12.67,2.6,1005.5,13.8,81.0,25.342705,82.98701
UP-VNS,2021-01-05,19.2,22.8,15.4,75,89,0.0,0.0,6.5,42,5.77,1.33,1006.0,14.5,81.0,25.342705,82.98701
UP-VNS,2021-01-06,19.6,25.3,15.7,80,95,0.0,0.0,9.7,272,6.81,1.51,1003.8,15.7,81.0,25.342705,82.98701
UP-VNS,2021-01-07,20.1,27.5,15.2,75,94,0.0,0.0,10.9,271,14.26,2.95,1002.8,14.9,81.0,25.342705,82.98701
UP-VNS,2021-01-08,19.6,26.1,14.4,79,97,0.0,0.0,8.8,291,13.98,2.67,1003.5,15.6,81.0,25.342705,82.98701
UP-VNS,2021-01-09,19.1,22.9,15.9,72,90,0.0,0.0,11.3,275,5.71,1.74,1003.6,13.7,81.0,25.342705,82.98701
UP-VNS,2021-01-10,21.4,26.8,18.0,72,88,0.0,0.0,16.0,266,13.19,3.21,1003.1,16.0,81.0,25.342705,82.98701
UP-VNS,2021-01-11,18.1,23.5,13.4,72,93,0.0,0.0,16.4,276,14.41,2.98,1005.0,12.7,81.0,25.342705,82.98701
UP-VNS,2021-01-12,13.4,19.6,8.7,65,89,0.0,0.0,15.3,278,15.32,2.82,1006.4,6.4,81.0,25.342705,82.98701
UP-VNS,2021-01-13,13.3,20.3,7.8,70,95,0.0,0.0,12.4,268,15.06,2.76,1005.7,7.4,81.0,25.342705,82.98701
UP-VNS,2021-01-14,12.7,19.5,7.0,75,96,0.0,0.0,10.8,294,15.11,2.53,1006.0,7.9,81.0,25.342705,82.98701
UP-VNS,2021-01-15,13.0,19.3,7.8,80,100,0.0,0.0,9.0,280,14.27,2.31,1004.7,9.2,81.0,25.342705,82.98701
UP-VNS,2021-01-16,14.2,20.5,9.4,79,98,0.0,0.0,8.0,230,15.07,2.46,1003.4,10.2,81.0,25.342705,82.98701
UP-VNS,2021-01-17,14.6,21.4,9.2,79,97,0.0,0.0,12.3,87,15.36,2.67,1006.2,10.5,81.0,25.342705,82.98701
UP-VNS,2021-01-18,14.5,21.1,9.0,82,100,0.0,0.0,10.8,86,14.74,2.43,1006.1,11.2,81.0,25.342705,82.98701
UP-VNS,2021-01-19,17.0,23.0,12.6,80,99,0.0,0.0,10.7,274,11.48,2.11,1002.9,13.3,81.0,25.342705,82.98701
UP-VNS,2021-01-20,17.2,23.9,12.2,75,95,0.0,0.0,14.8,262,15.46,3.02,1003.3,12.3,81.0,25.342705,82.98701
UP-VNS,2021-01-21,16.1,23.1,11.8,73,95,0.0,0.0,15.1,273,15.99,3.11,1003.5,10.5,81.0,25.342705,82.98701
UP-VNS,2021-01-22,14.4,21.0,9.3,81,98,0.0,0.0,9.0,343,15.27,2.58,1005.4,10.7,81.0,25.342705,82.98701
UP-VNS,2021-01-23,15.1,21.8,9.0,77,99,0.0,0.0,8.7,340,15.07,2.54,1004.1,10.5,81.0,25.342705,82.98701
UP-VNS,2021-01-24,16.1,24.0,10.3,78,97,0.0,0.0,9.6,73,15.54,2.8,1004.4,11.8,81.0,25.342705,82.98701
UP-VNS,2021-01-25,15.4,22.5,10.0,82,100,0.0,0.0,9.7,353,15.29,2.67,1006.8,11.9,81.0,25.342705,82.98701
UP-VNS,2021-01-26,14.4,20.7,9.4,81,100,0.0,0.0,10.9,306,13.55,2.41,1007.1,10.7,81.0,25.342705,82.98701
UP-VNS,2021-01-27,12.9,19.0,7.0,73,97,0.0,0.0,9.0,293,16.52,2.67,1007.6,7.7,81.0,25.342705,82.98701
UP-VNS,2021-01-28,12.7,18.8,6.5,77,100,0.0,0.0,8.5,87,16.3,2.58,1007.9,8.1,81.0,25.342705,82.98701
UP-VNS,2021-01-29,13.0,19.7,8.2,77,94,0.0,0.0,13.6,284,16.62,2.77,1007.7,8.6,81.0,25.342705,82.98701
UP-VNS,2021-01-30,13.7,20.0,9.3,75,96,0.0,0.0,14.2,267,15.96,2.78,1007.1,8.8,81.0,25.342705,82.98701
UP-VNS,2021-01-31,13.4,21.1,7.2,71,97,0.0,0.0,11.2,271,17.09,3.09,1008.0,7.5,81.0,25.342705,82.98701
UP-VNS,2021-02-01,13.7,22.0,6.2,72,99,0.0,0.0,10.4,275,17.18,3.11,1009.4,7.9,81.0,25.342705,82.98701
UP-VNS,2021-02-02,15.9,23.4,8.0,70,97,0.0,0.0,10.4,286,17.16,3.11,1008.5,9.7,81.0,25.342705,82.98701
UP-VNS,2021-02-03,16.6,24.9,9.6,73,96,0.0,0.0,11.2,119,17.01,3.17,1007.4,11.0,81.0,25.342705,82.98701
UP-VNS,2021-02-04,17.4,26.2,9.8,69,94,0.0,0.0,11.2,99,17.36,3.43,1006.3,10.8,81.0,25.342705,82.98701
UP-VNS,2021-02-05,18.1,25.4,12.3,68,89,0.0,0.0,14.9,26,15.73,3.34,1005.2,11.6,81.0,25.342705,82.98701
UP-VNS,2021-02-06,17.7,23.7,13.9,68,93,2.9,2.9,17.1,280,16.05,3.38,1006.5,11.1,81.0,25.342705,82.98701
UP-VNS,2021-02-07,16.4,23.0,10.5,65,86,0.0,0.0,11.6,273,17.76,3.49,1007.7,9.3,81.0,25.342705,82.98701
UP-VNS,2021-02-08,16.5,23.7,10.5,70,92,0.0,0.0,12.1,266,18.03,3.45,1007.6,10.5,81.0,25.342705,82.98701
UP-VNS,2021-02-09,17.3,24.1,11.7,73,94,0.0,0.0,10.9,266,17.91,3.4,1005.3,12.0,81.0,25.342705,82.98701
UP-VNS,2021-02-10,18.0,25.6,11.1,74,96,0.0,0.0,10.9,288,17.97,3.5,1003.5,12.6,81.0,25.342705,82.98701
UP-VNS,2021-02-11,18.9,26.2,11.7,73,99,0.0,0.0,9.8,343,18.1,3.49,1003.7,13.1,81.0,25.342705,82.98701
UP-VNS,2021-02-12,19.9,26.4,13.2,66,92,0.0,0.0,10.8,114,18.36,3.51,1004.6,12.6,81.0,25.342705,82.98701
UP-VNS,2021-02-13,19.2,26.5,11.8,68,97,0.0,0.0,11.1,321,18.55,3.61,1004.9,12.5,81.0,25.342705,82.98701
UP-VNS,2021-02-14,18.6,26.9,11.3,68,95,0.0,0.0,11.4,264,18.88,3.9,1004.4,11.5,81.0,25.342705,82.98701
UP-VNS,2021-02-15,19.1,27.2,11.2,65,96,0.0,0.0,12.4,276,18.89,3.93,1003.2,11.3,81.0,25.342705,82.98701
UP-VNS,2021-02-16,20.7,28.1,12.6,62,92,0.0,0.0,11.7,200,17.23,3.62,1002.7,12.4,81.0,25.342705,82.98701
UP-VNS,2021-02-17,20.8,27.5,14.6,70,96,0.1,0.1,13.5,251,18.12,3.67,1004.0,14.5,81.0,25.342705,82.98701
UP-VNS,2021-02-18,20.7,27.6,16.1,69,91,0.0,0.0,15.3,73,18.27,3.79,1006.4,14.0,81.0,25.342705,82.98701
UP-VNS,2021-02-19,20.5,27.6,14.6,63,96,0.0,0.0,10.5,37,17.73,3.74,1008.2,12.2,81.0,25.342705,82.98701
UP-VNS,2021-02-20,20.3,27.7,13.2,59,90,0.0,0.0,10.2,296,19.07,4.06,1008.1,11.3,81.0,25.342705,82.98701
UP-VNS,2021-02-21,20.2,28.2,13.0,59,90,0.0,0.0,11.5,269,19.43,4.4,1006.9,11.1,81.0,25.342705,82.98701
UP-VNS,2021-02-22,21.1,28.4,14.0,57,88,0.0,0.0,15.3,268,19.56,4.62,1005.3,11.5,81.0,25.342705,82.98701
UP-VNS,2021-02-23,22.0,29.3,14.6,58,88,0.0,0.0,12.4,266,19.48,4.6,1003.1,12.8,81.0,25.342705,82.98701
UP-VNS,2021-02-24,23.1,31.3,15.7,51,83,0.0,0.0,18.2,263,19.77,5.35,1001.0,11.5,81.0,25.342705,82.98701
UP-VNS,2021-02-25,24.4,32.6,17.7,46,65,0.0,0.0,24.5,264,20.04,6.18,999.2,11.5,81.0,25.342705,82.98701
UP-VNS,2021-02-26,25.0,32.4,18.6,46,74,0.0,0.0,22.8,262,20.33,6.38,997.7,11.6,81.0,25.342705,82.98701
UP-VNS,2021-02-27,25.7,33.6,18.9,44,61,0.0,0.0,23.5,264,19.47,6.33,997.5,11.9,81.0,25.342705,82.98701
UP-VNS,2021-02-28,25.5,33.3,18.6,47,69,0.0,0.0,12.6,268,19.6,5.46,998.7,12.6,81.0,25.342705,82.98701
UP-VNS,2021-03-01,24.4,32.4,17.2,49,77,0.0,0.0,15.0,287,20.46,5.4,1002.0,12.2,81.0,25.342705,82.98701
UP-VNS,2021-03-02,22.9,29.1,17.1,35,52,0.0,0.0,23.1,271,21.41,6.43,1003.7,6.0,81.0,25.342705,82.98701
UP-VNS,2021-03-03,22.5,29.5,15.6,40,65,0.0,0.0,13.7,269,21.25,5.68,1002.9,7.6,81.0,25.342705,82.98701
UP-VNS,2021-03-04,23.5,32.0,15.4,42,71,0.0,0.0,14.8,264,21.11,5.76,1002.2,8.8,81.0,25.342705,82.98701
UP-VNS,2021-03-05,24.4,33.5,15.4,42,78,0.0,0.0,16.6,267,21.28,6.07,1000.2,8.6,81.0,25.342705,82.98701
UP-VNS,2021-03-06,24.4,31.8,17.1,41,68,0.0,0.0,23.2,264,21.51,6.48,1001.4,9.1,81.0,25.342705,82.98701
UP-VNS,2021-03-07,24.4,32.9,15.9,46,79,0.0,0.0,11.8,253,21.25,5.28,1001.5,10.7,81.0,25.342705,82.98701
UP-VNS,2021-03-08,25.8,33.8,19.1,49,70,0.0,0.0,11.8,83,21.19,5.2,1001.7,13.6,81.0,25.342705,82.98701
UP-VNS,2021-03-09,26.2,34.2,18.9,57,90,0.0,0.0,11.5,51,20.17,5.01,1001.6,15.9,81.0,25.342705,82.98701
UP-VNS,2021-03-10,26.9,34.5,19.9,52,87,0.0,0.0,11.2,289,19.06,4.83,1001.6,14.6,81.0,25.342705,82.98701
UP-VNS,2021-03-11,27.3,34.5,20.9,48,72,0.0,0.0,9.5,338,19.76,4.96,1002.7,14.1,81.0,25.342705,82.98701
UP-VNS,2021-03-12,26.1,33.6,19.9,57,83,0.0,0.0,18.4,334,17.18,4.74,1005.1,15.9,81.0,25.342705,82.98701
UP-VNS,2021-03-13,24.1,30.1,20.3,63,83,0.2,0.2,12.3,268,17.12,4.11,1005.6,16.1,81.0,25.342705,82.98701
UP-VNS,2021-03-14,25.2,32.8,18.5,56,92,0.0,0.0,15.0,256,21.85,5.58,1002.4,14.5,81.0,25.342705,82.98701
UP-VNS,2021-03-15,25.8,33.5,17.8,46,74,0.0,0.0,16.2,262,22.33,6.04,1001.2,12.2,81.0,25.342705,82.98701
UP-VNS,2021-03-16,26.3,34.5,19.0,46,73,0.0,0.0,17.3,273,21.28,5.97,1001.1,12.5,81.0,25.342705,82.98701
UP-VNS,2021-03-17,26.1,34.6,17.9,41,67,0.0,0.0,17.5,272,22.73,6.41,1000.4,10.2,81.0,25.342705,82.98701
UP-VNS,2021-03-18,26.7,35.0,18.1,46,72,0.0,0.0,11.7,261,21.73,5.48,1000.4,12.9,81.0,25.342705,82.98701
UP-VNS,2021-03-19,27.2,34.7,19.8,47,74,0.0,0.0,18.7,276,19.64,5.47,1000.0,14.0,81.0,25.342705,82.98701
UP-VNS,2021-03-20,27.1,34.1,21.1,46,68,0.1,0.1,18.7,269,20.48,6.06,998.6,13.6,81.0,25.342705,82.98701
UP-VNS,2021-03-21,26.8,34.4,20.0,46,66,0.0,0.0,10.8,249,20.65,5.52,998.9,13.5,81.0,25.342705,82.98701
UP-VNS,2021-03-22,28.4,35.7,21.0,45,74,0.0,0.0,12.0,247,21.5,5.59,1001.0,14.0,81.0,25.342705,82.98701
UP-VNS,2021-03-23,28.5,35.6,20.2,41,61,0.0,0.0,9.3,267,21.85,5.45,1002.0,13.1,81.0,25.342705,82.98701
UP-VNS,2021-03-24,27.8,34.9,23.1,41,57,0.1,0.1,20.4,284,19.63,5.94,1002.0,12.8,81.0,25.342705,82.98701
UP-VNS,2021-03-25,27.2,34.6,20.5,32,51,0.0,0.0,20.2,280,23.51,7.25,1001.1,7.9,81.0,25.342705,82.98701
UP-VNS,2021-03-26,25.7,32.9,19.1,33,53,0.0,0.0,18.3,270,24.06,6.89,1000.9,7.4,81.0,25.342705,82.98701
UP-VNS,2021-03-27,26.5,34.4,17.9,39,59,0.0,0.0,11.3,283,23.75,6.0,999.6,10.5,81.0,25.342705,82.98701
UP-VNS,2021-03-28,27.7,35.9,19.2,42,75,0.0,0.0,10.8,284,23.4,6.01,997.2,12.3,81.0,25.342705,82.98701
UP-VNS,2021-03-29,29.4,37.6,20.8,39,72,0.0,0.0,16.7,282,23.17,6.72,995.1,12.9,81.0,25.342705,82.98701
UP-VNS,2021-03-30,30.9,39.8,21.3,31,59,0.0,0.0,25.3,261,23.89,8.73,989.9,10.0,81.0,25.342705,82.98701
UP-VNS,2021-03-31,30.7,37.3,25.3,22,35,0.0,0.0,26.7,276,24.45,9.8,989.5,4.9,81.0,25.342705,82.98701
UP-VNS,2021-04-01,27.6,35.6,20.4,18,33,0.0,0.0,20.4,270,25.36,8.34,992.2,0.2,81.0,25.342705,82.98701
UP-VNS,2021-04-02,27.0,36.8,18.2,23,42,0.0,0.0,15.9,275,24.95,7.43,995.4,2.5,81.0,25.342705,82.98701
UP-VNS,2021-04-03,27.7,36.5,19.1,24,48,0.0,0.0,12.0,21,24.9,6.67,997.9,3.2,81.0,25.342705,82.98701
UP-VNS,2021-04-04,28.3,37.0,19.3,17,37,0.0,0.0,15.8,281,25.14,7.42,998.9,0.2,81.0,25.342705,82.98701
UP-VNS,2021-04-05,29.1,38.0,18.7,28,59,0.0,0.0,11.5,268,24.55,6.72,998.9,6.7,81.0,25.342705,82.98701
UP-VNS,2021-04-06,30.7,38.7,22.4,31,48,0.0,0.0,12.4,88,24.33,6.72,997.8,10.5,81.0,25.342705,82.98701
UP-VNS,2021-04-07,31.6,39.4,24.8,34,54,0.0,0.0,14.1,67,22.47,7.24,997.6,12.5,81.0,25.342705,82.98701
UP-VNS,2021-04-08,31.3,38.4,23.2,39,70,0.0,0.0,16.6,57,21.78,6.48,996.6,14.3,81.0,25.342705,82.98701
UP-VNS,2021-04-09,31.7,38.2,24.7,33,66,0.0,0.0,11.6,35,22.72,6.58,997.8,12.0,81.0,25.342705,82.98701
UP-VNS,2021-04-10,30.6,37.9,24.0,31,56,0.0,0.0,14.3,276,22.29,6.56,999.8,10.0,81.0,25.342705,82.98701
UP-VNS,2021-04-11,30.7,39.0,21.4,19,36,0.0,0.0,13.3,293,24.36,7.4,1000.4,3.6,81.0,25.342705,82.98701
UP-VNS,2021-04-12,30.6,38.9,21.3,24,45,0.0,0.0,14.5,271,23.63,7.48,1000.8,5.7,81.0,25.342705,82.98701
UP-VNS,2021-04-13,31.2,40.2,22.8,21,35,0.0,0.0,17.4,263,24.8,8.43,999.2,4.6,81.0,25.342705,82.98701
UP-VNS,2021-04-14,31.9,41.2,23.3,19,30,0.0,0.0,19.1,266,24.72,8.38,997.5,3.7,81.0,25.342705,82.98701
UP-VNS,2021-04-15,32.2,40.4,22.4,22,39,0.0,0.0,14.8,273,24.33,7.48,996.5,6.3,81.0,25.342705,82.98701
UP-VNS,2021-04-16,32.2,40.5,24.5,22,39,0.0,0.0,16.8,262,24.32,8.24,996.4,6.8,81.0,25.342705,82.98701
UP-VNS,2021-04-17,31.0,37.4,24.0,33,51,0.0,0.0,21.9,29,21.18,7.14,998.1,12.1,81.0,25.342705,82.98701
UP-VNS,2021-04-18,31.0,37.8,23.8,36,73,0.0,0.0,19.1,315,23.67,7.56,999.5,11.5,81.0,25.342705,82.98701
UP-VNS,2021-04-19,31.5,39.2,23.8,21,35,0.0,0.0,26.1,279,25.56,9.33,996.5,5.5,81.0,25.342705,82.98701
UP-VNS,2021-04-20,31.7,39.8,23.0,26,41,0.0,0.0,12.3,257,24.67,7.22,995.2,8.7,81.0,25.342705,82.98701
UP-VNS,2021-04-21,31.2,37.7,25.3,36,62,0.0,0.0,20.4,87,19.93,6.16,996.9,13.8,81.0,25.342705,82.98701
UP-VNS,2021-04-22,29.0,35.8,23.6,43,66,0.0,0.0,22.6,7,22.7,6.65,1000.1,13.9,81.0,25.342705,82.98701
UP-VNS,2021-04-23,30.3,38.8,21.4,31,66,0.0,0.0,15.2,304,25.43,7.58,998.7,9.3,81.0,25.342705,82.98701
UP-VNS,2021-04-24,32.6,41.3,23.0,24,45,0.0,0.0,23.4,273,24.25,9.09,996.2,7.1,81.0,25.342705,82.98701
UP-VNS,2021-04-25,31.2,38.0,24.6,22,37,0.0,0.0,18.4,286,26.01,8.61,998.0,5.9,81.0,25.342705,82.98701
UP-VNS,2021-04-26,31.2,38.8,22.1,26,46,0.0,0.0,9.8,285,25.74,7.1,997.2,8.0,81.0,25.342705,82.98701
UP-VNS,2021-04-27,32.0,40.5,22.2,26,60,0.0,0.0,10.5,255,25.46,7.43,997.1,7.1,81.0,25.342705,82.98701
UP-VNS,2021-04-28,32.8,41.8,23.1,23,45,0.0,0.0,13.2,270,25.23,7.65,997.1,6.8,81.0,25.342705,82.98701
UP-VNS,2021-04-29,32.9,41.2,25.2,28,42,0.0,0.0,20.9,47,24.25,8.13,996.8,10.7,81.0,25.342705,82.98701
UP-VNS,2021-04-30,31.1,38.2,25.1,40,63,0.2,0.2,15.0,66,22.54,6.88,997.0,15.4,81.0,25.342705,82.98701
UP-VNS,2021-05-01,32.2,39.5,24.6,36,62,0.0,0.0,25.3,74,22.82,6.92,996.7,14.1,81.0,25.342705,82.98701
UP-VNS,2021-05-02,31.6,37.9,26.5,45,63,0.0,0.0,18.7,57,20.76,6.62,997.6,17.2,81.0,25.342705,82.98701
UP-VNS,2021-05-03,29.6,35.6,25.6,54,71,1.8,1.8,12.3,4,18.23,5.04,997.1,18.9,81.0,25.342705,82.98701
UP-VNS,2021-05-04,30.8,35.5,25.1,45,67,0.3,0.3,22.0,82,20.9,6.48,996.5,17.0,81.0,25.342705,82.98701
UP-VNS,2021-05-05,31.2,39.4,25.9,48,70,0.0,0.0,18.1,76,21.14,6.85,996.0,17.9,81.0,25.342705,82.98701
UP-VNS,2021-05-06,30.4,36.9,25.7,54,75,0.0,0.0,21.0,90,22.03,6.11,997.6,19.5,81.0,25.342705,82.98701
UP-VNS,2021-05-07,30.5,36.2,25.6,55,76,0.6,0.6,15.0,73,21.48,5.93,998.7,20.1,81.0,25.342705,82.98701
UP-VNS,2021-05-08,31.6,36.9,25.9,49,72,0.0,0.0,13.2,74,23.69,6.56,997.8,19.1,81.0,25.342705,82.98701
UP-VNS,2021-05-09,31.8,37.5,26.4,48,69,0.0,0.0,13.3,73,22.01,6.07,996.0,18.9,81.0,25.342705,82.98701
UP-VNS,2021-05-10,30.9,37.6,25.1,54,79,0.3,0.3,14.6,88,23.09,5.81,995.1,19.5,81.0,25.342705,82.98701
UP-VNS,2021-05-11,31.2,37.4,25.6,51,80,0.0,0.0,16.0,47,21.94,6.08,994.0,19.0,81.0,25.342705,82.98701
UP-VNS,2021-05-12,30.3,34.6,26.3,57,78,1.1,1.1,21.2,75,19.91,5.52,992.7,20.5,81.0,25.342705,82.98701
UP-VNS,2021-05-13,28.9,33.2,23.9,64,90,0.2,0.2,13.3,79,21.12,5.3,993.7,21.1,81.0,25.342705,82.98701
UP-VNS,2021-05-14,30.2,36.0,24.4,59,89,0.0,0.0,12.6,353,23.82,6.02,993.5,20.4,81.0,25.342705,82.98701
UP-VNS,2021-05-15,32.2,38.3,26.6,51,72,0.0,0.0,9.8,36,21.88,5.92,994.2,20.0,81.0,25.342705,82.98701
UP-VNS,2021-05-16,33.6,39.2,27.1,47,68,0.0,0.0,10.7,31,22.26,6.19,995.1,20.0,81.0,25.342705,82.98701
UP-VNS,2021-05-17,34.1,39.7,28.5,44,65,0.0,0.0,15.6,314,21.01,6.33,995.6,19.6,81.0,25.342705,82.98701
UP-VNS,2021-05-18,29.8,34.7,25.8,61,81,2.9,2.9,16.9,16,20.57,5.37,996.5,21.3,81.0,25.342705,82.98701
UP-VNS,2021-05-19,27.1,29.8,24.7,77,93,9.1,9.1,14.5,48,10.53,2.76,995.2,22.5,81.0,25.342705,82.98701
UP-VNS,2021-05-20,26.9,31.9,24.1,86,97,45.2,45.2,16.2,102,14.17,3.24,994.0,24.2,81.0,25.342705,82.98701
UP-VNS,2021-05-21,28.1,32.2,24.8,76,98,0.4,0.4,19.1,277,21.21,4.93,994.6,22.9,81.0,25.342705,82.98701
UP-VNS,2021-05-22,29.4,34.0,23.4,70,98,0.0,0.0,14.8,311,24.17,5.58,994.0,22.9,81.0,25.342705,82.98701
UP-VNS,2021-05-23,30.4,36.0,25.0,64,92,0.0,0.0,13.6,297,24.7,6.03,994.1,22.2,81.0,25.342705,82.98701
UP-VNS,2021-05-24,30.3,36.8,24.8,56,87,0.0,0.0,17.9,303,24.02,6.68,993.8,19.6,81.0,25.342705,82.98701
UP-VNS,2021-05-25,29.9,35.8,23.1,52,71,0.0,0.0,13.7,340,25.05,6.33,990.8,18.6,81.0,25.342705,82.98701
UP-VNS,2021-05-26,29.3,33.4,25.6,68,88,2.1,2.1,17.7,65,16.95,4.91,989.8,22.6,81.0,25.342705,82.98701
UP-VNS,2021-05-27,25.4,27.1,23.9,90,92,33.6,33.6,24.3,23,5.96,1.72,989.9,23.5,81.0,25.342705,82.98701
UP-VNS,2021-05-28,25.5,28.1,23.4,85,94,16.6,16.6,25.1,272,8.02,2.29,990.2,22.7,81.0,25.342705,82.98701
UP-VNS,2021-05-29,26.2,28.7,23.7,81,92,2.0,2.0,14.3,248,10.53,2.67,993.7,22.5,81.0,25.342705,82.98701
UP-VNS,2021-05-30,27.7,31.9,24.0,81,94,1.7,1.7,15.3,298,15.33,3.56,993.0,23.8,81.0,25.342705,82.98701
UP-VNS,2021-05-31,30.4,35.3,24.7,76,97,0.0,0.0,9.6,1,24.41,5.48,991.1,25.4,81.0,25.342705,82.98701
UP-VNS,2021-06-01,30.5,35.5,26.9,74,94,0.0,0.0,13.9,104,16.89,4.25,992.4,25.0,81.0,25.342705,82.98701
UP-VNS,2021-06-02,29.5,34.5,25.1,78,98,0.0,0.0,7.2,43,24.21,5.34,994.4,24.9,81.0,25.342705,82.98701
UP-VNS,2021-06-03,31.4,36.2,26.6,67,90,0.0,0.0,10.6,143,21.81,5.21,995.1,24.2,81.0,25.342705,82.98701
UP-VNS,2021-06-04,32.2,37.1,28.1,60,77,0.0,0.0,16.2,258,21.9,5.98,994.9,23.2,81.0,25.342705,82.98701
UP-VNS,2021-06-05,31.6,34.7,29.1,61,68,0.3,0.3,18.5,241,17.86,5.65,994.5,22.9,81.0,25.342705,82.98701
UP-VNS,2021-06-06,32.3,36.3,27.4,57,78,0.1,0.1,16.7,256,22.66,6.72,993.6,22.4,81.0,25.342705,82.98701
UP-VNS,2021-06-07,33.4,37.2,30.1,51,61,0.6,0.6,20.9,248,21.83,7.33,991.4,21.8,81.0,25.342705,82.98701
UP-VNS,2021-06-08,33.9,38.0,30.9,51,66,0.0,0.0,22.1,257,23.33,7.56,989.3,22.0,81.0,25.342705,82.98701
UP-VNS,2021-06-09,30.4,33.1,27.7,68,81,2.1,2.1,9.6,131,15.81,3.96,989.7,23.6,81.0,25.342705,82.98701
UP-VNS,2021-06-10,30.3,34.2,27.1,74,91,1.1,1.1,11.3,109,20.27,4.73,988.5,24.8,81.0,25.342705,82.98701
UP-VNS,2021-06-11,29.7,33.3,26.9,81,97,7.5,7.5,12.6,91,18.58,4.17,988.1,25.8,81.0,25.342705,82.98701
UP-VNS,2021-06-12,27.8,30.9,25.7,84,94,3.0,3.0,16.5,53,12.99,3.1,989.4,24.8,81.0,25.342705,82.98701
UP-VNS,2021-06-13,28.1,32.0,26.1,84,95,13.8,13.8,14.0,100,15.97,3.64,988.3,25.1,81.0,25.342705,82.98701
UP-VNS,2021-06-14,27.8,31.3,26.1,88,96,21.6,21.6,14.7,74,14.35,3.16,986.4,25.5,81.0,25.342705,82.98701
UP-VNS,2021-06-15,27.0,30.5,25.2,90,99,22.7,22.7,15.5,281,11.25,2.43,984.9,25.1,81.0,25.342705,82.98701
UP-VNS,2021-06-16,27.7,30.4,25.1,87,99,1.0,1.0,12.9,343,9.68,2.33,987.9,25.2,81.0,25.342705,82.98701
UP-VNS,2021-06-17,26.5,28.8,25.4,91,98,51.5,51.5,21.1,18,5.52,1.51,988.2,24.8,81.0,25.342705,82.98701
UP-VNS,2021-06-18,26.9,30.0,25.0,86,94,10.1,10.1,22.1,61,12.57,2.89,987.4,24.4,81.0,25.342705,82.98701
UP-VNS,2021-06-19,26.0,28.2,25.2,93,97,28.9,28.9,20.1,241,6.06,1.46,988.7,24.7,81.0,25.342705,82.98701
UP-VNS,2021-06-20,27.1,31.0,24.2,86,96,36.6,36.6,26.7,258,12.16,3.0,990.5,24.3,81.0,25.342705,82.98701
UP-VNS,2021-06-21,28.7,32.1,25.2,83,96,1.6,1.6,13.8,269,17.64,3.97,991.3,25.4,81.0,25.342705,82.98701
UP-VNS,2021-06-22,27.2,30.9,25.6,90,99,27.9,27.9,13.0,286,8.54,2.0,991.0,25.3,81.0,25.342705,82.98701
UP-VNS,2021-06-23,28.0,32.0,25.5,87,98,4.6,4.6,12.3,94,16.52,3.62,991.6,25.5,81.0,25.342705,82.98701
UP-VNS,2021-06-24,28.2,32.5,25.5,87,97,9.8,9.8,13.9,51,16.5,3.56,991.0,25.6,81.0,25.342705,82.98701
UP-VNS,2021-06-25,27.5,29.6,25.9,89,99,7.3,7.3,9.0,19,10.58,2.36,990.5,25.5,81.0,25.342705,82.98701
UP-VNS,2021-06-26,27.2,30.6,25.0,89,98,11.9,11.9,11.5,66,13.69,2.99,992.0,25.1,81.0,25.342705,82.98701
UP-VNS,2021-06-27,28.4,32.6,25.1,86,98,12.6,12.6,10.5,69,18.45,3.99,994.5,25.8,81.0,25.342705,82.98701
UP-VNS,2021-06-28,29.8,33.6,26.6,84,98,7.7,7.7,10.5,219,18.26,4.01,993.6,26.6,81.0,25.342705,82.98701
UP-VNS,2021-06-29,31.2,35.1,27.4,77,93,1.6,1.6,16.9,243,17.28,4.45,990.8,26.4,81.0,25.342705,82.98701
UP-VNS,2021-06-30,32.9,37.1,30.0,65,75,0.0,0.0,25.0,239,20.03,6.38,988.0,25.4,81.0,25.342705,82.98701
UP-VNS,2021-07-01,32.6,36.0,30.0,67,83,0.1,0.1,27.1,235,20.51,6.38,987.6,25.4,81.0,25.342705,82.98701
UP-VNS,2021-07-02,31.3,34.2,29.3,71,82,0.3,0.3,21.8,232,18.93,5.35,989.2,25.3,81.0,25.342705,82.98701
UP-VNS,2021-07-03,29.9,32.9,27.3,78,86,9.3,9.3,19.8,247,17.55,4.39,991.2,25.5,81.0,25.342705,82.98701
UP-VNS,2021-07-04,30.2,34.1,27.7,80,91,7.0,7.0,16.7,241,19.82,4.56,992.4,26.3,81.0,25.342705,82.98701
UP-VNS,2021-07-05,30.5,34.8,27.4,80,95,13.7,13.7,12.8,240,19.97,4.54,992.5,26.6,81.0,25.342705,82.98701
UP-VNS,2021-07-06,31.4,35.1,28.0,75,93,0.6,0.6,13.0,232,19.61,4.83,990.9,26.2,81.0,25.342705,82.98701
UP-VNS,2021-07-07,32.0,35.6,28.3,72,86,1.0,1.0,14.8,244,17.91,4.76,990.0,26.0,81.0,25.342705,82.98701
UP-VNS,2021-07-08,29.2,31.3,27.1,84,94,6.2,6.2,12.2,171,7.46,2.08,990.9,26.1,81.0,25.342705,82.98701
UP-VNS,2021-07-09,28.8,32.4,26.3,82,95,1.4,1.4,11.3,91,14.59,3.41,990.7,25.3,81.0,25.342705,82.98701
UP-VNS,2021-07-10,30.3,33.3,27.2,80,95,4.8,4.8,12.8,92,20.22,4.72,990.4,26.4,81.0,25.342705,82.98701
UP-VNS,2021-07-11,29.9,33.7,28.0,81,91,6.9,6.9,21.2,89,16.74,4.3,992.5,26.1,81.0,25.342705,82.98701
UP-VNS,2021-07-12,30.6,33.5,27.5,75,87,1.4,1.4,19.5,92,20.46,5.18,993.7,25.6,81.0,25.342705,82.98701
UP-VNS,2021-07-13,31.2,34.7,27.6,69,84,0.0,0.0,16.4,98,24.48,6.2,992.6,24.7,81.0,25.342705,82.98701
UP-VNS,2021-07-14,31.1,34.2,28.1,69,84,0.3,0.3,16.5,97,23.16,6.07,992.1,24.7,81.0,25.342705,82.98701
UP-VNS,2021-07-15,31.0,34.2,27.9,71,84,2.0,2.0,13.7,92,21.1,5.46,993.1,25.0,81.0,25.342705,82.98701
UP-VNS,2021-07-16,31.6,35.1,28.4,72,85,1.3,1.3,11.9,110,21.1,5.05,994.7,25.8,81.0,25.342705,82.98701
UP-VNS,2021-07-17,31.3,35.2,29.3,74,87,0.1,0.1,19.7,216,15.86,4.37,993.3,25.9,81.0,25.342705,82.98701
UP-VNS,2021-07-18,29.6,32.9,27.8,82,95,7.2,7.2,11.8,217,12.3,3.07,991.7,26.1,81.0,25.342705,82.98701
UP-VNS,2021-07-19,29.6,32.7,26.9,82,95,6.0,6.0,9.6,221,18.03,4.05,990.1,26.2,81.0,25.342705,82.98701
UP-VNS,2021-07-20,28.1,30.8,26.0,89,97,24.3,24.3,10.8,266,8.96,2.08,990.2,26.1,81.0,25.342705,82.98701
UP-VNS,2021-07-21,27.4,29.2,25.7,91,97,8.1,8.1,10.7,295,7.18,1.66,988.3,25.8,81.0,25.342705,82.98701
UP-VNS,2021-07-22,29.1,32.8,25.9,84,98,9.9,9.9,14.8,92,16.88,3.87,986.2,25.9,81.0,25.342705,82.98701
UP-VNS,2021-07-23,30.2,33.9,27.5,79,91,8.6,8.6,15.2,82,21.48,5.0,986.7,26.1,81.0,25.342705,82.98701
UP-VNS,2021-07-24,29.0,32.8,26.6,81,91,12.8,12.8,28.9,81,16.91,4.23,986.7,25.4,81.0,25.342705,82.98701
UP-VNS,2021-07-25,30.0,33.0,26.6,77,90,0.7,0.7,16.9,125,20.09,4.85,988.0,25.2,81.0,25.342705,82.98701
UP-VNS,2021-07-26,29.6,32.1,27.4,79,91,1.3,1.3,10.5,211,14.73,3.6,987.6,25.5,81.0,25.342705,82.98701
UP-VNS,2021-07-27,29.3,31.7,27.2,80,95,6.9,6.9,12.8,208,15.06,3.57,985.8,25.5,81.0,25.342705,82.98701
UP-VNS,2021-07-28,27.3,30.5,26.1,91,97,77.5,77.5,19.5,293,10.6,2.4,987.1,25.7,81.0,25.342705,82.98701
UP-VNS,2021-07-29,27.2,29.8,25.9,88,95,25.5,25.5,23.5,229,10.79,2.59,987.6,24.8,81.0,25.342705,82.98701
UP-VNS,2021-07-30,27.9,30.9,25.9,86,95,8.8,8.8,13.2,5,15.54,3.4,988.5,25.4,81.0,25.342705,82.98701
UP-VNS,2021-07-31,26.6,29.0,25.5,91,98,21.4,21.4,26.0,22,7.88,1.91,985.1,25.0,81.0,25.342705,82.98701
UP-VNS,2021-08-01,27.5,31.5,25.2,84,96,56.0,56.0,25.4,159,13.88,3.39,986.3,24.4,81.0,25.342705,82.98701
UP-VNS,2021-08-02,28.1,30.9,25.6,80,88,0.5,0.5,13.3,162,13.86,3.43,989.4,24.2,81.0,25.342705,82.98701
UP-VNS,2021-08-03,29.0,32.5,26.1,76,86,0.0,0.0,13.3,228,18.63,4.49,991.5,24.1,81.0,25.342705,82.98701
UP-VNS,2021-08-04,29.0,32.0,26.5,76,85,0.0,0.0,12.6,231,15.81,3.87,992.2,24.3,81.0,25.342705,82.98701
UP-VNS,2021-08-05,29.6,33.1,26.6,77,89,0.6,0.6,8.7,191,20.58,4.66,990.2,25.0,81.0,25.342705,82.98701
UP-VNS,2021-08-06,29.6,32.9,27.0,84,96,8.3,8.3,8.5,167,19.7,4.3,990.0,26.4,81.0,25.342705,82.98701
UP-VNS,2021-08-07,29.2,32.4,27.1,85,95,7.9,7.9,8.9,151,18.36,4.01,991.9,26.3,81.0,25.342705,82.98701
UP-VNS,2021-08-08,28.2,31.4,26.5,88,97,19.1,19.1,11.8,196,12.47,2.77,993.7,25.9,81.0,25.342705,82.98701
UP-VNS,2021-08-09,27.5,30.6,26.0,90,97,10.8,10.8,13.3,245,11.79,2.56,993.2,25.7,81.0,25.342705,82.98701
UP-VNS,2021-08-10,27.3,30.6,25.5,91,97,18.0,18.0,19.8,262,12.77,2.73,991.4,25.6,81.0,25.342705,82.98701
UP-VNS,2021-08-11,27.1,29.5,25.6,92,97,27.4,27.4,25.3,280,9.74,2.17,992.0,25.5,81.0,25.342705,82.98701
UP-VNS,2021-08-12,27.2,29.7,25.8,90,97,44.7,44.7,22.0,270,9.23,2.16,993.6,25.3,81.0,25.342705,82.98701
UP-VNS,2021-08-13,29.1,33.2,26.5,80,93,0.3,0.3,17.9,264,19.43,4.56,992.4,25.2,81.0,25.342705,82.98701
UP-VNS,2021-08-14,29.6,33.2,26.7,79,93,0.8,0.8,17.3,258,22.04,5.04,990.8,25.5,81.0,25.342705,82.98701
UP-VNS,2021-08-15,29.6,32.8,27.1,81,92,0.6,0.6,17.3,258,22.15,4.9,991.9,25.8,81.0,25.342705,82.98701
UP-VNS,2021-08-16,29.7,33.8,26.8,84,95,4.0,4.0,10.5,248,19.36,4.23,994.2,26.5,81.0,25.342705,82.98701
UP-VNS,2021-08-17,29.4,32.7,26.6,88,98,19.2,19.2,7.8,87,16.47,3.55,994.1,27.1,81.0,25.342705,82.98701
UP-VNS,2021-08-18,28.8,31.1,26.8,89,98,21.8,21.8,11.6,73,14.76,3.15,992.0,26.7,81.0,25.342705,82.98701
UP-VNS,2021-08-19,27.6,31.2,25.8,90,97,16.5,16.5,11.3,88,15.36,3.25,991.1,25.8,81.0,25.342705,82.98701
UP-VNS,2021-08-20,28.2,31.3,26.3,88,97,12.8,12.8,16.0,105,14.99,3.22,993.3,26.0,81.0,25.342705,82.98701
UP-VNS,2021-08-21,28.6,32.1,26.3,86,97,8.7,8.7,10.3,118,18.17,3.9,996.1,25.9,81.0,25.342705,82.98701
UP-VNS,2021-08-22,29.1,32.5,26.5,84,97,10.7,10.7,14.0,235,19.71,4.21,995.7,26.1,81.0,25.342705,82.98701
UP-VNS,2021-08-23,29.3,32.6,27.4,82,91,6.3,6.3,18.0,248,16.37,3.85,994.2,25.8,81.0,25.342705,82.98701
UP-VNS,2021-08-24,29.3,33.0,27.2,83,94,10.0,10.0,16.8,247,18.18,4.16,993.2,26.0,81.0,25.342705,82.98701
UP-VNS,2021-08-25,28.4,31.1,26.1,85,94,10.0,10.0,22.6,255,13.05,3.19,990.9,25.5,81.0,25.342705,82.98701
UP-VNS,2021-08-26,28.0,29.7,26.6,83,87,0.6,0.6,16.3,254,6.37,2.09,990.7,24.8,81.0,25.342705,82.98701
UP-VNS,2021-08-27,28.2,30.4,26.8,85,96,1.9,1.9,10.6,251,11.15,2.56,993.0,25.5,81.0,25.342705,82.98701
UP-VNS,2021-08-28,28.4,31.5,25.9,87,98,1.0,1.0,12.5,70,15.34,3.4,992.3,25.9,81.0,25.342705,82.98701
UP-VNS,2021-08-29,27.9,30.7,26.3,88,97,7.8,7.8,18.6,78,12.11,2.79,992.6,25.6,81.0,25.342705,82.98701
UP-VNS,2021-08-30,28.0,30.9,25.8,86,96,5.5,5.5,19.2,87,16.13,3.58,994.9,25.4,81.0,25.342705,82.98701
UP-VNS,2021-08-31,28.8,32.0,26.0,82,91,1.5,1.5,18.9,96,19.98,4.51,996.8,25.4,81.0,25.342705,82.98701
UP-VNS,2021-09-01,29.7,32.6,26.4,82,95,1.1,1.1,9.7,102,20.69,4.5,996.4,26.2,81.0,25.342705,82.98701
UP-VNS,2021-09-02,29.7,32.9,27.0,83,97,3.1,3.1,11.7,198,16.98,3.8,995.3,26.3,81.0,25.342705,82.98701
UP-VNS,2021-09-03,28.7,32.2,26.7,86,96,12.7,12.7,8.9,191,16.34,3.53,994.2,26.0,81.0,25.342705,82.98701
UP-VNS,2021-09-04,28.6,32.0,25.7,86,98,16.4,16.4,9.0,253,17.48,3.72,993.4,25.9,81.0,25.342705,82.98701
UP-VNS,2021-09-05,29.4,32.6,26.4,84,97,5.9,5.9,7.4,185,18.04,3.9,993.2,26.4,81.0,25.342705,82.98701
UP-VNS,2021-09-06,29.3,31.3,27.4,87,97,5.6,5.6,18.1,72,16.42,3.57,994.4,26.8,81.0,25.342705,82.98701
UP-VNS,2021-09-07,28.6,31.5,27.1,82,91,4.1,4.1,27.8,85,18.8,4.47,995.0,25.1,81.0,25.342705,82.98701
UP-VNS,2021-09-08,28.2,31.3,26.0,84,93,6.4,6.4,24.0,95,17.53,3.95,994.9,25.2,81.0,25.342705,82.98701
UP-VNS,2021-09-09,28.1,31.4,26.0,87,95,19.0,19.0,11.1,113,16.78,3.59,994.4,25.7,81.0,25.342705,82.98701
UP-VNS,2021-09-10,27.9,31.7,25.0,88,96,23.2,23.2,13.0,89,14.7,3.12,994.3,25.6,81.0,25.342705,82.98701
UP-VNS,2021-09-11,28.3,31.3,25.2,86,97,14.5,14.5,17.7,85,15.55,3.36,993.7,25.7,81.0,25.342705,82.98701
UP-VNS,2021-09-12,29.5,32.7,26.4,79,92,0.0,0.0,12.2,89,21.17,4.7,991.2,25.3,81.0,25.342705,82.98701
UP-VNS,2021-09-13,29.2,32.8,26.7,82,93,6.4,6.4,23.0,75,17.76,4.23,990.5,25.7,81.0,25.342705,82.98701
UP-VNS,2021-09-14,27.3,30.0,25.7,86,94,12.0,12.0,32.3,77,10.53,2.83,990.8,24.6,81.0,25.342705,82.98701
UP-VNS,2021-09-15,25.8,27.0,25.1,93,94,37.5,37.5,32.6,92,6.26,1.58,991.6,24.5,81.0,25.342705,82.98701
UP-VNS,2021-09-16,26.5,28.7,25.4,90,94,32.7,32.7,22.4,121,6.2,1.66,992.4,24.8,81.0,25.342705,82.98701
UP-VNS,2021-09-17,27.0,31.1,25.3,89,95,57.8,57.8,13.7,120,13.23,2.89,992.9,24.9,81.0,25.342705,82.98701
UP-VNS,2021-09-18,27.7,30.9,25.1,88,98,2.3,2.3,7.7,141,15.4,3.24,995.4,25.5,81.0,25.342705,82.98701
UP-VNS,2021-09-19,28.3,30.9,25.8,89,99,4.1,4.1,7.6,259,14.77,3.11,997.5,26.2,81.0,25.342705,82.98701
UP-VNS,2021-09-20,28.4,32.0,25.3,88,98,10.0,10.0,10.2,102,17.96,3.83,996.8,26.1,81.0,25.342705,82.98701
UP-VNS,2021-09-21,28.7,32.0,26.4,85,96,0.8,0.8,13.1,59,17.46,3.79,995.4,25.8,81.0,25.342705,82.98701
UP-VNS,2021-09-22,27.9,31.2,25.6,83,95,2.3,2.3,18.2,78,19.02,4.12,994.7,24.7,81.0,25.342705,82.98701
UP-VNS,2021-09-23,26.9,29.4,25.4,89,94,20.7,20.7,22.5,85,10.74,2.39,995.1,24.9,81.0,25.342705,82.98701
UP-VNS,2021-09-24,28.0,31.3,25.4,88,98,9.5,9.5,11.7,97,16.92,3.51,996.3,25.8,81.0,25.342705,82.98701
UP-VNS,2021-09-25,28.3,32.2,25.7,86,96,5.7,5.7,10.5,74,15.66,3.42,995.8,25.7,81.0,25.342705,82.98701
UP-VNS,2021-09-26,28.7,32.1,26.1,87,97,6.5,6.5,11.8,76,15.49,3.35,995.0,26.3,81.0,25.342705,82.98701
UP-VNS,2021-09-27,29.1,32.5,26.6,84,96,0.1,0.1,18.2,83,18.51,4.23,995.0,25.9,81.0,25.342705,82.98701
UP-VNS,2021-09-28,28.3,31.9,26.1,82,95,1.4,1.4,18.5,94,17.43,4.03,996.4,24.9,81.0,25.342705,82.98701
UP-VNS,2021-09-29,28.0,31.1,25.4,84,92,1.2,1.2,14.4,82,18.23,3.93,997.9,24.9,81.0,25.342705,82.98701
UP-VNS,2021-09-30,27.5,30.9,25.1,83,96,1.7,1.7,17.7,40,17.13,3.76,998.3,24.3,81.0,25.342705,82.98701
UP-VNS,2021-10-01,25.1,26.1,24.3,92,94,48.2,48.2,31.7,348,6.9,1.6,996.4,23.6,81.0,25.342705,82.98701
UP-VNS,2021-10-02,25.4,28.5,23.9,90,96,34.4,34.4,26.2,295,8.61,1.98,996.6,23.5,81.0,25.342705,82.98701
UP-VNS,2021-10-03,27.9,32.3,24.4,87,98,2.0,2.0,17.5,272,18.2,3.81,996.1,25.3,81.0,25.342705,82.98701
UP-VNS,2021-10-04,28.3,31.8,24.8,85,99,3.3,3.3,10.1,291,17.09,3.61,996.3,25.4,81.0,25.342705,82.98701
UP-VNS,2021-10-05,28.3,31.8,25.9,85,98,1.8,1.8,11.0,329,15.92,3.4,998.2,25.3,81.0,25.342705,82.98701
UP-VNS,2021-10-06,28.0,31.3,25.3,89,100,0.5,0.5,9.0,297,15.5,3.29,997.7,25.8,81.0,25.342705,82.98701
UP-VNS,2021-10-07,28.4,31.8,25.3,86,98,0.8,0.8,9.1,275,16.08,3.43,996.4,25.7,81.0,25.342705,82.98701
UP-VNS,2021-10-08,28.2,32.5,24.9,79,97,0.2,0.2,10.1,288,19.92,4.4,995.7,23.9,81.0,25.342705,82.98701
UP-VNS,2021-10-09,27.3,31.0,24.2,79,92,0.7,0.7,10.9,264,17.43,3.86,996.3,23.2,81.0,25.342705,82.98701
UP-VNS,2021-10-10,27.5,32.2,23.9,77,92,0.0,0.0,9.0,270,18.63,4.13,996.8,22.8,81.0,25.342705,82.98701
UP-VNS,2021-10-11,27.2,31.8,22.5,78,97,0.0,0.0,7.9,274,18.43,3.99,996.3,22.7,81.0,25.342705,82.98701
UP-VNS,2021-10-12,27.0,31.9,22.2,77,97,0.0,0.0,8.7,271,18.73,4.07,996.2,22.3,81.0,25.342705,82.98701
UP-VNS,2021-10-13,27.1,32.2,22.3,77,96,0.0,0.0,8.0,267,19.18,4.18,995.9,22.2,81.0,25.342705,82.98701
UP-VNS,2021-10-14,27.5,32.4,22.6,75,91,0.0,0.0,7.4,255,18.76,4.07,995.7,22.3,81.0,25.342705,82.98701
UP-VNS,2021-10-15,28.6,32.7,23.6,78,96,0.0,0.0,6.5,316,17.61,3.81,994.4,24.1,81.0,25.342705,82.98701
UP-VNS,2021-10-16,29.2,32.8,26.1,81,96,0.4,0.4,13.8,70,16.73,3.76,994.8,25.4,81.0,25.342705,82.98701
UP-VNS,2021-10-17,28.3,32.2,26.4,82,90,6.5,6.5,19.6,81,16.07,3.78,995.7,24.9,81.0,25.342705,82.98701
UP-VNS,2021-10-18,26.1,28.0,24.9,88,97,12.1,12.1,20.9,85,6.37,1.7,995.5,24.0,81.0,25.342705,82.98701
UP-VNS,2021-10-19,26.4,30.3,24.0,87,96,4.3,4.3,13.6,249,11.71,2.63,996.3,23.9,81.0,25.342705,82.98701
UP-VNS,2021-10-20,25.8,29.9,22.3,76,90,0.1,0.1,19.1,272,16.0,3.77,1000.6,21.0,81.0,25.342705,82.98701
UP-VNS,2021-10-21,25.2,30.6,20.4,69,92,0.0,0.0,18.0,260,16.58,4.15,1000.3,18.8,81.0,25.342705,82.98701
UP-VNS,2021-10-22,24.4,30.5,20.6,70,82,0.0,0.0,14.4,265,18.08,4.18,1001.1,18.4,81.0,25.342705,82.98701
UP-VNS,2021-10-23,24.4,30.5,18.4,75,93,0.0,0.0,9.7,302,17.45,3.81,1003.5,19.3,81.0,25.342705,82.98701
UP-VNS,2021-10-24,25.1,30.3,19.6,76,97,0.0,0.0,10.2,314,16.67,3.59,1003.9,20.2,81.0,25.342705,82.98701
UP-VNS,2021-10-25,24.3,29.7,20.0,83,100,0.2,0.2,15.5,302,15.78,3.26,1003.0,21.0,81.0,25.342705,82.98701
UP-VNS,2021-10-26,24.0,29.4,19.7,71,89,0.0,0.0,11.1,312,16.57,3.71,1002.7,18.2,81.0,25.342705,82.98701
UP-VNS,2021-10-27,22.9,29.0,18.5,71,89,0.0,0.0,11.0,320,17.43,3.81,1004.3,16.8,81.0,25.342705,82.98701
UP-VNS,2021-10-28,22.3,28.6,16.9,67,88,0.0,0.0,9.2,297,17.34,3.77,1005.1,15.5,81.0,25.342705,82.98701
UP-VNS,2021-10-29,22.6,29.0,16.5,68,91,0.0,0.0,9.7,314,17.15,3.52,1006.2,15.7,81.0,25.342705,82.98701
UP-VNS,2021-10-30,22.4,28.7,16.6,65,91,0.0,0.0,10.8,262,17.1,3.84,1005.8,15.0,81.0,25.342705,82.98701
UP-VNS,2021-10-31,22.8,29.0,18.1,62,79,0.0,0.0,10.0,258,16.64,3.94,1004.4,14.6,81.0,25.342705,82.98701
UP-VNS,2021-11-01,22.6,29.1,15.5,61,90,0.0,0.0,8.8,267,16.72,3.58,1004.4,13.8,81.0,25.342705,82.98701
UP-VNS,2021-11-02,22.9,29.2,17.0,62,91,0.0,0.0,10.7,99,16.6,3.56,1005.1,14.5,81.0,25.342705,82.98701
UP-VNS,2021-11-03,22.4,28.7,16.7,64,88,0.0,0.0,10.2,310,16.45,3.45,1004.5,14.8,81.0,25.342705,82.98701
UP-VNS,2021-11-04,22.9,28.7,16.4,62,86,0.0,0.0,8.5,304,16.31,3.58,1004.0,14.6,81.0,25.342705,82.98701
UP-VNS,2021-11-05,22.0,29.0,16.1,67,93,0.0,0.0,10.0,268,15.8,3.54,1003.4,15.0,81.0,25.342705,82.98701
UP-VNS,2021-11-06,22.1,28.5,16.1,62,88,0.0,0.0,13.6,281,15.84,3.8,1001.8,14.0,81.0,25.342705,82.98701
UP-VNS,2021-11-07,21.6,28.4,16.2,63,84,0.0,0.0,11.7,276,15.81,3.72,1002.0,13.9,81.0,25.342705,82.98701
UP-VNS,2021-11-08,21.4,28.4,16.0,70,94,0.0,0.0,12.0,295,15.86,3.51,1003.2,15.2,81.0,25.342705,82.98701
UP-VNS,2021-11-09,21.4,28.0,15.8,75,95,0.0,0.0,9.0,271,15.4,3.09,1003.9,16.4,81.0,25.342705,82.98701
UP-VNS,2021-11-10,21.8,28.3,16.4,72,91,0.0,0.0,9.4,279,15.2,3.14,1003.3,16.1,81.0,25.342705,82.98701
UP-VNS,2021-11-11,22.1,28.2,15.9,68,92,0.0,0.0,9.0,312,15.22,3.18,1002.9,15.3,81.0,25.342705,82.98701
UP-VNS,2021-11-12,21.7,27.9,17.1,64,82,0.0,0.0,9.5,15,14.72,3.17,1003.4,14.2,81.0,25.342705,82.98701
UP-VNS,2021-11-13,22.2,28.2,17.3,68,90,0.0,0.0,9.0,26,14.61,3.19,1003.0,15.6,81.0,25.342705,82.98701
UP-VNS,2021-11-14,22.5,28.5,18.9,64,80,0.0,0.0,9.8,351,14.49,3.13,1002.4,15.1,81.0,25.342705,82.98701
UP-VNS,2021-11-15,21.6,27.7,16.0,65,86,0.0,0.0,8.4,315,14.76,3.05,1001.4,14.3,81.0,25.342705,82.98701
UP-VNS,2021-11-16,20.7,27.2,14.3,66,92,0.0,0.0,9.5,309,14.66,3.05,1002.7,13.8,81.0,25.342705,82.98701
UP-VNS,2021-11-17,21.4,27.3,16.7,66,85,0.0,0.0,11.1,53,14.45,3.0,1004.8,14.3,81.0,25.342705,82.98701
UP-VNS,2021-11-18,20.5,27.0,16.3,71,91,0.0,0.0,10.2,5,14.6,3.02,1003.2,14.4,81.0,25.342705,82.98701
UP-VNS,2021-11-19,20.5,26.6,13.8,68,92,0.0,0.0,9.0,309,14.18,2.92,1001.2,13.9,81.0,25.342705,82.98701
UP-VNS,2021-11-20,21.8,26.9,17.3,68,86,0.0,0.0,11.8,315,11.51,2.75,1001.4,15.5,81.0,25.342705,82.98701
UP-VNS,2021-11-21,22.5,28.9,17.8,66,84,0.0,0.0,12.6,271,13.87,3.39,1002.3,15.5,81.0,25.342705,82.98701
UP-VNS,2021-11-22,22.2,28.5,17.1,59,89,0.0,0.0,15.1,269,13.88,3.84,1002.1,12.9,81.0,25.342705,82.98701
UP-VNS,2021-11-23,19.4,26.2,14.5,57,82,0.0,0.0,11.7,275,14.54,3.54,1002.7,10.2,81.0,25.342705,82.98701
UP-VNS,2021-11-24,18.9,26.5,13.1,59,81,0.0,0.0,11.1,336,14.39,3.13,1004.0,10.0,81.0,25.342705,82.98701
UP-VNS,2021-11-25,19.4,26.5,14.7,63,84,0.0,0.0,10.3,298,14.14,3.03,1004.3,11.7,81.0,25.342705,82.98701
UP-VNS,2021-11-26,18.1,25.5,11.9,70,93,0.0,0.0,11.0,278,13.94,2.85,1005.1,12.1,81.0,25.342705,82.98701
UP-VNS,2021-11-27,19.6,26.0,12.2,67,96,0.0,0.0,8.1,278,13.82,2.65,1006.1,12.6,81.0,25.342705,82.98701
UP-VNS,2021-11-28,19.9,26.4,12.4,68,98,0.0,0.0,8.3,281,13.62,2.79,1006.8,13.2,81.0,25.342705,82.98701
UP-VNS,2021-11-29,18.6,26.2,12.7,73,95,0.0,0.0,11.2,276,13.6,2.87,1006.7,13.0,81.0,25.342705,82.98701
UP-VNS,2021-11-30,19.4,25.2,13.1,69,95,0.0,0.0,7.8,272,13.15,2.57,1006.8,13.2,81.0,25.342705,82.98701
UP-VNS,2021-12-01,19.6,25.3,12.7,71,96,0.0,0.0,7.9,264,13.31,2.5,1006.1,13.8,81.0,25.342705,82.98701
UP-VNS,2021-12-02,18.8,25.4,13.1,77,96,0.0,0.0,9.2,284,11.15,2.26,1005.4,14.2,81.0,25.342705,82.98701
UP-VNS,2021-12-03,19.9,26.0,14.8,77,96,0.0,0.0,11.6,302,10.97,2.33,1006.4,15.4,81.0,25.342705,82.98701
UP-VNS,2021-12-04,20.5,26.2,15.7,79,99,0.0,0.0,8.5,349,12.48,2.43,1005.5,16.4,81.0,25.342705,82.98701
UP-VNS,2021-12-05,20.9,27.1,15.7,77,95,0.0,0.0,11.3,66,12.72,2.7,1005.2,16.3,81.0,25.342705,82.98701
UP-VNS,2021-12-06,21.6,27.3,17.6,76,92,0.0,0.0,9.4,335,12.66,2.63,1004.3,16.9,81.0,25.342705,82.98701
UP-VNS,2021-12-07,20.8,26.7,17.2,74,94,0.0,0.0,10.3,286,12.63,2.74,1005.8,15.7,81.0,25.342705,82.98701
UP-VNS,2021-12-08,19.3,25.7,14.0,63,80,0.0,0.0,8.9,309,12.96,2.87,1007.4,11.6,81.0,25.342705,82.98701
UP-VNS,2021-12-09,19.8,24.4,15.3,65,80,0.0,0.0,12.5,351,9.71,2.3,1009.1,12.6,81.0,25.342705,82.98701
UP-VNS,2021-12-10,19.2,25.5,14.6,65,87,0.0,0.0,11.9,302,11.79,2.77,1008.8,12.1,81.0,25.342705,82.98701
UP-VNS,2021-12-11,17.0,23.5,11.9,71,93,0.0,0.0,10.1,262,13.12,2.64,1008.9,11.2,81.0,25.342705,82.98701
UP-VNS,2021-12-12,16.8,23.2,10.6,69,94,0.0,0.0,9.7,318,12.99,2.47,1009.6,10.5,81.0,25.342705,82.98701
UP-VNS,2021-12-13,17.0,22.9,11.6,63,87,0.0,0.0,9.6,329,13.04,2.58,1008.2,9.5,81.0,25.342705,82.98701
UP-VNS,2021-12-14,16.1,22.9,9.8,71,95,0.0,0.0,9.1,271,13.11,2.48,1007.0,10.1,81.0,25.342705,82.98701
UP-VNS,2021-12-15,16.0,23.9,10.3,72,93,0.0,0.0,13.5,282,12.85,2.65,1006.7,10.3,81.0,25.342705,82.98701
UP-VNS,2021-12-16,17.7,24.7,11.0,73,94,0.0,0.0,8.7,271,12.6,2.47,1007.5,12.3,81.0,25.342705,82.98701
UP-VNS,2021-12-17,18.4,25.2,12.6,72,94,0.0,0.0,11.8,295,12.45,2.66,1007.1,13.0,81.0,25.342705,82.98701
UP-VNS,2021-12-18,16.3,20.7,11.8,51,67,0.0,0.0,16.9,281,12.32,3.34,1008.7,5.8,81.0,25.342705,82.98701
UP-VNS,2021-12-19,13.2,19.2,8.4,61,87,0.0,0.0,16.4,272,13.29,2.77,1009.3,5.3,81.0,25.342705,82.98701
UP-VNS,2021-12-20,13.0,20.2,7.9,73,93,0.0,0.0,11.3,273,13.14,2.38,1008.7,7.7,81.0,25.342705,82.98701
UP-VNS,2021-12-21,13.3,20.2,7.7,71,95,0.0,0.0,11.2,270,13.22,2.41,1007.3,7.7,81.0,25.342705,82.98701
UP-VNS,2021-12-22,13.9,21.3,8.7,70,93,0.0,0.0,10.8,274,13.13,2.53,1005.3,8.0,81.0,25.342705,82.98701
UP-VNS,2021-12-23,15.1,22.1,8.2,65,93,0.0,0.0,8.8,263,13.09,2.46,1004.9,7.9,81.0,25.342705,82.98701
UP-VNS,2021-12-24,16.2,23.7,9.0,67,97,0.0,0.0,9.5,94,13.01,2.47,1004.3,9.5,81.0,25.342705,82.98701
UP-VNS,2021-12-25,16.4,23.8,11.0,71,91,0.0,0.0,10.1,33,12.94,2.52,1005.1,10.7,81.0,25.342705,82.98701
UP-VNS,2021-12-26,16.6,23.8,11.7,77,92,0.0,0.0,10.3,3,12.83,2.36,1007.5,12.1,81.0,25.342705,82.98701
UP-VNS,2021-12-27,16.9,24.0,11.2,79,100,0.0,0.0,10.0,60,12.63,2.4,1008.3,12.8,81.0,25.342705,82.98701
UP-VNS,2021-12-28,17.8,24.6,13.7,80,97,6.3,6.3,13.8,80,9.51,2.07,1006.8,13.9,81.0,25.342705,82.98701
UP-VNS,2021-12-29,16.6,20.8,11.4,86,99,0.1,0.1,18.7,265,7.35,1.55,1006.8,14.1,81.0,25.342705,82.98701
UP-VNS,2021-12-30,14.3,20.5,9.4,82,99,0.0,0.0,10.5,278,12.65,2.17,1011.9,11.0,81.0,25.342705,82.98701
UP-VNS,2021-12-31,14.0,19.8,9.9,82,99,0.0,0.0,10.6,257,11.7,1.98,1012.3,10.7,81.0,25.342705,82.98701
UP-VNS,2022-01-01,14.8,20.9,10.4,81,97,0.0,0.0,8.8,282,12.62,2.19,1011.5,11.3,81.0,25.342705,82.98701
UP-VNS,2022-01-02,14.5,20.7,9.1,80,98,0.0,0.0,9.3,290,12.76,2.16,1010.0,10.8,81.0,25.342705,82.98701
UP-VNS,2022-01-03,13.9,20.6,8.6,81,98,0.0,0.0,10.5,271,13.39,2.25,1008.5,10.3,81.0,25.342705,82.98701
UP-VNS,2022-01-04,14.6,21.3,8.7,81,98,0.0,0.0,8.3,247,13.44,2.23,1008.3,11.0,81.0,25.342705,82.98701
UP-VNS,2022-01-05,15.3,22.5,9.1,82,100,0.0,0.0,8.9,90,13.26,2.31,1007.4,11.8,81.0,25.342705,82.98701
UP-VNS,2022-01-06,16.1,19.5,13.5,87,93,4.3,4.3,10.3,37,4.72,0.99,1007.2,13.9,81.0,25.342705,82.98701
UP-VNS,2022-01-07,16.8,22.6,13.8,87,97,0.6,0.6,14.0,60,8.98,1.73,1008.0,14.3,81.0,25.342705,82.98701
UP-VNS,2022-01-08,16.9,23.8,12.4,87,100,0.0,0.0,16.3,67,11.24,2.11,1007.2,14.5,81.0,25.342705,82.98701
UP-VNS,2022-01-09,17.2,21.8,13.8,92,99,5.6,5.6,16.1,178,5.88,1.16,1005.2,15.8,81.0,25.342705,82.98701
UP-VNS,2022-01-10,17.7,23.0,14.1,89,100,1.4,1.4,8.9,332,10.25,1.85,1006.0,15.6,81.0,25.342705,82.98701
UP-VNS,2022-01-11,16.7,20.5,14.1,91,98,9.4,9.4,9.2,281,8.66,1.47,1006.5,15.1,81.0,25.342705,82.98701
UP-VNS,2022-01-12,16.7,20.8,13.7,84,94,1.0,1.0,13.2,306,10.25,1.85,1006.2,13.9,81.0,25.342705,82.98701
UP-VNS,2022-01-13,14.5,20.6,10.0,79,94,0.0,0.0,9.0,294,14.03,2.39,1007.2,10.5,81.0,25.342705,82.98701
UP-VNS,2022-01-14,14.7,20.6,9.5,77,93,0.0,0.0,9.7,360,12.95,2.24,1007.4,10.5,81.0,25.342705,82.98701
UP-VNS,2022-01-15,14.3,19.8,9.9,79,91,0.0,0.0,9.0,333,11.89,2.08,1008.7,10.4,81.0,25.342705,82.98701
UP-VNS,2022-01-16,12.8,18.9,8.6,81,95,0.0,0.0,12.3,290,14.53,2.31,1010.3,9.4,81.0,25.342705,82.98701
UP-VNS,2022-01-17,11.7,18.6,7.0,83,97,0.0,0.0,9.5,301,14.7,2.27,1010.8,8.6,81.0,25.342705,82.98701
UP-VNS,2022-01-18,11.0,17.7,6.2,84,98,0.0,0.0,11.5,275,14.61,2.17,1008.5,8.0,81.0,25.342705,82.98701
UP-VNS,2022-01-19,11.0,17.3,7.1,85,100,0.0,0.0,12.2,272,13.41,1.98,1006.3,8.4,81.0,25.342705,82.98701
UP-VNS,2022-01-20,12.4,18.2,6.7,84,100,0.3,0.3,8.8,261,13.1,2.05,1002.8,9.5,81.0,25.342705,82.98701
UP-VNS,2022-01-21,15.1,21.6,10.2,80,94,0.0,0.0,10.2,68,14.68,2.54,1001.9,11.3,81.0,25.342705,82.98701
UP-VNS,2022-01-22,14.4,17.8,9.8,89,98,4.7,4.7,14.6,87,4.71,0.98,1000.4,12.6,81.0,25.342705,82.98701
UP-VNS,2022-01-23,17.6,23.2,14.8,84,96,5.1,5.1,16.7,96,12.66,2.34,1000.0,14.7,81.0,25.342705,82.98701
UP-VNS,2022-01-24,16.2,20.2,13.4,87,98,0.5,0.5,14.8,323,9.19,1.67,1002.3,13.9,81.0,25.342705,82.98701
UP-VNS,2022-01-25,14.8,19.5,10.7,76,100,0.0,0.0,13.3,285,13.55,2.51,1004.0,10.2,81.0,25.342705,82.98701
UP-VNS,2022-01-26,13.3,18.9,8.5,69,91,0.0,0.0,18.4,276,14.53,2.77,1005.4,7.2,81.0,25.342705,82.98701
UP-VNS,2022-01-27,12.5,18.5,7.9,72,92,0.0,0.0,18.7,268,15.15,2.71,1006.5,7.0,81.0,25.342705,82.98701
UP-VNS,2022-01-28,13.0,19.2,9.1,73,93,0.0,0.0,17.1,268,15.86,2.79,1007.0,7.9,81.0,25.342705,82.98701
UP-VNS,2022-01-29,13.5,19.9,8.2,70,91,0.0,0.0,14.8,268,15.96,2.93,1007.0,7.7,81.0,25.342705,82.98701
UP-VNS,2022-01-30,14.9,22.2,9.9,72,92,0.0,0.0,19.2,268,16.25,3.13,1002.8,9.4,81.0,25.342705,82.98701
UP-VNS,2022-01-31,15.1,23.0,8.4,79,99,0.0,0.0,9.9,301,16.25,2.87,1002.2,10.9,81.0,25.342705,82.98701
UP-VNS,2022-02-01,16.0,23.8,9.4,79,99,0.0,0.0,18.0,262,16.18,3.03,1000.9,11.8,81.0,25.342705,82.98701
UP-VNS,2022-02-02,16.5,23.5,10.8,81,98,0.0,0.0,11.0,306,16.11,2.89,1002.4,12.9,81.0,25.342705,82.98701
UP-VNS,2022-02-03,18.3,25.0,12.4,76,95,0.0,0.0,25.3,95,15.97,3.49,999.9,13.6,81.0,25.342705,82.98701
UP-VNS,2022-02-04,16.7,21.6,12.5,76,97,0.0,0.0,24.8,301,15.15,2.98,999.0,12.0,81.0,25.342705,82.98701
UP-VNS,2022-02-05,14.0,19.7,9.9,76,96,0.0,0.0,18.0,295,16.2,2.81,1003.4,9.4,81.0,25.342705,82.98701
UP-VNS,2022-02-06,14.0,20.3,7.8,76,96,0.0,0.0,9.4,272,16.94,2.84,1006.8,9.6,81.0,25.342705,82.98701
UP-VNS,2022-02-07,15.0,22.0,8.5,77,99,0.0,0.0,9.8,300,16.92,2.93,1006.1,10.5,81.0,25.342705,82.98701
UP-VNS,2022-02-08,16.4,24.7,9.7,75,96,0.0,0.0,10.4,119,17.1,3.17,1004.2,11.4,81.0,25.342705,82.98701
UP-VNS,2022-02-09,17.1,23.7,12.4,79,94,0.0,0.0,14.8,85,11.38,2.37,1003.8,13.1,81.0,25.342705,82.98701
UP-VNS,2022-02-10,17.0,22.9,12.5,77,100,0.1,0.1,15.6,305,16.5,3.15,1005.4,12.4,81.0,25.342705,82.98701
UP-VNS,2022-02-11,16.4,22.4,11.7,63,92,0.0,0.0,21.2,276,17.99,3.87,1005.7,8.4,81.0,25.342705,82.98701
UP-VNS,2022-02-12,16.0,22.4,11.3,62,80,0.0,0.0,16.5,264,18.2,3.75,1005.2,8.1,81.0,25.342705,82.98701
UP-VNS,2022-02-13,15.8,23.4,9.1,67,91,0.0,0.0,10.9,301,18.31,3.52,1004.1,9.0,81.0,25.342705,82.98701
UP-VNS,2022-02-14,16.2,23.7,8.8,66,96,0.0,0.0,11.7,301,18.5,3.55,1003.9,9.0,81.0,25.342705,82.98701
UP-VNS,2022-02-15,16.9,24.5,10.8,67,90,0.0,0.0,12.7,294,18.45,3.65,1003.3,10.2,81.0,25.342705,82.98701
UP-VNS,2022-02-16,17.6,25.7,11.1,68,94,0.0,0.0,14.6,286,18.44,3.81,1001.1,10.8,81.0,25.342705,82.98701
UP-VNS,2022-02-17,18.0,26.8,11.5,59,92,0.0,0.0,15.1,281,18.79,4.3,1001.1,8.5,81.0,25.342705,82.98701
UP-VNS,2022-02-18,18.8,27.7,10.5,50,85,0.0,0.0,15.3,284,18.96,4.49,1002.4,7.0,81.0,25.342705,82.98701
UP-VNS,2022-02-19,19.9,28.7,12.5,50,75,0.0,0.0,20.6,268,18.55,4.77,1002.3,8.1,81.0,25.342705,82.98701
UP-VNS,2022-02-20,19.9,26.6,15.3,46,70,0.0,0.0,26.6,269,19.14,5.25,998.7,6.7,81.0,25.342705,82.98701
UP-VNS,2022-02-21,19.1,26.0,12.6,52,79,0.0,0.0,16.3,267,19.18,4.54,999.2,8.3,81.0,25.342705,82.98701
UP-VNS,2022-02-22,19.4,27.0,11.4,55,92,0.0,0.0,15.3,90,19.34,4.21,1003.7,8.6,81.0,25.342705,82.98701
UP-VNS,2022-02-23,21.7,29.9,15.6,55,73,0.0,0.0,16.7,87,19.04,5.01,1005.0,11.7,81.0,25.342705,82.98701
UP-VNS,2022-02-24,22.2,29.6,17.5,62,78,0.2,0.2,15.9,100,16.25,4.01,1004.5,14.0,81.0,25.342705,82.98701
UP-VNS,2022-02-25,21.5,28.0,17.2,66,92,0.0,0.0,14.6,356,18.59,3.94,1005.7,14.3,81.0,25.342705,82.98701
UP-VNS,2022-02-26,22.2,29.9,15.0,60,94,0.0,0.0,14.1,80,19.62,4.72,1006.5,12.7,81.0,25.342705,82.98701
UP-VNS,2022-02-27,22.5,28.8,17.4,63,82,1.4,1.4,18.5,60,18.63,4.3,1005.1,14.8,81.0,25.342705,82.98701
UP-VNS,2022-02-28,21.5,28.7,15.5,61,90,0.0,0.0,14.0,291,19.72,4.49,1005.3,12.7,81.0,25.342705,82.98701
UP-VNS,2022-03-01,20.6,28.2,13.9,57,83,0.0,0.0,12.3,291,20.24,4.49,1006.3,10.6,81.0,25.342705,82.98701
UP-VNS,2022-03-02,20.6,28.6,13.8,61,92,0.0,0.0,11.5,278,20.08,4.38,1006.0,11.9,81.0,25.342705,82.98701
UP-VNS,2022-03-03,21.3,30.2,13.6,56,87,0.0,0.0,12.2,271,20.43,4.59,1005.4,11.0,81.0,25.342705,82.98701
UP-VNS,2022-03-04,23.1,31.6,15.0,48,75,0.0,0.0,14.2,292,20.07,5.06,1003.9,10.6,81.0,25.342705,82.98701
UP-VNS,2022-03-05,22.3,29.7,16.4,52,73,0.0,0.0,19.1,265,20.64,5.3,1003.1,11.4,81.0,25.342705,82.98701
UP-VNS,2022-03-06,21.8,29.4,14.8,59,85,0.0,0.0,10.7,276,20.98,4.39,1003.8,12.7,81.0,25.342705,82.98701
UP-VNS,2022-03-07,23.1,30.3,17.1,58,87,0.0,0.0,11.0,70,20.85,4.4,1004.2,13.5,81.0,25.342705,82.98701
UP-VNS,2022-03-08,23.3,31.6,15.2,51,83,0.0,0.0,15.0,278,21.0,5.21,1002.9,11.6,81.0,25.342705,82.98701
UP-VNS,2022-03-09,23.9,32.6,16.9,46,75,0.0,0.0,15.3,275,21.29,5.65,1002.0,10.5,81.0,25.342705,82.98701
UP-VNS,2022-03-10,24.1,32.8,16.5,44,69,0.0,0.0,16.3,293,21.06,5.73,1001.7,10.2,81.0,25.342705,82.98701
UP-VNS,2022-03-11,24.5,32.7,17.6,46,72,0.0,0.0,17.7,273,21.13,5.82,1001.6,11.0,81.0,25.342705,82.98701
UP-VNS,2022-03-12,24.6,32.6,17.4,43,65,0.0,0.0,15.6,267,21.52,6.06,1000.9,10.2,81.0,25.342705,82.98701
UP-VNS,2022-03-13,24.9,33.1,17.1,45,71,0.0,0.0,12.6,272,21.88,5.82,1001.3,10.9,81.0,25.342705,82.98701
UP-VNS,2022-03-14,26.3,34.5,18.3,46,69,0.0,0.0,10.4,257,21.45,5.57,1000.4,12.7,81.0,25.342705,82.98701
UP-VNS,2022-03-15,27.1,35.0,19.1,47,74,0.0,0.0,11.5,255,21.78,5.61,997.3,13.7,81.0,25.342705,82.98701
UP-VNS,2022-03-16,28.7,36.6,21.2,50,76,0.0,0.0,14.0,281,21.02,5.85,995.2,16.2,81.0,25.342705,82.98701
UP-VNS,2022-03-17,28.9,35.6,22.3,54,81,0.0,0.0,13.3,79,20.9,5.34,996.2,17.8,81.0,25.342705,82.98701
UP-VNS,2022-03-18,30.0,37.0,22.8,52,82,0.0,0.0,12.3,57,21.24,5.72,996.7,18.2,81.0,25.342705,82.98701
UP-VNS,2022-03-19,30.8,38.2,23.8,52,89,0.0,0.0,10.9,358,21.27,5.67,995.0,18.3,81.0,25.342705,82.98701
UP-VNS,2022-03-20,30.9,38.4,24.8,42,69,0.0,0.0,15.0,298,20.46,6.24,994.3,14.8,81.0,25.342705,82.98701
UP-VNS,2022-03-21,30.1,38.4,21.8,33,69,0.0,0.0,17.1,278,19.19,6.55,995.4,10.4,81.0,25.342705,82.98701
UP-VNS,2022-03-22,29.0,37.8,20.7,29,49,0.0,0.0,17.0,276,21.87,7.15,996.4,8.0,81.0,25.342705,82.98701
UP-VNS,2022-03-23,28.4,37.3,19.6,27,54,0.0,0.0,19.5,277,23.3,7.54,996.9,6.0,81.0,25.342705,82.98701
UP-VNS,2022-03-24,29.4,37.7,20.7,29,49,0.0,0.0,23.8,271,21.08,7.51,995.6,8.3,81.0,25.342705,82.98701
UP-VNS,2022-03-25,31.0,38.4,23.2,27,53,0.0,0.0,21.4,280,21.82,7.39,995.5,9.0,81.0,25.342705,82.98701
UP-VNS,2022-03-26,30.0,37.8,23.0,21,40,0.0,0.0,27.6,276,23.39,8.76,997.6,4.0,81.0,25.342705,82.98701
UP-VNS,2022-03-27,29.6,38.1,21.6,22,43,0.0,0.0,23.7,276,23.62,8.45,998.7,4.5,81.0,25.342705,82.98701
UP-VNS,2022-03-28,29.5,39.2,20.3,23,42,0.0,0.0,21.5,275,23.71,8.16,997.3,4.7,81.0,25.342705,82.98701
UP-VNS,2022-03-29,30.2,40.0,21.0,24,42,0.0,0.0,19.0,284,23.75,7.89,995.2,5.7,81.0,25.342705,82.98701
UP-VNS,2022-03-30,30.3,39.4,22.1,43,83,0.0,0.0,14.6,34,23.37,6.64,995.9,14.3,81.0,25.342705,82.98701
UP-VNS,2022-03-31,31.4,39.9,23.7,46,86,0.0,0.0,14.7,63,23.13,6.46,996.3,16.4,81.0,25.342705,82.98701
UP-VNS,2022-04-01,32.5,41.2,24.4,33,70,0.0,0.0,20.5,254,23.59,8.22,995.3,10.9,81.0,25.342705,82.98701
UP-VNS,2022-04-02,32.3,39.6,26.0,41,87,0.0,0.0,16.3,255,23.39,7.27,998.0,13.7,81.0,25.342705,82.98701
UP-VNS,2022-04-03,30.7,39.4,23.9,34,68,0.0,0.0,15.5,332,23.63,7.08,997.7,11.1,81.0,25.342705,82.98701
UP-VNS,2022-04-04,31.7,41.5,21.5,17,35,0.0,0.0,20.6,281,24.68,8.9,996.9,1.2,81.0,25.342705,82.98701
UP-VNS,2022-04-05,31.3,41.0,23.2,18,29,0.0,0.0,18.5,278,24.41,8.03,999.5,3.2,81.0,25.342705,82.98701
UP-VNS,2022-04-06,31.6,41.1,22.4,19,34,0.0,0.0,18.2,283,24.52,8.36,999.7,3.6,81.0,25.342705,82.98701
UP-VNS,2022-04-07,32.2,41.2,22.1,18,34,0.0,0.0,16.2,285,24.42,8.12,999.1,3.2,81.0,25.342705,82.98701
UP-VNS,2022-04-08,32.0,41.7,22.1,19,40,0.0,0.0,18.2,277,24.66,8.4,996.8,3.7,81.0,25.342705,82.98701
UP-VNS,2022-04-09,32.7,42.8,22.2,18,44,0.0,0.0,22.1,275,24.73,8.67,995.0,2.4,81.0,25.342705,82.98701
UP-VNS,2022-04-10,32.1,41.7,23.9,43,85,0.0,0.0,21.3,22,23.39,7.16,993.9,15.2,81.0,25.342705,82.98701
UP-VNS,2022-04-11,33.5,42.2,25.3,42,86,0.0,0.0,21.4,17,23.62,7.98,993.6,15.4,81.0,25.342705,82.98701
UP-VNS,2022-04-12,33.7,42.1,26.4,46,81,0.0,0.0,16.2,69,23.22,7.25,993.9,17.9,81.0,25.342705,82.98701
UP-VNS,2022-04-13,33.5,39.6,27.4,45,83,0.2,0.2,20.9,326,19.3,6.82,993.2,18.2,81.0,25.342705,82.98701
UP-VNS,2022-04-14,34.8,42.3,26.2,24,52,0.0,0.0,26.5,283,24.63,10.34,992.0,7.6,81.0,25.342705,82.98701
UP-VNS,2022-04-15,33.7,41.7,24.9,17,28,0.0,0.0,22.2,284,23.85,9.07,992.4,4.8,81.0,25.342705,82.98701
UP-VNS,2022-04-16,33.1,41.1,24.1,21,39,0.0,0.0,16.8,275,23.8,7.92,992.2,6.5,81.0,25.342705,82.98701
UP-VNS,2022-04-17,33.5,42.2,24.9,20,45,0.0,0.0,20.1,287,25.13,8.86,992.9,4.7,81.0,25.342705,82.98701
UP-VNS,2022-04-18,33.9,43.1,23.7,19,41,0.0,0.0,16.4,281,25.05,7.57,994.7,5.7,81.0,25.342705,82.98701
UP-VNS,2022-04-19,33.5,43.0,24.7,26,44,0.0,0.0,24.7,359,24.26,8.54,995.6,9.3,81.0,25.342705,82.98701
UP-VNS,2022-04-20,33.8,42.4,25.8,30,57,0.0,0.0,20.8,0,24.27,8.57,994.6,12.0,81.0,25.342705,82.98701
UP-VNS,2022-04-21,32.9,40.6,26.1,43,73,0.0,0.0,22.8,41,23.06,7.52,995.4,16.7,81.0,25.342705,82.98701
UP-VNS,2022-04-22,33.1,39.8,27.3,37,77,0.0,0.0,19.0,283,22.51,7.63,996.9,14.7,81.0,25.342705,82.98701
UP-VNS,2022-04-23,33.9,41.4,25.3,21,38,0.0,0.0,20.6,289,24.76,9.01,996.3,7.5,81.0,25.342705,82.98701
UP-VNS,2022-04-24,34.1,41.9,25.6,17,30,0.0,0.0,26.6,281,25.06,10.11,994.6,4.2,81.0,25.342705,82.98701
UP-VNS,2022-04-25,34.0,42.5,26.0,16,27,0.0,0.0,24.6,276,25.25,9.68,993.9,3.5,81.0,25.342705,82.98701
UP-VNS,2022-04-26,34.4,42.7,25.8,17,31,0.0,0.0,18.8,281,24.79,9.05,994.4,5.1,81.0,25.342705,82.98701
UP-VNS,2022-04-27,34.4,43.3,26.0,19,37,0.0,0.0,22.4,282,25.1,8.94,993.8,6.1,81.0,25.342705,82.98701
UP-VNS,2022-04-28,34.3,43.5,25.0,20,34,0.0,0.0,17.8,354,25.13,8.11,994.6,6.8,81.0,25.342705,82.98701
UP-VNS,2022-04-29,35.5,44.9,26.6,27,64,0.0,0.0,20.8,332,23.94,8.66,993.2,10.2,81.0,25.342705,82.98701
UP-VNS,2022-04-30,34.0,44.4,25.8,35,64,0.0,0.0,28.8,60,22.92,8.15,991.7,14.4,81.0,25.342705,82.98701
UP-VNS,2022-05-01,31.2,37.5,26.5,55,74,1.2,1.2,21.8,64,22.99,7.26,992.2,20.6,81.0,25.342705,82.98701
UP-VNS,2022-05-02,31.1,36.9,26.0,53,70,0.7,0.7,19.5,70,20.78,6.67,992.8,19.7,81.0,25.342705,82.98701
UP-VNS,2022-05-03,31.9,38.6,26.4,53,75,0.0,0.0,18.8,71,21.7,6.88,993.6,20.4,81.0,25.342705,82.98701
UP-VNS,2022-05-04,32.4,38.0,26.7,51,74,0.0,0.0,16.7,72,22.99,6.68,995.8,20.4,81.0,25.342705,82.98701
UP-VNS,2022-05-05,31.9,37.1,26.2,49,72,0.2,0.2,16.3,55,21.26,6.46,995.8,19.2,81.0,25.342705,82.98701
UP-VNS,2022-05-06,32.4,38.8,26.4,47,71,0.0,0.0,21.8,28,23.24,7.43,995.6,18.4,81.0,25.342705,82.98701
UP-VNS,2022-05-07,32.3,38.0,26.6,49,78,0.0,0.0,17.6,25,22.58,6.93,995.7,19.0,81.0,25.342705,82.98701
UP-VNS,2022-05-08,32.0,37.7,26.5,49,70,0.3,0.3,13.1,55,21.91,6.49,994.4,19.3,81.0,25.342705,82.98701
UP-VNS,2022-05-09,32.7,38.0,26.9,50,72,0.1,0.1,17.0,66,23.23,7.19,993.2,20.3,81.0,25.342705,82.98701
UP-VNS,2022-05-10,33.2,37.6,29.1,49,66,0.0,0.0,20.5,72,21.48,7.1,993.0,20.9,81.0,25.342705,82.98701
UP-VNS,2022-05-11,33.3,39.1,27.8,52,73,0.1,0.1,19.0,56,21.55,6.39,991.5,21.6,81.0,25.342705,82.98701
UP-VNS,2022-05-12,33.5,39.4,28.4,53,75,0.0,0.0,13.1,47,21.83,6.2,990.6,22.0,81.0,25.342705,82.98701
UP-VNS,2022-05-13,35.7,43.2,28.6,41,71,0.0,0.0,22.9,313,21.8,7.64,987.6,18.0,81.0,25.342705,82.98701
UP-VNS,2022-05-14,35.2,43.1,27.2,47,80,0.0,0.0,25.4,52,23.55,7.9,987.9,20.5,81.0,25.342705,82.98701
UP-VNS,2022-05-15,36.6,44.9,29.2,47,81,0.0,0.0,21.4,53,23.76,8.04,989.5,20.9,81.0,25.342705,82.98701
UP-VNS,2022-05-16,35.6,43.0,29.5,48,79,0.0,0.0,19.8,47,22.65,7.23,989.6,21.2,81.0,25.342705,82.98701
UP-VNS,2022-05-17,35.6,44.0,28.6,42,80,0.0,0.0,25.2,74,23.21,7.47,989.8,17.6,81.0,25.342705,82.98701
UP-VNS,2022-05-18,35.2,42.7,29.4,43,73,0.0,0.0,21.0,34,20.5,7.28,991.0,18.3,81.0,25.342705,82.98701
UP-VNS,2022-05-19,36.4,43.3,29.0,33,59,0.0,0.0,20.9,320,22.98,8.75,991.1,15.4,81.0,25.342705,82.98701
UP-VNS,2022-05-20,37.0,45.1,30.9,33,61,0.0,0.0,25.5,281,22.65,9.82,989.0,15.5,81.0,25.342705,82.98701
UP-VNS,2022-05-21,33.6,41.2,28.5,53,79,0.0,0.0,20.7,49,22.61,6.99,987.4,21.2,81.0,25.342705,82.98701
UP-VNS,2022-05-22,31.2,39.2,26.7,55,77,9.6,9.6,20.2,75,21.43,6.64,986.9,20.4,81.0,25.342705,82.98701
UP-VNS,2022-05-23,29.8,37.7,25.1,62,86,6.1,6.1,29.6,52,22.86,6.4,989.4,20.8,81.0,25.342705,82.98701
UP-VNS,2022-05-24,29.4,37.1,23.8,65,93,4.8,4.8,20.3,7,23.11,5.43,993.9,21.1,81.0,25.342705,82.98701
UP-VNS,2022-05-25,30.4,36.7,23.8,57,89,0.0,0.0,18.2,329,23.17,6.38,994.8,19.8,81.0,25.342705,82.98701
UP-VNS,2022-05-26,31.2,36.0,25.6,51,79,0.1,0.1,17.7,328,22.2,6.12,993.1,18.9,81.0,25.342705,82.98701
UP-VNS,2022-05-27,33.9,39.9,26.9,41,65,0.1,0.1,20.6,270,21.57,7.46,990.1,17.8,81.0,25.342705,82.98701
UP-VNS,2022-05-28,33.5,39.2,28.6,45,63,0.0,0.0,14.0,299,20.29,6.23,989.2,19.6,81.0,25.342705,82.98701
UP-VNS,2022-05-29,33.0,39.4,28.6,53,71,0.6,0.6,17.7,76,22.98,6.7,989.6,21.9,81.0,25.342705,82.98701
UP-VNS,2022-05-30,33.8,39.8,27.6,54,80,0.0,0.0,15.5,57,23.59,6.91,990.1,22.4,81.0,25.342705,82.98701
UP-VNS,2022-05-31,34.5,39.7,29.2,53,77,0.6,0.6,14.4,66,21.26,6.26,989.5,22.8,81.0,25.342705,82.98701
UP-VNS,2022-06-01,35.6,42.7,30.0,44,67,0.0,0.0,26.7,50,21.1,7.14,989.5,20.0,81.0,25.342705,82.98701
UP-VNS,2022-06-02,35.3,41.8,28.6,45,75,0.0,0.0,23.3,329,22.11,7.64,989.4,19.9,81.0,25.342705,82.98701
UP-VNS,2022-06-03,35.9,43.3,28.3,42,79,0.0,0.0,22.0,341,22.64,7.99,988.8,17.8,81.0,25.342705,82.98701
UP-VNS,2022-06-04,36.5,44.9,28.9,38,72,0.0,0.0,21.7,18,23.11,8.27,989.1,16.2,81.0,25.342705,82.98701
UP-VNS,2022-06-05,35.8,44.1,28.7,45,83,0.0,0.0,20.0,32,20.02,7.0,989.4,19.1,81.0,25.342705,82.98701
UP-VNS,2022-06-06,36.0,43.8,29.6,46,79,0.0,0.0,19.0,43,20.85,7.5,989.2,20.2,81.0,25.342705,82.98701
UP-VNS,2022-06-07,35.7,43.4,29.8,47,78,0.0,0.0,19.5,71,22.22,7.46,988.4,20.7,81.0,25.342705,82.98701
UP-VNS,2022-06-08,35.0,43.2,29.0,51,75,0.0,0.0,23.8,25,21.07,7.35,987.8,21.3,81.0,25.342705,82.98701
UP-VNS,2022-06-09,36.6,44.8,28.2,43,84,0.0,0.0,22.4,324,23.01,8.41,987.5,17.6,81.0,25.342705,82.98701
UP-VNS,2022-06-10,35.5,43.3,29.8,52,77,0.0,0.0,17.4,53,22.28,7.11,987.9,22.6,81.0,25.342705,82.98701
UP-VNS,2022-06-11,36.8,44.6,29.3,43,82,0.0,0.0,18.4,342,23.14,7.99,988.1,19.1,81.0,25.342705,82.98701
UP-VNS,2022-06-12,37.3,44.9,30.4,38,72,0.0,0.0,18.0,300,23.81,8.58,989.3,18.0,81.0,25.342705,82.98701
UP-VNS,2022-06-13,37.2,44.7,30.2,41,74,0.0,0.0,32.9,268,22.38,9.03,990.5,19.6,81.0,25.342705,82.98701
UP-VNS,2022-06-14,38.7,44.3,33.2,32,51,0.0,0.0,23.8,262,23.77,10.22,989.6,18.4,81.0,25.342705,82.98701
UP-VNS,2022-06-15,36.8,40.9,32.4,39,57,0.3,0.3,29.5,245,22.52,9.25,989.7,20.4,81.0,25.342705,82.98701
UP-VNS,2022-06-16,34.8,41.5,30.7,48,63,0.1,0.1,21.9,241,20.07,7.67,990.8,21.8,81.0,25.342705,82.98701
UP-VNS,2022-06-17,33.1,37.8,30.0,54,69,2.1,2.1,23.3,248,18.16,6.6,991.4,22.4,81.0,25.342705,82.98701
UP-VNS,2022-06-18,31.8,37.8,29.5,63,75,7.8,7.8,20.6,242,19.25,6.17,991.9,23.7,81.0,25.342705,82.98701
UP-VNS,2022-06-19,32.3,37.4,28.6,57,74,1.6,1.6,18.4,251,21.91,6.88,991.3,22.2,81.0,25.342705,82.98701
UP-VNS,2022-06-20,30.9,35.4,26.6,63,88,1.2,1.2,21.3,254,16.79,5.28,989.9,22.8,81.0,25.342705,82.98701
UP-VNS,2022-06-21,32.1,37.1,28.1,60,76,0.9,0.9,10.6,252,22.36,5.57,989.4,22.8,81.0,25.342705,82.98701
UP-VNS,2022-06-22,32.4,37.6,28.2,61,81,0.0,0.0,11.3,85,19.48,5.27,992.2,23.3,81.0,25.342705,82.98701
UP-VNS,2022-06-23,31.4,36.1,28.3,68,87,9.9,9.9,12.0,90,21.0,5.03,993.1,24.6,81.0,25.342705,82.98701
UP-VNS,2022-06-24,31.0,34.7,27.3,72,90,27.2,27.2,9.2,94,18.1,4.33,991.1,25.3,81.0,25.342705,82.98701
UP-VNS,2022-06-25,30.1,34.3,26.5,76,91,22.8,22.8,20.0,83,20.79,4.99,989.8,25.2,81.0,25.342705,82.98701
UP-VNS,2022-06-26,31.2,35.0,26.9,69,87,0.8,0.8,16.7,95,22.49,5.87,991.0,24.6,81.0,25.342705,82.98701
UP-VNS,2022-06-27,32.2,35.5,28.5,66,84,0.3,0.3,12.6,121,18.46,4.94,992.1,24.8,81.0,25.342705,82.98701
UP-VNS,2022-06-28,31.7,37.0,28.2,72,91,10.0,10.0,13.7,175,16.53,4.42,990.1,25.6,81.0,25.342705,82.98701
UP-VNS,2022-06-29,27.7,29.0,26.9,91,95,34.3,34.3,12.2,167,5.81,1.49,989.5,26.2,81.0,25.342705,82.98701
UP-VNS,2022-06-30,27.6,30.4,25.8,87,97,13.9,13.9,11.9,85,10.42,2.44,990.3,25.3,81.0,25.342705,82.98701
UP-VNS,2022-07-01,29.3,33.1,26.0,82,98,2.3,2.3,11.0,26,18.9,4.16,989.9,25.8,81.0,25.342705,82.98701
UP-VNS,2022-07-02,28.9,33.6,26.0,83,96,12.1,12.1,11.9,69,17.49,3.92,988.9,25.6,81.0,25.342705,82.98701
UP-VNS,2022-07-03,29.5,34.0,25.5,81,96,15.1,15.1,11.7,74,19.05,4.34,989.0,25.7,81.0,25.342705,82.98701
UP-VNS,2022-07-04,30.9,35.2,26.0,74,96,5.0,5.0,14.8,85,23.14,5.68,988.1,25.3,81.0,25.342705,82.98701
UP-VNS,2022-07-05,31.6,35.3,28.2,71,84,0.6,0.6,16.8,96,23.39,5.91,988.4,25.4,81.0,25.342705,82.98701
UP-VNS,2022-07-06,31.9,35.4,29.1,67,81,0.8,0.8,24.3,91,23.42,6.61,990.9,24.9,81.0,25.342705,82.98701
UP-VNS,2022-07-07,31.6,35.7,28.1,66,81,0.2,0.2,20.7,94,23.05,6.37,992.5,24.4,81.0,25.342705,82.98701
UP-VNS,2022-07-08,32.7,36.6,28.9,62,77,0.0,0.0,16.0,88,24.22,6.74,990.2,24.4,81.0,25.342705,82.98701
UP-VNS,2022-07-09,32.3,35.8,29.3,62,75,0.0,0.0,20.7,86,24.22,7.05,988.6,24.1,81.0,25.342705,82.98701
UP-VNS,2022-07-10,32.5,36.1,28.5,59,76,0.0,0.0,19.9,78,24.29,7.21,988.8,23.2,81.0,25.342705,82.98701
UP-VNS,2022-07-11,33.0,36.8,29.4,59,73,0.5,0.5,19.5,81,23.75,7.31,989.1,23.5,81.0,25.342705,82.98701
UP-VNS,2022-07-12,33.1,36.9,29.7,59,72,0.0,0.0,21.9,76,24.03,7.6,988.6,23.7,81.0,25.342705,82.98701
UP-VNS,2022-07-13,32.5,37.7,29.0,60,78,1.4,1.4,25.2,83,23.63,7.65,986.8,23.5,81.0,25.342705,82.98701
UP-VNS,2022-07-14,33.5,38.3,29.0,56,77,0.0,0.0,33.0,88,24.71,8.63,986.4,23.0,81.0,25.342705,82.98701
UP-VNS,2022-07-15,32.6,38.3,28.0,59,81,18.6,18.6,28.2,95,21.86,7.32,988.8,23.2,81.0,25.342705,82.98701
UP-VNS,2022-07-16,32.8,37.6,27.9,61,83,2.8,2.8,21.4,94,23.86,7.14,989.8,23.7,81.0,25.342705,82.98701
UP-VNS,2022-07-17,33.2,38.1,29.1,58,76,0.2,0.2,23.2,88,23.85,7.59,990.9,23.7,81.0,25.342705,82.98701
UP-VNS,2022-07-18,33.3,37.9,29.3,57,75,0.6,0.6,22.5,94,23.29,7.28,990.1,23.4,81.0,25.342705,82.98701
UP-VNS,2022-07-19,33.2,37.8,29.3,58,71,0.6,0.6,14.9,180,24.2,6.37,989.6,23.5,81.0,25.342705,82.98701
UP-VNS,2022-07-20,30.5,35.3,27.2,75,93,13.3,13.3,17.6,267,14.28,3.78,990.5,25.4,81.0,25.342705,82.98701
UP-VNS,2022-07-21,27.7,31.2,26.0,88,96,29.0,29.0,7.5,292,11.3,2.48,992.1,25.4,81.0,25.342705,82.98701
UP-VNS,2022-07-22,27.9,32.2,25.4,87,97,14.4,14.4,18.6,83,14.54,3.23,993.0,25.5,81.0,25.342705,82.98701
UP-VNS,2022-07-23,30.2,34.8,26.3,74,94,1.4,1.4,21.2,95,22.35,5.66,991.6,24.8,81.0,25.342705,82.98701
UP-VNS,2022-07-24,29.3,33.5,26.9,77,89,11.9,11.9,19.5,97,19.87,4.89,992.1,24.9,81.0,25.342705,82.98701
UP-VNS,2022-07-25,28.1,31.9,25.0,84,96,28.9,28.9,18.4,100,15.34,3.63,994.8,24.9,81.0,25.342705,82.98701
UP-VNS,2022-07-26,28.3,32.5,25.2,85,96,9.1,9.1,11.5,106,18.86,4.09,996.3,25.3,81.0,25.342705,82.98701
UP-VNS,2022-07-27,28.2,32.5,26.1,86,96,12.9,12.9,11.8,170,13.13,2.95,996.2,25.5,81.0,25.342705,82.98701
UP-VNS,2022-07-28,28.5,32.3,26.1,83,96,13.6,13.6,11.5,242,18.45,4.05,996.9,25.1,81.0,25.342705,82.98701
UP-VNS,2022-07-29,28.4,31.4,26.3,83,93,8.5,8.5,10.5,242,15.84,3.51,995.9,25.2,81.0,25.342705,82.98701
UP-VNS,2022-07-30,28.1,32.5,25.9,85,95,12.0,12.0,13.1,259,15.68,3.53,993.9,25.3,81.0,25.342705,82.98701
UP-VNS,2022-07-31,29.1,32.7,26.3,80,95,4.1,4.1,14.8,262,18.68,4.31,991.9,25.2,81.0,25.342705,82.98701
UP-VNS,2022-08-01,29.5,32.7,26.7,79,92,2.9,2.9,12.9,238,13.22,3.39,992.0,25.4,81.0,25.342705,82.98701
UP-VNS,2022-08-02,28.6,31.0,27.1,86,94,5.5,5.5,9.7,225,9.87,2.32,991.9,26.0,81.0,25.342705,82.98701
UP-VNS,2022-08-03,29.6,33.1,26.0,82,96,13.0,13.0,10.0,83,20.22,4.5,992.8,26.0,81.0,25.342705,82.98701
UP-VNS,2022-08-04,28.3,31.8,26.0,87,97,9.9,9.9,15.0,83,15.92,3.47,993.0,25.8,81.0,25.342705,82.98701
UP-VNS,2022-08-05,30.0,33.0,26.2,81,96,0.9,0.9,12.9,86,20.64,4.55,991.1,26.3,81.0,25.342705,82.98701
UP-VNS,2022-08-06,29.4,33.0,27.2,84,94,13.1,13.1,11.0,65,19.54,4.3,989.4,26.4,81.0,25.342705,82.98701
UP-VNS,2022-08-07,29.1,33.1,26.6,84,95,20.0,20.0,16.4,66,18.68,4.21,989.0,26.0,81.0,25.342705,82.98701
UP-VNS,2022-08-08,30.2,33.9,27.2,78,93,1.8,1.8,21.5,72,23.03,5.55,987.6,25.7,81.0,25.342705,82.98701
UP-VNS,2022-08-09,30.3,33.6,27.9,73,87,0.7,0.7,29.5,75,21.34,5.88,986.8,24.7,81.0,25.342705,82.98701
UP-VNS,2022-08-10,28.9,31.8,26.2,76,91,3.2,3.2,33.8,84,15.97,4.74,985.7,24.1,81.0,25.342705,82.98701
UP-VNS,2022-08-11,28.1,31.0,26.2,80,90,12.8,12.8,28.6,94,14.22,3.95,987.9,24.2,81.0,25.342705,82.98701
UP-VNS,2022-08-12,28.1,32.4,25.6,84,96,7.1,7.1,17.5,119,18.2,4.07,989.6,24.9,81.0,25.342705,82.98701
UP-VNS,2022-08-13,28.7,32.6,25.3,85,99,15.5,15.5,9.8,81,19.99,4.27,989.2,25.8,81.0,25.342705,82.98701
UP-VNS,2022-08-14,28.8,33.0,25.5,79,96,14.9,14.9,28.3,71,18.97,4.89,989.9,24.6,81.0,25.342705,82.98701
UP-VNS,2022-08-15,28.0,31.9,25.3,78,92,8.2,8.2,37.1,94,11.67,3.9,990.0,23.7,81.0,25.342705,82.98701
UP-VNS,2022-08-16,29.7,33.2,26.5,71,85,0.3,0.3,17.7,155,21.68,5.31,994.0,23.6,81.0,25.342705,82.98701
UP-VNS,2022-08-17,29.6,33.2,26.5,75,90,0.3,0.3,13.0,260,23.06,5.29,994.3,24.4,81.0,25.342705,82.98701
UP-VNS,2022-08-18,29.6,33.0,26.8,78,88,1.3,1.3,18.8,272,21.47,4.95,992.3,25.2,81.0,25.342705,82.98701
UP-VNS,2022-08-19,28.8,31.9,26.7,81,97,11.5,11.5,14.4,295,13.86,3.39,991.9,25.2,81.0,25.342705,82.98701
UP-VNS,2022-08-20,26.9,29.0,25.0,89,97,34.8,34.8,27.1,37,10.45,2.49,990.1,24.9,81.0,25.342705,82.98701
UP-VNS,2022-08-21,28.3,31.8,26.1,81,90,19.7,19.7,32.4,90,15.05,4.04,987.7,24.6,81.0,25.342705,82.98701
UP-VNS,2022-08-22,29.0,33.3,26.0,79,89,1.1,1.1,18.6,116,20.07,4.72,989.3,24.8,81.0,25.342705,82.98701
UP-VNS,2022-08-23,29.4,33.4,26.3,76,94,1.3,1.3,14.3,181,23.0,5.12,993.0,24.4,81.0,25.342705,82.98701
UP-VNS,2022-08-24,27.8,31.5,25.2,86,97,17.0,17.0,13.6,84,16.83,3.59,995.4,25.1,81.0,25.342705,82.98701
UP-VNS,2022-08-25,27.8,31.9,25.2,85,98,10.0,10.0,10.5,157,18.81,3.99,994.0,24.9,81.0,25.342705,82.98701
UP-VNS,2022-08-26,28.0,31.7,25.2,86,96,2.9,2.9,10.8,270,17.69,3.82,993.3,25.3,81.0,25.342705,82.98701
UP-VNS,2022-08-27,28.5,32.4,25.4,85,96,9.5,9.5,13.3,260,16.44,3.69,992.7,25.7,81.0,25.342705,82.98701
UP-VNS,2022-08-28,26.8,29.6,24.8,89,96,31.2,31.2,14.1,227,9.21,2.08,994.6,24.8,81.0,25.342705,82.98701
UP-VNS,2022-08-29,28.2,31.9,25.5,87,97,7.2,7.2,5.9,29,17.84,3.76,997.3,25.8,81.0,25.342705,82.98701
UP-VNS,2022-08-30,28.9,32.2,25.8,87,99,2.4,2.4,6.9,271,18.37,3.95,997.8,26.3,81.0,25.342705,82.98701
UP-VNS,2022-08-31,28.9,32.2,26.8,87,98,6.4,6.4,11.2,221,17.65,3.76,996.0,26.4,81.0,25.342705,82.98701
UP-VNS,2022-09-01,28.3,31.3,26.5,89,96,26.5,26.5,15.0,217,13.91,2.98,996.4,26.1,81.0,25.342705,82.98701
UP-VNS,2022-09-02,28.3,32.4,26.1,88,98,3.1,3.1,13.6,252,17.68,3.75,997.2,26.0,81.0,25.342705,82.98701
UP-VNS,2022-09-03,28.4,32.7,26.4,85,93,8.6,8.6,18.8,240,17.59,3.92,994.8,25.5,81.0,25.342705,82.98701
UP-VNS,2022-09-04,29.0,33.1,25.9,81,89,1.3,1.3,17.9,250,21.17,4.86,993.9,25.2,81.0,25.342705,82.98701
UP-VNS,2022-09-05,28.5,32.3,25.5,85,93,1.5,1.5,11.1,240,17.1,3.72,994.8,25.6,81.0,25.342705,82.98701
UP-VNS,2022-09-06,29.0,32.3,26.3,84,95,5.6,5.6,8.8,253,17.87,3.83,995.7,25.9,81.0,25.342705,82.98701
UP-VNS,2022-09-07,28.4,31.4,26.5,88,97,4.9,4.9,12.9,64,15.59,3.32,997.1,26.1,81.0,25.342705,82.98701
UP-VNS,2022-09-08,28.5,32.3,26.4,88,95,5.2,5.2,13.6,76,17.09,3.66,997.9,26.2,81.0,25.342705,82.98701
UP-VNS,2022-09-09,28.3,32.4,26.5,87,98,9.1,9.1,15.9,78,16.04,3.53,997.6,25.9,81.0,25.342705,82.98701
UP-VNS,2022-09-10,28.1,31.5,26.1,87,97,5.7,5.7,16.6,56,11.31,2.62,996.0,25.7,81.0,25.342705,82.98701
UP-VNS,2022-09-11,28.4,31.6,26.4,82,90,2.0,2.0,22.7,75,19.43,4.48,993.1,24.9,81.0,25.342705,82.98701
UP-VNS,2022-09-12,26.7,30.6,24.9,86,94,5.5,5.5,26.6,84,15.27,3.44,991.0,24.2,81.0,25.342705,82.98701
UP-VNS,2022-09-13,26.5,30.9,24.9,90,96,35.6,35.6,22.2,101,12.89,2.81,992.7,24.6,81.0,25.342705,82.98701
UP-VNS,2022-09-14,26.4,29.1,25.1,91,96,46.5,46.5,17.4,114,8.84,1.98,994.6,24.9,81.0,25.342705,82.98701
UP-VNS,2022-09-15,26.7,29.8,25.2,89,96,21.7,21.7,14.8,146,11.77,2.58,993.8,24.7,81.0,25.342705,82.98701
UP-VNS,2022-09-16,26.9,29.7,25.3,87,94,9.4,9.4,16.6,180,11.81,2.64,991.1,24.4,81.0,25.342705,82.98701
UP-VNS,2022-09-17,26.8,30.7,24.7,90,96,13.6,13.6,12.0,221,13.55,2.88,993.0,24.9,81.0,25.342705,82.98701
UP-VNS,2022-09-18,27.5,30.2,24.6,88,97,1.0,1.0,6.8,300,14.15,2.97,994.8,25.2,81.0,25.342705,82.98701
UP-VNS,2022-09-19,27.7,32.1,25.1,88,99,5.3,5.3,14.2,89,18.91,4.01,995.0,25.5,81.0,25.342705,82.98701
UP-VNS,2022-09-20,27.2,31.5,25.1,88,97,21.5,21.5,17.6,63,17.1,3.56,994.0,25.0,81.0,25.342705,82.98701
UP-VNS,2022-09-21,27.1,30.8,24.9,88,96,9.8,9.8,20.4,95,15.56,3.25,993.5,25.0,81.0,25.342705,82.98701
UP-VNS,2022-09-22,27.7,32.2,25.4,88,96,11.1,11.1,12.8,117,18.45,3.82,993.9,25.4,81.0,25.342705,82.98701
UP-VNS,2022-09-23,27.3,31.7,24.2,87,97,5.6,5.6,12.2,121,16.69,3.53,994.5,24.7,81.0,25.342705,82.98701
UP-VNS,2022-09-24,28.0,30.9,25.1,82,96,1.8,1.8,8.8,200,17.13,3.67,995.2,24.5,81.0,25.342705,82.98701
UP-VNS,2022-09-25,27.7,31.2,24.9,84,97,0.4,0.4,8.6,182,18.18,3.82,996.7,24.5,81.0,25.342705,82.98701
UP-VNS,2022-09-26,27.0,30.5,24.8,88,98,8.1,8.1,14.5,282,15.49,3.2,997.9,24.8,81.0,25.342705,82.98701
UP-VNS,2022-09-27,27.8,31.4,24.7,85,97,0.9,0.9,7.9,284,18.46,3.9,996.4,24.9,81.0,25.342705,82.98701
UP-VNS,2022-09-28,27.8,31.9,24.9,86,97,3.8,3.8,9.7,264,17.59,3.69,995.7,25.1,81.0,25.342705,82.98701
UP-VNS,2022-09-29,28.3,32.7,24.3,78,96,0.0,0.0,10.5,313,20.02,4.4,995.8,23.8,81.0,25.342705,82.98701
UP-VNS,2022-09-30,28.4,32.0,24.2,77,96,0.3,0.3,6.6,324,19.63,4.21,996.0,23.8,81.0,25.342705,82.98701
UP-VNS,2022-10-01,27.4,31.6,25.0,87,98,10.4,10.4,10.8,262,15.54,3.25,995.3,24.8,81.0,25.342705,82.98701
UP-VNS,2022-10-02,28.1,32.5,24.0,81,98,0.2,0.2,10.2,298,19.36,4.21,995.0,24.2,81.0,25.342705,82.98701
UP-VNS,2022-10-03,28.2,32.9,24.8,82,95,7.9,7.9,8.8,342,18.28,4.03,995.8,24.5,81.0,25.342705,82.98701
UP-VNS,2022-10-04,26.0,29.9,24.5,90,96,15.7,15.7,20.3,81,11.11,2.43,997.2,24.2,81.0,25.342705,82.98701
UP-VNS,2022-10-05,26.3,30.3,24.3,91,97,18.2,18.2,14.8,105,11.86,2.52,997.8,24.6,81.0,25.342705,82.98701
UP-VNS,2022-10-06,27.0,31.0,24.9,88,97,10.4,10.4,13.7,86,15.6,3.32,998.2,24.8,81.0,25.342705,82.98701
UP-VNS,2022-10-07,26.9,31.1,24.8,88,97,18.9,18.9,9.8,90,16.36,3.41,999.5,24.7,81.0,25.342705,82.98701
UP-VNS,2022-10-08,27.4,30.6,24.8,88,99,2.6,2.6,8.4,105,14.61,3.08,1000.1,25.2,81.0,25.342705,82.98701
UP-VNS,2022-10-09,28.0,32.1,25.2,85,98,2.8,2.8,14.8,104,17.94,3.86,1000.6,25.0,81.0,25.342705,82.98701
UP-VNS,2022-10-10,26.9,31.0,24.5,87,97,0.8,0.8,11.1,104,14.62,3.07,1001.3,24.5,81.0,25.342705,82.98701
UP-VNS,2022-10-11,26.0,28.9,23.9,87,97,3.3,3.3,10.5,242,11.4,2.41,1000.1,23.6,81.0,25.342705,82.98701
UP-VNS,2022-10-12,25.8,29.4,23.1,88,99,0.8,0.8,6.8,263,14.27,2.92,1000.2,23.6,81.0,25.342705,82.98701
UP-VNS,2022-10-13,25.7,29.6,22.9,85,98,0.9,0.9,8.6,304,17.08,3.52,1001.3,22.7,81.0,25.342705,82.98701
UP-VNS,2022-10-14,24.8,30.2,20.6,79,96,0.0,0.0,9.5,285,19.15,4.02,1001.5,20.4,81.0,25.342705,82.98701
UP-VNS,2022-10-15,24.6,30.4,19.5,75,95,0.0,0.0,8.4,284,19.22,4.03,1001.3,19.5,81.0,25.342705,82.98701
UP-VNS,2022-10-16,25.5,30.1,21.2,71,91,0.0,0.0,7.3,38,15.32,3.42,1003.4,19.5,81.0,25.342705,82.98701
UP-VNS,2022-10-17,24.8,30.2,21.0,72,88,0.0,0.0,10.3,308,16.86,3.74,1003.6,19.0,81.0,25.342705,82.98701
UP-VNS,2022-10-18,24.9,29.5,19.9,72,91,0.0,0.0,10.2,280,17.24,3.77,1002.5,19.1,81.0,25.342705,82.98701
UP-VNS,2022-10-19,24.7,30.5,19.9,74,94,0.0,0.0,8.9,277,17.98,3.9,1002.5,19.2,81.0,25.342705,82.98701
UP-VNS,2022-10-20,24.5,30.2,19.8,73,94,0.0,0.0,9.5,299,17.42,3.82,1004.1,18.9,81.0,25.342705,82.98701
UP-VNS,2022-10-21,24.4,30.4,19.6,74,95,0.0,0.0,13.0,304,17.4,3.87,1005.5,18.9,81.0,25.342705,82.98701
UP-VNS,2022-10-22,24.7,30.2,20.0,73,93,0.0,0.0,7.5,288,17.33,3.69,1006.0,19.0,81.0,25.342705,82.98701
UP-VNS,2022-10-23,23.8,30.1,18.4,70,98,0.0,0.0,9.8,301,18.03,3.98,1004.0,17.5,81.0,25.342705,82.98701
UP-VNS,2022-10-24,24.3,30.5,18.9,66,81,0.0,0.0,15.1,290,17.79,4.34,999.0,17.4,81.0,25.342705,82.98701
UP-VNS,2022-10-25,23.9,29.5,19.8,66,84,0.0,0.0,16.2,256,17.95,4.38,999.3,16.8,81.0,25.342705,82.98701
UP-VNS,2022-10-26,23.3,29.9,17.8,70,92,0.0,0.0,9.3,265,17.64,3.89,1003.3,16.9,81.0,25.342705,82.98701
UP-VNS,2022-10-27,23.8,29.7,17.2,68,96,0.0,0.0,7.5,264,17.47,3.64,1003.6,17.0,81.0,25.342705,82.98701
UP-VNS,2022-10-28,23.9,29.7,18.2,68,95,0.0,0.0,10.1,199,17.24,3.56,1003.4,17.0,81.0,25.342705,82.98701
UP-VNS,2022-10-29,23.6,29.4,19.0,71,90,0.0,0.0,10.3,321,17.11,3.59,1003.8,17.3,81.0,25.342705,82.98701
UP-VNS,2022-10-30,23.0,29.0,17.0,69,95,0.0,0.0,7.9,257,17.0,3.46,1004.0,16.5,81.0,25.342705,82.98701
UP-VNS,2022-10-31,23.7,29.3,17.6,69,94,0.0,0.0,7.4,285,15.71,3.29,1004.1,17.0,81.0,25.342705,82.98701
UP-VNS,2022-11-01,24.0,29.9,18.2,66,94,0.0,0.0,8.7,287,15.17,3.39,1004.7,16.6,81.0,25.342705,82.98701
UP-VNS,2022-11-02,23.5,29.9,18.4,68,86,0.0,0.0,10.9,255,16.48,3.8,1003.0,16.7,81.0,25.342705,82.98701
UP-VNS,2022-11-03,24.1,31.0,19.3,64,85,0.0,0.0,13.3,256,16.33,4.09,1002.0,16.3,81.0,25.342705,82.98701
UP-VNS,2022-11-04,24.3,30.5,18.3,73,94,0.0,0.0,7.9,281,15.3,3.31,1003.6,18.6,81.0,25.342705,82.98701
UP-VNS,2022-11-05,24.5,30.2,19.5,73,95,0.0,0.0,8.7,81,15.43,3.25,1005.3,18.8,81.0,25.342705,82.98701
UP-VNS,2022-11-06,24.1,29.7,19.6,70,93,0.0,0.0,9.9,37,15.12,3.35,1005.6,17.7,81.0,25.342705,82.98701
UP-VNS,2022-11-07,23.7,29.1,17.8,65,90,0.0,0.0,6.1,272,15.49,3.07,1005.4,16.3,81.0,25.342705,82.98701
UP-VNS,2022-11-08,23.4,28.9,17.3,69,93,0.0,0.0,8.2,59,15.13,3.09,1005.4,17.0,81.0,25.342705,82.98701
UP-VNS,2022-11-09,23.4,29.0,17.9,68,97,0.0,0.0,9.0,320,14.94,3.16,1005.5,16.7,81.0,25.342705,82.98701
UP-VNS,2022-11-10,23.0,28.6,17.9,75,95,0.0,0.0,8.3,281,14.37,3.04,1005.8,17.9,81.0,25.342705,82.98701
UP-VNS,2022-11-11,23.2,28.8,18.7,69,94,0.0,0.0,12.2,295,14.53,3.44,1005.8,16.6,81.0,25.342705,82.98701
UP-VNS,2022-11-12,22.1,28.7,17.2,58,79,0.0,0.0,16.7,280,15.46,4.08,1005.6,12.8,81.0,25.342705,82.98701
UP-VNS,2022-11-13,20.8,27.7,16.1,59,81,0.0,0.0,13.7,271,15.47,3.76,1005.1,12.1,81.0,25.342705,82.98701
UP-VNS,2022-11-14,20.4,27.9,14.7,68,94,0.0,0.0,12.2,284,14.99,3.42,1005.6,13.6,81.0,25.342705,82.98701
UP-VNS,2022-11-15,21.0,28.1,15.0,68,93,0.0,0.0,14.3,276,14.72,3.43,1004.8,14.2,81.0,25.342705,82.98701
UP-VNS,2022-11-16,21.7,29.0,16.2,63,85,0.0,0.0,14.7,282,14.75,3.65,1003.4,13.8,81.0,25.342705,82.98701
UP-VNS,2022-11-17,20.8,27.6,16.1,60,89,0.0,0.0,15.8,288,14.18,3.62,1003.7,11.9,81.0,25.342705,82.98701
UP-VNS,2022-11-18,19.1,25.9,13.6,60,90,0.0,0.0,8.9,282,14.8,3.31,1005.8,10.4,81.0,25.342705,82.98701
UP-VNS,2022-11-19,18.2,24.9,12.3,65,88,0.0,0.0,9.7,289,14.81,3.04,1005.7,10.9,81.0,25.342705,82.98701
UP-VNS,2022-11-20,18.2,25.5,11.9,66,89,0.0,0.0,10.0,281,14.68,3.13,1004.0,11.2,81.0,25.342705,82.98701
UP-VNS,2022-11-21,19.3,26.9,13.2,69,90,0.0,0.0,14.0,273,14.43,3.29,1003.0,13.0,81.0,25.342705,82.98701
UP-VNS,2022-11-22,19.3,27.0,14.2,69,93,0.0,0.0,13.5,272,14.51,3.27,1003.3,12.9,81.0,25.342705,82.98701
UP-VNS,2022-11-23,19.0,26.5,13.4,65,92,0.0,0.0,12.8,273,14.37,3.3,1003.8,11.6,81.0,25.342705,82.98701
UP-VNS,2022-11-24,18.4,25.9,13.1,62,88,0.0,0.0,11.3,276,14.55,3.25,1004.4,10.1,81.0,25.342705,82.98701
UP-VNS,2022-11-25,18.2,26.2,11.9,66,90,0.0,0.0,10.8,281,14.27,3.16,1005.3,11.0,81.0,25.342705,82.98701
UP-VNS,2022-11-26,18.6,26.0,13.0,67,92,0.0,0.0,12.0,268,14.12,3.15,1003.1,11.9,81.0,25.342705,82.98701
UP-VNS,2022-11-27,18.7,26.0,12.7,69,92,0.0,0.0,10.0,258,14.08,2.96,1001.2,12.1,81.0,25.342705,82.98701
UP-VNS,2022-11-28,19.5,26.0,12.7,67,94,0.0,0.0,9.5,260,13.87,2.63,1002.6,12.6,81.0,25.342705,82.98701
UP-VNS,2022-11-29,19.1,26.2,12.3,71,97,0.0,0.0,8.7,283,13.79,2.77,1004.4,13.2,81.0,25.342705,82.98701
UP-VNS,2022-11-30,18.6,26.1,12.3,73,97,0.0,0.0,10.0,290,13.73,2.81,1005.5,13.1,81.0,25.342705,82.98701
UP-VNS,2022-12-01,18.5,25.5,13.0,72,95,0.0,0.0,9.8,285,13.56,2.8,1005.0,12.9,81.0,25.342705,82.98701
UP-VNS,2022-12-02,17.9,25.1,11.7,69,94,0.0,0.0,10.3,291,13.62,2.78,1004.4,11.5,81.0,25.342705,82.98701
UP-VNS,2022-12-03,17.6,24.8,11.9,70,96,0.0,0.0,11.0,296,13.47,2.76,1004.6,11.6,81.0,25.342705,82.98701
UP-VNS,2022-12-04,17.7,24.9,12.2,75,92,0.0,0.0,10.2,279,13.37,2.69,1005.2,12.8,81.0,25.342705,82.98701
UP-VNS,2022-12-05,17.5,24.5,11.9,75,96,0.0,0.0,10.0,284,13.36,2.65,1006.6,12.6,81.0,25.342705,82.98701
UP-VNS,2022-12-06,17.3,24.4,12.1,72,95,0.0,0.0,12.2,276,13.37,2.77,1005.4,11.7,81.0,25.342705,82.98701
UP-VNS,2022-12-07,16.9,23.7,11.7,68,93,0.0,0.0,13.7,260,13.36,2.87,1004.7,10.6,81.0,25.342705,82.98701
UP-VNS,2022-12-08,16.5,23.7,10.9,73,94,0.0,0.0,11.8,272,13.31,2.66,1005.1,11.1,81.0,25.342705,82.98701
UP-VNS,2022-12-09,17.3,23.9,10.7,74,96,0.0,0.0,8.7,264,13.27,2.44,1004.2,12.1,81.0,25.342705,82.98701
UP-VNS,2022-12-10,17.9,25.8,11.0,73,97,0.0,0.0,8.7,274,13.18,2.57,1004.3,12.4,81.0,25.342705,82.98701
UP-VNS,2022-12-11,18.2,26.5,11.6,75,97,0.0,0.0,9.9,253,13.27,2.76,1004.3,13.1,81.0,25.342705,82.98701
UP-VNS,2022-12-12,19.6,27.1,13.6,67,95,0.0,0.0,10.5,262,12.94,3.04,1003.4,12.7,81.0,25.342705,82.98701
UP-VNS,2022-12-13,20.3,27.2,14.5,55,82,0.0,0.0,15.5,269,12.67,3.67,1004.3,10.3,81.0,25.342705,82.98701
UP-VNS,2022-12-14,18.5,25.3,13.4,56,77,0.0,0.0,14.3,275,13.16,3.4,1005.1,9.1,81.0,25.342705,82.98701
UP-VNS,2022-12-15,17.1,24.0,11.4,56,83,0.0,0.0,17.4,281,13.42,3.35,1004.6,7.2,81.0,25.342705,82.98701
UP-VNS,2022-12-16,15.9,23.7,10.5,63,90,0.0,0.0,11.4,272,13.28,2.89,1004.0,8.3,81.0,25.342705,82.98701
UP-VNS,2022-12-17,16.0,24.1,10.0,69,94,0.0,0.0,10.5,283,13.17,2.73,1005.3,9.6,81.0,25.342705,82.98701
UP-VNS,2022-12-18,16.0,23.8,9.7,74,95,0.0,0.0,9.2,271,13.06,2.51,1005.3,10.8,81.0,25.342705,82.98701
UP-VNS,2022-12-19,16.4,23.7,10.5,74,96,0.0,0.0,9.2,266,13.02,2.51,1004.0,11.2,81.0,25.342705,82.98701
UP-VNS,2022-12-20,16.5,23.9,11.7,77,96,0.0,0.0,10.1,267,13.05,2.51,1003.4,11.8,81.0,25.342705,82.98701
UP-VNS,2022-12-21,15.7,23.5,10.4,78,100,0.0,0.0,9.8,267,12.76,2.43,1004.5,11.2,81.0,25.342705,82.98701
UP-VNS,2022-12-22,16.4,25.1,10.0,67,94,0.0,0.0,9.5,265,12.94,2.77,1003.9,9.1,81.0,25.342705,82.98701
UP-VNS,2022-12-23,17.3,25.3,10.8,64,88,0.0,0.0,10.0,24,12.9,2.63,1003.5,9.8,81.0,25.342705,82.98701
UP-VNS,2022-12-24,18.0,23.4,13.4,73,94,3.6,3.6,12.2,92,8.55,1.91,1003.5,12.9,81.0,25.342705,82.98701
UP-VNS,2022-12-25,19.2,25.2,15.5,75,94,0.0,0.0,8.5,301,12.27,2.48,1004.9,14.2,81.0,25.342705,82.98701
UP-VNS,2022-12-26,17.7,23.8,12.3,71,93,0.0,0.0,8.9,331,10.55,2.17,1007.0,11.9,81.0,25.342705,82.98701
UP-VNS,2022-12-27,16.0,21.9,12.0,65,86,0.0,0.0,17.3,272,13.37,2.96,1006.7,8.9,81.0,25.342705,82.98701
UP-VNS,2022-12-28,15.2,22.0,10.5,66,91,0.0,0.0,15.5,264,13.44,2.86,1007.4,8.4,81.0,25.342705,82.98701
UP-VNS,2022-12-29,14.3,21.3,8.9,72,92,0.0,0.0,10.6,297,13.01,2.47,1008.9,8.9,81.0,25.342705,82.98701
UP-VNS,2022-12-30,15.6,21.9,10.1,80,100,0.0,0.0,8.4,59,12.59,2.19,1009.4,11.8,81.0,25.342705,82.98701
UP-VNS,2022-12-31,15.9,22.7,9.3,80,100,0.0,0.0,10.8,314,13.03,2.38,1008.3,11.9,81.0,25.342705,82.98701
UP-VNS,2023-01-01,14.6,21.4,9.6,83,100,0.0,0.0,8.7,319,12.55,2.15,1010.1,11.3,81.0,25.342705,82.98701
UP-VNS,2023-01-02,14.0,20.8,9.3,81,98,0.0,0.0,10.2,342,13.22,2.21,1011.0,10.5,81.0,25.342705,82.98701
UP-VNS,2023-01-03,13.6,20.5,8.8,83,100,0.0,0.0,9.2,349,12.93,2.16,1011.0,10.4,81.0,25.342705,82.98701
UP-VNS,2023-01-04,12.0,18.8,7.8,83,100,0.0,0.0,8.6,312,13.37,2.11,1011.6,8.8,81.0,25.342705,82.98701
UP-VNS,2023-01-05,10.7,18.3,6.1,86,100,0.0,0.0,9.4,300,13.61,2.06,1013.0,8.2,81.0,25.342705,82.98701
UP-VNS,2023-01-06,10.4,17.6,6.2,88,99,0.0,0.0,12.1,268,11.57,1.72,1013.3,8.2,81.0,25.342705,82.98701
UP-VNS,2023-01-07,10.4,17.2,7.1,86,99,0.0,0.0,12.4,271,12.24,1.81,1011.4,7.8,81.0,25.342705,82.98701
UP-VNS,2023-01-08,11.1,18.6,7.2,85,100,0.0,0.0,10.8,265,13.33,2.02,1009.7,8.4,81.0,25.342705,82.98701
UP-VNS,2023-01-09,11.5,19.5,6.8,86,100,0.0,0.0,9.4,277,13.06,2.02,1010.0,8.9,81.0,25.342705,82.98701
UP-VNS,2023-01-10,12.1,20.2,7.5,88,100,0.0,0.0,13.0,269,12.63,2.0,1008.6,9.9,81.0,25.342705,82.98701
UP-VNS,2023-01-11,13.3,21.3,8.7,86,100,0.0,0.0,9.7,281,12.96,2.16,1006.0,10.6,81.0,25.342705,82.98701
UP-VNS,2023-01-12,13.6,21.4,9.1,88,100,0.0,0.0,9.7,55,12.2,2.02,1003.8,11.4,81.0,25.342705,82.98701
UP-VNS,2023-01-13,16.8,25.0,10.7,82,97,0.0,0.0,11.2,93,13.85,2.48,1003.5,13.4,81.0,25.342705,82.98701
UP-VNS,2023-01-14,17.1,24.1,11.6,82,100,0.0,0.0,13.0,313,10.93,2.24,1004.1,13.5,81.0,25.342705,82.98701
UP-VNS,2023-01-15,14.8,20.3,10.1,74,96,0.0,0.0,18.4,281,14.73,2.69,1005.1,9.6,81.0,25.342705,82.98701
UP-VNS,2023-01-16,11.7,18.4,6.6,74,96,0.0,0.0,11.0,288,14.83,2.51,1006.6,6.6,81.0,25.342705,82.98701
UP-VNS,2023-01-17,11.4,18.6,5.5,76,95,0.0,0.0,9.7,285,14.89,2.43,1007.1,6.9,81.0,25.342705,82.98701
UP-VNS,2023-01-18,11.9,19.1,6.1,77,97,0.0,0.0,9.4,285,14.86,2.45,1009.0,7.6,81.0,25.342705,82.98701
UP-VNS,2023-01-19,13.4,19.6,7.5,76,99,0.0,0.0,8.4,273,14.53,2.38,1009.3,9.0,81.0,25.342705,82.98701
UP-VNS,2023-01-20,14.8,21.9,7.0,76,100,0.0,0.0,10.8,82,14.34,2.62,1007.3,10.2,81.0,25.342705,82.98701
UP-VNS,2023-01-21,17.7,24.5,13.1,77,96,4.5,4.5,12.3,45,14.17,2.7,1006.0,13.4,81.0,25.342705,82.98701
UP-VNS,2023-01-22,17.0,22.2,13.5,85,100,1.7,1.7,15.9,57,9.47,1.84,1005.6,14.2,81.0,25.342705,82.98701
UP-VNS,2023-01-23,18.0,25.3,13.2,86,97,0.2,0.2,9.4,325,9.91,1.9,1004.9,15.5,81.0,25.342705,82.98701
UP-VNS,2023-01-24,19.5,26.6,14.2,83,98,0.0,0.0,11.5,83,14.84,2.85,1004.6,16.2,81.0,25.342705,82.98701
UP-VNS,2023-01-25,20.4,26.7,15.5,82,95,0.3,0.3,12.0,66,13.36,2.7,1004.4,17.0,81.0,25.342705,82.98701
UP-VNS,2023-01-26,19.9,25.1,16.9,83,95,9.3,9.3,17.8,291,11.17,2.28,1005.7,16.9,81.0,25.342705,82.98701
UP-VNS,2023-01-27,19.5,24.0,15.8,81,96,0.0,0.0,16.9,277,13.44,2.72,1006.2,16.0,81.0,25.342705,82.98701
UP-VNS,2023-01-28,15.8,21.8,11.5,76,92,0.0,0.0,12.8,271,16.24,2.91,1005.5,11.3,81.0,25.342705,82.98701
UP-VNS,2023-01-29,15.2,22.6,9.1,83,99,0.0,0.0,10.6,61,15.54,2.74,1005.2,12.0,81.0,25.342705,82.98701
UP-VNS,2023-01-30,17.2,25.6,11.1,79,96,0.0,0.0,10.5,53,15.6,2.96,1006.4,13.0,81.0,25.342705,82.98701
UP-VNS,2023-01-31,18.6,25.0,13.6,77,98,0.0,0.0,19.9,279,15.23,3.23,1006.0,14.0,81.0,25.342705,82.98701
UP-VNS,2023-02-01,16.7,22.4,13.1,73,95,0.0,0.0,19.9,269,16.79,3.3,1006.3,11.1,81.0,25.342705,82.98701
UP-VNS,2023-02-02,15.9,22.4,11.5,78,93,0.0,0.0,13.4,266,16.66,2.96,1006.3,11.7,81.0,25.342705,82.98701
UP-VNS,2023-02-03,16.8,23.7,11.1,75,94,0.0,0.0,14.6,268,16.62,3.22,1005.8,11.8,81.0,25.342705,82.98701
UP-VNS,2023-02-04,17.6,24.4,12.1,70,93,0.0,0.0,17.4,269,16.78,3.51,1003.8,11.4,81.0,25.342705,82.98701
UP-VNS,2023-02-05,18.0,25.5,12.7,71,92,0.0,0.0,14.5,270,16.89,3.49,1003.0,12.0,81.0,25.342705,82.98701
UP-VNS,2023-02-06,18.3,26.4,11.9,70,96,0.0,0.0,14.7,275,16.95,3.58,1002.6,12.0,81.0,25.342705,82.98701
UP-VNS,2023-02-07,20.3,28.3,13.0,62,93,0.0,0.0,19.5,264,16.77,4.12,1000.7,12.0,81.0,25.342705,82.98701
UP-VNS,2023-02-08,18.9,25.5,13.6,60,91,0.0,0.0,17.6,278,17.37,4.08,1003.3,9.9,81.0,25.342705,82.98701
UP-VNS,2023-02-09,17.9,25.6,12.0,61,84,0.0,0.0,14.4,267,17.51,3.86,1003.9,9.5,81.0,25.342705,82.98701
UP-VNS,2023-02-10,19.8,29.1,12.3,66,90,0.0,0.0,9.2,222,17.37,3.61,1003.3,12.3,81.0,25.342705,82.98701
UP-VNS,2023-02-11,21.6,29.4,14.3,61,87,0.0,0.0,16.9,255,17.61,4.33,1002.3,12.8,81.0,25.342705,82.98701
UP-VNS,2023-02-12,20.6,26.7,16.1,48,84,0.0,0.0,28.7,278,18.27,5.53,1005.0,7.4,81.0,25.342705,82.98701
UP-VNS,2023-02-13,17.5,23.4,12.6,40,59,0.0,0.0,25.9,274,18.63,5.17,1004.8,3.2,81.0,25.342705,82.98701
UP-VNS,2023-02-14,16.5,23.7,10.5,54,73,0.0,0.0,15.8,280,18.22,3.98,1005.3,6.7,81.0,25.342705,82.98701
UP-VNS,2023-02-15,17.3,24.7,11.4,64,83,0.0,0.0,13.1,303,18.23,3.68,1003.3,10.0,81.0,25.342705,82.98701
UP-VNS,2023-02-16,18.8,25.8,13.6,68,92,0.0,0.0,10.4,76,18.25,3.64,1004.4,12.1,81.0,25.342705,82.98701
UP-VNS,2023-02-17,20.1,28.1,13.3,66,91,0.0,0.0,10.2,70,18.12,3.85,1005.4,12.8,81.0,25.342705,82.98701
UP-VNS,2023-02-18,21.4,28.5,14.6,66,93,0.0,0.0,7.8,68,18.15,3.74,1005.2,14.2,81.0,25.342705,82.98701
UP-VNS,2023-02-19,21.9,28.9,15.5,67,92,0.0,0.0,11.6,292,18.25,3.9,1004.5,14.9,81.0,25.342705,82.98701
UP-VNS,2023-02-20,22.6,29.8,15.7,64,93,0.0,0.0,10.1,260,18.62,4.16,1003.1,14.5,81.0,25.342705,82.98701
UP-VNS,2023-02-21,23.8,33.0,15.8,58,86,0.0,0.0,13.3,181,18.5,4.45,1002.0,13.9,81.0,25.342705,82.98701
UP-VNS,2023-02-22,23.6,32.2,16.0,52,88,0.0,0.0,16.4,276,19.09,5.19,1001.2,11.9,81.0,25.342705,82.98701
UP-VNS,2023-02-23,23.1,31.5,16.3,51,80,0.0,0.0,19.6,273,19.0,5.25,1002.0,11.2,81.0,25.342705,82.98701
UP-VNS,2023-02-24,22.1,30.4,14.7,52,87,0.0,0.0,15.0,283,19.56,4.98,1004.5,10.0,81.0,25.342705,82.98701
UP-VNS,2023-02-25,21.8,30.2,14.1,54,89,0.0,0.0,10.9,330,19.68,4.48,1006.9,10.6,81.0,25.342705,82.98701
UP-VNS,2023-02-26,22.7,30.5,16.3,51,80,0.0,0.0,9.2,336,19.71,4.47,1008.1,10.7,81.0,25.342705,82.98701
UP-VNS,2023-02-27,23.2,31.7,15.6,53,88,0.0,0.0,16.2,267,19.51,5.07,1007.4,11.6,81.0,25.342705,82.98701
UP-VNS,2023-02-28,24.0,32.2,16.1,48,82,0.0,0.0,12.9,290,19.75,5.33,1007.3,11.0,81.0,25.342705,82.98701
UP-VNS,2023-03-01,24.6,33.2,18.3,48,75,0.0,0.0,15.8,303,19.92,5.07,1007.8,11.4,81.0,25.342705,82.98701
UP-VNS,2023-03-02,24.8,33.2,17.1,47,73,0.0,0.0,17.1,279,19.97,5.71,1007.6,11.3,81.0,25.342705,82.98701
UP-VNS,2023-03-03,25.9,34.0,18.3,46,76,0.0,0.0,23.7,272,20.01,6.36,1007.6,12.1,81.0,25.342705,82.98701
UP-VNS,2023-03-04,26.1,33.2,18.7,44,71,0.0,0.0,19.6,277,20.16,6.18,1007.9,12.1,81.0,25.342705,82.98701
UP-VNS,2023-03-05,25.8,33.1,19.4,44,66,0.0,0.0,21.7,278,20.11,6.28,1007.2,11.9,81.0,25.342705,82.98701
UP-VNS,2023-03-06,25.5,32.8,19.3,43,68,0.0,0.0,20.5,277,20.59,6.25,1005.5,10.9,81.0,25.342705,82.98701
UP-VNS,2023-03-07,25.0,32.2,17.9,44,68,0.0,0.0,15.5,283,18.34,5.46,1005.8,11.0,81.0,25.342705,82.98701
UP-VNS,2023-03-08,23.6,30.3,19.8,62,83,1.6,1.6,16.7,170,16.62,4.1,1007.3,15.5,81.0,25.342705,82.98701
UP-VNS,2023-03-09,24.2,30.9,17.7,60,93,0.0,0.0,10.4,338,20.0,4.51,1006.2,14.8,81.0,25.342705,82.98701
UP-VNS,2023-03-10,24.3,31.6,18.0,51,79,0.0,0.0,16.6,323,20.0,4.71,1005.4,12.8,81.0,25.342705,82.98701
UP-VNS,2023-03-11,24.5,31.7,18.0,50,80,0.0,0.0,10.5,310,21.04,5.16,1005.3,12.0,81.0,25.342705,82.98701
UP-VNS,2023-03-12,24.9,31.8,17.9,49,75,0.0,0.0,10.0,335,21.27,4.91,1004.9,12.7,81.0,25.342705,82.98701
UP-VNS,2023-03-13,25.7,32.7,18.8,52,87,0.0,0.0,9.7,302,20.49,4.91,1003.2,13.9,81.0,25.342705,82.98701
UP-VNS,2023-03-14,25.7,33.4,19.6,49,80,0.0,0.0,19.4,277,18.72,5.26,1000.4,13.1,81.0,25.342705,82.98701
UP-VNS,2023-03-15,26.9,34.8,18.9,43,76,0.0,0.0,15.8,259,20.7,5.64,999.6,12.1,81.0,25.342705,82.98701
UP-VNS,2023-03-16,26.3,34.2,20.0,47,77,0.0,0.0,11.4,255,18.12,4.41,1001.1,13.4,81.0,25.342705,82.98701
UP-VNS,2023-03-17,24.5,30.4,20.0,62,82,3.7,3.7,18.5,61,18.0,4.32,1002.4,16.0,81.0,25.342705,82.98701
UP-VNS,2023-03-18,23.0,28.9,19.8,76,90,10.2,10.2,17.3,82,14.85,3.23,1001.1,18.2,81.0,25.342705,82.98701
UP-VNS,2023-03-19,23.2,29.7,18.2,73,96,3.1,3.1,15.3,54,18.49,3.97,999.0,17.6,81.0,25.342705,82.98701
UP-VNS,2023-03-20,19.7,23.5,17.2,87,97,11.8,11.8,11.5,26,10.15,1.97,998.9,17.3,81.0,25.342705,82.98701
UP-VNS,2023-03-21,20.4,25.9,16.9,85,99,7.7,7.7,12.6,99,16.71,3.24,999.5,17.4,81.0,25.342705,82.98701
UP-VNS,2023-03-22,21.5,28.4,16.0,73,100,0.0,0.0,16.3,296,21.21,4.56,999.7,15.7,81.0,25.342705,82.98701
UP-VNS,2023-03-23,23.6,30.1,17.1,58,84,0.0,0.0,20.1,282,21.43,5.34,999.3,14.1,81.0,25.342705,82.98701
UP-VNS,2023-03-24,24.6,32.1,18.3,59,85,0.0,0.0,10.0,294,21.03,4.81,999.7,15.4,81.0,25.342705,82.98701
UP-VNS,2023-03-25,25.8,34.2,19.4,62,86,0.1,0.1,18.1,74,20.3,4.94,1000.5,17.3,81.0,25.342705,82.98701
UP-VNS,2023-03-26,25.6,31.4,19.2,59,89,0.4,0.4,12.5,319,19.61,4.69,999.9,16.3,81.0,25.342705,82.98701
UP-VNS,2023-03-27,25.9,33.0,18.7,49,94,0.0,0.0,19.6,288,22.49,6.38,999.3,12.5,81.0,25.342705,82.98701
UP-VNS,2023-03-28,26.1,33.0,18.8,39,63,0.0,0.0,17.9,293,22.98,6.53,1000.0,10.2,81.0,25.342705,82.98701
UP-VNS,2023-03-29,27.2,34.0,19.3,38,73,0.0,0.0,12.1,299,22.71,6.16,1000.6,10.7,81.0,25.342705,82.98701
UP-VNS,2023-03-30,28.2,35.0,21.0,39,66,0.0,0.0,12.4,346,21.46,5.55,998.3,12.2,81.0,25.342705,82.98701
UP-VNS,2023-03-31,25.1,30.4,20.1,65,91,9.6,9.6,27.2,177,13.53,3.79,999.0,17.5,81.0,25.342705,82.98701
UP-VNS,2023-04-01,23.3,29.5,18.9,74,94,0.4,0.4,13.7,38,20.54,4.31,999.2,18.1,81.0,25.342705,82.98701
UP-VNS,2023-04-02,25.0,31.5,19.1,58,95,0.0,0.0,22.5,275,22.11,5.89,998.1,14.6,81.0,25.342705,82.98701
UP-VNS,2023-04-03,26.7,33.9,19.3,43,68,0.0,0.0,24.4,282,22.06,6.22,997.3,11.8,81.0,25.342705,82.98701
UP-VNS,2023-04-04,28.1,36.5,19.9,42,71,0.0,0.0,21.4,279,21.83,6.6,997.5,12.5,81.0,25.342705,82.98701
UP-VNS,2023-04-05,27.4,34.7,20.1,38,69,0.0,0.0,20.0,297,24.09,7.35,998.9,9.8,81.0,25.342705,82.98701
UP-VNS,2023-04-06,26.8,35.1,18.5,35,56,0.0,0.0,16.7,290,24.01,6.62,1000.7,8.8,81.0,25.342705,82.98701
UP-VNS,2023-04-07,28.3,35.9,22.0,30,51,0.0,0.0,16.1,295,23.81,7.07,1002.7,8.2,81.0,25.342705,82.98701
UP-VNS,2023-04-08,28.4,35.8,20.8,30,50,0.0,0.0,13.6,278,22.03,6.59,1004.1,7.8,81.0,25.342705,82.98701
UP-VNS,2023-04-09,28.3,36.0,20.6,39,62,0.0,0.0,18.0,257,21.33,6.35,1003.6,11.9,81.0,25.342705,82.98701
UP-VNS,2023-04-10,28.7,37.0,20.7,30,52,0.0,0.0,19.4,288,24.26,7.51,1001.6,7.9,81.0,25.342705,82.98701
UP-VNS,2023-04-11,28.9,37.8,20.2,24,43,0.0,0.0,24.1,273,24.65,8.33,1000.9,5.1,81.0,25.342705,82.98701
UP-VNS,2023-04-12,30.8,38.9,22.0,25,42,0.0,0.0,23.9,273,24.36,8.77,1000.1,7.2,81.0,25.342705,82.98701
UP-VNS,2023-04-13,31.7,40.0,23.9,27,42,0.0,0.0,20.6,284,24.24,8.33,998.8,9.2,81.0,25.342705,82.98701
UP-VNS,2023-04-14,32.2,40.6,22.9,27,48,0.0,0.0,14.5,293,23.79,7.66,998.2,9.5,81.0,25.342705,82.98701
UP-VNS,2023-04-15,32.7,40.9,24.0,28,52,0.0,0.0,13.9,262,23.43,6.96,998.3,10.4,81.0,25.342705,82.98701
UP-VNS,2023-04-16,34.3,41.1,28.7,25,40,0.0,0.0,25.1,261,22.3,8.49,996.8,10.4,81.0,25.342705,82.98701
UP-VNS,2023-04-17,33.6,42.4,25.1,25,50,0.0,0.0,26.5,281,23.73,9.26,996.6,9.1,81.0,25.342705,82.98701
UP-VNS,2023-04-18,34.2,42.6,26.1,21,36,0.0,0.0,26.6,264,24.07,9.55,997.4,7.2,81.0,25.342705,82.98701
UP-VNS,2023-04-19,34.6,42.2,27.0,20,32,0.0,0.0,24.7,277,22.45,9.5,994.3,7.2,81.0,25.342705,82.98701
UP-VNS,2023-04-20,33.6,41.1,26.7,23,32,0.0,0.0,33.4,255,22.52,9.94,992.5,8.8,81.0,25.342705,82.98701
UP-VNS,2023-04-21,32.6,39.2,28.3,26,34,0.1,0.1,26.2,276,20.18,8.87,993.5,10.3,81.0,25.342705,82.98701
UP-VNS,2023-04-22,29.4,35.8,23.1,37,58,0.0,0.0,21.6,280,19.75,5.78,994.9,12.6,81.0,25.342705,82.98701
UP-VNS,2023-04-23,29.7,37.2,24.1,38,54,3.1,3.1,18.5,223,21.56,6.6,996.3,12.5,81.0,25.342705,82.98701
UP-VNS,2023-04-24,28.0,32.8,23.1,43,58,0.3,0.3,24.7,47,22.51,6.67,1000.7,14.0,81.0,25.342705,82.98701
UP-VNS,2023-04-25,27.6,33.3,20.8,52,86,0.0,0.0,11.3,53,21.4,5.18,1000.9,16.1,81.0,25.342705,82.98701
UP-VNS,2023-04-26,29.7,35.9,23.2,44,77,0.0,0.0,9.8,25,22.71,5.84,998.5,15.1,81.0,25.342705,82.98701
UP-VNS,2023-04-27,28.8,34.1,24.5,48,65,0.1,0.1,11.5,213,13.33,4.13,998.7,16.4,81.0,25.342705,82.98701
UP-VNS,2023-04-28,30.8,38.8,23.6,41,76,0.0,0.0,18.9,256,22.56,6.99,998.3,13.6,81.0,25.342705,82.98701
UP-VNS,2023-04-29,29.8,34.7,25.9,42,55,0.1,0.1,14.9,258,16.48,5.25,998.4,15.3,81.0,25.342705,82.98701
UP-VNS,2023-04-30,27.3,32.0,24.4,58,75,0.4,0.4,17.5,308,12.34,3.84,998.4,18.2,81.0,25.342705,82.98701
UP-VNS,2023-05-01,25.1,30.4,22.2,71,89,16.6,16.6,16.7,196,14.85,3.62,998.8,19.0,81.0,25.342705,82.98701
UP-VNS,2023-05-02,26.4,32.7,21.8,68,92,0.7,0.7,25.9,92,20.33,4.61,999.2,19.6,81.0,25.342705,82.98701
UP-VNS,2023-05-03,27.0,32.0,23.3,65,88,2.5,2.5,16.4,268,16.6,4.19,999.9,19.4,81.0,25.342705,82.98701
UP-VNS,2023-05-04,27.4,33.4,23.1,64,87,2.4,2.4,13.0,360,19.88,4.85,999.3,19.5,81.0,25.342705,82.98701
UP-VNS,2023-05-05,29.3,36.1,23.0,50,90,0.0,0.0,18.4,297,23.89,6.63,997.2,15.8,81.0,25.342705,82.98701
UP-VNS,2023-05-06,30.6,37.6,22.8,37,62,0.0,0.0,20.5,278,24.57,8.06,995.6,13.2,81.0,25.342705,82.98701
UP-VNS,2023-05-07,32.1,39.4,24.9,31,54,0.0,0.0,23.4,284,23.55,8.59,995.2,11.4,81.0,25.342705,82.98701
UP-VNS,2023-05-08,31.4,39.7,24.1,34,51,0.0,0.0,25.8,257,17.16,6.61,995.2,12.9,81.0,25.342705,82.98701
UP-VNS,2023-05-09,33.0,41.7,24.7,34,72,0.0,0.0,25.6,280,23.94,8.05,995.1,12.3,81.0,25.342705,82.98701
UP-VNS,2023-05-10,32.0,40.1,22.3,21,42,0.0,0.0,21.9,271,25.39,8.8,995.6,5.2,81.0,25.342705,82.98701
UP-VNS,2023-05-11,31.2,39.9,21.4,24,51,0.0,0.0,20.0,283,25.73,8.11,997.1,5.7,81.0,25.342705,82.98701
UP-VNS,2023-05-12,32.0,39.5,22.7,26,42,0.0,0.0,11.0,47,25.1,7.04,996.4,8.8,81.0,25.342705,82.98701
UP-VNS,2023-05-13,32.9,40.1,25.3,33,50,0.0,0.0,13.9,86,24.65,7.76,995.3,13.7,81.0,25.342705,82.98701
UP-VNS,2023-05-14,34.0,41.9,25.8,34,63,0.0,0.0,23.4,54,22.52,7.32,991.8,14.1,81.0,25.342705,82.98701
UP-VNS,2023-05-15,33.6,41.6,25.8,31,57,0.0,0.0,21.6,290,23.81,8.35,991.8,12.6,81.0,25.342705,82.98701
UP-VNS,2023-05-16,34.1,42.2,25.1,25,47,0.0,0.0,22.4,271,24.18,8.93,993.4,10.3,81.0,25.342705,82.98701
UP-VNS,2023-05-17,34.9,42.5,28.1,25,49,0.0,0.0,22.6,290,24.07,7.72,995.2,11.0,81.0,25.342705,82.98701
UP-VNS,2023-05-18,34.1,41.6,26.7,41,74,0.0,0.0,20.1,306,22.58,8.09,996.8,16.7,81.0,25.342705,82.98701
UP-VNS,2023-05-19,34.5,41.9,28.2,29,48,0.0,0.0,24.6,296,24.4,8.9,995.1,12.8,81.0,25.342705,82.98701
UP-VNS,2023-05-20,34.3,42.5,26.0,24,46,0.0,0.0,24.2,278,23.76,8.49,994.2,9.7,81.0,25.342705,82.98701
UP-VNS,2023-05-21,35.4,43.9,26.7,24,41,0.0,0.0,25.3,275,24.12,9.34,994.3,10.2,81.0,25.342705,82.98701
UP-VNS,2023-05-22,34.1,43.2,27.5,44,69,0.0,0.0,17.9,75,22.54,7.34,995.2,18.6,81.0,25.342705,82.98701
UP-VNS,2023-05-23,32.7,38.4,28.6,54,74,1.1,1.1,18.8,83,21.78,6.65,996.1,21.9,81.0,25.342705,82.98701
UP-VNS,2023-05-24,31.5,37.4,26.7,56,78,1.7,1.7,20.6,64,20.82,5.97,995.1,21.0,81.0,25.342705,82.98701
UP-VNS,2023-05-25,30.0,34.7,26.7,63,85,12.5,12.5,23.1,79,15.03,4.33,995.3,21.9,81.0,25.342705,82.98701
UP-VNS,2023-05-26,27.5,34.1,23.8,72,89,5.1,5.1,19.9,304,19.26,4.59,997.0,21.6,81.0,25.342705,82.98701
UP-VNS,2023-05-27,28.7,35.5,22.4,63,94,0.0,0.0,7.8,1,24.32,5.56,996.2,20.1,81.0,25.342705,82.98701
UP-VNS,2023-05-28,30.2,36.5,24.2,60,86,0.0,0.0,15.6,344,22.92,5.88,996.8,20.8,81.0,25.342705,82.98701
UP-VNS,2023-05-29,32.1,37.8,26.0,52,78,0.0,0.0,12.2,48,23.71,6.36,997.5,20.3,81.0,25.342705,82.98701
UP-VNS,2023-05-30,33.4,39.2,27.9,45,71,0.0,0.0,14.5,5,23.05,6.75,996.9,19.1,81.0,25.342705,82.98701
UP-VNS,2023-05-31,33.6,40.3,27.3,38,60,0.0,0.0,17.1,304,23.08,7.56,996.0,16.4,81.0,25.342705,82.98701
UP-VNS,2023-06-01,33.6,39.7,26.8,32,52,0.0,0.0,23.4,293,25.14,9.08,994.8,14.1,81.0,25.342705,82.98701
UP-VNS,2023-06-02,33.9,40.6,26.6,34,50,0.0,0.0,20.0,299,23.38,8.54,994.0,15.2,81.0,25.342705,82.98701
UP-VNS,2023-06-03,34.3,40.8,27.3,32,48,0.0,0.0,18.1,305,23.89,8.23,994.7,14.3,81.0,25.342705,82.98701
UP-VNS,2023-06-04,34.6,41.3,27.0,31,57,0.0,0.0,17.2,307,24.65,8.05,994.0,14.0,81.0,25.342705,82.98701
UP-VNS,2023-06-05,33.7,39.5,28.5,37,54,0.4,0.4,15.6,250,21.72,6.98,993.4,16.5,81.0,25.342705,82.98701
UP-VNS,2023-06-06,34.4,40.3,27.9,36,59,0.0,0.0,15.0,307,22.1,7.13,992.4,16.4,81.0,25.342705,82.98701
UP-VNS,2023-06-07,35.1,41.2,28.0,30,48,0.0,0.0,16.3,314,24.09,8.17,992.0,13.5,81.0,25.342705,82.98701
UP-VNS,2023-06-08,35.0,42.2,28.4,27,43,0.0,0.0,24.1,291,24.97,8.61,991.8,11.9,81.0,25.342705,82.98701
UP-VNS,2023-06-09,35.1,42.3,27.2,28,38,0.0,0.0,24.6,284,23.77,8.62,989.3,13.1,81.0,25.342705,82.98701
UP-VNS,2023-06-10,36.2,42.8,29.6,31,48,0.0,0.0,20.7,288,23.79,8.69,987.8,15.5,81.0,25.342705,82.98701
UP-VNS,2023-06-11,36.2,42.9,29.8,33,47,0.0,0.0,24.0,306,21.98,8.2,987.4,16.6,81.0,25.342705,82.98701
UP-VNS,2023-06-12,36.7,42.0,30.6,32,44,0.0,0.0,24.2,285,21.33,8.81,987.8,17.1,81.0,25.342705,82.98701
UP-VNS,2023-06-13,37.6,44.2,31.8,31,46,0.0,0.0,28.7,294,23.1,9.61,986.9,16.7,81.0,25.342705,82.98701
UP-VNS,2023-06-14,38.3,43.5,33.5,30,46,0.0,0.0,32.1,270,22.39,11.84,987.6,17.2,81.0,25.342705,82.98701
UP-VNS,2023-06-15,38.4,42.7,34.6,30,40,0.0,0.0,33.6,277,21.84,11.86,988.5,17.4,81.0,25.342705,82.98701
UP-VNS,2023-06-16,37.7,42.3,32.6,33,49,0.0,0.0,27.5,279,23.21,10.72,989.4,18.0,81.0,25.342705,82.98701
UP-VNS,2023-06-17,37.6,43.1,32.0,34,47,0.0,0.0,20.7,274,22.8,9.03,990.0,18.5,81.0,25.342705,82.98701
UP-VNS,2023-06-18,37.6,42.6,32.8,35,44,0.0,0.0,21.9,272,23.14,8.92,990.2,19.3,81.0,25.342705,82.98701
UP-VNS,2023-06-19,37.3,42.5,32.1,37,61,0.0,0.0,16.6,265,23.6,7.36,989.3,19.9,81.0,25.342705,82.98701
UP-VNS,2023-06-20,36.6,40.8,32.9,43,56,0.0,0.0,17.9,294,22.96,7.52,989.4,21.6,81.0,25.342705,82.98701
UP-VNS,2023-06-21,33.8,39.3,28.6,57,85,4.8,4.8,18.3,240,18.75,5.7,990.2,23.7,81.0,25.342705,82.98701
UP-VNS,2023-06-22,33.1,40.7,29.2,63,83,6.4,6.4,13.2,194,21.14,5.7,990.8,24.5,81.0,25.342705,82.98701
UP-VNS,2023-06-23,31.5,37.3,27.4,73,91,8.1,8.1,11.7,116,19.49,4.79,991.3,25.7,81.0,25.342705,82.98701
UP-VNS,2023-06-24,31.3,37.3,28.2,75,91,16.3,16.3,14.5,255,20.15,4.78,990.5,26.0,81.0,25.342705,82.98701
UP-VNS,2023-06-25,32.2,37.7,27.4,69,93,2.9,2.9,18.3,60,21.62,5.68,990.1,25.4,81.0,25.342705,82.98701
UP-VNS,2023-06-26,31.9,36.0,28.4,64,82,2.7,2.7,27.5,76,19.19,6.14,989.5,23.9,81.0,25.342705,82.98701
UP-VNS,2023-06-27,31.5,36.2,28.4,64,81,3.9,3.9,25.2,77,22.29,6.84,988.8,23.6,81.0,25.342705,82.98701
UP-VNS,2023-06-28,29.3,34.0,26.8,76,93,14.4,14.4,23.5,86,15.3,4.26,990.5,24.5,81.0,25.342705,82.98701
UP-VNS,2023-06-29,28.5,32.5,26.3,83,94,10.4,10.4,15.3,159,13.36,3.14,990.5,25.2,81.0,25.342705,82.98701
UP-VNS,2023-06-30,27.7,31.5,25.4,88,98,40.4,40.4,12.5,161,15.08,3.27,991.1,25.3,81.0,25.342705,82.98701
UP-VNS,2023-07-01,29.2,33.7,26.1,84,97,15.2,15.2,13.0,160,18.61,4.17,991.4,26.1,81.0,25.342705,82.98701
UP-VNS,2023-07-02,28.9,31.9,26.7,86,97,17.2,17.2,15.5,214,14.62,3.33,991.3,26.2,81.0,25.342705,82.98701
UP-VNS,2023-07-03,30.3,33.5,26.7,81,97,5.5,5.5,9.5,170,15.58,3.71,990.9,26.5,81.0,25.342705,82.98701
UP-VNS,2023-07-04,29.6,35.2,26.8,84,94,33.4,33.4,12.9,108,19.57,4.46,990.0,26.5,81.0,25.342705,82.98701
UP-VNS,2023-07-05,29.4,33.1,26.7,84,98,9.8,9.8,16.6,92,17.14,3.97,989.8,26.4,81.0,25.342705,82.98701
UP-VNS,2023-07-06,31.2,35.3,27.3,75,92,18.1,18.1,17.6,78,23.13,5.74,990.7,26.0,81.0,25.342705,82.98701
UP-VNS,2023-07-07,29.5,32.7,26.7,83,96,9.2,9.2,20.5,86,16.99,4.02,991.0,26.3,81.0,25.342705,82.98701
UP-VNS,2023-07-08,29.7,33.7,26.8,82,96,11.1,11.1,15.7,114,19.04,4.32,992.5,26.1,81.0,25.342705,82.98701
UP-VNS,2023-07-09,30.2,34.3,26.9,80,97,3.4,3.4,10.1,123,22.56,5.09,992.4,26.0,81.0,25.342705,82.98701
UP-VNS,2023-07-10,30.5,34.3,26.4,79,98,3.8,3.8,11.5,239,22.89,5.15,992.0,26.1,81.0,25.342705,82.98701
UP-VNS,2023-07-11,30.4,33.9,26.8,79,95,19.2,19.2,8.6,160,19.71,4.5,991.6,26.3,81.0,25.342705,82.98701
UP-VNS,2023-07-12,30.5,33.5,27.6,81,96,9.6,9.6,10.0,96,19.06,4.38,991.6,26.8,81.0,25.342705,82.98701
UP-VNS,2023-07-13,31.2,34.9,27.1,75,94,7.3,7.3,15.9,125,22.5,5.43,991.8,25.9,81.0,25.342705,82.98701
UP-VNS,2023-07-14,29.7,33.9,28.1,84,92,16.2,16.2,12.4,112,15.04,3.55,992.2,26.7,81.0,25.342705,82.98701
UP-VNS,2023-07-15,29.6,33.5,27.1,82,95,15.5,15.5,14.8,98,17.65,3.96,992.1,26.1,81.0,25.342705,82.98701
UP-VNS,2023-07-16,29.8,33.4,26.2,81,97,1.8,1.8,11.7,64,21.01,4.73,991.1,25.9,81.0,25.342705,82.98701
UP-VNS,2023-07-17,30.3,34.4,27.6,75,85,0.9,0.9,19.1,69,20.5,5.18,989.8,25.3,81.0,25.342705,82.98701
UP-VNS,2023-07-18,30.2,32.8,28.1,75,81,1.2,1.2,20.5,74,16.38,4.5,989.9,25.3,81.0,25.342705,82.98701
UP-VNS,2023-07-19,31.5,35.5,28.2,70,82,0.4,0.4,20.4,75,23.09,6.18,988.9,25.3,81.0,25.342705,82.98701
UP-VNS,2023-07-20,32.3,35.7,28.9,67,81,0.0,0.0,20.4,80,24.31,6.67,988.8,25.1,81.0,25.342705,82.98701
UP-VNS,2023-07-21,32.2,35.8,29.1,67,79,0.2,0.2,23.1,85,24.25,6.89,991.1,25.1,81.0,25.342705,82.98701
UP-VNS,2023-07-22,31.4,35.2,28.7,70,81,1.1,1.1,28.6,90,22.76,6.41,993.7,25.3,81.0,25.342705,82.98701
UP-VNS,2023-07-23,31.5,35.5,28.8,71,81,4.7,4.7,23.3,98,23.39,6.22,993.5,25.4,81.0,25.342705,82.98701
UP-VNS,2023-07-24,31.1,34.8,27.7,75,87,7.3,7.3,11.9,94,22.18,5.26,992.0,26.1,81.0,25.342705,82.98701
UP-VNS,2023-07-25,32.0,35.4,28.8,68,78,0.3,0.3,14.2,86,23.5,6.04,992.3,25.2,81.0,25.342705,82.98701
UP-VNS,2023-07-26,32.1,35.9,28.6,65,80,0.0,0.0,16.7,72,24.45,6.67,992.8,24.5,81.0,25.342705,82.98701
UP-VNS,2023-07-27,31.9,35.3,29.0,67,77,0.0,0.0,18.1,71,23.01,6.22,991.3,24.9,81.0,25.342705,82.98701
UP-VNS,2023-07-28,31.2,35.2,27.3,74,91,2.5,2.5,15.8,41,23.43,5.73,989.4,26.0,81.0,25.342705,82.98701
UP-VNS,2023-07-29,30.0,33.2,26.7,81,94,11.3,11.3,13.0,300,16.94,3.98,990.1,26.2,81.0,25.342705,82.98701
UP-VNS,2023-07-30,29.4,33.6,25.8,82,95,10.3,10.3,13.9,272,17.88,4.15,990.0,25.8,81.0,25.342705,82.98701
UP-VNS,2023-07-31,30.3,34.2,27.3,79,88,5.3,5.3,15.1,269,21.78,5.06,988.9,26.2,81.0,25.342705,82.98701
UP-VNS,2023-08-01,29.7,34.1,26.8,81,93,2.4,2.4,17.3,274,18.76,4.54,987.8,25.8,81.0,25.342705,82.98701
UP-VNS,2023-08-02,28.2,32.4,26.0,88,97,51.9,51.9,19.2,354,13.74,3.13,986.7,26.0,81.0,25.342705,82.98701
UP-VNS,2023-08-03,28.5,31.4,26.2,83,94,3.8,3.8,27.5,61,17.28,4.06,986.3,25.3,81.0,25.342705,82.98701
UP-VNS,2023-08-04,29.4,33.6,26.9,80,95,13.4,13.4,17.9,92,19.58,4.61,989.0,25.5,81.0,25.342705,82.98701
UP-VNS,2023-08-05,28.5,31.6,26.7,88,97,24.8,24.8,12.1,118,14.34,3.19,991.3,26.2,81.0,25.342705,82.98701
UP-VNS,2023-08-06,28.1,31.7,26.3,88,97,19.5,19.5,20.5,271,13.18,3.03,990.2,25.8,81.0,25.342705,82.98701
UP-VNS,2023-08-07,28.5,31.9,26.0,82,93,2.7,2.7,20.7,254,14.16,3.65,988.9,25.0,81.0,25.342705,82.98701
UP-VNS,2023-08-08,29.0,31.3,27.5,76,80,0.0,0.0,20.1,256,8.97,3.12,990.5,24.2,81.0,25.342705,82.98701
UP-VNS,2023-08-09,28.2,29.9,27.4,84,90,8.4,8.4,17.3,259,7.29,2.23,993.4,25.2,81.0,25.342705,82.98701
UP-VNS,2023-08-10,28.8,32.3,25.9,82,93,2.7,2.7,16.8,266,16.95,4.0,994.5,25.3,81.0,25.342705,82.98701
UP-VNS,2023-08-11,29.9,33.2,26.9,78,89,0.5,0.5,17.5,273,19.59,4.68,994.2,25.5,81.0,25.342705,82.98701
UP-VNS,2023-08-12,30.3,33.7,27.2,72,85,4.0,4.0,20.5,262,19.44,5.27,992.6,24.4,81.0,25.342705,82.98701
UP-VNS,2023-08-13,29.5,32.1,27.7,76,91,0.3,0.3,15.4,246,14.43,3.82,992.9,24.7,81.0,25.342705,82.98701
UP-VNS,2023-08-14,29.1,33.0,26.3,83,93,2.2,2.2,10.1,267,20.61,4.5,994.8,25.7,81.0,25.342705,82.98701
UP-VNS,2023-08-15,29.8,33.3,26.6,81,94,0.7,0.7,12.9,249,22.43,4.98,994.5,26.0,81.0,25.342705,82.98701
UP-VNS,2023-08-16,30.6,34.4,27.3,76,89,0.1,0.1,13.0,255,21.56,5.08,993.8,25.8,81.0,25.342705,82.98701
UP-VNS,2023-08-17,28.9,31.9,26.9,85,95,11.8,11.8,17.0,251,12.3,2.87,993.6,26.0,81.0,25.342705,82.98701
UP-VNS,2023-08-18,28.9,32.5,26.2,88,99,4.7,4.7,14.8,49,18.08,3.9,992.8,26.6,81.0,25.342705,82.98701
UP-VNS,2023-08-19,30.1,34.2,27.2,78,95,0.7,0.7,23.8,87,22.24,5.4,992.5,25.6,81.0,25.342705,82.98701
UP-VNS,2023-08-20,30.4,33.8,27.5,77,89,0.4,0.4,16.3,96,22.55,5.25,993.5,25.8,81.0,25.342705,82.98701
UP-VNS,2023-08-21,30.2,33.9,26.8,82,96,2.1,2.1,11.3,117,20.42,4.56,993.0,26.6,81.0,25.342705,82.98701
UP-VNS,2023-08-22,29.0,32.0,27.1,86,95,3.2,3.2,10.7,91,12.5,2.85,993.1,26.3,81.0,25.342705,82.98701
UP-VNS,2023-08-23,28.5,32.9,25.9,86,96,21.5,21.5,13.7,253,20.05,4.3,992.0,25.7,81.0,25.342705,82.98701
UP-VNS,2023-08-24,28.4,32.3,25.3,83,97,4.9,4.9,17.0,256,18.16,4.16,990.7,25.1,81.0,25.342705,82.98701
UP-VNS,2023-08-25,28.5,32.0,26.5,80,88,1.8,1.8,22.1,256,16.1,3.92,990.8,24.7,81.0,25.342705,82.98701
UP-VNS,2023-08-26,29.6,33.4,26.9,73,86,0.0,0.0,22.9,267,22.32,5.62,991.9,23.9,81.0,25.342705,82.98701
UP-VNS,2023-08-27,29.6,33.0,27.0,70,79,0.0,0.0,24.5,262,23.02,6.01,992.1,23.4,81.0,25.342705,82.98701
UP-VNS,2023-08-28,28.9,32.9,25.5,71,80,0.0,0.0,21.3,256,22.86,5.67,992.6,23.0,81.0,25.342705,82.98701
UP-VNS,2023-08-29,28.7,32.7,25.8,74,81,0.3,0.3,15.2,265,21.7,5.03,994.2,23.6,81.0,25.342705,82.98701
UP-VNS,2023-08-30,29.1,32.9,25.8,76,88,1.0,1.0,15.3,264,20.58,4.75,995.6,24.4,81.0,25.342705,82.98701
UP-VNS,2023-08-31,30.0,34.4,25.7,76,91,2.1,2.1,11.0,267,22.28,5.1,996.0,25.2,81.0,25.342705,82.98701
UP-VNS,2023-09-01,31.0,35.3,27.1,72,90,0.0,0.0,12.1,271,22.93,5.55,995.4,24.9,81.0,25.342705,82.98701
UP-VNS,2023-09-02,31.3,36.0,27.4,68,82,0.0,0.0,17.2,276,23.09,5.92,994.0,24.4,81.0,25.342705,82.98701
UP-VNS,2023-09-03,31.3,35.8,27.5,69,85,0.0,0.0,15.5,309,22.61,5.64,992.8,24.6,81.0,25.342705,82.98701
UP-VNS,2023-09-04,29.0,33.7,26.3,84,96,18.9,18.9,18.5,70,20.34,4.48,992.1,25.8,81.0,25.342705,82.98701
UP-VNS,2023-09-05,28.3,32.3,26.3,86,95,12.2,12.2,21.7,76,17.45,3.8,992.4,25.7,81.0,25.342705,82.98701
UP-VNS,2023-09-06,29.2,33.6,26.2,83,95,16.5,16.5,16.3,70,18.91,4.35,993.3,25.8,81.0,25.342705,82.98701
UP-VNS,2023-09-07,28.6,32.9,26.2,86,95,8.4,8.4,17.6,63,20.03,4.29,993.0,26.0,81.0,25.342705,82.98701
UP-VNS,2023-09-08,27.5,30.5,25.4,88,96,15.3,15.3,19.8,84,14.18,3.09,992.6,25.3,81.0,25.342705,82.98701
UP-VNS,2023-09-09,27.6,31.2,25.6,90,98,13.9,13.9,15.3,95,16.02,3.35,992.5,25.6,81.0,25.342705,82.98701
UP-VNS,2023-09-10,28.3,32.0,25.9,89,98,17.3,17.3,13.1,107,15.83,3.36,991.5,26.2,81.0,25.342705,82.98701
UP-VNS,2023-09-11,29.0,32.9,26.6,86,98,6.4,6.4,11.3,148,19.23,4.16,991.1,26.3,81.0,25.342705,82.98701
UP-VNS,2023-09-12,29.0,33.0,26.5,87,98,5.9,5.9,11.6,99,19.24,4.13,991.8,26.5,81.0,25.342705,82.98701
UP-VNS,2023-09-13,28.6,32.8,25.2,88,99,28.9,28.9,8.6,18,16.22,3.47,992.5,26.3,81.0,25.342705,82.98701
UP-VNS,2023-09-14,29.6,32.8,26.4,83,97,0.9,0.9,16.1,57,20.25,4.53,992.9,26.3,81.0,25.342705,82.98701
UP-VNS,2023-09-15,28.8,31.6,27.4,83,88,5.2,5.2,28.6,86,15.2,3.72,993.2,25.6,81.0,25.342705,82.98701
UP-VNS,2023-09-16,28.4,31.0,26.6,86,92,8.1,8.1,16.1,99,13.17,3.03,994.4,25.8,81.0,25.342705,82.98701
UP-VNS,2023-09-17,28.9,32.2,26.2,85,98,5.4,5.4,8.2,116,15.89,3.46,994.3,26.0,81.0,25.342705,82.98701
UP-VNS,2023-09-18,29.1,32.0,26.6,86,98,15.9,15.9,10.0,307,18.37,3.97,994.5,26.5,81.0,25.342705,82.98701
UP-VNS,2023-09-19,28.8,32.9,24.8,85,98,3.2,3.2,20.1,7,19.93,4.32,996.1,25.9,81.0,25.342705,82.98701
UP-VNS,2023-09-20,29.1,32.3,26.2,81,96,1.1,1.1,14.2,60,19.63,4.34,995.9,25.4,81.0,25.342705,82.98701
UP-VNS,2023-09-21,27.9,30.8,26.1,86,93,12.6,12.6,16.8,50,12.82,2.86,995.5,25.2,81.0,25.342705,82.98701
UP-VNS,2023-09-22,27.2,30.7,25.4,87,95,7.7,7.7,14.5,35,12.57,2.8,995.3,24.8,81.0,25.342705,82.98701
UP-VNS,2023-09-23,27.4,30.7,25.3,87,97,1.7,1.7,11.7,353,16.28,3.44,995.3,24.8,81.0,25.342705,82.98701
UP-VNS,2023-09-24,27.2,31.1,24.3,87,99,2.4,2.4,10.6,337,17.66,3.68,995.3,24.7,81.0,25.342705,82.98701
UP-VNS,2023-09-25,27.3,30.3,24.4,86,99,0.9,0.9,6.3,16,16.0,3.32,996.0,24.7,81.0,25.342705,82.98701
UP-VNS,2023-09-26,27.8,31.1,24.8,86,99,2.6,2.6,11.5,61,18.18,3.78,996.9,25.3,81.0,25.342705,82.98701
UP-VNS,2023-09-27,28.6,32.1,25.3,83,96,0.1,0.1,6.7,43,19.72,4.2,996.6,25.4,81.0,25.342705,82.98701
UP-VNS,2023-09-28,28.7,32.9,25.5,82,94,1.2,1.2,8.4,108,18.47,4.02,996.4,25.3,81.0,25.342705,82.98701
UP-VNS,2023-09-29,29.6,34.0,25.8,80,99,0.3,0.3,8.7,33,19.8,4.4,996.1,25.5,81.0,25.342705,82.98701
UP-VNS,2023-09-30,28.5,33.0,25.4,87,96,11.1,11.1,13.4,33,18.42,3.97,995.8,25.9,81.0,25.342705,82.98701
UP-VNS,2023-10-01,27.5,32.2,24.7,87,99,12.7,12.7,17.1,35,17.79,3.78,994.7,25.1,81.0,25.342705,82.98701
UP-VNS,2023-10-02,26.9,29.3,24.8,91,96,38.9,38.9,19.0,46,9.66,2.1,995.1,25.3,81.0,25.342705,82.98701
UP-VNS,2023-10-03,26.4,30.4,24.6,90,96,19.2,19.2,19.4,24,11.26,2.48,996.0,24.6,81.0,25.342705,82.98701
UP-VNS,2023-10-04,25.9,29.6,24.3,91,98,21.3,21.3,13.9,21,12.59,2.52,996.3,24.3,81.0,25.342705,82.98701
UP-VNS,2023-10-05,27.2,30.1,24.6,87,96,1.7,1.7,10.7,350,13.58,2.87,996.1,24.7,81.0,25.342705,82.98701
UP-VNS,2023-10-06,27.8,31.5,24.7,86,97,0.8,0.8,6.3,85,18.2,3.81,996.5,25.1,81.0,25.342705,82.98701
UP-VNS,2023-10-07,28.1,32.0,25.2,83,98,0.9,0.9,7.9,273,17.91,3.83,997.6,24.8,81.0,25.342705,82.98701
UP-VNS,2023-10-08,28.1,33.2,23.7,76,96,0.0,0.0,12.4,241,19.77,4.54,998.4,23.2,81.0,25.342705,82.98701
UP-VNS,2023-10-09,28.6,33.7,24.7,73,90,0.0,0.0,13.7,249,19.58,4.72,999.1,23.1,81.0,25.342705,82.98701
UP-VNS,2023-10-10,28.8,34.7,24.9,71,90,0.0,0.0,13.7,252,18.26,4.59,999.8,22.6,81.0,25.342705,82.98701
UP-VNS,2023-10-11,28.0,34.1,23.6,72,89,0.0,0.0,14.3,249,18.29,4.43,1000.1,22.2,81.0,25.342705,82.98701
UP-VNS,2023-10-12,27.7,33.8,22.2,70,97,0.0,0.0,9.0,255,19.0,4.26,1001.9,21.0,81.0,25.342705,82.98701
UP-VNS,2023-10-13,27.8,33.6,23.4,68,89,0.0,0.0,10.8,291,19.27,4.48,1002.7,20.7,81.0,25.342705,82.98701
UP-VNS,2023-10-14,27.4,33.1,21.7,70,93,0.0,0.0,14.0,271,18.34,4.2,1002.1,21.0,81.0,25.342705,82.98701
UP-VNS,2023-10-15,27.5,33.8,22.5,65,88,0.0,0.0,13.7,261,17.69,4.47,1000.2,19.7,81.0,25.342705,82.98701
UP-VNS,2023-10-16,26.2,32.5,21.3,74,92,1.6,1.6,18.4,223,16.32,3.66,1001.5,20.9,81.0,25.342705,82.98701
UP-VNS,2023-10-17,25.4,30.5,21.0,76,95,0.6,0.6,18.9,308,17.25,3.71,1003.8,20.7,81.0,25.342705,82.98701
UP-VNS,2023-10-18,24.7,30.1,20.0,79,96,0.0,0.0,9.8,291,17.81,3.72,1004.4,20.5,81.0,25.342705,82.98701
UP-VNS,2023-10-19,24.8,30.8,20.3,73,96,0.0,0.0,11.3,278,17.69,3.98,1004.5,19.1,81.0,25.342705,82.98701
UP-VNS,2023-10-20,24.8,30.5,18.5,66,94,0.0,0.0,10.9,285,18.34,4.01,1005.2,17.3,81.0,25.342705,82.98701
UP-VNS,2023-10-21,24.3,30.1,19.1,69,94,0.0,0.0,8.3,182,17.43,3.8,1005.5,17.6,81.0,25.342705,82.98701
UP-VNS,2023-10-22,23.8,29.4,18.9,71,98,0.0,0.0,9.5,62,17.33,3.59,1005.5,17.8,81.0,25.342705,82.98701
UP-VNS,2023-10-23,24.0,29.4,18.4,66,94,0.0,0.0,7.2,188,17.79,3.63,1004.1,16.7,81.0,25.342705,82.98701
UP-VNS,2023-10-24,23.9,30.0,18.1,66,93,0.0,0.0,9.0,271,17.06,3.77,1003.4,16.6,81.0,25.342705,82.98701
UP-VNS,2023-10-25,23.7,30.1,18.5,66,90,0.0,0.0,13.0,247,17.49,4.1,1003.9,16.3,81.0,25.342705,82.98701
UP-VNS,2023-10-26,24.2,30.3,18.7,67,88,0.0,0.0,10.6,249,15.81,3.69,1003.7,17.3,81.0,25.342705,82.98701
UP-VNS,2023-10-27,23.7,31.0,18.1,64,86,0.0,0.0,10.2,280,17.37,3.97,1003.5,15.6,81.0,25.342705,82.98701
UP-VNS,2023-10-28,23.7,30.7,17.0,59,83,0.0,0.0,9.8,251,17.34,3.83,1004.1,14.4,81.0,25.342705,82.98701
UP-VNS,2023-10-29,23.9,30.4,17.9,65,92,0.0,0.0,8.4,318,16.54,3.54,1004.3,16.2,81.0,25.342705,82.98701
UP-VNS,2023-10-30,24.2,30.3,18.3,67,89,0.0,0.0,8.0,141,16.74,3.46,1004.6,17.1,81.0,25.342705,82.98701
UP-VNS,2023-10-31,24.3,30.5,18.6,69,93,0.0,0.0,9.0,80,16.11,3.62,1005.7,17.8,81.0,25.342705,82.98701
UP-VNS,2023-11-01,25.1,30.8,19.7,68,95,0.0,0.0,8.7,81,15.37,3.36,1005.7,18.4,81.0,25.342705,82.98701
UP-VNS,2023-11-02,25.3,30.9,20.9,69,87,0.0,0.0,8.8,40,16.08,3.4,1004.1,18.8,81.0,25.342705,82.98701
UP-VNS,2023-11-03,24.6,30.8,19.2,68,92,0.0,0.0,8.5,266,15.57,3.49,1002.2,17.7,81.0,25.342705,82.98701
UP-VNS,2023-11-04,24.1,30.6,18.4,67,93,0.0,0.0,9.7,267,15.71,3.64,1002.4,16.8,81.0,25.342705,82.98701
UP-VNS,2023-11-05,24.1,30.5,17.6,65,91,0.0,0.0,9.7,279,15.65,3.54,1004.5,16.3,81.0,25.342705,82.98701
UP-VNS,2023-11-06,23.8,30.2,17.3,65,94,0.0,0.0,10.3,93,15.01,3.37,1005.5,16.2,81.0,25.342705,82.98701
UP-VNS,2023-11-07,23.0,29.6,17.4,70,94,0.0,0.0,9.4,267,15.52,3.39,1005.0,16.7,81.0,25.342705,82.98701
UP-VNS,2023-11-08,22.6,29.9,15.5,71,94,0.0,0.0,11.2,251,15.55,3.49,1004.1,16.4,81.0,25.342705,82.98701
UP-VNS,2023-11-09,23.7,30.7,18.4,66,89,0.0,0.0,12.1,272,15.26,3.62,1004.2,16.5,81.0,25.342705,82.98701
UP-VNS,2023-11-10,24.2,30.7,18.8,68,89,0.0,0.0,9.1,310,15.12,3.36,1005.8,17.4,81.0,25.342705,82.98701
UP-VNS,2023-11-11,23.6,30.3,18.6,73,97,2.3,2.3,14.2,30,14.11,3.27,1006.3,18.2,81.0,25.342705,82.98701
UP-VNS,2023-11-12,22.4,28.3,17.4,75,96,0.0,0.0,9.2,316,14.4,3.09,1007.3,17.3,81.0,25.342705,82.98701
UP-VNS,2023-11-13,22.4,28.2,16.8,71,96,0.0,0.0,9.5,350,14.87,3.09,1007.4,16.3,81.0,25.342705,82.98701
UP-VNS,2023-11-14,22.4,28.1,17.7,68,88,0.0,0.0,9.0,356,14.65,3.04,1006.9,15.9,81.0,25.342705,82.98701
UP-VNS,2023-11-15,22.5,27.9,17.0,70,92,0.0,0.0,8.2,44,14.68,2.94,1006.8,16.2,81.0,25.342705,82.98701
UP-VNS,2023-11-16,22.6,28.0,17.8,67,87,0.0,0.0,10.0,80,14.5,3.14,1007.4,15.7,81.0,25.342705,82.98701
UP-VNS,2023-11-17,22.4,29.2,16.8,69,92,0.0,0.0,8.4,322,14.03,3.14,1006.4,16.1,81.0,25.342705,82.98701
UP-VNS,2023-11-18,23.2,29.3,17.5,70,88,0.0,0.0,8.5,307,13.92,2.94,1006.0,17.1,81.0,25.342705,82.98701
UP-VNS,2023-11-19,23.4,29.5,18.8,74,92,0.0,0.0,9.9,44,13.63,3.05,1006.9,18.0,81.0,25.342705,82.98701
UP-VNS,2023-11-20,22.6,28.9,18.0,70,91,0.0,0.0,9.2,2,13.42,2.96,1006.9,16.4,81.0,25.342705,82.98701
UP-VNS,2023-11-21,21.6,27.4,16.9,70,94,0.0,0.0,13.4,284,14.08,3.18,1005.5,15.5,81.0,25.342705,82.98701
UP-VNS,2023-11-22,20.5,27.0,15.4,73,94,0.0,0.0,10.9,269,14.21,3.08,1004.5,14.9,81.0,25.342705,82.98701
UP-VNS,2023-11-23,20.7,26.3,14.6,66,94,0.0,0.0,8.7,290,14.21,2.82,1004.4,13.7,81.0,25.342705,82.98701
UP-VNS,2023-11-24,19.9,26.1,14.7,66,95,0.0,0.0,9.2,296,14.37,2.95,1005.6,12.6,81.0,25.342705,82.98701
UP-VNS,2023-11-25,19.3,25.9,12.2,63,94,0.0,0.0,8.7,241,14.32,2.83,1007.2,11.2,81.0,25.342705,82.98701
UP-VNS,2023-11-26,19.6,26.4,13.5,68,87,0.0,0.0,9.9,130,13.64,2.82,1007.8,13.3,81.0,25.342705,82.98701
UP-VNS,2023-11-27,19.6,25.4,15.0,76,91,0.0,0.0,9.2,119,8.01,1.91,1006.2,15.0,81.0,25.342705,82.98701
UP-VNS,2023-11-28,20.6,25.3,15.4,80,97,0.0,0.0,7.6,175,8.51,1.73,1005.1,16.8,81.0,25.342705,82.98701
UP-VNS,2023-11-29,21.0,26.9,15.6,79,98,0.0,0.0,7.9,141,12.96,2.54,1005.5,16.9,81.0,25.342705,82.98701
UP-VNS,2023-11-30,20.2,23.2,18.5,89,96,20.2,20.2,15.2,75,7.0,1.43,1006.8,18.3,81.0,25.342705,82.98701
UP-VNS,2023-12-01,20.9,23.9,19.1,89,98,9.2,9.2,7.9,150,7.05,1.4,1006.6,18.9,81.0,25.342705,82.98701
UP-VNS,2023-12-02,21.6,26.0,17.9,88,100,0.0,0.0,8.1,301,9.72,1.85,1006.3,19.4,81.0,25.342705,82.98701
UP-VNS,2023-12-03,22.4,27.8,18.2,80,98,0.0,0.0,7.6,336,12.67,2.44,1006.3,18.6,81.0,25.342705,82.98701
UP-VNS,2023-12-04,21.8,27.7,17.2,77,100,0.0,0.0,14.1,48,12.45,2.74,1004.7,17.2,81.0,25.342705,82.98701
UP-VNS,2023-12-05,20.7,25.3,17.2,74,85,0.0,0.0,10.1,313,8.51,1.87,1004.5,15.7,81.0,25.342705,82.98701
UP-VNS,2023-12-06,20.8,23.4,18.4,78,91,0.7,0.7,10.5,102,4.41,1.26,1006.0,16.7,81.0,25.342705,82.98701
UP-VNS,2023-12-07,18.7,20.6,16.1,90,100,21.9,21.9,9.4,63,3.27,0.8,1005.3,17.0,81.0,25.342705,82.98701
UP-VNS,2023-12-08,18.9,24.6,15.0,87,100,0.0,0.0,10.5,254,11.52,2.15,1004.9,16.5,81.0,25.342705,82.98701
UP-VNS,2023-12-09,19.3,25.4,15.2,73,95,0.0,0.0,16.4,276,12.38,2.77,1005.7,13.8,81.0,25.342705,82.98701
UP-VNS,2023-12-10,17.0,24.2,11.9,70,89,0.0,0.0,15.6,269,13.38,2.87,1004.7,11.0,81.0,25.342705,82.98701
UP-VNS,2023-12-11,17.0,23.9,11.4,74,94,0.0,0.0,9.7,286,13.19,2.6,1005.8,11.8,81.0,25.342705,82.98701
UP-VNS,2023-12-12,17.0,23.4,10.5,71,100,0.0,0.0,10.6,303,13.21,2.64,1004.6,11.3,81.0,25.342705,82.98701
UP-VNS,2023-12-13,16.3,22.8,11.6,72,90,0.0,0.0,14.0,283,13.12,2.65,1005.8,10.8,81.0,25.342705,82.98701
UP-VNS,2023-12-14,16.4,23.7,11.7,74,92,0.0,0.0,12.3,258,13.14,2.65,1007.4,11.2,81.0,25.342705,82.98701
UP-VNS,2023-12-15,15.7,23.2,10.2,76,96,0.0,0.0,9.8,262,13.23,2.5,1008.5,11.0,81.0,25.342705,82.98701
UP-VNS,2023-12-16,15.0,22.6,9.1,77,97,0.0,0.0,11.2,264,13.21,2.46,1007.2,10.6,81.0,25.342705,82.98701
UP-VNS,2023-12-17,15.1,22.4,9.7,74,97,0.0,0.0,10.6,281,12.9,2.5,1007.6,9.9,81.0,25.342705,82.98701
UP-VNS,2023-12-18,14.7,22.1,9.4,71,88,0.0,0.0,13.4,269,13.11,2.57,1008.5,9.1,81.0,25.342705,82.98701
UP-VNS,2023-12-19,14.5,21.4,10.1,72,89,0.0,0.0,10.4,264,12.7,2.44,1009.6,9.2,81.0,25.342705,82.98701
UP-VNS,2023-12-20,14.3,21.3,9.6,77,96,0.0,0.0,8.7,260,11.92,2.17,1009.2,9.9,81.0,25.342705,82.98701
UP-VNS,2023-12-21,15.0,21.9,10.2,74,95,0.0,0.0,10.2,264,12.69,2.33,1007.5,10.0,81.0,25.342705,82.98701
UP-VNS,2023-12-22,15.0,21.9,8.5,76,98,0.0,0.0,8.5,275,10.86,2.02,1007.4,10.5,81.0,25.342705,82.98701
UP-VNS,2023-12-23,17.7,23.8,12.5,71,91,0.0,0.0,7.1,13,12.69,2.41,1009.1,12.0,81.0,25.342705,82.98701
UP-VNS,2023-12-24,17.4,24.3,12.1,78,93,0.0,0.0,9.6,285,12.63,2.37,1009.9,13.2,81.0,25.342705,82.98701
UP-VNS,2023-12-25,17.2,24.3,12.0,80,97,0.0,0.0,10.5,267,12.71,2.4,1008.9,13.3,81.0,25.342705,82.98701
UP-VNS,2023-12-26,17.2,23.8,12.1,76,97,0.0,0.0,9.0,271,12.82,2.37,1009.0,12.6,81.0,25.342705,82.98701
UP-VNS,2023-12-27,16.4,23.5,10.5,81,97,0.0,0.0,8.5,262,12.85,2.31,1009.6,12.9,81.0,25.342705,82.98701
UP-VNS,2023-12-28,16.1,23.1,11.0,83,99,0.0,0.0,9.2,286,13.01,2.28,1008.6,12.8,81.0,25.342705,82.98701
UP-VNS,2023-12-29,15.5,23.1,9.9,82,98,0.0,0.0,9.3,299,12.94,2.25,1008.9,11.9,81.0,25.342705,82.98701
UP-VNS,2023-12-30,14.4,21.8,9.4,88,99,0.0,0.0,10.5,291,12.12,2.03,1008.1,12.1,81.0,25.342705,82.98701
UP-VNS,2023-12-31,13.1,19.0,9.4,89,100,0.0,0.0,7.8,284,9.64,1.56,1008.3,11.2,81.0,25.342705,82.98701
