site_id,date,temperature_2m_mean,temperature_2m_max,temperature_2m_min,relative_humidity_2m_mean,relative_humidity_2m_max,precipitation_sum,rain_sum,wind_speed_10m_max,wind_direction_10m_dominant,shortwave_radiation_sum,et0_fao_evapotranspiration,surface_pressure_mean,dew_point_2m_mean,elevation_m,lat,lon
WB-HGL,2020-12-01,21.4,27.8,16.0,68,93,0.0,0.0,8.9,335,15.14,3.2,1014.0,14.7,12.0,22.882248,88.40459
WB-HGL,2020-12-02,21.6,28.4,15.5,68,95,0.0,0.0,9.0,316,14.93,3.21,1012.3,14.9,12.0,22.882248,88.40459
WB-HGL,2020-12-03,21.7,28.3,15.4,66,96,0.0,0.0,9.6,306,15.0,3.06,1012.0,14.1,12.0,22.882248,88.40459
WB-HGL,2020-12-04,22.0,28.3,16.4,68,94,0.0,0.0,8.8,289,14.41,3.03,1011.1,15.3,12.0,22.882248,88.40459
WB-HGL,2020-12-05,21.9,28.4,16.0,68,96,0.0,0.0,10.2,280,14.65,3.12,1012.1,15.0,12.0,22.882248,88.40459
WB-HGL,2020-12-06,22.1,28.7,15.8,70,99,0.0,0.0,10.0,271,14.48,3.01,1013.5,15.7,12.0,22.882248,88.40459
WB-HGL,2020-12-07,21.7,29.3,16.3,75,98,0.0,0.0,10.1,317,14.55,3.05,1014.4,16.3,12.0,22.882248,88.40459
WB-HGL,2020-12-08,21.8,28.4,16.9,77,97,0.0,0.0,7.7,24,13.94,2.86,1014.1,17.0,12.0,22.882248,88.40459
WB-HGL,2020-12-09,21.4,26.9,16.7,75,99,0.0,0.0,10.3,2,14.21,2.96,1012.9,16.3,12.0,22.882248,88.40459
WB-HGL,2020-12-10,20.8,26.7,15.9,79,100,0.0,0.0,9.0,28,13.78,2.77,1012.4,16.6,12.0,22.882248,88.40459
WB-HGL,2020-12-11,19.7,25.8,15.6,83,100,0.0,0.0,8.7,21,13.74,2.65,1012.9,16.3,12.0,22.882248,88.40459
WB-HGL,2020-12-12,20.0,25.7,15.3,80,100,0.0,0.0,13.8,4,13.5,2.67,1012.2,16.1,12.0,22.882248,88.40459
WB-HGL,2020-12-13,21.2,26.5,15.7,79,100,0.0,0.0,10.2,342,13.21,2.67,1011.1,17.1,12.0,22.882248,88.40459
WB-HGL,2020-12-14,21.3,26.3,17.3,78,98,0.0,0.0,11.0,24,13.64,2.79,1012.6,16.9,12.0,22.882248,88.40459
WB-HGL,2020-12-15,21.4,26.6,17.6,74,94,0.0,0.0,10.5,8,13.41,2.87,1014.4,16.1,12.0,22.882248,88.40459
WB-HGL,2020-12-16,21.8,26.9,18.1,68,88,0.0,0.0,9.0,4,13.72,3.04,1015.0,15.2,12.0,22.882248,88.40459
WB-HGL,2020-12-17,20.6,26.2,17.0,72,90,0.0,0.0,10.1,10,13.72,2.91,1014.2,15.1,12.0,22.882248,88.40459
WB-HGL,2020-12-18,19.0,24.0,14.9,71,92,0.0,0.0,12.6,1,13.93,2.86,1014.8,13.3,12.0,22.882248,88.40459
WB-HGL,2020-12-19,16.2,22.2,12.3,67,86,0.0,0.0,12.0,353,14.74,2.98,1016.0,9.3,12.0,22.882248,88.40459
WB-HGL,2020-12-20,15.9,22.4,11.0,72,90,0.0,0.0,11.7,345,14.72,2.82,1015.5,10.2,12.0,22.882248,88.40459
WB-HGL,2020-12-21,16.7,23.2,11.2,71,90,0.0,0.0,9.6,328,14.45,2.74,1013.6,11.1,12.0,22.882248,88.40459
WB-HGL,2020-12-22,17.7,24.0,12.2,72,95,0.0,0.0,8.2,331,14.47,2.77,1012.9,12.0,12.0,22.882248,88.40459
WB-HGL,2020-12-23,17.9,24.5,12.7,76,95,0.0,0.0,8.8,346,14.35,2.77,1012.3,13.1,12.0,22.882248,88.40459
WB-HGL,2020-12-24,18.4,25.1,13.6,76,95,0.0,0.0,9.8,7,14.35,2.85,1012.0,13.5,12.0,22.882248,88.40459
WB-HGL,2020-12-25,18.3,25.1,13.3,73,94,0.0,0.0,10.1,354,14.54,2.93,1012.5,12.8,12.0,22.882248,88.40459
WB-HGL,2020-12-26,18.0,24.4,13.0,68,94,0.0,0.0,10.9,354,14.74,2.97,1013.6,11.2,12.0,22.882248,88.40459
WB-HGL,2020-12-27,16.6,23.9,11.2,69,93,0.0,0.0,10.1,358,14.84,2.99,1012.5,10.0,12.0,22.882248,88.40459
WB-HGL,2020-12-28,17.4,24.7,10.8,69,94,0.0,0.0,10.2,342,14.54,2.9,1012.3,11.0,12.0,22.882248,88.40459
WB-HGL,2020-12-29,17.7,24.9,10.9,67,92,0.0,0.0,9.7,8,14.59,3.0,1012.9,10.8,12.0,22.882248,88.40459
WB-HGL,2020-12-30,18.2,25.6,13.1,69,92,0.0,0.0,15.5,1,14.35,3.12,1013.9,11.9,12.0,22.882248,88.40459
WB-HGL,2020-12-31,18.2,25.3,12.8,67,92,0.0,0.0,13.8,357,14.55,3.18,1014.1,11.3,12.0,22.882248,88.40459
WB-HGL,2021-01-01,18.0,24.8,12.7,68,92,0.0,0.0,11.2,354,14.65,3.1,1014.5,11.5,12.0,22.882248,88.40459
WB-HGL,2021-01-02,18.1,24.8,11.8,63,89,0.0,0.0,8.1,341,14.79,2.95,1014.2,10.2,12.0,22.882248,88.40459
WB-HGL,2021-01-03,17.8,25.6,12.4,71,94,0.0,0.0,10.3,5,14.56,2.96,1012.8,11.9,12.0,22.882248,88.40459
WB-HGL,2021-01-04,19.0,27.0,12.7,73,95,0.0,0.0,9.8,14,14.44,2.99,1013.3,13.4,12.0,22.882248,88.40459
WB-HGL,2021-01-05,20.7,27.9,14.4,70,94,0.0,0.0,7.9,18,14.48,3.03,1013.2,14.5,12.0,22.882248,88.40459
WB-HGL,2021-01-06,22.1,28.8,14.7,68,97,0.0,0.0,8.9,16,14.33,2.86,1011.2,15.2,12.0,22.882248,88.40459
WB-HGL,2021-01-07,22.6,29.9,17.2,72,93,0.0,0.0,9.1,321,14.0,3.03,1010.0,16.8,12.0,22.882248,88.40459
WB-HGL,2021-01-08,22.4,29.1,18.1,70,92,0.0,0.0,12.2,5,13.91,3.27,1010.4,16.0,12.0,22.882248,88.40459
WB-HGL,2021-01-09,22.5,28.5,16.9,71,94,0.0,0.0,9.1,333,14.04,3.01,1010.5,16.4,12.0,22.882248,88.40459
WB-HGL,2021-01-10,23.2,29.5,17.7,70,95,0.0,0.0,7.8,256,14.11,3.13,1010.1,16.9,12.0,22.882248,88.40459
WB-HGL,2021-01-11,22.8,28.8,18.7,75,92,0.0,0.0,9.7,340,12.99,2.94,1011.4,17.7,12.0,22.882248,88.40459
WB-HGL,2021-01-12,21.1,26.5,17.7,75,92,0.0,0.0,9.4,8,14.09,2.94,1012.4,16.0,12.0,22.882248,88.40459
WB-HGL,2021-01-13,19.1,23.5,16.8,68,80,0.0,0.0,11.9,14,11.91,2.6,1012.9,12.9,12.0,22.882248,88.40459
WB-HGL,2021-01-14,19.0,24.1,15.8,64,80,0.0,0.0,10.4,20,13.78,3.02,1012.8,11.8,12.0,22.882248,88.40459
WB-HGL,2021-01-15,18.0,24.6,12.6,71,94,0.0,0.0,8.5,7,14.89,2.9,1011.4,12.1,12.0,22.882248,88.40459
WB-HGL,2021-01-16,17.8,24.3,12.9,75,97,0.0,0.0,8.5,7,14.66,2.76,1010.7,12.8,12.0,22.882248,88.40459
WB-HGL,2021-01-17,17.8,24.2,12.6,74,96,0.0,0.0,8.9,29,15.23,2.94,1013.7,12.4,12.0,22.882248,88.40459
WB-HGL,2021-01-18,18.1,24.3,12.5,74,97,0.0,0.0,9.7,1,15.02,2.82,1013.2,12.9,12.0,22.882248,88.40459
WB-HGL,2021-01-19,20.0,27.2,13.0,73,94,0.0,0.0,11.7,218,14.7,3.18,1010.8,14.4,12.0,22.882248,88.40459
WB-HGL,2021-01-20,21.8,27.2,18.1,80,97,0.0,0.0,13.3,246,10.73,2.33,1009.9,17.9,12.0,22.882248,88.40459
WB-HGL,2021-01-21,20.1,26.2,14.9,63,93,0.0,0.0,11.0,351,16.05,3.53,1011.3,11.7,12.0,22.882248,88.40459
WB-HGL,2021-01-22,18.2,25.4,12.2,66,95,0.0,0.0,11.0,5,15.98,3.33,1012.4,10.8,12.0,22.882248,88.40459
WB-HGL,2021-01-23,17.9,25.0,12.3,68,95,0.0,0.0,10.1,9,16.14,3.18,1011.8,11.3,12.0,22.882248,88.40459
WB-HGL,2021-01-24,19.3,26.9,12.3,72,96,0.0,0.0,8.4,112,15.98,3.09,1012.3,13.5,12.0,22.882248,88.40459
WB-HGL,2021-01-25,20.5,25.8,16.8,85,100,0.2,0.2,8.8,0,10.53,2.11,1013.2,17.6,12.0,22.882248,88.40459
WB-HGL,2021-01-26,19.6,25.5,15.4,71,94,0.0,0.0,11.2,12,15.84,3.28,1013.4,13.8,12.0,22.882248,88.40459
WB-HGL,2021-01-27,17.9,23.8,13.4,69,86,0.0,0.0,12.0,11,16.35,3.25,1014.1,11.7,12.0,22.882248,88.40459
WB-HGL,2021-01-28,16.7,23.9,11.9,68,92,0.0,0.0,13.5,3,16.87,3.37,1014.7,10.2,12.0,22.882248,88.40459
WB-HGL,2021-01-29,17.4,24.9,11.0,70,96,0.0,0.0,9.7,351,16.1,3.16,1013.7,11.3,12.0,22.882248,88.40459
WB-HGL,2021-01-30,17.2,22.3,13.6,70,91,0.0,0.0,13.2,357,12.62,2.66,1013.9,11.4,12.0,22.882248,88.40459
WB-HGL,2021-01-31,15.8,22.8,10.7,64,91,0.0,0.0,12.2,350,17.41,3.41,1015.7,8.2,12.0,22.882248,88.40459
WB-HGL,2021-02-01,15.8,22.8,9.6,65,96,0.0,0.0,9.8,351,17.5,3.33,1016.7,8.4,12.0,22.882248,88.40459
WB-HGL,2021-02-02,16.3,24.2,9.9,65,95,0.0,0.0,11.2,6,17.55,3.55,1016.2,8.8,12.0,22.882248,88.40459
WB-HGL,2021-02-03,17.1,25.4,10.3,65,92,0.0,0.0,10.9,5,17.54,3.64,1015.0,9.8,12.0,22.882248,88.40459
WB-HGL,2021-02-04,18.4,26.4,11.7,64,91,0.0,0.0,11.5,12,17.74,3.72,1014.6,10.6,12.0,22.882248,88.40459
WB-HGL,2021-02-05,19.7,27.5,12.0,62,92,0.0,0.0,9.8,28,17.67,3.67,1013.2,11.2,12.0,22.882248,88.40459
WB-HGL,2021-02-06,20.6,27.6,13.3,60,90,0.0,0.0,13.4,9,17.41,4.11,1012.5,11.8,12.0,22.882248,88.40459
WB-HGL,2021-02-07,19.6,25.7,14.5,62,89,0.0,0.0,17.1,348,15.95,3.86,1014.1,11.4,12.0,22.882248,88.40459
WB-HGL,2021-02-08,19.2,26.9,12.8,59,86,0.0,0.0,13.8,335,18.17,4.01,1014.2,10.0,12.0,22.882248,88.40459
WB-HGL,2021-02-09,19.2,27.4,12.1,63,93,0.0,0.0,10.1,20,18.45,3.93,1013.1,11.0,12.0,22.882248,88.40459
WB-HGL,2021-02-10,20.2,28.0,12.8,62,91,0.0,0.0,10.3,144,18.27,3.69,1011.2,11.7,12.0,22.882248,88.40459
WB-HGL,2021-02-11,21.1,29.1,14.3,64,94,0.0,0.0,9.6,310,18.52,3.94,1011.2,12.9,12.0,22.882248,88.40459
WB-HGL,2021-02-12,21.2,29.3,14.6,64,97,0.0,0.0,10.4,17,18.53,4.06,1012.1,13.1,12.0,22.882248,88.40459
WB-HGL,2021-02-13,21.7,29.5,15.0,67,97,0.0,0.0,9.8,316,17.98,3.79,1012.3,14.4,12.0,22.882248,88.40459
WB-HGL,2021-02-14,22.6,30.0,16.3,71,100,0.0,0.0,10.5,215,17.64,3.63,1011.7,15.9,12.0,22.882248,88.40459
WB-HGL,2021-02-15,22.7,29.8,17.3,67,100,0.1,0.1,11.4,1,16.98,3.97,1010.5,15.2,12.0,22.882248,88.40459
WB-HGL,2021-02-16,22.8,30.3,16.1,59,100,0.0,0.0,9.4,315,18.96,4.27,1010.6,13.1,12.0,22.882248,88.40459
WB-HGL,2021-02-17,23.0,30.1,17.6,64,91,0.0,0.0,9.4,10,18.35,4.19,1011.9,14.9,12.0,22.882248,88.40459
WB-HGL,2021-02-18,23.2,29.4,17.5,63,90,0.0,0.0,8.1,20,18.43,4.09,1013.4,15.2,12.0,22.882248,88.40459
WB-HGL,2021-02-19,23.2,29.6,17.8,64,89,0.0,0.0,14.3,3,15.13,3.9,1014.8,15.4,12.0,22.882248,88.40459
WB-HGL,2021-02-20,23.0,27.7,19.2,65,87,0.0,0.0,8.4,336,9.45,2.49,1015.0,15.7,12.0,22.882248,88.40459
WB-HGL,2021-02-21,23.0,29.8,16.4,59,93,0.0,0.0,11.7,358,19.55,4.52,1013.9,13.4,12.0,22.882248,88.40459
WB-HGL,2021-02-22,23.2,30.6,15.9,58,96,0.0,0.0,9.5,14,19.54,4.47,1012.6,13.5,12.0,22.882248,88.40459
WB-HGL,2021-02-23,23.5,31.1,16.4,62,93,0.0,0.0,10.5,259,19.61,4.52,1010.6,14.6,12.0,22.882248,88.40459
WB-HGL,2021-02-24,24.1,31.2,17.3,66,100,0.0,0.0,9.9,257,19.67,4.55,1008.6,16.2,12.0,22.882248,88.40459
WB-HGL,2021-02-25,25.2,32.6,17.6,55,94,0.0,0.0,9.7,243,20.22,4.89,1007.3,14.2,12.0,22.882248,88.40459
WB-HGL,2021-02-26,26.5,34.2,19.7,52,87,0.0,0.0,12.1,233,20.19,5.29,1005.3,14.6,12.0,22.882248,88.40459
WB-HGL,2021-02-27,26.2,34.1,18.2,50,80,0.0,0.0,13.7,247,20.65,5.33,1005.5,13.2,12.0,22.882248,88.40459
WB-HGL,2021-02-28,27.3,35.2,20.7,54,82,0.0,0.0,14.2,231,19.32,5.26,1006.6,15.7,12.0,22.882248,88.40459
WB-HGL,2021-03-01,27.3,35.2,22.3,64,98,0.0,0.0,16.9,248,18.96,4.99,1009.3,17.7,12.0,22.882248,88.40459
WB-HGL,2021-03-02,26.6,33.5,20.0,65,100,0.0,0.0,13.2,198,18.8,4.58,1010.2,17.7,12.0,22.882248,88.40459
WB-HGL,2021-03-03,26.5,31.9,20.6,46,96,0.0,0.0,12.3,347,21.11,5.04,1010.1,11.9,12.0,22.882248,88.40459
WB-HGL,2021-03-04,24.9,33.2,17.3,52,86,0.0,0.0,11.0,258,21.06,5.04,1010.0,13.1,12.0,22.882248,88.40459
WB-HGL,2021-03-05,26.6,34.8,19.1,65,99,0.0,0.0,13.4,213,19.65,4.93,1008.7,17.6,12.0,22.882248,88.40459
WB-HGL,2021-03-06,26.9,34.9,20.4,48,80,0.0,0.0,15.9,261,21.2,5.95,1008.3,13.6,12.0,22.882248,88.40459
WB-HGL,2021-03-07,26.7,34.2,18.7,54,91,0.0,0.0,10.0,75,21.18,5.19,1009.8,14.9,12.0,22.882248,88.40459
WB-HGL,2021-03-08,27.4,35.2,21.3,68,99,0.0,0.0,12.8,187,19.04,4.78,1010.6,19.5,12.0,22.882248,88.40459
WB-HGL,2021-03-09,28.3,36.2,22.5,64,98,0.0,0.0,14.9,213,19.21,5.14,1009.7,19.0,12.0,22.882248,88.40459
WB-HGL,2021-03-10,27.4,35.5,23.7,69,94,0.6,0.6,22.7,188,17.7,4.47,1010.1,20.5,12.0,22.882248,88.40459
WB-HGL,2021-03-11,27.1,33.9,22.8,78,99,0.3,0.3,13.7,176,17.6,4.02,1011.5,22.3,12.0,22.882248,88.40459
WB-HGL,2021-03-12,27.5,34.3,22.5,76,100,0.5,0.5,8.0,96,18.8,4.15,1012.8,22.1,12.0,22.882248,88.40459
WB-HGL,2021-03-13,26.0,31.8,21.5,73,96,2.1,2.1,17.7,331,16.52,3.98,1012.5,20.4,12.0,22.882248,88.40459
WB-HGL,2021-03-14,24.9,31.6,19.0,68,98,0.0,0.0,10.5,338,21.36,4.75,1010.4,17.7,12.0,22.882248,88.40459
WB-HGL,2021-03-15,26.6,33.5,20.2,63,93,0.0,0.0,11.8,258,19.8,4.75,1009.1,17.7,12.0,22.882248,88.40459
WB-HGL,2021-03-16,27.9,34.3,20.6,56,98,0.0,0.0,9.7,275,22.15,5.07,1008.7,16.5,12.0,22.882248,88.40459
WB-HGL,2021-03-17,27.0,35.0,19.6,51,85,0.0,0.0,10.2,276,22.44,5.45,1008.2,14.6,12.0,22.882248,88.40459
WB-HGL,2021-03-18,27.8,35.3,20.4,54,90,0.0,0.0,10.8,270,21.92,5.3,1008.2,16.4,12.0,22.882248,88.40459
WB-HGL,2021-03-19,27.6,35.3,20.3,56,95,0.0,0.0,8.9,275,21.72,5.19,1007.5,16.0,12.0,22.882248,88.40459
WB-HGL,2021-03-20,28.7,35.7,22.2,54,87,0.0,0.0,10.9,285,21.4,5.6,1005.7,16.9,12.0,22.882248,88.40459
WB-HGL,2021-03-21,28.8,36.1,21.8,57,93,0.0,0.0,10.2,273,21.29,5.28,1006.3,17.9,12.0,22.882248,88.40459
WB-HGL,2021-03-22,28.9,35.8,22.5,57,90,0.0,0.0,9.4,22,19.59,4.83,1008.8,18.3,12.0,22.882248,88.40459
WB-HGL,2021-03-23,29.9,36.7,22.8,57,94,0.0,0.0,10.6,192,20.86,5.24,1009.5,19.3,12.0,22.882248,88.40459
WB-HGL,2021-03-24,29.7,36.0,24.2,55,78,0.0,0.0,9.4,259,21.38,5.36,1008.2,18.9,12.0,22.882248,88.40459
WB-HGL,2021-03-25,29.4,36.1,23.3,47,74,0.0,0.0,10.3,340,23.09,6.0,1007.8,15.4,12.0,22.882248,88.40459
WB-HGL,2021-03-26,28.9,35.8,22.5,49,75,0.0,0.0,8.7,328,21.33,4.98,1007.9,15.8,12.0,22.882248,88.40459
WB-HGL,2021-03-27,28.7,35.5,22.4,51,83,0.0,0.0,12.9,8,23.24,5.88,1007.2,16.3,12.0,22.882248,88.40459
WB-HGL,2021-03-28,28.4,36.4,22.5,69,98,2.0,2.0,16.6,180,20.35,5.12,1005.7,21.1,12.0,22.882248,88.40459
WB-HGL,2021-03-29,29.6,37.2,24.3,68,98,0.0,0.0,17.0,195,20.56,5.47,1003.6,21.6,12.0,22.882248,88.40459
WB-HGL,2021-03-30,31.5,39.5,25.6,64,96,0.0,0.0,22.0,203,21.77,6.52,998.6,21.8,12.0,22.882248,88.40459
WB-HGL,2021-03-31,31.5,39.3,24.7,51,92,0.0,0.0,16.9,232,23.89,7.06,996.6,18.4,12.0,22.882248,88.40459
WB-HGL,2021-04-01,29.5,38.1,21.3,61,100,0.0,0.0,19.5,187,23.53,6.0,1000.0,18.8,12.0,22.882248,88.40459
WB-HGL,2021-04-02,30.0,36.1,25.5,64,93,0.0,0.0,15.5,178,21.72,5.33,1003.7,21.4,12.0,22.882248,88.40459
WB-HGL,2021-04-03,29.5,36.2,24.8,67,97,1.6,1.6,13.8,192,21.43,5.33,1005.7,21.9,12.0,22.882248,88.40459
WB-HGL,2021-04-04,28.1,34.6,24.5,72,98,2.4,2.4,9.7,170,20.34,4.64,1006.8,21.9,12.0,22.882248,88.40459
WB-HGL,2021-04-05,28.3,35.4,21.7,64,94,0.0,0.0,9.0,179,23.97,5.34,1008.0,19.3,12.0,22.882248,88.40459
WB-HGL,2021-04-06,28.8,35.6,22.5,64,98,0.0,0.0,14.5,193,21.99,5.81,1007.8,19.9,12.0,22.882248,88.40459
WB-HGL,2021-04-07,28.8,34.6,23.9,70,96,0.0,0.0,21.3,180,19.86,5.62,1008.0,21.9,12.0,22.882248,88.40459
WB-HGL,2021-04-08,29.3,33.2,26.1,72,87,1.3,1.3,19.3,189,15.38,4.59,1006.3,23.4,12.0,22.882248,88.40459
WB-HGL,2021-04-09,28.8,32.2,26.1,75,90,5.2,5.2,17.7,185,15.8,4.12,1007.2,23.8,12.0,22.882248,88.40459
WB-HGL,2021-04-10,29.4,33.7,25.1,72,97,0.1,0.1,12.5,181,18.81,4.57,1008.4,23.3,12.0,22.882248,88.40459
WB-HGL,2021-04-11,30.7,37.8,25.2,65,98,0.0,0.0,15.0,207,21.77,5.61,1009.0,22.0,12.0,22.882248,88.40459
WB-HGL,2021-04-12,30.0,35.5,25.9,69,97,0.8,0.8,13.1,212,18.82,4.73,1009.4,22.9,12.0,22.882248,88.40459
WB-HGL,2021-04-13,30.6,37.6,25.4,66,96,0.0,0.0,13.7,192,22.19,5.83,1008.1,22.2,12.0,22.882248,88.40459
WB-HGL,2021-04-14,31.2,39.2,25.7,65,97,0.0,0.0,15.1,205,23.09,6.24,1006.8,21.4,12.0,22.882248,88.40459
WB-HGL,2021-04-15,30.5,37.1,26.2,69,96,0.7,0.7,18.1,196,19.89,5.56,1005.6,23.2,12.0,22.882248,88.40459
WB-HGL,2021-04-16,29.5,35.8,24.4,67,92,0.0,0.0,16.7,197,16.07,4.43,1006.1,21.6,12.0,22.882248,88.40459
WB-HGL,2021-04-17,29.0,35.7,24.1,71,96,0.0,0.0,13.9,165,22.7,5.57,1008.1,22.4,12.0,22.882248,88.40459
WB-HGL,2021-04-18,29.2,35.5,24.6,72,96,0.2,0.2,15.3,202,21.29,5.4,1007.5,22.9,12.0,22.882248,88.40459
WB-HGL,2021-04-19,30.4,37.1,25.6,65,95,0.0,0.0,17.1,217,23.35,6.23,1004.8,21.1,12.0,22.882248,88.40459
WB-HGL,2021-04-20,30.7,37.8,26.1,70,95,0.0,0.0,22.0,196,22.01,5.93,1004.7,23.5,12.0,22.882248,88.40459
WB-HGL,2021-04-21,30.2,37.6,26.6,75,94,17.0,17.0,22.5,192,20.79,5.27,1006.0,24.8,12.0,22.882248,88.40459
WB-HGL,2021-04-22,28.3,33.2,25.6,82,95,13.9,13.9,11.5,193,14.17,3.29,1007.1,24.7,12.0,22.882248,88.40459
WB-HGL,2021-04-23,28.9,35.0,24.0,70,98,0.0,0.0,9.3,270,22.98,5.32,1006.8,21.9,12.0,22.882248,88.40459
WB-HGL,2021-04-24,30.0,36.7,24.5,66,94,0.0,0.0,14.7,184,24.08,5.78,1005.5,21.9,12.0,22.882248,88.40459
WB-HGL,2021-04-25,31.0,37.8,25.5,65,93,0.0,0.0,13.5,185,22.78,5.91,1004.9,22.7,12.0,22.882248,88.40459
WB-HGL,2021-04-26,31.3,37.9,26.4,62,82,0.0,0.0,14.9,194,22.94,6.35,1004.4,22.3,12.0,22.882248,88.40459
WB-HGL,2021-04-27,31.0,36.9,26.6,69,91,0.0,0.0,13.8,189,23.94,5.8,1005.2,24.1,12.0,22.882248,88.40459
WB-HGL,2021-04-28,30.9,37.5,26.3,71,98,0.0,0.0,13.6,168,21.83,5.55,1007.0,24.0,12.0,22.882248,88.40459
WB-HGL,2021-04-29,30.8,37.0,25.5,69,98,0.0,0.0,13.7,185,23.9,5.96,1006.9,23.3,12.0,22.882248,88.40459
WB-HGL,2021-04-30,29.9,35.1,25.8,74,96,2.7,2.7,19.9,195,19.02,4.8,1006.3,24.3,12.0,22.882248,88.40459
WB-HGL,2021-05-01,29.7,34.8,24.8,69,93,0.0,0.0,20.5,170,22.23,5.42,1006.6,23.0,12.0,22.882248,88.40459
WB-HGL,2021-05-02,29.5,35.0,25.3,73,95,2.3,2.3,13.3,184,19.77,4.95,1007.1,23.9,12.0,22.882248,88.40459
WB-HGL,2021-05-03,29.1,35.1,25.3,67,93,0.4,0.4,13.0,221,20.42,4.98,1005.9,21.7,12.0,22.882248,88.40459
WB-HGL,2021-05-04,26.3,29.5,22.9,84,96,3.0,3.0,15.8,177,13.02,2.87,1007.0,23.2,12.0,22.882248,88.40459
WB-HGL,2021-05-05,26.5,29.7,23.6,84,99,6.9,6.9,13.2,163,16.13,3.47,1007.2,23.4,12.0,22.882248,88.40459
WB-HGL,2021-05-06,28.1,32.2,24.1,79,97,2.5,2.5,10.4,163,19.56,4.35,1008.2,23.9,12.0,22.882248,88.40459
WB-HGL,2021-05-07,28.8,32.2,26.4,78,92,7.0,7.0,14.3,191,18.83,4.49,1008.5,24.4,12.0,22.882248,88.40459
WB-HGL,2021-05-08,28.5,32.1,25.9,78,92,3.5,3.5,14.3,194,19.66,4.4,1007.5,24.2,12.0,22.882248,88.40459
WB-HGL,2021-05-09,28.1,32.9,24.9,82,98,4.3,4.3,15.3,176,20.09,4.42,1006.2,24.6,12.0,22.882248,88.40459
WB-HGL,2021-05-10,27.9,32.0,25.3,83,96,8.4,8.4,16.0,183,20.65,4.45,1004.8,24.6,12.0,22.882248,88.40459
WB-HGL,2021-05-11,26.7,30.4,24.4,89,97,14.0,14.0,16.1,170,15.37,3.23,1004.2,24.7,12.0,22.882248,88.40459
WB-HGL,2021-05-12,27.7,32.1,23.2,80,98,0.1,0.1,9.7,151,22.32,4.79,1002.9,23.7,12.0,22.882248,88.40459
WB-HGL,2021-05-13,27.6,30.3,25.0,84,97,3.8,3.8,15.0,171,12.66,2.87,1002.5,24.5,12.0,22.882248,88.40459
WB-HGL,2021-05-14,28.6,33.5,24.0,80,98,2.1,2.1,15.0,197,20.62,4.66,1001.9,24.6,12.0,22.882248,88.40459
WB-HGL,2021-05-15,30.5,35.9,26.7,78,97,0.9,0.9,13.6,190,22.05,5.28,1003.4,26.0,12.0,22.882248,88.40459
WB-HGL,2021-05-16,30.9,35.5,27.5,76,96,0.0,0.0,15.7,190,22.23,5.55,1004.5,25.8,12.0,22.882248,88.40459
WB-HGL,2021-05-17,31.9,37.3,28.1,71,88,0.0,0.0,15.2,196,23.31,6.04,1004.1,25.6,12.0,22.882248,88.40459
WB-HGL,2021-05-18,31.2,37.5,27.5,75,95,3.1,3.1,14.6,206,22.48,5.53,1003.6,25.7,12.0,22.882248,88.40459
WB-HGL,2021-05-19,30.9,35.8,28.0,78,93,1.3,1.3,16.3,206,16.34,4.19,1002.8,26.4,12.0,22.882248,88.40459
WB-HGL,2021-05-20,31.5,36.5,28.1,70,91,0.0,0.0,18.4,188,23.88,6.35,1002.8,24.8,12.0,22.882248,88.40459
WB-HGL,2021-05-21,31.5,36.0,28.4,71,89,0.9,0.9,17.6,201,21.16,5.68,1002.7,25.2,12.0,22.882248,88.40459
WB-HGL,2021-05-22,30.8,36.1,27.7,75,90,1.6,1.6,13.1,216,20.15,4.91,1001.3,25.6,12.0,22.882248,88.40459
WB-HGL,2021-05-23,31.3,34.9,27.3,75,94,1.6,1.6,8.1,345,19.44,4.5,1000.7,26.1,12.0,22.882248,88.40459
WB-HGL,2021-05-24,29.3,33.0,27.2,83,94,10.5,10.5,14.2,47,14.54,3.34,1000.1,26.1,12.0,22.882248,88.40459
WB-HGL,2021-05-25,28.0,31.5,26.2,85,92,22.4,22.4,29.8,55,10.44,2.94,996.0,25.1,12.0,22.882248,88.40459
WB-HGL,2021-05-26,27.0,30.5,25.3,85,92,11.5,11.5,38.4,96,10.61,3.07,991.9,24.2,12.0,22.882248,88.40459
WB-HGL,2021-05-27,28.0,31.3,26.6,89,94,22.5,22.5,29.8,149,13.13,3.02,996.6,26.0,12.0,22.882248,88.40459
WB-HGL,2021-05-28,29.6,33.4,27.0,80,95,1.8,1.8,22.8,153,17.27,4.44,1002.4,25.7,12.0,22.882248,88.40459
WB-HGL,2021-05-29,29.4,32.7,27.1,81,96,1.2,1.2,14.4,166,15.53,3.84,1003.6,25.8,12.0,22.882248,88.40459
WB-HGL,2021-05-30,29.6,32.3,27.0,83,95,6.3,6.3,18.4,181,14.86,3.64,1002.0,26.4,12.0,22.882248,88.40459
WB-HGL,2021-05-31,28.6,30.8,27.6,91,95,68.8,68.8,18.4,179,8.35,2.0,999.9,27.0,12.0,22.882248,88.40459
WB-HGL,2021-06-01,30.3,34.9,28.1,85,96,8.8,8.8,16.6,184,14.31,3.45,1001.3,27.3,12.0,22.882248,88.40459
WB-HGL,2021-06-02,29.6,32.6,27.0,84,96,1.8,1.8,14.1,200,15.7,3.65,1003.0,26.5,12.0,22.882248,88.40459
WB-HGL,2021-06-03,29.9,32.9,27.5,83,95,3.6,3.6,14.6,194,18.97,4.36,1004.3,26.5,12.0,22.882248,88.40459
WB-HGL,2021-06-04,30.9,34.8,27.7,79,95,0.3,0.3,14.1,199,21.79,5.18,1003.8,26.7,12.0,22.882248,88.40459
WB-HGL,2021-06-05,31.5,36.1,28.6,78,89,0.1,0.1,14.1,208,23.04,5.57,1002.8,27.0,12.0,22.882248,88.40459
WB-HGL,2021-06-06,31.1,35.0,28.9,79,90,5.0,5.0,17.2,219,19.54,4.86,1002.1,26.9,12.0,22.882248,88.40459
WB-HGL,2021-06-07,31.1,35.8,29.0,80,90,5.1,5.1,16.6,208,18.5,4.56,1000.7,27.2,12.0,22.882248,88.40459
WB-HGL,2021-06-08,30.8,34.4,28.6,79,91,2.5,2.5,16.9,198,18.24,4.57,999.2,26.6,12.0,22.882248,88.40459
WB-HGL,2021-06-09,29.2,32.5,27.4,85,95,5.8,5.8,12.3,168,14.8,3.37,998.6,26.4,12.0,22.882248,88.40459
WB-HGL,2021-06-10,28.3,30.5,26.5,88,97,7.5,7.5,14.1,128,14.41,3.11,997.2,26.0,12.0,22.882248,88.40459
WB-HGL,2021-06-11,27.8,31.4,25.8,87,96,13.9,13.9,13.0,76,16.55,3.53,995.5,25.5,12.0,22.882248,88.40459
WB-HGL,2021-06-12,27.9,31.2,25.7,88,97,10.5,10.5,13.2,103,16.32,3.5,996.1,25.7,12.0,22.882248,88.40459
WB-HGL,2021-06-13,27.8,30.9,25.9,89,97,9.9,9.9,18.2,105,15.28,3.22,996.2,25.9,12.0,22.882248,88.40459
WB-HGL,2021-06-14,28.1,30.9,26.0,89,97,5.1,5.1,17.4,141,16.32,3.45,994.7,26.0,12.0,22.882248,88.40459
WB-HGL,2021-06-15,27.3,30.1,25.6,92,97,25.9,25.9,13.7,162,10.13,2.18,994.3,25.9,12.0,22.882248,88.40459
WB-HGL,2021-06-16,26.4,28.1,25.7,92,97,29.4,29.4,17.4,203,7.35,1.7,995.2,25.0,12.0,22.882248,88.40459
WB-HGL,2021-06-17,26.2,27.2,25.6,93,96,13.1,13.1,16.1,190,5.59,1.32,997.1,25.1,12.0,22.882248,88.40459
WB-HGL,2021-06-18,25.8,27.3,24.3,94,97,17.1,17.1,13.7,142,6.08,1.37,999.8,24.8,12.0,22.882248,88.40459
WB-HGL,2021-06-19,26.4,28.2,25.0,92,98,26.5,26.5,13.8,213,8.55,1.91,1001.1,25.0,12.0,22.882248,88.40459
WB-HGL,2021-06-20,26.8,29.4,25.4,91,98,15.6,15.6,12.2,212,8.07,1.86,1001.4,25.1,12.0,22.882248,88.40459
WB-HGL,2021-06-21,27.3,29.9,24.9,88,97,17.7,17.7,11.0,190,8.62,2.05,1000.8,25.1,12.0,22.882248,88.40459
WB-HGL,2021-06-22,27.7,30.1,26.1,93,98,48.3,48.3,14.0,166,13.58,2.76,1000.6,26.4,12.0,22.882248,88.40459
WB-HGL,2021-06-23,27.6,31.6,25.4,89,99,7.0,7.0,17.6,165,17.05,3.53,1001.5,25.6,12.0,22.882248,88.40459
WB-HGL,2021-06-24,28.3,31.1,25.5,85,97,5.2,5.2,15.1,176,18.44,4.07,1000.3,25.5,12.0,22.882248,88.40459
WB-HGL,2021-06-25,28.7,32.1,26.4,84,94,2.1,2.1,17.3,163,20.3,4.42,999.1,25.8,12.0,22.882248,88.40459
WB-HGL,2021-06-26,28.7,31.9,26.5,84,94,3.2,3.2,15.6,160,18.79,4.18,1001.1,25.7,12.0,22.882248,88.40459
WB-HGL,2021-06-27,28.9,32.0,26.2,84,96,4.1,4.1,20.2,172,20.68,4.49,1004.1,25.9,12.0,22.882248,88.40459
WB-HGL,2021-06-28,29.2,32.1,26.7,84,94,0.7,0.7,18.9,193,17.69,4.16,1003.5,26.0,12.0,22.882248,88.40459
WB-HGL,2021-06-29,29.6,33.2,27.6,82,88,5.3,5.3,23.1,203,16.53,4.13,1001.4,26.1,12.0,22.882248,88.40459
WB-HGL,2021-06-30,29.8,33.3,28.0,84,91,7.1,7.1,23.4,203,15.43,3.77,999.2,26.7,12.0,22.882248,88.40459
WB-HGL,2021-07-01,29.5,33.2,27.4,87,95,8.3,8.3,18.1,189,13.08,3.14,998.5,27.1,12.0,22.882248,88.40459
WB-HGL,2021-07-02,28.8,32.0,27.3,89,95,11.1,11.1,16.1,203,12.03,2.78,999.6,26.8,12.0,22.882248,88.40459
WB-HGL,2021-07-03,28.9,32.6,26.9,87,96,18.6,18.6,11.9,200,16.83,3.66,1000.7,26.5,12.0,22.882248,88.40459
WB-HGL,2021-07-04,28.5,31.3,26.7,89,97,15.3,15.3,10.1,175,16.03,3.44,1001.4,26.4,12.0,22.882248,88.40459
WB-HGL,2021-07-05,28.6,31.8,25.9,88,98,5.6,5.6,11.0,159,18.91,3.98,1001.5,26.3,12.0,22.882248,88.40459
WB-HGL,2021-07-06,28.9,31.4,26.5,88,98,9.8,9.8,14.6,186,17.2,3.67,1000.2,26.7,12.0,22.882248,88.40459
WB-HGL,2021-07-07,29.0,32.5,27.2,89,96,20.0,20.0,14.2,189,17.04,3.71,999.7,26.9,12.0,22.882248,88.40459
WB-HGL,2021-07-08,27.5,29.8,25.9,91,98,10.7,10.7,14.2,145,10.0,2.2,999.9,25.9,12.0,22.882248,88.40459
WB-HGL,2021-07-09,28.4,31.9,26.0,88,98,7.9,7.9,17.1,135,18.28,3.83,999.3,26.1,12.0,22.882248,88.40459
WB-HGL,2021-07-10,28.9,32.1,26.5,86,97,3.4,3.4,16.3,118,19.49,4.21,999.6,26.1,12.0,22.882248,88.40459
WB-HGL,2021-07-11,29.1,32.5,26.4,85,97,2.4,2.4,15.9,117,19.32,4.27,1001.7,26.2,12.0,22.882248,88.40459
WB-HGL,2021-07-12,28.6,32.0,26.7,84,94,4.0,4.0,16.7,122,17.4,3.81,1003.0,25.7,12.0,22.882248,88.40459
WB-HGL,2021-07-13,28.4,31.4,26.2,86,97,4.4,4.4,19.0,136,19.33,4.14,1002.3,25.7,12.0,22.882248,88.40459
WB-HGL,2021-07-14,28.5,31.4,26.1,84,95,4.9,4.9,17.4,150,17.36,3.86,1002.7,25.5,12.0,22.882248,88.40459
WB-HGL,2021-07-15,29.2,32.3,26.3,80,95,0.4,0.4,13.3,165,19.83,4.48,1003.5,25.3,12.0,22.882248,88.40459
WB-HGL,2021-07-16,29.5,33.2,26.3,81,96,4.3,4.3,17.1,196,20.53,4.62,1004.5,25.8,12.0,22.882248,88.40459
WB-HGL,2021-07-17,29.5,32.3,27.1,82,93,1.6,1.6,15.5,187,18.62,4.32,1003.3,25.9,12.0,22.882248,88.40459
WB-HGL,2021-07-18,30.0,33.6,27.3,80,94,2.2,2.2,17.4,192,20.84,4.89,1001.1,26.1,12.0,22.882248,88.40459
WB-HGL,2021-07-19,29.3,32.4,27.5,85,94,8.9,8.9,12.7,195,13.57,3.17,999.1,26.5,12.0,22.882248,88.40459
WB-HGL,2021-07-20,27.9,29.2,26.8,92,97,16.9,16.9,10.0,208,7.75,1.77,998.4,26.4,12.0,22.882248,88.40459
WB-HGL,2021-07-21,28.7,32.1,26.0,86,98,6.1,6.1,10.5,143,17.68,3.83,996.1,26.1,12.0,22.882248,88.40459
WB-HGL,2021-07-22,28.8,32.3,26.4,84,97,6.5,6.5,23.0,78,16.93,3.9,994.0,25.7,12.0,22.882248,88.40459
WB-HGL,2021-07-23,27.9,30.0,26.3,87,95,14.2,14.2,21.8,109,13.98,3.19,993.2,25.6,12.0,22.882248,88.40459
WB-HGL,2021-07-24,27.5,30.3,25.8,91,97,13.3,13.3,16.9,141,7.71,1.84,996.7,25.9,12.0,22.882248,88.40459
WB-HGL,2021-07-25,28.4,31.1,26.0,88,96,9.5,9.5,10.5,178,16.63,3.52,997.8,26.2,12.0,22.882248,88.40459
WB-HGL,2021-07-26,29.1,32.7,26.9,87,97,24.5,24.5,11.4,246,18.11,3.91,996.0,26.6,12.0,22.882248,88.40459
WB-HGL,2021-07-27,28.2,31.0,26.5,89,96,25.7,25.7,15.6,283,13.29,2.98,993.8,26.2,12.0,22.882248,88.40459
WB-HGL,2021-07-28,27.3,30.3,25.7,90,98,42.6,42.6,19.7,316,11.15,2.55,992.3,25.4,12.0,22.882248,88.40459
WB-HGL,2021-07-29,26.8,29.7,25.6,92,96,91.1,91.1,28.8,294,9.05,2.15,990.8,25.3,12.0,22.882248,88.40459
WB-HGL,2021-07-30,27.2,29.2,25.7,89,96,33.7,33.7,24.4,184,8.67,2.19,995.3,25.1,12.0,22.882248,88.40459
WB-HGL,2021-07-31,28.4,30.9,26.4,82,90,1.7,1.7,16.2,180,14.97,3.54,998.5,25.1,12.0,22.882248,88.40459
WB-HGL,2021-08-01,28.4,31.7,26.2,86,96,9.1,9.1,11.5,183,14.7,3.29,998.1,25.8,12.0,22.882248,88.40459
WB-HGL,2021-08-02,28.6,31.5,26.4,85,96,4.1,4.1,9.1,200,14.85,3.35,998.7,25.7,12.0,22.882248,88.40459
WB-HGL,2021-08-03,27.6,30.8,25.8,89,97,16.9,16.9,12.4,244,14.76,3.12,999.3,25.7,12.0,22.882248,88.40459
WB-HGL,2021-08-04,27.4,30.3,25.7,90,98,22.4,22.4,12.5,316,10.56,2.33,999.3,25.7,12.0,22.882248,88.40459
WB-HGL,2021-08-05,27.9,31.0,25.0,89,98,13.3,13.3,11.9,263,14.22,3.01,998.2,25.9,12.0,22.882248,88.40459
WB-HGL,2021-08-06,28.8,32.7,26.0,87,98,8.3,8.3,12.8,186,20.71,4.37,998.5,26.4,12.0,22.882248,88.40459
WB-HGL,2021-08-07,27.9,31.1,26.2,91,97,24.4,24.4,13.3,166,11.53,2.52,1000.9,26.2,12.0,22.882248,88.40459
WB-HGL,2021-08-08,27.5,30.5,25.3,91,97,24.3,24.3,14.9,188,11.5,2.46,1003.2,26.0,12.0,22.882248,88.40459
WB-HGL,2021-08-09,29.1,31.7,26.8,88,98,5.3,5.3,14.6,191,17.14,3.68,1003.0,26.8,12.0,22.882248,88.40459
WB-HGL,2021-08-10,29.2,32.7,27.6,88,97,15.8,15.8,12.7,197,15.72,3.43,1000.4,27.0,12.0,22.882248,88.40459
WB-HGL,2021-08-11,29.8,32.6,27.6,85,97,4.7,4.7,13.1,188,16.95,3.86,1000.1,27.0,12.0,22.882248,88.40459
WB-HGL,2021-08-12,28.6,32.2,26.7,89,96,13.3,13.3,16.4,178,13.38,3.03,1002.1,26.5,12.0,22.882248,88.40459
WB-HGL,2021-08-13,28.4,32.8,25.7,87,97,8.2,8.2,12.8,201,15.63,3.47,1001.3,25.9,12.0,22.882248,88.40459
WB-HGL,2021-08-14,28.7,31.6,26.9,88,96,4.8,4.8,11.2,186,10.05,2.37,999.8,26.5,12.0,22.882248,88.40459
WB-HGL,2021-08-15,29.2,32.6,26.9,86,96,0.6,0.6,14.4,166,16.38,3.65,1000.6,26.4,12.0,22.882248,88.40459
WB-HGL,2021-08-16,28.1,30.7,26.7,90,98,7.9,7.9,14.0,128,12.03,2.59,1002.9,26.3,12.0,22.882248,88.40459
WB-HGL,2021-08-17,26.9,28.3,26.1,92,97,11.2,11.2,14.8,138,7.72,1.75,1003.1,25.5,12.0,22.882248,88.40459
WB-HGL,2021-08-18,27.2,29.3,25.8,90,95,5.6,5.6,22.8,165,9.95,2.28,1001.6,25.4,12.0,22.882248,88.40459
WB-HGL,2021-08-19,27.0,29.4,25.2,89,96,6.3,6.3,23.4,166,11.76,2.58,1002.2,25.1,12.0,22.882248,88.40459
WB-HGL,2021-08-20,27.1,29.5,25.8,90,95,6.1,6.1,18.3,157,11.2,2.45,1005.0,25.3,12.0,22.882248,88.40459
WB-HGL,2021-08-21,27.6,30.2,26.0,89,97,2.4,2.4,15.0,166,11.86,2.64,1006.7,25.5,12.0,22.882248,88.40459
WB-HGL,2021-08-22,29.1,33.0,25.6,81,96,0.0,0.0,15.7,199,21.34,4.94,1005.0,25.2,12.0,22.882248,88.40459
WB-HGL,2021-08-23,29.3,33.0,27.0,83,93,5.0,5.0,15.0,213,19.63,4.41,1003.2,26.0,12.0,22.882248,88.40459
WB-HGL,2021-08-24,29.4,32.8,27.1,85,97,2.9,2.9,11.5,212,16.63,3.71,1001.9,26.6,12.0,22.882248,88.40459
WB-HGL,2021-08-25,29.0,32.4,27.2,87,96,11.5,11.5,11.3,216,14.37,3.17,999.7,26.6,12.0,22.882248,88.40459
WB-HGL,2021-08-26,28.2,31.0,25.8,92,99,44.8,44.8,10.0,211,10.26,2.23,999.3,26.8,12.0,22.882248,88.40459
WB-HGL,2021-08-27,27.6,31.7,25.5,90,99,22.8,22.8,12.9,114,12.45,2.7,1001.1,25.7,12.0,22.882248,88.40459
WB-HGL,2021-08-28,28.1,31.0,26.1,86,97,4.4,4.4,17.9,113,16.65,3.61,1000.6,25.4,12.0,22.882248,88.40459
WB-HGL,2021-08-29,27.8,30.9,26.0,88,96,9.6,9.6,17.4,127,16.8,3.53,1001.5,25.6,12.0,22.882248,88.40459
WB-HGL,2021-08-30,27.2,29.5,25.6,91,97,10.9,10.9,16.5,126,12.68,2.66,1004.6,25.5,12.0,22.882248,88.40459
WB-HGL,2021-08-31,28.0,31.4,25.7,87,98,3.4,3.4,15.0,146,16.91,3.56,1006.3,25.6,12.0,22.882248,88.40459
WB-HGL,2021-09-01,28.7,32.1,25.3,84,98,0.7,0.7,11.4,195,18.4,4.08,1005.8,25.5,12.0,22.882248,88.40459
WB-HGL,2021-09-02,28.5,32.4,26.4,85,95,2.0,2.0,12.7,188,18.45,3.95,1004.5,25.6,12.0,22.882248,88.40459
WB-HGL,2021-09-03,28.6,31.8,25.9,85,98,3.9,3.9,7.9,184,17.89,3.84,1002.5,25.7,12.0,22.882248,88.40459
WB-HGL,2021-09-04,29.1,32.9,25.8,86,99,1.4,1.4,8.3,166,20.56,4.41,1001.2,26.4,12.0,22.882248,88.40459
WB-HGL,2021-09-05,29.3,32.0,26.5,85,98,2.9,2.9,12.0,105,19.27,4.12,1001.1,26.5,12.0,22.882248,88.40459
WB-HGL,2021-09-06,28.4,31.4,26.5,85,92,8.8,8.8,22.8,94,16.7,3.79,1002.3,25.5,12.0,22.882248,88.40459
WB-HGL,2021-09-07,26.9,29.1,25.4,91,96,19.3,19.3,20.4,130,10.54,2.29,1005.2,25.3,12.0,22.882248,88.40459
WB-HGL,2021-09-08,27.1,31.1,25.1,90,97,11.9,11.9,12.8,149,15.38,3.14,1004.8,25.3,12.0,22.882248,88.40459
WB-HGL,2021-09-09,27.7,31.0,24.8,89,99,3.8,3.8,10.1,120,16.92,3.49,1003.2,25.7,12.0,22.882248,88.40459
WB-HGL,2021-09-10,28.7,32.8,25.9,86,99,4.3,4.3,11.3,64,20.15,4.35,1001.8,25.9,12.0,22.882248,88.40459
WB-HGL,2021-09-11,27.9,30.9,26.3,85,93,9.3,9.3,18.6,90,14.55,3.29,1001.0,25.2,12.0,22.882248,88.40459
WB-HGL,2021-09-12,28.1,31.4,26.3,84,92,6.2,6.2,29.2,82,17.22,3.95,997.7,25.1,12.0,22.882248,88.40459
WB-HGL,2021-09-13,27.1,29.7,25.5,91,96,28.2,28.2,25.3,110,10.17,2.33,998.1,25.4,12.0,22.882248,88.40459
WB-HGL,2021-09-14,26.5,28.8,25.1,93,97,22.9,22.9,25.2,127,8.06,1.81,1002.4,25.2,12.0,22.882248,88.40459
WB-HGL,2021-09-15,26.7,29.9,24.7,92,97,13.7,13.7,17.3,136,9.79,2.1,1004.7,25.4,12.0,22.882248,88.40459
WB-HGL,2021-09-16,27.6,31.6,25.5,91,99,6.7,6.7,12.4,154,16.66,3.4,1003.6,26.0,12.0,22.882248,88.40459
WB-HGL,2021-09-17,27.7,31.4,25.2,89,99,6.9,6.9,10.5,146,15.53,3.3,1002.6,25.6,12.0,22.882248,88.40459
WB-HGL,2021-09-18,27.2,29.4,25.5,92,99,14.7,14.7,10.4,169,11.5,2.41,1004.2,25.7,12.0,22.882248,88.40459
WB-HGL,2021-09-19,25.9,27.4,25.0,95,98,38.5,38.5,10.2,207,6.31,1.32,1005.5,25.0,12.0,22.882248,88.40459
WB-HGL,2021-09-20,25.4,26.4,24.4,95,98,30.7,30.7,23.6,103,6.3,1.31,1004.0,24.5,12.0,22.882248,88.40459
WB-HGL,2021-09-21,25.4,26.5,24.2,95,99,39.4,39.4,19.9,124,5.15,1.17,1003.3,24.5,12.0,22.882248,88.40459
WB-HGL,2021-09-22,26.1,28.3,24.3,92,97,17.6,17.6,20.9,125,10.97,2.22,1002.9,24.6,12.0,22.882248,88.40459
WB-HGL,2021-09-23,27.1,30.4,24.6,90,99,6.4,6.4,13.8,143,17.65,3.56,1004.6,25.2,12.0,22.882248,88.40459
WB-HGL,2021-09-24,28.5,32.7,23.9,83,100,0.0,0.0,6.8,141,21.17,4.48,1005.0,25.1,12.0,22.882248,88.40459
WB-HGL,2021-09-25,28.1,32.1,25.6,89,98,5.3,5.3,9.4,86,14.94,3.19,1003.5,26.0,12.0,22.882248,88.40459
WB-HGL,2021-09-26,28.1,32.3,25.8,86,97,4.3,4.3,15.6,96,18.93,4.0,1002.8,25.4,12.0,22.882248,88.40459
WB-HGL,2021-09-27,27.4,31.0,25.4,90,98,10.3,10.3,16.4,109,13.59,2.8,1003.3,25.6,12.0,22.882248,88.40459
WB-HGL,2021-09-28,26.2,29.0,25.0,90,95,18.3,18.3,30.2,80,10.15,2.23,1003.7,24.5,12.0,22.882248,88.40459
WB-HGL,2021-09-29,25.9,27.9,24.5,93,96,42.1,42.1,28.6,139,5.51,1.36,1005.7,24.7,12.0,22.882248,88.40459
WB-HGL,2021-09-30,27.2,30.8,25.4,90,97,6.4,6.4,12.4,145,12.87,2.72,1007.4,25.4,12.0,22.882248,88.40459
WB-HGL,2021-10-01,28.0,31.7,24.3,86,100,0.9,0.9,12.6,179,17.6,3.8,1007.2,25.3,12.0,22.882248,88.40459
WB-HGL,2021-10-02,28.6,32.3,25.5,84,98,0.2,0.2,13.2,198,19.41,4.25,1006.4,25.3,12.0,22.882248,88.40459
WB-HGL,2021-10-03,28.0,31.9,25.7,89,97,12.5,12.5,14.9,198,13.99,2.98,1004.8,26.0,12.0,22.882248,88.40459
WB-HGL,2021-10-04,27.8,31.6,25.3,89,98,9.6,9.6,14.1,211,16.38,3.42,1004.5,25.7,12.0,22.882248,88.40459
WB-HGL,2021-10-05,27.3,29.6,24.9,92,97,14.4,14.4,8.8,194,10.67,2.23,1006.4,25.8,12.0,22.882248,88.40459
WB-HGL,2021-10-06,27.8,31.0,25.6,89,98,4.3,4.3,7.3,210,15.43,3.21,1005.6,25.7,12.0,22.882248,88.40459
WB-HGL,2021-10-07,28.3,32.2,25.3,87,98,3.2,3.2,9.5,224,17.18,3.61,1004.0,25.8,12.0,22.882248,88.40459
WB-HGL,2021-10-08,28.6,32.1,25.2,86,99,1.3,1.3,5.9,246,17.92,3.74,1003.2,25.9,12.0,22.882248,88.40459
WB-HGL,2021-10-09,28.6,32.5,25.6,87,100,0.7,0.7,7.9,307,16.47,3.5,1003.5,26.0,12.0,22.882248,88.40459
WB-HGL,2021-10-10,28.8,32.0,26.1,86,100,1.0,1.0,7.0,352,15.51,3.32,1003.9,26.1,12.0,22.882248,88.40459
WB-HGL,2021-10-11,28.9,32.4,26.2,84,97,0.5,0.5,8.3,341,17.09,3.72,1003.2,25.9,12.0,22.882248,88.40459
WB-HGL,2021-10-12,29.3,33.1,26.3,80,95,0.0,0.0,10.6,344,19.42,4.29,1002.5,25.4,12.0,22.882248,88.40459
WB-HGL,2021-10-13,28.2,32.4,26.4,86,95,7.4,7.4,11.2,18,14.73,3.24,1002.1,25.5,12.0,22.882248,88.40459
WB-HGL,2021-10-14,27.8,31.9,25.1,89,98,15.7,15.7,8.7,356,14.23,2.99,1002.4,25.6,12.0,22.882248,88.40459
WB-HGL,2021-10-15,29.3,33.8,25.5,84,98,2.4,2.4,5.9,16,19.12,4.11,1001.0,26.1,12.0,22.882248,88.40459
WB-HGL,2021-10-16,27.2,31.3,25.6,91,97,13.3,13.3,15.5,108,11.02,2.31,1002.7,25.5,12.0,22.882248,88.40459
WB-HGL,2021-10-17,27.2,31.1,25.3,89,97,31.8,31.8,19.4,90,12.08,2.72,1003.6,25.2,12.0,22.882248,88.40459
WB-HGL,2021-10-18,25.0,25.7,24.3,95,97,45.8,45.8,18.8,130,2.87,0.78,1003.8,24.2,12.0,22.882248,88.40459
WB-HGL,2021-10-19,25.0,25.5,24.2,95,97,28.0,28.0,16.6,154,3.63,0.87,1007.6,24.2,12.0,22.882248,88.40459
WB-HGL,2021-10-20,25.9,29.2,24.1,91,98,13.1,13.1,13.5,204,11.66,2.36,1008.6,24.3,12.0,22.882248,88.40459
WB-HGL,2021-10-21,26.4,30.5,23.4,82,99,0.1,0.1,11.8,266,19.33,4.01,1008.5,22.8,12.0,22.882248,88.40459
WB-HGL,2021-10-22,26.5,30.9,22.9,76,93,0.0,0.0,9.2,196,17.43,3.83,1009.3,21.6,12.0,22.882248,88.40459
WB-HGL,2021-10-23,26.1,31.2,21.7,78,100,0.0,0.0,8.4,74,18.68,3.87,1010.9,21.5,12.0,22.882248,88.40459
WB-HGL,2021-10-24,26.1,30.4,22.0,81,97,0.0,0.0,8.1,15,16.82,3.5,1011.3,22.3,12.0,22.882248,88.40459
WB-HGL,2021-10-25,25.8,29.7,22.4,83,97,0.1,0.1,6.9,357,17.14,3.45,1009.9,22.5,12.0,22.882248,88.40459
WB-HGL,2021-10-26,25.9,29.7,22.4,83,96,0.2,0.2,8.4,25,17.0,3.5,1009.4,22.6,12.0,22.882248,88.40459
WB-HGL,2021-10-27,26.0,30.6,22.8,81,95,0.3,0.3,14.0,54,17.19,3.69,1010.2,22.1,12.0,22.882248,88.40459
WB-HGL,2021-10-28,25.2,29.2,22.9,87,97,0.6,0.6,13.7,67,15.01,3.02,1010.9,22.8,12.0,22.882248,88.40459
WB-HGL,2021-10-29,26.2,30.5,22.7,78,99,0.0,0.0,11.1,9,14.62,3.32,1011.9,21.8,12.0,22.882248,88.40459
WB-HGL,2021-10-30,25.6,30.3,22.4,72,84,0.0,0.0,11.9,350,17.99,4.05,1012.2,20.0,12.0,22.882248,88.40459
WB-HGL,2021-10-31,25.2,29.7,21.6,69,78,0.0,0.0,10.6,356,18.09,4.04,1011.9,18.8,12.0,22.882248,88.40459
WB-HGL,2021-11-01,25.0,29.8,19.6,71,93,0.0,0.0,8.1,17,17.15,3.59,1012.2,18.9,12.0,22.882248,88.40459
WB-HGL,2021-11-02,24.1,29.2,19.4,71,92,0.0,0.0,11.9,20,18.26,3.97,1012.7,18.1,12.0,22.882248,88.40459
WB-HGL,2021-11-03,23.8,29.3,19.5,71,89,0.0,0.0,11.4,352,18.31,3.98,1011.7,17.9,12.0,22.882248,88.40459
WB-HGL,2021-11-04,23.5,28.9,18.8,73,95,0.0,0.0,9.6,354,17.55,3.69,1011.4,18.1,12.0,22.882248,88.40459
WB-HGL,2021-11-05,23.0,28.3,17.9,73,92,0.0,0.0,10.4,359,18.08,3.74,1010.6,17.5,12.0,22.882248,88.40459
WB-HGL,2021-11-06,22.9,28.4,18.0,73,93,0.0,0.0,11.5,352,17.87,3.73,1009.1,17.1,12.0,22.882248,88.40459
WB-HGL,2021-11-07,22.6,28.6,17.4,72,93,0.0,0.0,12.4,1,17.67,3.83,1009.1,16.8,12.0,22.882248,88.40459
WB-HGL,2021-11-08,22.8,29.0,17.6,73,90,0.0,0.0,10.6,351,17.6,3.75,1009.9,17.1,12.0,22.882248,88.40459
WB-HGL,2021-11-09,23.2,29.1,17.7,74,92,0.0,0.0,9.3,330,17.38,3.58,1010.6,17.9,12.0,22.882248,88.40459
WB-HGL,2021-11-10,23.8,29.2,17.8,74,97,0.0,0.0,8.8,346,17.03,3.46,1010.3,18.5,12.0,22.882248,88.40459
WB-HGL,2021-11-11,24.7,29.7,19.6,72,94,0.0,0.0,8.3,12,16.11,3.39,1009.8,18.9,12.0,22.882248,88.40459
WB-HGL,2021-11-12,25.2,30.1,21.7,74,87,0.1,0.1,10.1,39,14.33,3.23,1010.6,19.8,12.0,22.882248,88.40459
WB-HGL,2021-11-13,23.3,24.9,21.5,86,94,10.8,10.8,9.7,48,5.18,1.28,1011.0,20.8,12.0,22.882248,88.40459
WB-HGL,2021-11-14,23.1,26.7,21.3,86,98,0.2,0.2,9.5,53,7.57,1.66,1010.3,20.5,12.0,22.882248,88.40459
WB-HGL,2021-11-15,22.8,25.4,21.0,90,98,8.6,8.6,9.8,52,7.72,1.6,1008.9,20.9,12.0,22.882248,88.40459
WB-HGL,2021-11-16,23.2,27.9,19.7,81,100,0.0,0.0,11.3,22,15.7,3.1,1010.0,19.5,12.0,22.882248,88.40459
WB-HGL,2021-11-17,21.9,27.4,18.1,78,93,0.0,0.0,12.1,3,16.46,3.32,1011.8,17.5,12.0,22.882248,88.40459
WB-HGL,2021-11-18,22.2,27.7,17.1,77,92,0.0,0.0,8.3,349,15.88,3.12,1010.3,17.7,12.0,22.882248,88.40459
WB-HGL,2021-11-19,22.5,28.2,16.6,78,98,0.0,0.0,8.9,16,15.91,3.17,1008.4,18.0,12.0,22.882248,88.40459
WB-HGL,2021-11-20,23.7,28.8,18.8,80,96,0.0,0.0,8.0,39,15.23,3.02,1008.6,19.8,12.0,22.882248,88.40459
WB-HGL,2021-11-21,24.6,29.5,20.3,80,96,0.0,0.0,8.9,350,14.46,3.02,1009.6,20.6,12.0,22.882248,88.40459
WB-HGL,2021-11-22,24.7,29.7,20.6,79,97,0.0,0.0,8.7,169,15.25,3.1,1009.6,20.6,12.0,22.882248,88.40459
WB-HGL,2021-11-23,24.7,29.8,21.2,84,98,0.1,0.1,8.8,238,14.37,2.96,1009.6,21.6,12.0,22.882248,88.40459
WB-HGL,2021-11-24,23.8,28.7,20.7,75,98,0.0,0.0,9.8,12,15.37,3.28,1011.3,18.6,12.0,22.882248,88.40459
WB-HGL,2021-11-25,22.7,28.5,18.4,75,91,0.0,0.0,8.8,22,15.25,3.16,1011.5,17.7,12.0,22.882248,88.40459
WB-HGL,2021-11-26,22.9,27.7,19.3,78,94,0.0,0.0,8.4,33,13.98,2.89,1012.1,18.5,12.0,22.882248,88.40459
WB-HGL,2021-11-27,21.6,27.0,17.4,73,93,0.0,0.0,11.1,360,15.63,3.27,1013.0,16.1,12.0,22.882248,88.40459
WB-HGL,2021-11-28,21.1,27.1,16.8,75,94,0.0,0.0,10.0,343,15.5,3.13,1013.4,16.1,12.0,22.882248,88.40459
WB-HGL,2021-11-29,20.9,27.1,16.6,76,93,0.0,0.0,11.5,351,15.24,3.17,1013.4,16.1,12.0,22.882248,88.40459
WB-HGL,2021-11-30,20.8,27.3,16.4,75,93,0.0,0.0,10.5,353,15.35,3.19,1013.1,15.9,12.0,22.882248,88.40459
WB-HGL,2021-12-01,21.1,27.6,16.3,77,94,0.0,0.0,9.8,359,15.02,3.04,1012.5,16.6,12.0,22.882248,88.40459
WB-HGL,2021-12-02,21.5,27.9,16.3,76,95,0.0,0.0,9.8,9,14.9,2.95,1012.3,16.6,12.0,22.882248,88.40459
WB-HGL,2021-12-03,22.6,28.7,17.1,74,94,0.0,0.0,8.9,29,13.41,2.92,1013.2,17.4,12.0,22.882248,88.40459
WB-HGL,2021-12-04,21.0,22.6,19.9,83,94,15.2,15.2,13.2,49,2.64,0.91,1013.2,18.0,12.0,22.882248,88.40459
WB-HGL,2021-12-05,20.0,21.1,19.5,91,95,34.2,34.2,15.5,57,2.45,0.81,1012.6,18.5,12.0,22.882248,88.40459
WB-HGL,2021-12-06,20.5,22.0,19.5,92,96,42.7,42.7,18.6,33,3.34,0.91,1010.2,19.2,12.0,22.882248,88.40459
WB-HGL,2021-12-07,21.7,26.7,18.3,86,97,0.0,0.0,13.1,358,12.28,2.46,1012.0,19.0,12.0,22.882248,88.40459
WB-HGL,2021-12-08,21.9,27.4,17.2,85,98,0.0,0.0,10.3,29,14.21,2.75,1014.1,19.1,12.0,22.882248,88.40459
WB-HGL,2021-12-09,22.5,27.4,18.6,80,96,0.5,0.5,10.7,40,12.96,2.64,1015.9,18.7,12.0,22.882248,88.40459
WB-HGL,2021-12-10,22.4,27.1,19.8,80,95,0.3,0.3,7.9,347,10.73,2.22,1015.5,18.5,12.0,22.882248,88.40459
WB-HGL,2021-12-11,21.7,26.9,17.5,78,98,0.0,0.0,8.7,13,13.39,2.71,1015.6,17.5,12.0,22.882248,88.40459
WB-HGL,2021-12-12,20.3,25.5,16.4,75,89,0.0,0.0,12.4,18,14.09,2.95,1016.6,15.3,12.0,22.882248,88.40459
WB-HGL,2021-12-13,18.7,24.5,14.1,75,91,0.0,0.0,12.2,352,14.6,2.9,1015.3,13.7,12.0,22.882248,88.40459
WB-HGL,2021-12-14,18.2,24.4,14.2,76,94,0.0,0.0,10.2,342,14.48,2.8,1014.2,13.6,12.0,22.882248,88.40459
WB-HGL,2021-12-15,17.7,24.1,13.4,76,90,0.0,0.0,9.3,327,14.19,2.73,1013.8,13.0,12.0,22.882248,88.40459
WB-HGL,2021-12-16,17.6,24.0,13.7,77,91,0.0,0.0,9.6,342,14.39,2.73,1014.5,13.2,12.0,22.882248,88.40459
WB-HGL,2021-12-17,17.8,24.4,12.7,75,94,0.0,0.0,9.9,339,14.59,2.78,1014.2,12.9,12.0,22.882248,88.40459
WB-HGL,2021-12-18,18.2,25.1,12.7,76,93,0.0,0.0,12.6,346,14.18,2.81,1013.7,13.6,12.0,22.882248,88.40459
WB-HGL,2021-12-19,17.3,22.9,13.1,64,84,0.0,0.0,13.2,334,14.32,3.12,1015.2,10.0,12.0,22.882248,88.40459
WB-HGL,2021-12-20,14.9,21.3,10.5,63,80,0.0,0.0,11.5,319,14.85,2.95,1015.4,7.5,12.0,22.882248,88.40459
WB-HGL,2021-12-21,15.8,22.1,10.7,72,90,0.0,0.0,9.7,312,14.32,2.68,1013.7,10.4,12.0,22.882248,88.40459
WB-HGL,2021-12-22,17.3,23.7,12.2,73,92,0.0,0.0,9.8,307,13.47,2.67,1012.1,12.0,12.0,22.882248,88.40459
WB-HGL,2021-12-23,18.0,24.5,13.1,72,88,0.0,0.0,9.2,329,13.99,2.77,1012.4,12.6,12.0,22.882248,88.40459
WB-HGL,2021-12-24,18.1,24.8,12.7,74,91,0.0,0.0,9.9,349,14.06,2.65,1012.7,12.9,12.0,22.882248,88.40459
WB-HGL,2021-12-25,19.0,25.4,13.4,75,97,0.0,0.0,9.8,129,13.96,2.7,1013.3,13.9,12.0,22.882248,88.40459
WB-HGL,2021-12-26,19.7,25.4,14.2,77,96,0.1,0.1,7.9,119,12.29,2.38,1015.2,15.3,12.0,22.882248,88.40459
WB-HGL,2021-12-27,19.9,25.1,15.3,79,96,0.3,0.3,7.7,86,11.52,2.27,1016.2,15.9,12.0,22.882248,88.40459
WB-HGL,2021-12-28,19.8,25.6,15.1,76,95,0.0,0.0,9.2,76,13.8,2.72,1015.7,15.0,12.0,22.882248,88.40459
WB-HGL,2021-12-29,18.9,23.1,16.1,79,93,0.0,0.0,10.5,35,6.34,1.48,1015.8,15.0,12.0,22.882248,88.40459
WB-HGL,2021-12-30,18.9,24.7,15.7,83,94,2.3,2.3,10.7,350,10.21,2.0,1018.1,15.7,12.0,22.882248,88.40459
WB-HGL,2021-12-31,18.9,24.2,15.2,79,94,0.0,0.0,14.8,352,13.77,2.68,1018.5,14.8,12.0,22.882248,88.40459
WB-HGL,2022-01-01,17.9,23.1,14.0,75,94,0.0,0.0,11.1,345,14.28,2.74,1017.9,13.1,12.0,22.882248,88.40459
WB-HGL,2022-01-02,17.6,23.5,13.5,79,95,0.0,0.0,12.0,349,14.31,2.68,1016.4,13.5,12.0,22.882248,88.40459
WB-HGL,2022-01-03,17.1,23.3,12.9,79,96,0.0,0.0,10.6,347,14.48,2.65,1015.1,13.0,12.0,22.882248,88.40459
WB-HGL,2022-01-04,16.7,23.2,12.2,79,96,0.0,0.0,10.5,356,14.67,2.66,1015.7,12.7,12.0,22.882248,88.40459
WB-HGL,2022-01-05,17.0,23.7,12.2,78,97,0.0,0.0,9.8,351,14.79,2.73,1015.0,12.7,12.0,22.882248,88.40459
WB-HGL,2022-01-06,18.0,24.4,12.3,78,96,0.0,0.0,8.7,350,14.4,2.68,1014.4,13.6,12.0,22.882248,88.40459
WB-HGL,2022-01-07,18.6,25.4,13.9,80,94,0.0,0.0,10.1,0,14.36,2.73,1015.1,14.6,12.0,22.882248,88.40459
WB-HGL,2022-01-08,20.0,26.5,15.3,76,94,0.0,0.0,9.0,356,14.41,2.79,1014.7,15.3,12.0,22.882248,88.40459
WB-HGL,2022-01-09,19.6,26.7,14.2,79,98,0.0,0.0,9.6,6,14.55,2.82,1012.7,15.5,12.0,22.882248,88.40459
WB-HGL,2022-01-10,20.9,27.1,15.3,75,96,0.0,0.0,8.4,10,13.78,2.79,1013.6,16.0,12.0,22.882248,88.40459
WB-HGL,2022-01-11,20.9,26.9,17.6,81,94,10.4,10.4,16.1,342,10.49,2.33,1013.7,17.2,12.0,22.882248,88.40459
WB-HGL,2022-01-12,19.4,24.0,16.6,83,97,1.2,1.2,8.7,338,9.73,1.89,1013.4,16.0,12.0,22.882248,88.40459
WB-HGL,2022-01-13,19.8,25.4,15.8,81,97,0.2,0.2,12.3,347,13.06,2.53,1014.0,16.0,12.0,22.882248,88.40459
WB-HGL,2022-01-14,18.5,22.0,16.8,80,93,2.1,2.1,9.9,25,6.78,1.61,1014.5,14.9,12.0,22.882248,88.40459
WB-HGL,2022-01-15,18.1,23.0,14.8,82,94,0.6,0.6,11.3,355,11.31,2.22,1014.7,14.7,12.0,22.882248,88.40459
WB-HGL,2022-01-16,17.3,22.5,13.9,71,85,0.0,0.0,15.9,345,15.19,3.03,1016.4,11.7,12.0,22.882248,88.40459
WB-HGL,2022-01-17,16.2,22.4,11.6,77,94,0.0,0.0,11.3,339,15.35,2.79,1016.9,11.9,12.0,22.882248,88.40459
WB-HGL,2022-01-18,16.1,22.1,11.6,80,95,0.0,0.0,10.1,325,14.52,2.58,1014.4,12.3,12.0,22.882248,88.40459
WB-HGL,2022-01-19,16.6,22.1,12.4,78,94,0.0,0.0,10.0,322,15.49,2.71,1012.2,12.5,12.0,22.882248,88.40459
WB-HGL,2022-01-20,17.1,22.4,12.2,76,97,0.0,0.0,9.4,324,15.36,2.72,1010.3,12.5,12.0,22.882248,88.40459
WB-HGL,2022-01-21,17.8,24.3,11.8,79,98,0.1,0.1,8.4,99,14.39,2.63,1010.0,13.7,12.0,22.882248,88.40459
WB-HGL,2022-01-22,18.3,23.6,14.2,89,97,4.4,4.4,11.2,105,11.29,2.08,1008.8,16.3,12.0,22.882248,88.40459
WB-HGL,2022-01-23,18.5,24.2,15.1,90,99,5.8,5.8,10.8,92,6.92,1.37,1009.3,16.8,12.0,22.882248,88.40459
WB-HGL,2022-01-24,17.9,21.2,15.5,88,97,3.0,3.0,11.3,73,6.69,1.35,1009.5,15.7,12.0,22.882248,88.40459
WB-HGL,2022-01-25,18.8,24.1,13.7,84,100,0.0,0.0,8.8,12,14.15,2.6,1010.3,15.7,12.0,22.882248,88.40459
WB-HGL,2022-01-26,18.6,23.3,16.0,85,96,1.2,1.2,13.1,346,11.76,2.21,1011.3,15.9,12.0,22.882248,88.40459
WB-HGL,2022-01-27,17.6,22.8,13.4,74,96,0.0,0.0,11.3,337,16.1,3.07,1012.7,12.5,12.0,22.882248,88.40459
WB-HGL,2022-01-28,15.7,20.9,11.8,67,87,0.0,0.0,16.7,331,16.43,3.16,1014.6,9.1,12.0,22.882248,88.40459
WB-HGL,2022-01-29,15.4,21.3,10.4,70,91,0.0,0.0,13.4,335,16.77,3.13,1014.1,9.5,12.0,22.882248,88.40459
WB-HGL,2022-01-30,16.8,22.6,10.6,66,91,0.0,0.0,10.1,255,16.93,3.22,1011.3,10.0,12.0,22.882248,88.40459
WB-HGL,2022-01-31,17.8,25.5,11.0,74,97,0.0,0.0,11.3,215,16.86,3.29,1010.3,12.5,12.0,22.882248,88.40459
WB-HGL,2022-02-01,19.8,26.0,13.8,72,96,0.0,0.0,12.2,258,15.71,3.22,1008.5,14.1,12.0,22.882248,88.40459
WB-HGL,2022-02-02,19.6,26.9,12.8,70,92,0.0,0.0,9.7,122,17.09,3.39,1010.6,13.2,12.0,22.882248,88.40459
WB-HGL,2022-02-03,21.8,28.2,15.8,77,96,0.3,0.3,13.7,172,14.28,3.18,1010.2,17.0,12.0,22.882248,88.40459
WB-HGL,2022-02-04,19.1,23.5,17.2,93,100,15.9,15.9,17.0,139,4.36,0.94,1008.2,17.8,12.0,22.882248,88.40459
WB-HGL,2022-02-05,18.3,22.6,14.0,72,100,0.0,0.0,14.1,323,17.45,3.3,1010.5,12.6,12.0,22.882248,88.40459
WB-HGL,2022-02-06,16.6,22.8,11.3,70,91,0.0,0.0,10.7,327,17.76,3.35,1014.5,10.5,12.0,22.882248,88.40459
WB-HGL,2022-02-07,17.4,23.9,11.7,77,97,0.0,0.0,8.5,29,17.63,3.19,1013.9,12.8,12.0,22.882248,88.40459
WB-HGL,2022-02-08,19.0,25.6,13.3,77,100,0.0,0.0,8.6,103,17.49,3.31,1012.8,14.4,12.0,22.882248,88.40459
WB-HGL,2022-02-09,20.3,27.0,14.5,78,97,0.0,0.0,9.9,185,16.78,3.29,1013.0,15.9,12.0,22.882248,88.40459
WB-HGL,2022-02-10,19.3,23.4,16.1,87,100,0.4,0.4,10.2,285,5.13,1.21,1012.2,16.8,12.0,22.882248,88.40459
WB-HGL,2022-02-11,19.4,24.8,15.7,74,100,0.2,0.2,14.6,326,18.0,3.54,1012.5,14.1,12.0,22.882248,88.40459
WB-HGL,2022-02-12,18.2,24.0,13.2,64,90,0.0,0.0,12.0,336,18.67,3.65,1012.9,10.7,12.0,22.882248,88.40459
WB-HGL,2022-02-13,17.8,24.8,12.0,71,92,0.0,0.0,13.3,356,19.01,3.76,1011.4,11.7,12.0,22.882248,88.40459
WB-HGL,2022-02-14,18.3,25.4,12.3,67,94,0.0,0.0,11.8,339,19.2,3.9,1011.2,11.3,12.0,22.882248,88.40459
WB-HGL,2022-02-15,18.6,26.2,11.8,65,92,0.0,0.0,12.8,331,19.29,4.04,1010.3,10.9,12.0,22.882248,88.40459
WB-HGL,2022-02-16,19.2,26.2,12.7,67,93,0.0,0.0,9.8,326,19.25,3.9,1008.5,12.0,12.0,22.882248,88.40459
WB-HGL,2022-02-17,20.0,27.0,14.0,67,91,0.0,0.0,10.7,11,18.83,3.92,1008.6,12.9,12.0,22.882248,88.40459
WB-HGL,2022-02-18,20.9,27.8,14.6,62,94,0.0,0.0,12.9,16,19.29,4.2,1010.1,12.2,12.0,22.882248,88.40459
WB-HGL,2022-02-19,20.8,28.4,13.7,59,92,0.0,0.0,11.5,274,19.57,4.31,1010.3,11.0,12.0,22.882248,88.40459
WB-HGL,2022-02-20,21.5,29.0,16.1,75,97,0.2,0.2,19.8,203,14.77,3.42,1006.8,16.3,12.0,22.882248,88.40459
WB-HGL,2022-02-21,21.0,28.3,15.3,66,100,0.0,0.0,11.3,158,18.07,3.94,1007.5,13.1,12.0,22.882248,88.40459
WB-HGL,2022-02-22,21.9,29.3,15.1,72,98,0.0,0.0,9.7,154,18.14,3.85,1011.7,15.8,12.0,22.882248,88.40459
WB-HGL,2022-02-23,23.0,29.3,18.2,73,100,0.0,0.0,8.6,233,17.85,3.76,1014.2,17.0,12.0,22.882248,88.40459
WB-HGL,2022-02-24,23.7,31.2,17.3,77,100,0.0,0.0,13.0,183,16.3,3.84,1013.8,18.7,12.0,22.882248,88.40459
WB-HGL,2022-02-25,23.8,30.7,18.7,74,99,1.3,1.3,10.5,143,18.78,4.01,1013.2,18.1,12.0,22.882248,88.40459
WB-HGL,2022-02-26,23.6,30.6,18.5,73,99,0.0,0.0,9.2,69,19.11,4.09,1014.5,17.6,12.0,22.882248,88.40459
WB-HGL,2022-02-27,22.8,30.7,17.8,81,96,12.2,12.2,16.7,153,16.86,3.55,1013.6,18.9,12.0,22.882248,88.40459
WB-HGL,2022-02-28,23.9,30.2,19.2,75,95,0.2,0.2,9.0,314,18.86,4.0,1012.5,18.7,12.0,22.882248,88.40459
WB-HGL,2022-03-01,24.1,30.1,18.9,69,93,0.0,0.0,10.3,54,18.82,4.18,1013.4,17.3,12.0,22.882248,88.40459
WB-HGL,2022-03-02,24.0,30.4,18.9,68,93,0.0,0.0,9.8,18,19.95,4.4,1012.9,16.9,12.0,22.882248,88.40459
WB-HGL,2022-03-03,24.1,30.9,17.3,70,94,0.0,0.0,9.2,29,20.38,4.36,1012.6,17.5,12.0,22.882248,88.40459
WB-HGL,2022-03-04,24.4,31.2,18.4,61,95,0.0,0.0,10.7,9,20.87,4.72,1011.7,15.0,12.0,22.882248,88.40459
WB-HGL,2022-03-05,24.9,32.9,18.5,64,94,0.0,0.0,12.0,273,19.61,4.7,1009.9,16.5,12.0,22.882248,88.40459
WB-HGL,2022-03-06,24.7,31.6,18.8,59,92,0.0,0.0,12.2,29,20.88,5.13,1010.7,15.1,12.0,22.882248,88.40459
WB-HGL,2022-03-07,24.3,31.3,18.3,60,87,0.0,0.0,10.9,354,21.36,5.02,1010.6,15.0,12.0,22.882248,88.40459
WB-HGL,2022-03-08,24.2,32.4,17.9,61,90,0.0,0.0,10.5,312,21.36,5.13,1009.2,15.3,12.0,22.882248,88.40459
WB-HGL,2022-03-09,25.4,32.5,18.3,53,84,0.0,0.0,8.5,329,21.6,5.01,1009.3,14.3,12.0,22.882248,88.40459
WB-HGL,2022-03-10,24.7,32.3,17.5,56,81,0.0,0.0,10.7,310,21.51,5.05,1008.8,14.6,12.0,22.882248,88.40459
WB-HGL,2022-03-11,25.0,32.6,17.2,58,88,0.0,0.0,11.9,325,20.8,4.99,1008.2,15.1,12.0,22.882248,88.40459
WB-HGL,2022-03-12,25.1,32.9,18.2,56,89,0.0,0.0,11.4,312,21.57,5.35,1007.8,14.5,12.0,22.882248,88.40459
WB-HGL,2022-03-13,25.9,32.8,18.1,51,77,0.0,0.0,12.3,325,21.74,5.37,1008.1,14.2,12.0,22.882248,88.40459
WB-HGL,2022-03-14,25.8,33.7,18.9,55,85,0.0,0.0,11.6,340,22.25,5.43,1007.6,14.9,12.0,22.882248,88.40459
WB-HGL,2022-03-15,26.7,34.6,18.5,55,83,0.0,0.0,10.1,261,22.16,5.16,1005.3,15.7,12.0,22.882248,88.40459
WB-HGL,2022-03-16,28.2,36.7,20.5,57,89,0.0,0.0,16.1,194,21.93,5.95,1003.8,17.4,12.0,22.882248,88.40459
WB-HGL,2022-03-17,28.9,37.0,22.5,62,95,0.0,0.0,12.4,181,21.02,5.22,1004.9,19.4,12.0,22.882248,88.40459
WB-HGL,2022-03-18,28.4,36.6,22.1,60,96,0.0,0.0,10.4,195,22.44,5.36,1005.9,18.0,12.0,22.882248,88.40459
WB-HGL,2022-03-19,28.6,36.5,21.8,51,85,0.0,0.0,12.6,206,22.63,6.28,1004.1,15.9,12.0,22.882248,88.40459
WB-HGL,2022-03-20,29.0,37.3,22.6,60,97,0.0,0.0,16.3,184,22.42,5.69,1003.2,18.9,12.0,22.882248,88.40459
WB-HGL,2022-03-21,29.4,37.1,23.0,68,97,0.0,0.0,16.2,191,20.88,5.35,1004.2,21.4,12.0,22.882248,88.40459
WB-HGL,2022-03-22,29.5,37.5,24.0,68,98,0.0,0.0,21.1,185,21.22,5.54,1004.5,21.8,12.0,22.882248,88.40459
WB-HGL,2022-03-23,28.7,35.7,24.1,73,98,1.4,1.4,17.1,205,18.71,4.6,1004.7,22.7,12.0,22.882248,88.40459
WB-HGL,2022-03-24,29.5,37.9,24.0,68,94,0.0,0.0,17.8,211,22.22,6.09,1004.1,21.0,12.0,22.882248,88.40459
WB-HGL,2022-03-25,28.8,37.9,24.9,74,92,0.4,0.4,20.9,200,17.91,5.02,1004.4,22.9,12.0,22.882248,88.40459
WB-HGL,2022-03-26,29.9,36.8,25.9,72,95,0.0,0.0,20.8,199,18.85,5.16,1005.6,23.4,12.0,22.882248,88.40459
WB-HGL,2022-03-27,29.6,36.8,24.4,70,97,0.0,0.0,14.9,172,20.69,5.0,1007.1,21.8,12.0,22.882248,88.40459
WB-HGL,2022-03-28,30.0,37.6,25.3,69,99,0.0,0.0,20.7,193,23.01,5.87,1005.9,21.3,12.0,22.882248,88.40459
WB-HGL,2022-03-29,30.1,37.1,25.3,71,97,0.0,0.0,19.2,188,21.67,5.71,1004.2,22.7,12.0,22.882248,88.40459
WB-HGL,2022-03-30,29.7,35.4,25.9,73,95,0.3,0.3,18.0,179,20.1,5.38,1005.1,23.8,12.0,22.882248,88.40459
WB-HGL,2022-03-31,29.7,35.1,25.9,74,94,0.4,0.4,21.2,186,18.95,5.31,1005.7,24.1,12.0,22.882248,88.40459
WB-HGL,2022-04-01,30.2,35.4,26.6,73,91,0.2,0.2,20.0,188,20.76,5.74,1005.6,24.3,12.0,22.882248,88.40459
WB-HGL,2022-04-02,30.2,35.8,26.6,70,89,0.0,0.0,20.9,175,19.85,5.62,1007.2,23.7,12.0,22.882248,88.40459
WB-HGL,2022-04-03,29.5,36.1,25.3,76,94,0.5,0.5,21.0,180,16.8,4.55,1006.8,24.3,12.0,22.882248,88.40459
WB-HGL,2022-04-04,29.9,35.2,26.5,72,91,0.0,0.0,27.2,192,21.35,5.99,1007.5,23.9,12.0,22.882248,88.40459
WB-HGL,2022-04-05,29.7,35.2,26.0,70,88,0.0,0.0,21.5,189,20.6,5.83,1009.5,23.2,12.0,22.882248,88.40459
WB-HGL,2022-04-06,29.6,35.8,25.3,72,91,0.0,0.0,20.3,193,22.52,5.98,1009.2,23.5,12.0,22.882248,88.40459
WB-HGL,2022-04-07,29.6,35.7,24.5,73,98,0.3,0.3,16.9,184,22.71,5.83,1008.6,23.6,12.0,22.882248,88.40459
WB-HGL,2022-04-08,29.6,36.4,24.6,71,97,0.8,0.8,18.4,188,22.44,5.97,1006.7,23.3,12.0,22.882248,88.40459
WB-HGL,2022-04-09,29.8,37.2,25.7,73,92,12.8,12.8,19.2,192,23.12,5.93,1005.1,24.1,12.0,22.882248,88.40459
WB-HGL,2022-04-10,30.2,36.2,25.9,73,94,0.0,0.0,23.9,189,22.8,6.17,1003.5,24.5,12.0,22.882248,88.40459
WB-HGL,2022-04-11,30.3,37.8,26.1,74,90,8.7,8.7,23.1,200,22.78,5.96,1002.8,24.5,12.0,22.882248,88.40459
WB-HGL,2022-04-12,30.8,37.4,25.8,71,95,0.0,0.0,20.6,182,21.22,5.8,1003.4,24.5,12.0,22.882248,88.40459
WB-HGL,2022-04-13,30.9,36.7,26.3,72,92,0.2,0.2,21.5,184,21.69,6.02,1002.1,24.9,12.0,22.882248,88.40459
WB-HGL,2022-04-14,31.0,38.3,26.9,73,89,7.1,7.1,19.1,188,21.72,5.7,1000.7,25.1,12.0,22.882248,88.40459
WB-HGL,2022-04-15,31.6,39.5,26.4,67,92,0.0,0.0,19.2,201,23.19,6.29,1000.6,23.6,12.0,22.882248,88.40459
WB-HGL,2022-04-16,30.4,37.9,26.7,74,93,3.3,3.3,18.7,177,22.8,5.79,1000.7,24.6,12.0,22.882248,88.40459
WB-HGL,2022-04-17,30.0,36.7,26.1,76,94,1.9,1.9,21.0,168,23.39,5.88,1002.1,24.8,12.0,22.882248,88.40459
WB-HGL,2022-04-18,30.3,36.8,26.1,77,96,0.6,0.6,15.3,164,23.28,5.66,1004.0,25.4,12.0,22.882248,88.40459
WB-HGL,2022-04-19,29.6,35.1,25.9,78,98,1.5,1.5,19.9,172,20.74,5.3,1005.4,24.8,12.0,22.882248,88.40459
WB-HGL,2022-04-20,28.7,36.0,24.5,79,93,13.1,13.1,22.4,168,20.43,4.93,1004.8,24.3,12.0,22.882248,88.40459
WB-HGL,2022-04-21,28.6,34.3,25.1,80,92,5.9,5.9,14.4,129,16.24,3.94,1005.0,24.6,12.0,22.882248,88.40459
WB-HGL,2022-04-22,28.6,32.1,26.6,81,91,6.9,6.9,22.3,189,13.72,3.38,1005.4,25.0,12.0,22.882248,88.40459
WB-HGL,2022-04-23,30.3,36.3,25.9,73,95,0.3,0.3,17.7,188,23.77,5.83,1004.6,24.3,12.0,22.882248,88.40459
WB-HGL,2022-04-24,31.6,38.5,26.6,68,92,0.0,0.0,14.2,194,24.43,6.2,1002.5,23.9,12.0,22.882248,88.40459
WB-HGL,2022-04-25,31.8,39.2,26.6,70,94,0.0,0.0,18.7,193,24.04,6.05,1002.4,24.4,12.0,22.882248,88.40459
WB-HGL,2022-04-26,31.6,39.3,26.6,72,98,0.0,0.0,19.1,185,24.05,6.14,1003.0,24.8,12.0,22.882248,88.40459
WB-HGL,2022-04-27,30.1,38.0,26.5,79,97,4.4,4.4,19.6,178,23.48,5.56,1003.0,25.6,12.0,22.882248,88.40459
WB-HGL,2022-04-28,31.0,37.4,26.3,78,98,1.5,1.5,18.4,167,23.66,5.72,1003.7,26.2,12.0,22.882248,88.40459
WB-HGL,2022-04-29,30.2,36.8,25.3,79,98,7.5,7.5,21.9,175,20.69,5.27,1003.1,25.8,12.0,22.882248,88.40459
WB-HGL,2022-04-30,30.0,36.1,25.9,78,97,4.0,4.0,21.3,161,20.9,5.29,1002.5,25.4,12.0,22.882248,88.40459
WB-HGL,2022-05-01,28.6,35.4,23.7,80,98,16.0,16.0,27.0,153,19.14,4.53,1002.2,24.3,12.0,22.882248,88.40459
WB-HGL,2022-05-02,28.5,33.5,25.5,81,97,1.7,1.7,17.4,153,20.68,4.65,1002.6,24.8,12.0,22.882248,88.40459
WB-HGL,2022-05-03,26.6,31.4,24.4,86,95,21.3,21.3,19.1,158,15.0,3.23,1004.2,24.1,12.0,22.882248,88.40459
WB-HGL,2022-05-04,27.2,31.8,22.7,81,98,8.6,8.6,15.3,84,19.15,4.19,1005.5,23.4,12.0,22.882248,88.40459
WB-HGL,2022-05-05,26.0,30.1,23.6,87,98,7.3,7.3,14.8,107,14.37,2.97,1005.1,23.6,12.0,22.882248,88.40459
WB-HGL,2022-05-06,27.4,31.8,23.4,82,98,0.2,0.2,7.0,131,20.74,4.39,1004.4,23.9,12.0,22.882248,88.40459
WB-HGL,2022-05-07,27.9,32.3,24.4,83,97,4.7,4.7,19.8,168,21.1,4.58,1004.3,24.6,12.0,22.882248,88.40459
WB-HGL,2022-05-08,28.8,33.0,24.3,77,97,1.7,1.7,11.7,162,20.82,4.8,1003.6,24.1,12.0,22.882248,88.40459
WB-HGL,2022-05-09,26.5,29.9,25.2,88,95,11.0,11.0,16.4,118,12.36,2.67,1003.8,24.2,12.0,22.882248,88.40459
WB-HGL,2022-05-10,27.0,30.9,25.0,87,98,12.3,12.3,14.3,135,11.75,2.68,1003.8,24.6,12.0,22.882248,88.40459
WB-HGL,2022-05-11,27.7,31.6,25.6,86,95,14.5,14.5,15.5,169,14.48,3.25,1002.8,25.1,12.0,22.882248,88.40459
WB-HGL,2022-05-12,29.1,32.6,26.3,80,94,6.5,6.5,18.7,192,16.91,4.25,1001.7,25.2,12.0,22.882248,88.40459
WB-HGL,2022-05-13,30.2,34.2,27.5,75,87,2.1,2.1,26.9,197,22.4,6.0,998.8,25.0,12.0,22.882248,88.40459
WB-HGL,2022-05-14,30.6,34.6,28.3,76,85,0.0,0.0,26.7,192,24.12,6.25,999.2,25.8,12.0,22.882248,88.40459
WB-HGL,2022-05-15,30.8,34.9,27.8,76,89,1.9,1.9,27.2,193,22.59,6.0,1001.4,25.7,12.0,22.882248,88.40459
WB-HGL,2022-05-16,30.9,35.3,28.0,75,89,0.0,0.0,24.7,189,23.72,6.21,1001.0,25.6,12.0,22.882248,88.40459
WB-HGL,2022-05-17,31.0,35.2,28.1,73,87,0.0,0.0,25.9,192,22.51,6.15,1000.6,25.3,12.0,22.882248,88.40459
WB-HGL,2022-05-18,31.2,35.6,27.8,73,88,0.1,0.1,22.4,192,20.95,5.8,1001.6,25.6,12.0,22.882248,88.40459
WB-HGL,2022-05-19,31.2,36.4,28.0,75,90,8.9,8.9,21.1,197,19.75,5.38,1001.7,26.0,12.0,22.882248,88.40459
WB-HGL,2022-05-20,31.3,36.5,27.7,74,93,14.7,14.7,19.6,181,22.48,5.82,999.9,25.9,12.0,22.882248,88.40459
WB-HGL,2022-05-21,30.3,37.1,27.5,79,91,34.8,34.8,21.3,186,21.9,5.51,996.9,25.9,12.0,22.882248,88.40459
WB-HGL,2022-05-22,29.4,33.8,26.6,77,92,0.0,0.0,16.6,197,18.33,4.26,996.4,24.7,12.0,22.882248,88.40459
WB-HGL,2022-05-23,28.6,32.7,24.7,81,98,3.5,3.5,11.1,151,21.38,4.62,997.9,25.0,12.0,22.882248,88.40459
WB-HGL,2022-05-24,28.8,33.5,24.1,77,93,5.0,5.0,13.4,120,23.76,5.17,1001.4,24.0,12.0,22.882248,88.40459
WB-HGL,2022-05-25,28.1,33.4,24.8,85,97,19.9,19.9,12.9,173,19.43,4.25,1002.5,25.1,12.0,22.882248,88.40459
WB-HGL,2022-05-26,28.7,34.9,24.7,79,96,2.2,2.2,17.3,162,21.37,4.95,1001.2,24.3,12.0,22.882248,88.40459
WB-HGL,2022-05-27,29.0,34.4,25.8,80,99,2.3,2.3,15.3,136,20.24,4.63,998.9,25.0,12.0,22.882248,88.40459
WB-HGL,2022-05-28,29.5,36.7,24.9,78,97,20.2,20.2,17.1,113,22.27,4.98,998.1,25.0,12.0,22.882248,88.40459
WB-HGL,2022-05-29,29.6,33.4,27.0,80,99,2.8,2.8,13.9,115,20.27,4.59,998.7,25.5,12.0,22.882248,88.40459
WB-HGL,2022-05-30,29.6,34.0,26.6,80,96,2.8,2.8,11.4,123,20.78,4.73,999.0,25.6,12.0,22.882248,88.40459
WB-HGL,2022-05-31,29.1,33.1,26.9,84,97,9.6,9.6,12.1,133,17.73,3.96,998.6,26.1,12.0,22.882248,88.40459
WB-HGL,2022-06-01,29.3,33.1,27.0,83,98,2.1,2.1,15.3,131,12.83,3.15,998.8,26.0,12.0,22.882248,88.40459
WB-HGL,2022-06-02,28.8,32.9,26.1,87,97,28.5,28.5,14.8,160,13.99,3.2,999.2,26.3,12.0,22.882248,88.40459
WB-HGL,2022-06-03,30.2,35.5,27.3,82,96,0.0,0.0,17.0,179,11.44,3.29,998.7,26.4,12.0,22.882248,88.40459
WB-HGL,2022-06-04,31.2,36.0,27.6,76,93,0.7,0.7,23.1,186,21.79,5.8,999.5,26.3,12.0,22.882248,88.40459
WB-HGL,2022-06-05,31.5,36.3,27.7,75,92,0.3,0.3,22.1,189,21.42,5.82,999.8,26.2,12.0,22.882248,88.40459
WB-HGL,2022-06-06,30.8,36.0,25.4,77,99,7.5,7.5,23.1,185,20.93,5.58,999.3,26.0,12.0,22.882248,88.40459
WB-HGL,2022-06-07,31.9,37.1,27.9,72,92,0.3,0.3,20.0,186,21.87,5.96,998.5,25.9,12.0,22.882248,88.40459
WB-HGL,2022-06-08,32.1,36.8,28.4,71,88,0.1,0.1,18.7,182,21.19,6.02,997.8,25.7,12.0,22.882248,88.40459
WB-HGL,2022-06-09,31.3,36.9,27.2,76,92,4.6,4.6,22.5,182,18.4,5.28,997.7,26.1,12.0,22.882248,88.40459
WB-HGL,2022-06-10,30.6,34.2,27.3,77,95,0.0,0.0,21.3,185,15.07,4.4,998.6,25.9,12.0,22.882248,88.40459
WB-HGL,2022-06-11,31.4,36.2,28.5,74,85,0.3,0.3,20.5,185,19.86,5.54,998.7,25.9,12.0,22.882248,88.40459
WB-HGL,2022-06-12,32.0,37.1,28.3,73,91,0.0,0.0,20.2,180,23.27,6.25,999.5,26.3,12.0,22.882248,88.40459
WB-HGL,2022-06-13,32.3,39.0,28.6,73,91,15.5,15.5,22.5,192,23.03,6.42,1000.2,26.4,12.0,22.882248,88.40459
WB-HGL,2022-06-14,31.5,35.3,28.9,76,89,0.0,0.0,23.9,189,19.46,5.49,1000.4,26.5,12.0,22.882248,88.40459
WB-HGL,2022-06-15,29.9,33.3,28.2,80,89,0.6,0.6,23.1,204,12.18,3.58,1001.0,26.0,12.0,22.882248,88.40459
WB-HGL,2022-06-16,29.4,32.4,28.3,82,89,5.4,5.4,22.4,200,11.61,3.29,1001.7,26.0,12.0,22.882248,88.40459
WB-HGL,2022-06-17,28.3,31.9,26.0,85,95,25.0,25.0,20.5,212,10.26,2.79,1002.3,25.5,12.0,22.882248,88.40459
WB-HGL,2022-06-18,27.6,30.4,26.4,89,95,31.9,31.9,19.3,210,9.75,2.35,1002.3,25.6,12.0,22.882248,88.40459
WB-HGL,2022-06-19,28.1,32.4,25.6,84,97,23.6,23.6,18.4,225,14.89,3.59,1001.3,25.1,12.0,22.882248,88.40459
WB-HGL,2022-06-20,27.5,30.2,25.5,87,95,11.8,11.8,14.8,203,13.63,2.99,999.5,25.2,12.0,22.882248,88.40459
WB-HGL,2022-06-21,28.2,32.2,25.3,86,98,20.4,20.4,10.1,200,16.89,3.69,998.4,25.5,12.0,22.882248,88.40459
WB-HGL,2022-06-22,27.3,31.2,24.8,88,97,31.3,31.3,13.0,166,13.65,2.96,1001.2,25.0,12.0,22.882248,88.40459
WB-HGL,2022-06-23,28.0,30.7,25.4,85,96,5.1,5.1,16.2,168,17.66,3.82,1002.2,25.1,12.0,22.882248,88.40459
WB-HGL,2022-06-24,28.0,31.7,25.6,85,96,2.4,2.4,15.5,158,18.45,4.0,1000.6,25.2,12.0,22.882248,88.40459
WB-HGL,2022-06-25,27.8,30.6,25.7,85,95,3.9,3.9,18.8,147,18.25,3.95,999.7,25.0,12.0,22.882248,88.40459
WB-HGL,2022-06-26,28.4,31.6,26.0,83,93,5.1,5.1,16.5,159,19.3,4.25,1001.7,25.3,12.0,22.882248,88.40459
WB-HGL,2022-06-27,28.8,32.2,26.2,83,96,15.2,15.2,16.5,176,18.75,4.21,1002.7,25.5,12.0,22.882248,88.40459
WB-HGL,2022-06-28,29.4,32.5,26.7,80,93,0.5,0.5,15.5,181,20.35,4.73,1001.2,25.3,12.0,22.882248,88.40459
WB-HGL,2022-06-29,28.6,31.5,26.3,84,95,3.2,3.2,15.1,166,13.55,3.21,999.6,25.6,12.0,22.882248,88.40459
WB-HGL,2022-06-30,28.0,31.1,26.0,87,95,5.7,5.7,10.7,157,12.91,2.95,999.1,25.5,12.0,22.882248,88.40459
WB-HGL,2022-07-01,27.5,30.9,25.4,89,99,23.9,23.9,11.8,163,14.1,3.01,998.2,25.3,12.0,22.882248,88.40459
WB-HGL,2022-07-02,27.7,31.9,25.0,86,97,18.9,18.9,10.8,142,18.57,3.98,997.0,25.0,12.0,22.882248,88.40459
WB-HGL,2022-07-03,27.7,30.9,25.2,86,97,7.1,7.1,15.9,143,14.57,3.18,997.5,25.1,12.0,22.882248,88.40459
WB-HGL,2022-07-04,28.8,31.7,25.9,84,97,2.3,2.3,13.7,143,19.69,4.26,997.5,25.7,12.0,22.882248,88.40459
WB-HGL,2022-07-05,28.8,32.4,26.2,84,98,3.7,3.7,17.6,111,19.47,4.34,997.5,25.7,12.0,22.882248,88.40459
WB-HGL,2022-07-06,28.5,31.6,26.7,84,93,5.7,5.7,19.4,126,19.02,4.14,1000.4,25.5,12.0,22.882248,88.40459
WB-HGL,2022-07-07,29.0,32.3,26.3,82,95,0.2,0.2,15.8,131,19.93,4.52,1002.1,25.4,12.0,22.882248,88.40459
WB-HGL,2022-07-08,29.1,32.1,26.4,81,93,0.8,0.8,19.7,137,22.15,4.98,1000.2,25.3,12.0,22.882248,88.40459
WB-HGL,2022-07-09,28.7,32.3,25.9,81,94,2.3,2.3,19.7,122,22.75,5.02,998.3,24.9,12.0,22.882248,88.40459
WB-HGL,2022-07-10,28.4,32.1,26.2,84,93,5.0,5.0,20.8,114,19.85,4.31,997.6,25.3,12.0,22.882248,88.40459
WB-HGL,2022-07-11,28.5,31.7,26.1,82,94,6.4,6.4,21.1,107,18.37,4.23,998.1,25.2,12.0,22.882248,88.40459
WB-HGL,2022-07-12,29.0,31.8,26.7,80,90,6.6,6.6,25.8,106,20.09,4.74,996.9,25.2,12.0,22.882248,88.40459
WB-HGL,2022-07-13,29.2,32.9,26.9,79,89,4.2,4.2,23.0,103,21.89,5.16,995.2,25.1,12.0,22.882248,88.40459
WB-HGL,2022-07-14,28.7,32.8,26.7,81,90,6.4,6.4,27.6,110,19.94,4.68,995.8,25.0,12.0,22.882248,88.40459
WB-HGL,2022-07-15,28.9,32.9,26.3,80,91,3.7,3.7,24.2,110,21.23,4.87,997.8,25.1,12.0,22.882248,88.40459
WB-HGL,2022-07-16,28.9,31.7,26.7,82,92,5.7,5.7,23.3,113,20.29,4.6,999.0,25.4,12.0,22.882248,88.40459
WB-HGL,2022-07-17,29.1,33.0,26.6,81,91,4.6,4.6,23.7,133,22.08,5.06,1001.0,25.3,12.0,22.882248,88.40459
WB-HGL,2022-07-18,29.1,32.5,26.6,80,90,2.4,2.4,19.8,163,19.51,4.61,1001.2,25.1,12.0,22.882248,88.40459
WB-HGL,2022-07-19,29.0,32.4,26.7,82,91,4.7,4.7,15.3,196,18.48,4.21,999.7,25.6,12.0,22.882248,88.40459
WB-HGL,2022-07-20,29.3,32.6,27.1,81,90,5.9,5.9,14.4,187,18.68,4.26,999.6,25.7,12.0,22.882248,88.40459
WB-HGL,2022-07-21,29.0,31.6,26.4,84,93,4.7,4.7,14.0,154,16.76,3.73,1000.1,25.9,12.0,22.882248,88.40459
WB-HGL,2022-07-22,28.8,32.8,26.7,84,95,7.2,7.2,14.9,121,19.27,4.21,1001.2,25.8,12.0,22.882248,88.40459
WB-HGL,2022-07-23,27.7,30.1,26.3,87,94,9.1,9.1,18.3,140,14.73,3.25,1001.4,25.2,12.0,22.882248,88.40459
WB-HGL,2022-07-24,27.4,30.9,25.8,85,92,11.8,11.8,18.7,155,13.62,3.13,1003.0,24.7,12.0,22.882248,88.40459
WB-HGL,2022-07-25,26.7,30.5,24.8,90,96,31.0,31.0,16.7,149,10.87,2.37,1005.5,24.9,12.0,22.882248,88.40459
WB-HGL,2022-07-26,27.3,31.4,24.9,87,96,8.8,8.8,13.0,159,14.79,3.2,1006.5,24.9,12.0,22.882248,88.40459
WB-HGL,2022-07-27,28.2,32.2,25.6,85,97,7.2,7.2,14.1,183,20.25,4.34,1005.6,25.3,12.0,22.882248,88.40459
WB-HGL,2022-07-28,28.7,32.4,26.3,86,97,3.0,3.0,12.7,189,17.48,3.78,1005.5,25.9,12.0,22.882248,88.40459
WB-HGL,2022-07-29,28.9,32.3,26.5,86,98,12.7,12.7,14.4,193,19.22,4.03,1004.2,26.3,12.0,22.882248,88.40459
WB-HGL,2022-07-30,29.2,33.0,26.7,85,96,9.3,9.3,12.1,199,18.04,4.03,1002.4,26.3,12.0,22.882248,88.40459
WB-HGL,2022-07-31,29.2,31.5,27.0,85,93,13.0,13.0,15.5,197,15.17,3.45,1000.6,26.3,12.0,22.882248,88.40459
WB-HGL,2022-08-01,28.3,32.4,26.4,88,97,19.6,19.6,12.8,198,16.12,3.5,1000.8,26.0,12.0,22.882248,88.40459
WB-HGL,2022-08-02,28.4,31.9,26.2,89,99,8.4,8.4,9.7,144,14.49,3.12,1000.4,26.3,12.0,22.882248,88.40459
WB-HGL,2022-08-03,28.1,31.6,26.4,89,98,10.8,10.8,10.4,141,13.88,3.0,1001.3,26.0,12.0,22.882248,88.40459
WB-HGL,2022-08-04,28.2,31.9,25.4,86,97,5.0,5.0,14.3,126,18.19,3.86,1001.6,25.6,12.0,22.882248,88.40459
WB-HGL,2022-08-05,28.9,32.6,26.1,85,98,2.9,2.9,15.2,119,20.64,4.39,999.7,26.1,12.0,22.882248,88.40459
WB-HGL,2022-08-06,28.1,31.4,26.3,88,98,13.0,13.0,18.9,93,15.98,3.34,997.7,25.9,12.0,22.882248,88.40459
WB-HGL,2022-08-07,28.6,32.2,25.9,84,95,4.9,4.9,21.9,104,21.39,4.62,996.7,25.5,12.0,22.882248,88.40459
WB-HGL,2022-08-08,28.2,31.4,26.3,84,94,4.2,4.2,24.0,104,18.6,4.14,995.6,25.1,12.0,22.882248,88.40459
WB-HGL,2022-08-09,27.0,28.8,25.8,87,92,6.4,6.4,30.2,111,12.86,3.02,995.0,24.6,12.0,22.882248,88.40459
WB-HGL,2022-08-10,26.8,30.3,24.8,90,97,27.4,27.4,22.9,114,13.67,2.94,994.7,24.9,12.0,22.882248,88.40459
WB-HGL,2022-08-11,26.3,29.0,24.4,91,99,38.6,38.6,11.1,148,9.31,2.05,998.1,24.7,12.0,22.882248,88.40459
WB-HGL,2022-08-12,27.7,31.3,24.9,87,98,1.8,1.8,10.1,162,18.05,3.82,998.5,25.1,12.0,22.882248,88.40459
WB-HGL,2022-08-13,27.9,31.8,25.5,86,99,7.7,7.7,19.8,88,19.08,4.11,996.3,25.3,12.0,22.882248,88.40459
WB-HGL,2022-08-14,26.4,27.8,25.9,91,94,24.9,24.9,31.2,118,5.87,1.63,997.5,24.8,12.0,22.882248,88.40459
WB-HGL,2022-08-15,27.9,31.2,25.3,84,95,6.1,6.1,22.6,152,18.03,4.0,1003.4,24.9,12.0,22.882248,88.40459
WB-HGL,2022-08-16,29.0,32.8,25.8,83,96,1.1,1.1,11.4,199,22.78,4.93,1003.5,25.7,12.0,22.882248,88.40459
WB-HGL,2022-08-17,29.4,32.8,26.4,82,94,1.7,1.7,11.8,274,20.43,4.45,1001.3,26.0,12.0,22.882248,88.40459
WB-HGL,2022-08-18,29.4,33.4,26.2,85,96,29.5,29.5,14.8,331,19.51,4.28,998.2,26.4,12.0,22.882248,88.40459
WB-HGL,2022-08-19,27.0,29.7,25.8,88,97,15.0,15.0,34.4,68,11.83,2.81,996.2,24.9,12.0,22.882248,88.40459
WB-HGL,2022-08-20,26.5,28.3,25.4,90,96,9.5,9.5,29.6,132,10.27,2.35,998.4,24.7,12.0,22.882248,88.40459
WB-HGL,2022-08-21,27.7,31.5,25.2,87,97,2.4,2.4,17.8,148,15.9,3.43,999.7,25.2,12.0,22.882248,88.40459
WB-HGL,2022-08-22,28.4,32.9,25.7,88,99,4.4,4.4,11.0,151,20.76,4.35,999.4,26.1,12.0,22.882248,88.40459
WB-HGL,2022-08-23,26.8,29.1,25.6,92,98,30.8,30.8,11.1,117,6.71,1.47,1001.4,25.4,12.0,22.882248,88.40459
WB-HGL,2022-08-24,27.1,30.5,25.3,88,97,27.5,27.5,16.7,120,13.43,2.91,1002.4,24.9,12.0,22.882248,88.40459
WB-HGL,2022-08-25,28.3,32.0,25.2,82,95,0.7,0.7,14.5,173,21.47,4.7,1002.4,24.8,12.0,22.882248,88.40459
WB-HGL,2022-08-26,28.9,32.5,25.4,83,97,1.1,1.1,11.4,197,22.41,4.85,1001.3,25.6,12.0,22.882248,88.40459
WB-HGL,2022-08-27,28.9,32.3,26.9,86,96,3.5,3.5,14.4,187,17.77,3.91,1001.2,26.2,12.0,22.882248,88.40459
WB-HGL,2022-08-28,27.6,30.7,26.3,89,96,25.3,25.3,17.3,169,13.76,2.92,1003.4,25.5,12.0,22.882248,88.40459
WB-HGL,2022-08-29,28.3,31.7,25.9,86,97,3.0,3.0,14.5,169,17.82,3.79,1006.1,25.6,12.0,22.882248,88.40459
WB-HGL,2022-08-30,29.1,33.4,26.2,82,96,0.1,0.1,15.3,189,21.58,4.8,1006.3,25.6,12.0,22.882248,88.40459
WB-HGL,2022-08-31,29.3,32.7,26.8,84,95,2.8,2.8,13.2,203,20.92,4.54,1004.8,26.3,12.0,22.882248,88.40459
WB-HGL,2022-09-01,29.6,32.9,27.2,81,92,1.2,1.2,13.5,194,20.75,4.68,1005.2,25.9,12.0,22.882248,88.40459
WB-HGL,2022-09-02,30.2,33.9,27.4,77,91,0.0,0.0,15.1,210,22.99,5.31,1005.4,25.5,12.0,22.882248,88.40459
WB-HGL,2022-09-03,28.7,31.4,26.4,88,94,20.0,20.0,13.0,214,14.84,3.21,1003.3,26.4,12.0,22.882248,88.40459
WB-HGL,2022-09-04,28.6,32.1,27.2,88,97,12.5,12.5,11.0,194,15.78,3.43,1002.6,26.4,12.0,22.882248,88.40459
WB-HGL,2022-09-05,28.2,31.2,26.3,88,95,12.0,12.0,13.0,187,13.1,2.87,1003.2,26.1,12.0,22.882248,88.40459
WB-HGL,2022-09-06,27.6,30.6,25.6,91,97,19.9,19.9,10.7,162,14.02,2.88,1004.2,25.9,12.0,22.882248,88.40459
WB-HGL,2022-09-07,28.6,32.5,26.2,90,99,13.0,13.0,8.7,113,17.52,3.71,1004.8,26.7,12.0,22.882248,88.40459
WB-HGL,2022-09-08,29.4,33.2,26.6,83,97,1.1,1.1,15.3,103,22.46,4.87,1005.6,26.1,12.0,22.882248,88.40459
WB-HGL,2022-09-09,28.6,33.3,25.8,86,97,4.8,4.8,13.8,103,19.14,4.11,1005.1,26.0,12.0,22.882248,88.40459
WB-HGL,2022-09-10,27.4,30.7,26.0,88,95,19.3,19.3,19.8,108,14.3,3.02,1004.1,25.2,12.0,22.882248,88.40459
WB-HGL,2022-09-11,25.8,27.9,24.5,93,97,33.6,33.6,18.6,121,8.39,1.81,1002.6,24.6,12.0,22.882248,88.40459
WB-HGL,2022-09-12,25.7,27.7,24.3,93,98,26.1,26.1,20.3,145,7.2,1.57,1002.0,24.6,12.0,22.882248,88.40459
WB-HGL,2022-09-13,25.7,28.3,24.4,93,98,53.0,53.0,18.2,176,7.36,1.63,1004.0,24.5,12.0,22.882248,88.40459
WB-HGL,2022-09-14,25.9,27.8,24.7,94,98,32.9,32.9,13.8,183,6.0,1.34,1005.3,24.8,12.0,22.882248,88.40459
WB-HGL,2022-09-15,26.9,30.6,25.1,91,99,17.3,17.3,11.5,193,13.96,2.9,1004.3,25.2,12.0,22.882248,88.40459
WB-HGL,2022-09-16,27.5,32.0,24.5,89,99,6.1,6.1,9.0,191,17.51,3.68,1001.3,25.4,12.0,22.882248,88.40459
WB-HGL,2022-09-17,27.8,31.3,25.6,90,98,11.3,11.3,9.2,167,14.85,3.1,1001.5,26.0,12.0,22.882248,88.40459
WB-HGL,2022-09-18,28.0,31.9,25.2,91,100,9.5,9.5,9.4,124,17.15,3.59,1002.1,26.3,12.0,22.882248,88.40459
WB-HGL,2022-09-19,27.5,30.2,24.6,88,97,15.0,15.0,18.4,95,15.25,3.22,1002.1,25.3,12.0,22.882248,88.40459
WB-HGL,2022-09-20,27.5,29.9,25.1,85,95,7.3,7.3,26.0,119,16.7,3.65,1001.5,24.8,12.0,22.882248,88.40459
WB-HGL,2022-09-21,27.8,30.1,25.8,85,95,5.4,5.4,17.3,149,16.33,3.53,1003.3,25.0,12.0,22.882248,88.40459
WB-HGL,2022-09-22,27.6,31.1,25.2,86,97,1.9,1.9,15.7,157,18.3,3.81,1004.1,24.9,12.0,22.882248,88.40459
WB-HGL,2022-09-23,27.7,30.6,25.2,86,97,2.0,2.0,13.4,170,14.48,3.17,1004.1,25.1,12.0,22.882248,88.40459
WB-HGL,2022-09-24,27.8,31.1,24.9,86,97,1.9,1.9,12.0,176,15.45,3.37,1004.0,25.1,12.0,22.882248,88.40459
WB-HGL,2022-09-25,27.7,31.4,25.0,87,95,1.9,1.9,12.4,172,17.62,3.72,1004.9,25.2,12.0,22.882248,88.40459
WB-HGL,2022-09-26,27.7,31.2,25.4,87,96,6.5,6.5,12.0,185,16.93,3.56,1005.5,25.3,12.0,22.882248,88.40459
WB-HGL,2022-09-27,27.5,30.8,25.7,88,95,10.6,10.6,9.5,155,14.71,3.08,1004.4,25.3,12.0,22.882248,88.40459
WB-HGL,2022-09-28,27.4,30.3,25.4,91,100,14.8,14.8,8.6,226,14.74,3.03,1003.4,25.8,12.0,22.882248,88.40459
WB-HGL,2022-09-29,28.5,32.2,25.1,86,99,0.8,0.8,10.2,36,20.17,4.21,1003.1,25.8,12.0,22.882248,88.40459
WB-HGL,2022-09-30,28.5,32.4,25.4,86,96,1.2,1.2,11.3,348,20.02,4.23,1002.9,25.8,12.0,22.882248,88.40459
WB-HGL,2022-10-01,28.5,33.4,25.9,85,97,11.9,11.9,16.5,337,19.17,4.11,1001.7,25.5,12.0,22.882248,88.40459
WB-HGL,2022-10-02,26.8,30.8,24.7,90,97,25.0,25.0,9.6,66,13.98,2.94,1001.5,24.9,12.0,22.882248,88.40459
WB-HGL,2022-10-03,26.3,29.2,24.8,91,96,12.8,12.8,14.8,113,11.33,2.35,1003.2,24.6,12.0,22.882248,88.40459
WB-HGL,2022-10-04,26.8,30.3,24.6,90,97,4.0,4.0,16.6,124,11.88,2.49,1006.5,24.9,12.0,22.882248,88.40459
WB-HGL,2022-10-05,27.1,30.7,25.1,88,97,8.1,8.1,16.2,132,17.01,3.44,1008.0,24.9,12.0,22.882248,88.40459
WB-HGL,2022-10-06,26.4,30.3,24.3,89,97,5.9,5.9,17.7,157,14.84,3.01,1008.7,24.4,12.0,22.882248,88.40459
WB-HGL,2022-10-07,26.6,31.6,23.8,90,99,8.3,8.3,8.4,160,18.07,3.65,1008.6,24.9,12.0,22.882248,88.40459
WB-HGL,2022-10-08,27.6,32.2,24.1,86,97,2.7,2.7,14.9,207,18.57,3.89,1008.6,24.9,12.0,22.882248,88.40459
WB-HGL,2022-10-09,27.9,31.9,24.7,86,96,7.9,7.9,10.5,184,18.31,3.82,1009.7,25.2,12.0,22.882248,88.40459
WB-HGL,2022-10-10,27.5,30.3,25.4,87,97,5.2,5.2,13.5,194,15.37,3.24,1010.1,25.0,12.0,22.882248,88.40459
WB-HGL,2022-10-11,27.5,30.6,25.5,87,96,7.6,7.6,14.1,197,15.88,3.31,1008.6,25.1,12.0,22.882248,88.40459
WB-HGL,2022-10-12,26.6,29.9,24.9,91,97,15.6,15.6,14.6,194,13.73,2.77,1008.5,24.9,12.0,22.882248,88.40459
WB-HGL,2022-10-13,26.1,29.7,23.9,91,99,10.6,10.6,7.9,139,11.63,2.38,1008.8,24.4,12.0,22.882248,88.40459
WB-HGL,2022-10-14,26.6,30.7,24.1,89,100,7.0,7.0,5.5,334,17.13,3.5,1008.5,24.6,12.0,22.882248,88.40459
WB-HGL,2022-10-15,27.9,31.1,24.2,82,97,2.4,2.4,8.7,17,18.31,3.81,1008.0,24.5,12.0,22.882248,88.40459
WB-HGL,2022-10-16,27.6,31.7,24.2,75,90,0.0,0.0,13.8,9,19.71,4.42,1009.7,22.6,12.0,22.882248,88.40459
WB-HGL,2022-10-17,26.9,31.2,23.6,77,92,0.0,0.0,12.4,358,19.85,4.32,1009.8,22.4,12.0,22.882248,88.40459
WB-HGL,2022-10-18,26.9,31.2,23.5,78,91,0.0,0.0,12.6,3,17.9,3.96,1009.0,22.5,12.0,22.882248,88.40459
WB-HGL,2022-10-19,26.2,30.6,23.8,79,90,0.6,0.6,14.0,30,17.97,3.84,1009.4,22.2,12.0,22.882248,88.40459
WB-HGL,2022-10-20,26.6,31.0,23.2,74,92,0.0,0.0,13.4,7,18.65,4.23,1010.7,21.4,12.0,22.882248,88.40459
WB-HGL,2022-10-21,26.5,31.2,22.6,71,84,0.0,0.0,13.7,353,19.41,4.5,1011.4,20.6,12.0,22.882248,88.40459
WB-HGL,2022-10-22,27.0,31.6,23.3,74,86,0.0,0.0,13.7,356,19.09,4.41,1011.0,21.8,12.0,22.882248,88.40459
WB-HGL,2022-10-23,25.8,28.3,23.3,82,95,0.1,0.1,12.6,26,7.35,1.97,1009.1,22.5,12.0,22.882248,88.40459
WB-HGL,2022-10-24,23.7,25.4,22.1,91,96,38.6,38.6,26.0,9,2.52,1.01,1002.5,22.1,12.0,22.882248,88.40459
WB-HGL,2022-10-25,24.3,28.7,20.4,80,90,0.0,0.0,19.8,261,18.9,3.93,1007.0,20.5,12.0,22.882248,88.40459
WB-HGL,2022-10-26,25.5,30.3,20.8,80,99,0.0,0.0,9.7,198,17.58,3.67,1011.2,21.5,12.0,22.882248,88.40459
WB-HGL,2022-10-27,25.4,30.2,21.8,79,98,0.1,0.1,8.0,342,17.81,3.7,1010.9,21.2,12.0,22.882248,88.40459
WB-HGL,2022-10-28,25.0,29.8,21.5,73,96,0.0,0.0,11.7,35,18.24,3.98,1010.4,19.3,12.0,22.882248,88.40459
WB-HGL,2022-10-29,24.0,29.0,18.7,77,92,0.0,0.0,13.0,357,17.69,3.72,1010.2,19.4,12.0,22.882248,88.40459
WB-HGL,2022-10-30,24.7,29.6,19.8,76,93,0.0,0.0,8.7,347,18.63,3.84,1010.1,19.8,12.0,22.882248,88.40459
WB-HGL,2022-10-31,25.6,30.0,20.6,73,93,0.0,0.0,8.7,349,18.01,3.86,1010.5,20.0,12.0,22.882248,88.40459
WB-HGL,2022-11-01,26.0,30.8,20.8,74,94,0.0,0.0,9.8,356,17.64,3.83,1011.1,20.7,12.0,22.882248,88.40459
WB-HGL,2022-11-02,25.4,30.2,21.7,72,91,0.0,0.0,8.9,328,17.64,3.87,1009.9,19.6,12.0,22.882248,88.40459
WB-HGL,2022-11-03,24.1,29.3,19.8,72,89,0.0,0.0,9.2,312,15.81,3.48,1010.1,18.4,12.0,22.882248,88.40459
WB-HGL,2022-11-04,25.0,29.9,19.7,69,92,0.0,0.0,9.8,318,17.29,3.7,1011.4,18.4,12.0,22.882248,88.40459
WB-HGL,2022-11-05,24.4,29.2,19.8,74,93,0.0,0.0,9.7,359,17.46,3.62,1012.9,19.1,12.0,22.882248,88.40459
WB-HGL,2022-11-06,24.5,29.0,19.1,73,95,0.0,0.0,8.5,297,15.86,3.33,1013.0,19.0,12.0,22.882248,88.40459
WB-HGL,2022-11-07,24.0,28.9,19.6,75,95,0.0,0.0,10.0,229,15.64,3.29,1012.6,18.8,12.0,22.882248,88.40459
WB-HGL,2022-11-08,24.5,29.7,19.1,75,93,0.0,0.0,8.4,324,16.11,3.44,1012.6,19.4,12.0,22.882248,88.40459
WB-HGL,2022-11-09,24.6,29.3,20.1,74,93,0.1,0.1,10.6,38,15.11,3.36,1012.5,19.3,12.0,22.882248,88.40459
WB-HGL,2022-11-10,24.8,29.5,20.0,74,93,0.0,0.0,10.8,22,15.23,3.39,1012.6,19.3,12.0,22.882248,88.40459
WB-HGL,2022-11-11,24.5,29.3,19.5,71,95,0.0,0.0,9.9,9,16.27,3.52,1012.6,18.4,12.0,22.882248,88.40459
WB-HGL,2022-11-12,24.5,29.3,19.1,72,96,0.0,0.0,9.3,346,16.75,3.47,1012.3,18.7,12.0,22.882248,88.40459
WB-HGL,2022-11-13,22.6,28.2,17.8,69,92,0.0,0.0,10.8,6,16.99,3.7,1012.3,16.1,12.0,22.882248,88.40459
WB-HGL,2022-11-14,21.6,27.8,15.9,70,88,0.0,0.0,11.9,9,17.1,3.7,1012.5,15.3,12.0,22.882248,88.40459
WB-HGL,2022-11-15,21.9,27.8,16.2,72,92,0.0,0.0,8.6,337,16.73,3.43,1011.7,16.1,12.0,22.882248,88.40459
WB-HGL,2022-11-16,22.1,28.0,16.6,72,93,0.0,0.0,9.0,350,16.58,3.47,1010.5,16.2,12.0,22.882248,88.40459
WB-HGL,2022-11-17,22.0,28.6,16.5,74,94,0.0,0.0,10.4,6,16.43,3.5,1010.4,16.6,12.0,22.882248,88.40459
WB-HGL,2022-11-18,22.1,28.2,17.4,68,92,0.0,0.0,17.3,1,16.11,3.77,1011.7,15.2,12.0,22.882248,88.40459
WB-HGL,2022-11-19,21.7,27.5,18.2,66,88,0.0,0.0,13.7,358,15.65,3.66,1011.5,14.9,12.0,22.882248,88.40459
WB-HGL,2022-11-20,22.7,28.5,18.1,70,88,0.0,0.0,10.4,358,15.51,3.42,1010.1,16.7,12.0,22.882248,88.40459
WB-HGL,2022-11-21,22.9,28.4,18.9,66,80,0.0,0.0,11.5,360,15.6,3.57,1009.7,15.7,12.0,22.882248,88.40459
WB-HGL,2022-11-22,21.8,28.0,16.3,68,91,0.0,0.0,11.1,354,16.08,3.52,1010.3,15.0,12.0,22.882248,88.40459
WB-HGL,2022-11-23,21.4,27.7,15.4,68,90,0.0,0.0,12.0,347,16.03,3.47,1010.6,14.9,12.0,22.882248,88.40459
WB-HGL,2022-11-24,20.7,27.3,15.5,69,91,0.0,0.0,12.5,352,16.0,3.48,1010.9,14.2,12.0,22.882248,88.40459
WB-HGL,2022-11-25,21.0,27.7,16.1,69,90,0.0,0.0,12.0,350,15.77,3.51,1011.3,14.8,12.0,22.882248,88.40459
WB-HGL,2022-11-26,21.5,27.7,16.0,70,93,0.0,0.0,8.6,328,15.76,3.2,1009.8,15.2,12.0,22.882248,88.40459
WB-HGL,2022-11-27,22.0,27.7,15.4,66,92,0.0,0.0,9.0,349,15.55,3.3,1008.3,14.9,12.0,22.882248,88.40459
WB-HGL,2022-11-28,21.9,28.0,16.3,70,93,0.0,0.0,9.7,13,15.41,3.34,1009.4,15.7,12.0,22.882248,88.40459
WB-HGL,2022-11-29,22.7,28.1,17.5,71,92,0.0,0.0,9.7,356,13.92,3.08,1010.7,16.7,12.0,22.882248,88.40459
WB-HGL,2022-11-30,23.3,28.8,19.1,68,84,0.0,0.0,9.7,355,14.58,3.32,1011.6,16.6,12.0,22.882248,88.40459
WB-HGL,2022-12-01,22.4,28.5,18.4,69,90,0.0,0.0,11.9,352,15.15,3.44,1011.5,16.0,12.0,22.882248,88.40459
WB-HGL,2022-12-02,21.3,27.8,16.7,68,91,0.0,0.0,11.1,355,15.4,3.42,1011.3,14.6,12.0,22.882248,88.40459
WB-HGL,2022-12-03,20.9,27.5,15.8,66,87,0.0,0.0,10.8,353,15.19,3.31,1011.4,13.8,12.0,22.882248,88.40459
WB-HGL,2022-12-04,19.9,27.0,14.9,65,86,0.0,0.0,13.0,349,15.34,3.45,1011.9,12.5,12.0,22.882248,88.40459
WB-HGL,2022-12-05,20.4,26.9,15.2,70,86,0.0,0.0,12.7,336,14.95,3.23,1012.6,14.2,12.0,22.882248,88.40459
WB-HGL,2022-12-06,20.7,26.8,15.3,69,91,0.0,0.0,11.6,332,15.01,3.22,1011.5,14.3,12.0,22.882248,88.40459
WB-HGL,2022-12-07,19.6,25.8,15.0,69,89,0.0,0.0,11.4,344,14.72,3.15,1011.2,13.4,12.0,22.882248,88.40459
WB-HGL,2022-12-08,19.6,26.4,15.0,73,90,0.0,0.0,10.7,352,13.95,2.98,1011.6,14.2,12.0,22.882248,88.40459
WB-HGL,2022-12-09,20.0,26.3,14.5,75,94,0.0,0.0,9.8,0,14.71,2.95,1011.2,14.9,12.0,22.882248,88.40459
WB-HGL,2022-12-10,20.9,27.3,14.8,73,95,0.0,0.0,10.1,350,11.79,2.71,1011.3,15.3,12.0,22.882248,88.40459
WB-HGL,2022-12-11,21.2,27.4,16.4,72,93,0.0,0.0,9.1,322,12.9,2.78,1011.6,15.6,12.0,22.882248,88.40459
WB-HGL,2022-12-12,21.9,27.8,15.3,68,97,0.0,0.0,8.9,356,14.3,2.82,1011.1,15.0,12.0,22.882248,88.40459
WB-HGL,2022-12-13,22.4,28.7,16.7,69,94,0.0,0.0,10.0,276,13.87,3.01,1011.1,15.8,12.0,22.882248,88.40459
WB-HGL,2022-12-14,22.1,27.7,16.5,69,97,0.0,0.0,8.1,344,14.21,2.9,1011.7,15.4,12.0,22.882248,88.40459
WB-HGL,2022-12-15,19.8,26.2,15.1,69,96,0.0,0.0,10.8,316,14.39,3.09,1011.1,13.3,12.0,22.882248,88.40459
WB-HGL,2022-12-16,18.9,25.2,13.5,62,88,0.0,0.0,10.0,336,14.85,3.09,1011.0,10.6,12.0,22.882248,88.40459
WB-HGL,2022-12-17,17.9,24.8,12.8,67,89,0.0,0.0,11.6,347,14.65,3.07,1012.0,11.0,12.0,22.882248,88.40459
WB-HGL,2022-12-18,19.5,25.6,14.2,75,93,0.0,0.0,10.8,349,14.1,2.83,1011.6,14.7,12.0,22.882248,88.40459
WB-HGL,2022-12-19,20.9,26.3,15.7,76,97,0.0,0.0,11.3,337,13.2,2.71,1010.5,16.0,12.0,22.882248,88.40459
WB-HGL,2022-12-20,20.2,26.4,15.0,73,96,0.0,0.0,9.8,354,14.16,2.96,1010.4,14.7,12.0,22.882248,88.40459
WB-HGL,2022-12-21,20.1,26.2,14.7,73,96,0.0,0.0,8.7,349,14.15,2.86,1011.0,14.6,12.0,22.882248,88.40459
WB-HGL,2022-12-22,20.0,25.9,14.4,71,93,0.0,0.0,8.4,327,14.05,2.8,1010.9,14.0,12.0,22.882248,88.40459
WB-HGL,2022-12-23,20.0,26.2,14.1,71,96,0.0,0.0,8.3,6,14.3,2.83,1011.4,14.0,12.0,22.882248,88.40459
WB-HGL,2022-12-24,20.0,27.1,14.5,73,94,0.0,0.0,8.8,33,14.16,2.87,1011.5,14.4,12.0,22.882248,88.40459
WB-HGL,2022-12-25,21.3,28.3,15.7,75,95,0.0,0.0,11.9,203,13.94,2.97,1012.2,16.1,12.0,22.882248,88.40459
WB-HGL,2022-12-26,21.9,28.1,17.1,79,98,0.0,0.0,10.8,249,13.84,2.82,1013.7,17.7,12.0,22.882248,88.40459
WB-HGL,2022-12-27,21.2,26.7,17.3,86,99,1.0,1.0,11.3,222,9.86,1.93,1013.0,18.6,12.0,22.882248,88.40459
WB-HGL,2022-12-28,20.5,25.8,16.0,79,98,0.1,0.1,11.2,11,13.23,2.7,1014.3,16.3,12.0,22.882248,88.40459
WB-HGL,2022-12-29,17.8,24.1,13.0,71,92,0.0,0.0,9.2,15,14.42,2.85,1016.2,11.7,12.0,22.882248,88.40459
WB-HGL,2022-12-30,17.9,24.1,12.9,73,93,0.0,0.0,8.4,7,14.09,2.71,1016.7,12.4,12.0,22.882248,88.40459
WB-HGL,2022-12-31,19.1,25.6,13.3,74,94,0.0,0.0,7.4,81,13.75,2.68,1015.7,13.9,12.0,22.882248,88.40459
WB-HGL,2023-01-01,19.2,24.8,15.0,81,96,0.1,0.1,8.7,62,10.09,2.02,1016.7,15.6,12.0,22.882248,88.40459
WB-HGL,2023-01-02,19.6,25.3,15.7,75,93,0.0,0.0,9.1,27,13.52,2.76,1017.4,14.5,12.0,22.882248,88.40459
WB-HGL,2023-01-03,18.4,24.7,14.4,75,95,0.0,0.0,13.4,16,14.37,2.91,1017.5,13.5,12.0,22.882248,88.40459
WB-HGL,2023-01-04,17.4,23.3,13.3,77,96,0.0,0.0,14.8,9,14.28,2.78,1017.5,12.9,12.0,22.882248,88.40459
WB-HGL,2023-01-05,16.4,22.3,11.9,72,96,0.0,0.0,14.3,354,14.41,2.9,1018.3,11.0,12.0,22.882248,88.40459
WB-HGL,2023-01-06,15.7,22.5,10.5,76,95,0.0,0.0,13.0,339,14.81,2.73,1017.9,11.1,12.0,22.882248,88.40459
WB-HGL,2023-01-07,15.4,21.5,10.3,78,95,0.0,0.0,13.2,343,14.8,2.6,1016.0,11.3,12.0,22.882248,88.40459
WB-HGL,2023-01-08,16.6,23.0,11.0,78,95,0.0,0.0,11.2,354,14.8,2.73,1015.3,12.4,12.0,22.882248,88.40459
WB-HGL,2023-01-09,17.4,24.1,12.0,78,95,0.0,0.0,10.4,354,14.64,2.75,1016.2,13.1,12.0,22.882248,88.40459
WB-HGL,2023-01-10,17.6,24.3,12.4,70,93,0.0,0.0,10.5,358,14.99,2.92,1014.8,11.6,12.0,22.882248,88.40459
WB-HGL,2023-01-11,16.8,23.2,12.1,75,94,0.0,0.0,13.0,352,15.21,2.84,1013.2,11.9,12.0,22.882248,88.40459
WB-HGL,2023-01-12,16.9,24.5,11.4,77,95,0.0,0.0,10.0,347,14.96,2.78,1011.6,12.3,12.0,22.882248,88.40459
WB-HGL,2023-01-13,19.4,27.2,12.4,78,96,0.0,0.0,9.4,184,14.57,2.88,1011.7,15.2,12.0,22.882248,88.40459
WB-HGL,2023-01-14,20.7,26.6,15.7,87,100,0.0,0.0,10.4,255,11.54,2.26,1011.0,18.3,12.0,22.882248,88.40459
WB-HGL,2023-01-15,20.7,26.7,16.4,76,100,0.0,0.0,9.8,39,14.02,2.99,1011.1,15.6,12.0,22.882248,88.40459
WB-HGL,2023-01-16,18.7,24.1,15.2,74,92,0.0,0.0,15.3,18,13.73,2.77,1013.3,13.8,12.0,22.882248,88.40459
WB-HGL,2023-01-17,18.0,24.6,13.6,80,97,0.0,0.0,8.9,34,14.46,2.68,1013.9,14.1,12.0,22.882248,88.40459
WB-HGL,2023-01-18,18.5,24.2,14.6,77,94,0.0,0.0,8.7,38,13.44,2.65,1015.8,14.1,12.0,22.882248,88.40459
WB-HGL,2023-01-19,17.8,23.5,14.1,74,91,0.0,0.0,9.8,29,14.85,2.9,1016.2,12.7,12.0,22.882248,88.40459
WB-HGL,2023-01-20,17.5,24.2,12.5,74,93,0.0,0.0,8.4,24,15.47,2.94,1015.4,12.3,12.0,22.882248,88.40459
WB-HGL,2023-01-21,18.8,26.0,12.4,76,94,0.0,0.0,9.0,62,15.58,2.99,1013.7,14.0,12.0,22.882248,88.40459
WB-HGL,2023-01-22,20.6,27.7,14.7,76,96,0.0,0.0,10.0,61,15.22,3.06,1013.1,15.8,12.0,22.882248,88.40459
WB-HGL,2023-01-23,21.6,28.6,16.1,78,97,0.0,0.0,9.8,261,15.4,3.14,1012.2,17.2,12.0,22.882248,88.40459
WB-HGL,2023-01-24,22.0,28.8,16.7,80,99,0.0,0.0,8.7,60,15.04,3.03,1012.6,17.8,12.0,22.882248,88.40459
WB-HGL,2023-01-25,22.8,29.0,17.0,76,100,0.0,0.0,9.2,132,15.45,3.15,1012.2,18.0,12.0,22.882248,88.40459
WB-HGL,2023-01-26,22.9,29.6,17.6,73,97,0.0,0.0,10.5,317,15.6,3.4,1011.7,17.3,12.0,22.882248,88.40459
WB-HGL,2023-01-27,22.6,28.1,18.4,75,92,0.0,0.0,9.8,7,15.62,3.26,1012.0,17.6,12.0,22.882248,88.40459
WB-HGL,2023-01-28,21.7,27.1,17.9,76,96,0.0,0.0,10.5,359,15.94,3.26,1012.0,16.8,12.0,22.882248,88.40459
WB-HGL,2023-01-29,19.7,26.0,15.1,68,93,0.0,0.0,11.0,12,16.93,3.56,1012.6,13.0,12.0,22.882248,88.40459
WB-HGL,2023-01-30,20.7,27.1,13.7,75,96,0.0,0.0,9.7,3,16.6,3.26,1013.2,15.6,12.0,22.882248,88.40459
WB-HGL,2023-01-31,21.4,26.2,15.9,77,96,0.0,0.0,8.0,323,10.28,2.15,1011.5,16.9,12.0,22.882248,88.40459
WB-HGL,2023-02-01,21.7,25.6,19.1,67,79,0.0,0.0,13.0,353,7.34,2.26,1011.6,15.3,12.0,22.882248,88.40459
WB-HGL,2023-02-02,19.2,24.7,15.6,66,89,0.0,0.0,14.1,350,17.55,3.73,1013.0,12.2,12.0,22.882248,88.40459
WB-HGL,2023-02-03,18.9,25.1,14.0,74,94,0.0,0.0,13.3,348,17.5,3.32,1012.2,13.8,12.0,22.882248,88.40459
WB-HGL,2023-02-04,19.1,26.1,13.1,72,97,0.0,0.0,12.0,302,17.52,3.52,1010.6,13.3,12.0,22.882248,88.40459
WB-HGL,2023-02-05,20.0,26.3,13.4,68,96,0.0,0.0,9.0,333,17.62,3.5,1010.5,13.1,12.0,22.882248,88.40459
WB-HGL,2023-02-06,20.9,28.8,14.0,64,94,0.0,0.0,10.2,173,17.67,3.75,1010.3,12.6,12.0,22.882248,88.40459
WB-HGL,2023-02-07,21.7,29.6,16.0,64,98,0.0,0.0,12.7,212,17.91,3.97,1009.4,13.4,12.0,22.882248,88.40459
WB-HGL,2023-02-08,22.8,29.7,17.8,72,98,0.0,0.0,14.9,210,17.51,3.77,1009.6,16.8,12.0,22.882248,88.40459
WB-HGL,2023-02-09,22.5,28.8,17.6,67,94,0.0,0.0,9.9,348,17.74,3.73,1010.8,15.5,12.0,22.882248,88.40459
WB-HGL,2023-02-10,21.7,28.8,14.7,60,93,0.0,0.0,11.1,334,18.27,4.0,1011.4,12.7,12.0,22.882248,88.40459
WB-HGL,2023-02-11,23.4,31.6,16.8,71,98,0.0,0.0,12.0,219,17.41,3.84,1010.3,17.0,12.0,22.882248,88.40459
WB-HGL,2023-02-12,23.7,30.2,18.0,64,100,0.0,0.0,13.5,307,17.99,4.37,1010.5,15.2,12.0,22.882248,88.40459
WB-HGL,2023-02-13,21.3,27.9,15.2,41,66,0.0,0.0,13.8,324,19.19,4.88,1012.0,6.7,12.0,22.882248,88.40459
WB-HGL,2023-02-14,19.8,26.4,13.6,52,78,0.0,0.0,10.4,334,19.04,4.04,1012.2,8.6,12.0,22.882248,88.40459
WB-HGL,2023-02-15,19.9,26.7,13.7,57,86,0.0,0.0,9.7,6,19.01,3.94,1010.6,10.1,12.0,22.882248,88.40459
WB-HGL,2023-02-16,21.1,28.0,14.7,56,79,0.0,0.0,10.5,55,18.77,4.11,1011.7,11.2,12.0,22.882248,88.40459
WB-HGL,2023-02-17,22.6,29.0,15.4,68,91,0.0,0.0,13.6,144,15.44,3.39,1012.8,15.8,12.0,22.882248,88.40459
WB-HGL,2023-02-18,23.3,29.1,18.3,78,100,0.3,0.3,10.6,204,14.72,3.11,1012.7,18.5,12.0,22.882248,88.40459
WB-HGL,2023-02-19,24.0,30.2,19.6,74,100,0.0,0.0,9.6,236,16.46,3.58,1011.9,18.4,12.0,22.882248,88.40459
WB-HGL,2023-02-20,25.1,31.3,19.0,74,99,0.2,0.2,13.1,193,16.25,3.85,1010.6,19.5,12.0,22.882248,88.40459
WB-HGL,2023-02-21,26.3,32.6,21.5,70,98,0.1,0.1,11.3,206,17.94,4.3,1010.4,19.2,12.0,22.882248,88.40459
WB-HGL,2023-02-22,26.5,34.0,21.1,73,99,0.0,0.0,17.1,195,18.69,4.84,1009.1,20.2,12.0,22.882248,88.40459
WB-HGL,2023-02-23,26.1,33.0,21.0,68,98,0.0,0.0,12.6,188,19.53,4.26,1009.8,18.4,12.0,22.882248,88.40459
WB-HGL,2023-02-24,26.3,32.1,22.3,74,99,0.0,0.0,11.3,202,17.44,3.96,1011.4,20.6,12.0,22.882248,88.40459
WB-HGL,2023-02-25,25.8,32.6,20.9,66,98,0.0,0.0,10.5,355,18.2,4.19,1014.0,17.5,12.0,22.882248,88.40459
WB-HGL,2023-02-26,25.2,31.7,18.6,63,95,0.0,0.0,10.5,176,17.7,4.25,1015.3,16.7,12.0,22.882248,88.40459
WB-HGL,2023-02-27,25.7,33.0,19.8,64,94,0.0,0.0,11.2,244,18.77,4.5,1014.7,17.2,12.0,22.882248,88.40459
WB-HGL,2023-02-28,25.4,32.8,17.6,53,94,0.0,0.0,10.8,345,20.29,4.78,1015.1,13.3,12.0,22.882248,88.40459
WB-HGL,2023-03-01,25.9,33.2,18.0,61,100,0.0,0.0,7.9,128,19.45,4.43,1015.2,16.1,12.0,22.882248,88.40459
WB-HGL,2023-03-02,26.2,34.0,19.0,62,100,0.0,0.0,10.0,297,19.88,4.76,1014.7,16.4,12.0,22.882248,88.40459
WB-HGL,2023-03-03,27.0,34.2,20.0,46,83,0.0,0.0,12.4,304,20.69,5.21,1015.0,12.9,12.0,22.882248,88.40459
WB-HGL,2023-03-04,26.5,34.3,18.9,46,69,0.0,0.0,17.4,313,20.68,5.65,1014.3,12.9,12.0,22.882248,88.40459
WB-HGL,2023-03-05,26.8,34.1,19.9,45,63,0.0,0.0,12.6,337,20.76,5.36,1013.5,13.1,12.0,22.882248,88.40459
WB-HGL,2023-03-06,26.5,33.6,20.1,45,67,0.0,0.0,11.5,298,20.64,5.34,1012.6,12.8,12.0,22.882248,88.40459
WB-HGL,2023-03-07,26.6,34.1,19.0,48,88,0.0,0.0,9.8,353,20.95,5.2,1012.8,13.2,12.0,22.882248,88.40459
WB-HGL,2023-03-08,26.8,34.2,19.7,46,73,0.0,0.0,10.0,26,20.1,5.23,1013.6,13.0,12.0,22.882248,88.40459
WB-HGL,2023-03-09,26.7,33.4,20.3,48,72,0.0,0.0,10.4,25,19.96,5.26,1012.9,14.0,12.0,22.882248,88.40459
WB-HGL,2023-03-10,27.2,33.1,22.5,51,72,0.0,0.0,10.8,36,14.82,4.27,1012.3,15.7,12.0,22.882248,88.40459
WB-HGL,2023-03-11,26.6,32.6,22.0,58,89,0.0,0.0,9.7,69,14.03,3.86,1012.5,17.0,12.0,22.882248,88.40459
WB-HGL,2023-03-12,26.7,34.3,20.2,54,82,0.0,0.0,9.8,29,20.5,5.13,1011.7,15.6,12.0,22.882248,88.40459
WB-HGL,2023-03-13,28.0,35.5,20.7,50,82,0.0,0.0,10.0,240,21.11,5.27,1010.0,15.2,12.0,22.882248,88.40459
WB-HGL,2023-03-14,28.1,34.9,21.6,56,90,0.6,0.6,21.5,197,18.34,5.86,1008.0,17.2,12.0,22.882248,88.40459
WB-HGL,2023-03-15,28.0,34.7,22.3,56,85,0.0,0.0,15.9,212,19.21,5.41,1007.5,16.9,12.0,22.882248,88.40459
WB-HGL,2023-03-16,25.4,32.7,21.7,81,99,11.5,11.5,19.7,186,14.1,3.14,1009.8,21.7,12.0,22.882248,88.40459
WB-HGL,2023-03-17,23.9,29.7,20.1,80,97,2.3,2.3,10.1,58,12.33,2.72,1010.5,19.9,12.0,22.882248,88.40459
WB-HGL,2023-03-18,23.3,28.4,19.5,86,98,23.3,23.3,13.6,67,12.39,2.49,1009.5,20.7,12.0,22.882248,88.40459
WB-HGL,2023-03-19,22.1,25.2,20.3,91,97,21.5,21.5,16.3,177,9.29,1.86,1008.1,20.5,12.0,22.882248,88.40459
WB-HGL,2023-03-20,22.3,27.3,18.9,85,98,11.2,11.2,15.3,203,15.73,3.05,1006.9,19.6,12.0,22.882248,88.40459
WB-HGL,2023-03-21,23.0,28.2,18.9,85,98,12.0,12.0,22.8,212,15.74,3.04,1007.6,20.3,12.0,22.882248,88.40459
WB-HGL,2023-03-22,24.2,29.6,18.6,79,98,2.0,2.0,8.8,213,21.11,4.3,1007.0,19.9,12.0,22.882248,88.40459
WB-HGL,2023-03-23,25.3,30.7,20.9,76,96,0.3,0.3,12.3,190,20.27,4.28,1006.9,20.2,12.0,22.882248,88.40459
WB-HGL,2023-03-24,25.6,31.8,20.3,75,98,0.0,0.0,12.1,194,20.11,4.43,1008.3,20.2,12.0,22.882248,88.40459
WB-HGL,2023-03-25,27.3,32.9,21.4,74,96,0.1,0.1,12.4,202,19.97,4.64,1008.8,21.7,12.0,22.882248,88.40459
WB-HGL,2023-03-26,27.3,34.0,22.8,79,98,2.4,2.4,17.8,226,18.3,4.23,1007.3,22.7,12.0,22.882248,88.40459
WB-HGL,2023-03-27,26.5,31.9,22.5,75,96,3.0,3.0,14.0,229,17.58,3.93,1006.9,21.2,12.0,22.882248,88.40459
WB-HGL,2023-03-28,28.0,34.3,22.6,67,96,0.0,0.0,15.3,216,21.7,5.15,1007.3,20.0,12.0,22.882248,88.40459
WB-HGL,2023-03-29,27.7,33.9,23.7,75,99,1.5,1.5,14.8,195,20.52,4.93,1008.4,22.2,12.0,22.882248,88.40459
WB-HGL,2023-03-30,28.3,34.1,24.5,77,97,11.2,11.2,13.8,199,19.98,4.74,1006.8,23.3,12.0,22.882248,88.40459
WB-HGL,2023-03-31,25.2,29.1,22.8,87,97,6.3,6.3,18.0,175,12.2,2.58,1007.4,22.8,12.0,22.882248,88.40459
WB-HGL,2023-04-01,24.5,28.1,21.1,82,95,2.0,2.0,10.6,211,11.83,2.64,1007.2,20.9,12.0,22.882248,88.40459
WB-HGL,2023-04-02,26.3,31.3,21.1,73,98,0.0,0.0,13.1,234,20.2,4.6,1005.7,20.4,12.0,22.882248,88.40459
WB-HGL,2023-04-03,27.4,33.3,22.9,64,98,0.0,0.0,15.5,245,22.11,5.38,1005.5,18.7,12.0,22.882248,88.40459
WB-HGL,2023-04-04,28.6,35.2,22.6,70,96,0.0,0.0,16.1,211,21.24,5.43,1005.7,21.4,12.0,22.882248,88.40459
WB-HGL,2023-04-05,29.5,35.7,25.1,62,97,0.0,0.0,15.1,249,22.83,5.88,1005.4,20.4,12.0,22.882248,88.40459
WB-HGL,2023-04-06,29.1,35.9,22.2,54,97,0.0,0.0,11.6,20,24.18,6.13,1008.0,16.3,12.0,22.882248,88.40459
WB-HGL,2023-04-07,29.7,37.0,22.4,52,93,0.0,0.0,10.4,259,23.88,6.06,1009.6,16.5,12.0,22.882248,88.40459
WB-HGL,2023-04-08,30.1,37.8,23.5,51,81,0.0,0.0,9.4,268,23.25,5.88,1011.0,17.4,12.0,22.882248,88.40459
WB-HGL,2023-04-09,31.3,38.4,24.4,49,93,0.0,0.0,14.4,263,24.02,6.56,1010.2,16.9,12.0,22.882248,88.40459
WB-HGL,2023-04-10,31.2,38.2,24.6,54,85,0.0,0.0,11.2,198,22.25,5.83,1008.3,19.4,12.0,22.882248,88.40459
WB-HGL,2023-04-11,31.7,39.5,25.0,48,88,0.0,0.0,13.3,221,24.0,6.51,1007.9,16.6,12.0,22.882248,88.40459
WB-HGL,2023-04-12,31.7,39.7,24.2,46,94,0.0,0.0,13.2,270,24.95,6.85,1006.9,15.1,12.0,22.882248,88.40459
WB-HGL,2023-04-13,32.5,41.5,23.8,34,63,0.0,0.0,16.1,259,25.0,7.68,1005.8,12.4,12.0,22.882248,88.40459
WB-HGL,2023-04-14,33.3,42.4,24.8,37,64,0.0,0.0,19.0,242,24.69,7.46,1005.4,14.8,12.0,22.882248,88.40459
WB-HGL,2023-04-15,34.2,43.0,26.1,47,82,0.0,0.0,14.5,194,21.4,6.22,1004.9,19.2,12.0,22.882248,88.40459
WB-HGL,2023-04-16,34.3,42.8,27.5,52,93,0.0,0.0,23.5,183,20.6,6.33,1003.9,20.4,12.0,22.882248,88.40459
WB-HGL,2023-04-17,33.9,41.8,27.7,58,96,0.0,0.0,17.2,203,20.09,6.32,1004.4,22.1,12.0,22.882248,88.40459
WB-HGL,2023-04-18,33.1,42.2,27.1,65,97,0.8,0.8,28.1,175,19.97,5.78,1005.2,23.9,12.0,22.882248,88.40459
WB-HGL,2023-04-19,34.2,43.8,27.0,58,99,0.0,0.0,20.2,202,21.1,6.46,1001.7,20.5,12.0,22.882248,88.40459
WB-HGL,2023-04-20,33.6,41.4,27.3,59,97,0.0,0.0,21.6,178,21.57,6.83,999.3,21.3,12.0,22.882248,88.40459
WB-HGL,2023-04-21,33.5,41.3,27.1,39,79,0.0,0.0,25.6,270,21.33,7.52,1000.7,15.7,12.0,22.882248,88.40459
WB-HGL,2023-04-22,30.8,37.4,24.8,43,66,0.1,0.1,18.7,250,21.88,6.05,1002.7,16.0,12.0,22.882248,88.40459
WB-HGL,2023-04-23,28.5,34.2,25.4,58,88,3.7,3.7,19.1,195,17.18,4.98,1005.6,18.6,12.0,22.882248,88.40459
WB-HGL,2023-04-24,26.8,31.7,23.8,73,91,7.5,7.5,18.4,113,17.95,3.94,1008.9,21.4,12.0,22.882248,88.40459
WB-HGL,2023-04-25,28.2,33.0,23.0,73,98,0.4,0.4,8.0,300,20.43,4.57,1008.8,22.4,12.0,22.882248,88.40459
WB-HGL,2023-04-26,28.6,34.5,24.7,71,92,7.2,7.2,11.3,212,20.79,4.82,1006.9,22.6,12.0,22.882248,88.40459
WB-HGL,2023-04-27,27.8,36.1,23.6,81,99,6.3,6.3,22.0,207,19.5,4.43,1007.1,23.7,12.0,22.882248,88.40459
WB-HGL,2023-04-28,27.7,35.3,22.7,77,98,4.0,4.0,23.8,202,22.04,5.04,1007.1,22.7,12.0,22.882248,88.40459
WB-HGL,2023-04-29,28.9,36.3,24.0,77,100,13.6,13.6,18.4,167,21.02,4.92,1006.1,24.0,12.0,22.882248,88.40459
WB-HGL,2023-04-30,28.2,35.1,24.5,75,97,2.0,2.0,12.6,179,20.15,4.61,1005.5,22.7,12.0,22.882248,88.40459
WB-HGL,2023-05-01,27.1,30.4,24.5,77,96,0.0,0.0,10.0,341,10.13,2.58,1007.2,22.4,12.0,22.882248,88.40459
WB-HGL,2023-05-02,28.9,34.3,23.0,64,95,0.0,0.0,12.7,205,22.83,5.58,1007.5,20.6,12.0,22.882248,88.40459
WB-HGL,2023-05-03,27.5,31.4,25.3,80,92,12.8,12.8,13.8,196,15.06,3.43,1008.2,23.6,12.0,22.882248,88.40459
WB-HGL,2023-05-04,27.9,32.1,23.8,73,92,7.4,7.4,14.8,217,15.97,4.15,1007.0,22.5,12.0,22.882248,88.40459
WB-HGL,2023-05-05,28.6,34.0,23.6,76,97,0.3,0.3,10.3,215,22.47,5.14,1004.4,23.5,12.0,22.882248,88.40459
WB-HGL,2023-05-06,30.4,35.4,26.1,72,97,0.2,0.2,13.3,204,21.89,5.25,1003.1,24.2,12.0,22.882248,88.40459
WB-HGL,2023-05-07,31.2,37.7,25.6,61,95,0.0,0.0,11.6,223,23.85,6.09,1002.9,21.2,12.0,22.882248,88.40459
WB-HGL,2023-05-08,32.0,38.9,25.0,59,95,0.0,0.0,11.3,222,23.77,6.08,1002.6,21.1,12.0,22.882248,88.40459
WB-HGL,2023-05-09,32.8,39.3,26.9,57,86,0.0,0.0,16.2,189,22.89,6.26,1002.9,21.8,12.0,22.882248,88.40459
WB-HGL,2023-05-10,32.3,39.5,27.5,65,88,0.7,0.7,16.3,193,22.05,6.12,1003.2,24.0,12.0,22.882248,88.40459
WB-HGL,2023-05-11,31.9,39.0,26.2,64,90,0.7,0.7,17.3,176,22.2,6.46,1004.7,23.4,12.0,22.882248,88.40459
WB-HGL,2023-05-12,31.6,37.7,26.2,67,98,0.0,0.0,13.7,144,19.83,5.51,1004.6,23.6,12.0,22.882248,88.40459
WB-HGL,2023-05-13,31.0,36.3,26.6,67,95,0.4,0.4,15.4,78,21.74,5.71,1002.9,23.5,12.0,22.882248,88.40459
WB-HGL,2023-05-14,31.3,36.8,26.4,54,84,0.0,0.0,25.9,26,23.23,7.44,998.7,19.8,12.0,22.882248,88.40459
WB-HGL,2023-05-15,29.6,37.4,24.0,60,88,0.0,0.0,25.3,159,23.57,6.69,1001.4,20.3,12.0,22.882248,88.40459
WB-HGL,2023-05-16,30.7,39.4,25.5,75,97,20.5,20.5,21.6,190,21.27,5.78,1003.0,25.1,12.0,22.882248,88.40459
WB-HGL,2023-05-17,30.8,38.1,26.2,74,93,6.2,6.2,24.9,184,21.61,5.9,1004.9,25.1,12.0,22.882248,88.40459
WB-HGL,2023-05-18,28.0,34.6,23.4,83,95,15.2,15.2,22.5,159,18.15,4.26,1006.3,24.8,12.0,22.882248,88.40459
WB-HGL,2023-05-19,29.9,37.6,26.4,79,96,22.0,22.0,19.2,179,18.78,4.88,1004.0,25.6,12.0,22.882248,88.40459
WB-HGL,2023-05-20,30.7,36.9,26.5,75,96,1.2,1.2,15.5,182,23.34,5.8,1003.4,25.5,12.0,22.882248,88.40459
WB-HGL,2023-05-21,30.9,37.1,27.1,78,96,9.2,9.2,24.5,187,21.49,5.47,1004.1,26.4,12.0,22.882248,88.40459
WB-HGL,2023-05-22,31.7,36.8,27.9,70,95,0.1,0.1,23.1,180,23.27,6.43,1004.8,25.0,12.0,22.882248,88.40459
WB-HGL,2023-05-23,30.1,38.4,25.8,78,93,47.0,47.0,18.3,141,19.18,4.79,1004.7,25.3,12.0,22.882248,88.40459
WB-HGL,2023-05-24,28.7,33.3,25.3,80,96,0.5,0.5,20.5,111,17.6,4.12,1004.0,24.7,12.0,22.882248,88.40459
WB-HGL,2023-05-25,29.3,36.1,24.8,78,97,31.2,31.2,33.8,116,19.27,4.64,1003.5,24.6,12.0,22.882248,88.40459
WB-HGL,2023-05-26,27.6,33.4,24.4,84,97,26.1,26.1,14.4,152,16.73,3.66,1004.9,24.4,12.0,22.882248,88.40459
WB-HGL,2023-05-27,26.7,30.0,23.9,88,98,7.4,7.4,16.6,140,12.43,2.66,1004.4,24.6,12.0,22.882248,88.40459
WB-HGL,2023-05-28,28.8,34.4,24.6,80,99,7.9,7.9,11.3,123,21.92,4.87,1005.1,24.6,12.0,22.882248,88.40459
WB-HGL,2023-05-29,30.8,35.6,25.3,71,96,0.0,0.0,8.9,135,22.81,5.21,1005.8,24.4,12.0,22.882248,88.40459
WB-HGL,2023-05-30,31.1,37.0,27.3,74,95,0.3,0.3,16.1,180,21.98,5.3,1005.0,25.6,12.0,22.882248,88.40459
WB-HGL,2023-05-31,31.4,36.8,27.7,74,98,2.2,2.2,9.7,182,19.97,4.79,1003.1,25.9,12.0,22.882248,88.40459
WB-HGL,2023-06-01,33.0,39.6,28.4,65,96,0.1,0.1,22.1,179,22.1,5.95,1001.4,24.4,12.0,22.882248,88.40459
WB-HGL,2023-06-02,31.6,36.8,28.5,74,97,7.8,7.8,17.0,182,19.6,5.17,1001.7,26.2,12.0,22.882248,88.40459
WB-HGL,2023-06-03,31.8,38.4,27.8,73,98,2.3,2.3,15.6,188,18.88,5.15,1002.7,26.0,12.0,22.882248,88.40459
WB-HGL,2023-06-04,32.2,38.9,28.3,71,95,0.1,0.1,20.9,189,21.67,5.84,1002.3,25.7,12.0,22.882248,88.40459
WB-HGL,2023-06-05,32.2,38.0,27.7,69,96,1.2,1.2,13.8,174,21.8,5.72,1001.1,25.1,12.0,22.882248,88.40459
WB-HGL,2023-06-06,31.8,37.9,28.4,73,95,2.7,2.7,14.9,176,20.38,5.16,999.9,26.0,12.0,22.882248,88.40459
WB-HGL,2023-06-07,32.0,38.1,27.5,68,92,3.8,3.8,18.7,155,16.77,4.8,999.4,24.9,12.0,22.882248,88.40459
WB-HGL,2023-06-08,32.1,38.2,28.6,74,95,1.3,1.3,15.9,154,13.46,3.86,998.8,26.0,12.0,22.882248,88.40459
WB-HGL,2023-06-09,29.2,33.4,25.8,88,95,22.0,22.0,18.1,163,9.42,2.41,998.0,27.0,12.0,22.882248,88.40459
WB-HGL,2023-06-10,29.4,34.7,25.9,80,93,5.0,5.0,13.0,164,17.95,4.24,997.2,25.3,12.0,22.882248,88.40459
WB-HGL,2023-06-11,29.6,37.0,27.1,87,98,44.9,44.9,30.7,141,15.22,3.56,996.5,27.0,12.0,22.882248,88.40459
WB-HGL,2023-06-12,30.0,34.4,25.4,87,99,3.5,3.5,21.1,138,13.66,3.3,996.8,27.4,12.0,22.882248,88.40459
WB-HGL,2023-06-13,31.2,36.9,27.8,80,98,5.6,5.6,21.8,179,22.67,5.55,996.2,27.2,12.0,22.882248,88.40459
WB-HGL,2023-06-14,33.0,38.2,29.4,74,90,0.0,0.0,21.4,207,24.26,6.35,996.3,27.5,12.0,22.882248,88.40459
WB-HGL,2023-06-15,33.4,38.4,30.6,72,92,0.0,0.0,19.3,187,22.81,6.27,997.1,27.4,12.0,22.882248,88.40459
WB-HGL,2023-06-16,32.1,37.7,30.2,81,91,4.3,4.3,24.5,186,19.4,5.03,997.8,28.2,12.0,22.882248,88.40459
WB-HGL,2023-06-17,32.7,37.6,29.6,78,95,0.2,0.2,22.7,183,22.86,6.04,999.6,28.1,12.0,22.882248,88.40459
WB-HGL,2023-06-18,31.1,34.6,27.9,81,92,14.8,14.8,23.4,178,16.79,4.37,1000.6,27.4,12.0,22.882248,88.40459
WB-HGL,2023-06-19,29.6,33.5,25.9,84,96,7.9,7.9,21.1,180,12.53,3.31,1000.5,26.5,12.0,22.882248,88.40459
WB-HGL,2023-06-20,31.0,34.3,28.5,78,92,0.9,0.9,21.3,178,16.97,4.63,1000.0,26.7,12.0,22.882248,88.40459
WB-HGL,2023-06-21,29.8,34.8,27.8,86,95,18.9,18.9,18.6,168,13.28,3.33,1000.7,27.1,12.0,22.882248,88.40459
WB-HGL,2023-06-22,28.6,33.2,26.3,87,96,40.1,40.1,16.4,157,18.72,4.12,1001.1,26.1,12.0,22.882248,88.40459
WB-HGL,2023-06-23,29.2,33.6,26.3,83,98,5.8,5.8,12.5,102,21.18,4.64,1000.0,26.0,12.0,22.882248,88.40459
WB-HGL,2023-06-24,28.4,32.4,25.6,86,98,19.9,19.9,14.9,106,16.89,3.77,998.5,25.7,12.0,22.882248,88.40459
WB-HGL,2023-06-25,28.2,31.6,25.8,86,96,4.3,4.3,23.2,119,19.59,4.2,998.5,25.6,12.0,22.882248,88.40459
WB-HGL,2023-06-26,26.7,29.5,25.6,93,97,14.9,14.9,16.6,132,8.22,1.83,999.3,25.3,12.0,22.882248,88.40459
WB-HGL,2023-06-27,26.3,28.4,24.9,93,97,19.3,19.3,17.8,143,7.98,1.72,999.9,25.1,12.0,22.882248,88.40459
WB-HGL,2023-06-28,27.9,32.0,25.4,87,98,3.4,3.4,25.0,170,19.69,4.15,1002.0,25.4,12.0,22.882248,88.40459
WB-HGL,2023-06-29,28.3,32.2,25.5,88,96,22.3,22.3,21.3,179,15.34,3.41,1002.2,26.0,12.0,22.882248,88.40459
WB-HGL,2023-06-30,28.7,31.6,27.6,89,95,27.8,27.8,17.3,186,13.44,3.01,1001.6,26.6,12.0,22.882248,88.40459
WB-HGL,2023-07-01,28.7,32.5,26.8,89,96,33.4,33.4,15.2,176,13.61,3.01,1001.6,26.7,12.0,22.882248,88.40459
WB-HGL,2023-07-02,29.0,31.8,27.3,89,98,7.1,7.1,15.8,164,12.7,2.9,1001.0,26.9,12.0,22.882248,88.40459
WB-HGL,2023-07-03,29.6,33.7,27.2,87,98,4.7,4.7,17.0,175,20.04,4.38,1001.1,27.0,12.0,22.882248,88.40459
WB-HGL,2023-07-04,29.9,33.7,26.9,82,96,3.4,3.4,15.0,168,23.48,5.18,1000.1,26.4,12.0,22.882248,88.40459
WB-HGL,2023-07-05,28.5,31.6,26.9,88,97,11.7,11.7,15.0,108,15.15,3.26,998.9,26.3,12.0,22.882248,88.40459
WB-HGL,2023-07-06,28.3,32.4,26.3,87,96,17.3,17.3,17.2,144,17.92,3.87,1000.2,25.9,12.0,22.882248,88.40459
WB-HGL,2023-07-07,28.4,32.0,25.7,86,96,12.2,12.2,18.8,149,19.82,4.31,1002.2,25.7,12.0,22.882248,88.40459
WB-HGL,2023-07-08,28.5,32.0,25.6,87,96,4.4,4.4,13.6,156,17.63,3.82,1003.0,26.0,12.0,22.882248,88.40459
WB-HGL,2023-07-09,29.3,32.5,26.6,85,97,2.6,2.6,14.3,172,20.96,4.54,1002.3,26.4,12.0,22.882248,88.40459
WB-HGL,2023-07-10,29.0,33.1,26.3,87,96,3.3,3.3,16.2,170,17.59,3.9,1002.0,26.5,12.0,22.882248,88.40459
WB-HGL,2023-07-11,29.4,33.0,25.9,83,95,1.5,1.5,18.1,172,21.16,4.82,1001.9,26.0,12.0,22.882248,88.40459
WB-HGL,2023-07-12,28.8,31.7,26.3,83,92,7.0,7.0,17.7,173,19.09,4.32,1002.3,25.5,12.0,22.882248,88.40459
WB-HGL,2023-07-13,28.5,31.1,26.6,87,94,16.3,16.3,13.7,161,14.99,3.29,1002.2,26.0,12.0,22.882248,88.40459
WB-HGL,2023-07-14,28.3,32.8,26.2,87,96,17.5,17.5,13.0,167,16.99,3.65,1001.7,25.8,12.0,22.882248,88.40459
WB-HGL,2023-07-15,27.7,31.4,25.5,88,96,45.9,45.9,12.5,115,17.68,3.72,999.9,25.4,12.0,22.882248,88.40459
WB-HGL,2023-07-16,27.9,31.9,25.7,88,96,5.9,5.9,17.6,146,15.96,3.44,998.7,25.6,12.0,22.882248,88.40459
WB-HGL,2023-07-17,28.4,31.1,26.0,85,96,5.9,5.9,19.8,120,17.04,3.75,998.6,25.6,12.0,22.882248,88.40459
WB-HGL,2023-07-18,28.7,32.2,26.0,85,96,5.1,5.1,17.6,105,16.85,3.78,998.1,25.8,12.0,22.882248,88.40459
WB-HGL,2023-07-19,29.0,32.3,26.6,84,94,4.8,4.8,19.0,108,19.95,4.42,997.2,25.9,12.0,22.882248,88.40459
WB-HGL,2023-07-20,29.5,32.9,26.7,82,94,2.3,2.3,21.7,110,22.04,4.97,997.4,26.0,12.0,22.882248,88.40459
WB-HGL,2023-07-21,28.9,32.4,27.0,84,94,11.1,11.1,21.3,112,19.06,4.31,1000.3,25.9,12.0,22.882248,88.40459
WB-HGL,2023-07-22,28.8,31.5,26.6,84,93,8.6,8.6,23.0,118,17.94,4.05,1003.5,25.7,12.0,22.882248,88.40459
WB-HGL,2023-07-23,29.3,32.6,26.6,82,95,2.0,2.0,20.7,138,22.09,4.86,1003.7,25.8,12.0,22.882248,88.40459
WB-HGL,2023-07-24,29.2,32.3,26.2,83,97,1.5,1.5,16.2,131,22.23,4.81,1001.9,25.9,12.0,22.882248,88.40459
WB-HGL,2023-07-25,28.5,33.0,26.4,87,96,12.7,12.7,17.4,102,20.49,4.26,1001.8,26.0,12.0,22.882248,88.40459
WB-HGL,2023-07-26,28.4,31.5,26.6,86,95,7.7,7.7,16.5,115,17.66,3.81,1001.8,25.8,12.0,22.882248,88.40459
WB-HGL,2023-07-27,29.2,32.4,26.6,82,93,3.0,3.0,21.7,151,22.44,5.03,1000.8,25.6,12.0,22.882248,88.40459
WB-HGL,2023-07-28,29.2,32.7,26.1,82,93,2.2,2.2,19.7,155,21.73,4.83,998.2,25.8,12.0,22.882248,88.40459
WB-HGL,2023-07-29,28.8,31.9,26.4,87,96,26.9,26.9,15.6,122,16.47,3.56,997.1,26.4,12.0,22.882248,88.40459
WB-HGL,2023-07-30,29.3,33.2,26.8,86,98,3.4,3.4,14.7,118,20.58,4.39,996.6,26.6,12.0,22.882248,88.40459
WB-HGL,2023-07-31,28.9,32.9,26.5,88,99,47.0,47.0,15.0,298,16.37,3.61,995.8,26.6,12.0,22.882248,88.40459
WB-HGL,2023-08-01,28.8,33.8,26.1,88,97,33.5,33.5,20.3,2,17.95,4.04,992.2,26.4,12.0,22.882248,88.40459
WB-HGL,2023-08-02,28.4,31.8,26.2,84,97,30.9,30.9,29.5,150,19.93,4.45,992.1,25.4,12.0,22.882248,88.40459
WB-HGL,2023-08-03,29.1,31.9,26.3,81,93,2.4,2.4,21.1,173,17.96,4.31,996.7,25.4,12.0,22.882248,88.40459
WB-HGL,2023-08-04,29.7,33.3,27.2,76,89,0.2,0.2,20.8,186,19.1,4.82,1000.3,24.9,12.0,22.882248,88.40459
WB-HGL,2023-08-05,29.4,32.6,27.7,82,91,9.3,9.3,17.0,198,18.94,4.33,1001.3,26.0,12.0,22.882248,88.40459
WB-HGL,2023-08-06,28.6,31.4,26.9,86,94,8.7,8.7,19.1,218,12.09,3.04,998.8,25.9,12.0,22.882248,88.40459
WB-HGL,2023-08-07,27.6,30.5,26.2,90,95,31.0,31.0,16.9,249,9.75,2.27,996.9,25.9,12.0,22.882248,88.40459
WB-HGL,2023-08-08,28.0,31.4,26.4,88,95,10.8,10.8,16.7,235,13.05,2.93,998.8,25.7,12.0,22.882248,88.40459
WB-HGL,2023-08-09,27.8,32.7,25.1,87,97,29.6,29.6,16.1,242,19.51,4.17,1002.1,25.3,12.0,22.882248,88.40459
WB-HGL,2023-08-10,28.8,33.1,25.6,85,98,8.7,8.7,9.7,188,19.83,4.3,1003.2,26.0,12.0,22.882248,88.40459
WB-HGL,2023-08-11,29.0,33.6,26.7,87,98,17.8,17.8,10.5,208,21.19,4.51,1002.4,26.5,12.0,22.882248,88.40459
WB-HGL,2023-08-12,27.9,32.0,26.4,93,99,44.6,44.6,12.7,208,13.41,2.79,1001.1,26.6,12.0,22.882248,88.40459
WB-HGL,2023-08-13,27.4,29.6,26.0,92,99,11.1,11.1,15.3,221,10.08,2.16,1002.0,25.9,12.0,22.882248,88.40459
WB-HGL,2023-08-14,27.5,31.5,25.1,89,99,19.7,19.7,10.6,218,17.25,3.61,1002.8,25.4,12.0,22.882248,88.40459
WB-HGL,2023-08-15,28.6,32.9,26.4,88,98,8.1,8.1,11.3,186,18.18,3.85,1002.3,26.4,12.0,22.882248,88.40459
WB-HGL,2023-08-16,28.5,32.7,26.7,91,98,20.2,20.2,10.3,187,14.38,3.1,1001.7,26.7,12.0,22.882248,88.40459
WB-HGL,2023-08-17,28.9,33.7,26.4,87,99,7.4,7.4,11.5,100,20.22,4.37,1001.0,26.4,12.0,22.882248,88.40459
WB-HGL,2023-08-18,28.6,31.7,26.0,83,99,3.9,3.9,25.8,104,20.02,4.49,1000.3,25.4,12.0,22.882248,88.40459
WB-HGL,2023-08-19,29.0,31.7,26.4,81,94,3.3,3.3,18.6,141,20.06,4.56,1002.3,25.4,12.0,22.882248,88.40459
WB-HGL,2023-08-20,29.2,32.2,26.5,81,94,0.8,0.8,15.3,173,19.03,4.34,1003.4,25.6,12.0,22.882248,88.40459
WB-HGL,2023-08-21,28.8,32.6,26.0,85,96,4.8,4.8,14.5,171,19.81,4.33,1002.6,25.9,12.0,22.882248,88.40459
WB-HGL,2023-08-22,28.3,31.4,26.1,88,97,9.4,9.4,17.0,175,12.54,2.84,1002.4,26.1,12.0,22.882248,88.40459
WB-HGL,2023-08-23,27.6,31.3,25.7,90,97,21.6,21.6,16.1,165,14.82,3.07,1001.2,25.8,12.0,22.882248,88.40459
WB-HGL,2023-08-24,27.3,32.4,25.6,92,98,32.2,32.2,15.5,205,14.06,2.95,999.2,25.7,12.0,22.882248,88.40459
WB-HGL,2023-08-25,27.3,30.4,25.6,93,96,42.8,42.8,11.0,243,9.77,2.12,999.5,26.0,12.0,22.882248,88.40459
WB-HGL,2023-08-26,27.2,30.7,25.7,93,97,27.5,27.5,13.4,209,9.83,2.13,1000.2,26.0,12.0,22.882248,88.40459
WB-HGL,2023-08-27,29.3,33.8,25.8,82,94,0.4,0.4,15.4,235,21.16,4.79,1000.0,25.7,12.0,22.882248,88.40459
WB-HGL,2023-08-28,29.9,33.9,26.1,77,93,0.2,0.2,10.8,238,23.01,5.19,1000.6,25.2,12.0,22.882248,88.40459
WB-HGL,2023-08-29,29.9,33.2,26.0,79,96,0.2,0.2,8.0,318,22.24,4.87,1001.5,25.6,12.0,22.882248,88.40459
WB-HGL,2023-08-30,30.4,34.2,25.7,76,98,0.1,0.1,13.0,29,21.7,4.73,1002.7,25.4,12.0,22.882248,88.40459
WB-HGL,2023-08-31,30.1,34.2,27.4,81,95,0.1,0.1,11.4,186,21.89,4.79,1003.5,26.3,12.0,22.882248,88.40459
WB-HGL,2023-09-01,29.4,33.7,26.7,87,97,7.6,7.6,10.2,175,17.32,3.8,1003.3,26.8,12.0,22.882248,88.40459
WB-HGL,2023-09-02,29.5,33.2,27.1,87,99,17.2,17.2,10.2,184,15.05,3.34,1001.9,27.0,12.0,22.882248,88.40459
WB-HGL,2023-09-03,28.2,33.1,25.7,89,99,11.3,11.3,15.3,89,18.53,3.91,1000.3,26.2,12.0,22.882248,88.40459
WB-HGL,2023-09-04,27.3,32.0,25.7,91,99,9.5,9.5,16.6,106,15.0,3.09,999.8,25.7,12.0,22.882248,88.40459
WB-HGL,2023-09-05,27.8,31.4,25.9,91,98,7.8,7.8,14.6,115,12.29,2.65,1000.3,26.0,12.0,22.882248,88.40459
WB-HGL,2023-09-06,28.1,31.6,25.9,87,97,16.6,16.6,18.1,103,13.47,3.04,1001.1,25.8,12.0,22.882248,88.40459
WB-HGL,2023-09-07,27.1,30.4,25.8,91,96,21.3,21.3,18.2,104,11.97,2.54,1001.0,25.5,12.0,22.882248,88.40459
WB-HGL,2023-09-08,27.3,29.7,25.2,90,98,15.4,15.4,17.5,157,10.84,2.41,1002.4,25.5,12.0,22.882248,88.40459
WB-HGL,2023-09-09,28.2,31.5,25.7,88,96,9.9,9.9,17.0,163,17.1,3.55,1002.9,26.1,12.0,22.882248,88.40459
WB-HGL,2023-09-10,29.1,32.9,26.0,86,98,0.8,0.8,12.4,176,19.86,4.31,1000.9,26.3,12.0,22.882248,88.40459
WB-HGL,2023-09-11,29.2,32.7,26.6,86,97,1.5,1.5,14.0,165,17.97,3.96,1000.2,26.4,12.0,22.882248,88.40459
WB-HGL,2023-09-12,28.1,32.0,26.2,90,98,10.4,10.4,17.5,113,14.22,3.03,1000.3,26.2,12.0,22.882248,88.40459
WB-HGL,2023-09-13,27.8,31.7,25.6,89,98,13.6,13.6,17.4,76,14.92,3.3,999.4,25.7,12.0,22.882248,88.40459
WB-HGL,2023-09-14,27.6,30.4,26.0,88,95,11.3,11.3,27.6,101,13.91,3.13,1000.1,25.4,12.0,22.882248,88.40459
WB-HGL,2023-09-15,27.7,31.4,25.3,88,96,7.7,7.7,19.9,135,16.02,3.4,1003.1,25.4,12.0,22.882248,88.40459
WB-HGL,2023-09-16,28.5,32.4,25.7,88,98,2.4,2.4,12.8,134,20.53,4.28,1003.4,26.1,12.0,22.882248,88.40459
WB-HGL,2023-09-17,29.6,33.7,25.4,83,100,0.1,0.1,8.3,131,21.88,4.71,1001.9,26.1,12.0,22.882248,88.40459
WB-HGL,2023-09-18,27.7,30.9,25.8,90,99,15.6,15.6,14.3,78,14.04,2.94,1001.8,25.9,12.0,22.882248,88.40459
WB-HGL,2023-09-19,27.0,30.4,24.6,89,95,14.3,14.3,16.6,86,12.58,2.73,1002.9,25.0,12.0,22.882248,88.40459
WB-HGL,2023-09-20,27.0,29.1,25.8,90,94,13.9,13.9,20.7,111,8.57,2.05,1002.4,25.3,12.0,22.882248,88.40459
WB-HGL,2023-09-21,27.5,31.0,25.5,89,94,7.7,7.7,21.6,158,13.36,2.95,1003.8,25.4,12.0,22.882248,88.40459
WB-HGL,2023-09-22,27.3,31.1,25.7,89,95,7.3,7.3,22.6,157,12.61,2.75,1004.6,25.3,12.0,22.882248,88.40459
WB-HGL,2023-09-23,27.7,30.9,25.6,89,95,6.3,6.3,22.6,174,13.25,2.87,1005.1,25.6,12.0,22.882248,88.40459
WB-HGL,2023-09-24,27.4,30.9,25.4,90,99,18.0,18.0,15.1,174,15.11,3.15,1004.2,25.5,12.0,22.882248,88.40459
WB-HGL,2023-09-25,27.1,31.7,24.5,91,100,28.2,28.2,16.1,163,15.45,3.23,1004.4,25.4,12.0,22.882248,88.40459
WB-HGL,2023-09-26,27.7,32.2,24.7,89,99,3.1,3.1,10.7,181,19.71,4.07,1004.8,25.7,12.0,22.882248,88.40459
WB-HGL,2023-09-27,28.2,32.9,24.9,86,99,4.8,4.8,14.1,207,18.96,4.04,1004.2,25.5,12.0,22.882248,88.40459
WB-HGL,2023-09-28,28.6,32.4,25.6,89,98,7.6,7.6,6.6,321,16.19,3.4,1003.3,26.5,12.0,22.882248,88.40459
WB-HGL,2023-09-29,28.5,32.4,25.1,88,97,17.2,17.2,13.3,334,10.06,2.27,1002.6,26.4,12.0,22.882248,88.40459
WB-HGL,2023-09-30,26.6,28.3,25.4,91,97,38.0,38.0,24.9,83,8.41,1.99,1001.2,24.9,12.0,22.882248,88.40459
WB-HGL,2023-10-01,26.9,30.0,25.0,91,96,14.5,14.5,18.9,125,13.56,2.78,1000.9,25.2,12.0,22.882248,88.40459
WB-HGL,2023-10-02,27.3,30.8,25.4,90,97,5.5,5.5,21.1,130,14.96,3.08,1002.4,25.4,12.0,22.882248,88.40459
WB-HGL,2023-10-03,26.6,29.4,24.7,91,97,20.8,20.8,18.3,138,9.71,2.11,1003.4,25.0,12.0,22.882248,88.40459
WB-HGL,2023-10-04,25.8,28.6,24.5,94,98,39.2,39.2,17.3,147,6.97,1.51,1003.3,24.8,12.0,22.882248,88.40459
WB-HGL,2023-10-05,26.4,30.0,24.8,94,98,67.4,67.4,17.3,186,6.69,1.5,1002.2,25.3,12.0,22.882248,88.40459
WB-HGL,2023-10-06,27.6,31.5,25.2,88,97,2.4,2.4,14.8,221,15.55,3.32,1002.7,25.4,12.0,22.882248,88.40459
WB-HGL,2023-10-07,28.2,32.4,24.8,86,100,0.5,0.5,8.4,261,19.29,4.04,1004.6,25.4,12.0,22.882248,88.40459
WB-HGL,2023-10-08,28.2,32.3,25.4,87,99,2.4,2.4,12.4,208,18.61,3.96,1006.4,25.6,12.0,22.882248,88.40459
WB-HGL,2023-10-09,28.5,33.3,25.0,82,99,0.1,0.1,10.8,234,19.96,4.33,1007.3,24.9,12.0,22.882248,88.40459
WB-HGL,2023-10-10,29.0,33.2,24.8,80,98,0.4,0.4,10.9,254,19.06,4.26,1007.7,24.9,12.0,22.882248,88.40459
WB-HGL,2023-10-11,29.2,33.7,24.7,75,97,0.0,0.0,9.5,279,19.93,4.55,1007.7,23.9,12.0,22.882248,88.40459
WB-HGL,2023-10-12,28.7,33.4,24.3,76,99,0.0,0.0,9.0,265,19.46,4.26,1009.5,23.7,12.0,22.882248,88.40459
WB-HGL,2023-10-13,28.3,33.4,22.8,72,94,0.0,0.0,8.8,245,20.18,4.44,1010.5,22.1,12.0,22.882248,88.40459
WB-HGL,2023-10-14,27.6,32.9,22.8,77,95,0.0,0.0,9.3,233,19.21,4.25,1009.8,22.6,12.0,22.882248,88.40459
WB-HGL,2023-10-15,27.2,32.3,22.4,74,100,0.0,0.0,9.1,293,20.16,4.4,1008.4,21.5,12.0,22.882248,88.40459
WB-HGL,2023-10-16,27.2,31.5,22.9,78,97,0.0,0.0,8.6,356,19.25,4.06,1009.4,22.7,12.0,22.882248,88.40459
WB-HGL,2023-10-17,27.2,31.2,22.8,78,99,0.0,0.0,7.6,18,18.93,3.96,1010.3,22.8,12.0,22.882248,88.40459
WB-HGL,2023-10-18,26.7,31.3,22.8,79,95,0.0,0.0,9.9,8,18.92,4.05,1011.0,22.5,12.0,22.882248,88.40459
WB-HGL,2023-10-19,26.9,31.1,22.0,76,98,0.0,0.0,11.1,356,18.53,4.0,1011.6,21.9,12.0,22.882248,88.40459
WB-HGL,2023-10-20,26.0,31.1,21.9,74,92,0.0,0.0,10.2,11,19.8,4.34,1012.1,20.7,12.0,22.882248,88.40459
WB-HGL,2023-10-21,25.5,30.7,20.9,75,90,0.0,0.0,10.0,355,19.97,4.28,1012.3,20.3,12.0,22.882248,88.40459
WB-HGL,2023-10-22,26.6,31.2,22.6,74,90,0.0,0.0,10.8,2,18.08,3.97,1011.9,21.2,12.0,22.882248,88.40459
WB-HGL,2023-10-23,25.6,30.8,22.9,84,95,1.8,1.8,10.8,56,15.0,3.21,1010.4,22.5,12.0,22.882248,88.40459
WB-HGL,2023-10-24,25.6,29.1,23.0,84,96,0.0,0.0,17.5,40,10.31,2.45,1009.1,22.6,12.0,22.882248,88.40459
WB-HGL,2023-10-25,26.4,30.8,22.3,83,97,0.1,0.1,11.8,319,16.96,3.51,1010.2,23.1,12.0,22.882248,88.40459
WB-HGL,2023-10-26,26.2,31.0,22.3,80,98,0.0,0.0,8.5,343,17.51,3.73,1011.1,22.1,12.0,22.882248,88.40459
WB-HGL,2023-10-27,25.7,30.4,22.0,77,93,0.0,0.0,12.1,342,15.27,3.32,1010.9,21.0,12.0,22.882248,88.40459
WB-HGL,2023-10-28,25.5,29.7,21.3,76,94,0.1,0.1,7.4,5,16.8,3.58,1011.4,20.5,12.0,22.882248,88.40459
WB-HGL,2023-10-29,25.1,30.3,19.7,75,95,0.0,0.0,8.7,353,18.06,3.89,1011.2,19.7,12.0,22.882248,88.40459
WB-HGL,2023-10-30,25.6,30.5,20.2,69,93,0.0,0.0,9.2,355,16.57,3.66,1011.6,19.1,12.0,22.882248,88.40459
WB-HGL,2023-10-31,25.9,31.0,21.4,77,94,0.0,0.0,8.4,12,17.72,3.76,1012.5,21.3,12.0,22.882248,88.40459
WB-HGL,2023-11-01,27.3,31.9,21.8,74,94,0.0,0.0,7.2,3,17.06,3.68,1012.7,22.0,12.0,22.882248,88.40459
WB-HGL,2023-11-02,27.2,31.7,23.0,77,94,0.0,0.0,7.1,339,16.66,3.61,1011.4,22.4,12.0,22.882248,88.40459
WB-HGL,2023-11-03,26.2,30.4,23.0,80,95,0.9,0.9,9.8,298,14.5,3.08,1010.0,22.4,12.0,22.882248,88.40459
WB-HGL,2023-11-04,25.4,30.3,22.4,84,98,4.4,4.4,9.7,342,15.3,3.16,1010.1,22.2,12.0,22.882248,88.40459
WB-HGL,2023-11-05,25.5,30.2,22.0,84,98,1.9,1.9,6.2,286,14.8,3.01,1012.0,22.4,12.0,22.882248,88.40459
WB-HGL,2023-11-06,25.1,30.7,20.9,71,99,0.0,0.0,11.5,3,17.67,4.06,1012.7,18.7,12.0,22.882248,88.40459
WB-HGL,2023-11-07,24.4,30.0,19.2,71,90,0.0,0.0,10.0,350,16.8,3.65,1012.1,18.2,12.0,22.882248,88.40459
WB-HGL,2023-11-08,24.9,29.8,19.8,68,93,0.0,0.0,8.6,344,17.31,3.66,1011.5,18.0,12.0,22.882248,88.40459
WB-HGL,2023-11-09,25.2,30.3,19.6,68,94,0.0,0.0,7.1,343,17.18,3.67,1012.0,18.5,12.0,22.882248,88.40459
WB-HGL,2023-11-10,24.9,30.1,18.6,70,96,0.0,0.0,11.0,12,17.05,3.72,1013.2,18.7,12.0,22.882248,88.40459
WB-HGL,2023-11-11,24.5,30.1,19.5,75,93,0.0,0.0,9.9,1,16.71,3.63,1013.5,19.2,12.0,22.882248,88.40459
WB-HGL,2023-11-12,24.5,30.3,19.7,73,94,0.0,0.0,11.3,4,16.77,3.73,1013.8,18.9,12.0,22.882248,88.40459
WB-HGL,2023-11-13,24.1,29.9,19.2,73,91,0.0,0.0,12.1,2,16.82,3.75,1013.8,18.5,12.0,22.882248,88.40459
WB-HGL,2023-11-14,23.8,30.0,19.4,74,90,0.0,0.0,10.4,354,16.25,3.59,1013.4,18.6,12.0,22.882248,88.40459
WB-HGL,2023-11-15,24.6,30.2,19.6,72,90,0.0,0.0,11.6,13,14.93,3.44,1013.4,18.9,12.0,22.882248,88.40459
WB-HGL,2023-11-16,24.2,27.1,22.9,78,91,0.6,0.6,15.8,45,7.07,2.13,1013.8,19.9,12.0,22.882248,88.40459
WB-HGL,2023-11-17,24.7,29.6,20.6,77,96,2.8,2.8,27.1,33,15.06,3.69,1011.2,20.1,12.0,22.882248,88.40459
WB-HGL,2023-11-18,23.4,28.8,18.6,80,96,0.0,0.0,8.9,35,15.14,3.13,1012.8,19.3,12.0,22.882248,88.40459
WB-HGL,2023-11-19,23.9,29.4,19.6,78,97,0.0,0.0,9.4,16,14.76,3.19,1013.7,19.4,12.0,22.882248,88.40459
WB-HGL,2023-11-20,23.9,29.5,18.9,73,95,0.0,0.0,9.1,20,15.81,3.45,1013.7,18.2,12.0,22.882248,88.40459
WB-HGL,2023-11-21,24.4,29.9,19.7,70,92,0.0,0.0,9.7,322,14.98,3.34,1012.2,18.2,12.0,22.882248,88.40459
WB-HGL,2023-11-22,23.0,28.8,17.2,71,95,0.0,0.0,10.6,326,15.72,3.42,1011.7,17.0,12.0,22.882248,88.40459
WB-HGL,2023-11-23,22.1,27.7,16.8,74,95,0.0,0.0,9.8,354,15.82,3.33,1011.6,16.7,12.0,22.882248,88.40459
WB-HGL,2023-11-24,22.8,28.2,16.8,71,98,0.0,0.0,10.1,339,15.45,3.32,1012.4,16.7,12.0,22.882248,88.40459
WB-HGL,2023-11-25,22.7,28.6,18.3,72,92,0.0,0.0,10.7,6,15.25,3.41,1014.0,16.9,12.0,22.882248,88.40459
WB-HGL,2023-11-26,22.7,28.8,18.2,75,91,0.0,0.0,12.0,9,15.35,3.35,1014.5,17.6,12.0,22.882248,88.40459
WB-HGL,2023-11-27,23.0,28.7,17.2,74,100,0.0,0.0,7.1,355,13.82,2.79,1013.3,17.6,12.0,22.882248,88.40459
WB-HGL,2023-11-28,23.5,29.2,17.2,70,96,0.0,0.0,9.0,288,15.11,3.2,1011.8,17.1,12.0,22.882248,88.40459
WB-HGL,2023-11-29,23.7,29.6,19.2,74,91,0.0,0.0,8.4,328,12.43,2.81,1012.4,18.4,12.0,22.882248,88.40459
WB-HGL,2023-11-30,23.9,29.6,19.5,75,93,0.0,0.0,9.7,23,14.69,3.22,1013.2,18.7,12.0,22.882248,88.40459
WB-HGL,2023-12-01,23.9,30.2,18.6,67,90,0.0,0.0,13.5,16,14.64,3.56,1012.8,17.0,12.0,22.882248,88.40459
WB-HGL,2023-12-02,24.1,30.0,20.2,70,88,0.0,0.0,14.3,17,14.44,3.36,1012.9,18.1,12.0,22.882248,88.40459
WB-HGL,2023-12-03,24.4,30.3,19.6,72,87,0.0,0.0,11.0,13,13.89,3.25,1013.1,18.6,12.0,22.882248,88.40459
WB-HGL,2023-12-04,23.8,28.1,20.2,73,87,0.0,0.0,11.3,28,7.62,2.1,1012.0,18.6,12.0,22.882248,88.40459
WB-HGL,2023-12-05,23.1,24.3,21.7,70,80,0.0,0.0,13.7,17,3.15,1.57,1011.9,17.3,12.0,22.882248,88.40459
WB-HGL,2023-12-06,22.9,27.2,20.4,76,93,4.8,4.8,16.0,26,9.12,2.55,1013.3,17.9,12.0,22.882248,88.40459
WB-HGL,2023-12-07,19.9,20.9,18.9,93,96,26.5,26.5,15.8,33,3.02,0.77,1011.8,18.6,12.0,22.882248,88.40459
WB-HGL,2023-12-08,21.0,25.3,18.1,84,98,0.0,0.0,13.1,331,10.92,2.27,1011.2,18.0,12.0,22.882248,88.40459
WB-HGL,2023-12-09,20.8,26.3,17.1,80,95,0.0,0.0,12.9,339,14.14,2.82,1012.6,16.9,12.0,22.882248,88.40459
WB-HGL,2023-12-10,19.5,25.8,15.2,71,97,0.0,0.0,10.9,312,14.72,3.09,1012.0,13.5,12.0,22.882248,88.40459
WB-HGL,2023-12-11,18.4,24.8,13.4,73,92,0.0,0.0,13.6,343,14.77,3.03,1013.1,13.0,12.0,22.882248,88.40459
WB-HGL,2023-12-12,18.5,24.7,13.6,79,93,0.0,0.0,9.4,318,14.44,2.72,1011.9,14.4,12.0,22.882248,88.40459
WB-HGL,2023-12-13,18.8,25.1,13.6,70,91,0.0,0.0,10.7,303,14.5,3.0,1013.0,12.6,12.0,22.882248,88.40459
WB-HGL,2023-12-14,18.3,24.9,13.0,73,95,0.0,0.0,9.3,329,14.49,2.87,1015.2,13.0,12.0,22.882248,88.40459
WB-HGL,2023-12-15,17.6,24.2,12.6,75,93,0.0,0.0,12.6,350,14.64,2.89,1015.7,12.8,12.0,22.882248,88.40459
WB-HGL,2023-12-16,18.3,24.6,12.9,70,94,0.0,0.0,9.4,325,14.72,2.82,1014.3,12.0,12.0,22.882248,88.40459
WB-HGL,2023-12-17,17.8,24.5,12.3,73,94,0.0,0.0,9.5,330,14.59,2.85,1014.6,12.3,12.0,22.882248,88.40459
WB-HGL,2023-12-18,17.9,24.5,12.7,73,93,0.0,0.0,10.2,330,14.18,2.86,1015.2,12.5,12.0,22.882248,88.40459
WB-HGL,2023-12-19,17.6,24.0,13.2,69,85,0.0,0.0,10.2,333,14.43,2.95,1015.9,11.5,12.0,22.882248,88.40459
WB-HGL,2023-12-20,18.2,24.8,13.3,74,88,0.0,0.0,10.7,340,14.22,2.88,1015.0,13.1,12.0,22.882248,88.40459
WB-HGL,2023-12-21,18.4,24.5,13.7,76,89,0.0,0.0,9.8,340,13.81,2.71,1014.1,13.8,12.0,22.882248,88.40459
WB-HGL,2023-12-22,19.7,25.9,14.3,77,94,0.0,0.0,8.8,352,12.92,2.6,1014.1,15.2,12.0,22.882248,88.40459
WB-HGL,2023-12-23,20.3,26.3,15.3,78,95,0.0,0.0,10.4,11,11.78,2.46,1015.6,15.8,12.0,22.882248,88.40459
WB-HGL,2023-12-24,19.5,25.3,14.9,83,100,0.0,0.0,9.0,339,13.06,2.53,1016.7,16.1,12.0,22.882248,88.40459
WB-HGL,2023-12-25,20.6,25.8,14.4,74,99,0.0,0.0,7.4,349,13.84,2.67,1016.0,15.3,12.0,22.882248,88.40459
WB-HGL,2023-12-26,20.1,26.2,14.9,77,98,0.0,0.0,9.4,354,13.15,2.69,1016.2,15.5,12.0,22.882248,88.40459
WB-HGL,2023-12-27,20.2,26.3,14.8,78,97,0.0,0.0,9.0,354,12.99,2.66,1016.6,15.9,12.0,22.882248,88.40459
WB-HGL,2023-12-28,20.2,26.3,15.8,79,96,0.0,0.0,9.4,353,13.45,2.71,1015.6,16.0,12.0,22.882248,88.40459
WB-HGL,2023-12-29,20.0,26.6,15.0,76,95,0.0,0.0,10.5,351,14.08,2.94,1015.5,15.2,12.0,22.882248,88.40459
WB-HGL,2023-12-30,20.0,26.3,15.7,77,94,0.0,0.0,12.1,343,14.06,2.89,1014.6,15.4,12.0,22.882248,88.40459
WB-HGL,2023-12-31,19.2,25.7,15.5,79,97,0.0,0.0,10.8,355,13.95,2.76,1014.7,15.1,12.0,22.882248,88.40459
